instance_name,dataset,seed,solver_name,alpha,beta,energy,raw_energy,time,mode,use_local_search,local_search_iterations,eigsh_iterations,warm_start,alpha_index,precision,lambda1,degree_scale,energy_bound,timestamp
er_4194304_1_6.bin.gz,erdos_renyi,42,SpecAnn,0.0,1.0,-1062465470.0000006,-217348868.0000001,0.3550736904144287,0,True,56,33,True,0,32,0.9994361400604248,4194305.0,-441669471909070.8,2025-11-20 18:27:17
er_4194304_1_6.bin.gz,erdos_renyi,42,SpecAnn,0.0887356509416113,1.0,-1062600924.0,-217395140.00000063,0.2299540042877197,0,True,56,33,True,1,32,0.9990591406822203,1504993.75,-158419346764083.44,2025-11-20 18:27:18
er_4194304_1_6.bin.gz,erdos_renyi,42,SpecAnn,0.1254911610276317,1.0,-1062383160.0,-217626882.0000006,0.2301468849182129,0,True,56,33,True,2,32,0.9988367557525636,984444.4375,-103601978414179.88,2025-11-20 18:27:18
er_4194304_1_6.bin.gz,erdos_renyi,42,SpecAnn,0.1536946558735679,1.0,-1062614560.0000004,-218070336.00000072,0.2304749488830566,0,True,56,33,True,3,32,0.9986311197280884,710808.5,-74789397101934.03,2025-11-20 18:27:18
er_4194304_1_6.bin.gz,erdos_renyi,42,SpecAnn,0.1774713018832227,1.0,-1062287792.0000004,-218691184.0000001,0.2308690547943115,0,True,56,33,True,4,32,0.9984297156333924,540161.1875,-56822874246706.09,2025-11-20 18:27:18
er_4194304_1_6.bin.gz,erdos_renyi,42,SpecAnn,0.1984189475331362,1.0,-1062581928.0000002,-219448371.99999964,0.2301969528198242,0,True,56,33,True,5,32,0.9982278943061828,424118.28125,-44606589388402.17,2025-11-20 18:27:19
er_4194304_1_6.bin.gz,erdos_renyi,42,SpecAnn,0.2173570668006655,1.0,-1062566764.0,-220274854.0000004,0.2306313514709472,0,True,56,33,True,6,32,0.9980230927467346,340825.6875,-35838946414516.586,2025-11-20 18:27:19
er_4194304_1_6.bin.gz,erdos_renyi,42,SpecAnn,0.2347724648169381,1.0,-1062680230.0,-221086548.00000024,0.2300946712493896,0,True,56,33,True,7,32,0.9978139400482178,278751.46875,-29305494598108.12,2025-11-20 18:27:19
er_4194304_1_6.bin.gz,erdos_renyi,42,SpecAnn,0.2509823220552634,1.0,-1062373759.9999996,-221984974.0000001,0.2307033538818359,0,True,56,33,True,8,32,0.9975994229316713,231179.90625,-24299010945872.58,2025-11-20 18:27:19
er_4194304_1_6.bin.gz,erdos_renyi,42,SpecAnn,0.2662069528248341,1.0,-1062674629.9999996,-222876156.0000004,0.2302541732788086,0,True,56,33,True,9,32,0.9973788261413574,193921.4375,-20378315890789.527,2025-11-20 18:27:20
er_4194304_1_6.bin.gz,erdos_renyi,42,SpecAnn,0.2806067666331568,1.0,-1062689799.9999998,-223790816.00000045,0.2301976680755615,0,True,56,33,True,10,32,0.9971515536308287,164225.140625,-17253735531734.074,2025-11-20 18:27:20
er_4194304_1_6.bin.gz,erdos_renyi,42,SpecAnn,0.2943028597012718,1.0,-1062540390.0,-224779076.00000063,0.2303094863891601,0,True,56,33,True,11,32,0.9969170093536376,140211.671875,-14727380176242.86,2025-11-20 18:27:20
er_4194304_1_6.bin.gz,erdos_renyi,42,SpecAnn,0.3073893117471359,1.0,-1062875536.0,-225714480.0000007,0.2307040691375732,0,True,56,33,True,12,32,0.9966749548912048,120555.5,-12659684949368.236,2025-11-20 18:27:20
er_4194304_1_6.bin.gz,erdos_renyi,42,SpecAnn,0.3199409394316542,1.0,-1062982518.0,-226788350.0000008,0.2306723594665527,0,True,56,33,True,13,32,0.996424913406372,104297.3828125,-10949651888583.355,2025-11-20 18:27:20
er_4194304_1_6.bin.gz,erdos_renyi,42,SpecAnn,0.3320184038158743,1.0,-1062695570.0,-227912522.00000024,0.2305340766906738,0,True,56,33,True,14,32,0.9961665272712708,90727.3828125,-9522536629563.262,2025-11-20 18:27:21
er_4194304_1_6.bin.gz,erdos_renyi,42,SpecAnn,0.3436716983117353,1.0,-1063203581.9999998,-229058362.00000024,0.2305283546447754,0,True,56,33,True,15,32,0.995899498462677,79310.6484375,-8322031176586.993,2025-11-20 18:27:21
er_4194304_1_6.bin.gz,erdos_renyi,42,SpecAnn,0.3549426037664455,1.0,-1062388430.0,-230169142.0000004,0.2307665348052978,0,True,56,33,True,16,32,0.9956235885620116,69637.515625,-7305009255433.035,2025-11-20 18:27:21
er_4194304_1_6.bin.gz,erdos_renyi,42,SpecAnn,0.3658664615902029,1.0,-1062470574.0,-231385704.00000107,0.2310147285461425,0,True,56,33,True,17,32,0.9953383803367616,61389.78515625,-6437973555601.222,2025-11-20 18:27:21
er_4194304_1_6.bin.gz,erdos_renyi,42,SpecAnn,0.3764734830828951,1.0,-1062940314.0,-232640470.0000002,0.2303805351257324,0,True,56,33,True,18,32,0.995043694972992,54317.34375,-5694597066319.446,2025-11-20 18:27:22
er_4194304_1_6.bin.gz,erdos_renyi,42,SpecAnn,0.3867897351437838,1.0,-1062715643.9999998,-233953482.00000063,0.2308681011199951,0,True,56,33,True,19,32,0.9947391152381896,48221.40625,-5053955237254.513,2025-11-20 18:27:22
er_4194304_1_6.bin.gz,erdos_renyi,42,SpecAnn,0.3968378950662725,1.0,-1062647092.0,-235271840.0000009,0.2305037975311279,0,True,56,33,True,20,32,0.9944244623184204,42942.390625,-4499252239386.065,2025-11-20 18:27:22
er_4194304_1_6.bin.gz,erdos_renyi,42,SpecAnn,0.4066378372811136,1.0,-1062739356.0,-236608346.00000063,0.2308950424194336,0,True,56,33,True,21,32,0.9940994381904602,38351.11328125,-4016891747495.0576,2025-11-20 18:27:22
er_4194304_1_6.bin.gz,erdos_renyi,42,SpecAnn,0.4162070956347247,1.0,-1063084388.0000006,-238010764.00000063,0.2306091785430908,0,True,56,33,True,22,32,0.9937636852264404,34342.125,-3595775849461.769,2025-11-20 18:27:23
er_4194304_1_6.bin.gz,erdos_renyi,42,SpecAnn,0.4255612320274539,1.0,-1062524762.0,-239419482.0000005,0.2304019927978515,0,True,56,33,True,23,32,0.9934170842170716,30828.744140625,-3226783161673.156,2025-11-20 18:27:23
er_4194304_1_6.bin.gz,erdos_renyi,42,SpecAnn,0.434714133601331,1.0,-1062421446.0,-240895998.0000001,0.2307589054107666,0,True,56,33,True,24,32,0.9930590987205504,27739.205078125,-2902361004877.779,2025-11-20 18:27:23
er_4194304_1_6.bin.gz,erdos_renyi,42,SpecAnn,0.4436782547080569,1.0,-1062566698.0,-242384821.9999998,0.230790376663208,0,True,56,33,True,25,32,0.992689609527588,25013.787109375,-2616225953029.3354,2025-11-20 18:27:23
er_4194304_1_6.bin.gz,erdos_renyi,42,SpecAnn,0.4524648157026343,1.0,-1062580156.0000002,-243886067.99999985,0.2308297157287597,0,True,56,33,True,26,32,0.9923083186149596,22602.470703125,-2363115077950.5435,2025-11-20 18:27:23
er_4194304_1_6.bin.gz,erdos_renyi,42,SpecAnn,0.4610839676207039,1.0,-1062945016.0,-245548888.0,0.2306604385375976,0,True,56,33,True,27,32,0.991914927959442,20463.140625,-2138597423188.525,2025-11-20 18:27:24
er_4194304_1_6.bin.gz,erdos_renyi,42,SpecAnn,0.4695449296338763,1.0,-1062940872.0000002,-247139633.9999998,0.2304508686065673,0,True,56,33,True,28,32,0.9915090799331664,18560.19921875,-1938927870456.8103,2025-11-20 18:27:24
er_4194304_1_6.bin.gz,erdos_renyi,42,SpecAnn,0.4778561045889373,1.0,-1062839680.0000002,-248752933.99999952,0.2307195663452148,0,True,56,33,True,29,32,0.9910904169082642,16863.373046875,-1760921712639.5483,2025-11-20 18:27:24
er_4194304_1_6.bin.gz,erdos_renyi,42,SpecAnn,0.4860251767562508,1.0,-1063191903.9999998,-250518388.0000001,0.2307515144348144,0,True,56,33,True,30,32,0.9906587600708008,15346.8544921875,-1601864525901.413,2025-11-20 18:27:24
er_4194304_1_6.bin.gz,erdos_renyi,42,SpecAnn,0.4940591950252281,1.0,-1062893950.0000002,-252308363.99999985,0.2307641506195068,0,True,56,33,True,31,32,0.9902136325836182,13988.5302734375,-1459430144355.3777,2025-11-20 18:27:25
er_4194304_1_6.bin.gz,erdos_renyi,42,SpecAnn,0.5019646441105269,1.0,-1063063288.0,-254146717.99999973,0.2309498786926269,0,True,56,33,True,32,32,0.9897549152374268,12769.388671875,-1331619350338.0928,2025-11-20 18:27:25
er_4194304_1_6.bin.gz,erdos_renyi,42,SpecAnn,0.5097475058154177,1.0,-1062979097.9999998,-256020807.99999964,0.230677843093872,0,True,56,33,True,33,32,0.9892821907997132,11673.0185546875,-1216706115392.395,2025-11-20 18:27:25
er_4194304_1_6.bin.gz,erdos_renyi,42,SpecAnn,0.51741331199832,1.0,-1063060876.0,-258023101.99999943,0.2305014133453369,0,True,56,33,True,34,32,0.9887951016426086,10685.2294921875,-1113198172298.7834,2025-11-20 18:27:25
er_4194304_1_6.bin.gz,erdos_renyi,42,SpecAnn,0.5249671905758515,1.0,-1063120426.0,-260040283.9999999,0.231006383895874,0,True,56,33,True,35,32,0.9882932305336,9793.6884765625,-1019798644444.6246,2025-11-20 18:27:26
er_4194304_1_6.bin.gz,erdos_renyi,42,SpecAnn,0.5324139056496683,1.0,-1062799145.9999996,-262143917.9999998,0.2310659885406494,0,True,56,33,True,36,32,0.9877763390541076,8987.6611328125,-935379037194.7635,2025-11-20 18:27:26
er_4194304_1_6.bin.gz,erdos_renyi,42,SpecAnn,0.5397578926492556,1.0,-1062910170.0,-264300645.99999937,0.2308349609375,0,True,56,33,True,37,32,0.987243950366974,8257.7666015625,-858953016210.4666,2025-11-20 18:27:26
er_4194304_1_6.bin.gz,erdos_renyi,42,SpecAnn,0.5470032892270364,1.0,-1063609278.0,-266489965.99999973,0.2308464050292968,0,True,56,33,True,38,32,0.9866958260536194,7595.80322265625,-789658510887.0259,2025-11-20 18:27:26
er_4194304_1_6.bin.gz,erdos_renyi,42,SpecAnn,0.554153962516942,1.0,-1063230202.0000004,-268727822.0000006,0.2308089733123779,0,True,56,33,True,39,32,0.9861315488815308,6994.55322265625,-726736807091.31,2025-11-20 18:27:26
er_4194304_1_6.bin.gz,erdos_renyi,42,SpecAnn,0.5612135332663137,1.0,-1063286353.9999998,-271165874.0000003,0.2313630580902099,0,True,56,33,True,40,32,0.985550582408905,6447.68603515625,-669522420208.2579,2025-11-20 18:27:27
er_4194304_1_6.bin.gz,erdos_renyi,42,SpecAnn,0.5681853972686127,1.0,-1063454732.0,-273644561.99999964,0.2306456565856933,0,True,56,33,True,41,32,0.9849528074264526,5949.6064453125,-617427523611.835,2025-11-20 18:27:27
er_4194304_1_6.bin.gz,erdos_renyi,42,SpecAnn,0.5750727444570146,1.0,-1063513502.0,-276129067.9999997,0.2310521602630615,0,True,56,33,True,42,32,0.9843375086784364,5495.3671875,-569932043070.8707,2025-11-20 18:27:27
er_4194304_1_6.bin.gz,erdos_renyi,42,SpecAnn,0.5818785759635375,1.0,-1063610074.0000004,-278697776.00000006,0.2309081554412841,0,True,56,33,True,43,32,0.9837044477462769,5080.59619140625,-526576698753.4785,2025-11-20 18:27:27
er_4194304_1_6.bin.gz,erdos_renyi,42,SpecAnn,0.5886057194025436,1.0,-1063545820.0,-281337127.99999934,0.2312557697296142,0,True,56,33,True,44,32,0.9830532670021056,4701.41064453125,-486953577989.7747,2025-11-20 18:27:28
er_4194304_1_6.bin.gz,erdos_renyi,42,SpecAnn,0.5952568425994088,1.0,-1063687850.0000004,-284000971.9999999,0.2311913967132568,0,True,56,33,True,45,32,0.9823833107948304,4354.3466796875,-450698697793.314,2025-11-20 18:27:28
er_4194304_1_6.bin.gz,erdos_renyi,42,SpecAnn,0.6018344659534288,1.0,-1064339318.0,-286837691.9999996,0.230945348739624,0,True,56,33,True,46,32,0.9816943407058716,4036.33642578125,-417489895493.0219,2025-11-20 18:27:28
er_4194304_1_6.bin.gz,erdos_renyi,42,SpecAnn,0.6083409735974393,1.0,-1063803210.0000002,-289681425.99999976,0.231471300125122,0,True,56,33,True,47,32,0.980985701084137,3744.630615234375,-387038336956.9053,2025-11-20 18:27:28
er_4194304_1_6.bin.gz,erdos_renyi,42,SpecAnn,0.6147786234942719,1.0,-1063961426.0,-292744617.9999999,0.2310874462127685,0,True,56,33,True,48,32,0.9802569150924684,3476.774658203125,-359086255507.9101,2025-11-20 18:27:29
er_4194304_1_6.bin.gz,erdos_renyi,42,SpecAnn,0.6211495565912796,1.0,-1063807568.0,-295785633.9999996,0.2310206890106201,0,True,56,33,True,49,32,0.9795076251029968,3230.5732421875,-333403179322.0517,2025-11-20 18:27:29
er_4194304_1_6.bin.gz,erdos_renyi,42,SpecAnn,0.6274558051381586,1.0,-1063887768.0,-298998791.9999997,0.2304913997650146,0,True,56,33,True,50,32,0.9787372350692748,3004.0517578125,-309781762296.27264,2025-11-20 18:27:29
er_4194304_1_6.bin.gz,erdos_renyi,42,SpecAnn,0.6336993002596786,1.0,-1063820588.0,-302148901.9999997,0.2304956912994384,0,True,56,33,True,51,32,0.9779452681541444,2795.445556640625,-288036756812.10376,2025-11-20 18:27:29
er_4194304_1_6.bin.gz,erdos_renyi,42,SpecAnn,0.6398818788633085,1.0,-1064279594.0,-305464652.0000002,0.2307658195495605,0,True,56,33,True,52,32,0.9771310091018676,2603.16015625,-268000749304.9929,2025-11-20 18:27:29
er_4194304_1_6.bin.gz,erdos_renyi,42,SpecAnn,0.6460052899517691,1.0,-1064385398.0,-308888151.9999994,0.2311911582946777,0,True,56,33,True,53,32,0.9762941002845764,2425.761962890625,-249523337590.60483,2025-11-20 18:27:30
er_4194304_1_6.bin.gz,erdos_renyi,42,SpecAnn,0.6520712004019966,1.0,-1064650326.0,-312405620.00000024,0.2310876846313476,0,True,56,33,True,54,32,0.975433886051178,2261.958984375,-232468914927.18884,2025-11-20 18:27:30
er_4194304_1_6.bin.gz,erdos_renyi,42,SpecAnn,0.6580812002646271,1.0,-1064888356.0,-316048007.9999996,0.2306506633758545,0,True,56,33,True,55,32,0.9745496511459352,2110.583984375,-216714980331.2329,2025-11-20 18:27:30
er_4194304_1_6.bin.gz,erdos_renyi,42,SpecAnn,0.6640368076317485,1.0,-1064420958.0,-319739235.99999946,0.2308113574981689,0,True,56,33,True,56,32,0.9736407995224,1970.580078125,-202150665941.76355,2025-11-20 18:27:30
er_4194304_1_6.bin.gz,erdos_renyi,42,SpecAnn,0.6699394731151429,1.0,-1064679584.0,-323571086.0,0.2310032844543457,0,True,56,33,True,57,32,0.9727067947387696,1840.993408203125,-188675933424.89224,2025-11-20 18:27:31
er_4194304_1_6.bin.gz,erdos_renyi,42,SpecAnn,0.6757905839724513,1.0,-1064959666.0,-327393135.99999976,0.2311840057373047,0,True,56,33,True,58,32,0.9717469215393066,1720.9556884765625,-176199708576.19748,2025-11-20 18:27:31
er_4194304_1_6.bin.gz,erdos_renyi,42,SpecAnn,0.6815914679145113,1.0,-1065053708.0,-331441781.9999999,0.2313604354858398,0,True,56,33,True,59,32,0.9707602858543396,1609.68359375,-164639804860.5291,2025-11-20 18:27:31
er_4194304_1_6.bin.gz,erdos_renyi,42,SpecAnn,0.6873433966234707,1.0,-1065017530.0000002,-335597077.9999994,0.2310187816619873,0,True,56,33,True,60,32,0.9697463512420654,1506.4599609375,-153921069278.75388,2025-11-20 18:27:31
er_4194304_1_6.bin.gz,erdos_renyi,42,SpecAnn,0.6930475890080863,1.0,-1065321099.9999998,-339898860.0,0.2312793731689453,0,True,56,33,True,61,32,0.9687042832374572,1410.637939453125,-143975668693.52856,2025-11-20 18:27:32
er_4194304_1_6.bin.gz,erdos_renyi,42,SpecAnn,0.6987052142198116,1.0,-1065199296.0,-344153564.0000002,0.2310259342193603,0,True,56,33,True,62,32,0.9676333069801332,1321.6248779296875,-134741487674.77794,2025-11-20 18:27:32
er_4194304_1_6.bin.gz,erdos_renyi,42,SpecAnn,0.7043173944508145,1.0,-1065838566.0,-348677562.0000002,0.2306435108184814,0,True,56,33,True,63,32,0.9665325284004213,1238.882080078125,-126162059501.92514,2025-11-20 18:27:32
er_4194304_1_6.bin.gz,erdos_renyi,42,SpecAnn,0.709885207532891,1.0,-1065507312.0,-353324019.99999976,0.2306296825408935,0,True,56,33,True,64,32,0.96540105342865,1161.918701171875,-118185945589.56676,2025-11-20 18:27:32
er_4194304_1_6.bin.gz,erdos_renyi,42,SpecAnn,0.7154096893543218,1.0,-1065761098.0,-358054014.0000002,0.2309355735778808,0,True,56,33,True,65,32,0.9642380475997924,1090.2847900390625,-110766017641.86664,2025-11-20 18:27:32
er_4194304_1_6.bin.gz,erdos_renyi,42,SpecAnn,0.7208918361100219,1.0,-1065879062.0,-362906039.9999997,0.2310528755187988,0,True,56,33,True,66,32,0.9630424976348876,1023.5714111328124,-103859427368.9958,2025-11-20 18:27:33
er_4194304_1_6.bin.gz,erdos_renyi,42,SpecAnn,0.7263326063988248,1.0,-1066202908.0000002,-367934888.0,0.2307090759277343,0,True,56,33,True,67,32,0.9618134498596193,961.4027709960938,-97426822715.39674,2025-11-20 18:27:33
er_4194304_1_6.bin.gz,erdos_renyi,42,SpecAnn,0.7317329231804058,1.0,-1066420236.0,-373042876.0000001,0.230954885482788,0,True,56,33,True,68,32,0.9605498909950256,903.435546875,-91432253886.83257,2025-11-20 18:27:33
er_4194304_1_6.bin.gz,erdos_renyi,42,SpecAnn,0.7370936756031579,1.0,-1066569740.0000004,-378411432.0000006,0.2311146259307861,0,True,56,33,True,69,32,0.959250509738922,849.354248046875,-85842671745.71208,2025-11-20 18:27:33
er_4194304_1_6.bin.gz,erdos_renyi,42,SpecAnn,0.7424157207132704,1.0,-1066533934.0000002,-383959810.0000007,0.2312345504760742,0,True,56,33,True,70,32,0.9579142332077026,798.8709106445312,-80627938870.60498,2025-11-20 18:27:34
er_4194304_1_6.bin.gz,erdos_renyi,42,SpecAnn,0.7476998850543153,1.0,-1067024756.0,-389732736.0000009,0.2312965393066406,0,True,56,33,True,71,32,0.9565398693084716,751.7203979492188,-75760308696.82169,2025-11-20 18:27:34
er_4194304_1_6.bin.gz,erdos_renyi,42,SpecAnn,0.7529469661657903,1.0,-1066486956.0,-395616806.0000009,0.2311735153198242,0,True,56,33,True,72,32,0.955126166343689,707.6583251953125,-71214214350.1347,2025-11-20 18:27:34
er_4194304_1_6.bin.gz,erdos_renyi,42,SpecAnn,0.7581577339883167,1.0,-1066400562.0,-401517156.0000003,0.230870246887207,0,True,56,33,True,73,32,0.9536715745925904,666.4617919921875,-66966317682.722015,2025-11-20 18:27:34
er_4194304_1_6.bin.gz,erdos_renyi,42,SpecAnn,0.7633329321824984,1.0,-1067488874.0,-407874414.0000004,0.2312743663787841,0,True,56,33,True,74,32,0.9521747827529908,627.9246826171875,-62995068771.6045,2025-11-20 18:27:35
er_4194304_1_6.bin.gz,erdos_renyi,42,SpecAnn,0.7684732793678399,1.0,-1067638908.0,-414269270.0000001,0.231013536453247,0,True,56,33,True,75,32,0.9506343007087708,591.8566284179688,-59280563105.949455,2025-11-20 18:27:35
er_4194304_1_6.bin.gz,erdos_renyi,42,SpecAnn,0.7735794702875677,1.0,-1067591690.0,-420944572.0000004,0.2307193279266357,0,True,56,33,True,76,32,0.9490482807159424,558.08349609375,-55804575704.28358,2025-11-20 18:27:35
er_4194304_1_6.bin.gz,erdos_renyi,42,SpecAnn,0.7786521769046981,1.0,-1068169916.0000004,-427749402.0000008,0.230950117111206,0,True,56,33,True,77,32,0.9474151134490968,526.4440307617188,-52550256267.282814,2025-11-20 18:27:35
er_4194304_1_6.bin.gz,erdos_renyi,42,SpecAnn,0.7836920494342511,1.0,-1068482834.0000004,-434836094.0000005,0.2311158180236816,0,True,56,33,True,78,32,0.9457330703735352,496.7896118164063,-49502075217.15424,2025-11-20 18:27:35
er_4194304_1_6.bin.gz,erdos_renyi,42,SpecAnn,0.788699717316095,1.0,-1068098436.0,-442015681.99999934,0.231541633605957,0,True,56,33,True,79,32,0.9439999461174012,468.9827270507813,-46645649142.499466,2025-11-20 18:27:36
er_4194304_1_6.bin.gz,erdos_renyi,42,SpecAnn,0.7936757901325451,1.0,-1068778767.9999996,-449584841.9999994,0.2308461666107177,0,True,56,33,True,80,32,0.9422138333320618,442.8970336914063,-43967783431.79502,2025-11-20 18:27:36
er_4194304_1_6.bin.gz,erdos_renyi,42,SpecAnn,0.7986208584745024,1.0,-1068976258.0,-457507919.9999997,0.2311947345733642,0,True,56,33,True,81,32,0.940372347831726,418.4144287109375,-41456136588.80607,2025-11-20 18:27:36
er_4194304_1_6.bin.gz,erdos_renyi,42,SpecAnn,0.803535494759617,1.0,-1069566300.0,-465429087.9999996,0.2313005924224853,0,True,56,33,True,82,32,0.9384732246398926,395.427001953125,-39099439574.19894,2025-11-20 18:27:36
er_4194304_1_6.bin.gz,erdos_renyi,42,SpecAnn,0.8084202540056837,1.0,-1069836438.0000002,-473654607.9999999,0.2314848899841308,0,True,56,33,True,83,32,0.9365138411521912,373.8343811035156,-36887206328.110245,2025-11-20 18:27:37
er_4194304_1_6.bin.gz,erdos_renyi,42,SpecAnn,0.8132756745622272,1.0,-1070118480.0000002,-482196041.9999996,0.2312097549438476,0,True,56,33,True,84,32,0.9344914555549622,353.5429992675781,-34809669576.52787,2025-11-20 18:27:37
er_4194304_1_6.bin.gz,erdos_renyi,42,SpecAnn,0.8181022788030096,1.0,-1070684048.0000002,-491252128.0,0.2308166027069091,0,True,56,33,True,85,32,0.9324029684066772,334.4670104980469,-32857858879.382355,2025-11-20 18:27:37
er_4194304_1_6.bin.gz,erdos_renyi,42,SpecAnn,0.822900573781978,1.0,-1071120656.0000002,-500611400.00000006,0.2312746047973632,0,True,56,33,True,86,32,0.930245280265808,316.52642822265625,-31023427430.72344,2025-11-20 18:27:37
er_4194304_1_6.bin.gz,erdos_renyi,42,SpecAnn,0.8276710518549868,1.0,-1071246804.0,-510310343.9999999,0.230891466140747,0,True,56,33,True,87,32,0.9280149936676024,299.6470642089844,-29298632088.56939,2025-11-20 18:27:38
er_4194304_1_6.bin.gz,erdos_renyi,42,SpecAnn,0.8324141912694495,1.0,-1072086466.0,-520556394.0,0.2313272953033447,0,True,56,33,True,88,32,0.9257083535194396,283.7598571777344,-27676263947.232925,2025-11-20 18:27:38
er_4194304_1_6.bin.gz,erdos_renyi,42,SpecAnn,0.8371304567239225,1.0,-1072239966.0,-531258050.0,0.2312979698181152,0,True,56,33,True,89,32,0.92332124710083,268.80108642578125,-26149667635.42615,2025-11-20 18:27:38
er_4194304_1_6.bin.gz,erdos_renyi,42,SpecAnn,0.8418202998994706,1.0,-1073153446.0,-542314683.9999998,0.2311513423919677,0,True,56,33,True,90,32,0.9208493232727052,254.71090698242188,-24712600000.17888,2025-11-20 18:27:38
er_4194304_1_6.bin.gz,erdos_renyi,42,SpecAnn,0.846484159964536,1.0,-1073206380.0,-553879096.0000004,0.2314558029174804,0,True,56,33,True,91,32,0.918287754058838,241.4342193603516,-23359306287.61179,2025-11-20 18:27:39
er_4194304_1_6.bin.gz,erdos_renyi,42,SpecAnn,0.8511224640549078,1.0,-1074611188.0,-566211078.0,0.2312688827514648,0,True,56,33,True,92,32,0.9156313538551332,228.9197692871093,-22084434314.558727,2025-11-20 18:27:39
er_4194304_1_6.bin.gz,erdos_renyi,42,SpecAnn,0.8557356277302758,1.0,-1075316520.0,-578899228.0,0.2315566539764404,0,True,56,33,True,93,32,0.9128744602203368,217.1193389892578,-20882951945.71296,2025-11-20 18:27:39
er_4194304_1_6.bin.gz,erdos_renyi,42,SpecAnn,0.8603240554087516,1.0,-1075949000.0,-592088866.0,0.2315528392791748,0,True,56,33,True,94,32,0.910010814666748,205.98828125,-19750195167.16901,2025-11-20 18:27:39
er_4194304_1_6.bin.gz,erdos_renyi,42,SpecAnn,0.86488814078064,1.0,-1076571486.0,-606008938.0000001,0.2313418388366699,0,True,56,33,True,95,32,0.9070335626602172,195.4853973388672,-18681855255.92807,2025-11-20 18:27:39
er_4194304_1_6.bin.gz,erdos_renyi,42,SpecAnn,0.8694282672026621,1.0,-1077617744.0,-620810344.0000001,0.2314469814300537,0,True,56,33,True,96,32,0.9039351940155028,185.57164001464844,-17673852478.875443,2025-11-20 18:27:40
er_4194304_1_6.bin.gz,erdos_renyi,42,SpecAnn,0.8739448080737451,1.0,-1078763036.0,-636276852.0000004,0.230872631072998,0,True,56,33,True,97,32,0.9007073044776917,176.21096801757812,-16722413028.026035,2025-11-20 18:27:40
er_4194304_1_6.bin.gz,erdos_renyi,42,SpecAnn,0.878438127193422,1.0,-1079900174.0,-652357616.0000001,0.2311146259307861,0,True,56,33,True,98,32,0.8973405957221985,167.3696746826172,-15824005012.436377,2025-11-20 18:27:40
er_4194304_1_6.bin.gz,erdos_renyi,42,SpecAnn,0.8829085791038153,1.0,-1080851794.0000002,-669351624.0,0.231137990951538,0,True,56,33,True,99,32,0.8938249945640564,159.01620483398438,-14975323166.463848,2025-11-20 18:27:40
er_4194304_1_6.bin.gz,erdos_renyi,42,SpecAnn,0.8873565094161138,1.0,-1082847318.0000002,-687075944.0000004,0.2313814163208007,0,True,56,33,True,100,32,0.8901488780975342,151.12123107910156,-14173282900.10332,2025-11-20 18:27:41
er_4194304_1_6.bin.gz,erdos_renyi,42,SpecAnn,0.8917822551223932,1.0,-1084368574.0000002,-705926730.0000001,0.2309937477111816,0,True,56,33,True,101,32,0.886299729347229,143.65724182128906,-13414993440.87115,2025-11-20 18:27:41
er_4194304_1_6.bin.gz,erdos_renyi,42,SpecAnn,0.8961861448935777,1.0,-1086006214.0,-725538260.0000001,0.2314317226409912,0,True,56,33,True,102,32,0.8822630047798157,136.59861755371094,-12697747798.790512,2025-11-20 18:27:41
er_4194304_1_6.bin.gz,erdos_renyi,42,SpecAnn,0.9005684993642872,1.0,-1088012046.0000002,-746063769.9999998,0.2313284873962402,0,True,56,33,True,103,32,0.8780226707458496,129.92140197753906,-12019011539.686378,2025-11-20 18:27:41
er_4194304_1_6.bin.gz,erdos_renyi,42,SpecAnn,0.9049296314052688,1.0,-1090426420.0000002,-767446250.0000005,0.2315986156463623,0,True,56,33,True,104,32,0.8735605478286743,123.6029281616211,-11376380138.619072,2025-11-20 18:27:42
er_4194304_1_6.bin.gz,erdos_renyi,42,SpecAnn,0.9092698463840684,1.0,-1093172688.0000005,-789720998.0000004,0.2316334247589111,0,True,56,33,True,105,32,0.8688557147979736,117.62230682373048,-10767618964.68628,2025-11-20 18:27:42
er_4194304_1_6.bin.gz,erdos_renyi,42,SpecAnn,0.9135894424145556,1.0,-1095719785.9999995,-813131340.0000002,0.2311460971832275,0,True,56,33,True,106,32,0.8638848066329956,111.95993041992188,-10190624051.184685,2025-11-20 18:27:42
er_4194304_1_6.bin.gz,erdos_renyi,42,SpecAnn,0.9178887105958816,1.0,-1098842138.0,-836981910.0000001,0.2311313152313232,0,True,56,33,True,107,32,0.8586207032203674,106.59719848632812,-9643384232.628658,2025-11-20 18:27:42
er_4194304_1_6.bin.gz,erdos_renyi,42,SpecAnn,0.922167935241408,1.0,-1102303990.0,-861503337.9999996,0.2312817573547363,0,True,56,33,True,108,32,0.8530322313308716,101.51690673828124,-9124018167.022429,2025-11-20 18:27:42
er_4194304_1_6.bin.gz,erdos_renyi,42,SpecAnn,0.92642739409812,1.0,-1106193438.0000002,-886681824.0000002,0.2319099903106689,0,True,56,33,True,109,32,0.847083568572998,96.70295715332033,-8630746018.3117,2025-11-20 18:27:43
er_4194304_1_6.bin.gz,erdos_renyi,42,SpecAnn,0.9306673585570006,1.0,-1110445168.0,-912270476.0,0.4493367671966553,0,True,56,65,True,110,32,0.8407328724861145,92.1400146484375,-8161850389.169471,2025-11-20 18:27:43
er_4194304_1_6.bin.gz,erdos_renyi,42,SpecAnn,0.9348880938548184,1.0,-1115457742.0000002,-937372794.0,0.449258804321289,0,True,56,65,True,111,32,0.8339304327964783,87.81392669677734,-7715703756.465458,2025-11-20 18:27:44
er_4194304_1_6.bin.gz,erdos_renyi,42,SpecAnn,0.9390898592677528,1.0,-1120395770.0,-961803772.0000004,0.6683542728424072,0,True,56,97,True,112,32,0.8266187310218811,83.71129608154297,-7290740359.871836,2025-11-20 18:27:44
er_4194304_1_6.bin.gz,erdos_renyi,42,SpecAnn,0.9432729082972536,1.0,-1125406640.0,-984029100.0,1.1048352718353271,0,True,56,161,True,113,32,0.8187279105186462,79.819580078125,-6885434616.173483,2025-11-20 18:27:45
er_4194304_1_6.bin.gz,erdos_renyi,42,SpecAnn,0.9474374888485204,1.0,-1127760858.0,-997375950.0,2.412616491317749,0,True,56,353,True,114,32,0.8101727366447449,76.12700653076172,-6498284204.736993,2025-11-20 18:27:48
er_4194304_1_6.bin.gz,erdos_renyi,42,SpecAnn,0.9515838434019476,1.0,-1121812106.0,-981821162.0,7.002564191818237,0,True,56,1025,True,115,32,0.8009271025657654,72.62246704101562,-6128388829.295494,2025-11-20 18:27:55
er_4194304_1_6.bin.gz,erdos_renyi,42,SpecAnn,0.9557122091778746,1.0,-1121069510.0000002,-979312314.0,1.980588436126709,0,True,56,289,True,116,32,0.7912203669548035,69.295654296875,-5776779381.49578,2025-11-20 18:27:57
er_4194304_1_6.bin.gz,erdos_renyi,42,SpecAnn,0.9598228182949629,1.0,-1120992296.0,-978695826.0,0.8880789279937744,0,True,56,129,True,117,32,0.7810840606689453,66.13668060302734,-5442801470.241518,2025-11-20 18:27:58
er_4194304_1_6.bin.gz,erdos_renyi,42,SpecAnn,0.963915897922488,1.0,-1120866824.0,-978225328.0,1.1067373752593994,0,True,56,161,True,118,32,0.7705016136169434,63.136451721191406,-5125497753.830058,2025-11-20 18:27:59
er_4194304_1_6.bin.gz,erdos_renyi,42,SpecAnn,0.967991670426842,1.0,-1120803418.0000002,-977976266.0,1.106562852859497,0,True,56,161,True,119,32,0.7594552636146545,60.28624725341797,-4823949703.082076,2025-11-20 18:28:00
er_4194304_1_6.bin.gz,erdos_renyi,42,SpecAnn,0.9720503535125016,1.0,-1120644110.0000002,-978007462.0,5.923142671585083,0,True,56,865,True,120,32,0.7479260563850403,57.577919006347656,-4537294326.466107,2025-11-20 18:28:06
er_4194304_1_6.bin.gz,erdos_renyi,42,SpecAnn,0.9760921603577252,1.0,-1120674070.0,-977879994.0,0.4507944583892822,0,True,56,65,True,121,32,0.7358959913253784,55.00387954711914,-4264735326.9430943,2025-11-20 18:28:06
er_4194304_1_6.bin.gz,erdos_renyi,42,SpecAnn,0.9801172997452104,1.0,-1120616144.0,-977723874.0,0.4505319595336914,0,True,56,65,True,122,32,0.7233437299728394,52.55683898925781,-4005495814.8621945,2025-11-20 18:28:07
er_4194304_1_6.bin.gz,erdos_renyi,42,SpecAnn,0.9841259761879442,1.0,-1120536254.0,-977641328.0,0.6697633266448975,0,True,56,97,True,123,32,0.7102499008178711,50.23007583618164,-3758870292.315844,2025-11-20 18:28:07
er_4194304_1_6.bin.gz,erdos_renyi,42,SpecAnn,0.9881183900504562,1.0,-1120508408.0,-977514128.0,0.4511172771453857,0,True,56,65,True,124,32,0.6965928673744202,48.017120361328125,-3524174941.2404447,2025-11-20 18:28:08
er_4194304_1_6.bin.gz,erdos_renyi,42,SpecAnn,0.9920947376656812,1.0,-1120440354.0,-977349404.0000002,0.8891239166259766,0,True,56,129,True,125,32,0.6823498606681824,45.9119873046875,-3300771972.704298,2025-11-20 18:28:09
er_4194304_1_6.bin.gz,erdos_renyi,42,SpecAnn,0.9960552114476228,1.0,-1120286074.0000002,-977254954.0,0.669863224029541,0,True,56,97,True,126,32,0.6674992442131042,43.90900039672852,-3088066561.9257226,2025-11-20 18:28:09
er_4194304_1_6.bin.gz,erdos_renyi,42,SpecAnn,1.0,1.0,-1120211834.0000002,-977184140.0,0.4508802890777588,0,True,56,65,True,127,32,0.6520163416862488,42.00273513793945,-2885482047.426588,2025-11-20 18:28:10
er_4194304_1_6.bin.gz,erdos_renyi,43,SpecAnn,0.0,1.0,-1063036538.0,-217344330.0000004,0.3549432754516601,0,True,79,33,True,0,32,0.9994361400604248,4194305.0,-441669035947310.9,2025-11-20 18:28:46
er_4194304_1_6.bin.gz,erdos_renyi,43,SpecAnn,0.0887356509416113,1.0,-1062408762.0,-217395140.0,0.2313761711120605,0,True,79,33,True,1,32,0.9990590810775756,1504994.0,-158419207256171.97,2025-11-20 18:28:46
er_4194304_1_6.bin.gz,erdos_renyi,43,SpecAnn,0.1254911610276317,1.0,-1062338622.0000002,-217626882.0000001,0.2317535877227783,0,True,79,33,True,2,32,0.9988368153572084,984444.5,-103601888910831.84,2025-11-20 18:28:46
er_4194304_1_6.bin.gz,erdos_renyi,43,SpecAnn,0.1536946558735679,1.0,-1062371146.0000002,-218070466.0000001,0.2340126037597656,0,True,79,33,True,3,32,0.9986311197280884,710808.5,-74789323279043.25,2025-11-20 18:28:47
er_4194304_1_6.bin.gz,erdos_renyi,43,SpecAnn,0.1774713018832227,1.0,-1062563404.0,-218690872.0000004,0.2320563793182373,0,True,79,33,True,4,32,0.9984297156333924,540161.25,-56822824732908.62,2025-11-20 18:28:47
er_4194304_1_6.bin.gz,erdos_renyi,43,SpecAnn,0.1984189475331362,1.0,-1062091206.0000006,-219448372.00000003,0.2319450378417968,0,True,79,33,True,5,32,0.9982278943061828,424118.375,-44606555218400.77,2025-11-20 18:28:47
er_4194304_1_6.bin.gz,erdos_renyi,43,SpecAnn,0.2173570668006655,1.0,-1062117760.0,-220274854.00000003,0.2320625782012939,0,True,79,33,True,6,32,0.9980231523513794,340825.78125,-35838923037228.13,2025-11-20 18:28:47
er_4194304_1_6.bin.gz,erdos_renyi,43,SpecAnn,0.2347724648169381,1.0,-1062055526.0000002,-221086548.0,0.2321422100067138,0,True,79,33,True,7,32,0.9978139400482178,278751.5625,-29305475527375.965,2025-11-20 18:28:48
er_4194304_1_6.bin.gz,erdos_renyi,43,SpecAnn,0.2509823220552634,1.0,-1062123240.0000002,-221985426.00000003,0.2319405078887939,0,True,79,33,True,8,32,0.997599482536316,231179.96875,-24298994981981.76,2025-11-20 18:28:48
er_4194304_1_6.bin.gz,erdos_renyi,43,SpecAnn,0.2662069528248341,1.0,-1062298228.0000002,-222875604.0000002,0.2321383953094482,0,True,79,33,True,9,32,0.9973788857460022,193921.5,-20378303561489.367,2025-11-20 18:28:48
er_4194304_1_6.bin.gz,erdos_renyi,43,SpecAnn,0.2806067666331568,1.0,-1062217008.0,-223789779.9999998,0.2318513393402099,0,True,79,33,True,10,32,0.997151494026184,164225.203125,-17253724035965.092,2025-11-20 18:28:48
er_4194304_1_6.bin.gz,erdos_renyi,43,SpecAnn,0.2943028597012718,1.0,-1062539108.0,-224779122.0,0.2321724891662597,0,True,79,33,True,11,32,0.9969170093536376,140211.703125,-14727368921580.809,2025-11-20 18:28:49
er_4194304_1_6.bin.gz,erdos_renyi,43,SpecAnn,0.3073893117471359,1.0,-1062712790.0000004,-225714480.0000002,0.2321944236755371,0,True,79,33,True,12,32,0.9966749548912048,120555.5390625,-12659676555283.186,2025-11-20 18:28:49
er_4194304_1_6.bin.gz,erdos_renyi,43,SpecAnn,0.3199409394316542,1.0,-1062472128.0,-226787464.0000001,0.2318878173828125,0,True,79,33,True,13,32,0.996424913406372,104297.3984375,-10949642720821.932,2025-11-20 18:28:49
er_4194304_1_6.bin.gz,erdos_renyi,43,SpecAnn,0.3320184038158743,1.0,-1062770360.0000002,-227912522.0,0.2320308685302734,0,True,79,33,True,14,32,0.9961665868759156,90727.40625,-9522530259801.408,2025-11-20 18:28:49
er_4194304_1_6.bin.gz,erdos_renyi,43,SpecAnn,0.3436716983117353,1.0,-1062517723.9999998,-229058362.0000001,0.2320349216461181,0,True,79,33,True,15,32,0.9958995580673218,79310.671875,-8322025919459.53,2025-11-20 18:28:50
er_4194304_1_6.bin.gz,erdos_renyi,43,SpecAnn,0.3549426037664455,1.0,-1062107446.0,-230169142.0000001,0.232389211654663,0,True,79,33,True,16,32,0.9956235885620116,69637.546875,-7305005322963.664,2025-11-20 18:28:50
er_4194304_1_6.bin.gz,erdos_renyi,43,SpecAnn,0.3658664615902029,1.0,-1062536374.0000002,-231385703.9999998,0.2318730354309082,0,True,79,33,True,17,32,0.9953383803367616,61389.80859375,-6437969658724.277,2025-11-20 18:28:50
er_4194304_1_6.bin.gz,erdos_renyi,43,SpecAnn,0.3764734830828951,1.0,-1062480118.0,-232640469.9999999,0.2325303554534912,0,True,79,33,True,18,32,0.9950436353683472,54317.36328125,-5694593151841.263,2025-11-20 18:28:50
er_4194304_1_6.bin.gz,erdos_renyi,43,SpecAnn,0.3867897351437838,1.0,-1062882972.0,-233953481.9999999,0.232025146484375,0,True,79,33,True,19,32,0.9947391748428344,48221.41796875,-5053951779653.183,2025-11-20 18:28:50
er_4194304_1_6.bin.gz,erdos_renyi,43,SpecAnn,0.3968378950662725,1.0,-1062677822.0000004,-235271839.99999967,0.2320337295532226,0,True,79,33,True,20,32,0.9944244623184204,42942.41015625,-4499249844645.829,2025-11-20 18:28:51
er_4194304_1_6.bin.gz,erdos_renyi,43,SpecAnn,0.4066378372811136,1.0,-1062692427.9999998,-236608715.99999985,0.2323760986328125,0,True,79,33,True,21,32,0.9940994381904602,38351.125,-4016889009933.2446,2025-11-20 18:28:51
er_4194304_1_6.bin.gz,erdos_renyi,43,SpecAnn,0.4162070956347247,1.0,-1062554064.0,-238010763.99999988,0.2318096160888672,0,True,79,33,True,22,32,0.9937636852264404,34342.140625,-3595773936160.844,2025-11-20 18:28:51
er_4194304_1_6.bin.gz,erdos_renyi,43,SpecAnn,0.4255612320274539,1.0,-1062618078.0,-239418559.99999985,0.2325873374938964,0,True,79,33,True,23,32,0.9934170246124268,30828.75390625,-3226780805131.6978,2025-11-20 18:28:51
er_4194304_1_6.bin.gz,erdos_renyi,43,SpecAnn,0.434714133601331,1.0,-1062600840.0000002,-240895998.0000001,0.232140302658081,0,True,79,33,True,24,32,0.9930590987205504,27739.21484375,-2902359161803.243,2025-11-20 18:28:52
er_4194304_1_6.bin.gz,erdos_renyi,43,SpecAnn,0.4436782547080569,1.0,-1062647322.0000002,-242384822.0000001,0.2320582866668701,0,True,79,33,True,25,32,0.992689609527588,25013.798828125,-2616224596291.736,2025-11-20 18:28:52
er_4194304_1_6.bin.gz,erdos_renyi,43,SpecAnn,0.4524648157026343,1.0,-1062407156.0,-243885846.0000001,0.2319333553314209,0,True,79,33,True,26,32,0.9923083186149596,22602.48046875,-2363113766380.745,2025-11-20 18:28:52
er_4194304_1_6.bin.gz,erdos_renyi,43,SpecAnn,0.4610839676207039,1.0,-1062858102.0,-245548124.0000001,0.2321712970733642,0,True,79,33,True,27,32,0.991914927959442,20463.1484375,-2138596128709.7869,2025-11-20 18:28:52
er_4194304_1_6.bin.gz,erdos_renyi,43,SpecAnn,0.4695449296338763,1.0,-1062345198.0,-247139634.0000001,0.2320895195007324,0,True,79,33,True,28,32,0.9915090203285216,18560.208984375,-1938926860211.3333,2025-11-20 18:28:53
er_4194304_1_6.bin.gz,erdos_renyi,43,SpecAnn,0.4778561045889373,1.0,-1062386790.0,-248750085.9999999,0.2321455478668213,0,True,79,33,True,29,32,0.9910904169082642,16863.380859375,-1760920790277.117,2025-11-20 18:28:53
er_4194304_1_6.bin.gz,erdos_renyi,43,SpecAnn,0.4860251767562508,1.0,-1062792692.0000002,-250518388.0000004,0.2324841022491455,0,True,79,33,True,30,32,0.9906587600708008,15346.861328125,-1601863658254.4153,2025-11-20 18:28:53
er_4194304_1_6.bin.gz,erdos_renyi,43,SpecAnn,0.4940591950252281,1.0,-1063143400.0,-252308364.0,0.2321605682373047,0,True,79,33,True,31,32,0.9902136921882628,13988.53515625,-1459429301059.676,2025-11-20 18:28:53
er_4194304_1_6.bin.gz,erdos_renyi,43,SpecAnn,0.5019646441105269,1.0,-1062737072.0000004,-254146252.0,0.2321429252624511,0,True,79,33,True,32,32,0.9897549748420716,12769.3955078125,-1331618828985.131,2025-11-20 18:28:53
er_4194304_1_6.bin.gz,erdos_renyi,43,SpecAnn,0.5097475058154177,1.0,-1063423542.0,-256020807.99999985,0.2321619987487793,0,True,79,33,True,33,32,0.9892821907997132,11673.025390625,-1216705626934.9238,2025-11-20 18:28:54
er_4194304_1_6.bin.gz,erdos_renyi,43,SpecAnn,0.51741331199832,1.0,-1062816490.0000002,-258023102.0000001,0.2321202754974365,0,True,79,33,True,34,32,0.988795042037964,10685.234375,-1113197515078.7937,2025-11-20 18:28:54
er_4194304_1_6.bin.gz,erdos_renyi,43,SpecAnn,0.5249671905758515,1.0,-1063367442.0,-260040284.0000004,0.2321062088012695,0,True,79,33,True,35,32,0.9882932305336,9793.6943359375,-1019798247950.144,2025-11-20 18:28:54
er_4194304_1_6.bin.gz,erdos_renyi,43,SpecAnn,0.5324139056496683,1.0,-1062849850.0000004,-262143918.0,0.2319016456604004,0,True,79,33,True,36,32,0.9877763390541076,8987.666015625,-935378622075.4677,2025-11-20 18:28:54
er_4194304_1_6.bin.gz,erdos_renyi,43,SpecAnn,0.5397578926492556,1.0,-1063009723.9999996,-264300646.0,0.2322635650634765,0,True,79,33,True,37,32,0.987243950366974,8257.7705078125,-858952574676.0607,2025-11-20 18:28:55
er_4194304_1_6.bin.gz,erdos_renyi,43,SpecAnn,0.5470032892270364,1.0,-1063191218.0,-266490353.99999973,0.2318551540374755,0,True,79,33,True,38,32,0.9866958260536194,7595.80712890625,-789658137526.0391,2025-11-20 18:28:55
er_4194304_1_6.bin.gz,erdos_renyi,43,SpecAnn,0.554153962516942,1.0,-1063111128.0,-268727822.00000024,0.2327861785888672,0,True,79,33,True,39,32,0.986131489276886,6994.5576171875,-726736502413.1509,2025-11-20 18:28:55
er_4194304_1_6.bin.gz,erdos_renyi,43,SpecAnn,0.5612135332663137,1.0,-1063397074.0,-271165874.0000001,0.2320210933685302,0,True,79,33,True,40,32,0.985550582408905,6447.689453125,-669522114256.8186,2025-11-20 18:28:55
er_4194304_1_6.bin.gz,erdos_renyi,43,SpecAnn,0.5681853972686127,1.0,-1063738586.0,-273644905.99999994,0.2324488162994384,0,True,79,33,True,41,32,0.9849528074264526,5949.609375,-617427218194.8751,2025-11-20 18:28:56
er_4194304_1_6.bin.gz,erdos_renyi,43,SpecAnn,0.5750727444570146,1.0,-1063586952.0,-276129067.9999996,0.2320945262908935,0,True,79,33,True,42,32,0.984337568283081,5495.37060546875,-569931869497.058,2025-11-20 18:28:56
er_4194304_1_6.bin.gz,erdos_renyi,43,SpecAnn,0.5818785759635375,1.0,-1063398280.0,-278697775.9999999,0.2323930263519287,0,True,79,33,True,43,32,0.9837044477462769,5080.599609375,-526576533235.6333,2025-11-20 18:28:56
er_4194304_1_6.bin.gz,erdos_renyi,43,SpecAnn,0.5886057194025436,1.0,-1063780944.0,-281336736.0000002,0.232410192489624,0,True,79,33,True,44,32,0.9830532073974608,4701.4130859375,-486953320675.0665,2025-11-20 18:28:56
er_4194304_1_6.bin.gz,erdos_renyi,43,SpecAnn,0.5952568425994088,1.0,-1063665466.0,-283998341.99999946,0.2322957515716552,0,True,79,33,True,45,32,0.9823833107948304,4354.349609375,-450698556157.3944,2025-11-20 18:28:56
er_4194304_1_6.bin.gz,erdos_renyi,43,SpecAnn,0.6018344659534288,1.0,-1063584846.0,-286837691.9999997,0.2323431968688964,0,True,79,33,True,46,32,0.9816942811012268,4036.339111328125,-417489735823.58734,2025-11-20 18:28:57
er_4194304_1_6.bin.gz,erdos_renyi,43,SpecAnn,0.6083409735974393,1.0,-1063663120.0000002,-289681425.99999976,0.2327451705932617,0,True,79,33,True,47,32,0.980985701084137,3744.633056640625,-387038207259.42346,2025-11-20 18:28:57
er_4194304_1_6.bin.gz,erdos_renyi,43,SpecAnn,0.6147786234942719,1.0,-1063861112.0,-292744617.9999993,0.2322835922241211,0,True,79,33,True,48,32,0.9802568554878236,3476.77685546875,-359086106164.3732,2025-11-20 18:28:57
er_4194304_1_6.bin.gz,erdos_renyi,43,SpecAnn,0.6211495565912796,1.0,-1063888049.9999998,-295785633.9999997,0.2322010993957519,0,True,79,33,True,49,32,0.979507565498352,3230.5751953125,-333403031506.48267,2025-11-20 18:28:57
er_4194304_1_6.bin.gz,erdos_renyi,43,SpecAnn,0.6274558051381586,1.0,-1064170143.9999998,-298998791.99999946,0.2317607402801513,0,True,79,33,True,50,32,0.97873717546463,3004.0537109375,-309781639060.88873,2025-11-20 18:28:58
er_4194304_1_6.bin.gz,erdos_renyi,43,SpecAnn,0.6336993002596786,1.0,-1063520752.0,-302148317.9999992,0.232123851776123,0,True,79,33,True,51,32,0.9779452085494996,2795.447265625,-288036631032.08984,2025-11-20 18:28:58
er_4194304_1_6.bin.gz,erdos_renyi,43,SpecAnn,0.6398818788633085,1.0,-1063829112.0,-305464651.9999994,0.2321922779083252,0,True,79,33,True,52,32,0.9771309494972228,2603.162109375,-268000669497.7613,2025-11-20 18:28:58
er_4194304_1_6.bin.gz,erdos_renyi,43,SpecAnn,0.6460052899517691,1.0,-1063942016.0,-308888597.9999999,0.232825756072998,0,True,79,33,True,53,32,0.9762940406799316,2425.763427734375,-249523226737.38345,2025-11-20 18:28:58
er_4194304_1_6.bin.gz,erdos_renyi,43,SpecAnn,0.6520712004019966,1.0,-1064429708.0,-312405401.9999996,0.2319881916046142,0,True,79,33,True,54,32,0.9754338264465332,2261.9609375,-232468871986.1264,2025-11-20 18:28:59
er_4194304_1_6.bin.gz,erdos_renyi,43,SpecAnn,0.6580812002646271,1.0,-1064342984.0,-316048007.9999994,0.2323081493377685,0,True,79,33,True,55,32,0.9745495319366456,2110.58544921875,-216714890317.93005,2025-11-20 18:28:59
er_4194304_1_6.bin.gz,erdos_renyi,43,SpecAnn,0.6640368076317485,1.0,-1064603148.0,-319739235.9999995,0.2322497367858886,0,True,79,33,True,56,32,0.9736407995224,1970.581298828125,-202150591628.40512,2025-11-20 18:28:59
er_4194304_1_6.bin.gz,erdos_renyi,43,SpecAnn,0.6699394731151429,1.0,-1064167148.0000004,-323570355.99999946,0.23283052444458,0,True,79,33,True,57,32,0.9727067947387696,1840.99462890625,-188675872292.0048,2025-11-20 18:28:59
er_4194304_1_6.bin.gz,erdos_renyi,43,SpecAnn,0.6757905839724513,1.0,-1064427908.0,-327392683.9999993,0.2322018146514892,0,True,79,33,True,58,32,0.9717468023300172,1720.956787109375,-176199625521.38287,2025-11-20 18:28:59
er_4194304_1_6.bin.gz,erdos_renyi,43,SpecAnn,0.6815914679145113,1.0,-1064765440.0000002,-331441781.99999994,0.2319839000701904,0,True,79,33,True,59,32,0.9707602858543396,1609.6846923828125,-164639754717.357,2025-11-20 18:29:00
er_4194304_1_6.bin.gz,erdos_renyi,43,SpecAnn,0.6873433966234707,1.0,-1064663374.0,-335598049.9999995,0.2328855991363525,0,True,79,33,True,60,32,0.9697462916374208,1506.4609375,-153921007665.40396,2025-11-20 18:29:00
er_4194304_1_6.bin.gz,erdos_renyi,43,SpecAnn,0.6930475890080863,1.0,-1065222451.9999998,-339898859.9999997,0.2321369647979736,0,True,79,33,True,61,32,0.9687042832374572,1410.6387939453125,-143975613791.4603,2025-11-20 18:29:00
er_4194304_1_6.bin.gz,erdos_renyi,43,SpecAnn,0.6987052142198116,1.0,-1064814784.0000002,-344154125.9999997,0.2322914600372314,0,True,79,33,True,62,32,0.9676332473754884,1321.625732421875,-134741433491.28178,2025-11-20 18:29:00
er_4194304_1_6.bin.gz,erdos_renyi,43,SpecAnn,0.7043173944508145,1.0,-1065111116.0,-348677691.99999976,0.2322525978088379,0,True,79,33,True,63,32,0.9665324687957764,1238.8829345703125,-126162014207.50871,2025-11-20 18:29:01
er_4194304_1_6.bin.gz,erdos_renyi,43,SpecAnn,0.709885207532891,1.0,-1065899846.0000004,-353324080.0,0.2324402332305908,0,True,79,33,True,64,32,0.96540105342865,1161.91943359375,-118185903430.03323,2025-11-20 18:29:01
er_4194304_1_6.bin.gz,erdos_renyi,43,SpecAnn,0.7154096893543218,1.0,-1065579552.0,-358054013.9999994,0.2320423126220703,0,True,79,33,True,65,32,0.9642380475997924,1090.28564453125,-110765995118.18204,2025-11-20 18:29:01
er_4194304_1_6.bin.gz,erdos_renyi,43,SpecAnn,0.7208918361100219,1.0,-1065939046.0000002,-362905472.0000001,0.232555866241455,0,True,79,33,True,66,32,0.9630424976348876,1023.5721435546876,-103859399168.8308,2025-11-20 18:29:01
er_4194304_1_6.bin.gz,erdos_renyi,43,SpecAnn,0.7263326063988248,1.0,-1065913300.0,-367934888.0000004,0.2320947647094726,0,True,79,33,True,67,32,0.9618134498596193,961.403564453125,-97426806955.0497,2025-11-20 18:29:02
er_4194304_1_6.bin.gz,erdos_renyi,43,SpecAnn,0.7317329231804058,1.0,-1066006752.0000002,-373042876.0000002,0.2320094108581543,0,True,79,33,True,68,32,0.960549771785736,903.4362182617188,-91432220236.61076,2025-11-20 18:29:02
er_4194304_1_6.bin.gz,erdos_renyi,43,SpecAnn,0.7370936756031579,1.0,-1066229382.0,-378411432.0,0.2321646213531494,0,True,79,33,True,69,32,0.959250509738922,849.3548583984375,-85842648699.43756,2025-11-20 18:29:02
er_4194304_1_6.bin.gz,erdos_renyi,43,SpecAnn,0.7424157207132704,1.0,-1066133816.0,-383960654.0000002,0.2324898242950439,0,True,79,33,True,70,32,0.957914173603058,798.8715209960938,-80627915868.8001,2025-11-20 18:29:02
er_4194304_1_6.bin.gz,erdos_renyi,43,SpecAnn,0.7476998850543153,1.0,-1066738114.0000002,-389732736.0000001,0.232086181640625,0,True,79,33,True,71,32,0.9565398097038268,751.7208862304688,-75760278404.92116,2025-11-20 18:29:03
er_4194304_1_6.bin.gz,erdos_renyi,43,SpecAnn,0.7529469661657903,1.0,-1066874238.0000004,-395616806.00000006,0.2319285869598388,0,True,79,33,True,72,32,0.9551261067390442,707.6588134765625,-71214188749.56105,2025-11-20 18:29:03
er_4194304_1_6.bin.gz,erdos_renyi,43,SpecAnn,0.7581577339883167,1.0,-1066671330.0000002,-401518254.0,0.2323508262634277,0,True,79,33,True,73,32,0.9536715149879456,666.4623413085938,-66966302591.859695,2025-11-20 18:29:03
er_4194304_1_6.bin.gz,erdos_renyi,43,SpecAnn,0.7633329321824984,1.0,-1067453112.0,-407874306.0,0.2325694561004638,0,True,79,33,True,74,32,0.9521747827529908,627.925048828125,-62995043329.83928,2025-11-20 18:29:03
er_4194304_1_6.bin.gz,erdos_renyi,43,SpecAnn,0.7684732793678399,1.0,-1067451904.0,-414269270.0000004,0.2322251796722412,0,True,79,33,True,75,32,0.950634241104126,591.8570556640625,-59280543667.662125,2025-11-20 18:29:03
er_4194304_1_6.bin.gz,erdos_renyi,43,SpecAnn,0.7735794702875677,1.0,-1067233550.0,-420944572.0,0.232140302658081,0,True,79,33,True,76,32,0.9490482211112976,558.0839233398438,-55804559837.76461,2025-11-20 18:29:04
er_4194304_1_6.bin.gz,erdos_renyi,43,SpecAnn,0.7786521769046981,1.0,-1067755332.0,-427749402.0,0.232224702835083,0,True,79,33,True,77,32,0.9474151134490968,526.4444580078125,-52550247044.29614,2025-11-20 18:29:04
er_4194304_1_6.bin.gz,erdos_renyi,43,SpecAnn,0.7836920494342511,1.0,-1067849598.0,-434835598.0,0.2319884300231933,0,True,79,33,True,78,32,0.9457330107688904,496.7900085449219,-49502062766.49225,2025-11-20 18:29:04
er_4194304_1_6.bin.gz,erdos_renyi,43,SpecAnn,0.788699717316095,1.0,-1068404488.0,-442015459.99999976,0.2327251434326172,0,True,79,33,True,79,32,0.9439998865127563,468.983154296875,-46645642648.84954,2025-11-20 18:29:04
er_4194304_1_6.bin.gz,erdos_renyi,43,SpecAnn,0.7936757901325451,1.0,-1068901258.0000004,-449584841.9999997,0.2319254875183105,0,True,79,33,True,80,32,0.942213773727417,442.8973693847656,-43967770576.10257,2025-11-20 18:29:05
er_4194304_1_6.bin.gz,erdos_renyi,43,SpecAnn,0.7986208584745024,1.0,-1069254350.0000002,-457507221.99999976,0.2327613830566406,0,True,79,33,True,81,32,0.940372347831726,418.4147644042969,-41456128928.58113,2025-11-20 18:29:05
er_4194304_1_6.bin.gz,erdos_renyi,43,SpecAnn,0.803535494759617,1.0,-1069393016.0000002,-465429087.99999976,0.232128620147705,0,True,79,33,True,82,32,0.9384732246398926,395.4273071289063,-39099431155.49931,2025-11-20 18:29:05
er_4194304_1_6.bin.gz,erdos_renyi,43,SpecAnn,0.8084202540056837,1.0,-1069633852.0,-473654607.99999946,0.2322611808776855,0,True,79,33,True,83,32,0.9365138411521912,373.8346557617188,-36887197018.808044,2025-11-20 18:29:05
er_4194304_1_6.bin.gz,erdos_renyi,43,SpecAnn,0.8132756745622272,1.0,-1070521146.0,-482196041.9999996,0.2325007915496826,0,True,79,33,True,84,32,0.9344913363456726,353.5432434082031,-34809654814.11977,2025-11-20 18:29:06
er_4194304_1_6.bin.gz,erdos_renyi,43,SpecAnn,0.8181022788030096,1.0,-1070650490.0,-491252567.9999997,0.2321081161499023,0,True,79,33,True,85,32,0.9324028491973876,334.46728515625,-32857849227.462227,2025-11-20 18:29:06
er_4194304_1_6.bin.gz,erdos_renyi,43,SpecAnn,0.822900573781978,1.0,-1070900180.0000002,-500611111.9999997,0.2325966358184814,0,True,79,33,True,86,32,0.9302452206611632,316.5267028808594,-31023421740.221703,2025-11-20 18:29:06
er_4194304_1_6.bin.gz,erdos_renyi,43,SpecAnn,0.8276710518549868,1.0,-1071384276.0,-510310344.0000001,0.23209810256958,0,True,79,33,True,87,32,0.9280149936676024,299.6473083496094,-29298627039.912483,2025-11-20 18:29:06
er_4194304_1_6.bin.gz,erdos_renyi,43,SpecAnn,0.8324141912694495,1.0,-1071874848.0000004,-520556413.9999999,0.2323112487792968,0,True,79,33,True,88,32,0.9257082939147948,283.76007080078125,-27676255682.119816,2025-11-20 18:29:06
er_4194304_1_6.bin.gz,erdos_renyi,43,SpecAnn,0.8371304567239225,1.0,-1072325778.0,-531258644.0,0.2328953742980957,0,True,79,33,True,89,32,0.9233211874961852,268.8013000488281,-26149660917.394543,2025-11-20 18:29:07
er_4194304_1_6.bin.gz,erdos_renyi,43,SpecAnn,0.8418202998994706,1.0,-1073190152.0,-542314683.9999998,0.2319319248199463,0,True,79,33,True,90,32,0.9208492636680604,254.71112060546875,-24712594733.493256,2025-11-20 18:29:07
er_4194304_1_6.bin.gz,erdos_renyi,43,SpecAnn,0.846484159964536,1.0,-1073564636.0,-553879007.9999998,0.2320778369903564,0,True,79,33,True,91,32,0.9182876944541932,241.4344177246093,-23359300906.13361,2025-11-20 18:29:07
er_4194304_1_6.bin.gz,erdos_renyi,43,SpecAnn,0.8511224640549078,1.0,-1073885841.9999998,-566211077.9999996,0.232123851776123,0,True,79,33,True,92,32,0.9156313538551332,228.91998291015625,-22084433124.225227,2025-11-20 18:29:07
er_4194304_1_6.bin.gz,erdos_renyi,43,SpecAnn,0.8557356277302758,1.0,-1075317722.0000002,-578899338.0000002,0.2325234413146972,0,True,79,33,True,93,32,0.9128744602203368,217.1195068359375,-20882947476.429928,2025-11-20 18:29:08
er_4194304_1_6.bin.gz,erdos_renyi,43,SpecAnn,0.8603240554087516,1.0,-1075848684.0,-592088582.0000001,0.2322199344635009,0,True,79,33,True,94,32,0.910010814666748,205.98843383789065,-19750190302.347626,2025-11-20 18:29:08
er_4194304_1_6.bin.gz,erdos_renyi,43,SpecAnn,0.86488814078064,1.0,-1076677910.0,-606008938.0000001,0.2322456836700439,0,True,79,33,True,95,32,0.9070335030555724,195.48556518554688,-18681851628.347065,2025-11-20 18:29:08
er_4194304_1_6.bin.gz,erdos_renyi,43,SpecAnn,0.8694282672026621,1.0,-1077819921.9999998,-620810806.0,0.2327170372009277,0,True,79,33,True,96,32,0.9039351940155028,185.57177734375,-17673848112.640594,2025-11-20 18:29:08
er_4194304_1_6.bin.gz,erdos_renyi,43,SpecAnn,0.8739448080737451,1.0,-1078946110.0,-636276851.9999999,0.2321183681488037,0,True,79,33,True,97,32,0.9007071852684021,176.21112060546875,-16722408789.063469,2025-11-20 18:29:09
er_4194304_1_6.bin.gz,erdos_renyi,43,SpecAnn,0.878438127193422,1.0,-1080194239.9999998,-652357547.9999999,0.2322626113891601,0,True,79,33,True,98,32,0.8973406553268433,167.3698272705078,-15824004870.457363,2025-11-20 18:29:09
er_4194304_1_6.bin.gz,erdos_renyi,43,SpecAnn,0.8829085791038153,1.0,-1081286980.0000002,-669351623.9999998,0.2320575714111328,0,True,79,33,True,99,32,0.8938248753547668,159.01634216308594,-14975319320.34254,2025-11-20 18:29:09
er_4194304_1_6.bin.gz,erdos_renyi,43,SpecAnn,0.8873565094161138,1.0,-1082841090.0,-687075867.9999995,0.232579231262207,0,True,79,33,True,100,32,0.890148937702179,151.12136840820312,-14173282738.770452,2025-11-20 18:29:09
er_4194304_1_6.bin.gz,erdos_renyi,43,SpecAnn,0.8917822551223932,1.0,-1084419810.0,-705926729.9999998,0.2320621013641357,0,True,79,33,True,101,32,0.8862996697425842,143.65736389160156,-13414990696.219685,2025-11-20 18:29:09
er_4194304_1_6.bin.gz,erdos_renyi,43,SpecAnn,0.8961861448935777,1.0,-1086617651.9999995,-725537624.0000005,0.2322752475738525,0,True,79,33,True,102,32,0.8822629451751709,136.59873962402344,-12697745754.525724,2025-11-20 18:29:10
er_4194304_1_6.bin.gz,erdos_renyi,43,SpecAnn,0.9005684993642872,1.0,-1088394738.0000002,-746063769.9999996,0.2322912216186523,0,True,79,33,True,103,32,0.8780226707458496,129.9215087890625,-12019009557.107008,2025-11-20 18:29:10
er_4194304_1_6.bin.gz,erdos_renyi,43,SpecAnn,0.9049296314052688,1.0,-1090496792.0000002,-767445820.0000002,0.2324981689453125,0,True,79,33,True,104,32,0.8735604882240295,123.60303497314452,-11376377963.919147,2025-11-20 18:29:10
er_4194304_1_6.bin.gz,erdos_renyi,43,SpecAnn,0.9092698463840684,1.0,-1092995305.9999998,-789721797.9999998,0.2327680587768554,0,True,79,33,True,105,32,0.8688556551933289,117.62240600585938,-10767616677.066923,2025-11-20 18:29:10
er_4194304_1_6.bin.gz,erdos_renyi,43,SpecAnn,0.9135894424145556,1.0,-1096207183.9999998,-813130726.0000002,0.2319118976593017,0,True,79,33,True,106,32,0.8638847470283508,111.96002960205078,-10190622316.717754,2025-11-20 18:29:11
er_4194304_1_6.bin.gz,erdos_renyi,43,SpecAnn,0.9178887105958816,1.0,-1098863211.9999998,-836982123.9999999,0.2321209907531738,0,True,79,33,True,107,32,0.8586207032203674,106.5972900390625,-9643382996.23518,2025-11-20 18:29:11
er_4194304_1_6.bin.gz,erdos_renyi,43,SpecAnn,0.922167935241408,1.0,-1102592206.0000002,-861503150.0000007,0.2326326370239257,0,True,79,33,True,108,32,0.8530322313308716,101.5169906616211,-9124016703.670938,2025-11-20 18:29:11
er_4194304_1_6.bin.gz,erdos_renyi,43,SpecAnn,0.92642739409812,1.0,-1106451843.9999998,-886680845.9999994,0.2329316139221191,0,True,79,33,True,109,32,0.847083568572998,96.70303344726562,-8630744308.334646,2025-11-20 18:29:11
er_4194304_1_6.bin.gz,erdos_renyi,43,SpecAnn,0.9306673585570006,1.0,-1110756174.0,-912270346.0,0.4506068229675293,0,True,79,65,True,110,32,0.8407328128814697,92.1400909423828,-8161848512.335866,2025-11-20 18:29:12
er_4194304_1_6.bin.gz,erdos_renyi,43,SpecAnn,0.9348880938548184,1.0,-1115428656.0,-937372970.0,0.4521191120147705,0,True,79,65,True,111,32,0.8339304327964783,87.81400299072266,-7715702843.974798,2025-11-20 18:29:12
er_4194304_1_6.bin.gz,erdos_renyi,43,SpecAnn,0.9390898592677528,1.0,-1120482526.0000005,-961804808.0000002,0.6699986457824707,0,True,79,97,True,112,32,0.8266189098358154,83.71136474609375,-7290740720.735913,2025-11-20 18:29:13
er_4194304_1_6.bin.gz,erdos_renyi,43,SpecAnn,0.9432729082972536,1.0,-1125468278.0,-984027584.0000002,1.1088299751281738,0,True,79,161,True,113,32,0.8187277913093567,79.81964874267578,-6885432740.347705,2025-11-20 18:29:14
er_4194304_1_6.bin.gz,erdos_renyi,43,SpecAnn,0.9474374888485204,1.0,-1127517580.0,-997397662.0,2.422342538833618,0,True,79,353,True,114,32,0.8101732134819031,76.12708282470703,-6498288127.60361,2025-11-20 18:29:16
er_4194304_1_6.bin.gz,erdos_renyi,43,SpecAnn,0.9515838434019476,1.0,-1121654734.0000002,-981789062.0,7.02239990234375,0,True,79,1025,True,115,32,0.800926923751831,72.62252807617188,-6128386562.4541,2025-11-20 18:29:23
er_4194304_1_6.bin.gz,erdos_renyi,43,SpecAnn,0.9557122091778746,1.0,-1121050594.0000002,-979320468.0,1.985053777694702,0,True,79,289,True,116,32,0.7912202477455139,69.29572296142578,-5776778533.173212,2025-11-20 18:29:25
er_4194304_1_6.bin.gz,erdos_renyi,43,SpecAnn,0.9598228182949629,1.0,-1120843646.0,-978686436.0,0.8905172348022461,0,True,79,129,True,117,32,0.7810840010643005,66.13674926757812,-5442801333.266702,2025-11-20 18:29:26
er_4194304_1_6.bin.gz,erdos_renyi,43,SpecAnn,0.963915897922488,1.0,-1120735190.0,-978219348.0,1.1085267066955566,0,True,79,161,True,118,32,0.7705014944076538,63.13650894165039,-5125496546.795785,2025-11-20 18:29:27
er_4194304_1_6.bin.gz,erdos_renyi,43,SpecAnn,0.967991670426842,1.0,-1120822560.0,-978005722.0,1.1089589595794678,0,True,79,161,True,119,32,0.759455144405365,60.28630065917969,-4823948457.659236,2025-11-20 18:29:29
er_4194304_1_6.bin.gz,erdos_renyi,43,SpecAnn,0.9720503535125016,1.0,-1120803626.0,-977994770.0,1.984595775604248,0,True,79,289,True,120,32,0.7479259371757507,57.57797622680664,-4537293633.745178,2025-11-20 18:29:31
er_4194304_1_6.bin.gz,erdos_renyi,43,SpecAnn,0.9760921603577252,1.0,-1120761188.0000002,-977840542.0,0.4513626098632812,0,True,79,65,True,121,32,0.7358957529067993,55.00392532348633,-4264733284.890065,2025-11-20 18:29:31
er_4194304_1_6.bin.gz,erdos_renyi,43,SpecAnn,0.9801172997452104,1.0,-1120628258.0,-977593518.0000002,0.6709630489349365,0,True,79,97,True,122,32,0.7233437895774841,52.55689239501953,-4005496261.37908,2025-11-20 18:29:32
er_4194304_1_6.bin.gz,erdos_renyi,43,SpecAnn,0.9841259761879442,1.0,-1120656800.0000002,-977430514.0,0.4516777992248535,0,True,79,65,True,123,32,0.7102497816085815,50.23012161254883,-3758869376.710096,2025-11-20 18:29:32
er_4194304_1_6.bin.gz,erdos_renyi,43,SpecAnn,0.9881183900504562,1.0,-1120577410.0,-977325328.0,0.6718475818634033,0,True,79,97,True,124,32,0.6965924501419067,48.01716232299805,-3524172431.5000124,2025-11-20 18:29:33
er_4194304_1_6.bin.gz,erdos_renyi,43,SpecAnn,0.9920947376656812,1.0,-1120645674.0000002,-977140313.9999998,0.6703202724456787,0,True,79,97,True,125,32,0.6823500394821167,45.91203308105469,-3300772870.5942507,2025-11-20 18:29:33
er_4194304_1_6.bin.gz,erdos_renyi,43,SpecAnn,0.9960552114476228,1.0,-1120609084.0000002,-976487394.0,7.022819757461548,0,True,79,1025,True,126,32,0.6674982309341431,43.90903854370117,-3088061508.839498,2025-11-20 18:29:40
er_4194304_1_6.bin.gz,erdos_renyi,43,SpecAnn,1.0,1.0,-1120362122.0000002,-976279510.0000002,1.108978271484375,0,True,79,161,True,127,32,0.6520161628723145,42.00277328491211,-2885481028.495493,2025-11-20 18:29:42
er_4194304_1_6.bin.gz,erdos_renyi,44,SpecAnn,0.0,1.0,-1062474526.0,-217351703.99999988,0.3555953502655029,0,True,74,33,True,0,32,0.9994361400604248,4194305.0,-441668432307950.9,2025-11-20 18:30:27
er_4194304_1_6.bin.gz,erdos_renyi,44,SpecAnn,0.0887356509416113,1.0,-1062508762.0,-217396189.9999994,0.2318732738494873,0,True,74,33,True,1,32,0.9990590810775756,1504994.0,-158418990740951.1,2025-11-20 18:30:27
er_4194304_1_6.bin.gz,erdos_renyi,44,SpecAnn,0.1254911610276317,1.0,-1062347534.0000006,-217626881.9999998,0.2320022583007812,0,True,74,33,True,2,32,0.9988368153572084,984444.6875,-103601767047989.9,2025-11-20 18:30:28
er_4194304_1_6.bin.gz,erdos_renyi,44,SpecAnn,0.1536946558735679,1.0,-1062959788.0,-218070335.9999995,0.2337419986724853,0,True,74,33,True,3,32,0.9986311197280884,710808.6875,-74789240790942.38,2025-11-20 18:30:28
er_4194304_1_6.bin.gz,erdos_renyi,44,SpecAnn,0.1774713018832227,1.0,-1062527284.0,-218690349.99999928,0.2324857711791992,0,True,74,33,True,4,32,0.9984297156333924,540161.375,-56822760221317.484,2025-11-20 18:30:28
er_4194304_1_6.bin.gz,erdos_renyi,44,SpecAnn,0.1984189475331362,1.0,-1062285993.9999996,-219448371.9999996,0.2319321632385254,0,True,74,33,True,5,32,0.998227834701538,424118.5,-44606504736936.75,2025-11-20 18:30:28
er_4194304_1_6.bin.gz,erdos_renyi,44,SpecAnn,0.2173570668006655,1.0,-1062449526.0000002,-220274853.99999964,0.2319662570953369,0,True,74,33,True,6,32,0.9980230927467346,340825.90625,-35838885059074.37,2025-11-20 18:30:28
er_4194304_1_6.bin.gz,erdos_renyi,44,SpecAnn,0.2347724648169381,1.0,-1062601406.0,-221086547.99999985,0.2329001426696777,0,True,74,33,True,7,32,0.9978139400482178,278751.625,-29305442045588.51,2025-11-20 18:30:29
er_4194304_1_6.bin.gz,erdos_renyi,44,SpecAnn,0.2509823220552634,1.0,-1062463480.0,-221985425.9999993,0.2329003810882568,0,True,74,33,True,8,32,0.9975994229316713,231180.0625,-24298970174077.188,2025-11-20 18:30:29
er_4194304_1_6.bin.gz,erdos_renyi,44,SpecAnn,0.2662069528248341,1.0,-1062492029.9999998,-222876155.99999937,0.2318353652954101,0,True,74,33,True,9,32,0.9973788261413574,193921.578125,-20378282701934.41,2025-11-20 18:30:29
er_4194304_1_6.bin.gz,erdos_renyi,44,SpecAnn,0.2806067666331568,1.0,-1062471648.0,-223789779.99999952,0.2321794033050537,0,True,74,33,True,10,32,0.9971515536308287,164225.25,-17253706410982.05,2025-11-20 18:30:29
er_4194304_1_6.bin.gz,erdos_renyi,44,SpecAnn,0.2943028597012718,1.0,-1062573587.9999998,-224779301.9999997,0.2326576709747314,0,True,74,33,True,11,32,0.9969170093536376,140211.75,-14727353716929.322,2025-11-20 18:30:30
er_4194304_1_6.bin.gz,erdos_renyi,44,SpecAnn,0.3073893117471359,1.0,-1062529404.0000004,-225713957.99999967,0.2325999736785888,0,True,74,33,True,12,32,0.9966749548912048,120555.59375,-12659664995798.098,2025-11-20 18:30:30
er_4194304_1_6.bin.gz,erdos_renyi,44,SpecAnn,0.3199409394316542,1.0,-1062669110.0,-226788349.99999985,0.2321150302886963,0,True,74,33,True,13,32,0.996424913406372,104297.453125,-10949633497039.191,2025-11-20 18:30:30
er_4194304_1_6.bin.gz,erdos_renyi,44,SpecAnn,0.3320184038158743,1.0,-1062512730.0000004,-227913569.9999997,0.2321715354919433,0,True,74,33,True,14,32,0.9961665868759156,90727.453125,-9522522165017.969,2025-11-20 18:30:30
er_4194304_1_6.bin.gz,erdos_renyi,44,SpecAnn,0.3436716983117353,1.0,-1062755872.0,-229058361.99999937,0.23222017288208,0,True,74,33,True,15,32,0.995899498462677,79310.71875,-8322018966041.197,2025-11-20 18:30:31
er_4194304_1_6.bin.gz,erdos_renyi,44,SpecAnn,0.3549426037664455,1.0,-1062693492.0,-230169141.9999998,0.2325732707977295,0,True,74,33,True,16,32,0.9956235885620116,69637.578125,-7304998617175.203,2025-11-20 18:30:31
er_4194304_1_6.bin.gz,erdos_renyi,44,SpecAnn,0.3658664615902029,1.0,-1062928336.0000004,-231385704.00000003,0.2325124740600586,0,True,74,33,True,17,32,0.9953383803367616,61389.83984375,-6437964136994.596,2025-11-20 18:30:31
er_4194304_1_6.bin.gz,erdos_renyi,44,SpecAnn,0.3764734830828951,1.0,-1062316206.0000004,-232640470.0,0.2321226596832275,0,True,74,33,True,18,32,0.9950436353683472,54317.390625,-5694588235603.24,2025-11-20 18:30:31
er_4194304_1_6.bin.gz,erdos_renyi,44,SpecAnn,0.3867897351437838,1.0,-1062677258.0,-233953481.9999997,0.2319879531860351,0,True,74,33,True,19,32,0.9947391152381896,48221.4453125,-5053947435285.599,2025-11-20 18:30:31
er_4194304_1_6.bin.gz,erdos_renyi,44,SpecAnn,0.3968378950662725,1.0,-1062634198.0,-235271839.99999923,0.2329998016357422,0,True,74,33,True,20,32,0.9944244623184204,42942.43359375,-4499246151054.489,2025-11-20 18:30:32
er_4194304_1_6.bin.gz,erdos_renyi,44,SpecAnn,0.4066378372811136,1.0,-1062714854.0000006,-236608345.9999998,0.2322380542755127,0,True,74,33,True,21,32,0.9940994381904602,38351.1484375,-4016885974793.0776,2025-11-20 18:30:32
er_4194304_1_6.bin.gz,erdos_renyi,44,SpecAnn,0.4162070956347247,1.0,-1062599566.0000002,-238010597.99999964,0.2322938442230224,0,True,74,33,True,22,32,0.9937636852264404,34342.15625,-3595770657737.179,2025-11-20 18:30:32
er_4194304_1_6.bin.gz,erdos_renyi,44,SpecAnn,0.4255612320274539,1.0,-1062497736.0000004,-239418559.9999996,0.2318885326385498,0,True,74,33,True,23,32,0.9934170246124268,30828.775390625,-3226778643736.458,2025-11-20 18:30:32
er_4194304_1_6.bin.gz,erdos_renyi,44,SpecAnn,0.434714133601331,1.0,-1062917442.0,-240895997.9999996,0.2324805259704589,0,True,74,33,True,24,32,0.9930590987205504,27739.23046875,-2902356829925.763,2025-11-20 18:30:33
er_4194304_1_6.bin.gz,erdos_renyi,44,SpecAnn,0.4436782547080569,1.0,-1062864250.0000004,-242384821.9999996,0.2324869632720947,0,True,74,33,True,25,32,0.992689609527588,25013.814453125,-2616222654872.7524,2025-11-20 18:30:33
er_4194304_1_6.bin.gz,erdos_renyi,44,SpecAnn,0.4524648157026343,1.0,-1062902276.0,-243885845.99999985,0.2323195934295654,0,True,74,33,True,26,32,0.9923083186149596,22602.4921875,-2363111761864.419,2025-11-20 18:30:33
er_4194304_1_6.bin.gz,erdos_renyi,44,SpecAnn,0.4610839676207039,1.0,-1062719994.0000002,-245548123.99999964,0.2321960926055908,0,True,74,33,True,27,32,0.9919148683547974,20463.162109375,-2138594506172.144,2025-11-20 18:30:33
er_4194304_1_6.bin.gz,erdos_renyi,44,SpecAnn,0.4695449296338763,1.0,-1062957920.0,-247139633.99999896,0.2323954105377197,0,True,74,33,True,28,32,0.9915090203285216,18560.21875,-1938925230417.6687,2025-11-20 18:30:34
er_4194304_1_6.bin.gz,erdos_renyi,44,SpecAnn,0.4778561045889373,1.0,-1063016566.0000004,-248750085.9999992,0.2322511672973632,0,True,74,33,True,29,32,0.9910904169082642,16863.392578125,-1760919607288.212,2025-11-20 18:30:34
er_4194304_1_6.bin.gz,erdos_renyi,44,SpecAnn,0.4860251767562508,1.0,-1063293988.0000002,-250516943.9999988,0.2325577735900879,0,True,74,33,True,30,32,0.9906587600708008,15346.87109375,-1601862488258.0312,2025-11-20 18:30:34
er_4194304_1_6.bin.gz,erdos_renyi,44,SpecAnn,0.4940591950252281,1.0,-1063393562.0,-252308363.99999908,0.2323935031890869,0,True,74,33,True,31,32,0.9902136325836182,13988.5458984375,-1459428339310.2876,2025-11-20 18:30:34
er_4194304_1_6.bin.gz,erdos_renyi,44,SpecAnn,0.5019646441105269,1.0,-1063196624.0,-254146251.99999857,0.2324967384338379,0,True,74,33,True,32,32,0.9897549152374268,12769.4033203125,-1331617743540.9358,2025-11-20 18:30:34
er_4194304_1_6.bin.gz,erdos_renyi,44,SpecAnn,0.5097475058154177,1.0,-1063337604.0000004,-256020807.99999857,0.2322607040405273,0,True,74,33,True,33,32,0.9892821311950684,11673.033203125,-1216704705041.3457,2025-11-20 18:30:35
er_4194304_1_6.bin.gz,erdos_renyi,44,SpecAnn,0.51741331199832,1.0,-1063028928.0,-258023875.9999988,0.2326636314392089,0,True,74,33,True,34,32,0.988795042037964,10685.2421875,-1113196807558.1194,2025-11-20 18:30:35
er_4194304_1_6.bin.gz,erdos_renyi,44,SpecAnn,0.5249671905758515,1.0,-1062924510.0,-260040283.99999857,0.2326552867889404,0,True,74,33,True,35,32,0.9882932305336,9793.701171875,-1019797565979.9598,2025-11-20 18:30:35
er_4194304_1_6.bin.gz,erdos_renyi,44,SpecAnn,0.5324139056496683,1.0,-1063082699.9999998,-262143917.99999923,0.2323150634765625,0,True,74,33,True,36,32,0.9877762794494628,8987.671875,-935377897034.2352,2025-11-20 18:30:35
er_4194304_1_6.bin.gz,erdos_renyi,44,SpecAnn,0.5397578926492556,1.0,-1063512622.0000004,-264300131.9999995,0.2325179576873779,0,True,74,33,True,37,32,0.987243950366974,8257.77734375,-858952111781.6678,2025-11-20 18:30:36
er_4194304_1_6.bin.gz,erdos_renyi,44,SpecAnn,0.5470032892270364,1.0,-1062989604.0,-266489481.9999994,0.2324404716491699,0,True,74,33,True,38,32,0.9866958260536194,7595.81298828125,-789657667420.1394,2025-11-20 18:30:36
er_4194304_1_6.bin.gz,erdos_renyi,44,SpecAnn,0.554153962516942,1.0,-1063325166.0,-268728381.99999964,0.232276439666748,0,True,74,33,True,39,32,0.986131489276886,6994.56201171875,-726735965757.852,2025-11-20 18:30:36
er_4194304_1_6.bin.gz,erdos_renyi,44,SpecAnn,0.5612135332663137,1.0,-1063892810.0000004,-271165874.0,0.2322137355804443,0,True,74,33,True,40,32,0.985550582408905,6447.69384765625,-669521655528.789,2025-11-20 18:30:36
er_4194304_1_6.bin.gz,erdos_renyi,44,SpecAnn,0.5681853972686127,1.0,-1063270960.0,-273645359.9999996,0.2323958873748779,0,True,74,33,True,41,32,0.984952747821808,5949.6142578125,-617426843697.4977,2025-11-20 18:30:37
er_4194304_1_6.bin.gz,erdos_renyi,44,SpecAnn,0.5750727444570146,1.0,-1063891180.0,-276129067.9999992,0.2325563430786132,0,True,74,33,True,42,32,0.9843375086784364,5495.375,-569931511808.5985,2025-11-20 18:30:37
er_4194304_1_6.bin.gz,erdos_renyi,44,SpecAnn,0.5818785759635375,1.0,-1063932992.0,-278697775.9999994,0.2323482036590576,0,True,74,33,True,43,32,0.9837044477462769,5080.603515625,-526576218412.2451,2025-11-20 18:30:37
er_4194304_1_6.bin.gz,erdos_renyi,44,SpecAnn,0.5886057194025436,1.0,-1064014040.0,-281337127.9999992,0.2320306301116943,0,True,74,33,True,44,32,0.9830532073974608,4701.41650390625,-486953009163.4919,2025-11-20 18:30:37
er_4194304_1_6.bin.gz,erdos_renyi,44,SpecAnn,0.5952568425994088,1.0,-1063790688.0000002,-283998342.0000001,0.2331020832061767,0,True,74,33,True,45,32,0.9823833107948304,4354.35302734375,-450698293954.8066,2025-11-20 18:30:38
er_4194304_1_6.bin.gz,erdos_renyi,44,SpecAnn,0.6018344659534288,1.0,-1063705486.0,-286838673.99999964,0.2325484752655029,0,True,74,33,True,46,32,0.981694221496582,4036.34228515625,-417489468159.6943,2025-11-20 18:30:38
er_4194304_1_6.bin.gz,erdos_renyi,44,SpecAnn,0.6083409735974393,1.0,-1063852881.9999996,-289681425.99999994,0.232771635055542,0,True,74,33,True,47,32,0.980985701084137,3744.63623046875,-387038006325.7279,2025-11-20 18:30:38
er_4194304_1_6.bin.gz,erdos_renyi,44,SpecAnn,0.6147786234942719,1.0,-1064243420.0,-292744618.00000006,0.2326018810272216,0,True,74,33,True,48,32,0.9802568554878236,3476.780029296875,-359085943189.7403,2025-11-20 18:30:38
er_4194304_1_6.bin.gz,erdos_renyi,44,SpecAnn,0.6211495565912796,1.0,-1064182722.0,-295787056.0000004,0.2323174476623535,0,True,74,33,True,49,32,0.9795076251029968,3230.577880859375,-333402873279.3403,2025-11-20 18:30:38
er_4194304_1_6.bin.gz,erdos_renyi,44,SpecAnn,0.6274558051381586,1.0,-1064186354.0000002,-298998792.00000024,0.2324423789978027,0,True,74,33,True,50,32,0.97873717546463,3004.055908203125,-309781442259.4761,2025-11-20 18:30:39
er_4194304_1_6.bin.gz,erdos_renyi,44,SpecAnn,0.6336993002596786,1.0,-1064608480.0,-302148318.0000002,0.2324421405792236,0,True,74,33,True,51,32,0.9779452085494996,2795.449462890625,-288036463766.7404,2025-11-20 18:30:39
er_4194304_1_6.bin.gz,erdos_renyi,44,SpecAnn,0.6398818788633085,1.0,-1064304846.0000004,-305465264.0000001,0.2330176830291748,0,True,74,33,True,52,32,0.9771310091018676,2603.164306640625,-268000545775.4589,2025-11-20 18:30:39
er_4194304_1_6.bin.gz,erdos_renyi,44,SpecAnn,0.6460052899517691,1.0,-1064355016.0000002,-308888598.0000002,0.2325031757354736,0,True,74,33,True,53,32,0.9762940406799316,2425.765380859375,-249523086613.74777,2025-11-20 18:30:39
er_4194304_1_6.bin.gz,erdos_renyi,44,SpecAnn,0.6520712004019966,1.0,-1064557088.0000002,-312405401.9999997,0.2324011325836181,0,True,74,33,True,54,32,0.9754338264465332,2261.962890625,-232468754994.0564,2025-11-20 18:30:40
er_4194304_1_6.bin.gz,erdos_renyi,44,SpecAnn,0.6580812002646271,1.0,-1064845534.0,-316048007.9999998,0.2323007583618164,0,True,74,33,True,55,32,0.9745495319366456,2110.58740234375,-216714794675.22025,2025-11-20 18:30:40
er_4194304_1_6.bin.gz,erdos_renyi,44,SpecAnn,0.6640368076317485,1.0,-1064713996.0000002,-319739235.99999994,0.232494831085205,0,True,74,33,True,56,32,0.9736407995224,1970.583251953125,-202150515704.0592,2025-11-20 18:30:40
er_4194304_1_6.bin.gz,erdos_renyi,44,SpecAnn,0.6699394731151429,1.0,-1064706592.0,-323570356.0000003,0.232332706451416,0,True,74,33,True,57,32,0.9727067351341248,1840.9962158203125,-188675765498.78275,2025-11-20 18:30:40
er_4194304_1_6.bin.gz,erdos_renyi,44,SpecAnn,0.6757905839724513,1.0,-1064824278.0,-327392684.0000005,0.2324309349060058,0,True,74,33,True,58,32,0.9717468023300172,1720.9583740234375,-176199547180.73096,2025-11-20 18:30:41
er_4194304_1_6.bin.gz,erdos_renyi,44,SpecAnn,0.6815914679145113,1.0,-1065037532.0,-331439773.99999994,0.2325620651245117,0,True,74,33,True,59,32,0.9707602262496948,1609.6861572265625,-164639669416.60892,2025-11-20 18:30:41
er_4194304_1_6.bin.gz,erdos_renyi,44,SpecAnn,0.6873433966234707,1.0,-1065037088.0,-335597077.9999999,0.2326159477233886,0,True,74,33,True,60,32,0.9697463512420654,1506.46240234375,-153920956427.2118,2025-11-20 18:30:41
er_4194304_1_6.bin.gz,erdos_renyi,44,SpecAnn,0.6930475890080863,1.0,-1065052732.0,-339899917.9999999,0.2322571277618408,0,True,74,33,True,61,32,0.9687042832374572,1410.6402587890625,-143975566524.42593,2025-11-20 18:30:41
er_4194304_1_6.bin.gz,erdos_renyi,44,SpecAnn,0.6987052142198116,1.0,-1065512808.0000002,-344152864.0000004,0.232501745223999,0,True,74,33,True,62,32,0.9676332473754884,1321.6270751953125,-134741386234.30786,2025-11-20 18:30:41
er_4194304_1_6.bin.gz,erdos_renyi,44,SpecAnn,0.7043173944508145,1.0,-1065734104.0,-348677692.0000003,0.2328963279724121,0,True,74,33,True,63,32,0.9665323495864868,1238.884033203125,-126161938097.9466,2025-11-20 18:30:42
er_4194304_1_6.bin.gz,erdos_renyi,44,SpecAnn,0.709885207532891,1.0,-1065784872.0,-353324020.00000054,0.2325823307037353,0,True,74,33,True,64,32,0.9654009938240052,1161.920654296875,-118185858770.6957,2025-11-20 18:30:42
er_4194304_1_6.bin.gz,erdos_renyi,44,SpecAnn,0.7154096893543218,1.0,-1065927492.0000002,-358054014.0000002,0.2324304580688476,0,True,74,33,True,65,32,0.9642379879951476,1090.28662109375,-110765936097.00945,2025-11-20 18:30:42
er_4194304_1_6.bin.gz,erdos_renyi,44,SpecAnn,0.7208918361100219,1.0,-1066151674.0,-362905472.0000004,0.2319786548614502,0,True,74,33,True,66,32,0.9630424976348876,1023.5731811523438,-103859362504.16087,2025-11-20 18:30:42
er_4194304_1_6.bin.gz,erdos_renyi,44,SpecAnn,0.7263326063988248,1.0,-1065885252.0000002,-367934888.0000008,0.2325704097747802,0,True,74,33,True,67,32,0.9618133902549744,961.4044189453124,-97426754354.41206,2025-11-20 18:30:43
er_4194304_1_6.bin.gz,erdos_renyi,44,SpecAnn,0.7317329231804058,1.0,-1066475336.0000002,-373042876.0000003,0.2321135997772216,0,True,74,33,True,68,32,0.960549771785736,903.4371337890624,-91432187929.84088,2025-11-20 18:30:43
er_4194304_1_6.bin.gz,erdos_renyi,44,SpecAnn,0.7370936756031579,1.0,-1066507026.0,-378411432.0000001,0.2323737144470214,0,True,74,33,True,69,32,0.9592503905296326,849.355712890625,-85842607070.08943,2025-11-20 18:30:43
er_4194304_1_6.bin.gz,erdos_renyi,44,SpecAnn,0.7424157207132704,1.0,-1066679928.0,-383960858.00000006,0.2319960594177246,0,True,74,33,True,70,32,0.9579142332077026,798.872314453125,-80627890771.02457,2025-11-20 18:30:43
er_4194304_1_6.bin.gz,erdos_renyi,44,SpecAnn,0.7476998850543153,1.0,-1066974430.0,-389732736.0,0.2320954799652099,0,True,74,33,True,71,32,0.9565398693084716,751.7216796875,-75760259548.85555,2025-11-20 18:30:44
er_4194304_1_6.bin.gz,erdos_renyi,44,SpecAnn,0.7529469661657903,1.0,-1067060816.0,-395616052.0000004,0.2324481010437011,0,True,74,33,True,72,32,0.9551261067390442,707.6595458984375,-71214165125.55215,2025-11-20 18:30:44
er_4194304_1_6.bin.gz,erdos_renyi,44,SpecAnn,0.7581577339883167,1.0,-1067141798.0,-401518254.0000001,0.2322685718536377,0,True,74,33,True,73,32,0.9536715745925904,666.4629516601562,-66966276581.05201,2025-11-20 18:30:44
er_4194304_1_6.bin.gz,erdos_renyi,44,SpecAnn,0.7633329321824984,1.0,-1067453608.0000002,-407874305.99999976,0.2325415611267089,0,True,74,33,True,74,32,0.952174723148346,627.92578125,-62995026767.98739,2025-11-20 18:30:44
er_4194304_1_6.bin.gz,erdos_renyi,44,SpecAnn,0.7684732793678399,1.0,-1067360066.0000002,-414269269.9999997,0.2318930625915527,0,True,74,33,True,75,32,0.9506341814994812,591.857666015625,-59280520063.55528,2025-11-20 18:30:44
er_4194304_1_6.bin.gz,erdos_renyi,44,SpecAnn,0.7735794702875677,1.0,-1067518084.0,-420944572.0000001,0.2325880527496338,0,True,74,33,True,76,32,0.9490482211112976,558.08447265625,-55804538496.166,2025-11-20 18:30:45
er_4194304_1_6.bin.gz,erdos_renyi,44,SpecAnn,0.7786521769046981,1.0,-1067960822.0000004,-427748765.99999976,0.2318487167358398,0,True,74,33,True,77,32,0.947415053844452,526.4450073242188,-52550226749.83567,2025-11-20 18:30:45
er_4194304_1_6.bin.gz,erdos_renyi,44,SpecAnn,0.7836920494342511,1.0,-1068457716.0000002,-434836074.0000001,0.2324995994567871,0,True,74,33,True,78,32,0.9457330107688904,496.7904968261719,-49502043765.02086,2025-11-20 18:30:45
er_4194304_1_6.bin.gz,erdos_renyi,44,SpecAnn,0.788699717316095,1.0,-1068313996.0,-442015874.0000004,0.2320528030395507,0,True,74,33,True,79,32,0.9439998269081116,468.983642578125,-46645624516.92258,2025-11-20 18:30:45
er_4194304_1_6.bin.gz,erdos_renyi,44,SpecAnn,0.7936757901325451,1.0,-1068893444.0,-449584842.0000003,0.2324748039245605,0,True,74,33,True,80,32,0.9422137141227722,442.8978271484375,-43967753146.44826,2025-11-20 18:30:46
er_4194304_1_6.bin.gz,erdos_renyi,44,SpecAnn,0.7986208584745024,1.0,-1068995254.0,-457507919.9999996,0.2321305274963379,0,True,74,33,True,81,32,0.9403722882270812,418.4152526855469,-41456118020.232,2025-11-20 18:30:46
er_4194304_1_6.bin.gz,erdos_renyi,44,SpecAnn,0.803535494759617,1.0,-1070167336.0000002,-465428552.0000004,0.2322492599487304,0,True,74,33,True,82,32,0.9384731650352478,395.427734375,-39099417479.68087,2025-11-20 18:30:46
er_4194304_1_6.bin.gz,erdos_renyi,44,SpecAnn,0.8084202540056837,1.0,-1070180958.0,-473654607.9999998,0.2323856353759765,0,True,74,33,True,83,32,0.9365137815475464,373.8350830078125,-36887186413.90184,2025-11-20 18:30:46
er_4194304_1_6.bin.gz,erdos_renyi,44,SpecAnn,0.8132756745622272,1.0,-1070071898.0,-482196042.0000001,0.2323923110961914,0,True,74,33,True,84,32,0.9344913363456726,353.54364013671875,-34809646300.55097,2025-11-20 18:30:47
er_4194304_1_6.bin.gz,erdos_renyi,44,SpecAnn,0.8181022788030096,1.0,-1070265100.0000002,-491251519.99999976,0.2321155071258545,0,True,74,33,True,85,32,0.9324028491973876,334.4676513671875,-32857840296.15016,2025-11-20 18:30:47
er_4194304_1_6.bin.gz,erdos_renyi,44,SpecAnn,0.822900573781978,1.0,-1070695308.0,-500610426.0000001,0.2319276332855224,0,True,74,33,True,86,32,0.9302452206611632,316.5270690917969,-31023415232.813454,2025-11-20 18:30:47
er_4194304_1_6.bin.gz,erdos_renyi,44,SpecAnn,0.8276710518549868,1.0,-1071210492.0,-510310344.0000007,0.2323751449584961,0,True,74,33,True,87,32,0.9280149340629578,299.64764404296875,-29298617938.059944,2025-11-20 18:30:47
er_4194304_1_6.bin.gz,erdos_renyi,44,SpecAnn,0.8324141912694495,1.0,-1071760272.0,-520556394.0000008,0.2324268817901611,0,True,74,33,True,88,32,0.9257082939147948,283.7604064941406,-27676250597.80894,2025-11-20 18:30:48
er_4194304_1_6.bin.gz,erdos_renyi,44,SpecAnn,0.8371304567239225,1.0,-1072433094.0,-531258199.9999998,0.2323977947235107,0,True,74,33,True,89,32,0.9233211278915404,268.8016357421875,-26149656147.00536,2025-11-20 18:30:48
er_4194304_1_6.bin.gz,erdos_renyi,44,SpecAnn,0.8418202998994706,1.0,-1073376314.0000004,-542314684.0,0.2322142124176025,0,True,74,33,True,90,32,0.9208491444587708,254.71139526367188,-24712584406.89138,2025-11-20 18:30:48
er_4194304_1_6.bin.gz,erdos_renyi,44,SpecAnn,0.846484159964536,1.0,-1073851218.0,-553877803.9999998,0.2324202060699463,0,True,74,33,True,91,32,0.9182876348495485,241.4347076416016,-23359295514.273067,2025-11-20 18:30:48
er_4194304_1_6.bin.gz,erdos_renyi,44,SpecAnn,0.8511224640549078,1.0,-1074527042.0,-566211078.0000005,0.2319250106811523,0,True,74,33,True,92,32,0.9156311750411988,228.92022705078125,-22084422180.81245,2025-11-20 18:30:48
er_4194304_1_6.bin.gz,erdos_renyi,44,SpecAnn,0.8557356277302758,1.0,-1075013644.0,-578899706.0000007,0.2325706481933593,0,True,74,33,True,93,32,0.912874400615692,217.1197509765625,-20882941053.55706,2025-11-20 18:30:49
er_4194304_1_6.bin.gz,erdos_renyi,44,SpecAnn,0.8603240554087516,1.0,-1076101408.0,-592085676.0000006,0.2321693897247314,0,True,74,33,True,94,32,0.9100106954574584,205.9886779785156,-19750184130.26813,2025-11-20 18:30:49
er_4194304_1_6.bin.gz,erdos_renyi,44,SpecAnn,0.86488814078064,1.0,-1076995268.0000002,-606008604.0,0.2325122356414795,0,True,74,33,True,95,32,0.9070334434509276,195.48580932617188,-18681848199.37802,2025-11-20 18:30:49
er_4194304_1_6.bin.gz,erdos_renyi,44,SpecAnn,0.8694282672026621,1.0,-1078045269.9999998,-620810680.0000004,0.2319355010986328,0,True,74,33,True,96,32,0.9039350152015686,185.572006225586,-17673842259.856335,2025-11-20 18:30:49
er_4194304_1_6.bin.gz,erdos_renyi,44,SpecAnn,0.8739448080737451,1.0,-1079102664.0000005,-636274228.0,0.2329745292663574,0,True,74,33,True,97,32,0.9007070660591125,176.21133422851562,-16722403993.701744,2025-11-20 18:30:50
er_4194304_1_6.bin.gz,erdos_renyi,44,SpecAnn,0.878438127193422,1.0,-1080357734.0,-652356264.0000002,0.231844425201416,0,True,74,33,True,98,32,0.8973405361175537,167.37002563476562,-15823999895.597464,2025-11-20 18:30:50
er_4194304_1_6.bin.gz,erdos_renyi,44,SpecAnn,0.8829085791038153,1.0,-1081249080.0,-669351508.0000007,0.2325637340545654,0,True,74,33,True,99,32,0.8938249349594116,159.01654052734375,-14975318532.72539,2025-11-20 18:30:50
er_4194304_1_6.bin.gz,erdos_renyi,44,SpecAnn,0.8873565094161138,1.0,-1082989334.0,-687075944.0000004,0.232081651687622,0,True,74,33,True,100,32,0.8901488780975342,151.1215362548828,-14173278160.652636,2025-11-20 18:30:50
er_4194304_1_6.bin.gz,erdos_renyi,44,SpecAnn,0.8917822551223932,1.0,-1084332718.0,-705926264.0000002,0.2330052852630615,0,True,74,33,True,101,32,0.8862995505332947,143.6575469970703,-13414987655.997707,2025-11-20 18:30:51
er_4194304_1_6.bin.gz,erdos_renyi,44,SpecAnn,0.8961861448935777,1.0,-1086341204.0000002,-725536738.000001,0.2319452762603759,0,True,74,33,True,102,32,0.8822629451751709,136.5989227294922,-12697745421.047775,2025-11-20 18:30:51
er_4194304_1_6.bin.gz,erdos_renyi,44,SpecAnn,0.9005684993642872,1.0,-1088352972.0000002,-746063238.0000007,0.2325272560119629,0,True,74,33,True,103,32,0.8780226111412048,129.92166137695312,-12019006430.387474,2025-11-20 18:30:51
er_4194304_1_6.bin.gz,erdos_renyi,44,SpecAnn,0.9049296314052688,1.0,-1090618706.0000002,-767444650.0000005,0.2318811416625976,0,True,74,33,True,104,32,0.87356036901474,123.60318756103516,-11376374907.210283,2025-11-20 18:30:51
er_4194304_1_6.bin.gz,erdos_renyi,44,SpecAnn,0.9092698463840684,1.0,-1093289952.0000002,-789718720.0000001,0.2331688404083252,0,True,74,33,True,105,32,0.8688556551933289,117.62255859375,-10767615929.18966,2025-11-20 18:30:51
er_4194304_1_6.bin.gz,erdos_renyi,44,SpecAnn,0.9135894424145556,1.0,-1095651436.0,-813130697.9999998,0.2321522235870361,0,True,74,33,True,106,32,0.863884687423706,111.96017456054688,-10190620879.974825,2025-11-20 18:30:52
er_4194304_1_6.bin.gz,erdos_renyi,44,SpecAnn,0.9178887105958816,1.0,-1098909182.0,-836980013.9999998,0.2330646514892578,0,True,74,33,True,107,32,0.8586206436157227,106.59742736816406,-9643381570.50084,2025-11-20 18:30:52
er_4194304_1_6.bin.gz,erdos_renyi,44,SpecAnn,0.922167935241408,1.0,-1102810898.0000002,-861503231.9999998,0.2322638034820556,0,True,74,33,True,108,32,0.853032112121582,101.51712036132812,-9124014615.576157,2025-11-20 18:30:52
er_4194304_1_6.bin.gz,erdos_renyi,44,SpecAnn,0.92642739409812,1.0,-1106392950.0000002,-886680726.0000006,0.2328066825866699,0,True,74,33,True,109,32,0.8470835089683533,96.70315551757812,-8630742799.955769,2025-11-20 18:30:52
er_4194304_1_6.bin.gz,erdos_renyi,44,SpecAnn,0.9306673585570006,1.0,-1110826358.0,-912269128.0,0.4519884586334228,0,True,74,65,True,110,32,0.8407328128814697,92.14021301269533,-8161848170.425882,2025-11-20 18:30:53
er_4194304_1_6.bin.gz,erdos_renyi,44,SpecAnn,0.9348880938548184,1.0,-1115432594.0000005,-937370512.0,0.4516305923461914,0,True,74,65,True,111,32,0.8339303731918335,87.81411743164062,-7715701802.509479,2025-11-20 18:30:53
er_4194304_1_6.bin.gz,erdos_renyi,44,SpecAnn,0.9390898592677528,1.0,-1120580988.0,-961808834.0,0.6718616485595703,0,True,74,97,True,112,32,0.8266188502311707,83.71147155761719,-7290739533.20913,2025-11-20 18:30:54
er_4194304_1_6.bin.gz,erdos_renyi,44,SpecAnn,0.9432729082972536,1.0,-1125285992.0,-984028000.0000002,1.109222412109375,0,True,74,161,True,113,32,0.8187278509140015,79.81975555419922,-6885433044.93994,2025-11-20 18:30:55
er_4194304_1_6.bin.gz,erdos_renyi,44,SpecAnn,0.9474374888485204,1.0,-1127688286.0000002,-997397224.0,2.4251530170440674,0,True,74,353,True,114,32,0.8101733326911926,76.12716674804688,-6498287366.178009,2025-11-20 18:30:57
er_4194304_1_6.bin.gz,erdos_renyi,44,SpecAnn,0.9515838434019476,1.0,-1121863266.0,-981791368.0000002,7.027787446975708,0,True,74,1025,True,115,32,0.8009272217750549,72.62262725830078,-6128388836.661416,2025-11-20 18:31:05
er_4194304_1_6.bin.gz,erdos_renyi,44,SpecAnn,0.9557122091778746,1.0,-1121265884.0,-979342804.0,1.9859976768493648,0,True,74,289,True,116,32,0.7912207841873169,69.29580688476562,-5776781550.718032,2025-11-20 18:31:07
er_4194304_1_6.bin.gz,erdos_renyi,44,SpecAnn,0.9598228182949629,1.0,-1121017750.0000002,-978679508.0,0.8898191452026367,0,True,74,129,True,117,32,0.7810840010643005,66.13682556152344,-5442800173.154442,2025-11-20 18:31:07
er_4194304_1_6.bin.gz,erdos_renyi,44,SpecAnn,0.963915897922488,1.0,-1120780450.0,-978204724.0,1.1089472770690918,0,True,74,161,True,118,32,0.7705017924308777,63.13659286499024,-5125498337.144097,2025-11-20 18:31:09
er_4194304_1_6.bin.gz,erdos_renyi,44,SpecAnn,0.967991670426842,1.0,-1120878674.0000002,-977986854.0,0.6711838245391846,0,True,74,97,True,119,32,0.7594553232192993,60.286380767822266,-4823949410.526983,2025-11-20 18:31:09
er_4194304_1_6.bin.gz,erdos_renyi,44,SpecAnn,0.9720503535125016,1.0,-1120701422.0,-977788160.0,0.4514548778533935,0,True,74,65,True,120,32,0.7479259967803955,57.57805252075195,-4537293806.26416,2025-11-20 18:31:10
er_4194304_1_6.bin.gz,erdos_renyi,44,SpecAnn,0.9760921603577252,1.0,-1120636292.0,-977668064.0,0.6696510314941406,0,True,74,97,True,121,32,0.7358958721160889,55.00400161743164,-4264734062.4812255,2025-11-20 18:31:10
er_4194304_1_6.bin.gz,erdos_renyi,44,SpecAnn,0.9801172997452104,1.0,-1120376944.0000002,-977577070.0,1.5468270778656006,0,True,74,225,True,122,32,0.7233437895774841,52.55695724487305,-4005495729.3417983,2025-11-20 18:31:12
er_4194304_1_6.bin.gz,erdos_renyi,44,SpecAnn,0.9841259761879442,1.0,-1120418351.9999998,-977413656.0,0.4516501426696777,0,True,74,65,True,123,32,0.7102498412132263,50.23018646240234,-3758869407.7233663,2025-11-20 18:31:12
er_4194304_1_6.bin.gz,erdos_renyi,44,SpecAnn,0.9881183900504562,1.0,-1120322818.0000002,-977285842.0000002,0.6706337928771973,0,True,74,97,True,124,32,0.6965924501419067,48.01723098754883,-3524172654.491781,2025-11-20 18:31:13
er_4194304_1_6.bin.gz,erdos_renyi,44,SpecAnn,0.9920947376656812,1.0,-1120481714.0,-977221792.0000002,0.6702592372894287,0,True,74,97,True,125,32,0.6823498606681824,45.91209411621094,-3300771882.3835664,2025-11-20 18:31:14
er_4194304_1_6.bin.gz,erdos_renyi,44,SpecAnn,0.9960552114476228,1.0,-1120098660.0000002,-976969046.0000004,1.547884464263916,0,True,74,225,True,126,32,0.6674988865852356,43.90909576416016,-3088064345.796206,2025-11-20 18:31:15
er_4194304_1_6.bin.gz,erdos_renyi,44,SpecAnn,1.0,1.0,-1120154448.0,-976803882.0,1.547616958618164,0,True,74,225,True,127,32,0.6520164608955383,42.00282669067383,-2885482072.567058,2025-11-20 18:31:17
er_4194304_1_6.bin.gz,erdos_renyi,45,SpecAnn,0.0,1.0,-1062558004.0,-217348954.00000072,0.3517775535583496,0,True,59,33,True,0,32,0.99943608045578,4194305.0,-441668540109680.7,2025-11-20 18:32:00
er_4194304_1_6.bin.gz,erdos_renyi,45,SpecAnn,0.0887356509416113,1.0,-1062258006.0000004,-217395112.0000006,0.2320802211761474,0,True,59,33,True,1,32,0.9990591406822203,1504994.0,-158419048306848.16,2025-11-20 18:32:00
er_4194304_1_6.bin.gz,erdos_renyi,45,SpecAnn,0.1254911610276317,1.0,-1062675040.0000004,-217625114.00000063,0.2319278717041015,0,True,59,33,True,2,32,0.9988367557525636,984444.5625,-103601779176385.52,2025-11-20 18:32:01
er_4194304_1_6.bin.gz,erdos_renyi,45,SpecAnn,0.1536946558735679,1.0,-1062298772.0,-218070336.00000048,0.2327625751495361,0,True,59,33,True,3,32,0.9986311197280884,710808.6875,-74789263505683.98,2025-11-20 18:32:01
er_4194304_1_6.bin.gz,erdos_renyi,45,SpecAnn,0.1774713018832227,1.0,-1062354676.0,-218690958.00000045,0.2330195903778076,0,True,59,33,True,4,32,0.9984297156333924,540161.375,-56822777479338.86,2025-11-20 18:32:01
er_4194304_1_6.bin.gz,erdos_renyi,45,SpecAnn,0.1984189475331362,1.0,-1062745776.0,-219448372.0000005,0.2322666645050048,0,True,59,33,True,5,32,0.9982278943061828,424118.46875,-44606517661444.82,2025-11-20 18:32:01
er_4194304_1_6.bin.gz,erdos_renyi,45,SpecAnn,0.2173570668006655,1.0,-1062586532.0,-220274854.0000006,0.2320537567138672,0,True,59,33,True,6,32,0.9980230927467346,340825.875,-35838892657908.42,2025-11-20 18:32:02
er_4194304_1_6.bin.gz,erdos_renyi,45,SpecAnn,0.2347724648169381,1.0,-1062801950.0,-221086548.0000008,0.2320015430450439,0,True,59,33,True,7,32,0.9978139400482178,278751.59375,-29305447660795.44,2025-11-20 18:32:02
er_4194304_1_6.bin.gz,erdos_renyi,45,SpecAnn,0.2509823220552634,1.0,-1062448691.9999998,-221984120.0000008,0.2332189083099365,0,True,59,33,True,8,32,0.9975994229316713,231180.03125,-24298974269441.293,2025-11-20 18:32:02
er_4194304_1_6.bin.gz,erdos_renyi,45,SpecAnn,0.2662069528248341,1.0,-1062509560.0,-222876156.00000083,0.2321443557739257,0,True,59,33,True,9,32,0.9973788261413574,193921.546875,-20378285607246.57,2025-11-20 18:32:02
er_4194304_1_6.bin.gz,erdos_renyi,45,SpecAnn,0.2806067666331568,1.0,-1062359690.0,-223789780.0000009,0.2319779396057129,0,True,59,33,True,10,32,0.997151494026184,164225.234375,-17253708978299.72,2025-11-20 18:32:03
er_4194304_1_6.bin.gz,erdos_renyi,45,SpecAnn,0.2943028597012718,1.0,-1062627582.0,-224779302.00000063,0.2319211959838867,0,True,59,33,True,11,32,0.9969170689582824,140211.75,-14727359070406.264,2025-11-20 18:32:03
er_4194304_1_6.bin.gz,erdos_renyi,45,SpecAnn,0.3073893117471359,1.0,-1062625968.0000002,-225714480.0000009,0.2326564788818359,0,True,59,33,True,12,32,0.9966749548912048,120555.578125,-12659667199952.236,2025-11-20 18:32:03
er_4194304_1_6.bin.gz,erdos_renyi,45,SpecAnn,0.3199409394316542,1.0,-1062498300.0,-226787106.0000009,0.2320332527160644,0,True,59,33,True,13,32,0.996424913406372,104297.4453125,-10949636002432.809,2025-11-20 18:32:03
er_4194304_1_6.bin.gz,erdos_renyi,45,SpecAnn,0.3320184038158743,1.0,-1062692386.0,-227912522.00000107,0.2321159839630127,0,True,59,33,True,14,32,0.996166467666626,90727.4453125,-9522523097644.99,2025-11-20 18:32:03
er_4194304_1_6.bin.gz,erdos_renyi,45,SpecAnn,0.3436716983117353,1.0,-1062273002.0,-229058414.0000009,0.2319543361663818,0,True,59,33,True,15,32,0.995899498462677,79310.7109375,-8322020673816.878,2025-11-20 18:32:04
er_4194304_1_6.bin.gz,erdos_renyi,45,SpecAnn,0.3549426037664455,1.0,-1062805724.0,-230169142.00000083,0.2327368259429931,0,True,59,33,True,16,32,0.9956235885620116,69637.5703125,-7305000016291.928,2025-11-20 18:32:04
er_4194304_1_6.bin.gz,erdos_renyi,45,SpecAnn,0.3658664615902029,1.0,-1062584332.0,-231385704.0000009,0.2320551872253418,0,True,59,33,True,17,32,0.9953383803367616,61389.83203125,-6437965273013.232,2025-11-20 18:32:04
er_4194304_1_6.bin.gz,erdos_renyi,45,SpecAnn,0.3764734830828951,1.0,-1062751048.0,-232640988.0000007,0.2319617271423339,0,True,59,33,True,18,32,0.9950436353683472,54317.390625,-5694589965144.803,2025-11-20 18:32:04
er_4194304_1_6.bin.gz,erdos_renyi,45,SpecAnn,0.3867897351437838,1.0,-1062954703.9999998,-233953482.00000072,0.2317719459533691,0,True,59,33,True,19,32,0.9947390556335448,48221.44140625,-5053948258019.213,2025-11-20 18:32:05
er_4194304_1_6.bin.gz,erdos_renyi,45,SpecAnn,0.3968378950662725,1.0,-1062383640.0,-235271840.0000004,0.2324299812316894,0,True,59,33,True,20,32,0.9944245219230652,42942.43359375,-4499247787230.3545,2025-11-20 18:32:05
er_4194304_1_6.bin.gz,erdos_renyi,45,SpecAnn,0.4066378372811136,1.0,-1062587513.9999996,-236608346.00000045,0.231966495513916,0,True,59,33,True,21,32,0.9940994381904602,38351.14453125,-4016886785649.048,2025-11-20 18:32:05
er_4194304_1_6.bin.gz,erdos_renyi,45,SpecAnn,0.4162070956347247,1.0,-1062903366.0,-238010598.0000005,0.232060432434082,0,True,59,33,True,22,32,0.9937636852264404,34342.15234375,-3595771340831.58,2025-11-20 18:32:05
er_4194304_1_6.bin.gz,erdos_renyi,45,SpecAnn,0.4255612320274539,1.0,-1062679542.0,-239418872.0000001,0.2317667007446289,0,True,59,33,True,23,32,0.9934170842170716,30828.771484375,-3226779408510.0234,2025-11-20 18:32:06
er_4194304_1_6.bin.gz,erdos_renyi,45,SpecAnn,0.434714133601331,1.0,-1062949392.0,-240895998.0000004,0.2323005199432373,0,True,59,33,True,24,32,0.9930590987205504,27739.2265625,-2902357302708.7866,2025-11-20 18:32:06
er_4194304_1_6.bin.gz,erdos_renyi,45,SpecAnn,0.4436782547080569,1.0,-1063247895.9999998,-242384822.0000005,0.2327165603637695,0,True,59,33,True,25,32,0.992689609527588,25013.8125,-2616223245183.6943,2025-11-20 18:32:06
er_4194304_1_6.bin.gz,erdos_renyi,45,SpecAnn,0.4524648157026343,1.0,-1062875338.0000002,-243886068.0,0.2318949699401855,0,True,59,33,True,26,32,0.9923083186149596,22602.48828125,-2363112071178.7056,2025-11-20 18:32:06
er_4194304_1_6.bin.gz,erdos_renyi,45,SpecAnn,0.4610839676207039,1.0,-1062775548.0000002,-245548123.99999973,0.2320783138275146,0,True,59,33,True,27,32,0.991914927959442,20463.16015625,-2138595080088.0745,2025-11-20 18:32:07
er_4194304_1_6.bin.gz,erdos_renyi,45,SpecAnn,0.4695449296338763,1.0,-1062970329.9999998,-247139634.00000048,0.2319436073303222,0,True,59,33,True,28,32,0.9915090203285216,18560.216796875,-1938925615265.0164,2025-11-20 18:32:07
er_4194304_1_6.bin.gz,erdos_renyi,45,SpecAnn,0.4778561045889373,1.0,-1062751599.9999998,-248751470.00000045,0.2327837944030761,0,True,59,33,True,29,32,0.9910904169082642,16863.390625,-1760919938158.4204,2025-11-20 18:32:07
er_4194304_1_6.bin.gz,erdos_renyi,45,SpecAnn,0.4860251767562508,1.0,-1062868626.0,-250518388.00000027,0.2321960926055908,0,True,59,33,True,30,32,0.9906587600708008,15346.869140625,-1601862770908.764,2025-11-20 18:32:07
er_4194304_1_6.bin.gz,erdos_renyi,45,SpecAnn,0.4940591950252281,1.0,-1063312710.0000002,-252308364.00000057,0.2328078746795654,0,True,59,33,True,31,32,0.9902136325836182,13988.54296875,-1459428476907.9602,2025-11-20 18:32:07
er_4194304_1_6.bin.gz,erdos_renyi,45,SpecAnn,0.5019646441105269,1.0,-1063285084.0,-254146252.0000004,0.2317829132080078,0,True,59,33,True,32,32,0.9897549748420716,12769.40234375,-1331618126329.8508,2025-11-20 18:32:08
er_4194304_1_6.bin.gz,erdos_renyi,45,SpecAnn,0.5097475058154177,1.0,-1062991040.0,-256020808.0000001,0.2328336238861084,0,True,59,33,True,33,32,0.9892821907997132,11673.0322265625,-1216705046092.663,2025-11-20 18:32:08
er_4194304_1_6.bin.gz,erdos_renyi,45,SpecAnn,0.51741331199832,1.0,-1063146464.0000002,-258023722.00000003,0.2319886684417724,0,True,59,33,True,34,32,0.988795042037964,10685.240234375,-1113196942176.4463,2025-11-20 18:32:08
er_4194304_1_6.bin.gz,erdos_renyi,45,SpecAnn,0.5249671905758515,1.0,-1063338070.0,-260040364.0000001,0.2323534488677978,0,True,59,33,True,35,32,0.9882932305336,9793.7001953125,-1019797774022.078,2025-11-20 18:32:08
er_4194304_1_6.bin.gz,erdos_renyi,45,SpecAnn,0.5324139056496683,1.0,-1063388634.0,-262143917.9999996,0.2322967052459716,0,True,59,33,True,36,32,0.9877762794494628,8987.6708984375,-935378079489.88,2025-11-20 18:32:09
er_4194304_1_6.bin.gz,erdos_renyi,45,SpecAnn,0.5397578926492556,1.0,-1063550544.0,-264300645.99999967,0.23244309425354,0,True,59,33,True,37,32,0.987243950366974,8257.775390625,-858952169500.8236,2025-11-20 18:32:09
er_4194304_1_6.bin.gz,erdos_renyi,45,SpecAnn,0.5470032892270364,1.0,-1063533574.0,-266490353.9999993,0.2318677902221679,0,True,59,33,True,38,32,0.9866957664489746,7595.8115234375,-789657707265.8439,2025-11-20 18:32:09
er_4194304_1_6.bin.gz,erdos_renyi,45,SpecAnn,0.554153962516942,1.0,-1063086390.0,-268727821.99999946,0.2321462631225586,0,True,59,33,True,39,32,0.986131489276886,6994.56103515625,-726736085014.693,2025-11-20 18:32:09
er_4194304_1_6.bin.gz,erdos_renyi,45,SpecAnn,0.5612135332663137,1.0,-1063753894.0,-271165873.99999946,0.2330617904663086,0,True,59,33,True,40,32,0.985550582408905,6447.69287109375,-669521757468.459,2025-11-20 18:32:10
er_4194304_1_6.bin.gz,erdos_renyi,45,SpecAnn,0.5681853972686127,1.0,-1063780478.0,-273644303.9999992,0.2318408489227295,0,True,59,33,True,41,32,0.984952747821808,5949.61328125,-617426929876.6155,2025-11-20 18:32:10
er_4194304_1_6.bin.gz,erdos_renyi,45,SpecAnn,0.5750727444570146,1.0,-1064052108.0,-276129067.9999992,0.2319185733795166,0,True,59,33,True,42,32,0.9843375086784364,5495.37451171875,-569931634266.1061,2025-11-20 18:32:10
er_4194304_1_6.bin.gz,erdos_renyi,45,SpecAnn,0.5818785759635375,1.0,-1063880094.0,-278697775.99999934,0.2318854331970214,0,True,59,33,True,43,32,0.9837044477462769,5080.60302734375,-526576327734.5943,2025-11-20 18:32:10
er_4194304_1_6.bin.gz,erdos_renyi,45,SpecAnn,0.5886057194025436,1.0,-1063794490.0,-281337127.9999999,0.2325971126556396,0,True,59,33,True,44,32,0.9830532073974608,4701.416015625,-486953106485.1143,2025-11-20 18:32:10
er_4194304_1_6.bin.gz,erdos_renyi,45,SpecAnn,0.5952568425994088,1.0,-1064242380.0,-284000483.9999995,0.2329773902893066,0,True,59,33,True,45,32,0.9823833107948304,4354.35205078125,-450698329760.0535,2025-11-20 18:32:11
er_4194304_1_6.bin.gz,erdos_renyi,45,SpecAnn,0.6018344659534288,1.0,-1063888004.0,-286837692.0000002,0.2320051193237304,0,True,59,33,True,46,32,0.9816942811012268,4036.341796875,-417489569802.3304,2025-11-20 18:32:11
er_4194304_1_6.bin.gz,erdos_renyi,45,SpecAnn,0.6083409735974393,1.0,-1064238067.9999996,-289681426.0000006,0.2329750061035156,0,True,59,33,True,47,32,0.9809856414794922,3744.6357421875,-387038049891.445,2025-11-20 18:32:11
er_4194304_1_6.bin.gz,erdos_renyi,45,SpecAnn,0.6147786234942719,1.0,-1063902105.9999996,-292744617.99999964,0.2323052883148193,0,True,59,33,True,48,32,0.9802567958831788,3476.779296875,-359085954770.4515,2025-11-20 18:32:11
er_4194304_1_6.bin.gz,erdos_renyi,45,SpecAnn,0.6211495565912796,1.0,-1064239758.0,-295785633.9999999,0.232527494430542,0,True,59,33,True,49,32,0.979507565498352,3230.577392578125,-333402903859.5131,2025-11-20 18:32:12
er_4194304_1_6.bin.gz,erdos_renyi,45,SpecAnn,0.6274558051381586,1.0,-1064386813.9999996,-298998792.0000003,0.2320325374603271,0,True,59,33,True,50,32,0.9787372350692748,3004.0556640625,-309781530034.7774,2025-11-20 18:32:12
er_4194304_1_6.bin.gz,erdos_renyi,45,SpecAnn,0.6336993002596786,1.0,-1064168428.0,-302149570.0000003,0.2322967052459716,0,True,59,33,True,51,32,0.9779452681541444,2795.44921875,-288036543648.04614,2025-11-20 18:32:12
er_4194304_1_6.bin.gz,erdos_renyi,45,SpecAnn,0.6398818788633085,1.0,-1064533920.0000004,-305465264.0000005,0.2326717376708984,0,True,59,33,True,52,32,0.9771309494972228,2603.163818359375,-268000560554.29425,2025-11-20 18:32:12
er_4194304_1_6.bin.gz,erdos_renyi,45,SpecAnn,0.6460052899517691,1.0,-1064874900.0,-308889926.0000003,0.2323493957519531,0,True,59,33,True,53,32,0.9762941002845764,2425.76513671875,-249523152518.7444,2025-11-20 18:32:13
er_4194304_1_6.bin.gz,erdos_renyi,45,SpecAnn,0.6520712004019966,1.0,-1064913104.0,-312405582.00000006,0.2323601245880127,0,True,59,33,True,54,32,0.9754338264465332,2261.962158203125,-232468750325.47,2025-11-20 18:32:13
er_4194304_1_6.bin.gz,erdos_renyi,45,SpecAnn,0.6580812002646271,1.0,-1064948924.0000004,-316048007.9999994,0.2323877811431884,0,True,59,33,True,55,32,0.9745495319366456,2110.5869140625,-216714810358.4632,2025-11-20 18:32:13
er_4194304_1_6.bin.gz,erdos_renyi,45,SpecAnn,0.6640368076317485,1.0,-1065103328.0,-319739381.9999994,0.2322666645050048,0,True,59,33,True,56,32,0.9736407995224,1970.582763671875,-202150527010.63788,2025-11-20 18:32:13
er_4194304_1_6.bin.gz,erdos_renyi,45,SpecAnn,0.6699394731151429,1.0,-1065740380.0,-323570355.9999995,0.232692003250122,0,True,59,33,True,57,32,0.9727067351341248,1840.995849609375,-188675785271.3725,2025-11-20 18:32:13
er_4194304_1_6.bin.gz,erdos_renyi,45,SpecAnn,0.6757905839724513,1.0,-1065544116.0,-327392751.9999992,0.2324099540710449,0,True,59,33,True,58,32,0.9717468023300172,1720.9581298828125,-176199575699.24106,2025-11-20 18:32:14
er_4194304_1_6.bin.gz,erdos_renyi,45,SpecAnn,0.6815914679145113,1.0,-1065618591.9999998,-331442173.99999946,0.2322275638580322,0,True,59,33,True,59,32,0.97076016664505,1609.6856689453125,-164639659369.84094,2025-11-20 18:32:14
er_4194304_1_6.bin.gz,erdos_renyi,45,SpecAnn,0.6873433966234707,1.0,-1065629100.0,-335597077.9999995,0.2324361801147461,0,True,59,33,True,60,32,0.9697463512420654,1506.462158203125,-153920978230.79935,2025-11-20 18:32:14
er_4194304_1_6.bin.gz,erdos_renyi,45,SpecAnn,0.6930475890080863,1.0,-1065419735.9999998,-339899451.9999991,0.2323729991912841,0,True,59,33,True,61,32,0.9687042832374572,1410.639892578125,-143975572875.25122,2025-11-20 18:32:14
er_4194304_1_6.bin.gz,erdos_renyi,45,SpecAnn,0.6987052142198116,1.0,-1065906486.0,-344153937.99999934,0.2324709892272949,0,True,59,33,True,62,32,0.9676332473754884,1321.626708984375,-134741389821.88371,2025-11-20 18:32:15
er_4194304_1_6.bin.gz,erdos_renyi,45,SpecAnn,0.7043173944508145,1.0,-1065943542.0,-348677691.99999946,0.2328426837921142,0,True,59,33,True,63,32,0.9665324687957764,1238.8837890625,-126161967113.77864,2025-11-20 18:32:15
er_4194304_1_6.bin.gz,erdos_renyi,45,SpecAnn,0.709885207532891,1.0,-1066103758.0,-353324079.9999999,0.2324280738830566,0,True,59,33,True,64,32,0.9654009342193604,1161.9202880859375,-118185850119.32048,2025-11-20 18:32:15
er_4194304_1_6.bin.gz,erdos_renyi,45,SpecAnn,0.7154096893543218,1.0,-1066156532.0,-358054649.9999992,0.2325596809387207,0,True,59,33,True,65,32,0.9642380475997924,1090.286376953125,-110765951782.4164,2025-11-20 18:32:15
er_4194304_1_6.bin.gz,erdos_renyi,45,SpecAnn,0.7208918361100219,1.0,-1066099096.0000002,-362906383.9999993,0.2323131561279297,0,True,59,33,True,66,32,0.9630424976348876,1023.572998046875,-103859375468.73302,2025-11-20 18:32:16
er_4194304_1_6.bin.gz,erdos_renyi,45,SpecAnn,0.7263326063988248,1.0,-1066169755.9999996,-367934888.0,0.2324423789978027,0,True,59,33,True,67,32,0.9618134498596193,961.4042358398438,-97426771426.65083,2025-11-20 18:32:16
er_4194304_1_6.bin.gz,erdos_renyi,45,SpecAnn,0.7317329231804058,1.0,-1066133544.0,-373042876.0000004,0.2322902679443359,0,True,59,33,True,68,32,0.960549771785736,903.4368896484376,-91432190991.10924,2025-11-20 18:32:16
er_4194304_1_6.bin.gz,erdos_renyi,45,SpecAnn,0.7370936756031579,1.0,-1066730596.0,-378411432.0000001,0.2325255870819091,0,True,59,33,True,69,32,0.9592503905296326,849.35546875,-85842608467.1327,2025-11-20 18:32:16
er_4194304_1_6.bin.gz,erdos_renyi,45,SpecAnn,0.7424157207132704,1.0,-1066877110.0,-383960654.0,0.2322320938110351,0,True,59,33,True,70,32,0.957914173603058,798.8721313476562,-80627891761.80759,2025-11-20 18:32:17
er_4194304_1_6.bin.gz,erdos_renyi,45,SpecAnn,0.7476998850543153,1.0,-1067011528.0,-389733356.0000004,0.2325215339660644,0,True,59,33,True,71,32,0.9565398693084716,751.721435546875,-75760257953.44418,2025-11-20 18:32:17
er_4194304_1_6.bin.gz,erdos_renyi,45,SpecAnn,0.7529469661657903,1.0,-1066906130.0,-395616052.00000006,0.2318432331085205,0,True,59,33,True,72,32,0.9551260471343994,707.659423828125,-71214170026.01231,2025-11-20 18:32:17
er_4194304_1_6.bin.gz,erdos_renyi,45,SpecAnn,0.7581577339883167,1.0,-1067220690.0,-401517156.0000005,0.233243703842163,0,True,59,33,True,73,32,0.9536715149879456,666.462890625,-66966286601.60191,2025-11-20 18:32:17
er_4194304_1_6.bin.gz,erdos_renyi,45,SpecAnn,0.7633329321824984,1.0,-1066875072.0,-407874306.0000005,0.2324042320251464,0,True,59,33,True,74,32,0.9521747827529908,627.9255981445312,-62995031474.431946,2025-11-20 18:32:17
er_4194304_1_6.bin.gz,erdos_renyi,45,SpecAnn,0.7684732793678399,1.0,-1067680640.0,-414269270.0000007,0.2328147888183593,0,True,59,33,True,75,32,0.9506341814994812,591.8575439453125,-59280525841.46156,2025-11-20 18:32:18
er_4194304_1_6.bin.gz,erdos_renyi,45,SpecAnn,0.7735794702875677,1.0,-1068433034.0,-420944572.0000007,0.2323999404907226,0,True,59,33,True,76,32,0.9490482807159424,558.0844116210938,-55804552846.63183,2025-11-20 18:32:18
er_4194304_1_6.bin.gz,erdos_renyi,45,SpecAnn,0.7786521769046981,1.0,-1068157952.0,-427750364.0000008,0.2326805591583252,0,True,59,33,True,77,32,0.947415053844452,526.4448852539062,-52550230525.04226,2025-11-20 18:32:18
er_4194304_1_6.bin.gz,erdos_renyi,45,SpecAnn,0.7836920494342511,1.0,-1068488723.9999998,-434835598.0000006,0.232107400894165,0,True,59,33,True,78,32,0.9457329511642456,496.7904052734375,-49502046557.10495,2025-11-20 18:32:18
er_4194304_1_6.bin.gz,erdos_renyi,45,SpecAnn,0.788699717316095,1.0,-1068827263.9999998,-442014834.00000113,0.2325422763824463,0,True,59,33,True,79,32,0.9439998269081116,468.9835205078125,-46645626542.72777,2025-11-20 18:32:19
er_4194304_1_6.bin.gz,erdos_renyi,45,SpecAnn,0.7936757901325451,1.0,-1069195588.0000002,-449584940.0000002,0.2322783470153808,0,True,59,33,True,80,32,0.9422137141227722,442.8977661132813,-43967760441.05027,2025-11-20 18:32:19
er_4194304_1_6.bin.gz,erdos_renyi,45,SpecAnn,0.7986208584745024,1.0,-1069489164.0,-457507222.0000005,0.2328298091888427,0,True,59,33,True,81,32,0.940372347831726,418.41510009765625,-41456118120.56262,2025-11-20 18:32:19
er_4194304_1_6.bin.gz,erdos_renyi,45,SpecAnn,0.803535494759617,1.0,-1069977950.0,-465428658.0000005,0.2322878837585449,0,True,59,33,True,82,32,0.9384731650352478,395.42767333984375,-39099423319.74255,2025-11-20 18:32:19
er_4194304_1_6.bin.gz,erdos_renyi,45,SpecAnn,0.8084202540056837,1.0,-1070290508.0000004,-473654608.0000003,0.2323567867279052,0,True,59,33,True,83,32,0.9365137815475464,373.8349914550781,-36887188583.43021,2025-11-20 18:32:20
er_4194304_1_6.bin.gz,erdos_renyi,45,SpecAnn,0.8132756745622272,1.0,-1069811658.0,-482196042.0000003,0.2323663234710693,0,True,59,33,True,84,32,0.9344913959503174,353.54351806640625,-34809647074.12828,2025-11-20 18:32:20
er_4194304_1_6.bin.gz,erdos_renyi,45,SpecAnn,0.8181022788030096,1.0,-1070858876.0,-491251520.0000001,0.2324953079223632,0,True,59,33,True,85,32,0.9324028491973876,334.4675598144531,-32857841281.55337,2025-11-20 18:32:20
er_4194304_1_6.bin.gz,erdos_renyi,45,SpecAnn,0.822900573781978,1.0,-1071197808.0,-500610980.0000008,0.2325608730316162,0,True,59,33,True,86,32,0.9302451610565186,316.5269775390625,-31023413694.0858,2025-11-20 18:32:20
er_4194304_1_6.bin.gz,erdos_renyi,45,SpecAnn,0.8276710518549868,1.0,-1071723221.9999998,-510310344.0000003,0.2324566841125488,0,True,59,33,True,87,32,0.9280149340629578,299.6475830078125,-29298620868.709354,2025-11-20 18:32:20
er_4194304_1_6.bin.gz,erdos_renyi,45,SpecAnn,0.8324141912694495,1.0,-1072306338.0,-520556394.00000095,0.2325842380523681,0,True,59,33,True,88,32,0.9257082939147948,283.7603454589844,-27676253050.551712,2025-11-20 18:32:21
er_4194304_1_6.bin.gz,erdos_renyi,45,SpecAnn,0.8371304567239225,1.0,-1072892242.0,-531258644.0000008,0.2325425148010254,0,True,59,33,True,89,32,0.9233211278915404,268.8015441894531,-26149655182.6244,2025-11-20 18:32:21
er_4194304_1_6.bin.gz,erdos_renyi,45,SpecAnn,0.8418202998994706,1.0,-1073445600.0,-542314610.0000004,0.2328007221221923,0,True,59,33,True,90,32,0.9208492040634156,254.7113494873047,-24712589070.798656,2025-11-20 18:32:21
er_4194304_1_6.bin.gz,erdos_renyi,45,SpecAnn,0.846484159964536,1.0,-1073931238.0,-553877616.0000001,0.232435941696167,0,True,59,33,True,91,32,0.9182876348495485,241.4346618652344,-23359298179.92397,2025-11-20 18:32:21
er_4194304_1_6.bin.gz,erdos_renyi,45,SpecAnn,0.8511224640549078,1.0,-1074734420.0,-566211078.0000006,0.2325437068939209,0,True,59,33,True,92,32,0.9156312346458436,228.920166015625,-22084424437.651867,2025-11-20 18:32:22
er_4194304_1_6.bin.gz,erdos_renyi,45,SpecAnn,0.8557356277302758,1.0,-1075766120.0000002,-578898822.0000005,0.2328062057495117,0,True,59,33,True,93,32,0.9128744602203368,217.1197052001953,-20882944356.723804,2025-11-20 18:32:22
er_4194304_1_6.bin.gz,erdos_renyi,45,SpecAnn,0.8603240554087516,1.0,-1076082274.0,-592087418.0000005,0.2322738170623779,0,True,59,33,True,94,32,0.9100106954574584,205.9886474609375,-19750187202.70419,2025-11-20 18:32:22
er_4194304_1_6.bin.gz,erdos_renyi,45,SpecAnn,0.86488814078064,1.0,-1077285424.0,-606008604.0000002,0.2320654392242431,0,True,59,33,True,95,32,0.9070335030555724,195.4857482910156,-18681849268.119667,2025-11-20 18:32:22
er_4194304_1_6.bin.gz,erdos_renyi,45,SpecAnn,0.8694282672026621,1.0,-1077972638.0000002,-620809472.0000002,0.2329092025756836,0,True,59,33,True,96,32,0.9039350748062134,185.57196044921875,-17673844433.360676,2025-11-20 18:32:23
er_4194304_1_6.bin.gz,erdos_renyi,45,SpecAnn,0.8739448080737451,1.0,-1079523850.0000002,-636274106.0000001,0.2326664924621582,0,True,59,33,True,97,32,0.9007071256637573,176.2112579345703,-16722402938.911415,2025-11-20 18:32:23
er_4194304_1_6.bin.gz,erdos_renyi,45,SpecAnn,0.878438127193422,1.0,-1080070676.0,-652356041.9999996,0.2321257591247558,0,True,59,33,True,98,32,0.8973405361175537,167.36997985839844,-15824000373.682362,2025-11-20 18:32:23
er_4194304_1_6.bin.gz,erdos_renyi,45,SpecAnn,0.8829085791038153,1.0,-1081474940.0000002,-669352169.9999998,0.2325716018676757,0,True,59,33,True,99,32,0.8938249349594116,159.01651000976562,-14975320206.99828,2025-11-20 18:32:23
er_4194304_1_6.bin.gz,erdos_renyi,45,SpecAnn,0.8873565094161138,1.0,-1082748946.0,-687075943.9999992,0.2324156761169433,0,True,59,33,True,100,32,0.8901488184928894,151.1215057373047,-14173278654.105171,2025-11-20 18:32:23
er_4194304_1_6.bin.gz,erdos_renyi,45,SpecAnn,0.8917822551223932,1.0,-1084420974.0,-705926263.9999998,0.2327101230621338,0,True,59,33,True,101,32,0.8862996101379395,143.65750122070312,-13414988357.84974,2025-11-20 18:32:24
er_4194304_1_6.bin.gz,erdos_renyi,45,SpecAnn,0.8961861448935777,1.0,-1086825106.0,-725536631.9999995,0.2321550846099853,0,True,59,33,True,102,32,0.8822629451751709,136.598876953125,-12697745022.357117,2025-11-20 18:32:24
er_4194304_1_6.bin.gz,erdos_renyi,45,SpecAnn,0.9005684993642872,1.0,-1088484612.0000002,-746062915.9999995,0.2331044673919677,0,True,59,33,True,103,32,0.8780225515365601,129.921630859375,-12019006441.677982,2025-11-20 18:32:24
er_4194304_1_6.bin.gz,erdos_renyi,45,SpecAnn,0.9049296314052688,1.0,-1090982037.9999995,-767445820.0000002,0.2321040630340576,0,True,59,33,True,104,32,0.8735604882240295,123.6031494140625,-11376376403.83854,2025-11-20 18:32:24
er_4194304_1_6.bin.gz,erdos_renyi,45,SpecAnn,0.9092698463840684,1.0,-1093218674.0000002,-789720306.0000001,0.2324216365814209,0,True,59,33,True,105,32,0.8688557147979736,117.62252044677734,-10767616446.047235,2025-11-20 18:32:25
er_4194304_1_6.bin.gz,erdos_renyi,45,SpecAnn,0.9135894424145556,1.0,-1096054438.0000002,-813129963.9999999,0.2326459884643554,0,True,59,33,True,106,32,0.8638847470283508,111.96013641357422,-10190621206.00884,2025-11-20 18:32:25
er_4194304_1_6.bin.gz,erdos_renyi,45,SpecAnn,0.9178887105958816,1.0,-1098840800.0,-836980918.0000001,0.2327661514282226,0,True,59,33,True,107,32,0.8586206436157227,106.59739685058594,-9643381738.57038,2025-11-20 18:32:25
er_4194304_1_6.bin.gz,erdos_renyi,45,SpecAnn,0.922167935241408,1.0,-1102637240.0000002,-861503149.9999995,0.2323880195617675,0,True,59,33,True,108,32,0.8530321717262268,101.51709747314452,-9124015967.108973,2025-11-20 18:32:25
er_4194304_1_6.bin.gz,erdos_renyi,45,SpecAnn,0.92642739409812,1.0,-1106397166.0,-886680725.9999998,0.2323849201202392,0,True,59,33,True,109,32,0.8470835089683533,96.70314025878906,-8630744059.41136,2025-11-20 18:32:26
er_4194304_1_6.bin.gz,erdos_renyi,45,SpecAnn,0.9306673585570006,1.0,-1110920302.0,-912269942.0,0.4518249034881592,0,True,59,65,True,110,32,0.8407325744628906,92.14019012451172,-8161846307.290992,2025-11-20 18:32:26
er_4194304_1_6.bin.gz,erdos_renyi,45,SpecAnn,0.9348880938548184,1.0,-1115440864.0,-937370308.0,0.4515857696533203,0,True,59,65,True,111,32,0.8339303731918335,87.81410217285156,-7715702805.197961,2025-11-20 18:32:26
er_4194304_1_6.bin.gz,erdos_renyi,45,SpecAnn,0.9390898592677528,1.0,-1120619144.0,-961806820.0000002,0.6713736057281494,0,True,59,97,True,112,32,0.8266187310218811,83.71145629882812,-7290739367.163636,2025-11-20 18:32:27
er_4194304_1_6.bin.gz,erdos_renyi,45,SpecAnn,0.9432729082972536,1.0,-1125360113.9999998,-984028838.0,1.1093313694000244,0,True,59,161,True,113,32,0.8187277913093567,79.81973266601562,-6885432660.503655,2025-11-20 18:32:28
er_4194304_1_6.bin.gz,erdos_renyi,45,SpecAnn,0.9474374888485204,1.0,-1127548914.0,-997401734.0,2.4234681129455566,0,True,59,353,True,114,32,0.8101734519004822,76.12715148925781,-6498288993.47247,2025-11-20 18:32:31
er_4194304_1_6.bin.gz,erdos_renyi,45,SpecAnn,0.9515838434019476,1.0,-1121866990.0000002,-981685288.0,7.037765741348267,0,True,59,1025,True,115,32,0.800926923751831,72.62261199951172,-6128387129.955213,2025-11-20 18:32:38
er_4194304_1_6.bin.gz,erdos_renyi,45,SpecAnn,0.9557122091778746,1.0,-1121173650.0,-979313478.0,1.9868979454040527,0,True,59,289,True,116,32,0.7912205457687378,69.29578399658203,-5776779656.452324,2025-11-20 18:32:40
er_4194304_1_6.bin.gz,erdos_renyi,45,SpecAnn,0.9598228182949629,1.0,-1120959656.0,-978690452.0,0.890700101852417,0,True,59,129,True,117,32,0.7810840010643005,66.13681030273438,-5442800570.485161,2025-11-20 18:32:41
er_4194304_1_6.bin.gz,erdos_renyi,45,SpecAnn,0.963915897922488,1.0,-1120844454.0,-978259326.0,0.8905656337738037,0,True,59,129,True,118,32,0.7705018520355225,63.13657379150391,-5125498741.93581,2025-11-20 18:32:41
er_4194304_1_6.bin.gz,erdos_renyi,45,SpecAnn,0.967991670426842,1.0,-1120592390.0,-978002898.0,0.671414852142334,0,True,59,97,True,119,32,0.7594552636146545,60.28636169433594,-4823948970.832916,2025-11-20 18:32:42
er_4194304_1_6.bin.gz,erdos_renyi,45,SpecAnn,0.9720503535125016,1.0,-1120554164.0000002,-977957880.0,7.0287275314331055,0,True,59,1025,True,120,32,0.7479258179664612,57.57802963256836,-4537292295.894899,2025-11-20 18:32:49
er_4194304_1_6.bin.gz,erdos_renyi,45,SpecAnn,0.9760921603577252,1.0,-1120644050.0,-977762798.0000002,1.5492310523986816,0,True,59,225,True,121,32,0.7358958721160889,55.00398254394531,-4264733878.8894,2025-11-20 18:32:51
er_4194304_1_6.bin.gz,erdos_renyi,45,SpecAnn,0.9801172997452104,1.0,-1120437560.0,-977674718.0,0.4521095752716064,0,True,59,65,True,122,32,0.7233437299728394,52.55694580078125,-4005495743.6358833,2025-11-20 18:32:51
er_4194304_1_6.bin.gz,erdos_renyi,45,SpecAnn,0.9841259761879442,1.0,-1120542680.0,-977642222.0,0.6716010570526123,0,True,59,97,True,123,32,0.7102497816085815,50.23017501831055,-3758869377.5133305,2025-11-20 18:32:52
er_4194304_1_6.bin.gz,erdos_renyi,45,SpecAnn,0.9881183900504562,1.0,-1120270004.0000002,-977585084.0,0.671445369720459,0,True,59,97,True,124,32,0.6965927481651306,48.017215728759766,-3524174112.6863947,2025-11-20 18:32:53
er_4194304_1_6.bin.gz,erdos_renyi,45,SpecAnn,0.9920947376656812,1.0,-1120291324.0000002,-977535468.0,0.4520430564880371,0,True,59,65,True,125,32,0.6823500990867615,45.91207885742188,-3300772941.194561,2025-11-20 18:32:53
er_4194304_1_6.bin.gz,erdos_renyi,45,SpecAnn,0.9960552114476228,1.0,-1120406248.0,-977536060.0,0.8910977840423584,0,True,59,129,True,126,32,0.6674993634223938,43.909088134765625,-3088066953.130491,2025-11-20 18:32:54
er_4194304_1_6.bin.gz,erdos_renyi,45,SpecAnn,1.0,1.0,-1120109708.0,-976461594.0,7.036957979202271,0,True,59,1025,True,127,32,0.6520135402679443,42.0028190612793,-2885469499.6531086,2025-11-20 18:33:01
er_4194304_1_6.bin.gz,erdos_renyi,46,SpecAnn,0.0,1.0,-1062168872.0,-217353294.0000004,0.3511621952056885,0,True,72,33,True,0,32,0.9994361400604248,4194305.0,-441669337766990.8,2025-11-20 18:33:39
er_4194304_1_6.bin.gz,erdos_renyi,46,SpecAnn,0.0887356509416113,1.0,-1062730482.0,-217395139.99999988,0.2319419384002685,0,True,72,33,True,1,32,0.9990590810775756,1504994.0,-158419315513782.4,2025-11-20 18:33:40
er_4194304_1_6.bin.gz,erdos_renyi,46,SpecAnn,0.1254911610276317,1.0,-1062624198.0,-217626882.00000063,0.2316322326660156,0,True,72,33,True,2,32,0.9988368153572084,984444.4375,-103601953130951.5,2025-11-20 18:33:40
er_4194304_1_6.bin.gz,erdos_renyi,46,SpecAnn,0.1536946558735679,1.0,-1062513550.0,-218070466.0000001,0.2329246997833252,0,True,72,33,True,3,32,0.9986311197280884,710808.5,-74789374387198.4,2025-11-20 18:33:40
er_4194304_1_6.bin.gz,erdos_renyi,46,SpecAnn,0.1774713018832227,1.0,-1063020584.0,-218690958.00000024,0.2324371337890625,0,True,72,33,True,4,32,0.9984297156333924,540161.1875,-56822856988690.71,2025-11-20 18:33:40
er_4194304_1_6.bin.gz,erdos_renyi,46,SpecAnn,0.1984189475331362,1.0,-1062637084.0,-219448372.00000057,0.2320363521575927,0,True,72,33,True,5,32,0.9982278943061828,424118.3125,-44606579127381.82,2025-11-20 18:33:40
er_4194304_1_6.bin.gz,erdos_renyi,46,SpecAnn,0.2173570668006655,1.0,-1062665702.0000002,-220274854.0000004,0.2323875427246093,0,True,72,33,True,6,32,0.9980230927467346,340825.71875,-35838938815695.26,2025-11-20 18:33:41
er_4194304_1_6.bin.gz,erdos_renyi,46,SpecAnn,0.2347724648169381,1.0,-1063041912.0000002,-221086548.0000002,0.2323935031890869,0,True,72,33,True,7,32,0.9978139400482178,278751.46875,-29305485697560.87,2025-11-20 18:33:41
er_4194304_1_6.bin.gz,erdos_renyi,46,SpecAnn,0.2509823220552634,1.0,-1062396466.0,-221984120.0000006,0.2327504158020019,0,True,72,33,True,8,32,0.997599482536316,231179.921875,-24299006660015.605,2025-11-20 18:33:41
er_4194304_1_6.bin.gz,erdos_renyi,46,SpecAnn,0.2662069528248341,1.0,-1062936779.9999998,-222876156.0000003,0.2318718433380127,0,True,72,33,True,9,32,0.9973788261413574,193921.4375,-20378309701569.184,2025-11-20 18:33:41
er_4194304_1_6.bin.gz,erdos_renyi,46,SpecAnn,0.2806067666331568,1.0,-1063100412.0,-223790816.0000004,0.2325191497802734,0,True,72,33,True,10,32,0.9971515536308287,164225.15625,-17253731933083.793,2025-11-20 18:33:42
er_4194304_1_6.bin.gz,erdos_renyi,46,SpecAnn,0.2943028597012718,1.0,-1062656804.0,-224779348.0000001,0.2318005561828613,0,True,72,33,True,11,32,0.9969170093536376,140211.6875,-14727377344500.969,2025-11-20 18:33:42
er_4194304_1_6.bin.gz,erdos_renyi,46,SpecAnn,0.3073893117471359,1.0,-1062653210.0,-225714480.00000063,0.2325544357299804,0,True,72,33,True,12,32,0.9966749548912048,120555.515625,-12659682745219.951,2025-11-20 18:33:42
er_4194304_1_6.bin.gz,erdos_renyi,46,SpecAnn,0.3199409394316542,1.0,-1062748478.0,-226786474.0000004,0.2320930957794189,0,True,72,33,True,13,32,0.996424913406372,104297.3828125,-10949648562999.018,2025-11-20 18:33:42
er_4194304_1_6.bin.gz,erdos_renyi,46,SpecAnn,0.3320184038158743,1.0,-1063220384.0000002,-227912522.00000048,0.2323005199432373,0,True,72,33,True,14,32,0.9961665272712708,90727.390625,-9522534557398.355,2025-11-20 18:33:43
er_4194304_1_6.bin.gz,erdos_renyi,46,SpecAnn,0.3436716983117353,1.0,-1062634066.0,-229058362.0000005,0.2321956157684326,0,True,72,33,True,15,32,0.995899498462677,79310.6640625,-8322030288576.897,2025-11-20 18:33:43
er_4194304_1_6.bin.gz,erdos_renyi,46,SpecAnn,0.3549426037664455,1.0,-1062768220.0000002,-230169142.00000057,0.2325196266174316,0,True,72,33,True,16,32,0.9956235885620116,69637.53125,-7305008675854.533,2025-11-20 18:33:43
er_4194304_1_6.bin.gz,erdos_renyi,46,SpecAnn,0.3658664615902029,1.0,-1062766872.0000002,-231385704.00000027,0.2324824333190918,0,True,72,33,True,17,32,0.9953383803367616,61389.79296875,-6437972419585.758,2025-11-20 18:33:43
er_4194304_1_6.bin.gz,erdos_renyi,46,SpecAnn,0.3764734830828951,1.0,-1062341046.0,-232640988.0000005,0.2322909832000732,0,True,72,33,True,18,32,0.9950436353683472,54317.34765625,-5694595405192.98,2025-11-20 18:33:43
er_4194304_1_6.bin.gz,erdos_renyi,46,SpecAnn,0.3867897351437838,1.0,-1062816578.0,-233954212.0000003,0.2326533794403076,0,True,72,33,True,19,32,0.9947391152381896,48221.40625,-5053953702287.505,2025-11-20 18:33:44
er_4194304_1_6.bin.gz,erdos_renyi,46,SpecAnn,0.3968378950662725,1.0,-1062719698.0,-235271840.0000002,0.2322328090667724,0,True,72,33,True,20,32,0.9944244623184204,42942.40234375,-4499252100712.859,2025-11-20 18:33:44
er_4194304_1_6.bin.gz,erdos_renyi,46,SpecAnn,0.4066378372811136,1.0,-1063016984.0,-236608716.0000004,0.2319042682647705,0,True,72,33,True,21,32,0.9940994381904602,38351.11328125,-4016890527500.812,2025-11-20 18:33:44
er_4194304_1_6.bin.gz,erdos_renyi,46,SpecAnn,0.4162070956347247,1.0,-1063181926.0000004,-238010764.0000001,0.2321362495422363,0,True,72,33,True,22,32,0.9937637448310852,34342.125,-3595774973037.017,2025-11-20 18:33:44
er_4194304_1_6.bin.gz,erdos_renyi,46,SpecAnn,0.4255612320274539,1.0,-1063130592.0,-239418872.00000003,0.2318668365478515,0,True,72,33,True,23,32,0.9934170246124268,30828.74609375,-3226782192471.4487,2025-11-20 18:33:45
er_4194304_1_6.bin.gz,erdos_renyi,46,SpecAnn,0.434714133601331,1.0,-1063046997.9999998,-240895997.99999955,0.2327950000762939,0,True,72,33,True,24,32,0.9930590987205504,27739.20703125,-2902360327740.308,2025-11-20 18:33:45
er_4194304_1_6.bin.gz,erdos_renyi,46,SpecAnn,0.4436782547080569,1.0,-1063041761.9999996,-242384468.0000004,0.2316939830780029,0,True,72,33,True,25,32,0.9926896691322328,25013.7890625,-2616225519807.174,2025-11-20 18:33:45
er_4194304_1_6.bin.gz,erdos_renyi,46,SpecAnn,0.4524648157026343,1.0,-1063226273.9999998,-243885846.00000003,0.2324812412261963,0,True,72,33,True,26,32,0.9923083782196044,22602.47265625,-2363114706380.5776,2025-11-20 18:33:45
er_4194304_1_6.bin.gz,erdos_renyi,46,SpecAnn,0.4610839676207039,1.0,-1062758078.0,-245548123.99999988,0.2321054935455322,0,True,72,33,True,27,32,0.9919148683547974,20463.14453125,-2138597053393.996,2025-11-20 18:33:46
er_4194304_1_6.bin.gz,erdos_renyi,46,SpecAnn,0.4695449296338763,1.0,-1062661455.9999996,-247139634.0000001,0.2328815460205078,0,True,72,33,True,28,32,0.9915090203285216,18560.203125,-1938927573088.627,2025-11-20 18:33:46
er_4194304_1_6.bin.gz,erdos_renyi,46,SpecAnn,0.4778561045889373,1.0,-1063018394.0,-248751549.99999985,0.2327816486358642,0,True,72,33,True,29,32,0.9910904169082642,16863.375,-1760921381770.3152,2025-11-20 18:33:46
er_4194304_1_6.bin.gz,erdos_renyi,46,SpecAnn,0.4860251767562508,1.0,-1062784242.0,-250516943.9999999,0.2323880195617675,0,True,72,33,True,30,32,0.9906587600708008,15346.85546875,-1601864141320.5544,2025-11-20 18:33:46
er_4194304_1_6.bin.gz,erdos_renyi,46,SpecAnn,0.4940591950252281,1.0,-1063389254.0,-252308363.9999996,0.232330322265625,0,True,72,33,True,31,32,0.9902136921882628,13988.5322265625,-1459429992722.045,2025-11-20 18:33:47
er_4194304_1_6.bin.gz,erdos_renyi,46,SpecAnn,0.5019646441105269,1.0,-1063142536.0,-254146251.99999976,0.2323992252349853,0,True,72,33,True,32,32,0.9897549152374268,12769.3916015625,-1331619251418.0354,2025-11-20 18:33:47
er_4194304_1_6.bin.gz,erdos_renyi,46,SpecAnn,0.5097475058154177,1.0,-1063365624.0,-256020808.0,0.2325034141540527,0,True,72,33,True,33,32,0.9892821907997132,11673.0224609375,-1216706153016.7754,2025-11-20 18:33:47
er_4194304_1_6.bin.gz,erdos_renyi,46,SpecAnn,0.51741331199832,1.0,-1063693987.9999998,-258023102.00000003,0.2320365905761718,0,True,72,33,True,34,32,0.988795042037964,10685.23046875,-1113197868838.296,2025-11-20 18:33:47
er_4194304_1_6.bin.gz,erdos_renyi,46,SpecAnn,0.5249671905758515,1.0,-1063595391.9999996,-260040284.0000001,0.2321476936340332,0,True,72,33,True,35,32,0.9882932305336,9793.69140625,-1019798639778.3132,2025-11-20 18:33:47
er_4194304_1_6.bin.gz,erdos_renyi,46,SpecAnn,0.5324139056496683,1.0,-1063337714.0,-262143918.00000024,0.2320661544799804,0,True,72,33,True,36,32,0.9877763390541076,8987.6630859375,-935378956374.0546,2025-11-20 18:33:48
er_4194304_1_6.bin.gz,erdos_renyi,46,SpecAnn,0.5397578926492556,1.0,-1063192665.9999998,-264300646.0000002,0.232478380203247,0,True,72,33,True,37,32,0.987243950366974,8257.767578125,-858952856912.3538,2025-11-20 18:33:48
er_4194304_1_6.bin.gz,erdos_renyi,46,SpecAnn,0.5470032892270364,1.0,-1063563584.0,-266490354.00000045,0.2326819896697998,0,True,72,33,True,38,32,0.9866958260536194,7595.80517578125,-789658474101.6179,2025-11-20 18:33:48
er_4194304_1_6.bin.gz,erdos_renyi,46,SpecAnn,0.554153962516942,1.0,-1063615146.0,-268727822.0000002,0.2320342063903808,0,True,72,33,True,39,32,0.986131489276886,6994.5537109375,-726736593176.254,2025-11-20 18:33:48
er_4194304_1_6.bin.gz,erdos_renyi,46,SpecAnn,0.5612135332663137,1.0,-1063811818.0000002,-271165874.0000001,0.2321469783782959,0,True,72,33,True,40,32,0.985550582408905,6447.6865234375,-669522267566.3031,2025-11-20 18:33:49
er_4194304_1_6.bin.gz,erdos_renyi,46,SpecAnn,0.5681853972686127,1.0,-1063926623.9999996,-273645704.0000005,0.2324001789093017,0,True,72,33,True,41,32,0.9849528074264526,5949.607421875,-617427437433.1351,2025-11-20 18:33:49
er_4194304_1_6.bin.gz,erdos_renyi,46,SpecAnn,0.5750727444570146,1.0,-1063499697.9999998,-276129068.0000001,0.2326405048370361,0,True,72,33,True,42,32,0.984337568283081,5495.3681640625,-569932005765.1211,2025-11-20 18:33:49
er_4194304_1_6.bin.gz,erdos_renyi,46,SpecAnn,0.5818785759635375,1.0,-1063472428.0,-278697776.0000003,0.2321500778198242,0,True,72,33,True,43,32,0.9837044477462769,5080.59765625,-526576690646.9123,2025-11-20 18:33:49
er_4194304_1_6.bin.gz,erdos_renyi,46,SpecAnn,0.5886057194025436,1.0,-1063795086.0,-281337128.0000004,0.2323067188262939,0,True,72,33,True,44,32,0.9830532073974608,4701.4111328125,-486953451143.3768,2025-11-20 18:33:50
er_4194304_1_6.bin.gz,erdos_renyi,46,SpecAnn,0.5952568425994088,1.0,-1064009650.0,-283998830.0,0.2328102588653564,0,True,72,33,True,45,32,0.9823833107948304,4354.34765625,-450698661988.4432,2025-11-20 18:33:50
er_4194304_1_6.bin.gz,erdos_renyi,46,SpecAnn,0.6018344659534288,1.0,-1064272366.0000002,-286838674.0000003,0.2326245307922363,0,True,72,33,True,46,32,0.9816943407058716,4036.33740234375,-417489869703.30566,2025-11-20 18:33:50
er_4194304_1_6.bin.gz,erdos_renyi,46,SpecAnn,0.6083409735974393,1.0,-1064392851.9999996,-289681426.0000004,0.2325773239135742,0,True,72,33,True,47,32,0.980985701084137,3744.631591796875,-387038320342.9008,2025-11-20 18:33:50
er_4194304_1_6.bin.gz,erdos_renyi,46,SpecAnn,0.6147786234942719,1.0,-1064579280.0000004,-292744618.0,0.2324962615966797,0,True,72,33,True,48,32,0.9802569150924684,3476.775390625,-359086222093.2283,2025-11-20 18:33:50
er_4194304_1_6.bin.gz,erdos_renyi,46,SpecAnn,0.6211495565912796,1.0,-1064215115.9999998,-295785633.99999994,0.2326092720031738,0,True,72,33,True,49,32,0.9795076251029968,3230.573974609375,-333403153649.9087,2025-11-20 18:33:51
er_4194304_1_6.bin.gz,erdos_renyi,46,SpecAnn,0.6274558051381586,1.0,-1064735933.9999998,-298998791.9999996,0.2323729991912841,0,True,72,33,True,50,32,0.9787372350692748,3004.052001953125,-309781693386.69293,2025-11-20 18:33:51
er_4194304_1_6.bin.gz,erdos_renyi,46,SpecAnn,0.6336993002596786,1.0,-1064816038.0000004,-302149569.99999994,0.2321093082427978,0,True,72,33,True,51,32,0.9779452681541444,2795.445556640625,-288036669330.7356,2025-11-20 18:33:51
er_4194304_1_6.bin.gz,erdos_renyi,46,SpecAnn,0.6398818788633085,1.0,-1064225952.0,-305465264.0000005,0.2325596809387207,0,True,72,33,True,52,32,0.9771310091018676,2603.16064453125,-268000718178.4349,2025-11-20 18:33:51
er_4194304_1_6.bin.gz,erdos_renyi,46,SpecAnn,0.6460052899517691,1.0,-1064656098.0000002,-308889926.0000002,0.2325544357299804,0,True,72,33,True,53,32,0.9762941002845764,2425.7626953125,-249523337146.126,2025-11-20 18:33:52
er_4194304_1_6.bin.gz,erdos_renyi,46,SpecAnn,0.6520712004019966,1.0,-1064437934.0,-312405620.0000002,0.232743501663208,0,True,72,33,True,54,32,0.975433886051178,2261.959716796875,-232468919596.02884,2025-11-20 18:33:52
er_4194304_1_6.bin.gz,erdos_renyi,46,SpecAnn,0.6580812002646271,1.0,-1064600380.0,-316049314.0000001,0.2322783470153808,0,True,72,33,True,55,32,0.9745495915412904,2110.58447265625,-216714951393.63083,2025-11-20 18:33:52
er_4194304_1_6.bin.gz,erdos_renyi,46,SpecAnn,0.6640368076317485,1.0,-1064496718.0000002,-319739235.9999996,0.2325236797332763,0,True,72,33,True,56,32,0.9736407995224,1970.5804443359373,-202150642112.872,2025-11-20 18:33:52
er_4194304_1_6.bin.gz,erdos_renyi,46,SpecAnn,0.6699394731151429,1.0,-1064892876.0,-323570355.99999964,0.2322983741760254,0,True,72,33,True,57,32,0.9727067351341248,1840.9937744140625,-188675902090.9427,2025-11-20 18:33:53
er_4194304_1_6.bin.gz,erdos_renyi,46,SpecAnn,0.6757905839724513,1.0,-1064809546.0000002,-327392683.99999964,0.2326560020446777,0,True,72,33,True,58,32,0.971746861934662,1720.9560546875,-176199681748.28207,2025-11-20 18:33:53
er_4194304_1_6.bin.gz,erdos_renyi,46,SpecAnn,0.6815914679145113,1.0,-1065519778.0,-331441041.9999993,0.2328453063964843,0,True,72,33,True,59,32,0.9707602858543396,1609.6839599609375,-164639792313.14243,2025-11-20 18:33:53
er_4194304_1_6.bin.gz,erdos_renyi,46,SpecAnn,0.6873433966234707,1.0,-1065385800.0,-335597077.9999996,0.2322289943695068,0,True,72,33,True,60,32,0.9697463512420654,1506.460205078125,-153921047475.28564,2025-11-20 18:33:53
er_4194304_1_6.bin.gz,erdos_renyi,46,SpecAnn,0.6930475890080863,1.0,-1065579134.0,-339899432.0000005,0.2326493263244629,0,True,72,33,True,61,32,0.9687042832374572,1410.6380615234375,-143975637424.82422,2025-11-20 18:33:53
er_4194304_1_6.bin.gz,erdos_renyi,46,SpecAnn,0.6987052142198116,1.0,-1065303014.0,-344154126.0,0.2323999404907226,0,True,72,33,True,62,32,0.9676333069801332,1321.625244140625,-134741484087.3351,2025-11-20 18:33:54
er_4194304_1_6.bin.gz,erdos_renyi,46,SpecAnn,0.7043173944508145,1.0,-1065307266.0,-348677692.0,0.2324376106262207,0,True,72,33,True,63,32,0.9665324687957764,1238.88232421875,-126162038266.41418,2025-11-20 18:33:54
er_4194304_1_6.bin.gz,erdos_renyi,46,SpecAnn,0.709885207532891,1.0,-1065765785.9999998,-353324020.0000001,0.2327527999877929,0,True,72,33,True,64,32,0.9654009938240052,1161.9189453125,-118185927230.75713,2025-11-20 18:33:54
er_4194304_1_6.bin.gz,erdos_renyi,46,SpecAnn,0.7154096893543218,1.0,-1065745914.0,-358054650.00000054,0.2323062419891357,0,True,72,33,True,65,32,0.9642380475997924,1090.284912109375,-110765996402.0217,2025-11-20 18:33:54
er_4194304_1_6.bin.gz,erdos_renyi,46,SpecAnn,0.7208918361100219,1.0,-1065790147.9999996,-362904978.0000004,0.2323083877563476,0,True,72,33,True,66,32,0.9630425572395324,1023.5716552734376,-103859427025.67436,2025-11-20 18:33:55
er_4194304_1_6.bin.gz,erdos_renyi,46,SpecAnn,0.7263326063988248,1.0,-1066505440.0,-367934888.0000006,0.2328338623046875,0,True,72,33,True,67,32,0.961813509464264,961.403076171875,-97426830088.91504,2025-11-20 18:33:55
er_4194304_1_6.bin.gz,erdos_renyi,46,SpecAnn,0.7317329231804058,1.0,-1066263114.0000002,-373042876.0000003,0.2326431274414062,0,True,72,33,True,68,32,0.9605498909950256,903.4357299804688,-91432244648.59062,2025-11-20 18:33:55
er_4194304_1_6.bin.gz,erdos_renyi,46,SpecAnn,0.7370936756031579,1.0,-1066573619.9999998,-378411432.0000003,0.232985258102417,0,True,72,33,True,69,32,0.9592504501342772,849.3544311523438,-85842658846.06917,2025-11-20 18:33:55
er_4194304_1_6.bin.gz,erdos_renyi,46,SpecAnn,0.7424157207132704,1.0,-1067019546.0,-383960806.0000004,0.2321701049804687,0,True,72,33,True,70,32,0.9579142332077026,798.87109375,-80627932862.9584,2025-11-20 18:33:56
er_4194304_1_6.bin.gz,erdos_renyi,46,SpecAnn,0.7476998850543153,1.0,-1067298821.9999998,-389733356.0000004,0.2323412895202636,0,True,72,33,True,71,32,0.9565398693084716,751.720458984375,-75760291838.48233,2025-11-20 18:33:56
er_4194304_1_6.bin.gz,erdos_renyi,46,SpecAnn,0.7529469661657903,1.0,-1066810214.0000002,-395616806.00000006,0.2327184677124023,0,True,72,33,True,72,32,0.9551261067390442,707.6585083007812,-71214206703.67603,2025-11-20 18:33:56
er_4194304_1_6.bin.gz,erdos_renyi,46,SpecAnn,0.7581577339883167,1.0,-1067398442.0,-401518254.0000001,0.2328300476074218,0,True,72,33,True,73,32,0.9536715149879456,666.4619750976562,-66966311557.07089,2025-11-20 18:33:56
er_4194304_1_6.bin.gz,erdos_renyi,46,SpecAnn,0.7633329321824984,1.0,-1067397408.0,-407874660.00000006,0.2328522205352783,0,True,72,33,True,74,32,0.9521748423576356,627.9248046875,-62995065828.80045,2025-11-20 18:33:57
er_4194304_1_6.bin.gz,erdos_renyi,46,SpecAnn,0.7684732793678399,1.0,-1067789582.0,-414269270.00000006,0.2324397563934326,0,True,72,33,True,75,32,0.9506343007087708,591.8568115234375,-59280563441.39571,2025-11-20 18:33:57
er_4194304_1_6.bin.gz,erdos_renyi,46,SpecAnn,0.7735794702875677,1.0,-1067439887.9999998,-420944516.0000002,0.2320969104766845,0,True,72,33,True,76,32,0.9490483403205872,558.0836181640625,-55804574466.53034,2025-11-20 18:33:57
er_4194304_1_6.bin.gz,erdos_renyi,46,SpecAnn,0.7786521769046981,1.0,-1068137452.0,-427750452.0,0.2332160472869873,0,True,72,33,True,77,32,0.9474152326583862,526.4441528320312,-52550259104.305824,2025-11-20 18:33:57
er_4194304_1_6.bin.gz,erdos_renyi,46,SpecAnn,0.7836920494342511,1.0,-1068077442.0,-434835597.99999976,0.2323954105377197,0,True,72,33,True,78,32,0.9457330703735352,496.7897338867188,-49502072346.146,2025-11-20 18:33:57
er_4194304_1_6.bin.gz,erdos_renyi,46,SpecAnn,0.788699717316095,1.0,-1068070896.0,-442015874.0000007,0.232776403427124,0,True,72,33,True,79,32,0.9439999461174012,468.98291015625,-46645653187.379295,2025-11-20 18:33:58
er_4194304_1_6.bin.gz,erdos_renyi,46,SpecAnn,0.7936757901325451,1.0,-1068514384.0,-449584940.00000006,0.2323315143585205,0,True,72,33,True,80,32,0.9422138333320618,442.8971252441406,-43967779166.801765,2025-11-20 18:33:58
er_4194304_1_6.bin.gz,erdos_renyi,46,SpecAnn,0.7986208584745024,1.0,-1069029958.0000004,-457507919.9999998,0.2323157787322998,0,True,72,33,True,81,32,0.9403724074363708,418.4145202636719,-41456135696.536125,2025-11-20 18:33:58
er_4194304_1_6.bin.gz,erdos_renyi,46,SpecAnn,0.803535494759617,1.0,-1069762373.9999996,-465429087.99999934,0.2328369617462158,0,True,72,33,True,82,32,0.9384731650352478,395.4270935058594,-39099434268.4198,2025-11-20 18:33:58
er_4194304_1_6.bin.gz,erdos_renyi,46,SpecAnn,0.8084202540056837,1.0,-1069733430.0,-473654607.99999976,0.2326827049255371,0,True,72,33,True,83,32,0.9365138411521912,373.8344421386719,-36887201147.37101,2025-11-20 18:33:59
er_4194304_1_6.bin.gz,erdos_renyi,46,SpecAnn,0.8132756745622272,1.0,-1070154342.0,-482196041.9999998,0.2323670387268066,0,True,72,33,True,84,32,0.9344913959503174,353.54302978515625,-34809659788.7557,2025-11-20 18:33:59
er_4194304_1_6.bin.gz,erdos_renyi,46,SpecAnn,0.8181022788030096,1.0,-1070798248.0,-491252128.0000004,0.2320990562438964,0,True,72,33,True,85,32,0.9324029684066772,334.4670715332031,-32857854895.98432,2025-11-20 18:33:59
er_4194304_1_6.bin.gz,erdos_renyi,46,SpecAnn,0.822900573781978,1.0,-1071027646.0000004,-500610698.00000006,0.2321782112121582,0,True,72,33,True,86,32,0.9302452206611632,316.5265197753906,-31023424993.88904,2025-11-20 18:33:59
er_4194304_1_6.bin.gz,erdos_renyi,46,SpecAnn,0.8276710518549868,1.0,-1071287546.0,-510310343.99999976,0.2330071926116943,0,True,72,33,True,87,32,0.9280149936676024,299.64715576171875,-29298632141.867943,2025-11-20 18:34:00
er_4194304_1_6.bin.gz,erdos_renyi,46,SpecAnn,0.8324141912694495,1.0,-1071696707.9999996,-520555979.9999999,0.232518196105957,0,True,72,33,True,88,32,0.9257083535194396,283.7599182128906,-27676261494.51666,2025-11-20 18:34:00
er_4194304_1_6.bin.gz,erdos_renyi,46,SpecAnn,0.8371304567239225,1.0,-1072833774.0,-531258643.99999976,0.2323415279388427,0,True,72,33,True,89,32,0.9233211874961852,268.8011779785156,-26149666911.75732,2025-11-20 18:34:00
er_4194304_1_6.bin.gz,erdos_renyi,46,SpecAnn,0.8418202998994706,1.0,-1073030586.0,-542314683.9999998,0.2320420742034912,0,True,72,33,True,90,32,0.9208493232727052,254.7109832763672,-24712599896.767567,2025-11-20 18:34:00
er_4194304_1_6.bin.gz,erdos_renyi,46,SpecAnn,0.846484159964536,1.0,-1073538474.0,-553879283.9999996,0.2329282760620117,0,True,72,33,True,91,32,0.9182876944541932,241.43426513671875,-23359302105.76618,2025-11-20 18:34:00
er_4194304_1_6.bin.gz,erdos_renyi,46,SpecAnn,0.8511224640549078,1.0,-1074086299.9999998,-566211229.9999996,0.2327446937561035,0,True,72,33,True,92,32,0.9156312942504884,228.9198455810547,-22084433529.79356,2025-11-20 18:34:01
er_4194304_1_6.bin.gz,erdos_renyi,46,SpecAnn,0.8557356277302758,1.0,-1075286234.0000002,-578898917.9999996,0.2324962615966797,0,True,72,33,True,93,32,0.9128744602203368,217.119384765625,-20882950006.083508,2025-11-20 18:34:01
er_4194304_1_6.bin.gz,erdos_renyi,46,SpecAnn,0.8603240554087516,1.0,-1075718578.0,-592087435.9999996,0.2324321269989013,0,True,72,33,True,94,32,0.9100108742713928,205.9883270263672,-19750194851.37894,2025-11-20 18:34:01
er_4194304_1_6.bin.gz,erdos_renyi,46,SpecAnn,0.86488814078064,1.0,-1076962942.0,-606008937.9999994,0.2325928211212158,0,True,72,33,True,95,32,0.9070335626602172,195.4854736328125,-18681856873.093067,2025-11-20 18:34:01
er_4194304_1_6.bin.gz,erdos_renyi,46,SpecAnn,0.8694282672026621,1.0,-1077770432.0,-620811052.0000004,0.2323331832885742,0,True,72,33,True,96,32,0.9039350748062134,185.57167053222656,-17673847686.744278,2025-11-20 18:34:02
er_4194304_1_6.bin.gz,erdos_renyi,46,SpecAnn,0.8739448080737451,1.0,-1078445165.9999998,-636276851.9999995,0.2331395149230957,0,True,72,33,True,97,32,0.9007073044776917,176.2110137939453,-16722412293.335732,2025-11-20 18:34:02
er_4194304_1_6.bin.gz,erdos_renyi,46,SpecAnn,0.878438127193422,1.0,-1079885547.9999995,-652357553.9999999,0.2322950363159179,0,True,72,33,True,98,32,0.8973405957221985,167.36973571777344,-15824005977.014423,2025-11-20 18:34:02
er_4194304_1_6.bin.gz,erdos_renyi,46,SpecAnn,0.8829085791038153,1.0,-1081120322.0000002,-669351624.0000004,0.2324185371398925,0,True,72,33,True,99,32,0.8938249349594116,159.01626586914062,-14975323367.563906,2025-11-20 18:34:02
er_4194304_1_6.bin.gz,erdos_renyi,46,SpecAnn,0.8873565094161138,1.0,-1083017770.0,-687075907.9999998,0.2323040962219238,0,True,72,33,True,100,32,0.890148937702179,151.12127685546875,-14173283837.747984,2025-11-20 18:34:03
er_4194304_1_6.bin.gz,erdos_renyi,46,SpecAnn,0.8917822551223932,1.0,-1084424158.0000002,-705927139.9999999,0.232461929321289,0,True,72,33,True,101,32,0.8862996101379395,143.65728759765625,-13414991836.861769,2025-11-20 18:34:03
er_4194304_1_6.bin.gz,erdos_renyi,46,SpecAnn,0.8961861448935777,1.0,-1086024951.9999998,-725538986.0,0.2326376438140869,0,True,72,33,True,102,32,0.8822630047798157,136.59866333007812,-12697748197.497248,2025-11-20 18:34:03
er_4194304_1_6.bin.gz,erdos_renyi,46,SpecAnn,0.9005684993642872,1.0,-1088258543.9999998,-746063770.0000001,0.2323949337005615,0,True,72,33,True,103,32,0.8780226707458496,129.9214324951172,-12019010712.496632,2025-11-20 18:34:03
er_4194304_1_6.bin.gz,erdos_renyi,46,SpecAnn,0.9049296314052688,1.0,-1090630587.9999998,-767445820.0000006,0.2321856021881103,0,True,72,33,True,104,32,0.8735604882240295,123.60295867919922,-11376378716.028015,2025-11-20 18:34:03
er_4194304_1_6.bin.gz,erdos_renyi,46,SpecAnn,0.9092698463840684,1.0,-1093011102.0000005,-789721977.9999999,0.2333009243011474,0,True,72,33,True,105,32,0.8688557744026184,117.6223373413086,-10767619226.762012,2025-11-20 18:34:04
er_4194304_1_6.bin.gz,erdos_renyi,46,SpecAnn,0.9135894424145556,1.0,-1095997580.0000002,-813131183.9999996,0.2322707176208496,0,True,72,33,True,106,32,0.8638848066329956,111.95995330810548,-10190623039.417444,2025-11-20 18:34:04
er_4194304_1_6.bin.gz,erdos_renyi,46,SpecAnn,0.9178887105958816,1.0,-1098903556.0,-836981859.9999998,0.2332229614257812,0,True,72,33,True,107,32,0.8586207032203674,106.59722900390624,-9643384064.570215,2025-11-20 18:34:04
er_4194304_1_6.bin.gz,erdos_renyi,46,SpecAnn,0.922167935241408,1.0,-1102737410.0,-861503338.0,0.2326228618621826,0,True,72,33,True,108,32,0.8530321717262268,101.51692199707033,-9124016129.793308,2025-11-20 18:34:04
er_4194304_1_6.bin.gz,erdos_renyi,46,SpecAnn,0.92642739409812,1.0,-1106441650.0,-886681823.9999995,0.2326455116271972,0,True,72,33,True,109,32,0.847083568572998,96.7029800415039,-8630745439.787592,2025-11-20 18:34:05
er_4194304_1_6.bin.gz,erdos_renyi,46,SpecAnn,0.9306673585570006,1.0,-1110854652.0,-912270476.0,0.4516980648040771,0,True,72,65,True,110,32,0.8407328724861145,92.1400375366211,-8161849937.741536,2025-11-20 18:34:05
er_4194304_1_6.bin.gz,erdos_renyi,46,SpecAnn,0.9348880938548184,1.0,-1115453582.0,-937373538.0,0.4512605667114258,0,True,72,65,True,111,32,0.8339304327964783,87.81394958496094,-7715703424.13507,2025-11-20 18:34:06
er_4194304_1_6.bin.gz,erdos_renyi,46,SpecAnn,0.9390898592677528,1.0,-1120596067.9999998,-961808262.0000002,0.6716201305389404,0,True,72,97,True,112,32,0.8266188502311707,83.71131134033203,-7290740525.924436,2025-11-20 18:34:06
er_4194304_1_6.bin.gz,erdos_renyi,46,SpecAnn,0.9432729082972536,1.0,-1125042700.0000002,-984028242.0,1.10978364944458,0,True,72,161,True,113,32,0.8187277913093567,79.81959533691406,-6885432838.677192,2025-11-20 18:34:07
er_4194304_1_6.bin.gz,erdos_renyi,46,SpecAnn,0.9474374888485204,1.0,-1127703179.9999998,-997393914.0,2.4258482456207275,0,True,72,353,True,114,32,0.8101730346679688,76.12702941894531,-6498286575.2672,2025-11-20 18:34:10
er_4194304_1_6.bin.gz,erdos_renyi,46,SpecAnn,0.9515838434019476,1.0,-1121843040.0,-981845892.0,7.023248910903931,0,True,72,1025,True,115,32,0.8009271025657654,72.62248992919922,-6128388899.46935,2025-11-20 18:34:17
er_4194304_1_6.bin.gz,erdos_renyi,46,SpecAnn,0.9557122091778746,1.0,-1121059440.0,-979280172.0,1.9858076572418213,0,True,72,289,True,116,32,0.7912200093269348,69.29566955566406,-5776776287.955675,2025-11-20 18:34:19
er_4194304_1_6.bin.gz,erdos_renyi,46,SpecAnn,0.9598228182949629,1.0,-1120806680.0000002,-978706694.0,0.8908143043518066,0,True,72,129,True,117,32,0.7810840010643005,66.13670349121094,-5442801285.445996,2025-11-20 18:34:20
er_4194304_1_6.bin.gz,erdos_renyi,46,SpecAnn,0.963915897922488,1.0,-1120747012.0,-978295584.0,0.8906333446502686,0,True,72,129,True,118,32,0.7705017328262329,63.13647079467773,-5125498538.542861,2025-11-20 18:34:21
er_4194304_1_6.bin.gz,erdos_renyi,46,SpecAnn,0.967991670426842,1.0,-1120824530.0,-977987956.0,0.6712167263031006,0,True,72,97,True,119,32,0.7594552040100098,60.28627014160156,-4823949690.824081,2025-11-20 18:34:21
er_4194304_1_6.bin.gz,erdos_renyi,46,SpecAnn,0.9720503535125016,1.0,-1120378978.0,-977974162.0,7.028096675872803,0,True,72,1025,True,120,32,0.7479252815246582,57.577938079833984,-4537289750.767087,2025-11-20 18:34:28
er_4194304_1_6.bin.gz,erdos_renyi,46,SpecAnn,0.9760921603577252,1.0,-1120457544.0,-977789893.9999998,0.4523134231567383,0,True,72,65,True,121,32,0.7358958721160889,55.00389099121094,-4264734228.141071,2025-11-20 18:34:29
er_4194304_1_6.bin.gz,erdos_renyi,46,SpecAnn,0.9801172997452104,1.0,-1120434472.0000002,-977756554.0,0.6707754135131836,0,True,72,97,True,122,32,0.7233437299728394,52.55685806274414,-4005496051.9695134,2025-11-20 18:34:29
er_4194304_1_6.bin.gz,erdos_renyi,46,SpecAnn,0.9841259761879442,1.0,-1120412315.9999998,-977631674.0,0.4526734352111816,0,True,72,65,True,123,32,0.7102501392364502,50.23008728027344,-3758871268.87049,2025-11-20 18:34:30
er_4194304_1_6.bin.gz,erdos_renyi,46,SpecAnn,0.9881183900504562,1.0,-1120292668.0,-977500396.0,1.1095998287200928,0,True,72,161,True,124,32,0.696592390537262,48.017127990722656,-3524172018.449557,2025-11-20 18:34:31
er_4194304_1_6.bin.gz,erdos_renyi,46,SpecAnn,0.9920947376656812,1.0,-1120418690.0,-977472096.0,0.4519789218902588,0,True,72,65,True,125,32,0.6823500394821167,45.91200256347656,-3300772932.201413,2025-11-20 18:34:31
er_4194304_1_6.bin.gz,erdos_renyi,46,SpecAnn,0.9960552114476228,1.0,-1120383034.0,-977422290.0,1.109255075454712,0,True,72,161,True,126,32,0.6674995422363281,43.90900802612305,-3088067539.3476787,2025-11-20 18:34:33
er_4194304_1_6.bin.gz,erdos_renyi,46,SpecAnn,1.0,1.0,-1120304590.0,-977329710.0,0.4512128829956054,0,True,72,65,True,127,32,0.6520165205001831,42.00274658203125,-2885482748.576162,2025-11-20 18:34:33
er_4194304_1_6.bin.gz,erdos_renyi,47,SpecAnn,0.0,1.0,-1062387110.0,-217353411.99999908,0.3550553321838379,0,True,56,33,True,0,32,0.9994361400604248,4194305.0,-441668767663150.9,2025-11-20 18:35:16
er_4194304_1_6.bin.gz,erdos_renyi,47,SpecAnn,0.0887356509416113,1.0,-1061854366.0000002,-217395111.9999988,0.2320623397827148,0,True,56,33,True,1,32,0.9990591406822203,1504994.0,-158419120478592.75,2025-11-20 18:35:16
er_4194304_1_6.bin.gz,erdos_renyi,47,SpecAnn,0.1254911610276317,1.0,-1062499462.0,-217626881.99999923,0.2317662239074707,0,True,56,33,True,2,32,0.9988367557525636,984444.5,-103601819797328.42,2025-11-20 18:35:16
er_4194304_1_6.bin.gz,erdos_renyi,47,SpecAnn,0.1536946558735679,1.0,-1062763568.0,-218070335.99999908,0.2320363521575927,0,True,56,33,True,3,32,0.9986311197280884,710808.625,-74789291001721.61,2025-11-20 18:35:16
er_4194304_1_6.bin.gz,erdos_renyi,47,SpecAnn,0.1774713018832227,1.0,-1061996586.0,-218691269.99999887,0.2326753139495849,0,True,56,33,True,4,32,0.9984297156333924,540161.3125,-56822796791622.39,2025-11-20 18:35:17
er_4194304_1_6.bin.gz,erdos_renyi,47,SpecAnn,0.1984189475331362,1.0,-1062638566.0000002,-219448941.99999884,0.2320308685302734,0,True,56,33,True,5,32,0.998227834701538,424118.40625,-44606528746159.41,2025-11-20 18:35:17
er_4194304_1_6.bin.gz,erdos_renyi,47,SpecAnn,0.2173570668006655,1.0,-1062018700.0,-220274853.99999896,0.2324006557464599,0,True,56,33,True,6,32,0.9980230927467346,340825.8125,-35838902413138.04,2025-11-20 18:35:17
er_4194304_1_6.bin.gz,erdos_renyi,47,SpecAnn,0.2347724648169381,1.0,-1062748774.0,-221086547.99999896,0.2318673133850097,0,True,56,33,True,7,32,0.9978139400482178,278751.5625,-29305457726275.49,2025-11-20 18:35:17
er_4194304_1_6.bin.gz,erdos_renyi,47,SpecAnn,0.2509823220552634,1.0,-1062940086.0,-221984973.999999,0.2324028015136718,0,True,56,33,True,8,32,0.997599482536316,231180.0,-24298983506621.35,2025-11-20 18:35:18
er_4194304_1_6.bin.gz,erdos_renyi,47,SpecAnn,0.2662069528248341,1.0,-1062426418.0,-222876155.999999,0.2319843769073486,0,True,56,33,True,9,32,0.9973788261413574,193921.53125,-20378293249125.234,2025-11-20 18:35:18
er_4194304_1_6.bin.gz,erdos_renyi,47,SpecAnn,0.2806067666331568,1.0,-1062754046.0,-223790815.99999952,0.2321701049804687,0,True,56,33,True,10,32,0.9971515536308287,164225.21875,-17253716228413.24,2025-11-20 18:35:18
er_4194304_1_6.bin.gz,erdos_renyi,47,SpecAnn,0.2943028597012718,1.0,-1062290306.0,-224779593.99999908,0.2321882247924804,0,True,56,33,True,11,32,0.9969170093536376,140211.734375,-14727363258090.793,2025-11-20 18:35:18
er_4194304_1_6.bin.gz,erdos_renyi,47,SpecAnn,0.3073893117471359,1.0,-1062328782.0,-225714479.99999928,0.2320854663848877,0,True,56,33,True,12,32,0.9966749548912048,120555.5625,-12659671326580.734,2025-11-20 18:35:18
er_4194304_1_6.bin.gz,erdos_renyi,47,SpecAnn,0.3199409394316542,1.0,-1063063580.0000002,-226787105.99999943,0.2320179939270019,0,True,56,33,True,13,32,0.996424913406372,104297.4375,-10949640170618.965,2025-11-20 18:35:19
er_4194304_1_6.bin.gz,erdos_renyi,47,SpecAnn,0.3320184038158743,1.0,-1062405646.0,-227912521.9999998,0.2325437068939209,0,True,56,33,True,14,32,0.9961665272712708,90727.4296875,-9522526365677.44,2025-11-20 18:35:19
er_4194304_1_6.bin.gz,erdos_renyi,47,SpecAnn,0.3436716983117353,1.0,-1062651038.0,-229058361.9999994,0.2327265739440918,0,True,56,33,True,15,32,0.995899498462677,79310.6875,-8322022005838.184,2025-11-20 18:35:19
er_4194304_1_6.bin.gz,erdos_renyi,47,SpecAnn,0.3549426037664455,1.0,-1062461214.0,-230169141.99999967,0.2322087287902832,0,True,56,33,True,16,32,0.9956235289573668,69637.5625,-7305002087406.953,2025-11-20 18:35:19
er_4194304_1_6.bin.gz,erdos_renyi,47,SpecAnn,0.3658664615902029,1.0,-1062526040.0,-231385703.9999996,0.2319216728210449,0,True,56,33,True,17,32,0.9953383803367616,61389.8203125,-6437966977040.253,2025-11-20 18:35:20
er_4194304_1_6.bin.gz,erdos_renyi,47,SpecAnn,0.3764734830828951,1.0,-1062816814.0000002,-232640988.0000001,0.2324576377868652,0,True,56,33,True,18,32,0.9950436353683472,54317.37890625,-5694591330872.604,2025-11-20 18:35:20
er_4194304_1_6.bin.gz,erdos_renyi,47,SpecAnn,0.3867897351437838,1.0,-1062711440.0,-233953481.99999973,0.2325959205627441,0,True,56,33,True,19,32,0.9947391152381896,48221.4296875,-5053949635094.824,2025-11-20 18:35:20
er_4194304_1_6.bin.gz,erdos_renyi,47,SpecAnn,0.3968378950662725,1.0,-1062584950.0,-235271840.00000024,0.2320053577423095,0,True,56,33,True,20,32,0.9944244623184204,42942.421875,-4499248339474.956,2025-11-20 18:35:20
er_4194304_1_6.bin.gz,erdos_renyi,47,SpecAnn,0.4066378372811136,1.0,-1062697954.0,-236608346.0000001,0.2320175170898437,0,True,56,33,True,21,32,0.9940993785858154,38351.1328125,-4016887147376.8936,2025-11-20 18:35:21
er_4194304_1_6.bin.gz,erdos_renyi,47,SpecAnn,0.4162070956347247,1.0,-1062397928.0,-238010763.99999985,0.2319669723510742,0,True,56,33,True,22,32,0.9937637448310852,34342.14453125,-3595772376641.7227,2025-11-20 18:35:21
er_4194304_1_6.bin.gz,erdos_renyi,47,SpecAnn,0.4255612320274539,1.0,-1063052755.9999996,-239418560.0000001,0.2325434684753418,0,True,56,33,True,23,32,0.9934170246124268,30828.765625,-3226780071656.0835,2025-11-20 18:35:21
er_4194304_1_6.bin.gz,erdos_renyi,47,SpecAnn,0.434714133601331,1.0,-1062292278.0000002,-240895997.9999993,0.2326781749725341,0,True,56,33,True,24,32,0.9930590987205504,27739.220703125,-2902358011882.857,2025-11-20 18:35:21
er_4194304_1_6.bin.gz,erdos_renyi,47,SpecAnn,0.4436782547080569,1.0,-1063089724.0,-242384467.99999985,0.2318394184112548,0,True,56,33,True,25,32,0.992689609527588,25013.8046875,-2616223619950.7007,2025-11-20 18:35:22
er_4194304_1_6.bin.gz,erdos_renyi,47,SpecAnn,0.4524648157026343,1.0,-1062678010.0,-243885846.0,0.2321412563323974,0,True,56,33,True,26,32,0.9923083186149596,22602.486328125,-2363112943552.082,2025-11-20 18:35:22
er_4194304_1_6.bin.gz,erdos_renyi,47,SpecAnn,0.4610839676207039,1.0,-1063219234.0,-245548124.0000001,0.2323951721191406,0,True,56,33,True,27,32,0.991914927959442,20463.15625,-2138595646137.843,2025-11-20 18:35:22
er_4194304_1_6.bin.gz,erdos_renyi,47,SpecAnn,0.4695449296338763,1.0,-1063490326.0000002,-247139634.0000005,0.2324316501617431,0,True,56,33,True,28,32,0.9915090203285216,18560.212890625,-1938926090517.444,2025-11-20 18:35:22
er_4194304_1_6.bin.gz,erdos_renyi,47,SpecAnn,0.4778561045889373,1.0,-1063118620.0,-248751470.0,0.2320277690887451,0,True,56,33,True,29,32,0.9910904169082642,16863.38671875,-1760920332488.2104,2025-11-20 18:35:22
er_4194304_1_6.bin.gz,erdos_renyi,47,SpecAnn,0.4860251767562508,1.0,-1062986290.0000002,-250516944.0000002,0.2320635318756103,0,True,56,33,True,30,32,0.9906587600708008,15346.865234375,-1601863092953.7546,2025-11-20 18:35:23
er_4194304_1_6.bin.gz,erdos_renyi,47,SpecAnn,0.4940591950252281,1.0,-1063192820.0,-252308364.00000024,0.2325701713562011,0,True,56,33,True,31,32,0.9902136921882628,13988.5400390625,-1459428923980.191,2025-11-20 18:35:23
er_4194304_1_6.bin.gz,erdos_renyi,47,SpecAnn,0.5019646441105269,1.0,-1063145255.9999998,-254146252.00000048,0.232776403427124,0,True,56,33,True,32,32,0.9897549152374268,12769.3994140625,-1331618347275.799,2025-11-20 18:35:23
er_4194304_1_6.bin.gz,erdos_renyi,47,SpecAnn,0.5097475058154177,1.0,-1062913820.0,-256020808.0000004,0.2321720123291015,0,True,56,33,True,33,32,0.9892821907997132,11673.029296875,-1216705295025.246,2025-11-20 18:35:23
er_4194304_1_6.bin.gz,erdos_renyi,47,SpecAnn,0.51741331199832,1.0,-1063206872.0,-258023094.00000057,0.2319836616516113,0,True,56,33,True,34,32,0.988795042037964,10685.2392578125,-1113197347581.9346,2025-11-20 18:35:24
er_4194304_1_6.bin.gz,erdos_renyi,47,SpecAnn,0.5249671905758515,1.0,-1063192916.0,-260040283.9999996,0.2326185703277588,0,True,56,33,True,35,32,0.9882931709289552,9793.697265625,-1019797872049.2004,2025-11-20 18:35:24
er_4194304_1_6.bin.gz,erdos_renyi,47,SpecAnn,0.5324139056496683,1.0,-1063660888.0000006,-262143918.00000048,0.2322421073913574,0,True,56,33,True,36,32,0.9877762794494628,8987.6689453125,-935378302356.085,2025-11-20 18:35:24
er_4194304_1_6.bin.gz,erdos_renyi,47,SpecAnn,0.5397578926492556,1.0,-1063500586.0000002,-264300646.0000002,0.2323348522186279,0,True,56,33,True,37,32,0.987243950366974,8257.7744140625,-858952459238.366,2025-11-20 18:35:24
er_4194304_1_6.bin.gz,erdos_renyi,47,SpecAnn,0.5470032892270364,1.0,-1063299152.0000004,-266490858.0000004,0.2318758964538574,0,True,56,33,True,38,32,0.9866958260536194,7595.81005859375,-789657962431.3301,2025-11-20 18:35:25
er_4194304_1_6.bin.gz,erdos_renyi,47,SpecAnn,0.554153962516942,1.0,-1063041620.0000002,-268727822.0000009,0.2327723503112793,0,True,56,33,True,39,32,0.986131489276886,6994.56005859375,-726736314632.3672,2025-11-20 18:35:25
er_4194304_1_6.bin.gz,erdos_renyi,47,SpecAnn,0.5612135332663137,1.0,-1063336273.9999996,-271165874.0000004,0.2322056293487548,0,True,56,33,True,40,32,0.985550582408905,6447.69091796875,-669521859675.2053,2025-11-20 18:35:25
er_4194304_1_6.bin.gz,erdos_renyi,47,SpecAnn,0.5681853972686127,1.0,-1063822848.0000002,-273644905.99999964,0.2324976921081543,0,True,56,33,True,41,32,0.984952747821808,5949.61181640625,-617427059145.1768,2025-11-20 18:35:25
er_4194304_1_6.bin.gz,erdos_renyi,47,SpecAnn,0.5750727444570146,1.0,-1063820274.0,-276129068.00000006,0.2323455810546875,0,True,56,33,True,42,32,0.9843375086784364,5495.37255859375,-569931691351.7217,2025-11-20 18:35:25
er_4194304_1_6.bin.gz,erdos_renyi,47,SpecAnn,0.5818785759635375,1.0,-1063397836.0,-278697776.00000006,0.231924295425415,0,True,56,33,True,43,32,0.9837044477462769,5080.6015625,-526576415806.5604,2025-11-20 18:35:26
er_4194304_1_6.bin.gz,erdos_renyi,47,SpecAnn,0.5886057194025436,1.0,-1063646446.0000002,-281337128.00000006,0.2324707508087158,0,True,56,33,True,44,32,0.9830532073974608,4701.41455078125,-486953176606.2458,2025-11-20 18:35:26
er_4194304_1_6.bin.gz,erdos_renyi,47,SpecAnn,0.5952568425994088,1.0,-1063287292.0000004,-283998342.0000002,0.2330372333526611,0,True,56,33,True,45,32,0.9823833107948304,4354.3505859375,-450698383467.8087,2025-11-20 18:35:26
er_4194304_1_6.bin.gz,erdos_renyi,47,SpecAnn,0.6018344659534288,1.0,-1063977622.0,-286838674.0000001,0.2321279048919677,0,True,56,33,True,46,32,0.981694221496582,4036.34033203125,-417489583139.01166,2025-11-20 18:35:26
er_4194304_1_6.bin.gz,erdos_renyi,47,SpecAnn,0.6083409735974393,1.0,-1064068686.0,-289681426.0000001,0.2324092388153076,0,True,56,33,True,47,32,0.980985701084137,3744.634521484375,-387038123563.2026,2025-11-20 18:35:27
er_4194304_1_6.bin.gz,erdos_renyi,47,SpecAnn,0.6147786234942719,1.0,-1064039796.0,-292744618.00000006,0.2323644161224365,0,True,56,33,True,48,32,0.9802568554878236,3476.7783203125,-359086039334.68054,2025-11-20 18:35:27
er_4194304_1_6.bin.gz,erdos_renyi,47,SpecAnn,0.6211495565912796,1.0,-1064481615.9999998,-295785634.00000054,0.2329435348510742,0,True,56,33,True,49,32,0.9795076251029968,3230.57666015625,-333403000450.00134,2025-11-20 18:35:27
er_4194304_1_6.bin.gz,erdos_renyi,47,SpecAnn,0.6274558051381586,1.0,-1064329226.0,-298998792.0000002,0.2319142818450927,0,True,56,33,True,50,32,0.9787372350692748,3004.0546875,-309781570459.225,2025-11-20 18:35:27
er_4194304_1_6.bin.gz,erdos_renyi,47,SpecAnn,0.6336993002596786,1.0,-1064447744.0,-302148986.00000066,0.2323465347290039,0,True,56,33,True,51,32,0.9779452085494996,2795.4482421875,-288036556692.0109,2025-11-20 18:35:28
er_4194304_1_6.bin.gz,erdos_renyi,47,SpecAnn,0.6398818788633085,1.0,-1064271656.0,-305465264.0000008,0.2322227954864502,0,True,56,33,True,52,32,0.9771310091018676,2603.1630859375,-268000623592.3403,2025-11-20 18:35:28
er_4194304_1_6.bin.gz,erdos_renyi,47,SpecAnn,0.6460052899517691,1.0,-1064691772.0,-308889932.00000083,0.2325801849365234,0,True,56,33,True,53,32,0.9762941002845764,2425.7646484375,-249523215968.7997,2025-11-20 18:35:28
er_4194304_1_6.bin.gz,erdos_renyi,47,SpecAnn,0.6520712004019966,1.0,-1064706898.0,-312405620.0000002,0.2320561408996582,0,True,56,33,True,54,32,0.9754338264465332,2261.961669921875,-232468806050.2251,2025-11-20 18:35:28
er_4194304_1_6.bin.gz,erdos_renyi,47,SpecAnn,0.6580812002646271,1.0,-1064623130.0,-316048008.00000054,0.232346773147583,0,True,56,33,True,55,32,0.9745495915412904,2110.5859375,-216714822069.47247,2025-11-20 18:35:28
er_4194304_1_6.bin.gz,erdos_renyi,47,SpecAnn,0.6640368076317485,1.0,-1064321116.0,-319739382.0000009,0.2320156097412109,0,True,56,33,True,56,32,0.9736407995224,1970.5821533203125,-202150556492.932,2025-11-20 18:35:29
er_4194304_1_6.bin.gz,erdos_renyi,47,SpecAnn,0.6699394731151429,1.0,-1064737268.0,-323571086.0000007,0.2326056957244873,0,True,56,33,True,57,32,0.9727067947387696,1840.995361328125,-188675832746.9557,2025-11-20 18:35:29
er_4194304_1_6.bin.gz,erdos_renyi,47,SpecAnn,0.6757905839724513,1.0,-1064837560.0000002,-327392300.0000009,0.2322101593017578,0,True,56,33,True,58,32,0.9717468023300172,1720.95751953125,-176199593480.73093,2025-11-20 18:35:29
er_4194304_1_6.bin.gz,erdos_renyi,47,SpecAnn,0.6815914679145113,1.0,-1065009246.0,-331441782.0000009,0.2323095798492431,0,True,56,33,True,59,32,0.9707602858543396,1609.685302734375,-164639717136.98334,2025-11-20 18:35:29
er_4194304_1_6.bin.gz,erdos_renyi,47,SpecAnn,0.6873433966234707,1.0,-1064920962.0,-335597078.0000008,0.232168436050415,0,True,56,33,True,60,32,0.9697464108467102,1506.46142578125,-153920982979.59183,2025-11-20 18:35:30
er_4194304_1_6.bin.gz,erdos_renyi,47,SpecAnn,0.6930475890080863,1.0,-1065294308.0,-339896684.0000002,0.2323143482208252,0,True,56,33,True,61,32,0.9687042236328124,1410.6395263671875,-143975592231.0757,2025-11-20 18:35:30
er_4194304_1_6.bin.gz,erdos_renyi,47,SpecAnn,0.6987052142198116,1.0,-1065321132.0000002,-344154500.0000004,0.2328927516937255,0,True,56,33,True,62,32,0.9676332473754884,1321.62646484375,-134741426316.24724,2025-11-20 18:35:30
er_4194304_1_6.bin.gz,erdos_renyi,47,SpecAnn,0.7043173944508145,1.0,-1065452704.0,-348677562.0000004,0.2323405742645263,0,True,56,33,True,63,32,0.9665324687957764,1238.883544921875,-126161999727.8877,2025-11-20 18:35:30
er_4194304_1_6.bin.gz,erdos_renyi,47,SpecAnn,0.709885207532891,1.0,-1065816868.0000002,-353324020.0000004,0.2324421405792236,0,True,56,33,True,64,32,0.9654009938240052,1161.9200439453125,-118185886425.7102,2025-11-20 18:35:31
er_4194304_1_6.bin.gz,erdos_renyi,47,SpecAnn,0.7154096893543218,1.0,-1065243648.0,-358054014.00000006,0.2320632934570312,0,True,56,33,True,65,32,0.9642379879951476,1090.2861328125,-110765970594.4766,2025-11-20 18:35:31
er_4194304_1_6.bin.gz,erdos_renyi,47,SpecAnn,0.7208918361100219,1.0,-1066660861.9999998,-362905472.0000005,0.2328298091888427,0,True,56,33,True,66,32,0.9630424380302428,1023.5726318359376,-103859379197.87328,2025-11-20 18:35:31
er_4194304_1_6.bin.gz,erdos_renyi,47,SpecAnn,0.7263326063988248,1.0,-1066226520.0,-367936636.0,0.2319338321685791,0,True,56,33,True,67,32,0.961813509464264,961.4039306640624,-97426790923.5759,2025-11-20 18:35:31
er_4194304_1_6.bin.gz,erdos_renyi,47,SpecAnn,0.7317329231804058,1.0,-1066359800.0,-373042876.00000006,0.2326669692993164,0,True,56,33,True,68,32,0.960549771785736,903.4365234375,-91432195582.98366,2025-11-20 18:35:31
er_4194304_1_6.bin.gz,erdos_renyi,47,SpecAnn,0.7370936756031579,1.0,-1066576015.9999998,-378412368.0,0.2322580814361572,0,True,56,33,True,69,32,0.959250509738922,849.355224609375,-85842633568.0233,2025-11-20 18:35:32
er_4194304_1_6.bin.gz,erdos_renyi,47,SpecAnn,0.7424157207132704,1.0,-1066465636.0000002,-383959809.99999976,0.2329607009887695,0,True,56,33,True,70,32,0.957914173603058,798.8718872070312,-80627903853.42256,2025-11-20 18:35:32
er_4194304_1_6.bin.gz,erdos_renyi,47,SpecAnn,0.7476998850543153,1.0,-1066868048.0,-389733355.9999997,0.2321515083312988,0,True,56,33,True,71,32,0.9565398693084716,751.7213134765625,-75760280165.37793,2025-11-20 18:35:32
er_4194304_1_6.bin.gz,erdos_renyi,47,SpecAnn,0.7529469661657903,1.0,-1067640090.0000002,-395615134.0000007,0.2320978641510009,0,True,56,33,True,72,32,0.9551259875297546,707.6591796875,-71214173456.56973,2025-11-20 18:35:32
er_4194304_1_6.bin.gz,erdos_renyi,47,SpecAnn,0.7581577339883167,1.0,-1067669434.0,-401518254.0000002,0.2323806285858154,0,True,56,33,True,73,32,0.9536715149879456,666.462646484375,-66966292578.46619,2025-11-20 18:35:33
er_4194304_1_6.bin.gz,erdos_renyi,47,SpecAnn,0.7633329321824984,1.0,-1067020906.0000002,-407874413.9999998,0.2327029705047607,0,True,56,33,True,74,32,0.952174723148346,627.9254150390625,-62995037860.40076,2025-11-20 18:35:33
er_4194304_1_6.bin.gz,erdos_renyi,47,SpecAnn,0.7684732793678399,1.0,-1068013898.0,-414269269.9999997,0.2321407794952392,0,True,56,33,True,75,32,0.950634241104126,591.8573608398438,-59280538225.18919,2025-11-20 18:35:33
er_4194304_1_6.bin.gz,erdos_renyi,47,SpecAnn,0.7735794702875677,1.0,-1068394670.0000002,-420944571.9999998,0.2324516773223877,0,True,56,33,True,76,32,0.9490481615066528,558.0841674804688,-55804546847.84275,2025-11-20 18:35:33
er_4194304_1_6.bin.gz,erdos_renyi,47,SpecAnn,0.7786521769046981,1.0,-1068443654.0000004,-427749401.9999996,0.2321975231170654,0,True,56,33,True,77,32,0.947415053844452,526.4447021484375,-52550236187.83826,2025-11-20 18:35:34
er_4194304_1_6.bin.gz,erdos_renyi,47,SpecAnn,0.7836920494342511,1.0,-1068746646.0,-434836073.9999988,0.2323164939880371,0,True,56,33,True,78,32,0.9457329511642456,496.7902526855469,-49502053904.5629,2025-11-20 18:35:34
er_4194304_1_6.bin.gz,erdos_renyi,47,SpecAnn,0.788699717316095,1.0,-1068555838.0,-442015681.999999,0.2326929569244384,0,True,56,33,True,79,32,0.9439999461174012,468.98333740234375,-46645635471.88082,2025-11-20 18:35:34
er_4194304_1_6.bin.gz,erdos_renyi,47,SpecAnn,0.7936757901325451,1.0,-1069412012.0,-449584841.9999994,0.2322852611541748,0,True,56,33,True,80,32,0.942213773727417,442.8975830078125,-43967765075.64396,2025-11-20 18:35:34
er_4194304_1_6.bin.gz,erdos_renyi,47,SpecAnn,0.7986208584745024,1.0,-1069172438.0000004,-457507919.9999996,0.2322478294372558,0,True,56,33,True,81,32,0.940372347831726,418.4149475097656,-41456121888.67916,2025-11-20 18:35:35
er_4194304_1_6.bin.gz,erdos_renyi,47,SpecAnn,0.803535494759617,1.0,-1069766918.0,-465427686.00000006,0.2323725223541259,0,True,56,33,True,82,32,0.938473105430603,395.427490234375,-39099420543.90077,2025-11-20 18:35:35
er_4194304_1_6.bin.gz,erdos_renyi,47,SpecAnn,0.8084202540056837,1.0,-1069759128.0,-473654607.9999999,0.2323739528656005,0,True,56,33,True,83,32,0.9365138411521912,373.8348693847656,-36887195691.0285,2025-11-20 18:35:35
er_4194304_1_6.bin.gz,erdos_renyi,47,SpecAnn,0.8132756745622272,1.0,-1069785798.0000004,-482196042.0000005,0.2324066162109375,0,True,56,33,True,84,32,0.9344913959503174,353.5433959960937,-34809650913.5674,2025-11-20 18:35:35
er_4194304_1_6.bin.gz,erdos_renyi,47,SpecAnn,0.8181022788030096,1.0,-1070759330.0,-491251520.0000001,0.232184886932373,0,True,56,33,True,85,32,0.9324029088020324,334.46746826171875,-32857849357.15167,2025-11-20 18:35:35
er_4194304_1_6.bin.gz,erdos_renyi,47,SpecAnn,0.822900573781978,1.0,-1071100486.0,-500610637.9999998,0.232950210571289,0,True,56,33,True,86,32,0.9302452206611632,316.52685546875,-31023417851.023148,2025-11-20 18:35:36
er_4194304_1_6.bin.gz,erdos_renyi,47,SpecAnn,0.8276710518549868,1.0,-1071735714.0000004,-510310344.0000001,0.2322854995727539,0,True,56,33,True,87,32,0.9280149340629578,299.6474914550781,-29298625264.67668,2025-11-20 18:35:36
er_4194304_1_6.bin.gz,erdos_renyi,47,SpecAnn,0.8324141912694495,1.0,-1072309155.9999998,-520556828.0000002,0.2321863174438476,0,True,56,33,True,88,32,0.9257082939147948,283.7602233886719,-27676253753.159336,2025-11-20 18:35:36
er_4194304_1_6.bin.gz,erdos_renyi,47,SpecAnn,0.8371304567239225,1.0,-1072671316.0,-531258050.0000007,0.2326061725616455,0,True,56,33,True,89,32,0.9233211278915404,268.80145263671875,-26149658189.278984,2025-11-20 18:35:36
er_4194304_1_6.bin.gz,erdos_renyi,47,SpecAnn,0.8418202998994706,1.0,-1072854298.0,-542314684.0000002,0.2325441837310791,0,True,56,33,True,90,32,0.9208492040634156,254.71124267578125,-24712589966.168488,2025-11-20 18:35:37
er_4194304_1_6.bin.gz,erdos_renyi,47,SpecAnn,0.846484159964536,1.0,-1074064969.9999998,-553877892.0000001,0.2328705787658691,0,True,56,33,True,91,32,0.9182875752449036,241.4345550537109,-23359296971.379528,2025-11-20 18:35:37
er_4194304_1_6.bin.gz,erdos_renyi,47,SpecAnn,0.8511224640549078,1.0,-1074553374.0,-566211078.0000001,0.2321541309356689,0,True,56,33,True,92,32,0.9156312942504884,228.9200897216797,-22084428576.14119,2025-11-20 18:35:37
er_4194304_1_6.bin.gz,erdos_renyi,47,SpecAnn,0.8557356277302758,1.0,-1074875756.0,-578899705.9999995,0.2324800491333007,0,True,56,33,True,93,32,0.9128744602203368,217.11962890625,-20882946532.38401,2025-11-20 18:35:37
er_4194304_1_6.bin.gz,erdos_renyi,47,SpecAnn,0.8603240554087516,1.0,-1076474784.0,-592087435.9999996,0.232759952545166,0,True,56,33,True,94,32,0.9100107550621032,205.98855590820312,-19750188715.93017,2025-11-20 18:35:38
er_4194304_1_6.bin.gz,erdos_renyi,47,SpecAnn,0.86488814078064,1.0,-1076820596.0000002,-606008604.0000005,0.2325189113616943,0,True,56,33,True,95,32,0.9070335030555724,195.4856872558593,-18681851946.19499,2025-11-20 18:35:38
er_4194304_1_6.bin.gz,erdos_renyi,47,SpecAnn,0.8694282672026621,1.0,-1077913876.0,-620810680.0000005,0.2323076725006103,0,True,56,33,True,96,32,0.9039350748062134,185.57188415527344,-17673845218.894157,2025-11-20 18:35:38
er_4194304_1_6.bin.gz,erdos_renyi,47,SpecAnn,0.8739448080737451,1.0,-1079209607.9999998,-636274106.0,0.2322926521301269,0,True,56,33,True,97,32,0.9007071852684021,176.2112274169922,-16722408767.71895,2025-11-20 18:35:38
er_4194304_1_6.bin.gz,erdos_renyi,47,SpecAnn,0.878438127193422,1.0,-1080599624.0000002,-652357400.0000004,0.2323479652404785,0,True,56,33,True,98,32,0.8973405361175537,167.3699188232422,-15824001812.12647,2025-11-20 18:35:38
er_4194304_1_6.bin.gz,erdos_renyi,47,SpecAnn,0.8829085791038153,1.0,-1081546268.0000002,-669352170.0000001,0.2325682640075683,0,True,56,33,True,99,32,0.8938249349594116,159.0164337158203,-14975319844.421556,2025-11-20 18:35:39
er_4194304_1_6.bin.gz,erdos_renyi,47,SpecAnn,0.8873565094161138,1.0,-1082995347.9999998,-687075944.0000002,0.2322144508361816,0,True,56,33,True,100,32,0.8901488780975342,151.12144470214844,-14173280335.81726,2025-11-20 18:35:39
er_4194304_1_6.bin.gz,erdos_renyi,47,SpecAnn,0.8917822551223932,1.0,-1084153874.0000002,-705926674.0000004,0.2327823638916015,0,True,56,33,True,101,32,0.8862995505332947,143.65744018554688,-13414987867.636778,2025-11-20 18:35:39
er_4194304_1_6.bin.gz,erdos_renyi,47,SpecAnn,0.8961861448935777,1.0,-1086133706.0,-725537730.0000002,0.2317738533020019,0,True,56,33,True,102,32,0.8822630047798157,136.59881591796875,-12697745991.362633,2025-11-20 18:35:39
er_4194304_1_6.bin.gz,erdos_renyi,47,SpecAnn,0.9005684993642872,1.0,-1088466578.0000002,-746063201.9999999,0.2327337265014648,0,True,56,33,True,103,32,0.8780225515365601,129.9215850830078,-12019007682.477545,2025-11-20 18:35:40
er_4194304_1_6.bin.gz,erdos_renyi,47,SpecAnn,0.9049296314052688,1.0,-1090737126.0,-767445266.0000002,0.2325773239135742,0,True,56,33,True,104,32,0.8735604882240295,123.60311126708984,-11376378075.599035,2025-11-20 18:35:40
er_4194304_1_6.bin.gz,erdos_renyi,47,SpecAnn,0.9092698463840684,1.0,-1092753838.0,-789721032.0000005,0.2320237159729004,0,True,56,33,True,105,32,0.8688557147979736,117.62247467041016,-10767617160.95714,2025-11-20 18:35:40
er_4194304_1_6.bin.gz,erdos_renyi,47,SpecAnn,0.9135894424145556,1.0,-1095992071.9999998,-813130628.0000002,0.2330126762390136,0,True,56,33,True,106,32,0.8638847470283508,111.96009826660156,-10190622376.457935,2025-11-20 18:35:40
er_4194304_1_6.bin.gz,erdos_renyi,47,SpecAnn,0.9178887105958816,1.0,-1099163648.0000002,-836980482.0,0.2320389747619629,0,True,56,33,True,107,32,0.8586206436157227,106.59735107421876,-9643381990.671549,2025-11-20 18:35:41
er_4194304_1_6.bin.gz,erdos_renyi,47,SpecAnn,0.922167935241408,1.0,-1102542482.0000002,-861503450.0000006,0.233351469039917,0,True,56,33,True,108,32,0.8530321717262268,101.5170440673828,-9124015323.848991,2025-11-20 18:35:41
er_4194304_1_6.bin.gz,erdos_renyi,47,SpecAnn,0.92642739409812,1.0,-1106526163.9999998,-886680050.0000001,0.2322809696197509,0,True,56,33,True,109,32,0.8470835089683533,96.70309448242188,-8630743905.824532,2025-11-20 18:35:41
er_4194304_1_6.bin.gz,erdos_renyi,47,SpecAnn,0.9306673585570006,1.0,-1110683154.0,-912270520.0,0.4515471458435058,0,True,56,65,True,110,32,0.8407328128814697,92.14014434814452,-8161848285.288643,2025-11-20 18:35:41
er_4194304_1_6.bin.gz,erdos_renyi,47,SpecAnn,0.9348880938548184,1.0,-1115549676.0,-937373358.0,0.4518344402313232,0,True,56,65,True,111,32,0.8339304327964783,87.81405639648438,-7715702849.654626,2025-11-20 18:35:42
er_4194304_1_6.bin.gz,erdos_renyi,47,SpecAnn,0.9390898592677528,1.0,-1120504626.0000002,-961804474.0,0.6707284450531006,0,True,56,97,True,112,32,0.8266189098358154,83.71141815185547,-7290740943.410317,2025-11-20 18:35:43
er_4194304_1_6.bin.gz,erdos_renyi,47,SpecAnn,0.9432729082972536,1.0,-1125228166.0,-984027326.0000004,1.1091206073760986,0,True,56,161,True,113,32,0.8187278509140015,79.8197021484375,-6885433666.086932,2025-11-20 18:35:44
er_4194304_1_6.bin.gz,erdos_renyi,47,SpecAnn,0.9474374888485204,1.0,-1127786316.0000002,-997373652.0000002,2.423637866973877,0,True,56,353,True,114,32,0.8101730942726135,76.12712860107422,-6498287131.687015,2025-11-20 18:35:46
er_4194304_1_6.bin.gz,erdos_renyi,47,SpecAnn,0.9515838434019476,1.0,-1121933648.0000002,-981814964.0,7.029528856277466,0,True,56,1025,True,115,32,0.800926685333252,72.6225814819336,-6128385522.32583,2025-11-20 18:35:53
er_4194304_1_6.bin.gz,erdos_renyi,47,SpecAnn,0.9557122091778746,1.0,-1121186992.0,-979347756.0,1.9848825931549072,0,True,56,289,True,116,32,0.7912204265594482,69.2957534790039,-5776778873.778225,2025-11-20 18:35:55
er_4194304_1_6.bin.gz,erdos_renyi,47,SpecAnn,0.9598228182949629,1.0,-1121073026.0,-978636736.0,0.8896744251251221,0,True,56,129,True,117,32,0.7810837626457214,66.13678741455078,-5442799505.115706,2025-11-20 18:35:56
er_4194304_1_6.bin.gz,erdos_renyi,47,SpecAnn,0.963915897922488,1.0,-1120968070.0,-978237248.0,0.8897237777709961,0,True,56,129,True,118,32,0.7705017328262329,63.13654708862305,-5125498116.214443,2025-11-20 18:35:57
er_4194304_1_6.bin.gz,erdos_renyi,47,SpecAnn,0.967991670426842,1.0,-1120846676.0000002,-978011782.0,0.6702980995178223,0,True,56,97,True,119,32,0.7594553232192993,60.28633499145508,-4823949410.41096,2025-11-20 18:35:58
er_4194304_1_6.bin.gz,erdos_renyi,47,SpecAnn,0.9720503535125016,1.0,-1120556450.0,-977803634.0,7.030433654785156,0,True,56,1025,True,120,32,0.7479248046875,57.57801055908203,-4537286712.874474,2025-11-20 18:36:05
er_4194304_1_6.bin.gz,erdos_renyi,47,SpecAnn,0.9760921603577252,1.0,-1120365450.0000002,-977803404.0,1.1097149848937988,0,True,56,161,True,121,32,0.7358957529067993,55.00395965576172,-4264733356.3059545,2025-11-20 18:36:06
er_4194304_1_6.bin.gz,erdos_renyi,47,SpecAnn,0.9801172997452104,1.0,-1120374658.0,-977754002.0,1.1096444129943848,0,True,56,161,True,122,32,0.7233438491821289,52.556922912597656,-4005496484.191127,2025-11-20 18:36:07
er_4194304_1_6.bin.gz,erdos_renyi,47,SpecAnn,0.9841259761879442,1.0,-1120340038.0000002,-977786002.0,1.5480473041534424,0,True,56,225,True,123,32,0.7102502584457397,50.23015594482422,-3758872186.2102847,2025-11-20 18:36:08
er_4194304_1_6.bin.gz,erdos_renyi,47,SpecAnn,0.9881183900504562,1.0,-1120484060.0,-977169764.0,7.0226805210113525,0,True,56,1025,True,124,32,0.6965927481651306,48.017189025878906,-3524173758.380378,2025-11-20 18:36:15
er_4194304_1_6.bin.gz,erdos_renyi,47,SpecAnn,0.9920947376656812,1.0,-1120542090.0,-977044766.0,0.4512908458709717,0,True,56,65,True,125,32,0.6823499798774719,45.91205596923828,-3300772222.7768784,2025-11-20 18:36:16
er_4194304_1_6.bin.gz,erdos_renyi,47,SpecAnn,0.9960552114476228,1.0,-1120333876.0,-976907042.0,0.6718895435333252,0,True,56,97,True,126,32,0.6674993634223938,43.90906524658203,-3088066750.2805142,2025-11-20 18:36:17
er_4194304_1_6.bin.gz,erdos_renyi,47,SpecAnn,1.0,1.0,-1120485910.0,-976849216.0,0.4522967338562011,0,True,56,65,True,127,32,0.6520164608955383,42.00279998779297,-2885482429.0717826,2025-11-20 18:36:17
er_4194304_1_6.bin.gz,erdos_renyi,48,SpecAnn,0.0,1.0,-1061896370.0000002,-217347686.00000027,0.3564331531524658,0,True,55,33,True,0,32,0.99943608045578,4194305.0,-441669344962112.56,2025-11-20 18:36:53
er_4194304_1_6.bin.gz,erdos_renyi,48,SpecAnn,0.0887356509416113,1.0,-1061376029.9999998,-217395140.0000003,0.2321875095367431,0,True,55,33,True,1,32,0.9990590810775756,1504994.0,-158419327542405.78,2025-11-20 18:36:54
er_4194304_1_6.bin.gz,erdos_renyi,48,SpecAnn,0.1254911610276317,1.0,-1062019714.0,-217626676.00000048,0.2319812774658203,0,True,55,33,True,2,32,0.9988368153572084,984444.4375,-103601960997346.28,2025-11-20 18:36:54
er_4194304_1_6.bin.gz,erdos_renyi,48,SpecAnn,0.1536946558735679,1.0,-1061992503.9999996,-218070466.00000057,0.2329332828521728,0,True,55,33,True,3,32,0.9986311197280884,710808.5,-74789380065882.31,2025-11-20 18:36:54
er_4194304_1_6.bin.gz,erdos_renyi,48,SpecAnn,0.1774713018832227,1.0,-1062247304.0,-218691270.00000027,0.2327730655670166,0,True,55,33,True,4,32,0.9984297156333924,540161.1875,-56822861303194.56,2025-11-20 18:36:54
er_4194304_1_6.bin.gz,erdos_renyi,48,SpecAnn,0.1984189475331362,1.0,-1061753692.0,-219447978.0000004,0.2322957515716552,0,True,55,33,True,5,32,0.9982278943061828,424118.3125,-44606582514315.66,2025-11-20 18:36:55
er_4194304_1_6.bin.gz,erdos_renyi,48,SpecAnn,0.2173570668006655,1.0,-1062134214.0,-220274854.0000001,0.2323236465454101,0,True,55,33,True,6,32,0.9980230927467346,340825.71875,-35838941536910.766,2025-11-20 18:36:55
er_4194304_1_6.bin.gz,erdos_renyi,48,SpecAnn,0.2347724648169381,1.0,-1062085069.9999996,-221086548.0000001,0.2321712970733642,0,True,55,33,True,7,32,0.9978139400482178,278751.46875,-29305487922697.684,2025-11-20 18:36:55
er_4194304_1_6.bin.gz,erdos_renyi,48,SpecAnn,0.2509823220552634,1.0,-1062729189.9999998,-221984120.0000001,0.2326796054840088,0,True,55,33,True,8,32,0.9975994229316713,231179.921875,-24299007053196.48,2025-11-20 18:36:55
er_4194304_1_6.bin.gz,erdos_renyi,48,SpecAnn,0.2662069528248341,1.0,-1062243316.0,-222876156.0000004,0.2323756217956543,0,True,55,33,True,9,32,0.9973788857460022,193921.4375,-20378312466708.43,2025-11-20 18:36:55
er_4194304_1_6.bin.gz,erdos_renyi,48,SpecAnn,0.2806067666331568,1.0,-1062398730.0,-223790816.0000001,0.2319777011871338,0,True,55,33,True,10,32,0.9971515536308287,164225.15625,-17253733243142.75,2025-11-20 18:36:56
er_4194304_1_6.bin.gz,erdos_renyi,48,SpecAnn,0.2943028597012718,1.0,-1062534716.0,-224780250.0000001,0.2322950363159179,0,True,55,33,True,11,32,0.9969170093536376,140211.671875,-14727376821537.248,2025-11-20 18:36:56
er_4194304_1_6.bin.gz,erdos_renyi,48,SpecAnn,0.3073893117471359,1.0,-1062369694.0,-225714480.0000001,0.2324235439300537,0,True,55,33,True,12,32,0.9966749548912048,120555.515625,-12659683706457.258,2025-11-20 18:36:56
er_4194304_1_6.bin.gz,erdos_renyi,48,SpecAnn,0.3199409394316542,1.0,-1062082026.0,-226788350.0000004,0.2326633930206298,0,True,55,33,True,13,32,0.996424913406372,104297.3828125,-10949649394395.102,2025-11-20 18:36:56
er_4194304_1_6.bin.gz,erdos_renyi,48,SpecAnn,0.3320184038158743,1.0,-1062478107.9999998,-227912522.00000024,0.2323312759399414,0,True,55,33,True,14,32,0.9961665272712708,90727.3828125,-9522534460453.297,2025-11-20 18:36:57
er_4194304_1_6.bin.gz,erdos_renyi,48,SpecAnn,0.3436716983117353,1.0,-1062193018.0,-229058362.00000024,0.2322397232055664,0,True,55,33,True,15,32,0.995899498462677,79310.65625,-8322030100698.527,2025-11-20 18:36:57
er_4194304_1_6.bin.gz,erdos_renyi,48,SpecAnn,0.3549426037664455,1.0,-1062670774.0,-230169142.0000001,0.2327828407287597,0,True,55,33,True,16,32,0.9956235885620116,69637.53125,-7305009230516.684,2025-11-20 18:36:57
er_4194304_1_6.bin.gz,erdos_renyi,48,SpecAnn,0.3658664615902029,1.0,-1062731561.9999998,-231385704.0000002,0.2322778701782226,0,True,55,33,True,17,32,0.9953383803367616,61389.7890625,-6437972498764.646,2025-11-20 18:36:57
er_4194304_1_6.bin.gz,erdos_renyi,48,SpecAnn,0.3764734830828951,1.0,-1062345937.9999998,-232640469.9999998,0.2324557304382324,0,True,55,33,True,18,32,0.9950436353683472,54317.34765625,-5694595837578.029,2025-11-20 18:36:58
er_4194304_1_6.bin.gz,erdos_renyi,48,SpecAnn,0.3867897351437838,1.0,-1062565639.9999998,-233954211.99999943,0.2322022914886474,0,True,55,33,True,19,32,0.9947391152381896,48221.40625,-5053954086029.257,2025-11-20 18:36:58
er_4194304_1_6.bin.gz,erdos_renyi,48,SpecAnn,0.3968378950662725,1.0,-1062520028.0,-235271839.9999997,0.2322573661804199,0,True,55,33,True,20,32,0.9944244623184204,42942.3984375,-4499252033062.754,2025-11-20 18:36:58
er_4194304_1_6.bin.gz,erdos_renyi,48,SpecAnn,0.4066378372811136,1.0,-1062190202.0,-236608715.99999964,0.2323963642120361,0,True,55,33,True,21,32,0.9940994381904602,38351.11328125,-4016890832499.3735,2025-11-20 18:36:58
er_4194304_1_6.bin.gz,erdos_renyi,48,SpecAnn,0.4162070956347247,1.0,-1062494986.0000002,-238010763.9999995,0.232140302658081,0,True,55,33,True,22,32,0.9937637448310852,34342.125,-3595775246060.687,2025-11-20 18:36:58
er_4194304_1_6.bin.gz,erdos_renyi,48,SpecAnn,0.4255612320274539,1.0,-1062790490.0,-239418871.9999998,0.2329089641571045,0,True,55,33,True,23,32,0.9934170246124268,30828.74609375,-3226782437477.8584,2025-11-20 18:36:59
er_4194304_1_6.bin.gz,erdos_renyi,48,SpecAnn,0.434714133601331,1.0,-1062495960.0,-240895998.0,0.2324905395507812,0,True,55,33,True,24,32,0.9930590987205504,27739.20703125,-2902360548113.683,2025-11-20 18:36:59
er_4194304_1_6.bin.gz,erdos_renyi,48,SpecAnn,0.4436782547080569,1.0,-1062543044.0,-242384467.99999973,0.232231855392456,0,True,55,33,True,25,32,0.9926896691322328,25013.7890625,-2616225718454.614,2025-11-20 18:36:59
er_4194304_1_6.bin.gz,erdos_renyi,48,SpecAnn,0.4524648157026343,1.0,-1062689568.0,-243885846.0000001,0.232370376586914,0,True,55,33,True,26,32,0.9923083782196044,22602.47265625,-2363114885809.561,2025-11-20 18:36:59
er_4194304_1_6.bin.gz,erdos_renyi,48,SpecAnn,0.4610839676207039,1.0,-1062385456.0,-245548123.9999998,0.2321999073028564,0,True,55,33,True,27,32,0.9919148683547974,20463.14453125,-2138597215775.5745,2025-11-20 18:37:00
er_4194304_1_6.bin.gz,erdos_renyi,48,SpecAnn,0.4695449296338763,1.0,-1062544979.9999998,-247139634.0000002,0.2326240539550781,0,True,55,33,True,28,32,0.9915090203285216,18560.19921875,-1938927312235.493,2025-11-20 18:37:00
er_4194304_1_6.bin.gz,erdos_renyi,48,SpecAnn,0.4778561045889373,1.0,-1062263638.0000004,-248750086.0000001,0.2321169376373291,0,True,55,33,True,29,32,0.9910904169082642,16863.375,-1760921515475.35,2025-11-20 18:37:00
er_4194304_1_6.bin.gz,erdos_renyi,48,SpecAnn,0.4860251767562508,1.0,-1062596538.0,-250518388.00000024,0.2325232028961181,0,True,55,33,True,30,32,0.9906587600708008,15346.85546875,-1601864262948.5288,2025-11-20 18:37:00
er_4194304_1_6.bin.gz,erdos_renyi,48,SpecAnn,0.4940591950252281,1.0,-1062516026.0,-252308364.0,0.2322568893432617,0,True,55,33,True,31,32,0.9902136921882628,13988.53125,-1459430001649.912,2025-11-20 18:37:01
er_4194304_1_6.bin.gz,erdos_renyi,48,SpecAnn,0.5019646441105269,1.0,-1062902094.0,-254146252.00000027,0.2324287891387939,0,True,55,33,True,32,32,0.9897549152374268,12769.390625,-1331619250688.5627,2025-11-20 18:37:01
er_4194304_1_6.bin.gz,erdos_renyi,48,SpecAnn,0.5097475058154177,1.0,-1062780298.0,-256021394.00000045,0.2321159839630127,0,True,55,33,True,33,32,0.9892821907997132,11673.0205078125,-1216706041821.3257,2025-11-20 18:37:01
er_4194304_1_6.bin.gz,erdos_renyi,48,SpecAnn,0.51741331199832,1.0,-1062802298.0,-258023722.00000027,0.232018232345581,0,True,55,33,True,34,32,0.9887951016426086,10685.23046875,-1113198020465.9817,2025-11-20 18:37:01
er_4194304_1_6.bin.gz,erdos_renyi,48,SpecAnn,0.5249671905758515,1.0,-1062938108.0,-260040284.00000048,0.2326917648315429,0,True,55,33,True,35,32,0.9882932305336,9793.69140625,-1019798717210.6246,2025-11-20 18:37:02
er_4194304_1_6.bin.gz,erdos_renyi,48,SpecAnn,0.5324139056496683,1.0,-1063525122.0000004,-262143918.0000012,0.2321615219116211,0,True,55,33,True,36,32,0.9877763390541076,8987.662109375,-935378925762.0248,2025-11-20 18:37:02
er_4194304_1_6.bin.gz,erdos_renyi,48,SpecAnn,0.5397578926492556,1.0,-1063245476.0000002,-264300646.0000005,0.2322521209716797,0,True,55,33,True,37,32,0.9872440099716188,8257.767578125,-858952973990.9036,2025-11-20 18:37:02
er_4194304_1_6.bin.gz,erdos_renyi,48,SpecAnn,0.5470032892270364,1.0,-1063183513.9999998,-266489482.0000003,0.2321712970733642,0,True,55,33,True,38,32,0.9866958260536194,7595.80419921875,-789658432536.351,2025-11-20 18:37:02
er_4194304_1_6.bin.gz,erdos_renyi,48,SpecAnn,0.554153962516942,1.0,-1063478475.9999998,-268727822.0000006,0.2321212291717529,0,True,55,33,True,39,32,0.986131489276886,6994.5537109375,-726736648356.6514,2025-11-20 18:37:02
er_4194304_1_6.bin.gz,erdos_renyi,48,SpecAnn,0.5612135332663137,1.0,-1063076240.0,-271165874.0000003,0.2322616577148437,0,True,55,33,True,40,32,0.9855506420135498,6447.6865234375,-669522358894.1945,2025-11-20 18:37:03
er_4194304_1_6.bin.gz,erdos_renyi,48,SpecAnn,0.5681853972686127,1.0,-1063568830.0,-273644562.0000009,0.2320001125335693,0,True,55,33,True,41,32,0.984952747821808,5949.607421875,-617427446950.0297,2025-11-20 18:37:03
er_4194304_1_6.bin.gz,erdos_renyi,48,SpecAnn,0.5750727444570146,1.0,-1063057262.0,-276128208.00000066,0.2325272560119629,0,True,55,33,True,42,32,0.984337568283081,5495.3681640625,-569932049039.4999,2025-11-20 18:37:03
er_4194304_1_6.bin.gz,erdos_renyi,48,SpecAnn,0.5818785759635375,1.0,-1063257708.0,-278697776.0000006,0.2318959236145019,0,True,55,33,True,43,32,0.9837044477462769,5080.59765625,-526576730629.3645,2025-11-20 18:37:03
er_4194304_1_6.bin.gz,erdos_renyi,48,SpecAnn,0.5886057194025436,1.0,-1063900133.9999998,-281337128.0000007,0.2324800491333007,0,True,55,33,True,44,32,0.9830532073974608,4701.4111328125,-486953488117.2752,2025-11-20 18:37:04
er_4194304_1_6.bin.gz,erdos_renyi,48,SpecAnn,0.5952568425994088,1.0,-1063806184.0,-283998342.0000005,0.2326509952545166,0,True,55,33,True,45,32,0.9823833107948304,4354.34765625,-450698696209.55096,2025-11-20 18:37:04
er_4194304_1_6.bin.gz,erdos_renyi,48,SpecAnn,0.6018344659534288,1.0,-1063711340.0000004,-286838674.0000003,0.2323019504547119,0,True,55,33,True,46,32,0.9816943407058716,4036.337158203125,-417489876150.7405,2025-11-20 18:37:04
er_4194304_1_6.bin.gz,erdos_renyi,48,SpecAnn,0.6083409735974393,1.0,-1063476920.0,-289681426.0000002,0.2326815128326416,0,True,55,33,True,47,32,0.980985701084137,3744.63134765625,-387038324496.40765,2025-11-20 18:37:04
er_4194304_1_6.bin.gz,erdos_renyi,48,SpecAnn,0.6147786234942719,1.0,-1063673130.0,-292744618.0000004,0.2321066856384277,0,True,55,33,True,48,32,0.9802568554878236,3476.775390625,-359086227524.0087,2025-11-20 18:37:05
er_4194304_1_6.bin.gz,erdos_renyi,48,SpecAnn,0.6211495565912796,1.0,-1064012342.0,-295785634.0000004,0.2323079109191894,0,True,55,33,True,49,32,0.9795076251029968,3230.573486328125,-333403128573.0576,2025-11-20 18:37:05
er_4194304_1_6.bin.gz,erdos_renyi,48,SpecAnn,0.6274558051381586,1.0,-1064064541.9999998,-298998792.0000007,0.2320094108581543,0,True,55,33,True,50,32,0.9787372350692748,3004.052001953125,-309781716908.11334,2025-11-20 18:37:05
er_4194304_1_6.bin.gz,erdos_renyi,48,SpecAnn,0.6336993002596786,1.0,-1063831596.0,-302148902.0000007,0.2325174808502197,0,True,55,33,True,51,32,0.9779452681541444,2795.445556640625,-288036691201.07764,2025-11-20 18:37:05
er_4194304_1_6.bin.gz,erdos_renyi,48,SpecAnn,0.6398818788633085,1.0,-1064095290.0000004,-305464652.0000003,0.2321474552154541,0,True,55,33,True,52,32,0.9771310091018676,2603.16064453125,-268000738527.4669,2025-11-20 18:37:05
er_4194304_1_6.bin.gz,erdos_renyi,48,SpecAnn,0.6460052899517691,1.0,-1064061614.0,-308889926.00000006,0.2327733039855957,0,True,55,33,True,53,32,0.9762941002845764,2425.76220703125,-249523305865.68588,2025-11-20 18:37:06
er_4194304_1_6.bin.gz,erdos_renyi,48,SpecAnn,0.6520712004019966,1.0,-1063507888.0,-312405620.00000024,0.2319650650024414,0,True,55,33,True,54,32,0.975433886051178,2261.95947265625,-232468912156.0421,2025-11-20 18:37:06
er_4194304_1_6.bin.gz,erdos_renyi,48,SpecAnn,0.6580812002646271,1.0,-1064679332.0,-316048008.0000004,0.2323184013366699,0,True,55,33,True,55,32,0.9745495915412904,2110.58447265625,-216714967848.58472,2025-11-20 18:37:06
er_4194304_1_6.bin.gz,erdos_renyi,48,SpecAnn,0.6640368076317485,1.0,-1064316034.0000002,-319737832.0000004,0.2323794364929199,0,True,55,33,True,56,32,0.9736408591270448,1970.580322265625,-202150657314.7929,2025-11-20 18:37:06
er_4194304_1_6.bin.gz,erdos_renyi,48,SpecAnn,0.6699394731151429,1.0,-1064334082.0,-323570356.0000004,0.2326929569244384,0,True,55,33,True,57,32,0.9727067351341248,1840.99365234375,-188675903906.4324,2025-11-20 18:37:07
er_4194304_1_6.bin.gz,erdos_renyi,48,SpecAnn,0.6757905839724513,1.0,-1064477532.0000004,-327393136.0000011,0.2321467399597168,0,True,55,33,True,58,32,0.971746861934662,1720.9560546875,-176199695126.95123,2025-11-20 18:37:07
er_4194304_1_6.bin.gz,erdos_renyi,48,SpecAnn,0.6815914679145113,1.0,-1064618067.9999998,-331441832.00000066,0.2321276664733886,0,True,55,33,True,59,32,0.9707602858543396,1609.6837158203125,-164639779843.17575,2025-11-20 18:37:07
er_4194304_1_6.bin.gz,erdos_renyi,48,SpecAnn,0.6873433966234707,1.0,-1064791586.0,-335597078.0000008,0.2330505847930908,0,True,55,33,True,60,32,0.9697463512420654,1506.460205078125,-153921059162.35995,2025-11-20 18:37:07
er_4194304_1_6.bin.gz,erdos_renyi,48,SpecAnn,0.6930475890080863,1.0,-1065100057.9999994,-339899938.00000054,0.2326841354370117,0,True,55,33,True,61,32,0.968704342842102,1410.6380615234375,-143975657215.61508,2025-11-20 18:37:08
er_4194304_1_6.bin.gz,erdos_renyi,48,SpecAnn,0.6987052142198116,1.0,-1065235326.0,-344154126.0000004,0.2321786880493164,0,True,55,33,True,62,32,0.9676333069801332,1321.6251220703125,-134741481872.88928,2025-11-20 18:37:08
er_4194304_1_6.bin.gz,erdos_renyi,48,SpecAnn,0.7043173944508145,1.0,-1065603188.0,-348678668.0,0.2322380542755127,0,True,55,33,True,63,32,0.9665325284004213,1238.8822021484375,-126162043194.92622,2025-11-20 18:37:08
er_4194304_1_6.bin.gz,erdos_renyi,48,SpecAnn,0.709885207532891,1.0,-1065341574.0,-353324020.00000006,0.2329533100128173,0,True,55,33,True,64,32,0.9654009938240052,1161.9188232421875,-118185923787.975,2025-11-20 18:37:08
er_4194304_1_6.bin.gz,erdos_renyi,48,SpecAnn,0.7154096893543218,1.0,-1066062656.0,-358054650.0000001,0.232147216796875,0,True,55,33,True,65,32,0.9642380475997924,1090.284912109375,-110766004812.37526,2025-11-20 18:37:08
er_4194304_1_6.bin.gz,erdos_renyi,48,SpecAnn,0.7208918361100219,1.0,-1065867181.9999998,-362906039.99999976,0.2320425510406494,0,True,55,33,True,66,32,0.9630425572395324,1023.5716552734376,-103859434911.61888,2025-11-20 18:37:09
er_4194304_1_6.bin.gz,erdos_renyi,48,SpecAnn,0.7263326063988248,1.0,-1066394248.0,-367934888.0,0.2323527336120605,0,True,55,33,True,67,32,0.9618134498596193,961.4029541015624,-97426819078.40768,2025-11-20 18:37:09
er_4194304_1_6.bin.gz,erdos_renyi,48,SpecAnn,0.7317329231804058,1.0,-1066255080.0,-373042875.9999999,0.2324826717376709,0,True,55,33,True,68,32,0.9605498909950256,903.4357299804688,-91432251590.95135,2025-11-20 18:37:09
er_4194304_1_6.bin.gz,erdos_renyi,48,SpecAnn,0.7370936756031579,1.0,-1066226748.0,-378411431.9999996,0.2325911521911621,0,True,55,33,True,69,32,0.959250509738922,849.3543701171875,-85842664529.28737,2025-11-20 18:37:09
er_4194304_1_6.bin.gz,erdos_renyi,48,SpecAnn,0.7424157207132704,1.0,-1066615138.0,-383959853.9999997,0.2328083515167236,0,True,55,33,True,70,32,0.957914173603058,798.8710327148438,-80627927807.90091,2025-11-20 18:37:10
er_4194304_1_6.bin.gz,erdos_renyi,48,SpecAnn,0.7476998850543153,1.0,-1066901019.9999996,-389733355.9999997,0.2324674129486084,0,True,55,33,True,71,32,0.9565398693084716,751.720458984375,-75760297590.88704,2025-11-20 18:37:10
er_4194304_1_6.bin.gz,erdos_renyi,48,SpecAnn,0.7529469661657903,1.0,-1066963768.0,-395616805.9999998,0.232128620147705,0,True,55,33,True,72,32,0.9551261067390442,707.658447265625,-71214205968.71442,2025-11-20 18:37:10
er_4194304_1_6.bin.gz,erdos_renyi,48,SpecAnn,0.7581577339883167,1.0,-1066932156.0,-401517790.0,0.2329027652740478,0,True,55,33,True,73,32,0.9536716341972352,666.4619140625,-66966318879.738304,2025-11-20 18:37:10
er_4194304_1_6.bin.gz,erdos_renyi,48,SpecAnn,0.7633329321824984,1.0,-1067429174.0,-407874414.0000004,0.2328715324401855,0,True,55,33,True,74,32,0.9521748423576356,627.9246826171875,-62995058365.538734,2025-11-20 18:37:11
er_4194304_1_6.bin.gz,erdos_renyi,48,SpecAnn,0.7684732793678399,1.0,-1067460788.0000002,-414269269.9999999,0.2327198982238769,0,True,55,33,True,75,32,0.9506343007087708,591.8568115234375,-59280567942.5108,2025-11-20 18:37:11
er_4194304_1_6.bin.gz,erdos_renyi,48,SpecAnn,0.7735794702875677,1.0,-1067563048.0000002,-420944572.0000001,0.2323689460754394,0,True,55,33,True,76,32,0.9490482807159424,558.0836181640625,-55804575198.9302,2025-11-20 18:37:11
er_4194304_1_6.bin.gz,erdos_renyi,48,SpecAnn,0.7786521769046981,1.0,-1068042734.0,-427750452.0000002,0.2326157093048095,0,True,55,33,True,77,32,0.9474151134490968,526.4441528320312,-52550256482.21605,2025-11-20 18:37:11
er_4194304_1_6.bin.gz,erdos_renyi,48,SpecAnn,0.7836920494342511,1.0,-1068413751.9999998,-434836074.0000004,0.2323598861694336,0,True,55,33,True,78,32,0.9457330703735352,496.7897033691406,-49502073063.89875,2025-11-20 18:37:11
er_4194304_1_6.bin.gz,erdos_renyi,48,SpecAnn,0.788699717316095,1.0,-1068231248.0,-442015874.0000005,0.2325453758239746,0,True,55,33,True,79,32,0.9439999461174012,468.98284912109375,-46645650658.50115,2025-11-20 18:37:12
er_4194304_1_6.bin.gz,erdos_renyi,48,SpecAnn,0.7936757901325451,1.0,-1068775322.0,-449584940.0000004,0.2323231697082519,0,True,55,33,True,80,32,0.9422138333320618,442.8970947265625,-43967779475.656746,2025-11-20 18:37:12
er_4194304_1_6.bin.gz,erdos_renyi,48,SpecAnn,0.7986208584745024,1.0,-1069387236.0,-457507920.0000007,0.2326600551605224,0,True,55,33,True,81,32,0.940372347831726,418.4145202636719,-41456136216.60045,2025-11-20 18:37:12
er_4194304_1_6.bin.gz,erdos_renyi,48,SpecAnn,0.803535494759617,1.0,-1069853487.9999998,-465428552.0000003,0.23252534866333,0,True,55,33,True,82,32,0.9384731650352478,395.4270935058594,-39099437237.20152,2025-11-20 18:37:12
er_4194304_1_6.bin.gz,erdos_renyi,48,SpecAnn,0.8084202540056837,1.0,-1070199590.0,-473654608.0000004,0.2326948642730713,0,True,55,33,True,83,32,0.9365138411521912,373.8344421386719,-36887203948.180046,2025-11-20 18:37:13
er_4194304_1_6.bin.gz,erdos_renyi,48,SpecAnn,0.8132756745622272,1.0,-1070322432.0,-482196042.0000003,0.2323541641235351,0,True,55,33,True,84,32,0.9344913959503174,353.54302978515625,-34809662431.81905,2025-11-20 18:37:13
er_4194304_1_6.bin.gz,erdos_renyi,48,SpecAnn,0.8181022788030096,1.0,-1070442331.9999996,-491251520.0000005,0.2325162887573242,0,True,55,33,True,85,32,0.9324029684066772,334.4670715332031,-32857857390.849045,2025-11-20 18:37:13
er_4194304_1_6.bin.gz,erdos_renyi,48,SpecAnn,0.822900573781978,1.0,-1071262712.0,-500611671.9999999,0.2327737808227539,0,True,55,33,True,86,32,0.9302452206611632,316.5265197753906,-31023427349.4673,2025-11-20 18:37:13
er_4194304_1_6.bin.gz,erdos_renyi,48,SpecAnn,0.8276710518549868,1.0,-1071684854.0,-510310344.0000005,0.232332706451416,0,True,55,33,True,87,32,0.9280149936676024,299.6471252441406,-29298631382.56363,2025-11-20 18:37:14
er_4194304_1_6.bin.gz,erdos_renyi,48,SpecAnn,0.8324141912694495,1.0,-1071983864.0,-520556413.9999999,0.2324042320251464,0,True,55,33,True,88,32,0.9257083535194396,283.7599182128906,-27676263595.948074,2025-11-20 18:37:14
er_4194304_1_6.bin.gz,erdos_renyi,48,SpecAnn,0.8371304567239225,1.0,-1072785051.9999996,-531258643.9999999,0.2324333190917968,0,True,55,33,True,89,32,0.92332124710083,268.8011474609375,-26149667616.52917,2025-11-20 18:37:14
er_4194304_1_6.bin.gz,erdos_renyi,48,SpecAnn,0.8418202998994706,1.0,-1073249858.0,-542314684.0,0.2339277267456054,0,True,55,33,True,90,32,0.9208492636680604,254.71095275878903,-24712597212.695995,2025-11-20 18:37:14
er_4194304_1_6.bin.gz,erdos_renyi,48,SpecAnn,0.846484159964536,1.0,-1073485041.9999998,-553879196.0000002,0.2324090003967285,0,True,55,33,True,91,32,0.9182876944541932,241.43426513671875,-23359303879.415096,2025-11-20 18:37:15
er_4194304_1_6.bin.gz,erdos_renyi,48,SpecAnn,0.8511224640549078,1.0,-1074401254.0000002,-566211230.0,0.2323179244995117,0,True,55,33,True,92,32,0.9156313538551332,228.9198303222656,-22084435172.21716,2025-11-20 18:37:15
er_4194304_1_6.bin.gz,erdos_renyi,48,SpecAnn,0.8557356277302758,1.0,-1075316319.9999998,-578898918.0000007,0.2321767807006836,0,True,55,33,True,93,32,0.9128745198249816,217.119384765625,-20882952955.2236,2025-11-20 18:37:15
er_4194304_1_6.bin.gz,erdos_renyi,48,SpecAnn,0.8603240554087516,1.0,-1075928303.9999995,-592087436.0000005,0.2331836223602295,0,True,55,33,True,94,32,0.910010814666748,205.98831176757807,-19750193594.36196,2025-11-20 18:37:15
er_4194304_1_6.bin.gz,erdos_renyi,48,SpecAnn,0.86488814078064,1.0,-1076912174.0,-606008938.0000004,0.2329120635986328,0,True,55,33,True,95,32,0.9070335626602172,195.4854736328125,-18681858291.58815,2025-11-20 18:37:15
er_4194304_1_6.bin.gz,erdos_renyi,48,SpecAnn,0.8694282672026621,1.0,-1078061966.0,-620811052.0,0.2324960231781005,0,True,55,33,True,96,32,0.9039351940155028,185.5716552734375,-17673849906.249287,2025-11-20 18:37:16
er_4194304_1_6.bin.gz,erdos_renyi,48,SpecAnn,0.8739448080737451,1.0,-1078871158.0000002,-636276852.0000004,0.2320606708526611,0,True,55,33,True,97,32,0.9007072448730469,176.21099853515625,-16722411008.382124,2025-11-20 18:37:16
er_4194304_1_6.bin.gz,erdos_renyi,48,SpecAnn,0.878438127193422,1.0,-1079994245.9999998,-652357553.9999999,0.232816457748413,0,True,55,33,True,98,32,0.8973405957221985,167.3697052001953,-15824004293.22479,2025-11-20 18:37:16
er_4194304_1_6.bin.gz,erdos_renyi,48,SpecAnn,0.8829085791038153,1.0,-1081320726.0,-669351783.9999999,0.2326281070709228,0,True,55,33,True,99,32,0.8938249349594116,159.0162353515625,-14975321630.63882,2025-11-20 18:37:16
er_4194304_1_6.bin.gz,erdos_renyi,48,SpecAnn,0.8873565094161138,1.0,-1082730190.0,-687075944.0000004,0.2330732345581054,0,True,55,33,True,100,32,0.890148937702179,151.1212615966797,-14173283482.828045,2025-11-20 18:37:17
er_4194304_1_6.bin.gz,erdos_renyi,48,SpecAnn,0.8917822551223932,1.0,-1084545564.0,-705927139.9999999,0.2320532798767089,0,True,55,33,True,101,32,0.8862996697425842,143.6572723388672,-13414992332.727232,2025-11-20 18:37:17
er_4194304_1_6.bin.gz,erdos_renyi,48,SpecAnn,0.8961861448935777,1.0,-1086407814.0000002,-725539092.0000006,0.2323484420776367,0,True,55,33,True,102,32,0.8822630047798157,136.59864807128906,-12697747743.219467,2025-11-20 18:37:17
er_4194304_1_6.bin.gz,erdos_renyi,48,SpecAnn,0.9005684993642872,1.0,-1088507878.0,-746063770.0000001,0.2330961227416992,0,True,55,33,True,103,32,0.8780226111412048,129.92141723632812,-12019009397.588575,2025-11-20 18:37:17
er_4194304_1_6.bin.gz,erdos_renyi,48,SpecAnn,0.9049296314052688,1.0,-1090299620.0,-767446874.0000001,0.232661485671997,0,True,55,33,True,104,32,0.8735605478286743,123.60295104980467,-11376379653.849432,2025-11-20 18:37:18
er_4194304_1_6.bin.gz,erdos_renyi,48,SpecAnn,0.9092698463840684,1.0,-1093166605.9999998,-789721978.0000001,0.2327082157135009,0,True,55,33,True,105,32,0.8688557147979736,117.62232971191406,-10767618607.238646,2025-11-20 18:37:18
er_4194304_1_6.bin.gz,erdos_renyi,48,SpecAnn,0.9135894424145556,1.0,-1096118539.9999998,-813131184.0,0.2321627140045166,0,True,55,33,True,106,32,0.8638848066329956,111.95995330810548,-10190623813.181463,2025-11-20 18:37:18
er_4194304_1_6.bin.gz,erdos_renyi,48,SpecAnn,0.9178887105958816,1.0,-1098825896.0,-836981910.0000002,0.2327239513397216,0,True,55,33,True,107,32,0.8586207628250122,106.59722137451172,-9643384776.019674,2025-11-20 18:37:18
er_4194304_1_6.bin.gz,erdos_renyi,48,SpecAnn,0.922167935241408,1.0,-1102580307.9999998,-861503607.9999998,0.2327992916107177,0,True,55,33,True,108,32,0.8530322909355164,101.51692199707033,-9124018097.631336,2025-11-20 18:37:18
er_4194304_1_6.bin.gz,erdos_renyi,48,SpecAnn,0.92642739409812,1.0,-1106513817.9999995,-886681823.9999994,0.2328190803527832,0,True,55,33,True,109,32,0.847083568572998,96.70297241210938,-8630745414.187769,2025-11-20 18:37:19
er_4194304_1_6.bin.gz,erdos_renyi,48,SpecAnn,0.9306673585570006,1.0,-1110723360.0,-912270353.9999994,0.4514012336730957,0,True,55,65,True,110,32,0.8407328724861145,92.1400375366211,-8161850557.462804,2025-11-20 18:37:19
er_4194304_1_6.bin.gz,erdos_renyi,48,SpecAnn,0.9348880938548184,1.0,-1115493212.0,-937372794.0,0.4522519111633301,0,True,55,65,True,111,32,0.8339304327964783,87.8139419555664,-7715703339.630085,2025-11-20 18:37:20
er_4194304_1_6.bin.gz,erdos_renyi,48,SpecAnn,0.9390898592677528,1.0,-1120544430.0000002,-961804278.0,0.6711242198944092,0,True,55,97,True,112,32,0.8266189098358154,83.71131134033203,-7290741605.213505,2025-11-20 18:37:20
er_4194304_1_6.bin.gz,erdos_renyi,48,SpecAnn,0.9432729082972536,1.0,-1125116486.0,-984027252.0,1.1101603507995603,0,True,55,161,True,113,32,0.8187277913093567,79.81958770751953,-6885432703.351143,2025-11-20 18:37:21
er_4194304_1_6.bin.gz,erdos_renyi,48,SpecAnn,0.9474374888485204,1.0,-1127568171.9999998,-997389713.9999998,2.425528049468994,0,True,55,353,True,114,32,0.8101730942726135,76.12702178955078,-6498286895.502866,2025-11-20 18:37:24
er_4194304_1_6.bin.gz,erdos_renyi,48,SpecAnn,0.9515838434019476,1.0,-1121896522.0,-981817220.0,7.031230926513672,0,True,55,1025,True,115,32,0.8009270429611206,72.62248229980469,-6128388264.898682,2025-11-20 18:37:31
er_4194304_1_6.bin.gz,erdos_renyi,48,SpecAnn,0.9557122091778746,1.0,-1120845746.0000002,-979284428.0,1.9862232208251955,0,True,55,289,True,116,32,0.7912202477455139,69.29566955566406,-5776778467.298621,2025-11-20 18:37:33
er_4194304_1_6.bin.gz,erdos_renyi,48,SpecAnn,0.9598228182949629,1.0,-1120881533.9999998,-978698662.0,0.6712284088134766,0,True,55,97,True,117,32,0.781083881855011,66.1366958618164,-5442800240.160082,2025-11-20 18:37:34
er_4194304_1_6.bin.gz,erdos_renyi,48,SpecAnn,0.963915897922488,1.0,-1120810240.0,-978198578.0000002,1.109570026397705,0,True,55,161,True,118,32,0.7705014944076538,63.1364631652832,-5125496722.355237,2025-11-20 18:37:35
er_4194304_1_6.bin.gz,erdos_renyi,48,SpecAnn,0.967991670426842,1.0,-1120789392.0,-977994642.0,1.109816551208496,0,True,55,161,True,119,32,0.759455144405365,60.286258697509766,-4823948762.775439,2025-11-20 18:37:36
er_4194304_1_6.bin.gz,erdos_renyi,48,SpecAnn,0.9720503535125016,1.0,-1120605178.0,-977816620.0000002,0.6715047359466553,0,True,55,97,True,120,32,0.7479260563850403,57.57793426513672,-4537294495.362684,2025-11-20 18:37:36
er_4194304_1_6.bin.gz,erdos_renyi,48,SpecAnn,0.9760921603577252,1.0,-1120583066.0,-977683416.0,0.4530296325683594,0,True,55,65,True,121,32,0.7358957529067993,55.00389099121094,-4264733861.1050186,2025-11-20 18:37:37
er_4194304_1_6.bin.gz,erdos_renyi,48,SpecAnn,0.9801172997452104,1.0,-1120617101.9999998,-977530974.0,0.6714074611663818,0,True,55,97,True,122,32,0.7233438491821289,52.55685043334961,-4005496434.764808,2025-11-20 18:37:38
er_4194304_1_6.bin.gz,erdos_renyi,48,SpecAnn,0.9841259761879442,1.0,-1120541918.0000002,-977468090.0,1.1111934185028076,0,True,55,161,True,123,32,0.7102500200271606,50.23008346557617,-3758870637.918652,2025-11-20 18:37:39
er_4194304_1_6.bin.gz,erdos_renyi,48,SpecAnn,0.9881183900504562,1.0,-1120318172.0,-977286330.0,1.1101326942443848,0,True,55,161,True,124,32,0.6965925097465515,48.017127990722656,-3524172889.1353416,2025-11-20 18:37:40
er_4194304_1_6.bin.gz,erdos_renyi,48,SpecAnn,0.9920947376656812,1.0,-1120392660.0000002,-977225276.0,0.4517474174499511,0,True,55,65,True,125,32,0.682349681854248,45.91199493408203,-3300770904.3475533,2025-11-20 18:37:40
er_4194304_1_6.bin.gz,erdos_renyi,48,SpecAnn,0.9960552114476228,1.0,-1120505612.0,-977125254.0,0.6722228527069092,0,True,55,97,True,126,32,0.667499303817749,43.90900802612305,-3088066670.8205185,2025-11-20 18:37:41
er_4194304_1_6.bin.gz,erdos_renyi,48,SpecAnn,1.0,1.0,-1120396624.0,-976882668.0,0.6713767051696777,0,True,55,97,True,127,32,0.6520166993141174,42.002742767333984,-2885483496.944506,2025-11-20 18:37:42
er_4194304_1_6.bin.gz,erdos_renyi,49,SpecAnn,0.0,1.0,-1062419684.0,-217355574.0000008,0.351177453994751,0,True,66,33,True,0,32,0.9994361400604248,4194305.0,-441668566450030.9,2025-11-20 18:38:18
er_4194304_1_6.bin.gz,erdos_renyi,49,SpecAnn,0.0887356509416113,1.0,-1062310570.0,-217395112.0000005,0.2321004867553711,0,True,66,33,True,1,32,0.9990590810775756,1504994.0,-158419038855444.62,2025-11-20 18:38:18
er_4194304_1_6.bin.gz,erdos_renyi,49,SpecAnn,0.1254911610276317,1.0,-1062260075.9999998,-217626882.00000045,0.2318367958068847,0,True,66,33,True,2,32,0.9988367557525636,984444.5625,-103601779176385.52,2025-11-20 18:38:18
er_4194304_1_6.bin.gz,erdos_renyi,49,SpecAnn,0.1536946558735679,1.0,-1062834592.0000002,-218070336.00000083,0.2324285507202148,0,True,66,33,True,3,32,0.9986311197280884,710808.6875,-74789263505683.98,2025-11-20 18:38:18
er_4194304_1_6.bin.gz,erdos_renyi,49,SpecAnn,0.1774713018832227,1.0,-1062489562.0000004,-218690958.00000045,0.2322516441345214,0,True,66,33,True,4,32,0.9984297156333924,540161.375,-56822777479338.86,2025-11-20 18:38:18
er_4194304_1_6.bin.gz,erdos_renyi,49,SpecAnn,0.1984189475331362,1.0,-1062678286.0,-219448372.0000006,0.2324805259704589,0,True,66,33,True,5,32,0.9982278943061828,424118.46875,-44606517661444.82,2025-11-20 18:38:19
er_4194304_1_6.bin.gz,erdos_renyi,49,SpecAnn,0.2173570668006655,1.0,-1062356060.0,-220274854.0000007,0.2320420742034912,0,True,66,33,True,6,32,0.9980230927467346,340825.875,-35838892657908.42,2025-11-20 18:38:19
er_4194304_1_6.bin.gz,erdos_renyi,49,SpecAnn,0.2347724648169381,1.0,-1062167592.0,-221086548.0000006,0.2322444915771484,0,True,66,33,True,7,32,0.9978139400482178,278751.59375,-29305447660795.44,2025-11-20 18:38:19
er_4194304_1_6.bin.gz,erdos_renyi,49,SpecAnn,0.2509823220552634,1.0,-1062393722.0000002,-221984120.00000092,0.2321064472198486,0,True,66,33,True,8,32,0.9975994229316713,231180.03125,-24298974269441.293,2025-11-20 18:38:19
er_4194304_1_6.bin.gz,erdos_renyi,49,SpecAnn,0.2662069528248341,1.0,-1061839684.0,-222876156.00000063,0.2328152656555175,0,True,66,33,True,9,32,0.9973788261413574,193921.546875,-20378285607246.57,2025-11-20 18:38:20
er_4194304_1_6.bin.gz,erdos_renyi,49,SpecAnn,0.2806067666331568,1.0,-1062468760.0,-223789780.00000072,0.2317283153533935,0,True,66,33,True,10,32,0.997151494026184,164225.234375,-17253708978299.72,2025-11-20 18:38:20
er_4194304_1_6.bin.gz,erdos_renyi,49,SpecAnn,0.2943028597012718,1.0,-1062708222.0,-224779302.0000006,0.2323884963989257,0,True,66,33,True,11,32,0.9969170093536376,140211.75,-14727358189872.637,2025-11-20 18:38:20
er_4194304_1_6.bin.gz,erdos_renyi,49,SpecAnn,0.3073893117471359,1.0,-1062159582.0,-225714480.00000104,0.2321240901947021,0,True,66,33,True,12,32,0.9966749548912048,120555.578125,-12659667199952.236,2025-11-20 18:38:20
er_4194304_1_6.bin.gz,erdos_renyi,49,SpecAnn,0.3199409394316542,1.0,-1062520868.0,-226787464.00000048,0.2329185009002685,0,True,66,33,True,13,32,0.996424913406372,104297.4453125,-10949636002432.809,2025-11-20 18:38:21
er_4194304_1_6.bin.gz,erdos_renyi,49,SpecAnn,0.3320184038158743,1.0,-1062838804.0000004,-227912522.0000006,0.2320718765258789,0,True,66,33,True,14,32,0.9961665272712708,90727.4453125,-9522523667415.832,2025-11-20 18:38:21
er_4194304_1_6.bin.gz,erdos_renyi,49,SpecAnn,0.3436716983117353,1.0,-1062316446.0,-229058414.0000008,0.2322320938110351,0,True,66,33,True,15,32,0.995899498462677,79310.7109375,-8322020673816.878,2025-11-20 18:38:21
er_4194304_1_6.bin.gz,erdos_renyi,49,SpecAnn,0.3549426037664455,1.0,-1063083566.0,-230169142.00000063,0.2324776649475097,0,True,66,33,True,16,32,0.9956235885620116,69637.5703125,-7305000016291.928,2025-11-20 18:38:21
er_4194304_1_6.bin.gz,erdos_renyi,49,SpecAnn,0.3658664615902029,1.0,-1062733524.0,-231385704.0000008,0.2322263717651367,0,True,66,33,True,17,32,0.9953383803367616,61389.83203125,-6437965273013.232,2025-11-20 18:38:21
er_4194304_1_6.bin.gz,erdos_renyi,49,SpecAnn,0.3764734830828951,1.0,-1063108552.0,-232640470.0000009,0.2325642108917236,0,True,66,33,True,18,32,0.9950436353683472,54317.390625,-5694589965144.803,2025-11-20 18:38:22
er_4194304_1_6.bin.gz,erdos_renyi,49,SpecAnn,0.3867897351437838,1.0,-1062549726.0,-233951544.00000045,0.2320673465728759,0,True,66,33,True,19,32,0.9947390556335448,48221.44140625,-5053948258019.213,2025-11-20 18:38:22
er_4194304_1_6.bin.gz,erdos_renyi,49,SpecAnn,0.3968378950662725,1.0,-1063039734.0,-235271840.00000063,0.2320570945739746,0,True,66,33,True,20,32,0.9944244623184204,42942.43359375,-4499247517550.695,2025-11-20 18:38:22
er_4194304_1_6.bin.gz,erdos_renyi,49,SpecAnn,0.4066378372811136,1.0,-1063018562.0000002,-236608346.0000008,0.2322766780853271,0,True,66,33,True,21,32,0.9940994381904602,38351.14453125,-4016886785649.048,2025-11-20 18:38:22
er_4194304_1_6.bin.gz,erdos_renyi,49,SpecAnn,0.4162070956347247,1.0,-1063206356.0000004,-238012634.00000045,0.2320063114166259,0,True,66,33,True,22,32,0.9937637448310852,34342.15234375,-3595771556501.237,2025-11-20 18:38:23
er_4194304_1_6.bin.gz,erdos_renyi,49,SpecAnn,0.4255612320274539,1.0,-1063130258.0,-239418560.00000072,0.232135534286499,0,True,66,33,True,23,32,0.9934170246124268,30828.771484375,-3226779214904.494,2025-11-20 18:38:23
er_4194304_1_6.bin.gz,erdos_renyi,49,SpecAnn,0.434714133601331,1.0,-1062756082.0,-240895998.0000006,0.2322216033935547,0,True,66,33,True,24,32,0.9930590987205504,27739.2265625,-2902357302708.7866,2025-11-20 18:38:23
er_4194304_1_6.bin.gz,erdos_renyi,49,SpecAnn,0.4436782547080569,1.0,-1063033518.0,-242384822.0,0.2328250408172607,0,True,66,33,True,25,32,0.992689609527588,25013.8125,-2616223245183.6943,2025-11-20 18:38:23
er_4194304_1_6.bin.gz,erdos_renyi,49,SpecAnn,0.4524648157026343,1.0,-1063001124.0000004,-243885846.0,0.2318649291992187,0,True,66,33,True,26,32,0.9923083186149596,22602.48828125,-2363112071178.7056,2025-11-20 18:38:24
er_4194304_1_6.bin.gz,erdos_renyi,49,SpecAnn,0.4610839676207039,1.0,-1062398815.9999998,-245548124.0,0.2321555614471435,0,True,66,33,True,27,32,0.9919148683547974,20463.16015625,-2138594951578.868,2025-11-20 18:38:24
er_4194304_1_6.bin.gz,erdos_renyi,49,SpecAnn,0.4695449296338763,1.0,-1062731248.0000006,-247139634.0000001,0.2324709892272949,0,True,66,33,True,28,32,0.9915090203285216,18560.216796875,-1938925615265.0164,2025-11-20 18:38:24
er_4194304_1_6.bin.gz,erdos_renyi,49,SpecAnn,0.4778561045889373,1.0,-1062756116.0,-248751470.00000045,0.2328805923461914,0,True,66,33,True,29,32,0.9910904169082642,16863.390625,-1760919938158.4204,2025-11-20 18:38:24
er_4194304_1_6.bin.gz,erdos_renyi,49,SpecAnn,0.4860251767562508,1.0,-1063042342.0000002,-250518388.0000008,0.2323760986328125,0,True,66,33,True,30,32,0.9906587600708008,15346.869140625,-1601862770908.764,2025-11-20 18:38:25
er_4194304_1_6.bin.gz,erdos_renyi,49,SpecAnn,0.4940591950252281,1.0,-1063110040.0,-252308364.0000004,0.232029914855957,0,True,66,33,True,31,32,0.9902136325836182,13988.54296875,-1459428476907.9602,2025-11-20 18:38:25
er_4194304_1_6.bin.gz,erdos_renyi,49,SpecAnn,0.5019646441105269,1.0,-1063317244.0000002,-254146238.0000004,0.2330195903778076,0,True,66,33,True,32,32,0.9897549152374268,12769.40234375,-1331618046137.6543,2025-11-20 18:38:25
er_4194304_1_6.bin.gz,erdos_renyi,49,SpecAnn,0.5097475058154177,1.0,-1062819447.9999998,-256020808.0000001,0.2323496341705322,0,True,66,33,True,33,32,0.9892821907997132,11673.0322265625,-1216705046092.663,2025-11-20 18:38:25
er_4194304_1_6.bin.gz,erdos_renyi,49,SpecAnn,0.51741331199832,1.0,-1062746728.0,-258023721.99999988,0.2320148944854736,0,True,66,33,True,34,32,0.9887951016426086,10685.240234375,-1113197009280.0476,2025-11-20 18:38:25
er_4194304_1_6.bin.gz,erdos_renyi,49,SpecAnn,0.5249671905758515,1.0,-1063460343.9999998,-260040284.00000027,0.231987714767456,0,True,66,33,True,35,32,0.9882932305336,9793.7001953125,-1019797774022.078,2025-11-20 18:38:26
er_4194304_1_6.bin.gz,erdos_renyi,49,SpecAnn,0.5324139056496683,1.0,-1063017666.0,-262143917.99999952,0.2327017784118652,0,True,66,33,True,36,32,0.9877762794494628,8987.6708984375,-935378079489.88,2025-11-20 18:38:26
er_4194304_1_6.bin.gz,erdos_renyi,49,SpecAnn,0.5397578926492556,1.0,-1063006473.9999998,-264300645.99999976,0.2326865196228027,0,True,66,33,True,37,32,0.987243950366974,8257.775390625,-858952169500.8236,2025-11-20 18:38:26
er_4194304_1_6.bin.gz,erdos_renyi,49,SpecAnn,0.5470032892270364,1.0,-1063366552.0000002,-266489965.9999993,0.2320036888122558,0,True,66,33,True,38,32,0.9866958260536194,7595.8115234375,-789657754967.7483,2025-11-20 18:38:26
er_4194304_1_6.bin.gz,erdos_renyi,49,SpecAnn,0.554153962516942,1.0,-1063697475.9999998,-268727821.9999994,0.2322323322296142,0,True,66,33,True,39,32,0.986131489276886,6994.56103515625,-726736085014.693,2025-11-20 18:38:27
er_4194304_1_6.bin.gz,erdos_renyi,49,SpecAnn,0.5612135332663137,1.0,-1063597380.0,-271165873.9999992,0.2322790622711181,0,True,66,33,True,40,32,0.985550582408905,6447.69287109375,-669521757468.459,2025-11-20 18:38:27
er_4194304_1_6.bin.gz,erdos_renyi,49,SpecAnn,0.5681853972686127,1.0,-1063605598.0,-273644303.9999994,0.2323575019836425,0,True,66,33,True,41,32,0.984952747821808,5949.61328125,-617426929876.6155,2025-11-20 18:38:27
er_4194304_1_6.bin.gz,erdos_renyi,49,SpecAnn,0.5750727444570146,1.0,-1063662020.0,-276129067.9999994,0.2326037883758545,0,True,66,33,True,42,32,0.984337568283081,5495.37451171875,-569931668777.2085,2025-11-20 18:38:27
er_4194304_1_6.bin.gz,erdos_renyi,49,SpecAnn,0.5818785759635375,1.0,-1063957642.0,-278697775.9999994,0.2316861152648925,0,True,66,33,True,43,32,0.9837044477462769,5080.60302734375,-526576327734.5943,2025-11-20 18:38:28
er_4194304_1_6.bin.gz,erdos_renyi,49,SpecAnn,0.5886057194025436,1.0,-1063531126.0000002,-281336735.9999999,0.2324252128601074,0,True,66,33,True,44,32,0.9830532073974608,4701.416015625,-486953106485.1143,2025-11-20 18:38:28
er_4194304_1_6.bin.gz,erdos_renyi,49,SpecAnn,0.5952568425994088,1.0,-1063735680.0,-283998341.9999996,0.2330503463745117,0,True,66,33,True,45,32,0.9823833107948304,4354.35205078125,-450698329760.0535,2025-11-20 18:38:28
er_4194304_1_6.bin.gz,erdos_renyi,49,SpecAnn,0.6018344659534288,1.0,-1064029632.0,-286838674.00000024,0.2329204082489013,0,True,66,33,True,46,32,0.9816942811012268,4036.341796875,-417489569802.3304,2025-11-20 18:38:28
er_4194304_1_6.bin.gz,erdos_renyi,49,SpecAnn,0.6083409735974393,1.0,-1063771426.0,-289681426.0000004,0.2321445941925048,0,True,66,33,True,47,32,0.980985701084137,3744.6357421875,-387038073407.86,2025-11-20 18:38:28
er_4194304_1_6.bin.gz,erdos_renyi,49,SpecAnn,0.6147786234942719,1.0,-1064259562.0,-292744617.9999995,0.232053518295288,0,True,66,33,True,48,32,0.9802568554878236,3476.779296875,-359085976604.72064,2025-11-20 18:38:29
er_4194304_1_6.bin.gz,erdos_renyi,49,SpecAnn,0.6211495565912796,1.0,-1063788408.0,-295785633.99999946,0.2326083183288574,0,True,66,33,True,49,32,0.979507565498352,3230.577392578125,-333402903859.5131,2025-11-20 18:38:29
er_4194304_1_6.bin.gz,erdos_renyi,49,SpecAnn,0.6274558051381586,1.0,-1064308870.0,-298998792.0000004,0.2323229312896728,0,True,66,33,True,50,32,0.9787372350692748,3004.0556640625,-309781530034.7774,2025-11-20 18:38:29
er_4194304_1_6.bin.gz,erdos_renyi,49,SpecAnn,0.6336993002596786,1.0,-1064430098.0,-302149570.0000004,0.2321786880493164,0,True,66,33,True,51,32,0.9779452085494996,2795.44921875,-288036526092.5485,2025-11-20 18:38:29
er_4194304_1_6.bin.gz,erdos_renyi,49,SpecAnn,0.6398818788633085,1.0,-1064202500.0,-305465264.0000005,0.2324018478393554,0,True,66,33,True,52,32,0.9771310091018676,2603.163818359375,-268000576902.2343,2025-11-20 18:38:30
er_4194304_1_6.bin.gz,erdos_renyi,49,SpecAnn,0.6460052899517691,1.0,-1064581832.0000002,-308889926.0000005,0.2323000431060791,0,True,66,33,True,53,32,0.9762941002845764,2425.76513671875,-249523152518.7444,2025-11-20 18:38:30
er_4194304_1_6.bin.gz,erdos_renyi,49,SpecAnn,0.6520712004019966,1.0,-1064661475.9999996,-312405401.99999994,0.2325475215911865,0,True,66,33,True,54,32,0.9754337668418884,2261.962158203125,-232468736120.2857,2025-11-20 18:38:30
er_4194304_1_6.bin.gz,erdos_renyi,49,SpecAnn,0.6580812002646271,1.0,-1064193422.0,-316049331.9999994,0.2322723865509033,0,True,66,33,True,55,32,0.9745495915412904,2110.5869140625,-216714823613.0068,2025-11-20 18:38:30
er_4194304_1_6.bin.gz,erdos_renyi,49,SpecAnn,0.6640368076317485,1.0,-1064217082.0000002,-319739381.9999996,0.2321565151214599,0,True,66,33,True,56,32,0.9736407995224,1970.582763671875,-202150527010.63788,2025-11-20 18:38:31
er_4194304_1_6.bin.gz,erdos_renyi,49,SpecAnn,0.6699394731151429,1.0,-1065190500.0,-323570355.99999905,0.2321527004241943,0,True,66,33,True,57,32,0.9727067351341248,1840.995849609375,-188675785271.3725,2025-11-20 18:38:31
er_4194304_1_6.bin.gz,erdos_renyi,49,SpecAnn,0.6757905839724513,1.0,-1065220660.0,-327392299.9999995,0.2322030067443847,0,True,66,33,True,58,32,0.9717468023300172,1720.9581298828125,-176199575699.24106,2025-11-20 18:38:31
er_4194304_1_6.bin.gz,erdos_renyi,49,SpecAnn,0.6815914679145113,1.0,-1065185476.0000002,-331441831.9999995,0.2326669692993164,0,True,66,33,True,59,32,0.9707602262496948,1609.6856689453125,-164639669478.71103,2025-11-20 18:38:31
er_4194304_1_6.bin.gz,erdos_renyi,49,SpecAnn,0.6873433966234707,1.0,-1065749332.0000004,-335597077.999999,0.2321417331695556,0,True,66,33,True,60,32,0.9697463512420654,1506.462158203125,-153920978230.79935,2025-11-20 18:38:31
er_4194304_1_6.bin.gz,erdos_renyi,49,SpecAnn,0.6930475890080863,1.0,-1065486736.0,-339899451.99999946,0.2325649261474609,0,True,66,33,True,61,32,0.9687042236328124,1410.639892578125,-143975564016.39404,2025-11-20 18:38:32
er_4194304_1_6.bin.gz,erdos_renyi,49,SpecAnn,0.6987052142198116,1.0,-1066167956.0,-344153563.9999993,0.2322821617126464,0,True,66,33,True,62,32,0.9676332473754884,1321.626708984375,-134741389821.88371,2025-11-20 18:38:32
er_4194304_1_6.bin.gz,erdos_renyi,49,SpecAnn,0.7043173944508145,1.0,-1065658192.0,-348677691.9999996,0.231997013092041,0,True,66,33,True,63,32,0.9665324687957764,1238.8837890625,-126161967113.77864,2025-11-20 18:38:32
er_4194304_1_6.bin.gz,erdos_renyi,49,SpecAnn,0.709885207532891,1.0,-1065972990.0,-353324080.0,0.2323248386383056,0,True,66,33,True,64,32,0.96540105342865,1161.9202880859375,-118185864713.10294,2025-11-20 18:38:32
er_4194304_1_6.bin.gz,erdos_renyi,49,SpecAnn,0.7154096893543218,1.0,-1065852880.0000002,-358054649.9999995,0.2322146892547607,0,True,66,33,True,65,32,0.9642379879951476,1090.286376953125,-110765944935.3881,2025-11-20 18:38:33
er_4194304_1_6.bin.gz,erdos_renyi,49,SpecAnn,0.7208918361100219,1.0,-1065826616.0000002,-362906039.9999995,0.2326676845550537,0,True,66,33,True,66,32,0.9630424976348876,1023.572998046875,-103859375468.73302,2025-11-20 18:38:33
er_4194304_1_6.bin.gz,erdos_renyi,49,SpecAnn,0.7263326063988248,1.0,-1066115181.9999996,-367934888.0,0.2321727275848388,0,True,66,33,True,67,32,0.9618134498596193,961.4042358398438,-97426771426.65083,2025-11-20 18:38:33
er_4194304_1_6.bin.gz,erdos_renyi,49,SpecAnn,0.7317329231804058,1.0,-1066249678.0,-373042876.00000006,0.2329144477844238,0,True,66,33,True,68,32,0.960549771785736,903.4368896484376,-91432190991.10924,2025-11-20 18:38:33
er_4194304_1_6.bin.gz,erdos_renyi,49,SpecAnn,0.7370936756031579,1.0,-1066583546.0,-378411432.0000002,0.2321689128875732,0,True,66,33,True,69,32,0.9592504501342772,849.35546875,-85842613801.10832,2025-11-20 18:38:34
er_4194304_1_6.bin.gz,erdos_renyi,49,SpecAnn,0.7424157207132704,1.0,-1066198748.0,-383959810.0000003,0.2323639392852783,0,True,66,33,True,70,32,0.9579142332077026,798.8721313476562,-80627896778.74644,2025-11-20 18:38:34
er_4194304_1_6.bin.gz,erdos_renyi,49,SpecAnn,0.7476998850543153,1.0,-1066531579.9999998,-389733356.0000002,0.232100248336792,0,True,66,33,True,71,32,0.9565398097038268,751.721435546875,-75760253232.61298,2025-11-20 18:38:34
er_4194304_1_6.bin.gz,erdos_renyi,49,SpecAnn,0.7529469661657903,1.0,-1067207744.0,-395615888.0000001,0.2324631214141845,0,True,66,33,True,72,32,0.9551261067390442,707.659423828125,-71214174470.13287,2025-11-20 18:38:34
er_4194304_1_6.bin.gz,erdos_renyi,49,SpecAnn,0.7581577339883167,1.0,-1067094606.0000004,-401518424.0000001,0.2325294017791748,0,True,66,33,True,73,32,0.9536715149879456,666.462890625,-66966286601.60191,2025-11-20 18:38:35
er_4194304_1_6.bin.gz,erdos_renyi,49,SpecAnn,0.7633329321824984,1.0,-1067291187.9999996,-407874414.0000004,0.2323355674743652,0,True,66,33,True,74,32,0.952174723148346,627.9255981445312,-62995027531.04199,2025-11-20 18:38:35
er_4194304_1_6.bin.gz,erdos_renyi,49,SpecAnn,0.7684732793678399,1.0,-1067337806.0,-414269270.0000008,0.2320833206176757,0,True,66,33,True,75,32,0.9506341814994812,591.8575439453125,-59280525841.46156,2025-11-20 18:38:35
er_4194304_1_6.bin.gz,erdos_renyi,49,SpecAnn,0.7735794702875677,1.0,-1067879156.0000002,-420944572.0000004,0.232062816619873,0,True,66,33,True,76,32,0.9490482211112976,558.0844116210938,-55804549341.84644,2025-11-20 18:38:35
er_4194304_1_6.bin.gz,erdos_renyi,49,SpecAnn,0.7786521769046981,1.0,-1068061392.0,-427749402.0000007,0.2325210571289062,0,True,66,33,True,77,32,0.947415053844452,526.4448852539062,-52550230525.04226,2025-11-20 18:38:35
er_4194304_1_6.bin.gz,erdos_renyi,49,SpecAnn,0.7836920494342511,1.0,-1068299104.0000002,-434836074.0000007,0.2324717044830322,0,True,66,33,True,78,32,0.9457329511642456,496.7904052734375,-49502046557.10495,2025-11-20 18:38:36
er_4194304_1_6.bin.gz,erdos_renyi,49,SpecAnn,0.788699717316095,1.0,-1068662596.0,-442015874.0000007,0.2320160865783691,0,True,66,33,True,79,32,0.9439998865127563,468.9835205078125,-46645629487.95712,2025-11-20 18:38:36
er_4194304_1_6.bin.gz,erdos_renyi,49,SpecAnn,0.7936757901325451,1.0,-1069044940.0,-449584842.0000003,0.2320730686187744,0,True,66,33,True,80,32,0.9422137141227722,442.8977661132813,-43967760441.05027,2025-11-20 18:38:36
er_4194304_1_6.bin.gz,erdos_renyi,49,SpecAnn,0.7986208584745024,1.0,-1069390168.0000008,-457507222.0000004,0.2325823307037353,0,True,66,33,True,81,32,0.940372347831726,418.41510009765625,-41456118120.56262,2025-11-20 18:38:36
er_4194304_1_6.bin.gz,erdos_renyi,49,SpecAnn,0.803535494759617,1.0,-1069678388.0,-465427686.0000004,0.232511281967163,0,True,66,33,True,82,32,0.9384731650352478,395.42767333984375,-39099423319.74255,2025-11-20 18:38:37
er_4194304_1_6.bin.gz,erdos_renyi,49,SpecAnn,0.8084202540056837,1.0,-1069844352.0,-473654608.0000006,0.2320923805236816,0,True,66,33,True,83,32,0.9365137815475464,373.8349914550781,-36887188583.43021,2025-11-20 18:38:37
er_4194304_1_6.bin.gz,erdos_renyi,49,SpecAnn,0.8132756745622272,1.0,-1070195268.0,-482196042.0000001,0.2324090003967285,0,True,66,33,True,84,32,0.9344913363456726,353.54351806640625,-34809644853.8653,2025-11-20 18:38:37
er_4194304_1_6.bin.gz,erdos_renyi,49,SpecAnn,0.8181022788030096,1.0,-1070574032.0000002,-491251960.0000006,0.2323386669158935,0,True,66,33,True,85,32,0.9324028491973876,334.4675598144531,-32857841281.55337,2025-11-20 18:38:37
er_4194304_1_6.bin.gz,erdos_renyi,49,SpecAnn,0.822900573781978,1.0,-1071067424.0,-500611096.0000008,0.232795238494873,0,True,66,33,True,86,32,0.9302452206611632,316.5269775390625,-31023415681.88388,2025-11-20 18:38:38
er_4194304_1_6.bin.gz,erdos_renyi,49,SpecAnn,0.8276710518549868,1.0,-1071560264.0,-510310344.0000004,0.2324578762054443,0,True,66,33,True,87,32,0.9280149340629578,299.6475830078125,-29298620868.709354,2025-11-20 18:38:38
er_4194304_1_6.bin.gz,erdos_renyi,49,SpecAnn,0.8324141912694495,1.0,-1072131770.0,-520556406.0000005,0.2324171066284179,0,True,66,33,True,88,32,0.9257082939147948,283.7603454589844,-27676253050.551712,2025-11-20 18:38:38
er_4194304_1_6.bin.gz,erdos_renyi,49,SpecAnn,0.8371304567239225,1.0,-1072622390.0,-531258050.0000003,0.2319700717926025,0,True,66,33,True,89,32,0.9233211278915404,268.8015441894531,-26149655182.6244,2025-11-20 18:38:38
er_4194304_1_6.bin.gz,erdos_renyi,49,SpecAnn,0.8418202998994706,1.0,-1072925276.0,-542314609.9999999,0.2332296371459961,0,True,66,33,True,90,32,0.9208492040634156,254.7113494873047,-24712589070.798656,2025-11-20 18:38:38
er_4194304_1_6.bin.gz,erdos_renyi,49,SpecAnn,0.846484159964536,1.0,-1073585170.0000004,-553877616.0000004,0.23201584815979,0,True,66,33,True,91,32,0.9182876348495485,241.4346618652344,-23359298179.92397,2025-11-20 18:38:39
er_4194304_1_6.bin.gz,erdos_renyi,49,SpecAnn,0.8511224640549078,1.0,-1074462251.9999998,-566211078.0000005,0.2322666645050048,0,True,66,33,True,92,32,0.9156312346458436,228.920166015625,-22084424437.651867,2025-11-20 18:38:39
er_4194304_1_6.bin.gz,erdos_renyi,49,SpecAnn,0.8557356277302758,1.0,-1075211153.9999998,-578899358.0000005,0.2323863506317138,0,True,66,33,True,93,32,0.912874400615692,217.1197052001953,-20882942993.20611,2025-11-20 18:38:39
er_4194304_1_6.bin.gz,erdos_renyi,49,SpecAnn,0.8603240554087516,1.0,-1075818072.0000002,-592086764.0000007,0.2327108383178711,0,True,66,33,True,94,32,0.9100106954574584,205.9886474609375,-19750187202.70419,2025-11-20 18:38:39
er_4194304_1_6.bin.gz,erdos_renyi,49,SpecAnn,0.86488814078064,1.0,-1076330854.0000002,-606008604.0000002,0.2323865890502929,0,True,66,33,True,95,32,0.9070335030555724,195.4857482910156,-18681849268.119667,2025-11-20 18:38:40
er_4194304_1_6.bin.gz,erdos_renyi,49,SpecAnn,0.8694282672026621,1.0,-1077839364.0,-620810098.0000004,0.2325911521911621,0,True,66,33,True,96,32,0.9039350748062134,185.57196044921875,-17673844433.360676,2025-11-20 18:38:40
er_4194304_1_6.bin.gz,erdos_renyi,49,SpecAnn,0.8739448080737451,1.0,-1078914044.0,-636274106.0000007,0.2322406768798828,0,True,66,33,True,97,32,0.9007071256637573,176.2112579345703,-16722402938.911415,2025-11-20 18:38:40
er_4194304_1_6.bin.gz,erdos_renyi,49,SpecAnn,0.878438127193422,1.0,-1080078552.0,-652357393.9999998,0.2325537204742431,0,True,66,33,True,98,32,0.8973405361175537,167.36997985839844,-15824000373.682362,2025-11-20 18:38:40
er_4194304_1_6.bin.gz,erdos_renyi,49,SpecAnn,0.8829085791038153,1.0,-1081309168.0,-669352347.9999998,0.2322161197662353,0,True,66,33,True,99,32,0.8938248753547668,159.01651000976562,-14975319208.370243,2025-11-20 18:38:41
er_4194304_1_6.bin.gz,erdos_renyi,49,SpecAnn,0.8873565094161138,1.0,-1082653596.0,-687075943.9999995,0.2325735092163086,0,True,66,33,True,100,32,0.8901488780975342,151.1215057373047,-14173279603.152369,2025-11-20 18:38:41
er_4194304_1_6.bin.gz,erdos_renyi,49,SpecAnn,0.8917822551223932,1.0,-1084182164.0,-705926893.9999998,0.2324593067169189,0,True,66,33,True,101,32,0.8862995505332947,143.65750122070312,-13414987455.6767,2025-11-20 18:38:41
er_4194304_1_6.bin.gz,erdos_renyi,49,SpecAnn,0.8961861448935777,1.0,-1086495091.9999995,-725536631.9999995,0.2322323322296142,0,True,66,33,True,102,32,0.8822629451751709,136.598876953125,-12697745022.357117,2025-11-20 18:38:41
er_4194304_1_6.bin.gz,erdos_renyi,49,SpecAnn,0.9005684993642872,1.0,-1088435530.0000002,-746063437.9999996,0.2321274280548095,0,True,66,33,True,103,32,0.8780225515365601,129.921630859375,-12019006441.677982,2025-11-20 18:38:41
er_4194304_1_6.bin.gz,erdos_renyi,49,SpecAnn,0.9049296314052688,1.0,-1090727600.0,-767445820.0000001,0.2327604293823242,0,True,66,33,True,104,32,0.8735604882240295,123.6031494140625,-11376376403.83854,2025-11-20 18:38:42
er_4194304_1_6.bin.gz,erdos_renyi,49,SpecAnn,0.9092698463840684,1.0,-1093121989.9999998,-789718899.9999999,0.2324512004852295,0,True,66,33,True,105,32,0.8688555955886841,117.62252044677734,-10767614968.701937,2025-11-20 18:38:42
er_4194304_1_6.bin.gz,erdos_renyi,49,SpecAnn,0.9135894424145556,1.0,-1095514938.0,-813130627.9999998,0.2325763702392578,0,True,66,33,True,106,32,0.863884687423706,111.96013641357422,-10190620502.896116,2025-11-20 18:38:42
er_4194304_1_6.bin.gz,erdos_renyi,49,SpecAnn,0.9178887105958816,1.0,-1098990758.0,-836980918.0000004,0.2323360443115234,0,True,66,33,True,107,32,0.8586206436157227,106.59739685058594,-9643381738.57038,2025-11-20 18:38:42
er_4194304_1_6.bin.gz,erdos_renyi,49,SpecAnn,0.922167935241408,1.0,-1102436702.0,-861503449.9999998,0.2325751781463623,0,True,66,33,True,108,32,0.8530321717262268,101.51709747314452,-9124015967.108973,2025-11-20 18:38:43
er_4194304_1_6.bin.gz,erdos_renyi,49,SpecAnn,0.92642739409812,1.0,-1106419932.0000002,-886680377.9999995,0.2322432994842529,0,True,66,33,True,109,32,0.8470835089683533,96.70314025878906,-8630744059.41136,2025-11-20 18:38:43
er_4194304_1_6.bin.gz,erdos_renyi,49,SpecAnn,0.9306673585570006,1.0,-1110628672.0000002,-912270126.0,0.4518592357635498,0,True,66,65,True,110,32,0.8407328128814697,92.14019012451172,-8161848621.862662,2025-11-20 18:38:43
er_4194304_1_6.bin.gz,erdos_renyi,49,SpecAnn,0.9348880938548184,1.0,-1115383838.0,-937372072.0,0.4513530731201172,0,True,66,65,True,111,32,0.8339303731918335,87.81410217285156,-7715702805.197961,2025-11-20 18:38:44
er_4194304_1_6.bin.gz,erdos_renyi,49,SpecAnn,0.9390898592677528,1.0,-1120340856.0,-961807414.0,0.6703891754150391,0,True,66,97,True,112,32,0.8266188502311707,83.71145629882812,-7290740418.584113,2025-11-20 18:38:44
er_4194304_1_6.bin.gz,erdos_renyi,49,SpecAnn,0.9432729082972536,1.0,-1125244200.0,-984028634.0,1.1095173358917236,0,True,66,161,True,113,32,0.8187276721000671,79.81973266601562,-6885431657.963441,2025-11-20 18:38:46
er_4194304_1_6.bin.gz,erdos_renyi,49,SpecAnn,0.9474374888485204,1.0,-1127718420.0,-997389429.9999998,2.4255592823028564,0,True,66,353,True,114,32,0.8101730346679688,76.12715148925781,-6498285646.908295,2025-11-20 18:38:48
er_4194304_1_6.bin.gz,erdos_renyi,49,SpecAnn,0.9515838434019476,1.0,-1122022060.0000002,-981769940.0,7.02617883682251,0,True,66,1025,True,115,32,0.8009270429611206,72.62261199951172,-6128388042.099197,2025-11-20 18:38:55
er_4194304_1_6.bin.gz,erdos_renyi,49,SpecAnn,0.9557122091778746,1.0,-1121198144.0,-979316648.0,1.985417127609253,0,True,66,289,True,116,32,0.7912203669548035,69.29578399658203,-5776778350.91406,2025-11-20 18:38:57
er_4194304_1_6.bin.gz,erdos_renyi,49,SpecAnn,0.9598228182949629,1.0,-1120904479.9999998,-978694654.0,0.8894307613372803,0,True,66,129,True,117,32,0.7810838222503662,66.13681030273438,-5442799324.462221,2025-11-20 18:38:58
er_4194304_1_6.bin.gz,erdos_renyi,49,SpecAnn,0.963915897922488,1.0,-1120708066.0000002,-978229782.0,1.1085538864135742,0,True,66,161,True,118,32,0.7705017328262329,63.13657379150391,-5125497948.936984,2025-11-20 18:38:59
er_4194304_1_6.bin.gz,erdos_renyi,49,SpecAnn,0.967991670426842,1.0,-1120611158.0000002,-978007114.0,1.1083722114562988,0,True,66,161,True,119,32,0.7594549655914307,60.28636169433594,-4823947077.832903,2025-11-20 18:39:00
er_4194304_1_6.bin.gz,erdos_renyi,49,SpecAnn,0.9720503535125016,1.0,-1120414912.0000002,-977844148.0,0.6704580783843994,0,True,66,97,True,120,32,0.7479259967803955,57.57802963256836,-4537293380.669708,2025-11-20 18:39:01
er_4194304_1_6.bin.gz,erdos_renyi,49,SpecAnn,0.9760921603577252,1.0,-1120657358.0000002,-977684642.0,0.4508745670318603,0,True,66,65,True,121,32,0.7358958721160889,55.00398254394531,-4264733878.8894,2025-11-20 18:39:01
er_4194304_1_6.bin.gz,erdos_renyi,49,SpecAnn,0.9801172997452104,1.0,-1120559542.0,-977584090.0,0.6709549427032471,0,True,66,97,True,122,32,0.7233437299728394,52.55694580078125,-4005495743.6358833,2025-11-20 18:39:02
er_4194304_1_6.bin.gz,erdos_renyi,49,SpecAnn,0.9841259761879442,1.0,-1120558878.0,-977367600.0,1.5460636615753174,0,True,66,225,True,123,32,0.7102495431900024,50.23017501831055,-3758868115.725831,2025-11-20 18:39:03
er_4194304_1_6.bin.gz,erdos_renyi,49,SpecAnn,0.9881183900504562,1.0,-1120497972.0,-977301980.0,0.4511337280273437,0,True,66,65,True,124,32,0.6965926289558411,48.017215728759766,-3524173509.587535,2025-11-20 18:39:04
er_4194304_1_6.bin.gz,erdos_renyi,49,SpecAnn,0.9920947376656812,1.0,-1120493675.9999998,-977235124.0,0.6704006195068359,0,True,66,97,True,125,32,0.6823498606681824,45.91207885742188,-3300771787.8781104,2025-11-20 18:39:05
er_4194304_1_6.bin.gz,erdos_renyi,49,SpecAnn,0.9960552114476228,1.0,-1120544808.0,-977129232.0,0.4512209892272949,0,True,66,65,True,126,32,0.6674994230270386,43.909088134765625,-3088067228.880767,2025-11-20 18:39:05
er_4194304_1_6.bin.gz,erdos_renyi,49,SpecAnn,1.0,1.0,-1120211792.0,-976880110.0,1.109591722488403,0,True,66,161,True,127,32,0.6520163416862488,42.0028190612793,-2885481897.259253,2025-11-20 18:39:06
er_4194304_1_6.bin.gz,erdos_renyi,50,SpecAnn,0.0,1.0,-1062648226.0,-217349221.99999997,0.3576042652130127,0,True,62,33,True,0,32,0.99943608045578,4194305.0,-441669479104184.56,2025-11-20 18:39:47
er_4194304_1_6.bin.gz,erdos_renyi,50,SpecAnn,0.0887356509416113,1.0,-1062298152.0,-217395140.0,0.2318105697631836,0,True,62,33,True,1,32,0.9990590810775756,1504993.75,-158419349341283.47,2025-11-20 18:39:47
er_4194304_1_6.bin.gz,erdos_renyi,50,SpecAnn,0.1254911610276317,1.0,-1062380798.0,-217626675.99999985,0.2316217422485351,0,True,62,33,True,2,32,0.9988368153572084,984444.25,-103601972730604.44,2025-11-20 18:39:47
er_4194304_1_6.bin.gz,erdos_renyi,50,SpecAnn,0.1536946558735679,1.0,-1062315886.0,-218070465.99999985,0.2347757816314697,0,True,62,33,True,3,32,0.9986311197280884,710808.5,-74789402780617.94,2025-11-20 18:39:47
er_4194304_1_6.bin.gz,erdos_renyi,50,SpecAnn,0.1774713018832227,1.0,-1062371923.9999996,-218691269.99999967,0.2325680255889892,0,True,62,33,True,4,32,0.9984297156333924,540161.1875,-56822878561209.94,2025-11-20 18:39:48
er_4194304_1_6.bin.gz,erdos_renyi,50,SpecAnn,0.1984189475331362,1.0,-1062120693.9999996,-219448371.9999996,0.2319517135620117,0,True,62,33,True,5,32,0.9982278943061828,424118.28125,-44606592775335.766,2025-11-20 18:39:48
er_4194304_1_6.bin.gz,erdos_renyi,50,SpecAnn,0.2173570668006655,1.0,-1061891714.0,-220274854.00000003,0.2317450046539306,0,True,62,33,True,6,32,0.9980230927467346,340825.6875,-35838949135731.84,2025-11-20 18:39:48
er_4194304_1_6.bin.gz,erdos_renyi,50,SpecAnn,0.2347724648169381,1.0,-1062981904.0000002,-221086548.00000024,0.2323479652404785,0,True,62,33,True,7,32,0.9978139400482178,278751.46875,-29305496823244.93,2025-11-20 18:39:48
er_4194304_1_6.bin.gz,erdos_renyi,50,SpecAnn,0.2509823220552634,1.0,-1061951200.0,-221984120.00000027,0.2325377464294433,0,True,62,33,True,8,32,0.9975994229316713,231179.90625,-24299012790872.105,2025-11-20 18:39:49
er_4194304_1_6.bin.gz,erdos_renyi,50,SpecAnn,0.2662069528248341,1.0,-1062216360.0,-222876155.9999998,0.2320835590362548,0,True,62,33,True,9,32,0.9973788261413574,193921.4375,-20378317438094.613,2025-11-20 18:39:49
er_4194304_1_6.bin.gz,erdos_renyi,50,SpecAnn,0.2806067666331568,1.0,-1063035608.0,-223789779.9999999,0.2318921089172363,0,True,62,33,True,10,32,0.997151494026184,164225.125,-17253734168866.758,2025-11-20 18:39:49
er_4194304_1_6.bin.gz,erdos_renyi,50,SpecAnn,0.2943028597012718,1.0,-1062432537.9999998,-224780514.0000001,0.2323012351989746,0,True,62,33,True,11,32,0.9969170093536376,140211.671875,-14727381294478.066,2025-11-20 18:39:49
er_4194304_1_6.bin.gz,erdos_renyi,50,SpecAnn,0.3073893117471359,1.0,-1062778865.9999998,-225714480.0000001,0.2319917678833007,0,True,62,33,True,12,32,0.9966749548912048,120555.5,-12659685910605.416,2025-11-20 18:39:50
er_4194304_1_6.bin.gz,erdos_renyi,50,SpecAnn,0.3199409394316542,1.0,-1062801942.0,-226786474.0000001,0.2328886985778808,0,True,62,33,True,13,32,0.996424913406372,104297.3828125,-10949652719979.44,2025-11-20 18:39:50
er_4194304_1_6.bin.gz,erdos_renyi,50,SpecAnn,0.3320184038158743,1.0,-1062211548.0,-227912521.99999976,0.2321436405181884,0,True,62,33,True,14,32,0.9961665868759156,90727.3828125,-9522537922371.576,2025-11-20 18:39:50
er_4194304_1_6.bin.gz,erdos_renyi,50,SpecAnn,0.3436716983117353,1.0,-1062386276.0,-229058362.00000027,0.2320601940155029,0,True,62,33,True,15,32,0.995899498462677,79310.6484375,-8322031808470.474,2025-11-20 18:39:50
er_4194304_1_6.bin.gz,erdos_renyi,50,SpecAnn,0.3549426037664455,1.0,-1062435587.9999998,-230169141.99999985,0.2320175170898437,0,True,62,33,True,16,32,0.9956235289573668,69637.515625,-7305009372768.626,2025-11-20 18:39:50
er_4194304_1_6.bin.gz,erdos_renyi,50,SpecAnn,0.3658664615902029,1.0,-1063035020.0,-231385703.99999973,0.2329840660095214,0,True,62,33,True,17,32,0.9953383803367616,61389.78515625,-6437974044430.096,2025-11-20 18:39:51
er_4194304_1_6.bin.gz,erdos_renyi,50,SpecAnn,0.3764734830828951,1.0,-1062596325.9999998,-232640469.9999996,0.2320764064788818,0,True,62,33,True,18,32,0.9950436353683472,54317.34375,-5694597157589.358,2025-11-20 18:39:51
er_4194304_1_6.bin.gz,erdos_renyi,50,SpecAnn,0.3867897351437838,1.0,-1062730468.0,-233951544.0,0.2323086261749267,0,True,62,33,True,19,32,0.9947391152381896,48221.3984375,-5053954802189.196,2025-11-20 18:39:51
er_4194304_1_6.bin.gz,erdos_renyi,50,SpecAnn,0.3968378950662725,1.0,-1063001114.0,-235271839.99999964,0.2320277690887451,0,True,62,33,True,20,32,0.9944244623184204,42942.390625,-4499252581009.774,2025-11-20 18:39:51
er_4194304_1_6.bin.gz,erdos_renyi,50,SpecAnn,0.4066378372811136,1.0,-1063112014.0,-236608345.9999993,0.2327444553375244,0,True,62,33,True,21,32,0.9940994381904602,38351.11328125,-4016892052493.618,2025-11-20 18:39:52
er_4194304_1_6.bin.gz,erdos_renyi,50,SpecAnn,0.4162070956347247,1.0,-1062635610.0,-238010763.9999996,0.231912612915039,0,True,62,33,True,22,32,0.9937637448310852,34342.12109375,-3595775929153.2646,2025-11-20 18:39:52
er_4194304_1_6.bin.gz,erdos_renyi,50,SpecAnn,0.4255612320274539,1.0,-1062365694.0,-239418871.9999993,0.2324845790863037,0,True,62,33,True,23,32,0.9934170246124268,30828.7421875,-3226783008644.094,2025-11-20 18:39:52
er_4194304_1_6.bin.gz,erdos_renyi,50,SpecAnn,0.434714133601331,1.0,-1062788458.0,-240895997.9999994,0.2323606014251709,0,True,62,33,True,24,32,0.9930590987205504,27739.203125,-2902361020895.093,2025-11-20 18:39:52
er_4194304_1_6.bin.gz,erdos_renyi,50,SpecAnn,0.4436782547080569,1.0,-1062568951.9999998,-242384821.99999964,0.2324004173278808,0,True,62,33,True,25,32,0.9926896691322328,25013.787109375,-2616226308764.35,2025-11-20 18:39:53
er_4194304_1_6.bin.gz,erdos_renyi,50,SpecAnn,0.4524648157026343,1.0,-1062764565.9999996,-243885845.99999923,0.23240327835083,0,True,62,33,True,26,32,0.9923083782196044,22602.466796875,-2363114990920.819,2025-11-20 18:39:53
er_4194304_1_6.bin.gz,erdos_renyi,50,SpecAnn,0.4610839676207039,1.0,-1063047364.0,-245548123.9999992,0.2321102619171142,0,True,62,33,True,27,32,0.9919148683547974,20463.138671875,-2138597252940.1443,2025-11-20 18:39:53
er_4194304_1_6.bin.gz,erdos_renyi,50,SpecAnn,0.4695449296338763,1.0,-1063160242.0,-247139633.99999955,0.232518196105957,0,True,62,33,True,28,32,0.9915090203285216,18560.19921875,-1938927901118.852,2025-11-20 18:39:53
er_4194304_1_6.bin.gz,erdos_renyi,50,SpecAnn,0.4778561045889373,1.0,-1063206254.0,-248751549.9999993,0.2321646213531494,0,True,62,33,True,29,32,0.9910904765129088,16863.373046875,-1760921952247.2373,2025-11-20 18:39:53
er_4194304_1_6.bin.gz,erdos_renyi,50,SpecAnn,0.4860251767562508,1.0,-1062718912.0,-250518387.9999996,0.2322490215301513,0,True,62,33,True,30,32,0.9906587600708008,15346.853515625,-1601864545598.333,2025-11-20 18:39:54
er_4194304_1_6.bin.gz,erdos_renyi,50,SpecAnn,0.4940591950252281,1.0,-1062735882.0,-252308363.9999993,0.2324695587158203,0,True,62,33,True,31,32,0.9902137517929076,13988.529296875,-1459430328980.266,2025-11-20 18:39:54
er_4194304_1_6.bin.gz,erdos_renyi,50,SpecAnn,0.5019646441105269,1.0,-1063104389.9999998,-254146717.99999952,0.2324786186218261,0,True,62,33,True,32,32,0.9897549748420716,12769.3876953125,-1331619429800.841,2025-11-20 18:39:54
er_4194304_1_6.bin.gz,erdos_renyi,50,SpecAnn,0.5097475058154177,1.0,-1063191374.0,-256020807.9999998,0.2324228286743164,0,True,62,33,True,33,32,0.9892821311950684,11673.0185546875,-1216706134468.638,2025-11-20 18:39:54
er_4194304_1_6.bin.gz,erdos_renyi,50,SpecAnn,0.51741331199832,1.0,-1063322092.0,-258023875.9999993,0.2319459915161132,0,True,62,33,True,34,32,0.988795042037964,10685.2294921875,-1113198189719.1277,2025-11-20 18:39:55
er_4194304_1_6.bin.gz,erdos_renyi,50,SpecAnn,0.5249671905758515,1.0,-1062614736.0,-260040283.99999955,0.2325305938720703,0,True,62,33,True,35,32,0.9882932305336,9793.6884765625,-1019798721876.9128,2025-11-20 18:39:55
er_4194304_1_6.bin.gz,erdos_renyi,50,SpecAnn,0.5324139056496683,1.0,-1062950623.9999998,-262143917.99999937,0.2321631908416748,0,True,62,33,True,36,32,0.9877763390541076,8987.6611328125,-935379108217.1556,2025-11-20 18:39:55
er_4194304_1_6.bin.gz,erdos_renyi,50,SpecAnn,0.5397578926492556,1.0,-1062783117.9999998,-264300645.99999937,0.2323977947235107,0,True,62,33,True,37,32,0.987243950366974,8257.7666015625,-858953081429.9076,2025-11-20 18:39:55
er_4194304_1_6.bin.gz,erdos_renyi,50,SpecAnn,0.5470032892270364,1.0,-1062831380.0,-266490353.99999985,0.2321431636810302,0,True,62,33,True,38,32,0.9866958260536194,7595.802734375,-789658520083.3586,2025-11-20 18:39:56
er_4194304_1_6.bin.gz,erdos_renyi,50,SpecAnn,0.554153962516942,1.0,-1063289232.0,-268727821.9999996,0.2328114509582519,0,True,62,33,True,39,32,0.986131489276886,6994.55322265625,-726736818345.6277,2025-11-20 18:39:56
er_4194304_1_6.bin.gz,erdos_renyi,50,SpecAnn,0.5612135332663137,1.0,-1063545190.0,-271165874.0000003,0.2321417331695556,0,True,62,33,True,40,32,0.985550582408905,6447.68505859375,-669522369638.9684,2025-11-20 18:39:56
er_4194304_1_6.bin.gz,erdos_renyi,50,SpecAnn,0.5681853972686127,1.0,-1063712840.0,-273645406.0,0.2329015731811523,0,True,62,33,True,41,32,0.9849528074264526,5949.60595703125,-617427519820.5131,2025-11-20 18:39:56
er_4194304_1_6.bin.gz,erdos_renyi,50,SpecAnn,0.5750727444570146,1.0,-1063764970.0,-276128207.9999998,0.2321765422821045,0,True,62,33,True,42,32,0.984337568283081,5495.3671875,-569932120856.3689,2025-11-20 18:39:56
er_4194304_1_6.bin.gz,erdos_renyi,50,SpecAnn,0.5818785759635375,1.0,-1063870307.9999998,-278697776.00000024,0.2321498394012451,0,True,62,33,True,43,32,0.9837044477462769,5080.59619140625,-526576738735.9191,2025-11-20 18:39:57
er_4194304_1_6.bin.gz,erdos_renyi,50,SpecAnn,0.5886057194025436,1.0,-1063980142.0,-281336735.9999997,0.2322840690612793,0,True,62,33,True,44,32,0.9830532073974608,4701.41015625,-486953534864.3736,2025-11-20 18:39:57
er_4194304_1_6.bin.gz,erdos_renyi,50,SpecAnn,0.5952568425994088,1.0,-1064267500.0,-283998829.99999976,0.2327711582183838,0,True,62,33,True,45,32,0.9823833107948304,4354.3466796875,-450698732014.4141,2025-11-20 18:39:57
er_4194304_1_6.bin.gz,erdos_renyi,50,SpecAnn,0.6018344659534288,1.0,-1063779854.0,-286838674.00000024,0.2325277328491211,0,True,62,33,True,46,32,0.9816943407058716,4036.33642578125,-417489927192.6109,2025-11-20 18:39:57
er_4194304_1_6.bin.gz,erdos_renyi,50,SpecAnn,0.6083409735974393,1.0,-1064334678.0,-289681426.00000066,0.2324042320251464,0,True,62,33,True,47,32,0.980985701084137,3744.630615234375,-387038366344.338,2025-11-20 18:39:58
er_4194304_1_6.bin.gz,erdos_renyi,50,SpecAnn,0.6147786234942719,1.0,-1064363072.0,-292745555.9999998,0.2322790622711181,0,True,62,33,True,48,32,0.9802569150924684,3476.774658203125,-359086282772.9693,2025-11-20 18:39:58
er_4194304_1_6.bin.gz,erdos_renyi,50,SpecAnn,0.6211495565912796,1.0,-1064558477.9999998,-295785634.0000001,0.2323577404022216,0,True,62,33,True,49,32,0.9795076251029968,3230.572998046875,-333403179441.1001,2025-11-20 18:39:58
er_4194304_1_6.bin.gz,erdos_renyi,50,SpecAnn,0.6274558051381586,1.0,-1064295663.9999998,-298998792.0,0.2321984767913818,0,True,62,33,True,50,32,0.9787372350692748,3004.051513671875,-309781760641.5874,2025-11-20 18:39:58
er_4194304_1_6.bin.gz,erdos_renyi,50,SpecAnn,0.6336993002596786,1.0,-1064289994.0,-302148901.99999976,0.2326316833496093,0,True,62,33,True,51,32,0.9779452681541444,2795.4453125,-288036753526.7138,2025-11-20 18:39:59
er_4194304_1_6.bin.gz,erdos_renyi,50,SpecAnn,0.6398818788633085,1.0,-1063917450.0,-305465263.99999976,0.2322876453399658,0,True,62,33,True,52,32,0.9771310091018676,2603.16015625,-268000769654.02094,2025-11-20 18:39:59
er_4194304_1_6.bin.gz,erdos_renyi,50,SpecAnn,0.6460052899517691,1.0,-1064440998.0,-308888146.00000006,0.2327628135681152,0,True,62,33,True,53,32,0.9762941002845764,2425.761474609375,-249523306310.14377,2025-11-20 18:39:59
er_4194304_1_6.bin.gz,erdos_renyi,50,SpecAnn,0.6520712004019966,1.0,-1064818224.0,-312405402.00000024,0.2322564125061035,0,True,62,33,True,54,32,0.975433886051178,2261.958984375,-232468932578.3204,2025-11-20 18:39:59
er_4194304_1_6.bin.gz,erdos_renyi,50,SpecAnn,0.6580812002646271,1.0,-1064068752.0,-316048008.0000001,0.2323470115661621,0,True,62,33,True,55,32,0.9745495915412904,2110.583740234375,-216714958463.2458,2025-11-20 18:40:00
er_4194304_1_6.bin.gz,erdos_renyi,50,SpecAnn,0.6640368076317485,1.0,-1064702966.0,-319737832.0000004,0.232276439666748,0,True,62,33,True,56,32,0.9736407995224,1970.579833984375,-202150656245.8529,2025-11-20 18:40:00
er_4194304_1_6.bin.gz,erdos_renyi,50,SpecAnn,0.6699394731151429,1.0,-1064883280.0,-323570355.9999999,0.2328050136566162,0,True,62,33,True,57,32,0.9727067947387696,1840.993408203125,-188675947750.8666,2025-11-20 18:40:00
er_4194304_1_6.bin.gz,erdos_renyi,50,SpecAnn,0.6757905839724513,1.0,-1064450772.0,-327392684.0,0.2320146560668945,0,True,62,33,True,58,32,0.9717468023300172,1720.95556640625,-176199687841.37668,2025-11-20 18:40:00
er_4194304_1_6.bin.gz,erdos_renyi,50,SpecAnn,0.6815914679145113,1.0,-1064739644.0000002,-331441781.9999998,0.2327265739440918,0,True,62,33,True,59,32,0.9707602858543396,1609.68359375,-164639817361.46436,2025-11-20 18:40:00
er_4194304_1_6.bin.gz,erdos_renyi,50,SpecAnn,0.6873433966234707,1.0,-1064813186.0,-335597078.00000066,0.2320311069488525,0,True,62,33,True,60,32,0.9697463512420654,1506.459716796875,-153921056020.99545,2025-11-20 18:40:01
er_4194304_1_6.bin.gz,erdos_renyi,50,SpecAnn,0.6930475890080863,1.0,-1064741918.0,-339899938.00000054,0.2328386306762695,0,True,62,33,True,61,32,0.968704342842102,1410.6378173828125,-143975676025.3068,2025-11-20 18:40:01
er_4194304_1_6.bin.gz,erdos_renyi,50,SpecAnn,0.6987052142198116,1.0,-1065305950.0,-344154126.0,0.2322566509246826,0,True,62,33,True,62,32,0.9676333069801332,1321.624755859375,-134741485460.3255,2025-11-20 18:40:01
er_4194304_1_6.bin.gz,erdos_renyi,50,SpecAnn,0.7043173944508145,1.0,-1065513028.0,-348677692.0000002,0.2332344055175781,0,True,62,33,True,63,32,0.9665324687957764,1238.8819580078125,-126162048869.97385,2025-11-20 18:40:01
er_4194304_1_6.bin.gz,erdos_renyi,50,SpecAnn,0.709885207532891,1.0,-1065760546.0,-353324020.0000003,0.2322907447814941,0,True,62,33,True,64,32,0.96540105342865,1161.9185791015625,-118185942146.77878,2025-11-20 18:40:02
er_4194304_1_6.bin.gz,erdos_renyi,50,SpecAnn,0.7154096893543218,1.0,-1065898758.0,-358054650.0000001,0.2320265769958496,0,True,62,33,True,65,32,0.9642379879951476,1090.28466796875,-110766006803.61688,2025-11-20 18:40:02
er_4194304_1_6.bin.gz,erdos_renyi,50,SpecAnn,0.7208918361100219,1.0,-1066037830.0,-362906040.0000004,0.2322199344635009,0,True,62,33,True,66,32,0.9630424976348876,1023.5713500976562,-103859429061.84113,2025-11-20 18:40:02
er_4194304_1_6.bin.gz,erdos_renyi,50,SpecAnn,0.7263326063988248,1.0,-1065736146.0,-367934888.0000007,0.2325921058654785,0,True,62,33,True,67,32,0.961813509464264,961.4027709960938,-97426836150.56624,2025-11-20 18:40:02
er_4194304_1_6.bin.gz,erdos_renyi,50,SpecAnn,0.7317329231804058,1.0,-1066120492.0,-373042876.0000001,0.2327780723571777,0,True,62,33,True,68,32,0.9605498313903807,903.4354858398438,-91432248978.51276,2025-11-20 18:40:03
er_4194304_1_6.bin.gz,erdos_renyi,50,SpecAnn,0.7370936756031579,1.0,-1066018571.9999998,-378412368.0000003,0.2321586608886718,0,True,62,33,True,69,32,0.9592505693435668,849.3541870117188,-85842677428.92749,2025-11-20 18:40:03
er_4194304_1_6.bin.gz,erdos_renyi,50,SpecAnn,0.7424157207132704,1.0,-1066397842.0,-383961606.0000002,0.2322216033935547,0,True,62,33,True,70,32,0.9579142332077026,798.8709106445312,-80627944992.6035,2025-11-20 18:40:03
er_4194304_1_6.bin.gz,erdos_renyi,50,SpecAnn,0.7476998850543153,1.0,-1066682235.9999998,-389732736.0000004,0.2326507568359375,0,True,62,33,True,71,32,0.9565398693084716,751.7203369140625,-75760308297.94597,2025-11-20 18:40:03
er_4194304_1_6.bin.gz,erdos_renyi,50,SpecAnn,0.7529469661657903,1.0,-1066658000.0,-395617190.0,0.2324433326721191,0,True,62,33,True,72,32,0.955126166343689,707.6582641601562,-71214213615.16978,2025-11-20 18:40:03
er_4194304_1_6.bin.gz,erdos_renyi,50,SpecAnn,0.7581577339883167,1.0,-1066913838.0,-401517155.99999976,0.2326612472534179,0,True,62,33,True,73,32,0.9536715149879456,666.4617919921875,-66966318582.00014,2025-11-20 18:40:04
er_4194304_1_6.bin.gz,erdos_renyi,50,SpecAnn,0.7633329321824984,1.0,-1067523108.0000002,-407874414.0,0.2324895858764648,0,True,62,33,True,74,32,0.9521747827529908,627.924560546875,-62995061308.3386,2025-11-20 18:40:04
er_4194304_1_6.bin.gz,erdos_renyi,50,SpecAnn,0.7684732793678399,1.0,-1067515800.0,-414269269.9999997,0.2320570945739746,0,True,62,33,True,75,32,0.950634241104126,591.8565673828125,-59280557776.87713,2025-11-20 18:40:04
er_4194304_1_6.bin.gz,erdos_renyi,50,SpecAnn,0.7735794702875677,1.0,-1067760594.0,-420944571.9999997,0.232837438583374,0,True,62,33,True,76,32,0.9490483403205872,558.08349609375,-55804583446.25613,2025-11-20 18:40:04
er_4194304_1_6.bin.gz,erdos_renyi,50,SpecAnn,0.7786521769046981,1.0,-1067739262.0,-427749401.99999946,0.2324070930480957,0,True,62,33,True,77,32,0.9474151730537416,526.4439697265625,-52550257470.8598,2025-11-20 18:40:05
er_4194304_1_6.bin.gz,erdos_renyi,50,SpecAnn,0.7836920494342511,1.0,-1068257204.0,-434835597.9999997,0.2323598861694336,0,True,62,33,True,78,32,0.9457330107688904,496.7895812988281,-49502072815.04633,2025-11-20 18:40:05
er_4194304_1_6.bin.gz,erdos_renyi,50,SpecAnn,0.788699717316095,1.0,-1068336812.0,-442015681.9999995,0.2323639392852783,0,True,62,33,True,79,32,0.9439999461174012,468.9827270507813,-46645652684.25682,2025-11-20 18:40:05
er_4194304_1_6.bin.gz,erdos_renyi,50,SpecAnn,0.7936757901325451,1.0,-1068540055.9999998,-449584841.9999992,0.2322094440460205,0,True,62,33,True,80,32,0.942213773727417,442.89697265625,-43967777929.66103,2025-11-20 18:40:05
er_4194304_1_6.bin.gz,erdos_renyi,50,SpecAnn,0.7986208584745024,1.0,-1069248516.0000002,-457507222.0,0.2329378128051757,0,True,62,33,True,81,32,0.940372347831726,418.4144287109375,-41456139736.52894,2025-11-20 18:40:06
er_4194304_1_6.bin.gz,erdos_renyi,50,SpecAnn,0.803535494759617,1.0,-1069200266.0,-465428658.0000001,0.232166051864624,0,True,62,33,True,82,32,0.9384732246398926,395.427001953125,-39099442542.98016,2025-11-20 18:40:06
er_4194304_1_6.bin.gz,erdos_renyi,50,SpecAnn,0.8084202540056837,1.0,-1069991132.0,-473654607.9999999,0.2322161197662353,0,True,62,33,True,83,32,0.9365138411521912,373.8343505859375,-36887206117.67014,2025-11-20 18:40:06
er_4194304_1_6.bin.gz,erdos_renyi,50,SpecAnn,0.8132756745622272,1.0,-1070052428.0,-482196042.00000006,0.2323396205902099,0,True,62,33,True,84,32,0.9344913959503174,353.5429077148437,-34809660985.089485,2025-11-20 18:40:06
er_4194304_1_6.bin.gz,erdos_renyi,50,SpecAnn,0.8181022788030096,1.0,-1070406352.0000002,-491251959.9999998,0.2323379516601562,0,True,62,33,True,85,32,0.9324029088020324,334.4670104980469,-32857859273.780167,2025-11-20 18:40:06
er_4194304_1_6.bin.gz,erdos_renyi,50,SpecAnn,0.822900573781978,1.0,-1071022869.9999998,-500612069.9999998,0.2325105667114257,0,True,62,33,True,86,32,0.930245280265808,316.52642822265625,-31023429786.301167,2025-11-20 18:40:07
er_4194304_1_6.bin.gz,erdos_renyi,50,SpecAnn,0.8276710518549868,1.0,-1071012004.0,-510310343.9999999,0.2324740886688232,0,True,62,33,True,87,32,0.9280150532722472,299.6470642089844,-29298636194.980907,2025-11-20 18:40:07
er_4194304_1_6.bin.gz,erdos_renyi,50,SpecAnn,0.8324141912694495,1.0,-1072157199.9999998,-520555980.0000002,0.2326641082763672,0,True,62,33,True,88,32,0.9257083535194396,283.75982666015625,-27676263072.15896,2025-11-20 18:40:07
er_4194304_1_6.bin.gz,erdos_renyi,50,SpecAnn,0.8371304567239225,1.0,-1072021604.0,-531258049.9999994,0.2322421073913574,0,True,62,33,True,89,32,0.9233211874961852,268.80108642578125,-26149667932.86241,2025-11-20 18:40:07
er_4194304_1_6.bin.gz,erdos_renyi,50,SpecAnn,0.8418202998994706,1.0,-1073300712.0000004,-542314683.9999999,0.2327661514282226,0,True,62,33,True,90,32,0.9208492636680604,254.7108917236328,-24712598796.54639,2025-11-20 18:40:08
er_4194304_1_6.bin.gz,erdos_renyi,50,SpecAnn,0.846484159964536,1.0,-1073674836.0,-553879008.0,0.2324559688568115,0,True,62,33,True,91,32,0.918287754058838,241.4342193603516,-23359308061.260483,2025-11-20 18:40:08
er_4194304_1_6.bin.gz,erdos_renyi,50,SpecAnn,0.8511224640549078,1.0,-1074059149.9999998,-566211901.9999996,0.2327742576599121,0,True,62,33,True,92,32,0.9156313538551332,228.91976928710935,-22084435991.407677,2025-11-20 18:40:08
er_4194304_1_6.bin.gz,erdos_renyi,50,SpecAnn,0.8557356277302758,1.0,-1075032002.0000002,-578899228.0,0.2320659160614013,0,True,62,33,True,93,32,0.9128745198249816,217.1193389892578,-20882954894.852848,2025-11-20 18:40:08
er_4194304_1_6.bin.gz,erdos_renyi,50,SpecAnn,0.8603240554087516,1.0,-1075160242.0,-592087988.0000005,0.2326865196228027,0,True,62,33,True,94,32,0.9100109338760376,205.9882659912109,-19750197790.99525,2025-11-20 18:40:09
er_4194304_1_6.bin.gz,erdos_renyi,50,SpecAnn,0.86488814078064,1.0,-1076785925.9999998,-606008968.0000004,0.2327985763549804,0,True,62,33,True,95,32,0.9070335626602172,195.4853973388672,-18681856674.4226,2025-11-20 18:40:09
er_4194304_1_6.bin.gz,erdos_renyi,50,SpecAnn,0.8694282672026621,1.0,-1077318554.0000002,-620810680.0000002,0.2322835922241211,0,True,62,33,True,96,32,0.9039350748062134,185.57164001464844,-17673851490.038414,2025-11-20 18:40:09
er_4194304_1_6.bin.gz,erdos_renyi,50,SpecAnn,0.8739448080737451,1.0,-1078910050.0000002,-636276851.9999999,0.2323877811431884,0,True,62,33,True,97,32,0.9007072448730469,176.2109375,-16722410295.01319,2025-11-20 18:40:09
er_4194304_1_6.bin.gz,erdos_renyi,50,SpecAnn,0.878438127193422,1.0,-1079811738.0,-652357394.0000001,0.2321460247039795,0,True,62,33,True,98,32,0.8973405957221985,167.3696746826172,-15824006213.937206,2025-11-20 18:40:10
er_4194304_1_6.bin.gz,erdos_renyi,50,SpecAnn,0.8829085791038153,1.0,-1080925910.0,-669352267.9999998,0.2329664230346679,0,True,62,33,True,99,32,0.8938249945640564,159.0161895751953,-14975322866.531223,2025-11-20 18:40:10
er_4194304_1_6.bin.gz,erdos_renyi,50,SpecAnn,0.8873565094161138,1.0,-1082489890.0,-687075943.9999998,0.2325377464294433,0,True,62,33,True,100,32,0.8901488780975342,151.12123107910156,-14173283976.266474,2025-11-20 18:40:10
er_4194304_1_6.bin.gz,erdos_renyi,50,SpecAnn,0.8917822551223932,1.0,-1084079354.0000002,-705926730.0000005,0.2324476242065429,0,True,62,33,True,101,32,0.886299729347229,143.65724182128906,-13414994459.458143,2025-11-20 18:40:10
er_4194304_1_6.bin.gz,erdos_renyi,50,SpecAnn,0.8961861448935777,1.0,-1085902694.0,-725538005.9999996,0.2326819896697998,0,True,62,33,True,102,32,0.8822630643844604,136.59861755371094,-12697749620.76265,2025-11-20 18:40:10
er_4194304_1_6.bin.gz,erdos_renyi,50,SpecAnn,0.9005684993642872,1.0,-1087999563.9999998,-746063770.0,0.2323224544525146,0,True,62,33,True,103,32,0.8780227303504944,129.92138671875,-12019011856.600826,2025-11-20 18:40:11
er_4194304_1_6.bin.gz,erdos_renyi,50,SpecAnn,0.9049296314052688,1.0,-1090468036.0,-767446743.9999994,0.2326338291168213,0,True,62,33,True,104,32,0.8735604882240295,123.60291290283205,-11376378821.769943,2025-11-20 18:40:11
er_4194304_1_6.bin.gz,erdos_renyi,50,SpecAnn,0.9092698463840684,1.0,-1092784116.0,-789721978.0000004,0.2323098182678222,0,True,62,33,True,105,32,0.8688557147979736,117.62230682373048,-10767619782.260786,2025-11-20 18:40:11
er_4194304_1_6.bin.gz,erdos_renyi,50,SpecAnn,0.9135894424145556,1.0,-1095773872.0,-813130725.9999994,0.2327127456665039,0,True,62,33,True,106,32,0.8638848066329956,111.95992279052734,-10190624130.518875,2025-11-20 18:40:11
er_4194304_1_6.bin.gz,erdos_renyi,50,SpecAnn,0.9178887105958816,1.0,-1098895301.9999998,-836981909.9999996,0.2328131198883056,0,True,62,33,True,107,32,0.8586207628250122,106.59719848632812,-9643385634.2759,2025-11-20 18:40:12
er_4194304_1_6.bin.gz,erdos_renyi,50,SpecAnn,0.922167935241408,1.0,-1102771878.0000002,-861503608.0,0.2324166297912597,0,True,62,33,True,108,32,0.8530322909355164,101.5168914794922,-9124018125.918436,2025-11-20 18:40:12
er_4194304_1_6.bin.gz,erdos_renyi,50,SpecAnn,0.92642739409812,1.0,-1106462832.0,-886681824.0000001,0.2322244644165039,0,True,62,33,True,109,32,0.847083568572998,96.70294952392578,-8630745992.711515,2025-11-20 18:40:12
er_4194304_1_6.bin.gz,erdos_renyi,50,SpecAnn,0.9306673585570006,1.0,-1110775986.0,-912270302.0,0.4518415927886963,0,True,62,65,True,110,32,0.8407328724861145,92.14000701904295,-8161850333.071487,2025-11-20 18:40:13
er_4194304_1_6.bin.gz,erdos_renyi,50,SpecAnn,0.9348880938548184,1.0,-1115523302.0,-937373044.0000002,0.4520440101623535,0,True,62,65,True,111,32,0.833930492401123,87.81392669677734,-7715704893.786142,2025-11-20 18:40:13
er_4194304_1_6.bin.gz,erdos_renyi,50,SpecAnn,0.9390898592677528,1.0,-1120424365.9999998,-961806996.0,0.6707377433776855,0,True,62,97,True,112,32,0.8266189098358154,83.71128845214844,-7290741826.107833,2025-11-20 18:40:14
er_4194304_1_6.bin.gz,erdos_renyi,50,SpecAnn,0.9432729082972536,1.0,-1125254958.0,-984031914.0,1.1089465618133545,0,True,62,161,True,113,32,0.8187279105186462,79.81956481933594,-6885433822.7166,2025-11-20 18:40:15
er_4194304_1_6.bin.gz,erdos_renyi,50,SpecAnn,0.9474374888485204,1.0,-1127720732.0,-997383088.0000002,2.4221928119659424,0,True,62,353,True,114,32,0.8101729154586792,76.12700653076172,-6498286132.387301,2025-11-20 18:40:17
er_4194304_1_6.bin.gz,erdos_renyi,50,SpecAnn,0.9515838434019476,1.0,-1121879492.0,-981703034.0,7.0358803272247314,0,True,62,1025,True,115,32,0.8009274005889893,72.6224594116211,-6128390931.156511,2025-11-20 18:40:24
er_4194304_1_6.bin.gz,erdos_renyi,50,SpecAnn,0.9557122091778746,1.0,-1121234242.0,-979306024.0,1.9870452880859373,0,True,62,289,True,116,32,0.7912207245826721,69.29564666748047,-5776781795.179044,2025-11-20 18:40:26
er_4194304_1_6.bin.gz,erdos_renyi,50,SpecAnn,0.9598228182949629,1.0,-1120732174.0,-978557608.0,1.329353094100952,0,True,62,193,True,117,32,0.7810837626457214,66.13667297363281,-5442799178.932286,2025-11-20 18:40:28
er_4194304_1_6.bin.gz,erdos_renyi,50,SpecAnn,0.963915897922488,1.0,-1120704058.0,-978299186.0,0.6708929538726807,0,True,62,97,True,118,32,0.7705015540122986,63.13644409179688,-5125497127.140485,2025-11-20 18:40:28
er_4194304_1_6.bin.gz,erdos_renyi,50,SpecAnn,0.967991670426842,1.0,-1120584284.0,-977991344.0,0.6710727214813232,0,True,62,97,True,119,32,0.7594552040100098,60.28623962402344,-4823949080.275218,2025-11-20 18:40:29
er_4194304_1_6.bin.gz,erdos_renyi,50,SpecAnn,0.9720503535125016,1.0,-1120571056.0,-977817872.0,0.6708664894104004,0,True,62,97,True,120,32,0.7479261755943298,57.57791519165039,-4537295093.55323,2025-11-20 18:40:30
er_4194304_1_6.bin.gz,erdos_renyi,50,SpecAnn,0.9760921603577252,1.0,-1120419573.9999998,-977700012.0,0.4519870281219482,0,True,62,65,True,121,32,0.7358956933021545,55.00387191772461,-4264733332.080916,2025-11-20 18:40:30
er_4194304_1_6.bin.gz,erdos_renyi,50,SpecAnn,0.9801172997452104,1.0,-1120574394.0,-977547928.0,0.67136549949646,0,True,62,97,True,122,32,0.7233437895774841,52.55683517456055,-4005496158.326343,2025-11-20 18:40:31
er_4194304_1_6.bin.gz,erdos_renyi,50,SpecAnn,0.9841259761879442,1.0,-1120468860.0000002,-977247174.0,3.741726875305176,0,True,62,545,True,123,32,0.7102490663528442,50.230072021484375,-3758865876.001021,2025-11-20 18:40:34
er_4194304_1_6.bin.gz,erdos_renyi,50,SpecAnn,0.9881183900504562,1.0,-1120386166.0,-977126076.0,0.6715455055236816,0,True,62,97,True,124,32,0.6965927481651306,48.01711654663086,-3524174325.752195,2025-11-20 18:40:35
er_4194304_1_6.bin.gz,erdos_renyi,50,SpecAnn,0.9920947376656812,1.0,-1120237372.0,-977033504.0,0.4516470432281494,0,True,62,65,True,125,32,0.6823498010635376,45.9119873046875,-3300771934.9994526,2025-11-20 18:40:36
er_4194304_1_6.bin.gz,erdos_renyi,50,SpecAnn,0.9960552114476228,1.0,-1120261049.9999998,-976853532.0,0.6706986427307129,0,True,62,97,True,126,32,0.6674993634223938,43.90899658203125,-3088067079.6170573,2025-11-20 18:40:36
er_4194304_1_6.bin.gz,erdos_renyi,50,SpecAnn,1.0,1.0,-1120148000.0000002,-976790352.0,0.4517469406127929,0,True,62,65,True,127,32,0.6520164608955383,42.00273132324219,-2885482532.015965,2025-11-20 18:40:37
er_4194304_1_6.bin.gz,erdos_renyi,51,SpecAnn,0.0,1.0,-1062579657.9999999,-217351637.99999958,0.3578832149505615,0,True,60,33,True,0,32,0.9994361400604248,4194305.0,-441670075548430.75,2025-11-20 18:41:15
er_4194304_1_6.bin.gz,erdos_renyi,51,SpecAnn,0.08873565094161137,1.0,-1062210918.0000002,-217395111.9999999,0.2318427562713623,0,True,60,33,True,1,32,0.9990590810775757,1504993.75,-158419553827847.0,2025-11-20 18:41:16
er_4194304_1_6.bin.gz,erdos_renyi,51,SpecAnn,0.12549116102763172,1.0,-1062646004.0000001,-217626881.99999976,0.23180890083312988,0,True,60,33,True,2,32,0.9988368153572083,984444.1875,-103602099881841.33,2025-11-20 18:41:16
er_4194304_1_6.bin.gz,erdos_renyi,51,SpecAnn,0.15369465587356798,1.0,-1062801408.0000002,-218070336.0,0.23302102088928223,0,True,60,33,True,3,32,0.9986311197280884,710808.3125,-74789479589961.52,2025-11-20 18:41:16
er_4194304_1_6.bin.gz,erdos_renyi,51,SpecAnn,0.17747130188322274,1.0,-1062564697.9999996,-218691183.99999985,0.23203110694885254,0,True,60,33,True,4,32,0.9984297156333923,540161.0625,-56822938758239.32,2025-11-20 18:41:16
er_4194304_1_6.bin.gz,erdos_renyi,51,SpecAnn,0.19841894753313627,1.0,-1062437733.9999998,-219448372.0000001,0.23229002952575684,0,True,60,33,True,5,32,0.9982278943061829,424118.15625,-44606637206328.82,2025-11-20 18:41:17
er_4194304_1_6.bin.gz,erdos_renyi,51,SpecAnn,0.21735706680066552,1.0,-1062457023.9999998,-220274853.99999982,0.2323288917541504,0,True,60,33,True,6,32,0.9980230927467346,340825.625,-35838988824300.805,2025-11-20 18:41:17
er_4194304_1_6.bin.gz,erdos_renyi,51,SpecAnn,0.23477246481693817,1.0,-1062197164.0000002,-221086547.99999985,0.23192143440246582,0,True,60,33,True,7,32,0.9978139400482178,278751.375,-29305524794501.117,2025-11-20 18:41:17
er_4194304_1_6.bin.gz,erdos_renyi,51,SpecAnn,0.25098232205526344,1.0,-1062621771.9999999,-221984119.99999955,0.23186397552490234,0,True,60,33,True,8,32,0.9975994229316711,231179.828125,-24299035944238.543,2025-11-20 18:41:17
er_4194304_1_6.bin.gz,erdos_renyi,51,SpecAnn,0.26620695282483414,1.0,-1062665662.0,-222876155.99999976,0.2328329086303711,0,True,60,33,True,9,32,0.9973788857460022,193921.375,-20378338392268.99,2025-11-20 18:41:18
er_4194304_1_6.bin.gz,erdos_renyi,51,SpecAnn,0.28060676663315687,1.0,-1062398059.9999998,-223790815.99999967,0.23198294639587402,0,True,60,33,True,10,32,0.9971514940261841,164225.09375,-17253753156688.078,2025-11-20 18:41:18
er_4194304_1_6.bin.gz,erdos_renyi,51,SpecAnn,0.2943028597012718,1.0,-1062651415.9999999,-224779122.00000027,0.23218393325805664,0,True,60,33,True,11,32,0.9969170689582825,140211.609375,-14727394620205.633,2025-11-20 18:41:18
er_4194304_1_6.bin.gz,erdos_renyi,51,SpecAnn,0.30738931174713596,1.0,-1062442618.0000001,-225714480.00000036,0.23210525512695312,0,True,60,33,True,12,32,0.9966749548912048,120555.453125,-12659697329227.941,2025-11-20 18:41:18
er_4194304_1_6.bin.gz,erdos_renyi,51,SpecAnn,0.31994093943165425,1.0,-1062182749.9999998,-226787464.00000018,0.23231244087219238,0,True,60,33,True,13,32,0.9964249134063721,104297.328125,-10949661112342.492,2025-11-20 18:41:18
er_4194304_1_6.bin.gz,erdos_renyi,51,SpecAnn,0.3320184038158743,1.0,-1062581938.0000001,-227913730.0000002,0.23226118087768555,0,True,60,33,True,14,32,0.9961665272712708,90727.3359375,-9522544724324.55,2025-11-20 18:41:19
er_4194304_1_6.bin.gz,erdos_renyi,51,SpecAnn,0.34367169831173533,1.0,-1062696054.0000002,-229058362.00000027,0.23191022872924805,0,True,60,33,True,15,32,0.995899498462677,79310.6171875,-8322039271436.507,2025-11-20 18:41:19
er_4194304_1_6.bin.gz,erdos_renyi,51,SpecAnn,0.3549426037664455,1.0,-1062797778.0,-230169142.00000018,0.23275375366210938,0,True,60,33,True,16,32,0.9956236481666565,69637.484375,-7305016398531.622,2025-11-20 18:41:19
er_4194304_1_6.bin.gz,erdos_renyi,51,SpecAnn,0.3658664615902029,1.0,-1062830739.9999998,-231385704.00000027,0.23203730583190918,0,True,60,33,True,17,32,0.9953383803367615,61389.7578125,-6437979486966.052,2025-11-20 18:41:19
er_4194304_1_6.bin.gz,erdos_renyi,51,SpecAnn,0.37647348308289513,1.0,-1062612158.0000002,-232640988.00000033,0.23222637176513672,0,True,60,33,True,18,32,0.9950436353683472,54317.31640625,-5694601641428.899,2025-11-20 18:41:20
er_4194304_1_6.bin.gz,erdos_renyi,51,SpecAnn,0.38678973514378384,1.0,-1062331290.0000001,-233953482.0000004,0.23204350471496582,0,True,60,33,True,19,32,0.9947391748428345,48221.375,-5053959172206.136,2025-11-20 18:41:20
er_4194304_1_6.bin.gz,erdos_renyi,51,SpecAnn,0.39683789506627254,1.0,-1062662320.0,-235271839.99999997,0.23216009140014648,0,True,60,33,True,20,32,0.9944244623184204,42942.37109375,-4499256342240.033,2025-11-20 18:41:20
er_4194304_1_6.bin.gz,erdos_renyi,51,SpecAnn,0.4066378372811136,1.0,-1062772752.0000001,-236608345.99999997,0.23215389251708984,0,True,60,33,True,21,32,0.9940994381904602,38351.08984375,-4016894782624.414,2025-11-20 18:41:20
er_4194304_1_6.bin.gz,erdos_renyi,51,SpecAnn,0.41620709563472474,1.0,-1062415126.0,-238010598.00000033,0.23225665092468262,0,True,60,33,True,22,32,0.9937636852264404,34342.10546875,-3595778718874.5054,2025-11-20 18:41:21
er_4194304_1_6.bin.gz,erdos_renyi,51,SpecAnn,0.4255612320274539,1.0,-1063261228.0000001,-239418872.00000003,0.2321186065673828,0,True,60,33,True,23,32,0.9934170246124268,30828.724609375,-3226785333882.8433,2025-11-20 18:41:21
er_4194304_1_6.bin.gz,erdos_renyi,51,SpecAnn,0.43471413360133104,1.0,-1062716252.0,-240895997.99999964,0.23207426071166992,0,True,60,33,True,24,32,0.9930590987205505,27739.1875,-2902363132391.47,2025-11-20 18:41:21
er_4194304_1_6.bin.gz,erdos_renyi,51,SpecAnn,0.4436782547080569,1.0,-1063104406.0000002,-242384822.0000004,0.232391357421875,0,True,60,33,True,25,32,0.9926896691322327,25013.771484375,-2616228051528.2705,2025-11-20 18:41:21
er_4194304_1_6.bin.gz,erdos_renyi,51,SpecAnn,0.45246481570263436,1.0,-1062769085.9999996,-243886067.99999964,0.2326352596282959,0,True,60,33,True,26,32,0.9923083186149597,22602.45703125,-2363116878259.105,2025-11-20 18:41:22
er_4194304_1_6.bin.gz,erdos_renyi,51,SpecAnn,0.46108396762070397,1.0,-1062918769.9999998,-245549011.9999997,0.23246431350708008,0,True,60,33,True,27,32,0.9919149279594421,20463.12890625,-2138599121331.4143,2025-11-20 18:41:22
er_4194304_1_6.bin.gz,erdos_renyi,51,SpecAnn,0.46954492963387634,1.0,-1062845119.9999996,-247139633.99999952,0.23203325271606445,0,True,60,33,True,28,32,0.9915090203285217,18560.1875,-1938929179649.1594,2025-11-20 18:41:22
er_4194304_1_6.bin.gz,erdos_renyi,51,SpecAnn,0.4778561045889373,1.0,-1063167514.0000004,-248751549.99999937,0.23222661018371582,0,True,60,33,True,29,32,0.9910904765129089,16863.36328125,-1760923205476.716,2025-11-20 18:41:22
er_4194304_1_6.bin.gz,erdos_renyi,51,SpecAnn,0.48602517675625084,1.0,-1063268556.0000001,-250516943.99999958,0.23269391059875488,0,True,60,33,True,30,32,0.9906588196754456,15346.845703125,-1601865894203.149,2025-11-20 18:41:22
er_4194304_1_6.bin.gz,erdos_renyi,51,SpecAnn,0.4940591950252281,1.0,-1063340082.0000001,-252308363.99999955,0.2324082851409912,0,True,60,33,True,31,32,0.9902136921882629,13988.51953125,-1459431106100.009,2025-11-20 18:41:23
er_4194304_1_6.bin.gz,erdos_renyi,51,SpecAnn,0.5019646441105269,1.0,-1062995816.0,-254146251.9999996,0.23227524757385254,0,True,60,33,True,32,32,0.9897549152374268,12769.3798828125,-1331620253747.864,2025-11-20 18:41:23
er_4194304_1_6.bin.gz,erdos_renyi,51,SpecAnn,0.5097475058154177,1.0,-1063254070.0,-256020807.99999994,0.23195385932922363,0,True,60,33,True,33,32,0.9892822504043579,11673.0107421875,-1216707037282.1013,2025-11-20 18:41:23
er_4194304_1_6.bin.gz,erdos_renyi,51,SpecAnn,0.51741331199832,1.0,-1063357570.0000001,-258023722.00000006,0.23270797729492188,0,True,60,33,True,34,32,0.9887951016426086,10685.2216796875,-1113198879815.7769,2025-11-20 18:41:23
er_4194304_1_6.bin.gz,erdos_renyi,51,SpecAnn,0.5249671905758515,1.0,-1063333152.0000001,-260040364.0000002,0.2326185703277588,0,True,60,33,True,35,32,0.9882932305335999,9793.681640625,-1019799326411.3265,2025-11-20 18:41:24
er_4194304_1_6.bin.gz,erdos_renyi,51,SpecAnn,0.5324139056496683,1.0,-1063783774.0000001,-262143912.00000054,0.23221302032470703,0,True,60,33,True,36,32,0.9877763390541077,8987.6552734375,-935379705790.2241,2025-11-20 18:41:24
er_4194304_1_6.bin.gz,erdos_renyi,51,SpecAnn,0.5397578926492556,1.0,-1062676262.0000002,-264300646.00000042,0.232025146484375,0,True,60,33,True,37,32,0.9872439503669739,8257.759765625,-858953479101.6586,2025-11-20 18:41:24
er_4194304_1_6.bin.gz,erdos_renyi,51,SpecAnn,0.5470032892270364,1.0,-1064054897.9999998,-266490354.00000015,0.23234868049621582,0,True,60,33,True,38,32,0.9866958260536194,7595.79736328125,-789658980990.1042,2025-11-20 18:41:24
er_4194304_1_6.bin.gz,erdos_renyi,51,SpecAnn,0.554153962516942,1.0,-1063792626.0,-268727822.0000004,0.2324528694152832,0,True,60,33,True,39,32,0.986131489276886,6994.54833984375,-726737249085.5317,2025-11-20 18:41:25
er_4194304_1_6.bin.gz,erdos_renyi,51,SpecAnn,0.5612135332663137,1.0,-1063738149.9999999,-271165874.0000001,0.2323141098022461,0,True,60,33,True,40,32,0.9855506420135498,6447.6806640625,-669522818020.268,2025-11-20 18:41:25
er_4194304_1_6.bin.gz,erdos_renyi,51,SpecAnn,0.5681853972686127,1.0,-1063607070.0000001,-273645704.0000006,0.23203468322753906,0,True,60,33,True,41,32,0.9849528074264526,5949.6015625,-617427860743.1824,2025-11-20 18:41:25
er_4194304_1_6.bin.gz,erdos_renyi,51,SpecAnn,0.5750727444570146,1.0,-1063753250.0,-276129068.0000009,0.2321784496307373,0,True,60,33,True,42,32,0.9843375086784363,5495.36328125,-569932416886.4205,2025-11-20 18:41:25
er_4194304_1_6.bin.gz,erdos_renyi,51,SpecAnn,0.5818785759635375,1.0,-1063723776.0000001,-278697776.0000007,0.2323160171508789,0,True,60,33,True,43,32,0.9837045073509216,5080.5927734375,-526577096089.06354,2025-11-20 18:41:25
er_4194304_1_6.bin.gz,erdos_renyi,51,SpecAnn,0.5886057194025436,1.0,-1063649734.0000002,-281336502.0000008,0.23228693008422852,0,True,60,33,True,44,32,0.9830532670021057,4701.40673828125,-486953838925.38965,2025-11-20 18:41:26
er_4194304_1_6.bin.gz,erdos_renyi,51,SpecAnn,0.5952568425994088,1.0,-1063952041.9999999,-283998342.00000054,0.23247122764587402,0,True,60,33,True,45,32,0.9823833107948303,4354.34375,-450699010534.02026,2025-11-20 18:41:26
er_4194304_1_6.bin.gz,erdos_renyi,51,SpecAnn,0.6018344659534288,1.0,-1064002972.0,-286838448.0000005,0.23210382461547852,0,True,60,33,True,46,32,0.9816943407058716,4036.333251953125,-417490137806.99634,2025-11-20 18:41:26
er_4194304_1_6.bin.gz,erdos_renyi,51,SpecAnn,0.6083409735974393,1.0,-1063886712.0,-289681426.00000036,0.2326667308807373,0,True,60,33,True,47,32,0.9809856414794922,3744.627685546875,-387038539606.56445,2025-11-20 18:41:26
er_4194304_1_6.bin.gz,erdos_renyi,51,SpecAnn,0.6147786234942719,1.0,-1064132326.0,-292744618.00000036,0.2323920726776123,0,True,60,33,True,48,32,0.9802569150924683,3476.771728515625,-359086443696.2503,2025-11-20 18:41:27
er_4194304_1_6.bin.gz,erdos_renyi,51,SpecAnn,0.6211495565912796,1.0,-1064302022.0,-295785634.0000003,0.23219609260559082,0,True,60,33,True,49,32,0.9795076847076416,3230.57080078125,-333403403320.1052,2025-11-20 18:41:27
er_4194304_1_6.bin.gz,erdos_renyi,51,SpecAnn,0.6274558051381586,1.0,-1064434707.9999999,-298998791.99999976,0.23192262649536133,0,True,60,33,True,50,32,0.9787372350692749,3004.04931640625,-309781933920.4428,2025-11-20 18:41:27
er_4194304_1_6.bin.gz,erdos_renyi,51,SpecAnn,0.6336993002596786,1.0,-1064369066.0000002,-302148317.9999996,0.23285341262817383,0,True,60,33,True,51,32,0.9779452085494995,2795.44287109375,-288036856209.33374,2025-11-20 18:41:27
er_4194304_1_6.bin.gz,erdos_renyi,51,SpecAnn,0.6398818788633085,1.0,-1064328912.0,-305464651.9999998,0.2324213981628418,0,True,60,33,True,52,32,0.9771310091018677,2603.157958984375,-268000889374.1256,2025-11-20 18:41:28
er_4194304_1_6.bin.gz,erdos_renyi,51,SpecAnn,0.6460052899517691,1.0,-1064497320.0000001,-308888597.9999993,0.23229360580444336,0,True,60,33,True,53,32,0.9762941002845764,2425.759521484375,-249523427486.713,2025-11-20 18:41:28
er_4194304_1_6.bin.gz,erdos_renyi,51,SpecAnn,0.6520712004019966,1.0,-1064763208.0,-312405401.99999976,0.23249483108520508,0,True,60,33,True,54,32,0.975433886051178,2261.95703125,-232469031918.24484,2025-11-20 18:41:28
er_4194304_1_6.bin.gz,erdos_renyi,51,SpecAnn,0.6580812002646271,1.0,-1064644474.0,-316049331.9999997,0.23226213455200195,0,True,60,33,True,55,32,0.9745495915412903,2110.58203125,-216715062718.4445,2025-11-20 18:41:28
er_4194304_1_6.bin.gz,erdos_renyi,51,SpecAnn,0.6640368076317485,1.0,-1065330370.0000002,-319739235.9999998,0.2329254150390625,0,True,60,33,True,56,32,0.9736408591270447,1970.5782470703125,-202150766763.04074,2025-11-20 18:41:28
er_4194304_1_6.bin.gz,erdos_renyi,51,SpecAnn,0.6699394731151429,1.0,-1065362326.0000002,-323570355.99999994,0.23215651512145996,0,True,60,33,True,57,32,0.9727067947387695,1840.99169921875,-188676016145.32764,2025-11-20 18:41:29
er_4194304_1_6.bin.gz,erdos_renyi,51,SpecAnn,0.6757905839724513,1.0,-1064500641.9999999,-327393135.99999994,0.23212051391601562,0,True,60,33,True,58,32,0.9717468619346619,1720.9541015625,-176199776108.42496,2025-11-20 18:41:29
er_4194304_1_6.bin.gz,erdos_renyi,51,SpecAnn,0.6815914679145113,1.0,-1065398324.0000001,-331441832.0000001,0.2324812412261963,0,True,60,33,True,59,32,0.9707602262496948,1609.6820068359375,-164639857457.34216,2025-11-20 18:41:29
er_4194304_1_6.bin.gz,erdos_renyi,51,SpecAnn,0.6873433966234707,1.0,-1065540696.0000001,-335597078.0000002,0.23239493370056152,0,True,60,33,True,60,32,0.9697464108467102,1506.45849609375,-153921139437.5118,2025-11-20 18:41:29
er_4194304_1_6.bin.gz,erdos_renyi,51,SpecAnn,0.6930475890080863,1.0,-1065644266.0000002,-339899937.99999994,0.23235464096069336,0,True,60,33,True,61,32,0.9687042832374573,1410.6365966796875,-143975728418.9164,2025-11-20 18:41:30
er_4194304_1_6.bin.gz,erdos_renyi,51,SpecAnn,0.6987052142198116,1.0,-1065698707.9999998,-344154126.0,0.23218631744384766,0,True,60,33,True,62,32,0.9676332473754883,1321.62353515625,-134741526631.26604,2025-11-20 18:41:30
er_4194304_1_6.bin.gz,erdos_renyi,51,SpecAnn,0.7043173944508145,1.0,-1065786762.0000002,-348677692.0000002,0.23291587829589844,0,True,60,33,True,63,32,0.9665325284004211,1238.880859375,-126162107619.41241,2025-11-20 18:41:30
er_4194304_1_6.bin.gz,erdos_renyi,51,SpecAnn,0.709885207532891,1.0,-1066335945.9999999,-353324020.00000054,0.23284459114074707,0,True,60,33,True,64,32,0.9654010534286499,1161.91748046875,-118185982951.44922,2025-11-20 18:41:30
er_4194304_1_6.bin.gz,erdos_renyi,51,SpecAnn,0.7154096893543218,1.0,-1065816560.0000004,-358054014.0000001,0.23177099227905273,0,True,60,33,True,65,32,0.9642381072044373,1090.28369140625,-110766064260.97229,2025-11-20 18:41:31
er_4194304_1_6.bin.gz,erdos_renyi,51,SpecAnn,0.7208918361100219,1.0,-1066377271.9999998,-362906039.99999976,0.23212409019470215,0,True,60,33,True,66,32,0.9630426168441772,1023.5703735351562,-103859476889.31635,2025-11-20 18:41:31
er_4194304_1_6.bin.gz,erdos_renyi,51,SpecAnn,0.7263326063988248,1.0,-1066440561.9999998,-367934887.9999999,0.23245978355407715,0,True,60,33,True,67,32,0.9618135690689087,961.4017944335938,-97426868982.85632,2025-11-20 18:41:31
er_4194304_1_6.bin.gz,erdos_renyi,51,SpecAnn,0.7317329231804058,1.0,-1066778488.0000001,-373042876.00000006,0.23257088661193848,0,True,60,33,True,68,32,0.9605498909950256,903.4345703125,-91432280016.09341,2025-11-20 18:41:31
er_4194304_1_6.bin.gz,erdos_renyi,51,SpecAnn,0.7370936756031579,1.0,-1066494236.0,-378412368.00000024,0.23255348205566406,0,True,60,33,True,69,32,0.9592506289482117,849.3533935546875,-85842713374.66516,2025-11-20 18:41:31
er_4194304_1_6.bin.gz,erdos_renyi,51,SpecAnn,0.7424157207132704,1.0,-1067226136.0000001,-383961658.00000006,0.23204302787780762,0,True,60,33,True,70,32,0.9579142332077026,798.8701171875,-80627968984.93874,2025-11-20 18:41:32
er_4194304_1_6.bin.gz,erdos_renyi,51,SpecAnn,0.7476998850543153,1.0,-1066958848.0000004,-389733356.0000001,0.2325427532196045,0,True,60,33,True,71,32,0.9565399885177612,751.7196044921875,-75760341715.02698,2025-11-20 18:41:32
er_4194304_1_6.bin.gz,erdos_renyi,51,SpecAnn,0.7529469661657903,1.0,-1067296550.0000002,-395616052.00000006,0.231950044631958,0,True,60,33,True,72,32,0.955126166343689,707.6575927734375,-71214237973.8037,2025-11-20 18:41:32
er_4194304_1_6.bin.gz,erdos_renyi,51,SpecAnn,0.7581577339883167,1.0,-1067294015.9999999,-401518253.9999999,0.2331221103668213,0,True,60,33,True,73,32,0.9536716938018799,666.461181640625,-66966356249.449844,2025-11-20 18:41:32
er_4194304_1_6.bin.gz,erdos_renyi,51,SpecAnn,0.7633329321824984,1.0,-1067359499.9999996,-407874414.00000054,0.23247075080871582,0,True,60,33,True,74,32,0.9521749019622803,627.9239501953125,-62995089276.52905,2025-11-20 18:41:33
er_4194304_1_6.bin.gz,erdos_renyi,51,SpecAnn,0.7684732793678399,1.0,-1067582381.9999998,-414269270.0000005,0.23247957229614258,0,True,60,33,True,75,32,0.9506343603134155,591.8560791015625,-59280592823.08604,2025-11-20 18:41:33
er_4194304_1_6.bin.gz,erdos_renyi,51,SpecAnn,0.7735794702875677,1.0,-1068362853.9999999,-420944572.0,0.23240160942077637,0,True,60,33,True,76,32,0.9490483403205872,558.0829467773438,-55804600550.40894,2025-11-20 18:41:33
er_4194304_1_6.bin.gz,erdos_renyi,51,SpecAnn,0.7786521769046981,1.0,-1067863481.9999998,-427750451.99999976,0.2326047420501709,0,True,60,33,True,77,32,0.9474151730537415,526.4434814453125,-52550276561.4837,2025-11-20 18:41:33
er_4194304_1_6.bin.gz,erdos_renyi,51,SpecAnn,0.7836920494342511,1.0,-1068328620.0000002,-434835598.00000036,0.23199176788330078,0,True,60,33,True,78,32,0.9457330703735352,496.7890930175781,-49502091177.49584,2025-11-20 18:41:34
er_4194304_1_6.bin.gz,erdos_renyi,51,SpecAnn,0.788699717316095,1.0,-1068933772.0,-442015681.9999999,0.23239398002624512,0,True,60,33,True,79,32,0.9439999461174011,468.98223876953125,-46645664328.9594,2025-11-20 18:41:34
er_4194304_1_6.bin.gz,erdos_renyi,51,SpecAnn,0.7936757901325451,1.0,-1068496401.9999999,-449584841.9999997,0.23262691497802734,0,True,60,33,True,80,32,0.9422138929367065,442.89654541015625,-43967797831.6577,2025-11-20 18:41:34
er_4194304_1_6.bin.gz,erdos_renyi,51,SpecAnn,0.7986208584745024,1.0,-1069471751.9999999,-457507919.9999999,0.23236322402954102,0,True,60,33,True,81,32,0.9403724670410156,418.4139404296875,-41456150124.59128,2025-11-20 18:41:34
er_4194304_1_6.bin.gz,erdos_renyi,51,SpecAnn,0.803535494759617,1.0,-1069465720.0000002,-465428658.00000066,0.23234772682189941,0,True,60,33,True,82,32,0.9384732842445374,395.42657470703125,-39099453249.82092,2025-11-20 18:41:35
er_4194304_1_6.bin.gz,erdos_renyi,51,SpecAnn,0.8084202540056837,1.0,-1069736792.0,-473654607.99999964,0.2323627471923828,0,True,60,33,True,83,32,0.9365139007568359,373.8339538574219,-36887216932.82421,2025-11-20 18:41:35
er_4194304_1_6.bin.gz,erdos_renyi,51,SpecAnn,0.8132756745622272,1.0,-1070549036.0000002,-482196041.99999994,0.2323911190032959,0,True,60,33,True,84,32,0.9344913959503174,353.54254150390625,-34809669860.155495,2025-11-20 18:41:35
er_4194304_1_6.bin.gz,erdos_renyi,51,SpecAnn,0.8181022788030096,1.0,-1070809262.0000004,-491251959.99999976,0.23274564743041992,0,True,60,33,True,85,32,0.9324029684066772,334.4666442871094,-32857867810.524834,2025-11-20 18:41:35
er_4194304_1_6.bin.gz,erdos_renyi,51,SpecAnn,0.822900573781978,1.0,-1070784160.0000001,-500611400.0000002,0.23197388648986816,0,True,60,33,True,86,32,0.9302452802658081,316.5260925292969,-31023436929.05851,2025-11-20 18:41:35
er_4194304_1_6.bin.gz,erdos_renyi,51,SpecAnn,0.8276710518549868,1.0,-1071584524.0,-510310344.0000003,0.232316255569458,0,True,60,33,True,87,32,0.9280150532722473,299.6467590332031,-29298644174.194126,2025-11-20 18:41:36
er_4194304_1_6.bin.gz,erdos_renyi,51,SpecAnn,0.8324141912694495,1.0,-1071888894.0,-520555980.00000006,0.23296308517456055,0,True,60,33,True,88,32,0.9257083535194397,283.759521484375,-27676269031.393833,2025-11-20 18:41:36
er_4194304_1_6.bin.gz,erdos_renyi,51,SpecAnn,0.8371304567239225,1.0,-1072570225.9999999,-531258643.99999964,0.23215055465698242,0,True,60,33,True,89,32,0.9233213067054749,268.80078125,-26149675374.499844,2025-11-20 18:41:36
er_4194304_1_6.bin.gz,erdos_renyi,51,SpecAnn,0.8418202998994706,1.0,-1072900882.0000001,-542317136.0000006,0.23248600959777832,0,True,60,33,True,90,32,0.9208493232727051,254.7106170654297,-24712605647.023083,2025-11-20 18:41:36
er_4194304_1_6.bin.gz,erdos_renyi,51,SpecAnn,0.846484159964536,1.0,-1073844920.0000002,-553879494.0,0.2321763038635254,0,True,60,33,True,91,32,0.9182877540588379,241.43394470214844,-23359311639.45021,2025-11-20 18:41:37
er_4194304_1_6.bin.gz,erdos_renyi,51,SpecAnn,0.8511224640549078,1.0,-1074361536.0,-566211902.0,0.23248767852783203,0,True,60,33,True,92,32,0.9156314134597778,228.91952514648438,-22084442382.606922,2025-11-20 18:41:37
er_4194304_1_6.bin.gz,erdos_renyi,51,SpecAnn,0.8557356277302758,1.0,-1075677343.9999998,-578898917.9999993,0.2323455810546875,0,True,60,33,True,93,32,0.9128745794296265,217.1190948486328,-20882959731.995872,2025-11-20 18:41:37
er_4194304_1_6.bin.gz,erdos_renyi,51,SpecAnn,0.8603240554087516,1.0,-1076061370.0,-592089707.9999994,0.23236966133117676,0,True,60,33,True,94,32,0.9100109338760376,205.988037109375,-19750201339.14299,2025-11-20 18:41:37
er_4194304_1_6.bin.gz,erdos_renyi,51,SpecAnn,0.86488814078064,1.0,-1076791365.9999995,-606008937.9999998,0.23244905471801758,0,True,60,33,True,95,32,0.9070336818695068,195.48516845703125,-18681861370.676537,2025-11-20 18:41:38
er_4194304_1_6.bin.gz,erdos_renyi,51,SpecAnn,0.8694282672026621,1.0,-1078014992.0,-620810925.9999999,0.23209357261657715,0,True,60,33,True,96,32,0.9039351940155029,185.5714111328125,-17673854835.36994,2025-11-20 18:41:38
er_4194304_1_6.bin.gz,erdos_renyi,51,SpecAnn,0.8739448080737451,1.0,-1078868471.9999998,-636277062.0,0.23193979263305664,0,True,60,33,True,97,32,0.9007073640823364,176.21075439453125,-16722416716.681692,2025-11-20 18:41:38
er_4194304_1_6.bin.gz,erdos_renyi,51,SpecAnn,0.878438127193422,1.0,-1080537156.0,-652357770.0000002,0.2325267791748047,0,True,60,33,True,98,32,0.897340714931488,167.36949157714844,-15824011429.855457,2025-11-20 18:41:38
er_4194304_1_6.bin.gz,erdos_renyi,51,SpecAnn,0.8829085791038153,1.0,-1081358706.0,-669352445.9999995,0.23256278038024902,0,True,60,33,True,99,32,0.8938249945640564,159.01602172851562,-14975326389.617727,2025-11-20 18:41:38
er_4194304_1_6.bin.gz,erdos_renyi,51,SpecAnn,0.8873565094161138,1.0,-1082832710.0000002,-687075944.0000002,0.23220038414001465,0,True,60,33,True,100,32,0.890148937702179,151.1210479736328,-14173286047.059507,2025-11-20 18:41:39
er_4194304_1_6.bin.gz,erdos_renyi,51,SpecAnn,0.8917822551223932,1.0,-1084058450.0000002,-705926264.0000004,0.23192739486694336,0,True,60,33,True,101,32,0.886299729347229,143.65707397460938,-13414996101.565332,2025-11-20 18:41:39
er_4194304_1_6.bin.gz,erdos_renyi,51,SpecAnn,0.8961861448935777,1.0,-1086023968.0,-725539345.9999998,0.23250770568847656,0,True,60,33,True,102,32,0.8822631239891052,136.5984649658203,-12697752684.694952,2025-11-20 18:41:39
er_4194304_1_6.bin.gz,erdos_renyi,51,SpecAnn,0.9005684993642872,1.0,-1088212666.0000002,-746063770.0000001,0.23236727714538574,0,True,60,33,True,103,32,0.8780227899551392,129.92123413085938,-12019014070.66147,2025-11-20 18:41:39
er_4194304_1_6.bin.gz,erdos_renyi,51,SpecAnn,0.9049296314052687,1.0,-1090368850.0,-767446100.0000001,0.23230719566345215,0,True,60,33,True,104,32,0.8735605478286743,123.60276794433594,-11376380940.591642,2025-11-20 18:41:40
er_4194304_1_6.bin.gz,erdos_renyi,51,SpecAnn,0.9092698463840683,1.0,-1093021872.0000002,-789722280.0000002,0.2321338653564453,0,True,60,33,True,105,32,0.8688557744026184,117.62216186523438,-10767621149.598545,2025-11-20 18:41:40
er_4194304_1_6.bin.gz,erdos_renyi,51,SpecAnn,0.9135894424145555,1.0,-1095822048.0000002,-813130356.0000004,0.23286700248718262,0,True,60,33,True,106,32,0.8638849258422852,111.95978546142578,-10190626190.979332,2025-11-20 18:41:40
er_4194304_1_6.bin.gz,erdos_renyi,51,SpecAnn,0.9178887105958816,1.0,-1098746093.9999998,-836981435.9999998,0.23250913619995117,0,True,60,33,True,107,32,0.8586207628250122,106.59706115722656,-9643385658.305647,2025-11-20 18:41:40
er_4194304_1_6.bin.gz,erdos_renyi,51,SpecAnn,0.9221679352414079,1.0,-1102647601.9999998,-861503607.9999998,0.23239779472351074,0,True,60,33,True,108,32,0.8530323505401611,101.51676940917969,-9124019569.357107,2025-11-20 18:41:41
er_4194304_1_6.bin.gz,erdos_renyi,51,SpecAnn,0.9264273940981199,1.0,-1106461310.0,-886681113.9999999,0.2320079803466797,0,True,60,33,True,109,32,0.8470836281776428,96.70283508300781,-8630747526.640985,2025-11-20 18:41:41
er_4194304_1_6.bin.gz,erdos_renyi,51,SpecAnn,0.9306673585570006,1.0,-1110617144.0000002,-912271543.9999998,0.4517989158630371,0,True,60,65,True,110,32,0.8407329320907593,92.13990020751953,-8161851985.493054,2025-11-20 18:41:41
er_4194304_1_6.bin.gz,erdos_renyi,51,SpecAnn,0.9348880938548185,1.0,-1115422795.9999998,-937375012.0000002,0.4514622688293457,0,True,60,65,True,111,32,0.833930492401123,87.81381225585938,-7715704797.884339,2025-11-20 18:41:42
er_4194304_1_6.bin.gz,erdos_renyi,51,SpecAnn,0.9390898592677527,1.0,-1120441516.0,-961805582.0,0.669919490814209,0,True,60,97,True,112,32,0.8266189694404602,83.71118927001953,-7290743124.486947,2025-11-20 18:41:42
er_4194304_1_6.bin.gz,erdos_renyi,51,SpecAnn,0.9432729082972536,1.0,-1125255022.0,-984031077.9999999,1.1094629764556885,0,True,60,161,True,113,32,0.8187279105186462,79.81947326660156,-6885434812.809,2025-11-20 18:41:43
er_4194304_1_6.bin.gz,erdos_renyi,51,SpecAnn,0.9474374888485205,1.0,-1127665985.9999998,-997390080.0,2.4262855052948,0,True,60,353,True,114,32,0.8101732730865479,76.12690734863281,-6498288922.504758,2025-11-20 18:41:46
er_4194304_1_6.bin.gz,erdos_renyi,51,SpecAnn,0.9515838434019475,1.0,-1121855596.0,-981678146.0,7.022061347961426,0,True,60,1025,True,115,32,0.8009269833564758,72.62237548828125,-6128388567.087869,2025-11-20 18:41:53
er_4194304_1_6.bin.gz,erdos_renyi,51,SpecAnn,0.9557122091778746,1.0,-1121000776.0,-979334916.0000002,1.9853723049163818,0,True,60,289,True,116,32,0.7912206649780273,69.29556274414062,-5776781820.410208,2025-11-20 18:41:55
er_4194304_1_6.bin.gz,erdos_renyi,51,SpecAnn,0.9598228182949627,1.0,-1120943720.0,-978685460.0000001,0.8895962238311768,0,True,60,129,True,117,32,0.7810840606689453,66.13660430908203,-5442802630.3227825,2025-11-20 18:41:56
er_4194304_1_6.bin.gz,erdos_renyi,51,SpecAnn,0.9639158979224881,1.0,-1120590104.0,-978214652.0,1.1083183288574219,0,True,60,161,True,118,32,0.7705014944076538,63.13637161254883,-5125497462.630561,2025-11-20 18:41:57
er_4194304_1_6.bin.gz,erdos_renyi,51,SpecAnn,0.9679916704268421,1.0,-1120622874.0,-978053716.0,1.1093823909759521,0,True,60,161,True,119,32,0.7594552040100098,60.28616714477539,-4823949507.384616,2025-11-20 18:41:58
er_4194304_1_6.bin.gz,erdos_renyi,51,SpecAnn,0.9720503535125017,1.0,-1120576302.0,-977921765.9999999,0.45209383964538574,0,True,60,65,True,120,32,0.7479262948036194,57.57784652709961,-4537296262.485795,2025-11-20 18:41:58
er_4194304_1_6.bin.gz,erdos_renyi,51,SpecAnn,0.9760921603577252,1.0,-1120376778.0,-977708742.0,0.6705348491668701,0,True,60,97,True,121,32,0.7358958721160889,55.00380325317383,-4264734549.324967,2025-11-20 18:41:59
er_4194304_1_6.bin.gz,erdos_renyi,51,SpecAnn,0.9801172997452103,1.0,-1120598792.0,-977546876.0000004,0.6710720062255859,0,True,60,97,True,122,32,0.7233437299728394,52.55677032470703,-4005496056.1469083,2025-11-20 18:42:00
er_4194304_1_6.bin.gz,erdos_renyi,51,SpecAnn,0.9841259761879442,1.0,-1120645408.0,-977491704.0000001,0.6706233024597168,0,True,60,97,True,123,32,0.7102499008178711,50.230010986328125,-3758870576.726734,2025-11-20 18:42:00
er_4194304_1_6.bin.gz,erdos_renyi,51,SpecAnn,0.9881183900504562,1.0,-1120448106.0,-977291024.0,1.1097862720489502,0,True,60,161,True,124,32,0.6965925097465515,48.017059326171875,-3524173468.882281,2025-11-20 18:42:02
er_4194304_1_6.bin.gz,erdos_renyi,51,SpecAnn,0.9920947376656813,1.0,-1120485278.0,-977201129.9999999,0.4517991542816162,0,True,60,65,True,125,32,0.6823501586914062,45.91192626953125,-3300773537.5524616,2025-11-20 18:42:02
er_4194304_1_6.bin.gz,erdos_renyi,51,SpecAnn,0.9960552114476228,1.0,-1120337294.0,-977128992.0000001,0.6702792644500732,0,True,60,97,True,126,32,0.667499303817749,43.908939361572266,-3088066765.670218,2025-11-20 18:42:03
er_4194304_1_6.bin.gz,erdos_renyi,51,SpecAnn,1.0,1.0,-1120234854.0000002,-976902582.0,0.670975923538208,0,True,60,97,True,127,32,0.6520166397094727,42.00267791748047,-2885483379.0658746,2025-11-20 18:42:03
