instance_name,dataset,seed,solver_name,alpha,beta,energy,raw_energy,time,mode,use_local_search,local_search_iterations,eigsh_iterations,warm_start,alpha_index,precision,lambda1,degree_scale,energy_bound,timestamp
er_4194304_1_7.bin.gz,erdos_renyi,42,SpecAnn,0.0,1.0,-1062524459.0,-216432517.0,0.362628698348999,0,True,58,33,True,0,32,0.9994361400604248,4194305.0,-441601126519320.0,2025-11-20 18:45:27
er_4194304_1_7.bin.gz,erdos_renyi,42,SpecAnn,0.0887356509416113,1.0,-1062030601.0,-216475748.99999976,0.2300403118133545,0,True,58,33,True,1,32,0.9990590810775756,1505011.0,-158396638478657.38,2025-11-20 18:45:27
er_4194304_1_7.bin.gz,erdos_renyi,42,SpecAnn,0.1254911610276317,1.0,-1062803385.0,-216718280.99999952,0.2299776077270507,0,True,58,33,True,2,32,0.9988367557525636,984460.25,-103587610537251.94,2025-11-20 18:45:27
er_4194304_1_7.bin.gz,erdos_renyi,42,SpecAnn,0.1536946558735679,1.0,-1062678427.0,-217162262.9999996,0.2298521995544433,0,True,58,33,True,3,32,0.9986311197280884,710822.5625,-74779303334361.8,2025-11-20 18:45:27
er_4194304_1_7.bin.gz,erdos_renyi,42,SpecAnn,0.1774713018832227,1.0,-1062549223.0,-217784306.99999955,0.2305948734283447,0,True,58,33,True,4,32,0.9984297156333924,540173.5625,-56815382888707.63,2025-11-20 18:45:28
er_4194304_1_7.bin.gz,erdos_renyi,42,SpecAnn,0.1984189475331362,1.0,-1063096579.0,-218537538.9999995,0.2304160594940185,0,True,58,33,True,5,32,0.998227834701538,424129.15625,-44600827754438.0,2025-11-20 18:45:28
er_4194304_1_7.bin.gz,erdos_renyi,42,SpecAnn,0.2173570668006655,1.0,-1062840405.0,-219362351.0,0.2303724288940429,0,True,58,33,True,6,32,0.9980230927467346,340835.25,-35834405950680.0,2025-11-20 18:45:28
er_4194304_1_7.bin.gz,erdos_renyi,42,SpecAnn,0.2347724648169381,1.0,-1062586287.0,-220191984.99999955,0.2303895950317382,0,True,58,33,True,7,32,0.9978139400482178,278759.9375,-29301849961917.938,2025-11-20 18:45:28
er_4194304_1_7.bin.gz,erdos_renyi,42,SpecAnn,0.2509823220552634,1.0,-1062534459.0,-221078272.9999998,0.2307596206665039,0,True,58,33,True,8,32,0.9975994229316713,231187.40625,-24296039029822.28,2025-11-20 18:45:29
er_4194304_1_7.bin.gz,erdos_renyi,42,SpecAnn,0.2662069528248341,1.0,-1062589195.0000004,-221959950.9999996,0.2307591438293457,0,True,58,33,True,9,32,0.9973788261413574,193928.125,-20375865133030.508,2025-11-20 18:45:29
er_4194304_1_7.bin.gz,erdos_renyi,42,SpecAnn,0.2806067666331568,1.0,-1062836628.9999996,-222909434.99999988,0.2300167083740234,0,True,58,33,True,10,32,0.997151494026184,164231.125,-17251693230588.088,2025-11-20 18:45:29
er_4194304_1_7.bin.gz,erdos_renyi,42,SpecAnn,0.2943028597012718,1.0,-1062729045.0,-223916240.99999973,0.2304060459136963,0,True,58,33,True,11,32,0.9969170093536376,140217.0,-14725660775297.426,2025-11-20 18:45:29
er_4194304_1_7.bin.gz,erdos_renyi,42,SpecAnn,0.3073893117471359,1.0,-1062200969.0,-224932592.99999988,0.2302207946777343,0,True,58,33,True,12,32,0.9966749548912048,120560.3125,-12658231236481.42,2025-11-20 18:45:30
er_4194304_1_7.bin.gz,erdos_renyi,42,SpecAnn,0.3199409394316542,1.0,-1062610161.0,-225916210.9999996,0.2305653095245361,0,True,58,33,True,13,32,0.996424913406372,104301.703125,-10948411000816.758,2025-11-20 18:45:30
er_4194304_1_7.bin.gz,erdos_renyi,42,SpecAnn,0.3320184038158743,1.0,-1062687715.0,-227022330.99999976,0.2304224967956543,0,True,58,33,True,14,32,0.9961665272712708,90731.2890625,-9521473008398.477,2025-11-20 18:45:30
er_4194304_1_7.bin.gz,erdos_renyi,42,SpecAnn,0.3436716983117353,1.0,-1062633555.0000002,-228165354.9999995,0.2303504943847656,0,True,58,33,True,15,32,0.9958995580673218,79314.1796875,-8321114371233.321,2025-11-20 18:45:30
er_4194304_1_7.bin.gz,erdos_renyi,42,SpecAnn,0.3549426037664455,1.0,-1062593087.0000004,-229361396.9999999,0.2304813861846923,0,True,58,33,True,16,32,0.9956235885620116,69640.71875,-7304214811599.837,2025-11-20 18:45:30
er_4194304_1_7.bin.gz,erdos_renyi,42,SpecAnn,0.3658664615902029,1.0,-1062844571.0,-230541452.99999955,0.2305738925933838,0,True,58,33,True,17,32,0.9953384399414062,61392.69921875,-6437283259560.195,2025-11-20 18:45:31
er_4194304_1_7.bin.gz,erdos_renyi,42,SpecAnn,0.3764734830828951,1.0,-1062834049.0,-231748776.99999973,0.2303719520568847,0,True,58,33,True,18,32,0.995043694972992,54319.99609375,-5693993892666.513,2025-11-20 18:45:31
er_4194304_1_7.bin.gz,erdos_renyi,42,SpecAnn,0.3867897351437838,1.0,-1062652167.0,-232998381.0,0.2304913997650146,0,True,58,33,True,19,32,0.9947391748428344,48223.81640625,-5053426037237.749,2025-11-20 18:45:31
er_4194304_1_7.bin.gz,erdos_renyi,42,SpecAnn,0.3968378950662725,1.0,-1062518017.0,-234157695.0,0.2306380271911621,0,True,58,33,True,20,32,0.9944245219230652,42944.6015625,-4498787893156.769,2025-11-20 18:45:31
er_4194304_1_7.bin.gz,erdos_renyi,42,SpecAnn,0.4066378372811136,1.0,-1062576529.0,-235472285.00000045,0.2305390834808349,0,True,58,33,True,21,32,0.994099497795105,38353.1328125,-4016481894016.84,2025-11-20 18:45:32
er_4194304_1_7.bin.gz,erdos_renyi,42,SpecAnn,0.4162070956347247,1.0,-1062714777.0,-236852223.0,0.2302634716033935,0,True,58,33,True,22,32,0.9937637448310852,34343.9765625,-3595413479874.444,2025-11-20 18:45:32
er_4194304_1_7.bin.gz,erdos_renyi,42,SpecAnn,0.4255612320274539,1.0,-1062746487.0,-238267269.00000027,0.230452299118042,0,True,58,33,True,23,32,0.9934170842170716,30830.4453125,-3226461869325.657,2025-11-20 18:45:32
er_4194304_1_7.bin.gz,erdos_renyi,42,SpecAnn,0.434714133601331,1.0,-1063008934.9999998,-239826369.0000001,0.2302930355072021,0,True,58,33,True,24,32,0.99305921792984,27740.765625,-2902075487544.302,2025-11-20 18:45:32
er_4194304_1_7.bin.gz,erdos_renyi,42,SpecAnn,0.4436782547080569,1.0,-1063264997.0000006,-241389712.99999985,0.2304944992065429,0,True,58,33,True,25,32,0.9926897883415222,25015.2265625,-2615972111878.988,2025-11-20 18:45:33
er_4194304_1_7.bin.gz,erdos_renyi,42,SpecAnn,0.4524648157026343,1.0,-1062998264.9999996,-243034124.99999973,0.230668306350708,0,True,58,33,True,26,32,0.992308497428894,22603.796875,-2362888458911.712,2025-11-20 18:45:33
er_4194304_1_7.bin.gz,erdos_renyi,42,SpecAnn,0.4610839676207039,1.0,-1062767523.0,-244706122.99999973,0.2305972576141357,0,True,58,33,True,27,32,0.9919151067733764,20464.3671875,-2138395042953.092,2025-11-20 18:45:33
er_4194304_1_7.bin.gz,erdos_renyi,42,SpecAnn,0.4695449296338763,1.0,-1062940629.0,-246331458.99999985,0.2304568290710449,0,True,58,33,True,28,32,0.991509199142456,18561.330078125,-1938746186640.724,2025-11-20 18:45:33
er_4194304_1_7.bin.gz,erdos_renyi,42,SpecAnn,0.4778561045889373,1.0,-1062873457.0,-248083959.0000004,0.2304043769836425,0,True,58,33,True,29,32,0.9910906553268432,16864.41796875,-1760758742231.7483,2025-11-20 18:45:33
er_4194304_1_7.bin.gz,erdos_renyi,42,SpecAnn,0.4860251767562508,1.0,-1063417541.0,-249795747.0000001,0.2306935787200927,0,True,58,33,True,30,32,0.9906590580940248,15347.822265625,-1601718127983.9473,2025-11-20 18:45:34
er_4194304_1_7.bin.gz,erdos_renyi,42,SpecAnn,0.4940591950252281,1.0,-1062798385.0,-251722769.0000004,0.2311127185821533,0,True,58,33,True,31,32,0.9902139902114868,13989.42578125,-1459298248674.88,2025-11-20 18:45:34
er_4194304_1_7.bin.gz,erdos_renyi,42,SpecAnn,0.5019646441105269,1.0,-1063195229.0,-253584343.0,0.2303504943847656,0,True,58,33,True,32,32,0.9897553324699402,12770.220703125,-1331500605050.7815,2025-11-20 18:45:34
er_4194304_1_7.bin.gz,erdos_renyi,42,SpecAnn,0.5097475058154177,1.0,-1063199807.0000002,-255498262.99999964,0.2304830551147461,0,True,58,33,True,33,32,0.9892826080322266,11673.7919921875,-1216598956112.3877,2025-11-20 18:45:34
er_4194304_1_7.bin.gz,erdos_renyi,42,SpecAnn,0.51741331199832,1.0,-1063060449.0,-257498112.9999992,0.2303922176361084,0,True,58,33,True,34,32,0.9887954592704772,10685.947265625,-1113101081733.2104,2025-11-20 18:45:35
er_4194304_1_7.bin.gz,erdos_renyi,42,SpecAnn,0.5249671905758515,1.0,-1063032585.0,-259487952.9999995,0.2305772304534912,0,True,58,33,True,35,32,0.9882935881614684,9794.357421875,-1019710851695.7328,2025-11-20 18:45:35
er_4194304_1_7.bin.gz,erdos_renyi,42,SpecAnn,0.5324139056496683,1.0,-1063066709.0,-261662017.0000001,0.2305638790130615,0,True,58,33,True,36,32,0.987776815891266,8988.2822265625,-935299374578.4036,2025-11-20 18:45:35
er_4194304_1_7.bin.gz,erdos_renyi,42,SpecAnn,0.5397578926492556,1.0,-1063210381.0,-263769133.0,0.2302777767181396,0,True,58,33,True,37,32,0.9872444868087769,8258.345703125,-858880793112.3928,2025-11-20 18:45:35
er_4194304_1_7.bin.gz,erdos_renyi,42,SpecAnn,0.5470032892270364,1.0,-1063108153.0000002,-266028481.0000001,0.2303709983825683,0,True,58,33,True,38,32,0.9866964221000672,7596.3427734375,-789592876440.7712,2025-11-20 18:45:36
er_4194304_1_7.bin.gz,erdos_renyi,42,SpecAnn,0.554153962516942,1.0,-1063680163.0,-268361624.99999973,0.2308340072631836,0,True,58,33,True,39,32,0.9861322045326232,6995.056640625,-726677129818.7588,2025-11-20 18:45:36
er_4194304_1_7.bin.gz,erdos_renyi,42,SpecAnn,0.5612135332663137,1.0,-1063608367.0,-270771045.0,0.2309279441833496,0,True,58,33,True,40,32,0.9855513572692872,6448.1552734375,-669468060229.2961,2025-11-20 18:45:36
er_4194304_1_7.bin.gz,erdos_renyi,42,SpecAnn,0.5681853972686127,1.0,-1063776141.0000002,-273155409.0000003,0.230515718460083,0,True,58,33,True,41,32,0.9849535822868348,5950.044921875,-617377962919.7765,2025-11-20 18:45:36
er_4194304_1_7.bin.gz,erdos_renyi,42,SpecAnn,0.5750727444570146,1.0,-1063224343.0,-275624814.99999994,0.231201171875,0,True,58,33,True,42,32,0.9843384623527528,5495.77783203125,-569886983957.3645,2025-11-20 18:45:36
er_4194304_1_7.bin.gz,erdos_renyi,42,SpecAnn,0.5818785759635375,1.0,-1063436283.0000002,-278191777.0000002,0.2304890155792236,0,True,58,33,True,43,32,0.983705461025238,5080.98046875,-526535579038.659,2025-11-20 18:45:37
er_4194304_1_7.bin.gz,erdos_renyi,42,SpecAnn,0.5886057194025436,1.0,-1063639251.0,-280866381.0000001,0.2309679985046386,0,True,58,33,True,44,32,0.9830543398857116,4701.77001953125,-486915973483.0591,2025-11-20 18:45:37
er_4194304_1_7.bin.gz,erdos_renyi,42,SpecAnn,0.5952568425994088,1.0,-1063606229.0000004,-283642679.00000024,0.2310404777526855,0,True,58,33,True,45,32,0.9823845028877258,4354.68359375,-450664369110.4896,2025-11-20 18:45:37
er_4194304_1_7.bin.gz,erdos_renyi,42,SpecAnn,0.6018344659534288,1.0,-1063611685.0,-286381848.9999998,0.2306301593780517,0,True,58,33,True,46,32,0.981695592403412,4036.65185546875,-417458444757.24695,2025-11-20 18:45:37
er_4194304_1_7.bin.gz,erdos_renyi,42,SpecAnn,0.6083409735974393,1.0,-1063615471.0,-289296294.9999998,0.2306981086730957,0,True,58,33,True,47,32,0.9809870719909668,3744.9267578125,-387009590237.83374,2025-11-20 18:45:38
er_4194304_1_7.bin.gz,erdos_renyi,42,SpecAnn,0.6147786234942719,1.0,-1064156079.0,-292212686.9999995,0.2309637069702148,0,True,58,33,True,48,32,0.9802584648132324,3477.05224609375,-359059922203.7395,2025-11-20 18:45:38
er_4194304_1_7.bin.gz,erdos_renyi,42,SpecAnn,0.6211495565912796,1.0,-1064227217.0,-295218190.9999992,0.2306931018829345,0,True,58,33,True,49,32,0.9795092940330504,3230.833984375,-333379060517.90643,2025-11-20 18:45:38
er_4194304_1_7.bin.gz,erdos_renyi,42,SpecAnn,0.6274558051381586,1.0,-1064147921.0,-298478208.9999995,0.2309584617614746,0,True,58,33,True,50,32,0.9787390828132628,3004.296142578125,-309759607813.24097,2025-11-20 18:45:38
er_4194304_1_7.bin.gz,erdos_renyi,42,SpecAnn,0.6336993002596786,1.0,-1063720871.0,-301728470.99999964,0.2308080196380615,0,True,58,33,True,51,32,0.977947235107422,2795.675537109375,-288016457375.70734,2025-11-20 18:45:39
er_4194304_1_7.bin.gz,erdos_renyi,42,SpecAnn,0.6398818788633085,1.0,-1063923077.0,-305099826.9999994,0.2310719490051269,0,True,58,33,True,52,32,0.9771331548690796,2603.376708984375,-267982157574.0841,2025-11-20 18:45:39
er_4194304_1_7.bin.gz,erdos_renyi,42,SpecAnn,0.6460052899517691,1.0,-1064130410.9999998,-308479214.9999995,0.2309901714324951,0,True,58,33,True,53,32,0.9762964248657228,2425.96533203125,-249506235712.20584,2025-11-20 18:45:39
er_4194304_1_7.bin.gz,erdos_renyi,42,SpecAnn,0.6520712004019966,1.0,-1064593877.0,-312030154.9999996,0.2307276725769043,0,True,58,33,True,54,32,0.9754363298416138,2262.15087890625,-232453242869.4558,2025-11-20 18:45:39
er_4194304_1_7.bin.gz,erdos_renyi,42,SpecAnn,0.6580812002646271,1.0,-1064699435.0000004,-315656954.9999994,0.2309179306030273,0,True,58,33,True,55,32,0.97455233335495,2110.764404296875,-216700564223.8703,2025-11-20 18:45:39
er_4194304_1_7.bin.gz,erdos_renyi,42,SpecAnn,0.6640368076317485,1.0,-1064980273.0,-319469636.9999997,0.2311747074127197,0,True,58,33,True,56,32,0.973643720149994,1970.75,-202137419457.5087,2025-11-20 18:45:40
er_4194304_1_7.bin.gz,erdos_renyi,42,SpecAnn,0.6699394731151429,1.0,-1064802805.0000002,-323233768.99999976,0.231191873550415,0,True,58,33,True,57,32,0.972709894180298,1841.153564453125,-188663749470.3722,2025-11-20 18:45:40
er_4194304_1_7.bin.gz,erdos_renyi,42,SpecAnn,0.6757905839724513,1.0,-1065202515.0,-327107786.99999946,0.2307801246643066,0,True,58,33,True,58,32,0.971750259399414,1721.106689453125,-176188505854.41183,2025-11-20 18:45:40
er_4194304_1_7.bin.gz,erdos_renyi,42,SpecAnn,0.6815914679145113,1.0,-1065096661.0,-331189158.99999946,0.2309279441833496,0,True,58,33,True,59,32,0.970763862133026,1609.825927734375,-164629490234.96176,2025-11-20 18:45:40
er_4194304_1_7.bin.gz,erdos_renyi,42,SpecAnn,0.6873433966234707,1.0,-1065419349.0,-335297570.9999998,0.2309653759002685,0,True,58,33,True,60,32,0.9697502255439758,1506.5943603515625,-153911595929.1758,2025-11-20 18:45:41
er_4194304_1_7.bin.gz,erdos_renyi,42,SpecAnn,0.6930475890080863,1.0,-1065365283.0,-339402672.99999964,0.2315328121185302,0,True,58,33,True,61,32,0.9687085151672364,1410.7647705078125,-143966961272.74768,2025-11-20 18:45:41
er_4194304_1_7.bin.gz,erdos_renyi,42,SpecAnn,0.6987052142198116,1.0,-1065265631.0000004,-343789857.0,0.23110032081604,0,True,58,33,True,62,32,0.9676377773284912,1321.7447509765625,-134733479114.40852,2025-11-20 18:45:41
er_4194304_1_7.bin.gz,erdos_renyi,42,SpecAnn,0.7043173944508145,1.0,-1065695849.0,-348341763.0,0.2312126159667968,0,True,58,33,True,63,32,0.9665372967720032,1238.995361328125,-126154693404.9165,2025-11-20 18:45:41
er_4194304_1_7.bin.gz,erdos_renyi,42,SpecAnn,0.709885207532891,1.0,-1065720557.0,-352929858.9999998,0.2312583923339843,0,True,58,33,True,64,32,0.9654061794281006,1162.0257568359375,-118179172210.02972,2025-11-20 18:45:42
er_4194304_1_7.bin.gz,erdos_renyi,42,SpecAnn,0.7154096893543218,1.0,-1065775203.0000002,-357702120.9999998,0.2311594486236572,0,True,58,33,True,65,32,0.9642435908317566,1090.385986328125,-110759793387.85448,2025-11-20 18:45:42
er_4194304_1_7.bin.gz,erdos_renyi,42,SpecAnn,0.7208918361100219,1.0,-1065972383.0000002,-362577475.0000004,0.2310483455657959,0,True,58,33,True,66,32,0.9630483984947203,1023.667236328125,-103853713815.57834,2025-11-20 18:45:42
er_4194304_1_7.bin.gz,erdos_renyi,42,SpecAnn,0.7263326063988248,1.0,-1066046155.0000002,-367611427.0000004,0.2309896945953369,0,True,58,33,True,67,32,0.9618197679519652,961.493408203125,-97421570109.49742,2025-11-20 18:45:42
er_4194304_1_7.bin.gz,erdos_renyi,42,SpecAnn,0.7317329231804058,1.0,-1066239163.0,-372792005.0000001,0.2309520244598388,0,True,58,33,True,68,32,0.9605565667152404,903.5213623046876,-91427424377.30247,2025-11-20 18:45:42
er_4194304_1_7.bin.gz,erdos_renyi,42,SpecAnn,0.7370936756031579,1.0,-1066650651.0,-378220825.0000001,0.2313132286071777,0,True,58,33,True,69,32,0.9592576622962952,849.4354248046875,-85838231323.38728,2025-11-20 18:45:43
er_4194304_1_7.bin.gz,erdos_renyi,42,SpecAnn,0.7424157207132704,1.0,-1066448961.0000002,-383683101.00000006,0.231285810470581,0,True,58,33,True,70,32,0.957921862602234,798.9479370117188,-80623877234.22345,2025-11-20 18:45:43
er_4194304_1_7.bin.gz,erdos_renyi,42,SpecAnn,0.7476998850543153,1.0,-1066676711.0,-389311837.00000006,0.2309911251068115,0,True,58,33,True,71,32,0.956548035144806,751.7933349609375,-75756581655.45795,2025-11-20 18:45:43
er_4194304_1_7.bin.gz,erdos_renyi,42,SpecAnn,0.7529469661657903,1.0,-1067359525.0000002,-395199957.0000005,0.2307150363922119,0,True,58,33,True,72,32,0.9551347494125366,707.7275390625,-71210798508.8608,2025-11-20 18:45:43
er_4194304_1_7.bin.gz,erdos_renyi,42,SpecAnn,0.7581577339883167,1.0,-1066504317.0,-401175655.0000002,0.2313323020935058,0,True,58,33,True,73,32,0.9536807537078856,666.52734375,-66963185254.99812,2025-11-20 18:45:44
er_4194304_1_7.bin.gz,erdos_renyi,42,SpecAnn,0.7633329321824984,1.0,-1067419173.0,-407375131.0000006,0.2317550182342529,0,True,58,33,True,74,32,0.9521846175193788,627.98681640625,-62992203792.31058,2025-11-20 18:45:44
er_4194304_1_7.bin.gz,erdos_renyi,42,SpecAnn,0.7684732793678399,1.0,-1067301966.9999998,-413717851.0000001,0.2309939861297607,0,True,58,33,True,75,32,0.9506446123123168,591.9157104492188,-59277949582.56425,2025-11-20 18:45:44
er_4194304_1_7.bin.gz,erdos_renyi,42,SpecAnn,0.7735794702875677,1.0,-1067774925.0,-420304109.0,0.2313511371612548,0,True,58,33,True,76,32,0.9490593075752258,558.1394653320312,-55802184349.88341,2025-11-20 18:45:44
er_4194304_1_7.bin.gz,erdos_renyi,42,SpecAnn,0.7786521769046981,1.0,-1067875688.9999998,-427105236.9999998,0.2311010360717773,0,True,58,33,True,77,32,0.9474267959594728,526.4971923828125,-52548078259.93,2025-11-20 18:45:45
er_4194304_1_7.bin.gz,erdos_renyi,42,SpecAnn,0.7836920494342511,1.0,-1068088331.0000002,-434193641.0000003,0.2315199375152588,0,True,58,33,True,78,32,0.9457453489303588,496.8401184082031,-49500089656.79366,2025-11-20 18:45:45
er_4194304_1_7.bin.gz,erdos_renyi,42,SpecAnn,0.788699717316095,1.0,-1068173099.0,-441486135.00000006,0.2311656475067138,0,True,58,33,True,79,32,0.9440129995346068,469.03070068359375,-46643846795.94112,2025-11-20 18:45:45
er_4194304_1_7.bin.gz,erdos_renyi,42,SpecAnn,0.7936757901325451,1.0,-1069009233.0,-448983659.0,0.2311375141143798,0,True,58,33,True,80,32,0.9422276020050048,442.9425659179688,-43966141612.758514,2025-11-20 18:45:45
er_4194304_1_7.bin.gz,erdos_renyi,42,SpecAnn,0.7986208584745024,1.0,-1069307727.0,-456631070.9999998,0.2313325405120849,0,True,58,33,True,81,32,0.940386950969696,418.4577331542969,-41454655175.6983,2025-11-20 18:45:45
er_4194304_1_7.bin.gz,erdos_renyi,42,SpecAnn,0.803535494759617,1.0,-1069911655.0,-464820870.9999998,0.2310206890106201,0,True,58,33,True,82,32,0.9384886622428894,395.46820068359375,-39098105399.8319,2025-11-20 18:45:46
er_4194304_1_7.bin.gz,erdos_renyi,42,SpecAnn,0.8084202540056837,1.0,-1070155991.0,-473450476.9999999,0.2309112548828125,0,True,58,33,True,83,32,0.9365299940109252,373.87353515625,-36885997307.66084,2025-11-20 18:45:46
er_4194304_1_7.bin.gz,erdos_renyi,42,SpecAnn,0.8132756745622272,1.0,-1070141459.0,-481977826.9999993,0.2311728000640869,0,True,58,33,True,84,32,0.9345083832740784,353.5802307128906,-34808578759.914055,2025-11-20 18:45:46
er_4194304_1_7.bin.gz,erdos_renyi,42,SpecAnn,0.8181022788030096,1.0,-1070569821.0,-490711506.9999989,0.2315354347229004,0,True,58,33,True,85,32,0.93242084980011,334.50250244140625,-32856890625.08572,2025-11-20 18:45:46
er_4194304_1_7.bin.gz,erdos_renyi,42,SpecAnn,0.822900573781978,1.0,-1071201770.9999998,-500015929.0,0.2313015460968017,0,True,58,33,True,86,32,0.9302641153335572,316.5602111816406,-31022565504.71656,2025-11-20 18:45:47
er_4194304_1_7.bin.gz,erdos_renyi,42,SpecAnn,0.8276710518549868,1.0,-1071141153.0000002,-509687977.0000004,0.2313129901885986,0,True,58,33,True,87,32,0.928034782409668,299.67919921875,-29297864631.18117,2025-11-20 18:45:47
er_4194304_1_7.bin.gz,erdos_renyi,42,SpecAnn,0.8324141912694495,1.0,-1071652987.0,-519842961.0,0.2310981750488281,0,True,58,33,True,88,32,0.925728976726532,283.7904357910156,-27675579778.216587,2025-11-20 18:45:47
er_4194304_1_7.bin.gz,erdos_renyi,42,SpecAnn,0.8371304567239225,1.0,-1072515463.0,-530303871.0000002,0.2315244674682617,0,True,58,33,True,89,32,0.9233428239822388,268.83026123046875,-26149069968.541245,2025-11-20 18:45:47
er_4194304_1_7.bin.gz,erdos_renyi,42,SpecAnn,0.8418202998994706,1.0,-1073100571.0000002,-541633266.9999996,0.2315194606781005,0,True,58,33,True,90,32,0.9208717942237854,254.7386474609375,-24712069934.98203,2025-11-20 18:45:48
er_4194304_1_7.bin.gz,erdos_renyi,42,SpecAnn,0.846484159964536,1.0,-1073935725.0,-553434268.9999999,0.2316315174102783,0,True,58,33,True,91,32,0.9183112382888794,241.460678100586,-23358848500.704,2025-11-20 18:45:48
er_4194304_1_7.bin.gz,erdos_renyi,42,SpecAnn,0.8511224640549078,1.0,-1074488669.0000002,-565614729.0000002,0.231170654296875,0,True,58,33,True,92,32,0.915655791759491,228.9449920654297,-22084039221.376816,2025-11-20 18:45:48
er_4194304_1_7.bin.gz,erdos_renyi,42,SpecAnn,0.8557356277302758,1.0,-1075382311.0000002,-578231867.0000001,0.2313182353973388,0,True,58,33,True,93,32,0.9128997921943665,217.1433563232422,-20882609594.06088,2025-11-20 18:45:48
er_4194304_1_7.bin.gz,erdos_renyi,42,SpecAnn,0.8603240554087516,1.0,-1075981651.0000005,-591442529.0000002,0.2316908836364746,0,True,58,33,True,94,32,0.9100369215011596,206.01119995117188,-19749902644.80836,2025-11-20 18:45:49
er_4194304_1_7.bin.gz,erdos_renyi,42,SpecAnn,0.86488814078064,1.0,-1076781335.0000002,-605500919.0,0.2319629192352295,0,True,58,33,True,95,32,0.9070605039596558,195.5072784423828,-18681610017.794025,2025-11-20 18:45:49
er_4194304_1_7.bin.gz,erdos_renyi,42,SpecAnn,0.8694282672026621,1.0,-1077974285.0,-620112910.9999998,0.2312262058258056,0,True,58,33,True,96,32,0.9039628505706788,185.5924835205078,-17673643119.500507,2025-11-20 18:45:49
er_4194304_1_7.bin.gz,erdos_renyi,42,SpecAnn,0.8739448080737451,1.0,-1078946835.0,-635616860.9999999,0.2313766479492187,0,True,58,33,True,97,32,0.9007354974746704,176.23086547851562,-16722236728.24337,2025-11-20 18:45:49
er_4194304_1_7.bin.gz,erdos_renyi,42,SpecAnn,0.878438127193422,1.0,-1080106623.0000002,-651742008.9999996,0.2312598228454589,0,True,58,33,True,98,32,0.897369384765625,167.388671875,-15823859824.510153,2025-11-20 18:45:49
er_4194304_1_7.bin.gz,erdos_renyi,42,SpecAnn,0.8829085791038153,1.0,-1081617895.0000002,-668866956.9999996,0.2314896583557129,0,True,58,33,True,99,32,0.893854022026062,159.0343475341797,-14975200468.954134,2025-11-20 18:45:50
er_4194304_1_7.bin.gz,erdos_renyi,42,SpecAnn,0.8873565094161138,1.0,-1082592275.0,-686864749.0000002,0.2319121360778808,0,True,58,33,True,100,32,0.8901780843734741,151.13853454589844,-14173177291.923618,2025-11-20 18:45:50
er_4194304_1_7.bin.gz,erdos_renyi,42,SpecAnn,0.8917822551223932,1.0,-1084468053.0000002,-705671095.0,0.2315080165863037,0,True,58,33,True,101,32,0.8863286375999451,143.6737823486328,-13414899444.95895,2025-11-20 18:45:50
er_4194304_1_7.bin.gz,erdos_renyi,42,SpecAnn,0.8961861448935777,1.0,-1086216721.0,-725543833.0000004,0.2313153743743896,0,True,58,33,True,102,32,0.8822915554046631,136.61441040039062,-12697661621.73851,2025-11-20 18:45:50
er_4194304_1_7.bin.gz,erdos_renyi,42,SpecAnn,0.9005684993642872,1.0,-1088386539.0000002,-746257237.0000001,0.2315986156463623,0,True,58,33,True,103,32,0.8780503273010254,129.93646240234375,-12018923268.814615,2025-11-20 18:45:51
er_4194304_1_7.bin.gz,erdos_renyi,42,SpecAnn,0.9049296314052688,1.0,-1090473141.0,-768006819.0,0.2319061756134033,0,True,58,33,True,104,32,0.8735867738723755,123.6173324584961,-11376286811.249388,2025-11-20 18:45:51
er_4194304_1_7.bin.gz,erdos_renyi,42,SpecAnn,0.9092698463840684,1.0,-1092771215.0,-790474937.0,0.231410264968872,0,True,58,33,True,105,32,0.8688802123069763,117.6360855102539,-10767517492.135565,2025-11-20 18:45:51
er_4194304_1_7.bin.gz,erdos_renyi,42,SpecAnn,0.9135894424145556,1.0,-1095982135.0000002,-813426989.0000002,0.2314951419830322,0,True,58,33,True,106,32,0.8639066219329834,111.97310638427734,-10190503544.566914,2025-11-20 18:45:51
er_4194304_1_7.bin.gz,erdos_renyi,42,SpecAnn,0.9178887105958816,1.0,-1099130581.0,-837369797.0000004,0.2313232421875,0,True,58,33,True,107,32,0.8586390614509583,106.60979461669922,-9643237502.627155,2025-11-20 18:45:52
er_4194304_1_7.bin.gz,erdos_renyi,42,SpecAnn,0.922167935241408,1.0,-1102647301.0000002,-861855431.0000002,0.2318437099456787,0,True,58,33,True,108,32,0.8530462384223938,101.52894592285156,-9123837976.925926,2025-11-20 18:45:52
er_4194304_1_7.bin.gz,erdos_renyi,42,SpecAnn,0.92642739409812,1.0,-1106608075.0,-887004299.0000002,0.2319178581237793,0,True,58,33,True,109,32,0.8470920324325562,96.7144775390625,-8630524737.70281,2025-11-20 18:45:52
er_4194304_1_7.bin.gz,erdos_renyi,42,SpecAnn,0.9306673585570006,1.0,-1110837091.0,-912267334.9999996,0.449526309967041,0,True,58,65,True,110,32,0.8407346606254578,92.15104675292967,-8161581839.341032,2025-11-20 18:45:52
er_4194304_1_7.bin.gz,erdos_renyi,42,SpecAnn,0.9348880938548184,1.0,-1115487409.0000005,-937476159.0000004,0.4494993686676025,0,True,58,65,True,111,32,0.8339248299598694,87.82447052001953,-7715384247.822242,2025-11-20 18:45:53
er_4194304_1_7.bin.gz,erdos_renyi,42,SpecAnn,0.9390898592677528,1.0,-1120863430.9999998,-961850681.0,0.6681864261627197,0,True,58,97,True,112,32,0.826606273651123,83.72138214111328,-7290380594.974371,2025-11-20 18:45:54
er_4194304_1_7.bin.gz,erdos_renyi,42,SpecAnn,0.9432729082972536,1.0,-1124897321.0,-983395291.0,1.1058149337768557,0,True,58,161,True,113,32,0.8187127113342285,79.82923889160156,-6885074385.982543,2025-11-20 18:45:55
er_4194304_1_7.bin.gz,erdos_renyi,42,SpecAnn,0.9474374888485204,1.0,-1127561957.0,-996704509.0,1.9787073135375977,0,True,58,289,True,114,32,0.8101649880409241,76.1362533569336,-6498005687.417695,2025-11-20 18:45:57
er_4194304_1_7.bin.gz,erdos_renyi,42,SpecAnn,0.9515838434019476,1.0,-1121712651.0000002,-981872421.0,7.002924919128418,0,True,58,1025,True,115,32,0.8009134531021118,72.6313247680664,-6128083426.086405,2025-11-20 18:46:04
er_4194304_1_7.bin.gz,erdos_renyi,42,SpecAnn,0.9557122091778746,1.0,-1120844643.0000002,-978397629.0,6.792590379714966,0,True,58,993,True,116,32,0.7912037372589111,69.30413055419922,-5776470559.858063,2025-11-20 18:46:10
er_4194304_1_7.bin.gz,erdos_renyi,42,SpecAnn,0.9598228182949629,1.0,-1120704571.0000002,-977806615.0,0.6693415641784668,0,True,58,97,True,117,32,0.7810671329498291,66.14480590820312,-5442509858.872329,2025-11-20 18:46:11
er_4194304_1_7.bin.gz,erdos_renyi,42,SpecAnn,0.963915897922488,1.0,-1120385747.0000002,-977560247.0000002,1.106476068496704,0,True,58,161,True,118,32,0.7704831957817078,63.14423370361328,-5125213756.450681,2025-11-20 18:46:12
er_4194304_1_7.bin.gz,erdos_renyi,42,SpecAnn,0.967991670426842,1.0,-1120565453.0,-977441925.0,1.1075890064239502,0,True,58,161,True,119,32,0.7594360709190369,60.293701171875,-4823677674.776223,2025-11-20 18:46:13
er_4194304_1_7.bin.gz,erdos_renyi,42,SpecAnn,0.9720503535125016,1.0,-1120625927.0,-977252799.0,0.2327301502227783,0,True,58,33,True,120,32,0.747905969619751,57.5850715637207,-4537033911.393477,2025-11-20 18:46:14
er_4194304_1_7.bin.gz,erdos_renyi,42,SpecAnn,0.9760921603577252,1.0,-1120421845.0,-977203161.0,1.5450234413146973,0,True,58,225,True,121,32,0.735874354839325,55.01072692871094,-4264480832.453268,2025-11-20 18:46:15
er_4194304_1_7.bin.gz,erdos_renyi,42,SpecAnn,0.9801172997452104,1.0,-1120450367.0000002,-977132369.0000002,0.4517915248870849,0,True,58,65,True,122,32,0.7233214378356934,52.56340789794922,-4005253109.272876,2025-11-20 18:46:16
er_4194304_1_7.bin.gz,erdos_renyi,42,SpecAnn,0.9841259761879442,1.0,-1120236051.0,-977059455.0,0.6695346832275391,0,True,58,97,True,123,32,0.71022629737854,50.23637390136719,-3758634949.59672,2025-11-20 18:46:16
er_4194304_1_7.bin.gz,erdos_renyi,42,SpecAnn,0.9881183900504562,1.0,-1120190615.0,-976982861.0000002,1.5458076000213623,0,True,58,225,True,124,32,0.6965674161911011,48.02315521240234,-3523943695.050687,2025-11-20 18:46:18
er_4194304_1_7.bin.gz,erdos_renyi,42,SpecAnn,0.9920947376656812,1.0,-1120371381.0,-976873447.0,0.4510695934295654,0,True,58,65,True,125,32,0.6823237538337708,45.91777801513672,-3300551165.660801,2025-11-20 18:46:18
er_4194304_1_7.bin.gz,erdos_renyi,42,SpecAnn,0.9960552114476228,1.0,-1120288621.0,-976795131.0,0.6699562072753906,0,True,58,97,True,126,32,0.6674715280532837,43.91455078125,-3087850775.463503,2025-11-20 18:46:19
er_4194304_1_7.bin.gz,erdos_renyi,42,SpecAnn,1.0,1.0,-1120198183.0,-976693555.0,0.4516885280609131,0,True,58,65,True,127,32,0.6519873738288879,42.00806427001953,-2885273386.7618146,2025-11-20 18:46:19
er_4194304_1_7.bin.gz,erdos_renyi,43,SpecAnn,0.0,1.0,-1062100348.9999998,-216434470.99999985,0.3577148914337158,0,True,60,33,True,0,32,0.9994361400604248,4194305.0,-441600422273400.1,2025-11-20 18:46:56
er_4194304_1_7.bin.gz,erdos_renyi,43,SpecAnn,0.0887356509416113,1.0,-1062188779.0000004,-216475643.0000001,0.2321383953094482,0,True,60,33,True,1,32,0.9990590810775756,1505011.25,-158396412186212.75,2025-11-20 18:46:57
er_4194304_1_7.bin.gz,erdos_renyi,43,SpecAnn,0.1254911610276317,1.0,-1062394031.0,-216718280.9999999,0.2318508625030517,0,True,60,33,True,2,32,0.9988367557525636,984460.5,-103587471645962.58,2025-11-20 18:46:57
er_4194304_1_7.bin.gz,erdos_renyi,43,SpecAnn,0.1536946558735679,1.0,-1062178911.0,-217162191.00000027,0.2331175804138183,0,True,60,33,True,3,32,0.9986311197280884,710822.75,-74779203804812.1,2025-11-20 18:46:57
er_4194304_1_7.bin.gz,erdos_renyi,43,SpecAnn,0.1774713018832227,1.0,-1062297437.0,-217784016.9999999,0.232079267501831,0,True,60,33,True,4,32,0.9984297156333924,540173.75,-56815312003244.53,2025-11-20 18:46:57
er_4194304_1_7.bin.gz,erdos_renyi,43,SpecAnn,0.1984189475331362,1.0,-1062360871.0000004,-218537111.0,0.2320930957794189,0,True,60,33,True,5,32,0.998227834701538,424129.28125,-44600769771816.96,2025-11-20 18:46:58
er_4194304_1_7.bin.gz,erdos_renyi,43,SpecAnn,0.2173570668006655,1.0,-1062533467.0,-219362350.99999985,0.2321462631225586,0,True,60,33,True,6,32,0.9980230331420898,340835.375,-35834359805538.914,2025-11-20 18:46:58
er_4194304_1_7.bin.gz,erdos_renyi,43,SpecAnn,0.2347724648169381,1.0,-1062744429.0000004,-220191041.0000001,0.2321155071258545,0,True,60,33,True,7,32,0.9978139400482178,278760.0625,-29301816371978.93,2025-11-20 18:46:58
er_4194304_1_7.bin.gz,erdos_renyi,43,SpecAnn,0.2509823220552634,1.0,-1062188955.0,-221078327.0,0.2329566478729248,0,True,60,33,True,8,32,0.9975994229316713,231187.515625,-24296011778037.96,2025-11-20 18:46:58
er_4194304_1_7.bin.gz,erdos_renyi,43,SpecAnn,0.2662069528248341,1.0,-1062369839.0,-221959950.99999976,0.2318091392517089,0,True,60,33,True,9,32,0.9973787665367126,193928.234375,-20375842912737.45,2025-11-20 18:46:59
er_4194304_1_7.bin.gz,erdos_renyi,43,SpecAnn,0.2806067666331568,1.0,-1062367139.0,-222910041.0,0.2326476573944091,0,True,60,33,True,10,32,0.997151494026184,164231.1875,-17251672283666.969,2025-11-20 18:46:59
er_4194304_1_7.bin.gz,erdos_renyi,43,SpecAnn,0.2943028597012718,1.0,-1062723001.0,-223916593.0000004,0.2322237491607666,0,True,60,33,True,11,32,0.9969170689582824,140217.078125,-14725646376611.207,2025-11-20 18:46:59
er_4194304_1_7.bin.gz,erdos_renyi,43,SpecAnn,0.3073893117471359,1.0,-1062285007.0,-224932593.0000004,0.2332556247711181,0,True,60,33,True,12,32,0.9966749548912048,120560.3671875,-12658216791600.283,2025-11-20 18:46:59
er_4194304_1_7.bin.gz,erdos_renyi,43,SpecAnn,0.3199409394316542,1.0,-1062501967.0000002,-225916211.00000045,0.2318470478057861,0,True,60,33,True,13,32,0.9964248538017272,104301.7578125,-10948398626323.877,2025-11-20 18:46:59
er_4194304_1_7.bin.gz,erdos_renyi,43,SpecAnn,0.3320184038158743,1.0,-1062408351.0,-227021379.00000027,0.2325501441955566,0,True,60,33,True,14,32,0.9961665272712708,90731.328125,-9521461923243.828,2025-11-20 18:47:00
er_4194304_1_7.bin.gz,erdos_renyi,43,SpecAnn,0.3436716983117353,1.0,-1062515153.0000002,-228165837.0000005,0.2321410179138183,0,True,60,33,True,15,32,0.995899498462677,79314.2265625,-8321105520874.267,2025-11-20 18:47:00
er_4194304_1_7.bin.gz,erdos_renyi,43,SpecAnn,0.3549426037664455,1.0,-1062390157.0,-229361397.0000008,0.2328588962554931,0,True,60,33,True,16,32,0.9956235885620116,69640.765625,-7304208079603.079,2025-11-20 18:47:00
er_4194304_1_7.bin.gz,erdos_renyi,43,SpecAnn,0.3658664615902029,1.0,-1062665365.0,-230540553.0000007,0.2324926853179931,0,True,60,33,True,17,32,0.9953384399414062,61392.734375,-6437276679941.037,2025-11-20 18:47:00
er_4194304_1_7.bin.gz,erdos_renyi,43,SpecAnn,0.3764734830828951,1.0,-1062410849.0000002,-231748541.0000008,0.232215404510498,0,True,60,33,True,18,32,0.995043694972992,54320.02734375,-5693988087855.887,2025-11-20 18:47:01
er_4194304_1_7.bin.gz,erdos_renyi,43,SpecAnn,0.3867897351437838,1.0,-1062895371.0,-232998839.0000005,0.2322673797607422,0,True,60,33,True,19,32,0.9947391152381896,48223.84765625,-5053420950173.521,2025-11-20 18:47:01
er_4194304_1_7.bin.gz,erdos_renyi,43,SpecAnn,0.3968378950662725,1.0,-1063194227.0,-234157695.00000083,0.2323484420776367,0,True,60,33,True,20,32,0.9944245219230652,42944.6328125,-4498783992369.4,2025-11-20 18:47:01
er_4194304_1_7.bin.gz,erdos_renyi,43,SpecAnn,0.4066378372811136,1.0,-1062833435.0,-235471187.0000004,0.2324340343475341,0,True,60,33,True,21,32,0.994099497795105,38353.16015625,-4016478352243.436,2025-11-20 18:47:01
er_4194304_1_7.bin.gz,erdos_renyi,43,SpecAnn,0.4162070956347247,1.0,-1062845141.0,-236852223.00000063,0.2319948673248291,0,True,60,33,True,22,32,0.9937637448310852,34344.0,-3595410199697.0244,2025-11-20 18:47:02
er_4194304_1_7.bin.gz,erdos_renyi,43,SpecAnn,0.4255612320274539,1.0,-1062691879.0,-238266239.00000057,0.2326178550720214,0,True,60,33,True,23,32,0.9934170842170716,30830.462890625,-3226458563486.7983,2025-11-20 18:47:02
er_4194304_1_7.bin.gz,erdos_renyi,43,SpecAnn,0.434714133601331,1.0,-1062867129.0,-239823765.0,0.2323849201202392,0,True,60,33,True,24,32,0.9930591583251952,27740.78515625,-2902072728497.887,2025-11-20 18:47:02
er_4194304_1_7.bin.gz,erdos_renyi,43,SpecAnn,0.4436782547080569,1.0,-1062913165.0000002,-241389713.00000063,0.2327687740325927,0,True,60,33,True,25,32,0.9926897287368774,25015.244140625,-2615969621203.193,2025-11-20 18:47:02
er_4194304_1_7.bin.gz,erdos_renyi,43,SpecAnn,0.4524648157026343,1.0,-1063124091.0,-243034125.0000002,0.2322089672088623,0,True,60,33,True,26,32,0.9923084378242492,22603.8125,-2362886182108.3325,2025-11-20 18:47:02
er_4194304_1_7.bin.gz,erdos_renyi,43,SpecAnn,0.4610839676207039,1.0,-1062867673.0,-244705479.00000027,0.232513427734375,0,True,60,33,True,27,32,0.9919150471687316,20464.37890625,-2138392728770.5645,2025-11-20 18:47:03
er_4194304_1_7.bin.gz,erdos_renyi,43,SpecAnn,0.4695449296338763,1.0,-1063183221.0,-246331458.9999995,0.2322924137115478,0,True,60,33,True,28,32,0.9915092587471008,18561.34375,-1938744639398.233,2025-11-20 18:47:03
er_4194304_1_7.bin.gz,erdos_renyi,43,SpecAnn,0.4778561045889373,1.0,-1063014653.0,-248083958.99999943,0.2326602935791015,0,True,60,33,True,29,32,0.9910906553268432,16864.4296875,-1760757157766.105,2025-11-20 18:47:03
er_4194304_1_7.bin.gz,erdos_renyi,43,SpecAnn,0.4860251767562508,1.0,-1063158171.0000002,-249796156.99999973,0.2325489521026611,0,True,60,33,True,30,32,0.99065899848938,15347.833984375,-1601716700246.473,2025-11-20 18:47:03
er_4194304_1_7.bin.gz,erdos_renyi,43,SpecAnn,0.4940591950252281,1.0,-1062958477.0,-251723374.99999955,0.2328674793243408,0,True,60,33,True,31,32,0.990213930606842,13989.4365234375,-1459296954172.9895,2025-11-20 18:47:04
er_4194304_1_7.bin.gz,erdos_renyi,43,SpecAnn,0.5019646441105269,1.0,-1063280055.0,-253584126.9999997,0.232541799545288,0,True,60,33,True,32,32,0.9897552728652954,12770.2314453125,-1331499521491.3396,2025-11-20 18:47:04
er_4194304_1_7.bin.gz,erdos_renyi,43,SpecAnn,0.5097475058154177,1.0,-1063120841.0,-255498810.99999988,0.2321476936340332,0,True,60,33,True,33,32,0.9892825484275818,11673.8017578125,-1216597960369.0698,2025-11-20 18:47:04
er_4194304_1_7.bin.gz,erdos_renyi,43,SpecAnn,0.51741331199832,1.0,-1063200075.0,-257499126.99999976,0.2329246997833252,0,True,60,33,True,34,32,0.9887954592704772,10685.955078125,-1113100120396.2148,2025-11-20 18:47:04
er_4194304_1_7.bin.gz,erdos_renyi,43,SpecAnn,0.5249671905758515,1.0,-1063377711.0,-259488190.99999988,0.2319438457489013,0,True,60,33,True,35,32,0.9882936477661132,9794.365234375,-1019710100379.6876,2025-11-20 18:47:05
er_4194304_1_7.bin.gz,erdos_renyi,43,SpecAnn,0.5324139056496683,1.0,-1063421827.0000002,-261662017.0,0.2327096462249755,0,True,60,33,True,36,32,0.987776815891266,8988.2900390625,-935298695953.344,2025-11-20 18:47:05
er_4194304_1_7.bin.gz,erdos_renyi,43,SpecAnn,0.5397578926492556,1.0,-1063378575.0,-263770844.9999996,0.2322161197662353,0,True,60,33,True,37,32,0.9872445464134216,8258.3515625,-858880084645.1508,2025-11-20 18:47:05
er_4194304_1_7.bin.gz,erdos_renyi,43,SpecAnn,0.5470032892270364,1.0,-1063504525.0,-266028481.0000001,0.232712984085083,0,True,60,33,True,38,32,0.9866964221000672,7596.349609375,-789592327785.3351,2025-11-20 18:47:05
er_4194304_1_7.bin.gz,erdos_renyi,43,SpecAnn,0.554153962516942,1.0,-1063224449.0000002,-268360131.0000002,0.2320754528045654,0,True,60,33,True,39,32,0.9861322045326232,6995.0625,-726676579642.8284,2025-11-20 18:47:05
er_4194304_1_7.bin.gz,erdos_renyi,43,SpecAnn,0.5612135332663137,1.0,-1063403747.0,-270771045.0000005,0.2330744266510009,0,True,60,33,True,40,32,0.9855513572692872,6448.1611328125,-669467600929.3246,2025-11-20 18:47:06
er_4194304_1_7.bin.gz,erdos_renyi,43,SpecAnn,0.5681853972686127,1.0,-1062969503.0,-273155695.0000005,0.2323613166809082,0,True,60,33,True,41,32,0.9849536418914796,5950.05078125,-617377623682.5214,2025-11-20 18:47:06
er_4194304_1_7.bin.gz,erdos_renyi,43,SpecAnn,0.5750727444570146,1.0,-1063448297.0000002,-275624815.00000024,0.2326898574829101,0,True,60,33,True,42,32,0.9843384623527528,5495.783203125,-569886632083.768,2025-11-20 18:47:06
er_4194304_1_7.bin.gz,erdos_renyi,43,SpecAnn,0.5818785759635375,1.0,-1063158339.0,-278191777.0000001,0.2321140766143798,0,True,60,33,True,43,32,0.983705461025238,5080.98486328125,-526535194742.0241,2025-11-20 18:47:06
er_4194304_1_7.bin.gz,erdos_renyi,43,SpecAnn,0.5886057194025436,1.0,-1063516921.0000004,-280864687.0000003,0.2329287528991699,0,True,60,33,True,44,32,0.9830543398857116,4701.77392578125,-486915601502.18976,2025-11-20 18:47:07
er_4194304_1_7.bin.gz,erdos_renyi,43,SpecAnn,0.5952568425994088,1.0,-1063625145.0,-283642679.0000001,0.2324724197387695,0,True,60,33,True,45,32,0.9823845028877258,4354.6875,-450664054666.4326,2025-11-20 18:47:07
er_4194304_1_7.bin.gz,erdos_renyi,43,SpecAnn,0.6018344659534288,1.0,-1063871453.0,-286381849.0000004,0.2328174114227295,0,True,60,33,True,46,32,0.981695592403412,4036.65576171875,-417458182985.038,2025-11-20 18:47:07
er_4194304_1_7.bin.gz,erdos_renyi,43,SpecAnn,0.6083409735974393,1.0,-1063637579.0000002,-289296295.0000001,0.2325432300567627,0,True,60,33,True,47,32,0.9809870719909668,3744.93017578125,-387009326272.4912,2025-11-20 18:47:07
er_4194304_1_7.bin.gz,erdos_renyi,43,SpecAnn,0.6147786234942719,1.0,-1063744577.0000002,-292212686.99999964,0.2324588298797607,0,True,60,33,True,48,32,0.9802584052085876,3477.0556640625,-359059680716.30707,2025-11-20 18:47:08
er_4194304_1_7.bin.gz,erdos_renyi,43,SpecAnn,0.6211495565912796,1.0,-1064059024.9999998,-295217123.0000006,0.2327463626861572,0,True,60,33,True,49,32,0.9795092344284058,3230.836669921875,-333378785685.37976,2025-11-20 18:47:08
er_4194304_1_7.bin.gz,erdos_renyi,43,SpecAnn,0.6274558051381586,1.0,-1064394599.0000002,-298478209.0000003,0.2321052551269531,0,True,60,33,True,50,32,0.9787390232086182,3004.29931640625,-309759422196.9397,2025-11-20 18:47:08
er_4194304_1_7.bin.gz,erdos_renyi,43,SpecAnn,0.6336993002596786,1.0,-1064390361.0,-301728471.0000003,0.2331621646881103,0,True,60,33,True,51,32,0.977947235107422,2795.67822265625,-288016274730.1426,2025-11-20 18:47:08
er_4194304_1_7.bin.gz,erdos_renyi,43,SpecAnn,0.6398818788633085,1.0,-1064021921.0,-305099201.0000004,0.2320704460144043,0,True,60,33,True,52,32,0.9771331548690796,2603.37939453125,-267982006648.02267,2025-11-20 18:47:09
er_4194304_1_7.bin.gz,erdos_renyi,43,SpecAnn,0.6460052899517691,1.0,-1064233511.0,-308478835.0,0.2325849533081054,0,True,60,33,True,53,32,0.976296365261078,2425.968017578125,-249506098781.21268,2025-11-20 18:47:09
er_4194304_1_7.bin.gz,erdos_renyi,43,SpecAnn,0.6520712004019966,1.0,-1063997417.0,-312030155.0000003,0.2324378490447998,0,True,60,33,True,54,32,0.9754363298416138,2262.153076171875,-232453097948.7469,2025-11-20 18:47:09
er_4194304_1_7.bin.gz,erdos_renyi,43,SpecAnn,0.6580812002646271,1.0,-1064405937.0000002,-315656879.0000001,0.2329256534576416,0,True,60,33,True,55,32,0.9745522737503052,2110.7666015625,-216700430966.58908,2025-11-20 18:47:09
er_4194304_1_7.bin.gz,erdos_renyi,43,SpecAnn,0.6640368076317485,1.0,-1064306047.0,-319469636.99999976,0.2326092720031738,0,True,60,33,True,56,32,0.9736436605453492,1970.751953125,-202137285052.5625,2025-11-20 18:47:09
er_4194304_1_7.bin.gz,erdos_renyi,43,SpecAnn,0.6699394731151429,1.0,-1064697455.0,-323233768.9999996,0.2321059703826904,0,True,60,33,True,57,32,0.972709894180298,1841.155517578125,-188663648734.96817,2025-11-20 18:47:10
er_4194304_1_7.bin.gz,erdos_renyi,43,SpecAnn,0.6757905839724513,1.0,-1064738569.0,-327108032.9999997,0.2326643466949463,0,True,60,33,True,58,32,0.9717501997947692,1721.1085205078125,-176188401513.35205,2025-11-20 18:47:10
er_4194304_1_7.bin.gz,erdos_renyi,43,SpecAnn,0.6815914679145113,1.0,-1064470971.0,-331189329.00000024,0.2330577373504638,0,True,60,33,True,59,32,0.970763862133026,1609.82763671875,-164629402460.83115,2025-11-20 18:47:10
er_4194304_1_7.bin.gz,erdos_renyi,43,SpecAnn,0.6873433966234707,1.0,-1065087721.0,-335297039.0000002,0.232180118560791,0,True,60,33,True,60,32,0.9697502255439758,1506.5960693359375,-153911525064.98016,2025-11-20 18:47:10
er_4194304_1_7.bin.gz,erdos_renyi,43,SpecAnn,0.6930475890080863,1.0,-1064722241.0,-339400688.9999999,0.2328243255615234,0,True,60,33,True,61,32,0.9687084555625916,1410.766357421875,-143966884764.86966,2025-11-20 18:47:11
er_4194304_1_7.bin.gz,erdos_renyi,43,SpecAnn,0.6987052142198116,1.0,-1065409047.0,-343790311.0000001,0.2321946620941162,0,True,60,33,True,62,32,0.9676377773284912,1321.746337890625,-134733426010.9642,2025-11-20 18:47:11
er_4194304_1_7.bin.gz,erdos_renyi,43,SpecAnn,0.7043173944508145,1.0,-1065508015.0,-348342201.0000002,0.2329621315002441,0,True,60,33,True,63,32,0.9665372967720032,1238.9967041015625,-126154628940.17296,2025-11-20 18:47:11
er_4194304_1_7.bin.gz,erdos_renyi,43,SpecAnn,0.709885207532891,1.0,-1065434071.0,-352929858.99999964,0.2324583530426025,0,True,60,33,True,64,32,0.9654061794281006,1162.027099609375,-118179120304.2924,2025-11-20 18:47:11
er_4194304_1_7.bin.gz,erdos_renyi,43,SpecAnn,0.7154096893543218,1.0,-1065774229.0,-357700840.99999964,0.2326679229736328,0,True,60,33,True,65,32,0.9642435312271118,1090.38720703125,-110759733903.4536,2025-11-20 18:47:12
er_4194304_1_7.bin.gz,erdos_renyi,43,SpecAnn,0.7208918361100219,1.0,-1065481369.0000004,-362576721.0,0.2322728633880615,0,True,60,33,True,66,32,0.9630483984947203,1023.6683959960938,-103853665845.43036,2025-11-20 18:47:12
er_4194304_1_7.bin.gz,erdos_renyi,43,SpecAnn,0.7263326063988248,1.0,-1066114947.0,-367610798.9999994,0.2325930595397949,0,True,60,33,True,67,32,0.9618196487426758,961.4945068359376,-97421513988.12456,2025-11-20 18:47:12
er_4194304_1_7.bin.gz,erdos_renyi,43,SpecAnn,0.7317329231804058,1.0,-1065945429.0,-372791902.9999997,0.2331411838531494,0,True,60,33,True,68,32,0.9605565071105956,903.5223999023438,-91427377894.07668,2025-11-20 18:47:12
er_4194304_1_7.bin.gz,erdos_renyi,43,SpecAnn,0.7370936756031579,1.0,-1066551395.0,-378220002.9999992,0.2324450016021728,0,True,60,33,True,69,32,0.9592576026916504,849.4364624023438,-85838193951.18996,2025-11-20 18:47:12
er_4194304_1_7.bin.gz,erdos_renyi,43,SpecAnn,0.7424157207132704,1.0,-1066155095.0,-383683100.9999994,0.2323410511016845,0,True,60,33,True,70,32,0.957921862602234,798.9487915039062,-80623834887.68646,2025-11-20 18:47:13
er_4194304_1_7.bin.gz,erdos_renyi,43,SpecAnn,0.7476998850543153,1.0,-1066507933.0,-389311837.0000002,0.2325217723846435,0,True,60,33,True,71,32,0.9565479755401612,751.7942504882812,-75756548377.21143,2025-11-20 18:47:13
er_4194304_1_7.bin.gz,erdos_renyi,43,SpecAnn,0.7529469661657903,1.0,-1066799339.0,-395199047.0000002,0.2331125736236572,0,True,60,33,True,72,32,0.9551347494125366,707.728271484375,-71210758640.43199,2025-11-20 18:47:13
er_4194304_1_7.bin.gz,erdos_renyi,43,SpecAnn,0.7581577339883167,1.0,-1067571959.0,-401175655.0,0.2323541641235351,0,True,60,33,True,73,32,0.953680694103241,666.5281982421875,-66963160126.98808,2025-11-20 18:47:13
er_4194304_1_7.bin.gz,erdos_renyi,43,SpecAnn,0.7633329321824984,1.0,-1067387289.0,-407374173.0,0.2329018115997314,0,True,60,33,True,74,32,0.9521844983100892,627.9876098632812,-62992175038.88192,2025-11-20 18:47:14
er_4194304_1_7.bin.gz,erdos_renyi,43,SpecAnn,0.7684732793678399,1.0,-1067541759.0,-413717983.00000006,0.2327022552490234,0,True,60,33,True,75,32,0.9506446123123168,591.9163818359375,-59277922285.25585,2025-11-20 18:47:14
er_4194304_1_7.bin.gz,erdos_renyi,43,SpecAnn,0.7735794702875677,1.0,-1068272861.0,-420304109.0,0.232675552368164,0,True,60,33,True,76,32,0.9490591883659364,558.14013671875,-55802155474.25804,2025-11-20 18:47:14
er_4194304_1_7.bin.gz,erdos_renyi,43,SpecAnn,0.7786521769046981,1.0,-1067937533.0000002,-427104101.0000004,0.2324988842010498,0,True,60,33,True,77,32,0.947426736354828,526.4978637695312,-52548058161.62398,2025-11-20 18:47:14
er_4194304_1_7.bin.gz,erdos_renyi,43,SpecAnn,0.7836920494342511,1.0,-1068425429.0,-434193641.0,0.2328507900238037,0,True,60,33,True,78,32,0.9457454085350036,496.8407287597656,-49500074645.0518,2025-11-20 18:47:15
er_4194304_1_7.bin.gz,erdos_renyi,43,SpecAnn,0.788699717316095,1.0,-1068437423.0,-441485581.0000001,0.2329277992248535,0,True,60,33,True,79,32,0.9440129399299622,469.0312805175781,-46643827128.16968,2025-11-20 18:47:15
er_4194304_1_7.bin.gz,erdos_renyi,43,SpecAnn,0.7936757901325451,1.0,-1069059563.0,-448983658.99999976,0.2326409816741943,0,True,60,33,True,80,32,0.9422276020050048,442.9431457519531,-43966129051.29067,2025-11-20 18:47:15
er_4194304_1_7.bin.gz,erdos_renyi,43,SpecAnn,0.7986208584745024,1.0,-1069529073.0000004,-456629883.0000001,0.2325057983398437,0,True,60,33,True,81,32,0.9403868913650512,418.4582824707031,-41454640856.25264,2025-11-20 18:47:15
er_4194304_1_7.bin.gz,erdos_renyi,43,SpecAnn,0.803535494759617,1.0,-1069631062.9999998,-464820871.0000002,0.2324895858764648,0,True,60,33,True,82,32,0.9384884834289552,395.46868896484375,-39098083872.41566,2025-11-20 18:47:15
er_4194304_1_7.bin.gz,erdos_renyi,43,SpecAnn,0.8084202540056837,1.0,-1070245611.0000002,-473450477.0000004,0.2326607704162597,0,True,60,33,True,83,32,0.9365299344062804,373.8739929199219,-36885981298.37334,2025-11-20 18:47:16
er_4194304_1_7.bin.gz,erdos_renyi,43,SpecAnn,0.8132756745622272,1.0,-1070174084.9999996,-481978543.0,0.2324147224426269,0,True,60,33,True,84,32,0.9345083236694336,353.5807189941406,-34808569097.8662,2025-11-20 18:47:16
er_4194304_1_7.bin.gz,erdos_renyi,43,SpecAnn,0.8181022788030096,1.0,-1070689895.0,-490709269.0000001,0.2332451343536377,0,True,60,33,True,85,32,0.9324207901954652,334.5029296875,-32856878092.677155,2025-11-20 18:47:16
er_4194304_1_7.bin.gz,erdos_renyi,43,SpecAnn,0.822900573781978,1.0,-1071011127.0,-500015929.0,0.2325809001922607,0,True,60,33,True,86,32,0.9302641153335572,316.5605773925781,-31022551919.52983,2025-11-20 18:47:16
er_4194304_1_7.bin.gz,erdos_renyi,43,SpecAnn,0.8276710518549868,1.0,-1071432253.0000002,-509687977.0000003,0.2330119609832763,0,True,60,33,True,87,32,0.9280347228050232,299.6795959472656,-29297854812.27946,2025-11-20 18:47:17
er_4194304_1_7.bin.gz,erdos_renyi,43,SpecAnn,0.8324141912694495,1.0,-1071802319.0,-519843601.0000001,0.2322828769683838,0,True,60,33,True,88,32,0.9257289171218872,283.79083251953125,-27675572549.861897,2025-11-20 18:47:17
er_4194304_1_7.bin.gz,erdos_renyi,43,SpecAnn,0.8371304567239225,1.0,-1072189791.0,-530303871.0000004,0.2330117225646972,0,True,60,33,True,89,32,0.923342764377594,268.8305969238281,-26149059231.93859,2025-11-20 18:47:17
er_4194304_1_7.bin.gz,erdos_renyi,43,SpecAnn,0.8418202998994706,1.0,-1073035625.0,-541633267.0000001,0.232285737991333,0,True,60,33,True,90,32,0.9208717942237854,254.739013671875,-24712066051.15218,2025-11-20 18:47:17
er_4194304_1_7.bin.gz,erdos_renyi,43,SpecAnn,0.846484159964536,1.0,-1073534635.0000004,-553434161.0000004,0.2328596115112304,0,True,60,33,True,91,32,0.9183111190795898,241.4610137939453,-23358840691.595093,2025-11-20 18:47:18
er_4194304_1_7.bin.gz,erdos_renyi,43,SpecAnn,0.8511224640549078,1.0,-1074047756.9999998,-565614729.0000004,0.2327251434326172,0,True,60,33,True,92,32,0.9156557321548462,228.94528198242188,-22084030530.523422,2025-11-20 18:47:18
er_4194304_1_7.bin.gz,erdos_renyi,43,SpecAnn,0.8557356277302758,1.0,-1075295039.0000002,-578231936.9999996,0.2331602573394775,0,True,60,33,True,93,32,0.9128997325897216,217.1436767578125,-20882605743.9867,2025-11-20 18:47:18
er_4194304_1_7.bin.gz,erdos_renyi,43,SpecAnn,0.8603240554087516,1.0,-1075824564.9999998,-591442529.0000007,0.2323226928710937,0,True,60,33,True,94,32,0.9100368618965148,206.011474609375,-19749896185.898693,2025-11-20 18:47:18
er_4194304_1_7.bin.gz,erdos_renyi,43,SpecAnn,0.86488814078064,1.0,-1076842257.0,-605500919.0,0.2325544357299804,0,True,60,33,True,95,32,0.907060444355011,195.50753784179688,-18681603784.3412,2025-11-20 18:47:19
er_4194304_1_7.bin.gz,erdos_renyi,43,SpecAnn,0.8694282672026621,1.0,-1077514913.0,-620112875.0000004,0.2328417301177978,0,True,60,33,True,96,32,0.9039627313613892,185.5927276611328,-17673635852.70372,2025-11-20 18:47:19
er_4194304_1_7.bin.gz,erdos_renyi,43,SpecAnn,0.8739448080737451,1.0,-1078883709.0000002,-635617360.9999999,0.2333245277404785,0,True,60,33,True,97,32,0.9007354974746704,176.23110961914062,-16722233226.398165,2025-11-20 18:47:19
er_4194304_1_7.bin.gz,erdos_renyi,43,SpecAnn,0.878438127193422,1.0,-1080204605.0,-651741547.0000001,0.2327537536621093,0,True,60,33,True,98,32,0.8973692655563354,167.388916015625,-15823855566.69394,2025-11-20 18:47:19
er_4194304_1_7.bin.gz,erdos_renyi,43,SpecAnn,0.8829085791038153,1.0,-1081787559.0,-668866117.0000005,0.2321774959564209,0,True,60,33,True,99,32,0.8938539624214172,159.03456115722656,-14975195704.001284,2025-11-20 18:47:19
er_4194304_1_7.bin.gz,erdos_renyi,43,SpecAnn,0.8873565094161138,1.0,-1082645974.9999998,-686864307.0,0.2332022190093994,0,True,60,33,True,100,32,0.8901779651641846,151.13876342773438,-14173174254.75396,2025-11-20 18:47:20
er_4194304_1_7.bin.gz,erdos_renyi,43,SpecAnn,0.8917822551223932,1.0,-1084070631.0000005,-705670741.0000005,0.2323865890502929,0,True,60,33,True,101,32,0.8863285779953003,143.67398071289062,-13414895670.683523,2025-11-20 18:47:20
er_4194304_1_7.bin.gz,erdos_renyi,43,SpecAnn,0.8961861448935777,1.0,-1086136733.0,-725542495.0000002,0.2329709529876709,0,True,60,33,True,102,32,0.8822914958000183,136.61460876464844,-12697658951.246683,2025-11-20 18:47:20
er_4194304_1_7.bin.gz,erdos_renyi,43,SpecAnn,0.9005684993642872,1.0,-1088114840.9999998,-746254397.0000006,0.2324907779693603,0,True,60,33,True,103,32,0.8780502676963806,129.93666076660156,-12018921634.048183,2025-11-20 18:47:20
er_4194304_1_7.bin.gz,erdos_renyi,43,SpecAnn,0.9049296314052688,1.0,-1090556327.0,-768005547.0000004,0.2328565120697021,0,True,60,33,True,104,32,0.8735867142677307,123.61750793457033,-11376284041.379757,2025-11-20 18:47:21
er_4194304_1_7.bin.gz,erdos_renyi,43,SpecAnn,0.9092698463840684,1.0,-1093157633.0,-790473815.0000008,0.2326357364654541,0,True,60,33,True,105,32,0.8688800930976868,117.6362533569336,-10767514206.676691,2025-11-20 18:47:21
er_4194304_1_7.bin.gz,erdos_renyi,43,SpecAnn,0.9135894424145556,1.0,-1095740603.0,-813427601.0000004,0.2327558994293213,0,True,60,33,True,106,32,0.8639065623283386,111.97327423095705,-10190501865.565248,2025-11-20 18:47:21
er_4194304_1_7.bin.gz,erdos_renyi,43,SpecAnn,0.9178887105958816,1.0,-1099303171.0,-837367516.9999993,0.2323217391967773,0,True,60,33,True,107,32,0.8586389422416687,106.60995483398438,-9643235277.40255,2025-11-20 18:47:21
er_4194304_1_7.bin.gz,erdos_renyi,43,SpecAnn,0.922167935241408,1.0,-1102712605.0000002,-861854409.0000001,0.232774019241333,0,True,60,33,True,108,32,0.8530461192131042,101.5290985107422,-9123835863.816511,2025-11-20 18:47:22
er_4194304_1_7.bin.gz,erdos_renyi,43,SpecAnn,0.92642739409812,1.0,-1106693531.0000002,-887002227.0,0.2327351570129394,0,True,60,33,True,109,32,0.8470919728279114,96.71461486816406,-8630522621.686106,2025-11-20 18:47:22
er_4194304_1_7.bin.gz,erdos_renyi,43,SpecAnn,0.9306673585570006,1.0,-1110782331.0,-912266470.9999998,0.45223069190979,0,True,60,65,True,110,32,0.8407346606254578,92.15117645263672,-8161580310.7638035,2025-11-20 18:47:22
er_4194304_1_7.bin.gz,erdos_renyi,43,SpecAnn,0.9348880938548184,1.0,-1115766666.9999998,-937476192.9999998,0.4518935680389404,0,True,60,65,True,111,32,0.8339248299598694,87.8246078491211,-7715384008.018515,2025-11-20 18:47:23
er_4194304_1_7.bin.gz,erdos_renyi,43,SpecAnn,0.9390898592677528,1.0,-1120357309.0,-961850619.0,0.6719861030578613,0,True,60,97,True,112,32,0.8266062140464783,83.72150421142578,-7290379072.659102,2025-11-20 18:47:23
er_4194304_1_7.bin.gz,erdos_renyi,43,SpecAnn,0.9432729082972536,1.0,-1124898243.0,-983390121.0,1.1111152172088623,0,True,60,161,True,113,32,0.818712592124939,79.82936096191406,-6885072931.710081,2025-11-20 18:47:24
er_4194304_1_7.bin.gz,erdos_renyi,43,SpecAnn,0.9474374888485204,1.0,-1127388291.0,-996686327.0,1.9879865646362305,0,True,60,289,True,114,32,0.8101651072502136,76.13636779785156,-6498006047.996176,2025-11-20 18:47:26
er_4194304_1_7.bin.gz,erdos_renyi,43,SpecAnn,0.9515838434019476,1.0,-1121864171.0,-981918437.0,7.035691499710083,0,True,60,1025,True,115,32,0.8009127974510193,72.63142395019531,-6128077004.890517,2025-11-20 18:47:33
er_4194304_1_7.bin.gz,erdos_renyi,43,SpecAnn,0.9557122091778746,1.0,-1120936567.0,-978512987.0,6.382224798202515,0,True,60,929,True,116,32,0.7912037968635559,69.30423736572266,-5776470685.646003,2025-11-20 18:47:40
er_4194304_1_7.bin.gz,erdos_renyi,43,SpecAnn,0.9598228182949629,1.0,-1120370161.0000002,-977825601.0,1.5499210357666016,0,True,60,225,True,117,32,0.7810670733451843,66.14490509033203,-5442508924.93624,2025-11-20 18:47:41
er_4194304_1_7.bin.gz,erdos_renyi,43,SpecAnn,0.963915897922488,1.0,-1120378161.0,-977496601.0,0.6719441413879395,0,True,60,97,True,118,32,0.7704834342002869,63.14432907104492,-5125214909.588932,2025-11-20 18:47:42
er_4194304_1_7.bin.gz,erdos_renyi,43,SpecAnn,0.967991670426842,1.0,-1120639677.0000002,-977327217.0,3.306354284286499,0,True,60,481,True,119,32,0.7594359517097473,60.29380035400391,-4823677159.86845,2025-11-20 18:47:45
er_4194304_1_7.bin.gz,erdos_renyi,43,SpecAnn,0.9720503535125016,1.0,-1120432331.0,-977137833.0,0.4518916606903076,0,True,60,65,True,120,32,0.7479059100151062,57.58515930175781,-4537033227.078027,2025-11-20 18:47:46
er_4194304_1_7.bin.gz,erdos_renyi,43,SpecAnn,0.9760921603577252,1.0,-1120423839.0000002,-977027491.0,0.4524040222167969,0,True,60,65,True,121,32,0.735874354839325,55.01081085205078,-4264480537.4502034,2025-11-20 18:47:46
er_4194304_1_7.bin.gz,erdos_renyi,43,SpecAnn,0.9801172997452104,1.0,-1120400979.0000002,-976993717.0,0.4521689414978027,0,True,60,65,True,122,32,0.723321259021759,52.5634880065918,-4005251835.874034,2025-11-20 18:47:47
er_4194304_1_7.bin.gz,erdos_renyi,43,SpecAnn,0.9841259761879442,1.0,-1120383143.0,-977024323.0,0.6722683906555176,0,True,60,97,True,123,32,0.7102258801460266,50.2364501953125,-3758632455.6560254,2025-11-20 18:47:47
er_4194304_1_7.bin.gz,erdos_renyi,43,SpecAnn,0.9881183900504562,1.0,-1120411355.0,-976961021.0,0.6713306903839111,0,True,60,97,True,124,32,0.6965675950050354,48.023231506347656,-3523944578.2914085,2025-11-20 18:47:48
er_4194304_1_7.bin.gz,erdos_renyi,43,SpecAnn,0.9920947376656812,1.0,-1120167523.0,-976970589.0,0.6726067066192627,0,True,60,97,True,125,32,0.6823235154151917,45.917850494384766,-3300549958.5749955,2025-11-20 18:47:49
er_4194304_1_7.bin.gz,erdos_renyi,43,SpecAnn,0.9960552114476228,1.0,-1120001469.0,-976635149.0,3.744269609451294,0,True,60,545,True,126,32,0.6674714684486389,43.91462326049805,-3087850671.722123,2025-11-20 18:47:53
er_4194304_1_7.bin.gz,erdos_renyi,43,SpecAnn,1.0,1.0,-1120132573.0000002,-976529229.0,0.4523730278015136,0,True,60,65,True,127,32,0.6519873738288879,42.00812911987305,-2885273239.582709,2025-11-20 18:47:53
er_4194304_1_7.bin.gz,erdos_renyi,44,SpecAnn,0.0,1.0,-1062433391.0,-216430809.0,0.3520503044128418,0,True,66,33,True,0,32,0.9994361400604248,4194305.0,-441599650956440.2,2025-11-20 18:48:31
er_4194304_1_7.bin.gz,erdos_renyi,44,SpecAnn,0.0887356509416113,1.0,-1062466690.9999996,-216475619.0,0.2317276000976562,0,True,66,33,True,1,32,0.9990590810775756,1505011.5,-158396161836157.72,2025-11-20 18:48:31
er_4194304_1_7.bin.gz,erdos_renyi,44,SpecAnn,0.1254911610276317,1.0,-1062317296.9999998,-216718281.0000001,0.232011079788208,0,True,66,33,True,2,32,0.9988366961479188,984460.75,-103587310840064.22,2025-11-20 18:48:31
er_4194304_1_7.bin.gz,erdos_renyi,44,SpecAnn,0.1536946558735679,1.0,-1062567535.0,-217162334.99999988,0.2341475486755371,0,True,66,33,True,3,32,0.9986311197280884,710822.875,-74779086342555.27,2025-11-20 18:48:32
er_4194304_1_7.bin.gz,erdos_renyi,44,SpecAnn,0.1774713018832227,1.0,-1062060359.0,-217784306.9999999,0.2326879501342773,0,True,66,33,True,4,32,0.9984297156333924,540173.875,-56815225914787.5,2025-11-20 18:48:32
er_4194304_1_7.bin.gz,erdos_renyi,44,SpecAnn,0.1984189475331362,1.0,-1062343044.9999998,-218537111.0000001,0.232121467590332,0,True,66,33,True,5,32,0.998227834701538,424129.5,-44600714873695.22,2025-11-20 18:48:32
er_4194304_1_7.bin.gz,erdos_renyi,44,SpecAnn,0.2173570668006655,1.0,-1062198601.0,-219362149.0000004,0.2322261333465576,0,True,66,33,True,6,32,0.9980230331420898,340835.5625,-35834316928938.94,2025-11-20 18:48:32
er_4194304_1_7.bin.gz,erdos_renyi,44,SpecAnn,0.2347724648169381,1.0,-1062430719.0,-220191985.00000003,0.2329714298248291,0,True,66,33,True,7,32,0.9978139400482178,278760.15625,-29301775046752.523,2025-11-20 18:48:33
er_4194304_1_7.bin.gz,erdos_renyi,44,SpecAnn,0.2509823220552634,1.0,-1062625921.0000002,-221078326.99999988,0.2327356338500976,0,True,66,33,True,8,32,0.997599482536316,231187.625,-24295982287732.8,2025-11-20 18:48:33
er_4194304_1_7.bin.gz,erdos_renyi,44,SpecAnn,0.2662069528248341,1.0,-1062635461.0,-221959951.0,0.2320203781127929,0,True,66,33,True,9,32,0.9973788261413574,193928.3125,-20375816749660.527,2025-11-20 18:48:33
er_4194304_1_7.bin.gz,erdos_renyi,44,SpecAnn,0.2806067666331568,1.0,-1062119177.0,-222908517.00000003,0.2327368259429931,0,True,66,33,True,10,32,0.997151494026184,164231.265625,-17251650357835.867,2025-11-20 18:48:33
er_4194304_1_7.bin.gz,erdos_renyi,44,SpecAnn,0.2943028597012718,1.0,-1062711170.9999998,-223917203.0000004,0.2323153018951416,0,True,66,33,True,11,32,0.9969170093536376,140217.15625,-14725627980478.469,2025-11-20 18:48:34
er_4194304_1_7.bin.gz,erdos_renyi,44,SpecAnn,0.3073893117471359,1.0,-1062501891.0000002,-224932593.00000072,0.2328131198883056,0,True,66,33,True,12,32,0.9966749548912048,120560.4375,-12658202064689.54,2025-11-20 18:48:34
er_4194304_1_7.bin.gz,erdos_renyi,44,SpecAnn,0.3199409394316542,1.0,-1062176026.9999998,-225914739.0000008,0.2324657440185547,0,True,66,33,True,13,32,0.9964248538017272,104301.8046875,-10948384423802.586,2025-11-20 18:48:34
er_4194304_1_7.bin.gz,erdos_renyi,44,SpecAnn,0.3320184038158743,1.0,-1062269838.9999998,-227023095.0000006,0.2328355312347412,0,True,66,33,True,14,32,0.9961665272712708,90731.3828125,-9521451031643.965,2025-11-20 18:48:34
er_4194304_1_7.bin.gz,erdos_renyi,44,SpecAnn,0.3436716983117353,1.0,-1062583672.9999998,-228165555.0000007,0.2321712970733642,0,True,66,33,True,15,32,0.995899498462677,79314.28125,-8321096724326.539,2025-11-20 18:48:34
er_4194304_1_7.bin.gz,erdos_renyi,44,SpecAnn,0.3549426037664455,1.0,-1062880024.9999998,-229361397.0000009,0.2325105667114257,0,True,66,33,True,16,32,0.9956235885620116,69640.8125,-7304200238214.07,2025-11-20 18:48:35
er_4194304_1_7.bin.gz,erdos_renyi,44,SpecAnn,0.3658664615902029,1.0,-1062699519.0,-230541453.0000008,0.2335126399993896,0,True,66,33,True,17,32,0.9953383803367616,61392.7734375,-6437269146702.054,2025-11-20 18:48:35
er_4194304_1_7.bin.gz,erdos_renyi,44,SpecAnn,0.3764734830828951,1.0,-1062913819.0000002,-231748541.0000008,0.2325782775878906,0,True,66,33,True,18,32,0.995043694972992,54320.06640625,-5693982237149.74,2025-11-20 18:48:35
er_4194304_1_7.bin.gz,erdos_renyi,44,SpecAnn,0.3867897351437838,1.0,-1062603436.9999996,-232998839.00000048,0.2324573993682861,0,True,66,33,True,19,32,0.9947391152381896,48223.87890625,-5053415398376.636,2025-11-20 18:48:35
er_4194304_1_7.bin.gz,erdos_renyi,44,SpecAnn,0.3968378950662725,1.0,-1063146051.0,-234157695.0000004,0.2328052520751953,0,True,66,33,True,20,32,0.9944245219230652,42944.6640625,-4498779408287.958,2025-11-20 18:48:36
er_4194304_1_7.bin.gz,erdos_renyi,44,SpecAnn,0.4066378372811136,1.0,-1062718703.0,-235471187.0000003,0.2328412532806396,0,True,66,33,True,21,32,0.9940994381904602,38353.1875,-4016473959609.262,2025-11-20 18:48:36
er_4194304_1_7.bin.gz,erdos_renyi,44,SpecAnn,0.4162070956347247,1.0,-1062750304.9999996,-236851597.0000001,0.2324466705322265,0,True,66,33,True,22,32,0.9937637448310852,34344.0234375,-3595406373434.2534,2025-11-20 18:48:36
er_4194304_1_7.bin.gz,erdos_renyi,44,SpecAnn,0.4255612320274539,1.0,-1062521680.9999998,-238267467.0000001,0.233137845993042,0,True,66,33,True,23,32,0.9934170842170716,30830.490234375,-3226455789588.561,2025-11-20 18:48:36
er_4194304_1_7.bin.gz,erdos_renyi,44,SpecAnn,0.434714133601331,1.0,-1062570124.9999998,-239826369.00000024,0.2327926158905029,0,True,66,33,True,24,32,0.9930591583251952,27740.80859375,-2902070111506.435,2025-11-20 18:48:37
er_4194304_1_7.bin.gz,erdos_renyi,44,SpecAnn,0.4436782547080569,1.0,-1062456747.0,-241389712.99999955,0.2325720787048339,0,True,66,33,True,25,32,0.9926897287368774,25015.263671875,-2615967094523.288,2025-11-20 18:48:37
er_4194304_1_7.bin.gz,erdos_renyi,44,SpecAnn,0.4524648157026343,1.0,-1062960561.0,-243034124.99999985,0.2326765060424804,0,True,66,33,True,26,32,0.9923084378242492,22603.830078125,-2362883892520.2964,2025-11-20 18:48:37
er_4194304_1_7.bin.gz,erdos_renyi,44,SpecAnn,0.4610839676207039,1.0,-1063481865.0,-244706122.99999976,0.2324755191802978,0,True,66,33,True,27,32,0.9919150471687316,20464.3984375,-2138391034651.64,2025-11-20 18:48:37
er_4194304_1_7.bin.gz,erdos_renyi,44,SpecAnn,0.4695449296338763,1.0,-1063239318.9999998,-246332535.0000001,0.2331259250640869,0,True,66,33,True,28,32,0.991509199142456,18561.359375,-1938742768600.388,2025-11-20 18:48:37
er_4194304_1_7.bin.gz,erdos_renyi,44,SpecAnn,0.4778561045889373,1.0,-1063098793.0,-248083958.99999988,0.2325892448425293,0,True,66,33,True,29,32,0.9910906553268432,16864.4453125,-1760755713706.9429,2025-11-20 18:48:38
er_4194304_1_7.bin.gz,erdos_renyi,44,SpecAnn,0.4860251767562508,1.0,-1063288304.9999996,-249794610.99999967,0.2331013679504394,0,True,66,33,True,30,32,0.99065899848938,15347.8466796875,-1601715227518.3716,2025-11-20 18:48:38
er_4194304_1_7.bin.gz,erdos_renyi,44,SpecAnn,0.4940591950252281,1.0,-1063389564.9999998,-251722769.0000001,0.232616901397705,0,True,66,33,True,31,32,0.990213930606842,13989.4501953125,-1459295831474.8484,2025-11-20 18:48:38
er_4194304_1_7.bin.gz,erdos_renyi,44,SpecAnn,0.5019646441105269,1.0,-1063277918.9999998,-253584126.99999952,0.2327699661254882,0,True,66,33,True,32,32,0.9897552132606506,12770.2421875,-1331498235697.8254,2025-11-20 18:48:38
er_4194304_1_7.bin.gz,erdos_renyi,44,SpecAnn,0.5097475058154177,1.0,-1063520626.9999998,-255498810.99999964,0.2325785160064697,0,True,66,33,True,33,32,0.9892825484275818,11673.810546875,-1216596751370.5308,2025-11-20 18:48:39
er_4194304_1_7.bin.gz,erdos_renyi,44,SpecAnn,0.51741331199832,1.0,-1063391552.9999998,-257499126.99999985,0.232663869857788,0,True,66,33,True,34,32,0.9887954592704772,10685.9658203125,-1113099295166.6282,2025-11-20 18:48:39
er_4194304_1_7.bin.gz,erdos_renyi,44,SpecAnn,0.5249671905758515,1.0,-1063122983.0000002,-259487503.0,0.23295259475708,0,True,66,33,True,35,32,0.9882935881614684,9794.3740234375,-1019709172858.4136,2025-11-20 18:48:39
er_4194304_1_7.bin.gz,erdos_renyi,44,SpecAnn,0.5324139056496683,1.0,-1063588818.9999998,-261662016.99999964,0.2324168682098388,0,True,66,33,True,36,32,0.9877767562866212,8988.298828125,-935297920451.2635,2025-11-20 18:48:39
er_4194304_1_7.bin.gz,erdos_renyi,44,SpecAnn,0.5397578926492556,1.0,-1063604936.9999998,-263769588.99999967,0.2324934005737304,0,True,66,33,True,37,32,0.9872444868087769,8258.359375,-858879345145.6931,2025-11-20 18:48:40
er_4194304_1_7.bin.gz,erdos_renyi,44,SpecAnn,0.5470032892270364,1.0,-1063765665.0,-266029354.99999973,0.2331812381744384,0,True,66,33,True,38,32,0.9866964221000672,7596.3564453125,-789591659202.8689,2025-11-20 18:48:40
er_4194304_1_7.bin.gz,erdos_renyi,44,SpecAnn,0.554153962516942,1.0,-1063665897.0,-268361624.9999999,0.2327158451080322,0,True,66,33,True,39,32,0.9861321449279784,6995.0693359375,-726675976622.841,2025-11-20 18:48:40
er_4194304_1_7.bin.gz,erdos_renyi,44,SpecAnn,0.5612135332663137,1.0,-1063821718.9999998,-270771044.9999996,0.2324273586273193,0,True,66,33,True,40,32,0.9855513572692872,6448.16748046875,-669467090642.1654,2025-11-20 18:48:40
er_4194304_1_7.bin.gz,erdos_renyi,44,SpecAnn,0.5681853972686127,1.0,-1063952661.0,-273155694.9999998,0.2329969406127929,0,True,66,33,True,41,32,0.9849535822868348,5950.056640625,-617377115953.4202,2025-11-20 18:48:41
er_4194304_1_7.bin.gz,erdos_renyi,44,SpecAnn,0.5750727444570146,1.0,-1063563845.0,-275624814.9999994,0.2329704761505127,0,True,66,33,True,42,32,0.984338402748108,5495.78857421875,-569886159144.6205,2025-11-20 18:48:41
er_4194304_1_7.bin.gz,erdos_renyi,44,SpecAnn,0.5818785759635375,1.0,-1063908862.9999996,-278191776.9999999,0.2333266735076904,0,True,66,33,True,43,32,0.9837054014205932,5080.99072265625,-526534850368.4024,2025-11-20 18:48:41
er_4194304_1_7.bin.gz,erdos_renyi,44,SpecAnn,0.5886057194025436,1.0,-1064182141.0,-280864992.99999946,0.2324130535125732,0,True,66,33,True,44,32,0.9830542802810668,4701.77880859375,-486915227176.30194,2025-11-20 18:48:41
er_4194304_1_7.bin.gz,erdos_renyi,44,SpecAnn,0.5952568425994088,1.0,-1064269021.0,-283642678.9999996,0.233384370803833,0,True,66,33,True,45,32,0.9823845028877258,4354.69189453125,-450663722305.2365,2025-11-20 18:48:41
er_4194304_1_7.bin.gz,erdos_renyi,44,SpecAnn,0.6018344659534288,1.0,-1064033541.0,-286381848.9999996,0.23274827003479,0,True,66,33,True,46,32,0.9816955327987672,4036.66015625,-417457882957.23926,2025-11-20 18:48:42
er_4194304_1_7.bin.gz,erdos_renyi,44,SpecAnn,0.6083409735974393,1.0,-1063981231.0,-289294208.9999997,0.2334744930267334,0,True,66,33,True,47,32,0.9809870719909668,3744.93408203125,-387009053986.2899,2025-11-20 18:48:42
er_4194304_1_7.bin.gz,erdos_renyi,44,SpecAnn,0.6147786234942719,1.0,-1064196605.0,-292212687.0000003,0.2326092720031738,0,True,66,33,True,48,32,0.9802584052085876,3477.0595703125,-359059456948.2255,2025-11-20 18:48:42
er_4194304_1_7.bin.gz,erdos_renyi,44,SpecAnn,0.6211495565912796,1.0,-1064422687.0,-295215943.0,0.2324299812316894,0,True,66,33,True,49,32,0.9795092344284058,3230.84033203125,-333378581272.3131,2025-11-20 18:48:42
er_4194304_1_7.bin.gz,erdos_renyi,44,SpecAnn,0.6274558051381586,1.0,-1064121262.9999996,-298478209.00000006,0.2328419685363769,0,True,66,33,True,50,32,0.9787390232086182,3004.302734375,-309759233569.0944,2025-11-20 18:48:43
er_4194304_1_7.bin.gz,erdos_renyi,44,SpecAnn,0.6336993002596786,1.0,-1064702607.0,-301728471.0,0.2326259613037109,0,True,66,33,True,51,32,0.9779471755027772,2795.681396484375,-288016081088.6324,2025-11-20 18:48:43
er_4194304_1_7.bin.gz,erdos_renyi,44,SpecAnn,0.6398818788633085,1.0,-1064574205.0,-305099200.9999999,0.2326159477233886,0,True,66,33,True,52,32,0.9771330952644348,2603.38232421875,-267981823803.56976,2025-11-20 18:48:43
er_4194304_1_7.bin.gz,erdos_renyi,44,SpecAnn,0.6460052899517691,1.0,-1064367453.0,-308478835.0,0.2326498031616211,0,True,66,33,True,53,32,0.976296365261078,2425.970703125,-249505939186.6789,2025-11-20 18:48:43
er_4194304_1_7.bin.gz,erdos_renyi,44,SpecAnn,0.6520712004019966,1.0,-1064591355.0,-312030155.0000003,0.2328157424926757,0,True,66,33,True,54,32,0.975436270236969,2262.155517578125,-232452928604.947,2025-11-20 18:48:44
er_4194304_1_7.bin.gz,erdos_renyi,44,SpecAnn,0.6580812002646271,1.0,-1064681915.0,-315656955.0,0.2329814434051513,0,True,66,33,True,55,32,0.9745522737503052,2110.76904296875,-216700303113.83905,2025-11-20 18:48:44
er_4194304_1_7.bin.gz,erdos_renyi,44,SpecAnn,0.6640368076317485,1.0,-1064678567.0,-319469637.0000006,0.2329740524291992,0,True,66,33,True,56,32,0.973643720149994,1970.7542724609373,-202137182256.59903,2025-11-20 18:48:44
er_4194304_1_7.bin.gz,erdos_renyi,44,SpecAnn,0.6699394731151429,1.0,-1064581675.0,-323233769.00000024,0.232731819152832,0,True,66,33,True,57,32,0.9727098345756532,1841.15771484375,-188663532800.7205,2025-11-20 18:48:44
er_4194304_1_7.bin.gz,erdos_renyi,44,SpecAnn,0.6757905839724513,1.0,-1064642809.0,-327108399.0000002,0.2328217029571533,0,True,66,33,True,58,32,0.9717501997947692,1721.110595703125,-176188306211.23444,2025-11-20 18:48:44
er_4194304_1_7.bin.gz,erdos_renyi,44,SpecAnn,0.6815914679145113,1.0,-1064796579.0,-331189158.9999999,0.2332806587219238,0,True,66,33,True,59,32,0.970763862133026,1609.82958984375,-164629314648.97156,2025-11-20 18:48:45
er_4194304_1_7.bin.gz,erdos_renyi,44,SpecAnn,0.6873433966234707,1.0,-1065186999.0,-335297570.99999976,0.2324476242065429,0,True,66,33,True,60,32,0.9697502255439758,1506.59765625,-153911418353.35852,2025-11-20 18:48:45
er_4194304_1_7.bin.gz,erdos_renyi,44,SpecAnn,0.6930475890080863,1.0,-1064939475.0,-339400200.9999996,0.2328188419342041,0,True,66,33,True,61,32,0.9687083959579468,1410.76806640625,-143966798847.6146,2025-11-20 18:48:45
er_4194304_1_7.bin.gz,erdos_renyi,44,SpecAnn,0.6987052142198116,1.0,-1065681883.0000002,-343789856.99999964,0.2330009937286377,0,True,66,33,True,62,32,0.9676377177238464,1321.7479248046875,-134733344144.11436,2025-11-20 18:48:45
er_4194304_1_7.bin.gz,erdos_renyi,44,SpecAnn,0.7043173944508145,1.0,-1065512639.0,-348342200.9999997,0.2330169677734375,0,True,66,33,True,63,32,0.9665372371673584,1238.998291015625,-126154562393.01105,2025-11-20 18:48:46
er_4194304_1_7.bin.gz,erdos_renyi,44,SpecAnn,0.709885207532891,1.0,-1065361848.9999996,-352929858.9999998,0.2328212261199951,0,True,66,33,True,64,32,0.9654061198234558,1162.028564453125,-118179055567.04634,2025-11-20 18:48:46
er_4194304_1_7.bin.gz,erdos_renyi,44,SpecAnn,0.7154096893543218,1.0,-1065755453.0,-357702120.99999934,0.2328383922576904,0,True,66,33,True,65,32,0.9642434120178224,1090.388671875,-110759675549.01988,2025-11-20 18:48:46
er_4194304_1_7.bin.gz,erdos_renyi,44,SpecAnn,0.7208918361100219,1.0,-1065647536.9999998,-362576216.9999991,0.2328584194183349,0,True,66,33,True,66,32,0.9630483388900756,1023.6697387695312,-103853614250.20885,2025-11-20 18:48:46
er_4194304_1_7.bin.gz,erdos_renyi,44,SpecAnn,0.7263326063988248,1.0,-1065773021.0,-367610798.9999992,0.2326917648315429,0,True,66,33,True,67,32,0.9618197083473206,961.4957275390624,-97421473550.18349,2025-11-20 18:48:47
er_4194304_1_7.bin.gz,erdos_renyi,44,SpecAnn,0.7317329231804058,1.0,-1066004764.9999998,-372791902.9999991,0.2325232028961181,0,True,66,33,True,68,32,0.9605565071105956,903.5234985351562,-91427329373.75644,2025-11-20 18:48:47
er_4194304_1_7.bin.gz,erdos_renyi,44,SpecAnn,0.7370936756031579,1.0,-1066100766.9999996,-378220002.9999991,0.2332291603088379,0,True,66,33,True,69,32,0.9592575430870056,849.4375610351562,-85838149709.17395,2025-11-20 18:48:47
er_4194304_1_7.bin.gz,erdos_renyi,44,SpecAnn,0.7424157207132704,1.0,-1066454701.0,-383683100.9999992,0.2329280376434326,0,True,66,33,True,70,32,0.9579218029975892,798.9498901367188,-80623799915.7006,2025-11-20 18:48:47
er_4194304_1_7.bin.gz,erdos_renyi,44,SpecAnn,0.7476998850543153,1.0,-1066648513.0,-389311696.9999996,0.2323980331420898,0,True,66,33,True,71,32,0.9565478563308716,751.7952270507812,-75756505022.42552,2025-11-20 18:48:47
er_4194304_1_7.bin.gz,erdos_renyi,44,SpecAnn,0.7529469661657903,1.0,-1067038149.0,-395199047.0000002,0.2325682640075683,0,True,66,33,True,72,32,0.9551346302032472,707.7291870117188,-71210717492.2303,2025-11-20 18:48:48
er_4194304_1_7.bin.gz,erdos_renyi,44,SpecAnn,0.7581577339883167,1.0,-1067286911.0,-401175654.9999997,0.232900857925415,0,True,66,33,True,73,32,0.9536806344985962,666.529052734375,-66963124828.21324,2025-11-20 18:48:48
er_4194304_1_7.bin.gz,erdos_renyi,44,SpecAnn,0.7633329321824984,1.0,-1067429958.9999996,-407375131.0000003,0.2334108352661132,0,True,66,33,True,74,32,0.9521844983100892,627.9884033203125,-62992144604.17068,2025-11-20 18:48:48
er_4194304_1_7.bin.gz,erdos_renyi,44,SpecAnn,0.7684732793678399,1.0,-1067664234.9999998,-413717815.0000002,0.2325351238250732,0,True,66,33,True,75,32,0.9506444931030272,591.9171752929688,-59277890775.94096,2025-11-20 18:48:48
er_4194304_1_7.bin.gz,erdos_renyi,44,SpecAnn,0.7735794702875677,1.0,-1067961217.0,-420304108.99999946,0.2328338623046875,0,True,66,33,True,76,32,0.9490591287612916,558.1409301757812,-55802133832.09486,2025-11-20 18:48:49
er_4194304_1_7.bin.gz,erdos_renyi,44,SpecAnn,0.7786521769046981,1.0,-1067959077.0,-427104100.9999997,0.2328341007232666,0,True,66,33,True,77,32,0.9474266767501832,526.49853515625,-52548030082.00623,2025-11-20 18:48:49
er_4194304_1_7.bin.gz,erdos_renyi,44,SpecAnn,0.7836920494342511,1.0,-1068316749.0,-434193640.9999998,0.2333121299743652,0,True,66,33,True,78,32,0.945745289325714,496.8413696289063,-49500045796.32583,2025-11-20 18:48:49
er_4194304_1_7.bin.gz,erdos_renyi,44,SpecAnn,0.788699717316095,1.0,-1068608591.0000002,-441485550.99999976,0.2323882579803466,0,True,66,33,True,79,32,0.9440128803253174,469.031982421875,-46643812515.38605,2025-11-20 18:48:49
er_4194304_1_7.bin.gz,erdos_renyi,44,SpecAnn,0.7936757901325451,1.0,-1068624443.0,-448983659.0000006,0.2327094078063964,0,True,66,33,True,80,32,0.94222754240036,442.9437561035156,-43966110059.85495,2025-11-20 18:48:50
er_4194304_1_7.bin.gz,erdos_renyi,44,SpecAnn,0.7986208584745024,1.0,-1069318035.0,-456629883.0000001,0.2329847812652588,0,True,66,33,True,81,32,0.9403868317604064,418.4588623046875,-41454623263.64768,2025-11-20 18:48:50
er_4194304_1_7.bin.gz,erdos_renyi,44,SpecAnn,0.803535494759617,1.0,-1069837073.0,-464820217.0000002,0.2325019836425781,0,True,66,33,True,82,32,0.9384885430336,395.46923828125,-39098072373.480286,2025-11-20 18:48:50
er_4194304_1_7.bin.gz,erdos_renyi,44,SpecAnn,0.8084202540056837,1.0,-1069925701.0,-473450477.0000001,0.2331347465515136,0,True,66,33,True,83,32,0.9365299344062804,373.87451171875,-36885968055.85378,2025-11-20 18:48:50
er_4194304_1_7.bin.gz,erdos_renyi,44,SpecAnn,0.8132756745622272,1.0,-1070283301.0,-481977116.9999999,0.2325096130371093,0,True,66,33,True,84,32,0.9345082640647888,353.5812072753906,-34808554148.87301,2025-11-20 18:48:51
er_4194304_1_7.bin.gz,erdos_renyi,44,SpecAnn,0.8181022788030096,1.0,-1070621744.9999998,-490710353.0000005,0.2332115173339843,0,True,66,33,True,85,32,0.9324207305908204,334.50341796875,-32856866564.997417,2025-11-20 18:48:51
er_4194304_1_7.bin.gz,erdos_renyi,44,SpecAnn,0.822900573781978,1.0,-1071023411.0,-500012597.0000005,0.2325053215026855,0,True,66,33,True,86,32,0.9302639961242676,316.56103515625,-31022538619.10156,2025-11-20 18:48:51
er_4194304_1_7.bin.gz,erdos_renyi,44,SpecAnn,0.8276710518549868,1.0,-1071048768.9999996,-509687977.0000005,0.2325363159179687,0,True,66,33,True,87,32,0.9280346632003784,299.6800537109375,-29297846510.46621,2025-11-20 18:48:51
er_4194304_1_7.bin.gz,erdos_renyi,44,SpecAnn,0.8324141912694495,1.0,-1071892044.9999998,-519841393.00000006,0.2323713302612304,0,True,66,33,True,88,32,0.9257288575172424,283.79119873046875,-27675558141.864742,2025-11-20 18:48:51
er_4194304_1_7.bin.gz,erdos_renyi,44,SpecAnn,0.8371304567239225,1.0,-1072469879.0,-530301877.0000008,0.2324912548065185,0,True,66,33,True,89,32,0.923342764377594,268.8309936523437,-26149052148.52404,2025-11-20 18:48:52
er_4194304_1_7.bin.gz,erdos_renyi,44,SpecAnn,0.8418202998994706,1.0,-1073495798.9999998,-541633267.0000006,0.2326607704162597,0,True,66,33,True,90,32,0.9208717346191406,254.7393798828125,-24712056814.3714,2025-11-20 18:48:52
er_4194304_1_7.bin.gz,erdos_renyi,44,SpecAnn,0.846484159964536,1.0,-1073754698.9999998,-553434161.0000002,0.2332971096038818,0,True,66,33,True,91,32,0.9183110594749452,241.4613647460937,-23358832326.87172,2025-11-20 18:48:52
er_4194304_1_7.bin.gz,erdos_renyi,44,SpecAnn,0.8511224640549078,1.0,-1074511580.9999998,-565614729.0000001,0.2323136329650879,0,True,66,33,True,92,32,0.9156556725502014,228.9456329345703,-22084024372.848946,2025-11-20 18:48:52
er_4194304_1_7.bin.gz,erdos_renyi,44,SpecAnn,0.8557356277302758,1.0,-1075387070.9999998,-578232497.0000006,0.2325785160064697,0,True,66,33,True,93,32,0.9128996729850768,217.1439819335937,-20882597254.695667,2025-11-20 18:48:53
er_4194304_1_7.bin.gz,erdos_renyi,44,SpecAnn,0.8603240554087516,1.0,-1076218705.0,-591442529.0000008,0.232879638671875,0,True,66,33,True,94,32,0.91003680229187,206.0117950439453,-19749891115.73153,2025-11-20 18:48:53
er_4194304_1_7.bin.gz,erdos_renyi,44,SpecAnn,0.86488814078064,1.0,-1077122004.9999998,-605501227.0000005,0.2325434684753418,0,True,66,33,True,95,32,0.9070603847503662,195.50782775878903,-18681597629.495247,2025-11-20 18:48:53
er_4194304_1_7.bin.gz,erdos_renyi,44,SpecAnn,0.8694282672026621,1.0,-1077973138.9999998,-620112896.9999995,0.2325439453125,0,True,66,33,True,96,32,0.9039626717567444,185.593002319336,-17673629973.00001,2025-11-20 18:48:53
er_4194304_1_7.bin.gz,erdos_renyi,44,SpecAnn,0.8739448080737451,1.0,-1078785077.0,-635616861.0000004,0.2322161197662353,0,True,66,33,True,97,32,0.9007354378700256,176.23138427734375,-16722228973.858076,2025-11-20 18:48:54
er_4194304_1_7.bin.gz,erdos_renyi,44,SpecAnn,0.878438127193422,1.0,-1079980455.0,-651740758.9999996,0.2323031425476074,0,True,66,33,True,98,32,0.8973692059516907,167.38916015625,-15823849956.491287,2025-11-20 18:48:54
er_4194304_1_7.bin.gz,erdos_renyi,44,SpecAnn,0.8829085791038153,1.0,-1081439489.0,-668866320.9999999,0.2333500385284423,0,True,66,33,True,99,32,0.8938539028167725,159.03480529785156,-14975191538.149277,2025-11-20 18:48:54
er_4194304_1_7.bin.gz,erdos_renyi,44,SpecAnn,0.8873565094161138,1.0,-1082844282.9999995,-686864081.0,0.2321977615356445,0,True,66,33,True,100,32,0.8901779651641846,151.13900756835938,-14173172393.788893,2025-11-20 18:48:54
er_4194304_1_7.bin.gz,erdos_renyi,44,SpecAnn,0.8917822551223932,1.0,-1084704218.9999995,-705670976.9999992,0.2324640750885009,0,True,66,33,True,101,32,0.8863284587860107,143.6741943359375,-13414890381.44847,2025-11-20 18:48:54
er_4194304_1_7.bin.gz,erdos_renyi,44,SpecAnn,0.8961861448935777,1.0,-1086207194.9999998,-725542466.9999999,0.2323141098022461,0,True,66,33,True,102,32,0.8822914361953735,136.6148223876953,-12697655770.378267,2025-11-20 18:48:55
er_4194304_1_7.bin.gz,erdos_renyi,44,SpecAnn,0.9005684993642872,1.0,-1088352819.0,-746255042.9999996,0.2330660820007324,0,True,66,33,True,103,32,0.8780502080917358,129.93687438964844,-12018919585.175615,2025-11-20 18:48:55
er_4194304_1_7.bin.gz,erdos_renyi,44,SpecAnn,0.9049296314052688,1.0,-1090549873.0000002,-768003859.0000001,0.2325692176818847,0,True,66,33,True,104,32,0.8735866546630859,123.6177215576172,-11376283054.19369,2025-11-20 18:48:55
er_4194304_1_7.bin.gz,erdos_renyi,44,SpecAnn,0.9092698463840684,1.0,-1092996068.9999998,-790472700.9999995,0.2320759296417236,0,True,66,33,True,105,32,0.8688799738883972,117.63643646240234,-10767510682.447514,2025-11-20 18:48:55
er_4194304_1_7.bin.gz,erdos_renyi,44,SpecAnn,0.9135894424145556,1.0,-1095780638.9999998,-813426677.0000004,0.232969045639038,0,True,66,33,True,106,32,0.8639065027236938,111.97344970703124,-10190499333.098911,2025-11-20 18:48:56
er_4194304_1_7.bin.gz,erdos_renyi,44,SpecAnn,0.9178887105958816,1.0,-1099087068.9999998,-837366671.0000002,0.2327203750610351,0,True,66,33,True,107,32,0.8586388826370239,106.61012268066406,-9643232947.012196,2025-11-20 18:48:56
er_4194304_1_7.bin.gz,erdos_renyi,44,SpecAnn,0.922167935241408,1.0,-1102431397.0,-861853597.0000002,0.2328484058380127,0,True,66,33,True,108,32,0.8530460596084595,101.52925872802734,-9123833688.033182,2025-11-20 18:48:56
er_4194304_1_7.bin.gz,erdos_renyi,44,SpecAnn,0.92642739409812,1.0,-1106748174.9999998,-887001946.9999998,0.2319185733795166,0,True,66,33,True,109,32,0.8470919132232666,96.71476745605467,-8630520556.456144,2025-11-20 18:48:56
er_4194304_1_7.bin.gz,erdos_renyi,44,SpecAnn,0.9306673585570006,1.0,-1111018502.9999998,-912264481.0000002,0.4525771141052246,0,True,66,65,True,110,32,0.840734601020813,92.1513214111328,-8161578315.357952,2025-11-20 18:48:57
er_4194304_1_7.bin.gz,erdos_renyi,44,SpecAnn,0.9348880938548184,1.0,-1115419223.0,-937473924.9999996,0.4522826671600342,0,True,66,65,True,111,32,0.8339247703552246,87.82475280761719,-7715382715.133205,2025-11-20 18:48:57
er_4194304_1_7.bin.gz,erdos_renyi,44,SpecAnn,0.9390898592677528,1.0,-1120622451.0,-961849805.0,0.6712357997894287,0,True,66,97,True,112,32,0.8266061544418335,83.72164916992188,-7290378436.10802,2025-11-20 18:48:58
er_4194304_1_7.bin.gz,erdos_renyi,44,SpecAnn,0.9432729082972536,1.0,-1124958771.0,-983390755.0,1.11181378364563,0,True,66,161,True,113,32,0.818712592124939,79.8294906616211,-6885072092.206216,2025-11-20 18:48:59
er_4194304_1_7.bin.gz,erdos_renyi,44,SpecAnn,0.9474374888485204,1.0,-1127494041.0,-996684478.9999998,1.990475416183472,0,True,66,289,True,114,32,0.8101648092269897,76.1364974975586,-6498003377.449336,2025-11-20 18:49:01
er_4194304_1_7.bin.gz,erdos_renyi,44,SpecAnn,0.9515838434019476,1.0,-1121891644.9999998,-981816863.0,7.034770488739014,0,True,66,1025,True,115,32,0.8009129166603088,72.63154602050781,-6128077512.78949,2025-11-20 18:49:08
er_4194304_1_7.bin.gz,erdos_renyi,44,SpecAnn,0.9557122091778746,1.0,-1120834430.9999998,-978403427.0,6.379669189453125,0,True,66,929,True,116,32,0.7912033796310425,69.30435943603516,-5776467724.550444,2025-11-20 18:49:14
er_4194304_1_7.bin.gz,erdos_renyi,44,SpecAnn,0.9598228182949629,1.0,-1120504497.0,-977825333.0,1.548863410949707,0,True,66,225,True,117,32,0.7810666561126709,66.14501953125,-5442505927.904352,2025-11-20 18:49:16
er_4194304_1_7.bin.gz,erdos_renyi,44,SpecAnn,0.963915897922488,1.0,-1120422142.9999998,-977572833.0,1.110970973968506,0,True,66,161,True,118,32,0.7704834342002869,63.14443588256836,-5125214627.204096,2025-11-20 18:49:17
er_4194304_1_7.bin.gz,erdos_renyi,44,SpecAnn,0.967991670426842,1.0,-1120252666.9999998,-977393405.0,0.4529662132263183,0,True,66,65,True,119,32,0.7594360113143921,60.29389953613281,-4823677048.070503,2025-11-20 18:49:18
er_4194304_1_7.bin.gz,erdos_renyi,44,SpecAnn,0.9720503535125016,1.0,-1120267755.0,-977293087.0,1.549140453338623,0,True,66,225,True,120,32,0.7479058504104614,57.58525466918945,-4537032454.752542,2025-11-20 18:49:19
er_4194304_1_7.bin.gz,erdos_renyi,44,SpecAnn,0.9760921603577252,1.0,-1120168923.0,-977214627.0,0.4529671669006347,0,True,66,65,True,121,32,0.7358745336532593,55.01090240478516,-4264481222.41241,2025-11-20 18:49:20
er_4194304_1_7.bin.gz,erdos_renyi,44,SpecAnn,0.9801172997452104,1.0,-1120186902.9999998,-977222557.0,0.4516081809997558,0,True,66,65,True,122,32,0.7233211994171143,52.563575744628906,-4005251195.575078,2025-11-20 18:49:20
er_4194304_1_7.bin.gz,erdos_renyi,44,SpecAnn,0.9841259761879442,1.0,-1120239795.0,-977079111.0,0.672034502029419,0,True,66,97,True,123,32,0.7102262377738953,50.23653030395508,-3758633776.928093,2025-11-20 18:49:21
er_4194304_1_7.bin.gz,erdos_renyi,44,SpecAnn,0.9881183900504562,1.0,-1120121803.0,-976991513.0,1.5484373569488523,0,True,66,225,True,124,32,0.6965674161911011,48.0233154296875,-3523943676.890489,2025-11-20 18:49:22
er_4194304_1_7.bin.gz,erdos_renyi,44,SpecAnn,0.9920947376656812,1.0,-1120083421.0,-976870137.0,0.4527931213378906,0,True,66,65,True,125,32,0.6823235750198364,45.917930603027344,-3300550240.178616,2025-11-20 18:49:23
er_4194304_1_7.bin.gz,erdos_renyi,44,SpecAnn,0.9960552114476228,1.0,-1120249181.0,-976824701.0,0.6715302467346191,0,True,66,97,True,126,32,0.6674716472625732,43.914695739746094,-3087851201.945436,2025-11-20 18:49:23
er_4194304_1_7.bin.gz,erdos_renyi,44,SpecAnn,1.0,1.0,-1120183917.0,-976636045.0,0.6716165542602539,0,True,66,97,True,127,32,0.6519873142242432,42.00819778442383,-2885272652.403954,2025-11-20 18:49:24
er_4194304_1_7.bin.gz,erdos_renyi,45,SpecAnn,0.0,1.0,-1062398959.0,-216431647.0000008,0.353003978729248,0,True,76,33,True,0,32,0.9994361400604248,4194305.0,-441599751563000.2,2025-11-20 18:50:04
er_4194304_1_7.bin.gz,erdos_renyi,45,SpecAnn,0.0887356509416113,1.0,-1062222911.0,-216475489.0000009,0.2320380210876464,0,True,76,33,True,1,32,0.9990590810775756,1505011.5,-158396197922447.47,2025-11-20 18:50:05
er_4194304_1_7.bin.gz,erdos_renyi,45,SpecAnn,0.1254911610276317,1.0,-1061937355.0,-216718281.0000008,0.2317841053009033,0,True,76,33,True,2,32,0.9988367557525636,984460.75,-103587340621113.98,2025-11-20 18:50:05
er_4194304_1_7.bin.gz,erdos_renyi,45,SpecAnn,0.1536946558735679,1.0,-1062102823.0000004,-217162263.0000003,0.2329905033111572,0,True,76,33,True,3,32,0.9986311197280884,710822.875,-74779103378951.52,2025-11-20 18:50:05
er_4194304_1_7.bin.gz,erdos_renyi,45,SpecAnn,0.1774713018832227,1.0,-1062474949.0,-217783813.0000005,0.2319648265838623,0,True,76,33,True,4,32,0.9984297156333924,540173.875,-56815238858603.06,2025-11-20 18:50:05
er_4194304_1_7.bin.gz,erdos_renyi,45,SpecAnn,0.1984189475331362,1.0,-1062257951.0,-218537539.00000063,0.2321488857269287,0,True,76,33,True,5,32,0.998227834701538,424129.4375,-44600718462372.2,2025-11-20 18:50:06
er_4194304_1_7.bin.gz,erdos_renyi,45,SpecAnn,0.2173570668006655,1.0,-1062227159.0,-219363379.00000083,0.2324256896972656,0,True,76,33,True,6,32,0.9980230927467346,340835.5,-35834320661899.99,2025-11-20 18:50:06
er_4194304_1_7.bin.gz,erdos_renyi,45,SpecAnn,0.2347724648169381,1.0,-1061832374.9999998,-220191985.0000004,0.2326831817626953,0,True,76,33,True,7,32,0.9978139400482178,278760.125,-29301778437537.57,2025-11-20 18:50:06
er_4194304_1_7.bin.gz,erdos_renyi,45,SpecAnn,0.2509823220552634,1.0,-1062678869.0,-221078595.0000008,0.2321932315826416,0,True,76,33,True,8,32,0.997599482536316,231187.59375,-24295984538789.094,2025-11-20 18:50:06
er_4194304_1_7.bin.gz,erdos_renyi,45,SpecAnn,0.2662069528248341,1.0,-1061925499.0000002,-221959951.00000057,0.2319288253784179,0,True,76,33,True,9,32,0.9973787665367126,193928.28125,-20375816890654.17,2025-11-20 18:50:06
er_4194304_1_7.bin.gz,erdos_renyi,45,SpecAnn,0.2806067666331568,1.0,-1062373072.9999998,-222909123.0000014,0.2322292327880859,0,True,76,33,True,10,32,0.997151494026184,164231.25,-17251652646832.396,2025-11-20 18:50:07
er_4194304_1_7.bin.gz,erdos_renyi,45,SpecAnn,0.2943028597012718,1.0,-1062174707.0,-223916851.0000011,0.2319612503051757,0,True,76,33,True,11,32,0.9969170093536376,140217.125,-14725628053434.6,2025-11-20 18:50:07
er_4194304_1_7.bin.gz,erdos_renyi,45,SpecAnn,0.3073893117471359,1.0,-1062647151.0,-224932791.00000072,0.2325215339660644,0,True,76,33,True,12,32,0.9966749548912048,120560.421875,-12658203307977.262,2025-11-20 18:50:07
er_4194304_1_7.bin.gz,erdos_renyi,45,SpecAnn,0.3199409394316542,1.0,-1062258651.0,-225915991.0000009,0.2318935394287109,0,True,76,33,True,13,32,0.9964248538017272,104301.796875,-10948386098031.31,2025-11-20 18:50:07
er_4194304_1_7.bin.gz,erdos_renyi,45,SpecAnn,0.3320184038158743,1.0,-1062316807.0,-227021447.0000009,0.232370376586914,0,True,76,33,True,14,32,0.9961665272712708,90731.375,-9521452380997.04,2025-11-20 18:50:08
er_4194304_1_7.bin.gz,erdos_renyi,45,SpecAnn,0.3436716983117353,1.0,-1062431070.9999998,-228165355.0000009,0.2322099208831787,0,True,76,33,True,15,32,0.9958995580673218,79314.265625,-8321097478816.45,2025-11-20 18:50:08
er_4194304_1_7.bin.gz,erdos_renyi,45,SpecAnn,0.3549426037664455,1.0,-1062282995.0,-229361397.0000006,0.2325985431671142,0,True,76,33,True,16,32,0.9956235885620116,69640.8046875,-7304201082873.245,2025-11-20 18:50:08
er_4194304_1_7.bin.gz,erdos_renyi,45,SpecAnn,0.3658664615902029,1.0,-1062577420.9999998,-230540553.00000128,0.2326009273529052,0,True,76,33,True,17,32,0.9953383803367616,61392.765625,-6437269794089.109,2025-11-20 18:50:08
er_4194304_1_7.bin.gz,erdos_renyi,45,SpecAnn,0.3764734830828951,1.0,-1062236389.0,-231748777.0000012,0.2321982383728027,0,True,76,33,True,18,32,0.995043694972992,54320.05859375,-5693982715441.467,2025-11-20 18:50:09
er_4194304_1_7.bin.gz,erdos_renyi,45,SpecAnn,0.3867897351437838,1.0,-1062121827.0,-232998839.0000009,0.2324023246765136,0,True,76,33,True,19,32,0.9947391152381896,48223.87890625,-5053416549660.923,2025-11-20 18:50:09
er_4194304_1_7.bin.gz,erdos_renyi,45,SpecAnn,0.3968378950662725,1.0,-1062098739.0,-234157695.0000012,0.2322027683258056,0,True,76,33,True,20,32,0.9944245219230652,42944.65625,-4498779614794.567,2025-11-20 18:50:09
er_4194304_1_7.bin.gz,erdos_renyi,45,SpecAnn,0.4066378372811136,1.0,-1062119969.0,-235471187.0000009,0.2322306632995605,0,True,76,33,True,21,32,0.9940994381904602,38353.18359375,-4016474465578.7866,2025-11-20 18:50:09
er_4194304_1_7.bin.gz,erdos_renyi,45,SpecAnn,0.4162070956347247,1.0,-1062702129.0,-236852223.00000107,0.2320759296417236,0,True,76,33,True,22,32,0.9937637448310852,34344.01953125,-3595406783613.034,2025-11-20 18:50:09
er_4194304_1_7.bin.gz,erdos_renyi,45,SpecAnn,0.4255612320274539,1.0,-1062696447.0000004,-238266239.0000008,0.2323193550109863,0,True,76,33,True,23,32,0.9934170842170716,30830.484375,-3226455911457.136,2025-11-20 18:50:10
er_4194304_1_7.bin.gz,erdos_renyi,45,SpecAnn,0.434714133601331,1.0,-1062546203.0,-239825999.0000011,0.2320713996887207,0,True,76,33,True,24,32,0.9930591583251952,27740.806640625,-2902070568340.988,2025-11-20 18:50:10
er_4194304_1_7.bin.gz,erdos_renyi,45,SpecAnn,0.4436782547080569,1.0,-1062225819.0,-241389713.00000057,0.2324945926666259,0,True,76,33,True,25,32,0.9926897287368774,25015.26171875,-2615967486253.0024,2025-11-20 18:50:10
er_4194304_1_7.bin.gz,erdos_renyi,45,SpecAnn,0.4524648157026343,1.0,-1062233971.0000004,-243033925.0000005,0.2318708896636963,0,True,76,33,True,26,32,0.9923084378242492,22603.828125,-2362884226670.286,2025-11-20 18:50:10
er_4194304_1_7.bin.gz,erdos_renyi,45,SpecAnn,0.4610839676207039,1.0,-1062402853.0,-244706123.0000008,0.2323241233825683,0,True,76,33,True,27,32,0.9919150471687316,20464.39453125,-2138391113649.552,2025-11-20 18:50:11
er_4194304_1_7.bin.gz,erdos_renyi,45,SpecAnn,0.4695449296338763,1.0,-1062332219.0000004,-246332535.00000072,0.2328596115112304,0,True,76,33,True,28,32,0.9915092587471008,18561.35546875,-1938742918828.4983,2025-11-20 18:50:11
er_4194304_1_7.bin.gz,erdos_renyi,45,SpecAnn,0.4778561045889373,1.0,-1063014071.0000004,-248083959.0000004,0.2325999736785888,0,True,76,33,True,29,32,0.9910906553268432,16864.4453125,-1760756114847.6028,2025-11-20 18:50:11
er_4194304_1_7.bin.gz,erdos_renyi,45,SpecAnn,0.4860251767562508,1.0,-1062576819.0000004,-249795747.00000024,0.2323565483093261,0,True,76,33,True,30,32,0.99065899848938,15347.84375,-1601715286681.03,2025-11-20 18:50:11
er_4194304_1_7.bin.gz,erdos_renyi,45,SpecAnn,0.4940591950252281,1.0,-1062958223.0,-251723374.9999998,0.232865571975708,0,True,76,33,True,31,32,0.9902139902114868,13989.4482421875,-1459296048038.0686,2025-11-20 18:50:12
er_4194304_1_7.bin.gz,erdos_renyi,45,SpecAnn,0.5019646441105269,1.0,-1062705331.0000002,-253584127.0000004,0.2320785522460937,0,True,76,33,True,32,32,0.9897552728652954,12770.240234375,-1331498415584.7285,2025-11-20 18:50:12
er_4194304_1_7.bin.gz,erdos_renyi,45,SpecAnn,0.5097475058154177,1.0,-1062825995.0,-255498811.0000002,0.2325468063354492,0,True,76,33,True,33,32,0.9892825484275818,11673.8095703125,-1216596926765.8904,2025-11-20 18:50:12
er_4194304_1_7.bin.gz,erdos_renyi,45,SpecAnn,0.51741331199832,1.0,-1062573887.0,-257499127.0,0.2323622703552246,0,True,76,33,True,34,32,0.9887954592704772,10685.96484375,-1113099447032.9958,2025-11-20 18:50:12
er_4194304_1_7.bin.gz,erdos_renyi,45,SpecAnn,0.5249671905758515,1.0,-1062557955.0,-259487503.0,0.2321484088897705,0,True,76,33,True,35,32,0.9882936477661132,9794.373046875,-1019709364999.3408,2025-11-20 18:50:13
er_4194304_1_7.bin.gz,erdos_renyi,45,SpecAnn,0.5324139056496683,1.0,-1062899557.0,-261662017.0000001,0.2321584224700927,0,True,76,33,True,36,32,0.9877767562866212,8988.296875,-935297930296.7278,2025-11-20 18:50:13
er_4194304_1_7.bin.gz,erdos_renyi,45,SpecAnn,0.5397578926492556,1.0,-1062862078.9999998,-263768277.00000027,0.2323684692382812,0,True,76,33,True,37,32,0.9872444868087769,8258.359375,-858879540818.1675,2025-11-20 18:50:13
er_4194304_1_7.bin.gz,erdos_renyi,45,SpecAnn,0.5470032892270364,1.0,-1062996031.0000002,-266028481.0000001,0.2326743602752685,0,True,76,33,True,38,32,0.9866964221000672,7596.35546875,-789591737582.6948,2025-11-20 18:50:13
er_4194304_1_7.bin.gz,erdos_renyi,45,SpecAnn,0.554153962516942,1.0,-1063499632.9999998,-268360130.99999985,0.2322909832000732,0,True,76,33,True,39,32,0.9861321449279784,6995.06787109375,-726675990002.4431,2025-11-20 18:50:13
er_4194304_1_7.bin.gz,erdos_renyi,45,SpecAnn,0.5612135332663137,1.0,-1063380721.0,-270771045.0000001,0.2322072982788086,0,True,76,33,True,40,32,0.9855512976646424,6448.16650390625,-669467101284.2977,2025-11-20 18:50:14
er_4194304_1_7.bin.gz,erdos_renyi,45,SpecAnn,0.5681853972686127,1.0,-1063235893.0,-273155695.0000005,0.2322673797607422,0,True,76,33,True,41,32,0.9849535822868348,5950.0556640625,-617377155278.1075,2025-11-20 18:50:14
er_4194304_1_7.bin.gz,erdos_renyi,45,SpecAnn,0.5750727444570146,1.0,-1063461375.0000002,-275624815.0000005,0.2324895858764648,0,True,76,33,True,42,32,0.984338402748108,5495.78759765625,-569886187713.0624,2025-11-20 18:50:14
er_4194304_1_7.bin.gz,erdos_renyi,45,SpecAnn,0.5818785759635375,1.0,-1063308277.0,-278191777.0000004,0.2320225238800048,0,True,76,33,True,43,32,0.983705461025238,5080.9892578125,-526534850429.51184,2025-11-20 18:50:14
er_4194304_1_7.bin.gz,erdos_renyi,45,SpecAnn,0.5886057194025436,1.0,-1063818796.9999996,-280865319.00000054,0.2321946620941162,0,True,76,33,True,44,32,0.9830543398857116,4701.7783203125,-486915317063.1735,2025-11-20 18:50:15
er_4194304_1_7.bin.gz,erdos_renyi,45,SpecAnn,0.5952568425994088,1.0,-1063960549.0,-283642679.0000004,0.2326357364654541,0,True,76,33,True,45,32,0.9823845028877258,4354.69189453125,-450663824976.8005,2025-11-20 18:50:15
er_4194304_1_7.bin.gz,erdos_renyi,45,SpecAnn,0.6018344659534288,1.0,-1063594535.0,-286382895.00000024,0.2322800159454345,0,True,76,33,True,46,32,0.981695592403412,4036.65966796875,-417457952913.7085,2025-11-20 18:50:15
er_4194304_1_7.bin.gz,erdos_renyi,45,SpecAnn,0.6083409735974393,1.0,-1063756003.0000004,-289296295.0000004,0.2321794033050537,0,True,76,33,True,47,32,0.980987012386322,3744.93359375,-387009068181.2524,2025-11-20 18:50:15
er_4194304_1_7.bin.gz,erdos_renyi,45,SpecAnn,0.6147786234942719,1.0,-1064040895.0000002,-292212687.0000005,0.2326245307922363,0,True,76,33,True,48,32,0.9802584052085876,3477.05859375,-359059437905.228,2025-11-20 18:50:16
er_4194304_1_7.bin.gz,erdos_renyi,45,SpecAnn,0.6211495565912796,1.0,-1063812487.0,-295217123.00000113,0.2318181991577148,0,True,76,33,True,49,32,0.9795092344284058,3230.840087890625,-333378632031.641,2025-11-20 18:50:16
er_4194304_1_7.bin.gz,erdos_renyi,45,SpecAnn,0.6274558051381586,1.0,-1064196419.0,-298478209.00000066,0.2322196960449218,0,True,76,33,True,50,32,0.9787390232086182,3004.302001953125,-309759228622.8533,2025-11-20 18:50:16
er_4194304_1_7.bin.gz,erdos_renyi,45,SpecAnn,0.6336993002596786,1.0,-1064359663.0,-301728471.0000004,0.2322747707366943,0,True,76,33,True,51,32,0.9779471755027772,2795.680908203125,-288016096401.7056,2025-11-20 18:50:16
er_4194304_1_7.bin.gz,erdos_renyi,45,SpecAnn,0.6398818788633085,1.0,-1064511575.0000004,-305099823.0000005,0.2325208187103271,0,True,76,33,True,52,32,0.9771331548690796,2603.3818359375,-267981850941.0148,2025-11-20 18:50:16
er_4194304_1_7.bin.gz,erdos_renyi,45,SpecAnn,0.6460052899517691,1.0,-1064276617.0,-308479215.0000002,0.2323033809661865,0,True,76,33,True,53,32,0.9762963056564332,2425.97021484375,-249505930578.38443,2025-11-20 18:50:17
er_4194304_1_7.bin.gz,erdos_renyi,45,SpecAnn,0.6520712004019966,1.0,-1064319754.9999998,-312030359.00000024,0.2325696945190429,0,True,76,33,True,54,32,0.975436270236969,2262.1552734375,-232452956475.84177,2025-11-20 18:50:17
er_4194304_1_7.bin.gz,erdos_renyi,45,SpecAnn,0.6580812002646271,1.0,-1064822961.0,-315656879.0000008,0.2324402332305908,0,True,76,33,True,55,32,0.9745522737503052,2110.768798828125,-216700327418.65884,2025-11-20 18:50:17
er_4194304_1_7.bin.gz,erdos_renyi,45,SpecAnn,0.6640368076317485,1.0,-1064665207.0,-319469637.0000004,0.2319624423980713,0,True,76,33,True,56,32,0.973643720149994,1970.7540283203125,-202137203266.97195,2025-11-20 18:50:17
er_4194304_1_7.bin.gz,erdos_renyi,45,SpecAnn,0.6699394731151429,1.0,-1064443692.9999996,-323234139.00000024,0.2331438064575195,0,True,76,33,True,57,32,0.9727097749710084,1841.157470703125,-188663539204.7869,2025-11-20 18:50:18
er_4194304_1_7.bin.gz,erdos_renyi,45,SpecAnn,0.6757905839724513,1.0,-1064851474.9999996,-327108033.0000006,0.2320320606231689,0,True,76,33,True,58,32,0.9717501997947692,1721.1102294921875,-176188308862.3417,2025-11-20 18:50:18
er_4194304_1_7.bin.gz,erdos_renyi,45,SpecAnn,0.6815914679145113,1.0,-1064919797.0,-331189328.99999976,0.2324702739715576,0,True,76,33,True,59,32,0.9707638025283812,1609.8294677734375,-164629329563.58865,2025-11-20 18:50:18
er_4194304_1_7.bin.gz,erdos_renyi,45,SpecAnn,0.6873433966234707,1.0,-1064730101.0,-335297571.0000003,0.2324237823486328,0,True,76,33,True,60,32,0.9697502255439758,1506.5975341796875,-153911440947.42508,2025-11-20 18:50:18
er_4194304_1_7.bin.gz,erdos_renyi,45,SpecAnn,0.6930475890080863,1.0,-1065323487.0,-339400285.00000054,0.2324867248535156,0,True,76,33,True,61,32,0.9687083959579468,1410.767822265625,-143966806732.3674,2025-11-20 18:50:19
er_4194304_1_7.bin.gz,erdos_renyi,45,SpecAnn,0.6987052142198116,1.0,-1065060959.0,-343790311.000001,0.2321910858154297,0,True,76,33,True,62,32,0.9676377177238464,1321.7476806640625,-134733349952.8105,2025-11-20 18:50:19
er_4194304_1_7.bin.gz,erdos_renyi,45,SpecAnn,0.7043173944508145,1.0,-1065321001.0,-348342201.0000006,0.2325141429901123,0,True,76,33,True,63,32,0.9665371775627136,1238.9979248046875,-126154546066.65996,2025-11-20 18:50:19
er_4194304_1_7.bin.gz,erdos_renyi,45,SpecAnn,0.709885207532891,1.0,-1065336174.9999996,-352929859.0000003,0.2325460910797119,0,True,76,33,True,64,32,0.9654061794281006,1162.0283203125,-118179064958.1218,2025-11-20 18:50:19
er_4194304_1_7.bin.gz,erdos_renyi,45,SpecAnn,0.7154096893543218,1.0,-1065614871.0,-357701673.0000005,0.2319767475128173,0,True,76,33,True,65,32,0.9642435312271118,1090.388427734375,-110759689676.46544,2025-11-20 18:50:19
er_4194304_1_7.bin.gz,erdos_renyi,45,SpecAnn,0.7208918361100219,1.0,-1066009137.0,-362577475.0000008,0.2320706844329834,0,True,76,33,True,66,32,0.9630483388900756,1023.6695556640624,-103853619333.98254,2025-11-20 18:50:20
er_4194304_1_7.bin.gz,erdos_renyi,45,SpecAnn,0.7263326063988248,1.0,-1066040629.0,-367611427.0000002,0.2328274250030517,0,True,76,33,True,67,32,0.9618197083473206,961.49560546875,-97421483376.52342,2025-11-20 18:50:20
er_4194304_1_7.bin.gz,erdos_renyi,45,SpecAnn,0.7317329231804058,1.0,-1066461077.0,-372790447.0000001,0.2324168682098388,0,True,76,33,True,68,32,0.9605563879013062,903.5233764648438,-91427326504.2016,2025-11-20 18:50:20
er_4194304_1_7.bin.gz,erdos_renyi,45,SpecAnn,0.7370936756031579,1.0,-1066301971.0,-378220002.9999999,0.2325222492218017,0,True,76,33,True,69,32,0.9592576026916504,849.4373779296875,-85838156095.39078,2025-11-20 18:50:20
er_4194304_1_7.bin.gz,erdos_renyi,45,SpecAnn,0.7424157207132704,1.0,-1066199745.0000002,-383683100.99999976,0.2324450016021728,0,True,76,33,True,70,32,0.9579218029975892,798.94970703125,-80623799806.07516,2025-11-20 18:50:21
er_4194304_1_7.bin.gz,erdos_renyi,45,SpecAnn,0.7476998850543153,1.0,-1066694797.0,-389311837.00000006,0.2322027683258056,0,True,76,33,True,71,32,0.9565479159355164,751.7950439453125,-75756508550.97856,2025-11-20 18:50:21
er_4194304_1_7.bin.gz,erdos_renyi,45,SpecAnn,0.7529469661657903,1.0,-1066330007.0,-395199957.0,0.2329246997833252,0,True,76,33,True,72,32,0.9551346302032472,707.7290649414062,-71210721433.12372,2025-11-20 18:50:21
er_4194304_1_7.bin.gz,erdos_renyi,45,SpecAnn,0.7581577339883167,1.0,-1067224517.0,-401175655.0000004,0.232170820236206,0,True,76,33,True,73,32,0.9536806344985962,666.5289306640625,-66963127820.104965,2025-11-20 18:50:21
er_4194304_1_7.bin.gz,erdos_renyi,45,SpecAnn,0.7633329321824984,1.0,-1067266347.0000002,-407375035.0,0.2325472831726074,0,True,76,33,True,74,32,0.952184557914734,627.9883422851562,-62992156776.09538,2025-11-20 18:50:22
er_4194304_1_7.bin.gz,erdos_renyi,45,SpecAnn,0.7684732793678399,1.0,-1067042245.0000002,-413717739.0000003,0.2321126461029052,0,True,76,33,True,75,32,0.950644552707672,591.9171142578125,-59277901885.08203,2025-11-20 18:50:22
er_4194304_1_7.bin.gz,erdos_renyi,45,SpecAnn,0.7735794702875677,1.0,-1067703655.0,-420304109.0000004,0.2332079410552978,0,True,76,33,True,76,32,0.9490591287612916,558.1408081054688,-55802134340.68628,2025-11-20 18:50:22
er_4194304_1_7.bin.gz,erdos_renyi,45,SpecAnn,0.7786521769046981,1.0,-1068005386.9999998,-427105237.0000004,0.2319920063018798,0,True,76,33,True,77,32,0.9474266767501832,526.4984741210938,-52548035961.94343,2025-11-20 18:50:22
er_4194304_1_7.bin.gz,erdos_renyi,45,SpecAnn,0.7836920494342511,1.0,-1068275281.0,-434193641.0000005,0.2322642803192138,0,True,76,33,True,78,32,0.9457452297210692,496.84130859375,-49500047872.98211,2025-11-20 18:50:23
er_4194304_1_7.bin.gz,erdos_renyi,45,SpecAnn,0.788699717316095,1.0,-1068221699.0,-441486079.0000005,0.2321887016296386,0,True,76,33,True,79,32,0.9440129399299622,469.0318908691406,-46643816982.34912,2025-11-20 18:50:23
er_4194304_1_7.bin.gz,erdos_renyi,45,SpecAnn,0.7936757901325451,1.0,-1068918693.0,-448983659.0000005,0.2328054904937744,0,True,76,33,True,80,32,0.94222754240036,442.9436645507813,-43966110988.92052,2025-11-20 18:50:23
er_4194304_1_7.bin.gz,erdos_renyi,45,SpecAnn,0.7986208584745024,1.0,-1068902269.0,-456629882.9999999,0.2322115898132324,0,True,76,33,True,81,32,0.9403868317604064,418.4588012695313,-41454626661.516014,2025-11-20 18:50:23
er_4194304_1_7.bin.gz,erdos_renyi,45,SpecAnn,0.803535494759617,1.0,-1069303675.0,-464820216.9999997,0.2321720123291015,0,True,76,33,True,82,32,0.9384885430336,395.46917724609375,-39098075246.67763,2025-11-20 18:50:23
er_4194304_1_7.bin.gz,erdos_renyi,45,SpecAnn,0.8084202540056837,1.0,-1069734819.0,-473450476.99999976,0.2324447631835937,0,True,76,33,True,83,32,0.9365299344062804,373.8744812011719,-36885973448.50106,2025-11-20 18:50:24
er_4194304_1_7.bin.gz,erdos_renyi,45,SpecAnn,0.8132756745622272,1.0,-1070384322.9999998,-481977686.9999998,0.2323246002197265,0,True,76,33,True,84,32,0.9345082640647888,353.5811462402344,-34808556070.41159,2025-11-20 18:50:24
er_4194304_1_7.bin.gz,erdos_renyi,45,SpecAnn,0.8181022788030096,1.0,-1070266761.0,-490709269.0000002,0.2324388027191162,0,True,76,33,True,85,32,0.9324207305908204,334.5033264160156,-32856865057.70471,2025-11-20 18:50:24
er_4194304_1_7.bin.gz,erdos_renyi,45,SpecAnn,0.822900573781978,1.0,-1071045245.0,-500014893.0000001,0.232278823852539,0,True,76,33,True,86,32,0.9302639961242676,316.5610046386719,-31022542696.06892,2025-11-20 18:50:24
er_4194304_1_7.bin.gz,erdos_renyi,45,SpecAnn,0.8276710518549868,1.0,-1071662035.0,-509687976.9999999,0.2328615188598632,0,True,76,33,True,87,32,0.9280346632003784,299.67999267578125,-29297847218.162422,2025-11-20 18:50:25
er_4194304_1_7.bin.gz,erdos_renyi,45,SpecAnn,0.8324141912694495,1.0,-1072207625.0,-519840491.0000004,0.2320430278778076,0,True,76,33,True,88,32,0.9257288575172424,283.7911682128906,-27675561470.89284,2025-11-20 18:50:25
er_4194304_1_7.bin.gz,erdos_renyi,45,SpecAnn,0.8371304567239225,1.0,-1072671653.0000002,-530303871.0,0.2328698635101318,0,True,76,33,True,89,32,0.9233428239822388,268.8309326171875,-26149053857.022755,2025-11-20 18:50:25
er_4194304_1_7.bin.gz,erdos_renyi,45,SpecAnn,0.8418202998994706,1.0,-1072899083.0000004,-541632554.9999998,0.2321705818176269,0,True,76,33,True,90,32,0.9208717346191406,254.73931884765625,-24712056523.37503,2025-11-20 18:50:25
er_4194304_1_7.bin.gz,erdos_renyi,45,SpecAnn,0.846484159964536,1.0,-1073538825.0000004,-553434605.0000004,0.2326776981353759,0,True,76,33,True,91,32,0.9183111190795898,241.4613037109375,-23358833260.19151,2025-11-20 18:50:26
er_4194304_1_7.bin.gz,erdos_renyi,45,SpecAnn,0.8511224640549078,1.0,-1074310563.0,-565614729.0000001,0.2322874069213867,0,True,76,33,True,92,32,0.9156557321548462,228.9456024169922,-22084027897.94166,2025-11-20 18:50:26
er_4194304_1_7.bin.gz,erdos_renyi,45,SpecAnn,0.8557356277302758,1.0,-1075001529.0,-578230234.999999,0.2328593730926513,0,True,76,33,True,93,32,0.912899613380432,217.1439514160156,-20882597713.9177,2025-11-20 18:50:26
er_4194304_1_7.bin.gz,erdos_renyi,45,SpecAnn,0.8603240554087516,1.0,-1075867797.0,-591442529.0000004,0.2328426837921142,0,True,76,33,True,94,32,0.91003680229187,206.01174926757807,-19749891226.731915,2025-11-20 18:50:26
er_4194304_1_7.bin.gz,erdos_renyi,45,SpecAnn,0.86488814078064,1.0,-1076573378.9999998,-605500369.0000002,0.2321631908416748,0,True,76,33,True,95,32,0.9070603847503662,195.50778198242188,-18681597511.467003,2025-11-20 18:50:26
er_4194304_1_7.bin.gz,erdos_renyi,45,SpecAnn,0.8694282672026621,1.0,-1077767147.0000002,-620112693.0000005,0.2322432994842529,0,True,76,33,True,96,32,0.9039626717567444,185.5929718017578,-17673631093.334293,2025-11-20 18:50:27
er_4194304_1_7.bin.gz,erdos_renyi,45,SpecAnn,0.8739448080737451,1.0,-1079011238.9999998,-635617194.9999999,0.2324707508087158,0,True,76,33,True,97,32,0.9007353782653807,176.2313232421875,-16722225885.501286,2025-11-20 18:50:27
er_4194304_1_7.bin.gz,erdos_renyi,45,SpecAnn,0.878438127193422,1.0,-1080460216.9999998,-651741541.0000002,0.2325367927551269,0,True,76,33,True,98,32,0.8973692059516907,167.38912963867188,-15823850676.60028,2025-11-20 18:50:27
er_4194304_1_7.bin.gz,erdos_renyi,45,SpecAnn,0.8829085791038153,1.0,-1081296385.0,-668866116.9999996,0.2329218387603759,0,True,76,33,True,99,32,0.8938539028167725,159.0347900390625,-14975193513.02902,2025-11-20 18:50:27
er_4194304_1_7.bin.gz,erdos_renyi,45,SpecAnn,0.8873565094161138,1.0,-1083018631.0,-686864395.0000002,0.2320256233215332,0,True,76,33,True,100,32,0.8901779055595398,151.13894653320312,-14173168950.1365,2025-11-20 18:50:28
er_4194304_1_7.bin.gz,erdos_renyi,45,SpecAnn,0.8917822551223932,1.0,-1084379007.0,-705670741.0000001,0.2319011688232422,0,True,76,33,True,101,32,0.8863284587860107,143.67417907714844,-13414892012.952385,2025-11-20 18:50:28
er_4194304_1_7.bin.gz,erdos_renyi,45,SpecAnn,0.8961861448935777,1.0,-1086134169.0,-725543288.9999996,0.2333095073699951,0,True,76,33,True,102,32,0.8822913765907288,136.61480712890625,-12697656387.15784,2025-11-20 18:50:28
er_4194304_1_7.bin.gz,erdos_renyi,45,SpecAnn,0.9005684993642872,1.0,-1088171800.9999998,-746256090.9999999,0.2329277992248535,0,True,76,33,True,103,32,0.8780502080917358,129.93682861328125,-12018918089.132086,2025-11-20 18:50:28
er_4194304_1_7.bin.gz,erdos_renyi,45,SpecAnn,0.9049296314052688,1.0,-1090521751.0,-768003932.9999999,0.2327275276184082,0,True,76,33,True,104,32,0.8735866546630859,123.61768341064452,-11376282135.384954,2025-11-20 18:50:29
er_4194304_1_7.bin.gz,erdos_renyi,45,SpecAnn,0.9092698463840684,1.0,-1093600710.9999998,-790473013.0000001,0.2321758270263672,0,True,76,33,True,105,32,0.868880033493042,117.63641357421876,-10767511779.174854,2025-11-20 18:50:29
er_4194304_1_7.bin.gz,erdos_renyi,45,SpecAnn,0.9135894424145556,1.0,-1095932627.0,-813426258.9999999,0.2325437068939209,0,True,76,33,True,106,32,0.8639064431190491,111.97341918945312,-10190498174.2928,2025-11-20 18:50:29
er_4194304_1_7.bin.gz,erdos_renyi,45,SpecAnn,0.9178887105958816,1.0,-1098819813.0,-837367403.0000001,0.2328608036041259,0,True,76,33,True,107,32,0.8586388826370239,106.61009979248048,-9643233073.651266,2025-11-20 18:50:29
er_4194304_1_7.bin.gz,erdos_renyi,45,SpecAnn,0.922167935241408,1.0,-1102500117.0,-861855103.0,0.2332596778869629,0,True,76,33,True,108,32,0.8530460596084595,101.52923583984376,-9123833709.826311,2025-11-20 18:50:29
er_4194304_1_7.bin.gz,erdos_renyi,45,SpecAnn,0.92642739409812,1.0,-1106805985.0,-887001947.0000001,0.2321648597717285,0,True,76,33,True,109,32,0.8470919728279114,96.71475219726562,-8630521768.317463,2025-11-20 18:50:30
er_4194304_1_7.bin.gz,erdos_renyi,45,SpecAnn,0.9306673585570006,1.0,-1110945809.0000002,-912264917.0000004,0.451566219329834,0,True,76,65,True,110,32,0.840734601020813,92.15130615234376,-8161578823.325755,2025-11-20 18:50:30
er_4194304_1_7.bin.gz,erdos_renyi,45,SpecAnn,0.9348880938548184,1.0,-1115831721.0000002,-937473515.0000002,0.4516258239746094,0,True,76,65,True,111,32,0.8339247703552246,87.8247299194336,-7715382462.153189,2025-11-20 18:50:31
er_4194304_1_7.bin.gz,erdos_renyi,45,SpecAnn,0.9390898592677528,1.0,-1120499907.0000002,-961849875.0,0.6715295314788818,0,True,76,97,True,112,32,0.8266061544418335,83.72162628173828,-7290378103.948565,2025-11-20 18:50:31
er_4194304_1_7.bin.gz,erdos_renyi,45,SpecAnn,0.9432729082972536,1.0,-1124733842.9999998,-983389139.0,1.109715223312378,0,True,76,161,True,113,32,0.818712592124939,79.8294677734375,-6885071686.741254,2025-11-20 18:50:32
er_4194304_1_7.bin.gz,erdos_renyi,45,SpecAnn,0.9474374888485204,1.0,-1127609583.0,-996683125.0,1.9882450103759768,0,True,76,289,True,114,32,0.8101646304130554,76.136474609375,-6498001470.217298,2025-11-20 18:50:34
er_4194304_1_7.bin.gz,erdos_renyi,45,SpecAnn,0.9515838434019476,1.0,-1121850337.0,-981781783.0,7.024221420288086,0,True,76,1025,True,115,32,0.8009127974510193,72.63153076171875,-6128076709.375986,2025-11-20 18:50:41
er_4194304_1_7.bin.gz,erdos_renyi,45,SpecAnn,0.9557122091778746,1.0,-1120636837.0000002,-978609411.0,6.369140386581421,0,True,76,929,True,116,32,0.7912032604217529,69.30433654785156,-5776466262.518231,2025-11-20 18:50:48
er_4194304_1_7.bin.gz,erdos_renyi,45,SpecAnn,0.9598228182949629,1.0,-1120559814.9999998,-977842623.0,1.547847032546997,0,True,76,225,True,117,32,0.7810669541358948,66.14500427246094,-5442507988.955932,2025-11-20 18:50:49
er_4194304_1_7.bin.gz,erdos_renyi,45,SpecAnn,0.963915897922488,1.0,-1120610982.9999998,-977526575.0,1.10854172706604,0,True,76,161,True,118,32,0.7704836130142212,63.1444206237793,-5125215745.803405,2025-11-20 18:50:50
er_4194304_1_7.bin.gz,erdos_renyi,45,SpecAnn,0.967991670426842,1.0,-1120442828.9999998,-977441176.9999998,1.1097235679626465,0,True,76,161,True,119,32,0.7594361305236816,60.29388427734375,-4823677683.446425,2025-11-20 18:50:52
er_4194304_1_7.bin.gz,erdos_renyi,45,SpecAnn,0.9720503535125016,1.0,-1120506937.0,-977254813.0,3.735229015350342,0,True,76,545,True,120,32,0.7479051947593689,57.58523941040039,-4537028308.795846,2025-11-20 18:50:55
er_4194304_1_7.bin.gz,erdos_renyi,45,SpecAnn,0.9760921603577252,1.0,-1120401861.0,-977228751.0,0.670405387878418,0,True,76,97,True,121,32,0.7358744740486145,55.01089096069336,-4264480961.389565,2025-11-20 18:50:56
er_4194304_1_7.bin.gz,erdos_renyi,45,SpecAnn,0.9801172997452104,1.0,-1120434717.0000002,-977136201.0,0.4512927532196045,0,True,76,65,True,122,32,0.7233210206031799,52.56356430053711,-4005250245.8961854,2025-11-20 18:50:56
er_4194304_1_7.bin.gz,erdos_renyi,45,SpecAnn,0.9841259761879442,1.0,-1120456647.0,-977072489.0,0.4520993232727051,0,True,76,65,True,123,32,0.7102262377738953,50.23652648925781,-3758634347.82044,2025-11-20 18:50:57
er_4194304_1_7.bin.gz,erdos_renyi,45,SpecAnn,0.9881183900504562,1.0,-1120283363.0,-977031131.0,0.671489953994751,0,True,76,97,True,124,32,0.6965674757957458,48.0233039855957,-3523943941.5006766,2025-11-20 18:50:58
er_4194304_1_7.bin.gz,erdos_renyi,45,SpecAnn,0.9920947376656812,1.0,-1120122651.0,-976918543.0,0.4512319564819336,0,True,76,65,True,125,32,0.6823237538337708,45.91791534423828,-3300550760.290568,2025-11-20 18:50:58
er_4194304_1_7.bin.gz,erdos_renyi,45,SpecAnn,0.9960552114476228,1.0,-1120122831.0,-976786693.0,0.8900465965270996,0,True,76,129,True,126,32,0.6674717664718628,43.91468811035156,-3087851920.454777,2025-11-20 18:50:59
er_4194304_1_7.bin.gz,erdos_renyi,45,SpecAnn,1.0,1.0,-1120216847.0,-976652604.9999998,0.6709785461425781,0,True,76,97,True,127,32,0.6519873142242432,42.0081901550293,-2885272785.721332,2025-11-20 18:51:00
er_4194304_1_7.bin.gz,erdos_renyi,46,SpecAnn,0.0,1.0,-1062145533.0,-216429201.00000003,0.3520748615264892,0,True,62,33,True,0,32,0.99943608045578,4194305.0,-441598853303286.06,2025-11-20 18:51:44
er_4194304_1_7.bin.gz,erdos_renyi,46,SpecAnn,0.0887356509416113,1.0,-1062310535.0000002,-216475901.00000027,0.2323212623596191,0,True,62,33,True,1,32,0.9990590214729308,1505011.75,-158395902035987.0,2025-11-20 18:51:44
er_4194304_1_7.bin.gz,erdos_renyi,46,SpecAnn,0.1254911610276317,1.0,-1062024101.0,-216718281.0,0.2318933010101318,0,True,62,33,True,2,32,0.9988367557525636,984460.9375,-103587155820637.42,2025-11-20 18:51:44
er_4194304_1_7.bin.gz,erdos_renyi,46,SpecAnn,0.1536946558735679,1.0,-1062156356.9999998,-217162401.00000003,0.2358782291412353,0,True,62,33,True,3,32,0.9986311197280884,710823.125,-74778982030320.95,2025-11-20 18:51:45
er_4194304_1_7.bin.gz,erdos_renyi,46,SpecAnn,0.1774713018832227,1.0,-1061669119.0,-217784307.00000003,0.2327313423156738,0,True,62,33,True,4,32,0.9984297156333924,540174.0625,-56815146399992.72,2025-11-20 18:51:45
er_4194304_1_7.bin.gz,erdos_renyi,46,SpecAnn,0.1984189475331362,1.0,-1061996569.0,-218537111.00000024,0.232295274734497,0,True,62,33,True,5,32,0.998227834701538,424129.59375,-44600646830735.17,2025-11-20 18:51:45
er_4194304_1_7.bin.gz,erdos_renyi,46,SpecAnn,0.2173570668006655,1.0,-1062225835.0000002,-219363379.0000004,0.2320103645324707,0,True,62,33,True,6,32,0.9980230927467346,340835.65625,-35834266335843.8,2025-11-20 18:51:45
er_4194304_1_7.bin.gz,erdos_renyi,46,SpecAnn,0.2347724648169381,1.0,-1062290859.0,-220191984.9999999,0.2333729267120361,0,True,62,33,True,7,32,0.9978139400482178,278760.25,-29301733721491.69,2025-11-20 18:51:45
er_4194304_1_7.bin.gz,erdos_renyi,46,SpecAnn,0.2509823220552634,1.0,-1062365289.0,-221078327.0000001,0.2333219051361084,0,True,62,33,True,8,32,0.997599482536316,231187.71875,-24295949703687.08,2025-11-20 18:51:46
er_4194304_1_7.bin.gz,erdos_renyi,46,SpecAnn,0.2662069528248341,1.0,-1062232309.0,-221960307.0,0.2327666282653808,0,True,62,33,True,9,32,0.9973788261413574,193928.375,-20375787727170.945,2025-11-20 18:51:46
er_4194304_1_7.bin.gz,erdos_renyi,46,SpecAnn,0.2806067666331568,1.0,-1061735617.0,-222908516.9999998,0.2323775291442871,0,True,62,33,True,10,32,0.997151494026184,164231.34375,-17251628431976.098,2025-11-20 18:51:46
er_4194304_1_7.bin.gz,erdos_renyi,46,SpecAnn,0.2943028597012718,1.0,-1062389226.9999996,-223916592.99999985,0.2324326038360595,0,True,62,33,True,11,32,0.9969170093536376,140217.21875,-14725608823811.19,2025-11-20 18:51:46
er_4194304_1_7.bin.gz,erdos_renyi,46,SpecAnn,0.3073893117471359,1.0,-1062751717.0,-224932790.99999985,0.2338860034942627,0,True,62,33,True,12,32,0.99667489528656,120560.4921875,-12658184940210.586,2025-11-20 18:51:47
er_4194304_1_7.bin.gz,erdos_renyi,46,SpecAnn,0.3199409394316542,1.0,-1062232437.0,-225914738.99999976,0.2326998710632324,0,True,62,33,True,13,32,0.9964248538017272,104301.8671875,-10948371861391.123,2025-11-20 18:51:47
er_4194304_1_7.bin.gz,erdos_renyi,46,SpecAnn,0.3320184038158743,1.0,-1062563515.0,-227022331.0,0.232151985168457,0,True,62,33,True,14,32,0.9961665272712708,90731.4453125,-9521440959874.96,2025-11-20 18:51:47
er_4194304_1_7.bin.gz,erdos_renyi,46,SpecAnn,0.3436716983117353,1.0,-1062210300.9999996,-228165555.0,0.2324638366699218,0,True,62,33,True,15,32,0.9958995580673218,79314.3203125,-8321086786514.007,2025-11-20 18:51:47
er_4194304_1_7.bin.gz,erdos_renyi,46,SpecAnn,0.3549426037664455,1.0,-1062875673.0,-229361397.0,0.233316421508789,0,True,62,33,True,16,32,0.9956235289573668,69640.84375,-7304190320722.359,2025-11-20 18:51:48
er_4194304_1_7.bin.gz,erdos_renyi,46,SpecAnn,0.3658664615902029,1.0,-1063218097.0,-230541453.00000003,0.2328121662139892,0,True,62,33,True,17,32,0.9953383803367616,61392.8125,-6437261998937.33,2025-11-20 18:51:48
er_4194304_1_7.bin.gz,erdos_renyi,46,SpecAnn,0.3764734830828951,1.0,-1062796209.0000004,-231748540.99999988,0.2326197624206543,0,True,62,33,True,18,32,0.995043694972992,54320.09765625,-5693975567502.483,2025-11-20 18:51:48
er_4194304_1_7.bin.gz,erdos_renyi,46,SpecAnn,0.3867897351437838,1.0,-1062770841.0,-232998839.0000002,0.2320239543914795,0,True,62,33,True,19,32,0.9947391748428344,48223.9140625,-5053410558706.096,2025-11-20 18:51:48
er_4194304_1_7.bin.gz,erdos_renyi,46,SpecAnn,0.3968378950662725,1.0,-1062788823.0000002,-234157694.9999995,0.2329347133636474,0,True,62,33,True,20,32,0.9944245219230652,42944.69140625,-4498774414986.468,2025-11-20 18:51:48
er_4194304_1_7.bin.gz,erdos_renyi,46,SpecAnn,0.4066378372811136,1.0,-1062440583.0000004,-235471634.99999985,0.2332658767700195,0,True,62,33,True,21,32,0.9940994381904602,38353.21484375,-4016469807786.82,2025-11-20 18:51:49
er_4194304_1_7.bin.gz,erdos_renyi,46,SpecAnn,0.4162070956347247,1.0,-1062984433.0,-236851596.9999993,0.232590913772583,0,True,62,33,True,22,32,0.9937637448310852,34344.05078125,-3595402956099.612,2025-11-20 18:51:49
er_4194304_1_7.bin.gz,erdos_renyi,46,SpecAnn,0.4255612320274539,1.0,-1062991544.9999998,-238267466.9999993,0.2326037883758545,0,True,62,33,True,23,32,0.9934170842170716,30830.509765625,-3226452198092.2314,2025-11-20 18:51:49
er_4194304_1_7.bin.gz,erdos_renyi,46,SpecAnn,0.434714133601331,1.0,-1062585177.0,-239826368.99999955,0.2326374053955078,0,True,62,33,True,24,32,0.99305921792984,27740.828125,-2902067260045.3296,2025-11-20 18:51:49
er_4194304_1_7.bin.gz,erdos_renyi,46,SpecAnn,0.4436782547080569,1.0,-1063020505.0,-241389712.99999943,0.2333905696868896,0,True,62,33,True,25,32,0.9926897287368774,25015.28515625,-2615964772083.618,2025-11-20 18:51:50
er_4194304_1_7.bin.gz,erdos_renyi,46,SpecAnn,0.4524648157026343,1.0,-1062593209.0,-243033924.9999989,0.2325258255004882,0,True,62,33,True,26,32,0.992308497428894,22603.84765625,-2362881744856.2266,2025-11-20 18:51:50
er_4194304_1_7.bin.gz,erdos_renyi,46,SpecAnn,0.4610839676207039,1.0,-1063393442.9999998,-244706122.99999887,0.2322843074798584,0,True,62,33,True,27,32,0.9919150471687316,20464.4140625,-2138388932349.63,2025-11-20 18:51:50
er_4194304_1_7.bin.gz,erdos_renyi,46,SpecAnn,0.4695449296338763,1.0,-1062933001.0,-246331458.99999967,0.2327377796173095,0,True,62,33,True,28,32,0.991509199142456,18561.375,-1938741014344.6028,2025-11-20 18:51:50
er_4194304_1_7.bin.gz,erdos_renyi,46,SpecAnn,0.4778561045889373,1.0,-1062845117.0,-248083958.9999994,0.2330265045166015,0,True,62,33,True,29,32,0.9910906553268432,16864.4609375,-1760754269642.0825,2025-11-20 18:51:51
er_4194304_1_7.bin.gz,erdos_renyi,46,SpecAnn,0.4860251767562508,1.0,-1062754678.9999996,-249795020.99999952,0.2325310707092285,0,True,62,33,True,30,32,0.99065899848938,15347.859375,-1601713754785.642,2025-11-20 18:51:51
er_4194304_1_7.bin.gz,erdos_renyi,46,SpecAnn,0.4940591950252281,1.0,-1063196937.0,-251722768.9999996,0.2330796718597412,0,True,62,33,True,31,32,0.990213930606842,13989.4609375,-1459294403164.7693,2025-11-20 18:51:51
er_4194304_1_7.bin.gz,erdos_renyi,46,SpecAnn,0.5019646441105269,1.0,-1062545625.0,-253584126.99999973,0.2323119640350341,0,True,62,33,True,32,32,0.9897552132606506,12770.25390625,-1331497131907.2231,2025-11-20 18:51:51
er_4194304_1_7.bin.gz,erdos_renyi,46,SpecAnn,0.5097475058154177,1.0,-1062735889.0,-255500388.9999996,0.2332611083984375,0,True,62,33,True,33,32,0.9892825484275818,11673.822265625,-1216595847688.298,2025-11-20 18:51:51
er_4194304_1_7.bin.gz,erdos_renyi,46,SpecAnn,0.51741331199832,1.0,-1063381623.0,-257498112.9999995,0.2325024604797363,0,True,62,33,True,34,32,0.9887954592704772,10685.9755859375,-1113098368210.074,2025-11-20 18:51:52
er_4194304_1_7.bin.gz,erdos_renyi,46,SpecAnn,0.5249671905758515,1.0,-1063333181.0000002,-259487460.9999999,0.2329382896423339,0,True,62,33,True,35,32,0.9882935881614684,9794.3828125,-1019708306833.3348,2025-11-20 18:51:52
er_4194304_1_7.bin.gz,erdos_renyi,46,SpecAnn,0.5324139056496683,1.0,-1063374781.0,-261662016.99999985,0.2324464321136474,0,True,62,33,True,36,32,0.9877766966819764,8988.306640625,-935297043327.822,2025-11-20 18:51:52
er_4194304_1_7.bin.gz,erdos_renyi,46,SpecAnn,0.5397578926492556,1.0,-1063216057.0,-263768534.9999995,0.2330250740051269,0,True,62,33,True,37,32,0.9872444868087769,8258.3671875,-858878657498.0695,2025-11-20 18:51:52
er_4194304_1_7.bin.gz,erdos_renyi,46,SpecAnn,0.5470032892270364,1.0,-1063615919.0,-266028481.00000003,0.2332231998443603,0,True,62,33,True,38,32,0.9866964221000672,7596.36328125,-789590990617.9205,2025-11-20 18:51:53
er_4194304_1_7.bin.gz,erdos_renyi,46,SpecAnn,0.554153962516942,1.0,-1064050293.0000002,-268360130.9999995,0.2327134609222412,0,True,62,33,True,39,32,0.9861321449279784,6995.07568359375,-726675366798.2449,2025-11-20 18:51:53
er_4194304_1_7.bin.gz,erdos_renyi,46,SpecAnn,0.5612135332663137,1.0,-1063397241.0,-270771044.99999994,0.2325010299682617,0,True,62,33,True,40,32,0.9855513572692872,6448.17333984375,-669466529658.0442,2025-11-20 18:51:53
er_4194304_1_7.bin.gz,erdos_renyi,46,SpecAnn,0.5681853972686127,1.0,-1063702367.0,-273155694.9999992,0.2325422763824463,0,True,62,33,True,41,32,0.9849535822868348,5950.0625,-617376645582.9119,2025-11-20 18:51:53
er_4194304_1_7.bin.gz,erdos_renyi,46,SpecAnn,0.5750727444570146,1.0,-1063600377.0,-275624814.9999995,0.2335541248321533,0,True,62,33,True,42,32,0.984338402748108,5495.79345703125,-569885670079.6033,2025-11-20 18:51:54
er_4194304_1_7.bin.gz,erdos_renyi,46,SpecAnn,0.5818785759635375,1.0,-1063541469.0,-278191776.99999964,0.2322838306427002,0,True,62,33,True,43,32,0.983705461025238,5080.99560546875,-526534468600.8018,2025-11-20 18:51:54
er_4194304_1_7.bin.gz,erdos_renyi,46,SpecAnn,0.5886057194025436,1.0,-1063233157.0,-280864236.9999998,0.2331104278564453,0,True,62,33,True,44,32,0.9830542802810668,4701.78369140625,-486914882371.36096,2025-11-20 18:51:54
er_4194304_1_7.bin.gz,erdos_renyi,46,SpecAnn,0.5952568425994088,1.0,-1063458243.0,-283642678.9999997,0.2330155372619629,0,True,62,33,True,45,32,0.9823845028877258,4354.69677734375,-450663440474.2153,2025-11-20 18:51:54
er_4194304_1_7.bin.gz,erdos_renyi,46,SpecAnn,0.6018344659534288,1.0,-1063491030.9999998,-286381072.9999998,0.2329351902008056,0,True,62,33,True,46,32,0.9816955327987672,4036.66455078125,-417457608274.2505,2025-11-20 18:51:55
er_4194304_1_7.bin.gz,erdos_renyi,46,SpecAnn,0.6083409735974393,1.0,-1063901168.9999996,-289296295.00000024,0.2330803871154785,0,True,62,33,True,47,32,0.980987012386322,3744.9384765625,-387008808643.9557,2025-11-20 18:51:55
er_4194304_1_7.bin.gz,erdos_renyi,46,SpecAnn,0.6147786234942719,1.0,-1063856675.0,-292212686.99999976,0.2331404685974121,0,True,62,33,True,48,32,0.9802584052085876,3477.06298828125,-359059182756.3332,2025-11-20 18:51:55
er_4194304_1_7.bin.gz,erdos_renyi,46,SpecAnn,0.6211495565912796,1.0,-1063933899.0,-295217598.99999964,0.2321016788482666,0,True,62,33,True,49,32,0.9795092344284058,3230.843994140625,-333378376857.92645,2025-11-20 18:51:55
er_4194304_1_7.bin.gz,erdos_renyi,46,SpecAnn,0.6274558051381586,1.0,-1063890741.0,-298478208.99999964,0.2326841354370117,0,True,62,33,True,50,32,0.9787389636039734,3004.3056640625,-309758975731.6252,2025-11-20 18:51:55
er_4194304_1_7.bin.gz,erdos_renyi,46,SpecAnn,0.6336993002596786,1.0,-1064174316.9999996,-301728470.99999964,0.2329823970794677,0,True,62,33,True,51,32,0.9779471755027772,2795.68408203125,-288015854696.69006,2025-11-20 18:51:56
er_4194304_1_7.bin.gz,erdos_renyi,46,SpecAnn,0.6398818788633085,1.0,-1063931325.0000002,-305100363.00000006,0.2325718402862548,0,True,62,33,True,52,32,0.9771330952644348,2603.385009765625,-267981632174.0136,2025-11-20 18:51:56
er_4194304_1_7.bin.gz,erdos_renyi,46,SpecAnn,0.6460052899517691,1.0,-1064464186.9999998,-308479214.99999994,0.2326765060424804,0,True,62,33,True,53,32,0.9762963056564332,2425.973388671875,-249505764358.4048,2025-11-20 18:51:56
er_4194304_1_7.bin.gz,erdos_renyi,46,SpecAnn,0.6520712004019966,1.0,-1064300089.0,-312029831.0,0.2329769134521484,0,True,62,33,True,54,32,0.975436270236969,2262.158447265625,-232452823638.8234,2025-11-20 18:51:56
er_4194304_1_7.bin.gz,erdos_renyi,46,SpecAnn,0.6580812002646271,1.0,-1064930276.9999998,-315656878.99999994,0.232274055480957,0,True,62,33,True,55,32,0.9745522141456604,2110.771484375,-216700162006.60223,2025-11-20 18:51:57
er_4194304_1_7.bin.gz,erdos_renyi,46,SpecAnn,0.6640368076317485,1.0,-1064430403.0,-319469637.0,0.2330610752105713,0,True,62,33,True,56,32,0.9736436009407043,1970.756591796875,-202137042336.43265,2025-11-20 18:51:57
er_4194304_1_7.bin.gz,erdos_renyi,46,SpecAnn,0.6699394731151429,1.0,-1065213681.0,-323233768.99999994,0.232513427734375,0,True,62,33,True,57,32,0.9727098345756532,1841.1597900390625,-188663415917.87973,2025-11-20 18:51:57
er_4194304_1_7.bin.gz,erdos_renyi,46,SpecAnn,0.6757905839724513,1.0,-1065120829.0,-327107786.9999998,0.2328753471374511,0,True,62,33,True,58,32,0.9717501401901244,1721.112548828125,-176188187605.25674,2025-11-20 18:51:57
er_4194304_1_7.bin.gz,erdos_renyi,46,SpecAnn,0.6815914679145113,1.0,-1065281895.0,-331189158.9999995,0.232858657836914,0,True,62,33,True,59,32,0.9707638025283812,1609.83154296875,-164629216728.2232,2025-11-20 18:51:58
er_4194304_1_7.bin.gz,erdos_renyi,46,SpecAnn,0.6873433966234707,1.0,-1065465521.0,-335296440.9999999,0.2328402996063232,0,True,62,33,True,60,32,0.969750165939331,1506.5994873046875,-153911327122.119,2025-11-20 18:51:58
er_4194304_1_7.bin.gz,erdos_renyi,46,SpecAnn,0.6930475890080863,1.0,-1065314077.0,-339402268.9999998,0.2329885959625244,0,True,62,33,True,61,32,0.9687083959579468,1410.769775390625,-143966721788.03473,2025-11-20 18:51:58
er_4194304_1_7.bin.gz,erdos_renyi,46,SpecAnn,0.6987052142198116,1.0,-1065236979.0,-343789857.00000006,0.2330920696258545,0,True,62,33,True,62,32,0.9676376581192015,1321.74951171875,-134733262276.70848,2025-11-20 18:51:58
er_4194304_1_7.bin.gz,erdos_renyi,46,SpecAnn,0.7043173944508145,1.0,-1065426399.0,-348341762.99999964,0.2328245639801025,0,True,62,33,True,63,32,0.9665372371673584,1238.9996337890625,-126154478766.7104,2025-11-20 18:51:58
er_4194304_1_7.bin.gz,erdos_renyi,46,SpecAnn,0.709885207532891,1.0,-1065569592.9999996,-352929858.99999934,0.233454942703247,0,True,62,33,True,64,32,0.9654061198234558,1162.030029296875,-118178998125.71596,2025-11-20 18:51:59
er_4194304_1_7.bin.gz,erdos_renyi,46,SpecAnn,0.7154096893543218,1.0,-1066071677.0,-357702120.99999905,0.2325372695922851,0,True,62,33,True,65,32,0.9642434120178224,1090.3900146484375,-110759618487.62024,2025-11-20 18:51:59
er_4194304_1_7.bin.gz,erdos_renyi,46,SpecAnn,0.7208918361100219,1.0,-1065628345.0,-362576748.99999934,0.2324485778808593,0,True,62,33,True,66,32,0.9630483388900756,1023.6710205078124,-103853562890.04105,2025-11-20 18:51:59
er_4194304_1_7.bin.gz,erdos_renyi,46,SpecAnn,0.7263326063988248,1.0,-1065884429.0,-367612696.9999994,0.2327713966369629,0,True,62,33,True,67,32,0.961819589138031,961.4970092773438,-97421421184.22476,2025-11-20 18:51:59
er_4194304_1_7.bin.gz,erdos_renyi,46,SpecAnn,0.7317329231804058,1.0,-1066493343.0,-372791902.9999996,0.2327980995178222,0,True,62,33,True,68,32,0.9605563879013062,903.5247802734376,-91427288034.88446,2025-11-20 18:52:00
er_4194304_1_7.bin.gz,erdos_renyi,46,SpecAnn,0.7370936756031579,1.0,-1066486726.9999998,-378220002.9999995,0.2328824996948242,0,True,62,33,True,69,32,0.9592575430870056,849.438720703125,-85838116968.20158,2025-11-20 18:52:00
er_4194304_1_7.bin.gz,erdos_renyi,46,SpecAnn,0.7424157207132704,1.0,-1066512295.0,-383681736.9999997,0.2328155040740966,0,True,62,33,True,70,32,0.9579218029975892,798.950927734375,-80623763800.79184,2025-11-20 18:52:00
er_4194304_1_7.bin.gz,erdos_renyi,46,SpecAnn,0.7476998850543153,1.0,-1066678599.0,-389311837.0,0.2324299812316894,0,True,62,33,True,71,32,0.9565478563308716,751.7962036132812,-75756471108.41594,2025-11-20 18:52:00
er_4194304_1_7.bin.gz,erdos_renyi,46,SpecAnn,0.7529469661657903,1.0,-1067204397.0,-395199046.9999997,0.2328865528106689,0,True,62,33,True,72,32,0.9551346302032472,707.7301635742188,-71210691372.70224,2025-11-20 18:52:01
er_4194304_1_7.bin.gz,erdos_renyi,46,SpecAnn,0.7581577339883167,1.0,-1066838057.0000002,-401175654.9999993,0.233126163482666,0,True,62,33,True,73,32,0.9536806344985962,666.5299072265625,-66963093714.30803,2025-11-20 18:52:01
er_4194304_1_7.bin.gz,erdos_renyi,46,SpecAnn,0.7633329321824984,1.0,-1067100899.0,-407375034.99999946,0.23291015625,0,True,62,33,True,74,32,0.9521843791007996,627.9893188476562,-62992118527.4306,2025-11-20 18:52:01
er_4194304_1_7.bin.gz,erdos_renyi,46,SpecAnn,0.7684732793678399,1.0,-1067507009.0,-413717738.9999994,0.2327439785003662,0,True,62,33,True,75,32,0.9506444334983826,591.9180297851562,-59277869095.41933,2025-11-20 18:52:01
er_4194304_1_7.bin.gz,erdos_renyi,46,SpecAnn,0.7735794702875677,1.0,-1067810413.0,-420304108.99999934,0.2332172393798828,0,True,62,33,True,76,32,0.9490591287612916,558.1417236328125,-55802115694.24909,2025-11-20 18:52:02
er_4194304_1_7.bin.gz,erdos_renyi,46,SpecAnn,0.7786521769046981,1.0,-1067565324.9999998,-427104100.9999993,0.233098030090332,0,True,62,33,True,77,32,0.9474266171455384,526.4993286132812,-52548014185.55864,2025-11-20 18:52:02
er_4194304_1_7.bin.gz,erdos_renyi,46,SpecAnn,0.7836920494342511,1.0,-1067978541.0,-434192672.9999998,0.2327115535736084,0,True,62,33,True,78,32,0.9457451701164246,496.8421020507813,-49500026068.71648,2025-11-20 18:52:02
er_4194304_1_7.bin.gz,erdos_renyi,46,SpecAnn,0.788699717316095,1.0,-1068382157.0000002,-441484979.0,0.2326147556304931,0,True,62,33,True,79,32,0.9440128207206726,469.0326232910156,-46643791832.60928,2025-11-20 18:52:02
er_4194304_1_7.bin.gz,erdos_renyi,46,SpecAnn,0.7936757901325451,1.0,-1069146073.0,-448983597.0000004,0.232846975326538,0,True,62,33,True,80,32,0.9422274231910706,442.9443664550781,-43966088286.945786,2025-11-20 18:52:02
er_4194304_1_7.bin.gz,erdos_renyi,46,SpecAnn,0.7986208584745024,1.0,-1068749010.9999996,-456629883.0000001,0.2336115837097168,0,True,62,33,True,81,32,0.9403868317604064,418.45941162109375,-41454605275.147766,2025-11-20 18:52:03
er_4194304_1_7.bin.gz,erdos_renyi,46,SpecAnn,0.803535494759617,1.0,-1069302300.9999996,-464820870.9999996,0.2327160835266113,0,True,62,33,True,82,32,0.9384884834289552,395.4698181152344,-39098058925.130325,2025-11-20 18:52:03
er_4194304_1_7.bin.gz,erdos_renyi,46,SpecAnn,0.8084202540056837,1.0,-1069823720.9999998,-473450283.0000003,0.2326862812042236,0,True,62,33,True,83,32,0.9365298748016356,373.87506103515625,-36885955476.39916,2025-11-20 18:52:03
er_4194304_1_7.bin.gz,erdos_renyi,46,SpecAnn,0.8132756745622272,1.0,-1070295490.9999998,-481977117.0000002,0.2331492900848388,0,True,62,33,True,84,32,0.934508204460144,353.5816955566406,-34808539199.71352,2025-11-20 18:52:03
er_4194304_1_7.bin.gz,erdos_renyi,46,SpecAnn,0.8181022788030096,1.0,-1070775838.9999996,-490708873.0000004,0.2328267097473144,0,True,62,33,True,85,32,0.9324207305908204,334.5038452148437,-32856851142.29688,2025-11-20 18:52:04
er_4194304_1_7.bin.gz,erdos_renyi,46,SpecAnn,0.822900573781978,1.0,-1070934725.0,-500012597.00000006,0.2327518463134765,0,True,62,33,True,86,32,0.9302639365196228,316.5615234375,-31022530296.89469,2025-11-20 18:52:04
er_4194304_1_7.bin.gz,erdos_renyi,46,SpecAnn,0.8276710518549868,1.0,-1072156343.0,-509687381.0000001,0.2327108383178711,0,True,62,33,True,87,32,0.9280346035957336,299.68048095703125,-29297835224.989902,2025-11-20 18:52:04
er_4194304_1_7.bin.gz,erdos_renyi,46,SpecAnn,0.8324141912694495,1.0,-1071915605.0,-519840266.9999999,0.2331576347351074,0,True,62,33,True,88,32,0.9257287979125975,283.7916259765625,-27675549685.93383,2025-11-20 18:52:04
er_4194304_1_7.bin.gz,erdos_renyi,46,SpecAnn,0.8371304567239225,1.0,-1072474504.9999998,-530301369.0000001,0.2330007553100586,0,True,62,33,True,89,32,0.9233427047729492,268.83135986328125,-26149040408.54885,2025-11-20 18:52:05
er_4194304_1_7.bin.gz,erdos_renyi,46,SpecAnn,0.8418202998994706,1.0,-1073033066.9999998,-541631933.0,0.2326936721801757,0,True,62,33,True,90,32,0.9208716750144958,254.73974609375,-24712047577.467503,2025-11-20 18:52:05
er_4194304_1_7.bin.gz,erdos_renyi,46,SpecAnn,0.846484159964536,1.0,-1073350771.0000002,-553434269.0000006,0.2331109046936035,0,True,62,33,True,91,32,0.9183110594749452,241.4616851806641,-23358822525.92992,2025-11-20 18:52:05
er_4194304_1_7.bin.gz,erdos_renyi,46,SpecAnn,0.8511224640549078,1.0,-1074358016.9999998,-565614646.9999999,0.2329888343811035,0,True,62,33,True,92,32,0.9156556129455566,228.94598388671875,-22084018215.056824,2025-11-20 18:52:05
er_4194304_1_7.bin.gz,erdos_renyi,46,SpecAnn,0.8557356277302758,1.0,-1075413333.0000002,-578230865.0000002,0.2329192161560058,0,True,62,33,True,93,32,0.912899613380432,217.1443328857422,-20882593167.578896,2025-11-20 18:52:05
er_4194304_1_7.bin.gz,erdos_renyi,46,SpecAnn,0.8603240554087516,1.0,-1076259437.0000002,-591442528.9999996,0.233109712600708,0,True,62,33,True,94,32,0.9100367426872252,206.01210021972656,-19749884582.63414,2025-11-20 18:52:06
er_4194304_1_7.bin.gz,erdos_renyi,46,SpecAnn,0.86488814078064,1.0,-1076901065.0,-605500369.0,0.2324044704437255,0,True,62,33,True,95,32,0.9070603251457214,195.5081329345703,-18681592932.592182,2025-11-20 18:52:06
er_4194304_1_7.bin.gz,erdos_renyi,46,SpecAnn,0.8694282672026621,1.0,-1078148035.0,-620110097.0,0.2332689762115478,0,True,62,33,True,96,32,0.9039625525474548,185.5933074951172,-17673625833.9777,2025-11-20 18:52:06
er_4194304_1_7.bin.gz,erdos_renyi,46,SpecAnn,0.8739448080737451,1.0,-1079516989.0,-635617305.0000001,0.2327065467834472,0,True,62,33,True,97,32,0.900735318660736,176.23162841796875,-16722220718.918358,2025-11-20 18:52:06
er_4194304_1_7.bin.gz,erdos_renyi,46,SpecAnn,0.878438127193422,1.0,-1080485435.0000002,-651740758.9999992,0.2330527305603027,0,True,62,33,True,98,32,0.8973691463470459,167.38941955566406,-15823845788.66971,2025-11-20 18:52:07
er_4194304_1_7.bin.gz,erdos_renyi,46,SpecAnn,0.8829085791038153,1.0,-1081657323.0000002,-668864916.9999996,0.2325344085693359,0,True,62,33,True,99,32,0.8938538432121277,159.03504943847656,-14975187372.217384,2025-11-20 18:52:07
er_4194304_1_7.bin.gz,erdos_renyi,46,SpecAnn,0.8873565094161138,1.0,-1082798047.0,-686864080.9999995,0.2329933643341064,0,True,62,33,True,100,32,0.890177845954895,151.13925170898438,-14173168634.726088,2025-11-20 18:52:07
er_4194304_1_7.bin.gz,erdos_renyi,46,SpecAnn,0.8917822551223932,1.0,-1084620070.9999998,-705671006.9999996,0.2329316139221191,0,True,62,33,True,101,32,0.886328399181366,143.67442321777344,-13414887418.995358,2025-11-20 18:52:07
er_4194304_1_7.bin.gz,erdos_renyi,46,SpecAnn,0.8961861448935777,1.0,-1086322479.0,-725540976.9999999,0.2327325344085693,0,True,62,33,True,102,32,0.882291316986084,136.61505126953125,-12697653149.85449,2025-11-20 18:52:08
er_4194304_1_7.bin.gz,erdos_renyi,46,SpecAnn,0.9005684993642872,1.0,-1088513830.9999995,-746255043.0,0.2327711582183838,0,True,62,33,True,103,32,0.8780501484870911,129.93707275390625,-12018916124.8271,2025-11-20 18:52:08
er_4194304_1_7.bin.gz,erdos_renyi,46,SpecAnn,0.9049296314052688,1.0,-1090751651.0,-768004836.9999999,0.2331283092498779,0,True,62,33,True,104,32,0.8735865950584412,123.61790466308594,-11376279258.474524,2025-11-20 18:52:08
er_4194304_1_7.bin.gz,erdos_renyi,46,SpecAnn,0.9092698463840684,1.0,-1093230014.9999998,-790472916.9999999,0.2325453758239746,0,True,62,33,True,105,32,0.8688799142837524,117.63662719726562,-10767508595.138252,2025-11-20 18:52:08
er_4194304_1_7.bin.gz,erdos_renyi,46,SpecAnn,0.9135894424145556,1.0,-1096011707.0000002,-813427663.0000001,0.2329695224761963,0,True,62,33,True,106,32,0.8639064431190491,111.97361755371094,-10190496106.241032,2025-11-20 18:52:08
er_4194304_1_7.bin.gz,erdos_renyi,46,SpecAnn,0.9178887105958816,1.0,-1099337525.0000002,-837364308.9999996,0.2328438758850097,0,True,62,33,True,107,32,0.8586388230323792,106.61029052734376,-9643230616.56904,2025-11-20 18:52:09
er_4194304_1_7.bin.gz,erdos_renyi,46,SpecAnn,0.922167935241408,1.0,-1102735881.0,-861853527.0000002,0.2332396507263183,0,True,62,33,True,108,32,0.8530460596084595,101.5294189453125,-9123832149.7067,2025-11-20 18:52:09
er_4194304_1_7.bin.gz,erdos_renyi,46,SpecAnn,0.92642739409812,1.0,-1106479981.0000005,-887001939.0000001,0.2331326007843017,0,True,62,33,True,109,32,0.8470918536186218,96.71493530273438,-8630519852.822517,2025-11-20 18:52:09
er_4194304_1_7.bin.gz,erdos_renyi,46,SpecAnn,0.9306673585570006,1.0,-1110894337.0000002,-912265017.0000004,0.452383279800415,0,True,62,65,True,110,32,0.8407345414161682,92.15147399902344,-8161576995.619823,2025-11-20 18:52:10
er_4194304_1_7.bin.gz,erdos_renyi,46,SpecAnn,0.9348880938548184,1.0,-1115749580.9999998,-937472209.0000002,0.4521806240081787,0,True,62,65,True,111,32,0.8339247107505798,87.82488250732422,-7715380081.725125,2025-11-20 18:52:10
er_4194304_1_7.bin.gz,erdos_renyi,46,SpecAnn,0.9390898592677528,1.0,-1120448277.0,-961848971.0000002,0.6720428466796875,0,True,62,97,True,112,32,0.8266063332557678,83.72178649902344,-7290379237.924376,2025-11-20 18:52:11
er_4194304_1_7.bin.gz,erdos_renyi,46,SpecAnn,0.9432729082972536,1.0,-1124822503.0,-983388495.0,1.1117944717407229,0,True,62,161,True,113,32,0.8187126517295837,79.82962036132812,-6885071753.916377,2025-11-20 18:52:12
er_4194304_1_7.bin.gz,erdos_renyi,46,SpecAnn,0.9474374888485204,1.0,-1127446541.0000002,-996697302.9999998,1.9886448383331297,0,True,62,289,True,114,32,0.8101648092269897,76.1366195678711,-6498002446.044382,2025-11-20 18:52:14
er_4194304_1_7.bin.gz,erdos_renyi,46,SpecAnn,0.9515838434019476,1.0,-1121874733.0,-981856541.0,7.039199113845825,0,True,62,1025,True,115,32,0.8009126782417297,72.63166809082031,-6128075284.310983,2025-11-20 18:52:21
er_4194304_1_7.bin.gz,erdos_renyi,46,SpecAnn,0.9557122091778746,1.0,-1120696498.9999998,-978391191.0,6.376732110977173,0,True,62,929,True,116,32,0.7912039160728455,69.30445861816406,-5776469818.35384,2025-11-20 18:52:27
er_4194304_1_7.bin.gz,erdos_renyi,46,SpecAnn,0.9598228182949629,1.0,-1120731163.0,-977832487.0,1.1101138591766355,0,True,62,161,True,117,32,0.7810667157173157,66.14512634277344,-5442505625.705018,2025-11-20 18:52:28
er_4194304_1_7.bin.gz,erdos_renyi,46,SpecAnn,0.963915897922488,1.0,-1120756015.0,-977519293.0,1.1098928451538086,0,True,62,161,True,118,32,0.7704835534095764,63.14453887939453,-5125214828.137515,2025-11-20 18:52:30
er_4194304_1_7.bin.gz,erdos_renyi,46,SpecAnn,0.967991670426842,1.0,-1120500241.0,-977387717.0,0.6718215942382812,0,True,62,97,True,119,32,0.7594359517097473,60.29399871826172,-4823676179.068321,2025-11-20 18:52:30
er_4194304_1_7.bin.gz,erdos_renyi,46,SpecAnn,0.9720503535125016,1.0,-1120199135.0,-977172825.0,7.033325672149658,0,True,62,1025,True,120,32,0.7479044795036316,57.58535003662109,-4537023727.629521,2025-11-20 18:52:37
er_4194304_1_7.bin.gz,erdos_renyi,46,SpecAnn,0.9760921603577252,1.0,-1120035274.9999998,-977178197.0,2.862172842025757,0,True,62,417,True,121,32,0.7358740568161011,55.01099395751953,-4264478107.773212,2025-11-20 18:52:40
er_4194304_1_7.bin.gz,erdos_renyi,46,SpecAnn,0.9801172997452104,1.0,-1119990483.0,-977083499.0,0.6715831756591797,0,True,62,97,True,122,32,0.7233211398124695,52.56366729736328,-4005250845.92545,2025-11-20 18:52:41
er_4194304_1_7.bin.gz,erdos_renyi,46,SpecAnn,0.9841259761879442,1.0,-1119865637.0,-976960995.0,0.4521667957305908,0,True,62,65,True,123,32,0.7102261781692505,50.23661804199219,-3758633460.936688,2025-11-20 18:52:41
er_4194304_1_7.bin.gz,erdos_renyi,46,SpecAnn,0.9881183900504562,1.0,-1119961565.0,-976901621.0000002,0.6721210479736328,0,True,62,97,True,124,32,0.6965676546096802,48.02339553833008,-3523944606.331285,2025-11-20 18:52:42
er_4194304_1_7.bin.gz,erdos_renyi,46,SpecAnn,0.9920947376656812,1.0,-1120033451.0,-976815991.0,0.6716957092285156,0,True,62,97,True,125,32,0.6823235154151917,45.91800308227539,-3300549396.7256,2025-11-20 18:52:43
er_4194304_1_7.bin.gz,erdos_renyi,46,SpecAnn,0.9960552114476228,1.0,-1120067423.0,-976643643.0,1.110847234725952,0,True,62,161,True,126,32,0.6674715876579285,43.91476821899414,-3087850629.1810527,2025-11-20 18:52:44
er_4194304_1_7.bin.gz,erdos_renyi,46,SpecAnn,1.0,1.0,-1119993819.0,-976589407.0,0.4517121315002441,0,True,62,65,True,127,32,0.6519873142242432,42.00827407836914,-2885272852.993299,2025-11-20 18:52:44
er_4194304_1_7.bin.gz,erdos_renyi,47,SpecAnn,0.0,1.0,-1062028681.0000002,-216422833.0,0.3516867160797119,0,True,67,33,True,0,32,0.9994361400604248,4194305.0,-441599214994680.25,2025-11-20 18:53:23
er_4194304_1_7.bin.gz,erdos_renyi,47,SpecAnn,0.0887356509416113,1.0,-1062012650.9999996,-216475383.0000001,0.2321202754974365,0,True,67,33,True,1,32,0.9990590810775756,1505011.5,-158396005462235.47,2025-11-20 18:53:23
er_4194304_1_7.bin.gz,erdos_renyi,47,SpecAnn,0.1254911610276317,1.0,-1062236189.0,-216718281.0,0.2317917346954345,0,True,67,33,True,2,32,0.9988367557525636,984460.8125,-103587221333112.69,2025-11-20 18:53:23
er_4194304_1_7.bin.gz,erdos_renyi,47,SpecAnn,0.1536946558735679,1.0,-1062198133.0,-217162191.00000003,0.2346446514129638,0,True,67,33,True,3,32,0.9986311197280884,710823.0625,-74779032243289.19,2025-11-20 18:53:24
er_4194304_1_7.bin.gz,erdos_renyi,47,SpecAnn,0.1774713018832227,1.0,-1062080399.0,-217785308.99999988,0.2320733070373535,0,True,67,33,True,4,32,0.9984297156333924,540174.0,-56815182972346.4,2025-11-20 18:53:24
er_4194304_1_7.bin.gz,erdos_renyi,47,SpecAnn,0.1984189475331362,1.0,-1062141999.0,-218537111.0,0.2326467037200927,0,True,67,33,True,5,32,0.998227834701538,424129.5625,-44600677414780.46,2025-11-20 18:53:24
er_4194304_1_7.bin.gz,erdos_renyi,47,SpecAnn,0.2173570668006655,1.0,-1062031383.0000002,-219364051.00000024,0.2320778369903564,0,True,67,33,True,6,32,0.9980230927467346,340835.625,-35834290263274.29,2025-11-20 18:53:24
er_4194304_1_7.bin.gz,erdos_renyi,47,SpecAnn,0.2347724648169381,1.0,-1062044015.0,-220191985.0000001,0.2330789566040039,0,True,67,33,True,7,32,0.9978139400482178,278760.1875,-29301749403901.89,2025-11-20 18:53:25
er_4194304_1_7.bin.gz,erdos_renyi,47,SpecAnn,0.2509823220552634,1.0,-1062603598.9999998,-221078327.0000001,0.233112096786499,0,True,67,33,True,8,32,0.9975994229316713,231187.65625,-24295960134423.266,2025-11-20 18:53:25
er_4194304_1_7.bin.gz,erdos_renyi,47,SpecAnn,0.2662069528248341,1.0,-1062265993.0,-221959951.0,0.2319254875183105,0,True,67,33,True,9,32,0.9973788261413574,193928.359375,-20375801559076.832,2025-11-20 18:53:25
er_4194304_1_7.bin.gz,erdos_renyi,47,SpecAnn,0.2806067666331568,1.0,-1061556119.0,-222909122.99999964,0.232365608215332,0,True,67,33,True,10,32,0.997151494026184,164231.3125,-17251638250409.838,2025-11-20 18:53:25
er_4194304_1_7.bin.gz,erdos_renyi,47,SpecAnn,0.2943028597012718,1.0,-1061968381.0,-223916851.0,0.2325010299682617,0,True,67,33,True,11,32,0.9969170093536376,140217.203125,-14725618365667.262,2025-11-20 18:53:25
er_4194304_1_7.bin.gz,erdos_renyi,47,SpecAnn,0.3073893117471359,1.0,-1062103651.0,-224932791.00000024,0.2331724166870117,0,True,67,33,True,12,32,0.9966749548912048,120560.46875,-12658192849174.27,2025-11-20 18:53:26
er_4194304_1_7.bin.gz,erdos_renyi,47,SpecAnn,0.3199409394316542,1.0,-1062390895.0000004,-225914518.99999988,0.2322301864624023,0,True,67,33,True,13,32,0.9964248538017272,104301.8359375,-10948376895452.422,2025-11-20 18:53:26
er_4194304_1_7.bin.gz,erdos_renyi,47,SpecAnn,0.3320184038158743,1.0,-1061906755.0,-227023094.99999964,0.2322170734405517,0,True,67,33,True,14,32,0.9961665272712708,90731.421875,-9521445731010.682,2025-11-20 18:53:26
er_4194304_1_7.bin.gz,erdos_renyi,47,SpecAnn,0.3436716983117353,1.0,-1061900839.0000002,-228165555.0000001,0.2328345775604248,0,True,67,33,True,15,32,0.9958995580673218,79314.296875,-8321090646746.302,2025-11-20 18:53:26
er_4194304_1_7.bin.gz,erdos_renyi,47,SpecAnn,0.3549426037664455,1.0,-1062283985.0,-229361396.99999967,0.2330570220947265,0,True,67,33,True,16,32,0.9956235885620116,69640.8359375,-7304195485480.417,2025-11-20 18:53:27
er_4194304_1_7.bin.gz,erdos_renyi,47,SpecAnn,0.3658664615902029,1.0,-1062324804.9999996,-230541452.9999998,0.2319402694702148,0,True,67,33,True,17,32,0.9953383803367616,61392.796875,-6437265249127.222,2025-11-20 18:53:27
er_4194304_1_7.bin.gz,erdos_renyi,47,SpecAnn,0.3764734830828951,1.0,-1062500561.0,-231748541.0,0.232424259185791,0,True,67,33,True,18,32,0.995043694972992,54320.0859375,-5693978663180.995,2025-11-20 18:53:27
er_4194304_1_7.bin.gz,erdos_renyi,47,SpecAnn,0.3867897351437838,1.0,-1062230767.0,-232997578.99999985,0.2325601577758789,0,True,67,33,True,19,32,0.9947391748428344,48223.8984375,-5053412758969.801,2025-11-20 18:53:27
er_4194304_1_7.bin.gz,erdos_renyi,47,SpecAnn,0.3968378950662725,1.0,-1062532681.0000002,-234157694.9999997,0.2333996295928955,0,True,67,33,True,20,32,0.9944245219230652,42944.67578125,-4498776194571.115,2025-11-20 18:53:28
er_4194304_1_7.bin.gz,erdos_renyi,47,SpecAnn,0.4066378372811136,1.0,-1062497221.0,-235471186.9999995,0.2328581809997558,0,True,67,33,True,21,32,0.9940994381904602,38353.203125,-4016471630714.117,2025-11-20 18:53:28
er_4194304_1_7.bin.gz,erdos_renyi,47,SpecAnn,0.4162070956347247,1.0,-1062421447.0,-236852222.9999999,0.2321248054504394,0,True,67,33,True,22,32,0.9937637448310852,34344.0390625,-3595404459678.381,2025-11-20 18:53:28
er_4194304_1_7.bin.gz,erdos_renyi,47,SpecAnn,0.4255612320274539,1.0,-1062251623.0000004,-238266239.00000027,0.2324273586273193,0,True,67,33,True,23,32,0.9934170842170716,30830.50390625,-3226454035105.103,2025-11-20 18:53:28
er_4194304_1_7.bin.gz,erdos_renyi,47,SpecAnn,0.434714133601331,1.0,-1062625399.0,-239825998.99999985,0.232736587524414,0,True,67,33,True,24,32,0.9930591583251952,27740.8203125,-2902068472428.189,2025-11-20 18:53:29
er_4194304_1_7.bin.gz,erdos_renyi,47,SpecAnn,0.4436782547080569,1.0,-1062744847.0,-241389713.0000001,0.2329251766204834,0,True,67,33,True,25,32,0.9926897287368774,25015.2734375,-2615965533191.8,2025-11-20 18:53:29
er_4194304_1_7.bin.gz,erdos_renyi,47,SpecAnn,0.4524648157026343,1.0,-1062569389.0,-243034125.0000003,0.2322959899902343,0,True,67,33,True,26,32,0.992308497428894,22603.83984375,-2362882722579.092,2025-11-20 18:53:29
er_4194304_1_7.bin.gz,erdos_renyi,47,SpecAnn,0.4610839676207039,1.0,-1062565977.0,-244706123.0,0.2327430248260498,0,True,67,33,True,27,32,0.9919150471687316,20464.40625,-2138389739913.918,2025-11-20 18:53:29
er_4194304_1_7.bin.gz,erdos_renyi,47,SpecAnn,0.4695449296338763,1.0,-1062949376.9999996,-246332535.00000027,0.232475996017456,0,True,67,33,True,28,32,0.9915092587471008,18561.3671875,-1938741787175.6028,2025-11-20 18:53:29
er_4194304_1_7.bin.gz,erdos_renyi,47,SpecAnn,0.4778561045889373,1.0,-1062917393.0,-248083958.99999976,0.2329561710357666,0,True,67,33,True,29,32,0.9910906553268432,16864.453125,-1760754791104.8022,2025-11-20 18:53:30
er_4194304_1_7.bin.gz,erdos_renyi,47,SpecAnn,0.4860251767562508,1.0,-1063026735.0,-249795747.0000001,0.2322502136230468,0,True,67,33,True,30,32,0.99065899848938,15347.8544921875,-1601714461570.9949,2025-11-20 18:53:30
er_4194304_1_7.bin.gz,erdos_renyi,47,SpecAnn,0.4940591950252281,1.0,-1062903060.9999998,-251723374.99999985,0.2331347465515136,0,True,67,33,True,31,32,0.990213930606842,13989.45703125,-1459295103893.2468,2025-11-20 18:53:30
er_4194304_1_7.bin.gz,erdos_renyi,47,SpecAnn,0.5019646441105269,1.0,-1062985277.0,-253584343.0000001,0.2332367897033691,0,True,67,33,True,32,32,0.9897552132606506,12770.248046875,-1331497532130.023,2025-11-20 18:53:30
er_4194304_1_7.bin.gz,erdos_renyi,47,SpecAnn,0.5097475058154177,1.0,-1062940446.9999998,-255498263.0000001,0.2324869632720947,0,True,67,33,True,33,32,0.9892825484275818,11673.8173828125,-1216596262718.7595,2025-11-20 18:53:31
er_4194304_1_7.bin.gz,erdos_renyi,47,SpecAnn,0.51741331199832,1.0,-1063065107.0,-257499127.0,0.2324402332305908,0,True,67,33,True,34,32,0.9887953996658324,10685.970703125,-1113098637796.2722,2025-11-20 18:53:31
er_4194304_1_7.bin.gz,erdos_renyi,47,SpecAnn,0.5249671905758515,1.0,-1062913207.0000002,-259487264.99999952,0.2327413558959961,0,True,67,33,True,35,32,0.9882936477661132,9794.3779296875,-1019708634353.1676,2025-11-20 18:53:31
er_4194304_1_7.bin.gz,erdos_renyi,47,SpecAnn,0.5324139056496683,1.0,-1062853017.0,-261662016.9999997,0.2328863143920898,0,True,67,33,True,36,32,0.9877767562866212,8988.3037109375,-935297505185.9489,2025-11-20 18:53:31
er_4194304_1_7.bin.gz,erdos_renyi,47,SpecAnn,0.5397578926492556,1.0,-1062946019.0,-263769132.9999998,0.2326068878173828,0,True,67,33,True,37,32,0.9872444868087769,8258.3642578125,-858879005049.5314,2025-11-20 18:53:32
er_4194304_1_7.bin.gz,erdos_renyi,47,SpecAnn,0.5470032892270364,1.0,-1062872831.0000002,-266028481.0,0.2324345111846923,0,True,67,33,True,38,32,0.9866963028907776,7596.3603515625,-789591190324.9692,2025-11-20 18:53:32
er_4194304_1_7.bin.gz,erdos_renyi,47,SpecAnn,0.554153962516942,1.0,-1063108767.0,-268360131.0000001,0.2321319580078125,0,True,67,33,True,39,32,0.9861321449279784,6995.0732421875,-726675665020.8998,2025-11-20 18:53:32
er_4194304_1_7.bin.gz,erdos_renyi,47,SpecAnn,0.5612135332663137,1.0,-1063694074.9999998,-270770299.00000006,0.2329001426696777,0,True,67,33,True,40,32,0.9855512976646424,6448.1708984375,-669466744096.7002,2025-11-20 18:53:32
er_4194304_1_7.bin.gz,erdos_renyi,47,SpecAnn,0.5681853972686127,1.0,-1063482047.0,-273155680.9999998,0.2326865196228027,0,True,67,33,True,41,32,0.9849535822868348,5950.0595703125,-617376810442.0416,2025-11-20 18:53:32
er_4194304_1_7.bin.gz,erdos_renyi,47,SpecAnn,0.5750727444570146,1.0,-1063109525.0,-275624815.0,0.232508897781372,0,True,67,33,True,42,32,0.984338402748108,5495.79150390625,-569885900328.0216,2025-11-20 18:53:33
er_4194304_1_7.bin.gz,erdos_renyi,47,SpecAnn,0.5818785759635375,1.0,-1063153814.9999998,-278191777.0000001,0.2322998046875,0,True,67,33,True,43,32,0.9837054014205932,5080.9931640625,-526534583554.5395,2025-11-20 18:53:33
er_4194304_1_7.bin.gz,erdos_renyi,47,SpecAnn,0.5886057194025436,1.0,-1063582187.0,-280864992.9999998,0.2327888011932373,0,True,67,33,True,44,32,0.9830542802810668,4701.78173828125,-486915049875.032,2025-11-20 18:53:33
er_4194304_1_7.bin.gz,erdos_renyi,47,SpecAnn,0.5952568425994088,1.0,-1063746243.0,-283642678.9999998,0.2332193851470947,0,True,67,33,True,45,32,0.982384443283081,4354.69482421875,-450663553242.6292,2025-11-20 18:53:33
er_4194304_1_7.bin.gz,erdos_renyi,47,SpecAnn,0.6018344659534288,1.0,-1063416553.0,-286382895.00000024,0.2330031394958496,0,True,67,33,True,46,32,0.981695592403412,4036.662841796875,-417457773905.398,2025-11-20 18:53:34
er_4194304_1_7.bin.gz,erdos_renyi,47,SpecAnn,0.6083409735974393,1.0,-1063594933.0,-289296294.99999994,0.2329676151275634,0,True,67,33,True,47,32,0.9809870719909668,3744.9365234375,-387008924217.77545,2025-11-20 18:53:34
er_4194304_1_7.bin.gz,erdos_renyi,47,SpecAnn,0.6147786234942719,1.0,-1063497959.0,-292213543.00000054,0.2326159477233886,0,True,67,33,True,48,32,0.9802584052085876,3477.0615234375,-359059304162.6309,2025-11-20 18:53:34
er_4194304_1_7.bin.gz,erdos_renyi,47,SpecAnn,0.6211495565912796,1.0,-1063638095.0,-295218485.0000002,0.2324352264404297,0,True,67,33,True,49,32,0.9795092344284058,3230.84228515625,-333378453685.58405,2025-11-20 18:53:34
er_4194304_1_7.bin.gz,erdos_renyi,47,SpecAnn,0.6274558051381586,1.0,-1064029625.0,-298478209.00000024,0.2325196266174316,0,True,67,33,True,50,32,0.9787390232086182,3004.3046875,-309759129141.69324,2025-11-20 18:53:35
er_4194304_1_7.bin.gz,erdos_renyi,47,SpecAnn,0.6336993002596786,1.0,-1064212701.0,-301728471.0000004,0.2330226898193359,0,True,67,33,True,51,32,0.9779471158981324,2795.68310546875,-288015955257.8783,2025-11-20 18:53:35
er_4194304_1_7.bin.gz,erdos_renyi,47,SpecAnn,0.6398818788633085,1.0,-1064320311.0000002,-305099201.0,0.2329072952270507,0,True,67,33,True,52,32,0.9771330952644348,2603.384033203125,-267981735158.9447,2025-11-20 18:53:35
er_4194304_1_7.bin.gz,erdos_renyi,47,SpecAnn,0.6460052899517691,1.0,-1063931286.9999996,-308479214.9999999,0.232267141342163,0,True,67,33,True,53,32,0.976296365261078,2425.97216796875,-249505843522.0981,2025-11-20 18:53:35
er_4194304_1_7.bin.gz,erdos_renyi,47,SpecAnn,0.6520712004019966,1.0,-1064310542.9999998,-312030694.9999996,0.233220100402832,0,True,67,33,True,54,32,0.975436270236969,2262.156982421875,-232452849642.937,2025-11-20 18:53:36
er_4194304_1_7.bin.gz,erdos_renyi,47,SpecAnn,0.6580812002646271,1.0,-1064412428.9999998,-315656954.9999996,0.2322332859039306,0,True,67,33,True,55,32,0.9745522141456604,2110.770263671875,-216700201248.85056,2025-11-20 18:53:36
er_4194304_1_7.bin.gz,erdos_renyi,47,SpecAnn,0.6640368076317485,1.0,-1064246540.9999996,-319469636.99999964,0.2328543663024902,0,True,67,33,True,56,32,0.973643720149994,1970.755615234375,-202137120426.13144,2025-11-20 18:53:36
er_4194304_1_7.bin.gz,erdos_renyi,47,SpecAnn,0.6699394731151429,1.0,-1064497379.0,-323233768.9999991,0.232328176498413,0,True,67,33,True,57,32,0.9727097749710084,1841.158935546875,-188663460070.5303,2025-11-20 18:53:36
er_4194304_1_7.bin.gz,erdos_renyi,47,SpecAnn,0.6757905839724513,1.0,-1064948377.0,-327108032.99999946,0.2324264049530029,0,True,67,33,True,58,32,0.9717501401901244,1721.11181640625,-176188246427.37668,2025-11-20 18:53:36
er_4194304_1_7.bin.gz,erdos_renyi,47,SpecAnn,0.6815914679145113,1.0,-1064956423.0000002,-331189158.99999976,0.2327356338500976,0,True,67,33,True,59,32,0.970763862133026,1609.83056640625,-164629251989.59607,2025-11-20 18:53:37
er_4194304_1_7.bin.gz,erdos_renyi,47,SpecAnn,0.6873433966234707,1.0,-1064718073.0,-335296972.9999993,0.2327911853790283,0,True,67,33,True,60,32,0.969750165939331,1506.598876953125,-153911381651.72955,2025-11-20 18:53:37
er_4194304_1_7.bin.gz,erdos_renyi,47,SpecAnn,0.6930475890080863,1.0,-1065111693.0,-339402269.00000006,0.2322003841400146,0,True,67,33,True,61,32,0.9687083959579468,1410.7689208984375,-143966743918.41644,2025-11-20 18:53:37
er_4194304_1_7.bin.gz,erdos_renyi,47,SpecAnn,0.6987052142198116,1.0,-1065077523.0,-343790310.99999994,0.2329375743865966,0,True,67,33,True,62,32,0.9676376581192015,1321.748779296875,-134733289934.79391,2025-11-20 18:53:37
er_4194304_1_7.bin.gz,erdos_renyi,47,SpecAnn,0.7043173944508145,1.0,-1065561994.9999998,-348342201.00000006,0.2329583168029785,0,True,67,33,True,63,32,0.9665372371673584,1238.9990234375,-126154512424.03828,2025-11-20 18:53:38
er_4194304_1_7.bin.gz,erdos_renyi,47,SpecAnn,0.709885207532891,1.0,-1065729308.9999998,-352929859.0000004,0.2329304218292236,0,True,67,33,True,64,32,0.965406060218811,1162.029296875,-118179006088.05392,2025-11-20 18:53:38
er_4194304_1_7.bin.gz,erdos_renyi,47,SpecAnn,0.7154096893543218,1.0,-1065692791.0,-357701842.9999997,0.2325079441070556,0,True,67,33,True,65,32,0.9642434120178224,1090.389404296875,-110759640601.40352,2025-11-20 18:53:38
er_4194304_1_7.bin.gz,erdos_renyi,47,SpecAnn,0.7208918361100219,1.0,-1065904812.9999998,-362577474.99999934,0.2324886322021484,0,True,67,33,True,66,32,0.9630482792854308,1023.67041015625,-103853573408.45863,2025-11-20 18:53:38
er_4194304_1_7.bin.gz,erdos_renyi,47,SpecAnn,0.7263326063988248,1.0,-1065751389.0,-367610798.9999989,0.2329344749450683,0,True,67,33,True,67,32,0.961819589138031,961.4963989257812,-97421433324.67513,2025-11-20 18:53:39
er_4194304_1_7.bin.gz,erdos_renyi,47,SpecAnn,0.7317329231804058,1.0,-1066012163.0,-372789200.99999934,0.2323882579803466,0,True,67,33,True,68,32,0.9605564475059508,903.5242919921876,-91427313730.06133,2025-11-20 18:53:39
er_4194304_1_7.bin.gz,erdos_renyi,47,SpecAnn,0.7370936756031579,1.0,-1066529053.0,-378220993.0,0.2329113483428955,0,True,67,33,True,69,32,0.9592576026916504,849.438232421875,-85838138146.09976,2025-11-20 18:53:39
er_4194304_1_7.bin.gz,erdos_renyi,47,SpecAnn,0.7424157207132704,1.0,-1066707871.0,-383681736.9999995,0.2326664924621582,0,True,67,33,True,70,32,0.9579217433929444,798.950439453125,-80623770737.2582,2025-11-20 18:53:39
er_4194304_1_7.bin.gz,erdos_renyi,47,SpecAnn,0.7476998850543153,1.0,-1066674093.0,-389311837.0000005,0.2325334548950195,0,True,67,33,True,71,32,0.9565478563308716,751.7957763671875,-75756485586.27312,2025-11-20 18:53:39
er_4194304_1_7.bin.gz,erdos_renyi,47,SpecAnn,0.7529469661657903,1.0,-1066763303.0,-395199047.0,0.2323751449584961,0,True,67,33,True,72,32,0.9551346302032472,707.729736328125,-71210702462.04941,2025-11-20 18:53:40
er_4194304_1_7.bin.gz,erdos_renyi,47,SpecAnn,0.7581577339883167,1.0,-1066905309.0,-401175655.00000006,0.2327790260314941,0,True,67,33,True,73,32,0.9536806344985962,666.5296020507812,-66963113907.2568,2025-11-20 18:53:40
er_4194304_1_7.bin.gz,erdos_renyi,47,SpecAnn,0.7633329321824984,1.0,-1067031758.9999998,-407375034.9999996,0.2330541610717773,0,True,67,33,True,74,32,0.9521844387054444,627.9888916015625,-62992127451.45388,2025-11-20 18:53:40
er_4194304_1_7.bin.gz,erdos_renyi,47,SpecAnn,0.7684732793678399,1.0,-1067177208.9999998,-413717982.9999993,0.2328786849975586,0,True,67,33,True,75,32,0.9506444334983826,591.9176635742188,-59277877437.3363,2025-11-20 18:53:40
er_4194304_1_7.bin.gz,erdos_renyi,47,SpecAnn,0.7735794702875677,1.0,-1067894955.0,-420304108.9999995,0.2330358028411865,0,True,67,33,True,76,32,0.9490591287612916,558.141357421875,-55802121457.79807,2025-11-20 18:53:41
er_4194304_1_7.bin.gz,erdos_renyi,47,SpecAnn,0.7786521769046981,1.0,-1067944392.9999998,-427105078.9999997,0.2322731018066406,0,True,67,33,True,77,32,0.9474266171455384,526.4989624023438,-52548017540.88573,2025-11-20 18:53:41
er_4194304_1_7.bin.gz,erdos_renyi,47,SpecAnn,0.7836920494342511,1.0,-1068193511.0000004,-434192673.0,0.2332861423492431,0,True,67,33,True,78,32,0.9457452297210692,496.841796875,-49500036374.81849,2025-11-20 18:53:41
er_4194304_1_7.bin.gz,erdos_renyi,47,SpecAnn,0.788699717316095,1.0,-1068185916.9999996,-441486097.0000001,0.2322936058044433,0,True,67,33,True,79,32,0.9440128207206726,469.0323486328125,-46643799940.53489,2025-11-20 18:53:41
er_4194304_1_7.bin.gz,erdos_renyi,47,SpecAnn,0.7936757901325451,1.0,-1068675591.0,-448983659.0,0.2330560684204101,0,True,67,33,True,80,32,0.9422274827957152,442.9441223144531,-43966100223.453606,2025-11-20 18:53:42
er_4194304_1_7.bin.gz,erdos_renyi,47,SpecAnn,0.7986208584745024,1.0,-1068914862.9999998,-456631411.0000005,0.2323307991027832,0,True,67,33,True,81,32,0.9403868317604064,418.4591674804688,-41454612570.48055,2025-11-20 18:53:42
er_4194304_1_7.bin.gz,erdos_renyi,47,SpecAnn,0.803535494759617,1.0,-1069346971.0,-464820871.0000002,0.2323887348175048,0,True,67,33,True,82,32,0.9384884238243104,395.4695739746094,-39098061996.52881,2025-11-20 18:53:42
er_4194304_1_7.bin.gz,erdos_renyi,47,SpecAnn,0.8084202540056837,1.0,-1069378412.9999996,-473450477.0000005,0.2328717708587646,0,True,67,33,True,83,32,0.936529815196991,373.8748779296875,-36885963075.51053,2025-11-20 18:53:42
er_4194304_1_7.bin.gz,erdos_renyi,47,SpecAnn,0.8132756745622272,1.0,-1069724023.0,-481977681.0000002,0.2329549789428711,0,True,67,33,True,84,32,0.9345083236694336,353.5814514160156,-34808546039.44552,2025-11-20 18:53:42
er_4194304_1_7.bin.gz,erdos_renyi,47,SpecAnn,0.8181022788030096,1.0,-1070062539.0,-490710353.0000002,0.2320363521575927,0,True,67,33,True,85,32,0.9324207901954652,334.503662109375,-32856860208.86097,2025-11-20 18:53:43
er_4194304_1_7.bin.gz,erdos_renyi,47,SpecAnn,0.822900573781978,1.0,-1071015364.9999996,-500014277.0000007,0.2326469421386718,0,True,67,33,True,86,32,0.9302639365196228,316.5613098144531,-31022532921.018456,2025-11-20 18:53:43
er_4194304_1_7.bin.gz,erdos_renyi,47,SpecAnn,0.8276710518549868,1.0,-1071178535.0,-509687683.0000001,0.2325425148010254,0,True,67,33,True,87,32,0.9280346632003784,299.6802978515625,-29297841454.74453,2025-11-20 18:53:43
er_4194304_1_7.bin.gz,erdos_renyi,47,SpecAnn,0.8324141912694495,1.0,-1071908828.9999998,-519841392.9999998,0.232602834701538,0,True,67,33,True,88,32,0.9257287979125975,283.7914428710937,-27675552846.478622,2025-11-20 18:53:43
er_4194304_1_7.bin.gz,erdos_renyi,47,SpecAnn,0.8371304567239225,1.0,-1072568719.0,-530302569.0,0.2327916622161865,0,True,67,33,True,89,32,0.9233426451683044,268.83123779296875,-26149046704.72054,2025-11-20 18:53:44
er_4194304_1_7.bin.gz,erdos_renyi,47,SpecAnn,0.8418202998994706,1.0,-1072762501.0000002,-541633110.9999998,0.2322773933410644,0,True,67,33,True,90,32,0.9208716750144958,254.7395782470703,-24712050061.42622,2025-11-20 18:53:44
er_4194304_1_7.bin.gz,erdos_renyi,47,SpecAnn,0.846484159964536,1.0,-1073490944.9999998,-553434060.9999998,0.2326898574829101,0,True,67,33,True,91,32,0.9183110594749452,241.4615478515625,-23358826979.7603,2025-11-20 18:53:44
er_4194304_1_7.bin.gz,erdos_renyi,47,SpecAnn,0.8511224640549078,1.0,-1074290267.0000002,-565614647.0,0.2329339981079101,0,True,67,33,True,92,32,0.9156556129455566,228.94581604003903,-22084018795.489487,2025-11-20 18:53:44
er_4194304_1_7.bin.gz,erdos_renyi,47,SpecAnn,0.8557356277302758,1.0,-1074910460.9999998,-578229463.0000001,0.2324719429016113,0,True,67,33,True,93,32,0.9128996729850768,217.1441802978516,-20882595715.2504,2025-11-20 18:53:45
er_4194304_1_7.bin.gz,erdos_renyi,47,SpecAnn,0.8603240554087516,1.0,-1075686887.0,-591441835.000001,0.2325944900512695,0,True,67,33,True,94,32,0.9100368618965148,206.011962890625,-19749889002.61515,2025-11-20 18:53:45
er_4194304_1_7.bin.gz,erdos_renyi,47,SpecAnn,0.86488814078064,1.0,-1077034445.0,-605500369.0000007,0.2326438426971435,0,True,67,33,True,95,32,0.9070603251457214,195.5080108642578,-18681595455.284843,2025-11-20 18:53:45
er_4194304_1_7.bin.gz,erdos_renyi,47,SpecAnn,0.8694282672026621,1.0,-1077637957.0,-620110841.0000001,0.2330598831176757,0,True,67,33,True,96,32,0.9039626717567444,185.5931854248047,-17673629961.738987,2025-11-20 18:53:45
er_4194304_1_7.bin.gz,erdos_renyi,47,SpecAnn,0.8739448080737451,1.0,-1078956740.9999998,-635617305.0000002,0.2327358722686767,0,True,67,33,True,97,32,0.9007353782653807,176.2315216064453,-16722224389.415888,2025-11-20 18:53:46
er_4194304_1_7.bin.gz,erdos_renyi,47,SpecAnn,0.878438127193422,1.0,-1080079625.0000005,-651741541.0000005,0.2324135303497314,0,True,67,33,True,98,32,0.8973692059516907,167.38931274414062,-15823848759.286842,2025-11-20 18:53:46
er_4194304_1_7.bin.gz,erdos_renyi,47,SpecAnn,0.8829085791038153,1.0,-1081516984.9999998,-668866321.0000002,0.2334439754486084,0,True,67,33,True,99,32,0.8938538432121277,159.0349578857422,-14975190123.675184,2025-11-20 18:53:46
er_4194304_1_7.bin.gz,erdos_renyi,47,SpecAnn,0.8873565094161138,1.0,-1082812393.0,-686862986.9999995,0.2327826023101806,0,True,67,33,True,100,32,0.8901779055595398,151.13912963867188,-14173168899.77886,2025-11-20 18:53:46
er_4194304_1_7.bin.gz,erdos_renyi,47,SpecAnn,0.8917822551223932,1.0,-1084671487.0,-705671498.9999998,0.2326087951660156,0,True,67,33,True,101,32,0.8863284587860107,143.67433166503906,-13414889960.260683,2025-11-20 18:53:46
er_4194304_1_7.bin.gz,erdos_renyi,47,SpecAnn,0.8961861448935777,1.0,-1086399800.9999998,-725541746.9999999,0.23323655128479,0,True,67,33,True,102,32,0.8822913765907288,136.6149444580078,-12697653722.8283,2025-11-20 18:53:47
er_4194304_1_7.bin.gz,erdos_renyi,47,SpecAnn,0.9005684993642872,1.0,-1088119257.0,-746256148.9999996,0.2325875759124755,0,True,67,33,True,103,32,0.8780502080917358,129.93698120117188,-12018917599.559072,2025-11-20 18:53:47
er_4194304_1_7.bin.gz,erdos_renyi,47,SpecAnn,0.9049296314052688,1.0,-1090504123.0,-768005290.9999999,0.2329394817352295,0,True,67,33,True,104,32,0.8735866546630859,123.6178207397461,-11376280950.668364,2025-11-20 18:53:47
er_4194304_1_7.bin.gz,erdos_renyi,47,SpecAnn,0.9092698463840684,1.0,-1093032752.9999995,-790472825.0000001,0.2325606346130371,0,True,67,33,True,105,32,0.8688799738883972,117.63655090332033,-10767510527.41316,2025-11-20 18:53:47
er_4194304_1_7.bin.gz,erdos_renyi,47,SpecAnn,0.9135894424145556,1.0,-1095770233.0000002,-813428345.0000002,0.2331938743591308,0,True,67,33,True,106,32,0.8639064431190491,111.97354125976562,-10190496901.653994,2025-11-20 18:53:48
er_4194304_1_7.bin.gz,erdos_renyi,47,SpecAnn,0.9178887105958816,1.0,-1098990226.9999998,-837365715.0000002,0.2325305938720703,0,True,67,33,True,107,32,0.8586388826370239,106.61022186279295,-9643232398.232002,2025-11-20 18:53:48
er_4194304_1_7.bin.gz,erdos_renyi,47,SpecAnn,0.922167935241408,1.0,-1102481597.0,-861854261.0000001,0.2335720062255859,0,True,67,33,True,108,32,0.8530460000038147,101.52935028076172,-9123832270.470612,2025-11-20 18:53:48
er_4194304_1_7.bin.gz,erdos_renyi,47,SpecAnn,0.92642739409812,1.0,-1106281299.0,-887001947.0,0.2323548793792724,0,True,67,33,True,109,32,0.8470918536186218,96.71485900878906,-8630519598.713575,2025-11-20 18:53:48
er_4194304_1_7.bin.gz,erdos_renyi,47,SpecAnn,0.9306673585570006,1.0,-1110725411.0,-912264768.9999996,0.4527440071105957,0,True,67,65,True,110,32,0.8407344818115234,92.1514129638672,-8161577209.288409,2025-11-20 18:53:49
er_4194304_1_7.bin.gz,erdos_renyi,47,SpecAnn,0.9348880938548184,1.0,-1115541909.0,-937472830.9999996,0.4523074626922607,0,True,67,65,True,111,32,0.8339246511459351,87.8248291015625,-7715380697.738645,2025-11-20 18:53:49
er_4194304_1_7.bin.gz,erdos_renyi,47,SpecAnn,0.9390898592677528,1.0,-1120474959.0,-961850551.0,0.6722779273986816,0,True,67,97,True,112,32,0.8266060948371887,83.72172546386719,-7290377356.690023,2025-11-20 18:53:50
er_4194304_1_7.bin.gz,erdos_renyi,47,SpecAnn,0.9432729082972536,1.0,-1124762229.0,-983390961.0,1.111151933670044,0,True,67,161,True,113,32,0.818712592124939,79.82955932617188,-6885071217.156814,2025-11-20 18:53:51
er_4194304_1_7.bin.gz,erdos_renyi,47,SpecAnn,0.9474374888485204,1.0,-1127611601.0000002,-996705135.0,1.987709045410156,0,True,67,289,True,114,32,0.8101646304130554,76.13655853271484,-6498000737.359699,2025-11-20 18:53:53
er_4194304_1_7.bin.gz,erdos_renyi,47,SpecAnn,0.9515838434019476,1.0,-1121931849.0,-981757645.0,7.037082195281982,0,True,67,1025,True,115,32,0.800912618637085,72.63162231445312,-6128075619.739753,2025-11-20 18:54:00
er_4194304_1_7.bin.gz,erdos_renyi,47,SpecAnn,0.9557122091778746,1.0,-1120814041.0,-978728631.0,4.842074871063232,0,True,67,705,True,116,32,0.7912046909332275,69.3044204711914,-5776476682.698378,2025-11-20 18:54:05
er_4194304_1_7.bin.gz,erdos_renyi,47,SpecAnn,0.9598228182949629,1.0,-1120541032.9999998,-977854363.0,3.087071180343628,0,True,67,449,True,117,32,0.7810667753219604,66.14508056640625,-5442506407.592316,2025-11-20 18:54:08
er_4194304_1_7.bin.gz,erdos_renyi,47,SpecAnn,0.963915897922488,1.0,-1120476433.0,-977499517.0,1.1112604141235352,0,True,67,161,True,118,32,0.7704835534095764,63.14449691772461,-5125215314.403586,2025-11-20 18:54:09
er_4194304_1_7.bin.gz,erdos_renyi,47,SpecAnn,0.967991670426842,1.0,-1120501451.0,-977480339.0,1.111292600631714,0,True,67,161,True,119,32,0.7594360709190369,60.29395294189453,-4823676937.168377,2025-11-20 18:54:10
er_4194304_1_7.bin.gz,erdos_renyi,47,SpecAnn,0.9720503535125016,1.0,-1120475402.9999998,-977257763.0,0.2328259944915771,0,True,67,33,True,120,32,0.747905969619751,57.58530426025391,-4537032605.986854,2025-11-20 18:54:10
er_4194304_1_7.bin.gz,erdos_renyi,47,SpecAnn,0.9760921603577252,1.0,-1120236587.0,-977172343.0,1.111027479171753,0,True,67,161,True,121,32,0.7358744740486145,55.01095581054688,-4264480807.005221,2025-11-20 18:54:12
er_4194304_1_7.bin.gz,erdos_renyi,47,SpecAnn,0.9801172997452104,1.0,-1120236783.0,-977088721.0,0.4532575607299804,0,True,67,65,True,122,32,0.7233213186264038,52.56362533569336,-4005251680.3045454,2025-11-20 18:54:12
er_4194304_1_7.bin.gz,erdos_renyi,47,SpecAnn,0.9841259761879442,1.0,-1120232940.9999998,-977060845.0,0.6728212833404541,0,True,67,97,True,123,32,0.7102261185646057,50.2365837097168,-3758633431.153252,2025-11-20 18:54:13
er_4194304_1_7.bin.gz,erdos_renyi,47,SpecAnn,0.9881183900504562,1.0,-1120346533.0,-976913471.0,1.5509874820709229,0,True,67,225,True,124,32,0.6965674161911011,48.02336120605469,-3523943556.9965434,2025-11-20 18:54:14
er_4194304_1_7.bin.gz,erdos_renyi,47,SpecAnn,0.9920947376656812,1.0,-1120232211.0,-976818221.0,0.2322330474853515,0,True,67,33,True,125,32,0.6823238134384155,45.91797256469727,-3300551151.2236776,2025-11-20 18:54:14
er_4194304_1_7.bin.gz,erdos_renyi,47,SpecAnn,0.9960552114476228,1.0,-1120238657.0,-976698119.0,0.6731913089752197,0,True,67,97,True,126,32,0.667471706867218,43.91474151611328,-3087851648.010225,2025-11-20 18:54:15
er_4194304_1_7.bin.gz,erdos_renyi,47,SpecAnn,1.0,1.0,-1120179794.9999998,-976650021.0,1.5504460334777832,0,True,67,225,True,127,32,0.6519873738288879,42.008243560791016,-2885273211.8198414,2025-11-20 18:54:17
er_4194304_1_7.bin.gz,erdos_renyi,48,SpecAnn,0.0,1.0,-1062696343.0,-216433687.0000004,0.3571269512176513,0,True,56,33,True,0,32,0.9994361996650696,4194305.0,-441598637691498.6,2025-11-20 18:54:57
er_4194304_1_7.bin.gz,erdos_renyi,48,SpecAnn,0.0887356509416113,1.0,-1062556509.0,-216475253.00000027,0.2320163249969482,0,True,56,33,True,1,32,0.9990590810775756,1505011.875,-158395828411584.66,2025-11-20 18:54:58
er_4194304_1_7.bin.gz,erdos_renyi,48,SpecAnn,0.1254911610276317,1.0,-1062317051.0,-216718281.0000004,0.2322089672088623,0,True,56,33,True,2,32,0.9988366961479188,984460.9375,-103587086706965.78,2025-11-20 18:54:58
er_4194304_1_7.bin.gz,erdos_renyi,48,SpecAnn,0.1536946558735679,1.0,-1062461801.0,-217162263.0,0.2353169918060302,0,True,56,33,True,3,32,0.9986311197280884,710823.125,-74778936599914.98,2025-11-20 18:54:58
er_4194304_1_7.bin.gz,erdos_renyi,48,SpecAnn,0.1774713018832227,1.0,-1062181763.0000002,-217783813.0000004,0.2320733070373535,0,True,56,33,True,4,32,0.9984297156333924,540174.125,-56815118456843.41,2025-11-20 18:54:58
er_4194304_1_7.bin.gz,erdos_renyi,48,SpecAnn,0.1984189475331362,1.0,-1062326919.0,-218537539.0,0.2327077388763427,0,True,56,33,True,5,32,0.998227834701538,424129.625,-44600623020732.84,2025-11-20 18:54:59
er_4194304_1_7.bin.gz,erdos_renyi,48,SpecAnn,0.2173570668006655,1.0,-1062317163.0,-219363581.00000045,0.2325832843780517,0,True,56,33,True,6,32,0.9980230927467346,340835.71875,-35834251136511.99,2025-11-20 18:54:59
er_4194304_1_7.bin.gz,erdos_renyi,48,SpecAnn,0.2347724648169381,1.0,-1062393319.0,-220191985.0000001,0.2332396507263183,0,True,56,33,True,7,32,0.9978139400482178,278760.3125,-29301722489486.32,2025-11-20 18:54:59
er_4194304_1_7.bin.gz,erdos_renyi,48,SpecAnn,0.2509823220552634,1.0,-1062741061.0,-221078327.0,0.2323956489562988,0,True,56,33,True,8,32,0.9975994229316713,231187.765625,-24295938417734.05,2025-11-20 18:54:59
er_4194304_1_7.bin.gz,erdos_renyi,48,SpecAnn,0.2662069528248341,1.0,-1062208381.0,-221959951.0000001,0.2327346801757812,0,True,56,33,True,9,32,0.9973788261413574,193928.421875,-20375780273376.23,2025-11-20 18:55:00
er_4194304_1_7.bin.gz,erdos_renyi,48,SpecAnn,0.2806067666331568,1.0,-1062603797.0,-222909123.0000004,0.2323474884033203,0,True,56,33,True,10,32,0.997151494026184,164231.375,-17251621233754.35,2025-11-20 18:55:00
er_4194304_1_7.bin.gz,erdos_renyi,48,SpecAnn,0.2943028597012718,1.0,-1062570289.0,-223917203.0000001,0.2328133583068847,0,True,56,33,True,11,32,0.9969170689582824,140217.25,-14725604039876.572,2025-11-20 18:55:00
er_4194304_1_7.bin.gz,erdos_renyi,48,SpecAnn,0.3073893117471359,1.0,-1062227235.0,-224932790.9999996,0.2332816123962402,0,True,56,33,True,12,32,0.9966749548912048,120560.515625,-12658180467804.977,2025-11-20 18:55:00
er_4194304_1_7.bin.gz,erdos_renyi,48,SpecAnn,0.3199409394316542,1.0,-1062473757.0,-225914739.00000027,0.2326180934906005,0,True,56,33,True,13,32,0.9964248538017272,104301.890625,-10948367670125.9,2025-11-20 18:55:00
er_4194304_1_7.bin.gz,erdos_renyi,48,SpecAnn,0.3320184038158743,1.0,-1062422997.0,-227020913.0000001,0.232407808303833,0,True,56,33,True,14,32,0.996166467666626,90731.453125,-9521435425467.36,2025-11-20 18:55:01
er_4194304_1_7.bin.gz,erdos_renyi,48,SpecAnn,0.3436716983117353,1.0,-1062263567.0,-228165555.00000057,0.2327275276184082,0,True,56,33,True,15,32,0.995899498462677,79314.34375,-8321083692086.537,2025-11-20 18:55:01
er_4194304_1_7.bin.gz,erdos_renyi,48,SpecAnn,0.3549426037664455,1.0,-1062686629.0,-229361397.00000024,0.2329018115997314,0,True,56,33,True,16,32,0.9956235885620116,69640.8671875,-7304188778702.183,2025-11-20 18:55:01
er_4194304_1_7.bin.gz,erdos_renyi,48,SpecAnn,0.3658664615902029,1.0,-1062377823.0,-230540553.00000027,0.2324385643005371,0,True,56,33,True,17,32,0.9953383803367616,61392.828125,-6437259726451.16,2025-11-20 18:55:01
er_4194304_1_7.bin.gz,erdos_renyi,48,SpecAnn,0.3764734830828951,1.0,-1062799707.0,-231748541.0000001,0.2325196266174316,0,True,56,33,True,18,32,0.995043694972992,54320.11328125,-5693973746099.379,2025-11-20 18:55:02
er_4194304_1_7.bin.gz,erdos_renyi,48,SpecAnn,0.3867897351437838,1.0,-1062463249.0,-232998839.0,0.2324116230010986,0,True,56,33,True,19,32,0.9947391152381896,48223.92578125,-5053408413826.165,2025-11-20 18:55:02
er_4194304_1_7.bin.gz,erdos_renyi,48,SpecAnn,0.3968378950662725,1.0,-1062464865.0,-234157694.99999985,0.2330904006958007,0,True,56,33,True,20,32,0.9944245219230652,42944.703125,-4498772909475.288,2025-11-20 18:55:02
er_4194304_1_7.bin.gz,erdos_renyi,48,SpecAnn,0.4066378372811136,1.0,-1062160357.0,-235471634.99999988,0.2325384616851806,0,True,56,33,True,21,32,0.9940994381904602,38353.22265625,-4016468185813.804,2025-11-20 18:55:02
er_4194304_1_7.bin.gz,erdos_renyi,48,SpecAnn,0.4162070956347247,1.0,-1062484217.0,-236852222.99999985,0.2328441143035888,0,True,56,33,True,22,32,0.9937637448310852,34344.0625,-3595401998597.125,2025-11-20 18:55:03
er_4194304_1_7.bin.gz,erdos_renyi,48,SpecAnn,0.4255612320274539,1.0,-1062687789.0,-238267467.0,0.2327432632446289,0,True,56,33,True,23,32,0.9934170842170716,30830.521484375,-3226451464310.104,2025-11-20 18:55:03
er_4194304_1_7.bin.gz,erdos_renyi,48,SpecAnn,0.434714133601331,1.0,-1062670883.0000002,-239826368.99999985,0.232762336730957,0,True,56,33,True,24,32,0.9930591583251952,27740.837890625,-2902066344385.7983,2025-11-20 18:55:03
er_4194304_1_7.bin.gz,erdos_renyi,48,SpecAnn,0.4436782547080569,1.0,-1063050316.9999996,-241389712.9999996,0.2329041957855224,0,True,56,33,True,25,32,0.9926897287368774,25015.2890625,-2615963591303.4443,2025-11-20 18:55:03
er_4194304_1_7.bin.gz,erdos_renyi,48,SpecAnn,0.4524648157026343,1.0,-1062715117.0,-243034124.99999985,0.2325561046600341,0,True,56,33,True,26,32,0.9923084378242492,22603.85546875,-2362880984081.74,2025-11-20 18:55:03
er_4194304_1_7.bin.gz,erdos_renyi,48,SpecAnn,0.4610839676207039,1.0,-1062864021.0,-244705478.9999996,0.2326972484588623,0,True,56,33,True,27,32,0.9919150471687316,20464.41796875,-2138388041391.8823,2025-11-20 18:55:04
er_4194304_1_7.bin.gz,erdos_renyi,48,SpecAnn,0.4695449296338763,1.0,-1062496813.0,-246331459.0000001,0.2328684329986572,0,True,56,33,True,28,32,0.991509199142456,18561.380859375,-1938740448516.113,2025-11-20 18:55:04
er_4194304_1_7.bin.gz,erdos_renyi,48,SpecAnn,0.4778561045889373,1.0,-1062999929.0000002,-248083959.00000024,0.2332007884979248,0,True,56,33,True,29,32,0.9910906553268432,16864.46484375,-1760753607769.1333,2025-11-20 18:55:04
er_4194304_1_7.bin.gz,erdos_renyi,48,SpecAnn,0.4860251767562508,1.0,-1062683339.0,-249795020.99999955,0.232651948928833,0,True,56,33,True,30,32,0.99065899848938,15347.8642578125,-1601713291271.5125,2025-11-20 18:55:04
er_4194304_1_7.bin.gz,erdos_renyi,48,SpecAnn,0.4940591950252281,1.0,-1062221059.0,-251722768.99999985,0.2326192855834961,0,True,56,33,True,31,32,0.990213930606842,13989.4658203125,-1459294025945.6038,2025-11-20 18:55:05
er_4194304_1_7.bin.gz,erdos_renyi,48,SpecAnn,0.5019646441105269,1.0,-1062229519.0000004,-253584127.00000027,0.2329833507537841,0,True,56,33,True,32,32,0.9897552728652954,12770.2568359375,-1331496708634.057,2025-11-20 18:55:05
er_4194304_1_7.bin.gz,erdos_renyi,48,SpecAnn,0.5097475058154177,1.0,-1062937535.0,-255498811.00000063,0.2330720424652099,0,True,56,33,True,33,32,0.989282488822937,11673.8251953125,-1216595340589.9355,2025-11-20 18:55:05
er_4194304_1_7.bin.gz,erdos_renyi,48,SpecAnn,0.51741331199832,1.0,-1063205995.0,-257500871.00000057,0.232738971710205,0,True,56,33,True,34,32,0.9887954592704772,10685.978515625,-1113097997139.441,2025-11-20 18:55:05
er_4194304_1_7.bin.gz,erdos_renyi,48,SpecAnn,0.5249671905758515,1.0,-1063471469.0,-259487355.00000057,0.2320148944854736,0,True,56,33,True,35,32,0.9882935881614684,9794.384765625,-1019707890673.6216,2025-11-20 18:55:06
er_4194304_1_7.bin.gz,erdos_renyi,48,SpecAnn,0.5324139056496683,1.0,-1063189559.0,-261662283.0000008,0.2333018779754638,0,True,56,33,True,36,32,0.9877766966819764,8988.3095703125,-935296779962.246,2025-11-20 18:55:06
er_4194304_1_7.bin.gz,erdos_renyi,48,SpecAnn,0.5397578926492556,1.0,-1063115659.0,-263768439.0000009,0.2333087921142578,0,True,56,33,True,37,32,0.9872444868087769,8258.37109375,-858878541958.0706,2025-11-20 18:55:06
er_4194304_1_7.bin.gz,erdos_renyi,48,SpecAnn,0.5470032892270364,1.0,-1062996671.0,-266028481.0000005,0.2326068878173828,0,True,56,33,True,38,32,0.9866963028907776,7596.3662109375,-789590720043.9427,2025-11-20 18:55:06
er_4194304_1_7.bin.gz,erdos_renyi,48,SpecAnn,0.554153962516942,1.0,-1063129589.0,-268360131.0000003,0.2326188087463379,0,True,56,33,True,39,32,0.9861321449279784,6995.0791015625,-726675280393.354,2025-11-20 18:55:07
er_4194304_1_7.bin.gz,erdos_renyi,48,SpecAnn,0.5612135332663137,1.0,-1063141619.0,-270771045.0000001,0.2328283786773681,0,True,56,33,True,40,32,0.9855512976646424,6448.17578125,-669466335922.4995,2025-11-20 18:55:07
er_4194304_1_7.bin.gz,erdos_renyi,48,SpecAnn,0.5681853972686127,1.0,-1063586560.9999998,-273154145.0000002,0.2328138351440429,0,True,56,33,True,41,32,0.98495352268219,5950.064453125,-617376435803.5217,2025-11-20 18:55:07
er_4194304_1_7.bin.gz,erdos_renyi,48,SpecAnn,0.5750727444570146,1.0,-1063145443.0,-275624815.00000066,0.2329146862030029,0,True,56,33,True,42,32,0.984338402748108,5495.79541015625,-569885526386.437,2025-11-20 18:55:07
er_4194304_1_7.bin.gz,erdos_renyi,48,SpecAnn,0.5818785759635375,1.0,-1063355357.0,-278191777.00000006,0.2322714328765869,0,True,56,33,True,43,32,0.983705461025238,5080.9970703125,-526534300514.8422,2025-11-20 18:55:07
er_4194304_1_7.bin.gz,erdos_renyi,48,SpecAnn,0.5886057194025436,1.0,-1063368719.0,-280866381.0000002,0.2327504158020019,0,True,56,33,True,44,32,0.9830542802810668,4701.78564453125,-486914788821.1508,2025-11-20 18:55:08
er_4194304_1_7.bin.gz,erdos_renyi,48,SpecAnn,0.5952568425994088,1.0,-1063497749.0000002,-283642679.0,0.2332031726837158,0,True,56,33,True,45,32,0.9823845028877258,4354.6982421875,-450663318278.2697,2025-11-20 18:55:08
er_4194304_1_7.bin.gz,erdos_renyi,48,SpecAnn,0.6018344659534288,1.0,-1063928113.0,-286381848.9999997,0.2331492900848388,0,True,56,33,True,46,32,0.9816955327987672,4036.665771484375,-417457480897.3493,2025-11-20 18:55:08
er_4194304_1_7.bin.gz,erdos_renyi,48,SpecAnn,0.6083409735974393,1.0,-1063709009.0000002,-289295162.9999996,0.2328884601593017,0,True,56,33,True,47,32,0.980987012386322,3744.939453125,-387008674444.5492,2025-11-20 18:55:08
er_4194304_1_7.bin.gz,erdos_renyi,48,SpecAnn,0.6147786234942719,1.0,-1063953045.0,-292212686.9999998,0.2320201396942138,0,True,56,33,True,48,32,0.9802583456039428,3477.064453125,-359059094051.95074,2025-11-20 18:55:09
er_4194304_1_7.bin.gz,erdos_renyi,48,SpecAnn,0.6211495565912796,1.0,-1063967113.0,-295217598.99999976,0.2325530052185058,0,True,56,33,True,49,32,0.9795092344284058,3230.845458984375,-333378325472.37463,2025-11-20 18:55:09
er_4194304_1_7.bin.gz,erdos_renyi,48,SpecAnn,0.6274558051381586,1.0,-1064240968.9999998,-298478208.99999964,0.2325427532196045,0,True,56,33,True,50,32,0.9787389636039734,3004.30712890625,-309758938576.6832,2025-11-20 18:55:09
er_4194304_1_7.bin.gz,erdos_renyi,48,SpecAnn,0.6336993002596786,1.0,-1064428657.0,-301728470.99999976,0.232555866241455,0,True,56,33,True,51,32,0.9779471755027772,2795.685546875,-288015830629.1427,2025-11-20 18:55:09
er_4194304_1_7.bin.gz,erdos_renyi,48,SpecAnn,0.6398818788633085,1.0,-1064045327.0000002,-305099201.0000003,0.2327742576599121,0,True,56,33,True,52,32,0.97713303565979,2603.38623046875,-267981578674.6621,2025-11-20 18:55:10
er_4194304_1_7.bin.gz,erdos_renyi,48,SpecAnn,0.6460052899517691,1.0,-1064348383.0,-308479214.9999998,0.2319564819335937,0,True,56,33,True,53,32,0.9762963056564332,2425.974365234375,-249505713213.53635,2025-11-20 18:55:10
er_4194304_1_7.bin.gz,erdos_renyi,48,SpecAnn,0.6520712004019966,1.0,-1064251769.0,-312029831.0000002,0.2330143451690673,0,True,56,33,True,54,32,0.9754362106323242,2262.1591796875,-232452743474.29868,2025-11-20 18:55:10
er_4194304_1_7.bin.gz,erdos_renyi,48,SpecAnn,0.6580812002646271,1.0,-1064412819.0,-315656878.9999998,0.2328484058380127,0,True,56,33,True,55,32,0.9745520949363708,2110.772216796875,-216700079041.0225,2025-11-20 18:55:10
er_4194304_1_7.bin.gz,erdos_renyi,48,SpecAnn,0.6640368076317485,1.0,-1064360073.0,-319469637.00000054,0.2323241233825683,0,True,56,33,True,56,32,0.9736436009407043,1970.75732421875,-202136994655.48148,2025-11-20 18:55:10
er_4194304_1_7.bin.gz,erdos_renyi,48,SpecAnn,0.6699394731151429,1.0,-1064787553.0,-323233769.0000004,0.2321815490722656,0,True,56,33,True,57,32,0.9727097749710084,1841.16064453125,-188663377298.31635,2025-11-20 18:55:11
er_4194304_1_7.bin.gz,erdos_renyi,48,SpecAnn,0.6757905839724513,1.0,-1065062975.0,-327106289.0000002,0.2326147556304931,0,True,56,33,True,58,32,0.9717501401901244,1721.11328125,-176188155542.8961,2025-11-20 18:55:11
er_4194304_1_7.bin.gz,erdos_renyi,48,SpecAnn,0.6815914679145113,1.0,-1064649562.9999996,-331189159.0000004,0.2332322597503662,0,True,56,33,True,59,32,0.9707638025283812,1609.832275390625,-164629191612.17084,2025-11-20 18:55:11
er_4194304_1_7.bin.gz,erdos_renyi,48,SpecAnn,0.6873433966234707,1.0,-1064823849.0,-335297571.0,0.2325649261474609,0,True,56,33,True,60,32,0.969750165939331,1506.6002197265625,-153911308439.28732,2025-11-20 18:55:11
er_4194304_1_7.bin.gz,erdos_renyi,48,SpecAnn,0.6930475890080863,1.0,-1065445361.0,-339400285.0000002,0.2325696945190429,0,True,56,33,True,61,32,0.968708336353302,1410.7703857421875,-143966687751.1211,2025-11-20 18:55:12
er_4194304_1_7.bin.gz,erdos_renyi,48,SpecAnn,0.6987052142198116,1.0,-1065214275.0,-343789857.0000003,0.232753038406372,0,True,56,33,True,62,32,0.9676376581192015,1321.75,-134733230195.52104,2025-11-20 18:55:12
er_4194304_1_7.bin.gz,erdos_renyi,48,SpecAnn,0.7043173944508145,1.0,-1065493517.0,-348341763.0000002,0.2327582836151123,0,True,56,33,True,63,32,0.9665371775627136,1239.0003662109375,-126154468919.34822,2025-11-20 18:55:12
er_4194304_1_7.bin.gz,erdos_renyi,48,SpecAnn,0.709885207532891,1.0,-1065413123.0,-352929859.0000002,0.2329721450805664,0,True,56,33,True,64,32,0.9654061198234558,1162.030517578125,-118178975986.93983,2025-11-20 18:55:12
er_4194304_1_7.bin.gz,erdos_renyi,48,SpecAnn,0.7154096893543218,1.0,-1065117263.0,-357701025.0000001,0.2324914932250976,0,True,56,33,True,65,32,0.9642434120178224,1090.390380859375,-110759588396.87724,2025-11-20 18:55:13
er_4194304_1_7.bin.gz,erdos_renyi,48,SpecAnn,0.7208918361100219,1.0,-1065424737.0000002,-362575980.9999999,0.2328238487243652,0,True,56,33,True,66,32,0.9630482792854308,1023.67138671875,-103853530521.15752,2025-11-20 18:55:13
er_4194304_1_7.bin.gz,erdos_renyi,48,SpecAnn,0.7263326063988248,1.0,-1066038593.0000002,-367610799.0000004,0.2327210903167724,0,True,56,33,True,67,32,0.961819589138031,961.497314453125,-97421392919.0775,2025-11-20 18:55:13
er_4194304_1_7.bin.gz,erdos_renyi,48,SpecAnn,0.7317329231804058,1.0,-1065712900.9999996,-372791902.9999996,0.233067512512207,0,True,56,33,True,68,32,0.9605564475059508,903.525146484375,-91427275220.11888,2025-11-20 18:55:13
er_4194304_1_7.bin.gz,erdos_renyi,48,SpecAnn,0.7370936756031579,1.0,-1066526893.0,-378220003.0000004,0.2324285507202148,0,True,56,33,True,69,32,0.959257423877716,849.4390258789062,-85838084990.57129,2025-11-20 18:55:14
er_4194304_1_7.bin.gz,erdos_renyi,48,SpecAnn,0.7424157207132704,1.0,-1066410059.0,-383683101.0,0.2328782081604004,0,True,56,33,True,70,32,0.9579217433929444,798.951171875,-80623734439.58272,2025-11-20 18:55:14
er_4194304_1_7.bin.gz,erdos_renyi,48,SpecAnn,0.7476998850543153,1.0,-1066899101.0,-389311696.99999976,0.2326886653900146,0,True,56,33,True,71,32,0.9565478563308716,751.7965087890625,-75756455835.87675,2025-11-20 18:55:14
er_4194304_1_7.bin.gz,erdos_renyi,48,SpecAnn,0.7529469661657903,1.0,-1066874746.9999998,-395199046.9999999,0.2330796718597412,0,True,56,33,True,72,32,0.9551345705986024,707.7305297851562,-71210680513.81726,2025-11-20 18:55:14
er_4194304_1_7.bin.gz,erdos_renyi,48,SpecAnn,0.7581577339883167,1.0,-1066661883.0,-401176119.0,0.2325260639190673,0,True,56,33,True,73,32,0.9536806344985962,666.5302734375,-66963089823.73249,2025-11-20 18:55:14
er_4194304_1_7.bin.gz,erdos_renyi,48,SpecAnn,0.7633329321824984,1.0,-1066686347.0,-407375034.9999999,0.2327558994293213,0,True,56,33,True,74,32,0.9521843791007996,627.9895629882812,-62992104747.03888,2025-11-20 18:55:15
er_4194304_1_7.bin.gz,erdos_renyi,48,SpecAnn,0.7684732793678399,1.0,-1066612443.0000002,-413717815.00000006,0.23260498046875,0,True,56,33,True,75,32,0.9506444334983826,591.9182739257812,-59277857531.93641,2025-11-20 18:55:15
er_4194304_1_7.bin.gz,erdos_renyi,48,SpecAnn,0.7735794702875677,1.0,-1067250957.0,-420304108.9999999,0.2327139377593994,0,True,56,33,True,76,32,0.9490591287612916,558.1419067382812,-55802100099.42164,2025-11-20 18:55:15
er_4194304_1_7.bin.gz,erdos_renyi,48,SpecAnn,0.7786521769046981,1.0,-1067586851.0,-427105236.99999976,0.2333638668060302,0,True,56,33,True,77,32,0.9474266767501832,526.49951171875,-52548003842.1103,2025-11-20 18:55:15
er_4194304_1_7.bin.gz,erdos_renyi,48,SpecAnn,0.7836920494342511,1.0,-1068256771.0,-434192672.9999995,0.2327468395233154,0,True,56,33,True,78,32,0.9457451701164246,496.84228515625,-49500014238.66815,2025-11-20 18:55:16
er_4194304_1_7.bin.gz,erdos_renyi,48,SpecAnn,0.788699717316095,1.0,-1068159828.9999998,-441485532.9999997,0.2325968742370605,0,True,56,33,True,79,32,0.9440128207206726,469.0328674316406,-46643787774.13776,2025-11-20 18:55:16
er_4194304_1_7.bin.gz,erdos_renyi,48,SpecAnn,0.7936757901325451,1.0,-1068558328.9999998,-448983659.0,0.2327132225036621,0,True,56,33,True,80,32,0.9422274231910706,442.9446105957031,-43966085809.33853,2025-11-20 18:55:16
er_4194304_1_7.bin.gz,erdos_renyi,48,SpecAnn,0.7986208584745024,1.0,-1068634523.0,-456630127.0,0.2332630157470703,0,True,56,33,True,81,32,0.9403867125511168,418.4596252441406,-41454595997.74163,2025-11-20 18:55:16
er_4194304_1_7.bin.gz,erdos_renyi,48,SpecAnn,0.803535494759617,1.0,-1069555091.0,-464820217.0000002,0.2330880165100097,0,True,56,33,True,82,32,0.9384883642196656,395.469970703125,-39098045291.15259,2025-11-20 18:55:17
er_4194304_1_7.bin.gz,erdos_renyi,48,SpecAnn,0.8084202540056837,1.0,-1069620461.0,-473450477.0000004,0.232032299041748,0,True,56,33,True,83,32,0.936529815196991,373.875244140625,-36885948784.43504,2025-11-20 18:55:17
er_4194304_1_7.bin.gz,erdos_renyi,48,SpecAnn,0.8132756745622272,1.0,-1069854639.0,-481976971.0000005,0.232579231262207,0,True,56,33,True,84,32,0.934508204460144,353.58184814453125,-34808533074.10122,2025-11-20 18:55:17
er_4194304_1_7.bin.gz,erdos_renyi,48,SpecAnn,0.8181022788030096,1.0,-1070356310.9999998,-490709268.9999997,0.2329981327056884,0,True,56,33,True,85,32,0.9324206709861756,334.5040283203125,-32856847066.08189,2025-11-20 18:55:17
er_4194304_1_7.bin.gz,erdos_renyi,48,SpecAnn,0.822900573781978,1.0,-1071037855.0,-500012597.0000001,0.2331228256225586,0,True,56,33,True,86,32,0.930263876914978,316.5616760253906,-31022524415.46804,2025-11-20 18:55:17
er_4194304_1_7.bin.gz,erdos_renyi,48,SpecAnn,0.8276710518549868,1.0,-1071336693.0,-509687380.9999999,0.2330985069274902,0,True,56,33,True,87,32,0.9280345439910888,299.6806030273437,-29297827478.02172,2025-11-20 18:55:18
er_4194304_1_7.bin.gz,erdos_renyi,48,SpecAnn,0.8324141912694495,1.0,-1071596385.0000002,-519841393.0000007,0.2323570251464843,0,True,56,33,True,88,32,0.9257287979125975,283.79180908203125,-27675550728.78992,2025-11-20 18:55:18
er_4194304_1_7.bin.gz,erdos_renyi,48,SpecAnn,0.8371304567239225,1.0,-1072533589.0000002,-530300473.0000008,0.2330093383789062,0,True,56,33,True,89,32,0.9233425855636596,268.8315124511719,-26149035988.35229,2025-11-20 18:55:18
er_4194304_1_7.bin.gz,erdos_renyi,48,SpecAnn,0.8418202998994706,1.0,-1072719715.0,-541631777.0000006,0.2326798439025879,0,True,56,33,True,90,32,0.9208716154098512,254.7398681640625,-24712042806.57161,2025-11-20 18:55:18
er_4194304_1_7.bin.gz,erdos_renyi,48,SpecAnn,0.846484159964536,1.0,-1073659109.0,-553434269.0000004,0.2335586547851562,0,True,56,33,True,91,32,0.9183109998703004,241.4618225097656,-23358820103.725662,2025-11-20 18:55:19
er_4194304_1_7.bin.gz,erdos_renyi,48,SpecAnn,0.8511224640549078,1.0,-1074627173.0000002,-565614647.0,0.2327568531036377,0,True,56,33,True,92,32,0.915655553340912,228.94610595703125,-22084015135.64932,2025-11-20 18:55:19
er_4194304_1_7.bin.gz,erdos_renyi,48,SpecAnn,0.8557356277302758,1.0,-1075184057.0000002,-578229462.9999999,0.2329492568969726,0,True,56,33,True,93,32,0.9128994941711426,217.1444396972656,-20882588025.853,2025-11-20 18:55:19
er_4194304_1_7.bin.gz,erdos_renyi,48,SpecAnn,0.8603240554087516,1.0,-1076229489.0,-591442529.0000001,0.2327752113342285,0,True,56,33,True,94,32,0.9100367426872252,206.01220703125,-19749882823.762627,2025-11-20 18:55:19
er_4194304_1_7.bin.gz,erdos_renyi,48,SpecAnn,0.86488814078064,1.0,-1076628509.0000002,-605500368.9999999,0.2328684329986572,0,True,56,33,True,95,32,0.9070602655410768,195.5082397460937,-18681590561.64555,2025-11-20 18:55:20
er_4194304_1_7.bin.gz,erdos_renyi,48,SpecAnn,0.8694282672026621,1.0,-1077689179.0,-620110096.9999999,0.2325911521911621,0,True,56,33,True,96,32,0.90396249294281,185.5933837890625,-17673621196.68253,2025-11-20 18:55:20
er_4194304_1_7.bin.gz,erdos_renyi,48,SpecAnn,0.8739448080737451,1.0,-1078701257.0000002,-635617304.9999996,0.2327394485473632,0,True,56,33,True,97,32,0.9007352590560912,176.2317352294922,-16722219588.215977,2025-11-20 18:55:20
er_4194304_1_7.bin.gz,erdos_renyi,48,SpecAnn,0.878438127193422,1.0,-1080042247.0000002,-651740758.9999993,0.2325718402862548,0,True,56,33,True,98,32,0.8973690867424011,167.38951110839844,-15823843778.94036,2025-11-20 18:55:20
er_4194304_1_7.bin.gz,erdos_renyi,48,SpecAnn,0.8829085791038153,1.0,-1081182035.0000002,-668864917.0,0.2332162857055664,0,True,56,33,True,99,32,0.8938537836074829,159.03512573242188,-14975184459.81688,2025-11-20 18:55:20
er_4194304_1_7.bin.gz,erdos_renyi,48,SpecAnn,0.8873565094161138,1.0,-1083272890.9999998,-686863670.9999994,0.2326815128326416,0,True,56,33,True,100,32,0.8901777863502502,151.13929748535156,-14173163367.807491,2025-11-20 18:55:21
er_4194304_1_7.bin.gz,erdos_renyi,48,SpecAnn,0.8917822551223932,1.0,-1084484034.9999998,-705669648.9999996,0.2327561378479004,0,True,56,33,True,101,32,0.886328399181366,143.6745147705078,-13414887817.338951,2025-11-20 18:55:21
er_4194304_1_7.bin.gz,erdos_renyi,48,SpecAnn,0.8961861448935777,1.0,-1086305262.9999998,-725541259.0000004,0.2332496643066406,0,True,56,33,True,102,32,0.882291316986084,136.6151123046875,-12697651108.555489,2025-11-20 18:55:21
er_4194304_1_7.bin.gz,erdos_renyi,48,SpecAnn,0.9005684993642872,1.0,-1088550159.0,-746255865.0000005,0.2327275276184082,0,True,56,33,True,103,32,0.8780501484870911,129.9371337890625,-12018914468.61101,2025-11-20 18:55:21
er_4194304_1_7.bin.gz,erdos_renyi,48,SpecAnn,0.9049296314052688,1.0,-1090495872.9999998,-768004434.9999998,0.2327499389648437,0,True,56,33,True,104,32,0.8735865950584412,123.61798095703124,-11376279368.210949,2025-11-20 18:55:22
er_4194304_1_7.bin.gz,erdos_renyi,48,SpecAnn,0.9092698463840684,1.0,-1093073179.0000002,-790472917.0000004,0.2323942184448242,0,True,56,33,True,105,32,0.8688799142837524,117.6366958618164,-10767508338.559353,2025-11-20 18:55:22
er_4194304_1_7.bin.gz,erdos_renyi,48,SpecAnn,0.9135894424145556,1.0,-1095661991.0,-813428345.0000005,0.2331166267395019,0,True,56,33,True,106,32,0.8639063835144043,111.9736785888672,-10190494766.81668,2025-11-20 18:55:22
er_4194304_1_7.bin.gz,erdos_renyi,48,SpecAnn,0.9178887105958816,1.0,-1098930723.0,-837363541.0000001,0.2328872680664062,0,True,56,33,True,107,32,0.8586387634277344,106.6103515625,-9643229609.43152,2025-11-20 18:55:22
er_4194304_1_7.bin.gz,erdos_renyi,48,SpecAnn,0.922167935241408,1.0,-1102767271.0,-861854191.0,0.2329790592193603,0,True,56,33,True,108,32,0.8530459403991699,101.52947235107422,-9123830130.9481,2025-11-20 18:55:23
er_4194304_1_7.bin.gz,erdos_renyi,48,SpecAnn,0.92642739409812,1.0,-1106636855.0000002,-887000864.9999998,0.2329359054565429,0,True,56,33,True,109,32,0.8470918536186218,96.71498107910156,-8630518694.459358,2025-11-20 18:55:23
er_4194304_1_7.bin.gz,erdos_renyi,48,SpecAnn,0.9306673585570006,1.0,-1111265765.0,-912263635.0,0.4518301486968994,0,True,56,65,True,110,32,0.8407344222068787,92.15152740478516,-8161575609.963287,2025-11-20 18:55:23
er_4194304_1_7.bin.gz,erdos_renyi,48,SpecAnn,0.9348880938548184,1.0,-1115692695.0,-937472090.9999994,0.4524493217468261,0,True,56,65,True,111,32,0.8339247107505798,87.82493591308594,-7715380086.0789,2025-11-20 18:55:24
er_4194304_1_7.bin.gz,erdos_renyi,48,SpecAnn,0.9390898592677528,1.0,-1120282109.0,-961848933.0,0.6716656684875488,0,True,56,97,True,112,32,0.826606035232544,83.72183227539062,-7290376166.487727,2025-11-20 18:55:24
er_4194304_1_7.bin.gz,erdos_renyi,48,SpecAnn,0.9432729082972536,1.0,-1124869471.0,-983386707.0,1.110447645187378,0,True,56,161,True,113,32,0.8187124729156494,79.82966613769531,-6885070015.351494,2025-11-20 18:55:26
er_4194304_1_7.bin.gz,erdos_renyi,48,SpecAnn,0.9474374888485204,1.0,-1127481671.0,-996704915.0,1.986952543258667,0,True,56,289,True,114,32,0.8101645112037659,76.13665771484375,-6497999363.708985,2025-11-20 18:55:27
er_4194304_1_7.bin.gz,erdos_renyi,48,SpecAnn,0.9515838434019476,1.0,-1121598719.0,-981784011.0,7.034682750701904,0,True,56,1025,True,115,32,0.8009124398231506,72.6317138671875,-6128073599.338332,2025-11-20 18:55:35
er_4194304_1_7.bin.gz,erdos_renyi,48,SpecAnn,0.9557122091778746,1.0,-1120867213.0,-978791027.0,4.83971905708313,0,True,56,705,True,116,32,0.7912050485610962,69.30450439453125,-5776478392.540572,2025-11-20 18:55:39
er_4194304_1_7.bin.gz,erdos_renyi,48,SpecAnn,0.9598228182949629,1.0,-1120748375.0,-977964931.0,2.2070460319519043,0,True,56,321,True,117,32,0.7810667157173157,66.1451644897461,-5442505458.004407,2025-11-20 18:55:42
er_4194304_1_7.bin.gz,erdos_renyi,48,SpecAnn,0.963915897922488,1.0,-1120672833.0,-977509801.0,1.1109046936035156,0,True,56,161,True,118,32,0.7704834342002869,63.14457321166992,-5125213708.072263,2025-11-20 18:55:43
er_4194304_1_7.bin.gz,erdos_renyi,48,SpecAnn,0.967991670426842,1.0,-1120489487.0,-977394841.0,3.0844430923461914,0,True,56,449,True,119,32,0.759435772895813,60.29402923583984,-4823674554.264106,2025-11-20 18:55:46
er_4194304_1_7.bin.gz,erdos_renyi,48,SpecAnn,0.9720503535125016,1.0,-1120443611.0,-977289892.9999998,0.2327220439910888,0,True,56,33,True,120,32,0.747905969619751,57.58538055419922,-4537032415.1796255,2025-11-20 18:55:46
er_4194304_1_7.bin.gz,erdos_renyi,48,SpecAnn,0.9760921603577252,1.0,-1120599559.0,-977200047.0,0.4516074657440185,0,True,56,65,True,121,32,0.735874593257904,55.01102828979492,-4264481287.1756825,2025-11-20 18:55:46
er_4194304_1_7.bin.gz,erdos_renyi,48,SpecAnn,0.9801172997452104,1.0,-1120442693.0,-977196693.0,0.6718020439147949,0,True,56,97,True,122,32,0.7233214974403381,52.563697814941406,-4005252718.2937975,2025-11-20 18:55:47
er_4194304_1_7.bin.gz,erdos_renyi,48,SpecAnn,0.9841259761879442,1.0,-1120427425.0,-977110283.0,0.6716303825378418,0,True,56,97,True,123,32,0.7102263569831848,50.23664855957031,-3758634407.0513487,2025-11-20 18:55:48
er_4194304_1_7.bin.gz,erdos_renyi,48,SpecAnn,0.9881183900504562,1.0,-1120306127.0,-976933313.0,0.8911712169647217,0,True,56,129,True,124,32,0.6965677738189697,48.02342224121094,-3523945027.9631934,2025-11-20 18:55:49
er_4194304_1_7.bin.gz,erdos_renyi,48,SpecAnn,0.9920947376656812,1.0,-1120258283.0,-976822724.9999998,0.6713521480560303,0,True,56,97,True,125,32,0.6823238134384155,45.91803359985352,-3300551026.727859,2025-11-20 18:55:49
er_4194304_1_7.bin.gz,erdos_renyi,48,SpecAnn,0.9960552114476228,1.0,-1120288939.0,-976760787.0,0.6722836494445801,0,True,56,97,True,126,32,0.667471706867218,43.914798736572266,-3087851450.5378,2025-11-20 18:55:50
er_4194304_1_7.bin.gz,erdos_renyi,48,SpecAnn,1.0,1.0,-1120022585.0000002,-976642965.0,0.6716048717498779,0,True,56,97,True,127,32,0.6519872546195984,42.00829315185547,-2885272146.3665924,2025-11-20 18:55:51
er_4194304_1_7.bin.gz,erdos_renyi,49,SpecAnn,0.0,1.0,-1062709180.999998,-216432507.0,0.3527474403381347,0,True,68,33,True,0,32,0.9994362592697144,4194305.0,-441600307268352.7,2025-11-20 18:56:27
er_4194304_1_7.bin.gz,erdos_renyi,49,SpecAnn,0.0887356509416113,1.0,-1062300040.9999982,-216475619.0,0.2318840026855468,0,True,68,33,True,1,32,0.9990590810775756,1505011.25,-158396352042406.5,2025-11-20 18:56:27
er_4194304_1_7.bin.gz,erdos_renyi,49,SpecAnn,0.1254911610276317,1.0,-1062934314.999998,-216716593.0000001,0.2321088314056396,0,True,68,33,True,2,32,0.9988367557525636,984460.5,-103587432313349.3,2025-11-20 18:56:28
er_4194304_1_7.bin.gz,erdos_renyi,49,SpecAnn,0.1536946558735679,1.0,-1062061026.9999976,-217162262.9999996,0.2336397171020507,0,True,68,33,True,3,32,0.9986311197280884,710822.75,-74779175410823.34,2025-11-20 18:56:28
er_4194304_1_7.bin.gz,erdos_renyi,49,SpecAnn,0.1774713018832227,1.0,-1062438278.999998,-217783813.0,0.2326319217681884,0,True,68,33,True,4,32,0.9984297156333924,540173.75,-56815290430223.59,2025-11-20 18:56:28
er_4194304_1_7.bin.gz,erdos_renyi,49,SpecAnn,0.1984189475331362,1.0,-1062499752.9999985,-218537538.9999993,0.2322402000427246,0,True,68,33,True,5,32,0.998227834701538,424129.34375,-44600759409110.24,2025-11-20 18:56:28
er_4194304_1_7.bin.gz,erdos_renyi,49,SpecAnn,0.2173570668006655,1.0,-1062741256.999998,-219362148.9999999,0.2326900959014892,0,True,68,33,True,6,32,0.9980230927467346,340835.40625,-35834351624726.86,2025-11-20 18:56:29
er_4194304_1_7.bin.gz,erdos_renyi,49,SpecAnn,0.2347724648169381,1.0,-1062467946.999998,-220191985.0000001,0.2326905727386474,0,True,68,33,True,7,32,0.9978139400482178,278760.0625,-29301805245951.88,2025-11-20 18:56:29
er_4194304_1_7.bin.gz,erdos_renyi,49,SpecAnn,0.2509823220552634,1.0,-1062503564.999998,-221078595.0000003,0.2325878143310547,0,True,68,33,True,8,32,0.9975994229316713,231187.53125,-24296004194802.16,2025-11-20 18:56:29
er_4194304_1_7.bin.gz,erdos_renyi,49,SpecAnn,0.2662069528248341,1.0,-1062221130.999998,-221959951.0,0.2325072288513183,0,True,68,33,True,9,32,0.9973788261413574,193928.234375,-20375836393627.586,2025-11-20 18:56:29
er_4194304_1_7.bin.gz,erdos_renyi,49,SpecAnn,0.2806067666331568,1.0,-1062505140.999998,-222910041.00000024,0.2324278354644775,0,True,68,33,True,10,32,0.9971515536308287,164231.203125,-17251668405677.129,2025-11-20 18:56:29
er_4194304_1_7.bin.gz,erdos_renyi,49,SpecAnn,0.2943028597012718,1.0,-1063021286.9999976,-223916593.0,0.2323451042175293,0,True,68,33,True,11,32,0.9969170093536376,140217.09375,-14725641545730.59,2025-11-20 18:56:30
er_4194304_1_7.bin.gz,erdos_renyi,49,SpecAnn,0.3073893117471359,1.0,-1062705340.999998,-224932592.99999973,0.2327170372009277,0,True,68,33,True,12,32,0.9966749548912048,120560.3828125,-12658213625764.14,2025-11-20 18:56:30
er_4194304_1_7.bin.gz,erdos_renyi,49,SpecAnn,0.3199409394316542,1.0,-1062594800.999998,-225914518.9999994,0.2323596477508545,0,True,68,33,True,13,32,0.9964248538017272,104301.765625,-10948395289235.389,2025-11-20 18:56:30
er_4194304_1_7.bin.gz,erdos_renyi,49,SpecAnn,0.3320184038158743,1.0,-1062660076.999998,-227023094.9999996,0.2326302528381347,0,True,68,33,True,14,32,0.9961665272712708,90731.34375,-9521459947610.26,2025-11-20 18:56:30
er_4194304_1_7.bin.gz,erdos_renyi,49,SpecAnn,0.3436716983117353,1.0,-1062286224.9999982,-228165555.00000012,0.2323553562164306,0,True,68,33,True,15,32,0.9958995580673218,79314.234375,-8321103678966.544,2025-11-20 18:56:31
er_4194304_1_7.bin.gz,erdos_renyi,49,SpecAnn,0.3549426037664455,1.0,-1062502960.999998,-229361397.0000002,0.2332844734191894,0,True,68,33,True,16,32,0.9956235885620116,69640.7734375,-7304206125570.134,2025-11-20 18:56:31
er_4194304_1_7.bin.gz,erdos_renyi,49,SpecAnn,0.3658664615902029,1.0,-1062544056.999998,-230540553.00000045,0.2320523262023925,0,True,68,33,True,17,32,0.9953383803367616,61392.7421875,-6437274669362.5625,2025-11-20 18:56:31
er_4194304_1_7.bin.gz,erdos_renyi,49,SpecAnn,0.3764734830828951,1.0,-1062748464.999998,-231748777.0000004,0.2324683666229248,0,True,68,33,True,18,32,0.995043694972992,54320.03515625,-5693986744753.215,2025-11-20 18:56:31
er_4194304_1_7.bin.gz,erdos_renyi,49,SpecAnn,0.3867897351437838,1.0,-1062921094.999998,-232997579.0000004,0.2325248718261718,0,True,68,33,True,19,32,0.9947391748428344,48223.85546875,-5053420152846.597,2025-11-20 18:56:32
er_4194304_1_7.bin.gz,erdos_renyi,49,SpecAnn,0.3968378950662725,1.0,-1062792144.999998,-234157695.0000004,0.2329070568084716,0,True,68,33,True,20,32,0.9944245219230652,42944.640625,-4498783102581.334,2025-11-20 18:56:32
er_4194304_1_7.bin.gz,erdos_renyi,49,SpecAnn,0.4066378372811136,1.0,-1062777130.999998,-235470121.00000012,0.232173204421997,0,True,68,33,True,21,32,0.9940994381904602,38353.1640625,-4016476995423.615,2025-11-20 18:56:32
er_4194304_1_7.bin.gz,erdos_renyi,49,SpecAnn,0.4162070956347247,1.0,-1062706692.999998,-236851597.00000003,0.2324159145355224,0,True,68,33,True,22,32,0.9937637448310852,34344.0078125,-3595409652380.0894,2025-11-20 18:56:32
er_4194304_1_7.bin.gz,erdos_renyi,49,SpecAnn,0.4255612320274539,1.0,-1062418844.999998,-238267466.9999996,0.232560396194458,0,True,68,33,True,23,32,0.9934171438217164,30830.47265625,-3226458553961.0254,2025-11-20 18:56:32
er_4194304_1_7.bin.gz,erdos_renyi,49,SpecAnn,0.434714133601331,1.0,-1062850368.9999982,-239826369.0,0.2324874401092529,0,True,68,33,True,24,32,0.9930591583251952,27740.791015625,-2902072239540.3066,2025-11-20 18:56:33
er_4194304_1_7.bin.gz,erdos_renyi,49,SpecAnn,0.4436782547080569,1.0,-1063060952.999998,-241389713.0000005,0.2323682308197021,0,True,68,33,True,25,32,0.9926897287368774,25015.25,-2615969240652.173,2025-11-20 18:56:33
er_4194304_1_7.bin.gz,erdos_renyi,49,SpecAnn,0.4524648157026343,1.0,-1062968760.9999982,-243034125.0,0.2326090335845947,0,True,68,33,True,26,32,0.992308497428894,22603.81640625,-2362885835179.9165,2025-11-20 18:56:33
er_4194304_1_7.bin.gz,erdos_renyi,49,SpecAnn,0.4610839676207039,1.0,-1062876410.9999976,-244706123.0000003,0.2327258586883545,0,True,68,33,True,27,32,0.9919150471687316,20464.384765625,-2138392529079.389,2025-11-20 18:56:33
er_4194304_1_7.bin.gz,erdos_renyi,49,SpecAnn,0.4695449296338763,1.0,-1062935450.999998,-246331459.0,0.2322165966033935,0,True,68,33,True,28,32,0.991509199142456,18561.345703125,-1938743990705.857,2025-11-20 18:56:34
er_4194304_1_7.bin.gz,erdos_renyi,49,SpecAnn,0.4778561045889373,1.0,-1063169224.9999985,-248083959.0000001,0.2329030036926269,0,True,68,33,True,29,32,0.9910906553268432,16864.43359375,-1760756897036.944,2025-11-20 18:56:34
er_4194304_1_7.bin.gz,erdos_renyi,49,SpecAnn,0.4860251767562508,1.0,-1062885532.999998,-249795021.0000001,0.2323474884033203,0,True,68,33,True,30,32,0.99065899848938,15347.8359375,-1601716295897.858,2025-11-20 18:56:34
er_4194304_1_7.bin.gz,erdos_renyi,49,SpecAnn,0.4940591950252281,1.0,-1063019354.999998,-251722769.0000004,0.2331218719482422,0,True,68,33,True,31,32,0.990213930606842,13989.4404296875,-1459296807548.8027,2025-11-20 18:56:34
er_4194304_1_7.bin.gz,erdos_renyi,49,SpecAnn,0.5019646441105269,1.0,-1063322310.9999985,-253584343.00000027,0.2328078746795654,0,True,68,33,True,32,32,0.9897552132606506,12770.2333984375,-1331499139374.4067,2025-11-20 18:56:35
er_4194304_1_7.bin.gz,erdos_renyi,49,SpecAnn,0.5097475058154177,1.0,-1063240162.9999982,-255498811.0000001,0.2325148582458496,0,True,68,33,True,33,32,0.9892825484275818,11673.802734375,-1216597600195.0212,2025-11-20 18:56:35
er_4194304_1_7.bin.gz,erdos_renyi,49,SpecAnn,0.51741331199832,1.0,-1063153032.9999982,-257499127.0000003,0.2324061393737793,0,True,68,33,True,34,32,0.9887954592704772,10685.9580078125,-1113100002917.3877,2025-11-20 18:56:35
er_4194304_1_7.bin.gz,erdos_renyi,49,SpecAnn,0.5249671905758515,1.0,-1063633640.999998,-259487503.00000063,0.2323808670043945,0,True,68,33,True,35,32,0.9882936477661132,9794.3671875,-1019709916534.8326,2025-11-20 18:56:35
er_4194304_1_7.bin.gz,erdos_renyi,49,SpecAnn,0.5324139056496683,1.0,-1063325278.9999976,-261662017.00000048,0.2328231334686279,0,True,68,33,True,36,32,0.987776815891266,8988.291015625,-935298442434.9452,2025-11-20 18:56:36
er_4194304_1_7.bin.gz,erdos_renyi,49,SpecAnn,0.5397578926492556,1.0,-1063470830.999998,-263769133.0000007,0.2321746349334716,0,True,68,33,True,37,32,0.9872444868087769,8258.353515625,-858879909797.6322,2025-11-20 18:56:36
er_4194304_1_7.bin.gz,erdos_renyi,49,SpecAnn,0.5470032892270364,1.0,-1063128082.999998,-266029355.00000063,0.2325618267059326,0,True,68,33,True,38,32,0.9866964221000672,7596.3505859375,-789592129481.1309,2025-11-20 18:56:36
er_4194304_1_7.bin.gz,erdos_renyi,49,SpecAnn,0.554153962516942,1.0,-1063612470.999998,-268361625.00000012,0.2323911190032959,0,True,68,33,True,39,32,0.9861322045326232,6995.06396484375,-726676455894.6581,2025-11-20 18:56:36
er_4194304_1_7.bin.gz,erdos_renyi,49,SpecAnn,0.5612135332663137,1.0,-1063545924.999998,-270771045.0000009,0.2332561016082763,0,True,68,33,True,40,32,0.9855513572692872,6448.162109375,-669467448119.2017,2025-11-20 18:56:36
er_4194304_1_7.bin.gz,erdos_renyi,49,SpecAnn,0.5681853972686127,1.0,-1063405274.999998,-273155695.0000007,0.2322049140930175,0,True,68,33,True,41,32,0.9849535822868348,5950.0517578125,-617377453228.99,2025-11-20 18:56:37
er_4194304_1_7.bin.gz,erdos_renyi,49,SpecAnn,0.5750727444570146,1.0,-1063787204.999998,-275624815.000001,0.2330784797668457,0,True,68,33,True,42,32,0.9843384623527528,5495.78369140625,-569886466327.7653,2025-11-20 18:56:37
er_4194304_1_7.bin.gz,erdos_renyi,49,SpecAnn,0.5818785759635375,1.0,-1063657222.999998,-278191777.00000113,0.2321138381958007,0,True,68,33,True,43,32,0.983705461025238,5080.986328125,-526535146613.9271,2025-11-20 18:56:37
er_4194304_1_7.bin.gz,erdos_renyi,49,SpecAnn,0.5886057194025436,1.0,-1063880986.999998,-280864993.0000009,0.2326612472534179,0,True,68,33,True,44,32,0.9830543398857116,4701.77490234375,-486915517750.9713,2025-11-20 18:56:37
er_4194304_1_7.bin.gz,erdos_renyi,49,SpecAnn,0.5952568425994088,1.0,-1063585422.999998,-283642797.00000083,0.2330470085144043,0,True,68,33,True,45,32,0.9823845028877258,4354.68798828125,-450663934079.2529,2025-11-20 18:56:38
er_4194304_1_7.bin.gz,erdos_renyi,49,SpecAnn,0.6018344659534288,1.0,-1063647164.9999985,-286381849.0000006,0.2326791286468505,0,True,68,33,True,46,32,0.981695592403412,4036.656982421875,-417458150715.563,2025-11-20 18:56:38
er_4194304_1_7.bin.gz,erdos_renyi,49,SpecAnn,0.6083409735974393,1.0,-1064183962.999998,-289296295.0000004,0.2330801486968994,0,True,68,33,True,47,32,0.9809870719909668,3744.931396484375,-387009305473.4673,2025-11-20 18:56:38
er_4194304_1_7.bin.gz,erdos_renyi,49,SpecAnn,0.6147786234942719,1.0,-1064664986.999998,-292212687.00000024,0.2323770523071289,0,True,68,33,True,48,32,0.9802583456039428,3477.056396484375,-359059598180.9914,2025-11-20 18:56:38
er_4194304_1_7.bin.gz,erdos_renyi,49,SpecAnn,0.6211495565912796,1.0,-1063720224.999998,-295218485.00000054,0.2325127124786377,0,True,68,33,True,49,32,0.9795092344284058,3230.837890625,-333378785060.0626,2025-11-20 18:56:39
er_4194304_1_7.bin.gz,erdos_renyi,49,SpecAnn,0.6274558051381586,1.0,-1064453996.999998,-298478209.00000066,0.2323005199432373,0,True,68,33,True,50,32,0.9787389636039734,3004.2998046875,-309759336060.1783,2025-11-20 18:56:39
er_4194304_1_7.bin.gz,erdos_renyi,49,SpecAnn,0.6336993002596786,1.0,-1064442160.9999985,-301728471.0000006,0.2325506210327148,0,True,68,33,True,51,32,0.9779471755027772,2795.678955078125,-288016223270.40106,2025-11-20 18:56:39
er_4194304_1_7.bin.gz,erdos_renyi,49,SpecAnn,0.6398818788633085,1.0,-1064237932.999998,-305100363.00000083,0.2322847843170166,0,True,68,33,True,52,32,0.9771330952644348,2603.380126953125,-267981963940.0229,2025-11-20 18:56:39
er_4194304_1_7.bin.gz,erdos_renyi,49,SpecAnn,0.6460052899517691,1.0,-1064128764.999998,-308479215.0000011,0.2330195903778076,0,True,68,33,True,53,32,0.976296365261078,2425.968505859375,-249506054261.4215,2025-11-20 18:56:39
er_4194304_1_7.bin.gz,erdos_renyi,49,SpecAnn,0.6520712004019966,1.0,-1064304442.9999982,-312030359.00000125,0.2322642803192138,0,True,68,33,True,54,32,0.9754363298416138,2262.153564453125,-232453059859.81577,2025-11-20 18:56:40
er_4194304_1_7.bin.gz,erdos_renyi,49,SpecAnn,0.6580812002646271,1.0,-1064702664.9999985,-315656879.000001,0.2328593730926513,0,True,68,33,True,55,32,0.9745522737503052,2110.76708984375,-216700398813.53995,2025-11-20 18:56:40
er_4194304_1_7.bin.gz,erdos_renyi,49,SpecAnn,0.6640368076317485,1.0,-1064914362.999998,-319469637.0000011,0.2325785160064697,0,True,68,33,True,56,32,0.9736436605453492,1970.75244140625,-202137258382.4659,2025-11-20 18:56:40
er_4194304_1_7.bin.gz,erdos_renyi,49,SpecAnn,0.6699394731151429,1.0,-1064720024.999998,-323233769.00000113,0.2325592041015625,0,True,68,33,True,57,32,0.972709894180298,1841.156005859375,-188663627132.8388,2025-11-20 18:56:40
er_4194304_1_7.bin.gz,erdos_renyi,49,SpecAnn,0.6757905839724513,1.0,-1064503420.9999985,-327108399.0000014,0.2324891090393066,0,True,68,33,True,58,32,0.9717501997947692,1721.109130859375,-176188397094.9918,2025-11-20 18:56:41
er_4194304_1_7.bin.gz,erdos_renyi,49,SpecAnn,0.6815914679145113,1.0,-1064612214.9999985,-331188975.0000011,0.2329146862030029,0,True,68,33,True,59,32,0.970763862133026,1609.828125,-164629389884.5095,2025-11-20 18:56:41
er_4194304_1_7.bin.gz,erdos_renyi,49,SpecAnn,0.6873433966234707,1.0,-1065275752.999998,-335297571.0000011,0.2330050468444824,0,True,68,33,True,60,32,0.9697502255439758,1506.596435546875,-153911504035.634,2025-11-20 18:56:41
er_4194304_1_7.bin.gz,erdos_renyi,49,SpecAnn,0.6930475890080863,1.0,-1065239002.9999986,-339402269.00000155,0.2323184013366699,0,True,68,33,True,61,32,0.9687084555625916,1410.7667236328125,-143966867471.3567,2025-11-20 18:56:41
er_4194304_1_7.bin.gz,erdos_renyi,49,SpecAnn,0.6987052142198116,1.0,-1065136094.9999982,-343789857.00000113,0.2330336570739746,0,True,68,33,True,62,32,0.9676377177238464,1321.74658203125,-134733391439.46498,2025-11-20 18:56:42
er_4194304_1_7.bin.gz,erdos_renyi,49,SpecAnn,0.7043173944508145,1.0,-1065093428.9999985,-348342201.0000012,0.2326223850250244,0,True,68,33,True,63,32,0.9665372371673584,1238.9970703125,-126154610546.5588,2025-11-20 18:56:42
er_4194304_1_7.bin.gz,erdos_renyi,49,SpecAnn,0.709885207532891,1.0,-1065484334.999998,-352929859.00000143,0.2322957515716552,0,True,68,33,True,64,32,0.9654061794281006,1162.02734375,-118179100260.4614,2025-11-20 18:56:42
er_4194304_1_7.bin.gz,erdos_renyi,49,SpecAnn,0.7154096893543218,1.0,-1065619222.9999982,-357701025.0000015,0.2319264411926269,0,True,68,33,True,65,32,0.9642435312271118,1090.387451171875,-110759716646.89375,2025-11-20 18:56:42
er_4194304_1_7.bin.gz,erdos_renyi,49,SpecAnn,0.7208918361100219,1.0,-1065889452.999998,-362577475.0000014,0.2324514389038086,0,True,68,33,True,66,32,0.9630483984947203,1023.6687622070312,-103853663564.7244,2025-11-20 18:56:42
er_4194304_1_7.bin.gz,erdos_renyi,49,SpecAnn,0.7263326063988248,1.0,-1065813236.9999982,-367611479.00000095,0.2323629856109619,0,True,68,33,True,67,32,0.9618197679519652,961.4947509765624,-97421513808.36382,2025-11-20 18:56:43
er_4194304_1_7.bin.gz,erdos_renyi,49,SpecAnn,0.7317329231804058,1.0,-1066516060.999998,-372790447.0000011,0.2322700023651123,0,True,68,33,True,68,32,0.9605565667152404,903.522705078125,-91427379732.681,2025-11-20 18:56:43
er_4194304_1_7.bin.gz,erdos_renyi,49,SpecAnn,0.7370936756031579,1.0,-1066331734.9999985,-378220825.0000011,0.232450246810913,0,True,68,33,True,69,32,0.9592576026916504,849.436767578125,-85838192197.00381,2025-11-20 18:56:43
er_4194304_1_7.bin.gz,erdos_renyi,49,SpecAnn,0.7424157207132704,1.0,-1066370332.9999985,-383683101.0000016,0.2323479652404785,0,True,68,33,True,70,32,0.9579218029975892,798.9490966796875,-80623830053.82655,2025-11-20 18:56:43
er_4194304_1_7.bin.gz,erdos_renyi,49,SpecAnn,0.7476998850543153,1.0,-1066328310.9999985,-389311697.0000012,0.2323906421661377,0,True,68,33,True,71,32,0.9565479159355164,751.79443359375,-75756533342.66414,2025-11-20 18:56:44
er_4194304_1_7.bin.gz,erdos_renyi,49,SpecAnn,0.7529469661657903,1.0,-1066837394.9999985,-395199047.0000016,0.2322390079498291,0,True,68,33,True,72,32,0.9551347494125366,707.728515625,-71210756166.52106,2025-11-20 18:56:44
er_4194304_1_7.bin.gz,erdos_renyi,49,SpecAnn,0.7581577339883167,1.0,-1066817398.9999982,-401175655.0000021,0.2322616577148437,0,True,68,33,True,73,32,0.9536807537078856,666.5284423828125,-66963163413.68136,2025-11-20 18:56:44
er_4194304_1_7.bin.gz,erdos_renyi,49,SpecAnn,0.7633329321824984,1.0,-1067258356.9999985,-407375035.0000021,0.2327814102172851,0,True,68,33,True,74,32,0.9521844983100892,627.98779296875,-62992169487.41383,2025-11-20 18:56:44
er_4194304_1_7.bin.gz,erdos_renyi,49,SpecAnn,0.7684732793678399,1.0,-1067725002.9999985,-413717839.000002,0.2321143150329589,0,True,68,33,True,75,32,0.9506446123123168,591.9166259765625,-59277924226.81286,2025-11-20 18:56:45
er_4194304_1_7.bin.gz,erdos_renyi,49,SpecAnn,0.7735794702875677,1.0,-1067771062.999998,-420303883.0000024,0.2328283786773681,0,True,68,33,True,76,32,0.9490591883659364,558.1403198242188,-55802152592.58672,2025-11-20 18:56:45
er_4194304_1_7.bin.gz,erdos_renyi,49,SpecAnn,0.7786521769046981,1.0,-1067981300.9999985,-427105237.0000029,0.2320764064788818,0,True,68,33,True,77,32,0.947426736354828,526.4979858398438,-52548050392.33846,2025-11-20 18:56:45
er_4194304_1_7.bin.gz,erdos_renyi,49,SpecAnn,0.7836920494342511,1.0,-1068260078.9999986,-434192673.00000286,0.2324261665344238,0,True,68,33,True,78,32,0.9457453489303588,496.84088134765625,-49500067932.24095,2025-11-20 18:56:45
er_4194304_1_7.bin.gz,erdos_renyi,49,SpecAnn,0.788699717316095,1.0,-1068415718.9999985,-441484923.00000185,0.2325472831726074,0,True,68,33,True,79,32,0.9440129399299622,469.031494140625,-46643830661.50226,2025-11-20 18:56:46
er_4194304_1_7.bin.gz,erdos_renyi,49,SpecAnn,0.7936757901325451,1.0,-1069153008.9999982,-448983659.00000304,0.2326953411102295,0,True,68,33,True,80,32,0.9422274827957152,442.94329833984375,-43966121940.3566,2025-11-20 18:56:46
er_4194304_1_7.bin.gz,erdos_renyi,49,SpecAnn,0.7986208584745024,1.0,-1069232366.9999988,-456629883.0000028,0.2327666282653808,0,True,68,33,True,81,32,0.9403868913650512,418.4584045410156,-41454637208.65696,2025-11-20 18:56:46
er_4194304_1_7.bin.gz,erdos_renyi,49,SpecAnn,0.803535494759617,1.0,-1069948166.9999988,-464820217.00000274,0.2319812774658203,0,True,68,33,True,82,32,0.9384885430336,395.4688415527344,-39098086595.49812,2025-11-20 18:56:46
er_4194304_1_7.bin.gz,erdos_renyi,49,SpecAnn,0.8084202540056837,1.0,-1069664844.9999988,-473450477.0000029,0.2327470779418945,0,True,68,33,True,83,32,0.9365299344062804,373.8741455078125,-36885982346.74726,2025-11-20 18:56:46
er_4194304_1_7.bin.gz,erdos_renyi,49,SpecAnn,0.8132756745622272,1.0,-1070246966.9999986,-481978543.0000035,0.2320764064788818,0,True,68,33,True,84,32,0.9345083236694336,353.5807800292969,-34808561889.55929,2025-11-20 18:56:47
er_4194304_1_7.bin.gz,erdos_renyi,49,SpecAnn,0.8181022788030096,1.0,-1070764810.9999988,-490710423.0000039,0.232285737991333,0,True,68,33,True,85,32,0.9324207901954652,334.5030212402344,-32856874609.631355,2025-11-20 18:56:47
er_4194304_1_7.bin.gz,erdos_renyi,49,SpecAnn,0.822900573781978,1.0,-1071087272.9999988,-500014277.00000405,0.2324855327606201,0,True,68,33,True,86,32,0.9302640557289124,316.5606994628906,-31022550115.16738,2025-11-20 18:56:47
er_4194304_1_7.bin.gz,erdos_renyi,49,SpecAnn,0.8276710518549868,1.0,-1071577470.9999985,-509687977.0000042,0.2323670387268066,0,True,68,33,True,87,32,0.9280347228050232,299.6796569824219,-29297849654.79106,2025-11-20 18:56:47
er_4194304_1_7.bin.gz,erdos_renyi,49,SpecAnn,0.8324141912694495,1.0,-1072330312.9999988,-519841393.00000495,0.2318325042724609,0,True,68,33,True,88,32,0.9257289171218872,283.7908935546875,-27675567993.53536,2025-11-20 18:56:48
er_4194304_1_7.bin.gz,erdos_renyi,49,SpecAnn,0.8371304567239225,1.0,-1072590504.9999988,-530302569.000005,0.2324237823486328,0,True,68,33,True,89,32,0.9233428239822388,268.8306884765625,-26149059896.32954,2025-11-20 18:56:48
er_4194304_1_7.bin.gz,erdos_renyi,49,SpecAnn,0.8418202998994706,1.0,-1073270678.9999988,-541633267.0000048,0.2322237491607666,0,True,68,33,True,90,32,0.9208717346191406,254.73907470703125,-24712060989.33091,2025-11-20 18:56:48
er_4194304_1_7.bin.gz,erdos_renyi,49,SpecAnn,0.846484159964536,1.0,-1074109816.9999986,-553434161.0000051,0.2326118946075439,0,True,68,33,True,91,32,0.9183111190795898,241.4610595703125,-23358836250.527283,2025-11-20 18:56:48
er_4194304_1_7.bin.gz,erdos_renyi,49,SpecAnn,0.8511224640549078,1.0,-1074680798.9999986,-565614647.0000055,0.2322199344635009,0,True,68,33,True,92,32,0.9156557321548462,228.94537353515625,-22084030976.28189,2025-11-20 18:56:49
er_4194304_1_7.bin.gz,erdos_renyi,49,SpecAnn,0.8557356277302758,1.0,-1075338052.9999988,-578231937.0000061,0.2327117919921875,0,True,68,33,True,93,32,0.9128997325897216,217.14373779296875,-20882603684.490696,2025-11-20 18:56:49
er_4194304_1_7.bin.gz,erdos_renyi,49,SpecAnn,0.8603240554087516,1.0,-1076322722.9999988,-591442529.0000056,0.2325146198272705,0,True,68,33,True,94,32,0.9100368618965148,206.01156616210932,-19749897463.7462,2025-11-20 18:56:49
er_4194304_1_7.bin.gz,erdos_renyi,49,SpecAnn,0.86488814078064,1.0,-1077006026.9999986,-605500919.0000063,0.2322206497192382,0,True,68,33,True,95,32,0.907060444355011,195.50759887695312,-18681602523.030025,2025-11-20 18:56:49
er_4194304_1_7.bin.gz,erdos_renyi,49,SpecAnn,0.8694282672026621,1.0,-1077772090.999999,-620111785.0000062,0.2327375411987304,0,True,68,33,True,96,32,0.9039627313613892,185.5928192138672,-17673637860.333553,2025-11-20 18:56:49
er_4194304_1_7.bin.gz,erdos_renyi,49,SpecAnn,0.8739448080737451,1.0,-1078628750.9999993,-635617251.0000056,0.2322890758514404,0,True,68,33,True,97,32,0.9007354378700256,176.2311553955078,-16722230113.958569,2025-11-20 18:56:50
er_4194304_1_7.bin.gz,erdos_renyi,49,SpecAnn,0.878438127193422,1.0,-1080180990.9999988,-651741221.000005,0.2323164939880371,0,True,68,33,True,98,32,0.8973692655563354,167.38897705078125,-15823855328.170296,2025-11-20 18:56:50
er_4194304_1_7.bin.gz,erdos_renyi,49,SpecAnn,0.8829085791038153,1.0,-1081561572.9999986,-668866013.000004,0.2323627471923828,0,True,68,33,True,99,32,0.8938539624214172,159.03460693359375,-14975194328.299805,2025-11-20 18:56:50
er_4194304_1_7.bin.gz,erdos_renyi,49,SpecAnn,0.8873565094161138,1.0,-1082762988.9999993,-686864435.000003,0.2322509288787841,0,True,68,33,True,100,32,0.8901780247688293,151.13880920410156,-14173174114.865751,2025-11-20 18:56:50
er_4194304_1_7.bin.gz,erdos_renyi,49,SpecAnn,0.8917822551223932,1.0,-1084353622.9999988,-705670249.0000012,0.2325294017791748,0,True,68,33,True,101,32,0.8863285779953003,143.67404174804688,-13414896275.863523,2025-11-20 18:56:51
er_4194304_1_7.bin.gz,erdos_renyi,49,SpecAnn,0.8961861448935777,1.0,-1085999192.9999986,-725542466.9999992,0.2323253154754638,0,True,68,33,True,102,32,0.8822914958000183,136.61465454101562,-12697658384.577955,2025-11-20 18:56:51
er_4194304_1_7.bin.gz,erdos_renyi,49,SpecAnn,0.9005684993642872,1.0,-1088068736.9999988,-746255942.9999977,0.2322983741760254,0,True,68,33,True,103,32,0.8780502676963806,129.93670654296875,-12018921304.646427,2025-11-20 18:56:51
er_4194304_1_7.bin.gz,erdos_renyi,49,SpecAnn,0.9049296314052688,1.0,-1090367424.9999986,-768004962.9999956,0.2328357696533203,0,True,68,33,True,104,32,0.8735867142677307,123.61756134033205,-11376284636.58402,2025-11-20 18:56:51
er_4194304_1_7.bin.gz,erdos_renyi,49,SpecAnn,0.9092698463840684,1.0,-1092870630.9999983,-790473012.9999949,0.2323243618011474,0,True,68,33,True,105,32,0.868880033493042,117.63629150390624,-10767512871.23784,2025-11-20 18:56:52
er_4194304_1_7.bin.gz,erdos_renyi,49,SpecAnn,0.9135894424145556,1.0,-1096024530.9999983,-813426940.9999951,0.2327582836151123,0,True,68,33,True,106,32,0.8639065623283386,111.97330474853516,-10190500773.540478,2025-11-20 18:56:52
er_4194304_1_7.bin.gz,erdos_renyi,49,SpecAnn,0.9178887105958816,1.0,-1098937046.9999983,-837367516.9999967,0.2322199344635009,0,True,68,33,True,107,32,0.8586388826370239,106.60999298095705,-9643234396.936993,2025-11-20 18:56:52
er_4194304_1_7.bin.gz,erdos_renyi,49,SpecAnn,0.922167935241408,1.0,-1102702052.999998,-861854462.9999979,0.2328917980194091,0,True,68,33,True,108,32,0.8530461192131042,101.52912139892578,-9123834456.284948,2025-11-20 18:56:52
er_4194304_1_7.bin.gz,erdos_renyi,49,SpecAnn,0.92642739409812,1.0,-1106499836.9999983,-887001829.0000001,0.2327325344085693,0,True,68,33,True,109,32,0.8470919728279114,96.7146453857422,-8630522067.935402,2025-11-20 18:56:52
er_4194304_1_7.bin.gz,erdos_renyi,49,SpecAnn,0.9306673585570006,1.0,-1111047644.999998,-912265449.000002,0.4516122341156006,0,True,68,65,True,110,32,0.840734601020813,92.15119934082033,-8161578660.297442,2025-11-20 18:56:53
er_4194304_1_7.bin.gz,erdos_renyi,49,SpecAnn,0.9348880938548184,1.0,-1115828546.999998,-937474277.0000027,0.4518358707427978,0,True,68,65,True,111,32,0.8339247703552246,87.82463073730469,-7715382537.722022,2025-11-20 18:56:53
er_4194304_1_7.bin.gz,erdos_renyi,49,SpecAnn,0.9390898592677528,1.0,-1120337296.9999986,-961850991.0000012,0.6703429222106934,0,True,68,97,True,112,32,0.8266061544418335,83.72154235839844,-7290379100.57455,2025-11-20 18:56:54
er_4194304_1_7.bin.gz,erdos_renyi,49,SpecAnn,0.9432729082972536,1.0,-1124903638.9999995,-983388630.999998,1.1096084117889404,0,True,68,161,True,113,32,0.8187126517295837,79.82939147949219,-6885073450.731228,2025-11-20 18:56:55
er_4194304_1_7.bin.gz,erdos_renyi,49,SpecAnn,0.9474374888485204,1.0,-1127361482.9999998,-996697765.0,1.9867653846740725,0,True,68,289,True,114,32,0.8101650476455688,76.13639831542969,-6498005707.191252,2025-11-20 18:56:57
er_4194304_1_7.bin.gz,erdos_renyi,49,SpecAnn,0.9515838434019476,1.0,-1121976600.9999983,-981757681.0,7.025775909423828,0,True,68,1025,True,115,32,0.8009139895439148,72.63145446777344,-6128086374.008443,2025-11-20 18:57:04
er_4194304_1_7.bin.gz,erdos_renyi,49,SpecAnn,0.9557122091778746,1.0,-1120778396.9999983,-978312331.0,7.026861906051636,0,True,68,1025,True,116,32,0.7912031412124634,69.30426025390625,-5776465613.193269,2025-11-20 18:57:11
er_4194304_1_7.bin.gz,erdos_renyi,49,SpecAnn,0.9598228182949629,1.0,-1120638122.9999986,-977750701.0,0.6708896160125732,0,True,68,97,True,117,32,0.7810668349266052,66.14492797851562,-5442507080.356853,2025-11-20 18:57:12
er_4194304_1_7.bin.gz,erdos_renyi,49,SpecAnn,0.963915897922488,1.0,-1120431984.999998,-977531109.0,0.8903095722198486,0,True,68,129,True,118,32,0.7704833149909973,63.14435577392578,-5125214337.931742,2025-11-20 18:57:13
er_4194304_1_7.bin.gz,erdos_renyi,49,SpecAnn,0.967991670426842,1.0,-1120457862.9999986,-977429235.0,0.232332706451416,0,True,68,33,True,119,32,0.7594360113143921,60.29381561279297,-4823676927.6319895,2025-11-20 18:57:13
er_4194304_1_7.bin.gz,erdos_renyi,49,SpecAnn,0.9720503535125016,1.0,-1120164294.9999986,-977243471.0,0.889869213104248,0,True,68,129,True,120,32,0.7479061484336853,57.58517837524414,-4537034453.43485,2025-11-20 18:57:14
er_4194304_1_7.bin.gz,erdos_renyi,49,SpecAnn,0.9760921603577252,1.0,-1120211762.9999983,-977190495.0,1.5493052005767822,0,True,68,225,True,121,32,0.7358744144439697,55.010833740234375,-4264481037.933509,2025-11-20 18:57:15
er_4194304_1_7.bin.gz,erdos_renyi,49,SpecAnn,0.9801172997452104,1.0,-1120350772.9999986,-977123751.0,0.4518256187438965,0,True,68,65,True,122,32,0.7233214974403381,52.56351089477539,-4005253379.300932,2025-11-20 18:57:16
er_4194304_1_7.bin.gz,erdos_renyi,49,SpecAnn,0.9841259761879442,1.0,-1119996350.9999986,-977042057.0,0.4519786834716797,0,True,68,65,True,123,32,0.7102261185646057,50.23646545410156,-3758633431.881598,2025-11-20 18:57:16
er_4194304_1_7.bin.gz,erdos_renyi,49,SpecAnn,0.9881183900504562,1.0,-1120124712.9999983,-976994605.0,0.6706044673919678,0,True,68,97,True,124,32,0.6965675354003906,48.023250579833984,-3523944338.3054867,2025-11-20 18:57:17
er_4194304_1_7.bin.gz,erdos_renyi,49,SpecAnn,0.9920947376656812,1.0,-1120146686.9999986,-976852837.0,0.4515728950500488,0,True,68,65,True,125,32,0.6823236346244812,45.91786575317383,-3300550378.776525,2025-11-20 18:57:17
er_4194304_1_7.bin.gz,erdos_renyi,49,SpecAnn,0.9960552114476228,1.0,-1120298368.9999986,-976767149.0,1.329524278640747,0,True,68,193,True,126,32,0.6674715876579285,43.91463470458984,-3087850855.4261365,2025-11-20 18:57:19
er_4194304_1_7.bin.gz,erdos_renyi,49,SpecAnn,1.0,1.0,-1120228736.9999986,-976636503.0,0.6714956760406494,0,True,68,97,True,127,32,0.6519873738288879,42.008148193359375,-2885273454.068806,2025-11-20 18:57:19
er_4194304_1_7.bin.gz,erdos_renyi,50,SpecAnn,0.0,1.0,-1062234429.0,-216436308.9999998,0.3573455810546875,0,True,64,33,True,0,32,0.9994361400604248,4194305.0,-441599550349880.25,2025-11-20 18:58:01
er_4194304_1_7.bin.gz,erdos_renyi,50,SpecAnn,0.0887356509416113,1.0,-1061932280.9999998,-216475619.00000015,0.2318615913391113,0,True,64,33,True,1,32,0.9990590810775756,1505011.5,-158396125749867.97,2025-11-20 18:58:01
er_4194304_1_7.bin.gz,erdos_renyi,50,SpecAnn,0.1254911610276317,1.0,-1062341893.0,-216716592.9999998,0.2319672107696533,0,True,64,33,True,2,32,0.9988367557525636,984460.75,-103587293421966.06,2025-11-20 18:58:01
er_4194304_1_7.bin.gz,erdos_renyi,50,SpecAnn,0.1536946558735679,1.0,-1061939251.0,-217162262.99999964,0.2347712516784668,0,True,64,33,True,3,32,0.9986311197280884,710823.0,-74779082456247.45,2025-11-20 18:58:01
er_4194304_1_7.bin.gz,erdos_renyi,50,SpecAnn,0.1774713018832227,1.0,-1061748772.9999996,-217784016.99999988,0.2324545383453369,0,True,64,33,True,4,32,0.9984297156333924,540173.875,-56815212970971.94,2025-11-20 18:58:02
er_4194304_1_7.bin.gz,erdos_renyi,50,SpecAnn,0.1984189475331362,1.0,-1062522291.0,-218537110.99999988,0.2322382926940918,0,True,64,33,True,5,32,0.998227834701538,424129.5,-44600704712626.28,2025-11-20 18:58:02
er_4194304_1_7.bin.gz,erdos_renyi,50,SpecAnn,0.2173570668006655,1.0,-1062005711.0,-219362148.99999985,0.2324881553649902,0,True,64,33,True,6,32,0.9980230927467346,340835.5625,-35834310905179.33,2025-11-20 18:58:02
er_4194304_1_7.bin.gz,erdos_renyi,50,SpecAnn,0.2347724648169381,1.0,-1062117461.0000002,-220191141.0000001,0.2324249744415283,0,True,64,33,True,7,32,0.9978139400482178,278760.1875,-29301771655965.973,2025-11-20 18:58:02
er_4194304_1_7.bin.gz,erdos_renyi,50,SpecAnn,0.2509823220552634,1.0,-1062306765.0,-221078326.9999999,0.2330296039581298,0,True,64,33,True,8,32,0.9975994229316713,231187.640625,-24295976942974.195,2025-11-20 18:58:02
er_4194304_1_7.bin.gz,erdos_renyi,50,SpecAnn,0.2662069528248341,1.0,-1062552581.0,-221960307.00000003,0.2321534156799316,0,True,64,33,True,9,32,0.9973788261413574,193928.3125,-20375812107580.703,2025-11-20 18:58:03
er_4194304_1_7.bin.gz,erdos_renyi,50,SpecAnn,0.2806067666331568,1.0,-1061851956.9999996,-222909122.9999999,0.2325799465179443,0,True,64,33,True,10,32,0.997151494026184,164231.265625,-17251646427513.02,2025-11-20 18:58:03
er_4194304_1_7.bin.gz,erdos_renyi,50,SpecAnn,0.2943028597012718,1.0,-1062462189.0,-223917203.00000012,0.2325482368469238,0,True,64,33,True,11,32,0.9969170093536376,140217.15625,-14725624625641.637,2025-11-20 18:58:03
er_4194304_1_7.bin.gz,erdos_renyi,50,SpecAnn,0.3073893117471359,1.0,-1062205944.9999998,-224932593.00000057,0.2324318885803222,0,True,64,33,True,12,32,0.9966749548912048,120560.4453125,-12658200001130.482,2025-11-20 18:58:03
er_4194304_1_7.bin.gz,erdos_renyi,50,SpecAnn,0.3199409394316542,1.0,-1062754095.0000002,-225916211.0000002,0.2329382896423339,0,True,64,33,True,13,32,0.9964248538017272,104301.8203125,-10948383569638.242,2025-11-20 18:58:04
er_4194304_1_7.bin.gz,erdos_renyi,50,SpecAnn,0.3320184038158743,1.0,-1062272345.0,-227021033.0000004,0.2322239875793457,0,True,64,33,True,14,32,0.9961665272712708,90731.390625,-9521449682290.518,2025-11-20 18:58:04
er_4194304_1_7.bin.gz,erdos_renyi,50,SpecAnn,0.3436716983117353,1.0,-1062758627.0,-228165554.99999985,0.2330052852630615,0,True,64,33,True,15,32,0.9958995580673218,79314.2890625,-8321096146239.727,2025-11-20 18:58:04
er_4194304_1_7.bin.gz,erdos_renyi,50,SpecAnn,0.3549426037664455,1.0,-1062341757.0,-229361397.00000027,0.2323546409606933,0,True,64,33,True,16,32,0.9956235885620116,69640.8125,-7304198574149.214,2025-11-20 18:58:04
er_4194304_1_7.bin.gz,erdos_renyi,50,SpecAnn,0.3658664615902029,1.0,-1062559177.0,-230541453.0000004,0.2328500747680664,0,True,64,33,True,17,32,0.9953383803367616,61392.78125,-6437268499314.624,2025-11-20 18:58:05
er_4194304_1_7.bin.gz,erdos_renyi,50,SpecAnn,0.3764734830828951,1.0,-1062773570.9999998,-231748541.00000003,0.2323782444000244,0,True,64,33,True,18,32,0.995043694972992,54320.06640625,-5693980939929.59,2025-11-20 18:58:05
er_4194304_1_7.bin.gz,erdos_renyi,50,SpecAnn,0.3867897351437838,1.0,-1062482814.9999998,-232997579.0000002,0.2327151298522949,0,True,64,33,True,19,32,0.9947391152381896,48223.88671875,-5053415065769.728,2025-11-20 18:58:05
er_4194304_1_7.bin.gz,erdos_renyi,50,SpecAnn,0.3968378950662725,1.0,-1062695540.9999998,-234157695.0000001,0.2325725555419922,0,True,64,33,True,20,32,0.9944245219230652,42944.6640625,-4498778383362.51,2025-11-20 18:58:05
er_4194304_1_7.bin.gz,erdos_renyi,50,SpecAnn,0.4066378372811136,1.0,-1062563263.0,-235470121.0000004,0.2324292659759521,0,True,64,33,True,21,32,0.994099497795105,38353.1875,-4016473285385.5215,2025-11-20 18:58:05
er_4194304_1_7.bin.gz,erdos_renyi,50,SpecAnn,0.4162070956347247,1.0,-1062531201.0000002,-236852223.00000012,0.232267141342163,0,True,64,33,True,22,32,0.9937637448310852,34344.03125,-3595406372192.608,2025-11-20 18:58:06
er_4194304_1_7.bin.gz,erdos_renyi,50,SpecAnn,0.4255612320274539,1.0,-1062737712.9999996,-238266239.00000015,0.2327489852905273,0,True,64,33,True,23,32,0.9934170842170716,30830.4921875,-3226455258925.039,2025-11-20 18:58:06
er_4194304_1_7.bin.gz,erdos_renyi,50,SpecAnn,0.434714133601331,1.0,-1062626806.9999998,-239825999.0,0.2327685356140136,0,True,64,33,True,24,32,0.99305921792984,27740.810546875,-2902069828857.616,2025-11-20 18:58:06
er_4194304_1_7.bin.gz,erdos_renyi,50,SpecAnn,0.4436782547080569,1.0,-1062487069.0,-241389713.00000027,0.2325692176818847,0,True,64,33,True,25,32,0.9926897883415222,25015.267578125,-2615967064113.1777,2025-11-20 18:58:06
er_4194304_1_7.bin.gz,erdos_renyi,50,SpecAnn,0.4524648157026343,1.0,-1062845683.0,-243034125.0000004,0.2325937747955322,0,True,64,33,True,26,32,0.9923084378242492,22603.833984375,-2362883762539.4424,2025-11-20 18:58:07
er_4194304_1_7.bin.gz,erdos_renyi,50,SpecAnn,0.4610839676207039,1.0,-1062886157.0,-244705255.0000004,0.232480764389038,0,True,64,33,True,27,32,0.9919150471687316,20464.400390625,-2138390751565.2537,2025-11-20 18:58:07
er_4194304_1_7.bin.gz,erdos_renyi,50,SpecAnn,0.4695449296338763,1.0,-1063167016.9999996,-246332535.00000048,0.2339434623718261,0,True,64,33,True,28,32,0.9915092587471008,18561.361328125,-1938742647462.608,2025-11-20 18:58:07
er_4194304_1_7.bin.gz,erdos_renyi,50,SpecAnn,0.4778561045889373,1.0,-1062934121.0,-248083959.00000015,0.2322018146514892,0,True,64,33,True,29,32,0.9910906553268432,16864.447265625,-1760755516484.951,2025-11-20 18:58:07
er_4194304_1_7.bin.gz,erdos_renyi,50,SpecAnn,0.4860251767562508,1.0,-1063187783.0,-249795021.0000005,0.2327857017517089,0,True,64,33,True,30,32,0.99065899848938,15347.8486328125,-1601715066440.647,2025-11-20 18:58:08
er_4194304_1_7.bin.gz,erdos_renyi,50,SpecAnn,0.4940591950252281,1.0,-1063445024.9999998,-251723375.0000002,0.2327322959899902,0,True,64,33,True,31,32,0.990213930606842,13989.451171875,-1459295600882.8254,2025-11-20 18:58:08
er_4194304_1_7.bin.gz,erdos_renyi,50,SpecAnn,0.5019646441105269,1.0,-1063208912.9999998,-253584127.0000004,0.233375072479248,0,True,64,33,True,32,32,0.9897552728652954,12770.2431640625,-1331498114358.7888,2025-11-20 18:58:08
er_4194304_1_7.bin.gz,erdos_renyi,50,SpecAnn,0.5097475058154177,1.0,-1063032443.0,-255498263.0,0.2321431636810302,0,True,64,33,True,33,32,0.9892825484275818,11673.8125,-1216596677748.4482,2025-11-20 18:58:08
er_4194304_1_7.bin.gz,erdos_renyi,50,SpecAnn,0.51741331199832,1.0,-1062998375.0,-257500871.0000005,0.2324335575103759,0,True,64,33,True,34,32,0.9887954592704772,10685.9658203125,-1113099041577.0007,2025-11-20 18:58:08
er_4194304_1_7.bin.gz,erdos_renyi,50,SpecAnn,0.5249671905758515,1.0,-1062911571.0,-259488191.0,0.2322685718536377,0,True,64,33,True,35,32,0.9882936477661132,9794.375,-1019709103716.1191,2025-11-20 18:58:09
er_4194304_1_7.bin.gz,erdos_renyi,50,SpecAnn,0.5324139056496683,1.0,-1062963341.0,-261662017.00000024,0.2334816455841064,0,True,64,33,True,36,32,0.9877766966819764,8988.298828125,-935297650930.9374,2025-11-20 18:58:09
er_4194304_1_7.bin.gz,erdos_renyi,50,SpecAnn,0.5397578926492556,1.0,-1063767931.0,-263769133.00000063,0.2325491905212402,0,True,64,33,True,37,32,0.9872444868087769,8258.361328125,-858879352600.5305,2025-11-20 18:58:09
er_4194304_1_7.bin.gz,erdos_renyi,50,SpecAnn,0.5470032892270364,1.0,-1063248583.0,-266028481.0000001,0.2326133251190185,0,True,64,33,True,38,32,0.9866963624954224,7596.357421875,-789591533125.1185,2025-11-20 18:58:09
er_4194304_1_7.bin.gz,erdos_renyi,50,SpecAnn,0.554153962516942,1.0,-1063730687.0,-268360131.00000024,0.2324106693267822,0,True,64,33,True,39,32,0.9861321449279784,6995.0703125,-726675912518.5581,2025-11-20 18:58:10
er_4194304_1_7.bin.gz,erdos_renyi,50,SpecAnn,0.5612135332663137,1.0,-1063405419.0,-270771045.00000024,0.2330014705657959,0,True,64,33,True,40,32,0.9855513572692872,6448.16796875,-669466988816.8971,2025-11-20 18:58:10
er_4194304_1_7.bin.gz,erdos_renyi,50,SpecAnn,0.5681853972686127,1.0,-1063377269.0,-273154145.0000006,0.2329132556915283,0,True,64,33,True,41,32,0.9849535822868348,5950.0576171875,-617377076628.6868,2025-11-20 18:58:10
er_4194304_1_7.bin.gz,erdos_renyi,50,SpecAnn,0.5750727444570146,1.0,-1063358007.0,-275624815.0000004,0.2329368591308593,0,True,64,33,True,42,32,0.9843384623527528,5495.7890625,-569886114452.1001,2025-11-20 18:58:10
er_4194304_1_7.bin.gz,erdos_renyi,50,SpecAnn,0.5818785759635375,1.0,-1063504027.0,-278191777.00000024,0.2326312065124511,0,True,64,33,True,43,32,0.983705461025238,5080.99169921875,-526534863515.0001,2025-11-20 18:58:11
er_4194304_1_7.bin.gz,erdos_renyi,50,SpecAnn,0.5886057194025436,1.0,-1063724185.0,-280864993.0000004,0.2326762676239013,0,True,64,33,True,44,32,0.9830542802810668,4701.779296875,-486915166812.10345,2025-11-20 18:58:11
er_4194304_1_7.bin.gz,erdos_renyi,50,SpecAnn,0.5952568425994088,1.0,-1063867623.0,-283642679.0000003,0.233161449432373,0,True,64,33,True,45,32,0.9823845028877258,4354.69287109375,-450663720697.3532,2025-11-20 18:58:11
er_4194304_1_7.bin.gz,erdos_renyi,50,SpecAnn,0.6018344659534288,1.0,-1063534583.0,-286381848.99999994,0.2330074310302734,0,True,64,33,True,46,32,0.981695592403412,4036.660888671875,-417457888941.7108,2025-11-20 18:58:11
er_4194304_1_7.bin.gz,erdos_renyi,50,SpecAnn,0.6083409735974393,1.0,-1063805439.0,-289296295.00000024,0.2326619625091552,0,True,64,33,True,47,32,0.980987012386322,3744.934814453125,-387009017992.0447,2025-11-20 18:58:12
er_4194304_1_7.bin.gz,erdos_renyi,50,SpecAnn,0.6147786234942719,1.0,-1063688955.0,-292212686.9999998,0.2329432964324951,0,True,64,33,True,48,32,0.9802584052085876,3477.059814453125,-359059400357.4598,2025-11-20 18:58:12
er_4194304_1_7.bin.gz,erdos_renyi,50,SpecAnn,0.6211495565912796,1.0,-1063856766.9999996,-295218484.9999998,0.2327330112457275,0,True,64,33,True,49,32,0.9795092344284058,3230.840576171875,-333378530512.9738,2025-11-20 18:58:12
er_4194304_1_7.bin.gz,erdos_renyi,50,SpecAnn,0.6274558051381586,1.0,-1064221021.0,-298478208.99999964,0.2326941490173339,0,True,64,33,True,50,32,0.9787390232086182,3004.30322265625,-309759213343.139,2025-11-20 18:58:12
er_4194304_1_7.bin.gz,erdos_renyi,50,SpecAnn,0.6336993002596786,1.0,-1064019280.9999998,-301728471.0000001,0.2323217391967773,0,True,64,33,True,51,32,0.9779471755027772,2795.681884765625,-288016065775.5363,2025-11-20 18:58:12
er_4194304_1_7.bin.gz,erdos_renyi,50,SpecAnn,0.6398818788633085,1.0,-1064513983.0,-305100363.00000006,0.2329740524291992,0,True,64,33,True,52,32,0.9771331548690796,2603.38232421875,-267981779097.9026,2025-11-20 18:58:13
er_4194304_1_7.bin.gz,erdos_renyi,50,SpecAnn,0.6460052899517691,1.0,-1064599039.0000004,-308478835.0000004,0.2325501441955566,0,True,64,33,True,53,32,0.976296365261078,2425.970947265625,-249505907452.8253,2025-11-20 18:58:13
er_4194304_1_7.bin.gz,erdos_renyi,50,SpecAnn,0.6520712004019966,1.0,-1064460841.0,-312030359.0000001,0.2327833175659179,0,True,64,33,True,54,32,0.975436270236969,2262.15576171875,-232452900734.0408,2025-11-20 18:58:13
er_4194304_1_7.bin.gz,erdos_renyi,50,SpecAnn,0.6580812002646271,1.0,-1064592395.0,-315656878.99999994,0.2325973510742187,0,True,64,33,True,55,32,0.9745522141456604,2110.769287109375,-216700265555.3903,2025-11-20 18:58:13
er_4194304_1_7.bin.gz,erdos_renyi,50,SpecAnn,0.6640368076317485,1.0,-1064811707.0,-319469636.99999994,0.2324471473693847,0,True,64,33,True,56,32,0.9736436605453492,1970.754638671875,-202137161392.3137,2025-11-20 18:58:14
er_4194304_1_7.bin.gz,erdos_renyi,50,SpecAnn,0.6699394731151429,1.0,-1064744903.0,-323233768.99999964,0.2330806255340576,0,True,64,33,True,57,32,0.972709894180298,1841.157958984375,-188663526396.64062,2025-11-20 18:58:14
er_4194304_1_7.bin.gz,erdos_renyi,50,SpecAnn,0.6757905839724513,1.0,-1064698888.9999996,-327107786.99999964,0.2327427864074707,0,True,64,33,True,58,32,0.9717501997947692,1721.11083984375,-176188291063.9017,2025-11-20 18:58:14
er_4194304_1_7.bin.gz,erdos_renyi,50,SpecAnn,0.6815914679145113,1.0,-1064966697.0,-331189158.99999976,0.2326819896697998,0,True,64,33,True,59,32,0.9707638025283812,1609.829833984375,-164629292001.47977,2025-11-20 18:58:14
er_4194304_1_7.bin.gz,erdos_renyi,50,SpecAnn,0.6873433966234707,1.0,-1065611982.9999998,-335297570.9999997,0.2325165271759033,0,True,64,33,True,60,32,0.9697502255439758,1506.5980224609375,-153911420700.2658,2025-11-20 18:58:15
er_4194304_1_7.bin.gz,erdos_renyi,50,SpecAnn,0.6930475890080863,1.0,-1065374845.0,-339402672.99999946,0.2325069904327392,0,True,64,33,True,61,32,0.9687083959579468,1410.768310546875,-143966790962.85043,2025-11-20 18:58:15
er_4194304_1_7.bin.gz,erdos_renyi,50,SpecAnn,0.6987052142198116,1.0,-1065530088.9999998,-343790310.9999998,0.2329380512237548,0,True,64,33,True,62,32,0.9676376581192015,1321.748046875,-134733317592.766,2025-11-20 18:58:15
er_4194304_1_7.bin.gz,erdos_renyi,50,SpecAnn,0.7043173944508145,1.0,-1065326543.0,-348341762.99999994,0.2329568862915039,0,True,64,33,True,63,32,0.9665371775627136,1238.9984130859375,-126154538301.54369,2025-11-20 18:58:15
er_4194304_1_7.bin.gz,erdos_renyi,50,SpecAnn,0.709885207532891,1.0,-1065746351.0,-352929858.99999976,0.232588529586792,0,True,64,33,True,64,32,0.9654061198234558,1162.0286865234375,-118179041057.76544,2025-11-20 18:58:15
er_4194304_1_7.bin.gz,erdos_renyi,50,SpecAnn,0.7154096893543218,1.0,-1065639117.0,-357702121.0000001,0.2326176166534423,0,True,64,33,True,65,32,0.9642435312271118,1090.388671875,-110759664008.61903,2025-11-20 18:58:16
er_4194304_1_7.bin.gz,erdos_renyi,50,SpecAnn,0.7208918361100219,1.0,-1065932729.0,-362575084.9999997,0.2322454452514648,0,True,64,33,True,66,32,0.9630483388900756,1023.6697998046876,-103853596782.11972,2025-11-20 18:58:16
er_4194304_1_7.bin.gz,erdos_renyi,50,SpecAnn,0.7263326063988248,1.0,-1066077292.9999996,-367610799.0,0.2331609725952148,0,True,64,33,True,67,32,0.9618196487426758,961.495849609375,-97421457686.5612,2025-11-20 18:58:16
er_4194304_1_7.bin.gz,erdos_renyi,50,SpecAnn,0.7317329231804058,1.0,-1065688883.0,-372791903.0000002,0.2326025962829589,0,True,64,33,True,68,32,0.9605564475059508,903.523681640625,-91427321399.63551,2025-11-20 18:58:16
er_4194304_1_7.bin.gz,erdos_renyi,50,SpecAnn,0.7370936756031579,1.0,-1066137419.0,-378219601.0000004,0.2327053546905517,0,True,64,33,True,69,32,0.9592575430870056,849.437744140625,-85838148656.60753,2025-11-20 18:58:17
er_4194304_1_7.bin.gz,erdos_renyi,50,SpecAnn,0.7424157207132704,1.0,-1066427805.0,-383681736.9999999,0.2325317859649658,0,True,64,33,True,70,32,0.9579217433929444,798.9500122070312,-80623788849.48254,2025-11-20 18:58:17
er_4194304_1_7.bin.gz,erdos_renyi,50,SpecAnn,0.7476998850543153,1.0,-1066788621.0,-389311836.9999999,0.2327520847320556,0,True,64,33,True,71,32,0.9565479159355164,751.7952880859375,-75756498634.26509,2025-11-20 18:58:17
er_4194304_1_7.bin.gz,erdos_renyi,50,SpecAnn,0.7529469661657903,1.0,-1067119460.9999998,-395199956.99999946,0.2328493595123291,0,True,64,33,True,72,32,0.9551346302032472,707.7293701171875,-71210719692.60165,2025-11-20 18:58:17
er_4194304_1_7.bin.gz,erdos_renyi,50,SpecAnn,0.7581577339883167,1.0,-1067103641.0000004,-401175654.9999999,0.2328343391418457,0,True,64,33,True,73,32,0.953680694103241,666.5291748046875,-66963126021.48331,2025-11-20 18:58:18
er_4194304_1_7.bin.gz,erdos_renyi,50,SpecAnn,0.7633329321824984,1.0,-1067461162.9999998,-407375034.9999999,0.2327334880828857,0,True,64,33,True,74,32,0.9521844387054444,627.988525390625,-62992138554.54559,2025-11-20 18:58:18
er_4194304_1_7.bin.gz,erdos_renyi,50,SpecAnn,0.7684732793678399,1.0,-1067693964.9999998,-413717983.0000008,0.2329428195953369,0,True,64,33,True,75,32,0.9506444931030272,591.9172973632812,-59277889495.87355,2025-11-20 18:58:18
er_4194304_1_7.bin.gz,erdos_renyi,50,SpecAnn,0.7735794702875677,1.0,-1067660261.0,-420304109.0000002,0.2333259582519531,0,True,64,33,True,76,32,0.9490591883659364,558.1409912109375,-55802130725.884415,2025-11-20 18:58:18
er_4194304_1_7.bin.gz,erdos_renyi,50,SpecAnn,0.7786521769046981,1.0,-1067819676.9999996,-427105236.99999946,0.2327053546905517,0,True,64,33,True,77,32,0.9474266767501832,526.4986572265625,-52548030293.77644,2025-11-20 18:58:18
er_4194304_1_7.bin.gz,erdos_renyi,50,SpecAnn,0.7836920494342511,1.0,-1067894593.0,-434192673.0000003,0.2328312397003173,0,True,64,33,True,78,32,0.9457452297210692,496.8414916992188,-49500043561.1846,2025-11-20 18:58:19
er_4194304_1_7.bin.gz,erdos_renyi,50,SpecAnn,0.788699717316095,1.0,-1068249735.0,-441486680.9999997,0.2330365180969238,0,True,64,33,True,79,32,0.9440128803253174,469.0320739746094,-46643810993.49301,2025-11-20 18:58:19
er_4194304_1_7.bin.gz,erdos_renyi,50,SpecAnn,0.7936757901325451,1.0,-1068367769.0,-448983659.0,0.2329869270324707,0,True,64,33,True,80,32,0.9422274827957152,442.94384765625,-43966106349.52042,2025-11-20 18:58:19
er_4194304_1_7.bin.gz,erdos_renyi,50,SpecAnn,0.7986208584745024,1.0,-1069187450.9999996,-456631167.0000002,0.2325997352600097,0,True,64,33,True,81,32,0.9403868317604064,418.45892333984375,-41454619865.7766,2025-11-20 18:58:19
er_4194304_1_7.bin.gz,erdos_renyi,50,SpecAnn,0.803535494759617,1.0,-1069563753.0,-464820217.0,0.2324395179748535,0,True,64,33,True,82,32,0.9384884238243104,395.4693298339844,-39098067551.06008,2025-11-20 18:58:20
er_4194304_1_7.bin.gz,erdos_renyi,50,SpecAnn,0.8084202540056837,1.0,-1070081651.0,-473450476.9999992,0.232675552368164,0,True,64,33,True,83,32,0.936529815196991,373.8745727539063,-36885960978.87727,2025-11-20 18:58:20
er_4194304_1_7.bin.gz,erdos_renyi,50,SpecAnn,0.8132756745622272,1.0,-1070049053.0,-481977826.9999997,0.2324120998382568,0,True,64,33,True,84,32,0.9345083236694336,353.5812683105469,-34808554447.48476,2025-11-20 18:58:20
er_4194304_1_7.bin.gz,erdos_renyi,50,SpecAnn,0.8181022788030096,1.0,-1070782118.9999998,-490710352.99999976,0.2324798107147216,0,True,64,33,True,85,32,0.9324207305908204,334.50347900390625,-32856865074.673126,2025-11-20 18:58:20
er_4194304_1_7.bin.gz,erdos_renyi,50,SpecAnn,0.822900573781978,1.0,-1071180021.0,-500012596.99999934,0.2330007553100586,0,True,64,33,True,86,32,0.9302639365196228,316.56109619140625,-31022535545.11042,2025-11-20 18:58:21
er_4194304_1_7.bin.gz,erdos_renyi,50,SpecAnn,0.8276710518549868,1.0,-1071408602.9999998,-509687683.00000006,0.2322015762329101,0,True,64,33,True,87,32,0.9280346632003784,299.6800842285156,-29297842819.255013,2025-11-20 18:58:21
er_4194304_1_7.bin.gz,erdos_renyi,50,SpecAnn,0.8324141912694495,1.0,-1071672208.9999998,-519842293.0000005,0.2327525615692138,0,True,64,33,True,88,32,0.9257288575172424,283.7912902832031,-27675560765.03408,2025-11-20 18:58:21
er_4194304_1_7.bin.gz,erdos_renyi,50,SpecAnn,0.8371304567239225,1.0,-1072391781.0,-530302568.99999976,0.2323722839355468,0,True,64,33,True,89,32,0.923342764377594,268.8310546875,-26149052128.0252,2025-11-20 18:58:21
er_4194304_1_7.bin.gz,erdos_renyi,50,SpecAnn,0.8418202998994706,1.0,-1072726784.9999996,-541633111.0000002,0.232872724533081,0,True,64,33,True,90,32,0.9208716750144958,254.73941040039065,-24712052545.360207,2025-11-20 18:58:22
er_4194304_1_7.bin.gz,erdos_renyi,50,SpecAnn,0.846484159964536,1.0,-1073877610.9999995,-553434160.9999999,0.2326512336730957,0,True,64,33,True,91,32,0.9183110594749452,241.4614105224609,-23358831433.57051,2025-11-20 18:58:22
er_4194304_1_7.bin.gz,erdos_renyi,50,SpecAnn,0.8511224640549078,1.0,-1074094313.0,-565614801.0,0.2330586910247802,0,True,64,33,True,92,32,0.9156556129455566,228.9456787109375,-22084022319.612766,2025-11-20 18:58:22
er_4194304_1_7.bin.gz,erdos_renyi,50,SpecAnn,0.8557356277302758,1.0,-1075034147.0000002,-578231653.0000002,0.2328641414642334,0,True,64,33,True,93,32,0.9128996729850768,217.1440277099609,-20882596899.44241,2025-11-20 18:58:22
er_4194304_1_7.bin.gz,erdos_renyi,50,SpecAnn,0.8603240554087516,1.0,-1075570889.0000002,-591442529.0,0.2325830459594726,0,True,64,33,True,94,32,0.91003680229187,206.0118408203125,-19749891004.729145,2025-11-20 18:58:22
er_4194304_1_7.bin.gz,erdos_renyi,50,SpecAnn,0.86488814078064,1.0,-1076627416.9999998,-605500369.0,0.2331423759460449,0,True,64,33,True,95,32,0.9070603251457214,195.5078887939453,-18681597977.959785,2025-11-20 18:58:23
er_4194304_1_7.bin.gz,erdos_renyi,50,SpecAnn,0.8694282672026621,1.0,-1077555235.0,-620111566.9999998,0.232440710067749,0,True,64,33,True,96,32,0.9039626121520996,185.5930633544922,-17673630593.440918,2025-11-20 18:58:23
er_4194304_1_7.bin.gz,erdos_renyi,50,SpecAnn,0.8739448080737451,1.0,-1078644184.9999995,-635617361.0000005,0.2325055599212646,0,True,64,33,True,97,32,0.9007353782653807,176.2313995361328,-16722225505.458908,2025-11-20 18:58:23
er_4194304_1_7.bin.gz,erdos_renyi,50,SpecAnn,0.878438127193422,1.0,-1079800577.0,-651741541.0,0.2325749397277832,0,True,64,33,True,98,32,0.8973692059516907,167.38919067382812,-15823849236.38098,2025-11-20 18:58:23
er_4194304_1_7.bin.gz,erdos_renyi,50,SpecAnn,0.8829085791038153,1.0,-1081222012.9999998,-668865573.0000004,0.2332661151885986,0,True,64,33,True,99,32,0.8938539028167725,159.0348358154297,-14975191000.081633,2025-11-20 18:58:24
er_4194304_1_7.bin.gz,erdos_renyi,50,SpecAnn,0.8873565094161138,1.0,-1082453027.0,-686864081.0000002,0.232558012008667,0,True,64,33,True,100,32,0.8901779055595398,151.13902282714844,-14173169646.709188,2025-11-20 18:58:24
er_4194304_1_7.bin.gz,erdos_renyi,50,SpecAnn,0.8917822551223932,1.0,-1084100589.0,-705670605.0000006,0.2324240207672119,0,True,64,33,True,101,32,0.8863284587860107,143.67422485351562,-13414890174.65999,2025-11-20 18:58:24
er_4194304_1_7.bin.gz,erdos_renyi,50,SpecAnn,0.8961861448935777,1.0,-1085845685.0000002,-725542769.0000006,0.2325110435485839,0,True,64,33,True,102,32,0.8822913765907288,136.61485290527344,-12697654856.202871,2025-11-20 18:58:24
er_4194304_1_7.bin.gz,erdos_renyi,50,SpecAnn,0.9005684993642872,1.0,-1088153531.0,-746254454.9999996,0.2332911491394043,0,True,64,33,True,103,32,0.8780501484870911,129.9368896484375,-12018917442.518845,2025-11-20 18:58:25
er_4194304_1_7.bin.gz,erdos_renyi,50,SpecAnn,0.9049296314052688,1.0,-1090368096.9999998,-768005032.9999998,0.2323341369628906,0,True,64,33,True,104,32,0.8735866546630859,123.61773681640624,-11376281866.64914,2025-11-20 18:58:25
er_4194304_1_7.bin.gz,erdos_renyi,50,SpecAnn,0.9092698463840684,1.0,-1093076986.9999995,-790472793.0000004,0.2323267459869384,0,True,64,33,True,105,32,0.8688799738883972,117.63646697998048,-10767511022.698397,2025-11-20 18:58:25
er_4194304_1_7.bin.gz,erdos_renyi,50,SpecAnn,0.9135894424145556,1.0,-1095725107.0000002,-813426559.0000001,0.2325665950775146,0,True,64,33,True,106,32,0.8639065027236938,111.97346496582033,-10190498400.142954,2025-11-20 18:58:25
er_4194304_1_7.bin.gz,erdos_renyi,50,SpecAnn,0.9178887105958816,1.0,-1098867095.0,-837366195.0000001,0.233445405960083,0,True,64,33,True,107,32,0.8586389422416687,106.61014556884766,-9643233489.7822,2025-11-20 18:58:25
er_4194304_1_7.bin.gz,erdos_renyi,50,SpecAnn,0.922167935241408,1.0,-1102323697.0,-861855103.0,0.2330458164215088,0,True,64,33,True,108,32,0.8530460596084595,101.52928161621094,-9123833666.239117,2025-11-20 18:58:26
er_4194304_1_7.bin.gz,erdos_renyi,50,SpecAnn,0.92642739409812,1.0,-1106455573.0,-887001947.0,0.2321748733520507,0,True,64,33,True,109,32,0.8470919132232666,96.7147979736328,-8630521313.516726,2025-11-20 18:58:26
er_4194304_1_7.bin.gz,erdos_renyi,50,SpecAnn,0.9306673585570006,1.0,-1110854309.0,-912265141.0000002,0.4519281387329101,0,True,64,65,True,110,32,0.840734601020813,92.15133666992188,-8161577807.389534,2025-11-20 18:58:26
er_4194304_1_7.bin.gz,erdos_renyi,50,SpecAnn,0.9348880938548184,1.0,-1115721955.0,-937472875.0,0.4529953002929687,0,True,64,65,True,111,32,0.8339247107505798,87.82476043701172,-7715381076.176067,2025-11-20 18:58:27
er_4194304_1_7.bin.gz,erdos_renyi,50,SpecAnn,0.9390898592677528,1.0,-1120395081.0,-961850401.0,0.6714024543762207,0,True,64,97,True,112,32,0.826606273651123,83.72167205810547,-7290379819.651035,2025-11-20 18:58:28
er_4194304_1_7.bin.gz,erdos_renyi,50,SpecAnn,0.9432729082972536,1.0,-1125020524.9999998,-983391031.0000002,1.1096909046173096,0,True,64,161,True,113,32,0.8187125325202942,79.82949829101562,-6885070680.389259,2025-11-20 18:58:29
er_4194304_1_7.bin.gz,erdos_renyi,50,SpecAnn,0.9474374888485204,1.0,-1127515259.0,-996684163.0,1.9884066581726076,0,True,64,289,True,114,32,0.8101648092269897,76.13650512695312,-6498002548.198628,2025-11-20 18:58:31
er_4194304_1_7.bin.gz,erdos_renyi,50,SpecAnn,0.9515838434019476,1.0,-1121921574.9999998,-981891923.0,7.03441047668457,0,True,64,1025,True,115,32,0.8009124994277954,72.6315689086914,-6128074855.397815,2025-11-20 18:58:38
er_4194304_1_7.bin.gz,erdos_renyi,50,SpecAnn,0.9557122091778746,1.0,-1120723804.9999998,-978813677.0,5.93961501121521,0,True,64,865,True,116,32,0.7912046909332275,69.30436706542969,-5776476618.0794,2025-11-20 18:58:44
er_4194304_1_7.bin.gz,erdos_renyi,50,SpecAnn,0.9598228182949629,1.0,-1120646632.9999998,-977787997.0,2.6461989879608154,0,True,64,385,True,117,32,0.7810666561126709,66.14502716064453,-5442505315.73354,2025-11-20 18:58:46
er_4194304_1_7.bin.gz,erdos_renyi,50,SpecAnn,0.963915897922488,1.0,-1120571757.0,-977489841.0,0.6716763973236084,0,True,64,97,True,118,32,0.7704834938049316,63.14444732666016,-5125214784.926172,2025-11-20 18:58:47
er_4194304_1_7.bin.gz,erdos_renyi,50,SpecAnn,0.967991670426842,1.0,-1120576527.0,-977439345.0,1.549229383468628,0,True,64,225,True,119,32,0.7594352960586548,60.293907165527344,-4823672016.4395685,2025-11-20 18:58:48
er_4194304_1_7.bin.gz,erdos_renyi,50,SpecAnn,0.9720503535125016,1.0,-1120495695.0,-977304365.0,0.4520659446716308,0,True,64,65,True,120,32,0.7479058504104614,57.58526611328125,-4537032322.770143,2025-11-20 18:58:49
er_4194304_1_7.bin.gz,erdos_renyi,50,SpecAnn,0.9760921603577252,1.0,-1120451256.9999998,-977189809.0,0.6725137233734131,0,True,64,97,True,121,32,0.7358745336532593,55.01091384887695,-4264481138.018776,2025-11-20 18:58:50
er_4194304_1_7.bin.gz,erdos_renyi,50,SpecAnn,0.9801172997452104,1.0,-1120520005.0,-977199028.9999998,0.6725189685821533,0,True,64,97,True,122,32,0.7233213186264038,52.56358337402344,-4005251524.5312247,2025-11-20 18:58:50
er_4194304_1_7.bin.gz,erdos_renyi,50,SpecAnn,0.9841259761879442,1.0,-1120319665.0,-976767436.9999998,7.033899784088135,0,True,64,1025,True,123,32,0.7102242708206177,50.236549377441406,-3758623938.237646,2025-11-20 18:58:57
er_4194304_1_7.bin.gz,erdos_renyi,50,SpecAnn,0.9881183900504562,1.0,-1120159508.9999998,-976835885.0,3.08345627784729,0,True,64,449,True,124,32,0.6965674757957458,48.02332305908203,-3523943735.4394026,2025-11-20 18:59:00
er_4194304_1_7.bin.gz,erdos_renyi,50,SpecAnn,0.9920947376656812,1.0,-1119999796.9999998,-976778373.0,1.1114928722381592,0,True,64,161,True,125,32,0.682323694229126,45.91793823242188,-3300550613.274704,2025-11-20 18:59:01
er_4194304_1_7.bin.gz,erdos_renyi,50,SpecAnn,0.9960552114476228,1.0,-1120141845.0,-976569730.9999998,7.036495685577393,0,True,64,1025,True,126,32,0.6674708127975464,43.91470718383789,-3087847442.755687,2025-11-20 18:59:09
er_4194304_1_7.bin.gz,erdos_renyi,50,SpecAnn,1.0,1.0,-1120291467.0,-976436041.0,0.8913326263427734,0,True,64,129,True,127,32,0.6519874930381775,42.008209228515625,-2885273572.407715,2025-11-20 18:59:09
er_4194304_1_7.bin.gz,erdos_renyi,51,SpecAnn,0.0,1.0,-1061800299.0000001,-216434015.00000006,0.3563687801361084,0,True,59,33,True,0,32,0.9994361400604248,4194305.0,-441599315601240.25,2025-11-20 18:59:49
er_4194304_1_7.bin.gz,erdos_renyi,51,SpecAnn,0.08873565094161137,1.0,-1062645909.0,-216475488.9999998,0.23198795318603516,0,True,59,33,True,1,32,0.9990590810775757,1505011.5,-158396041548525.22,2025-11-20 18:59:49
er_4194304_1_7.bin.gz,erdos_renyi,51,SpecAnn,0.12549116102763172,1.0,-1062377611.0,-216718280.99999997,0.23192572593688965,0,True,59,33,True,2,32,0.9988367557525635,984460.8125,-103587244932688.12,2025-11-20 18:59:49
er_4194304_1_7.bin.gz,erdos_renyi,51,SpecAnn,0.15369465587356798,1.0,-1062443385.0000001,-217162190.9999999,0.23363041877746582,0,True,59,33,True,3,32,0.9986310601234436,710823.0625,-74779044816401.56,2025-11-20 18:59:50
er_4194304_1_7.bin.gz,erdos_renyi,51,SpecAnn,0.17747130188322274,1.0,-1062483379.0000004,-217783812.99999967,0.23280763626098633,0,True,59,33,True,4,32,0.9984297156333923,540173.9375,-56815189342450.29,2025-11-20 18:59:50
er_4194304_1_7.bin.gz,erdos_renyi,51,SpecAnn,0.19841894753313627,1.0,-1062703434.9999999,-218537110.99999997,0.23201227188110352,0,True,59,33,True,5,32,0.9982278347015381,424129.5,-44600681003465.43,2025-11-20 18:59:50
er_4194304_1_7.bin.gz,erdos_renyi,51,SpecAnn,0.21735706680066552,1.0,-1062268290.9999999,-219362350.99999973,0.23224091529846191,0,True,59,33,True,6,32,0.9980230927467346,340835.59375,-35834295141639.37,2025-11-20 18:59:50
er_4194304_1_7.bin.gz,erdos_renyi,51,SpecAnn,0.23477246481693817,1.0,-1062669703.0000004,-220191984.9999999,0.232635498046875,0,True,59,33,True,7,32,0.9978139400482178,278760.1875,-29301756079521.117,2025-11-20 18:59:51
er_4194304_1_7.bin.gz,erdos_renyi,51,SpecAnn,0.25098232205526344,1.0,-1062525555.0,-221078595.00000018,0.23324322700500488,0,True,59,33,True,8,32,0.9975994229316711,231187.65625,-24295965669607.402,2025-11-20 18:59:51
er_4194304_1_7.bin.gz,erdos_renyi,51,SpecAnn,0.26620695282483414,1.0,-1062347364.9999999,-221959950.9999999,0.23192858695983887,0,True,59,33,True,9,32,0.9973788261413574,193928.359375,-20375806201157.777,2025-11-20 18:59:51
er_4194304_1_7.bin.gz,erdos_renyi,51,SpecAnn,0.28060676663315687,1.0,-1062545485.0,-222908517.00000003,0.2322225570678711,0,True,59,33,True,10,32,0.9971514940261841,164231.296875,-17251640539409.107,2025-11-20 18:59:51
er_4194304_1_7.bin.gz,erdos_renyi,51,SpecAnn,0.2943028597012718,1.0,-1062661027.0000002,-223916241.00000015,0.23250722885131836,0,True,59,33,True,11,32,0.9969170093536377,140217.1875,-14725620079566.486,2025-11-20 18:59:52
er_4194304_1_7.bin.gz,erdos_renyi,51,SpecAnn,0.30738931174713596,1.0,-1062332185.0000001,-224932791.00000003,0.23340797424316406,0,True,59,33,True,12,32,0.9966749548912048,120560.453125,-12658194092464.357,2025-11-20 18:59:52
er_4194304_1_7.bin.gz,erdos_renyi,51,SpecAnn,0.31994093943165425,1.0,-1063146909.0,-225916211.0,0.23200011253356934,0,True,59,33,True,13,32,0.9964249134063721,104301.828125,-10948379224598.336,2025-11-20 18:59:52
er_4194304_1_7.bin.gz,erdos_renyi,51,SpecAnn,0.3320184038158743,1.0,-1062299073.0000002,-227021033.00000042,0.2324981689453125,0,True,59,33,True,14,32,0.9961665272712708,90731.4140625,-9521447080365.498,2025-11-20 18:59:52
er_4194304_1_7.bin.gz,erdos_renyi,51,SpecAnn,0.34367169831173533,1.0,-1062820528.9999998,-228165837.0000005,0.23246145248413086,0,True,59,33,True,15,32,0.9958995580673218,79314.296875,-8321092542484.059,2025-11-20 18:59:53
er_4194304_1_7.bin.gz,erdos_renyi,51,SpecAnn,0.3549426037664455,1.0,-1062717551.0000002,-229361397.0000003,0.23337721824645996,0,True,59,33,True,16,32,0.9956235885620117,69640.828125,-7304196330140.961,2025-11-20 18:59:53
er_4194304_1_7.bin.gz,erdos_renyi,51,SpecAnn,0.3658664615902029,1.0,-1062682522.9999999,-230541453.00000054,0.23215198516845703,0,True,59,33,True,17,32,0.9953383803367615,61392.7890625,-6437265896515.646,2025-11-20 18:59:53
er_4194304_1_7.bin.gz,erdos_renyi,51,SpecAnn,0.37647348308289513,1.0,-1062571933.0000001,-231748541.00000024,0.23218750953674316,0,True,59,33,True,18,32,0.9950436949729919,54320.078125,-5693979141473.996,2025-11-20 18:59:53
er_4194304_1_7.bin.gz,erdos_renyi,51,SpecAnn,0.38678973514378384,1.0,-1062384773.0000005,-232998839.00000063,0.2325117588043213,0,True,59,33,True,19,32,0.9947391748428345,48223.89453125,-5053413500916.127,2025-11-20 18:59:53
er_4194304_1_7.bin.gz,erdos_renyi,51,SpecAnn,0.39683789506627254,1.0,-1062385494.9999998,-234157694.99999982,0.2330322265625,0,True,59,33,True,20,32,0.9944245219230652,42944.671875,-4498776810287.827,2025-11-20 18:59:54
er_4194304_1_7.bin.gz,erdos_renyi,51,SpecAnn,0.4066378372811136,1.0,-1062989005.0000001,-235471186.99999982,0.23234176635742188,0,True,59,33,True,21,32,0.9940994381904602,38353.1953125,-4016471727609.176,2025-11-20 18:59:54
er_4194304_1_7.bin.gz,erdos_renyi,51,SpecAnn,0.41620709563472474,1.0,-1062664515.0000001,-236852223.00000003,0.23206448554992676,0,True,59,33,True,22,32,0.9937637448310852,34344.0390625,-3595405278795.0415,2025-11-20 18:59:54
er_4194304_1_7.bin.gz,erdos_renyi,51,SpecAnn,0.4255612320274539,1.0,-1062547379.0000002,-238267467.00000036,0.23221731185913086,0,True,59,33,True,23,32,0.9934170842170715,30830.49609375,-3226453952577.3823,2025-11-20 18:59:54
er_4194304_1_7.bin.gz,erdos_renyi,51,SpecAnn,0.43471413360133104,1.0,-1063060685.0000001,-239823765.0,0.23335695266723633,0,True,59,33,True,24,32,0.9930591583251953,27740.81640625,-2902068724939.6406,2025-11-20 18:59:55
er_4194304_1_7.bin.gz,erdos_renyi,51,SpecAnn,0.4436782547080569,1.0,-1062773809.0000002,-241389713.00000012,0.23285341262817383,0,True,59,33,True,25,32,0.9926897287368774,25015.2734375,-2615966129169.52,2025-11-20 18:59:55
er_4194304_1_7.bin.gz,erdos_renyi,51,SpecAnn,0.45246481570263436,1.0,-1063108321.0000001,-243033924.9999998,0.2325451374053955,0,True,59,33,True,26,32,0.992308497428894,22603.83984375,-2362883260898.668,2025-11-20 18:59:55
er_4194304_1_7.bin.gz,erdos_renyi,51,SpecAnn,0.46108396762070397,1.0,-1063131761.0,-244706122.99999988,0.23182392120361328,0,True,59,33,True,27,32,0.9919150471687317,20464.40234375,-2138389818912.419,2025-11-20 18:59:55
er_4194304_1_7.bin.gz,erdos_renyi,51,SpecAnn,0.46954492963387634,1.0,-1063068467.0,-246332534.99999976,0.23301386833190918,0,True,59,33,True,28,32,0.9915092587471008,18561.365234375,-1938742024861.3333,2025-11-20 18:59:56
er_4194304_1_7.bin.gz,erdos_renyi,51,SpecAnn,0.4778561045889373,1.0,-1062810333.0000002,-248083958.99999997,0.2328639030456543,0,True,59,33,True,29,32,0.9910906553268433,16864.453125,-1760755192245.6477,2025-11-20 18:59:56
er_4194304_1_7.bin.gz,erdos_renyi,51,SpecAnn,0.48602517675625084,1.0,-1062874235.0000001,-249795020.99999997,0.2330472469329834,0,True,59,33,True,30,32,0.9906589984893799,15347.8515625,-1601714520734.1409,2025-11-20 18:59:56
er_4194304_1_7.bin.gz,erdos_renyi,51,SpecAnn,0.4940591950252281,1.0,-1063755513.0000002,-251722768.99999994,0.2322096824645996,0,True,59,33,True,31,32,0.990213930606842,13989.455078125,-1459295232616.4006,2025-11-20 18:59:56
er_4194304_1_7.bin.gz,erdos_renyi,51,SpecAnn,0.5019646441105269,1.0,-1062888843.0000001,-253584095.00000003,0.23281073570251465,0,True,59,33,True,32,32,0.9897552132606506,12770.248046875,-1331497835476.0928,2025-11-20 18:59:56
er_4194304_1_7.bin.gz,erdos_renyi,51,SpecAnn,0.5097475058154177,1.0,-1062845839.0,-255498811.0,0.23281502723693848,0,True,59,33,True,33,32,0.989282488822937,11673.8173828125,-1216596466587.253,2025-11-20 18:59:57
er_4194304_1_7.bin.gz,erdos_renyi,51,SpecAnn,0.51741331199832,1.0,-1063350157.0000001,-257499126.99999982,0.23243045806884766,0,True,59,33,True,34,32,0.9887953996658325,10685.9697265625,-1113098789662.8472,2025-11-20 18:59:57
er_4194304_1_7.bin.gz,erdos_renyi,51,SpecAnn,0.5249671905758515,1.0,-1063338102.9999999,-259486862.9999994,0.23300385475158691,0,True,59,33,True,35,32,0.9882935881614685,9794.376953125,-1019708703495.6368,2025-11-20 18:59:57
er_4194304_1_7.bin.gz,erdos_renyi,51,SpecAnn,0.5324139056496683,1.0,-1063686012.9999999,-261662016.99999967,0.23268556594848633,0,True,59,33,True,36,32,0.9877768158912659,8988.3017578125,-935297571469.66,2025-11-20 18:59:57
er_4194304_1_7.bin.gz,erdos_renyi,51,SpecAnn,0.5397578926492556,1.0,-1063503113.0000001,-263768438.99999994,0.23237848281860352,0,True,59,33,True,37,32,0.9872444868087769,8258.36328125,-858879099158.5195,2025-11-20 18:59:58
er_4194304_1_7.bin.gz,erdos_renyi,51,SpecAnn,0.5470032892270364,1.0,-1063718775.0000004,-266028481.00000012,0.23285818099975586,0,True,59,33,True,38,32,0.9866964221000671,7596.359375,-789591364100.7086,2025-11-20 18:59:58
er_4194304_1_7.bin.gz,erdos_renyi,51,SpecAnn,0.554153962516942,1.0,-1063915589.0000001,-268360131.00000027,0.23282814025878906,0,True,59,33,True,39,32,0.9861321449279785,6995.072265625,-726675729125.329,2025-11-20 18:59:58
er_4194304_1_7.bin.gz,erdos_renyi,51,SpecAnn,0.5612135332663137,1.0,-1063864711.0,-270770298.9999998,0.23287010192871094,0,True,59,33,True,40,32,0.9855512976646423,6448.169921875,-669466795227.3634,2025-11-20 18:59:58
er_4194304_1_7.bin.gz,erdos_renyi,51,SpecAnn,0.5681853972686127,1.0,-1063930752.9999998,-273155081.0,0.23222041130065918,0,True,59,33,True,41,32,0.9849535822868347,5950.0595703125,-617376951094.8214,2025-11-20 18:59:59
er_4194304_1_7.bin.gz,erdos_renyi,51,SpecAnn,0.5750727444570146,1.0,-1063490267.0,-275624814.9999996,0.2329714298248291,0,True,59,33,True,42,32,0.9843384027481079,5495.791015625,-569885979528.9508,2025-11-20 18:59:59
er_4194304_1_7.bin.gz,erdos_renyi,51,SpecAnn,0.5818785759635375,1.0,-1063417867.0000001,-278191782.99999946,0.23290061950683594,0,True,59,33,True,43,32,0.983705461025238,5080.9921875,-526534634215.60114,2025-11-20 18:59:59
er_4194304_1_7.bin.gz,erdos_renyi,51,SpecAnn,0.5886057194025436,1.0,-1063705849.0000001,-280864236.9999995,0.23261189460754395,0,True,59,33,True,44,32,0.9830542802810669,4701.78125,-486915110239.3264,2025-11-20 18:59:59
er_4194304_1_7.bin.gz,erdos_renyi,51,SpecAnn,0.5952568425994088,1.0,-1063554622.9999999,-283642678.9999999,0.2332296371459961,0,True,59,33,True,45,32,0.9823845028877258,4354.6943359375,-450663632725.7573,2025-11-20 18:59:59
er_4194304_1_7.bin.gz,erdos_renyi,51,SpecAnn,0.6018344659534288,1.0,-1063824689.0,-286381848.99999994,0.23269057273864746,0,True,59,33,True,46,32,0.9816955327987671,4036.661865234375,-417457742672.84985,2025-11-20 19:00:00
er_4194304_1_7.bin.gz,erdos_renyi,51,SpecAnn,0.6083409735974393,1.0,-1063609680.9999998,-289295340.99999976,0.2331087589263916,0,True,59,33,True,47,32,0.980987012386322,3744.935791015625,-387008913182.88837,2025-11-20 19:00:00
er_4194304_1_7.bin.gz,erdos_renyi,51,SpecAnn,0.6147786234942719,1.0,-1063565548.9999998,-292212686.9999996,0.23295331001281738,0,True,59,33,True,48,32,0.9802584052085876,3477.06103515625,-359059335542.2303,2025-11-20 19:00:00
er_4194304_1_7.bin.gz,erdos_renyi,51,SpecAnn,0.6211495565912796,1.0,-1064160207.0000002,-295217122.9999994,0.23250269889831543,0,True,59,33,True,49,32,0.9795092344284058,3230.842041015625,-333378504444.98267,2025-11-20 19:00:00
er_4194304_1_7.bin.gz,erdos_renyi,51,SpecAnn,0.6274558051381586,1.0,-1064123003.0000001,-298478208.9999991,0.23234057426452637,0,True,59,33,True,50,32,0.9787390232086182,3004.303955078125,-309759124195.5725,2025-11-20 19:00:01
er_4194304_1_7.bin.gz,erdos_renyi,51,SpecAnn,0.6336993002596786,1.0,-1064141518.9999999,-301728470.9999989,0.23278236389160156,0,True,59,33,True,51,32,0.9779471755027771,2795.6826171875,-288015988125.25085,2025-11-20 19:00:01
er_4194304_1_7.bin.gz,erdos_renyi,51,SpecAnn,0.6398818788633085,1.0,-1064457199.0,-305099200.9999992,0.2328805923461914,0,True,59,33,True,52,32,0.9771330952644348,2603.38330078125,-267981720818.87146,2025-11-20 19:00:01
er_4194304_1_7.bin.gz,erdos_renyi,51,SpecAnn,0.6460052899517691,1.0,-1064093317.0000001,-308479214.99999905,0.23225188255310059,0,True,59,33,True,53,32,0.9762963652610779,2425.971923828125,-249505875255.99942,2025-11-20 19:00:01
er_4194304_1_7.bin.gz,erdos_renyi,51,SpecAnn,0.6520712004019966,1.0,-1064886643.0,-312030694.99999946,0.2333354949951172,0,True,59,33,True,54,32,0.975436270236969,2262.15673828125,-232452877513.89087,2025-11-20 19:00:02
er_4194304_1_7.bin.gz,erdos_renyi,51,SpecAnn,0.6580812002646271,1.0,-1064721545.0,-315656954.99999946,0.23252534866333008,0,True,59,33,True,55,32,0.9745522141456604,2110.769775390625,-216700200489.25372,2025-11-20 19:00:02
er_4194304_1_7.bin.gz,erdos_renyi,51,SpecAnn,0.6640368076317485,1.0,-1064456051.0000002,-319469636.9999994,0.23267889022827148,0,True,59,33,True,56,32,0.9736436605453491,1970.755126953125,-202137104021.00186,2025-11-20 19:00:02
er_4194304_1_7.bin.gz,erdos_renyi,51,SpecAnn,0.6699394731151429,1.0,-1065123965.0000004,-323233768.99999946,0.23212194442749023,0,True,59,33,True,57,32,0.9727098345756531,1841.1585693359375,-188663477087.53845,2025-11-20 19:00:02
er_4194304_1_7.bin.gz,erdos_renyi,51,SpecAnn,0.6757905839724513,1.0,-1064846015.0000001,-327108152.9999999,0.23302197456359863,0,True,59,33,True,58,32,0.9717501997947693,1721.1114501953125,-176188259885.48157,2025-11-20 19:00:03
er_4194304_1_7.bin.gz,erdos_renyi,51,SpecAnn,0.6815914679145113,1.0,-1064795499.0000004,-331189328.9999995,0.23293638229370117,0,True,59,33,True,59,32,0.9707638025283813,1609.83056640625,-164629279387.7693,2025-11-20 19:00:03
er_4194304_1_7.bin.gz,erdos_renyi,51,SpecAnn,0.6873433966234707,1.0,-1064381477.0,-335296972.9999997,0.23254990577697754,0,True,59,33,True,60,32,0.969750165939331,1506.5985107421875,-153911379304.87073,2025-11-20 19:00:03
er_4194304_1_7.bin.gz,erdos_renyi,51,SpecAnn,0.6930475890080863,1.0,-1065056279.0000004,-339402672.9999997,0.2332286834716797,0,True,59,33,True,61,32,0.9687083959579468,1410.768798828125,-143966764260.29944,2025-11-20 19:00:03
er_4194304_1_7.bin.gz,erdos_renyi,51,SpecAnn,0.6987052142198116,1.0,-1065100593.0000002,-343789857.0000001,0.2324233055114746,0,True,59,33,True,62,32,0.9676376581192017,1321.74853515625,-134733295743.53413,2025-11-20 19:00:03
er_4194304_1_7.bin.gz,erdos_renyi,51,SpecAnn,0.7043173944508145,1.0,-1064941834.9999999,-348341762.99999976,0.23290586471557617,0,True,59,33,True,63,32,0.9665371775627136,1238.998779296875,-126154508526.90909,2025-11-20 19:00:04
er_4194304_1_7.bin.gz,erdos_renyi,51,SpecAnn,0.709885207532891,1.0,-1065236793.0000001,-352929859.0000006,0.2322535514831543,0,True,59,33,True,64,32,0.9654061198234558,1162.029052734375,-118179015479.16814,2025-11-20 19:00:04
er_4194304_1_7.bin.gz,erdos_renyi,51,SpecAnn,0.7154096893543218,1.0,-1065711550.9999999,-357702121.0000005,0.2330033779144287,0,True,59,33,True,65,32,0.964243471622467,1090.38916015625,-110759647882.28607,2025-11-20 19:00:04
er_4194304_1_7.bin.gz,erdos_renyi,51,SpecAnn,0.7208918361100219,1.0,-1066326125.0000004,-362576749.00000006,0.23266386985778809,0,True,59,33,True,66,32,0.9630483388900757,1023.6702270507812,-103853584919.93497,2025-11-20 19:00:04
er_4194304_1_7.bin.gz,erdos_renyi,51,SpecAnn,0.7263326063988248,1.0,-1065711512.9999999,-367610799.0000003,0.23288917541503906,0,True,59,33,True,67,32,0.9618196487426758,961.4962158203125,-97421443004.0677,2025-11-20 19:00:05
er_4194304_1_7.bin.gz,erdos_renyi,51,SpecAnn,0.7317329231804058,1.0,-1066283806.9999999,-372791903.00000024,0.23220586776733398,0,True,59,33,True,68,32,0.9605563879013062,903.5240478515625,-91427304181.54936,2025-11-20 19:00:05
er_4194304_1_7.bin.gz,erdos_renyi,51,SpecAnn,0.7370936756031579,1.0,-1066747097.0,-378220003.0000002,0.23296284675598145,0,True,59,33,True,69,32,0.9592575430870056,849.4380493164062,-85838133865.03374,2025-11-20 19:00:05
er_4194304_1_7.bin.gz,erdos_renyi,51,SpecAnn,0.7424157207132704,1.0,-1066591199.0000001,-383683101.0000003,0.23258233070373535,0,True,59,33,True,70,32,0.9579218029975891,798.9503173828125,-80623781803.49431,2025-11-20 19:00:05
er_4194304_1_7.bin.gz,erdos_renyi,51,SpecAnn,0.7476998850543153,1.0,-1067024866.9999999,-389311837.0000005,0.23275423049926758,0,True,59,33,True,71,32,0.9565479159355164,751.795654296875,-75756495265.20992,2025-11-20 19:00:06
er_4194304_1_7.bin.gz,erdos_renyi,51,SpecAnn,0.7529469661657903,1.0,-1066659077.0000006,-395199957.0000012,0.23253273963928223,0,True,59,33,True,72,32,0.9551346898078918,707.7296752929688,-71210716988.0995,2025-11-20 19:00:06
er_4194304_1_7.bin.gz,erdos_renyi,51,SpecAnn,0.7581577339883167,1.0,-1067120390.9999998,-401175655.0000011,0.23244881629943848,0,True,59,33,True,73,32,0.9536806344985962,666.5294189453125,-66963110767.25493,2025-11-20 19:00:06
er_4194304_1_7.bin.gz,erdos_renyi,51,SpecAnn,0.7633329321824984,1.0,-1067185773.0000002,-407375131.0000014,0.23315739631652832,0,True,59,33,True,74,32,0.9521844387054443,627.98876953125,-62992129557.92763,2025-11-20 19:00:06
er_4194304_1_7.bin.gz,erdos_renyi,51,SpecAnn,0.7684732793678399,1.0,-1067733957.0000002,-413717983.0000007,0.23236632347106934,0,True,59,33,True,75,32,0.9506444931030273,591.9176025390625,-59277888546.493484,2025-11-20 19:00:06
er_4194304_1_7.bin.gz,erdos_renyi,51,SpecAnn,0.7735794702875677,1.0,-1067166022.9999999,-420304109.00000054,0.2330460548400879,0,True,59,33,True,76,32,0.9490591287612915,558.1412353515625,-55802121966.41127,2025-11-20 19:00:07
er_4194304_1_7.bin.gz,erdos_renyi,51,SpecAnn,0.7786521769046981,1.0,-1067828567.0000001,-427104101.00000054,0.2326033115386963,0,True,59,33,True,77,32,0.9474266767501831,526.4988403320312,-52548020635.04043,2025-11-20 19:00:07
er_4194304_1_7.bin.gz,erdos_renyi,51,SpecAnn,0.7836920494342511,1.0,-1068232377.0000004,-434193641.00000036,0.23288798332214355,0,True,59,33,True,78,32,0.9457452297210693,496.8417053222656,-49500038530.73317,2025-11-20 19:00:07
er_4194304_1_7.bin.gz,erdos_renyi,51,SpecAnn,0.788699717316095,1.0,-1068711081.0000005,-441485533.0,0.2331407070159912,0,True,59,33,True,79,32,0.9440128207206726,469.0322570800781,-46643801462.44097,2025-11-20 19:00:07
er_4194304_1_7.bin.gz,erdos_renyi,51,SpecAnn,0.7936757901325451,1.0,-1068985355.0000002,-448983659.0000002,0.2328038215637207,0,True,59,33,True,80,32,0.9422274827957153,442.94403076171875,-43966101152.53638,2025-11-20 19:00:08
er_4194304_1_7.bin.gz,erdos_renyi,51,SpecAnn,0.7986208584745024,1.0,-1068751961.0000004,-456629883.0000003,0.23249363899230957,0,True,59,33,True,81,32,0.9403868317604065,418.4591064453125,-41454615968.36173,2025-11-20 19:00:08
er_4194304_1_7.bin.gz,erdos_renyi,51,SpecAnn,0.803535494759617,1.0,-1069961512.9999998,-464820216.9999996,0.23299098014831543,0,True,59,33,True,82,32,0.9384884238243103,395.469482421875,-39098061852.62115,2025-11-20 19:00:08
er_4194304_1_7.bin.gz,erdos_renyi,51,SpecAnn,0.8084202540056837,1.0,-1069643441.0000002,-473450477.0,0.23274922370910645,0,True,59,33,True,83,32,0.936529815196991,373.874755859375,-36885959435.703865,2025-11-20 19:00:08
er_4194304_1_7.bin.gz,erdos_renyi,51,SpecAnn,0.8132756745622272,1.0,-1070017797.0,-481977897.0000005,0.23237156867980957,0,True,59,33,True,84,32,0.934508204460144,353.5814208984375,-34808546525.012596,2025-11-20 19:00:09
er_4194304_1_7.bin.gz,erdos_renyi,51,SpecAnn,0.8181022788030096,1.0,-1070507188.9999999,-490710423.0000004,0.2326362133026123,0,True,59,33,True,85,32,0.9324207305908203,334.50360107421875,-32856859598.831604,2025-11-20 19:00:09
er_4194304_1_7.bin.gz,erdos_renyi,51,SpecAnn,0.822900573781978,1.0,-1070459498.9999999,-500012597.0,0.23262286186218262,0,True,59,33,True,86,32,0.9302639365196228,316.5612487792969,-31022534007.317135,2025-11-20 19:00:09
er_4194304_1_7.bin.gz,erdos_renyi,51,SpecAnn,0.8276710518549868,1.0,-1071275683.0000001,-509687682.9999996,0.23260903358459473,0,True,59,33,True,87,32,0.9280346632003784,299.68023681640625,-29297842162.452072,2025-11-20 19:00:09
er_4194304_1_7.bin.gz,erdos_renyi,51,SpecAnn,0.8324141912694495,1.0,-1071753196.9999998,-519840491.00000024,0.23321223258972168,0,True,59,33,True,88,32,0.9257287979125977,283.7914123535156,-27675556175.51487,2025-11-20 19:00:10
er_4194304_1_7.bin.gz,erdos_renyi,51,SpecAnn,0.8371304567239225,1.0,-1072486187.0000001,-530302569.00000006,0.2326200008392334,0,True,59,33,True,89,32,0.9233427047729492,268.8311767578125,-26149048413.230385,2025-11-20 19:00:10
er_4194304_1_7.bin.gz,erdos_renyi,51,SpecAnn,0.8418202998994706,1.0,-1073188265.0000004,-541633110.9999999,0.23246216773986816,0,True,59,33,True,90,32,0.9208716154098511,254.73953247070312,-24712049651.160995,2025-11-20 19:00:10
er_4194304_1_7.bin.gz,erdos_renyi,51,SpecAnn,0.846484159964536,1.0,-1073757021.0,-553434269.0000001,0.2325432300567627,0,True,59,33,True,91,32,0.9183109998703003,241.46151733398438,-23358827833.045994,2025-11-20 19:00:10
er_4194304_1_7.bin.gz,erdos_renyi,51,SpecAnn,0.8511224640549078,1.0,-1074135149.0000002,-565614646.9999999,0.2329576015472412,0,True,59,33,True,92,32,0.9156556129455566,228.94577026367188,-22084019411.171535,2025-11-20 19:00:10
er_4194304_1_7.bin.gz,erdos_renyi,51,SpecAnn,0.8557356277302758,1.0,-1075125021.0000002,-578231165.0000004,0.23315048217773438,0,True,59,33,True,93,32,0.9128996133804321,217.1441192626953,-20882593239.62631,2025-11-20 19:00:11
er_4194304_1_7.bin.gz,erdos_renyi,51,SpecAnn,0.8603240554087516,1.0,-1076046905.0000002,-591442529.0000005,0.23325848579406738,0,True,59,33,True,94,32,0.9100367426872253,206.01193237304688,-19749887989.333138,2025-11-20 19:00:11
er_4194304_1_7.bin.gz,erdos_renyi,51,SpecAnn,0.86488814078064,1.0,-1077100401.0,-605501226.9999996,0.23261117935180664,0,True,59,33,True,95,32,0.9070603251457214,195.50794982910156,-18681593879.224457,2025-11-20 19:00:11
er_4194304_1_7.bin.gz,erdos_renyi,51,SpecAnn,0.8694282672026621,1.0,-1077973155.0,-620110938.9999995,0.23253440856933594,0,True,59,33,True,96,32,0.9039626717567444,185.5931396484375,-17673629629.018932,2025-11-20 19:00:11
er_4194304_1_7.bin.gz,erdos_renyi,51,SpecAnn,0.8739448080737451,1.0,-1078850906.9999995,-635617305.0000001,0.23309588432312012,0,True,59,33,True,97,32,0.9007353782653809,176.2314910888672,-16722225303.380047,2025-11-20 19:00:12
er_4194304_1_7.bin.gz,erdos_renyi,51,SpecAnn,0.878438127193422,1.0,-1080083161.0,-651741078.9999992,0.2329254150390625,0,True,59,33,True,98,32,0.8973691463470459,167.3892822265625,-15823848428.357515,2025-11-20 19:00:12
er_4194304_1_7.bin.gz,erdos_renyi,51,SpecAnn,0.8829085791038153,1.0,-1081647343.0000002,-668865049.0000004,0.23275470733642578,0,True,59,33,True,99,32,0.8938538432121277,159.034912109375,-14975189224.935698,2025-11-20 19:00:12
er_4194304_1_7.bin.gz,erdos_renyi,51,SpecAnn,0.8873565094161138,1.0,-1082737641.0000002,-686863671.0000006,0.2323305606842041,0,True,59,33,True,100,32,0.890177845954895,151.13909912109375,-14173168317.941002,2025-11-20 19:00:12
er_4194304_1_7.bin.gz,erdos_renyi,51,SpecAnn,0.8917822551223932,1.0,-1084807779.0,-705670841.0000001,0.23261427879333496,0,True,59,33,True,101,32,0.8863285183906555,143.67430114746094,-13414891069.190674,2025-11-20 19:00:13
er_4194304_1_7.bin.gz,erdos_renyi,51,SpecAnn,0.8961861448935777,1.0,-1086425579.0000002,-725543695.0000002,0.2330644130706787,0,True,59,33,True,102,32,0.8822913765907288,136.61492919921875,-12697655197.422813,2025-11-20 19:00:13
er_4194304_1_7.bin.gz,erdos_renyi,51,SpecAnn,0.9005684993642872,1.0,-1088415205.0000002,-746255043.0,0.2326667308807373,0,True,59,33,True,103,32,0.8780502080917358,129.93695068359375,-12018917514.930553,2025-11-20 19:00:13
er_4194304_1_7.bin.gz,erdos_renyi,51,SpecAnn,0.9049296314052687,1.0,-1090679193.0000002,-768003858.9999998,0.23246169090270996,0,True,59,33,True,104,32,0.8735866546630859,123.6177978515625,-11376281436.098886,2025-11-20 19:00:13
er_4194304_1_7.bin.gz,erdos_renyi,51,SpecAnn,0.9092698463840683,1.0,-1093053284.9999998,-790472917.0000005,0.23292326927185059,0,True,59,33,True,105,32,0.8688799738883972,117.63652801513672,-10767510885.50016,2025-11-20 19:00:13
er_4194304_1_7.bin.gz,erdos_renyi,51,SpecAnn,0.9135894424145555,1.0,-1095970723.0000002,-813428019.0000004,0.23240041732788086,0,True,59,33,True,106,32,0.8639064431190491,111.97352600097656,-10190497834.612526,2025-11-20 19:00:14
er_4194304_1_7.bin.gz,erdos_renyi,51,SpecAnn,0.9178887105958816,1.0,-1099225461.0000005,-837364732.9999996,0.23288559913635254,0,True,59,33,True,107,32,0.8586388826370239,106.61019897460938,-9643232524.875158,2025-11-20 19:00:14
er_4194304_1_7.bin.gz,erdos_renyi,51,SpecAnn,0.9221679352414079,1.0,-1102663868.9999998,-861854191.0,0.2329261302947998,0,True,59,33,True,108,32,0.8530460000038147,101.52932739257812,-9123832292.267645,2025-11-20 19:00:14
er_4194304_1_7.bin.gz,erdos_renyi,51,SpecAnn,0.9264273940981199,1.0,-1106764607.0,-887001946.9999999,0.23252534866333008,0,True,59,33,True,109,32,0.8470919132232666,96.71484375,-8630520810.578032,2025-11-20 19:00:14
er_4194304_1_7.bin.gz,erdos_renyi,51,SpecAnn,0.9306673585570006,1.0,-1110855828.9999998,-912264754.9999999,0.4527308940887451,0,True,59,65,True,110,32,0.8407345414161682,92.15138244628906,-8161576944.455811,2025-11-20 19:00:15
er_4194304_1_7.bin.gz,erdos_renyi,51,SpecAnn,0.9348880938548185,1.0,-1115462523.0,-937472567.0,0.45185017585754395,0,True,59,65,True,111,32,0.8339246511459351,87.82481384277344,-7715381115.001985,2025-11-20 19:00:15
er_4194304_1_7.bin.gz,erdos_renyi,51,SpecAnn,0.9390898592677527,1.0,-1120269648.9999998,-961850311.0000006,0.6720790863037109,0,True,59,97,True,112,32,0.8266063332557678,83.72171020507812,-7290379791.660613,2025-11-20 19:00:16
er_4194304_1_7.bin.gz,erdos_renyi,51,SpecAnn,0.9432729082972536,1.0,-1124858342.9999998,-983390237.0,1.1099107265472412,0,True,59,161,True,113,32,0.8187126517295837,79.82954406738281,-6885071970.961878,2025-11-20 19:00:17
er_4194304_1_7.bin.gz,erdos_renyi,51,SpecAnn,0.9474374888485205,1.0,-1127588663.0,-996675947.0000002,1.9890122413635254,0,True,59,289,True,114,32,0.8101648092269897,76.13654327392578,-6498002349.662115,2025-11-20 19:00:19
er_4194304_1_7.bin.gz,erdos_renyi,51,SpecAnn,0.9515838434019475,1.0,-1121999409.0000002,-981775081.0000001,7.029413223266602,0,True,59,1025,True,115,32,0.8009129762649536,72.63159942626953,-6128077821.076848,2025-11-20 19:00:26
er_4194304_1_7.bin.gz,erdos_renyi,51,SpecAnn,0.9557122091778746,1.0,-1120874031.0,-978472461.0000001,5.939571142196655,0,True,59,865,True,116,32,0.791203498840332,69.30439758300781,-5776467387.693403,2025-11-20 19:00:32
er_4194304_1_7.bin.gz,erdos_renyi,51,SpecAnn,0.9598228182949627,1.0,-1120926453.0000002,-977889181.0000001,1.1122725009918213,0,True,59,161,True,117,32,0.7810667753219604,66.14506530761719,-5442506392.0076885,2025-11-20 19:00:33
er_4194304_1_7.bin.gz,erdos_renyi,51,SpecAnn,0.9639158979224881,1.0,-1120534967.0000002,-977566217.0000002,1.1111180782318115,0,True,59,161,True,118,32,0.7704834342002869,63.14447784423828,-5125214140.945224,2025-11-20 19:00:34
er_4194304_1_7.bin.gz,erdos_renyi,51,SpecAnn,0.9679916704268421,1.0,-1120738219.0000002,-977343722.9999999,0.6722836494445801,0,True,59,97,True,119,32,0.7594361901283264,60.29393768310547,-4823677572.5463915,2025-11-20 19:00:35
er_4194304_1_7.bin.gz,erdos_renyi,51,SpecAnn,0.9720503535125017,1.0,-1120125681.0000002,-977275455.0000002,4.840619087219238,0,True,59,705,True,120,32,0.7479050755500793,57.585289001464844,-4537027013.710751,2025-11-20 19:00:40
er_4194304_1_7.bin.gz,erdos_renyi,51,SpecAnn,0.9760921603577252,1.0,-1120128201.0,-977174383.0000001,0.45179009437561035,0,True,59,65,True,121,32,0.7358746528625488,55.01094055175781,-4264481631.9308157,2025-11-20 19:00:40
er_4194304_1_7.bin.gz,erdos_renyi,51,SpecAnn,0.9801172997452103,1.0,-1120238037.0,-977133493.0000001,0.6723439693450928,0,True,59,97,True,122,32,0.7233210206031799,52.56361389160156,-4005250070.52907,2025-11-20 19:00:41
er_4194304_1_7.bin.gz,erdos_renyi,51,SpecAnn,0.9841259761879442,1.0,-1120286241.0000002,-977016101.0,0.45285868644714355,0,True,59,65,True,123,32,0.7102261781692505,50.236572265625,-3758633746.6631413,2025-11-20 19:00:41
er_4194304_1_7.bin.gz,erdos_renyi,51,SpecAnn,0.9881183900504562,1.0,-1120145107.0,-976974087.0000001,0.4522085189819336,0,True,59,65,True,124,32,0.6965675950050354,48.023345947265625,-3523944144.767873,2025-11-20 19:00:42
er_4194304_1_7.bin.gz,erdos_renyi,51,SpecAnn,0.9920947376656813,1.0,-1120121273.0000002,-976892543.0000004,0.6714110374450684,0,True,59,97,True,125,32,0.6823235750198364,45.91796112060547,-3300549927.289195,2025-11-20 19:00:42
er_4194304_1_7.bin.gz,erdos_renyi,51,SpecAnn,0.9960552114476228,1.0,-1119896711.0000002,-976766255.0000001,7.036153554916382,0,True,59,1025,True,126,32,0.6674705147743225,43.91472625732422,-3087845763.728379,2025-11-20 19:00:50
er_4194304_1_7.bin.gz,erdos_renyi,51,SpecAnn,1.0,1.0,-1119993153.0,-976459059.0000002,7.044910192489624,0,True,59,1025,True,127,32,0.6519861221313477,42.00822830200195,-2885267281.9241614,2025-11-20 19:00:57
