instance_name,dataset,seed,solver_name,alpha,beta,energy,raw_energy,time,mode,use_local_search,local_search_iterations,eigsh_iterations,warm_start,alpha_index,precision,lambda1,degree_scale,energy_bound,timestamp
ba_128_1_5.txt,barabasi_albert_10ins_m20,42,SpecAnn-NCV,0.0,1.0,-30317.0,-22711.000000000004,0.0187141895294189,0,True,28,43,True,0,32,0.8686006665229797,129.0,-318388.61441633105,2025-11-19 21:16:28
ba_128_1_5.txt,barabasi_albert_10ins_m20,42,SpecAnn-NCV,0.0887356509416113,1.0,-30221.000000000004,-23455.0,0.0119152069091796,0,True,28,29,True,1,32,0.8586320281028748,115.48019409179688,-281748.9133447471,2025-11-19 19:13:03
ba_128_1_5.txt,barabasi_albert_10ins_m20,42,SpecAnn-NCV,0.0887356509416113,1.0,-30221.000000000004,-23455.0,0.0123598575592041,0,True,28,29,True,1,32,0.8586320281028748,115.48019409179688,-281748.9133447471,2025-11-19 21:16:28
ba_128_1_5.txt,barabasi_albert_10ins_m20,42,SpecAnn-NCV,0.1254911610276317,1.0,-30213.000000000007,-24203.0,0.0118942260742187,0,True,28,29,True,2,32,0.8541666269302368,110.3490219116211,-267829.70787863946,2025-11-19 19:13:03
ba_128_1_5.txt,barabasi_albert_10ins_m20,42,SpecAnn-NCV,0.1254911610276317,1.0,-30213.000000000007,-24203.0,0.0123705863952636,0,True,28,29,True,2,32,0.8541666269302368,110.3490219116211,-267829.70787863946,2025-11-19 21:16:28
ba_128_1_5.txt,barabasi_albert_10ins_m20,42,SpecAnn-NCV,0.1536946558735679,1.0,-30213.000000000007,-24321.000000000004,0.0172452926635742,0,True,28,43,True,3,32,0.8505954146385193,106.58424377441406,-257610.58614087617,2025-11-19 19:13:03
ba_128_1_5.txt,barabasi_albert_10ins_m20,42,SpecAnn-NCV,0.1536946558735679,1.0,-30213.000000000007,-24321.000000000004,0.0180256366729736,0,True,28,43,True,3,32,0.8505954146385193,106.58424377441406,-257610.58614087617,2025-11-19 21:16:28
ba_128_1_5.txt,barabasi_albert_10ins_m20,42,SpecAnn-NCV,0.1774713018832227,1.0,-30167.0,-24673.0,0.0172586441040039,0,True,28,43,True,4,32,0.8474827408790588,103.52180480957033,-249293.15719568403,2025-11-19 19:13:03
ba_128_1_5.txt,barabasi_albert_10ins_m20,42,SpecAnn-NCV,0.1774713018832227,1.0,-30213.000000000007,-24673.0,0.0179412364959716,0,True,28,43,True,4,32,0.8474827408790588,103.52180480957033,-249293.15719568403,2025-11-19 21:16:28
ba_128_1_5.txt,barabasi_albert_10ins_m20,42,SpecAnn-NCV,0.1984189475331362,1.0,-30223.000000000004,-24785.0,0.0173921585083007,0,True,28,43,True,5,32,0.8446599841117859,100.90520477294922,-242182.7176782873,2025-11-19 19:13:03
ba_128_1_5.txt,barabasi_albert_10ins_m20,42,SpecAnn-NCV,0.1984189475331362,1.0,-30223.000000000004,-24785.0,0.0178959369659423,0,True,28,43,True,5,32,0.8446599841117859,100.90520477294922,-242182.7176782873,2025-11-19 21:16:28
ba_128_1_5.txt,barabasi_albert_10ins_m20,42,SpecAnn-NCV,0.2173570668006655,1.0,-30223.000000000004,-24525.000000000004,0.0172369480133056,0,True,28,43,True,6,32,0.8420411944389343,98.60328674316406,-235924.1453833021,2025-11-19 19:13:03
ba_128_1_5.txt,barabasi_albert_10ins_m20,42,SpecAnn-NCV,0.2173570668006655,1.0,-30223.000000000004,-24525.000000000004,0.0179057121276855,0,True,28,43,True,6,32,0.8420411944389343,98.60328674316406,-235924.1453833021,2025-11-19 21:16:28
ba_128_1_5.txt,barabasi_albert_10ins_m20,42,SpecAnn-NCV,0.2347724648169381,1.0,-30213.000000000007,-25049.0,0.0172772407531738,0,True,28,43,True,7,32,0.8395753502845764,96.53836059570312,-230307.0641148924,2025-11-19 19:13:03
ba_128_1_5.txt,barabasi_albert_10ins_m20,42,SpecAnn-NCV,0.2347724648169381,1.0,-30223.000000000004,-25049.0,0.017958641052246,0,True,28,43,True,7,32,0.8395753502845764,96.53836059570312,-230307.0641148924,2025-11-19 21:16:28
ba_128_1_5.txt,barabasi_albert_10ins_m20,42,SpecAnn-NCV,0.2509823220552634,1.0,-29959.000000000004,-26099.0,0.0172333717346191,0,True,28,43,True,8,32,0.8372293710708618,94.65989685058594,-225194.6884414692,2025-11-19 19:13:03
ba_128_1_5.txt,barabasi_albert_10ins_m20,42,SpecAnn-NCV,0.2509823220552634,1.0,-30213.000000000007,-26099.0,0.0179007053375244,0,True,28,43,True,8,32,0.8372293710708618,94.65989685058594,-225194.6884414692,2025-11-19 21:16:28
ba_128_1_5.txt,barabasi_albert_10ins_m20,42,SpecAnn-NCV,0.2662069528248341,1.0,-30213.000000000007,-26219.000000000004,0.0171897411346435,0,True,28,43,True,9,32,0.8349802494049072,92.93293762207033,-220492.35126259417,2025-11-19 19:13:03
ba_128_1_5.txt,barabasi_albert_10ins_m20,42,SpecAnn-NCV,0.2662069528248341,1.0,-30213.000000000007,-26219.000000000004,0.0179061889648437,0,True,28,43,True,9,32,0.8349802494049072,92.93293762207033,-220492.35126259417,2025-11-19 21:16:28
ba_128_1_5.txt,barabasi_albert_10ins_m20,42,SpecAnn-NCV,0.2806067666331568,1.0,-29975.000000000004,-26945.0,0.0171828269958496,0,True,28,43,True,10,32,0.8328112959861755,91.3320770263672,-216131.26820911423,2025-11-19 19:13:03
ba_128_1_5.txt,barabasi_albert_10ins_m20,42,SpecAnn-NCV,0.2806067666331568,1.0,-29975.000000000004,-26945.0,0.0178234577178955,0,True,28,43,True,10,32,0.8328112959861755,91.3320770263672,-216131.26820911423,2025-11-19 21:16:28
ba_128_1_5.txt,barabasi_albert_10ins_m20,42,SpecAnn-NCV,0.2943028597012718,1.0,-29975.000000000004,-26945.0,0.0180227756500244,0,True,28,43,True,11,32,0.8307099938392639,89.83819580078125,-212059.6875383814,2025-11-19 21:16:28
ba_128_1_5.txt,barabasi_albert_10ins_m20,42,SpecAnn-NCV,0.3073893117471359,1.0,-29975.000000000004,-26945.0,0.0171785354614257,0,True,28,43,True,12,32,0.8286665678024292,88.43646240234375,-208237.4514494614,2025-11-19 19:13:03
ba_128_1_5.txt,barabasi_albert_10ins_m20,42,SpecAnn-NCV,0.3073893117471359,1.0,-29975.000000000004,-26945.0,0.0180563926696777,0,True,28,43,True,12,32,0.8286665678024292,88.43646240234375,-208237.4514494614,2025-11-19 21:16:28
ba_128_1_5.txt,barabasi_albert_10ins_m20,42,SpecAnn-NCV,0.3199409394316542,1.0,-29975.000000000004,-26945.0,0.0171761512756347,0,True,28,43,True,13,32,0.8266735076904297,87.1151351928711,-204632.8229087738,2025-11-19 19:13:03
ba_128_1_5.txt,barabasi_albert_10ins_m20,42,SpecAnn-NCV,0.3199409394316542,1.0,-29975.000000000004,-26945.0,0.0179107189178466,0,True,28,43,True,13,32,0.8266735076904297,87.1151351928711,-204632.8229087738,2025-11-19 21:16:28
ba_128_1_5.txt,barabasi_albert_10ins_m20,42,SpecAnn-NCV,0.3320184038158743,1.0,-29975.000000000004,-27259.0,0.0179119110107421,0,True,28,43,True,14,32,0.8247243165969849,85.86469268798828,-201219.9700412233,2025-11-19 21:16:28
ba_128_1_5.txt,barabasi_albert_10ins_m20,42,SpecAnn-NCV,0.3436716983117353,1.0,-29999.0,-27191.000000000004,0.0174636840820312,0,True,28,43,True,15,32,0.8228139877319336,84.67733764648438,-197977.8124675624,2025-11-19 19:13:03
ba_128_1_5.txt,barabasi_albert_10ins_m20,42,SpecAnn-NCV,0.3436716983117353,1.0,-30275.0,-27191.000000000004,0.0178968906402587,0,True,28,43,True,15,32,0.8228139877319336,84.67733764648438,-197977.8124675624,2025-11-19 21:16:28
ba_128_1_5.txt,barabasi_albert_10ins_m20,42,SpecAnn-NCV,0.3549426037664455,1.0,-30275.0,-27191.000000000004,0.0179526805877685,0,True,28,43,True,16,32,0.820938229560852,83.54654693603516,-194888.6941218508,2025-11-19 21:16:28
ba_128_1_5.txt,barabasi_albert_10ins_m20,42,SpecAnn-NCV,0.3658664615902029,1.0,-30275.0,-27107.0,0.017949104309082,0,True,28,43,True,17,32,0.8190934658050537,82.4668197631836,-191937.73637686137,2025-11-19 21:16:28
ba_128_1_5.txt,barabasi_albert_10ins_m20,42,SpecAnn-NCV,0.3764734830828951,1.0,-30275.0,-27107.0,0.011852741241455,0,True,28,29,True,18,32,0.8172764778137207,81.4334716796875,-189112.227477238,2025-11-19 19:13:03
ba_128_1_5.txt,barabasi_albert_10ins_m20,42,SpecAnn-NCV,0.3764734830828951,1.0,-30275.0,-27107.0,0.0122992992401123,0,True,28,29,True,18,32,0.8172764778137207,81.4334716796875,-189112.227477238,2025-11-19 21:16:28
ba_128_1_5.txt,barabasi_albert_10ins_m20,42,SpecAnn-NCV,0.3867897351437838,1.0,-30275.0,-27107.0,0.0118670463562011,0,True,28,29,True,19,32,0.815484881401062,80.4424819946289,-186401.34264658505,2025-11-19 19:13:03
ba_128_1_5.txt,barabasi_albert_10ins_m20,42,SpecAnn-NCV,0.3867897351437838,1.0,-30275.0,-27107.0,0.0123038291931152,0,True,28,29,True,19,32,0.815484881401062,80.4424819946289,-186401.34264658505,2025-11-19 21:16:28
ba_128_1_5.txt,barabasi_albert_10ins_m20,42,SpecAnn-NCV,0.3968378950662725,1.0,-30275.0,-27107.0,0.0118303298950195,0,True,28,29,True,20,32,0.8137161731719971,79.49034118652344,-183795.54037014488,2025-11-19 19:13:03
ba_128_1_5.txt,barabasi_albert_10ins_m20,42,SpecAnn-NCV,0.3968378950662725,1.0,-30275.0,-27107.0,0.0123193264007568,0,True,28,29,True,20,32,0.8137161731719971,79.49034118652344,-183795.54037014488,2025-11-19 21:16:28
ba_128_1_5.txt,barabasi_albert_10ins_m20,42,SpecAnn-NCV,0.4066378372811136,1.0,-30275.0,-27107.0,0.0123863220214843,0,True,28,29,True,21,32,0.8119683861732483,78.57398986816406,-181286.55131921027,2025-11-19 21:16:28
ba_128_1_5.txt,barabasi_albert_10ins_m20,42,SpecAnn-NCV,0.4162070956347247,1.0,-30275.0,-27107.0,0.0119924545288085,0,True,28,29,True,22,32,0.8102397322654724,77.69073486328125,-178867.08359129986,2025-11-19 19:13:03
ba_128_1_5.txt,barabasi_albert_10ins_m20,42,SpecAnn-NCV,0.4162070956347247,1.0,-30275.0,-27107.0,0.0123255252838134,0,True,28,29,True,22,32,0.8102397322654724,77.69073486328125,-178867.08359129986,2025-11-19 21:16:28
ba_128_1_5.txt,barabasi_albert_10ins_m20,42,SpecAnn-NCV,0.4255612320274539,1.0,-30275.0,-27107.0,0.0122923851013183,0,True,28,29,True,23,32,0.80852872133255,76.83820343017578,-176530.72884920202,2025-11-19 21:16:28
ba_128_1_5.txt,barabasi_albert_10ins_m20,42,SpecAnn-NCV,0.434714133601331,1.0,-30275.0,-27107.0,0.0120050907135009,0,True,28,29,True,24,32,0.8068339228630066,76.0142593383789,-174271.70420223218,2025-11-19 19:13:03
ba_128_1_5.txt,barabasi_albert_10ins_m20,42,SpecAnn-NCV,0.434714133601331,1.0,-30275.0,-27107.0,0.0123202800750732,0,True,28,29,True,24,32,0.8068339228630066,76.0142593383789,-174271.70420223218,2025-11-19 21:16:28
ba_128_1_5.txt,barabasi_albert_10ins_m20,42,SpecAnn-NCV,0.4436782547080569,1.0,-29975.000000000004,-27099.0,0.0123212337493896,0,True,28,29,True,25,32,0.8051539063453674,75.21700286865234,-172084.83075605758,2025-11-19 21:16:28
ba_128_1_5.txt,barabasi_albert_10ins_m20,42,SpecAnn-NCV,0.4524648157026343,1.0,-30275.0,-27099.0,0.0119051933288574,0,True,28,29,True,26,32,0.8034877777099609,74.44474029541016,-169965.5697541314,2025-11-19 19:13:03
ba_128_1_5.txt,barabasi_albert_10ins_m20,42,SpecAnn-NCV,0.4524648157026343,1.0,-30275.0,-27099.0,0.0123312473297119,0,True,28,29,True,26,32,0.8034877777099609,74.44474029541016,-169965.5697541314,2025-11-19 21:16:29
ba_128_1_5.txt,barabasi_albert_10ins_m20,42,SpecAnn-NCV,0.4610839676207039,1.0,-30275.0,-27099.0,0.011904239654541,0,True,28,29,True,27,32,0.8018345236778259,73.6959228515625,-167909.73386136742,2025-11-19 19:13:03
ba_128_1_5.txt,barabasi_albert_10ins_m20,42,SpecAnn-NCV,0.4610839676207039,1.0,-30275.0,-27099.0,0.0122909545898437,0,True,28,29,True,27,32,0.8018345236778259,73.6959228515625,-167909.73386136742,2025-11-19 21:16:29
ba_128_1_5.txt,barabasi_albert_10ins_m20,42,SpecAnn-NCV,0.4695449296338763,1.0,-30275.0,-27099.0,0.0118584632873535,0,True,28,29,True,28,32,0.8001930117607117,72.96916961669922,-165913.53579699382,2025-11-19 19:13:03
ba_128_1_5.txt,barabasi_albert_10ins_m20,42,SpecAnn-NCV,0.4695449296338763,1.0,-30275.0,-27099.0,0.0123288631439208,0,True,28,29,True,28,32,0.8001930117607117,72.96916961669922,-165913.53579699382,2025-11-19 21:16:29
ba_128_1_5.txt,barabasi_albert_10ins_m20,42,SpecAnn-NCV,0.4778561045889373,1.0,-29975.000000000004,-26991.0,0.0184054374694824,0,True,28,43,True,29,32,0.7985625863075256,72.26319122314453,-163973.5337148074,2025-11-19 21:16:29
ba_128_1_5.txt,barabasi_albert_10ins_m20,42,SpecAnn-NCV,0.4860251767562508,1.0,-29975.000000000004,-27007.0,0.0118939876556396,0,True,28,29,True,30,32,0.796942412853241,71.57684326171875,-162086.6109057513,2025-11-19 19:13:03
ba_128_1_5.txt,barabasi_albert_10ins_m20,42,SpecAnn-NCV,0.4860251767562508,1.0,-29975.000000000004,-27007.0,0.0123689174652099,0,True,28,29,True,30,32,0.796942412853241,71.57684326171875,-162086.6109057513,2025-11-19 21:16:29
ba_128_1_5.txt,barabasi_albert_10ins_m20,42,SpecAnn-NCV,0.4940591950252281,1.0,-29975.000000000004,-27007.0,0.0178871154785156,0,True,28,43,True,31,32,0.7953318357467651,70.90907287597656,-160249.92477305885,2025-11-19 21:16:29
ba_128_1_5.txt,barabasi_albert_10ins_m20,42,SpecAnn-NCV,0.5019646441105269,1.0,-29975.000000000004,-27007.0,0.0179083347320556,0,True,28,43,True,32,32,0.7937300205230713,70.2588882446289,-158460.76209889093,2025-11-19 21:16:29
ba_128_1_5.txt,barabasi_albert_10ins_m20,42,SpecAnn-NCV,0.5097475058154177,1.0,-29975.000000000004,-27007.0,0.0179135799407959,0,True,28,43,True,33,32,0.7921366095542908,69.62541961669922,-156716.80575421703,2025-11-19 21:16:29
ba_128_1_5.txt,barabasi_albert_10ins_m20,42,SpecAnn-NCV,0.51741331199832,1.0,-29975.000000000004,-27007.0,0.0178706645965576,0,True,28,43,True,34,32,0.790550947189331,69.00782012939453,-155015.75238595944,2025-11-19 21:16:29
ba_128_1_5.txt,barabasi_albert_10ins_m20,42,SpecAnn-NCV,0.5249671905758515,1.0,-29975.000000000004,-27007.0,0.0123767852783203,0,True,28,29,True,35,32,0.7889724969863892,68.40534210205078,-153355.56622626362,2025-11-19 21:16:29
ba_128_1_5.txt,barabasi_albert_10ins_m20,42,SpecAnn-NCV,0.5324139056496683,1.0,-29975.000000000004,-27261.0,0.0178921222686767,0,True,28,43,True,36,32,0.7874008417129517,67.81727600097656,-151734.33885491852,2025-11-19 21:16:29
ba_128_1_5.txt,barabasi_albert_10ins_m20,42,SpecAnn-NCV,0.5397578926492556,1.0,-29975.000000000004,-27261.0,0.0123002529144287,0,True,28,29,True,37,32,0.7858355045318604,67.24295043945312,-150150.252839655,2025-11-19 21:16:29
ba_128_1_5.txt,barabasi_albert_10ins_m20,42,SpecAnn-NCV,0.5470032892270364,1.0,-29975.000000000004,-27261.0,0.012366771697998,0,True,28,29,True,38,32,0.7842761874198914,66.68177795410156,-148601.72825506833,2025-11-19 21:16:29
ba_128_1_5.txt,barabasi_albert_10ins_m20,42,SpecAnn-NCV,0.554153962516942,1.0,-29975.000000000004,-27261.0,0.012510061264038,0,True,28,29,True,39,32,0.7827221751213074,66.1331787109375,-147087.1374450361,2025-11-19 21:16:29
ba_128_1_5.txt,barabasi_albert_10ins_m20,42,SpecAnn-NCV,0.5612135332663137,1.0,-30357.0,-26871.0,0.0123963356018066,0,True,28,29,True,40,32,0.7811735272407532,65.59661865234375,-145605.11470127056,2025-11-19 21:16:29
ba_128_1_5.txt,barabasi_albert_10ins_m20,42,SpecAnn-NCV,0.5681853972686127,1.0,-30357.0,-26895.000000000004,0.012343406677246,0,True,28,29,True,41,32,0.779629647731781,65.07159423828125,-144154.25084121595,2025-11-19 21:16:29
ba_128_1_5.txt,barabasi_albert_10ins_m20,42,SpecAnn-NCV,0.5750727444570146,1.0,-30357.0,-26895.000000000004,0.0123798847198486,0,True,28,29,True,42,32,0.7780904173851013,64.55764770507812,-142733.33874758694,2025-11-19 21:16:29
ba_128_1_5.txt,barabasi_albert_10ins_m20,42,SpecAnn-NCV,0.5818785759635375,1.0,-30357.0,-26895.000000000004,0.0123088359832763,0,True,28,29,True,43,32,0.7765552401542664,64.05433654785156,-141341.12778643423,2025-11-19 21:16:29
ba_128_1_5.txt,barabasi_albert_10ins_m20,42,SpecAnn-NCV,0.5886057194025436,1.0,-30357.0,-26895.000000000004,0.0123040676116943,0,True,28,29,True,44,32,0.7750240564346313,63.56124877929688,-139976.54333047871,2025-11-19 21:16:29
ba_128_1_5.txt,barabasi_albert_10ins_m20,42,SpecAnn-NCV,0.5952568425994088,1.0,-30357.0,-27179.0,0.0123381614685058,0,True,28,29,True,45,32,0.7734966278076172,63.0780029296875,-138638.5539898969,2025-11-19 21:16:29
ba_128_1_5.txt,barabasi_albert_10ins_m20,42,SpecAnn-NCV,0.6018344659534288,1.0,-30357.0,-27179.0,0.012352705001831,0,True,28,29,True,46,32,0.7719724774360657,62.60422134399414,-137326.1029145896,2025-11-19 21:16:29
ba_128_1_5.txt,barabasi_albert_10ins_m20,42,SpecAnn-NCV,0.6083409735974393,1.0,-30357.0,-27179.0,0.0123214721679687,0,True,28,29,True,47,32,0.770451545715332,62.13957595825195,-136038.32516437132,2025-11-19 21:16:29
ba_128_1_5.txt,barabasi_albert_10ins_m20,42,SpecAnn-NCV,0.6147786234942719,1.0,-30357.0,-27155.000000000004,0.0124127864837646,0,True,28,29,True,48,32,0.7689335346221924,61.68373107910156,-134774.3038372919,2025-11-19 21:16:29
ba_128_1_5.txt,barabasi_albert_10ins_m20,42,SpecAnn-NCV,0.6211495565912796,1.0,-30357.0,-27155.000000000004,0.0123648643493652,0,True,28,29,True,49,32,0.7674184441566467,61.23637390136719,-133533.23159409437,2025-11-19 21:16:29
ba_128_1_5.txt,barabasi_albert_10ins_m20,42,SpecAnn-NCV,0.6274558051381586,1.0,-30357.0,-27155.000000000004,0.0124223232269287,0,True,28,29,True,50,32,0.7659056782722473,60.79722213745117,-132314.27035592598,2025-11-19 21:16:29
ba_128_1_5.txt,barabasi_albert_10ins_m20,42,SpecAnn-NCV,0.6336993002596786,1.0,-30357.0,-27155.000000000004,0.0123543739318847,0,True,28,29,True,51,32,0.7643953561782837,60.36599349975586,-131116.71291819066,2025-11-19 21:16:29
ba_128_1_5.txt,barabasi_albert_10ins_m20,42,SpecAnn-NCV,0.6398818788633085,1.0,-30357.0,-27155.000000000004,0.0122990608215332,0,True,28,29,True,52,32,0.762887179851532,59.94243240356445,-129939.8434856364,2025-11-19 21:16:29
ba_128_1_5.txt,barabasi_albert_10ins_m20,42,SpecAnn-NCV,0.6460052899517691,1.0,-30357.0,-27155.000000000004,0.0123181343078613,0,True,28,29,True,53,32,0.7613810300827026,59.52627182006836,-128782.95786241736,2025-11-19 21:16:29
ba_128_1_5.txt,barabasi_albert_10ins_m20,42,SpecAnn-NCV,0.6520712004019966,1.0,-30357.0,-27155.000000000004,0.0123243331909179,0,True,28,29,True,54,32,0.7598767280578613,59.11729431152344,-127645.4543157899,2025-11-19 21:16:29
ba_128_1_5.txt,barabasi_albert_10ins_m20,42,SpecAnn-NCV,0.6580812002646271,1.0,-30357.0,-28003.000000000004,0.0123040676116943,0,True,28,29,True,55,32,0.7583739161491394,58.71526336669922,-126526.66496297998,2025-11-19 21:16:29
ba_128_1_5.txt,barabasi_albert_10ins_m20,42,SpecAnn-NCV,0.6640368076317485,1.0,-30357.0,-28003.000000000004,0.0123281478881835,0,True,28,29,True,56,32,0.7568727135658264,58.31997680664063,-125426.08064474745,2025-11-19 21:16:29
ba_128_1_5.txt,barabasi_albert_10ins_m20,42,SpecAnn-NCV,0.6699394731151429,1.0,-30357.0,-28003.000000000004,0.0123481750488281,0,True,28,29,True,57,32,0.7553727626800537,57.93120956420898,-124343.06767823576,2025-11-19 21:16:29
ba_128_1_5.txt,barabasi_albert_10ins_m20,42,SpecAnn-NCV,0.6757905839724513,1.0,-30357.0,-28003.000000000004,0.0122909545898437,0,True,28,29,True,58,32,0.7538740634918213,57.54877471923828,-123277.13814922172,2025-11-19 21:16:29
ba_128_1_5.txt,barabasi_albert_10ins_m20,42,SpecAnn-NCV,0.6815914679145113,1.0,-30357.0,-28003.000000000004,0.0123887062072753,0,True,28,29,True,59,32,0.7523764967918396,57.172489166259766,-122227.79625312264,2025-11-19 21:16:29
ba_128_1_5.txt,barabasi_albert_10ins_m20,42,SpecAnn-NCV,0.6873433966234707,1.0,-30357.0,-28003.000000000004,0.0122821331024169,0,True,28,29,True,60,32,0.7508798241615295,56.80217361450195,-121194.5388344492,2025-11-19 21:16:29
ba_128_1_5.txt,barabasi_albert_10ins_m20,42,SpecAnn-NCV,0.6930475890080863,1.0,-30357.0,-28003.000000000004,0.0122761726379394,0,True,28,29,True,61,32,0.7493838667869568,56.43766021728516,-120176.9008188157,2025-11-19 21:16:29
ba_128_1_5.txt,barabasi_albert_10ins_m20,42,SpecAnn-NCV,0.6987052142198116,1.0,-30357.0,-28263.0,0.012341022491455,0,True,28,29,True,62,32,0.7478887438774109,56.07877349853516,-119174.45208002006,2025-11-19 21:16:29
ba_128_1_5.txt,barabasi_albert_10ins_m20,42,SpecAnn-NCV,0.7043173944508145,1.0,-30357.0,-28263.0,0.0122637748718261,0,True,28,29,True,63,32,0.7463940382003784,55.725364685058594,-118186.73675598,2025-11-19 21:16:29
ba_128_1_5.txt,barabasi_albert_10ins_m20,42,SpecAnn-NCV,0.709885207532891,1.0,-30357.0,-28263.0,0.0123119354248046,0,True,28,29,True,64,32,0.7448998689651489,55.377288818359375,-117213.3957265894,2025-11-19 21:16:29
ba_128_1_5.txt,barabasi_albert_10ins_m20,42,SpecAnn-NCV,0.7154096893543218,1.0,-30357.0,-28263.0,0.0123095512390136,0,True,28,29,True,65,32,0.7434059977531433,55.03438568115234,-116253.9837489976,2025-11-19 21:16:29
ba_128_1_5.txt,barabasi_albert_10ins_m20,42,SpecAnn-NCV,0.7208918361100219,1.0,-30357.0,-28263.0,0.0122568607330322,0,True,28,29,True,66,32,0.7419124245643616,54.69654083251953,-115308.19282195692,2025-11-19 21:16:29
ba_128_1_5.txt,barabasi_albert_10ins_m20,42,SpecAnn-NCV,0.7263326063988248,1.0,-30357.0,-28263.0,0.0123727321624755,0,True,28,29,True,67,32,0.7404188513755798,54.36359405517578,-114375.57456702807,2025-11-19 21:16:29
ba_128_1_5.txt,barabasi_albert_10ins_m20,42,SpecAnn-NCV,0.7317329231804058,1.0,-30357.0,-28263.0,0.0123755931854248,0,True,28,29,True,68,32,0.7389253973960876,54.03544998168945,-113455.88468692428,2025-11-19 21:16:29
ba_128_1_5.txt,barabasi_albert_10ins_m20,42,SpecAnn-NCV,0.7370936756031579,1.0,-30357.0,-28263.0,0.0123612880706787,0,True,28,29,True,69,32,0.7374319434165955,53.71196746826172,-112548.74775660396,2025-11-19 21:16:29
ba_128_1_5.txt,barabasi_albert_10ins_m20,42,SpecAnn-NCV,0.7424157207132704,1.0,-30357.0,-28263.0,0.0123388767242431,0,True,28,29,True,70,32,0.7359382510185242,53.39302444458008,-111653.81298832684,2025-11-19 21:16:29
ba_128_1_5.txt,barabasi_albert_10ins_m20,42,SpecAnn-NCV,0.7476998850543153,1.0,-30357.0,-28263.0,0.0123796463012695,0,True,28,29,True,71,32,0.7344443798065186,53.078521728515625,-110770.82523328593,2025-11-19 21:16:29
ba_128_1_5.txt,barabasi_albert_10ins_m20,42,SpecAnn-NCV,0.7529469661657903,1.0,-30357.0,-28329.000000000004,0.0126090049743652,0,True,28,29,True,72,32,0.7329502105712891,52.768333435058594,-109899.4483733851,2025-11-19 21:16:29
ba_128_1_5.txt,barabasi_albert_10ins_m20,42,SpecAnn-NCV,0.7581577339883167,1.0,-30357.0,-28329.000000000004,0.0124435424804687,0,True,28,29,True,73,32,0.7314554452896118,52.462364196777344,-109039.3856021255,2025-11-19 21:16:29
ba_128_1_5.txt,barabasi_albert_10ins_m20,42,SpecAnn-NCV,0.7633329321824984,1.0,-30357.0,-28329.000000000004,0.0123176574707031,0,True,28,29,True,74,32,0.7299602031707764,52.16051864624024,-108190.4045735301,2025-11-19 21:16:29
ba_128_1_5.txt,barabasi_albert_10ins_m20,42,SpecAnn-NCV,0.7684732793678399,1.0,-30357.0,-28329.000000000004,0.0123679637908935,0,True,28,29,True,75,32,0.7284643650054932,51.86268997192383,-107352.21529303968,2025-11-19 21:16:29
ba_128_1_5.txt,barabasi_albert_10ins_m20,42,SpecAnn-NCV,0.7735794702875677,1.0,-30357.0,-28329.000000000004,0.0123007297515869,0,True,28,29,True,76,32,0.7269677519798279,51.56878662109375,-106524.552732953,2025-11-19 21:16:29
ba_128_1_5.txt,barabasi_albert_10ins_m20,42,SpecAnn-NCV,0.7786521769046981,1.0,-30183.000000000004,-28357.000000000004,0.0122838020324707,0,True,28,29,True,77,32,0.7254704833030701,51.278717041015625,-105707.1973965882,2025-11-19 21:16:29
ba_128_1_5.txt,barabasi_albert_10ins_m20,42,SpecAnn-NCV,0.7836920494342511,1.0,-30183.000000000004,-28357.000000000004,0.0123250484466552,0,True,28,29,True,78,32,0.7239723205566406,50.99239730834961,-104899.89478291976,2025-11-19 21:16:29
ba_128_1_5.txt,barabasi_albert_10ins_m20,42,SpecAnn-NCV,0.788699717316095,1.0,-30183.000000000004,-28357.000000000004,0.0123090744018554,0,True,28,29,True,79,32,0.7224733233451843,50.70973587036133,-104102.41982371504,2025-11-19 21:16:29
ba_128_1_5.txt,barabasi_albert_10ins_m20,42,SpecAnn-NCV,0.7936757901325451,1.0,-30183.000000000004,-28357.000000000004,0.012277603149414,0,True,28,29,True,80,32,0.7209733128547668,50.43065643310547,-103314.5458601242,2025-11-19 21:16:29
ba_128_1_5.txt,barabasi_albert_10ins_m20,42,SpecAnn-NCV,0.7986208584745024,1.0,-30183.000000000004,-28357.000000000004,0.0123019218444824,0,True,28,29,True,81,32,0.7194721102714539,50.15507507324219,-102536.0324452589,2025-11-19 21:16:29
ba_128_1_5.txt,barabasi_albert_10ins_m20,42,SpecAnn-NCV,0.803535494759617,1.0,-30183.000000000004,-28357.000000000004,0.0122954845428466,0,True,28,29,True,82,32,0.7179698944091797,49.8829231262207,-101766.72287687572,2025-11-19 21:16:29
ba_128_1_5.txt,barabasi_albert_10ins_m20,42,SpecAnn-NCV,0.8084202540056837,1.0,-30183.000000000004,-28357.000000000004,0.0123488903045654,0,True,28,29,True,83,32,0.71646648645401,49.6141242980957,-101006.39505872312,2025-11-19 21:16:29
ba_128_1_5.txt,barabasi_albert_10ins_m20,42,SpecAnn-NCV,0.8132756745622272,1.0,-30183.000000000004,-28357.000000000004,0.0122811794281005,0,True,28,29,True,84,32,0.7149617671966553,49.348594665527344,-100254.8215377688,2025-11-19 21:16:29
ba_128_1_5.txt,barabasi_albert_10ins_m20,42,SpecAnn-NCV,0.8181022788030096,1.0,-30183.000000000004,-28357.000000000004,0.0122742652893066,0,True,28,29,True,85,32,0.7134557366371155,49.08628082275391,-99511.8550795795,2025-11-19 21:16:29
ba_128_1_5.txt,barabasi_albert_10ins_m20,42,SpecAnn-NCV,0.822900573781978,1.0,-30183.000000000004,-28357.000000000004,0.0122177600860595,0,True,28,29,True,86,32,0.7119481563568115,48.82710647583008,-98777.26991005563,2025-11-19 21:16:29
ba_128_1_5.txt,barabasi_albert_10ins_m20,42,SpecAnn-NCV,0.8276710518549868,1.0,-30183.000000000004,-28357.000000000004,0.0122594833374023,0,True,28,29,True,87,32,0.710439145565033,48.57101440429688,-98050.93004718715,2025-11-19 21:16:29
ba_128_1_5.txt,barabasi_albert_10ins_m20,42,SpecAnn-NCV,0.8324141912694495,1.0,-30183.000000000004,-28357.000000000004,0.012272834777832,0,True,28,29,True,88,32,0.7089285254478455,48.31792449951172,-97332.61304196744,2025-11-19 21:16:29
ba_128_1_5.txt,barabasi_albert_10ins_m20,42,SpecAnn-NCV,0.8371304567239225,1.0,-30183.000000000004,-28801.0,0.0122702121734619,0,True,28,29,True,89,32,0.707416296005249,48.06779861450195,-96622.20702659158,2025-11-19 21:16:29
ba_128_1_5.txt,barabasi_albert_10ins_m20,42,SpecAnn-NCV,0.8418202998994706,1.0,-30183.000000000004,-28801.0,0.0122632980346679,0,True,28,29,True,90,32,0.7059024572372437,47.820560455322266,-95919.5241912204,2025-11-19 21:16:29
ba_128_1_5.txt,barabasi_albert_10ins_m20,42,SpecAnn-NCV,0.846484159964536,1.0,-30183.000000000004,-28801.0,0.0123515129089355,0,True,28,29,True,91,32,0.704386830329895,47.576148986816406,-95224.38432609531,2025-11-19 21:16:29
ba_128_1_5.txt,barabasi_albert_10ins_m20,42,SpecAnn-NCV,0.8511224640549078,1.0,-30183.000000000004,-28801.0,0.0123000144958496,0,True,28,29,True,92,32,0.7028693556785583,47.33452987670898,-94536.67805061705,2025-11-19 21:16:29
ba_128_1_5.txt,barabasi_albert_10ins_m20,42,SpecAnn-NCV,0.8557356277302758,1.0,-30183.000000000004,-28801.0,0.0122334957122802,0,True,28,29,True,93,32,0.7013500332832336,47.09563064575195,-93856.22860651748,2025-11-19 21:16:29
ba_128_1_5.txt,barabasi_albert_10ins_m20,42,SpecAnn-NCV,0.8603240554087516,1.0,-30069.0,-28785.0,0.0123178958892822,0,True,28,29,True,94,32,0.6998286247253418,46.8593978881836,-93182.86658387745,2025-11-19 21:16:29
ba_128_1_5.txt,barabasi_albert_10ins_m20,42,SpecAnn-NCV,0.86488814078064,1.0,-30069.0,-28785.0,0.0122785568237304,0,True,28,29,True,95,32,0.6983053088188171,46.62579345703125,-92516.50959962264,2025-11-19 21:16:29
ba_128_1_5.txt,barabasi_albert_10ins_m20,42,SpecAnn-NCV,0.8694282672026621,1.0,-30069.0,-28785.0,0.0123047828674316,0,True,28,29,True,96,32,0.6967799067497253,46.39475631713867,-91856.9829051137,2025-11-19 21:16:29
ba_128_1_5.txt,barabasi_albert_10ins_m20,42,SpecAnn-NCV,0.8739448080737451,1.0,-30069.0,-28785.0,0.0122601985931396,0,True,28,29,True,97,32,0.6952522993087769,46.16624069213867,-91204.15115377869,2025-11-19 21:16:29
ba_128_1_5.txt,barabasi_albert_10ins_m20,42,SpecAnn-NCV,0.878438127193422,1.0,-30069.0,-28785.0,0.0122544765472412,0,True,28,29,True,98,32,0.6937225461006165,45.940208435058594,-90557.91839119764,2025-11-19 21:16:29
ba_128_1_5.txt,barabasi_albert_10ins_m20,42,SpecAnn-NCV,0.8829085791038153,1.0,-31155.000000000007,-28725.0,0.0123066902160644,0,True,28,29,True,99,32,0.692190408706665,45.71659851074219,-89918.10534874653,2025-11-19 21:16:29
ba_128_1_5.txt,barabasi_albert_10ins_m20,42,SpecAnn-NCV,0.8873565094161138,1.0,-31155.000000000007,-28725.0,0.0123214721679687,0,True,28,29,True,100,32,0.6906560659408569,45.49537658691406,-89284.640672843,2025-11-19 21:16:29
ba_128_1_5.txt,barabasi_albert_10ins_m20,42,SpecAnn-NCV,0.8917822551223932,1.0,-31155.000000000007,-28725.0,0.0122528076171875,0,True,28,29,True,101,32,0.6891192197799683,45.276493072509766,-88657.36184099378,2025-11-19 21:16:29
ba_128_1_5.txt,barabasi_albert_10ins_m20,42,SpecAnn-NCV,0.8961861448935777,1.0,-31155.000000000007,-28725.0,0.0122547149658203,0,True,28,29,True,102,32,0.687579870223999,45.05991363525391,-88036.17581211071,2025-11-19 21:16:29
ba_128_1_5.txt,barabasi_albert_10ins_m20,42,SpecAnn-NCV,0.9005684993642872,1.0,-30989.000000000004,-28933.000000000004,0.0122969150543212,0,True,28,29,True,103,32,0.6860379576683044,44.84558868408203,-87420.9527064866,2025-11-19 21:16:29
ba_128_1_5.txt,barabasi_albert_10ins_m20,42,SpecAnn-NCV,0.9049296314052688,1.0,-30989.000000000004,-29297.000000000007,0.0123558044433593,0,True,28,29,True,104,32,0.6844935417175293,44.63348388671875,-86811.60835726441,2025-11-19 21:16:29
ba_128_1_5.txt,barabasi_albert_10ins_m20,42,SpecAnn-NCV,0.9049296314052688,1.0,-30989.000000000004,-29297.000000000007,0.0120975971221923,0,True,28,29,True,104,32,0.6844935417175293,44.63348388671875,-86811.60835726441,2025-11-19 19:13:04
ba_128_1_5.txt,barabasi_albert_10ins_m20,42,SpecAnn-NCV,0.9092698463840684,1.0,-30989.000000000004,-29297.000000000007,0.012317419052124,0,True,28,29,True,105,32,0.682946503162384,44.423561096191406,-86208.02898617001,2025-11-19 21:16:30
ba_128_1_5.txt,barabasi_albert_10ins_m20,42,SpecAnn-NCV,0.9092698463840684,1.0,-30989.000000000004,-29297.000000000007,0.0121402740478515,0,True,28,29,True,105,32,0.682946503162384,44.423561096191406,-86208.02898617001,2025-11-19 19:13:04
ba_128_1_5.txt,barabasi_albert_10ins_m20,42,SpecAnn-NCV,0.9135894424145556,1.0,-30989.000000000004,-29427.0,0.012263536453247,0,True,28,29,True,106,32,0.6813966035842896,44.215782165527344,-85610.08669614192,2025-11-19 21:16:30
ba_128_1_5.txt,barabasi_albert_10ins_m20,42,SpecAnn-NCV,0.9135894424145556,1.0,-30189.0,-29427.0,0.0121982097625732,0,True,28,29,True,106,32,0.6813966035842896,44.215782165527344,-85610.08669614192,2025-11-19 19:13:04
ba_128_1_5.txt,barabasi_albert_10ins_m20,42,SpecAnn-NCV,0.9178887105958816,1.0,-30989.000000000004,-29427.0,0.012387990951538,0,True,28,29,True,107,32,0.6798439621925354,44.010101318359375,-85017.6847077073,2025-11-19 21:16:30
ba_128_1_5.txt,barabasi_albert_10ins_m20,42,SpecAnn-NCV,0.922167935241408,1.0,-30989.000000000004,-29427.0,0.0122749805450439,0,True,28,29,True,108,32,0.6782884001731873,43.806488037109375,-84430.71898265871,2025-11-19 21:16:30
ba_128_1_5.txt,barabasi_albert_10ins_m20,42,SpecAnn-NCV,0.922167935241408,1.0,-30189.0,-29427.0,0.0120398998260498,0,True,28,29,True,108,32,0.6782884001731873,43.806488037109375,-84430.71898265871,2025-11-19 19:13:04
ba_128_1_5.txt,barabasi_albert_10ins_m20,42,SpecAnn-NCV,0.92642739409812,1.0,-30989.000000000004,-29047.0,0.0123665332794189,0,True,28,29,True,109,32,0.6767298579216003,43.60491561889648,-83849.10844067129,2025-11-19 21:16:30
ba_128_1_5.txt,barabasi_albert_10ins_m20,42,SpecAnn-NCV,0.92642739409812,1.0,-30947.0,-29047.0,0.0119447708129882,0,True,28,29,True,109,32,0.6767298579216003,43.60491561889648,-83849.10844067129,2025-11-19 19:13:04
ba_128_1_5.txt,barabasi_albert_10ins_m20,42,SpecAnn-NCV,0.9306673585570006,1.0,-30989.000000000004,-29047.0,0.0122842788696289,0,True,28,29,True,110,32,0.6751684546470642,43.40533828735352,-83272.75796949404,2025-11-19 21:16:30
ba_128_1_5.txt,barabasi_albert_10ins_m20,42,SpecAnn-NCV,0.9348880938548184,1.0,-30947.0,-29047.0,0.0119495391845703,0,True,28,29,True,111,32,0.673603892326355,43.20772933959961,-82701.55818132836,2025-11-19 19:13:04
ba_128_1_5.txt,barabasi_albert_10ins_m20,42,SpecAnn-NCV,0.9348880938548184,1.0,-30989.000000000004,-29047.0,0.0123028755187988,0,True,28,29,True,111,32,0.673603892326355,43.20772933959961,-82701.55818132836,2025-11-19 21:16:30
ba_128_1_5.txt,barabasi_albert_10ins_m20,42,SpecAnn-NCV,0.9390898592677528,1.0,-30989.000000000004,-29047.0,0.0122854709625244,0,True,28,29,True,112,32,0.6720361709594727,43.01205062866211,-82135.41529998143,2025-11-19 21:16:30
ba_128_1_5.txt,barabasi_albert_10ins_m20,42,SpecAnn-NCV,0.9390898592677528,1.0,-30947.0,-29047.0,0.0119156837463378,0,True,28,29,True,112,32,0.6720361709594727,43.01205062866211,-82135.41529998143,2025-11-19 19:13:04
ba_128_1_5.txt,barabasi_albert_10ins_m20,42,SpecAnn-NCV,0.9432729082972536,1.0,-30989.000000000004,-29047.0,0.0123028755187988,0,True,28,29,True,113,32,0.6704651117324829,42.81827926635742,-81574.24343831996,2025-11-19 21:16:30
ba_128_1_5.txt,barabasi_albert_10ins_m20,42,SpecAnn-NCV,0.9474374888485204,1.0,-30947.0,-29047.0,0.0119104385375976,0,True,28,29,True,114,32,0.6688908934593201,42.62636947631836,-81017.95721914027,2025-11-19 19:13:04
ba_128_1_5.txt,barabasi_albert_10ins_m20,42,SpecAnn-NCV,0.9474374888485204,1.0,-30989.000000000004,-29047.0,0.0123102664947509,0,True,28,29,True,114,32,0.6688908934593201,42.62636947631836,-81017.95721914027,2025-11-19 21:16:30
ba_128_1_5.txt,barabasi_albert_10ins_m20,42,SpecAnn-NCV,0.9515838434019476,1.0,-30989.000000000004,-28511.0,0.012338638305664,0,True,28,29,True,115,32,0.6673133373260498,42.436302185058594,-80466.4791007348,2025-11-19 21:16:30
ba_128_1_5.txt,barabasi_albert_10ins_m20,42,SpecAnn-NCV,0.9515838434019476,1.0,-30989.000000000004,-28511.0,0.0118896961212158,0,True,28,29,True,115,32,0.6673133373260498,42.436302185058594,-80466.4791007348,2025-11-19 19:13:04
ba_128_1_5.txt,barabasi_albert_10ins_m20,42,SpecAnn-NCV,0.9557122091778746,1.0,-30989.000000000004,-28511.0,0.0122787952423095,0,True,28,29,True,116,32,0.6657323241233826,42.24805068969727,-79919.72488941337,2025-11-19 21:16:30
ba_128_1_5.txt,barabasi_albert_10ins_m20,42,SpecAnn-NCV,0.9598228182949629,1.0,-30947.0,-28475.0,0.0123414993286132,0,True,28,29,True,117,32,0.6641477942466736,42.06157684326172,-79377.5965469139,2025-11-19 21:16:30
ba_128_1_5.txt,barabasi_albert_10ins_m20,42,SpecAnn-NCV,0.9598228182949629,1.0,-30947.0,-28475.0,0.0119075775146484,0,True,28,29,True,117,32,0.6641477942466736,42.06157684326172,-79377.5965469139,2025-11-19 19:13:04
ba_128_1_5.txt,barabasi_albert_10ins_m20,42,SpecAnn-NCV,0.963915897922488,1.0,-30947.0,-27943.000000000004,0.0119028091430664,0,True,28,29,True,118,32,0.6625596284866333,41.87685775756836,-78840.01837621657,2025-11-19 19:13:04
ba_128_1_5.txt,barabasi_albert_10ins_m20,42,SpecAnn-NCV,0.963915897922488,1.0,-30947.0,-27943.000000000004,0.0123636722564697,0,True,28,29,True,118,32,0.6625596284866333,41.87685775756836,-78840.01837621657,2025-11-19 21:16:30
ba_128_1_5.txt,barabasi_albert_10ins_m20,42,SpecAnn-NCV,0.967991670426842,1.0,-30947.0,-27943.000000000004,0.0118718147277832,0,True,28,29,True,119,32,0.6609678864479065,41.69386291503906,-78306.92209127122,2025-11-19 19:13:05
ba_128_1_5.txt,barabasi_albert_10ins_m20,42,SpecAnn-NCV,0.967991670426842,1.0,-30947.0,-27943.000000000004,0.0123827457427978,0,True,28,29,True,119,32,0.6609678864479065,41.69386291503906,-78306.92209127122,2025-11-19 21:16:30
ba_128_1_5.txt,barabasi_albert_10ins_m20,42,SpecAnn-NCV,0.9720503535125016,1.0,-30947.0,-27943.000000000004,0.0118546485900878,0,True,28,29,True,120,32,0.6593722701072693,41.51256942749024,-77778.21183725928,2025-11-19 19:13:05
ba_128_1_5.txt,barabasi_albert_10ins_m20,42,SpecAnn-NCV,0.9720503535125016,1.0,-30947.0,-27943.000000000004,0.0123934745788574,0,True,28,29,True,120,32,0.6593722701072693,41.51256942749024,-77778.21183725928,2025-11-19 21:16:30
ba_128_1_5.txt,barabasi_albert_10ins_m20,42,SpecAnn-NCV,0.9760921603577252,1.0,-30947.0,-27943.000000000004,0.0124163627624511,0,True,28,29,True,121,32,0.6577730178833008,41.33294296264648,-77253.83429267463,2025-11-19 21:16:30
ba_128_1_5.txt,barabasi_albert_10ins_m20,42,SpecAnn-NCV,0.9801172997452104,1.0,-30947.0,-27943.000000000004,0.0124261379241943,0,True,28,29,True,122,32,0.6561698913574219,41.15496826171875,-76733.71596741246,2025-11-19 21:16:30
ba_128_1_5.txt,barabasi_albert_10ins_m20,42,SpecAnn-NCV,0.9801172997452104,1.0,-30947.0,-27943.000000000004,0.0118587017059326,0,True,28,29,True,122,32,0.6561698913574219,41.15496826171875,-76733.71596741246,2025-11-19 19:13:05
ba_128_1_5.txt,barabasi_albert_10ins_m20,42,SpecAnn-NCV,0.9841259761879442,1.0,-30663.0,-28019.0,0.0124595165252685,0,True,28,29,True,123,32,0.6545627117156982,40.97861862182617,-76217.7696795945,2025-11-19 21:16:30
ba_128_1_5.txt,barabasi_albert_10ins_m20,42,SpecAnn-NCV,0.9881183900504562,1.0,-30663.0,-28019.0,0.0125415325164794,0,True,28,29,True,124,32,0.6529514193534851,40.803855895996094,-75705.90157100903,2025-11-19 21:16:30
ba_128_1_5.txt,barabasi_albert_10ins_m20,42,SpecAnn-NCV,0.9920947376656812,1.0,-30947.0,-28019.0,0.0119886398315429,0,True,28,29,True,125,32,0.651336133480072,40.630672454833984,-75198.09561433835,2025-11-19 19:13:05
ba_128_1_5.txt,barabasi_albert_10ins_m20,42,SpecAnn-NCV,0.9920947376656812,1.0,-30663.0,-28019.0,0.0124628543853759,0,True,28,29,True,125,32,0.651336133480072,40.630672454833984,-75198.09561433835,2025-11-19 21:16:30
ba_128_1_5.txt,barabasi_albert_10ins_m20,42,SpecAnn-NCV,0.9960552114476228,1.0,-30663.0,-28019.0,0.0126280784606933,0,True,28,29,True,126,32,0.6497166752815247,40.45904159545898,-74694.26610394473,2025-11-19 21:16:30
ba_128_1_5.txt,barabasi_albert_10ins_m20,42,SpecAnn-NCV,1.0,1.0,-30989.000000000004,-27765.0,0.0125129222869873,0,True,28,29,True,127,32,0.6480928659439087,40.2889289855957,-74194.31401510048,2025-11-19 21:16:30
ba_128_1_5.txt,barabasi_albert_10ins_m20,43,SpecAnn-NCV,0.0,1.0,-30463.0,-22711.000000000004,0.0188715457916259,0,True,35,43,True,0,32,0.8686006665229797,129.0,-318388.61441633105,2025-11-19 21:16:30
ba_128_1_5.txt,barabasi_albert_10ins_m20,43,SpecAnn-NCV,0.0887356509416113,1.0,-30597.000000000004,-23455.0,0.0124101638793945,0,True,35,29,True,1,32,0.8586320281028748,115.48019409179688,-281748.9133447471,2025-11-19 21:16:30
ba_128_1_5.txt,barabasi_albert_10ins_m20,43,SpecAnn-NCV,0.1254911610276317,1.0,-30631.000000000004,-24203.0,0.0123457908630371,0,True,35,29,True,2,32,0.854166567325592,110.3490219116211,-267829.68918920105,2025-11-19 21:16:30
ba_128_1_5.txt,barabasi_albert_10ins_m20,43,SpecAnn-NCV,0.1536946558735679,1.0,-30179.0,-24321.000000000004,0.0179181098937988,0,True,35,43,True,3,32,0.8505954146385193,106.58424377441406,-257610.58614087617,2025-11-19 21:16:30
ba_128_1_5.txt,barabasi_albert_10ins_m20,43,SpecAnn-NCV,0.1774713018832227,1.0,-30213.000000000007,-24673.0,0.0179228782653808,0,True,35,43,True,4,32,0.8474826812744141,103.52180480957033,-249293.1396625481,2025-11-19 21:16:30
ba_128_1_5.txt,barabasi_albert_10ins_m20,43,SpecAnn-NCV,0.1984189475331362,1.0,-30321.0,-24785.0,0.0179653167724609,0,True,35,43,True,5,32,0.8446599245071411,100.90520477294922,-242182.70058831605,2025-11-19 21:16:30
ba_128_1_5.txt,barabasi_albert_10ins_m20,43,SpecAnn-NCV,0.2173570668006655,1.0,-30321.0,-24525.000000000004,0.0179109573364257,0,True,35,43,True,6,32,0.8420412540435791,98.60328674316406,-235924.1620834053,2025-11-19 21:16:30
ba_128_1_5.txt,barabasi_albert_10ins_m20,43,SpecAnn-NCV,0.2347724648169381,1.0,-30321.0,-25049.0,0.0179107189178466,0,True,35,43,True,7,32,0.8395752906799316,96.53836059570312,-230307.04776451865,2025-11-19 21:16:30
ba_128_1_5.txt,barabasi_albert_10ins_m20,43,SpecAnn-NCV,0.2509823220552634,1.0,-30213.000000000007,-26099.0,0.0178933143615722,0,True,35,43,True,8,32,0.8372293710708618,94.65989685058594,-225194.6884414692,2025-11-19 21:16:30
ba_128_1_5.txt,barabasi_albert_10ins_m20,43,SpecAnn-NCV,0.2662069528248341,1.0,-30347.000000000004,-26219.000000000004,0.0178720951080322,0,True,35,43,True,9,32,0.8349801898002625,92.93293762207033,-220492.33552285863,2025-11-19 21:16:30
ba_128_1_5.txt,barabasi_albert_10ins_m20,43,SpecAnn-NCV,0.2806067666331568,1.0,-30357.0,-26945.0,0.0179364681243896,0,True,35,43,True,10,32,0.8328113555908203,91.3320770263672,-216131.28367771744,2025-11-19 21:16:30
ba_128_1_5.txt,barabasi_albert_10ins_m20,43,SpecAnn-NCV,0.2943028597012718,1.0,-30357.0,-26945.0,0.0179259777069091,0,True,35,43,True,11,32,0.8307099938392639,89.83819580078125,-212059.6875383814,2025-11-19 21:16:30
ba_128_1_5.txt,barabasi_albert_10ins_m20,43,SpecAnn-NCV,0.3073893117471359,1.0,-30357.0,-26945.0,0.017855167388916,0,True,35,43,True,12,32,0.8286665678024292,88.43646240234375,-208237.4514494614,2025-11-19 21:16:30
ba_128_1_5.txt,barabasi_albert_10ins_m20,43,SpecAnn-NCV,0.3199409394316542,1.0,-30357.0,-26945.0,0.0178363323211669,0,True,35,43,True,13,32,0.8266735076904297,87.1151351928711,-204632.8229087738,2025-11-19 21:16:30
ba_128_1_5.txt,barabasi_albert_10ins_m20,43,SpecAnn-NCV,0.3320184038158743,1.0,-30357.0,-27259.0,0.017838716506958,0,True,35,43,True,14,32,0.8247243762016296,85.86469268798828,-201219.98458383424,2025-11-19 21:16:30
ba_128_1_5.txt,barabasi_albert_10ins_m20,43,SpecAnn-NCV,0.3436716983117353,1.0,-29975.000000000004,-27191.000000000004,0.0177812576293945,0,True,35,43,True,15,32,0.8228139877319336,84.67733764648438,-197977.8124675624,2025-11-19 21:16:30
ba_128_1_5.txt,barabasi_albert_10ins_m20,43,SpecAnn-NCV,0.3549426037664455,1.0,-30149.000000000004,-27191.000000000004,0.0179228782653808,0,True,35,43,True,16,32,0.820938229560852,83.54654693603516,-194888.6941218508,2025-11-19 21:16:30
ba_128_1_5.txt,barabasi_albert_10ins_m20,43,SpecAnn-NCV,0.3658664615902029,1.0,-29975.000000000004,-27107.0,0.0177888870239257,0,True,35,43,True,17,32,0.8190934658050537,82.4668197631836,-191937.73637686137,2025-11-19 21:16:30
ba_128_1_5.txt,barabasi_albert_10ins_m20,43,SpecAnn-NCV,0.3764734830828951,1.0,-29975.000000000004,-27107.0,0.0177645683288574,0,True,35,43,True,18,32,0.8172765374183655,81.4334716796875,-189112.24126934804,2025-11-19 21:16:30
ba_128_1_5.txt,barabasi_albert_10ins_m20,43,SpecAnn-NCV,0.3867897351437838,1.0,-29975.000000000004,-27107.0,0.0122349262237548,0,True,35,29,True,19,32,0.8154848217964172,80.4424819946289,-186401.3290223155,2025-11-19 21:16:30
ba_128_1_5.txt,barabasi_albert_10ins_m20,43,SpecAnn-NCV,0.3968378950662725,1.0,-29975.000000000004,-27107.0,0.0123460292816162,0,True,35,29,True,20,32,0.8137161731719971,79.49034118652344,-183795.54037014488,2025-11-19 21:16:31
ba_128_1_5.txt,barabasi_albert_10ins_m20,43,SpecAnn-NCV,0.4066378372811136,1.0,-29975.000000000004,-27107.0,0.0123248100280761,0,True,35,29,True,21,32,0.8119683861732483,78.57398986816406,-181286.55131921027,2025-11-19 21:16:31
ba_128_1_5.txt,barabasi_albert_10ins_m20,43,SpecAnn-NCV,0.4162070956347247,1.0,-29975.000000000004,-27107.0,0.0122780799865722,0,True,35,29,True,22,32,0.8102397918701172,77.69073486328125,-178867.09674951533,2025-11-19 21:16:31
ba_128_1_5.txt,barabasi_albert_10ins_m20,43,SpecAnn-NCV,0.4255612320274539,1.0,-29975.000000000004,-27107.0,0.0123488903045654,0,True,35,29,True,23,32,0.80852872133255,76.83820343017578,-176530.72884920202,2025-11-19 21:16:31
ba_128_1_5.txt,barabasi_albert_10ins_m20,43,SpecAnn-NCV,0.434714133601331,1.0,-29975.000000000004,-27107.0,0.0122435092926025,0,True,35,29,True,24,32,0.8068338632583618,76.0142593383789,-174271.6913279557,2025-11-19 21:16:31
ba_128_1_5.txt,barabasi_albert_10ins_m20,43,SpecAnn-NCV,0.4436782547080569,1.0,-30223.000000000004,-27099.0,0.0123517513275146,0,True,35,29,True,25,32,0.8051539063453674,75.21700286865234,-172084.83075605758,2025-11-19 21:16:31
ba_128_1_5.txt,barabasi_albert_10ins_m20,43,SpecAnn-NCV,0.4524648157026343,1.0,-30223.000000000004,-27099.0,0.0123684406280517,0,True,35,29,True,26,32,0.8034878373146057,74.44474029541016,-169965.5823625838,2025-11-19 21:16:31
ba_128_1_5.txt,barabasi_albert_10ins_m20,43,SpecAnn-NCV,0.4610839676207039,1.0,-30223.000000000004,-27099.0,0.0123183727264404,0,True,35,29,True,27,32,0.8018344640731812,73.6959228515625,-167909.72137973967,2025-11-19 21:16:31
ba_128_1_5.txt,barabasi_albert_10ins_m20,43,SpecAnn-NCV,0.4695449296338763,1.0,-30223.000000000004,-27099.0,0.0123190879821777,0,True,35,29,True,28,32,0.8001930117607117,72.96916961669922,-165913.53579699382,2025-11-19 21:16:31
ba_128_1_5.txt,barabasi_albert_10ins_m20,43,SpecAnn-NCV,0.4778561045889373,1.0,-29975.000000000004,-26991.0,0.01792573928833,0,True,35,43,True,29,32,0.7985626459121704,72.26319122314453,-163973.54595377826,2025-11-19 21:16:31
ba_128_1_5.txt,barabasi_albert_10ins_m20,43,SpecAnn-NCV,0.4860251767562508,1.0,-29975.000000000004,-27007.0,0.0123891830444335,0,True,35,29,True,30,32,0.7969423532485962,71.57684326171875,-162086.59878302485,2025-11-19 21:16:31
ba_128_1_5.txt,barabasi_albert_10ins_m20,43,SpecAnn-NCV,0.4940591950252281,1.0,-29975.000000000004,-27007.0,0.0178887844085693,0,True,35,43,True,31,32,0.7953317165374756,70.90907287597656,-160249.90075380195,2025-11-19 21:16:31
ba_128_1_5.txt,barabasi_albert_10ins_m20,43,SpecAnn-NCV,0.5019646441105269,1.0,-29975.000000000004,-27007.0,0.0179643630981445,0,True,35,43,True,32,32,0.7937300205230713,70.2588882446289,-158460.76209889093,2025-11-19 21:16:31
ba_128_1_5.txt,barabasi_albert_10ins_m20,43,SpecAnn-NCV,0.5097475058154177,1.0,-29975.000000000004,-27007.0,0.0179955959320068,0,True,35,43,True,33,32,0.7921366095542908,69.62541961669922,-156716.80575421703,2025-11-19 21:16:31
ba_128_1_5.txt,barabasi_albert_10ins_m20,43,SpecAnn-NCV,0.51741331199832,1.0,-29975.000000000004,-27007.0,0.0179200172424316,0,True,35,43,True,34,32,0.7905508875846863,69.00782012939453,-155015.74069833968,2025-11-19 21:16:31
ba_128_1_5.txt,barabasi_albert_10ins_m20,43,SpecAnn-NCV,0.5249671905758515,1.0,-29975.000000000004,-27007.0,0.0123183727264404,0,True,35,29,True,35,32,0.7889724373817444,68.40534210205078,-153355.55464068355,2025-11-19 21:16:31
ba_128_1_5.txt,barabasi_albert_10ins_m20,43,SpecAnn-NCV,0.5324139056496683,1.0,-29975.000000000004,-27261.0,0.0179803371429443,0,True,35,43,True,36,32,0.7874009013175964,67.81727600097656,-151734.35034089984,2025-11-19 21:16:31
ba_128_1_5.txt,barabasi_albert_10ins_m20,43,SpecAnn-NCV,0.5397578926492556,1.0,-29975.000000000004,-27261.0,0.0123300552368164,0,True,35,29,True,37,32,0.7858355641365051,67.24295043945312,-150150.26422836477,2025-11-19 21:16:31
ba_128_1_5.txt,barabasi_albert_10ins_m20,43,SpecAnn-NCV,0.5470032892270364,1.0,-29975.000000000004,-27261.0,0.0123159885406494,0,True,35,29,True,38,32,0.7842761278152466,66.68177795410156,-148601.71696140245,2025-11-19 21:16:31
ba_128_1_5.txt,barabasi_albert_10ins_m20,43,SpecAnn-NCV,0.554153962516942,1.0,-29975.000000000004,-27261.0,0.0123207569122314,0,True,35,29,True,39,32,0.7827221751213074,66.1331787109375,-147087.1374450361,2025-11-19 21:16:31
ba_128_1_5.txt,barabasi_albert_10ins_m20,43,SpecAnn-NCV,0.5612135332663137,1.0,-30357.0,-26871.0,0.0123722553253173,0,True,35,29,True,40,32,0.7811735272407532,65.59661865234375,-145605.11470127056,2025-11-19 21:16:31
ba_128_1_5.txt,barabasi_albert_10ins_m20,43,SpecAnn-NCV,0.5681853972686127,1.0,-30357.0,-26895.000000000004,0.0123372077941894,0,True,35,29,True,41,32,0.779629647731781,65.07159423828125,-144154.25084121595,2025-11-19 21:16:31
ba_128_1_5.txt,barabasi_albert_10ins_m20,43,SpecAnn-NCV,0.5750727444570146,1.0,-30357.0,-26895.000000000004,0.0123162269592285,0,True,35,29,True,42,32,0.7780904173851013,64.55764770507812,-142733.33874758694,2025-11-19 21:16:31
ba_128_1_5.txt,barabasi_albert_10ins_m20,43,SpecAnn-NCV,0.5818785759635375,1.0,-30357.0,-26895.000000000004,0.0122904777526855,0,True,35,29,True,43,32,0.7765552401542664,64.05433654785156,-141341.12778643423,2025-11-19 21:16:31
ba_128_1_5.txt,barabasi_albert_10ins_m20,43,SpecAnn-NCV,0.5886057194025436,1.0,-30357.0,-26895.000000000004,0.0124907493591308,0,True,35,29,True,44,32,0.7750241160392761,63.56124877929688,-139976.5540956312,2025-11-19 21:16:31
ba_128_1_5.txt,barabasi_albert_10ins_m20,43,SpecAnn-NCV,0.5952568425994088,1.0,-30357.0,-27179.0,0.0123717784881591,0,True,35,29,True,45,32,0.7734965682029724,63.0780029296875,-138638.54330659012,2025-11-19 21:16:31
ba_128_1_5.txt,barabasi_albert_10ins_m20,43,SpecAnn-NCV,0.6018344659534288,1.0,-30357.0,-27179.0,0.0123353004455566,0,True,35,29,True,46,32,0.7719724774360657,62.60422134399414,-137326.1029145896,2025-11-19 21:16:31
ba_128_1_5.txt,barabasi_albert_10ins_m20,43,SpecAnn-NCV,0.6083409735974393,1.0,-30357.0,-27179.0,0.0123205184936523,0,True,35,29,True,47,32,0.7704516053199768,62.13957595825195,-136038.3356887399,2025-11-19 21:16:31
ba_128_1_5.txt,barabasi_albert_10ins_m20,43,SpecAnn-NCV,0.6147786234942719,1.0,-31215.0,-27155.000000000004,0.0123133659362792,0,True,35,29,True,48,32,0.7689335942268372,61.68373107910156,-134774.3142844556,2025-11-19 21:16:31
ba_128_1_5.txt,barabasi_albert_10ins_m20,43,SpecAnn-NCV,0.6211495565912796,1.0,-31215.0,-27155.000000000004,0.0123353004455566,0,True,35,29,True,49,32,0.7674184441566467,61.23637390136719,-133533.23159409437,2025-11-19 21:16:31
ba_128_1_5.txt,barabasi_albert_10ins_m20,43,SpecAnn-NCV,0.6274558051381586,1.0,-31215.0,-27155.000000000004,0.0122997760772705,0,True,35,29,True,50,32,0.7659057974815369,60.79722213745117,-132314.29094996335,2025-11-19 21:16:31
ba_128_1_5.txt,barabasi_albert_10ins_m20,43,SpecAnn-NCV,0.6336993002596786,1.0,-31215.0,-27155.000000000004,0.0122883319854736,0,True,35,29,True,51,32,0.7643954157829285,60.36599349975586,-131116.72314217364,2025-11-19 21:16:31
ba_128_1_5.txt,barabasi_albert_10ins_m20,43,SpecAnn-NCV,0.6398818788633085,1.0,-31215.0,-27155.000000000004,0.0122809410095214,0,True,35,29,True,52,32,0.762887179851532,59.94243240356445,-129939.8434856364,2025-11-19 21:16:31
ba_128_1_5.txt,barabasi_albert_10ins_m20,43,SpecAnn-NCV,0.6460052899517691,1.0,-31215.0,-27155.000000000004,0.0123186111450195,0,True,35,29,True,53,32,0.7613810896873474,59.52627182006836,-128782.96794417952,2025-11-19 21:16:31
ba_128_1_5.txt,barabasi_albert_10ins_m20,43,SpecAnn-NCV,0.6520712004019966,1.0,-31215.0,-27155.000000000004,0.0123283863067626,0,True,35,29,True,54,32,0.7598767280578613,59.11729431152344,-127645.4543157899,2025-11-19 21:16:31
ba_128_1_5.txt,barabasi_albert_10ins_m20,43,SpecAnn-NCV,0.6580812002646271,1.0,-30205.0,-28003.000000000004,0.0123152732849121,0,True,35,29,True,55,32,0.7583739161491394,58.71526336669922,-126526.66496297998,2025-11-19 21:16:31
ba_128_1_5.txt,barabasi_albert_10ins_m20,43,SpecAnn-NCV,0.6640368076317485,1.0,-30205.0,-28003.000000000004,0.0122859477996826,0,True,35,29,True,56,32,0.7568726539611816,58.31997680664063,-125426.07076729138,2025-11-19 21:16:31
ba_128_1_5.txt,barabasi_albert_10ins_m20,43,SpecAnn-NCV,0.6699394731151429,1.0,-30205.0,-28003.000000000004,0.0123164653778076,0,True,35,29,True,57,32,0.7553728222846985,57.93120956420898,-124343.07748984764,2025-11-19 21:16:31
ba_128_1_5.txt,barabasi_albert_10ins_m20,43,SpecAnn-NCV,0.6757905839724513,1.0,-30205.0,-28003.000000000004,0.0122973918914794,0,True,35,29,True,58,32,0.7538740634918213,57.54877471923828,-123277.13814922172,2025-11-19 21:16:31
ba_128_1_5.txt,barabasi_albert_10ins_m20,43,SpecAnn-NCV,0.6815914679145113,1.0,-30205.0,-28003.000000000004,0.0123331546783447,0,True,35,29,True,59,32,0.7523764967918396,57.172489166259766,-122227.79625312264,2025-11-19 21:16:31
ba_128_1_5.txt,barabasi_albert_10ins_m20,43,SpecAnn-NCV,0.6873433966234707,1.0,-30205.0,-28003.000000000004,0.0123491287231445,0,True,35,29,True,60,32,0.7508798241615295,56.80217361450195,-121194.5388344492,2025-11-19 21:16:31
ba_128_1_5.txt,barabasi_albert_10ins_m20,43,SpecAnn-NCV,0.6930475890080863,1.0,-30205.0,-28003.000000000004,0.0123288631439208,0,True,35,29,True,61,32,0.7493838667869568,56.43766021728516,-120176.9008188157,2025-11-19 21:16:31
ba_128_1_5.txt,barabasi_albert_10ins_m20,43,SpecAnn-NCV,0.6987052142198116,1.0,-31215.0,-28263.0,0.0123319625854492,0,True,35,29,True,62,32,0.7478887438774109,56.07877349853516,-119174.45208002006,2025-11-19 21:16:31
ba_128_1_5.txt,barabasi_albert_10ins_m20,43,SpecAnn-NCV,0.7043173944508145,1.0,-31215.0,-28263.0,0.0122809410095214,0,True,35,29,True,63,32,0.7463939785957336,55.725364685058594,-118186.72731796454,2025-11-19 21:16:31
ba_128_1_5.txt,barabasi_albert_10ins_m20,43,SpecAnn-NCV,0.709885207532891,1.0,-31215.0,-28263.0,0.0123047828674316,0,True,35,29,True,64,32,0.7448998093605042,55.377288818359375,-117213.38634752638,2025-11-19 21:16:31
ba_128_1_5.txt,barabasi_albert_10ins_m20,43,SpecAnn-NCV,0.7154096893543218,1.0,-31215.0,-28263.0,0.0123064517974853,0,True,35,29,True,65,32,0.7434060573577881,55.03438568115234,-116253.99306998428,2025-11-19 21:16:31
ba_128_1_5.txt,barabasi_albert_10ins_m20,43,SpecAnn-NCV,0.7208918361100219,1.0,-31215.0,-28263.0,0.0122904777526855,0,True,35,29,True,66,32,0.7419124245643616,54.69654083251953,-115308.19282195692,2025-11-19 21:16:31
ba_128_1_5.txt,barabasi_albert_10ins_m20,43,SpecAnn-NCV,0.7263326063988248,1.0,-31215.0,-28263.0,0.0123658180236816,0,True,35,29,True,67,32,0.7404188513755798,54.36359405517578,-114375.57456702807,2025-11-19 21:16:31
ba_128_1_5.txt,barabasi_albert_10ins_m20,43,SpecAnn-NCV,0.7317329231804058,1.0,-31215.0,-28263.0,0.0124068260192871,0,True,35,29,True,68,32,0.7389253973960876,54.03544998168945,-113455.88468692428,2025-11-19 21:16:31
ba_128_1_5.txt,barabasi_albert_10ins_m20,43,SpecAnn-NCV,0.7370936756031579,1.0,-31215.0,-28263.0,0.0124914646148681,0,True,35,29,True,69,32,0.7374319434165955,53.71196746826172,-112548.74775660396,2025-11-19 21:16:31
ba_128_1_5.txt,barabasi_albert_10ins_m20,43,SpecAnn-NCV,0.7424157207132704,1.0,-31215.0,-28263.0,0.0124194622039794,0,True,35,29,True,70,32,0.735938310623169,53.39302444458008,-111653.82203132176,2025-11-19 21:16:31
ba_128_1_5.txt,barabasi_albert_10ins_m20,43,SpecAnn-NCV,0.7476998850543153,1.0,-31215.0,-28263.0,0.012322187423706,0,True,35,29,True,71,32,0.7344443798065186,53.078521728515625,-110770.82523328593,2025-11-19 21:16:31
ba_128_1_5.txt,barabasi_albert_10ins_m20,43,SpecAnn-NCV,0.7529469661657903,1.0,-31215.0,-28329.000000000004,0.0124018192291259,0,True,35,29,True,72,32,0.7329501509666443,52.768333435058594,-109899.43943619198,2025-11-19 21:16:31
ba_128_1_5.txt,barabasi_albert_10ins_m20,43,SpecAnn-NCV,0.7581577339883167,1.0,-31215.0,-28329.000000000004,0.0122859477996826,0,True,35,29,True,73,32,0.7314554452896118,52.462364196777344,-109039.3856021255,2025-11-19 21:16:31
ba_128_1_5.txt,barabasi_albert_10ins_m20,43,SpecAnn-NCV,0.7633329321824984,1.0,-31215.0,-28329.000000000004,0.0122976303100585,0,True,35,29,True,74,32,0.7299602031707764,52.16051864624024,-108190.4045735301,2025-11-19 21:16:31
ba_128_1_5.txt,barabasi_albert_10ins_m20,43,SpecAnn-NCV,0.7684732793678399,1.0,-31215.0,-28329.000000000004,0.012298583984375,0,True,35,29,True,75,32,0.7284643650054932,51.86268997192383,-107352.21529303968,2025-11-19 21:16:31
ba_128_1_5.txt,barabasi_albert_10ins_m20,43,SpecAnn-NCV,0.7735794702875677,1.0,-31215.0,-28329.000000000004,0.0122761726379394,0,True,35,29,True,76,32,0.7269678115844727,51.56878662109375,-106524.56146698297,2025-11-19 21:16:31
ba_128_1_5.txt,barabasi_albert_10ins_m20,43,SpecAnn-NCV,0.7786521769046981,1.0,-30189.0,-28357.000000000004,0.0123302936553955,0,True,35,29,True,77,32,0.7254704833030701,51.278717041015625,-105707.1973965882,2025-11-19 21:16:31
ba_128_1_5.txt,barabasi_albert_10ins_m20,43,SpecAnn-NCV,0.7836920494342511,1.0,-30189.0,-28357.000000000004,0.0122959613800048,0,True,35,29,True,78,32,0.7239723801612854,50.99239730834961,-104899.90341932862,2025-11-19 21:16:31
ba_128_1_5.txt,barabasi_albert_10ins_m20,43,SpecAnn-NCV,0.788699717316095,1.0,-30189.0,-28357.000000000004,0.0123255252838134,0,True,35,29,True,79,32,0.7224732637405396,50.70973587036133,-104102.4112351796,2025-11-19 21:16:31
ba_128_1_5.txt,barabasi_albert_10ins_m20,43,SpecAnn-NCV,0.7936757901325451,1.0,-30189.0,-28357.000000000004,0.0123012065887451,0,True,35,29,True,80,32,0.7209732532501221,50.43065643310547,-103314.53731885548,2025-11-19 21:16:31
ba_128_1_5.txt,barabasi_albert_10ins_m20,43,SpecAnn-NCV,0.7986208584745024,1.0,-30189.0,-28357.000000000004,0.0122745037078857,0,True,35,29,True,81,32,0.7194721698760986,50.15507507324219,-102536.04093985337,2025-11-19 21:16:31
ba_128_1_5.txt,barabasi_albert_10ins_m20,43,SpecAnn-NCV,0.803535494759617,1.0,-30189.0,-28357.000000000004,0.0122594833374023,0,True,35,29,True,82,32,0.7179699540138245,49.8829231262207,-101766.73132537672,2025-11-19 21:16:31
ba_128_1_5.txt,barabasi_albert_10ins_m20,43,SpecAnn-NCV,0.8084202540056837,1.0,-30189.0,-28357.000000000004,0.0122575759887695,0,True,35,29,True,83,32,0.7164664268493652,49.6141242980957,-101006.38665574769,2025-11-19 21:16:31
ba_128_1_5.txt,barabasi_albert_10ins_m20,43,SpecAnn-NCV,0.8132756745622272,1.0,-30189.0,-28357.000000000004,0.0123109817504882,0,True,35,29,True,84,32,0.7149617671966553,49.348594665527344,-100254.8215377688,2025-11-19 21:16:31
ba_128_1_5.txt,barabasi_albert_10ins_m20,43,SpecAnn-NCV,0.8181022788030096,1.0,-30189.0,-28357.000000000004,0.0123672485351562,0,True,35,29,True,85,32,0.7134556770324707,49.08628082275391,-99511.8467660031,2025-11-19 21:16:31
ba_128_1_5.txt,barabasi_albert_10ins_m20,43,SpecAnn-NCV,0.822900573781978,1.0,-30189.0,-28357.000000000004,0.0122749805450439,0,True,35,29,True,86,32,0.7119481563568115,48.82710647583008,-98777.26991005563,2025-11-19 21:16:31
ba_128_1_5.txt,barabasi_albert_10ins_m20,43,SpecAnn-NCV,0.8276710518549868,1.0,-30189.0,-28357.000000000004,0.0123860836029052,0,True,35,29,True,87,32,0.7104390859603882,48.57101440429688,-98050.9218208797,2025-11-19 21:16:31
ba_128_1_5.txt,barabasi_albert_10ins_m20,43,SpecAnn-NCV,0.8324141912694495,1.0,-30189.0,-28357.000000000004,0.0123589038848876,0,True,35,29,True,88,32,0.7089285850524902,48.31792449951172,-97332.62122540997,2025-11-19 21:16:31
ba_128_1_5.txt,barabasi_albert_10ins_m20,43,SpecAnn-NCV,0.8371304567239225,1.0,-30189.0,-28801.0,0.0123827457427978,0,True,35,29,True,89,32,0.7074163556098938,48.06779861450195,-96622.21516767112,2025-11-19 21:16:31
ba_128_1_5.txt,barabasi_albert_10ins_m20,43,SpecAnn-NCV,0.8418202998994706,1.0,-30189.0,-28801.0,0.0124416351318359,0,True,35,29,True,90,32,0.7059023976325989,47.820560455322266,-95919.51609201476,2025-11-19 21:16:31
ba_128_1_5.txt,barabasi_albert_10ins_m20,43,SpecAnn-NCV,0.846484159964536,1.0,-30189.0,-28801.0,0.0124499797821044,0,True,35,29,True,91,32,0.704386830329895,47.576148986816406,-95224.38432609531,2025-11-19 21:16:31
ba_128_1_5.txt,barabasi_albert_10ins_m20,43,SpecAnn-NCV,0.8511224640549078,1.0,-30189.0,-28801.0,0.0124495029449462,0,True,35,29,True,92,32,0.7028692960739136,47.33452987670898,-94536.67003372876,2025-11-19 21:16:31
ba_128_1_5.txt,barabasi_albert_10ins_m20,43,SpecAnn-NCV,0.8557356277302758,1.0,-30189.0,-28801.0,0.0126032829284667,0,True,35,29,True,93,32,0.7013499736785889,47.09563064575195,-93856.22063009074,2025-11-19 21:16:31
ba_128_1_5.txt,barabasi_albert_10ins_m20,43,SpecAnn-NCV,0.8603240554087516,1.0,-30189.0,-28785.0,0.0123994350433349,0,True,35,29,True,94,32,0.6998286247253418,46.8593978881836,-93182.86658387745,2025-11-19 21:16:31
ba_128_1_5.txt,barabasi_albert_10ins_m20,43,SpecAnn-NCV,0.86488814078064,1.0,-30189.0,-28785.0,0.0123274326324462,0,True,35,29,True,95,32,0.6983052492141724,46.62579345703125,-92516.50170277062,2025-11-19 21:16:31
ba_128_1_5.txt,barabasi_albert_10ins_m20,43,SpecAnn-NCV,0.8694282672026621,1.0,-30189.0,-28785.0,0.0123381614685058,0,True,35,29,True,96,32,0.6967799067497253,46.39475631713867,-91856.9829051137,2025-11-19 21:16:31
ba_128_1_5.txt,barabasi_albert_10ins_m20,43,SpecAnn-NCV,0.8739448080737451,1.0,-30189.0,-28785.0,0.012308120727539,0,True,35,29,True,97,32,0.6952522993087769,46.16624069213867,-91204.15115377869,2025-11-19 21:16:31
ba_128_1_5.txt,barabasi_albert_10ins_m20,43,SpecAnn-NCV,0.878438127193422,1.0,-30189.0,-28785.0,0.0122954845428466,0,True,35,29,True,98,32,0.6937224864959717,45.940208435058594,-90557.91061046082,2025-11-19 21:16:32
ba_128_1_5.txt,barabasi_albert_10ins_m20,43,SpecAnn-NCV,0.8829085791038153,1.0,-30989.000000000004,-28725.0,0.0123443603515625,0,True,35,29,True,99,32,0.692190408706665,45.71659851074219,-89918.10534874653,2025-11-19 21:16:32
ba_128_1_5.txt,barabasi_albert_10ins_m20,43,SpecAnn-NCV,0.8873565094161138,1.0,-30989.000000000004,-28725.0,0.0123989582061767,0,True,35,29,True,100,32,0.6906561255455017,45.49537658691406,-89284.64837824016,2025-11-19 21:16:32
ba_128_1_5.txt,barabasi_albert_10ins_m20,43,SpecAnn-NCV,0.8917822551223932,1.0,-30989.000000000004,-28725.0,0.0124135017395019,0,True,35,29,True,101,32,0.6891191601753235,45.276493072509766,-88657.35417266817,2025-11-19 21:16:32
ba_128_1_5.txt,barabasi_albert_10ins_m20,43,SpecAnn-NCV,0.8961861448935777,1.0,-30989.000000000004,-28725.0,0.012355089187622,0,True,35,29,True,102,32,0.687579870223999,45.05991363525391,-88036.17581211071,2025-11-19 21:16:32
ba_128_1_5.txt,barabasi_albert_10ins_m20,43,SpecAnn-NCV,0.9005684993642872,1.0,-30189.0,-28933.000000000004,0.0123553276062011,0,True,35,29,True,103,32,0.6860380172729492,44.84558868408203,-87420.9603018314,2025-11-19 21:16:32
ba_128_1_5.txt,barabasi_albert_10ins_m20,43,SpecAnn-NCV,0.9049296314052688,1.0,-30989.000000000004,-29297.000000000007,0.0123956203460693,0,True,35,29,True,104,32,0.6844935417175293,44.63348388671875,-86811.60835726441,2025-11-19 21:16:32
ba_128_1_5.txt,barabasi_albert_10ins_m20,43,SpecAnn-NCV,0.9092698463840684,1.0,-30989.000000000004,-29297.000000000007,0.0122978687286376,0,True,35,29,True,105,32,0.6829465627670288,44.423561096191406,-86208.03651003743,2025-11-19 21:16:32
ba_128_1_5.txt,barabasi_albert_10ins_m20,43,SpecAnn-NCV,0.9135894424145556,1.0,-30989.000000000004,-29427.0,0.012341022491455,0,True,35,29,True,106,32,0.6813966035842896,44.215782165527344,-85610.08669614192,2025-11-19 21:16:32
ba_128_1_5.txt,barabasi_albert_10ins_m20,43,SpecAnn-NCV,0.9178887105958816,1.0,-30989.000000000004,-29427.0,0.0123281478881835,0,True,35,29,True,107,32,0.6798439621925354,44.010101318359375,-85017.6847077073,2025-11-19 21:16:32
ba_128_1_5.txt,barabasi_albert_10ins_m20,43,SpecAnn-NCV,0.922167935241408,1.0,-30989.000000000004,-29427.0,0.0123045444488525,0,True,35,29,True,108,32,0.6782883405685425,43.806488037109375,-84430.71156330286,2025-11-19 21:16:32
ba_128_1_5.txt,barabasi_albert_10ins_m20,43,SpecAnn-NCV,0.92642739409812,1.0,-30989.000000000004,-29047.0,0.0123927593231201,0,True,35,29,True,109,32,0.6767298579216003,43.60491561889648,-83849.10844067129,2025-11-19 21:16:32
ba_128_1_5.txt,barabasi_albert_10ins_m20,43,SpecAnn-NCV,0.9306673585570006,1.0,-30989.000000000004,-29047.0,0.0123209953308105,0,True,35,29,True,110,32,0.6751684546470642,43.40533828735352,-83272.75796949404,2025-11-19 21:16:32
ba_128_1_5.txt,barabasi_albert_10ins_m20,43,SpecAnn-NCV,0.9348880938548184,1.0,-30989.000000000004,-29047.0,0.0122885704040527,0,True,35,29,True,111,32,0.6736038327217102,43.20772933959961,-82701.55086338223,2025-11-19 21:16:32
ba_128_1_5.txt,barabasi_albert_10ins_m20,43,SpecAnn-NCV,0.9390898592677528,1.0,-30989.000000000004,-29047.0,0.0122978687286376,0,True,35,29,True,112,32,0.6720361113548279,43.01205062866211,-82135.40801517673,2025-11-19 21:16:32
ba_128_1_5.txt,barabasi_albert_10ins_m20,43,SpecAnn-NCV,0.9432729082972536,1.0,-30989.000000000004,-29047.0,0.0123114585876464,0,True,35,29,True,113,32,0.6704651713371277,42.81827926635742,-81574.25069030626,2025-11-19 21:16:32
ba_128_1_5.txt,barabasi_albert_10ins_m20,43,SpecAnn-NCV,0.9474374888485204,1.0,-30989.000000000004,-29047.0,0.0123031139373779,0,True,35,29,True,114,32,0.6688909530639648,42.62636947631836,-81017.96443862346,2025-11-19 21:16:32
ba_128_1_5.txt,barabasi_albert_10ins_m20,43,SpecAnn-NCV,0.9515838434019476,1.0,-30947.0,-28511.0,0.0123608112335205,0,True,35,29,True,115,32,0.6673133373260498,42.436302185058594,-80466.4791007348,2025-11-19 21:16:32
ba_128_1_5.txt,barabasi_albert_10ins_m20,43,SpecAnn-NCV,0.9557122091778746,1.0,-30947.0,-28511.0,0.0123207569122314,0,True,35,29,True,116,32,0.6657323837280273,42.24805068969727,-79919.732044822,2025-11-19 21:16:32
ba_128_1_5.txt,barabasi_albert_10ins_m20,43,SpecAnn-NCV,0.9598228182949629,1.0,-30947.0,-28475.0,0.0123794078826904,0,True,35,29,True,117,32,0.6641478538513184,42.06157684326172,-79377.60367074009,2025-11-19 21:16:32
ba_128_1_5.txt,barabasi_albert_10ins_m20,43,SpecAnn-NCV,0.963915897922488,1.0,-30989.000000000004,-27943.000000000004,0.012362003326416,0,True,35,29,True,118,32,0.6625596880912781,41.87685775756836,-78840.0254687575,2025-11-19 21:16:32
ba_128_1_5.txt,barabasi_albert_10ins_m20,43,SpecAnn-NCV,0.967991670426842,1.0,-30989.000000000004,-27943.000000000004,0.0123202800750732,0,True,35,29,True,119,32,0.6609678864479065,41.69386291503906,-78306.92209127122,2025-11-19 21:16:32
ba_128_1_5.txt,barabasi_albert_10ins_m20,43,SpecAnn-NCV,0.9720503535125016,1.0,-30989.000000000004,-27943.000000000004,0.0122876167297363,0,True,35,29,True,120,32,0.6593722701072693,41.51256942749024,-77778.21183725928,2025-11-19 21:16:32
ba_128_1_5.txt,barabasi_albert_10ins_m20,43,SpecAnn-NCV,0.9760921603577252,1.0,-30989.000000000004,-27943.000000000004,0.0122866630554199,0,True,35,29,True,121,32,0.6577730774879456,41.33294296264648,-77253.84129309456,2025-11-19 21:16:32
ba_128_1_5.txt,barabasi_albert_10ins_m20,43,SpecAnn-NCV,0.9801172997452104,1.0,-30989.000000000004,-27943.000000000004,0.012312889099121,0,True,35,29,True,122,32,0.6561699509620667,41.15496826171875,-76733.72293768942,2025-11-19 21:16:32
ba_128_1_5.txt,barabasi_albert_10ins_m20,43,SpecAnn-NCV,0.9841259761879442,1.0,-30927.000000000007,-28019.0,0.0123422145843505,0,True,35,29,True,123,32,0.6545626521110535,40.97861862182617,-76217.76273918526,2025-11-19 21:16:32
ba_128_1_5.txt,barabasi_albert_10ins_m20,43,SpecAnn-NCV,0.9881183900504562,1.0,-30927.000000000007,-28019.0,0.0123188495635986,0,True,35,29,True,124,32,0.6529514193534851,40.803855895996094,-75705.90157100903,2025-11-19 21:16:32
ba_128_1_5.txt,barabasi_albert_10ins_m20,43,SpecAnn-NCV,0.9920947376656812,1.0,-30927.000000000007,-28019.0,0.0123414993286132,0,True,35,29,True,125,32,0.651336133480072,40.630672454833984,-75198.09561433835,2025-11-19 21:16:32
ba_128_1_5.txt,barabasi_albert_10ins_m20,43,SpecAnn-NCV,0.9960552114476228,1.0,-30927.000000000007,-28019.0,0.0124509334564208,0,True,35,29,True,126,32,0.6497166752815247,40.45904159545898,-74694.26610394473,2025-11-19 21:16:32
ba_128_1_5.txt,barabasi_albert_10ins_m20,43,SpecAnn-NCV,1.0,1.0,-31127.0,-27765.0,0.0124390125274658,0,True,35,29,True,127,32,0.6480928659439087,40.2889289855957,-74194.31401510048,2025-11-19 21:16:32
ba_128_1_5.txt,barabasi_albert_10ins_m20,44,SpecAnn-NCV,0.0,1.0,-29201.0,-22711.000000000004,0.0188739299774169,0,True,32,43,True,0,32,0.868600606918335,129.0,-318388.5925680399,2025-11-19 21:16:32
ba_128_1_5.txt,barabasi_albert_10ins_m20,44,SpecAnn-NCV,0.0887356509416113,1.0,-30637.000000000007,-23455.0,0.0123319625854492,0,True,32,29,True,1,32,0.8586320281028748,115.48019409179688,-281748.9133447471,2025-11-19 21:16:32
ba_128_1_5.txt,barabasi_albert_10ins_m20,44,SpecAnn-NCV,0.1254911610276317,1.0,-30195.000000000004,-24203.0,0.0123460292816162,0,True,32,29,True,2,32,0.854166567325592,110.3490219116211,-267829.68918920105,2025-11-19 21:16:32
ba_128_1_5.txt,barabasi_albert_10ins_m20,44,SpecAnn-NCV,0.1536946558735679,1.0,-30437.000000000004,-24321.000000000004,0.0179152488708496,0,True,32,43,True,3,32,0.8505953550338745,106.58424377441406,-257610.5680890653,2025-11-19 21:16:32
ba_128_1_5.txt,barabasi_albert_10ins_m20,44,SpecAnn-NCV,0.1774713018832227,1.0,-30213.000000000007,-24673.0,0.0179438591003417,0,True,32,43,True,4,32,0.8474827408790588,103.52180480957033,-249293.15719568403,2025-11-19 21:16:32
ba_128_1_5.txt,barabasi_albert_10ins_m20,44,SpecAnn-NCV,0.1984189475331362,1.0,-30259.000000000004,-24785.0,0.0178804397583007,0,True,32,43,True,5,32,0.8446598649024963,100.90520477294922,-242182.6834983448,2025-11-19 21:16:32
ba_128_1_5.txt,barabasi_albert_10ins_m20,44,SpecAnn-NCV,0.2173570668006655,1.0,-30221.000000000004,-24525.000000000004,0.0179502964019775,0,True,32,43,True,6,32,0.8420412540435791,98.60328674316406,-235924.1620834053,2025-11-19 21:16:32
ba_128_1_5.txt,barabasi_albert_10ins_m20,44,SpecAnn-NCV,0.2347724648169381,1.0,-30259.000000000004,-25049.0,0.0179698467254638,0,True,32,43,True,7,32,0.8395753502845764,96.53836059570312,-230307.0641148924,2025-11-19 21:16:32
ba_128_1_5.txt,barabasi_albert_10ins_m20,44,SpecAnn-NCV,0.2509823220552634,1.0,-30213.000000000007,-26099.0,0.01802659034729,0,True,32,43,True,8,32,0.8372294306755066,94.65989685058594,-225194.70447369383,2025-11-19 21:16:32
ba_128_1_5.txt,barabasi_albert_10ins_m20,44,SpecAnn-NCV,0.2662069528248341,1.0,-30213.000000000007,-26219.000000000004,0.0179004669189453,0,True,32,43,True,9,32,0.8349802494049072,92.93293762207033,-220492.35126259417,2025-11-19 21:16:32
ba_128_1_5.txt,barabasi_albert_10ins_m20,44,SpecAnn-NCV,0.2806067666331568,1.0,-29975.000000000004,-26945.0,0.017923355102539,0,True,32,43,True,10,32,0.8328113555908203,91.3320770263672,-216131.28367771744,2025-11-19 21:16:32
ba_128_1_5.txt,barabasi_albert_10ins_m20,44,SpecAnn-NCV,0.2943028597012718,1.0,-29975.000000000004,-26945.0,0.018007755279541,0,True,32,43,True,11,32,0.8307099938392639,89.83819580078125,-212059.6875383814,2025-11-19 21:16:32
ba_128_1_5.txt,barabasi_albert_10ins_m20,44,SpecAnn-NCV,0.3073893117471359,1.0,-29975.000000000004,-26945.0,0.0178523063659667,0,True,32,43,True,12,32,0.828666627407074,88.43646240234375,-208237.4664276442,2025-11-19 21:16:32
ba_128_1_5.txt,barabasi_albert_10ins_m20,44,SpecAnn-NCV,0.3199409394316542,1.0,-29975.000000000004,-26945.0,0.0178048610687255,0,True,32,43,True,13,32,0.8266734480857849,87.1151351928711,-204632.8081543797,2025-11-19 21:16:32
ba_128_1_5.txt,barabasi_albert_10ins_m20,44,SpecAnn-NCV,0.3320184038158743,1.0,-29975.000000000004,-27259.0,0.0178468227386474,0,True,32,43,True,14,32,0.8247243165969849,85.86469268798828,-201219.9700412233,2025-11-19 21:16:32
ba_128_1_5.txt,barabasi_albert_10ins_m20,44,SpecAnn-NCV,0.3436716983117353,1.0,-30037.000000000007,-27191.000000000004,0.0177648067474365,0,True,32,43,True,15,32,0.822813868522644,84.67733764648438,-197977.7837845372,2025-11-19 21:16:32
ba_128_1_5.txt,barabasi_albert_10ins_m20,44,SpecAnn-NCV,0.3549426037664455,1.0,-29999.0,-27191.000000000004,0.0178973674774169,0,True,32,43,True,16,32,0.820938229560852,83.54654693603516,-194888.6941218508,2025-11-19 21:16:32
ba_128_1_5.txt,barabasi_albert_10ins_m20,44,SpecAnn-NCV,0.3658664615902029,1.0,-29999.0,-27107.0,0.0179274082183837,0,True,32,43,True,17,32,0.8190934658050537,82.4668197631836,-191937.73637686137,2025-11-19 21:16:32
ba_128_1_5.txt,barabasi_albert_10ins_m20,44,SpecAnn-NCV,0.3764734830828951,1.0,-29999.0,-27107.0,0.0178034305572509,0,True,32,43,True,18,32,0.8172765374183655,81.4334716796875,-189112.24126934804,2025-11-19 21:16:32
ba_128_1_5.txt,barabasi_albert_10ins_m20,44,SpecAnn-NCV,0.3867897351437838,1.0,-29999.0,-27107.0,0.0122578144073486,0,True,32,29,True,19,32,0.815484881401062,80.4424819946289,-186401.34264658505,2025-11-19 21:16:32
ba_128_1_5.txt,barabasi_albert_10ins_m20,44,SpecAnn-NCV,0.3968378950662725,1.0,-29999.0,-27107.0,0.0125222206115722,0,True,32,29,True,20,32,0.8137161731719971,79.49034118652344,-183795.54037014488,2025-11-19 21:16:32
ba_128_1_5.txt,barabasi_albert_10ins_m20,44,SpecAnn-NCV,0.4066378372811136,1.0,-29999.0,-27107.0,0.0122745037078857,0,True,32,29,True,21,32,0.8119684457778931,78.57398986816406,-181286.56462701963,2025-11-19 21:16:32
ba_128_1_5.txt,barabasi_albert_10ins_m20,44,SpecAnn-NCV,0.4162070956347247,1.0,-29999.0,-27107.0,0.0122809410095214,0,True,32,29,True,22,32,0.810239851474762,77.69073486328125,-178867.1099077308,2025-11-19 21:16:32
ba_128_1_5.txt,barabasi_albert_10ins_m20,44,SpecAnn-NCV,0.4255612320274539,1.0,-29999.0,-27107.0,0.0123424530029296,0,True,32,29,True,23,32,0.80852872133255,76.83820343017578,-176530.72884920202,2025-11-19 21:16:32
ba_128_1_5.txt,barabasi_albert_10ins_m20,44,SpecAnn-NCV,0.434714133601331,1.0,-29999.0,-27107.0,0.0122663974761962,0,True,32,29,True,24,32,0.8068338632583618,76.0142593383789,-174271.6913279557,2025-11-19 21:16:32
ba_128_1_5.txt,barabasi_albert_10ins_m20,44,SpecAnn-NCV,0.4436782547080569,1.0,-29975.000000000004,-27099.0,0.0123376846313476,0,True,32,29,True,25,32,0.8051539063453674,75.21700286865234,-172084.83075605758,2025-11-19 21:16:32
ba_128_1_5.txt,barabasi_albert_10ins_m20,44,SpecAnn-NCV,0.4524648157026343,1.0,-29975.000000000004,-27099.0,0.0123400688171386,0,True,32,29,True,26,32,0.8034878373146057,74.44474029541016,-169965.5823625838,2025-11-19 21:16:32
ba_128_1_5.txt,barabasi_albert_10ins_m20,44,SpecAnn-NCV,0.4610839676207039,1.0,-29975.000000000004,-27099.0,0.0123472213745117,0,True,32,29,True,27,32,0.8018344640731812,73.6959228515625,-167909.72137973967,2025-11-19 21:16:32
ba_128_1_5.txt,barabasi_albert_10ins_m20,44,SpecAnn-NCV,0.4695449296338763,1.0,-29975.000000000004,-27099.0,0.0179617404937744,0,True,32,43,True,28,32,0.8001930713653564,72.96916961669922,-165913.54815553385,2025-11-19 21:16:32
ba_128_1_5.txt,barabasi_albert_10ins_m20,44,SpecAnn-NCV,0.4778561045889373,1.0,-29975.000000000004,-26991.0,0.0123155117034912,0,True,32,29,True,29,32,0.7985625863075256,72.26319122314453,-163973.5337148074,2025-11-19 21:16:32
ba_128_1_5.txt,barabasi_albert_10ins_m20,44,SpecAnn-NCV,0.4860251767562508,1.0,-29975.000000000004,-27007.0,0.0179955959320068,0,True,32,43,True,30,32,0.7969423532485962,71.57684326171875,-162086.59878302485,2025-11-19 21:16:32
ba_128_1_5.txt,barabasi_albert_10ins_m20,44,SpecAnn-NCV,0.4940591950252281,1.0,-29975.000000000004,-27007.0,0.0178413391113281,0,True,32,43,True,31,32,0.7953317165374756,70.90907287597656,-160249.90075380195,2025-11-19 21:16:32
ba_128_1_5.txt,barabasi_albert_10ins_m20,44,SpecAnn-NCV,0.5019646441105269,1.0,-29975.000000000004,-27007.0,0.0179495811462402,0,True,32,43,True,32,32,0.7937300801277161,70.2588882446289,-158460.77399839982,2025-11-19 21:16:33
ba_128_1_5.txt,barabasi_albert_10ins_m20,44,SpecAnn-NCV,0.5097475058154177,1.0,-29975.000000000004,-27007.0,0.0180175304412841,0,True,32,43,True,33,32,0.792136549949646,69.62541961669922,-156716.79396199656,2025-11-19 21:16:33
ba_128_1_5.txt,barabasi_albert_10ins_m20,44,SpecAnn-NCV,0.51741331199832,1.0,-29975.000000000004,-27007.0,0.0180304050445556,0,True,32,43,True,34,32,0.7905508875846863,69.00782012939453,-155015.74069833968,2025-11-19 21:16:33
ba_128_1_5.txt,barabasi_albert_10ins_m20,44,SpecAnn-NCV,0.5249671905758515,1.0,-29975.000000000004,-27007.0,0.0123519897460937,0,True,32,29,True,35,32,0.7889724373817444,68.40534210205078,-153355.55464068355,2025-11-19 21:16:33
ba_128_1_5.txt,barabasi_albert_10ins_m20,44,SpecAnn-NCV,0.5324139056496683,1.0,-29689.000000000004,-27261.0,0.0179038047790527,0,True,32,43,True,36,32,0.7874009013175964,67.81727600097656,-151734.35034089984,2025-11-19 21:16:33
ba_128_1_5.txt,barabasi_albert_10ins_m20,44,SpecAnn-NCV,0.5397578926492556,1.0,-29689.000000000004,-27261.0,0.0123271942138671,0,True,32,29,True,37,32,0.7858355045318604,67.24295043945312,-150150.252839655,2025-11-19 21:16:33
ba_128_1_5.txt,barabasi_albert_10ins_m20,44,SpecAnn-NCV,0.5470032892270364,1.0,-29689.000000000004,-27261.0,0.0122632980346679,0,True,32,29,True,38,32,0.7842761278152466,66.68177795410156,-148601.71696140245,2025-11-19 21:16:33
ba_128_1_5.txt,barabasi_albert_10ins_m20,44,SpecAnn-NCV,0.554153962516942,1.0,-29689.000000000004,-27261.0,0.0123155117034912,0,True,32,29,True,39,32,0.7827222347259521,66.1331787109375,-147087.14864578762,2025-11-19 21:16:33
ba_128_1_5.txt,barabasi_albert_10ins_m20,44,SpecAnn-NCV,0.5612135332663137,1.0,-30709.000000000004,-26871.0,0.0123536586761474,0,True,32,29,True,40,32,0.781173586845398,65.59661865234375,-145605.1258111467,2025-11-19 21:16:33
ba_128_1_5.txt,barabasi_albert_10ins_m20,44,SpecAnn-NCV,0.5681853972686127,1.0,-30357.0,-26895.000000000004,0.012378454208374,0,True,32,29,True,41,32,0.779629647731781,65.07159423828125,-144154.25084121595,2025-11-19 21:16:33
ba_128_1_5.txt,barabasi_albert_10ins_m20,44,SpecAnn-NCV,0.5750727444570146,1.0,-30357.0,-26895.000000000004,0.0123372077941894,0,True,32,29,True,42,32,0.7780903577804565,64.55764770507812,-142733.32781367775,2025-11-19 21:16:33
ba_128_1_5.txt,barabasi_albert_10ins_m20,44,SpecAnn-NCV,0.5818785759635375,1.0,-30357.0,-26895.000000000004,0.012253999710083,0,True,32,29,True,43,32,0.7765552401542664,64.05433654785156,-141341.12778643423,2025-11-19 21:16:33
ba_128_1_5.txt,barabasi_albert_10ins_m20,44,SpecAnn-NCV,0.5886057194025436,1.0,-30357.0,-26895.000000000004,0.0123674869537353,0,True,32,29,True,44,32,0.7750240564346313,63.56124877929688,-139976.54333047871,2025-11-19 21:16:33
ba_128_1_5.txt,barabasi_albert_10ins_m20,44,SpecAnn-NCV,0.5952568425994088,1.0,-30477.000000000004,-27179.0,0.0123612880706787,0,True,32,29,True,45,32,0.7734965682029724,63.0780029296875,-138638.54330659012,2025-11-19 21:16:33
ba_128_1_5.txt,barabasi_albert_10ins_m20,44,SpecAnn-NCV,0.6018344659534288,1.0,-30477.000000000004,-27179.0,0.0123465061187744,0,True,32,29,True,46,32,0.7719724774360657,62.60422134399414,-137326.1029145896,2025-11-19 21:16:33
ba_128_1_5.txt,barabasi_albert_10ins_m20,44,SpecAnn-NCV,0.6083409735974393,1.0,-30477.000000000004,-27179.0,0.0122988224029541,0,True,32,29,True,47,32,0.770451545715332,62.13957595825195,-136038.32516437132,2025-11-19 21:16:33
ba_128_1_5.txt,barabasi_albert_10ins_m20,44,SpecAnn-NCV,0.6147786234942719,1.0,-31155.000000000007,-27155.000000000004,0.0123181343078613,0,True,32,29,True,48,32,0.7689335942268372,61.68373107910156,-134774.3142844556,2025-11-19 21:16:33
ba_128_1_5.txt,barabasi_albert_10ins_m20,44,SpecAnn-NCV,0.6211495565912796,1.0,-31155.000000000007,-27155.000000000004,0.0123193264007568,0,True,32,29,True,49,32,0.7674184441566467,61.23637390136719,-133533.23159409437,2025-11-19 21:16:33
ba_128_1_5.txt,barabasi_albert_10ins_m20,44,SpecAnn-NCV,0.6274558051381586,1.0,-31155.000000000007,-27155.000000000004,0.0123295783996582,0,True,32,29,True,50,32,0.7659057378768921,60.79722213745117,-132314.28065294467,2025-11-19 21:16:33
ba_128_1_5.txt,barabasi_albert_10ins_m20,44,SpecAnn-NCV,0.6336993002596786,1.0,-31155.000000000007,-27155.000000000004,0.0123047828674316,0,True,32,29,True,51,32,0.7643952965736389,60.36599349975586,-131116.70269420772,2025-11-19 21:16:33
ba_128_1_5.txt,barabasi_albert_10ins_m20,44,SpecAnn-NCV,0.6398818788633085,1.0,-31155.000000000007,-27155.000000000004,0.0122637748718261,0,True,32,29,True,52,32,0.7628872394561768,59.94243240356445,-129939.85363788226,2025-11-19 21:16:33
ba_128_1_5.txt,barabasi_albert_10ins_m20,44,SpecAnn-NCV,0.6460052899517691,1.0,-31155.000000000007,-27155.000000000004,0.012352705001831,0,True,32,29,True,53,32,0.7613810300827026,59.52627182006836,-128782.95786241736,2025-11-19 21:16:33
ba_128_1_5.txt,barabasi_albert_10ins_m20,44,SpecAnn-NCV,0.6520712004019966,1.0,-31155.000000000007,-27155.000000000004,0.0122835636138916,0,True,32,29,True,54,32,0.7598766684532166,59.11729431152344,-127645.44430329488,2025-11-19 21:16:33
ba_128_1_5.txt,barabasi_albert_10ins_m20,44,SpecAnn-NCV,0.6580812002646271,1.0,-30693.0,-28003.000000000004,0.0123035907745361,0,True,32,29,True,55,32,0.7583739161491394,58.71526336669922,-126526.66496297998,2025-11-19 21:16:33
ba_128_1_5.txt,barabasi_albert_10ins_m20,44,SpecAnn-NCV,0.6640368076317485,1.0,-30693.0,-28003.000000000004,0.0123355388641357,0,True,32,29,True,56,32,0.7568727135658264,58.31997680664063,-125426.08064474745,2025-11-19 21:16:33
ba_128_1_5.txt,barabasi_albert_10ins_m20,44,SpecAnn-NCV,0.6699394731151429,1.0,-30693.0,-28003.000000000004,0.0123231410980224,0,True,32,29,True,57,32,0.7553728222846985,57.93120956420898,-124343.07748984764,2025-11-19 21:16:33
ba_128_1_5.txt,barabasi_albert_10ins_m20,44,SpecAnn-NCV,0.6757905839724513,1.0,-30693.0,-28003.000000000004,0.0123374462127685,0,True,32,29,True,58,32,0.7538740634918213,57.54877471923828,-123277.13814922172,2025-11-19 21:16:33
ba_128_1_5.txt,barabasi_albert_10ins_m20,44,SpecAnn-NCV,0.6815914679145113,1.0,-30693.0,-28003.000000000004,0.012355089187622,0,True,32,29,True,59,32,0.7523764371871948,57.172489166259766,-122227.78657001266,2025-11-19 21:16:33
ba_128_1_5.txt,barabasi_albert_10ins_m20,44,SpecAnn-NCV,0.6873433966234707,1.0,-30693.0,-28003.000000000004,0.0123286247253417,0,True,32,29,True,60,32,0.7508797645568848,56.80217361450195,-121194.52921405828,2025-11-19 21:16:33
ba_128_1_5.txt,barabasi_albert_10ins_m20,44,SpecAnn-NCV,0.6930475890080863,1.0,-30693.0,-28003.000000000004,0.0122492313385009,0,True,32,29,True,61,32,0.7493839263916016,56.43766021728516,-120176.91037747022,2025-11-19 21:16:33
ba_128_1_5.txt,barabasi_albert_10ins_m20,44,SpecAnn-NCV,0.6987052142198116,1.0,-30693.000000000004,-28263.0,0.0123233795166015,0,True,32,29,True,62,32,0.7478886842727661,56.07877349853516,-119174.44258214896,2025-11-19 21:16:33
ba_128_1_5.txt,barabasi_albert_10ins_m20,44,SpecAnn-NCV,0.7043173944508145,1.0,-30693.000000000004,-28263.0,0.0122928619384765,0,True,32,29,True,63,32,0.7463940382003784,55.725364685058594,-118186.73675598,2025-11-19 21:16:33
ba_128_1_5.txt,barabasi_albert_10ins_m20,44,SpecAnn-NCV,0.709885207532891,1.0,-30693.000000000004,-28263.0,0.0122578144073486,0,True,32,29,True,64,32,0.7448999285697937,55.377288818359375,-117213.40510565242,2025-11-19 21:16:33
ba_128_1_5.txt,barabasi_albert_10ins_m20,44,SpecAnn-NCV,0.7154096893543218,1.0,-30693.000000000004,-28263.0,0.0122935771942138,0,True,32,29,True,65,32,0.7434059977531433,55.03438568115234,-116253.9837489976,2025-11-19 21:16:33
ba_128_1_5.txt,barabasi_albert_10ins_m20,44,SpecAnn-NCV,0.7208918361100219,1.0,-30693.000000000004,-28263.0,0.0123083591461181,0,True,32,29,True,66,32,0.7419124245643616,54.69654083251953,-115308.19282195692,2025-11-19 21:16:33
ba_128_1_5.txt,barabasi_albert_10ins_m20,44,SpecAnn-NCV,0.7263326063988248,1.0,-30693.000000000004,-28263.0,0.0123367309570312,0,True,32,29,True,67,32,0.7404188513755798,54.36359405517578,-114375.57456702807,2025-11-19 21:16:33
ba_128_1_5.txt,barabasi_albert_10ins_m20,44,SpecAnn-NCV,0.7317329231804058,1.0,-30693.000000000004,-28263.0,0.0123288631439208,0,True,32,29,True,68,32,0.7389253973960876,54.03544998168945,-113455.88468692428,2025-11-19 21:16:33
ba_128_1_5.txt,barabasi_albert_10ins_m20,44,SpecAnn-NCV,0.7370936756031579,1.0,-30693.000000000004,-28263.0,0.012326955795288,0,True,32,29,True,69,32,0.7374319434165955,53.71196746826172,-112548.74775660396,2025-11-19 21:16:33
ba_128_1_5.txt,barabasi_albert_10ins_m20,44,SpecAnn-NCV,0.7424157207132704,1.0,-30693.000000000004,-28263.0,0.0123147964477539,0,True,32,29,True,70,32,0.7359382510185242,53.39302444458008,-111653.81298832684,2025-11-19 21:16:33
ba_128_1_5.txt,barabasi_albert_10ins_m20,44,SpecAnn-NCV,0.7476998850543153,1.0,-30693.000000000004,-28263.0,0.012270450592041,0,True,32,29,True,71,32,0.7344443798065186,53.078521728515625,-110770.82523328593,2025-11-19 21:16:33
ba_128_1_5.txt,barabasi_albert_10ins_m20,44,SpecAnn-NCV,0.7529469661657903,1.0,-30947.0,-28329.000000000004,0.0122976303100585,0,True,32,29,True,72,32,0.7329500913619995,52.768333435058594,-109899.43049899886,2025-11-19 21:16:33
ba_128_1_5.txt,barabasi_albert_10ins_m20,44,SpecAnn-NCV,0.7581577339883167,1.0,-30947.0,-28329.000000000004,0.0123341083526611,0,True,32,29,True,73,32,0.731455385684967,52.462364196777344,-109039.37671675337,2025-11-19 21:16:33
ba_128_1_5.txt,barabasi_albert_10ins_m20,44,SpecAnn-NCV,0.7633329321824984,1.0,-30947.0,-28329.000000000004,0.0123729705810546,0,True,32,29,True,74,32,0.7299601435661316,52.16051864624024,-108190.39573928052,2025-11-19 21:16:33
ba_128_1_5.txt,barabasi_albert_10ins_m20,44,SpecAnn-NCV,0.7684732793678399,1.0,-30947.0,-28329.000000000004,0.0123751163482666,0,True,32,29,True,75,32,0.7284643650054932,51.86268997192383,-107352.21529303968,2025-11-19 21:16:33
ba_128_1_5.txt,barabasi_albert_10ins_m20,44,SpecAnn-NCV,0.7735794702875677,1.0,-30947.0,-28329.000000000004,0.0123941898345947,0,True,32,29,True,76,32,0.7269677519798279,51.56878662109375,-106524.552732953,2025-11-19 21:16:33
ba_128_1_5.txt,barabasi_albert_10ins_m20,44,SpecAnn-NCV,0.7786521769046981,1.0,-30989.000000000004,-28357.000000000004,0.0124387741088867,0,True,32,29,True,77,32,0.7254705429077148,51.278717041015625,-105707.20608149005,2025-11-19 21:16:33
ba_128_1_5.txt,barabasi_albert_10ins_m20,44,SpecAnn-NCV,0.7836920494342511,1.0,-30989.000000000004,-28357.000000000004,0.0124416351318359,0,True,32,29,True,78,32,0.7239723205566406,50.99239730834961,-104899.89478291976,2025-11-19 21:16:33
ba_128_1_5.txt,barabasi_albert_10ins_m20,44,SpecAnn-NCV,0.788699717316095,1.0,-30989.000000000004,-28357.000000000004,0.0124690532684326,0,True,32,29,True,79,32,0.7224733233451843,50.70973587036133,-104102.41982371504,2025-11-19 21:16:33
ba_128_1_5.txt,barabasi_albert_10ins_m20,44,SpecAnn-NCV,0.7936757901325451,1.0,-30989.000000000004,-28357.000000000004,0.0123457908630371,0,True,32,29,True,80,32,0.7209733128547668,50.43065643310547,-103314.5458601242,2025-11-19 21:16:33
ba_128_1_5.txt,barabasi_albert_10ins_m20,44,SpecAnn-NCV,0.7986208584745024,1.0,-30989.000000000004,-28357.000000000004,0.0122883319854736,0,True,32,29,True,81,32,0.7194721102714539,50.15507507324219,-102536.0324452589,2025-11-19 21:16:33
ba_128_1_5.txt,barabasi_albert_10ins_m20,44,SpecAnn-NCV,0.803535494759617,1.0,-30989.000000000004,-28357.000000000004,0.0123453140258789,0,True,32,29,True,82,32,0.7179698944091797,49.8829231262207,-101766.72287687572,2025-11-19 21:16:33
ba_128_1_5.txt,barabasi_albert_10ins_m20,44,SpecAnn-NCV,0.8084202540056837,1.0,-30989.000000000004,-28357.000000000004,0.0122425556182861,0,True,32,29,True,83,32,0.7164664268493652,49.6141242980957,-101006.38665574769,2025-11-19 21:16:33
ba_128_1_5.txt,barabasi_albert_10ins_m20,44,SpecAnn-NCV,0.8132756745622272,1.0,-30989.000000000004,-28357.000000000004,0.0122971534729003,0,True,32,29,True,84,32,0.7149617671966553,49.348594665527344,-100254.8215377688,2025-11-19 21:16:33
ba_128_1_5.txt,barabasi_albert_10ins_m20,44,SpecAnn-NCV,0.8181022788030096,1.0,-30989.000000000004,-28357.000000000004,0.0124008655548095,0,True,32,29,True,85,32,0.7134557366371155,49.08628082275391,-99511.8550795795,2025-11-19 21:16:33
ba_128_1_5.txt,barabasi_albert_10ins_m20,44,SpecAnn-NCV,0.822900573781978,1.0,-30989.000000000004,-28357.000000000004,0.0122766494750976,0,True,32,29,True,86,32,0.7119481563568115,48.82710647583008,-98777.26991005563,2025-11-19 21:16:33
ba_128_1_5.txt,barabasi_albert_10ins_m20,44,SpecAnn-NCV,0.8276710518549868,1.0,-30989.000000000004,-28357.000000000004,0.012258768081665,0,True,32,29,True,87,32,0.7104390859603882,48.57101440429688,-98050.9218208797,2025-11-19 21:16:33
ba_128_1_5.txt,barabasi_albert_10ins_m20,44,SpecAnn-NCV,0.8324141912694495,1.0,-30989.000000000004,-28357.000000000004,0.0122792720794677,0,True,32,29,True,88,32,0.7089285254478455,48.31792449951172,-97332.61304196744,2025-11-19 21:16:33
ba_128_1_5.txt,barabasi_albert_10ins_m20,44,SpecAnn-NCV,0.8371304567239225,1.0,-30989.000000000004,-28801.0,0.0122442245483398,0,True,32,29,True,89,32,0.707416296005249,48.06779861450195,-96622.20702659158,2025-11-19 21:16:33
ba_128_1_5.txt,barabasi_albert_10ins_m20,44,SpecAnn-NCV,0.8418202998994706,1.0,-30989.000000000004,-28801.0,0.0123412609100341,0,True,32,29,True,90,32,0.7059023976325989,47.820560455322266,-95919.51609201476,2025-11-19 21:16:33
ba_128_1_5.txt,barabasi_albert_10ins_m20,44,SpecAnn-NCV,0.846484159964536,1.0,-30989.000000000004,-28801.0,0.0123074054718017,0,True,32,29,True,91,32,0.7043867707252502,47.576148986816406,-95224.37626828482,2025-11-19 21:16:33
ba_128_1_5.txt,barabasi_albert_10ins_m20,44,SpecAnn-NCV,0.8511224640549078,1.0,-30989.000000000004,-28801.0,0.0122933387756347,0,True,32,29,True,92,32,0.7028693556785583,47.33452987670898,-94536.67805061705,2025-11-19 21:16:33
ba_128_1_5.txt,barabasi_albert_10ins_m20,44,SpecAnn-NCV,0.8557356277302758,1.0,-30989.000000000004,-28801.0,0.0122761726379394,0,True,32,29,True,93,32,0.7013499736785889,47.09563064575195,-93856.22063009074,2025-11-19 21:16:33
ba_128_1_5.txt,barabasi_albert_10ins_m20,44,SpecAnn-NCV,0.8603240554087516,1.0,-30989.000000000004,-28785.0,0.0123076438903808,0,True,32,29,True,94,32,0.6998286247253418,46.8593978881836,-93182.86658387745,2025-11-19 21:16:33
ba_128_1_5.txt,barabasi_albert_10ins_m20,44,SpecAnn-NCV,0.86488814078064,1.0,-30989.000000000004,-28785.0,0.0123243331909179,0,True,32,29,True,95,32,0.6983052492141724,46.62579345703125,-92516.50170277062,2025-11-19 21:16:33
ba_128_1_5.txt,barabasi_albert_10ins_m20,44,SpecAnn-NCV,0.8694282672026621,1.0,-30989.000000000004,-28785.0,0.0122749805450439,0,True,32,29,True,96,32,0.6967798471450806,46.39475631713867,-91856.97504739164,2025-11-19 21:16:33
ba_128_1_5.txt,barabasi_albert_10ins_m20,44,SpecAnn-NCV,0.8739448080737451,1.0,-30989.000000000004,-28785.0,0.0122699737548828,0,True,32,29,True,97,32,0.6952522993087769,46.16624069213867,-91204.15115377869,2025-11-19 21:16:33
ba_128_1_5.txt,barabasi_albert_10ins_m20,44,SpecAnn-NCV,0.878438127193422,1.0,-30989.000000000004,-28785.0,0.0123562812805175,0,True,32,29,True,98,32,0.6937224864959717,45.940208435058594,-90557.91061046082,2025-11-19 21:16:33
ba_128_1_5.txt,barabasi_albert_10ins_m20,44,SpecAnn-NCV,0.8829085791038153,1.0,-30699.000000000004,-28725.0,0.0122833251953125,0,True,32,29,True,99,32,0.6921904683113098,45.71659851074219,-89918.11309161129,2025-11-19 21:16:33
ba_128_1_5.txt,barabasi_albert_10ins_m20,44,SpecAnn-NCV,0.8873565094161138,1.0,-30699.000000000004,-28725.0,0.0123000144958496,0,True,32,29,True,100,32,0.6906560659408569,45.49537658691406,-89284.640672843,2025-11-19 21:16:33
ba_128_1_5.txt,barabasi_albert_10ins_m20,44,SpecAnn-NCV,0.8917822551223932,1.0,-30699.000000000004,-28725.0,0.0123345851898193,0,True,32,29,True,101,32,0.6891192197799683,45.276493072509766,-88657.36184099378,2025-11-19 21:16:33
ba_128_1_5.txt,barabasi_albert_10ins_m20,44,SpecAnn-NCV,0.8961861448935777,1.0,-30699.000000000004,-28725.0,0.0123136043548583,0,True,32,29,True,102,32,0.6875799298286438,45.05991363525391,-88036.18344375498,2025-11-19 21:16:33
ba_128_1_5.txt,barabasi_albert_10ins_m20,44,SpecAnn-NCV,0.9005684993642872,1.0,-30699.000000000004,-28933.000000000004,0.0123441219329833,0,True,32,29,True,103,32,0.686038076877594,44.84558868408203,-87420.96789717619,2025-11-19 21:16:33
ba_128_1_5.txt,barabasi_albert_10ins_m20,44,SpecAnn-NCV,0.9049296314052688,1.0,-30657.0,-29297.000000000007,0.0123553276062011,0,True,32,29,True,104,32,0.6844935417175293,44.63348388671875,-86811.60835726441,2025-11-19 21:16:33
ba_128_1_5.txt,barabasi_albert_10ins_m20,44,SpecAnn-NCV,0.9092698463840684,1.0,-30657.0,-29297.000000000007,0.0123560428619384,0,True,32,29,True,105,32,0.682946503162384,44.423561096191406,-86208.02898617001,2025-11-19 21:16:33
ba_128_1_5.txt,barabasi_albert_10ins_m20,44,SpecAnn-NCV,0.9135894424145556,1.0,-30657.0,-29427.0,0.0124435424804687,0,True,32,29,True,106,32,0.6813966631889343,44.215782165527344,-85610.09418481853,2025-11-19 21:16:33
ba_128_1_5.txt,barabasi_albert_10ins_m20,44,SpecAnn-NCV,0.9178887105958816,1.0,-30657.0,-29427.0,0.0123143196105957,0,True,32,29,True,107,32,0.6798439621925354,44.010101318359375,-85017.6847077073,2025-11-19 21:16:33
ba_128_1_5.txt,barabasi_albert_10ins_m20,44,SpecAnn-NCV,0.922167935241408,1.0,-30657.0,-29427.0,0.0123467445373535,0,True,32,29,True,108,32,0.6782884001731873,43.806488037109375,-84430.71898265871,2025-11-19 21:16:33
ba_128_1_5.txt,barabasi_albert_10ins_m20,44,SpecAnn-NCV,0.92642739409812,1.0,-30657.0,-29047.0,0.0123977661132812,0,True,32,29,True,109,32,0.6767298579216003,43.60491561889648,-83849.10844067129,2025-11-19 21:16:33
ba_128_1_5.txt,barabasi_albert_10ins_m20,44,SpecAnn-NCV,0.9306673585570006,1.0,-30657.0,-29047.0,0.0122876167297363,0,True,32,29,True,110,32,0.6751683950424194,43.40533828735352,-83272.75061807956,2025-11-19 21:16:33
ba_128_1_5.txt,barabasi_albert_10ins_m20,44,SpecAnn-NCV,0.9348880938548184,1.0,-30657.0,-29047.0,0.0123167037963867,0,True,32,29,True,111,32,0.6736038327217102,43.20772933959961,-82701.55086338223,2025-11-19 21:16:34
ba_128_1_5.txt,barabasi_albert_10ins_m20,44,SpecAnn-NCV,0.9390898592677528,1.0,-30657.0,-29047.0,0.0123190879821777,0,True,32,29,True,112,32,0.6720361113548279,43.01205062866211,-82135.40801517673,2025-11-19 21:16:34
ba_128_1_5.txt,barabasi_albert_10ins_m20,44,SpecAnn-NCV,0.9432729082972536,1.0,-30657.0,-29047.0,0.0123631954193115,0,True,32,29,True,113,32,0.6704651713371277,42.81827926635742,-81574.25069030626,2025-11-19 21:16:34
ba_128_1_5.txt,barabasi_albert_10ins_m20,44,SpecAnn-NCV,0.9474374888485204,1.0,-30657.0,-29047.0,0.0124175548553466,0,True,32,29,True,114,32,0.6688908934593201,42.62636947631836,-81017.95721914027,2025-11-19 21:16:34
ba_128_1_5.txt,barabasi_albert_10ins_m20,44,SpecAnn-NCV,0.9515838434019476,1.0,-30989.000000000004,-28511.0,0.0123586654663085,0,True,32,29,True,115,32,0.6673133969306946,42.436302185058594,-80466.48628802694,2025-11-19 21:16:34
ba_128_1_5.txt,barabasi_albert_10ins_m20,44,SpecAnn-NCV,0.9557122091778746,1.0,-30989.000000000004,-28511.0,0.0123260021209716,0,True,32,29,True,116,32,0.6657323241233826,42.24805068969727,-79919.72488941337,2025-11-19 21:16:34
ba_128_1_5.txt,barabasi_albert_10ins_m20,44,SpecAnn-NCV,0.9598228182949629,1.0,-30989.000000000004,-28475.0,0.012380838394165,0,True,32,29,True,117,32,0.6641477942466736,42.06157684326172,-79377.5965469139,2025-11-19 21:16:34
ba_128_1_5.txt,barabasi_albert_10ins_m20,44,SpecAnn-NCV,0.963915897922488,1.0,-30989.000000000004,-27943.000000000004,0.0124006271362304,0,True,32,29,True,118,32,0.6625596284866333,41.87685775756836,-78840.01837621657,2025-11-19 21:16:34
ba_128_1_5.txt,barabasi_albert_10ins_m20,44,SpecAnn-NCV,0.967991670426842,1.0,-30989.000000000004,-27943.000000000004,0.0123572349548339,0,True,32,29,True,119,32,0.6609678864479065,41.69386291503906,-78306.92209127122,2025-11-19 21:16:34
ba_128_1_5.txt,barabasi_albert_10ins_m20,44,SpecAnn-NCV,0.9720503535125016,1.0,-30989.000000000004,-27943.000000000004,0.0123202800750732,0,True,32,29,True,120,32,0.6593722701072693,41.51256942749024,-77778.21183725928,2025-11-19 21:16:34
ba_128_1_5.txt,barabasi_albert_10ins_m20,44,SpecAnn-NCV,0.9760921603577252,1.0,-30989.000000000004,-27943.000000000004,0.0123631954193115,0,True,32,29,True,121,32,0.6577730178833008,41.33294296264648,-77253.83429267463,2025-11-19 21:16:34
ba_128_1_5.txt,barabasi_albert_10ins_m20,44,SpecAnn-NCV,0.9801172997452104,1.0,-30989.000000000004,-27943.000000000004,0.0123872756958007,0,True,32,29,True,122,32,0.6561697721481323,41.15496826171875,-76733.70202685852,2025-11-19 21:16:34
ba_128_1_5.txt,barabasi_albert_10ins_m20,44,SpecAnn-NCV,0.9841259761879442,1.0,-30947.0,-28019.0,0.0123665332794189,0,True,32,29,True,123,32,0.6545626521110535,40.97861862182617,-76217.76273918526,2025-11-19 21:16:34
ba_128_1_5.txt,barabasi_albert_10ins_m20,44,SpecAnn-NCV,0.9881183900504562,1.0,-30947.0,-28019.0,0.012256383895874,0,True,32,29,True,124,32,0.6529514193534851,40.803855895996094,-75705.90157100903,2025-11-19 21:16:34
ba_128_1_5.txt,barabasi_albert_10ins_m20,44,SpecAnn-NCV,0.9920947376656812,1.0,-30947.0,-28019.0,0.0123672485351562,0,True,32,29,True,125,32,0.6513360738754272,40.630672454833984,-75198.08873285957,2025-11-19 21:16:34
ba_128_1_5.txt,barabasi_albert_10ins_m20,44,SpecAnn-NCV,0.9960552114476228,1.0,-30947.0,-28019.0,0.0123655796051025,0,True,32,29,True,126,32,0.6497166752815247,40.45904159545898,-74694.26610394473,2025-11-19 21:16:34
ba_128_1_5.txt,barabasi_albert_10ins_m20,44,SpecAnn-NCV,1.0,1.0,-30451.0,-27765.0,0.0123605728149414,0,True,32,29,True,127,32,0.6480928659439087,40.2889289855957,-74194.31401510048,2025-11-19 21:16:34
ba_128_1_5.txt,barabasi_albert_10ins_m20,45,SpecAnn-NCV,0.0,1.0,-30195.000000000004,-22711.000000000004,0.0244152545928955,0,True,45,57,True,0,32,0.8686007857322693,129.0,-318388.65811291337,2025-11-19 21:16:34
ba_128_1_5.txt,barabasi_albert_10ins_m20,45,SpecAnn-NCV,0.0887356509416113,1.0,-30039.0,-23455.0,0.0124378204345703,0,True,45,29,True,1,32,0.8586320281028748,115.48019409179688,-281748.9133447471,2025-11-19 21:16:34
ba_128_1_5.txt,barabasi_albert_10ins_m20,45,SpecAnn-NCV,0.1254911610276317,1.0,-30933.000000000004,-24203.0,0.0124049186706542,0,True,45,29,True,2,32,0.854166567325592,110.3490219116211,-267829.68918920105,2025-11-19 21:16:34
ba_128_1_5.txt,barabasi_albert_10ins_m20,45,SpecAnn-NCV,0.1536946558735679,1.0,-30541.0,-24321.000000000004,0.0180723667144775,0,True,45,43,True,3,32,0.8505954146385193,106.58424377441406,-257610.58614087617,2025-11-19 21:16:34
ba_128_1_5.txt,barabasi_albert_10ins_m20,45,SpecAnn-NCV,0.1774713018832227,1.0,-30465.0,-24673.0,0.0180168151855468,0,True,45,43,True,4,32,0.8474827408790588,103.52180480957033,-249293.15719568403,2025-11-19 21:16:34
ba_128_1_5.txt,barabasi_albert_10ins_m20,45,SpecAnn-NCV,0.1984189475331362,1.0,-30351.0,-24785.0,0.0181128978729248,0,True,45,43,True,5,32,0.8446600437164307,100.90520477294922,-242182.73476825847,2025-11-19 21:16:34
ba_128_1_5.txt,barabasi_albert_10ins_m20,45,SpecAnn-NCV,0.2173570668006655,1.0,-30017.000000000004,-24525.000000000004,0.0180163383483886,0,True,45,43,True,6,32,0.8420411944389343,98.60328674316406,-235924.1453833021,2025-11-19 21:16:34
ba_128_1_5.txt,barabasi_albert_10ins_m20,45,SpecAnn-NCV,0.2347724648169381,1.0,-30169.0,-25049.0,0.0180342197418212,0,True,45,43,True,7,32,0.839575469493866,96.53836059570312,-230307.09681563984,2025-11-19 21:16:34
ba_128_1_5.txt,barabasi_albert_10ins_m20,45,SpecAnn-NCV,0.2509823220552634,1.0,-30369.000000000004,-26099.0,0.0179996490478515,0,True,45,43,True,8,32,0.8372293710708618,94.65989685058594,-225194.6884414692,2025-11-19 21:16:34
ba_128_1_5.txt,barabasi_albert_10ins_m20,45,SpecAnn-NCV,0.2662069528248341,1.0,-30369.000000000004,-26219.000000000004,0.0179359912872314,0,True,45,43,True,9,32,0.8349801301956177,92.93293762207033,-220492.31978312315,2025-11-19 21:16:34
ba_128_1_5.txt,barabasi_albert_10ins_m20,45,SpecAnn-NCV,0.2806067666331568,1.0,-30809.0,-26945.0,0.0178966522216796,0,True,45,43,True,10,32,0.8328113555908203,91.3320770263672,-216131.28367771744,2025-11-19 21:16:34
ba_128_1_5.txt,barabasi_albert_10ins_m20,45,SpecAnn-NCV,0.2943028597012718,1.0,-30809.0,-26945.0,0.0178141593933105,0,True,45,43,True,11,32,0.8307099938392639,89.83819580078125,-212059.6875383814,2025-11-19 21:16:34
ba_128_1_5.txt,barabasi_albert_10ins_m20,45,SpecAnn-NCV,0.3073893117471359,1.0,-30809.0,-26945.0,0.0178949832916259,0,True,45,43,True,12,32,0.8286665678024292,88.43646240234375,-208237.4514494614,2025-11-19 21:16:34
ba_128_1_5.txt,barabasi_albert_10ins_m20,45,SpecAnn-NCV,0.3199409394316542,1.0,-30809.0,-26945.0,0.0178399085998535,0,True,45,43,True,13,32,0.8266734480857849,87.1151351928711,-204632.8081543797,2025-11-19 21:16:34
ba_128_1_5.txt,barabasi_albert_10ins_m20,45,SpecAnn-NCV,0.3320184038158743,1.0,-29689.000000000004,-27259.0,0.0178639888763427,0,True,45,43,True,14,32,0.8247243165969849,85.86469268798828,-201219.9700412233,2025-11-19 21:16:34
ba_128_1_5.txt,barabasi_albert_10ins_m20,45,SpecAnn-NCV,0.3436716983117353,1.0,-30013.000000000004,-27191.000000000004,0.0178425312042236,0,True,45,43,True,15,32,0.8228139281272888,84.67733764648438,-197977.7981260497,2025-11-19 21:16:34
ba_128_1_5.txt,barabasi_albert_10ins_m20,45,SpecAnn-NCV,0.3549426037664455,1.0,-30013.000000000004,-27191.000000000004,0.0178890228271484,0,True,45,43,True,16,32,0.820938229560852,83.54654693603516,-194888.6941218508,2025-11-19 21:16:34
ba_128_1_5.txt,barabasi_albert_10ins_m20,45,SpecAnn-NCV,0.3658664615902029,1.0,-30013.000000000004,-27107.0,0.0179038047790527,0,True,45,43,True,17,32,0.8190934658050537,82.4668197631836,-191937.73637686137,2025-11-19 21:16:34
ba_128_1_5.txt,barabasi_albert_10ins_m20,45,SpecAnn-NCV,0.3764734830828951,1.0,-30013.000000000004,-27107.0,0.0180006027221679,0,True,45,43,True,18,32,0.8172765374183655,81.4334716796875,-189112.24126934804,2025-11-19 21:16:34
ba_128_1_5.txt,barabasi_albert_10ins_m20,45,SpecAnn-NCV,0.3867897351437838,1.0,-30013.000000000004,-27107.0,0.012383222579956,0,True,45,29,True,19,32,0.815484881401062,80.4424819946289,-186401.34264658505,2025-11-19 21:16:34
ba_128_1_5.txt,barabasi_albert_10ins_m20,45,SpecAnn-NCV,0.3968378950662725,1.0,-30013.000000000004,-27107.0,0.0124862194061279,0,True,45,29,True,20,32,0.8137161731719971,79.49034118652344,-183795.54037014488,2025-11-19 21:16:34
ba_128_1_5.txt,barabasi_albert_10ins_m20,45,SpecAnn-NCV,0.4066378372811136,1.0,-30013.000000000004,-27107.0,0.0125215053558349,0,True,45,29,True,21,32,0.8119684457778931,78.57398986816406,-181286.56462701963,2025-11-19 21:16:34
ba_128_1_5.txt,barabasi_albert_10ins_m20,45,SpecAnn-NCV,0.4162070956347247,1.0,-30013.000000000004,-27107.0,0.0124261379241943,0,True,45,29,True,22,32,0.8102397322654724,77.69073486328125,-178867.08359129986,2025-11-19 21:16:34
ba_128_1_5.txt,barabasi_albert_10ins_m20,45,SpecAnn-NCV,0.4255612320274539,1.0,-30013.000000000004,-27107.0,0.0125019550323486,0,True,45,29,True,23,32,0.80852872133255,76.83820343017578,-176530.72884920202,2025-11-19 21:16:34
ba_128_1_5.txt,barabasi_albert_10ins_m20,45,SpecAnn-NCV,0.434714133601331,1.0,-30013.000000000004,-27107.0,0.0123615264892578,0,True,45,29,True,24,32,0.8068339228630066,76.0142593383789,-174271.70420223218,2025-11-19 21:16:34
ba_128_1_5.txt,barabasi_albert_10ins_m20,45,SpecAnn-NCV,0.4436782547080569,1.0,-30013.000000000004,-27099.0,0.0124475955963134,0,True,45,29,True,25,32,0.8051539063453674,75.21700286865234,-172084.83075605758,2025-11-19 21:16:34
ba_128_1_5.txt,barabasi_albert_10ins_m20,45,SpecAnn-NCV,0.4524648157026343,1.0,-30013.000000000004,-27099.0,0.0124475955963134,0,True,45,29,True,26,32,0.8034877777099609,74.44474029541016,-169965.5697541314,2025-11-19 21:16:34
ba_128_1_5.txt,barabasi_albert_10ins_m20,45,SpecAnn-NCV,0.4610839676207039,1.0,-30013.000000000004,-27099.0,0.0124363899230957,0,True,45,29,True,27,32,0.8018344640731812,73.6959228515625,-167909.72137973967,2025-11-19 21:16:34
ba_128_1_5.txt,barabasi_albert_10ins_m20,45,SpecAnn-NCV,0.4695449296338763,1.0,-30013.000000000004,-27099.0,0.0180184841156005,0,True,45,43,True,28,32,0.8001930117607117,72.96916961669922,-165913.53579699382,2025-11-19 21:16:34
ba_128_1_5.txt,barabasi_albert_10ins_m20,45,SpecAnn-NCV,0.4778561045889373,1.0,-30013.000000000004,-26991.0,0.0124478340148925,0,True,45,29,True,29,32,0.7985625267028809,72.26319122314453,-163973.52147583655,2025-11-19 21:16:34
ba_128_1_5.txt,barabasi_albert_10ins_m20,45,SpecAnn-NCV,0.4860251767562508,1.0,-30013.000000000004,-27007.0,0.0180644989013671,0,True,45,43,True,30,32,0.796942412853241,71.57684326171875,-162086.6109057513,2025-11-19 21:16:34
ba_128_1_5.txt,barabasi_albert_10ins_m20,45,SpecAnn-NCV,0.4940591950252281,1.0,-30013.000000000004,-27007.0,0.018021821975708,0,True,45,43,True,31,32,0.7953318357467651,70.90907287597656,-160249.92477305885,2025-11-19 21:16:34
ba_128_1_5.txt,barabasi_albert_10ins_m20,45,SpecAnn-NCV,0.5019646441105269,1.0,-30013.000000000004,-27007.0,0.0181937217712402,0,True,45,43,True,32,32,0.7937300205230713,70.2588882446289,-158460.76209889093,2025-11-19 21:16:34
ba_128_1_5.txt,barabasi_albert_10ins_m20,45,SpecAnn-NCV,0.5097475058154177,1.0,-30013.000000000004,-27007.0,0.0181655883789062,0,True,45,43,True,33,32,0.792136549949646,69.62541961669922,-156716.79396199656,2025-11-19 21:16:34
ba_128_1_5.txt,barabasi_albert_10ins_m20,45,SpecAnn-NCV,0.51741331199832,1.0,-30013.000000000004,-27007.0,0.0181519985198974,0,True,45,43,True,34,32,0.790550947189331,69.00782012939453,-155015.75238595944,2025-11-19 21:16:34
ba_128_1_5.txt,barabasi_albert_10ins_m20,45,SpecAnn-NCV,0.5249671905758515,1.0,-30013.000000000004,-27007.0,0.0125024318695068,0,True,45,29,True,35,32,0.7889724969863892,68.40534210205078,-153355.56622626362,2025-11-19 21:16:34
ba_128_1_5.txt,barabasi_albert_10ins_m20,45,SpecAnn-NCV,0.5324139056496683,1.0,-29689.000000000004,-27261.0,0.0181143283843994,0,True,45,43,True,36,32,0.7874008417129517,67.81727600097656,-151734.33885491852,2025-11-19 21:16:34
ba_128_1_5.txt,barabasi_albert_10ins_m20,45,SpecAnn-NCV,0.5397578926492556,1.0,-29689.000000000004,-27261.0,0.0124313831329345,0,True,45,29,True,37,32,0.7858355641365051,67.24295043945312,-150150.26422836477,2025-11-19 21:16:34
ba_128_1_5.txt,barabasi_albert_10ins_m20,45,SpecAnn-NCV,0.5470032892270364,1.0,-29689.000000000004,-27261.0,0.0124459266662597,0,True,45,29,True,38,32,0.7842761278152466,66.68177795410156,-148601.71696140245,2025-11-19 21:16:34
ba_128_1_5.txt,barabasi_albert_10ins_m20,45,SpecAnn-NCV,0.554153962516942,1.0,-29689.000000000004,-27261.0,0.0124650001525878,0,True,45,29,True,39,32,0.7827222347259521,66.1331787109375,-147087.14864578762,2025-11-19 21:16:34
ba_128_1_5.txt,barabasi_albert_10ins_m20,45,SpecAnn-NCV,0.5612135332663137,1.0,-30477.000000000004,-26871.0,0.0124413967132568,0,True,45,29,True,40,32,0.7811735272407532,65.59661865234375,-145605.11470127056,2025-11-19 21:16:34
ba_128_1_5.txt,barabasi_albert_10ins_m20,45,SpecAnn-NCV,0.5681853972686127,1.0,-30477.000000000004,-26895.000000000004,0.0124759674072265,0,True,45,29,True,41,32,0.779629647731781,65.07159423828125,-144154.25084121595,2025-11-19 21:16:34
ba_128_1_5.txt,barabasi_albert_10ins_m20,45,SpecAnn-NCV,0.5750727444570146,1.0,-30477.000000000004,-26895.000000000004,0.0124497413635253,0,True,45,29,True,42,32,0.7780904173851013,64.55764770507812,-142733.33874758694,2025-11-19 21:16:34
ba_128_1_5.txt,barabasi_albert_10ins_m20,45,SpecAnn-NCV,0.5818785759635375,1.0,-30477.000000000004,-26895.000000000004,0.0123472213745117,0,True,45,29,True,43,32,0.7765552997589111,64.05433654785156,-141341.13863509928,2025-11-19 21:16:35
ba_128_1_5.txt,barabasi_albert_10ins_m20,45,SpecAnn-NCV,0.5886057194025436,1.0,-30477.000000000004,-26895.000000000004,0.0123734474182128,0,True,45,29,True,44,32,0.7750240564346313,63.56124877929688,-139976.54333047871,2025-11-19 21:16:35
ba_128_1_5.txt,barabasi_albert_10ins_m20,45,SpecAnn-NCV,0.5952568425994088,1.0,-30357.0,-27179.0,0.0123775005340576,0,True,45,29,True,45,32,0.7734965682029724,63.0780029296875,-138638.54330659012,2025-11-19 21:16:35
ba_128_1_5.txt,barabasi_albert_10ins_m20,45,SpecAnn-NCV,0.6018344659534288,1.0,-30357.0,-27179.0,0.0123748779296875,0,True,45,29,True,46,32,0.7719724774360657,62.60422134399414,-137326.1029145896,2025-11-19 21:16:35
ba_128_1_5.txt,barabasi_albert_10ins_m20,45,SpecAnn-NCV,0.6083409735974393,1.0,-30357.0,-27179.0,0.0124101638793945,0,True,45,29,True,47,32,0.7704514861106873,62.13957595825195,-136038.31464000273,2025-11-19 21:16:35
ba_128_1_5.txt,barabasi_albert_10ins_m20,45,SpecAnn-NCV,0.6147786234942719,1.0,-30183.000000000004,-27155.000000000004,0.0124917030334472,0,True,45,29,True,48,32,0.7689335346221924,61.68373107910156,-134774.3038372919,2025-11-19 21:16:35
ba_128_1_5.txt,barabasi_albert_10ins_m20,45,SpecAnn-NCV,0.6211495565912796,1.0,-30183.000000000004,-27155.000000000004,0.0123980045318603,0,True,45,29,True,49,32,0.7674185037612915,61.23637390136719,-133533.24196549068,2025-11-19 21:16:35
ba_128_1_5.txt,barabasi_albert_10ins_m20,45,SpecAnn-NCV,0.6274558051381586,1.0,-30183.000000000004,-27155.000000000004,0.0124788284301757,0,True,45,29,True,50,32,0.7659056782722473,60.79722213745117,-132314.27035592598,2025-11-19 21:16:35
ba_128_1_5.txt,barabasi_albert_10ins_m20,45,SpecAnn-NCV,0.6336993002596786,1.0,-30183.000000000004,-27155.000000000004,0.0124742984771728,0,True,45,29,True,51,32,0.7643953561782837,60.36599349975586,-131116.71291819066,2025-11-19 21:16:35
ba_128_1_5.txt,barabasi_albert_10ins_m20,45,SpecAnn-NCV,0.6398818788633085,1.0,-30183.000000000004,-27155.000000000004,0.012474775314331,0,True,45,29,True,52,32,0.762887179851532,59.94243240356445,-129939.8434856364,2025-11-19 21:16:35
ba_128_1_5.txt,barabasi_albert_10ins_m20,45,SpecAnn-NCV,0.6460052899517691,1.0,-30183.000000000004,-27155.000000000004,0.0124022960662841,0,True,45,29,True,53,32,0.7613810300827026,59.52627182006836,-128782.95786241736,2025-11-19 21:16:35
ba_128_1_5.txt,barabasi_albert_10ins_m20,45,SpecAnn-NCV,0.6520712004019966,1.0,-30183.000000000004,-27155.000000000004,0.012408971786499,0,True,45,29,True,54,32,0.7598767280578613,59.11729431152344,-127645.4543157899,2025-11-19 21:16:35
ba_128_1_5.txt,barabasi_albert_10ins_m20,45,SpecAnn-NCV,0.6580812002646271,1.0,-30989.000000000004,-28003.000000000004,0.0124731063842773,0,True,45,29,True,55,32,0.7583739757537842,58.71526336669922,-126526.6749073844,2025-11-19 21:16:35
ba_128_1_5.txt,barabasi_albert_10ins_m20,45,SpecAnn-NCV,0.6640368076317485,1.0,-30989.000000000004,-28003.000000000004,0.0124223232269287,0,True,45,29,True,56,32,0.7568726539611816,58.31997680664063,-125426.07076729138,2025-11-19 21:16:35
ba_128_1_5.txt,barabasi_albert_10ins_m20,45,SpecAnn-NCV,0.6699394731151429,1.0,-30989.000000000004,-28003.000000000004,0.0124101638793945,0,True,45,29,True,57,32,0.7553728222846985,57.93120956420898,-124343.07748984764,2025-11-19 21:16:35
ba_128_1_5.txt,barabasi_albert_10ins_m20,45,SpecAnn-NCV,0.6757905839724513,1.0,-30989.000000000004,-28003.000000000004,0.0124125480651855,0,True,45,29,True,58,32,0.7538740634918213,57.54877471923828,-123277.13814922172,2025-11-19 21:16:35
ba_128_1_5.txt,barabasi_albert_10ins_m20,45,SpecAnn-NCV,0.6815914679145113,1.0,-30989.000000000004,-28003.000000000004,0.0124363899230957,0,True,45,29,True,59,32,0.7523764967918396,57.172489166259766,-122227.79625312264,2025-11-19 21:16:35
ba_128_1_5.txt,barabasi_albert_10ins_m20,45,SpecAnn-NCV,0.6873433966234707,1.0,-30989.000000000004,-28003.000000000004,0.0124812126159667,0,True,45,29,True,60,32,0.7508797645568848,56.80217361450195,-121194.52921405828,2025-11-19 21:16:35
ba_128_1_5.txt,barabasi_albert_10ins_m20,45,SpecAnn-NCV,0.6930475890080863,1.0,-30989.000000000004,-28003.000000000004,0.0124537944793701,0,True,45,29,True,61,32,0.7493839263916016,56.43766021728516,-120176.91037747022,2025-11-19 21:16:35
ba_128_1_5.txt,barabasi_albert_10ins_m20,45,SpecAnn-NCV,0.6987052142198116,1.0,-30183.000000000004,-28263.0,0.0124430656433105,0,True,45,29,True,62,32,0.7478886842727661,56.07877349853516,-119174.44258214896,2025-11-19 21:16:35
ba_128_1_5.txt,barabasi_albert_10ins_m20,45,SpecAnn-NCV,0.7043173944508145,1.0,-30183.000000000004,-28263.0,0.012491226196289,0,True,45,29,True,63,32,0.7463939785957336,55.725364685058594,-118186.72731796454,2025-11-19 21:16:35
ba_128_1_5.txt,barabasi_albert_10ins_m20,45,SpecAnn-NCV,0.709885207532891,1.0,-30183.000000000004,-28263.0,0.0125935077667236,0,True,45,29,True,64,32,0.7448998093605042,55.377288818359375,-117213.38634752638,2025-11-19 21:16:35
ba_128_1_5.txt,barabasi_albert_10ins_m20,45,SpecAnn-NCV,0.7154096893543218,1.0,-30183.000000000004,-28263.0,0.0126125812530517,0,True,45,29,True,65,32,0.7434060573577881,55.03438568115234,-116253.99306998428,2025-11-19 21:16:35
ba_128_1_5.txt,barabasi_albert_10ins_m20,45,SpecAnn-NCV,0.7208918361100219,1.0,-30183.000000000004,-28263.0,0.0124957561492919,0,True,45,29,True,66,32,0.7419124245643616,54.69654083251953,-115308.19282195692,2025-11-19 21:16:35
ba_128_1_5.txt,barabasi_albert_10ins_m20,45,SpecAnn-NCV,0.7263326063988248,1.0,-30183.000000000004,-28263.0,0.0125126838684082,0,True,45,29,True,67,32,0.7404188513755798,54.36359405517578,-114375.57456702807,2025-11-19 21:16:35
ba_128_1_5.txt,barabasi_albert_10ins_m20,45,SpecAnn-NCV,0.7317329231804058,1.0,-30183.000000000004,-28263.0,0.0124797821044921,0,True,45,29,True,68,32,0.7389253973960876,54.03544998168945,-113455.88468692428,2025-11-19 21:16:35
ba_128_1_5.txt,barabasi_albert_10ins_m20,45,SpecAnn-NCV,0.7370936756031579,1.0,-30183.000000000004,-28263.0,0.0124905109405517,0,True,45,29,True,69,32,0.7374320030212402,53.71196746826172,-112548.7568536172,2025-11-19 21:16:35
ba_128_1_5.txt,barabasi_albert_10ins_m20,45,SpecAnn-NCV,0.7424157207132704,1.0,-30183.000000000004,-28263.0,0.0124790668487548,0,True,45,29,True,70,32,0.7359382510185242,53.39302444458008,-111653.81298832684,2025-11-19 21:16:35
ba_128_1_5.txt,barabasi_albert_10ins_m20,45,SpecAnn-NCV,0.7476998850543153,1.0,-30183.000000000004,-28263.0,0.0124638080596923,0,True,45,29,True,71,32,0.7344444394111633,53.078521728515625,-110770.83422301458,2025-11-19 21:16:35
ba_128_1_5.txt,barabasi_albert_10ins_m20,45,SpecAnn-NCV,0.7529469661657903,1.0,-30183.000000000004,-28329.000000000004,0.0123889446258544,0,True,45,29,True,72,32,0.7329500913619995,52.768333435058594,-109899.43049899886,2025-11-19 21:16:35
ba_128_1_5.txt,barabasi_albert_10ins_m20,45,SpecAnn-NCV,0.7581577339883167,1.0,-30183.000000000004,-28329.000000000004,0.012408971786499,0,True,45,29,True,73,32,0.731455385684967,52.462364196777344,-109039.37671675337,2025-11-19 21:16:35
ba_128_1_5.txt,barabasi_albert_10ins_m20,45,SpecAnn-NCV,0.7633329321824984,1.0,-30183.000000000004,-28329.000000000004,0.0124351978302001,0,True,45,29,True,74,32,0.7299601435661316,52.16051864624024,-108190.39573928052,2025-11-19 21:16:35
ba_128_1_5.txt,barabasi_albert_10ins_m20,45,SpecAnn-NCV,0.7684732793678399,1.0,-30183.000000000004,-28329.000000000004,0.0124197006225585,0,True,45,29,True,75,32,0.7284643650054932,51.86268997192383,-107352.21529303968,2025-11-19 21:16:35
ba_128_1_5.txt,barabasi_albert_10ins_m20,45,SpecAnn-NCV,0.7735794702875677,1.0,-30183.000000000004,-28329.000000000004,0.0124001502990722,0,True,45,29,True,76,32,0.7269678115844727,51.56878662109375,-106524.56146698297,2025-11-19 21:16:35
ba_128_1_5.txt,barabasi_albert_10ins_m20,45,SpecAnn-NCV,0.7786521769046981,1.0,-30183.000000000004,-28357.000000000004,0.0123350620269775,0,True,45,29,True,77,32,0.7254704833030701,51.278717041015625,-105707.1973965882,2025-11-19 21:16:35
ba_128_1_5.txt,barabasi_albert_10ins_m20,45,SpecAnn-NCV,0.7836920494342511,1.0,-30183.000000000004,-28357.000000000004,0.0123560428619384,0,True,45,29,True,78,32,0.7239723205566406,50.99239730834961,-104899.89478291976,2025-11-19 21:16:35
ba_128_1_5.txt,barabasi_albert_10ins_m20,45,SpecAnn-NCV,0.788699717316095,1.0,-30183.000000000004,-28357.000000000004,0.0123744010925292,0,True,45,29,True,79,32,0.7224733233451843,50.70973587036133,-104102.41982371504,2025-11-19 21:16:35
ba_128_1_5.txt,barabasi_albert_10ins_m20,45,SpecAnn-NCV,0.7936757901325451,1.0,-30183.000000000004,-28357.000000000004,0.0123593807220458,0,True,45,29,True,80,32,0.7209733128547668,50.43065643310547,-103314.5458601242,2025-11-19 21:16:35
ba_128_1_5.txt,barabasi_albert_10ins_m20,45,SpecAnn-NCV,0.7986208584745024,1.0,-30183.000000000004,-28357.000000000004,0.0123848915100097,0,True,45,29,True,81,32,0.7194721102714539,50.15507507324219,-102536.0324452589,2025-11-19 21:16:35
ba_128_1_5.txt,barabasi_albert_10ins_m20,45,SpecAnn-NCV,0.803535494759617,1.0,-30183.000000000004,-28357.000000000004,0.0123417377471923,0,True,45,29,True,82,32,0.7179698944091797,49.8829231262207,-101766.72287687572,2025-11-19 21:16:35
ba_128_1_5.txt,barabasi_albert_10ins_m20,45,SpecAnn-NCV,0.8084202540056837,1.0,-30183.000000000004,-28357.000000000004,0.012319803237915,0,True,45,29,True,83,32,0.7164664268493652,49.6141242980957,-101006.38665574769,2025-11-19 21:16:35
ba_128_1_5.txt,barabasi_albert_10ins_m20,45,SpecAnn-NCV,0.8132756745622272,1.0,-30183.000000000004,-28357.000000000004,0.0123288631439208,0,True,45,29,True,84,32,0.7149617075920105,49.348594665527344,-100254.8131797652,2025-11-19 21:16:35
ba_128_1_5.txt,barabasi_albert_10ins_m20,45,SpecAnn-NCV,0.8181022788030096,1.0,-30183.000000000004,-28357.000000000004,0.0123705863952636,0,True,45,29,True,85,32,0.7134557366371155,49.08628082275391,-99511.8550795795,2025-11-19 21:16:35
ba_128_1_5.txt,barabasi_albert_10ins_m20,45,SpecAnn-NCV,0.822900573781978,1.0,-30183.000000000004,-28357.000000000004,0.012399673461914,0,True,45,29,True,86,32,0.7119481563568115,48.82710647583008,-98777.26991005563,2025-11-19 21:16:35
ba_128_1_5.txt,barabasi_albert_10ins_m20,45,SpecAnn-NCV,0.8276710518549868,1.0,-30183.000000000004,-28357.000000000004,0.0123608112335205,0,True,45,29,True,87,32,0.710439145565033,48.57101440429688,-98050.93004718715,2025-11-19 21:16:35
ba_128_1_5.txt,barabasi_albert_10ins_m20,45,SpecAnn-NCV,0.8324141912694495,1.0,-30183.000000000004,-28357.000000000004,0.0123851299285888,0,True,45,29,True,88,32,0.7089285850524902,48.31792449951172,-97332.62122540997,2025-11-19 21:16:35
ba_128_1_5.txt,barabasi_albert_10ins_m20,45,SpecAnn-NCV,0.8371304567239225,1.0,-30183.000000000004,-28801.0,0.0123291015625,0,True,45,29,True,89,32,0.7074163556098938,48.06779861450195,-96622.21516767112,2025-11-19 21:16:35
ba_128_1_5.txt,barabasi_albert_10ins_m20,45,SpecAnn-NCV,0.8418202998994706,1.0,-30183.000000000004,-28801.0,0.0123522281646728,0,True,45,29,True,90,32,0.7059023976325989,47.820560455322266,-95919.51609201476,2025-11-19 21:16:35
ba_128_1_5.txt,barabasi_albert_10ins_m20,45,SpecAnn-NCV,0.846484159964536,1.0,-30183.000000000004,-28801.0,0.0124056339263916,0,True,45,29,True,91,32,0.7043867707252502,47.576148986816406,-95224.37626828482,2025-11-19 21:16:35
ba_128_1_5.txt,barabasi_albert_10ins_m20,45,SpecAnn-NCV,0.8511224640549078,1.0,-30183.000000000004,-28801.0,0.0124192237854003,0,True,45,29,True,92,32,0.7028692960739136,47.33452987670898,-94536.67003372876,2025-11-19 21:16:35
ba_128_1_5.txt,barabasi_albert_10ins_m20,45,SpecAnn-NCV,0.8557356277302758,1.0,-30183.000000000004,-28801.0,0.0124664306640625,0,True,45,29,True,93,32,0.7013499736785889,47.09563064575195,-93856.22063009074,2025-11-19 21:16:35
ba_128_1_5.txt,barabasi_albert_10ins_m20,45,SpecAnn-NCV,0.8603240554087516,1.0,-30183.000000000004,-28785.0,0.012427806854248,0,True,45,29,True,94,32,0.6998286247253418,46.8593978881836,-93182.86658387745,2025-11-19 21:16:35
ba_128_1_5.txt,barabasi_albert_10ins_m20,45,SpecAnn-NCV,0.86488814078064,1.0,-30183.000000000004,-28785.0,0.0124731063842773,0,True,45,29,True,95,32,0.6983052492141724,46.62579345703125,-92516.50170277062,2025-11-19 21:16:35
ba_128_1_5.txt,barabasi_albert_10ins_m20,45,SpecAnn-NCV,0.8694282672026621,1.0,-30183.000000000004,-28785.0,0.0124037265777587,0,True,45,29,True,96,32,0.6967799067497253,46.39475631713867,-91856.9829051137,2025-11-19 21:16:35
ba_128_1_5.txt,barabasi_albert_10ins_m20,45,SpecAnn-NCV,0.8739448080737451,1.0,-30183.000000000004,-28785.0,0.0123963356018066,0,True,45,29,True,97,32,0.6952522993087769,46.16624069213867,-91204.15115377869,2025-11-19 21:16:35
ba_128_1_5.txt,barabasi_albert_10ins_m20,45,SpecAnn-NCV,0.878438127193422,1.0,-30183.000000000004,-28785.0,0.0125048160552978,0,True,45,29,True,98,32,0.6937224864959717,45.940208435058594,-90557.91061046082,2025-11-19 21:16:35
ba_128_1_5.txt,barabasi_albert_10ins_m20,45,SpecAnn-NCV,0.8829085791038153,1.0,-30989.000000000004,-28725.0,0.0125536918640136,0,True,45,29,True,99,32,0.6921904683113098,45.71659851074219,-89918.11309161129,2025-11-19 21:16:35
ba_128_1_5.txt,barabasi_albert_10ins_m20,45,SpecAnn-NCV,0.8873565094161138,1.0,-30989.000000000004,-28725.0,0.012526512145996,0,True,45,29,True,100,32,0.6906560659408569,45.49537658691406,-89284.640672843,2025-11-19 21:16:35
ba_128_1_5.txt,barabasi_albert_10ins_m20,45,SpecAnn-NCV,0.8917822551223932,1.0,-30989.000000000004,-28725.0,0.0126259326934814,0,True,45,29,True,101,32,0.6891191601753235,45.276493072509766,-88657.35417266817,2025-11-19 21:16:35
ba_128_1_5.txt,barabasi_albert_10ins_m20,45,SpecAnn-NCV,0.8961861448935777,1.0,-30989.000000000004,-28725.0,0.0127105712890625,0,True,45,29,True,102,32,0.687579870223999,45.05991363525391,-88036.17581211071,2025-11-19 21:16:35
ba_128_1_5.txt,barabasi_albert_10ins_m20,45,SpecAnn-NCV,0.9005684993642872,1.0,-30793.0,-28933.000000000004,0.0128266811370849,0,True,45,29,True,103,32,0.6860380172729492,44.84558868408203,-87420.9603018314,2025-11-19 21:16:35
ba_128_1_5.txt,barabasi_albert_10ins_m20,45,SpecAnn-NCV,0.9049296314052688,1.0,-30793.0,-29297.000000000007,0.0127954483032226,0,True,45,29,True,104,32,0.6844935417175293,44.63348388671875,-86811.60835726441,2025-11-19 21:16:35
ba_128_1_5.txt,barabasi_albert_10ins_m20,45,SpecAnn-NCV,0.9092698463840684,1.0,-30793.0,-29297.000000000007,0.0127689838409423,0,True,45,29,True,105,32,0.682946503162384,44.423561096191406,-86208.02898617001,2025-11-19 21:16:35
ba_128_1_5.txt,barabasi_albert_10ins_m20,45,SpecAnn-NCV,0.9135894424145556,1.0,-30989.000000000004,-29427.0,0.0127415657043457,0,True,45,29,True,106,32,0.6813966035842896,44.215782165527344,-85610.08669614192,2025-11-19 21:16:35
ba_128_1_5.txt,barabasi_albert_10ins_m20,45,SpecAnn-NCV,0.9178887105958816,1.0,-30989.000000000004,-29427.0,0.0127654075622558,0,True,45,29,True,107,32,0.6798440217971802,44.010101318359375,-85017.69216154845,2025-11-19 21:16:35
ba_128_1_5.txt,barabasi_albert_10ins_m20,45,SpecAnn-NCV,0.922167935241408,1.0,-30989.000000000004,-29427.0,0.0127475261688232,0,True,45,29,True,108,32,0.678288459777832,43.806488037109375,-84430.72640201457,2025-11-19 21:16:35
ba_128_1_5.txt,barabasi_albert_10ins_m20,45,SpecAnn-NCV,0.92642739409812,1.0,-30989.000000000004,-29047.0,0.0125901699066162,0,True,45,29,True,109,32,0.6767298579216003,43.60491561889648,-83849.10844067129,2025-11-19 21:16:35
ba_128_1_5.txt,barabasi_albert_10ins_m20,45,SpecAnn-NCV,0.9306673585570006,1.0,-30989.000000000004,-29047.0,0.0127079486846923,0,True,45,29,True,110,32,0.6751683950424194,43.40533828735352,-83272.75061807956,2025-11-19 21:16:35
ba_128_1_5.txt,barabasi_albert_10ins_m20,45,SpecAnn-NCV,0.9348880938548184,1.0,-30989.000000000004,-29047.0,0.0126416683197021,0,True,45,29,True,111,32,0.6736038327217102,43.20772933959961,-82701.55086338223,2025-11-19 21:16:35
ba_128_1_5.txt,barabasi_albert_10ins_m20,45,SpecAnn-NCV,0.9390898592677528,1.0,-30989.000000000004,-29047.0,0.0125517845153808,0,True,45,29,True,112,32,0.6720361113548279,43.01205062866211,-82135.40801517673,2025-11-19 21:16:35
ba_128_1_5.txt,barabasi_albert_10ins_m20,45,SpecAnn-NCV,0.9432729082972536,1.0,-30989.000000000004,-29047.0,0.0125699043273925,0,True,45,29,True,113,32,0.6704651713371277,42.81827926635742,-81574.25069030626,2025-11-19 21:16:35
ba_128_1_5.txt,barabasi_albert_10ins_m20,45,SpecAnn-NCV,0.9474374888485204,1.0,-30989.000000000004,-29047.0,0.0125799179077148,0,True,45,29,True,114,32,0.6688910126686096,42.62636947631836,-81017.97165810665,2025-11-19 21:16:35
ba_128_1_5.txt,barabasi_albert_10ins_m20,45,SpecAnn-NCV,0.9515838434019476,1.0,-30793.0,-28511.0,0.0126278400421142,0,True,45,29,True,115,32,0.6673133373260498,42.436302185058594,-80466.4791007348,2025-11-19 21:16:35
ba_128_1_5.txt,barabasi_albert_10ins_m20,45,SpecAnn-NCV,0.9557122091778746,1.0,-30793.0,-28511.0,0.0127031803131103,0,True,45,29,True,116,32,0.6657323241233826,42.24805068969727,-79919.72488941337,2025-11-19 21:16:35
ba_128_1_5.txt,barabasi_albert_10ins_m20,45,SpecAnn-NCV,0.9598228182949629,1.0,-30947.0,-28475.0,0.0130186080932617,0,True,45,29,True,117,32,0.6641477942466736,42.06157684326172,-79377.5965469139,2025-11-19 21:16:35
ba_128_1_5.txt,barabasi_albert_10ins_m20,45,SpecAnn-NCV,0.963915897922488,1.0,-30735.000000000004,-27943.000000000004,0.0132532119750976,0,True,45,29,True,118,32,0.6625596284866333,41.87685775756836,-78840.01837621657,2025-11-19 21:16:35
ba_128_1_5.txt,barabasi_albert_10ins_m20,45,SpecAnn-NCV,0.967991670426842,1.0,-30735.000000000004,-27943.000000000004,0.0127041339874267,0,True,45,29,True,119,32,0.6609678268432617,41.69386291503906,-78306.91502972349,2025-11-19 21:16:35
ba_128_1_5.txt,barabasi_albert_10ins_m20,45,SpecAnn-NCV,0.9720503535125016,1.0,-30735.000000000004,-27943.000000000004,0.0125579833984375,0,True,45,29,True,120,32,0.6593723297119141,41.51256942749024,-77778.21886810195,2025-11-19 21:16:35
ba_128_1_5.txt,barabasi_albert_10ins_m20,45,SpecAnn-NCV,0.9760921603577252,1.0,-30735.000000000004,-27943.000000000004,0.0125255584716796,0,True,45,29,True,121,32,0.657772958278656,41.33294296264648,-77253.82729225469,2025-11-19 21:16:35
ba_128_1_5.txt,barabasi_albert_10ins_m20,45,SpecAnn-NCV,0.9801172997452104,1.0,-30735.000000000004,-27943.000000000004,0.0124611854553222,0,True,45,29,True,122,32,0.6561698317527771,41.15496826171875,-76733.70899713549,2025-11-19 21:16:35
ba_128_1_5.txt,barabasi_albert_10ins_m20,45,SpecAnn-NCV,0.9841259761879442,1.0,-30657.0,-28019.0,0.0124435424804687,0,True,45,29,True,123,32,0.6545626521110535,40.97861862182617,-76217.76273918526,2025-11-19 21:16:36
ba_128_1_5.txt,barabasi_albert_10ins_m20,45,SpecAnn-NCV,0.9881183900504562,1.0,-30657.0,-28019.0,0.012465476989746,0,True,45,29,True,124,32,0.6529514193534851,40.803855895996094,-75705.90157100903,2025-11-19 21:16:36
ba_128_1_5.txt,barabasi_albert_10ins_m20,45,SpecAnn-NCV,0.9920947376656812,1.0,-30657.0,-28019.0,0.0124580860137939,0,True,45,29,True,125,32,0.651336133480072,40.630672454833984,-75198.09561433835,2025-11-19 21:16:36
ba_128_1_5.txt,barabasi_albert_10ins_m20,45,SpecAnn-NCV,0.9960552114476228,1.0,-30657.0,-28019.0,0.0125479698181152,0,True,45,29,True,126,32,0.6497166752815247,40.45904159545898,-74694.26610394473,2025-11-19 21:16:36
ba_128_1_5.txt,barabasi_albert_10ins_m20,45,SpecAnn-NCV,1.0,1.0,-31155.000000000007,-27765.0,0.0125558376312255,0,True,45,29,True,127,32,0.6480928659439087,40.2889289855957,-74194.31401510048,2025-11-19 21:16:36
ba_128_1_5.txt,barabasi_albert_10ins_m20,46,SpecAnn-NCV,0.0,1.0,-30637.000000000007,-22711.000000000004,0.0248658657073974,0,True,34,57,True,0,32,0.8686007261276245,129.0,-318388.6362646222,2025-11-19 21:16:36
ba_128_1_5.txt,barabasi_albert_10ins_m20,46,SpecAnn-NCV,0.0887356509416113,1.0,-30151.0,-23455.0,0.012566328048706,0,True,34,29,True,1,32,0.8586320281028748,115.48019409179688,-281748.9133447471,2025-11-19 21:16:36
ba_128_1_5.txt,barabasi_albert_10ins_m20,46,SpecAnn-NCV,0.1254911610276317,1.0,-30317.0,-24203.0,0.0125055313110351,0,True,34,29,True,2,32,0.854166567325592,110.3490219116211,-267829.68918920105,2025-11-19 21:16:36
ba_128_1_5.txt,barabasi_albert_10ins_m20,46,SpecAnn-NCV,0.1536946558735679,1.0,-30317.0,-24321.000000000004,0.0181560516357421,0,True,34,43,True,3,32,0.8505954742431641,106.58424377441406,-257610.60419268697,2025-11-19 21:16:36
ba_128_1_5.txt,barabasi_albert_10ins_m20,46,SpecAnn-NCV,0.1774713018832227,1.0,-30317.0,-24673.0,0.0181374549865722,0,True,34,43,True,4,32,0.8474826812744141,103.52180480957033,-249293.1396625481,2025-11-19 21:16:36
ba_128_1_5.txt,barabasi_albert_10ins_m20,46,SpecAnn-NCV,0.1984189475331362,1.0,-30317.0,-24785.0,0.0180518627166748,0,True,34,43,True,5,32,0.8446599841117859,100.90520477294922,-242182.7176782873,2025-11-19 21:16:36
ba_128_1_5.txt,barabasi_albert_10ins_m20,46,SpecAnn-NCV,0.2173570668006655,1.0,-30317.0,-24525.000000000004,0.0180232524871826,0,True,34,43,True,6,32,0.8420412540435791,98.60328674316406,-235924.1620834053,2025-11-19 21:16:36
ba_128_1_5.txt,barabasi_albert_10ins_m20,46,SpecAnn-NCV,0.2347724648169381,1.0,-30317.0,-25049.0,0.0179767608642578,0,True,34,43,True,7,32,0.8395754098892212,96.53836059570312,-230307.08046526607,2025-11-19 21:16:36
ba_128_1_5.txt,barabasi_albert_10ins_m20,46,SpecAnn-NCV,0.2509823220552634,1.0,-30317.0,-26099.0,0.0179653167724609,0,True,34,43,True,8,32,0.8372293710708618,94.65989685058594,-225194.6884414692,2025-11-19 21:16:36
ba_128_1_5.txt,barabasi_albert_10ins_m20,46,SpecAnn-NCV,0.2662069528248341,1.0,-30317.0,-26219.000000000004,0.0179927349090576,0,True,34,43,True,9,32,0.8349801898002625,92.93293762207033,-220492.33552285863,2025-11-19 21:16:36
ba_128_1_5.txt,barabasi_albert_10ins_m20,46,SpecAnn-NCV,0.2806067666331568,1.0,-30013.000000000004,-26945.0,0.0178866386413574,0,True,34,43,True,10,32,0.8328113555908203,91.3320770263672,-216131.28367771744,2025-11-19 21:16:36
ba_128_1_5.txt,barabasi_albert_10ins_m20,46,SpecAnn-NCV,0.2943028597012718,1.0,-30013.000000000004,-26945.0,0.0178184509277343,0,True,34,43,True,11,32,0.8307100534439087,89.83819580078125,-212059.702753971,2025-11-19 21:16:36
ba_128_1_5.txt,barabasi_albert_10ins_m20,46,SpecAnn-NCV,0.3073893117471359,1.0,-30013.000000000004,-26945.0,0.0178310871124267,0,True,34,43,True,12,32,0.828666627407074,88.43646240234375,-208237.4664276442,2025-11-19 21:16:36
ba_128_1_5.txt,barabasi_albert_10ins_m20,46,SpecAnn-NCV,0.3199409394316542,1.0,-30013.000000000004,-26945.0,0.0178372859954834,0,True,34,43,True,13,32,0.8266734480857849,87.1151351928711,-204632.8081543797,2025-11-19 21:16:36
ba_128_1_5.txt,barabasi_albert_10ins_m20,46,SpecAnn-NCV,0.3320184038158743,1.0,-30013.000000000004,-27259.0,0.0178382396697998,0,True,34,43,True,14,32,0.8247243762016296,85.86469268798828,-201219.98458383424,2025-11-19 21:16:36
ba_128_1_5.txt,barabasi_albert_10ins_m20,46,SpecAnn-NCV,0.3436716983117353,1.0,-30213.000000000007,-27191.000000000004,0.0179049968719482,0,True,34,43,True,15,32,0.8228139281272888,84.67733764648438,-197977.7981260497,2025-11-19 21:16:36
ba_128_1_5.txt,barabasi_albert_10ins_m20,46,SpecAnn-NCV,0.3549426037664455,1.0,-30213.000000000007,-27191.000000000004,0.0178024768829345,0,True,34,43,True,16,32,0.820938229560852,83.54654693603516,-194888.6941218508,2025-11-19 21:16:36
ba_128_1_5.txt,barabasi_albert_10ins_m20,46,SpecAnn-NCV,0.3658664615902029,1.0,-30709.000000000004,-27107.0,0.0178234577178955,0,True,34,43,True,17,32,0.8190934658050537,82.4668197631836,-191937.73637686137,2025-11-19 21:16:36
ba_128_1_5.txt,barabasi_albert_10ins_m20,46,SpecAnn-NCV,0.3764734830828951,1.0,-30709.000000000004,-27107.0,0.0177900791168212,0,True,34,43,True,18,32,0.8172765374183655,81.4334716796875,-189112.24126934804,2025-11-19 21:16:36
ba_128_1_5.txt,barabasi_albert_10ins_m20,46,SpecAnn-NCV,0.3867897351437838,1.0,-30709.000000000004,-27107.0,0.0122895240783691,0,True,34,29,True,19,32,0.815484881401062,80.4424819946289,-186401.34264658505,2025-11-19 21:16:36
ba_128_1_5.txt,barabasi_albert_10ins_m20,46,SpecAnn-NCV,0.3968378950662725,1.0,-30709.000000000004,-27107.0,0.0122630596160888,0,True,34,29,True,20,32,0.8137161731719971,79.49034118652344,-183795.54037014488,2025-11-19 21:16:36
ba_128_1_5.txt,barabasi_albert_10ins_m20,46,SpecAnn-NCV,0.4066378372811136,1.0,-30709.000000000004,-27107.0,0.0123212337493896,0,True,34,29,True,21,32,0.8119684457778931,78.57398986816406,-181286.56462701963,2025-11-19 21:16:36
ba_128_1_5.txt,barabasi_albert_10ins_m20,46,SpecAnn-NCV,0.4162070956347247,1.0,-30709.000000000004,-27107.0,0.0122525691986083,0,True,34,29,True,22,32,0.8102397918701172,77.69073486328125,-178867.09674951533,2025-11-19 21:16:36
ba_128_1_5.txt,barabasi_albert_10ins_m20,46,SpecAnn-NCV,0.4255612320274539,1.0,-30709.000000000004,-27107.0,0.0122852325439453,0,True,34,29,True,23,32,0.80852872133255,76.83820343017578,-176530.72884920202,2025-11-19 21:16:36
ba_128_1_5.txt,barabasi_albert_10ins_m20,46,SpecAnn-NCV,0.434714133601331,1.0,-30709.000000000004,-27107.0,0.012277603149414,0,True,34,29,True,24,32,0.8068338632583618,76.0142593383789,-174271.6913279557,2025-11-19 21:16:36
ba_128_1_5.txt,barabasi_albert_10ins_m20,46,SpecAnn-NCV,0.4436782547080569,1.0,-30809.0,-27099.0,0.0123076438903808,0,True,34,29,True,25,32,0.8051539063453674,75.21700286865234,-172084.83075605758,2025-11-19 21:16:36
ba_128_1_5.txt,barabasi_albert_10ins_m20,46,SpecAnn-NCV,0.4524648157026343,1.0,-30809.0,-27099.0,0.0122814178466796,0,True,34,29,True,26,32,0.8034878373146057,74.44474029541016,-169965.5823625838,2025-11-19 21:16:36
ba_128_1_5.txt,barabasi_albert_10ins_m20,46,SpecAnn-NCV,0.4610839676207039,1.0,-30809.0,-27099.0,0.0123379230499267,0,True,34,29,True,27,32,0.8018345236778259,73.6959228515625,-167909.73386136742,2025-11-19 21:16:36
ba_128_1_5.txt,barabasi_albert_10ins_m20,46,SpecAnn-NCV,0.4695449296338763,1.0,-30809.0,-27099.0,0.0179049968719482,0,True,34,43,True,28,32,0.8001930713653564,72.96916961669922,-165913.54815553385,2025-11-19 21:16:36
ba_128_1_5.txt,barabasi_albert_10ins_m20,46,SpecAnn-NCV,0.4778561045889373,1.0,-30013.000000000004,-26991.0,0.0123763084411621,0,True,34,29,True,29,32,0.7985626459121704,72.26319122314453,-163973.54595377826,2025-11-19 21:16:36
ba_128_1_5.txt,barabasi_albert_10ins_m20,46,SpecAnn-NCV,0.4860251767562508,1.0,-30013.000000000004,-27007.0,0.0178854465484619,0,True,34,43,True,30,32,0.796942412853241,71.57684326171875,-162086.6109057513,2025-11-19 21:16:36
ba_128_1_5.txt,barabasi_albert_10ins_m20,46,SpecAnn-NCV,0.4940591950252281,1.0,-30013.000000000004,-27007.0,0.0178992748260498,0,True,34,43,True,31,32,0.7953317165374756,70.90907287597656,-160249.90075380195,2025-11-19 21:16:36
ba_128_1_5.txt,barabasi_albert_10ins_m20,46,SpecAnn-NCV,0.5019646441105269,1.0,-30013.000000000004,-27007.0,0.0179049968719482,0,True,34,43,True,32,32,0.7937300205230713,70.2588882446289,-158460.76209889093,2025-11-19 21:16:36
ba_128_1_5.txt,barabasi_albert_10ins_m20,46,SpecAnn-NCV,0.5097475058154177,1.0,-30013.000000000004,-27007.0,0.0178897380828857,0,True,34,43,True,33,32,0.792136549949646,69.62541961669922,-156716.79396199656,2025-11-19 21:16:36
ba_128_1_5.txt,barabasi_albert_10ins_m20,46,SpecAnn-NCV,0.51741331199832,1.0,-30013.000000000004,-27007.0,0.0178725719451904,0,True,34,43,True,34,32,0.7905508875846863,69.00782012939453,-155015.74069833968,2025-11-19 21:16:36
ba_128_1_5.txt,barabasi_albert_10ins_m20,46,SpecAnn-NCV,0.5249671905758515,1.0,-30013.000000000004,-27007.0,0.0123515129089355,0,True,34,29,True,35,32,0.7889724373817444,68.40534210205078,-153355.55464068355,2025-11-19 21:16:36
ba_128_1_5.txt,barabasi_albert_10ins_m20,46,SpecAnn-NCV,0.5324139056496683,1.0,-30013.000000000004,-27261.0,0.0179014205932617,0,True,34,43,True,36,32,0.7874009013175964,67.81727600097656,-151734.35034089984,2025-11-19 21:16:36
ba_128_1_5.txt,barabasi_albert_10ins_m20,46,SpecAnn-NCV,0.5397578926492556,1.0,-30013.000000000004,-27261.0,0.0123043060302734,0,True,34,29,True,37,32,0.7858355641365051,67.24295043945312,-150150.26422836477,2025-11-19 21:16:36
ba_128_1_5.txt,barabasi_albert_10ins_m20,46,SpecAnn-NCV,0.5470032892270364,1.0,-30013.000000000004,-27261.0,0.0123298168182373,0,True,34,29,True,38,32,0.7842761278152466,66.68177795410156,-148601.71696140245,2025-11-19 21:16:36
ba_128_1_5.txt,barabasi_albert_10ins_m20,46,SpecAnn-NCV,0.554153962516942,1.0,-30013.000000000004,-27261.0,0.0123436450958251,0,True,34,29,True,39,32,0.7827222347259521,66.1331787109375,-147087.14864578762,2025-11-19 21:16:36
ba_128_1_5.txt,barabasi_albert_10ins_m20,46,SpecAnn-NCV,0.5612135332663137,1.0,-30477.000000000004,-26871.0,0.0123975276947021,0,True,34,29,True,40,32,0.7811735272407532,65.59661865234375,-145605.11470127056,2025-11-19 21:16:36
ba_128_1_5.txt,barabasi_albert_10ins_m20,46,SpecAnn-NCV,0.5681853972686127,1.0,-30477.000000000004,-26895.000000000004,0.0123553276062011,0,True,34,29,True,41,32,0.7796297073364258,65.07159423828125,-144154.2618621705,2025-11-19 21:16:36
ba_128_1_5.txt,barabasi_albert_10ins_m20,46,SpecAnn-NCV,0.5750727444570146,1.0,-30477.000000000004,-26895.000000000004,0.0124063491821289,0,True,34,29,True,42,32,0.7780904173851013,64.55764770507812,-142733.33874758694,2025-11-19 21:16:36
ba_128_1_5.txt,barabasi_albert_10ins_m20,46,SpecAnn-NCV,0.5818785759635375,1.0,-30477.000000000004,-26895.000000000004,0.0123429298400878,0,True,34,29,True,43,32,0.7765552401542664,64.05433654785156,-141341.12778643423,2025-11-19 21:16:36
ba_128_1_5.txt,barabasi_albert_10ins_m20,46,SpecAnn-NCV,0.5886057194025436,1.0,-30477.000000000004,-26895.000000000004,0.0123953819274902,0,True,34,29,True,44,32,0.7750241160392761,63.56124877929688,-139976.5540956312,2025-11-19 21:16:36
ba_128_1_5.txt,barabasi_albert_10ins_m20,46,SpecAnn-NCV,0.5952568425994088,1.0,-30477.000000000004,-27179.0,0.0124597549438476,0,True,34,29,True,45,32,0.7734966278076172,63.0780029296875,-138638.5539898969,2025-11-19 21:16:36
ba_128_1_5.txt,barabasi_albert_10ins_m20,46,SpecAnn-NCV,0.6018344659534288,1.0,-30477.000000000004,-27179.0,0.0124416351318359,0,True,34,29,True,46,32,0.7719724774360657,62.60422134399414,-137326.1029145896,2025-11-19 21:16:36
ba_128_1_5.txt,barabasi_albert_10ins_m20,46,SpecAnn-NCV,0.6083409735974393,1.0,-30477.000000000004,-27179.0,0.0124623775482177,0,True,34,29,True,47,32,0.7704516053199768,62.13957595825195,-136038.3356887399,2025-11-19 21:16:36
ba_128_1_5.txt,barabasi_albert_10ins_m20,46,SpecAnn-NCV,0.6147786234942719,1.0,-30357.0,-27155.000000000004,0.0125002861022949,0,True,34,29,True,48,32,0.7689335346221924,61.68373107910156,-134774.3038372919,2025-11-19 21:16:36
ba_128_1_5.txt,barabasi_albert_10ins_m20,46,SpecAnn-NCV,0.6211495565912796,1.0,-30357.0,-27155.000000000004,0.0126383304595947,0,True,34,29,True,49,32,0.767418384552002,61.23637390136719,-133533.22122269802,2025-11-19 21:16:36
ba_128_1_5.txt,barabasi_albert_10ins_m20,46,SpecAnn-NCV,0.6274558051381586,1.0,-30357.0,-27155.000000000004,0.0124995708465576,0,True,34,29,True,50,32,0.7659057378768921,60.79722213745117,-132314.28065294467,2025-11-19 21:16:36
ba_128_1_5.txt,barabasi_albert_10ins_m20,46,SpecAnn-NCV,0.6336993002596786,1.0,-30357.0,-27155.000000000004,0.0123488903045654,0,True,34,29,True,51,32,0.7643954157829285,60.36599349975586,-131116.72314217364,2025-11-19 21:16:36
ba_128_1_5.txt,barabasi_albert_10ins_m20,46,SpecAnn-NCV,0.6398818788633085,1.0,-30357.0,-27155.000000000004,0.012272834777832,0,True,34,29,True,52,32,0.762887179851532,59.94243240356445,-129939.8434856364,2025-11-19 21:16:36
ba_128_1_5.txt,barabasi_albert_10ins_m20,46,SpecAnn-NCV,0.6460052899517691,1.0,-30357.0,-27155.000000000004,0.0123028755187988,0,True,34,29,True,53,32,0.7613810300827026,59.52627182006836,-128782.95786241736,2025-11-19 21:16:36
ba_128_1_5.txt,barabasi_albert_10ins_m20,46,SpecAnn-NCV,0.6520712004019966,1.0,-30357.0,-27155.000000000004,0.0123097896575927,0,True,34,29,True,54,32,0.7598767280578613,59.11729431152344,-127645.4543157899,2025-11-19 21:16:36
ba_128_1_5.txt,barabasi_albert_10ins_m20,46,SpecAnn-NCV,0.6580812002646271,1.0,-30357.0,-28003.000000000004,0.0122797489166259,0,True,34,29,True,55,32,0.7583739757537842,58.71526336669922,-126526.6749073844,2025-11-19 21:16:37
ba_128_1_5.txt,barabasi_albert_10ins_m20,46,SpecAnn-NCV,0.6640368076317485,1.0,-30357.0,-28003.000000000004,0.0122854709625244,0,True,34,29,True,56,32,0.7568726539611816,58.31997680664063,-125426.07076729138,2025-11-19 21:16:37
ba_128_1_5.txt,barabasi_albert_10ins_m20,46,SpecAnn-NCV,0.6699394731151429,1.0,-30357.0,-28003.000000000004,0.0123076438903808,0,True,34,29,True,57,32,0.7553728222846985,57.93120956420898,-124343.07748984764,2025-11-19 21:16:37
ba_128_1_5.txt,barabasi_albert_10ins_m20,46,SpecAnn-NCV,0.6757905839724513,1.0,-30357.0,-28003.000000000004,0.012322187423706,0,True,34,29,True,58,32,0.7538740634918213,57.54877471923828,-123277.13814922172,2025-11-19 21:16:37
ba_128_1_5.txt,barabasi_albert_10ins_m20,46,SpecAnn-NCV,0.6815914679145113,1.0,-30357.0,-28003.000000000004,0.0122754573822021,0,True,34,29,True,59,32,0.7523764967918396,57.172489166259766,-122227.79625312264,2025-11-19 21:16:37
ba_128_1_5.txt,barabasi_albert_10ins_m20,46,SpecAnn-NCV,0.6873433966234707,1.0,-30357.0,-28003.000000000004,0.0123035907745361,0,True,34,29,True,60,32,0.7508797645568848,56.80217361450195,-121194.52921405828,2025-11-19 21:16:37
ba_128_1_5.txt,barabasi_albert_10ins_m20,46,SpecAnn-NCV,0.6930475890080863,1.0,-30357.0,-28003.000000000004,0.0123260021209716,0,True,34,29,True,61,32,0.7493838667869568,56.43766021728516,-120176.9008188157,2025-11-19 21:16:37
ba_128_1_5.txt,barabasi_albert_10ins_m20,46,SpecAnn-NCV,0.6987052142198116,1.0,-30357.0,-28263.0,0.0123913288116455,0,True,34,29,True,62,32,0.7478887438774109,56.07877349853516,-119174.45208002006,2025-11-19 21:16:37
ba_128_1_5.txt,barabasi_albert_10ins_m20,46,SpecAnn-NCV,0.7043173944508145,1.0,-30357.0,-28263.0,0.0123431682586669,0,True,34,29,True,63,32,0.7463940382003784,55.725364685058594,-118186.73675598,2025-11-19 21:16:37
ba_128_1_5.txt,barabasi_albert_10ins_m20,46,SpecAnn-NCV,0.709885207532891,1.0,-30357.0,-28263.0,0.0123305320739746,0,True,34,29,True,64,32,0.7448998689651489,55.377288818359375,-117213.3957265894,2025-11-19 21:16:37
ba_128_1_5.txt,barabasi_albert_10ins_m20,46,SpecAnn-NCV,0.7154096893543218,1.0,-30357.0,-28263.0,0.0123145580291748,0,True,34,29,True,65,32,0.7434059381484985,55.03438568115234,-116253.9744280109,2025-11-19 21:16:37
ba_128_1_5.txt,barabasi_albert_10ins_m20,46,SpecAnn-NCV,0.7208918361100219,1.0,-30357.0,-28263.0,0.0123200416564941,0,True,34,29,True,66,32,0.7419124245643616,54.69654083251953,-115308.19282195692,2025-11-19 21:16:37
ba_128_1_5.txt,barabasi_albert_10ins_m20,46,SpecAnn-NCV,0.7263326063988248,1.0,-30357.0,-28263.0,0.012312889099121,0,True,34,29,True,67,32,0.7404189109802246,54.36359405517578,-114375.58377440508,2025-11-19 21:16:37
ba_128_1_5.txt,barabasi_albert_10ins_m20,46,SpecAnn-NCV,0.7317329231804058,1.0,-30357.0,-28263.0,0.0123355388641357,0,True,34,29,True,68,32,0.7389253973960876,54.03544998168945,-113455.88468692428,2025-11-19 21:16:37
ba_128_1_5.txt,barabasi_albert_10ins_m20,46,SpecAnn-NCV,0.7370936756031579,1.0,-30357.0,-28263.0,0.0123064517974853,0,True,34,29,True,69,32,0.7374318838119507,53.71196746826172,-112548.73865959076,2025-11-19 21:16:37
ba_128_1_5.txt,barabasi_albert_10ins_m20,46,SpecAnn-NCV,0.7424157207132704,1.0,-30357.0,-28263.0,0.0123844146728515,0,True,34,29,True,70,32,0.7359382510185242,53.39302444458008,-111653.81298832684,2025-11-19 21:16:37
ba_128_1_5.txt,barabasi_albert_10ins_m20,46,SpecAnn-NCV,0.7476998850543153,1.0,-30357.0,-28263.0,0.0122623443603515,0,True,34,29,True,71,32,0.7344443798065186,53.078521728515625,-110770.82523328593,2025-11-19 21:16:37
ba_128_1_5.txt,barabasi_albert_10ins_m20,46,SpecAnn-NCV,0.7529469661657903,1.0,-30357.0,-28329.000000000004,0.012272834777832,0,True,34,29,True,72,32,0.7329501509666443,52.768333435058594,-109899.43943619198,2025-11-19 21:16:37
ba_128_1_5.txt,barabasi_albert_10ins_m20,46,SpecAnn-NCV,0.7581577339883167,1.0,-30357.0,-28329.000000000004,0.0122666358947753,0,True,34,29,True,73,32,0.7314554452896118,52.462364196777344,-109039.3856021255,2025-11-19 21:16:37
ba_128_1_5.txt,barabasi_albert_10ins_m20,46,SpecAnn-NCV,0.7633329321824984,1.0,-30357.0,-28329.000000000004,0.012383222579956,0,True,34,29,True,74,32,0.7299601435661316,52.16051864624024,-108190.39573928052,2025-11-19 21:16:37
ba_128_1_5.txt,barabasi_albert_10ins_m20,46,SpecAnn-NCV,0.7684732793678399,1.0,-30357.0,-28329.000000000004,0.0122790336608886,0,True,34,29,True,75,32,0.7284643650054932,51.86268997192383,-107352.21529303968,2025-11-19 21:16:37
ba_128_1_5.txt,barabasi_albert_10ins_m20,46,SpecAnn-NCV,0.7735794702875677,1.0,-30357.0,-28329.000000000004,0.0122444629669189,0,True,34,29,True,76,32,0.7269678711891174,51.56878662109375,-106524.57020101292,2025-11-19 21:16:37
ba_128_1_5.txt,barabasi_albert_10ins_m20,46,SpecAnn-NCV,0.7786521769046981,1.0,-30183.000000000004,-28357.000000000004,0.0123202800750732,0,True,34,29,True,77,32,0.7254705429077148,51.278717041015625,-105707.20608149005,2025-11-19 21:16:37
ba_128_1_5.txt,barabasi_albert_10ins_m20,46,SpecAnn-NCV,0.7836920494342511,1.0,-30183.000000000004,-28357.000000000004,0.012300968170166,0,True,34,29,True,78,32,0.7239723205566406,50.99239730834961,-104899.89478291976,2025-11-19 21:16:37
ba_128_1_5.txt,barabasi_albert_10ins_m20,46,SpecAnn-NCV,0.788699717316095,1.0,-30183.000000000004,-28357.000000000004,0.0122616291046142,0,True,34,29,True,79,32,0.7224733233451843,50.70973587036133,-104102.41982371504,2025-11-19 21:16:37
ba_128_1_5.txt,barabasi_albert_10ins_m20,46,SpecAnn-NCV,0.7936757901325451,1.0,-30183.000000000004,-28357.000000000004,0.0122895240783691,0,True,34,29,True,80,32,0.7209732532501221,50.43065643310547,-103314.53731885548,2025-11-19 21:16:37
ba_128_1_5.txt,barabasi_albert_10ins_m20,46,SpecAnn-NCV,0.7986208584745024,1.0,-30183.000000000004,-28357.000000000004,0.012282371520996,0,True,34,29,True,81,32,0.7194721698760986,50.15507507324219,-102536.04093985337,2025-11-19 21:16:37
ba_128_1_5.txt,barabasi_albert_10ins_m20,46,SpecAnn-NCV,0.803535494759617,1.0,-30183.000000000004,-28357.000000000004,0.0122697353363037,0,True,34,29,True,82,32,0.7179698944091797,49.8829231262207,-101766.72287687572,2025-11-19 21:16:37
ba_128_1_5.txt,barabasi_albert_10ins_m20,46,SpecAnn-NCV,0.8084202540056837,1.0,-30183.000000000004,-28357.000000000004,0.0123491287231445,0,True,34,29,True,83,32,0.7164664268493652,49.6141242980957,-101006.38665574769,2025-11-19 21:16:37
ba_128_1_5.txt,barabasi_albert_10ins_m20,46,SpecAnn-NCV,0.8132756745622272,1.0,-30183.000000000004,-28357.000000000004,0.0122866630554199,0,True,34,29,True,84,32,0.7149617671966553,49.348594665527344,-100254.8215377688,2025-11-19 21:16:37
ba_128_1_5.txt,barabasi_albert_10ins_m20,46,SpecAnn-NCV,0.8181022788030096,1.0,-30183.000000000004,-28357.000000000004,0.0123381614685058,0,True,34,29,True,85,32,0.7134557366371155,49.08628082275391,-99511.8550795795,2025-11-19 21:16:37
ba_128_1_5.txt,barabasi_albert_10ins_m20,46,SpecAnn-NCV,0.822900573781978,1.0,-30183.000000000004,-28357.000000000004,0.0122849941253662,0,True,34,29,True,86,32,0.7119482755661011,48.82710647583008,-98777.28644941749,2025-11-19 21:16:37
ba_128_1_5.txt,barabasi_albert_10ins_m20,46,SpecAnn-NCV,0.8276710518549868,1.0,-30183.000000000004,-28357.000000000004,0.0122785568237304,0,True,34,29,True,87,32,0.710439145565033,48.57101440429688,-98050.93004718715,2025-11-19 21:16:37
ba_128_1_5.txt,barabasi_albert_10ins_m20,46,SpecAnn-NCV,0.8324141912694495,1.0,-30183.000000000004,-28357.000000000004,0.0122935771942138,0,True,34,29,True,88,32,0.7089284658432007,48.31792449951172,-97332.60485852497,2025-11-19 21:16:37
ba_128_1_5.txt,barabasi_albert_10ins_m20,46,SpecAnn-NCV,0.8371304567239225,1.0,-30183.000000000004,-28801.0,0.0123343467712402,0,True,34,29,True,89,32,0.7074164152145386,48.06779861450195,-96622.22330875065,2025-11-19 21:16:37
ba_128_1_5.txt,barabasi_albert_10ins_m20,46,SpecAnn-NCV,0.8418202998994706,1.0,-30183.000000000004,-28801.0,0.0123083591461181,0,True,34,29,True,90,32,0.7059023976325989,47.820560455322266,-95919.51609201476,2025-11-19 21:16:37
ba_128_1_5.txt,barabasi_albert_10ins_m20,46,SpecAnn-NCV,0.846484159964536,1.0,-30183.000000000004,-28801.0,0.0123345851898193,0,True,34,29,True,91,32,0.7043867707252502,47.576148986816406,-95224.37626828482,2025-11-19 21:16:37
ba_128_1_5.txt,barabasi_albert_10ins_m20,46,SpecAnn-NCV,0.8511224640549078,1.0,-30183.000000000004,-28801.0,0.0123062133789062,0,True,34,29,True,92,32,0.7028692960739136,47.33452987670898,-94536.67003372876,2025-11-19 21:16:37
ba_128_1_5.txt,barabasi_albert_10ins_m20,46,SpecAnn-NCV,0.8557356277302758,1.0,-30183.000000000004,-28801.0,0.0122401714324951,0,True,34,29,True,93,32,0.7013500332832336,47.09563064575195,-93856.22860651748,2025-11-19 21:16:37
ba_128_1_5.txt,barabasi_albert_10ins_m20,46,SpecAnn-NCV,0.8603240554087516,1.0,-30183.000000000004,-28785.0,0.0122735500335693,0,True,34,29,True,94,32,0.6998286247253418,46.8593978881836,-93182.86658387745,2025-11-19 21:16:37
ba_128_1_5.txt,barabasi_albert_10ins_m20,46,SpecAnn-NCV,0.86488814078064,1.0,-30183.000000000004,-28785.0,0.0122468471527099,0,True,34,29,True,95,32,0.6983052492141724,46.62579345703125,-92516.50170277062,2025-11-19 21:16:37
ba_128_1_5.txt,barabasi_albert_10ins_m20,46,SpecAnn-NCV,0.8694282672026621,1.0,-30183.000000000004,-28785.0,0.012296438217163,0,True,34,29,True,96,32,0.6967799663543701,46.39475631713867,-91856.99076283576,2025-11-19 21:16:37
ba_128_1_5.txt,barabasi_albert_10ins_m20,46,SpecAnn-NCV,0.8739448080737451,1.0,-30183.000000000004,-28785.0,0.0122828483581542,0,True,34,29,True,97,32,0.6952522993087769,46.16624069213867,-91204.15115377869,2025-11-19 21:16:37
ba_128_1_5.txt,barabasi_albert_10ins_m20,46,SpecAnn-NCV,0.878438127193422,1.0,-30183.000000000004,-28785.0,0.0122485160827636,0,True,34,29,True,98,32,0.6937224864959717,45.940208435058594,-90557.91061046082,2025-11-19 21:16:37
ba_128_1_5.txt,barabasi_albert_10ins_m20,46,SpecAnn-NCV,0.8829085791038153,1.0,-30699.000000000004,-28725.0,0.0123274326324462,0,True,34,29,True,99,32,0.692190408706665,45.71659851074219,-89918.10534874653,2025-11-19 21:16:37
ba_128_1_5.txt,barabasi_albert_10ins_m20,46,SpecAnn-NCV,0.8873565094161138,1.0,-30699.000000000004,-28725.0,0.0122439861297607,0,True,34,29,True,100,32,0.6906560659408569,45.49537658691406,-89284.640672843,2025-11-19 21:16:37
ba_128_1_5.txt,barabasi_albert_10ins_m20,46,SpecAnn-NCV,0.8917822551223932,1.0,-30699.000000000004,-28725.0,0.0122418403625488,0,True,34,29,True,101,32,0.6891191601753235,45.276493072509766,-88657.35417266817,2025-11-19 21:16:37
ba_128_1_5.txt,barabasi_albert_10ins_m20,46,SpecAnn-NCV,0.8961861448935777,1.0,-30699.000000000004,-28725.0,0.0122511386871337,0,True,34,29,True,102,32,0.6875799298286438,45.05991363525391,-88036.18344375498,2025-11-19 21:16:37
ba_128_1_5.txt,barabasi_albert_10ins_m20,46,SpecAnn-NCV,0.9005684993642872,1.0,-30699.000000000004,-28933.000000000004,0.0123019218444824,0,True,34,29,True,103,32,0.6860380172729492,44.84558868408203,-87420.9603018314,2025-11-19 21:16:37
ba_128_1_5.txt,barabasi_albert_10ins_m20,46,SpecAnn-NCV,0.9049296314052688,1.0,-30699.000000000004,-29297.000000000007,0.0122694969177246,0,True,34,29,True,104,32,0.6844935417175293,44.63348388671875,-86811.60835726441,2025-11-19 21:16:37
ba_128_1_5.txt,barabasi_albert_10ins_m20,46,SpecAnn-NCV,0.9092698463840684,1.0,-30699.000000000004,-29297.000000000007,0.0122504234313964,0,True,34,29,True,105,32,0.6829465627670288,44.423561096191406,-86208.03651003743,2025-11-19 21:16:37
ba_128_1_5.txt,barabasi_albert_10ins_m20,46,SpecAnn-NCV,0.9135894424145556,1.0,-30699.000000000004,-29427.0,0.012300968170166,0,True,34,29,True,106,32,0.6813966631889343,44.215782165527344,-85610.09418481853,2025-11-19 21:16:37
ba_128_1_5.txt,barabasi_albert_10ins_m20,46,SpecAnn-NCV,0.9178887105958816,1.0,-30699.000000000004,-29427.0,0.0123312473297119,0,True,34,29,True,107,32,0.6798439621925354,44.010101318359375,-85017.6847077073,2025-11-19 21:16:37
ba_128_1_5.txt,barabasi_albert_10ins_m20,46,SpecAnn-NCV,0.922167935241408,1.0,-30699.000000000004,-29427.0,0.0122954845428466,0,True,34,29,True,108,32,0.6782884001731873,43.806488037109375,-84430.71898265871,2025-11-19 21:16:37
ba_128_1_5.txt,barabasi_albert_10ins_m20,46,SpecAnn-NCV,0.92642739409812,1.0,-30989.000000000004,-29047.0,0.0122604370117187,0,True,34,29,True,109,32,0.6767300367355347,43.60491561889648,-83849.13059631994,2025-11-19 21:16:37
ba_128_1_5.txt,barabasi_albert_10ins_m20,46,SpecAnn-NCV,0.9306673585570006,1.0,-30989.000000000004,-29047.0,0.0123291015625,0,True,34,29,True,110,32,0.6751684546470642,43.40533828735352,-83272.75796949404,2025-11-19 21:16:37
ba_128_1_5.txt,barabasi_albert_10ins_m20,46,SpecAnn-NCV,0.9348880938548184,1.0,-30989.000000000004,-29047.0,0.0122621059417724,0,True,34,29,True,111,32,0.6736038327217102,43.20772933959961,-82701.55086338223,2025-11-19 21:16:37
ba_128_1_5.txt,barabasi_albert_10ins_m20,46,SpecAnn-NCV,0.9390898592677528,1.0,-30989.000000000004,-29047.0,0.012263536453247,0,True,34,29,True,112,32,0.6720361113548279,43.01205062866211,-82135.40801517673,2025-11-19 21:16:37
ba_128_1_5.txt,barabasi_albert_10ins_m20,46,SpecAnn-NCV,0.9432729082972536,1.0,-30989.000000000004,-29047.0,0.0122642517089843,0,True,34,29,True,113,32,0.6704651713371277,42.81827926635742,-81574.25069030626,2025-11-19 21:16:37
ba_128_1_5.txt,barabasi_albert_10ins_m20,46,SpecAnn-NCV,0.9474374888485204,1.0,-30989.000000000004,-29047.0,0.0122482776641845,0,True,34,29,True,114,32,0.6688909530639648,42.62636947631836,-81017.96443862346,2025-11-19 21:16:37
ba_128_1_5.txt,barabasi_albert_10ins_m20,46,SpecAnn-NCV,0.9515838434019476,1.0,-30989.000000000004,-28511.0,0.0123460292816162,0,True,34,29,True,115,32,0.6673134565353394,42.436302185058594,-80466.49347531906,2025-11-19 21:16:37
ba_128_1_5.txt,barabasi_albert_10ins_m20,46,SpecAnn-NCV,0.9557122091778746,1.0,-30989.000000000004,-28511.0,0.0122528076171875,0,True,34,29,True,116,32,0.6657323241233826,42.24805068969727,-79919.72488941337,2025-11-19 21:16:37
ba_128_1_5.txt,barabasi_albert_10ins_m20,46,SpecAnn-NCV,0.9598228182949629,1.0,-30735.000000000004,-28475.0,0.0122821331024169,0,True,34,29,True,117,32,0.6641477942466736,42.06157684326172,-79377.5965469139,2025-11-19 21:16:37
ba_128_1_5.txt,barabasi_albert_10ins_m20,46,SpecAnn-NCV,0.963915897922488,1.0,-30735.000000000004,-27943.000000000004,0.0122673511505126,0,True,34,29,True,118,32,0.6625596284866333,41.87685775756836,-78840.01837621657,2025-11-19 21:16:37
ba_128_1_5.txt,barabasi_albert_10ins_m20,46,SpecAnn-NCV,0.967991670426842,1.0,-30735.000000000004,-27943.000000000004,0.0122096538543701,0,True,34,29,True,119,32,0.6609679460525513,41.69386291503906,-78306.92915281895,2025-11-19 21:16:37
ba_128_1_5.txt,barabasi_albert_10ins_m20,46,SpecAnn-NCV,0.9720503535125016,1.0,-30735.000000000004,-27943.000000000004,0.0122294425964355,0,True,34,29,True,120,32,0.6593723297119141,41.51256942749024,-77778.21886810195,2025-11-19 21:16:37
ba_128_1_5.txt,barabasi_albert_10ins_m20,46,SpecAnn-NCV,0.9760921603577252,1.0,-30735.000000000004,-27943.000000000004,0.0121986865997314,0,True,34,29,True,121,32,0.6577730178833008,41.33294296264648,-77253.83429267463,2025-11-19 21:16:37
ba_128_1_5.txt,barabasi_albert_10ins_m20,46,SpecAnn-NCV,0.9801172997452104,1.0,-30735.000000000004,-27943.000000000004,0.0122129917144775,0,True,34,29,True,122,32,0.6561698317527771,41.15496826171875,-76733.70899713549,2025-11-19 21:16:37
ba_128_1_5.txt,barabasi_albert_10ins_m20,46,SpecAnn-NCV,0.9841259761879442,1.0,-30989.000000000004,-28019.0,0.0122978687286376,0,True,34,29,True,123,32,0.6545626521110535,40.97861862182617,-76217.76273918526,2025-11-19 21:16:37
ba_128_1_5.txt,barabasi_albert_10ins_m20,46,SpecAnn-NCV,0.9881183900504562,1.0,-30989.000000000004,-28019.0,0.012223482131958,0,True,34,29,True,124,32,0.6529514193534851,40.803855895996094,-75705.90157100903,2025-11-19 21:16:37
ba_128_1_5.txt,barabasi_albert_10ins_m20,46,SpecAnn-NCV,0.9920947376656812,1.0,-30989.000000000004,-28019.0,0.0122625827789306,0,True,34,29,True,125,32,0.651336133480072,40.630672454833984,-75198.09561433835,2025-11-19 21:16:37
ba_128_1_5.txt,barabasi_albert_10ins_m20,46,SpecAnn-NCV,0.9960552114476228,1.0,-30989.000000000004,-28019.0,0.0122373104095458,0,True,34,29,True,126,32,0.6497166752815247,40.45904159545898,-74694.26610394473,2025-11-19 21:16:37
ba_128_1_5.txt,barabasi_albert_10ins_m20,46,SpecAnn-NCV,1.0,1.0,-30989.000000000004,-27765.0,0.0122506618499755,0,True,34,29,True,127,32,0.6480928659439087,40.2889289855957,-74194.31401510048,2025-11-19 21:16:37
ba_128_1_5.txt,barabasi_albert_10ins_m20,47,SpecAnn-NCV,0.0,1.0,-30317.0,-22711.000000000004,0.0243115425109863,0,True,47,57,True,0,32,0.8686007261276245,129.0,-318388.6362646222,2025-11-19 21:16:38
ba_128_1_5.txt,barabasi_albert_10ins_m20,47,SpecAnn-NCV,0.0887356509416113,1.0,-30223.000000000004,-23455.0,0.012376070022583,0,True,47,29,True,1,32,0.8586320281028748,115.48019409179688,-281748.9133447471,2025-11-19 21:16:38
ba_128_1_5.txt,barabasi_albert_10ins_m20,47,SpecAnn-NCV,0.1254911610276317,1.0,-29987.0,-24203.0,0.0123913288116455,0,True,47,29,True,2,32,0.854166567325592,110.3490219116211,-267829.68918920105,2025-11-19 21:16:38
ba_128_1_5.txt,barabasi_albert_10ins_m20,47,SpecAnn-NCV,0.1536946558735679,1.0,-30013.000000000004,-24321.000000000004,0.0179128646850585,0,True,47,43,True,3,32,0.8505955338478088,106.58424377441406,-257610.62224449773,2025-11-19 21:16:38
ba_128_1_5.txt,barabasi_albert_10ins_m20,47,SpecAnn-NCV,0.1774713018832227,1.0,-30013.000000000004,-24673.0,0.0179996490478515,0,True,47,43,True,4,32,0.8474826812744141,103.52180480957033,-249293.1396625481,2025-11-19 21:16:38
ba_128_1_5.txt,barabasi_albert_10ins_m20,47,SpecAnn-NCV,0.1984189475331362,1.0,-30223.000000000004,-24785.0,0.017942190170288,0,True,47,43,True,5,32,0.8446599841117859,100.90520477294922,-242182.7176782873,2025-11-19 21:16:38
ba_128_1_5.txt,barabasi_albert_10ins_m20,47,SpecAnn-NCV,0.2173570668006655,1.0,-30223.000000000004,-24525.000000000004,0.0179121494293212,0,True,47,43,True,6,32,0.8420411944389343,98.60328674316406,-235924.1453833021,2025-11-19 21:16:38
ba_128_1_5.txt,barabasi_albert_10ins_m20,47,SpecAnn-NCV,0.2347724648169381,1.0,-30223.000000000004,-25049.0,0.0179667472839355,0,True,47,43,True,7,32,0.8395753502845764,96.53836059570312,-230307.0641148924,2025-11-19 21:16:38
ba_128_1_5.txt,barabasi_albert_10ins_m20,47,SpecAnn-NCV,0.2509823220552634,1.0,-30013.000000000004,-26099.0,0.0179040431976318,0,True,47,43,True,8,32,0.837229311466217,94.65989685058594,-225194.67240924443,2025-11-19 21:16:38
ba_128_1_5.txt,barabasi_albert_10ins_m20,47,SpecAnn-NCV,0.2662069528248341,1.0,-30013.000000000004,-26219.000000000004,0.0178992748260498,0,True,47,43,True,9,32,0.8349800705909729,92.93293762207033,-220492.30404338767,2025-11-19 21:16:38
ba_128_1_5.txt,barabasi_albert_10ins_m20,47,SpecAnn-NCV,0.2806067666331568,1.0,-30013.000000000004,-26945.0,0.0179409980773925,0,True,47,43,True,10,32,0.8328113555908203,91.3320770263672,-216131.28367771744,2025-11-19 21:16:38
ba_128_1_5.txt,barabasi_albert_10ins_m20,47,SpecAnn-NCV,0.2943028597012718,1.0,-30013.000000000004,-26945.0,0.0178964138031005,0,True,47,43,True,11,32,0.8307099938392639,89.83819580078125,-212059.6875383814,2025-11-19 21:16:38
ba_128_1_5.txt,barabasi_albert_10ins_m20,47,SpecAnn-NCV,0.3073893117471359,1.0,-30013.000000000004,-26945.0,0.0178408622741699,0,True,47,43,True,12,32,0.828666627407074,88.43646240234375,-208237.4664276442,2025-11-19 21:16:38
ba_128_1_5.txt,barabasi_albert_10ins_m20,47,SpecAnn-NCV,0.3199409394316542,1.0,-30013.000000000004,-26945.0,0.0177905559539794,0,True,47,43,True,13,32,0.8266734480857849,87.1151351928711,-204632.8081543797,2025-11-19 21:16:38
ba_128_1_5.txt,barabasi_albert_10ins_m20,47,SpecAnn-NCV,0.3320184038158743,1.0,-30477.000000000004,-27259.0,0.0177774429321289,0,True,47,43,True,14,32,0.8247243165969849,85.86469268798828,-201219.9700412233,2025-11-19 21:16:38
ba_128_1_5.txt,barabasi_albert_10ins_m20,47,SpecAnn-NCV,0.3436716983117353,1.0,-30013.000000000004,-27191.000000000004,0.0178072452545166,0,True,47,43,True,15,32,0.8228140473365784,84.67733764648438,-197977.826809075,2025-11-19 21:16:38
ba_128_1_5.txt,barabasi_albert_10ins_m20,47,SpecAnn-NCV,0.3549426037664455,1.0,-30013.000000000004,-27191.000000000004,0.0178990364074707,0,True,47,43,True,16,32,0.820938229560852,83.54654693603516,-194888.6941218508,2025-11-19 21:16:38
ba_128_1_5.txt,barabasi_albert_10ins_m20,47,SpecAnn-NCV,0.3658664615902029,1.0,-29975.000000000004,-27107.0,0.0179059505462646,0,True,47,43,True,17,32,0.8190934062004089,82.4668197631836,-191937.72240973663,2025-11-19 21:16:38
ba_128_1_5.txt,barabasi_albert_10ins_m20,47,SpecAnn-NCV,0.3764734830828951,1.0,-29975.000000000004,-27107.0,0.0179712772369384,0,True,47,43,True,18,32,0.8172765374183655,81.4334716796875,-189112.24126934804,2025-11-19 21:16:38
ba_128_1_5.txt,barabasi_albert_10ins_m20,47,SpecAnn-NCV,0.3867897351437838,1.0,-29975.000000000004,-27107.0,0.0122888088226318,0,True,47,29,True,19,32,0.815484881401062,80.4424819946289,-186401.34264658505,2025-11-19 21:16:38
ba_128_1_5.txt,barabasi_albert_10ins_m20,47,SpecAnn-NCV,0.3968378950662725,1.0,-29975.000000000004,-27107.0,0.0123360157012939,0,True,47,29,True,20,32,0.8137161731719971,79.49034118652344,-183795.54037014488,2025-11-19 21:16:38
ba_128_1_5.txt,barabasi_albert_10ins_m20,47,SpecAnn-NCV,0.4066378372811136,1.0,-29975.000000000004,-27107.0,0.0123379230499267,0,True,47,29,True,21,32,0.8119684457778931,78.57398986816406,-181286.56462701963,2025-11-19 21:16:38
ba_128_1_5.txt,barabasi_albert_10ins_m20,47,SpecAnn-NCV,0.4162070956347247,1.0,-29975.000000000004,-27107.0,0.0123188495635986,0,True,47,29,True,22,32,0.8102397918701172,77.69073486328125,-178867.09674951533,2025-11-19 21:16:38
ba_128_1_5.txt,barabasi_albert_10ins_m20,47,SpecAnn-NCV,0.4255612320274539,1.0,-29975.000000000004,-27107.0,0.0123465061187744,0,True,47,29,True,23,32,0.80852872133255,76.83820343017578,-176530.72884920202,2025-11-19 21:16:38
ba_128_1_5.txt,barabasi_albert_10ins_m20,47,SpecAnn-NCV,0.434714133601331,1.0,-29975.000000000004,-27107.0,0.0122678279876708,0,True,47,29,True,24,32,0.8068339228630066,76.0142593383789,-174271.70420223218,2025-11-19 21:16:38
ba_128_1_5.txt,barabasi_albert_10ins_m20,47,SpecAnn-NCV,0.4436782547080569,1.0,-29975.000000000004,-27099.0,0.0124392509460449,0,True,47,29,True,25,32,0.8051539659500122,75.21700286865234,-172084.84349530548,2025-11-19 21:16:38
ba_128_1_5.txt,barabasi_albert_10ins_m20,47,SpecAnn-NCV,0.4524648157026343,1.0,-29975.000000000004,-27099.0,0.012418508529663,0,True,47,29,True,26,32,0.8034878969192505,74.44474029541016,-169965.59497103622,2025-11-19 21:16:38
ba_128_1_5.txt,barabasi_albert_10ins_m20,47,SpecAnn-NCV,0.4610839676207039,1.0,-29975.000000000004,-27099.0,0.0123291015625,0,True,47,29,True,27,32,0.8018345236778259,73.6959228515625,-167909.73386136742,2025-11-19 21:16:38
ba_128_1_5.txt,barabasi_albert_10ins_m20,47,SpecAnn-NCV,0.4695449296338763,1.0,-29975.000000000004,-27099.0,0.0123114585876464,0,True,47,29,True,28,32,0.8001930117607117,72.96916961669922,-165913.53579699382,2025-11-19 21:16:38
ba_128_1_5.txt,barabasi_albert_10ins_m20,47,SpecAnn-NCV,0.4778561045889373,1.0,-29975.000000000004,-26991.0,0.0178735256195068,0,True,47,43,True,29,32,0.7985625863075256,72.26319122314453,-163973.5337148074,2025-11-19 21:16:38
ba_128_1_5.txt,barabasi_albert_10ins_m20,47,SpecAnn-NCV,0.4860251767562508,1.0,-29975.000000000004,-27007.0,0.0123922824859619,0,True,47,29,True,30,32,0.7969423532485962,71.57684326171875,-162086.59878302485,2025-11-19 21:16:38
ba_128_1_5.txt,barabasi_albert_10ins_m20,47,SpecAnn-NCV,0.4940591950252281,1.0,-29975.000000000004,-27007.0,0.0178558826446533,0,True,47,43,True,31,32,0.7953317761421204,70.90907287597656,-160249.9127634304,2025-11-19 21:16:38
ba_128_1_5.txt,barabasi_albert_10ins_m20,47,SpecAnn-NCV,0.5019646441105269,1.0,-29975.000000000004,-27007.0,0.0179591178894042,0,True,47,43,True,32,32,0.7937300205230713,70.2588882446289,-158460.76209889093,2025-11-19 21:16:38
ba_128_1_5.txt,barabasi_albert_10ins_m20,47,SpecAnn-NCV,0.5097475058154177,1.0,-29975.000000000004,-27007.0,0.0180528163909912,0,True,47,43,True,33,32,0.792136549949646,69.62541961669922,-156716.79396199656,2025-11-19 21:16:38
ba_128_1_5.txt,barabasi_albert_10ins_m20,47,SpecAnn-NCV,0.51741331199832,1.0,-29975.000000000004,-27007.0,0.0180516242980957,0,True,47,43,True,34,32,0.7905510067939758,69.00782012939453,-155015.76407357916,2025-11-19 21:16:38
ba_128_1_5.txt,barabasi_albert_10ins_m20,47,SpecAnn-NCV,0.5249671905758515,1.0,-29975.000000000004,-27007.0,0.0124897956848144,0,True,47,29,True,35,32,0.7889724969863892,68.40534210205078,-153355.56622626362,2025-11-19 21:16:38
ba_128_1_5.txt,barabasi_albert_10ins_m20,47,SpecAnn-NCV,0.5324139056496683,1.0,-29975.000000000004,-27261.0,0.0181384086608886,0,True,47,43,True,36,32,0.7874008417129517,67.81727600097656,-151734.33885491852,2025-11-19 21:16:38
ba_128_1_5.txt,barabasi_albert_10ins_m20,47,SpecAnn-NCV,0.5397578926492556,1.0,-29975.000000000004,-27261.0,0.0126857757568359,0,True,47,29,True,37,32,0.7858355641365051,67.24295043945312,-150150.26422836477,2025-11-19 21:16:38
ba_128_1_5.txt,barabasi_albert_10ins_m20,47,SpecAnn-NCV,0.5470032892270364,1.0,-29975.000000000004,-27261.0,0.0123953819274902,0,True,47,29,True,38,32,0.7842761874198914,66.68177795410156,-148601.72825506833,2025-11-19 21:16:38
ba_128_1_5.txt,barabasi_albert_10ins_m20,47,SpecAnn-NCV,0.554153962516942,1.0,-29975.000000000004,-27261.0,0.0123095512390136,0,True,47,29,True,39,32,0.7827221155166626,66.1331787109375,-147087.1262442846,2025-11-19 21:16:38
ba_128_1_5.txt,barabasi_albert_10ins_m20,47,SpecAnn-NCV,0.5612135332663137,1.0,-30477.000000000004,-26871.0,0.0123612880706787,0,True,47,29,True,40,32,0.781173586845398,65.59661865234375,-145605.1258111467,2025-11-19 21:16:38
ba_128_1_5.txt,barabasi_albert_10ins_m20,47,SpecAnn-NCV,0.5681853972686127,1.0,-30477.000000000004,-26895.000000000004,0.0123324394226074,0,True,47,29,True,41,32,0.7796297073364258,65.07159423828125,-144154.2618621705,2025-11-19 21:16:38
ba_128_1_5.txt,barabasi_albert_10ins_m20,47,SpecAnn-NCV,0.5750727444570146,1.0,-30477.000000000004,-26895.000000000004,0.0123171806335449,0,True,47,29,True,42,32,0.7780903577804565,64.55764770507812,-142733.32781367775,2025-11-19 21:16:38
ba_128_1_5.txt,barabasi_albert_10ins_m20,47,SpecAnn-NCV,0.5818785759635375,1.0,-30477.000000000004,-26895.000000000004,0.0122733116149902,0,True,47,29,True,43,32,0.7765552401542664,64.05433654785156,-141341.12778643423,2025-11-19 21:16:38
ba_128_1_5.txt,barabasi_albert_10ins_m20,47,SpecAnn-NCV,0.5886057194025436,1.0,-30477.000000000004,-26895.000000000004,0.0123264789581298,0,True,47,29,True,44,32,0.7750241160392761,63.56124877929688,-139976.5540956312,2025-11-19 21:16:38
ba_128_1_5.txt,barabasi_albert_10ins_m20,47,SpecAnn-NCV,0.5952568425994088,1.0,-30477.000000000004,-27179.0,0.0122942924499511,0,True,47,29,True,45,32,0.7734966278076172,63.0780029296875,-138638.5539898969,2025-11-19 21:16:38
ba_128_1_5.txt,barabasi_albert_10ins_m20,47,SpecAnn-NCV,0.6018344659534288,1.0,-30477.000000000004,-27179.0,0.0122847557067871,0,True,47,29,True,46,32,0.7719724774360657,62.60422134399414,-137326.1029145896,2025-11-19 21:16:38
ba_128_1_5.txt,barabasi_albert_10ins_m20,47,SpecAnn-NCV,0.6083409735974393,1.0,-30477.000000000004,-27179.0,0.0122625827789306,0,True,47,29,True,47,32,0.770451545715332,62.13957595825195,-136038.32516437132,2025-11-19 21:16:38
ba_128_1_5.txt,barabasi_albert_10ins_m20,47,SpecAnn-NCV,0.6147786234942719,1.0,-30189.0,-27155.000000000004,0.0123486518859863,0,True,47,29,True,48,32,0.7689335346221924,61.68373107910156,-134774.3038372919,2025-11-19 21:16:38
ba_128_1_5.txt,barabasi_albert_10ins_m20,47,SpecAnn-NCV,0.6211495565912796,1.0,-30189.0,-27155.000000000004,0.0122921466827392,0,True,47,29,True,49,32,0.7674184441566467,61.23637390136719,-133533.23159409437,2025-11-19 21:16:38
ba_128_1_5.txt,barabasi_albert_10ins_m20,47,SpecAnn-NCV,0.6274558051381586,1.0,-30189.0,-27155.000000000004,0.0122871398925781,0,True,47,29,True,50,32,0.7659057378768921,60.79722213745117,-132314.28065294467,2025-11-19 21:16:38
ba_128_1_5.txt,barabasi_albert_10ins_m20,47,SpecAnn-NCV,0.6336993002596786,1.0,-30189.0,-27155.000000000004,0.0122478008270263,0,True,47,29,True,51,32,0.7643953561782837,60.36599349975586,-131116.71291819066,2025-11-19 21:16:38
ba_128_1_5.txt,barabasi_albert_10ins_m20,47,SpecAnn-NCV,0.6398818788633085,1.0,-30189.0,-27155.000000000004,0.0122325420379638,0,True,47,29,True,52,32,0.7628872394561768,59.94243240356445,-129939.85363788226,2025-11-19 21:16:38
ba_128_1_5.txt,barabasi_albert_10ins_m20,47,SpecAnn-NCV,0.6460052899517691,1.0,-30189.0,-27155.000000000004,0.0122952461242675,0,True,47,29,True,53,32,0.7613810896873474,59.52627182006836,-128782.96794417952,2025-11-19 21:16:38
ba_128_1_5.txt,barabasi_albert_10ins_m20,47,SpecAnn-NCV,0.6520712004019966,1.0,-30189.0,-27155.000000000004,0.0122821331024169,0,True,47,29,True,54,32,0.7598767280578613,59.11729431152344,-127645.4543157899,2025-11-19 21:16:38
ba_128_1_5.txt,barabasi_albert_10ins_m20,47,SpecAnn-NCV,0.6580812002646271,1.0,-30189.0,-28003.000000000004,0.0122754573822021,0,True,47,29,True,55,32,0.7583739161491394,58.71526336669922,-126526.66496297998,2025-11-19 21:16:38
ba_128_1_5.txt,barabasi_albert_10ins_m20,47,SpecAnn-NCV,0.6640368076317485,1.0,-30189.0,-28003.000000000004,0.0123159885406494,0,True,47,29,True,56,32,0.7568727135658264,58.31997680664063,-125426.08064474745,2025-11-19 21:16:38
ba_128_1_5.txt,barabasi_albert_10ins_m20,47,SpecAnn-NCV,0.6699394731151429,1.0,-30189.0,-28003.000000000004,0.0122857093811035,0,True,47,29,True,57,32,0.7553728222846985,57.93120956420898,-124343.07748984764,2025-11-19 21:16:38
ba_128_1_5.txt,barabasi_albert_10ins_m20,47,SpecAnn-NCV,0.6757905839724513,1.0,-30189.0,-28003.000000000004,0.0122413635253906,0,True,47,29,True,58,32,0.7538740634918213,57.54877471923828,-123277.13814922172,2025-11-19 21:16:38
ba_128_1_5.txt,barabasi_albert_10ins_m20,47,SpecAnn-NCV,0.6815914679145113,1.0,-30189.0,-28003.000000000004,0.0123205184936523,0,True,47,29,True,59,32,0.7523764371871948,57.172489166259766,-122227.78657001266,2025-11-19 21:16:38
ba_128_1_5.txt,barabasi_albert_10ins_m20,47,SpecAnn-NCV,0.6873433966234707,1.0,-30189.0,-28003.000000000004,0.0122904777526855,0,True,47,29,True,60,32,0.7508797645568848,56.80217361450195,-121194.52921405828,2025-11-19 21:16:38
ba_128_1_5.txt,barabasi_albert_10ins_m20,47,SpecAnn-NCV,0.6930475890080863,1.0,-30189.0,-28003.000000000004,0.0122616291046142,0,True,47,29,True,61,32,0.7493839263916016,56.43766021728516,-120176.91037747022,2025-11-19 21:16:38
ba_128_1_5.txt,barabasi_albert_10ins_m20,47,SpecAnn-NCV,0.6987052142198116,1.0,-30189.0,-28263.0,0.0122878551483154,0,True,47,29,True,62,32,0.7478887438774109,56.07877349853516,-119174.45208002006,2025-11-19 21:16:38
ba_128_1_5.txt,barabasi_albert_10ins_m20,47,SpecAnn-NCV,0.7043173944508145,1.0,-30189.0,-28263.0,0.0122802257537841,0,True,47,29,True,63,32,0.7463940382003784,55.725364685058594,-118186.73675598,2025-11-19 21:16:38
ba_128_1_5.txt,barabasi_albert_10ins_m20,47,SpecAnn-NCV,0.709885207532891,1.0,-30189.0,-28263.0,0.0122923851013183,0,True,47,29,True,64,32,0.7448998093605042,55.377288818359375,-117213.38634752638,2025-11-19 21:16:38
ba_128_1_5.txt,barabasi_albert_10ins_m20,47,SpecAnn-NCV,0.7154096893543218,1.0,-30189.0,-28263.0,0.0122947692871093,0,True,47,29,True,65,32,0.7434059977531433,55.03438568115234,-116253.9837489976,2025-11-19 21:16:38
ba_128_1_5.txt,barabasi_albert_10ins_m20,47,SpecAnn-NCV,0.7208918361100219,1.0,-30189.0,-28263.0,0.0122711658477783,0,True,47,29,True,66,32,0.7419124245643616,54.69654083251953,-115308.19282195692,2025-11-19 21:16:38
ba_128_1_5.txt,barabasi_albert_10ins_m20,47,SpecAnn-NCV,0.7263326063988248,1.0,-30189.0,-28263.0,0.0123085975646972,0,True,47,29,True,67,32,0.7404188513755798,54.36359405517578,-114375.57456702807,2025-11-19 21:16:38
ba_128_1_5.txt,barabasi_albert_10ins_m20,47,SpecAnn-NCV,0.7317329231804058,1.0,-30189.0,-28263.0,0.012359619140625,0,True,47,29,True,68,32,0.7389253973960876,54.03544998168945,-113455.88468692428,2025-11-19 21:16:39
ba_128_1_5.txt,barabasi_albert_10ins_m20,47,SpecAnn-NCV,0.7370936756031579,1.0,-30189.0,-28263.0,0.0123202800750732,0,True,47,29,True,69,32,0.7374319434165955,53.71196746826172,-112548.74775660396,2025-11-19 21:16:39
ba_128_1_5.txt,barabasi_albert_10ins_m20,47,SpecAnn-NCV,0.7424157207132704,1.0,-30189.0,-28263.0,0.0124144554138183,0,True,47,29,True,70,32,0.7359382510185242,53.39302444458008,-111653.81298832684,2025-11-19 21:16:39
ba_128_1_5.txt,barabasi_albert_10ins_m20,47,SpecAnn-NCV,0.7476998850543153,1.0,-30189.0,-28263.0,0.0122923851013183,0,True,47,29,True,71,32,0.7344444394111633,53.078521728515625,-110770.83422301458,2025-11-19 21:16:39
ba_128_1_5.txt,barabasi_albert_10ins_m20,47,SpecAnn-NCV,0.7529469661657903,1.0,-30189.0,-28329.000000000004,0.0123147964477539,0,True,47,29,True,72,32,0.7329500913619995,52.768333435058594,-109899.43049899886,2025-11-19 21:16:39
ba_128_1_5.txt,barabasi_albert_10ins_m20,47,SpecAnn-NCV,0.7581577339883167,1.0,-30189.0,-28329.000000000004,0.0122830867767333,0,True,47,29,True,73,32,0.731455385684967,52.462364196777344,-109039.37671675337,2025-11-19 21:16:39
ba_128_1_5.txt,barabasi_albert_10ins_m20,47,SpecAnn-NCV,0.7633329321824984,1.0,-30189.0,-28329.000000000004,0.012303352355957,0,True,47,29,True,74,32,0.7299602031707764,52.16051864624024,-108190.4045735301,2025-11-19 21:16:39
ba_128_1_5.txt,barabasi_albert_10ins_m20,47,SpecAnn-NCV,0.7684732793678399,1.0,-30189.0,-28329.000000000004,0.0122909545898437,0,True,47,29,True,75,32,0.7284643054008484,51.86268997192383,-107352.2065092323,2025-11-19 21:16:39
ba_128_1_5.txt,barabasi_albert_10ins_m20,47,SpecAnn-NCV,0.7735794702875677,1.0,-30189.0,-28329.000000000004,0.01224946975708,0,True,47,29,True,76,32,0.7269677519798279,51.56878662109375,-106524.552732953,2025-11-19 21:16:39
ba_128_1_5.txt,barabasi_albert_10ins_m20,47,SpecAnn-NCV,0.7786521769046981,1.0,-30189.0,-28357.000000000004,0.0123703479766845,0,True,47,29,True,77,32,0.7254704833030701,51.278717041015625,-105707.1973965882,2025-11-19 21:16:39
ba_128_1_5.txt,barabasi_albert_10ins_m20,47,SpecAnn-NCV,0.7836920494342511,1.0,-30189.0,-28357.000000000004,0.0123157501220703,0,True,47,29,True,78,32,0.7239723801612854,50.99239730834961,-104899.90341932862,2025-11-19 21:16:39
ba_128_1_5.txt,barabasi_albert_10ins_m20,47,SpecAnn-NCV,0.788699717316095,1.0,-30189.0,-28357.000000000004,0.012345552444458,0,True,47,29,True,79,32,0.7224733233451843,50.70973587036133,-104102.41982371504,2025-11-19 21:16:39
ba_128_1_5.txt,barabasi_albert_10ins_m20,47,SpecAnn-NCV,0.7936757901325451,1.0,-30189.0,-28357.000000000004,0.0123512744903564,0,True,47,29,True,80,32,0.7209732532501221,50.43065643310547,-103314.53731885548,2025-11-19 21:16:39
ba_128_1_5.txt,barabasi_albert_10ins_m20,47,SpecAnn-NCV,0.7986208584745024,1.0,-30189.0,-28357.000000000004,0.0123171806335449,0,True,47,29,True,81,32,0.7194721698760986,50.15507507324219,-102536.04093985337,2025-11-19 21:16:39
ba_128_1_5.txt,barabasi_albert_10ins_m20,47,SpecAnn-NCV,0.803535494759617,1.0,-30189.0,-28357.000000000004,0.0122821331024169,0,True,47,29,True,82,32,0.7179698944091797,49.8829231262207,-101766.72287687572,2025-11-19 21:16:39
ba_128_1_5.txt,barabasi_albert_10ins_m20,47,SpecAnn-NCV,0.8084202540056837,1.0,-30189.0,-28357.000000000004,0.0122675895690917,0,True,47,29,True,83,32,0.7164664268493652,49.6141242980957,-101006.38665574769,2025-11-19 21:16:39
ba_128_1_5.txt,barabasi_albert_10ins_m20,47,SpecAnn-NCV,0.8132756745622272,1.0,-30189.0,-28357.000000000004,0.0122621059417724,0,True,47,29,True,84,32,0.7149617075920105,49.348594665527344,-100254.8131797652,2025-11-19 21:16:39
ba_128_1_5.txt,barabasi_albert_10ins_m20,47,SpecAnn-NCV,0.8181022788030096,1.0,-30189.0,-28357.000000000004,0.012286901473999,0,True,47,29,True,85,32,0.7134557366371155,49.08628082275391,-99511.8550795795,2025-11-19 21:16:39
ba_128_1_5.txt,barabasi_albert_10ins_m20,47,SpecAnn-NCV,0.822900573781978,1.0,-30189.0,-28357.000000000004,0.0122838020324707,0,True,47,29,True,86,32,0.7119480967521667,48.82710647583008,-98777.26164037472,2025-11-19 21:16:39
ba_128_1_5.txt,barabasi_albert_10ins_m20,47,SpecAnn-NCV,0.8276710518549868,1.0,-30189.0,-28357.000000000004,0.0122323036193847,0,True,47,29,True,87,32,0.7104390859603882,48.57101440429688,-98050.9218208797,2025-11-19 21:16:39
ba_128_1_5.txt,barabasi_albert_10ins_m20,47,SpecAnn-NCV,0.8324141912694495,1.0,-30189.0,-28357.000000000004,0.0122880935668945,0,True,47,29,True,88,32,0.7089285254478455,48.31792449951172,-97332.61304196744,2025-11-19 21:16:39
ba_128_1_5.txt,barabasi_albert_10ins_m20,47,SpecAnn-NCV,0.8371304567239225,1.0,-30189.0,-28801.0,0.0122766494750976,0,True,47,29,True,89,32,0.7074163556098938,48.06779861450195,-96622.21516767112,2025-11-19 21:16:39
ba_128_1_5.txt,barabasi_albert_10ins_m20,47,SpecAnn-NCV,0.8418202998994706,1.0,-30189.0,-28801.0,0.0122363567352294,0,True,47,29,True,90,32,0.7059024572372437,47.820560455322266,-95919.5241912204,2025-11-19 21:16:39
ba_128_1_5.txt,barabasi_albert_10ins_m20,47,SpecAnn-NCV,0.846484159964536,1.0,-30189.0,-28801.0,0.012256383895874,0,True,47,29,True,91,32,0.7043867707252502,47.576148986816406,-95224.37626828482,2025-11-19 21:16:39
ba_128_1_5.txt,barabasi_albert_10ins_m20,47,SpecAnn-NCV,0.8511224640549078,1.0,-30189.0,-28801.0,0.0122714042663574,0,True,47,29,True,92,32,0.7028692960739136,47.33452987670898,-94536.67003372876,2025-11-19 21:16:39
ba_128_1_5.txt,barabasi_albert_10ins_m20,47,SpecAnn-NCV,0.8557356277302758,1.0,-30189.0,-28801.0,0.0122437477111816,0,True,47,29,True,93,32,0.7013499736785889,47.09563064575195,-93856.22063009074,2025-11-19 21:16:39
ba_128_1_5.txt,barabasi_albert_10ins_m20,47,SpecAnn-NCV,0.8603240554087516,1.0,-30189.0,-28785.0,0.0122904777526855,0,True,47,29,True,94,32,0.6998286247253418,46.8593978881836,-93182.86658387745,2025-11-19 21:16:39
ba_128_1_5.txt,barabasi_albert_10ins_m20,47,SpecAnn-NCV,0.86488814078064,1.0,-30189.0,-28785.0,0.0122709274291992,0,True,47,29,True,95,32,0.6983052492141724,46.62579345703125,-92516.50170277062,2025-11-19 21:16:39
ba_128_1_5.txt,barabasi_albert_10ins_m20,47,SpecAnn-NCV,0.8694282672026621,1.0,-30189.0,-28785.0,0.0123090744018554,0,True,47,29,True,96,32,0.6967799067497253,46.39475631713867,-91856.9829051137,2025-11-19 21:16:39
ba_128_1_5.txt,barabasi_albert_10ins_m20,47,SpecAnn-NCV,0.8739448080737451,1.0,-30189.0,-28785.0,0.0122854709625244,0,True,47,29,True,97,32,0.6952522993087769,46.16624069213867,-91204.15115377869,2025-11-19 21:16:39
ba_128_1_5.txt,barabasi_albert_10ins_m20,47,SpecAnn-NCV,0.878438127193422,1.0,-30189.0,-28785.0,0.0122556686401367,0,True,47,29,True,98,32,0.6937224864959717,45.940208435058594,-90557.91061046082,2025-11-19 21:16:39
ba_128_1_5.txt,barabasi_albert_10ins_m20,47,SpecAnn-NCV,0.8829085791038153,1.0,-30989.000000000004,-28725.0,0.0122537612915039,0,True,47,29,True,99,32,0.692190408706665,45.71659851074219,-89918.10534874653,2025-11-19 21:16:39
ba_128_1_5.txt,barabasi_albert_10ins_m20,47,SpecAnn-NCV,0.8873565094161138,1.0,-30989.000000000004,-28725.0,0.0122561454772949,0,True,47,29,True,100,32,0.6906560659408569,45.49537658691406,-89284.640672843,2025-11-19 21:16:39
ba_128_1_5.txt,barabasi_albert_10ins_m20,47,SpecAnn-NCV,0.8917822551223932,1.0,-30989.000000000004,-28725.0,0.0122232437133789,0,True,47,29,True,101,32,0.6891191601753235,45.276493072509766,-88657.35417266817,2025-11-19 21:16:39
ba_128_1_5.txt,barabasi_albert_10ins_m20,47,SpecAnn-NCV,0.8961861448935777,1.0,-30989.000000000004,-28725.0,0.0122625827789306,0,True,47,29,True,102,32,0.6875799298286438,45.05991363525391,-88036.18344375498,2025-11-19 21:16:39
ba_128_1_5.txt,barabasi_albert_10ins_m20,47,SpecAnn-NCV,0.9005684993642872,1.0,-30989.000000000004,-28933.000000000004,0.0122961997985839,0,True,47,29,True,103,32,0.6860379576683044,44.84558868408203,-87420.9527064866,2025-11-19 21:16:39
ba_128_1_5.txt,barabasi_albert_10ins_m20,47,SpecAnn-NCV,0.9049296314052688,1.0,-30989.000000000004,-29297.000000000007,0.0123388767242431,0,True,47,29,True,104,32,0.6844935417175293,44.63348388671875,-86811.60835726441,2025-11-19 21:16:39
ba_128_1_5.txt,barabasi_albert_10ins_m20,47,SpecAnn-NCV,0.9092698463840684,1.0,-30989.000000000004,-29297.000000000007,0.0123336315155029,0,True,47,29,True,105,32,0.682946503162384,44.423561096191406,-86208.02898617001,2025-11-19 21:16:39
ba_128_1_5.txt,barabasi_albert_10ins_m20,47,SpecAnn-NCV,0.9135894424145556,1.0,-30989.000000000004,-29427.0,0.012315034866333,0,True,47,29,True,106,32,0.6813966631889343,44.215782165527344,-85610.09418481853,2025-11-19 21:16:39
ba_128_1_5.txt,barabasi_albert_10ins_m20,47,SpecAnn-NCV,0.9178887105958816,1.0,-30989.000000000004,-29427.0,0.0122880935668945,0,True,47,29,True,107,32,0.6798439621925354,44.010101318359375,-85017.6847077073,2025-11-19 21:16:39
ba_128_1_5.txt,barabasi_albert_10ins_m20,47,SpecAnn-NCV,0.922167935241408,1.0,-30989.000000000004,-29427.0,0.0122463703155517,0,True,47,29,True,108,32,0.6782884001731873,43.806488037109375,-84430.71898265871,2025-11-19 21:16:39
ba_128_1_5.txt,barabasi_albert_10ins_m20,47,SpecAnn-NCV,0.92642739409812,1.0,-30989.000000000004,-29047.0,0.0122487545013427,0,True,47,29,True,109,32,0.6767299175262451,43.60491561889648,-83849.11582588751,2025-11-19 21:16:39
ba_128_1_5.txt,barabasi_albert_10ins_m20,47,SpecAnn-NCV,0.9306673585570006,1.0,-30989.000000000004,-29047.0,0.0122458934783935,0,True,47,29,True,110,32,0.6751683950424194,43.40533828735352,-83272.75061807956,2025-11-19 21:16:39
ba_128_1_5.txt,barabasi_albert_10ins_m20,47,SpecAnn-NCV,0.9348880938548184,1.0,-30989.000000000004,-29047.0,0.0122504234313964,0,True,47,29,True,111,32,0.6736038327217102,43.20772933959961,-82701.55086338223,2025-11-19 21:16:39
ba_128_1_5.txt,barabasi_albert_10ins_m20,47,SpecAnn-NCV,0.9390898592677528,1.0,-30989.000000000004,-29047.0,0.0122363567352294,0,True,47,29,True,112,32,0.6720361113548279,43.01205062866211,-82135.40801517673,2025-11-19 21:16:39
ba_128_1_5.txt,barabasi_albert_10ins_m20,47,SpecAnn-NCV,0.9432729082972536,1.0,-30989.000000000004,-29047.0,0.0122921466827392,0,True,47,29,True,113,32,0.6704652309417725,42.81827926635742,-81574.25794229256,2025-11-19 21:16:39
ba_128_1_5.txt,barabasi_albert_10ins_m20,47,SpecAnn-NCV,0.9474374888485204,1.0,-30989.000000000004,-29047.0,0.0122437477111816,0,True,47,29,True,114,32,0.6688910126686096,42.62636947631836,-81017.97165810665,2025-11-19 21:16:39
ba_128_1_5.txt,barabasi_albert_10ins_m20,47,SpecAnn-NCV,0.9515838434019476,1.0,-30989.000000000004,-28511.0,0.0122525691986083,0,True,47,29,True,115,32,0.6673133969306946,42.436302185058594,-80466.48628802694,2025-11-19 21:16:39
ba_128_1_5.txt,barabasi_albert_10ins_m20,47,SpecAnn-NCV,0.9557122091778746,1.0,-30989.000000000004,-28511.0,0.0122358798980712,0,True,47,29,True,116,32,0.6657323241233826,42.24805068969727,-79919.72488941337,2025-11-19 21:16:39
ba_128_1_5.txt,barabasi_albert_10ins_m20,47,SpecAnn-NCV,0.9598228182949629,1.0,-30989.000000000004,-28475.0,0.0123047828674316,0,True,47,29,True,117,32,0.6641477942466736,42.06157684326172,-79377.5965469139,2025-11-19 21:16:39
ba_128_1_5.txt,barabasi_albert_10ins_m20,47,SpecAnn-NCV,0.963915897922488,1.0,-30989.000000000004,-27943.000000000004,0.0122833251953125,0,True,47,29,True,118,32,0.6625596284866333,41.87685775756836,-78840.01837621657,2025-11-19 21:16:39
ba_128_1_5.txt,barabasi_albert_10ins_m20,47,SpecAnn-NCV,0.967991670426842,1.0,-30989.000000000004,-27943.000000000004,0.0123939514160156,0,True,47,29,True,119,32,0.6609678864479065,41.69386291503906,-78306.92209127122,2025-11-19 21:16:39
ba_128_1_5.txt,barabasi_albert_10ins_m20,47,SpecAnn-NCV,0.9720503535125016,1.0,-30989.000000000004,-27943.000000000004,0.0122807025909423,0,True,47,29,True,120,32,0.6593722701072693,41.51256942749024,-77778.21183725928,2025-11-19 21:16:39
ba_128_1_5.txt,barabasi_albert_10ins_m20,47,SpecAnn-NCV,0.9760921603577252,1.0,-30989.000000000004,-27943.000000000004,0.0122652053833007,0,True,47,29,True,121,32,0.6577730774879456,41.33294296264648,-77253.84129309456,2025-11-19 21:16:39
ba_128_1_5.txt,barabasi_albert_10ins_m20,47,SpecAnn-NCV,0.9801172997452104,1.0,-30989.000000000004,-27943.000000000004,0.0122087001800537,0,True,47,29,True,122,32,0.6561697721481323,41.15496826171875,-76733.70202685852,2025-11-19 21:16:39
ba_128_1_5.txt,barabasi_albert_10ins_m20,47,SpecAnn-NCV,0.9841259761879442,1.0,-31215.0,-28019.0,0.0123102664947509,0,True,47,29,True,123,32,0.6545626521110535,40.97861862182617,-76217.76273918526,2025-11-19 21:16:39
ba_128_1_5.txt,barabasi_albert_10ins_m20,47,SpecAnn-NCV,0.9881183900504562,1.0,-31215.0,-28019.0,0.0122303962707519,0,True,47,29,True,124,32,0.6529514193534851,40.803855895996094,-75705.90157100903,2025-11-19 21:16:39
ba_128_1_5.txt,barabasi_albert_10ins_m20,47,SpecAnn-NCV,0.9920947376656812,1.0,-31215.0,-28019.0,0.0122735500335693,0,True,47,29,True,125,32,0.651336133480072,40.630672454833984,-75198.09561433835,2025-11-19 21:16:39
ba_128_1_5.txt,barabasi_albert_10ins_m20,47,SpecAnn-NCV,0.9960552114476228,1.0,-31215.0,-28019.0,0.0122451782226562,0,True,47,29,True,126,32,0.6497166752815247,40.45904159545898,-74694.26610394473,2025-11-19 21:16:39
ba_128_1_5.txt,barabasi_albert_10ins_m20,47,SpecAnn-NCV,1.0,1.0,-30989.000000000004,-27765.0,0.0122807025909423,0,True,47,29,True,127,32,0.6480928659439087,40.2889289855957,-74194.31401510048,2025-11-19 21:16:39
ba_128_1_5.txt,barabasi_albert_10ins_m20,48,SpecAnn-NCV,0.0,1.0,-30059.000000000004,-22711.000000000004,0.0242657661437988,0,True,28,57,True,0,32,0.8686005473136902,129.0,-318388.57071974874,2025-11-19 21:16:39
ba_128_1_5.txt,barabasi_albert_10ins_m20,48,SpecAnn-NCV,0.0887356509416113,1.0,-30467.000000000007,-23455.0,0.012355089187622,0,True,28,29,True,1,32,0.8586320281028748,115.48019409179688,-281748.9133447471,2025-11-19 21:16:39
ba_128_1_5.txt,barabasi_albert_10ins_m20,48,SpecAnn-NCV,0.1254911610276317,1.0,-30151.0,-24203.0,0.0124201774597167,0,True,28,29,True,2,32,0.854166567325592,110.3490219116211,-267829.68918920105,2025-11-19 21:16:39
ba_128_1_5.txt,barabasi_albert_10ins_m20,48,SpecAnn-NCV,0.1536946558735679,1.0,-30213.000000000007,-24321.000000000004,0.0180401802062988,0,True,28,43,True,3,32,0.8505954146385193,106.58424377441406,-257610.58614087617,2025-11-19 21:16:39
ba_128_1_5.txt,barabasi_albert_10ins_m20,48,SpecAnn-NCV,0.1774713018832227,1.0,-30039.0,-24673.0,0.0179383754730224,0,True,28,43,True,4,32,0.8474827408790588,103.52180480957033,-249293.15719568403,2025-11-19 21:16:39
ba_128_1_5.txt,barabasi_albert_10ins_m20,48,SpecAnn-NCV,0.1984189475331362,1.0,-30281.0,-24785.0,0.0179593563079834,0,True,28,43,True,5,32,0.8446599245071411,100.90520477294922,-242182.70058831605,2025-11-19 21:16:39
ba_128_1_5.txt,barabasi_albert_10ins_m20,48,SpecAnn-NCV,0.2173570668006655,1.0,-30281.0,-24525.000000000004,0.0179309844970703,0,True,28,43,True,6,32,0.8420411944389343,98.60328674316406,-235924.1453833021,2025-11-19 21:16:39
ba_128_1_5.txt,barabasi_albert_10ins_m20,48,SpecAnn-NCV,0.2347724648169381,1.0,-30281.0,-25049.0,0.0179309844970703,0,True,28,43,True,7,32,0.8395754098892212,96.53836059570312,-230307.08046526607,2025-11-19 21:16:39
ba_128_1_5.txt,barabasi_albert_10ins_m20,48,SpecAnn-NCV,0.2509823220552634,1.0,-30039.0,-26099.0,0.0178909301757812,0,True,28,43,True,8,32,0.8372293710708618,94.65989685058594,-225194.6884414692,2025-11-19 21:16:40
ba_128_1_5.txt,barabasi_albert_10ins_m20,48,SpecAnn-NCV,0.2662069528248341,1.0,-30213.000000000007,-26219.000000000004,0.0179488658905029,0,True,28,43,True,9,32,0.8349802494049072,92.93293762207033,-220492.35126259417,2025-11-19 21:16:40
ba_128_1_5.txt,barabasi_albert_10ins_m20,48,SpecAnn-NCV,0.2806067666331568,1.0,-30013.000000000004,-26945.0,0.0179736614227294,0,True,28,43,True,10,32,0.8328112959861755,91.3320770263672,-216131.26820911423,2025-11-19 21:16:40
ba_128_1_5.txt,barabasi_albert_10ins_m20,48,SpecAnn-NCV,0.2943028597012718,1.0,-30013.000000000004,-26945.0,0.017888069152832,0,True,28,43,True,11,32,0.8307099938392639,89.83819580078125,-212059.6875383814,2025-11-19 21:16:40
ba_128_1_5.txt,barabasi_albert_10ins_m20,48,SpecAnn-NCV,0.3073893117471359,1.0,-30013.000000000004,-26945.0,0.0178766250610351,0,True,28,43,True,12,32,0.828666627407074,88.43646240234375,-208237.4664276442,2025-11-19 21:16:40
ba_128_1_5.txt,barabasi_albert_10ins_m20,48,SpecAnn-NCV,0.3199409394316542,1.0,-30013.000000000004,-26945.0,0.017892837524414,0,True,28,43,True,13,32,0.8266735076904297,87.1151351928711,-204632.8229087738,2025-11-19 21:16:40
ba_128_1_5.txt,barabasi_albert_10ins_m20,48,SpecAnn-NCV,0.3320184038158743,1.0,-30013.000000000004,-27259.0,0.0179712772369384,0,True,28,43,True,14,32,0.8247243762016296,85.86469268798828,-201219.98458383424,2025-11-19 21:16:40
ba_128_1_5.txt,barabasi_albert_10ins_m20,48,SpecAnn-NCV,0.3436716983117353,1.0,-30223.000000000004,-27191.000000000004,0.0179669857025146,0,True,28,43,True,15,32,0.8228139877319336,84.67733764648438,-197977.8124675624,2025-11-19 21:16:40
ba_128_1_5.txt,barabasi_albert_10ins_m20,48,SpecAnn-NCV,0.3549426037664455,1.0,-30223.000000000004,-27191.000000000004,0.0178773403167724,0,True,28,43,True,16,32,0.820938229560852,83.54654693603516,-194888.6941218508,2025-11-19 21:16:40
ba_128_1_5.txt,barabasi_albert_10ins_m20,48,SpecAnn-NCV,0.3658664615902029,1.0,-29999.0,-27107.0,0.0179593563079834,0,True,28,43,True,17,32,0.8190934658050537,82.4668197631836,-191937.73637686137,2025-11-19 21:16:40
ba_128_1_5.txt,barabasi_albert_10ins_m20,48,SpecAnn-NCV,0.3764734830828951,1.0,-29999.0,-27107.0,0.0179557800292968,0,True,28,43,True,18,32,0.8172765374183655,81.4334716796875,-189112.24126934804,2025-11-19 21:16:40
ba_128_1_5.txt,barabasi_albert_10ins_m20,48,SpecAnn-NCV,0.3867897351437838,1.0,-29999.0,-27107.0,0.0123474597930908,0,True,28,29,True,19,32,0.815484881401062,80.4424819946289,-186401.34264658505,2025-11-19 21:16:40
ba_128_1_5.txt,barabasi_albert_10ins_m20,48,SpecAnn-NCV,0.3968378950662725,1.0,-29999.0,-27107.0,0.0123958587646484,0,True,28,29,True,20,32,0.8137161731719971,79.49034118652344,-183795.54037014488,2025-11-19 21:16:40
ba_128_1_5.txt,barabasi_albert_10ins_m20,48,SpecAnn-NCV,0.4066378372811136,1.0,-29999.0,-27107.0,0.0124306678771972,0,True,28,29,True,21,32,0.8119684457778931,78.57398986816406,-181286.56462701963,2025-11-19 21:16:40
ba_128_1_5.txt,barabasi_albert_10ins_m20,48,SpecAnn-NCV,0.4162070956347247,1.0,-29999.0,-27107.0,0.0124695301055908,0,True,28,29,True,22,32,0.8102397322654724,77.69073486328125,-178867.08359129986,2025-11-19 21:16:40
ba_128_1_5.txt,barabasi_albert_10ins_m20,48,SpecAnn-NCV,0.4255612320274539,1.0,-29999.0,-27107.0,0.0125398635864257,0,True,28,29,True,23,32,0.80852872133255,76.83820343017578,-176530.72884920202,2025-11-19 21:16:40
ba_128_1_5.txt,barabasi_albert_10ins_m20,48,SpecAnn-NCV,0.434714133601331,1.0,-29999.0,-27107.0,0.0124297142028808,0,True,28,29,True,24,32,0.8068338632583618,76.0142593383789,-174271.6913279557,2025-11-19 21:16:40
ba_128_1_5.txt,barabasi_albert_10ins_m20,48,SpecAnn-NCV,0.4436782547080569,1.0,-29999.0,-27099.0,0.0124881267547607,0,True,28,29,True,25,32,0.8051539659500122,75.21700286865234,-172084.84349530548,2025-11-19 21:16:40
ba_128_1_5.txt,barabasi_albert_10ins_m20,48,SpecAnn-NCV,0.4524648157026343,1.0,-29999.0,-27099.0,0.012587547302246,0,True,28,29,True,26,32,0.8034878373146057,74.44474029541016,-169965.5823625838,2025-11-19 21:16:40
ba_128_1_5.txt,barabasi_albert_10ins_m20,48,SpecAnn-NCV,0.4610839676207039,1.0,-29999.0,-27099.0,0.0125300884246826,0,True,28,29,True,27,32,0.8018344640731812,73.6959228515625,-167909.72137973967,2025-11-19 21:16:40
ba_128_1_5.txt,barabasi_albert_10ins_m20,48,SpecAnn-NCV,0.4695449296338763,1.0,-29999.0,-27099.0,0.0123484134674072,0,True,28,29,True,28,32,0.8001930713653564,72.96916961669922,-165913.54815553385,2025-11-19 21:16:40
ba_128_1_5.txt,barabasi_albert_10ins_m20,48,SpecAnn-NCV,0.4778561045889373,1.0,-30013.000000000004,-26991.0,0.0178067684173584,0,True,28,43,True,29,32,0.7985625267028809,72.26319122314453,-163973.52147583655,2025-11-19 21:16:40
ba_128_1_5.txt,barabasi_albert_10ins_m20,48,SpecAnn-NCV,0.4860251767562508,1.0,-30013.000000000004,-27007.0,0.0122938156127929,0,True,28,29,True,30,32,0.7969423532485962,71.57684326171875,-162086.59878302485,2025-11-19 21:16:40
ba_128_1_5.txt,barabasi_albert_10ins_m20,48,SpecAnn-NCV,0.4940591950252281,1.0,-30013.000000000004,-27007.0,0.0178499221801757,0,True,28,43,True,31,32,0.7953317165374756,70.90907287597656,-160249.90075380195,2025-11-19 21:16:40
ba_128_1_5.txt,barabasi_albert_10ins_m20,48,SpecAnn-NCV,0.5019646441105269,1.0,-30013.000000000004,-27007.0,0.0177545547485351,0,True,28,43,True,32,32,0.7937300205230713,70.2588882446289,-158460.76209889093,2025-11-19 21:16:40
ba_128_1_5.txt,barabasi_albert_10ins_m20,48,SpecAnn-NCV,0.5097475058154177,1.0,-30013.000000000004,-27007.0,0.0177996158599853,0,True,28,43,True,33,32,0.7921366095542908,69.62541961669922,-156716.80575421703,2025-11-19 21:16:40
ba_128_1_5.txt,barabasi_albert_10ins_m20,48,SpecAnn-NCV,0.51741331199832,1.0,-30013.000000000004,-27007.0,0.0177631378173828,0,True,28,43,True,34,32,0.7905508875846863,69.00782012939453,-155015.74069833968,2025-11-19 21:16:40
ba_128_1_5.txt,barabasi_albert_10ins_m20,48,SpecAnn-NCV,0.5249671905758515,1.0,-30013.000000000004,-27007.0,0.0122246742248535,0,True,28,29,True,35,32,0.7889724969863892,68.40534210205078,-153355.56622626362,2025-11-19 21:16:40
ba_128_1_5.txt,barabasi_albert_10ins_m20,48,SpecAnn-NCV,0.5324139056496683,1.0,-29975.000000000004,-27261.0,0.0178503990173339,0,True,28,43,True,36,32,0.7874009013175964,67.81727600097656,-151734.35034089984,2025-11-19 21:16:40
ba_128_1_5.txt,barabasi_albert_10ins_m20,48,SpecAnn-NCV,0.5397578926492556,1.0,-29975.000000000004,-27261.0,0.0123457908630371,0,True,28,29,True,37,32,0.7858355641365051,67.24295043945312,-150150.26422836477,2025-11-19 21:16:40
ba_128_1_5.txt,barabasi_albert_10ins_m20,48,SpecAnn-NCV,0.5470032892270364,1.0,-29975.000000000004,-27261.0,0.012305736541748,0,True,28,29,True,38,32,0.7842760682106018,66.68177795410156,-148601.70566773656,2025-11-19 21:16:40
ba_128_1_5.txt,barabasi_albert_10ins_m20,48,SpecAnn-NCV,0.554153962516942,1.0,-29975.000000000004,-27261.0,0.0122983455657958,0,True,28,29,True,39,32,0.7827221751213074,66.1331787109375,-147087.1374450361,2025-11-19 21:16:40
ba_128_1_5.txt,barabasi_albert_10ins_m20,48,SpecAnn-NCV,0.5612135332663137,1.0,-30809.0,-26871.0,0.0123071670532226,0,True,28,29,True,40,32,0.7811736464500427,65.59661865234375,-145605.13692102284,2025-11-19 21:16:40
ba_128_1_5.txt,barabasi_albert_10ins_m20,48,SpecAnn-NCV,0.5681853972686127,1.0,-30477.000000000004,-26895.000000000004,0.0122668743133544,0,True,28,29,True,41,32,0.7796297073364258,65.07159423828125,-144154.2618621705,2025-11-19 21:16:40
ba_128_1_5.txt,barabasi_albert_10ins_m20,48,SpecAnn-NCV,0.5750727444570146,1.0,-30477.000000000004,-26895.000000000004,0.012256383895874,0,True,28,29,True,42,32,0.7780903577804565,64.55764770507812,-142733.32781367775,2025-11-19 21:16:40
ba_128_1_5.txt,barabasi_albert_10ins_m20,48,SpecAnn-NCV,0.5818785759635375,1.0,-30477.000000000004,-26895.000000000004,0.0122578144073486,0,True,28,29,True,43,32,0.7765552997589111,64.05433654785156,-141341.13863509928,2025-11-19 21:16:40
ba_128_1_5.txt,barabasi_albert_10ins_m20,48,SpecAnn-NCV,0.5886057194025436,1.0,-30477.000000000004,-26895.000000000004,0.0122807025909423,0,True,28,29,True,44,32,0.7750240564346313,63.56124877929688,-139976.54333047871,2025-11-19 21:16:40
ba_128_1_5.txt,barabasi_albert_10ins_m20,48,SpecAnn-NCV,0.5952568425994088,1.0,-30477.000000000004,-27179.0,0.0123653411865234,0,True,28,29,True,45,32,0.7734966278076172,63.0780029296875,-138638.5539898969,2025-11-19 21:16:40
ba_128_1_5.txt,barabasi_albert_10ins_m20,48,SpecAnn-NCV,0.6018344659534288,1.0,-30477.000000000004,-27179.0,0.0122854709625244,0,True,28,29,True,46,32,0.7719724774360657,62.60422134399414,-137326.1029145896,2025-11-19 21:16:40
ba_128_1_5.txt,barabasi_albert_10ins_m20,48,SpecAnn-NCV,0.6083409735974393,1.0,-30477.000000000004,-27179.0,0.0122661590576171,0,True,28,29,True,47,32,0.770451545715332,62.13957595825195,-136038.32516437132,2025-11-19 21:16:40
ba_128_1_5.txt,barabasi_albert_10ins_m20,48,SpecAnn-NCV,0.6147786234942719,1.0,-30357.0,-27155.000000000004,0.0122983455657958,0,True,28,29,True,48,32,0.7689335346221924,61.68373107910156,-134774.3038372919,2025-11-19 21:16:40
ba_128_1_5.txt,barabasi_albert_10ins_m20,48,SpecAnn-NCV,0.6211495565912796,1.0,-30357.0,-27155.000000000004,0.0122251510620117,0,True,28,29,True,49,32,0.767418384552002,61.23637390136719,-133533.22122269802,2025-11-19 21:16:40
ba_128_1_5.txt,barabasi_albert_10ins_m20,48,SpecAnn-NCV,0.6274558051381586,1.0,-30357.0,-27155.000000000004,0.0123195648193359,0,True,28,29,True,50,32,0.7659056782722473,60.79722213745117,-132314.27035592598,2025-11-19 21:16:40
ba_128_1_5.txt,barabasi_albert_10ins_m20,48,SpecAnn-NCV,0.6336993002596786,1.0,-30357.0,-27155.000000000004,0.01224946975708,0,True,28,29,True,51,32,0.7643953561782837,60.36599349975586,-131116.71291819066,2025-11-19 21:16:40
ba_128_1_5.txt,barabasi_albert_10ins_m20,48,SpecAnn-NCV,0.6398818788633085,1.0,-30357.0,-27155.000000000004,0.0122380256652832,0,True,28,29,True,52,32,0.762887179851532,59.94243240356445,-129939.8434856364,2025-11-19 21:16:40
ba_128_1_5.txt,barabasi_albert_10ins_m20,48,SpecAnn-NCV,0.6460052899517691,1.0,-30357.0,-27155.000000000004,0.012296438217163,0,True,28,29,True,53,32,0.7613810300827026,59.52627182006836,-128782.95786241736,2025-11-19 21:16:40
ba_128_1_5.txt,barabasi_albert_10ins_m20,48,SpecAnn-NCV,0.6520712004019966,1.0,-30357.0,-27155.000000000004,0.0122888088226318,0,True,28,29,True,54,32,0.7598766684532166,59.11729431152344,-127645.44430329488,2025-11-19 21:16:40
ba_128_1_5.txt,barabasi_albert_10ins_m20,48,SpecAnn-NCV,0.6580812002646271,1.0,-30357.0,-28003.000000000004,0.0122773647308349,0,True,28,29,True,55,32,0.7583739757537842,58.71526336669922,-126526.6749073844,2025-11-19 21:16:40
ba_128_1_5.txt,barabasi_albert_10ins_m20,48,SpecAnn-NCV,0.6640368076317485,1.0,-30357.0,-28003.000000000004,0.012308120727539,0,True,28,29,True,56,32,0.7568726539611816,58.31997680664063,-125426.07076729138,2025-11-19 21:16:40
ba_128_1_5.txt,barabasi_albert_10ins_m20,48,SpecAnn-NCV,0.6699394731151429,1.0,-30357.0,-28003.000000000004,0.0122718811035156,0,True,28,29,True,57,32,0.7553728222846985,57.93120956420898,-124343.07748984764,2025-11-19 21:16:40
ba_128_1_5.txt,barabasi_albert_10ins_m20,48,SpecAnn-NCV,0.6757905839724513,1.0,-30357.0,-28003.000000000004,0.0122554302215576,0,True,28,29,True,58,32,0.7538740038871765,57.54877471923828,-123277.12840238152,2025-11-19 21:16:40
ba_128_1_5.txt,barabasi_albert_10ins_m20,48,SpecAnn-NCV,0.6815914679145113,1.0,-30357.0,-28003.000000000004,0.0122487545013427,0,True,28,29,True,59,32,0.7523764967918396,57.172489166259766,-122227.79625312264,2025-11-19 21:16:40
ba_128_1_5.txt,barabasi_albert_10ins_m20,48,SpecAnn-NCV,0.6873433966234707,1.0,-30357.0,-28003.000000000004,0.0122623443603515,0,True,28,29,True,60,32,0.7508797645568848,56.80217361450195,-121194.52921405828,2025-11-19 21:16:40
ba_128_1_5.txt,barabasi_albert_10ins_m20,48,SpecAnn-NCV,0.6930475890080863,1.0,-30357.0,-28003.000000000004,0.0122904777526855,0,True,28,29,True,61,32,0.7493838667869568,56.43766021728516,-120176.9008188157,2025-11-19 21:16:40
ba_128_1_5.txt,barabasi_albert_10ins_m20,48,SpecAnn-NCV,0.6987052142198116,1.0,-30357.0,-28263.0,0.0122914314270019,0,True,28,29,True,62,32,0.7478886842727661,56.07877349853516,-119174.44258214896,2025-11-19 21:16:40
ba_128_1_5.txt,barabasi_albert_10ins_m20,48,SpecAnn-NCV,0.7043173944508145,1.0,-30357.0,-28263.0,0.0122175216674804,0,True,28,29,True,63,32,0.7463940978050232,55.725364685058594,-118186.74619399544,2025-11-19 21:16:40
ba_128_1_5.txt,barabasi_albert_10ins_m20,48,SpecAnn-NCV,0.709885207532891,1.0,-30357.0,-28263.0,0.0122344493865966,0,True,28,29,True,64,32,0.7448998689651489,55.377288818359375,-117213.3957265894,2025-11-19 21:16:40
ba_128_1_5.txt,barabasi_albert_10ins_m20,48,SpecAnn-NCV,0.7154096893543218,1.0,-30357.0,-28263.0,0.0122795104980468,0,True,28,29,True,65,32,0.7434059977531433,55.03438568115234,-116253.9837489976,2025-11-19 21:16:40
ba_128_1_5.txt,barabasi_albert_10ins_m20,48,SpecAnn-NCV,0.7208918361100219,1.0,-30357.0,-28263.0,0.0122668743133544,0,True,28,29,True,66,32,0.7419123649597168,54.69654083251953,-115308.18355818986,2025-11-19 21:16:40
ba_128_1_5.txt,barabasi_albert_10ins_m20,48,SpecAnn-NCV,0.7263326063988248,1.0,-30357.0,-28263.0,0.0123140811920166,0,True,28,29,True,67,32,0.7404189109802246,54.36359405517578,-114375.58377440508,2025-11-19 21:16:40
ba_128_1_5.txt,barabasi_albert_10ins_m20,48,SpecAnn-NCV,0.7317329231804058,1.0,-30357.0,-28263.0,0.012336254119873,0,True,28,29,True,68,32,0.7389253973960876,54.03544998168945,-113455.88468692428,2025-11-19 21:16:40
ba_128_1_5.txt,barabasi_albert_10ins_m20,48,SpecAnn-NCV,0.7370936756031579,1.0,-30357.0,-28263.0,0.0123538970947265,0,True,28,29,True,69,32,0.7374320030212402,53.71196746826172,-112548.7568536172,2025-11-19 21:16:40
ba_128_1_5.txt,barabasi_albert_10ins_m20,48,SpecAnn-NCV,0.7424157207132704,1.0,-30357.0,-28263.0,0.0122721195220947,0,True,28,29,True,70,32,0.735938310623169,53.39302444458008,-111653.82203132176,2025-11-19 21:16:40
ba_128_1_5.txt,barabasi_albert_10ins_m20,48,SpecAnn-NCV,0.7476998850543153,1.0,-30357.0,-28263.0,0.0122425556182861,0,True,28,29,True,71,32,0.7344444394111633,53.078521728515625,-110770.83422301458,2025-11-19 21:16:40
ba_128_1_5.txt,barabasi_albert_10ins_m20,48,SpecAnn-NCV,0.7529469661657903,1.0,-30357.0,-28329.000000000004,0.0122663974761962,0,True,28,29,True,72,32,0.7329501509666443,52.768333435058594,-109899.43943619198,2025-11-19 21:16:40
ba_128_1_5.txt,barabasi_albert_10ins_m20,48,SpecAnn-NCV,0.7581577339883167,1.0,-30357.0,-28329.000000000004,0.0122442245483398,0,True,28,29,True,73,32,0.7314554452896118,52.462364196777344,-109039.3856021255,2025-11-19 21:16:40
ba_128_1_5.txt,barabasi_albert_10ins_m20,48,SpecAnn-NCV,0.7633329321824984,1.0,-30357.0,-28329.000000000004,0.0122377872467041,0,True,28,29,True,74,32,0.7299601435661316,52.16051864624024,-108190.39573928052,2025-11-19 21:16:40
ba_128_1_5.txt,barabasi_albert_10ins_m20,48,SpecAnn-NCV,0.7684732793678399,1.0,-30357.0,-28329.000000000004,0.0122270584106445,0,True,28,29,True,75,32,0.7284643054008484,51.86268997192383,-107352.2065092323,2025-11-19 21:16:40
ba_128_1_5.txt,barabasi_albert_10ins_m20,48,SpecAnn-NCV,0.7735794702875677,1.0,-30357.0,-28329.000000000004,0.0122749805450439,0,True,28,29,True,76,32,0.7269677519798279,51.56878662109375,-106524.552732953,2025-11-19 21:16:40
ba_128_1_5.txt,barabasi_albert_10ins_m20,48,SpecAnn-NCV,0.7786521769046981,1.0,-30947.0,-28357.000000000004,0.0122675895690917,0,True,28,29,True,77,32,0.7254706025123596,51.278717041015625,-105707.2147663919,2025-11-19 21:16:40
ba_128_1_5.txt,barabasi_albert_10ins_m20,48,SpecAnn-NCV,0.7836920494342511,1.0,-30947.0,-28357.000000000004,0.0121963024139404,0,True,28,29,True,78,32,0.7239723205566406,50.99239730834961,-104899.89478291976,2025-11-19 21:16:40
ba_128_1_5.txt,barabasi_albert_10ins_m20,48,SpecAnn-NCV,0.788699717316095,1.0,-30947.0,-28357.000000000004,0.0122432708740234,0,True,28,29,True,79,32,0.7224733233451843,50.70973587036133,-104102.41982371504,2025-11-19 21:16:40
ba_128_1_5.txt,barabasi_albert_10ins_m20,48,SpecAnn-NCV,0.7936757901325451,1.0,-30947.0,-28357.000000000004,0.0122489929199218,0,True,28,29,True,80,32,0.7209732532501221,50.43065643310547,-103314.53731885548,2025-11-19 21:16:40
ba_128_1_5.txt,barabasi_albert_10ins_m20,48,SpecAnn-NCV,0.7986208584745024,1.0,-30947.0,-28357.000000000004,0.0122439861297607,0,True,28,29,True,81,32,0.7194721102714539,50.15507507324219,-102536.0324452589,2025-11-19 21:16:41
ba_128_1_5.txt,barabasi_albert_10ins_m20,48,SpecAnn-NCV,0.803535494759617,1.0,-30947.0,-28357.000000000004,0.0122251510620117,0,True,28,29,True,82,32,0.7179698944091797,49.8829231262207,-101766.72287687572,2025-11-19 21:16:41
ba_128_1_5.txt,barabasi_albert_10ins_m20,48,SpecAnn-NCV,0.8084202540056837,1.0,-30947.0,-28357.000000000004,0.0122261047363281,0,True,28,29,True,83,32,0.7164664268493652,49.6141242980957,-101006.38665574769,2025-11-19 21:16:41
ba_128_1_5.txt,barabasi_albert_10ins_m20,48,SpecAnn-NCV,0.8132756745622272,1.0,-30947.0,-28357.000000000004,0.0123088359832763,0,True,28,29,True,84,32,0.7149617075920105,49.348594665527344,-100254.8131797652,2025-11-19 21:16:41
ba_128_1_5.txt,barabasi_albert_10ins_m20,48,SpecAnn-NCV,0.8181022788030096,1.0,-30947.0,-28357.000000000004,0.0122385025024414,0,True,28,29,True,85,32,0.7134557366371155,49.08628082275391,-99511.8550795795,2025-11-19 21:16:41
ba_128_1_5.txt,barabasi_albert_10ins_m20,48,SpecAnn-NCV,0.822900573781978,1.0,-30947.0,-28357.000000000004,0.0122914314270019,0,True,28,29,True,86,32,0.7119481563568115,48.82710647583008,-98777.26991005563,2025-11-19 21:16:41
ba_128_1_5.txt,barabasi_albert_10ins_m20,48,SpecAnn-NCV,0.8276710518549868,1.0,-30947.0,-28357.000000000004,0.0122733116149902,0,True,28,29,True,87,32,0.710439145565033,48.57101440429688,-98050.93004718715,2025-11-19 21:16:41
ba_128_1_5.txt,barabasi_albert_10ins_m20,48,SpecAnn-NCV,0.8324141912694495,1.0,-30947.0,-28357.000000000004,0.0122809410095214,0,True,28,29,True,88,32,0.7089285254478455,48.31792449951172,-97332.61304196744,2025-11-19 21:16:41
ba_128_1_5.txt,barabasi_albert_10ins_m20,48,SpecAnn-NCV,0.8371304567239225,1.0,-30947.0,-28801.0,0.012230634689331,0,True,28,29,True,89,32,0.707416296005249,48.06779861450195,-96622.20702659158,2025-11-19 21:16:41
ba_128_1_5.txt,barabasi_albert_10ins_m20,48,SpecAnn-NCV,0.8418202998994706,1.0,-30947.0,-28801.0,0.0122122764587402,0,True,28,29,True,90,32,0.7059024572372437,47.820560455322266,-95919.5241912204,2025-11-19 21:16:41
ba_128_1_5.txt,barabasi_albert_10ins_m20,48,SpecAnn-NCV,0.846484159964536,1.0,-30947.0,-28801.0,0.0122616291046142,0,True,28,29,True,91,32,0.704386830329895,47.576148986816406,-95224.38432609531,2025-11-19 21:16:41
ba_128_1_5.txt,barabasi_albert_10ins_m20,48,SpecAnn-NCV,0.8511224640549078,1.0,-30947.0,-28801.0,0.0123443603515625,0,True,28,29,True,92,32,0.7028692364692688,47.33452987670898,-94536.66201684043,2025-11-19 21:16:41
ba_128_1_5.txt,barabasi_albert_10ins_m20,48,SpecAnn-NCV,0.8557356277302758,1.0,-30947.0,-28801.0,0.0123357772827148,0,True,28,29,True,93,32,0.7013499736785889,47.09563064575195,-93856.22063009074,2025-11-19 21:16:41
ba_128_1_5.txt,barabasi_albert_10ins_m20,48,SpecAnn-NCV,0.8603240554087516,1.0,-30947.0,-28785.0,0.0123617649078369,0,True,28,29,True,94,32,0.6998286247253418,46.8593978881836,-93182.86658387745,2025-11-19 21:16:41
ba_128_1_5.txt,barabasi_albert_10ins_m20,48,SpecAnn-NCV,0.86488814078064,1.0,-30947.0,-28785.0,0.012253999710083,0,True,28,29,True,95,32,0.6983052492141724,46.62579345703125,-92516.50170277062,2025-11-19 21:16:41
ba_128_1_5.txt,barabasi_albert_10ins_m20,48,SpecAnn-NCV,0.8694282672026621,1.0,-30947.0,-28785.0,0.0122396945953369,0,True,28,29,True,96,32,0.6967799067497253,46.39475631713867,-91856.9829051137,2025-11-19 21:16:41
ba_128_1_5.txt,barabasi_albert_10ins_m20,48,SpecAnn-NCV,0.8739448080737451,1.0,-30947.0,-28785.0,0.0122239589691162,0,True,28,29,True,97,32,0.6952522993087769,46.16624069213867,-91204.15115377869,2025-11-19 21:16:41
ba_128_1_5.txt,barabasi_albert_10ins_m20,48,SpecAnn-NCV,0.878438127193422,1.0,-30947.0,-28785.0,0.0122065544128417,0,True,28,29,True,98,32,0.6937224268913269,45.940208435058594,-90557.902829724,2025-11-19 21:16:41
ba_128_1_5.txt,barabasi_albert_10ins_m20,48,SpecAnn-NCV,0.8829085791038153,1.0,-30989.000000000004,-28725.0,0.0122148990631103,0,True,28,29,True,99,32,0.692190408706665,45.71659851074219,-89918.10534874653,2025-11-19 21:16:41
ba_128_1_5.txt,barabasi_albert_10ins_m20,48,SpecAnn-NCV,0.8873565094161138,1.0,-30989.000000000004,-28725.0,0.0122077465057373,0,True,28,29,True,100,32,0.6906560659408569,45.49537658691406,-89284.640672843,2025-11-19 21:16:41
ba_128_1_5.txt,barabasi_albert_10ins_m20,48,SpecAnn-NCV,0.8917822551223932,1.0,-30989.000000000004,-28725.0,0.0122056007385253,0,True,28,29,True,101,32,0.6891191601753235,45.276493072509766,-88657.35417266817,2025-11-19 21:16:41
ba_128_1_5.txt,barabasi_albert_10ins_m20,48,SpecAnn-NCV,0.8961861448935777,1.0,-30989.000000000004,-28725.0,0.0123329162597656,0,True,28,29,True,102,32,0.687579870223999,45.05991363525391,-88036.17581211071,2025-11-19 21:16:41
ba_128_1_5.txt,barabasi_albert_10ins_m20,48,SpecAnn-NCV,0.9005684993642872,1.0,-30989.000000000004,-28933.000000000004,0.0122394561767578,0,True,28,29,True,103,32,0.6860380172729492,44.84558868408203,-87420.9603018314,2025-11-19 21:16:41
ba_128_1_5.txt,barabasi_albert_10ins_m20,48,SpecAnn-NCV,0.9049296314052688,1.0,-30989.000000000004,-29297.000000000007,0.0122199058532714,0,True,28,29,True,104,32,0.6844936013221741,44.63348388671875,-86811.61591668574,2025-11-19 21:16:41
ba_128_1_5.txt,barabasi_albert_10ins_m20,48,SpecAnn-NCV,0.9092698463840684,1.0,-30989.000000000004,-29297.000000000007,0.0122478008270263,0,True,28,29,True,105,32,0.682946503162384,44.423561096191406,-86208.02898617001,2025-11-19 21:16:41
ba_128_1_5.txt,barabasi_albert_10ins_m20,48,SpecAnn-NCV,0.9135894424145556,1.0,-30989.000000000004,-29427.0,0.0122864246368408,0,True,28,29,True,106,32,0.6813966035842896,44.215782165527344,-85610.08669614192,2025-11-19 21:16:41
ba_128_1_5.txt,barabasi_albert_10ins_m20,48,SpecAnn-NCV,0.9178887105958816,1.0,-30989.000000000004,-29427.0,0.0122039318084716,0,True,28,29,True,107,32,0.6798439621925354,44.010101318359375,-85017.6847077073,2025-11-19 21:16:41
ba_128_1_5.txt,barabasi_albert_10ins_m20,48,SpecAnn-NCV,0.922167935241408,1.0,-30989.000000000004,-29427.0,0.0122523307800292,0,True,28,29,True,108,32,0.6782884001731873,43.806488037109375,-84430.71898265871,2025-11-19 21:16:41
ba_128_1_5.txt,barabasi_albert_10ins_m20,48,SpecAnn-NCV,0.92642739409812,1.0,-30989.000000000004,-29047.0,0.0122702121734619,0,True,28,29,True,109,32,0.6767298579216003,43.60491561889648,-83849.10844067129,2025-11-19 21:16:41
ba_128_1_5.txt,barabasi_albert_10ins_m20,48,SpecAnn-NCV,0.9306673585570006,1.0,-30989.000000000004,-29047.0,0.0123023986816406,0,True,28,29,True,110,32,0.6751683950424194,43.40533828735352,-83272.75061807956,2025-11-19 21:16:41
ba_128_1_5.txt,barabasi_albert_10ins_m20,48,SpecAnn-NCV,0.9348880938548184,1.0,-30989.000000000004,-29047.0,0.0122632980346679,0,True,28,29,True,111,32,0.673603892326355,43.20772933959961,-82701.55818132836,2025-11-19 21:16:41
ba_128_1_5.txt,barabasi_albert_10ins_m20,48,SpecAnn-NCV,0.9390898592677528,1.0,-30989.000000000004,-29047.0,0.0122694969177246,0,True,28,29,True,112,32,0.6720360517501831,43.01205062866211,-82135.40073037203,2025-11-19 21:16:41
ba_128_1_5.txt,barabasi_albert_10ins_m20,48,SpecAnn-NCV,0.9432729082972536,1.0,-30989.000000000004,-29047.0,0.01226806640625,0,True,28,29,True,113,32,0.6704652309417725,42.81827926635742,-81574.25794229256,2025-11-19 21:16:41
ba_128_1_5.txt,barabasi_albert_10ins_m20,48,SpecAnn-NCV,0.9474374888485204,1.0,-30989.000000000004,-29047.0,0.0122532844543457,0,True,28,29,True,114,32,0.6688908934593201,42.62636947631836,-81017.95721914027,2025-11-19 21:16:41
ba_128_1_5.txt,barabasi_albert_10ins_m20,48,SpecAnn-NCV,0.9515838434019476,1.0,-30989.000000000004,-28511.0,0.0122795104980468,0,True,28,29,True,115,32,0.6673133969306946,42.436302185058594,-80466.48628802694,2025-11-19 21:16:41
ba_128_1_5.txt,barabasi_albert_10ins_m20,48,SpecAnn-NCV,0.9557122091778746,1.0,-30989.000000000004,-28511.0,0.0122742652893066,0,True,28,29,True,116,32,0.6657323241233826,42.24805068969727,-79919.72488941337,2025-11-19 21:16:41
ba_128_1_5.txt,barabasi_albert_10ins_m20,48,SpecAnn-NCV,0.9598228182949629,1.0,-31215.0,-28475.0,0.0122797489166259,0,True,28,29,True,117,32,0.6641477942466736,42.06157684326172,-79377.5965469139,2025-11-19 21:16:41
ba_128_1_5.txt,barabasi_albert_10ins_m20,48,SpecAnn-NCV,0.963915897922488,1.0,-30989.000000000004,-27943.000000000004,0.0123333930969238,0,True,28,29,True,118,32,0.6625596284866333,41.87685775756836,-78840.01837621657,2025-11-19 21:16:41
ba_128_1_5.txt,barabasi_albert_10ins_m20,48,SpecAnn-NCV,0.967991670426842,1.0,-30989.000000000004,-27943.000000000004,0.0122578144073486,0,True,28,29,True,119,32,0.6609678268432617,41.69386291503906,-78306.91502972349,2025-11-19 21:16:41
ba_128_1_5.txt,barabasi_albert_10ins_m20,48,SpecAnn-NCV,0.9720503535125016,1.0,-30989.000000000004,-27943.000000000004,0.0122971534729003,0,True,28,29,True,120,32,0.6593722701072693,41.51256942749024,-77778.21183725928,2025-11-19 21:16:41
ba_128_1_5.txt,barabasi_albert_10ins_m20,48,SpecAnn-NCV,0.9760921603577252,1.0,-30989.000000000004,-27943.000000000004,0.0122706890106201,0,True,28,29,True,121,32,0.6577730178833008,41.33294296264648,-77253.83429267463,2025-11-19 21:16:41
ba_128_1_5.txt,barabasi_albert_10ins_m20,48,SpecAnn-NCV,0.9801172997452104,1.0,-30989.000000000004,-27943.000000000004,0.0122699737548828,0,True,28,29,True,122,32,0.6561697721481323,41.15496826171875,-76733.70202685852,2025-11-19 21:16:41
ba_128_1_5.txt,barabasi_albert_10ins_m20,48,SpecAnn-NCV,0.9841259761879442,1.0,-30971.0,-28019.0,0.0122768878936767,0,True,28,29,True,123,32,0.6545626521110535,40.97861862182617,-76217.76273918526,2025-11-19 21:16:41
ba_128_1_5.txt,barabasi_albert_10ins_m20,48,SpecAnn-NCV,0.9881183900504562,1.0,-30971.0,-28019.0,0.0123229026794433,0,True,28,29,True,124,32,0.6529514193534851,40.803855895996094,-75705.90157100903,2025-11-19 21:16:41
ba_128_1_5.txt,barabasi_albert_10ins_m20,48,SpecAnn-NCV,0.9920947376656812,1.0,-30971.0,-28019.0,0.0122849941253662,0,True,28,29,True,125,32,0.6513360738754272,40.630672454833984,-75198.08873285957,2025-11-19 21:16:41
ba_128_1_5.txt,barabasi_albert_10ins_m20,48,SpecAnn-NCV,0.9960552114476228,1.0,-30971.0,-28019.0,0.0123281478881835,0,True,28,29,True,126,32,0.6497166752815247,40.45904159545898,-74694.26610394473,2025-11-19 21:16:41
ba_128_1_5.txt,barabasi_albert_10ins_m20,48,SpecAnn-NCV,1.0,1.0,-30971.0,-27765.0,0.0122275352478027,0,True,28,29,True,127,32,0.6480928659439087,40.2889289855957,-74194.31401510048,2025-11-19 21:16:41
ba_128_1_5.txt,barabasi_albert_10ins_m20,49,SpecAnn-NCV,0.0,1.0,-30317.0,-22711.000000000004,0.0187060832977294,0,True,26,43,True,0,32,0.8686006665229797,129.0,-318388.61441633105,2025-11-19 21:16:41
ba_128_1_5.txt,barabasi_albert_10ins_m20,49,SpecAnn-NCV,0.0887356509416113,1.0,-30221.000000000004,-23455.0,0.0123367309570312,0,True,26,29,True,1,32,0.8586320877075195,115.48019409179688,-281748.9329032348,2025-11-19 21:16:41
ba_128_1_5.txt,barabasi_albert_10ins_m20,49,SpecAnn-NCV,0.1254911610276317,1.0,-30221.000000000004,-24203.0,0.0123097896575927,0,True,26,29,True,2,32,0.854166567325592,110.3490219116211,-267829.68918920105,2025-11-19 21:16:41
ba_128_1_5.txt,barabasi_albert_10ins_m20,49,SpecAnn-NCV,0.1536946558735679,1.0,-30347.000000000004,-24321.000000000004,0.0179061889648437,0,True,26,43,True,3,32,0.8505954742431641,106.58424377441406,-257610.60419268697,2025-11-19 21:16:41
ba_128_1_5.txt,barabasi_albert_10ins_m20,49,SpecAnn-NCV,0.1774713018832227,1.0,-30347.000000000004,-24673.0,0.0179018974304199,0,True,26,43,True,4,32,0.8474827408790588,103.52180480957033,-249293.15719568403,2025-11-19 21:16:41
ba_128_1_5.txt,barabasi_albert_10ins_m20,49,SpecAnn-NCV,0.1984189475331362,1.0,-30213.000000000007,-24785.0,0.0179469585418701,0,True,26,43,True,5,32,0.8446599245071411,100.90520477294922,-242182.70058831605,2025-11-19 21:16:41
ba_128_1_5.txt,barabasi_albert_10ins_m20,49,SpecAnn-NCV,0.2173570668006655,1.0,-30213.000000000007,-24525.000000000004,0.0179038047790527,0,True,26,43,True,6,32,0.8420411944389343,98.60328674316406,-235924.1453833021,2025-11-19 21:16:41
ba_128_1_5.txt,barabasi_albert_10ins_m20,49,SpecAnn-NCV,0.2347724648169381,1.0,-30213.000000000007,-25049.0,0.0179789066314697,0,True,26,43,True,7,32,0.8395754098892212,96.53836059570312,-230307.08046526607,2025-11-19 21:16:41
ba_128_1_5.txt,barabasi_albert_10ins_m20,49,SpecAnn-NCV,0.2509823220552634,1.0,-30347.000000000004,-26099.0,0.0180370807647705,0,True,26,43,True,8,32,0.8372293710708618,94.65989685058594,-225194.6884414692,2025-11-19 21:16:41
ba_128_1_5.txt,barabasi_albert_10ins_m20,49,SpecAnn-NCV,0.2662069528248341,1.0,-30013.000000000004,-26219.000000000004,0.0181324481964111,0,True,26,43,True,9,32,0.8349801301956177,92.93293762207033,-220492.31978312315,2025-11-19 21:16:41
ba_128_1_5.txt,barabasi_albert_10ins_m20,49,SpecAnn-NCV,0.2806067666331568,1.0,-30013.000000000004,-26945.0,0.0180792808532714,0,True,26,43,True,10,32,0.8328114151954651,91.3320770263672,-216131.29914632064,2025-11-19 21:16:41
ba_128_1_5.txt,barabasi_albert_10ins_m20,49,SpecAnn-NCV,0.2943028597012718,1.0,-30013.000000000004,-26945.0,0.0180099010467529,0,True,26,43,True,11,32,0.8307099938392639,89.83819580078125,-212059.6875383814,2025-11-19 21:16:41
ba_128_1_5.txt,barabasi_albert_10ins_m20,49,SpecAnn-NCV,0.3073893117471359,1.0,-30013.000000000004,-26945.0,0.0180253982543945,0,True,26,43,True,12,32,0.8286665678024292,88.43646240234375,-208237.4514494614,2025-11-19 21:16:41
ba_128_1_5.txt,barabasi_albert_10ins_m20,49,SpecAnn-NCV,0.3199409394316542,1.0,-30013.000000000004,-26945.0,0.0181713104248046,0,True,26,43,True,13,32,0.8266734480857849,87.1151351928711,-204632.8081543797,2025-11-19 21:16:41
ba_128_1_5.txt,barabasi_albert_10ins_m20,49,SpecAnn-NCV,0.3320184038158743,1.0,-30013.000000000004,-27259.0,0.0178468227386474,0,True,26,43,True,14,32,0.8247243762016296,85.86469268798828,-201219.98458383424,2025-11-19 21:16:41
ba_128_1_5.txt,barabasi_albert_10ins_m20,49,SpecAnn-NCV,0.3436716983117353,1.0,-30223.000000000004,-27191.000000000004,0.0178194046020507,0,True,26,43,True,15,32,0.8228139877319336,84.67733764648438,-197977.8124675624,2025-11-19 21:16:41
ba_128_1_5.txt,barabasi_albert_10ins_m20,49,SpecAnn-NCV,0.3549426037664455,1.0,-30223.000000000004,-27191.000000000004,0.017759084701538,0,True,26,43,True,16,32,0.820938229560852,83.54654693603516,-194888.6941218508,2025-11-19 21:16:41
ba_128_1_5.txt,barabasi_albert_10ins_m20,49,SpecAnn-NCV,0.3658664615902029,1.0,-30291.0,-27107.0,0.0177667140960693,0,True,26,43,True,17,32,0.8190933465957642,82.4668197631836,-191937.708442612,2025-11-19 21:16:42
ba_128_1_5.txt,barabasi_albert_10ins_m20,49,SpecAnn-NCV,0.3764734830828951,1.0,-30291.0,-27107.0,0.0178167819976806,0,True,26,43,True,18,32,0.8172765374183655,81.4334716796875,-189112.24126934804,2025-11-19 21:16:42
ba_128_1_5.txt,barabasi_albert_10ins_m20,49,SpecAnn-NCV,0.3867897351437838,1.0,-30291.0,-27107.0,0.0122816562652587,0,True,26,29,True,19,32,0.815484881401062,80.4424819946289,-186401.34264658505,2025-11-19 21:16:42
ba_128_1_5.txt,barabasi_albert_10ins_m20,49,SpecAnn-NCV,0.3968378950662725,1.0,-30291.0,-27107.0,0.0122852325439453,0,True,26,29,True,20,32,0.8137161731719971,79.49034118652344,-183795.54037014488,2025-11-19 21:16:42
ba_128_1_5.txt,barabasi_albert_10ins_m20,49,SpecAnn-NCV,0.4066378372811136,1.0,-30291.0,-27107.0,0.0123088359832763,0,True,26,29,True,21,32,0.8119683861732483,78.57398986816406,-181286.55131921027,2025-11-19 21:16:42
ba_128_1_5.txt,barabasi_albert_10ins_m20,49,SpecAnn-NCV,0.4162070956347247,1.0,-30291.0,-27107.0,0.0122191905975341,0,True,26,29,True,22,32,0.8102397918701172,77.69073486328125,-178867.09674951533,2025-11-19 21:16:42
ba_128_1_5.txt,barabasi_albert_10ins_m20,49,SpecAnn-NCV,0.4255612320274539,1.0,-30327.0,-27107.0,0.0123119354248046,0,True,26,29,True,23,32,0.80852872133255,76.83820343017578,-176530.72884920202,2025-11-19 21:16:42
ba_128_1_5.txt,barabasi_albert_10ins_m20,49,SpecAnn-NCV,0.434714133601331,1.0,-30291.0,-27107.0,0.012233018875122,0,True,26,29,True,24,32,0.8068338632583618,76.0142593383789,-174271.6913279557,2025-11-19 21:16:42
ba_128_1_5.txt,barabasi_albert_10ins_m20,49,SpecAnn-NCV,0.4436782547080569,1.0,-29947.0,-27099.0,0.0122475624084472,0,True,26,29,True,25,32,0.8051539659500122,75.21700286865234,-172084.84349530548,2025-11-19 21:16:42
ba_128_1_5.txt,barabasi_albert_10ins_m20,49,SpecAnn-NCV,0.4524648157026343,1.0,-30251.0,-27099.0,0.0122804641723632,0,True,26,29,True,26,32,0.8034877777099609,74.44474029541016,-169965.5697541314,2025-11-19 21:16:42
ba_128_1_5.txt,barabasi_albert_10ins_m20,49,SpecAnn-NCV,0.4610839676207039,1.0,-30251.0,-27099.0,0.0123064517974853,0,True,26,29,True,27,32,0.8018344640731812,73.6959228515625,-167909.72137973967,2025-11-19 21:16:42
ba_128_1_5.txt,barabasi_albert_10ins_m20,49,SpecAnn-NCV,0.4695449296338763,1.0,-30251.0,-27099.0,0.0178823471069335,0,True,26,43,True,28,32,0.8001930713653564,72.96916961669922,-165913.54815553385,2025-11-19 21:16:42
ba_128_1_5.txt,barabasi_albert_10ins_m20,49,SpecAnn-NCV,0.4778561045889373,1.0,-30013.000000000004,-26991.0,0.012347936630249,0,True,26,29,True,29,32,0.7985625267028809,72.26319122314453,-163973.52147583655,2025-11-19 21:16:42
ba_128_1_5.txt,barabasi_albert_10ins_m20,49,SpecAnn-NCV,0.4860251767562508,1.0,-30013.000000000004,-27007.0,0.017890453338623,0,True,26,43,True,30,32,0.7969423532485962,71.57684326171875,-162086.59878302485,2025-11-19 21:16:42
ba_128_1_5.txt,barabasi_albert_10ins_m20,49,SpecAnn-NCV,0.4940591950252281,1.0,-30013.000000000004,-27007.0,0.0177459716796875,0,True,26,43,True,31,32,0.7953317165374756,70.90907287597656,-160249.90075380195,2025-11-19 21:16:42
ba_128_1_5.txt,barabasi_albert_10ins_m20,49,SpecAnn-NCV,0.5019646441105269,1.0,-30013.000000000004,-27007.0,0.0178308486938476,0,True,26,43,True,32,32,0.7937300801277161,70.2588882446289,-158460.77399839982,2025-11-19 21:16:42
ba_128_1_5.txt,barabasi_albert_10ins_m20,49,SpecAnn-NCV,0.5097475058154177,1.0,-30013.000000000004,-27007.0,0.0178117752075195,0,True,26,43,True,33,32,0.792136549949646,69.62541961669922,-156716.79396199656,2025-11-19 21:16:42
ba_128_1_5.txt,barabasi_albert_10ins_m20,49,SpecAnn-NCV,0.51741331199832,1.0,-30013.000000000004,-27007.0,0.0177819728851318,0,True,26,43,True,34,32,0.7905508875846863,69.00782012939453,-155015.74069833968,2025-11-19 21:16:42
ba_128_1_5.txt,barabasi_albert_10ins_m20,49,SpecAnn-NCV,0.5249671905758515,1.0,-30013.000000000004,-27007.0,0.0122756958007812,0,True,26,29,True,35,32,0.7889724969863892,68.40534210205078,-153355.56622626362,2025-11-19 21:16:42
ba_128_1_5.txt,barabasi_albert_10ins_m20,49,SpecAnn-NCV,0.5324139056496683,1.0,-30013.000000000004,-27261.0,0.0178124904632568,0,True,26,43,True,36,32,0.7874008417129517,67.81727600097656,-151734.33885491852,2025-11-19 21:16:42
ba_128_1_5.txt,barabasi_albert_10ins_m20,49,SpecAnn-NCV,0.5397578926492556,1.0,-30013.000000000004,-27261.0,0.0122683048248291,0,True,26,29,True,37,32,0.7858355045318604,67.24295043945312,-150150.252839655,2025-11-19 21:16:42
ba_128_1_5.txt,barabasi_albert_10ins_m20,49,SpecAnn-NCV,0.5470032892270364,1.0,-30013.000000000004,-27261.0,0.0122196674346923,0,True,26,29,True,38,32,0.7842761874198914,66.68177795410156,-148601.72825506833,2025-11-19 21:16:42
ba_128_1_5.txt,barabasi_albert_10ins_m20,49,SpecAnn-NCV,0.554153962516942,1.0,-30013.000000000004,-27261.0,0.0122656822204589,0,True,26,29,True,39,32,0.7827221751213074,66.1331787109375,-147087.1374450361,2025-11-19 21:16:42
ba_128_1_5.txt,barabasi_albert_10ins_m20,49,SpecAnn-NCV,0.5612135332663137,1.0,-30809.0,-26871.0,0.0122513771057128,0,True,26,29,True,40,32,0.7811735272407532,65.59661865234375,-145605.11470127056,2025-11-19 21:16:42
ba_128_1_5.txt,barabasi_albert_10ins_m20,49,SpecAnn-NCV,0.5681853972686127,1.0,-30477.000000000004,-26895.000000000004,0.0122644901275634,0,True,26,29,True,41,32,0.779629647731781,65.07159423828125,-144154.25084121595,2025-11-19 21:16:42
ba_128_1_5.txt,barabasi_albert_10ins_m20,49,SpecAnn-NCV,0.5750727444570146,1.0,-30477.000000000004,-26895.000000000004,0.0122816562652587,0,True,26,29,True,42,32,0.7780902981758118,64.55764770507812,-142733.3168797686,2025-11-19 21:16:42
ba_128_1_5.txt,barabasi_albert_10ins_m20,49,SpecAnn-NCV,0.5818785759635375,1.0,-30477.000000000004,-26895.000000000004,0.0122075080871582,0,True,26,29,True,43,32,0.7765552401542664,64.05433654785156,-141341.12778643423,2025-11-19 21:16:42
ba_128_1_5.txt,barabasi_albert_10ins_m20,49,SpecAnn-NCV,0.5886057194025436,1.0,-30477.000000000004,-26895.000000000004,0.0122270584106445,0,True,26,29,True,44,32,0.7750240564346313,63.56124877929688,-139976.54333047871,2025-11-19 21:16:42
ba_128_1_5.txt,barabasi_albert_10ins_m20,49,SpecAnn-NCV,0.5952568425994088,1.0,-30477.000000000004,-27179.0,0.0122854709625244,0,True,26,29,True,45,32,0.7734966278076172,63.0780029296875,-138638.5539898969,2025-11-19 21:16:42
ba_128_1_5.txt,barabasi_albert_10ins_m20,49,SpecAnn-NCV,0.6018344659534288,1.0,-30477.000000000004,-27179.0,0.0122334957122802,0,True,26,29,True,46,32,0.7719725370407104,62.60422134399414,-137326.1135176536,2025-11-19 21:16:42
ba_128_1_5.txt,barabasi_albert_10ins_m20,49,SpecAnn-NCV,0.6083409735974393,1.0,-30477.000000000004,-27179.0,0.0122416019439697,0,True,26,29,True,47,32,0.7704516053199768,62.13957595825195,-136038.3356887399,2025-11-19 21:16:42
ba_128_1_5.txt,barabasi_albert_10ins_m20,49,SpecAnn-NCV,0.6147786234942719,1.0,-30573.000000000004,-27155.000000000004,0.0122385025024414,0,True,26,29,True,48,32,0.7689335942268372,61.68373107910156,-134774.3142844556,2025-11-19 21:16:42
ba_128_1_5.txt,barabasi_albert_10ins_m20,49,SpecAnn-NCV,0.6211495565912796,1.0,-30573.000000000004,-27155.000000000004,0.0121998786926269,0,True,26,29,True,49,32,0.7674185037612915,61.23637390136719,-133533.24196549068,2025-11-19 21:16:42
ba_128_1_5.txt,barabasi_albert_10ins_m20,49,SpecAnn-NCV,0.6274558051381586,1.0,-30573.000000000004,-27155.000000000004,0.0122559070587158,0,True,26,29,True,50,32,0.7659057378768921,60.79722213745117,-132314.28065294467,2025-11-19 21:16:42
ba_128_1_5.txt,barabasi_albert_10ins_m20,49,SpecAnn-NCV,0.6336993002596786,1.0,-30573.000000000004,-27155.000000000004,0.0122299194335937,0,True,26,29,True,51,32,0.7643953561782837,60.36599349975586,-131116.71291819066,2025-11-19 21:16:42
ba_128_1_5.txt,barabasi_albert_10ins_m20,49,SpecAnn-NCV,0.6398818788633085,1.0,-30573.000000000004,-27155.000000000004,0.012315034866333,0,True,26,29,True,52,32,0.762887179851532,59.94243240356445,-129939.8434856364,2025-11-19 21:16:42
ba_128_1_5.txt,barabasi_albert_10ins_m20,49,SpecAnn-NCV,0.6460052899517691,1.0,-30573.000000000004,-27155.000000000004,0.0122959613800048,0,True,26,29,True,53,32,0.7613810896873474,59.52627182006836,-128782.96794417952,2025-11-19 21:16:42
ba_128_1_5.txt,barabasi_albert_10ins_m20,49,SpecAnn-NCV,0.6520712004019966,1.0,-30573.000000000004,-27155.000000000004,0.0122914314270019,0,True,26,29,True,54,32,0.7598767280578613,59.11729431152344,-127645.4543157899,2025-11-19 21:16:42
ba_128_1_5.txt,barabasi_albert_10ins_m20,49,SpecAnn-NCV,0.6580812002646271,1.0,-30205.0,-28003.000000000004,0.0122334957122802,0,True,26,29,True,55,32,0.7583739161491394,58.71526336669922,-126526.66496297998,2025-11-19 21:16:42
ba_128_1_5.txt,barabasi_albert_10ins_m20,49,SpecAnn-NCV,0.6640368076317485,1.0,-30205.0,-28003.000000000004,0.0122745037078857,0,True,26,29,True,56,32,0.7568727135658264,58.31997680664063,-125426.08064474745,2025-11-19 21:16:42
ba_128_1_5.txt,barabasi_albert_10ins_m20,49,SpecAnn-NCV,0.6699394731151429,1.0,-30205.0,-28003.000000000004,0.0122628211975097,0,True,26,29,True,57,32,0.7553728222846985,57.93120956420898,-124343.07748984764,2025-11-19 21:16:42
ba_128_1_5.txt,barabasi_albert_10ins_m20,49,SpecAnn-NCV,0.6757905839724513,1.0,-30205.0,-28003.000000000004,0.0122177600860595,0,True,26,29,True,58,32,0.7538740038871765,57.54877471923828,-123277.12840238152,2025-11-19 21:16:42
ba_128_1_5.txt,barabasi_albert_10ins_m20,49,SpecAnn-NCV,0.6815914679145113,1.0,-30205.0,-28003.000000000004,0.0122816562652587,0,True,26,29,True,59,32,0.7523764967918396,57.172489166259766,-122227.79625312264,2025-11-19 21:16:42
ba_128_1_5.txt,barabasi_albert_10ins_m20,49,SpecAnn-NCV,0.6873433966234707,1.0,-30205.0,-28003.000000000004,0.0122132301330566,0,True,26,29,True,60,32,0.7508798241615295,56.80217361450195,-121194.5388344492,2025-11-19 21:16:42
ba_128_1_5.txt,barabasi_albert_10ins_m20,49,SpecAnn-NCV,0.6930475890080863,1.0,-30205.0,-28003.000000000004,0.0122225284576416,0,True,26,29,True,61,32,0.7493839263916016,56.43766021728516,-120176.91037747022,2025-11-19 21:16:42
ba_128_1_5.txt,barabasi_albert_10ins_m20,49,SpecAnn-NCV,0.6987052142198116,1.0,-30357.0,-28263.0,0.0123312473297119,0,True,26,29,True,62,32,0.7478887438774109,56.07877349853516,-119174.45208002006,2025-11-19 21:16:42
ba_128_1_5.txt,barabasi_albert_10ins_m20,49,SpecAnn-NCV,0.7043173944508145,1.0,-30357.0,-28263.0,0.0122489929199218,0,True,26,29,True,63,32,0.7463939785957336,55.725364685058594,-118186.72731796454,2025-11-19 21:16:42
ba_128_1_5.txt,barabasi_albert_10ins_m20,49,SpecAnn-NCV,0.709885207532891,1.0,-30357.0,-28263.0,0.0122256278991699,0,True,26,29,True,64,32,0.7448998093605042,55.377288818359375,-117213.38634752638,2025-11-19 21:16:42
ba_128_1_5.txt,barabasi_albert_10ins_m20,49,SpecAnn-NCV,0.7154096893543218,1.0,-30357.0,-28263.0,0.0122404098510742,0,True,26,29,True,65,32,0.7434059381484985,55.03438568115234,-116253.9744280109,2025-11-19 21:16:42
ba_128_1_5.txt,barabasi_albert_10ins_m20,49,SpecAnn-NCV,0.7208918361100219,1.0,-30357.0,-28263.0,0.0122301578521728,0,True,26,29,True,66,32,0.7419123649597168,54.69654083251953,-115308.18355818986,2025-11-19 21:16:42
ba_128_1_5.txt,barabasi_albert_10ins_m20,49,SpecAnn-NCV,0.7263326063988248,1.0,-30357.0,-28263.0,0.0123991966247558,0,True,26,29,True,67,32,0.7404188513755798,54.36359405517578,-114375.57456702807,2025-11-19 21:16:42
ba_128_1_5.txt,barabasi_albert_10ins_m20,49,SpecAnn-NCV,0.7317329231804058,1.0,-30357.0,-28263.0,0.0123207569122314,0,True,26,29,True,68,32,0.7389253973960876,54.03544998168945,-113455.88468692428,2025-11-19 21:16:42
ba_128_1_5.txt,barabasi_albert_10ins_m20,49,SpecAnn-NCV,0.7370936756031579,1.0,-30357.0,-28263.0,0.0122828483581542,0,True,26,29,True,69,32,0.7374320030212402,53.71196746826172,-112548.7568536172,2025-11-19 21:16:42
ba_128_1_5.txt,barabasi_albert_10ins_m20,49,SpecAnn-NCV,0.7424157207132704,1.0,-30357.0,-28263.0,0.0123658180236816,0,True,26,29,True,70,32,0.735938310623169,53.39302444458008,-111653.82203132176,2025-11-19 21:16:42
ba_128_1_5.txt,barabasi_albert_10ins_m20,49,SpecAnn-NCV,0.7476998850543153,1.0,-30357.0,-28263.0,0.0122456550598144,0,True,26,29,True,71,32,0.7344444394111633,53.078521728515625,-110770.83422301458,2025-11-19 21:16:42
ba_128_1_5.txt,barabasi_albert_10ins_m20,49,SpecAnn-NCV,0.7529469661657903,1.0,-30279.0,-28329.000000000004,0.0122051239013671,0,True,26,29,True,72,32,0.7329501509666443,52.768333435058594,-109899.43943619198,2025-11-19 21:16:42
ba_128_1_5.txt,barabasi_albert_10ins_m20,49,SpecAnn-NCV,0.7581577339883167,1.0,-30279.0,-28329.000000000004,0.0122177600860595,0,True,26,29,True,73,32,0.731455385684967,52.462364196777344,-109039.37671675337,2025-11-19 21:16:42
ba_128_1_5.txt,barabasi_albert_10ins_m20,49,SpecAnn-NCV,0.7633329321824984,1.0,-30279.0,-28329.000000000004,0.0122427940368652,0,True,26,29,True,74,32,0.7299602031707764,52.16051864624024,-108190.4045735301,2025-11-19 21:16:42
ba_128_1_5.txt,barabasi_albert_10ins_m20,49,SpecAnn-NCV,0.7684732793678399,1.0,-30279.0,-28329.000000000004,0.0122961997985839,0,True,26,29,True,75,32,0.7284643054008484,51.86268997192383,-107352.2065092323,2025-11-19 21:16:42
ba_128_1_5.txt,barabasi_albert_10ins_m20,49,SpecAnn-NCV,0.7735794702875677,1.0,-30279.0,-28329.000000000004,0.0122303962707519,0,True,26,29,True,76,32,0.7269678115844727,51.56878662109375,-106524.56146698297,2025-11-19 21:16:42
ba_128_1_5.txt,barabasi_albert_10ins_m20,49,SpecAnn-NCV,0.7786521769046981,1.0,-30183.000000000004,-28357.000000000004,0.0122246742248535,0,True,26,29,True,77,32,0.7254705429077148,51.278717041015625,-105707.20608149005,2025-11-19 21:16:42
ba_128_1_5.txt,barabasi_albert_10ins_m20,49,SpecAnn-NCV,0.7836920494342511,1.0,-30183.000000000004,-28357.000000000004,0.0122666358947753,0,True,26,29,True,78,32,0.7239723801612854,50.99239730834961,-104899.90341932862,2025-11-19 21:16:42
ba_128_1_5.txt,barabasi_albert_10ins_m20,49,SpecAnn-NCV,0.788699717316095,1.0,-30183.000000000004,-28357.000000000004,0.0122349262237548,0,True,26,29,True,79,32,0.7224733233451843,50.70973587036133,-104102.41982371504,2025-11-19 21:16:42
ba_128_1_5.txt,barabasi_albert_10ins_m20,49,SpecAnn-NCV,0.7936757901325451,1.0,-30183.000000000004,-28357.000000000004,0.0121595859527587,0,True,26,29,True,80,32,0.7209732532501221,50.43065643310547,-103314.53731885548,2025-11-19 21:16:42
ba_128_1_5.txt,barabasi_albert_10ins_m20,49,SpecAnn-NCV,0.7986208584745024,1.0,-30183.000000000004,-28357.000000000004,0.0122580528259277,0,True,26,29,True,81,32,0.7194721698760986,50.15507507324219,-102536.04093985337,2025-11-19 21:16:42
ba_128_1_5.txt,barabasi_albert_10ins_m20,49,SpecAnn-NCV,0.803535494759617,1.0,-30183.000000000004,-28357.000000000004,0.0122251510620117,0,True,26,29,True,82,32,0.7179699540138245,49.8829231262207,-101766.73132537672,2025-11-19 21:16:42
ba_128_1_5.txt,barabasi_albert_10ins_m20,49,SpecAnn-NCV,0.8084202540056837,1.0,-30183.000000000004,-28357.000000000004,0.01224946975708,0,True,26,29,True,83,32,0.71646648645401,49.6141242980957,-101006.39505872312,2025-11-19 21:16:42
ba_128_1_5.txt,barabasi_albert_10ins_m20,49,SpecAnn-NCV,0.8132756745622272,1.0,-30183.000000000004,-28357.000000000004,0.0122268199920654,0,True,26,29,True,84,32,0.7149617075920105,49.348594665527344,-100254.8131797652,2025-11-19 21:16:42
ba_128_1_5.txt,barabasi_albert_10ins_m20,49,SpecAnn-NCV,0.8181022788030096,1.0,-30183.000000000004,-28357.000000000004,0.0122549533843994,0,True,26,29,True,85,32,0.7134557366371155,49.08628082275391,-99511.8550795795,2025-11-19 21:16:42
ba_128_1_5.txt,barabasi_albert_10ins_m20,49,SpecAnn-NCV,0.822900573781978,1.0,-30183.000000000004,-28357.000000000004,0.0122244358062744,0,True,26,29,True,86,32,0.7119481563568115,48.82710647583008,-98777.26991005563,2025-11-19 21:16:42
ba_128_1_5.txt,barabasi_albert_10ins_m20,49,SpecAnn-NCV,0.8276710518549868,1.0,-30183.000000000004,-28357.000000000004,0.0122449398040771,0,True,26,29,True,87,32,0.710439145565033,48.57101440429688,-98050.93004718715,2025-11-19 21:16:42
ba_128_1_5.txt,barabasi_albert_10ins_m20,49,SpecAnn-NCV,0.8324141912694495,1.0,-30183.000000000004,-28357.000000000004,0.0122747421264648,0,True,26,29,True,88,32,0.7089285254478455,48.31792449951172,-97332.61304196744,2025-11-19 21:16:42
ba_128_1_5.txt,barabasi_albert_10ins_m20,49,SpecAnn-NCV,0.8371304567239225,1.0,-30183.000000000004,-28801.0,0.012279987335205,0,True,26,29,True,89,32,0.707416296005249,48.06779861450195,-96622.20702659158,2025-11-19 21:16:42
ba_128_1_5.txt,barabasi_albert_10ins_m20,49,SpecAnn-NCV,0.8418202998994706,1.0,-30183.000000000004,-28801.0,0.0122578144073486,0,True,26,29,True,90,32,0.7059023976325989,47.820560455322266,-95919.51609201476,2025-11-19 21:16:42
ba_128_1_5.txt,barabasi_albert_10ins_m20,49,SpecAnn-NCV,0.846484159964536,1.0,-30183.000000000004,-28801.0,0.0123095512390136,0,True,26,29,True,91,32,0.704386830329895,47.576148986816406,-95224.38432609531,2025-11-19 21:16:42
ba_128_1_5.txt,barabasi_albert_10ins_m20,49,SpecAnn-NCV,0.8511224640549078,1.0,-30183.000000000004,-28801.0,0.0122976303100585,0,True,26,29,True,92,32,0.7028692960739136,47.33452987670898,-94536.67003372876,2025-11-19 21:16:42
ba_128_1_5.txt,barabasi_albert_10ins_m20,49,SpecAnn-NCV,0.8557356277302758,1.0,-30183.000000000004,-28801.0,0.0123457908630371,0,True,26,29,True,93,32,0.7013499736785889,47.09563064575195,-93856.22063009074,2025-11-19 21:16:42
ba_128_1_5.txt,barabasi_albert_10ins_m20,49,SpecAnn-NCV,0.8603240554087516,1.0,-30069.0,-28785.0,0.012380838394165,0,True,26,29,True,94,32,0.6998286247253418,46.8593978881836,-93182.86658387745,2025-11-19 21:16:42
ba_128_1_5.txt,barabasi_albert_10ins_m20,49,SpecAnn-NCV,0.86488814078064,1.0,-30069.0,-28785.0,0.0122952461242675,0,True,26,29,True,95,32,0.6983052492141724,46.62579345703125,-92516.50170277062,2025-11-19 21:16:43
ba_128_1_5.txt,barabasi_albert_10ins_m20,49,SpecAnn-NCV,0.8694282672026621,1.0,-30069.0,-28785.0,0.0122880935668945,0,True,26,29,True,96,32,0.6967799067497253,46.39475631713867,-91856.9829051137,2025-11-19 21:16:43
ba_128_1_5.txt,barabasi_albert_10ins_m20,49,SpecAnn-NCV,0.8739448080737451,1.0,-30069.0,-28785.0,0.012324571609497,0,True,26,29,True,97,32,0.6952522993087769,46.16624069213867,-91204.15115377869,2025-11-19 21:16:43
ba_128_1_5.txt,barabasi_albert_10ins_m20,49,SpecAnn-NCV,0.878438127193422,1.0,-30069.0,-28785.0,0.0122368335723876,0,True,26,29,True,98,32,0.6937225461006165,45.940208435058594,-90557.91839119764,2025-11-19 21:16:43
ba_128_1_5.txt,barabasi_albert_10ins_m20,49,SpecAnn-NCV,0.8829085791038153,1.0,-30699.000000000004,-28725.0,0.0123376846313476,0,True,26,29,True,99,32,0.6921904683113098,45.71659851074219,-89918.11309161129,2025-11-19 21:16:43
ba_128_1_5.txt,barabasi_albert_10ins_m20,49,SpecAnn-NCV,0.8873565094161138,1.0,-30699.000000000004,-28725.0,0.0122504234313964,0,True,26,29,True,100,32,0.6906561255455017,45.49537658691406,-89284.64837824016,2025-11-19 21:16:43
ba_128_1_5.txt,barabasi_albert_10ins_m20,49,SpecAnn-NCV,0.8917822551223932,1.0,-30699.000000000004,-28725.0,0.0122270584106445,0,True,26,29,True,101,32,0.6891191601753235,45.276493072509766,-88657.35417266817,2025-11-19 21:16:43
ba_128_1_5.txt,barabasi_albert_10ins_m20,49,SpecAnn-NCV,0.8961861448935777,1.0,-30699.000000000004,-28725.0,0.0122647285461425,0,True,26,29,True,102,32,0.687579870223999,45.05991363525391,-88036.17581211071,2025-11-19 21:16:43
ba_128_1_5.txt,barabasi_albert_10ins_m20,49,SpecAnn-NCV,0.9005684993642872,1.0,-30989.000000000004,-28933.000000000004,0.0122532844543457,0,True,26,29,True,103,32,0.686038076877594,44.84558868408203,-87420.96789717619,2025-11-19 21:16:43
ba_128_1_5.txt,barabasi_albert_10ins_m20,49,SpecAnn-NCV,0.9049296314052688,1.0,-30699.000000000004,-29297.000000000007,0.0122957229614257,0,True,26,29,True,104,32,0.6844935417175293,44.63348388671875,-86811.60835726441,2025-11-19 21:16:43
ba_128_1_5.txt,barabasi_albert_10ins_m20,49,SpecAnn-NCV,0.9092698463840684,1.0,-30699.000000000004,-29297.000000000007,0.0122339725494384,0,True,26,29,True,105,32,0.682946503162384,44.423561096191406,-86208.02898617001,2025-11-19 21:16:43
ba_128_1_5.txt,barabasi_albert_10ins_m20,49,SpecAnn-NCV,0.9135894424145556,1.0,-30699.000000000004,-29427.0,0.0122632980346679,0,True,26,29,True,106,32,0.6813965439796448,44.215782165527344,-85610.07920746531,2025-11-19 21:16:43
ba_128_1_5.txt,barabasi_albert_10ins_m20,49,SpecAnn-NCV,0.9178887105958816,1.0,-30699.000000000004,-29427.0,0.0123188495635986,0,True,26,29,True,107,32,0.6798439025878906,44.010101318359375,-85017.67725386616,2025-11-19 21:16:43
ba_128_1_5.txt,barabasi_albert_10ins_m20,49,SpecAnn-NCV,0.922167935241408,1.0,-30699.000000000004,-29427.0,0.0124456882476806,0,True,26,29,True,108,32,0.6782884001731873,43.806488037109375,-84430.71898265871,2025-11-19 21:16:43
ba_128_1_5.txt,barabasi_albert_10ins_m20,49,SpecAnn-NCV,0.92642739409812,1.0,-30699.000000000004,-29047.0,0.0123271942138671,0,True,26,29,True,109,32,0.6767299175262451,43.60491561889648,-83849.11582588751,2025-11-19 21:16:43
ba_128_1_5.txt,barabasi_albert_10ins_m20,49,SpecAnn-NCV,0.9306673585570006,1.0,-30699.000000000004,-29047.0,0.0122654438018798,0,True,26,29,True,110,32,0.6751683950424194,43.40533828735352,-83272.75061807956,2025-11-19 21:16:43
ba_128_1_5.txt,barabasi_albert_10ins_m20,49,SpecAnn-NCV,0.9348880938548184,1.0,-30699.000000000004,-29047.0,0.0122580528259277,0,True,26,29,True,111,32,0.6736038327217102,43.20772933959961,-82701.55086338223,2025-11-19 21:16:43
ba_128_1_5.txt,barabasi_albert_10ins_m20,49,SpecAnn-NCV,0.9390898592677528,1.0,-30699.000000000004,-29047.0,0.0122385025024414,0,True,26,29,True,112,32,0.6720361113548279,43.01205062866211,-82135.40801517673,2025-11-19 21:16:43
ba_128_1_5.txt,barabasi_albert_10ins_m20,49,SpecAnn-NCV,0.9432729082972536,1.0,-30699.000000000004,-29047.0,0.012225866317749,0,True,26,29,True,113,32,0.6704651713371277,42.81827926635742,-81574.25069030626,2025-11-19 21:16:43
ba_128_1_5.txt,barabasi_albert_10ins_m20,49,SpecAnn-NCV,0.9474374888485204,1.0,-30699.000000000004,-29047.0,0.0122685432434082,0,True,26,29,True,114,32,0.6688908934593201,42.62636947631836,-81017.95721914027,2025-11-19 21:16:43
ba_128_1_5.txt,barabasi_albert_10ins_m20,49,SpecAnn-NCV,0.9515838434019476,1.0,-30989.000000000004,-28511.0,0.0122389793395996,0,True,26,29,True,115,32,0.6673133969306946,42.436302185058594,-80466.48628802694,2025-11-19 21:16:43
ba_128_1_5.txt,barabasi_albert_10ins_m20,49,SpecAnn-NCV,0.9557122091778746,1.0,-30989.000000000004,-28511.0,0.0122842788696289,0,True,26,29,True,116,32,0.6657323241233826,42.24805068969727,-79919.72488941337,2025-11-19 21:16:43
ba_128_1_5.txt,barabasi_albert_10ins_m20,49,SpecAnn-NCV,0.9598228182949629,1.0,-30989.000000000004,-28475.0,0.0122849941253662,0,True,26,29,True,117,32,0.6641477942466736,42.06157684326172,-79377.5965469139,2025-11-19 21:16:43
ba_128_1_5.txt,barabasi_albert_10ins_m20,49,SpecAnn-NCV,0.963915897922488,1.0,-30927.000000000007,-27943.000000000004,0.0123863220214843,0,True,26,29,True,118,32,0.6625596284866333,41.87685775756836,-78840.01837621657,2025-11-19 21:16:43
ba_128_1_5.txt,barabasi_albert_10ins_m20,49,SpecAnn-NCV,0.967991670426842,1.0,-30927.000000000007,-27943.000000000004,0.0123708248138427,0,True,26,29,True,119,32,0.6609678864479065,41.69386291503906,-78306.92209127122,2025-11-19 21:16:43
ba_128_1_5.txt,barabasi_albert_10ins_m20,49,SpecAnn-NCV,0.9720503535125016,1.0,-30927.000000000007,-27943.000000000004,0.0122907161712646,0,True,26,29,True,120,32,0.6593722701072693,41.51256942749024,-77778.21183725928,2025-11-19 21:16:43
ba_128_1_5.txt,barabasi_albert_10ins_m20,49,SpecAnn-NCV,0.9760921603577252,1.0,-30927.000000000007,-27943.000000000004,0.0122184753417968,0,True,26,29,True,121,32,0.6577730774879456,41.33294296264648,-77253.84129309456,2025-11-19 21:16:43
ba_128_1_5.txt,barabasi_albert_10ins_m20,49,SpecAnn-NCV,0.9801172997452104,1.0,-30927.000000000007,-27943.000000000004,0.0122559070587158,0,True,26,29,True,122,32,0.6561698317527771,41.15496826171875,-76733.70899713549,2025-11-19 21:16:43
ba_128_1_5.txt,barabasi_albert_10ins_m20,49,SpecAnn-NCV,0.9841259761879442,1.0,-31049.000000000004,-28019.0,0.0122687816619873,0,True,26,29,True,123,32,0.6545626521110535,40.97861862182617,-76217.76273918526,2025-11-19 21:16:43
ba_128_1_5.txt,barabasi_albert_10ins_m20,49,SpecAnn-NCV,0.9881183900504562,1.0,-31049.000000000004,-28019.0,0.0123002529144287,0,True,26,29,True,124,32,0.6529514193534851,40.803855895996094,-75705.90157100903,2025-11-19 21:16:43
ba_128_1_5.txt,barabasi_albert_10ins_m20,49,SpecAnn-NCV,0.9920947376656812,1.0,-31049.000000000004,-28019.0,0.0122723579406738,0,True,26,29,True,125,32,0.651336133480072,40.630672454833984,-75198.09561433835,2025-11-19 21:16:43
ba_128_1_5.txt,barabasi_albert_10ins_m20,49,SpecAnn-NCV,0.9960552114476228,1.0,-31049.000000000004,-28019.0,0.0122604370117187,0,True,26,29,True,126,32,0.6497166156768799,40.45904159545898,-74694.25925153449,2025-11-19 21:16:43
ba_128_1_5.txt,barabasi_albert_10ins_m20,49,SpecAnn-NCV,1.0,1.0,-30693.000000000004,-27765.0,0.0122473239898681,0,True,26,29,True,127,32,0.6480928659439087,40.2889289855957,-74194.31401510048,2025-11-19 21:16:43
ba_128_1_5.txt,barabasi_albert_10ins_m20,50,SpecAnn-NCV,0.0,1.0,-30317.0,-22711.000000000004,0.0246908664703369,0,True,25,57,True,0,32,0.8686006665229797,129.0,-318388.61441633105,2025-11-19 21:16:43
ba_128_1_5.txt,barabasi_albert_10ins_m20,50,SpecAnn-NCV,0.0887356509416113,1.0,-30317.0,-23455.0,0.0127234458923339,0,True,25,29,True,1,32,0.8586320281028748,115.48019409179688,-281748.9133447471,2025-11-19 21:16:43
ba_128_1_5.txt,barabasi_albert_10ins_m20,50,SpecAnn-NCV,0.1254911610276317,1.0,-30213.000000000007,-24203.0,0.0126380920410156,0,True,25,29,True,2,32,0.854166567325592,110.3490219116211,-267829.68918920105,2025-11-19 21:16:43
ba_128_1_5.txt,barabasi_albert_10ins_m20,50,SpecAnn-NCV,0.1536946558735679,1.0,-30039.0,-24321.000000000004,0.0180256366729736,0,True,25,43,True,3,32,0.8505955338478088,106.58424377441406,-257610.62224449773,2025-11-19 21:16:43
ba_128_1_5.txt,barabasi_albert_10ins_m20,50,SpecAnn-NCV,0.1774713018832227,1.0,-30039.0,-24673.0,0.017967939376831,0,True,25,43,True,4,32,0.8474826812744141,103.52180480957033,-249293.1396625481,2025-11-19 21:16:43
ba_128_1_5.txt,barabasi_albert_10ins_m20,50,SpecAnn-NCV,0.1984189475331362,1.0,-30039.0,-24785.0,0.0179505348205566,0,True,25,43,True,5,32,0.8446599841117859,100.90520477294922,-242182.7176782873,2025-11-19 21:16:43
ba_128_1_5.txt,barabasi_albert_10ins_m20,50,SpecAnn-NCV,0.2173570668006655,1.0,-30039.0,-24525.000000000004,0.0179738998413085,0,True,25,43,True,6,32,0.8420412540435791,98.60328674316406,-235924.1620834053,2025-11-19 21:16:43
ba_128_1_5.txt,barabasi_albert_10ins_m20,50,SpecAnn-NCV,0.2347724648169381,1.0,-30039.0,-25049.0,0.0180201530456542,0,True,25,43,True,7,32,0.8395754098892212,96.53836059570312,-230307.08046526607,2025-11-19 21:16:43
ba_128_1_5.txt,barabasi_albert_10ins_m20,50,SpecAnn-NCV,0.2509823220552634,1.0,-30039.0,-26099.0,0.0179610252380371,0,True,25,43,True,8,32,0.8372293710708618,94.65989685058594,-225194.68844146916,2025-11-19 21:16:43
ba_128_1_5.txt,barabasi_albert_10ins_m20,50,SpecAnn-NCV,0.2662069528248341,1.0,-30039.0,-26219.000000000004,0.0179593563079834,0,True,25,43,True,9,32,0.8349801301956177,92.93293762207033,-220492.31978312315,2025-11-19 21:16:43
ba_128_1_5.txt,barabasi_albert_10ins_m20,50,SpecAnn-NCV,0.2806067666331568,1.0,-30013.000000000004,-26945.0,0.0179409980773925,0,True,25,43,True,10,32,0.8328113555908203,91.3320770263672,-216131.28367771744,2025-11-19 21:16:43
ba_128_1_5.txt,barabasi_albert_10ins_m20,50,SpecAnn-NCV,0.2943028597012718,1.0,-30013.000000000004,-26945.0,0.0179274082183837,0,True,25,43,True,11,32,0.8307100534439087,89.83819580078125,-212059.702753971,2025-11-19 21:16:43
ba_128_1_5.txt,barabasi_albert_10ins_m20,50,SpecAnn-NCV,0.3073893117471359,1.0,-30013.000000000004,-26945.0,0.0178878307342529,0,True,25,43,True,12,32,0.8286665678024292,88.43646240234375,-208237.4514494614,2025-11-19 21:16:43
ba_128_1_5.txt,barabasi_albert_10ins_m20,50,SpecAnn-NCV,0.3199409394316542,1.0,-30013.000000000004,-26945.0,0.0178756713867187,0,True,25,43,True,13,32,0.8266735076904297,87.1151351928711,-204632.8229087738,2025-11-19 21:16:43
ba_128_1_5.txt,barabasi_albert_10ins_m20,50,SpecAnn-NCV,0.3320184038158743,1.0,-30013.000000000004,-27258.999999999996,0.0178587436676025,0,True,25,43,True,14,32,0.8247243165969849,85.86469268798828,-201219.9700412233,2025-11-19 21:16:43
ba_128_1_5.txt,barabasi_albert_10ins_m20,50,SpecAnn-NCV,0.3436716983117353,1.0,-30213.000000000007,-27191.000000000004,0.0179011821746826,0,True,25,43,True,15,32,0.8228139877319336,84.67733764648438,-197977.8124675624,2025-11-19 21:16:43
ba_128_1_5.txt,barabasi_albert_10ins_m20,50,SpecAnn-NCV,0.3549426037664455,1.0,-30213.000000000007,-27191.000000000004,0.0178875923156738,0,True,25,43,True,16,32,0.820938229560852,83.54654693603516,-194888.6941218508,2025-11-19 21:16:43
ba_128_1_5.txt,barabasi_albert_10ins_m20,50,SpecAnn-NCV,0.3658664615902029,1.0,-30809.0,-27107.0,0.0178894996643066,0,True,25,43,True,17,32,0.8190934658050537,82.4668197631836,-191937.73637686137,2025-11-19 21:16:43
ba_128_1_5.txt,barabasi_albert_10ins_m20,50,SpecAnn-NCV,0.3764734830828951,1.0,-30809.0,-27107.0,0.0179533958435058,0,True,25,43,True,18,32,0.8172764778137207,81.4334716796875,-189112.227477238,2025-11-19 21:16:43
ba_128_1_5.txt,barabasi_albert_10ins_m20,50,SpecAnn-NCV,0.3867897351437838,1.0,-30809.0,-27107.0,0.0122997760772705,0,True,25,29,True,19,32,0.815484881401062,80.4424819946289,-186401.34264658505,2025-11-19 21:16:43
ba_128_1_5.txt,barabasi_albert_10ins_m20,50,SpecAnn-NCV,0.3968378950662725,1.0,-30809.0,-27107.0,0.0123441219329833,0,True,25,29,True,20,32,0.8137161731719971,79.49034118652344,-183795.54037014488,2025-11-19 21:16:43
ba_128_1_5.txt,barabasi_albert_10ins_m20,50,SpecAnn-NCV,0.4066378372811136,1.0,-30809.0,-27107.0,0.0123140811920166,0,True,25,29,True,21,32,0.8119684457778931,78.57398986816406,-181286.56462701963,2025-11-19 21:16:43
ba_128_1_5.txt,barabasi_albert_10ins_m20,50,SpecAnn-NCV,0.4162070956347247,1.0,-30809.0,-27107.0,0.0123260021209716,0,True,25,29,True,22,32,0.8102397322654724,77.69073486328125,-178867.08359129986,2025-11-19 21:16:43
ba_128_1_5.txt,barabasi_albert_10ins_m20,50,SpecAnn-NCV,0.4255612320274539,1.0,-30809.0,-27107.0,0.0123603343963623,0,True,25,29,True,23,32,0.80852872133255,76.83820343017578,-176530.72884920202,2025-11-19 21:16:43
ba_128_1_5.txt,barabasi_albert_10ins_m20,50,SpecAnn-NCV,0.434714133601331,1.0,-30809.0,-27107.0,0.0122923851013183,0,True,25,29,True,24,32,0.8068338632583618,76.0142593383789,-174271.6913279557,2025-11-19 21:16:43
ba_128_1_5.txt,barabasi_albert_10ins_m20,50,SpecAnn-NCV,0.4436782547080569,1.0,-30809.0,-27099.0,0.0123083591461181,0,True,25,29,True,25,32,0.8051539063453674,75.21700286865234,-172084.83075605758,2025-11-19 21:16:43
ba_128_1_5.txt,barabasi_albert_10ins_m20,50,SpecAnn-NCV,0.4524648157026343,1.0,-30809.0,-27099.0,0.0123581886291503,0,True,25,29,True,26,32,0.8034878373146057,74.44474029541016,-169965.5823625838,2025-11-19 21:16:43
ba_128_1_5.txt,barabasi_albert_10ins_m20,50,SpecAnn-NCV,0.4610839676207039,1.0,-30809.0,-27099.0,0.0123496055603027,0,True,25,29,True,27,32,0.8018344640731812,73.6959228515625,-167909.72137973967,2025-11-19 21:16:43
ba_128_1_5.txt,barabasi_albert_10ins_m20,50,SpecAnn-NCV,0.4695449296338763,1.0,-30809.0,-27099.0,0.0179336071014404,0,True,25,43,True,28,32,0.8001930117607117,72.96916961669922,-165913.53579699382,2025-11-19 21:16:43
ba_128_1_5.txt,barabasi_albert_10ins_m20,50,SpecAnn-NCV,0.4778561045889373,1.0,-29689.000000000004,-26991.0,0.0123345851898193,0,True,25,29,True,29,32,0.7985625863075256,72.26319122314453,-163973.5337148074,2025-11-19 21:16:44
ba_128_1_5.txt,barabasi_albert_10ins_m20,50,SpecAnn-NCV,0.4860251767562508,1.0,-29689.000000000004,-27007.0,0.0179531574249267,0,True,25,43,True,30,32,0.7969424724578857,71.57684326171875,-162086.62302847774,2025-11-19 21:16:44
ba_128_1_5.txt,barabasi_albert_10ins_m20,50,SpecAnn-NCV,0.4940591950252281,1.0,-29689.000000000004,-27007.0,0.017794132232666,0,True,25,43,True,31,32,0.7953317761421204,70.90907287597656,-160249.9127634304,2025-11-19 21:16:44
ba_128_1_5.txt,barabasi_albert_10ins_m20,50,SpecAnn-NCV,0.5019646441105269,1.0,-29689.000000000004,-27007.0,0.0178871154785156,0,True,25,43,True,32,32,0.7937300801277161,70.2588882446289,-158460.77399839982,2025-11-19 21:16:44
ba_128_1_5.txt,barabasi_albert_10ins_m20,50,SpecAnn-NCV,0.5097475058154177,1.0,-29689.000000000004,-27007.0,0.0178923606872558,0,True,25,43,True,33,32,0.7921366095542908,69.62541961669922,-156716.80575421703,2025-11-19 21:16:44
ba_128_1_5.txt,barabasi_albert_10ins_m20,50,SpecAnn-NCV,0.51741331199832,1.0,-29689.000000000004,-27007.0,0.0178735256195068,0,True,25,43,True,34,32,0.7905508875846863,69.00782012939453,-155015.74069833968,2025-11-19 21:16:44
ba_128_1_5.txt,barabasi_albert_10ins_m20,50,SpecAnn-NCV,0.5249671905758515,1.0,-29689.000000000004,-27007.0,0.0123414993286132,0,True,25,29,True,35,32,0.7889724969863892,68.40534210205078,-153355.56622626362,2025-11-19 21:16:44
ba_128_1_5.txt,barabasi_albert_10ins_m20,50,SpecAnn-NCV,0.5324139056496683,1.0,-29689.000000000004,-27261.0,0.0178873538970947,0,True,25,43,True,36,32,0.7874009013175964,67.81727600097656,-151734.35034089984,2025-11-19 21:16:44
ba_128_1_5.txt,barabasi_albert_10ins_m20,50,SpecAnn-NCV,0.5397578926492556,1.0,-29689.000000000004,-27261.0,0.0123817920684814,0,True,25,29,True,37,32,0.7858356237411499,67.24295043945312,-150150.27561707454,2025-11-19 21:16:44
ba_128_1_5.txt,barabasi_albert_10ins_m20,50,SpecAnn-NCV,0.5470032892270364,1.0,-29689.000000000004,-27261.0,0.0123329162597656,0,True,25,29,True,38,32,0.7842761874198914,66.68177795410156,-148601.72825506833,2025-11-19 21:16:44
ba_128_1_5.txt,barabasi_albert_10ins_m20,50,SpecAnn-NCV,0.554153962516942,1.0,-29689.000000000004,-27261.0,0.0124163627624511,0,True,25,29,True,39,32,0.7827222347259521,66.1331787109375,-147087.14864578762,2025-11-19 21:16:44
ba_128_1_5.txt,barabasi_albert_10ins_m20,50,SpecAnn-NCV,0.5612135332663137,1.0,-30477.000000000004,-26871.0,0.0123786926269531,0,True,25,29,True,40,32,0.7811736464500427,65.59661865234375,-145605.13692102284,2025-11-19 21:16:44
ba_128_1_5.txt,barabasi_albert_10ins_m20,50,SpecAnn-NCV,0.5681853972686127,1.0,-30477.000000000004,-26895.000000000004,0.0122883319854736,0,True,25,29,True,41,32,0.779629647731781,65.07159423828125,-144154.25084121595,2025-11-19 21:16:44
ba_128_1_5.txt,barabasi_albert_10ins_m20,50,SpecAnn-NCV,0.5750727444570146,1.0,-30477.000000000004,-26895.000000000004,0.0123631954193115,0,True,25,29,True,42,32,0.7780904173851013,64.55764770507812,-142733.33874758694,2025-11-19 21:16:44
ba_128_1_5.txt,barabasi_albert_10ins_m20,50,SpecAnn-NCV,0.5818785759635375,1.0,-30477.000000000004,-26895.000000000004,0.0123088359832763,0,True,25,29,True,43,32,0.7765552997589111,64.05433654785156,-141341.13863509928,2025-11-19 21:16:44
ba_128_1_5.txt,barabasi_albert_10ins_m20,50,SpecAnn-NCV,0.5886057194025436,1.0,-30477.000000000004,-26895.000000000004,0.0123414993286132,0,True,25,29,True,44,32,0.7750240564346313,63.56124877929688,-139976.54333047871,2025-11-19 21:16:44
ba_128_1_5.txt,barabasi_albert_10ins_m20,50,SpecAnn-NCV,0.5952568425994088,1.0,-30699.000000000007,-27179.0,0.0123453140258789,0,True,25,29,True,45,32,0.7734966278076172,63.0780029296875,-138638.5539898969,2025-11-19 21:16:44
ba_128_1_5.txt,barabasi_albert_10ins_m20,50,SpecAnn-NCV,0.6018344659534288,1.0,-30699.000000000007,-27179.0,0.0123028755187988,0,True,25,29,True,46,32,0.7719724178314209,62.60422134399414,-137326.09231152563,2025-11-19 21:16:44
ba_128_1_5.txt,barabasi_albert_10ins_m20,50,SpecAnn-NCV,0.6083409735974393,1.0,-30699.000000000007,-27179.0,0.0123379230499267,0,True,25,29,True,47,32,0.770451545715332,62.13957595825195,-136038.32516437132,2025-11-19 21:16:44
ba_128_1_5.txt,barabasi_albert_10ins_m20,50,SpecAnn-NCV,0.6147786234942719,1.0,-30205.0,-27155.000000000004,0.0122826099395751,0,True,25,29,True,48,32,0.7689335942268372,61.68373107910156,-134774.3142844556,2025-11-19 21:16:44
ba_128_1_5.txt,barabasi_albert_10ins_m20,50,SpecAnn-NCV,0.6211495565912796,1.0,-30205.0,-27155.000000000004,0.0122466087341308,0,True,25,29,True,49,32,0.7674184441566467,61.23637390136719,-133533.23159409437,2025-11-19 21:16:44
ba_128_1_5.txt,barabasi_albert_10ins_m20,50,SpecAnn-NCV,0.6274558051381586,1.0,-30205.0,-27155.000000000004,0.0122880935668945,0,True,25,29,True,50,32,0.7659057378768921,60.79722213745117,-132314.28065294467,2025-11-19 21:16:44
ba_128_1_5.txt,barabasi_albert_10ins_m20,50,SpecAnn-NCV,0.6336993002596786,1.0,-30205.0,-27155.000000000004,0.0123038291931152,0,True,25,29,True,51,32,0.7643953561782837,60.36599349975586,-131116.71291819066,2025-11-19 21:16:44
ba_128_1_5.txt,barabasi_albert_10ins_m20,50,SpecAnn-NCV,0.6398818788633085,1.0,-30205.0,-27155.000000000004,0.012223482131958,0,True,25,29,True,52,32,0.762887179851532,59.94243240356445,-129939.8434856364,2025-11-19 21:16:44
ba_128_1_5.txt,barabasi_albert_10ins_m20,50,SpecAnn-NCV,0.6460052899517691,1.0,-30205.0,-27155.000000000004,0.0123195648193359,0,True,25,29,True,53,32,0.7613810300827026,59.52627182006836,-128782.95786241736,2025-11-19 21:16:44
ba_128_1_5.txt,barabasi_albert_10ins_m20,50,SpecAnn-NCV,0.6520712004019966,1.0,-30205.0,-27155.000000000004,0.0122661590576171,0,True,25,29,True,54,32,0.7598767280578613,59.11729431152344,-127645.4543157899,2025-11-19 21:16:44
ba_128_1_5.txt,barabasi_albert_10ins_m20,50,SpecAnn-NCV,0.6580812002646271,1.0,-30809.0,-28003.000000000004,0.0122580528259277,0,True,25,29,True,55,32,0.7583739161491394,58.71526336669922,-126526.66496297998,2025-11-19 21:16:44
ba_128_1_5.txt,barabasi_albert_10ins_m20,50,SpecAnn-NCV,0.6640368076317485,1.0,-30809.0,-28003.000000000004,0.012244701385498,0,True,25,29,True,56,32,0.7568726539611816,58.31997680664063,-125426.07076729138,2025-11-19 21:16:44
ba_128_1_5.txt,barabasi_albert_10ins_m20,50,SpecAnn-NCV,0.6699394731151429,1.0,-30809.0,-28003.000000000004,0.0123062133789062,0,True,25,29,True,57,32,0.7553727626800537,57.93120956420898,-124343.06767823576,2025-11-19 21:16:44
ba_128_1_5.txt,barabasi_albert_10ins_m20,50,SpecAnn-NCV,0.6757905839724513,1.0,-30809.0,-28003.000000000004,0.0122454166412353,0,True,25,29,True,58,32,0.7538740038871765,57.54877471923828,-123277.12840238152,2025-11-19 21:16:44
ba_128_1_5.txt,barabasi_albert_10ins_m20,50,SpecAnn-NCV,0.6815914679145113,1.0,-30809.0,-28003.000000000004,0.0123159885406494,0,True,25,29,True,59,32,0.7523764371871948,57.172489166259766,-122227.78657001266,2025-11-19 21:16:44
ba_128_1_5.txt,barabasi_albert_10ins_m20,50,SpecAnn-NCV,0.6873433966234707,1.0,-30809.0,-28003.000000000004,0.0122902393341064,0,True,25,29,True,60,32,0.7508798241615295,56.80217361450195,-121194.5388344492,2025-11-19 21:16:44
ba_128_1_5.txt,barabasi_albert_10ins_m20,50,SpecAnn-NCV,0.6930475890080863,1.0,-30809.0,-28003.000000000004,0.0122637748718261,0,True,25,29,True,61,32,0.7493838667869568,56.43766021728516,-120176.9008188157,2025-11-19 21:16:44
ba_128_1_5.txt,barabasi_albert_10ins_m20,50,SpecAnn-NCV,0.6987052142198116,1.0,-30809.0,-28263.0,0.0123040676116943,0,True,25,29,True,62,32,0.7478886842727661,56.07877349853516,-119174.44258214896,2025-11-19 21:16:44
ba_128_1_5.txt,barabasi_albert_10ins_m20,50,SpecAnn-NCV,0.7043173944508145,1.0,-30809.0,-28263.0,0.0123069286346435,0,True,25,29,True,63,32,0.7463940978050232,55.725364685058594,-118186.74619399544,2025-11-19 21:16:44
ba_128_1_5.txt,barabasi_albert_10ins_m20,50,SpecAnn-NCV,0.709885207532891,1.0,-30809.0,-28263.0,0.012294054031372,0,True,25,29,True,64,32,0.7448999285697937,55.377288818359375,-117213.40510565242,2025-11-19 21:16:44
ba_128_1_5.txt,barabasi_albert_10ins_m20,50,SpecAnn-NCV,0.7154096893543218,1.0,-30809.0,-28263.0,0.0123572349548339,0,True,25,29,True,65,32,0.7434059977531433,55.03438568115234,-116253.9837489976,2025-11-19 21:16:44
ba_128_1_5.txt,barabasi_albert_10ins_m20,50,SpecAnn-NCV,0.7208918361100219,1.0,-30809.0,-28263.0,0.0123052597045898,0,True,25,29,True,66,32,0.7419124245643616,54.69654083251953,-115308.19282195692,2025-11-19 21:16:44
ba_128_1_5.txt,barabasi_albert_10ins_m20,50,SpecAnn-NCV,0.7263326063988248,1.0,-30809.0,-28263.0,0.0123741626739501,0,True,25,29,True,67,32,0.7404188513755798,54.36359405517578,-114375.57456702807,2025-11-19 21:16:44
ba_128_1_5.txt,barabasi_albert_10ins_m20,50,SpecAnn-NCV,0.7317329231804058,1.0,-30809.0,-28263.0,0.0124819278717041,0,True,25,29,True,68,32,0.7389254570007324,54.03544998168945,-113455.89383872462,2025-11-19 21:16:44
ba_128_1_5.txt,barabasi_albert_10ins_m20,50,SpecAnn-NCV,0.7370936756031579,1.0,-30809.0,-28263.0,0.0123393535614013,0,True,25,29,True,69,32,0.7374319434165955,53.71196746826172,-112548.74775660396,2025-11-19 21:16:44
ba_128_1_5.txt,barabasi_albert_10ins_m20,50,SpecAnn-NCV,0.7424157207132704,1.0,-30809.0,-28263.0,0.0123863220214843,0,True,25,29,True,70,32,0.7359382510185242,53.39302444458008,-111653.81298832684,2025-11-19 21:16:44
ba_128_1_5.txt,barabasi_albert_10ins_m20,50,SpecAnn-NCV,0.7476998850543153,1.0,-30809.0,-28263.0,0.0122482776641845,0,True,25,29,True,71,32,0.7344443798065186,53.078521728515625,-110770.82523328593,2025-11-19 21:16:44
ba_128_1_5.txt,barabasi_albert_10ins_m20,50,SpecAnn-NCV,0.7529469661657903,1.0,-30357.0,-28329.000000000004,0.012284517288208,0,True,25,29,True,72,32,0.7329500913619995,52.768333435058594,-109899.43049899886,2025-11-19 21:16:44
ba_128_1_5.txt,barabasi_albert_10ins_m20,50,SpecAnn-NCV,0.7581577339883167,1.0,-30357.0,-28329.000000000004,0.0122783184051513,0,True,25,29,True,73,32,0.7314554452896118,52.462364196777344,-109039.3856021255,2025-11-19 21:16:44
ba_128_1_5.txt,barabasi_albert_10ins_m20,50,SpecAnn-NCV,0.7633329321824984,1.0,-30357.0,-28329.000000000004,0.0122368335723876,0,True,25,29,True,74,32,0.7299602031707764,52.16051864624024,-108190.4045735301,2025-11-19 21:16:44
ba_128_1_5.txt,barabasi_albert_10ins_m20,50,SpecAnn-NCV,0.7684732793678399,1.0,-30357.0,-28329.000000000004,0.0122485160827636,0,True,25,29,True,75,32,0.7284643054008484,51.86268997192383,-107352.2065092323,2025-11-19 21:16:44
ba_128_1_5.txt,barabasi_albert_10ins_m20,50,SpecAnn-NCV,0.7735794702875677,1.0,-30357.0,-28329.000000000004,0.0122370719909667,0,True,25,29,True,76,32,0.7269678115844727,51.56878662109375,-106524.56146698297,2025-11-19 21:16:44
ba_128_1_5.txt,barabasi_albert_10ins_m20,50,SpecAnn-NCV,0.7786521769046981,1.0,-30989.000000000004,-28357.000000000004,0.0122721195220947,0,True,25,29,True,77,32,0.7254704833030701,51.278717041015625,-105707.1973965882,2025-11-19 21:16:44
ba_128_1_5.txt,barabasi_albert_10ins_m20,50,SpecAnn-NCV,0.7836920494342511,1.0,-30989.000000000004,-28357.000000000004,0.0122606754302978,0,True,25,29,True,78,32,0.7239723205566406,50.99239730834961,-104899.89478291976,2025-11-19 21:16:44
ba_128_1_5.txt,barabasi_albert_10ins_m20,50,SpecAnn-NCV,0.788699717316095,1.0,-30989.000000000004,-28357.000000000004,0.0123522281646728,0,True,25,29,True,79,32,0.7224733233451843,50.70973587036133,-104102.41982371504,2025-11-19 21:16:44
ba_128_1_5.txt,barabasi_albert_10ins_m20,50,SpecAnn-NCV,0.7936757901325451,1.0,-30989.000000000004,-28357.000000000004,0.0122947692871093,0,True,25,29,True,80,32,0.7209732532501221,50.43065643310547,-103314.53731885548,2025-11-19 21:16:44
ba_128_1_5.txt,barabasi_albert_10ins_m20,50,SpecAnn-NCV,0.7986208584745024,1.0,-30989.000000000004,-28357.000000000004,0.012256383895874,0,True,25,29,True,81,32,0.7194721698760986,50.15507507324219,-102536.04093985337,2025-11-19 21:16:44
ba_128_1_5.txt,barabasi_albert_10ins_m20,50,SpecAnn-NCV,0.803535494759617,1.0,-30989.000000000004,-28357.000000000004,0.0122969150543212,0,True,25,29,True,82,32,0.7179699540138245,49.8829231262207,-101766.73132537672,2025-11-19 21:16:44
ba_128_1_5.txt,barabasi_albert_10ins_m20,50,SpecAnn-NCV,0.8084202540056837,1.0,-30989.000000000004,-28357.000000000004,0.0122931003570556,0,True,25,29,True,83,32,0.71646648645401,49.6141242980957,-101006.39505872312,2025-11-19 21:16:44
ba_128_1_5.txt,barabasi_albert_10ins_m20,50,SpecAnn-NCV,0.8132756745622272,1.0,-30989.000000000004,-28357.000000000004,0.0123302936553955,0,True,25,29,True,84,32,0.7149617671966553,49.348594665527344,-100254.8215377688,2025-11-19 21:16:44
ba_128_1_5.txt,barabasi_albert_10ins_m20,50,SpecAnn-NCV,0.8181022788030096,1.0,-30989.000000000004,-28357.000000000004,0.012305736541748,0,True,25,29,True,85,32,0.7134557366371155,49.08628082275391,-99511.8550795795,2025-11-19 21:16:44
ba_128_1_5.txt,barabasi_albert_10ins_m20,50,SpecAnn-NCV,0.822900573781978,1.0,-30989.000000000004,-28357.000000000004,0.0123071670532226,0,True,25,29,True,86,32,0.7119482159614563,48.82710647583008,-98777.27817973656,2025-11-19 21:16:44
ba_128_1_5.txt,barabasi_albert_10ins_m20,50,SpecAnn-NCV,0.8276710518549868,1.0,-30989.000000000004,-28357.000000000004,0.0123331546783447,0,True,25,29,True,87,32,0.7104390859603882,48.57101440429688,-98050.9218208797,2025-11-19 21:16:44
ba_128_1_5.txt,barabasi_albert_10ins_m20,50,SpecAnn-NCV,0.8324141912694495,1.0,-30989.000000000004,-28357.000000000004,0.0122830867767333,0,True,25,29,True,88,32,0.7089285254478455,48.31792449951172,-97332.61304196744,2025-11-19 21:16:44
ba_128_1_5.txt,barabasi_albert_10ins_m20,50,SpecAnn-NCV,0.8371304567239225,1.0,-30989.000000000004,-28801.0,0.0122513771057128,0,True,25,29,True,89,32,0.707416296005249,48.06779861450195,-96622.20702659158,2025-11-19 21:16:44
ba_128_1_5.txt,barabasi_albert_10ins_m20,50,SpecAnn-NCV,0.8418202998994706,1.0,-30989.000000000004,-28801.0,0.0122942924499511,0,True,25,29,True,90,32,0.7059024572372437,47.820560455322266,-95919.5241912204,2025-11-19 21:16:44
ba_128_1_5.txt,barabasi_albert_10ins_m20,50,SpecAnn-NCV,0.846484159964536,1.0,-30989.000000000004,-28801.0,0.0122547149658203,0,True,25,29,True,91,32,0.704386830329895,47.576148986816406,-95224.38432609531,2025-11-19 21:16:44
ba_128_1_5.txt,barabasi_albert_10ins_m20,50,SpecAnn-NCV,0.8511224640549078,1.0,-30989.000000000004,-28801.0,0.012223482131958,0,True,25,29,True,92,32,0.7028692960739136,47.33452987670898,-94536.67003372876,2025-11-19 21:16:44
ba_128_1_5.txt,barabasi_albert_10ins_m20,50,SpecAnn-NCV,0.8557356277302758,1.0,-30989.000000000004,-28801.0,0.0122325420379638,0,True,25,29,True,93,32,0.7013499736785889,47.09563064575195,-93856.22063009074,2025-11-19 21:16:44
ba_128_1_5.txt,barabasi_albert_10ins_m20,50,SpecAnn-NCV,0.8603240554087516,1.0,-30989.000000000004,-28785.0,0.012279987335205,0,True,25,29,True,94,32,0.6998286247253418,46.8593978881836,-93182.86658387745,2025-11-19 21:16:44
ba_128_1_5.txt,barabasi_albert_10ins_m20,50,SpecAnn-NCV,0.86488814078064,1.0,-30989.000000000004,-28785.0,0.0122249126434326,0,True,25,29,True,95,32,0.6983052492141724,46.62579345703125,-92516.50170277062,2025-11-19 21:16:44
ba_128_1_5.txt,barabasi_albert_10ins_m20,50,SpecAnn-NCV,0.8694282672026621,1.0,-30989.000000000004,-28785.0,0.0122969150543212,0,True,25,29,True,96,32,0.6967799067497253,46.39475631713867,-91856.9829051137,2025-11-19 21:16:44
ba_128_1_5.txt,barabasi_albert_10ins_m20,50,SpecAnn-NCV,0.8739448080737451,1.0,-30989.000000000004,-28785.0,0.0122075080871582,0,True,25,29,True,97,32,0.6952523589134216,46.16624069213867,-91204.1589727978,2025-11-19 21:16:44
ba_128_1_5.txt,barabasi_albert_10ins_m20,50,SpecAnn-NCV,0.878438127193422,1.0,-30989.000000000004,-28785.0,0.0121669769287109,0,True,25,29,True,98,32,0.6937224864959717,45.940208435058594,-90557.91061046082,2025-11-19 21:16:44
ba_128_1_5.txt,barabasi_albert_10ins_m20,50,SpecAnn-NCV,0.8829085791038153,1.0,-30699.000000000004,-28725.0,0.0122265815734863,0,True,25,29,True,99,32,0.692190408706665,45.71659851074219,-89918.10534874653,2025-11-19 21:16:44
ba_128_1_5.txt,barabasi_albert_10ins_m20,50,SpecAnn-NCV,0.8873565094161138,1.0,-30699.000000000004,-28725.0,0.0122146606445312,0,True,25,29,True,100,32,0.6906560659408569,45.49537658691406,-89284.640672843,2025-11-19 21:16:44
ba_128_1_5.txt,barabasi_albert_10ins_m20,50,SpecAnn-NCV,0.8917822551223932,1.0,-30699.000000000004,-28725.0,0.0122148990631103,0,True,25,29,True,101,32,0.6891191601753235,45.276493072509766,-88657.35417266817,2025-11-19 21:16:44
ba_128_1_5.txt,barabasi_albert_10ins_m20,50,SpecAnn-NCV,0.8961861448935777,1.0,-30699.000000000004,-28725.0,0.0121831893920898,0,True,25,29,True,102,32,0.687579870223999,45.05991363525391,-88036.17581211071,2025-11-19 21:16:44
ba_128_1_5.txt,barabasi_albert_10ins_m20,50,SpecAnn-NCV,0.9005684993642872,1.0,-30989.000000000004,-28933.000000000004,0.0122072696685791,0,True,25,29,True,103,32,0.6860380172729492,44.84558868408203,-87420.9603018314,2025-11-19 21:16:44
ba_128_1_5.txt,barabasi_albert_10ins_m20,50,SpecAnn-NCV,0.9049296314052688,1.0,-30657.0,-29297.000000000007,0.0122604370117187,0,True,25,29,True,104,32,0.6844936013221741,44.63348388671875,-86811.61591668574,2025-11-19 21:16:44
ba_128_1_5.txt,barabasi_albert_10ins_m20,50,SpecAnn-NCV,0.9092698463840684,1.0,-30657.0,-29297.000000000007,0.012197732925415,0,True,25,29,True,105,32,0.682946503162384,44.423561096191406,-86208.02898617001,2025-11-19 21:16:44
ba_128_1_5.txt,barabasi_albert_10ins_m20,50,SpecAnn-NCV,0.9135894424145556,1.0,-30657.0,-29427.0,0.0122931003570556,0,True,25,29,True,106,32,0.6813966631889343,44.215782165527344,-85610.09418481853,2025-11-19 21:16:44
ba_128_1_5.txt,barabasi_albert_10ins_m20,50,SpecAnn-NCV,0.9178887105958816,1.0,-30657.0,-29427.0,0.0122463703155517,0,True,25,29,True,107,32,0.6798439621925354,44.010101318359375,-85017.6847077073,2025-11-19 21:16:45
ba_128_1_5.txt,barabasi_albert_10ins_m20,50,SpecAnn-NCV,0.922167935241408,1.0,-30657.0,-29427.0,0.0122468471527099,0,True,25,29,True,108,32,0.6782884001731873,43.806488037109375,-84430.71898265871,2025-11-19 21:16:45
ba_128_1_5.txt,barabasi_albert_10ins_m20,50,SpecAnn-NCV,0.92642739409812,1.0,-30657.0,-29047.0,0.0122861862182617,0,True,25,29,True,109,32,0.6767298579216003,43.60491561889648,-83849.10844067129,2025-11-19 21:16:45
ba_128_1_5.txt,barabasi_albert_10ins_m20,50,SpecAnn-NCV,0.9306673585570006,1.0,-30657.0,-29047.0,0.0122952461242675,0,True,25,29,True,110,32,0.6751683950424194,43.40533828735352,-83272.75061807956,2025-11-19 21:16:45
ba_128_1_5.txt,barabasi_albert_10ins_m20,50,SpecAnn-NCV,0.9348880938548184,1.0,-30657.0,-29047.0,0.0122592449188232,0,True,25,29,True,111,32,0.673603892326355,43.20772933959961,-82701.55818132836,2025-11-19 21:16:45
ba_128_1_5.txt,barabasi_albert_10ins_m20,50,SpecAnn-NCV,0.9390898592677528,1.0,-30657.0,-29047.0,0.0122637748718261,0,True,25,29,True,112,32,0.6720361113548279,43.01205062866211,-82135.40801517673,2025-11-19 21:16:45
ba_128_1_5.txt,barabasi_albert_10ins_m20,50,SpecAnn-NCV,0.9432729082972536,1.0,-30657.0,-29047.0,0.0122544765472412,0,True,25,29,True,113,32,0.6704652309417725,42.81827926635742,-81574.25794229256,2025-11-19 21:16:45
ba_128_1_5.txt,barabasi_albert_10ins_m20,50,SpecAnn-NCV,0.9474374888485204,1.0,-30657.0,-29047.0,0.0123012065887451,0,True,25,29,True,114,32,0.6688909530639648,42.62636947631836,-81017.96443862346,2025-11-19 21:16:45
ba_128_1_5.txt,barabasi_albert_10ins_m20,50,SpecAnn-NCV,0.9515838434019476,1.0,-30947.0,-28511.0,0.012322187423706,0,True,25,29,True,115,32,0.6673133969306946,42.436302185058594,-80466.48628802694,2025-11-19 21:16:45
ba_128_1_5.txt,barabasi_albert_10ins_m20,50,SpecAnn-NCV,0.9557122091778746,1.0,-30947.0,-28511.0,0.0123109817504882,0,True,25,29,True,116,32,0.6657323241233826,42.24805068969727,-79919.72488941337,2025-11-19 21:16:45
ba_128_1_5.txt,barabasi_albert_10ins_m20,50,SpecAnn-NCV,0.9598228182949629,1.0,-30947.0,-28475.0,0.0123548507690429,0,True,25,29,True,117,32,0.6641477942466736,42.06157684326172,-79377.5965469139,2025-11-19 21:16:45
ba_128_1_5.txt,barabasi_albert_10ins_m20,50,SpecAnn-NCV,0.963915897922488,1.0,-30947.0,-27943.000000000004,0.0123689174652099,0,True,25,29,True,118,32,0.6625596284866333,41.87685775756836,-78840.01837621657,2025-11-19 21:16:45
ba_128_1_5.txt,barabasi_albert_10ins_m20,50,SpecAnn-NCV,0.967991670426842,1.0,-30947.0,-27943.000000000004,0.0124027729034423,0,True,25,29,True,119,32,0.6609678864479065,41.69386291503906,-78306.92209127122,2025-11-19 21:16:45
ba_128_1_5.txt,barabasi_albert_10ins_m20,50,SpecAnn-NCV,0.9720503535125016,1.0,-30947.0,-27943.000000000004,0.0125167369842529,0,True,25,29,True,120,32,0.6593722701072693,41.51256942749024,-77778.21183725928,2025-11-19 21:16:45
ba_128_1_5.txt,barabasi_albert_10ins_m20,50,SpecAnn-NCV,0.9760921603577252,1.0,-30947.0,-27943.000000000004,0.0124998092651367,0,True,25,29,True,121,32,0.6577730178833008,41.33294296264648,-77253.83429267463,2025-11-19 21:16:45
ba_128_1_5.txt,barabasi_albert_10ins_m20,50,SpecAnn-NCV,0.9801172997452104,1.0,-30947.0,-27943.000000000004,0.0125253200531005,0,True,25,29,True,122,32,0.6561698317527771,41.15496826171875,-76733.70899713549,2025-11-19 21:16:45
ba_128_1_5.txt,barabasi_albert_10ins_m20,50,SpecAnn-NCV,0.9841259761879442,1.0,-30947.0,-28019.0,0.0126774311065673,0,True,25,29,True,123,32,0.6545626521110535,40.97861862182617,-76217.76273918526,2025-11-19 21:16:45
ba_128_1_5.txt,barabasi_albert_10ins_m20,50,SpecAnn-NCV,0.9881183900504562,1.0,-30947.0,-28019.0,0.0124318599700927,0,True,25,29,True,124,32,0.6529514789581299,40.803855895996094,-75705.9084818193,2025-11-19 21:16:45
ba_128_1_5.txt,barabasi_albert_10ins_m20,50,SpecAnn-NCV,0.9920947376656812,1.0,-30947.0,-28019.0,0.0122346878051757,0,True,25,29,True,125,32,0.651336133480072,40.630672454833984,-75198.09561433835,2025-11-19 21:16:45
ba_128_1_5.txt,barabasi_albert_10ins_m20,50,SpecAnn-NCV,0.9960552114476228,1.0,-30947.0,-28019.0,0.0122683048248291,0,True,25,29,True,126,32,0.6497166752815247,40.45904159545898,-74694.26610394473,2025-11-19 21:16:45
ba_128_1_5.txt,barabasi_albert_10ins_m20,50,SpecAnn-NCV,1.0,1.0,-30947.0,-27765.0,0.012235403060913,0,True,25,29,True,127,32,0.6480928659439087,40.2889289855957,-74194.31401510048,2025-11-19 21:16:45
ba_128_1_5.txt,barabasi_albert_10ins_m20,51,SpecAnn-NCV,0.0,1.0,-30933.000000000004,-22711.000000000004,0.0185699462890625,0,True,28,43,True,0,32,0.8686006665229797,129.0,-318388.61441633105,2025-11-19 21:16:45
ba_128_1_5.txt,barabasi_albert_10ins_m20,51,SpecAnn-NCV,0.08873565094161137,1.0,-30151.0,-23455.0,0.01232600212097168,0,True,28,29,True,1,32,0.8586320877075195,115.48019409179688,-281748.93290323473,2025-11-19 21:16:45
ba_128_1_5.txt,barabasi_albert_10ins_m20,51,SpecAnn-NCV,0.12549116102763172,1.0,-30343.0,-24202.999999999996,0.012304306030273438,0,True,28,29,True,2,32,0.854166567325592,110.3490219116211,-267829.68918920105,2025-11-19 21:16:45
ba_128_1_5.txt,barabasi_albert_10ins_m20,51,SpecAnn-NCV,0.15369465587356798,1.0,-30166.999999999996,-24321.000000000004,0.017828941345214844,0,True,28,43,True,3,32,0.8505954742431641,106.58424377441406,-257610.60419268697,2025-11-19 21:16:45
ba_128_1_5.txt,barabasi_albert_10ins_m20,51,SpecAnn-NCV,0.17747130188322274,1.0,-30166.999999999996,-24673.0,0.017897605895996094,0,True,28,43,True,4,32,0.8474827408790588,103.52180480957031,-249293.15719568403,2025-11-19 21:16:45
ba_128_1_5.txt,barabasi_albert_10ins_m20,51,SpecAnn-NCV,0.19841894753313627,1.0,-30180.999999999996,-24784.999999999996,0.01781606674194336,0,True,28,43,True,5,32,0.8446599841117859,100.90520477294922,-242182.7176782873,2025-11-19 21:16:45
ba_128_1_5.txt,barabasi_albert_10ins_m20,51,SpecAnn-NCV,0.21735706680066552,1.0,-30180.999999999996,-24525.000000000004,0.01790595054626465,0,True,28,43,True,6,32,0.8420413136482239,98.60328674316406,-235924.17878350854,2025-11-19 21:16:45
ba_128_1_5.txt,barabasi_albert_10ins_m20,51,SpecAnn-NCV,0.23477246481693817,1.0,-30180.999999999996,-25048.999999999996,0.017914772033691406,0,True,28,43,True,7,32,0.8395754098892212,96.53836059570312,-230307.08046526607,2025-11-19 21:16:45
ba_128_1_5.txt,barabasi_albert_10ins_m20,51,SpecAnn-NCV,0.25098232205526344,1.0,-30213.000000000007,-26099.0,0.017954111099243164,0,True,28,43,True,8,32,0.8372294306755066,94.65989685058594,-225194.70447369383,2025-11-19 21:16:45
ba_128_1_5.txt,barabasi_albert_10ins_m20,51,SpecAnn-NCV,0.26620695282483414,1.0,-30213.000000000007,-26219.000000000004,0.017845630645751953,0,True,28,43,True,9,32,0.8349801898002625,92.93293762207031,-220492.33552285866,2025-11-19 21:16:45
ba_128_1_5.txt,barabasi_albert_10ins_m20,51,SpecAnn-NCV,0.28060676663315687,1.0,-30013.000000000004,-26945.0,0.01795363426208496,0,True,28,43,True,10,32,0.8328113555908203,91.33207702636719,-216131.28367771744,2025-11-19 21:16:45
ba_128_1_5.txt,barabasi_albert_10ins_m20,51,SpecAnn-NCV,0.2943028597012718,1.0,-30013.000000000004,-26945.0,0.01780223846435547,0,True,28,43,True,11,32,0.8307100534439087,89.83819580078125,-212059.702753971,2025-11-19 21:16:45
ba_128_1_5.txt,barabasi_albert_10ins_m20,51,SpecAnn-NCV,0.30738931174713596,1.0,-30013.000000000004,-26945.0,0.017795324325561523,0,True,28,43,True,12,32,0.828666627407074,88.43646240234375,-208237.4664276442,2025-11-19 21:16:45
ba_128_1_5.txt,barabasi_albert_10ins_m20,51,SpecAnn-NCV,0.31994093943165425,1.0,-30013.000000000004,-26945.0,0.017861604690551758,0,True,28,43,True,13,32,0.8266734480857849,87.1151351928711,-204632.8081543797,2025-11-19 21:16:45
ba_128_1_5.txt,barabasi_albert_10ins_m20,51,SpecAnn-NCV,0.3320184038158743,1.0,-30013.000000000004,-27258.999999999993,0.017863035202026367,0,True,28,43,True,14,32,0.8247243165969849,85.86469268798828,-201219.97004122334,2025-11-19 21:16:45
ba_128_1_5.txt,barabasi_albert_10ins_m20,51,SpecAnn-NCV,0.34367169831173533,1.0,-30169.0,-27191.000000000004,0.01786041259765625,0,True,28,43,True,15,32,0.8228139281272888,84.67733764648438,-197977.79812604975,2025-11-19 21:16:45
ba_128_1_5.txt,barabasi_albert_10ins_m20,51,SpecAnn-NCV,0.3549426037664455,1.0,-30169.0,-27191.000000000004,0.017885208129882812,0,True,28,43,True,16,32,0.820938229560852,83.54654693603516,-194888.69412185077,2025-11-19 21:16:45
ba_128_1_5.txt,barabasi_albert_10ins_m20,51,SpecAnn-NCV,0.3658664615902029,1.0,-29947.0,-27106.999999999996,0.01790165901184082,0,True,28,43,True,17,32,0.8190934062004089,82.4668197631836,-191937.72240973666,2025-11-19 21:16:45
ba_128_1_5.txt,barabasi_albert_10ins_m20,51,SpecAnn-NCV,0.37647348308289513,1.0,-29947.0,-27106.999999999996,0.017892837524414062,0,True,28,43,True,18,32,0.8172765374183655,81.4334716796875,-189112.24126934804,2025-11-19 21:16:45
ba_128_1_5.txt,barabasi_albert_10ins_m20,51,SpecAnn-NCV,0.38678973514378384,1.0,-29947.0,-27106.999999999996,0.012267112731933594,0,True,28,29,True,19,32,0.815484881401062,80.4424819946289,-186401.34264658502,2025-11-19 21:16:45
ba_128_1_5.txt,barabasi_albert_10ins_m20,51,SpecAnn-NCV,0.39683789506627254,1.0,-29947.0,-27106.999999999996,0.012341499328613281,0,True,28,29,True,20,32,0.8137161731719971,79.49034118652344,-183795.54037014488,2025-11-19 21:16:45
ba_128_1_5.txt,barabasi_albert_10ins_m20,51,SpecAnn-NCV,0.4066378372811136,1.0,-29947.0,-27106.999999999996,0.012234210968017578,0,True,28,29,True,21,32,0.8119683861732483,78.57398986816406,-181286.55131921027,2025-11-19 21:16:45
ba_128_1_5.txt,barabasi_albert_10ins_m20,51,SpecAnn-NCV,0.41620709563472474,1.0,-29947.0,-27106.999999999996,0.012355804443359375,0,True,28,29,True,22,32,0.810239851474762,77.69073486328125,-178867.1099077308,2025-11-19 21:16:45
ba_128_1_5.txt,barabasi_albert_10ins_m20,51,SpecAnn-NCV,0.4255612320274539,1.0,-29947.0,-27106.999999999996,0.012316226959228516,0,True,28,29,True,23,32,0.8085287809371948,76.83820343017578,-176530.74186302716,2025-11-19 21:16:45
ba_128_1_5.txt,barabasi_albert_10ins_m20,51,SpecAnn-NCV,0.43471413360133104,1.0,-29947.0,-27106.999999999996,0.0122833251953125,0,True,28,29,True,24,32,0.8068338632583618,76.0142593383789,-174271.6913279557,2025-11-19 21:16:45
ba_128_1_5.txt,barabasi_albert_10ins_m20,51,SpecAnn-NCV,0.4436782547080569,1.0,-29975.000000000004,-27099.0,0.012295722961425781,0,True,28,29,True,25,32,0.8051539659500122,75.21700286865234,-172084.84349530548,2025-11-19 21:16:45
ba_128_1_5.txt,barabasi_albert_10ins_m20,51,SpecAnn-NCV,0.45246481570263436,1.0,-29975.000000000004,-27099.0,0.012329339981079102,0,True,28,29,True,26,32,0.8034878373146057,74.44474029541016,-169965.5823625838,2025-11-19 21:16:45
ba_128_1_5.txt,barabasi_albert_10ins_m20,51,SpecAnn-NCV,0.46108396762070397,1.0,-29975.000000000004,-27099.0,0.012271881103515625,0,True,28,29,True,27,32,0.8018344640731812,73.6959228515625,-167909.72137973967,2025-11-19 21:16:45
ba_128_1_5.txt,barabasi_albert_10ins_m20,51,SpecAnn-NCV,0.46954492963387634,1.0,-29975.000000000004,-27099.0,0.012314319610595703,0,True,28,29,True,28,32,0.8001930713653564,72.96916961669922,-165913.54815553385,2025-11-19 21:16:45
ba_128_1_5.txt,barabasi_albert_10ins_m20,51,SpecAnn-NCV,0.4778561045889373,1.0,-29975.000000000004,-26990.999999999996,0.017865657806396484,0,True,28,43,True,29,32,0.7985625863075256,72.26319122314453,-163973.5337148074,2025-11-19 21:16:45
ba_128_1_5.txt,barabasi_albert_10ins_m20,51,SpecAnn-NCV,0.48602517675625084,1.0,-29975.000000000004,-27007.0,0.012343883514404297,0,True,28,29,True,30,32,0.7969423532485962,71.57684326171875,-162086.59878302485,2025-11-19 21:16:45
ba_128_1_5.txt,barabasi_albert_10ins_m20,51,SpecAnn-NCV,0.4940591950252281,1.0,-29975.000000000004,-27007.0,0.017704486846923828,0,True,28,43,True,31,32,0.7953317761421204,70.90907287597656,-160249.9127634304,2025-11-19 21:16:45
ba_128_1_5.txt,barabasi_albert_10ins_m20,51,SpecAnn-NCV,0.5019646441105269,1.0,-29975.000000000004,-27007.0,0.017818689346313477,0,True,28,43,True,32,32,0.7937300205230713,70.2588882446289,-158460.76209889093,2025-11-19 21:16:45
ba_128_1_5.txt,barabasi_albert_10ins_m20,51,SpecAnn-NCV,0.5097475058154177,1.0,-29975.000000000004,-27007.0,0.017805814743041992,0,True,28,43,True,33,32,0.792136549949646,69.62541961669922,-156716.79396199656,2025-11-19 21:16:45
ba_128_1_5.txt,barabasi_albert_10ins_m20,51,SpecAnn-NCV,0.51741331199832,1.0,-29975.000000000004,-27007.0,0.017807722091674805,0,True,28,43,True,34,32,0.7905508875846863,69.00782012939453,-155015.74069833968,2025-11-19 21:16:45
ba_128_1_5.txt,barabasi_albert_10ins_m20,51,SpecAnn-NCV,0.5249671905758515,1.0,-29975.000000000004,-27007.0,0.012329339981079102,0,True,28,29,True,35,32,0.7889724969863892,68.40534210205078,-153355.56622626362,2025-11-19 21:16:45
ba_128_1_5.txt,barabasi_albert_10ins_m20,51,SpecAnn-NCV,0.5324139056496683,1.0,-29975.000000000004,-27261.0,0.017853736877441406,0,True,28,43,True,36,32,0.7874008417129517,67.81727600097656,-151734.33885491852,2025-11-19 21:16:45
ba_128_1_5.txt,barabasi_albert_10ins_m20,51,SpecAnn-NCV,0.5397578926492556,1.0,-29975.000000000004,-27261.0,0.012288093566894531,0,True,28,29,True,37,32,0.7858355045318604,67.24295043945312,-150150.252839655,2025-11-19 21:16:45
ba_128_1_5.txt,barabasi_albert_10ins_m20,51,SpecAnn-NCV,0.5470032892270364,1.0,-29975.000000000004,-27261.0,0.01225900650024414,0,True,28,29,True,38,32,0.7842760682106018,66.68177795410156,-148601.70566773656,2025-11-19 21:16:45
ba_128_1_5.txt,barabasi_albert_10ins_m20,51,SpecAnn-NCV,0.554153962516942,1.0,-29975.000000000004,-27261.0,0.012263059616088867,0,True,28,29,True,39,32,0.7827222347259521,66.1331787109375,-147087.14864578762,2025-11-19 21:16:46
ba_128_1_5.txt,barabasi_albert_10ins_m20,51,SpecAnn-NCV,0.5612135332663137,1.0,-29975.000000000004,-26871.0,0.012281179428100586,0,True,28,29,True,40,32,0.7811735272407532,65.59661865234375,-145605.11470127056,2025-11-19 21:16:46
ba_128_1_5.txt,barabasi_albert_10ins_m20,51,SpecAnn-NCV,0.5681853972686127,1.0,-30357.0,-26895.000000000004,0.012325763702392578,0,True,28,29,True,41,32,0.779629647731781,65.07159423828125,-144154.25084121595,2025-11-19 21:16:46
ba_128_1_5.txt,barabasi_albert_10ins_m20,51,SpecAnn-NCV,0.5750727444570146,1.0,-30357.0,-26895.000000000004,0.012330055236816406,0,True,28,29,True,42,32,0.7780904173851013,64.55764770507812,-142733.33874758694,2025-11-19 21:16:46
ba_128_1_5.txt,barabasi_albert_10ins_m20,51,SpecAnn-NCV,0.5818785759635375,1.0,-30357.0,-26895.000000000004,0.012281656265258789,0,True,28,29,True,43,32,0.7765552997589111,64.05433654785156,-141341.13863509928,2025-11-19 21:16:46
ba_128_1_5.txt,barabasi_albert_10ins_m20,51,SpecAnn-NCV,0.5886057194025436,1.0,-30357.0,-26895.000000000004,0.012366771697998047,0,True,28,29,True,44,32,0.7750241160392761,63.561248779296875,-139976.5540956312,2025-11-19 21:16:46
ba_128_1_5.txt,barabasi_albert_10ins_m20,51,SpecAnn-NCV,0.5952568425994088,1.0,-30357.0,-27179.0,0.012291669845581055,0,True,28,29,True,45,32,0.7734965682029724,63.0780029296875,-138638.54330659012,2025-11-19 21:16:46
ba_128_1_5.txt,barabasi_albert_10ins_m20,51,SpecAnn-NCV,0.6018344659534288,1.0,-30357.0,-27179.0,0.012305736541748047,0,True,28,29,True,46,32,0.7719724178314209,62.60422134399414,-137326.09231152563,2025-11-19 21:16:46
ba_128_1_5.txt,barabasi_albert_10ins_m20,51,SpecAnn-NCV,0.6083409735974393,1.0,-30357.0,-27179.0,0.012259960174560547,0,True,28,29,True,47,32,0.770451545715332,62.13957595825195,-136038.32516437132,2025-11-19 21:16:46
ba_128_1_5.txt,barabasi_albert_10ins_m20,51,SpecAnn-NCV,0.6147786234942719,1.0,-30069.0,-27155.000000000004,0.012305259704589844,0,True,28,29,True,48,32,0.7689335346221924,61.68373107910156,-134774.3038372919,2025-11-19 21:16:46
ba_128_1_5.txt,barabasi_albert_10ins_m20,51,SpecAnn-NCV,0.6211495565912796,1.0,-30069.0,-27155.000000000004,0.012302875518798828,0,True,28,29,True,49,32,0.7674184441566467,61.23637390136719,-133533.23159409437,2025-11-19 21:16:46
ba_128_1_5.txt,barabasi_albert_10ins_m20,51,SpecAnn-NCV,0.6274558051381586,1.0,-30069.0,-27155.000000000004,0.012319564819335938,0,True,28,29,True,50,32,0.7659057974815369,60.79722213745117,-132314.29094996335,2025-11-19 21:16:46
ba_128_1_5.txt,barabasi_albert_10ins_m20,51,SpecAnn-NCV,0.6336993002596786,1.0,-30069.0,-27155.000000000004,0.012303829193115234,0,True,28,29,True,51,32,0.7643953561782837,60.36599349975586,-131116.71291819066,2025-11-19 21:16:46
ba_128_1_5.txt,barabasi_albert_10ins_m20,51,SpecAnn-NCV,0.6398818788633085,1.0,-30069.0,-27155.000000000004,0.012330293655395508,0,True,28,29,True,52,32,0.7628872394561768,59.94243240356445,-129939.85363788226,2025-11-19 21:16:46
ba_128_1_5.txt,barabasi_albert_10ins_m20,51,SpecAnn-NCV,0.6460052899517691,1.0,-30069.0,-27155.000000000004,0.012328147888183594,0,True,28,29,True,53,32,0.7613810896873474,59.52627182006836,-128782.96794417953,2025-11-19 21:16:46
ba_128_1_5.txt,barabasi_albert_10ins_m20,51,SpecAnn-NCV,0.6520712004019966,1.0,-30069.0,-27155.000000000004,0.012396574020385742,0,True,28,29,True,54,32,0.7598766684532166,59.11729431152344,-127645.44430329488,2025-11-19 21:16:46
ba_128_1_5.txt,barabasi_albert_10ins_m20,51,SpecAnn-NCV,0.6580812002646271,1.0,-30069.0,-28003.000000000004,0.012403726577758789,0,True,28,29,True,55,32,0.7583739161491394,58.71526336669922,-126526.66496297998,2025-11-19 21:16:46
ba_128_1_5.txt,barabasi_albert_10ins_m20,51,SpecAnn-NCV,0.6640368076317485,1.0,-30069.0,-28003.000000000004,0.01239919662475586,0,True,28,29,True,56,32,0.7568726539611816,58.319976806640625,-125426.07076729138,2025-11-19 21:16:46
ba_128_1_5.txt,barabasi_albert_10ins_m20,51,SpecAnn-NCV,0.6699394731151429,1.0,-30069.0,-28003.000000000004,0.012305021286010742,0,True,28,29,True,57,32,0.7553727626800537,57.931209564208984,-124343.06767823575,2025-11-19 21:16:46
ba_128_1_5.txt,barabasi_albert_10ins_m20,51,SpecAnn-NCV,0.6757905839724513,1.0,-30069.0,-28003.000000000004,0.012305974960327148,0,True,28,29,True,58,32,0.7538740634918213,57.54877471923828,-123277.13814922172,2025-11-19 21:16:46
ba_128_1_5.txt,barabasi_albert_10ins_m20,51,SpecAnn-NCV,0.6815914679145113,1.0,-30069.0,-28003.000000000004,0.012311935424804688,0,True,28,29,True,59,32,0.7523764967918396,57.172489166259766,-122227.79625312265,2025-11-19 21:16:46
ba_128_1_5.txt,barabasi_albert_10ins_m20,51,SpecAnn-NCV,0.6873433966234707,1.0,-30069.0,-28003.000000000004,0.012284517288208008,0,True,28,29,True,60,32,0.7508797645568848,56.80217361450195,-121194.52921405828,2025-11-19 21:16:46
ba_128_1_5.txt,barabasi_albert_10ins_m20,51,SpecAnn-NCV,0.6930475890080863,1.0,-30069.0,-28003.000000000004,0.012272357940673828,0,True,28,29,True,61,32,0.7493839263916016,56.437660217285156,-120176.91037747022,2025-11-19 21:16:46
ba_128_1_5.txt,barabasi_albert_10ins_m20,51,SpecAnn-NCV,0.6987052142198116,1.0,-30069.0,-28263.0,0.01230764389038086,0,True,28,29,True,62,32,0.7478886842727661,56.078773498535156,-119174.44258214896,2025-11-19 21:16:46
ba_128_1_5.txt,barabasi_albert_10ins_m20,51,SpecAnn-NCV,0.7043173944508145,1.0,-30069.0,-28263.0,0.012249946594238281,0,True,28,29,True,63,32,0.7463939785957336,55.725364685058594,-118186.72731796454,2025-11-19 21:16:46
ba_128_1_5.txt,barabasi_albert_10ins_m20,51,SpecAnn-NCV,0.709885207532891,1.0,-30069.0,-28263.0,0.012263059616088867,0,True,28,29,True,64,32,0.7448998689651489,55.377288818359375,-117213.3957265894,2025-11-19 21:16:46
ba_128_1_5.txt,barabasi_albert_10ins_m20,51,SpecAnn-NCV,0.7154096893543218,1.0,-30069.0,-28263.0,0.012315511703491211,0,True,28,29,True,65,32,0.7434059977531433,55.034385681152344,-116253.98374899759,2025-11-19 21:16:46
ba_128_1_5.txt,barabasi_albert_10ins_m20,51,SpecAnn-NCV,0.7208918361100219,1.0,-30069.0,-28263.0,0.012327194213867188,0,True,28,29,True,66,32,0.7419124245643616,54.69654083251953,-115308.19282195691,2025-11-19 21:16:46
ba_128_1_5.txt,barabasi_albert_10ins_m20,51,SpecAnn-NCV,0.7263326063988248,1.0,-30069.0,-28263.0,0.012304544448852539,0,True,28,29,True,67,32,0.7404189109802246,54.36359405517578,-114375.58377440507,2025-11-19 21:16:46
ba_128_1_5.txt,barabasi_albert_10ins_m20,51,SpecAnn-NCV,0.7317329231804058,1.0,-30069.0,-28263.0,0.012423276901245117,0,True,28,29,True,68,32,0.7389253973960876,54.03544998168945,-113455.88468692427,2025-11-19 21:16:46
ba_128_1_5.txt,barabasi_albert_10ins_m20,51,SpecAnn-NCV,0.7370936756031579,1.0,-30069.0,-28263.0,0.01234292984008789,0,True,28,29,True,69,32,0.7374319434165955,53.71196746826172,-112548.74775660397,2025-11-19 21:16:46
ba_128_1_5.txt,barabasi_albert_10ins_m20,51,SpecAnn-NCV,0.7424157207132704,1.0,-30069.0,-28263.0,0.012355566024780273,0,True,28,29,True,70,32,0.7359382510185242,53.39302444458008,-111653.81298832684,2025-11-19 21:16:46
ba_128_1_5.txt,barabasi_albert_10ins_m20,51,SpecAnn-NCV,0.7476998850543153,1.0,-30069.0,-28263.0,0.012278079986572266,0,True,28,29,True,71,32,0.7344444394111633,53.078521728515625,-110770.83422301458,2025-11-19 21:16:46
ba_128_1_5.txt,barabasi_albert_10ins_m20,51,SpecAnn-NCV,0.7529469661657903,1.0,-30069.0,-28329.000000000004,0.012252330780029297,0,True,28,29,True,72,32,0.7329500913619995,52.768333435058594,-109899.43049899886,2025-11-19 21:16:46
ba_128_1_5.txt,barabasi_albert_10ins_m20,51,SpecAnn-NCV,0.7581577339883167,1.0,-30069.0,-28329.000000000004,0.012285470962524414,0,True,28,29,True,73,32,0.7314554452896118,52.462364196777344,-109039.3856021255,2025-11-19 21:16:46
ba_128_1_5.txt,barabasi_albert_10ins_m20,51,SpecAnn-NCV,0.7633329321824984,1.0,-30069.0,-28329.000000000004,0.012306451797485352,0,True,28,29,True,74,32,0.7299601435661316,52.160518646240234,-108190.39573928052,2025-11-19 21:16:46
ba_128_1_5.txt,barabasi_albert_10ins_m20,51,SpecAnn-NCV,0.7684732793678399,1.0,-30069.0,-28329.000000000004,0.012287616729736328,0,True,28,29,True,75,32,0.7284643650054932,51.86268997192383,-107352.21529303968,2025-11-19 21:16:46
ba_128_1_5.txt,barabasi_albert_10ins_m20,51,SpecAnn-NCV,0.7735794702875677,1.0,-30069.0,-28329.000000000004,0.012381553649902344,0,True,28,29,True,76,32,0.7269677519798279,51.56878662109375,-106524.552732953,2025-11-19 21:16:46
ba_128_1_5.txt,barabasi_albert_10ins_m20,51,SpecAnn-NCV,0.7786521769046981,1.0,-30069.0,-28357.000000000004,0.012292861938476562,0,True,28,29,True,77,32,0.7254705429077148,51.278717041015625,-105707.20608149005,2025-11-19 21:16:46
ba_128_1_5.txt,barabasi_albert_10ins_m20,51,SpecAnn-NCV,0.7836920494342511,1.0,-30069.0,-28357.000000000004,0.012251853942871094,0,True,28,29,True,78,32,0.7239723801612854,50.99239730834961,-104899.90341932862,2025-11-19 21:16:46
ba_128_1_5.txt,barabasi_albert_10ins_m20,51,SpecAnn-NCV,0.788699717316095,1.0,-30069.0,-28357.000000000004,0.012326478958129883,0,True,28,29,True,79,32,0.7224733233451843,50.70973587036133,-104102.41982371504,2025-11-19 21:16:46
ba_128_1_5.txt,barabasi_albert_10ins_m20,51,SpecAnn-NCV,0.7936757901325451,1.0,-30069.0,-28357.000000000004,0.012305736541748047,0,True,28,29,True,80,32,0.7209733128547668,50.43065643310547,-103314.5458601242,2025-11-19 21:16:46
ba_128_1_5.txt,barabasi_albert_10ins_m20,51,SpecAnn-NCV,0.7986208584745024,1.0,-30069.0,-28357.000000000004,0.01225733757019043,0,True,28,29,True,81,32,0.7194721102714539,50.15507507324219,-102536.0324452589,2025-11-19 21:16:46
ba_128_1_5.txt,barabasi_albert_10ins_m20,51,SpecAnn-NCV,0.803535494759617,1.0,-30069.0,-28357.000000000004,0.012323379516601562,0,True,28,29,True,82,32,0.7179699540138245,49.8829231262207,-101766.73132537672,2025-11-19 21:16:46
ba_128_1_5.txt,barabasi_albert_10ins_m20,51,SpecAnn-NCV,0.8084202540056837,1.0,-30069.0,-28357.000000000004,0.01234579086303711,0,True,28,29,True,83,32,0.71646648645401,49.6141242980957,-101006.39505872312,2025-11-19 21:16:46
ba_128_1_5.txt,barabasi_albert_10ins_m20,51,SpecAnn-NCV,0.8132756745622272,1.0,-30069.0,-28357.000000000004,0.012324810028076172,0,True,28,29,True,84,32,0.7149617671966553,49.348594665527344,-100254.8215377688,2025-11-19 21:16:46
ba_128_1_5.txt,barabasi_albert_10ins_m20,51,SpecAnn-NCV,0.8181022788030096,1.0,-30069.0,-28357.000000000004,0.012290000915527344,0,True,28,29,True,85,32,0.7134557366371155,49.086280822753906,-99511.8550795795,2025-11-19 21:16:46
ba_128_1_5.txt,barabasi_albert_10ins_m20,51,SpecAnn-NCV,0.822900573781978,1.0,-30069.0,-28357.000000000004,0.012277841567993164,0,True,28,29,True,86,32,0.7119482159614563,48.82710647583008,-98777.27817973656,2025-11-19 21:16:46
ba_128_1_5.txt,barabasi_albert_10ins_m20,51,SpecAnn-NCV,0.8276710518549868,1.0,-30069.0,-28357.000000000004,0.012274980545043945,0,True,28,29,True,87,32,0.7104390859603882,48.571014404296875,-98050.9218208797,2025-11-19 21:16:46
ba_128_1_5.txt,barabasi_albert_10ins_m20,51,SpecAnn-NCV,0.8324141912694495,1.0,-30069.0,-28357.000000000004,0.012324333190917969,0,True,28,29,True,88,32,0.7089285254478455,48.31792449951172,-97332.61304196744,2025-11-19 21:16:46
ba_128_1_5.txt,barabasi_albert_10ins_m20,51,SpecAnn-NCV,0.8371304567239225,1.0,-30069.0,-28800.999999999996,0.012320756912231445,0,True,28,29,True,89,32,0.707416296005249,48.06779861450195,-96622.20702659158,2025-11-19 21:16:46
ba_128_1_5.txt,barabasi_albert_10ins_m20,51,SpecAnn-NCV,0.8418202998994706,1.0,-30069.0,-28800.999999999996,0.012340545654296875,0,True,28,29,True,90,32,0.7059023976325989,47.820560455322266,-95919.51609201475,2025-11-19 21:16:46
ba_128_1_5.txt,barabasi_albert_10ins_m20,51,SpecAnn-NCV,0.846484159964536,1.0,-30069.0,-28800.999999999996,0.0124664306640625,0,True,28,29,True,91,32,0.7043867707252502,47.576148986816406,-95224.37626828482,2025-11-19 21:16:46
ba_128_1_5.txt,barabasi_albert_10ins_m20,51,SpecAnn-NCV,0.8511224640549078,1.0,-30069.0,-28800.999999999996,0.012600421905517578,0,True,28,29,True,92,32,0.7028692960739136,47.334529876708984,-94536.67003372875,2025-11-19 21:16:46
ba_128_1_5.txt,barabasi_albert_10ins_m20,51,SpecAnn-NCV,0.8557356277302758,1.0,-30069.0,-28800.999999999996,0.01250314712524414,0,True,28,29,True,93,32,0.7013499736785889,47.09563064575195,-93856.22063009074,2025-11-19 21:16:46
ba_128_1_5.txt,barabasi_albert_10ins_m20,51,SpecAnn-NCV,0.8603240554087516,1.0,-30069.0,-28785.0,0.012501955032348633,0,True,28,29,True,94,32,0.6998286247253418,46.859397888183594,-93182.86658387743,2025-11-19 21:16:46
ba_128_1_5.txt,barabasi_albert_10ins_m20,51,SpecAnn-NCV,0.86488814078064,1.0,-30069.0,-28785.0,0.01251077651977539,0,True,28,29,True,95,32,0.6983052492141724,46.62579345703125,-92516.50170277062,2025-11-19 21:16:46
ba_128_1_5.txt,barabasi_albert_10ins_m20,51,SpecAnn-NCV,0.8694282672026621,1.0,-30069.0,-28785.0,0.01242685317993164,0,True,28,29,True,96,32,0.6967799067497253,46.39475631713867,-91856.9829051137,2025-11-19 21:16:46
ba_128_1_5.txt,barabasi_albert_10ins_m20,51,SpecAnn-NCV,0.8739448080737451,1.0,-30069.0,-28785.0,0.012351274490356445,0,True,28,29,True,97,32,0.6952522993087769,46.16624069213867,-91204.15115377867,2025-11-19 21:16:46
ba_128_1_5.txt,barabasi_albert_10ins_m20,51,SpecAnn-NCV,0.878438127193422,1.0,-30069.0,-28785.0,0.012468099594116211,0,True,28,29,True,98,32,0.6937225461006165,45.940208435058594,-90557.91839119764,2025-11-19 21:16:46
ba_128_1_5.txt,barabasi_albert_10ins_m20,51,SpecAnn-NCV,0.8829085791038153,1.0,-30989.000000000004,-28724.999999999996,0.0124053955078125,0,True,28,29,True,99,32,0.692190408706665,45.71659851074219,-89918.10534874653,2025-11-19 21:16:46
ba_128_1_5.txt,barabasi_albert_10ins_m20,51,SpecAnn-NCV,0.8873565094161138,1.0,-30989.000000000004,-28724.999999999996,0.0123748779296875,0,True,28,29,True,100,32,0.6906560659408569,45.49537658691406,-89284.640672843,2025-11-19 21:16:46
ba_128_1_5.txt,barabasi_albert_10ins_m20,51,SpecAnn-NCV,0.8917822551223932,1.0,-30989.000000000004,-28724.999999999996,0.012353897094726562,0,True,28,29,True,101,32,0.6891191601753235,45.276493072509766,-88657.35417266817,2025-11-19 21:16:46
ba_128_1_5.txt,barabasi_albert_10ins_m20,51,SpecAnn-NCV,0.8961861448935777,1.0,-30989.000000000004,-28724.999999999996,0.012346267700195312,0,True,28,29,True,102,32,0.687579870223999,45.059913635253906,-88036.17581211071,2025-11-19 21:16:46
ba_128_1_5.txt,barabasi_albert_10ins_m20,51,SpecAnn-NCV,0.9005684993642872,1.0,-30989.000000000004,-28933.000000000004,0.012352943420410156,0,True,28,29,True,103,32,0.6860380172729492,44.84558868408203,-87420.9603018314,2025-11-19 21:16:46
ba_128_1_5.txt,barabasi_albert_10ins_m20,51,SpecAnn-NCV,0.9049296314052687,1.0,-30989.000000000004,-29297.000000000007,0.012357234954833984,0,True,28,29,True,104,32,0.6844934821128845,44.63348388671875,-86811.60079784309,2025-11-19 21:16:46
ba_128_1_5.txt,barabasi_albert_10ins_m20,51,SpecAnn-NCV,0.9092698463840683,1.0,-30989.000000000004,-29297.000000000007,0.012302875518798828,0,True,28,29,True,105,32,0.6829465627670288,44.423561096191406,-86208.03651003743,2025-11-19 21:16:46
ba_128_1_5.txt,barabasi_albert_10ins_m20,51,SpecAnn-NCV,0.9135894424145555,1.0,-30989.000000000004,-29426.999999999996,0.012350797653198242,0,True,28,29,True,106,32,0.6813966035842896,44.215782165527344,-85610.08669614192,2025-11-19 21:16:46
ba_128_1_5.txt,barabasi_albert_10ins_m20,51,SpecAnn-NCV,0.9178887105958816,1.0,-30989.000000000004,-29426.999999999996,0.012314558029174805,0,True,28,29,True,107,32,0.6798439621925354,44.010101318359375,-85017.6847077073,2025-11-19 21:16:46
ba_128_1_5.txt,barabasi_albert_10ins_m20,51,SpecAnn-NCV,0.9221679352414079,1.0,-30989.000000000004,-29426.999999999996,0.012326717376708984,0,True,28,29,True,108,32,0.6782884001731873,43.806488037109375,-84430.71898265871,2025-11-19 21:16:46
ba_128_1_5.txt,barabasi_albert_10ins_m20,51,SpecAnn-NCV,0.9264273940981199,1.0,-30989.000000000004,-29046.999999999996,0.01238107681274414,0,True,28,29,True,109,32,0.6767298579216003,43.604915618896484,-83849.10844067129,2025-11-19 21:16:46
ba_128_1_5.txt,barabasi_albert_10ins_m20,51,SpecAnn-NCV,0.9306673585570006,1.0,-30989.000000000004,-29046.999999999996,0.012308120727539062,0,True,28,29,True,110,32,0.6751683950424194,43.405338287353516,-83272.75061807956,2025-11-19 21:16:46
ba_128_1_5.txt,barabasi_albert_10ins_m20,51,SpecAnn-NCV,0.9348880938548185,1.0,-30989.000000000004,-29046.999999999996,0.012332677841186523,0,True,28,29,True,111,32,0.6736038327217102,43.20772933959961,-82701.55086338223,2025-11-19 21:16:46
ba_128_1_5.txt,barabasi_albert_10ins_m20,51,SpecAnn-NCV,0.9390898592677527,1.0,-30989.000000000004,-29046.999999999996,0.012284040451049805,0,True,28,29,True,112,32,0.6720361113548279,43.01205062866211,-82135.40801517673,2025-11-19 21:16:46
ba_128_1_5.txt,barabasi_albert_10ins_m20,51,SpecAnn-NCV,0.9432729082972536,1.0,-30989.000000000004,-29046.999999999996,0.012285947799682617,0,True,28,29,True,113,32,0.6704651713371277,42.81827926635742,-81574.25069030626,2025-11-19 21:16:46
ba_128_1_5.txt,barabasi_albert_10ins_m20,51,SpecAnn-NCV,0.9474374888485205,1.0,-30989.000000000004,-29046.999999999996,0.012298822402954102,0,True,28,29,True,114,32,0.6688908934593201,42.62636947631836,-81017.95721914027,2025-11-19 21:16:46
ba_128_1_5.txt,barabasi_albert_10ins_m20,51,SpecAnn-NCV,0.9515838434019475,1.0,-30189.0,-28511.0,0.012349843978881836,0,True,28,29,True,115,32,0.6673133969306946,42.436302185058594,-80466.48628802694,2025-11-19 21:16:46
ba_128_1_5.txt,barabasi_albert_10ins_m20,51,SpecAnn-NCV,0.9557122091778746,1.0,-30189.0,-28511.0,0.01229238510131836,0,True,28,29,True,116,32,0.6657323241233826,42.248050689697266,-79919.72488941337,2025-11-19 21:16:46
ba_128_1_5.txt,barabasi_albert_10ins_m20,51,SpecAnn-NCV,0.9598228182949627,1.0,-31155.000000000007,-28475.0,0.012365102767944336,0,True,28,29,True,117,32,0.6641477942466736,42.06157684326172,-79377.5965469139,2025-11-19 21:16:46
ba_128_1_5.txt,barabasi_albert_10ins_m20,51,SpecAnn-NCV,0.9639158979224881,1.0,-31155.000000000007,-27943.000000000004,0.012356758117675781,0,True,28,29,True,118,32,0.6625596284866333,41.87685775756836,-78840.01837621657,2025-11-19 21:16:46
ba_128_1_5.txt,barabasi_albert_10ins_m20,51,SpecAnn-NCV,0.9679916704268421,1.0,-31155.000000000007,-27943.000000000004,0.012288093566894531,0,True,28,29,True,119,32,0.6609679460525513,41.69386291503906,-78306.92915281895,2025-11-19 21:16:46
ba_128_1_5.txt,barabasi_albert_10ins_m20,51,SpecAnn-NCV,0.9720503535125017,1.0,-31155.000000000007,-27943.000000000004,0.012315988540649414,0,True,28,29,True,120,32,0.6593722701072693,41.512569427490234,-77778.21183725928,2025-11-19 21:16:47
ba_128_1_5.txt,barabasi_albert_10ins_m20,51,SpecAnn-NCV,0.9760921603577252,1.0,-31155.000000000007,-27943.000000000004,0.012308359146118164,0,True,28,29,True,121,32,0.6577730178833008,41.332942962646484,-77253.83429267463,2025-11-19 21:16:47
ba_128_1_5.txt,barabasi_albert_10ins_m20,51,SpecAnn-NCV,0.9801172997452103,1.0,-31155.000000000007,-27943.000000000004,0.012292861938476562,0,True,28,29,True,122,32,0.6561697721481323,41.15496826171875,-76733.70202685852,2025-11-19 21:16:47
ba_128_1_5.txt,barabasi_albert_10ins_m20,51,SpecAnn-NCV,0.9841259761879442,1.0,-30947.0,-28019.0,0.012261152267456055,0,True,28,29,True,123,32,0.6545626521110535,40.97861862182617,-76217.76273918526,2025-11-19 21:16:47
ba_128_1_5.txt,barabasi_albert_10ins_m20,51,SpecAnn-NCV,0.9881183900504562,1.0,-30947.0,-28019.0,0.012246370315551758,0,True,28,29,True,124,32,0.6529514193534851,40.803855895996094,-75705.90157100903,2025-11-19 21:16:47
ba_128_1_5.txt,barabasi_albert_10ins_m20,51,SpecAnn-NCV,0.9920947376656813,1.0,-30947.0,-28019.0,0.012295007705688477,0,True,28,29,True,125,32,0.651336133480072,40.630672454833984,-75198.09561433835,2025-11-19 21:16:47
ba_128_1_5.txt,barabasi_albert_10ins_m20,51,SpecAnn-NCV,0.9960552114476228,1.0,-30947.0,-28019.0,0.012279987335205078,0,True,28,29,True,126,32,0.6497166752815247,40.459041595458984,-74694.26610394473,2025-11-19 21:16:47
ba_128_1_5.txt,barabasi_albert_10ins_m20,51,SpecAnn-NCV,1.0,1.0,-30947.0,-27765.0,0.012282371520996094,0,True,28,29,True,127,32,0.6480928659439087,40.2889289855957,-74194.31401510048,2025-11-19 21:16:47
