instance_name,dataset,seed,solver_name,alpha,beta,energy,time,mode,use_local_search,local_search_iterations,eigsh_iterations,warm_start,alpha_index,precision,timestamp
ba_131072_1_6.txt,barabasi_albert_10ins_m20,42,SpecAnn-64,0.0,1.00000001,-31501191.0,0.0210490226745605,0,True,33,33,True,0,64,2025-11-16 06:58:59
ba_131072_1_6.txt,barabasi_albert_10ins_m20,42,SpecAnn-64,0.0887356509416113,1.00000001,-31462329.0,0.0145576000213623,0,True,33,33,True,1,64,2025-11-16 06:58:59
ba_131072_1_6.txt,barabasi_albert_10ins_m20,42,SpecAnn-64,0.1254911610276317,1.00000001,-31459279.0,0.0145127773284912,0,True,33,33,True,2,64,2025-11-16 06:58:59
ba_131072_1_6.txt,barabasi_albert_10ins_m20,42,SpecAnn-64,0.1536946558735679,1.00000001,-31554571.0,0.0145232677459716,0,True,33,33,True,3,64,2025-11-16 06:58:59
ba_131072_1_6.txt,barabasi_albert_10ins_m20,42,SpecAnn-64,0.1774713018832227,1.00000001,-31534705.0,0.0145893096923828,0,True,33,33,True,4,64,2025-11-16 06:58:59
ba_131072_1_6.txt,barabasi_albert_10ins_m20,42,SpecAnn-64,0.1984189475331362,1.00000001,-31541427.0,0.0145351886749267,0,True,33,33,True,5,64,2025-11-16 06:58:59
ba_131072_1_6.txt,barabasi_albert_10ins_m20,42,SpecAnn-64,0.2173570668006655,1.00000001,-31579699.000000004,0.0144822597503662,0,True,33,33,True,6,64,2025-11-16 06:58:59
ba_131072_1_6.txt,barabasi_albert_10ins_m20,42,SpecAnn-64,0.2347724648169381,1.00000001,-31505141.000000004,0.0145888328552246,0,True,33,33,True,7,64,2025-11-16 06:58:59
ba_131072_1_6.txt,barabasi_albert_10ins_m20,42,SpecAnn-64,0.2509823220552634,1.00000001,-31559675.000000004,0.0145754814147949,0,True,33,33,True,8,64,2025-11-16 06:58:59
ba_131072_1_6.txt,barabasi_albert_10ins_m20,42,SpecAnn-64,0.2662069528248341,1.00000001,-31507875.0,0.0145902633666992,0,True,33,33,True,9,64,2025-11-16 06:58:59
ba_131072_1_6.txt,barabasi_albert_10ins_m20,42,SpecAnn-64,0.2806067666331568,1.00000001,-31509749.0,0.0144367218017578,0,True,33,33,True,10,64,2025-11-16 06:58:59
ba_131072_1_6.txt,barabasi_albert_10ins_m20,42,SpecAnn-64,0.2943028597012718,1.00000001,-31527257.0,0.0116584300994873,0,True,33,33,True,11,64,2025-11-16 06:58:59
ba_131072_1_6.txt,barabasi_albert_10ins_m20,42,SpecAnn-64,0.3073893117471359,1.00000001,-31555433.0,0.0117027759552001,0,True,33,33,True,12,64,2025-11-16 06:58:59
ba_131072_1_6.txt,barabasi_albert_10ins_m20,42,SpecAnn-64,0.3199409394316542,1.00000001,-31546863.0,0.0117597579956054,0,True,33,33,True,13,64,2025-11-16 06:58:59
ba_131072_1_6.txt,barabasi_albert_10ins_m20,42,SpecAnn-64,0.3320184038158743,1.00000001,-31547263.0,0.0117371082305908,0,True,33,33,True,14,64,2025-11-16 06:58:59
ba_131072_1_6.txt,barabasi_albert_10ins_m20,42,SpecAnn-64,0.3436716983117353,1.00000001,-31503945.000000004,0.0114858150482177,0,True,33,33,True,15,64,2025-11-16 06:58:59
ba_131072_1_6.txt,barabasi_albert_10ins_m20,42,SpecAnn-64,0.3549426037664455,1.00000001,-31468689.0,0.011509895324707,0,True,33,33,True,16,64,2025-11-16 06:58:59
ba_131072_1_6.txt,barabasi_albert_10ins_m20,42,SpecAnn-64,0.3658664615902029,1.00000001,-31505789.000000004,0.0115618705749511,0,True,33,33,True,17,64,2025-11-16 06:58:59
ba_131072_1_6.txt,barabasi_albert_10ins_m20,42,SpecAnn-64,0.3764734830828951,1.00000001,-31510093.0,0.0115282535552978,0,True,33,33,True,18,64,2025-11-16 06:58:59
ba_131072_1_6.txt,barabasi_albert_10ins_m20,42,SpecAnn-64,0.3867897351437838,1.00000001,-31475571.0,0.0115702152252197,0,True,33,33,True,19,64,2025-11-16 06:58:59
ba_131072_1_6.txt,barabasi_albert_10ins_m20,42,SpecAnn-64,0.3968378950662725,1.00000001,-31470737.000000004,0.0117106437683105,0,True,33,33,True,20,64,2025-11-16 06:58:59
ba_131072_1_6.txt,barabasi_albert_10ins_m20,42,SpecAnn-64,0.4066378372811136,1.00000001,-31578541.0,0.0116872787475585,0,True,33,33,True,21,64,2025-11-16 06:58:59
ba_131072_1_6.txt,barabasi_albert_10ins_m20,42,SpecAnn-64,0.4162070956347247,1.00000001,-31592085.0,0.0116546154022216,0,True,33,33,True,22,64,2025-11-16 06:58:59
ba_131072_1_6.txt,barabasi_albert_10ins_m20,42,SpecAnn-64,0.4255612320274539,1.00000001,-31528505.000000004,0.0115351676940917,0,True,33,33,True,23,64,2025-11-16 06:58:59
ba_131072_1_6.txt,barabasi_albert_10ins_m20,42,SpecAnn-64,0.434714133601331,1.00000001,-31629609.0,0.0114572048187255,0,True,33,33,True,24,64,2025-11-16 06:58:59
ba_131072_1_6.txt,barabasi_albert_10ins_m20,42,SpecAnn-64,0.4436782547080569,1.00000001,-31599273.0,0.0114820003509521,0,True,33,33,True,25,64,2025-11-16 06:58:59
ba_131072_1_6.txt,barabasi_albert_10ins_m20,42,SpecAnn-64,0.4524648157026343,1.00000001,-31586941.0,0.0114505290985107,0,True,33,33,True,26,64,2025-11-16 06:58:59
ba_131072_1_6.txt,barabasi_albert_10ins_m20,42,SpecAnn-64,0.4610839676207039,1.00000001,-31543101.0,0.0114755630493164,0,True,33,33,True,27,64,2025-11-16 06:58:59
ba_131072_1_6.txt,barabasi_albert_10ins_m20,42,SpecAnn-64,0.4695449296338763,1.00000001,-31526185.0,0.0116214752197265,0,True,33,33,True,28,64,2025-11-16 06:58:59
ba_131072_1_6.txt,barabasi_albert_10ins_m20,42,SpecAnn-64,0.4778561045889373,1.00000001,-31615361.0,0.0117723941802978,0,True,33,33,True,29,64,2025-11-16 06:58:59
ba_131072_1_6.txt,barabasi_albert_10ins_m20,42,SpecAnn-64,0.4860251767562508,1.00000001,-31624521.0,0.0116643905639648,0,True,33,33,True,30,64,2025-11-16 06:58:59
ba_131072_1_6.txt,barabasi_albert_10ins_m20,42,SpecAnn-64,0.4940591950252281,1.00000001,-31630489.000000004,0.0117363929748535,0,True,33,33,True,31,64,2025-11-16 06:58:59
ba_131072_1_6.txt,barabasi_albert_10ins_m20,42,SpecAnn-64,0.5019646441105269,1.00000001,-31607087.0,0.0116047859191894,0,True,33,33,True,32,64,2025-11-16 06:58:59
ba_131072_1_6.txt,barabasi_albert_10ins_m20,42,SpecAnn-64,0.5097475058154177,1.00000001,-31657303.0,0.0115504264831542,0,True,33,33,True,33,64,2025-11-16 06:58:59
ba_131072_1_6.txt,barabasi_albert_10ins_m20,42,SpecAnn-64,0.51741331199832,1.00000001,-31600005.0,0.0114588737487792,0,True,33,33,True,34,64,2025-11-16 06:58:59
ba_131072_1_6.txt,barabasi_albert_10ins_m20,42,SpecAnn-64,0.5249671905758515,1.00000001,-31572143.0,0.0114924907684326,0,True,33,33,True,35,64,2025-11-16 06:58:59
ba_131072_1_6.txt,barabasi_albert_10ins_m20,42,SpecAnn-64,0.5324139056496683,1.00000001,-31591125.000000004,0.011625051498413,0,True,33,33,True,36,64,2025-11-16 06:58:59
ba_131072_1_6.txt,barabasi_albert_10ins_m20,42,SpecAnn-64,0.5397578926492556,1.00000001,-31658645.0,0.0117123126983642,0,True,33,33,True,37,64,2025-11-16 06:58:59
ba_131072_1_6.txt,barabasi_albert_10ins_m20,42,SpecAnn-64,0.5470032892270364,1.00000001,-31579303.0,0.0117509365081787,0,True,33,33,True,38,64,2025-11-16 06:58:59
ba_131072_1_6.txt,barabasi_albert_10ins_m20,42,SpecAnn-64,0.554153962516942,1.00000001,-31653313.000000004,0.0117373466491699,0,True,33,33,True,39,64,2025-11-16 06:58:59
ba_131072_1_6.txt,barabasi_albert_10ins_m20,42,SpecAnn-64,0.5612135332663137,1.00000001,-31609853.0,0.0116553306579589,0,True,33,33,True,40,64,2025-11-16 06:58:59
ba_131072_1_6.txt,barabasi_albert_10ins_m20,42,SpecAnn-64,0.5681853972686127,1.00000001,-31644481.0,0.0115506649017333,0,True,33,33,True,41,64,2025-11-16 06:59:00
ba_131072_1_6.txt,barabasi_albert_10ins_m20,42,SpecAnn-64,0.5750727444570146,1.00000001,-31596179.000000004,0.0114569664001464,0,True,33,33,True,42,64,2025-11-16 06:59:00
ba_131072_1_6.txt,barabasi_albert_10ins_m20,42,SpecAnn-64,0.5818785759635375,1.00000001,-31568137.0,0.0115256309509277,0,True,33,33,True,43,64,2025-11-16 06:59:00
ba_131072_1_6.txt,barabasi_albert_10ins_m20,42,SpecAnn-64,0.5886057194025436,1.00000001,-31589431.0,0.0114634037017822,0,True,33,33,True,44,64,2025-11-16 06:59:00
ba_131072_1_6.txt,barabasi_albert_10ins_m20,42,SpecAnn-64,0.5952568425994088,1.00000001,-31675169.0,0.0114996433258056,0,True,33,33,True,45,64,2025-11-16 06:59:00
ba_131072_1_6.txt,barabasi_albert_10ins_m20,42,SpecAnn-64,0.6018344659534288,1.00000001,-31653277.000000004,0.011509895324707,0,True,33,33,True,46,64,2025-11-16 06:59:00
ba_131072_1_6.txt,barabasi_albert_10ins_m20,42,SpecAnn-64,0.6083409735974393,1.00000001,-31662581.0,0.0116345882415771,0,True,33,33,True,47,64,2025-11-16 06:59:00
ba_131072_1_6.txt,barabasi_albert_10ins_m20,42,SpecAnn-64,0.6147786234942719,1.00000001,-31614717.0,0.0114099979400634,0,True,33,33,True,48,64,2025-11-16 06:59:00
ba_131072_1_6.txt,barabasi_albert_10ins_m20,42,SpecAnn-64,0.6211495565912796,1.00000001,-31700247.0,0.0114197731018066,0,True,33,33,True,49,64,2025-11-16 06:59:00
ba_131072_1_6.txt,barabasi_albert_10ins_m20,42,SpecAnn-64,0.6274558051381586,1.00000001,-31662561.0,0.0114414691925048,0,True,33,33,True,50,64,2025-11-16 06:59:00
ba_131072_1_6.txt,barabasi_albert_10ins_m20,42,SpecAnn-64,0.6336993002596786,1.00000001,-31682727.0,0.0114765167236328,0,True,33,33,True,51,64,2025-11-16 06:59:00
ba_131072_1_6.txt,barabasi_albert_10ins_m20,42,SpecAnn-64,0.6398818788633085,1.00000001,-31672279.0,0.0114684104919433,0,True,33,33,True,52,64,2025-11-16 06:59:00
ba_131072_1_6.txt,barabasi_albert_10ins_m20,42,SpecAnn-64,0.6460052899517691,1.00000001,-31670103.0,0.0115489959716796,0,True,33,33,True,53,64,2025-11-16 06:59:00
ba_131072_1_6.txt,barabasi_albert_10ins_m20,42,SpecAnn-64,0.6520712004019966,1.00000001,-31668553.0,0.011509895324707,0,True,33,33,True,54,64,2025-11-16 06:59:00
ba_131072_1_6.txt,barabasi_albert_10ins_m20,42,SpecAnn-64,0.6580812002646271,1.00000001,-31581719.0,0.0115144252777099,0,True,33,33,True,55,64,2025-11-16 06:59:00
ba_131072_1_6.txt,barabasi_albert_10ins_m20,42,SpecAnn-64,0.6640368076317485,1.00000001,-31659105.0,0.0114686489105224,0,True,33,33,True,56,64,2025-11-16 06:59:00
ba_131072_1_6.txt,barabasi_albert_10ins_m20,42,SpecAnn-64,0.6699394731151429,1.00000001,-31624681.0,0.0114784240722656,0,True,33,33,True,57,64,2025-11-16 06:59:00
ba_131072_1_6.txt,barabasi_albert_10ins_m20,42,SpecAnn-64,0.6757905839724513,1.00000001,-31688277.0,0.0115082263946533,0,True,33,33,True,58,64,2025-11-16 06:59:00
ba_131072_1_6.txt,barabasi_albert_10ins_m20,42,SpecAnn-64,0.6815914679145113,1.00000001,-31635769.000000004,0.0114614963531494,0,True,33,33,True,59,64,2025-11-16 06:59:00
ba_131072_1_6.txt,barabasi_albert_10ins_m20,42,SpecAnn-64,0.6873433966234707,1.00000001,-31711521.000000004,0.0114719867706298,0,True,33,33,True,60,64,2025-11-16 06:59:00
ba_131072_1_6.txt,barabasi_albert_10ins_m20,42,SpecAnn-64,0.6930475890080863,1.00000001,-31680713.0,0.0114693641662597,0,True,33,33,True,61,64,2025-11-16 06:59:00
ba_131072_1_6.txt,barabasi_albert_10ins_m20,42,SpecAnn-64,0.6987052142198116,1.00000001,-31697583.000000004,0.0115084648132324,0,True,33,33,True,62,64,2025-11-16 06:59:00
ba_131072_1_6.txt,barabasi_albert_10ins_m20,42,SpecAnn-64,0.7043173944508145,1.00000001,-31640397.0,0.0115091800689697,0,True,33,33,True,63,64,2025-11-16 06:59:00
ba_131072_1_6.txt,barabasi_albert_10ins_m20,42,SpecAnn-64,0.709885207532891,1.00000001,-31627949.0,0.0114645957946777,0,True,33,33,True,64,64,2025-11-16 06:59:00
ba_131072_1_6.txt,barabasi_albert_10ins_m20,42,SpecAnn-64,0.7154096893543218,1.00000001,-31757859.0,0.0114510059356689,0,True,33,33,True,65,64,2025-11-16 06:59:00
ba_131072_1_6.txt,barabasi_albert_10ins_m20,42,SpecAnn-64,0.7208918361100219,1.00000001,-31706221.0,0.0114779472351074,0,True,33,33,True,66,64,2025-11-16 06:59:00
ba_131072_1_6.txt,barabasi_albert_10ins_m20,42,SpecAnn-64,0.7263326063988248,1.00000001,-31759597.0,0.0114827156066894,0,True,33,33,True,67,64,2025-11-16 06:59:00
ba_131072_1_6.txt,barabasi_albert_10ins_m20,42,SpecAnn-64,0.7317329231804058,1.00000001,-31772017.0,0.0114479064941406,0,True,33,33,True,68,64,2025-11-16 06:59:00
ba_131072_1_6.txt,barabasi_albert_10ins_m20,42,SpecAnn-64,0.7370936756031579,1.00000001,-31793283.0,0.0114529132843017,0,True,33,33,True,69,64,2025-11-16 06:59:00
ba_131072_1_6.txt,barabasi_albert_10ins_m20,42,SpecAnn-64,0.7424157207132704,1.00000001,-31738039.0,0.0114674568176269,0,True,33,33,True,70,64,2025-11-16 06:59:00
ba_131072_1_6.txt,barabasi_albert_10ins_m20,42,SpecAnn-64,0.7476998850543153,1.00000001,-31792093.0,0.011425495147705,0,True,33,33,True,71,64,2025-11-16 06:59:00
ba_131072_1_6.txt,barabasi_albert_10ins_m20,42,SpecAnn-64,0.7529469661657903,1.00000001,-31818399.0,0.0114986896514892,0,True,33,33,True,72,64,2025-11-16 06:59:00
ba_131072_1_6.txt,barabasi_albert_10ins_m20,42,SpecAnn-64,0.7581577339883167,1.00000001,-31738827.0,0.0114991664886474,0,True,33,33,True,73,64,2025-11-16 06:59:00
ba_131072_1_6.txt,barabasi_albert_10ins_m20,42,SpecAnn-64,0.7633329321824984,1.00000001,-31791519.0,0.0115046501159667,0,True,33,33,True,74,64,2025-11-16 06:59:00
ba_131072_1_6.txt,barabasi_albert_10ins_m20,42,SpecAnn-64,0.7684732793678399,1.00000001,-31813353.0,0.0114448070526123,0,True,33,33,True,75,64,2025-11-16 06:59:00
ba_131072_1_6.txt,barabasi_albert_10ins_m20,42,SpecAnn-64,0.7735794702875677,1.00000001,-31891231.0,0.0114500522613525,0,True,33,33,True,76,64,2025-11-16 06:59:00
ba_131072_1_6.txt,barabasi_albert_10ins_m20,42,SpecAnn-64,0.7786521769046981,1.00000001,-31935577.000000004,0.0115063190460205,0,True,33,33,True,77,64,2025-11-16 06:59:00
ba_131072_1_6.txt,barabasi_albert_10ins_m20,42,SpecAnn-64,0.7836920494342511,1.00000001,-31886397.0,0.0114514827728271,0,True,33,33,True,78,64,2025-11-16 06:59:00
ba_131072_1_6.txt,barabasi_albert_10ins_m20,42,SpecAnn-64,0.788699717316095,1.00000001,-31864555.0,0.0114338397979736,0,True,33,33,True,79,64,2025-11-16 06:59:00
ba_131072_1_6.txt,barabasi_albert_10ins_m20,42,SpecAnn-64,0.7936757901325451,1.00000001,-31887002.99999999,0.0114598274230957,0,True,33,33,True,80,64,2025-11-16 06:59:00
ba_131072_1_6.txt,barabasi_albert_10ins_m20,42,SpecAnn-64,0.7986208584745024,1.00000001,-31901909.0,0.0114755630493164,0,True,33,33,True,81,64,2025-11-16 06:59:00
ba_131072_1_6.txt,barabasi_albert_10ins_m20,42,SpecAnn-64,0.803535494759617,1.00000001,-31915561.0,0.0114951133728027,0,True,33,33,True,82,64,2025-11-16 06:59:00
ba_131072_1_6.txt,barabasi_albert_10ins_m20,42,SpecAnn-64,0.8084202540056837,1.00000001,-31870195.0,0.0114872455596923,0,True,33,33,True,83,64,2025-11-16 06:59:00
ba_131072_1_6.txt,barabasi_albert_10ins_m20,42,SpecAnn-64,0.8132756745622272,1.00000001,-31860499.000000004,0.011481761932373,0,True,33,33,True,84,64,2025-11-16 06:59:00
ba_131072_1_6.txt,barabasi_albert_10ins_m20,42,SpecAnn-64,0.8181022788030096,1.00000001,-31953279.0,0.0114572048187255,0,True,33,33,True,85,64,2025-11-16 06:59:00
ba_131072_1_6.txt,barabasi_albert_10ins_m20,42,SpecAnn-64,0.822900573781978,1.00000001,-31969061.0,0.0114912986755371,0,True,33,33,True,86,64,2025-11-16 06:59:00
ba_131072_1_6.txt,barabasi_albert_10ins_m20,42,SpecAnn-64,0.8276710518549868,1.00000001,-32011957.0,0.0115256309509277,0,True,33,33,True,87,64,2025-11-16 06:59:00
ba_131072_1_6.txt,barabasi_albert_10ins_m20,42,SpecAnn-64,0.8324141912694495,1.00000001,-32000707.0,0.0115017890930175,0,True,33,33,True,88,64,2025-11-16 06:59:00
ba_131072_1_6.txt,barabasi_albert_10ins_m20,42,SpecAnn-64,0.8371304567239225,1.00000001,-32009707.000000007,0.0114271640777587,0,True,33,33,True,89,64,2025-11-16 06:59:00
ba_131072_1_6.txt,barabasi_albert_10ins_m20,42,SpecAnn-64,0.8418202998994706,1.00000001,-32034577.0,0.0114550590515136,0,True,33,33,True,90,64,2025-11-16 06:59:00
ba_131072_1_6.txt,barabasi_albert_10ins_m20,42,SpecAnn-64,0.846484159964536,1.00000001,-32059675.000000004,0.0114610195159912,0,True,33,33,True,91,64,2025-11-16 06:59:00
ba_131072_1_6.txt,barabasi_albert_10ins_m20,42,SpecAnn-64,0.8511224640549078,1.00000001,-32070337.0,0.0117022991180419,0,True,33,33,True,92,64,2025-11-16 06:59:00
ba_131072_1_6.txt,barabasi_albert_10ins_m20,42,SpecAnn-64,0.8557356277302758,1.00000001,-32117433.000000004,0.0117321014404296,0,True,33,33,True,93,64,2025-11-16 06:59:00
ba_131072_1_6.txt,barabasi_albert_10ins_m20,42,SpecAnn-64,0.8603240554087516,1.00000001,-32117989.0,0.0117318630218505,0,True,33,33,True,94,64,2025-11-16 06:59:00
ba_131072_1_6.txt,barabasi_albert_10ins_m20,42,SpecAnn-64,0.86488814078064,1.00000001,-32166613.0,0.0117096900939941,0,True,33,33,True,95,64,2025-11-16 06:59:00
ba_131072_1_6.txt,barabasi_albert_10ins_m20,42,SpecAnn-64,0.8694282672026621,1.00000001,-32153345.0,0.0115306377410888,0,True,33,33,True,96,64,2025-11-16 06:59:00
ba_131072_1_6.txt,barabasi_albert_10ins_m20,42,SpecAnn-64,0.8739448080737451,1.00000001,-32261353.0,0.0115396976470947,0,True,33,33,True,97,64,2025-11-16 06:59:00
ba_131072_1_6.txt,barabasi_albert_10ins_m20,42,SpecAnn-64,0.878438127193422,1.00000001,-32270999.0,0.0115001201629638,0,True,33,33,True,98,64,2025-11-16 06:59:00
ba_131072_1_6.txt,barabasi_albert_10ins_m20,42,SpecAnn-64,0.8829085791038153,1.00000001,-32284715.0,0.011500597000122,0,True,33,33,True,99,64,2025-11-16 06:59:00
ba_131072_1_6.txt,barabasi_albert_10ins_m20,42,SpecAnn-64,0.8873565094161138,1.00000001,-32333081.0,0.0117156505584716,0,True,33,33,True,100,64,2025-11-16 06:59:00
ba_131072_1_6.txt,barabasi_albert_10ins_m20,42,SpecAnn-64,0.8917822551223932,1.00000001,-32344727.0,0.0117154121398925,0,True,33,33,True,101,64,2025-11-16 06:59:00
ba_131072_1_6.txt,barabasi_albert_10ins_m20,42,SpecAnn-64,0.8961861448935777,1.00000001,-32364509.0,0.0115175247192382,0,True,33,33,True,102,64,2025-11-16 06:59:00
ba_131072_1_6.txt,barabasi_albert_10ins_m20,42,SpecAnn-64,0.9005684993642872,1.00000001,-32424375.0,0.0115141868591308,0,True,33,33,True,103,64,2025-11-16 06:59:00
ba_131072_1_6.txt,barabasi_albert_10ins_m20,42,SpecAnn-64,0.9049296314052688,1.00000001,-32489557.0,0.0114679336547851,0,True,33,33,True,104,64,2025-11-16 06:59:00
ba_131072_1_6.txt,barabasi_albert_10ins_m20,42,SpecAnn-64,0.9092698463840684,1.00000001,-32573525.0,0.0114562511444091,0,True,33,33,True,105,64,2025-11-16 06:59:00
ba_131072_1_6.txt,barabasi_albert_10ins_m20,42,SpecAnn-64,0.9135894424145556,1.00000001,-32568445.000000004,0.0114490985870361,0,True,33,33,True,106,64,2025-11-16 06:59:00
ba_131072_1_6.txt,barabasi_albert_10ins_m20,42,SpecAnn-64,0.9178887105958816,1.00000001,-32634999.0,0.0115542411804199,0,True,33,33,True,107,64,2025-11-16 06:59:00
ba_131072_1_6.txt,barabasi_albert_10ins_m20,42,SpecAnn-64,0.922167935241408,1.00000001,-32683679.0,0.0115954875946044,0,True,33,33,True,108,64,2025-11-16 06:59:00
ba_131072_1_6.txt,barabasi_albert_10ins_m20,42,SpecAnn-64,0.92642739409812,1.00000001,-32761681.000000004,0.0116252899169921,0,True,33,33,True,109,64,2025-11-16 06:59:00
ba_131072_1_6.txt,barabasi_albert_10ins_m20,42,SpecAnn-64,0.9306673585570006,1.00000001,-32807099.0,0.0221333503723144,0,True,33,65,True,110,64,2025-11-16 06:59:00
ba_131072_1_6.txt,barabasi_albert_10ins_m20,42,SpecAnn-64,0.9348880938548184,1.00000001,-32885633.0,0.022071361541748,0,True,33,65,True,111,64,2025-11-16 06:59:00
ba_131072_1_6.txt,barabasi_albert_10ins_m20,42,SpecAnn-64,0.9390898592677528,1.00000001,-32934203.000000004,0.0220532417297363,0,True,33,65,True,112,64,2025-11-16 06:59:00
ba_131072_1_6.txt,barabasi_albert_10ins_m20,42,SpecAnn-64,0.9432729082972536,1.00000001,-32984771.0,0.0220649242401123,0,True,33,65,True,113,64,2025-11-16 06:59:00
ba_131072_1_6.txt,barabasi_albert_10ins_m20,42,SpecAnn-64,0.9474374888485204,1.00000001,-33028225.0,0.0323598384857177,0,True,33,97,True,114,64,2025-11-16 06:59:00
ba_131072_1_6.txt,barabasi_albert_10ins_m20,42,SpecAnn-64,0.9515838434019476,1.00000001,-33124305.0,0.0535366535186767,0,True,33,161,True,115,64,2025-11-16 06:59:00
ba_131072_1_6.txt,barabasi_albert_10ins_m20,42,SpecAnn-64,0.9557122091778746,1.00000001,-33145471.0,0.0851292610168457,0,True,33,257,True,116,64,2025-11-16 06:59:01
ba_131072_1_6.txt,barabasi_albert_10ins_m20,42,SpecAnn-64,0.9598228182949629,1.00000001,-33026031.0,0.1583209037780761,0,True,33,481,True,117,64,2025-11-16 06:59:01
ba_131072_1_6.txt,barabasi_albert_10ins_m20,42,SpecAnn-64,0.963915897922488,1.00000001,-32959677.0,0.2197954654693603,0,True,33,673,True,118,64,2025-11-16 06:59:01
ba_131072_1_6.txt,barabasi_albert_10ins_m20,42,SpecAnn-64,0.967991670426842,1.00000001,-32943489.0,0.1055860519409179,0,True,33,321,True,119,64,2025-11-16 06:59:01
ba_131072_1_6.txt,barabasi_albert_10ins_m20,42,SpecAnn-64,0.9720503535125016,1.00000001,-32909817.0,0.3372731208801269,0,True,33,1025,True,120,64,2025-11-16 06:59:01
ba_131072_1_6.txt,barabasi_albert_10ins_m20,42,SpecAnn-64,0.9760921603577252,1.00000001,-32911023.0,0.3366680145263672,0,True,33,1025,True,121,64,2025-11-16 06:59:02
ba_131072_1_6.txt,barabasi_albert_10ins_m20,42,SpecAnn-64,0.9801172997452104,1.00000001,-32912715.000000004,0.3353922367095947,0,True,33,1025,True,122,64,2025-11-16 06:59:02
ba_131072_1_6.txt,barabasi_albert_10ins_m20,42,SpecAnn-64,0.9841259761879442,1.00000001,-32872051.0,0.3366334438323974,0,True,33,1025,True,123,64,2025-11-16 06:59:02
ba_131072_1_6.txt,barabasi_albert_10ins_m20,42,SpecAnn-64,0.9881183900504562,1.00000001,-32867655.000000004,0.3363709449768066,0,True,33,1025,True,124,64,2025-11-16 06:59:03
ba_131072_1_6.txt,barabasi_albert_10ins_m20,42,SpecAnn-64,0.9920947376656812,1.00000001,-32814791.0,0.2825765609741211,0,True,33,865,True,125,64,2025-11-16 06:59:03
ba_131072_1_6.txt,barabasi_albert_10ins_m20,42,SpecAnn-64,0.9960552114476228,1.00000001,-32805429.0,0.2210323810577392,0,True,33,673,True,126,64,2025-11-16 06:59:03
ba_131072_1_6.txt,barabasi_albert_10ins_m20,42,SpecAnn-64,1.0,1.00000001,-32798221.0,0.178908109664917,0,True,33,545,True,127,64,2025-11-16 06:59:03
ba_131072_1_6.txt,barabasi_albert_10ins_m20,43,SpecAnn-64,0.0,1.00000001,-31556193.0,0.0157845020294189,0,True,38,33,True,0,64,2025-11-16 06:59:04
ba_131072_1_6.txt,barabasi_albert_10ins_m20,43,SpecAnn-64,0.0887356509416113,1.00000001,-31530593.0,0.0114884376525878,0,True,38,33,True,1,64,2025-11-16 06:59:04
ba_131072_1_6.txt,barabasi_albert_10ins_m20,43,SpecAnn-64,0.1254911610276317,1.00000001,-31484245.0,0.0114820003509521,0,True,38,33,True,2,64,2025-11-16 06:59:04
ba_131072_1_6.txt,barabasi_albert_10ins_m20,43,SpecAnn-64,0.1536946558735679,1.00000001,-31505349.0,0.0116999149322509,0,True,38,33,True,3,64,2025-11-16 06:59:04
ba_131072_1_6.txt,barabasi_albert_10ins_m20,43,SpecAnn-64,0.1774713018832227,1.00000001,-31487187.0,0.0116705894470214,0,True,38,33,True,4,64,2025-11-16 06:59:04
ba_131072_1_6.txt,barabasi_albert_10ins_m20,43,SpecAnn-64,0.1984189475331362,1.00000001,-31503801.0,0.0116536617279052,0,True,38,33,True,5,64,2025-11-16 06:59:04
ba_131072_1_6.txt,barabasi_albert_10ins_m20,43,SpecAnn-64,0.2173570668006655,1.00000001,-31513113.0,0.011451244354248,0,True,38,33,True,6,64,2025-11-16 06:59:04
ba_131072_1_6.txt,barabasi_albert_10ins_m20,43,SpecAnn-64,0.2347724648169381,1.00000001,-31527819.0,0.0114588737487792,0,True,38,33,True,7,64,2025-11-16 06:59:04
ba_131072_1_6.txt,barabasi_albert_10ins_m20,43,SpecAnn-64,0.2509823220552634,1.00000001,-31496107.0,0.01153564453125,0,True,38,33,True,8,64,2025-11-16 06:59:04
ba_131072_1_6.txt,barabasi_albert_10ins_m20,43,SpecAnn-64,0.2662069528248341,1.00000001,-31555905.0,0.0113821029663085,0,True,38,33,True,9,64,2025-11-16 06:59:04
ba_131072_1_6.txt,barabasi_albert_10ins_m20,43,SpecAnn-64,0.2806067666331568,1.00000001,-31561917.0,0.0114727020263671,0,True,38,33,True,10,64,2025-11-16 06:59:04
ba_131072_1_6.txt,barabasi_albert_10ins_m20,43,SpecAnn-64,0.2943028597012718,1.00000001,-31496019.0,0.0114858150482177,0,True,38,33,True,11,64,2025-11-16 06:59:04
ba_131072_1_6.txt,barabasi_albert_10ins_m20,43,SpecAnn-64,0.3073893117471359,1.00000001,-31514655.0,0.0114426612854003,0,True,38,33,True,12,64,2025-11-16 06:59:04
ba_131072_1_6.txt,barabasi_albert_10ins_m20,43,SpecAnn-64,0.3199409394316542,1.00000001,-31595255.0,0.0114474296569824,0,True,38,33,True,13,64,2025-11-16 06:59:04
ba_131072_1_6.txt,barabasi_albert_10ins_m20,43,SpecAnn-64,0.3320184038158743,1.00000001,-31532999.0,0.0114305019378662,0,True,38,33,True,14,64,2025-11-16 06:59:04
ba_131072_1_6.txt,barabasi_albert_10ins_m20,43,SpecAnn-64,0.3436716983117353,1.00000001,-31546193.0,0.0114455223083496,0,True,38,33,True,15,64,2025-11-16 06:59:04
ba_131072_1_6.txt,barabasi_albert_10ins_m20,43,SpecAnn-64,0.3549426037664455,1.00000001,-31586527.0,0.0114710330963134,0,True,38,33,True,16,64,2025-11-16 06:59:04
ba_131072_1_6.txt,barabasi_albert_10ins_m20,43,SpecAnn-64,0.3658664615902029,1.00000001,-31497259.0,0.0114269256591796,0,True,38,33,True,17,64,2025-11-16 06:59:04
ba_131072_1_6.txt,barabasi_albert_10ins_m20,43,SpecAnn-64,0.3764734830828951,1.00000001,-31539139.000000004,0.0114753246307373,0,True,38,33,True,18,64,2025-11-16 06:59:04
ba_131072_1_6.txt,barabasi_albert_10ins_m20,43,SpecAnn-64,0.3867897351437838,1.00000001,-31453445.0,0.0114302635192871,0,True,38,33,True,19,64,2025-11-16 06:59:04
ba_131072_1_6.txt,barabasi_albert_10ins_m20,43,SpecAnn-64,0.3968378950662725,1.00000001,-31506119.000000004,0.0114068984985351,0,True,38,33,True,20,64,2025-11-16 06:59:04
ba_131072_1_6.txt,barabasi_albert_10ins_m20,43,SpecAnn-64,0.4066378372811136,1.00000001,-31532963.0,0.0114214420318603,0,True,38,33,True,21,64,2025-11-16 06:59:04
ba_131072_1_6.txt,barabasi_albert_10ins_m20,43,SpecAnn-64,0.4162070956347247,1.00000001,-31613753.0,0.0114390850067138,0,True,38,33,True,22,64,2025-11-16 06:59:04
ba_131072_1_6.txt,barabasi_albert_10ins_m20,43,SpecAnn-64,0.4255612320274539,1.00000001,-31581913.0,0.0114479064941406,0,True,38,33,True,23,64,2025-11-16 06:59:04
ba_131072_1_6.txt,barabasi_albert_10ins_m20,43,SpecAnn-64,0.434714133601331,1.00000001,-31644245.000000004,0.0114679336547851,0,True,38,33,True,24,64,2025-11-16 06:59:04
ba_131072_1_6.txt,barabasi_albert_10ins_m20,43,SpecAnn-64,0.4436782547080569,1.00000001,-31538445.0,0.0114624500274658,0,True,38,33,True,25,64,2025-11-16 06:59:04
ba_131072_1_6.txt,barabasi_albert_10ins_m20,43,SpecAnn-64,0.4524648157026343,1.00000001,-31586687.000000004,0.0114867687225341,0,True,38,33,True,26,64,2025-11-16 06:59:04
ba_131072_1_6.txt,barabasi_albert_10ins_m20,43,SpecAnn-64,0.4610839676207039,1.00000001,-31671981.0,0.0116560459136962,0,True,38,33,True,27,64,2025-11-16 06:59:05
ba_131072_1_6.txt,barabasi_albert_10ins_m20,43,SpecAnn-64,0.4695449296338763,1.00000001,-31516049.000000004,0.0116591453552246,0,True,38,33,True,28,64,2025-11-16 06:59:05
ba_131072_1_6.txt,barabasi_albert_10ins_m20,43,SpecAnn-64,0.4778561045889373,1.00000001,-31548629.0,0.0116715431213378,0,True,38,33,True,29,64,2025-11-16 06:59:05
ba_131072_1_6.txt,barabasi_albert_10ins_m20,43,SpecAnn-64,0.4860251767562508,1.00000001,-31568449.0,0.0116286277770996,0,True,38,33,True,30,64,2025-11-16 06:59:05
ba_131072_1_6.txt,barabasi_albert_10ins_m20,43,SpecAnn-64,0.4940591950252281,1.00000001,-31650277.0,0.0114402770996093,0,True,38,33,True,31,64,2025-11-16 06:59:05
ba_131072_1_6.txt,barabasi_albert_10ins_m20,43,SpecAnn-64,0.5019646441105269,1.00000001,-31552563.000000004,0.011453628540039,0,True,38,33,True,32,64,2025-11-16 06:59:05
ba_131072_1_6.txt,barabasi_albert_10ins_m20,43,SpecAnn-64,0.5097475058154177,1.00000001,-31540001.0,0.0117056369781494,0,True,38,33,True,33,64,2025-11-16 06:59:05
ba_131072_1_6.txt,barabasi_albert_10ins_m20,43,SpecAnn-64,0.51741331199832,1.00000001,-31561023.0,0.0114645957946777,0,True,38,33,True,34,64,2025-11-16 06:59:05
ba_131072_1_6.txt,barabasi_albert_10ins_m20,43,SpecAnn-64,0.5249671905758515,1.00000001,-31554449.0,0.0114219188690185,0,True,38,33,True,35,64,2025-11-16 06:59:05
ba_131072_1_6.txt,barabasi_albert_10ins_m20,43,SpecAnn-64,0.5324139056496683,1.00000001,-31574951.000000004,0.0114376544952392,0,True,38,33,True,36,64,2025-11-16 06:59:05
ba_131072_1_6.txt,barabasi_albert_10ins_m20,43,SpecAnn-64,0.5397578926492556,1.00000001,-31583393.0,0.0114598274230957,0,True,38,33,True,37,64,2025-11-16 06:59:05
ba_131072_1_6.txt,barabasi_albert_10ins_m20,43,SpecAnn-64,0.5470032892270364,1.00000001,-31624625.0,0.0114204883575439,0,True,38,33,True,38,64,2025-11-16 06:59:05
ba_131072_1_6.txt,barabasi_albert_10ins_m20,43,SpecAnn-64,0.554153962516942,1.00000001,-31609503.0,0.0114393234252929,0,True,38,33,True,39,64,2025-11-16 06:59:05
ba_131072_1_6.txt,barabasi_albert_10ins_m20,43,SpecAnn-64,0.5612135332663137,1.00000001,-31632721.0,0.0114381313323974,0,True,38,33,True,40,64,2025-11-16 06:59:05
ba_131072_1_6.txt,barabasi_albert_10ins_m20,43,SpecAnn-64,0.5681853972686127,1.00000001,-31625179.0,0.0114307403564453,0,True,38,33,True,41,64,2025-11-16 06:59:05
ba_131072_1_6.txt,barabasi_albert_10ins_m20,43,SpecAnn-64,0.5750727444570146,1.00000001,-31630927.0,0.011491060256958,0,True,38,33,True,42,64,2025-11-16 06:59:05
ba_131072_1_6.txt,barabasi_albert_10ins_m20,43,SpecAnn-64,0.5818785759635375,1.00000001,-31597011.0,0.0114986896514892,0,True,38,33,True,43,64,2025-11-16 06:59:05
ba_131072_1_6.txt,barabasi_albert_10ins_m20,43,SpecAnn-64,0.5886057194025436,1.00000001,-31590755.0,0.0114915370941162,0,True,38,33,True,44,64,2025-11-16 06:59:05
ba_131072_1_6.txt,barabasi_albert_10ins_m20,43,SpecAnn-64,0.5952568425994088,1.00000001,-31544207.000000004,0.0114576816558837,0,True,38,33,True,45,64,2025-11-16 06:59:05
ba_131072_1_6.txt,barabasi_albert_10ins_m20,43,SpecAnn-64,0.6018344659534288,1.00000001,-31661885.0,0.0114541053771972,0,True,38,33,True,46,64,2025-11-16 06:59:05
ba_131072_1_6.txt,barabasi_albert_10ins_m20,43,SpecAnn-64,0.6083409735974393,1.00000001,-31713703.0,0.0114483833312988,0,True,38,33,True,47,64,2025-11-16 06:59:05
ba_131072_1_6.txt,barabasi_albert_10ins_m20,43,SpecAnn-64,0.6147786234942719,1.00000001,-31641267.000000004,0.0114946365356445,0,True,38,33,True,48,64,2025-11-16 06:59:05
ba_131072_1_6.txt,barabasi_albert_10ins_m20,43,SpecAnn-64,0.6211495565912796,1.00000001,-31682697.0,0.0114421844482421,0,True,38,33,True,49,64,2025-11-16 06:59:05
ba_131072_1_6.txt,barabasi_albert_10ins_m20,43,SpecAnn-64,0.6274558051381586,1.00000001,-31634825.0,0.011498212814331,0,True,38,33,True,50,64,2025-11-16 06:59:05
ba_131072_1_6.txt,barabasi_albert_10ins_m20,43,SpecAnn-64,0.6336993002596786,1.00000001,-31688071.000000004,0.0114614963531494,0,True,38,33,True,51,64,2025-11-16 06:59:05
ba_131072_1_6.txt,barabasi_albert_10ins_m20,43,SpecAnn-64,0.6398818788633085,1.00000001,-31682675.0,0.0114905834197998,0,True,38,33,True,52,64,2025-11-16 06:59:05
ba_131072_1_6.txt,barabasi_albert_10ins_m20,43,SpecAnn-64,0.6460052899517691,1.00000001,-31700579.0,0.0114686489105224,0,True,38,33,True,53,64,2025-11-16 06:59:05
ba_131072_1_6.txt,barabasi_albert_10ins_m20,43,SpecAnn-64,0.6520712004019966,1.00000001,-31737375.000000004,0.0114622116088867,0,True,38,33,True,54,64,2025-11-16 06:59:05
ba_131072_1_6.txt,barabasi_albert_10ins_m20,43,SpecAnn-64,0.6580812002646271,1.00000001,-31656991.000000004,0.0114531517028808,0,True,38,33,True,55,64,2025-11-16 06:59:05
ba_131072_1_6.txt,barabasi_albert_10ins_m20,43,SpecAnn-64,0.6640368076317485,1.00000001,-31691653.0,0.0114581584930419,0,True,38,33,True,56,64,2025-11-16 06:59:05
ba_131072_1_6.txt,barabasi_albert_10ins_m20,43,SpecAnn-64,0.6699394731151429,1.00000001,-31748593.0,0.0114026069641113,0,True,38,33,True,57,64,2025-11-16 06:59:05
ba_131072_1_6.txt,barabasi_albert_10ins_m20,43,SpecAnn-64,0.6757905839724513,1.00000001,-31617739.0,0.011500597000122,0,True,38,33,True,58,64,2025-11-16 06:59:05
ba_131072_1_6.txt,barabasi_albert_10ins_m20,43,SpecAnn-64,0.6815914679145113,1.00000001,-31721549.0,0.0114672183990478,0,True,38,33,True,59,64,2025-11-16 06:59:05
ba_131072_1_6.txt,barabasi_albert_10ins_m20,43,SpecAnn-64,0.6873433966234707,1.00000001,-31784627.0,0.0114426612854003,0,True,38,33,True,60,64,2025-11-16 06:59:05
ba_131072_1_6.txt,barabasi_albert_10ins_m20,43,SpecAnn-64,0.6930475890080863,1.00000001,-31707163.0,0.0115199089050292,0,True,38,33,True,61,64,2025-11-16 06:59:05
ba_131072_1_6.txt,barabasi_albert_10ins_m20,43,SpecAnn-64,0.6987052142198116,1.00000001,-31716247.0,0.0114309787750244,0,True,38,33,True,62,64,2025-11-16 06:59:05
ba_131072_1_6.txt,barabasi_albert_10ins_m20,43,SpecAnn-64,0.7043173944508145,1.00000001,-31640569.0,0.011514663696289,0,True,38,33,True,63,64,2025-11-16 06:59:05
ba_131072_1_6.txt,barabasi_albert_10ins_m20,43,SpecAnn-64,0.709885207532891,1.00000001,-31637247.000000004,0.0114412307739257,0,True,38,33,True,64,64,2025-11-16 06:59:05
ba_131072_1_6.txt,barabasi_albert_10ins_m20,43,SpecAnn-64,0.7154096893543218,1.00000001,-31714751.0,0.0114328861236572,0,True,38,33,True,65,64,2025-11-16 06:59:05
ba_131072_1_6.txt,barabasi_albert_10ins_m20,43,SpecAnn-64,0.7208918361100219,1.00000001,-31773383.0,0.0114450454711914,0,True,38,33,True,66,64,2025-11-16 06:59:05
ba_131072_1_6.txt,barabasi_albert_10ins_m20,43,SpecAnn-64,0.7263326063988248,1.00000001,-31755849.0,0.011488914489746,0,True,38,33,True,67,64,2025-11-16 06:59:05
ba_131072_1_6.txt,barabasi_albert_10ins_m20,43,SpecAnn-64,0.7317329231804058,1.00000001,-31717243.0,0.0115249156951904,0,True,38,33,True,68,64,2025-11-16 06:59:05
ba_131072_1_6.txt,barabasi_albert_10ins_m20,43,SpecAnn-64,0.7370936756031579,1.00000001,-31763655.000000004,0.0114684104919433,0,True,38,33,True,69,64,2025-11-16 06:59:05
ba_131072_1_6.txt,barabasi_albert_10ins_m20,43,SpecAnn-64,0.7424157207132704,1.00000001,-31782171.0,0.0115463733673095,0,True,38,33,True,70,64,2025-11-16 06:59:05
ba_131072_1_6.txt,barabasi_albert_10ins_m20,43,SpecAnn-64,0.7476998850543153,1.00000001,-31802991.0,0.0114955902099609,0,True,38,33,True,71,64,2025-11-16 06:59:05
ba_131072_1_6.txt,barabasi_albert_10ins_m20,43,SpecAnn-64,0.7529469661657903,1.00000001,-31832893.0,0.0115189552307128,0,True,38,33,True,72,64,2025-11-16 06:59:05
ba_131072_1_6.txt,barabasi_albert_10ins_m20,43,SpecAnn-64,0.7581577339883167,1.00000001,-31768723.0,0.0114791393280029,0,True,38,33,True,73,64,2025-11-16 06:59:05
ba_131072_1_6.txt,barabasi_albert_10ins_m20,43,SpecAnn-64,0.7633329321824984,1.00000001,-31852053.0,0.0115127563476562,0,True,38,33,True,74,64,2025-11-16 06:59:05
ba_131072_1_6.txt,barabasi_albert_10ins_m20,43,SpecAnn-64,0.7684732793678399,1.00000001,-31804115.0,0.0114550590515136,0,True,38,33,True,75,64,2025-11-16 06:59:05
ba_131072_1_6.txt,barabasi_albert_10ins_m20,43,SpecAnn-64,0.7735794702875677,1.00000001,-31860019.0,0.0114507675170898,0,True,38,33,True,76,64,2025-11-16 06:59:05
ba_131072_1_6.txt,barabasi_albert_10ins_m20,43,SpecAnn-64,0.7786521769046981,1.00000001,-31907335.0,0.0113961696624755,0,True,38,33,True,77,64,2025-11-16 06:59:05
ba_131072_1_6.txt,barabasi_albert_10ins_m20,43,SpecAnn-64,0.7836920494342511,1.00000001,-31933179.0,0.0113987922668457,0,True,38,33,True,78,64,2025-11-16 06:59:05
ba_131072_1_6.txt,barabasi_albert_10ins_m20,43,SpecAnn-64,0.788699717316095,1.00000001,-31966015.0,0.0116329193115234,0,True,38,33,True,79,64,2025-11-16 06:59:05
ba_131072_1_6.txt,barabasi_albert_10ins_m20,43,SpecAnn-64,0.7936757901325451,1.00000001,-31954447.0,0.0117640495300292,0,True,38,33,True,80,64,2025-11-16 06:59:05
ba_131072_1_6.txt,barabasi_albert_10ins_m20,43,SpecAnn-64,0.7986208584745024,1.00000001,-31913259.0,0.011674165725708,0,True,38,33,True,81,64,2025-11-16 06:59:05
ba_131072_1_6.txt,barabasi_albert_10ins_m20,43,SpecAnn-64,0.803535494759617,1.00000001,-31890167.0,0.0115714073181152,0,True,38,33,True,82,64,2025-11-16 06:59:05
ba_131072_1_6.txt,barabasi_albert_10ins_m20,43,SpecAnn-64,0.8084202540056837,1.00000001,-31939793.0,0.0115575790405273,0,True,38,33,True,83,64,2025-11-16 06:59:05
ba_131072_1_6.txt,barabasi_albert_10ins_m20,43,SpecAnn-64,0.8132756745622272,1.00000001,-31936115.0,0.0115318298339843,0,True,38,33,True,84,64,2025-11-16 06:59:05
ba_131072_1_6.txt,barabasi_albert_10ins_m20,43,SpecAnn-64,0.8181022788030096,1.00000001,-31931335.0,0.0115778446197509,0,True,38,33,True,85,64,2025-11-16 06:59:05
ba_131072_1_6.txt,barabasi_albert_10ins_m20,43,SpecAnn-64,0.822900573781978,1.00000001,-31936265.0,0.0114908218383789,0,True,38,33,True,86,64,2025-11-16 06:59:05
ba_131072_1_6.txt,barabasi_albert_10ins_m20,43,SpecAnn-64,0.8276710518549868,1.00000001,-31995661.0,0.0115268230438232,0,True,38,33,True,87,64,2025-11-16 06:59:05
ba_131072_1_6.txt,barabasi_albert_10ins_m20,43,SpecAnn-64,0.8324141912694495,1.00000001,-31982703.000000007,0.0115017890930175,0,True,38,33,True,88,64,2025-11-16 06:59:05
ba_131072_1_6.txt,barabasi_albert_10ins_m20,43,SpecAnn-64,0.8371304567239225,1.00000001,-32061041.0,0.0114998817443847,0,True,38,33,True,89,64,2025-11-16 06:59:05
ba_131072_1_6.txt,barabasi_albert_10ins_m20,43,SpecAnn-64,0.8418202998994706,1.00000001,-32031625.0,0.0114555358886718,0,True,38,33,True,90,64,2025-11-16 06:59:05
ba_131072_1_6.txt,barabasi_albert_10ins_m20,43,SpecAnn-64,0.846484159964536,1.00000001,-32123415.0,0.0117068290710449,0,True,38,33,True,91,64,2025-11-16 06:59:05
ba_131072_1_6.txt,barabasi_albert_10ins_m20,43,SpecAnn-64,0.8511224640549078,1.00000001,-32148781.0,0.0116033554077148,0,True,38,33,True,92,64,2025-11-16 06:59:05
ba_131072_1_6.txt,barabasi_albert_10ins_m20,43,SpecAnn-64,0.8557356277302758,1.00000001,-32136697.0,0.0115411281585693,0,True,38,33,True,93,64,2025-11-16 06:59:05
ba_131072_1_6.txt,barabasi_albert_10ins_m20,43,SpecAnn-64,0.8603240554087516,1.00000001,-32144371.0,0.011512279510498,0,True,38,33,True,94,64,2025-11-16 06:59:05
ba_131072_1_6.txt,barabasi_albert_10ins_m20,43,SpecAnn-64,0.86488814078064,1.00000001,-32222993.0,0.0115773677825927,0,True,38,33,True,95,64,2025-11-16 06:59:05
ba_131072_1_6.txt,barabasi_albert_10ins_m20,43,SpecAnn-64,0.8694282672026621,1.00000001,-32194765.0,0.0114569664001464,0,True,38,33,True,96,64,2025-11-16 06:59:05
ba_131072_1_6.txt,barabasi_albert_10ins_m20,43,SpecAnn-64,0.8739448080737451,1.00000001,-32244957.0,0.011474609375,0,True,38,33,True,97,64,2025-11-16 06:59:05
ba_131072_1_6.txt,barabasi_albert_10ins_m20,43,SpecAnn-64,0.878438127193422,1.00000001,-32310509.0,0.0114898681640625,0,True,38,33,True,98,64,2025-11-16 06:59:05
ba_131072_1_6.txt,barabasi_albert_10ins_m20,43,SpecAnn-64,0.8829085791038153,1.00000001,-32289719.000000004,0.0114309787750244,0,True,38,33,True,99,64,2025-11-16 06:59:05
ba_131072_1_6.txt,barabasi_albert_10ins_m20,43,SpecAnn-64,0.8873565094161138,1.00000001,-32256143.000000004,0.0114741325378417,0,True,38,33,True,100,64,2025-11-16 06:59:05
ba_131072_1_6.txt,barabasi_albert_10ins_m20,43,SpecAnn-64,0.8917822551223932,1.00000001,-32402479.0,0.0115025043487548,0,True,38,33,True,101,64,2025-11-16 06:59:05
ba_131072_1_6.txt,barabasi_albert_10ins_m20,43,SpecAnn-64,0.8961861448935777,1.00000001,-32386993.0,0.0115201473236083,0,True,38,33,True,102,64,2025-11-16 06:59:05
ba_131072_1_6.txt,barabasi_albert_10ins_m20,43,SpecAnn-64,0.9005684993642872,1.00000001,-32470827.0,0.0114707946777343,0,True,38,33,True,103,64,2025-11-16 06:59:05
ba_131072_1_6.txt,barabasi_albert_10ins_m20,43,SpecAnn-64,0.9049296314052688,1.00000001,-32539265.0,0.0114598274230957,0,True,38,33,True,104,64,2025-11-16 06:59:05
ba_131072_1_6.txt,barabasi_albert_10ins_m20,43,SpecAnn-64,0.9092698463840684,1.00000001,-32545185.0,0.0114662647247314,0,True,38,33,True,105,64,2025-11-16 06:59:05
ba_131072_1_6.txt,barabasi_albert_10ins_m20,43,SpecAnn-64,0.9135894424145556,1.00000001,-32570837.0,0.0114312171936035,0,True,38,33,True,106,64,2025-11-16 06:59:05
ba_131072_1_6.txt,barabasi_albert_10ins_m20,43,SpecAnn-64,0.9178887105958816,1.00000001,-32579233.0,0.0114443302154541,0,True,38,33,True,107,64,2025-11-16 06:59:05
ba_131072_1_6.txt,barabasi_albert_10ins_m20,43,SpecAnn-64,0.922167935241408,1.00000001,-32683909.0,0.0114500522613525,0,True,38,33,True,108,64,2025-11-16 06:59:05
ba_131072_1_6.txt,barabasi_albert_10ins_m20,43,SpecAnn-64,0.92642739409812,1.00000001,-32790491.0,0.0115382671356201,0,True,38,33,True,109,64,2025-11-16 06:59:05
ba_131072_1_6.txt,barabasi_albert_10ins_m20,43,SpecAnn-64,0.9306673585570006,1.00000001,-32838665.0,0.021949291229248,0,True,38,65,True,110,64,2025-11-16 06:59:05
ba_131072_1_6.txt,barabasi_albert_10ins_m20,43,SpecAnn-64,0.9348880938548184,1.00000001,-32868893.0,0.0219113826751709,0,True,38,65,True,111,64,2025-11-16 06:59:05
ba_131072_1_6.txt,barabasi_albert_10ins_m20,43,SpecAnn-64,0.9390898592677528,1.00000001,-32948521.0,0.0221109390258789,0,True,38,65,True,112,64,2025-11-16 06:59:06
ba_131072_1_6.txt,barabasi_albert_10ins_m20,43,SpecAnn-64,0.9432729082972536,1.00000001,-33006329.0,0.0223710536956787,0,True,38,65,True,113,64,2025-11-16 06:59:06
ba_131072_1_6.txt,barabasi_albert_10ins_m20,43,SpecAnn-64,0.9474374888485204,1.00000001,-33056451.0,0.0322928428649902,0,True,38,97,True,114,64,2025-11-16 06:59:06
ba_131072_1_6.txt,barabasi_albert_10ins_m20,43,SpecAnn-64,0.9515838434019476,1.00000001,-33111193.000000004,0.0535626411437988,0,True,38,161,True,115,64,2025-11-16 06:59:06
ba_131072_1_6.txt,barabasi_albert_10ins_m20,43,SpecAnn-64,0.9557122091778746,1.00000001,-33122561.0,0.0846838951110839,0,True,38,257,True,116,64,2025-11-16 06:59:06
ba_131072_1_6.txt,barabasi_albert_10ins_m20,43,SpecAnn-64,0.9598228182949629,1.00000001,-33014339.0,0.1576514244079589,0,True,38,481,True,117,64,2025-11-16 06:59:06
ba_131072_1_6.txt,barabasi_albert_10ins_m20,43,SpecAnn-64,0.963915897922488,1.00000001,-32961409.0,0.2200760841369629,0,True,38,673,True,118,64,2025-11-16 06:59:06
ba_131072_1_6.txt,barabasi_albert_10ins_m20,43,SpecAnn-64,0.967991670426842,1.00000001,-32939469.0,0.1072080135345459,0,True,38,321,True,119,64,2025-11-16 06:59:06
ba_131072_1_6.txt,barabasi_albert_10ins_m20,43,SpecAnn-64,0.9720503535125016,1.00000001,-32948515.0,0.336223840713501,0,True,38,1025,True,120,64,2025-11-16 06:59:07
ba_131072_1_6.txt,barabasi_albert_10ins_m20,43,SpecAnn-64,0.9760921603577252,1.00000001,-32891995.0,0.336681604385376,0,True,38,1025,True,121,64,2025-11-16 06:59:07
ba_131072_1_6.txt,barabasi_albert_10ins_m20,43,SpecAnn-64,0.9801172997452104,1.00000001,-32879667.0,0.3373143672943115,0,True,38,1025,True,122,64,2025-11-16 06:59:07
ba_131072_1_6.txt,barabasi_albert_10ins_m20,43,SpecAnn-64,0.9841259761879442,1.00000001,-32858297.0,0.3360764980316162,0,True,38,1025,True,123,64,2025-11-16 06:59:08
ba_131072_1_6.txt,barabasi_albert_10ins_m20,43,SpecAnn-64,0.9881183900504562,1.00000001,-32853341.0,0.3361830711364746,0,True,38,1025,True,124,64,2025-11-16 06:59:08
ba_131072_1_6.txt,barabasi_albert_10ins_m20,43,SpecAnn-64,0.9920947376656812,1.00000001,-32800251.0,0.2844765186309814,0,True,38,865,True,125,64,2025-11-16 06:59:08
ba_131072_1_6.txt,barabasi_albert_10ins_m20,43,SpecAnn-64,0.9960552114476228,1.00000001,-32777813.0,0.2229223251342773,0,True,38,673,True,126,64,2025-11-16 06:59:08
ba_131072_1_6.txt,barabasi_albert_10ins_m20,43,SpecAnn-64,1.0,1.00000001,-32815301.0,0.1810746192932129,0,True,38,545,True,127,64,2025-11-16 06:59:09
ba_131072_1_6.txt,barabasi_albert_10ins_m20,44,SpecAnn-64,0.0,1.00000001,-31549897.000000004,0.0156874656677246,0,True,39,33,True,0,64,2025-11-16 06:59:09
ba_131072_1_6.txt,barabasi_albert_10ins_m20,44,SpecAnn-64,0.0887356509416113,1.00000001,-31540809.0,0.0115730762481689,0,True,39,33,True,1,64,2025-11-16 06:59:09
ba_131072_1_6.txt,barabasi_albert_10ins_m20,44,SpecAnn-64,0.1254911610276317,1.00000001,-31498363.0,0.011458396911621,0,True,39,33,True,2,64,2025-11-16 06:59:09
ba_131072_1_6.txt,barabasi_albert_10ins_m20,44,SpecAnn-64,0.1536946558735679,1.00000001,-31591267.0,0.0114936828613281,0,True,39,33,True,3,64,2025-11-16 06:59:09
ba_131072_1_6.txt,barabasi_albert_10ins_m20,44,SpecAnn-64,0.1774713018832227,1.00000001,-31555127.0,0.0115325450897216,0,True,39,33,True,4,64,2025-11-16 06:59:10
ba_131072_1_6.txt,barabasi_albert_10ins_m20,44,SpecAnn-64,0.1984189475331362,1.00000001,-31610905.0,0.0114879608154296,0,True,39,33,True,5,64,2025-11-16 06:59:10
ba_131072_1_6.txt,barabasi_albert_10ins_m20,44,SpecAnn-64,0.2173570668006655,1.00000001,-31599201.0,0.0114283561706542,0,True,39,33,True,6,64,2025-11-16 06:59:10
ba_131072_1_6.txt,barabasi_albert_10ins_m20,44,SpecAnn-64,0.2347724648169381,1.00000001,-31541197.0,0.0116176605224609,0,True,39,33,True,7,64,2025-11-16 06:59:10
ba_131072_1_6.txt,barabasi_albert_10ins_m20,44,SpecAnn-64,0.2509823220552634,1.00000001,-31564219.0,0.0115349292755126,0,True,39,33,True,8,64,2025-11-16 06:59:10
ba_131072_1_6.txt,barabasi_albert_10ins_m20,44,SpecAnn-64,0.2662069528248341,1.00000001,-31471401.0,0.0118958950042724,0,True,39,33,True,9,64,2025-11-16 06:59:10
ba_131072_1_6.txt,barabasi_albert_10ins_m20,44,SpecAnn-64,0.2806067666331568,1.00000001,-31598827.0,0.0117270946502685,0,True,39,33,True,10,64,2025-11-16 06:59:10
ba_131072_1_6.txt,barabasi_albert_10ins_m20,44,SpecAnn-64,0.2943028597012718,1.00000001,-31567151.0,0.011474609375,0,True,39,33,True,11,64,2025-11-16 06:59:10
ba_131072_1_6.txt,barabasi_albert_10ins_m20,44,SpecAnn-64,0.3073893117471359,1.00000001,-31500915.0,0.0114643573760986,0,True,39,33,True,12,64,2025-11-16 06:59:10
ba_131072_1_6.txt,barabasi_albert_10ins_m20,44,SpecAnn-64,0.3199409394316542,1.00000001,-31583823.000000004,0.0114781856536865,0,True,39,33,True,13,64,2025-11-16 06:59:10
ba_131072_1_6.txt,barabasi_albert_10ins_m20,44,SpecAnn-64,0.3320184038158743,1.00000001,-31533223.0,0.0114691257476806,0,True,39,33,True,14,64,2025-11-16 06:59:10
ba_131072_1_6.txt,barabasi_albert_10ins_m20,44,SpecAnn-64,0.3436716983117353,1.00000001,-31601767.0,0.0115120410919189,0,True,39,33,True,15,64,2025-11-16 06:59:10
ba_131072_1_6.txt,barabasi_albert_10ins_m20,44,SpecAnn-64,0.3549426037664455,1.00000001,-31506095.000000004,0.0114834308624267,0,True,39,33,True,16,64,2025-11-16 06:59:10
ba_131072_1_6.txt,barabasi_albert_10ins_m20,44,SpecAnn-64,0.3658664615902029,1.00000001,-31564611.0,0.0115017890930175,0,True,39,33,True,17,64,2025-11-16 06:59:10
ba_131072_1_6.txt,barabasi_albert_10ins_m20,44,SpecAnn-64,0.3764734830828951,1.00000001,-31554375.0,0.0114710330963134,0,True,39,33,True,18,64,2025-11-16 06:59:10
ba_131072_1_6.txt,barabasi_albert_10ins_m20,44,SpecAnn-64,0.3867897351437838,1.00000001,-31572287.0,0.0114879608154296,0,True,39,33,True,19,64,2025-11-16 06:59:10
ba_131072_1_6.txt,barabasi_albert_10ins_m20,44,SpecAnn-64,0.3968378950662725,1.00000001,-31522737.0,0.011432409286499,0,True,39,33,True,20,64,2025-11-16 06:59:10
ba_131072_1_6.txt,barabasi_albert_10ins_m20,44,SpecAnn-64,0.4066378372811136,1.00000001,-31560331.0,0.0114357471466064,0,True,39,33,True,21,64,2025-11-16 06:59:10
ba_131072_1_6.txt,barabasi_albert_10ins_m20,44,SpecAnn-64,0.4162070956347247,1.00000001,-31642999.0,0.0114486217498779,0,True,39,33,True,22,64,2025-11-16 06:59:10
ba_131072_1_6.txt,barabasi_albert_10ins_m20,44,SpecAnn-64,0.4255612320274539,1.00000001,-31635361.0,0.0114285945892333,0,True,39,33,True,23,64,2025-11-16 06:59:10
ba_131072_1_6.txt,barabasi_albert_10ins_m20,44,SpecAnn-64,0.434714133601331,1.00000001,-31552377.000000004,0.0114531517028808,0,True,39,33,True,24,64,2025-11-16 06:59:10
ba_131072_1_6.txt,barabasi_albert_10ins_m20,44,SpecAnn-64,0.4436782547080569,1.00000001,-31554413.0,0.0115454196929931,0,True,39,33,True,25,64,2025-11-16 06:59:10
ba_131072_1_6.txt,barabasi_albert_10ins_m20,44,SpecAnn-64,0.4524648157026343,1.00000001,-31617461.0,0.0114619731903076,0,True,39,33,True,26,64,2025-11-16 06:59:10
ba_131072_1_6.txt,barabasi_albert_10ins_m20,44,SpecAnn-64,0.4610839676207039,1.00000001,-31624505.0,0.0114223957061767,0,True,39,33,True,27,64,2025-11-16 06:59:10
ba_131072_1_6.txt,barabasi_albert_10ins_m20,44,SpecAnn-64,0.4695449296338763,1.00000001,-31534723.0,0.0114595890045166,0,True,39,33,True,28,64,2025-11-16 06:59:10
ba_131072_1_6.txt,barabasi_albert_10ins_m20,44,SpecAnn-64,0.4778561045889373,1.00000001,-31587303.000000004,0.0114600658416748,0,True,39,33,True,29,64,2025-11-16 06:59:10
ba_131072_1_6.txt,barabasi_albert_10ins_m20,44,SpecAnn-64,0.4860251767562508,1.00000001,-31560651.0,0.0114138126373291,0,True,39,33,True,30,64,2025-11-16 06:59:10
ba_131072_1_6.txt,barabasi_albert_10ins_m20,44,SpecAnn-64,0.4940591950252281,1.00000001,-31596033.0,0.0115480422973632,0,True,39,33,True,31,64,2025-11-16 06:59:10
ba_131072_1_6.txt,barabasi_albert_10ins_m20,44,SpecAnn-64,0.5019646441105269,1.00000001,-31514111.0,0.0115442276000976,0,True,39,33,True,32,64,2025-11-16 06:59:10
ba_131072_1_6.txt,barabasi_albert_10ins_m20,44,SpecAnn-64,0.5097475058154177,1.00000001,-31573777.0,0.0114097595214843,0,True,39,33,True,33,64,2025-11-16 06:59:10
ba_131072_1_6.txt,barabasi_albert_10ins_m20,44,SpecAnn-64,0.51741331199832,1.00000001,-31605425.0,0.0114672183990478,0,True,39,33,True,34,64,2025-11-16 06:59:10
ba_131072_1_6.txt,barabasi_albert_10ins_m20,44,SpecAnn-64,0.5249671905758515,1.00000001,-31592877.0,0.011425495147705,0,True,39,33,True,35,64,2025-11-16 06:59:10
ba_131072_1_6.txt,barabasi_albert_10ins_m20,44,SpecAnn-64,0.5324139056496683,1.00000001,-31591375.0,0.0114388465881347,0,True,39,33,True,36,64,2025-11-16 06:59:10
ba_131072_1_6.txt,barabasi_albert_10ins_m20,44,SpecAnn-64,0.5397578926492556,1.00000001,-31601165.0,0.0114798545837402,0,True,39,33,True,37,64,2025-11-16 06:59:10
ba_131072_1_6.txt,barabasi_albert_10ins_m20,44,SpecAnn-64,0.5470032892270364,1.00000001,-31564575.0,0.011491060256958,0,True,39,33,True,38,64,2025-11-16 06:59:10
ba_131072_1_6.txt,barabasi_albert_10ins_m20,44,SpecAnn-64,0.554153962516942,1.00000001,-31650257.0,0.011458396911621,0,True,39,33,True,39,64,2025-11-16 06:59:10
ba_131072_1_6.txt,barabasi_albert_10ins_m20,44,SpecAnn-64,0.5612135332663137,1.00000001,-31631935.0,0.0114567279815673,0,True,39,33,True,40,64,2025-11-16 06:59:10
ba_131072_1_6.txt,barabasi_albert_10ins_m20,44,SpecAnn-64,0.5681853972686127,1.00000001,-31600253.0,0.0114722251892089,0,True,39,33,True,41,64,2025-11-16 06:59:10
ba_131072_1_6.txt,barabasi_albert_10ins_m20,44,SpecAnn-64,0.5750727444570146,1.00000001,-31590303.0,0.0114569664001464,0,True,39,33,True,42,64,2025-11-16 06:59:10
ba_131072_1_6.txt,barabasi_albert_10ins_m20,44,SpecAnn-64,0.5818785759635375,1.00000001,-31712071.0,0.0115249156951904,0,True,39,33,True,43,64,2025-11-16 06:59:10
ba_131072_1_6.txt,barabasi_albert_10ins_m20,44,SpecAnn-64,0.5886057194025436,1.00000001,-31633145.0,0.0114917755126953,0,True,39,33,True,44,64,2025-11-16 06:59:10
ba_131072_1_6.txt,barabasi_albert_10ins_m20,44,SpecAnn-64,0.5952568425994088,1.00000001,-31574857.0,0.0115132331848144,0,True,39,33,True,45,64,2025-11-16 06:59:10
ba_131072_1_6.txt,barabasi_albert_10ins_m20,44,SpecAnn-64,0.6018344659534288,1.00000001,-31616303.0,0.0114831924438476,0,True,39,33,True,46,64,2025-11-16 06:59:10
ba_131072_1_6.txt,barabasi_albert_10ins_m20,44,SpecAnn-64,0.6083409735974393,1.00000001,-31592009.0,0.0115015506744384,0,True,39,33,True,47,64,2025-11-16 06:59:10
ba_131072_1_6.txt,barabasi_albert_10ins_m20,44,SpecAnn-64,0.6147786234942719,1.00000001,-31629579.000000004,0.0115303993225097,0,True,39,33,True,48,64,2025-11-16 06:59:10
ba_131072_1_6.txt,barabasi_albert_10ins_m20,44,SpecAnn-64,0.6211495565912796,1.00000001,-31636221.000000004,0.0114405155181884,0,True,39,33,True,49,64,2025-11-16 06:59:10
ba_131072_1_6.txt,barabasi_albert_10ins_m20,44,SpecAnn-64,0.6274558051381586,1.00000001,-31720255.000000007,0.0114355087280273,0,True,39,33,True,50,64,2025-11-16 06:59:10
ba_131072_1_6.txt,barabasi_albert_10ins_m20,44,SpecAnn-64,0.6336993002596786,1.00000001,-31661523.0,0.0114734172821044,0,True,39,33,True,51,64,2025-11-16 06:59:10
ba_131072_1_6.txt,barabasi_albert_10ins_m20,44,SpecAnn-64,0.6398818788633085,1.00000001,-31672829.0,0.0115036964416503,0,True,39,33,True,52,64,2025-11-16 06:59:10
ba_131072_1_6.txt,barabasi_albert_10ins_m20,44,SpecAnn-64,0.6460052899517691,1.00000001,-31618031.0,0.0114979743957519,0,True,39,33,True,53,64,2025-11-16 06:59:10
ba_131072_1_6.txt,barabasi_albert_10ins_m20,44,SpecAnn-64,0.6520712004019966,1.00000001,-31660619.0,0.0114977359771728,0,True,39,33,True,54,64,2025-11-16 06:59:10
ba_131072_1_6.txt,barabasi_albert_10ins_m20,44,SpecAnn-64,0.6580812002646271,1.00000001,-31651415.0,0.0114417076110839,0,True,39,33,True,55,64,2025-11-16 06:59:10
ba_131072_1_6.txt,barabasi_albert_10ins_m20,44,SpecAnn-64,0.6640368076317485,1.00000001,-31665733.0,0.0115346908569335,0,True,39,33,True,56,64,2025-11-16 06:59:10
ba_131072_1_6.txt,barabasi_albert_10ins_m20,44,SpecAnn-64,0.6699394731151429,1.00000001,-31677635.0,0.0117201805114746,0,True,39,33,True,57,64,2025-11-16 06:59:10
ba_131072_1_6.txt,barabasi_albert_10ins_m20,44,SpecAnn-64,0.6757905839724513,1.00000001,-31673231.0,0.0116760730743408,0,True,39,33,True,58,64,2025-11-16 06:59:10
ba_131072_1_6.txt,barabasi_albert_10ins_m20,44,SpecAnn-64,0.6815914679145113,1.00000001,-31736193.000000004,0.0116758346557617,0,True,39,33,True,59,64,2025-11-16 06:59:10
ba_131072_1_6.txt,barabasi_albert_10ins_m20,44,SpecAnn-64,0.6873433966234707,1.00000001,-31737675.000000004,0.0115156173706054,0,True,39,33,True,60,64,2025-11-16 06:59:10
ba_131072_1_6.txt,barabasi_albert_10ins_m20,44,SpecAnn-64,0.6930475890080863,1.00000001,-31723453.0,0.0114655494689941,0,True,39,33,True,61,64,2025-11-16 06:59:10
ba_131072_1_6.txt,barabasi_albert_10ins_m20,44,SpecAnn-64,0.6987052142198116,1.00000001,-31597713.0,0.0114929676055908,0,True,39,33,True,62,64,2025-11-16 06:59:10
ba_131072_1_6.txt,barabasi_albert_10ins_m20,44,SpecAnn-64,0.7043173944508145,1.00000001,-31624515.0,0.0117189884185791,0,True,39,33,True,63,64,2025-11-16 06:59:10
ba_131072_1_6.txt,barabasi_albert_10ins_m20,44,SpecAnn-64,0.709885207532891,1.00000001,-31680949.0,0.011622667312622,0,True,39,33,True,64,64,2025-11-16 06:59:10
ba_131072_1_6.txt,barabasi_albert_10ins_m20,44,SpecAnn-64,0.7154096893543218,1.00000001,-31700531.000000004,0.0116424560546875,0,True,39,33,True,65,64,2025-11-16 06:59:10
ba_131072_1_6.txt,barabasi_albert_10ins_m20,44,SpecAnn-64,0.7208918361100219,1.00000001,-31707217.0,0.0115721225738525,0,True,39,33,True,66,64,2025-11-16 06:59:10
ba_131072_1_6.txt,barabasi_albert_10ins_m20,44,SpecAnn-64,0.7263326063988248,1.00000001,-31723437.0,0.011437177658081,0,True,39,33,True,67,64,2025-11-16 06:59:10
ba_131072_1_6.txt,barabasi_albert_10ins_m20,44,SpecAnn-64,0.7317329231804058,1.00000001,-31826349.0,0.0114650726318359,0,True,39,33,True,68,64,2025-11-16 06:59:10
ba_131072_1_6.txt,barabasi_albert_10ins_m20,44,SpecAnn-64,0.7370936756031579,1.00000001,-31733275.000000004,0.0114274024963378,0,True,39,33,True,69,64,2025-11-16 06:59:10
ba_131072_1_6.txt,barabasi_albert_10ins_m20,44,SpecAnn-64,0.7424157207132704,1.00000001,-31808191.0,0.0114614963531494,0,True,39,33,True,70,64,2025-11-16 06:59:10
ba_131072_1_6.txt,barabasi_albert_10ins_m20,44,SpecAnn-64,0.7476998850543153,1.00000001,-31735589.0,0.0115258693695068,0,True,39,33,True,71,64,2025-11-16 06:59:10
ba_131072_1_6.txt,barabasi_albert_10ins_m20,44,SpecAnn-64,0.7529469661657903,1.00000001,-31802969.0,0.0115284919738769,0,True,39,33,True,72,64,2025-11-16 06:59:10
ba_131072_1_6.txt,barabasi_albert_10ins_m20,44,SpecAnn-64,0.7581577339883167,1.00000001,-31862595.0,0.0116465091705322,0,True,39,33,True,73,64,2025-11-16 06:59:10
ba_131072_1_6.txt,barabasi_albert_10ins_m20,44,SpecAnn-64,0.7633329321824984,1.00000001,-31786679.0,0.0116446018218994,0,True,39,33,True,74,64,2025-11-16 06:59:10
ba_131072_1_6.txt,barabasi_albert_10ins_m20,44,SpecAnn-64,0.7684732793678399,1.00000001,-31900079.0,0.0115478038787841,0,True,39,33,True,75,64,2025-11-16 06:59:10
ba_131072_1_6.txt,barabasi_albert_10ins_m20,44,SpecAnn-64,0.7735794702875677,1.00000001,-31900837.0,0.0114433765411376,0,True,39,33,True,76,64,2025-11-16 06:59:10
ba_131072_1_6.txt,barabasi_albert_10ins_m20,44,SpecAnn-64,0.7786521769046981,1.00000001,-31898283.000000004,0.0114610195159912,0,True,39,33,True,77,64,2025-11-16 06:59:10
ba_131072_1_6.txt,barabasi_albert_10ins_m20,44,SpecAnn-64,0.7836920494342511,1.00000001,-31815289.0,0.0114147663116455,0,True,39,33,True,78,64,2025-11-16 06:59:10
ba_131072_1_6.txt,barabasi_albert_10ins_m20,44,SpecAnn-64,0.788699717316095,1.00000001,-31856587.000000004,0.0114228725433349,0,True,39,33,True,79,64,2025-11-16 06:59:10
ba_131072_1_6.txt,barabasi_albert_10ins_m20,44,SpecAnn-64,0.7936757901325451,1.00000001,-31851257.0,0.0115330219268798,0,True,39,33,True,80,64,2025-11-16 06:59:10
ba_131072_1_6.txt,barabasi_albert_10ins_m20,44,SpecAnn-64,0.7986208584745024,1.00000001,-31904227.000000004,0.011493444442749,0,True,39,33,True,81,64,2025-11-16 06:59:10
ba_131072_1_6.txt,barabasi_albert_10ins_m20,44,SpecAnn-64,0.803535494759617,1.00000001,-31935911.0,0.0114455223083496,0,True,39,33,True,82,64,2025-11-16 06:59:10
ba_131072_1_6.txt,barabasi_albert_10ins_m20,44,SpecAnn-64,0.8084202540056837,1.00000001,-31943533.0,0.011430025100708,0,True,39,33,True,83,64,2025-11-16 06:59:10
ba_131072_1_6.txt,barabasi_albert_10ins_m20,44,SpecAnn-64,0.8132756745622272,1.00000001,-31922897.0,0.0113916397094726,0,True,39,33,True,84,64,2025-11-16 06:59:10
ba_131072_1_6.txt,barabasi_albert_10ins_m20,44,SpecAnn-64,0.8181022788030096,1.00000001,-31943263.0,0.0114037990570068,0,True,39,33,True,85,64,2025-11-16 06:59:10
ba_131072_1_6.txt,barabasi_albert_10ins_m20,44,SpecAnn-64,0.822900573781978,1.00000001,-31992551.0,0.0114450454711914,0,True,39,33,True,86,64,2025-11-16 06:59:10
ba_131072_1_6.txt,barabasi_albert_10ins_m20,44,SpecAnn-64,0.8276710518549868,1.00000001,-31961549.0,0.0115089416503906,0,True,39,33,True,87,64,2025-11-16 06:59:10
ba_131072_1_6.txt,barabasi_albert_10ins_m20,44,SpecAnn-64,0.8324141912694495,1.00000001,-32023357.000000004,0.011521577835083,0,True,39,33,True,88,64,2025-11-16 06:59:10
ba_131072_1_6.txt,barabasi_albert_10ins_m20,44,SpecAnn-64,0.8371304567239225,1.00000001,-32037013.0,0.0115292072296142,0,True,39,33,True,89,64,2025-11-16 06:59:10
ba_131072_1_6.txt,barabasi_albert_10ins_m20,44,SpecAnn-64,0.8418202998994706,1.00000001,-32121923.000000004,0.0114846229553222,0,True,39,33,True,90,64,2025-11-16 06:59:10
ba_131072_1_6.txt,barabasi_albert_10ins_m20,44,SpecAnn-64,0.846484159964536,1.00000001,-32061957.0,0.011514663696289,0,True,39,33,True,91,64,2025-11-16 06:59:11
ba_131072_1_6.txt,barabasi_albert_10ins_m20,44,SpecAnn-64,0.8511224640549078,1.00000001,-32127707.000000004,0.0114710330963134,0,True,39,33,True,92,64,2025-11-16 06:59:11
ba_131072_1_6.txt,barabasi_albert_10ins_m20,44,SpecAnn-64,0.8557356277302758,1.00000001,-32179013.0,0.0114369392395019,0,True,39,33,True,93,64,2025-11-16 06:59:11
ba_131072_1_6.txt,barabasi_albert_10ins_m20,44,SpecAnn-64,0.8603240554087516,1.00000001,-32172201.000000004,0.0114734172821044,0,True,39,33,True,94,64,2025-11-16 06:59:11
ba_131072_1_6.txt,barabasi_albert_10ins_m20,44,SpecAnn-64,0.86488814078064,1.00000001,-32216573.0,0.0114345550537109,0,True,39,33,True,95,64,2025-11-16 06:59:11
ba_131072_1_6.txt,barabasi_albert_10ins_m20,44,SpecAnn-64,0.8694282672026621,1.00000001,-32302619.0,0.0116381645202636,0,True,39,33,True,96,64,2025-11-16 06:59:11
ba_131072_1_6.txt,barabasi_albert_10ins_m20,44,SpecAnn-64,0.8739448080737451,1.00000001,-32227001.0,0.0116848945617675,0,True,39,33,True,97,64,2025-11-16 06:59:11
ba_131072_1_6.txt,barabasi_albert_10ins_m20,44,SpecAnn-64,0.878438127193422,1.00000001,-32262075.0,0.0120871067047119,0,True,39,33,True,98,64,2025-11-16 06:59:11
ba_131072_1_6.txt,barabasi_albert_10ins_m20,44,SpecAnn-64,0.8829085791038153,1.00000001,-32320397.0,0.0114994049072265,0,True,39,33,True,99,64,2025-11-16 06:59:11
ba_131072_1_6.txt,barabasi_albert_10ins_m20,44,SpecAnn-64,0.8873565094161138,1.00000001,-32339975.000000004,0.011479377746582,0,True,39,33,True,100,64,2025-11-16 06:59:11
ba_131072_1_6.txt,barabasi_albert_10ins_m20,44,SpecAnn-64,0.8917822551223932,1.00000001,-32368459.0,0.0114707946777343,0,True,39,33,True,101,64,2025-11-16 06:59:11
ba_131072_1_6.txt,barabasi_albert_10ins_m20,44,SpecAnn-64,0.8961861448935777,1.00000001,-32368789.0,0.0114552974700927,0,True,39,33,True,102,64,2025-11-16 06:59:11
ba_131072_1_6.txt,barabasi_albert_10ins_m20,44,SpecAnn-64,0.9005684993642872,1.00000001,-32440673.0,0.0114312171936035,0,True,39,33,True,103,64,2025-11-16 06:59:11
ba_131072_1_6.txt,barabasi_albert_10ins_m20,44,SpecAnn-64,0.9049296314052688,1.00000001,-32459375.0,0.0115134716033935,0,True,39,33,True,104,64,2025-11-16 06:59:11
ba_131072_1_6.txt,barabasi_albert_10ins_m20,44,SpecAnn-64,0.9092698463840684,1.00000001,-32554473.0,0.0114822387695312,0,True,39,33,True,105,64,2025-11-16 06:59:11
ba_131072_1_6.txt,barabasi_albert_10ins_m20,44,SpecAnn-64,0.9135894424145556,1.00000001,-32592303.0,0.0115191936492919,0,True,39,33,True,106,64,2025-11-16 06:59:11
ba_131072_1_6.txt,barabasi_albert_10ins_m20,44,SpecAnn-64,0.9178887105958816,1.00000001,-32618685.0,0.0114552974700927,0,True,39,33,True,107,64,2025-11-16 06:59:11
ba_131072_1_6.txt,barabasi_albert_10ins_m20,44,SpecAnn-64,0.922167935241408,1.00000001,-32672433.0,0.0114977359771728,0,True,39,33,True,108,64,2025-11-16 06:59:11
ba_131072_1_6.txt,barabasi_albert_10ins_m20,44,SpecAnn-64,0.92642739409812,1.00000001,-32771973.0,0.0116016864776611,0,True,39,33,True,109,64,2025-11-16 06:59:11
ba_131072_1_6.txt,barabasi_albert_10ins_m20,44,SpecAnn-64,0.9306673585570006,1.00000001,-32840863.0,0.0219478607177734,0,True,39,65,True,110,64,2025-11-16 06:59:11
ba_131072_1_6.txt,barabasi_albert_10ins_m20,44,SpecAnn-64,0.9348880938548184,1.00000001,-32854211.0,0.0219302177429199,0,True,39,65,True,111,64,2025-11-16 06:59:11
ba_131072_1_6.txt,barabasi_albert_10ins_m20,44,SpecAnn-64,0.9390898592677528,1.00000001,-32954283.000000004,0.0220141410827636,0,True,39,65,True,112,64,2025-11-16 06:59:11
ba_131072_1_6.txt,barabasi_albert_10ins_m20,44,SpecAnn-64,0.9432729082972536,1.00000001,-32993445.0,0.0218901634216308,0,True,39,65,True,113,64,2025-11-16 06:59:11
ba_131072_1_6.txt,barabasi_albert_10ins_m20,44,SpecAnn-64,0.9474374888485204,1.00000001,-33042083.0,0.032372236251831,0,True,39,97,True,114,64,2025-11-16 06:59:11
ba_131072_1_6.txt,barabasi_albert_10ins_m20,44,SpecAnn-64,0.9515838434019476,1.00000001,-33129307.0,0.0531775951385498,0,True,39,161,True,115,64,2025-11-16 06:59:11
ba_131072_1_6.txt,barabasi_albert_10ins_m20,44,SpecAnn-64,0.9557122091778746,1.00000001,-33141747.0,0.0846395492553711,0,True,39,257,True,116,64,2025-11-16 06:59:11
ba_131072_1_6.txt,barabasi_albert_10ins_m20,44,SpecAnn-64,0.9598228182949629,1.00000001,-32985515.0,0.1583080291748047,0,True,39,481,True,117,64,2025-11-16 06:59:11
ba_131072_1_6.txt,barabasi_albert_10ins_m20,44,SpecAnn-64,0.963915897922488,1.00000001,-32961239.000000004,0.2213006019592285,0,True,39,673,True,118,64,2025-11-16 06:59:11
ba_131072_1_6.txt,barabasi_albert_10ins_m20,44,SpecAnn-64,0.967991670426842,1.00000001,-32920421.000000004,0.1054174900054931,0,True,39,321,True,119,64,2025-11-16 06:59:11
ba_131072_1_6.txt,barabasi_albert_10ins_m20,44,SpecAnn-64,0.9720503535125016,1.00000001,-32912989.0,0.3370606899261474,0,True,39,1025,True,120,64,2025-11-16 06:59:12
ba_131072_1_6.txt,barabasi_albert_10ins_m20,44,SpecAnn-64,0.9760921603577252,1.00000001,-32888439.0,0.3361589908599853,0,True,39,1025,True,121,64,2025-11-16 06:59:12
ba_131072_1_6.txt,barabasi_albert_10ins_m20,44,SpecAnn-64,0.9801172997452104,1.00000001,-32889599.0,0.3369841575622558,0,True,39,1025,True,122,64,2025-11-16 06:59:12
ba_131072_1_6.txt,barabasi_albert_10ins_m20,44,SpecAnn-64,0.9841259761879442,1.00000001,-32872797.000000004,0.3360757827758789,0,True,39,1025,True,123,64,2025-11-16 06:59:13
ba_131072_1_6.txt,barabasi_albert_10ins_m20,44,SpecAnn-64,0.9881183900504562,1.00000001,-32825961.0,0.3348567485809326,0,True,39,1025,True,124,64,2025-11-16 06:59:13
ba_131072_1_6.txt,barabasi_albert_10ins_m20,44,SpecAnn-64,0.9920947376656812,1.00000001,-32749591.000000004,0.2828376293182373,0,True,39,865,True,125,64,2025-11-16 06:59:13
ba_131072_1_6.txt,barabasi_albert_10ins_m20,44,SpecAnn-64,0.9960552114476228,1.00000001,-32795821.0,0.2230336666107177,0,True,39,673,True,126,64,2025-11-16 06:59:14
ba_131072_1_6.txt,barabasi_albert_10ins_m20,44,SpecAnn-64,1.0,1.00000001,-32758623.0,0.1781167984008789,0,True,39,545,True,127,64,2025-11-16 06:59:14
ba_131072_1_6.txt,barabasi_albert_10ins_m20,45,SpecAnn-64,0.0,1.00000001,-31490399.0,0.0157601833343505,0,True,41,33,True,0,64,2025-11-16 06:59:15
ba_131072_1_6.txt,barabasi_albert_10ins_m20,45,SpecAnn-64,0.0887356509416113,1.00000001,-31546319.000000004,0.0116167068481445,0,True,41,33,True,1,64,2025-11-16 06:59:15
ba_131072_1_6.txt,barabasi_albert_10ins_m20,45,SpecAnn-64,0.1254911610276317,1.00000001,-31543599.0,0.0114941596984863,0,True,41,33,True,2,64,2025-11-16 06:59:15
ba_131072_1_6.txt,barabasi_albert_10ins_m20,45,SpecAnn-64,0.1536946558735679,1.00000001,-31514813.0,0.0114634037017822,0,True,41,33,True,3,64,2025-11-16 06:59:15
ba_131072_1_6.txt,barabasi_albert_10ins_m20,45,SpecAnn-64,0.1774713018832227,1.00000001,-31559369.0,0.011462926864624,0,True,41,33,True,4,64,2025-11-16 06:59:15
ba_131072_1_6.txt,barabasi_albert_10ins_m20,45,SpecAnn-64,0.1984189475331362,1.00000001,-31655881.0,0.0114655494689941,0,True,41,33,True,5,64,2025-11-16 06:59:15
ba_131072_1_6.txt,barabasi_albert_10ins_m20,45,SpecAnn-64,0.2173570668006655,1.00000001,-31531085.000000004,0.0114204883575439,0,True,41,33,True,6,64,2025-11-16 06:59:15
ba_131072_1_6.txt,barabasi_albert_10ins_m20,45,SpecAnn-64,0.2347724648169381,1.00000001,-31553261.0,0.0115687847137451,0,True,41,33,True,7,64,2025-11-16 06:59:15
ba_131072_1_6.txt,barabasi_albert_10ins_m20,45,SpecAnn-64,0.2509823220552634,1.00000001,-31532973.0,0.0114128589630126,0,True,41,33,True,8,64,2025-11-16 06:59:15
ba_131072_1_6.txt,barabasi_albert_10ins_m20,45,SpecAnn-64,0.2662069528248341,1.00000001,-31555781.0,0.011409044265747,0,True,41,33,True,9,64,2025-11-16 06:59:15
ba_131072_1_6.txt,barabasi_albert_10ins_m20,45,SpecAnn-64,0.2806067666331568,1.00000001,-31551273.0,0.0115764141082763,0,True,41,33,True,10,64,2025-11-16 06:59:15
ba_131072_1_6.txt,barabasi_albert_10ins_m20,45,SpecAnn-64,0.2943028597012718,1.00000001,-31567861.0,0.011491060256958,0,True,41,33,True,11,64,2025-11-16 06:59:15
ba_131072_1_6.txt,barabasi_albert_10ins_m20,45,SpecAnn-64,0.3073893117471359,1.00000001,-31613389.0,0.0115020275115966,0,True,41,33,True,12,64,2025-11-16 06:59:15
ba_131072_1_6.txt,barabasi_albert_10ins_m20,45,SpecAnn-64,0.3199409394316542,1.00000001,-31498531.0,0.0116400718688964,0,True,41,33,True,13,64,2025-11-16 06:59:15
ba_131072_1_6.txt,barabasi_albert_10ins_m20,45,SpecAnn-64,0.3320184038158743,1.00000001,-31614237.0,0.0114767551422119,0,True,41,33,True,14,64,2025-11-16 06:59:15
ba_131072_1_6.txt,barabasi_albert_10ins_m20,45,SpecAnn-64,0.3436716983117353,1.00000001,-31558145.0,0.0114767551422119,0,True,41,33,True,15,64,2025-11-16 06:59:15
ba_131072_1_6.txt,barabasi_albert_10ins_m20,45,SpecAnn-64,0.3549426037664455,1.00000001,-31594765.0,0.0115036964416503,0,True,41,33,True,16,64,2025-11-16 06:59:15
ba_131072_1_6.txt,barabasi_albert_10ins_m20,45,SpecAnn-64,0.3658664615902029,1.00000001,-31553471.000000007,0.0115032196044921,0,True,41,33,True,17,64,2025-11-16 06:59:15
ba_131072_1_6.txt,barabasi_albert_10ins_m20,45,SpecAnn-64,0.3764734830828951,1.00000001,-31560413.000000004,0.0115256309509277,0,True,41,33,True,18,64,2025-11-16 06:59:15
ba_131072_1_6.txt,barabasi_albert_10ins_m20,45,SpecAnn-64,0.3867897351437838,1.00000001,-31550491.0,0.0115065574645996,0,True,41,33,True,19,64,2025-11-16 06:59:15
ba_131072_1_6.txt,barabasi_albert_10ins_m20,45,SpecAnn-64,0.3968378950662725,1.00000001,-31532827.0,0.0115234851837158,0,True,41,33,True,20,64,2025-11-16 06:59:15
ba_131072_1_6.txt,barabasi_albert_10ins_m20,45,SpecAnn-64,0.4066378372811136,1.00000001,-31574723.0,0.0114812850952148,0,True,41,33,True,21,64,2025-11-16 06:59:15
ba_131072_1_6.txt,barabasi_albert_10ins_m20,45,SpecAnn-64,0.4162070956347247,1.00000001,-31567419.0,0.0115518569946289,0,True,41,33,True,22,64,2025-11-16 06:59:15
ba_131072_1_6.txt,barabasi_albert_10ins_m20,45,SpecAnn-64,0.4255612320274539,1.00000001,-31484429.0,0.011523962020874,0,True,41,33,True,23,64,2025-11-16 06:59:15
ba_131072_1_6.txt,barabasi_albert_10ins_m20,45,SpecAnn-64,0.434714133601331,1.00000001,-31526157.0,0.0115573406219482,0,True,41,33,True,24,64,2025-11-16 06:59:15
ba_131072_1_6.txt,barabasi_albert_10ins_m20,45,SpecAnn-64,0.4436782547080569,1.00000001,-31578895.0,0.0115692615509033,0,True,41,33,True,25,64,2025-11-16 06:59:15
ba_131072_1_6.txt,barabasi_albert_10ins_m20,45,SpecAnn-64,0.4524648157026343,1.00000001,-31561827.0,0.0114920139312744,0,True,41,33,True,26,64,2025-11-16 06:59:15
ba_131072_1_6.txt,barabasi_albert_10ins_m20,45,SpecAnn-64,0.4610839676207039,1.00000001,-31589937.0,0.0114631652832031,0,True,41,33,True,27,64,2025-11-16 06:59:15
ba_131072_1_6.txt,barabasi_albert_10ins_m20,45,SpecAnn-64,0.4695449296338763,1.00000001,-31586389.0,0.0115091800689697,0,True,41,33,True,28,64,2025-11-16 06:59:15
ba_131072_1_6.txt,barabasi_albert_10ins_m20,45,SpecAnn-64,0.4778561045889373,1.00000001,-31541139.000000004,0.0114424228668212,0,True,41,33,True,29,64,2025-11-16 06:59:15
ba_131072_1_6.txt,barabasi_albert_10ins_m20,45,SpecAnn-64,0.4860251767562508,1.00000001,-31565647.0,0.0114755630493164,0,True,41,33,True,30,64,2025-11-16 06:59:15
ba_131072_1_6.txt,barabasi_albert_10ins_m20,45,SpecAnn-64,0.4940591950252281,1.00000001,-31581091.0,0.0115811824798583,0,True,41,33,True,31,64,2025-11-16 06:59:15
ba_131072_1_6.txt,barabasi_albert_10ins_m20,45,SpecAnn-64,0.5019646441105269,1.00000001,-31550931.0,0.011554479598999,0,True,41,33,True,32,64,2025-11-16 06:59:15
ba_131072_1_6.txt,barabasi_albert_10ins_m20,45,SpecAnn-64,0.5097475058154177,1.00000001,-31557309.0,0.0117397308349609,0,True,41,33,True,33,64,2025-11-16 06:59:15
ba_131072_1_6.txt,barabasi_albert_10ins_m20,45,SpecAnn-64,0.51741331199832,1.00000001,-31565897.0,0.0116827487945556,0,True,41,33,True,34,64,2025-11-16 06:59:15
ba_131072_1_6.txt,barabasi_albert_10ins_m20,45,SpecAnn-64,0.5249671905758515,1.00000001,-31522531.0,0.0117313861846923,0,True,41,33,True,35,64,2025-11-16 06:59:15
ba_131072_1_6.txt,barabasi_albert_10ins_m20,45,SpecAnn-64,0.5324139056496683,1.00000001,-31532449.0,0.0116162300109863,0,True,41,33,True,36,64,2025-11-16 06:59:15
ba_131072_1_6.txt,barabasi_albert_10ins_m20,45,SpecAnn-64,0.5397578926492556,1.00000001,-31648089.0,0.011451244354248,0,True,41,33,True,37,64,2025-11-16 06:59:15
ba_131072_1_6.txt,barabasi_albert_10ins_m20,45,SpecAnn-64,0.5470032892270364,1.00000001,-31590365.0,0.0114803314208984,0,True,41,33,True,38,64,2025-11-16 06:59:15
ba_131072_1_6.txt,barabasi_albert_10ins_m20,45,SpecAnn-64,0.554153962516942,1.00000001,-31589179.0,0.0115611553192138,0,True,41,33,True,39,64,2025-11-16 06:59:15
ba_131072_1_6.txt,barabasi_albert_10ins_m20,45,SpecAnn-64,0.5612135332663137,1.00000001,-31633079.0,0.0114836692810058,0,True,41,33,True,40,64,2025-11-16 06:59:15
ba_131072_1_6.txt,barabasi_albert_10ins_m20,45,SpecAnn-64,0.5681853972686127,1.00000001,-31585277.0,0.0114262104034423,0,True,41,33,True,41,64,2025-11-16 06:59:15
ba_131072_1_6.txt,barabasi_albert_10ins_m20,45,SpecAnn-64,0.5750727444570146,1.00000001,-31589107.0,0.0114519596099853,0,True,41,33,True,42,64,2025-11-16 06:59:15
ba_131072_1_6.txt,barabasi_albert_10ins_m20,45,SpecAnn-64,0.5818785759635375,1.00000001,-31616849.0,0.0114316940307617,0,True,41,33,True,43,64,2025-11-16 06:59:15
ba_131072_1_6.txt,barabasi_albert_10ins_m20,45,SpecAnn-64,0.5886057194025436,1.00000001,-31571601.0,0.0114791393280029,0,True,41,33,True,44,64,2025-11-16 06:59:15
ba_131072_1_6.txt,barabasi_albert_10ins_m20,45,SpecAnn-64,0.5952568425994088,1.00000001,-31531671.0,0.0114641189575195,0,True,41,33,True,45,64,2025-11-16 06:59:15
ba_131072_1_6.txt,barabasi_albert_10ins_m20,45,SpecAnn-64,0.6018344659534288,1.00000001,-31601427.0,0.0114655494689941,0,True,41,33,True,46,64,2025-11-16 06:59:15
ba_131072_1_6.txt,barabasi_albert_10ins_m20,45,SpecAnn-64,0.6083409735974393,1.00000001,-31656637.000000007,0.0114939212799072,0,True,41,33,True,47,64,2025-11-16 06:59:15
ba_131072_1_6.txt,barabasi_albert_10ins_m20,45,SpecAnn-64,0.6147786234942719,1.00000001,-31657905.000000004,0.0114808082580566,0,True,41,33,True,48,64,2025-11-16 06:59:15
ba_131072_1_6.txt,barabasi_albert_10ins_m20,45,SpecAnn-64,0.6211495565912796,1.00000001,-31710577.0,0.0115473270416259,0,True,41,33,True,49,64,2025-11-16 06:59:15
ba_131072_1_6.txt,barabasi_albert_10ins_m20,45,SpecAnn-64,0.6274558051381586,1.00000001,-31638903.0,0.0114381313323974,0,True,41,33,True,50,64,2025-11-16 06:59:15
ba_131072_1_6.txt,barabasi_albert_10ins_m20,45,SpecAnn-64,0.6336993002596786,1.00000001,-31617039.0,0.0115144252777099,0,True,41,33,True,51,64,2025-11-16 06:59:15
ba_131072_1_6.txt,barabasi_albert_10ins_m20,45,SpecAnn-64,0.6398818788633085,1.00000001,-31694757.0,0.0115082263946533,0,True,41,33,True,52,64,2025-11-16 06:59:15
ba_131072_1_6.txt,barabasi_albert_10ins_m20,45,SpecAnn-64,0.6460052899517691,1.00000001,-31662889.0,0.0115361213684082,0,True,41,33,True,53,64,2025-11-16 06:59:15
ba_131072_1_6.txt,barabasi_albert_10ins_m20,45,SpecAnn-64,0.6520712004019966,1.00000001,-31617247.0,0.0116684436798095,0,True,41,33,True,54,64,2025-11-16 06:59:15
ba_131072_1_6.txt,barabasi_albert_10ins_m20,45,SpecAnn-64,0.6580812002646271,1.00000001,-31730827.0,0.0116965770721435,0,True,41,33,True,55,64,2025-11-16 06:59:15
ba_131072_1_6.txt,barabasi_albert_10ins_m20,45,SpecAnn-64,0.6640368076317485,1.00000001,-31725011.0,0.0114767551422119,0,True,41,33,True,56,64,2025-11-16 06:59:15
ba_131072_1_6.txt,barabasi_albert_10ins_m20,45,SpecAnn-64,0.6699394731151429,1.00000001,-31665273.0,0.0115456581115722,0,True,41,33,True,57,64,2025-11-16 06:59:15
ba_131072_1_6.txt,barabasi_albert_10ins_m20,45,SpecAnn-64,0.6757905839724513,1.00000001,-31715053.0,0.0115261077880859,0,True,41,33,True,58,64,2025-11-16 06:59:15
ba_131072_1_6.txt,barabasi_albert_10ins_m20,45,SpecAnn-64,0.6815914679145113,1.00000001,-31709323.0,0.0115184783935546,0,True,41,33,True,59,64,2025-11-16 06:59:15
ba_131072_1_6.txt,barabasi_albert_10ins_m20,45,SpecAnn-64,0.6873433966234707,1.00000001,-31699203.0,0.0115408897399902,0,True,41,33,True,60,64,2025-11-16 06:59:15
ba_131072_1_6.txt,barabasi_albert_10ins_m20,45,SpecAnn-64,0.6930475890080863,1.00000001,-31796421.0,0.0114545822143554,0,True,41,33,True,61,64,2025-11-16 06:59:15
ba_131072_1_6.txt,barabasi_albert_10ins_m20,45,SpecAnn-64,0.6987052142198116,1.00000001,-31699325.0,0.0115172863006591,0,True,41,33,True,62,64,2025-11-16 06:59:15
ba_131072_1_6.txt,barabasi_albert_10ins_m20,45,SpecAnn-64,0.7043173944508145,1.00000001,-31690091.0,0.0114185810089111,0,True,41,33,True,63,64,2025-11-16 06:59:15
ba_131072_1_6.txt,barabasi_albert_10ins_m20,45,SpecAnn-64,0.709885207532891,1.00000001,-31757281.0,0.0114953517913818,0,True,41,33,True,64,64,2025-11-16 06:59:15
ba_131072_1_6.txt,barabasi_albert_10ins_m20,45,SpecAnn-64,0.7154096893543218,1.00000001,-31754223.0,0.011526346206665,0,True,41,33,True,65,64,2025-11-16 06:59:15
ba_131072_1_6.txt,barabasi_albert_10ins_m20,45,SpecAnn-64,0.7208918361100219,1.00000001,-31713891.0,0.0114622116088867,0,True,41,33,True,66,64,2025-11-16 06:59:15
ba_131072_1_6.txt,barabasi_albert_10ins_m20,45,SpecAnn-64,0.7263326063988248,1.00000001,-31747365.0,0.0115606784820556,0,True,41,33,True,67,64,2025-11-16 06:59:16
ba_131072_1_6.txt,barabasi_albert_10ins_m20,45,SpecAnn-64,0.7317329231804058,1.00000001,-31740547.0,0.0115163326263427,0,True,41,33,True,68,64,2025-11-16 06:59:16
ba_131072_1_6.txt,barabasi_albert_10ins_m20,45,SpecAnn-64,0.7370936756031579,1.00000001,-31856575.0,0.0114381313323974,0,True,41,33,True,69,64,2025-11-16 06:59:16
ba_131072_1_6.txt,barabasi_albert_10ins_m20,45,SpecAnn-64,0.7424157207132704,1.00000001,-31790677.0,0.0115172863006591,0,True,41,33,True,70,64,2025-11-16 06:59:16
ba_131072_1_6.txt,barabasi_albert_10ins_m20,45,SpecAnn-64,0.7476998850543153,1.00000001,-31790611.0,0.0114858150482177,0,True,41,33,True,71,64,2025-11-16 06:59:16
ba_131072_1_6.txt,barabasi_albert_10ins_m20,45,SpecAnn-64,0.7529469661657903,1.00000001,-31838735.0,0.01149582862854,0,True,41,33,True,72,64,2025-11-16 06:59:16
ba_131072_1_6.txt,barabasi_albert_10ins_m20,45,SpecAnn-64,0.7581577339883167,1.00000001,-31803067.000000004,0.0114974975585937,0,True,41,33,True,73,64,2025-11-16 06:59:16
ba_131072_1_6.txt,barabasi_albert_10ins_m20,45,SpecAnn-64,0.7633329321824984,1.00000001,-31836517.0,0.0117857456207275,0,True,41,33,True,74,64,2025-11-16 06:59:16
ba_131072_1_6.txt,barabasi_albert_10ins_m20,45,SpecAnn-64,0.7684732793678399,1.00000001,-31795181.0,0.0115184783935546,0,True,41,33,True,75,64,2025-11-16 06:59:16
ba_131072_1_6.txt,barabasi_albert_10ins_m20,45,SpecAnn-64,0.7735794702875677,1.00000001,-31770485.0,0.0115823745727539,0,True,41,33,True,76,64,2025-11-16 06:59:16
ba_131072_1_6.txt,barabasi_albert_10ins_m20,45,SpecAnn-64,0.7786521769046981,1.00000001,-31901229.0,0.011711835861206,0,True,41,33,True,77,64,2025-11-16 06:59:16
ba_131072_1_6.txt,barabasi_albert_10ins_m20,45,SpecAnn-64,0.7836920494342511,1.00000001,-31890137.0,0.011690616607666,0,True,41,33,True,78,64,2025-11-16 06:59:16
ba_131072_1_6.txt,barabasi_albert_10ins_m20,45,SpecAnn-64,0.788699717316095,1.00000001,-31902791.000000004,0.011601448059082,0,True,41,33,True,79,64,2025-11-16 06:59:16
ba_131072_1_6.txt,barabasi_albert_10ins_m20,45,SpecAnn-64,0.7936757901325451,1.00000001,-31890281.0,0.0114834308624267,0,True,41,33,True,80,64,2025-11-16 06:59:16
ba_131072_1_6.txt,barabasi_albert_10ins_m20,45,SpecAnn-64,0.7986208584745024,1.00000001,-31857799.000000004,0.0114879608154296,0,True,41,33,True,81,64,2025-11-16 06:59:16
ba_131072_1_6.txt,barabasi_albert_10ins_m20,45,SpecAnn-64,0.803535494759617,1.00000001,-31923347.0,0.0114827156066894,0,True,41,33,True,82,64,2025-11-16 06:59:16
ba_131072_1_6.txt,barabasi_albert_10ins_m20,45,SpecAnn-64,0.8084202540056837,1.00000001,-31892481.0,0.0115480422973632,0,True,41,33,True,83,64,2025-11-16 06:59:16
ba_131072_1_6.txt,barabasi_albert_10ins_m20,45,SpecAnn-64,0.8132756745622272,1.00000001,-31952003.0,0.0114886760711669,0,True,41,33,True,84,64,2025-11-16 06:59:16
ba_131072_1_6.txt,barabasi_albert_10ins_m20,45,SpecAnn-64,0.8181022788030096,1.00000001,-32004447.0,0.0115082263946533,0,True,41,33,True,85,64,2025-11-16 06:59:16
ba_131072_1_6.txt,barabasi_albert_10ins_m20,45,SpecAnn-64,0.822900573781978,1.00000001,-32027771.000000004,0.0115175247192382,0,True,41,33,True,86,64,2025-11-16 06:59:16
ba_131072_1_6.txt,barabasi_albert_10ins_m20,45,SpecAnn-64,0.8276710518549868,1.00000001,-32003741.0,0.0115778446197509,0,True,41,33,True,87,64,2025-11-16 06:59:16
ba_131072_1_6.txt,barabasi_albert_10ins_m20,45,SpecAnn-64,0.8324141912694495,1.00000001,-31962395.0,0.011521577835083,0,True,41,33,True,88,64,2025-11-16 06:59:16
ba_131072_1_6.txt,barabasi_albert_10ins_m20,45,SpecAnn-64,0.8371304567239225,1.00000001,-32039323.0,0.0115184783935546,0,True,41,33,True,89,64,2025-11-16 06:59:16
ba_131072_1_6.txt,barabasi_albert_10ins_m20,45,SpecAnn-64,0.8418202998994706,1.00000001,-32061587.0,0.0114870071411132,0,True,41,33,True,90,64,2025-11-16 06:59:16
ba_131072_1_6.txt,barabasi_albert_10ins_m20,45,SpecAnn-64,0.846484159964536,1.00000001,-32081331.0,0.0114789009094238,0,True,41,33,True,91,64,2025-11-16 06:59:16
ba_131072_1_6.txt,barabasi_albert_10ins_m20,45,SpecAnn-64,0.8511224640549078,1.00000001,-32080821.0,0.0114285945892333,0,True,41,33,True,92,64,2025-11-16 06:59:16
ba_131072_1_6.txt,barabasi_albert_10ins_m20,45,SpecAnn-64,0.8557356277302758,1.00000001,-32120703.0,0.0114703178405761,0,True,41,33,True,93,64,2025-11-16 06:59:16
ba_131072_1_6.txt,barabasi_albert_10ins_m20,45,SpecAnn-64,0.8603240554087516,1.00000001,-32215455.0,0.0114581584930419,0,True,41,33,True,94,64,2025-11-16 06:59:16
ba_131072_1_6.txt,barabasi_albert_10ins_m20,45,SpecAnn-64,0.86488814078064,1.00000001,-32192809.0,0.0114555358886718,0,True,41,33,True,95,64,2025-11-16 06:59:16
ba_131072_1_6.txt,barabasi_albert_10ins_m20,45,SpecAnn-64,0.8694282672026621,1.00000001,-32232523.0,0.0114824771881103,0,True,41,33,True,96,64,2025-11-16 06:59:16
ba_131072_1_6.txt,barabasi_albert_10ins_m20,45,SpecAnn-64,0.8739448080737451,1.00000001,-32252553.0,0.011458396911621,0,True,41,33,True,97,64,2025-11-16 06:59:16
ba_131072_1_6.txt,barabasi_albert_10ins_m20,45,SpecAnn-64,0.878438127193422,1.00000001,-32306577.0,0.011479377746582,0,True,41,33,True,98,64,2025-11-16 06:59:16
ba_131072_1_6.txt,barabasi_albert_10ins_m20,45,SpecAnn-64,0.8829085791038153,1.00000001,-32374339.0,0.0114233493804931,0,True,41,33,True,99,64,2025-11-16 06:59:16
ba_131072_1_6.txt,barabasi_albert_10ins_m20,45,SpecAnn-64,0.8873565094161138,1.00000001,-32336285.0,0.0115065574645996,0,True,41,33,True,100,64,2025-11-16 06:59:16
ba_131072_1_6.txt,barabasi_albert_10ins_m20,45,SpecAnn-64,0.8917822551223932,1.00000001,-32397079.0,0.0115132331848144,0,True,41,33,True,101,64,2025-11-16 06:59:16
ba_131072_1_6.txt,barabasi_albert_10ins_m20,45,SpecAnn-64,0.8961861448935777,1.00000001,-32411395.0,0.0114870071411132,0,True,41,33,True,102,64,2025-11-16 06:59:16
ba_131072_1_6.txt,barabasi_albert_10ins_m20,45,SpecAnn-64,0.9005684993642872,1.00000001,-32464571.0,0.0114569664001464,0,True,41,33,True,103,64,2025-11-16 06:59:16
ba_131072_1_6.txt,barabasi_albert_10ins_m20,45,SpecAnn-64,0.9049296314052688,1.00000001,-32483699.0,0.0114860534667968,0,True,41,33,True,104,64,2025-11-16 06:59:16
ba_131072_1_6.txt,barabasi_albert_10ins_m20,45,SpecAnn-64,0.9092698463840684,1.00000001,-32519633.0,0.0114908218383789,0,True,41,33,True,105,64,2025-11-16 06:59:16
ba_131072_1_6.txt,barabasi_albert_10ins_m20,45,SpecAnn-64,0.9135894424145556,1.00000001,-32630817.000000004,0.0115070343017578,0,True,41,33,True,106,64,2025-11-16 06:59:16
ba_131072_1_6.txt,barabasi_albert_10ins_m20,45,SpecAnn-64,0.9178887105958816,1.00000001,-32644799.000000004,0.0114436149597167,0,True,41,33,True,107,64,2025-11-16 06:59:16
ba_131072_1_6.txt,barabasi_albert_10ins_m20,45,SpecAnn-64,0.922167935241408,1.00000001,-32729097.0,0.0114877223968505,0,True,41,33,True,108,64,2025-11-16 06:59:16
ba_131072_1_6.txt,barabasi_albert_10ins_m20,45,SpecAnn-64,0.92642739409812,1.00000001,-32766265.0,0.0115859508514404,0,True,41,33,True,109,64,2025-11-16 06:59:16
ba_131072_1_6.txt,barabasi_albert_10ins_m20,45,SpecAnn-64,0.9306673585570006,1.00000001,-32817373.0,0.0218188762664794,0,True,41,65,True,110,64,2025-11-16 06:59:16
ba_131072_1_6.txt,barabasi_albert_10ins_m20,45,SpecAnn-64,0.9348880938548184,1.00000001,-32877203.0,0.0218677520751953,0,True,41,65,True,111,64,2025-11-16 06:59:16
ba_131072_1_6.txt,barabasi_albert_10ins_m20,45,SpecAnn-64,0.9390898592677528,1.00000001,-32929425.0,0.0218849182128906,0,True,41,65,True,112,64,2025-11-16 06:59:16
ba_131072_1_6.txt,barabasi_albert_10ins_m20,45,SpecAnn-64,0.9432729082972536,1.00000001,-32979361.0,0.0219316482543945,0,True,41,65,True,113,64,2025-11-16 06:59:16
ba_131072_1_6.txt,barabasi_albert_10ins_m20,45,SpecAnn-64,0.9474374888485204,1.00000001,-33048761.0,0.0325269699096679,0,True,41,97,True,114,64,2025-11-16 06:59:16
ba_131072_1_6.txt,barabasi_albert_10ins_m20,45,SpecAnn-64,0.9515838434019476,1.00000001,-33085907.0,0.0538156032562255,0,True,41,161,True,115,64,2025-11-16 06:59:16
ba_131072_1_6.txt,barabasi_albert_10ins_m20,45,SpecAnn-64,0.9557122091778746,1.00000001,-33104585.000000004,0.0854897499084472,0,True,41,257,True,116,64,2025-11-16 06:59:16
ba_131072_1_6.txt,barabasi_albert_10ins_m20,45,SpecAnn-64,0.9598228182949629,1.00000001,-33014543.0,0.1585087776184082,0,True,41,481,True,117,64,2025-11-16 06:59:16
ba_131072_1_6.txt,barabasi_albert_10ins_m20,45,SpecAnn-64,0.963915897922488,1.00000001,-32928511.0,0.2207357883453369,0,True,41,673,True,118,64,2025-11-16 06:59:17
ba_131072_1_6.txt,barabasi_albert_10ins_m20,45,SpecAnn-64,0.967991670426842,1.00000001,-32962035.000000004,0.1057436466217041,0,True,41,321,True,119,64,2025-11-16 06:59:17
ba_131072_1_6.txt,barabasi_albert_10ins_m20,45,SpecAnn-64,0.9720503535125016,1.00000001,-32882591.0,0.3356204032897949,0,True,41,1025,True,120,64,2025-11-16 06:59:17
ba_131072_1_6.txt,barabasi_albert_10ins_m20,45,SpecAnn-64,0.9760921603577252,1.00000001,-32872769.0,0.3389818668365478,0,True,41,1025,True,121,64,2025-11-16 06:59:17
ba_131072_1_6.txt,barabasi_albert_10ins_m20,45,SpecAnn-64,0.9801172997452104,1.00000001,-32898601.0,0.3376791477203369,0,True,41,1025,True,122,64,2025-11-16 06:59:18
ba_131072_1_6.txt,barabasi_albert_10ins_m20,45,SpecAnn-64,0.9841259761879442,1.00000001,-32845359.0,0.3359386920928955,0,True,41,1025,True,123,64,2025-11-16 06:59:18
ba_131072_1_6.txt,barabasi_albert_10ins_m20,45,SpecAnn-64,0.9881183900504562,1.00000001,-32786890.99999999,0.3372657299041748,0,True,41,1025,True,124,64,2025-11-16 06:59:18
ba_131072_1_6.txt,barabasi_albert_10ins_m20,45,SpecAnn-64,0.9920947376656812,1.00000001,-32802573.0,0.2843670845031738,0,True,41,865,True,125,64,2025-11-16 06:59:19
ba_131072_1_6.txt,barabasi_albert_10ins_m20,45,SpecAnn-64,0.9960552114476228,1.00000001,-32785855.0,0.2199530601501464,0,True,41,673,True,126,64,2025-11-16 06:59:19
ba_131072_1_6.txt,barabasi_albert_10ins_m20,45,SpecAnn-64,1.0,1.00000001,-32784159.0,0.1789054870605468,0,True,41,545,True,127,64,2025-11-16 06:59:19
ba_131072_1_6.txt,barabasi_albert_10ins_m20,46,SpecAnn-64,0.0,1.00000001,-31506357.0,0.0158162117004394,0,True,41,33,True,0,64,2025-11-16 06:59:20
ba_131072_1_6.txt,barabasi_albert_10ins_m20,46,SpecAnn-64,0.0887356509416113,1.00000001,-31562053.0,0.0116026401519775,0,True,41,33,True,1,64,2025-11-16 06:59:20
ba_131072_1_6.txt,barabasi_albert_10ins_m20,46,SpecAnn-64,0.1254911610276317,1.00000001,-31547375.0,0.0115630626678466,0,True,41,33,True,2,64,2025-11-16 06:59:20
ba_131072_1_6.txt,barabasi_albert_10ins_m20,46,SpecAnn-64,0.1536946558735679,1.00000001,-31533759.0,0.0114669799804687,0,True,41,33,True,3,64,2025-11-16 06:59:20
ba_131072_1_6.txt,barabasi_albert_10ins_m20,46,SpecAnn-64,0.1774713018832227,1.00000001,-31502035.000000004,0.0114696025848388,0,True,41,33,True,4,64,2025-11-16 06:59:20
ba_131072_1_6.txt,barabasi_albert_10ins_m20,46,SpecAnn-64,0.1984189475331362,1.00000001,-31611215.0,0.0115473270416259,0,True,41,33,True,5,64,2025-11-16 06:59:20
ba_131072_1_6.txt,barabasi_albert_10ins_m20,46,SpecAnn-64,0.2173570668006655,1.00000001,-31431645.0,0.0115916728973388,0,True,41,33,True,6,64,2025-11-16 06:59:20
ba_131072_1_6.txt,barabasi_albert_10ins_m20,46,SpecAnn-64,0.2347724648169381,1.00000001,-31592475.0,0.0116829872131347,0,True,41,33,True,7,64,2025-11-16 06:59:20
ba_131072_1_6.txt,barabasi_albert_10ins_m20,46,SpecAnn-64,0.2509823220552634,1.00000001,-31575227.000000004,0.0116393566131591,0,True,41,33,True,8,64,2025-11-16 06:59:20
ba_131072_1_6.txt,barabasi_albert_10ins_m20,46,SpecAnn-64,0.2662069528248341,1.00000001,-31545063.0,0.011613130569458,0,True,41,33,True,9,64,2025-11-16 06:59:20
ba_131072_1_6.txt,barabasi_albert_10ins_m20,46,SpecAnn-64,0.2806067666331568,1.00000001,-31538371.0,0.0115687847137451,0,True,41,33,True,10,64,2025-11-16 06:59:20
ba_131072_1_6.txt,barabasi_albert_10ins_m20,46,SpecAnn-64,0.2943028597012718,1.00000001,-31569709.0,0.0114955902099609,0,True,41,33,True,11,64,2025-11-16 06:59:20
ba_131072_1_6.txt,barabasi_albert_10ins_m20,46,SpecAnn-64,0.3073893117471359,1.00000001,-31519317.0,0.0114660263061523,0,True,41,33,True,12,64,2025-11-16 06:59:20
ba_131072_1_6.txt,barabasi_albert_10ins_m20,46,SpecAnn-64,0.3199409394316542,1.00000001,-31455787.0,0.0115156173706054,0,True,41,33,True,13,64,2025-11-16 06:59:20
ba_131072_1_6.txt,barabasi_albert_10ins_m20,46,SpecAnn-64,0.3320184038158743,1.00000001,-31514271.0,0.011458396911621,0,True,41,33,True,14,64,2025-11-16 06:59:20
ba_131072_1_6.txt,barabasi_albert_10ins_m20,46,SpecAnn-64,0.3436716983117353,1.00000001,-31468897.0,0.0114340782165527,0,True,41,33,True,15,64,2025-11-16 06:59:20
ba_131072_1_6.txt,barabasi_albert_10ins_m20,46,SpecAnn-64,0.3549426037664455,1.00000001,-31477823.0,0.0114815235137939,0,True,41,33,True,16,64,2025-11-16 06:59:20
ba_131072_1_6.txt,barabasi_albert_10ins_m20,46,SpecAnn-64,0.3658664615902029,1.00000001,-31573011.0,0.0116052627563476,0,True,41,33,True,17,64,2025-11-16 06:59:20
ba_131072_1_6.txt,barabasi_albert_10ins_m20,46,SpecAnn-64,0.3764734830828951,1.00000001,-31505977.0,0.0116591453552246,0,True,41,33,True,18,64,2025-11-16 06:59:20
ba_131072_1_6.txt,barabasi_albert_10ins_m20,46,SpecAnn-64,0.3867897351437838,1.00000001,-31535975.0,0.0116283893585205,0,True,41,33,True,19,64,2025-11-16 06:59:20
ba_131072_1_6.txt,barabasi_albert_10ins_m20,46,SpecAnn-64,0.3968378950662725,1.00000001,-31437987.000000004,0.0114564895629882,0,True,41,33,True,20,64,2025-11-16 06:59:20
ba_131072_1_6.txt,barabasi_albert_10ins_m20,46,SpecAnn-64,0.4066378372811136,1.00000001,-31532423.0,0.0114257335662841,0,True,41,33,True,21,64,2025-11-16 06:59:20
ba_131072_1_6.txt,barabasi_albert_10ins_m20,46,SpecAnn-64,0.4162070956347247,1.00000001,-31488487.0,0.0115058422088623,0,True,41,33,True,22,64,2025-11-16 06:59:20
ba_131072_1_6.txt,barabasi_albert_10ins_m20,46,SpecAnn-64,0.4255612320274539,1.00000001,-31574997.0,0.0114302635192871,0,True,41,33,True,23,64,2025-11-16 06:59:20
ba_131072_1_6.txt,barabasi_albert_10ins_m20,46,SpecAnn-64,0.434714133601331,1.00000001,-31518919.0,0.0114924907684326,0,True,41,33,True,24,64,2025-11-16 06:59:20
ba_131072_1_6.txt,barabasi_albert_10ins_m20,46,SpecAnn-64,0.4436782547080569,1.00000001,-31529657.000000004,0.0114896297454833,0,True,41,33,True,25,64,2025-11-16 06:59:20
ba_131072_1_6.txt,barabasi_albert_10ins_m20,46,SpecAnn-64,0.4524648157026343,1.00000001,-31577579.0,0.0114443302154541,0,True,41,33,True,26,64,2025-11-16 06:59:20
ba_131072_1_6.txt,barabasi_albert_10ins_m20,46,SpecAnn-64,0.4610839676207039,1.00000001,-31505357.0,0.011472463607788,0,True,41,33,True,27,64,2025-11-16 06:59:20
ba_131072_1_6.txt,barabasi_albert_10ins_m20,46,SpecAnn-64,0.4695449296338763,1.00000001,-31485913.000000004,0.0114350318908691,0,True,41,33,True,28,64,2025-11-16 06:59:20
ba_131072_1_6.txt,barabasi_albert_10ins_m20,46,SpecAnn-64,0.4778561045889373,1.00000001,-31487915.0,0.0114409923553466,0,True,41,33,True,29,64,2025-11-16 06:59:20
ba_131072_1_6.txt,barabasi_albert_10ins_m20,46,SpecAnn-64,0.4860251767562508,1.00000001,-31497895.000000004,0.0114912986755371,0,True,41,33,True,30,64,2025-11-16 06:59:20
ba_131072_1_6.txt,barabasi_albert_10ins_m20,46,SpecAnn-64,0.4940591950252281,1.00000001,-31584809.0,0.0116167068481445,0,True,41,33,True,31,64,2025-11-16 06:59:20
ba_131072_1_6.txt,barabasi_albert_10ins_m20,46,SpecAnn-64,0.5019646441105269,1.00000001,-31518583.0,0.0116331577301025,0,True,41,33,True,32,64,2025-11-16 06:59:20
ba_131072_1_6.txt,barabasi_albert_10ins_m20,46,SpecAnn-64,0.5097475058154177,1.00000001,-31559377.0,0.011735200881958,0,True,41,33,True,33,64,2025-11-16 06:59:20
ba_131072_1_6.txt,barabasi_albert_10ins_m20,46,SpecAnn-64,0.51741331199832,1.00000001,-31504781.0,0.0115885734558105,0,True,41,33,True,34,64,2025-11-16 06:59:20
ba_131072_1_6.txt,barabasi_albert_10ins_m20,46,SpecAnn-64,0.5249671905758515,1.00000001,-31642547.000000004,0.0114967823028564,0,True,41,33,True,35,64,2025-11-16 06:59:20
ba_131072_1_6.txt,barabasi_albert_10ins_m20,46,SpecAnn-64,0.5324139056496683,1.00000001,-31536571.0,0.011425495147705,0,True,41,33,True,36,64,2025-11-16 06:59:20
ba_131072_1_6.txt,barabasi_albert_10ins_m20,46,SpecAnn-64,0.5397578926492556,1.00000001,-31561579.0,0.0114538669586181,0,True,41,33,True,37,64,2025-11-16 06:59:20
ba_131072_1_6.txt,barabasi_albert_10ins_m20,46,SpecAnn-64,0.5470032892270364,1.00000001,-31543489.000000004,0.0114672183990478,0,True,41,33,True,38,64,2025-11-16 06:59:20
ba_131072_1_6.txt,barabasi_albert_10ins_m20,46,SpecAnn-64,0.554153962516942,1.00000001,-31551605.0,0.0114812850952148,0,True,41,33,True,39,64,2025-11-16 06:59:20
ba_131072_1_6.txt,barabasi_albert_10ins_m20,46,SpecAnn-64,0.5612135332663137,1.00000001,-31525247.0,0.011474609375,0,True,41,33,True,40,64,2025-11-16 06:59:20
ba_131072_1_6.txt,barabasi_albert_10ins_m20,46,SpecAnn-64,0.5681853972686127,1.00000001,-31529587.0,0.01149582862854,0,True,41,33,True,41,64,2025-11-16 06:59:21
ba_131072_1_6.txt,barabasi_albert_10ins_m20,46,SpecAnn-64,0.5750727444570146,1.00000001,-31508173.000000004,0.011458396911621,0,True,41,33,True,42,64,2025-11-16 06:59:21
ba_131072_1_6.txt,barabasi_albert_10ins_m20,46,SpecAnn-64,0.5818785759635375,1.00000001,-31623111.0,0.0114843845367431,0,True,41,33,True,43,64,2025-11-16 06:59:21
ba_131072_1_6.txt,barabasi_albert_10ins_m20,46,SpecAnn-64,0.5886057194025436,1.00000001,-31521965.0,0.0114517211914062,0,True,41,33,True,44,64,2025-11-16 06:59:21
ba_131072_1_6.txt,barabasi_albert_10ins_m20,46,SpecAnn-64,0.5952568425994088,1.00000001,-31540557.0,0.0114655494689941,0,True,41,33,True,45,64,2025-11-16 06:59:21
ba_131072_1_6.txt,barabasi_albert_10ins_m20,46,SpecAnn-64,0.6018344659534288,1.00000001,-31652581.0,0.0117347240447998,0,True,41,33,True,46,64,2025-11-16 06:59:21
ba_131072_1_6.txt,barabasi_albert_10ins_m20,46,SpecAnn-64,0.6083409735974393,1.00000001,-31600773.000000004,0.0114650726318359,0,True,41,33,True,47,64,2025-11-16 06:59:21
ba_131072_1_6.txt,barabasi_albert_10ins_m20,46,SpecAnn-64,0.6147786234942719,1.00000001,-31668837.000000004,0.0114872455596923,0,True,41,33,True,48,64,2025-11-16 06:59:21
ba_131072_1_6.txt,barabasi_albert_10ins_m20,46,SpecAnn-64,0.6211495565912796,1.00000001,-31638423.0,0.0114562511444091,0,True,41,33,True,49,64,2025-11-16 06:59:21
ba_131072_1_6.txt,barabasi_albert_10ins_m20,46,SpecAnn-64,0.6274558051381586,1.00000001,-31648553.0,0.0114595890045166,0,True,41,33,True,50,64,2025-11-16 06:59:21
ba_131072_1_6.txt,barabasi_albert_10ins_m20,46,SpecAnn-64,0.6336993002596786,1.00000001,-31665951.0,0.011462926864624,0,True,41,33,True,51,64,2025-11-16 06:59:21
ba_131072_1_6.txt,barabasi_albert_10ins_m20,46,SpecAnn-64,0.6398818788633085,1.00000001,-31570491.0,0.0114808082580566,0,True,41,33,True,52,64,2025-11-16 06:59:21
ba_131072_1_6.txt,barabasi_albert_10ins_m20,46,SpecAnn-64,0.6460052899517691,1.00000001,-31682485.0,0.0114915370941162,0,True,41,33,True,53,64,2025-11-16 06:59:21
ba_131072_1_6.txt,barabasi_albert_10ins_m20,46,SpecAnn-64,0.6520712004019966,1.00000001,-31668093.0,0.0116193294525146,0,True,41,33,True,54,64,2025-11-16 06:59:21
ba_131072_1_6.txt,barabasi_albert_10ins_m20,46,SpecAnn-64,0.6580812002646271,1.00000001,-31617959.000000007,0.0116841793060302,0,True,41,33,True,55,64,2025-11-16 06:59:21
ba_131072_1_6.txt,barabasi_albert_10ins_m20,46,SpecAnn-64,0.6640368076317485,1.00000001,-31684497.0,0.0117015838623046,0,True,41,33,True,56,64,2025-11-16 06:59:21
ba_131072_1_6.txt,barabasi_albert_10ins_m20,46,SpecAnn-64,0.6699394731151429,1.00000001,-31746249.0,0.0115432739257812,0,True,41,33,True,57,64,2025-11-16 06:59:21
ba_131072_1_6.txt,barabasi_albert_10ins_m20,46,SpecAnn-64,0.6757905839724513,1.00000001,-31740539.0,0.011476993560791,0,True,41,33,True,58,64,2025-11-16 06:59:21
ba_131072_1_6.txt,barabasi_albert_10ins_m20,46,SpecAnn-64,0.6815914679145113,1.00000001,-31692475.0,0.0115001201629638,0,True,41,33,True,59,64,2025-11-16 06:59:21
ba_131072_1_6.txt,barabasi_albert_10ins_m20,46,SpecAnn-64,0.6873433966234707,1.00000001,-31749045.0,0.0114738941192626,0,True,41,33,True,60,64,2025-11-16 06:59:21
ba_131072_1_6.txt,barabasi_albert_10ins_m20,46,SpecAnn-64,0.6930475890080863,1.00000001,-31697069.0,0.0114684104919433,0,True,41,33,True,61,64,2025-11-16 06:59:21
ba_131072_1_6.txt,barabasi_albert_10ins_m20,46,SpecAnn-64,0.6987052142198116,1.00000001,-31617953.0,0.0114486217498779,0,True,41,33,True,62,64,2025-11-16 06:59:21
ba_131072_1_6.txt,barabasi_albert_10ins_m20,46,SpecAnn-64,0.7043173944508145,1.00000001,-31683499.0,0.0115251541137695,0,True,41,33,True,63,64,2025-11-16 06:59:21
ba_131072_1_6.txt,barabasi_albert_10ins_m20,46,SpecAnn-64,0.709885207532891,1.00000001,-31723550.99999999,0.0114655494689941,0,True,41,33,True,64,64,2025-11-16 06:59:21
ba_131072_1_6.txt,barabasi_albert_10ins_m20,46,SpecAnn-64,0.7154096893543218,1.00000001,-31698245.000000004,0.0114791393280029,0,True,41,33,True,65,64,2025-11-16 06:59:21
ba_131072_1_6.txt,barabasi_albert_10ins_m20,46,SpecAnn-64,0.7208918361100219,1.00000001,-31705293.0,0.011542797088623,0,True,41,33,True,66,64,2025-11-16 06:59:21
ba_131072_1_6.txt,barabasi_albert_10ins_m20,46,SpecAnn-64,0.7263326063988248,1.00000001,-31755167.0,0.0114943981170654,0,True,41,33,True,67,64,2025-11-16 06:59:21
ba_131072_1_6.txt,barabasi_albert_10ins_m20,46,SpecAnn-64,0.7317329231804058,1.00000001,-31654777.0,0.0115041732788085,0,True,41,33,True,68,64,2025-11-16 06:59:21
ba_131072_1_6.txt,barabasi_albert_10ins_m20,46,SpecAnn-64,0.7370936756031579,1.00000001,-31794647.0,0.0114872455596923,0,True,41,33,True,69,64,2025-11-16 06:59:21
ba_131072_1_6.txt,barabasi_albert_10ins_m20,46,SpecAnn-64,0.7424157207132704,1.00000001,-31759865.0,0.0114493370056152,0,True,41,33,True,70,64,2025-11-16 06:59:21
ba_131072_1_6.txt,barabasi_albert_10ins_m20,46,SpecAnn-64,0.7476998850543153,1.00000001,-31761089.000000004,0.0114729404449462,0,True,41,33,True,71,64,2025-11-16 06:59:21
ba_131072_1_6.txt,barabasi_albert_10ins_m20,46,SpecAnn-64,0.7529469661657903,1.00000001,-31810187.0,0.0115053653717041,0,True,41,33,True,72,64,2025-11-16 06:59:21
ba_131072_1_6.txt,barabasi_albert_10ins_m20,46,SpecAnn-64,0.7581577339883167,1.00000001,-31821171.0,0.0114898681640625,0,True,41,33,True,73,64,2025-11-16 06:59:21
ba_131072_1_6.txt,barabasi_albert_10ins_m20,46,SpecAnn-64,0.7633329321824984,1.00000001,-31867749.0,0.0115621089935302,0,True,41,33,True,74,64,2025-11-16 06:59:21
ba_131072_1_6.txt,barabasi_albert_10ins_m20,46,SpecAnn-64,0.7684732793678399,1.00000001,-31871767.000000004,0.0114908218383789,0,True,41,33,True,75,64,2025-11-16 06:59:21
ba_131072_1_6.txt,barabasi_albert_10ins_m20,46,SpecAnn-64,0.7735794702875677,1.00000001,-31834887.000000004,0.011486530303955,0,True,41,33,True,76,64,2025-11-16 06:59:21
ba_131072_1_6.txt,barabasi_albert_10ins_m20,46,SpecAnn-64,0.7786521769046981,1.00000001,-31880173.000000004,0.011462926864624,0,True,41,33,True,77,64,2025-11-16 06:59:21
ba_131072_1_6.txt,barabasi_albert_10ins_m20,46,SpecAnn-64,0.7836920494342511,1.00000001,-31877007.0,0.011444091796875,0,True,41,33,True,78,64,2025-11-16 06:59:21
ba_131072_1_6.txt,barabasi_albert_10ins_m20,46,SpecAnn-64,0.788699717316095,1.00000001,-31925251.0,0.011488914489746,0,True,41,33,True,79,64,2025-11-16 06:59:21
ba_131072_1_6.txt,barabasi_albert_10ins_m20,46,SpecAnn-64,0.7936757901325451,1.00000001,-31935419.0,0.0114636421203613,0,True,41,33,True,80,64,2025-11-16 06:59:21
ba_131072_1_6.txt,barabasi_albert_10ins_m20,46,SpecAnn-64,0.7986208584745024,1.00000001,-31911691.0,0.0115106105804443,0,True,41,33,True,81,64,2025-11-16 06:59:21
ba_131072_1_6.txt,barabasi_albert_10ins_m20,46,SpecAnn-64,0.803535494759617,1.00000001,-31877803.0,0.0114994049072265,0,True,41,33,True,82,64,2025-11-16 06:59:21
ba_131072_1_6.txt,barabasi_albert_10ins_m20,46,SpecAnn-64,0.8084202540056837,1.00000001,-31881895.0,0.0115382671356201,0,True,41,33,True,83,64,2025-11-16 06:59:21
ba_131072_1_6.txt,barabasi_albert_10ins_m20,46,SpecAnn-64,0.8132756745622272,1.00000001,-31893253.0,0.0114912986755371,0,True,41,33,True,84,64,2025-11-16 06:59:21
ba_131072_1_6.txt,barabasi_albert_10ins_m20,46,SpecAnn-64,0.8181022788030096,1.00000001,-31915143.0,0.0115070343017578,0,True,41,33,True,85,64,2025-11-16 06:59:21
ba_131072_1_6.txt,barabasi_albert_10ins_m20,46,SpecAnn-64,0.822900573781978,1.00000001,-32010617.0,0.0115077495574951,0,True,41,33,True,86,64,2025-11-16 06:59:21
ba_131072_1_6.txt,barabasi_albert_10ins_m20,46,SpecAnn-64,0.8276710518549868,1.00000001,-32003269.0,0.0115799903869628,0,True,41,33,True,87,64,2025-11-16 06:59:21
ba_131072_1_6.txt,barabasi_albert_10ins_m20,46,SpecAnn-64,0.8324141912694495,1.00000001,-31978393.0,0.0115361213684082,0,True,41,33,True,88,64,2025-11-16 06:59:21
ba_131072_1_6.txt,barabasi_albert_10ins_m20,46,SpecAnn-64,0.8371304567239225,1.00000001,-31994819.0,0.0115497112274169,0,True,41,33,True,89,64,2025-11-16 06:59:21
ba_131072_1_6.txt,barabasi_albert_10ins_m20,46,SpecAnn-64,0.8418202998994706,1.00000001,-32035633.0,0.0134186744689941,0,True,41,33,True,90,64,2025-11-16 06:59:21
ba_131072_1_6.txt,barabasi_albert_10ins_m20,46,SpecAnn-64,0.846484159964536,1.00000001,-32123943.0,0.0115370750427246,0,True,41,33,True,91,64,2025-11-16 06:59:21
ba_131072_1_6.txt,barabasi_albert_10ins_m20,46,SpecAnn-64,0.8511224640549078,1.00000001,-32116081.0,0.0115542411804199,0,True,41,33,True,92,64,2025-11-16 06:59:21
ba_131072_1_6.txt,barabasi_albert_10ins_m20,46,SpecAnn-64,0.8557356277302758,1.00000001,-32121825.0,0.011730670928955,0,True,41,33,True,93,64,2025-11-16 06:59:21
ba_131072_1_6.txt,barabasi_albert_10ins_m20,46,SpecAnn-64,0.8603240554087516,1.00000001,-32126375.0,0.0117571353912353,0,True,41,33,True,94,64,2025-11-16 06:59:21
ba_131072_1_6.txt,barabasi_albert_10ins_m20,46,SpecAnn-64,0.86488814078064,1.00000001,-32180609.0,0.011730670928955,0,True,41,33,True,95,64,2025-11-16 06:59:21
ba_131072_1_6.txt,barabasi_albert_10ins_m20,46,SpecAnn-64,0.8694282672026621,1.00000001,-32173941.0,0.011582612991333,0,True,41,33,True,96,64,2025-11-16 06:59:21
ba_131072_1_6.txt,barabasi_albert_10ins_m20,46,SpecAnn-64,0.8739448080737451,1.00000001,-32218487.000000004,0.0115883350372314,0,True,41,33,True,97,64,2025-11-16 06:59:21
ba_131072_1_6.txt,barabasi_albert_10ins_m20,46,SpecAnn-64,0.878438127193422,1.00000001,-32251563.000000004,0.0114939212799072,0,True,41,33,True,98,64,2025-11-16 06:59:21
ba_131072_1_6.txt,barabasi_albert_10ins_m20,46,SpecAnn-64,0.8829085791038153,1.00000001,-32331343.0,0.0115962028503417,0,True,41,33,True,99,64,2025-11-16 06:59:21
ba_131072_1_6.txt,barabasi_albert_10ins_m20,46,SpecAnn-64,0.8873565094161138,1.00000001,-32289641.0,0.0115587711334228,0,True,41,33,True,100,64,2025-11-16 06:59:21
ba_131072_1_6.txt,barabasi_albert_10ins_m20,46,SpecAnn-64,0.8917822551223932,1.00000001,-32368683.0,0.0115580558776855,0,True,41,33,True,101,64,2025-11-16 06:59:21
ba_131072_1_6.txt,barabasi_albert_10ins_m20,46,SpecAnn-64,0.8961861448935777,1.00000001,-32481411.0,0.0115678310394287,0,True,41,33,True,102,64,2025-11-16 06:59:21
ba_131072_1_6.txt,barabasi_albert_10ins_m20,46,SpecAnn-64,0.9005684993642872,1.00000001,-32506127.0,0.0114586353302001,0,True,41,33,True,103,64,2025-11-16 06:59:21
ba_131072_1_6.txt,barabasi_albert_10ins_m20,46,SpecAnn-64,0.9049296314052688,1.00000001,-32511375.000000004,0.0114839076995849,0,True,41,33,True,104,64,2025-11-16 06:59:21
ba_131072_1_6.txt,barabasi_albert_10ins_m20,46,SpecAnn-64,0.9092698463840684,1.00000001,-32560559.000000004,0.0115067958831787,0,True,41,33,True,105,64,2025-11-16 06:59:21
ba_131072_1_6.txt,barabasi_albert_10ins_m20,46,SpecAnn-64,0.9135894424145556,1.00000001,-32588075.0,0.0114195346832275,0,True,41,33,True,106,64,2025-11-16 06:59:21
ba_131072_1_6.txt,barabasi_albert_10ins_m20,46,SpecAnn-64,0.9178887105958816,1.00000001,-32687931.0,0.0115683078765869,0,True,41,33,True,107,64,2025-11-16 06:59:21
ba_131072_1_6.txt,barabasi_albert_10ins_m20,46,SpecAnn-64,0.922167935241408,1.00000001,-32712005.0,0.0115203857421875,0,True,41,33,True,108,64,2025-11-16 06:59:21
ba_131072_1_6.txt,barabasi_albert_10ins_m20,46,SpecAnn-64,0.92642739409812,1.00000001,-32751839.000000004,0.0118014812469482,0,True,41,33,True,109,64,2025-11-16 06:59:21
ba_131072_1_6.txt,barabasi_albert_10ins_m20,46,SpecAnn-64,0.9306673585570006,1.00000001,-32825759.0,0.0220050811767578,0,True,41,65,True,110,64,2025-11-16 06:59:21
ba_131072_1_6.txt,barabasi_albert_10ins_m20,46,SpecAnn-64,0.9348880938548184,1.00000001,-32900801.0,0.0218441486358642,0,True,41,65,True,111,64,2025-11-16 06:59:21
ba_131072_1_6.txt,barabasi_albert_10ins_m20,46,SpecAnn-64,0.9390898592677528,1.00000001,-32871159.000000004,0.0218887329101562,0,True,41,65,True,112,64,2025-11-16 06:59:21
ba_131072_1_6.txt,barabasi_albert_10ins_m20,46,SpecAnn-64,0.9432729082972536,1.00000001,-33016943.0,0.0218536853790283,0,True,41,65,True,113,64,2025-11-16 06:59:21
ba_131072_1_6.txt,barabasi_albert_10ins_m20,46,SpecAnn-64,0.9474374888485204,1.00000001,-33061177.0,0.0327553749084472,0,True,41,97,True,114,64,2025-11-16 06:59:21
ba_131072_1_6.txt,barabasi_albert_10ins_m20,46,SpecAnn-64,0.9515838434019476,1.00000001,-33128733.0,0.053516149520874,0,True,41,161,True,115,64,2025-11-16 06:59:21
ba_131072_1_6.txt,barabasi_albert_10ins_m20,46,SpecAnn-64,0.9557122091778746,1.00000001,-33104295.0,0.0848333835601806,0,True,41,257,True,116,64,2025-11-16 06:59:22
ba_131072_1_6.txt,barabasi_albert_10ins_m20,46,SpecAnn-64,0.9598228182949629,1.00000001,-32999573.000000004,0.159367561340332,0,True,41,481,True,117,64,2025-11-16 06:59:22
ba_131072_1_6.txt,barabasi_albert_10ins_m20,46,SpecAnn-64,0.963915897922488,1.00000001,-32943275.000000004,0.2209997177124023,0,True,41,673,True,118,64,2025-11-16 06:59:22
ba_131072_1_6.txt,barabasi_albert_10ins_m20,46,SpecAnn-64,0.967991670426842,1.00000001,-32927465.0,0.1056597232818603,0,True,41,321,True,119,64,2025-11-16 06:59:22
ba_131072_1_6.txt,barabasi_albert_10ins_m20,46,SpecAnn-64,0.9720503535125016,1.00000001,-32944659.0,0.3381891250610351,0,True,41,1025,True,120,64,2025-11-16 06:59:22
ba_131072_1_6.txt,barabasi_albert_10ins_m20,46,SpecAnn-64,0.9760921603577252,1.00000001,-32887871.0,0.3382337093353271,0,True,41,1025,True,121,64,2025-11-16 06:59:23
ba_131072_1_6.txt,barabasi_albert_10ins_m20,46,SpecAnn-64,0.9801172997452104,1.00000001,-32871179.0,0.3386778831481933,0,True,41,1025,True,122,64,2025-11-16 06:59:23
ba_131072_1_6.txt,barabasi_albert_10ins_m20,46,SpecAnn-64,0.9841259761879442,1.00000001,-32843287.0,0.3382024765014648,0,True,41,1025,True,123,64,2025-11-16 06:59:23
ba_131072_1_6.txt,barabasi_albert_10ins_m20,46,SpecAnn-64,0.9881183900504562,1.00000001,-32822637.0,0.338665246963501,0,True,41,1025,True,124,64,2025-11-16 06:59:24
ba_131072_1_6.txt,barabasi_albert_10ins_m20,46,SpecAnn-64,0.9920947376656812,1.00000001,-32842385.0,0.2843086719512939,0,True,41,865,True,125,64,2025-11-16 06:59:24
ba_131072_1_6.txt,barabasi_albert_10ins_m20,46,SpecAnn-64,0.9960552114476228,1.00000001,-32793215.0,0.2229087352752685,0,True,41,673,True,126,64,2025-11-16 06:59:24
ba_131072_1_6.txt,barabasi_albert_10ins_m20,46,SpecAnn-64,1.0,1.00000001,-32864877.0,0.1806817054748535,0,True,41,545,True,127,64,2025-11-16 06:59:24
ba_131072_1_6.txt,barabasi_albert_10ins_m20,47,SpecAnn-64,0.0,1.00000001,-31519915.000000004,0.0160021781921386,0,True,34,33,True,0,64,2025-11-16 06:59:25
ba_131072_1_6.txt,barabasi_albert_10ins_m20,47,SpecAnn-64,0.0887356509416113,1.00000001,-31545329.0,0.0115864276885986,0,True,34,33,True,1,64,2025-11-16 06:59:25
ba_131072_1_6.txt,barabasi_albert_10ins_m20,47,SpecAnn-64,0.1254911610276317,1.00000001,-31561513.0,0.0114755630493164,0,True,34,33,True,2,64,2025-11-16 06:59:25
ba_131072_1_6.txt,barabasi_albert_10ins_m20,47,SpecAnn-64,0.1536946558735679,1.00000001,-31488051.0,0.0115938186645507,0,True,34,33,True,3,64,2025-11-16 06:59:25
ba_131072_1_6.txt,barabasi_albert_10ins_m20,47,SpecAnn-64,0.1774713018832227,1.00000001,-31546883.0,0.0115702152252197,0,True,34,33,True,4,64,2025-11-16 06:59:25
ba_131072_1_6.txt,barabasi_albert_10ins_m20,47,SpecAnn-64,0.1984189475331362,1.00000001,-31576471.000000004,0.0115070343017578,0,True,34,33,True,5,64,2025-11-16 06:59:25
ba_131072_1_6.txt,barabasi_albert_10ins_m20,47,SpecAnn-64,0.2173570668006655,1.00000001,-31544619.0,0.0115354061126708,0,True,34,33,True,6,64,2025-11-16 06:59:25
ba_131072_1_6.txt,barabasi_albert_10ins_m20,47,SpecAnn-64,0.2347724648169381,1.00000001,-31492847.000000004,0.0115718841552734,0,True,34,33,True,7,64,2025-11-16 06:59:25
ba_131072_1_6.txt,barabasi_albert_10ins_m20,47,SpecAnn-64,0.2509823220552634,1.00000001,-31479673.0,0.0117325782775878,0,True,34,33,True,8,64,2025-11-16 06:59:25
ba_131072_1_6.txt,barabasi_albert_10ins_m20,47,SpecAnn-64,0.2662069528248341,1.00000001,-31550701.0,0.0117242336273193,0,True,34,33,True,9,64,2025-11-16 06:59:25
ba_131072_1_6.txt,barabasi_albert_10ins_m20,47,SpecAnn-64,0.2806067666331568,1.00000001,-31598323.0,0.0116441249847412,0,True,34,33,True,10,64,2025-11-16 06:59:25
ba_131072_1_6.txt,barabasi_albert_10ins_m20,47,SpecAnn-64,0.2943028597012718,1.00000001,-31491725.000000004,0.0115165710449218,0,True,34,33,True,11,64,2025-11-16 06:59:25
ba_131072_1_6.txt,barabasi_albert_10ins_m20,47,SpecAnn-64,0.3073893117471359,1.00000001,-31569727.000000004,0.0115509033203125,0,True,34,33,True,12,64,2025-11-16 06:59:26
ba_131072_1_6.txt,barabasi_albert_10ins_m20,47,SpecAnn-64,0.3199409394316542,1.00000001,-31562077.000000004,0.0115184783935546,0,True,34,33,True,13,64,2025-11-16 06:59:26
ba_131072_1_6.txt,barabasi_albert_10ins_m20,47,SpecAnn-64,0.3320184038158743,1.00000001,-31574017.0,0.0114903450012207,0,True,34,33,True,14,64,2025-11-16 06:59:26
ba_131072_1_6.txt,barabasi_albert_10ins_m20,47,SpecAnn-64,0.3436716983117353,1.00000001,-31476833.0,0.0114924907684326,0,True,34,33,True,15,64,2025-11-16 06:59:26
ba_131072_1_6.txt,barabasi_albert_10ins_m20,47,SpecAnn-64,0.3549426037664455,1.00000001,-31567353.0,0.0114758014678955,0,True,34,33,True,16,64,2025-11-16 06:59:26
ba_131072_1_6.txt,barabasi_albert_10ins_m20,47,SpecAnn-64,0.3658664615902029,1.00000001,-31544171.0,0.0117859840393066,0,True,34,33,True,17,64,2025-11-16 06:59:26
ba_131072_1_6.txt,barabasi_albert_10ins_m20,47,SpecAnn-64,0.3764734830828951,1.00000001,-31545257.0,0.0114696025848388,0,True,34,33,True,18,64,2025-11-16 06:59:26
ba_131072_1_6.txt,barabasi_albert_10ins_m20,47,SpecAnn-64,0.3867897351437838,1.00000001,-31522747.0,0.0114905834197998,0,True,34,33,True,19,64,2025-11-16 06:59:26
ba_131072_1_6.txt,barabasi_albert_10ins_m20,47,SpecAnn-64,0.3968378950662725,1.00000001,-31493521.000000004,0.0114810466766357,0,True,34,33,True,20,64,2025-11-16 06:59:26
ba_131072_1_6.txt,barabasi_albert_10ins_m20,47,SpecAnn-64,0.4066378372811136,1.00000001,-31507129.0,0.0114850997924804,0,True,34,33,True,21,64,2025-11-16 06:59:26
ba_131072_1_6.txt,barabasi_albert_10ins_m20,47,SpecAnn-64,0.4162070956347247,1.00000001,-31604707.0,0.0114285945892333,0,True,34,33,True,22,64,2025-11-16 06:59:26
ba_131072_1_6.txt,barabasi_albert_10ins_m20,47,SpecAnn-64,0.4255612320274539,1.00000001,-31486961.0,0.0115509033203125,0,True,34,33,True,23,64,2025-11-16 06:59:26
ba_131072_1_6.txt,barabasi_albert_10ins_m20,47,SpecAnn-64,0.434714133601331,1.00000001,-31618693.000000004,0.0114977359771728,0,True,34,33,True,24,64,2025-11-16 06:59:26
ba_131072_1_6.txt,barabasi_albert_10ins_m20,47,SpecAnn-64,0.4436782547080569,1.00000001,-31530183.0,0.011458396911621,0,True,34,33,True,25,64,2025-11-16 06:59:26
ba_131072_1_6.txt,barabasi_albert_10ins_m20,47,SpecAnn-64,0.4524648157026343,1.00000001,-31577027.0,0.0114734172821044,0,True,34,33,True,26,64,2025-11-16 06:59:26
ba_131072_1_6.txt,barabasi_albert_10ins_m20,47,SpecAnn-64,0.4610839676207039,1.00000001,-31517165.0,0.0114412307739257,0,True,34,33,True,27,64,2025-11-16 06:59:26
ba_131072_1_6.txt,barabasi_albert_10ins_m20,47,SpecAnn-64,0.4695449296338763,1.00000001,-31545637.0,0.011622667312622,0,True,34,33,True,28,64,2025-11-16 06:59:26
ba_131072_1_6.txt,barabasi_albert_10ins_m20,47,SpecAnn-64,0.4778561045889373,1.00000001,-31534597.0,0.0114867687225341,0,True,34,33,True,29,64,2025-11-16 06:59:26
ba_131072_1_6.txt,barabasi_albert_10ins_m20,47,SpecAnn-64,0.4860251767562508,1.00000001,-31627869.000000004,0.0116827487945556,0,True,34,33,True,30,64,2025-11-16 06:59:26
ba_131072_1_6.txt,barabasi_albert_10ins_m20,47,SpecAnn-64,0.4940591950252281,1.00000001,-31602759.0,0.0117058753967285,0,True,34,33,True,31,64,2025-11-16 06:59:26
ba_131072_1_6.txt,barabasi_albert_10ins_m20,47,SpecAnn-64,0.5019646441105269,1.00000001,-31603965.0,0.0116515159606933,0,True,34,33,True,32,64,2025-11-16 06:59:26
ba_131072_1_6.txt,barabasi_albert_10ins_m20,47,SpecAnn-64,0.5097475058154177,1.00000001,-31554973.0,0.0114765167236328,0,True,34,33,True,33,64,2025-11-16 06:59:26
ba_131072_1_6.txt,barabasi_albert_10ins_m20,47,SpecAnn-64,0.51741331199832,1.00000001,-31546033.0,0.0114820003509521,0,True,34,33,True,34,64,2025-11-16 06:59:26
ba_131072_1_6.txt,barabasi_albert_10ins_m20,47,SpecAnn-64,0.5249671905758515,1.00000001,-31581559.000000004,0.0114483833312988,0,True,34,33,True,35,64,2025-11-16 06:59:26
ba_131072_1_6.txt,barabasi_albert_10ins_m20,47,SpecAnn-64,0.5324139056496683,1.00000001,-31627855.0,0.0114316940307617,0,True,34,33,True,36,64,2025-11-16 06:59:26
ba_131072_1_6.txt,barabasi_albert_10ins_m20,47,SpecAnn-64,0.5397578926492556,1.00000001,-31572797.0,0.0114850997924804,0,True,34,33,True,37,64,2025-11-16 06:59:26
ba_131072_1_6.txt,barabasi_albert_10ins_m20,47,SpecAnn-64,0.5470032892270364,1.00000001,-31615083.0,0.0115070343017578,0,True,34,33,True,38,64,2025-11-16 06:59:26
ba_131072_1_6.txt,barabasi_albert_10ins_m20,47,SpecAnn-64,0.554153962516942,1.00000001,-31614564.99999999,0.0115020275115966,0,True,34,33,True,39,64,2025-11-16 06:59:26
ba_131072_1_6.txt,barabasi_albert_10ins_m20,47,SpecAnn-64,0.5612135332663137,1.00000001,-31664369.0,0.0114686489105224,0,True,34,33,True,40,64,2025-11-16 06:59:26
ba_131072_1_6.txt,barabasi_albert_10ins_m20,47,SpecAnn-64,0.5681853972686127,1.00000001,-31615685.0,0.0114619731903076,0,True,34,33,True,41,64,2025-11-16 06:59:26
ba_131072_1_6.txt,barabasi_albert_10ins_m20,47,SpecAnn-64,0.5750727444570146,1.00000001,-31558729.0,0.011441946029663,0,True,34,33,True,42,64,2025-11-16 06:59:26
ba_131072_1_6.txt,barabasi_albert_10ins_m20,47,SpecAnn-64,0.5818785759635375,1.00000001,-31601541.0,0.0114538669586181,0,True,34,33,True,43,64,2025-11-16 06:59:26
ba_131072_1_6.txt,barabasi_albert_10ins_m20,47,SpecAnn-64,0.5886057194025436,1.00000001,-31621171.0,0.0114545822143554,0,True,34,33,True,44,64,2025-11-16 06:59:26
ba_131072_1_6.txt,barabasi_albert_10ins_m20,47,SpecAnn-64,0.5952568425994088,1.00000001,-31716821.000000004,0.0114831924438476,0,True,34,33,True,45,64,2025-11-16 06:59:26
ba_131072_1_6.txt,barabasi_albert_10ins_m20,47,SpecAnn-64,0.6018344659534288,1.00000001,-31626295.000000004,0.0114836692810058,0,True,34,33,True,46,64,2025-11-16 06:59:26
ba_131072_1_6.txt,barabasi_albert_10ins_m20,47,SpecAnn-64,0.6083409735974393,1.00000001,-31639539.0,0.0114858150482177,0,True,34,33,True,47,64,2025-11-16 06:59:26
ba_131072_1_6.txt,barabasi_albert_10ins_m20,47,SpecAnn-64,0.6147786234942719,1.00000001,-31717701.0,0.0114929676055908,0,True,34,33,True,48,64,2025-11-16 06:59:26
ba_131072_1_6.txt,barabasi_albert_10ins_m20,47,SpecAnn-64,0.6211495565912796,1.00000001,-31618687.0,0.0114591121673583,0,True,34,33,True,49,64,2025-11-16 06:59:26
ba_131072_1_6.txt,barabasi_albert_10ins_m20,47,SpecAnn-64,0.6274558051381586,1.00000001,-31651227.0,0.0114436149597167,0,True,34,33,True,50,64,2025-11-16 06:59:26
ba_131072_1_6.txt,barabasi_albert_10ins_m20,47,SpecAnn-64,0.6336993002596786,1.00000001,-31625719.000000004,0.011514663696289,0,True,34,33,True,51,64,2025-11-16 06:59:26
ba_131072_1_6.txt,barabasi_albert_10ins_m20,47,SpecAnn-64,0.6398818788633085,1.00000001,-31640673.000000004,0.0114774703979492,0,True,34,33,True,52,64,2025-11-16 06:59:26
ba_131072_1_6.txt,barabasi_albert_10ins_m20,47,SpecAnn-64,0.6460052899517691,1.00000001,-31693321.0,0.0114948749542236,0,True,34,33,True,53,64,2025-11-16 06:59:26
ba_131072_1_6.txt,barabasi_albert_10ins_m20,47,SpecAnn-64,0.6520712004019966,1.00000001,-31636425.000000004,0.0114965438842773,0,True,34,33,True,54,64,2025-11-16 06:59:26
ba_131072_1_6.txt,barabasi_albert_10ins_m20,47,SpecAnn-64,0.6580812002646271,1.00000001,-31643959.0,0.0115251541137695,0,True,34,33,True,55,64,2025-11-16 06:59:26
ba_131072_1_6.txt,barabasi_albert_10ins_m20,47,SpecAnn-64,0.6640368076317485,1.00000001,-31714123.000000004,0.0114665031433105,0,True,34,33,True,56,64,2025-11-16 06:59:26
ba_131072_1_6.txt,barabasi_albert_10ins_m20,47,SpecAnn-64,0.6699394731151429,1.00000001,-31666925.0,0.0114872455596923,0,True,34,33,True,57,64,2025-11-16 06:59:26
ba_131072_1_6.txt,barabasi_albert_10ins_m20,47,SpecAnn-64,0.6757905839724513,1.00000001,-31710915.0,0.0114936828613281,0,True,34,33,True,58,64,2025-11-16 06:59:26
ba_131072_1_6.txt,barabasi_albert_10ins_m20,47,SpecAnn-64,0.6815914679145113,1.00000001,-31681125.0,0.0114390850067138,0,True,34,33,True,59,64,2025-11-16 06:59:26
ba_131072_1_6.txt,barabasi_albert_10ins_m20,47,SpecAnn-64,0.6873433966234707,1.00000001,-31719509.0,0.0115077495574951,0,True,34,33,True,60,64,2025-11-16 06:59:26
ba_131072_1_6.txt,barabasi_albert_10ins_m20,47,SpecAnn-64,0.6930475890080863,1.00000001,-31675783.0,0.0114574432373046,0,True,34,33,True,61,64,2025-11-16 06:59:26
ba_131072_1_6.txt,barabasi_albert_10ins_m20,47,SpecAnn-64,0.6987052142198116,1.00000001,-31729315.0,0.0115060806274414,0,True,34,33,True,62,64,2025-11-16 06:59:26
ba_131072_1_6.txt,barabasi_albert_10ins_m20,47,SpecAnn-64,0.7043173944508145,1.00000001,-31634055.0,0.0116863250732421,0,True,34,33,True,63,64,2025-11-16 06:59:26
ba_131072_1_6.txt,barabasi_albert_10ins_m20,47,SpecAnn-64,0.709885207532891,1.00000001,-31753863.0,0.0116589069366455,0,True,34,33,True,64,64,2025-11-16 06:59:26
ba_131072_1_6.txt,barabasi_albert_10ins_m20,47,SpecAnn-64,0.7154096893543218,1.00000001,-31695333.0,0.0117456912994384,0,True,34,33,True,65,64,2025-11-16 06:59:26
ba_131072_1_6.txt,barabasi_albert_10ins_m20,47,SpecAnn-64,0.7208918361100219,1.00000001,-31763459.0,0.0117125511169433,0,True,34,33,True,66,64,2025-11-16 06:59:26
ba_131072_1_6.txt,barabasi_albert_10ins_m20,47,SpecAnn-64,0.7263326063988248,1.00000001,-31698381.0,0.0116066932678222,0,True,34,33,True,67,64,2025-11-16 06:59:26
ba_131072_1_6.txt,barabasi_albert_10ins_m20,47,SpecAnn-64,0.7317329231804058,1.00000001,-31773521.0,0.0115189552307128,0,True,34,33,True,68,64,2025-11-16 06:59:26
ba_131072_1_6.txt,barabasi_albert_10ins_m20,47,SpecAnn-64,0.7370936756031579,1.00000001,-31727643.0,0.0116775035858154,0,True,34,33,True,69,64,2025-11-16 06:59:26
ba_131072_1_6.txt,barabasi_albert_10ins_m20,47,SpecAnn-64,0.7424157207132704,1.00000001,-31795749.0,0.0116832256317138,0,True,34,33,True,70,64,2025-11-16 06:59:26
ba_131072_1_6.txt,barabasi_albert_10ins_m20,47,SpecAnn-64,0.7476998850543153,1.00000001,-31813875.0,0.0116784572601318,0,True,34,33,True,71,64,2025-11-16 06:59:26
ba_131072_1_6.txt,barabasi_albert_10ins_m20,47,SpecAnn-64,0.7529469661657903,1.00000001,-31720883.0,0.0116910934448242,0,True,34,33,True,72,64,2025-11-16 06:59:26
ba_131072_1_6.txt,barabasi_albert_10ins_m20,47,SpecAnn-64,0.7581577339883167,1.00000001,-31813305.000000004,0.0115635395050048,0,True,34,33,True,73,64,2025-11-16 06:59:26
ba_131072_1_6.txt,barabasi_albert_10ins_m20,47,SpecAnn-64,0.7633329321824984,1.00000001,-31857315.000000004,0.0115008354187011,0,True,34,33,True,74,64,2025-11-16 06:59:26
ba_131072_1_6.txt,barabasi_albert_10ins_m20,47,SpecAnn-64,0.7684732793678399,1.00000001,-31892827.0,0.0114986896514892,0,True,34,33,True,75,64,2025-11-16 06:59:26
ba_131072_1_6.txt,barabasi_albert_10ins_m20,47,SpecAnn-64,0.7735794702875677,1.00000001,-31900187.0,0.0114400386810302,0,True,34,33,True,76,64,2025-11-16 06:59:26
ba_131072_1_6.txt,barabasi_albert_10ins_m20,47,SpecAnn-64,0.7786521769046981,1.00000001,-31878233.0,0.0115561485290527,0,True,34,33,True,77,64,2025-11-16 06:59:26
ba_131072_1_6.txt,barabasi_albert_10ins_m20,47,SpecAnn-64,0.7836920494342511,1.00000001,-31943959.0,0.0116560459136962,0,True,34,33,True,78,64,2025-11-16 06:59:26
ba_131072_1_6.txt,barabasi_albert_10ins_m20,47,SpecAnn-64,0.788699717316095,1.00000001,-31960481.0,0.0116791725158691,0,True,34,33,True,79,64,2025-11-16 06:59:26
ba_131072_1_6.txt,barabasi_albert_10ins_m20,47,SpecAnn-64,0.7936757901325451,1.00000001,-31979443.0,0.0116786956787109,0,True,34,33,True,80,64,2025-11-16 06:59:26
ba_131072_1_6.txt,barabasi_albert_10ins_m20,47,SpecAnn-64,0.7986208584745024,1.00000001,-31908365.0,0.011648416519165,0,True,34,33,True,81,64,2025-11-16 06:59:26
ba_131072_1_6.txt,barabasi_albert_10ins_m20,47,SpecAnn-64,0.803535494759617,1.00000001,-31839079.000000004,0.0114915370941162,0,True,34,33,True,82,64,2025-11-16 06:59:26
ba_131072_1_6.txt,barabasi_albert_10ins_m20,47,SpecAnn-64,0.8084202540056837,1.00000001,-31887343.000000004,0.0114924907684326,0,True,34,33,True,83,64,2025-11-16 06:59:26
ba_131072_1_6.txt,barabasi_albert_10ins_m20,47,SpecAnn-64,0.8132756745622272,1.00000001,-31945209.0,0.0115537643432617,0,True,34,33,True,84,64,2025-11-16 06:59:26
ba_131072_1_6.txt,barabasi_albert_10ins_m20,47,SpecAnn-64,0.8181022788030096,1.00000001,-31985475.0,0.0114774703979492,0,True,34,33,True,85,64,2025-11-16 06:59:26
ba_131072_1_6.txt,barabasi_albert_10ins_m20,47,SpecAnn-64,0.822900573781978,1.00000001,-31944313.0,0.0117096900939941,0,True,34,33,True,86,64,2025-11-16 06:59:26
ba_131072_1_6.txt,barabasi_albert_10ins_m20,47,SpecAnn-64,0.8276710518549868,1.00000001,-32020117.0,0.0117309093475341,0,True,34,33,True,87,64,2025-11-16 06:59:26
ba_131072_1_6.txt,barabasi_albert_10ins_m20,47,SpecAnn-64,0.8324141912694495,1.00000001,-32044433.0,0.0117750167846679,0,True,34,33,True,88,64,2025-11-16 06:59:26
ba_131072_1_6.txt,barabasi_albert_10ins_m20,47,SpecAnn-64,0.8371304567239225,1.00000001,-32009907.0,0.0117831230163574,0,True,34,33,True,89,64,2025-11-16 06:59:26
ba_131072_1_6.txt,barabasi_albert_10ins_m20,47,SpecAnn-64,0.8418202998994706,1.00000001,-32007547.0,0.0116674900054931,0,True,34,33,True,90,64,2025-11-16 06:59:26
ba_131072_1_6.txt,barabasi_albert_10ins_m20,47,SpecAnn-64,0.846484159964536,1.00000001,-32145557.0,0.0115501880645751,0,True,34,33,True,91,64,2025-11-16 06:59:26
ba_131072_1_6.txt,barabasi_albert_10ins_m20,47,SpecAnn-64,0.8511224640549078,1.00000001,-32164893.0,0.0115218162536621,0,True,34,33,True,92,64,2025-11-16 06:59:26
ba_131072_1_6.txt,barabasi_albert_10ins_m20,47,SpecAnn-64,0.8557356277302758,1.00000001,-32169501.0,0.0114734172821044,0,True,34,33,True,93,64,2025-11-16 06:59:26
ba_131072_1_6.txt,barabasi_albert_10ins_m20,47,SpecAnn-64,0.8603240554087516,1.00000001,-32181039.000000007,0.0115699768066406,0,True,34,33,True,94,64,2025-11-16 06:59:26
ba_131072_1_6.txt,barabasi_albert_10ins_m20,47,SpecAnn-64,0.86488814078064,1.00000001,-32206703.0,0.0117020606994628,0,True,34,33,True,95,64,2025-11-16 06:59:26
ba_131072_1_6.txt,barabasi_albert_10ins_m20,47,SpecAnn-64,0.8694282672026621,1.00000001,-32230131.0,0.0117101669311523,0,True,34,33,True,96,64,2025-11-16 06:59:26
ba_131072_1_6.txt,barabasi_albert_10ins_m20,47,SpecAnn-64,0.8739448080737451,1.00000001,-32246407.000000004,0.0117168426513671,0,True,34,33,True,97,64,2025-11-16 06:59:26
ba_131072_1_6.txt,barabasi_albert_10ins_m20,47,SpecAnn-64,0.878438127193422,1.00000001,-32283713.000000004,0.0117583274841308,0,True,34,33,True,98,64,2025-11-16 06:59:26
ba_131072_1_6.txt,barabasi_albert_10ins_m20,47,SpecAnn-64,0.8829085791038153,1.00000001,-32295005.0,0.0117359161376953,0,True,34,33,True,99,64,2025-11-16 06:59:27
ba_131072_1_6.txt,barabasi_albert_10ins_m20,47,SpecAnn-64,0.8873565094161138,1.00000001,-32297293.0,0.0116407871246337,0,True,34,33,True,100,64,2025-11-16 06:59:27
ba_131072_1_6.txt,barabasi_albert_10ins_m20,47,SpecAnn-64,0.8917822551223932,1.00000001,-32414951.000000004,0.0116164684295654,0,True,34,33,True,101,64,2025-11-16 06:59:27
ba_131072_1_6.txt,barabasi_albert_10ins_m20,47,SpecAnn-64,0.8961861448935777,1.00000001,-32443791.0,0.0115349292755126,0,True,34,33,True,102,64,2025-11-16 06:59:27
ba_131072_1_6.txt,barabasi_albert_10ins_m20,47,SpecAnn-64,0.9005684993642872,1.00000001,-32434007.0,0.0114850997924804,0,True,34,33,True,103,64,2025-11-16 06:59:27
ba_131072_1_6.txt,barabasi_albert_10ins_m20,47,SpecAnn-64,0.9049296314052688,1.00000001,-32485983.0,0.0115301609039306,0,True,34,33,True,104,64,2025-11-16 06:59:27
ba_131072_1_6.txt,barabasi_albert_10ins_m20,47,SpecAnn-64,0.9092698463840684,1.00000001,-32468369.0,0.0115528106689453,0,True,34,33,True,105,64,2025-11-16 06:59:27
ba_131072_1_6.txt,barabasi_albert_10ins_m20,47,SpecAnn-64,0.9135894424145556,1.00000001,-32573911.0,0.0120046138763427,0,True,34,33,True,106,64,2025-11-16 06:59:27
ba_131072_1_6.txt,barabasi_albert_10ins_m20,47,SpecAnn-64,0.9178887105958816,1.00000001,-32675689.0,0.0118305683135986,0,True,34,33,True,107,64,2025-11-16 06:59:27
ba_131072_1_6.txt,barabasi_albert_10ins_m20,47,SpecAnn-64,0.922167935241408,1.00000001,-32701017.0,0.0115077495574951,0,True,34,33,True,108,64,2025-11-16 06:59:27
ba_131072_1_6.txt,barabasi_albert_10ins_m20,47,SpecAnn-64,0.92642739409812,1.00000001,-32785905.0,0.011608600616455,0,True,34,33,True,109,64,2025-11-16 06:59:27
ba_131072_1_6.txt,barabasi_albert_10ins_m20,47,SpecAnn-64,0.9306673585570006,1.00000001,-32793597.0,0.0219748020172119,0,True,34,65,True,110,64,2025-11-16 06:59:27
ba_131072_1_6.txt,barabasi_albert_10ins_m20,47,SpecAnn-64,0.9348880938548184,1.00000001,-32872127.0,0.021867036819458,0,True,34,65,True,111,64,2025-11-16 06:59:27
ba_131072_1_6.txt,barabasi_albert_10ins_m20,47,SpecAnn-64,0.9390898592677528,1.00000001,-32902321.000000007,0.0219502449035644,0,True,34,65,True,112,64,2025-11-16 06:59:27
ba_131072_1_6.txt,barabasi_albert_10ins_m20,47,SpecAnn-64,0.9432729082972536,1.00000001,-33016755.0,0.0221033096313476,0,True,34,65,True,113,64,2025-11-16 06:59:27
ba_131072_1_6.txt,barabasi_albert_10ins_m20,47,SpecAnn-64,0.9474374888485204,1.00000001,-33024267.0,0.0329062938690185,0,True,34,97,True,114,64,2025-11-16 06:59:27
ba_131072_1_6.txt,barabasi_albert_10ins_m20,47,SpecAnn-64,0.9515838434019476,1.00000001,-33105461.0,0.0533878803253173,0,True,34,161,True,115,64,2025-11-16 06:59:27
ba_131072_1_6.txt,barabasi_albert_10ins_m20,47,SpecAnn-64,0.9557122091778746,1.00000001,-33074493.0,0.0847573280334472,0,True,34,257,True,116,64,2025-11-16 06:59:27
ba_131072_1_6.txt,barabasi_albert_10ins_m20,47,SpecAnn-64,0.9598228182949629,1.00000001,-33040655.0,0.1583070755004882,0,True,34,481,True,117,64,2025-11-16 06:59:27
ba_131072_1_6.txt,barabasi_albert_10ins_m20,47,SpecAnn-64,0.963915897922488,1.00000001,-32962799.0,0.2218844890594482,0,True,34,673,True,118,64,2025-11-16 06:59:27
ba_131072_1_6.txt,barabasi_albert_10ins_m20,47,SpecAnn-64,0.967991670426842,1.00000001,-32927287.0,0.1060237884521484,0,True,34,321,True,119,64,2025-11-16 06:59:27
ba_131072_1_6.txt,barabasi_albert_10ins_m20,47,SpecAnn-64,0.9720503535125016,1.00000001,-32898261.0,0.3386921882629394,0,True,34,1025,True,120,64,2025-11-16 06:59:28
ba_131072_1_6.txt,barabasi_albert_10ins_m20,47,SpecAnn-64,0.9760921603577252,1.00000001,-32886163.0,0.3392605781555176,0,True,34,1025,True,121,64,2025-11-16 06:59:28
ba_131072_1_6.txt,barabasi_albert_10ins_m20,47,SpecAnn-64,0.9801172997452104,1.00000001,-32888197.0,0.3402667045593261,0,True,34,1025,True,122,64,2025-11-16 06:59:28
ba_131072_1_6.txt,barabasi_albert_10ins_m20,47,SpecAnn-64,0.9841259761879442,1.00000001,-32863981.000000004,0.3395955562591553,0,True,34,1025,True,123,64,2025-11-16 06:59:29
ba_131072_1_6.txt,barabasi_albert_10ins_m20,47,SpecAnn-64,0.9881183900504562,1.00000001,-32821077.000000007,0.3387467861175537,0,True,34,1025,True,124,64,2025-11-16 06:59:29
ba_131072_1_6.txt,barabasi_albert_10ins_m20,47,SpecAnn-64,0.9920947376656812,1.00000001,-32847539.0,0.2852778434753418,0,True,34,865,True,125,64,2025-11-16 06:59:29
ba_131072_1_6.txt,barabasi_albert_10ins_m20,47,SpecAnn-64,0.9960552114476228,1.00000001,-32782521.0,0.2216184139251709,0,True,34,673,True,126,64,2025-11-16 06:59:30
ba_131072_1_6.txt,barabasi_albert_10ins_m20,47,SpecAnn-64,1.0,1.00000001,-32811743.0,0.1800026893615722,0,True,34,545,True,127,64,2025-11-16 06:59:30
ba_131072_1_6.txt,barabasi_albert_10ins_m20,48,SpecAnn-64,0.0,1.00000001,-31545541.0,0.016021728515625,0,True,35,33,True,0,64,2025-11-16 06:59:31
ba_131072_1_6.txt,barabasi_albert_10ins_m20,48,SpecAnn-64,0.0887356509416113,1.00000001,-31468297.0,0.0115954875946044,0,True,35,33,True,1,64,2025-11-16 06:59:31
ba_131072_1_6.txt,barabasi_albert_10ins_m20,48,SpecAnn-64,0.1254911610276317,1.00000001,-31553247.000000004,0.0115036964416503,0,True,35,33,True,2,64,2025-11-16 06:59:31
ba_131072_1_6.txt,barabasi_albert_10ins_m20,48,SpecAnn-64,0.1536946558735679,1.00000001,-31544415.0,0.0115013122558593,0,True,35,33,True,3,64,2025-11-16 06:59:31
ba_131072_1_6.txt,barabasi_albert_10ins_m20,48,SpecAnn-64,0.1774713018832227,1.00000001,-31446405.0,0.0115959644317626,0,True,35,33,True,4,64,2025-11-16 06:59:31
ba_131072_1_6.txt,barabasi_albert_10ins_m20,48,SpecAnn-64,0.1984189475331362,1.00000001,-31534067.0,0.0114829540252685,0,True,35,33,True,5,64,2025-11-16 06:59:31
ba_131072_1_6.txt,barabasi_albert_10ins_m20,48,SpecAnn-64,0.2173570668006655,1.00000001,-31484109.0,0.0114965438842773,0,True,35,33,True,6,64,2025-11-16 06:59:31
ba_131072_1_6.txt,barabasi_albert_10ins_m20,48,SpecAnn-64,0.2347724648169381,1.00000001,-31476739.0,0.0116169452667236,0,True,35,33,True,7,64,2025-11-16 06:59:31
ba_131072_1_6.txt,barabasi_albert_10ins_m20,48,SpecAnn-64,0.2509823220552634,1.00000001,-31519739.0,0.0115830898284912,0,True,35,33,True,8,64,2025-11-16 06:59:31
ba_131072_1_6.txt,barabasi_albert_10ins_m20,48,SpecAnn-64,0.2662069528248341,1.00000001,-31607491.0,0.0117464065551757,0,True,35,33,True,9,64,2025-11-16 06:59:31
ba_131072_1_6.txt,barabasi_albert_10ins_m20,48,SpecAnn-64,0.2806067666331568,1.00000001,-31470265.000000004,0.0117073059082031,0,True,35,33,True,10,64,2025-11-16 06:59:31
ba_131072_1_6.txt,barabasi_albert_10ins_m20,48,SpecAnn-64,0.2943028597012718,1.00000001,-31533247.0,0.0116579532623291,0,True,35,33,True,11,64,2025-11-16 06:59:31
ba_131072_1_6.txt,barabasi_albert_10ins_m20,48,SpecAnn-64,0.3073893117471359,1.00000001,-31585977.0,0.0114500522613525,0,True,35,33,True,12,64,2025-11-16 06:59:31
ba_131072_1_6.txt,barabasi_albert_10ins_m20,48,SpecAnn-64,0.3199409394316542,1.00000001,-31489771.0,0.0115158557891845,0,True,35,33,True,13,64,2025-11-16 06:59:31
ba_131072_1_6.txt,barabasi_albert_10ins_m20,48,SpecAnn-64,0.3320184038158743,1.00000001,-31514347.0,0.0115134716033935,0,True,35,33,True,14,64,2025-11-16 06:59:31
ba_131072_1_6.txt,barabasi_albert_10ins_m20,48,SpecAnn-64,0.3436716983117353,1.00000001,-31550301.000000004,0.0115256309509277,0,True,35,33,True,15,64,2025-11-16 06:59:31
ba_131072_1_6.txt,barabasi_albert_10ins_m20,48,SpecAnn-64,0.3549426037664455,1.00000001,-31474185.0,0.0115129947662353,0,True,35,33,True,16,64,2025-11-16 06:59:31
ba_131072_1_6.txt,barabasi_albert_10ins_m20,48,SpecAnn-64,0.3658664615902029,1.00000001,-31444243.0,0.0115456581115722,0,True,35,33,True,17,64,2025-11-16 06:59:31
ba_131072_1_6.txt,barabasi_albert_10ins_m20,48,SpecAnn-64,0.3764734830828951,1.00000001,-31543917.0,0.0115625858306884,0,True,35,33,True,18,64,2025-11-16 06:59:31
ba_131072_1_6.txt,barabasi_albert_10ins_m20,48,SpecAnn-64,0.3867897351437838,1.00000001,-31511171.0,0.011584997177124,0,True,35,33,True,19,64,2025-11-16 06:59:31
ba_131072_1_6.txt,barabasi_albert_10ins_m20,48,SpecAnn-64,0.3968378950662725,1.00000001,-31549501.0,0.0114815235137939,0,True,35,33,True,20,64,2025-11-16 06:59:31
ba_131072_1_6.txt,barabasi_albert_10ins_m20,48,SpecAnn-64,0.4066378372811136,1.00000001,-31576915.0,0.011549949645996,0,True,35,33,True,21,64,2025-11-16 06:59:31
ba_131072_1_6.txt,barabasi_albert_10ins_m20,48,SpecAnn-64,0.4162070956347247,1.00000001,-31579511.0,0.0114638805389404,0,True,35,33,True,22,64,2025-11-16 06:59:31
ba_131072_1_6.txt,barabasi_albert_10ins_m20,48,SpecAnn-64,0.4255612320274539,1.00000001,-31553591.0,0.0115590095520019,0,True,35,33,True,23,64,2025-11-16 06:59:31
ba_131072_1_6.txt,barabasi_albert_10ins_m20,48,SpecAnn-64,0.434714133601331,1.00000001,-31505525.0,0.0115432739257812,0,True,35,33,True,24,64,2025-11-16 06:59:31
ba_131072_1_6.txt,barabasi_albert_10ins_m20,48,SpecAnn-64,0.4436782547080569,1.00000001,-31586333.0,0.0115172863006591,0,True,35,33,True,25,64,2025-11-16 06:59:31
ba_131072_1_6.txt,barabasi_albert_10ins_m20,48,SpecAnn-64,0.4524648157026343,1.00000001,-31467951.0,0.0115461349487304,0,True,35,33,True,26,64,2025-11-16 06:59:31
ba_131072_1_6.txt,barabasi_albert_10ins_m20,48,SpecAnn-64,0.4610839676207039,1.00000001,-31447365.0,0.0114760398864746,0,True,35,33,True,27,64,2025-11-16 06:59:31
ba_131072_1_6.txt,barabasi_albert_10ins_m20,48,SpecAnn-64,0.4695449296338763,1.00000001,-31521651.000000007,0.0114998817443847,0,True,35,33,True,28,64,2025-11-16 06:59:31
ba_131072_1_6.txt,barabasi_albert_10ins_m20,48,SpecAnn-64,0.4778561045889373,1.00000001,-31457671.0,0.0115175247192382,0,True,35,33,True,29,64,2025-11-16 06:59:31
ba_131072_1_6.txt,barabasi_albert_10ins_m20,48,SpecAnn-64,0.4860251767562508,1.00000001,-31554271.0,0.0115382671356201,0,True,35,33,True,30,64,2025-11-16 06:59:31
ba_131072_1_6.txt,barabasi_albert_10ins_m20,48,SpecAnn-64,0.4940591950252281,1.00000001,-31553853.0,0.0115387439727783,0,True,35,33,True,31,64,2025-11-16 06:59:31
ba_131072_1_6.txt,barabasi_albert_10ins_m20,48,SpecAnn-64,0.5019646441105269,1.00000001,-31583168.99999999,0.0115358829498291,0,True,35,33,True,32,64,2025-11-16 06:59:31
ba_131072_1_6.txt,barabasi_albert_10ins_m20,48,SpecAnn-64,0.5097475058154177,1.00000001,-31623911.0,0.0114953517913818,0,True,35,33,True,33,64,2025-11-16 06:59:31
ba_131072_1_6.txt,barabasi_albert_10ins_m20,48,SpecAnn-64,0.51741331199832,1.00000001,-31572605.0,0.0114874839782714,0,True,35,33,True,34,64,2025-11-16 06:59:31
ba_131072_1_6.txt,barabasi_albert_10ins_m20,48,SpecAnn-64,0.5249671905758515,1.00000001,-31555835.0,0.0114960670471191,0,True,35,33,True,35,64,2025-11-16 06:59:31
ba_131072_1_6.txt,barabasi_albert_10ins_m20,48,SpecAnn-64,0.5324139056496683,1.00000001,-31514061.0,0.0115010738372802,0,True,35,33,True,36,64,2025-11-16 06:59:31
ba_131072_1_6.txt,barabasi_albert_10ins_m20,48,SpecAnn-64,0.5397578926492556,1.00000001,-31475363.0,0.0115060806274414,0,True,35,33,True,37,64,2025-11-16 06:59:31
ba_131072_1_6.txt,barabasi_albert_10ins_m20,48,SpecAnn-64,0.5470032892270364,1.00000001,-31611073.0,0.0115237236022949,0,True,35,33,True,38,64,2025-11-16 06:59:31
ba_131072_1_6.txt,barabasi_albert_10ins_m20,48,SpecAnn-64,0.554153962516942,1.00000001,-31587879.0,0.0116803646087646,0,True,35,33,True,39,64,2025-11-16 06:59:31
ba_131072_1_6.txt,barabasi_albert_10ins_m20,48,SpecAnn-64,0.5612135332663137,1.00000001,-31547205.000000004,0.0117442607879638,0,True,35,33,True,40,64,2025-11-16 06:59:31
ba_131072_1_6.txt,barabasi_albert_10ins_m20,48,SpecAnn-64,0.5681853972686127,1.00000001,-31594019.0,0.0118112564086914,0,True,35,33,True,41,64,2025-11-16 06:59:31
ba_131072_1_6.txt,barabasi_albert_10ins_m20,48,SpecAnn-64,0.5750727444570146,1.00000001,-31598609.0,0.0116312503814697,0,True,35,33,True,42,64,2025-11-16 06:59:31
ba_131072_1_6.txt,barabasi_albert_10ins_m20,48,SpecAnn-64,0.5818785759635375,1.00000001,-31618751.0,0.0115497112274169,0,True,35,33,True,43,64,2025-11-16 06:59:31
ba_131072_1_6.txt,barabasi_albert_10ins_m20,48,SpecAnn-64,0.5886057194025436,1.00000001,-31563911.0,0.01153564453125,0,True,35,33,True,44,64,2025-11-16 06:59:31
ba_131072_1_6.txt,barabasi_albert_10ins_m20,48,SpecAnn-64,0.5952568425994088,1.00000001,-31579603.0,0.0115525722503662,0,True,35,33,True,45,64,2025-11-16 06:59:31
ba_131072_1_6.txt,barabasi_albert_10ins_m20,48,SpecAnn-64,0.6018344659534288,1.00000001,-31616467.0,0.0115759372711181,0,True,35,33,True,46,64,2025-11-16 06:59:31
ba_131072_1_6.txt,barabasi_albert_10ins_m20,48,SpecAnn-64,0.6083409735974393,1.00000001,-31594875.0,0.0115580558776855,0,True,35,33,True,47,64,2025-11-16 06:59:31
ba_131072_1_6.txt,barabasi_albert_10ins_m20,48,SpecAnn-64,0.6147786234942719,1.00000001,-31588605.0,0.0114884376525878,0,True,35,33,True,48,64,2025-11-16 06:59:31
ba_131072_1_6.txt,barabasi_albert_10ins_m20,48,SpecAnn-64,0.6211495565912796,1.00000001,-31602861.0,0.0115087032318115,0,True,35,33,True,49,64,2025-11-16 06:59:31
ba_131072_1_6.txt,barabasi_albert_10ins_m20,48,SpecAnn-64,0.6274558051381586,1.00000001,-31656311.0,0.0114662647247314,0,True,35,33,True,50,64,2025-11-16 06:59:31
ba_131072_1_6.txt,barabasi_albert_10ins_m20,48,SpecAnn-64,0.6336993002596786,1.00000001,-31670229.0,0.0114665031433105,0,True,35,33,True,51,64,2025-11-16 06:59:31
ba_131072_1_6.txt,barabasi_albert_10ins_m20,48,SpecAnn-64,0.6398818788633085,1.00000001,-31652521.0,0.0116279125213623,0,True,35,33,True,52,64,2025-11-16 06:59:31
ba_131072_1_6.txt,barabasi_albert_10ins_m20,48,SpecAnn-64,0.6460052899517691,1.00000001,-31586775.000000004,0.0115625858306884,0,True,35,33,True,53,64,2025-11-16 06:59:31
ba_131072_1_6.txt,barabasi_albert_10ins_m20,48,SpecAnn-64,0.6520712004019966,1.00000001,-31671759.0,0.0115408897399902,0,True,35,33,True,54,64,2025-11-16 06:59:31
ba_131072_1_6.txt,barabasi_albert_10ins_m20,48,SpecAnn-64,0.6580812002646271,1.00000001,-31680039.000000004,0.0115444660186767,0,True,35,33,True,55,64,2025-11-16 06:59:31
ba_131072_1_6.txt,barabasi_albert_10ins_m20,48,SpecAnn-64,0.6640368076317485,1.00000001,-31689219.0,0.0116088390350341,0,True,35,33,True,56,64,2025-11-16 06:59:31
ba_131072_1_6.txt,barabasi_albert_10ins_m20,48,SpecAnn-64,0.6699394731151429,1.00000001,-31671063.000000004,0.0115551948547363,0,True,35,33,True,57,64,2025-11-16 06:59:31
ba_131072_1_6.txt,barabasi_albert_10ins_m20,48,SpecAnn-64,0.6757905839724513,1.00000001,-31696937.000000004,0.0115537643432617,0,True,35,33,True,58,64,2025-11-16 06:59:31
ba_131072_1_6.txt,barabasi_albert_10ins_m20,48,SpecAnn-64,0.6815914679145113,1.00000001,-31628875.0,0.011566162109375,0,True,35,33,True,59,64,2025-11-16 06:59:31
ba_131072_1_6.txt,barabasi_albert_10ins_m20,48,SpecAnn-64,0.6873433966234707,1.00000001,-31778061.0,0.0116119384765625,0,True,35,33,True,60,64,2025-11-16 06:59:31
ba_131072_1_6.txt,barabasi_albert_10ins_m20,48,SpecAnn-64,0.6930475890080863,1.00000001,-31734003.0,0.0115420818328857,0,True,35,33,True,61,64,2025-11-16 06:59:31
ba_131072_1_6.txt,barabasi_albert_10ins_m20,48,SpecAnn-64,0.6987052142198116,1.00000001,-31623057.000000004,0.0115385055541992,0,True,35,33,True,62,64,2025-11-16 06:59:31
ba_131072_1_6.txt,barabasi_albert_10ins_m20,48,SpecAnn-64,0.7043173944508145,1.00000001,-31719405.0,0.0115253925323486,0,True,35,33,True,63,64,2025-11-16 06:59:31
ba_131072_1_6.txt,barabasi_albert_10ins_m20,48,SpecAnn-64,0.709885207532891,1.00000001,-31679361.0,0.0115153789520263,0,True,35,33,True,64,64,2025-11-16 06:59:31
ba_131072_1_6.txt,barabasi_albert_10ins_m20,48,SpecAnn-64,0.7154096893543218,1.00000001,-31774271.0,0.0114977359771728,0,True,35,33,True,65,64,2025-11-16 06:59:31
ba_131072_1_6.txt,barabasi_albert_10ins_m20,48,SpecAnn-64,0.7208918361100219,1.00000001,-31771929.0,0.0116753578186035,0,True,35,33,True,66,64,2025-11-16 06:59:31
ba_131072_1_6.txt,barabasi_albert_10ins_m20,48,SpecAnn-64,0.7263326063988248,1.00000001,-31738755.0,0.011566162109375,0,True,35,33,True,67,64,2025-11-16 06:59:31
ba_131072_1_6.txt,barabasi_albert_10ins_m20,48,SpecAnn-64,0.7317329231804058,1.00000001,-31757555.0,0.0115737915039062,0,True,35,33,True,68,64,2025-11-16 06:59:31
ba_131072_1_6.txt,barabasi_albert_10ins_m20,48,SpecAnn-64,0.7370936756031579,1.00000001,-31776355.0,0.0114948749542236,0,True,35,33,True,69,64,2025-11-16 06:59:31
ba_131072_1_6.txt,barabasi_albert_10ins_m20,48,SpecAnn-64,0.7424157207132704,1.00000001,-31726499.000000004,0.0115046501159667,0,True,35,33,True,70,64,2025-11-16 06:59:31
ba_131072_1_6.txt,barabasi_albert_10ins_m20,48,SpecAnn-64,0.7476998850543153,1.00000001,-31754845.0,0.0115039348602294,0,True,35,33,True,71,64,2025-11-16 06:59:31
ba_131072_1_6.txt,barabasi_albert_10ins_m20,48,SpecAnn-64,0.7529469661657903,1.00000001,-31748433.0,0.0114808082580566,0,True,35,33,True,72,64,2025-11-16 06:59:31
ba_131072_1_6.txt,barabasi_albert_10ins_m20,48,SpecAnn-64,0.7581577339883167,1.00000001,-31798367.0,0.0115582942962646,0,True,35,33,True,73,64,2025-11-16 06:59:32
ba_131072_1_6.txt,barabasi_albert_10ins_m20,48,SpecAnn-64,0.7633329321824984,1.00000001,-31810265.0,0.0117568969726562,0,True,35,33,True,74,64,2025-11-16 06:59:32
ba_131072_1_6.txt,barabasi_albert_10ins_m20,48,SpecAnn-64,0.7684732793678399,1.00000001,-31824025.0,0.0117368698120117,0,True,35,33,True,75,64,2025-11-16 06:59:32
ba_131072_1_6.txt,barabasi_albert_10ins_m20,48,SpecAnn-64,0.7735794702875677,1.00000001,-31842639.0,0.0117568969726562,0,True,35,33,True,76,64,2025-11-16 06:59:32
ba_131072_1_6.txt,barabasi_albert_10ins_m20,48,SpecAnn-64,0.7786521769046981,1.00000001,-31883637.0,0.0115981101989746,0,True,35,33,True,77,64,2025-11-16 06:59:32
ba_131072_1_6.txt,barabasi_albert_10ins_m20,48,SpecAnn-64,0.7836920494342511,1.00000001,-31834273.0,0.0114612579345703,0,True,35,33,True,78,64,2025-11-16 06:59:32
ba_131072_1_6.txt,barabasi_albert_10ins_m20,48,SpecAnn-64,0.788699717316095,1.00000001,-31919531.0,0.0115106105804443,0,True,35,33,True,79,64,2025-11-16 06:59:32
ba_131072_1_6.txt,barabasi_albert_10ins_m20,48,SpecAnn-64,0.7936757901325451,1.00000001,-31919387.0,0.011568546295166,0,True,35,33,True,80,64,2025-11-16 06:59:32
ba_131072_1_6.txt,barabasi_albert_10ins_m20,48,SpecAnn-64,0.7986208584745024,1.00000001,-31895523.0,0.0115272998809814,0,True,35,33,True,81,64,2025-11-16 06:59:32
ba_131072_1_6.txt,barabasi_albert_10ins_m20,48,SpecAnn-64,0.803535494759617,1.00000001,-31958649.0,0.0116481781005859,0,True,35,33,True,82,64,2025-11-16 06:59:32
ba_131072_1_6.txt,barabasi_albert_10ins_m20,48,SpecAnn-64,0.8084202540056837,1.00000001,-31947711.000000004,0.0115129947662353,0,True,35,33,True,83,64,2025-11-16 06:59:32
ba_131072_1_6.txt,barabasi_albert_10ins_m20,48,SpecAnn-64,0.8132756745622272,1.00000001,-31965811.0,0.0114915370941162,0,True,35,33,True,84,64,2025-11-16 06:59:32
ba_131072_1_6.txt,barabasi_albert_10ins_m20,48,SpecAnn-64,0.8181022788030096,1.00000001,-31981285.0,0.0115282535552978,0,True,35,33,True,85,64,2025-11-16 06:59:32
ba_131072_1_6.txt,barabasi_albert_10ins_m20,48,SpecAnn-64,0.822900573781978,1.00000001,-31992145.0,0.0115027427673339,0,True,35,33,True,86,64,2025-11-16 06:59:32
ba_131072_1_6.txt,barabasi_albert_10ins_m20,48,SpecAnn-64,0.8276710518549868,1.00000001,-31946949.0,0.0115313529968261,0,True,35,33,True,87,64,2025-11-16 06:59:32
ba_131072_1_6.txt,barabasi_albert_10ins_m20,48,SpecAnn-64,0.8324141912694495,1.00000001,-32045673.0,0.0115845203399658,0,True,35,33,True,88,64,2025-11-16 06:59:32
ba_131072_1_6.txt,barabasi_albert_10ins_m20,48,SpecAnn-64,0.8371304567239225,1.00000001,-32066233.0,0.0115566253662109,0,True,35,33,True,89,64,2025-11-16 06:59:32
ba_131072_1_6.txt,barabasi_albert_10ins_m20,48,SpecAnn-64,0.8418202998994706,1.00000001,-32125889.0,0.0116603374481201,0,True,35,33,True,90,64,2025-11-16 06:59:32
ba_131072_1_6.txt,barabasi_albert_10ins_m20,48,SpecAnn-64,0.846484159964536,1.00000001,-32110909.000000004,0.0115399360656738,0,True,35,33,True,91,64,2025-11-16 06:59:32
ba_131072_1_6.txt,barabasi_albert_10ins_m20,48,SpecAnn-64,0.8511224640549078,1.00000001,-32140451.0,0.011554479598999,0,True,35,33,True,92,64,2025-11-16 06:59:32
ba_131072_1_6.txt,barabasi_albert_10ins_m20,48,SpecAnn-64,0.8557356277302758,1.00000001,-32130411.0,0.0114789009094238,0,True,35,33,True,93,64,2025-11-16 06:59:32
ba_131072_1_6.txt,barabasi_albert_10ins_m20,48,SpecAnn-64,0.8603240554087516,1.00000001,-32174435.0,0.0115358829498291,0,True,35,33,True,94,64,2025-11-16 06:59:32
ba_131072_1_6.txt,barabasi_albert_10ins_m20,48,SpecAnn-64,0.86488814078064,1.00000001,-32195923.0,0.011509895324707,0,True,35,33,True,95,64,2025-11-16 06:59:32
ba_131072_1_6.txt,barabasi_albert_10ins_m20,48,SpecAnn-64,0.8694282672026621,1.00000001,-32276889.0,0.0117197036743164,0,True,35,33,True,96,64,2025-11-16 06:59:32
ba_131072_1_6.txt,barabasi_albert_10ins_m20,48,SpecAnn-64,0.8739448080737451,1.00000001,-32270229.0,0.0118234157562255,0,True,35,33,True,97,64,2025-11-16 06:59:32
ba_131072_1_6.txt,barabasi_albert_10ins_m20,48,SpecAnn-64,0.878438127193422,1.00000001,-32289543.0,0.0116715431213378,0,True,35,33,True,98,64,2025-11-16 06:59:32
ba_131072_1_6.txt,barabasi_albert_10ins_m20,48,SpecAnn-64,0.8829085791038153,1.00000001,-32340973.0,0.0115134716033935,0,True,35,33,True,99,64,2025-11-16 06:59:32
ba_131072_1_6.txt,barabasi_albert_10ins_m20,48,SpecAnn-64,0.8873565094161138,1.00000001,-32359265.0,0.0114696025848388,0,True,35,33,True,100,64,2025-11-16 06:59:32
ba_131072_1_6.txt,barabasi_albert_10ins_m20,48,SpecAnn-64,0.8917822551223932,1.00000001,-32351439.0,0.0115275382995605,0,True,35,33,True,101,64,2025-11-16 06:59:32
ba_131072_1_6.txt,barabasi_albert_10ins_m20,48,SpecAnn-64,0.8961861448935777,1.00000001,-32445041.0,0.0115180015563964,0,True,35,33,True,102,64,2025-11-16 06:59:32
ba_131072_1_6.txt,barabasi_albert_10ins_m20,48,SpecAnn-64,0.9005684993642872,1.00000001,-32488963.000000004,0.0115172863006591,0,True,35,33,True,103,64,2025-11-16 06:59:32
ba_131072_1_6.txt,barabasi_albert_10ins_m20,48,SpecAnn-64,0.9049296314052688,1.00000001,-32517525.0,0.0114748477935791,0,True,35,33,True,104,64,2025-11-16 06:59:32
ba_131072_1_6.txt,barabasi_albert_10ins_m20,48,SpecAnn-64,0.9092698463840684,1.00000001,-32550949.0,0.011502981185913,0,True,35,33,True,105,64,2025-11-16 06:59:32
ba_131072_1_6.txt,barabasi_albert_10ins_m20,48,SpecAnn-64,0.9135894424145556,1.00000001,-32568409.0,0.0114815235137939,0,True,35,33,True,106,64,2025-11-16 06:59:32
ba_131072_1_6.txt,barabasi_albert_10ins_m20,48,SpecAnn-64,0.9178887105958816,1.00000001,-32634405.0,0.0115203857421875,0,True,35,33,True,107,64,2025-11-16 06:59:32
ba_131072_1_6.txt,barabasi_albert_10ins_m20,48,SpecAnn-64,0.922167935241408,1.00000001,-32709743.0,0.0115530490875244,0,True,35,33,True,108,64,2025-11-16 06:59:32
ba_131072_1_6.txt,barabasi_albert_10ins_m20,48,SpecAnn-64,0.92642739409812,1.00000001,-32695745.0,0.0115771293640136,0,True,35,33,True,109,64,2025-11-16 06:59:32
ba_131072_1_6.txt,barabasi_albert_10ins_m20,48,SpecAnn-64,0.9306673585570006,1.00000001,-32821565.0,0.0219740867614746,0,True,35,65,True,110,64,2025-11-16 06:59:32
ba_131072_1_6.txt,barabasi_albert_10ins_m20,48,SpecAnn-64,0.9348880938548184,1.00000001,-32837885.0,0.0219273567199707,0,True,35,65,True,111,64,2025-11-16 06:59:32
ba_131072_1_6.txt,barabasi_albert_10ins_m20,48,SpecAnn-64,0.9390898592677528,1.00000001,-32935491.0,0.021918773651123,0,True,35,65,True,112,64,2025-11-16 06:59:32
ba_131072_1_6.txt,barabasi_albert_10ins_m20,48,SpecAnn-64,0.9432729082972536,1.00000001,-32987537.0,0.0219862461090087,0,True,35,65,True,113,64,2025-11-16 06:59:32
ba_131072_1_6.txt,barabasi_albert_10ins_m20,48,SpecAnn-64,0.9474374888485204,1.00000001,-33043011.0,0.0323750972747802,0,True,35,97,True,114,64,2025-11-16 06:59:32
ba_131072_1_6.txt,barabasi_albert_10ins_m20,48,SpecAnn-64,0.9515838434019476,1.00000001,-33090287.0,0.0531888008117675,0,True,35,161,True,115,64,2025-11-16 06:59:32
ba_131072_1_6.txt,barabasi_albert_10ins_m20,48,SpecAnn-64,0.9557122091778746,1.00000001,-33120141.0,0.0856149196624755,0,True,35,257,True,116,64,2025-11-16 06:59:32
ba_131072_1_6.txt,barabasi_albert_10ins_m20,48,SpecAnn-64,0.9598228182949629,1.00000001,-33029753.0,0.1580548286437988,0,True,35,481,True,117,64,2025-11-16 06:59:32
ba_131072_1_6.txt,barabasi_albert_10ins_m20,48,SpecAnn-64,0.963915897922488,1.00000001,-32954373.0,0.2215609550476074,0,True,35,673,True,118,64,2025-11-16 06:59:33
ba_131072_1_6.txt,barabasi_albert_10ins_m20,48,SpecAnn-64,0.967991670426842,1.00000001,-32931379.000000004,0.1054925918579101,0,True,35,321,True,119,64,2025-11-16 06:59:33
ba_131072_1_6.txt,barabasi_albert_10ins_m20,48,SpecAnn-64,0.9720503535125016,1.00000001,-32899957.0,0.3375082015991211,0,True,35,1025,True,120,64,2025-11-16 06:59:33
ba_131072_1_6.txt,barabasi_albert_10ins_m20,48,SpecAnn-64,0.9760921603577252,1.00000001,-32933003.0,0.3372149467468261,0,True,35,1025,True,121,64,2025-11-16 06:59:33
ba_131072_1_6.txt,barabasi_albert_10ins_m20,48,SpecAnn-64,0.9801172997452104,1.00000001,-32907217.0,0.3373773097991943,0,True,35,1025,True,122,64,2025-11-16 06:59:34
ba_131072_1_6.txt,barabasi_albert_10ins_m20,48,SpecAnn-64,0.9841259761879442,1.00000001,-32899207.0,0.3355376720428467,0,True,35,1025,True,123,64,2025-11-16 06:59:34
ba_131072_1_6.txt,barabasi_albert_10ins_m20,48,SpecAnn-64,0.9881183900504562,1.00000001,-32886321.0,0.3379163742065429,0,True,35,1025,True,124,64,2025-11-16 06:59:34
ba_131072_1_6.txt,barabasi_albert_10ins_m20,48,SpecAnn-64,0.9920947376656812,1.00000001,-32833771.000000004,0.2836174964904785,0,True,35,865,True,125,64,2025-11-16 06:59:35
ba_131072_1_6.txt,barabasi_albert_10ins_m20,48,SpecAnn-64,0.9960552114476228,1.00000001,-32816653.0,0.2221834659576416,0,True,35,673,True,126,64,2025-11-16 06:59:35
ba_131072_1_6.txt,barabasi_albert_10ins_m20,48,SpecAnn-64,1.0,1.00000001,-32791775.000000004,0.1793749332427978,0,True,35,545,True,127,64,2025-11-16 06:59:35
ba_131072_1_6.txt,barabasi_albert_10ins_m20,49,SpecAnn-64,0.0,1.00000001,-31493979.0,0.0159757137298584,0,True,43,33,True,0,64,2025-11-16 06:59:36
ba_131072_1_6.txt,barabasi_albert_10ins_m20,49,SpecAnn-64,0.0887356509416113,1.00000001,-31449679.0,0.0115277767181396,0,True,43,33,True,1,64,2025-11-16 06:59:36
ba_131072_1_6.txt,barabasi_albert_10ins_m20,49,SpecAnn-64,0.1254911610276317,1.00000001,-31502497.000000004,0.0114603042602539,0,True,43,33,True,2,64,2025-11-16 06:59:36
ba_131072_1_6.txt,barabasi_albert_10ins_m20,49,SpecAnn-64,0.1536946558735679,1.00000001,-31527171.0,0.0115060806274414,0,True,43,33,True,3,64,2025-11-16 06:59:36
ba_131072_1_6.txt,barabasi_albert_10ins_m20,49,SpecAnn-64,0.1774713018832227,1.00000001,-31449161.0,0.011488914489746,0,True,43,33,True,4,64,2025-11-16 06:59:36
ba_131072_1_6.txt,barabasi_albert_10ins_m20,49,SpecAnn-64,0.1984189475331362,1.00000001,-31432045.0,0.0114705562591552,0,True,43,33,True,5,64,2025-11-16 06:59:36
ba_131072_1_6.txt,barabasi_albert_10ins_m20,49,SpecAnn-64,0.2173570668006655,1.00000001,-31537828.99999999,0.0114843845367431,0,True,43,33,True,6,64,2025-11-16 06:59:36
ba_131072_1_6.txt,barabasi_albert_10ins_m20,49,SpecAnn-64,0.2347724648169381,1.00000001,-31494383.0,0.011566162109375,0,True,43,33,True,7,64,2025-11-16 06:59:36
ba_131072_1_6.txt,barabasi_albert_10ins_m20,49,SpecAnn-64,0.2509823220552634,1.00000001,-31571027.0,0.0115258693695068,0,True,43,33,True,8,64,2025-11-16 06:59:36
ba_131072_1_6.txt,barabasi_albert_10ins_m20,49,SpecAnn-64,0.2662069528248341,1.00000001,-31478403.000000004,0.0115003585815429,0,True,43,33,True,9,64,2025-11-16 06:59:36
ba_131072_1_6.txt,barabasi_albert_10ins_m20,49,SpecAnn-64,0.2806067666331568,1.00000001,-31516581.0,0.0115609169006347,0,True,43,33,True,10,64,2025-11-16 06:59:36
ba_131072_1_6.txt,barabasi_albert_10ins_m20,49,SpecAnn-64,0.2943028597012718,1.00000001,-31570645.0,0.0115358829498291,0,True,43,33,True,11,64,2025-11-16 06:59:36
ba_131072_1_6.txt,barabasi_albert_10ins_m20,49,SpecAnn-64,0.3073893117471359,1.00000001,-31537151.0,0.0115072727203369,0,True,43,33,True,12,64,2025-11-16 06:59:36
ba_131072_1_6.txt,barabasi_albert_10ins_m20,49,SpecAnn-64,0.3199409394316542,1.00000001,-31508989.000000004,0.0114753246307373,0,True,43,33,True,13,64,2025-11-16 06:59:36
ba_131072_1_6.txt,barabasi_albert_10ins_m20,49,SpecAnn-64,0.3320184038158743,1.00000001,-31561855.0,0.0114660263061523,0,True,43,33,True,14,64,2025-11-16 06:59:36
ba_131072_1_6.txt,barabasi_albert_10ins_m20,49,SpecAnn-64,0.3436716983117353,1.00000001,-31517261.0,0.0114750862121582,0,True,43,33,True,15,64,2025-11-16 06:59:36
ba_131072_1_6.txt,barabasi_albert_10ins_m20,49,SpecAnn-64,0.3549426037664455,1.00000001,-31604753.0,0.0114936828613281,0,True,43,33,True,16,64,2025-11-16 06:59:36
ba_131072_1_6.txt,barabasi_albert_10ins_m20,49,SpecAnn-64,0.3658664615902029,1.00000001,-31488635.0,0.0136182308197021,0,True,43,33,True,17,64,2025-11-16 06:59:36
ba_131072_1_6.txt,barabasi_albert_10ins_m20,49,SpecAnn-64,0.3764734830828951,1.00000001,-31512393.0,0.0120141506195068,0,True,43,33,True,18,64,2025-11-16 06:59:36
ba_131072_1_6.txt,barabasi_albert_10ins_m20,49,SpecAnn-64,0.3867897351437838,1.00000001,-31565695.0,0.0116539001464843,0,True,43,33,True,19,64,2025-11-16 06:59:36
ba_131072_1_6.txt,barabasi_albert_10ins_m20,49,SpecAnn-64,0.3968378950662725,1.00000001,-31546685.0,0.0115580558776855,0,True,43,33,True,20,64,2025-11-16 06:59:36
ba_131072_1_6.txt,barabasi_albert_10ins_m20,49,SpecAnn-64,0.4066378372811136,1.00000001,-31447591.0,0.0114634037017822,0,True,43,33,True,21,64,2025-11-16 06:59:36
ba_131072_1_6.txt,barabasi_albert_10ins_m20,49,SpecAnn-64,0.4162070956347247,1.00000001,-31565259.0,0.0114848613739013,0,True,43,33,True,22,64,2025-11-16 06:59:36
ba_131072_1_6.txt,barabasi_albert_10ins_m20,49,SpecAnn-64,0.4255612320274539,1.00000001,-31580361.000000004,0.0115566253662109,0,True,43,33,True,23,64,2025-11-16 06:59:36
ba_131072_1_6.txt,barabasi_albert_10ins_m20,49,SpecAnn-64,0.434714133601331,1.00000001,-31545637.0,0.0115413665771484,0,True,43,33,True,24,64,2025-11-16 06:59:36
ba_131072_1_6.txt,barabasi_albert_10ins_m20,49,SpecAnn-64,0.4436782547080569,1.00000001,-31513413.0,0.0115413665771484,0,True,43,33,True,25,64,2025-11-16 06:59:36
ba_131072_1_6.txt,barabasi_albert_10ins_m20,49,SpecAnn-64,0.4524648157026343,1.00000001,-31546691.0,0.011486530303955,0,True,43,33,True,26,64,2025-11-16 06:59:36
ba_131072_1_6.txt,barabasi_albert_10ins_m20,49,SpecAnn-64,0.4610839676207039,1.00000001,-31525593.0,0.0114500522613525,0,True,43,33,True,27,64,2025-11-16 06:59:36
ba_131072_1_6.txt,barabasi_albert_10ins_m20,49,SpecAnn-64,0.4695449296338763,1.00000001,-31555193.000000004,0.0114638805389404,0,True,43,33,True,28,64,2025-11-16 06:59:36
ba_131072_1_6.txt,barabasi_albert_10ins_m20,49,SpecAnn-64,0.4778561045889373,1.00000001,-31579669.0,0.0114741325378417,0,True,43,33,True,29,64,2025-11-16 06:59:36
ba_131072_1_6.txt,barabasi_albert_10ins_m20,49,SpecAnn-64,0.4860251767562508,1.00000001,-31516995.0,0.0114753246307373,0,True,43,33,True,30,64,2025-11-16 06:59:36
ba_131072_1_6.txt,barabasi_albert_10ins_m20,49,SpecAnn-64,0.4940591950252281,1.00000001,-31537863.0,0.0115861892700195,0,True,43,33,True,31,64,2025-11-16 06:59:36
ba_131072_1_6.txt,barabasi_albert_10ins_m20,49,SpecAnn-64,0.5019646441105269,1.00000001,-31549941.0,0.0114951133728027,0,True,43,33,True,32,64,2025-11-16 06:59:36
ba_131072_1_6.txt,barabasi_albert_10ins_m20,49,SpecAnn-64,0.5097475058154177,1.00000001,-31609333.000000004,0.0114657878875732,0,True,43,33,True,33,64,2025-11-16 06:59:36
ba_131072_1_6.txt,barabasi_albert_10ins_m20,49,SpecAnn-64,0.51741331199832,1.00000001,-31520341.000000004,0.0115783214569091,0,True,43,33,True,34,64,2025-11-16 06:59:36
ba_131072_1_6.txt,barabasi_albert_10ins_m20,49,SpecAnn-64,0.5249671905758515,1.00000001,-31566067.0,0.0116763114929199,0,True,43,33,True,35,64,2025-11-16 06:59:36
ba_131072_1_6.txt,barabasi_albert_10ins_m20,49,SpecAnn-64,0.5324139056496683,1.00000001,-31603179.0,0.0117473602294921,0,True,43,33,True,36,64,2025-11-16 06:59:36
ba_131072_1_6.txt,barabasi_albert_10ins_m20,49,SpecAnn-64,0.5397578926492556,1.00000001,-31599639.000000004,0.0117421150207519,0,True,43,33,True,37,64,2025-11-16 06:59:36
ba_131072_1_6.txt,barabasi_albert_10ins_m20,49,SpecAnn-64,0.5470032892270364,1.00000001,-31582049.0,0.011592149734497,0,True,43,33,True,38,64,2025-11-16 06:59:36
ba_131072_1_6.txt,barabasi_albert_10ins_m20,49,SpecAnn-64,0.554153962516942,1.00000001,-31612689.0,0.0115237236022949,0,True,43,33,True,39,64,2025-11-16 06:59:36
ba_131072_1_6.txt,barabasi_albert_10ins_m20,49,SpecAnn-64,0.5612135332663137,1.00000001,-31604703.0,0.011484146118164,0,True,43,33,True,40,64,2025-11-16 06:59:36
ba_131072_1_6.txt,barabasi_albert_10ins_m20,49,SpecAnn-64,0.5681853972686127,1.00000001,-31604613.0,0.0114455223083496,0,True,43,33,True,41,64,2025-11-16 06:59:36
ba_131072_1_6.txt,barabasi_albert_10ins_m20,49,SpecAnn-64,0.5750727444570146,1.00000001,-31605385.000000007,0.0115096569061279,0,True,43,33,True,42,64,2025-11-16 06:59:36
ba_131072_1_6.txt,barabasi_albert_10ins_m20,49,SpecAnn-64,0.5818785759635375,1.00000001,-31589235.0,0.0114521980285644,0,True,43,33,True,43,64,2025-11-16 06:59:36
ba_131072_1_6.txt,barabasi_albert_10ins_m20,49,SpecAnn-64,0.5886057194025436,1.00000001,-31616221.0,0.0114715099334716,0,True,43,33,True,44,64,2025-11-16 06:59:36
ba_131072_1_6.txt,barabasi_albert_10ins_m20,49,SpecAnn-64,0.5952568425994088,1.00000001,-31601079.000000004,0.0115034580230712,0,True,43,33,True,45,64,2025-11-16 06:59:36
ba_131072_1_6.txt,barabasi_albert_10ins_m20,49,SpecAnn-64,0.6018344659534288,1.00000001,-31548259.0,0.0114707946777343,0,True,43,33,True,46,64,2025-11-16 06:59:36
ba_131072_1_6.txt,barabasi_albert_10ins_m20,49,SpecAnn-64,0.6083409735974393,1.00000001,-31616685.0,0.0115046501159667,0,True,43,33,True,47,64,2025-11-16 06:59:36
ba_131072_1_6.txt,barabasi_albert_10ins_m20,49,SpecAnn-64,0.6147786234942719,1.00000001,-31663225.0,0.0115163326263427,0,True,43,33,True,48,64,2025-11-16 06:59:36
ba_131072_1_6.txt,barabasi_albert_10ins_m20,49,SpecAnn-64,0.6211495565912796,1.00000001,-31603095.0,0.0114600658416748,0,True,43,33,True,49,64,2025-11-16 06:59:36
ba_131072_1_6.txt,barabasi_albert_10ins_m20,49,SpecAnn-64,0.6274558051381586,1.00000001,-31759385.0,0.0114669799804687,0,True,43,33,True,50,64,2025-11-16 06:59:36
ba_131072_1_6.txt,barabasi_albert_10ins_m20,49,SpecAnn-64,0.6336993002596786,1.00000001,-31675853.000000004,0.0115251541137695,0,True,43,33,True,51,64,2025-11-16 06:59:37
ba_131072_1_6.txt,barabasi_albert_10ins_m20,49,SpecAnn-64,0.6398818788633085,1.00000001,-31657257.0,0.011512279510498,0,True,43,33,True,52,64,2025-11-16 06:59:37
ba_131072_1_6.txt,barabasi_albert_10ins_m20,49,SpecAnn-64,0.6460052899517691,1.00000001,-31717253.0,0.0115723609924316,0,True,43,33,True,53,64,2025-11-16 06:59:37
ba_131072_1_6.txt,barabasi_albert_10ins_m20,49,SpecAnn-64,0.6520712004019966,1.00000001,-31645587.0,0.0115084648132324,0,True,43,33,True,54,64,2025-11-16 06:59:37
ba_131072_1_6.txt,barabasi_albert_10ins_m20,49,SpecAnn-64,0.6580812002646271,1.00000001,-31645021.0,0.0115015506744384,0,True,43,33,True,55,64,2025-11-16 06:59:37
ba_131072_1_6.txt,barabasi_albert_10ins_m20,49,SpecAnn-64,0.6640368076317485,1.00000001,-31650285.0,0.0116817951202392,0,True,43,33,True,56,64,2025-11-16 06:59:37
ba_131072_1_6.txt,barabasi_albert_10ins_m20,49,SpecAnn-64,0.6699394731151429,1.00000001,-31612565.000000004,0.0117156505584716,0,True,43,33,True,57,64,2025-11-16 06:59:37
ba_131072_1_6.txt,barabasi_albert_10ins_m20,49,SpecAnn-64,0.6757905839724513,1.00000001,-31719333.0,0.0116777420043945,0,True,43,33,True,58,64,2025-11-16 06:59:37
ba_131072_1_6.txt,barabasi_albert_10ins_m20,49,SpecAnn-64,0.6815914679145113,1.00000001,-31719935.0,0.011662483215332,0,True,43,33,True,59,64,2025-11-16 06:59:37
ba_131072_1_6.txt,barabasi_albert_10ins_m20,49,SpecAnn-64,0.6873433966234707,1.00000001,-31748925.0,0.0115594863891601,0,True,43,33,True,60,64,2025-11-16 06:59:37
ba_131072_1_6.txt,barabasi_albert_10ins_m20,49,SpecAnn-64,0.6930475890080863,1.00000001,-31701409.0,0.0115182399749755,0,True,43,33,True,61,64,2025-11-16 06:59:37
ba_131072_1_6.txt,barabasi_albert_10ins_m20,49,SpecAnn-64,0.6987052142198116,1.00000001,-31671841.0,0.0115010738372802,0,True,43,33,True,62,64,2025-11-16 06:59:37
ba_131072_1_6.txt,barabasi_albert_10ins_m20,49,SpecAnn-64,0.7043173944508145,1.00000001,-31735701.0,0.0114428997039794,0,True,43,33,True,63,64,2025-11-16 06:59:37
ba_131072_1_6.txt,barabasi_albert_10ins_m20,49,SpecAnn-64,0.709885207532891,1.00000001,-31671569.000000007,0.0114212036132812,0,True,43,33,True,64,64,2025-11-16 06:59:37
ba_131072_1_6.txt,barabasi_albert_10ins_m20,49,SpecAnn-64,0.7154096893543218,1.00000001,-31717439.0,0.0114829540252685,0,True,43,33,True,65,64,2025-11-16 06:59:37
ba_131072_1_6.txt,barabasi_albert_10ins_m20,49,SpecAnn-64,0.7208918361100219,1.00000001,-31762617.0,0.0114305019378662,0,True,43,33,True,66,64,2025-11-16 06:59:37
ba_131072_1_6.txt,barabasi_albert_10ins_m20,49,SpecAnn-64,0.7263326063988248,1.00000001,-31776787.0,0.0114977359771728,0,True,43,33,True,67,64,2025-11-16 06:59:37
ba_131072_1_6.txt,barabasi_albert_10ins_m20,49,SpecAnn-64,0.7317329231804058,1.00000001,-31797751.0,0.0115153789520263,0,True,43,33,True,68,64,2025-11-16 06:59:37
ba_131072_1_6.txt,barabasi_albert_10ins_m20,49,SpecAnn-64,0.7370936756031579,1.00000001,-31740135.0,0.0114424228668212,0,True,43,33,True,69,64,2025-11-16 06:59:37
ba_131072_1_6.txt,barabasi_albert_10ins_m20,49,SpecAnn-64,0.7424157207132704,1.00000001,-31781391.0,0.0114471912384033,0,True,43,33,True,70,64,2025-11-16 06:59:37
ba_131072_1_6.txt,barabasi_albert_10ins_m20,49,SpecAnn-64,0.7476998850543153,1.00000001,-31820323.0,0.011446475982666,0,True,43,33,True,71,64,2025-11-16 06:59:37
ba_131072_1_6.txt,barabasi_albert_10ins_m20,49,SpecAnn-64,0.7529469661657903,1.00000001,-31780311.0,0.0114526748657226,0,True,43,33,True,72,64,2025-11-16 06:59:37
ba_131072_1_6.txt,barabasi_albert_10ins_m20,49,SpecAnn-64,0.7581577339883167,1.00000001,-31810569.0,0.0115094184875488,0,True,43,33,True,73,64,2025-11-16 06:59:37
ba_131072_1_6.txt,barabasi_albert_10ins_m20,49,SpecAnn-64,0.7633329321824984,1.00000001,-31850095.0,0.0114607810974121,0,True,43,33,True,74,64,2025-11-16 06:59:37
ba_131072_1_6.txt,barabasi_albert_10ins_m20,49,SpecAnn-64,0.7684732793678399,1.00000001,-31849549.0,0.0114836692810058,0,True,43,33,True,75,64,2025-11-16 06:59:37
ba_131072_1_6.txt,barabasi_albert_10ins_m20,49,SpecAnn-64,0.7735794702875677,1.00000001,-31915433.0,0.0114598274230957,0,True,43,33,True,76,64,2025-11-16 06:59:37
ba_131072_1_6.txt,barabasi_albert_10ins_m20,49,SpecAnn-64,0.7786521769046981,1.00000001,-31857691.0,0.0116009712219238,0,True,43,33,True,77,64,2025-11-16 06:59:37
ba_131072_1_6.txt,barabasi_albert_10ins_m20,49,SpecAnn-64,0.7836920494342511,1.00000001,-31921637.0,0.0116891860961914,0,True,43,33,True,78,64,2025-11-16 06:59:37
ba_131072_1_6.txt,barabasi_albert_10ins_m20,49,SpecAnn-64,0.788699717316095,1.00000001,-31905975.0,0.0116717815399169,0,True,43,33,True,79,64,2025-11-16 06:59:37
ba_131072_1_6.txt,barabasi_albert_10ins_m20,49,SpecAnn-64,0.7936757901325451,1.00000001,-31932781.0,0.0114758014678955,0,True,43,33,True,80,64,2025-11-16 06:59:37
ba_131072_1_6.txt,barabasi_albert_10ins_m20,49,SpecAnn-64,0.7986208584745024,1.00000001,-31974813.0,0.0114786624908447,0,True,43,33,True,81,64,2025-11-16 06:59:37
ba_131072_1_6.txt,barabasi_albert_10ins_m20,49,SpecAnn-64,0.803535494759617,1.00000001,-31897393.0,0.0114955902099609,0,True,43,33,True,82,64,2025-11-16 06:59:37
ba_131072_1_6.txt,barabasi_albert_10ins_m20,49,SpecAnn-64,0.8084202540056837,1.00000001,-31922023.0,0.0114860534667968,0,True,43,33,True,83,64,2025-11-16 06:59:37
ba_131072_1_6.txt,barabasi_albert_10ins_m20,49,SpecAnn-64,0.8132756745622272,1.00000001,-31945383.0,0.0115358829498291,0,True,43,33,True,84,64,2025-11-16 06:59:37
ba_131072_1_6.txt,barabasi_albert_10ins_m20,49,SpecAnn-64,0.8181022788030096,1.00000001,-31921121.0,0.0114960670471191,0,True,43,33,True,85,64,2025-11-16 06:59:37
ba_131072_1_6.txt,barabasi_albert_10ins_m20,49,SpecAnn-64,0.822900573781978,1.00000001,-32022343.0,0.011547565460205,0,True,43,33,True,86,64,2025-11-16 06:59:37
ba_131072_1_6.txt,barabasi_albert_10ins_m20,49,SpecAnn-64,0.8276710518549868,1.00000001,-32016839.000000004,0.0115492343902587,0,True,43,33,True,87,64,2025-11-16 06:59:37
ba_131072_1_6.txt,barabasi_albert_10ins_m20,49,SpecAnn-64,0.8324141912694495,1.00000001,-32064517.0,0.0115430355072021,0,True,43,33,True,88,64,2025-11-16 06:59:37
ba_131072_1_6.txt,barabasi_albert_10ins_m20,49,SpecAnn-64,0.8371304567239225,1.00000001,-32053599.0,0.0115389823913574,0,True,43,33,True,89,64,2025-11-16 06:59:37
ba_131072_1_6.txt,barabasi_albert_10ins_m20,49,SpecAnn-64,0.8418202998994706,1.00000001,-32079183.0,0.0115191936492919,0,True,43,33,True,90,64,2025-11-16 06:59:37
ba_131072_1_6.txt,barabasi_albert_10ins_m20,49,SpecAnn-64,0.846484159964536,1.00000001,-32099269.0,0.011531114578247,0,True,43,33,True,91,64,2025-11-16 06:59:37
ba_131072_1_6.txt,barabasi_albert_10ins_m20,49,SpecAnn-64,0.8511224640549078,1.00000001,-32176583.000000004,0.0115067958831787,0,True,43,33,True,92,64,2025-11-16 06:59:37
ba_131072_1_6.txt,barabasi_albert_10ins_m20,49,SpecAnn-64,0.8557356277302758,1.00000001,-32127773.0,0.011491060256958,0,True,43,33,True,93,64,2025-11-16 06:59:37
ba_131072_1_6.txt,barabasi_albert_10ins_m20,49,SpecAnn-64,0.8603240554087516,1.00000001,-32169247.0,0.0115129947662353,0,True,43,33,True,94,64,2025-11-16 06:59:37
ba_131072_1_6.txt,barabasi_albert_10ins_m20,49,SpecAnn-64,0.86488814078064,1.00000001,-32193489.000000004,0.0114994049072265,0,True,43,33,True,95,64,2025-11-16 06:59:37
ba_131072_1_6.txt,barabasi_albert_10ins_m20,49,SpecAnn-64,0.8694282672026621,1.00000001,-32183567.0,0.0114767551422119,0,True,43,33,True,96,64,2025-11-16 06:59:37
ba_131072_1_6.txt,barabasi_albert_10ins_m20,49,SpecAnn-64,0.8739448080737451,1.00000001,-32239365.0,0.0114779472351074,0,True,43,33,True,97,64,2025-11-16 06:59:37
ba_131072_1_6.txt,barabasi_albert_10ins_m20,49,SpecAnn-64,0.878438127193422,1.00000001,-32275523.0,0.011479377746582,0,True,43,33,True,98,64,2025-11-16 06:59:37
ba_131072_1_6.txt,barabasi_albert_10ins_m20,49,SpecAnn-64,0.8829085791038153,1.00000001,-32306135.0,0.0114717483520507,0,True,43,33,True,99,64,2025-11-16 06:59:37
ba_131072_1_6.txt,barabasi_albert_10ins_m20,49,SpecAnn-64,0.8873565094161138,1.00000001,-32344313.0,0.0114686489105224,0,True,43,33,True,100,64,2025-11-16 06:59:37
ba_131072_1_6.txt,barabasi_albert_10ins_m20,49,SpecAnn-64,0.8917822551223932,1.00000001,-32303847.0,0.0114943981170654,0,True,43,33,True,101,64,2025-11-16 06:59:37
ba_131072_1_6.txt,barabasi_albert_10ins_m20,49,SpecAnn-64,0.8961861448935777,1.00000001,-32391039.0,0.0114812850952148,0,True,43,33,True,102,64,2025-11-16 06:59:37
ba_131072_1_6.txt,barabasi_albert_10ins_m20,49,SpecAnn-64,0.9005684993642872,1.00000001,-32448667.000000004,0.0116562843322753,0,True,43,33,True,103,64,2025-11-16 06:59:37
ba_131072_1_6.txt,barabasi_albert_10ins_m20,49,SpecAnn-64,0.9049296314052688,1.00000001,-32492333.0,0.0117402076721191,0,True,43,33,True,104,64,2025-11-16 06:59:37
ba_131072_1_6.txt,barabasi_albert_10ins_m20,49,SpecAnn-64,0.9092698463840684,1.00000001,-32530685.0,0.0117084980010986,0,True,43,33,True,105,64,2025-11-16 06:59:37
ba_131072_1_6.txt,barabasi_albert_10ins_m20,49,SpecAnn-64,0.9135894424145556,1.00000001,-32597371.0,0.0117008686065673,0,True,43,33,True,106,64,2025-11-16 06:59:37
ba_131072_1_6.txt,barabasi_albert_10ins_m20,49,SpecAnn-64,0.9178887105958816,1.00000001,-32602725.0,0.0115258693695068,0,True,43,33,True,107,64,2025-11-16 06:59:37
ba_131072_1_6.txt,barabasi_albert_10ins_m20,49,SpecAnn-64,0.922167935241408,1.00000001,-32702708.99999999,0.0115787982940673,0,True,43,33,True,108,64,2025-11-16 06:59:37
ba_131072_1_6.txt,barabasi_albert_10ins_m20,49,SpecAnn-64,0.92642739409812,1.00000001,-32745529.000000004,0.0116195678710937,0,True,43,33,True,109,64,2025-11-16 06:59:37
ba_131072_1_6.txt,barabasi_albert_10ins_m20,49,SpecAnn-64,0.9306673585570006,1.00000001,-32812873.000000004,0.0220503807067871,0,True,43,65,True,110,64,2025-11-16 06:59:37
ba_131072_1_6.txt,barabasi_albert_10ins_m20,49,SpecAnn-64,0.9348880938548184,1.00000001,-32892159.0,0.0220398902893066,0,True,43,65,True,111,64,2025-11-16 06:59:37
ba_131072_1_6.txt,barabasi_albert_10ins_m20,49,SpecAnn-64,0.9390898592677528,1.00000001,-32939927.0,0.021916389465332,0,True,43,65,True,112,64,2025-11-16 06:59:37
ba_131072_1_6.txt,barabasi_albert_10ins_m20,49,SpecAnn-64,0.9432729082972536,1.00000001,-33061671.0,0.0219159126281738,0,True,43,65,True,113,64,2025-11-16 06:59:37
ba_131072_1_6.txt,barabasi_albert_10ins_m20,49,SpecAnn-64,0.9474374888485204,1.00000001,-33040531.0,0.0324177742004394,0,True,43,97,True,114,64,2025-11-16 06:59:37
ba_131072_1_6.txt,barabasi_albert_10ins_m20,49,SpecAnn-64,0.9515838434019476,1.00000001,-33079693.000000004,0.0533463954925537,0,True,43,161,True,115,64,2025-11-16 06:59:37
ba_131072_1_6.txt,barabasi_albert_10ins_m20,49,SpecAnn-64,0.9557122091778746,1.00000001,-33087991.000000004,0.0846691131591796,0,True,43,257,True,116,64,2025-11-16 06:59:37
ba_131072_1_6.txt,barabasi_albert_10ins_m20,49,SpecAnn-64,0.9598228182949629,1.00000001,-33009391.0,0.1581287384033203,0,True,43,481,True,117,64,2025-11-16 06:59:38
ba_131072_1_6.txt,barabasi_albert_10ins_m20,49,SpecAnn-64,0.963915897922488,1.00000001,-32960223.0,0.2207376956939697,0,True,43,673,True,118,64,2025-11-16 06:59:38
ba_131072_1_6.txt,barabasi_albert_10ins_m20,49,SpecAnn-64,0.967991670426842,1.00000001,-32967361.0,0.1062169075012207,0,True,43,321,True,119,64,2025-11-16 06:59:38
ba_131072_1_6.txt,barabasi_albert_10ins_m20,49,SpecAnn-64,0.9720503535125016,1.00000001,-32949449.0,0.3376266956329345,0,True,43,1025,True,120,64,2025-11-16 06:59:38
ba_131072_1_6.txt,barabasi_albert_10ins_m20,49,SpecAnn-64,0.9760921603577252,1.00000001,-32867489.0,0.3389472961425781,0,True,43,1025,True,121,64,2025-11-16 06:59:39
ba_131072_1_6.txt,barabasi_albert_10ins_m20,49,SpecAnn-64,0.9801172997452104,1.00000001,-32869501.0,0.3377008438110351,0,True,43,1025,True,122,64,2025-11-16 06:59:39
ba_131072_1_6.txt,barabasi_albert_10ins_m20,49,SpecAnn-64,0.9841259761879442,1.00000001,-32877023.0,0.3373630046844482,0,True,43,1025,True,123,64,2025-11-16 06:59:39
ba_131072_1_6.txt,barabasi_albert_10ins_m20,49,SpecAnn-64,0.9881183900504562,1.00000001,-32855711.0,0.336003303527832,0,True,43,1025,True,124,64,2025-11-16 06:59:40
ba_131072_1_6.txt,barabasi_albert_10ins_m20,49,SpecAnn-64,0.9920947376656812,1.00000001,-32847271.0,0.2837374210357666,0,True,43,865,True,125,64,2025-11-16 06:59:40
ba_131072_1_6.txt,barabasi_albert_10ins_m20,49,SpecAnn-64,0.9960552114476228,1.00000001,-32835707.0,0.2208681106567382,0,True,43,673,True,126,64,2025-11-16 06:59:40
ba_131072_1_6.txt,barabasi_albert_10ins_m20,49,SpecAnn-64,1.0,1.00000001,-32769233.0,0.1789643764495849,0,True,43,545,True,127,64,2025-11-16 06:59:40
ba_131072_1_6.txt,barabasi_albert_10ins_m20,50,SpecAnn-64,0.0,1.00000001,-31512173.0,0.0159683227539062,0,True,36,33,True,0,64,2025-11-16 06:59:41
ba_131072_1_6.txt,barabasi_albert_10ins_m20,50,SpecAnn-64,0.0887356509416113,1.00000001,-31463059.0,0.0114893913269042,0,True,36,33,True,1,64,2025-11-16 06:59:41
ba_131072_1_6.txt,barabasi_albert_10ins_m20,50,SpecAnn-64,0.1254911610276317,1.00000001,-31511347.000000004,0.0114674568176269,0,True,36,33,True,2,64,2025-11-16 06:59:41
ba_131072_1_6.txt,barabasi_albert_10ins_m20,50,SpecAnn-64,0.1536946558735679,1.00000001,-31500515.0,0.0115115642547607,0,True,36,33,True,3,64,2025-11-16 06:59:41
ba_131072_1_6.txt,barabasi_albert_10ins_m20,50,SpecAnn-64,0.1774713018832227,1.00000001,-31464756.999999996,0.0115015506744384,0,True,36,33,True,4,64,2025-11-16 06:59:41
ba_131072_1_6.txt,barabasi_albert_10ins_m20,50,SpecAnn-64,0.1984189475331362,1.00000001,-31510455.0,0.0114479064941406,0,True,36,33,True,5,64,2025-11-16 06:59:41
ba_131072_1_6.txt,barabasi_albert_10ins_m20,50,SpecAnn-64,0.2173570668006655,1.00000001,-31537625.0,0.0114850997924804,0,True,36,33,True,6,64,2025-11-16 06:59:41
ba_131072_1_6.txt,barabasi_albert_10ins_m20,50,SpecAnn-64,0.2347724648169381,1.00000001,-31454951.0,0.0116951465606689,0,True,36,33,True,7,64,2025-11-16 06:59:41
ba_131072_1_6.txt,barabasi_albert_10ins_m20,50,SpecAnn-64,0.2509823220552634,1.00000001,-31451013.0,0.0115396976470947,0,True,36,33,True,8,64,2025-11-16 06:59:41
ba_131072_1_6.txt,barabasi_albert_10ins_m20,50,SpecAnn-64,0.2662069528248341,1.00000001,-31539249.0,0.011514663696289,0,True,36,33,True,9,64,2025-11-16 06:59:41
ba_131072_1_6.txt,barabasi_albert_10ins_m20,50,SpecAnn-64,0.2806067666331568,1.00000001,-31536213.0,0.0116138458251953,0,True,36,33,True,10,64,2025-11-16 06:59:41
ba_131072_1_6.txt,barabasi_albert_10ins_m20,50,SpecAnn-64,0.2943028597012718,1.00000001,-31533147.000000004,0.0115149021148681,0,True,36,33,True,11,64,2025-11-16 06:59:41
ba_131072_1_6.txt,barabasi_albert_10ins_m20,50,SpecAnn-64,0.3073893117471359,1.00000001,-31487579.000000004,0.0114796161651611,0,True,36,33,True,12,64,2025-11-16 06:59:41
ba_131072_1_6.txt,barabasi_albert_10ins_m20,50,SpecAnn-64,0.3199409394316542,1.00000001,-31408452.999999996,0.0114867687225341,0,True,36,33,True,13,64,2025-11-16 06:59:41
ba_131072_1_6.txt,barabasi_albert_10ins_m20,50,SpecAnn-64,0.3320184038158743,1.00000001,-31478902.999999996,0.0115993022918701,0,True,36,33,True,14,64,2025-11-16 06:59:41
ba_131072_1_6.txt,barabasi_albert_10ins_m20,50,SpecAnn-64,0.3436716983117353,1.00000001,-31572017.0,0.0114657878875732,0,True,36,33,True,15,64,2025-11-16 06:59:41
ba_131072_1_6.txt,barabasi_albert_10ins_m20,50,SpecAnn-64,0.3549426037664455,1.00000001,-31469327.0,0.011528730392456,0,True,36,33,True,16,64,2025-11-16 06:59:41
ba_131072_1_6.txt,barabasi_albert_10ins_m20,50,SpecAnn-64,0.3658664615902029,1.00000001,-31559063.000000004,0.0115001201629638,0,True,36,33,True,17,64,2025-11-16 06:59:41
ba_131072_1_6.txt,barabasi_albert_10ins_m20,50,SpecAnn-64,0.3764734830828951,1.00000001,-31500599.0,0.0114886760711669,0,True,36,33,True,18,64,2025-11-16 06:59:41
ba_131072_1_6.txt,barabasi_albert_10ins_m20,50,SpecAnn-64,0.3867897351437838,1.00000001,-31528749.0,0.0114808082580566,0,True,36,33,True,19,64,2025-11-16 06:59:41
ba_131072_1_6.txt,barabasi_albert_10ins_m20,50,SpecAnn-64,0.3968378950662725,1.00000001,-31476535.000000004,0.0115740299224853,0,True,36,33,True,20,64,2025-11-16 06:59:41
ba_131072_1_6.txt,barabasi_albert_10ins_m20,50,SpecAnn-64,0.4066378372811136,1.00000001,-31524261.000000004,0.0114495754241943,0,True,36,33,True,21,64,2025-11-16 06:59:42
ba_131072_1_6.txt,barabasi_albert_10ins_m20,50,SpecAnn-64,0.4162070956347247,1.00000001,-31491725.0,0.0114972591400146,0,True,36,33,True,22,64,2025-11-16 06:59:42
ba_131072_1_6.txt,barabasi_albert_10ins_m20,50,SpecAnn-64,0.4255612320274539,1.00000001,-31514389.0,0.0115165710449218,0,True,36,33,True,23,64,2025-11-16 06:59:42
ba_131072_1_6.txt,barabasi_albert_10ins_m20,50,SpecAnn-64,0.434714133601331,1.00000001,-31549049.0,0.011451244354248,0,True,36,33,True,24,64,2025-11-16 06:59:42
ba_131072_1_6.txt,barabasi_albert_10ins_m20,50,SpecAnn-64,0.4436782547080569,1.00000001,-31545579.0,0.0115017890930175,0,True,36,33,True,25,64,2025-11-16 06:59:42
ba_131072_1_6.txt,barabasi_albert_10ins_m20,50,SpecAnn-64,0.4524648157026343,1.00000001,-31556209.0,0.0115087032318115,0,True,36,33,True,26,64,2025-11-16 06:59:42
ba_131072_1_6.txt,barabasi_albert_10ins_m20,50,SpecAnn-64,0.4610839676207039,1.00000001,-31515073.0,0.0115137100219726,0,True,36,33,True,27,64,2025-11-16 06:59:42
ba_131072_1_6.txt,barabasi_albert_10ins_m20,50,SpecAnn-64,0.4695449296338763,1.00000001,-31548789.0,0.011472463607788,0,True,36,33,True,28,64,2025-11-16 06:59:42
ba_131072_1_6.txt,barabasi_albert_10ins_m20,50,SpecAnn-64,0.4778561045889373,1.00000001,-31515760.999999996,0.0114843845367431,0,True,36,33,True,29,64,2025-11-16 06:59:42
ba_131072_1_6.txt,barabasi_albert_10ins_m20,50,SpecAnn-64,0.4860251767562508,1.00000001,-31511275.0,0.0114951133728027,0,True,36,33,True,30,64,2025-11-16 06:59:42
ba_131072_1_6.txt,barabasi_albert_10ins_m20,50,SpecAnn-64,0.4940591950252281,1.00000001,-31490075.0,0.0116806030273437,0,True,36,33,True,31,64,2025-11-16 06:59:42
ba_131072_1_6.txt,barabasi_albert_10ins_m20,50,SpecAnn-64,0.5019646441105269,1.00000001,-31567099.0,0.011730670928955,0,True,36,33,True,32,64,2025-11-16 06:59:42
ba_131072_1_6.txt,barabasi_albert_10ins_m20,50,SpecAnn-64,0.5097475058154177,1.00000001,-31541239.000000004,0.0116446018218994,0,True,36,33,True,33,64,2025-11-16 06:59:42
ba_131072_1_6.txt,barabasi_albert_10ins_m20,50,SpecAnn-64,0.51741331199832,1.00000001,-31542209.0,0.0114834308624267,0,True,36,33,True,34,64,2025-11-16 06:59:42
ba_131072_1_6.txt,barabasi_albert_10ins_m20,50,SpecAnn-64,0.5249671905758515,1.00000001,-31580044.999999996,0.0114603042602539,0,True,36,33,True,35,64,2025-11-16 06:59:42
ba_131072_1_6.txt,barabasi_albert_10ins_m20,50,SpecAnn-64,0.5324139056496683,1.00000001,-31600269.0,0.0114760398864746,0,True,36,33,True,36,64,2025-11-16 06:59:42
ba_131072_1_6.txt,barabasi_albert_10ins_m20,50,SpecAnn-64,0.5397578926492556,1.00000001,-31632135.0,0.0114521980285644,0,True,36,33,True,37,64,2025-11-16 06:59:42
ba_131072_1_6.txt,barabasi_albert_10ins_m20,50,SpecAnn-64,0.5470032892270364,1.00000001,-31595990.999999996,0.0115301609039306,0,True,36,33,True,38,64,2025-11-16 06:59:42
ba_131072_1_6.txt,barabasi_albert_10ins_m20,50,SpecAnn-64,0.554153962516942,1.00000001,-31541229.0,0.0115320682525634,0,True,36,33,True,39,64,2025-11-16 06:59:42
ba_131072_1_6.txt,barabasi_albert_10ins_m20,50,SpecAnn-64,0.5612135332663137,1.00000001,-31564685.000000004,0.0114462375640869,0,True,36,33,True,40,64,2025-11-16 06:59:42
ba_131072_1_6.txt,barabasi_albert_10ins_m20,50,SpecAnn-64,0.5681853972686127,1.00000001,-31598579.0,0.0114598274230957,0,True,36,33,True,41,64,2025-11-16 06:59:42
ba_131072_1_6.txt,barabasi_albert_10ins_m20,50,SpecAnn-64,0.5750727444570146,1.00000001,-31556843.0,0.0114617347717285,0,True,36,33,True,42,64,2025-11-16 06:59:42
ba_131072_1_6.txt,barabasi_albert_10ins_m20,50,SpecAnn-64,0.5818785759635375,1.00000001,-31598251.0,0.0114302635192871,0,True,36,33,True,43,64,2025-11-16 06:59:42
ba_131072_1_6.txt,barabasi_albert_10ins_m20,50,SpecAnn-64,0.5886057194025436,1.00000001,-31533178.999999996,0.0114450454711914,0,True,36,33,True,44,64,2025-11-16 06:59:42
ba_131072_1_6.txt,barabasi_albert_10ins_m20,50,SpecAnn-64,0.5952568425994088,1.00000001,-31577951.000000004,0.0114421844482421,0,True,36,33,True,45,64,2025-11-16 06:59:42
ba_131072_1_6.txt,barabasi_albert_10ins_m20,50,SpecAnn-64,0.6018344659534288,1.00000001,-31591521.0,0.0114932060241699,0,True,36,33,True,46,64,2025-11-16 06:59:42
ba_131072_1_6.txt,barabasi_albert_10ins_m20,50,SpecAnn-64,0.6083409735974393,1.00000001,-31580889.0,0.0114943981170654,0,True,36,33,True,47,64,2025-11-16 06:59:42
ba_131072_1_6.txt,barabasi_albert_10ins_m20,50,SpecAnn-64,0.6147786234942719,1.00000001,-31614311.0,0.0114974975585937,0,True,36,33,True,48,64,2025-11-16 06:59:42
ba_131072_1_6.txt,barabasi_albert_10ins_m20,50,SpecAnn-64,0.6211495565912796,1.00000001,-31656707.000000004,0.0114443302154541,0,True,36,33,True,49,64,2025-11-16 06:59:42
ba_131072_1_6.txt,barabasi_albert_10ins_m20,50,SpecAnn-64,0.6274558051381586,1.00000001,-31646139.0,0.0114393234252929,0,True,36,33,True,50,64,2025-11-16 06:59:42
ba_131072_1_6.txt,barabasi_albert_10ins_m20,50,SpecAnn-64,0.6336993002596786,1.00000001,-31699081.0,0.0115270614624023,0,True,36,33,True,51,64,2025-11-16 06:59:42
ba_131072_1_6.txt,barabasi_albert_10ins_m20,50,SpecAnn-64,0.6398818788633085,1.00000001,-31615169.0,0.0117218494415283,0,True,36,33,True,52,64,2025-11-16 06:59:42
ba_131072_1_6.txt,barabasi_albert_10ins_m20,50,SpecAnn-64,0.6460052899517691,1.00000001,-31612405.0,0.0117049217224121,0,True,36,33,True,53,64,2025-11-16 06:59:42
ba_131072_1_6.txt,barabasi_albert_10ins_m20,50,SpecAnn-64,0.6520712004019966,1.00000001,-31560557.0,0.0116169452667236,0,True,36,33,True,54,64,2025-11-16 06:59:42
ba_131072_1_6.txt,barabasi_albert_10ins_m20,50,SpecAnn-64,0.6580812002646271,1.00000001,-31660211.000000004,0.0114698410034179,0,True,36,33,True,55,64,2025-11-16 06:59:42
ba_131072_1_6.txt,barabasi_albert_10ins_m20,50,SpecAnn-64,0.6640368076317485,1.00000001,-31689051.0,0.0115275382995605,0,True,36,33,True,56,64,2025-11-16 06:59:42
ba_131072_1_6.txt,barabasi_albert_10ins_m20,50,SpecAnn-64,0.6699394731151429,1.00000001,-31640095.0,0.0114638805389404,0,True,36,33,True,57,64,2025-11-16 06:59:42
ba_131072_1_6.txt,barabasi_albert_10ins_m20,50,SpecAnn-64,0.6757905839724513,1.00000001,-31688717.0,0.0115034580230712,0,True,36,33,True,58,64,2025-11-16 06:59:42
ba_131072_1_6.txt,barabasi_albert_10ins_m20,50,SpecAnn-64,0.6815914679145113,1.00000001,-31677020.999999996,0.0114867687225341,0,True,36,33,True,59,64,2025-11-16 06:59:42
ba_131072_1_6.txt,barabasi_albert_10ins_m20,50,SpecAnn-64,0.6873433966234707,1.00000001,-31689785.0,0.0114755630493164,0,True,36,33,True,60,64,2025-11-16 06:59:42
ba_131072_1_6.txt,barabasi_albert_10ins_m20,50,SpecAnn-64,0.6930475890080863,1.00000001,-31665075.000000004,0.0114645957946777,0,True,36,33,True,61,64,2025-11-16 06:59:42
ba_131072_1_6.txt,barabasi_albert_10ins_m20,50,SpecAnn-64,0.6987052142198116,1.00000001,-31710419.0,0.0114738941192626,0,True,36,33,True,62,64,2025-11-16 06:59:42
ba_131072_1_6.txt,barabasi_albert_10ins_m20,50,SpecAnn-64,0.7043173944508145,1.00000001,-31673315.0,0.0114548206329345,0,True,36,33,True,63,64,2025-11-16 06:59:42
ba_131072_1_6.txt,barabasi_albert_10ins_m20,50,SpecAnn-64,0.709885207532891,1.00000001,-31672643.0,0.011521577835083,0,True,36,33,True,64,64,2025-11-16 06:59:42
ba_131072_1_6.txt,barabasi_albert_10ins_m20,50,SpecAnn-64,0.7154096893543218,1.00000001,-31734749.0,0.0114727020263671,0,True,36,33,True,65,64,2025-11-16 06:59:42
ba_131072_1_6.txt,barabasi_albert_10ins_m20,50,SpecAnn-64,0.7208918361100219,1.00000001,-31767951.0,0.011486530303955,0,True,36,33,True,66,64,2025-11-16 06:59:42
ba_131072_1_6.txt,barabasi_albert_10ins_m20,50,SpecAnn-64,0.7263326063988248,1.00000001,-31725677.0,0.0114805698394775,0,True,36,33,True,67,64,2025-11-16 06:59:42
ba_131072_1_6.txt,barabasi_albert_10ins_m20,50,SpecAnn-64,0.7317329231804058,1.00000001,-31749793.0,0.0114786624908447,0,True,36,33,True,68,64,2025-11-16 06:59:42
ba_131072_1_6.txt,barabasi_albert_10ins_m20,50,SpecAnn-64,0.7370936756031579,1.00000001,-31797373.000000004,0.0115034580230712,0,True,36,33,True,69,64,2025-11-16 06:59:42
ba_131072_1_6.txt,barabasi_albert_10ins_m20,50,SpecAnn-64,0.7424157207132704,1.00000001,-31781287.000000004,0.0114703178405761,0,True,36,33,True,70,64,2025-11-16 06:59:42
ba_131072_1_6.txt,barabasi_albert_10ins_m20,50,SpecAnn-64,0.7476998850543153,1.00000001,-31672207.0,0.0114657878875732,0,True,36,33,True,71,64,2025-11-16 06:59:42
ba_131072_1_6.txt,barabasi_albert_10ins_m20,50,SpecAnn-64,0.7529469661657903,1.00000001,-31801913.0,0.0114927291870117,0,True,36,33,True,72,64,2025-11-16 06:59:42
ba_131072_1_6.txt,barabasi_albert_10ins_m20,50,SpecAnn-64,0.7581577339883167,1.00000001,-31810271.0,0.0115704536437988,0,True,36,33,True,73,64,2025-11-16 06:59:42
ba_131072_1_6.txt,barabasi_albert_10ins_m20,50,SpecAnn-64,0.7633329321824984,1.00000001,-31812603.000000004,0.0118114948272705,0,True,36,33,True,74,64,2025-11-16 06:59:42
ba_131072_1_6.txt,barabasi_albert_10ins_m20,50,SpecAnn-64,0.7684732793678399,1.00000001,-31839421.0,0.0117411613464355,0,True,36,33,True,75,64,2025-11-16 06:59:42
ba_131072_1_6.txt,barabasi_albert_10ins_m20,50,SpecAnn-64,0.7735794702875677,1.00000001,-31847125.0,0.0117177963256835,0,True,36,33,True,76,64,2025-11-16 06:59:42
ba_131072_1_6.txt,barabasi_albert_10ins_m20,50,SpecAnn-64,0.7786521769046981,1.00000001,-31853393.000000007,0.01153564453125,0,True,36,33,True,77,64,2025-11-16 06:59:42
ba_131072_1_6.txt,barabasi_albert_10ins_m20,50,SpecAnn-64,0.7836920494342511,1.00000001,-31902515.0,0.0114641189575195,0,True,36,33,True,78,64,2025-11-16 06:59:42
ba_131072_1_6.txt,barabasi_albert_10ins_m20,50,SpecAnn-64,0.788699717316095,1.00000001,-31882095.0,0.0114922523498535,0,True,36,33,True,79,64,2025-11-16 06:59:42
ba_131072_1_6.txt,barabasi_albert_10ins_m20,50,SpecAnn-64,0.7936757901325451,1.00000001,-31825397.0,0.0114898681640625,0,True,36,33,True,80,64,2025-11-16 06:59:42
ba_131072_1_6.txt,barabasi_albert_10ins_m20,50,SpecAnn-64,0.7986208584745024,1.00000001,-31926991.0,0.0115416049957275,0,True,36,33,True,81,64,2025-11-16 06:59:42
ba_131072_1_6.txt,barabasi_albert_10ins_m20,50,SpecAnn-64,0.803535494759617,1.00000001,-31889263.0,0.0115125179290771,0,True,36,33,True,82,64,2025-11-16 06:59:42
ba_131072_1_6.txt,barabasi_albert_10ins_m20,50,SpecAnn-64,0.8084202540056837,1.00000001,-31881391.0,0.0114693641662597,0,True,36,33,True,83,64,2025-11-16 06:59:42
ba_131072_1_6.txt,barabasi_albert_10ins_m20,50,SpecAnn-64,0.8132756745622272,1.00000001,-31890849.0,0.0114674568176269,0,True,36,33,True,84,64,2025-11-16 06:59:42
ba_131072_1_6.txt,barabasi_albert_10ins_m20,50,SpecAnn-64,0.8181022788030096,1.00000001,-31925677.000000004,0.0114350318908691,0,True,36,33,True,85,64,2025-11-16 06:59:42
ba_131072_1_6.txt,barabasi_albert_10ins_m20,50,SpecAnn-64,0.822900573781978,1.00000001,-32041955.000000004,0.0115425586700439,0,True,36,33,True,86,64,2025-11-16 06:59:42
ba_131072_1_6.txt,barabasi_albert_10ins_m20,50,SpecAnn-64,0.8276710518549868,1.00000001,-31921241.000000004,0.0115251541137695,0,True,36,33,True,87,64,2025-11-16 06:59:42
ba_131072_1_6.txt,barabasi_albert_10ins_m20,50,SpecAnn-64,0.8324141912694495,1.00000001,-32040291.0,0.0115385055541992,0,True,36,33,True,88,64,2025-11-16 06:59:42
ba_131072_1_6.txt,barabasi_albert_10ins_m20,50,SpecAnn-64,0.8371304567239225,1.00000001,-32064965.0,0.0115010738372802,0,True,36,33,True,89,64,2025-11-16 06:59:42
ba_131072_1_6.txt,barabasi_albert_10ins_m20,50,SpecAnn-64,0.8418202998994706,1.00000001,-32121653.0,0.0115349292755126,0,True,36,33,True,90,64,2025-11-16 06:59:42
ba_131072_1_6.txt,barabasi_albert_10ins_m20,50,SpecAnn-64,0.846484159964536,1.00000001,-32116111.000000004,0.011589765548706,0,True,36,33,True,91,64,2025-11-16 06:59:42
ba_131072_1_6.txt,barabasi_albert_10ins_m20,50,SpecAnn-64,0.8511224640549078,1.00000001,-32109355.0,0.0115749835968017,0,True,36,33,True,92,64,2025-11-16 06:59:42
ba_131072_1_6.txt,barabasi_albert_10ins_m20,50,SpecAnn-64,0.8557356277302758,1.00000001,-32105943.0,0.011476993560791,0,True,36,33,True,93,64,2025-11-16 06:59:42
ba_131072_1_6.txt,barabasi_albert_10ins_m20,50,SpecAnn-64,0.8603240554087516,1.00000001,-32142065.0,0.0115106105804443,0,True,36,33,True,94,64,2025-11-16 06:59:42
ba_131072_1_6.txt,barabasi_albert_10ins_m20,50,SpecAnn-64,0.86488814078064,1.00000001,-32215331.0,0.0117075443267822,0,True,36,33,True,95,64,2025-11-16 06:59:42
ba_131072_1_6.txt,barabasi_albert_10ins_m20,50,SpecAnn-64,0.8694282672026621,1.00000001,-32199499.000000004,0.0117087364196777,0,True,36,33,True,96,64,2025-11-16 06:59:42
ba_131072_1_6.txt,barabasi_albert_10ins_m20,50,SpecAnn-64,0.8739448080737451,1.00000001,-32226739.000000004,0.0116851329803466,0,True,36,33,True,97,64,2025-11-16 06:59:42
ba_131072_1_6.txt,barabasi_albert_10ins_m20,50,SpecAnn-64,0.878438127193422,1.00000001,-32324405.0,0.0115501880645751,0,True,36,33,True,98,64,2025-11-16 06:59:42
ba_131072_1_6.txt,barabasi_albert_10ins_m20,50,SpecAnn-64,0.8829085791038153,1.00000001,-32336575.0,0.0114490985870361,0,True,36,33,True,99,64,2025-11-16 06:59:42
ba_131072_1_6.txt,barabasi_albert_10ins_m20,50,SpecAnn-64,0.8873565094161138,1.00000001,-32357541.0,0.01151704788208,0,True,36,33,True,100,64,2025-11-16 06:59:42
ba_131072_1_6.txt,barabasi_albert_10ins_m20,50,SpecAnn-64,0.8917822551223932,1.00000001,-32374201.0,0.0115251541137695,0,True,36,33,True,101,64,2025-11-16 06:59:42
ba_131072_1_6.txt,barabasi_albert_10ins_m20,50,SpecAnn-64,0.8961861448935777,1.00000001,-32398513.0,0.0114920139312744,0,True,36,33,True,102,64,2025-11-16 06:59:42
ba_131072_1_6.txt,barabasi_albert_10ins_m20,50,SpecAnn-64,0.9005684993642872,1.00000001,-32461985.000000004,0.0115416049957275,0,True,36,33,True,103,64,2025-11-16 06:59:42
ba_131072_1_6.txt,barabasi_albert_10ins_m20,50,SpecAnn-64,0.9049296314052688,1.00000001,-32497217.0,0.0114784240722656,0,True,36,33,True,104,64,2025-11-16 06:59:42
ba_131072_1_6.txt,barabasi_albert_10ins_m20,50,SpecAnn-64,0.9092698463840684,1.00000001,-32560075.000000004,0.0114552974700927,0,True,36,33,True,105,64,2025-11-16 06:59:42
ba_131072_1_6.txt,barabasi_albert_10ins_m20,50,SpecAnn-64,0.9135894424145556,1.00000001,-32589127.0,0.0114808082580566,0,True,36,33,True,106,64,2025-11-16 06:59:42
ba_131072_1_6.txt,barabasi_albert_10ins_m20,50,SpecAnn-64,0.9178887105958816,1.00000001,-32619473.0,0.0115044116973876,0,True,36,33,True,107,64,2025-11-16 06:59:43
ba_131072_1_6.txt,barabasi_albert_10ins_m20,50,SpecAnn-64,0.922167935241408,1.00000001,-32723605.0,0.011561632156372,0,True,36,33,True,108,64,2025-11-16 06:59:43
ba_131072_1_6.txt,barabasi_albert_10ins_m20,50,SpecAnn-64,0.92642739409812,1.00000001,-32726771.0,0.0115516185760498,0,True,36,33,True,109,64,2025-11-16 06:59:43
ba_131072_1_6.txt,barabasi_albert_10ins_m20,50,SpecAnn-64,0.9306673585570006,1.00000001,-32835871.0,0.0221531391143798,0,True,36,65,True,110,64,2025-11-16 06:59:43
ba_131072_1_6.txt,barabasi_albert_10ins_m20,50,SpecAnn-64,0.9348880938548184,1.00000001,-32908605.0,0.0220367908477783,0,True,36,65,True,111,64,2025-11-16 06:59:43
ba_131072_1_6.txt,barabasi_albert_10ins_m20,50,SpecAnn-64,0.9390898592677528,1.00000001,-32935563.0,0.0219724178314209,0,True,36,65,True,112,64,2025-11-16 06:59:43
ba_131072_1_6.txt,barabasi_albert_10ins_m20,50,SpecAnn-64,0.9432729082972536,1.00000001,-33003999.0,0.0220229625701904,0,True,36,65,True,113,64,2025-11-16 06:59:43
ba_131072_1_6.txt,barabasi_albert_10ins_m20,50,SpecAnn-64,0.9474374888485204,1.00000001,-33043699.000000004,0.0328550338745117,0,True,36,97,True,114,64,2025-11-16 06:59:43
ba_131072_1_6.txt,barabasi_albert_10ins_m20,50,SpecAnn-64,0.9515838434019476,1.00000001,-33131941.000000004,0.0537981986999511,0,True,36,161,True,115,64,2025-11-16 06:59:43
ba_131072_1_6.txt,barabasi_albert_10ins_m20,50,SpecAnn-64,0.9557122091778746,1.00000001,-33123011.000000004,0.0854501724243164,0,True,36,257,True,116,64,2025-11-16 06:59:43
ba_131072_1_6.txt,barabasi_albert_10ins_m20,50,SpecAnn-64,0.9598228182949629,1.00000001,-33032137.0,0.1598033905029297,0,True,36,481,True,117,64,2025-11-16 06:59:43
ba_131072_1_6.txt,barabasi_albert_10ins_m20,50,SpecAnn-64,0.963915897922488,1.00000001,-32931143.0,0.2225542068481445,0,True,36,673,True,118,64,2025-11-16 06:59:43
ba_131072_1_6.txt,barabasi_albert_10ins_m20,50,SpecAnn-64,0.967991670426842,1.00000001,-32944653.000000004,0.1060595512390136,0,True,36,321,True,119,64,2025-11-16 06:59:43
ba_131072_1_6.txt,barabasi_albert_10ins_m20,50,SpecAnn-64,0.9720503535125016,1.00000001,-32913157.0,0.3380079269409179,0,True,36,1025,True,120,64,2025-11-16 06:59:44
ba_131072_1_6.txt,barabasi_albert_10ins_m20,50,SpecAnn-64,0.9760921603577252,1.00000001,-32926183.0,0.3413376808166504,0,True,36,1025,True,121,64,2025-11-16 06:59:44
ba_131072_1_6.txt,barabasi_albert_10ins_m20,50,SpecAnn-64,0.9801172997452104,1.00000001,-32943291.0,0.3402180671691894,0,True,36,1025,True,122,64,2025-11-16 06:59:44
ba_131072_1_6.txt,barabasi_albert_10ins_m20,50,SpecAnn-64,0.9841259761879442,1.00000001,-32835965.0,0.3397908210754394,0,True,36,1025,True,123,64,2025-11-16 06:59:45
ba_131072_1_6.txt,barabasi_albert_10ins_m20,50,SpecAnn-64,0.9881183900504562,1.00000001,-32844579.0,0.3386871814727783,0,True,36,1025,True,124,64,2025-11-16 06:59:45
ba_131072_1_6.txt,barabasi_albert_10ins_m20,50,SpecAnn-64,0.9920947376656812,1.00000001,-32837483.0,0.2853024005889892,0,True,36,865,True,125,64,2025-11-16 06:59:45
ba_131072_1_6.txt,barabasi_albert_10ins_m20,50,SpecAnn-64,0.9960552114476228,1.00000001,-32774703.0,0.2211291790008545,0,True,36,673,True,126,64,2025-11-16 06:59:45
ba_131072_1_6.txt,barabasi_albert_10ins_m20,50,SpecAnn-64,1.0,1.00000001,-32777861.0,0.1795194149017334,0,True,36,545,True,127,64,2025-11-16 06:59:46
ba_131072_1_6.txt,barabasi_albert_10ins_m20,51,SpecAnn-64,0.0,1.00000001,-31590302.999999996,0.015999555587768555,0,True,36,33,True,0,64,2025-11-16 06:59:47
ba_131072_1_6.txt,barabasi_albert_10ins_m20,51,SpecAnn-64,0.08873565094161137,1.00000001,-31539816.999999996,0.011535406112670898,0,True,36,33,True,1,64,2025-11-16 06:59:47
ba_131072_1_6.txt,barabasi_albert_10ins_m20,51,SpecAnn-64,0.12549116102763172,1.00000001,-31460463.0,0.011492252349853516,0,True,36,33,True,2,64,2025-11-16 06:59:47
ba_131072_1_6.txt,barabasi_albert_10ins_m20,51,SpecAnn-64,0.15369465587356798,1.00000001,-31582111.000000004,0.011522531509399414,0,True,36,33,True,3,64,2025-11-16 06:59:47
ba_131072_1_6.txt,barabasi_albert_10ins_m20,51,SpecAnn-64,0.17747130188322274,1.00000001,-31469077.0,0.011534452438354492,0,True,36,33,True,4,64,2025-11-16 06:59:47
ba_131072_1_6.txt,barabasi_albert_10ins_m20,51,SpecAnn-64,0.19841894753313627,1.00000001,-31520777.0,0.01163482666015625,0,True,36,33,True,5,64,2025-11-16 06:59:47
ba_131072_1_6.txt,barabasi_albert_10ins_m20,51,SpecAnn-64,0.21735706680066552,1.00000001,-31520319.0,0.011668205261230469,0,True,36,33,True,6,64,2025-11-16 06:59:47
ba_131072_1_6.txt,barabasi_albert_10ins_m20,51,SpecAnn-64,0.23477246481693817,1.00000001,-31453157.0,0.011709928512573242,0,True,36,33,True,7,64,2025-11-16 06:59:47
ba_131072_1_6.txt,barabasi_albert_10ins_m20,51,SpecAnn-64,0.25098232205526344,1.00000001,-31527404.999999996,0.01150822639465332,0,True,36,33,True,8,64,2025-11-16 06:59:47
ba_131072_1_6.txt,barabasi_albert_10ins_m20,51,SpecAnn-64,0.26620695282483414,1.00000001,-31577491.0,0.011568784713745117,0,True,36,33,True,9,64,2025-11-16 06:59:47
ba_131072_1_6.txt,barabasi_albert_10ins_m20,51,SpecAnn-64,0.28060676663315687,1.00000001,-31591443.0,0.011578083038330078,0,True,36,33,True,10,64,2025-11-16 06:59:47
ba_131072_1_6.txt,barabasi_albert_10ins_m20,51,SpecAnn-64,0.2943028597012718,1.00000001,-31509692.999999996,0.01152348518371582,0,True,36,33,True,11,64,2025-11-16 06:59:47
ba_131072_1_6.txt,barabasi_albert_10ins_m20,51,SpecAnn-64,0.30738931174713596,1.00000001,-31547133.0,0.011489391326904297,0,True,36,33,True,12,64,2025-11-16 06:59:47
ba_131072_1_6.txt,barabasi_albert_10ins_m20,51,SpecAnn-64,0.31994093943165425,1.00000001,-31565253.0,0.011493444442749023,0,True,36,33,True,13,64,2025-11-16 06:59:47
ba_131072_1_6.txt,barabasi_albert_10ins_m20,51,SpecAnn-64,0.3320184038158743,1.00000001,-31518846.999999996,0.011496543884277344,0,True,36,33,True,14,64,2025-11-16 06:59:47
ba_131072_1_6.txt,barabasi_albert_10ins_m20,51,SpecAnn-64,0.34367169831173533,1.00000001,-31487693.0,0.011438131332397461,0,True,36,33,True,15,64,2025-11-16 06:59:47
ba_131072_1_6.txt,barabasi_albert_10ins_m20,51,SpecAnn-64,0.3549426037664455,1.00000001,-31524473.000000004,0.011510372161865234,0,True,36,33,True,16,64,2025-11-16 06:59:47
ba_131072_1_6.txt,barabasi_albert_10ins_m20,51,SpecAnn-64,0.3658664615902029,1.00000001,-31532872.999999996,0.011471033096313477,0,True,36,33,True,17,64,2025-11-16 06:59:47
ba_131072_1_6.txt,barabasi_albert_10ins_m20,51,SpecAnn-64,0.37647348308289513,1.00000001,-31578383.0,0.011501073837280273,0,True,36,33,True,18,64,2025-11-16 06:59:47
ba_131072_1_6.txt,barabasi_albert_10ins_m20,51,SpecAnn-64,0.38678973514378384,1.00000001,-31521258.999999996,0.011475563049316406,0,True,36,33,True,19,64,2025-11-16 06:59:47
ba_131072_1_6.txt,barabasi_albert_10ins_m20,51,SpecAnn-64,0.39683789506627254,1.00000001,-31449294.999999996,0.011418581008911133,0,True,36,33,True,20,64,2025-11-16 06:59:47
ba_131072_1_6.txt,barabasi_albert_10ins_m20,51,SpecAnn-64,0.4066378372811136,1.00000001,-31571455.0,0.011481285095214844,0,True,36,33,True,21,64,2025-11-16 06:59:47
ba_131072_1_6.txt,barabasi_albert_10ins_m20,51,SpecAnn-64,0.41620709563472474,1.00000001,-31583460.999999996,0.011479616165161133,0,True,36,33,True,22,64,2025-11-16 06:59:47
ba_131072_1_6.txt,barabasi_albert_10ins_m20,51,SpecAnn-64,0.4255612320274539,1.00000001,-31574130.999999996,0.011437654495239258,0,True,36,33,True,23,64,2025-11-16 06:59:47
ba_131072_1_6.txt,barabasi_albert_10ins_m20,51,SpecAnn-64,0.43471413360133104,1.00000001,-31581236.999999996,0.011476993560791016,0,True,36,33,True,24,64,2025-11-16 06:59:47
ba_131072_1_6.txt,barabasi_albert_10ins_m20,51,SpecAnn-64,0.4436782547080569,1.00000001,-31486901.0,0.011654138565063477,0,True,36,33,True,25,64,2025-11-16 06:59:47
ba_131072_1_6.txt,barabasi_albert_10ins_m20,51,SpecAnn-64,0.45246481570263436,1.00000001,-31528594.999999996,0.01171422004699707,0,True,36,33,True,26,64,2025-11-16 06:59:47
ba_131072_1_6.txt,barabasi_albert_10ins_m20,51,SpecAnn-64,0.46108396762070397,1.00000001,-31508983.000000004,0.011731863021850586,0,True,36,33,True,27,64,2025-11-16 06:59:47
ba_131072_1_6.txt,barabasi_albert_10ins_m20,51,SpecAnn-64,0.46954492963387634,1.00000001,-31453229.0,0.011434078216552734,0,True,36,33,True,28,64,2025-11-16 06:59:47
ba_131072_1_6.txt,barabasi_albert_10ins_m20,51,SpecAnn-64,0.4778561045889373,1.00000001,-31609524.999999993,0.011420488357543945,0,True,36,33,True,29,64,2025-11-16 06:59:47
ba_131072_1_6.txt,barabasi_albert_10ins_m20,51,SpecAnn-64,0.48602517675625084,1.00000001,-31588606.999999996,0.011455774307250977,0,True,36,33,True,30,64,2025-11-16 06:59:47
ba_131072_1_6.txt,barabasi_albert_10ins_m20,51,SpecAnn-64,0.4940591950252281,1.00000001,-31631254.999999996,0.011558294296264648,0,True,36,33,True,31,64,2025-11-16 06:59:47
ba_131072_1_6.txt,barabasi_albert_10ins_m20,51,SpecAnn-64,0.5019646441105269,1.00000001,-31611116.999999996,0.011525630950927734,0,True,36,33,True,32,64,2025-11-16 06:59:47
ba_131072_1_6.txt,barabasi_albert_10ins_m20,51,SpecAnn-64,0.5097475058154177,1.00000001,-31571396.999999996,0.011504173278808594,0,True,36,33,True,33,64,2025-11-16 06:59:47
ba_131072_1_6.txt,barabasi_albert_10ins_m20,51,SpecAnn-64,0.51741331199832,1.00000001,-31620202.999999993,0.01149892807006836,0,True,36,33,True,34,64,2025-11-16 06:59:47
ba_131072_1_6.txt,barabasi_albert_10ins_m20,51,SpecAnn-64,0.5249671905758515,1.00000001,-31579071.0,0.011525154113769531,0,True,36,33,True,35,64,2025-11-16 06:59:47
ba_131072_1_6.txt,barabasi_albert_10ins_m20,51,SpecAnn-64,0.5324139056496683,1.00000001,-31613987.000000004,0.011535167694091797,0,True,36,33,True,36,64,2025-11-16 06:59:47
ba_131072_1_6.txt,barabasi_albert_10ins_m20,51,SpecAnn-64,0.5397578926492556,1.00000001,-31581099.0,0.011505126953125,0,True,36,33,True,37,64,2025-11-16 06:59:47
ba_131072_1_6.txt,barabasi_albert_10ins_m20,51,SpecAnn-64,0.5470032892270364,1.00000001,-31594752.999999996,0.011456966400146484,0,True,36,33,True,38,64,2025-11-16 06:59:47
ba_131072_1_6.txt,barabasi_albert_10ins_m20,51,SpecAnn-64,0.554153962516942,1.00000001,-31594639.0,0.011508941650390625,0,True,36,33,True,39,64,2025-11-16 06:59:47
ba_131072_1_6.txt,barabasi_albert_10ins_m20,51,SpecAnn-64,0.5612135332663137,1.00000001,-31693951.0,0.011439800262451172,0,True,36,33,True,40,64,2025-11-16 06:59:47
ba_131072_1_6.txt,barabasi_albert_10ins_m20,51,SpecAnn-64,0.5681853972686127,1.00000001,-31637027.0,0.011449813842773438,0,True,36,33,True,41,64,2025-11-16 06:59:47
ba_131072_1_6.txt,barabasi_albert_10ins_m20,51,SpecAnn-64,0.5750727444570146,1.00000001,-31639829.0,0.011451482772827148,0,True,36,33,True,42,64,2025-11-16 06:59:47
ba_131072_1_6.txt,barabasi_albert_10ins_m20,51,SpecAnn-64,0.5818785759635375,1.00000001,-31664069.0,0.011650562286376953,0,True,36,33,True,43,64,2025-11-16 06:59:47
ba_131072_1_6.txt,barabasi_albert_10ins_m20,51,SpecAnn-64,0.5886057194025436,1.00000001,-31636537.000000004,0.011746644973754883,0,True,36,33,True,44,64,2025-11-16 06:59:47
ba_131072_1_6.txt,barabasi_albert_10ins_m20,51,SpecAnn-64,0.5952568425994088,1.00000001,-31631327.000000004,0.01175546646118164,0,True,36,33,True,45,64,2025-11-16 06:59:47
ba_131072_1_6.txt,barabasi_albert_10ins_m20,51,SpecAnn-64,0.6018344659534288,1.00000001,-31638890.999999996,0.011654138565063477,0,True,36,33,True,46,64,2025-11-16 06:59:47
ba_131072_1_6.txt,barabasi_albert_10ins_m20,51,SpecAnn-64,0.6083409735974393,1.00000001,-31644235.0,0.011484861373901367,0,True,36,33,True,47,64,2025-11-16 06:59:47
ba_131072_1_6.txt,barabasi_albert_10ins_m20,51,SpecAnn-64,0.6147786234942719,1.00000001,-31657509.0,0.01147913932800293,0,True,36,33,True,48,64,2025-11-16 06:59:47
ba_131072_1_6.txt,barabasi_albert_10ins_m20,51,SpecAnn-64,0.6211495565912796,1.00000001,-31726287.0,0.011427640914916992,0,True,36,33,True,49,64,2025-11-16 06:59:47
ba_131072_1_6.txt,barabasi_albert_10ins_m20,51,SpecAnn-64,0.6274558051381586,1.00000001,-31678712.999999996,0.01146388053894043,0,True,36,33,True,50,64,2025-11-16 06:59:47
ba_131072_1_6.txt,barabasi_albert_10ins_m20,51,SpecAnn-64,0.6336993002596786,1.00000001,-31706586.999999996,0.011449098587036133,0,True,36,33,True,51,64,2025-11-16 06:59:47
ba_131072_1_6.txt,barabasi_albert_10ins_m20,51,SpecAnn-64,0.6398818788633085,1.00000001,-31694177.000000004,0.011481523513793945,0,True,36,33,True,52,64,2025-11-16 06:59:47
ba_131072_1_6.txt,barabasi_albert_10ins_m20,51,SpecAnn-64,0.6460052899517691,1.00000001,-31699239.0,0.011524438858032227,0,True,36,33,True,53,64,2025-11-16 06:59:47
ba_131072_1_6.txt,barabasi_albert_10ins_m20,51,SpecAnn-64,0.6520712004019966,1.00000001,-31733946.999999996,0.011451482772827148,0,True,36,33,True,54,64,2025-11-16 06:59:47
ba_131072_1_6.txt,barabasi_albert_10ins_m20,51,SpecAnn-64,0.6580812002646271,1.00000001,-31672211.0,0.011499404907226562,0,True,36,33,True,55,64,2025-11-16 06:59:47
ba_131072_1_6.txt,barabasi_albert_10ins_m20,51,SpecAnn-64,0.6640368076317485,1.00000001,-31719168.999999996,0.0115203857421875,0,True,36,33,True,56,64,2025-11-16 06:59:47
ba_131072_1_6.txt,barabasi_albert_10ins_m20,51,SpecAnn-64,0.6699394731151429,1.00000001,-31705622.999999996,0.011493682861328125,0,True,36,33,True,57,64,2025-11-16 06:59:47
ba_131072_1_6.txt,barabasi_albert_10ins_m20,51,SpecAnn-64,0.6757905839724513,1.00000001,-31733055.0,0.011511802673339844,0,True,36,33,True,58,64,2025-11-16 06:59:47
ba_131072_1_6.txt,barabasi_albert_10ins_m20,51,SpecAnn-64,0.6815914679145113,1.00000001,-31622484.999999996,0.011487007141113281,0,True,36,33,True,59,64,2025-11-16 06:59:47
ba_131072_1_6.txt,barabasi_albert_10ins_m20,51,SpecAnn-64,0.6873433966234707,1.00000001,-31659103.0,0.011543750762939453,0,True,36,33,True,60,64,2025-11-16 06:59:47
ba_131072_1_6.txt,barabasi_albert_10ins_m20,51,SpecAnn-64,0.6930475890080863,1.00000001,-31659190.999999996,0.011527061462402344,0,True,36,33,True,61,64,2025-11-16 06:59:47
ba_131072_1_6.txt,barabasi_albert_10ins_m20,51,SpecAnn-64,0.6987052142198116,1.00000001,-31685165.0,0.011466741561889648,0,True,36,33,True,62,64,2025-11-16 06:59:47
ba_131072_1_6.txt,barabasi_albert_10ins_m20,51,SpecAnn-64,0.7043173944508145,1.00000001,-31722200.999999996,0.01145625114440918,0,True,36,33,True,63,64,2025-11-16 06:59:47
ba_131072_1_6.txt,barabasi_albert_10ins_m20,51,SpecAnn-64,0.709885207532891,1.00000001,-31698322.999999993,0.011489391326904297,0,True,36,33,True,64,64,2025-11-16 06:59:47
ba_131072_1_6.txt,barabasi_albert_10ins_m20,51,SpecAnn-64,0.7154096893543218,1.00000001,-31691390.999999996,0.011487722396850586,0,True,36,33,True,65,64,2025-11-16 06:59:47
ba_131072_1_6.txt,barabasi_albert_10ins_m20,51,SpecAnn-64,0.7208918361100219,1.00000001,-31680439.000000004,0.011499643325805664,0,True,36,33,True,66,64,2025-11-16 06:59:47
ba_131072_1_6.txt,barabasi_albert_10ins_m20,51,SpecAnn-64,0.7263326063988248,1.00000001,-31754091.000000004,0.011480331420898438,0,True,36,33,True,67,64,2025-11-16 06:59:47
ba_131072_1_6.txt,barabasi_albert_10ins_m20,51,SpecAnn-64,0.7317329231804058,1.00000001,-31835080.999999996,0.01149129867553711,0,True,36,33,True,68,64,2025-11-16 06:59:47
ba_131072_1_6.txt,barabasi_albert_10ins_m20,51,SpecAnn-64,0.7370936756031579,1.00000001,-31763007.0,0.0114288330078125,0,True,36,33,True,69,64,2025-11-16 06:59:47
ba_131072_1_6.txt,barabasi_albert_10ins_m20,51,SpecAnn-64,0.7424157207132704,1.00000001,-31729555.0,0.011501789093017578,0,True,36,33,True,70,64,2025-11-16 06:59:47
ba_131072_1_6.txt,barabasi_albert_10ins_m20,51,SpecAnn-64,0.7476998850543153,1.00000001,-31823777.0,0.011516332626342773,0,True,36,33,True,71,64,2025-11-16 06:59:47
ba_131072_1_6.txt,barabasi_albert_10ins_m20,51,SpecAnn-64,0.7529469661657903,1.00000001,-31860134.999999996,0.011460065841674805,0,True,36,33,True,72,64,2025-11-16 06:59:47
ba_131072_1_6.txt,barabasi_albert_10ins_m20,51,SpecAnn-64,0.7581577339883167,1.00000001,-31760572.999999996,0.011446237564086914,0,True,36,33,True,73,64,2025-11-16 06:59:47
ba_131072_1_6.txt,barabasi_albert_10ins_m20,51,SpecAnn-64,0.7633329321824984,1.00000001,-31841077.0,0.011458396911621094,0,True,36,33,True,74,64,2025-11-16 06:59:47
ba_131072_1_6.txt,barabasi_albert_10ins_m20,51,SpecAnn-64,0.7684732793678399,1.00000001,-31840906.999999996,0.011446237564086914,0,True,36,33,True,75,64,2025-11-16 06:59:47
ba_131072_1_6.txt,barabasi_albert_10ins_m20,51,SpecAnn-64,0.7735794702875677,1.00000001,-31883549.0,0.011452198028564453,0,True,36,33,True,76,64,2025-11-16 06:59:47
ba_131072_1_6.txt,barabasi_albert_10ins_m20,51,SpecAnn-64,0.7786521769046981,1.00000001,-31816346.999999996,0.011498212814331055,0,True,36,33,True,77,64,2025-11-16 06:59:48
ba_131072_1_6.txt,barabasi_albert_10ins_m20,51,SpecAnn-64,0.7836920494342511,1.00000001,-31849380.999999996,0.011467933654785156,0,True,36,33,True,78,64,2025-11-16 06:59:48
ba_131072_1_6.txt,barabasi_albert_10ins_m20,51,SpecAnn-64,0.788699717316095,1.00000001,-31861477.0,0.011488914489746094,0,True,36,33,True,79,64,2025-11-16 06:59:48
ba_131072_1_6.txt,barabasi_albert_10ins_m20,51,SpecAnn-64,0.7936757901325451,1.00000001,-31853379.0,0.011470556259155273,0,True,36,33,True,80,64,2025-11-16 06:59:48
ba_131072_1_6.txt,barabasi_albert_10ins_m20,51,SpecAnn-64,0.7986208584745024,1.00000001,-31860429.000000004,0.011493444442749023,0,True,36,33,True,81,64,2025-11-16 06:59:48
ba_131072_1_6.txt,barabasi_albert_10ins_m20,51,SpecAnn-64,0.803535494759617,1.00000001,-31910476.999999993,0.011474132537841797,0,True,36,33,True,82,64,2025-11-16 06:59:48
ba_131072_1_6.txt,barabasi_albert_10ins_m20,51,SpecAnn-64,0.8084202540056837,1.00000001,-31912734.999999996,0.01150059700012207,0,True,36,33,True,83,64,2025-11-16 06:59:48
ba_131072_1_6.txt,barabasi_albert_10ins_m20,51,SpecAnn-64,0.8132756745622272,1.00000001,-31929437.0,0.011488199234008789,0,True,36,33,True,84,64,2025-11-16 06:59:48
ba_131072_1_6.txt,barabasi_albert_10ins_m20,51,SpecAnn-64,0.8181022788030096,1.00000001,-31985782.999999996,0.01145482063293457,0,True,36,33,True,85,64,2025-11-16 06:59:48
ba_131072_1_6.txt,barabasi_albert_10ins_m20,51,SpecAnn-64,0.822900573781978,1.00000001,-32001953.000000007,0.011539936065673828,0,True,36,33,True,86,64,2025-11-16 06:59:48
ba_131072_1_6.txt,barabasi_albert_10ins_m20,51,SpecAnn-64,0.8276710518549868,1.00000001,-31988093.0,0.011571884155273438,0,True,36,33,True,87,64,2025-11-16 06:59:48
ba_131072_1_6.txt,barabasi_albert_10ins_m20,51,SpecAnn-64,0.8324141912694495,1.00000001,-32013445.0,0.011577844619750977,0,True,36,33,True,88,64,2025-11-16 06:59:48
ba_131072_1_6.txt,barabasi_albert_10ins_m20,51,SpecAnn-64,0.8371304567239225,1.00000001,-31997467.000000004,0.01152348518371582,0,True,36,33,True,89,64,2025-11-16 06:59:48
ba_131072_1_6.txt,barabasi_albert_10ins_m20,51,SpecAnn-64,0.8418202998994706,1.00000001,-32105631.000000004,0.01151275634765625,0,True,36,33,True,90,64,2025-11-16 06:59:48
ba_131072_1_6.txt,barabasi_albert_10ins_m20,51,SpecAnn-64,0.846484159964536,1.00000001,-32068983.0,0.01151728630065918,0,True,36,33,True,91,64,2025-11-16 06:59:48
ba_131072_1_6.txt,barabasi_albert_10ins_m20,51,SpecAnn-64,0.8511224640549078,1.00000001,-32083179.0,0.011466264724731445,0,True,36,33,True,92,64,2025-11-16 06:59:48
ba_131072_1_6.txt,barabasi_albert_10ins_m20,51,SpecAnn-64,0.8557356277302758,1.00000001,-32142100.999999996,0.011678934097290039,0,True,36,33,True,93,64,2025-11-16 06:59:48
ba_131072_1_6.txt,barabasi_albert_10ins_m20,51,SpecAnn-64,0.8603240554087516,1.00000001,-32171496.999999993,0.011709213256835938,0,True,36,33,True,94,64,2025-11-16 06:59:48
ba_131072_1_6.txt,barabasi_albert_10ins_m20,51,SpecAnn-64,0.86488814078064,1.00000001,-32230974.999999996,0.011672496795654297,0,True,36,33,True,95,64,2025-11-16 06:59:48
ba_131072_1_6.txt,barabasi_albert_10ins_m20,51,SpecAnn-64,0.8694282672026621,1.00000001,-32257212.999999993,0.01157522201538086,0,True,36,33,True,96,64,2025-11-16 06:59:48
ba_131072_1_6.txt,barabasi_albert_10ins_m20,51,SpecAnn-64,0.8739448080737451,1.00000001,-32335640.999999993,0.011447429656982422,0,True,36,33,True,97,64,2025-11-16 06:59:48
ba_131072_1_6.txt,barabasi_albert_10ins_m20,51,SpecAnn-64,0.878438127193422,1.00000001,-32307989.0,0.011467695236206055,0,True,36,33,True,98,64,2025-11-16 06:59:48
ba_131072_1_6.txt,barabasi_albert_10ins_m20,51,SpecAnn-64,0.8829085791038153,1.00000001,-32274589.0,0.01145029067993164,0,True,36,33,True,99,64,2025-11-16 06:59:48
ba_131072_1_6.txt,barabasi_albert_10ins_m20,51,SpecAnn-64,0.8873565094161138,1.00000001,-32346556.999999996,0.01148533821105957,0,True,36,33,True,100,64,2025-11-16 06:59:48
ba_131072_1_6.txt,barabasi_albert_10ins_m20,51,SpecAnn-64,0.8917822551223932,1.00000001,-32385485.0,0.011486530303955078,0,True,36,33,True,101,64,2025-11-16 06:59:48
ba_131072_1_6.txt,barabasi_albert_10ins_m20,51,SpecAnn-64,0.8961861448935777,1.00000001,-32414804.99999999,0.011476993560791016,0,True,36,33,True,102,64,2025-11-16 06:59:48
ba_131072_1_6.txt,barabasi_albert_10ins_m20,51,SpecAnn-64,0.9005684993642872,1.00000001,-32460354.999999996,0.011450767517089844,0,True,36,33,True,103,64,2025-11-16 06:59:48
ba_131072_1_6.txt,barabasi_albert_10ins_m20,51,SpecAnn-64,0.9049296314052687,1.00000001,-32522005.0,0.011455059051513672,0,True,36,33,True,104,64,2025-11-16 06:59:48
ba_131072_1_6.txt,barabasi_albert_10ins_m20,51,SpecAnn-64,0.9092698463840683,1.00000001,-32549851.0,0.011500120162963867,0,True,36,33,True,105,64,2025-11-16 06:59:48
ba_131072_1_6.txt,barabasi_albert_10ins_m20,51,SpecAnn-64,0.9135894424145555,1.00000001,-32556340.999999996,0.01143193244934082,0,True,36,33,True,106,64,2025-11-16 06:59:48
ba_131072_1_6.txt,barabasi_albert_10ins_m20,51,SpecAnn-64,0.9178887105958816,1.00000001,-32623839.0,0.011451005935668945,0,True,36,33,True,107,64,2025-11-16 06:59:48
ba_131072_1_6.txt,barabasi_albert_10ins_m20,51,SpecAnn-64,0.9221679352414079,1.00000001,-32678671.000000004,0.011518716812133789,0,True,36,33,True,108,64,2025-11-16 06:59:48
ba_131072_1_6.txt,barabasi_albert_10ins_m20,51,SpecAnn-64,0.9264273940981199,1.00000001,-32756353.0,0.011565923690795898,0,True,36,33,True,109,64,2025-11-16 06:59:48
ba_131072_1_6.txt,barabasi_albert_10ins_m20,51,SpecAnn-64,0.9306673585570006,1.00000001,-32794819.0,0.021999597549438477,0,True,36,65,True,110,64,2025-11-16 06:59:48
ba_131072_1_6.txt,barabasi_albert_10ins_m20,51,SpecAnn-64,0.9348880938548185,1.00000001,-32878801.0,0.02222132682800293,0,True,36,65,True,111,64,2025-11-16 06:59:48
ba_131072_1_6.txt,barabasi_albert_10ins_m20,51,SpecAnn-64,0.9390898592677527,1.00000001,-32943095.0,0.022339344024658203,0,True,36,65,True,112,64,2025-11-16 06:59:48
ba_131072_1_6.txt,barabasi_albert_10ins_m20,51,SpecAnn-64,0.9432729082972536,1.00000001,-33038863.0,0.021982669830322266,0,True,36,65,True,113,64,2025-11-16 06:59:48
ba_131072_1_6.txt,barabasi_albert_10ins_m20,51,SpecAnn-64,0.9474374888485205,1.00000001,-33061876.999999996,0.0324251651763916,0,True,36,97,True,114,64,2025-11-16 06:59:48
ba_131072_1_6.txt,barabasi_albert_10ins_m20,51,SpecAnn-64,0.9515838434019475,1.00000001,-33110676.999999996,0.05349588394165039,0,True,36,161,True,115,64,2025-11-16 06:59:48
ba_131072_1_6.txt,barabasi_albert_10ins_m20,51,SpecAnn-64,0.9557122091778746,1.00000001,-33140975.0,0.08539485931396484,0,True,36,257,True,116,64,2025-11-16 06:59:48
ba_131072_1_6.txt,barabasi_albert_10ins_m20,51,SpecAnn-64,0.9598228182949627,1.00000001,-33021990.999999996,0.1578679084777832,0,True,36,481,True,117,64,2025-11-16 06:59:48
ba_131072_1_6.txt,barabasi_albert_10ins_m20,51,SpecAnn-64,0.9639158979224881,1.00000001,-32897293.0,0.2209606170654297,0,True,36,673,True,118,64,2025-11-16 06:59:49
ba_131072_1_6.txt,barabasi_albert_10ins_m20,51,SpecAnn-64,0.9679916704268421,1.00000001,-32933408.999999996,0.1057124137878418,0,True,36,321,True,119,64,2025-11-16 06:59:49
ba_131072_1_6.txt,barabasi_albert_10ins_m20,51,SpecAnn-64,0.9720503535125017,1.00000001,-32908771.0,0.33666276931762695,0,True,36,1025,True,120,64,2025-11-16 06:59:49
ba_131072_1_6.txt,barabasi_albert_10ins_m20,51,SpecAnn-64,0.9760921603577252,1.00000001,-32847145.0,0.33622217178344727,0,True,36,1025,True,121,64,2025-11-16 06:59:49
ba_131072_1_6.txt,barabasi_albert_10ins_m20,51,SpecAnn-64,0.9801172997452103,1.00000001,-32869117.000000004,0.3360440731048584,0,True,36,1025,True,122,64,2025-11-16 06:59:50
ba_131072_1_6.txt,barabasi_albert_10ins_m20,51,SpecAnn-64,0.9841259761879442,1.00000001,-32848823.0,0.33664631843566895,0,True,36,1025,True,123,64,2025-11-16 06:59:50
ba_131072_1_6.txt,barabasi_albert_10ins_m20,51,SpecAnn-64,0.9881183900504562,1.00000001,-32820457.0,0.335827112197876,0,True,36,1025,True,124,64,2025-11-16 06:59:50
ba_131072_1_6.txt,barabasi_albert_10ins_m20,51,SpecAnn-64,0.9920947376656813,1.00000001,-32796949.000000004,0.2831594944000244,0,True,36,865,True,125,64,2025-11-16 06:59:51
ba_131072_1_6.txt,barabasi_albert_10ins_m20,51,SpecAnn-64,0.9960552114476228,1.00000001,-32777695.0,0.22112274169921875,0,True,36,673,True,126,64,2025-11-16 06:59:51
ba_131072_1_6.txt,barabasi_albert_10ins_m20,51,SpecAnn-64,1.0,1.00000001,-32784946.999999993,0.17912673950195312,0,True,36,545,True,127,64,2025-11-16 06:59:51
