instance_name,dataset,seed,solver_name,alpha,beta,energy,time,mode,use_local_search,local_search_iterations,eigsh_iterations,warm_start,alpha_index,precision,timestamp
ba_32768_1_2.txt,barabasi_albert_10ins_m20,42,SpecAnn-64,0.0,1.00000001,-8110799.000000001,0.0128588676452636,0,True,58,33,True,0,64,2025-11-16 07:24:40
ba_32768_1_2.txt,barabasi_albert_10ins_m20,42,SpecAnn-64,0.0887356509416113,1.00000001,-8100943.0,0.0115101337432861,0,True,58,33,True,1,64,2025-11-16 07:24:40
ba_32768_1_2.txt,barabasi_albert_10ins_m20,42,SpecAnn-64,0.1254911610276317,1.00000001,-8062175.0,0.0114009380340576,0,True,58,33,True,2,64,2025-11-16 07:24:40
ba_32768_1_2.txt,barabasi_albert_10ins_m20,42,SpecAnn-64,0.1536946558735679,1.00000001,-8087953.000000001,0.0114946365356445,0,True,58,33,True,3,64,2025-11-16 07:24:40
ba_32768_1_2.txt,barabasi_albert_10ins_m20,42,SpecAnn-64,0.1774713018832227,1.00000001,-8083609.000000001,0.0114524364471435,0,True,58,33,True,4,64,2025-11-16 07:24:40
ba_32768_1_2.txt,barabasi_albert_10ins_m20,42,SpecAnn-64,0.1984189475331362,1.00000001,-8100949.000000002,0.0114216804504394,0,True,58,33,True,5,64,2025-11-16 07:24:40
ba_32768_1_2.txt,barabasi_albert_10ins_m20,42,SpecAnn-64,0.2173570668006655,1.00000001,-8103239.0,0.0114431381225585,0,True,58,33,True,6,64,2025-11-16 07:24:40
ba_32768_1_2.txt,barabasi_albert_10ins_m20,42,SpecAnn-64,0.2347724648169381,1.00000001,-8085513.000000001,0.0114181041717529,0,True,58,33,True,7,64,2025-11-16 07:24:40
ba_32768_1_2.txt,barabasi_albert_10ins_m20,42,SpecAnn-64,0.2509823220552634,1.00000001,-8071461.0,0.011387825012207,0,True,58,33,True,8,64,2025-11-16 07:24:40
ba_32768_1_2.txt,barabasi_albert_10ins_m20,42,SpecAnn-64,0.2662069528248341,1.00000001,-8040095.0,0.011385440826416,0,True,58,33,True,9,64,2025-11-16 07:24:40
ba_32768_1_2.txt,barabasi_albert_10ins_m20,42,SpecAnn-64,0.2806067666331568,1.00000001,-8122259.000000001,0.0113849639892578,0,True,58,33,True,10,64,2025-11-16 07:24:40
ba_32768_1_2.txt,barabasi_albert_10ins_m20,42,SpecAnn-64,0.2943028597012718,1.00000001,-8099535.000000001,0.0114171504974365,0,True,58,33,True,11,64,2025-11-16 07:24:40
ba_32768_1_2.txt,barabasi_albert_10ins_m20,42,SpecAnn-64,0.3073893117471359,1.00000001,-8093591.000000001,0.0113842487335205,0,True,58,33,True,12,64,2025-11-16 07:24:40
ba_32768_1_2.txt,barabasi_albert_10ins_m20,42,SpecAnn-64,0.3199409394316542,1.00000001,-8079542.999999999,0.0113728046417236,0,True,58,33,True,13,64,2025-11-16 07:24:40
ba_32768_1_2.txt,barabasi_albert_10ins_m20,42,SpecAnn-64,0.3320184038158743,1.00000001,-8100635.000000001,0.011385440826416,0,True,58,33,True,14,64,2025-11-16 07:24:40
ba_32768_1_2.txt,barabasi_albert_10ins_m20,42,SpecAnn-64,0.3436716983117353,1.00000001,-8106727.000000002,0.0113720893859863,0,True,58,33,True,15,64,2025-11-16 07:24:40
ba_32768_1_2.txt,barabasi_albert_10ins_m20,42,SpecAnn-64,0.3549426037664455,1.00000001,-8078849.000000001,0.0113847255706787,0,True,58,33,True,16,64,2025-11-16 07:24:40
ba_32768_1_2.txt,barabasi_albert_10ins_m20,42,SpecAnn-64,0.3658664615902029,1.00000001,-8084065.000000002,0.0113511085510253,0,True,58,33,True,17,64,2025-11-16 07:24:40
ba_32768_1_2.txt,barabasi_albert_10ins_m20,42,SpecAnn-64,0.3764734830828951,1.00000001,-8096587.000000001,0.0113527774810791,0,True,58,33,True,18,64,2025-11-16 07:24:40
ba_32768_1_2.txt,barabasi_albert_10ins_m20,42,SpecAnn-64,0.3867897351437838,1.00000001,-8092713.000000001,0.0113923549652099,0,True,58,33,True,19,64,2025-11-16 07:24:40
ba_32768_1_2.txt,barabasi_albert_10ins_m20,42,SpecAnn-64,0.3968378950662725,1.00000001,-8116009.0,0.0113682746887207,0,True,58,33,True,20,64,2025-11-16 07:24:40
ba_32768_1_2.txt,barabasi_albert_10ins_m20,42,SpecAnn-64,0.4066378372811136,1.00000001,-8098403.000000001,0.0113697052001953,0,True,58,33,True,21,64,2025-11-16 07:24:40
ba_32768_1_2.txt,barabasi_albert_10ins_m20,42,SpecAnn-64,0.4162070956347247,1.00000001,-8113271.0,0.0113861560821533,0,True,58,33,True,22,64,2025-11-16 07:24:40
ba_32768_1_2.txt,barabasi_albert_10ins_m20,42,SpecAnn-64,0.4255612320274539,1.00000001,-8095915.0,0.0113928318023681,0,True,58,33,True,23,64,2025-11-16 07:24:40
ba_32768_1_2.txt,barabasi_albert_10ins_m20,42,SpecAnn-64,0.434714133601331,1.00000001,-8089206.999999999,0.0113825798034667,0,True,58,33,True,24,64,2025-11-16 07:24:40
ba_32768_1_2.txt,barabasi_albert_10ins_m20,42,SpecAnn-64,0.4436782547080569,1.00000001,-8114185.000000002,0.0114073753356933,0,True,58,33,True,25,64,2025-11-16 07:24:40
ba_32768_1_2.txt,barabasi_albert_10ins_m20,42,SpecAnn-64,0.4524648157026343,1.00000001,-8111675.000000001,0.0114448070526123,0,True,58,33,True,26,64,2025-11-16 07:24:40
ba_32768_1_2.txt,barabasi_albert_10ins_m20,42,SpecAnn-64,0.4610839676207039,1.00000001,-8111836.999999999,0.011397361755371,0,True,58,33,True,27,64,2025-11-16 07:24:40
ba_32768_1_2.txt,barabasi_albert_10ins_m20,42,SpecAnn-64,0.4695449296338763,1.00000001,-8094419.000000001,0.0114428997039794,0,True,58,33,True,28,64,2025-11-16 07:24:40
ba_32768_1_2.txt,barabasi_albert_10ins_m20,42,SpecAnn-64,0.4778561045889373,1.00000001,-8101765.0,0.011404275894165,0,True,58,33,True,29,64,2025-11-16 07:24:40
ba_32768_1_2.txt,barabasi_albert_10ins_m20,42,SpecAnn-64,0.4860251767562508,1.00000001,-8107041.000000001,0.011336326599121,0,True,58,33,True,30,64,2025-11-16 07:24:40
ba_32768_1_2.txt,barabasi_albert_10ins_m20,42,SpecAnn-64,0.4940591950252281,1.00000001,-8090573.0,0.0113608837127685,0,True,58,33,True,31,64,2025-11-16 07:24:40
ba_32768_1_2.txt,barabasi_albert_10ins_m20,42,SpecAnn-64,0.5019646441105269,1.00000001,-8120071.000000001,0.0113937854766845,0,True,58,33,True,32,64,2025-11-16 07:24:40
ba_32768_1_2.txt,barabasi_albert_10ins_m20,42,SpecAnn-64,0.5097475058154177,1.00000001,-8094841.0,0.0113759040832519,0,True,58,33,True,33,64,2025-11-16 07:24:40
ba_32768_1_2.txt,barabasi_albert_10ins_m20,42,SpecAnn-64,0.51741331199832,1.00000001,-8099481.0,0.0113890171051025,0,True,58,33,True,34,64,2025-11-16 07:24:40
ba_32768_1_2.txt,barabasi_albert_10ins_m20,42,SpecAnn-64,0.5249671905758515,1.00000001,-8103507.0,0.0113308429718017,0,True,58,33,True,35,64,2025-11-16 07:24:40
ba_32768_1_2.txt,barabasi_albert_10ins_m20,42,SpecAnn-64,0.5324139056496683,1.00000001,-8102173.0,0.011359691619873,0,True,58,33,True,36,64,2025-11-16 07:24:41
ba_32768_1_2.txt,barabasi_albert_10ins_m20,42,SpecAnn-64,0.5397578926492556,1.00000001,-8079593.0,0.0113420486450195,0,True,58,33,True,37,64,2025-11-16 07:24:41
ba_32768_1_2.txt,barabasi_albert_10ins_m20,42,SpecAnn-64,0.5470032892270364,1.00000001,-8076698.999999999,0.0113551616668701,0,True,58,33,True,38,64,2025-11-16 07:24:41
ba_32768_1_2.txt,barabasi_albert_10ins_m20,42,SpecAnn-64,0.554153962516942,1.00000001,-8111377.000000001,0.0114014148712158,0,True,58,33,True,39,64,2025-11-16 07:24:41
ba_32768_1_2.txt,barabasi_albert_10ins_m20,42,SpecAnn-64,0.5612135332663137,1.00000001,-8105883.000000002,0.0114388465881347,0,True,58,33,True,40,64,2025-11-16 07:24:41
ba_32768_1_2.txt,barabasi_albert_10ins_m20,42,SpecAnn-64,0.5681853972686127,1.00000001,-8109303.000000001,0.0114364624023437,0,True,58,33,True,41,64,2025-11-16 07:24:41
ba_32768_1_2.txt,barabasi_albert_10ins_m20,42,SpecAnn-64,0.5750727444570146,1.00000001,-8073373.0,0.0117383003234863,0,True,58,33,True,42,64,2025-11-16 07:24:41
ba_32768_1_2.txt,barabasi_albert_10ins_m20,42,SpecAnn-64,0.5818785759635375,1.00000001,-8099607.0,0.0113747119903564,0,True,58,33,True,43,64,2025-11-16 07:24:41
ba_32768_1_2.txt,barabasi_albert_10ins_m20,42,SpecAnn-64,0.5886057194025436,1.00000001,-8102621.000000001,0.0113651752471923,0,True,58,33,True,44,64,2025-11-16 07:24:41
ba_32768_1_2.txt,barabasi_albert_10ins_m20,42,SpecAnn-64,0.5952568425994088,1.00000001,-8114115.000000001,0.0113937854766845,0,True,58,33,True,45,64,2025-11-16 07:24:41
ba_32768_1_2.txt,barabasi_albert_10ins_m20,42,SpecAnn-64,0.6018344659534288,1.00000001,-8099509.0,0.0114119052886962,0,True,58,33,True,46,64,2025-11-16 07:24:41
ba_32768_1_2.txt,barabasi_albert_10ins_m20,42,SpecAnn-64,0.6083409735974393,1.00000001,-8092607.000000002,0.0114119052886962,0,True,58,33,True,47,64,2025-11-16 07:24:41
ba_32768_1_2.txt,barabasi_albert_10ins_m20,42,SpecAnn-64,0.6147786234942719,1.00000001,-8121087.0,0.0113909244537353,0,True,58,33,True,48,64,2025-11-16 07:24:41
ba_32768_1_2.txt,barabasi_albert_10ins_m20,42,SpecAnn-64,0.6211495565912796,1.00000001,-8116395.0,0.0114364624023437,0,True,58,33,True,49,64,2025-11-16 07:24:41
ba_32768_1_2.txt,barabasi_albert_10ins_m20,42,SpecAnn-64,0.6274558051381586,1.00000001,-8100843.0,0.0114715099334716,0,True,58,33,True,50,64,2025-11-16 07:24:41
ba_32768_1_2.txt,barabasi_albert_10ins_m20,42,SpecAnn-64,0.6336993002596786,1.00000001,-8132851.000000001,0.0114498138427734,0,True,58,33,True,51,64,2025-11-16 07:24:41
ba_32768_1_2.txt,barabasi_albert_10ins_m20,42,SpecAnn-64,0.6398818788633085,1.00000001,-8117457.0,0.0114483833312988,0,True,58,33,True,52,64,2025-11-16 07:24:41
ba_32768_1_2.txt,barabasi_albert_10ins_m20,42,SpecAnn-64,0.6460052899517691,1.00000001,-8111540.999999999,0.0115377902984619,0,True,58,33,True,53,64,2025-11-16 07:24:41
ba_32768_1_2.txt,barabasi_albert_10ins_m20,42,SpecAnn-64,0.6520712004019966,1.00000001,-8112468.999999999,0.0116722583770751,0,True,58,33,True,54,64,2025-11-16 07:24:41
ba_32768_1_2.txt,barabasi_albert_10ins_m20,42,SpecAnn-64,0.6580812002646271,1.00000001,-8100128.999999999,0.0116548538208007,0,True,58,33,True,55,64,2025-11-16 07:24:41
ba_32768_1_2.txt,barabasi_albert_10ins_m20,42,SpecAnn-64,0.6640368076317485,1.00000001,-8123967.0,0.0116326808929443,0,True,58,33,True,56,64,2025-11-16 07:24:41
ba_32768_1_2.txt,barabasi_albert_10ins_m20,42,SpecAnn-64,0.6699394731151429,1.00000001,-8106497.000000002,0.0114979743957519,0,True,58,33,True,57,64,2025-11-16 07:24:41
ba_32768_1_2.txt,barabasi_albert_10ins_m20,42,SpecAnn-64,0.6757905839724513,1.00000001,-8092882.999999999,0.011441946029663,0,True,58,33,True,58,64,2025-11-16 07:24:41
ba_32768_1_2.txt,barabasi_albert_10ins_m20,42,SpecAnn-64,0.6815914679145113,1.00000001,-8107656.999999999,0.011444091796875,0,True,58,33,True,59,64,2025-11-16 07:24:41
ba_32768_1_2.txt,barabasi_albert_10ins_m20,42,SpecAnn-64,0.6873433966234707,1.00000001,-8134891.000000001,0.0114376544952392,0,True,58,33,True,60,64,2025-11-16 07:24:41
ba_32768_1_2.txt,barabasi_albert_10ins_m20,42,SpecAnn-64,0.6930475890080863,1.00000001,-8118231.000000001,0.0114569664001464,0,True,58,33,True,61,64,2025-11-16 07:24:41
ba_32768_1_2.txt,barabasi_albert_10ins_m20,42,SpecAnn-64,0.6987052142198116,1.00000001,-8137208.999999999,0.0114121437072753,0,True,58,33,True,62,64,2025-11-16 07:24:41
ba_32768_1_2.txt,barabasi_albert_10ins_m20,42,SpecAnn-64,0.7043173944508145,1.00000001,-8120553.000000001,0.0113921165466308,0,True,58,33,True,63,64,2025-11-16 07:24:41
ba_32768_1_2.txt,barabasi_albert_10ins_m20,42,SpecAnn-64,0.709885207532891,1.00000001,-8125895.0,0.0114319324493408,0,True,58,33,True,64,64,2025-11-16 07:24:41
ba_32768_1_2.txt,barabasi_albert_10ins_m20,42,SpecAnn-64,0.7154096893543218,1.00000001,-8128361.0,0.0114116668701171,0,True,58,33,True,65,64,2025-11-16 07:24:41
ba_32768_1_2.txt,barabasi_albert_10ins_m20,42,SpecAnn-64,0.7208918361100219,1.00000001,-8106689.0,0.0114080905914306,0,True,58,33,True,66,64,2025-11-16 07:24:41
ba_32768_1_2.txt,barabasi_albert_10ins_m20,42,SpecAnn-64,0.7263326063988248,1.00000001,-8098363.000000002,0.0114595890045166,0,True,58,33,True,67,64,2025-11-16 07:24:41
ba_32768_1_2.txt,barabasi_albert_10ins_m20,42,SpecAnn-64,0.7317329231804058,1.00000001,-8090087.0,0.0116956233978271,0,True,58,33,True,68,64,2025-11-16 07:24:41
ba_32768_1_2.txt,barabasi_albert_10ins_m20,42,SpecAnn-64,0.7370936756031579,1.00000001,-8117415.000000001,0.0117299556732177,0,True,58,33,True,69,64,2025-11-16 07:24:41
ba_32768_1_2.txt,barabasi_albert_10ins_m20,42,SpecAnn-64,0.7424157207132704,1.00000001,-8104041.0,0.0116333961486816,0,True,58,33,True,70,64,2025-11-16 07:24:41
ba_32768_1_2.txt,barabasi_albert_10ins_m20,42,SpecAnn-64,0.7476998850543153,1.00000001,-8135371.000000002,0.011467695236206,0,True,58,33,True,71,64,2025-11-16 07:24:41
ba_32768_1_2.txt,barabasi_albert_10ins_m20,42,SpecAnn-64,0.7529469661657903,1.00000001,-8108331.000000001,0.011448860168457,0,True,58,33,True,72,64,2025-11-16 07:24:41
ba_32768_1_2.txt,barabasi_albert_10ins_m20,42,SpecAnn-64,0.7581577339883167,1.00000001,-8123749.000000001,0.0114350318908691,0,True,58,33,True,73,64,2025-11-16 07:24:41
ba_32768_1_2.txt,barabasi_albert_10ins_m20,42,SpecAnn-64,0.7633329321824984,1.00000001,-8112329.000000001,0.0114493370056152,0,True,58,33,True,74,64,2025-11-16 07:24:41
ba_32768_1_2.txt,barabasi_albert_10ins_m20,42,SpecAnn-64,0.7684732793678399,1.00000001,-8088627.0,0.0114593505859375,0,True,58,33,True,75,64,2025-11-16 07:24:41
ba_32768_1_2.txt,barabasi_albert_10ins_m20,42,SpecAnn-64,0.7735794702875677,1.00000001,-8107831.0,0.0114333629608154,0,True,58,33,True,76,64,2025-11-16 07:24:41
ba_32768_1_2.txt,barabasi_albert_10ins_m20,42,SpecAnn-64,0.7786521769046981,1.00000001,-8085030.999999999,0.0114538669586181,0,True,58,33,True,77,64,2025-11-16 07:24:41
ba_32768_1_2.txt,barabasi_albert_10ins_m20,42,SpecAnn-64,0.7836920494342511,1.00000001,-8092989.000000001,0.011437177658081,0,True,58,33,True,78,64,2025-11-16 07:24:41
ba_32768_1_2.txt,barabasi_albert_10ins_m20,42,SpecAnn-64,0.788699717316095,1.00000001,-8128057.000000001,0.0114455223083496,0,True,58,33,True,79,64,2025-11-16 07:24:41
ba_32768_1_2.txt,barabasi_albert_10ins_m20,42,SpecAnn-64,0.7936757901325451,1.00000001,-8126393.000000001,0.0113930702209472,0,True,58,33,True,80,64,2025-11-16 07:24:41
ba_32768_1_2.txt,barabasi_albert_10ins_m20,42,SpecAnn-64,0.7986208584745024,1.00000001,-8121739.0,0.0114893913269042,0,True,58,33,True,81,64,2025-11-16 07:24:41
ba_32768_1_2.txt,barabasi_albert_10ins_m20,42,SpecAnn-64,0.803535494759617,1.00000001,-8137738.999999999,0.011448860168457,0,True,58,33,True,82,64,2025-11-16 07:24:41
ba_32768_1_2.txt,barabasi_albert_10ins_m20,42,SpecAnn-64,0.8084202540056837,1.00000001,-8114572.999999999,0.0114378929138183,0,True,58,33,True,83,64,2025-11-16 07:24:41
ba_32768_1_2.txt,barabasi_albert_10ins_m20,42,SpecAnn-64,0.8132756745622272,1.00000001,-8146771.000000001,0.0113985538482666,0,True,58,33,True,84,64,2025-11-16 07:24:41
ba_32768_1_2.txt,barabasi_albert_10ins_m20,42,SpecAnn-64,0.8181022788030096,1.00000001,-8145101.000000001,0.011460542678833,0,True,58,33,True,85,64,2025-11-16 07:24:41
ba_32768_1_2.txt,barabasi_albert_10ins_m20,42,SpecAnn-64,0.822900573781978,1.00000001,-8134673.0,0.0114345550537109,0,True,58,33,True,86,64,2025-11-16 07:24:41
ba_32768_1_2.txt,barabasi_albert_10ins_m20,42,SpecAnn-64,0.8276710518549868,1.00000001,-8138436.999999999,0.0114364624023437,0,True,58,33,True,87,64,2025-11-16 07:24:41
ba_32768_1_2.txt,barabasi_albert_10ins_m20,42,SpecAnn-64,0.8324141912694495,1.00000001,-8152351.0,0.0114445686340332,0,True,58,33,True,88,64,2025-11-16 07:24:41
ba_32768_1_2.txt,barabasi_albert_10ins_m20,42,SpecAnn-64,0.8371304567239225,1.00000001,-8131109.000000001,0.0114912986755371,0,True,58,33,True,89,64,2025-11-16 07:24:41
ba_32768_1_2.txt,barabasi_albert_10ins_m20,42,SpecAnn-64,0.8418202998994706,1.00000001,-8134167.0,0.0114390850067138,0,True,58,33,True,90,64,2025-11-16 07:24:41
ba_32768_1_2.txt,barabasi_albert_10ins_m20,42,SpecAnn-64,0.846484159964536,1.00000001,-8175559.000000001,0.0114705562591552,0,True,58,33,True,91,64,2025-11-16 07:24:41
ba_32768_1_2.txt,barabasi_albert_10ins_m20,42,SpecAnn-64,0.8511224640549078,1.00000001,-8160183.000000002,0.0115768909454345,0,True,58,33,True,92,64,2025-11-16 07:24:41
ba_32768_1_2.txt,barabasi_albert_10ins_m20,42,SpecAnn-64,0.8557356277302758,1.00000001,-8167451.000000002,0.0114257335662841,0,True,58,33,True,93,64,2025-11-16 07:24:41
ba_32768_1_2.txt,barabasi_albert_10ins_m20,42,SpecAnn-64,0.8603240554087516,1.00000001,-8149881.000000002,0.011491060256958,0,True,58,33,True,94,64,2025-11-16 07:24:41
ba_32768_1_2.txt,barabasi_albert_10ins_m20,42,SpecAnn-64,0.86488814078064,1.00000001,-8181872.999999999,0.0114097595214843,0,True,58,33,True,95,64,2025-11-16 07:24:41
ba_32768_1_2.txt,barabasi_albert_10ins_m20,42,SpecAnn-64,0.8694282672026621,1.00000001,-8182982.999999999,0.0114510059356689,0,True,58,33,True,96,64,2025-11-16 07:24:41
ba_32768_1_2.txt,barabasi_albert_10ins_m20,42,SpecAnn-64,0.8739448080737451,1.00000001,-8193655.000000001,0.0114552974700927,0,True,58,33,True,97,64,2025-11-16 07:24:41
ba_32768_1_2.txt,barabasi_albert_10ins_m20,42,SpecAnn-64,0.878438127193422,1.00000001,-8189577.000000001,0.0114607810974121,0,True,58,33,True,98,64,2025-11-16 07:24:41
ba_32768_1_2.txt,barabasi_albert_10ins_m20,42,SpecAnn-64,0.8829085791038153,1.00000001,-8203217.0,0.0114820003509521,0,True,58,33,True,99,64,2025-11-16 07:24:41
ba_32768_1_2.txt,barabasi_albert_10ins_m20,42,SpecAnn-64,0.8873565094161138,1.00000001,-8217987.0,0.0114185810089111,0,True,58,33,True,100,64,2025-11-16 07:24:41
ba_32768_1_2.txt,barabasi_albert_10ins_m20,42,SpecAnn-64,0.8917822551223932,1.00000001,-8235543.000000001,0.0114409923553466,0,True,58,33,True,101,64,2025-11-16 07:24:41
ba_32768_1_2.txt,barabasi_albert_10ins_m20,42,SpecAnn-64,0.8961861448935777,1.00000001,-8246849.0,0.0114688873291015,0,True,58,33,True,102,64,2025-11-16 07:24:41
ba_32768_1_2.txt,barabasi_albert_10ins_m20,42,SpecAnn-64,0.9005684993642872,1.00000001,-8260708.999999999,0.0114765167236328,0,True,58,33,True,103,64,2025-11-16 07:24:41
ba_32768_1_2.txt,barabasi_albert_10ins_m20,42,SpecAnn-64,0.9049296314052688,1.00000001,-8265767.000000001,0.0114736557006835,0,True,58,33,True,104,64,2025-11-16 07:24:41
ba_32768_1_2.txt,barabasi_albert_10ins_m20,42,SpecAnn-64,0.9092698463840684,1.00000001,-8254501.0,0.0114691257476806,0,True,58,33,True,105,64,2025-11-16 07:24:41
ba_32768_1_2.txt,barabasi_albert_10ins_m20,42,SpecAnn-64,0.9135894424145556,1.00000001,-8280886.999999999,0.0219216346740722,0,True,58,65,True,106,64,2025-11-16 07:24:41
ba_32768_1_2.txt,barabasi_albert_10ins_m20,42,SpecAnn-64,0.9178887105958816,1.00000001,-8286775.000000001,0.0220322608947753,0,True,58,65,True,107,64,2025-11-16 07:24:41
ba_32768_1_2.txt,barabasi_albert_10ins_m20,42,SpecAnn-64,0.922167935241408,1.00000001,-8281206.999999999,0.0218973159790039,0,True,58,65,True,108,64,2025-11-16 07:24:41
ba_32768_1_2.txt,barabasi_albert_10ins_m20,42,SpecAnn-64,0.92642739409812,1.00000001,-8316793.000000001,0.0219676494598388,0,True,58,65,True,109,64,2025-11-16 07:24:41
ba_32768_1_2.txt,barabasi_albert_10ins_m20,42,SpecAnn-64,0.9306673585570006,1.00000001,-8323287.000000001,0.02201509475708,0,True,58,65,True,110,64,2025-11-16 07:24:41
ba_32768_1_2.txt,barabasi_albert_10ins_m20,42,SpecAnn-64,0.9348880938548184,1.00000001,-8327263.0,0.0323545932769775,0,True,58,97,True,111,64,2025-11-16 07:24:41
ba_32768_1_2.txt,barabasi_albert_10ins_m20,42,SpecAnn-64,0.9390898592677528,1.00000001,-8363179.000000001,0.0428621768951416,0,True,58,129,True,112,64,2025-11-16 07:24:41
ba_32768_1_2.txt,barabasi_albert_10ins_m20,42,SpecAnn-64,0.9432729082972536,1.00000001,-8364429.0,0.0639333724975586,0,True,58,193,True,113,64,2025-11-16 07:24:42
ba_32768_1_2.txt,barabasi_albert_10ins_m20,42,SpecAnn-64,0.9474374888485204,1.00000001,-8366306.999999999,0.0957279205322265,0,True,58,289,True,114,64,2025-11-16 07:24:42
ba_32768_1_2.txt,barabasi_albert_10ins_m20,42,SpecAnn-64,0.9515838434019476,1.00000001,-8355972.999999999,0.1374568939208984,0,True,58,417,True,115,64,2025-11-16 07:24:42
ba_32768_1_2.txt,barabasi_albert_10ins_m20,42,SpecAnn-64,0.9557122091778746,1.00000001,-8341799.0,0.1160259246826171,0,True,58,353,True,116,64,2025-11-16 07:24:42
ba_32768_1_2.txt,barabasi_albert_10ins_m20,42,SpecAnn-64,0.9598228182949629,1.00000001,-8333695.0,0.0952975749969482,0,True,58,289,True,117,64,2025-11-16 07:24:42
ba_32768_1_2.txt,barabasi_albert_10ins_m20,42,SpecAnn-64,0.963915897922488,1.00000001,-8318471.000000002,0.0743284225463867,0,True,58,225,True,118,64,2025-11-16 07:24:42
ba_32768_1_2.txt,barabasi_albert_10ins_m20,42,SpecAnn-64,0.967991670426842,1.00000001,-8301975.000000001,0.0742547512054443,0,True,58,225,True,119,64,2025-11-16 07:24:42
ba_32768_1_2.txt,barabasi_albert_10ins_m20,42,SpecAnn-64,0.9720503535125016,1.00000001,-8311923.000000002,0.0739552974700927,0,True,58,225,True,120,64,2025-11-16 07:24:42
ba_32768_1_2.txt,barabasi_albert_10ins_m20,42,SpecAnn-64,0.9760921603577252,1.00000001,-8305222.999999999,0.0740470886230468,0,True,58,225,True,121,64,2025-11-16 07:24:42
ba_32768_1_2.txt,barabasi_albert_10ins_m20,42,SpecAnn-64,0.9801172997452104,1.00000001,-8288995.000000001,0.0740156173706054,0,True,58,225,True,122,64,2025-11-16 07:24:42
ba_32768_1_2.txt,barabasi_albert_10ins_m20,42,SpecAnn-64,0.9841259761879442,1.00000001,-8308043.000000001,0.0635223388671875,0,True,58,193,True,123,64,2025-11-16 07:24:42
ba_32768_1_2.txt,barabasi_albert_10ins_m20,42,SpecAnn-64,0.9881183900504562,1.00000001,-8294390.999999999,0.0634934902191162,0,True,58,193,True,124,64,2025-11-16 07:24:42
ba_32768_1_2.txt,barabasi_albert_10ins_m20,42,SpecAnn-64,0.9920947376656812,1.00000001,-8296225.0,0.06419038772583,0,True,58,193,True,125,64,2025-11-16 07:24:43
ba_32768_1_2.txt,barabasi_albert_10ins_m20,42,SpecAnn-64,0.9960552114476228,1.00000001,-8298059.0,0.0634417533874511,0,True,58,193,True,126,64,2025-11-16 07:24:43
ba_32768_1_2.txt,barabasi_albert_10ins_m20,42,SpecAnn-64,1.0,1.00000001,-8287999.000000002,0.0634334087371826,0,True,58,193,True,127,64,2025-11-16 07:24:43
ba_32768_1_2.txt,barabasi_albert_10ins_m20,43,SpecAnn-64,0.0,1.00000001,-8095007.0,0.0129892826080322,0,True,70,33,True,0,64,2025-11-16 07:24:43
ba_32768_1_2.txt,barabasi_albert_10ins_m20,43,SpecAnn-64,0.0887356509416113,1.00000001,-8077547.0,0.0117433071136474,0,True,70,33,True,1,64,2025-11-16 07:24:43
ba_32768_1_2.txt,barabasi_albert_10ins_m20,43,SpecAnn-64,0.1254911610276317,1.00000001,-8087863.0,0.0114006996154785,0,True,70,33,True,2,64,2025-11-16 07:24:43
ba_32768_1_2.txt,barabasi_albert_10ins_m20,43,SpecAnn-64,0.1536946558735679,1.00000001,-8095435.000000001,0.0114448070526123,0,True,70,33,True,3,64,2025-11-16 07:24:43
ba_32768_1_2.txt,barabasi_albert_10ins_m20,43,SpecAnn-64,0.1774713018832227,1.00000001,-8072678.999999999,0.0113952159881591,0,True,70,33,True,4,64,2025-11-16 07:24:43
ba_32768_1_2.txt,barabasi_albert_10ins_m20,43,SpecAnn-64,0.1984189475331362,1.00000001,-8089483.000000001,0.0115134716033935,0,True,70,33,True,5,64,2025-11-16 07:24:43
ba_32768_1_2.txt,barabasi_albert_10ins_m20,43,SpecAnn-64,0.2173570668006655,1.00000001,-8109177.000000001,0.0114045143127441,0,True,70,33,True,6,64,2025-11-16 07:24:43
ba_32768_1_2.txt,barabasi_albert_10ins_m20,43,SpecAnn-64,0.2347724648169381,1.00000001,-8100557.0,0.0114164352416992,0,True,70,33,True,7,64,2025-11-16 07:24:43
ba_32768_1_2.txt,barabasi_albert_10ins_m20,43,SpecAnn-64,0.2509823220552634,1.00000001,-8067307.0,0.0114753246307373,0,True,70,33,True,8,64,2025-11-16 07:24:43
ba_32768_1_2.txt,barabasi_albert_10ins_m20,43,SpecAnn-64,0.2662069528248341,1.00000001,-8102072.999999999,0.0113956928253173,0,True,70,33,True,9,64,2025-11-16 07:24:43
ba_32768_1_2.txt,barabasi_albert_10ins_m20,43,SpecAnn-64,0.2806067666331568,1.00000001,-8070297.0,0.011444091796875,0,True,70,33,True,10,64,2025-11-16 07:24:43
ba_32768_1_2.txt,barabasi_albert_10ins_m20,43,SpecAnn-64,0.2943028597012718,1.00000001,-8095023.000000001,0.0113615989685058,0,True,70,33,True,11,64,2025-11-16 07:24:43
ba_32768_1_2.txt,barabasi_albert_10ins_m20,43,SpecAnn-64,0.3073893117471359,1.00000001,-8085069.000000001,0.0113320350646972,0,True,70,33,True,12,64,2025-11-16 07:24:43
ba_32768_1_2.txt,barabasi_albert_10ins_m20,43,SpecAnn-64,0.3199409394316542,1.00000001,-8092197.0,0.0114359855651855,0,True,70,33,True,13,64,2025-11-16 07:24:43
ba_32768_1_2.txt,barabasi_albert_10ins_m20,43,SpecAnn-64,0.3320184038158743,1.00000001,-8111050.999999999,0.0113725662231445,0,True,70,33,True,14,64,2025-11-16 07:24:43
ba_32768_1_2.txt,barabasi_albert_10ins_m20,43,SpecAnn-64,0.3436716983117353,1.00000001,-8074137.0,0.0113630294799804,0,True,70,33,True,15,64,2025-11-16 07:24:43
ba_32768_1_2.txt,barabasi_albert_10ins_m20,43,SpecAnn-64,0.3549426037664455,1.00000001,-8126409.000000001,0.0113604068756103,0,True,70,33,True,16,64,2025-11-16 07:24:43
ba_32768_1_2.txt,barabasi_albert_10ins_m20,43,SpecAnn-64,0.3658664615902029,1.00000001,-8078893.000000001,0.0113275051116943,0,True,70,33,True,17,64,2025-11-16 07:24:43
ba_32768_1_2.txt,barabasi_albert_10ins_m20,43,SpecAnn-64,0.3764734830828951,1.00000001,-8101952.999999999,0.0114164352416992,0,True,70,33,True,18,64,2025-11-16 07:24:43
ba_32768_1_2.txt,barabasi_albert_10ins_m20,43,SpecAnn-64,0.3867897351437838,1.00000001,-8091350.999999999,0.0113725662231445,0,True,70,33,True,19,64,2025-11-16 07:24:43
ba_32768_1_2.txt,barabasi_albert_10ins_m20,43,SpecAnn-64,0.3968378950662725,1.00000001,-8120601.0,0.0113782882690429,0,True,70,33,True,20,64,2025-11-16 07:24:43
ba_32768_1_2.txt,barabasi_albert_10ins_m20,43,SpecAnn-64,0.4066378372811136,1.00000001,-8095163.000000001,0.011404275894165,0,True,70,33,True,21,64,2025-11-16 07:24:43
ba_32768_1_2.txt,barabasi_albert_10ins_m20,43,SpecAnn-64,0.4162070956347247,1.00000001,-8081791.000000001,0.0114862918853759,0,True,70,33,True,22,64,2025-11-16 07:24:43
ba_32768_1_2.txt,barabasi_albert_10ins_m20,43,SpecAnn-64,0.4255612320274539,1.00000001,-8105919.0,0.0114500522613525,0,True,70,33,True,23,64,2025-11-16 07:24:43
ba_32768_1_2.txt,barabasi_albert_10ins_m20,43,SpecAnn-64,0.434714133601331,1.00000001,-8098698.999999999,0.0114586353302001,0,True,70,33,True,24,64,2025-11-16 07:24:43
ba_32768_1_2.txt,barabasi_albert_10ins_m20,43,SpecAnn-64,0.4436782547080569,1.00000001,-8094451.0,0.011380910873413,0,True,70,33,True,25,64,2025-11-16 07:24:43
ba_32768_1_2.txt,barabasi_albert_10ins_m20,43,SpecAnn-64,0.4524648157026343,1.00000001,-8085441.000000001,0.0113828182220458,0,True,70,33,True,26,64,2025-11-16 07:24:43
ba_32768_1_2.txt,barabasi_albert_10ins_m20,43,SpecAnn-64,0.4610839676207039,1.00000001,-8081139.000000001,0.0114471912384033,0,True,70,33,True,27,64,2025-11-16 07:24:43
ba_32768_1_2.txt,barabasi_albert_10ins_m20,43,SpecAnn-64,0.4695449296338763,1.00000001,-8106129.000000001,0.0114352703094482,0,True,70,33,True,28,64,2025-11-16 07:24:43
ba_32768_1_2.txt,barabasi_albert_10ins_m20,43,SpecAnn-64,0.4778561045889373,1.00000001,-8084081.0,0.0113871097564697,0,True,70,33,True,29,64,2025-11-16 07:24:43
ba_32768_1_2.txt,barabasi_albert_10ins_m20,43,SpecAnn-64,0.4860251767562508,1.00000001,-8089014.999999999,0.0114252567291259,0,True,70,33,True,30,64,2025-11-16 07:24:43
ba_32768_1_2.txt,barabasi_albert_10ins_m20,43,SpecAnn-64,0.4940591950252281,1.00000001,-8114697.0,0.0114266872406005,0,True,70,33,True,31,64,2025-11-16 07:24:43
ba_32768_1_2.txt,barabasi_albert_10ins_m20,43,SpecAnn-64,0.5019646441105269,1.00000001,-8108309.000000001,0.0113985538482666,0,True,70,33,True,32,64,2025-11-16 07:24:43
ba_32768_1_2.txt,barabasi_albert_10ins_m20,43,SpecAnn-64,0.5097475058154177,1.00000001,-8092722.999999999,0.0113954544067382,0,True,70,33,True,33,64,2025-11-16 07:24:43
ba_32768_1_2.txt,barabasi_albert_10ins_m20,43,SpecAnn-64,0.51741331199832,1.00000001,-8097159.0,0.011397361755371,0,True,70,33,True,34,64,2025-11-16 07:24:43
ba_32768_1_2.txt,barabasi_albert_10ins_m20,43,SpecAnn-64,0.5249671905758515,1.00000001,-8088420.999999999,0.0113816261291503,0,True,70,33,True,35,64,2025-11-16 07:24:43
ba_32768_1_2.txt,barabasi_albert_10ins_m20,43,SpecAnn-64,0.5324139056496683,1.00000001,-8130730.999999999,0.011404275894165,0,True,70,33,True,36,64,2025-11-16 07:24:43
ba_32768_1_2.txt,barabasi_albert_10ins_m20,43,SpecAnn-64,0.5397578926492556,1.00000001,-8140549.000000002,0.0113563537597656,0,True,70,33,True,37,64,2025-11-16 07:24:43
ba_32768_1_2.txt,barabasi_albert_10ins_m20,43,SpecAnn-64,0.5470032892270364,1.00000001,-8100865.000000001,0.011357307434082,0,True,70,33,True,38,64,2025-11-16 07:24:43
ba_32768_1_2.txt,barabasi_albert_10ins_m20,43,SpecAnn-64,0.554153962516942,1.00000001,-8110031.0,0.0113768577575683,0,True,70,33,True,39,64,2025-11-16 07:24:43
ba_32768_1_2.txt,barabasi_albert_10ins_m20,43,SpecAnn-64,0.5612135332663137,1.00000001,-8123229.000000001,0.0113992691040039,0,True,70,33,True,40,64,2025-11-16 07:24:43
ba_32768_1_2.txt,barabasi_albert_10ins_m20,43,SpecAnn-64,0.5681853972686127,1.00000001,-8103425.000000001,0.0113916397094726,0,True,70,33,True,41,64,2025-11-16 07:24:43
ba_32768_1_2.txt,barabasi_albert_10ins_m20,43,SpecAnn-64,0.5750727444570146,1.00000001,-8114303.0,0.0113804340362548,0,True,70,33,True,42,64,2025-11-16 07:24:43
ba_32768_1_2.txt,barabasi_albert_10ins_m20,43,SpecAnn-64,0.5818785759635375,1.00000001,-8093465.000000001,0.0114080905914306,0,True,70,33,True,43,64,2025-11-16 07:24:43
ba_32768_1_2.txt,barabasi_albert_10ins_m20,43,SpecAnn-64,0.5886057194025436,1.00000001,-8096088.999999999,0.0113911628723144,0,True,70,33,True,44,64,2025-11-16 07:24:43
ba_32768_1_2.txt,barabasi_albert_10ins_m20,43,SpecAnn-64,0.5952568425994088,1.00000001,-8093355.000000001,0.0113923549652099,0,True,70,33,True,45,64,2025-11-16 07:24:43
ba_32768_1_2.txt,barabasi_albert_10ins_m20,43,SpecAnn-64,0.6018344659534288,1.00000001,-8113632.999999999,0.0114541053771972,0,True,70,33,True,46,64,2025-11-16 07:24:43
ba_32768_1_2.txt,barabasi_albert_10ins_m20,43,SpecAnn-64,0.6083409735974393,1.00000001,-8098321.000000001,0.0114490985870361,0,True,70,33,True,47,64,2025-11-16 07:24:43
ba_32768_1_2.txt,barabasi_albert_10ins_m20,43,SpecAnn-64,0.6147786234942719,1.00000001,-8084533.0,0.0114111900329589,0,True,70,33,True,48,64,2025-11-16 07:24:43
ba_32768_1_2.txt,barabasi_albert_10ins_m20,43,SpecAnn-64,0.6211495565912796,1.00000001,-8125567.0,0.0114731788635253,0,True,70,33,True,49,64,2025-11-16 07:24:43
ba_32768_1_2.txt,barabasi_albert_10ins_m20,43,SpecAnn-64,0.6274558051381586,1.00000001,-8107548.999999999,0.011432409286499,0,True,70,33,True,50,64,2025-11-16 07:24:43
ba_32768_1_2.txt,barabasi_albert_10ins_m20,43,SpecAnn-64,0.6336993002596786,1.00000001,-8101485.000000001,0.0114367008209228,0,True,70,33,True,51,64,2025-11-16 07:24:43
ba_32768_1_2.txt,barabasi_albert_10ins_m20,43,SpecAnn-64,0.6398818788633085,1.00000001,-8120011.0,0.011385440826416,0,True,70,33,True,52,64,2025-11-16 07:24:44
ba_32768_1_2.txt,barabasi_albert_10ins_m20,43,SpecAnn-64,0.6460052899517691,1.00000001,-8114345.000000001,0.011357307434082,0,True,70,33,True,53,64,2025-11-16 07:24:44
ba_32768_1_2.txt,barabasi_albert_10ins_m20,43,SpecAnn-64,0.6520712004019966,1.00000001,-8095179.000000001,0.0114343166351318,0,True,70,33,True,54,64,2025-11-16 07:24:44
ba_32768_1_2.txt,barabasi_albert_10ins_m20,43,SpecAnn-64,0.6580812002646271,1.00000001,-8116187.0,0.0114238262176513,0,True,70,33,True,55,64,2025-11-16 07:24:44
ba_32768_1_2.txt,barabasi_albert_10ins_m20,43,SpecAnn-64,0.6640368076317485,1.00000001,-8108951.0,0.0114274024963378,0,True,70,33,True,56,64,2025-11-16 07:24:44
ba_32768_1_2.txt,barabasi_albert_10ins_m20,43,SpecAnn-64,0.6699394731151429,1.00000001,-8106869.000000001,0.011425495147705,0,True,70,33,True,57,64,2025-11-16 07:24:44
ba_32768_1_2.txt,barabasi_albert_10ins_m20,43,SpecAnn-64,0.6757905839724513,1.00000001,-8094565.0,0.01170015335083,0,True,70,33,True,58,64,2025-11-16 07:24:44
ba_32768_1_2.txt,barabasi_albert_10ins_m20,43,SpecAnn-64,0.6815914679145113,1.00000001,-8119367.0,0.0114481449127197,0,True,70,33,True,59,64,2025-11-16 07:24:44
ba_32768_1_2.txt,barabasi_albert_10ins_m20,43,SpecAnn-64,0.6873433966234707,1.00000001,-8117305.000000001,0.0113954544067382,0,True,70,33,True,60,64,2025-11-16 07:24:44
ba_32768_1_2.txt,barabasi_albert_10ins_m20,43,SpecAnn-64,0.6930475890080863,1.00000001,-8124412.999999999,0.0114257335662841,0,True,70,33,True,61,64,2025-11-16 07:24:44
ba_32768_1_2.txt,barabasi_albert_10ins_m20,43,SpecAnn-64,0.6987052142198116,1.00000001,-8101885.0,0.0114085674285888,0,True,70,33,True,62,64,2025-11-16 07:24:44
ba_32768_1_2.txt,barabasi_albert_10ins_m20,43,SpecAnn-64,0.7043173944508145,1.00000001,-8101959.0,0.011462926864624,0,True,70,33,True,63,64,2025-11-16 07:24:44
ba_32768_1_2.txt,barabasi_albert_10ins_m20,43,SpecAnn-64,0.709885207532891,1.00000001,-8085527.0,0.0113630294799804,0,True,70,33,True,64,64,2025-11-16 07:24:44
ba_32768_1_2.txt,barabasi_albert_10ins_m20,43,SpecAnn-64,0.7154096893543218,1.00000001,-8092575.0,0.0114142894744873,0,True,70,33,True,65,64,2025-11-16 07:24:44
ba_32768_1_2.txt,barabasi_albert_10ins_m20,43,SpecAnn-64,0.7208918361100219,1.00000001,-8102204.999999999,0.0114405155181884,0,True,70,33,True,66,64,2025-11-16 07:24:44
ba_32768_1_2.txt,barabasi_albert_10ins_m20,43,SpecAnn-64,0.7263326063988248,1.00000001,-8121853.0,0.0114047527313232,0,True,70,33,True,67,64,2025-11-16 07:24:44
ba_32768_1_2.txt,barabasi_albert_10ins_m20,43,SpecAnn-64,0.7317329231804058,1.00000001,-8121365.000000001,0.0114259719848632,0,True,70,33,True,68,64,2025-11-16 07:24:44
ba_32768_1_2.txt,barabasi_albert_10ins_m20,43,SpecAnn-64,0.7370936756031579,1.00000001,-8112435.0,0.0116093158721923,0,True,70,33,True,69,64,2025-11-16 07:24:44
ba_32768_1_2.txt,barabasi_albert_10ins_m20,43,SpecAnn-64,0.7424157207132704,1.00000001,-8105333.0,0.0116703510284423,0,True,70,33,True,70,64,2025-11-16 07:24:44
ba_32768_1_2.txt,barabasi_albert_10ins_m20,43,SpecAnn-64,0.7476998850543153,1.00000001,-8105555.0,0.0116596221923828,0,True,70,33,True,71,64,2025-11-16 07:24:44
ba_32768_1_2.txt,barabasi_albert_10ins_m20,43,SpecAnn-64,0.7529469661657903,1.00000001,-8084460.999999999,0.0116040706634521,0,True,70,33,True,72,64,2025-11-16 07:24:44
ba_32768_1_2.txt,barabasi_albert_10ins_m20,43,SpecAnn-64,0.7581577339883167,1.00000001,-8086631.0,0.0114316940307617,0,True,70,33,True,73,64,2025-11-16 07:24:44
ba_32768_1_2.txt,barabasi_albert_10ins_m20,43,SpecAnn-64,0.7633329321824984,1.00000001,-8063093.0,0.0114097595214843,0,True,70,33,True,74,64,2025-11-16 07:24:44
ba_32768_1_2.txt,barabasi_albert_10ins_m20,43,SpecAnn-64,0.7684732793678399,1.00000001,-8120763.0,0.011493444442749,0,True,70,33,True,75,64,2025-11-16 07:24:44
ba_32768_1_2.txt,barabasi_albert_10ins_m20,43,SpecAnn-64,0.7735794702875677,1.00000001,-8093573.0,0.0114142894744873,0,True,70,33,True,76,64,2025-11-16 07:24:44
ba_32768_1_2.txt,barabasi_albert_10ins_m20,43,SpecAnn-64,0.7786521769046981,1.00000001,-8105853.000000001,0.0115230083465576,0,True,70,33,True,77,64,2025-11-16 07:24:44
ba_32768_1_2.txt,barabasi_albert_10ins_m20,43,SpecAnn-64,0.7836920494342511,1.00000001,-8116796.999999999,0.0114557743072509,0,True,70,33,True,78,64,2025-11-16 07:24:44
ba_32768_1_2.txt,barabasi_albert_10ins_m20,43,SpecAnn-64,0.788699717316095,1.00000001,-8123993.000000001,0.0114850997924804,0,True,70,33,True,79,64,2025-11-16 07:24:44
ba_32768_1_2.txt,barabasi_albert_10ins_m20,43,SpecAnn-64,0.7936757901325451,1.00000001,-8132411.000000002,0.0114154815673828,0,True,70,33,True,80,64,2025-11-16 07:24:44
ba_32768_1_2.txt,barabasi_albert_10ins_m20,43,SpecAnn-64,0.7986208584745024,1.00000001,-8120213.0,0.0114557743072509,0,True,70,33,True,81,64,2025-11-16 07:24:44
ba_32768_1_2.txt,barabasi_albert_10ins_m20,43,SpecAnn-64,0.803535494759617,1.00000001,-8138287.000000001,0.0114178657531738,0,True,70,33,True,82,64,2025-11-16 07:24:44
ba_32768_1_2.txt,barabasi_albert_10ins_m20,43,SpecAnn-64,0.8084202540056837,1.00000001,-8110305.0,0.0114526748657226,0,True,70,33,True,83,64,2025-11-16 07:24:44
ba_32768_1_2.txt,barabasi_albert_10ins_m20,43,SpecAnn-64,0.8132756745622272,1.00000001,-8133955.0,0.0115220546722412,0,True,70,33,True,84,64,2025-11-16 07:24:44
ba_32768_1_2.txt,barabasi_albert_10ins_m20,43,SpecAnn-64,0.8181022788030096,1.00000001,-8128181.000000001,0.0115237236022949,0,True,70,33,True,85,64,2025-11-16 07:24:44
ba_32768_1_2.txt,barabasi_albert_10ins_m20,43,SpecAnn-64,0.822900573781978,1.00000001,-8160642.999999999,0.0117037296295166,0,True,70,33,True,86,64,2025-11-16 07:24:44
ba_32768_1_2.txt,barabasi_albert_10ins_m20,43,SpecAnn-64,0.8276710518549868,1.00000001,-8134437.0,0.0117919445037841,0,True,70,33,True,87,64,2025-11-16 07:24:44
ba_32768_1_2.txt,barabasi_albert_10ins_m20,43,SpecAnn-64,0.8324141912694495,1.00000001,-8145319.0,0.0117461681365966,0,True,70,33,True,88,64,2025-11-16 07:24:44
ba_32768_1_2.txt,barabasi_albert_10ins_m20,43,SpecAnn-64,0.8371304567239225,1.00000001,-8155337.000000001,0.01171875,0,True,70,33,True,89,64,2025-11-16 07:24:44
ba_32768_1_2.txt,barabasi_albert_10ins_m20,43,SpecAnn-64,0.8418202998994706,1.00000001,-8154457.0,0.0114486217498779,0,True,70,33,True,90,64,2025-11-16 07:24:44
ba_32768_1_2.txt,barabasi_albert_10ins_m20,43,SpecAnn-64,0.846484159964536,1.00000001,-8151305.0,0.0115025043487548,0,True,70,33,True,91,64,2025-11-16 07:24:44
ba_32768_1_2.txt,barabasi_albert_10ins_m20,43,SpecAnn-64,0.8511224640549078,1.00000001,-8164975.000000001,0.0114936828613281,0,True,70,33,True,92,64,2025-11-16 07:24:44
ba_32768_1_2.txt,barabasi_albert_10ins_m20,43,SpecAnn-64,0.8557356277302758,1.00000001,-8160255.000000002,0.0115168094635009,0,True,70,33,True,93,64,2025-11-16 07:24:44
ba_32768_1_2.txt,barabasi_albert_10ins_m20,43,SpecAnn-64,0.8603240554087516,1.00000001,-8176049.000000002,0.0114574432373046,0,True,70,33,True,94,64,2025-11-16 07:24:44
ba_32768_1_2.txt,barabasi_albert_10ins_m20,43,SpecAnn-64,0.86488814078064,1.00000001,-8199520.999999999,0.0115132331848144,0,True,70,33,True,95,64,2025-11-16 07:24:44
ba_32768_1_2.txt,barabasi_albert_10ins_m20,43,SpecAnn-64,0.8694282672026621,1.00000001,-8203300.999999999,0.0114486217498779,0,True,70,33,True,96,64,2025-11-16 07:24:44
ba_32768_1_2.txt,barabasi_albert_10ins_m20,43,SpecAnn-64,0.8739448080737451,1.00000001,-8204597.0,0.0114579200744628,0,True,70,33,True,97,64,2025-11-16 07:24:44
ba_32768_1_2.txt,barabasi_albert_10ins_m20,43,SpecAnn-64,0.878438127193422,1.00000001,-8187337.0,0.0114333629608154,0,True,70,33,True,98,64,2025-11-16 07:24:44
ba_32768_1_2.txt,barabasi_albert_10ins_m20,43,SpecAnn-64,0.8829085791038153,1.00000001,-8214977.000000001,0.0116419792175292,0,True,70,33,True,99,64,2025-11-16 07:24:44
ba_32768_1_2.txt,barabasi_albert_10ins_m20,43,SpecAnn-64,0.8873565094161138,1.00000001,-8228676.999999999,0.0116395950317382,0,True,70,33,True,100,64,2025-11-16 07:24:44
ba_32768_1_2.txt,barabasi_albert_10ins_m20,43,SpecAnn-64,0.8917822551223932,1.00000001,-8243495.000000001,0.0117192268371582,0,True,70,33,True,101,64,2025-11-16 07:24:44
ba_32768_1_2.txt,barabasi_albert_10ins_m20,43,SpecAnn-64,0.8961861448935777,1.00000001,-8233205.0,0.0116195678710937,0,True,70,33,True,102,64,2025-11-16 07:24:44
ba_32768_1_2.txt,barabasi_albert_10ins_m20,43,SpecAnn-64,0.9005684993642872,1.00000001,-8254035.0,0.0116848945617675,0,True,70,33,True,103,64,2025-11-16 07:24:44
ba_32768_1_2.txt,barabasi_albert_10ins_m20,43,SpecAnn-64,0.9049296314052688,1.00000001,-8248577.0,0.0116522312164306,0,True,70,33,True,104,64,2025-11-16 07:24:44
ba_32768_1_2.txt,barabasi_albert_10ins_m20,43,SpecAnn-64,0.9092698463840684,1.00000001,-8260533.000000001,0.011519432067871,0,True,70,33,True,105,64,2025-11-16 07:24:44
ba_32768_1_2.txt,barabasi_albert_10ins_m20,43,SpecAnn-64,0.9135894424145556,1.00000001,-8296837.000000001,0.0218617916107177,0,True,70,65,True,106,64,2025-11-16 07:24:44
ba_32768_1_2.txt,barabasi_albert_10ins_m20,43,SpecAnn-64,0.9178887105958816,1.00000001,-8288433.0,0.0219917297363281,0,True,70,65,True,107,64,2025-11-16 07:24:44
ba_32768_1_2.txt,barabasi_albert_10ins_m20,43,SpecAnn-64,0.922167935241408,1.00000001,-8314497.000000002,0.0218474864959716,0,True,70,65,True,108,64,2025-11-16 07:24:44
ba_32768_1_2.txt,barabasi_albert_10ins_m20,43,SpecAnn-64,0.92642739409812,1.00000001,-8315528.999999999,0.0218393802642822,0,True,70,65,True,109,64,2025-11-16 07:24:44
ba_32768_1_2.txt,barabasi_albert_10ins_m20,43,SpecAnn-64,0.9306673585570006,1.00000001,-8313289.0,0.0218620300292968,0,True,70,65,True,110,64,2025-11-16 07:24:44
ba_32768_1_2.txt,barabasi_albert_10ins_m20,43,SpecAnn-64,0.9348880938548184,1.00000001,-8333913.000000001,0.0321481227874755,0,True,70,97,True,111,64,2025-11-16 07:24:44
ba_32768_1_2.txt,barabasi_albert_10ins_m20,43,SpecAnn-64,0.9390898592677528,1.00000001,-8352042.999999999,0.0428085327148437,0,True,70,129,True,112,64,2025-11-16 07:24:44
ba_32768_1_2.txt,barabasi_albert_10ins_m20,43,SpecAnn-64,0.9432729082972536,1.00000001,-8367663.0,0.0634663105010986,0,True,70,193,True,113,64,2025-11-16 07:24:44
ba_32768_1_2.txt,barabasi_albert_10ins_m20,43,SpecAnn-64,0.9474374888485204,1.00000001,-8382231.0,0.0948357582092285,0,True,70,289,True,114,64,2025-11-16 07:24:44
ba_32768_1_2.txt,barabasi_albert_10ins_m20,43,SpecAnn-64,0.9515838434019476,1.00000001,-8368501.0,0.1368131637573242,0,True,70,417,True,115,64,2025-11-16 07:24:45
ba_32768_1_2.txt,barabasi_albert_10ins_m20,43,SpecAnn-64,0.9557122091778746,1.00000001,-8327699.000000001,0.1169495582580566,0,True,70,353,True,116,64,2025-11-16 07:24:45
ba_32768_1_2.txt,barabasi_albert_10ins_m20,43,SpecAnn-64,0.9598228182949629,1.00000001,-8324291.0,0.0955135822296142,0,True,70,289,True,117,64,2025-11-16 07:24:45
ba_32768_1_2.txt,barabasi_albert_10ins_m20,43,SpecAnn-64,0.963915897922488,1.00000001,-8315567.000000001,0.0743782520294189,0,True,70,225,True,118,64,2025-11-16 07:24:45
ba_32768_1_2.txt,barabasi_albert_10ins_m20,43,SpecAnn-64,0.967991670426842,1.00000001,-8306770.999999999,0.0748898983001709,0,True,70,225,True,119,64,2025-11-16 07:24:45
ba_32768_1_2.txt,barabasi_albert_10ins_m20,43,SpecAnn-64,0.9720503535125016,1.00000001,-8309401.000000001,0.0742485523223877,0,True,70,225,True,120,64,2025-11-16 07:24:45
ba_32768_1_2.txt,barabasi_albert_10ins_m20,43,SpecAnn-64,0.9760921603577252,1.00000001,-8300205.000000001,0.0742864608764648,0,True,70,225,True,121,64,2025-11-16 07:24:45
ba_32768_1_2.txt,barabasi_albert_10ins_m20,43,SpecAnn-64,0.9801172997452104,1.00000001,-8292399.000000002,0.0742077827453613,0,True,70,225,True,122,64,2025-11-16 07:24:45
ba_32768_1_2.txt,barabasi_albert_10ins_m20,43,SpecAnn-64,0.9841259761879442,1.00000001,-8278095.0,0.0635223388671875,0,True,70,193,True,123,64,2025-11-16 07:24:45
ba_32768_1_2.txt,barabasi_albert_10ins_m20,43,SpecAnn-64,0.9881183900504562,1.00000001,-8275309.0,0.0636582374572753,0,True,70,193,True,124,64,2025-11-16 07:24:45
ba_32768_1_2.txt,barabasi_albert_10ins_m20,43,SpecAnn-64,0.9920947376656812,1.00000001,-8284148.999999999,0.0634291172027587,0,True,70,193,True,125,64,2025-11-16 07:24:45
ba_32768_1_2.txt,barabasi_albert_10ins_m20,43,SpecAnn-64,0.9960552114476228,1.00000001,-8288703.000000001,0.0634489059448242,0,True,70,193,True,126,64,2025-11-16 07:24:45
ba_32768_1_2.txt,barabasi_albert_10ins_m20,43,SpecAnn-64,1.0,1.00000001,-8275541.000000001,0.0634796619415283,0,True,70,193,True,127,64,2025-11-16 07:24:46
ba_32768_1_2.txt,barabasi_albert_10ins_m20,44,SpecAnn-64,0.0,1.00000001,-8095655.0,0.0127797126770019,0,True,70,33,True,0,64,2025-11-16 07:24:46
ba_32768_1_2.txt,barabasi_albert_10ins_m20,44,SpecAnn-64,0.0887356509416113,1.00000001,-8079646.999999999,0.0116586685180664,0,True,70,33,True,1,64,2025-11-16 07:24:46
ba_32768_1_2.txt,barabasi_albert_10ins_m20,44,SpecAnn-64,0.1254911610276317,1.00000001,-8096193.000000001,0.011423110961914,0,True,70,33,True,2,64,2025-11-16 07:24:46
ba_32768_1_2.txt,barabasi_albert_10ins_m20,44,SpecAnn-64,0.1536946558735679,1.00000001,-8093383.000000001,0.0114922523498535,0,True,70,33,True,3,64,2025-11-16 07:24:46
ba_32768_1_2.txt,barabasi_albert_10ins_m20,44,SpecAnn-64,0.1774713018832227,1.00000001,-8101111.0,0.0114681720733642,0,True,70,33,True,4,64,2025-11-16 07:24:46
ba_32768_1_2.txt,barabasi_albert_10ins_m20,44,SpecAnn-64,0.1984189475331362,1.00000001,-8077647.000000001,0.0114052295684814,0,True,70,33,True,5,64,2025-11-16 07:24:46
ba_32768_1_2.txt,barabasi_albert_10ins_m20,44,SpecAnn-64,0.2173570668006655,1.00000001,-8091391.0,0.0114619731903076,0,True,70,33,True,6,64,2025-11-16 07:24:46
ba_32768_1_2.txt,barabasi_albert_10ins_m20,44,SpecAnn-64,0.2347724648169381,1.00000001,-8083841.000000001,0.0114240646362304,0,True,70,33,True,7,64,2025-11-16 07:24:46
ba_32768_1_2.txt,barabasi_albert_10ins_m20,44,SpecAnn-64,0.2509823220552634,1.00000001,-8093885.000000001,0.0114133358001708,0,True,70,33,True,8,64,2025-11-16 07:24:46
ba_32768_1_2.txt,barabasi_albert_10ins_m20,44,SpecAnn-64,0.2662069528248341,1.00000001,-8088654.999999999,0.0114555358886718,0,True,70,33,True,9,64,2025-11-16 07:24:46
ba_32768_1_2.txt,barabasi_albert_10ins_m20,44,SpecAnn-64,0.2806067666331568,1.00000001,-8061562.999999999,0.0117170810699462,0,True,70,33,True,10,64,2025-11-16 07:24:46
ba_32768_1_2.txt,barabasi_albert_10ins_m20,44,SpecAnn-64,0.2943028597012718,1.00000001,-8099645.0,0.011688232421875,0,True,70,33,True,11,64,2025-11-16 07:24:46
ba_32768_1_2.txt,barabasi_albert_10ins_m20,44,SpecAnn-64,0.3073893117471359,1.00000001,-8079533.000000001,0.0115678310394287,0,True,70,33,True,12,64,2025-11-16 07:24:46
ba_32768_1_2.txt,barabasi_albert_10ins_m20,44,SpecAnn-64,0.3199409394316542,1.00000001,-8110697.000000001,0.0115597248077392,0,True,70,33,True,13,64,2025-11-16 07:24:46
ba_32768_1_2.txt,barabasi_albert_10ins_m20,44,SpecAnn-64,0.3320184038158743,1.00000001,-8069619.0,0.0114481449127197,0,True,70,33,True,14,64,2025-11-16 07:24:46
ba_32768_1_2.txt,barabasi_albert_10ins_m20,44,SpecAnn-64,0.3436716983117353,1.00000001,-8112787.000000001,0.0114026069641113,0,True,70,33,True,15,64,2025-11-16 07:24:46
ba_32768_1_2.txt,barabasi_albert_10ins_m20,44,SpecAnn-64,0.3549426037664455,1.00000001,-8105541.0,0.011465311050415,0,True,70,33,True,16,64,2025-11-16 07:24:46
ba_32768_1_2.txt,barabasi_albert_10ins_m20,44,SpecAnn-64,0.3658664615902029,1.00000001,-8086741.000000001,0.0113670825958251,0,True,70,33,True,17,64,2025-11-16 07:24:46
ba_32768_1_2.txt,barabasi_albert_10ins_m20,44,SpecAnn-64,0.3764734830828951,1.00000001,-8106351.000000001,0.0114130973815917,0,True,70,33,True,18,64,2025-11-16 07:24:46
ba_32768_1_2.txt,barabasi_albert_10ins_m20,44,SpecAnn-64,0.3867897351437838,1.00000001,-8093609.0,0.0113921165466308,0,True,70,33,True,19,64,2025-11-16 07:24:46
ba_32768_1_2.txt,barabasi_albert_10ins_m20,44,SpecAnn-64,0.3968378950662725,1.00000001,-8124913.0,0.0113136768341064,0,True,70,33,True,20,64,2025-11-16 07:24:46
ba_32768_1_2.txt,barabasi_albert_10ins_m20,44,SpecAnn-64,0.4066378372811136,1.00000001,-8119323.0,0.0113697052001953,0,True,70,33,True,21,64,2025-11-16 07:24:46
ba_32768_1_2.txt,barabasi_albert_10ins_m20,44,SpecAnn-64,0.4162070956347247,1.00000001,-8101315.000000001,0.0114798545837402,0,True,70,33,True,22,64,2025-11-16 07:24:46
ba_32768_1_2.txt,barabasi_albert_10ins_m20,44,SpecAnn-64,0.4255612320274539,1.00000001,-8107675.000000002,0.0116586685180664,0,True,70,33,True,23,64,2025-11-16 07:24:46
ba_32768_1_2.txt,barabasi_albert_10ins_m20,44,SpecAnn-64,0.434714133601331,1.00000001,-8100577.000000001,0.0115613937377929,0,True,70,33,True,24,64,2025-11-16 07:24:46
ba_32768_1_2.txt,barabasi_albert_10ins_m20,44,SpecAnn-64,0.4436782547080569,1.00000001,-8077279.000000001,0.0114312171936035,0,True,70,33,True,25,64,2025-11-16 07:24:46
ba_32768_1_2.txt,barabasi_albert_10ins_m20,44,SpecAnn-64,0.4524648157026343,1.00000001,-8100459.0,0.0113859176635742,0,True,70,33,True,26,64,2025-11-16 07:24:46
ba_32768_1_2.txt,barabasi_albert_10ins_m20,44,SpecAnn-64,0.4610839676207039,1.00000001,-8117637.000000001,0.0114109516143798,0,True,70,33,True,27,64,2025-11-16 07:24:46
ba_32768_1_2.txt,barabasi_albert_10ins_m20,44,SpecAnn-64,0.4695449296338763,1.00000001,-8106465.0,0.0113773345947265,0,True,70,33,True,28,64,2025-11-16 07:24:46
ba_32768_1_2.txt,barabasi_albert_10ins_m20,44,SpecAnn-64,0.4778561045889373,1.00000001,-8054833.0,0.0114252567291259,0,True,70,33,True,29,64,2025-11-16 07:24:46
ba_32768_1_2.txt,barabasi_albert_10ins_m20,44,SpecAnn-64,0.4860251767562508,1.00000001,-8115839.0,0.0113971233367919,0,True,70,33,True,30,64,2025-11-16 07:24:46
ba_32768_1_2.txt,barabasi_albert_10ins_m20,44,SpecAnn-64,0.4940591950252281,1.00000001,-8109448.999999999,0.0114421844482421,0,True,70,33,True,31,64,2025-11-16 07:24:46
ba_32768_1_2.txt,barabasi_albert_10ins_m20,44,SpecAnn-64,0.5019646441105269,1.00000001,-8104629.000000001,0.011460542678833,0,True,70,33,True,32,64,2025-11-16 07:24:46
ba_32768_1_2.txt,barabasi_albert_10ins_m20,44,SpecAnn-64,0.5097475058154177,1.00000001,-8102611.000000002,0.0113859176635742,0,True,70,33,True,33,64,2025-11-16 07:24:46
ba_32768_1_2.txt,barabasi_albert_10ins_m20,44,SpecAnn-64,0.51741331199832,1.00000001,-8088909.000000002,0.011491060256958,0,True,70,33,True,34,64,2025-11-16 07:24:46
ba_32768_1_2.txt,barabasi_albert_10ins_m20,44,SpecAnn-64,0.5249671905758515,1.00000001,-8100284.999999999,0.0113763809204101,0,True,70,33,True,35,64,2025-11-16 07:24:46
ba_32768_1_2.txt,barabasi_albert_10ins_m20,44,SpecAnn-64,0.5324139056496683,1.00000001,-8120303.000000002,0.0113697052001953,0,True,70,33,True,36,64,2025-11-16 07:24:46
ba_32768_1_2.txt,barabasi_albert_10ins_m20,44,SpecAnn-64,0.5397578926492556,1.00000001,-8102545.0,0.011423110961914,0,True,70,33,True,37,64,2025-11-16 07:24:46
ba_32768_1_2.txt,barabasi_albert_10ins_m20,44,SpecAnn-64,0.5470032892270364,1.00000001,-8096339.000000001,0.0114645957946777,0,True,70,33,True,38,64,2025-11-16 07:24:46
ba_32768_1_2.txt,barabasi_albert_10ins_m20,44,SpecAnn-64,0.554153962516942,1.00000001,-8118319.000000001,0.0114712715148925,0,True,70,33,True,39,64,2025-11-16 07:24:46
ba_32768_1_2.txt,barabasi_albert_10ins_m20,44,SpecAnn-64,0.5612135332663137,1.00000001,-8089999.0,0.0114743709564208,0,True,70,33,True,40,64,2025-11-16 07:24:46
ba_32768_1_2.txt,barabasi_albert_10ins_m20,44,SpecAnn-64,0.5681853972686127,1.00000001,-8122686.999999999,0.0115079879760742,0,True,70,33,True,41,64,2025-11-16 07:24:46
ba_32768_1_2.txt,barabasi_albert_10ins_m20,44,SpecAnn-64,0.5750727444570146,1.00000001,-8088193.0,0.011441946029663,0,True,70,33,True,42,64,2025-11-16 07:24:46
ba_32768_1_2.txt,barabasi_albert_10ins_m20,44,SpecAnn-64,0.5818785759635375,1.00000001,-8081925.000000001,0.0114650726318359,0,True,70,33,True,43,64,2025-11-16 07:24:46
ba_32768_1_2.txt,barabasi_albert_10ins_m20,44,SpecAnn-64,0.5886057194025436,1.00000001,-8107067.0,0.0114858150482177,0,True,70,33,True,44,64,2025-11-16 07:24:46
ba_32768_1_2.txt,barabasi_albert_10ins_m20,44,SpecAnn-64,0.5952568425994088,1.00000001,-8088379.0,0.0114901065826416,0,True,70,33,True,45,64,2025-11-16 07:24:46
ba_32768_1_2.txt,barabasi_albert_10ins_m20,44,SpecAnn-64,0.6018344659534288,1.00000001,-8086197.000000001,0.0115613937377929,0,True,70,33,True,46,64,2025-11-16 07:24:46
ba_32768_1_2.txt,barabasi_albert_10ins_m20,44,SpecAnn-64,0.6083409735974393,1.00000001,-8090603.000000001,0.0115053653717041,0,True,70,33,True,47,64,2025-11-16 07:24:46
ba_32768_1_2.txt,barabasi_albert_10ins_m20,44,SpecAnn-64,0.6147786234942719,1.00000001,-8085959.000000002,0.011493444442749,0,True,70,33,True,48,64,2025-11-16 07:24:46
ba_32768_1_2.txt,barabasi_albert_10ins_m20,44,SpecAnn-64,0.6211495565912796,1.00000001,-8120551.000000001,0.0114905834197998,0,True,70,33,True,49,64,2025-11-16 07:24:46
ba_32768_1_2.txt,barabasi_albert_10ins_m20,44,SpecAnn-64,0.6274558051381586,1.00000001,-8083777.000000002,0.011451244354248,0,True,70,33,True,50,64,2025-11-16 07:24:46
ba_32768_1_2.txt,barabasi_albert_10ins_m20,44,SpecAnn-64,0.6336993002596786,1.00000001,-8103321.0,0.011486530303955,0,True,70,33,True,51,64,2025-11-16 07:24:46
ba_32768_1_2.txt,barabasi_albert_10ins_m20,44,SpecAnn-64,0.6398818788633085,1.00000001,-8116889.0,0.0114989280700683,0,True,70,33,True,52,64,2025-11-16 07:24:46
ba_32768_1_2.txt,barabasi_albert_10ins_m20,44,SpecAnn-64,0.6460052899517691,1.00000001,-8112945.0,0.0114471912384033,0,True,70,33,True,53,64,2025-11-16 07:24:46
ba_32768_1_2.txt,barabasi_albert_10ins_m20,44,SpecAnn-64,0.6520712004019966,1.00000001,-8110775.0,0.0114438533782958,0,True,70,33,True,54,64,2025-11-16 07:24:46
ba_32768_1_2.txt,barabasi_albert_10ins_m20,44,SpecAnn-64,0.6580812002646271,1.00000001,-8103893.0,0.0114297866821289,0,True,70,33,True,55,64,2025-11-16 07:24:46
ba_32768_1_2.txt,barabasi_albert_10ins_m20,44,SpecAnn-64,0.6640368076317485,1.00000001,-8124526.999999998,0.0114164352416992,0,True,70,33,True,56,64,2025-11-16 07:24:46
ba_32768_1_2.txt,barabasi_albert_10ins_m20,44,SpecAnn-64,0.6699394731151429,1.00000001,-8105925.0,0.0115008354187011,0,True,70,33,True,57,64,2025-11-16 07:24:46
ba_32768_1_2.txt,barabasi_albert_10ins_m20,44,SpecAnn-64,0.6757905839724513,1.00000001,-8092566.999999999,0.0115594863891601,0,True,70,33,True,58,64,2025-11-16 07:24:46
ba_32768_1_2.txt,barabasi_albert_10ins_m20,44,SpecAnn-64,0.6815914679145113,1.00000001,-8090933.0,0.0114719867706298,0,True,70,33,True,59,64,2025-11-16 07:24:46
ba_32768_1_2.txt,barabasi_albert_10ins_m20,44,SpecAnn-64,0.6873433966234707,1.00000001,-8134373.000000001,0.0114531517028808,0,True,70,33,True,60,64,2025-11-16 07:24:46
ba_32768_1_2.txt,barabasi_albert_10ins_m20,44,SpecAnn-64,0.6930475890080863,1.00000001,-8108135.0,0.0114459991455078,0,True,70,33,True,61,64,2025-11-16 07:24:47
ba_32768_1_2.txt,barabasi_albert_10ins_m20,44,SpecAnn-64,0.6987052142198116,1.00000001,-8111869.0,0.0114705562591552,0,True,70,33,True,62,64,2025-11-16 07:24:47
ba_32768_1_2.txt,barabasi_albert_10ins_m20,44,SpecAnn-64,0.7043173944508145,1.00000001,-8141523.000000001,0.0114912986755371,0,True,70,33,True,63,64,2025-11-16 07:24:47
ba_32768_1_2.txt,barabasi_albert_10ins_m20,44,SpecAnn-64,0.709885207532891,1.00000001,-8109745.0,0.011476993560791,0,True,70,33,True,64,64,2025-11-16 07:24:47
ba_32768_1_2.txt,barabasi_albert_10ins_m20,44,SpecAnn-64,0.7154096893543218,1.00000001,-8096435.0,0.0114405155181884,0,True,70,33,True,65,64,2025-11-16 07:24:47
ba_32768_1_2.txt,barabasi_albert_10ins_m20,44,SpecAnn-64,0.7208918361100219,1.00000001,-8121837.0,0.0114679336547851,0,True,70,33,True,66,64,2025-11-16 07:24:47
ba_32768_1_2.txt,barabasi_albert_10ins_m20,44,SpecAnn-64,0.7263326063988248,1.00000001,-8125563.000000001,0.0115079879760742,0,True,70,33,True,67,64,2025-11-16 07:24:47
ba_32768_1_2.txt,barabasi_albert_10ins_m20,44,SpecAnn-64,0.7317329231804058,1.00000001,-8132731.000000002,0.0115754604339599,0,True,70,33,True,68,64,2025-11-16 07:24:47
ba_32768_1_2.txt,barabasi_albert_10ins_m20,44,SpecAnn-64,0.7370936756031579,1.00000001,-8103323.000000002,0.011401891708374,0,True,70,33,True,69,64,2025-11-16 07:24:47
ba_32768_1_2.txt,barabasi_albert_10ins_m20,44,SpecAnn-64,0.7424157207132704,1.00000001,-8119249.0,0.0114603042602539,0,True,70,33,True,70,64,2025-11-16 07:24:47
ba_32768_1_2.txt,barabasi_albert_10ins_m20,44,SpecAnn-64,0.7476998850543153,1.00000001,-8110614.999999999,0.0114581584930419,0,True,70,33,True,71,64,2025-11-16 07:24:47
ba_32768_1_2.txt,barabasi_albert_10ins_m20,44,SpecAnn-64,0.7529469661657903,1.00000001,-8115395.0,0.0114827156066894,0,True,70,33,True,72,64,2025-11-16 07:24:47
ba_32768_1_2.txt,barabasi_albert_10ins_m20,44,SpecAnn-64,0.7581577339883167,1.00000001,-8095297.000000001,0.0114772319793701,0,True,70,33,True,73,64,2025-11-16 07:24:47
ba_32768_1_2.txt,barabasi_albert_10ins_m20,44,SpecAnn-64,0.7633329321824984,1.00000001,-8106927.0,0.0115394592285156,0,True,70,33,True,74,64,2025-11-16 07:24:47
ba_32768_1_2.txt,barabasi_albert_10ins_m20,44,SpecAnn-64,0.7684732793678399,1.00000001,-8093342.999999999,0.0114343166351318,0,True,70,33,True,75,64,2025-11-16 07:24:47
ba_32768_1_2.txt,barabasi_albert_10ins_m20,44,SpecAnn-64,0.7735794702875677,1.00000001,-8107303.000000001,0.0115115642547607,0,True,70,33,True,76,64,2025-11-16 07:24:47
ba_32768_1_2.txt,barabasi_albert_10ins_m20,44,SpecAnn-64,0.7786521769046981,1.00000001,-8127227.0,0.0115363597869873,0,True,70,33,True,77,64,2025-11-16 07:24:47
ba_32768_1_2.txt,barabasi_albert_10ins_m20,44,SpecAnn-64,0.7836920494342511,1.00000001,-8092610.999999999,0.0116655826568603,0,True,70,33,True,78,64,2025-11-16 07:24:47
ba_32768_1_2.txt,barabasi_albert_10ins_m20,44,SpecAnn-64,0.788699717316095,1.00000001,-8110951.0,0.0118048191070556,0,True,70,33,True,79,64,2025-11-16 07:24:47
ba_32768_1_2.txt,barabasi_albert_10ins_m20,44,SpecAnn-64,0.7936757901325451,1.00000001,-8121032.999999999,0.011789321899414,0,True,70,33,True,80,64,2025-11-16 07:24:47
ba_32768_1_2.txt,barabasi_albert_10ins_m20,44,SpecAnn-64,0.7986208584745024,1.00000001,-8113931.000000001,0.011709451675415,0,True,70,33,True,81,64,2025-11-16 07:24:47
ba_32768_1_2.txt,barabasi_albert_10ins_m20,44,SpecAnn-64,0.803535494759617,1.00000001,-8133531.0,0.0114822387695312,0,True,70,33,True,82,64,2025-11-16 07:24:47
ba_32768_1_2.txt,barabasi_albert_10ins_m20,44,SpecAnn-64,0.8084202540056837,1.00000001,-8142801.0,0.0116052627563476,0,True,70,33,True,83,64,2025-11-16 07:24:47
ba_32768_1_2.txt,barabasi_albert_10ins_m20,44,SpecAnn-64,0.8132756745622272,1.00000001,-8117501.0,0.0115723609924316,0,True,70,33,True,84,64,2025-11-16 07:24:47
ba_32768_1_2.txt,barabasi_albert_10ins_m20,44,SpecAnn-64,0.8181022788030096,1.00000001,-8120823.0,0.0114657878875732,0,True,70,33,True,85,64,2025-11-16 07:24:47
ba_32768_1_2.txt,barabasi_albert_10ins_m20,44,SpecAnn-64,0.822900573781978,1.00000001,-8147354.999999999,0.0115995407104492,0,True,70,33,True,86,64,2025-11-16 07:24:47
ba_32768_1_2.txt,barabasi_albert_10ins_m20,44,SpecAnn-64,0.8276710518549868,1.00000001,-8143143.0,0.0115160942077636,0,True,70,33,True,87,64,2025-11-16 07:24:47
ba_32768_1_2.txt,barabasi_albert_10ins_m20,44,SpecAnn-64,0.8324141912694495,1.00000001,-8139701.000000002,0.011566162109375,0,True,70,33,True,88,64,2025-11-16 07:24:47
ba_32768_1_2.txt,barabasi_albert_10ins_m20,44,SpecAnn-64,0.8371304567239225,1.00000001,-8136396.999999999,0.011545181274414,0,True,70,33,True,89,64,2025-11-16 07:24:47
ba_32768_1_2.txt,barabasi_albert_10ins_m20,44,SpecAnn-64,0.8418202998994706,1.00000001,-8149120.999999999,0.0115411281585693,0,True,70,33,True,90,64,2025-11-16 07:24:47
ba_32768_1_2.txt,barabasi_albert_10ins_m20,44,SpecAnn-64,0.846484159964536,1.00000001,-8162013.000000002,0.0115535259246826,0,True,70,33,True,91,64,2025-11-16 07:24:47
ba_32768_1_2.txt,barabasi_albert_10ins_m20,44,SpecAnn-64,0.8511224640549078,1.00000001,-8166325.000000001,0.011573314666748,0,True,70,33,True,92,64,2025-11-16 07:24:47
ba_32768_1_2.txt,barabasi_albert_10ins_m20,44,SpecAnn-64,0.8557356277302758,1.00000001,-8160984.999999999,0.0114779472351074,0,True,70,33,True,93,64,2025-11-16 07:24:47
ba_32768_1_2.txt,barabasi_albert_10ins_m20,44,SpecAnn-64,0.8603240554087516,1.00000001,-8149813.0,0.0114772319793701,0,True,70,33,True,94,64,2025-11-16 07:24:47
ba_32768_1_2.txt,barabasi_albert_10ins_m20,44,SpecAnn-64,0.86488814078064,1.00000001,-8165333.0,0.0114252567291259,0,True,70,33,True,95,64,2025-11-16 07:24:47
ba_32768_1_2.txt,barabasi_albert_10ins_m20,44,SpecAnn-64,0.8694282672026621,1.00000001,-8172589.000000001,0.011573314666748,0,True,70,33,True,96,64,2025-11-16 07:24:47
ba_32768_1_2.txt,barabasi_albert_10ins_m20,44,SpecAnn-64,0.8739448080737451,1.00000001,-8173411.0,0.0114970207214355,0,True,70,33,True,97,64,2025-11-16 07:24:47
ba_32768_1_2.txt,barabasi_albert_10ins_m20,44,SpecAnn-64,0.878438127193422,1.00000001,-8191883.000000001,0.011725902557373,0,True,70,33,True,98,64,2025-11-16 07:24:47
ba_32768_1_2.txt,barabasi_albert_10ins_m20,44,SpecAnn-64,0.8829085791038153,1.00000001,-8215475.000000002,0.0116567611694335,0,True,70,33,True,99,64,2025-11-16 07:24:47
ba_32768_1_2.txt,barabasi_albert_10ins_m20,44,SpecAnn-64,0.8873565094161138,1.00000001,-8211191.0,0.0116441249847412,0,True,70,33,True,100,64,2025-11-16 07:24:47
ba_32768_1_2.txt,barabasi_albert_10ins_m20,44,SpecAnn-64,0.8917822551223932,1.00000001,-8236239.0,0.0115077495574951,0,True,70,33,True,101,64,2025-11-16 07:24:47
ba_32768_1_2.txt,barabasi_albert_10ins_m20,44,SpecAnn-64,0.8961861448935777,1.00000001,-8236964.999999999,0.0115904808044433,0,True,70,33,True,102,64,2025-11-16 07:24:47
ba_32768_1_2.txt,barabasi_albert_10ins_m20,44,SpecAnn-64,0.9005684993642872,1.00000001,-8255617.000000001,0.0116455554962158,0,True,70,33,True,103,64,2025-11-16 07:24:47
ba_32768_1_2.txt,barabasi_albert_10ins_m20,44,SpecAnn-64,0.9049296314052688,1.00000001,-8251217.0,0.0117318630218505,0,True,70,33,True,104,64,2025-11-16 07:24:47
ba_32768_1_2.txt,barabasi_albert_10ins_m20,44,SpecAnn-64,0.9092698463840684,1.00000001,-8266915.0,0.0117144584655761,0,True,70,33,True,105,64,2025-11-16 07:24:47
ba_32768_1_2.txt,barabasi_albert_10ins_m20,44,SpecAnn-64,0.9135894424145556,1.00000001,-8279583.000000001,0.0223510265350341,0,True,70,65,True,106,64,2025-11-16 07:24:47
ba_32768_1_2.txt,barabasi_albert_10ins_m20,44,SpecAnn-64,0.9178887105958816,1.00000001,-8278969.0,0.0221784114837646,0,True,70,65,True,107,64,2025-11-16 07:24:47
ba_32768_1_2.txt,barabasi_albert_10ins_m20,44,SpecAnn-64,0.922167935241408,1.00000001,-8295491.0,0.0222275257110595,0,True,70,65,True,108,64,2025-11-16 07:24:47
ba_32768_1_2.txt,barabasi_albert_10ins_m20,44,SpecAnn-64,0.92642739409812,1.00000001,-8309543.0,0.0221104621887207,0,True,70,65,True,109,64,2025-11-16 07:24:47
ba_32768_1_2.txt,barabasi_albert_10ins_m20,44,SpecAnn-64,0.9306673585570006,1.00000001,-8310012.999999999,0.0217087268829345,0,True,70,65,True,110,64,2025-11-16 07:24:47
ba_32768_1_2.txt,barabasi_albert_10ins_m20,44,SpecAnn-64,0.9348880938548184,1.00000001,-8347103.000000001,0.0324258804321289,0,True,70,97,True,111,64,2025-11-16 07:24:47
ba_32768_1_2.txt,barabasi_albert_10ins_m20,44,SpecAnn-64,0.9390898592677528,1.00000001,-8349865.000000001,0.0431888103485107,0,True,70,129,True,112,64,2025-11-16 07:24:47
ba_32768_1_2.txt,barabasi_albert_10ins_m20,44,SpecAnn-64,0.9432729082972536,1.00000001,-8364859.000000001,0.0636537075042724,0,True,70,193,True,113,64,2025-11-16 07:24:47
ba_32768_1_2.txt,barabasi_albert_10ins_m20,44,SpecAnn-64,0.9474374888485204,1.00000001,-8363395.000000002,0.0954329967498779,0,True,70,289,True,114,64,2025-11-16 07:24:47
ba_32768_1_2.txt,barabasi_albert_10ins_m20,44,SpecAnn-64,0.9515838434019476,1.00000001,-8350017.000000001,0.1364948749542236,0,True,70,417,True,115,64,2025-11-16 07:24:47
ba_32768_1_2.txt,barabasi_albert_10ins_m20,44,SpecAnn-64,0.9557122091778746,1.00000001,-8326303.0,0.1154942512512207,0,True,70,353,True,116,64,2025-11-16 07:24:48
ba_32768_1_2.txt,barabasi_albert_10ins_m20,44,SpecAnn-64,0.9598228182949629,1.00000001,-8321983.000000001,0.095085859298706,0,True,70,289,True,117,64,2025-11-16 07:24:48
ba_32768_1_2.txt,barabasi_albert_10ins_m20,44,SpecAnn-64,0.963915897922488,1.00000001,-8307813.000000001,0.0744440555572509,0,True,70,225,True,118,64,2025-11-16 07:24:48
ba_32768_1_2.txt,barabasi_albert_10ins_m20,44,SpecAnn-64,0.967991670426842,1.00000001,-8293645.000000002,0.0741677284240722,0,True,70,225,True,119,64,2025-11-16 07:24:48
ba_32768_1_2.txt,barabasi_albert_10ins_m20,44,SpecAnn-64,0.9720503535125016,1.00000001,-8297497.000000001,0.0742077827453613,0,True,70,225,True,120,64,2025-11-16 07:24:48
ba_32768_1_2.txt,barabasi_albert_10ins_m20,44,SpecAnn-64,0.9760921603577252,1.00000001,-8302998.999999999,0.0748708248138427,0,True,70,225,True,121,64,2025-11-16 07:24:48
ba_32768_1_2.txt,barabasi_albert_10ins_m20,44,SpecAnn-64,0.9801172997452104,1.00000001,-8307349.000000002,0.0743145942687988,0,True,70,225,True,122,64,2025-11-16 07:24:48
ba_32768_1_2.txt,barabasi_albert_10ins_m20,44,SpecAnn-64,0.9841259761879442,1.00000001,-8295984.999999999,0.0638706684112548,0,True,70,193,True,123,64,2025-11-16 07:24:48
ba_32768_1_2.txt,barabasi_albert_10ins_m20,44,SpecAnn-64,0.9881183900504562,1.00000001,-8279789.000000001,0.0635137557983398,0,True,70,193,True,124,64,2025-11-16 07:24:48
ba_32768_1_2.txt,barabasi_albert_10ins_m20,44,SpecAnn-64,0.9920947376656812,1.00000001,-8286723.000000001,0.063446044921875,0,True,70,193,True,125,64,2025-11-16 07:24:48
ba_32768_1_2.txt,barabasi_albert_10ins_m20,44,SpecAnn-64,0.9960552114476228,1.00000001,-8293313.0,0.0635430812835693,0,True,70,193,True,126,64,2025-11-16 07:24:48
ba_32768_1_2.txt,barabasi_albert_10ins_m20,44,SpecAnn-64,1.0,1.00000001,-8289317.000000001,0.0634236335754394,0,True,70,193,True,127,64,2025-11-16 07:24:48
ba_32768_1_2.txt,barabasi_albert_10ins_m20,45,SpecAnn-64,0.0,1.00000001,-8075655.0,0.0131187438964843,0,True,64,33,True,0,64,2025-11-16 07:24:49
ba_32768_1_2.txt,barabasi_albert_10ins_m20,45,SpecAnn-64,0.0887356509416113,1.00000001,-8053917.0,0.0118663311004638,0,True,64,33,True,1,64,2025-11-16 07:24:49
ba_32768_1_2.txt,barabasi_albert_10ins_m20,45,SpecAnn-64,0.1254911610276317,1.00000001,-8068812.999999999,0.0116658210754394,0,True,64,33,True,2,64,2025-11-16 07:24:49
ba_32768_1_2.txt,barabasi_albert_10ins_m20,45,SpecAnn-64,0.1536946558735679,1.00000001,-8048342.999999999,0.011655569076538,0,True,64,33,True,3,64,2025-11-16 07:24:49
ba_32768_1_2.txt,barabasi_albert_10ins_m20,45,SpecAnn-64,0.1774713018832227,1.00000001,-8069483.000000001,0.0114319324493408,0,True,64,33,True,4,64,2025-11-16 07:24:49
ba_32768_1_2.txt,barabasi_albert_10ins_m20,45,SpecAnn-64,0.1984189475331362,1.00000001,-8066821.000000001,0.0114505290985107,0,True,64,33,True,5,64,2025-11-16 07:24:49
ba_32768_1_2.txt,barabasi_albert_10ins_m20,45,SpecAnn-64,0.2173570668006655,1.00000001,-8090823.000000001,0.0114665031433105,0,True,64,33,True,6,64,2025-11-16 07:24:49
ba_32768_1_2.txt,barabasi_albert_10ins_m20,45,SpecAnn-64,0.2347724648169381,1.00000001,-8091246.999999999,0.0114095211029052,0,True,64,33,True,7,64,2025-11-16 07:24:49
ba_32768_1_2.txt,barabasi_albert_10ins_m20,45,SpecAnn-64,0.2509823220552634,1.00000001,-8043033.000000001,0.0114541053771972,0,True,64,33,True,8,64,2025-11-16 07:24:49
ba_32768_1_2.txt,barabasi_albert_10ins_m20,45,SpecAnn-64,0.2662069528248341,1.00000001,-8104109.0,0.0114533901214599,0,True,64,33,True,9,64,2025-11-16 07:24:49
ba_32768_1_2.txt,barabasi_albert_10ins_m20,45,SpecAnn-64,0.2806067666331568,1.00000001,-8096331.0,0.0114083290100097,0,True,64,33,True,10,64,2025-11-16 07:24:49
ba_32768_1_2.txt,barabasi_albert_10ins_m20,45,SpecAnn-64,0.2943028597012718,1.00000001,-8108729.0,0.0114426612854003,0,True,64,33,True,11,64,2025-11-16 07:24:49
ba_32768_1_2.txt,barabasi_albert_10ins_m20,45,SpecAnn-64,0.3073893117471359,1.00000001,-8074335.000000001,0.0114293098449707,0,True,64,33,True,12,64,2025-11-16 07:24:49
ba_32768_1_2.txt,barabasi_albert_10ins_m20,45,SpecAnn-64,0.3199409394316542,1.00000001,-8078415.000000002,0.0113613605499267,0,True,64,33,True,13,64,2025-11-16 07:24:49
ba_32768_1_2.txt,barabasi_albert_10ins_m20,45,SpecAnn-64,0.3320184038158743,1.00000001,-8102237.0,0.0113470554351806,0,True,64,33,True,14,64,2025-11-16 07:24:49
ba_32768_1_2.txt,barabasi_albert_10ins_m20,45,SpecAnn-64,0.3436716983117353,1.00000001,-8094179.000000002,0.0114274024963378,0,True,64,33,True,15,64,2025-11-16 07:24:49
ba_32768_1_2.txt,barabasi_albert_10ins_m20,45,SpecAnn-64,0.3549426037664455,1.00000001,-8091409.000000001,0.0113782882690429,0,True,64,33,True,16,64,2025-11-16 07:24:49
ba_32768_1_2.txt,barabasi_albert_10ins_m20,45,SpecAnn-64,0.3658664615902029,1.00000001,-8089904.999999999,0.0113663673400878,0,True,64,33,True,17,64,2025-11-16 07:24:49
ba_32768_1_2.txt,barabasi_albert_10ins_m20,45,SpecAnn-64,0.3764734830828951,1.00000001,-8091319.000000001,0.011366844177246,0,True,64,33,True,18,64,2025-11-16 07:24:49
ba_32768_1_2.txt,barabasi_albert_10ins_m20,45,SpecAnn-64,0.3867897351437838,1.00000001,-8096937.000000002,0.0113842487335205,0,True,64,33,True,19,64,2025-11-16 07:24:49
ba_32768_1_2.txt,barabasi_albert_10ins_m20,45,SpecAnn-64,0.3968378950662725,1.00000001,-8116713.000000002,0.0113847255706787,0,True,64,33,True,20,64,2025-11-16 07:24:49
ba_32768_1_2.txt,barabasi_albert_10ins_m20,45,SpecAnn-64,0.4066378372811136,1.00000001,-8120633.000000003,0.011507511138916,0,True,64,33,True,21,64,2025-11-16 07:24:49
ba_32768_1_2.txt,barabasi_albert_10ins_m20,45,SpecAnn-64,0.4162070956347247,1.00000001,-8101095.0,0.0116288661956787,0,True,64,33,True,22,64,2025-11-16 07:24:49
ba_32768_1_2.txt,barabasi_albert_10ins_m20,45,SpecAnn-64,0.4255612320274539,1.00000001,-8058389.000000002,0.0116195678710937,0,True,64,33,True,23,64,2025-11-16 07:24:49
ba_32768_1_2.txt,barabasi_albert_10ins_m20,45,SpecAnn-64,0.434714133601331,1.00000001,-8092079.000000001,0.0116455554962158,0,True,64,33,True,24,64,2025-11-16 07:24:49
ba_32768_1_2.txt,barabasi_albert_10ins_m20,45,SpecAnn-64,0.4436782547080569,1.00000001,-8093427.000000001,0.0113241672515869,0,True,64,33,True,25,64,2025-11-16 07:24:49
ba_32768_1_2.txt,barabasi_albert_10ins_m20,45,SpecAnn-64,0.4524648157026343,1.00000001,-8094739.000000001,0.0113341808319091,0,True,64,33,True,26,64,2025-11-16 07:24:49
ba_32768_1_2.txt,barabasi_albert_10ins_m20,45,SpecAnn-64,0.4610839676207039,1.00000001,-8082309.0,0.0114517211914062,0,True,64,33,True,27,64,2025-11-16 07:24:49
ba_32768_1_2.txt,barabasi_albert_10ins_m20,45,SpecAnn-64,0.4695449296338763,1.00000001,-8094599.000000001,0.0114486217498779,0,True,64,33,True,28,64,2025-11-16 07:24:49
ba_32768_1_2.txt,barabasi_albert_10ins_m20,45,SpecAnn-64,0.4778561045889373,1.00000001,-8074977.000000001,0.0114128589630126,0,True,64,33,True,29,64,2025-11-16 07:24:49
ba_32768_1_2.txt,barabasi_albert_10ins_m20,45,SpecAnn-64,0.4860251767562508,1.00000001,-8091401.000000001,0.0113813877105712,0,True,64,33,True,30,64,2025-11-16 07:24:49
ba_32768_1_2.txt,barabasi_albert_10ins_m20,45,SpecAnn-64,0.4940591950252281,1.00000001,-8089935.000000001,0.0114343166351318,0,True,64,33,True,31,64,2025-11-16 07:24:49
ba_32768_1_2.txt,barabasi_albert_10ins_m20,45,SpecAnn-64,0.5019646441105269,1.00000001,-8111605.0,0.0113580226898193,0,True,64,33,True,32,64,2025-11-16 07:24:49
ba_32768_1_2.txt,barabasi_albert_10ins_m20,45,SpecAnn-64,0.5097475058154177,1.00000001,-8074475.000000001,0.0114302635192871,0,True,64,33,True,33,64,2025-11-16 07:24:49
ba_32768_1_2.txt,barabasi_albert_10ins_m20,45,SpecAnn-64,0.51741331199832,1.00000001,-8100638.999999999,0.0114204883575439,0,True,64,33,True,34,64,2025-11-16 07:24:49
ba_32768_1_2.txt,barabasi_albert_10ins_m20,45,SpecAnn-64,0.5249671905758515,1.00000001,-8083199.0,0.0113873481750488,0,True,64,33,True,35,64,2025-11-16 07:24:49
ba_32768_1_2.txt,barabasi_albert_10ins_m20,45,SpecAnn-64,0.5324139056496683,1.00000001,-8090340.999999999,0.011317491531372,0,True,64,33,True,36,64,2025-11-16 07:24:49
ba_32768_1_2.txt,barabasi_albert_10ins_m20,45,SpecAnn-64,0.5397578926492556,1.00000001,-8065535.0,0.0113794803619384,0,True,64,33,True,37,64,2025-11-16 07:24:49
ba_32768_1_2.txt,barabasi_albert_10ins_m20,45,SpecAnn-64,0.5470032892270364,1.00000001,-8094417.000000002,0.0113451480865478,0,True,64,33,True,38,64,2025-11-16 07:24:49
ba_32768_1_2.txt,barabasi_albert_10ins_m20,45,SpecAnn-64,0.554153962516942,1.00000001,-8106337.000000001,0.0114178657531738,0,True,64,33,True,39,64,2025-11-16 07:24:49
ba_32768_1_2.txt,barabasi_albert_10ins_m20,45,SpecAnn-64,0.5612135332663137,1.00000001,-8099837.0,0.0113682746887207,0,True,64,33,True,40,64,2025-11-16 07:24:49
ba_32768_1_2.txt,barabasi_albert_10ins_m20,45,SpecAnn-64,0.5681853972686127,1.00000001,-8091498.999999999,0.0114524364471435,0,True,64,33,True,41,64,2025-11-16 07:24:49
ba_32768_1_2.txt,barabasi_albert_10ins_m20,45,SpecAnn-64,0.5750727444570146,1.00000001,-8106912.999999999,0.011409044265747,0,True,64,33,True,42,64,2025-11-16 07:24:49
ba_32768_1_2.txt,barabasi_albert_10ins_m20,45,SpecAnn-64,0.5818785759635375,1.00000001,-8126863.0,0.011401891708374,0,True,64,33,True,43,64,2025-11-16 07:24:49
ba_32768_1_2.txt,barabasi_albert_10ins_m20,45,SpecAnn-64,0.5886057194025436,1.00000001,-8097965.000000001,0.011444091796875,0,True,64,33,True,44,64,2025-11-16 07:24:49
ba_32768_1_2.txt,barabasi_albert_10ins_m20,45,SpecAnn-64,0.5952568425994088,1.00000001,-8117798.999999999,0.0114111900329589,0,True,64,33,True,45,64,2025-11-16 07:24:49
ba_32768_1_2.txt,barabasi_albert_10ins_m20,45,SpecAnn-64,0.6018344659534288,1.00000001,-8106645.0,0.0113840103149414,0,True,64,33,True,46,64,2025-11-16 07:24:49
ba_32768_1_2.txt,barabasi_albert_10ins_m20,45,SpecAnn-64,0.6083409735974393,1.00000001,-8125225.0,0.0114052295684814,0,True,64,33,True,47,64,2025-11-16 07:24:49
ba_32768_1_2.txt,barabasi_albert_10ins_m20,45,SpecAnn-64,0.6147786234942719,1.00000001,-8100941.0,0.0113935470581054,0,True,64,33,True,48,64,2025-11-16 07:24:49
ba_32768_1_2.txt,barabasi_albert_10ins_m20,45,SpecAnn-64,0.6211495565912796,1.00000001,-8082643.0,0.0114507675170898,0,True,64,33,True,49,64,2025-11-16 07:24:49
ba_32768_1_2.txt,barabasi_albert_10ins_m20,45,SpecAnn-64,0.6274558051381586,1.00000001,-8080247.0,0.0114681720733642,0,True,64,33,True,50,64,2025-11-16 07:24:49
ba_32768_1_2.txt,barabasi_albert_10ins_m20,45,SpecAnn-64,0.6336993002596786,1.00000001,-8097389.000000001,0.0114030838012695,0,True,64,33,True,51,64,2025-11-16 07:24:49
ba_32768_1_2.txt,barabasi_albert_10ins_m20,45,SpecAnn-64,0.6398818788633085,1.00000001,-8108759.0,0.011397361755371,0,True,64,33,True,52,64,2025-11-16 07:24:49
ba_32768_1_2.txt,barabasi_albert_10ins_m20,45,SpecAnn-64,0.6460052899517691,1.00000001,-8079943.0,0.0113699436187744,0,True,64,33,True,53,64,2025-11-16 07:24:49
ba_32768_1_2.txt,barabasi_albert_10ins_m20,45,SpecAnn-64,0.6520712004019966,1.00000001,-8081173.0,0.011397361755371,0,True,64,33,True,54,64,2025-11-16 07:24:49
ba_32768_1_2.txt,barabasi_albert_10ins_m20,45,SpecAnn-64,0.6580812002646271,1.00000001,-8085903.0,0.01145601272583,0,True,64,33,True,55,64,2025-11-16 07:24:49
ba_32768_1_2.txt,barabasi_albert_10ins_m20,45,SpecAnn-64,0.6640368076317485,1.00000001,-8120194.999999999,0.0114281177520751,0,True,64,33,True,56,64,2025-11-16 07:24:49
ba_32768_1_2.txt,barabasi_albert_10ins_m20,45,SpecAnn-64,0.6699394731151429,1.00000001,-8084843.0,0.0114760398864746,0,True,64,33,True,57,64,2025-11-16 07:24:49
ba_32768_1_2.txt,barabasi_albert_10ins_m20,45,SpecAnn-64,0.6757905839724513,1.00000001,-8097433.0,0.0114119052886962,0,True,64,33,True,58,64,2025-11-16 07:24:49
ba_32768_1_2.txt,barabasi_albert_10ins_m20,45,SpecAnn-64,0.6815914679145113,1.00000001,-8108525.0,0.0114641189575195,0,True,64,33,True,59,64,2025-11-16 07:24:49
ba_32768_1_2.txt,barabasi_albert_10ins_m20,45,SpecAnn-64,0.6873433966234707,1.00000001,-8117629.000000001,0.0113964080810546,0,True,64,33,True,60,64,2025-11-16 07:24:49
ba_32768_1_2.txt,barabasi_albert_10ins_m20,45,SpecAnn-64,0.6930475890080863,1.00000001,-8123655.0,0.0114386081695556,0,True,64,33,True,61,64,2025-11-16 07:24:49
ba_32768_1_2.txt,barabasi_albert_10ins_m20,45,SpecAnn-64,0.6987052142198116,1.00000001,-8096219.0,0.0113847255706787,0,True,64,33,True,62,64,2025-11-16 07:24:49
ba_32768_1_2.txt,barabasi_albert_10ins_m20,45,SpecAnn-64,0.7043173944508145,1.00000001,-8102737.000000002,0.0114283561706542,0,True,64,33,True,63,64,2025-11-16 07:24:49
ba_32768_1_2.txt,barabasi_albert_10ins_m20,45,SpecAnn-64,0.709885207532891,1.00000001,-8090773.000000001,0.0113904476165771,0,True,64,33,True,64,64,2025-11-16 07:24:49
ba_32768_1_2.txt,barabasi_albert_10ins_m20,45,SpecAnn-64,0.7154096893543218,1.00000001,-8120071.000000001,0.0114119052886962,0,True,64,33,True,65,64,2025-11-16 07:24:49
ba_32768_1_2.txt,barabasi_albert_10ins_m20,45,SpecAnn-64,0.7208918361100219,1.00000001,-8099691.000000002,0.0114221572875976,0,True,64,33,True,66,64,2025-11-16 07:24:49
ba_32768_1_2.txt,barabasi_albert_10ins_m20,45,SpecAnn-64,0.7263326063988248,1.00000001,-8111755.000000001,0.0114567279815673,0,True,64,33,True,67,64,2025-11-16 07:24:49
ba_32768_1_2.txt,barabasi_albert_10ins_m20,45,SpecAnn-64,0.7317329231804058,1.00000001,-8087667.000000001,0.011420726776123,0,True,64,33,True,68,64,2025-11-16 07:24:49
ba_32768_1_2.txt,barabasi_albert_10ins_m20,45,SpecAnn-64,0.7370936756031579,1.00000001,-8087193.0,0.0113999843597412,0,True,64,33,True,69,64,2025-11-16 07:24:49
ba_32768_1_2.txt,barabasi_albert_10ins_m20,45,SpecAnn-64,0.7424157207132704,1.00000001,-8111363.000000001,0.0114479064941406,0,True,64,33,True,70,64,2025-11-16 07:24:50
ba_32768_1_2.txt,barabasi_albert_10ins_m20,45,SpecAnn-64,0.7476998850543153,1.00000001,-8110003.0,0.0114369392395019,0,True,64,33,True,71,64,2025-11-16 07:24:50
ba_32768_1_2.txt,barabasi_albert_10ins_m20,45,SpecAnn-64,0.7529469661657903,1.00000001,-8112778.999999999,0.0114784240722656,0,True,64,33,True,72,64,2025-11-16 07:24:50
ba_32768_1_2.txt,barabasi_albert_10ins_m20,45,SpecAnn-64,0.7581577339883167,1.00000001,-8065167.000000001,0.0114493370056152,0,True,64,33,True,73,64,2025-11-16 07:24:50
ba_32768_1_2.txt,barabasi_albert_10ins_m20,45,SpecAnn-64,0.7633329321824984,1.00000001,-8107617.0,0.0114302635192871,0,True,64,33,True,74,64,2025-11-16 07:24:50
ba_32768_1_2.txt,barabasi_albert_10ins_m20,45,SpecAnn-64,0.7684732793678399,1.00000001,-8115991.000000001,0.0114579200744628,0,True,64,33,True,75,64,2025-11-16 07:24:50
ba_32768_1_2.txt,barabasi_albert_10ins_m20,45,SpecAnn-64,0.7735794702875677,1.00000001,-8098373.000000001,0.0114581584930419,0,True,64,33,True,76,64,2025-11-16 07:24:50
ba_32768_1_2.txt,barabasi_albert_10ins_m20,45,SpecAnn-64,0.7786521769046981,1.00000001,-8119649.000000001,0.0114092826843261,0,True,64,33,True,77,64,2025-11-16 07:24:50
ba_32768_1_2.txt,barabasi_albert_10ins_m20,45,SpecAnn-64,0.7836920494342511,1.00000001,-8121767.000000001,0.011533498764038,0,True,64,33,True,78,64,2025-11-16 07:24:50
ba_32768_1_2.txt,barabasi_albert_10ins_m20,45,SpecAnn-64,0.788699717316095,1.00000001,-8135413.0,0.0114743709564208,0,True,64,33,True,79,64,2025-11-16 07:24:50
ba_32768_1_2.txt,barabasi_albert_10ins_m20,45,SpecAnn-64,0.7936757901325451,1.00000001,-8109121.0,0.0113811492919921,0,True,64,33,True,80,64,2025-11-16 07:24:50
ba_32768_1_2.txt,barabasi_albert_10ins_m20,45,SpecAnn-64,0.7986208584745024,1.00000001,-8120533.0,0.0114130973815917,0,True,64,33,True,81,64,2025-11-16 07:24:50
ba_32768_1_2.txt,barabasi_albert_10ins_m20,45,SpecAnn-64,0.803535494759617,1.00000001,-8092767.000000001,0.0113604068756103,0,True,64,33,True,82,64,2025-11-16 07:24:50
ba_32768_1_2.txt,barabasi_albert_10ins_m20,45,SpecAnn-64,0.8084202540056837,1.00000001,-8130825.0,0.0114703178405761,0,True,64,33,True,83,64,2025-11-16 07:24:50
ba_32768_1_2.txt,barabasi_albert_10ins_m20,45,SpecAnn-64,0.8132756745622272,1.00000001,-8115181.000000001,0.0113592147827148,0,True,64,33,True,84,64,2025-11-16 07:24:50
ba_32768_1_2.txt,barabasi_albert_10ins_m20,45,SpecAnn-64,0.8181022788030096,1.00000001,-8134475.000000001,0.0114917755126953,0,True,64,33,True,85,64,2025-11-16 07:24:50
ba_32768_1_2.txt,barabasi_albert_10ins_m20,45,SpecAnn-64,0.822900573781978,1.00000001,-8133131.0,0.0114357471466064,0,True,64,33,True,86,64,2025-11-16 07:24:50
ba_32768_1_2.txt,barabasi_albert_10ins_m20,45,SpecAnn-64,0.8276710518549868,1.00000001,-8127216.999999999,0.0115532875061035,0,True,64,33,True,87,64,2025-11-16 07:24:50
ba_32768_1_2.txt,barabasi_albert_10ins_m20,45,SpecAnn-64,0.8324141912694495,1.00000001,-8145643.000000001,0.0116956233978271,0,True,64,33,True,88,64,2025-11-16 07:24:50
ba_32768_1_2.txt,barabasi_albert_10ins_m20,45,SpecAnn-64,0.8371304567239225,1.00000001,-8139220.999999999,0.0117316246032714,0,True,64,33,True,89,64,2025-11-16 07:24:50
ba_32768_1_2.txt,barabasi_albert_10ins_m20,45,SpecAnn-64,0.8418202998994706,1.00000001,-8140911.0,0.0116958618164062,0,True,64,33,True,90,64,2025-11-16 07:24:50
ba_32768_1_2.txt,barabasi_albert_10ins_m20,45,SpecAnn-64,0.846484159964536,1.00000001,-8151037.0,0.0116081237792968,0,True,64,33,True,91,64,2025-11-16 07:24:50
ba_32768_1_2.txt,barabasi_albert_10ins_m20,45,SpecAnn-64,0.8511224640549078,1.00000001,-8170623.0,0.0114600658416748,0,True,64,33,True,92,64,2025-11-16 07:24:50
ba_32768_1_2.txt,barabasi_albert_10ins_m20,45,SpecAnn-64,0.8557356277302758,1.00000001,-8171283.0,0.0115144252777099,0,True,64,33,True,93,64,2025-11-16 07:24:50
ba_32768_1_2.txt,barabasi_albert_10ins_m20,45,SpecAnn-64,0.8603240554087516,1.00000001,-8166325.000000001,0.0114386081695556,0,True,64,33,True,94,64,2025-11-16 07:24:50
ba_32768_1_2.txt,barabasi_albert_10ins_m20,45,SpecAnn-64,0.86488814078064,1.00000001,-8180117.000000001,0.0114922523498535,0,True,64,33,True,95,64,2025-11-16 07:24:50
ba_32768_1_2.txt,barabasi_albert_10ins_m20,45,SpecAnn-64,0.8694282672026621,1.00000001,-8191545.0,0.0114641189575195,0,True,64,33,True,96,64,2025-11-16 07:24:50
ba_32768_1_2.txt,barabasi_albert_10ins_m20,45,SpecAnn-64,0.8739448080737451,1.00000001,-8204545.0,0.0115034580230712,0,True,64,33,True,97,64,2025-11-16 07:24:50
ba_32768_1_2.txt,barabasi_albert_10ins_m20,45,SpecAnn-64,0.878438127193422,1.00000001,-8201521.0,0.011425495147705,0,True,64,33,True,98,64,2025-11-16 07:24:50
ba_32768_1_2.txt,barabasi_albert_10ins_m20,45,SpecAnn-64,0.8829085791038153,1.00000001,-8225273.000000001,0.0115036964416503,0,True,64,33,True,99,64,2025-11-16 07:24:50
ba_32768_1_2.txt,barabasi_albert_10ins_m20,45,SpecAnn-64,0.8873565094161138,1.00000001,-8215549.0,0.0114846229553222,0,True,64,33,True,100,64,2025-11-16 07:24:50
ba_32768_1_2.txt,barabasi_albert_10ins_m20,45,SpecAnn-64,0.8917822551223932,1.00000001,-8227523.0,0.0114743709564208,0,True,64,33,True,101,64,2025-11-16 07:24:50
ba_32768_1_2.txt,barabasi_albert_10ins_m20,45,SpecAnn-64,0.8961861448935777,1.00000001,-8235361.0,0.0114631652832031,0,True,64,33,True,102,64,2025-11-16 07:24:50
ba_32768_1_2.txt,barabasi_albert_10ins_m20,45,SpecAnn-64,0.9005684993642872,1.00000001,-8258685.0,0.0114870071411132,0,True,64,33,True,103,64,2025-11-16 07:24:50
ba_32768_1_2.txt,barabasi_albert_10ins_m20,45,SpecAnn-64,0.9049296314052688,1.00000001,-8264224.999999999,0.0114552974700927,0,True,64,33,True,104,64,2025-11-16 07:24:50
ba_32768_1_2.txt,barabasi_albert_10ins_m20,45,SpecAnn-64,0.9092698463840684,1.00000001,-8274171.000000001,0.0114884376525878,0,True,64,33,True,105,64,2025-11-16 07:24:50
ba_32768_1_2.txt,barabasi_albert_10ins_m20,45,SpecAnn-64,0.9135894424145556,1.00000001,-8286909.000000001,0.0219333171844482,0,True,64,65,True,106,64,2025-11-16 07:24:50
ba_32768_1_2.txt,barabasi_albert_10ins_m20,45,SpecAnn-64,0.9178887105958816,1.00000001,-8286343.0,0.0220746994018554,0,True,64,65,True,107,64,2025-11-16 07:24:50
ba_32768_1_2.txt,barabasi_albert_10ins_m20,45,SpecAnn-64,0.922167935241408,1.00000001,-8289489.000000001,0.0223515033721923,0,True,64,65,True,108,64,2025-11-16 07:24:50
ba_32768_1_2.txt,barabasi_albert_10ins_m20,45,SpecAnn-64,0.92642739409812,1.00000001,-8307155.0,0.0222177505493164,0,True,64,65,True,109,64,2025-11-16 07:24:50
ba_32768_1_2.txt,barabasi_albert_10ins_m20,45,SpecAnn-64,0.9306673585570006,1.00000001,-8322155.0,0.0218620300292968,0,True,64,65,True,110,64,2025-11-16 07:24:50
ba_32768_1_2.txt,barabasi_albert_10ins_m20,45,SpecAnn-64,0.9348880938548184,1.00000001,-8335307.000000001,0.0322651863098144,0,True,64,97,True,111,64,2025-11-16 07:24:50
ba_32768_1_2.txt,barabasi_albert_10ins_m20,45,SpecAnn-64,0.9390898592677528,1.00000001,-8343819.000000001,0.0429203510284423,0,True,64,129,True,112,64,2025-11-16 07:24:50
ba_32768_1_2.txt,barabasi_albert_10ins_m20,45,SpecAnn-64,0.9432729082972536,1.00000001,-8368423.000000001,0.0637164115905761,0,True,64,193,True,113,64,2025-11-16 07:24:50
ba_32768_1_2.txt,barabasi_albert_10ins_m20,45,SpecAnn-64,0.9474374888485204,1.00000001,-8366187.0,0.0948550701141357,0,True,64,289,True,114,64,2025-11-16 07:24:50
ba_32768_1_2.txt,barabasi_albert_10ins_m20,45,SpecAnn-64,0.9515838434019476,1.00000001,-8337077.0,0.1365830898284912,0,True,64,417,True,115,64,2025-11-16 07:24:50
ba_32768_1_2.txt,barabasi_albert_10ins_m20,45,SpecAnn-64,0.9557122091778746,1.00000001,-8333819.0,0.116081953048706,0,True,64,353,True,116,64,2025-11-16 07:24:51
ba_32768_1_2.txt,barabasi_albert_10ins_m20,45,SpecAnn-64,0.9598228182949629,1.00000001,-8325666.999999999,0.095327615737915,0,True,64,289,True,117,64,2025-11-16 07:24:51
ba_32768_1_2.txt,barabasi_albert_10ins_m20,45,SpecAnn-64,0.963915897922488,1.00000001,-8310395.000000001,0.0743050575256347,0,True,64,225,True,118,64,2025-11-16 07:24:51
ba_32768_1_2.txt,barabasi_albert_10ins_m20,45,SpecAnn-64,0.967991670426842,1.00000001,-8277771.0,0.0746586322784423,0,True,64,225,True,119,64,2025-11-16 07:24:51
ba_32768_1_2.txt,barabasi_albert_10ins_m20,45,SpecAnn-64,0.9720503535125016,1.00000001,-8304385.000000001,0.0741324424743652,0,True,64,225,True,120,64,2025-11-16 07:24:51
ba_32768_1_2.txt,barabasi_albert_10ins_m20,45,SpecAnn-64,0.9760921603577252,1.00000001,-8289965.0,0.0738964080810546,0,True,64,225,True,121,64,2025-11-16 07:24:51
ba_32768_1_2.txt,barabasi_albert_10ins_m20,45,SpecAnn-64,0.9801172997452104,1.00000001,-8297305.000000001,0.0742130279541015,0,True,64,225,True,122,64,2025-11-16 07:24:51
ba_32768_1_2.txt,barabasi_albert_10ins_m20,45,SpecAnn-64,0.9841259761879442,1.00000001,-8288453.000000001,0.0639231204986572,0,True,64,193,True,123,64,2025-11-16 07:24:51
ba_32768_1_2.txt,barabasi_albert_10ins_m20,45,SpecAnn-64,0.9881183900504562,1.00000001,-8286525.0,0.0635721683502197,0,True,64,193,True,124,64,2025-11-16 07:24:51
ba_32768_1_2.txt,barabasi_albert_10ins_m20,45,SpecAnn-64,0.9920947376656812,1.00000001,-8288897.0,0.0633580684661865,0,True,64,193,True,125,64,2025-11-16 07:24:51
ba_32768_1_2.txt,barabasi_albert_10ins_m20,45,SpecAnn-64,0.9960552114476228,1.00000001,-8290945.000000001,0.0635013580322265,0,True,64,193,True,126,64,2025-11-16 07:24:51
ba_32768_1_2.txt,barabasi_albert_10ins_m20,45,SpecAnn-64,1.0,1.00000001,-8302346.999999999,0.0634169578552246,0,True,64,193,True,127,64,2025-11-16 07:24:51
ba_32768_1_2.txt,barabasi_albert_10ins_m20,46,SpecAnn-64,0.0,1.00000001,-8120657.0,0.0128653049468994,0,True,82,33,True,0,64,2025-11-16 07:24:52
ba_32768_1_2.txt,barabasi_albert_10ins_m20,46,SpecAnn-64,0.0887356509416113,1.00000001,-8108933.0,0.0115063190460205,0,True,82,33,True,1,64,2025-11-16 07:24:52
ba_32768_1_2.txt,barabasi_albert_10ins_m20,46,SpecAnn-64,0.1254911610276317,1.00000001,-8089999.0,0.0114262104034423,0,True,82,33,True,2,64,2025-11-16 07:24:52
ba_32768_1_2.txt,barabasi_albert_10ins_m20,46,SpecAnn-64,0.1536946558735679,1.00000001,-8080743.0,0.0115702152252197,0,True,82,33,True,3,64,2025-11-16 07:24:52
ba_32768_1_2.txt,barabasi_albert_10ins_m20,46,SpecAnn-64,0.1774713018832227,1.00000001,-8085267.0,0.0114493370056152,0,True,82,33,True,4,64,2025-11-16 07:24:52
ba_32768_1_2.txt,barabasi_albert_10ins_m20,46,SpecAnn-64,0.1984189475331362,1.00000001,-8092659.0,0.0114152431488037,0,True,82,33,True,5,64,2025-11-16 07:24:52
ba_32768_1_2.txt,barabasi_albert_10ins_m20,46,SpecAnn-64,0.2173570668006655,1.00000001,-8100993.0,0.0114099979400634,0,True,82,33,True,6,64,2025-11-16 07:24:52
ba_32768_1_2.txt,barabasi_albert_10ins_m20,46,SpecAnn-64,0.2347724648169381,1.00000001,-8100539.0,0.0114204883575439,0,True,82,33,True,7,64,2025-11-16 07:24:52
ba_32768_1_2.txt,barabasi_albert_10ins_m20,46,SpecAnn-64,0.2509823220552634,1.00000001,-8089161.0,0.011432409286499,0,True,82,33,True,8,64,2025-11-16 07:24:52
ba_32768_1_2.txt,barabasi_albert_10ins_m20,46,SpecAnn-64,0.2662069528248341,1.00000001,-8104985.000000001,0.0115346908569335,0,True,82,33,True,9,64,2025-11-16 07:24:52
ba_32768_1_2.txt,barabasi_albert_10ins_m20,46,SpecAnn-64,0.2806067666331568,1.00000001,-8081145.0,0.0115313529968261,0,True,82,33,True,10,64,2025-11-16 07:24:52
ba_32768_1_2.txt,barabasi_albert_10ins_m20,46,SpecAnn-64,0.2943028597012718,1.00000001,-8075589.000000002,0.011636734008789,0,True,82,33,True,11,64,2025-11-16 07:24:52
ba_32768_1_2.txt,barabasi_albert_10ins_m20,46,SpecAnn-64,0.3073893117471359,1.00000001,-8048897.0,0.0116097927093505,0,True,82,33,True,12,64,2025-11-16 07:24:52
ba_32768_1_2.txt,barabasi_albert_10ins_m20,46,SpecAnn-64,0.3199409394316542,1.00000001,-8076471.0,0.0116477012634277,0,True,82,33,True,13,64,2025-11-16 07:24:52
ba_32768_1_2.txt,barabasi_albert_10ins_m20,46,SpecAnn-64,0.3320184038158743,1.00000001,-8090321.0,0.0115039348602294,0,True,82,33,True,14,64,2025-11-16 07:24:52
ba_32768_1_2.txt,barabasi_albert_10ins_m20,46,SpecAnn-64,0.3436716983117353,1.00000001,-8096539.0,0.011531114578247,0,True,82,33,True,15,64,2025-11-16 07:24:52
ba_32768_1_2.txt,barabasi_albert_10ins_m20,46,SpecAnn-64,0.3549426037664455,1.00000001,-8077479.0,0.0114142894744873,0,True,82,33,True,16,64,2025-11-16 07:24:52
ba_32768_1_2.txt,barabasi_albert_10ins_m20,46,SpecAnn-64,0.3658664615902029,1.00000001,-8076641.000000001,0.0114150047302246,0,True,82,33,True,17,64,2025-11-16 07:24:52
ba_32768_1_2.txt,barabasi_albert_10ins_m20,46,SpecAnn-64,0.3764734830828951,1.00000001,-8096133.000000001,0.0114355087280273,0,True,82,33,True,18,64,2025-11-16 07:24:52
ba_32768_1_2.txt,barabasi_albert_10ins_m20,46,SpecAnn-64,0.3867897351437838,1.00000001,-8109017.0,0.0114297866821289,0,True,82,33,True,19,64,2025-11-16 07:24:52
ba_32768_1_2.txt,barabasi_albert_10ins_m20,46,SpecAnn-64,0.3968378950662725,1.00000001,-8086854.999999999,0.0113835334777832,0,True,82,33,True,20,64,2025-11-16 07:24:52
ba_32768_1_2.txt,barabasi_albert_10ins_m20,46,SpecAnn-64,0.4066378372811136,1.00000001,-8123723.000000001,0.0114352703094482,0,True,82,33,True,21,64,2025-11-16 07:24:52
ba_32768_1_2.txt,barabasi_albert_10ins_m20,46,SpecAnn-64,0.4162070956347247,1.00000001,-8074677.0,0.011378526687622,0,True,82,33,True,22,64,2025-11-16 07:24:52
ba_32768_1_2.txt,barabasi_albert_10ins_m20,46,SpecAnn-64,0.4255612320274539,1.00000001,-8102710.999999999,0.0114068984985351,0,True,82,33,True,23,64,2025-11-16 07:24:52
ba_32768_1_2.txt,barabasi_albert_10ins_m20,46,SpecAnn-64,0.434714133601331,1.00000001,-8128421.0,0.0114111900329589,0,True,82,33,True,24,64,2025-11-16 07:24:52
ba_32768_1_2.txt,barabasi_albert_10ins_m20,46,SpecAnn-64,0.4436782547080569,1.00000001,-8094193.0,0.0114855766296386,0,True,82,33,True,25,64,2025-11-16 07:24:52
ba_32768_1_2.txt,barabasi_albert_10ins_m20,46,SpecAnn-64,0.4524648157026343,1.00000001,-8118139.0,0.0114586353302001,0,True,82,33,True,26,64,2025-11-16 07:24:52
ba_32768_1_2.txt,barabasi_albert_10ins_m20,46,SpecAnn-64,0.4610839676207039,1.00000001,-8107753.000000001,0.0114803314208984,0,True,82,33,True,27,64,2025-11-16 07:24:52
ba_32768_1_2.txt,barabasi_albert_10ins_m20,46,SpecAnn-64,0.4695449296338763,1.00000001,-8099865.0,0.0114822387695312,0,True,82,33,True,28,64,2025-11-16 07:24:52
ba_32768_1_2.txt,barabasi_albert_10ins_m20,46,SpecAnn-64,0.4778561045889373,1.00000001,-8083415.000000001,0.0114502906799316,0,True,82,33,True,29,64,2025-11-16 07:24:52
ba_32768_1_2.txt,barabasi_albert_10ins_m20,46,SpecAnn-64,0.4860251767562508,1.00000001,-8111873.0,0.0114006996154785,0,True,82,33,True,30,64,2025-11-16 07:24:52
ba_32768_1_2.txt,barabasi_albert_10ins_m20,46,SpecAnn-64,0.4940591950252281,1.00000001,-8111576.999999999,0.0114293098449707,0,True,82,33,True,31,64,2025-11-16 07:24:52
ba_32768_1_2.txt,barabasi_albert_10ins_m20,46,SpecAnn-64,0.5019646441105269,1.00000001,-8108171.0,0.0114650726318359,0,True,82,33,True,32,64,2025-11-16 07:24:52
ba_32768_1_2.txt,barabasi_albert_10ins_m20,46,SpecAnn-64,0.5097475058154177,1.00000001,-8107003.000000001,0.0113704204559326,0,True,82,33,True,33,64,2025-11-16 07:24:52
ba_32768_1_2.txt,barabasi_albert_10ins_m20,46,SpecAnn-64,0.51741331199832,1.00000001,-8130571.0,0.0116767883300781,0,True,82,33,True,34,64,2025-11-16 07:24:52
ba_32768_1_2.txt,barabasi_albert_10ins_m20,46,SpecAnn-64,0.5249671905758515,1.00000001,-8100167.000000001,0.0116636753082275,0,True,82,33,True,35,64,2025-11-16 07:24:52
ba_32768_1_2.txt,barabasi_albert_10ins_m20,46,SpecAnn-64,0.5324139056496683,1.00000001,-8109333.000000001,0.0115280151367187,0,True,82,33,True,36,64,2025-11-16 07:24:52
ba_32768_1_2.txt,barabasi_albert_10ins_m20,46,SpecAnn-64,0.5397578926492556,1.00000001,-8097151.0,0.0114336013793945,0,True,82,33,True,37,64,2025-11-16 07:24:52
ba_32768_1_2.txt,barabasi_albert_10ins_m20,46,SpecAnn-64,0.5470032892270364,1.00000001,-8096797.0,0.0114014148712158,0,True,82,33,True,38,64,2025-11-16 07:24:52
ba_32768_1_2.txt,barabasi_albert_10ins_m20,46,SpecAnn-64,0.554153962516942,1.00000001,-8085345.000000001,0.0114142894744873,0,True,82,33,True,39,64,2025-11-16 07:24:52
ba_32768_1_2.txt,barabasi_albert_10ins_m20,46,SpecAnn-64,0.5612135332663137,1.00000001,-8110475.0,0.0114274024963378,0,True,82,33,True,40,64,2025-11-16 07:24:52
ba_32768_1_2.txt,barabasi_albert_10ins_m20,46,SpecAnn-64,0.5681853972686127,1.00000001,-8105374.999999998,0.0114433765411376,0,True,82,33,True,41,64,2025-11-16 07:24:52
ba_32768_1_2.txt,barabasi_albert_10ins_m20,46,SpecAnn-64,0.5750727444570146,1.00000001,-8121535.000000002,0.0114562511444091,0,True,82,33,True,42,64,2025-11-16 07:24:52
ba_32768_1_2.txt,barabasi_albert_10ins_m20,46,SpecAnn-64,0.5818785759635375,1.00000001,-8090181.000000001,0.0114448070526123,0,True,82,33,True,43,64,2025-11-16 07:24:52
ba_32768_1_2.txt,barabasi_albert_10ins_m20,46,SpecAnn-64,0.5886057194025436,1.00000001,-8114993.0,0.0116350650787353,0,True,82,33,True,44,64,2025-11-16 07:24:52
ba_32768_1_2.txt,barabasi_albert_10ins_m20,46,SpecAnn-64,0.5952568425994088,1.00000001,-8104357.000000001,0.0116932392120361,0,True,82,33,True,45,64,2025-11-16 07:24:52
ba_32768_1_2.txt,barabasi_albert_10ins_m20,46,SpecAnn-64,0.6018344659534288,1.00000001,-8108383.000000002,0.0117254257202148,0,True,82,33,True,46,64,2025-11-16 07:24:52
ba_32768_1_2.txt,barabasi_albert_10ins_m20,46,SpecAnn-64,0.6083409735974393,1.00000001,-8083433.000000001,0.0114874839782714,0,True,82,33,True,47,64,2025-11-16 07:24:52
ba_32768_1_2.txt,barabasi_albert_10ins_m20,46,SpecAnn-64,0.6147786234942719,1.00000001,-8110839.0,0.0114867687225341,0,True,82,33,True,48,64,2025-11-16 07:24:52
ba_32768_1_2.txt,barabasi_albert_10ins_m20,46,SpecAnn-64,0.6211495565912796,1.00000001,-8101103.0,0.0115497112274169,0,True,82,33,True,49,64,2025-11-16 07:24:52
ba_32768_1_2.txt,barabasi_albert_10ins_m20,46,SpecAnn-64,0.6274558051381586,1.00000001,-8117339.000000001,0.0114941596984863,0,True,82,33,True,50,64,2025-11-16 07:24:52
ba_32768_1_2.txt,barabasi_albert_10ins_m20,46,SpecAnn-64,0.6336993002596786,1.00000001,-8105307.000000001,0.0114774703979492,0,True,82,33,True,51,64,2025-11-16 07:24:52
ba_32768_1_2.txt,barabasi_albert_10ins_m20,46,SpecAnn-64,0.6398818788633085,1.00000001,-8090474.999999999,0.0114686489105224,0,True,82,33,True,52,64,2025-11-16 07:24:52
ba_32768_1_2.txt,barabasi_albert_10ins_m20,46,SpecAnn-64,0.6460052899517691,1.00000001,-8104841.0,0.0114991664886474,0,True,82,33,True,53,64,2025-11-16 07:24:52
ba_32768_1_2.txt,barabasi_albert_10ins_m20,46,SpecAnn-64,0.6520712004019966,1.00000001,-8137262.999999999,0.0115113258361816,0,True,82,33,True,54,64,2025-11-16 07:24:52
ba_32768_1_2.txt,barabasi_albert_10ins_m20,46,SpecAnn-64,0.6580812002646271,1.00000001,-8120035.000000002,0.0115270614624023,0,True,82,33,True,55,64,2025-11-16 07:24:52
ba_32768_1_2.txt,barabasi_albert_10ins_m20,46,SpecAnn-64,0.6640368076317485,1.00000001,-8098289.0,0.011526346206665,0,True,82,33,True,56,64,2025-11-16 07:24:52
ba_32768_1_2.txt,barabasi_albert_10ins_m20,46,SpecAnn-64,0.6699394731151429,1.00000001,-8099585.0,0.0114943981170654,0,True,82,33,True,57,64,2025-11-16 07:24:52
ba_32768_1_2.txt,barabasi_albert_10ins_m20,46,SpecAnn-64,0.6757905839724513,1.00000001,-8105971.0,0.0115134716033935,0,True,82,33,True,58,64,2025-11-16 07:24:52
ba_32768_1_2.txt,barabasi_albert_10ins_m20,46,SpecAnn-64,0.6815914679145113,1.00000001,-8100191.0,0.0115094184875488,0,True,82,33,True,59,64,2025-11-16 07:24:52
ba_32768_1_2.txt,barabasi_albert_10ins_m20,46,SpecAnn-64,0.6873433966234707,1.00000001,-8105613.0,0.0115609169006347,0,True,82,33,True,60,64,2025-11-16 07:24:52
ba_32768_1_2.txt,barabasi_albert_10ins_m20,46,SpecAnn-64,0.6930475890080863,1.00000001,-8093010.999999999,0.0114798545837402,0,True,82,33,True,61,64,2025-11-16 07:24:52
ba_32768_1_2.txt,barabasi_albert_10ins_m20,46,SpecAnn-64,0.6987052142198116,1.00000001,-8098877.000000001,0.0114576816558837,0,True,82,33,True,62,64,2025-11-16 07:24:52
ba_32768_1_2.txt,barabasi_albert_10ins_m20,46,SpecAnn-64,0.7043173944508145,1.00000001,-8104137.000000002,0.011484146118164,0,True,82,33,True,63,64,2025-11-16 07:24:52
ba_32768_1_2.txt,barabasi_albert_10ins_m20,46,SpecAnn-64,0.709885207532891,1.00000001,-8113149.000000001,0.0114884376525878,0,True,82,33,True,64,64,2025-11-16 07:24:52
ba_32768_1_2.txt,barabasi_albert_10ins_m20,46,SpecAnn-64,0.7154096893543218,1.00000001,-8123079.000000001,0.011437177658081,0,True,82,33,True,65,64,2025-11-16 07:24:52
ba_32768_1_2.txt,barabasi_albert_10ins_m20,46,SpecAnn-64,0.7208918361100219,1.00000001,-8108851.000000001,0.0115163326263427,0,True,82,33,True,66,64,2025-11-16 07:24:52
ba_32768_1_2.txt,barabasi_albert_10ins_m20,46,SpecAnn-64,0.7263326063988248,1.00000001,-8104242.999999999,0.0114150047302246,0,True,82,33,True,67,64,2025-11-16 07:24:52
ba_32768_1_2.txt,barabasi_albert_10ins_m20,46,SpecAnn-64,0.7317329231804058,1.00000001,-8096505.000000001,0.0115129947662353,0,True,82,33,True,68,64,2025-11-16 07:24:52
ba_32768_1_2.txt,barabasi_albert_10ins_m20,46,SpecAnn-64,0.7370936756031579,1.00000001,-8097313.000000001,0.0114996433258056,0,True,82,33,True,69,64,2025-11-16 07:24:52
ba_32768_1_2.txt,barabasi_albert_10ins_m20,46,SpecAnn-64,0.7424157207132704,1.00000001,-8062269.000000001,0.0114479064941406,0,True,82,33,True,70,64,2025-11-16 07:24:52
ba_32768_1_2.txt,barabasi_albert_10ins_m20,46,SpecAnn-64,0.7476998850543153,1.00000001,-8140103.000000001,0.0114929676055908,0,True,82,33,True,71,64,2025-11-16 07:24:52
ba_32768_1_2.txt,barabasi_albert_10ins_m20,46,SpecAnn-64,0.7529469661657903,1.00000001,-8093251.000000001,0.011458396911621,0,True,82,33,True,72,64,2025-11-16 07:24:52
ba_32768_1_2.txt,barabasi_albert_10ins_m20,46,SpecAnn-64,0.7581577339883167,1.00000001,-8102825.0,0.0114085674285888,0,True,82,33,True,73,64,2025-11-16 07:24:52
ba_32768_1_2.txt,barabasi_albert_10ins_m20,46,SpecAnn-64,0.7633329321824984,1.00000001,-8082080.999999999,0.0114421844482421,0,True,82,33,True,74,64,2025-11-16 07:24:52
ba_32768_1_2.txt,barabasi_albert_10ins_m20,46,SpecAnn-64,0.7684732793678399,1.00000001,-8095677.000000002,0.0113849639892578,0,True,82,33,True,75,64,2025-11-16 07:24:52
ba_32768_1_2.txt,barabasi_albert_10ins_m20,46,SpecAnn-64,0.7735794702875677,1.00000001,-8107507.000000001,0.0114293098449707,0,True,82,33,True,76,64,2025-11-16 07:24:52
ba_32768_1_2.txt,barabasi_albert_10ins_m20,46,SpecAnn-64,0.7786521769046981,1.00000001,-8114717.000000001,0.0115160942077636,0,True,82,33,True,77,64,2025-11-16 07:24:52
ba_32768_1_2.txt,barabasi_albert_10ins_m20,46,SpecAnn-64,0.7836920494342511,1.00000001,-8104621.0,0.0114274024963378,0,True,82,33,True,78,64,2025-11-16 07:24:52
ba_32768_1_2.txt,barabasi_albert_10ins_m20,46,SpecAnn-64,0.788699717316095,1.00000001,-8098827.000000001,0.0114228725433349,0,True,82,33,True,79,64,2025-11-16 07:24:52
ba_32768_1_2.txt,barabasi_albert_10ins_m20,46,SpecAnn-64,0.7936757901325451,1.00000001,-8130881.000000001,0.0114502906799316,0,True,82,33,True,80,64,2025-11-16 07:24:53
ba_32768_1_2.txt,barabasi_albert_10ins_m20,46,SpecAnn-64,0.7986208584745024,1.00000001,-8113105.000000001,0.0114548206329345,0,True,82,33,True,81,64,2025-11-16 07:24:53
ba_32768_1_2.txt,barabasi_albert_10ins_m20,46,SpecAnn-64,0.803535494759617,1.00000001,-8106077.000000001,0.0114655494689941,0,True,82,33,True,82,64,2025-11-16 07:24:53
ba_32768_1_2.txt,barabasi_albert_10ins_m20,46,SpecAnn-64,0.8084202540056837,1.00000001,-8132701.000000002,0.0114343166351318,0,True,82,33,True,83,64,2025-11-16 07:24:53
ba_32768_1_2.txt,barabasi_albert_10ins_m20,46,SpecAnn-64,0.8132756745622272,1.00000001,-8128485.000000001,0.0114202499389648,0,True,82,33,True,84,64,2025-11-16 07:24:53
ba_32768_1_2.txt,barabasi_albert_10ins_m20,46,SpecAnn-64,0.8181022788030096,1.00000001,-8122989.000000001,0.0114436149597167,0,True,82,33,True,85,64,2025-11-16 07:24:53
ba_32768_1_2.txt,barabasi_albert_10ins_m20,46,SpecAnn-64,0.822900573781978,1.00000001,-8129541.000000001,0.0114843845367431,0,True,82,33,True,86,64,2025-11-16 07:24:53
ba_32768_1_2.txt,barabasi_albert_10ins_m20,46,SpecAnn-64,0.8276710518549868,1.00000001,-8158533.000000001,0.0115408897399902,0,True,82,33,True,87,64,2025-11-16 07:24:53
ba_32768_1_2.txt,barabasi_albert_10ins_m20,46,SpecAnn-64,0.8324141912694495,1.00000001,-8145655.000000002,0.0115144252777099,0,True,82,33,True,88,64,2025-11-16 07:24:53
ba_32768_1_2.txt,barabasi_albert_10ins_m20,46,SpecAnn-64,0.8371304567239225,1.00000001,-8136887.000000001,0.0115053653717041,0,True,82,33,True,89,64,2025-11-16 07:24:53
ba_32768_1_2.txt,barabasi_albert_10ins_m20,46,SpecAnn-64,0.8418202998994706,1.00000001,-8165001.0,0.0114710330963134,0,True,82,33,True,90,64,2025-11-16 07:24:53
ba_32768_1_2.txt,barabasi_albert_10ins_m20,46,SpecAnn-64,0.846484159964536,1.00000001,-8152070.999999999,0.0114529132843017,0,True,82,33,True,91,64,2025-11-16 07:24:53
ba_32768_1_2.txt,barabasi_albert_10ins_m20,46,SpecAnn-64,0.8511224640549078,1.00000001,-8137011.000000001,0.0114557743072509,0,True,82,33,True,92,64,2025-11-16 07:24:53
ba_32768_1_2.txt,barabasi_albert_10ins_m20,46,SpecAnn-64,0.8557356277302758,1.00000001,-8171451.0,0.0114490985870361,0,True,82,33,True,93,64,2025-11-16 07:24:53
ba_32768_1_2.txt,barabasi_albert_10ins_m20,46,SpecAnn-64,0.8603240554087516,1.00000001,-8186112.999999999,0.0114099979400634,0,True,82,33,True,94,64,2025-11-16 07:24:53
ba_32768_1_2.txt,barabasi_albert_10ins_m20,46,SpecAnn-64,0.86488814078064,1.00000001,-8179333.000000001,0.0114445686340332,0,True,82,33,True,95,64,2025-11-16 07:24:53
ba_32768_1_2.txt,barabasi_albert_10ins_m20,46,SpecAnn-64,0.8694282672026621,1.00000001,-8201558.999999999,0.0113778114318847,0,True,82,33,True,96,64,2025-11-16 07:24:53
ba_32768_1_2.txt,barabasi_albert_10ins_m20,46,SpecAnn-64,0.8739448080737451,1.00000001,-8172860.999999999,0.0114908218383789,0,True,82,33,True,97,64,2025-11-16 07:24:53
ba_32768_1_2.txt,barabasi_albert_10ins_m20,46,SpecAnn-64,0.878438127193422,1.00000001,-8183969.0,0.011683702468872,0,True,82,33,True,98,64,2025-11-16 07:24:53
ba_32768_1_2.txt,barabasi_albert_10ins_m20,46,SpecAnn-64,0.8829085791038153,1.00000001,-8195159.0,0.011643648147583,0,True,82,33,True,99,64,2025-11-16 07:24:53
ba_32768_1_2.txt,barabasi_albert_10ins_m20,46,SpecAnn-64,0.8873565094161138,1.00000001,-8212587.000000001,0.0116102695465087,0,True,82,33,True,100,64,2025-11-16 07:24:53
ba_32768_1_2.txt,barabasi_albert_10ins_m20,46,SpecAnn-64,0.8917822551223932,1.00000001,-8236111.0,0.0114386081695556,0,True,82,33,True,101,64,2025-11-16 07:24:53
ba_32768_1_2.txt,barabasi_albert_10ins_m20,46,SpecAnn-64,0.8961861448935777,1.00000001,-8230001.0,0.0114283561706542,0,True,82,33,True,102,64,2025-11-16 07:24:53
ba_32768_1_2.txt,barabasi_albert_10ins_m20,46,SpecAnn-64,0.9005684993642872,1.00000001,-8239365.0,0.0114715099334716,0,True,82,33,True,103,64,2025-11-16 07:24:53
ba_32768_1_2.txt,barabasi_albert_10ins_m20,46,SpecAnn-64,0.9049296314052688,1.00000001,-8267628.999999999,0.0114226341247558,0,True,82,33,True,104,64,2025-11-16 07:24:53
ba_32768_1_2.txt,barabasi_albert_10ins_m20,46,SpecAnn-64,0.9092698463840684,1.00000001,-8277282.999999999,0.0115132331848144,0,True,82,33,True,105,64,2025-11-16 07:24:53
ba_32768_1_2.txt,barabasi_albert_10ins_m20,46,SpecAnn-64,0.9135894424145556,1.00000001,-8295809.0,0.0218541622161865,0,True,82,65,True,106,64,2025-11-16 07:24:53
ba_32768_1_2.txt,barabasi_albert_10ins_m20,46,SpecAnn-64,0.9178887105958816,1.00000001,-8285178.999999999,0.0218544006347656,0,True,82,65,True,107,64,2025-11-16 07:24:53
ba_32768_1_2.txt,barabasi_albert_10ins_m20,46,SpecAnn-64,0.922167935241408,1.00000001,-8306103.0,0.0218172073364257,0,True,82,65,True,108,64,2025-11-16 07:24:53
ba_32768_1_2.txt,barabasi_albert_10ins_m20,46,SpecAnn-64,0.92642739409812,1.00000001,-8312113.000000001,0.0218634605407714,0,True,82,65,True,109,64,2025-11-16 07:24:53
ba_32768_1_2.txt,barabasi_albert_10ins_m20,46,SpecAnn-64,0.9306673585570006,1.00000001,-8330037.000000001,0.0217599868774414,0,True,82,65,True,110,64,2025-11-16 07:24:53
ba_32768_1_2.txt,barabasi_albert_10ins_m20,46,SpecAnn-64,0.9348880938548184,1.00000001,-8348666.999999999,0.032052993774414,0,True,82,97,True,111,64,2025-11-16 07:24:53
ba_32768_1_2.txt,barabasi_albert_10ins_m20,46,SpecAnn-64,0.9390898592677528,1.00000001,-8348617.000000001,0.042525291442871,0,True,82,129,True,112,64,2025-11-16 07:24:53
ba_32768_1_2.txt,barabasi_albert_10ins_m20,46,SpecAnn-64,0.9432729082972536,1.00000001,-8373511.0,0.0638008117675781,0,True,82,193,True,113,64,2025-11-16 07:24:53
ba_32768_1_2.txt,barabasi_albert_10ins_m20,46,SpecAnn-64,0.9474374888485204,1.00000001,-8371339.0,0.094573974609375,0,True,82,289,True,114,64,2025-11-16 07:24:53
ba_32768_1_2.txt,barabasi_albert_10ins_m20,46,SpecAnn-64,0.9515838434019476,1.00000001,-8343019.000000001,0.1357362270355224,0,True,82,417,True,115,64,2025-11-16 07:24:53
ba_32768_1_2.txt,barabasi_albert_10ins_m20,46,SpecAnn-64,0.9557122091778746,1.00000001,-8346103.000000001,0.1151318550109863,0,True,82,353,True,116,64,2025-11-16 07:24:53
ba_32768_1_2.txt,barabasi_albert_10ins_m20,46,SpecAnn-64,0.9598228182949629,1.00000001,-8319748.999999999,0.0951905250549316,0,True,82,289,True,117,64,2025-11-16 07:24:53
ba_32768_1_2.txt,barabasi_albert_10ins_m20,46,SpecAnn-64,0.963915897922488,1.00000001,-8305714.999999998,0.0740654468536377,0,True,82,225,True,118,64,2025-11-16 07:24:54
ba_32768_1_2.txt,barabasi_albert_10ins_m20,46,SpecAnn-64,0.967991670426842,1.00000001,-8292374.999999998,0.0743453502655029,0,True,82,225,True,119,64,2025-11-16 07:24:54
ba_32768_1_2.txt,barabasi_albert_10ins_m20,46,SpecAnn-64,0.9720503535125016,1.00000001,-8299277.000000001,0.0743584632873535,0,True,82,225,True,120,64,2025-11-16 07:24:54
ba_32768_1_2.txt,barabasi_albert_10ins_m20,46,SpecAnn-64,0.9760921603577252,1.00000001,-8306910.999999999,0.0748510360717773,0,True,82,225,True,121,64,2025-11-16 07:24:54
ba_32768_1_2.txt,barabasi_albert_10ins_m20,46,SpecAnn-64,0.9801172997452104,1.00000001,-8293476.999999999,0.0741386413574218,0,True,82,225,True,122,64,2025-11-16 07:24:54
ba_32768_1_2.txt,barabasi_albert_10ins_m20,46,SpecAnn-64,0.9841259761879442,1.00000001,-8294925.000000001,0.06358003616333,0,True,82,193,True,123,64,2025-11-16 07:24:54
ba_32768_1_2.txt,barabasi_albert_10ins_m20,46,SpecAnn-64,0.9881183900504562,1.00000001,-8290607.0,0.0636014938354492,0,True,82,193,True,124,64,2025-11-16 07:24:54
ba_32768_1_2.txt,barabasi_albert_10ins_m20,46,SpecAnn-64,0.9920947376656812,1.00000001,-8283869.000000003,0.06435227394104,0,True,82,193,True,125,64,2025-11-16 07:24:54
ba_32768_1_2.txt,barabasi_albert_10ins_m20,46,SpecAnn-64,0.9960552114476228,1.00000001,-8294051.000000001,0.0643002986907959,0,True,82,193,True,126,64,2025-11-16 07:24:54
ba_32768_1_2.txt,barabasi_albert_10ins_m20,46,SpecAnn-64,1.0,1.00000001,-8279987.0,0.0638275146484375,0,True,82,193,True,127,64,2025-11-16 07:24:54
ba_32768_1_2.txt,barabasi_albert_10ins_m20,47,SpecAnn-64,0.0,1.00000001,-8093413.0,0.0128893852233886,0,True,56,33,True,0,64,2025-11-16 07:24:55
ba_32768_1_2.txt,barabasi_albert_10ins_m20,47,SpecAnn-64,0.0887356509416113,1.00000001,-8094021.0,0.0115251541137695,0,True,56,33,True,1,64,2025-11-16 07:24:55
ba_32768_1_2.txt,barabasi_albert_10ins_m20,47,SpecAnn-64,0.1254911610276317,1.00000001,-8096047.0,0.0114316940307617,0,True,56,33,True,2,64,2025-11-16 07:24:55
ba_32768_1_2.txt,barabasi_albert_10ins_m20,47,SpecAnn-64,0.1536946558735679,1.00000001,-8058155.000000001,0.011531114578247,0,True,56,33,True,3,64,2025-11-16 07:24:55
ba_32768_1_2.txt,barabasi_albert_10ins_m20,47,SpecAnn-64,0.1774713018832227,1.00000001,-8088286.999999999,0.0114564895629882,0,True,56,33,True,4,64,2025-11-16 07:24:55
ba_32768_1_2.txt,barabasi_albert_10ins_m20,47,SpecAnn-64,0.1984189475331362,1.00000001,-8075609.000000001,0.0113580226898193,0,True,56,33,True,5,64,2025-11-16 07:24:55
ba_32768_1_2.txt,barabasi_albert_10ins_m20,47,SpecAnn-64,0.2173570668006655,1.00000001,-8087859.000000001,0.0114281177520751,0,True,56,33,True,6,64,2025-11-16 07:24:55
ba_32768_1_2.txt,barabasi_albert_10ins_m20,47,SpecAnn-64,0.2347724648169381,1.00000001,-8074039.000000002,0.0115039348602294,0,True,56,33,True,7,64,2025-11-16 07:24:55
ba_32768_1_2.txt,barabasi_albert_10ins_m20,47,SpecAnn-64,0.2509823220552634,1.00000001,-8108551.0,0.0113818645477294,0,True,56,33,True,8,64,2025-11-16 07:24:55
ba_32768_1_2.txt,barabasi_albert_10ins_m20,47,SpecAnn-64,0.2662069528248341,1.00000001,-8092445.0,0.0114490985870361,0,True,56,33,True,9,64,2025-11-16 07:24:55
ba_32768_1_2.txt,barabasi_albert_10ins_m20,47,SpecAnn-64,0.2806067666331568,1.00000001,-8064001.0,0.0113968849182128,0,True,56,33,True,10,64,2025-11-16 07:24:55
ba_32768_1_2.txt,barabasi_albert_10ins_m20,47,SpecAnn-64,0.2943028597012718,1.00000001,-8079151.000000001,0.0113642215728759,0,True,56,33,True,11,64,2025-11-16 07:24:55
ba_32768_1_2.txt,barabasi_albert_10ins_m20,47,SpecAnn-64,0.3073893117471359,1.00000001,-8079329.000000001,0.0114171504974365,0,True,56,33,True,12,64,2025-11-16 07:24:55
ba_32768_1_2.txt,barabasi_albert_10ins_m20,47,SpecAnn-64,0.3199409394316542,1.00000001,-8087087.000000001,0.0113389492034912,0,True,56,33,True,13,64,2025-11-16 07:24:55
ba_32768_1_2.txt,barabasi_albert_10ins_m20,47,SpecAnn-64,0.3320184038158743,1.00000001,-8055023.000000001,0.0113511085510253,0,True,56,33,True,14,64,2025-11-16 07:24:55
ba_32768_1_2.txt,barabasi_albert_10ins_m20,47,SpecAnn-64,0.3436716983117353,1.00000001,-8098523.0,0.0114030838012695,0,True,56,33,True,15,64,2025-11-16 07:24:55
ba_32768_1_2.txt,barabasi_albert_10ins_m20,47,SpecAnn-64,0.3549426037664455,1.00000001,-8109531.000000001,0.0113816261291503,0,True,56,33,True,16,64,2025-11-16 07:24:55
ba_32768_1_2.txt,barabasi_albert_10ins_m20,47,SpecAnn-64,0.3658664615902029,1.00000001,-8067827.000000002,0.0113477706909179,0,True,56,33,True,17,64,2025-11-16 07:24:55
ba_32768_1_2.txt,barabasi_albert_10ins_m20,47,SpecAnn-64,0.3764734830828951,1.00000001,-8091087.0,0.0115957260131835,0,True,56,33,True,18,64,2025-11-16 07:24:55
ba_32768_1_2.txt,barabasi_albert_10ins_m20,47,SpecAnn-64,0.3867897351437838,1.00000001,-8081551.0,0.0115675926208496,0,True,56,33,True,19,64,2025-11-16 07:24:55
ba_32768_1_2.txt,barabasi_albert_10ins_m20,47,SpecAnn-64,0.3968378950662725,1.00000001,-8111479.0,0.0115828514099121,0,True,56,33,True,20,64,2025-11-16 07:24:55
ba_32768_1_2.txt,barabasi_albert_10ins_m20,47,SpecAnn-64,0.4066378372811136,1.00000001,-8102983.000000001,0.0115237236022949,0,True,56,33,True,21,64,2025-11-16 07:24:55
ba_32768_1_2.txt,barabasi_albert_10ins_m20,47,SpecAnn-64,0.4162070956347247,1.00000001,-8114887.0,0.0113680362701416,0,True,56,33,True,22,64,2025-11-16 07:24:55
ba_32768_1_2.txt,barabasi_albert_10ins_m20,47,SpecAnn-64,0.4255612320274539,1.00000001,-8078314.999999999,0.0113918781280517,0,True,56,33,True,23,64,2025-11-16 07:24:55
ba_32768_1_2.txt,barabasi_albert_10ins_m20,47,SpecAnn-64,0.434714133601331,1.00000001,-8101155.000000001,0.0113806724548339,0,True,56,33,True,24,64,2025-11-16 07:24:55
ba_32768_1_2.txt,barabasi_albert_10ins_m20,47,SpecAnn-64,0.4436782547080569,1.00000001,-8117999.000000001,0.0114200115203857,0,True,56,33,True,25,64,2025-11-16 07:24:55
ba_32768_1_2.txt,barabasi_albert_10ins_m20,47,SpecAnn-64,0.4524648157026343,1.00000001,-8112631.000000001,0.0113866329193115,0,True,56,33,True,26,64,2025-11-16 07:24:55
ba_32768_1_2.txt,barabasi_albert_10ins_m20,47,SpecAnn-64,0.4610839676207039,1.00000001,-8090805.000000002,0.0114214420318603,0,True,56,33,True,27,64,2025-11-16 07:24:55
ba_32768_1_2.txt,barabasi_albert_10ins_m20,47,SpecAnn-64,0.4695449296338763,1.00000001,-8103851.000000002,0.0114407539367675,0,True,56,33,True,28,64,2025-11-16 07:24:55
ba_32768_1_2.txt,barabasi_albert_10ins_m20,47,SpecAnn-64,0.4778561045889373,1.00000001,-8094654.999999999,0.0114417076110839,0,True,56,33,True,29,64,2025-11-16 07:24:55
ba_32768_1_2.txt,barabasi_albert_10ins_m20,47,SpecAnn-64,0.4860251767562508,1.00000001,-8080799.000000001,0.0113928318023681,0,True,56,33,True,30,64,2025-11-16 07:24:55
ba_32768_1_2.txt,barabasi_albert_10ins_m20,47,SpecAnn-64,0.4940591950252281,1.00000001,-8104713.000000001,0.0114686489105224,0,True,56,33,True,31,64,2025-11-16 07:24:55
ba_32768_1_2.txt,barabasi_albert_10ins_m20,47,SpecAnn-64,0.5019646441105269,1.00000001,-8103855.0,0.0114357471466064,0,True,56,33,True,32,64,2025-11-16 07:24:55
ba_32768_1_2.txt,barabasi_albert_10ins_m20,47,SpecAnn-64,0.5097475058154177,1.00000001,-8077629.0,0.0113670825958251,0,True,56,33,True,33,64,2025-11-16 07:24:55
ba_32768_1_2.txt,barabasi_albert_10ins_m20,47,SpecAnn-64,0.51741331199832,1.00000001,-8089073.000000001,0.0113956928253173,0,True,56,33,True,34,64,2025-11-16 07:24:55
ba_32768_1_2.txt,barabasi_albert_10ins_m20,47,SpecAnn-64,0.5249671905758515,1.00000001,-8099337.000000001,0.0113899707794189,0,True,56,33,True,35,64,2025-11-16 07:24:55
ba_32768_1_2.txt,barabasi_albert_10ins_m20,47,SpecAnn-64,0.5324139056496683,1.00000001,-8077681.0,0.0114228725433349,0,True,56,33,True,36,64,2025-11-16 07:24:55
ba_32768_1_2.txt,barabasi_albert_10ins_m20,47,SpecAnn-64,0.5397578926492556,1.00000001,-8071215.0,0.0113708972930908,0,True,56,33,True,37,64,2025-11-16 07:24:55
ba_32768_1_2.txt,barabasi_albert_10ins_m20,47,SpecAnn-64,0.5470032892270364,1.00000001,-8084109.000000002,0.0113296508789062,0,True,56,33,True,38,64,2025-11-16 07:24:55
ba_32768_1_2.txt,barabasi_albert_10ins_m20,47,SpecAnn-64,0.554153962516942,1.00000001,-8109634.999999999,0.0113842487335205,0,True,56,33,True,39,64,2025-11-16 07:24:55
ba_32768_1_2.txt,barabasi_albert_10ins_m20,47,SpecAnn-64,0.5612135332663137,1.00000001,-8123455.0,0.0113987922668457,0,True,56,33,True,40,64,2025-11-16 07:24:55
ba_32768_1_2.txt,barabasi_albert_10ins_m20,47,SpecAnn-64,0.5681853972686127,1.00000001,-8112477.0,0.0113747119903564,0,True,56,33,True,41,64,2025-11-16 07:24:55
ba_32768_1_2.txt,barabasi_albert_10ins_m20,47,SpecAnn-64,0.5750727444570146,1.00000001,-8073324.999999999,0.0113735198974609,0,True,56,33,True,42,64,2025-11-16 07:24:55
ba_32768_1_2.txt,barabasi_albert_10ins_m20,47,SpecAnn-64,0.5818785759635375,1.00000001,-8078851.0,0.0114214420318603,0,True,56,33,True,43,64,2025-11-16 07:24:55
ba_32768_1_2.txt,barabasi_albert_10ins_m20,47,SpecAnn-64,0.5886057194025436,1.00000001,-8081341.0,0.0115859508514404,0,True,56,33,True,44,64,2025-11-16 07:24:55
ba_32768_1_2.txt,barabasi_albert_10ins_m20,47,SpecAnn-64,0.5952568425994088,1.00000001,-8114366.999999999,0.0115931034088134,0,True,56,33,True,45,64,2025-11-16 07:24:55
ba_32768_1_2.txt,barabasi_albert_10ins_m20,47,SpecAnn-64,0.6018344659534288,1.00000001,-8086113.000000002,0.0116658210754394,0,True,56,33,True,46,64,2025-11-16 07:24:55
ba_32768_1_2.txt,barabasi_albert_10ins_m20,47,SpecAnn-64,0.6083409735974393,1.00000001,-8093111.0,0.0114591121673583,0,True,56,33,True,47,64,2025-11-16 07:24:55
ba_32768_1_2.txt,barabasi_albert_10ins_m20,47,SpecAnn-64,0.6147786234942719,1.00000001,-8116321.0,0.0113966464996337,0,True,56,33,True,48,64,2025-11-16 07:24:55
ba_32768_1_2.txt,barabasi_albert_10ins_m20,47,SpecAnn-64,0.6211495565912796,1.00000001,-8079045.0,0.0113818645477294,0,True,56,33,True,49,64,2025-11-16 07:24:55
ba_32768_1_2.txt,barabasi_albert_10ins_m20,47,SpecAnn-64,0.6274558051381586,1.00000001,-8112057.0,0.0114505290985107,0,True,56,33,True,50,64,2025-11-16 07:24:55
ba_32768_1_2.txt,barabasi_albert_10ins_m20,47,SpecAnn-64,0.6336993002596786,1.00000001,-8099194.999999999,0.0114660263061523,0,True,56,33,True,51,64,2025-11-16 07:24:55
ba_32768_1_2.txt,barabasi_albert_10ins_m20,47,SpecAnn-64,0.6398818788633085,1.00000001,-8092517.0,0.0114080905914306,0,True,56,33,True,52,64,2025-11-16 07:24:55
ba_32768_1_2.txt,barabasi_albert_10ins_m20,47,SpecAnn-64,0.6460052899517691,1.00000001,-8113649.000000001,0.0114150047302246,0,True,56,33,True,53,64,2025-11-16 07:24:55
ba_32768_1_2.txt,barabasi_albert_10ins_m20,47,SpecAnn-64,0.6520712004019966,1.00000001,-8087631.0,0.0113768577575683,0,True,56,33,True,54,64,2025-11-16 07:24:55
ba_32768_1_2.txt,barabasi_albert_10ins_m20,47,SpecAnn-64,0.6580812002646271,1.00000001,-8074787.0,0.0114331245422363,0,True,56,33,True,55,64,2025-11-16 07:24:55
ba_32768_1_2.txt,barabasi_albert_10ins_m20,47,SpecAnn-64,0.6640368076317485,1.00000001,-8066937.0,0.0114619731903076,0,True,56,33,True,56,64,2025-11-16 07:24:55
ba_32768_1_2.txt,barabasi_albert_10ins_m20,47,SpecAnn-64,0.6699394731151429,1.00000001,-8084963.0,0.0114743709564208,0,True,56,33,True,57,64,2025-11-16 07:24:55
ba_32768_1_2.txt,barabasi_albert_10ins_m20,47,SpecAnn-64,0.6757905839724513,1.00000001,-8101473.000000001,0.011425495147705,0,True,56,33,True,58,64,2025-11-16 07:24:55
ba_32768_1_2.txt,barabasi_albert_10ins_m20,47,SpecAnn-64,0.6815914679145113,1.00000001,-8115697.000000001,0.0115652084350585,0,True,56,33,True,59,64,2025-11-16 07:24:55
ba_32768_1_2.txt,barabasi_albert_10ins_m20,47,SpecAnn-64,0.6873433966234707,1.00000001,-8112979.000000001,0.011453628540039,0,True,56,33,True,60,64,2025-11-16 07:24:55
ba_32768_1_2.txt,barabasi_albert_10ins_m20,47,SpecAnn-64,0.6930475890080863,1.00000001,-8098279.000000002,0.0114490985870361,0,True,56,33,True,61,64,2025-11-16 07:24:55
ba_32768_1_2.txt,barabasi_albert_10ins_m20,47,SpecAnn-64,0.6987052142198116,1.00000001,-8095843.000000001,0.0114812850952148,0,True,56,33,True,62,64,2025-11-16 07:24:55
ba_32768_1_2.txt,barabasi_albert_10ins_m20,47,SpecAnn-64,0.7043173944508145,1.00000001,-8085183.0,0.0114302635192871,0,True,56,33,True,63,64,2025-11-16 07:24:55
ba_32768_1_2.txt,barabasi_albert_10ins_m20,47,SpecAnn-64,0.709885207532891,1.00000001,-8089593.000000001,0.0114459991455078,0,True,56,33,True,64,64,2025-11-16 07:24:55
ba_32768_1_2.txt,barabasi_albert_10ins_m20,47,SpecAnn-64,0.7154096893543218,1.00000001,-8101581.0,0.0114076137542724,0,True,56,33,True,65,64,2025-11-16 07:24:55
ba_32768_1_2.txt,barabasi_albert_10ins_m20,47,SpecAnn-64,0.7208918361100219,1.00000001,-8094835.000000001,0.0113778114318847,0,True,56,33,True,66,64,2025-11-16 07:24:55
ba_32768_1_2.txt,barabasi_albert_10ins_m20,47,SpecAnn-64,0.7263326063988248,1.00000001,-8091674.999999999,0.0114185810089111,0,True,56,33,True,67,64,2025-11-16 07:24:55
ba_32768_1_2.txt,barabasi_albert_10ins_m20,47,SpecAnn-64,0.7317329231804058,1.00000001,-8093221.0,0.0114257335662841,0,True,56,33,True,68,64,2025-11-16 07:24:55
ba_32768_1_2.txt,barabasi_albert_10ins_m20,47,SpecAnn-64,0.7370936756031579,1.00000001,-8087486.999999999,0.0114204883575439,0,True,56,33,True,69,64,2025-11-16 07:24:55
ba_32768_1_2.txt,barabasi_albert_10ins_m20,47,SpecAnn-64,0.7424157207132704,1.00000001,-8102549.0,0.0113608837127685,0,True,56,33,True,70,64,2025-11-16 07:24:55
ba_32768_1_2.txt,barabasi_albert_10ins_m20,47,SpecAnn-64,0.7476998850543153,1.00000001,-8094555.0,0.0114223957061767,0,True,56,33,True,71,64,2025-11-16 07:24:55
ba_32768_1_2.txt,barabasi_albert_10ins_m20,47,SpecAnn-64,0.7529469661657903,1.00000001,-8093043.0,0.0114240646362304,0,True,56,33,True,72,64,2025-11-16 07:24:55
ba_32768_1_2.txt,barabasi_albert_10ins_m20,47,SpecAnn-64,0.7581577339883167,1.00000001,-8092611.000000001,0.0114266872406005,0,True,56,33,True,73,64,2025-11-16 07:24:55
ba_32768_1_2.txt,barabasi_albert_10ins_m20,47,SpecAnn-64,0.7633329321824984,1.00000001,-8105093.0,0.0114185810089111,0,True,56,33,True,74,64,2025-11-16 07:24:55
ba_32768_1_2.txt,barabasi_albert_10ins_m20,47,SpecAnn-64,0.7684732793678399,1.00000001,-8128061.000000001,0.0114181041717529,0,True,56,33,True,75,64,2025-11-16 07:24:55
ba_32768_1_2.txt,barabasi_albert_10ins_m20,47,SpecAnn-64,0.7735794702875677,1.00000001,-8110163.000000001,0.0114212036132812,0,True,56,33,True,76,64,2025-11-16 07:24:55
ba_32768_1_2.txt,barabasi_albert_10ins_m20,47,SpecAnn-64,0.7786521769046981,1.00000001,-8108457.000000001,0.0113844871520996,0,True,56,33,True,77,64,2025-11-16 07:24:55
ba_32768_1_2.txt,barabasi_albert_10ins_m20,47,SpecAnn-64,0.7836920494342511,1.00000001,-8133170.999999999,0.0114905834197998,0,True,56,33,True,78,64,2025-11-16 07:24:55
ba_32768_1_2.txt,barabasi_albert_10ins_m20,47,SpecAnn-64,0.788699717316095,1.00000001,-8113909.0,0.0114030838012695,0,True,56,33,True,79,64,2025-11-16 07:24:55
ba_32768_1_2.txt,barabasi_albert_10ins_m20,47,SpecAnn-64,0.7936757901325451,1.00000001,-8121737.000000001,0.0114636421203613,0,True,56,33,True,80,64,2025-11-16 07:24:55
ba_32768_1_2.txt,barabasi_albert_10ins_m20,47,SpecAnn-64,0.7986208584745024,1.00000001,-8122771.0,0.0114760398864746,0,True,56,33,True,81,64,2025-11-16 07:24:55
ba_32768_1_2.txt,barabasi_albert_10ins_m20,47,SpecAnn-64,0.803535494759617,1.00000001,-8108138.999999999,0.0114398002624511,0,True,56,33,True,82,64,2025-11-16 07:24:55
ba_32768_1_2.txt,barabasi_albert_10ins_m20,47,SpecAnn-64,0.8084202540056837,1.00000001,-8122407.000000001,0.0114037990570068,0,True,56,33,True,83,64,2025-11-16 07:24:55
ba_32768_1_2.txt,barabasi_albert_10ins_m20,47,SpecAnn-64,0.8132756745622272,1.00000001,-8133039.0,0.0114336013793945,0,True,56,33,True,84,64,2025-11-16 07:24:55
ba_32768_1_2.txt,barabasi_albert_10ins_m20,47,SpecAnn-64,0.8181022788030096,1.00000001,-8128923.000000001,0.0115253925323486,0,True,56,33,True,85,64,2025-11-16 07:24:55
ba_32768_1_2.txt,barabasi_albert_10ins_m20,47,SpecAnn-64,0.822900573781978,1.00000001,-8128591.000000001,0.0115010738372802,0,True,56,33,True,86,64,2025-11-16 07:24:55
ba_32768_1_2.txt,barabasi_albert_10ins_m20,47,SpecAnn-64,0.8276710518549868,1.00000001,-8138269.0,0.0115332603454589,0,True,56,33,True,87,64,2025-11-16 07:24:56
ba_32768_1_2.txt,barabasi_albert_10ins_m20,47,SpecAnn-64,0.8324141912694495,1.00000001,-8134573.000000002,0.0114951133728027,0,True,56,33,True,88,64,2025-11-16 07:24:56
ba_32768_1_2.txt,barabasi_albert_10ins_m20,47,SpecAnn-64,0.8371304567239225,1.00000001,-8118871.0,0.0115504264831542,0,True,56,33,True,89,64,2025-11-16 07:24:56
ba_32768_1_2.txt,barabasi_albert_10ins_m20,47,SpecAnn-64,0.8418202998994706,1.00000001,-8131967.0,0.0115110874176025,0,True,56,33,True,90,64,2025-11-16 07:24:56
ba_32768_1_2.txt,barabasi_albert_10ins_m20,47,SpecAnn-64,0.846484159964536,1.00000001,-8151085.000000001,0.0114829540252685,0,True,56,33,True,91,64,2025-11-16 07:24:56
ba_32768_1_2.txt,barabasi_albert_10ins_m20,47,SpecAnn-64,0.8511224640549078,1.00000001,-8160267.000000001,0.0115418434143066,0,True,56,33,True,92,64,2025-11-16 07:24:56
ba_32768_1_2.txt,barabasi_albert_10ins_m20,47,SpecAnn-64,0.8557356277302758,1.00000001,-8142767.000000001,0.0114238262176513,0,True,56,33,True,93,64,2025-11-16 07:24:56
ba_32768_1_2.txt,barabasi_albert_10ins_m20,47,SpecAnn-64,0.8603240554087516,1.00000001,-8171192.999999999,0.0114514827728271,0,True,56,33,True,94,64,2025-11-16 07:24:56
ba_32768_1_2.txt,barabasi_albert_10ins_m20,47,SpecAnn-64,0.86488814078064,1.00000001,-8159651.000000001,0.0114169120788574,0,True,56,33,True,95,64,2025-11-16 07:24:56
ba_32768_1_2.txt,barabasi_albert_10ins_m20,47,SpecAnn-64,0.8694282672026621,1.00000001,-8185199.0,0.0115046501159667,0,True,56,33,True,96,64,2025-11-16 07:24:56
ba_32768_1_2.txt,barabasi_albert_10ins_m20,47,SpecAnn-64,0.8739448080737451,1.00000001,-8194681.0,0.0114011764526367,0,True,56,33,True,97,64,2025-11-16 07:24:56
ba_32768_1_2.txt,barabasi_albert_10ins_m20,47,SpecAnn-64,0.878438127193422,1.00000001,-8188413.000000001,0.011399507522583,0,True,56,33,True,98,64,2025-11-16 07:24:56
ba_32768_1_2.txt,barabasi_albert_10ins_m20,47,SpecAnn-64,0.8829085791038153,1.00000001,-8193297.000000002,0.0114235877990722,0,True,56,33,True,99,64,2025-11-16 07:24:56
ba_32768_1_2.txt,barabasi_albert_10ins_m20,47,SpecAnn-64,0.8873565094161138,1.00000001,-8202615.0,0.0114493370056152,0,True,56,33,True,100,64,2025-11-16 07:24:56
ba_32768_1_2.txt,barabasi_albert_10ins_m20,47,SpecAnn-64,0.8917822551223932,1.00000001,-8222163.0,0.0113778114318847,0,True,56,33,True,101,64,2025-11-16 07:24:56
ba_32768_1_2.txt,barabasi_albert_10ins_m20,47,SpecAnn-64,0.8961861448935777,1.00000001,-8207778.999999999,0.0114779472351074,0,True,56,33,True,102,64,2025-11-16 07:24:56
ba_32768_1_2.txt,barabasi_albert_10ins_m20,47,SpecAnn-64,0.9005684993642872,1.00000001,-8245102.999999999,0.0114245414733886,0,True,56,33,True,103,64,2025-11-16 07:24:56
ba_32768_1_2.txt,barabasi_albert_10ins_m20,47,SpecAnn-64,0.9049296314052688,1.00000001,-8257830.999999999,0.0114140510559082,0,True,56,33,True,104,64,2025-11-16 07:24:56
ba_32768_1_2.txt,barabasi_albert_10ins_m20,47,SpecAnn-64,0.9092698463840684,1.00000001,-8257803.000000001,0.0115795135498046,0,True,56,33,True,105,64,2025-11-16 07:24:56
ba_32768_1_2.txt,barabasi_albert_10ins_m20,47,SpecAnn-64,0.9135894424145556,1.00000001,-8265243.000000001,0.022313117980957,0,True,56,65,True,106,64,2025-11-16 07:24:56
ba_32768_1_2.txt,barabasi_albert_10ins_m20,47,SpecAnn-64,0.9178887105958816,1.00000001,-8287281.000000001,0.0221726894378662,0,True,56,65,True,107,64,2025-11-16 07:24:56
ba_32768_1_2.txt,barabasi_albert_10ins_m20,47,SpecAnn-64,0.922167935241408,1.00000001,-8280927.0,0.0218381881713867,0,True,56,65,True,108,64,2025-11-16 07:24:56
ba_32768_1_2.txt,barabasi_albert_10ins_m20,47,SpecAnn-64,0.92642739409812,1.00000001,-8303129.000000002,0.0217869281768798,0,True,56,65,True,109,64,2025-11-16 07:24:56
ba_32768_1_2.txt,barabasi_albert_10ins_m20,47,SpecAnn-64,0.9306673585570006,1.00000001,-8313007.000000002,0.0217409133911132,0,True,56,65,True,110,64,2025-11-16 07:24:56
ba_32768_1_2.txt,barabasi_albert_10ins_m20,47,SpecAnn-64,0.9348880938548184,1.00000001,-8344249.000000001,0.0322465896606445,0,True,56,97,True,111,64,2025-11-16 07:24:56
ba_32768_1_2.txt,barabasi_albert_10ins_m20,47,SpecAnn-64,0.9390898592677528,1.00000001,-8361471.000000002,0.0434391498565673,0,True,56,129,True,112,64,2025-11-16 07:24:56
ba_32768_1_2.txt,barabasi_albert_10ins_m20,47,SpecAnn-64,0.9432729082972536,1.00000001,-8370795.000000001,0.0638957023620605,0,True,56,193,True,113,64,2025-11-16 07:24:56
ba_32768_1_2.txt,barabasi_albert_10ins_m20,47,SpecAnn-64,0.9474374888485204,1.00000001,-8371927.0,0.0959596633911132,0,True,56,289,True,114,64,2025-11-16 07:24:56
ba_32768_1_2.txt,barabasi_albert_10ins_m20,47,SpecAnn-64,0.9515838434019476,1.00000001,-8351260.999999999,0.1386435031890869,0,True,56,417,True,115,64,2025-11-16 07:24:56
ba_32768_1_2.txt,barabasi_albert_10ins_m20,47,SpecAnn-64,0.9557122091778746,1.00000001,-8330064.999999999,0.1161904335021972,0,True,56,353,True,116,64,2025-11-16 07:24:56
ba_32768_1_2.txt,barabasi_albert_10ins_m20,47,SpecAnn-64,0.9598228182949629,1.00000001,-8336343.0,0.0948865413665771,0,True,56,289,True,117,64,2025-11-16 07:24:56
ba_32768_1_2.txt,barabasi_albert_10ins_m20,47,SpecAnn-64,0.963915897922488,1.00000001,-8312717.0,0.0743017196655273,0,True,56,225,True,118,64,2025-11-16 07:24:56
ba_32768_1_2.txt,barabasi_albert_10ins_m20,47,SpecAnn-64,0.967991670426842,1.00000001,-8306127.000000001,0.0739138126373291,0,True,56,225,True,119,64,2025-11-16 07:24:57
ba_32768_1_2.txt,barabasi_albert_10ins_m20,47,SpecAnn-64,0.9720503535125016,1.00000001,-8289201.000000001,0.0737671852111816,0,True,56,225,True,120,64,2025-11-16 07:24:57
ba_32768_1_2.txt,barabasi_albert_10ins_m20,47,SpecAnn-64,0.9760921603577252,1.00000001,-8295499.0,0.0739195346832275,0,True,56,225,True,121,64,2025-11-16 07:24:57
ba_32768_1_2.txt,barabasi_albert_10ins_m20,47,SpecAnn-64,0.9801172997452104,1.00000001,-8312348.999999999,0.0747449398040771,0,True,56,225,True,122,64,2025-11-16 07:24:57
ba_32768_1_2.txt,barabasi_albert_10ins_m20,47,SpecAnn-64,0.9841259761879442,1.00000001,-8284793.0,0.0635347366333007,0,True,56,193,True,123,64,2025-11-16 07:24:57
ba_32768_1_2.txt,barabasi_albert_10ins_m20,47,SpecAnn-64,0.9881183900504562,1.00000001,-8286721.0,0.0633490085601806,0,True,56,193,True,124,64,2025-11-16 07:24:57
ba_32768_1_2.txt,barabasi_albert_10ins_m20,47,SpecAnn-64,0.9920947376656812,1.00000001,-8285999.0,0.0633909702301025,0,True,56,193,True,125,64,2025-11-16 07:24:57
ba_32768_1_2.txt,barabasi_albert_10ins_m20,47,SpecAnn-64,0.9960552114476228,1.00000001,-8295967.0,0.0635135173797607,0,True,56,193,True,126,64,2025-11-16 07:24:57
ba_32768_1_2.txt,barabasi_albert_10ins_m20,47,SpecAnn-64,1.0,1.00000001,-8296961.000000002,0.0646121501922607,0,True,56,193,True,127,64,2025-11-16 07:24:57
ba_32768_1_2.txt,barabasi_albert_10ins_m20,48,SpecAnn-64,0.0,1.00000001,-8109895.000000001,0.012808084487915,0,True,73,33,True,0,64,2025-11-16 07:24:57
ba_32768_1_2.txt,barabasi_albert_10ins_m20,48,SpecAnn-64,0.0887356509416113,1.00000001,-8103995.0,0.0114996433258056,0,True,73,33,True,1,64,2025-11-16 07:24:57
ba_32768_1_2.txt,barabasi_albert_10ins_m20,48,SpecAnn-64,0.1254911610276317,1.00000001,-8075033.0,0.0114295482635498,0,True,73,33,True,2,64,2025-11-16 07:24:57
ba_32768_1_2.txt,barabasi_albert_10ins_m20,48,SpecAnn-64,0.1536946558735679,1.00000001,-8092787.0,0.0115165710449218,0,True,73,33,True,3,64,2025-11-16 07:24:57
ba_32768_1_2.txt,barabasi_albert_10ins_m20,48,SpecAnn-64,0.1774713018832227,1.00000001,-8100559.000000001,0.0114154815673828,0,True,73,33,True,4,64,2025-11-16 07:24:57
ba_32768_1_2.txt,barabasi_albert_10ins_m20,48,SpecAnn-64,0.1984189475331362,1.00000001,-8090597.0,0.0113940238952636,0,True,73,33,True,5,64,2025-11-16 07:24:57
ba_32768_1_2.txt,barabasi_albert_10ins_m20,48,SpecAnn-64,0.2173570668006655,1.00000001,-8070995.000000002,0.0114626884460449,0,True,73,33,True,6,64,2025-11-16 07:24:57
ba_32768_1_2.txt,barabasi_albert_10ins_m20,48,SpecAnn-64,0.2347724648169381,1.00000001,-8110311.000000001,0.0114333629608154,0,True,73,33,True,7,64,2025-11-16 07:24:57
ba_32768_1_2.txt,barabasi_albert_10ins_m20,48,SpecAnn-64,0.2509823220552634,1.00000001,-8080463.0,0.0114932060241699,0,True,73,33,True,8,64,2025-11-16 07:24:57
ba_32768_1_2.txt,barabasi_albert_10ins_m20,48,SpecAnn-64,0.2662069528248341,1.00000001,-8124847.0,0.0114352703094482,0,True,73,33,True,9,64,2025-11-16 07:24:57
ba_32768_1_2.txt,barabasi_albert_10ins_m20,48,SpecAnn-64,0.2806067666331568,1.00000001,-8106137.000000001,0.0114171504974365,0,True,73,33,True,10,64,2025-11-16 07:24:58
ba_32768_1_2.txt,barabasi_albert_10ins_m20,48,SpecAnn-64,0.2943028597012718,1.00000001,-8101045.0,0.0114586353302001,0,True,73,33,True,11,64,2025-11-16 07:24:58
ba_32768_1_2.txt,barabasi_albert_10ins_m20,48,SpecAnn-64,0.3073893117471359,1.00000001,-8097879.0,0.0116996765136718,0,True,73,33,True,12,64,2025-11-16 07:24:58
ba_32768_1_2.txt,barabasi_albert_10ins_m20,48,SpecAnn-64,0.3199409394316542,1.00000001,-8105881.0,0.0114245414733886,0,True,73,33,True,13,64,2025-11-16 07:24:58
ba_32768_1_2.txt,barabasi_albert_10ins_m20,48,SpecAnn-64,0.3320184038158743,1.00000001,-8095541.0,0.0114452838897705,0,True,73,33,True,14,64,2025-11-16 07:24:58
ba_32768_1_2.txt,barabasi_albert_10ins_m20,48,SpecAnn-64,0.3436716983117353,1.00000001,-8093755.0,0.0114011764526367,0,True,73,33,True,15,64,2025-11-16 07:24:58
ba_32768_1_2.txt,barabasi_albert_10ins_m20,48,SpecAnn-64,0.3549426037664455,1.00000001,-8093974.999999999,0.0114390850067138,0,True,73,33,True,16,64,2025-11-16 07:24:58
ba_32768_1_2.txt,barabasi_albert_10ins_m20,48,SpecAnn-64,0.3658664615902029,1.00000001,-8089119.000000001,0.0115609169006347,0,True,73,33,True,17,64,2025-11-16 07:24:58
ba_32768_1_2.txt,barabasi_albert_10ins_m20,48,SpecAnn-64,0.3764734830828951,1.00000001,-8114832.999999999,0.0114243030548095,0,True,73,33,True,18,64,2025-11-16 07:24:58
ba_32768_1_2.txt,barabasi_albert_10ins_m20,48,SpecAnn-64,0.3867897351437838,1.00000001,-8119689.000000002,0.0114681720733642,0,True,73,33,True,19,64,2025-11-16 07:24:58
ba_32768_1_2.txt,barabasi_albert_10ins_m20,48,SpecAnn-64,0.3968378950662725,1.00000001,-8107003.000000001,0.0114355087280273,0,True,73,33,True,20,64,2025-11-16 07:24:58
ba_32768_1_2.txt,barabasi_albert_10ins_m20,48,SpecAnn-64,0.4066378372811136,1.00000001,-8092589.000000001,0.0113687515258789,0,True,73,33,True,21,64,2025-11-16 07:24:58
ba_32768_1_2.txt,barabasi_albert_10ins_m20,48,SpecAnn-64,0.4162070956347247,1.00000001,-8077405.0,0.0114352703094482,0,True,73,33,True,22,64,2025-11-16 07:24:58
ba_32768_1_2.txt,barabasi_albert_10ins_m20,48,SpecAnn-64,0.4255612320274539,1.00000001,-8113403.000000001,0.0114791393280029,0,True,73,33,True,23,64,2025-11-16 07:24:58
ba_32768_1_2.txt,barabasi_albert_10ins_m20,48,SpecAnn-64,0.434714133601331,1.00000001,-8093747.000000001,0.0114529132843017,0,True,73,33,True,24,64,2025-11-16 07:24:58
ba_32768_1_2.txt,barabasi_albert_10ins_m20,48,SpecAnn-64,0.4436782547080569,1.00000001,-8088122.999999999,0.0114290714263916,0,True,73,33,True,25,64,2025-11-16 07:24:58
ba_32768_1_2.txt,barabasi_albert_10ins_m20,48,SpecAnn-64,0.4524648157026343,1.00000001,-8103482.999999998,0.011423110961914,0,True,73,33,True,26,64,2025-11-16 07:24:58
ba_32768_1_2.txt,barabasi_albert_10ins_m20,48,SpecAnn-64,0.4610839676207039,1.00000001,-8116865.000000001,0.0114483833312988,0,True,73,33,True,27,64,2025-11-16 07:24:58
ba_32768_1_2.txt,barabasi_albert_10ins_m20,48,SpecAnn-64,0.4695449296338763,1.00000001,-8152807.000000001,0.0115904808044433,0,True,73,33,True,28,64,2025-11-16 07:24:58
ba_32768_1_2.txt,barabasi_albert_10ins_m20,48,SpecAnn-64,0.4778561045889373,1.00000001,-8098818.999999998,0.0116782188415527,0,True,73,33,True,29,64,2025-11-16 07:24:58
ba_32768_1_2.txt,barabasi_albert_10ins_m20,48,SpecAnn-64,0.4860251767562508,1.00000001,-8137009.0,0.0116884708404541,0,True,73,33,True,30,64,2025-11-16 07:24:58
ba_32768_1_2.txt,barabasi_albert_10ins_m20,48,SpecAnn-64,0.4940591950252281,1.00000001,-8089715.000000002,0.011608600616455,0,True,73,33,True,31,64,2025-11-16 07:24:58
ba_32768_1_2.txt,barabasi_albert_10ins_m20,48,SpecAnn-64,0.5019646441105269,1.00000001,-8138337.0,0.0115058422088623,0,True,73,33,True,32,64,2025-11-16 07:24:58
ba_32768_1_2.txt,barabasi_albert_10ins_m20,48,SpecAnn-64,0.5097475058154177,1.00000001,-8114314.999999999,0.0114538669586181,0,True,73,33,True,33,64,2025-11-16 07:24:58
ba_32768_1_2.txt,barabasi_albert_10ins_m20,48,SpecAnn-64,0.51741331199832,1.00000001,-8090441.000000001,0.0115468502044677,0,True,73,33,True,34,64,2025-11-16 07:24:58
ba_32768_1_2.txt,barabasi_albert_10ins_m20,48,SpecAnn-64,0.5249671905758515,1.00000001,-8102737.0,0.0115053653717041,0,True,73,33,True,35,64,2025-11-16 07:24:58
ba_32768_1_2.txt,barabasi_albert_10ins_m20,48,SpecAnn-64,0.5324139056496683,1.00000001,-8072167.000000001,0.0114791393280029,0,True,73,33,True,36,64,2025-11-16 07:24:58
ba_32768_1_2.txt,barabasi_albert_10ins_m20,48,SpecAnn-64,0.5397578926492556,1.00000001,-8096357.000000001,0.0114545822143554,0,True,73,33,True,37,64,2025-11-16 07:24:58
ba_32768_1_2.txt,barabasi_albert_10ins_m20,48,SpecAnn-64,0.5470032892270364,1.00000001,-8091445.000000001,0.0114362239837646,0,True,73,33,True,38,64,2025-11-16 07:24:58
ba_32768_1_2.txt,barabasi_albert_10ins_m20,48,SpecAnn-64,0.554153962516942,1.00000001,-8119299.000000001,0.0114355087280273,0,True,73,33,True,39,64,2025-11-16 07:24:58
ba_32768_1_2.txt,barabasi_albert_10ins_m20,48,SpecAnn-64,0.5612135332663137,1.00000001,-8078213.000000001,0.0114362239837646,0,True,73,33,True,40,64,2025-11-16 07:24:58
ba_32768_1_2.txt,barabasi_albert_10ins_m20,48,SpecAnn-64,0.5681853972686127,1.00000001,-8098123.0,0.0114552974700927,0,True,73,33,True,41,64,2025-11-16 07:24:58
ba_32768_1_2.txt,barabasi_albert_10ins_m20,48,SpecAnn-64,0.5750727444570146,1.00000001,-8092301.000000001,0.0113673210144042,0,True,73,33,True,42,64,2025-11-16 07:24:58
ba_32768_1_2.txt,barabasi_albert_10ins_m20,48,SpecAnn-64,0.5818785759635375,1.00000001,-8123625.000000002,0.0114789009094238,0,True,73,33,True,43,64,2025-11-16 07:24:58
ba_32768_1_2.txt,barabasi_albert_10ins_m20,48,SpecAnn-64,0.5886057194025436,1.00000001,-8112627.0,0.011404275894165,0,True,73,33,True,44,64,2025-11-16 07:24:58
ba_32768_1_2.txt,barabasi_albert_10ins_m20,48,SpecAnn-64,0.5952568425994088,1.00000001,-8095680.999999999,0.0114562511444091,0,True,73,33,True,45,64,2025-11-16 07:24:58
ba_32768_1_2.txt,barabasi_albert_10ins_m20,48,SpecAnn-64,0.6018344659534288,1.00000001,-8097655.0,0.0113976001739501,0,True,73,33,True,46,64,2025-11-16 07:24:58
ba_32768_1_2.txt,barabasi_albert_10ins_m20,48,SpecAnn-64,0.6083409735974393,1.00000001,-8142057.000000001,0.0114519596099853,0,True,73,33,True,47,64,2025-11-16 07:24:58
ba_32768_1_2.txt,barabasi_albert_10ins_m20,48,SpecAnn-64,0.6147786234942719,1.00000001,-8117167.000000002,0.0114209651947021,0,True,73,33,True,48,64,2025-11-16 07:24:58
ba_32768_1_2.txt,barabasi_albert_10ins_m20,48,SpecAnn-64,0.6211495565912796,1.00000001,-8114314.999999999,0.0114133358001708,0,True,73,33,True,49,64,2025-11-16 07:24:58
ba_32768_1_2.txt,barabasi_albert_10ins_m20,48,SpecAnn-64,0.6274558051381586,1.00000001,-8125521.0,0.0113825798034667,0,True,73,33,True,50,64,2025-11-16 07:24:58
ba_32768_1_2.txt,barabasi_albert_10ins_m20,48,SpecAnn-64,0.6336993002596786,1.00000001,-8114247.000000001,0.0114400386810302,0,True,73,33,True,51,64,2025-11-16 07:24:58
ba_32768_1_2.txt,barabasi_albert_10ins_m20,48,SpecAnn-64,0.6398818788633085,1.00000001,-8126532.999999999,0.0114352703094482,0,True,73,33,True,52,64,2025-11-16 07:24:58
ba_32768_1_2.txt,barabasi_albert_10ins_m20,48,SpecAnn-64,0.6460052899517691,1.00000001,-8123355.000000001,0.0114200115203857,0,True,73,33,True,53,64,2025-11-16 07:24:58
ba_32768_1_2.txt,barabasi_albert_10ins_m20,48,SpecAnn-64,0.6520712004019966,1.00000001,-8067321.0,0.011418342590332,0,True,73,33,True,54,64,2025-11-16 07:24:58
ba_32768_1_2.txt,barabasi_albert_10ins_m20,48,SpecAnn-64,0.6580812002646271,1.00000001,-8105907.000000001,0.0114467144012451,0,True,73,33,True,55,64,2025-11-16 07:24:58
ba_32768_1_2.txt,barabasi_albert_10ins_m20,48,SpecAnn-64,0.6640368076317485,1.00000001,-8103721.0,0.0114707946777343,0,True,73,33,True,56,64,2025-11-16 07:24:58
ba_32768_1_2.txt,barabasi_albert_10ins_m20,48,SpecAnn-64,0.6699394731151429,1.00000001,-8096391.000000001,0.011667251586914,0,True,73,33,True,57,64,2025-11-16 07:24:58
ba_32768_1_2.txt,barabasi_albert_10ins_m20,48,SpecAnn-64,0.6757905839724513,1.00000001,-8120317.0,0.0116729736328125,0,True,73,33,True,58,64,2025-11-16 07:24:58
ba_32768_1_2.txt,barabasi_albert_10ins_m20,48,SpecAnn-64,0.6815914679145113,1.00000001,-8109465.000000001,0.0116848945617675,0,True,73,33,True,59,64,2025-11-16 07:24:58
ba_32768_1_2.txt,barabasi_albert_10ins_m20,48,SpecAnn-64,0.6873433966234707,1.00000001,-8109061.0,0.0116996765136718,0,True,73,33,True,60,64,2025-11-16 07:24:58
ba_32768_1_2.txt,barabasi_albert_10ins_m20,48,SpecAnn-64,0.6930475890080863,1.00000001,-8112157.000000001,0.0116558074951171,0,True,73,33,True,61,64,2025-11-16 07:24:58
ba_32768_1_2.txt,barabasi_albert_10ins_m20,48,SpecAnn-64,0.6987052142198116,1.00000001,-8104801.000000001,0.0114753246307373,0,True,73,33,True,62,64,2025-11-16 07:24:58
ba_32768_1_2.txt,barabasi_albert_10ins_m20,48,SpecAnn-64,0.7043173944508145,1.00000001,-8103486.999999999,0.0114262104034423,0,True,73,33,True,63,64,2025-11-16 07:24:58
ba_32768_1_2.txt,barabasi_albert_10ins_m20,48,SpecAnn-64,0.709885207532891,1.00000001,-8100495.000000001,0.0114426612854003,0,True,73,33,True,64,64,2025-11-16 07:24:58
ba_32768_1_2.txt,barabasi_albert_10ins_m20,48,SpecAnn-64,0.7154096893543218,1.00000001,-8095151.0,0.011409044265747,0,True,73,33,True,65,64,2025-11-16 07:24:58
ba_32768_1_2.txt,barabasi_albert_10ins_m20,48,SpecAnn-64,0.7208918361100219,1.00000001,-8117575.000000002,0.0114297866821289,0,True,73,33,True,66,64,2025-11-16 07:24:58
ba_32768_1_2.txt,barabasi_albert_10ins_m20,48,SpecAnn-64,0.7263326063988248,1.00000001,-8119178.999999999,0.0116045475006103,0,True,73,33,True,67,64,2025-11-16 07:24:58
ba_32768_1_2.txt,barabasi_albert_10ins_m20,48,SpecAnn-64,0.7317329231804058,1.00000001,-8106809.000000002,0.0116312503814697,0,True,73,33,True,68,64,2025-11-16 07:24:58
ba_32768_1_2.txt,barabasi_albert_10ins_m20,48,SpecAnn-64,0.7370936756031579,1.00000001,-8093739.000000001,0.01170015335083,0,True,73,33,True,69,64,2025-11-16 07:24:58
ba_32768_1_2.txt,barabasi_albert_10ins_m20,48,SpecAnn-64,0.7424157207132704,1.00000001,-8101825.000000002,0.011439561843872,0,True,73,33,True,70,64,2025-11-16 07:24:58
ba_32768_1_2.txt,barabasi_albert_10ins_m20,48,SpecAnn-64,0.7476998850543153,1.00000001,-8119741.000000001,0.0114214420318603,0,True,73,33,True,71,64,2025-11-16 07:24:58
ba_32768_1_2.txt,barabasi_albert_10ins_m20,48,SpecAnn-64,0.7529469661657903,1.00000001,-8106269.000000001,0.0114078521728515,0,True,73,33,True,72,64,2025-11-16 07:24:58
ba_32768_1_2.txt,barabasi_albert_10ins_m20,48,SpecAnn-64,0.7581577339883167,1.00000001,-8124509.000000001,0.0114660263061523,0,True,73,33,True,73,64,2025-11-16 07:24:58
ba_32768_1_2.txt,barabasi_albert_10ins_m20,48,SpecAnn-64,0.7633329321824984,1.00000001,-8133795.000000001,0.0114252567291259,0,True,73,33,True,74,64,2025-11-16 07:24:58
ba_32768_1_2.txt,barabasi_albert_10ins_m20,48,SpecAnn-64,0.7684732793678399,1.00000001,-8113177.0,0.0114097595214843,0,True,73,33,True,75,64,2025-11-16 07:24:58
ba_32768_1_2.txt,barabasi_albert_10ins_m20,48,SpecAnn-64,0.7735794702875677,1.00000001,-8131291.0,0.0113959312438964,0,True,73,33,True,76,64,2025-11-16 07:24:58
ba_32768_1_2.txt,barabasi_albert_10ins_m20,48,SpecAnn-64,0.7786521769046981,1.00000001,-8130225.0,0.0114247798919677,0,True,73,33,True,77,64,2025-11-16 07:24:58
ba_32768_1_2.txt,barabasi_albert_10ins_m20,48,SpecAnn-64,0.7836920494342511,1.00000001,-8125503.000000001,0.0114428997039794,0,True,73,33,True,78,64,2025-11-16 07:24:58
ba_32768_1_2.txt,barabasi_albert_10ins_m20,48,SpecAnn-64,0.788699717316095,1.00000001,-8115234.999999999,0.0114734172821044,0,True,73,33,True,79,64,2025-11-16 07:24:58
ba_32768_1_2.txt,barabasi_albert_10ins_m20,48,SpecAnn-64,0.7936757901325451,1.00000001,-8134119.000000001,0.0114095211029052,0,True,73,33,True,80,64,2025-11-16 07:24:58
ba_32768_1_2.txt,barabasi_albert_10ins_m20,48,SpecAnn-64,0.7986208584745024,1.00000001,-8133885.0,0.0114238262176513,0,True,73,33,True,81,64,2025-11-16 07:24:58
ba_32768_1_2.txt,barabasi_albert_10ins_m20,48,SpecAnn-64,0.803535494759617,1.00000001,-8127879.0,0.0114157199859619,0,True,73,33,True,82,64,2025-11-16 07:24:58
ba_32768_1_2.txt,barabasi_albert_10ins_m20,48,SpecAnn-64,0.8084202540056837,1.00000001,-8140499.0,0.0114405155181884,0,True,73,33,True,83,64,2025-11-16 07:24:58
ba_32768_1_2.txt,barabasi_albert_10ins_m20,48,SpecAnn-64,0.8132756745622272,1.00000001,-8143593.0,0.0114247798919677,0,True,73,33,True,84,64,2025-11-16 07:24:58
ba_32768_1_2.txt,barabasi_albert_10ins_m20,48,SpecAnn-64,0.8181022788030096,1.00000001,-8140215.000000002,0.0114529132843017,0,True,73,33,True,85,64,2025-11-16 07:24:58
ba_32768_1_2.txt,barabasi_albert_10ins_m20,48,SpecAnn-64,0.822900573781978,1.00000001,-8140269.0,0.0114886760711669,0,True,73,33,True,86,64,2025-11-16 07:24:58
ba_32768_1_2.txt,barabasi_albert_10ins_m20,48,SpecAnn-64,0.8276710518549868,1.00000001,-8109041.000000001,0.0115218162536621,0,True,73,33,True,87,64,2025-11-16 07:24:58
ba_32768_1_2.txt,barabasi_albert_10ins_m20,48,SpecAnn-64,0.8324141912694495,1.00000001,-8156549.0,0.0114896297454833,0,True,73,33,True,88,64,2025-11-16 07:24:58
ba_32768_1_2.txt,barabasi_albert_10ins_m20,48,SpecAnn-64,0.8371304567239225,1.00000001,-8147849.0,0.011507511138916,0,True,73,33,True,89,64,2025-11-16 07:24:58
ba_32768_1_2.txt,barabasi_albert_10ins_m20,48,SpecAnn-64,0.8418202998994706,1.00000001,-8142693.000000001,0.0115466117858886,0,True,73,33,True,90,64,2025-11-16 07:24:58
ba_32768_1_2.txt,barabasi_albert_10ins_m20,48,SpecAnn-64,0.846484159964536,1.00000001,-8158907.0,0.0115089416503906,0,True,73,33,True,91,64,2025-11-16 07:24:58
ba_32768_1_2.txt,barabasi_albert_10ins_m20,48,SpecAnn-64,0.8511224640549078,1.00000001,-8174671.0,0.0115067958831787,0,True,73,33,True,92,64,2025-11-16 07:24:58
ba_32768_1_2.txt,barabasi_albert_10ins_m20,48,SpecAnn-64,0.8557356277302758,1.00000001,-8176695.000000002,0.0114188194274902,0,True,73,33,True,93,64,2025-11-16 07:24:58
ba_32768_1_2.txt,barabasi_albert_10ins_m20,48,SpecAnn-64,0.8603240554087516,1.00000001,-8166747.000000002,0.0114381313323974,0,True,73,33,True,94,64,2025-11-16 07:24:58
ba_32768_1_2.txt,barabasi_albert_10ins_m20,48,SpecAnn-64,0.86488814078064,1.00000001,-8183057.0,0.011484146118164,0,True,73,33,True,95,64,2025-11-16 07:24:58
ba_32768_1_2.txt,barabasi_albert_10ins_m20,48,SpecAnn-64,0.8694282672026621,1.00000001,-8187981.0,0.0114264488220214,0,True,73,33,True,96,64,2025-11-16 07:24:58
ba_32768_1_2.txt,barabasi_albert_10ins_m20,48,SpecAnn-64,0.8739448080737451,1.00000001,-8199695.0,0.0114178657531738,0,True,73,33,True,97,64,2025-11-16 07:24:59
ba_32768_1_2.txt,barabasi_albert_10ins_m20,48,SpecAnn-64,0.878438127193422,1.00000001,-8193705.0,0.0114247798919677,0,True,73,33,True,98,64,2025-11-16 07:24:59
ba_32768_1_2.txt,barabasi_albert_10ins_m20,48,SpecAnn-64,0.8829085791038153,1.00000001,-8200914.999999999,0.0114965438842773,0,True,73,33,True,99,64,2025-11-16 07:24:59
ba_32768_1_2.txt,barabasi_albert_10ins_m20,48,SpecAnn-64,0.8873565094161138,1.00000001,-8219133.000000001,0.0114772319793701,0,True,73,33,True,100,64,2025-11-16 07:24:59
ba_32768_1_2.txt,barabasi_albert_10ins_m20,48,SpecAnn-64,0.8917822551223932,1.00000001,-8217864.999999999,0.0114755630493164,0,True,73,33,True,101,64,2025-11-16 07:24:59
ba_32768_1_2.txt,barabasi_albert_10ins_m20,48,SpecAnn-64,0.8961861448935777,1.00000001,-8257483.0,0.0114715099334716,0,True,73,33,True,102,64,2025-11-16 07:24:59
ba_32768_1_2.txt,barabasi_albert_10ins_m20,48,SpecAnn-64,0.9005684993642872,1.00000001,-8248355.0,0.0114541053771972,0,True,73,33,True,103,64,2025-11-16 07:24:59
ba_32768_1_2.txt,barabasi_albert_10ins_m20,48,SpecAnn-64,0.9049296314052688,1.00000001,-8257693.000000001,0.0115063190460205,0,True,73,33,True,104,64,2025-11-16 07:24:59
ba_32768_1_2.txt,barabasi_albert_10ins_m20,48,SpecAnn-64,0.9092698463840684,1.00000001,-8290912.999999999,0.0114421844482421,0,True,73,33,True,105,64,2025-11-16 07:24:59
ba_32768_1_2.txt,barabasi_albert_10ins_m20,48,SpecAnn-64,0.9135894424145556,1.00000001,-8270489.0,0.0218491554260253,0,True,73,65,True,106,64,2025-11-16 07:24:59
ba_32768_1_2.txt,barabasi_albert_10ins_m20,48,SpecAnn-64,0.9178887105958816,1.00000001,-8277831.000000001,0.0538725852966308,0,True,73,65,True,107,64,2025-11-16 07:24:59
ba_32768_1_2.txt,barabasi_albert_10ins_m20,48,SpecAnn-64,0.922167935241408,1.00000001,-8277313.000000001,0.0220952033996582,0,True,73,65,True,108,64,2025-11-16 07:24:59
ba_32768_1_2.txt,barabasi_albert_10ins_m20,48,SpecAnn-64,0.92642739409812,1.00000001,-8303463.0,0.0220348834991455,0,True,73,65,True,109,64,2025-11-16 07:24:59
ba_32768_1_2.txt,barabasi_albert_10ins_m20,48,SpecAnn-64,0.9306673585570006,1.00000001,-8315369.0,0.0222618579864501,0,True,73,65,True,110,64,2025-11-16 07:24:59
ba_32768_1_2.txt,barabasi_albert_10ins_m20,48,SpecAnn-64,0.9348880938548184,1.00000001,-8331037.000000001,0.0325672626495361,0,True,73,97,True,111,64,2025-11-16 07:24:59
ba_32768_1_2.txt,barabasi_albert_10ins_m20,48,SpecAnn-64,0.9390898592677528,1.00000001,-8348255.000000001,0.0426678657531738,0,True,73,129,True,112,64,2025-11-16 07:24:59
ba_32768_1_2.txt,barabasi_albert_10ins_m20,48,SpecAnn-64,0.9432729082972536,1.00000001,-8372207.0,0.0635888576507568,0,True,73,193,True,113,64,2025-11-16 07:24:59
ba_32768_1_2.txt,barabasi_albert_10ins_m20,48,SpecAnn-64,0.9474374888485204,1.00000001,-8372448.999999999,0.0947067737579345,0,True,73,289,True,114,64,2025-11-16 07:24:59
ba_32768_1_2.txt,barabasi_albert_10ins_m20,48,SpecAnn-64,0.9515838434019476,1.00000001,-8343065.0,0.1379263401031494,0,True,73,417,True,115,64,2025-11-16 07:24:59
ba_32768_1_2.txt,barabasi_albert_10ins_m20,48,SpecAnn-64,0.9557122091778746,1.00000001,-8336533.000000001,0.1159753799438476,0,True,73,353,True,116,64,2025-11-16 07:24:59
ba_32768_1_2.txt,barabasi_albert_10ins_m20,48,SpecAnn-64,0.9598228182949629,1.00000001,-8325728.999999998,0.0951359272003173,0,True,73,289,True,117,64,2025-11-16 07:24:59
ba_32768_1_2.txt,barabasi_albert_10ins_m20,48,SpecAnn-64,0.963915897922488,1.00000001,-8316489.000000001,0.0741229057312011,0,True,73,225,True,118,64,2025-11-16 07:24:59
ba_32768_1_2.txt,barabasi_albert_10ins_m20,48,SpecAnn-64,0.967991670426842,1.00000001,-8305151.0,0.074237585067749,0,True,73,225,True,119,64,2025-11-16 07:24:59
ba_32768_1_2.txt,barabasi_albert_10ins_m20,48,SpecAnn-64,0.9720503535125016,1.00000001,-8304102.999999999,0.0740828514099121,0,True,73,225,True,120,64,2025-11-16 07:25:00
ba_32768_1_2.txt,barabasi_albert_10ins_m20,48,SpecAnn-64,0.9760921603577252,1.00000001,-8287927.0,0.0740540027618408,0,True,73,225,True,121,64,2025-11-16 07:25:00
ba_32768_1_2.txt,barabasi_albert_10ins_m20,48,SpecAnn-64,0.9801172997452104,1.00000001,-8289277.000000001,0.0740039348602294,0,True,73,225,True,122,64,2025-11-16 07:25:00
ba_32768_1_2.txt,barabasi_albert_10ins_m20,48,SpecAnn-64,0.9841259761879442,1.00000001,-8295546.999999999,0.0639345645904541,0,True,73,193,True,123,64,2025-11-16 07:25:00
ba_32768_1_2.txt,barabasi_albert_10ins_m20,48,SpecAnn-64,0.9881183900504562,1.00000001,-8287757.0,0.0637793540954589,0,True,73,193,True,124,64,2025-11-16 07:25:00
ba_32768_1_2.txt,barabasi_albert_10ins_m20,48,SpecAnn-64,0.9920947376656812,1.00000001,-8284567.000000001,0.0634007453918457,0,True,73,193,True,125,64,2025-11-16 07:25:00
ba_32768_1_2.txt,barabasi_albert_10ins_m20,48,SpecAnn-64,0.9960552114476228,1.00000001,-8301765.0,0.0632972717285156,0,True,73,193,True,126,64,2025-11-16 07:25:00
ba_32768_1_2.txt,barabasi_albert_10ins_m20,48,SpecAnn-64,1.0,1.00000001,-8289829.000000001,0.0633463859558105,0,True,73,193,True,127,64,2025-11-16 07:25:00
ba_32768_1_2.txt,barabasi_albert_10ins_m20,49,SpecAnn-64,0.0,1.00000001,-8068059.000000001,0.0129878520965576,0,True,72,33,True,0,64,2025-11-16 07:25:00
ba_32768_1_2.txt,barabasi_albert_10ins_m20,49,SpecAnn-64,0.0887356509416113,1.00000001,-8085007.000000002,0.0115506649017333,0,True,72,33,True,1,64,2025-11-16 07:25:00
ba_32768_1_2.txt,barabasi_albert_10ins_m20,49,SpecAnn-64,0.1254911610276317,1.00000001,-8058427.000000001,0.0115392208099365,0,True,72,33,True,2,64,2025-11-16 07:25:00
ba_32768_1_2.txt,barabasi_albert_10ins_m20,49,SpecAnn-64,0.1536946558735679,1.00000001,-8075441.0,0.0114855766296386,0,True,72,33,True,3,64,2025-11-16 07:25:00
ba_32768_1_2.txt,barabasi_albert_10ins_m20,49,SpecAnn-64,0.1774713018832227,1.00000001,-8083281.000000001,0.0114517211914062,0,True,72,33,True,4,64,2025-11-16 07:25:00
ba_32768_1_2.txt,barabasi_albert_10ins_m20,49,SpecAnn-64,0.1984189475331362,1.00000001,-8064867.0,0.0114061832427978,0,True,72,33,True,5,64,2025-11-16 07:25:00
ba_32768_1_2.txt,barabasi_albert_10ins_m20,49,SpecAnn-64,0.2173570668006655,1.00000001,-8109127.000000001,0.011437177658081,0,True,72,33,True,6,64,2025-11-16 07:25:00
ba_32768_1_2.txt,barabasi_albert_10ins_m20,49,SpecAnn-64,0.2347724648169381,1.00000001,-8081091.0,0.0114479064941406,0,True,72,33,True,7,64,2025-11-16 07:25:00
ba_32768_1_2.txt,barabasi_albert_10ins_m20,49,SpecAnn-64,0.2509823220552634,1.00000001,-8076034.999999999,0.0113987922668457,0,True,72,33,True,8,64,2025-11-16 07:25:00
ba_32768_1_2.txt,barabasi_albert_10ins_m20,49,SpecAnn-64,0.2662069528248341,1.00000001,-8090837.000000001,0.0114715099334716,0,True,72,33,True,9,64,2025-11-16 07:25:00
ba_32768_1_2.txt,barabasi_albert_10ins_m20,49,SpecAnn-64,0.2806067666331568,1.00000001,-8100019.000000001,0.0114655494689941,0,True,72,33,True,10,64,2025-11-16 07:25:00
ba_32768_1_2.txt,barabasi_albert_10ins_m20,49,SpecAnn-64,0.2943028597012718,1.00000001,-8107973.0,0.0114037990570068,0,True,72,33,True,11,64,2025-11-16 07:25:00
ba_32768_1_2.txt,barabasi_albert_10ins_m20,49,SpecAnn-64,0.3073893117471359,1.00000001,-8092536.999999999,0.0114979743957519,0,True,72,33,True,12,64,2025-11-16 07:25:00
ba_32768_1_2.txt,barabasi_albert_10ins_m20,49,SpecAnn-64,0.3199409394316542,1.00000001,-8111269.0,0.0115230083465576,0,True,72,33,True,13,64,2025-11-16 07:25:00
ba_32768_1_2.txt,barabasi_albert_10ins_m20,49,SpecAnn-64,0.3320184038158743,1.00000001,-8082473.000000001,0.0114045143127441,0,True,72,33,True,14,64,2025-11-16 07:25:01
ba_32768_1_2.txt,barabasi_albert_10ins_m20,49,SpecAnn-64,0.3436716983117353,1.00000001,-8076727.000000001,0.011460542678833,0,True,72,33,True,15,64,2025-11-16 07:25:01
ba_32768_1_2.txt,barabasi_albert_10ins_m20,49,SpecAnn-64,0.3549426037664455,1.00000001,-8103479.0,0.0114285945892333,0,True,72,33,True,16,64,2025-11-16 07:25:01
ba_32768_1_2.txt,barabasi_albert_10ins_m20,49,SpecAnn-64,0.3658664615902029,1.00000001,-8120965.000000001,0.0114555358886718,0,True,72,33,True,17,64,2025-11-16 07:25:01
ba_32768_1_2.txt,barabasi_albert_10ins_m20,49,SpecAnn-64,0.3764734830828951,1.00000001,-8087339.000000001,0.0113611221313476,0,True,72,33,True,18,64,2025-11-16 07:25:01
ba_32768_1_2.txt,barabasi_albert_10ins_m20,49,SpecAnn-64,0.3867897351437838,1.00000001,-8095647.0,0.0114684104919433,0,True,72,33,True,19,64,2025-11-16 07:25:01
ba_32768_1_2.txt,barabasi_albert_10ins_m20,49,SpecAnn-64,0.3968378950662725,1.00000001,-8115123.000000001,0.0114362239837646,0,True,72,33,True,20,64,2025-11-16 07:25:01
ba_32768_1_2.txt,barabasi_albert_10ins_m20,49,SpecAnn-64,0.4066378372811136,1.00000001,-8107781.000000001,0.0113592147827148,0,True,72,33,True,21,64,2025-11-16 07:25:01
ba_32768_1_2.txt,barabasi_albert_10ins_m20,49,SpecAnn-64,0.4162070956347247,1.00000001,-8107699.000000001,0.0114939212799072,0,True,72,33,True,22,64,2025-11-16 07:25:01
ba_32768_1_2.txt,barabasi_albert_10ins_m20,49,SpecAnn-64,0.4255612320274539,1.00000001,-8072395.0,0.0115067958831787,0,True,72,33,True,23,64,2025-11-16 07:25:01
ba_32768_1_2.txt,barabasi_albert_10ins_m20,49,SpecAnn-64,0.434714133601331,1.00000001,-8092301.0,0.0114753246307373,0,True,72,33,True,24,64,2025-11-16 07:25:01
ba_32768_1_2.txt,barabasi_albert_10ins_m20,49,SpecAnn-64,0.4436782547080569,1.00000001,-8083983.0,0.011406660079956,0,True,72,33,True,25,64,2025-11-16 07:25:01
ba_32768_1_2.txt,barabasi_albert_10ins_m20,49,SpecAnn-64,0.4524648157026343,1.00000001,-8115779.000000002,0.0114912986755371,0,True,72,33,True,26,64,2025-11-16 07:25:01
ba_32768_1_2.txt,barabasi_albert_10ins_m20,49,SpecAnn-64,0.4610839676207039,1.00000001,-8090062.999999998,0.011432409286499,0,True,72,33,True,27,64,2025-11-16 07:25:01
ba_32768_1_2.txt,barabasi_albert_10ins_m20,49,SpecAnn-64,0.4695449296338763,1.00000001,-8110475.0,0.0114772319793701,0,True,72,33,True,28,64,2025-11-16 07:25:01
ba_32768_1_2.txt,barabasi_albert_10ins_m20,49,SpecAnn-64,0.4778561045889373,1.00000001,-8082376.999999999,0.0114426612854003,0,True,72,33,True,29,64,2025-11-16 07:25:01
ba_32768_1_2.txt,barabasi_albert_10ins_m20,49,SpecAnn-64,0.4860251767562508,1.00000001,-8082687.000000002,0.0113778114318847,0,True,72,33,True,30,64,2025-11-16 07:25:01
ba_32768_1_2.txt,barabasi_albert_10ins_m20,49,SpecAnn-64,0.4940591950252281,1.00000001,-8105977.000000002,0.0114550590515136,0,True,72,33,True,31,64,2025-11-16 07:25:01
ba_32768_1_2.txt,barabasi_albert_10ins_m20,49,SpecAnn-64,0.5019646441105269,1.00000001,-8095523.0,0.0114130973815917,0,True,72,33,True,32,64,2025-11-16 07:25:01
ba_32768_1_2.txt,barabasi_albert_10ins_m20,49,SpecAnn-64,0.5097475058154177,1.00000001,-8110851.000000001,0.0114977359771728,0,True,72,33,True,33,64,2025-11-16 07:25:01
ba_32768_1_2.txt,barabasi_albert_10ins_m20,49,SpecAnn-64,0.51741331199832,1.00000001,-8115080.999999998,0.0116181373596191,0,True,72,33,True,34,64,2025-11-16 07:25:01
ba_32768_1_2.txt,barabasi_albert_10ins_m20,49,SpecAnn-64,0.5249671905758515,1.00000001,-8112113.000000001,0.0116252899169921,0,True,72,33,True,35,64,2025-11-16 07:25:01
ba_32768_1_2.txt,barabasi_albert_10ins_m20,49,SpecAnn-64,0.5324139056496683,1.00000001,-8110353.0,0.0116450786590576,0,True,72,33,True,36,64,2025-11-16 07:25:01
ba_32768_1_2.txt,barabasi_albert_10ins_m20,49,SpecAnn-64,0.5397578926492556,1.00000001,-8092699.000000002,0.0114932060241699,0,True,72,33,True,37,64,2025-11-16 07:25:01
ba_32768_1_2.txt,barabasi_albert_10ins_m20,49,SpecAnn-64,0.5470032892270364,1.00000001,-8080782.999999999,0.0114071369171142,0,True,72,33,True,38,64,2025-11-16 07:25:01
ba_32768_1_2.txt,barabasi_albert_10ins_m20,49,SpecAnn-64,0.554153962516942,1.00000001,-8103817.0,0.01149582862854,0,True,72,33,True,39,64,2025-11-16 07:25:01
ba_32768_1_2.txt,barabasi_albert_10ins_m20,49,SpecAnn-64,0.5612135332663137,1.00000001,-8132163.000000001,0.0114498138427734,0,True,72,33,True,40,64,2025-11-16 07:25:01
ba_32768_1_2.txt,barabasi_albert_10ins_m20,49,SpecAnn-64,0.5681853972686127,1.00000001,-8106193.0,0.0113964080810546,0,True,72,33,True,41,64,2025-11-16 07:25:01
ba_32768_1_2.txt,barabasi_albert_10ins_m20,49,SpecAnn-64,0.5750727444570146,1.00000001,-8112893.0,0.011409044265747,0,True,72,33,True,42,64,2025-11-16 07:25:01
ba_32768_1_2.txt,barabasi_albert_10ins_m20,49,SpecAnn-64,0.5818785759635375,1.00000001,-8135925.0,0.0114820003509521,0,True,72,33,True,43,64,2025-11-16 07:25:01
ba_32768_1_2.txt,barabasi_albert_10ins_m20,49,SpecAnn-64,0.5886057194025436,1.00000001,-8124130.999999999,0.0114226341247558,0,True,72,33,True,44,64,2025-11-16 07:25:01
ba_32768_1_2.txt,barabasi_albert_10ins_m20,49,SpecAnn-64,0.5952568425994088,1.00000001,-8089703.000000001,0.0114481449127197,0,True,72,33,True,45,64,2025-11-16 07:25:01
ba_32768_1_2.txt,barabasi_albert_10ins_m20,49,SpecAnn-64,0.6018344659534288,1.00000001,-8089192.999999999,0.0114295482635498,0,True,72,33,True,46,64,2025-11-16 07:25:01
ba_32768_1_2.txt,barabasi_albert_10ins_m20,49,SpecAnn-64,0.6083409735974393,1.00000001,-8116024.999999999,0.0114097595214843,0,True,72,33,True,47,64,2025-11-16 07:25:01
ba_32768_1_2.txt,barabasi_albert_10ins_m20,49,SpecAnn-64,0.6147786234942719,1.00000001,-8113057.000000001,0.0114548206329345,0,True,72,33,True,48,64,2025-11-16 07:25:01
ba_32768_1_2.txt,barabasi_albert_10ins_m20,49,SpecAnn-64,0.6211495565912796,1.00000001,-8091197.0,0.0114481449127197,0,True,72,33,True,49,64,2025-11-16 07:25:01
ba_32768_1_2.txt,barabasi_albert_10ins_m20,49,SpecAnn-64,0.6274558051381586,1.00000001,-8079547.0,0.011415958404541,0,True,72,33,True,50,64,2025-11-16 07:25:01
ba_32768_1_2.txt,barabasi_albert_10ins_m20,49,SpecAnn-64,0.6336993002596786,1.00000001,-8130593.0,0.0114226341247558,0,True,72,33,True,51,64,2025-11-16 07:25:01
ba_32768_1_2.txt,barabasi_albert_10ins_m20,49,SpecAnn-64,0.6398818788633085,1.00000001,-8116575.000000001,0.0113985538482666,0,True,72,33,True,52,64,2025-11-16 07:25:01
ba_32768_1_2.txt,barabasi_albert_10ins_m20,49,SpecAnn-64,0.6460052899517691,1.00000001,-8106463.000000001,0.0113635063171386,0,True,72,33,True,53,64,2025-11-16 07:25:01
ba_32768_1_2.txt,barabasi_albert_10ins_m20,49,SpecAnn-64,0.6520712004019966,1.00000001,-8100245.0,0.0113868713378906,0,True,72,33,True,54,64,2025-11-16 07:25:01
ba_32768_1_2.txt,barabasi_albert_10ins_m20,49,SpecAnn-64,0.6580812002646271,1.00000001,-8114177.000000002,0.0113894939422607,0,True,72,33,True,55,64,2025-11-16 07:25:01
ba_32768_1_2.txt,barabasi_albert_10ins_m20,49,SpecAnn-64,0.6640368076317485,1.00000001,-8111559.0,0.0114443302154541,0,True,72,33,True,56,64,2025-11-16 07:25:01
ba_32768_1_2.txt,barabasi_albert_10ins_m20,49,SpecAnn-64,0.6699394731151429,1.00000001,-8117331.0,0.0114293098449707,0,True,72,33,True,57,64,2025-11-16 07:25:01
ba_32768_1_2.txt,barabasi_albert_10ins_m20,49,SpecAnn-64,0.6757905839724513,1.00000001,-8099515.000000001,0.0113983154296875,0,True,72,33,True,58,64,2025-11-16 07:25:01
ba_32768_1_2.txt,barabasi_albert_10ins_m20,49,SpecAnn-64,0.6815914679145113,1.00000001,-8095411.000000002,0.0114412307739257,0,True,72,33,True,59,64,2025-11-16 07:25:01
ba_32768_1_2.txt,barabasi_albert_10ins_m20,49,SpecAnn-64,0.6873433966234707,1.00000001,-8086559.000000001,0.0113747119903564,0,True,72,33,True,60,64,2025-11-16 07:25:01
ba_32768_1_2.txt,barabasi_albert_10ins_m20,49,SpecAnn-64,0.6930475890080863,1.00000001,-8117033.000000002,0.0114233493804931,0,True,72,33,True,61,64,2025-11-16 07:25:01
ba_32768_1_2.txt,barabasi_albert_10ins_m20,49,SpecAnn-64,0.6987052142198116,1.00000001,-8099328.999999999,0.0115966796875,0,True,72,33,True,62,64,2025-11-16 07:25:01
ba_32768_1_2.txt,barabasi_albert_10ins_m20,49,SpecAnn-64,0.7043173944508145,1.00000001,-8125965.0,0.0114026069641113,0,True,72,33,True,63,64,2025-11-16 07:25:01
ba_32768_1_2.txt,barabasi_albert_10ins_m20,49,SpecAnn-64,0.709885207532891,1.00000001,-8100733.0,0.0115132331848144,0,True,72,33,True,64,64,2025-11-16 07:25:01
ba_32768_1_2.txt,barabasi_albert_10ins_m20,49,SpecAnn-64,0.7154096893543218,1.00000001,-8078961.000000001,0.011714220046997,0,True,72,33,True,65,64,2025-11-16 07:25:01
ba_32768_1_2.txt,barabasi_albert_10ins_m20,49,SpecAnn-64,0.7208918361100219,1.00000001,-8115705.0,0.0116002559661865,0,True,72,33,True,66,64,2025-11-16 07:25:01
ba_32768_1_2.txt,barabasi_albert_10ins_m20,49,SpecAnn-64,0.7263326063988248,1.00000001,-8118939.0,0.0116195678710937,0,True,72,33,True,67,64,2025-11-16 07:25:01
ba_32768_1_2.txt,barabasi_albert_10ins_m20,49,SpecAnn-64,0.7317329231804058,1.00000001,-8083525.0,0.0115656852722167,0,True,72,33,True,68,64,2025-11-16 07:25:01
ba_32768_1_2.txt,barabasi_albert_10ins_m20,49,SpecAnn-64,0.7370936756031579,1.00000001,-8130677.0,0.0113708972930908,0,True,72,33,True,69,64,2025-11-16 07:25:01
ba_32768_1_2.txt,barabasi_albert_10ins_m20,49,SpecAnn-64,0.7424157207132704,1.00000001,-8120773.000000001,0.0113883018493652,0,True,72,33,True,70,64,2025-11-16 07:25:01
ba_32768_1_2.txt,barabasi_albert_10ins_m20,49,SpecAnn-64,0.7476998850543153,1.00000001,-8107555.0,0.01133394241333,0,True,72,33,True,71,64,2025-11-16 07:25:01
ba_32768_1_2.txt,barabasi_albert_10ins_m20,49,SpecAnn-64,0.7529469661657903,1.00000001,-8128165.000000001,0.0114040374755859,0,True,72,33,True,72,64,2025-11-16 07:25:01
ba_32768_1_2.txt,barabasi_albert_10ins_m20,49,SpecAnn-64,0.7581577339883167,1.00000001,-8108827.000000001,0.0114541053771972,0,True,72,33,True,73,64,2025-11-16 07:25:01
ba_32768_1_2.txt,barabasi_albert_10ins_m20,49,SpecAnn-64,0.7633329321824984,1.00000001,-8085833.000000001,0.0114717483520507,0,True,72,33,True,74,64,2025-11-16 07:25:01
ba_32768_1_2.txt,barabasi_albert_10ins_m20,49,SpecAnn-64,0.7684732793678399,1.00000001,-8100569.0,0.0114345550537109,0,True,72,33,True,75,64,2025-11-16 07:25:01
ba_32768_1_2.txt,barabasi_albert_10ins_m20,49,SpecAnn-64,0.7735794702875677,1.00000001,-8113892.999999999,0.0114185810089111,0,True,72,33,True,76,64,2025-11-16 07:25:01
ba_32768_1_2.txt,barabasi_albert_10ins_m20,49,SpecAnn-64,0.7786521769046981,1.00000001,-8123796.999999999,0.0114099979400634,0,True,72,33,True,77,64,2025-11-16 07:25:01
ba_32768_1_2.txt,barabasi_albert_10ins_m20,49,SpecAnn-64,0.7836920494342511,1.00000001,-8131117.000000001,0.0113909244537353,0,True,72,33,True,78,64,2025-11-16 07:25:01
ba_32768_1_2.txt,barabasi_albert_10ins_m20,49,SpecAnn-64,0.788699717316095,1.00000001,-8127513.000000001,0.0114126205444335,0,True,72,33,True,79,64,2025-11-16 07:25:01
ba_32768_1_2.txt,barabasi_albert_10ins_m20,49,SpecAnn-64,0.7936757901325451,1.00000001,-8140407.000000001,0.0114212036132812,0,True,72,33,True,80,64,2025-11-16 07:25:01
ba_32768_1_2.txt,barabasi_albert_10ins_m20,49,SpecAnn-64,0.7986208584745024,1.00000001,-8132161.0,0.0114359855651855,0,True,72,33,True,81,64,2025-11-16 07:25:01
ba_32768_1_2.txt,barabasi_albert_10ins_m20,49,SpecAnn-64,0.803535494759617,1.00000001,-8145371.0,0.0114290714263916,0,True,72,33,True,82,64,2025-11-16 07:25:01
ba_32768_1_2.txt,barabasi_albert_10ins_m20,49,SpecAnn-64,0.8084202540056837,1.00000001,-8117664.999999999,0.0114555358886718,0,True,72,33,True,83,64,2025-11-16 07:25:01
ba_32768_1_2.txt,barabasi_albert_10ins_m20,49,SpecAnn-64,0.8132756745622272,1.00000001,-8145671.000000002,0.0114202499389648,0,True,72,33,True,84,64,2025-11-16 07:25:01
ba_32768_1_2.txt,barabasi_albert_10ins_m20,49,SpecAnn-64,0.8181022788030096,1.00000001,-8140477.000000001,0.0114166736602783,0,True,72,33,True,85,64,2025-11-16 07:25:01
ba_32768_1_2.txt,barabasi_albert_10ins_m20,49,SpecAnn-64,0.822900573781978,1.00000001,-8153441.000000002,0.0113930702209472,0,True,72,33,True,86,64,2025-11-16 07:25:01
ba_32768_1_2.txt,barabasi_albert_10ins_m20,49,SpecAnn-64,0.8276710518549868,1.00000001,-8164843.000000001,0.0114696025848388,0,True,72,33,True,87,64,2025-11-16 07:25:01
ba_32768_1_2.txt,barabasi_albert_10ins_m20,49,SpecAnn-64,0.8324141912694495,1.00000001,-8128851.0,0.0115010738372802,0,True,72,33,True,88,64,2025-11-16 07:25:01
ba_32768_1_2.txt,barabasi_albert_10ins_m20,49,SpecAnn-64,0.8371304567239225,1.00000001,-8140034.999999999,0.0115015506744384,0,True,72,33,True,89,64,2025-11-16 07:25:01
ba_32768_1_2.txt,barabasi_albert_10ins_m20,49,SpecAnn-64,0.8418202998994706,1.00000001,-8140715.0,0.0115320682525634,0,True,72,33,True,90,64,2025-11-16 07:25:01
ba_32768_1_2.txt,barabasi_albert_10ins_m20,49,SpecAnn-64,0.846484159964536,1.00000001,-8146159.0,0.0114765167236328,0,True,72,33,True,91,64,2025-11-16 07:25:01
ba_32768_1_2.txt,barabasi_albert_10ins_m20,49,SpecAnn-64,0.8511224640549078,1.00000001,-8158573.0,0.0115292072296142,0,True,72,33,True,92,64,2025-11-16 07:25:01
ba_32768_1_2.txt,barabasi_albert_10ins_m20,49,SpecAnn-64,0.8557356277302758,1.00000001,-8182201.000000001,0.011397361755371,0,True,72,33,True,93,64,2025-11-16 07:25:01
ba_32768_1_2.txt,barabasi_albert_10ins_m20,49,SpecAnn-64,0.8603240554087516,1.00000001,-8159763.0,0.0114171504974365,0,True,72,33,True,94,64,2025-11-16 07:25:01
ba_32768_1_2.txt,barabasi_albert_10ins_m20,49,SpecAnn-64,0.86488814078064,1.00000001,-8182598.999999999,0.0114126205444335,0,True,72,33,True,95,64,2025-11-16 07:25:01
ba_32768_1_2.txt,barabasi_albert_10ins_m20,49,SpecAnn-64,0.8694282672026621,1.00000001,-8218417.000000001,0.0114281177520751,0,True,72,33,True,96,64,2025-11-16 07:25:01
ba_32768_1_2.txt,barabasi_albert_10ins_m20,49,SpecAnn-64,0.8739448080737451,1.00000001,-8210517.000000001,0.0114107131958007,0,True,72,33,True,97,64,2025-11-16 07:25:01
ba_32768_1_2.txt,barabasi_albert_10ins_m20,49,SpecAnn-64,0.878438127193422,1.00000001,-8201927.0,0.0114331245422363,0,True,72,33,True,98,64,2025-11-16 07:25:01
ba_32768_1_2.txt,barabasi_albert_10ins_m20,49,SpecAnn-64,0.8829085791038153,1.00000001,-8211525.0,0.0114405155181884,0,True,72,33,True,99,64,2025-11-16 07:25:01
ba_32768_1_2.txt,barabasi_albert_10ins_m20,49,SpecAnn-64,0.8873565094161138,1.00000001,-8220763.0,0.0114398002624511,0,True,72,33,True,100,64,2025-11-16 07:25:01
ba_32768_1_2.txt,barabasi_albert_10ins_m20,49,SpecAnn-64,0.8917822551223932,1.00000001,-8232435.0,0.0114729404449462,0,True,72,33,True,101,64,2025-11-16 07:25:01
ba_32768_1_2.txt,barabasi_albert_10ins_m20,49,SpecAnn-64,0.8961861448935777,1.00000001,-8247795.000000001,0.0114655494689941,0,True,72,33,True,102,64,2025-11-16 07:25:02
ba_32768_1_2.txt,barabasi_albert_10ins_m20,49,SpecAnn-64,0.9005684993642872,1.00000001,-8234485.0,0.0114531517028808,0,True,72,33,True,103,64,2025-11-16 07:25:02
ba_32768_1_2.txt,barabasi_albert_10ins_m20,49,SpecAnn-64,0.9049296314052688,1.00000001,-8262851.000000002,0.0114941596984863,0,True,72,33,True,104,64,2025-11-16 07:25:02
ba_32768_1_2.txt,barabasi_albert_10ins_m20,49,SpecAnn-64,0.9092698463840684,1.00000001,-8291528.999999999,0.0114667415618896,0,True,72,33,True,105,64,2025-11-16 07:25:02
ba_32768_1_2.txt,barabasi_albert_10ins_m20,49,SpecAnn-64,0.9135894424145556,1.00000001,-8284163.0,0.0218832492828369,0,True,72,65,True,106,64,2025-11-16 07:25:02
ba_32768_1_2.txt,barabasi_albert_10ins_m20,49,SpecAnn-64,0.9178887105958816,1.00000001,-8276149.000000001,0.0219142436981201,0,True,72,65,True,107,64,2025-11-16 07:25:02
ba_32768_1_2.txt,barabasi_albert_10ins_m20,49,SpecAnn-64,0.922167935241408,1.00000001,-8295783.000000001,0.021803855895996,0,True,72,65,True,108,64,2025-11-16 07:25:02
ba_32768_1_2.txt,barabasi_albert_10ins_m20,49,SpecAnn-64,0.92642739409812,1.00000001,-8320903.000000002,0.0217523574829101,0,True,72,65,True,109,64,2025-11-16 07:25:02
ba_32768_1_2.txt,barabasi_albert_10ins_m20,49,SpecAnn-64,0.9306673585570006,1.00000001,-8304899.0,0.0218026638031005,0,True,72,65,True,110,64,2025-11-16 07:25:02
ba_32768_1_2.txt,barabasi_albert_10ins_m20,49,SpecAnn-64,0.9348880938548184,1.00000001,-8328183.0,0.032109260559082,0,True,72,97,True,111,64,2025-11-16 07:25:02
ba_32768_1_2.txt,barabasi_albert_10ins_m20,49,SpecAnn-64,0.9390898592677528,1.00000001,-8352961.000000001,0.0427966117858886,0,True,72,129,True,112,64,2025-11-16 07:25:02
ba_32768_1_2.txt,barabasi_albert_10ins_m20,49,SpecAnn-64,0.9432729082972536,1.00000001,-8378229.0,0.0638813972473144,0,True,72,193,True,113,64,2025-11-16 07:25:02
ba_32768_1_2.txt,barabasi_albert_10ins_m20,49,SpecAnn-64,0.9474374888485204,1.00000001,-8366477.0,0.0943512916564941,0,True,72,289,True,114,64,2025-11-16 07:25:02
ba_32768_1_2.txt,barabasi_albert_10ins_m20,49,SpecAnn-64,0.9515838434019476,1.00000001,-8349477.000000001,0.1355140209197998,0,True,72,417,True,115,64,2025-11-16 07:25:02
ba_32768_1_2.txt,barabasi_albert_10ins_m20,49,SpecAnn-64,0.9557122091778746,1.00000001,-8341567.000000001,0.1161634922027587,0,True,72,353,True,116,64,2025-11-16 07:25:02
ba_32768_1_2.txt,barabasi_albert_10ins_m20,49,SpecAnn-64,0.9598228182949629,1.00000001,-8319279.0,0.0951044559478759,0,True,72,289,True,117,64,2025-11-16 07:25:02
ba_32768_1_2.txt,barabasi_albert_10ins_m20,49,SpecAnn-64,0.963915897922488,1.00000001,-8324495.000000002,0.0737907886505127,0,True,72,225,True,118,64,2025-11-16 07:25:02
ba_32768_1_2.txt,barabasi_albert_10ins_m20,49,SpecAnn-64,0.967991670426842,1.00000001,-8285377.0,0.0738434791564941,0,True,72,225,True,119,64,2025-11-16 07:25:02
ba_32768_1_2.txt,barabasi_albert_10ins_m20,49,SpecAnn-64,0.9720503535125016,1.00000001,-8302358.999999999,0.074023962020874,0,True,72,225,True,120,64,2025-11-16 07:25:02
ba_32768_1_2.txt,barabasi_albert_10ins_m20,49,SpecAnn-64,0.9760921603577252,1.00000001,-8299703.0,0.0738000869750976,0,True,72,225,True,121,64,2025-11-16 07:25:03
ba_32768_1_2.txt,barabasi_albert_10ins_m20,49,SpecAnn-64,0.9801172997452104,1.00000001,-8297858.999999999,0.0738008022308349,0,True,72,225,True,122,64,2025-11-16 07:25:03
ba_32768_1_2.txt,barabasi_albert_10ins_m20,49,SpecAnn-64,0.9841259761879442,1.00000001,-8279677.0,0.0632970333099365,0,True,72,193,True,123,64,2025-11-16 07:25:03
ba_32768_1_2.txt,barabasi_albert_10ins_m20,49,SpecAnn-64,0.9881183900504562,1.00000001,-8287031.0,0.0637891292572021,0,True,72,193,True,124,64,2025-11-16 07:25:03
ba_32768_1_2.txt,barabasi_albert_10ins_m20,49,SpecAnn-64,0.9920947376656812,1.00000001,-8289815.000000001,0.0637502670288086,0,True,72,193,True,125,64,2025-11-16 07:25:03
ba_32768_1_2.txt,barabasi_albert_10ins_m20,49,SpecAnn-64,0.9960552114476228,1.00000001,-8281291.0,0.0637335777282714,0,True,72,193,True,126,64,2025-11-16 07:25:03
ba_32768_1_2.txt,barabasi_albert_10ins_m20,49,SpecAnn-64,1.0,1.00000001,-8287744.999999999,0.0635321140289306,0,True,72,193,True,127,64,2025-11-16 07:25:03
ba_32768_1_2.txt,barabasi_albert_10ins_m20,50,SpecAnn-64,0.0,1.00000001,-8095045.000000001,0.0128760337829589,0,True,75,33,True,0,64,2025-11-16 07:25:03
ba_32768_1_2.txt,barabasi_albert_10ins_m20,50,SpecAnn-64,0.0887356509416113,1.00000001,-8083561.0,0.0115664005279541,0,True,75,33,True,1,64,2025-11-16 07:25:03
ba_32768_1_2.txt,barabasi_albert_10ins_m20,50,SpecAnn-64,0.1254911610276317,1.00000001,-8080451.000000001,0.0115070343017578,0,True,75,33,True,2,64,2025-11-16 07:25:03
ba_32768_1_2.txt,barabasi_albert_10ins_m20,50,SpecAnn-64,0.1536946558735679,1.00000001,-8106199.0,0.0114428997039794,0,True,75,33,True,3,64,2025-11-16 07:25:03
ba_32768_1_2.txt,barabasi_albert_10ins_m20,50,SpecAnn-64,0.1774713018832227,1.00000001,-8103187.0,0.0114815235137939,0,True,75,33,True,4,64,2025-11-16 07:25:03
ba_32768_1_2.txt,barabasi_albert_10ins_m20,50,SpecAnn-64,0.1984189475331362,1.00000001,-8090843.0,0.0113942623138427,0,True,75,33,True,5,64,2025-11-16 07:25:03
ba_32768_1_2.txt,barabasi_albert_10ins_m20,50,SpecAnn-64,0.2173570668006655,1.00000001,-8099053.000000001,0.0114030838012695,0,True,75,33,True,6,64,2025-11-16 07:25:03
ba_32768_1_2.txt,barabasi_albert_10ins_m20,50,SpecAnn-64,0.2347724648169381,1.00000001,-8096737.000000002,0.0113914012908935,0,True,75,33,True,7,64,2025-11-16 07:25:03
ba_32768_1_2.txt,barabasi_albert_10ins_m20,50,SpecAnn-64,0.2509823220552634,1.00000001,-8109493.0,0.0114264488220214,0,True,75,33,True,8,64,2025-11-16 07:25:03
ba_32768_1_2.txt,barabasi_albert_10ins_m20,50,SpecAnn-64,0.2662069528248341,1.00000001,-8109823.0,0.0114901065826416,0,True,75,33,True,9,64,2025-11-16 07:25:03
ba_32768_1_2.txt,barabasi_albert_10ins_m20,50,SpecAnn-64,0.2806067666331568,1.00000001,-8090035.000000002,0.0114433765411376,0,True,75,33,True,10,64,2025-11-16 07:25:03
ba_32768_1_2.txt,barabasi_albert_10ins_m20,50,SpecAnn-64,0.2943028597012718,1.00000001,-8091754.999999999,0.0113768577575683,0,True,75,33,True,11,64,2025-11-16 07:25:03
ba_32768_1_2.txt,barabasi_albert_10ins_m20,50,SpecAnn-64,0.3073893117471359,1.00000001,-8120815.0,0.0115132331848144,0,True,75,33,True,12,64,2025-11-16 07:25:03
ba_32768_1_2.txt,barabasi_albert_10ins_m20,50,SpecAnn-64,0.3199409394316542,1.00000001,-8108609.0,0.0113818645477294,0,True,75,33,True,13,64,2025-11-16 07:25:03
ba_32768_1_2.txt,barabasi_albert_10ins_m20,50,SpecAnn-64,0.3320184038158743,1.00000001,-8107599.000000001,0.011364459991455,0,True,75,33,True,14,64,2025-11-16 07:25:03
ba_32768_1_2.txt,barabasi_albert_10ins_m20,50,SpecAnn-64,0.3436716983117353,1.00000001,-8104601.000000001,0.0113468170166015,0,True,75,33,True,15,64,2025-11-16 07:25:03
ba_32768_1_2.txt,barabasi_albert_10ins_m20,50,SpecAnn-64,0.3549426037664455,1.00000001,-8111793.000000001,0.0113921165466308,0,True,75,33,True,16,64,2025-11-16 07:25:03
ba_32768_1_2.txt,barabasi_albert_10ins_m20,50,SpecAnn-64,0.3658664615902029,1.00000001,-8101345.000000002,0.0114130973815917,0,True,75,33,True,17,64,2025-11-16 07:25:03
ba_32768_1_2.txt,barabasi_albert_10ins_m20,50,SpecAnn-64,0.3764734830828951,1.00000001,-8099857.0,0.0114228725433349,0,True,75,33,True,18,64,2025-11-16 07:25:03
ba_32768_1_2.txt,barabasi_albert_10ins_m20,50,SpecAnn-64,0.3867897351437838,1.00000001,-8106610.999999999,0.0114045143127441,0,True,75,33,True,19,64,2025-11-16 07:25:03
ba_32768_1_2.txt,barabasi_albert_10ins_m20,50,SpecAnn-64,0.3968378950662725,1.00000001,-8122929.0,0.0114319324493408,0,True,75,33,True,20,64,2025-11-16 07:25:03
ba_32768_1_2.txt,barabasi_albert_10ins_m20,50,SpecAnn-64,0.4066378372811136,1.00000001,-8122619.000000001,0.0114302635192871,0,True,75,33,True,21,64,2025-11-16 07:25:03
ba_32768_1_2.txt,barabasi_albert_10ins_m20,50,SpecAnn-64,0.4162070956347247,1.00000001,-8106911.000000002,0.0114047527313232,0,True,75,33,True,22,64,2025-11-16 07:25:03
ba_32768_1_2.txt,barabasi_albert_10ins_m20,50,SpecAnn-64,0.4255612320274539,1.00000001,-8133860.999999999,0.01141357421875,0,True,75,33,True,23,64,2025-11-16 07:25:04
ba_32768_1_2.txt,barabasi_albert_10ins_m20,50,SpecAnn-64,0.434714133601331,1.00000001,-8099210.999999999,0.0113992691040039,0,True,75,33,True,24,64,2025-11-16 07:25:04
ba_32768_1_2.txt,barabasi_albert_10ins_m20,50,SpecAnn-64,0.4436782547080569,1.00000001,-8100095.000000001,0.0114665031433105,0,True,75,33,True,25,64,2025-11-16 07:25:04
ba_32768_1_2.txt,barabasi_albert_10ins_m20,50,SpecAnn-64,0.4524648157026343,1.00000001,-8121913.0,0.0116007328033447,0,True,75,33,True,26,64,2025-11-16 07:25:04
ba_32768_1_2.txt,barabasi_albert_10ins_m20,50,SpecAnn-64,0.4610839676207039,1.00000001,-8088869.0,0.0113635063171386,0,True,75,33,True,27,64,2025-11-16 07:25:04
ba_32768_1_2.txt,barabasi_albert_10ins_m20,50,SpecAnn-64,0.4695449296338763,1.00000001,-8107231.0,0.0114343166351318,0,True,75,33,True,28,64,2025-11-16 07:25:04
ba_32768_1_2.txt,barabasi_albert_10ins_m20,50,SpecAnn-64,0.4778561045889373,1.00000001,-8116389.0,0.0114607810974121,0,True,75,33,True,29,64,2025-11-16 07:25:04
ba_32768_1_2.txt,barabasi_albert_10ins_m20,50,SpecAnn-64,0.4860251767562508,1.00000001,-8079033.000000001,0.0114789009094238,0,True,75,33,True,30,64,2025-11-16 07:25:04
ba_32768_1_2.txt,barabasi_albert_10ins_m20,50,SpecAnn-64,0.4940591950252281,1.00000001,-8134537.000000001,0.0114762783050537,0,True,75,33,True,31,64,2025-11-16 07:25:04
ba_32768_1_2.txt,barabasi_albert_10ins_m20,50,SpecAnn-64,0.5019646441105269,1.00000001,-8125851.0,0.0115418434143066,0,True,75,33,True,32,64,2025-11-16 07:25:04
ba_32768_1_2.txt,barabasi_albert_10ins_m20,50,SpecAnn-64,0.5097475058154177,1.00000001,-8089617.000000001,0.0114567279815673,0,True,75,33,True,33,64,2025-11-16 07:25:04
ba_32768_1_2.txt,barabasi_albert_10ins_m20,50,SpecAnn-64,0.51741331199832,1.00000001,-8110637.000000001,0.011521577835083,0,True,75,33,True,34,64,2025-11-16 07:25:04
ba_32768_1_2.txt,barabasi_albert_10ins_m20,50,SpecAnn-64,0.5249671905758515,1.00000001,-8095991.000000001,0.0113880634307861,0,True,75,33,True,35,64,2025-11-16 07:25:04
ba_32768_1_2.txt,barabasi_albert_10ins_m20,50,SpecAnn-64,0.5324139056496683,1.00000001,-8125173.0,0.0114154815673828,0,True,75,33,True,36,64,2025-11-16 07:25:04
ba_32768_1_2.txt,barabasi_albert_10ins_m20,50,SpecAnn-64,0.5397578926492556,1.00000001,-8124571.000000001,0.0114290714263916,0,True,75,33,True,37,64,2025-11-16 07:25:04
ba_32768_1_2.txt,barabasi_albert_10ins_m20,50,SpecAnn-64,0.5470032892270364,1.00000001,-8126225.0,0.0113999843597412,0,True,75,33,True,38,64,2025-11-16 07:25:04
ba_32768_1_2.txt,barabasi_albert_10ins_m20,50,SpecAnn-64,0.554153962516942,1.00000001,-8115747.000000001,0.0114662647247314,0,True,75,33,True,39,64,2025-11-16 07:25:04
ba_32768_1_2.txt,barabasi_albert_10ins_m20,50,SpecAnn-64,0.5612135332663137,1.00000001,-8117841.0,0.0114002227783203,0,True,75,33,True,40,64,2025-11-16 07:25:04
ba_32768_1_2.txt,barabasi_albert_10ins_m20,50,SpecAnn-64,0.5681853972686127,1.00000001,-8113450.999999999,0.0114331245422363,0,True,75,33,True,41,64,2025-11-16 07:25:04
ba_32768_1_2.txt,barabasi_albert_10ins_m20,50,SpecAnn-64,0.5750727444570146,1.00000001,-8093867.000000002,0.0115842819213867,0,True,75,33,True,42,64,2025-11-16 07:25:04
ba_32768_1_2.txt,barabasi_albert_10ins_m20,50,SpecAnn-64,0.5818785759635375,1.00000001,-8088119.0,0.0116493701934814,0,True,75,33,True,43,64,2025-11-16 07:25:04
ba_32768_1_2.txt,barabasi_albert_10ins_m20,50,SpecAnn-64,0.5886057194025436,1.00000001,-8118469.000000001,0.01165771484375,0,True,75,33,True,44,64,2025-11-16 07:25:04
ba_32768_1_2.txt,barabasi_albert_10ins_m20,50,SpecAnn-64,0.5952568425994088,1.00000001,-8120111.0,0.0115492343902587,0,True,75,33,True,45,64,2025-11-16 07:25:04
ba_32768_1_2.txt,barabasi_albert_10ins_m20,50,SpecAnn-64,0.6018344659534288,1.00000001,-8109491.0,0.0113883018493652,0,True,75,33,True,46,64,2025-11-16 07:25:04
ba_32768_1_2.txt,barabasi_albert_10ins_m20,50,SpecAnn-64,0.6083409735974393,1.00000001,-8075077.0,0.011446475982666,0,True,75,33,True,47,64,2025-11-16 07:25:04
ba_32768_1_2.txt,barabasi_albert_10ins_m20,50,SpecAnn-64,0.6147786234942719,1.00000001,-8081977.000000001,0.011493444442749,0,True,75,33,True,48,64,2025-11-16 07:25:04
ba_32768_1_2.txt,barabasi_albert_10ins_m20,50,SpecAnn-64,0.6211495565912796,1.00000001,-8097349.000000001,0.0114228725433349,0,True,75,33,True,49,64,2025-11-16 07:25:04
ba_32768_1_2.txt,barabasi_albert_10ins_m20,50,SpecAnn-64,0.6274558051381586,1.00000001,-8124661.000000001,0.0113947391510009,0,True,75,33,True,50,64,2025-11-16 07:25:04
ba_32768_1_2.txt,barabasi_albert_10ins_m20,50,SpecAnn-64,0.6336993002596786,1.00000001,-8114825.000000001,0.0114026069641113,0,True,75,33,True,51,64,2025-11-16 07:25:04
ba_32768_1_2.txt,barabasi_albert_10ins_m20,50,SpecAnn-64,0.6398818788633085,1.00000001,-8090843.0,0.0113632678985595,0,True,75,33,True,52,64,2025-11-16 07:25:04
ba_32768_1_2.txt,barabasi_albert_10ins_m20,50,SpecAnn-64,0.6460052899517691,1.00000001,-8123265.000000001,0.0114262104034423,0,True,75,33,True,53,64,2025-11-16 07:25:04
ba_32768_1_2.txt,barabasi_albert_10ins_m20,50,SpecAnn-64,0.6520712004019966,1.00000001,-8113773.000000001,0.0113697052001953,0,True,75,33,True,54,64,2025-11-16 07:25:04
ba_32768_1_2.txt,barabasi_albert_10ins_m20,50,SpecAnn-64,0.6580812002646271,1.00000001,-8095866.999999999,0.011399507522583,0,True,75,33,True,55,64,2025-11-16 07:25:04
ba_32768_1_2.txt,barabasi_albert_10ins_m20,50,SpecAnn-64,0.6640368076317485,1.00000001,-8114512.999999999,0.0114433765411376,0,True,75,33,True,56,64,2025-11-16 07:25:04
ba_32768_1_2.txt,barabasi_albert_10ins_m20,50,SpecAnn-64,0.6699394731151429,1.00000001,-8127301.0,0.0114562511444091,0,True,75,33,True,57,64,2025-11-16 07:25:04
ba_32768_1_2.txt,barabasi_albert_10ins_m20,50,SpecAnn-64,0.6757905839724513,1.00000001,-8134345.0,0.0114576816558837,0,True,75,33,True,58,64,2025-11-16 07:25:04
ba_32768_1_2.txt,barabasi_albert_10ins_m20,50,SpecAnn-64,0.6815914679145113,1.00000001,-8126859.0,0.0114178657531738,0,True,75,33,True,59,64,2025-11-16 07:25:04
ba_32768_1_2.txt,barabasi_albert_10ins_m20,50,SpecAnn-64,0.6873433966234707,1.00000001,-8101834.999999999,0.0114710330963134,0,True,75,33,True,60,64,2025-11-16 07:25:04
ba_32768_1_2.txt,barabasi_albert_10ins_m20,50,SpecAnn-64,0.6930475890080863,1.00000001,-8078693.000000001,0.0114493370056152,0,True,75,33,True,61,64,2025-11-16 07:25:04
ba_32768_1_2.txt,barabasi_albert_10ins_m20,50,SpecAnn-64,0.6987052142198116,1.00000001,-8093512.999999999,0.0114555358886718,0,True,75,33,True,62,64,2025-11-16 07:25:04
ba_32768_1_2.txt,barabasi_albert_10ins_m20,50,SpecAnn-64,0.7043173944508145,1.00000001,-8110775.0,0.0114173889160156,0,True,75,33,True,63,64,2025-11-16 07:25:04
ba_32768_1_2.txt,barabasi_albert_10ins_m20,50,SpecAnn-64,0.709885207532891,1.00000001,-8108649.000000001,0.0114736557006835,0,True,75,33,True,64,64,2025-11-16 07:25:04
ba_32768_1_2.txt,barabasi_albert_10ins_m20,50,SpecAnn-64,0.7154096893543218,1.00000001,-8110679.0,0.0114481449127197,0,True,75,33,True,65,64,2025-11-16 07:25:04
ba_32768_1_2.txt,barabasi_albert_10ins_m20,50,SpecAnn-64,0.7208918361100219,1.00000001,-8126525.0,0.0114693641662597,0,True,75,33,True,66,64,2025-11-16 07:25:04
ba_32768_1_2.txt,barabasi_albert_10ins_m20,50,SpecAnn-64,0.7263326063988248,1.00000001,-8141545.0,0.0114352703094482,0,True,75,33,True,67,64,2025-11-16 07:25:04
ba_32768_1_2.txt,barabasi_albert_10ins_m20,50,SpecAnn-64,0.7317329231804058,1.00000001,-8135199.000000002,0.0114040374755859,0,True,75,33,True,68,64,2025-11-16 07:25:04
ba_32768_1_2.txt,barabasi_albert_10ins_m20,50,SpecAnn-64,0.7370936756031579,1.00000001,-8116305.0,0.0114412307739257,0,True,75,33,True,69,64,2025-11-16 07:25:04
ba_32768_1_2.txt,barabasi_albert_10ins_m20,50,SpecAnn-64,0.7424157207132704,1.00000001,-8117141.0,0.0114355087280273,0,True,75,33,True,70,64,2025-11-16 07:25:04
ba_32768_1_2.txt,barabasi_albert_10ins_m20,50,SpecAnn-64,0.7476998850543153,1.00000001,-8123012.999999999,0.0114381313323974,0,True,75,33,True,71,64,2025-11-16 07:25:04
ba_32768_1_2.txt,barabasi_albert_10ins_m20,50,SpecAnn-64,0.7529469661657903,1.00000001,-8119711.0,0.0114774703979492,0,True,75,33,True,72,64,2025-11-16 07:25:04
ba_32768_1_2.txt,barabasi_albert_10ins_m20,50,SpecAnn-64,0.7581577339883167,1.00000001,-8143251.0,0.0113990306854248,0,True,75,33,True,73,64,2025-11-16 07:25:04
ba_32768_1_2.txt,barabasi_albert_10ins_m20,50,SpecAnn-64,0.7633329321824984,1.00000001,-8103663.0,0.0115940570831298,0,True,75,33,True,74,64,2025-11-16 07:25:04
ba_32768_1_2.txt,barabasi_albert_10ins_m20,50,SpecAnn-64,0.7684732793678399,1.00000001,-8118828.999999999,0.0115802288055419,0,True,75,33,True,75,64,2025-11-16 07:25:04
ba_32768_1_2.txt,barabasi_albert_10ins_m20,50,SpecAnn-64,0.7735794702875677,1.00000001,-8152431.000000001,0.0116941928863525,0,True,75,33,True,76,64,2025-11-16 07:25:04
ba_32768_1_2.txt,barabasi_albert_10ins_m20,50,SpecAnn-64,0.7786521769046981,1.00000001,-8142775.000000001,0.0116839408874511,0,True,75,33,True,77,64,2025-11-16 07:25:04
ba_32768_1_2.txt,barabasi_albert_10ins_m20,50,SpecAnn-64,0.7836920494342511,1.00000001,-8133367.0,0.0116782188415527,0,True,75,33,True,78,64,2025-11-16 07:25:04
ba_32768_1_2.txt,barabasi_albert_10ins_m20,50,SpecAnn-64,0.788699717316095,1.00000001,-8131595.0,0.0116045475006103,0,True,75,33,True,79,64,2025-11-16 07:25:04
ba_32768_1_2.txt,barabasi_albert_10ins_m20,50,SpecAnn-64,0.7936757901325451,1.00000001,-8142074.999999999,0.0115222930908203,0,True,75,33,True,80,64,2025-11-16 07:25:04
ba_32768_1_2.txt,barabasi_albert_10ins_m20,50,SpecAnn-64,0.7986208584745024,1.00000001,-8149084.999999999,0.0114908218383789,0,True,75,33,True,81,64,2025-11-16 07:25:04
ba_32768_1_2.txt,barabasi_albert_10ins_m20,50,SpecAnn-64,0.803535494759617,1.00000001,-8138347.000000001,0.0114774703979492,0,True,75,33,True,82,64,2025-11-16 07:25:04
ba_32768_1_2.txt,barabasi_albert_10ins_m20,50,SpecAnn-64,0.8084202540056837,1.00000001,-8173549.0,0.0116336345672607,0,True,75,33,True,83,64,2025-11-16 07:25:04
ba_32768_1_2.txt,barabasi_albert_10ins_m20,50,SpecAnn-64,0.8132756745622272,1.00000001,-8159167.0,0.0116269588470458,0,True,75,33,True,84,64,2025-11-16 07:25:04
ba_32768_1_2.txt,barabasi_albert_10ins_m20,50,SpecAnn-64,0.8181022788030096,1.00000001,-8146087.000000001,0.0116872787475585,0,True,75,33,True,85,64,2025-11-16 07:25:04
ba_32768_1_2.txt,barabasi_albert_10ins_m20,50,SpecAnn-64,0.822900573781978,1.00000001,-8155057.0,0.0116636753082275,0,True,75,33,True,86,64,2025-11-16 07:25:04
ba_32768_1_2.txt,barabasi_albert_10ins_m20,50,SpecAnn-64,0.8276710518549868,1.00000001,-8145188.999999999,0.0116214752197265,0,True,75,33,True,87,64,2025-11-16 07:25:04
ba_32768_1_2.txt,barabasi_albert_10ins_m20,50,SpecAnn-64,0.8324141912694495,1.00000001,-8175229.000000001,0.011533498764038,0,True,75,33,True,88,64,2025-11-16 07:25:04
ba_32768_1_2.txt,barabasi_albert_10ins_m20,50,SpecAnn-64,0.8371304567239225,1.00000001,-8154235.0,0.0114960670471191,0,True,75,33,True,89,64,2025-11-16 07:25:04
ba_32768_1_2.txt,barabasi_albert_10ins_m20,50,SpecAnn-64,0.8418202998994706,1.00000001,-8176145.0,0.0115144252777099,0,True,75,33,True,90,64,2025-11-16 07:25:04
ba_32768_1_2.txt,barabasi_albert_10ins_m20,50,SpecAnn-64,0.846484159964536,1.00000001,-8169646.999999999,0.0115711688995361,0,True,75,33,True,91,64,2025-11-16 07:25:04
ba_32768_1_2.txt,barabasi_albert_10ins_m20,50,SpecAnn-64,0.8511224640549078,1.00000001,-8173203.000000002,0.0114901065826416,0,True,75,33,True,92,64,2025-11-16 07:25:04
ba_32768_1_2.txt,barabasi_albert_10ins_m20,50,SpecAnn-64,0.8557356277302758,1.00000001,-8195883.000000001,0.0114772319793701,0,True,75,33,True,93,64,2025-11-16 07:25:04
ba_32768_1_2.txt,barabasi_albert_10ins_m20,50,SpecAnn-64,0.8603240554087516,1.00000001,-8189365.0,0.0114028453826904,0,True,75,33,True,94,64,2025-11-16 07:25:04
ba_32768_1_2.txt,barabasi_albert_10ins_m20,50,SpecAnn-64,0.86488814078064,1.00000001,-8195317.000000001,0.0114398002624511,0,True,75,33,True,95,64,2025-11-16 07:25:04
ba_32768_1_2.txt,barabasi_albert_10ins_m20,50,SpecAnn-64,0.8694282672026621,1.00000001,-8199951.000000001,0.0114471912384033,0,True,75,33,True,96,64,2025-11-16 07:25:04
ba_32768_1_2.txt,barabasi_albert_10ins_m20,50,SpecAnn-64,0.8739448080737451,1.00000001,-8212503.0,0.0114455223083496,0,True,75,33,True,97,64,2025-11-16 07:25:04
ba_32768_1_2.txt,barabasi_albert_10ins_m20,50,SpecAnn-64,0.878438127193422,1.00000001,-8190829.0,0.0114316940307617,0,True,75,33,True,98,64,2025-11-16 07:25:04
ba_32768_1_2.txt,barabasi_albert_10ins_m20,50,SpecAnn-64,0.8829085791038153,1.00000001,-8192579.0,0.0114355087280273,0,True,75,33,True,99,64,2025-11-16 07:25:04
ba_32768_1_2.txt,barabasi_albert_10ins_m20,50,SpecAnn-64,0.8873565094161138,1.00000001,-8218247.0,0.0114722251892089,0,True,75,33,True,100,64,2025-11-16 07:25:04
ba_32768_1_2.txt,barabasi_albert_10ins_m20,50,SpecAnn-64,0.8917822551223932,1.00000001,-8230373.0,0.0114274024963378,0,True,75,33,True,101,64,2025-11-16 07:25:04
ba_32768_1_2.txt,barabasi_albert_10ins_m20,50,SpecAnn-64,0.8961861448935777,1.00000001,-8262697.000000001,0.0114390850067138,0,True,75,33,True,102,64,2025-11-16 07:25:04
ba_32768_1_2.txt,barabasi_albert_10ins_m20,50,SpecAnn-64,0.9005684993642872,1.00000001,-8238331.000000001,0.0114603042602539,0,True,75,33,True,103,64,2025-11-16 07:25:04
ba_32768_1_2.txt,barabasi_albert_10ins_m20,50,SpecAnn-64,0.9049296314052688,1.00000001,-8260533.000000001,0.0115041732788085,0,True,75,33,True,104,64,2025-11-16 07:25:04
ba_32768_1_2.txt,barabasi_albert_10ins_m20,50,SpecAnn-64,0.9092698463840684,1.00000001,-8278671.000000001,0.0114538669586181,0,True,75,33,True,105,64,2025-11-16 07:25:04
ba_32768_1_2.txt,barabasi_albert_10ins_m20,50,SpecAnn-64,0.9135894424145556,1.00000001,-8269559.000000001,0.021836519241333,0,True,75,65,True,106,64,2025-11-16 07:25:04
ba_32768_1_2.txt,barabasi_albert_10ins_m20,50,SpecAnn-64,0.9178887105958816,1.00000001,-8291407.0,0.0219566822052001,0,True,75,65,True,107,64,2025-11-16 07:25:04
ba_32768_1_2.txt,barabasi_albert_10ins_m20,50,SpecAnn-64,0.922167935241408,1.00000001,-8294086.999999999,0.0218467712402343,0,True,75,65,True,108,64,2025-11-16 07:25:05
ba_32768_1_2.txt,barabasi_albert_10ins_m20,50,SpecAnn-64,0.92642739409812,1.00000001,-8289333.000000001,0.021862506866455,0,True,75,65,True,109,64,2025-11-16 07:25:05
ba_32768_1_2.txt,barabasi_albert_10ins_m20,50,SpecAnn-64,0.9306673585570006,1.00000001,-8324533.000000001,0.0218207836151123,0,True,75,65,True,110,64,2025-11-16 07:25:05
ba_32768_1_2.txt,barabasi_albert_10ins_m20,50,SpecAnn-64,0.9348880938548184,1.00000001,-8339904.999999999,0.0321388244628906,0,True,75,97,True,111,64,2025-11-16 07:25:05
ba_32768_1_2.txt,barabasi_albert_10ins_m20,50,SpecAnn-64,0.9390898592677528,1.00000001,-8354061.000000001,0.0424878597259521,0,True,75,129,True,112,64,2025-11-16 07:25:05
ba_32768_1_2.txt,barabasi_albert_10ins_m20,50,SpecAnn-64,0.9432729082972536,1.00000001,-8362587.000000001,0.0638737678527832,0,True,75,193,True,113,64,2025-11-16 07:25:05
ba_32768_1_2.txt,barabasi_albert_10ins_m20,50,SpecAnn-64,0.9474374888485204,1.00000001,-8381341.0,0.0956108570098877,0,True,75,289,True,114,64,2025-11-16 07:25:05
ba_32768_1_2.txt,barabasi_albert_10ins_m20,50,SpecAnn-64,0.9515838434019476,1.00000001,-8352165.0,0.1369681358337402,0,True,75,417,True,115,64,2025-11-16 07:25:05
ba_32768_1_2.txt,barabasi_albert_10ins_m20,50,SpecAnn-64,0.9557122091778746,1.00000001,-8322523.000000002,0.1165194511413574,0,True,75,353,True,116,64,2025-11-16 07:25:05
ba_32768_1_2.txt,barabasi_albert_10ins_m20,50,SpecAnn-64,0.9598228182949629,1.00000001,-8329664.999999999,0.0958058834075927,0,True,75,289,True,117,64,2025-11-16 07:25:05
ba_32768_1_2.txt,barabasi_albert_10ins_m20,50,SpecAnn-64,0.963915897922488,1.00000001,-8313399.0,0.0743279457092285,0,True,75,225,True,118,64,2025-11-16 07:25:05
ba_32768_1_2.txt,barabasi_albert_10ins_m20,50,SpecAnn-64,0.967991670426842,1.00000001,-8300753.000000001,0.0737569332122802,0,True,75,225,True,119,64,2025-11-16 07:25:05
ba_32768_1_2.txt,barabasi_albert_10ins_m20,50,SpecAnn-64,0.9720503535125016,1.00000001,-8307403.000000001,0.0736997127532959,0,True,75,225,True,120,64,2025-11-16 07:25:05
ba_32768_1_2.txt,barabasi_albert_10ins_m20,50,SpecAnn-64,0.9760921603577252,1.00000001,-8294039.0,0.0737717151641845,0,True,75,225,True,121,64,2025-11-16 07:25:05
ba_32768_1_2.txt,barabasi_albert_10ins_m20,50,SpecAnn-64,0.9801172997452104,1.00000001,-8287111.0,0.0740132331848144,0,True,75,225,True,122,64,2025-11-16 07:25:06
ba_32768_1_2.txt,barabasi_albert_10ins_m20,50,SpecAnn-64,0.9841259761879442,1.00000001,-8294681.000000001,0.06368088722229,0,True,75,193,True,123,64,2025-11-16 07:25:06
ba_32768_1_2.txt,barabasi_albert_10ins_m20,50,SpecAnn-64,0.9881183900504562,1.00000001,-8276535.000000001,0.0636305809020996,0,True,75,193,True,124,64,2025-11-16 07:25:06
ba_32768_1_2.txt,barabasi_albert_10ins_m20,50,SpecAnn-64,0.9920947376656812,1.00000001,-8285753.0,0.0636091232299804,0,True,75,193,True,125,64,2025-11-16 07:25:06
ba_32768_1_2.txt,barabasi_albert_10ins_m20,50,SpecAnn-64,0.9960552114476228,1.00000001,-8288987.0,0.0642230510711669,0,True,75,193,True,126,64,2025-11-16 07:25:06
ba_32768_1_2.txt,barabasi_albert_10ins_m20,50,SpecAnn-64,1.0,1.00000001,-8287937.0,0.0635221004486084,0,True,75,193,True,127,64,2025-11-16 07:25:06
ba_32768_1_2.txt,barabasi_albert_10ins_m20,51,SpecAnn-64,0.0,1.00000001,-8087875.0,0.013048887252807617,0,True,69,33,True,0,64,2025-11-16 07:25:06
ba_32768_1_2.txt,barabasi_albert_10ins_m20,51,SpecAnn-64,0.08873565094161137,1.00000001,-8081467.000000001,0.011579513549804688,0,True,69,33,True,1,64,2025-11-16 07:25:06
ba_32768_1_2.txt,barabasi_albert_10ins_m20,51,SpecAnn-64,0.12549116102763172,1.00000001,-8091667.0,0.011489152908325195,0,True,69,33,True,2,64,2025-11-16 07:25:06
ba_32768_1_2.txt,barabasi_albert_10ins_m20,51,SpecAnn-64,0.15369465587356798,1.00000001,-8081167.0,0.011519193649291992,0,True,69,33,True,3,64,2025-11-16 07:25:06
ba_32768_1_2.txt,barabasi_albert_10ins_m20,51,SpecAnn-64,0.17747130188322274,1.00000001,-8086993.0,0.011636018753051758,0,True,69,33,True,4,64,2025-11-16 07:25:06
ba_32768_1_2.txt,barabasi_albert_10ins_m20,51,SpecAnn-64,0.19841894753313627,1.00000001,-8076972.999999999,0.011598587036132812,0,True,69,33,True,5,64,2025-11-16 07:25:06
ba_32768_1_2.txt,barabasi_albert_10ins_m20,51,SpecAnn-64,0.21735706680066552,1.00000001,-8108925.000000001,0.011582374572753906,0,True,69,33,True,6,64,2025-11-16 07:25:06
ba_32768_1_2.txt,barabasi_albert_10ins_m20,51,SpecAnn-64,0.23477246481693817,1.00000001,-8111865.0,0.011368274688720703,0,True,69,33,True,7,64,2025-11-16 07:25:06
ba_32768_1_2.txt,barabasi_albert_10ins_m20,51,SpecAnn-64,0.25098232205526344,1.00000001,-8112127.000000001,0.011428594589233398,0,True,69,33,True,8,64,2025-11-16 07:25:06
ba_32768_1_2.txt,barabasi_albert_10ins_m20,51,SpecAnn-64,0.26620695282483414,1.00000001,-8105236.999999999,0.011512279510498047,0,True,69,33,True,9,64,2025-11-16 07:25:06
ba_32768_1_2.txt,barabasi_albert_10ins_m20,51,SpecAnn-64,0.28060676663315687,1.00000001,-8094242.999999999,0.011342287063598633,0,True,69,33,True,10,64,2025-11-16 07:25:06
ba_32768_1_2.txt,barabasi_albert_10ins_m20,51,SpecAnn-64,0.2943028597012718,1.00000001,-8101361.000000001,0.011477947235107422,0,True,69,33,True,11,64,2025-11-16 07:25:06
ba_32768_1_2.txt,barabasi_albert_10ins_m20,51,SpecAnn-64,0.30738931174713596,1.00000001,-8087815.000000001,0.01144552230834961,0,True,69,33,True,12,64,2025-11-16 07:25:06
ba_32768_1_2.txt,barabasi_albert_10ins_m20,51,SpecAnn-64,0.31994093943165425,1.00000001,-8104659.000000002,0.011390924453735352,0,True,69,33,True,13,64,2025-11-16 07:25:06
ba_32768_1_2.txt,barabasi_albert_10ins_m20,51,SpecAnn-64,0.3320184038158743,1.00000001,-8121580.999999999,0.011357784271240234,0,True,69,33,True,14,64,2025-11-16 07:25:06
ba_32768_1_2.txt,barabasi_albert_10ins_m20,51,SpecAnn-64,0.34367169831173533,1.00000001,-8115869.0,0.011326789855957031,0,True,69,33,True,15,64,2025-11-16 07:25:06
ba_32768_1_2.txt,barabasi_albert_10ins_m20,51,SpecAnn-64,0.3549426037664455,1.00000001,-8116979.000000001,0.01136636734008789,0,True,69,33,True,16,64,2025-11-16 07:25:06
ba_32768_1_2.txt,barabasi_albert_10ins_m20,51,SpecAnn-64,0.3658664615902029,1.00000001,-8076805.000000002,0.011559009552001953,0,True,69,33,True,17,64,2025-11-16 07:25:06
ba_32768_1_2.txt,barabasi_albert_10ins_m20,51,SpecAnn-64,0.37647348308289513,1.00000001,-8102825.000000002,0.01142740249633789,0,True,69,33,True,18,64,2025-11-16 07:25:06
ba_32768_1_2.txt,barabasi_albert_10ins_m20,51,SpecAnn-64,0.38678973514378384,1.00000001,-8118006.999999999,0.01134800910949707,0,True,69,33,True,19,64,2025-11-16 07:25:06
ba_32768_1_2.txt,barabasi_albert_10ins_m20,51,SpecAnn-64,0.39683789506627254,1.00000001,-8101637.0,0.011359453201293945,0,True,69,33,True,20,64,2025-11-16 07:25:06
ba_32768_1_2.txt,barabasi_albert_10ins_m20,51,SpecAnn-64,0.4066378372811136,1.00000001,-8092541.0,0.011345148086547852,0,True,69,33,True,21,64,2025-11-16 07:25:06
ba_32768_1_2.txt,barabasi_albert_10ins_m20,51,SpecAnn-64,0.41620709563472474,1.00000001,-8108649.000000002,0.01145625114440918,0,True,69,33,True,22,64,2025-11-16 07:25:06
ba_32768_1_2.txt,barabasi_albert_10ins_m20,51,SpecAnn-64,0.4255612320274539,1.00000001,-8098911.000000002,0.011378049850463867,0,True,69,33,True,23,64,2025-11-16 07:25:06
ba_32768_1_2.txt,barabasi_albert_10ins_m20,51,SpecAnn-64,0.43471413360133104,1.00000001,-8108634.999999999,0.011383533477783203,0,True,69,33,True,24,64,2025-11-16 07:25:06
ba_32768_1_2.txt,barabasi_albert_10ins_m20,51,SpecAnn-64,0.4436782547080569,1.00000001,-8101677.0,0.011365175247192383,0,True,69,33,True,25,64,2025-11-16 07:25:06
ba_32768_1_2.txt,barabasi_albert_10ins_m20,51,SpecAnn-64,0.45246481570263436,1.00000001,-8102073.000000001,0.011391878128051758,0,True,69,33,True,26,64,2025-11-16 07:25:06
ba_32768_1_2.txt,barabasi_albert_10ins_m20,51,SpecAnn-64,0.46108396762070397,1.00000001,-8076271.000000002,0.011384963989257812,0,True,69,33,True,27,64,2025-11-16 07:25:06
ba_32768_1_2.txt,barabasi_albert_10ins_m20,51,SpecAnn-64,0.46954492963387634,1.00000001,-8096917.000000002,0.011427640914916992,0,True,69,33,True,28,64,2025-11-16 07:25:06
ba_32768_1_2.txt,barabasi_albert_10ins_m20,51,SpecAnn-64,0.4778561045889373,1.00000001,-8048859.000000002,0.011435270309448242,0,True,69,33,True,29,64,2025-11-16 07:25:07
ba_32768_1_2.txt,barabasi_albert_10ins_m20,51,SpecAnn-64,0.48602517675625084,1.00000001,-8120821.0,0.011438846588134766,0,True,69,33,True,30,64,2025-11-16 07:25:07
ba_32768_1_2.txt,barabasi_albert_10ins_m20,51,SpecAnn-64,0.4940591950252281,1.00000001,-8113607.000000002,0.01142740249633789,0,True,69,33,True,31,64,2025-11-16 07:25:07
ba_32768_1_2.txt,barabasi_albert_10ins_m20,51,SpecAnn-64,0.5019646441105269,1.00000001,-8111001.000000001,0.011475801467895508,0,True,69,33,True,32,64,2025-11-16 07:25:07
ba_32768_1_2.txt,barabasi_albert_10ins_m20,51,SpecAnn-64,0.5097475058154177,1.00000001,-8117605.0,0.011458635330200195,0,True,69,33,True,33,64,2025-11-16 07:25:07
ba_32768_1_2.txt,barabasi_albert_10ins_m20,51,SpecAnn-64,0.51741331199832,1.00000001,-8095627.0,0.01146697998046875,0,True,69,33,True,34,64,2025-11-16 07:25:07
ba_32768_1_2.txt,barabasi_albert_10ins_m20,51,SpecAnn-64,0.5249671905758515,1.00000001,-8079960.999999999,0.011427879333496094,0,True,69,33,True,35,64,2025-11-16 07:25:07
ba_32768_1_2.txt,barabasi_albert_10ins_m20,51,SpecAnn-64,0.5324139056496683,1.00000001,-8087267.000000001,0.011402130126953125,0,True,69,33,True,36,64,2025-11-16 07:25:07
ba_32768_1_2.txt,barabasi_albert_10ins_m20,51,SpecAnn-64,0.5397578926492556,1.00000001,-8108007.0,0.011390447616577148,0,True,69,33,True,37,64,2025-11-16 07:25:07
ba_32768_1_2.txt,barabasi_albert_10ins_m20,51,SpecAnn-64,0.5470032892270364,1.00000001,-8090971.000000001,0.011416196823120117,0,True,69,33,True,38,64,2025-11-16 07:25:07
ba_32768_1_2.txt,barabasi_albert_10ins_m20,51,SpecAnn-64,0.554153962516942,1.00000001,-8094147.0,0.011489629745483398,0,True,69,33,True,39,64,2025-11-16 07:25:07
ba_32768_1_2.txt,barabasi_albert_10ins_m20,51,SpecAnn-64,0.5612135332663137,1.00000001,-8127953.0,0.011425495147705078,0,True,69,33,True,40,64,2025-11-16 07:25:07
ba_32768_1_2.txt,barabasi_albert_10ins_m20,51,SpecAnn-64,0.5681853972686127,1.00000001,-8082765.0,0.011410951614379883,0,True,69,33,True,41,64,2025-11-16 07:25:07
ba_32768_1_2.txt,barabasi_albert_10ins_m20,51,SpecAnn-64,0.5750727444570146,1.00000001,-8113169.0,0.011391878128051758,0,True,69,33,True,42,64,2025-11-16 07:25:07
ba_32768_1_2.txt,barabasi_albert_10ins_m20,51,SpecAnn-64,0.5818785759635375,1.00000001,-8124061.000000001,0.01138615608215332,0,True,69,33,True,43,64,2025-11-16 07:25:07
ba_32768_1_2.txt,barabasi_albert_10ins_m20,51,SpecAnn-64,0.5886057194025436,1.00000001,-8098297.000000001,0.011420965194702148,0,True,69,33,True,44,64,2025-11-16 07:25:07
ba_32768_1_2.txt,barabasi_albert_10ins_m20,51,SpecAnn-64,0.5952568425994088,1.00000001,-8134150.999999999,0.011355400085449219,0,True,69,33,True,45,64,2025-11-16 07:25:07
ba_32768_1_2.txt,barabasi_albert_10ins_m20,51,SpecAnn-64,0.6018344659534288,1.00000001,-8086569.0,0.011523246765136719,0,True,69,33,True,46,64,2025-11-16 07:25:07
ba_32768_1_2.txt,barabasi_albert_10ins_m20,51,SpecAnn-64,0.6083409735974393,1.00000001,-8116404.999999999,0.011429786682128906,0,True,69,33,True,47,64,2025-11-16 07:25:07
ba_32768_1_2.txt,barabasi_albert_10ins_m20,51,SpecAnn-64,0.6147786234942719,1.00000001,-8103103.000000001,0.011448860168457031,0,True,69,33,True,48,64,2025-11-16 07:25:07
ba_32768_1_2.txt,barabasi_albert_10ins_m20,51,SpecAnn-64,0.6211495565912796,1.00000001,-8114275.0,0.011684417724609375,0,True,69,33,True,49,64,2025-11-16 07:25:07
ba_32768_1_2.txt,barabasi_albert_10ins_m20,51,SpecAnn-64,0.6274558051381586,1.00000001,-8096515.0,0.011694908142089844,0,True,69,33,True,50,64,2025-11-16 07:25:07
ba_32768_1_2.txt,barabasi_albert_10ins_m20,51,SpecAnn-64,0.6336993002596786,1.00000001,-8100961.000000001,0.011626482009887695,0,True,69,33,True,51,64,2025-11-16 07:25:07
ba_32768_1_2.txt,barabasi_albert_10ins_m20,51,SpecAnn-64,0.6398818788633085,1.00000001,-8102403.000000002,0.01146841049194336,0,True,69,33,True,52,64,2025-11-16 07:25:07
ba_32768_1_2.txt,barabasi_albert_10ins_m20,51,SpecAnn-64,0.6460052899517691,1.00000001,-8079443.000000001,0.011440277099609375,0,True,69,33,True,53,64,2025-11-16 07:25:07
ba_32768_1_2.txt,barabasi_albert_10ins_m20,51,SpecAnn-64,0.6520712004019966,1.00000001,-8123231.000000002,0.01139211654663086,0,True,69,33,True,54,64,2025-11-16 07:25:07
ba_32768_1_2.txt,barabasi_albert_10ins_m20,51,SpecAnn-64,0.6580812002646271,1.00000001,-8100067.0,0.011505603790283203,0,True,69,33,True,55,64,2025-11-16 07:25:07
ba_32768_1_2.txt,barabasi_albert_10ins_m20,51,SpecAnn-64,0.6640368076317485,1.00000001,-8121613.0,0.011446952819824219,0,True,69,33,True,56,64,2025-11-16 07:25:07
ba_32768_1_2.txt,barabasi_albert_10ins_m20,51,SpecAnn-64,0.6699394731151429,1.00000001,-8119149.000000001,0.011417627334594727,0,True,69,33,True,57,64,2025-11-16 07:25:07
ba_32768_1_2.txt,barabasi_albert_10ins_m20,51,SpecAnn-64,0.6757905839724513,1.00000001,-8097023.000000001,0.011409521102905273,0,True,69,33,True,58,64,2025-11-16 07:25:07
ba_32768_1_2.txt,barabasi_albert_10ins_m20,51,SpecAnn-64,0.6815914679145113,1.00000001,-8111047.000000001,0.011439800262451172,0,True,69,33,True,59,64,2025-11-16 07:25:07
ba_32768_1_2.txt,barabasi_albert_10ins_m20,51,SpecAnn-64,0.6873433966234707,1.00000001,-8123208.999999998,0.011428356170654297,0,True,69,33,True,60,64,2025-11-16 07:25:07
ba_32768_1_2.txt,barabasi_albert_10ins_m20,51,SpecAnn-64,0.6930475890080863,1.00000001,-8077305.000000001,0.011406183242797852,0,True,69,33,True,61,64,2025-11-16 07:25:07
ba_32768_1_2.txt,barabasi_albert_10ins_m20,51,SpecAnn-64,0.6987052142198116,1.00000001,-8113665.0,0.011365890502929688,0,True,69,33,True,62,64,2025-11-16 07:25:07
ba_32768_1_2.txt,barabasi_albert_10ins_m20,51,SpecAnn-64,0.7043173944508145,1.00000001,-8087817.0,0.011420011520385742,0,True,69,33,True,63,64,2025-11-16 07:25:07
ba_32768_1_2.txt,barabasi_albert_10ins_m20,51,SpecAnn-64,0.709885207532891,1.00000001,-8142936.999999999,0.011407136917114258,0,True,69,33,True,64,64,2025-11-16 07:25:07
ba_32768_1_2.txt,barabasi_albert_10ins_m20,51,SpecAnn-64,0.7154096893543218,1.00000001,-8121973.000000001,0.011406421661376953,0,True,69,33,True,65,64,2025-11-16 07:25:07
ba_32768_1_2.txt,barabasi_albert_10ins_m20,51,SpecAnn-64,0.7208918361100219,1.00000001,-8083803.0,0.011424779891967773,0,True,69,33,True,66,64,2025-11-16 07:25:07
ba_32768_1_2.txt,barabasi_albert_10ins_m20,51,SpecAnn-64,0.7263326063988248,1.00000001,-8120883.000000001,0.011402368545532227,0,True,69,33,True,67,64,2025-11-16 07:25:07
ba_32768_1_2.txt,barabasi_albert_10ins_m20,51,SpecAnn-64,0.7317329231804058,1.00000001,-8129787.0,0.011433839797973633,0,True,69,33,True,68,64,2025-11-16 07:25:07
ba_32768_1_2.txt,barabasi_albert_10ins_m20,51,SpecAnn-64,0.7370936756031579,1.00000001,-8134309.0,0.01139378547668457,0,True,69,33,True,69,64,2025-11-16 07:25:07
ba_32768_1_2.txt,barabasi_albert_10ins_m20,51,SpecAnn-64,0.7424157207132704,1.00000001,-8122493.000000001,0.011438369750976562,0,True,69,33,True,70,64,2025-11-16 07:25:07
ba_32768_1_2.txt,barabasi_albert_10ins_m20,51,SpecAnn-64,0.7476998850543153,1.00000001,-8103417.0,0.01146841049194336,0,True,69,33,True,71,64,2025-11-16 07:25:07
ba_32768_1_2.txt,barabasi_albert_10ins_m20,51,SpecAnn-64,0.7529469661657903,1.00000001,-8098745.000000001,0.01145482063293457,0,True,69,33,True,72,64,2025-11-16 07:25:07
ba_32768_1_2.txt,barabasi_albert_10ins_m20,51,SpecAnn-64,0.7581577339883167,1.00000001,-8111745.0,0.011426210403442383,0,True,69,33,True,73,64,2025-11-16 07:25:07
ba_32768_1_2.txt,barabasi_albert_10ins_m20,51,SpecAnn-64,0.7633329321824984,1.00000001,-8099639.000000001,0.011421918869018555,0,True,69,33,True,74,64,2025-11-16 07:25:07
ba_32768_1_2.txt,barabasi_albert_10ins_m20,51,SpecAnn-64,0.7684732793678399,1.00000001,-8140805.0,0.01147007942199707,0,True,69,33,True,75,64,2025-11-16 07:25:07
ba_32768_1_2.txt,barabasi_albert_10ins_m20,51,SpecAnn-64,0.7735794702875677,1.00000001,-8135588.999999999,0.01141047477722168,0,True,69,33,True,76,64,2025-11-16 07:25:07
ba_32768_1_2.txt,barabasi_albert_10ins_m20,51,SpecAnn-64,0.7786521769046981,1.00000001,-8129169.0,0.011463403701782227,0,True,69,33,True,77,64,2025-11-16 07:25:07
ba_32768_1_2.txt,barabasi_albert_10ins_m20,51,SpecAnn-64,0.7836920494342511,1.00000001,-8113865.000000001,0.011470556259155273,0,True,69,33,True,78,64,2025-11-16 07:25:07
ba_32768_1_2.txt,barabasi_albert_10ins_m20,51,SpecAnn-64,0.788699717316095,1.00000001,-8156969.0,0.011441469192504883,0,True,69,33,True,79,64,2025-11-16 07:25:07
ba_32768_1_2.txt,barabasi_albert_10ins_m20,51,SpecAnn-64,0.7936757901325451,1.00000001,-8142675.0,0.011501073837280273,0,True,69,33,True,80,64,2025-11-16 07:25:07
ba_32768_1_2.txt,barabasi_albert_10ins_m20,51,SpecAnn-64,0.7986208584745024,1.00000001,-8124757.0,0.011522054672241211,0,True,69,33,True,81,64,2025-11-16 07:25:07
ba_32768_1_2.txt,barabasi_albert_10ins_m20,51,SpecAnn-64,0.803535494759617,1.00000001,-8151612.999999999,0.011431217193603516,0,True,69,33,True,82,64,2025-11-16 07:25:07
ba_32768_1_2.txt,barabasi_albert_10ins_m20,51,SpecAnn-64,0.8084202540056837,1.00000001,-8139521.0,0.01146697998046875,0,True,69,33,True,83,64,2025-11-16 07:25:07
ba_32768_1_2.txt,barabasi_albert_10ins_m20,51,SpecAnn-64,0.8132756745622272,1.00000001,-8116546.999999999,0.011481523513793945,0,True,69,33,True,84,64,2025-11-16 07:25:07
ba_32768_1_2.txt,barabasi_albert_10ins_m20,51,SpecAnn-64,0.8181022788030096,1.00000001,-8150582.999999998,0.01167154312133789,0,True,69,33,True,85,64,2025-11-16 07:25:07
ba_32768_1_2.txt,barabasi_albert_10ins_m20,51,SpecAnn-64,0.822900573781978,1.00000001,-8137261.000000002,0.011649370193481445,0,True,69,33,True,86,64,2025-11-16 07:25:07
ba_32768_1_2.txt,barabasi_albert_10ins_m20,51,SpecAnn-64,0.8276710518549868,1.00000001,-8135541.0,0.011740922927856445,0,True,69,33,True,87,64,2025-11-16 07:25:07
ba_32768_1_2.txt,barabasi_albert_10ins_m20,51,SpecAnn-64,0.8324141912694495,1.00000001,-8113919.0,0.011584997177124023,0,True,69,33,True,88,64,2025-11-16 07:25:07
ba_32768_1_2.txt,barabasi_albert_10ins_m20,51,SpecAnn-64,0.8371304567239225,1.00000001,-8142313.000000002,0.011553287506103516,0,True,69,33,True,89,64,2025-11-16 07:25:07
ba_32768_1_2.txt,barabasi_albert_10ins_m20,51,SpecAnn-64,0.8418202998994706,1.00000001,-8149203.000000001,0.011522531509399414,0,True,69,33,True,90,64,2025-11-16 07:25:07
ba_32768_1_2.txt,barabasi_albert_10ins_m20,51,SpecAnn-64,0.846484159964536,1.00000001,-8173071.000000001,0.01148223876953125,0,True,69,33,True,91,64,2025-11-16 07:25:07
ba_32768_1_2.txt,barabasi_albert_10ins_m20,51,SpecAnn-64,0.8511224640549078,1.00000001,-8167947.000000001,0.011509418487548828,0,True,69,33,True,92,64,2025-11-16 07:25:07
ba_32768_1_2.txt,barabasi_albert_10ins_m20,51,SpecAnn-64,0.8557356277302758,1.00000001,-8166094.999999999,0.011423349380493164,0,True,69,33,True,93,64,2025-11-16 07:25:07
ba_32768_1_2.txt,barabasi_albert_10ins_m20,51,SpecAnn-64,0.8603240554087516,1.00000001,-8165018.999999999,0.011427164077758789,0,True,69,33,True,94,64,2025-11-16 07:25:07
ba_32768_1_2.txt,barabasi_albert_10ins_m20,51,SpecAnn-64,0.86488814078064,1.00000001,-8181551.0,0.011462211608886719,0,True,69,33,True,95,64,2025-11-16 07:25:07
ba_32768_1_2.txt,barabasi_albert_10ins_m20,51,SpecAnn-64,0.8694282672026621,1.00000001,-8173141.0,0.011430740356445312,0,True,69,33,True,96,64,2025-11-16 07:25:07
ba_32768_1_2.txt,barabasi_albert_10ins_m20,51,SpecAnn-64,0.8739448080737451,1.00000001,-8216011.0,0.01141667366027832,0,True,69,33,True,97,64,2025-11-16 07:25:07
ba_32768_1_2.txt,barabasi_albert_10ins_m20,51,SpecAnn-64,0.878438127193422,1.00000001,-8184386.999999999,0.011443138122558594,0,True,69,33,True,98,64,2025-11-16 07:25:07
ba_32768_1_2.txt,barabasi_albert_10ins_m20,51,SpecAnn-64,0.8829085791038153,1.00000001,-8220581.000000001,0.011480569839477539,0,True,69,33,True,99,64,2025-11-16 07:25:07
ba_32768_1_2.txt,barabasi_albert_10ins_m20,51,SpecAnn-64,0.8873565094161138,1.00000001,-8215399.000000001,0.011445045471191406,0,True,69,33,True,100,64,2025-11-16 07:25:07
ba_32768_1_2.txt,barabasi_albert_10ins_m20,51,SpecAnn-64,0.8917822551223932,1.00000001,-8224497.000000001,0.01144719123840332,0,True,69,33,True,101,64,2025-11-16 07:25:07
ba_32768_1_2.txt,barabasi_albert_10ins_m20,51,SpecAnn-64,0.8961861448935777,1.00000001,-8241580.999999999,0.01151275634765625,0,True,69,33,True,102,64,2025-11-16 07:25:07
ba_32768_1_2.txt,barabasi_albert_10ins_m20,51,SpecAnn-64,0.9005684993642872,1.00000001,-8274382.999999999,0.011478662490844727,0,True,69,33,True,103,64,2025-11-16 07:25:07
ba_32768_1_2.txt,barabasi_albert_10ins_m20,51,SpecAnn-64,0.9049296314052687,1.00000001,-8267263.0,0.011463165283203125,0,True,69,33,True,104,64,2025-11-16 07:25:07
ba_32768_1_2.txt,barabasi_albert_10ins_m20,51,SpecAnn-64,0.9092698463840683,1.00000001,-8267097.0,0.011437654495239258,0,True,69,33,True,105,64,2025-11-16 07:25:07
ba_32768_1_2.txt,barabasi_albert_10ins_m20,51,SpecAnn-64,0.9135894424145555,1.00000001,-8275263.0,0.021885395050048828,0,True,69,65,True,106,64,2025-11-16 07:25:07
ba_32768_1_2.txt,barabasi_albert_10ins_m20,51,SpecAnn-64,0.9178887105958816,1.00000001,-8299398.999999998,0.021953821182250977,0,True,69,65,True,107,64,2025-11-16 07:25:07
ba_32768_1_2.txt,barabasi_albert_10ins_m20,51,SpecAnn-64,0.9221679352414079,1.00000001,-8282817.0,0.021735429763793945,0,True,69,65,True,108,64,2025-11-16 07:25:07
ba_32768_1_2.txt,barabasi_albert_10ins_m20,51,SpecAnn-64,0.9264273940981199,1.00000001,-8311201.000000001,0.02181410789489746,0,True,69,65,True,109,64,2025-11-16 07:25:07
ba_32768_1_2.txt,barabasi_albert_10ins_m20,51,SpecAnn-64,0.9306673585570006,1.00000001,-8317077.000000002,0.02186107635498047,0,True,69,65,True,110,64,2025-11-16 07:25:07
ba_32768_1_2.txt,barabasi_albert_10ins_m20,51,SpecAnn-64,0.9348880938548185,1.00000001,-8327227.0,0.032221317291259766,0,True,69,97,True,111,64,2025-11-16 07:25:08
ba_32768_1_2.txt,barabasi_albert_10ins_m20,51,SpecAnn-64,0.9390898592677527,1.00000001,-8346923.0,0.04246950149536133,0,True,69,129,True,112,64,2025-11-16 07:25:08
ba_32768_1_2.txt,barabasi_albert_10ins_m20,51,SpecAnn-64,0.9432729082972536,1.00000001,-8357361.0,0.06324458122253418,0,True,69,193,True,113,64,2025-11-16 07:25:08
ba_32768_1_2.txt,barabasi_albert_10ins_m20,51,SpecAnn-64,0.9474374888485205,1.00000001,-8380235.000000001,0.09433507919311523,0,True,69,289,True,114,64,2025-11-16 07:25:08
ba_32768_1_2.txt,barabasi_albert_10ins_m20,51,SpecAnn-64,0.9515838434019475,1.00000001,-8367049.0,0.13675165176391602,0,True,69,417,True,115,64,2025-11-16 07:25:08
ba_32768_1_2.txt,barabasi_albert_10ins_m20,51,SpecAnn-64,0.9557122091778746,1.00000001,-8330575.000000001,0.11525535583496094,0,True,69,353,True,116,64,2025-11-16 07:25:08
ba_32768_1_2.txt,barabasi_albert_10ins_m20,51,SpecAnn-64,0.9598228182949627,1.00000001,-8321581.000000001,0.09453320503234863,0,True,69,289,True,117,64,2025-11-16 07:25:08
ba_32768_1_2.txt,barabasi_albert_10ins_m20,51,SpecAnn-64,0.9639158979224881,1.00000001,-8328427.0,0.07375025749206543,0,True,69,225,True,118,64,2025-11-16 07:25:08
ba_32768_1_2.txt,barabasi_albert_10ins_m20,51,SpecAnn-64,0.9679916704268421,1.00000001,-8311085.0,0.07689070701599121,0,True,69,225,True,119,64,2025-11-16 07:25:08
ba_32768_1_2.txt,barabasi_albert_10ins_m20,51,SpecAnn-64,0.9720503535125017,1.00000001,-8312947.000000002,0.07446074485778809,0,True,69,225,True,120,64,2025-11-16 07:25:08
ba_32768_1_2.txt,barabasi_albert_10ins_m20,51,SpecAnn-64,0.9760921603577252,1.00000001,-8308069.0,0.07380414009094238,0,True,69,225,True,121,64,2025-11-16 07:25:08
ba_32768_1_2.txt,barabasi_albert_10ins_m20,51,SpecAnn-64,0.9801172997452103,1.00000001,-8299761.0,0.07369875907897949,0,True,69,225,True,122,64,2025-11-16 07:25:08
ba_32768_1_2.txt,barabasi_albert_10ins_m20,51,SpecAnn-64,0.9841259761879442,1.00000001,-8277011.0,0.06331110000610352,0,True,69,193,True,123,64,2025-11-16 07:25:08
ba_32768_1_2.txt,barabasi_albert_10ins_m20,51,SpecAnn-64,0.9881183900504562,1.00000001,-8284687.000000001,0.06374669075012207,0,True,69,193,True,124,64,2025-11-16 07:25:09
ba_32768_1_2.txt,barabasi_albert_10ins_m20,51,SpecAnn-64,0.9920947376656813,1.00000001,-8282187.0,0.06311249732971191,0,True,69,193,True,125,64,2025-11-16 07:25:09
ba_32768_1_2.txt,barabasi_albert_10ins_m20,51,SpecAnn-64,0.9960552114476228,1.00000001,-8292843.0,0.06324934959411621,0,True,69,193,True,126,64,2025-11-16 07:25:09
ba_32768_1_2.txt,barabasi_albert_10ins_m20,51,SpecAnn-64,1.0,1.00000001,-8293237.000000002,0.06364631652832031,0,True,69,193,True,127,64,2025-11-16 07:25:09
