instance_name,dataset,seed,solver_name,alpha,beta,energy,time,mode,use_local_search,local_search_iterations,eigsh_iterations,warm_start,alpha_index,precision,timestamp
ba_8192_1_9.txt,barabasi_albert_10ins_m20,42,SpecAnn-64,0.0,1.00000001,-2040374.0,0.0127222537994384,0,True,62,33,True,0,64,2025-11-16 08:07:14
ba_8192_1_9.txt,barabasi_albert_10ins_m20,42,SpecAnn-64,0.0887356509416113,1.00000001,-2028689.9999999995,0.0116055011749267,0,True,62,33,True,1,64,2025-11-16 08:07:14
ba_8192_1_9.txt,barabasi_albert_10ins_m20,42,SpecAnn-64,0.1254911610276317,1.00000001,-2013268.0,0.0115072727203369,0,True,62,33,True,2,64,2025-11-16 08:07:14
ba_8192_1_9.txt,barabasi_albert_10ins_m20,42,SpecAnn-64,0.1536946558735679,1.00000001,-2019494.0,0.0114719867706298,0,True,62,33,True,3,64,2025-11-16 08:07:14
ba_8192_1_9.txt,barabasi_albert_10ins_m20,42,SpecAnn-64,0.1774713018832227,1.00000001,-2022920.0,0.011474609375,0,True,62,33,True,4,64,2025-11-16 08:07:14
ba_8192_1_9.txt,barabasi_albert_10ins_m20,42,SpecAnn-64,0.1984189475331362,1.00000001,-2017368.0,0.011505126953125,0,True,62,33,True,5,64,2025-11-16 08:07:14
ba_8192_1_9.txt,barabasi_albert_10ins_m20,42,SpecAnn-64,0.2173570668006655,1.00000001,-2030883.9999999995,0.0114665031433105,0,True,62,33,True,6,64,2025-11-16 08:07:14
ba_8192_1_9.txt,barabasi_albert_10ins_m20,42,SpecAnn-64,0.2347724648169381,1.00000001,-2008282.0,0.0115132331848144,0,True,62,33,True,7,64,2025-11-16 08:07:14
ba_8192_1_9.txt,barabasi_albert_10ins_m20,42,SpecAnn-64,0.2509823220552634,1.00000001,-2021040.0,0.0114855766296386,0,True,62,33,True,8,64,2025-11-16 08:07:14
ba_8192_1_9.txt,barabasi_albert_10ins_m20,42,SpecAnn-64,0.2662069528248341,1.00000001,-2018480.0,0.0114643573760986,0,True,62,33,True,9,64,2025-11-16 08:07:14
ba_8192_1_9.txt,barabasi_albert_10ins_m20,42,SpecAnn-64,0.2806067666331568,1.00000001,-2016674.0,0.0114800930023193,0,True,62,33,True,10,64,2025-11-16 08:07:14
ba_8192_1_9.txt,barabasi_albert_10ins_m20,42,SpecAnn-64,0.2943028597012718,1.00000001,-2021496.0,0.01155686378479,0,True,62,33,True,11,64,2025-11-16 08:07:14
ba_8192_1_9.txt,barabasi_albert_10ins_m20,42,SpecAnn-64,0.3073893117471359,1.00000001,-2036280.0,0.0115277767181396,0,True,62,33,True,12,64,2025-11-16 08:07:15
ba_8192_1_9.txt,barabasi_albert_10ins_m20,42,SpecAnn-64,0.3199409394316542,1.00000001,-2003646.0,0.0115048885345458,0,True,62,33,True,13,64,2025-11-16 08:07:15
ba_8192_1_9.txt,barabasi_albert_10ins_m20,42,SpecAnn-64,0.3320184038158743,1.00000001,-2015850.0,0.01155686378479,0,True,62,33,True,14,64,2025-11-16 08:07:15
ba_8192_1_9.txt,barabasi_albert_10ins_m20,42,SpecAnn-64,0.3436716983117353,1.00000001,-2017750.0,0.0116891860961914,0,True,62,33,True,15,64,2025-11-16 08:07:15
ba_8192_1_9.txt,barabasi_albert_10ins_m20,42,SpecAnn-64,0.3549426037664455,1.00000001,-2022506.0,0.0117278099060058,0,True,62,33,True,16,64,2025-11-16 08:07:15
ba_8192_1_9.txt,barabasi_albert_10ins_m20,42,SpecAnn-64,0.3658664615902029,1.00000001,-2005026.0,0.0116984844207763,0,True,62,33,True,17,64,2025-11-16 08:07:15
ba_8192_1_9.txt,barabasi_albert_10ins_m20,42,SpecAnn-64,0.3764734830828951,1.00000001,-2021438.0,0.011549949645996,0,True,62,33,True,18,64,2025-11-16 08:07:15
ba_8192_1_9.txt,barabasi_albert_10ins_m20,42,SpecAnn-64,0.3867897351437838,1.00000001,-2026928.0,0.011502981185913,0,True,62,33,True,19,64,2025-11-16 08:07:15
ba_8192_1_9.txt,barabasi_albert_10ins_m20,42,SpecAnn-64,0.3968378950662725,1.00000001,-2022438.0,0.0115222930908203,0,True,62,33,True,20,64,2025-11-16 08:07:15
ba_8192_1_9.txt,barabasi_albert_10ins_m20,42,SpecAnn-64,0.4066378372811136,1.00000001,-2018408.0,0.0115032196044921,0,True,62,33,True,21,64,2025-11-16 08:07:15
ba_8192_1_9.txt,barabasi_albert_10ins_m20,42,SpecAnn-64,0.4162070956347247,1.00000001,-2017928.0,0.0115673542022705,0,True,62,33,True,22,64,2025-11-16 08:07:15
ba_8192_1_9.txt,barabasi_albert_10ins_m20,42,SpecAnn-64,0.4255612320274539,1.00000001,-2031272.0,0.0115454196929931,0,True,62,33,True,23,64,2025-11-16 08:07:15
ba_8192_1_9.txt,barabasi_albert_10ins_m20,42,SpecAnn-64,0.434714133601331,1.00000001,-2013840.0,0.0115504264831542,0,True,62,33,True,24,64,2025-11-16 08:07:15
ba_8192_1_9.txt,barabasi_albert_10ins_m20,42,SpecAnn-64,0.4436782547080569,1.00000001,-2001782.0,0.0116047859191894,0,True,62,33,True,25,64,2025-11-16 08:07:15
ba_8192_1_9.txt,barabasi_albert_10ins_m20,42,SpecAnn-64,0.4524648157026343,1.00000001,-2010700.0,0.0116169452667236,0,True,62,33,True,26,64,2025-11-16 08:07:15
ba_8192_1_9.txt,barabasi_albert_10ins_m20,42,SpecAnn-64,0.4610839676207039,1.00000001,-2022158.0,0.0115602016448974,0,True,62,33,True,27,64,2025-11-16 08:07:15
ba_8192_1_9.txt,barabasi_albert_10ins_m20,42,SpecAnn-64,0.4695449296338763,1.00000001,-2027477.9999999995,0.0114722251892089,0,True,62,33,True,28,64,2025-11-16 08:07:15
ba_8192_1_9.txt,barabasi_albert_10ins_m20,42,SpecAnn-64,0.4778561045889373,1.00000001,-2005215.9999999995,0.0114781856536865,0,True,62,33,True,29,64,2025-11-16 08:07:15
ba_8192_1_9.txt,barabasi_albert_10ins_m20,42,SpecAnn-64,0.4860251767562508,1.00000001,-2031786.0,0.0114779472351074,0,True,62,33,True,30,64,2025-11-16 08:07:15
ba_8192_1_9.txt,barabasi_albert_10ins_m20,42,SpecAnn-64,0.4940591950252281,1.00000001,-2028200.0000000005,0.0114550590515136,0,True,62,33,True,31,64,2025-11-16 08:07:15
ba_8192_1_9.txt,barabasi_albert_10ins_m20,42,SpecAnn-64,0.5019646441105269,1.00000001,-2016952.0,0.0114450454711914,0,True,62,33,True,32,64,2025-11-16 08:07:15
ba_8192_1_9.txt,barabasi_albert_10ins_m20,42,SpecAnn-64,0.5097475058154177,1.00000001,-2022888.0,0.0115320682525634,0,True,62,33,True,33,64,2025-11-16 08:07:15
ba_8192_1_9.txt,barabasi_albert_10ins_m20,42,SpecAnn-64,0.51741331199832,1.00000001,-2029598.0,0.0115039348602294,0,True,62,33,True,34,64,2025-11-16 08:07:15
ba_8192_1_9.txt,barabasi_albert_10ins_m20,42,SpecAnn-64,0.5249671905758515,1.00000001,-2015240.0,0.0114343166351318,0,True,62,33,True,35,64,2025-11-16 08:07:15
ba_8192_1_9.txt,barabasi_albert_10ins_m20,42,SpecAnn-64,0.5324139056496683,1.00000001,-2030962.0,0.0114693641662597,0,True,62,33,True,36,64,2025-11-16 08:07:15
ba_8192_1_9.txt,barabasi_albert_10ins_m20,42,SpecAnn-64,0.5397578926492556,1.00000001,-2030080.0,0.0114877223968505,0,True,62,33,True,37,64,2025-11-16 08:07:15
ba_8192_1_9.txt,barabasi_albert_10ins_m20,42,SpecAnn-64,0.5470032892270364,1.00000001,-2024306.0,0.0116825103759765,0,True,62,33,True,38,64,2025-11-16 08:07:15
ba_8192_1_9.txt,barabasi_albert_10ins_m20,42,SpecAnn-64,0.554153962516942,1.00000001,-2024964.0,0.0116946697235107,0,True,62,33,True,39,64,2025-11-16 08:07:15
ba_8192_1_9.txt,barabasi_albert_10ins_m20,42,SpecAnn-64,0.5612135332663137,1.00000001,-2033300.0,0.0116310119628906,0,True,62,33,True,40,64,2025-11-16 08:07:15
ba_8192_1_9.txt,barabasi_albert_10ins_m20,42,SpecAnn-64,0.5681853972686127,1.00000001,-2024582.0,0.0115659236907958,0,True,62,33,True,41,64,2025-11-16 08:07:15
ba_8192_1_9.txt,barabasi_albert_10ins_m20,42,SpecAnn-64,0.5750727444570146,1.00000001,-2020960.0,0.011465311050415,0,True,62,33,True,42,64,2025-11-16 08:07:15
ba_8192_1_9.txt,barabasi_albert_10ins_m20,42,SpecAnn-64,0.5818785759635375,1.00000001,-2033966.0,0.0114853382110595,0,True,62,33,True,43,64,2025-11-16 08:07:15
ba_8192_1_9.txt,barabasi_albert_10ins_m20,42,SpecAnn-64,0.5886057194025436,1.00000001,-2025074.0,0.0114955902099609,0,True,62,33,True,44,64,2025-11-16 08:07:15
ba_8192_1_9.txt,barabasi_albert_10ins_m20,42,SpecAnn-64,0.5952568425994088,1.00000001,-2034857.9999999995,0.0116012096405029,0,True,62,33,True,45,64,2025-11-16 08:07:15
ba_8192_1_9.txt,barabasi_albert_10ins_m20,42,SpecAnn-64,0.6018344659534288,1.00000001,-2015330.0,0.0116941928863525,0,True,62,33,True,46,64,2025-11-16 08:07:15
ba_8192_1_9.txt,barabasi_albert_10ins_m20,42,SpecAnn-64,0.6083409735974393,1.00000001,-2027300.0000000005,0.0116868019104003,0,True,62,33,True,47,64,2025-11-16 08:07:15
ba_8192_1_9.txt,barabasi_albert_10ins_m20,42,SpecAnn-64,0.6147786234942719,1.00000001,-2031946.0,0.0115420818328857,0,True,62,33,True,48,64,2025-11-16 08:07:15
ba_8192_1_9.txt,barabasi_albert_10ins_m20,42,SpecAnn-64,0.6211495565912796,1.00000001,-2032134.0,0.011425495147705,0,True,62,33,True,49,64,2025-11-16 08:07:15
ba_8192_1_9.txt,barabasi_albert_10ins_m20,42,SpecAnn-64,0.6274558051381586,1.00000001,-2013704.0,0.0114688873291015,0,True,62,33,True,50,64,2025-11-16 08:07:15
ba_8192_1_9.txt,barabasi_albert_10ins_m20,42,SpecAnn-64,0.6336993002596786,1.00000001,-2029536.0,0.0114915370941162,0,True,62,33,True,51,64,2025-11-16 08:07:15
ba_8192_1_9.txt,barabasi_albert_10ins_m20,42,SpecAnn-64,0.6398818788633085,1.00000001,-2015702.0,0.0114943981170654,0,True,62,33,True,52,64,2025-11-16 08:07:15
ba_8192_1_9.txt,barabasi_albert_10ins_m20,42,SpecAnn-64,0.6460052899517691,1.00000001,-2016532.0,0.0114526748657226,0,True,62,33,True,53,64,2025-11-16 08:07:15
ba_8192_1_9.txt,barabasi_albert_10ins_m20,42,SpecAnn-64,0.6520712004019966,1.00000001,-2019740.0,0.0114359855651855,0,True,62,33,True,54,64,2025-11-16 08:07:15
ba_8192_1_9.txt,barabasi_albert_10ins_m20,42,SpecAnn-64,0.6580812002646271,1.00000001,-2032144.0,0.0115604400634765,0,True,62,33,True,55,64,2025-11-16 08:07:15
ba_8192_1_9.txt,barabasi_albert_10ins_m20,42,SpecAnn-64,0.6640368076317485,1.00000001,-2038162.0,0.0114738941192626,0,True,62,33,True,56,64,2025-11-16 08:07:15
ba_8192_1_9.txt,barabasi_albert_10ins_m20,42,SpecAnn-64,0.6699394731151429,1.00000001,-2043886.0,0.0114457607269287,0,True,62,33,True,57,64,2025-11-16 08:07:15
ba_8192_1_9.txt,barabasi_albert_10ins_m20,42,SpecAnn-64,0.6757905839724513,1.00000001,-2030564.0,0.0115535259246826,0,True,62,33,True,58,64,2025-11-16 08:07:15
ba_8192_1_9.txt,barabasi_albert_10ins_m20,42,SpecAnn-64,0.6815914679145113,1.00000001,-2026560.0,0.0114309787750244,0,True,62,33,True,59,64,2025-11-16 08:07:15
ba_8192_1_9.txt,barabasi_albert_10ins_m20,42,SpecAnn-64,0.6873433966234707,1.00000001,-2039087.9999999995,0.0114500522613525,0,True,62,33,True,60,64,2025-11-16 08:07:15
ba_8192_1_9.txt,barabasi_albert_10ins_m20,42,SpecAnn-64,0.6930475890080863,1.00000001,-2031446.0,0.0114595890045166,0,True,62,33,True,61,64,2025-11-16 08:07:15
ba_8192_1_9.txt,barabasi_albert_10ins_m20,42,SpecAnn-64,0.6987052142198116,1.00000001,-2036756.0,0.0114238262176513,0,True,62,33,True,62,64,2025-11-16 08:07:15
ba_8192_1_9.txt,barabasi_albert_10ins_m20,42,SpecAnn-64,0.7043173944508145,1.00000001,-2044751.9999999995,0.0114476680755615,0,True,62,33,True,63,64,2025-11-16 08:07:15
ba_8192_1_9.txt,barabasi_albert_10ins_m20,42,SpecAnn-64,0.709885207532891,1.00000001,-2033402.0,0.0114967823028564,0,True,62,33,True,64,64,2025-11-16 08:07:15
ba_8192_1_9.txt,barabasi_albert_10ins_m20,42,SpecAnn-64,0.7154096893543218,1.00000001,-2052964.0,0.011418342590332,0,True,62,33,True,65,64,2025-11-16 08:07:15
ba_8192_1_9.txt,barabasi_albert_10ins_m20,42,SpecAnn-64,0.7208918361100219,1.00000001,-2045174.0,0.0114867687225341,0,True,62,33,True,66,64,2025-11-16 08:07:15
ba_8192_1_9.txt,barabasi_albert_10ins_m20,42,SpecAnn-64,0.7263326063988248,1.00000001,-2048046.0,0.0114445686340332,0,True,62,33,True,67,64,2025-11-16 08:07:15
ba_8192_1_9.txt,barabasi_albert_10ins_m20,42,SpecAnn-64,0.7317329231804058,1.00000001,-2035174.0,0.0114545822143554,0,True,62,33,True,68,64,2025-11-16 08:07:15
ba_8192_1_9.txt,barabasi_albert_10ins_m20,42,SpecAnn-64,0.7370936756031579,1.00000001,-2052240.0,0.0114064216613769,0,True,62,33,True,69,64,2025-11-16 08:07:15
ba_8192_1_9.txt,barabasi_albert_10ins_m20,42,SpecAnn-64,0.7424157207132704,1.00000001,-2040342.0,0.0113840103149414,0,True,62,33,True,70,64,2025-11-16 08:07:15
ba_8192_1_9.txt,barabasi_albert_10ins_m20,42,SpecAnn-64,0.7476998850543153,1.00000001,-2050940.0,0.0114223957061767,0,True,62,33,True,71,64,2025-11-16 08:07:15
ba_8192_1_9.txt,barabasi_albert_10ins_m20,42,SpecAnn-64,0.7529469661657903,1.00000001,-2051036.0,0.0114438533782958,0,True,62,33,True,72,64,2025-11-16 08:07:15
ba_8192_1_9.txt,barabasi_albert_10ins_m20,42,SpecAnn-64,0.7581577339883167,1.00000001,-2044092.0,0.011622667312622,0,True,62,33,True,73,64,2025-11-16 08:07:15
ba_8192_1_9.txt,barabasi_albert_10ins_m20,42,SpecAnn-64,0.7633329321824984,1.00000001,-2046860.0,0.0116009712219238,0,True,62,33,True,74,64,2025-11-16 08:07:15
ba_8192_1_9.txt,barabasi_albert_10ins_m20,42,SpecAnn-64,0.7684732793678399,1.00000001,-2045780.0,0.0116171836853027,0,True,62,33,True,75,64,2025-11-16 08:07:15
ba_8192_1_9.txt,barabasi_albert_10ins_m20,42,SpecAnn-64,0.7735794702875677,1.00000001,-2050604.0,0.0113754272460937,0,True,62,33,True,76,64,2025-11-16 08:07:15
ba_8192_1_9.txt,barabasi_albert_10ins_m20,42,SpecAnn-64,0.7786521769046981,1.00000001,-2041976.0,0.0114650726318359,0,True,62,33,True,77,64,2025-11-16 08:07:15
ba_8192_1_9.txt,barabasi_albert_10ins_m20,42,SpecAnn-64,0.7836920494342511,1.00000001,-2057782.0,0.0114469528198242,0,True,62,33,True,78,64,2025-11-16 08:07:15
ba_8192_1_9.txt,barabasi_albert_10ins_m20,42,SpecAnn-64,0.788699717316095,1.00000001,-2050684.0,0.011430025100708,0,True,62,33,True,79,64,2025-11-16 08:07:15
ba_8192_1_9.txt,barabasi_albert_10ins_m20,42,SpecAnn-64,0.7936757901325451,1.00000001,-2047334.0,0.0114393234252929,0,True,62,33,True,80,64,2025-11-16 08:07:15
ba_8192_1_9.txt,barabasi_albert_10ins_m20,42,SpecAnn-64,0.7986208584745024,1.00000001,-2036010.0,0.0116107463836669,0,True,62,33,True,81,64,2025-11-16 08:07:15
ba_8192_1_9.txt,barabasi_albert_10ins_m20,42,SpecAnn-64,0.803535494759617,1.00000001,-2051000.0000000005,0.0116157531738281,0,True,62,33,True,82,64,2025-11-16 08:07:15
ba_8192_1_9.txt,barabasi_albert_10ins_m20,42,SpecAnn-64,0.8084202540056837,1.00000001,-2054712.0,0.011430025100708,0,True,62,33,True,83,64,2025-11-16 08:07:15
ba_8192_1_9.txt,barabasi_albert_10ins_m20,42,SpecAnn-64,0.8132756745622272,1.00000001,-2046332.0,0.0114483833312988,0,True,62,33,True,84,64,2025-11-16 08:07:15
ba_8192_1_9.txt,barabasi_albert_10ins_m20,42,SpecAnn-64,0.8181022788030096,1.00000001,-2066130.0,0.0115349292755126,0,True,62,33,True,85,64,2025-11-16 08:07:15
ba_8192_1_9.txt,barabasi_albert_10ins_m20,42,SpecAnn-64,0.822900573781978,1.00000001,-2047510.0,0.0115401744842529,0,True,62,33,True,86,64,2025-11-16 08:07:15
ba_8192_1_9.txt,barabasi_albert_10ins_m20,42,SpecAnn-64,0.8276710518549868,1.00000001,-2060578.0,0.0114905834197998,0,True,62,33,True,87,64,2025-11-16 08:07:15
ba_8192_1_9.txt,barabasi_albert_10ins_m20,42,SpecAnn-64,0.8324141912694495,1.00000001,-2039171.9999999995,0.0114798545837402,0,True,62,33,True,88,64,2025-11-16 08:07:15
ba_8192_1_9.txt,barabasi_albert_10ins_m20,42,SpecAnn-64,0.8371304567239225,1.00000001,-2070108.0,0.0114607810974121,0,True,62,33,True,89,64,2025-11-16 08:07:15
ba_8192_1_9.txt,barabasi_albert_10ins_m20,42,SpecAnn-64,0.8418202998994706,1.00000001,-2059684.0,0.0114517211914062,0,True,62,33,True,90,64,2025-11-16 08:07:15
ba_8192_1_9.txt,barabasi_albert_10ins_m20,42,SpecAnn-64,0.846484159964536,1.00000001,-2056124.0,0.0114879608154296,0,True,62,33,True,91,64,2025-11-16 08:07:15
ba_8192_1_9.txt,barabasi_albert_10ins_m20,42,SpecAnn-64,0.8511224640549078,1.00000001,-2065366.0,0.0114481449127197,0,True,62,33,True,92,64,2025-11-16 08:07:15
ba_8192_1_9.txt,barabasi_albert_10ins_m20,42,SpecAnn-64,0.8557356277302758,1.00000001,-2071302.0,0.0114161968231201,0,True,62,33,True,93,64,2025-11-16 08:07:15
ba_8192_1_9.txt,barabasi_albert_10ins_m20,42,SpecAnn-64,0.8603240554087516,1.00000001,-2075778.0,0.0114021301269531,0,True,62,33,True,94,64,2025-11-16 08:07:15
ba_8192_1_9.txt,barabasi_albert_10ins_m20,42,SpecAnn-64,0.86488814078064,1.00000001,-2063278.0,0.011491060256958,0,True,62,33,True,95,64,2025-11-16 08:07:15
ba_8192_1_9.txt,barabasi_albert_10ins_m20,42,SpecAnn-64,0.8694282672026621,1.00000001,-2069290.0,0.0114407539367675,0,True,62,33,True,96,64,2025-11-16 08:07:15
ba_8192_1_9.txt,barabasi_albert_10ins_m20,42,SpecAnn-64,0.8739448080737451,1.00000001,-2069032.0,0.0116338729858398,0,True,62,33,True,97,64,2025-11-16 08:07:15
ba_8192_1_9.txt,barabasi_albert_10ins_m20,42,SpecAnn-64,0.878438127193422,1.00000001,-2071270.0,0.0114407539367675,0,True,62,33,True,98,64,2025-11-16 08:07:15
ba_8192_1_9.txt,barabasi_albert_10ins_m20,42,SpecAnn-64,0.8829085791038153,1.00000001,-2087244.0,0.0114743709564208,0,True,62,33,True,99,64,2025-11-16 08:07:16
ba_8192_1_9.txt,barabasi_albert_10ins_m20,42,SpecAnn-64,0.8873565094161138,1.00000001,-2080288.0,0.0220034122467041,0,True,62,65,True,100,64,2025-11-16 08:07:16
ba_8192_1_9.txt,barabasi_albert_10ins_m20,42,SpecAnn-64,0.8917822551223932,1.00000001,-2081482.0,0.0220420360565185,0,True,62,65,True,101,64,2025-11-16 08:07:16
ba_8192_1_9.txt,barabasi_albert_10ins_m20,42,SpecAnn-64,0.8961861448935777,1.00000001,-2089238.0,0.0222611427307128,0,True,62,65,True,102,64,2025-11-16 08:07:16
ba_8192_1_9.txt,barabasi_albert_10ins_m20,42,SpecAnn-64,0.9005684993642872,1.00000001,-2081661.9999999995,0.0218427181243896,0,True,62,65,True,103,64,2025-11-16 08:07:16
ba_8192_1_9.txt,barabasi_albert_10ins_m20,42,SpecAnn-64,0.9049296314052688,1.00000001,-2087754.0,0.0218653678894042,0,True,62,65,True,104,64,2025-11-16 08:07:16
ba_8192_1_9.txt,barabasi_albert_10ins_m20,42,SpecAnn-64,0.9092698463840684,1.00000001,-2093132.0,0.0218598842620849,0,True,62,65,True,105,64,2025-11-16 08:07:16
ba_8192_1_9.txt,barabasi_albert_10ins_m20,42,SpecAnn-64,0.9135894424145556,1.00000001,-2094978.0,0.0218787193298339,0,True,62,65,True,106,64,2025-11-16 08:07:16
ba_8192_1_9.txt,barabasi_albert_10ins_m20,42,SpecAnn-64,0.9178887105958816,1.00000001,-2117338.0,0.0323693752288818,0,True,62,97,True,107,64,2025-11-16 08:07:16
ba_8192_1_9.txt,barabasi_albert_10ins_m20,42,SpecAnn-64,0.922167935241408,1.00000001,-2113050.0,0.0322732925415039,0,True,62,97,True,108,64,2025-11-16 08:07:16
ba_8192_1_9.txt,barabasi_albert_10ins_m20,42,SpecAnn-64,0.92642739409812,1.00000001,-2112544.0,0.0321955680847168,0,True,62,97,True,109,64,2025-11-16 08:07:16
ba_8192_1_9.txt,barabasi_albert_10ins_m20,42,SpecAnn-64,0.9306673585570006,1.00000001,-2111464.0,0.0321254730224609,0,True,62,97,True,110,64,2025-11-16 08:07:16
ba_8192_1_9.txt,barabasi_albert_10ins_m20,42,SpecAnn-64,0.9348880938548184,1.00000001,-2105542.0000000005,0.0327115058898925,0,True,62,97,True,111,64,2025-11-16 08:07:16
ba_8192_1_9.txt,barabasi_albert_10ins_m20,42,SpecAnn-64,0.9390898592677528,1.00000001,-2090561.9999999995,0.0324594974517822,0,True,62,97,True,112,64,2025-11-16 08:07:16
ba_8192_1_9.txt,barabasi_albert_10ins_m20,42,SpecAnn-64,0.9432729082972536,1.00000001,-2101382.0000000005,0.0321884155273437,0,True,62,97,True,113,64,2025-11-16 08:07:16
ba_8192_1_9.txt,barabasi_albert_10ins_m20,42,SpecAnn-64,0.9474374888485204,1.00000001,-2101024.0,0.0326786041259765,0,True,62,97,True,114,64,2025-11-16 08:07:16
ba_8192_1_9.txt,barabasi_albert_10ins_m20,42,SpecAnn-64,0.9515838434019476,1.00000001,-2100814.0,0.0322012901306152,0,True,62,97,True,115,64,2025-11-16 08:07:16
ba_8192_1_9.txt,barabasi_albert_10ins_m20,42,SpecAnn-64,0.9557122091778746,1.00000001,-2101703.9999999995,0.0321869850158691,0,True,62,97,True,116,64,2025-11-16 08:07:16
ba_8192_1_9.txt,barabasi_albert_10ins_m20,42,SpecAnn-64,0.9598228182949629,1.00000001,-2093984.0,0.0321085453033447,0,True,62,97,True,117,64,2025-11-16 08:07:16
ba_8192_1_9.txt,barabasi_albert_10ins_m20,42,SpecAnn-64,0.963915897922488,1.00000001,-2091717.9999999995,0.0321583747863769,0,True,62,97,True,118,64,2025-11-16 08:07:16
ba_8192_1_9.txt,barabasi_albert_10ins_m20,42,SpecAnn-64,0.967991670426842,1.00000001,-2088290.0,0.032139778137207,0,True,62,97,True,119,64,2025-11-16 08:07:16
ba_8192_1_9.txt,barabasi_albert_10ins_m20,42,SpecAnn-64,0.9720503535125016,1.00000001,-2099449.9999999995,0.032128095626831,0,True,62,97,True,120,64,2025-11-16 08:07:16
ba_8192_1_9.txt,barabasi_albert_10ins_m20,42,SpecAnn-64,0.9760921603577252,1.00000001,-2093396.0,0.03214693069458,0,True,62,97,True,121,64,2025-11-16 08:07:16
ba_8192_1_9.txt,barabasi_albert_10ins_m20,42,SpecAnn-64,0.9801172997452104,1.00000001,-2095360.0,0.0321998596191406,0,True,62,97,True,122,64,2025-11-16 08:07:16
ba_8192_1_9.txt,barabasi_albert_10ins_m20,42,SpecAnn-64,0.9841259761879442,1.00000001,-2098537.9999999995,0.0322418212890625,0,True,62,97,True,123,64,2025-11-16 08:07:16
ba_8192_1_9.txt,barabasi_albert_10ins_m20,42,SpecAnn-64,0.9881183900504562,1.00000001,-2091894.0,0.0321748256683349,0,True,62,97,True,124,64,2025-11-16 08:07:16
ba_8192_1_9.txt,barabasi_albert_10ins_m20,42,SpecAnn-64,0.9920947376656812,1.00000001,-2095610.0,0.0322480201721191,0,True,62,97,True,125,64,2025-11-16 08:07:16
ba_8192_1_9.txt,barabasi_albert_10ins_m20,42,SpecAnn-64,0.9960552114476228,1.00000001,-2097894.0,0.0323479175567626,0,True,62,97,True,126,64,2025-11-16 08:07:16
ba_8192_1_9.txt,barabasi_albert_10ins_m20,42,SpecAnn-64,1.0,1.00000001,-2099986.0,0.032353401184082,0,True,62,97,True,127,64,2025-11-16 08:07:16
ba_8192_1_9.txt,barabasi_albert_10ins_m20,43,SpecAnn-64,0.0,1.00000001,-2031544.0,0.0120282173156738,0,True,67,33,True,0,64,2025-11-16 08:07:16
ba_8192_1_9.txt,barabasi_albert_10ins_m20,43,SpecAnn-64,0.0887356509416113,1.00000001,-2003166.0,0.0114057064056396,0,True,67,33,True,1,64,2025-11-16 08:07:17
ba_8192_1_9.txt,barabasi_albert_10ins_m20,43,SpecAnn-64,0.1254911610276317,1.00000001,-2012880.0,0.0113358497619628,0,True,67,33,True,2,64,2025-11-16 08:07:17
ba_8192_1_9.txt,barabasi_albert_10ins_m20,43,SpecAnn-64,0.1536946558735679,1.00000001,-2013922.0,0.0114848613739013,0,True,67,33,True,3,64,2025-11-16 08:07:17
ba_8192_1_9.txt,barabasi_albert_10ins_m20,43,SpecAnn-64,0.1774713018832227,1.00000001,-2017468.0,0.0114359855651855,0,True,67,33,True,4,64,2025-11-16 08:07:17
ba_8192_1_9.txt,barabasi_albert_10ins_m20,43,SpecAnn-64,0.1984189475331362,1.00000001,-2022556.0,0.0113976001739501,0,True,67,33,True,5,64,2025-11-16 08:07:17
ba_8192_1_9.txt,barabasi_albert_10ins_m20,43,SpecAnn-64,0.2173570668006655,1.00000001,-2026634.0,0.011521577835083,0,True,67,33,True,6,64,2025-11-16 08:07:17
ba_8192_1_9.txt,barabasi_albert_10ins_m20,43,SpecAnn-64,0.2347724648169381,1.00000001,-2028536.0,0.0115759372711181,0,True,67,33,True,7,64,2025-11-16 08:07:17
ba_8192_1_9.txt,barabasi_albert_10ins_m20,43,SpecAnn-64,0.2509823220552634,1.00000001,-2025380.0,0.011568546295166,0,True,67,33,True,8,64,2025-11-16 08:07:17
ba_8192_1_9.txt,barabasi_albert_10ins_m20,43,SpecAnn-64,0.2662069528248341,1.00000001,-2034704.0,0.0115501880645751,0,True,67,33,True,9,64,2025-11-16 08:07:17
ba_8192_1_9.txt,barabasi_albert_10ins_m20,43,SpecAnn-64,0.2806067666331568,1.00000001,-2018800.0,0.0114219188690185,0,True,67,33,True,10,64,2025-11-16 08:07:17
ba_8192_1_9.txt,barabasi_albert_10ins_m20,43,SpecAnn-64,0.2943028597012718,1.00000001,-2025893.9999999995,0.0113868713378906,0,True,67,33,True,11,64,2025-11-16 08:07:17
ba_8192_1_9.txt,barabasi_albert_10ins_m20,43,SpecAnn-64,0.3073893117471359,1.00000001,-2013458.0,0.0113661289215087,0,True,67,33,True,12,64,2025-11-16 08:07:17
ba_8192_1_9.txt,barabasi_albert_10ins_m20,43,SpecAnn-64,0.3199409394316542,1.00000001,-2021980.0,0.011415958404541,0,True,67,33,True,13,64,2025-11-16 08:07:17
ba_8192_1_9.txt,barabasi_albert_10ins_m20,43,SpecAnn-64,0.3320184038158743,1.00000001,-2021778.0,0.0114233493804931,0,True,67,33,True,14,64,2025-11-16 08:07:17
ba_8192_1_9.txt,barabasi_albert_10ins_m20,43,SpecAnn-64,0.3436716983117353,1.00000001,-2017876.0,0.0113966464996337,0,True,67,33,True,15,64,2025-11-16 08:07:17
ba_8192_1_9.txt,barabasi_albert_10ins_m20,43,SpecAnn-64,0.3549426037664455,1.00000001,-2027816.0,0.0113539695739746,0,True,67,33,True,16,64,2025-11-16 08:07:17
ba_8192_1_9.txt,barabasi_albert_10ins_m20,43,SpecAnn-64,0.3658664615902029,1.00000001,-2024089.9999999995,0.0113346576690673,0,True,67,33,True,17,64,2025-11-16 08:07:17
ba_8192_1_9.txt,barabasi_albert_10ins_m20,43,SpecAnn-64,0.3764734830828951,1.00000001,-2021658.0,0.0113706588745117,0,True,67,33,True,18,64,2025-11-16 08:07:17
ba_8192_1_9.txt,barabasi_albert_10ins_m20,43,SpecAnn-64,0.3867897351437838,1.00000001,-2011586.0,0.0113530158996582,0,True,67,33,True,19,64,2025-11-16 08:07:17
ba_8192_1_9.txt,barabasi_albert_10ins_m20,43,SpecAnn-64,0.3968378950662725,1.00000001,-2016184.0,0.0113325119018554,0,True,67,33,True,20,64,2025-11-16 08:07:17
ba_8192_1_9.txt,barabasi_albert_10ins_m20,43,SpecAnn-64,0.4066378372811136,1.00000001,-2018042.0,0.0113911628723144,0,True,67,33,True,21,64,2025-11-16 08:07:17
ba_8192_1_9.txt,barabasi_albert_10ins_m20,43,SpecAnn-64,0.4162070956347247,1.00000001,-2031752.0,0.011354923248291,0,True,67,33,True,22,64,2025-11-16 08:07:17
ba_8192_1_9.txt,barabasi_albert_10ins_m20,43,SpecAnn-64,0.4255612320274539,1.00000001,-2009546.0,0.011409044265747,0,True,67,33,True,23,64,2025-11-16 08:07:17
ba_8192_1_9.txt,barabasi_albert_10ins_m20,43,SpecAnn-64,0.434714133601331,1.00000001,-2023722.0,0.0113396644592285,0,True,67,33,True,24,64,2025-11-16 08:07:17
ba_8192_1_9.txt,barabasi_albert_10ins_m20,43,SpecAnn-64,0.4436782547080569,1.00000001,-2014792.0,0.0113523006439208,0,True,67,33,True,25,64,2025-11-16 08:07:17
ba_8192_1_9.txt,barabasi_albert_10ins_m20,43,SpecAnn-64,0.4524648157026343,1.00000001,-2043240.0,0.0113496780395507,0,True,67,33,True,26,64,2025-11-16 08:07:17
ba_8192_1_9.txt,barabasi_albert_10ins_m20,43,SpecAnn-64,0.4610839676207039,1.00000001,-2029149.9999999995,0.0115201473236083,0,True,67,33,True,27,64,2025-11-16 08:07:17
ba_8192_1_9.txt,barabasi_albert_10ins_m20,43,SpecAnn-64,0.4695449296338763,1.00000001,-2021400.0,0.0115714073181152,0,True,67,33,True,28,64,2025-11-16 08:07:17
ba_8192_1_9.txt,barabasi_albert_10ins_m20,43,SpecAnn-64,0.4778561045889373,1.00000001,-2011468.0,0.0115694999694824,0,True,67,33,True,29,64,2025-11-16 08:07:17
ba_8192_1_9.txt,barabasi_albert_10ins_m20,43,SpecAnn-64,0.4860251767562508,1.00000001,-2037510.0,0.0114455223083496,0,True,67,33,True,30,64,2025-11-16 08:07:17
ba_8192_1_9.txt,barabasi_albert_10ins_m20,43,SpecAnn-64,0.4940591950252281,1.00000001,-2011214.0,0.0112977027893066,0,True,67,33,True,31,64,2025-11-16 08:07:17
ba_8192_1_9.txt,barabasi_albert_10ins_m20,43,SpecAnn-64,0.5019646441105269,1.00000001,-2031358.0,0.0114076137542724,0,True,67,33,True,32,64,2025-11-16 08:07:17
ba_8192_1_9.txt,barabasi_albert_10ins_m20,43,SpecAnn-64,0.5097475058154177,1.00000001,-2025582.0,0.011364459991455,0,True,67,33,True,33,64,2025-11-16 08:07:17
ba_8192_1_9.txt,barabasi_albert_10ins_m20,43,SpecAnn-64,0.51741331199832,1.00000001,-2036536.0,0.0114798545837402,0,True,67,33,True,34,64,2025-11-16 08:07:17
ba_8192_1_9.txt,barabasi_albert_10ins_m20,43,SpecAnn-64,0.5249671905758515,1.00000001,-2013366.0,0.0114028453826904,0,True,67,33,True,35,64,2025-11-16 08:07:17
ba_8192_1_9.txt,barabasi_albert_10ins_m20,43,SpecAnn-64,0.5324139056496683,1.00000001,-2028674.0,0.0114843845367431,0,True,67,33,True,36,64,2025-11-16 08:07:17
ba_8192_1_9.txt,barabasi_albert_10ins_m20,43,SpecAnn-64,0.5397578926492556,1.00000001,-2005712.0,0.0116899013519287,0,True,67,33,True,37,64,2025-11-16 08:07:17
ba_8192_1_9.txt,barabasi_albert_10ins_m20,43,SpecAnn-64,0.5470032892270364,1.00000001,-2033889.9999999995,0.0117225646972656,0,True,67,33,True,38,64,2025-11-16 08:07:17
ba_8192_1_9.txt,barabasi_albert_10ins_m20,43,SpecAnn-64,0.554153962516942,1.00000001,-2025184.0,0.0114960670471191,0,True,67,33,True,39,64,2025-11-16 08:07:17
ba_8192_1_9.txt,barabasi_albert_10ins_m20,43,SpecAnn-64,0.5612135332663137,1.00000001,-2017764.0,0.0114076137542724,0,True,67,33,True,40,64,2025-11-16 08:07:17
ba_8192_1_9.txt,barabasi_albert_10ins_m20,43,SpecAnn-64,0.5681853972686127,1.00000001,-2031616.0,0.0115070343017578,0,True,67,33,True,41,64,2025-11-16 08:07:17
ba_8192_1_9.txt,barabasi_albert_10ins_m20,43,SpecAnn-64,0.5750727444570146,1.00000001,-2016472.0,0.0114753246307373,0,True,67,33,True,42,64,2025-11-16 08:07:17
ba_8192_1_9.txt,barabasi_albert_10ins_m20,43,SpecAnn-64,0.5818785759635375,1.00000001,-2024942.0,0.0116703510284423,0,True,67,33,True,43,64,2025-11-16 08:07:17
ba_8192_1_9.txt,barabasi_albert_10ins_m20,43,SpecAnn-64,0.5886057194025436,1.00000001,-2023234.0,0.0114309787750244,0,True,67,33,True,44,64,2025-11-16 08:07:17
ba_8192_1_9.txt,barabasi_albert_10ins_m20,43,SpecAnn-64,0.5952568425994088,1.00000001,-2008984.0,0.0114815235137939,0,True,67,33,True,45,64,2025-11-16 08:07:17
ba_8192_1_9.txt,barabasi_albert_10ins_m20,43,SpecAnn-64,0.6018344659534288,1.00000001,-2018306.0,0.0114936828613281,0,True,67,33,True,46,64,2025-11-16 08:07:17
ba_8192_1_9.txt,barabasi_albert_10ins_m20,43,SpecAnn-64,0.6083409735974393,1.00000001,-2032620.0,0.0114612579345703,0,True,67,33,True,47,64,2025-11-16 08:07:17
ba_8192_1_9.txt,barabasi_albert_10ins_m20,43,SpecAnn-64,0.6147786234942719,1.00000001,-2020676.0,0.0114295482635498,0,True,67,33,True,48,64,2025-11-16 08:07:17
ba_8192_1_9.txt,barabasi_albert_10ins_m20,43,SpecAnn-64,0.6211495565912796,1.00000001,-2017736.0,0.0115354061126708,0,True,67,33,True,49,64,2025-11-16 08:07:17
ba_8192_1_9.txt,barabasi_albert_10ins_m20,43,SpecAnn-64,0.6274558051381586,1.00000001,-2022566.0,0.0114364624023437,0,True,67,33,True,50,64,2025-11-16 08:07:17
ba_8192_1_9.txt,barabasi_albert_10ins_m20,43,SpecAnn-64,0.6336993002596786,1.00000001,-2029324.0,0.011423110961914,0,True,67,33,True,51,64,2025-11-16 08:07:17
ba_8192_1_9.txt,barabasi_albert_10ins_m20,43,SpecAnn-64,0.6398818788633085,1.00000001,-2026558.0,0.0113821029663085,0,True,67,33,True,52,64,2025-11-16 08:07:17
ba_8192_1_9.txt,barabasi_albert_10ins_m20,43,SpecAnn-64,0.6460052899517691,1.00000001,-2024832.0,0.0114037990570068,0,True,67,33,True,53,64,2025-11-16 08:07:17
ba_8192_1_9.txt,barabasi_albert_10ins_m20,43,SpecAnn-64,0.6520712004019966,1.00000001,-2025634.0,0.011528730392456,0,True,67,33,True,54,64,2025-11-16 08:07:17
ba_8192_1_9.txt,barabasi_albert_10ins_m20,43,SpecAnn-64,0.6580812002646271,1.00000001,-2031348.0,0.0114805698394775,0,True,67,33,True,55,64,2025-11-16 08:07:17
ba_8192_1_9.txt,barabasi_albert_10ins_m20,43,SpecAnn-64,0.6640368076317485,1.00000001,-2029847.9999999995,0.0115048885345458,0,True,67,33,True,56,64,2025-11-16 08:07:17
ba_8192_1_9.txt,barabasi_albert_10ins_m20,43,SpecAnn-64,0.6699394731151429,1.00000001,-2039770.0,0.0116190910339355,0,True,67,33,True,57,64,2025-11-16 08:07:17
ba_8192_1_9.txt,barabasi_albert_10ins_m20,43,SpecAnn-64,0.6757905839724513,1.00000001,-2035276.0,0.0115413665771484,0,True,67,33,True,58,64,2025-11-16 08:07:17
ba_8192_1_9.txt,barabasi_albert_10ins_m20,43,SpecAnn-64,0.6815914679145113,1.00000001,-2031834.0,0.0114362239837646,0,True,67,33,True,59,64,2025-11-16 08:07:17
ba_8192_1_9.txt,barabasi_albert_10ins_m20,43,SpecAnn-64,0.6873433966234707,1.00000001,-2033046.0,0.0114495754241943,0,True,67,33,True,60,64,2025-11-16 08:07:17
ba_8192_1_9.txt,barabasi_albert_10ins_m20,43,SpecAnn-64,0.6930475890080863,1.00000001,-2029280.0,0.0114622116088867,0,True,67,33,True,61,64,2025-11-16 08:07:17
ba_8192_1_9.txt,barabasi_albert_10ins_m20,43,SpecAnn-64,0.6987052142198116,1.00000001,-2046564.0,0.0114107131958007,0,True,67,33,True,62,64,2025-11-16 08:07:17
ba_8192_1_9.txt,barabasi_albert_10ins_m20,43,SpecAnn-64,0.7043173944508145,1.00000001,-2034030.0,0.0115337371826171,0,True,67,33,True,63,64,2025-11-16 08:07:17
ba_8192_1_9.txt,barabasi_albert_10ins_m20,43,SpecAnn-64,0.709885207532891,1.00000001,-2028138.0,0.0116503238677978,0,True,67,33,True,64,64,2025-11-16 08:07:17
ba_8192_1_9.txt,barabasi_albert_10ins_m20,43,SpecAnn-64,0.7154096893543218,1.00000001,-2024952.0,0.011636734008789,0,True,67,33,True,65,64,2025-11-16 08:07:17
ba_8192_1_9.txt,barabasi_albert_10ins_m20,43,SpecAnn-64,0.7208918361100219,1.00000001,-2028478.0,0.0116195678710937,0,True,67,33,True,66,64,2025-11-16 08:07:17
ba_8192_1_9.txt,barabasi_albert_10ins_m20,43,SpecAnn-64,0.7263326063988248,1.00000001,-2040231.9999999995,0.0114567279815673,0,True,67,33,True,67,64,2025-11-16 08:07:17
ba_8192_1_9.txt,barabasi_albert_10ins_m20,43,SpecAnn-64,0.7317329231804058,1.00000001,-2030552.0,0.0114233493804931,0,True,67,33,True,68,64,2025-11-16 08:07:17
ba_8192_1_9.txt,barabasi_albert_10ins_m20,43,SpecAnn-64,0.7370936756031579,1.00000001,-2045680.0,0.0113825798034667,0,True,67,33,True,69,64,2025-11-16 08:07:17
ba_8192_1_9.txt,barabasi_albert_10ins_m20,43,SpecAnn-64,0.7424157207132704,1.00000001,-2041326.0,0.0114068984985351,0,True,67,33,True,70,64,2025-11-16 08:07:17
ba_8192_1_9.txt,barabasi_albert_10ins_m20,43,SpecAnn-64,0.7476998850543153,1.00000001,-2038594.0,0.0113997459411621,0,True,67,33,True,71,64,2025-11-16 08:07:17
ba_8192_1_9.txt,barabasi_albert_10ins_m20,43,SpecAnn-64,0.7529469661657903,1.00000001,-2043892.0,0.0114288330078125,0,True,67,33,True,72,64,2025-11-16 08:07:17
ba_8192_1_9.txt,barabasi_albert_10ins_m20,43,SpecAnn-64,0.7581577339883167,1.00000001,-2040469.9999999995,0.0114014148712158,0,True,67,33,True,73,64,2025-11-16 08:07:17
ba_8192_1_9.txt,barabasi_albert_10ins_m20,43,SpecAnn-64,0.7633329321824984,1.00000001,-2039690.0,0.011368989944458,0,True,67,33,True,74,64,2025-11-16 08:07:17
ba_8192_1_9.txt,barabasi_albert_10ins_m20,43,SpecAnn-64,0.7684732793678399,1.00000001,-2044776.0,0.0113611221313476,0,True,67,33,True,75,64,2025-11-16 08:07:17
ba_8192_1_9.txt,barabasi_albert_10ins_m20,43,SpecAnn-64,0.7735794702875677,1.00000001,-2038920.0,0.0113773345947265,0,True,67,33,True,76,64,2025-11-16 08:07:17
ba_8192_1_9.txt,barabasi_albert_10ins_m20,43,SpecAnn-64,0.7786521769046981,1.00000001,-2039172.0000000005,0.0113987922668457,0,True,67,33,True,77,64,2025-11-16 08:07:17
ba_8192_1_9.txt,barabasi_albert_10ins_m20,43,SpecAnn-64,0.7836920494342511,1.00000001,-2037916.0,0.011409044265747,0,True,67,33,True,78,64,2025-11-16 08:07:17
ba_8192_1_9.txt,barabasi_albert_10ins_m20,43,SpecAnn-64,0.788699717316095,1.00000001,-2037848.0,0.0113887786865234,0,True,67,33,True,79,64,2025-11-16 08:07:17
ba_8192_1_9.txt,barabasi_albert_10ins_m20,43,SpecAnn-64,0.7936757901325451,1.00000001,-2046200.0000000005,0.0114312171936035,0,True,67,33,True,80,64,2025-11-16 08:07:17
ba_8192_1_9.txt,barabasi_albert_10ins_m20,43,SpecAnn-64,0.7986208584745024,1.00000001,-2047042.0,0.0114884376525878,0,True,67,33,True,81,64,2025-11-16 08:07:17
ba_8192_1_9.txt,barabasi_albert_10ins_m20,43,SpecAnn-64,0.803535494759617,1.00000001,-2041070.0,0.0113794803619384,0,True,67,33,True,82,64,2025-11-16 08:07:17
ba_8192_1_9.txt,barabasi_albert_10ins_m20,43,SpecAnn-64,0.8084202540056837,1.00000001,-2047078.0,0.0113911628723144,0,True,67,33,True,83,64,2025-11-16 08:07:17
ba_8192_1_9.txt,barabasi_albert_10ins_m20,43,SpecAnn-64,0.8132756745622272,1.00000001,-2046112.0,0.0114309787750244,0,True,67,33,True,84,64,2025-11-16 08:07:17
ba_8192_1_9.txt,barabasi_albert_10ins_m20,43,SpecAnn-64,0.8181022788030096,1.00000001,-2047436.0,0.011415958404541,0,True,67,33,True,85,64,2025-11-16 08:07:17
ba_8192_1_9.txt,barabasi_albert_10ins_m20,43,SpecAnn-64,0.822900573781978,1.00000001,-2057260.0,0.0114219188690185,0,True,67,33,True,86,64,2025-11-16 08:07:17
ba_8192_1_9.txt,barabasi_albert_10ins_m20,43,SpecAnn-64,0.8276710518549868,1.00000001,-2039600.0,0.0113682746887207,0,True,67,33,True,87,64,2025-11-16 08:07:17
ba_8192_1_9.txt,barabasi_albert_10ins_m20,43,SpecAnn-64,0.8324141912694495,1.00000001,-2059210.0,0.0114452838897705,0,True,67,33,True,88,64,2025-11-16 08:07:17
ba_8192_1_9.txt,barabasi_albert_10ins_m20,43,SpecAnn-64,0.8371304567239225,1.00000001,-2060390.0,0.0114352703094482,0,True,67,33,True,89,64,2025-11-16 08:07:18
ba_8192_1_9.txt,barabasi_albert_10ins_m20,43,SpecAnn-64,0.8418202998994706,1.00000001,-2051538.0,0.0114164352416992,0,True,67,33,True,90,64,2025-11-16 08:07:18
ba_8192_1_9.txt,barabasi_albert_10ins_m20,43,SpecAnn-64,0.846484159964536,1.00000001,-2064901.9999999995,0.0114336013793945,0,True,67,33,True,91,64,2025-11-16 08:07:18
ba_8192_1_9.txt,barabasi_albert_10ins_m20,43,SpecAnn-64,0.8511224640549078,1.00000001,-2071862.0,0.0113987922668457,0,True,67,33,True,92,64,2025-11-16 08:07:18
ba_8192_1_9.txt,barabasi_albert_10ins_m20,43,SpecAnn-64,0.8557356277302758,1.00000001,-2061882.0,0.011460542678833,0,True,67,33,True,93,64,2025-11-16 08:07:18
ba_8192_1_9.txt,barabasi_albert_10ins_m20,43,SpecAnn-64,0.8603240554087516,1.00000001,-2064502.0,0.0114758014678955,0,True,67,33,True,94,64,2025-11-16 08:07:18
ba_8192_1_9.txt,barabasi_albert_10ins_m20,43,SpecAnn-64,0.86488814078064,1.00000001,-2064766.0,0.0116477012634277,0,True,67,33,True,95,64,2025-11-16 08:07:18
ba_8192_1_9.txt,barabasi_albert_10ins_m20,43,SpecAnn-64,0.8694282672026621,1.00000001,-2063204.0,0.0116574764251708,0,True,67,33,True,96,64,2025-11-16 08:07:18
ba_8192_1_9.txt,barabasi_albert_10ins_m20,43,SpecAnn-64,0.8739448080737451,1.00000001,-2065770.0,0.0115771293640136,0,True,67,33,True,97,64,2025-11-16 08:07:18
ba_8192_1_9.txt,barabasi_albert_10ins_m20,43,SpecAnn-64,0.878438127193422,1.00000001,-2073551.9999999995,0.0114283561706542,0,True,67,33,True,98,64,2025-11-16 08:07:18
ba_8192_1_9.txt,barabasi_albert_10ins_m20,43,SpecAnn-64,0.8829085791038153,1.00000001,-2092626.0,0.011441946029663,0,True,67,33,True,99,64,2025-11-16 08:07:18
ba_8192_1_9.txt,barabasi_albert_10ins_m20,43,SpecAnn-64,0.8873565094161138,1.00000001,-2076320.0,0.0217559337615966,0,True,67,65,True,100,64,2025-11-16 08:07:18
ba_8192_1_9.txt,barabasi_albert_10ins_m20,43,SpecAnn-64,0.8917822551223932,1.00000001,-2085766.0,0.0218489170074462,0,True,67,65,True,101,64,2025-11-16 08:07:18
ba_8192_1_9.txt,barabasi_albert_10ins_m20,43,SpecAnn-64,0.8961861448935777,1.00000001,-2095402.0,0.0217738151550292,0,True,67,65,True,102,64,2025-11-16 08:07:18
ba_8192_1_9.txt,barabasi_albert_10ins_m20,43,SpecAnn-64,0.9005684993642872,1.00000001,-2097666.0,0.0217065811157226,0,True,67,65,True,103,64,2025-11-16 08:07:18
ba_8192_1_9.txt,barabasi_albert_10ins_m20,43,SpecAnn-64,0.9049296314052688,1.00000001,-2097440.0,0.0217716693878173,0,True,67,65,True,104,64,2025-11-16 08:07:18
ba_8192_1_9.txt,barabasi_albert_10ins_m20,43,SpecAnn-64,0.9092698463840684,1.00000001,-2088216.0,0.0218510627746582,0,True,67,65,True,105,64,2025-11-16 08:07:18
ba_8192_1_9.txt,barabasi_albert_10ins_m20,43,SpecAnn-64,0.9135894424145556,1.00000001,-2098373.9999999995,0.0218088626861572,0,True,67,65,True,106,64,2025-11-16 08:07:18
ba_8192_1_9.txt,barabasi_albert_10ins_m20,43,SpecAnn-64,0.9178887105958816,1.00000001,-2115430.0,0.0325303077697753,0,True,67,97,True,107,64,2025-11-16 08:07:18
ba_8192_1_9.txt,barabasi_albert_10ins_m20,43,SpecAnn-64,0.922167935241408,1.00000001,-2110560.0,0.0324199199676513,0,True,67,97,True,108,64,2025-11-16 08:07:18
ba_8192_1_9.txt,barabasi_albert_10ins_m20,43,SpecAnn-64,0.92642739409812,1.00000001,-2111170.0,0.0320677757263183,0,True,67,97,True,109,64,2025-11-16 08:07:18
ba_8192_1_9.txt,barabasi_albert_10ins_m20,43,SpecAnn-64,0.9306673585570006,1.00000001,-2114820.0,0.0320994853973388,0,True,67,97,True,110,64,2025-11-16 08:07:18
ba_8192_1_9.txt,barabasi_albert_10ins_m20,43,SpecAnn-64,0.9348880938548184,1.00000001,-2108034.0,0.0326762199401855,0,True,67,97,True,111,64,2025-11-16 08:07:18
ba_8192_1_9.txt,barabasi_albert_10ins_m20,43,SpecAnn-64,0.9390898592677528,1.00000001,-2099182.0,0.0321688652038574,0,True,67,97,True,112,64,2025-11-16 08:07:18
ba_8192_1_9.txt,barabasi_albert_10ins_m20,43,SpecAnn-64,0.9432729082972536,1.00000001,-2106050.0000000005,0.0320186614990234,0,True,67,97,True,113,64,2025-11-16 08:07:18
ba_8192_1_9.txt,barabasi_albert_10ins_m20,43,SpecAnn-64,0.9474374888485204,1.00000001,-2099224.0,0.0320291519165039,0,True,67,97,True,114,64,2025-11-16 08:07:18
ba_8192_1_9.txt,barabasi_albert_10ins_m20,43,SpecAnn-64,0.9515838434019476,1.00000001,-2094884.0,0.0320277214050293,0,True,67,97,True,115,64,2025-11-16 08:07:18
ba_8192_1_9.txt,barabasi_albert_10ins_m20,43,SpecAnn-64,0.9557122091778746,1.00000001,-2096729.9999999995,0.0321254730224609,0,True,67,97,True,116,64,2025-11-16 08:07:18
ba_8192_1_9.txt,barabasi_albert_10ins_m20,43,SpecAnn-64,0.9598228182949629,1.00000001,-2091706.0,0.0320360660552978,0,True,67,97,True,117,64,2025-11-16 08:07:18
ba_8192_1_9.txt,barabasi_albert_10ins_m20,43,SpecAnn-64,0.963915897922488,1.00000001,-2087741.9999999995,0.0321228504180908,0,True,67,97,True,118,64,2025-11-16 08:07:18
ba_8192_1_9.txt,barabasi_albert_10ins_m20,43,SpecAnn-64,0.967991670426842,1.00000001,-2089468.0,0.0320932865142822,0,True,67,97,True,119,64,2025-11-16 08:07:18
ba_8192_1_9.txt,barabasi_albert_10ins_m20,43,SpecAnn-64,0.9720503535125016,1.00000001,-2090728.0,0.0322034358978271,0,True,67,97,True,120,64,2025-11-16 08:07:18
ba_8192_1_9.txt,barabasi_albert_10ins_m20,43,SpecAnn-64,0.9760921603577252,1.00000001,-2100732.0,0.0322010517120361,0,True,67,97,True,121,64,2025-11-16 08:07:18
ba_8192_1_9.txt,barabasi_albert_10ins_m20,43,SpecAnn-64,0.9801172997452104,1.00000001,-2097936.0,0.0320887565612793,0,True,67,97,True,122,64,2025-11-16 08:07:18
ba_8192_1_9.txt,barabasi_albert_10ins_m20,43,SpecAnn-64,0.9841259761879442,1.00000001,-2095827.9999999995,0.0323255062103271,0,True,67,97,True,123,64,2025-11-16 08:07:18
ba_8192_1_9.txt,barabasi_albert_10ins_m20,43,SpecAnn-64,0.9881183900504562,1.00000001,-2085002.0,0.0322475433349609,0,True,67,97,True,124,64,2025-11-16 08:07:18
ba_8192_1_9.txt,barabasi_albert_10ins_m20,43,SpecAnn-64,0.9920947376656812,1.00000001,-2086838.0,0.0322701930999755,0,True,67,97,True,125,64,2025-11-16 08:07:18
ba_8192_1_9.txt,barabasi_albert_10ins_m20,43,SpecAnn-64,0.9960552114476228,1.00000001,-2090560.0,0.0322403907775878,0,True,67,97,True,126,64,2025-11-16 08:07:18
ba_8192_1_9.txt,barabasi_albert_10ins_m20,43,SpecAnn-64,1.0,1.00000001,-2076422.0,0.0321981906890869,0,True,67,97,True,127,64,2025-11-16 08:07:18
ba_8192_1_9.txt,barabasi_albert_10ins_m20,44,SpecAnn-64,0.0,1.00000001,-2034288.0,0.012251853942871,0,True,63,33,True,0,64,2025-11-16 08:07:19
ba_8192_1_9.txt,barabasi_albert_10ins_m20,44,SpecAnn-64,0.0887356509416113,1.00000001,-2029724.0,0.0115110874176025,0,True,63,33,True,1,64,2025-11-16 08:07:19
ba_8192_1_9.txt,barabasi_albert_10ins_m20,44,SpecAnn-64,0.1254911610276317,1.00000001,-2018900.0,0.011383056640625,0,True,63,33,True,2,64,2025-11-16 08:07:19
ba_8192_1_9.txt,barabasi_albert_10ins_m20,44,SpecAnn-64,0.1536946558735679,1.00000001,-2021980.0,0.0114674568176269,0,True,63,33,True,3,64,2025-11-16 08:07:19
ba_8192_1_9.txt,barabasi_albert_10ins_m20,44,SpecAnn-64,0.1774713018832227,1.00000001,-2023286.0,0.0114815235137939,0,True,63,33,True,4,64,2025-11-16 08:07:19
ba_8192_1_9.txt,barabasi_albert_10ins_m20,44,SpecAnn-64,0.1984189475331362,1.00000001,-2002482.0,0.0113916397094726,0,True,63,33,True,5,64,2025-11-16 08:07:19
ba_8192_1_9.txt,barabasi_albert_10ins_m20,44,SpecAnn-64,0.2173570668006655,1.00000001,-2019070.0,0.0114064216613769,0,True,63,33,True,6,64,2025-11-16 08:07:19
ba_8192_1_9.txt,barabasi_albert_10ins_m20,44,SpecAnn-64,0.2347724648169381,1.00000001,-2021866.0,0.0114350318908691,0,True,63,33,True,7,64,2025-11-16 08:07:19
ba_8192_1_9.txt,barabasi_albert_10ins_m20,44,SpecAnn-64,0.2509823220552634,1.00000001,-2023133.9999999995,0.0114037990570068,0,True,63,33,True,8,64,2025-11-16 08:07:19
ba_8192_1_9.txt,barabasi_albert_10ins_m20,44,SpecAnn-64,0.2662069528248341,1.00000001,-2019100.0,0.0114340782165527,0,True,63,33,True,9,64,2025-11-16 08:07:19
ba_8192_1_9.txt,barabasi_albert_10ins_m20,44,SpecAnn-64,0.2806067666331568,1.00000001,-2027682.0,0.0114374160766601,0,True,63,33,True,10,64,2025-11-16 08:07:19
ba_8192_1_9.txt,barabasi_albert_10ins_m20,44,SpecAnn-64,0.2943028597012718,1.00000001,-2020048.0,0.0113980770111083,0,True,63,33,True,11,64,2025-11-16 08:07:19
ba_8192_1_9.txt,barabasi_albert_10ins_m20,44,SpecAnn-64,0.3073893117471359,1.00000001,-2028130.0000000005,0.0114374160766601,0,True,63,33,True,12,64,2025-11-16 08:07:19
ba_8192_1_9.txt,barabasi_albert_10ins_m20,44,SpecAnn-64,0.3199409394316542,1.00000001,-2013284.0,0.0116844177246093,0,True,63,33,True,13,64,2025-11-16 08:07:19
ba_8192_1_9.txt,barabasi_albert_10ins_m20,44,SpecAnn-64,0.3320184038158743,1.00000001,-2029138.0,0.0116369724273681,0,True,63,33,True,14,64,2025-11-16 08:07:19
ba_8192_1_9.txt,barabasi_albert_10ins_m20,44,SpecAnn-64,0.3436716983117353,1.00000001,-2021152.0,0.0116207599639892,0,True,63,33,True,15,64,2025-11-16 08:07:19
ba_8192_1_9.txt,barabasi_albert_10ins_m20,44,SpecAnn-64,0.3549426037664455,1.00000001,-2038518.0,0.0115163326263427,0,True,63,33,True,16,64,2025-11-16 08:07:19
ba_8192_1_9.txt,barabasi_albert_10ins_m20,44,SpecAnn-64,0.3658664615902029,1.00000001,-2002661.9999999995,0.0114219188690185,0,True,63,33,True,17,64,2025-11-16 08:07:19
ba_8192_1_9.txt,barabasi_albert_10ins_m20,44,SpecAnn-64,0.3764734830828951,1.00000001,-2026004.0,0.0114033222198486,0,True,63,33,True,18,64,2025-11-16 08:07:19
ba_8192_1_9.txt,barabasi_albert_10ins_m20,44,SpecAnn-64,0.3867897351437838,1.00000001,-2006290.0,0.0113909244537353,0,True,63,33,True,19,64,2025-11-16 08:07:19
ba_8192_1_9.txt,barabasi_albert_10ins_m20,44,SpecAnn-64,0.3968378950662725,1.00000001,-1998846.0,0.0114157199859619,0,True,63,33,True,20,64,2025-11-16 08:07:19
ba_8192_1_9.txt,barabasi_albert_10ins_m20,44,SpecAnn-64,0.4066378372811136,1.00000001,-2008760.0,0.011491060256958,0,True,63,33,True,21,64,2025-11-16 08:07:19
ba_8192_1_9.txt,barabasi_albert_10ins_m20,44,SpecAnn-64,0.4162070956347247,1.00000001,-2003358.0,0.0116031169891357,0,True,63,33,True,22,64,2025-11-16 08:07:19
ba_8192_1_9.txt,barabasi_albert_10ins_m20,44,SpecAnn-64,0.4255612320274539,1.00000001,-2033928.0,0.0116474628448486,0,True,63,33,True,23,64,2025-11-16 08:07:19
ba_8192_1_9.txt,barabasi_albert_10ins_m20,44,SpecAnn-64,0.434714133601331,1.00000001,-2011100.0,0.0117115974426269,0,True,63,33,True,24,64,2025-11-16 08:07:19
ba_8192_1_9.txt,barabasi_albert_10ins_m20,44,SpecAnn-64,0.4436782547080569,1.00000001,-2014590.0,0.011704683303833,0,True,63,33,True,25,64,2025-11-16 08:07:19
ba_8192_1_9.txt,barabasi_albert_10ins_m20,44,SpecAnn-64,0.4524648157026343,1.00000001,-2014218.0,0.0117878913879394,0,True,63,33,True,26,64,2025-11-16 08:07:19
ba_8192_1_9.txt,barabasi_albert_10ins_m20,44,SpecAnn-64,0.4610839676207039,1.00000001,-2015865.9999999995,0.0116286277770996,0,True,63,33,True,27,64,2025-11-16 08:07:19
ba_8192_1_9.txt,barabasi_albert_10ins_m20,44,SpecAnn-64,0.4695449296338763,1.00000001,-2021828.0,0.0116074085235595,0,True,63,33,True,28,64,2025-11-16 08:07:19
ba_8192_1_9.txt,barabasi_albert_10ins_m20,44,SpecAnn-64,0.4778561045889373,1.00000001,-2011256.0,0.0115888118743896,0,True,63,33,True,29,64,2025-11-16 08:07:19
ba_8192_1_9.txt,barabasi_albert_10ins_m20,44,SpecAnn-64,0.4860251767562508,1.00000001,-2026280.0,0.0114810466766357,0,True,63,33,True,30,64,2025-11-16 08:07:19
ba_8192_1_9.txt,barabasi_albert_10ins_m20,44,SpecAnn-64,0.4940591950252281,1.00000001,-2004126.0,0.0113754272460937,0,True,63,33,True,31,64,2025-11-16 08:07:19
ba_8192_1_9.txt,barabasi_albert_10ins_m20,44,SpecAnn-64,0.5019646441105269,1.00000001,-2018558.0,0.0113699436187744,0,True,63,33,True,32,64,2025-11-16 08:07:19
ba_8192_1_9.txt,barabasi_albert_10ins_m20,44,SpecAnn-64,0.5097475058154177,1.00000001,-2040496.0,0.0115041732788085,0,True,63,33,True,33,64,2025-11-16 08:07:19
ba_8192_1_9.txt,barabasi_albert_10ins_m20,44,SpecAnn-64,0.51741331199832,1.00000001,-2013044.0,0.0114798545837402,0,True,63,33,True,34,64,2025-11-16 08:07:19
ba_8192_1_9.txt,barabasi_albert_10ins_m20,44,SpecAnn-64,0.5249671905758515,1.00000001,-2019562.0,0.0116937160491943,0,True,63,33,True,35,64,2025-11-16 08:07:19
ba_8192_1_9.txt,barabasi_albert_10ins_m20,44,SpecAnn-64,0.5324139056496683,1.00000001,-2013400.0,0.011570930480957,0,True,63,33,True,36,64,2025-11-16 08:07:19
ba_8192_1_9.txt,barabasi_albert_10ins_m20,44,SpecAnn-64,0.5397578926492556,1.00000001,-2018048.0,0.0115835666656494,0,True,63,33,True,37,64,2025-11-16 08:07:19
ba_8192_1_9.txt,barabasi_albert_10ins_m20,44,SpecAnn-64,0.5470032892270364,1.00000001,-2022598.0,0.0115516185760498,0,True,63,33,True,38,64,2025-11-16 08:07:19
ba_8192_1_9.txt,barabasi_albert_10ins_m20,44,SpecAnn-64,0.554153962516942,1.00000001,-2030772.0,0.0113708972930908,0,True,63,33,True,39,64,2025-11-16 08:07:19
ba_8192_1_9.txt,barabasi_albert_10ins_m20,44,SpecAnn-64,0.5612135332663137,1.00000001,-2015124.0,0.0113580226898193,0,True,63,33,True,40,64,2025-11-16 08:07:19
ba_8192_1_9.txt,barabasi_albert_10ins_m20,44,SpecAnn-64,0.5681853972686127,1.00000001,-2011926.0,0.0113966464996337,0,True,63,33,True,41,64,2025-11-16 08:07:19
ba_8192_1_9.txt,barabasi_albert_10ins_m20,44,SpecAnn-64,0.5750727444570146,1.00000001,-2027328.0,0.0114457607269287,0,True,63,33,True,42,64,2025-11-16 08:07:19
ba_8192_1_9.txt,barabasi_albert_10ins_m20,44,SpecAnn-64,0.5818785759635375,1.00000001,-2025728.0000000005,0.0115523338317871,0,True,63,33,True,43,64,2025-11-16 08:07:19
ba_8192_1_9.txt,barabasi_albert_10ins_m20,44,SpecAnn-64,0.5886057194025436,1.00000001,-2022998.0,0.0117340087890625,0,True,63,33,True,44,64,2025-11-16 08:07:19
ba_8192_1_9.txt,barabasi_albert_10ins_m20,44,SpecAnn-64,0.5952568425994088,1.00000001,-2034372.0,0.0116379261016845,0,True,63,33,True,45,64,2025-11-16 08:07:19
ba_8192_1_9.txt,barabasi_albert_10ins_m20,44,SpecAnn-64,0.6018344659534288,1.00000001,-2024614.0,0.0116050243377685,0,True,63,33,True,46,64,2025-11-16 08:07:19
ba_8192_1_9.txt,barabasi_albert_10ins_m20,44,SpecAnn-64,0.6083409735974393,1.00000001,-2030118.0,0.0116209983825683,0,True,63,33,True,47,64,2025-11-16 08:07:19
ba_8192_1_9.txt,barabasi_albert_10ins_m20,44,SpecAnn-64,0.6147786234942719,1.00000001,-2021602.0,0.01141357421875,0,True,63,33,True,48,64,2025-11-16 08:07:19
ba_8192_1_9.txt,barabasi_albert_10ins_m20,44,SpecAnn-64,0.6211495565912796,1.00000001,-2009708.0,0.0114917755126953,0,True,63,33,True,49,64,2025-11-16 08:07:19
ba_8192_1_9.txt,barabasi_albert_10ins_m20,44,SpecAnn-64,0.6274558051381586,1.00000001,-2030982.0,0.0113730430603027,0,True,63,33,True,50,64,2025-11-16 08:07:19
ba_8192_1_9.txt,barabasi_albert_10ins_m20,44,SpecAnn-64,0.6336993002596786,1.00000001,-2026820.0,0.0114130973815917,0,True,63,33,True,51,64,2025-11-16 08:07:19
ba_8192_1_9.txt,barabasi_albert_10ins_m20,44,SpecAnn-64,0.6398818788633085,1.00000001,-2043730.0,0.0116446018218994,0,True,63,33,True,52,64,2025-11-16 08:07:19
ba_8192_1_9.txt,barabasi_albert_10ins_m20,44,SpecAnn-64,0.6460052899517691,1.00000001,-2024636.0,0.0116221904754638,0,True,63,33,True,53,64,2025-11-16 08:07:19
ba_8192_1_9.txt,barabasi_albert_10ins_m20,44,SpecAnn-64,0.6520712004019966,1.00000001,-2027696.0,0.0116302967071533,0,True,63,33,True,54,64,2025-11-16 08:07:19
ba_8192_1_9.txt,barabasi_albert_10ins_m20,44,SpecAnn-64,0.6580812002646271,1.00000001,-2030678.0,0.0114400386810302,0,True,63,33,True,55,64,2025-11-16 08:07:19
ba_8192_1_9.txt,barabasi_albert_10ins_m20,44,SpecAnn-64,0.6640368076317485,1.00000001,-2031244.0,0.0114862918853759,0,True,63,33,True,56,64,2025-11-16 08:07:19
ba_8192_1_9.txt,barabasi_albert_10ins_m20,44,SpecAnn-64,0.6699394731151429,1.00000001,-2040834.0,0.0114321708679199,0,True,63,33,True,57,64,2025-11-16 08:07:19
ba_8192_1_9.txt,barabasi_albert_10ins_m20,44,SpecAnn-64,0.6757905839724513,1.00000001,-2036318.0,0.0114111900329589,0,True,63,33,True,58,64,2025-11-16 08:07:19
ba_8192_1_9.txt,barabasi_albert_10ins_m20,44,SpecAnn-64,0.6815914679145113,1.00000001,-2022610.0,0.0114226341247558,0,True,63,33,True,59,64,2025-11-16 08:07:19
ba_8192_1_9.txt,barabasi_albert_10ins_m20,44,SpecAnn-64,0.6873433966234707,1.00000001,-2033522.0,0.011392593383789,0,True,63,33,True,60,64,2025-11-16 08:07:19
ba_8192_1_9.txt,barabasi_albert_10ins_m20,44,SpecAnn-64,0.6930475890080863,1.00000001,-2015070.0,0.0114457607269287,0,True,63,33,True,61,64,2025-11-16 08:07:19
ba_8192_1_9.txt,barabasi_albert_10ins_m20,44,SpecAnn-64,0.6987052142198116,1.00000001,-2024432.0,0.0114085674285888,0,True,63,33,True,62,64,2025-11-16 08:07:19
ba_8192_1_9.txt,barabasi_albert_10ins_m20,44,SpecAnn-64,0.7043173944508145,1.00000001,-2020864.0,0.0113954544067382,0,True,63,33,True,63,64,2025-11-16 08:07:19
ba_8192_1_9.txt,barabasi_albert_10ins_m20,44,SpecAnn-64,0.709885207532891,1.00000001,-2023300.0,0.0114147663116455,0,True,63,33,True,64,64,2025-11-16 08:07:19
ba_8192_1_9.txt,barabasi_albert_10ins_m20,44,SpecAnn-64,0.7154096893543218,1.00000001,-2016141.9999999995,0.0114455223083496,0,True,63,33,True,65,64,2025-11-16 08:07:19
ba_8192_1_9.txt,barabasi_albert_10ins_m20,44,SpecAnn-64,0.7208918361100219,1.00000001,-2024840.0,0.0114264488220214,0,True,63,33,True,66,64,2025-11-16 08:07:19
ba_8192_1_9.txt,barabasi_albert_10ins_m20,44,SpecAnn-64,0.7263326063988248,1.00000001,-2036850.0,0.0113821029663085,0,True,63,33,True,67,64,2025-11-16 08:07:19
ba_8192_1_9.txt,barabasi_albert_10ins_m20,44,SpecAnn-64,0.7317329231804058,1.00000001,-2020375.9999999995,0.011354923248291,0,True,63,33,True,68,64,2025-11-16 08:07:19
ba_8192_1_9.txt,barabasi_albert_10ins_m20,44,SpecAnn-64,0.7370936756031579,1.00000001,-2049582.0,0.0114369392395019,0,True,63,33,True,69,64,2025-11-16 08:07:19
ba_8192_1_9.txt,barabasi_albert_10ins_m20,44,SpecAnn-64,0.7424157207132704,1.00000001,-2038550.0,0.0114068984985351,0,True,63,33,True,70,64,2025-11-16 08:07:19
ba_8192_1_9.txt,barabasi_albert_10ins_m20,44,SpecAnn-64,0.7476998850543153,1.00000001,-2043579.9999999995,0.0114123821258544,0,True,63,33,True,71,64,2025-11-16 08:07:19
ba_8192_1_9.txt,barabasi_albert_10ins_m20,44,SpecAnn-64,0.7529469661657903,1.00000001,-2033792.0,0.011364459991455,0,True,63,33,True,72,64,2025-11-16 08:07:19
ba_8192_1_9.txt,barabasi_albert_10ins_m20,44,SpecAnn-64,0.7581577339883167,1.00000001,-2029316.0,0.0114142894744873,0,True,63,33,True,73,64,2025-11-16 08:07:19
ba_8192_1_9.txt,barabasi_albert_10ins_m20,44,SpecAnn-64,0.7633329321824984,1.00000001,-2032936.0,0.0114109516143798,0,True,63,33,True,74,64,2025-11-16 08:07:20
ba_8192_1_9.txt,barabasi_albert_10ins_m20,44,SpecAnn-64,0.7684732793678399,1.00000001,-2048316.0,0.0113875865936279,0,True,63,33,True,75,64,2025-11-16 08:07:20
ba_8192_1_9.txt,barabasi_albert_10ins_m20,44,SpecAnn-64,0.7735794702875677,1.00000001,-2048142.0,0.0114343166351318,0,True,63,33,True,76,64,2025-11-16 08:07:20
ba_8192_1_9.txt,barabasi_albert_10ins_m20,44,SpecAnn-64,0.7786521769046981,1.00000001,-2027258.0,0.0114145278930664,0,True,63,33,True,77,64,2025-11-16 08:07:20
ba_8192_1_9.txt,barabasi_albert_10ins_m20,44,SpecAnn-64,0.7836920494342511,1.00000001,-2049421.9999999995,0.0114374160766601,0,True,63,33,True,78,64,2025-11-16 08:07:20
ba_8192_1_9.txt,barabasi_albert_10ins_m20,44,SpecAnn-64,0.788699717316095,1.00000001,-2031330.0,0.0113379955291748,0,True,63,33,True,79,64,2025-11-16 08:07:20
ba_8192_1_9.txt,barabasi_albert_10ins_m20,44,SpecAnn-64,0.7936757901325451,1.00000001,-2038474.0,0.011427879333496,0,True,63,33,True,80,64,2025-11-16 08:07:20
ba_8192_1_9.txt,barabasi_albert_10ins_m20,44,SpecAnn-64,0.7986208584745024,1.00000001,-2038798.0,0.0114357471466064,0,True,63,33,True,81,64,2025-11-16 08:07:20
ba_8192_1_9.txt,barabasi_albert_10ins_m20,44,SpecAnn-64,0.803535494759617,1.00000001,-2043374.0,0.0115714073181152,0,True,63,33,True,82,64,2025-11-16 08:07:20
ba_8192_1_9.txt,barabasi_albert_10ins_m20,44,SpecAnn-64,0.8084202540056837,1.00000001,-2039622.0,0.0116031169891357,0,True,63,33,True,83,64,2025-11-16 08:07:20
ba_8192_1_9.txt,barabasi_albert_10ins_m20,44,SpecAnn-64,0.8132756745622272,1.00000001,-2055310.0,0.0116400718688964,0,True,63,33,True,84,64,2025-11-16 08:07:20
ba_8192_1_9.txt,barabasi_albert_10ins_m20,44,SpecAnn-64,0.8181022788030096,1.00000001,-2040000.0,0.0114405155181884,0,True,63,33,True,85,64,2025-11-16 08:07:20
ba_8192_1_9.txt,barabasi_albert_10ins_m20,44,SpecAnn-64,0.822900573781978,1.00000001,-2050766.0,0.0114297866821289,0,True,63,33,True,86,64,2025-11-16 08:07:20
ba_8192_1_9.txt,barabasi_albert_10ins_m20,44,SpecAnn-64,0.8276710518549868,1.00000001,-2053438.0,0.0114116668701171,0,True,63,33,True,87,64,2025-11-16 08:07:20
ba_8192_1_9.txt,barabasi_albert_10ins_m20,44,SpecAnn-64,0.8324141912694495,1.00000001,-2039874.0,0.0114610195159912,0,True,63,33,True,88,64,2025-11-16 08:07:20
ba_8192_1_9.txt,barabasi_albert_10ins_m20,44,SpecAnn-64,0.8371304567239225,1.00000001,-2057863.9999999995,0.0113704204559326,0,True,63,33,True,89,64,2025-11-16 08:07:20
ba_8192_1_9.txt,barabasi_albert_10ins_m20,44,SpecAnn-64,0.8418202998994706,1.00000001,-2048498.0,0.0114104747772216,0,True,63,33,True,90,64,2025-11-16 08:07:20
ba_8192_1_9.txt,barabasi_albert_10ins_m20,44,SpecAnn-64,0.846484159964536,1.00000001,-2067778.0,0.0114500522613525,0,True,63,33,True,91,64,2025-11-16 08:07:20
ba_8192_1_9.txt,barabasi_albert_10ins_m20,44,SpecAnn-64,0.8511224640549078,1.00000001,-2056032.0,0.0114288330078125,0,True,63,33,True,92,64,2025-11-16 08:07:20
ba_8192_1_9.txt,barabasi_albert_10ins_m20,44,SpecAnn-64,0.8557356277302758,1.00000001,-2064304.0,0.0114250183105468,0,True,63,33,True,93,64,2025-11-16 08:07:20
ba_8192_1_9.txt,barabasi_albert_10ins_m20,44,SpecAnn-64,0.8603240554087516,1.00000001,-2073086.0,0.0114634037017822,0,True,63,33,True,94,64,2025-11-16 08:07:20
ba_8192_1_9.txt,barabasi_albert_10ins_m20,44,SpecAnn-64,0.86488814078064,1.00000001,-2073704.0,0.0114157199859619,0,True,63,33,True,95,64,2025-11-16 08:07:20
ba_8192_1_9.txt,barabasi_albert_10ins_m20,44,SpecAnn-64,0.8694282672026621,1.00000001,-2069125.9999999995,0.0114414691925048,0,True,63,33,True,96,64,2025-11-16 08:07:20
ba_8192_1_9.txt,barabasi_albert_10ins_m20,44,SpecAnn-64,0.8739448080737451,1.00000001,-2069966.0,0.0114691257476806,0,True,63,33,True,97,64,2025-11-16 08:07:20
ba_8192_1_9.txt,barabasi_albert_10ins_m20,44,SpecAnn-64,0.878438127193422,1.00000001,-2067526.0,0.0114316940307617,0,True,63,33,True,98,64,2025-11-16 08:07:20
ba_8192_1_9.txt,barabasi_albert_10ins_m20,44,SpecAnn-64,0.8829085791038153,1.00000001,-2079336.0,0.0114245414733886,0,True,63,33,True,99,64,2025-11-16 08:07:20
ba_8192_1_9.txt,barabasi_albert_10ins_m20,44,SpecAnn-64,0.8873565094161138,1.00000001,-2081170.0,0.022263765335083,0,True,63,65,True,100,64,2025-11-16 08:07:20
ba_8192_1_9.txt,barabasi_albert_10ins_m20,44,SpecAnn-64,0.8917822551223932,1.00000001,-2081930.0,0.0222785472869873,0,True,63,65,True,101,64,2025-11-16 08:07:20
ba_8192_1_9.txt,barabasi_albert_10ins_m20,44,SpecAnn-64,0.8961861448935777,1.00000001,-2080002.0,0.022134780883789,0,True,63,65,True,102,64,2025-11-16 08:07:20
ba_8192_1_9.txt,barabasi_albert_10ins_m20,44,SpecAnn-64,0.9005684993642872,1.00000001,-2094988.0,0.0218162536621093,0,True,63,65,True,103,64,2025-11-16 08:07:20
ba_8192_1_9.txt,barabasi_albert_10ins_m20,44,SpecAnn-64,0.9049296314052688,1.00000001,-2090130.0,0.021763801574707,0,True,63,65,True,104,64,2025-11-16 08:07:20
ba_8192_1_9.txt,barabasi_albert_10ins_m20,44,SpecAnn-64,0.9092698463840684,1.00000001,-2090175.9999999995,0.0219302177429199,0,True,63,65,True,105,64,2025-11-16 08:07:20
ba_8192_1_9.txt,barabasi_albert_10ins_m20,44,SpecAnn-64,0.9135894424145556,1.00000001,-2098730.0,0.0222530364990234,0,True,63,65,True,106,64,2025-11-16 08:07:20
ba_8192_1_9.txt,barabasi_albert_10ins_m20,44,SpecAnn-64,0.9178887105958816,1.00000001,-2107554.0000000005,0.032527208328247,0,True,63,97,True,107,64,2025-11-16 08:07:20
ba_8192_1_9.txt,barabasi_albert_10ins_m20,44,SpecAnn-64,0.922167935241408,1.00000001,-2107864.0,0.0322725772857666,0,True,63,97,True,108,64,2025-11-16 08:07:20
ba_8192_1_9.txt,barabasi_albert_10ins_m20,44,SpecAnn-64,0.92642739409812,1.00000001,-2108214.0,0.0322465896606445,0,True,63,97,True,109,64,2025-11-16 08:07:20
ba_8192_1_9.txt,barabasi_albert_10ins_m20,44,SpecAnn-64,0.9306673585570006,1.00000001,-2116539.9999999995,0.0322115421295166,0,True,63,97,True,110,64,2025-11-16 08:07:20
ba_8192_1_9.txt,barabasi_albert_10ins_m20,44,SpecAnn-64,0.9348880938548184,1.00000001,-2115498.0,0.0322191715240478,0,True,63,97,True,111,64,2025-11-16 08:07:20
ba_8192_1_9.txt,barabasi_albert_10ins_m20,44,SpecAnn-64,0.9390898592677528,1.00000001,-2101578.0,0.032304048538208,0,True,63,97,True,112,64,2025-11-16 08:07:20
ba_8192_1_9.txt,barabasi_albert_10ins_m20,44,SpecAnn-64,0.9432729082972536,1.00000001,-2099525.9999999995,0.0320296287536621,0,True,63,97,True,113,64,2025-11-16 08:07:20
ba_8192_1_9.txt,barabasi_albert_10ins_m20,44,SpecAnn-64,0.9474374888485204,1.00000001,-2098628.0,0.0321254730224609,0,True,63,97,True,114,64,2025-11-16 08:07:20
ba_8192_1_9.txt,barabasi_albert_10ins_m20,44,SpecAnn-64,0.9515838434019476,1.00000001,-2093718.0,0.0320618152618408,0,True,63,97,True,115,64,2025-11-16 08:07:20
ba_8192_1_9.txt,barabasi_albert_10ins_m20,44,SpecAnn-64,0.9557122091778746,1.00000001,-2095935.9999999995,0.0322022438049316,0,True,63,97,True,116,64,2025-11-16 08:07:20
ba_8192_1_9.txt,barabasi_albert_10ins_m20,44,SpecAnn-64,0.9598228182949629,1.00000001,-2089953.9999999995,0.0321631431579589,0,True,63,97,True,117,64,2025-11-16 08:07:20
ba_8192_1_9.txt,barabasi_albert_10ins_m20,44,SpecAnn-64,0.963915897922488,1.00000001,-2087672.0,0.0323841571807861,0,True,63,97,True,118,64,2025-11-16 08:07:20
ba_8192_1_9.txt,barabasi_albert_10ins_m20,44,SpecAnn-64,0.967991670426842,1.00000001,-2087900.0,0.0323660373687744,0,True,63,97,True,119,64,2025-11-16 08:07:20
ba_8192_1_9.txt,barabasi_albert_10ins_m20,44,SpecAnn-64,0.9720503535125016,1.00000001,-2097932.0,0.0324587821960449,0,True,63,97,True,120,64,2025-11-16 08:07:20
ba_8192_1_9.txt,barabasi_albert_10ins_m20,44,SpecAnn-64,0.9760921603577252,1.00000001,-2095068.0,0.0322957038879394,0,True,63,97,True,121,64,2025-11-16 08:07:20
ba_8192_1_9.txt,barabasi_albert_10ins_m20,44,SpecAnn-64,0.9801172997452104,1.00000001,-2094842.0,0.0323748588562011,0,True,63,97,True,122,64,2025-11-16 08:07:20
ba_8192_1_9.txt,barabasi_albert_10ins_m20,44,SpecAnn-64,0.9841259761879442,1.00000001,-2095192.0,0.0322461128234863,0,True,63,97,True,123,64,2025-11-16 08:07:20
ba_8192_1_9.txt,barabasi_albert_10ins_m20,44,SpecAnn-64,0.9881183900504562,1.00000001,-2096674.0,0.0324039459228515,0,True,63,97,True,124,64,2025-11-16 08:07:21
ba_8192_1_9.txt,barabasi_albert_10ins_m20,44,SpecAnn-64,0.9920947376656812,1.00000001,-2095858.0,0.032386302947998,0,True,63,97,True,125,64,2025-11-16 08:07:21
ba_8192_1_9.txt,barabasi_albert_10ins_m20,44,SpecAnn-64,0.9960552114476228,1.00000001,-2104042.0,0.0323460102081298,0,True,63,97,True,126,64,2025-11-16 08:07:21
ba_8192_1_9.txt,barabasi_albert_10ins_m20,44,SpecAnn-64,1.0,1.00000001,-2094246.0,0.0327448844909668,0,True,63,97,True,127,64,2025-11-16 08:07:21
ba_8192_1_9.txt,barabasi_albert_10ins_m20,45,SpecAnn-64,0.0,1.00000001,-2035070.0,0.0125608444213867,0,True,68,33,True,0,64,2025-11-16 08:07:21
ba_8192_1_9.txt,barabasi_albert_10ins_m20,45,SpecAnn-64,0.0887356509416113,1.00000001,-2035475.9999999995,0.0115115642547607,0,True,68,33,True,1,64,2025-11-16 08:07:21
ba_8192_1_9.txt,barabasi_albert_10ins_m20,45,SpecAnn-64,0.1254911610276317,1.00000001,-2037676.0,0.011390209197998,0,True,68,33,True,2,64,2025-11-16 08:07:21
ba_8192_1_9.txt,barabasi_albert_10ins_m20,45,SpecAnn-64,0.1536946558735679,1.00000001,-2019796.0,0.0113754272460937,0,True,68,33,True,3,64,2025-11-16 08:07:21
ba_8192_1_9.txt,barabasi_albert_10ins_m20,45,SpecAnn-64,0.1774713018832227,1.00000001,-2019234.0,0.0114486217498779,0,True,68,33,True,4,64,2025-11-16 08:07:21
ba_8192_1_9.txt,barabasi_albert_10ins_m20,45,SpecAnn-64,0.1984189475331362,1.00000001,-2019382.0,0.0113413333892822,0,True,68,33,True,5,64,2025-11-16 08:07:21
ba_8192_1_9.txt,barabasi_albert_10ins_m20,45,SpecAnn-64,0.2173570668006655,1.00000001,-2036368.0,0.0113575458526611,0,True,68,33,True,6,64,2025-11-16 08:07:21
ba_8192_1_9.txt,barabasi_albert_10ins_m20,45,SpecAnn-64,0.2347724648169381,1.00000001,-2015190.0,0.0113711357116699,0,True,68,33,True,7,64,2025-11-16 08:07:21
ba_8192_1_9.txt,barabasi_albert_10ins_m20,45,SpecAnn-64,0.2509823220552634,1.00000001,-2021766.0,0.0113954544067382,0,True,68,33,True,8,64,2025-11-16 08:07:21
ba_8192_1_9.txt,barabasi_albert_10ins_m20,45,SpecAnn-64,0.2662069528248341,1.00000001,-2041382.0,0.0113155841827392,0,True,68,33,True,9,64,2025-11-16 08:07:21
ba_8192_1_9.txt,barabasi_albert_10ins_m20,45,SpecAnn-64,0.2806067666331568,1.00000001,-2018350.0,0.0115747451782226,0,True,68,33,True,10,64,2025-11-16 08:07:21
ba_8192_1_9.txt,barabasi_albert_10ins_m20,45,SpecAnn-64,0.2943028597012718,1.00000001,-2033842.0,0.0115752220153808,0,True,68,33,True,11,64,2025-11-16 08:07:21
ba_8192_1_9.txt,barabasi_albert_10ins_m20,45,SpecAnn-64,0.3073893117471359,1.00000001,-2011424.0,0.011566162109375,0,True,68,33,True,12,64,2025-11-16 08:07:21
ba_8192_1_9.txt,barabasi_albert_10ins_m20,45,SpecAnn-64,0.3199409394316542,1.00000001,-1996958.0,0.0114808082580566,0,True,68,33,True,13,64,2025-11-16 08:07:21
ba_8192_1_9.txt,barabasi_albert_10ins_m20,45,SpecAnn-64,0.3320184038158743,1.00000001,-2014656.0,0.0113317966461181,0,True,68,33,True,14,64,2025-11-16 08:07:21
ba_8192_1_9.txt,barabasi_albert_10ins_m20,45,SpecAnn-64,0.3436716983117353,1.00000001,-2035142.0,0.0113494396209716,0,True,68,33,True,15,64,2025-11-16 08:07:21
ba_8192_1_9.txt,barabasi_albert_10ins_m20,45,SpecAnn-64,0.3549426037664455,1.00000001,-2020452.0,0.0113666057586669,0,True,68,33,True,16,64,2025-11-16 08:07:21
ba_8192_1_9.txt,barabasi_albert_10ins_m20,45,SpecAnn-64,0.3658664615902029,1.00000001,-2033301.9999999995,0.0113401412963867,0,True,68,33,True,17,64,2025-11-16 08:07:21
ba_8192_1_9.txt,barabasi_albert_10ins_m20,45,SpecAnn-64,0.3764734830828951,1.00000001,-2023402.0,0.0113599300384521,0,True,68,33,True,18,64,2025-11-16 08:07:21
ba_8192_1_9.txt,barabasi_albert_10ins_m20,45,SpecAnn-64,0.3867897351437838,1.00000001,-2007928.0,0.011371374130249,0,True,68,33,True,19,64,2025-11-16 08:07:21
ba_8192_1_9.txt,barabasi_albert_10ins_m20,45,SpecAnn-64,0.3968378950662725,1.00000001,-2021004.0,0.0113708972930908,0,True,68,33,True,20,64,2025-11-16 08:07:21
ba_8192_1_9.txt,barabasi_albert_10ins_m20,45,SpecAnn-64,0.4066378372811136,1.00000001,-2013680.0,0.011345624923706,0,True,68,33,True,21,64,2025-11-16 08:07:21
ba_8192_1_9.txt,barabasi_albert_10ins_m20,45,SpecAnn-64,0.4162070956347247,1.00000001,-2020575.9999999995,0.0113286972045898,0,True,68,33,True,22,64,2025-11-16 08:07:21
ba_8192_1_9.txt,barabasi_albert_10ins_m20,45,SpecAnn-64,0.4255612320274539,1.00000001,-2020924.0,0.0113699436187744,0,True,68,33,True,23,64,2025-11-16 08:07:21
ba_8192_1_9.txt,barabasi_albert_10ins_m20,45,SpecAnn-64,0.434714133601331,1.00000001,-2029662.0,0.0113317966461181,0,True,68,33,True,24,64,2025-11-16 08:07:21
ba_8192_1_9.txt,barabasi_albert_10ins_m20,45,SpecAnn-64,0.4436782547080569,1.00000001,-2035601.9999999995,0.0113484859466552,0,True,68,33,True,25,64,2025-11-16 08:07:21
ba_8192_1_9.txt,barabasi_albert_10ins_m20,45,SpecAnn-64,0.4524648157026343,1.00000001,-2024090.0,0.011324405670166,0,True,68,33,True,26,64,2025-11-16 08:07:21
ba_8192_1_9.txt,barabasi_albert_10ins_m20,45,SpecAnn-64,0.4610839676207039,1.00000001,-2004505.9999999995,0.011451244354248,0,True,68,33,True,27,64,2025-11-16 08:07:21
ba_8192_1_9.txt,barabasi_albert_10ins_m20,45,SpecAnn-64,0.4695449296338763,1.00000001,-2019776.0,0.0113420486450195,0,True,68,33,True,28,64,2025-11-16 08:07:21
ba_8192_1_9.txt,barabasi_albert_10ins_m20,45,SpecAnn-64,0.4778561045889373,1.00000001,-2015478.0,0.0113584995269775,0,True,68,33,True,29,64,2025-11-16 08:07:21
ba_8192_1_9.txt,barabasi_albert_10ins_m20,45,SpecAnn-64,0.4860251767562508,1.00000001,-2021892.0,0.0113720893859863,0,True,68,33,True,30,64,2025-11-16 08:07:21
ba_8192_1_9.txt,barabasi_albert_10ins_m20,45,SpecAnn-64,0.4940591950252281,1.00000001,-2011946.0,0.0113410949707031,0,True,68,33,True,31,64,2025-11-16 08:07:21
ba_8192_1_9.txt,barabasi_albert_10ins_m20,45,SpecAnn-64,0.5019646441105269,1.00000001,-2027554.0,0.011371374130249,0,True,68,33,True,32,64,2025-11-16 08:07:21
ba_8192_1_9.txt,barabasi_albert_10ins_m20,45,SpecAnn-64,0.5097475058154177,1.00000001,-2002580.0,0.0113394260406494,0,True,68,33,True,33,64,2025-11-16 08:07:21
ba_8192_1_9.txt,barabasi_albert_10ins_m20,45,SpecAnn-64,0.51741331199832,1.00000001,-2013942.0,0.0113728046417236,0,True,68,33,True,34,64,2025-11-16 08:07:21
ba_8192_1_9.txt,barabasi_albert_10ins_m20,45,SpecAnn-64,0.5249671905758515,1.00000001,-2029414.0,0.0114462375640869,0,True,68,33,True,35,64,2025-11-16 08:07:21
ba_8192_1_9.txt,barabasi_albert_10ins_m20,45,SpecAnn-64,0.5324139056496683,1.00000001,-2029442.0,0.0113759040832519,0,True,68,33,True,36,64,2025-11-16 08:07:21
ba_8192_1_9.txt,barabasi_albert_10ins_m20,45,SpecAnn-64,0.5397578926492556,1.00000001,-2009010.0,0.0113708972930908,0,True,68,33,True,37,64,2025-11-16 08:07:21
ba_8192_1_9.txt,barabasi_albert_10ins_m20,45,SpecAnn-64,0.5470032892270364,1.00000001,-2012570.0,0.0115718841552734,0,True,68,33,True,38,64,2025-11-16 08:07:21
ba_8192_1_9.txt,barabasi_albert_10ins_m20,45,SpecAnn-64,0.554153962516942,1.00000001,-2017250.0,0.0116019248962402,0,True,68,33,True,39,64,2025-11-16 08:07:21
ba_8192_1_9.txt,barabasi_albert_10ins_m20,45,SpecAnn-64,0.5612135332663137,1.00000001,-2033722.0,0.0115821361541748,0,True,68,33,True,40,64,2025-11-16 08:07:21
ba_8192_1_9.txt,barabasi_albert_10ins_m20,45,SpecAnn-64,0.5681853972686127,1.00000001,-2020546.0,0.0115089416503906,0,True,68,33,True,41,64,2025-11-16 08:07:21
ba_8192_1_9.txt,barabasi_albert_10ins_m20,45,SpecAnn-64,0.5750727444570146,1.00000001,-2034236.0,0.0113325119018554,0,True,68,33,True,42,64,2025-11-16 08:07:21
ba_8192_1_9.txt,barabasi_albert_10ins_m20,45,SpecAnn-64,0.5818785759635375,1.00000001,-2032036.0,0.0113770961761474,0,True,68,33,True,43,64,2025-11-16 08:07:21
ba_8192_1_9.txt,barabasi_albert_10ins_m20,45,SpecAnn-64,0.5886057194025436,1.00000001,-2039218.0,0.0113654136657714,0,True,68,33,True,44,64,2025-11-16 08:07:21
ba_8192_1_9.txt,barabasi_albert_10ins_m20,45,SpecAnn-64,0.5952568425994088,1.00000001,-2038272.0,0.0113978385925292,0,True,68,33,True,45,64,2025-11-16 08:07:21
ba_8192_1_9.txt,barabasi_albert_10ins_m20,45,SpecAnn-64,0.6018344659534288,1.00000001,-2028402.0,0.0114400386810302,0,True,68,33,True,46,64,2025-11-16 08:07:21
ba_8192_1_9.txt,barabasi_albert_10ins_m20,45,SpecAnn-64,0.6083409735974393,1.00000001,-2016506.0,0.0114071369171142,0,True,68,33,True,47,64,2025-11-16 08:07:21
ba_8192_1_9.txt,barabasi_albert_10ins_m20,45,SpecAnn-64,0.6147786234942719,1.00000001,-2031062.0,0.0114383697509765,0,True,68,33,True,48,64,2025-11-16 08:07:21
ba_8192_1_9.txt,barabasi_albert_10ins_m20,45,SpecAnn-64,0.6211495565912796,1.00000001,-2036128.0,0.0113813877105712,0,True,68,33,True,49,64,2025-11-16 08:07:21
ba_8192_1_9.txt,barabasi_albert_10ins_m20,45,SpecAnn-64,0.6274558051381586,1.00000001,-2032682.0,0.011362075805664,0,True,68,33,True,50,64,2025-11-16 08:07:21
ba_8192_1_9.txt,barabasi_albert_10ins_m20,45,SpecAnn-64,0.6336993002596786,1.00000001,-2024814.0,0.0113663673400878,0,True,68,33,True,51,64,2025-11-16 08:07:21
ba_8192_1_9.txt,barabasi_albert_10ins_m20,45,SpecAnn-64,0.6398818788633085,1.00000001,-2014156.0,0.0113701820373535,0,True,68,33,True,52,64,2025-11-16 08:07:21
ba_8192_1_9.txt,barabasi_albert_10ins_m20,45,SpecAnn-64,0.6460052899517691,1.00000001,-2031272.0,0.0113039016723632,0,True,68,33,True,53,64,2025-11-16 08:07:21
ba_8192_1_9.txt,barabasi_albert_10ins_m20,45,SpecAnn-64,0.6520712004019966,1.00000001,-2021522.0,0.0114030838012695,0,True,68,33,True,54,64,2025-11-16 08:07:21
ba_8192_1_9.txt,barabasi_albert_10ins_m20,45,SpecAnn-64,0.6580812002646271,1.00000001,-2028258.0,0.0113906860351562,0,True,68,33,True,55,64,2025-11-16 08:07:21
ba_8192_1_9.txt,barabasi_albert_10ins_m20,45,SpecAnn-64,0.6640368076317485,1.00000001,-2025124.0,0.0114259719848632,0,True,68,33,True,56,64,2025-11-16 08:07:21
ba_8192_1_9.txt,barabasi_albert_10ins_m20,45,SpecAnn-64,0.6699394731151429,1.00000001,-2028778.0,0.01141357421875,0,True,68,33,True,57,64,2025-11-16 08:07:21
ba_8192_1_9.txt,barabasi_albert_10ins_m20,45,SpecAnn-64,0.6757905839724513,1.00000001,-2038052.0,0.0113799571990966,0,True,68,33,True,58,64,2025-11-16 08:07:21
ba_8192_1_9.txt,barabasi_albert_10ins_m20,45,SpecAnn-64,0.6815914679145113,1.00000001,-2038574.0,0.0113515853881835,0,True,68,33,True,59,64,2025-11-16 08:07:22
ba_8192_1_9.txt,barabasi_albert_10ins_m20,45,SpecAnn-64,0.6873433966234707,1.00000001,-2032024.0,0.0114138126373291,0,True,68,33,True,60,64,2025-11-16 08:07:22
ba_8192_1_9.txt,barabasi_albert_10ins_m20,45,SpecAnn-64,0.6930475890080863,1.00000001,-2022626.0,0.0114409923553466,0,True,68,33,True,61,64,2025-11-16 08:07:22
ba_8192_1_9.txt,barabasi_albert_10ins_m20,45,SpecAnn-64,0.6987052142198116,1.00000001,-2036762.0,0.0113482475280761,0,True,68,33,True,62,64,2025-11-16 08:07:22
ba_8192_1_9.txt,barabasi_albert_10ins_m20,45,SpecAnn-64,0.7043173944508145,1.00000001,-2029408.0,0.0113911628723144,0,True,68,33,True,63,64,2025-11-16 08:07:22
ba_8192_1_9.txt,barabasi_albert_10ins_m20,45,SpecAnn-64,0.709885207532891,1.00000001,-2027630.0,0.0114111900329589,0,True,68,33,True,64,64,2025-11-16 08:07:22
ba_8192_1_9.txt,barabasi_albert_10ins_m20,45,SpecAnn-64,0.7154096893543218,1.00000001,-2034185.9999999995,0.0113608837127685,0,True,68,33,True,65,64,2025-11-16 08:07:22
ba_8192_1_9.txt,barabasi_albert_10ins_m20,45,SpecAnn-64,0.7208918361100219,1.00000001,-2033786.0,0.0113601684570312,0,True,68,33,True,66,64,2025-11-16 08:07:22
ba_8192_1_9.txt,barabasi_albert_10ins_m20,45,SpecAnn-64,0.7263326063988248,1.00000001,-2033982.0,0.0113499164581298,0,True,68,33,True,67,64,2025-11-16 08:07:22
ba_8192_1_9.txt,barabasi_albert_10ins_m20,45,SpecAnn-64,0.7317329231804058,1.00000001,-2033861.9999999995,0.0114006996154785,0,True,68,33,True,68,64,2025-11-16 08:07:22
ba_8192_1_9.txt,barabasi_albert_10ins_m20,45,SpecAnn-64,0.7370936756031579,1.00000001,-2038541.9999999995,0.0115187168121337,0,True,68,33,True,69,64,2025-11-16 08:07:22
ba_8192_1_9.txt,barabasi_albert_10ins_m20,45,SpecAnn-64,0.7424157207132704,1.00000001,-2036936.0,0.0115289688110351,0,True,68,33,True,70,64,2025-11-16 08:07:22
ba_8192_1_9.txt,barabasi_albert_10ins_m20,45,SpecAnn-64,0.7476998850543153,1.00000001,-2051616.0,0.0113680362701416,0,True,68,33,True,71,64,2025-11-16 08:07:22
ba_8192_1_9.txt,barabasi_albert_10ins_m20,45,SpecAnn-64,0.7529469661657903,1.00000001,-2041462.0,0.0114097595214843,0,True,68,33,True,72,64,2025-11-16 08:07:22
ba_8192_1_9.txt,barabasi_albert_10ins_m20,45,SpecAnn-64,0.7581577339883167,1.00000001,-2039474.0,0.0113673210144042,0,True,68,33,True,73,64,2025-11-16 08:07:22
ba_8192_1_9.txt,barabasi_albert_10ins_m20,45,SpecAnn-64,0.7633329321824984,1.00000001,-2037463.9999999995,0.0113234519958496,0,True,68,33,True,74,64,2025-11-16 08:07:22
ba_8192_1_9.txt,barabasi_albert_10ins_m20,45,SpecAnn-64,0.7684732793678399,1.00000001,-2047902.0,0.011368989944458,0,True,68,33,True,75,64,2025-11-16 08:07:22
ba_8192_1_9.txt,barabasi_albert_10ins_m20,45,SpecAnn-64,0.7735794702875677,1.00000001,-2036206.0,0.0113797187805175,0,True,68,33,True,76,64,2025-11-16 08:07:22
ba_8192_1_9.txt,barabasi_albert_10ins_m20,45,SpecAnn-64,0.7786521769046981,1.00000001,-2032278.0,0.0114302635192871,0,True,68,33,True,77,64,2025-11-16 08:07:22
ba_8192_1_9.txt,barabasi_albert_10ins_m20,45,SpecAnn-64,0.7836920494342511,1.00000001,-2054576.0,0.0114004611968994,0,True,68,33,True,78,64,2025-11-16 08:07:22
ba_8192_1_9.txt,barabasi_albert_10ins_m20,45,SpecAnn-64,0.788699717316095,1.00000001,-2038472.0,0.0113906860351562,0,True,68,33,True,79,64,2025-11-16 08:07:22
ba_8192_1_9.txt,barabasi_albert_10ins_m20,45,SpecAnn-64,0.7936757901325451,1.00000001,-2041570.0,0.011430025100708,0,True,68,33,True,80,64,2025-11-16 08:07:22
ba_8192_1_9.txt,barabasi_albert_10ins_m20,45,SpecAnn-64,0.7986208584745024,1.00000001,-2045664.0,0.0114359855651855,0,True,68,33,True,81,64,2025-11-16 08:07:22
ba_8192_1_9.txt,barabasi_albert_10ins_m20,45,SpecAnn-64,0.803535494759617,1.00000001,-2028484.0,0.0114023685455322,0,True,68,33,True,82,64,2025-11-16 08:07:22
ba_8192_1_9.txt,barabasi_albert_10ins_m20,45,SpecAnn-64,0.8084202540056837,1.00000001,-2045484.0,0.011409044265747,0,True,68,33,True,83,64,2025-11-16 08:07:22
ba_8192_1_9.txt,barabasi_albert_10ins_m20,45,SpecAnn-64,0.8132756745622272,1.00000001,-2049986.0,0.0113494396209716,0,True,68,33,True,84,64,2025-11-16 08:07:22
ba_8192_1_9.txt,barabasi_albert_10ins_m20,45,SpecAnn-64,0.8181022788030096,1.00000001,-2063662.0,0.0114715099334716,0,True,68,33,True,85,64,2025-11-16 08:07:22
ba_8192_1_9.txt,barabasi_albert_10ins_m20,45,SpecAnn-64,0.822900573781978,1.00000001,-2057088.0,0.0116147994995117,0,True,68,33,True,86,64,2025-11-16 08:07:22
ba_8192_1_9.txt,barabasi_albert_10ins_m20,45,SpecAnn-64,0.8276710518549868,1.00000001,-2056372.0,0.0115833282470703,0,True,68,33,True,87,64,2025-11-16 08:07:22
ba_8192_1_9.txt,barabasi_albert_10ins_m20,45,SpecAnn-64,0.8324141912694495,1.00000001,-2057814.0,0.0115365982055664,0,True,68,33,True,88,64,2025-11-16 08:07:22
ba_8192_1_9.txt,barabasi_albert_10ins_m20,45,SpecAnn-64,0.8371304567239225,1.00000001,-2067040.0,0.0114505290985107,0,True,68,33,True,89,64,2025-11-16 08:07:22
ba_8192_1_9.txt,barabasi_albert_10ins_m20,45,SpecAnn-64,0.8418202998994706,1.00000001,-2059278.0,0.0114350318908691,0,True,68,33,True,90,64,2025-11-16 08:07:22
ba_8192_1_9.txt,barabasi_albert_10ins_m20,45,SpecAnn-64,0.846484159964536,1.00000001,-2060272.0,0.0114214420318603,0,True,68,33,True,91,64,2025-11-16 08:07:22
ba_8192_1_9.txt,barabasi_albert_10ins_m20,45,SpecAnn-64,0.8511224640549078,1.00000001,-2062944.0,0.0113883018493652,0,True,68,33,True,92,64,2025-11-16 08:07:22
ba_8192_1_9.txt,barabasi_albert_10ins_m20,45,SpecAnn-64,0.8557356277302758,1.00000001,-2062624.0,0.0113554000854492,0,True,68,33,True,93,64,2025-11-16 08:07:22
ba_8192_1_9.txt,barabasi_albert_10ins_m20,45,SpecAnn-64,0.8603240554087516,1.00000001,-2074752.0,0.0113875865936279,0,True,68,33,True,94,64,2025-11-16 08:07:22
ba_8192_1_9.txt,barabasi_albert_10ins_m20,45,SpecAnn-64,0.86488814078064,1.00000001,-2065960.0,0.0113418102264404,0,True,68,33,True,95,64,2025-11-16 08:07:22
ba_8192_1_9.txt,barabasi_albert_10ins_m20,45,SpecAnn-64,0.8694282672026621,1.00000001,-2068565.9999999995,0.0113804340362548,0,True,68,33,True,96,64,2025-11-16 08:07:22
ba_8192_1_9.txt,barabasi_albert_10ins_m20,45,SpecAnn-64,0.8739448080737451,1.00000001,-2070750.0,0.0113463401794433,0,True,68,33,True,97,64,2025-11-16 08:07:22
ba_8192_1_9.txt,barabasi_albert_10ins_m20,45,SpecAnn-64,0.878438127193422,1.00000001,-2080128.0,0.0115413665771484,0,True,68,33,True,98,64,2025-11-16 08:07:22
ba_8192_1_9.txt,barabasi_albert_10ins_m20,45,SpecAnn-64,0.8829085791038153,1.00000001,-2078342.0,0.0116238594055175,0,True,68,33,True,99,64,2025-11-16 08:07:22
ba_8192_1_9.txt,barabasi_albert_10ins_m20,45,SpecAnn-64,0.8873565094161138,1.00000001,-2082954.0,0.0220172405242919,0,True,68,65,True,100,64,2025-11-16 08:07:22
ba_8192_1_9.txt,barabasi_albert_10ins_m20,45,SpecAnn-64,0.8917822551223932,1.00000001,-2085182.0,0.0217804908752441,0,True,68,65,True,101,64,2025-11-16 08:07:22
ba_8192_1_9.txt,barabasi_albert_10ins_m20,45,SpecAnn-64,0.8961861448935777,1.00000001,-2088936.0,0.0217397212982177,0,True,68,65,True,102,64,2025-11-16 08:07:22
ba_8192_1_9.txt,barabasi_albert_10ins_m20,45,SpecAnn-64,0.9005684993642872,1.00000001,-2088848.0,0.0216293334960937,0,True,68,65,True,103,64,2025-11-16 08:07:22
ba_8192_1_9.txt,barabasi_albert_10ins_m20,45,SpecAnn-64,0.9049296314052688,1.00000001,-2088318.0,0.0217323303222656,0,True,68,65,True,104,64,2025-11-16 08:07:22
ba_8192_1_9.txt,barabasi_albert_10ins_m20,45,SpecAnn-64,0.9092698463840684,1.00000001,-2092360.0,0.0216305255889892,0,True,68,65,True,105,64,2025-11-16 08:07:22
ba_8192_1_9.txt,barabasi_albert_10ins_m20,45,SpecAnn-64,0.9135894424145556,1.00000001,-2102284.0,0.0217411518096923,0,True,68,65,True,106,64,2025-11-16 08:07:22
ba_8192_1_9.txt,barabasi_albert_10ins_m20,45,SpecAnn-64,0.9178887105958816,1.00000001,-2105554.0,0.0320584774017334,0,True,68,97,True,107,64,2025-11-16 08:07:22
ba_8192_1_9.txt,barabasi_albert_10ins_m20,45,SpecAnn-64,0.922167935241408,1.00000001,-2114058.0,0.0320746898651123,0,True,68,97,True,108,64,2025-11-16 08:07:22
ba_8192_1_9.txt,barabasi_albert_10ins_m20,45,SpecAnn-64,0.92642739409812,1.00000001,-2100590.0,0.0320589542388916,0,True,68,97,True,109,64,2025-11-16 08:07:22
ba_8192_1_9.txt,barabasi_albert_10ins_m20,45,SpecAnn-64,0.9306673585570006,1.00000001,-2111644.0,0.0319733619689941,0,True,68,97,True,110,64,2025-11-16 08:07:22
ba_8192_1_9.txt,barabasi_albert_10ins_m20,45,SpecAnn-64,0.9348880938548184,1.00000001,-2105006.0,0.0321419239044189,0,True,68,97,True,111,64,2025-11-16 08:07:22
ba_8192_1_9.txt,barabasi_albert_10ins_m20,45,SpecAnn-64,0.9390898592677528,1.00000001,-2100630.0,0.0319678783416748,0,True,68,97,True,112,64,2025-11-16 08:07:22
ba_8192_1_9.txt,barabasi_albert_10ins_m20,45,SpecAnn-64,0.9432729082972536,1.00000001,-2104558.0,0.0319950580596923,0,True,68,97,True,113,64,2025-11-16 08:07:22
ba_8192_1_9.txt,barabasi_albert_10ins_m20,45,SpecAnn-64,0.9474374888485204,1.00000001,-2097550.0,0.0321652889251709,0,True,68,97,True,114,64,2025-11-16 08:07:22
ba_8192_1_9.txt,barabasi_albert_10ins_m20,45,SpecAnn-64,0.9515838434019476,1.00000001,-2095502.0,0.0320515632629394,0,True,68,97,True,115,64,2025-11-16 08:07:22
ba_8192_1_9.txt,barabasi_albert_10ins_m20,45,SpecAnn-64,0.9557122091778746,1.00000001,-2098098.0,0.031975507736206,0,True,68,97,True,116,64,2025-11-16 08:07:22
ba_8192_1_9.txt,barabasi_albert_10ins_m20,45,SpecAnn-64,0.9598228182949629,1.00000001,-2102588.0,0.0320432186126709,0,True,68,97,True,117,64,2025-11-16 08:07:22
ba_8192_1_9.txt,barabasi_albert_10ins_m20,45,SpecAnn-64,0.963915897922488,1.00000001,-2096342.0,0.0321295261383056,0,True,68,97,True,118,64,2025-11-16 08:07:23
ba_8192_1_9.txt,barabasi_albert_10ins_m20,45,SpecAnn-64,0.967991670426842,1.00000001,-2090250.0,0.0322475433349609,0,True,68,97,True,119,64,2025-11-16 08:07:23
ba_8192_1_9.txt,barabasi_albert_10ins_m20,45,SpecAnn-64,0.9720503535125016,1.00000001,-2098046.0,0.0321216583251953,0,True,68,97,True,120,64,2025-11-16 08:07:23
ba_8192_1_9.txt,barabasi_albert_10ins_m20,45,SpecAnn-64,0.9760921603577252,1.00000001,-2100504.0,0.032177448272705,0,True,68,97,True,121,64,2025-11-16 08:07:23
ba_8192_1_9.txt,barabasi_albert_10ins_m20,45,SpecAnn-64,0.9801172997452104,1.00000001,-2092381.9999999995,0.0323743820190429,0,True,68,97,True,122,64,2025-11-16 08:07:23
ba_8192_1_9.txt,barabasi_albert_10ins_m20,45,SpecAnn-64,0.9841259761879442,1.00000001,-2095658.0,0.0327246189117431,0,True,68,97,True,123,64,2025-11-16 08:07:23
ba_8192_1_9.txt,barabasi_albert_10ins_m20,45,SpecAnn-64,0.9881183900504562,1.00000001,-2098378.0,0.03208589553833,0,True,68,97,True,124,64,2025-11-16 08:07:23
ba_8192_1_9.txt,barabasi_albert_10ins_m20,45,SpecAnn-64,0.9920947376656812,1.00000001,-2090845.9999999995,0.0321471691131591,0,True,68,97,True,125,64,2025-11-16 08:07:23
ba_8192_1_9.txt,barabasi_albert_10ins_m20,45,SpecAnn-64,0.9960552114476228,1.00000001,-2090030.0,0.0322101116180419,0,True,68,97,True,126,64,2025-11-16 08:07:23
ba_8192_1_9.txt,barabasi_albert_10ins_m20,45,SpecAnn-64,1.0,1.00000001,-2088982.0,0.0321118831634521,0,True,68,97,True,127,64,2025-11-16 08:07:23
ba_8192_1_9.txt,barabasi_albert_10ins_m20,46,SpecAnn-64,0.0,1.00000001,-2051008.0,0.0124599933624267,0,True,59,33,True,0,64,2025-11-16 08:07:23
ba_8192_1_9.txt,barabasi_albert_10ins_m20,46,SpecAnn-64,0.0887356509416113,1.00000001,-2040706.0,0.0115158557891845,0,True,59,33,True,1,64,2025-11-16 08:07:23
ba_8192_1_9.txt,barabasi_albert_10ins_m20,46,SpecAnn-64,0.1254911610276317,1.00000001,-2032393.9999999995,0.0114657878875732,0,True,59,33,True,2,64,2025-11-16 08:07:23
ba_8192_1_9.txt,barabasi_albert_10ins_m20,46,SpecAnn-64,0.1536946558735679,1.00000001,-2019624.0,0.0113730430603027,0,True,59,33,True,3,64,2025-11-16 08:07:23
ba_8192_1_9.txt,barabasi_albert_10ins_m20,46,SpecAnn-64,0.1774713018832227,1.00000001,-2037389.9999999995,0.0115158557891845,0,True,59,33,True,4,64,2025-11-16 08:07:23
ba_8192_1_9.txt,barabasi_albert_10ins_m20,46,SpecAnn-64,0.1984189475331362,1.00000001,-2013000.0,0.011589765548706,0,True,59,33,True,5,64,2025-11-16 08:07:23
ba_8192_1_9.txt,barabasi_albert_10ins_m20,46,SpecAnn-64,0.2173570668006655,1.00000001,-2031304.0,0.0115740299224853,0,True,59,33,True,6,64,2025-11-16 08:07:23
ba_8192_1_9.txt,barabasi_albert_10ins_m20,46,SpecAnn-64,0.2347724648169381,1.00000001,-2017554.0,0.0116100311279296,0,True,59,33,True,7,64,2025-11-16 08:07:23
ba_8192_1_9.txt,barabasi_albert_10ins_m20,46,SpecAnn-64,0.2509823220552634,1.00000001,-2035300.0,0.0115132331848144,0,True,59,33,True,8,64,2025-11-16 08:07:23
ba_8192_1_9.txt,barabasi_albert_10ins_m20,46,SpecAnn-64,0.2662069528248341,1.00000001,-2022784.0,0.0113470554351806,0,True,59,33,True,9,64,2025-11-16 08:07:23
ba_8192_1_9.txt,barabasi_albert_10ins_m20,46,SpecAnn-64,0.2806067666331568,1.00000001,-2024803.9999999995,0.0113773345947265,0,True,59,33,True,10,64,2025-11-16 08:07:23
ba_8192_1_9.txt,barabasi_albert_10ins_m20,46,SpecAnn-64,0.2943028597012718,1.00000001,-2009704.0,0.0113589763641357,0,True,59,33,True,11,64,2025-11-16 08:07:23
ba_8192_1_9.txt,barabasi_albert_10ins_m20,46,SpecAnn-64,0.3073893117471359,1.00000001,-2028749.9999999995,0.0113735198974609,0,True,59,33,True,12,64,2025-11-16 08:07:23
ba_8192_1_9.txt,barabasi_albert_10ins_m20,46,SpecAnn-64,0.3199409394316542,1.00000001,-2012342.0,0.0113303661346435,0,True,59,33,True,13,64,2025-11-16 08:07:23
ba_8192_1_9.txt,barabasi_albert_10ins_m20,46,SpecAnn-64,0.3320184038158743,1.00000001,-2011846.0,0.0113439559936523,0,True,59,33,True,14,64,2025-11-16 08:07:23
ba_8192_1_9.txt,barabasi_albert_10ins_m20,46,SpecAnn-64,0.3436716983117353,1.00000001,-2026276.0,0.0114510059356689,0,True,59,33,True,15,64,2025-11-16 08:07:23
ba_8192_1_9.txt,barabasi_albert_10ins_m20,46,SpecAnn-64,0.3549426037664455,1.00000001,-2008410.0,0.0114128589630126,0,True,59,33,True,16,64,2025-11-16 08:07:23
ba_8192_1_9.txt,barabasi_albert_10ins_m20,46,SpecAnn-64,0.3658664615902029,1.00000001,-1997171.9999999995,0.0113630294799804,0,True,59,33,True,17,64,2025-11-16 08:07:23
ba_8192_1_9.txt,barabasi_albert_10ins_m20,46,SpecAnn-64,0.3764734830828951,1.00000001,-2009143.9999999995,0.0114359855651855,0,True,59,33,True,18,64,2025-11-16 08:07:23
ba_8192_1_9.txt,barabasi_albert_10ins_m20,46,SpecAnn-64,0.3867897351437838,1.00000001,-2012196.0,0.0113356113433837,0,True,59,33,True,19,64,2025-11-16 08:07:23
ba_8192_1_9.txt,barabasi_albert_10ins_m20,46,SpecAnn-64,0.3968378950662725,1.00000001,-2033640.0,0.0113599300384521,0,True,59,33,True,20,64,2025-11-16 08:07:23
ba_8192_1_9.txt,barabasi_albert_10ins_m20,46,SpecAnn-64,0.4066378372811136,1.00000001,-2005811.9999999995,0.0114064216613769,0,True,59,33,True,21,64,2025-11-16 08:07:23
ba_8192_1_9.txt,barabasi_albert_10ins_m20,46,SpecAnn-64,0.4162070956347247,1.00000001,-2011152.0,0.0114517211914062,0,True,59,33,True,22,64,2025-11-16 08:07:23
ba_8192_1_9.txt,barabasi_albert_10ins_m20,46,SpecAnn-64,0.4255612320274539,1.00000001,-2011195.9999999995,0.0113863945007324,0,True,59,33,True,23,64,2025-11-16 08:07:23
ba_8192_1_9.txt,barabasi_albert_10ins_m20,46,SpecAnn-64,0.434714133601331,1.00000001,-2012110.0,0.0116152763366699,0,True,59,33,True,24,64,2025-11-16 08:07:23
ba_8192_1_9.txt,barabasi_albert_10ins_m20,46,SpecAnn-64,0.4436782547080569,1.00000001,-2043788.0,0.0116076469421386,0,True,59,33,True,25,64,2025-11-16 08:07:23
ba_8192_1_9.txt,barabasi_albert_10ins_m20,46,SpecAnn-64,0.4524648157026343,1.00000001,-2016924.0,0.0115864276885986,0,True,59,33,True,26,64,2025-11-16 08:07:23
ba_8192_1_9.txt,barabasi_albert_10ins_m20,46,SpecAnn-64,0.4610839676207039,1.00000001,-2020145.9999999995,0.0113832950592041,0,True,59,33,True,27,64,2025-11-16 08:07:23
ba_8192_1_9.txt,barabasi_albert_10ins_m20,46,SpecAnn-64,0.4695449296338763,1.00000001,-2023846.0,0.0113465785980224,0,True,59,33,True,28,64,2025-11-16 08:07:23
ba_8192_1_9.txt,barabasi_albert_10ins_m20,46,SpecAnn-64,0.4778561045889373,1.00000001,-1993708.0,0.0113492012023925,0,True,59,33,True,29,64,2025-11-16 08:07:23
ba_8192_1_9.txt,barabasi_albert_10ins_m20,46,SpecAnn-64,0.4860251767562508,1.00000001,-2007965.9999999995,0.01137375831604,0,True,59,33,True,30,64,2025-11-16 08:07:23
ba_8192_1_9.txt,barabasi_albert_10ins_m20,46,SpecAnn-64,0.4940591950252281,1.00000001,-2028348.0,0.0114023685455322,0,True,59,33,True,31,64,2025-11-16 08:07:23
ba_8192_1_9.txt,barabasi_albert_10ins_m20,46,SpecAnn-64,0.5019646441105269,1.00000001,-2013049.9999999995,0.0114126205444335,0,True,59,33,True,32,64,2025-11-16 08:07:23
ba_8192_1_9.txt,barabasi_albert_10ins_m20,46,SpecAnn-64,0.5097475058154177,1.00000001,-2021984.0,0.01141357421875,0,True,59,33,True,33,64,2025-11-16 08:07:23
ba_8192_1_9.txt,barabasi_albert_10ins_m20,46,SpecAnn-64,0.51741331199832,1.00000001,-2025973.9999999995,0.0114047527313232,0,True,59,33,True,34,64,2025-11-16 08:07:23
ba_8192_1_9.txt,barabasi_albert_10ins_m20,46,SpecAnn-64,0.5249671905758515,1.00000001,-2012690.0,0.0114011764526367,0,True,59,33,True,35,64,2025-11-16 08:07:23
ba_8192_1_9.txt,barabasi_albert_10ins_m20,46,SpecAnn-64,0.5324139056496683,1.00000001,-2018846.0,0.0113842487335205,0,True,59,33,True,36,64,2025-11-16 08:07:23
ba_8192_1_9.txt,barabasi_albert_10ins_m20,46,SpecAnn-64,0.5397578926492556,1.00000001,-2014542.0,0.0114102363586425,0,True,59,33,True,37,64,2025-11-16 08:07:23
ba_8192_1_9.txt,barabasi_albert_10ins_m20,46,SpecAnn-64,0.5470032892270364,1.00000001,-2021414.0,0.0114040374755859,0,True,59,33,True,38,64,2025-11-16 08:07:23
ba_8192_1_9.txt,barabasi_albert_10ins_m20,46,SpecAnn-64,0.554153962516942,1.00000001,-2024598.0,0.0113589763641357,0,True,59,33,True,39,64,2025-11-16 08:07:23
ba_8192_1_9.txt,barabasi_albert_10ins_m20,46,SpecAnn-64,0.5612135332663137,1.00000001,-2020954.0,0.0114731788635253,0,True,59,33,True,40,64,2025-11-16 08:07:23
ba_8192_1_9.txt,barabasi_albert_10ins_m20,46,SpecAnn-64,0.5681853972686127,1.00000001,-2029728.0,0.0113856792449951,0,True,59,33,True,41,64,2025-11-16 08:07:23
ba_8192_1_9.txt,barabasi_albert_10ins_m20,46,SpecAnn-64,0.5750727444570146,1.00000001,-2037996.0,0.0113847255706787,0,True,59,33,True,42,64,2025-11-16 08:07:23
ba_8192_1_9.txt,barabasi_albert_10ins_m20,46,SpecAnn-64,0.5818785759635375,1.00000001,-2031794.0,0.0113475322723388,0,True,59,33,True,43,64,2025-11-16 08:07:24
ba_8192_1_9.txt,barabasi_albert_10ins_m20,46,SpecAnn-64,0.5886057194025436,1.00000001,-2026232.0,0.0114040374755859,0,True,59,33,True,44,64,2025-11-16 08:07:24
ba_8192_1_9.txt,barabasi_albert_10ins_m20,46,SpecAnn-64,0.5952568425994088,1.00000001,-2013146.0,0.011453628540039,0,True,59,33,True,45,64,2025-11-16 08:07:24
ba_8192_1_9.txt,barabasi_albert_10ins_m20,46,SpecAnn-64,0.6018344659534288,1.00000001,-2019550.0,0.0114567279815673,0,True,59,33,True,46,64,2025-11-16 08:07:24
ba_8192_1_9.txt,barabasi_albert_10ins_m20,46,SpecAnn-64,0.6083409735974393,1.00000001,-2022710.0,0.0114309787750244,0,True,59,33,True,47,64,2025-11-16 08:07:24
ba_8192_1_9.txt,barabasi_albert_10ins_m20,46,SpecAnn-64,0.6147786234942719,1.00000001,-2006158.0,0.011409044265747,0,True,59,33,True,48,64,2025-11-16 08:07:24
ba_8192_1_9.txt,barabasi_albert_10ins_m20,46,SpecAnn-64,0.6211495565912796,1.00000001,-2033402.0,0.0114367008209228,0,True,59,33,True,49,64,2025-11-16 08:07:24
ba_8192_1_9.txt,barabasi_albert_10ins_m20,46,SpecAnn-64,0.6274558051381586,1.00000001,-2023031.9999999995,0.011430025100708,0,True,59,33,True,50,64,2025-11-16 08:07:24
ba_8192_1_9.txt,barabasi_albert_10ins_m20,46,SpecAnn-64,0.6336993002596786,1.00000001,-2040450.0,0.0114080905914306,0,True,59,33,True,51,64,2025-11-16 08:07:24
ba_8192_1_9.txt,barabasi_albert_10ins_m20,46,SpecAnn-64,0.6398818788633085,1.00000001,-2035090.0,0.0114097595214843,0,True,59,33,True,52,64,2025-11-16 08:07:24
ba_8192_1_9.txt,barabasi_albert_10ins_m20,46,SpecAnn-64,0.6460052899517691,1.00000001,-2038728.0,0.0113732814788818,0,True,59,33,True,53,64,2025-11-16 08:07:24
ba_8192_1_9.txt,barabasi_albert_10ins_m20,46,SpecAnn-64,0.6520712004019966,1.00000001,-2037890.0000000005,0.0114157199859619,0,True,59,33,True,54,64,2025-11-16 08:07:24
ba_8192_1_9.txt,barabasi_albert_10ins_m20,46,SpecAnn-64,0.6580812002646271,1.00000001,-2027618.0,0.0117354393005371,0,True,59,33,True,55,64,2025-11-16 08:07:24
ba_8192_1_9.txt,barabasi_albert_10ins_m20,46,SpecAnn-64,0.6640368076317485,1.00000001,-2035436.0,0.011667251586914,0,True,59,33,True,56,64,2025-11-16 08:07:24
ba_8192_1_9.txt,barabasi_albert_10ins_m20,46,SpecAnn-64,0.6699394731151429,1.00000001,-2026655.9999999995,0.0116615295410156,0,True,59,33,True,57,64,2025-11-16 08:07:24
ba_8192_1_9.txt,barabasi_albert_10ins_m20,46,SpecAnn-64,0.6757905839724513,1.00000001,-2021686.0,0.0116448402404785,0,True,59,33,True,58,64,2025-11-16 08:07:24
ba_8192_1_9.txt,barabasi_albert_10ins_m20,46,SpecAnn-64,0.6815914679145113,1.00000001,-2038106.0,0.011608600616455,0,True,59,33,True,59,64,2025-11-16 08:07:24
ba_8192_1_9.txt,barabasi_albert_10ins_m20,46,SpecAnn-64,0.6873433966234707,1.00000001,-2047670.0,0.0116324424743652,0,True,59,33,True,60,64,2025-11-16 08:07:24
ba_8192_1_9.txt,barabasi_albert_10ins_m20,46,SpecAnn-64,0.6930475890080863,1.00000001,-2020032.0,0.0114786624908447,0,True,59,33,True,61,64,2025-11-16 08:07:24
ba_8192_1_9.txt,barabasi_albert_10ins_m20,46,SpecAnn-64,0.6987052142198116,1.00000001,-2042776.0,0.011392593383789,0,True,59,33,True,62,64,2025-11-16 08:07:24
ba_8192_1_9.txt,barabasi_albert_10ins_m20,46,SpecAnn-64,0.7043173944508145,1.00000001,-2038719.9999999995,0.0113489627838134,0,True,59,33,True,63,64,2025-11-16 08:07:24
ba_8192_1_9.txt,barabasi_albert_10ins_m20,46,SpecAnn-64,0.709885207532891,1.00000001,-2037390.0,0.0113818645477294,0,True,59,33,True,64,64,2025-11-16 08:07:24
ba_8192_1_9.txt,barabasi_albert_10ins_m20,46,SpecAnn-64,0.7154096893543218,1.00000001,-2031690.0,0.0113675594329833,0,True,59,33,True,65,64,2025-11-16 08:07:24
ba_8192_1_9.txt,barabasi_albert_10ins_m20,46,SpecAnn-64,0.7208918361100219,1.00000001,-2031842.0000000005,0.0114274024963378,0,True,59,33,True,66,64,2025-11-16 08:07:24
ba_8192_1_9.txt,barabasi_albert_10ins_m20,46,SpecAnn-64,0.7263326063988248,1.00000001,-2037662.0,0.0113780498504638,0,True,59,33,True,67,64,2025-11-16 08:07:24
ba_8192_1_9.txt,barabasi_albert_10ins_m20,46,SpecAnn-64,0.7317329231804058,1.00000001,-2031644.0,0.0113987922668457,0,True,59,33,True,68,64,2025-11-16 08:07:24
ba_8192_1_9.txt,barabasi_albert_10ins_m20,46,SpecAnn-64,0.7370936756031579,1.00000001,-2034350.0,0.0113699436187744,0,True,59,33,True,69,64,2025-11-16 08:07:24
ba_8192_1_9.txt,barabasi_albert_10ins_m20,46,SpecAnn-64,0.7424157207132704,1.00000001,-2039763.9999999995,0.0114991664886474,0,True,59,33,True,70,64,2025-11-16 08:07:24
ba_8192_1_9.txt,barabasi_albert_10ins_m20,46,SpecAnn-64,0.7476998850543153,1.00000001,-2039889.9999999995,0.0116233825683593,0,True,59,33,True,71,64,2025-11-16 08:07:24
ba_8192_1_9.txt,barabasi_albert_10ins_m20,46,SpecAnn-64,0.7529469661657903,1.00000001,-2046378.0,0.0116329193115234,0,True,59,33,True,72,64,2025-11-16 08:07:24
ba_8192_1_9.txt,barabasi_albert_10ins_m20,46,SpecAnn-64,0.7581577339883167,1.00000001,-2033276.0,0.0114660263061523,0,True,59,33,True,73,64,2025-11-16 08:07:24
ba_8192_1_9.txt,barabasi_albert_10ins_m20,46,SpecAnn-64,0.7633329321824984,1.00000001,-2052525.9999999995,0.0114219188690185,0,True,59,33,True,74,64,2025-11-16 08:07:24
ba_8192_1_9.txt,barabasi_albert_10ins_m20,46,SpecAnn-64,0.7684732793678399,1.00000001,-2035226.0,0.0114338397979736,0,True,59,33,True,75,64,2025-11-16 08:07:24
ba_8192_1_9.txt,barabasi_albert_10ins_m20,46,SpecAnn-64,0.7735794702875677,1.00000001,-2034206.0,0.0113656520843505,0,True,59,33,True,76,64,2025-11-16 08:07:24
ba_8192_1_9.txt,barabasi_albert_10ins_m20,46,SpecAnn-64,0.7786521769046981,1.00000001,-2035988.0,0.0113477706909179,0,True,59,33,True,77,64,2025-11-16 08:07:24
ba_8192_1_9.txt,barabasi_albert_10ins_m20,46,SpecAnn-64,0.7836920494342511,1.00000001,-2050270.0,0.0113651752471923,0,True,59,33,True,78,64,2025-11-16 08:07:24
ba_8192_1_9.txt,barabasi_albert_10ins_m20,46,SpecAnn-64,0.788699717316095,1.00000001,-2040514.0,0.0113022327423095,0,True,59,33,True,79,64,2025-11-16 08:07:24
ba_8192_1_9.txt,barabasi_albert_10ins_m20,46,SpecAnn-64,0.7936757901325451,1.00000001,-2045740.0,0.0113406181335449,0,True,59,33,True,80,64,2025-11-16 08:07:24
ba_8192_1_9.txt,barabasi_albert_10ins_m20,46,SpecAnn-64,0.7986208584745024,1.00000001,-2043270.0,0.0113391876220703,0,True,59,33,True,81,64,2025-11-16 08:07:24
ba_8192_1_9.txt,barabasi_albert_10ins_m20,46,SpecAnn-64,0.803535494759617,1.00000001,-2042168.0,0.0113053321838378,0,True,59,33,True,82,64,2025-11-16 08:07:24
ba_8192_1_9.txt,barabasi_albert_10ins_m20,46,SpecAnn-64,0.8084202540056837,1.00000001,-2037334.0,0.0113728046417236,0,True,59,33,True,83,64,2025-11-16 08:07:24
ba_8192_1_9.txt,barabasi_albert_10ins_m20,46,SpecAnn-64,0.8132756745622272,1.00000001,-2031826.0,0.0115010738372802,0,True,59,33,True,84,64,2025-11-16 08:07:24
ba_8192_1_9.txt,barabasi_albert_10ins_m20,46,SpecAnn-64,0.8181022788030096,1.00000001,-2048240.0,0.0116631984710693,0,True,59,33,True,85,64,2025-11-16 08:07:24
ba_8192_1_9.txt,barabasi_albert_10ins_m20,46,SpecAnn-64,0.822900573781978,1.00000001,-2049972.0,0.0116314888000488,0,True,59,33,True,86,64,2025-11-16 08:07:24
ba_8192_1_9.txt,barabasi_albert_10ins_m20,46,SpecAnn-64,0.8276710518549868,1.00000001,-2062440.0,0.0114526748657226,0,True,59,33,True,87,64,2025-11-16 08:07:24
ba_8192_1_9.txt,barabasi_albert_10ins_m20,46,SpecAnn-64,0.8324141912694495,1.00000001,-2054808.0,0.0114049911499023,0,True,59,33,True,88,64,2025-11-16 08:07:24
ba_8192_1_9.txt,barabasi_albert_10ins_m20,46,SpecAnn-64,0.8371304567239225,1.00000001,-2047998.0,0.0113918781280517,0,True,59,33,True,89,64,2025-11-16 08:07:24
ba_8192_1_9.txt,barabasi_albert_10ins_m20,46,SpecAnn-64,0.8418202998994706,1.00000001,-2040066.0,0.0114057064056396,0,True,59,33,True,90,64,2025-11-16 08:07:24
ba_8192_1_9.txt,barabasi_albert_10ins_m20,46,SpecAnn-64,0.846484159964536,1.00000001,-2056402.0,0.0114071369171142,0,True,59,33,True,91,64,2025-11-16 08:07:24
ba_8192_1_9.txt,barabasi_albert_10ins_m20,46,SpecAnn-64,0.8511224640549078,1.00000001,-2059814.0,0.0114524364471435,0,True,59,33,True,92,64,2025-11-16 08:07:24
ba_8192_1_9.txt,barabasi_albert_10ins_m20,46,SpecAnn-64,0.8557356277302758,1.00000001,-2063770.0,0.0116338729858398,0,True,59,33,True,93,64,2025-11-16 08:07:24
ba_8192_1_9.txt,barabasi_albert_10ins_m20,46,SpecAnn-64,0.8603240554087516,1.00000001,-2061912.0,0.0116446018218994,0,True,59,33,True,94,64,2025-11-16 08:07:24
ba_8192_1_9.txt,barabasi_albert_10ins_m20,46,SpecAnn-64,0.86488814078064,1.00000001,-2061892.0,0.0116426944732666,0,True,59,33,True,95,64,2025-11-16 08:07:24
ba_8192_1_9.txt,barabasi_albert_10ins_m20,46,SpecAnn-64,0.8694282672026621,1.00000001,-2067544.0,0.0114881992340087,0,True,59,33,True,96,64,2025-11-16 08:07:24
ba_8192_1_9.txt,barabasi_albert_10ins_m20,46,SpecAnn-64,0.8739448080737451,1.00000001,-2082626.0,0.0114555358886718,0,True,59,33,True,97,64,2025-11-16 08:07:24
ba_8192_1_9.txt,barabasi_albert_10ins_m20,46,SpecAnn-64,0.878438127193422,1.00000001,-2078674.0,0.011401891708374,0,True,59,33,True,98,64,2025-11-16 08:07:24
ba_8192_1_9.txt,barabasi_albert_10ins_m20,46,SpecAnn-64,0.8829085791038153,1.00000001,-2080308.0,0.0114643573760986,0,True,59,33,True,99,64,2025-11-16 08:07:24
ba_8192_1_9.txt,barabasi_albert_10ins_m20,46,SpecAnn-64,0.8873565094161138,1.00000001,-2086866.0,0.0218520164489746,0,True,59,65,True,100,64,2025-11-16 08:07:24
ba_8192_1_9.txt,barabasi_albert_10ins_m20,46,SpecAnn-64,0.8917822551223932,1.00000001,-2070704.0,0.0218136310577392,0,True,59,65,True,101,64,2025-11-16 08:07:24
ba_8192_1_9.txt,barabasi_albert_10ins_m20,46,SpecAnn-64,0.8961861448935777,1.00000001,-2085466.0,0.0217437744140625,0,True,59,65,True,102,64,2025-11-16 08:07:24
ba_8192_1_9.txt,barabasi_albert_10ins_m20,46,SpecAnn-64,0.9005684993642872,1.00000001,-2089650.0,0.0216841697692871,0,True,59,65,True,103,64,2025-11-16 08:07:24
ba_8192_1_9.txt,barabasi_albert_10ins_m20,46,SpecAnn-64,0.9049296314052688,1.00000001,-2091164.0,0.0217437744140625,0,True,59,65,True,104,64,2025-11-16 08:07:24
ba_8192_1_9.txt,barabasi_albert_10ins_m20,46,SpecAnn-64,0.9092698463840684,1.00000001,-2096114.0,0.0218098163604736,0,True,59,65,True,105,64,2025-11-16 08:07:24
ba_8192_1_9.txt,barabasi_albert_10ins_m20,46,SpecAnn-64,0.9135894424145556,1.00000001,-2098554.0,0.0218284130096435,0,True,59,65,True,106,64,2025-11-16 08:07:24
ba_8192_1_9.txt,barabasi_albert_10ins_m20,46,SpecAnn-64,0.9178887105958816,1.00000001,-2108046.0,0.032466173171997,0,True,59,97,True,107,64,2025-11-16 08:07:24
ba_8192_1_9.txt,barabasi_albert_10ins_m20,46,SpecAnn-64,0.922167935241408,1.00000001,-2104564.0,0.0322756767272949,0,True,59,97,True,108,64,2025-11-16 08:07:24
ba_8192_1_9.txt,barabasi_albert_10ins_m20,46,SpecAnn-64,0.92642739409812,1.00000001,-2105778.0,0.0322039127349853,0,True,59,97,True,109,64,2025-11-16 08:07:24
ba_8192_1_9.txt,barabasi_albert_10ins_m20,46,SpecAnn-64,0.9306673585570006,1.00000001,-2113552.0,0.032252550125122,0,True,59,97,True,110,64,2025-11-16 08:07:24
ba_8192_1_9.txt,barabasi_albert_10ins_m20,46,SpecAnn-64,0.9348880938548184,1.00000001,-2097868.0,0.032285451889038,0,True,59,97,True,111,64,2025-11-16 08:07:24
ba_8192_1_9.txt,barabasi_albert_10ins_m20,46,SpecAnn-64,0.9390898592677528,1.00000001,-2097531.9999999995,0.0323195457458496,0,True,59,97,True,112,64,2025-11-16 08:07:24
ba_8192_1_9.txt,barabasi_albert_10ins_m20,46,SpecAnn-64,0.9432729082972536,1.00000001,-2092896.0,0.0321118831634521,0,True,59,97,True,113,64,2025-11-16 08:07:25
ba_8192_1_9.txt,barabasi_albert_10ins_m20,46,SpecAnn-64,0.9474374888485204,1.00000001,-2098344.0,0.0321173667907714,0,True,59,97,True,114,64,2025-11-16 08:07:25
ba_8192_1_9.txt,barabasi_albert_10ins_m20,46,SpecAnn-64,0.9515838434019476,1.00000001,-2095572.0,0.032001256942749,0,True,59,97,True,115,64,2025-11-16 08:07:25
ba_8192_1_9.txt,barabasi_albert_10ins_m20,46,SpecAnn-64,0.9557122091778746,1.00000001,-2097388.0000000005,0.0320713520050048,0,True,59,97,True,116,64,2025-11-16 08:07:25
ba_8192_1_9.txt,barabasi_albert_10ins_m20,46,SpecAnn-64,0.9598228182949629,1.00000001,-2087960.0,0.0322959423065185,0,True,59,97,True,117,64,2025-11-16 08:07:25
ba_8192_1_9.txt,barabasi_albert_10ins_m20,46,SpecAnn-64,0.963915897922488,1.00000001,-2086826.0,0.0328202247619628,0,True,59,97,True,118,64,2025-11-16 08:07:25
ba_8192_1_9.txt,barabasi_albert_10ins_m20,46,SpecAnn-64,0.967991670426842,1.00000001,-2093184.0,0.0321428775787353,0,True,59,97,True,119,64,2025-11-16 08:07:25
ba_8192_1_9.txt,barabasi_albert_10ins_m20,46,SpecAnn-64,0.9720503535125016,1.00000001,-2100838.0,0.0322253704071044,0,True,59,97,True,120,64,2025-11-16 08:07:25
ba_8192_1_9.txt,barabasi_albert_10ins_m20,46,SpecAnn-64,0.9760921603577252,1.00000001,-2090381.9999999995,0.0323424339294433,0,True,59,97,True,121,64,2025-11-16 08:07:25
ba_8192_1_9.txt,barabasi_albert_10ins_m20,46,SpecAnn-64,0.9801172997452104,1.00000001,-2099376.0,0.0325078964233398,0,True,59,97,True,122,64,2025-11-16 08:07:25
ba_8192_1_9.txt,barabasi_albert_10ins_m20,46,SpecAnn-64,0.9841259761879442,1.00000001,-2097060.0,0.0328037738800048,0,True,59,97,True,123,64,2025-11-16 08:07:25
ba_8192_1_9.txt,barabasi_albert_10ins_m20,46,SpecAnn-64,0.9881183900504562,1.00000001,-2093946.0,0.0322804450988769,0,True,59,97,True,124,64,2025-11-16 08:07:25
ba_8192_1_9.txt,barabasi_albert_10ins_m20,46,SpecAnn-64,0.9920947376656812,1.00000001,-2084014.0,0.0323708057403564,0,True,59,97,True,125,64,2025-11-16 08:07:25
ba_8192_1_9.txt,barabasi_albert_10ins_m20,46,SpecAnn-64,0.9960552114476228,1.00000001,-2096232.0,0.0323448181152343,0,True,59,97,True,126,64,2025-11-16 08:07:25
ba_8192_1_9.txt,barabasi_albert_10ins_m20,46,SpecAnn-64,1.0,1.00000001,-2092158.0,0.0324625968933105,0,True,59,97,True,127,64,2025-11-16 08:07:25
ba_8192_1_9.txt,barabasi_albert_10ins_m20,47,SpecAnn-64,0.0,1.00000001,-2035048.0,0.0122280120849609,0,True,57,33,True,0,64,2025-11-16 08:07:25
ba_8192_1_9.txt,barabasi_albert_10ins_m20,47,SpecAnn-64,0.0887356509416113,1.00000001,-2017858.0,0.0114588737487792,0,True,57,33,True,1,64,2025-11-16 08:07:25
ba_8192_1_9.txt,barabasi_albert_10ins_m20,47,SpecAnn-64,0.1254911610276317,1.00000001,-2013518.0,0.0113792419433593,0,True,57,33,True,2,64,2025-11-16 08:07:25
ba_8192_1_9.txt,barabasi_albert_10ins_m20,47,SpecAnn-64,0.1536946558735679,1.00000001,-2042560.0,0.0114240646362304,0,True,57,33,True,3,64,2025-11-16 08:07:25
ba_8192_1_9.txt,barabasi_albert_10ins_m20,47,SpecAnn-64,0.1774713018832227,1.00000001,-2021519.9999999995,0.0113873481750488,0,True,57,33,True,4,64,2025-11-16 08:07:25
ba_8192_1_9.txt,barabasi_albert_10ins_m20,47,SpecAnn-64,0.1984189475331362,1.00000001,-2033390.0,0.0115001201629638,0,True,57,33,True,5,64,2025-11-16 08:07:25
ba_8192_1_9.txt,barabasi_albert_10ins_m20,47,SpecAnn-64,0.2173570668006655,1.00000001,-2016328.0,0.0114431381225585,0,True,57,33,True,6,64,2025-11-16 08:07:25
ba_8192_1_9.txt,barabasi_albert_10ins_m20,47,SpecAnn-64,0.2347724648169381,1.00000001,-2013362.0,0.0114431381225585,0,True,57,33,True,7,64,2025-11-16 08:07:25
ba_8192_1_9.txt,barabasi_albert_10ins_m20,47,SpecAnn-64,0.2509823220552634,1.00000001,-2027076.0,0.0113694667816162,0,True,57,33,True,8,64,2025-11-16 08:07:25
ba_8192_1_9.txt,barabasi_albert_10ins_m20,47,SpecAnn-64,0.2662069528248341,1.00000001,-2021635.9999999995,0.0114200115203857,0,True,57,33,True,9,64,2025-11-16 08:07:25
ba_8192_1_9.txt,barabasi_albert_10ins_m20,47,SpecAnn-64,0.2806067666331568,1.00000001,-2021334.0,0.0116217136383056,0,True,57,33,True,10,64,2025-11-16 08:07:25
ba_8192_1_9.txt,barabasi_albert_10ins_m20,47,SpecAnn-64,0.2943028597012718,1.00000001,-2029820.0,0.0115659236907958,0,True,57,33,True,11,64,2025-11-16 08:07:25
ba_8192_1_9.txt,barabasi_albert_10ins_m20,47,SpecAnn-64,0.3073893117471359,1.00000001,-2002977.9999999995,0.0116004943847656,0,True,57,33,True,12,64,2025-11-16 08:07:25
ba_8192_1_9.txt,barabasi_albert_10ins_m20,47,SpecAnn-64,0.3199409394316542,1.00000001,-2010285.9999999995,0.0114920139312744,0,True,57,33,True,13,64,2025-11-16 08:07:25
ba_8192_1_9.txt,barabasi_albert_10ins_m20,47,SpecAnn-64,0.3320184038158743,1.00000001,-2025764.0,0.0113577842712402,0,True,57,33,True,14,64,2025-11-16 08:07:25
ba_8192_1_9.txt,barabasi_albert_10ins_m20,47,SpecAnn-64,0.3436716983117353,1.00000001,-2020186.0,0.0114123821258544,0,True,57,33,True,15,64,2025-11-16 08:07:25
ba_8192_1_9.txt,barabasi_albert_10ins_m20,47,SpecAnn-64,0.3549426037664455,1.00000001,-2025888.0,0.0114281177520751,0,True,57,33,True,16,64,2025-11-16 08:07:25
ba_8192_1_9.txt,barabasi_albert_10ins_m20,47,SpecAnn-64,0.3658664615902029,1.00000001,-2004166.0,0.0113739967346191,0,True,57,33,True,17,64,2025-11-16 08:07:25
ba_8192_1_9.txt,barabasi_albert_10ins_m20,47,SpecAnn-64,0.3764734830828951,1.00000001,-2006654.0,0.0114057064056396,0,True,57,33,True,18,64,2025-11-16 08:07:25
ba_8192_1_9.txt,barabasi_albert_10ins_m20,47,SpecAnn-64,0.3867897351437838,1.00000001,-2027364.0,0.0114130973815917,0,True,57,33,True,19,64,2025-11-16 08:07:25
ba_8192_1_9.txt,barabasi_albert_10ins_m20,47,SpecAnn-64,0.3968378950662725,1.00000001,-2021792.0,0.0113592147827148,0,True,57,33,True,20,64,2025-11-16 08:07:25
ba_8192_1_9.txt,barabasi_albert_10ins_m20,47,SpecAnn-64,0.4066378372811136,1.00000001,-1999438.0,0.0114071369171142,0,True,57,33,True,21,64,2025-11-16 08:07:25
ba_8192_1_9.txt,barabasi_albert_10ins_m20,47,SpecAnn-64,0.4162070956347247,1.00000001,-2024126.0,0.0114517211914062,0,True,57,33,True,22,64,2025-11-16 08:07:25
ba_8192_1_9.txt,barabasi_albert_10ins_m20,47,SpecAnn-64,0.4255612320274539,1.00000001,-2034290.0,0.0113871097564697,0,True,57,33,True,23,64,2025-11-16 08:07:25
ba_8192_1_9.txt,barabasi_albert_10ins_m20,47,SpecAnn-64,0.434714133601331,1.00000001,-2030848.0,0.0114281177520751,0,True,57,33,True,24,64,2025-11-16 08:07:25
ba_8192_1_9.txt,barabasi_albert_10ins_m20,47,SpecAnn-64,0.4436782547080569,1.00000001,-2022768.0,0.0114686489105224,0,True,57,33,True,25,64,2025-11-16 08:07:25
ba_8192_1_9.txt,barabasi_albert_10ins_m20,47,SpecAnn-64,0.4524648157026343,1.00000001,-2037688.0,0.0114314556121826,0,True,57,33,True,26,64,2025-11-16 08:07:25
ba_8192_1_9.txt,barabasi_albert_10ins_m20,47,SpecAnn-64,0.4610839676207039,1.00000001,-2023876.0,0.0114333629608154,0,True,57,33,True,27,64,2025-11-16 08:07:25
ba_8192_1_9.txt,barabasi_albert_10ins_m20,47,SpecAnn-64,0.4695449296338763,1.00000001,-2010903.9999999995,0.0114309787750244,0,True,57,33,True,28,64,2025-11-16 08:07:26
ba_8192_1_9.txt,barabasi_albert_10ins_m20,47,SpecAnn-64,0.4778561045889373,1.00000001,-2003384.0,0.0114076137542724,0,True,57,33,True,29,64,2025-11-16 08:07:26
ba_8192_1_9.txt,barabasi_albert_10ins_m20,47,SpecAnn-64,0.4860251767562508,1.00000001,-2021253.9999999995,0.0114970207214355,0,True,57,33,True,30,64,2025-11-16 08:07:26
ba_8192_1_9.txt,barabasi_albert_10ins_m20,47,SpecAnn-64,0.4940591950252281,1.00000001,-2027546.0,0.0114326477050781,0,True,57,33,True,31,64,2025-11-16 08:07:26
ba_8192_1_9.txt,barabasi_albert_10ins_m20,47,SpecAnn-64,0.5019646441105269,1.00000001,-2018736.0,0.0114655494689941,0,True,57,33,True,32,64,2025-11-16 08:07:26
ba_8192_1_9.txt,barabasi_albert_10ins_m20,47,SpecAnn-64,0.5097475058154177,1.00000001,-2029314.0,0.0115501880645751,0,True,57,33,True,33,64,2025-11-16 08:07:26
ba_8192_1_9.txt,barabasi_albert_10ins_m20,47,SpecAnn-64,0.51741331199832,1.00000001,-2016478.0,0.011458396911621,0,True,57,33,True,34,64,2025-11-16 08:07:26
ba_8192_1_9.txt,barabasi_albert_10ins_m20,47,SpecAnn-64,0.5249671905758515,1.00000001,-2001344.0,0.0115394592285156,0,True,57,33,True,35,64,2025-11-16 08:07:26
ba_8192_1_9.txt,barabasi_albert_10ins_m20,47,SpecAnn-64,0.5324139056496683,1.00000001,-2019966.0,0.0114743709564208,0,True,57,33,True,36,64,2025-11-16 08:07:26
ba_8192_1_9.txt,barabasi_albert_10ins_m20,47,SpecAnn-64,0.5397578926492556,1.00000001,-2006454.0,0.011486530303955,0,True,57,33,True,37,64,2025-11-16 08:07:26
ba_8192_1_9.txt,barabasi_albert_10ins_m20,47,SpecAnn-64,0.5470032892270364,1.00000001,-2026616.0,0.0115220546722412,0,True,57,33,True,38,64,2025-11-16 08:07:26
ba_8192_1_9.txt,barabasi_albert_10ins_m20,47,SpecAnn-64,0.554153962516942,1.00000001,-2026876.0,0.0114517211914062,0,True,57,33,True,39,64,2025-11-16 08:07:26
ba_8192_1_9.txt,barabasi_albert_10ins_m20,47,SpecAnn-64,0.5612135332663137,1.00000001,-2023392.0,0.0114412307739257,0,True,57,33,True,40,64,2025-11-16 08:07:26
ba_8192_1_9.txt,barabasi_albert_10ins_m20,47,SpecAnn-64,0.5681853972686127,1.00000001,-2025232.0,0.0114545822143554,0,True,57,33,True,41,64,2025-11-16 08:07:26
ba_8192_1_9.txt,barabasi_albert_10ins_m20,47,SpecAnn-64,0.5750727444570146,1.00000001,-2018242.0,0.0116848945617675,0,True,57,33,True,42,64,2025-11-16 08:07:26
ba_8192_1_9.txt,barabasi_albert_10ins_m20,47,SpecAnn-64,0.5818785759635375,1.00000001,-2032356.0,0.0116333961486816,0,True,57,33,True,43,64,2025-11-16 08:07:26
ba_8192_1_9.txt,barabasi_albert_10ins_m20,47,SpecAnn-64,0.5886057194025436,1.00000001,-2038626.0,0.0115773677825927,0,True,57,33,True,44,64,2025-11-16 08:07:26
ba_8192_1_9.txt,barabasi_albert_10ins_m20,47,SpecAnn-64,0.5952568425994088,1.00000001,-2028280.0,0.0114490985870361,0,True,57,33,True,45,64,2025-11-16 08:07:26
ba_8192_1_9.txt,barabasi_albert_10ins_m20,47,SpecAnn-64,0.6018344659534288,1.00000001,-2019310.0,0.0113980770111083,0,True,57,33,True,46,64,2025-11-16 08:07:26
ba_8192_1_9.txt,barabasi_albert_10ins_m20,47,SpecAnn-64,0.6083409735974393,1.00000001,-2018753.9999999995,0.0114521980285644,0,True,57,33,True,47,64,2025-11-16 08:07:26
ba_8192_1_9.txt,barabasi_albert_10ins_m20,47,SpecAnn-64,0.6147786234942719,1.00000001,-2026158.0,0.0114431381225585,0,True,57,33,True,48,64,2025-11-16 08:07:26
ba_8192_1_9.txt,barabasi_albert_10ins_m20,47,SpecAnn-64,0.6211495565912796,1.00000001,-2029538.0,0.0114455223083496,0,True,57,33,True,49,64,2025-11-16 08:07:26
ba_8192_1_9.txt,barabasi_albert_10ins_m20,47,SpecAnn-64,0.6274558051381586,1.00000001,-2026290.0,0.0114936828613281,0,True,57,33,True,50,64,2025-11-16 08:07:26
ba_8192_1_9.txt,barabasi_albert_10ins_m20,47,SpecAnn-64,0.6336993002596786,1.00000001,-2031870.0,0.0114614963531494,0,True,57,33,True,51,64,2025-11-16 08:07:26
ba_8192_1_9.txt,barabasi_albert_10ins_m20,47,SpecAnn-64,0.6398818788633085,1.00000001,-2034888.0,0.0114510059356689,0,True,57,33,True,52,64,2025-11-16 08:07:26
ba_8192_1_9.txt,barabasi_albert_10ins_m20,47,SpecAnn-64,0.6460052899517691,1.00000001,-2040322.0,0.011415958404541,0,True,57,33,True,53,64,2025-11-16 08:07:26
ba_8192_1_9.txt,barabasi_albert_10ins_m20,47,SpecAnn-64,0.6520712004019966,1.00000001,-2022840.0,0.0114297866821289,0,True,57,33,True,54,64,2025-11-16 08:07:26
ba_8192_1_9.txt,barabasi_albert_10ins_m20,47,SpecAnn-64,0.6580812002646271,1.00000001,-2027512.0,0.0116593837738037,0,True,57,33,True,55,64,2025-11-16 08:07:26
ba_8192_1_9.txt,barabasi_albert_10ins_m20,47,SpecAnn-64,0.6640368076317485,1.00000001,-2037920.0,0.0117299556732177,0,True,57,33,True,56,64,2025-11-16 08:07:26
ba_8192_1_9.txt,barabasi_albert_10ins_m20,47,SpecAnn-64,0.6699394731151429,1.00000001,-2022308.0,0.0116474628448486,0,True,57,33,True,57,64,2025-11-16 08:07:26
ba_8192_1_9.txt,barabasi_albert_10ins_m20,47,SpecAnn-64,0.6757905839724513,1.00000001,-2028756.0,0.0115053653717041,0,True,57,33,True,58,64,2025-11-16 08:07:26
ba_8192_1_9.txt,barabasi_albert_10ins_m20,47,SpecAnn-64,0.6815914679145113,1.00000001,-2034540.0,0.0114276409149169,0,True,57,33,True,59,64,2025-11-16 08:07:26
ba_8192_1_9.txt,barabasi_albert_10ins_m20,47,SpecAnn-64,0.6873433966234707,1.00000001,-2031214.0,0.0114247798919677,0,True,57,33,True,60,64,2025-11-16 08:07:26
ba_8192_1_9.txt,barabasi_albert_10ins_m20,47,SpecAnn-64,0.6930475890080863,1.00000001,-2031240.0,0.0114648342132568,0,True,57,33,True,61,64,2025-11-16 08:07:26
ba_8192_1_9.txt,barabasi_albert_10ins_m20,47,SpecAnn-64,0.6987052142198116,1.00000001,-2028644.0,0.0114820003509521,0,True,57,33,True,62,64,2025-11-16 08:07:26
ba_8192_1_9.txt,barabasi_albert_10ins_m20,47,SpecAnn-64,0.7043173944508145,1.00000001,-2032484.0,0.01141357421875,0,True,57,33,True,63,64,2025-11-16 08:07:26
ba_8192_1_9.txt,barabasi_albert_10ins_m20,47,SpecAnn-64,0.709885207532891,1.00000001,-2021940.0,0.0114421844482421,0,True,57,33,True,64,64,2025-11-16 08:07:26
ba_8192_1_9.txt,barabasi_albert_10ins_m20,47,SpecAnn-64,0.7154096893543218,1.00000001,-2023398.0,0.0114269256591796,0,True,57,33,True,65,64,2025-11-16 08:07:26
ba_8192_1_9.txt,barabasi_albert_10ins_m20,47,SpecAnn-64,0.7208918361100219,1.00000001,-2028206.0,0.0114505290985107,0,True,57,33,True,66,64,2025-11-16 08:07:26
ba_8192_1_9.txt,barabasi_albert_10ins_m20,47,SpecAnn-64,0.7263326063988248,1.00000001,-2041376.0,0.0114312171936035,0,True,57,33,True,67,64,2025-11-16 08:07:26
ba_8192_1_9.txt,barabasi_albert_10ins_m20,47,SpecAnn-64,0.7317329231804058,1.00000001,-2040544.0,0.0114929676055908,0,True,57,33,True,68,64,2025-11-16 08:07:26
ba_8192_1_9.txt,barabasi_albert_10ins_m20,47,SpecAnn-64,0.7370936756031579,1.00000001,-2029310.0,0.0114312171936035,0,True,57,33,True,69,64,2025-11-16 08:07:26
ba_8192_1_9.txt,barabasi_albert_10ins_m20,47,SpecAnn-64,0.7424157207132704,1.00000001,-2031790.0,0.0115203857421875,0,True,57,33,True,70,64,2025-11-16 08:07:26
ba_8192_1_9.txt,barabasi_albert_10ins_m20,47,SpecAnn-64,0.7476998850543153,1.00000001,-2037742.0,0.0116167068481445,0,True,57,33,True,71,64,2025-11-16 08:07:26
ba_8192_1_9.txt,barabasi_albert_10ins_m20,47,SpecAnn-64,0.7529469661657903,1.00000001,-2047554.0,0.0116426944732666,0,True,57,33,True,72,64,2025-11-16 08:07:26
ba_8192_1_9.txt,barabasi_albert_10ins_m20,47,SpecAnn-64,0.7581577339883167,1.00000001,-2043978.0,0.0114750862121582,0,True,57,33,True,73,64,2025-11-16 08:07:26
ba_8192_1_9.txt,barabasi_albert_10ins_m20,47,SpecAnn-64,0.7633329321824984,1.00000001,-2034256.0,0.0114469528198242,0,True,57,33,True,74,64,2025-11-16 08:07:26
ba_8192_1_9.txt,barabasi_albert_10ins_m20,47,SpecAnn-64,0.7684732793678399,1.00000001,-2039378.0,0.011448860168457,0,True,57,33,True,75,64,2025-11-16 08:07:26
ba_8192_1_9.txt,barabasi_albert_10ins_m20,47,SpecAnn-64,0.7735794702875677,1.00000001,-2045064.0,0.0114123821258544,0,True,57,33,True,76,64,2025-11-16 08:07:26
ba_8192_1_9.txt,barabasi_albert_10ins_m20,47,SpecAnn-64,0.7786521769046981,1.00000001,-2029702.0,0.0115025043487548,0,True,57,33,True,77,64,2025-11-16 08:07:26
ba_8192_1_9.txt,barabasi_albert_10ins_m20,47,SpecAnn-64,0.7836920494342511,1.00000001,-2047350.0,0.0114915370941162,0,True,57,33,True,78,64,2025-11-16 08:07:26
ba_8192_1_9.txt,barabasi_albert_10ins_m20,47,SpecAnn-64,0.788699717316095,1.00000001,-2049297.9999999995,0.0114398002624511,0,True,57,33,True,79,64,2025-11-16 08:07:26
ba_8192_1_9.txt,barabasi_albert_10ins_m20,47,SpecAnn-64,0.7936757901325451,1.00000001,-2041056.0,0.0114622116088867,0,True,57,33,True,80,64,2025-11-16 08:07:26
ba_8192_1_9.txt,barabasi_albert_10ins_m20,47,SpecAnn-64,0.7986208584745024,1.00000001,-2054062.0,0.011415958404541,0,True,57,33,True,81,64,2025-11-16 08:07:26
ba_8192_1_9.txt,barabasi_albert_10ins_m20,47,SpecAnn-64,0.803535494759617,1.00000001,-2036618.0,0.0113852024078369,0,True,57,33,True,82,64,2025-11-16 08:07:26
ba_8192_1_9.txt,barabasi_albert_10ins_m20,47,SpecAnn-64,0.8084202540056837,1.00000001,-2045202.0,0.0113914012908935,0,True,57,33,True,83,64,2025-11-16 08:07:26
ba_8192_1_9.txt,barabasi_albert_10ins_m20,47,SpecAnn-64,0.8132756745622272,1.00000001,-2058402.0,0.0114417076110839,0,True,57,33,True,84,64,2025-11-16 08:07:26
ba_8192_1_9.txt,barabasi_albert_10ins_m20,47,SpecAnn-64,0.8181022788030096,1.00000001,-2037380.0,0.0114798545837402,0,True,57,33,True,85,64,2025-11-16 08:07:26
ba_8192_1_9.txt,barabasi_albert_10ins_m20,47,SpecAnn-64,0.822900573781978,1.00000001,-2057546.0,0.0115642547607421,0,True,57,33,True,86,64,2025-11-16 08:07:26
ba_8192_1_9.txt,barabasi_albert_10ins_m20,47,SpecAnn-64,0.8276710518549868,1.00000001,-2053640.0,0.0115072727203369,0,True,57,33,True,87,64,2025-11-16 08:07:26
ba_8192_1_9.txt,barabasi_albert_10ins_m20,47,SpecAnn-64,0.8324141912694495,1.00000001,-2051736.0,0.011502981185913,0,True,57,33,True,88,64,2025-11-16 08:07:26
ba_8192_1_9.txt,barabasi_albert_10ins_m20,47,SpecAnn-64,0.8371304567239225,1.00000001,-2054718.0,0.0115501880645751,0,True,57,33,True,89,64,2025-11-16 08:07:26
ba_8192_1_9.txt,barabasi_albert_10ins_m20,47,SpecAnn-64,0.8418202998994706,1.00000001,-2063284.0,0.0114731788635253,0,True,57,33,True,90,64,2025-11-16 08:07:26
ba_8192_1_9.txt,barabasi_albert_10ins_m20,47,SpecAnn-64,0.846484159964536,1.00000001,-2059852.0,0.0115163326263427,0,True,57,33,True,91,64,2025-11-16 08:07:26
ba_8192_1_9.txt,barabasi_albert_10ins_m20,47,SpecAnn-64,0.8511224640549078,1.00000001,-2061430.0,0.011453628540039,0,True,57,33,True,92,64,2025-11-16 08:07:26
ba_8192_1_9.txt,barabasi_albert_10ins_m20,47,SpecAnn-64,0.8557356277302758,1.00000001,-2071822.0,0.0114343166351318,0,True,57,33,True,93,64,2025-11-16 08:07:26
ba_8192_1_9.txt,barabasi_albert_10ins_m20,47,SpecAnn-64,0.8603240554087516,1.00000001,-2075994.0,0.0114612579345703,0,True,57,33,True,94,64,2025-11-16 08:07:26
ba_8192_1_9.txt,barabasi_albert_10ins_m20,47,SpecAnn-64,0.86488814078064,1.00000001,-2063484.0,0.0114262104034423,0,True,57,33,True,95,64,2025-11-16 08:07:26
ba_8192_1_9.txt,barabasi_albert_10ins_m20,47,SpecAnn-64,0.8694282672026621,1.00000001,-2067946.0,0.0114896297454833,0,True,57,33,True,96,64,2025-11-16 08:07:26
ba_8192_1_9.txt,barabasi_albert_10ins_m20,47,SpecAnn-64,0.8739448080737451,1.00000001,-2067658.0,0.011437177658081,0,True,57,33,True,97,64,2025-11-16 08:07:26
ba_8192_1_9.txt,barabasi_albert_10ins_m20,47,SpecAnn-64,0.878438127193422,1.00000001,-2078018.0,0.0114293098449707,0,True,57,33,True,98,64,2025-11-16 08:07:26
ba_8192_1_9.txt,barabasi_albert_10ins_m20,47,SpecAnn-64,0.8829085791038153,1.00000001,-2083264.0,0.0114428997039794,0,True,57,33,True,99,64,2025-11-16 08:07:26
ba_8192_1_9.txt,barabasi_albert_10ins_m20,47,SpecAnn-64,0.8873565094161138,1.00000001,-2085720.0,0.0218729972839355,0,True,57,65,True,100,64,2025-11-16 08:07:26
ba_8192_1_9.txt,barabasi_albert_10ins_m20,47,SpecAnn-64,0.8917822551223932,1.00000001,-2081770.0,0.0218944549560546,0,True,57,65,True,101,64,2025-11-16 08:07:26
ba_8192_1_9.txt,barabasi_albert_10ins_m20,47,SpecAnn-64,0.8961861448935777,1.00000001,-2085904.0,0.0218620300292968,0,True,57,65,True,102,64,2025-11-16 08:07:26
ba_8192_1_9.txt,barabasi_albert_10ins_m20,47,SpecAnn-64,0.9005684993642872,1.00000001,-2097386.0000000005,0.0218188762664794,0,True,57,65,True,103,64,2025-11-16 08:07:26
ba_8192_1_9.txt,barabasi_albert_10ins_m20,47,SpecAnn-64,0.9049296314052688,1.00000001,-2085496.0,0.0217165946960449,0,True,57,65,True,104,64,2025-11-16 08:07:26
ba_8192_1_9.txt,barabasi_albert_10ins_m20,47,SpecAnn-64,0.9092698463840684,1.00000001,-2095790.0,0.0218129158020019,0,True,57,65,True,105,64,2025-11-16 08:07:26
ba_8192_1_9.txt,barabasi_albert_10ins_m20,47,SpecAnn-64,0.9135894424145556,1.00000001,-2114643.9999999995,0.0217556953430175,0,True,57,65,True,106,64,2025-11-16 08:07:26
ba_8192_1_9.txt,barabasi_albert_10ins_m20,47,SpecAnn-64,0.9178887105958816,1.00000001,-2116300.0000000005,0.032257080078125,0,True,57,97,True,107,64,2025-11-16 08:07:27
ba_8192_1_9.txt,barabasi_albert_10ins_m20,47,SpecAnn-64,0.922167935241408,1.00000001,-2109904.0,0.032172679901123,0,True,57,97,True,108,64,2025-11-16 08:07:27
ba_8192_1_9.txt,barabasi_albert_10ins_m20,47,SpecAnn-64,0.92642739409812,1.00000001,-2111999.9999999995,0.0320963859558105,0,True,57,97,True,109,64,2025-11-16 08:07:27
ba_8192_1_9.txt,barabasi_albert_10ins_m20,47,SpecAnn-64,0.9306673585570006,1.00000001,-2105818.0,0.0320391654968261,0,True,57,97,True,110,64,2025-11-16 08:07:27
ba_8192_1_9.txt,barabasi_albert_10ins_m20,47,SpecAnn-64,0.9348880938548184,1.00000001,-2108896.0,0.0321528911590576,0,True,57,97,True,111,64,2025-11-16 08:07:27
ba_8192_1_9.txt,barabasi_albert_10ins_m20,47,SpecAnn-64,0.9390898592677528,1.00000001,-2093753.9999999995,0.0322446823120117,0,True,57,97,True,112,64,2025-11-16 08:07:27
ba_8192_1_9.txt,barabasi_albert_10ins_m20,47,SpecAnn-64,0.9432729082972536,1.00000001,-2098418.0,0.0325727462768554,0,True,57,97,True,113,64,2025-11-16 08:07:27
ba_8192_1_9.txt,barabasi_albert_10ins_m20,47,SpecAnn-64,0.9474374888485204,1.00000001,-2109733.9999999995,0.0322859287261962,0,True,57,97,True,114,64,2025-11-16 08:07:27
ba_8192_1_9.txt,barabasi_albert_10ins_m20,47,SpecAnn-64,0.9515838434019476,1.00000001,-2098568.0,0.0322859287261962,0,True,57,97,True,115,64,2025-11-16 08:07:27
ba_8192_1_9.txt,barabasi_albert_10ins_m20,47,SpecAnn-64,0.9557122091778746,1.00000001,-2093248.0,0.0323596000671386,0,True,57,97,True,116,64,2025-11-16 08:07:27
ba_8192_1_9.txt,barabasi_albert_10ins_m20,47,SpecAnn-64,0.9598228182949629,1.00000001,-2096068.0,0.032646894454956,0,True,57,97,True,117,64,2025-11-16 08:07:27
ba_8192_1_9.txt,barabasi_albert_10ins_m20,47,SpecAnn-64,0.963915897922488,1.00000001,-2090932.0,0.0324022769927978,0,True,57,97,True,118,64,2025-11-16 08:07:27
ba_8192_1_9.txt,barabasi_albert_10ins_m20,47,SpecAnn-64,0.967991670426842,1.00000001,-2092156.0,0.0322260856628418,0,True,57,97,True,119,64,2025-11-16 08:07:27
ba_8192_1_9.txt,barabasi_albert_10ins_m20,47,SpecAnn-64,0.9720503535125016,1.00000001,-2096732.0,0.0324416160583496,0,True,57,97,True,120,64,2025-11-16 08:07:27
ba_8192_1_9.txt,barabasi_albert_10ins_m20,47,SpecAnn-64,0.9760921603577252,1.00000001,-2094984.0,0.0322015285491943,0,True,57,97,True,121,64,2025-11-16 08:07:27
ba_8192_1_9.txt,barabasi_albert_10ins_m20,47,SpecAnn-64,0.9801172997452104,1.00000001,-2087079.9999999995,0.0322415828704834,0,True,57,97,True,122,64,2025-11-16 08:07:27
ba_8192_1_9.txt,barabasi_albert_10ins_m20,47,SpecAnn-64,0.9841259761879442,1.00000001,-2090922.0,0.0327928066253662,0,True,57,97,True,123,64,2025-11-16 08:07:27
ba_8192_1_9.txt,barabasi_albert_10ins_m20,47,SpecAnn-64,0.9881183900504562,1.00000001,-2092398.0,0.0322346687316894,0,True,57,97,True,124,64,2025-11-16 08:07:27
ba_8192_1_9.txt,barabasi_albert_10ins_m20,47,SpecAnn-64,0.9920947376656812,1.00000001,-2087562.0,0.0322601795196533,0,True,57,97,True,125,64,2025-11-16 08:07:27
ba_8192_1_9.txt,barabasi_albert_10ins_m20,47,SpecAnn-64,0.9960552114476228,1.00000001,-2087396.0000000005,0.0321803092956543,0,True,57,97,True,126,64,2025-11-16 08:07:27
ba_8192_1_9.txt,barabasi_albert_10ins_m20,47,SpecAnn-64,1.0,1.00000001,-2091088.0,0.0321850776672363,0,True,57,97,True,127,64,2025-11-16 08:07:27
ba_8192_1_9.txt,barabasi_albert_10ins_m20,48,SpecAnn-64,0.0,1.00000001,-2028550.0,0.0123956203460693,0,True,66,33,True,0,64,2025-11-16 08:07:27
ba_8192_1_9.txt,barabasi_albert_10ins_m20,48,SpecAnn-64,0.0887356509416113,1.00000001,-2035582.0,0.0114321708679199,0,True,66,33,True,1,64,2025-11-16 08:07:27
ba_8192_1_9.txt,barabasi_albert_10ins_m20,48,SpecAnn-64,0.1254911610276317,1.00000001,-2021622.0,0.0114326477050781,0,True,66,33,True,2,64,2025-11-16 08:07:27
ba_8192_1_9.txt,barabasi_albert_10ins_m20,48,SpecAnn-64,0.1536946558735679,1.00000001,-2015932.0,0.0115303993225097,0,True,66,33,True,3,64,2025-11-16 08:07:27
ba_8192_1_9.txt,barabasi_albert_10ins_m20,48,SpecAnn-64,0.1774713018832227,1.00000001,-2033068.0,0.0115649700164794,0,True,66,33,True,4,64,2025-11-16 08:07:27
ba_8192_1_9.txt,barabasi_albert_10ins_m20,48,SpecAnn-64,0.1984189475331362,1.00000001,-2019155.9999999995,0.0113604068756103,0,True,66,33,True,5,64,2025-11-16 08:07:27
ba_8192_1_9.txt,barabasi_albert_10ins_m20,48,SpecAnn-64,0.2173570668006655,1.00000001,-2025066.0,0.0114502906799316,0,True,66,33,True,6,64,2025-11-16 08:07:27
ba_8192_1_9.txt,barabasi_albert_10ins_m20,48,SpecAnn-64,0.2347724648169381,1.00000001,-2009828.0,0.0113959312438964,0,True,66,33,True,7,64,2025-11-16 08:07:27
ba_8192_1_9.txt,barabasi_albert_10ins_m20,48,SpecAnn-64,0.2509823220552634,1.00000001,-2022908.0,0.0113904476165771,0,True,66,33,True,8,64,2025-11-16 08:07:27
ba_8192_1_9.txt,barabasi_albert_10ins_m20,48,SpecAnn-64,0.2662069528248341,1.00000001,-2020836.0,0.011437177658081,0,True,66,33,True,9,64,2025-11-16 08:07:27
ba_8192_1_9.txt,barabasi_albert_10ins_m20,48,SpecAnn-64,0.2806067666331568,1.00000001,-2020502.0,0.0114860534667968,0,True,66,33,True,10,64,2025-11-16 08:07:27
ba_8192_1_9.txt,barabasi_albert_10ins_m20,48,SpecAnn-64,0.2943028597012718,1.00000001,-2004744.0,0.0114097595214843,0,True,66,33,True,11,64,2025-11-16 08:07:27
ba_8192_1_9.txt,barabasi_albert_10ins_m20,48,SpecAnn-64,0.3073893117471359,1.00000001,-2029776.0,0.0113744735717773,0,True,66,33,True,12,64,2025-11-16 08:07:28
ba_8192_1_9.txt,barabasi_albert_10ins_m20,48,SpecAnn-64,0.3199409394316542,1.00000001,-1997522.0,0.0115120410919189,0,True,66,33,True,13,64,2025-11-16 08:07:28
ba_8192_1_9.txt,barabasi_albert_10ins_m20,48,SpecAnn-64,0.3320184038158743,1.00000001,-2026896.0,0.0114424228668212,0,True,66,33,True,14,64,2025-11-16 08:07:28
ba_8192_1_9.txt,barabasi_albert_10ins_m20,48,SpecAnn-64,0.3436716983117353,1.00000001,-2019964.0,0.011453628540039,0,True,66,33,True,15,64,2025-11-16 08:07:28
ba_8192_1_9.txt,barabasi_albert_10ins_m20,48,SpecAnn-64,0.3549426037664455,1.00000001,-2022536.0,0.0114197731018066,0,True,66,33,True,16,64,2025-11-16 08:07:28
ba_8192_1_9.txt,barabasi_albert_10ins_m20,48,SpecAnn-64,0.3658664615902029,1.00000001,-2019266.0,0.0114235877990722,0,True,66,33,True,17,64,2025-11-16 08:07:28
ba_8192_1_9.txt,barabasi_albert_10ins_m20,48,SpecAnn-64,0.3764734830828951,1.00000001,-2012308.0,0.0113971233367919,0,True,66,33,True,18,64,2025-11-16 08:07:28
ba_8192_1_9.txt,barabasi_albert_10ins_m20,48,SpecAnn-64,0.3867897351437838,1.00000001,-2006276.0,0.0114951133728027,0,True,66,33,True,19,64,2025-11-16 08:07:28
ba_8192_1_9.txt,barabasi_albert_10ins_m20,48,SpecAnn-64,0.3968378950662725,1.00000001,-2012304.0,0.0115995407104492,0,True,66,33,True,20,64,2025-11-16 08:07:28
ba_8192_1_9.txt,barabasi_albert_10ins_m20,48,SpecAnn-64,0.4066378372811136,1.00000001,-2012378.0,0.0116536617279052,0,True,66,33,True,21,64,2025-11-16 08:07:28
ba_8192_1_9.txt,barabasi_albert_10ins_m20,48,SpecAnn-64,0.4162070956347247,1.00000001,-2002018.0,0.0116665363311767,0,True,66,33,True,22,64,2025-11-16 08:07:28
ba_8192_1_9.txt,barabasi_albert_10ins_m20,48,SpecAnn-64,0.4255612320274539,1.00000001,-2012399.9999999995,0.0116336345672607,0,True,66,33,True,23,64,2025-11-16 08:07:28
ba_8192_1_9.txt,barabasi_albert_10ins_m20,48,SpecAnn-64,0.434714133601331,1.00000001,-2004358.0,0.0115115642547607,0,True,66,33,True,24,64,2025-11-16 08:07:28
ba_8192_1_9.txt,barabasi_albert_10ins_m20,48,SpecAnn-64,0.4436782547080569,1.00000001,-2009835.9999999995,0.0116362571716308,0,True,66,33,True,25,64,2025-11-16 08:07:28
ba_8192_1_9.txt,barabasi_albert_10ins_m20,48,SpecAnn-64,0.4524648157026343,1.00000001,-2023788.0,0.0116944313049316,0,True,66,33,True,26,64,2025-11-16 08:07:28
ba_8192_1_9.txt,barabasi_albert_10ins_m20,48,SpecAnn-64,0.4610839676207039,1.00000001,-2009103.9999999995,0.0117053985595703,0,True,66,33,True,27,64,2025-11-16 08:07:28
ba_8192_1_9.txt,barabasi_albert_10ins_m20,48,SpecAnn-64,0.4695449296338763,1.00000001,-2006304.0,0.0116267204284667,0,True,66,33,True,28,64,2025-11-16 08:07:28
ba_8192_1_9.txt,barabasi_albert_10ins_m20,48,SpecAnn-64,0.4778561045889373,1.00000001,-2013595.9999999995,0.0116353034973144,0,True,66,33,True,29,64,2025-11-16 08:07:28
ba_8192_1_9.txt,barabasi_albert_10ins_m20,48,SpecAnn-64,0.4860251767562508,1.00000001,-2019644.0,0.0115673542022705,0,True,66,33,True,30,64,2025-11-16 08:07:28
ba_8192_1_9.txt,barabasi_albert_10ins_m20,48,SpecAnn-64,0.4940591950252281,1.00000001,-2008240.0,0.0114130973815917,0,True,66,33,True,31,64,2025-11-16 08:07:28
ba_8192_1_9.txt,barabasi_albert_10ins_m20,48,SpecAnn-64,0.5019646441105269,1.00000001,-2010106.0,0.0114500522613525,0,True,66,33,True,32,64,2025-11-16 08:07:28
ba_8192_1_9.txt,barabasi_albert_10ins_m20,48,SpecAnn-64,0.5097475058154177,1.00000001,-2014070.0,0.011472463607788,0,True,66,33,True,33,64,2025-11-16 08:07:28
ba_8192_1_9.txt,barabasi_albert_10ins_m20,48,SpecAnn-64,0.51741331199832,1.00000001,-2016924.0,0.0116221904754638,0,True,66,33,True,34,64,2025-11-16 08:07:28
ba_8192_1_9.txt,barabasi_albert_10ins_m20,48,SpecAnn-64,0.5249671905758515,1.00000001,-2013044.0,0.0116958618164062,0,True,66,33,True,35,64,2025-11-16 08:07:28
ba_8192_1_9.txt,barabasi_albert_10ins_m20,48,SpecAnn-64,0.5324139056496683,1.00000001,-2004586.0,0.0116655826568603,0,True,66,33,True,36,64,2025-11-16 08:07:28
ba_8192_1_9.txt,barabasi_albert_10ins_m20,48,SpecAnn-64,0.5397578926492556,1.00000001,-2005426.0,0.0117337703704833,0,True,66,33,True,37,64,2025-11-16 08:07:28
ba_8192_1_9.txt,barabasi_albert_10ins_m20,48,SpecAnn-64,0.5470032892270364,1.00000001,-2018960.0,0.0117132663726806,0,True,66,33,True,38,64,2025-11-16 08:07:28
ba_8192_1_9.txt,barabasi_albert_10ins_m20,48,SpecAnn-64,0.554153962516942,1.00000001,-2019174.0,0.0114741325378417,0,True,66,33,True,39,64,2025-11-16 08:07:28
ba_8192_1_9.txt,barabasi_albert_10ins_m20,48,SpecAnn-64,0.5612135332663137,1.00000001,-2029416.0,0.0114881992340087,0,True,66,33,True,40,64,2025-11-16 08:07:28
ba_8192_1_9.txt,barabasi_albert_10ins_m20,48,SpecAnn-64,0.5681853972686127,1.00000001,-2012574.0,0.0115280151367187,0,True,66,33,True,41,64,2025-11-16 08:07:28
ba_8192_1_9.txt,barabasi_albert_10ins_m20,48,SpecAnn-64,0.5750727444570146,1.00000001,-2025109.9999999995,0.0115199089050292,0,True,66,33,True,42,64,2025-11-16 08:07:28
ba_8192_1_9.txt,barabasi_albert_10ins_m20,48,SpecAnn-64,0.5818785759635375,1.00000001,-2016994.0,0.0117619037628173,0,True,66,33,True,43,64,2025-11-16 08:07:28
ba_8192_1_9.txt,barabasi_albert_10ins_m20,48,SpecAnn-64,0.5886057194025436,1.00000001,-2025380.0,0.0117111206054687,0,True,66,33,True,44,64,2025-11-16 08:07:28
ba_8192_1_9.txt,barabasi_albert_10ins_m20,48,SpecAnn-64,0.5952568425994088,1.00000001,-2011756.0,0.0117144584655761,0,True,66,33,True,45,64,2025-11-16 08:07:28
ba_8192_1_9.txt,barabasi_albert_10ins_m20,48,SpecAnn-64,0.6018344659534288,1.00000001,-2013872.0,0.0114831924438476,0,True,66,33,True,46,64,2025-11-16 08:07:28
ba_8192_1_9.txt,barabasi_albert_10ins_m20,48,SpecAnn-64,0.6083409735974393,1.00000001,-2029544.0,0.0114989280700683,0,True,66,33,True,47,64,2025-11-16 08:07:28
ba_8192_1_9.txt,barabasi_albert_10ins_m20,48,SpecAnn-64,0.6147786234942719,1.00000001,-2021586.0,0.0114765167236328,0,True,66,33,True,48,64,2025-11-16 08:07:28
ba_8192_1_9.txt,barabasi_albert_10ins_m20,48,SpecAnn-64,0.6211495565912796,1.00000001,-2022070.0,0.011521577835083,0,True,66,33,True,49,64,2025-11-16 08:07:28
ba_8192_1_9.txt,barabasi_albert_10ins_m20,48,SpecAnn-64,0.6274558051381586,1.00000001,-2025986.0,0.0114374160766601,0,True,66,33,True,50,64,2025-11-16 08:07:28
ba_8192_1_9.txt,barabasi_albert_10ins_m20,48,SpecAnn-64,0.6336993002596786,1.00000001,-2032586.0,0.0117392539978027,0,True,66,33,True,51,64,2025-11-16 08:07:28
ba_8192_1_9.txt,barabasi_albert_10ins_m20,48,SpecAnn-64,0.6398818788633085,1.00000001,-2026467.9999999995,0.0117533206939697,0,True,66,33,True,52,64,2025-11-16 08:07:28
ba_8192_1_9.txt,barabasi_albert_10ins_m20,48,SpecAnn-64,0.6460052899517691,1.00000001,-2013446.0,0.0116763114929199,0,True,66,33,True,53,64,2025-11-16 08:07:28
ba_8192_1_9.txt,barabasi_albert_10ins_m20,48,SpecAnn-64,0.6520712004019966,1.00000001,-2027322.0,0.0116541385650634,0,True,66,33,True,54,64,2025-11-16 08:07:28
ba_8192_1_9.txt,barabasi_albert_10ins_m20,48,SpecAnn-64,0.6580812002646271,1.00000001,-2026530.0,0.0116412639617919,0,True,66,33,True,55,64,2025-11-16 08:07:28
ba_8192_1_9.txt,barabasi_albert_10ins_m20,48,SpecAnn-64,0.6640368076317485,1.00000001,-2043342.0,0.0117301940917968,0,True,66,33,True,56,64,2025-11-16 08:07:28
ba_8192_1_9.txt,barabasi_albert_10ins_m20,48,SpecAnn-64,0.6699394731151429,1.00000001,-2018672.0,0.0117275714874267,0,True,66,33,True,57,64,2025-11-16 08:07:28
ba_8192_1_9.txt,barabasi_albert_10ins_m20,48,SpecAnn-64,0.6757905839724513,1.00000001,-2019174.0,0.0116307735443115,0,True,66,33,True,58,64,2025-11-16 08:07:28
ba_8192_1_9.txt,barabasi_albert_10ins_m20,48,SpecAnn-64,0.6815914679145113,1.00000001,-2022996.0,0.011479377746582,0,True,66,33,True,59,64,2025-11-16 08:07:28
ba_8192_1_9.txt,barabasi_albert_10ins_m20,48,SpecAnn-64,0.6873433966234707,1.00000001,-2037494.0,0.0114650726318359,0,True,66,33,True,60,64,2025-11-16 08:07:28
ba_8192_1_9.txt,barabasi_albert_10ins_m20,48,SpecAnn-64,0.6930475890080863,1.00000001,-2014844.0,0.011547565460205,0,True,66,33,True,61,64,2025-11-16 08:07:28
ba_8192_1_9.txt,barabasi_albert_10ins_m20,48,SpecAnn-64,0.6987052142198116,1.00000001,-2032254.0000000005,0.0114517211914062,0,True,66,33,True,62,64,2025-11-16 08:07:28
ba_8192_1_9.txt,barabasi_albert_10ins_m20,48,SpecAnn-64,0.7043173944508145,1.00000001,-2025622.0,0.0114398002624511,0,True,66,33,True,63,64,2025-11-16 08:07:28
ba_8192_1_9.txt,barabasi_albert_10ins_m20,48,SpecAnn-64,0.709885207532891,1.00000001,-2037976.0,0.0115108489990234,0,True,66,33,True,64,64,2025-11-16 08:07:28
ba_8192_1_9.txt,barabasi_albert_10ins_m20,48,SpecAnn-64,0.7154096893543218,1.00000001,-2023232.0,0.0114302635192871,0,True,66,33,True,65,64,2025-11-16 08:07:28
ba_8192_1_9.txt,barabasi_albert_10ins_m20,48,SpecAnn-64,0.7208918361100219,1.00000001,-2032518.0,0.0113916397094726,0,True,66,33,True,66,64,2025-11-16 08:07:28
ba_8192_1_9.txt,barabasi_albert_10ins_m20,48,SpecAnn-64,0.7263326063988248,1.00000001,-2021902.0,0.0114452838897705,0,True,66,33,True,67,64,2025-11-16 08:07:28
ba_8192_1_9.txt,barabasi_albert_10ins_m20,48,SpecAnn-64,0.7317329231804058,1.00000001,-2022644.0,0.0114600658416748,0,True,66,33,True,68,64,2025-11-16 08:07:28
ba_8192_1_9.txt,barabasi_albert_10ins_m20,48,SpecAnn-64,0.7370936756031579,1.00000001,-2040836.0,0.0114188194274902,0,True,66,33,True,69,64,2025-11-16 08:07:28
ba_8192_1_9.txt,barabasi_albert_10ins_m20,48,SpecAnn-64,0.7424157207132704,1.00000001,-2019578.0,0.0114350318908691,0,True,66,33,True,70,64,2025-11-16 08:07:28
ba_8192_1_9.txt,barabasi_albert_10ins_m20,48,SpecAnn-64,0.7476998850543153,1.00000001,-2032944.0,0.0114493370056152,0,True,66,33,True,71,64,2025-11-16 08:07:28
ba_8192_1_9.txt,barabasi_albert_10ins_m20,48,SpecAnn-64,0.7529469661657903,1.00000001,-2022016.0,0.0114345550537109,0,True,66,33,True,72,64,2025-11-16 08:07:28
ba_8192_1_9.txt,barabasi_albert_10ins_m20,48,SpecAnn-64,0.7581577339883167,1.00000001,-2040228.0,0.0114703178405761,0,True,66,33,True,73,64,2025-11-16 08:07:28
ba_8192_1_9.txt,barabasi_albert_10ins_m20,48,SpecAnn-64,0.7633329321824984,1.00000001,-2028666.0,0.0113916397094726,0,True,66,33,True,74,64,2025-11-16 08:07:28
ba_8192_1_9.txt,barabasi_albert_10ins_m20,48,SpecAnn-64,0.7684732793678399,1.00000001,-2035874.0,0.011474609375,0,True,66,33,True,75,64,2025-11-16 08:07:28
ba_8192_1_9.txt,barabasi_albert_10ins_m20,48,SpecAnn-64,0.7735794702875677,1.00000001,-2041102.0,0.011345624923706,0,True,66,33,True,76,64,2025-11-16 08:07:28
ba_8192_1_9.txt,barabasi_albert_10ins_m20,48,SpecAnn-64,0.7786521769046981,1.00000001,-2029196.0,0.0113832950592041,0,True,66,33,True,77,64,2025-11-16 08:07:28
ba_8192_1_9.txt,barabasi_albert_10ins_m20,48,SpecAnn-64,0.7836920494342511,1.00000001,-2042350.0,0.0113816261291503,0,True,66,33,True,78,64,2025-11-16 08:07:28
ba_8192_1_9.txt,barabasi_albert_10ins_m20,48,SpecAnn-64,0.788699717316095,1.00000001,-2039114.0,0.0113410949707031,0,True,66,33,True,79,64,2025-11-16 08:07:28
ba_8192_1_9.txt,barabasi_albert_10ins_m20,48,SpecAnn-64,0.7936757901325451,1.00000001,-2029700.0,0.0114026069641113,0,True,66,33,True,80,64,2025-11-16 08:07:28
ba_8192_1_9.txt,barabasi_albert_10ins_m20,48,SpecAnn-64,0.7986208584745024,1.00000001,-2029766.0,0.0114240646362304,0,True,66,33,True,81,64,2025-11-16 08:07:28
ba_8192_1_9.txt,barabasi_albert_10ins_m20,48,SpecAnn-64,0.803535494759617,1.00000001,-2042020.0,0.0114095211029052,0,True,66,33,True,82,64,2025-11-16 08:07:28
ba_8192_1_9.txt,barabasi_albert_10ins_m20,48,SpecAnn-64,0.8084202540056837,1.00000001,-2049834.0,0.0114121437072753,0,True,66,33,True,83,64,2025-11-16 08:07:28
ba_8192_1_9.txt,barabasi_albert_10ins_m20,48,SpecAnn-64,0.8132756745622272,1.00000001,-2052196.0,0.0114126205444335,0,True,66,33,True,84,64,2025-11-16 08:07:28
ba_8192_1_9.txt,barabasi_albert_10ins_m20,48,SpecAnn-64,0.8181022788030096,1.00000001,-2059154.0,0.0114283561706542,0,True,66,33,True,85,64,2025-11-16 08:07:28
ba_8192_1_9.txt,barabasi_albert_10ins_m20,48,SpecAnn-64,0.822900573781978,1.00000001,-2066182.0,0.0114161968231201,0,True,66,33,True,86,64,2025-11-16 08:07:28
ba_8192_1_9.txt,barabasi_albert_10ins_m20,48,SpecAnn-64,0.8276710518549868,1.00000001,-2040904.0,0.0114569664001464,0,True,66,33,True,87,64,2025-11-16 08:07:28
ba_8192_1_9.txt,barabasi_albert_10ins_m20,48,SpecAnn-64,0.8324141912694495,1.00000001,-2054412.0,0.0114843845367431,0,True,66,33,True,88,64,2025-11-16 08:07:28
ba_8192_1_9.txt,barabasi_albert_10ins_m20,48,SpecAnn-64,0.8371304567239225,1.00000001,-2045235.9999999995,0.0114369392395019,0,True,66,33,True,89,64,2025-11-16 08:07:28
ba_8192_1_9.txt,barabasi_albert_10ins_m20,48,SpecAnn-64,0.8418202998994706,1.00000001,-2059324.0,0.0114521980285644,0,True,66,33,True,90,64,2025-11-16 08:07:28
ba_8192_1_9.txt,barabasi_albert_10ins_m20,48,SpecAnn-64,0.846484159964536,1.00000001,-2054022.0,0.0114541053771972,0,True,66,33,True,91,64,2025-11-16 08:07:28
ba_8192_1_9.txt,barabasi_albert_10ins_m20,48,SpecAnn-64,0.8511224640549078,1.00000001,-2051564.0,0.011446475982666,0,True,66,33,True,92,64,2025-11-16 08:07:28
ba_8192_1_9.txt,barabasi_albert_10ins_m20,48,SpecAnn-64,0.8557356277302758,1.00000001,-2060744.0,0.0114729404449462,0,True,66,33,True,93,64,2025-11-16 08:07:28
ba_8192_1_9.txt,barabasi_albert_10ins_m20,48,SpecAnn-64,0.8603240554087516,1.00000001,-2062760.0,0.0114293098449707,0,True,66,33,True,94,64,2025-11-16 08:07:28
ba_8192_1_9.txt,barabasi_albert_10ins_m20,48,SpecAnn-64,0.86488814078064,1.00000001,-2066206.0,0.0114181041717529,0,True,66,33,True,95,64,2025-11-16 08:07:28
ba_8192_1_9.txt,barabasi_albert_10ins_m20,48,SpecAnn-64,0.8694282672026621,1.00000001,-2061540.0,0.0114641189575195,0,True,66,33,True,96,64,2025-11-16 08:07:28
ba_8192_1_9.txt,barabasi_albert_10ins_m20,48,SpecAnn-64,0.8739448080737451,1.00000001,-2070056.0,0.0114543437957763,0,True,66,33,True,97,64,2025-11-16 08:07:28
ba_8192_1_9.txt,barabasi_albert_10ins_m20,48,SpecAnn-64,0.878438127193422,1.00000001,-2075680.0,0.0114178657531738,0,True,66,33,True,98,64,2025-11-16 08:07:28
ba_8192_1_9.txt,barabasi_albert_10ins_m20,48,SpecAnn-64,0.8829085791038153,1.00000001,-2088440.0,0.011441946029663,0,True,66,33,True,99,64,2025-11-16 08:07:29
ba_8192_1_9.txt,barabasi_albert_10ins_m20,48,SpecAnn-64,0.8873565094161138,1.00000001,-2085690.0,0.0219213962554931,0,True,66,65,True,100,64,2025-11-16 08:07:29
ba_8192_1_9.txt,barabasi_albert_10ins_m20,48,SpecAnn-64,0.8917822551223932,1.00000001,-2082106.0,0.0218780040740966,0,True,66,65,True,101,64,2025-11-16 08:07:29
ba_8192_1_9.txt,barabasi_albert_10ins_m20,48,SpecAnn-64,0.8961861448935777,1.00000001,-2097372.0,0.0219690799713134,0,True,66,65,True,102,64,2025-11-16 08:07:29
ba_8192_1_9.txt,barabasi_albert_10ins_m20,48,SpecAnn-64,0.9005684993642872,1.00000001,-2093652.0,0.0217926502227783,0,True,66,65,True,103,64,2025-11-16 08:07:29
ba_8192_1_9.txt,barabasi_albert_10ins_m20,48,SpecAnn-64,0.9049296314052688,1.00000001,-2088498.0,0.0218346118927001,0,True,66,65,True,104,64,2025-11-16 08:07:29
ba_8192_1_9.txt,barabasi_albert_10ins_m20,48,SpecAnn-64,0.9092698463840684,1.00000001,-2098334.0,0.0219357013702392,0,True,66,65,True,105,64,2025-11-16 08:07:29
ba_8192_1_9.txt,barabasi_albert_10ins_m20,48,SpecAnn-64,0.9135894424145556,1.00000001,-2097636.0,0.0218925476074218,0,True,66,65,True,106,64,2025-11-16 08:07:29
ba_8192_1_9.txt,barabasi_albert_10ins_m20,48,SpecAnn-64,0.9178887105958816,1.00000001,-2100792.0,0.0326819419860839,0,True,66,97,True,107,64,2025-11-16 08:07:29
ba_8192_1_9.txt,barabasi_albert_10ins_m20,48,SpecAnn-64,0.922167935241408,1.00000001,-2105673.9999999995,0.0327904224395751,0,True,66,97,True,108,64,2025-11-16 08:07:29
ba_8192_1_9.txt,barabasi_albert_10ins_m20,48,SpecAnn-64,0.92642739409812,1.00000001,-2107969.9999999995,0.0322852134704589,0,True,66,97,True,109,64,2025-11-16 08:07:29
ba_8192_1_9.txt,barabasi_albert_10ins_m20,48,SpecAnn-64,0.9306673585570006,1.00000001,-2110234.0,0.032214879989624,0,True,66,97,True,110,64,2025-11-16 08:07:29
ba_8192_1_9.txt,barabasi_albert_10ins_m20,48,SpecAnn-64,0.9348880938548184,1.00000001,-2104604.0,0.0326673984527587,0,True,66,97,True,111,64,2025-11-16 08:07:29
ba_8192_1_9.txt,barabasi_albert_10ins_m20,48,SpecAnn-64,0.9390898592677528,1.00000001,-2097216.0,0.0328025817871093,0,True,66,97,True,112,64,2025-11-16 08:07:29
ba_8192_1_9.txt,barabasi_albert_10ins_m20,48,SpecAnn-64,0.9432729082972536,1.00000001,-2094232.0000000005,0.0321094989776611,0,True,66,97,True,113,64,2025-11-16 08:07:29
ba_8192_1_9.txt,barabasi_albert_10ins_m20,48,SpecAnn-64,0.9474374888485204,1.00000001,-2096150.0,0.0321104526519775,0,True,66,97,True,114,64,2025-11-16 08:07:29
ba_8192_1_9.txt,barabasi_albert_10ins_m20,48,SpecAnn-64,0.9515838434019476,1.00000001,-2092401.9999999995,0.0322582721710205,0,True,66,97,True,115,64,2025-11-16 08:07:29
ba_8192_1_9.txt,barabasi_albert_10ins_m20,48,SpecAnn-64,0.9557122091778746,1.00000001,-2094801.9999999995,0.0321815013885498,0,True,66,97,True,116,64,2025-11-16 08:07:29
ba_8192_1_9.txt,barabasi_albert_10ins_m20,48,SpecAnn-64,0.9598228182949629,1.00000001,-2089474.0,0.0323808193206787,0,True,66,97,True,117,64,2025-11-16 08:07:29
ba_8192_1_9.txt,barabasi_albert_10ins_m20,48,SpecAnn-64,0.963915897922488,1.00000001,-2094104.0,0.032846450805664,0,True,66,97,True,118,64,2025-11-16 08:07:29
ba_8192_1_9.txt,barabasi_albert_10ins_m20,48,SpecAnn-64,0.967991670426842,1.00000001,-2091698.0,0.0324409008026123,0,True,66,97,True,119,64,2025-11-16 08:07:29
ba_8192_1_9.txt,barabasi_albert_10ins_m20,48,SpecAnn-64,0.9720503535125016,1.00000001,-2089314.0,0.0323173999786376,0,True,66,97,True,120,64,2025-11-16 08:07:29
ba_8192_1_9.txt,barabasi_albert_10ins_m20,48,SpecAnn-64,0.9760921603577252,1.00000001,-2095222.0,0.0322003364562988,0,True,66,97,True,121,64,2025-11-16 08:07:29
ba_8192_1_9.txt,barabasi_albert_10ins_m20,48,SpecAnn-64,0.9801172997452104,1.00000001,-2098393.9999999995,0.0324299335479736,0,True,66,97,True,122,64,2025-11-16 08:07:29
ba_8192_1_9.txt,barabasi_albert_10ins_m20,48,SpecAnn-64,0.9841259761879442,1.00000001,-2091326.0,0.032271385192871,0,True,66,97,True,123,64,2025-11-16 08:07:29
ba_8192_1_9.txt,barabasi_albert_10ins_m20,48,SpecAnn-64,0.9881183900504562,1.00000001,-2106178.0,0.0323424339294433,0,True,66,97,True,124,64,2025-11-16 08:07:29
ba_8192_1_9.txt,barabasi_albert_10ins_m20,48,SpecAnn-64,0.9920947376656812,1.00000001,-2089504.0,0.0322997570037841,0,True,66,97,True,125,64,2025-11-16 08:07:29
ba_8192_1_9.txt,barabasi_albert_10ins_m20,48,SpecAnn-64,0.9960552114476228,1.00000001,-2093566.0,0.0322575569152832,0,True,66,97,True,126,64,2025-11-16 08:07:29
ba_8192_1_9.txt,barabasi_albert_10ins_m20,48,SpecAnn-64,1.0,1.00000001,-2095720.0,0.032907485961914,0,True,66,97,True,127,64,2025-11-16 08:07:29
ba_8192_1_9.txt,barabasi_albert_10ins_m20,49,SpecAnn-64,0.0,1.00000001,-2034176.0,0.0123486518859863,0,True,77,33,True,0,64,2025-11-16 08:07:30
ba_8192_1_9.txt,barabasi_albert_10ins_m20,49,SpecAnn-64,0.0887356509416113,1.00000001,-2015228.0,0.0115036964416503,0,True,77,33,True,1,64,2025-11-16 08:07:30
ba_8192_1_9.txt,barabasi_albert_10ins_m20,49,SpecAnn-64,0.1254911610276317,1.00000001,-2012906.0,0.0114657878875732,0,True,77,33,True,2,64,2025-11-16 08:07:30
ba_8192_1_9.txt,barabasi_albert_10ins_m20,49,SpecAnn-64,0.1536946558735679,1.00000001,-2030011.9999999995,0.011683702468872,0,True,77,33,True,3,64,2025-11-16 08:07:30
ba_8192_1_9.txt,barabasi_albert_10ins_m20,49,SpecAnn-64,0.1774713018832227,1.00000001,-2027096.0,0.0114049911499023,0,True,77,33,True,4,64,2025-11-16 08:07:30
ba_8192_1_9.txt,barabasi_albert_10ins_m20,49,SpecAnn-64,0.1984189475331362,1.00000001,-2017346.0,0.0114130973815917,0,True,77,33,True,5,64,2025-11-16 08:07:30
ba_8192_1_9.txt,barabasi_albert_10ins_m20,49,SpecAnn-64,0.2173570668006655,1.00000001,-2012292.0,0.0114145278930664,0,True,77,33,True,6,64,2025-11-16 08:07:30
ba_8192_1_9.txt,barabasi_albert_10ins_m20,49,SpecAnn-64,0.2347724648169381,1.00000001,-2008566.0,0.0114157199859619,0,True,77,33,True,7,64,2025-11-16 08:07:30
ba_8192_1_9.txt,barabasi_albert_10ins_m20,49,SpecAnn-64,0.2509823220552634,1.00000001,-2022512.0,0.011437177658081,0,True,77,33,True,8,64,2025-11-16 08:07:30
ba_8192_1_9.txt,barabasi_albert_10ins_m20,49,SpecAnn-64,0.2662069528248341,1.00000001,-1996460.0,0.0114455223083496,0,True,77,33,True,9,64,2025-11-16 08:07:30
ba_8192_1_9.txt,barabasi_albert_10ins_m20,49,SpecAnn-64,0.2806067666331568,1.00000001,-2023840.0,0.0115220546722412,0,True,77,33,True,10,64,2025-11-16 08:07:30
ba_8192_1_9.txt,barabasi_albert_10ins_m20,49,SpecAnn-64,0.2943028597012718,1.00000001,-2022885.9999999995,0.0114355087280273,0,True,77,33,True,11,64,2025-11-16 08:07:30
ba_8192_1_9.txt,barabasi_albert_10ins_m20,49,SpecAnn-64,0.3073893117471359,1.00000001,-2014728.0,0.0115275382995605,0,True,77,33,True,12,64,2025-11-16 08:07:30
ba_8192_1_9.txt,barabasi_albert_10ins_m20,49,SpecAnn-64,0.3199409394316542,1.00000001,-2018602.0,0.0116574764251708,0,True,77,33,True,13,64,2025-11-16 08:07:30
ba_8192_1_9.txt,barabasi_albert_10ins_m20,49,SpecAnn-64,0.3320184038158743,1.00000001,-2029724.0,0.011674165725708,0,True,77,33,True,14,64,2025-11-16 08:07:30
ba_8192_1_9.txt,barabasi_albert_10ins_m20,49,SpecAnn-64,0.3436716983117353,1.00000001,-2015012.0,0.0114567279815673,0,True,77,33,True,15,64,2025-11-16 08:07:30
ba_8192_1_9.txt,barabasi_albert_10ins_m20,49,SpecAnn-64,0.3549426037664455,1.00000001,-2009258.0,0.0113883018493652,0,True,77,33,True,16,64,2025-11-16 08:07:30
ba_8192_1_9.txt,barabasi_albert_10ins_m20,49,SpecAnn-64,0.3658664615902029,1.00000001,-2009103.9999999995,0.0114717483520507,0,True,77,33,True,17,64,2025-11-16 08:07:30
ba_8192_1_9.txt,barabasi_albert_10ins_m20,49,SpecAnn-64,0.3764734830828951,1.00000001,-2010340.0,0.0114495754241943,0,True,77,33,True,18,64,2025-11-16 08:07:30
ba_8192_1_9.txt,barabasi_albert_10ins_m20,49,SpecAnn-64,0.3867897351437838,1.00000001,-2024262.0,0.0114576816558837,0,True,77,33,True,19,64,2025-11-16 08:07:30
ba_8192_1_9.txt,barabasi_albert_10ins_m20,49,SpecAnn-64,0.3968378950662725,1.00000001,-2011000.0,0.0113792419433593,0,True,77,33,True,20,64,2025-11-16 08:07:30
ba_8192_1_9.txt,barabasi_albert_10ins_m20,49,SpecAnn-64,0.4066378372811136,1.00000001,-2005004.0,0.0114779472351074,0,True,77,33,True,21,64,2025-11-16 08:07:30
ba_8192_1_9.txt,barabasi_albert_10ins_m20,49,SpecAnn-64,0.4162070956347247,1.00000001,-2015314.0,0.0115988254547119,0,True,77,33,True,22,64,2025-11-16 08:07:30
ba_8192_1_9.txt,barabasi_albert_10ins_m20,49,SpecAnn-64,0.4255612320274539,1.00000001,-2030940.0,0.0117161273956298,0,True,77,33,True,23,64,2025-11-16 08:07:30
ba_8192_1_9.txt,barabasi_albert_10ins_m20,49,SpecAnn-64,0.434714133601331,1.00000001,-2022974.0,0.011676549911499,0,True,77,33,True,24,64,2025-11-16 08:07:30
ba_8192_1_9.txt,barabasi_albert_10ins_m20,49,SpecAnn-64,0.4436782547080569,1.00000001,-2016980.0,0.0116443634033203,0,True,77,33,True,25,64,2025-11-16 08:07:30
ba_8192_1_9.txt,barabasi_albert_10ins_m20,49,SpecAnn-64,0.4524648157026343,1.00000001,-2021872.0,0.0115213394165039,0,True,77,33,True,26,64,2025-11-16 08:07:30
ba_8192_1_9.txt,barabasi_albert_10ins_m20,49,SpecAnn-64,0.4610839676207039,1.00000001,-2029678.0,0.0114893913269042,0,True,77,33,True,27,64,2025-11-16 08:07:30
ba_8192_1_9.txt,barabasi_albert_10ins_m20,49,SpecAnn-64,0.4695449296338763,1.00000001,-2018720.0,0.0114495754241943,0,True,77,33,True,28,64,2025-11-16 08:07:30
ba_8192_1_9.txt,barabasi_albert_10ins_m20,49,SpecAnn-64,0.4778561045889373,1.00000001,-2012028.0,0.0114462375640869,0,True,77,33,True,29,64,2025-11-16 08:07:30
ba_8192_1_9.txt,barabasi_albert_10ins_m20,49,SpecAnn-64,0.4860251767562508,1.00000001,-2009646.0,0.0114467144012451,0,True,77,33,True,30,64,2025-11-16 08:07:30
ba_8192_1_9.txt,barabasi_albert_10ins_m20,49,SpecAnn-64,0.4940591950252281,1.00000001,-2029952.0,0.011500597000122,0,True,77,33,True,31,64,2025-11-16 08:07:30
ba_8192_1_9.txt,barabasi_albert_10ins_m20,49,SpecAnn-64,0.5019646441105269,1.00000001,-1996604.0,0.0114576816558837,0,True,77,33,True,32,64,2025-11-16 08:07:30
ba_8192_1_9.txt,barabasi_albert_10ins_m20,49,SpecAnn-64,0.5097475058154177,1.00000001,-2018235.9999999995,0.0114791393280029,0,True,77,33,True,33,64,2025-11-16 08:07:30
ba_8192_1_9.txt,barabasi_albert_10ins_m20,49,SpecAnn-64,0.51741331199832,1.00000001,-2026396.0,0.0114836692810058,0,True,77,33,True,34,64,2025-11-16 08:07:30
ba_8192_1_9.txt,barabasi_albert_10ins_m20,49,SpecAnn-64,0.5249671905758515,1.00000001,-2028408.0,0.0115306377410888,0,True,77,33,True,35,64,2025-11-16 08:07:30
ba_8192_1_9.txt,barabasi_albert_10ins_m20,49,SpecAnn-64,0.5324139056496683,1.00000001,-2018142.0,0.0114657878875732,0,True,77,33,True,36,64,2025-11-16 08:07:30
ba_8192_1_9.txt,barabasi_albert_10ins_m20,49,SpecAnn-64,0.5397578926492556,1.00000001,-2030292.0,0.0115060806274414,0,True,77,33,True,37,64,2025-11-16 08:07:30
ba_8192_1_9.txt,barabasi_albert_10ins_m20,49,SpecAnn-64,0.5470032892270364,1.00000001,-2009730.0,0.0115180015563964,0,True,77,33,True,38,64,2025-11-16 08:07:30
ba_8192_1_9.txt,barabasi_albert_10ins_m20,49,SpecAnn-64,0.554153962516942,1.00000001,-2016828.0,0.011484146118164,0,True,77,33,True,39,64,2025-11-16 08:07:30
ba_8192_1_9.txt,barabasi_albert_10ins_m20,49,SpecAnn-64,0.5612135332663137,1.00000001,-2008874.0,0.0115196704864501,0,True,77,33,True,40,64,2025-11-16 08:07:30
ba_8192_1_9.txt,barabasi_albert_10ins_m20,49,SpecAnn-64,0.5681853972686127,1.00000001,-2031059.9999999995,0.0116879940032958,0,True,77,33,True,41,64,2025-11-16 08:07:30
ba_8192_1_9.txt,barabasi_albert_10ins_m20,49,SpecAnn-64,0.5750727444570146,1.00000001,-2017451.9999999995,0.011646032333374,0,True,77,33,True,42,64,2025-11-16 08:07:30
ba_8192_1_9.txt,barabasi_albert_10ins_m20,49,SpecAnn-64,0.5818785759635375,1.00000001,-2030352.0,0.0115041732788085,0,True,77,33,True,43,64,2025-11-16 08:07:30
ba_8192_1_9.txt,barabasi_albert_10ins_m20,49,SpecAnn-64,0.5886057194025436,1.00000001,-2024596.0,0.0115056037902832,0,True,77,33,True,44,64,2025-11-16 08:07:30
ba_8192_1_9.txt,barabasi_albert_10ins_m20,49,SpecAnn-64,0.5952568425994088,1.00000001,-2021329.9999999995,0.0114314556121826,0,True,77,33,True,45,64,2025-11-16 08:07:30
ba_8192_1_9.txt,barabasi_albert_10ins_m20,49,SpecAnn-64,0.6018344659534288,1.00000001,-2025486.0,0.0114753246307373,0,True,77,33,True,46,64,2025-11-16 08:07:30
ba_8192_1_9.txt,barabasi_albert_10ins_m20,49,SpecAnn-64,0.6083409735974393,1.00000001,-2018014.0,0.0114386081695556,0,True,77,33,True,47,64,2025-11-16 08:07:30
ba_8192_1_9.txt,barabasi_albert_10ins_m20,49,SpecAnn-64,0.6147786234942719,1.00000001,-2023835.9999999995,0.0115025043487548,0,True,77,33,True,48,64,2025-11-16 08:07:30
ba_8192_1_9.txt,barabasi_albert_10ins_m20,49,SpecAnn-64,0.6211495565912796,1.00000001,-2027854.0,0.0114514827728271,0,True,77,33,True,49,64,2025-11-16 08:07:30
ba_8192_1_9.txt,barabasi_albert_10ins_m20,49,SpecAnn-64,0.6274558051381586,1.00000001,-2029834.0,0.0114684104919433,0,True,77,33,True,50,64,2025-11-16 08:07:30
ba_8192_1_9.txt,barabasi_albert_10ins_m20,49,SpecAnn-64,0.6336993002596786,1.00000001,-2023490.0,0.0114262104034423,0,True,77,33,True,51,64,2025-11-16 08:07:30
ba_8192_1_9.txt,barabasi_albert_10ins_m20,49,SpecAnn-64,0.6398818788633085,1.00000001,-2035326.0,0.0114328861236572,0,True,77,33,True,52,64,2025-11-16 08:07:30
ba_8192_1_9.txt,barabasi_albert_10ins_m20,49,SpecAnn-64,0.6460052899517691,1.00000001,-2031808.0,0.0114762783050537,0,True,77,33,True,53,64,2025-11-16 08:07:30
ba_8192_1_9.txt,barabasi_albert_10ins_m20,49,SpecAnn-64,0.6520712004019966,1.00000001,-2047626.0,0.0114727020263671,0,True,77,33,True,54,64,2025-11-16 08:07:30
ba_8192_1_9.txt,barabasi_albert_10ins_m20,49,SpecAnn-64,0.6580812002646271,1.00000001,-2027126.0,0.0115151405334472,0,True,77,33,True,55,64,2025-11-16 08:07:30
ba_8192_1_9.txt,barabasi_albert_10ins_m20,49,SpecAnn-64,0.6640368076317485,1.00000001,-2032071.9999999995,0.0114741325378417,0,True,77,33,True,56,64,2025-11-16 08:07:30
ba_8192_1_9.txt,barabasi_albert_10ins_m20,49,SpecAnn-64,0.6699394731151429,1.00000001,-2035123.9999999995,0.0114552974700927,0,True,77,33,True,57,64,2025-11-16 08:07:30
ba_8192_1_9.txt,barabasi_albert_10ins_m20,49,SpecAnn-64,0.6757905839724513,1.00000001,-2022070.0,0.0114541053771972,0,True,77,33,True,58,64,2025-11-16 08:07:30
ba_8192_1_9.txt,barabasi_albert_10ins_m20,49,SpecAnn-64,0.6815914679145113,1.00000001,-2033118.0,0.0114438533782958,0,True,77,33,True,59,64,2025-11-16 08:07:30
ba_8192_1_9.txt,barabasi_albert_10ins_m20,49,SpecAnn-64,0.6873433966234707,1.00000001,-2039629.9999999995,0.0114355087280273,0,True,77,33,True,60,64,2025-11-16 08:07:30
ba_8192_1_9.txt,barabasi_albert_10ins_m20,49,SpecAnn-64,0.6930475890080863,1.00000001,-2016940.0,0.0115022659301757,0,True,77,33,True,61,64,2025-11-16 08:07:30
ba_8192_1_9.txt,barabasi_albert_10ins_m20,49,SpecAnn-64,0.6987052142198116,1.00000001,-2027094.0,0.0114381313323974,0,True,77,33,True,62,64,2025-11-16 08:07:30
ba_8192_1_9.txt,barabasi_albert_10ins_m20,49,SpecAnn-64,0.7043173944508145,1.00000001,-2037394.0,0.0114846229553222,0,True,77,33,True,63,64,2025-11-16 08:07:30
ba_8192_1_9.txt,barabasi_albert_10ins_m20,49,SpecAnn-64,0.709885207532891,1.00000001,-2024676.0,0.0114481449127197,0,True,77,33,True,64,64,2025-11-16 08:07:30
ba_8192_1_9.txt,barabasi_albert_10ins_m20,49,SpecAnn-64,0.7154096893543218,1.00000001,-2021948.0,0.0114727020263671,0,True,77,33,True,65,64,2025-11-16 08:07:30
ba_8192_1_9.txt,barabasi_albert_10ins_m20,49,SpecAnn-64,0.7208918361100219,1.00000001,-2029438.0,0.0114333629608154,0,True,77,33,True,66,64,2025-11-16 08:07:30
ba_8192_1_9.txt,barabasi_albert_10ins_m20,49,SpecAnn-64,0.7263326063988248,1.00000001,-2033040.0,0.0114598274230957,0,True,77,33,True,67,64,2025-11-16 08:07:30
ba_8192_1_9.txt,barabasi_albert_10ins_m20,49,SpecAnn-64,0.7317329231804058,1.00000001,-2030694.0,0.0114099979400634,0,True,77,33,True,68,64,2025-11-16 08:07:30
ba_8192_1_9.txt,barabasi_albert_10ins_m20,49,SpecAnn-64,0.7370936756031579,1.00000001,-2028532.0,0.0114858150482177,0,True,77,33,True,69,64,2025-11-16 08:07:30
ba_8192_1_9.txt,barabasi_albert_10ins_m20,49,SpecAnn-64,0.7424157207132704,1.00000001,-2049880.0,0.0114743709564208,0,True,77,33,True,70,64,2025-11-16 08:07:30
ba_8192_1_9.txt,barabasi_albert_10ins_m20,49,SpecAnn-64,0.7476998850543153,1.00000001,-2048040.0,0.0113892555236816,0,True,77,33,True,71,64,2025-11-16 08:07:30
ba_8192_1_9.txt,barabasi_albert_10ins_m20,49,SpecAnn-64,0.7529469661657903,1.00000001,-2032521.9999999995,0.0113825798034667,0,True,77,33,True,72,64,2025-11-16 08:07:30
ba_8192_1_9.txt,barabasi_albert_10ins_m20,49,SpecAnn-64,0.7581577339883167,1.00000001,-2027736.0,0.0113894939422607,0,True,77,33,True,73,64,2025-11-16 08:07:30
ba_8192_1_9.txt,barabasi_albert_10ins_m20,49,SpecAnn-64,0.7633329321824984,1.00000001,-2037866.0,0.011446475982666,0,True,77,33,True,74,64,2025-11-16 08:07:30
ba_8192_1_9.txt,barabasi_albert_10ins_m20,49,SpecAnn-64,0.7684732793678399,1.00000001,-2034158.0,0.0114846229553222,0,True,77,33,True,75,64,2025-11-16 08:07:30
ba_8192_1_9.txt,barabasi_albert_10ins_m20,49,SpecAnn-64,0.7735794702875677,1.00000001,-2039134.0,0.0114064216613769,0,True,77,33,True,76,64,2025-11-16 08:07:30
ba_8192_1_9.txt,barabasi_albert_10ins_m20,49,SpecAnn-64,0.7786521769046981,1.00000001,-2033108.0,0.0114328861236572,0,True,77,33,True,77,64,2025-11-16 08:07:30
ba_8192_1_9.txt,barabasi_albert_10ins_m20,49,SpecAnn-64,0.7836920494342511,1.00000001,-2048650.0,0.0114326477050781,0,True,77,33,True,78,64,2025-11-16 08:07:30
ba_8192_1_9.txt,barabasi_albert_10ins_m20,49,SpecAnn-64,0.788699717316095,1.00000001,-2052692.0,0.0115516185760498,0,True,77,33,True,79,64,2025-11-16 08:07:30
ba_8192_1_9.txt,barabasi_albert_10ins_m20,49,SpecAnn-64,0.7936757901325451,1.00000001,-2039478.0,0.0115394592285156,0,True,77,33,True,80,64,2025-11-16 08:07:30
ba_8192_1_9.txt,barabasi_albert_10ins_m20,49,SpecAnn-64,0.7986208584745024,1.00000001,-2037036.0,0.0115258693695068,0,True,77,33,True,81,64,2025-11-16 08:07:30
ba_8192_1_9.txt,barabasi_albert_10ins_m20,49,SpecAnn-64,0.803535494759617,1.00000001,-2054440.0,0.0114922523498535,0,True,77,33,True,82,64,2025-11-16 08:07:31
ba_8192_1_9.txt,barabasi_albert_10ins_m20,49,SpecAnn-64,0.8084202540056837,1.00000001,-2049654.0,0.0114829540252685,0,True,77,33,True,83,64,2025-11-16 08:07:31
ba_8192_1_9.txt,barabasi_albert_10ins_m20,49,SpecAnn-64,0.8132756745622272,1.00000001,-2042580.0,0.0115585327148437,0,True,77,33,True,84,64,2025-11-16 08:07:31
ba_8192_1_9.txt,barabasi_albert_10ins_m20,49,SpecAnn-64,0.8181022788030096,1.00000001,-2034857.9999999995,0.0114715099334716,0,True,77,33,True,85,64,2025-11-16 08:07:31
ba_8192_1_9.txt,barabasi_albert_10ins_m20,49,SpecAnn-64,0.822900573781978,1.00000001,-2055474.0,0.0115537643432617,0,True,77,33,True,86,64,2025-11-16 08:07:31
ba_8192_1_9.txt,barabasi_albert_10ins_m20,49,SpecAnn-64,0.8276710518549868,1.00000001,-2058990.0,0.0114820003509521,0,True,77,33,True,87,64,2025-11-16 08:07:31
ba_8192_1_9.txt,barabasi_albert_10ins_m20,49,SpecAnn-64,0.8324141912694495,1.00000001,-2051640.0,0.0115208625793457,0,True,77,33,True,88,64,2025-11-16 08:07:31
ba_8192_1_9.txt,barabasi_albert_10ins_m20,49,SpecAnn-64,0.8371304567239225,1.00000001,-2051310.0,0.0115222930908203,0,True,77,33,True,89,64,2025-11-16 08:07:31
ba_8192_1_9.txt,barabasi_albert_10ins_m20,49,SpecAnn-64,0.8418202998994706,1.00000001,-2057750.0,0.0114822387695312,0,True,77,33,True,90,64,2025-11-16 08:07:31
ba_8192_1_9.txt,barabasi_albert_10ins_m20,49,SpecAnn-64,0.846484159964536,1.00000001,-2058798.0,0.0114810466766357,0,True,77,33,True,91,64,2025-11-16 08:07:31
ba_8192_1_9.txt,barabasi_albert_10ins_m20,49,SpecAnn-64,0.8511224640549078,1.00000001,-2066374.0,0.0115323066711425,0,True,77,33,True,92,64,2025-11-16 08:07:31
ba_8192_1_9.txt,barabasi_albert_10ins_m20,49,SpecAnn-64,0.8557356277302758,1.00000001,-2059473.9999999995,0.0114707946777343,0,True,77,33,True,93,64,2025-11-16 08:07:31
ba_8192_1_9.txt,barabasi_albert_10ins_m20,49,SpecAnn-64,0.8603240554087516,1.00000001,-2065976.0,0.0114428997039794,0,True,77,33,True,94,64,2025-11-16 08:07:31
ba_8192_1_9.txt,barabasi_albert_10ins_m20,49,SpecAnn-64,0.86488814078064,1.00000001,-2071282.0,0.0114490985870361,0,True,77,33,True,95,64,2025-11-16 08:07:31
ba_8192_1_9.txt,barabasi_albert_10ins_m20,49,SpecAnn-64,0.8694282672026621,1.00000001,-2065792.0,0.0115115642547607,0,True,77,33,True,96,64,2025-11-16 08:07:31
ba_8192_1_9.txt,barabasi_albert_10ins_m20,49,SpecAnn-64,0.8739448080737451,1.00000001,-2077464.0,0.0114674568176269,0,True,77,33,True,97,64,2025-11-16 08:07:31
ba_8192_1_9.txt,barabasi_albert_10ins_m20,49,SpecAnn-64,0.878438127193422,1.00000001,-2082368.0,0.0115027427673339,0,True,77,33,True,98,64,2025-11-16 08:07:31
ba_8192_1_9.txt,barabasi_albert_10ins_m20,49,SpecAnn-64,0.8829085791038153,1.00000001,-2085886.0,0.0114886760711669,0,True,77,33,True,99,64,2025-11-16 08:07:31
ba_8192_1_9.txt,barabasi_albert_10ins_m20,49,SpecAnn-64,0.8873565094161138,1.00000001,-2083174.0,0.022296667098999,0,True,77,65,True,100,64,2025-11-16 08:07:31
ba_8192_1_9.txt,barabasi_albert_10ins_m20,49,SpecAnn-64,0.8917822551223932,1.00000001,-2084076.0,0.022186279296875,0,True,77,65,True,101,64,2025-11-16 08:07:31
ba_8192_1_9.txt,barabasi_albert_10ins_m20,49,SpecAnn-64,0.8961861448935777,1.00000001,-2084502.0,0.0219395160675048,0,True,77,65,True,102,64,2025-11-16 08:07:31
ba_8192_1_9.txt,barabasi_albert_10ins_m20,49,SpecAnn-64,0.9005684993642872,1.00000001,-2098529.9999999995,0.0218589305877685,0,True,77,65,True,103,64,2025-11-16 08:07:31
ba_8192_1_9.txt,barabasi_albert_10ins_m20,49,SpecAnn-64,0.9049296314052688,1.00000001,-2094654.0,0.0219860076904296,0,True,77,65,True,104,64,2025-11-16 08:07:31
ba_8192_1_9.txt,barabasi_albert_10ins_m20,49,SpecAnn-64,0.9092698463840684,1.00000001,-2097890.0,0.0222694873809814,0,True,77,65,True,105,64,2025-11-16 08:07:31
ba_8192_1_9.txt,barabasi_albert_10ins_m20,49,SpecAnn-64,0.9135894424145556,1.00000001,-2110611.9999999995,0.0220222473144531,0,True,77,65,True,106,64,2025-11-16 08:07:31
ba_8192_1_9.txt,barabasi_albert_10ins_m20,49,SpecAnn-64,0.9178887105958816,1.00000001,-2116462.0,0.0324015617370605,0,True,77,97,True,107,64,2025-11-16 08:07:31
ba_8192_1_9.txt,barabasi_albert_10ins_m20,49,SpecAnn-64,0.922167935241408,1.00000001,-2107480.0000000005,0.0321569442749023,0,True,77,97,True,108,64,2025-11-16 08:07:31
ba_8192_1_9.txt,barabasi_albert_10ins_m20,49,SpecAnn-64,0.92642739409812,1.00000001,-2103898.0,0.0321993827819824,0,True,77,97,True,109,64,2025-11-16 08:07:31
ba_8192_1_9.txt,barabasi_albert_10ins_m20,49,SpecAnn-64,0.9306673585570006,1.00000001,-2103654.0,0.0322484970092773,0,True,77,97,True,110,64,2025-11-16 08:07:31
ba_8192_1_9.txt,barabasi_albert_10ins_m20,49,SpecAnn-64,0.9348880938548184,1.00000001,-2105598.0,0.0322120189666748,0,True,77,97,True,111,64,2025-11-16 08:07:31
ba_8192_1_9.txt,barabasi_albert_10ins_m20,49,SpecAnn-64,0.9390898592677528,1.00000001,-2094760.0,0.0326359272003173,0,True,77,97,True,112,64,2025-11-16 08:07:31
ba_8192_1_9.txt,barabasi_albert_10ins_m20,49,SpecAnn-64,0.9432729082972536,1.00000001,-2104680.0,0.0325052738189697,0,True,77,97,True,113,64,2025-11-16 08:07:31
ba_8192_1_9.txt,barabasi_albert_10ins_m20,49,SpecAnn-64,0.9474374888485204,1.00000001,-2094578.0,0.0322122573852539,0,True,77,97,True,114,64,2025-11-16 08:07:31
ba_8192_1_9.txt,barabasi_albert_10ins_m20,49,SpecAnn-64,0.9515838434019476,1.00000001,-2092083.9999999995,0.0322194099426269,0,True,77,97,True,115,64,2025-11-16 08:07:31
ba_8192_1_9.txt,barabasi_albert_10ins_m20,49,SpecAnn-64,0.9557122091778746,1.00000001,-2094044.0,0.0323235988616943,0,True,77,97,True,116,64,2025-11-16 08:07:31
ba_8192_1_9.txt,barabasi_albert_10ins_m20,49,SpecAnn-64,0.9598228182949629,1.00000001,-2090428.0,0.0322885513305664,0,True,77,97,True,117,64,2025-11-16 08:07:31
ba_8192_1_9.txt,barabasi_albert_10ins_m20,49,SpecAnn-64,0.963915897922488,1.00000001,-2089484.0,0.0323507785797119,0,True,77,97,True,118,64,2025-11-16 08:07:31
ba_8192_1_9.txt,barabasi_albert_10ins_m20,49,SpecAnn-64,0.967991670426842,1.00000001,-2090613.9999999995,0.0323104858398437,0,True,77,97,True,119,64,2025-11-16 08:07:31
ba_8192_1_9.txt,barabasi_albert_10ins_m20,49,SpecAnn-64,0.9720503535125016,1.00000001,-2091566.0,0.0324587821960449,0,True,77,97,True,120,64,2025-11-16 08:07:31
ba_8192_1_9.txt,barabasi_albert_10ins_m20,49,SpecAnn-64,0.9760921603577252,1.00000001,-2091280.0,0.0326340198516845,0,True,77,97,True,121,64,2025-11-16 08:07:31
ba_8192_1_9.txt,barabasi_albert_10ins_m20,49,SpecAnn-64,0.9801172997452104,1.00000001,-2089912.0,0.0326204299926757,0,True,77,97,True,122,64,2025-11-16 08:07:31
ba_8192_1_9.txt,barabasi_albert_10ins_m20,49,SpecAnn-64,0.9841259761879442,1.00000001,-2094902.0,0.0324499607086181,0,True,77,97,True,123,64,2025-11-16 08:07:31
ba_8192_1_9.txt,barabasi_albert_10ins_m20,49,SpecAnn-64,0.9881183900504562,1.00000001,-2089811.9999999995,0.0322871208190918,0,True,77,97,True,124,64,2025-11-16 08:07:31
ba_8192_1_9.txt,barabasi_albert_10ins_m20,49,SpecAnn-64,0.9920947376656812,1.00000001,-2083872.0,0.0323717594146728,0,True,77,97,True,125,64,2025-11-16 08:07:31
ba_8192_1_9.txt,barabasi_albert_10ins_m20,49,SpecAnn-64,0.9960552114476228,1.00000001,-2104104.0,0.0322775840759277,0,True,77,97,True,126,64,2025-11-16 08:07:32
ba_8192_1_9.txt,barabasi_albert_10ins_m20,49,SpecAnn-64,1.0,1.00000001,-2093910.0,0.0324504375457763,0,True,77,97,True,127,64,2025-11-16 08:07:32
ba_8192_1_9.txt,barabasi_albert_10ins_m20,50,SpecAnn-64,0.0,1.00000001,-2030212.0,0.012253999710083,0,True,67,33,True,0,64,2025-11-16 08:07:32
ba_8192_1_9.txt,barabasi_albert_10ins_m20,50,SpecAnn-64,0.0887356509416113,1.00000001,-2000782.0,0.0115132331848144,0,True,67,33,True,1,64,2025-11-16 08:07:32
ba_8192_1_9.txt,barabasi_albert_10ins_m20,50,SpecAnn-64,0.1254911610276317,1.00000001,-2034046.0,0.011474609375,0,True,67,33,True,2,64,2025-11-16 08:07:32
ba_8192_1_9.txt,barabasi_albert_10ins_m20,50,SpecAnn-64,0.1536946558735679,1.00000001,-2015404.0,0.0114705562591552,0,True,67,33,True,3,64,2025-11-16 08:07:32
ba_8192_1_9.txt,barabasi_albert_10ins_m20,50,SpecAnn-64,0.1774713018832227,1.00000001,-2018320.0,0.0113852024078369,0,True,67,33,True,4,64,2025-11-16 08:07:32
ba_8192_1_9.txt,barabasi_albert_10ins_m20,50,SpecAnn-64,0.1984189475331362,1.00000001,-2014769.9999999995,0.0116121768951416,0,True,67,33,True,5,64,2025-11-16 08:07:32
ba_8192_1_9.txt,barabasi_albert_10ins_m20,50,SpecAnn-64,0.2173570668006655,1.00000001,-2013637.9999999995,0.011582612991333,0,True,67,33,True,6,64,2025-11-16 08:07:32
ba_8192_1_9.txt,barabasi_albert_10ins_m20,50,SpecAnn-64,0.2347724648169381,1.00000001,-2000938.0,0.0116374492645263,0,True,67,33,True,7,64,2025-11-16 08:07:32
ba_8192_1_9.txt,barabasi_albert_10ins_m20,50,SpecAnn-64,0.2509823220552634,1.00000001,-2020942.0,0.0113997459411621,0,True,67,33,True,8,64,2025-11-16 08:07:32
ba_8192_1_9.txt,barabasi_albert_10ins_m20,50,SpecAnn-64,0.2662069528248341,1.00000001,-2028806.0,0.011451244354248,0,True,67,33,True,9,64,2025-11-16 08:07:32
ba_8192_1_9.txt,barabasi_albert_10ins_m20,50,SpecAnn-64,0.2806067666331568,1.00000001,-2005806.0,0.0114755630493164,0,True,67,33,True,10,64,2025-11-16 08:07:32
ba_8192_1_9.txt,barabasi_albert_10ins_m20,50,SpecAnn-64,0.2943028597012718,1.00000001,-2016812.0,0.0114028453826904,0,True,67,33,True,11,64,2025-11-16 08:07:32
ba_8192_1_9.txt,barabasi_albert_10ins_m20,50,SpecAnn-64,0.3073893117471359,1.00000001,-2016954.0,0.0114011764526367,0,True,67,33,True,12,64,2025-11-16 08:07:32
ba_8192_1_9.txt,barabasi_albert_10ins_m20,50,SpecAnn-64,0.3199409394316542,1.00000001,-2021854.0,0.0114848613739013,0,True,67,33,True,13,64,2025-11-16 08:07:32
ba_8192_1_9.txt,barabasi_albert_10ins_m20,50,SpecAnn-64,0.3320184038158743,1.00000001,-2008616.0,0.0113887786865234,0,True,67,33,True,14,64,2025-11-16 08:07:32
ba_8192_1_9.txt,barabasi_albert_10ins_m20,50,SpecAnn-64,0.3436716983117353,1.00000001,-2008613.9999999995,0.0114126205444335,0,True,67,33,True,15,64,2025-11-16 08:07:32
ba_8192_1_9.txt,barabasi_albert_10ins_m20,50,SpecAnn-64,0.3549426037664455,1.00000001,-1998338.0,0.0113513469696044,0,True,67,33,True,16,64,2025-11-16 08:07:32
ba_8192_1_9.txt,barabasi_albert_10ins_m20,50,SpecAnn-64,0.3658664615902029,1.00000001,-2023314.0,0.0114076137542724,0,True,67,33,True,17,64,2025-11-16 08:07:32
ba_8192_1_9.txt,barabasi_albert_10ins_m20,50,SpecAnn-64,0.3764734830828951,1.00000001,-2018238.0,0.011392593383789,0,True,67,33,True,18,64,2025-11-16 08:07:32
ba_8192_1_9.txt,barabasi_albert_10ins_m20,50,SpecAnn-64,0.3867897351437838,1.00000001,-2012390.0,0.0114502906799316,0,True,67,33,True,19,64,2025-11-16 08:07:32
ba_8192_1_9.txt,barabasi_albert_10ins_m20,50,SpecAnn-64,0.3968378950662725,1.00000001,-2015862.0,0.0113518238067626,0,True,67,33,True,20,64,2025-11-16 08:07:32
ba_8192_1_9.txt,barabasi_albert_10ins_m20,50,SpecAnn-64,0.4066378372811136,1.00000001,-2027654.0,0.0113770961761474,0,True,67,33,True,21,64,2025-11-16 08:07:32
ba_8192_1_9.txt,barabasi_albert_10ins_m20,50,SpecAnn-64,0.4162070956347247,1.00000001,-2034076.0,0.0113942623138427,0,True,67,33,True,22,64,2025-11-16 08:07:32
ba_8192_1_9.txt,barabasi_albert_10ins_m20,50,SpecAnn-64,0.4255612320274539,1.00000001,-2028850.0,0.0114469528198242,0,True,67,33,True,23,64,2025-11-16 08:07:32
ba_8192_1_9.txt,barabasi_albert_10ins_m20,50,SpecAnn-64,0.434714133601331,1.00000001,-2026436.0,0.0115103721618652,0,True,67,33,True,24,64,2025-11-16 08:07:32
ba_8192_1_9.txt,barabasi_albert_10ins_m20,50,SpecAnn-64,0.4436782547080569,1.00000001,-2020228.0,0.0116548538208007,0,True,67,33,True,25,64,2025-11-16 08:07:32
ba_8192_1_9.txt,barabasi_albert_10ins_m20,50,SpecAnn-64,0.4524648157026343,1.00000001,-2024156.0,0.0116517543792724,0,True,67,33,True,26,64,2025-11-16 08:07:32
ba_8192_1_9.txt,barabasi_albert_10ins_m20,50,SpecAnn-64,0.4610839676207039,1.00000001,-2031132.0000000005,0.0117175579071044,0,True,67,33,True,27,64,2025-11-16 08:07:32
ba_8192_1_9.txt,barabasi_albert_10ins_m20,50,SpecAnn-64,0.4695449296338763,1.00000001,-2025892.0,0.0113837718963623,0,True,67,33,True,28,64,2025-11-16 08:07:32
ba_8192_1_9.txt,barabasi_albert_10ins_m20,50,SpecAnn-64,0.4778561045889373,1.00000001,-2011612.0,0.0113739967346191,0,True,67,33,True,29,64,2025-11-16 08:07:32
ba_8192_1_9.txt,barabasi_albert_10ins_m20,50,SpecAnn-64,0.4860251767562508,1.00000001,-2018139.9999999995,0.0113511085510253,0,True,67,33,True,30,64,2025-11-16 08:07:32
ba_8192_1_9.txt,barabasi_albert_10ins_m20,50,SpecAnn-64,0.4940591950252281,1.00000001,-2034916.0,0.0113651752471923,0,True,67,33,True,31,64,2025-11-16 08:07:32
ba_8192_1_9.txt,barabasi_albert_10ins_m20,50,SpecAnn-64,0.5019646441105269,1.00000001,-2015446.0,0.0113859176635742,0,True,67,33,True,32,64,2025-11-16 08:07:32
ba_8192_1_9.txt,barabasi_albert_10ins_m20,50,SpecAnn-64,0.5097475058154177,1.00000001,-2001484.0,0.0114309787750244,0,True,67,33,True,33,64,2025-11-16 08:07:32
ba_8192_1_9.txt,barabasi_albert_10ins_m20,50,SpecAnn-64,0.51741331199832,1.00000001,-2035228.0,0.011458396911621,0,True,67,33,True,34,64,2025-11-16 08:07:32
ba_8192_1_9.txt,barabasi_albert_10ins_m20,50,SpecAnn-64,0.5249671905758515,1.00000001,-2001563.9999999995,0.0114796161651611,0,True,67,33,True,35,64,2025-11-16 08:07:32
ba_8192_1_9.txt,barabasi_albert_10ins_m20,50,SpecAnn-64,0.5324139056496683,1.00000001,-2000780.0,0.0114204883575439,0,True,67,33,True,36,64,2025-11-16 08:07:32
ba_8192_1_9.txt,barabasi_albert_10ins_m20,50,SpecAnn-64,0.5397578926492556,1.00000001,-2016962.0,0.0113961696624755,0,True,67,33,True,37,64,2025-11-16 08:07:32
ba_8192_1_9.txt,barabasi_albert_10ins_m20,50,SpecAnn-64,0.5470032892270364,1.00000001,-2015952.0,0.0113992691040039,0,True,67,33,True,38,64,2025-11-16 08:07:32
ba_8192_1_9.txt,barabasi_albert_10ins_m20,50,SpecAnn-64,0.554153962516942,1.00000001,-2038696.0,0.0113770961761474,0,True,67,33,True,39,64,2025-11-16 08:07:32
ba_8192_1_9.txt,barabasi_albert_10ins_m20,50,SpecAnn-64,0.5612135332663137,1.00000001,-2024560.0,0.0114166736602783,0,True,67,33,True,40,64,2025-11-16 08:07:32
ba_8192_1_9.txt,barabasi_albert_10ins_m20,50,SpecAnn-64,0.5681853972686127,1.00000001,-2030471.9999999995,0.0114352703094482,0,True,67,33,True,41,64,2025-11-16 08:07:32
ba_8192_1_9.txt,barabasi_albert_10ins_m20,50,SpecAnn-64,0.5750727444570146,1.00000001,-2031940.0,0.0113987922668457,0,True,67,33,True,42,64,2025-11-16 08:07:32
ba_8192_1_9.txt,barabasi_albert_10ins_m20,50,SpecAnn-64,0.5818785759635375,1.00000001,-2031722.0,0.0113914012908935,0,True,67,33,True,43,64,2025-11-16 08:07:32
ba_8192_1_9.txt,barabasi_albert_10ins_m20,50,SpecAnn-64,0.5886057194025436,1.00000001,-2010207.9999999995,0.0115480422973632,0,True,67,33,True,44,64,2025-11-16 08:07:32
ba_8192_1_9.txt,barabasi_albert_10ins_m20,50,SpecAnn-64,0.5952568425994088,1.00000001,-2035646.0,0.0114364624023437,0,True,67,33,True,45,64,2025-11-16 08:07:32
ba_8192_1_9.txt,barabasi_albert_10ins_m20,50,SpecAnn-64,0.6018344659534288,1.00000001,-2034368.0,0.0114312171936035,0,True,67,33,True,46,64,2025-11-16 08:07:32
ba_8192_1_9.txt,barabasi_albert_10ins_m20,50,SpecAnn-64,0.6083409735974393,1.00000001,-2030632.0,0.011448860168457,0,True,67,33,True,47,64,2025-11-16 08:07:32
ba_8192_1_9.txt,barabasi_albert_10ins_m20,50,SpecAnn-64,0.6147786234942719,1.00000001,-2028826.0,0.0113956928253173,0,True,67,33,True,48,64,2025-11-16 08:07:32
ba_8192_1_9.txt,barabasi_albert_10ins_m20,50,SpecAnn-64,0.6211495565912796,1.00000001,-2038500.0,0.0114133358001708,0,True,67,33,True,49,64,2025-11-16 08:07:32
ba_8192_1_9.txt,barabasi_albert_10ins_m20,50,SpecAnn-64,0.6274558051381586,1.00000001,-2021536.0,0.0114130973815917,0,True,67,33,True,50,64,2025-11-16 08:07:32
ba_8192_1_9.txt,barabasi_albert_10ins_m20,50,SpecAnn-64,0.6336993002596786,1.00000001,-2041702.0,0.0113954544067382,0,True,67,33,True,51,64,2025-11-16 08:07:32
ba_8192_1_9.txt,barabasi_albert_10ins_m20,50,SpecAnn-64,0.6398818788633085,1.00000001,-2026922.0,0.0114068984985351,0,True,67,33,True,52,64,2025-11-16 08:07:32
ba_8192_1_9.txt,barabasi_albert_10ins_m20,50,SpecAnn-64,0.6460052899517691,1.00000001,-2033612.0,0.0114040374755859,0,True,67,33,True,53,64,2025-11-16 08:07:32
ba_8192_1_9.txt,barabasi_albert_10ins_m20,50,SpecAnn-64,0.6520712004019966,1.00000001,-2020510.0,0.0114037990570068,0,True,67,33,True,54,64,2025-11-16 08:07:32
ba_8192_1_9.txt,barabasi_albert_10ins_m20,50,SpecAnn-64,0.6580812002646271,1.00000001,-2029902.0,0.0114219188690185,0,True,67,33,True,55,64,2025-11-16 08:07:32
ba_8192_1_9.txt,barabasi_albert_10ins_m20,50,SpecAnn-64,0.6640368076317485,1.00000001,-2036390.0,0.0115306377410888,0,True,67,33,True,56,64,2025-11-16 08:07:32
ba_8192_1_9.txt,barabasi_albert_10ins_m20,50,SpecAnn-64,0.6699394731151429,1.00000001,-2027760.0,0.0113828182220458,0,True,67,33,True,57,64,2025-11-16 08:07:32
ba_8192_1_9.txt,barabasi_albert_10ins_m20,50,SpecAnn-64,0.6757905839724513,1.00000001,-2040552.0,0.0113403797149658,0,True,67,33,True,58,64,2025-11-16 08:07:32
ba_8192_1_9.txt,barabasi_albert_10ins_m20,50,SpecAnn-64,0.6815914679145113,1.00000001,-2040185.9999999995,0.0114235877990722,0,True,67,33,True,59,64,2025-11-16 08:07:32
ba_8192_1_9.txt,barabasi_albert_10ins_m20,50,SpecAnn-64,0.6873433966234707,1.00000001,-2042334.0,0.0113520622253417,0,True,67,33,True,60,64,2025-11-16 08:07:32
ba_8192_1_9.txt,barabasi_albert_10ins_m20,50,SpecAnn-64,0.6930475890080863,1.00000001,-2020604.0,0.0114104747772216,0,True,67,33,True,61,64,2025-11-16 08:07:32
ba_8192_1_9.txt,barabasi_albert_10ins_m20,50,SpecAnn-64,0.6987052142198116,1.00000001,-2026244.0,0.0114228725433349,0,True,67,33,True,62,64,2025-11-16 08:07:32
ba_8192_1_9.txt,barabasi_albert_10ins_m20,50,SpecAnn-64,0.7043173944508145,1.00000001,-2027796.0,0.0114285945892333,0,True,67,33,True,63,64,2025-11-16 08:07:32
ba_8192_1_9.txt,barabasi_albert_10ins_m20,50,SpecAnn-64,0.709885207532891,1.00000001,-2015766.0,0.0113847255706787,0,True,67,33,True,64,64,2025-11-16 08:07:33
ba_8192_1_9.txt,barabasi_albert_10ins_m20,50,SpecAnn-64,0.7154096893543218,1.00000001,-2032834.0,0.0113787651062011,0,True,67,33,True,65,64,2025-11-16 08:07:33
ba_8192_1_9.txt,barabasi_albert_10ins_m20,50,SpecAnn-64,0.7208918361100219,1.00000001,-2039228.0,0.0113811492919921,0,True,67,33,True,66,64,2025-11-16 08:07:33
ba_8192_1_9.txt,barabasi_albert_10ins_m20,50,SpecAnn-64,0.7263326063988248,1.00000001,-2038288.0,0.0114426612854003,0,True,67,33,True,67,64,2025-11-16 08:07:33
ba_8192_1_9.txt,barabasi_albert_10ins_m20,50,SpecAnn-64,0.7317329231804058,1.00000001,-2032248.0,0.0113990306854248,0,True,67,33,True,68,64,2025-11-16 08:07:33
ba_8192_1_9.txt,barabasi_albert_10ins_m20,50,SpecAnn-64,0.7370936756031579,1.00000001,-2035504.0,0.0113372802734375,0,True,67,33,True,69,64,2025-11-16 08:07:33
ba_8192_1_9.txt,barabasi_albert_10ins_m20,50,SpecAnn-64,0.7424157207132704,1.00000001,-2040578.0,0.0113525390625,0,True,67,33,True,70,64,2025-11-16 08:07:33
ba_8192_1_9.txt,barabasi_albert_10ins_m20,50,SpecAnn-64,0.7476998850543153,1.00000001,-2041658.0,0.0113494396209716,0,True,67,33,True,71,64,2025-11-16 08:07:33
ba_8192_1_9.txt,barabasi_albert_10ins_m20,50,SpecAnn-64,0.7529469661657903,1.00000001,-2043660.0,0.0113677978515625,0,True,67,33,True,72,64,2025-11-16 08:07:33
ba_8192_1_9.txt,barabasi_albert_10ins_m20,50,SpecAnn-64,0.7581577339883167,1.00000001,-2026643.9999999995,0.011437177658081,0,True,67,33,True,73,64,2025-11-16 08:07:33
ba_8192_1_9.txt,barabasi_albert_10ins_m20,50,SpecAnn-64,0.7633329321824984,1.00000001,-2038916.0,0.0114099979400634,0,True,67,33,True,74,64,2025-11-16 08:07:33
ba_8192_1_9.txt,barabasi_albert_10ins_m20,50,SpecAnn-64,0.7684732793678399,1.00000001,-2042698.0,0.011387825012207,0,True,67,33,True,75,64,2025-11-16 08:07:33
ba_8192_1_9.txt,barabasi_albert_10ins_m20,50,SpecAnn-64,0.7735794702875677,1.00000001,-2042130.0,0.0113639831542968,0,True,67,33,True,76,64,2025-11-16 08:07:33
ba_8192_1_9.txt,barabasi_albert_10ins_m20,50,SpecAnn-64,0.7786521769046981,1.00000001,-2034804.0,0.0113296508789062,0,True,67,33,True,77,64,2025-11-16 08:07:33
ba_8192_1_9.txt,barabasi_albert_10ins_m20,50,SpecAnn-64,0.7836920494342511,1.00000001,-2051670.0,0.0113666057586669,0,True,67,33,True,78,64,2025-11-16 08:07:33
ba_8192_1_9.txt,barabasi_albert_10ins_m20,50,SpecAnn-64,0.788699717316095,1.00000001,-2049924.0000000005,0.0113904476165771,0,True,67,33,True,79,64,2025-11-16 08:07:33
ba_8192_1_9.txt,barabasi_albert_10ins_m20,50,SpecAnn-64,0.7936757901325451,1.00000001,-2044842.0,0.011317491531372,0,True,67,33,True,80,64,2025-11-16 08:07:33
ba_8192_1_9.txt,barabasi_albert_10ins_m20,50,SpecAnn-64,0.7986208584745024,1.00000001,-2037828.0,0.0113060474395751,0,True,67,33,True,81,64,2025-11-16 08:07:33
ba_8192_1_9.txt,barabasi_albert_10ins_m20,50,SpecAnn-64,0.803535494759617,1.00000001,-2041620.0,0.0113582611083984,0,True,67,33,True,82,64,2025-11-16 08:07:33
ba_8192_1_9.txt,barabasi_albert_10ins_m20,50,SpecAnn-64,0.8084202540056837,1.00000001,-2050632.0,0.0112857818603515,0,True,67,33,True,83,64,2025-11-16 08:07:33
ba_8192_1_9.txt,barabasi_albert_10ins_m20,50,SpecAnn-64,0.8132756745622272,1.00000001,-2035842.0,0.011397361755371,0,True,67,33,True,84,64,2025-11-16 08:07:33
ba_8192_1_9.txt,barabasi_albert_10ins_m20,50,SpecAnn-64,0.8181022788030096,1.00000001,-2043932.0,0.0115389823913574,0,True,67,33,True,85,64,2025-11-16 08:07:33
ba_8192_1_9.txt,barabasi_albert_10ins_m20,50,SpecAnn-64,0.822900573781978,1.00000001,-2052266.0,0.0115962028503417,0,True,67,33,True,86,64,2025-11-16 08:07:33
ba_8192_1_9.txt,barabasi_albert_10ins_m20,50,SpecAnn-64,0.8276710518549868,1.00000001,-2040758.0,0.0116133689880371,0,True,67,33,True,87,64,2025-11-16 08:07:33
ba_8192_1_9.txt,barabasi_albert_10ins_m20,50,SpecAnn-64,0.8324141912694495,1.00000001,-2045230.0,0.0114140510559082,0,True,67,33,True,88,64,2025-11-16 08:07:33
ba_8192_1_9.txt,barabasi_albert_10ins_m20,50,SpecAnn-64,0.8371304567239225,1.00000001,-2063566.0,0.0114121437072753,0,True,67,33,True,89,64,2025-11-16 08:07:33
ba_8192_1_9.txt,barabasi_albert_10ins_m20,50,SpecAnn-64,0.8418202998994706,1.00000001,-2051944.0,0.011448860168457,0,True,67,33,True,90,64,2025-11-16 08:07:33
ba_8192_1_9.txt,barabasi_albert_10ins_m20,50,SpecAnn-64,0.846484159964536,1.00000001,-2063028.0,0.0113539695739746,0,True,67,33,True,91,64,2025-11-16 08:07:33
ba_8192_1_9.txt,barabasi_albert_10ins_m20,50,SpecAnn-64,0.8511224640549078,1.00000001,-2060153.9999999995,0.0114893913269042,0,True,67,33,True,92,64,2025-11-16 08:07:33
ba_8192_1_9.txt,barabasi_albert_10ins_m20,50,SpecAnn-64,0.8557356277302758,1.00000001,-2062870.0,0.0116639137268066,0,True,67,33,True,93,64,2025-11-16 08:07:33
ba_8192_1_9.txt,barabasi_albert_10ins_m20,50,SpecAnn-64,0.8603240554087516,1.00000001,-2065398.0,0.0116603374481201,0,True,67,33,True,94,64,2025-11-16 08:07:33
ba_8192_1_9.txt,barabasi_albert_10ins_m20,50,SpecAnn-64,0.86488814078064,1.00000001,-2064111.9999999995,0.0116107463836669,0,True,67,33,True,95,64,2025-11-16 08:07:33
ba_8192_1_9.txt,barabasi_albert_10ins_m20,50,SpecAnn-64,0.8694282672026621,1.00000001,-2066736.0,0.0113780498504638,0,True,67,33,True,96,64,2025-11-16 08:07:33
ba_8192_1_9.txt,barabasi_albert_10ins_m20,50,SpecAnn-64,0.8739448080737451,1.00000001,-2072938.0,0.0114240646362304,0,True,67,33,True,97,64,2025-11-16 08:07:33
ba_8192_1_9.txt,barabasi_albert_10ins_m20,50,SpecAnn-64,0.878438127193422,1.00000001,-2082248.0,0.0113899707794189,0,True,67,33,True,98,64,2025-11-16 08:07:33
ba_8192_1_9.txt,barabasi_albert_10ins_m20,50,SpecAnn-64,0.8829085791038153,1.00000001,-2077998.0,0.0113799571990966,0,True,67,33,True,99,64,2025-11-16 08:07:33
ba_8192_1_9.txt,barabasi_albert_10ins_m20,50,SpecAnn-64,0.8873565094161138,1.00000001,-2084078.0,0.0217635631561279,0,True,67,65,True,100,64,2025-11-16 08:07:33
ba_8192_1_9.txt,barabasi_albert_10ins_m20,50,SpecAnn-64,0.8917822551223932,1.00000001,-2080638.0,0.021733283996582,0,True,67,65,True,101,64,2025-11-16 08:07:33
ba_8192_1_9.txt,barabasi_albert_10ins_m20,50,SpecAnn-64,0.8961861448935777,1.00000001,-2092990.0,0.0217423439025878,0,True,67,65,True,102,64,2025-11-16 08:07:33
ba_8192_1_9.txt,barabasi_albert_10ins_m20,50,SpecAnn-64,0.9005684993642872,1.00000001,-2089570.0,0.0218138694763183,0,True,67,65,True,103,64,2025-11-16 08:07:33
ba_8192_1_9.txt,barabasi_albert_10ins_m20,50,SpecAnn-64,0.9049296314052688,1.00000001,-2082264.0,0.02164888381958,0,True,67,65,True,104,64,2025-11-16 08:07:33
ba_8192_1_9.txt,barabasi_albert_10ins_m20,50,SpecAnn-64,0.9092698463840684,1.00000001,-2095416.0,0.0217342376708984,0,True,67,65,True,105,64,2025-11-16 08:07:33
ba_8192_1_9.txt,barabasi_albert_10ins_m20,50,SpecAnn-64,0.9135894424145556,1.00000001,-2104300.0,0.0217444896697998,0,True,67,65,True,106,64,2025-11-16 08:07:33
ba_8192_1_9.txt,barabasi_albert_10ins_m20,50,SpecAnn-64,0.9178887105958816,1.00000001,-2111298.0,0.0328164100646972,0,True,67,97,True,107,64,2025-11-16 08:07:33
ba_8192_1_9.txt,barabasi_albert_10ins_m20,50,SpecAnn-64,0.922167935241408,1.00000001,-2110072.0,0.0321321487426757,0,True,67,97,True,108,64,2025-11-16 08:07:33
ba_8192_1_9.txt,barabasi_albert_10ins_m20,50,SpecAnn-64,0.92642739409812,1.00000001,-2113828.0,0.0321292877197265,0,True,67,97,True,109,64,2025-11-16 08:07:33
ba_8192_1_9.txt,barabasi_albert_10ins_m20,50,SpecAnn-64,0.9306673585570006,1.00000001,-2110885.9999999995,0.0322687625885009,0,True,67,97,True,110,64,2025-11-16 08:07:33
ba_8192_1_9.txt,barabasi_albert_10ins_m20,50,SpecAnn-64,0.9348880938548184,1.00000001,-2100086.0,0.0322370529174804,0,True,67,97,True,111,64,2025-11-16 08:07:33
ba_8192_1_9.txt,barabasi_albert_10ins_m20,50,SpecAnn-64,0.9390898592677528,1.00000001,-2096264.0,0.0322797298431396,0,True,67,97,True,112,64,2025-11-16 08:07:33
ba_8192_1_9.txt,barabasi_albert_10ins_m20,50,SpecAnn-64,0.9432729082972536,1.00000001,-2094868.0,0.0321662425994873,0,True,67,97,True,113,64,2025-11-16 08:07:33
ba_8192_1_9.txt,barabasi_albert_10ins_m20,50,SpecAnn-64,0.9474374888485204,1.00000001,-2097178.0,0.0320780277252197,0,True,67,97,True,114,64,2025-11-16 08:07:33
ba_8192_1_9.txt,barabasi_albert_10ins_m20,50,SpecAnn-64,0.9515838434019476,1.00000001,-2098735.9999999995,0.0322856903076171,0,True,67,97,True,115,64,2025-11-16 08:07:33
ba_8192_1_9.txt,barabasi_albert_10ins_m20,50,SpecAnn-64,0.9557122091778746,1.00000001,-2091888.0,0.0327293872833251,0,True,67,97,True,116,64,2025-11-16 08:07:33
ba_8192_1_9.txt,barabasi_albert_10ins_m20,50,SpecAnn-64,0.9598228182949629,1.00000001,-2093557.9999999995,0.0322463512420654,0,True,67,97,True,117,64,2025-11-16 08:07:33
ba_8192_1_9.txt,barabasi_albert_10ins_m20,50,SpecAnn-64,0.963915897922488,1.00000001,-2092327.9999999995,0.0323996543884277,0,True,67,97,True,118,64,2025-11-16 08:07:33
ba_8192_1_9.txt,barabasi_albert_10ins_m20,50,SpecAnn-64,0.967991670426842,1.00000001,-2092746.0,0.0321605205535888,0,True,67,97,True,119,64,2025-11-16 08:07:33
ba_8192_1_9.txt,barabasi_albert_10ins_m20,50,SpecAnn-64,0.9720503535125016,1.00000001,-2088502.0,0.0323965549468994,0,True,67,97,True,120,64,2025-11-16 08:07:34
ba_8192_1_9.txt,barabasi_albert_10ins_m20,50,SpecAnn-64,0.9760921603577252,1.00000001,-2090003.9999999995,0.0324625968933105,0,True,67,97,True,121,64,2025-11-16 08:07:34
ba_8192_1_9.txt,barabasi_albert_10ins_m20,50,SpecAnn-64,0.9801172997452104,1.00000001,-2090249.9999999995,0.0323150157928466,0,True,67,97,True,122,64,2025-11-16 08:07:34
ba_8192_1_9.txt,barabasi_albert_10ins_m20,50,SpecAnn-64,0.9841259761879442,1.00000001,-2095410.0,0.0322918891906738,0,True,67,97,True,123,64,2025-11-16 08:07:34
ba_8192_1_9.txt,barabasi_albert_10ins_m20,50,SpecAnn-64,0.9881183900504562,1.00000001,-2089504.0,0.0322496891021728,0,True,67,97,True,124,64,2025-11-16 08:07:34
ba_8192_1_9.txt,barabasi_albert_10ins_m20,50,SpecAnn-64,0.9920947376656812,1.00000001,-2092898.0,0.0322368144989013,0,True,67,97,True,125,64,2025-11-16 08:07:34
ba_8192_1_9.txt,barabasi_albert_10ins_m20,50,SpecAnn-64,0.9960552114476228,1.00000001,-2095198.0,0.0322446823120117,0,True,67,97,True,126,64,2025-11-16 08:07:34
ba_8192_1_9.txt,barabasi_albert_10ins_m20,50,SpecAnn-64,1.0,1.00000001,-2099640.0,0.032292366027832,0,True,67,97,True,127,64,2025-11-16 08:07:34
ba_8192_1_9.txt,barabasi_albert_10ins_m20,51,SpecAnn-64,0.0,1.00000001,-2036857.9999999998,0.012343406677246094,0,True,56,33,True,0,64,2025-11-16 08:07:34
ba_8192_1_9.txt,barabasi_albert_10ins_m20,51,SpecAnn-64,0.08873565094161137,1.00000001,-2026412.0,0.011411190032958984,0,True,56,33,True,1,64,2025-11-16 08:07:34
ba_8192_1_9.txt,barabasi_albert_10ins_m20,51,SpecAnn-64,0.12549116102763172,1.00000001,-2015230.0,0.011461973190307617,0,True,56,33,True,2,64,2025-11-16 08:07:34
ba_8192_1_9.txt,barabasi_albert_10ins_m20,51,SpecAnn-64,0.15369465587356798,1.00000001,-2034396.0,0.01146245002746582,0,True,56,33,True,3,64,2025-11-16 08:07:34
ba_8192_1_9.txt,barabasi_albert_10ins_m20,51,SpecAnn-64,0.17747130188322274,1.00000001,-2039973.9999999998,0.011349201202392578,0,True,56,33,True,4,64,2025-11-16 08:07:34
ba_8192_1_9.txt,barabasi_albert_10ins_m20,51,SpecAnn-64,0.19841894753313627,1.00000001,-2032123.9999999998,0.011412620544433594,0,True,56,33,True,5,64,2025-11-16 08:07:34
ba_8192_1_9.txt,barabasi_albert_10ins_m20,51,SpecAnn-64,0.21735706680066552,1.00000001,-2022172.0,0.01134347915649414,0,True,56,33,True,6,64,2025-11-16 08:07:34
ba_8192_1_9.txt,barabasi_albert_10ins_m20,51,SpecAnn-64,0.23477246481693817,1.00000001,-2029991.9999999995,0.011401653289794922,0,True,56,33,True,7,64,2025-11-16 08:07:34
ba_8192_1_9.txt,barabasi_albert_10ins_m20,51,SpecAnn-64,0.25098232205526344,1.00000001,-2020556.0,0.011304140090942383,0,True,56,33,True,8,64,2025-11-16 08:07:34
ba_8192_1_9.txt,barabasi_albert_10ins_m20,51,SpecAnn-64,0.26620695282483414,1.00000001,-2033241.9999999998,0.01139378547668457,0,True,56,33,True,9,64,2025-11-16 08:07:34
ba_8192_1_9.txt,barabasi_albert_10ins_m20,51,SpecAnn-64,0.28060676663315687,1.00000001,-2036290.0,0.011612176895141602,0,True,56,33,True,10,64,2025-11-16 08:07:34
ba_8192_1_9.txt,barabasi_albert_10ins_m20,51,SpecAnn-64,0.2943028597012718,1.00000001,-2029378.0,0.011580467224121094,0,True,56,33,True,11,64,2025-11-16 08:07:34
ba_8192_1_9.txt,barabasi_albert_10ins_m20,51,SpecAnn-64,0.30738931174713596,1.00000001,-2020431.9999999998,0.011593818664550781,0,True,56,33,True,12,64,2025-11-16 08:07:34
ba_8192_1_9.txt,barabasi_albert_10ins_m20,51,SpecAnn-64,0.31994093943165425,1.00000001,-2009077.9999999998,0.011390209197998047,0,True,56,33,True,13,64,2025-11-16 08:07:34
ba_8192_1_9.txt,barabasi_albert_10ins_m20,51,SpecAnn-64,0.3320184038158743,1.00000001,-2009223.9999999998,0.011353254318237305,0,True,56,33,True,14,64,2025-11-16 08:07:34
ba_8192_1_9.txt,barabasi_albert_10ins_m20,51,SpecAnn-64,0.34367169831173533,1.00000001,-2010845.9999999995,0.011445045471191406,0,True,56,33,True,15,64,2025-11-16 08:07:34
ba_8192_1_9.txt,barabasi_albert_10ins_m20,51,SpecAnn-64,0.3549426037664455,1.00000001,-2015499.9999999998,0.011394262313842773,0,True,56,33,True,16,64,2025-11-16 08:07:34
ba_8192_1_9.txt,barabasi_albert_10ins_m20,51,SpecAnn-64,0.3658664615902029,1.00000001,-2032858.0,0.011401176452636719,0,True,56,33,True,17,64,2025-11-16 08:07:34
ba_8192_1_9.txt,barabasi_albert_10ins_m20,51,SpecAnn-64,0.37647348308289513,1.00000001,-2018570.0000000002,0.011354207992553711,0,True,56,33,True,18,64,2025-11-16 08:07:34
ba_8192_1_9.txt,barabasi_albert_10ins_m20,51,SpecAnn-64,0.38678973514378384,1.00000001,-2017817.9999999998,0.011490821838378906,0,True,56,33,True,19,64,2025-11-16 08:07:34
ba_8192_1_9.txt,barabasi_albert_10ins_m20,51,SpecAnn-64,0.39683789506627254,1.00000001,-2023302.0000000002,0.011534452438354492,0,True,56,33,True,20,64,2025-11-16 08:07:34
ba_8192_1_9.txt,barabasi_albert_10ins_m20,51,SpecAnn-64,0.4066378372811136,1.00000001,-2022148.0,0.011347055435180664,0,True,56,33,True,21,64,2025-11-16 08:07:34
ba_8192_1_9.txt,barabasi_albert_10ins_m20,51,SpecAnn-64,0.41620709563472474,1.00000001,-2029256.0,0.011402130126953125,0,True,56,33,True,22,64,2025-11-16 08:07:34
ba_8192_1_9.txt,barabasi_albert_10ins_m20,51,SpecAnn-64,0.4255612320274539,1.00000001,-2024831.9999999998,0.011438369750976562,0,True,56,33,True,23,64,2025-11-16 08:07:34
ba_8192_1_9.txt,barabasi_albert_10ins_m20,51,SpecAnn-64,0.43471413360133104,1.00000001,-2017362.0,0.011477470397949219,0,True,56,33,True,24,64,2025-11-16 08:07:34
ba_8192_1_9.txt,barabasi_albert_10ins_m20,51,SpecAnn-64,0.4436782547080569,1.00000001,-2025448.0,0.011359214782714844,0,True,56,33,True,25,64,2025-11-16 08:07:34
ba_8192_1_9.txt,barabasi_albert_10ins_m20,51,SpecAnn-64,0.45246481570263436,1.00000001,-2022748.0,0.011583328247070312,0,True,56,33,True,26,64,2025-11-16 08:07:34
ba_8192_1_9.txt,barabasi_albert_10ins_m20,51,SpecAnn-64,0.46108396762070397,1.00000001,-2016887.9999999998,0.01155853271484375,0,True,56,33,True,27,64,2025-11-16 08:07:34
ba_8192_1_9.txt,barabasi_albert_10ins_m20,51,SpecAnn-64,0.46954492963387634,1.00000001,-2020322.0,0.011528253555297852,0,True,56,33,True,28,64,2025-11-16 08:07:34
ba_8192_1_9.txt,barabasi_albert_10ins_m20,51,SpecAnn-64,0.4778561045889373,1.00000001,-2020117.9999999998,0.011426925659179688,0,True,56,33,True,29,64,2025-11-16 08:07:34
ba_8192_1_9.txt,barabasi_albert_10ins_m20,51,SpecAnn-64,0.48602517675625084,1.00000001,-2026490.0,0.011345863342285156,0,True,56,33,True,30,64,2025-11-16 08:07:34
ba_8192_1_9.txt,barabasi_albert_10ins_m20,51,SpecAnn-64,0.4940591950252281,1.00000001,-2011635.9999999998,0.011365652084350586,0,True,56,33,True,31,64,2025-11-16 08:07:34
ba_8192_1_9.txt,barabasi_albert_10ins_m20,51,SpecAnn-64,0.5019646441105269,1.00000001,-2032736.0,0.011339426040649414,0,True,56,33,True,32,64,2025-11-16 08:07:34
ba_8192_1_9.txt,barabasi_albert_10ins_m20,51,SpecAnn-64,0.5097475058154177,1.00000001,-2025513.9999999998,0.01140141487121582,0,True,56,33,True,33,64,2025-11-16 08:07:34
ba_8192_1_9.txt,barabasi_albert_10ins_m20,51,SpecAnn-64,0.51741331199832,1.00000001,-2017141.9999999995,0.011361360549926758,0,True,56,33,True,34,64,2025-11-16 08:07:34
ba_8192_1_9.txt,barabasi_albert_10ins_m20,51,SpecAnn-64,0.5249671905758515,1.00000001,-2027232.0,0.011427164077758789,0,True,56,33,True,35,64,2025-11-16 08:07:34
ba_8192_1_9.txt,barabasi_albert_10ins_m20,51,SpecAnn-64,0.5324139056496683,1.00000001,-2020114.0000000005,0.011385917663574219,0,True,56,33,True,36,64,2025-11-16 08:07:34
ba_8192_1_9.txt,barabasi_albert_10ins_m20,51,SpecAnn-64,0.5397578926492556,1.00000001,-2016347.9999999995,0.011482477188110352,0,True,56,33,True,37,64,2025-11-16 08:07:34
ba_8192_1_9.txt,barabasi_albert_10ins_m20,51,SpecAnn-64,0.5470032892270364,1.00000001,-2013432.0000000002,0.011458396911621094,0,True,56,33,True,38,64,2025-11-16 08:07:34
ba_8192_1_9.txt,barabasi_albert_10ins_m20,51,SpecAnn-64,0.554153962516942,1.00000001,-2021346.0,0.011369466781616211,0,True,56,33,True,39,64,2025-11-16 08:07:34
ba_8192_1_9.txt,barabasi_albert_10ins_m20,51,SpecAnn-64,0.5612135332663137,1.00000001,-2034645.9999999998,0.011417388916015625,0,True,56,33,True,40,64,2025-11-16 08:07:34
ba_8192_1_9.txt,barabasi_albert_10ins_m20,51,SpecAnn-64,0.5681853972686127,1.00000001,-2033695.9999999998,0.011373758316040039,0,True,56,33,True,41,64,2025-11-16 08:07:34
ba_8192_1_9.txt,barabasi_albert_10ins_m20,51,SpecAnn-64,0.5750727444570146,1.00000001,-2034152.0,0.011444330215454102,0,True,56,33,True,42,64,2025-11-16 08:07:34
ba_8192_1_9.txt,barabasi_albert_10ins_m20,51,SpecAnn-64,0.5818785759635375,1.00000001,-2020037.9999999995,0.011442899703979492,0,True,56,33,True,43,64,2025-11-16 08:07:34
ba_8192_1_9.txt,barabasi_albert_10ins_m20,51,SpecAnn-64,0.5886057194025436,1.00000001,-2036434.0,0.01140594482421875,0,True,56,33,True,44,64,2025-11-16 08:07:34
ba_8192_1_9.txt,barabasi_albert_10ins_m20,51,SpecAnn-64,0.5952568425994088,1.00000001,-2009871.9999999998,0.011380672454833984,0,True,56,33,True,45,64,2025-11-16 08:07:34
ba_8192_1_9.txt,barabasi_albert_10ins_m20,51,SpecAnn-64,0.6018344659534288,1.00000001,-2020714.0,0.011411428451538086,0,True,56,33,True,46,64,2025-11-16 08:07:34
ba_8192_1_9.txt,barabasi_albert_10ins_m20,51,SpecAnn-64,0.6083409735974393,1.00000001,-2032839.9999999998,0.011497020721435547,0,True,56,33,True,47,64,2025-11-16 08:07:34
ba_8192_1_9.txt,barabasi_albert_10ins_m20,51,SpecAnn-64,0.6147786234942719,1.00000001,-2023482.0,0.01143503189086914,0,True,56,33,True,48,64,2025-11-16 08:07:35
ba_8192_1_9.txt,barabasi_albert_10ins_m20,51,SpecAnn-64,0.6211495565912796,1.00000001,-2025134.0,0.011400222778320312,0,True,56,33,True,49,64,2025-11-16 08:07:35
ba_8192_1_9.txt,barabasi_albert_10ins_m20,51,SpecAnn-64,0.6274558051381586,1.00000001,-2043538.0000000002,0.011459112167358398,0,True,56,33,True,50,64,2025-11-16 08:07:35
ba_8192_1_9.txt,barabasi_albert_10ins_m20,51,SpecAnn-64,0.6336993002596786,1.00000001,-2016042.0,0.011363744735717773,0,True,56,33,True,51,64,2025-11-16 08:07:35
ba_8192_1_9.txt,barabasi_albert_10ins_m20,51,SpecAnn-64,0.6398818788633085,1.00000001,-2021963.9999999998,0.011419534683227539,0,True,56,33,True,52,64,2025-11-16 08:07:35
ba_8192_1_9.txt,barabasi_albert_10ins_m20,51,SpecAnn-64,0.6460052899517691,1.00000001,-2018036.0,0.011363744735717773,0,True,56,33,True,53,64,2025-11-16 08:07:35
ba_8192_1_9.txt,barabasi_albert_10ins_m20,51,SpecAnn-64,0.6520712004019966,1.00000001,-2032875.9999999995,0.011374950408935547,0,True,56,33,True,54,64,2025-11-16 08:07:35
ba_8192_1_9.txt,barabasi_albert_10ins_m20,51,SpecAnn-64,0.6580812002646271,1.00000001,-2026986.0,0.011492013931274414,0,True,56,33,True,55,64,2025-11-16 08:07:35
ba_8192_1_9.txt,barabasi_albert_10ins_m20,51,SpecAnn-64,0.6640368076317485,1.00000001,-2040121.9999999998,0.01142120361328125,0,True,56,33,True,56,64,2025-11-16 08:07:35
ba_8192_1_9.txt,barabasi_albert_10ins_m20,51,SpecAnn-64,0.6699394731151429,1.00000001,-2028808.0,0.01135873794555664,0,True,56,33,True,57,64,2025-11-16 08:07:35
ba_8192_1_9.txt,barabasi_albert_10ins_m20,51,SpecAnn-64,0.6757905839724513,1.00000001,-2026647.9999999998,0.01141357421875,0,True,56,33,True,58,64,2025-11-16 08:07:35
ba_8192_1_9.txt,barabasi_albert_10ins_m20,51,SpecAnn-64,0.6815914679145113,1.00000001,-2030488.0000000002,0.011407852172851562,0,True,56,33,True,59,64,2025-11-16 08:07:35
ba_8192_1_9.txt,barabasi_albert_10ins_m20,51,SpecAnn-64,0.6873433966234707,1.00000001,-2043876.0000000002,0.011449098587036133,0,True,56,33,True,60,64,2025-11-16 08:07:35
ba_8192_1_9.txt,barabasi_albert_10ins_m20,51,SpecAnn-64,0.6930475890080863,1.00000001,-2018076.0,0.011343717575073242,0,True,56,33,True,61,64,2025-11-16 08:07:35
ba_8192_1_9.txt,barabasi_albert_10ins_m20,51,SpecAnn-64,0.6987052142198116,1.00000001,-2037315.9999999995,0.011500835418701172,0,True,56,33,True,62,64,2025-11-16 08:07:35
ba_8192_1_9.txt,barabasi_albert_10ins_m20,51,SpecAnn-64,0.7043173944508145,1.00000001,-2041971.9999999998,0.011468648910522461,0,True,56,33,True,63,64,2025-11-16 08:07:35
ba_8192_1_9.txt,barabasi_albert_10ins_m20,51,SpecAnn-64,0.709885207532891,1.00000001,-2028276.0,0.011382341384887695,0,True,56,33,True,64,64,2025-11-16 08:07:35
ba_8192_1_9.txt,barabasi_albert_10ins_m20,51,SpecAnn-64,0.7154096893543218,1.00000001,-2030066.0000000002,0.011406660079956055,0,True,56,33,True,65,64,2025-11-16 08:07:35
ba_8192_1_9.txt,barabasi_albert_10ins_m20,51,SpecAnn-64,0.7208918361100219,1.00000001,-2030904.0,0.011361360549926758,0,True,56,33,True,66,64,2025-11-16 08:07:35
ba_8192_1_9.txt,barabasi_albert_10ins_m20,51,SpecAnn-64,0.7263326063988248,1.00000001,-2031633.9999999998,0.011448860168457031,0,True,56,33,True,67,64,2025-11-16 08:07:35
ba_8192_1_9.txt,barabasi_albert_10ins_m20,51,SpecAnn-64,0.7317329231804058,1.00000001,-2025121.9999999998,0.01135110855102539,0,True,56,33,True,68,64,2025-11-16 08:07:35
ba_8192_1_9.txt,barabasi_albert_10ins_m20,51,SpecAnn-64,0.7370936756031579,1.00000001,-2029746.0,0.01143503189086914,0,True,56,33,True,69,64,2025-11-16 08:07:35
ba_8192_1_9.txt,barabasi_albert_10ins_m20,51,SpecAnn-64,0.7424157207132704,1.00000001,-2052015.9999999998,0.011565446853637695,0,True,56,33,True,70,64,2025-11-16 08:07:35
ba_8192_1_9.txt,barabasi_albert_10ins_m20,51,SpecAnn-64,0.7476998850543153,1.00000001,-2044930.0,0.011675834655761719,0,True,56,33,True,71,64,2025-11-16 08:07:35
ba_8192_1_9.txt,barabasi_albert_10ins_m20,51,SpecAnn-64,0.7529469661657903,1.00000001,-2035862.0000000002,0.011559486389160156,0,True,56,33,True,72,64,2025-11-16 08:07:35
ba_8192_1_9.txt,barabasi_albert_10ins_m20,51,SpecAnn-64,0.7581577339883167,1.00000001,-2044116.0,0.011387825012207031,0,True,56,33,True,73,64,2025-11-16 08:07:35
ba_8192_1_9.txt,barabasi_albert_10ins_m20,51,SpecAnn-64,0.7633329321824984,1.00000001,-2043798.0000000002,0.011376142501831055,0,True,56,33,True,74,64,2025-11-16 08:07:35
ba_8192_1_9.txt,barabasi_albert_10ins_m20,51,SpecAnn-64,0.7684732793678399,1.00000001,-2043549.9999999998,0.011337518692016602,0,True,56,33,True,75,64,2025-11-16 08:07:35
ba_8192_1_9.txt,barabasi_albert_10ins_m20,51,SpecAnn-64,0.7735794702875677,1.00000001,-2039907.9999999998,0.011482477188110352,0,True,56,33,True,76,64,2025-11-16 08:07:35
ba_8192_1_9.txt,barabasi_albert_10ins_m20,51,SpecAnn-64,0.7786521769046981,1.00000001,-2035542.0,0.01162576675415039,0,True,56,33,True,77,64,2025-11-16 08:07:35
ba_8192_1_9.txt,barabasi_albert_10ins_m20,51,SpecAnn-64,0.7836920494342511,1.00000001,-2054013.9999999998,0.011551380157470703,0,True,56,33,True,78,64,2025-11-16 08:07:35
ba_8192_1_9.txt,barabasi_albert_10ins_m20,51,SpecAnn-64,0.788699717316095,1.00000001,-2033786.0000000002,0.011436939239501953,0,True,56,33,True,79,64,2025-11-16 08:07:35
ba_8192_1_9.txt,barabasi_albert_10ins_m20,51,SpecAnn-64,0.7936757901325451,1.00000001,-2041553.9999999995,0.011449575424194336,0,True,56,33,True,80,64,2025-11-16 08:07:35
ba_8192_1_9.txt,barabasi_albert_10ins_m20,51,SpecAnn-64,0.7986208584745024,1.00000001,-2047063.9999999998,0.011369705200195312,0,True,56,33,True,81,64,2025-11-16 08:07:35
ba_8192_1_9.txt,barabasi_albert_10ins_m20,51,SpecAnn-64,0.803535494759617,1.00000001,-2047661.9999999998,0.011403560638427734,0,True,56,33,True,82,64,2025-11-16 08:07:35
ba_8192_1_9.txt,barabasi_albert_10ins_m20,51,SpecAnn-64,0.8084202540056837,1.00000001,-2035414.0,0.011401176452636719,0,True,56,33,True,83,64,2025-11-16 08:07:35
ba_8192_1_9.txt,barabasi_albert_10ins_m20,51,SpecAnn-64,0.8132756745622272,1.00000001,-2047059.9999999995,0.01147603988647461,0,True,56,33,True,84,64,2025-11-16 08:07:35
ba_8192_1_9.txt,barabasi_albert_10ins_m20,51,SpecAnn-64,0.8181022788030096,1.00000001,-2048650.0,0.011472463607788086,0,True,56,33,True,85,64,2025-11-16 08:07:35
ba_8192_1_9.txt,barabasi_albert_10ins_m20,51,SpecAnn-64,0.822900573781978,1.00000001,-2042602.0,0.011456966400146484,0,True,56,33,True,86,64,2025-11-16 08:07:35
ba_8192_1_9.txt,barabasi_albert_10ins_m20,51,SpecAnn-64,0.8276710518549868,1.00000001,-2061215.9999999998,0.011465072631835938,0,True,56,33,True,87,64,2025-11-16 08:07:35
ba_8192_1_9.txt,barabasi_albert_10ins_m20,51,SpecAnn-64,0.8324141912694495,1.00000001,-2051793.9999999995,0.011504888534545898,0,True,56,33,True,88,64,2025-11-16 08:07:35
ba_8192_1_9.txt,barabasi_albert_10ins_m20,51,SpecAnn-64,0.8371304567239225,1.00000001,-2050886.0,0.01147150993347168,0,True,56,33,True,89,64,2025-11-16 08:07:35
ba_8192_1_9.txt,barabasi_albert_10ins_m20,51,SpecAnn-64,0.8418202998994706,1.00000001,-2055953.9999999998,0.011423110961914062,0,True,56,33,True,90,64,2025-11-16 08:07:35
ba_8192_1_9.txt,barabasi_albert_10ins_m20,51,SpecAnn-64,0.846484159964536,1.00000001,-2058141.9999999998,0.011479377746582031,0,True,56,33,True,91,64,2025-11-16 08:07:35
ba_8192_1_9.txt,barabasi_albert_10ins_m20,51,SpecAnn-64,0.8511224640549078,1.00000001,-2063970.0,0.01137232780456543,0,True,56,33,True,92,64,2025-11-16 08:07:35
ba_8192_1_9.txt,barabasi_albert_10ins_m20,51,SpecAnn-64,0.8557356277302758,1.00000001,-2053936.0000000005,0.011387348175048828,0,True,56,33,True,93,64,2025-11-16 08:07:35
ba_8192_1_9.txt,barabasi_albert_10ins_m20,51,SpecAnn-64,0.8603240554087516,1.00000001,-2063882.0,0.011454343795776367,0,True,56,33,True,94,64,2025-11-16 08:07:35
ba_8192_1_9.txt,barabasi_albert_10ins_m20,51,SpecAnn-64,0.86488814078064,1.00000001,-2058594.0000000002,0.01139688491821289,0,True,56,33,True,95,64,2025-11-16 08:07:35
ba_8192_1_9.txt,barabasi_albert_10ins_m20,51,SpecAnn-64,0.8694282672026621,1.00000001,-2067164.0,0.01135706901550293,0,True,56,33,True,96,64,2025-11-16 08:07:35
ba_8192_1_9.txt,barabasi_albert_10ins_m20,51,SpecAnn-64,0.8739448080737451,1.00000001,-2061305.9999999998,0.011367082595825195,0,True,56,33,True,97,64,2025-11-16 08:07:35
ba_8192_1_9.txt,barabasi_albert_10ins_m20,51,SpecAnn-64,0.878438127193422,1.00000001,-2074674.0000000002,0.01157999038696289,0,True,56,33,True,98,64,2025-11-16 08:07:35
ba_8192_1_9.txt,barabasi_albert_10ins_m20,51,SpecAnn-64,0.8829085791038153,1.00000001,-2088079.9999999998,0.011575460433959961,0,True,56,33,True,99,64,2025-11-16 08:07:35
ba_8192_1_9.txt,barabasi_albert_10ins_m20,51,SpecAnn-64,0.8873565094161138,1.00000001,-2078384.0,0.022072315216064453,0,True,56,65,True,100,64,2025-11-16 08:07:35
ba_8192_1_9.txt,barabasi_albert_10ins_m20,51,SpecAnn-64,0.8917822551223932,1.00000001,-2085555.9999999998,0.02172708511352539,0,True,56,65,True,101,64,2025-11-16 08:07:35
ba_8192_1_9.txt,barabasi_albert_10ins_m20,51,SpecAnn-64,0.8961861448935777,1.00000001,-2092832.0,0.021744966506958008,0,True,56,65,True,102,64,2025-11-16 08:07:35
ba_8192_1_9.txt,barabasi_albert_10ins_m20,51,SpecAnn-64,0.9005684993642872,1.00000001,-2090663.9999999998,0.021726369857788086,0,True,56,65,True,103,64,2025-11-16 08:07:35
ba_8192_1_9.txt,barabasi_albert_10ins_m20,51,SpecAnn-64,0.9049296314052687,1.00000001,-2093893.9999999998,0.021699190139770508,0,True,56,65,True,104,64,2025-11-16 08:07:35
ba_8192_1_9.txt,barabasi_albert_10ins_m20,51,SpecAnn-64,0.9092698463840683,1.00000001,-2097854.0,0.021647930145263672,0,True,56,65,True,105,64,2025-11-16 08:07:35
ba_8192_1_9.txt,barabasi_albert_10ins_m20,51,SpecAnn-64,0.9135894424145555,1.00000001,-2103572.0,0.02164459228515625,0,True,56,65,True,106,64,2025-11-16 08:07:35
ba_8192_1_9.txt,barabasi_albert_10ins_m20,51,SpecAnn-64,0.9178887105958816,1.00000001,-2111632.0,0.0321047306060791,0,True,56,97,True,107,64,2025-11-16 08:07:35
ba_8192_1_9.txt,barabasi_albert_10ins_m20,51,SpecAnn-64,0.9221679352414079,1.00000001,-2109719.999999999,0.03220796585083008,0,True,56,97,True,108,64,2025-11-16 08:07:35
ba_8192_1_9.txt,barabasi_albert_10ins_m20,51,SpecAnn-64,0.9264273940981199,1.00000001,-2106586.0000000005,0.032048702239990234,0,True,56,97,True,109,64,2025-11-16 08:07:35
ba_8192_1_9.txt,barabasi_albert_10ins_m20,51,SpecAnn-64,0.9306673585570006,1.00000001,-2110482.0000000005,0.03252410888671875,0,True,56,97,True,110,64,2025-11-16 08:07:35
ba_8192_1_9.txt,barabasi_albert_10ins_m20,51,SpecAnn-64,0.9348880938548185,1.00000001,-2112598.0,0.03210163116455078,0,True,56,97,True,111,64,2025-11-16 08:07:35
ba_8192_1_9.txt,barabasi_albert_10ins_m20,51,SpecAnn-64,0.9390898592677527,1.00000001,-2096122.0,0.031942129135131836,0,True,56,97,True,112,64,2025-11-16 08:07:35
ba_8192_1_9.txt,barabasi_albert_10ins_m20,51,SpecAnn-64,0.9432729082972536,1.00000001,-2102134.0,0.03194713592529297,0,True,56,97,True,113,64,2025-11-16 08:07:35
ba_8192_1_9.txt,barabasi_albert_10ins_m20,51,SpecAnn-64,0.9474374888485205,1.00000001,-2097250.0000000005,0.03210902214050293,0,True,56,97,True,114,64,2025-11-16 08:07:36
ba_8192_1_9.txt,barabasi_albert_10ins_m20,51,SpecAnn-64,0.9515838434019475,1.00000001,-2099072.0,0.03212308883666992,0,True,56,97,True,115,64,2025-11-16 08:07:36
ba_8192_1_9.txt,barabasi_albert_10ins_m20,51,SpecAnn-64,0.9557122091778746,1.00000001,-2099613.9999999995,0.0321347713470459,0,True,56,97,True,116,64,2025-11-16 08:07:36
ba_8192_1_9.txt,barabasi_albert_10ins_m20,51,SpecAnn-64,0.9598228182949627,1.00000001,-2097948.0,0.032134294509887695,0,True,56,97,True,117,64,2025-11-16 08:07:36
ba_8192_1_9.txt,barabasi_albert_10ins_m20,51,SpecAnn-64,0.9639158979224881,1.00000001,-2094011.9999999998,0.03209090232849121,0,True,56,97,True,118,64,2025-11-16 08:07:36
ba_8192_1_9.txt,barabasi_albert_10ins_m20,51,SpecAnn-64,0.9679916704268421,1.00000001,-2088988.0000000002,0.03214001655578613,0,True,56,97,True,119,64,2025-11-16 08:07:36
ba_8192_1_9.txt,barabasi_albert_10ins_m20,51,SpecAnn-64,0.9720503535125017,1.00000001,-2093602.0000000002,0.032193899154663086,0,True,56,97,True,120,64,2025-11-16 08:07:36
ba_8192_1_9.txt,barabasi_albert_10ins_m20,51,SpecAnn-64,0.9760921603577252,1.00000001,-2082111.9999999998,0.03217124938964844,0,True,56,97,True,121,64,2025-11-16 08:07:36
ba_8192_1_9.txt,barabasi_albert_10ins_m20,51,SpecAnn-64,0.9801172997452103,1.00000001,-2092091.9999999998,0.03224945068359375,0,True,56,97,True,122,64,2025-11-16 08:07:36
ba_8192_1_9.txt,barabasi_albert_10ins_m20,51,SpecAnn-64,0.9841259761879442,1.00000001,-2091050.0,0.03275918960571289,0,True,56,97,True,123,64,2025-11-16 08:07:36
ba_8192_1_9.txt,barabasi_albert_10ins_m20,51,SpecAnn-64,0.9881183900504562,1.00000001,-2084259.9999999995,0.03235483169555664,0,True,56,97,True,124,64,2025-11-16 08:07:36
ba_8192_1_9.txt,barabasi_albert_10ins_m20,51,SpecAnn-64,0.9920947376656813,1.00000001,-2086598.0,0.03272223472595215,0,True,56,97,True,125,64,2025-11-16 08:07:36
ba_8192_1_9.txt,barabasi_albert_10ins_m20,51,SpecAnn-64,0.9960552114476228,1.00000001,-2089448.0,0.032212018966674805,0,True,56,97,True,126,64,2025-11-16 08:07:36
ba_8192_1_9.txt,barabasi_albert_10ins_m20,51,SpecAnn-64,1.0,1.00000001,-2095747.9999999998,0.03220725059509277,0,True,56,97,True,127,64,2025-11-16 08:07:36
