instance_name,dataset,seed,solver_name,alpha,beta,energy,time,mode,use_local_search,local_search_iterations,eigsh_iterations,warm_start,alpha_index,precision,timestamp
ba_512_1_2.txt,barabasi_albert_10ins_m20,42,SpecAnn-cold,0.0,1.0,-128290.0,0.0134568214416503,0,True,51,33,False,0,32,2025-11-16 06:08:02
ba_512_1_2.txt,barabasi_albert_10ins_m20,42,SpecAnn-cold,0.0887356509416113,1.0,-129766.0,0.0128071308135986,0,True,51,33,False,1,32,2025-11-16 06:08:02
ba_512_1_2.txt,barabasi_albert_10ins_m20,42,SpecAnn-cold,0.1254911610276317,1.0,-128866.0,0.0128302574157714,0,True,51,33,False,2,32,2025-11-16 06:08:02
ba_512_1_2.txt,barabasi_albert_10ins_m20,42,SpecAnn-cold,0.1536946558735679,1.0,-128866.0,0.0128779411315917,0,True,51,33,False,3,32,2025-11-16 06:08:02
ba_512_1_2.txt,barabasi_albert_10ins_m20,42,SpecAnn-cold,0.1774713018832227,1.0,-129154.0,0.0129878520965576,0,True,51,33,False,4,32,2025-11-16 06:08:02
ba_512_1_2.txt,barabasi_albert_10ins_m20,42,SpecAnn-cold,0.1984189475331362,1.0,-126524.0,0.0127718448638916,0,True,51,33,False,5,32,2025-11-16 06:08:02
ba_512_1_2.txt,barabasi_albert_10ins_m20,42,SpecAnn-cold,0.2173570668006655,1.0,-127686.0,0.01287841796875,0,True,51,33,False,6,32,2025-11-16 06:08:02
ba_512_1_2.txt,barabasi_albert_10ins_m20,42,SpecAnn-cold,0.2347724648169381,1.0,-128248.0,0.0128881931304931,0,True,51,33,False,7,32,2025-11-16 06:08:02
ba_512_1_2.txt,barabasi_albert_10ins_m20,42,SpecAnn-cold,0.2509823220552634,1.0,-126524.0,0.0128250122070312,0,True,51,33,False,8,32,2025-11-16 06:08:02
ba_512_1_2.txt,barabasi_albert_10ins_m20,42,SpecAnn-cold,0.2662069528248341,1.0,-126524.0,0.0128207206726074,0,True,51,33,False,9,32,2025-11-16 06:08:02
ba_512_1_2.txt,barabasi_albert_10ins_m20,42,SpecAnn-cold,0.2806067666331568,1.0,-129254.0,0.0127406120300292,0,True,51,33,False,10,32,2025-11-16 06:08:02
ba_512_1_2.txt,barabasi_albert_10ins_m20,42,SpecAnn-cold,0.2943028597012718,1.0,-126734.0,0.0128591060638427,0,True,51,33,False,11,32,2025-11-16 06:08:02
ba_512_1_2.txt,barabasi_albert_10ins_m20,42,SpecAnn-cold,0.3073893117471359,1.0,-126734.0,0.0126898288726806,0,True,51,33,False,12,32,2025-11-16 06:08:02
ba_512_1_2.txt,barabasi_albert_10ins_m20,42,SpecAnn-cold,0.3199409394316542,1.0,-126734.0,0.0128877162933349,0,True,51,33,False,13,32,2025-11-16 06:08:02
ba_512_1_2.txt,barabasi_albert_10ins_m20,42,SpecAnn-cold,0.3320184038158743,1.0,-126734.0,0.0129468441009521,0,True,51,33,False,14,32,2025-11-16 06:08:03
ba_512_1_2.txt,barabasi_albert_10ins_m20,42,SpecAnn-cold,0.3436716983117353,1.0,-127330.0,0.0130009651184082,0,True,51,33,False,15,32,2025-11-16 06:08:03
ba_512_1_2.txt,barabasi_albert_10ins_m20,42,SpecAnn-cold,0.3549426037664455,1.0,-129934.0,0.0129203796386718,0,True,51,33,False,16,32,2025-11-16 06:08:03
ba_512_1_2.txt,barabasi_albert_10ins_m20,42,SpecAnn-cold,0.3658664615902029,1.0,-123364.0,0.0127191543579101,0,True,51,33,False,17,32,2025-11-16 06:08:03
ba_512_1_2.txt,barabasi_albert_10ins_m20,42,SpecAnn-cold,0.3764734830828951,1.0,-123364.0,0.0128207206726074,0,True,51,33,False,18,32,2025-11-16 06:08:03
ba_512_1_2.txt,barabasi_albert_10ins_m20,42,SpecAnn-cold,0.3867897351437838,1.0,-129706.0,0.0127856731414794,0,True,51,33,False,19,32,2025-11-16 06:08:03
ba_512_1_2.txt,barabasi_albert_10ins_m20,42,SpecAnn-cold,0.3968378950662725,1.0,-127466.0,0.0126886367797851,0,True,51,33,False,20,32,2025-11-16 06:08:03
ba_512_1_2.txt,barabasi_albert_10ins_m20,42,SpecAnn-cold,0.4066378372811136,1.0,-128674.0,0.0126514434814453,0,True,51,33,False,21,32,2025-11-16 06:08:03
ba_512_1_2.txt,barabasi_albert_10ins_m20,42,SpecAnn-cold,0.4162070956347247,1.0,-127574.0,0.0127551555633544,0,True,51,33,False,22,32,2025-11-16 06:08:03
ba_512_1_2.txt,barabasi_albert_10ins_m20,42,SpecAnn-cold,0.4255612320274539,1.0,-127404.0,0.0127356052398681,0,True,51,33,False,23,32,2025-11-16 06:08:03
ba_512_1_2.txt,barabasi_albert_10ins_m20,42,SpecAnn-cold,0.434714133601331,1.0,-127998.0,0.0126750469207763,0,True,51,33,False,24,32,2025-11-16 06:08:03
ba_512_1_2.txt,barabasi_albert_10ins_m20,42,SpecAnn-cold,0.4436782547080569,1.0,-125616.0,0.0127818584442138,0,True,51,33,False,25,32,2025-11-16 06:08:03
ba_512_1_2.txt,barabasi_albert_10ins_m20,42,SpecAnn-cold,0.4524648157026343,1.0,-127606.0,0.0127971172332763,0,True,51,33,False,26,32,2025-11-16 06:08:03
ba_512_1_2.txt,barabasi_albert_10ins_m20,42,SpecAnn-cold,0.4610839676207039,1.0,-128502.0,0.0129017829895019,0,True,51,33,False,27,32,2025-11-16 06:08:03
ba_512_1_2.txt,barabasi_albert_10ins_m20,42,SpecAnn-cold,0.4695449296338763,1.0,-126105.99999999996,0.0129086971282958,0,True,51,33,False,28,32,2025-11-16 06:08:03
ba_512_1_2.txt,barabasi_albert_10ins_m20,42,SpecAnn-cold,0.4778561045889373,1.0,-126105.99999999996,0.0127582550048828,0,True,51,33,False,29,32,2025-11-16 06:08:03
ba_512_1_2.txt,barabasi_albert_10ins_m20,42,SpecAnn-cold,0.4860251767562508,1.0,-126105.99999999996,0.0127053260803222,0,True,51,33,False,30,32,2025-11-16 06:08:03
ba_512_1_2.txt,barabasi_albert_10ins_m20,42,SpecAnn-cold,0.4940591950252281,1.0,-126704.0,0.0126550197601318,0,True,51,33,False,31,32,2025-11-16 06:08:03
ba_512_1_2.txt,barabasi_albert_10ins_m20,42,SpecAnn-cold,0.5019646441105269,1.0,-127740.0,0.0126802921295166,0,True,51,33,False,32,32,2025-11-16 06:08:03
ba_512_1_2.txt,barabasi_albert_10ins_m20,42,SpecAnn-cold,0.5097475058154177,1.0,-128780.0,0.0127472877502441,0,True,51,33,False,33,32,2025-11-16 06:08:03
ba_512_1_2.txt,barabasi_albert_10ins_m20,42,SpecAnn-cold,0.51741331199832,1.0,-124630.0,0.012641429901123,0,True,51,33,False,34,32,2025-11-16 06:08:03
ba_512_1_2.txt,barabasi_albert_10ins_m20,42,SpecAnn-cold,0.5249671905758515,1.0,-127506.0,0.0127050876617431,0,True,51,33,False,35,32,2025-11-16 06:08:03
ba_512_1_2.txt,barabasi_albert_10ins_m20,42,SpecAnn-cold,0.5324139056496683,1.0,-123312.0,0.0126810073852539,0,True,51,33,False,36,32,2025-11-16 06:08:03
ba_512_1_2.txt,barabasi_albert_10ins_m20,42,SpecAnn-cold,0.5397578926492556,1.0,-124310.0,0.0127210617065429,0,True,51,33,False,37,32,2025-11-16 06:08:03
ba_512_1_2.txt,barabasi_albert_10ins_m20,42,SpecAnn-cold,0.5470032892270364,1.0,-123340.0,0.0127966403961181,0,True,51,33,False,38,32,2025-11-16 06:08:03
ba_512_1_2.txt,barabasi_albert_10ins_m20,42,SpecAnn-cold,0.554153962516942,1.0,-126712.0,0.0126304626464843,0,True,51,33,False,39,32,2025-11-16 06:08:03
ba_512_1_2.txt,barabasi_albert_10ins_m20,42,SpecAnn-cold,0.5612135332663137,1.0,-130580.0,0.0126333236694335,0,True,51,33,False,40,32,2025-11-16 06:08:03
ba_512_1_2.txt,barabasi_albert_10ins_m20,42,SpecAnn-cold,0.5681853972686127,1.0,-129164.0,0.0127794742584228,0,True,51,33,False,41,32,2025-11-16 06:08:03
ba_512_1_2.txt,barabasi_albert_10ins_m20,42,SpecAnn-cold,0.5750727444570146,1.0,-129164.0,0.0247395038604736,0,True,51,65,False,42,32,2025-11-16 06:08:03
ba_512_1_2.txt,barabasi_albert_10ins_m20,42,SpecAnn-cold,0.5818785759635375,1.0,-129164.0,0.0244698524475097,0,True,51,65,False,43,32,2025-11-16 06:08:03
ba_512_1_2.txt,barabasi_albert_10ins_m20,42,SpecAnn-cold,0.5886057194025436,1.0,-129164.0,0.0243444442749023,0,True,51,65,False,44,32,2025-11-16 06:08:03
ba_512_1_2.txt,barabasi_albert_10ins_m20,42,SpecAnn-cold,0.5952568425994088,1.0,-125164.0,0.0243322849273681,0,True,51,65,False,45,32,2025-11-16 06:08:03
ba_512_1_2.txt,barabasi_albert_10ins_m20,42,SpecAnn-cold,0.6018344659534288,1.0,-124060.00000000004,0.0242581367492675,0,True,51,65,False,46,32,2025-11-16 06:08:03
ba_512_1_2.txt,barabasi_albert_10ins_m20,42,SpecAnn-cold,0.6083409735974393,1.0,-133432.00000000003,0.0241966247558593,0,True,51,65,False,47,32,2025-11-16 06:08:03
ba_512_1_2.txt,barabasi_albert_10ins_m20,42,SpecAnn-cold,0.6147786234942719,1.0,-129242.0,0.0242221355438232,0,True,51,65,False,48,32,2025-11-16 06:08:03
ba_512_1_2.txt,barabasi_albert_10ins_m20,42,SpecAnn-cold,0.6211495565912796,1.0,-128344.0,0.0243277549743652,0,True,51,65,False,49,32,2025-11-16 06:08:03
ba_512_1_2.txt,barabasi_albert_10ins_m20,42,SpecAnn-cold,0.6274558051381586,1.0,-130578.0,0.0242464542388916,0,True,51,65,False,50,32,2025-11-16 06:08:03
ba_512_1_2.txt,barabasi_albert_10ins_m20,42,SpecAnn-cold,0.6336993002596786,1.0,-128032.0,0.0247318744659423,0,True,51,65,False,51,32,2025-11-16 06:08:03
ba_512_1_2.txt,barabasi_albert_10ins_m20,42,SpecAnn-cold,0.6398818788633085,1.0,-128342.0,0.0246968269348144,0,True,51,65,False,52,32,2025-11-16 06:08:03
ba_512_1_2.txt,barabasi_albert_10ins_m20,42,SpecAnn-cold,0.6460052899517691,1.0,-128020.0,0.0247035026550292,0,True,51,65,False,53,32,2025-11-16 06:08:03
ba_512_1_2.txt,barabasi_albert_10ins_m20,42,SpecAnn-cold,0.6520712004019966,1.0,-128020.0,0.024648904800415,0,True,51,65,False,54,32,2025-11-16 06:08:03
ba_512_1_2.txt,barabasi_albert_10ins_m20,42,SpecAnn-cold,0.6580812002646271,1.0,-133325.99999999997,0.024794578552246,0,True,51,65,False,55,32,2025-11-16 06:08:03
ba_512_1_2.txt,barabasi_albert_10ins_m20,42,SpecAnn-cold,0.6640368076317485,1.0,-132256.0,0.0243861675262451,0,True,51,65,False,56,32,2025-11-16 06:08:03
ba_512_1_2.txt,barabasi_albert_10ins_m20,42,SpecAnn-cold,0.6699394731151429,1.0,-133094.0,0.0243628025054931,0,True,51,65,False,57,32,2025-11-16 06:08:03
ba_512_1_2.txt,barabasi_albert_10ins_m20,42,SpecAnn-cold,0.6757905839724513,1.0,-132346.0,0.0245132446289062,0,True,51,65,False,58,32,2025-11-16 06:08:03
ba_512_1_2.txt,barabasi_albert_10ins_m20,42,SpecAnn-cold,0.6815914679145113,1.0,-135452.0,0.0242276191711425,0,True,51,65,False,59,32,2025-11-16 06:08:03
ba_512_1_2.txt,barabasi_albert_10ins_m20,42,SpecAnn-cold,0.6873433966234707,1.0,-133344.0,0.0244171619415283,0,True,51,65,False,60,32,2025-11-16 06:08:03
ba_512_1_2.txt,barabasi_albert_10ins_m20,42,SpecAnn-cold,0.6930475890080863,1.0,-132778.0,0.024228811264038,0,True,51,65,False,61,32,2025-11-16 06:08:03
ba_512_1_2.txt,barabasi_albert_10ins_m20,42,SpecAnn-cold,0.6987052142198116,1.0,-134272.0,0.0243356227874755,0,True,51,65,False,62,32,2025-11-16 06:08:03
ba_512_1_2.txt,barabasi_albert_10ins_m20,42,SpecAnn-cold,0.7043173944508145,1.0,-134170.00000000003,0.0243499279022216,0,True,51,65,False,63,32,2025-11-16 06:08:03
ba_512_1_2.txt,barabasi_albert_10ins_m20,42,SpecAnn-cold,0.709885207532891,1.0,-132874.0,0.0243353843688964,0,True,51,65,False,64,32,2025-11-16 06:08:03
ba_512_1_2.txt,barabasi_albert_10ins_m20,42,SpecAnn-cold,0.7154096893543218,1.0,-134588.0,0.0242655277252197,0,True,51,65,False,65,32,2025-11-16 06:08:03
ba_512_1_2.txt,barabasi_albert_10ins_m20,42,SpecAnn-cold,0.7208918361100219,1.0,-132998.0,0.0243558883666992,0,True,51,65,False,66,32,2025-11-16 06:08:03
ba_512_1_2.txt,barabasi_albert_10ins_m20,42,SpecAnn-cold,0.7263326063988248,1.0,-133986.0,0.0242931842803955,0,True,51,65,False,67,32,2025-11-16 06:08:03
ba_512_1_2.txt,barabasi_albert_10ins_m20,42,SpecAnn-cold,0.7317329231804058,1.0,-134448.0,0.0244026184082031,0,True,51,65,False,68,32,2025-11-16 06:08:04
ba_512_1_2.txt,barabasi_albert_10ins_m20,42,SpecAnn-cold,0.7370936756031579,1.0,-134248.0,0.0241000652313232,0,True,51,65,False,69,32,2025-11-16 06:08:04
ba_512_1_2.txt,barabasi_albert_10ins_m20,42,SpecAnn-cold,0.7424157207132704,1.0,-135142.0,0.0244355201721191,0,True,51,65,False,70,32,2025-11-16 06:08:04
ba_512_1_2.txt,barabasi_albert_10ins_m20,42,SpecAnn-cold,0.7476998850543153,1.0,-134788.00000000003,0.0242450237274169,0,True,51,65,False,71,32,2025-11-16 06:08:04
ba_512_1_2.txt,barabasi_albert_10ins_m20,42,SpecAnn-cold,0.7529469661657903,1.0,-134516.0,0.0244288444519042,0,True,51,65,False,72,32,2025-11-16 06:08:04
ba_512_1_2.txt,barabasi_albert_10ins_m20,42,SpecAnn-cold,0.7581577339883167,1.0,-134582.0,0.0241932868957519,0,True,51,65,False,73,32,2025-11-16 06:08:04
ba_512_1_2.txt,barabasi_albert_10ins_m20,42,SpecAnn-cold,0.7633329321824984,1.0,-135402.0,0.0243380069732666,0,True,51,65,False,74,32,2025-11-16 06:08:04
ba_512_1_2.txt,barabasi_albert_10ins_m20,42,SpecAnn-cold,0.7684732793678399,1.0,-135530.0,0.0242302417755126,0,True,51,65,False,75,32,2025-11-16 06:08:04
ba_512_1_2.txt,barabasi_albert_10ins_m20,42,SpecAnn-cold,0.7735794702875677,1.0,-135380.0,0.0244226455688476,0,True,51,65,False,76,32,2025-11-16 06:08:04
ba_512_1_2.txt,barabasi_albert_10ins_m20,42,SpecAnn-cold,0.7786521769046981,1.0,-134952.00000000003,0.0241563320159912,0,True,51,65,False,77,32,2025-11-16 06:08:04
ba_512_1_2.txt,barabasi_albert_10ins_m20,42,SpecAnn-cold,0.7836920494342511,1.0,-134952.00000000003,0.0242185592651367,0,True,51,65,False,78,32,2025-11-16 06:08:04
ba_512_1_2.txt,barabasi_albert_10ins_m20,42,SpecAnn-cold,0.788699717316095,1.0,-134952.00000000003,0.0241732597351074,0,True,51,65,False,79,32,2025-11-16 06:08:04
ba_512_1_2.txt,barabasi_albert_10ins_m20,42,SpecAnn-cold,0.7936757901325451,1.0,-135298.00000000003,0.0242190361022949,0,True,51,65,False,80,32,2025-11-16 06:08:04
ba_512_1_2.txt,barabasi_albert_10ins_m20,42,SpecAnn-cold,0.7986208584745024,1.0,-134695.99999999997,0.0242118835449218,0,True,51,65,False,81,32,2025-11-16 06:08:04
ba_512_1_2.txt,barabasi_albert_10ins_m20,42,SpecAnn-cold,0.803535494759617,1.0,-134522.0,0.0242102146148681,0,True,51,65,False,82,32,2025-11-16 06:08:04
ba_512_1_2.txt,barabasi_albert_10ins_m20,42,SpecAnn-cold,0.8084202540056837,1.0,-134705.99999999997,0.0242514610290527,0,True,51,65,False,83,32,2025-11-16 06:08:04
ba_512_1_2.txt,barabasi_albert_10ins_m20,42,SpecAnn-cold,0.8132756745622272,1.0,-134606.0,0.0242986679077148,0,True,51,65,False,84,32,2025-11-16 06:08:04
ba_512_1_2.txt,barabasi_albert_10ins_m20,42,SpecAnn-cold,0.8181022788030096,1.0,-134866.00000000003,0.0358507633209228,0,True,51,97,False,85,32,2025-11-16 06:08:04
ba_512_1_2.txt,barabasi_albert_10ins_m20,42,SpecAnn-cold,0.822900573781978,1.0,-134906.00000000003,0.0243511199951171,0,True,51,65,False,86,32,2025-11-16 06:08:04
ba_512_1_2.txt,barabasi_albert_10ins_m20,42,SpecAnn-cold,0.8276710518549868,1.0,-133885.99999999997,0.0243406295776367,0,True,51,65,False,87,32,2025-11-16 06:08:04
ba_512_1_2.txt,barabasi_albert_10ins_m20,42,SpecAnn-cold,0.8324141912694495,1.0,-134248.0,0.0243172645568847,0,True,51,65,False,88,32,2025-11-16 06:08:04
ba_512_1_2.txt,barabasi_albert_10ins_m20,42,SpecAnn-cold,0.8371304567239225,1.0,-132748.0,0.024289846420288,0,True,51,65,False,89,32,2025-11-16 06:08:04
ba_512_1_2.txt,barabasi_albert_10ins_m20,42,SpecAnn-cold,0.8418202998994706,1.0,-134032.0,0.0244038105010986,0,True,51,65,False,90,32,2025-11-16 06:08:04
ba_512_1_2.txt,barabasi_albert_10ins_m20,42,SpecAnn-cold,0.846484159964536,1.0,-133779.99999999997,0.0248177051544189,0,True,51,65,False,91,32,2025-11-16 06:08:04
ba_512_1_2.txt,barabasi_albert_10ins_m20,42,SpecAnn-cold,0.8511224640549078,1.0,-132698.00000000003,0.0247321128845214,0,True,51,65,False,92,32,2025-11-16 06:08:04
ba_512_1_2.txt,barabasi_albert_10ins_m20,42,SpecAnn-cold,0.8557356277302758,1.0,-132520.0,0.024585485458374,0,True,51,65,False,93,32,2025-11-16 06:08:04
ba_512_1_2.txt,barabasi_albert_10ins_m20,42,SpecAnn-cold,0.8603240554087516,1.0,-134064.00000000003,0.024665355682373,0,True,51,65,False,94,32,2025-11-16 06:08:04
ba_512_1_2.txt,barabasi_albert_10ins_m20,42,SpecAnn-cold,0.86488814078064,1.0,-134386.0,0.0246393680572509,0,True,51,65,False,95,32,2025-11-16 06:08:04
ba_512_1_2.txt,barabasi_albert_10ins_m20,42,SpecAnn-cold,0.8694282672026621,1.0,-133990.0,0.0246956348419189,0,True,51,65,False,96,32,2025-11-16 06:08:04
ba_512_1_2.txt,barabasi_albert_10ins_m20,42,SpecAnn-cold,0.8739448080737451,1.0,-134440.0,0.0243318080902099,0,True,51,65,False,97,32,2025-11-16 06:08:04
ba_512_1_2.txt,barabasi_albert_10ins_m20,42,SpecAnn-cold,0.878438127193422,1.0,-134440.0,0.0241773128509521,0,True,51,65,False,98,32,2025-11-16 06:08:04
ba_512_1_2.txt,barabasi_albert_10ins_m20,42,SpecAnn-cold,0.8829085791038153,1.0,-134687.99999999997,0.0241551399230957,0,True,51,65,False,99,32,2025-11-16 06:08:04
ba_512_1_2.txt,barabasi_albert_10ins_m20,42,SpecAnn-cold,0.8873565094161138,1.0,-134687.99999999997,0.0242002010345459,0,True,51,65,False,100,32,2025-11-16 06:08:04
ba_512_1_2.txt,barabasi_albert_10ins_m20,42,SpecAnn-cold,0.8917822551223932,1.0,-134687.99999999997,0.0241570472717285,0,True,51,65,False,101,32,2025-11-16 06:08:04
ba_512_1_2.txt,barabasi_albert_10ins_m20,42,SpecAnn-cold,0.8961861448935777,1.0,-134828.0,0.0243101119995117,0,True,51,65,False,102,32,2025-11-16 06:08:04
ba_512_1_2.txt,barabasi_albert_10ins_m20,42,SpecAnn-cold,0.9005684993642872,1.0,-133992.0,0.0243127346038818,0,True,51,65,False,103,32,2025-11-16 06:08:04
ba_512_1_2.txt,barabasi_albert_10ins_m20,42,SpecAnn-cold,0.9049296314052688,1.0,-135112.0,0.024470567703247,0,True,51,65,False,104,32,2025-11-16 06:08:04
ba_512_1_2.txt,barabasi_albert_10ins_m20,42,SpecAnn-cold,0.9092698463840684,1.0,-135298.0,0.0245826244354248,0,True,51,65,False,105,32,2025-11-16 06:08:04
ba_512_1_2.txt,barabasi_albert_10ins_m20,42,SpecAnn-cold,0.9135894424145556,1.0,-135172.0,0.0244228839874267,0,True,51,65,False,106,32,2025-11-16 06:08:04
ba_512_1_2.txt,barabasi_albert_10ins_m20,42,SpecAnn-cold,0.9178887105958816,1.0,-134962.0,0.0244948863983154,0,True,51,65,False,107,32,2025-11-16 06:08:04
ba_512_1_2.txt,barabasi_albert_10ins_m20,42,SpecAnn-cold,0.922167935241408,1.0,-134962.0,0.0244364738464355,0,True,51,65,False,108,32,2025-11-16 06:08:04
ba_512_1_2.txt,barabasi_albert_10ins_m20,42,SpecAnn-cold,0.92642739409812,1.0,-133370.0,0.0244688987731933,0,True,51,65,False,109,32,2025-11-16 06:08:05
ba_512_1_2.txt,barabasi_albert_10ins_m20,42,SpecAnn-cold,0.9306673585570006,1.0,-133958.00000000003,0.0245685577392578,0,True,51,65,False,110,32,2025-11-16 06:08:05
ba_512_1_2.txt,barabasi_albert_10ins_m20,42,SpecAnn-cold,0.9348880938548184,1.0,-133958.00000000003,0.0245251655578613,0,True,51,65,False,111,32,2025-11-16 06:08:05
ba_512_1_2.txt,barabasi_albert_10ins_m20,42,SpecAnn-cold,0.9390898592677528,1.0,-133958.00000000003,0.0244350433349609,0,True,51,65,False,112,32,2025-11-16 06:08:05
ba_512_1_2.txt,barabasi_albert_10ins_m20,42,SpecAnn-cold,0.9432729082972536,1.0,-135058.0,0.024705171585083,0,True,51,65,False,113,32,2025-11-16 06:08:05
ba_512_1_2.txt,barabasi_albert_10ins_m20,42,SpecAnn-cold,0.9474374888485204,1.0,-135058.0,0.0243880748748779,0,True,51,65,False,114,32,2025-11-16 06:08:05
ba_512_1_2.txt,barabasi_albert_10ins_m20,42,SpecAnn-cold,0.9515838434019476,1.0,-135391.99999999997,0.0245332717895507,0,True,51,65,False,115,32,2025-11-16 06:08:05
ba_512_1_2.txt,barabasi_albert_10ins_m20,42,SpecAnn-cold,0.9557122091778746,1.0,-135391.99999999997,0.0247642993927001,0,True,51,65,False,116,32,2025-11-16 06:08:05
ba_512_1_2.txt,barabasi_albert_10ins_m20,42,SpecAnn-cold,0.9598228182949629,1.0,-134898.0,0.024625539779663,0,True,51,65,False,117,32,2025-11-16 06:08:05
ba_512_1_2.txt,barabasi_albert_10ins_m20,42,SpecAnn-cold,0.963915897922488,1.0,-135240.0,0.0243058204650878,0,True,51,65,False,118,32,2025-11-16 06:08:05
ba_512_1_2.txt,barabasi_albert_10ins_m20,42,SpecAnn-cold,0.967991670426842,1.0,-135048.0,0.0243473052978515,0,True,51,65,False,119,32,2025-11-16 06:08:05
ba_512_1_2.txt,barabasi_albert_10ins_m20,42,SpecAnn-cold,0.9720503535125016,1.0,-135048.0,0.0242574214935302,0,True,51,65,False,120,32,2025-11-16 06:08:05
ba_512_1_2.txt,barabasi_albert_10ins_m20,42,SpecAnn-cold,0.9760921603577252,1.0,-135080.0,0.024357795715332,0,True,51,65,False,121,32,2025-11-16 06:08:05
ba_512_1_2.txt,barabasi_albert_10ins_m20,42,SpecAnn-cold,0.9801172997452104,1.0,-134682.0,0.0243928432464599,0,True,51,65,False,122,32,2025-11-16 06:08:05
ba_512_1_2.txt,barabasi_albert_10ins_m20,42,SpecAnn-cold,0.9841259761879442,1.0,-135076.0,0.024559736251831,0,True,51,65,False,123,32,2025-11-16 06:08:05
ba_512_1_2.txt,barabasi_albert_10ins_m20,42,SpecAnn-cold,0.9881183900504562,1.0,-135076.0,0.0248525142669677,0,True,51,65,False,124,32,2025-11-16 06:08:05
ba_512_1_2.txt,barabasi_albert_10ins_m20,42,SpecAnn-cold,0.9920947376656812,1.0,-135076.0,0.0362861156463623,0,True,51,97,False,125,32,2025-11-16 06:08:05
ba_512_1_2.txt,barabasi_albert_10ins_m20,42,SpecAnn-cold,0.9960552114476228,1.0,-135076.0,0.0243453979492187,0,True,51,65,False,126,32,2025-11-16 06:08:05
ba_512_1_2.txt,barabasi_albert_10ins_m20,42,SpecAnn-cold,1.0,1.0,-134709.99999999997,0.0244719982147216,0,True,51,65,False,127,32,2025-11-16 06:08:05
ba_512_1_2.txt,barabasi_albert_10ins_m20,43,SpecAnn-cold,0.0,1.0,-128756.0,0.0135869979858398,0,True,75,33,False,0,32,2025-11-16 06:08:05
ba_512_1_2.txt,barabasi_albert_10ins_m20,43,SpecAnn-cold,0.0887356509416113,1.0,-131606.0,0.0130095481872558,0,True,75,33,False,1,32,2025-11-16 06:08:05
ba_512_1_2.txt,barabasi_albert_10ins_m20,43,SpecAnn-cold,0.1254911610276317,1.0,-128796.0,0.0129396915435791,0,True,75,33,False,2,32,2025-11-16 06:08:05
ba_512_1_2.txt,barabasi_albert_10ins_m20,43,SpecAnn-cold,0.1536946558735679,1.0,-128074.0,0.0129942893981933,0,True,75,33,False,3,32,2025-11-16 06:08:05
ba_512_1_2.txt,barabasi_albert_10ins_m20,43,SpecAnn-cold,0.1774713018832227,1.0,-129262.0,0.0129814147949218,0,True,75,33,False,4,32,2025-11-16 06:08:05
ba_512_1_2.txt,barabasi_albert_10ins_m20,43,SpecAnn-cold,0.1984189475331362,1.0,-124680.0,0.0129008293151855,0,True,75,33,False,5,32,2025-11-16 06:08:05
ba_512_1_2.txt,barabasi_albert_10ins_m20,43,SpecAnn-cold,0.2173570668006655,1.0,-127030.0,0.0126199722290039,0,True,75,33,False,6,32,2025-11-16 06:08:05
ba_512_1_2.txt,barabasi_albert_10ins_m20,43,SpecAnn-cold,0.2347724648169381,1.0,-122910.0,0.0128750801086425,0,True,75,33,False,7,32,2025-11-16 06:08:05
ba_512_1_2.txt,barabasi_albert_10ins_m20,43,SpecAnn-cold,0.2509823220552634,1.0,-126506.00000000004,0.0128719806671142,0,True,75,33,False,8,32,2025-11-16 06:08:05
ba_512_1_2.txt,barabasi_albert_10ins_m20,43,SpecAnn-cold,0.2662069528248341,1.0,-126506.00000000004,0.0128364562988281,0,True,75,33,False,9,32,2025-11-16 06:08:05
ba_512_1_2.txt,barabasi_albert_10ins_m20,43,SpecAnn-cold,0.2806067666331568,1.0,-128346.0,0.0126471519470214,0,True,75,33,False,10,32,2025-11-16 06:08:05
ba_512_1_2.txt,barabasi_albert_10ins_m20,43,SpecAnn-cold,0.2943028597012718,1.0,-124842.0,0.0127270221710205,0,True,75,33,False,11,32,2025-11-16 06:08:05
ba_512_1_2.txt,barabasi_albert_10ins_m20,43,SpecAnn-cold,0.3073893117471359,1.0,-124842.0,0.0127453804016113,0,True,75,33,False,12,32,2025-11-16 06:08:05
ba_512_1_2.txt,barabasi_albert_10ins_m20,43,SpecAnn-cold,0.3199409394316542,1.0,-124842.0,0.0127770900726318,0,True,75,33,False,13,32,2025-11-16 06:08:05
ba_512_1_2.txt,barabasi_albert_10ins_m20,43,SpecAnn-cold,0.3320184038158743,1.0,-124842.0,0.0126757621765136,0,True,75,33,False,14,32,2025-11-16 06:08:05
ba_512_1_2.txt,barabasi_albert_10ins_m20,43,SpecAnn-cold,0.3436716983117353,1.0,-126250.0,0.0128219127655029,0,True,75,33,False,15,32,2025-11-16 06:08:05
ba_512_1_2.txt,barabasi_albert_10ins_m20,43,SpecAnn-cold,0.3549426037664455,1.0,-127892.0,0.0127410888671875,0,True,75,33,False,16,32,2025-11-16 06:08:05
ba_512_1_2.txt,barabasi_albert_10ins_m20,43,SpecAnn-cold,0.3658664615902029,1.0,-125574.0,0.0127737522125244,0,True,75,33,False,17,32,2025-11-16 06:08:05
ba_512_1_2.txt,barabasi_albert_10ins_m20,43,SpecAnn-cold,0.3764734830828951,1.0,-125574.0,0.0126795768737792,0,True,75,33,False,18,32,2025-11-16 06:08:05
ba_512_1_2.txt,barabasi_albert_10ins_m20,43,SpecAnn-cold,0.3867897351437838,1.0,-127666.0,0.0127506256103515,0,True,75,33,False,19,32,2025-11-16 06:08:05
ba_512_1_2.txt,barabasi_albert_10ins_m20,43,SpecAnn-cold,0.3968378950662725,1.0,-126870.0,0.0127429962158203,0,True,75,33,False,20,32,2025-11-16 06:08:05
ba_512_1_2.txt,barabasi_albert_10ins_m20,43,SpecAnn-cold,0.4066378372811136,1.0,-126405.99999999996,0.0127632617950439,0,True,75,33,False,21,32,2025-11-16 06:08:05
ba_512_1_2.txt,barabasi_albert_10ins_m20,43,SpecAnn-cold,0.4162070956347247,1.0,-125918.0,0.0127580165863037,0,True,75,33,False,22,32,2025-11-16 06:08:05
ba_512_1_2.txt,barabasi_albert_10ins_m20,43,SpecAnn-cold,0.4255612320274539,1.0,-126812.0,0.0126368999481201,0,True,75,33,False,23,32,2025-11-16 06:08:05
ba_512_1_2.txt,barabasi_albert_10ins_m20,43,SpecAnn-cold,0.434714133601331,1.0,-128962.00000000004,0.0127289295196533,0,True,75,33,False,24,32,2025-11-16 06:08:05
ba_512_1_2.txt,barabasi_albert_10ins_m20,43,SpecAnn-cold,0.4436782547080569,1.0,-126764.0,0.0127308368682861,0,True,75,33,False,25,32,2025-11-16 06:08:05
ba_512_1_2.txt,barabasi_albert_10ins_m20,43,SpecAnn-cold,0.4524648157026343,1.0,-124890.0,0.0126605033874511,0,True,75,33,False,26,32,2025-11-16 06:08:05
ba_512_1_2.txt,barabasi_albert_10ins_m20,43,SpecAnn-cold,0.4610839676207039,1.0,-128640.0,0.0126571655273437,0,True,75,33,False,27,32,2025-11-16 06:08:05
ba_512_1_2.txt,barabasi_albert_10ins_m20,43,SpecAnn-cold,0.4695449296338763,1.0,-125356.0,0.012693166732788,0,True,75,33,False,28,32,2025-11-16 06:08:06
ba_512_1_2.txt,barabasi_albert_10ins_m20,43,SpecAnn-cold,0.4778561045889373,1.0,-128246.0,0.0127625465393066,0,True,75,33,False,29,32,2025-11-16 06:08:06
ba_512_1_2.txt,barabasi_albert_10ins_m20,43,SpecAnn-cold,0.4860251767562508,1.0,-125356.0,0.0126173496246337,0,True,75,33,False,30,32,2025-11-16 06:08:06
ba_512_1_2.txt,barabasi_albert_10ins_m20,43,SpecAnn-cold,0.4940591950252281,1.0,-130942.0,0.01267671585083,0,True,75,33,False,31,32,2025-11-16 06:08:06
ba_512_1_2.txt,barabasi_albert_10ins_m20,43,SpecAnn-cold,0.5019646441105269,1.0,-128766.0,0.012805700302124,0,True,75,33,False,32,32,2025-11-16 06:08:06
ba_512_1_2.txt,barabasi_albert_10ins_m20,43,SpecAnn-cold,0.5097475058154177,1.0,-126456.0,0.0126955509185791,0,True,75,33,False,33,32,2025-11-16 06:08:06
ba_512_1_2.txt,barabasi_albert_10ins_m20,43,SpecAnn-cold,0.51741331199832,1.0,-126956.0,0.024322509765625,0,True,75,65,False,34,32,2025-11-16 06:08:06
ba_512_1_2.txt,barabasi_albert_10ins_m20,43,SpecAnn-cold,0.5249671905758515,1.0,-127298.0,0.012660264968872,0,True,75,33,False,35,32,2025-11-16 06:08:06
ba_512_1_2.txt,barabasi_albert_10ins_m20,43,SpecAnn-cold,0.5324139056496683,1.0,-126198.0,0.0127949714660644,0,True,75,33,False,36,32,2025-11-16 06:08:06
ba_512_1_2.txt,barabasi_albert_10ins_m20,43,SpecAnn-cold,0.5397578926492556,1.0,-133592.00000000003,0.0126368999481201,0,True,75,33,False,37,32,2025-11-16 06:08:06
ba_512_1_2.txt,barabasi_albert_10ins_m20,43,SpecAnn-cold,0.5470032892270364,1.0,-122608.0,0.012711763381958,0,True,75,33,False,38,32,2025-11-16 06:08:06
ba_512_1_2.txt,barabasi_albert_10ins_m20,43,SpecAnn-cold,0.554153962516942,1.0,-124316.0,0.0243816375732421,0,True,75,65,False,39,32,2025-11-16 06:08:06
ba_512_1_2.txt,barabasi_albert_10ins_m20,43,SpecAnn-cold,0.5612135332663137,1.0,-129370.0,0.0126698017120361,0,True,75,33,False,40,32,2025-11-16 06:08:06
ba_512_1_2.txt,barabasi_albert_10ins_m20,43,SpecAnn-cold,0.5681853972686127,1.0,-129016.0,0.0243370532989501,0,True,75,65,False,41,32,2025-11-16 06:08:06
ba_512_1_2.txt,barabasi_albert_10ins_m20,43,SpecAnn-cold,0.5750727444570146,1.0,-129016.0,0.0243294239044189,0,True,75,65,False,42,32,2025-11-16 06:08:06
ba_512_1_2.txt,barabasi_albert_10ins_m20,43,SpecAnn-cold,0.5818785759635375,1.0,-128890.0,0.0243470668792724,0,True,75,65,False,43,32,2025-11-16 06:08:06
ba_512_1_2.txt,barabasi_albert_10ins_m20,43,SpecAnn-cold,0.5886057194025436,1.0,-129016.0,0.0242526531219482,0,True,75,65,False,44,32,2025-11-16 06:08:06
ba_512_1_2.txt,barabasi_albert_10ins_m20,43,SpecAnn-cold,0.5952568425994088,1.0,-129433.99999999996,0.0242843627929687,0,True,75,65,False,45,32,2025-11-16 06:08:06
ba_512_1_2.txt,barabasi_albert_10ins_m20,43,SpecAnn-cold,0.6018344659534288,1.0,-129642.0,0.0243220329284667,0,True,75,65,False,46,32,2025-11-16 06:08:06
ba_512_1_2.txt,barabasi_albert_10ins_m20,43,SpecAnn-cold,0.6083409735974393,1.0,-132542.00000000003,0.0241658687591552,0,True,75,65,False,47,32,2025-11-16 06:08:06
ba_512_1_2.txt,barabasi_albert_10ins_m20,43,SpecAnn-cold,0.6147786234942719,1.0,-131606.0,0.0242238044738769,0,True,75,65,False,48,32,2025-11-16 06:08:06
ba_512_1_2.txt,barabasi_albert_10ins_m20,43,SpecAnn-cold,0.6211495565912796,1.0,-131636.0,0.0242824554443359,0,True,75,65,False,49,32,2025-11-16 06:08:06
ba_512_1_2.txt,barabasi_albert_10ins_m20,43,SpecAnn-cold,0.6274558051381586,1.0,-127734.0,0.0242402553558349,0,True,75,65,False,50,32,2025-11-16 06:08:06
ba_512_1_2.txt,barabasi_albert_10ins_m20,43,SpecAnn-cold,0.6336993002596786,1.0,-126448.0,0.0243127346038818,0,True,75,65,False,51,32,2025-11-16 06:08:06
ba_512_1_2.txt,barabasi_albert_10ins_m20,43,SpecAnn-cold,0.6398818788633085,1.0,-131894.00000000003,0.0242829322814941,0,True,75,65,False,52,32,2025-11-16 06:08:06
ba_512_1_2.txt,barabasi_albert_10ins_m20,43,SpecAnn-cold,0.6460052899517691,1.0,-132709.99999999997,0.024226427078247,0,True,75,65,False,53,32,2025-11-16 06:08:06
ba_512_1_2.txt,barabasi_albert_10ins_m20,43,SpecAnn-cold,0.6520712004019966,1.0,-132709.99999999997,0.024289846420288,0,True,75,65,False,54,32,2025-11-16 06:08:06
ba_512_1_2.txt,barabasi_albert_10ins_m20,43,SpecAnn-cold,0.6580812002646271,1.0,-132253.99999999997,0.0242748260498046,0,True,75,65,False,55,32,2025-11-16 06:08:06
ba_512_1_2.txt,barabasi_albert_10ins_m20,43,SpecAnn-cold,0.6640368076317485,1.0,-128474.0,0.0244431495666503,0,True,75,65,False,56,32,2025-11-16 06:08:06
ba_512_1_2.txt,barabasi_albert_10ins_m20,43,SpecAnn-cold,0.6699394731151429,1.0,-133935.99999999997,0.0247969627380371,0,True,75,65,False,57,32,2025-11-16 06:08:06
ba_512_1_2.txt,barabasi_albert_10ins_m20,43,SpecAnn-cold,0.6757905839724513,1.0,-133368.0,0.024665355682373,0,True,75,65,False,58,32,2025-11-16 06:08:06
ba_512_1_2.txt,barabasi_albert_10ins_m20,43,SpecAnn-cold,0.6815914679145113,1.0,-132476.0,0.0242919921875,0,True,75,65,False,59,32,2025-11-16 06:08:06
ba_512_1_2.txt,barabasi_albert_10ins_m20,43,SpecAnn-cold,0.6873433966234707,1.0,-132156.0,0.0247027873992919,0,True,75,65,False,60,32,2025-11-16 06:08:06
ba_512_1_2.txt,barabasi_albert_10ins_m20,43,SpecAnn-cold,0.6930475890080863,1.0,-134198.0,0.0243806838989257,0,True,75,65,False,61,32,2025-11-16 06:08:06
ba_512_1_2.txt,barabasi_albert_10ins_m20,43,SpecAnn-cold,0.6987052142198116,1.0,-133280.0,0.0247507095336914,0,True,75,65,False,62,32,2025-11-16 06:08:06
ba_512_1_2.txt,barabasi_albert_10ins_m20,43,SpecAnn-cold,0.7043173944508145,1.0,-132984.0,0.0245404243469238,0,True,75,65,False,63,32,2025-11-16 06:08:06
ba_512_1_2.txt,barabasi_albert_10ins_m20,43,SpecAnn-cold,0.709885207532891,1.0,-133678.0,0.0244405269622802,0,True,75,65,False,64,32,2025-11-16 06:08:06
ba_512_1_2.txt,barabasi_albert_10ins_m20,43,SpecAnn-cold,0.7154096893543218,1.0,-135033.99999999997,0.0242865085601806,0,True,75,65,False,65,32,2025-11-16 06:08:06
ba_512_1_2.txt,barabasi_albert_10ins_m20,43,SpecAnn-cold,0.7208918361100219,1.0,-132604.0,0.0243349075317382,0,True,75,65,False,66,32,2025-11-16 06:08:06
ba_512_1_2.txt,barabasi_albert_10ins_m20,43,SpecAnn-cold,0.7263326063988248,1.0,-134806.0,0.0241236686706542,0,True,75,65,False,67,32,2025-11-16 06:08:06
ba_512_1_2.txt,barabasi_albert_10ins_m20,43,SpecAnn-cold,0.7317329231804058,1.0,-132815.99999999997,0.0242960453033447,0,True,75,65,False,68,32,2025-11-16 06:08:06
ba_512_1_2.txt,barabasi_albert_10ins_m20,43,SpecAnn-cold,0.7370936756031579,1.0,-134760.0,0.0242257118225097,0,True,75,65,False,69,32,2025-11-16 06:08:06
ba_512_1_2.txt,barabasi_albert_10ins_m20,43,SpecAnn-cold,0.7424157207132704,1.0,-133122.0,0.0241992473602294,0,True,75,65,False,70,32,2025-11-16 06:08:06
ba_512_1_2.txt,barabasi_albert_10ins_m20,43,SpecAnn-cold,0.7476998850543153,1.0,-135082.0,0.0242819786071777,0,True,75,65,False,71,32,2025-11-16 06:08:06
ba_512_1_2.txt,barabasi_albert_10ins_m20,43,SpecAnn-cold,0.7529469661657903,1.0,-134040.0,0.0243570804595947,0,True,75,65,False,72,32,2025-11-16 06:08:06
ba_512_1_2.txt,barabasi_albert_10ins_m20,43,SpecAnn-cold,0.7581577339883167,1.0,-134449.99999999997,0.0360364913940429,0,True,75,97,False,73,32,2025-11-16 06:08:07
ba_512_1_2.txt,barabasi_albert_10ins_m20,43,SpecAnn-cold,0.7633329321824984,1.0,-135368.0,0.0243515968322753,0,True,75,65,False,74,32,2025-11-16 06:08:07
ba_512_1_2.txt,barabasi_albert_10ins_m20,43,SpecAnn-cold,0.7684732793678399,1.0,-135208.0,0.0242302417755126,0,True,75,65,False,75,32,2025-11-16 06:08:07
ba_512_1_2.txt,barabasi_albert_10ins_m20,43,SpecAnn-cold,0.7735794702875677,1.0,-133680.0,0.0243983268737792,0,True,75,65,False,76,32,2025-11-16 06:08:07
ba_512_1_2.txt,barabasi_albert_10ins_m20,43,SpecAnn-cold,0.7786521769046981,1.0,-134762.0,0.0242664813995361,0,True,75,65,False,77,32,2025-11-16 06:08:07
ba_512_1_2.txt,barabasi_albert_10ins_m20,43,SpecAnn-cold,0.7836920494342511,1.0,-134834.0,0.024263858795166,0,True,75,65,False,78,32,2025-11-16 06:08:07
ba_512_1_2.txt,barabasi_albert_10ins_m20,43,SpecAnn-cold,0.788699717316095,1.0,-134620.0,0.0242469310760498,0,True,75,65,False,79,32,2025-11-16 06:08:07
ba_512_1_2.txt,barabasi_albert_10ins_m20,43,SpecAnn-cold,0.7936757901325451,1.0,-135306.0,0.0242486000061035,0,True,75,65,False,80,32,2025-11-16 06:08:07
ba_512_1_2.txt,barabasi_albert_10ins_m20,43,SpecAnn-cold,0.7986208584745024,1.0,-134814.0,0.0245895385742187,0,True,75,65,False,81,32,2025-11-16 06:08:07
ba_512_1_2.txt,barabasi_albert_10ins_m20,43,SpecAnn-cold,0.803535494759617,1.0,-135252.0,0.0246834754943847,0,True,75,65,False,82,32,2025-11-16 06:08:07
ba_512_1_2.txt,barabasi_albert_10ins_m20,43,SpecAnn-cold,0.8084202540056837,1.0,-135358.0,0.0243110656738281,0,True,75,65,False,83,32,2025-11-16 06:08:07
ba_512_1_2.txt,barabasi_albert_10ins_m20,43,SpecAnn-cold,0.8132756745622272,1.0,-134525.99999999997,0.0242087841033935,0,True,75,65,False,84,32,2025-11-16 06:08:07
ba_512_1_2.txt,barabasi_albert_10ins_m20,43,SpecAnn-cold,0.8181022788030096,1.0,-134401.99999999997,0.0242576599121093,0,True,75,65,False,85,32,2025-11-16 06:08:07
ba_512_1_2.txt,barabasi_albert_10ins_m20,43,SpecAnn-cold,0.822900573781978,1.0,-135038.0,0.0242788791656494,0,True,75,65,False,86,32,2025-11-16 06:08:07
ba_512_1_2.txt,barabasi_albert_10ins_m20,43,SpecAnn-cold,0.8276710518549868,1.0,-133525.99999999997,0.0242793560028076,0,True,75,65,False,87,32,2025-11-16 06:08:07
ba_512_1_2.txt,barabasi_albert_10ins_m20,43,SpecAnn-cold,0.8324141912694495,1.0,-133525.99999999997,0.0241806507110595,0,True,75,65,False,88,32,2025-11-16 06:08:07
ba_512_1_2.txt,barabasi_albert_10ins_m20,43,SpecAnn-cold,0.8371304567239225,1.0,-135398.0,0.0245335102081298,0,True,75,65,False,89,32,2025-11-16 06:08:07
ba_512_1_2.txt,barabasi_albert_10ins_m20,43,SpecAnn-cold,0.8418202998994706,1.0,-132780.00000000003,0.0244944095611572,0,True,75,65,False,90,32,2025-11-16 06:08:07
ba_512_1_2.txt,barabasi_albert_10ins_m20,43,SpecAnn-cold,0.846484159964536,1.0,-132910.0,0.024186372756958,0,True,75,65,False,91,32,2025-11-16 06:08:07
ba_512_1_2.txt,barabasi_albert_10ins_m20,43,SpecAnn-cold,0.8511224640549078,1.0,-132938.0,0.0243027210235595,0,True,75,65,False,92,32,2025-11-16 06:08:07
ba_512_1_2.txt,barabasi_albert_10ins_m20,43,SpecAnn-cold,0.8557356277302758,1.0,-131704.0,0.024249792098999,0,True,75,65,False,93,32,2025-11-16 06:08:07
ba_512_1_2.txt,barabasi_albert_10ins_m20,43,SpecAnn-cold,0.8603240554087516,1.0,-133913.99999999997,0.0242896080017089,0,True,75,65,False,94,32,2025-11-16 06:08:07
ba_512_1_2.txt,barabasi_albert_10ins_m20,43,SpecAnn-cold,0.86488814078064,1.0,-134802.0,0.0243425369262695,0,True,75,65,False,95,32,2025-11-16 06:08:07
ba_512_1_2.txt,barabasi_albert_10ins_m20,43,SpecAnn-cold,0.8694282672026621,1.0,-133466.0,0.0242366790771484,0,True,75,65,False,96,32,2025-11-16 06:08:07
ba_512_1_2.txt,barabasi_albert_10ins_m20,43,SpecAnn-cold,0.8739448080737451,1.0,-132833.99999999997,0.0247504711151123,0,True,75,65,False,97,32,2025-11-16 06:08:07
ba_512_1_2.txt,barabasi_albert_10ins_m20,43,SpecAnn-cold,0.878438127193422,1.0,-132833.99999999997,0.0248374938964843,0,True,75,65,False,98,32,2025-11-16 06:08:07
ba_512_1_2.txt,barabasi_albert_10ins_m20,43,SpecAnn-cold,0.8829085791038153,1.0,-134872.00000000003,0.0245277881622314,0,True,75,65,False,99,32,2025-11-16 06:08:07
ba_512_1_2.txt,barabasi_albert_10ins_m20,43,SpecAnn-cold,0.8873565094161138,1.0,-134872.00000000003,0.0243527889251709,0,True,75,65,False,100,32,2025-11-16 06:08:07
ba_512_1_2.txt,barabasi_albert_10ins_m20,43,SpecAnn-cold,0.8917822551223932,1.0,-134872.00000000003,0.0247323513031005,0,True,75,65,False,101,32,2025-11-16 06:08:07
ba_512_1_2.txt,barabasi_albert_10ins_m20,43,SpecAnn-cold,0.8961861448935777,1.0,-134935.99999999997,0.0246574878692626,0,True,75,65,False,102,32,2025-11-16 06:08:07
ba_512_1_2.txt,barabasi_albert_10ins_m20,43,SpecAnn-cold,0.9005684993642872,1.0,-134276.0,0.0247037410736084,0,True,75,65,False,103,32,2025-11-16 06:08:07
ba_512_1_2.txt,barabasi_albert_10ins_m20,43,SpecAnn-cold,0.9049296314052688,1.0,-133242.00000000003,0.0245678424835205,0,True,75,65,False,104,32,2025-11-16 06:08:07
ba_512_1_2.txt,barabasi_albert_10ins_m20,43,SpecAnn-cold,0.9092698463840684,1.0,-133680.0,0.0243551731109619,0,True,75,65,False,105,32,2025-11-16 06:08:07
ba_512_1_2.txt,barabasi_albert_10ins_m20,43,SpecAnn-cold,0.9135894424145556,1.0,-135324.0,0.0243222713470459,0,True,75,65,False,106,32,2025-11-16 06:08:07
ba_512_1_2.txt,barabasi_albert_10ins_m20,43,SpecAnn-cold,0.9178887105958816,1.0,-133028.0,0.02437424659729,0,True,75,65,False,107,32,2025-11-16 06:08:07
ba_512_1_2.txt,barabasi_albert_10ins_m20,43,SpecAnn-cold,0.922167935241408,1.0,-133028.0,0.0243656635284423,0,True,75,65,False,108,32,2025-11-16 06:08:07
ba_512_1_2.txt,barabasi_albert_10ins_m20,43,SpecAnn-cold,0.92642739409812,1.0,-134312.0,0.024440050125122,0,True,75,65,False,109,32,2025-11-16 06:08:07
ba_512_1_2.txt,barabasi_albert_10ins_m20,43,SpecAnn-cold,0.9306673585570006,1.0,-134442.0,0.0242722034454345,0,True,75,65,False,110,32,2025-11-16 06:08:07
ba_512_1_2.txt,barabasi_albert_10ins_m20,43,SpecAnn-cold,0.9348880938548184,1.0,-134442.0,0.0243556499481201,0,True,75,65,False,111,32,2025-11-16 06:08:07
ba_512_1_2.txt,barabasi_albert_10ins_m20,43,SpecAnn-cold,0.9390898592677528,1.0,-134442.0,0.0243425369262695,0,True,75,65,False,112,32,2025-11-16 06:08:07
ba_512_1_2.txt,barabasi_albert_10ins_m20,43,SpecAnn-cold,0.9432729082972536,1.0,-134608.0,0.0243043899536132,0,True,75,65,False,113,32,2025-11-16 06:08:07
ba_512_1_2.txt,barabasi_albert_10ins_m20,43,SpecAnn-cold,0.9474374888485204,1.0,-134352.0,0.0241496562957763,0,True,75,65,False,114,32,2025-11-16 06:08:08
ba_512_1_2.txt,barabasi_albert_10ins_m20,43,SpecAnn-cold,0.9515838434019476,1.0,-135198.0,0.0243608951568603,0,True,75,65,False,115,32,2025-11-16 06:08:08
ba_512_1_2.txt,barabasi_albert_10ins_m20,43,SpecAnn-cold,0.9557122091778746,1.0,-134972.0,0.0243341922760009,0,True,75,65,False,116,32,2025-11-16 06:08:08
ba_512_1_2.txt,barabasi_albert_10ins_m20,43,SpecAnn-cold,0.9598228182949629,1.0,-133558.0,0.0244307518005371,0,True,75,65,False,117,32,2025-11-16 06:08:08
ba_512_1_2.txt,barabasi_albert_10ins_m20,43,SpecAnn-cold,0.963915897922488,1.0,-133618.0,0.0358433723449707,0,True,75,97,False,118,32,2025-11-16 06:08:08
ba_512_1_2.txt,barabasi_albert_10ins_m20,43,SpecAnn-cold,0.967991670426842,1.0,-133618.0,0.0241861343383789,0,True,75,65,False,119,32,2025-11-16 06:08:08
ba_512_1_2.txt,barabasi_albert_10ins_m20,43,SpecAnn-cold,0.9720503535125016,1.0,-133474.0,0.0360965728759765,0,True,75,97,False,120,32,2025-11-16 06:08:08
ba_512_1_2.txt,barabasi_albert_10ins_m20,43,SpecAnn-cold,0.9760921603577252,1.0,-134186.0,0.0242283344268798,0,True,75,65,False,121,32,2025-11-16 06:08:08
ba_512_1_2.txt,barabasi_albert_10ins_m20,43,SpecAnn-cold,0.9801172997452104,1.0,-133742.0,0.0244543552398681,0,True,75,65,False,122,32,2025-11-16 06:08:08
ba_512_1_2.txt,barabasi_albert_10ins_m20,43,SpecAnn-cold,0.9841259761879442,1.0,-134602.00000000003,0.0243341922760009,0,True,75,65,False,123,32,2025-11-16 06:08:08
ba_512_1_2.txt,barabasi_albert_10ins_m20,43,SpecAnn-cold,0.9881183900504562,1.0,-134602.00000000003,0.0242085456848144,0,True,75,65,False,124,32,2025-11-16 06:08:08
ba_512_1_2.txt,barabasi_albert_10ins_m20,43,SpecAnn-cold,0.9920947376656812,1.0,-134602.00000000003,0.0242843627929687,0,True,75,65,False,125,32,2025-11-16 06:08:08
ba_512_1_2.txt,barabasi_albert_10ins_m20,43,SpecAnn-cold,0.9960552114476228,1.0,-134602.00000000003,0.0241844654083251,0,True,75,65,False,126,32,2025-11-16 06:08:08
ba_512_1_2.txt,barabasi_albert_10ins_m20,43,SpecAnn-cold,1.0,1.0,-134500.00000000003,0.0241849422454834,0,True,75,65,False,127,32,2025-11-16 06:08:08
ba_512_1_2.txt,barabasi_albert_10ins_m20,44,SpecAnn-cold,0.0,1.0,-123388.0,0.0135498046875,0,True,65,33,False,0,32,2025-11-16 06:08:08
ba_512_1_2.txt,barabasi_albert_10ins_m20,44,SpecAnn-cold,0.0887356509416113,1.0,-127481.99999999996,0.0129082202911376,0,True,65,33,False,1,32,2025-11-16 06:08:08
ba_512_1_2.txt,barabasi_albert_10ins_m20,44,SpecAnn-cold,0.1254911610276317,1.0,-127270.0,0.0127418041229248,0,True,65,33,False,2,32,2025-11-16 06:08:08
ba_512_1_2.txt,barabasi_albert_10ins_m20,44,SpecAnn-cold,0.1536946558735679,1.0,-127270.0,0.0127971172332763,0,True,65,33,False,3,32,2025-11-16 06:08:08
ba_512_1_2.txt,barabasi_albert_10ins_m20,44,SpecAnn-cold,0.1774713018832227,1.0,-127922.0,0.0128283500671386,0,True,65,33,False,4,32,2025-11-16 06:08:08
ba_512_1_2.txt,barabasi_albert_10ins_m20,44,SpecAnn-cold,0.1984189475331362,1.0,-126522.0,0.0128264427185058,0,True,65,33,False,5,32,2025-11-16 06:08:08
ba_512_1_2.txt,barabasi_albert_10ins_m20,44,SpecAnn-cold,0.2173570668006655,1.0,-129059.99999999996,0.0130228996276855,0,True,65,33,False,6,32,2025-11-16 06:08:08
ba_512_1_2.txt,barabasi_albert_10ins_m20,44,SpecAnn-cold,0.2347724648169381,1.0,-129623.99999999996,0.0130214691162109,0,True,65,33,False,7,32,2025-11-16 06:08:08
ba_512_1_2.txt,barabasi_albert_10ins_m20,44,SpecAnn-cold,0.2509823220552634,1.0,-128190.0,0.0130045413970947,0,True,65,33,False,8,32,2025-11-16 06:08:08
ba_512_1_2.txt,barabasi_albert_10ins_m20,44,SpecAnn-cold,0.2662069528248341,1.0,-128190.0,0.0130376815795898,0,True,65,33,False,9,32,2025-11-16 06:08:08
ba_512_1_2.txt,barabasi_albert_10ins_m20,44,SpecAnn-cold,0.2806067666331568,1.0,-128546.0,0.0127656459808349,0,True,65,33,False,10,32,2025-11-16 06:08:08
ba_512_1_2.txt,barabasi_albert_10ins_m20,44,SpecAnn-cold,0.2943028597012718,1.0,-130664.0,0.0128085613250732,0,True,65,33,False,11,32,2025-11-16 06:08:08
ba_512_1_2.txt,barabasi_albert_10ins_m20,44,SpecAnn-cold,0.3073893117471359,1.0,-126666.0,0.0128097534179687,0,True,65,33,False,12,32,2025-11-16 06:08:08
ba_512_1_2.txt,barabasi_albert_10ins_m20,44,SpecAnn-cold,0.3199409394316542,1.0,-130664.0,0.0130834579467773,0,True,65,33,False,13,32,2025-11-16 06:08:08
ba_512_1_2.txt,barabasi_albert_10ins_m20,44,SpecAnn-cold,0.3320184038158743,1.0,-126666.0,0.0130176544189453,0,True,65,33,False,14,32,2025-11-16 06:08:08
ba_512_1_2.txt,barabasi_albert_10ins_m20,44,SpecAnn-cold,0.3436716983117353,1.0,-126888.0,0.0130376815795898,0,True,65,33,False,15,32,2025-11-16 06:08:08
ba_512_1_2.txt,barabasi_albert_10ins_m20,44,SpecAnn-cold,0.3549426037664455,1.0,-126880.0,0.0130050182342529,0,True,65,33,False,16,32,2025-11-16 06:08:08
ba_512_1_2.txt,barabasi_albert_10ins_m20,44,SpecAnn-cold,0.3658664615902029,1.0,-127238.0,0.013035774230957,0,True,65,33,False,17,32,2025-11-16 06:08:08
ba_512_1_2.txt,barabasi_albert_10ins_m20,44,SpecAnn-cold,0.3764734830828951,1.0,-127238.0,0.013010025024414,0,True,65,33,False,18,32,2025-11-16 06:08:08
ba_512_1_2.txt,barabasi_albert_10ins_m20,44,SpecAnn-cold,0.3867897351437838,1.0,-130216.00000000004,0.0128159523010253,0,True,65,33,False,19,32,2025-11-16 06:08:08
ba_512_1_2.txt,barabasi_albert_10ins_m20,44,SpecAnn-cold,0.3968378950662725,1.0,-127365.99999999996,0.0128262042999267,0,True,65,33,False,20,32,2025-11-16 06:08:08
ba_512_1_2.txt,barabasi_albert_10ins_m20,44,SpecAnn-cold,0.4066378372811136,1.0,-127492.0,0.0127763748168945,0,True,65,33,False,21,32,2025-11-16 06:08:08
ba_512_1_2.txt,barabasi_albert_10ins_m20,44,SpecAnn-cold,0.4162070956347247,1.0,-129522.0,0.0127599239349365,0,True,65,33,False,22,32,2025-11-16 06:08:08
ba_512_1_2.txt,barabasi_albert_10ins_m20,44,SpecAnn-cold,0.4255612320274539,1.0,-125530.0,0.0127561092376708,0,True,65,33,False,23,32,2025-11-16 06:08:08
ba_512_1_2.txt,barabasi_albert_10ins_m20,44,SpecAnn-cold,0.434714133601331,1.0,-127294.0,0.0128285884857177,0,True,65,33,False,24,32,2025-11-16 06:08:08
ba_512_1_2.txt,barabasi_albert_10ins_m20,44,SpecAnn-cold,0.4436782547080569,1.0,-129594.0,0.012850284576416,0,True,65,33,False,25,32,2025-11-16 06:08:08
ba_512_1_2.txt,barabasi_albert_10ins_m20,44,SpecAnn-cold,0.4524648157026343,1.0,-128502.0,0.0127520561218261,0,True,65,33,False,26,32,2025-11-16 06:08:08
ba_512_1_2.txt,barabasi_albert_10ins_m20,44,SpecAnn-cold,0.4610839676207039,1.0,-128180.0,0.0127990245819091,0,True,65,33,False,27,32,2025-11-16 06:08:08
ba_512_1_2.txt,barabasi_albert_10ins_m20,44,SpecAnn-cold,0.4695449296338763,1.0,-132813.99999999997,0.0127789974212646,0,True,65,33,False,28,32,2025-11-16 06:08:08
ba_512_1_2.txt,barabasi_albert_10ins_m20,44,SpecAnn-cold,0.4778561045889373,1.0,-132813.99999999997,0.012728214263916,0,True,65,33,False,29,32,2025-11-16 06:08:08
ba_512_1_2.txt,barabasi_albert_10ins_m20,44,SpecAnn-cold,0.4860251767562508,1.0,-132813.99999999997,0.0127186775207519,0,True,65,33,False,30,32,2025-11-16 06:08:08
ba_512_1_2.txt,barabasi_albert_10ins_m20,44,SpecAnn-cold,0.4940591950252281,1.0,-127056.00000000004,0.0128388404846191,0,True,65,33,False,31,32,2025-11-16 06:08:08
ba_512_1_2.txt,barabasi_albert_10ins_m20,44,SpecAnn-cold,0.5019646441105269,1.0,-123268.0,0.0127537250518798,0,True,65,33,False,32,32,2025-11-16 06:08:08
ba_512_1_2.txt,barabasi_albert_10ins_m20,44,SpecAnn-cold,0.5097475058154177,1.0,-126562.0,0.0127677917480468,0,True,65,33,False,33,32,2025-11-16 06:08:08
ba_512_1_2.txt,barabasi_albert_10ins_m20,44,SpecAnn-cold,0.51741331199832,1.0,-130718.0,0.0128059387207031,0,True,65,33,False,34,32,2025-11-16 06:08:08
ba_512_1_2.txt,barabasi_albert_10ins_m20,44,SpecAnn-cold,0.5249671905758515,1.0,-125128.0,0.0128042697906494,0,True,65,33,False,35,32,2025-11-16 06:08:08
ba_512_1_2.txt,barabasi_albert_10ins_m20,44,SpecAnn-cold,0.5324139056496683,1.0,-125178.0,0.0127339363098144,0,True,65,33,False,36,32,2025-11-16 06:08:08
ba_512_1_2.txt,barabasi_albert_10ins_m20,44,SpecAnn-cold,0.5397578926492556,1.0,-125586.0,0.0127513408660888,0,True,65,33,False,37,32,2025-11-16 06:08:08
ba_512_1_2.txt,barabasi_albert_10ins_m20,44,SpecAnn-cold,0.5470032892270364,1.0,-125104.0,0.0128040313720703,0,True,65,33,False,38,32,2025-11-16 06:08:09
ba_512_1_2.txt,barabasi_albert_10ins_m20,44,SpecAnn-cold,0.554153962516942,1.0,-126610.0,0.0128059387207031,0,True,65,33,False,39,32,2025-11-16 06:08:09
ba_512_1_2.txt,barabasi_albert_10ins_m20,44,SpecAnn-cold,0.5612135332663137,1.0,-129614.0,0.0242886543273925,0,True,65,65,False,40,32,2025-11-16 06:08:09
ba_512_1_2.txt,barabasi_albert_10ins_m20,44,SpecAnn-cold,0.5681853972686127,1.0,-129466.0,0.0127856731414794,0,True,65,33,False,41,32,2025-11-16 06:08:09
ba_512_1_2.txt,barabasi_albert_10ins_m20,44,SpecAnn-cold,0.5750727444570146,1.0,-129466.0,0.0244321823120117,0,True,65,65,False,42,32,2025-11-16 06:08:09
ba_512_1_2.txt,barabasi_albert_10ins_m20,44,SpecAnn-cold,0.5818785759635375,1.0,-129466.0,0.0242633819580078,0,True,65,65,False,43,32,2025-11-16 06:08:09
ba_512_1_2.txt,barabasi_albert_10ins_m20,44,SpecAnn-cold,0.5886057194025436,1.0,-129466.0,0.024238109588623,0,True,65,65,False,44,32,2025-11-16 06:08:09
ba_512_1_2.txt,barabasi_albert_10ins_m20,44,SpecAnn-cold,0.5952568425994088,1.0,-129112.0,0.0243330001831054,0,True,65,65,False,45,32,2025-11-16 06:08:09
ba_512_1_2.txt,barabasi_albert_10ins_m20,44,SpecAnn-cold,0.6018344659534288,1.0,-128040.0,0.0243263244628906,0,True,65,65,False,46,32,2025-11-16 06:08:09
ba_512_1_2.txt,barabasi_albert_10ins_m20,44,SpecAnn-cold,0.6083409735974393,1.0,-130244.0,0.0244228839874267,0,True,65,65,False,47,32,2025-11-16 06:08:09
ba_512_1_2.txt,barabasi_albert_10ins_m20,44,SpecAnn-cold,0.6147786234942719,1.0,-129240.0,0.0246944427490234,0,True,65,65,False,48,32,2025-11-16 06:08:09
ba_512_1_2.txt,barabasi_albert_10ins_m20,44,SpecAnn-cold,0.6211495565912796,1.0,-127920.0,0.0246710777282714,0,True,65,65,False,49,32,2025-11-16 06:08:09
ba_512_1_2.txt,barabasi_albert_10ins_m20,44,SpecAnn-cold,0.6274558051381586,1.0,-126520.0,0.0243778228759765,0,True,65,65,False,50,32,2025-11-16 06:08:09
ba_512_1_2.txt,barabasi_albert_10ins_m20,44,SpecAnn-cold,0.6336993002596786,1.0,-129426.0,0.0242104530334472,0,True,65,65,False,51,32,2025-11-16 06:08:09
ba_512_1_2.txt,barabasi_albert_10ins_m20,44,SpecAnn-cold,0.6398818788633085,1.0,-132036.0,0.0244026184082031,0,True,65,65,False,52,32,2025-11-16 06:08:09
ba_512_1_2.txt,barabasi_albert_10ins_m20,44,SpecAnn-cold,0.6460052899517691,1.0,-129008.0,0.0242841243743896,0,True,65,65,False,53,32,2025-11-16 06:08:09
ba_512_1_2.txt,barabasi_albert_10ins_m20,44,SpecAnn-cold,0.6520712004019966,1.0,-129008.0,0.0243465900421142,0,True,65,65,False,54,32,2025-11-16 06:08:09
ba_512_1_2.txt,barabasi_albert_10ins_m20,44,SpecAnn-cold,0.6580812002646271,1.0,-126402.0,0.0245788097381591,0,True,65,65,False,55,32,2025-11-16 06:08:09
ba_512_1_2.txt,barabasi_albert_10ins_m20,44,SpecAnn-cold,0.6640368076317485,1.0,-132750.00000000003,0.0247731208801269,0,True,65,65,False,56,32,2025-11-16 06:08:09
ba_512_1_2.txt,barabasi_albert_10ins_m20,44,SpecAnn-cold,0.6699394731151429,1.0,-131698.0,0.0245165824890136,0,True,65,65,False,57,32,2025-11-16 06:08:09
ba_512_1_2.txt,barabasi_albert_10ins_m20,44,SpecAnn-cold,0.6757905839724513,1.0,-132575.99999999997,0.0243504047393798,0,True,65,65,False,58,32,2025-11-16 06:08:09
ba_512_1_2.txt,barabasi_albert_10ins_m20,44,SpecAnn-cold,0.6815914679145113,1.0,-132390.0,0.0243003368377685,0,True,65,65,False,59,32,2025-11-16 06:08:09
ba_512_1_2.txt,barabasi_albert_10ins_m20,44,SpecAnn-cold,0.6873433966234707,1.0,-134377.99999999997,0.0244181156158447,0,True,65,65,False,60,32,2025-11-16 06:08:09
ba_512_1_2.txt,barabasi_albert_10ins_m20,44,SpecAnn-cold,0.6930475890080863,1.0,-134301.99999999997,0.024287462234497,0,True,65,65,False,61,32,2025-11-16 06:08:09
ba_512_1_2.txt,barabasi_albert_10ins_m20,44,SpecAnn-cold,0.6987052142198116,1.0,-134022.0,0.0242667198181152,0,True,65,65,False,62,32,2025-11-16 06:08:09
ba_512_1_2.txt,barabasi_albert_10ins_m20,44,SpecAnn-cold,0.7043173944508145,1.0,-134164.0,0.0246307849884033,0,True,65,65,False,63,32,2025-11-16 06:08:09
ba_512_1_2.txt,barabasi_albert_10ins_m20,44,SpecAnn-cold,0.709885207532891,1.0,-135060.0,0.0248248577117919,0,True,65,65,False,64,32,2025-11-16 06:08:09
ba_512_1_2.txt,barabasi_albert_10ins_m20,44,SpecAnn-cold,0.7154096893543218,1.0,-133688.00000000003,0.0243675708770751,0,True,65,65,False,65,32,2025-11-16 06:08:09
ba_512_1_2.txt,barabasi_albert_10ins_m20,44,SpecAnn-cold,0.7208918361100219,1.0,-134006.0,0.0242791175842285,0,True,65,65,False,66,32,2025-11-16 06:08:09
ba_512_1_2.txt,barabasi_albert_10ins_m20,44,SpecAnn-cold,0.7263326063988248,1.0,-135015.99999999997,0.0246338844299316,0,True,65,65,False,67,32,2025-11-16 06:08:09
ba_512_1_2.txt,barabasi_albert_10ins_m20,44,SpecAnn-cold,0.7317329231804058,1.0,-134698.0,0.0247397422790527,0,True,65,65,False,68,32,2025-11-16 06:08:09
ba_512_1_2.txt,barabasi_albert_10ins_m20,44,SpecAnn-cold,0.7370936756031579,1.0,-135512.0,0.0247535705566406,0,True,65,65,False,69,32,2025-11-16 06:08:09
ba_512_1_2.txt,barabasi_albert_10ins_m20,44,SpecAnn-cold,0.7424157207132704,1.0,-134836.0,0.0247917175292968,0,True,65,65,False,70,32,2025-11-16 06:08:09
ba_512_1_2.txt,barabasi_albert_10ins_m20,44,SpecAnn-cold,0.7476998850543153,1.0,-134906.00000000003,0.0244984626770019,0,True,65,65,False,71,32,2025-11-16 06:08:09
ba_512_1_2.txt,barabasi_albert_10ins_m20,44,SpecAnn-cold,0.7529469661657903,1.0,-134974.00000000003,0.0243308544158935,0,True,65,65,False,72,32,2025-11-16 06:08:09
ba_512_1_2.txt,barabasi_albert_10ins_m20,44,SpecAnn-cold,0.7581577339883167,1.0,-135442.0,0.0243465900421142,0,True,65,65,False,73,32,2025-11-16 06:08:09
ba_512_1_2.txt,barabasi_albert_10ins_m20,44,SpecAnn-cold,0.7633329321824984,1.0,-135071.99999999997,0.0244650840759277,0,True,65,65,False,74,32,2025-11-16 06:08:09
ba_512_1_2.txt,barabasi_albert_10ins_m20,44,SpecAnn-cold,0.7684732793678399,1.0,-135052.0,0.0242750644683837,0,True,65,65,False,75,32,2025-11-16 06:08:09
ba_512_1_2.txt,barabasi_albert_10ins_m20,44,SpecAnn-cold,0.7735794702875677,1.0,-135414.0,0.0241646766662597,0,True,65,65,False,76,32,2025-11-16 06:08:09
ba_512_1_2.txt,barabasi_albert_10ins_m20,44,SpecAnn-cold,0.7786521769046981,1.0,-134694.0,0.0243160724639892,0,True,65,65,False,77,32,2025-11-16 06:08:09
ba_512_1_2.txt,barabasi_albert_10ins_m20,44,SpecAnn-cold,0.7836920494342511,1.0,-135270.00000000003,0.0242886543273925,0,True,65,65,False,78,32,2025-11-16 06:08:09
ba_512_1_2.txt,barabasi_albert_10ins_m20,44,SpecAnn-cold,0.788699717316095,1.0,-134806.0,0.0243313312530517,0,True,65,65,False,79,32,2025-11-16 06:08:09
ba_512_1_2.txt,barabasi_albert_10ins_m20,44,SpecAnn-cold,0.7936757901325451,1.0,-135398.0,0.024522066116333,0,True,65,65,False,80,32,2025-11-16 06:08:10
ba_512_1_2.txt,barabasi_albert_10ins_m20,44,SpecAnn-cold,0.7986208584745024,1.0,-134822.00000000003,0.024817943572998,0,True,65,65,False,81,32,2025-11-16 06:08:10
ba_512_1_2.txt,barabasi_albert_10ins_m20,44,SpecAnn-cold,0.803535494759617,1.0,-134693.99999999997,0.0246939659118652,0,True,65,65,False,82,32,2025-11-16 06:08:10
ba_512_1_2.txt,barabasi_albert_10ins_m20,44,SpecAnn-cold,0.8084202540056837,1.0,-135190.00000000003,0.0247716903686523,0,True,65,65,False,83,32,2025-11-16 06:08:10
ba_512_1_2.txt,barabasi_albert_10ins_m20,44,SpecAnn-cold,0.8132756745622272,1.0,-135214.00000000003,0.0246615409851074,0,True,65,65,False,84,32,2025-11-16 06:08:10
ba_512_1_2.txt,barabasi_albert_10ins_m20,44,SpecAnn-cold,0.8181022788030096,1.0,-135096.0,0.0243849754333496,0,True,65,65,False,85,32,2025-11-16 06:08:10
ba_512_1_2.txt,barabasi_albert_10ins_m20,44,SpecAnn-cold,0.822900573781978,1.0,-135216.00000000003,0.0244581699371337,0,True,65,65,False,86,32,2025-11-16 06:08:10
ba_512_1_2.txt,barabasi_albert_10ins_m20,44,SpecAnn-cold,0.8276710518549868,1.0,-136266.0,0.0246195793151855,0,True,65,65,False,87,32,2025-11-16 06:08:10
ba_512_1_2.txt,barabasi_albert_10ins_m20,44,SpecAnn-cold,0.8324141912694495,1.0,-136644.0,0.0246946811676025,0,True,65,65,False,88,32,2025-11-16 06:08:10
ba_512_1_2.txt,barabasi_albert_10ins_m20,44,SpecAnn-cold,0.8371304567239225,1.0,-134892.0,0.0245585441589355,0,True,65,65,False,89,32,2025-11-16 06:08:10
ba_512_1_2.txt,barabasi_albert_10ins_m20,44,SpecAnn-cold,0.8418202998994706,1.0,-134389.99999999997,0.0243628025054931,0,True,65,65,False,90,32,2025-11-16 06:08:10
ba_512_1_2.txt,barabasi_albert_10ins_m20,44,SpecAnn-cold,0.846484159964536,1.0,-133460.00000000003,0.0246639251708984,0,True,65,65,False,91,32,2025-11-16 06:08:10
ba_512_1_2.txt,barabasi_albert_10ins_m20,44,SpecAnn-cold,0.8511224640549078,1.0,-135148.0,0.024681806564331,0,True,65,65,False,92,32,2025-11-16 06:08:10
ba_512_1_2.txt,barabasi_albert_10ins_m20,44,SpecAnn-cold,0.8557356277302758,1.0,-135022.0,0.0245077610015869,0,True,65,65,False,93,32,2025-11-16 06:08:10
ba_512_1_2.txt,barabasi_albert_10ins_m20,44,SpecAnn-cold,0.8603240554087516,1.0,-133774.0,0.0243175029754638,0,True,65,65,False,94,32,2025-11-16 06:08:10
ba_512_1_2.txt,barabasi_albert_10ins_m20,44,SpecAnn-cold,0.86488814078064,1.0,-135426.0,0.0246343612670898,0,True,65,65,False,95,32,2025-11-16 06:08:10
ba_512_1_2.txt,barabasi_albert_10ins_m20,44,SpecAnn-cold,0.8694282672026621,1.0,-135350.00000000003,0.0243337154388427,0,True,65,65,False,96,32,2025-11-16 06:08:10
ba_512_1_2.txt,barabasi_albert_10ins_m20,44,SpecAnn-cold,0.8739448080737451,1.0,-135656.0,0.0243685245513916,0,True,65,65,False,97,32,2025-11-16 06:08:10
ba_512_1_2.txt,barabasi_albert_10ins_m20,44,SpecAnn-cold,0.878438127193422,1.0,-135656.0,0.0242180824279785,0,True,65,65,False,98,32,2025-11-16 06:08:10
ba_512_1_2.txt,barabasi_albert_10ins_m20,44,SpecAnn-cold,0.8829085791038153,1.0,-135656.0,0.0246961116790771,0,True,65,65,False,99,32,2025-11-16 06:08:10
ba_512_1_2.txt,barabasi_albert_10ins_m20,44,SpecAnn-cold,0.8873565094161138,1.0,-135656.0,0.0244462490081787,0,True,65,65,False,100,32,2025-11-16 06:08:10
ba_512_1_2.txt,barabasi_albert_10ins_m20,44,SpecAnn-cold,0.8917822551223932,1.0,-134276.0,0.0244462490081787,0,True,65,65,False,101,32,2025-11-16 06:08:10
ba_512_1_2.txt,barabasi_albert_10ins_m20,44,SpecAnn-cold,0.8961861448935777,1.0,-134650.0,0.0243287086486816,0,True,65,65,False,102,32,2025-11-16 06:08:10
ba_512_1_2.txt,barabasi_albert_10ins_m20,44,SpecAnn-cold,0.9005684993642872,1.0,-135309.99999999997,0.0245788097381591,0,True,65,65,False,103,32,2025-11-16 06:08:10
ba_512_1_2.txt,barabasi_albert_10ins_m20,44,SpecAnn-cold,0.9049296314052688,1.0,-134292.0,0.0248620510101318,0,True,65,65,False,104,32,2025-11-16 06:08:10
ba_512_1_2.txt,barabasi_albert_10ins_m20,44,SpecAnn-cold,0.9092698463840684,1.0,-135085.99999999997,0.0249242782592773,0,True,65,65,False,105,32,2025-11-16 06:08:10
ba_512_1_2.txt,barabasi_albert_10ins_m20,44,SpecAnn-cold,0.9135894424145556,1.0,-134925.99999999997,0.0246345996856689,0,True,65,65,False,106,32,2025-11-16 06:08:10
ba_512_1_2.txt,barabasi_albert_10ins_m20,44,SpecAnn-cold,0.9178887105958816,1.0,-134924.0,0.0243420600891113,0,True,65,65,False,107,32,2025-11-16 06:08:10
ba_512_1_2.txt,barabasi_albert_10ins_m20,44,SpecAnn-cold,0.922167935241408,1.0,-134924.0,0.0244340896606445,0,True,65,65,False,108,32,2025-11-16 06:08:10
ba_512_1_2.txt,barabasi_albert_10ins_m20,44,SpecAnn-cold,0.92642739409812,1.0,-134134.0,0.0248336791992187,0,True,65,65,False,109,32,2025-11-16 06:08:10
ba_512_1_2.txt,barabasi_albert_10ins_m20,44,SpecAnn-cold,0.9306673585570006,1.0,-135652.0,0.0247514247894287,0,True,65,65,False,110,32,2025-11-16 06:08:10
ba_512_1_2.txt,barabasi_albert_10ins_m20,44,SpecAnn-cold,0.9348880938548184,1.0,-135652.0,0.0246500968933105,0,True,65,65,False,111,32,2025-11-16 06:08:10
ba_512_1_2.txt,barabasi_albert_10ins_m20,44,SpecAnn-cold,0.9390898592677528,1.0,-135652.0,0.0242326259613037,0,True,65,65,False,112,32,2025-11-16 06:08:10
ba_512_1_2.txt,barabasi_albert_10ins_m20,44,SpecAnn-cold,0.9432729082972536,1.0,-134598.0,0.0243384838104248,0,True,65,65,False,113,32,2025-11-16 06:08:10
ba_512_1_2.txt,barabasi_albert_10ins_m20,44,SpecAnn-cold,0.9474374888485204,1.0,-135074.0,0.0243270397186279,0,True,65,65,False,114,32,2025-11-16 06:08:10
ba_512_1_2.txt,barabasi_albert_10ins_m20,44,SpecAnn-cold,0.9515838434019476,1.0,-135598.00000000003,0.024350881576538,0,True,65,65,False,115,32,2025-11-16 06:08:10
ba_512_1_2.txt,barabasi_albert_10ins_m20,44,SpecAnn-cold,0.9557122091778746,1.0,-134634.0,0.0242605209350585,0,True,65,65,False,116,32,2025-11-16 06:08:10
ba_512_1_2.txt,barabasi_albert_10ins_m20,44,SpecAnn-cold,0.9598228182949629,1.0,-134844.0,0.0243246555328369,0,True,65,65,False,117,32,2025-11-16 06:08:10
ba_512_1_2.txt,barabasi_albert_10ins_m20,44,SpecAnn-cold,0.963915897922488,1.0,-134264.0,0.0242693424224853,0,True,65,65,False,118,32,2025-11-16 06:08:10
ba_512_1_2.txt,barabasi_albert_10ins_m20,44,SpecAnn-cold,0.967991670426842,1.0,-134686.0,0.0240929126739501,0,True,65,65,False,119,32,2025-11-16 06:08:10
ba_512_1_2.txt,barabasi_albert_10ins_m20,44,SpecAnn-cold,0.9720503535125016,1.0,-134551.99999999997,0.0241909027099609,0,True,65,65,False,120,32,2025-11-16 06:08:10
ba_512_1_2.txt,barabasi_albert_10ins_m20,44,SpecAnn-cold,0.9760921603577252,1.0,-133946.0,0.0242655277252197,0,True,65,65,False,121,32,2025-11-16 06:08:11
ba_512_1_2.txt,barabasi_albert_10ins_m20,44,SpecAnn-cold,0.9801172997452104,1.0,-134773.99999999997,0.0241713523864746,0,True,65,65,False,122,32,2025-11-16 06:08:11
ba_512_1_2.txt,barabasi_albert_10ins_m20,44,SpecAnn-cold,0.9841259761879442,1.0,-135288.0,0.0359768867492675,0,True,65,97,False,123,32,2025-11-16 06:08:11
ba_512_1_2.txt,barabasi_albert_10ins_m20,44,SpecAnn-cold,0.9881183900504562,1.0,-135288.0,0.0241763591766357,0,True,65,65,False,124,32,2025-11-16 06:08:11
ba_512_1_2.txt,barabasi_albert_10ins_m20,44,SpecAnn-cold,0.9920947376656812,1.0,-133414.0,0.0243318080902099,0,True,65,65,False,125,32,2025-11-16 06:08:11
ba_512_1_2.txt,barabasi_albert_10ins_m20,44,SpecAnn-cold,0.9960552114476228,1.0,-135288.0,0.0240397453308105,0,True,65,65,False,126,32,2025-11-16 06:08:11
ba_512_1_2.txt,barabasi_albert_10ins_m20,44,SpecAnn-cold,1.0,1.0,-135067.99999999997,0.0242645740509033,0,True,65,65,False,127,32,2025-11-16 06:08:11
ba_512_1_2.txt,barabasi_albert_10ins_m20,45,SpecAnn-cold,0.0,1.0,-123020.0,0.0134527683258056,0,True,76,33,False,0,32,2025-11-16 06:08:11
ba_512_1_2.txt,barabasi_albert_10ins_m20,45,SpecAnn-cold,0.0887356509416113,1.0,-124810.00000000004,0.0128509998321533,0,True,76,33,False,1,32,2025-11-16 06:08:11
ba_512_1_2.txt,barabasi_albert_10ins_m20,45,SpecAnn-cold,0.1254911610276317,1.0,-125382.0,0.0127022266387939,0,True,76,33,False,2,32,2025-11-16 06:08:11
ba_512_1_2.txt,barabasi_albert_10ins_m20,45,SpecAnn-cold,0.1536946558735679,1.0,-125382.0,0.01275634765625,0,True,76,33,False,3,32,2025-11-16 06:08:11
ba_512_1_2.txt,barabasi_albert_10ins_m20,45,SpecAnn-cold,0.1774713018832227,1.0,-130378.0,0.0127458572387695,0,True,76,33,False,4,32,2025-11-16 06:08:11
ba_512_1_2.txt,barabasi_albert_10ins_m20,45,SpecAnn-cold,0.1984189475331362,1.0,-126988.0,0.0127067565917968,0,True,76,33,False,5,32,2025-11-16 06:08:11
ba_512_1_2.txt,barabasi_albert_10ins_m20,45,SpecAnn-cold,0.2173570668006655,1.0,-130066.0,0.0129427909851074,0,True,76,33,False,6,32,2025-11-16 06:08:11
ba_512_1_2.txt,barabasi_albert_10ins_m20,45,SpecAnn-cold,0.2347724648169381,1.0,-124505.99999999996,0.0128810405731201,0,True,76,33,False,7,32,2025-11-16 06:08:11
ba_512_1_2.txt,barabasi_albert_10ins_m20,45,SpecAnn-cold,0.2509823220552634,1.0,-126314.0,0.0126929283142089,0,True,76,33,False,8,32,2025-11-16 06:08:11
ba_512_1_2.txt,barabasi_albert_10ins_m20,45,SpecAnn-cold,0.2662069528248341,1.0,-126314.0,0.0127778053283691,0,True,76,33,False,9,32,2025-11-16 06:08:11
ba_512_1_2.txt,barabasi_albert_10ins_m20,45,SpecAnn-cold,0.2806067666331568,1.0,-127966.0,0.0126316547393798,0,True,76,33,False,10,32,2025-11-16 06:08:11
ba_512_1_2.txt,barabasi_albert_10ins_m20,45,SpecAnn-cold,0.2943028597012718,1.0,-126924.0,0.0127439498901367,0,True,76,33,False,11,32,2025-11-16 06:08:11
ba_512_1_2.txt,barabasi_albert_10ins_m20,45,SpecAnn-cold,0.3073893117471359,1.0,-126924.0,0.012740135192871,0,True,76,33,False,12,32,2025-11-16 06:08:11
ba_512_1_2.txt,barabasi_albert_10ins_m20,45,SpecAnn-cold,0.3199409394316542,1.0,-126924.0,0.0127027034759521,0,True,76,33,False,13,32,2025-11-16 06:08:11
ba_512_1_2.txt,barabasi_albert_10ins_m20,45,SpecAnn-cold,0.3320184038158743,1.0,-126924.0,0.0126900672912597,0,True,76,33,False,14,32,2025-11-16 06:08:11
ba_512_1_2.txt,barabasi_albert_10ins_m20,45,SpecAnn-cold,0.3436716983117353,1.0,-128270.0,0.0127263069152832,0,True,76,33,False,15,32,2025-11-16 06:08:11
ba_512_1_2.txt,barabasi_albert_10ins_m20,45,SpecAnn-cold,0.3549426037664455,1.0,-126762.0,0.0126874446868896,0,True,76,33,False,16,32,2025-11-16 06:08:11
ba_512_1_2.txt,barabasi_albert_10ins_m20,45,SpecAnn-cold,0.3658664615902029,1.0,-127218.0,0.0127813816070556,0,True,76,33,False,17,32,2025-11-16 06:08:11
ba_512_1_2.txt,barabasi_albert_10ins_m20,45,SpecAnn-cold,0.3764734830828951,1.0,-127218.0,0.0126996040344238,0,True,76,33,False,18,32,2025-11-16 06:08:11
ba_512_1_2.txt,barabasi_albert_10ins_m20,45,SpecAnn-cold,0.3867897351437838,1.0,-125926.0,0.0128042697906494,0,True,76,33,False,19,32,2025-11-16 06:08:11
ba_512_1_2.txt,barabasi_albert_10ins_m20,45,SpecAnn-cold,0.3968378950662725,1.0,-126782.0,0.0129337310791015,0,True,76,33,False,20,32,2025-11-16 06:08:11
ba_512_1_2.txt,barabasi_albert_10ins_m20,45,SpecAnn-cold,0.4066378372811136,1.0,-127665.99999999996,0.0130496025085449,0,True,76,33,False,21,32,2025-11-16 06:08:11
ba_512_1_2.txt,barabasi_albert_10ins_m20,45,SpecAnn-cold,0.4162070956347247,1.0,-124674.0,0.0129835605621337,0,True,76,33,False,22,32,2025-11-16 06:08:11
ba_512_1_2.txt,barabasi_albert_10ins_m20,45,SpecAnn-cold,0.4255612320274539,1.0,-128606.0,0.0127992630004882,0,True,76,33,False,23,32,2025-11-16 06:08:11
ba_512_1_2.txt,barabasi_albert_10ins_m20,45,SpecAnn-cold,0.434714133601331,1.0,-128978.0,0.0126898288726806,0,True,76,33,False,24,32,2025-11-16 06:08:11
ba_512_1_2.txt,barabasi_albert_10ins_m20,45,SpecAnn-cold,0.4436782547080569,1.0,-124848.0,0.0128607749938964,0,True,76,33,False,25,32,2025-11-16 06:08:11
ba_512_1_2.txt,barabasi_albert_10ins_m20,45,SpecAnn-cold,0.4524648157026343,1.0,-127794.0,0.0126984119415283,0,True,76,33,False,26,32,2025-11-16 06:08:11
ba_512_1_2.txt,barabasi_albert_10ins_m20,45,SpecAnn-cold,0.4610839676207039,1.0,-125940.0,0.0126585960388183,0,True,76,33,False,27,32,2025-11-16 06:08:11
ba_512_1_2.txt,barabasi_albert_10ins_m20,45,SpecAnn-cold,0.4695449296338763,1.0,-125758.0,0.0128252506256103,0,True,76,33,False,28,32,2025-11-16 06:08:11
ba_512_1_2.txt,barabasi_albert_10ins_m20,45,SpecAnn-cold,0.4778561045889373,1.0,-125758.0,0.0128664970397949,0,True,76,33,False,29,32,2025-11-16 06:08:11
ba_512_1_2.txt,barabasi_albert_10ins_m20,45,SpecAnn-cold,0.4860251767562508,1.0,-125758.0,0.0129792690277099,0,True,76,33,False,30,32,2025-11-16 06:08:11
ba_512_1_2.txt,barabasi_albert_10ins_m20,45,SpecAnn-cold,0.4940591950252281,1.0,-122786.0,0.0129687786102294,0,True,76,33,False,31,32,2025-11-16 06:08:11
ba_512_1_2.txt,barabasi_albert_10ins_m20,45,SpecAnn-cold,0.5019646441105269,1.0,-121820.0,0.0128736495971679,0,True,76,33,False,32,32,2025-11-16 06:08:11
ba_512_1_2.txt,barabasi_albert_10ins_m20,45,SpecAnn-cold,0.5097475058154177,1.0,-125262.0,0.0129034519195556,0,True,76,33,False,33,32,2025-11-16 06:08:11
ba_512_1_2.txt,barabasi_albert_10ins_m20,45,SpecAnn-cold,0.51741331199832,1.0,-128112.0,0.0128893852233886,0,True,76,33,False,34,32,2025-11-16 06:08:11
ba_512_1_2.txt,barabasi_albert_10ins_m20,45,SpecAnn-cold,0.5249671905758515,1.0,-122648.0,0.0128958225250244,0,True,76,33,False,35,32,2025-11-16 06:08:11
ba_512_1_2.txt,barabasi_albert_10ins_m20,45,SpecAnn-cold,0.5324139056496683,1.0,-123870.0,0.0127604007720947,0,True,76,33,False,36,32,2025-11-16 06:08:11
ba_512_1_2.txt,barabasi_albert_10ins_m20,45,SpecAnn-cold,0.5397578926492556,1.0,-124630.0,0.0127177238464355,0,True,76,33,False,37,32,2025-11-16 06:08:11
ba_512_1_2.txt,barabasi_albert_10ins_m20,45,SpecAnn-cold,0.5470032892270364,1.0,-125022.00000000004,0.0242831707000732,0,True,76,65,False,38,32,2025-11-16 06:08:11
ba_512_1_2.txt,barabasi_albert_10ins_m20,45,SpecAnn-cold,0.554153962516942,1.0,-127818.00000000004,0.0126669406890869,0,True,76,33,False,39,32,2025-11-16 06:08:11
ba_512_1_2.txt,barabasi_albert_10ins_m20,45,SpecAnn-cold,0.5612135332663137,1.0,-127992.00000000004,0.0242714881896972,0,True,76,65,False,40,32,2025-11-16 06:08:11
ba_512_1_2.txt,barabasi_albert_10ins_m20,45,SpecAnn-cold,0.5681853972686127,1.0,-127168.0,0.0242114067077636,0,True,76,65,False,41,32,2025-11-16 06:08:11
ba_512_1_2.txt,barabasi_albert_10ins_m20,45,SpecAnn-cold,0.5750727444570146,1.0,-127168.0,0.0241565704345703,0,True,76,65,False,42,32,2025-11-16 06:08:11
ba_512_1_2.txt,barabasi_albert_10ins_m20,45,SpecAnn-cold,0.5818785759635375,1.0,-127168.0,0.0241646766662597,0,True,76,65,False,43,32,2025-11-16 06:08:11
ba_512_1_2.txt,barabasi_albert_10ins_m20,45,SpecAnn-cold,0.5886057194025436,1.0,-127168.0,0.0242979526519775,0,True,76,65,False,44,32,2025-11-16 06:08:11
ba_512_1_2.txt,barabasi_albert_10ins_m20,45,SpecAnn-cold,0.5952568425994088,1.0,-127356.0,0.0241997241973876,0,True,76,65,False,45,32,2025-11-16 06:08:11
ba_512_1_2.txt,barabasi_albert_10ins_m20,45,SpecAnn-cold,0.6018344659534288,1.0,-127660.0,0.0242552757263183,0,True,76,65,False,46,32,2025-11-16 06:08:12
ba_512_1_2.txt,barabasi_albert_10ins_m20,45,SpecAnn-cold,0.6083409735974393,1.0,-130618.00000000004,0.0241909027099609,0,True,76,65,False,47,32,2025-11-16 06:08:12
ba_512_1_2.txt,barabasi_albert_10ins_m20,45,SpecAnn-cold,0.6147786234942719,1.0,-130760.0,0.0243065357208251,0,True,76,65,False,48,32,2025-11-16 06:08:12
ba_512_1_2.txt,barabasi_albert_10ins_m20,45,SpecAnn-cold,0.6211495565912796,1.0,-130736.0,0.0245213508605957,0,True,76,65,False,49,32,2025-11-16 06:08:12
ba_512_1_2.txt,barabasi_albert_10ins_m20,45,SpecAnn-cold,0.6274558051381586,1.0,-127278.0,0.0243377685546875,0,True,76,65,False,50,32,2025-11-16 06:08:12
ba_512_1_2.txt,barabasi_albert_10ins_m20,45,SpecAnn-cold,0.6336993002596786,1.0,-128944.0,0.0246226787567138,0,True,76,65,False,51,32,2025-11-16 06:08:12
ba_512_1_2.txt,barabasi_albert_10ins_m20,45,SpecAnn-cold,0.6398818788633085,1.0,-129940.0,0.0242741107940673,0,True,76,65,False,52,32,2025-11-16 06:08:12
ba_512_1_2.txt,barabasi_albert_10ins_m20,45,SpecAnn-cold,0.6460052899517691,1.0,-132122.00000000003,0.0244779586791992,0,True,76,65,False,53,32,2025-11-16 06:08:12
ba_512_1_2.txt,barabasi_albert_10ins_m20,45,SpecAnn-cold,0.6520712004019966,1.0,-132122.00000000003,0.024512767791748,0,True,76,65,False,54,32,2025-11-16 06:08:12
ba_512_1_2.txt,barabasi_albert_10ins_m20,45,SpecAnn-cold,0.6580812002646271,1.0,-130576.0,0.0244557857513427,0,True,76,65,False,55,32,2025-11-16 06:08:12
ba_512_1_2.txt,barabasi_albert_10ins_m20,45,SpecAnn-cold,0.6640368076317485,1.0,-133366.0,0.024381399154663,0,True,76,65,False,56,32,2025-11-16 06:08:12
ba_512_1_2.txt,barabasi_albert_10ins_m20,45,SpecAnn-cold,0.6699394731151429,1.0,-134356.0,0.0244154930114746,0,True,76,65,False,57,32,2025-11-16 06:08:12
ba_512_1_2.txt,barabasi_albert_10ins_m20,45,SpecAnn-cold,0.6757905839724513,1.0,-134960.0,0.02443528175354,0,True,76,65,False,58,32,2025-11-16 06:08:12
ba_512_1_2.txt,barabasi_albert_10ins_m20,45,SpecAnn-cold,0.6815914679145113,1.0,-131030.0,0.0243990421295166,0,True,76,65,False,59,32,2025-11-16 06:08:12
ba_512_1_2.txt,barabasi_albert_10ins_m20,45,SpecAnn-cold,0.6873433966234707,1.0,-133804.0,0.024320363998413,0,True,76,65,False,60,32,2025-11-16 06:08:12
ba_512_1_2.txt,barabasi_albert_10ins_m20,45,SpecAnn-cold,0.6930475890080863,1.0,-133540.0,0.0243034362792968,0,True,76,65,False,61,32,2025-11-16 06:08:12
ba_512_1_2.txt,barabasi_albert_10ins_m20,45,SpecAnn-cold,0.6987052142198116,1.0,-134310.00000000003,0.0241715908050537,0,True,76,65,False,62,32,2025-11-16 06:08:12
ba_512_1_2.txt,barabasi_albert_10ins_m20,45,SpecAnn-cold,0.7043173944508145,1.0,-133006.0,0.0243165493011474,0,True,76,65,False,63,32,2025-11-16 06:08:12
ba_512_1_2.txt,barabasi_albert_10ins_m20,45,SpecAnn-cold,0.709885207532891,1.0,-132850.0,0.0242972373962402,0,True,76,65,False,64,32,2025-11-16 06:08:12
ba_512_1_2.txt,barabasi_albert_10ins_m20,45,SpecAnn-cold,0.7154096893543218,1.0,-133704.00000000003,0.024177074432373,0,True,76,65,False,65,32,2025-11-16 06:08:12
ba_512_1_2.txt,barabasi_albert_10ins_m20,45,SpecAnn-cold,0.7208918361100219,1.0,-133702.0,0.0242295265197753,0,True,76,65,False,66,32,2025-11-16 06:08:12
ba_512_1_2.txt,barabasi_albert_10ins_m20,45,SpecAnn-cold,0.7263326063988248,1.0,-135000.0,0.0244197845458984,0,True,76,65,False,67,32,2025-11-16 06:08:12
ba_512_1_2.txt,barabasi_albert_10ins_m20,45,SpecAnn-cold,0.7317329231804058,1.0,-133564.0,0.024360179901123,0,True,76,65,False,68,32,2025-11-16 06:08:12
ba_512_1_2.txt,barabasi_albert_10ins_m20,45,SpecAnn-cold,0.7370936756031579,1.0,-134440.0,0.0244407653808593,0,True,76,65,False,69,32,2025-11-16 06:08:12
ba_512_1_2.txt,barabasi_albert_10ins_m20,45,SpecAnn-cold,0.7424157207132704,1.0,-134984.00000000003,0.024808645248413,0,True,76,65,False,70,32,2025-11-16 06:08:12
ba_512_1_2.txt,barabasi_albert_10ins_m20,45,SpecAnn-cold,0.7476998850543153,1.0,-134522.00000000003,0.024897813796997,0,True,76,65,False,71,32,2025-11-16 06:08:12
ba_512_1_2.txt,barabasi_albert_10ins_m20,45,SpecAnn-cold,0.7529469661657903,1.0,-135700.00000000003,0.0242948532104492,0,True,76,65,False,72,32,2025-11-16 06:08:12
ba_512_1_2.txt,barabasi_albert_10ins_m20,45,SpecAnn-cold,0.7581577339883167,1.0,-135136.0,0.0242352485656738,0,True,76,65,False,73,32,2025-11-16 06:08:12
ba_512_1_2.txt,barabasi_albert_10ins_m20,45,SpecAnn-cold,0.7633329321824984,1.0,-135095.99999999997,0.0243923664093017,0,True,76,65,False,74,32,2025-11-16 06:08:12
ba_512_1_2.txt,barabasi_albert_10ins_m20,45,SpecAnn-cold,0.7684732793678399,1.0,-135658.0,0.0245301723480224,0,True,76,65,False,75,32,2025-11-16 06:08:12
ba_512_1_2.txt,barabasi_albert_10ins_m20,45,SpecAnn-cold,0.7735794702875677,1.0,-134347.99999999997,0.0246460437774658,0,True,76,65,False,76,32,2025-11-16 06:08:12
ba_512_1_2.txt,barabasi_albert_10ins_m20,45,SpecAnn-cold,0.7786521769046981,1.0,-134622.0,0.0246200561523437,0,True,76,65,False,77,32,2025-11-16 06:08:12
ba_512_1_2.txt,barabasi_albert_10ins_m20,45,SpecAnn-cold,0.7836920494342511,1.0,-134622.0,0.0244526863098144,0,True,76,65,False,78,32,2025-11-16 06:08:12
ba_512_1_2.txt,barabasi_albert_10ins_m20,45,SpecAnn-cold,0.788699717316095,1.0,-134728.0,0.0244629383087158,0,True,76,65,False,79,32,2025-11-16 06:08:12
ba_512_1_2.txt,barabasi_albert_10ins_m20,45,SpecAnn-cold,0.7936757901325451,1.0,-133608.0,0.0242121219635009,0,True,76,65,False,80,32,2025-11-16 06:08:12
ba_512_1_2.txt,barabasi_albert_10ins_m20,45,SpecAnn-cold,0.7986208584745024,1.0,-134646.0,0.0241866111755371,0,True,76,65,False,81,32,2025-11-16 06:08:12
ba_512_1_2.txt,barabasi_albert_10ins_m20,45,SpecAnn-cold,0.803535494759617,1.0,-135478.0,0.0242080688476562,0,True,76,65,False,82,32,2025-11-16 06:08:12
ba_512_1_2.txt,barabasi_albert_10ins_m20,45,SpecAnn-cold,0.8084202540056837,1.0,-135188.0,0.0242948532104492,0,True,76,65,False,83,32,2025-11-16 06:08:12
ba_512_1_2.txt,barabasi_albert_10ins_m20,45,SpecAnn-cold,0.8132756745622272,1.0,-135276.0,0.0241761207580566,0,True,76,65,False,84,32,2025-11-16 06:08:12
ba_512_1_2.txt,barabasi_albert_10ins_m20,45,SpecAnn-cold,0.8181022788030096,1.0,-135378.0,0.0242936611175537,0,True,76,65,False,85,32,2025-11-16 06:08:12
ba_512_1_2.txt,barabasi_albert_10ins_m20,45,SpecAnn-cold,0.822900573781978,1.0,-134790.0,0.0242996215820312,0,True,76,65,False,86,32,2025-11-16 06:08:12
ba_512_1_2.txt,barabasi_albert_10ins_m20,45,SpecAnn-cold,0.8276710518549868,1.0,-134492.00000000003,0.0242922306060791,0,True,76,65,False,87,32,2025-11-16 06:08:13
ba_512_1_2.txt,barabasi_albert_10ins_m20,45,SpecAnn-cold,0.8324141912694495,1.0,-135800.0,0.0241858959197998,0,True,76,65,False,88,32,2025-11-16 06:08:13
ba_512_1_2.txt,barabasi_albert_10ins_m20,45,SpecAnn-cold,0.8371304567239225,1.0,-135176.0,0.0242164134979248,0,True,76,65,False,89,32,2025-11-16 06:08:13
ba_512_1_2.txt,barabasi_albert_10ins_m20,45,SpecAnn-cold,0.8418202998994706,1.0,-135158.0,0.0241885185241699,0,True,76,65,False,90,32,2025-11-16 06:08:13
ba_512_1_2.txt,barabasi_albert_10ins_m20,45,SpecAnn-cold,0.846484159964536,1.0,-135308.00000000003,0.0243735313415527,0,True,76,65,False,91,32,2025-11-16 06:08:13
ba_512_1_2.txt,barabasi_albert_10ins_m20,45,SpecAnn-cold,0.8511224640549078,1.0,-133710.0,0.0242030620574951,0,True,76,65,False,92,32,2025-11-16 06:08:13
ba_512_1_2.txt,barabasi_albert_10ins_m20,45,SpecAnn-cold,0.8557356277302758,1.0,-133553.99999999997,0.0243511199951171,0,True,76,65,False,93,32,2025-11-16 06:08:13
ba_512_1_2.txt,barabasi_albert_10ins_m20,45,SpecAnn-cold,0.8603240554087516,1.0,-135578.00000000003,0.0242962837219238,0,True,76,65,False,94,32,2025-11-16 06:08:13
ba_512_1_2.txt,barabasi_albert_10ins_m20,45,SpecAnn-cold,0.86488814078064,1.0,-135478.00000000003,0.0243172645568847,0,True,76,65,False,95,32,2025-11-16 06:08:13
ba_512_1_2.txt,barabasi_albert_10ins_m20,45,SpecAnn-cold,0.8694282672026621,1.0,-133710.0,0.0246458053588867,0,True,76,65,False,96,32,2025-11-16 06:08:13
ba_512_1_2.txt,barabasi_albert_10ins_m20,45,SpecAnn-cold,0.8739448080737451,1.0,-133710.0,0.0246369838714599,0,True,76,65,False,97,32,2025-11-16 06:08:13
ba_512_1_2.txt,barabasi_albert_10ins_m20,45,SpecAnn-cold,0.878438127193422,1.0,-133710.0,0.0242023468017578,0,True,76,65,False,98,32,2025-11-16 06:08:13
ba_512_1_2.txt,barabasi_albert_10ins_m20,45,SpecAnn-cold,0.8829085791038153,1.0,-135082.0,0.0242114067077636,0,True,76,65,False,99,32,2025-11-16 06:08:13
ba_512_1_2.txt,barabasi_albert_10ins_m20,45,SpecAnn-cold,0.8873565094161138,1.0,-134964.0,0.0241246223449707,0,True,76,65,False,100,32,2025-11-16 06:08:13
ba_512_1_2.txt,barabasi_albert_10ins_m20,45,SpecAnn-cold,0.8917822551223932,1.0,-134964.0,0.0241420269012451,0,True,76,65,False,101,32,2025-11-16 06:08:13
ba_512_1_2.txt,barabasi_albert_10ins_m20,45,SpecAnn-cold,0.8961861448935777,1.0,-135166.0,0.0241267681121826,0,True,76,65,False,102,32,2025-11-16 06:08:13
ba_512_1_2.txt,barabasi_albert_10ins_m20,45,SpecAnn-cold,0.9005684993642872,1.0,-134442.0,0.0241832733154296,0,True,76,65,False,103,32,2025-11-16 06:08:13
ba_512_1_2.txt,barabasi_albert_10ins_m20,45,SpecAnn-cold,0.9049296314052688,1.0,-133556.0,0.0246350765228271,0,True,76,65,False,104,32,2025-11-16 06:08:13
ba_512_1_2.txt,barabasi_albert_10ins_m20,45,SpecAnn-cold,0.9092698463840684,1.0,-133556.0,0.0245993137359619,0,True,76,65,False,105,32,2025-11-16 06:08:13
ba_512_1_2.txt,barabasi_albert_10ins_m20,45,SpecAnn-cold,0.9135894424145556,1.0,-135474.0,0.0241925716400146,0,True,76,65,False,106,32,2025-11-16 06:08:13
ba_512_1_2.txt,barabasi_albert_10ins_m20,45,SpecAnn-cold,0.9178887105958816,1.0,-134442.0,0.0242156982421875,0,True,76,65,False,107,32,2025-11-16 06:08:13
ba_512_1_2.txt,barabasi_albert_10ins_m20,45,SpecAnn-cold,0.922167935241408,1.0,-134442.0,0.024346113204956,0,True,76,65,False,108,32,2025-11-16 06:08:13
ba_512_1_2.txt,barabasi_albert_10ins_m20,45,SpecAnn-cold,0.92642739409812,1.0,-135080.0,0.0242953300476074,0,True,76,65,False,109,32,2025-11-16 06:08:13
ba_512_1_2.txt,barabasi_albert_10ins_m20,45,SpecAnn-cold,0.9306673585570006,1.0,-135368.0,0.02421236038208,0,True,76,65,False,110,32,2025-11-16 06:08:13
ba_512_1_2.txt,barabasi_albert_10ins_m20,45,SpecAnn-cold,0.9348880938548184,1.0,-135368.0,0.0247509479522705,0,True,76,65,False,111,32,2025-11-16 06:08:13
ba_512_1_2.txt,barabasi_albert_10ins_m20,45,SpecAnn-cold,0.9390898592677528,1.0,-135368.0,0.0247869491577148,0,True,76,65,False,112,32,2025-11-16 06:08:13
ba_512_1_2.txt,barabasi_albert_10ins_m20,45,SpecAnn-cold,0.9432729082972536,1.0,-135119.99999999997,0.02437424659729,0,True,76,65,False,113,32,2025-11-16 06:08:13
ba_512_1_2.txt,barabasi_albert_10ins_m20,45,SpecAnn-cold,0.9474374888485204,1.0,-134408.0,0.024355411529541,0,True,76,65,False,114,32,2025-11-16 06:08:13
ba_512_1_2.txt,barabasi_albert_10ins_m20,45,SpecAnn-cold,0.9515838434019476,1.0,-135352.0,0.0243177413940429,0,True,76,65,False,115,32,2025-11-16 06:08:13
ba_512_1_2.txt,barabasi_albert_10ins_m20,45,SpecAnn-cold,0.9557122091778746,1.0,-135050.0,0.0243618488311767,0,True,76,65,False,116,32,2025-11-16 06:08:13
ba_512_1_2.txt,barabasi_albert_10ins_m20,45,SpecAnn-cold,0.9598228182949629,1.0,-134589.99999999997,0.0246980190277099,0,True,76,65,False,117,32,2025-11-16 06:08:13
ba_512_1_2.txt,barabasi_albert_10ins_m20,45,SpecAnn-cold,0.963915897922488,1.0,-135260.0,0.0245528221130371,0,True,76,65,False,118,32,2025-11-16 06:08:13
ba_512_1_2.txt,barabasi_albert_10ins_m20,45,SpecAnn-cold,0.967991670426842,1.0,-135260.0,0.0246138572692871,0,True,76,65,False,119,32,2025-11-16 06:08:13
ba_512_1_2.txt,barabasi_albert_10ins_m20,45,SpecAnn-cold,0.9720503535125016,1.0,-135260.0,0.0359644889831543,0,True,76,97,False,120,32,2025-11-16 06:08:13
ba_512_1_2.txt,barabasi_albert_10ins_m20,45,SpecAnn-cold,0.9760921603577252,1.0,-135282.0,0.0242207050323486,0,True,76,65,False,121,32,2025-11-16 06:08:13
ba_512_1_2.txt,barabasi_albert_10ins_m20,45,SpecAnn-cold,0.9801172997452104,1.0,-135282.0,0.0241663455963134,0,True,76,65,False,122,32,2025-11-16 06:08:13
ba_512_1_2.txt,barabasi_albert_10ins_m20,45,SpecAnn-cold,0.9841259761879442,1.0,-133866.0,0.0242810249328613,0,True,76,65,False,123,32,2025-11-16 06:08:13
ba_512_1_2.txt,barabasi_albert_10ins_m20,45,SpecAnn-cold,0.9881183900504562,1.0,-133866.0,0.0243420600891113,0,True,76,65,False,124,32,2025-11-16 06:08:13
ba_512_1_2.txt,barabasi_albert_10ins_m20,45,SpecAnn-cold,0.9920947376656812,1.0,-134857.99999999997,0.0241875648498535,0,True,76,65,False,125,32,2025-11-16 06:08:13
ba_512_1_2.txt,barabasi_albert_10ins_m20,45,SpecAnn-cold,0.9960552114476228,1.0,-134857.99999999997,0.0242156982421875,0,True,76,65,False,126,32,2025-11-16 06:08:13
ba_512_1_2.txt,barabasi_albert_10ins_m20,45,SpecAnn-cold,1.0,1.0,-133468.0,0.0242295265197753,0,True,76,65,False,127,32,2025-11-16 06:08:14
ba_512_1_2.txt,barabasi_albert_10ins_m20,46,SpecAnn-cold,0.0,1.0,-127184.0,0.0133342742919921,0,True,73,33,False,0,32,2025-11-16 06:08:14
ba_512_1_2.txt,barabasi_albert_10ins_m20,46,SpecAnn-cold,0.0887356509416113,1.0,-125280.0,0.0129003524780273,0,True,73,33,False,1,32,2025-11-16 06:08:14
ba_512_1_2.txt,barabasi_albert_10ins_m20,46,SpecAnn-cold,0.1254911610276317,1.0,-128672.0,0.0127198696136474,0,True,73,33,False,2,32,2025-11-16 06:08:14
ba_512_1_2.txt,barabasi_albert_10ins_m20,46,SpecAnn-cold,0.1536946558735679,1.0,-128672.0,0.0128800868988037,0,True,73,33,False,3,32,2025-11-16 06:08:14
ba_512_1_2.txt,barabasi_albert_10ins_m20,46,SpecAnn-cold,0.1774713018832227,1.0,-123440.0,0.0127255916595458,0,True,73,33,False,4,32,2025-11-16 06:08:14
ba_512_1_2.txt,barabasi_albert_10ins_m20,46,SpecAnn-cold,0.1984189475331362,1.0,-127498.0,0.0126459598541259,0,True,73,33,False,5,32,2025-11-16 06:08:14
ba_512_1_2.txt,barabasi_albert_10ins_m20,46,SpecAnn-cold,0.2173570668006655,1.0,-126252.0,0.0127482414245605,0,True,73,33,False,6,32,2025-11-16 06:08:14
ba_512_1_2.txt,barabasi_albert_10ins_m20,46,SpecAnn-cold,0.2347724648169381,1.0,-125763.99999999996,0.0127124786376953,0,True,73,33,False,7,32,2025-11-16 06:08:14
ba_512_1_2.txt,barabasi_albert_10ins_m20,46,SpecAnn-cold,0.2509823220552634,1.0,-122941.99999999996,0.0126683712005615,0,True,73,33,False,8,32,2025-11-16 06:08:14
ba_512_1_2.txt,barabasi_albert_10ins_m20,46,SpecAnn-cold,0.2662069528248341,1.0,-122941.99999999996,0.0127515792846679,0,True,73,33,False,9,32,2025-11-16 06:08:14
ba_512_1_2.txt,barabasi_albert_10ins_m20,46,SpecAnn-cold,0.2806067666331568,1.0,-126592.0,0.0126800537109375,0,True,73,33,False,10,32,2025-11-16 06:08:14
ba_512_1_2.txt,barabasi_albert_10ins_m20,46,SpecAnn-cold,0.2943028597012718,1.0,-124102.0,0.0128555297851562,0,True,73,33,False,11,32,2025-11-16 06:08:14
ba_512_1_2.txt,barabasi_albert_10ins_m20,46,SpecAnn-cold,0.3073893117471359,1.0,-124102.0,0.0128982067108154,0,True,73,33,False,12,32,2025-11-16 06:08:14
ba_512_1_2.txt,barabasi_albert_10ins_m20,46,SpecAnn-cold,0.3199409394316542,1.0,-124102.0,0.0129122734069824,0,True,73,33,False,13,32,2025-11-16 06:08:14
ba_512_1_2.txt,barabasi_albert_10ins_m20,46,SpecAnn-cold,0.3320184038158743,1.0,-124102.0,0.0127279758453369,0,True,73,33,False,14,32,2025-11-16 06:08:14
ba_512_1_2.txt,barabasi_albert_10ins_m20,46,SpecAnn-cold,0.3436716983117353,1.0,-125655.99999999996,0.0127499103546142,0,True,73,33,False,15,32,2025-11-16 06:08:14
ba_512_1_2.txt,barabasi_albert_10ins_m20,46,SpecAnn-cold,0.3549426037664455,1.0,-126538.0,0.0128982067108154,0,True,73,33,False,16,32,2025-11-16 06:08:14
ba_512_1_2.txt,barabasi_albert_10ins_m20,46,SpecAnn-cold,0.3658664615902029,1.0,-126762.0,0.0126669406890869,0,True,73,33,False,17,32,2025-11-16 06:08:14
ba_512_1_2.txt,barabasi_albert_10ins_m20,46,SpecAnn-cold,0.3764734830828951,1.0,-126762.0,0.0127511024475097,0,True,73,33,False,18,32,2025-11-16 06:08:14
ba_512_1_2.txt,barabasi_albert_10ins_m20,46,SpecAnn-cold,0.3867897351437838,1.0,-122826.0,0.012831687927246,0,True,73,33,False,19,32,2025-11-16 06:08:14
ba_512_1_2.txt,barabasi_albert_10ins_m20,46,SpecAnn-cold,0.3968378950662725,1.0,-127854.0,0.0127124786376953,0,True,73,33,False,20,32,2025-11-16 06:08:14
ba_512_1_2.txt,barabasi_albert_10ins_m20,46,SpecAnn-cold,0.4066378372811136,1.0,-126090.0,0.0128290653228759,0,True,73,33,False,21,32,2025-11-16 06:08:14
ba_512_1_2.txt,barabasi_albert_10ins_m20,46,SpecAnn-cold,0.4162070956347247,1.0,-127076.0,0.0127737522125244,0,True,73,33,False,22,32,2025-11-16 06:08:14
ba_512_1_2.txt,barabasi_albert_10ins_m20,46,SpecAnn-cold,0.4255612320274539,1.0,-127622.0,0.0127418041229248,0,True,73,33,False,23,32,2025-11-16 06:08:14
ba_512_1_2.txt,barabasi_albert_10ins_m20,46,SpecAnn-cold,0.434714133601331,1.0,-125672.0,0.0127174854278564,0,True,73,33,False,24,32,2025-11-16 06:08:14
ba_512_1_2.txt,barabasi_albert_10ins_m20,46,SpecAnn-cold,0.4436782547080569,1.0,-125270.0,0.012688398361206,0,True,73,33,False,25,32,2025-11-16 06:08:14
ba_512_1_2.txt,barabasi_albert_10ins_m20,46,SpecAnn-cold,0.4524648157026343,1.0,-127392.0,0.0244331359863281,0,True,73,65,False,26,32,2025-11-16 06:08:14
ba_512_1_2.txt,barabasi_albert_10ins_m20,46,SpecAnn-cold,0.4610839676207039,1.0,-127840.0,0.0126686096191406,0,True,73,33,False,27,32,2025-11-16 06:08:14
ba_512_1_2.txt,barabasi_albert_10ins_m20,46,SpecAnn-cold,0.4695449296338763,1.0,-122858.0,0.0127735137939453,0,True,73,33,False,28,32,2025-11-16 06:08:14
ba_512_1_2.txt,barabasi_albert_10ins_m20,46,SpecAnn-cold,0.4778561045889373,1.0,-122858.0,0.0126895904541015,0,True,73,33,False,29,32,2025-11-16 06:08:14
ba_512_1_2.txt,barabasi_albert_10ins_m20,46,SpecAnn-cold,0.4860251767562508,1.0,-122858.0,0.0127429962158203,0,True,73,33,False,30,32,2025-11-16 06:08:14
ba_512_1_2.txt,barabasi_albert_10ins_m20,46,SpecAnn-cold,0.4940591950252281,1.0,-125658.0,0.0128595829010009,0,True,73,33,False,31,32,2025-11-16 06:08:14
ba_512_1_2.txt,barabasi_albert_10ins_m20,46,SpecAnn-cold,0.5019646441105269,1.0,-121966.0,0.013012409210205,0,True,73,33,False,32,32,2025-11-16 06:08:14
ba_512_1_2.txt,barabasi_albert_10ins_m20,46,SpecAnn-cold,0.5097475058154177,1.0,-122095.99999999996,0.0248494148254394,0,True,73,65,False,33,32,2025-11-16 06:08:14
ba_512_1_2.txt,barabasi_albert_10ins_m20,46,SpecAnn-cold,0.51741331199832,1.0,-127516.0,0.0129382610321044,0,True,73,33,False,34,32,2025-11-16 06:08:14
ba_512_1_2.txt,barabasi_albert_10ins_m20,46,SpecAnn-cold,0.5249671905758515,1.0,-123574.0,0.0128483772277832,0,True,73,33,False,35,32,2025-11-16 06:08:14
ba_512_1_2.txt,barabasi_albert_10ins_m20,46,SpecAnn-cold,0.5324139056496683,1.0,-126196.0,0.0127568244934082,0,True,73,33,False,36,32,2025-11-16 06:08:14
ba_512_1_2.txt,barabasi_albert_10ins_m20,46,SpecAnn-cold,0.5397578926492556,1.0,-124312.0,0.024454116821289,0,True,73,65,False,37,32,2025-11-16 06:08:14
ba_512_1_2.txt,barabasi_albert_10ins_m20,46,SpecAnn-cold,0.5470032892270364,1.0,-124932.0,0.0127105712890625,0,True,73,33,False,38,32,2025-11-16 06:08:14
ba_512_1_2.txt,barabasi_albert_10ins_m20,46,SpecAnn-cold,0.554153962516942,1.0,-125894.0,0.0127913951873779,0,True,73,33,False,39,32,2025-11-16 06:08:14
ba_512_1_2.txt,barabasi_albert_10ins_m20,46,SpecAnn-cold,0.5612135332663137,1.0,-126850.0,0.0126442909240722,0,True,73,33,False,40,32,2025-11-16 06:08:14
ba_512_1_2.txt,barabasi_albert_10ins_m20,46,SpecAnn-cold,0.5681853972686127,1.0,-128138.0,0.0246679782867431,0,True,73,65,False,41,32,2025-11-16 06:08:14
ba_512_1_2.txt,barabasi_albert_10ins_m20,46,SpecAnn-cold,0.5750727444570146,1.0,-128138.0,0.0247361660003662,0,True,73,65,False,42,32,2025-11-16 06:08:14
ba_512_1_2.txt,barabasi_albert_10ins_m20,46,SpecAnn-cold,0.5818785759635375,1.0,-128138.0,0.0246739387512207,0,True,73,65,False,43,32,2025-11-16 06:08:14
ba_512_1_2.txt,barabasi_albert_10ins_m20,46,SpecAnn-cold,0.5886057194025436,1.0,-128138.0,0.0244143009185791,0,True,73,65,False,44,32,2025-11-16 06:08:14
ba_512_1_2.txt,barabasi_albert_10ins_m20,46,SpecAnn-cold,0.5952568425994088,1.0,-125200.0,0.0243856906890869,0,True,73,65,False,45,32,2025-11-16 06:08:14
ba_512_1_2.txt,barabasi_albert_10ins_m20,46,SpecAnn-cold,0.6018344659534288,1.0,-127476.0,0.0242762565612792,0,True,73,65,False,46,32,2025-11-16 06:08:14
ba_512_1_2.txt,barabasi_albert_10ins_m20,46,SpecAnn-cold,0.6083409735974393,1.0,-133219.99999999997,0.0242466926574707,0,True,73,65,False,47,32,2025-11-16 06:08:14
ba_512_1_2.txt,barabasi_albert_10ins_m20,46,SpecAnn-cold,0.6147786234942719,1.0,-129430.0,0.0243847370147705,0,True,73,65,False,48,32,2025-11-16 06:08:14
ba_512_1_2.txt,barabasi_albert_10ins_m20,46,SpecAnn-cold,0.6211495565912796,1.0,-133250.0,0.0243003368377685,0,True,73,65,False,49,32,2025-11-16 06:08:14
ba_512_1_2.txt,barabasi_albert_10ins_m20,46,SpecAnn-cold,0.6274558051381586,1.0,-133104.0,0.024132490158081,0,True,73,65,False,50,32,2025-11-16 06:08:14
ba_512_1_2.txt,barabasi_albert_10ins_m20,46,SpecAnn-cold,0.6336993002596786,1.0,-129358.0,0.0241415500640869,0,True,73,65,False,51,32,2025-11-16 06:08:14
ba_512_1_2.txt,barabasi_albert_10ins_m20,46,SpecAnn-cold,0.6398818788633085,1.0,-128716.0,0.0242755413055419,0,True,73,65,False,52,32,2025-11-16 06:08:15
ba_512_1_2.txt,barabasi_albert_10ins_m20,46,SpecAnn-cold,0.6460052899517691,1.0,-129936.0,0.0241849422454834,0,True,73,65,False,53,32,2025-11-16 06:08:15
ba_512_1_2.txt,barabasi_albert_10ins_m20,46,SpecAnn-cold,0.6520712004019966,1.0,-129936.0,0.0243630409240722,0,True,73,65,False,54,32,2025-11-16 06:08:15
ba_512_1_2.txt,barabasi_albert_10ins_m20,46,SpecAnn-cold,0.6580812002646271,1.0,-133926.0,0.0243647098541259,0,True,73,65,False,55,32,2025-11-16 06:08:15
ba_512_1_2.txt,barabasi_albert_10ins_m20,46,SpecAnn-cold,0.6640368076317485,1.0,-132844.0,0.0242693424224853,0,True,73,65,False,56,32,2025-11-16 06:08:15
ba_512_1_2.txt,barabasi_albert_10ins_m20,46,SpecAnn-cold,0.6699394731151429,1.0,-134298.00000000003,0.0242848396301269,0,True,73,65,False,57,32,2025-11-16 06:08:15
ba_512_1_2.txt,barabasi_albert_10ins_m20,46,SpecAnn-cold,0.6757905839724513,1.0,-133200.0,0.0244772434234619,0,True,73,65,False,58,32,2025-11-16 06:08:15
ba_512_1_2.txt,barabasi_albert_10ins_m20,46,SpecAnn-cold,0.6815914679145113,1.0,-132622.0,0.0243027210235595,0,True,73,65,False,59,32,2025-11-16 06:08:15
ba_512_1_2.txt,barabasi_albert_10ins_m20,46,SpecAnn-cold,0.6873433966234707,1.0,-134540.0,0.024383544921875,0,True,73,65,False,60,32,2025-11-16 06:08:15
ba_512_1_2.txt,barabasi_albert_10ins_m20,46,SpecAnn-cold,0.6930475890080863,1.0,-130490.0,0.0245096683502197,0,True,73,65,False,61,32,2025-11-16 06:08:15
ba_512_1_2.txt,barabasi_albert_10ins_m20,46,SpecAnn-cold,0.6987052142198116,1.0,-134168.0,0.0247049331665039,0,True,73,65,False,62,32,2025-11-16 06:08:15
ba_512_1_2.txt,barabasi_albert_10ins_m20,46,SpecAnn-cold,0.7043173944508145,1.0,-133036.0,0.0241787433624267,0,True,73,65,False,63,32,2025-11-16 06:08:15
ba_512_1_2.txt,barabasi_albert_10ins_m20,46,SpecAnn-cold,0.709885207532891,1.0,-132645.99999999997,0.0242960453033447,0,True,73,65,False,64,32,2025-11-16 06:08:15
ba_512_1_2.txt,barabasi_albert_10ins_m20,46,SpecAnn-cold,0.7154096893543218,1.0,-134872.00000000003,0.0241980552673339,0,True,73,65,False,65,32,2025-11-16 06:08:15
ba_512_1_2.txt,barabasi_albert_10ins_m20,46,SpecAnn-cold,0.7208918361100219,1.0,-134370.0,0.0242929458618164,0,True,73,65,False,66,32,2025-11-16 06:08:15
ba_512_1_2.txt,barabasi_albert_10ins_m20,46,SpecAnn-cold,0.7263326063988248,1.0,-134916.0,0.0243608951568603,0,True,73,65,False,67,32,2025-11-16 06:08:15
ba_512_1_2.txt,barabasi_albert_10ins_m20,46,SpecAnn-cold,0.7317329231804058,1.0,-134882.0,0.024259328842163,0,True,73,65,False,68,32,2025-11-16 06:08:15
ba_512_1_2.txt,barabasi_albert_10ins_m20,46,SpecAnn-cold,0.7370936756031579,1.0,-134166.00000000003,0.0247373580932617,0,True,73,65,False,69,32,2025-11-16 06:08:15
ba_512_1_2.txt,barabasi_albert_10ins_m20,46,SpecAnn-cold,0.7424157207132704,1.0,-133502.00000000003,0.024829626083374,0,True,73,65,False,70,32,2025-11-16 06:08:15
ba_512_1_2.txt,barabasi_albert_10ins_m20,46,SpecAnn-cold,0.7476998850543153,1.0,-135700.0,0.0243453979492187,0,True,73,65,False,71,32,2025-11-16 06:08:15
ba_512_1_2.txt,barabasi_albert_10ins_m20,46,SpecAnn-cold,0.7529469661657903,1.0,-135666.0,0.024346113204956,0,True,73,65,False,72,32,2025-11-16 06:08:15
ba_512_1_2.txt,barabasi_albert_10ins_m20,46,SpecAnn-cold,0.7581577339883167,1.0,-135100.0,0.0245468616485595,0,True,73,65,False,73,32,2025-11-16 06:08:15
ba_512_1_2.txt,barabasi_albert_10ins_m20,46,SpecAnn-cold,0.7633329321824984,1.0,-135496.0,0.0243463516235351,0,True,73,65,False,74,32,2025-11-16 06:08:15
ba_512_1_2.txt,barabasi_albert_10ins_m20,46,SpecAnn-cold,0.7684732793678399,1.0,-135314.0,0.0243122577667236,0,True,73,65,False,75,32,2025-11-16 06:08:15
ba_512_1_2.txt,barabasi_albert_10ins_m20,46,SpecAnn-cold,0.7735794702875677,1.0,-134688.0,0.024803876876831,0,True,73,65,False,76,32,2025-11-16 06:08:15
ba_512_1_2.txt,barabasi_albert_10ins_m20,46,SpecAnn-cold,0.7786521769046981,1.0,-135454.0,0.0247972011566162,0,True,73,65,False,77,32,2025-11-16 06:08:15
ba_512_1_2.txt,barabasi_albert_10ins_m20,46,SpecAnn-cold,0.7836920494342511,1.0,-135454.0,0.0245490074157714,0,True,73,65,False,78,32,2025-11-16 06:08:15
ba_512_1_2.txt,barabasi_albert_10ins_m20,46,SpecAnn-cold,0.788699717316095,1.0,-134960.0,0.0242719650268554,0,True,73,65,False,79,32,2025-11-16 06:08:15
ba_512_1_2.txt,barabasi_albert_10ins_m20,46,SpecAnn-cold,0.7936757901325451,1.0,-134792.0,0.0242242813110351,0,True,73,65,False,80,32,2025-11-16 06:08:15
ba_512_1_2.txt,barabasi_albert_10ins_m20,46,SpecAnn-cold,0.7986208584745024,1.0,-134693.99999999997,0.0242748260498046,0,True,73,65,False,81,32,2025-11-16 06:08:15
ba_512_1_2.txt,barabasi_albert_10ins_m20,46,SpecAnn-cold,0.803535494759617,1.0,-135303.99999999997,0.024402379989624,0,True,73,65,False,82,32,2025-11-16 06:08:15
ba_512_1_2.txt,barabasi_albert_10ins_m20,46,SpecAnn-cold,0.8084202540056837,1.0,-134848.0,0.0246186256408691,0,True,73,65,False,83,32,2025-11-16 06:08:15
ba_512_1_2.txt,barabasi_albert_10ins_m20,46,SpecAnn-cold,0.8132756745622272,1.0,-135039.99999999997,0.0246310234069824,0,True,73,65,False,84,32,2025-11-16 06:08:15
ba_512_1_2.txt,barabasi_albert_10ins_m20,46,SpecAnn-cold,0.8181022788030096,1.0,-135616.0,0.0245187282562255,0,True,73,65,False,85,32,2025-11-16 06:08:15
ba_512_1_2.txt,barabasi_albert_10ins_m20,46,SpecAnn-cold,0.822900573781978,1.0,-135652.0,0.0243086814880371,0,True,73,65,False,86,32,2025-11-16 06:08:15
ba_512_1_2.txt,barabasi_albert_10ins_m20,46,SpecAnn-cold,0.8276710518549868,1.0,-135226.00000000003,0.0242934226989746,0,True,73,65,False,87,32,2025-11-16 06:08:15
ba_512_1_2.txt,barabasi_albert_10ins_m20,46,SpecAnn-cold,0.8324141912694495,1.0,-134662.0,0.0241918563842773,0,True,73,65,False,88,32,2025-11-16 06:08:15
ba_512_1_2.txt,barabasi_albert_10ins_m20,46,SpecAnn-cold,0.8371304567239225,1.0,-134444.0,0.0242419242858886,0,True,73,65,False,89,32,2025-11-16 06:08:15
ba_512_1_2.txt,barabasi_albert_10ins_m20,46,SpecAnn-cold,0.8418202998994706,1.0,-133570.0,0.0241909027099609,0,True,73,65,False,90,32,2025-11-16 06:08:15
ba_512_1_2.txt,barabasi_albert_10ins_m20,46,SpecAnn-cold,0.846484159964536,1.0,-134689.99999999997,0.0241518020629882,0,True,73,65,False,91,32,2025-11-16 06:08:15
ba_512_1_2.txt,barabasi_albert_10ins_m20,46,SpecAnn-cold,0.8511224640549078,1.0,-135182.0,0.0242011547088623,0,True,73,65,False,92,32,2025-11-16 06:08:15
ba_512_1_2.txt,barabasi_albert_10ins_m20,46,SpecAnn-cold,0.8557356277302758,1.0,-134821.99999999997,0.0242588520050048,0,True,73,65,False,93,32,2025-11-16 06:08:16
ba_512_1_2.txt,barabasi_albert_10ins_m20,46,SpecAnn-cold,0.8603240554087516,1.0,-134940.00000000003,0.0241756439208984,0,True,73,65,False,94,32,2025-11-16 06:08:16
ba_512_1_2.txt,barabasi_albert_10ins_m20,46,SpecAnn-cold,0.86488814078064,1.0,-134715.99999999997,0.0242650508880615,0,True,73,65,False,95,32,2025-11-16 06:08:16
ba_512_1_2.txt,barabasi_albert_10ins_m20,46,SpecAnn-cold,0.8694282672026621,1.0,-135376.0,0.0241763591766357,0,True,73,65,False,96,32,2025-11-16 06:08:16
ba_512_1_2.txt,barabasi_albert_10ins_m20,46,SpecAnn-cold,0.8739448080737451,1.0,-135072.0,0.0242414474487304,0,True,73,65,False,97,32,2025-11-16 06:08:16
ba_512_1_2.txt,barabasi_albert_10ins_m20,46,SpecAnn-cold,0.878438127193422,1.0,-135072.0,0.0242431163787841,0,True,73,65,False,98,32,2025-11-16 06:08:16
ba_512_1_2.txt,barabasi_albert_10ins_m20,46,SpecAnn-cold,0.8829085791038153,1.0,-135700.00000000003,0.0242269039154052,0,True,73,65,False,99,32,2025-11-16 06:08:16
ba_512_1_2.txt,barabasi_albert_10ins_m20,46,SpecAnn-cold,0.8873565094161138,1.0,-135700.00000000003,0.0241453647613525,0,True,73,65,False,100,32,2025-11-16 06:08:16
ba_512_1_2.txt,barabasi_albert_10ins_m20,46,SpecAnn-cold,0.8917822551223932,1.0,-135700.00000000003,0.0241680145263671,0,True,73,65,False,101,32,2025-11-16 06:08:16
ba_512_1_2.txt,barabasi_albert_10ins_m20,46,SpecAnn-cold,0.8961861448935777,1.0,-134350.0,0.0240609645843505,0,True,73,65,False,102,32,2025-11-16 06:08:16
ba_512_1_2.txt,barabasi_albert_10ins_m20,46,SpecAnn-cold,0.9005684993642872,1.0,-135834.0,0.0241146087646484,0,True,73,65,False,103,32,2025-11-16 06:08:16
ba_512_1_2.txt,barabasi_albert_10ins_m20,46,SpecAnn-cold,0.9049296314052688,1.0,-135558.0,0.0242197513580322,0,True,73,65,False,104,32,2025-11-16 06:08:16
ba_512_1_2.txt,barabasi_albert_10ins_m20,46,SpecAnn-cold,0.9092698463840684,1.0,-135312.0,0.0242512226104736,0,True,73,65,False,105,32,2025-11-16 06:08:16
ba_512_1_2.txt,barabasi_albert_10ins_m20,46,SpecAnn-cold,0.9135894424145556,1.0,-134455.99999999997,0.024379014968872,0,True,73,65,False,106,32,2025-11-16 06:08:16
ba_512_1_2.txt,barabasi_albert_10ins_m20,46,SpecAnn-cold,0.9178887105958816,1.0,-134764.00000000003,0.0241992473602294,0,True,73,65,False,107,32,2025-11-16 06:08:16
ba_512_1_2.txt,barabasi_albert_10ins_m20,46,SpecAnn-cold,0.922167935241408,1.0,-134764.00000000003,0.0242924690246582,0,True,73,65,False,108,32,2025-11-16 06:08:16
ba_512_1_2.txt,barabasi_albert_10ins_m20,46,SpecAnn-cold,0.92642739409812,1.0,-135448.0,0.0243189334869384,0,True,73,65,False,109,32,2025-11-16 06:08:16
ba_512_1_2.txt,barabasi_albert_10ins_m20,46,SpecAnn-cold,0.9306673585570006,1.0,-135074.0,0.0243289470672607,0,True,73,65,False,110,32,2025-11-16 06:08:16
ba_512_1_2.txt,barabasi_albert_10ins_m20,46,SpecAnn-cold,0.9348880938548184,1.0,-135074.0,0.0243487358093261,0,True,73,65,False,111,32,2025-11-16 06:08:16
ba_512_1_2.txt,barabasi_albert_10ins_m20,46,SpecAnn-cold,0.9390898592677528,1.0,-135074.0,0.0244081020355224,0,True,73,65,False,112,32,2025-11-16 06:08:16
ba_512_1_2.txt,barabasi_albert_10ins_m20,46,SpecAnn-cold,0.9432729082972536,1.0,-135426.0,0.0244481563568115,0,True,73,65,False,113,32,2025-11-16 06:08:16
ba_512_1_2.txt,barabasi_albert_10ins_m20,46,SpecAnn-cold,0.9474374888485204,1.0,-135278.0,0.0243308544158935,0,True,73,65,False,114,32,2025-11-16 06:08:16
ba_512_1_2.txt,barabasi_albert_10ins_m20,46,SpecAnn-cold,0.9515838434019476,1.0,-135193.99999999997,0.0241718292236328,0,True,73,65,False,115,32,2025-11-16 06:08:16
ba_512_1_2.txt,barabasi_albert_10ins_m20,46,SpecAnn-cold,0.9557122091778746,1.0,-135090.0,0.0242402553558349,0,True,73,65,False,116,32,2025-11-16 06:08:16
ba_512_1_2.txt,barabasi_albert_10ins_m20,46,SpecAnn-cold,0.9598228182949629,1.0,-135268.0,0.0245897769927978,0,True,73,65,False,117,32,2025-11-16 06:08:16
ba_512_1_2.txt,barabasi_albert_10ins_m20,46,SpecAnn-cold,0.963915897922488,1.0,-136517.99999999997,0.0247557163238525,0,True,73,65,False,118,32,2025-11-16 06:08:16
ba_512_1_2.txt,barabasi_albert_10ins_m20,46,SpecAnn-cold,0.967991670426842,1.0,-136050.0,0.0359518527984619,0,True,73,97,False,119,32,2025-11-16 06:08:16
ba_512_1_2.txt,barabasi_albert_10ins_m20,46,SpecAnn-cold,0.9720503535125016,1.0,-135579.99999999997,0.0242700576782226,0,True,73,65,False,120,32,2025-11-16 06:08:16
ba_512_1_2.txt,barabasi_albert_10ins_m20,46,SpecAnn-cold,0.9760921603577252,1.0,-135918.0,0.0357875823974609,0,True,73,97,False,121,32,2025-11-16 06:08:16
ba_512_1_2.txt,barabasi_albert_10ins_m20,46,SpecAnn-cold,0.9801172997452104,1.0,-135923.99999999997,0.0241732597351074,0,True,73,65,False,122,32,2025-11-16 06:08:16
ba_512_1_2.txt,barabasi_albert_10ins_m20,46,SpecAnn-cold,0.9841259761879442,1.0,-134710.0,0.0245599746704101,0,True,73,65,False,123,32,2025-11-16 06:08:16
ba_512_1_2.txt,barabasi_albert_10ins_m20,46,SpecAnn-cold,0.9881183900504562,1.0,-134710.0,0.0246117115020751,0,True,73,65,False,124,32,2025-11-16 06:08:16
ba_512_1_2.txt,barabasi_albert_10ins_m20,46,SpecAnn-cold,0.9920947376656812,1.0,-134710.0,0.0245170593261718,0,True,73,65,False,125,32,2025-11-16 06:08:16
ba_512_1_2.txt,barabasi_albert_10ins_m20,46,SpecAnn-cold,0.9960552114476228,1.0,-134710.0,0.0241963863372802,0,True,73,65,False,126,32,2025-11-16 06:08:16
ba_512_1_2.txt,barabasi_albert_10ins_m20,46,SpecAnn-cold,1.0,1.0,-134538.0,0.0241878032684326,0,True,73,65,False,127,32,2025-11-16 06:08:16
ba_512_1_2.txt,barabasi_albert_10ins_m20,47,SpecAnn-cold,0.0,1.0,-123610.0,0.013404369354248,0,True,74,33,False,0,32,2025-11-16 06:08:17
ba_512_1_2.txt,barabasi_albert_10ins_m20,47,SpecAnn-cold,0.0887356509416113,1.0,-127120.0,0.0128571987152099,0,True,74,33,False,1,32,2025-11-16 06:08:17
ba_512_1_2.txt,barabasi_albert_10ins_m20,47,SpecAnn-cold,0.1254911610276317,1.0,-124674.0,0.0127315521240234,0,True,74,33,False,2,32,2025-11-16 06:08:17
ba_512_1_2.txt,barabasi_albert_10ins_m20,47,SpecAnn-cold,0.1536946558735679,1.0,-126312.0,0.0127322673797607,0,True,74,33,False,3,32,2025-11-16 06:08:17
ba_512_1_2.txt,barabasi_albert_10ins_m20,47,SpecAnn-cold,0.1774713018832227,1.0,-125916.0,0.0127098560333251,0,True,74,33,False,4,32,2025-11-16 06:08:17
ba_512_1_2.txt,barabasi_albert_10ins_m20,47,SpecAnn-cold,0.1984189475331362,1.0,-124322.00000000004,0.0126862525939941,0,True,74,33,False,5,32,2025-11-16 06:08:17
ba_512_1_2.txt,barabasi_albert_10ins_m20,47,SpecAnn-cold,0.2173570668006655,1.0,-125134.0,0.0126998424530029,0,True,74,33,False,6,32,2025-11-16 06:08:17
ba_512_1_2.txt,barabasi_albert_10ins_m20,47,SpecAnn-cold,0.2347724648169381,1.0,-127716.0,0.0127995014190673,0,True,74,33,False,7,32,2025-11-16 06:08:17
ba_512_1_2.txt,barabasi_albert_10ins_m20,47,SpecAnn-cold,0.2509823220552634,1.0,-125572.0,0.0128083229064941,0,True,74,33,False,8,32,2025-11-16 06:08:17
ba_512_1_2.txt,barabasi_albert_10ins_m20,47,SpecAnn-cold,0.2662069528248341,1.0,-124922.0,0.0126683712005615,0,True,74,33,False,9,32,2025-11-16 06:08:17
ba_512_1_2.txt,barabasi_albert_10ins_m20,47,SpecAnn-cold,0.2806067666331568,1.0,-127131.99999999996,0.0127387046813964,0,True,74,33,False,10,32,2025-11-16 06:08:17
ba_512_1_2.txt,barabasi_albert_10ins_m20,47,SpecAnn-cold,0.2943028597012718,1.0,-127810.0,0.012740135192871,0,True,74,33,False,11,32,2025-11-16 06:08:17
ba_512_1_2.txt,barabasi_albert_10ins_m20,47,SpecAnn-cold,0.3073893117471359,1.0,-127810.0,0.0126178264617919,0,True,74,33,False,12,32,2025-11-16 06:08:17
ba_512_1_2.txt,barabasi_albert_10ins_m20,47,SpecAnn-cold,0.3199409394316542,1.0,-128979.99999999996,0.0126760005950927,0,True,74,33,False,13,32,2025-11-16 06:08:17
ba_512_1_2.txt,barabasi_albert_10ins_m20,47,SpecAnn-cold,0.3320184038158743,1.0,-128979.99999999996,0.0126428604125976,0,True,74,33,False,14,32,2025-11-16 06:08:17
ba_512_1_2.txt,barabasi_albert_10ins_m20,47,SpecAnn-cold,0.3436716983117353,1.0,-127014.0,0.012711763381958,0,True,74,33,False,15,32,2025-11-16 06:08:17
ba_512_1_2.txt,barabasi_albert_10ins_m20,47,SpecAnn-cold,0.3549426037664455,1.0,-126364.0,0.0129106044769287,0,True,74,33,False,16,32,2025-11-16 06:08:17
ba_512_1_2.txt,barabasi_albert_10ins_m20,47,SpecAnn-cold,0.3658664615902029,1.0,-127613.99999999996,0.0129225254058837,0,True,74,33,False,17,32,2025-11-16 06:08:17
ba_512_1_2.txt,barabasi_albert_10ins_m20,47,SpecAnn-cold,0.3764734830828951,1.0,-126564.0,0.0128531455993652,0,True,74,33,False,18,32,2025-11-16 06:08:17
ba_512_1_2.txt,barabasi_albert_10ins_m20,47,SpecAnn-cold,0.3867897351437838,1.0,-127932.0,0.012559175491333,0,True,74,33,False,19,32,2025-11-16 06:08:17
ba_512_1_2.txt,barabasi_albert_10ins_m20,47,SpecAnn-cold,0.3968378950662725,1.0,-128318.0,0.0126864910125732,0,True,74,33,False,20,32,2025-11-16 06:08:17
ba_512_1_2.txt,barabasi_albert_10ins_m20,47,SpecAnn-cold,0.4066378372811136,1.0,-128352.0,0.0127198696136474,0,True,74,33,False,21,32,2025-11-16 06:08:17
ba_512_1_2.txt,barabasi_albert_10ins_m20,47,SpecAnn-cold,0.4162070956347247,1.0,-129446.00000000004,0.0127210617065429,0,True,74,33,False,22,32,2025-11-16 06:08:17
ba_512_1_2.txt,barabasi_albert_10ins_m20,47,SpecAnn-cold,0.4255612320274539,1.0,-126612.0,0.012735366821289,0,True,74,33,False,23,32,2025-11-16 06:08:17
ba_512_1_2.txt,barabasi_albert_10ins_m20,47,SpecAnn-cold,0.434714133601331,1.0,-127382.0,0.0127301216125488,0,True,74,33,False,24,32,2025-11-16 06:08:17
ba_512_1_2.txt,barabasi_albert_10ins_m20,47,SpecAnn-cold,0.4436782547080569,1.0,-125222.0,0.0126426219940185,0,True,74,33,False,25,32,2025-11-16 06:08:17
ba_512_1_2.txt,barabasi_albert_10ins_m20,47,SpecAnn-cold,0.4524648157026343,1.0,-130268.00000000004,0.0127360820770263,0,True,74,33,False,26,32,2025-11-16 06:08:17
ba_512_1_2.txt,barabasi_albert_10ins_m20,47,SpecAnn-cold,0.4610839676207039,1.0,-127792.0,0.01265549659729,0,True,74,33,False,27,32,2025-11-16 06:08:17
ba_512_1_2.txt,barabasi_albert_10ins_m20,47,SpecAnn-cold,0.4695449296338763,1.0,-132598.0,0.012646198272705,0,True,74,33,False,28,32,2025-11-16 06:08:17
ba_512_1_2.txt,barabasi_albert_10ins_m20,47,SpecAnn-cold,0.4778561045889373,1.0,-124250.0,0.0127184391021728,0,True,74,33,False,29,32,2025-11-16 06:08:17
ba_512_1_2.txt,barabasi_albert_10ins_m20,47,SpecAnn-cold,0.4860251767562508,1.0,-132598.0,0.0126383304595947,0,True,74,33,False,30,32,2025-11-16 06:08:17
ba_512_1_2.txt,barabasi_albert_10ins_m20,47,SpecAnn-cold,0.4940591950252281,1.0,-127098.0,0.012890338897705,0,True,74,33,False,31,32,2025-11-16 06:08:17
ba_512_1_2.txt,barabasi_albert_10ins_m20,47,SpecAnn-cold,0.5019646441105269,1.0,-127321.99999999996,0.0128543376922607,0,True,74,33,False,32,32,2025-11-16 06:08:17
ba_512_1_2.txt,barabasi_albert_10ins_m20,47,SpecAnn-cold,0.5097475058154177,1.0,-128166.0,0.0129451751708984,0,True,74,33,False,33,32,2025-11-16 06:08:17
ba_512_1_2.txt,barabasi_albert_10ins_m20,47,SpecAnn-cold,0.51741331199832,1.0,-126266.0,0.024367332458496,0,True,74,65,False,34,32,2025-11-16 06:08:17
ba_512_1_2.txt,barabasi_albert_10ins_m20,47,SpecAnn-cold,0.5249671905758515,1.0,-126084.0,0.0126497745513916,0,True,74,33,False,35,32,2025-11-16 06:08:17
ba_512_1_2.txt,barabasi_albert_10ins_m20,47,SpecAnn-cold,0.5324139056496683,1.0,-125488.0,0.0126473903656005,0,True,74,33,False,36,32,2025-11-16 06:08:17
ba_512_1_2.txt,barabasi_albert_10ins_m20,47,SpecAnn-cold,0.5397578926492556,1.0,-125460.0,0.0126290321350097,0,True,74,33,False,37,32,2025-11-16 06:08:17
ba_512_1_2.txt,barabasi_albert_10ins_m20,47,SpecAnn-cold,0.5470032892270364,1.0,-130464.0,0.0126533508300781,0,True,74,33,False,38,32,2025-11-16 06:08:17
ba_512_1_2.txt,barabasi_albert_10ins_m20,47,SpecAnn-cold,0.554153962516942,1.0,-123660.0,0.0241241455078125,0,True,74,65,False,39,32,2025-11-16 06:08:17
ba_512_1_2.txt,barabasi_albert_10ins_m20,47,SpecAnn-cold,0.5612135332663137,1.0,-126360.0,0.0242514610290527,0,True,74,65,False,40,32,2025-11-16 06:08:17
ba_512_1_2.txt,barabasi_albert_10ins_m20,47,SpecAnn-cold,0.5681853972686127,1.0,-130324.0,0.0247173309326171,0,True,74,65,False,41,32,2025-11-16 06:08:17
ba_512_1_2.txt,barabasi_albert_10ins_m20,47,SpecAnn-cold,0.5750727444570146,1.0,-130324.0,0.0128674507141113,0,True,74,33,False,42,32,2025-11-16 06:08:17
ba_512_1_2.txt,barabasi_albert_10ins_m20,47,SpecAnn-cold,0.5818785759635375,1.0,-130324.0,0.0241789817810058,0,True,74,65,False,43,32,2025-11-16 06:08:17
ba_512_1_2.txt,barabasi_albert_10ins_m20,47,SpecAnn-cold,0.5886057194025436,1.0,-130324.0,0.0241308212280273,0,True,74,65,False,44,32,2025-11-16 06:08:17
ba_512_1_2.txt,barabasi_albert_10ins_m20,47,SpecAnn-cold,0.5952568425994088,1.0,-128502.0,0.0241243839263916,0,True,74,65,False,45,32,2025-11-16 06:08:17
ba_512_1_2.txt,barabasi_albert_10ins_m20,47,SpecAnn-cold,0.6018344659534288,1.0,-128361.99999999996,0.0242838859558105,0,True,74,65,False,46,32,2025-11-16 06:08:17
ba_512_1_2.txt,barabasi_albert_10ins_m20,47,SpecAnn-cold,0.6083409735974393,1.0,-124224.0,0.0242440700531005,0,True,74,65,False,47,32,2025-11-16 06:08:17
ba_512_1_2.txt,barabasi_albert_10ins_m20,47,SpecAnn-cold,0.6147786234942719,1.0,-127358.0,0.0244421958923339,0,True,74,65,False,48,32,2025-11-16 06:08:17
ba_512_1_2.txt,barabasi_albert_10ins_m20,47,SpecAnn-cold,0.6211495565912796,1.0,-128416.0,0.0246388912200927,0,True,74,65,False,49,32,2025-11-16 06:08:17
ba_512_1_2.txt,barabasi_albert_10ins_m20,47,SpecAnn-cold,0.6274558051381586,1.0,-135428.0,0.0247039794921875,0,True,74,65,False,50,32,2025-11-16 06:08:17
ba_512_1_2.txt,barabasi_albert_10ins_m20,47,SpecAnn-cold,0.6336993002596786,1.0,-127140.0,0.0242867469787597,0,True,74,65,False,51,32,2025-11-16 06:08:17
ba_512_1_2.txt,barabasi_albert_10ins_m20,47,SpecAnn-cold,0.6398818788633085,1.0,-126250.00000000004,0.0242006778717041,0,True,74,65,False,52,32,2025-11-16 06:08:17
ba_512_1_2.txt,barabasi_albert_10ins_m20,47,SpecAnn-cold,0.6460052899517691,1.0,-129178.0,0.0242190361022949,0,True,74,65,False,53,32,2025-11-16 06:08:17
ba_512_1_2.txt,barabasi_albert_10ins_m20,47,SpecAnn-cold,0.6520712004019966,1.0,-129178.0,0.0242598056793212,0,True,74,65,False,54,32,2025-11-16 06:08:17
ba_512_1_2.txt,barabasi_albert_10ins_m20,47,SpecAnn-cold,0.6580812002646271,1.0,-128870.0,0.0242257118225097,0,True,74,65,False,55,32,2025-11-16 06:08:17
ba_512_1_2.txt,barabasi_albert_10ins_m20,47,SpecAnn-cold,0.6640368076317485,1.0,-129355.99999999996,0.0242269039154052,0,True,74,65,False,56,32,2025-11-16 06:08:17
ba_512_1_2.txt,barabasi_albert_10ins_m20,47,SpecAnn-cold,0.6699394731151429,1.0,-132130.0,0.0242350101470947,0,True,74,65,False,57,32,2025-11-16 06:08:17
ba_512_1_2.txt,barabasi_albert_10ins_m20,47,SpecAnn-cold,0.6757905839724513,1.0,-132436.0,0.0242230892181396,0,True,74,65,False,58,32,2025-11-16 06:08:18
ba_512_1_2.txt,barabasi_albert_10ins_m20,47,SpecAnn-cold,0.6815914679145113,1.0,-127799.99999999996,0.0242400169372558,0,True,74,65,False,59,32,2025-11-16 06:08:18
ba_512_1_2.txt,barabasi_albert_10ins_m20,47,SpecAnn-cold,0.6873433966234707,1.0,-130760.0,0.0242190361022949,0,True,74,65,False,60,32,2025-11-16 06:08:18
ba_512_1_2.txt,barabasi_albert_10ins_m20,47,SpecAnn-cold,0.6930475890080863,1.0,-132504.0,0.0240976810455322,0,True,74,65,False,61,32,2025-11-16 06:08:18
ba_512_1_2.txt,barabasi_albert_10ins_m20,47,SpecAnn-cold,0.6987052142198116,1.0,-134450.0,0.0241656303405761,0,True,74,65,False,62,32,2025-11-16 06:08:18
ba_512_1_2.txt,barabasi_albert_10ins_m20,47,SpecAnn-cold,0.7043173944508145,1.0,-134146.00000000003,0.0241556167602539,0,True,74,65,False,63,32,2025-11-16 06:08:18
ba_512_1_2.txt,barabasi_albert_10ins_m20,47,SpecAnn-cold,0.709885207532891,1.0,-134898.0,0.0242571830749511,0,True,74,65,False,64,32,2025-11-16 06:08:18
ba_512_1_2.txt,barabasi_albert_10ins_m20,47,SpecAnn-cold,0.7154096893543218,1.0,-134070.00000000003,0.0241761207580566,0,True,74,65,False,65,32,2025-11-16 06:08:18
ba_512_1_2.txt,barabasi_albert_10ins_m20,47,SpecAnn-cold,0.7208918361100219,1.0,-132999.99999999997,0.0242054462432861,0,True,74,65,False,66,32,2025-11-16 06:08:18
ba_512_1_2.txt,barabasi_albert_10ins_m20,47,SpecAnn-cold,0.7263326063988248,1.0,-134375.99999999997,0.0243988037109375,0,True,74,65,False,67,32,2025-11-16 06:08:18
ba_512_1_2.txt,barabasi_albert_10ins_m20,47,SpecAnn-cold,0.7317329231804058,1.0,-133838.0,0.0243253707885742,0,True,74,65,False,68,32,2025-11-16 06:08:18
ba_512_1_2.txt,barabasi_albert_10ins_m20,47,SpecAnn-cold,0.7370936756031579,1.0,-134764.0,0.0242719650268554,0,True,74,65,False,69,32,2025-11-16 06:08:18
ba_512_1_2.txt,barabasi_albert_10ins_m20,47,SpecAnn-cold,0.7424157207132704,1.0,-134546.00000000003,0.0242726802825927,0,True,74,65,False,70,32,2025-11-16 06:08:18
ba_512_1_2.txt,barabasi_albert_10ins_m20,47,SpecAnn-cold,0.7476998850543153,1.0,-134494.0,0.0242726802825927,0,True,74,65,False,71,32,2025-11-16 06:08:18
ba_512_1_2.txt,barabasi_albert_10ins_m20,47,SpecAnn-cold,0.7529469661657903,1.0,-134952.00000000003,0.02415132522583,0,True,74,65,False,72,32,2025-11-16 06:08:18
ba_512_1_2.txt,barabasi_albert_10ins_m20,47,SpecAnn-cold,0.7581577339883167,1.0,-134572.00000000003,0.024184226989746,0,True,74,65,False,73,32,2025-11-16 06:08:18
ba_512_1_2.txt,barabasi_albert_10ins_m20,47,SpecAnn-cold,0.7633329321824984,1.0,-134985.99999999997,0.0241680145263671,0,True,74,65,False,74,32,2025-11-16 06:08:18
ba_512_1_2.txt,barabasi_albert_10ins_m20,47,SpecAnn-cold,0.7684732793678399,1.0,-135080.0,0.0241637229919433,0,True,74,65,False,75,32,2025-11-16 06:08:18
ba_512_1_2.txt,barabasi_albert_10ins_m20,47,SpecAnn-cold,0.7735794702875677,1.0,-134474.0,0.0241973400115966,0,True,74,65,False,76,32,2025-11-16 06:08:18
ba_512_1_2.txt,barabasi_albert_10ins_m20,47,SpecAnn-cold,0.7786521769046981,1.0,-134996.0,0.0242128372192382,0,True,74,65,False,77,32,2025-11-16 06:08:18
ba_512_1_2.txt,barabasi_albert_10ins_m20,47,SpecAnn-cold,0.7836920494342511,1.0,-134996.0,0.0241355895996093,0,True,74,65,False,78,32,2025-11-16 06:08:18
ba_512_1_2.txt,barabasi_albert_10ins_m20,47,SpecAnn-cold,0.788699717316095,1.0,-135406.0,0.0242855548858642,0,True,74,65,False,79,32,2025-11-16 06:08:18
ba_512_1_2.txt,barabasi_albert_10ins_m20,47,SpecAnn-cold,0.7936757901325451,1.0,-135134.00000000003,0.0243105888366699,0,True,74,65,False,80,32,2025-11-16 06:08:18
ba_512_1_2.txt,barabasi_albert_10ins_m20,47,SpecAnn-cold,0.7986208584745024,1.0,-134616.0,0.0242156982421875,0,True,74,65,False,81,32,2025-11-16 06:08:18
ba_512_1_2.txt,barabasi_albert_10ins_m20,47,SpecAnn-cold,0.803535494759617,1.0,-134784.0,0.0245797634124755,0,True,74,65,False,82,32,2025-11-16 06:08:18
ba_512_1_2.txt,barabasi_albert_10ins_m20,47,SpecAnn-cold,0.8084202540056837,1.0,-134909.99999999997,0.0248193740844726,0,True,74,65,False,83,32,2025-11-16 06:08:18
ba_512_1_2.txt,barabasi_albert_10ins_m20,47,SpecAnn-cold,0.8132756745622272,1.0,-134858.0,0.0246226787567138,0,True,74,65,False,84,32,2025-11-16 06:08:18
ba_512_1_2.txt,barabasi_albert_10ins_m20,47,SpecAnn-cold,0.8181022788030096,1.0,-135318.0,0.0243327617645263,0,True,74,65,False,85,32,2025-11-16 06:08:18
ba_512_1_2.txt,barabasi_albert_10ins_m20,47,SpecAnn-cold,0.822900573781978,1.0,-132944.00000000003,0.0243246555328369,0,True,74,65,False,86,32,2025-11-16 06:08:18
ba_512_1_2.txt,barabasi_albert_10ins_m20,47,SpecAnn-cold,0.8276710518549868,1.0,-133826.0,0.0242867469787597,0,True,74,65,False,87,32,2025-11-16 06:08:18
ba_512_1_2.txt,barabasi_albert_10ins_m20,47,SpecAnn-cold,0.8324141912694495,1.0,-132688.0,0.0242383480072021,0,True,74,65,False,88,32,2025-11-16 06:08:18
ba_512_1_2.txt,barabasi_albert_10ins_m20,47,SpecAnn-cold,0.8371304567239225,1.0,-132688.0,0.0241563320159912,0,True,74,65,False,89,32,2025-11-16 06:08:18
ba_512_1_2.txt,barabasi_albert_10ins_m20,47,SpecAnn-cold,0.8418202998994706,1.0,-133708.0,0.0245394706726074,0,True,74,65,False,90,32,2025-11-16 06:08:18
ba_512_1_2.txt,barabasi_albert_10ins_m20,47,SpecAnn-cold,0.846484159964536,1.0,-132846.0,0.0246553421020507,0,True,74,65,False,91,32,2025-11-16 06:08:18
ba_512_1_2.txt,barabasi_albert_10ins_m20,47,SpecAnn-cold,0.8511224640549078,1.0,-133620.0,0.0245041847229003,0,True,74,65,False,92,32,2025-11-16 06:08:18
ba_512_1_2.txt,barabasi_albert_10ins_m20,47,SpecAnn-cold,0.8557356277302758,1.0,-132654.0,0.0241885185241699,0,True,74,65,False,93,32,2025-11-16 06:08:18
ba_512_1_2.txt,barabasi_albert_10ins_m20,47,SpecAnn-cold,0.8603240554087516,1.0,-133422.0,0.0240797996520996,0,True,74,65,False,94,32,2025-11-16 06:08:18
ba_512_1_2.txt,barabasi_albert_10ins_m20,47,SpecAnn-cold,0.86488814078064,1.0,-133422.0,0.0241389274597167,0,True,74,65,False,95,32,2025-11-16 06:08:18
ba_512_1_2.txt,barabasi_albert_10ins_m20,47,SpecAnn-cold,0.8694282672026621,1.0,-134700.0,0.0242218971252441,0,True,74,65,False,96,32,2025-11-16 06:08:18
ba_512_1_2.txt,barabasi_albert_10ins_m20,47,SpecAnn-cold,0.8739448080737451,1.0,-133496.0,0.0242831707000732,0,True,74,65,False,97,32,2025-11-16 06:08:18
ba_512_1_2.txt,barabasi_albert_10ins_m20,47,SpecAnn-cold,0.878438127193422,1.0,-133496.0,0.0241694450378417,0,True,74,65,False,98,32,2025-11-16 06:08:18
ba_512_1_2.txt,barabasi_albert_10ins_m20,47,SpecAnn-cold,0.8829085791038153,1.0,-133377.99999999997,0.0243010520935058,0,True,74,65,False,99,32,2025-11-16 06:08:19
ba_512_1_2.txt,barabasi_albert_10ins_m20,47,SpecAnn-cold,0.8873565094161138,1.0,-133377.99999999997,0.0243480205535888,0,True,74,65,False,100,32,2025-11-16 06:08:19
ba_512_1_2.txt,barabasi_albert_10ins_m20,47,SpecAnn-cold,0.8917822551223932,1.0,-133377.99999999997,0.024299144744873,0,True,74,65,False,101,32,2025-11-16 06:08:19
ba_512_1_2.txt,barabasi_albert_10ins_m20,47,SpecAnn-cold,0.8961861448935777,1.0,-133306.0,0.0241875648498535,0,True,74,65,False,102,32,2025-11-16 06:08:19
ba_512_1_2.txt,barabasi_albert_10ins_m20,47,SpecAnn-cold,0.9005684993642872,1.0,-135785.99999999997,0.0242664813995361,0,True,74,65,False,103,32,2025-11-16 06:08:19
ba_512_1_2.txt,barabasi_albert_10ins_m20,47,SpecAnn-cold,0.9049296314052688,1.0,-135011.99999999997,0.0243048667907714,0,True,74,65,False,104,32,2025-11-16 06:08:19
ba_512_1_2.txt,barabasi_albert_10ins_m20,47,SpecAnn-cold,0.9092698463840684,1.0,-134401.99999999997,0.02433443069458,0,True,74,65,False,105,32,2025-11-16 06:08:19
ba_512_1_2.txt,barabasi_albert_10ins_m20,47,SpecAnn-cold,0.9135894424145556,1.0,-135493.99999999997,0.0242116451263427,0,True,74,65,False,106,32,2025-11-16 06:08:19
ba_512_1_2.txt,barabasi_albert_10ins_m20,47,SpecAnn-cold,0.9178887105958816,1.0,-134234.0,0.0244147777557373,0,True,74,65,False,107,32,2025-11-16 06:08:19
ba_512_1_2.txt,barabasi_albert_10ins_m20,47,SpecAnn-cold,0.922167935241408,1.0,-134234.0,0.024247407913208,0,True,74,65,False,108,32,2025-11-16 06:08:19
ba_512_1_2.txt,barabasi_albert_10ins_m20,47,SpecAnn-cold,0.92642739409812,1.0,-134100.0,0.0245182514190673,0,True,74,65,False,109,32,2025-11-16 06:08:19
ba_512_1_2.txt,barabasi_albert_10ins_m20,47,SpecAnn-cold,0.9306673585570006,1.0,-134737.99999999997,0.0246109962463378,0,True,74,65,False,110,32,2025-11-16 06:08:19
ba_512_1_2.txt,barabasi_albert_10ins_m20,47,SpecAnn-cold,0.9348880938548184,1.0,-134737.99999999997,0.0246353149414062,0,True,74,65,False,111,32,2025-11-16 06:08:19
ba_512_1_2.txt,barabasi_albert_10ins_m20,47,SpecAnn-cold,0.9390898592677528,1.0,-134737.99999999997,0.0247237682342529,0,True,74,65,False,112,32,2025-11-16 06:08:19
ba_512_1_2.txt,barabasi_albert_10ins_m20,47,SpecAnn-cold,0.9432729082972536,1.0,-134615.99999999997,0.0243940353393554,0,True,74,65,False,113,32,2025-11-16 06:08:19
ba_512_1_2.txt,barabasi_albert_10ins_m20,47,SpecAnn-cold,0.9474374888485204,1.0,-134710.00000000003,0.0246829986572265,0,True,74,65,False,114,32,2025-11-16 06:08:19
ba_512_1_2.txt,barabasi_albert_10ins_m20,47,SpecAnn-cold,0.9515838434019476,1.0,-135146.0,0.0245671272277832,0,True,74,65,False,115,32,2025-11-16 06:08:19
ba_512_1_2.txt,barabasi_albert_10ins_m20,47,SpecAnn-cold,0.9557122091778746,1.0,-135120.0,0.0242478847503662,0,True,74,65,False,116,32,2025-11-16 06:08:19
ba_512_1_2.txt,barabasi_albert_10ins_m20,47,SpecAnn-cold,0.9598228182949629,1.0,-134220.0,0.0244734287261962,0,True,74,65,False,117,32,2025-11-16 06:08:19
ba_512_1_2.txt,barabasi_albert_10ins_m20,47,SpecAnn-cold,0.963915897922488,1.0,-135860.0,0.0247070789337158,0,True,74,65,False,118,32,2025-11-16 06:08:19
ba_512_1_2.txt,barabasi_albert_10ins_m20,47,SpecAnn-cold,0.967991670426842,1.0,-136100.00000000003,0.0246455669403076,0,True,74,65,False,119,32,2025-11-16 06:08:19
ba_512_1_2.txt,barabasi_albert_10ins_m20,47,SpecAnn-cold,0.9720503535125016,1.0,-135186.0,0.0242524147033691,0,True,74,65,False,120,32,2025-11-16 06:08:19
ba_512_1_2.txt,barabasi_albert_10ins_m20,47,SpecAnn-cold,0.9760921603577252,1.0,-133664.0,0.0242562294006347,0,True,74,65,False,121,32,2025-11-16 06:08:19
ba_512_1_2.txt,barabasi_albert_10ins_m20,47,SpecAnn-cold,0.9801172997452104,1.0,-134132.0,0.0245656967163085,0,True,74,65,False,122,32,2025-11-16 06:08:19
ba_512_1_2.txt,barabasi_albert_10ins_m20,47,SpecAnn-cold,0.9841259761879442,1.0,-134769.99999999997,0.0245218276977539,0,True,74,65,False,123,32,2025-11-16 06:08:19
ba_512_1_2.txt,barabasi_albert_10ins_m20,47,SpecAnn-cold,0.9881183900504562,1.0,-134769.99999999997,0.0360336303710937,0,True,74,97,False,124,32,2025-11-16 06:08:19
ba_512_1_2.txt,barabasi_albert_10ins_m20,47,SpecAnn-cold,0.9920947376656812,1.0,-134769.99999999997,0.0361778736114501,0,True,74,97,False,125,32,2025-11-16 06:08:19
ba_512_1_2.txt,barabasi_albert_10ins_m20,47,SpecAnn-cold,0.9960552114476228,1.0,-134769.99999999997,0.0358603000640869,0,True,74,97,False,126,32,2025-11-16 06:08:19
ba_512_1_2.txt,barabasi_albert_10ins_m20,47,SpecAnn-cold,1.0,1.0,-134752.0,0.024153709411621,0,True,74,65,False,127,32,2025-11-16 06:08:19
ba_512_1_2.txt,barabasi_albert_10ins_m20,48,SpecAnn-cold,0.0,1.0,-131556.00000000003,0.0135028362274169,0,True,57,33,False,0,32,2025-11-16 06:08:19
ba_512_1_2.txt,barabasi_albert_10ins_m20,48,SpecAnn-cold,0.0887356509416113,1.0,-123774.0,0.0128371715545654,0,True,57,33,False,1,32,2025-11-16 06:08:19
ba_512_1_2.txt,barabasi_albert_10ins_m20,48,SpecAnn-cold,0.1254911610276317,1.0,-119724.0,0.0125858783721923,0,True,57,33,False,2,32,2025-11-16 06:08:19
ba_512_1_2.txt,barabasi_albert_10ins_m20,48,SpecAnn-cold,0.1536946558735679,1.0,-119724.0,0.0128188133239746,0,True,57,33,False,3,32,2025-11-16 06:08:19
ba_512_1_2.txt,barabasi_albert_10ins_m20,48,SpecAnn-cold,0.1774713018832227,1.0,-124404.0,0.0126583576202392,0,True,57,33,False,4,32,2025-11-16 06:08:19
ba_512_1_2.txt,barabasi_albert_10ins_m20,48,SpecAnn-cold,0.1984189475331362,1.0,-121650.0,0.0126817226409912,0,True,57,33,False,5,32,2025-11-16 06:08:19
ba_512_1_2.txt,barabasi_albert_10ins_m20,48,SpecAnn-cold,0.2173570668006655,1.0,-125992.0,0.0126516819000244,0,True,57,33,False,6,32,2025-11-16 06:08:19
ba_512_1_2.txt,barabasi_albert_10ins_m20,48,SpecAnn-cold,0.2347724648169381,1.0,-128328.0,0.0126776695251464,0,True,57,33,False,7,32,2025-11-16 06:08:20
ba_512_1_2.txt,barabasi_albert_10ins_m20,48,SpecAnn-cold,0.2509823220552634,1.0,-126992.0,0.012693166732788,0,True,57,33,False,8,32,2025-11-16 06:08:20
ba_512_1_2.txt,barabasi_albert_10ins_m20,48,SpecAnn-cold,0.2662069528248341,1.0,-126992.0,0.0127279758453369,0,True,57,33,False,9,32,2025-11-16 06:08:20
ba_512_1_2.txt,barabasi_albert_10ins_m20,48,SpecAnn-cold,0.2806067666331568,1.0,-126168.0,0.0126962661743164,0,True,57,33,False,10,32,2025-11-16 06:08:20
ba_512_1_2.txt,barabasi_albert_10ins_m20,48,SpecAnn-cold,0.2943028597012718,1.0,-126562.0,0.0127885341644287,0,True,57,33,False,11,32,2025-11-16 06:08:20
ba_512_1_2.txt,barabasi_albert_10ins_m20,48,SpecAnn-cold,0.3073893117471359,1.0,-126562.0,0.0127687454223632,0,True,57,33,False,12,32,2025-11-16 06:08:20
ba_512_1_2.txt,barabasi_albert_10ins_m20,48,SpecAnn-cold,0.3199409394316542,1.0,-126562.0,0.0126073360443115,0,True,57,33,False,13,32,2025-11-16 06:08:20
ba_512_1_2.txt,barabasi_albert_10ins_m20,48,SpecAnn-cold,0.3320184038158743,1.0,-126562.0,0.0126335620880126,0,True,57,33,False,14,32,2025-11-16 06:08:20
ba_512_1_2.txt,barabasi_albert_10ins_m20,48,SpecAnn-cold,0.3436716983117353,1.0,-124588.0,0.0127310752868652,0,True,57,33,False,15,32,2025-11-16 06:08:20
ba_512_1_2.txt,barabasi_albert_10ins_m20,48,SpecAnn-cold,0.3549426037664455,1.0,-124914.0,0.0126874446868896,0,True,57,33,False,16,32,2025-11-16 06:08:20
ba_512_1_2.txt,barabasi_albert_10ins_m20,48,SpecAnn-cold,0.3658664615902029,1.0,-125834.0,0.0126895904541015,0,True,57,33,False,17,32,2025-11-16 06:08:20
ba_512_1_2.txt,barabasi_albert_10ins_m20,48,SpecAnn-cold,0.3764734830828951,1.0,-125834.0,0.0127561092376708,0,True,57,33,False,18,32,2025-11-16 06:08:20
ba_512_1_2.txt,barabasi_albert_10ins_m20,48,SpecAnn-cold,0.3867897351437838,1.0,-122738.0,0.0127260684967041,0,True,57,33,False,19,32,2025-11-16 06:08:20
ba_512_1_2.txt,barabasi_albert_10ins_m20,48,SpecAnn-cold,0.3968378950662725,1.0,-126846.00000000004,0.0127408504486083,0,True,57,33,False,20,32,2025-11-16 06:08:20
ba_512_1_2.txt,barabasi_albert_10ins_m20,48,SpecAnn-cold,0.4066378372811136,1.0,-127388.0,0.0127232074737548,0,True,57,33,False,21,32,2025-11-16 06:08:20
ba_512_1_2.txt,barabasi_albert_10ins_m20,48,SpecAnn-cold,0.4162070956347247,1.0,-126460.0,0.0126945972442626,0,True,57,33,False,22,32,2025-11-16 06:08:20
ba_512_1_2.txt,barabasi_albert_10ins_m20,48,SpecAnn-cold,0.4255612320274539,1.0,-125226.0,0.0126893520355224,0,True,57,33,False,23,32,2025-11-16 06:08:20
ba_512_1_2.txt,barabasi_albert_10ins_m20,48,SpecAnn-cold,0.434714133601331,1.0,-125813.99999999996,0.0126638412475585,0,True,57,33,False,24,32,2025-11-16 06:08:20
ba_512_1_2.txt,barabasi_albert_10ins_m20,48,SpecAnn-cold,0.4436782547080569,1.0,-126374.0,0.0125982761383056,0,True,57,33,False,25,32,2025-11-16 06:08:20
ba_512_1_2.txt,barabasi_albert_10ins_m20,48,SpecAnn-cold,0.4524648157026343,1.0,-126698.0,0.0127456188201904,0,True,57,33,False,26,32,2025-11-16 06:08:20
ba_512_1_2.txt,barabasi_albert_10ins_m20,48,SpecAnn-cold,0.4610839676207039,1.0,-126348.0,0.0126674175262451,0,True,57,33,False,27,32,2025-11-16 06:08:20
ba_512_1_2.txt,barabasi_albert_10ins_m20,48,SpecAnn-cold,0.4695449296338763,1.0,-127648.00000000004,0.0126941204071044,0,True,57,33,False,28,32,2025-11-16 06:08:20
ba_512_1_2.txt,barabasi_albert_10ins_m20,48,SpecAnn-cold,0.4778561045889373,1.0,-127648.00000000004,0.0126700401306152,0,True,57,33,False,29,32,2025-11-16 06:08:20
ba_512_1_2.txt,barabasi_albert_10ins_m20,48,SpecAnn-cold,0.4860251767562508,1.0,-127648.00000000004,0.0126450061798095,0,True,57,33,False,30,32,2025-11-16 06:08:20
ba_512_1_2.txt,barabasi_albert_10ins_m20,48,SpecAnn-cold,0.4940591950252281,1.0,-120592.0,0.0127472877502441,0,True,57,33,False,31,32,2025-11-16 06:08:20
ba_512_1_2.txt,barabasi_albert_10ins_m20,48,SpecAnn-cold,0.5019646441105269,1.0,-123288.0,0.0127594470977783,0,True,57,33,False,32,32,2025-11-16 06:08:20
ba_512_1_2.txt,barabasi_albert_10ins_m20,48,SpecAnn-cold,0.5097475058154177,1.0,-124880.0,0.0126664638519287,0,True,57,33,False,33,32,2025-11-16 06:08:20
ba_512_1_2.txt,barabasi_albert_10ins_m20,48,SpecAnn-cold,0.51741331199832,1.0,-126956.0,0.0127303600311279,0,True,57,33,False,34,32,2025-11-16 06:08:20
ba_512_1_2.txt,barabasi_albert_10ins_m20,48,SpecAnn-cold,0.5249671905758515,1.0,-125780.0,0.0126957893371582,0,True,57,33,False,35,32,2025-11-16 06:08:20
ba_512_1_2.txt,barabasi_albert_10ins_m20,48,SpecAnn-cold,0.5324139056496683,1.0,-125678.0,0.0126361846923828,0,True,57,33,False,36,32,2025-11-16 06:08:20
ba_512_1_2.txt,barabasi_albert_10ins_m20,48,SpecAnn-cold,0.5397578926492556,1.0,-125868.0,0.0127437114715576,0,True,57,33,False,37,32,2025-11-16 06:08:20
ba_512_1_2.txt,barabasi_albert_10ins_m20,48,SpecAnn-cold,0.5470032892270364,1.0,-125908.0,0.0242514610290527,0,True,57,65,False,38,32,2025-11-16 06:08:20
ba_512_1_2.txt,barabasi_albert_10ins_m20,48,SpecAnn-cold,0.554153962516942,1.0,-122486.0,0.0127279758453369,0,True,57,33,False,39,32,2025-11-16 06:08:20
ba_512_1_2.txt,barabasi_albert_10ins_m20,48,SpecAnn-cold,0.5612135332663137,1.0,-132380.0,0.0126819610595703,0,True,57,33,False,40,32,2025-11-16 06:08:20
ba_512_1_2.txt,barabasi_albert_10ins_m20,48,SpecAnn-cold,0.5681853972686127,1.0,-126468.0,0.0245943069458007,0,True,57,65,False,41,32,2025-11-16 06:08:20
ba_512_1_2.txt,barabasi_albert_10ins_m20,48,SpecAnn-cold,0.5750727444570146,1.0,-126468.0,0.0242328643798828,0,True,57,65,False,42,32,2025-11-16 06:08:20
ba_512_1_2.txt,barabasi_albert_10ins_m20,48,SpecAnn-cold,0.5818785759635375,1.0,-126468.0,0.0242602825164794,0,True,57,65,False,43,32,2025-11-16 06:08:20
ba_512_1_2.txt,barabasi_albert_10ins_m20,48,SpecAnn-cold,0.5886057194025436,1.0,-126468.0,0.0243422985076904,0,True,57,65,False,44,32,2025-11-16 06:08:20
ba_512_1_2.txt,barabasi_albert_10ins_m20,48,SpecAnn-cold,0.5952568425994088,1.0,-125722.0,0.0243833065032959,0,True,57,65,False,45,32,2025-11-16 06:08:20
ba_512_1_2.txt,barabasi_albert_10ins_m20,48,SpecAnn-cold,0.6018344659534288,1.0,-126522.0,0.0242998600006103,0,True,57,65,False,46,32,2025-11-16 06:08:20
ba_512_1_2.txt,barabasi_albert_10ins_m20,48,SpecAnn-cold,0.6083409735974393,1.0,-129374.0,0.024698257446289,0,True,57,65,False,47,32,2025-11-16 06:08:20
ba_512_1_2.txt,barabasi_albert_10ins_m20,48,SpecAnn-cold,0.6147786234942719,1.0,-125760.0,0.0248031616210937,0,True,57,65,False,48,32,2025-11-16 06:08:20
ba_512_1_2.txt,barabasi_albert_10ins_m20,48,SpecAnn-cold,0.6211495565912796,1.0,-131224.0,0.0245001316070556,0,True,57,65,False,49,32,2025-11-16 06:08:20
ba_512_1_2.txt,barabasi_albert_10ins_m20,48,SpecAnn-cold,0.6274558051381586,1.0,-131096.0,0.0242736339569091,0,True,57,65,False,50,32,2025-11-16 06:08:20
ba_512_1_2.txt,barabasi_albert_10ins_m20,48,SpecAnn-cold,0.6336993002596786,1.0,-130030.0,0.024346113204956,0,True,57,65,False,51,32,2025-11-16 06:08:20
ba_512_1_2.txt,barabasi_albert_10ins_m20,48,SpecAnn-cold,0.6398818788633085,1.0,-126746.0,0.0242366790771484,0,True,57,65,False,52,32,2025-11-16 06:08:20
ba_512_1_2.txt,barabasi_albert_10ins_m20,48,SpecAnn-cold,0.6460052899517691,1.0,-129194.0,0.0242338180541992,0,True,57,65,False,53,32,2025-11-16 06:08:20
ba_512_1_2.txt,barabasi_albert_10ins_m20,48,SpecAnn-cold,0.6520712004019966,1.0,-132623.99999999997,0.0242469310760498,0,True,57,65,False,54,32,2025-11-16 06:08:20
ba_512_1_2.txt,barabasi_albert_10ins_m20,48,SpecAnn-cold,0.6580812002646271,1.0,-132740.0,0.0243184566497802,0,True,57,65,False,55,32,2025-11-16 06:08:20
ba_512_1_2.txt,barabasi_albert_10ins_m20,48,SpecAnn-cold,0.6640368076317485,1.0,-129738.00000000004,0.0247459411621093,0,True,57,65,False,56,32,2025-11-16 06:08:20
ba_512_1_2.txt,barabasi_albert_10ins_m20,48,SpecAnn-cold,0.6699394731151429,1.0,-132592.0,0.0247166156768798,0,True,57,65,False,57,32,2025-11-16 06:08:20
ba_512_1_2.txt,barabasi_albert_10ins_m20,48,SpecAnn-cold,0.6757905839724513,1.0,-134064.00000000003,0.0242249965667724,0,True,57,65,False,58,32,2025-11-16 06:08:20
ba_512_1_2.txt,barabasi_albert_10ins_m20,48,SpecAnn-cold,0.6815914679145113,1.0,-132502.0,0.0242931842803955,0,True,57,65,False,59,32,2025-11-16 06:08:20
ba_512_1_2.txt,barabasi_albert_10ins_m20,48,SpecAnn-cold,0.6873433966234707,1.0,-132145.99999999997,0.0242941379547119,0,True,57,65,False,60,32,2025-11-16 06:08:20
ba_512_1_2.txt,barabasi_albert_10ins_m20,48,SpecAnn-cold,0.6930475890080863,1.0,-131944.0,0.024364948272705,0,True,57,65,False,61,32,2025-11-16 06:08:20
ba_512_1_2.txt,barabasi_albert_10ins_m20,48,SpecAnn-cold,0.6987052142198116,1.0,-132956.0,0.0244278907775878,0,True,57,65,False,62,32,2025-11-16 06:08:20
ba_512_1_2.txt,barabasi_albert_10ins_m20,48,SpecAnn-cold,0.7043173944508145,1.0,-134482.00000000003,0.0242946147918701,0,True,57,65,False,63,32,2025-11-16 06:08:21
ba_512_1_2.txt,barabasi_albert_10ins_m20,48,SpecAnn-cold,0.709885207532891,1.0,-134254.0,0.0243253707885742,0,True,57,65,False,64,32,2025-11-16 06:08:21
ba_512_1_2.txt,barabasi_albert_10ins_m20,48,SpecAnn-cold,0.7154096893543218,1.0,-133074.0,0.0244786739349365,0,True,57,65,False,65,32,2025-11-16 06:08:21
ba_512_1_2.txt,barabasi_albert_10ins_m20,48,SpecAnn-cold,0.7208918361100219,1.0,-134280.00000000003,0.0245826244354248,0,True,57,65,False,66,32,2025-11-16 06:08:21
ba_512_1_2.txt,barabasi_albert_10ins_m20,48,SpecAnn-cold,0.7263326063988248,1.0,-134530.0,0.0244598388671875,0,True,57,65,False,67,32,2025-11-16 06:08:21
ba_512_1_2.txt,barabasi_albert_10ins_m20,48,SpecAnn-cold,0.7317329231804058,1.0,-134878.0,0.0244836807250976,0,True,57,65,False,68,32,2025-11-16 06:08:21
ba_512_1_2.txt,barabasi_albert_10ins_m20,48,SpecAnn-cold,0.7370936756031579,1.0,-134250.0,0.0245122909545898,0,True,57,65,False,69,32,2025-11-16 06:08:21
ba_512_1_2.txt,barabasi_albert_10ins_m20,48,SpecAnn-cold,0.7424157207132704,1.0,-134082.0,0.0244815349578857,0,True,57,65,False,70,32,2025-11-16 06:08:21
ba_512_1_2.txt,barabasi_albert_10ins_m20,48,SpecAnn-cold,0.7476998850543153,1.0,-134742.0,0.0244789123535156,0,True,57,65,False,71,32,2025-11-16 06:08:21
ba_512_1_2.txt,barabasi_albert_10ins_m20,48,SpecAnn-cold,0.7529469661657903,1.0,-134606.00000000003,0.0244243144989013,0,True,57,65,False,72,32,2025-11-16 06:08:21
ba_512_1_2.txt,barabasi_albert_10ins_m20,48,SpecAnn-cold,0.7581577339883167,1.0,-134618.0,0.0242323875427246,0,True,57,65,False,73,32,2025-11-16 06:08:21
ba_512_1_2.txt,barabasi_albert_10ins_m20,48,SpecAnn-cold,0.7633329321824984,1.0,-134924.0,0.0245025157928466,0,True,57,65,False,74,32,2025-11-16 06:08:21
ba_512_1_2.txt,barabasi_albert_10ins_m20,48,SpecAnn-cold,0.7684732793678399,1.0,-135052.0,0.0246000289916992,0,True,57,65,False,75,32,2025-11-16 06:08:21
ba_512_1_2.txt,barabasi_albert_10ins_m20,48,SpecAnn-cold,0.7735794702875677,1.0,-134784.0,0.0245378017425537,0,True,57,65,False,76,32,2025-11-16 06:08:21
ba_512_1_2.txt,barabasi_albert_10ins_m20,48,SpecAnn-cold,0.7786521769046981,1.0,-134386.0,0.0242981910705566,0,True,57,65,False,77,32,2025-11-16 06:08:21
ba_512_1_2.txt,barabasi_albert_10ins_m20,48,SpecAnn-cold,0.7836920494342511,1.0,-134564.0,0.0242173671722412,0,True,57,65,False,78,32,2025-11-16 06:08:21
ba_512_1_2.txt,barabasi_albert_10ins_m20,48,SpecAnn-cold,0.788699717316095,1.0,-134564.0,0.0242559909820556,0,True,57,65,False,79,32,2025-11-16 06:08:21
ba_512_1_2.txt,barabasi_albert_10ins_m20,48,SpecAnn-cold,0.7936757901325451,1.0,-134762.0,0.0242376327514648,0,True,57,65,False,80,32,2025-11-16 06:08:21
ba_512_1_2.txt,barabasi_albert_10ins_m20,48,SpecAnn-cold,0.7986208584745024,1.0,-134552.0,0.0242435932159423,0,True,57,65,False,81,32,2025-11-16 06:08:21
ba_512_1_2.txt,barabasi_albert_10ins_m20,48,SpecAnn-cold,0.803535494759617,1.0,-135342.0,0.0244815349578857,0,True,57,65,False,82,32,2025-11-16 06:08:21
ba_512_1_2.txt,barabasi_albert_10ins_m20,48,SpecAnn-cold,0.8084202540056837,1.0,-135132.0,0.0246906280517578,0,True,57,65,False,83,32,2025-11-16 06:08:21
ba_512_1_2.txt,barabasi_albert_10ins_m20,48,SpecAnn-cold,0.8132756745622272,1.0,-134874.0,0.0244824886322021,0,True,57,65,False,84,32,2025-11-16 06:08:21
ba_512_1_2.txt,barabasi_albert_10ins_m20,48,SpecAnn-cold,0.8181022788030096,1.0,-135304.0,0.0242106914520263,0,True,57,65,False,85,32,2025-11-16 06:08:21
ba_512_1_2.txt,barabasi_albert_10ins_m20,48,SpecAnn-cold,0.822900573781978,1.0,-135474.0,0.0242261886596679,0,True,57,65,False,86,32,2025-11-16 06:08:21
ba_512_1_2.txt,barabasi_albert_10ins_m20,48,SpecAnn-cold,0.8276710518549868,1.0,-134184.0,0.0242509841918945,0,True,57,65,False,87,32,2025-11-16 06:08:21
ba_512_1_2.txt,barabasi_albert_10ins_m20,48,SpecAnn-cold,0.8324141912694495,1.0,-135378.00000000003,0.0246438980102539,0,True,57,65,False,88,32,2025-11-16 06:08:21
ba_512_1_2.txt,barabasi_albert_10ins_m20,48,SpecAnn-cold,0.8371304567239225,1.0,-133982.0,0.0247187614440917,0,True,57,65,False,89,32,2025-11-16 06:08:21
ba_512_1_2.txt,barabasi_albert_10ins_m20,48,SpecAnn-cold,0.8418202998994706,1.0,-134013.99999999997,0.0242810249328613,0,True,57,65,False,90,32,2025-11-16 06:08:21
ba_512_1_2.txt,barabasi_albert_10ins_m20,48,SpecAnn-cold,0.846484159964536,1.0,-135596.0,0.024327278137207,0,True,57,65,False,91,32,2025-11-16 06:08:21
ba_512_1_2.txt,barabasi_albert_10ins_m20,48,SpecAnn-cold,0.8511224640549078,1.0,-135880.0,0.0242528915405273,0,True,57,65,False,92,32,2025-11-16 06:08:21
ba_512_1_2.txt,barabasi_albert_10ins_m20,48,SpecAnn-cold,0.8557356277302758,1.0,-135166.0,0.0242831707000732,0,True,57,65,False,93,32,2025-11-16 06:08:21
ba_512_1_2.txt,barabasi_albert_10ins_m20,48,SpecAnn-cold,0.8603240554087516,1.0,-135168.0,0.0243687629699707,0,True,57,65,False,94,32,2025-11-16 06:08:21
ba_512_1_2.txt,barabasi_albert_10ins_m20,48,SpecAnn-cold,0.86488814078064,1.0,-135656.0,0.024238109588623,0,True,57,65,False,95,32,2025-11-16 06:08:21
ba_512_1_2.txt,barabasi_albert_10ins_m20,48,SpecAnn-cold,0.8694282672026621,1.0,-134815.99999999997,0.0243160724639892,0,True,57,65,False,96,32,2025-11-16 06:08:21
ba_512_1_2.txt,barabasi_albert_10ins_m20,48,SpecAnn-cold,0.8739448080737451,1.0,-135603.99999999997,0.024665355682373,0,True,57,65,False,97,32,2025-11-16 06:08:21
ba_512_1_2.txt,barabasi_albert_10ins_m20,48,SpecAnn-cold,0.878438127193422,1.0,-135603.99999999997,0.0247271060943603,0,True,57,65,False,98,32,2025-11-16 06:08:21
ba_512_1_2.txt,barabasi_albert_10ins_m20,48,SpecAnn-cold,0.8829085791038153,1.0,-133377.99999999997,0.0245141983032226,0,True,57,65,False,99,32,2025-11-16 06:08:21
ba_512_1_2.txt,barabasi_albert_10ins_m20,48,SpecAnn-cold,0.8873565094161138,1.0,-134276.0,0.0243613719940185,0,True,57,65,False,100,32,2025-11-16 06:08:21
ba_512_1_2.txt,barabasi_albert_10ins_m20,48,SpecAnn-cold,0.8917822551223932,1.0,-134276.0,0.024461030960083,0,True,57,65,False,101,32,2025-11-16 06:08:21
ba_512_1_2.txt,barabasi_albert_10ins_m20,48,SpecAnn-cold,0.8961861448935777,1.0,-134276.0,0.0244252681732177,0,True,57,65,False,102,32,2025-11-16 06:08:21
ba_512_1_2.txt,barabasi_albert_10ins_m20,48,SpecAnn-cold,0.9005684993642872,1.0,-135564.0,0.0243921279907226,0,True,57,65,False,103,32,2025-11-16 06:08:21
ba_512_1_2.txt,barabasi_albert_10ins_m20,48,SpecAnn-cold,0.9049296314052688,1.0,-135112.00000000003,0.0243539810180664,0,True,57,65,False,104,32,2025-11-16 06:08:22
ba_512_1_2.txt,barabasi_albert_10ins_m20,48,SpecAnn-cold,0.9092698463840684,1.0,-134721.99999999997,0.0244951248168945,0,True,57,65,False,105,32,2025-11-16 06:08:22
ba_512_1_2.txt,barabasi_albert_10ins_m20,48,SpecAnn-cold,0.9135894424145556,1.0,-135564.0,0.036043643951416,0,True,57,97,False,106,32,2025-11-16 06:08:22
ba_512_1_2.txt,barabasi_albert_10ins_m20,48,SpecAnn-cold,0.9178887105958816,1.0,-134904.0,0.0243568420410156,0,True,57,65,False,107,32,2025-11-16 06:08:22
ba_512_1_2.txt,barabasi_albert_10ins_m20,48,SpecAnn-cold,0.922167935241408,1.0,-134904.0,0.024287462234497,0,True,57,65,False,108,32,2025-11-16 06:08:22
ba_512_1_2.txt,barabasi_albert_10ins_m20,48,SpecAnn-cold,0.92642739409812,1.0,-135493.99999999997,0.0243465900421142,0,True,57,65,False,109,32,2025-11-16 06:08:22
ba_512_1_2.txt,barabasi_albert_10ins_m20,48,SpecAnn-cold,0.9306673585570006,1.0,-135493.99999999997,0.0243453979492187,0,True,57,65,False,110,32,2025-11-16 06:08:22
ba_512_1_2.txt,barabasi_albert_10ins_m20,48,SpecAnn-cold,0.9348880938548184,1.0,-135493.99999999997,0.0243253707885742,0,True,57,65,False,111,32,2025-11-16 06:08:22
ba_512_1_2.txt,barabasi_albert_10ins_m20,48,SpecAnn-cold,0.9390898592677528,1.0,-135493.99999999997,0.0242807865142822,0,True,57,65,False,112,32,2025-11-16 06:08:22
ba_512_1_2.txt,barabasi_albert_10ins_m20,48,SpecAnn-cold,0.9432729082972536,1.0,-134264.0,0.024355411529541,0,True,57,65,False,113,32,2025-11-16 06:08:22
ba_512_1_2.txt,barabasi_albert_10ins_m20,48,SpecAnn-cold,0.9474374888485204,1.0,-135474.0,0.024285078048706,0,True,57,65,False,114,32,2025-11-16 06:08:22
ba_512_1_2.txt,barabasi_albert_10ins_m20,48,SpecAnn-cold,0.9515838434019476,1.0,-135552.0,0.0242218971252441,0,True,57,65,False,115,32,2025-11-16 06:08:22
ba_512_1_2.txt,barabasi_albert_10ins_m20,48,SpecAnn-cold,0.9557122091778746,1.0,-135054.0,0.0241961479187011,0,True,57,65,False,116,32,2025-11-16 06:08:22
ba_512_1_2.txt,barabasi_albert_10ins_m20,48,SpecAnn-cold,0.9598228182949629,1.0,-135528.0,0.0243628025054931,0,True,57,65,False,117,32,2025-11-16 06:08:22
ba_512_1_2.txt,barabasi_albert_10ins_m20,48,SpecAnn-cold,0.963915897922488,1.0,-136548.0,0.0242862701416015,0,True,57,65,False,118,32,2025-11-16 06:08:22
ba_512_1_2.txt,barabasi_albert_10ins_m20,48,SpecAnn-cold,0.967991670426842,1.0,-135904.0,0.0241878032684326,0,True,57,65,False,119,32,2025-11-16 06:08:22
ba_512_1_2.txt,barabasi_albert_10ins_m20,48,SpecAnn-cold,0.9720503535125016,1.0,-135178.0,0.02427339553833,0,True,57,65,False,120,32,2025-11-16 06:08:22
ba_512_1_2.txt,barabasi_albert_10ins_m20,48,SpecAnn-cold,0.9760921603577252,1.0,-135254.0,0.0244114398956298,0,True,57,65,False,121,32,2025-11-16 06:08:22
ba_512_1_2.txt,barabasi_albert_10ins_m20,48,SpecAnn-cold,0.9801172997452104,1.0,-134882.00000000003,0.0242109298706054,0,True,57,65,False,122,32,2025-11-16 06:08:22
ba_512_1_2.txt,barabasi_albert_10ins_m20,48,SpecAnn-cold,0.9841259761879442,1.0,-134994.0,0.0241987705230712,0,True,57,65,False,123,32,2025-11-16 06:08:22
ba_512_1_2.txt,barabasi_albert_10ins_m20,48,SpecAnn-cold,0.9881183900504562,1.0,-134994.0,0.0357952117919921,0,True,57,97,False,124,32,2025-11-16 06:08:22
ba_512_1_2.txt,barabasi_albert_10ins_m20,48,SpecAnn-cold,0.9920947376656812,1.0,-134994.0,0.0357532501220703,0,True,57,97,False,125,32,2025-11-16 06:08:22
ba_512_1_2.txt,barabasi_albert_10ins_m20,48,SpecAnn-cold,0.9960552114476228,1.0,-134994.0,0.0241892337799072,0,True,57,65,False,126,32,2025-11-16 06:08:22
ba_512_1_2.txt,barabasi_albert_10ins_m20,48,SpecAnn-cold,1.0,1.0,-135340.0,0.0243144035339355,0,True,57,65,False,127,32,2025-11-16 06:08:22
ba_512_1_2.txt,barabasi_albert_10ins_m20,49,SpecAnn-cold,0.0,1.0,-122468.0,0.0135908126831054,0,True,61,33,False,0,32,2025-11-16 06:08:22
ba_512_1_2.txt,barabasi_albert_10ins_m20,49,SpecAnn-cold,0.0887356509416113,1.0,-121968.0,0.0129022598266601,0,True,61,33,False,1,32,2025-11-16 06:08:22
ba_512_1_2.txt,barabasi_albert_10ins_m20,49,SpecAnn-cold,0.1254911610276317,1.0,-121484.0,0.0126299858093261,0,True,61,33,False,2,32,2025-11-16 06:08:22
ba_512_1_2.txt,barabasi_albert_10ins_m20,49,SpecAnn-cold,0.1536946558735679,1.0,-124524.0,0.0127744674682617,0,True,61,33,False,3,32,2025-11-16 06:08:22
ba_512_1_2.txt,barabasi_albert_10ins_m20,49,SpecAnn-cold,0.1774713018832227,1.0,-122574.0,0.0128509998321533,0,True,61,33,False,4,32,2025-11-16 06:08:22
ba_512_1_2.txt,barabasi_albert_10ins_m20,49,SpecAnn-cold,0.1984189475331362,1.0,-125126.00000000004,0.0128881931304931,0,True,61,33,False,5,32,2025-11-16 06:08:22
ba_512_1_2.txt,barabasi_albert_10ins_m20,49,SpecAnn-cold,0.2173570668006655,1.0,-127282.0,0.0128240585327148,0,True,61,33,False,6,32,2025-11-16 06:08:22
ba_512_1_2.txt,barabasi_albert_10ins_m20,49,SpecAnn-cold,0.2347724648169381,1.0,-128780.0,0.0128471851348876,0,True,61,33,False,7,32,2025-11-16 06:08:22
ba_512_1_2.txt,barabasi_albert_10ins_m20,49,SpecAnn-cold,0.2509823220552634,1.0,-126432.0,0.0128352642059326,0,True,61,33,False,8,32,2025-11-16 06:08:22
ba_512_1_2.txt,barabasi_albert_10ins_m20,49,SpecAnn-cold,0.2662069528248341,1.0,-126432.0,0.012669563293457,0,True,61,33,False,9,32,2025-11-16 06:08:22
ba_512_1_2.txt,barabasi_albert_10ins_m20,49,SpecAnn-cold,0.2806067666331568,1.0,-127418.0,0.0126757621765136,0,True,61,33,False,10,32,2025-11-16 06:08:22
ba_512_1_2.txt,barabasi_albert_10ins_m20,49,SpecAnn-cold,0.2943028597012718,1.0,-125738.0,0.0127091407775878,0,True,61,33,False,11,32,2025-11-16 06:08:22
ba_512_1_2.txt,barabasi_albert_10ins_m20,49,SpecAnn-cold,0.3073893117471359,1.0,-125738.0,0.0128009319305419,0,True,61,33,False,12,32,2025-11-16 06:08:22
ba_512_1_2.txt,barabasi_albert_10ins_m20,49,SpecAnn-cold,0.3199409394316542,1.0,-123148.0,0.0126442909240722,0,True,61,33,False,13,32,2025-11-16 06:08:22
ba_512_1_2.txt,barabasi_albert_10ins_m20,49,SpecAnn-cold,0.3320184038158743,1.0,-125738.0,0.0126118659973144,0,True,61,33,False,14,32,2025-11-16 06:08:22
ba_512_1_2.txt,barabasi_albert_10ins_m20,49,SpecAnn-cold,0.3436716983117353,1.0,-126806.0,0.0126144886016845,0,True,61,33,False,15,32,2025-11-16 06:08:22
ba_512_1_2.txt,barabasi_albert_10ins_m20,49,SpecAnn-cold,0.3549426037664455,1.0,-127400.0,0.0126659870147705,0,True,61,33,False,16,32,2025-11-16 06:08:22
ba_512_1_2.txt,barabasi_albert_10ins_m20,49,SpecAnn-cold,0.3658664615902029,1.0,-125022.0,0.012624979019165,0,True,61,33,False,17,32,2025-11-16 06:08:22
ba_512_1_2.txt,barabasi_albert_10ins_m20,49,SpecAnn-cold,0.3764734830828951,1.0,-125022.0,0.0126490592956542,0,True,61,33,False,18,32,2025-11-16 06:08:23
ba_512_1_2.txt,barabasi_albert_10ins_m20,49,SpecAnn-cold,0.3867897351437838,1.0,-128462.0,0.0126316547393798,0,True,61,33,False,19,32,2025-11-16 06:08:23
ba_512_1_2.txt,barabasi_albert_10ins_m20,49,SpecAnn-cold,0.3968378950662725,1.0,-130538.0,0.0126953125,0,True,61,33,False,20,32,2025-11-16 06:08:23
ba_512_1_2.txt,barabasi_albert_10ins_m20,49,SpecAnn-cold,0.4066378372811136,1.0,-126060.0,0.0126338005065917,0,True,61,33,False,21,32,2025-11-16 06:08:23
ba_512_1_2.txt,barabasi_albert_10ins_m20,49,SpecAnn-cold,0.4162070956347247,1.0,-125122.0,0.0126981735229492,0,True,61,33,False,22,32,2025-11-16 06:08:23
ba_512_1_2.txt,barabasi_albert_10ins_m20,49,SpecAnn-cold,0.4255612320274539,1.0,-125434.0,0.0126452445983886,0,True,61,33,False,23,32,2025-11-16 06:08:23
ba_512_1_2.txt,barabasi_albert_10ins_m20,49,SpecAnn-cold,0.434714133601331,1.0,-125888.0,0.0126843452453613,0,True,61,33,False,24,32,2025-11-16 06:08:23
ba_512_1_2.txt,barabasi_albert_10ins_m20,49,SpecAnn-cold,0.4436782547080569,1.0,-127026.0,0.0126698017120361,0,True,61,33,False,25,32,2025-11-16 06:08:23
ba_512_1_2.txt,barabasi_albert_10ins_m20,49,SpecAnn-cold,0.4524648157026343,1.0,-124772.0,0.0126175880432128,0,True,61,33,False,26,32,2025-11-16 06:08:23
ba_512_1_2.txt,barabasi_albert_10ins_m20,49,SpecAnn-cold,0.4610839676207039,1.0,-125170.0,0.0126066207885742,0,True,61,33,False,27,32,2025-11-16 06:08:23
ba_512_1_2.txt,barabasi_albert_10ins_m20,49,SpecAnn-cold,0.4695449296338763,1.0,-126438.0,0.0126876831054687,0,True,61,33,False,28,32,2025-11-16 06:08:23
ba_512_1_2.txt,barabasi_albert_10ins_m20,49,SpecAnn-cold,0.4778561045889373,1.0,-126438.0,0.0126416683197021,0,True,61,33,False,29,32,2025-11-16 06:08:23
ba_512_1_2.txt,barabasi_albert_10ins_m20,49,SpecAnn-cold,0.4860251767562508,1.0,-126438.0,0.0126535892486572,0,True,61,33,False,30,32,2025-11-16 06:08:23
ba_512_1_2.txt,barabasi_albert_10ins_m20,49,SpecAnn-cold,0.4940591950252281,1.0,-132886.0,0.0127580165863037,0,True,61,33,False,31,32,2025-11-16 06:08:23
ba_512_1_2.txt,barabasi_albert_10ins_m20,49,SpecAnn-cold,0.5019646441105269,1.0,-127920.0,0.0126800537109375,0,True,61,33,False,32,32,2025-11-16 06:08:23
ba_512_1_2.txt,barabasi_albert_10ins_m20,49,SpecAnn-cold,0.5097475058154177,1.0,-128286.00000000004,0.0126616954803466,0,True,61,33,False,33,32,2025-11-16 06:08:23
ba_512_1_2.txt,barabasi_albert_10ins_m20,49,SpecAnn-cold,0.51741331199832,1.0,-123172.0,0.0126433372497558,0,True,61,33,False,34,32,2025-11-16 06:08:23
ba_512_1_2.txt,barabasi_albert_10ins_m20,49,SpecAnn-cold,0.5249671905758515,1.0,-126369.99999999996,0.0125861167907714,0,True,61,33,False,35,32,2025-11-16 06:08:23
ba_512_1_2.txt,barabasi_albert_10ins_m20,49,SpecAnn-cold,0.5324139056496683,1.0,-126786.00000000004,0.0125994682312011,0,True,61,33,False,36,32,2025-11-16 06:08:23
ba_512_1_2.txt,barabasi_albert_10ins_m20,49,SpecAnn-cold,0.5397578926492556,1.0,-123098.0,0.0126984119415283,0,True,61,33,False,37,32,2025-11-16 06:08:23
ba_512_1_2.txt,barabasi_albert_10ins_m20,49,SpecAnn-cold,0.5470032892270364,1.0,-124982.0,0.0125999450683593,0,True,61,33,False,38,32,2025-11-16 06:08:23
ba_512_1_2.txt,barabasi_albert_10ins_m20,49,SpecAnn-cold,0.554153962516942,1.0,-123988.0,0.0127201080322265,0,True,61,33,False,39,32,2025-11-16 06:08:23
ba_512_1_2.txt,barabasi_albert_10ins_m20,49,SpecAnn-cold,0.5612135332663137,1.0,-125276.00000000004,0.0246186256408691,0,True,61,65,False,40,32,2025-11-16 06:08:23
ba_512_1_2.txt,barabasi_albert_10ins_m20,49,SpecAnn-cold,0.5681853972686127,1.0,-127680.0,0.0245351791381835,0,True,61,65,False,41,32,2025-11-16 06:08:23
ba_512_1_2.txt,barabasi_albert_10ins_m20,49,SpecAnn-cold,0.5750727444570146,1.0,-124356.0,0.024167776107788,0,True,61,65,False,42,32,2025-11-16 06:08:23
ba_512_1_2.txt,barabasi_albert_10ins_m20,49,SpecAnn-cold,0.5818785759635375,1.0,-124356.0,0.0241909027099609,0,True,61,65,False,43,32,2025-11-16 06:08:23
ba_512_1_2.txt,barabasi_albert_10ins_m20,49,SpecAnn-cold,0.5886057194025436,1.0,-124356.0,0.0126435756683349,0,True,61,33,False,44,32,2025-11-16 06:08:23
ba_512_1_2.txt,barabasi_albert_10ins_m20,49,SpecAnn-cold,0.5952568425994088,1.0,-127583.99999999996,0.0240962505340576,0,True,61,65,False,45,32,2025-11-16 06:08:23
ba_512_1_2.txt,barabasi_albert_10ins_m20,49,SpecAnn-cold,0.6018344659534288,1.0,-127890.0,0.0245084762573242,0,True,61,65,False,46,32,2025-11-16 06:08:23
ba_512_1_2.txt,barabasi_albert_10ins_m20,49,SpecAnn-cold,0.6083409735974393,1.0,-126722.0,0.0245633125305175,0,True,61,65,False,47,32,2025-11-16 06:08:23
ba_512_1_2.txt,barabasi_albert_10ins_m20,49,SpecAnn-cold,0.6147786234942719,1.0,-131894.0,0.0246407985687255,0,True,61,65,False,48,32,2025-11-16 06:08:23
ba_512_1_2.txt,barabasi_albert_10ins_m20,49,SpecAnn-cold,0.6211495565912796,1.0,-127316.0,0.0246918201446533,0,True,61,65,False,49,32,2025-11-16 06:08:23
ba_512_1_2.txt,barabasi_albert_10ins_m20,49,SpecAnn-cold,0.6274558051381586,1.0,-127098.0,0.0245740413665771,0,True,61,65,False,50,32,2025-11-16 06:08:23
ba_512_1_2.txt,barabasi_albert_10ins_m20,49,SpecAnn-cold,0.6336993002596786,1.0,-125964.0,0.0244450569152832,0,True,61,65,False,51,32,2025-11-16 06:08:23
ba_512_1_2.txt,barabasi_albert_10ins_m20,49,SpecAnn-cold,0.6398818788633085,1.0,-127866.0,0.0245835781097412,0,True,61,65,False,52,32,2025-11-16 06:08:23
ba_512_1_2.txt,barabasi_albert_10ins_m20,49,SpecAnn-cold,0.6460052899517691,1.0,-128996.0,0.0247278213500976,0,True,61,65,False,53,32,2025-11-16 06:08:23
ba_512_1_2.txt,barabasi_albert_10ins_m20,49,SpecAnn-cold,0.6520712004019966,1.0,-128996.0,0.024848461151123,0,True,61,65,False,54,32,2025-11-16 06:08:23
ba_512_1_2.txt,barabasi_albert_10ins_m20,49,SpecAnn-cold,0.6580812002646271,1.0,-126836.0,0.0244786739349365,0,True,61,65,False,55,32,2025-11-16 06:08:23
ba_512_1_2.txt,barabasi_albert_10ins_m20,49,SpecAnn-cold,0.6640368076317485,1.0,-131634.00000000003,0.0243644714355468,0,True,61,65,False,56,32,2025-11-16 06:08:23
ba_512_1_2.txt,barabasi_albert_10ins_m20,49,SpecAnn-cold,0.6699394731151429,1.0,-135122.0,0.0243563652038574,0,True,61,65,False,57,32,2025-11-16 06:08:23
ba_512_1_2.txt,barabasi_albert_10ins_m20,49,SpecAnn-cold,0.6757905839724513,1.0,-133573.99999999997,0.0243804454803466,0,True,61,65,False,58,32,2025-11-16 06:08:23
ba_512_1_2.txt,barabasi_albert_10ins_m20,49,SpecAnn-cold,0.6815914679145113,1.0,-131501.99999999997,0.0243105888366699,0,True,61,65,False,59,32,2025-11-16 06:08:23
ba_512_1_2.txt,barabasi_albert_10ins_m20,49,SpecAnn-cold,0.6873433966234707,1.0,-133261.99999999997,0.0242564678192138,0,True,61,65,False,60,32,2025-11-16 06:08:23
ba_512_1_2.txt,barabasi_albert_10ins_m20,49,SpecAnn-cold,0.6930475890080863,1.0,-134086.0,0.0243029594421386,0,True,61,65,False,61,32,2025-11-16 06:08:23
ba_512_1_2.txt,barabasi_albert_10ins_m20,49,SpecAnn-cold,0.6987052142198116,1.0,-134622.0,0.0243804454803466,0,True,61,65,False,62,32,2025-11-16 06:08:23
ba_512_1_2.txt,barabasi_albert_10ins_m20,49,SpecAnn-cold,0.7043173944508145,1.0,-134148.0,0.024503469467163,0,True,61,65,False,63,32,2025-11-16 06:08:23
ba_512_1_2.txt,barabasi_albert_10ins_m20,49,SpecAnn-cold,0.709885207532891,1.0,-133656.0,0.0246179103851318,0,True,61,65,False,64,32,2025-11-16 06:08:23
ba_512_1_2.txt,barabasi_albert_10ins_m20,49,SpecAnn-cold,0.7154096893543218,1.0,-133692.0,0.0243506431579589,0,True,61,65,False,65,32,2025-11-16 06:08:23
ba_512_1_2.txt,barabasi_albert_10ins_m20,49,SpecAnn-cold,0.7208918361100219,1.0,-133552.0,0.0242025852203369,0,True,61,65,False,66,32,2025-11-16 06:08:23
ba_512_1_2.txt,barabasi_albert_10ins_m20,49,SpecAnn-cold,0.7263326063988248,1.0,-133474.0,0.0242788791656494,0,True,61,65,False,67,32,2025-11-16 06:08:23
ba_512_1_2.txt,barabasi_albert_10ins_m20,49,SpecAnn-cold,0.7317329231804058,1.0,-134606.00000000003,0.0242395401000976,0,True,61,65,False,68,32,2025-11-16 06:08:23
ba_512_1_2.txt,barabasi_albert_10ins_m20,49,SpecAnn-cold,0.7370936756031579,1.0,-135234.0,0.0243120193481445,0,True,61,65,False,69,32,2025-11-16 06:08:23
ba_512_1_2.txt,barabasi_albert_10ins_m20,49,SpecAnn-cold,0.7424157207132704,1.0,-135196.0,0.0243852138519287,0,True,61,65,False,70,32,2025-11-16 06:08:24
ba_512_1_2.txt,barabasi_albert_10ins_m20,49,SpecAnn-cold,0.7476998850543153,1.0,-135158.0,0.0244457721710205,0,True,61,65,False,71,32,2025-11-16 06:08:24
ba_512_1_2.txt,barabasi_albert_10ins_m20,49,SpecAnn-cold,0.7529469661657903,1.0,-135428.0,0.0245029926300048,0,True,61,65,False,72,32,2025-11-16 06:08:24
ba_512_1_2.txt,barabasi_albert_10ins_m20,49,SpecAnn-cold,0.7581577339883167,1.0,-135091.99999999997,0.0242705345153808,0,True,61,65,False,73,32,2025-11-16 06:08:24
ba_512_1_2.txt,barabasi_albert_10ins_m20,49,SpecAnn-cold,0.7633329321824984,1.0,-135442.0,0.0242857933044433,0,True,61,65,False,74,32,2025-11-16 06:08:24
ba_512_1_2.txt,barabasi_albert_10ins_m20,49,SpecAnn-cold,0.7684732793678399,1.0,-135432.0,0.0242605209350585,0,True,61,65,False,75,32,2025-11-16 06:08:24
ba_512_1_2.txt,barabasi_albert_10ins_m20,49,SpecAnn-cold,0.7735794702875677,1.0,-134774.0,0.024268627166748,0,True,61,65,False,76,32,2025-11-16 06:08:24
ba_512_1_2.txt,barabasi_albert_10ins_m20,49,SpecAnn-cold,0.7786521769046981,1.0,-134545.99999999997,0.0241961479187011,0,True,61,65,False,77,32,2025-11-16 06:08:24
ba_512_1_2.txt,barabasi_albert_10ins_m20,49,SpecAnn-cold,0.7836920494342511,1.0,-134596.0,0.0242962837219238,0,True,61,65,False,78,32,2025-11-16 06:08:24
ba_512_1_2.txt,barabasi_albert_10ins_m20,49,SpecAnn-cold,0.788699717316095,1.0,-134174.0,0.0242097377777099,0,True,61,65,False,79,32,2025-11-16 06:08:24
ba_512_1_2.txt,barabasi_albert_10ins_m20,49,SpecAnn-cold,0.7936757901325451,1.0,-134364.0,0.0242280960083007,0,True,61,65,False,80,32,2025-11-16 06:08:24
ba_512_1_2.txt,barabasi_albert_10ins_m20,49,SpecAnn-cold,0.7986208584745024,1.0,-134352.0,0.024165391921997,0,True,61,65,False,81,32,2025-11-16 06:08:24
ba_512_1_2.txt,barabasi_albert_10ins_m20,49,SpecAnn-cold,0.803535494759617,1.0,-135322.0,0.0243186950683593,0,True,61,65,False,82,32,2025-11-16 06:08:24
ba_512_1_2.txt,barabasi_albert_10ins_m20,49,SpecAnn-cold,0.8084202540056837,1.0,-135074.0,0.0242137908935546,0,True,61,65,False,83,32,2025-11-16 06:08:24
ba_512_1_2.txt,barabasi_albert_10ins_m20,49,SpecAnn-cold,0.8132756745622272,1.0,-135198.0,0.0243198871612548,0,True,61,65,False,84,32,2025-11-16 06:08:24
ba_512_1_2.txt,barabasi_albert_10ins_m20,49,SpecAnn-cold,0.8181022788030096,1.0,-134525.99999999997,0.0242345333099365,0,True,61,65,False,85,32,2025-11-16 06:08:24
ba_512_1_2.txt,barabasi_albert_10ins_m20,49,SpecAnn-cold,0.822900573781978,1.0,-135642.0,0.0241913795471191,0,True,61,65,False,86,32,2025-11-16 06:08:24
ba_512_1_2.txt,barabasi_albert_10ins_m20,49,SpecAnn-cold,0.8276710518549868,1.0,-134522.0,0.024299144744873,0,True,61,65,False,87,32,2025-11-16 06:08:24
ba_512_1_2.txt,barabasi_albert_10ins_m20,49,SpecAnn-cold,0.8324141912694495,1.0,-135132.0,0.0242640972137451,0,True,61,65,False,88,32,2025-11-16 06:08:24
ba_512_1_2.txt,barabasi_albert_10ins_m20,49,SpecAnn-cold,0.8371304567239225,1.0,-134948.0,0.0242455005645751,0,True,61,65,False,89,32,2025-11-16 06:08:24
ba_512_1_2.txt,barabasi_albert_10ins_m20,49,SpecAnn-cold,0.8418202998994706,1.0,-134898.0,0.024181842803955,0,True,61,65,False,90,32,2025-11-16 06:08:24
ba_512_1_2.txt,barabasi_albert_10ins_m20,49,SpecAnn-cold,0.846484159964536,1.0,-133398.0,0.0242514610290527,0,True,61,65,False,91,32,2025-11-16 06:08:24
ba_512_1_2.txt,barabasi_albert_10ins_m20,49,SpecAnn-cold,0.8511224640549078,1.0,-132862.00000000003,0.0242011547088623,0,True,61,65,False,92,32,2025-11-16 06:08:24
ba_512_1_2.txt,barabasi_albert_10ins_m20,49,SpecAnn-cold,0.8557356277302758,1.0,-133466.0,0.0244755744934082,0,True,61,65,False,93,32,2025-11-16 06:08:24
ba_512_1_2.txt,barabasi_albert_10ins_m20,49,SpecAnn-cold,0.8603240554087516,1.0,-134948.0,0.0246281623840332,0,True,61,65,False,94,32,2025-11-16 06:08:24
ba_512_1_2.txt,barabasi_albert_10ins_m20,49,SpecAnn-cold,0.86488814078064,1.0,-134371.99999999997,0.0252943038940429,0,True,61,65,False,95,32,2025-11-16 06:08:24
ba_512_1_2.txt,barabasi_albert_10ins_m20,49,SpecAnn-cold,0.8694282672026621,1.0,-133398.0,0.0245318412780761,0,True,61,65,False,96,32,2025-11-16 06:08:24
ba_512_1_2.txt,barabasi_albert_10ins_m20,49,SpecAnn-cold,0.8739448080737451,1.0,-133842.0,0.0246713161468505,0,True,61,65,False,97,32,2025-11-16 06:08:24
ba_512_1_2.txt,barabasi_albert_10ins_m20,49,SpecAnn-cold,0.878438127193422,1.0,-133710.0,0.0243141651153564,0,True,61,65,False,98,32,2025-11-16 06:08:24
ba_512_1_2.txt,barabasi_albert_10ins_m20,49,SpecAnn-cold,0.8829085791038153,1.0,-133902.0,0.024360179901123,0,True,61,65,False,99,32,2025-11-16 06:08:24
ba_512_1_2.txt,barabasi_albert_10ins_m20,49,SpecAnn-cold,0.8873565094161138,1.0,-133902.0,0.0243256092071533,0,True,61,65,False,100,32,2025-11-16 06:08:24
ba_512_1_2.txt,barabasi_albert_10ins_m20,49,SpecAnn-cold,0.8917822551223932,1.0,-133902.0,0.0242581367492675,0,True,61,65,False,101,32,2025-11-16 06:08:24
ba_512_1_2.txt,barabasi_albert_10ins_m20,49,SpecAnn-cold,0.8961861448935777,1.0,-133902.0,0.0243303775787353,0,True,61,65,False,102,32,2025-11-16 06:08:24
ba_512_1_2.txt,barabasi_albert_10ins_m20,49,SpecAnn-cold,0.9005684993642872,1.0,-134058.0,0.0243489742279052,0,True,61,65,False,103,32,2025-11-16 06:08:24
ba_512_1_2.txt,barabasi_albert_10ins_m20,49,SpecAnn-cold,0.9049296314052688,1.0,-134732.0,0.024472951889038,0,True,61,65,False,104,32,2025-11-16 06:08:24
ba_512_1_2.txt,barabasi_albert_10ins_m20,49,SpecAnn-cold,0.9092698463840684,1.0,-134732.0,0.0246570110321044,0,True,61,65,False,105,32,2025-11-16 06:08:24
ba_512_1_2.txt,barabasi_albert_10ins_m20,49,SpecAnn-cold,0.9135894424145556,1.0,-134756.0,0.024470567703247,0,True,61,65,False,106,32,2025-11-16 06:08:24
ba_512_1_2.txt,barabasi_albert_10ins_m20,49,SpecAnn-cold,0.9178887105958816,1.0,-133858.0,0.0242681503295898,0,True,61,65,False,107,32,2025-11-16 06:08:24
ba_512_1_2.txt,barabasi_albert_10ins_m20,49,SpecAnn-cold,0.922167935241408,1.0,-133858.0,0.0243232250213623,0,True,61,65,False,108,32,2025-11-16 06:08:24
ba_512_1_2.txt,barabasi_albert_10ins_m20,49,SpecAnn-cold,0.92642739409812,1.0,-133938.0,0.0242724418640136,0,True,61,65,False,109,32,2025-11-16 06:08:24
ba_512_1_2.txt,barabasi_albert_10ins_m20,49,SpecAnn-cold,0.9306673585570006,1.0,-134708.0,0.0242905616760253,0,True,61,65,False,110,32,2025-11-16 06:08:24
ba_512_1_2.txt,barabasi_albert_10ins_m20,49,SpecAnn-cold,0.9348880938548184,1.0,-134708.0,0.0242245197296142,0,True,61,65,False,111,32,2025-11-16 06:08:25
ba_512_1_2.txt,barabasi_albert_10ins_m20,49,SpecAnn-cold,0.9390898592677528,1.0,-134708.0,0.0242936611175537,0,True,61,65,False,112,32,2025-11-16 06:08:25
ba_512_1_2.txt,barabasi_albert_10ins_m20,49,SpecAnn-cold,0.9432729082972536,1.0,-134788.0,0.0243661403656005,0,True,61,65,False,113,32,2025-11-16 06:08:25
ba_512_1_2.txt,barabasi_albert_10ins_m20,49,SpecAnn-cold,0.9474374888485204,1.0,-135002.00000000003,0.0242691040039062,0,True,61,65,False,114,32,2025-11-16 06:08:25
ba_512_1_2.txt,barabasi_albert_10ins_m20,49,SpecAnn-cold,0.9515838434019476,1.0,-134877.99999999997,0.0243160724639892,0,True,61,65,False,115,32,2025-11-16 06:08:25
ba_512_1_2.txt,barabasi_albert_10ins_m20,49,SpecAnn-cold,0.9557122091778746,1.0,-134718.0,0.0243115425109863,0,True,61,65,False,116,32,2025-11-16 06:08:25
ba_512_1_2.txt,barabasi_albert_10ins_m20,49,SpecAnn-cold,0.9598228182949629,1.0,-135328.00000000003,0.0242338180541992,0,True,61,65,False,117,32,2025-11-16 06:08:25
ba_512_1_2.txt,barabasi_albert_10ins_m20,49,SpecAnn-cold,0.963915897922488,1.0,-134718.0,0.0241782665252685,0,True,61,65,False,118,32,2025-11-16 06:08:25
ba_512_1_2.txt,barabasi_albert_10ins_m20,49,SpecAnn-cold,0.967991670426842,1.0,-134718.0,0.0243682861328125,0,True,61,65,False,119,32,2025-11-16 06:08:25
ba_512_1_2.txt,barabasi_albert_10ins_m20,49,SpecAnn-cold,0.9720503535125016,1.0,-135096.0,0.0242059230804443,0,True,61,65,False,120,32,2025-11-16 06:08:25
ba_512_1_2.txt,barabasi_albert_10ins_m20,49,SpecAnn-cold,0.9760921603577252,1.0,-136169.99999999997,0.0242702960968017,0,True,61,65,False,121,32,2025-11-16 06:08:25
ba_512_1_2.txt,barabasi_albert_10ins_m20,49,SpecAnn-cold,0.9801172997452104,1.0,-135746.0,0.0243213176727294,0,True,61,65,False,122,32,2025-11-16 06:08:25
ba_512_1_2.txt,barabasi_albert_10ins_m20,49,SpecAnn-cold,0.9841259761879442,1.0,-134985.99999999997,0.0246429443359375,0,True,61,65,False,123,32,2025-11-16 06:08:25
ba_512_1_2.txt,barabasi_albert_10ins_m20,49,SpecAnn-cold,0.9881183900504562,1.0,-134985.99999999997,0.0360171794891357,0,True,61,97,False,124,32,2025-11-16 06:08:25
ba_512_1_2.txt,barabasi_albert_10ins_m20,49,SpecAnn-cold,0.9920947376656812,1.0,-134985.99999999997,0.0241396427154541,0,True,61,65,False,125,32,2025-11-16 06:08:25
ba_512_1_2.txt,barabasi_albert_10ins_m20,49,SpecAnn-cold,0.9960552114476228,1.0,-134985.99999999997,0.0357289314270019,0,True,61,97,False,126,32,2025-11-16 06:08:25
ba_512_1_2.txt,barabasi_albert_10ins_m20,49,SpecAnn-cold,1.0,1.0,-134142.0,0.0243165493011474,0,True,61,65,False,127,32,2025-11-16 06:08:25
ba_512_1_2.txt,barabasi_albert_10ins_m20,50,SpecAnn-cold,0.0,1.0,-124610.0,0.0137827396392822,0,True,59,33,False,0,32,2025-11-16 06:08:25
ba_512_1_2.txt,barabasi_albert_10ins_m20,50,SpecAnn-cold,0.0887356509416113,1.0,-125830.00000000004,0.0131473541259765,0,True,59,33,False,1,32,2025-11-16 06:08:25
ba_512_1_2.txt,barabasi_albert_10ins_m20,50,SpecAnn-cold,0.1254911610276317,1.0,-127088.0,0.0129122734069824,0,True,59,33,False,2,32,2025-11-16 06:08:25
ba_512_1_2.txt,barabasi_albert_10ins_m20,50,SpecAnn-cold,0.1536946558735679,1.0,-127088.0,0.0128459930419921,0,True,59,33,False,3,32,2025-11-16 06:08:25
ba_512_1_2.txt,barabasi_albert_10ins_m20,50,SpecAnn-cold,0.1774713018832227,1.0,-124596.0,0.0126900672912597,0,True,59,33,False,4,32,2025-11-16 06:08:25
ba_512_1_2.txt,barabasi_albert_10ins_m20,50,SpecAnn-cold,0.1984189475331362,1.0,-127538.0,0.0127718448638916,0,True,59,33,False,5,32,2025-11-16 06:08:25
ba_512_1_2.txt,barabasi_albert_10ins_m20,50,SpecAnn-cold,0.2173570668006655,1.0,-128806.0,0.0126464366912841,0,True,59,33,False,6,32,2025-11-16 06:08:25
ba_512_1_2.txt,barabasi_albert_10ins_m20,50,SpecAnn-cold,0.2347724648169381,1.0,-130561.99999999996,0.0128147602081298,0,True,59,33,False,7,32,2025-11-16 06:08:25
ba_512_1_2.txt,barabasi_albert_10ins_m20,50,SpecAnn-cold,0.2509823220552634,1.0,-130868.0,0.0126709938049316,0,True,59,33,False,8,32,2025-11-16 06:08:25
ba_512_1_2.txt,barabasi_albert_10ins_m20,50,SpecAnn-cold,0.2662069528248341,1.0,-130868.0,0.0127418041229248,0,True,59,33,False,9,32,2025-11-16 06:08:25
ba_512_1_2.txt,barabasi_albert_10ins_m20,50,SpecAnn-cold,0.2806067666331568,1.0,-127684.0,0.012826919555664,0,True,59,33,False,10,32,2025-11-16 06:08:25
ba_512_1_2.txt,barabasi_albert_10ins_m20,50,SpecAnn-cold,0.2943028597012718,1.0,-131652.00000000003,0.0127618312835693,0,True,59,33,False,11,32,2025-11-16 06:08:25
ba_512_1_2.txt,barabasi_albert_10ins_m20,50,SpecAnn-cold,0.3073893117471359,1.0,-131652.00000000003,0.0127077102661132,0,True,59,33,False,12,32,2025-11-16 06:08:25
ba_512_1_2.txt,barabasi_albert_10ins_m20,50,SpecAnn-cold,0.3199409394316542,1.0,-129496.0,0.012862205505371,0,True,59,33,False,13,32,2025-11-16 06:08:25
ba_512_1_2.txt,barabasi_albert_10ins_m20,50,SpecAnn-cold,0.3320184038158743,1.0,-131652.00000000003,0.0127146244049072,0,True,59,33,False,14,32,2025-11-16 06:08:25
ba_512_1_2.txt,barabasi_albert_10ins_m20,50,SpecAnn-cold,0.3436716983117353,1.0,-128016.0,0.0128388404846191,0,True,59,33,False,15,32,2025-11-16 06:08:25
ba_512_1_2.txt,barabasi_albert_10ins_m20,50,SpecAnn-cold,0.3549426037664455,1.0,-131466.00000000003,0.0128412246704101,0,True,59,33,False,16,32,2025-11-16 06:08:25
ba_512_1_2.txt,barabasi_albert_10ins_m20,50,SpecAnn-cold,0.3658664615902029,1.0,-125662.0,0.0127263069152832,0,True,59,33,False,17,32,2025-11-16 06:08:25
ba_512_1_2.txt,barabasi_albert_10ins_m20,50,SpecAnn-cold,0.3764734830828951,1.0,-125662.0,0.0127463340759277,0,True,59,33,False,18,32,2025-11-16 06:08:25
ba_512_1_2.txt,barabasi_albert_10ins_m20,50,SpecAnn-cold,0.3867897351437838,1.0,-133558.0,0.0129079818725585,0,True,59,33,False,19,32,2025-11-16 06:08:25
ba_512_1_2.txt,barabasi_albert_10ins_m20,50,SpecAnn-cold,0.3968378950662725,1.0,-133752.0,0.0129568576812744,0,True,59,33,False,20,32,2025-11-16 06:08:25
ba_512_1_2.txt,barabasi_albert_10ins_m20,50,SpecAnn-cold,0.4066378372811136,1.0,-133623.99999999997,0.0129480361938476,0,True,59,33,False,21,32,2025-11-16 06:08:25
ba_512_1_2.txt,barabasi_albert_10ins_m20,50,SpecAnn-cold,0.4162070956347247,1.0,-131060.0,0.0129117965698242,0,True,59,33,False,22,32,2025-11-16 06:08:25
ba_512_1_2.txt,barabasi_albert_10ins_m20,50,SpecAnn-cold,0.4255612320274539,1.0,-134536.0,0.012812852859497,0,True,59,33,False,23,32,2025-11-16 06:08:25
ba_512_1_2.txt,barabasi_albert_10ins_m20,50,SpecAnn-cold,0.434714133601331,1.0,-132684.0,0.0128061771392822,0,True,59,33,False,24,32,2025-11-16 06:08:25
ba_512_1_2.txt,barabasi_albert_10ins_m20,50,SpecAnn-cold,0.4436782547080569,1.0,-133616.00000000003,0.012683629989624,0,True,59,33,False,25,32,2025-11-16 06:08:25
ba_512_1_2.txt,barabasi_albert_10ins_m20,50,SpecAnn-cold,0.4524648157026343,1.0,-130672.0,0.024247407913208,0,True,59,65,False,26,32,2025-11-16 06:08:25
ba_512_1_2.txt,barabasi_albert_10ins_m20,50,SpecAnn-cold,0.4610839676207039,1.0,-126528.0,0.0126898288726806,0,True,59,33,False,27,32,2025-11-16 06:08:25
ba_512_1_2.txt,barabasi_albert_10ins_m20,50,SpecAnn-cold,0.4695449296338763,1.0,-129518.0,0.0127313137054443,0,True,59,33,False,28,32,2025-11-16 06:08:25
ba_512_1_2.txt,barabasi_albert_10ins_m20,50,SpecAnn-cold,0.4778561045889373,1.0,-129518.0,0.0126464366912841,0,True,59,33,False,29,32,2025-11-16 06:08:26
ba_512_1_2.txt,barabasi_albert_10ins_m20,50,SpecAnn-cold,0.4860251767562508,1.0,-129518.0,0.0127565860748291,0,True,59,33,False,30,32,2025-11-16 06:08:26
ba_512_1_2.txt,barabasi_albert_10ins_m20,50,SpecAnn-cold,0.4940591950252281,1.0,-127176.0,0.0127897262573242,0,True,59,33,False,31,32,2025-11-16 06:08:26
ba_512_1_2.txt,barabasi_albert_10ins_m20,50,SpecAnn-cold,0.5019646441105269,1.0,-131790.0,0.012700080871582,0,True,59,33,False,32,32,2025-11-16 06:08:26
ba_512_1_2.txt,barabasi_albert_10ins_m20,50,SpecAnn-cold,0.5097475058154177,1.0,-127510.0,0.0126943588256835,0,True,59,33,False,33,32,2025-11-16 06:08:26
ba_512_1_2.txt,barabasi_albert_10ins_m20,50,SpecAnn-cold,0.51741331199832,1.0,-126044.0,0.0128741264343261,0,True,59,33,False,34,32,2025-11-16 06:08:26
ba_512_1_2.txt,barabasi_albert_10ins_m20,50,SpecAnn-cold,0.5249671905758515,1.0,-124948.0,0.0126729011535644,0,True,59,33,False,35,32,2025-11-16 06:08:26
ba_512_1_2.txt,barabasi_albert_10ins_m20,50,SpecAnn-cold,0.5324139056496683,1.0,-124538.0,0.0243470668792724,0,True,59,65,False,36,32,2025-11-16 06:08:26
ba_512_1_2.txt,barabasi_albert_10ins_m20,50,SpecAnn-cold,0.5397578926492556,1.0,-124618.0,0.0127100944519042,0,True,59,33,False,37,32,2025-11-16 06:08:26
ba_512_1_2.txt,barabasi_albert_10ins_m20,50,SpecAnn-cold,0.5470032892270364,1.0,-125038.0,0.0242323875427246,0,True,59,65,False,38,32,2025-11-16 06:08:26
ba_512_1_2.txt,barabasi_albert_10ins_m20,50,SpecAnn-cold,0.554153962516942,1.0,-128508.00000000004,0.0127773284912109,0,True,59,33,False,39,32,2025-11-16 06:08:26
ba_512_1_2.txt,barabasi_albert_10ins_m20,50,SpecAnn-cold,0.5612135332663137,1.0,-126502.0,0.0242018699645996,0,True,59,65,False,40,32,2025-11-16 06:08:26
ba_512_1_2.txt,barabasi_albert_10ins_m20,50,SpecAnn-cold,0.5681853972686127,1.0,-128270.0,0.0126895904541015,0,True,59,33,False,41,32,2025-11-16 06:08:26
ba_512_1_2.txt,barabasi_albert_10ins_m20,50,SpecAnn-cold,0.5750727444570146,1.0,-128270.0,0.0241763591766357,0,True,59,65,False,42,32,2025-11-16 06:08:26
ba_512_1_2.txt,barabasi_albert_10ins_m20,50,SpecAnn-cold,0.5818785759635375,1.0,-128270.0,0.0241396427154541,0,True,59,65,False,43,32,2025-11-16 06:08:26
ba_512_1_2.txt,barabasi_albert_10ins_m20,50,SpecAnn-cold,0.5886057194025436,1.0,-128270.0,0.0241203308105468,0,True,59,65,False,44,32,2025-11-16 06:08:26
ba_512_1_2.txt,barabasi_albert_10ins_m20,50,SpecAnn-cold,0.5952568425994088,1.0,-128308.0,0.0241212844848632,0,True,59,65,False,45,32,2025-11-16 06:08:26
ba_512_1_2.txt,barabasi_albert_10ins_m20,50,SpecAnn-cold,0.6018344659534288,1.0,-125464.0,0.0241544246673584,0,True,59,65,False,46,32,2025-11-16 06:08:26
ba_512_1_2.txt,barabasi_albert_10ins_m20,50,SpecAnn-cold,0.6083409735974393,1.0,-127616.0,0.0242073535919189,0,True,59,65,False,47,32,2025-11-16 06:08:26
ba_512_1_2.txt,barabasi_albert_10ins_m20,50,SpecAnn-cold,0.6147786234942719,1.0,-126176.0,0.0241773128509521,0,True,59,65,False,48,32,2025-11-16 06:08:26
ba_512_1_2.txt,barabasi_albert_10ins_m20,50,SpecAnn-cold,0.6211495565912796,1.0,-126669.99999999996,0.0241174697875976,0,True,59,65,False,49,32,2025-11-16 06:08:26
ba_512_1_2.txt,barabasi_albert_10ins_m20,50,SpecAnn-cold,0.6274558051381586,1.0,-128052.0,0.0241811275482177,0,True,59,65,False,50,32,2025-11-16 06:08:26
ba_512_1_2.txt,barabasi_albert_10ins_m20,50,SpecAnn-cold,0.6336993002596786,1.0,-126696.0,0.0241773128509521,0,True,59,65,False,51,32,2025-11-16 06:08:26
ba_512_1_2.txt,barabasi_albert_10ins_m20,50,SpecAnn-cold,0.6398818788633085,1.0,-124310.0,0.0242462158203125,0,True,59,65,False,52,32,2025-11-16 06:08:26
ba_512_1_2.txt,barabasi_albert_10ins_m20,50,SpecAnn-cold,0.6460052899517691,1.0,-129750.0,0.0242366790771484,0,True,59,65,False,53,32,2025-11-16 06:08:26
ba_512_1_2.txt,barabasi_albert_10ins_m20,50,SpecAnn-cold,0.6520712004019966,1.0,-129750.0,0.0242562294006347,0,True,59,65,False,54,32,2025-11-16 06:08:26
ba_512_1_2.txt,barabasi_albert_10ins_m20,50,SpecAnn-cold,0.6580812002646271,1.0,-135088.00000000003,0.0242908000946044,0,True,59,65,False,55,32,2025-11-16 06:08:26
ba_512_1_2.txt,barabasi_albert_10ins_m20,50,SpecAnn-cold,0.6640368076317485,1.0,-134455.99999999997,0.0242507457733154,0,True,59,65,False,56,32,2025-11-16 06:08:26
ba_512_1_2.txt,barabasi_albert_10ins_m20,50,SpecAnn-cold,0.6699394731151429,1.0,-134538.0,0.0242438316345214,0,True,59,65,False,57,32,2025-11-16 06:08:26
ba_512_1_2.txt,barabasi_albert_10ins_m20,50,SpecAnn-cold,0.6757905839724513,1.0,-133448.0,0.02443528175354,0,True,59,65,False,58,32,2025-11-16 06:08:26
ba_512_1_2.txt,barabasi_albert_10ins_m20,50,SpecAnn-cold,0.6815914679145113,1.0,-134134.0,0.0248444080352783,0,True,59,65,False,59,32,2025-11-16 06:08:26
ba_512_1_2.txt,barabasi_albert_10ins_m20,50,SpecAnn-cold,0.6873433966234707,1.0,-129804.0,0.0246658325195312,0,True,59,65,False,60,32,2025-11-16 06:08:26
ba_512_1_2.txt,barabasi_albert_10ins_m20,50,SpecAnn-cold,0.6930475890080863,1.0,-135278.0,0.0243029594421386,0,True,59,65,False,61,32,2025-11-16 06:08:26
ba_512_1_2.txt,barabasi_albert_10ins_m20,50,SpecAnn-cold,0.6987052142198116,1.0,-134169.99999999997,0.0242443084716796,0,True,59,65,False,62,32,2025-11-16 06:08:26
ba_512_1_2.txt,barabasi_albert_10ins_m20,50,SpecAnn-cold,0.7043173944508145,1.0,-133970.00000000003,0.0243551731109619,0,True,59,65,False,63,32,2025-11-16 06:08:26
ba_512_1_2.txt,barabasi_albert_10ins_m20,50,SpecAnn-cold,0.709885207532891,1.0,-134761.99999999997,0.0244143009185791,0,True,59,65,False,64,32,2025-11-16 06:08:26
ba_512_1_2.txt,barabasi_albert_10ins_m20,50,SpecAnn-cold,0.7154096893543218,1.0,-134298.0,0.0241992473602294,0,True,59,65,False,65,32,2025-11-16 06:08:26
ba_512_1_2.txt,barabasi_albert_10ins_m20,50,SpecAnn-cold,0.7208918361100219,1.0,-133846.0,0.0243251323699951,0,True,59,65,False,66,32,2025-11-16 06:08:26
ba_512_1_2.txt,barabasi_albert_10ins_m20,50,SpecAnn-cold,0.7263326063988248,1.0,-134078.0,0.0244162082672119,0,True,59,65,False,67,32,2025-11-16 06:08:26
ba_512_1_2.txt,barabasi_albert_10ins_m20,50,SpecAnn-cold,0.7317329231804058,1.0,-134040.0,0.0244379043579101,0,True,59,65,False,68,32,2025-11-16 06:08:26
ba_512_1_2.txt,barabasi_albert_10ins_m20,50,SpecAnn-cold,0.7370936756031579,1.0,-135010.0,0.0244898796081542,0,True,59,65,False,69,32,2025-11-16 06:08:26
ba_512_1_2.txt,barabasi_albert_10ins_m20,50,SpecAnn-cold,0.7424157207132704,1.0,-134234.0,0.0248908996582031,0,True,59,65,False,70,32,2025-11-16 06:08:26
ba_512_1_2.txt,barabasi_albert_10ins_m20,50,SpecAnn-cold,0.7476998850543153,1.0,-134466.0,0.02463960647583,0,True,59,65,False,71,32,2025-11-16 06:08:26
ba_512_1_2.txt,barabasi_albert_10ins_m20,50,SpecAnn-cold,0.7529469661657903,1.0,-135164.00000000003,0.0243897438049316,0,True,59,65,False,72,32,2025-11-16 06:08:26
ba_512_1_2.txt,barabasi_albert_10ins_m20,50,SpecAnn-cold,0.7581577339883167,1.0,-134857.99999999997,0.02423095703125,0,True,59,65,False,73,32,2025-11-16 06:08:26
ba_512_1_2.txt,barabasi_albert_10ins_m20,50,SpecAnn-cold,0.7633329321824984,1.0,-135097.99999999997,0.024317979812622,0,True,59,65,False,74,32,2025-11-16 06:08:26
ba_512_1_2.txt,barabasi_albert_10ins_m20,50,SpecAnn-cold,0.7684732793678399,1.0,-135188.0,0.0242393016815185,0,True,59,65,False,75,32,2025-11-16 06:08:27
ba_512_1_2.txt,barabasi_albert_10ins_m20,50,SpecAnn-cold,0.7735794702875677,1.0,-135990.0,0.0242834091186523,0,True,59,65,False,76,32,2025-11-16 06:08:27
ba_512_1_2.txt,barabasi_albert_10ins_m20,50,SpecAnn-cold,0.7786521769046981,1.0,-134908.0,0.0243887901306152,0,True,59,65,False,77,32,2025-11-16 06:08:27
ba_512_1_2.txt,barabasi_albert_10ins_m20,50,SpecAnn-cold,0.7836920494342511,1.0,-135039.99999999997,0.0243184566497802,0,True,59,65,False,78,32,2025-11-16 06:08:27
ba_512_1_2.txt,barabasi_albert_10ins_m20,50,SpecAnn-cold,0.788699717316095,1.0,-134581.99999999997,0.0242578983306884,0,True,59,65,False,79,32,2025-11-16 06:08:27
ba_512_1_2.txt,barabasi_albert_10ins_m20,50,SpecAnn-cold,0.7936757901325451,1.0,-134920.0,0.0242369174957275,0,True,59,65,False,80,32,2025-11-16 06:08:27
ba_512_1_2.txt,barabasi_albert_10ins_m20,50,SpecAnn-cold,0.7986208584745024,1.0,-135900.0,0.0243399143218994,0,True,59,65,False,81,32,2025-11-16 06:08:27
ba_512_1_2.txt,barabasi_albert_10ins_m20,50,SpecAnn-cold,0.803535494759617,1.0,-135432.0,0.024202823638916,0,True,59,65,False,82,32,2025-11-16 06:08:27
ba_512_1_2.txt,barabasi_albert_10ins_m20,50,SpecAnn-cold,0.8084202540056837,1.0,-135782.0,0.0241844654083251,0,True,59,65,False,83,32,2025-11-16 06:08:27
ba_512_1_2.txt,barabasi_albert_10ins_m20,50,SpecAnn-cold,0.8132756745622272,1.0,-135040.0,0.0242793560028076,0,True,59,65,False,84,32,2025-11-16 06:08:27
ba_512_1_2.txt,barabasi_albert_10ins_m20,50,SpecAnn-cold,0.8181022788030096,1.0,-135276.0,0.0242249965667724,0,True,59,65,False,85,32,2025-11-16 06:08:27
ba_512_1_2.txt,barabasi_albert_10ins_m20,50,SpecAnn-cold,0.822900573781978,1.0,-135734.00000000003,0.0241599082946777,0,True,59,65,False,86,32,2025-11-16 06:08:27
ba_512_1_2.txt,barabasi_albert_10ins_m20,50,SpecAnn-cold,0.8276710518549868,1.0,-133838.0,0.0244467258453369,0,True,59,65,False,87,32,2025-11-16 06:08:27
ba_512_1_2.txt,barabasi_albert_10ins_m20,50,SpecAnn-cold,0.8324141912694495,1.0,-134118.0,0.0246415138244628,0,True,59,65,False,88,32,2025-11-16 06:08:27
ba_512_1_2.txt,barabasi_albert_10ins_m20,50,SpecAnn-cold,0.8371304567239225,1.0,-134610.00000000003,0.0242574214935302,0,True,59,65,False,89,32,2025-11-16 06:08:27
ba_512_1_2.txt,barabasi_albert_10ins_m20,50,SpecAnn-cold,0.8418202998994706,1.0,-134456.0,0.0241119861602783,0,True,59,65,False,90,32,2025-11-16 06:08:27
ba_512_1_2.txt,barabasi_albert_10ins_m20,50,SpecAnn-cold,0.846484159964536,1.0,-135159.99999999997,0.0241777896881103,0,True,59,65,False,91,32,2025-11-16 06:08:27
ba_512_1_2.txt,barabasi_albert_10ins_m20,50,SpecAnn-cold,0.8511224640549078,1.0,-134100.0,0.0242395401000976,0,True,59,65,False,92,32,2025-11-16 06:08:27
ba_512_1_2.txt,barabasi_albert_10ins_m20,50,SpecAnn-cold,0.8557356277302758,1.0,-134758.0,0.0242538452148437,0,True,59,65,False,93,32,2025-11-16 06:08:27
ba_512_1_2.txt,barabasi_albert_10ins_m20,50,SpecAnn-cold,0.8603240554087516,1.0,-135398.0,0.0241456031799316,0,True,59,65,False,94,32,2025-11-16 06:08:27
ba_512_1_2.txt,barabasi_albert_10ins_m20,50,SpecAnn-cold,0.86488814078064,1.0,-135622.0,0.0243878364562988,0,True,59,65,False,95,32,2025-11-16 06:08:27
ba_512_1_2.txt,barabasi_albert_10ins_m20,50,SpecAnn-cold,0.8694282672026621,1.0,-135586.0,0.0246798992156982,0,True,59,65,False,96,32,2025-11-16 06:08:27
ba_512_1_2.txt,barabasi_albert_10ins_m20,50,SpecAnn-cold,0.8739448080737451,1.0,-134198.0,0.0245163440704345,0,True,59,65,False,97,32,2025-11-16 06:08:27
ba_512_1_2.txt,barabasi_albert_10ins_m20,50,SpecAnn-cold,0.878438127193422,1.0,-134198.0,0.0241994857788085,0,True,59,65,False,98,32,2025-11-16 06:08:27
ba_512_1_2.txt,barabasi_albert_10ins_m20,50,SpecAnn-cold,0.8829085791038153,1.0,-135654.0,0.024348497390747,0,True,59,65,False,99,32,2025-11-16 06:08:27
ba_512_1_2.txt,barabasi_albert_10ins_m20,50,SpecAnn-cold,0.8873565094161138,1.0,-135654.0,0.0249850749969482,0,True,59,65,False,100,32,2025-11-16 06:08:27
ba_512_1_2.txt,barabasi_albert_10ins_m20,50,SpecAnn-cold,0.8917822551223932,1.0,-135654.0,0.0247342586517334,0,True,59,65,False,101,32,2025-11-16 06:08:27
ba_512_1_2.txt,barabasi_albert_10ins_m20,50,SpecAnn-cold,0.8961861448935777,1.0,-134708.00000000003,0.0242795944213867,0,True,59,65,False,102,32,2025-11-16 06:08:27
ba_512_1_2.txt,barabasi_albert_10ins_m20,50,SpecAnn-cold,0.9005684993642872,1.0,-134650.0,0.0243136882781982,0,True,59,65,False,103,32,2025-11-16 06:08:27
ba_512_1_2.txt,barabasi_albert_10ins_m20,50,SpecAnn-cold,0.9049296314052688,1.0,-135298.0,0.0243315696716308,0,True,59,65,False,104,32,2025-11-16 06:08:27
ba_512_1_2.txt,barabasi_albert_10ins_m20,50,SpecAnn-cold,0.9092698463840684,1.0,-135236.0,0.0243990421295166,0,True,59,65,False,105,32,2025-11-16 06:08:27
ba_512_1_2.txt,barabasi_albert_10ins_m20,50,SpecAnn-cold,0.9135894424145556,1.0,-134650.0,0.0242583751678466,0,True,59,65,False,106,32,2025-11-16 06:08:27
ba_512_1_2.txt,barabasi_albert_10ins_m20,50,SpecAnn-cold,0.9178887105958816,1.0,-134542.0,0.0242836475372314,0,True,59,65,False,107,32,2025-11-16 06:08:27
ba_512_1_2.txt,barabasi_albert_10ins_m20,50,SpecAnn-cold,0.922167935241408,1.0,-134542.0,0.0242276191711425,0,True,59,65,False,108,32,2025-11-16 06:08:27
ba_512_1_2.txt,barabasi_albert_10ins_m20,50,SpecAnn-cold,0.92642739409812,1.0,-135438.0,0.0243020057678222,0,True,59,65,False,109,32,2025-11-16 06:08:27
ba_512_1_2.txt,barabasi_albert_10ins_m20,50,SpecAnn-cold,0.9306673585570006,1.0,-134960.0,0.0243215560913085,0,True,59,65,False,110,32,2025-11-16 06:08:27
ba_512_1_2.txt,barabasi_albert_10ins_m20,50,SpecAnn-cold,0.9348880938548184,1.0,-134960.0,0.0244829654693603,0,True,59,65,False,111,32,2025-11-16 06:08:27
ba_512_1_2.txt,barabasi_albert_10ins_m20,50,SpecAnn-cold,0.9390898592677528,1.0,-134960.0,0.0244829654693603,0,True,59,65,False,112,32,2025-11-16 06:08:27
ba_512_1_2.txt,barabasi_albert_10ins_m20,50,SpecAnn-cold,0.9432729082972536,1.0,-134970.0,0.0242798328399658,0,True,59,65,False,113,32,2025-11-16 06:08:27
ba_512_1_2.txt,barabasi_albert_10ins_m20,50,SpecAnn-cold,0.9474374888485204,1.0,-136106.0,0.0243048667907714,0,True,59,65,False,114,32,2025-11-16 06:08:27
ba_512_1_2.txt,barabasi_albert_10ins_m20,50,SpecAnn-cold,0.9515838434019476,1.0,-135546.0,0.0242621898651123,0,True,59,65,False,115,32,2025-11-16 06:08:27
ba_512_1_2.txt,barabasi_albert_10ins_m20,50,SpecAnn-cold,0.9557122091778746,1.0,-134386.0,0.0243475437164306,0,True,59,65,False,116,32,2025-11-16 06:08:28
ba_512_1_2.txt,barabasi_albert_10ins_m20,50,SpecAnn-cold,0.9598228182949629,1.0,-134460.0,0.0242455005645751,0,True,59,65,False,117,32,2025-11-16 06:08:28
ba_512_1_2.txt,barabasi_albert_10ins_m20,50,SpecAnn-cold,0.963915897922488,1.0,-134179.99999999997,0.0244281291961669,0,True,59,65,False,118,32,2025-11-16 06:08:28
ba_512_1_2.txt,barabasi_albert_10ins_m20,50,SpecAnn-cold,0.967991670426842,1.0,-135544.0,0.0246858596801757,0,True,59,65,False,119,32,2025-11-16 06:08:28
ba_512_1_2.txt,barabasi_albert_10ins_m20,50,SpecAnn-cold,0.9720503535125016,1.0,-135136.0,0.0244085788726806,0,True,59,65,False,120,32,2025-11-16 06:08:28
ba_512_1_2.txt,barabasi_albert_10ins_m20,50,SpecAnn-cold,0.9760921603577252,1.0,-134316.00000000003,0.024522066116333,0,True,59,65,False,121,32,2025-11-16 06:08:28
ba_512_1_2.txt,barabasi_albert_10ins_m20,50,SpecAnn-cold,0.9801172997452104,1.0,-135112.00000000003,0.0244712829589843,0,True,59,65,False,122,32,2025-11-16 06:08:28
ba_512_1_2.txt,barabasi_albert_10ins_m20,50,SpecAnn-cold,0.9841259761879442,1.0,-134790.0,0.0242316722869873,0,True,59,65,False,123,32,2025-11-16 06:08:28
ba_512_1_2.txt,barabasi_albert_10ins_m20,50,SpecAnn-cold,0.9881183900504562,1.0,-134790.0,0.0244081020355224,0,True,59,65,False,124,32,2025-11-16 06:08:28
ba_512_1_2.txt,barabasi_albert_10ins_m20,50,SpecAnn-cold,0.9920947376656812,1.0,-134790.0,0.0243880748748779,0,True,59,65,False,125,32,2025-11-16 06:08:28
ba_512_1_2.txt,barabasi_albert_10ins_m20,50,SpecAnn-cold,0.9960552114476228,1.0,-134790.0,0.0242941379547119,0,True,59,65,False,126,32,2025-11-16 06:08:28
ba_512_1_2.txt,barabasi_albert_10ins_m20,50,SpecAnn-cold,1.0,1.0,-135462.0,0.0242350101470947,0,True,59,65,False,127,32,2025-11-16 06:08:28
ba_512_1_2.txt,barabasi_albert_10ins_m20,51,SpecAnn-cold,0.0,1.0,-125738.00000000001,0.013416528701782227,0,True,62,33,False,0,32,2025-11-16 06:08:28
ba_512_1_2.txt,barabasi_albert_10ins_m20,51,SpecAnn-cold,0.08873565094161137,1.0,-122456.00000000001,0.012871026992797852,0,True,62,33,False,1,32,2025-11-16 06:08:28
ba_512_1_2.txt,barabasi_albert_10ins_m20,51,SpecAnn-cold,0.12549116102763172,1.0,-125963.99999999999,0.012701749801635742,0,True,62,33,False,2,32,2025-11-16 06:08:28
ba_512_1_2.txt,barabasi_albert_10ins_m20,51,SpecAnn-cold,0.15369465587356798,1.0,-127608.0,0.012768745422363281,0,True,62,33,False,3,32,2025-11-16 06:08:28
ba_512_1_2.txt,barabasi_albert_10ins_m20,51,SpecAnn-cold,0.17747130188322274,1.0,-130952.00000000001,0.012873172760009766,0,True,62,33,False,4,32,2025-11-16 06:08:28
ba_512_1_2.txt,barabasi_albert_10ins_m20,51,SpecAnn-cold,0.19841894753313627,1.0,-129618.00000000001,0.012891292572021484,0,True,62,33,False,5,32,2025-11-16 06:08:28
ba_512_1_2.txt,barabasi_albert_10ins_m20,51,SpecAnn-cold,0.21735706680066552,1.0,-123350.00000000001,0.01291036605834961,0,True,62,33,False,6,32,2025-11-16 06:08:28
ba_512_1_2.txt,barabasi_albert_10ins_m20,51,SpecAnn-cold,0.23477246481693817,1.0,-128144.00000000001,0.01296544075012207,0,True,62,33,False,7,32,2025-11-16 06:08:28
ba_512_1_2.txt,barabasi_albert_10ins_m20,51,SpecAnn-cold,0.25098232205526344,1.0,-128128.00000000003,0.012940645217895508,0,True,62,33,False,8,32,2025-11-16 06:08:28
ba_512_1_2.txt,barabasi_albert_10ins_m20,51,SpecAnn-cold,0.26620695282483414,1.0,-125182.00000000003,0.012881755828857422,0,True,62,33,False,9,32,2025-11-16 06:08:28
ba_512_1_2.txt,barabasi_albert_10ins_m20,51,SpecAnn-cold,0.28060676663315687,1.0,-127426.0,0.012798786163330078,0,True,62,33,False,10,32,2025-11-16 06:08:28
ba_512_1_2.txt,barabasi_albert_10ins_m20,51,SpecAnn-cold,0.2943028597012718,1.0,-127012.00000000001,0.012810468673706055,0,True,62,33,False,11,32,2025-11-16 06:08:28
ba_512_1_2.txt,barabasi_albert_10ins_m20,51,SpecAnn-cold,0.30738931174713596,1.0,-127012.00000000001,0.012676239013671875,0,True,62,33,False,12,32,2025-11-16 06:08:28
ba_512_1_2.txt,barabasi_albert_10ins_m20,51,SpecAnn-cold,0.31994093943165425,1.0,-127448.00000000001,0.012753009796142578,0,True,62,33,False,13,32,2025-11-16 06:08:28
ba_512_1_2.txt,barabasi_albert_10ins_m20,51,SpecAnn-cold,0.3320184038158743,1.0,-127448.00000000001,0.012821435928344727,0,True,62,33,False,14,32,2025-11-16 06:08:28
ba_512_1_2.txt,barabasi_albert_10ins_m20,51,SpecAnn-cold,0.34367169831173533,1.0,-125062.00000000001,0.013062000274658203,0,True,62,33,False,15,32,2025-11-16 06:08:28
ba_512_1_2.txt,barabasi_albert_10ins_m20,51,SpecAnn-cold,0.3549426037664455,1.0,-127144.00000000001,0.012989997863769531,0,True,62,33,False,16,32,2025-11-16 06:08:28
ba_512_1_2.txt,barabasi_albert_10ins_m20,51,SpecAnn-cold,0.3658664615902029,1.0,-128212.0,0.012972116470336914,0,True,62,33,False,17,32,2025-11-16 06:08:28
ba_512_1_2.txt,barabasi_albert_10ins_m20,51,SpecAnn-cold,0.37647348308289513,1.0,-127618.00000000003,0.012810230255126953,0,True,62,33,False,18,32,2025-11-16 06:08:28
ba_512_1_2.txt,barabasi_albert_10ins_m20,51,SpecAnn-cold,0.38678973514378384,1.0,-127856.0,0.012829065322875977,0,True,62,33,False,19,32,2025-11-16 06:08:28
ba_512_1_2.txt,barabasi_albert_10ins_m20,51,SpecAnn-cold,0.39683789506627254,1.0,-124812.0,0.012824058532714844,0,True,62,33,False,20,32,2025-11-16 06:08:28
ba_512_1_2.txt,barabasi_albert_10ins_m20,51,SpecAnn-cold,0.4066378372811136,1.0,-129095.99999999999,0.012726068496704102,0,True,62,33,False,21,32,2025-11-16 06:08:28
ba_512_1_2.txt,barabasi_albert_10ins_m20,51,SpecAnn-cold,0.41620709563472474,1.0,-127788.00000000001,0.012941360473632812,0,True,62,33,False,22,32,2025-11-16 06:08:28
ba_512_1_2.txt,barabasi_albert_10ins_m20,51,SpecAnn-cold,0.4255612320274539,1.0,-127115.99999999999,0.012969970703125,0,True,62,33,False,23,32,2025-11-16 06:08:28
ba_512_1_2.txt,barabasi_albert_10ins_m20,51,SpecAnn-cold,0.43471413360133104,1.0,-130499.99999999999,0.012984514236450195,0,True,62,33,False,24,32,2025-11-16 06:08:28
ba_512_1_2.txt,barabasi_albert_10ins_m20,51,SpecAnn-cold,0.4436782547080569,1.0,-127798.00000000001,0.012991189956665039,0,True,62,33,False,25,32,2025-11-16 06:08:28
ba_512_1_2.txt,barabasi_albert_10ins_m20,51,SpecAnn-cold,0.45246481570263436,1.0,-130996.0,0.012833118438720703,0,True,62,33,False,26,32,2025-11-16 06:08:28
ba_512_1_2.txt,barabasi_albert_10ins_m20,51,SpecAnn-cold,0.46108396762070397,1.0,-130266.0,0.012729883193969727,0,True,62,33,False,27,32,2025-11-16 06:08:28
ba_512_1_2.txt,barabasi_albert_10ins_m20,51,SpecAnn-cold,0.46954492963387634,1.0,-125170.0,0.012803792953491211,0,True,62,33,False,28,32,2025-11-16 06:08:28
ba_512_1_2.txt,barabasi_albert_10ins_m20,51,SpecAnn-cold,0.4778561045889373,1.0,-125170.0,0.012762784957885742,0,True,62,33,False,29,32,2025-11-16 06:08:28
ba_512_1_2.txt,barabasi_albert_10ins_m20,51,SpecAnn-cold,0.48602517675625084,1.0,-125170.0,0.012916803359985352,0,True,62,33,False,30,32,2025-11-16 06:08:28
ba_512_1_2.txt,barabasi_albert_10ins_m20,51,SpecAnn-cold,0.4940591950252281,1.0,-126838.0,0.012938261032104492,0,True,62,33,False,31,32,2025-11-16 06:08:28
ba_512_1_2.txt,barabasi_albert_10ins_m20,51,SpecAnn-cold,0.5019646441105269,1.0,-127080.0,0.012952327728271484,0,True,62,33,False,32,32,2025-11-16 06:08:28
ba_512_1_2.txt,barabasi_albert_10ins_m20,51,SpecAnn-cold,0.5097475058154177,1.0,-122208.0,0.012986898422241211,0,True,62,33,False,33,32,2025-11-16 06:08:28
ba_512_1_2.txt,barabasi_albert_10ins_m20,51,SpecAnn-cold,0.51741331199832,1.0,-124900.00000000001,0.012910127639770508,0,True,62,33,False,34,32,2025-11-16 06:08:28
ba_512_1_2.txt,barabasi_albert_10ins_m20,51,SpecAnn-cold,0.5249671905758515,1.0,-127280.00000000001,0.012917041778564453,0,True,62,33,False,35,32,2025-11-16 06:08:28
ba_512_1_2.txt,barabasi_albert_10ins_m20,51,SpecAnn-cold,0.5324139056496683,1.0,-125909.99999999996,0.012809991836547852,0,True,62,33,False,36,32,2025-11-16 06:08:28
ba_512_1_2.txt,barabasi_albert_10ins_m20,51,SpecAnn-cold,0.5397578926492556,1.0,-131712.00000000003,0.012840986251831055,0,True,62,33,False,37,32,2025-11-16 06:08:28
ba_512_1_2.txt,barabasi_albert_10ins_m20,51,SpecAnn-cold,0.5470032892270364,1.0,-124240.0,0.013014793395996094,0,True,62,33,False,38,32,2025-11-16 06:08:28
ba_512_1_2.txt,barabasi_albert_10ins_m20,51,SpecAnn-cold,0.554153962516942,1.0,-127406.0,0.012936830520629883,0,True,62,33,False,39,32,2025-11-16 06:08:28
ba_512_1_2.txt,barabasi_albert_10ins_m20,51,SpecAnn-cold,0.5612135332663137,1.0,-125026.0,0.012942314147949219,0,True,62,33,False,40,32,2025-11-16 06:08:28
ba_512_1_2.txt,barabasi_albert_10ins_m20,51,SpecAnn-cold,0.5681853972686127,1.0,-127587.99999999997,0.012723922729492188,0,True,62,33,False,41,32,2025-11-16 06:08:29
ba_512_1_2.txt,barabasi_albert_10ins_m20,51,SpecAnn-cold,0.5750727444570146,1.0,-127587.99999999997,0.024274587631225586,0,True,62,65,False,42,32,2025-11-16 06:08:29
ba_512_1_2.txt,barabasi_albert_10ins_m20,51,SpecAnn-cold,0.5818785759635375,1.0,-127587.99999999997,0.02429819107055664,0,True,62,65,False,43,32,2025-11-16 06:08:29
ba_512_1_2.txt,barabasi_albert_10ins_m20,51,SpecAnn-cold,0.5886057194025436,1.0,-127587.99999999997,0.024232864379882812,0,True,62,65,False,44,32,2025-11-16 06:08:29
ba_512_1_2.txt,barabasi_albert_10ins_m20,51,SpecAnn-cold,0.5952568425994088,1.0,-127236.0,0.024261951446533203,0,True,62,65,False,45,32,2025-11-16 06:08:29
ba_512_1_2.txt,barabasi_albert_10ins_m20,51,SpecAnn-cold,0.6018344659534288,1.0,-127933.99999999997,0.024187803268432617,0,True,62,65,False,46,32,2025-11-16 06:08:29
ba_512_1_2.txt,barabasi_albert_10ins_m20,51,SpecAnn-cold,0.6083409735974393,1.0,-128186.00000000003,0.02433919906616211,0,True,62,65,False,47,32,2025-11-16 06:08:29
ba_512_1_2.txt,barabasi_albert_10ins_m20,51,SpecAnn-cold,0.6147786234942719,1.0,-126856.00000000001,0.024448633193969727,0,True,62,65,False,48,32,2025-11-16 06:08:29
ba_512_1_2.txt,barabasi_albert_10ins_m20,51,SpecAnn-cold,0.6211495565912796,1.0,-132217.99999999997,0.024380922317504883,0,True,62,65,False,49,32,2025-11-16 06:08:29
ba_512_1_2.txt,barabasi_albert_10ins_m20,51,SpecAnn-cold,0.6274558051381586,1.0,-128226.00000000001,0.024354219436645508,0,True,62,65,False,50,32,2025-11-16 06:08:29
ba_512_1_2.txt,barabasi_albert_10ins_m20,51,SpecAnn-cold,0.6336993002596786,1.0,-127593.99999999999,0.0243070125579834,0,True,62,65,False,51,32,2025-11-16 06:08:29
ba_512_1_2.txt,barabasi_albert_10ins_m20,51,SpecAnn-cold,0.6398818788633085,1.0,-127798.0,0.024336576461791992,0,True,62,65,False,52,32,2025-11-16 06:08:29
ba_512_1_2.txt,barabasi_albert_10ins_m20,51,SpecAnn-cold,0.6460052899517691,1.0,-129384.00000000003,0.024211645126342773,0,True,62,65,False,53,32,2025-11-16 06:08:29
ba_512_1_2.txt,barabasi_albert_10ins_m20,51,SpecAnn-cold,0.6520712004019966,1.0,-129384.00000000003,0.024534225463867188,0,True,62,65,False,54,32,2025-11-16 06:08:29
ba_512_1_2.txt,barabasi_albert_10ins_m20,51,SpecAnn-cold,0.6580812002646271,1.0,-129025.99999999999,0.024657487869262695,0,True,62,65,False,55,32,2025-11-16 06:08:29
ba_512_1_2.txt,barabasi_albert_10ins_m20,51,SpecAnn-cold,0.6640368076317485,1.0,-126486.0,0.024509429931640625,0,True,62,65,False,56,32,2025-11-16 06:08:29
ba_512_1_2.txt,barabasi_albert_10ins_m20,51,SpecAnn-cold,0.6699394731151429,1.0,-129772.00000000001,0.02421855926513672,0,True,62,65,False,57,32,2025-11-16 06:08:29
ba_512_1_2.txt,barabasi_albert_10ins_m20,51,SpecAnn-cold,0.6757905839724513,1.0,-133152.00000000003,0.024330854415893555,0,True,62,65,False,58,32,2025-11-16 06:08:29
ba_512_1_2.txt,barabasi_albert_10ins_m20,51,SpecAnn-cold,0.6815914679145113,1.0,-133840.0,0.024268388748168945,0,True,62,65,False,59,32,2025-11-16 06:08:29
ba_512_1_2.txt,barabasi_albert_10ins_m20,51,SpecAnn-cold,0.6873433966234707,1.0,-134476.0,0.024304628372192383,0,True,62,65,False,60,32,2025-11-16 06:08:29
ba_512_1_2.txt,barabasi_albert_10ins_m20,51,SpecAnn-cold,0.6930475890080863,1.0,-133534.0,0.02413773536682129,0,True,62,65,False,61,32,2025-11-16 06:08:29
ba_512_1_2.txt,barabasi_albert_10ins_m20,51,SpecAnn-cold,0.6987052142198116,1.0,-134894.00000000003,0.02432084083557129,0,True,62,65,False,62,32,2025-11-16 06:08:29
ba_512_1_2.txt,barabasi_albert_10ins_m20,51,SpecAnn-cold,0.7043173944508145,1.0,-133747.99999999997,0.024651050567626953,0,True,62,65,False,63,32,2025-11-16 06:08:29
ba_512_1_2.txt,barabasi_albert_10ins_m20,51,SpecAnn-cold,0.709885207532891,1.0,-135006.0,0.024446725845336914,0,True,62,65,False,64,32,2025-11-16 06:08:29
ba_512_1_2.txt,barabasi_albert_10ins_m20,51,SpecAnn-cold,0.7154096893543218,1.0,-135170.00000000003,0.024188518524169922,0,True,62,65,False,65,32,2025-11-16 06:08:29
ba_512_1_2.txt,barabasi_albert_10ins_m20,51,SpecAnn-cold,0.7208918361100219,1.0,-133160.0,0.024393558502197266,0,True,62,65,False,66,32,2025-11-16 06:08:29
ba_512_1_2.txt,barabasi_albert_10ins_m20,51,SpecAnn-cold,0.7263326063988248,1.0,-134620.0,0.024397850036621094,0,True,62,65,False,67,32,2025-11-16 06:08:29
ba_512_1_2.txt,barabasi_albert_10ins_m20,51,SpecAnn-cold,0.7317329231804058,1.0,-133058.0,0.024597883224487305,0,True,62,65,False,68,32,2025-11-16 06:08:29
ba_512_1_2.txt,barabasi_albert_10ins_m20,51,SpecAnn-cold,0.7370936756031579,1.0,-134930.0,0.0248415470123291,0,True,62,65,False,69,32,2025-11-16 06:08:29
ba_512_1_2.txt,barabasi_albert_10ins_m20,51,SpecAnn-cold,0.7424157207132704,1.0,-135340.0,0.024526596069335938,0,True,62,65,False,70,32,2025-11-16 06:08:29
ba_512_1_2.txt,barabasi_albert_10ins_m20,51,SpecAnn-cold,0.7476998850543153,1.0,-135108.0,0.024419546127319336,0,True,62,65,False,71,32,2025-11-16 06:08:29
ba_512_1_2.txt,barabasi_albert_10ins_m20,51,SpecAnn-cold,0.7529469661657903,1.0,-135506.0,0.024268150329589844,0,True,62,65,False,72,32,2025-11-16 06:08:29
ba_512_1_2.txt,barabasi_albert_10ins_m20,51,SpecAnn-cold,0.7581577339883167,1.0,-135734.0,0.024219751358032227,0,True,62,65,False,73,32,2025-11-16 06:08:29
ba_512_1_2.txt,barabasi_albert_10ins_m20,51,SpecAnn-cold,0.7633329321824984,1.0,-135201.99999999997,0.024235010147094727,0,True,62,65,False,74,32,2025-11-16 06:08:29
ba_512_1_2.txt,barabasi_albert_10ins_m20,51,SpecAnn-cold,0.7684732793678399,1.0,-136074.0,0.024350881576538086,0,True,62,65,False,75,32,2025-11-16 06:08:29
ba_512_1_2.txt,barabasi_albert_10ins_m20,51,SpecAnn-cold,0.7735794702875677,1.0,-135490.00000000003,0.024317502975463867,0,True,62,65,False,76,32,2025-11-16 06:08:29
ba_512_1_2.txt,barabasi_albert_10ins_m20,51,SpecAnn-cold,0.7786521769046981,1.0,-135164.00000000003,0.024333953857421875,0,True,62,65,False,77,32,2025-11-16 06:08:29
ba_512_1_2.txt,barabasi_albert_10ins_m20,51,SpecAnn-cold,0.7836920494342511,1.0,-135164.00000000003,0.02436351776123047,0,True,62,65,False,78,32,2025-11-16 06:08:29
ba_512_1_2.txt,barabasi_albert_10ins_m20,51,SpecAnn-cold,0.788699717316095,1.0,-134110.0,0.024629592895507812,0,True,62,65,False,79,32,2025-11-16 06:08:29
ba_512_1_2.txt,barabasi_albert_10ins_m20,51,SpecAnn-cold,0.7936757901325451,1.0,-135057.99999999997,0.024341106414794922,0,True,62,65,False,80,32,2025-11-16 06:08:29
ba_512_1_2.txt,barabasi_albert_10ins_m20,51,SpecAnn-cold,0.7986208584745024,1.0,-134142.0,0.02460455894470215,0,True,62,65,False,81,32,2025-11-16 06:08:29
ba_512_1_2.txt,barabasi_albert_10ins_m20,51,SpecAnn-cold,0.803535494759617,1.0,-134585.99999999997,0.024500131607055664,0,True,62,65,False,82,32,2025-11-16 06:08:30
ba_512_1_2.txt,barabasi_albert_10ins_m20,51,SpecAnn-cold,0.8084202540056837,1.0,-134386.0,0.0243072509765625,0,True,62,65,False,83,32,2025-11-16 06:08:30
ba_512_1_2.txt,barabasi_albert_10ins_m20,51,SpecAnn-cold,0.8132756745622272,1.0,-135044.0,0.024298429489135742,0,True,62,65,False,84,32,2025-11-16 06:08:30
ba_512_1_2.txt,barabasi_albert_10ins_m20,51,SpecAnn-cold,0.8181022788030096,1.0,-134360.0,0.02430129051208496,0,True,62,65,False,85,32,2025-11-16 06:08:30
ba_512_1_2.txt,barabasi_albert_10ins_m20,51,SpecAnn-cold,0.822900573781978,1.0,-135731.99999999997,0.024186134338378906,0,True,62,65,False,86,32,2025-11-16 06:08:30
ba_512_1_2.txt,barabasi_albert_10ins_m20,51,SpecAnn-cold,0.8276710518549868,1.0,-133586.0,0.024233102798461914,0,True,62,65,False,87,32,2025-11-16 06:08:30
ba_512_1_2.txt,barabasi_albert_10ins_m20,51,SpecAnn-cold,0.8324141912694495,1.0,-134612.0,0.024268388748168945,0,True,62,65,False,88,32,2025-11-16 06:08:30
ba_512_1_2.txt,barabasi_albert_10ins_m20,51,SpecAnn-cold,0.8371304567239225,1.0,-133500.00000000003,0.024213314056396484,0,True,62,65,False,89,32,2025-11-16 06:08:30
ba_512_1_2.txt,barabasi_albert_10ins_m20,51,SpecAnn-cold,0.8418202998994706,1.0,-135348.0,0.02429938316345215,0,True,62,65,False,90,32,2025-11-16 06:08:30
ba_512_1_2.txt,barabasi_albert_10ins_m20,51,SpecAnn-cold,0.846484159964536,1.0,-132146.00000000003,0.024228811264038086,0,True,62,65,False,91,32,2025-11-16 06:08:30
ba_512_1_2.txt,barabasi_albert_10ins_m20,51,SpecAnn-cold,0.8511224640549078,1.0,-132888.0,0.024253129959106445,0,True,62,65,False,92,32,2025-11-16 06:08:30
ba_512_1_2.txt,barabasi_albert_10ins_m20,51,SpecAnn-cold,0.8557356277302758,1.0,-132783.99999999997,0.024231672286987305,0,True,62,65,False,93,32,2025-11-16 06:08:30
ba_512_1_2.txt,barabasi_albert_10ins_m20,51,SpecAnn-cold,0.8603240554087516,1.0,-133368.0,0.024181127548217773,0,True,62,65,False,94,32,2025-11-16 06:08:30
ba_512_1_2.txt,barabasi_albert_10ins_m20,51,SpecAnn-cold,0.86488814078064,1.0,-132888.0,0.024153470993041992,0,True,62,65,False,95,32,2025-11-16 06:08:30
ba_512_1_2.txt,barabasi_albert_10ins_m20,51,SpecAnn-cold,0.8694282672026621,1.0,-132714.00000000003,0.02426624298095703,0,True,62,65,False,96,32,2025-11-16 06:08:30
ba_512_1_2.txt,barabasi_albert_10ins_m20,51,SpecAnn-cold,0.8739448080737451,1.0,-132946.00000000003,0.024323463439941406,0,True,62,65,False,97,32,2025-11-16 06:08:30
ba_512_1_2.txt,barabasi_albert_10ins_m20,51,SpecAnn-cold,0.878438127193422,1.0,-132946.00000000003,0.024364471435546875,0,True,62,65,False,98,32,2025-11-16 06:08:30
ba_512_1_2.txt,barabasi_albert_10ins_m20,51,SpecAnn-cold,0.8829085791038153,1.0,-133668.00000000003,0.024420499801635742,0,True,62,65,False,99,32,2025-11-16 06:08:30
ba_512_1_2.txt,barabasi_albert_10ins_m20,51,SpecAnn-cold,0.8873565094161138,1.0,-133668.00000000003,0.024590730667114258,0,True,62,65,False,100,32,2025-11-16 06:08:30
ba_512_1_2.txt,barabasi_albert_10ins_m20,51,SpecAnn-cold,0.8917822551223932,1.0,-133668.00000000003,0.024827957153320312,0,True,62,65,False,101,32,2025-11-16 06:08:30
ba_512_1_2.txt,barabasi_albert_10ins_m20,51,SpecAnn-cold,0.8961861448935777,1.0,-133668.00000000003,0.024559974670410156,0,True,62,65,False,102,32,2025-11-16 06:08:30
ba_512_1_2.txt,barabasi_albert_10ins_m20,51,SpecAnn-cold,0.9005684993642872,1.0,-132518.00000000003,0.024463415145874023,0,True,62,65,False,103,32,2025-11-16 06:08:30
ba_512_1_2.txt,barabasi_albert_10ins_m20,51,SpecAnn-cold,0.9049296314052687,1.0,-132916.00000000003,0.024404525756835938,0,True,62,65,False,104,32,2025-11-16 06:08:30
ba_512_1_2.txt,barabasi_albert_10ins_m20,51,SpecAnn-cold,0.9092698463840683,1.0,-132569.99999999997,0.024462461471557617,0,True,62,65,False,105,32,2025-11-16 06:08:30
ba_512_1_2.txt,barabasi_albert_10ins_m20,51,SpecAnn-cold,0.9135894424145555,1.0,-132540.0,0.024370193481445312,0,True,62,65,False,106,32,2025-11-16 06:08:30
ba_512_1_2.txt,barabasi_albert_10ins_m20,51,SpecAnn-cold,0.9178887105958816,1.0,-132080.0,0.024473190307617188,0,True,62,65,False,107,32,2025-11-16 06:08:30
ba_512_1_2.txt,barabasi_albert_10ins_m20,51,SpecAnn-cold,0.9221679352414079,1.0,-132080.0,0.02446579933166504,0,True,62,65,False,108,32,2025-11-16 06:08:30
ba_512_1_2.txt,barabasi_albert_10ins_m20,51,SpecAnn-cold,0.9264273940981199,1.0,-133135.99999999997,0.024519920349121094,0,True,62,65,False,109,32,2025-11-16 06:08:30
ba_512_1_2.txt,barabasi_albert_10ins_m20,51,SpecAnn-cold,0.9306673585570006,1.0,-133206.0,0.02473735809326172,0,True,62,65,False,110,32,2025-11-16 06:08:30
ba_512_1_2.txt,barabasi_albert_10ins_m20,51,SpecAnn-cold,0.9348880938548185,1.0,-133206.0,0.024432659149169922,0,True,62,65,False,111,32,2025-11-16 06:08:30
ba_512_1_2.txt,barabasi_albert_10ins_m20,51,SpecAnn-cold,0.9390898592677527,1.0,-133206.0,0.024353981018066406,0,True,62,65,False,112,32,2025-11-16 06:08:30
ba_512_1_2.txt,barabasi_albert_10ins_m20,51,SpecAnn-cold,0.9432729082972536,1.0,-133728.0,0.024309873580932617,0,True,62,65,False,113,32,2025-11-16 06:08:30
ba_512_1_2.txt,barabasi_albert_10ins_m20,51,SpecAnn-cold,0.9474374888485205,1.0,-134397.99999999997,0.02418231964111328,0,True,62,65,False,114,32,2025-11-16 06:08:30
ba_512_1_2.txt,barabasi_albert_10ins_m20,51,SpecAnn-cold,0.9515838434019475,1.0,-133530.00000000003,0.02432084083557129,0,True,62,65,False,115,32,2025-11-16 06:08:30
ba_512_1_2.txt,barabasi_albert_10ins_m20,51,SpecAnn-cold,0.9557122091778746,1.0,-135462.0,0.024349212646484375,0,True,62,65,False,116,32,2025-11-16 06:08:30
ba_512_1_2.txt,barabasi_albert_10ins_m20,51,SpecAnn-cold,0.9598228182949627,1.0,-134940.0,0.02441239356994629,0,True,62,65,False,117,32,2025-11-16 06:08:30
ba_512_1_2.txt,barabasi_albert_10ins_m20,51,SpecAnn-cold,0.9639158979224881,1.0,-135354.00000000003,0.02439713478088379,0,True,62,65,False,118,32,2025-11-16 06:08:30
ba_512_1_2.txt,barabasi_albert_10ins_m20,51,SpecAnn-cold,0.9679916704268421,1.0,-134892.0,0.02434372901916504,0,True,62,65,False,119,32,2025-11-16 06:08:30
ba_512_1_2.txt,barabasi_albert_10ins_m20,51,SpecAnn-cold,0.9720503535125017,1.0,-135510.00000000003,0.024758100509643555,0,True,62,65,False,120,32,2025-11-16 06:08:30
ba_512_1_2.txt,barabasi_albert_10ins_m20,51,SpecAnn-cold,0.9760921603577252,1.0,-133398.00000000003,0.024572372436523438,0,True,62,65,False,121,32,2025-11-16 06:08:30
ba_512_1_2.txt,barabasi_albert_10ins_m20,51,SpecAnn-cold,0.9801172997452103,1.0,-134590.0,0.02447056770324707,0,True,62,65,False,122,32,2025-11-16 06:08:30
ba_512_1_2.txt,barabasi_albert_10ins_m20,51,SpecAnn-cold,0.9841259761879442,1.0,-133140.0,0.024552583694458008,0,True,62,65,False,123,32,2025-11-16 06:08:31
ba_512_1_2.txt,barabasi_albert_10ins_m20,51,SpecAnn-cold,0.9881183900504562,1.0,-133140.0,0.024179935455322266,0,True,62,65,False,124,32,2025-11-16 06:08:31
ba_512_1_2.txt,barabasi_albert_10ins_m20,51,SpecAnn-cold,0.9920947376656813,1.0,-133140.0,0.024327993392944336,0,True,62,65,False,125,32,2025-11-16 06:08:31
ba_512_1_2.txt,barabasi_albert_10ins_m20,51,SpecAnn-cold,0.9960552114476228,1.0,-133140.0,0.02419304847717285,0,True,62,65,False,126,32,2025-11-16 06:08:31
ba_512_1_2.txt,barabasi_albert_10ins_m20,51,SpecAnn-cold,1.0,1.0,-133398.00000000003,0.024293184280395508,0,True,62,65,False,127,32,2025-11-16 06:08:31
