instance_name,dataset,seed,solver_name,alpha,beta,energy,time,mode,use_local_search,local_search_iterations,eigsh_iterations,warm_start,alpha_index,precision,timestamp
ba_65536_1_5.txt,barabasi_albert_10ins_m20,42,SpecAnn-cold,0.0,1.0,-16201724.999999998,0.0158424377441406,0,True,59,33,False,0,32,2025-11-16 06:40:01
ba_65536_1_5.txt,barabasi_albert_10ins_m20,42,SpecAnn-cold,0.0887356509416113,1.0,-16173863.0,0.0129191875457763,0,True,59,33,False,1,32,2025-11-16 06:40:01
ba_65536_1_5.txt,barabasi_albert_10ins_m20,42,SpecAnn-cold,0.1254911610276317,1.0,-16186533.0,0.0127520561218261,0,True,59,33,False,2,32,2025-11-16 06:40:01
ba_65536_1_5.txt,barabasi_albert_10ins_m20,42,SpecAnn-cold,0.1536946558735679,1.0,-16175713.000000002,0.0127952098846435,0,True,59,33,False,3,32,2025-11-16 06:40:01
ba_65536_1_5.txt,barabasi_albert_10ins_m20,42,SpecAnn-cold,0.1774713018832227,1.0,-16196073.000000004,0.0127863883972167,0,True,59,33,False,4,32,2025-11-16 06:40:01
ba_65536_1_5.txt,barabasi_albert_10ins_m20,42,SpecAnn-cold,0.1984189475331362,1.0,-16176873.0,0.0127890110015869,0,True,59,33,False,5,32,2025-11-16 06:40:01
ba_65536_1_5.txt,barabasi_albert_10ins_m20,42,SpecAnn-cold,0.2173570668006655,1.0,-16185485.000000002,0.0127708911895751,0,True,59,33,False,6,32,2025-11-16 06:40:01
ba_65536_1_5.txt,barabasi_albert_10ins_m20,42,SpecAnn-cold,0.2347724648169381,1.0,-16180735.000000002,0.012709617614746,0,True,59,33,False,7,32,2025-11-16 06:40:01
ba_65536_1_5.txt,barabasi_albert_10ins_m20,42,SpecAnn-cold,0.2509823220552634,1.0,-16158189.0,0.0127410888671875,0,True,59,33,False,8,32,2025-11-16 06:40:01
ba_65536_1_5.txt,barabasi_albert_10ins_m20,42,SpecAnn-cold,0.2662069528248341,1.0,-16186117.000000002,0.0126779079437255,0,True,59,33,False,9,32,2025-11-16 06:40:01
ba_65536_1_5.txt,barabasi_albert_10ins_m20,42,SpecAnn-cold,0.2806067666331568,1.0,-16202757.000000004,0.0126512050628662,0,True,59,33,False,10,32,2025-11-16 06:40:01
ba_65536_1_5.txt,barabasi_albert_10ins_m20,42,SpecAnn-cold,0.2943028597012718,1.0,-16149948.999999998,0.0126702785491943,0,True,59,33,False,11,32,2025-11-16 06:40:01
ba_65536_1_5.txt,barabasi_albert_10ins_m20,42,SpecAnn-cold,0.3073893117471359,1.0,-16181829.0,0.0126605033874511,0,True,59,33,False,12,32,2025-11-16 06:40:01
ba_65536_1_5.txt,barabasi_albert_10ins_m20,42,SpecAnn-cold,0.3199409394316542,1.0,-16162291.0,0.0127148628234863,0,True,59,33,False,13,32,2025-11-16 06:40:01
ba_65536_1_5.txt,barabasi_albert_10ins_m20,42,SpecAnn-cold,0.3320184038158743,1.0,-16184767.0,0.0128488540649414,0,True,59,33,False,14,32,2025-11-16 06:40:01
ba_65536_1_5.txt,barabasi_albert_10ins_m20,42,SpecAnn-cold,0.3436716983117353,1.0,-16213269.0,0.0126621723175048,0,True,59,33,False,15,32,2025-11-16 06:40:01
ba_65536_1_5.txt,barabasi_albert_10ins_m20,42,SpecAnn-cold,0.3549426037664455,1.0,-16153439.0,0.0127007961273193,0,True,59,33,False,16,32,2025-11-16 06:40:01
ba_65536_1_5.txt,barabasi_albert_10ins_m20,42,SpecAnn-cold,0.3658664615902029,1.0,-16115766.999999998,0.0128850936889648,0,True,59,33,False,17,32,2025-11-16 06:40:01
ba_65536_1_5.txt,barabasi_albert_10ins_m20,42,SpecAnn-cold,0.3764734830828951,1.0,-16160733.000000002,0.0130071640014648,0,True,59,33,False,18,32,2025-11-16 06:40:01
ba_65536_1_5.txt,barabasi_albert_10ins_m20,42,SpecAnn-cold,0.3867897351437838,1.0,-16191671.0,0.0125293731689453,0,True,59,33,False,19,32,2025-11-16 06:40:01
ba_65536_1_5.txt,barabasi_albert_10ins_m20,42,SpecAnn-cold,0.3968378950662725,1.0,-16182791.000000004,0.0125017166137695,0,True,59,33,False,20,32,2025-11-16 06:40:01
ba_65536_1_5.txt,barabasi_albert_10ins_m20,42,SpecAnn-cold,0.4066378372811136,1.0,-16176717.000000004,0.0124368667602539,0,True,59,33,False,21,32,2025-11-16 06:40:01
ba_65536_1_5.txt,barabasi_albert_10ins_m20,42,SpecAnn-cold,0.4162070956347247,1.0,-16162693.000000002,0.0122961997985839,0,True,59,33,False,22,32,2025-11-16 06:40:01
ba_65536_1_5.txt,barabasi_albert_10ins_m20,42,SpecAnn-cold,0.4255612320274539,1.0,-16147449.0,0.0122649669647216,0,True,59,33,False,23,32,2025-11-16 06:40:01
ba_65536_1_5.txt,barabasi_albert_10ins_m20,42,SpecAnn-cold,0.434714133601331,1.0,-16219059.0,0.0123062133789062,0,True,59,33,False,24,32,2025-11-16 06:40:01
ba_65536_1_5.txt,barabasi_albert_10ins_m20,42,SpecAnn-cold,0.4436782547080569,1.0,-16195435.000000002,0.0123190879821777,0,True,59,33,False,25,32,2025-11-16 06:40:01
ba_65536_1_5.txt,barabasi_albert_10ins_m20,42,SpecAnn-cold,0.4524648157026343,1.0,-16204459.0,0.0123195648193359,0,True,59,33,False,26,32,2025-11-16 06:40:01
ba_65536_1_5.txt,barabasi_albert_10ins_m20,42,SpecAnn-cold,0.4610839676207039,1.0,-16142246.999999998,0.0122947692871093,0,True,59,33,False,27,32,2025-11-16 06:40:01
ba_65536_1_5.txt,barabasi_albert_10ins_m20,42,SpecAnn-cold,0.4695449296338763,1.0,-16186183.000000002,0.012256383895874,0,True,59,33,False,28,32,2025-11-16 06:40:01
ba_65536_1_5.txt,barabasi_albert_10ins_m20,42,SpecAnn-cold,0.4778561045889373,1.0,-16162149.000000004,0.0122938156127929,0,True,59,33,False,29,32,2025-11-16 06:40:01
ba_65536_1_5.txt,barabasi_albert_10ins_m20,42,SpecAnn-cold,0.4860251767562508,1.0,-16205503.000000004,0.0122852325439453,0,True,59,33,False,30,32,2025-11-16 06:40:01
ba_65536_1_5.txt,barabasi_albert_10ins_m20,42,SpecAnn-cold,0.4940591950252281,1.0,-16191797.000000002,0.0123202800750732,0,True,59,33,False,31,32,2025-11-16 06:40:01
ba_65536_1_5.txt,barabasi_albert_10ins_m20,42,SpecAnn-cold,0.5019646441105269,1.0,-16192023.0,0.0123448371887207,0,True,59,33,False,32,32,2025-11-16 06:40:01
ba_65536_1_5.txt,barabasi_albert_10ins_m20,42,SpecAnn-cold,0.5097475058154177,1.0,-16173839.000000002,0.0122830867767333,0,True,59,33,False,33,32,2025-11-16 06:40:01
ba_65536_1_5.txt,barabasi_albert_10ins_m20,42,SpecAnn-cold,0.51741331199832,1.0,-16195107.0,0.0122485160827636,0,True,59,33,False,34,32,2025-11-16 06:40:01
ba_65536_1_5.txt,barabasi_albert_10ins_m20,42,SpecAnn-cold,0.5249671905758515,1.0,-16171283.0,0.0123229026794433,0,True,59,33,False,35,32,2025-11-16 06:40:01
ba_65536_1_5.txt,barabasi_albert_10ins_m20,42,SpecAnn-cold,0.5324139056496683,1.0,-16182923.0,0.0122394561767578,0,True,59,33,False,36,32,2025-11-16 06:40:01
ba_65536_1_5.txt,barabasi_albert_10ins_m20,42,SpecAnn-cold,0.5397578926492556,1.0,-16180355.000000002,0.0123708248138427,0,True,59,33,False,37,32,2025-11-16 06:40:01
ba_65536_1_5.txt,barabasi_albert_10ins_m20,42,SpecAnn-cold,0.5470032892270364,1.0,-16169035.000000002,0.0122835636138916,0,True,59,33,False,38,32,2025-11-16 06:40:01
ba_65536_1_5.txt,barabasi_albert_10ins_m20,42,SpecAnn-cold,0.554153962516942,1.0,-16171359.000000002,0.0122294425964355,0,True,59,33,False,39,32,2025-11-16 06:40:01
ba_65536_1_5.txt,barabasi_albert_10ins_m20,42,SpecAnn-cold,0.5612135332663137,1.0,-16176373.000000002,0.0123286247253417,0,True,59,33,False,40,32,2025-11-16 06:40:01
ba_65536_1_5.txt,barabasi_albert_10ins_m20,42,SpecAnn-cold,0.5681853972686127,1.0,-16169425.0,0.0122709274291992,0,True,59,33,False,41,32,2025-11-16 06:40:01
ba_65536_1_5.txt,barabasi_albert_10ins_m20,42,SpecAnn-cold,0.5750727444570146,1.0,-16171709.000000004,0.0122368335723876,0,True,59,33,False,42,32,2025-11-16 06:40:01
ba_65536_1_5.txt,barabasi_albert_10ins_m20,42,SpecAnn-cold,0.5818785759635375,1.0,-16147245.000000004,0.0123007297515869,0,True,59,33,False,43,32,2025-11-16 06:40:01
ba_65536_1_5.txt,barabasi_albert_10ins_m20,42,SpecAnn-cold,0.5886057194025436,1.0,-16169677.000000002,0.0122404098510742,0,True,59,33,False,44,32,2025-11-16 06:40:02
ba_65536_1_5.txt,barabasi_albert_10ins_m20,42,SpecAnn-cold,0.5952568425994088,1.0,-16194957.0,0.0123498439788818,0,True,59,33,False,45,32,2025-11-16 06:40:02
ba_65536_1_5.txt,barabasi_albert_10ins_m20,42,SpecAnn-cold,0.6018344659534288,1.0,-16176481.000000002,0.01237154006958,0,True,59,33,False,46,32,2025-11-16 06:40:02
ba_65536_1_5.txt,barabasi_albert_10ins_m20,42,SpecAnn-cold,0.6083409735974393,1.0,-16199499.0,0.0123896598815917,0,True,59,33,False,47,32,2025-11-16 06:40:02
ba_65536_1_5.txt,barabasi_albert_10ins_m20,42,SpecAnn-cold,0.6147786234942719,1.0,-16179079.0,0.0124387741088867,0,True,59,33,False,48,32,2025-11-16 06:40:02
ba_65536_1_5.txt,barabasi_albert_10ins_m20,42,SpecAnn-cold,0.6211495565912796,1.0,-16205422.999999998,0.0124216079711914,0,True,59,33,False,49,32,2025-11-16 06:40:02
ba_65536_1_5.txt,barabasi_albert_10ins_m20,42,SpecAnn-cold,0.6274558051381586,1.0,-16179233.0,0.0124053955078125,0,True,59,33,False,50,32,2025-11-16 06:40:02
ba_65536_1_5.txt,barabasi_albert_10ins_m20,42,SpecAnn-cold,0.6336993002596786,1.0,-16219251.0,0.0125989913940429,0,True,59,33,False,51,32,2025-11-16 06:40:02
ba_65536_1_5.txt,barabasi_albert_10ins_m20,42,SpecAnn-cold,0.6398818788633085,1.0,-16208358.999999998,0.0122742652893066,0,True,59,33,False,52,32,2025-11-16 06:40:02
ba_65536_1_5.txt,barabasi_albert_10ins_m20,42,SpecAnn-cold,0.6460052899517691,1.0,-16208152.999999998,0.0123884677886962,0,True,59,33,False,53,32,2025-11-16 06:40:02
ba_65536_1_5.txt,barabasi_albert_10ins_m20,42,SpecAnn-cold,0.6520712004019966,1.0,-16207573.0,0.0123474597930908,0,True,59,33,False,54,32,2025-11-16 06:40:02
ba_65536_1_5.txt,barabasi_albert_10ins_m20,42,SpecAnn-cold,0.6580812002646271,1.0,-16214107.000000006,0.0123543739318847,0,True,59,33,False,55,32,2025-11-16 06:40:02
ba_65536_1_5.txt,barabasi_albert_10ins_m20,42,SpecAnn-cold,0.6640368076317485,1.0,-16184572.999999998,0.0123927593231201,0,True,59,33,False,56,32,2025-11-16 06:40:02
ba_65536_1_5.txt,barabasi_albert_10ins_m20,42,SpecAnn-cold,0.6699394731151429,1.0,-16177316.999999998,0.0123322010040283,0,True,59,33,False,57,32,2025-11-16 06:40:02
ba_65536_1_5.txt,barabasi_albert_10ins_m20,42,SpecAnn-cold,0.6757905839724513,1.0,-16202214.999999998,0.0122935771942138,0,True,59,33,False,58,32,2025-11-16 06:40:02
ba_65536_1_5.txt,barabasi_albert_10ins_m20,42,SpecAnn-cold,0.6815914679145113,1.0,-16181187.0,0.0122673511505126,0,True,59,33,False,59,32,2025-11-16 06:40:02
ba_65536_1_5.txt,barabasi_albert_10ins_m20,42,SpecAnn-cold,0.6873433966234707,1.0,-16172459.000000004,0.0122537612915039,0,True,59,33,False,60,32,2025-11-16 06:40:02
ba_65536_1_5.txt,barabasi_albert_10ins_m20,42,SpecAnn-cold,0.6930475890080863,1.0,-16220649.000000002,0.0122811794281005,0,True,59,33,False,61,32,2025-11-16 06:40:02
ba_65536_1_5.txt,barabasi_albert_10ins_m20,42,SpecAnn-cold,0.6987052142198116,1.0,-16202655.000000002,0.0122745037078857,0,True,59,33,False,62,32,2025-11-16 06:40:02
ba_65536_1_5.txt,barabasi_albert_10ins_m20,42,SpecAnn-cold,0.7043173944508145,1.0,-16140981.000000002,0.0123624801635742,0,True,59,33,False,63,32,2025-11-16 06:40:02
ba_65536_1_5.txt,barabasi_albert_10ins_m20,42,SpecAnn-cold,0.709885207532891,1.0,-16195945.000000002,0.0122954845428466,0,True,59,33,False,64,32,2025-11-16 06:40:02
ba_65536_1_5.txt,barabasi_albert_10ins_m20,42,SpecAnn-cold,0.7154096893543218,1.0,-16236829.000000002,0.0123462677001953,0,True,59,33,False,65,32,2025-11-16 06:40:02
ba_65536_1_5.txt,barabasi_albert_10ins_m20,42,SpecAnn-cold,0.7208918361100219,1.0,-16231696.999999996,0.0123460292816162,0,True,59,33,False,66,32,2025-11-16 06:40:02
ba_65536_1_5.txt,barabasi_albert_10ins_m20,42,SpecAnn-cold,0.7263326063988248,1.0,-16255006.999999998,0.0123200416564941,0,True,59,33,False,67,32,2025-11-16 06:40:02
ba_65536_1_5.txt,barabasi_albert_10ins_m20,42,SpecAnn-cold,0.7317329231804058,1.0,-16207405.000000002,0.0122215747833251,0,True,59,33,False,68,32,2025-11-16 06:40:02
ba_65536_1_5.txt,barabasi_albert_10ins_m20,42,SpecAnn-cold,0.7370936756031579,1.0,-16246563.000000004,0.0122277736663818,0,True,59,33,False,69,32,2025-11-16 06:40:02
ba_65536_1_5.txt,barabasi_albert_10ins_m20,42,SpecAnn-cold,0.7424157207132704,1.0,-16208329.000000002,0.0122990608215332,0,True,59,33,False,70,32,2025-11-16 06:40:02
ba_65536_1_5.txt,barabasi_albert_10ins_m20,42,SpecAnn-cold,0.7476998850543153,1.0,-16206713.0,0.0124096870422363,0,True,59,33,False,71,32,2025-11-16 06:40:02
ba_65536_1_5.txt,barabasi_albert_10ins_m20,42,SpecAnn-cold,0.7529469661657903,1.0,-16201393.000000002,0.0124921798706054,0,True,59,33,False,72,32,2025-11-16 06:40:02
ba_65536_1_5.txt,barabasi_albert_10ins_m20,42,SpecAnn-cold,0.7581577339883167,1.0,-16233265.000000002,0.0124776363372802,0,True,59,33,False,73,32,2025-11-16 06:40:02
ba_65536_1_5.txt,barabasi_albert_10ins_m20,42,SpecAnn-cold,0.7633329321824984,1.0,-16207881.0,0.0124356746673583,0,True,59,33,False,74,32,2025-11-16 06:40:02
ba_65536_1_5.txt,barabasi_albert_10ins_m20,42,SpecAnn-cold,0.7684732793678399,1.0,-16256193.000000002,0.0123274326324462,0,True,59,33,False,75,32,2025-11-16 06:40:02
ba_65536_1_5.txt,barabasi_albert_10ins_m20,42,SpecAnn-cold,0.7735794702875677,1.0,-16252099.0,0.0123734474182128,0,True,59,33,False,76,32,2025-11-16 06:40:02
ba_65536_1_5.txt,barabasi_albert_10ins_m20,42,SpecAnn-cold,0.7786521769046981,1.0,-16234051.0,0.012559175491333,0,True,59,33,False,77,32,2025-11-16 06:40:02
ba_65536_1_5.txt,barabasi_albert_10ins_m20,42,SpecAnn-cold,0.7836920494342511,1.0,-16240749.000000002,0.0125341415405273,0,True,59,33,False,78,32,2025-11-16 06:40:02
ba_65536_1_5.txt,barabasi_albert_10ins_m20,42,SpecAnn-cold,0.788699717316095,1.0,-16244419.0,0.0125126838684082,0,True,59,33,False,79,32,2025-11-16 06:40:02
ba_65536_1_5.txt,barabasi_albert_10ins_m20,42,SpecAnn-cold,0.7936757901325451,1.0,-16210693.000000002,0.0123677253723144,0,True,59,33,False,80,32,2025-11-16 06:40:02
ba_65536_1_5.txt,barabasi_albert_10ins_m20,42,SpecAnn-cold,0.7986208584745024,1.0,-16191191.000000004,0.0123710632324218,0,True,59,33,False,81,32,2025-11-16 06:40:02
ba_65536_1_5.txt,barabasi_albert_10ins_m20,42,SpecAnn-cold,0.803535494759617,1.0,-16209155.0,0.0123131275177001,0,True,59,33,False,82,32,2025-11-16 06:40:02
ba_65536_1_5.txt,barabasi_albert_10ins_m20,42,SpecAnn-cold,0.8084202540056837,1.0,-16205219.000000002,0.012343406677246,0,True,59,33,False,83,32,2025-11-16 06:40:02
ba_65536_1_5.txt,barabasi_albert_10ins_m20,42,SpecAnn-cold,0.8132756745622272,1.0,-16239465.0,0.0122590065002441,0,True,59,33,False,84,32,2025-11-16 06:40:02
ba_65536_1_5.txt,barabasi_albert_10ins_m20,42,SpecAnn-cold,0.8181022788030096,1.0,-16274881.0,0.0122618675231933,0,True,59,33,False,85,32,2025-11-16 06:40:02
ba_65536_1_5.txt,barabasi_albert_10ins_m20,42,SpecAnn-cold,0.822900573781978,1.0,-16231612.999999998,0.0123169422149658,0,True,59,33,False,86,32,2025-11-16 06:40:02
ba_65536_1_5.txt,barabasi_albert_10ins_m20,42,SpecAnn-cold,0.8276710518549868,1.0,-16250275.0,0.0124204158782958,0,True,59,33,False,87,32,2025-11-16 06:40:02
ba_65536_1_5.txt,barabasi_albert_10ins_m20,42,SpecAnn-cold,0.8324141912694495,1.0,-16240025.000000004,0.0123257637023925,0,True,59,33,False,88,32,2025-11-16 06:40:02
ba_65536_1_5.txt,barabasi_albert_10ins_m20,42,SpecAnn-cold,0.8371304567239225,1.0,-16257013.000000002,0.0123815536499023,0,True,59,33,False,89,32,2025-11-16 06:40:02
ba_65536_1_5.txt,barabasi_albert_10ins_m20,42,SpecAnn-cold,0.8418202998994706,1.0,-16272771.000000004,0.0123047828674316,0,True,59,33,False,90,32,2025-11-16 06:40:02
ba_65536_1_5.txt,barabasi_albert_10ins_m20,42,SpecAnn-cold,0.846484159964536,1.0,-16277893.000000004,0.0122783184051513,0,True,59,33,False,91,32,2025-11-16 06:40:02
ba_65536_1_5.txt,barabasi_albert_10ins_m20,42,SpecAnn-cold,0.8511224640549078,1.0,-16308633.000000004,0.0122568607330322,0,True,59,33,False,92,32,2025-11-16 06:40:02
ba_65536_1_5.txt,barabasi_albert_10ins_m20,42,SpecAnn-cold,0.8557356277302758,1.0,-16277857.000000002,0.0235486030578613,0,True,59,65,False,93,32,2025-11-16 06:40:02
ba_65536_1_5.txt,barabasi_albert_10ins_m20,42,SpecAnn-cold,0.8603240554087516,1.0,-16280801.0,0.0124213695526123,0,True,59,33,False,94,32,2025-11-16 06:40:02
ba_65536_1_5.txt,barabasi_albert_10ins_m20,42,SpecAnn-cold,0.86488814078064,1.0,-16326644.999999998,0.0122849941253662,0,True,59,33,False,95,32,2025-11-16 06:40:02
ba_65536_1_5.txt,barabasi_albert_10ins_m20,42,SpecAnn-cold,0.8694282672026621,1.0,-16324891.0,0.0236868858337402,0,True,59,65,False,96,32,2025-11-16 06:40:02
ba_65536_1_5.txt,barabasi_albert_10ins_m20,42,SpecAnn-cold,0.8739448080737451,1.0,-16360575.0,0.0239820480346679,0,True,59,65,False,97,32,2025-11-16 06:40:02
ba_65536_1_5.txt,barabasi_albert_10ins_m20,42,SpecAnn-cold,0.878438127193422,1.0,-16325669.000000002,0.0238058567047119,0,True,59,65,False,98,32,2025-11-16 06:40:02
ba_65536_1_5.txt,barabasi_albert_10ins_m20,42,SpecAnn-cold,0.8829085791038153,1.0,-16367561.0,0.0234763622283935,0,True,59,65,False,99,32,2025-11-16 06:40:02
ba_65536_1_5.txt,barabasi_albert_10ins_m20,42,SpecAnn-cold,0.8873565094161138,1.0,-16415259.0,0.0234599113464355,0,True,59,65,False,100,32,2025-11-16 06:40:02
ba_65536_1_5.txt,barabasi_albert_10ins_m20,42,SpecAnn-cold,0.8917822551223932,1.0,-16420229.000000002,0.0234396457672119,0,True,59,65,False,101,32,2025-11-16 06:40:02
ba_65536_1_5.txt,barabasi_albert_10ins_m20,42,SpecAnn-cold,0.8961861448935777,1.0,-16432345.000000002,0.0233857631683349,0,True,59,65,False,102,32,2025-11-16 06:40:02
ba_65536_1_5.txt,barabasi_albert_10ins_m20,42,SpecAnn-cold,0.9005684993642872,1.0,-16437505.000000002,0.023411750793457,0,True,59,65,False,103,32,2025-11-16 06:40:02
ba_65536_1_5.txt,barabasi_albert_10ins_m20,42,SpecAnn-cold,0.9049296314052688,1.0,-16446403.000000002,0.0236093997955322,0,True,59,65,False,104,32,2025-11-16 06:40:02
ba_65536_1_5.txt,barabasi_albert_10ins_m20,42,SpecAnn-cold,0.9092698463840684,1.0,-16436669.0,0.0234785079956054,0,True,59,65,False,105,32,2025-11-16 06:40:02
ba_65536_1_5.txt,barabasi_albert_10ins_m20,42,SpecAnn-cold,0.9135894424145556,1.0,-16463000.999999996,0.0235524177551269,0,True,59,65,False,106,32,2025-11-16 06:40:02
ba_65536_1_5.txt,barabasi_albert_10ins_m20,42,SpecAnn-cold,0.9178887105958816,1.0,-16516507.000000002,0.0237500667572021,0,True,59,65,False,107,32,2025-11-16 06:40:02
ba_65536_1_5.txt,barabasi_albert_10ins_m20,42,SpecAnn-cold,0.922167935241408,1.0,-16529075.0,0.0348150730133056,0,True,59,97,False,108,32,2025-11-16 06:40:02
ba_65536_1_5.txt,barabasi_albert_10ins_m20,42,SpecAnn-cold,0.92642739409812,1.0,-16547181.0,0.0348601341247558,0,True,59,97,False,109,32,2025-11-16 06:40:02
ba_65536_1_5.txt,barabasi_albert_10ins_m20,42,SpecAnn-cold,0.9306673585570006,1.0,-16547567.0,0.046187400817871,0,True,59,129,False,110,32,2025-11-16 06:40:03
ba_65536_1_5.txt,barabasi_albert_10ins_m20,42,SpecAnn-cold,0.9348880938548184,1.0,-16627077.000000002,0.0461513996124267,0,True,59,129,False,111,32,2025-11-16 06:40:03
ba_65536_1_5.txt,barabasi_albert_10ins_m20,42,SpecAnn-cold,0.9390898592677528,1.0,-16642347.0,0.0571601390838623,0,True,59,161,False,112,32,2025-11-16 06:40:03
ba_65536_1_5.txt,barabasi_albert_10ins_m20,42,SpecAnn-cold,0.9432729082972536,1.0,-16651165.000000002,0.0793054103851318,0,True,59,225,False,113,32,2025-11-16 06:40:03
ba_65536_1_5.txt,barabasi_albert_10ins_m20,42,SpecAnn-cold,0.9474374888485204,1.0,-16672979.0,0.1480028629302978,0,True,59,417,False,114,32,2025-11-16 06:40:03
ba_65536_1_5.txt,barabasi_albert_10ins_m20,42,SpecAnn-cold,0.9515838434019476,1.0,-16609438.999999998,0.0804250240325927,0,True,59,225,False,115,32,2025-11-16 06:40:03
ba_65536_1_5.txt,barabasi_albert_10ins_m20,42,SpecAnn-cold,0.9557122091778746,1.0,-16603435.000000002,0.0909068584442138,0,True,59,257,False,116,32,2025-11-16 06:40:03
ba_65536_1_5.txt,barabasi_albert_10ins_m20,42,SpecAnn-cold,0.9598228182949629,1.0,-16578039.000000002,0.1018805503845214,0,True,59,289,False,117,32,2025-11-16 06:40:03
ba_65536_1_5.txt,barabasi_albert_10ins_m20,42,SpecAnn-cold,0.963915897922488,1.0,-16562255.0,0.0806472301483154,0,True,59,225,False,118,32,2025-11-16 06:40:03
ba_65536_1_5.txt,barabasi_albert_10ins_m20,42,SpecAnn-cold,0.967991670426842,1.0,-16569931.0,0.1018917560577392,0,True,59,289,False,119,32,2025-11-16 06:40:03
ba_65536_1_5.txt,barabasi_albert_10ins_m20,42,SpecAnn-cold,0.9720503535125016,1.0,-16583125.000000002,0.1016316413879394,0,True,59,289,False,120,32,2025-11-16 06:40:03
ba_65536_1_5.txt,barabasi_albert_10ins_m20,42,SpecAnn-cold,0.9760921603577252,1.0,-16570633.000000006,0.090409517288208,0,True,59,257,False,121,32,2025-11-16 06:40:04
ba_65536_1_5.txt,barabasi_albert_10ins_m20,42,SpecAnn-cold,0.9801172997452104,1.0,-16551095.000000004,0.1129806041717529,0,True,59,321,False,122,32,2025-11-16 06:40:04
ba_65536_1_5.txt,barabasi_albert_10ins_m20,42,SpecAnn-cold,0.9841259761879442,1.0,-16575681.000000004,0.1016788482666015,0,True,59,289,False,123,32,2025-11-16 06:40:04
ba_65536_1_5.txt,barabasi_albert_10ins_m20,42,SpecAnn-cold,0.9881183900504562,1.0,-16567232.999999998,0.1355018615722656,0,True,59,385,False,124,32,2025-11-16 06:40:04
ba_65536_1_5.txt,barabasi_albert_10ins_m20,42,SpecAnn-cold,0.9920947376656812,1.0,-16550339.000000002,0.1024601459503173,0,True,59,289,False,125,32,2025-11-16 06:40:04
ba_65536_1_5.txt,barabasi_albert_10ins_m20,42,SpecAnn-cold,0.9960552114476228,1.0,-16541541.0,0.0905826091766357,0,True,59,257,False,126,32,2025-11-16 06:40:04
ba_65536_1_5.txt,barabasi_albert_10ins_m20,42,SpecAnn-cold,1.0,1.0,-16532727.000000002,0.101844310760498,0,True,59,289,False,127,32,2025-11-16 06:40:04
ba_65536_1_5.txt,barabasi_albert_10ins_m20,43,SpecAnn-cold,0.0,1.0,-16165692.999999998,0.0142300128936767,0,True,54,33,False,0,32,2025-11-16 06:40:05
ba_65536_1_5.txt,barabasi_albert_10ins_m20,43,SpecAnn-cold,0.0887356509416113,1.0,-16140399.000000002,0.0124061107635498,0,True,54,33,False,1,32,2025-11-16 06:40:05
ba_65536_1_5.txt,barabasi_albert_10ins_m20,43,SpecAnn-cold,0.1254911610276317,1.0,-16186229.000000002,0.0127565860748291,0,True,54,33,False,2,32,2025-11-16 06:40:05
ba_65536_1_5.txt,barabasi_albert_10ins_m20,43,SpecAnn-cold,0.1536946558735679,1.0,-16185824.999999996,0.0123414993286132,0,True,54,33,False,3,32,2025-11-16 06:40:05
ba_65536_1_5.txt,barabasi_albert_10ins_m20,43,SpecAnn-cold,0.1774713018832227,1.0,-16129485.000000002,0.0123114585876464,0,True,54,33,False,4,32,2025-11-16 06:40:05
ba_65536_1_5.txt,barabasi_albert_10ins_m20,43,SpecAnn-cold,0.1984189475331362,1.0,-16182354.999999998,0.012378454208374,0,True,54,33,False,5,32,2025-11-16 06:40:05
ba_65536_1_5.txt,barabasi_albert_10ins_m20,43,SpecAnn-cold,0.2173570668006655,1.0,-16197689.000000002,0.0123534202575683,0,True,54,33,False,6,32,2025-11-16 06:40:05
ba_65536_1_5.txt,barabasi_albert_10ins_m20,43,SpecAnn-cold,0.2347724648169381,1.0,-16133775.000000002,0.0122673511505126,0,True,54,33,False,7,32,2025-11-16 06:40:05
ba_65536_1_5.txt,barabasi_albert_10ins_m20,43,SpecAnn-cold,0.2509823220552634,1.0,-16211431.000000004,0.012369155883789,0,True,54,33,False,8,32,2025-11-16 06:40:05
ba_65536_1_5.txt,barabasi_albert_10ins_m20,43,SpecAnn-cold,0.2662069528248341,1.0,-16116157.000000002,0.0122582912445068,0,True,54,33,False,9,32,2025-11-16 06:40:05
ba_65536_1_5.txt,barabasi_albert_10ins_m20,43,SpecAnn-cold,0.2806067666331568,1.0,-16172987.000000002,0.0122551918029785,0,True,54,33,False,10,32,2025-11-16 06:40:05
ba_65536_1_5.txt,barabasi_albert_10ins_m20,43,SpecAnn-cold,0.2943028597012718,1.0,-16150107.0,0.0123965740203857,0,True,54,33,False,11,32,2025-11-16 06:40:05
ba_65536_1_5.txt,barabasi_albert_10ins_m20,43,SpecAnn-cold,0.3073893117471359,1.0,-16121826.999999998,0.0122833251953125,0,True,54,33,False,12,32,2025-11-16 06:40:05
ba_65536_1_5.txt,barabasi_albert_10ins_m20,43,SpecAnn-cold,0.3199409394316542,1.0,-16174814.999999998,0.0123248100280761,0,True,54,33,False,13,32,2025-11-16 06:40:05
ba_65536_1_5.txt,barabasi_albert_10ins_m20,43,SpecAnn-cold,0.3320184038158743,1.0,-16160567.0,0.0123608112335205,0,True,54,33,False,14,32,2025-11-16 06:40:05
ba_65536_1_5.txt,barabasi_albert_10ins_m20,43,SpecAnn-cold,0.3436716983117353,1.0,-16160901.0,0.0123496055603027,0,True,54,33,False,15,32,2025-11-16 06:40:05
ba_65536_1_5.txt,barabasi_albert_10ins_m20,43,SpecAnn-cold,0.3549426037664455,1.0,-16177491.0,0.012387990951538,0,True,54,33,False,16,32,2025-11-16 06:40:05
ba_65536_1_5.txt,barabasi_albert_10ins_m20,43,SpecAnn-cold,0.3658664615902029,1.0,-16131533.0,0.0123293399810791,0,True,54,33,False,17,32,2025-11-16 06:40:05
ba_65536_1_5.txt,barabasi_albert_10ins_m20,43,SpecAnn-cold,0.3764734830828951,1.0,-16143007.0,0.0125353336334228,0,True,54,33,False,18,32,2025-11-16 06:40:05
ba_65536_1_5.txt,barabasi_albert_10ins_m20,43,SpecAnn-cold,0.3867897351437838,1.0,-16090683.0,0.0125727653503417,0,True,54,33,False,19,32,2025-11-16 06:40:05
ba_65536_1_5.txt,barabasi_albert_10ins_m20,43,SpecAnn-cold,0.3968378950662725,1.0,-16155127.0,0.0125439167022705,0,True,54,33,False,20,32,2025-11-16 06:40:05
ba_65536_1_5.txt,barabasi_albert_10ins_m20,43,SpecAnn-cold,0.4066378372811136,1.0,-16160805.000000002,0.0124857425689697,0,True,54,33,False,21,32,2025-11-16 06:40:05
ba_65536_1_5.txt,barabasi_albert_10ins_m20,43,SpecAnn-cold,0.4162070956347247,1.0,-16161726.999999998,0.0123300552368164,0,True,54,33,False,22,32,2025-11-16 06:40:05
ba_65536_1_5.txt,barabasi_albert_10ins_m20,43,SpecAnn-cold,0.4255612320274539,1.0,-16158611.000000006,0.0123374462127685,0,True,54,33,False,23,32,2025-11-16 06:40:05
ba_65536_1_5.txt,barabasi_albert_10ins_m20,43,SpecAnn-cold,0.434714133601331,1.0,-16110385.0,0.012535810470581,0,True,54,33,False,24,32,2025-11-16 06:40:05
ba_65536_1_5.txt,barabasi_albert_10ins_m20,43,SpecAnn-cold,0.4436782547080569,1.0,-16138476.999999996,0.0125391483306884,0,True,54,33,False,25,32,2025-11-16 06:40:05
ba_65536_1_5.txt,barabasi_albert_10ins_m20,43,SpecAnn-cold,0.4524648157026343,1.0,-16185799.0,0.0125606060028076,0,True,54,33,False,26,32,2025-11-16 06:40:05
ba_65536_1_5.txt,barabasi_albert_10ins_m20,43,SpecAnn-cold,0.4610839676207039,1.0,-16185127.000000002,0.0124096870422363,0,True,54,33,False,27,32,2025-11-16 06:40:05
ba_65536_1_5.txt,barabasi_albert_10ins_m20,43,SpecAnn-cold,0.4695449296338763,1.0,-16167295.000000002,0.0124554634094238,0,True,54,33,False,28,32,2025-11-16 06:40:05
ba_65536_1_5.txt,barabasi_albert_10ins_m20,43,SpecAnn-cold,0.4778561045889373,1.0,-16193865.0,0.0125503540039062,0,True,54,33,False,29,32,2025-11-16 06:40:05
ba_65536_1_5.txt,barabasi_albert_10ins_m20,43,SpecAnn-cold,0.4860251767562508,1.0,-16199139.000000002,0.0124499797821044,0,True,54,33,False,30,32,2025-11-16 06:40:05
ba_65536_1_5.txt,barabasi_albert_10ins_m20,43,SpecAnn-cold,0.4940591950252281,1.0,-16181495.000000002,0.0123546123504638,0,True,54,33,False,31,32,2025-11-16 06:40:05
ba_65536_1_5.txt,barabasi_albert_10ins_m20,43,SpecAnn-cold,0.5019646441105269,1.0,-16218853.0,0.0122029781341552,0,True,54,33,False,32,32,2025-11-16 06:40:05
ba_65536_1_5.txt,barabasi_albert_10ins_m20,43,SpecAnn-cold,0.5097475058154177,1.0,-16161561.000000002,0.0122601985931396,0,True,54,33,False,33,32,2025-11-16 06:40:05
ba_65536_1_5.txt,barabasi_albert_10ins_m20,43,SpecAnn-cold,0.51741331199832,1.0,-16165473.0,0.0122945308685302,0,True,54,33,False,34,32,2025-11-16 06:40:05
ba_65536_1_5.txt,barabasi_albert_10ins_m20,43,SpecAnn-cold,0.5249671905758515,1.0,-16169180.999999998,0.0122878551483154,0,True,54,33,False,35,32,2025-11-16 06:40:05
ba_65536_1_5.txt,barabasi_albert_10ins_m20,43,SpecAnn-cold,0.5324139056496683,1.0,-16199797.000000002,0.0122683048248291,0,True,54,33,False,36,32,2025-11-16 06:40:05
ba_65536_1_5.txt,barabasi_albert_10ins_m20,43,SpecAnn-cold,0.5397578926492556,1.0,-16156914.999999998,0.0124166011810302,0,True,54,33,False,37,32,2025-11-16 06:40:05
ba_65536_1_5.txt,barabasi_albert_10ins_m20,43,SpecAnn-cold,0.5470032892270364,1.0,-16189259.000000002,0.0122976303100585,0,True,54,33,False,38,32,2025-11-16 06:40:05
ba_65536_1_5.txt,barabasi_albert_10ins_m20,43,SpecAnn-cold,0.554153962516942,1.0,-16180942.999999998,0.0122532844543457,0,True,54,33,False,39,32,2025-11-16 06:40:05
ba_65536_1_5.txt,barabasi_albert_10ins_m20,43,SpecAnn-cold,0.5612135332663137,1.0,-16144025.0,0.0122067928314208,0,True,54,33,False,40,32,2025-11-16 06:40:05
ba_65536_1_5.txt,barabasi_albert_10ins_m20,43,SpecAnn-cold,0.5681853972686127,1.0,-16155407.0,0.0122656822204589,0,True,54,33,False,41,32,2025-11-16 06:40:05
ba_65536_1_5.txt,barabasi_albert_10ins_m20,43,SpecAnn-cold,0.5750727444570146,1.0,-16141543.0,0.012261152267456,0,True,54,33,False,42,32,2025-11-16 06:40:05
ba_65536_1_5.txt,barabasi_albert_10ins_m20,43,SpecAnn-cold,0.5818785759635375,1.0,-16184341.0,0.0121862888336181,0,True,54,33,False,43,32,2025-11-16 06:40:05
ba_65536_1_5.txt,barabasi_albert_10ins_m20,43,SpecAnn-cold,0.5886057194025436,1.0,-16182659.0,0.0123307704925537,0,True,54,33,False,44,32,2025-11-16 06:40:05
ba_65536_1_5.txt,barabasi_albert_10ins_m20,43,SpecAnn-cold,0.5952568425994088,1.0,-16170431.0,0.0124032497406005,0,True,54,33,False,45,32,2025-11-16 06:40:05
ba_65536_1_5.txt,barabasi_albert_10ins_m20,43,SpecAnn-cold,0.6018344659534288,1.0,-16166471.000000004,0.0123322010040283,0,True,54,33,False,46,32,2025-11-16 06:40:05
ba_65536_1_5.txt,barabasi_albert_10ins_m20,43,SpecAnn-cold,0.6083409735974393,1.0,-16178785.000000004,0.012347936630249,0,True,54,33,False,47,32,2025-11-16 06:40:05
ba_65536_1_5.txt,barabasi_albert_10ins_m20,43,SpecAnn-cold,0.6147786234942719,1.0,-16193113.0,0.0124766826629638,0,True,54,33,False,48,32,2025-11-16 06:40:05
ba_65536_1_5.txt,barabasi_albert_10ins_m20,43,SpecAnn-cold,0.6211495565912796,1.0,-16254567.000000002,0.0126256942749023,0,True,54,33,False,49,32,2025-11-16 06:40:05
ba_65536_1_5.txt,barabasi_albert_10ins_m20,43,SpecAnn-cold,0.6274558051381586,1.0,-16168741.000000004,0.0125839710235595,0,True,54,33,False,50,32,2025-11-16 06:40:05
ba_65536_1_5.txt,barabasi_albert_10ins_m20,43,SpecAnn-cold,0.6336993002596786,1.0,-16211753.000000002,0.0125477313995361,0,True,54,33,False,51,32,2025-11-16 06:40:05
ba_65536_1_5.txt,barabasi_albert_10ins_m20,43,SpecAnn-cold,0.6398818788633085,1.0,-16173665.000000002,0.0123310089111328,0,True,54,33,False,52,32,2025-11-16 06:40:05
ba_65536_1_5.txt,barabasi_albert_10ins_m20,43,SpecAnn-cold,0.6460052899517691,1.0,-16147953.0,0.0123796463012695,0,True,54,33,False,53,32,2025-11-16 06:40:05
ba_65536_1_5.txt,barabasi_albert_10ins_m20,43,SpecAnn-cold,0.6520712004019966,1.0,-16209657.000000004,0.0123248100280761,0,True,54,33,False,54,32,2025-11-16 06:40:05
ba_65536_1_5.txt,barabasi_albert_10ins_m20,43,SpecAnn-cold,0.6580812002646271,1.0,-16187671.000000002,0.0123775005340576,0,True,54,33,False,55,32,2025-11-16 06:40:05
ba_65536_1_5.txt,barabasi_albert_10ins_m20,43,SpecAnn-cold,0.6640368076317485,1.0,-16209329.000000002,0.0123090744018554,0,True,54,33,False,56,32,2025-11-16 06:40:05
ba_65536_1_5.txt,barabasi_albert_10ins_m20,43,SpecAnn-cold,0.6699394731151429,1.0,-16194737.000000002,0.0123877525329589,0,True,54,33,False,57,32,2025-11-16 06:40:05
ba_65536_1_5.txt,barabasi_albert_10ins_m20,43,SpecAnn-cold,0.6757905839724513,1.0,-16201793.0,0.012369155883789,0,True,54,33,False,58,32,2025-11-16 06:40:05
ba_65536_1_5.txt,barabasi_albert_10ins_m20,43,SpecAnn-cold,0.6815914679145113,1.0,-16174773.000000002,0.012279987335205,0,True,54,33,False,59,32,2025-11-16 06:40:05
ba_65536_1_5.txt,barabasi_albert_10ins_m20,43,SpecAnn-cold,0.6873433966234707,1.0,-16191267.0,0.0123369693756103,0,True,54,33,False,60,32,2025-11-16 06:40:05
ba_65536_1_5.txt,barabasi_albert_10ins_m20,43,SpecAnn-cold,0.6930475890080863,1.0,-16204123.0,0.0122406482696533,0,True,54,33,False,61,32,2025-11-16 06:40:05
ba_65536_1_5.txt,barabasi_albert_10ins_m20,43,SpecAnn-cold,0.6987052142198116,1.0,-16210773.0,0.0123608112335205,0,True,54,33,False,62,32,2025-11-16 06:40:05
ba_65536_1_5.txt,barabasi_albert_10ins_m20,43,SpecAnn-cold,0.7043173944508145,1.0,-16237027.0,0.0123448371887207,0,True,54,33,False,63,32,2025-11-16 06:40:05
ba_65536_1_5.txt,barabasi_albert_10ins_m20,43,SpecAnn-cold,0.709885207532891,1.0,-16208977.0,0.0122449398040771,0,True,54,33,False,64,32,2025-11-16 06:40:05
ba_65536_1_5.txt,barabasi_albert_10ins_m20,43,SpecAnn-cold,0.7154096893543218,1.0,-16190554.999999998,0.0122952461242675,0,True,54,33,False,65,32,2025-11-16 06:40:05
ba_65536_1_5.txt,barabasi_albert_10ins_m20,43,SpecAnn-cold,0.7208918361100219,1.0,-16176200.999999998,0.0123143196105957,0,True,54,33,False,66,32,2025-11-16 06:40:05
ba_65536_1_5.txt,barabasi_albert_10ins_m20,43,SpecAnn-cold,0.7263326063988248,1.0,-16218281.0,0.0123124122619628,0,True,54,33,False,67,32,2025-11-16 06:40:05
ba_65536_1_5.txt,barabasi_albert_10ins_m20,43,SpecAnn-cold,0.7317329231804058,1.0,-16218459.0,0.0123918056488037,0,True,54,33,False,68,32,2025-11-16 06:40:05
ba_65536_1_5.txt,barabasi_albert_10ins_m20,43,SpecAnn-cold,0.7370936756031579,1.0,-16218725.0,0.012303352355957,0,True,54,33,False,69,32,2025-11-16 06:40:05
ba_65536_1_5.txt,barabasi_albert_10ins_m20,43,SpecAnn-cold,0.7424157207132704,1.0,-16208191.0,0.0123660564422607,0,True,54,33,False,70,32,2025-11-16 06:40:05
ba_65536_1_5.txt,barabasi_albert_10ins_m20,43,SpecAnn-cold,0.7476998850543153,1.0,-16208662.999999998,0.0123388767242431,0,True,54,33,False,71,32,2025-11-16 06:40:05
ba_65536_1_5.txt,barabasi_albert_10ins_m20,43,SpecAnn-cold,0.7529469661657903,1.0,-16239663.0,0.0123114585876464,0,True,54,33,False,72,32,2025-11-16 06:40:05
ba_65536_1_5.txt,barabasi_albert_10ins_m20,43,SpecAnn-cold,0.7581577339883167,1.0,-16251954.999999998,0.012275218963623,0,True,54,33,False,73,32,2025-11-16 06:40:05
ba_65536_1_5.txt,barabasi_albert_10ins_m20,43,SpecAnn-cold,0.7633329321824984,1.0,-16225543.0,0.0122506618499755,0,True,54,33,False,74,32,2025-11-16 06:40:05
ba_65536_1_5.txt,barabasi_albert_10ins_m20,43,SpecAnn-cold,0.7684732793678399,1.0,-16212275.0,0.0122373104095458,0,True,54,33,False,75,32,2025-11-16 06:40:06
ba_65536_1_5.txt,barabasi_albert_10ins_m20,43,SpecAnn-cold,0.7735794702875677,1.0,-16203847.0,0.012286901473999,0,True,54,33,False,76,32,2025-11-16 06:40:06
ba_65536_1_5.txt,barabasi_albert_10ins_m20,43,SpecAnn-cold,0.7786521769046981,1.0,-16223933.0,0.0123138427734375,0,True,54,33,False,77,32,2025-11-16 06:40:06
ba_65536_1_5.txt,barabasi_albert_10ins_m20,43,SpecAnn-cold,0.7836920494342511,1.0,-16250302.999999998,0.0123999118804931,0,True,54,33,False,78,32,2025-11-16 06:40:06
ba_65536_1_5.txt,barabasi_albert_10ins_m20,43,SpecAnn-cold,0.788699717316095,1.0,-16217119.0,0.0124421119689941,0,True,54,33,False,79,32,2025-11-16 06:40:06
ba_65536_1_5.txt,barabasi_albert_10ins_m20,43,SpecAnn-cold,0.7936757901325451,1.0,-16256957.000000002,0.0126955509185791,0,True,54,33,False,80,32,2025-11-16 06:40:06
ba_65536_1_5.txt,barabasi_albert_10ins_m20,43,SpecAnn-cold,0.7986208584745024,1.0,-16273799.000000002,0.012629747390747,0,True,54,33,False,81,32,2025-11-16 06:40:06
ba_65536_1_5.txt,barabasi_albert_10ins_m20,43,SpecAnn-cold,0.803535494759617,1.0,-16228949.000000002,0.0125946998596191,0,True,54,33,False,82,32,2025-11-16 06:40:06
ba_65536_1_5.txt,barabasi_albert_10ins_m20,43,SpecAnn-cold,0.8084202540056837,1.0,-16229959.0,0.0126466751098632,0,True,54,33,False,83,32,2025-11-16 06:40:06
ba_65536_1_5.txt,barabasi_albert_10ins_m20,43,SpecAnn-cold,0.8132756745622272,1.0,-16266349.0,0.0125041007995605,0,True,54,33,False,84,32,2025-11-16 06:40:06
ba_65536_1_5.txt,barabasi_albert_10ins_m20,43,SpecAnn-cold,0.8181022788030096,1.0,-16245315.000000002,0.0124754905700683,0,True,54,33,False,85,32,2025-11-16 06:40:06
ba_65536_1_5.txt,barabasi_albert_10ins_m20,43,SpecAnn-cold,0.822900573781978,1.0,-16269914.999999998,0.0123636722564697,0,True,54,33,False,86,32,2025-11-16 06:40:06
ba_65536_1_5.txt,barabasi_albert_10ins_m20,43,SpecAnn-cold,0.8276710518549868,1.0,-16293986.999999998,0.0124702453613281,0,True,54,33,False,87,32,2025-11-16 06:40:06
ba_65536_1_5.txt,barabasi_albert_10ins_m20,43,SpecAnn-cold,0.8324141912694495,1.0,-16290605.000000002,0.0125701427459716,0,True,54,33,False,88,32,2025-11-16 06:40:06
ba_65536_1_5.txt,barabasi_albert_10ins_m20,43,SpecAnn-cold,0.8371304567239225,1.0,-16256129.000000002,0.0125813484191894,0,True,54,33,False,89,32,2025-11-16 06:40:06
ba_65536_1_5.txt,barabasi_albert_10ins_m20,43,SpecAnn-cold,0.8418202998994706,1.0,-16268361.000000004,0.0125885009765625,0,True,54,33,False,90,32,2025-11-16 06:40:06
ba_65536_1_5.txt,barabasi_albert_10ins_m20,43,SpecAnn-cold,0.846484159964536,1.0,-16292231.000000002,0.0124742984771728,0,True,54,33,False,91,32,2025-11-16 06:40:06
ba_65536_1_5.txt,barabasi_albert_10ins_m20,43,SpecAnn-cold,0.8511224640549078,1.0,-16279875.0,0.0123474597930908,0,True,54,33,False,92,32,2025-11-16 06:40:06
ba_65536_1_5.txt,barabasi_albert_10ins_m20,43,SpecAnn-cold,0.8557356277302758,1.0,-16294076.999999998,0.0123517513275146,0,True,54,33,False,93,32,2025-11-16 06:40:06
ba_65536_1_5.txt,barabasi_albert_10ins_m20,43,SpecAnn-cold,0.8603240554087516,1.0,-16301393.000000004,0.0236709117889404,0,True,54,65,False,94,32,2025-11-16 06:40:06
ba_65536_1_5.txt,barabasi_albert_10ins_m20,43,SpecAnn-cold,0.86488814078064,1.0,-16330213.0,0.0239660739898681,0,True,54,65,False,95,32,2025-11-16 06:40:06
ba_65536_1_5.txt,barabasi_albert_10ins_m20,43,SpecAnn-cold,0.8694282672026621,1.0,-16333966.999999998,0.0239150524139404,0,True,54,65,False,96,32,2025-11-16 06:40:06
ba_65536_1_5.txt,barabasi_albert_10ins_m20,43,SpecAnn-cold,0.8739448080737451,1.0,-16350527.000000002,0.0235595703125,0,True,54,65,False,97,32,2025-11-16 06:40:06
ba_65536_1_5.txt,barabasi_albert_10ins_m20,43,SpecAnn-cold,0.878438127193422,1.0,-16363528.999999998,0.0236620903015136,0,True,54,65,False,98,32,2025-11-16 06:40:06
ba_65536_1_5.txt,barabasi_albert_10ins_m20,43,SpecAnn-cold,0.8829085791038153,1.0,-16408142.999999998,0.0240499973297119,0,True,54,65,False,99,32,2025-11-16 06:40:06
ba_65536_1_5.txt,barabasi_albert_10ins_m20,43,SpecAnn-cold,0.8873565094161138,1.0,-16382129.0,0.0241603851318359,0,True,54,65,False,100,32,2025-11-16 06:40:06
ba_65536_1_5.txt,barabasi_albert_10ins_m20,43,SpecAnn-cold,0.8917822551223932,1.0,-16387175.0,0.0239083766937255,0,True,54,65,False,101,32,2025-11-16 06:40:06
ba_65536_1_5.txt,barabasi_albert_10ins_m20,43,SpecAnn-cold,0.8961861448935777,1.0,-16425693.0,0.0238556861877441,0,True,54,65,False,102,32,2025-11-16 06:40:06
ba_65536_1_5.txt,barabasi_albert_10ins_m20,43,SpecAnn-cold,0.9005684993642872,1.0,-16478637.000000002,0.0240864753723144,0,True,54,65,False,103,32,2025-11-16 06:40:06
ba_65536_1_5.txt,barabasi_albert_10ins_m20,43,SpecAnn-cold,0.9049296314052688,1.0,-16470961.000000002,0.0240213871002197,0,True,54,65,False,104,32,2025-11-16 06:40:06
ba_65536_1_5.txt,barabasi_albert_10ins_m20,43,SpecAnn-cold,0.9092698463840684,1.0,-16445779.0,0.0238473415374755,0,True,54,65,False,105,32,2025-11-16 06:40:06
ba_65536_1_5.txt,barabasi_albert_10ins_m20,43,SpecAnn-cold,0.9135894424145556,1.0,-16484385.0,0.0237174034118652,0,True,54,65,False,106,32,2025-11-16 06:40:06
ba_65536_1_5.txt,barabasi_albert_10ins_m20,43,SpecAnn-cold,0.9178887105958816,1.0,-16512921.000000002,0.035107135772705,0,True,54,97,False,107,32,2025-11-16 06:40:06
ba_65536_1_5.txt,barabasi_albert_10ins_m20,43,SpecAnn-cold,0.922167935241408,1.0,-16547361.000000002,0.0348923206329345,0,True,54,97,False,108,32,2025-11-16 06:40:06
ba_65536_1_5.txt,barabasi_albert_10ins_m20,43,SpecAnn-cold,0.92642739409812,1.0,-16574687.000000002,0.034975528717041,0,True,54,97,False,109,32,2025-11-16 06:40:06
ba_65536_1_5.txt,barabasi_albert_10ins_m20,43,SpecAnn-cold,0.9306673585570006,1.0,-16586803.000000002,0.035384178161621,0,True,54,97,False,110,32,2025-11-16 06:40:06
ba_65536_1_5.txt,barabasi_albert_10ins_m20,43,SpecAnn-cold,0.9348880938548184,1.0,-16630089.000000002,0.0468018054962158,0,True,54,129,False,111,32,2025-11-16 06:40:06
ba_65536_1_5.txt,barabasi_albert_10ins_m20,43,SpecAnn-cold,0.9390898592677528,1.0,-16625966.999999998,0.0575582981109619,0,True,54,161,False,112,32,2025-11-16 06:40:06
ba_65536_1_5.txt,barabasi_albert_10ins_m20,43,SpecAnn-cold,0.9432729082972536,1.0,-16653955.0,0.091005802154541,0,True,54,257,False,113,32,2025-11-16 06:40:06
ba_65536_1_5.txt,barabasi_albert_10ins_m20,43,SpecAnn-cold,0.9474374888485204,1.0,-16701893.0,0.1919083595275879,0,True,54,545,False,114,32,2025-11-16 06:40:07
ba_65536_1_5.txt,barabasi_albert_10ins_m20,43,SpecAnn-cold,0.9515838434019476,1.0,-16652135.000000002,0.1354892253875732,0,True,54,385,False,115,32,2025-11-16 06:40:07
ba_65536_1_5.txt,barabasi_albert_10ins_m20,43,SpecAnn-cold,0.9557122091778746,1.0,-16607313.000000004,0.0907731056213378,0,True,54,257,False,116,32,2025-11-16 06:40:07
ba_65536_1_5.txt,barabasi_albert_10ins_m20,43,SpecAnn-cold,0.9598228182949629,1.0,-16599011.000000004,0.1257624626159668,0,True,54,353,False,117,32,2025-11-16 06:40:07
ba_65536_1_5.txt,barabasi_albert_10ins_m20,43,SpecAnn-cold,0.963915897922488,1.0,-16566687.0,0.1028211116790771,0,True,54,289,False,118,32,2025-11-16 06:40:07
ba_65536_1_5.txt,barabasi_albert_10ins_m20,43,SpecAnn-cold,0.967991670426842,1.0,-16596051.000000002,0.0911214351654052,0,True,54,257,False,119,32,2025-11-16 06:40:07
ba_65536_1_5.txt,barabasi_albert_10ins_m20,43,SpecAnn-cold,0.9720503535125016,1.0,-16562361.0,0.1032049655914306,0,True,54,289,False,120,32,2025-11-16 06:40:07
ba_65536_1_5.txt,barabasi_albert_10ins_m20,43,SpecAnn-cold,0.9760921603577252,1.0,-16584305.0,0.090954303741455,0,True,54,257,False,121,32,2025-11-16 06:40:07
ba_65536_1_5.txt,barabasi_albert_10ins_m20,43,SpecAnn-cold,0.9801172997452104,1.0,-16572850.999999998,0.102250337600708,0,True,54,289,False,122,32,2025-11-16 06:40:07
ba_65536_1_5.txt,barabasi_albert_10ins_m20,43,SpecAnn-cold,0.9841259761879442,1.0,-16555067.000000002,0.0910151004791259,0,True,54,257,False,123,32,2025-11-16 06:40:08
ba_65536_1_5.txt,barabasi_albert_10ins_m20,43,SpecAnn-cold,0.9881183900504562,1.0,-16548113.0,0.0799531936645507,0,True,54,225,False,124,32,2025-11-16 06:40:08
ba_65536_1_5.txt,barabasi_albert_10ins_m20,43,SpecAnn-cold,0.9920947376656812,1.0,-16566235.0,0.1020064353942871,0,True,54,289,False,125,32,2025-11-16 06:40:08
ba_65536_1_5.txt,barabasi_albert_10ins_m20,43,SpecAnn-cold,0.9960552114476228,1.0,-16550249.0,0.0796113014221191,0,True,54,225,False,126,32,2025-11-16 06:40:08
ba_65536_1_5.txt,barabasi_albert_10ins_m20,43,SpecAnn-cold,1.0,1.0,-16534757.000000002,0.1019573211669921,0,True,54,289,False,127,32,2025-11-16 06:40:08
ba_65536_1_5.txt,barabasi_albert_10ins_m20,44,SpecAnn-cold,0.0,1.0,-16160719.000000002,0.0143113136291503,0,True,64,33,False,0,32,2025-11-16 06:40:08
ba_65536_1_5.txt,barabasi_albert_10ins_m20,44,SpecAnn-cold,0.0887356509416113,1.0,-16154137.000000004,0.0125892162322998,0,True,64,33,False,1,32,2025-11-16 06:40:08
ba_65536_1_5.txt,barabasi_albert_10ins_m20,44,SpecAnn-cold,0.1254911610276317,1.0,-16174631.0,0.0124056339263916,0,True,64,33,False,2,32,2025-11-16 06:40:08
ba_65536_1_5.txt,barabasi_albert_10ins_m20,44,SpecAnn-cold,0.1536946558735679,1.0,-16131639.000000002,0.012575626373291,0,True,64,33,False,3,32,2025-11-16 06:40:08
ba_65536_1_5.txt,barabasi_albert_10ins_m20,44,SpecAnn-cold,0.1774713018832227,1.0,-16189945.000000002,0.0123701095581054,0,True,64,33,False,4,32,2025-11-16 06:40:08
ba_65536_1_5.txt,barabasi_albert_10ins_m20,44,SpecAnn-cold,0.1984189475331362,1.0,-16170751.0,0.0123939514160156,0,True,64,33,False,5,32,2025-11-16 06:40:08
ba_65536_1_5.txt,barabasi_albert_10ins_m20,44,SpecAnn-cold,0.2173570668006655,1.0,-16183198.999999998,0.0123202800750732,0,True,64,33,False,6,32,2025-11-16 06:40:08
ba_65536_1_5.txt,barabasi_albert_10ins_m20,44,SpecAnn-cold,0.2347724648169381,1.0,-16182611.000000002,0.0123400688171386,0,True,64,33,False,7,32,2025-11-16 06:40:08
ba_65536_1_5.txt,barabasi_albert_10ins_m20,44,SpecAnn-cold,0.2509823220552634,1.0,-16147575.000000002,0.01235032081604,0,True,64,33,False,8,32,2025-11-16 06:40:08
ba_65536_1_5.txt,barabasi_albert_10ins_m20,44,SpecAnn-cold,0.2662069528248341,1.0,-16172459.000000002,0.0123267173767089,0,True,64,33,False,9,32,2025-11-16 06:40:08
ba_65536_1_5.txt,barabasi_albert_10ins_m20,44,SpecAnn-cold,0.2806067666331568,1.0,-16166973.000000002,0.0123126506805419,0,True,64,33,False,10,32,2025-11-16 06:40:08
ba_65536_1_5.txt,barabasi_albert_10ins_m20,44,SpecAnn-cold,0.2943028597012718,1.0,-16187929.0,0.0124173164367675,0,True,64,33,False,11,32,2025-11-16 06:40:08
ba_65536_1_5.txt,barabasi_albert_10ins_m20,44,SpecAnn-cold,0.3073893117471359,1.0,-16177494.999999998,0.0123333930969238,0,True,64,33,False,12,32,2025-11-16 06:40:08
ba_65536_1_5.txt,barabasi_albert_10ins_m20,44,SpecAnn-cold,0.3199409394316542,1.0,-16153687.0,0.0123696327209472,0,True,64,33,False,13,32,2025-11-16 06:40:08
ba_65536_1_5.txt,barabasi_albert_10ins_m20,44,SpecAnn-cold,0.3320184038158743,1.0,-16193103.000000004,0.0124633312225341,0,True,64,33,False,14,32,2025-11-16 06:40:08
ba_65536_1_5.txt,barabasi_albert_10ins_m20,44,SpecAnn-cold,0.3436716983117353,1.0,-16164837.0,0.0123655796051025,0,True,64,33,False,15,32,2025-11-16 06:40:08
ba_65536_1_5.txt,barabasi_albert_10ins_m20,44,SpecAnn-cold,0.3549426037664455,1.0,-16186001.0,0.0124025344848632,0,True,64,33,False,16,32,2025-11-16 06:40:09
ba_65536_1_5.txt,barabasi_albert_10ins_m20,44,SpecAnn-cold,0.3658664615902029,1.0,-16211202.999999998,0.0123863220214843,0,True,64,33,False,17,32,2025-11-16 06:40:09
ba_65536_1_5.txt,barabasi_albert_10ins_m20,44,SpecAnn-cold,0.3764734830828951,1.0,-16169271.000000002,0.0123713016510009,0,True,64,33,False,18,32,2025-11-16 06:40:09
ba_65536_1_5.txt,barabasi_albert_10ins_m20,44,SpecAnn-cold,0.3867897351437838,1.0,-16205071.000000002,0.0124194622039794,0,True,64,33,False,19,32,2025-11-16 06:40:09
ba_65536_1_5.txt,barabasi_albert_10ins_m20,44,SpecAnn-cold,0.3968378950662725,1.0,-16151065.000000002,0.0123567581176757,0,True,64,33,False,20,32,2025-11-16 06:40:09
ba_65536_1_5.txt,barabasi_albert_10ins_m20,44,SpecAnn-cold,0.4066378372811136,1.0,-16119257.0,0.0125496387481689,0,True,64,33,False,21,32,2025-11-16 06:40:09
ba_65536_1_5.txt,barabasi_albert_10ins_m20,44,SpecAnn-cold,0.4162070956347247,1.0,-16202009.0,0.0123090744018554,0,True,64,33,False,22,32,2025-11-16 06:40:09
ba_65536_1_5.txt,barabasi_albert_10ins_m20,44,SpecAnn-cold,0.4255612320274539,1.0,-16184925.000000002,0.0122809410095214,0,True,64,33,False,23,32,2025-11-16 06:40:09
ba_65536_1_5.txt,barabasi_albert_10ins_m20,44,SpecAnn-cold,0.434714133601331,1.0,-16207225.000000002,0.0122885704040527,0,True,64,33,False,24,32,2025-11-16 06:40:09
ba_65536_1_5.txt,barabasi_albert_10ins_m20,44,SpecAnn-cold,0.4436782547080569,1.0,-16174339.000000002,0.0123860836029052,0,True,64,33,False,25,32,2025-11-16 06:40:09
ba_65536_1_5.txt,barabasi_albert_10ins_m20,44,SpecAnn-cold,0.4524648157026343,1.0,-16215603.000000002,0.0123345851898193,0,True,64,33,False,26,32,2025-11-16 06:40:09
ba_65536_1_5.txt,barabasi_albert_10ins_m20,44,SpecAnn-cold,0.4610839676207039,1.0,-16250117.000000002,0.0123970508575439,0,True,64,33,False,27,32,2025-11-16 06:40:09
ba_65536_1_5.txt,barabasi_albert_10ins_m20,44,SpecAnn-cold,0.4695449296338763,1.0,-16154527.000000006,0.0123469829559326,0,True,64,33,False,28,32,2025-11-16 06:40:09
ba_65536_1_5.txt,barabasi_albert_10ins_m20,44,SpecAnn-cold,0.4778561045889373,1.0,-16185171.0,0.0122840404510498,0,True,64,33,False,29,32,2025-11-16 06:40:09
ba_65536_1_5.txt,barabasi_albert_10ins_m20,44,SpecAnn-cold,0.4860251767562508,1.0,-16187242.999999998,0.0122382640838623,0,True,64,33,False,30,32,2025-11-16 06:40:09
ba_65536_1_5.txt,barabasi_albert_10ins_m20,44,SpecAnn-cold,0.4940591950252281,1.0,-16174309.000000002,0.0123941898345947,0,True,64,33,False,31,32,2025-11-16 06:40:09
ba_65536_1_5.txt,barabasi_albert_10ins_m20,44,SpecAnn-cold,0.5019646441105269,1.0,-16177224.999999998,0.0122528076171875,0,True,64,33,False,32,32,2025-11-16 06:40:09
ba_65536_1_5.txt,barabasi_albert_10ins_m20,44,SpecAnn-cold,0.5097475058154177,1.0,-16206647.000000004,0.012312889099121,0,True,64,33,False,33,32,2025-11-16 06:40:09
ba_65536_1_5.txt,barabasi_albert_10ins_m20,44,SpecAnn-cold,0.51741331199832,1.0,-16198123.000000002,0.0122404098510742,0,True,64,33,False,34,32,2025-11-16 06:40:09
ba_65536_1_5.txt,barabasi_albert_10ins_m20,44,SpecAnn-cold,0.5249671905758515,1.0,-16209737.0,0.0123100280761718,0,True,64,33,False,35,32,2025-11-16 06:40:09
ba_65536_1_5.txt,barabasi_albert_10ins_m20,44,SpecAnn-cold,0.5324139056496683,1.0,-16204597.0,0.0122735500335693,0,True,64,33,False,36,32,2025-11-16 06:40:09
ba_65536_1_5.txt,barabasi_albert_10ins_m20,44,SpecAnn-cold,0.5397578926492556,1.0,-16199923.0,0.0122978687286376,0,True,64,33,False,37,32,2025-11-16 06:40:09
ba_65536_1_5.txt,barabasi_albert_10ins_m20,44,SpecAnn-cold,0.5470032892270364,1.0,-16223009.0,0.012366771697998,0,True,64,33,False,38,32,2025-11-16 06:40:09
ba_65536_1_5.txt,barabasi_albert_10ins_m20,44,SpecAnn-cold,0.554153962516942,1.0,-16210189.000000004,0.012239933013916,0,True,64,33,False,39,32,2025-11-16 06:40:09
ba_65536_1_5.txt,barabasi_albert_10ins_m20,44,SpecAnn-cold,0.5612135332663137,1.0,-16188473.000000002,0.012225866317749,0,True,64,33,False,40,32,2025-11-16 06:40:09
ba_65536_1_5.txt,barabasi_albert_10ins_m20,44,SpecAnn-cold,0.5681853972686127,1.0,-16159008.999999998,0.012284517288208,0,True,64,33,False,41,32,2025-11-16 06:40:09
ba_65536_1_5.txt,barabasi_albert_10ins_m20,44,SpecAnn-cold,0.5750727444570146,1.0,-16203761.0,0.0124292373657226,0,True,64,33,False,42,32,2025-11-16 06:40:09
ba_65536_1_5.txt,barabasi_albert_10ins_m20,44,SpecAnn-cold,0.5818785759635375,1.0,-16174429.0,0.0125563144683837,0,True,64,33,False,43,32,2025-11-16 06:40:09
ba_65536_1_5.txt,barabasi_albert_10ins_m20,44,SpecAnn-cold,0.5886057194025436,1.0,-16178775.000000004,0.0124728679656982,0,True,64,33,False,44,32,2025-11-16 06:40:09
ba_65536_1_5.txt,barabasi_albert_10ins_m20,44,SpecAnn-cold,0.5952568425994088,1.0,-16169423.000000004,0.0124797821044921,0,True,64,33,False,45,32,2025-11-16 06:40:09
ba_65536_1_5.txt,barabasi_albert_10ins_m20,44,SpecAnn-cold,0.6018344659534288,1.0,-16143283.000000002,0.0124168395996093,0,True,64,33,False,46,32,2025-11-16 06:40:09
ba_65536_1_5.txt,barabasi_albert_10ins_m20,44,SpecAnn-cold,0.6083409735974393,1.0,-16186559.0,0.0123841762542724,0,True,64,33,False,47,32,2025-11-16 06:40:09
ba_65536_1_5.txt,barabasi_albert_10ins_m20,44,SpecAnn-cold,0.6147786234942719,1.0,-16141753.0,0.0123636722564697,0,True,64,33,False,48,32,2025-11-16 06:40:09
ba_65536_1_5.txt,barabasi_albert_10ins_m20,44,SpecAnn-cold,0.6211495565912796,1.0,-16222163.0,0.012624979019165,0,True,64,33,False,49,32,2025-11-16 06:40:09
ba_65536_1_5.txt,barabasi_albert_10ins_m20,44,SpecAnn-cold,0.6274558051381586,1.0,-16213615.000000004,0.012643814086914,0,True,64,33,False,50,32,2025-11-16 06:40:09
ba_65536_1_5.txt,barabasi_albert_10ins_m20,44,SpecAnn-cold,0.6336993002596786,1.0,-16213157.000000004,0.0126705169677734,0,True,64,33,False,51,32,2025-11-16 06:40:09
ba_65536_1_5.txt,barabasi_albert_10ins_m20,44,SpecAnn-cold,0.6398818788633085,1.0,-16161957.0,0.0123825073242187,0,True,64,33,False,52,32,2025-11-16 06:40:09
ba_65536_1_5.txt,barabasi_albert_10ins_m20,44,SpecAnn-cold,0.6460052899517691,1.0,-16168253.0,0.0123853683471679,0,True,64,33,False,53,32,2025-11-16 06:40:09
ba_65536_1_5.txt,barabasi_albert_10ins_m20,44,SpecAnn-cold,0.6520712004019966,1.0,-16166897.0,0.0124027729034423,0,True,64,33,False,54,32,2025-11-16 06:40:09
ba_65536_1_5.txt,barabasi_albert_10ins_m20,44,SpecAnn-cold,0.6580812002646271,1.0,-16170805.0,0.0126636028289794,0,True,64,33,False,55,32,2025-11-16 06:40:09
ba_65536_1_5.txt,barabasi_albert_10ins_m20,44,SpecAnn-cold,0.6640368076317485,1.0,-16179417.000000002,0.0126020908355712,0,True,64,33,False,56,32,2025-11-16 06:40:09
ba_65536_1_5.txt,barabasi_albert_10ins_m20,44,SpecAnn-cold,0.6699394731151429,1.0,-16137075.000000002,0.0126576423645019,0,True,64,33,False,57,32,2025-11-16 06:40:09
ba_65536_1_5.txt,barabasi_albert_10ins_m20,44,SpecAnn-cold,0.6757905839724513,1.0,-16166519.0,0.0125651359558105,0,True,64,33,False,58,32,2025-11-16 06:40:09
ba_65536_1_5.txt,barabasi_albert_10ins_m20,44,SpecAnn-cold,0.6815914679145113,1.0,-16203379.0,0.0124824047088623,0,True,64,33,False,59,32,2025-11-16 06:40:09
ba_65536_1_5.txt,barabasi_albert_10ins_m20,44,SpecAnn-cold,0.6873433966234707,1.0,-16207021.0,0.0124149322509765,0,True,64,33,False,60,32,2025-11-16 06:40:09
ba_65536_1_5.txt,barabasi_albert_10ins_m20,44,SpecAnn-cold,0.6930475890080863,1.0,-16234599.0,0.0123589038848876,0,True,64,33,False,61,32,2025-11-16 06:40:09
ba_65536_1_5.txt,barabasi_albert_10ins_m20,44,SpecAnn-cold,0.6987052142198116,1.0,-16166325.000000004,0.0123543739318847,0,True,64,33,False,62,32,2025-11-16 06:40:09
ba_65536_1_5.txt,barabasi_albert_10ins_m20,44,SpecAnn-cold,0.7043173944508145,1.0,-16253175.0,0.0123717784881591,0,True,64,33,False,63,32,2025-11-16 06:40:09
ba_65536_1_5.txt,barabasi_albert_10ins_m20,44,SpecAnn-cold,0.709885207532891,1.0,-16212485.0,0.0123529434204101,0,True,64,33,False,64,32,2025-11-16 06:40:09
ba_65536_1_5.txt,barabasi_albert_10ins_m20,44,SpecAnn-cold,0.7154096893543218,1.0,-16229845.000000002,0.0123894214630126,0,True,64,33,False,65,32,2025-11-16 06:40:09
ba_65536_1_5.txt,barabasi_albert_10ins_m20,44,SpecAnn-cold,0.7208918361100219,1.0,-16256097.000000002,0.0123805999755859,0,True,64,33,False,66,32,2025-11-16 06:40:09
ba_65536_1_5.txt,barabasi_albert_10ins_m20,44,SpecAnn-cold,0.7263326063988248,1.0,-16239607.000000002,0.0124356746673583,0,True,64,33,False,67,32,2025-11-16 06:40:09
ba_65536_1_5.txt,barabasi_albert_10ins_m20,44,SpecAnn-cold,0.7317329231804058,1.0,-16194617.000000004,0.0123870372772216,0,True,64,33,False,68,32,2025-11-16 06:40:09
ba_65536_1_5.txt,barabasi_albert_10ins_m20,44,SpecAnn-cold,0.7370936756031579,1.0,-16218081.000000002,0.0124201774597167,0,True,64,33,False,69,32,2025-11-16 06:40:09
ba_65536_1_5.txt,barabasi_albert_10ins_m20,44,SpecAnn-cold,0.7424157207132704,1.0,-16218668.999999996,0.0126619338989257,0,True,64,33,False,70,32,2025-11-16 06:40:09
ba_65536_1_5.txt,barabasi_albert_10ins_m20,44,SpecAnn-cold,0.7476998850543153,1.0,-16229415.0,0.0127081871032714,0,True,64,33,False,71,32,2025-11-16 06:40:09
ba_65536_1_5.txt,barabasi_albert_10ins_m20,44,SpecAnn-cold,0.7529469661657903,1.0,-16245783.0,0.0126535892486572,0,True,64,33,False,72,32,2025-11-16 06:40:09
ba_65536_1_5.txt,barabasi_albert_10ins_m20,44,SpecAnn-cold,0.7581577339883167,1.0,-16206245.000000002,0.0125870704650878,0,True,64,33,False,73,32,2025-11-16 06:40:09
ba_65536_1_5.txt,barabasi_albert_10ins_m20,44,SpecAnn-cold,0.7633329321824984,1.0,-16218613.0,0.0123670101165771,0,True,64,33,False,74,32,2025-11-16 06:40:09
ba_65536_1_5.txt,barabasi_albert_10ins_m20,44,SpecAnn-cold,0.7684732793678399,1.0,-16245275.000000002,0.0123984813690185,0,True,64,33,False,75,32,2025-11-16 06:40:09
ba_65536_1_5.txt,barabasi_albert_10ins_m20,44,SpecAnn-cold,0.7735794702875677,1.0,-16251164.999999998,0.0124280452728271,0,True,64,33,False,76,32,2025-11-16 06:40:09
ba_65536_1_5.txt,barabasi_albert_10ins_m20,44,SpecAnn-cold,0.7786521769046981,1.0,-16254790.999999998,0.0124056339263916,0,True,64,33,False,77,32,2025-11-16 06:40:09
ba_65536_1_5.txt,barabasi_albert_10ins_m20,44,SpecAnn-cold,0.7836920494342511,1.0,-16253555.000000002,0.0124101638793945,0,True,64,33,False,78,32,2025-11-16 06:40:09
ba_65536_1_5.txt,barabasi_albert_10ins_m20,44,SpecAnn-cold,0.788699717316095,1.0,-16266823.0,0.0124573707580566,0,True,64,33,False,79,32,2025-11-16 06:40:09
ba_65536_1_5.txt,barabasi_albert_10ins_m20,44,SpecAnn-cold,0.7936757901325451,1.0,-16211443.000000002,0.0124146938323974,0,True,64,33,False,80,32,2025-11-16 06:40:09
ba_65536_1_5.txt,barabasi_albert_10ins_m20,44,SpecAnn-cold,0.7986208584745024,1.0,-16251521.000000002,0.012453556060791,0,True,64,33,False,81,32,2025-11-16 06:40:09
ba_65536_1_5.txt,barabasi_albert_10ins_m20,44,SpecAnn-cold,0.803535494759617,1.0,-16220073.000000002,0.0123815536499023,0,True,64,33,False,82,32,2025-11-16 06:40:09
ba_65536_1_5.txt,barabasi_albert_10ins_m20,44,SpecAnn-cold,0.8084202540056837,1.0,-16242555.000000002,0.0124611854553222,0,True,64,33,False,83,32,2025-11-16 06:40:09
ba_65536_1_5.txt,barabasi_albert_10ins_m20,44,SpecAnn-cold,0.8132756745622272,1.0,-16242027.000000002,0.0124149322509765,0,True,64,33,False,84,32,2025-11-16 06:40:09
ba_65536_1_5.txt,barabasi_albert_10ins_m20,44,SpecAnn-cold,0.8181022788030096,1.0,-16252845.000000002,0.0124335289001464,0,True,64,33,False,85,32,2025-11-16 06:40:09
ba_65536_1_5.txt,barabasi_albert_10ins_m20,44,SpecAnn-cold,0.822900573781978,1.0,-16232841.0,0.0124368667602539,0,True,64,33,False,86,32,2025-11-16 06:40:09
ba_65536_1_5.txt,barabasi_albert_10ins_m20,44,SpecAnn-cold,0.8276710518549868,1.0,-16309272.999999998,0.0125000476837158,0,True,64,33,False,87,32,2025-11-16 06:40:09
ba_65536_1_5.txt,barabasi_albert_10ins_m20,44,SpecAnn-cold,0.8324141912694495,1.0,-16325423.0,0.0124228000640869,0,True,64,33,False,88,32,2025-11-16 06:40:09
ba_65536_1_5.txt,barabasi_albert_10ins_m20,44,SpecAnn-cold,0.8371304567239225,1.0,-16339037.000000002,0.0124967098236083,0,True,64,33,False,89,32,2025-11-16 06:40:09
ba_65536_1_5.txt,barabasi_albert_10ins_m20,44,SpecAnn-cold,0.8418202998994706,1.0,-16290255.000000002,0.0123372077941894,0,True,64,33,False,90,32,2025-11-16 06:40:09
ba_65536_1_5.txt,barabasi_albert_10ins_m20,44,SpecAnn-cold,0.846484159964536,1.0,-16308681.0,0.012427806854248,0,True,64,33,False,91,32,2025-11-16 06:40:09
ba_65536_1_5.txt,barabasi_albert_10ins_m20,44,SpecAnn-cold,0.8511224640549078,1.0,-16300529.0,0.0124022960662841,0,True,64,33,False,92,32,2025-11-16 06:40:09
ba_65536_1_5.txt,barabasi_albert_10ins_m20,44,SpecAnn-cold,0.8557356277302758,1.0,-16312835.0,0.0124051570892333,0,True,64,33,False,93,32,2025-11-16 06:40:09
ba_65536_1_5.txt,barabasi_albert_10ins_m20,44,SpecAnn-cold,0.8603240554087516,1.0,-16312711.0,0.0123448371887207,0,True,64,33,False,94,32,2025-11-16 06:40:09
ba_65536_1_5.txt,barabasi_albert_10ins_m20,44,SpecAnn-cold,0.86488814078064,1.0,-16321395.0,0.023712158203125,0,True,64,65,False,95,32,2025-11-16 06:40:10
ba_65536_1_5.txt,barabasi_albert_10ins_m20,44,SpecAnn-cold,0.8694282672026621,1.0,-16346261.0,0.0236530303955078,0,True,64,65,False,96,32,2025-11-16 06:40:10
ba_65536_1_5.txt,barabasi_albert_10ins_m20,44,SpecAnn-cold,0.8739448080737451,1.0,-16343887.000000002,0.0236937999725341,0,True,64,65,False,97,32,2025-11-16 06:40:10
ba_65536_1_5.txt,barabasi_albert_10ins_m20,44,SpecAnn-cold,0.878438127193422,1.0,-16374271.000000002,0.0235960483551025,0,True,64,65,False,98,32,2025-11-16 06:40:10
ba_65536_1_5.txt,barabasi_albert_10ins_m20,44,SpecAnn-cold,0.8829085791038153,1.0,-16391391.0,0.023834228515625,0,True,64,65,False,99,32,2025-11-16 06:40:10
ba_65536_1_5.txt,barabasi_albert_10ins_m20,44,SpecAnn-cold,0.8873565094161138,1.0,-16418963.0,0.0237360000610351,0,True,64,65,False,100,32,2025-11-16 06:40:10
ba_65536_1_5.txt,barabasi_albert_10ins_m20,44,SpecAnn-cold,0.8917822551223932,1.0,-16419555.000000004,0.0236859321594238,0,True,64,65,False,101,32,2025-11-16 06:40:10
ba_65536_1_5.txt,barabasi_albert_10ins_m20,44,SpecAnn-cold,0.8961861448935777,1.0,-16435075.000000002,0.0235819816589355,0,True,64,65,False,102,32,2025-11-16 06:40:10
ba_65536_1_5.txt,barabasi_albert_10ins_m20,44,SpecAnn-cold,0.9005684993642872,1.0,-16465277.0,0.0235571861267089,0,True,64,65,False,103,32,2025-11-16 06:40:10
ba_65536_1_5.txt,barabasi_albert_10ins_m20,44,SpecAnn-cold,0.9049296314052688,1.0,-16438967.0,0.0235633850097656,0,True,64,65,False,104,32,2025-11-16 06:40:10
ba_65536_1_5.txt,barabasi_albert_10ins_m20,44,SpecAnn-cold,0.9092698463840684,1.0,-16438119.0,0.0235693454742431,0,True,64,65,False,105,32,2025-11-16 06:40:10
ba_65536_1_5.txt,barabasi_albert_10ins_m20,44,SpecAnn-cold,0.9135894424145556,1.0,-16477669.000000002,0.0349366664886474,0,True,64,97,False,106,32,2025-11-16 06:40:10
ba_65536_1_5.txt,barabasi_albert_10ins_m20,44,SpecAnn-cold,0.9178887105958816,1.0,-16530126.999999996,0.0351068973541259,0,True,64,97,False,107,32,2025-11-16 06:40:10
ba_65536_1_5.txt,barabasi_albert_10ins_m20,44,SpecAnn-cold,0.922167935241408,1.0,-16544093.000000002,0.0351173877716064,0,True,64,97,False,108,32,2025-11-16 06:40:10
ba_65536_1_5.txt,barabasi_albert_10ins_m20,44,SpecAnn-cold,0.92642739409812,1.0,-16559843.0,0.0463483333587646,0,True,64,129,False,109,32,2025-11-16 06:40:10
ba_65536_1_5.txt,barabasi_albert_10ins_m20,44,SpecAnn-cold,0.9306673585570006,1.0,-16592885.000000002,0.0353531837463378,0,True,64,97,False,110,32,2025-11-16 06:40:10
ba_65536_1_5.txt,barabasi_albert_10ins_m20,44,SpecAnn-cold,0.9348880938548184,1.0,-16635721.0,0.0471158027648925,0,True,64,129,False,111,32,2025-11-16 06:40:10
ba_65536_1_5.txt,barabasi_albert_10ins_m20,44,SpecAnn-cold,0.9390898592677528,1.0,-16616735.0,0.0586228370666503,0,True,64,161,False,112,32,2025-11-16 06:40:10
ba_65536_1_5.txt,barabasi_albert_10ins_m20,44,SpecAnn-cold,0.9432729082972536,1.0,-16661581.000000002,0.0690290927886962,0,True,64,193,False,113,32,2025-11-16 06:40:10
ba_65536_1_5.txt,barabasi_albert_10ins_m20,44,SpecAnn-cold,0.9474374888485204,1.0,-16688073.000000002,0.0922112464904785,0,True,64,257,False,114,32,2025-11-16 06:40:10
ba_65536_1_5.txt,barabasi_albert_10ins_m20,44,SpecAnn-cold,0.9515838434019476,1.0,-16606473.000000002,0.1034348011016845,0,True,64,289,False,115,32,2025-11-16 06:40:10
ba_65536_1_5.txt,barabasi_albert_10ins_m20,44,SpecAnn-cold,0.9557122091778746,1.0,-16554965.000000002,0.1142661571502685,0,True,64,321,False,116,32,2025-11-16 06:40:10
ba_65536_1_5.txt,barabasi_albert_10ins_m20,44,SpecAnn-cold,0.9598228182949629,1.0,-16568687.000000002,0.0804147720336914,0,True,64,225,False,117,32,2025-11-16 06:40:10
ba_65536_1_5.txt,barabasi_albert_10ins_m20,44,SpecAnn-cold,0.963915897922488,1.0,-16546316.999999998,0.1146032810211181,0,True,64,321,False,118,32,2025-11-16 06:40:11
ba_65536_1_5.txt,barabasi_albert_10ins_m20,44,SpecAnn-cold,0.967991670426842,1.0,-16572492.999999998,0.1249604225158691,0,True,64,353,False,119,32,2025-11-16 06:40:11
ba_65536_1_5.txt,barabasi_albert_10ins_m20,44,SpecAnn-cold,0.9720503535125016,1.0,-16553591.000000002,0.0913479328155517,0,True,64,257,False,120,32,2025-11-16 06:40:11
ba_65536_1_5.txt,barabasi_albert_10ins_m20,44,SpecAnn-cold,0.9760921603577252,1.0,-16555641.000000002,0.1372859477996826,0,True,64,385,False,121,32,2025-11-16 06:40:11
ba_65536_1_5.txt,barabasi_albert_10ins_m20,44,SpecAnn-cold,0.9801172997452104,1.0,-16556497.0,0.1142117977142334,0,True,64,321,False,122,32,2025-11-16 06:40:11
ba_65536_1_5.txt,barabasi_albert_10ins_m20,44,SpecAnn-cold,0.9841259761879442,1.0,-16563139.0,0.1138308048248291,0,True,64,321,False,123,32,2025-11-16 06:40:11
ba_65536_1_5.txt,barabasi_albert_10ins_m20,44,SpecAnn-cold,0.9881183900504562,1.0,-16573894.999999998,0.1028604507446289,0,True,64,289,False,124,32,2025-11-16 06:40:11
ba_65536_1_5.txt,barabasi_albert_10ins_m20,44,SpecAnn-cold,0.9920947376656812,1.0,-16551779.0,0.113340139389038,0,True,64,321,False,125,32,2025-11-16 06:40:11
ba_65536_1_5.txt,barabasi_albert_10ins_m20,44,SpecAnn-cold,0.9960552114476228,1.0,-16540081.000000002,0.1133174896240234,0,True,64,321,False,126,32,2025-11-16 06:40:12
ba_65536_1_5.txt,barabasi_albert_10ins_m20,44,SpecAnn-cold,1.0,1.0,-16534567.000000004,0.1247227191925048,0,True,64,353,False,127,32,2025-11-16 06:40:12
ba_65536_1_5.txt,barabasi_albert_10ins_m20,45,SpecAnn-cold,0.0,1.0,-16205295.0,0.0143091678619384,0,True,65,33,False,0,32,2025-11-16 06:40:12
ba_65536_1_5.txt,barabasi_albert_10ins_m20,45,SpecAnn-cold,0.0887356509416113,1.0,-16189255.0,0.0125379562377929,0,True,65,33,False,1,32,2025-11-16 06:40:12
ba_65536_1_5.txt,barabasi_albert_10ins_m20,45,SpecAnn-cold,0.1254911610276317,1.0,-16144595.000000002,0.012660264968872,0,True,65,33,False,2,32,2025-11-16 06:40:12
ba_65536_1_5.txt,barabasi_albert_10ins_m20,45,SpecAnn-cold,0.1536946558735679,1.0,-16169945.000000002,0.0124151706695556,0,True,65,33,False,3,32,2025-11-16 06:40:12
ba_65536_1_5.txt,barabasi_albert_10ins_m20,45,SpecAnn-cold,0.1774713018832227,1.0,-16188999.0,0.0123834609985351,0,True,65,33,False,4,32,2025-11-16 06:40:12
ba_65536_1_5.txt,barabasi_albert_10ins_m20,45,SpecAnn-cold,0.1984189475331362,1.0,-16223197.0,0.0125956535339355,0,True,65,33,False,5,32,2025-11-16 06:40:12
ba_65536_1_5.txt,barabasi_albert_10ins_m20,45,SpecAnn-cold,0.2173570668006655,1.0,-16194027.0,0.0125904083251953,0,True,65,33,False,6,32,2025-11-16 06:40:12
ba_65536_1_5.txt,barabasi_albert_10ins_m20,45,SpecAnn-cold,0.2347724648169381,1.0,-16128979.000000002,0.0125625133514404,0,True,65,33,False,7,32,2025-11-16 06:40:12
ba_65536_1_5.txt,barabasi_albert_10ins_m20,45,SpecAnn-cold,0.2509823220552634,1.0,-16154776.999999998,0.0125572681427001,0,True,65,33,False,8,32,2025-11-16 06:40:12
ba_65536_1_5.txt,barabasi_albert_10ins_m20,45,SpecAnn-cold,0.2662069528248341,1.0,-16184589.000000004,0.012502908706665,0,True,65,33,False,9,32,2025-11-16 06:40:12
ba_65536_1_5.txt,barabasi_albert_10ins_m20,45,SpecAnn-cold,0.2806067666331568,1.0,-16165023.000000004,0.0123054981231689,0,True,65,33,False,10,32,2025-11-16 06:40:12
ba_65536_1_5.txt,barabasi_albert_10ins_m20,45,SpecAnn-cold,0.2943028597012718,1.0,-16138797.000000002,0.0122957229614257,0,True,65,33,False,11,32,2025-11-16 06:40:12
ba_65536_1_5.txt,barabasi_albert_10ins_m20,45,SpecAnn-cold,0.3073893117471359,1.0,-16172007.0,0.0122461318969726,0,True,65,33,False,12,32,2025-11-16 06:40:12
ba_65536_1_5.txt,barabasi_albert_10ins_m20,45,SpecAnn-cold,0.3199409394316542,1.0,-16146395.000000004,0.0122830867767333,0,True,65,33,False,13,32,2025-11-16 06:40:12
ba_65536_1_5.txt,barabasi_albert_10ins_m20,45,SpecAnn-cold,0.3320184038158743,1.0,-16176677.0,0.012326955795288,0,True,65,33,False,14,32,2025-11-16 06:40:12
ba_65536_1_5.txt,barabasi_albert_10ins_m20,45,SpecAnn-cold,0.3436716983117353,1.0,-16188865.0,0.0123369693756103,0,True,65,33,False,15,32,2025-11-16 06:40:12
ba_65536_1_5.txt,barabasi_albert_10ins_m20,45,SpecAnn-cold,0.3549426037664455,1.0,-16183151.000000002,0.0123248100280761,0,True,65,33,False,16,32,2025-11-16 06:40:12
ba_65536_1_5.txt,barabasi_albert_10ins_m20,45,SpecAnn-cold,0.3658664615902029,1.0,-16190040.999999998,0.0122325420379638,0,True,65,33,False,17,32,2025-11-16 06:40:12
ba_65536_1_5.txt,barabasi_albert_10ins_m20,45,SpecAnn-cold,0.3764734830828951,1.0,-16193111.000000002,0.0123553276062011,0,True,65,33,False,18,32,2025-11-16 06:40:12
ba_65536_1_5.txt,barabasi_albert_10ins_m20,45,SpecAnn-cold,0.3867897351437838,1.0,-16193472.999999998,0.0123243331909179,0,True,65,33,False,19,32,2025-11-16 06:40:12
ba_65536_1_5.txt,barabasi_albert_10ins_m20,45,SpecAnn-cold,0.3968378950662725,1.0,-16177695.000000002,0.0123016834259033,0,True,65,33,False,20,32,2025-11-16 06:40:12
ba_65536_1_5.txt,barabasi_albert_10ins_m20,45,SpecAnn-cold,0.4066378372811136,1.0,-16171119.000000004,0.0122632980346679,0,True,65,33,False,21,32,2025-11-16 06:40:12
ba_65536_1_5.txt,barabasi_albert_10ins_m20,45,SpecAnn-cold,0.4162070956347247,1.0,-16171377.0,0.0122954845428466,0,True,65,33,False,22,32,2025-11-16 06:40:12
ba_65536_1_5.txt,barabasi_albert_10ins_m20,45,SpecAnn-cold,0.4255612320274539,1.0,-16173596.999999998,0.0123143196105957,0,True,65,33,False,23,32,2025-11-16 06:40:12
ba_65536_1_5.txt,barabasi_albert_10ins_m20,45,SpecAnn-cold,0.434714133601331,1.0,-16154417.0,0.0123217105865478,0,True,65,33,False,24,32,2025-11-16 06:40:12
ba_65536_1_5.txt,barabasi_albert_10ins_m20,45,SpecAnn-cold,0.4436782547080569,1.0,-16165233.0,0.012315034866333,0,True,65,33,False,25,32,2025-11-16 06:40:12
ba_65536_1_5.txt,barabasi_albert_10ins_m20,45,SpecAnn-cold,0.4524648157026343,1.0,-16181758.999999998,0.0123116970062255,0,True,65,33,False,26,32,2025-11-16 06:40:12
ba_65536_1_5.txt,barabasi_albert_10ins_m20,45,SpecAnn-cold,0.4610839676207039,1.0,-16180027.000000002,0.012449026107788,0,True,65,33,False,27,32,2025-11-16 06:40:12
ba_65536_1_5.txt,barabasi_albert_10ins_m20,45,SpecAnn-cold,0.4695449296338763,1.0,-16148187.0,0.0122926235198974,0,True,65,33,False,28,32,2025-11-16 06:40:12
ba_65536_1_5.txt,barabasi_albert_10ins_m20,45,SpecAnn-cold,0.4778561045889373,1.0,-16159673.000000002,0.0123772621154785,0,True,65,33,False,29,32,2025-11-16 06:40:12
ba_65536_1_5.txt,barabasi_albert_10ins_m20,45,SpecAnn-cold,0.4860251767562508,1.0,-16237497.0,0.0123858451843261,0,True,65,33,False,30,32,2025-11-16 06:40:12
ba_65536_1_5.txt,barabasi_albert_10ins_m20,45,SpecAnn-cold,0.4940591950252281,1.0,-16178815.0,0.0123729705810546,0,True,65,33,False,31,32,2025-11-16 06:40:13
ba_65536_1_5.txt,barabasi_albert_10ins_m20,45,SpecAnn-cold,0.5019646441105269,1.0,-16181959.000000002,0.0123138427734375,0,True,65,33,False,32,32,2025-11-16 06:40:13
ba_65536_1_5.txt,barabasi_albert_10ins_m20,45,SpecAnn-cold,0.5097475058154177,1.0,-16155225.000000002,0.0122487545013427,0,True,65,33,False,33,32,2025-11-16 06:40:13
ba_65536_1_5.txt,barabasi_albert_10ins_m20,45,SpecAnn-cold,0.51741331199832,1.0,-16192097.000000004,0.012223482131958,0,True,65,33,False,34,32,2025-11-16 06:40:13
ba_65536_1_5.txt,barabasi_albert_10ins_m20,45,SpecAnn-cold,0.5249671905758515,1.0,-16165363.000000004,0.0123531818389892,0,True,65,33,False,35,32,2025-11-16 06:40:13
ba_65536_1_5.txt,barabasi_albert_10ins_m20,45,SpecAnn-cold,0.5324139056496683,1.0,-16171153.0,0.0122191905975341,0,True,65,33,False,36,32,2025-11-16 06:40:13
ba_65536_1_5.txt,barabasi_albert_10ins_m20,45,SpecAnn-cold,0.5397578926492556,1.0,-16168613.000000002,0.012294054031372,0,True,65,33,False,37,32,2025-11-16 06:40:13
ba_65536_1_5.txt,barabasi_albert_10ins_m20,45,SpecAnn-cold,0.5470032892270364,1.0,-16197293.000000002,0.0122506618499755,0,True,65,33,False,38,32,2025-11-16 06:40:13
ba_65536_1_5.txt,barabasi_albert_10ins_m20,45,SpecAnn-cold,0.554153962516942,1.0,-16172755.0,0.0123155117034912,0,True,65,33,False,39,32,2025-11-16 06:40:13
ba_65536_1_5.txt,barabasi_albert_10ins_m20,45,SpecAnn-cold,0.5612135332663137,1.0,-16164363.0,0.0122895240783691,0,True,65,33,False,40,32,2025-11-16 06:40:13
ba_65536_1_5.txt,barabasi_albert_10ins_m20,45,SpecAnn-cold,0.5681853972686127,1.0,-16189253.000000004,0.0122139453887939,0,True,65,33,False,41,32,2025-11-16 06:40:13
ba_65536_1_5.txt,barabasi_albert_10ins_m20,45,SpecAnn-cold,0.5750727444570146,1.0,-16167961.0,0.0122115612030029,0,True,65,33,False,42,32,2025-11-16 06:40:13
ba_65536_1_5.txt,barabasi_albert_10ins_m20,45,SpecAnn-cold,0.5818785759635375,1.0,-16172591.000000002,0.0123205184936523,0,True,65,33,False,43,32,2025-11-16 06:40:13
ba_65536_1_5.txt,barabasi_albert_10ins_m20,45,SpecAnn-cold,0.5886057194025436,1.0,-16160445.000000002,0.0121755599975585,0,True,65,33,False,44,32,2025-11-16 06:40:13
ba_65536_1_5.txt,barabasi_albert_10ins_m20,45,SpecAnn-cold,0.5952568425994088,1.0,-16156525.0,0.0123047828674316,0,True,65,33,False,45,32,2025-11-16 06:40:13
ba_65536_1_5.txt,barabasi_albert_10ins_m20,45,SpecAnn-cold,0.6018344659534288,1.0,-16203253.000000002,0.0122554302215576,0,True,65,33,False,46,32,2025-11-16 06:40:13
ba_65536_1_5.txt,barabasi_albert_10ins_m20,45,SpecAnn-cold,0.6083409735974393,1.0,-16200111.000000004,0.0123155117034912,0,True,65,33,False,47,32,2025-11-16 06:40:13
ba_65536_1_5.txt,barabasi_albert_10ins_m20,45,SpecAnn-cold,0.6147786234942719,1.0,-16204979.0,0.0122947692871093,0,True,65,33,False,48,32,2025-11-16 06:40:13
ba_65536_1_5.txt,barabasi_albert_10ins_m20,45,SpecAnn-cold,0.6211495565912796,1.0,-16228649.0,0.0122866630554199,0,True,65,33,False,49,32,2025-11-16 06:40:13
ba_65536_1_5.txt,barabasi_albert_10ins_m20,45,SpecAnn-cold,0.6274558051381586,1.0,-16169301.000000004,0.0123014450073242,0,True,65,33,False,50,32,2025-11-16 06:40:13
ba_65536_1_5.txt,barabasi_albert_10ins_m20,45,SpecAnn-cold,0.6336993002596786,1.0,-16158847.0,0.012355089187622,0,True,65,33,False,51,32,2025-11-16 06:40:13
ba_65536_1_5.txt,barabasi_albert_10ins_m20,45,SpecAnn-cold,0.6398818788633085,1.0,-16175773.0,0.0122497081756591,0,True,65,33,False,52,32,2025-11-16 06:40:13
ba_65536_1_5.txt,barabasi_albert_10ins_m20,45,SpecAnn-cold,0.6460052899517691,1.0,-16168097.000000002,0.0123572349548339,0,True,65,33,False,53,32,2025-11-16 06:40:13
ba_65536_1_5.txt,barabasi_albert_10ins_m20,45,SpecAnn-cold,0.6520712004019966,1.0,-16174809.0,0.0122697353363037,0,True,65,33,False,54,32,2025-11-16 06:40:13
ba_65536_1_5.txt,barabasi_albert_10ins_m20,45,SpecAnn-cold,0.6580812002646271,1.0,-16251665.0,0.0123136043548583,0,True,65,33,False,55,32,2025-11-16 06:40:13
ba_65536_1_5.txt,barabasi_albert_10ins_m20,45,SpecAnn-cold,0.6640368076317485,1.0,-16190281.000000002,0.0122523307800292,0,True,65,33,False,56,32,2025-11-16 06:40:13
ba_65536_1_5.txt,barabasi_albert_10ins_m20,45,SpecAnn-cold,0.6699394731151429,1.0,-16191417.0,0.0122668743133544,0,True,65,33,False,57,32,2025-11-16 06:40:13
ba_65536_1_5.txt,barabasi_albert_10ins_m20,45,SpecAnn-cold,0.6757905839724513,1.0,-16191892.999999998,0.0122988224029541,0,True,65,33,False,58,32,2025-11-16 06:40:13
ba_65536_1_5.txt,barabasi_albert_10ins_m20,45,SpecAnn-cold,0.6815914679145113,1.0,-16175987.0,0.0123665332794189,0,True,65,33,False,59,32,2025-11-16 06:40:13
ba_65536_1_5.txt,barabasi_albert_10ins_m20,45,SpecAnn-cold,0.6873433966234707,1.0,-16206525.0,0.0125379562377929,0,True,65,33,False,60,32,2025-11-16 06:40:13
ba_65536_1_5.txt,barabasi_albert_10ins_m20,45,SpecAnn-cold,0.6930475890080863,1.0,-16229695.0,0.0125105381011962,0,True,65,33,False,61,32,2025-11-16 06:40:13
ba_65536_1_5.txt,barabasi_albert_10ins_m20,45,SpecAnn-cold,0.6987052142198116,1.0,-16237108.999999998,0.0124950408935546,0,True,65,33,False,62,32,2025-11-16 06:40:13
ba_65536_1_5.txt,barabasi_albert_10ins_m20,45,SpecAnn-cold,0.7043173944508145,1.0,-16223059.000000002,0.0125017166137695,0,True,65,33,False,63,32,2025-11-16 06:40:13
ba_65536_1_5.txt,barabasi_albert_10ins_m20,45,SpecAnn-cold,0.709885207532891,1.0,-16225287.0,0.0125515460968017,0,True,65,33,False,64,32,2025-11-16 06:40:13
ba_65536_1_5.txt,barabasi_albert_10ins_m20,45,SpecAnn-cold,0.7154096893543218,1.0,-16199457.000000002,0.0125401020050048,0,True,65,33,False,65,32,2025-11-16 06:40:13
ba_65536_1_5.txt,barabasi_albert_10ins_m20,45,SpecAnn-cold,0.7208918361100219,1.0,-16208129.0,0.0122544765472412,0,True,65,33,False,66,32,2025-11-16 06:40:13
ba_65536_1_5.txt,barabasi_albert_10ins_m20,45,SpecAnn-cold,0.7263326063988248,1.0,-16188707.000000002,0.0124568939208984,0,True,65,33,False,67,32,2025-11-16 06:40:13
ba_65536_1_5.txt,barabasi_albert_10ins_m20,45,SpecAnn-cold,0.7317329231804058,1.0,-16211997.0,0.0124833583831787,0,True,65,33,False,68,32,2025-11-16 06:40:13
ba_65536_1_5.txt,barabasi_albert_10ins_m20,45,SpecAnn-cold,0.7370936756031579,1.0,-16200799.0,0.0124475955963134,0,True,65,33,False,69,32,2025-11-16 06:40:13
ba_65536_1_5.txt,barabasi_albert_10ins_m20,45,SpecAnn-cold,0.7424157207132704,1.0,-16205437.000000002,0.0124633312225341,0,True,65,33,False,70,32,2025-11-16 06:40:13
ba_65536_1_5.txt,barabasi_albert_10ins_m20,45,SpecAnn-cold,0.7476998850543153,1.0,-16218297.0,0.0122935771942138,0,True,65,33,False,71,32,2025-11-16 06:40:13
ba_65536_1_5.txt,barabasi_albert_10ins_m20,45,SpecAnn-cold,0.7529469661657903,1.0,-16233405.000000002,0.0123062133789062,0,True,65,33,False,72,32,2025-11-16 06:40:13
ba_65536_1_5.txt,barabasi_albert_10ins_m20,45,SpecAnn-cold,0.7581577339883167,1.0,-16210713.0,0.0124201774597167,0,True,65,33,False,73,32,2025-11-16 06:40:13
ba_65536_1_5.txt,barabasi_albert_10ins_m20,45,SpecAnn-cold,0.7633329321824984,1.0,-16208994.999999998,0.0124788284301757,0,True,65,33,False,74,32,2025-11-16 06:40:13
ba_65536_1_5.txt,barabasi_albert_10ins_m20,45,SpecAnn-cold,0.7684732793678399,1.0,-16223577.000000002,0.0125472545623779,0,True,65,33,False,75,32,2025-11-16 06:40:13
ba_65536_1_5.txt,barabasi_albert_10ins_m20,45,SpecAnn-cold,0.7735794702875677,1.0,-16252460.999999998,0.0123171806335449,0,True,65,33,False,76,32,2025-11-16 06:40:13
ba_65536_1_5.txt,barabasi_albert_10ins_m20,45,SpecAnn-cold,0.7786521769046981,1.0,-16224685.000000002,0.0123012065887451,0,True,65,33,False,77,32,2025-11-16 06:40:13
ba_65536_1_5.txt,barabasi_albert_10ins_m20,45,SpecAnn-cold,0.7836920494342511,1.0,-16250731.000000002,0.0122525691986083,0,True,65,33,False,78,32,2025-11-16 06:40:13
ba_65536_1_5.txt,barabasi_albert_10ins_m20,45,SpecAnn-cold,0.788699717316095,1.0,-16214059.0,0.0123488903045654,0,True,65,33,False,79,32,2025-11-16 06:40:13
ba_65536_1_5.txt,barabasi_albert_10ins_m20,45,SpecAnn-cold,0.7936757901325451,1.0,-16259005.000000002,0.0123538970947265,0,True,65,33,False,80,32,2025-11-16 06:40:13
ba_65536_1_5.txt,barabasi_albert_10ins_m20,45,SpecAnn-cold,0.7986208584745024,1.0,-16230317.000000002,0.0123176574707031,0,True,65,33,False,81,32,2025-11-16 06:40:13
ba_65536_1_5.txt,barabasi_albert_10ins_m20,45,SpecAnn-cold,0.803535494759617,1.0,-16238321.0,0.0123934745788574,0,True,65,33,False,82,32,2025-11-16 06:40:13
ba_65536_1_5.txt,barabasi_albert_10ins_m20,45,SpecAnn-cold,0.8084202540056837,1.0,-16224987.0,0.0124876499176025,0,True,65,33,False,83,32,2025-11-16 06:40:13
ba_65536_1_5.txt,barabasi_albert_10ins_m20,45,SpecAnn-cold,0.8132756745622272,1.0,-16238011.0,0.0123889446258544,0,True,65,33,False,84,32,2025-11-16 06:40:13
ba_65536_1_5.txt,barabasi_albert_10ins_m20,45,SpecAnn-cold,0.8181022788030096,1.0,-16258583.0,0.012585163116455,0,True,65,33,False,85,32,2025-11-16 06:40:13
ba_65536_1_5.txt,barabasi_albert_10ins_m20,45,SpecAnn-cold,0.822900573781978,1.0,-16267503.000000002,0.0127277374267578,0,True,65,33,False,86,32,2025-11-16 06:40:13
ba_65536_1_5.txt,barabasi_albert_10ins_m20,45,SpecAnn-cold,0.8276710518549868,1.0,-16260561.000000002,0.0127832889556884,0,True,65,33,False,87,32,2025-11-16 06:40:13
ba_65536_1_5.txt,barabasi_albert_10ins_m20,45,SpecAnn-cold,0.8324141912694495,1.0,-16314551.000000002,0.0126667022705078,0,True,65,33,False,88,32,2025-11-16 06:40:13
ba_65536_1_5.txt,barabasi_albert_10ins_m20,45,SpecAnn-cold,0.8371304567239225,1.0,-16299647.000000002,0.0124423503875732,0,True,65,33,False,89,32,2025-11-16 06:40:13
ba_65536_1_5.txt,barabasi_albert_10ins_m20,45,SpecAnn-cold,0.8418202998994706,1.0,-16284060.999999998,0.0123486518859863,0,True,65,33,False,90,32,2025-11-16 06:40:13
ba_65536_1_5.txt,barabasi_albert_10ins_m20,45,SpecAnn-cold,0.846484159964536,1.0,-16288015.000000002,0.0124990940093994,0,True,65,33,False,91,32,2025-11-16 06:40:13
ba_65536_1_5.txt,barabasi_albert_10ins_m20,45,SpecAnn-cold,0.8511224640549078,1.0,-16292188.999999998,0.0123140811920166,0,True,65,33,False,92,32,2025-11-16 06:40:13
ba_65536_1_5.txt,barabasi_albert_10ins_m20,45,SpecAnn-cold,0.8557356277302758,1.0,-16324377.0,0.0123617649078369,0,True,65,33,False,93,32,2025-11-16 06:40:13
ba_65536_1_5.txt,barabasi_albert_10ins_m20,45,SpecAnn-cold,0.8603240554087516,1.0,-16296928.999999998,0.0123260021209716,0,True,65,33,False,94,32,2025-11-16 06:40:13
ba_65536_1_5.txt,barabasi_albert_10ins_m20,45,SpecAnn-cold,0.86488814078064,1.0,-16288364.999999998,0.0235915184020996,0,True,65,65,False,95,32,2025-11-16 06:40:13
ba_65536_1_5.txt,barabasi_albert_10ins_m20,45,SpecAnn-cold,0.8694282672026621,1.0,-16327106.999999996,0.0235624313354492,0,True,65,65,False,96,32,2025-11-16 06:40:13
ba_65536_1_5.txt,barabasi_albert_10ins_m20,45,SpecAnn-cold,0.8739448080737451,1.0,-16331485.000000004,0.0236678123474121,0,True,65,65,False,97,32,2025-11-16 06:40:13
ba_65536_1_5.txt,barabasi_albert_10ins_m20,45,SpecAnn-cold,0.878438127193422,1.0,-16362125.0,0.023561954498291,0,True,65,65,False,98,32,2025-11-16 06:40:13
ba_65536_1_5.txt,barabasi_albert_10ins_m20,45,SpecAnn-cold,0.8829085791038153,1.0,-16394815.0,0.0235960483551025,0,True,65,65,False,99,32,2025-11-16 06:40:13
ba_65536_1_5.txt,barabasi_albert_10ins_m20,45,SpecAnn-cold,0.8873565094161138,1.0,-16393529.0,0.0235981941223144,0,True,65,65,False,100,32,2025-11-16 06:40:13
ba_65536_1_5.txt,barabasi_albert_10ins_m20,45,SpecAnn-cold,0.8917822551223932,1.0,-16394873.000000002,0.0236270427703857,0,True,65,65,False,101,32,2025-11-16 06:40:13
ba_65536_1_5.txt,barabasi_albert_10ins_m20,45,SpecAnn-cold,0.8961861448935777,1.0,-16436565.0,0.0234668254852294,0,True,65,65,False,102,32,2025-11-16 06:40:13
ba_65536_1_5.txt,barabasi_albert_10ins_m20,45,SpecAnn-cold,0.9005684993642872,1.0,-16435604.999999998,0.0235090255737304,0,True,65,65,False,103,32,2025-11-16 06:40:14
ba_65536_1_5.txt,barabasi_albert_10ins_m20,45,SpecAnn-cold,0.9049296314052688,1.0,-16455661.0,0.0233998298645019,0,True,65,65,False,104,32,2025-11-16 06:40:14
ba_65536_1_5.txt,barabasi_albert_10ins_m20,45,SpecAnn-cold,0.9092698463840684,1.0,-16462985.000000002,0.0234508514404296,0,True,65,65,False,105,32,2025-11-16 06:40:14
ba_65536_1_5.txt,barabasi_albert_10ins_m20,45,SpecAnn-cold,0.9135894424145556,1.0,-16480749.0,0.0236742496490478,0,True,65,65,False,106,32,2025-11-16 06:40:14
ba_65536_1_5.txt,barabasi_albert_10ins_m20,45,SpecAnn-cold,0.9178887105958816,1.0,-16512481.0,0.0238196849822998,0,True,65,65,False,107,32,2025-11-16 06:40:14
ba_65536_1_5.txt,barabasi_albert_10ins_m20,45,SpecAnn-cold,0.922167935241408,1.0,-16536141.0,0.0347611904144287,0,True,65,97,False,108,32,2025-11-16 06:40:14
ba_65536_1_5.txt,barabasi_albert_10ins_m20,45,SpecAnn-cold,0.92642739409812,1.0,-16554519.000000004,0.0347852706909179,0,True,65,97,False,109,32,2025-11-16 06:40:14
ba_65536_1_5.txt,barabasi_albert_10ins_m20,45,SpecAnn-cold,0.9306673585570006,1.0,-16602731.000000004,0.0461862087249755,0,True,65,129,False,110,32,2025-11-16 06:40:14
ba_65536_1_5.txt,barabasi_albert_10ins_m20,45,SpecAnn-cold,0.9348880938548184,1.0,-16622393.000000002,0.04646897315979,0,True,65,129,False,111,32,2025-11-16 06:40:14
ba_65536_1_5.txt,barabasi_albert_10ins_m20,45,SpecAnn-cold,0.9390898592677528,1.0,-16640191.0,0.0576770305633544,0,True,65,161,False,112,32,2025-11-16 06:40:14
ba_65536_1_5.txt,barabasi_albert_10ins_m20,45,SpecAnn-cold,0.9432729082972536,1.0,-16664715.0,0.0913693904876709,0,True,65,257,False,113,32,2025-11-16 06:40:14
ba_65536_1_5.txt,barabasi_albert_10ins_m20,45,SpecAnn-cold,0.9474374888485204,1.0,-16675977.000000006,0.1832661628723144,0,True,65,513,False,114,32,2025-11-16 06:40:14
ba_65536_1_5.txt,barabasi_albert_10ins_m20,45,SpecAnn-cold,0.9515838434019476,1.0,-16620353.0,0.0928597450256347,0,True,65,257,False,115,32,2025-11-16 06:40:14
ba_65536_1_5.txt,barabasi_albert_10ins_m20,45,SpecAnn-cold,0.9557122091778746,1.0,-16583437.000000004,0.0934948921203613,0,True,65,257,False,116,32,2025-11-16 06:40:14
ba_65536_1_5.txt,barabasi_albert_10ins_m20,45,SpecAnn-cold,0.9598228182949629,1.0,-16600015.000000002,0.1036310195922851,0,True,65,289,False,117,32,2025-11-16 06:40:14
ba_65536_1_5.txt,barabasi_albert_10ins_m20,45,SpecAnn-cold,0.963915897922488,1.0,-16598244.999999998,0.114908218383789,0,True,65,321,False,118,32,2025-11-16 06:40:14
ba_65536_1_5.txt,barabasi_albert_10ins_m20,45,SpecAnn-cold,0.967991670426842,1.0,-16580239.000000002,0.0918982028961181,0,True,65,257,False,119,32,2025-11-16 06:40:15
ba_65536_1_5.txt,barabasi_albert_10ins_m20,45,SpecAnn-cold,0.9720503535125016,1.0,-16591259.0,0.0806546211242675,0,True,65,225,False,120,32,2025-11-16 06:40:15
ba_65536_1_5.txt,barabasi_albert_10ins_m20,45,SpecAnn-cold,0.9760921603577252,1.0,-16578857.0,0.1162929534912109,0,True,65,321,False,121,32,2025-11-16 06:40:15
ba_65536_1_5.txt,barabasi_albert_10ins_m20,45,SpecAnn-cold,0.9801172997452104,1.0,-16592837.0,0.0926582813262939,0,True,65,257,False,122,32,2025-11-16 06:40:15
ba_65536_1_5.txt,barabasi_albert_10ins_m20,45,SpecAnn-cold,0.9841259761879442,1.0,-16558519.000000002,0.1388692855834961,0,True,65,385,False,123,32,2025-11-16 06:40:15
ba_65536_1_5.txt,barabasi_albert_10ins_m20,45,SpecAnn-cold,0.9881183900504562,1.0,-16593613.0,0.1267294883728027,0,True,65,353,False,124,32,2025-11-16 06:40:15
ba_65536_1_5.txt,barabasi_albert_10ins_m20,45,SpecAnn-cold,0.9920947376656812,1.0,-16560355.000000004,0.1152372360229492,0,True,65,321,False,125,32,2025-11-16 06:40:15
ba_65536_1_5.txt,barabasi_albert_10ins_m20,45,SpecAnn-cold,0.9960552114476228,1.0,-16542797.0,0.1135590076446533,0,True,65,321,False,126,32,2025-11-16 06:40:15
ba_65536_1_5.txt,barabasi_albert_10ins_m20,45,SpecAnn-cold,1.0,1.0,-16524471.0,0.1241538524627685,0,True,65,353,False,127,32,2025-11-16 06:40:15
ba_65536_1_5.txt,barabasi_albert_10ins_m20,46,SpecAnn-cold,0.0,1.0,-16158251.0,0.0140938758850097,0,True,44,33,False,0,32,2025-11-16 06:40:16
ba_65536_1_5.txt,barabasi_albert_10ins_m20,46,SpecAnn-cold,0.0887356509416113,1.0,-16153797.000000002,0.0123763084411621,0,True,44,33,False,1,32,2025-11-16 06:40:16
ba_65536_1_5.txt,barabasi_albert_10ins_m20,46,SpecAnn-cold,0.1254911610276317,1.0,-16169549.000000004,0.0125119686126708,0,True,44,33,False,2,32,2025-11-16 06:40:16
ba_65536_1_5.txt,barabasi_albert_10ins_m20,46,SpecAnn-cold,0.1536946558735679,1.0,-16119680.999999996,0.0124824047088623,0,True,44,33,False,3,32,2025-11-16 06:40:16
ba_65536_1_5.txt,barabasi_albert_10ins_m20,46,SpecAnn-cold,0.1774713018832227,1.0,-16195869.000000002,0.0123322010040283,0,True,44,33,False,4,32,2025-11-16 06:40:16
ba_65536_1_5.txt,barabasi_albert_10ins_m20,46,SpecAnn-cold,0.1984189475331362,1.0,-16179641.000000002,0.0123250484466552,0,True,44,33,False,5,32,2025-11-16 06:40:16
ba_65536_1_5.txt,barabasi_albert_10ins_m20,46,SpecAnn-cold,0.2173570668006655,1.0,-16176725.000000004,0.0122404098510742,0,True,44,33,False,6,32,2025-11-16 06:40:16
ba_65536_1_5.txt,barabasi_albert_10ins_m20,46,SpecAnn-cold,0.2347724648169381,1.0,-16155035.000000004,0.0124003887176513,0,True,44,33,False,7,32,2025-11-16 06:40:16
ba_65536_1_5.txt,barabasi_albert_10ins_m20,46,SpecAnn-cold,0.2509823220552634,1.0,-16138411.000000002,0.0124375820159912,0,True,44,33,False,8,32,2025-11-16 06:40:16
ba_65536_1_5.txt,barabasi_albert_10ins_m20,46,SpecAnn-cold,0.2662069528248341,1.0,-16162585.000000002,0.0123922824859619,0,True,44,33,False,9,32,2025-11-16 06:40:16
ba_65536_1_5.txt,barabasi_albert_10ins_m20,46,SpecAnn-cold,0.2806067666331568,1.0,-16147793.000000002,0.0123906135559082,0,True,44,33,False,10,32,2025-11-16 06:40:16
ba_65536_1_5.txt,barabasi_albert_10ins_m20,46,SpecAnn-cold,0.2943028597012718,1.0,-16143122.999999998,0.0123257637023925,0,True,44,33,False,11,32,2025-11-16 06:40:16
ba_65536_1_5.txt,barabasi_albert_10ins_m20,46,SpecAnn-cold,0.3073893117471359,1.0,-16146522.999999998,0.0123274326324462,0,True,44,33,False,12,32,2025-11-16 06:40:16
ba_65536_1_5.txt,barabasi_albert_10ins_m20,46,SpecAnn-cold,0.3199409394316542,1.0,-16134067.0,0.0125296115875244,0,True,44,33,False,13,32,2025-11-16 06:40:16
ba_65536_1_5.txt,barabasi_albert_10ins_m20,46,SpecAnn-cold,0.3320184038158743,1.0,-16145747.000000002,0.0125012397766113,0,True,44,33,False,14,32,2025-11-16 06:40:16
ba_65536_1_5.txt,barabasi_albert_10ins_m20,46,SpecAnn-cold,0.3436716983117353,1.0,-16166263.0,0.0124413967132568,0,True,44,33,False,15,32,2025-11-16 06:40:16
ba_65536_1_5.txt,barabasi_albert_10ins_m20,46,SpecAnn-cold,0.3549426037664455,1.0,-16168565.0,0.0124082565307617,0,True,44,33,False,16,32,2025-11-16 06:40:16
ba_65536_1_5.txt,barabasi_albert_10ins_m20,46,SpecAnn-cold,0.3658664615902029,1.0,-16148133.000000002,0.0125877857208251,0,True,44,33,False,17,32,2025-11-16 06:40:16
ba_65536_1_5.txt,barabasi_albert_10ins_m20,46,SpecAnn-cold,0.3764734830828951,1.0,-16140524.999999998,0.0126714706420898,0,True,44,33,False,18,32,2025-11-16 06:40:16
ba_65536_1_5.txt,barabasi_albert_10ins_m20,46,SpecAnn-cold,0.3867897351437838,1.0,-16148801.000000002,0.0126504898071289,0,True,44,33,False,19,32,2025-11-16 06:40:16
ba_65536_1_5.txt,barabasi_albert_10ins_m20,46,SpecAnn-cold,0.3968378950662725,1.0,-16130368.999999998,0.012923240661621,0,True,44,33,False,20,32,2025-11-16 06:40:16
ba_65536_1_5.txt,barabasi_albert_10ins_m20,46,SpecAnn-cold,0.4066378372811136,1.0,-16182624.999999998,0.0129399299621582,0,True,44,33,False,21,32,2025-11-16 06:40:16
ba_65536_1_5.txt,barabasi_albert_10ins_m20,46,SpecAnn-cold,0.4162070956347247,1.0,-16178302.999999998,0.0128123760223388,0,True,44,33,False,22,32,2025-11-16 06:40:16
ba_65536_1_5.txt,barabasi_albert_10ins_m20,46,SpecAnn-cold,0.4255612320274539,1.0,-16142533.000000002,0.012779951095581,0,True,44,33,False,23,32,2025-11-16 06:40:16
ba_65536_1_5.txt,barabasi_albert_10ins_m20,46,SpecAnn-cold,0.434714133601331,1.0,-16141797.000000002,0.0127642154693603,0,True,44,33,False,24,32,2025-11-16 06:40:16
ba_65536_1_5.txt,barabasi_albert_10ins_m20,46,SpecAnn-cold,0.4436782547080569,1.0,-16183955.0,0.0127716064453125,0,True,44,33,False,25,32,2025-11-16 06:40:16
ba_65536_1_5.txt,barabasi_albert_10ins_m20,46,SpecAnn-cold,0.4524648157026343,1.0,-16164793.0,0.0127379894256591,0,True,44,33,False,26,32,2025-11-16 06:40:16
ba_65536_1_5.txt,barabasi_albert_10ins_m20,46,SpecAnn-cold,0.4610839676207039,1.0,-16171692.999999998,0.0128874778747558,0,True,44,33,False,27,32,2025-11-16 06:40:16
ba_65536_1_5.txt,barabasi_albert_10ins_m20,46,SpecAnn-cold,0.4695449296338763,1.0,-16217772.999999998,0.0128731727600097,0,True,44,33,False,28,32,2025-11-16 06:40:16
ba_65536_1_5.txt,barabasi_albert_10ins_m20,46,SpecAnn-cold,0.4778561045889373,1.0,-16144273.000000002,0.0126957893371582,0,True,44,33,False,29,32,2025-11-16 06:40:16
ba_65536_1_5.txt,barabasi_albert_10ins_m20,46,SpecAnn-cold,0.4860251767562508,1.0,-16157359.0,0.0126898288726806,0,True,44,33,False,30,32,2025-11-16 06:40:16
ba_65536_1_5.txt,barabasi_albert_10ins_m20,46,SpecAnn-cold,0.4940591950252281,1.0,-16183977.0,0.0124957561492919,0,True,44,33,False,31,32,2025-11-16 06:40:16
ba_65536_1_5.txt,barabasi_albert_10ins_m20,46,SpecAnn-cold,0.5019646441105269,1.0,-16140501.000000002,0.012561559677124,0,True,44,33,False,32,32,2025-11-16 06:40:16
ba_65536_1_5.txt,barabasi_albert_10ins_m20,46,SpecAnn-cold,0.5097475058154177,1.0,-16197359.0,0.0124831199645996,0,True,44,33,False,33,32,2025-11-16 06:40:16
ba_65536_1_5.txt,barabasi_albert_10ins_m20,46,SpecAnn-cold,0.51741331199832,1.0,-16176571.0,0.0124578475952148,0,True,44,33,False,34,32,2025-11-16 06:40:16
ba_65536_1_5.txt,barabasi_albert_10ins_m20,46,SpecAnn-cold,0.5249671905758515,1.0,-16155649.0,0.01261568069458,0,True,44,33,False,35,32,2025-11-16 06:40:16
ba_65536_1_5.txt,barabasi_albert_10ins_m20,46,SpecAnn-cold,0.5324139056496683,1.0,-16192178.999999998,0.0125195980072021,0,True,44,33,False,36,32,2025-11-16 06:40:16
ba_65536_1_5.txt,barabasi_albert_10ins_m20,46,SpecAnn-cold,0.5397578926492556,1.0,-16201743.000000002,0.0124514102935791,0,True,44,33,False,37,32,2025-11-16 06:40:16
ba_65536_1_5.txt,barabasi_albert_10ins_m20,46,SpecAnn-cold,0.5470032892270364,1.0,-16201944.999999998,0.0125942230224609,0,True,44,33,False,38,32,2025-11-16 06:40:16
ba_65536_1_5.txt,barabasi_albert_10ins_m20,46,SpecAnn-cold,0.554153962516942,1.0,-16198805.000000002,0.0126466751098632,0,True,44,33,False,39,32,2025-11-16 06:40:16
ba_65536_1_5.txt,barabasi_albert_10ins_m20,46,SpecAnn-cold,0.5612135332663137,1.0,-16204727.0,0.0125489234924316,0,True,44,33,False,40,32,2025-11-16 06:40:16
ba_65536_1_5.txt,barabasi_albert_10ins_m20,46,SpecAnn-cold,0.5681853972686127,1.0,-16203956.999999998,0.0125224590301513,0,True,44,33,False,41,32,2025-11-16 06:40:16
ba_65536_1_5.txt,barabasi_albert_10ins_m20,46,SpecAnn-cold,0.5750727444570146,1.0,-16185189.000000002,0.0124359130859375,0,True,44,33,False,42,32,2025-11-16 06:40:17
ba_65536_1_5.txt,barabasi_albert_10ins_m20,46,SpecAnn-cold,0.5818785759635375,1.0,-16193642.999999998,0.0124812126159667,0,True,44,33,False,43,32,2025-11-16 06:40:17
ba_65536_1_5.txt,barabasi_albert_10ins_m20,46,SpecAnn-cold,0.5886057194025436,1.0,-16197367.0,0.0123436450958251,0,True,44,33,False,44,32,2025-11-16 06:40:17
ba_65536_1_5.txt,barabasi_albert_10ins_m20,46,SpecAnn-cold,0.5952568425994088,1.0,-16170659.000000002,0.0124452114105224,0,True,44,33,False,45,32,2025-11-16 06:40:17
ba_65536_1_5.txt,barabasi_albert_10ins_m20,46,SpecAnn-cold,0.6018344659534288,1.0,-16212117.000000002,0.0125617980957031,0,True,44,33,False,46,32,2025-11-16 06:40:17
ba_65536_1_5.txt,barabasi_albert_10ins_m20,46,SpecAnn-cold,0.6083409735974393,1.0,-16184781.000000002,0.0124902725219726,0,True,44,33,False,47,32,2025-11-16 06:40:17
ba_65536_1_5.txt,barabasi_albert_10ins_m20,46,SpecAnn-cold,0.6147786234942719,1.0,-16207171.0,0.0124516487121582,0,True,44,33,False,48,32,2025-11-16 06:40:17
ba_65536_1_5.txt,barabasi_albert_10ins_m20,46,SpecAnn-cold,0.6211495565912796,1.0,-16185683.0,0.0124070644378662,0,True,44,33,False,49,32,2025-11-16 06:40:17
ba_65536_1_5.txt,barabasi_albert_10ins_m20,46,SpecAnn-cold,0.6274558051381586,1.0,-16178458.999999998,0.0123851299285888,0,True,44,33,False,50,32,2025-11-16 06:40:17
ba_65536_1_5.txt,barabasi_albert_10ins_m20,46,SpecAnn-cold,0.6336993002596786,1.0,-16205371.000000004,0.0124619007110595,0,True,44,33,False,51,32,2025-11-16 06:40:17
ba_65536_1_5.txt,barabasi_albert_10ins_m20,46,SpecAnn-cold,0.6398818788633085,1.0,-16201163.0,0.0124120712280273,0,True,44,33,False,52,32,2025-11-16 06:40:17
ba_65536_1_5.txt,barabasi_albert_10ins_m20,46,SpecAnn-cold,0.6460052899517691,1.0,-16175285.0,0.0124080181121826,0,True,44,33,False,53,32,2025-11-16 06:40:17
ba_65536_1_5.txt,barabasi_albert_10ins_m20,46,SpecAnn-cold,0.6520712004019966,1.0,-16184829.0,0.0124650001525878,0,True,44,33,False,54,32,2025-11-16 06:40:17
ba_65536_1_5.txt,barabasi_albert_10ins_m20,46,SpecAnn-cold,0.6580812002646271,1.0,-16215573.000000002,0.012369155883789,0,True,44,33,False,55,32,2025-11-16 06:40:17
ba_65536_1_5.txt,barabasi_albert_10ins_m20,46,SpecAnn-cold,0.6640368076317485,1.0,-16198021.0,0.0123932361602783,0,True,44,33,False,56,32,2025-11-16 06:40:17
ba_65536_1_5.txt,barabasi_albert_10ins_m20,46,SpecAnn-cold,0.6699394731151429,1.0,-16218553.000000004,0.0123400688171386,0,True,44,33,False,57,32,2025-11-16 06:40:17
ba_65536_1_5.txt,barabasi_albert_10ins_m20,46,SpecAnn-cold,0.6757905839724513,1.0,-16234884.999999998,0.0123727321624755,0,True,44,33,False,58,32,2025-11-16 06:40:17
ba_65536_1_5.txt,barabasi_albert_10ins_m20,46,SpecAnn-cold,0.6815914679145113,1.0,-16169815.0,0.0123934745788574,0,True,44,33,False,59,32,2025-11-16 06:40:17
ba_65536_1_5.txt,barabasi_albert_10ins_m20,46,SpecAnn-cold,0.6873433966234707,1.0,-16209757.000000004,0.0123555660247802,0,True,44,33,False,60,32,2025-11-16 06:40:17
ba_65536_1_5.txt,barabasi_albert_10ins_m20,46,SpecAnn-cold,0.6930475890080863,1.0,-16182438.999999998,0.0123736858367919,0,True,44,33,False,61,32,2025-11-16 06:40:17
ba_65536_1_5.txt,barabasi_albert_10ins_m20,46,SpecAnn-cold,0.6987052142198116,1.0,-16212819.0,0.0124588012695312,0,True,44,33,False,62,32,2025-11-16 06:40:17
ba_65536_1_5.txt,barabasi_albert_10ins_m20,46,SpecAnn-cold,0.7043173944508145,1.0,-16236564.999999998,0.0123543739318847,0,True,44,33,False,63,32,2025-11-16 06:40:17
ba_65536_1_5.txt,barabasi_albert_10ins_m20,46,SpecAnn-cold,0.709885207532891,1.0,-16223594.999999998,0.0123877525329589,0,True,44,33,False,64,32,2025-11-16 06:40:17
ba_65536_1_5.txt,barabasi_albert_10ins_m20,46,SpecAnn-cold,0.7154096893543218,1.0,-16213092.999999998,0.0123622417449951,0,True,44,33,False,65,32,2025-11-16 06:40:17
ba_65536_1_5.txt,barabasi_albert_10ins_m20,46,SpecAnn-cold,0.7208918361100219,1.0,-16213195.000000002,0.012331485748291,0,True,44,33,False,66,32,2025-11-16 06:40:17
ba_65536_1_5.txt,barabasi_albert_10ins_m20,46,SpecAnn-cold,0.7263326063988248,1.0,-16199423.0,0.012399673461914,0,True,44,33,False,67,32,2025-11-16 06:40:17
ba_65536_1_5.txt,barabasi_albert_10ins_m20,46,SpecAnn-cold,0.7317329231804058,1.0,-16226117.000000002,0.0123074054718017,0,True,44,33,False,68,32,2025-11-16 06:40:17
ba_65536_1_5.txt,barabasi_albert_10ins_m20,46,SpecAnn-cold,0.7370936756031579,1.0,-16197809.0,0.0123906135559082,0,True,44,33,False,69,32,2025-11-16 06:40:17
ba_65536_1_5.txt,barabasi_albert_10ins_m20,46,SpecAnn-cold,0.7424157207132704,1.0,-16193413.000000002,0.0123898983001708,0,True,44,33,False,70,32,2025-11-16 06:40:17
ba_65536_1_5.txt,barabasi_albert_10ins_m20,46,SpecAnn-cold,0.7476998850543153,1.0,-16203861.000000004,0.0123436450958251,0,True,44,33,False,71,32,2025-11-16 06:40:17
ba_65536_1_5.txt,barabasi_albert_10ins_m20,46,SpecAnn-cold,0.7529469661657903,1.0,-16210319.000000002,0.0123491287231445,0,True,44,33,False,72,32,2025-11-16 06:40:17
ba_65536_1_5.txt,barabasi_albert_10ins_m20,46,SpecAnn-cold,0.7581577339883167,1.0,-16227249.0,0.0125997066497802,0,True,44,33,False,73,32,2025-11-16 06:40:17
ba_65536_1_5.txt,barabasi_albert_10ins_m20,46,SpecAnn-cold,0.7633329321824984,1.0,-16189155.000000002,0.0125477313995361,0,True,44,33,False,74,32,2025-11-16 06:40:17
ba_65536_1_5.txt,barabasi_albert_10ins_m20,46,SpecAnn-cold,0.7684732793678399,1.0,-16254529.0,0.0125391483306884,0,True,44,33,False,75,32,2025-11-16 06:40:17
ba_65536_1_5.txt,barabasi_albert_10ins_m20,46,SpecAnn-cold,0.7735794702875677,1.0,-16252181.000000004,0.0124099254608154,0,True,44,33,False,76,32,2025-11-16 06:40:17
ba_65536_1_5.txt,barabasi_albert_10ins_m20,46,SpecAnn-cold,0.7786521769046981,1.0,-16204123.0,0.0123803615570068,0,True,44,33,False,77,32,2025-11-16 06:40:17
ba_65536_1_5.txt,barabasi_albert_10ins_m20,46,SpecAnn-cold,0.7836920494342511,1.0,-16236451.0,0.0125238895416259,0,True,44,33,False,78,32,2025-11-16 06:40:17
ba_65536_1_5.txt,barabasi_albert_10ins_m20,46,SpecAnn-cold,0.788699717316095,1.0,-16236386.999999998,0.0126149654388427,0,True,44,33,False,79,32,2025-11-16 06:40:17
ba_65536_1_5.txt,barabasi_albert_10ins_m20,46,SpecAnn-cold,0.7936757901325451,1.0,-16257921.000000002,0.0125985145568847,0,True,44,33,False,80,32,2025-11-16 06:40:17
ba_65536_1_5.txt,barabasi_albert_10ins_m20,46,SpecAnn-cold,0.7986208584745024,1.0,-16241579.000000002,0.012669563293457,0,True,44,33,False,81,32,2025-11-16 06:40:17
ba_65536_1_5.txt,barabasi_albert_10ins_m20,46,SpecAnn-cold,0.803535494759617,1.0,-16242451.0,0.0126063823699951,0,True,44,33,False,82,32,2025-11-16 06:40:17
ba_65536_1_5.txt,barabasi_albert_10ins_m20,46,SpecAnn-cold,0.8084202540056837,1.0,-16252022.999999998,0.0126924514770507,0,True,44,33,False,83,32,2025-11-16 06:40:17
ba_65536_1_5.txt,barabasi_albert_10ins_m20,46,SpecAnn-cold,0.8132756745622272,1.0,-16266814.999999996,0.0126659870147705,0,True,44,33,False,84,32,2025-11-16 06:40:17
ba_65536_1_5.txt,barabasi_albert_10ins_m20,46,SpecAnn-cold,0.8181022788030096,1.0,-16254873.000000002,0.0126140117645263,0,True,44,33,False,85,32,2025-11-16 06:40:17
ba_65536_1_5.txt,barabasi_albert_10ins_m20,46,SpecAnn-cold,0.822900573781978,1.0,-16286541.000000004,0.012582778930664,0,True,44,33,False,86,32,2025-11-16 06:40:17
ba_65536_1_5.txt,barabasi_albert_10ins_m20,46,SpecAnn-cold,0.8276710518549868,1.0,-16288649.0,0.0125479698181152,0,True,44,33,False,87,32,2025-11-16 06:40:17
ba_65536_1_5.txt,barabasi_albert_10ins_m20,46,SpecAnn-cold,0.8324141912694495,1.0,-16281749.000000002,0.0127217769622802,0,True,44,33,False,88,32,2025-11-16 06:40:17
ba_65536_1_5.txt,barabasi_albert_10ins_m20,46,SpecAnn-cold,0.8371304567239225,1.0,-16282329.000000002,0.0126857757568359,0,True,44,33,False,89,32,2025-11-16 06:40:17
ba_65536_1_5.txt,barabasi_albert_10ins_m20,46,SpecAnn-cold,0.8418202998994706,1.0,-16248636.999999998,0.0126223564147949,0,True,44,33,False,90,32,2025-11-16 06:40:17
ba_65536_1_5.txt,barabasi_albert_10ins_m20,46,SpecAnn-cold,0.846484159964536,1.0,-16274597.000000002,0.0126018524169921,0,True,44,33,False,91,32,2025-11-16 06:40:17
ba_65536_1_5.txt,barabasi_albert_10ins_m20,46,SpecAnn-cold,0.8511224640549078,1.0,-16265854.999999998,0.0125036239624023,0,True,44,33,False,92,32,2025-11-16 06:40:17
ba_65536_1_5.txt,barabasi_albert_10ins_m20,46,SpecAnn-cold,0.8557356277302758,1.0,-16315781.000000002,0.0124571323394775,0,True,44,33,False,93,32,2025-11-16 06:40:17
ba_65536_1_5.txt,barabasi_albert_10ins_m20,46,SpecAnn-cold,0.8603240554087516,1.0,-16301220.999999998,0.0236926078796386,0,True,44,65,False,94,32,2025-11-16 06:40:17
ba_65536_1_5.txt,barabasi_albert_10ins_m20,46,SpecAnn-cold,0.86488814078064,1.0,-16293331.0,0.0238387584686279,0,True,44,65,False,95,32,2025-11-16 06:40:17
ba_65536_1_5.txt,barabasi_albert_10ins_m20,46,SpecAnn-cold,0.8694282672026621,1.0,-16358461.0,0.0242102146148681,0,True,44,65,False,96,32,2025-11-16 06:40:17
ba_65536_1_5.txt,barabasi_albert_10ins_m20,46,SpecAnn-cold,0.8739448080737451,1.0,-16352944.999999998,0.0240857601165771,0,True,44,65,False,97,32,2025-11-16 06:40:17
ba_65536_1_5.txt,barabasi_albert_10ins_m20,46,SpecAnn-cold,0.878438127193422,1.0,-16383961.000000002,0.0237817764282226,0,True,44,65,False,98,32,2025-11-16 06:40:17
ba_65536_1_5.txt,barabasi_albert_10ins_m20,46,SpecAnn-cold,0.8829085791038153,1.0,-16403049.000000002,0.0236668586730957,0,True,44,65,False,99,32,2025-11-16 06:40:17
ba_65536_1_5.txt,barabasi_albert_10ins_m20,46,SpecAnn-cold,0.8873565094161138,1.0,-16393035.0,0.0237050056457519,0,True,44,65,False,100,32,2025-11-16 06:40:17
ba_65536_1_5.txt,barabasi_albert_10ins_m20,46,SpecAnn-cold,0.8917822551223932,1.0,-16442111.000000002,0.0236866474151611,0,True,44,65,False,101,32,2025-11-16 06:40:17
ba_65536_1_5.txt,barabasi_albert_10ins_m20,46,SpecAnn-cold,0.8961861448935777,1.0,-16418937.0,0.0236976146697998,0,True,44,65,False,102,32,2025-11-16 06:40:17
ba_65536_1_5.txt,barabasi_albert_10ins_m20,46,SpecAnn-cold,0.9005684993642872,1.0,-16434781.000000002,0.0236632823944091,0,True,44,65,False,103,32,2025-11-16 06:40:17
ba_65536_1_5.txt,barabasi_albert_10ins_m20,46,SpecAnn-cold,0.9049296314052688,1.0,-16447813.000000002,0.0236687660217285,0,True,44,65,False,104,32,2025-11-16 06:40:17
ba_65536_1_5.txt,barabasi_albert_10ins_m20,46,SpecAnn-cold,0.9092698463840684,1.0,-16447489.000000002,0.0236890316009521,0,True,44,65,False,105,32,2025-11-16 06:40:17
ba_65536_1_5.txt,barabasi_albert_10ins_m20,46,SpecAnn-cold,0.9135894424145556,1.0,-16504919.0,0.0236585140228271,0,True,44,65,False,106,32,2025-11-16 06:40:17
ba_65536_1_5.txt,barabasi_albert_10ins_m20,46,SpecAnn-cold,0.9178887105958816,1.0,-16501883.000000002,0.034869909286499,0,True,44,97,False,107,32,2025-11-16 06:40:17
ba_65536_1_5.txt,barabasi_albert_10ins_m20,46,SpecAnn-cold,0.922167935241408,1.0,-16538545.000000002,0.0461282730102539,0,True,44,129,False,108,32,2025-11-16 06:40:18
ba_65536_1_5.txt,barabasi_albert_10ins_m20,46,SpecAnn-cold,0.92642739409812,1.0,-16551151.0,0.0347363948822021,0,True,44,97,False,109,32,2025-11-16 06:40:18
ba_65536_1_5.txt,barabasi_albert_10ins_m20,46,SpecAnn-cold,0.9306673585570006,1.0,-16562365.000000002,0.0461547374725341,0,True,44,129,False,110,32,2025-11-16 06:40:18
ba_65536_1_5.txt,barabasi_albert_10ins_m20,46,SpecAnn-cold,0.9348880938548184,1.0,-16615575.000000002,0.0460748672485351,0,True,44,129,False,111,32,2025-11-16 06:40:18
ba_65536_1_5.txt,barabasi_albert_10ins_m20,46,SpecAnn-cold,0.9390898592677528,1.0,-16639613.000000002,0.0460481643676757,0,True,44,129,False,112,32,2025-11-16 06:40:18
ba_65536_1_5.txt,barabasi_albert_10ins_m20,46,SpecAnn-cold,0.9432729082972536,1.0,-16648591.0,0.0798177719116211,0,True,44,225,False,113,32,2025-11-16 06:40:18
ba_65536_1_5.txt,barabasi_albert_10ins_m20,46,SpecAnn-cold,0.9474374888485204,1.0,-16688600.999999998,0.1808362007141113,0,True,44,513,False,114,32,2025-11-16 06:40:18
ba_65536_1_5.txt,barabasi_albert_10ins_m20,46,SpecAnn-cold,0.9515838434019476,1.0,-16609795.000000002,0.1148200035095214,0,True,44,321,False,115,32,2025-11-16 06:40:18
ba_65536_1_5.txt,barabasi_albert_10ins_m20,46,SpecAnn-cold,0.9557122091778746,1.0,-16601999.0,0.1037931442260742,0,True,44,289,False,116,32,2025-11-16 06:40:18
ba_65536_1_5.txt,barabasi_albert_10ins_m20,46,SpecAnn-cold,0.9598228182949629,1.0,-16603347.000000002,0.1151595115661621,0,True,44,321,False,117,32,2025-11-16 06:40:18
ba_65536_1_5.txt,barabasi_albert_10ins_m20,46,SpecAnn-cold,0.963915897922488,1.0,-16585129.000000002,0.0802116394042968,0,True,44,225,False,118,32,2025-11-16 06:40:18
ba_65536_1_5.txt,barabasi_albert_10ins_m20,46,SpecAnn-cold,0.967991670426842,1.0,-16561848.999999998,0.091426134109497,0,True,44,257,False,119,32,2025-11-16 06:40:18
ba_65536_1_5.txt,barabasi_albert_10ins_m20,46,SpecAnn-cold,0.9720503535125016,1.0,-16568541.000000002,0.1024343967437744,0,True,44,289,False,120,32,2025-11-16 06:40:19
ba_65536_1_5.txt,barabasi_albert_10ins_m20,46,SpecAnn-cold,0.9760921603577252,1.0,-16551165.000000004,0.1023347377777099,0,True,44,289,False,121,32,2025-11-16 06:40:19
ba_65536_1_5.txt,barabasi_albert_10ins_m20,46,SpecAnn-cold,0.9801172997452104,1.0,-16570049.0,0.1026585102081298,0,True,44,289,False,122,32,2025-11-16 06:40:19
ba_65536_1_5.txt,barabasi_albert_10ins_m20,46,SpecAnn-cold,0.9841259761879442,1.0,-16566275.0,0.1246707439422607,0,True,44,353,False,123,32,2025-11-16 06:40:19
ba_65536_1_5.txt,barabasi_albert_10ins_m20,46,SpecAnn-cold,0.9881183900504562,1.0,-16561905.0,0.1031532287597656,0,True,44,289,False,124,32,2025-11-16 06:40:19
ba_65536_1_5.txt,barabasi_albert_10ins_m20,46,SpecAnn-cold,0.9920947376656812,1.0,-16556451.0,0.102658987045288,0,True,44,289,False,125,32,2025-11-16 06:40:19
ba_65536_1_5.txt,barabasi_albert_10ins_m20,46,SpecAnn-cold,0.9960552114476228,1.0,-16552392.999999998,0.1592295169830322,0,True,44,449,False,126,32,2025-11-16 06:40:19
ba_65536_1_5.txt,barabasi_albert_10ins_m20,46,SpecAnn-cold,1.0,1.0,-16535317.0,0.1018950939178466,0,True,44,289,False,127,32,2025-11-16 06:40:19
ba_65536_1_5.txt,barabasi_albert_10ins_m20,47,SpecAnn-cold,0.0,1.0,-16174949.0,0.0140998363494873,0,True,53,33,False,0,32,2025-11-16 06:40:20
ba_65536_1_5.txt,barabasi_albert_10ins_m20,47,SpecAnn-cold,0.0887356509416113,1.0,-16118379.000000002,0.0123641490936279,0,True,53,33,False,1,32,2025-11-16 06:40:20
ba_65536_1_5.txt,barabasi_albert_10ins_m20,47,SpecAnn-cold,0.1254911610276317,1.0,-16144393.000000002,0.0123112201690673,0,True,53,33,False,2,32,2025-11-16 06:40:20
ba_65536_1_5.txt,barabasi_albert_10ins_m20,47,SpecAnn-cold,0.1536946558735679,1.0,-16155939.000000002,0.0123524665832519,0,True,53,33,False,3,32,2025-11-16 06:40:20
ba_65536_1_5.txt,barabasi_albert_10ins_m20,47,SpecAnn-cold,0.1774713018832227,1.0,-16163135.000000002,0.012263536453247,0,True,53,33,False,4,32,2025-11-16 06:40:20
ba_65536_1_5.txt,barabasi_albert_10ins_m20,47,SpecAnn-cold,0.1984189475331362,1.0,-16116881.0,0.0122487545013427,0,True,53,33,False,5,32,2025-11-16 06:40:20
ba_65536_1_5.txt,barabasi_albert_10ins_m20,47,SpecAnn-cold,0.2173570668006655,1.0,-16122095.0,0.0122158527374267,0,True,53,33,False,6,32,2025-11-16 06:40:20
ba_65536_1_5.txt,barabasi_albert_10ins_m20,47,SpecAnn-cold,0.2347724648169381,1.0,-16150711.0,0.0122718811035156,0,True,53,33,False,7,32,2025-11-16 06:40:20
ba_65536_1_5.txt,barabasi_albert_10ins_m20,47,SpecAnn-cold,0.2509823220552634,1.0,-16137365.000000002,0.012352705001831,0,True,53,33,False,8,32,2025-11-16 06:40:20
ba_65536_1_5.txt,barabasi_albert_10ins_m20,47,SpecAnn-cold,0.2662069528248341,1.0,-16126639.000000002,0.0121805667877197,0,True,53,33,False,9,32,2025-11-16 06:40:20
ba_65536_1_5.txt,barabasi_albert_10ins_m20,47,SpecAnn-cold,0.2806067666331568,1.0,-16157745.000000002,0.0121619701385498,0,True,53,33,False,10,32,2025-11-16 06:40:20
ba_65536_1_5.txt,barabasi_albert_10ins_m20,47,SpecAnn-cold,0.2943028597012718,1.0,-16169559.0,0.0123496055603027,0,True,53,33,False,11,32,2025-11-16 06:40:20
ba_65536_1_5.txt,barabasi_albert_10ins_m20,47,SpecAnn-cold,0.3073893117471359,1.0,-16125755.000000002,0.0121693611145019,0,True,53,33,False,12,32,2025-11-16 06:40:20
ba_65536_1_5.txt,barabasi_albert_10ins_m20,47,SpecAnn-cold,0.3199409394316542,1.0,-16147625.000000002,0.0122561454772949,0,True,53,33,False,13,32,2025-11-16 06:40:20
ba_65536_1_5.txt,barabasi_albert_10ins_m20,47,SpecAnn-cold,0.3320184038158743,1.0,-16142163.0,0.0122900009155273,0,True,53,33,False,14,32,2025-11-16 06:40:20
ba_65536_1_5.txt,barabasi_albert_10ins_m20,47,SpecAnn-cold,0.3436716983117353,1.0,-16188730.999999998,0.0122089385986328,0,True,53,33,False,15,32,2025-11-16 06:40:20
ba_65536_1_5.txt,barabasi_albert_10ins_m20,47,SpecAnn-cold,0.3549426037664455,1.0,-16162939.0,0.0122435092926025,0,True,53,33,False,16,32,2025-11-16 06:40:20
ba_65536_1_5.txt,barabasi_albert_10ins_m20,47,SpecAnn-cold,0.3658664615902029,1.0,-16161837.0,0.0123002529144287,0,True,53,33,False,17,32,2025-11-16 06:40:20
ba_65536_1_5.txt,barabasi_albert_10ins_m20,47,SpecAnn-cold,0.3764734830828951,1.0,-16120115.000000002,0.0124948024749755,0,True,53,33,False,18,32,2025-11-16 06:40:20
ba_65536_1_5.txt,barabasi_albert_10ins_m20,47,SpecAnn-cold,0.3867897351437838,1.0,-16150997.0,0.0124793052673339,0,True,53,33,False,19,32,2025-11-16 06:40:20
ba_65536_1_5.txt,barabasi_albert_10ins_m20,47,SpecAnn-cold,0.3968378950662725,1.0,-16146281.000000002,0.01243257522583,0,True,53,33,False,20,32,2025-11-16 06:40:20
ba_65536_1_5.txt,barabasi_albert_10ins_m20,47,SpecAnn-cold,0.4066378372811136,1.0,-16203127.000000002,0.0121870040893554,0,True,53,33,False,21,32,2025-11-16 06:40:20
ba_65536_1_5.txt,barabasi_albert_10ins_m20,47,SpecAnn-cold,0.4162070956347247,1.0,-16167431.000000002,0.0122182369232177,0,True,53,33,False,22,32,2025-11-16 06:40:20
ba_65536_1_5.txt,barabasi_albert_10ins_m20,47,SpecAnn-cold,0.4255612320274539,1.0,-16190105.0,0.0124671459197998,0,True,53,33,False,23,32,2025-11-16 06:40:20
ba_65536_1_5.txt,barabasi_albert_10ins_m20,47,SpecAnn-cold,0.434714133601331,1.0,-16140851.000000002,0.0124485492706298,0,True,53,33,False,24,32,2025-11-16 06:40:20
ba_65536_1_5.txt,barabasi_albert_10ins_m20,47,SpecAnn-cold,0.4436782547080569,1.0,-16165165.0,0.0125033855438232,0,True,53,33,False,25,32,2025-11-16 06:40:20
ba_65536_1_5.txt,barabasi_albert_10ins_m20,47,SpecAnn-cold,0.4524648157026343,1.0,-16167697.0,0.0122468471527099,0,True,53,33,False,26,32,2025-11-16 06:40:20
ba_65536_1_5.txt,barabasi_albert_10ins_m20,47,SpecAnn-cold,0.4610839676207039,1.0,-16160155.000000002,0.0122942924499511,0,True,53,33,False,27,32,2025-11-16 06:40:20
ba_65536_1_5.txt,barabasi_albert_10ins_m20,47,SpecAnn-cold,0.4695449296338763,1.0,-16138449.000000004,0.0123140811920166,0,True,53,33,False,28,32,2025-11-16 06:40:20
ba_65536_1_5.txt,barabasi_albert_10ins_m20,47,SpecAnn-cold,0.4778561045889373,1.0,-16155957.0,0.0123631954193115,0,True,53,33,False,29,32,2025-11-16 06:40:20
ba_65536_1_5.txt,barabasi_albert_10ins_m20,47,SpecAnn-cold,0.4860251767562508,1.0,-16196655.000000004,0.0124614238739013,0,True,53,33,False,30,32,2025-11-16 06:40:20
ba_65536_1_5.txt,barabasi_albert_10ins_m20,47,SpecAnn-cold,0.4940591950252281,1.0,-16178595.000000002,0.0124986171722412,0,True,53,33,False,31,32,2025-11-16 06:40:20
ba_65536_1_5.txt,barabasi_albert_10ins_m20,47,SpecAnn-cold,0.5019646441105269,1.0,-16150561.000000002,0.0124900341033935,0,True,53,33,False,32,32,2025-11-16 06:40:20
ba_65536_1_5.txt,barabasi_albert_10ins_m20,47,SpecAnn-cold,0.5097475058154177,1.0,-16121739.000000004,0.0125112533569335,0,True,53,33,False,33,32,2025-11-16 06:40:20
ba_65536_1_5.txt,barabasi_albert_10ins_m20,47,SpecAnn-cold,0.51741331199832,1.0,-16148112.999999998,0.0122804641723632,0,True,53,33,False,34,32,2025-11-16 06:40:20
ba_65536_1_5.txt,barabasi_albert_10ins_m20,47,SpecAnn-cold,0.5249671905758515,1.0,-16194918.999999996,0.0122623443603515,0,True,53,33,False,35,32,2025-11-16 06:40:20
ba_65536_1_5.txt,barabasi_albert_10ins_m20,47,SpecAnn-cold,0.5324139056496683,1.0,-16143571.000000002,0.0123047828674316,0,True,53,33,False,36,32,2025-11-16 06:40:20
ba_65536_1_5.txt,barabasi_albert_10ins_m20,47,SpecAnn-cold,0.5397578926492556,1.0,-16170457.0,0.0122504234313964,0,True,53,33,False,37,32,2025-11-16 06:40:20
ba_65536_1_5.txt,barabasi_albert_10ins_m20,47,SpecAnn-cold,0.5470032892270364,1.0,-16193655.0,0.0122547149658203,0,True,53,33,False,38,32,2025-11-16 06:40:20
ba_65536_1_5.txt,barabasi_albert_10ins_m20,47,SpecAnn-cold,0.554153962516942,1.0,-16150913.000000004,0.0122432708740234,0,True,53,33,False,39,32,2025-11-16 06:40:20
ba_65536_1_5.txt,barabasi_albert_10ins_m20,47,SpecAnn-cold,0.5612135332663137,1.0,-16178833.0,0.012331485748291,0,True,53,33,False,40,32,2025-11-16 06:40:20
ba_65536_1_5.txt,barabasi_albert_10ins_m20,47,SpecAnn-cold,0.5681853972686127,1.0,-16180537.000000004,0.0122861862182617,0,True,53,33,False,41,32,2025-11-16 06:40:20
ba_65536_1_5.txt,barabasi_albert_10ins_m20,47,SpecAnn-cold,0.5750727444570146,1.0,-16138631.0,0.0122113227844238,0,True,53,33,False,42,32,2025-11-16 06:40:20
ba_65536_1_5.txt,barabasi_albert_10ins_m20,47,SpecAnn-cold,0.5818785759635375,1.0,-16132085.000000002,0.0122647285461425,0,True,53,33,False,43,32,2025-11-16 06:40:20
ba_65536_1_5.txt,barabasi_albert_10ins_m20,47,SpecAnn-cold,0.5886057194025436,1.0,-16183545.000000002,0.0122087001800537,0,True,53,33,False,44,32,2025-11-16 06:40:20
ba_65536_1_5.txt,barabasi_albert_10ins_m20,47,SpecAnn-cold,0.5952568425994088,1.0,-16130295.0,0.012230634689331,0,True,53,33,False,45,32,2025-11-16 06:40:20
ba_65536_1_5.txt,barabasi_albert_10ins_m20,47,SpecAnn-cold,0.6018344659534288,1.0,-16193941.0,0.0123050212860107,0,True,53,33,False,46,32,2025-11-16 06:40:20
ba_65536_1_5.txt,barabasi_albert_10ins_m20,47,SpecAnn-cold,0.6083409735974393,1.0,-16197667.000000004,0.0122308731079101,0,True,53,33,False,47,32,2025-11-16 06:40:20
ba_65536_1_5.txt,barabasi_albert_10ins_m20,47,SpecAnn-cold,0.6147786234942719,1.0,-16203399.000000002,0.0123426914215087,0,True,53,33,False,48,32,2025-11-16 06:40:20
ba_65536_1_5.txt,barabasi_albert_10ins_m20,47,SpecAnn-cold,0.6211495565912796,1.0,-16174107.000000002,0.0122430324554443,0,True,53,33,False,49,32,2025-11-16 06:40:20
ba_65536_1_5.txt,barabasi_albert_10ins_m20,47,SpecAnn-cold,0.6274558051381586,1.0,-16173471.0,0.0122914314270019,0,True,53,33,False,50,32,2025-11-16 06:40:20
ba_65536_1_5.txt,barabasi_albert_10ins_m20,47,SpecAnn-cold,0.6336993002596786,1.0,-16212909.000000002,0.0122871398925781,0,True,53,33,False,51,32,2025-11-16 06:40:20
ba_65536_1_5.txt,barabasi_albert_10ins_m20,47,SpecAnn-cold,0.6398818788633085,1.0,-16172706.999999998,0.0122911930084228,0,True,53,33,False,52,32,2025-11-16 06:40:20
ba_65536_1_5.txt,barabasi_albert_10ins_m20,47,SpecAnn-cold,0.6460052899517691,1.0,-16199071.0,0.0122811794281005,0,True,53,33,False,53,32,2025-11-16 06:40:20
ba_65536_1_5.txt,barabasi_albert_10ins_m20,47,SpecAnn-cold,0.6520712004019966,1.0,-16178035.0,0.0123407840728759,0,True,53,33,False,54,32,2025-11-16 06:40:20
ba_65536_1_5.txt,barabasi_albert_10ins_m20,47,SpecAnn-cold,0.6580812002646271,1.0,-16180039.000000004,0.0122718811035156,0,True,53,33,False,55,32,2025-11-16 06:40:21
ba_65536_1_5.txt,barabasi_albert_10ins_m20,47,SpecAnn-cold,0.6640368076317485,1.0,-16250657.0,0.0122852325439453,0,True,53,33,False,56,32,2025-11-16 06:40:21
ba_65536_1_5.txt,barabasi_albert_10ins_m20,47,SpecAnn-cold,0.6699394731151429,1.0,-16188761.000000002,0.0122838020324707,0,True,53,33,False,57,32,2025-11-16 06:40:21
ba_65536_1_5.txt,barabasi_albert_10ins_m20,47,SpecAnn-cold,0.6757905839724513,1.0,-16192119.000000002,0.0122573375701904,0,True,53,33,False,58,32,2025-11-16 06:40:21
ba_65536_1_5.txt,barabasi_albert_10ins_m20,47,SpecAnn-cold,0.6815914679145113,1.0,-16187773.0,0.0122866630554199,0,True,53,33,False,59,32,2025-11-16 06:40:21
ba_65536_1_5.txt,barabasi_albert_10ins_m20,47,SpecAnn-cold,0.6873433966234707,1.0,-16222759.0,0.012279987335205,0,True,53,33,False,60,32,2025-11-16 06:40:21
ba_65536_1_5.txt,barabasi_albert_10ins_m20,47,SpecAnn-cold,0.6930475890080863,1.0,-16190657.0,0.0122663974761962,0,True,53,33,False,61,32,2025-11-16 06:40:21
ba_65536_1_5.txt,barabasi_albert_10ins_m20,47,SpecAnn-cold,0.6987052142198116,1.0,-16214123.0,0.0122983455657958,0,True,53,33,False,62,32,2025-11-16 06:40:21
ba_65536_1_5.txt,barabasi_albert_10ins_m20,47,SpecAnn-cold,0.7043173944508145,1.0,-16237589.000000002,0.0123400688171386,0,True,53,33,False,63,32,2025-11-16 06:40:21
ba_65536_1_5.txt,barabasi_albert_10ins_m20,47,SpecAnn-cold,0.709885207532891,1.0,-16219689.000000002,0.01224946975708,0,True,53,33,False,64,32,2025-11-16 06:40:21
ba_65536_1_5.txt,barabasi_albert_10ins_m20,47,SpecAnn-cold,0.7154096893543218,1.0,-16246477.000000002,0.0122718811035156,0,True,53,33,False,65,32,2025-11-16 06:40:21
ba_65536_1_5.txt,barabasi_albert_10ins_m20,47,SpecAnn-cold,0.7208918361100219,1.0,-16205919.000000002,0.01222825050354,0,True,53,33,False,66,32,2025-11-16 06:40:21
ba_65536_1_5.txt,barabasi_albert_10ins_m20,47,SpecAnn-cold,0.7263326063988248,1.0,-16239303.0,0.0123071670532226,0,True,53,33,False,67,32,2025-11-16 06:40:21
ba_65536_1_5.txt,barabasi_albert_10ins_m20,47,SpecAnn-cold,0.7317329231804058,1.0,-16245281.000000006,0.0123167037963867,0,True,53,33,False,68,32,2025-11-16 06:40:21
ba_65536_1_5.txt,barabasi_albert_10ins_m20,47,SpecAnn-cold,0.7370936756031579,1.0,-16206857.000000004,0.0122532844543457,0,True,53,33,False,69,32,2025-11-16 06:40:21
ba_65536_1_5.txt,barabasi_albert_10ins_m20,47,SpecAnn-cold,0.7424157207132704,1.0,-16257539.0,0.0122439861297607,0,True,53,33,False,70,32,2025-11-16 06:40:21
ba_65536_1_5.txt,barabasi_albert_10ins_m20,47,SpecAnn-cold,0.7476998850543153,1.0,-16237043.000000002,0.0122437477111816,0,True,53,33,False,71,32,2025-11-16 06:40:21
ba_65536_1_5.txt,barabasi_albert_10ins_m20,47,SpecAnn-cold,0.7529469661657903,1.0,-16186835.0,0.0122616291046142,0,True,53,33,False,72,32,2025-11-16 06:40:21
ba_65536_1_5.txt,barabasi_albert_10ins_m20,47,SpecAnn-cold,0.7581577339883167,1.0,-16225521.0,0.0122849941253662,0,True,53,33,False,73,32,2025-11-16 06:40:21
ba_65536_1_5.txt,barabasi_albert_10ins_m20,47,SpecAnn-cold,0.7633329321824984,1.0,-16241147.0,0.0122072696685791,0,True,53,33,False,74,32,2025-11-16 06:40:21
ba_65536_1_5.txt,barabasi_albert_10ins_m20,47,SpecAnn-cold,0.7684732793678399,1.0,-16216345.0,0.0121898651123046,0,True,53,33,False,75,32,2025-11-16 06:40:21
ba_65536_1_5.txt,barabasi_albert_10ins_m20,47,SpecAnn-cold,0.7735794702875677,1.0,-16204379.000000004,0.012343406677246,0,True,53,33,False,76,32,2025-11-16 06:40:21
ba_65536_1_5.txt,barabasi_albert_10ins_m20,47,SpecAnn-cold,0.7786521769046981,1.0,-16230679.0,0.0122427940368652,0,True,53,33,False,77,32,2025-11-16 06:40:21
ba_65536_1_5.txt,barabasi_albert_10ins_m20,47,SpecAnn-cold,0.7836920494342511,1.0,-16236005.0,0.0123724937438964,0,True,53,33,False,78,32,2025-11-16 06:40:21
ba_65536_1_5.txt,barabasi_albert_10ins_m20,47,SpecAnn-cold,0.788699717316095,1.0,-16262125.0,0.0124132633209228,0,True,53,33,False,79,32,2025-11-16 06:40:21
ba_65536_1_5.txt,barabasi_albert_10ins_m20,47,SpecAnn-cold,0.7936757901325451,1.0,-16239907.0,0.012239933013916,0,True,53,33,False,80,32,2025-11-16 06:40:21
ba_65536_1_5.txt,barabasi_albert_10ins_m20,47,SpecAnn-cold,0.7986208584745024,1.0,-16258339.000000002,0.0122961997985839,0,True,53,33,False,81,32,2025-11-16 06:40:21
ba_65536_1_5.txt,barabasi_albert_10ins_m20,47,SpecAnn-cold,0.803535494759617,1.0,-16245299.000000002,0.0122401714324951,0,True,53,33,False,82,32,2025-11-16 06:40:21
ba_65536_1_5.txt,barabasi_albert_10ins_m20,47,SpecAnn-cold,0.8084202540056837,1.0,-16269951.0,0.0122332572937011,0,True,53,33,False,83,32,2025-11-16 06:40:21
ba_65536_1_5.txt,barabasi_albert_10ins_m20,47,SpecAnn-cold,0.8132756745622272,1.0,-16244325.0,0.0123674869537353,0,True,53,33,False,84,32,2025-11-16 06:40:21
ba_65536_1_5.txt,barabasi_albert_10ins_m20,47,SpecAnn-cold,0.8181022788030096,1.0,-16254455.0,0.0122830867767333,0,True,53,33,False,85,32,2025-11-16 06:40:21
ba_65536_1_5.txt,barabasi_albert_10ins_m20,47,SpecAnn-cold,0.822900573781978,1.0,-16260311.0,0.0123267173767089,0,True,53,33,False,86,32,2025-11-16 06:40:21
ba_65536_1_5.txt,barabasi_albert_10ins_m20,47,SpecAnn-cold,0.8276710518549868,1.0,-16246056.999999998,0.0123534202575683,0,True,53,33,False,87,32,2025-11-16 06:40:21
ba_65536_1_5.txt,barabasi_albert_10ins_m20,47,SpecAnn-cold,0.8324141912694495,1.0,-16232946.999999998,0.0123894214630126,0,True,53,33,False,88,32,2025-11-16 06:40:21
ba_65536_1_5.txt,barabasi_albert_10ins_m20,47,SpecAnn-cold,0.8371304567239225,1.0,-16288333.0,0.0125114917755126,0,True,53,33,False,89,32,2025-11-16 06:40:21
ba_65536_1_5.txt,barabasi_albert_10ins_m20,47,SpecAnn-cold,0.8418202998994706,1.0,-16276075.000000002,0.0124990940093994,0,True,53,33,False,90,32,2025-11-16 06:40:21
ba_65536_1_5.txt,barabasi_albert_10ins_m20,47,SpecAnn-cold,0.846484159964536,1.0,-16273480.999999998,0.0123975276947021,0,True,53,33,False,91,32,2025-11-16 06:40:21
ba_65536_1_5.txt,barabasi_albert_10ins_m20,47,SpecAnn-cold,0.8511224640549078,1.0,-16279076.999999998,0.0123429298400878,0,True,53,33,False,92,32,2025-11-16 06:40:21
ba_65536_1_5.txt,barabasi_albert_10ins_m20,47,SpecAnn-cold,0.8557356277302758,1.0,-16292677.0,0.0235192775726318,0,True,53,65,False,93,32,2025-11-16 06:40:21
ba_65536_1_5.txt,barabasi_albert_10ins_m20,47,SpecAnn-cold,0.8603240554087516,1.0,-16276227.0,0.0125255584716796,0,True,53,33,False,94,32,2025-11-16 06:40:21
ba_65536_1_5.txt,barabasi_albert_10ins_m20,47,SpecAnn-cold,0.86488814078064,1.0,-16339837.0,0.0238332748413085,0,True,53,65,False,95,32,2025-11-16 06:40:21
ba_65536_1_5.txt,barabasi_albert_10ins_m20,47,SpecAnn-cold,0.8694282672026621,1.0,-16324075.0,0.023259162902832,0,True,53,65,False,96,32,2025-11-16 06:40:21
ba_65536_1_5.txt,barabasi_albert_10ins_m20,47,SpecAnn-cold,0.8739448080737451,1.0,-16349527.000000002,0.0237512588500976,0,True,53,65,False,97,32,2025-11-16 06:40:21
ba_65536_1_5.txt,barabasi_albert_10ins_m20,47,SpecAnn-cold,0.878438127193422,1.0,-16346899.0,0.0236008167266845,0,True,53,65,False,98,32,2025-11-16 06:40:21
ba_65536_1_5.txt,barabasi_albert_10ins_m20,47,SpecAnn-cold,0.8829085791038153,1.0,-16364469.000000002,0.0235090255737304,0,True,53,65,False,99,32,2025-11-16 06:40:21
ba_65536_1_5.txt,barabasi_albert_10ins_m20,47,SpecAnn-cold,0.8873565094161138,1.0,-16414539.0,0.0238234996795654,0,True,53,65,False,100,32,2025-11-16 06:40:21
ba_65536_1_5.txt,barabasi_albert_10ins_m20,47,SpecAnn-cold,0.8917822551223932,1.0,-16418324.999999998,0.0237314701080322,0,True,53,65,False,101,32,2025-11-16 06:40:21
ba_65536_1_5.txt,barabasi_albert_10ins_m20,47,SpecAnn-cold,0.8961861448935777,1.0,-16409917.0,0.0234346389770507,0,True,53,65,False,102,32,2025-11-16 06:40:21
ba_65536_1_5.txt,barabasi_albert_10ins_m20,47,SpecAnn-cold,0.9005684993642872,1.0,-16444183.0,0.0239002704620361,0,True,53,65,False,103,32,2025-11-16 06:40:21
ba_65536_1_5.txt,barabasi_albert_10ins_m20,47,SpecAnn-cold,0.9049296314052688,1.0,-16459871.000000002,0.0238518714904785,0,True,53,65,False,104,32,2025-11-16 06:40:21
ba_65536_1_5.txt,barabasi_albert_10ins_m20,47,SpecAnn-cold,0.9092698463840684,1.0,-16454823.0,0.0345904827117919,0,True,53,97,False,105,32,2025-11-16 06:40:21
ba_65536_1_5.txt,barabasi_albert_10ins_m20,47,SpecAnn-cold,0.9135894424145556,1.0,-16478025.0,0.0234303474426269,0,True,53,65,False,106,32,2025-11-16 06:40:21
ba_65536_1_5.txt,barabasi_albert_10ins_m20,47,SpecAnn-cold,0.9178887105958816,1.0,-16517273.0,0.0348167419433593,0,True,53,97,False,107,32,2025-11-16 06:40:21
ba_65536_1_5.txt,barabasi_albert_10ins_m20,47,SpecAnn-cold,0.922167935241408,1.0,-16527025.0,0.0345864295959472,0,True,53,97,False,108,32,2025-11-16 06:40:21
ba_65536_1_5.txt,barabasi_albert_10ins_m20,47,SpecAnn-cold,0.92642739409812,1.0,-16548160.999999998,0.0346181392669677,0,True,53,97,False,109,32,2025-11-16 06:40:21
ba_65536_1_5.txt,barabasi_albert_10ins_m20,47,SpecAnn-cold,0.9306673585570006,1.0,-16567780.999999998,0.0346734523773193,0,True,53,97,False,110,32,2025-11-16 06:40:21
ba_65536_1_5.txt,barabasi_albert_10ins_m20,47,SpecAnn-cold,0.9348880938548184,1.0,-16601467.000000002,0.0458481311798095,0,True,53,129,False,111,32,2025-11-16 06:40:21
ba_65536_1_5.txt,barabasi_albert_10ins_m20,47,SpecAnn-cold,0.9390898592677528,1.0,-16678379.000000002,0.0570282936096191,0,True,53,161,False,112,32,2025-11-16 06:40:22
ba_65536_1_5.txt,barabasi_albert_10ins_m20,47,SpecAnn-cold,0.9432729082972536,1.0,-16659221.0,0.0794832706451416,0,True,53,225,False,113,32,2025-11-16 06:40:22
ba_65536_1_5.txt,barabasi_albert_10ins_m20,47,SpecAnn-cold,0.9474374888485204,1.0,-16678040.999999998,0.1354260444641113,0,True,53,385,False,114,32,2025-11-16 06:40:22
ba_65536_1_5.txt,barabasi_albert_10ins_m20,47,SpecAnn-cold,0.9515838434019476,1.0,-16625854.999999998,0.1127746105194091,0,True,53,321,False,115,32,2025-11-16 06:40:22
ba_65536_1_5.txt,barabasi_albert_10ins_m20,47,SpecAnn-cold,0.9557122091778746,1.0,-16604089.0,0.101611852645874,0,True,53,289,False,116,32,2025-11-16 06:40:22
ba_65536_1_5.txt,barabasi_albert_10ins_m20,47,SpecAnn-cold,0.9598228182949629,1.0,-16590101.0,0.0791232585906982,0,True,53,225,False,117,32,2025-11-16 06:40:22
ba_65536_1_5.txt,barabasi_albert_10ins_m20,47,SpecAnn-cold,0.963915897922488,1.0,-16571268.999999998,0.1030757427215576,0,True,53,289,False,118,32,2025-11-16 06:40:22
ba_65536_1_5.txt,barabasi_albert_10ins_m20,47,SpecAnn-cold,0.967991670426842,1.0,-16567643.000000002,0.102778673171997,0,True,53,289,False,119,32,2025-11-16 06:40:22
ba_65536_1_5.txt,barabasi_albert_10ins_m20,47,SpecAnn-cold,0.9720503535125016,1.0,-16563868.999999998,0.1129748821258544,0,True,53,321,False,120,32,2025-11-16 06:40:22
ba_65536_1_5.txt,barabasi_albert_10ins_m20,47,SpecAnn-cold,0.9760921603577252,1.0,-16561511.000000002,0.1014492511749267,0,True,53,289,False,121,32,2025-11-16 06:40:22
ba_65536_1_5.txt,barabasi_albert_10ins_m20,47,SpecAnn-cold,0.9801172997452104,1.0,-16558837.0,0.1237709522247314,0,True,53,353,False,122,32,2025-11-16 06:40:23
ba_65536_1_5.txt,barabasi_albert_10ins_m20,47,SpecAnn-cold,0.9841259761879442,1.0,-16573283.000000002,0.1125681400299072,0,True,53,321,False,123,32,2025-11-16 06:40:23
ba_65536_1_5.txt,barabasi_albert_10ins_m20,47,SpecAnn-cold,0.9881183900504562,1.0,-16576103.0,0.0900714397430419,0,True,53,257,False,124,32,2025-11-16 06:40:23
ba_65536_1_5.txt,barabasi_albert_10ins_m20,47,SpecAnn-cold,0.9920947376656812,1.0,-16553723.0,0.1352672576904297,0,True,53,385,False,125,32,2025-11-16 06:40:23
ba_65536_1_5.txt,barabasi_albert_10ins_m20,47,SpecAnn-cold,0.9960552114476228,1.0,-16529493.0,0.1036393642425537,0,True,53,289,False,126,32,2025-11-16 06:40:23
ba_65536_1_5.txt,barabasi_albert_10ins_m20,47,SpecAnn-cold,1.0,1.0,-16550527.0,0.1256957054138183,0,True,53,353,False,127,32,2025-11-16 06:40:23
ba_65536_1_5.txt,barabasi_albert_10ins_m20,48,SpecAnn-cold,0.0,1.0,-16188983.000000004,0.0140681266784667,0,True,68,33,False,0,32,2025-11-16 06:40:24
ba_65536_1_5.txt,barabasi_albert_10ins_m20,48,SpecAnn-cold,0.0887356509416113,1.0,-16140171.0,0.0124697685241699,0,True,68,33,False,1,32,2025-11-16 06:40:24
ba_65536_1_5.txt,barabasi_albert_10ins_m20,48,SpecAnn-cold,0.1254911610276317,1.0,-16198669.0,0.0123157501220703,0,True,68,33,False,2,32,2025-11-16 06:40:24
ba_65536_1_5.txt,barabasi_albert_10ins_m20,48,SpecAnn-cold,0.1536946558735679,1.0,-16175169.000000002,0.0122163295745849,0,True,68,33,False,3,32,2025-11-16 06:40:24
ba_65536_1_5.txt,barabasi_albert_10ins_m20,48,SpecAnn-cold,0.1774713018832227,1.0,-16137013.000000002,0.0122847557067871,0,True,68,33,False,4,32,2025-11-16 06:40:24
ba_65536_1_5.txt,barabasi_albert_10ins_m20,48,SpecAnn-cold,0.1984189475331362,1.0,-16187205.000000002,0.0123071670532226,0,True,68,33,False,5,32,2025-11-16 06:40:24
ba_65536_1_5.txt,barabasi_albert_10ins_m20,48,SpecAnn-cold,0.2173570668006655,1.0,-16227737.000000002,0.0121641159057617,0,True,68,33,False,6,32,2025-11-16 06:40:24
ba_65536_1_5.txt,barabasi_albert_10ins_m20,48,SpecAnn-cold,0.2347724648169381,1.0,-16190373.000000002,0.0121126174926757,0,True,68,33,False,7,32,2025-11-16 06:40:24
ba_65536_1_5.txt,barabasi_albert_10ins_m20,48,SpecAnn-cold,0.2509823220552634,1.0,-16191199.0,0.0122315883636474,0,True,68,33,False,8,32,2025-11-16 06:40:24
ba_65536_1_5.txt,barabasi_albert_10ins_m20,48,SpecAnn-cold,0.2662069528248341,1.0,-16164921.0,0.0122230052947998,0,True,68,33,False,9,32,2025-11-16 06:40:24
ba_65536_1_5.txt,barabasi_albert_10ins_m20,48,SpecAnn-cold,0.2806067666331568,1.0,-16133405.000000002,0.0121450424194335,0,True,68,33,False,10,32,2025-11-16 06:40:24
ba_65536_1_5.txt,barabasi_albert_10ins_m20,48,SpecAnn-cold,0.2943028597012718,1.0,-16188225.000000002,0.0122027397155761,0,True,68,33,False,11,32,2025-11-16 06:40:24
ba_65536_1_5.txt,barabasi_albert_10ins_m20,48,SpecAnn-cold,0.3073893117471359,1.0,-16166041.000000002,0.0121955871582031,0,True,68,33,False,12,32,2025-11-16 06:40:24
ba_65536_1_5.txt,barabasi_albert_10ins_m20,48,SpecAnn-cold,0.3199409394316542,1.0,-16140853.000000004,0.0122044086456298,0,True,68,33,False,13,32,2025-11-16 06:40:24
ba_65536_1_5.txt,barabasi_albert_10ins_m20,48,SpecAnn-cold,0.3320184038158743,1.0,-16176377.0,0.0122349262237548,0,True,68,33,False,14,32,2025-11-16 06:40:24
ba_65536_1_5.txt,barabasi_albert_10ins_m20,48,SpecAnn-cold,0.3436716983117353,1.0,-16198481.000000002,0.012265920639038,0,True,68,33,False,15,32,2025-11-16 06:40:24
ba_65536_1_5.txt,barabasi_albert_10ins_m20,48,SpecAnn-cold,0.3549426037664455,1.0,-16175627.000000002,0.0122170448303222,0,True,68,33,False,16,32,2025-11-16 06:40:24
ba_65536_1_5.txt,barabasi_albert_10ins_m20,48,SpecAnn-cold,0.3658664615902029,1.0,-16211365.000000002,0.0122110843658447,0,True,68,33,False,17,32,2025-11-16 06:40:24
ba_65536_1_5.txt,barabasi_albert_10ins_m20,48,SpecAnn-cold,0.3764734830828951,1.0,-16148397.000000002,0.0121717453002929,0,True,68,33,False,18,32,2025-11-16 06:40:24
ba_65536_1_5.txt,barabasi_albert_10ins_m20,48,SpecAnn-cold,0.3867897351437838,1.0,-16153273.000000002,0.0122010707855224,0,True,68,33,False,19,32,2025-11-16 06:40:24
ba_65536_1_5.txt,barabasi_albert_10ins_m20,48,SpecAnn-cold,0.3968378950662725,1.0,-16124061.000000002,0.012178897857666,0,True,68,33,False,20,32,2025-11-16 06:40:24
ba_65536_1_5.txt,barabasi_albert_10ins_m20,48,SpecAnn-cold,0.4066378372811136,1.0,-16147207.0,0.0124547481536865,0,True,68,33,False,21,32,2025-11-16 06:40:24
ba_65536_1_5.txt,barabasi_albert_10ins_m20,48,SpecAnn-cold,0.4162070956347247,1.0,-16190191.000000004,0.0124111175537109,0,True,68,33,False,22,32,2025-11-16 06:40:24
ba_65536_1_5.txt,barabasi_albert_10ins_m20,48,SpecAnn-cold,0.4255612320274539,1.0,-16185163.0,0.0123906135559082,0,True,68,33,False,23,32,2025-11-16 06:40:24
ba_65536_1_5.txt,barabasi_albert_10ins_m20,48,SpecAnn-cold,0.434714133601331,1.0,-16149358.999999998,0.0125255584716796,0,True,68,33,False,24,32,2025-11-16 06:40:24
ba_65536_1_5.txt,barabasi_albert_10ins_m20,48,SpecAnn-cold,0.4436782547080569,1.0,-16139695.000000002,0.0124838352203369,0,True,68,33,False,25,32,2025-11-16 06:40:24
ba_65536_1_5.txt,barabasi_albert_10ins_m20,48,SpecAnn-cold,0.4524648157026343,1.0,-16176653.0,0.0123658180236816,0,True,68,33,False,26,32,2025-11-16 06:40:24
ba_65536_1_5.txt,barabasi_albert_10ins_m20,48,SpecAnn-cold,0.4610839676207039,1.0,-16190051.0,0.0122475624084472,0,True,68,33,False,27,32,2025-11-16 06:40:24
ba_65536_1_5.txt,barabasi_albert_10ins_m20,48,SpecAnn-cold,0.4695449296338763,1.0,-16164563.000000002,0.0122919082641601,0,True,68,33,False,28,32,2025-11-16 06:40:24
ba_65536_1_5.txt,barabasi_albert_10ins_m20,48,SpecAnn-cold,0.4778561045889373,1.0,-16184977.0,0.0125465393066406,0,True,68,33,False,29,32,2025-11-16 06:40:24
ba_65536_1_5.txt,barabasi_albert_10ins_m20,48,SpecAnn-cold,0.4860251767562508,1.0,-16208315.0,0.0124857425689697,0,True,68,33,False,30,32,2025-11-16 06:40:24
ba_65536_1_5.txt,barabasi_albert_10ins_m20,48,SpecAnn-cold,0.4940591950252281,1.0,-16186869.000000002,0.0125219821929931,0,True,68,33,False,31,32,2025-11-16 06:40:24
ba_65536_1_5.txt,barabasi_albert_10ins_m20,48,SpecAnn-cold,0.5019646441105269,1.0,-16188096.999999998,0.0123083591461181,0,True,68,33,False,32,32,2025-11-16 06:40:24
ba_65536_1_5.txt,barabasi_albert_10ins_m20,48,SpecAnn-cold,0.5097475058154177,1.0,-16178457.000000002,0.0122177600860595,0,True,68,33,False,33,32,2025-11-16 06:40:24
ba_65536_1_5.txt,barabasi_albert_10ins_m20,48,SpecAnn-cold,0.51741331199832,1.0,-16221729.000000004,0.0122852325439453,0,True,68,33,False,34,32,2025-11-16 06:40:24
ba_65536_1_5.txt,barabasi_albert_10ins_m20,48,SpecAnn-cold,0.5249671905758515,1.0,-16187353.000000002,0.0122432708740234,0,True,68,33,False,35,32,2025-11-16 06:40:24
ba_65536_1_5.txt,barabasi_albert_10ins_m20,48,SpecAnn-cold,0.5324139056496683,1.0,-16210901.000000002,0.0121872425079345,0,True,68,33,False,36,32,2025-11-16 06:40:24
ba_65536_1_5.txt,barabasi_albert_10ins_m20,48,SpecAnn-cold,0.5397578926492556,1.0,-16219965.0,0.0124547481536865,0,True,68,33,False,37,32,2025-11-16 06:40:24
ba_65536_1_5.txt,barabasi_albert_10ins_m20,48,SpecAnn-cold,0.5470032892270364,1.0,-16239367.000000002,0.0124979019165039,0,True,68,33,False,38,32,2025-11-16 06:40:24
ba_65536_1_5.txt,barabasi_albert_10ins_m20,48,SpecAnn-cold,0.554153962516942,1.0,-16183424.999999998,0.0124483108520507,0,True,68,33,False,39,32,2025-11-16 06:40:24
ba_65536_1_5.txt,barabasi_albert_10ins_m20,48,SpecAnn-cold,0.5612135332663137,1.0,-16183387.0,0.0124359130859375,0,True,68,33,False,40,32,2025-11-16 06:40:24
ba_65536_1_5.txt,barabasi_albert_10ins_m20,48,SpecAnn-cold,0.5681853972686127,1.0,-16161205.000000002,0.0124487876892089,0,True,68,33,False,41,32,2025-11-16 06:40:24
ba_65536_1_5.txt,barabasi_albert_10ins_m20,48,SpecAnn-cold,0.5750727444570146,1.0,-16186097.000000002,0.0124258995056152,0,True,68,33,False,42,32,2025-11-16 06:40:24
ba_65536_1_5.txt,barabasi_albert_10ins_m20,48,SpecAnn-cold,0.5818785759635375,1.0,-16185889.000000004,0.012761116027832,0,True,68,33,False,43,32,2025-11-16 06:40:24
ba_65536_1_5.txt,barabasi_albert_10ins_m20,48,SpecAnn-cold,0.5886057194025436,1.0,-16186147.0,0.0121946334838867,0,True,68,33,False,44,32,2025-11-16 06:40:24
ba_65536_1_5.txt,barabasi_albert_10ins_m20,48,SpecAnn-cold,0.5952568425994088,1.0,-16196597.000000004,0.0125331878662109,0,True,68,33,False,45,32,2025-11-16 06:40:24
ba_65536_1_5.txt,barabasi_albert_10ins_m20,48,SpecAnn-cold,0.6018344659534288,1.0,-16182589.0,0.012561559677124,0,True,68,33,False,46,32,2025-11-16 06:40:24
ba_65536_1_5.txt,barabasi_albert_10ins_m20,48,SpecAnn-cold,0.6083409735974393,1.0,-16196892.999999998,0.0124948024749755,0,True,68,33,False,47,32,2025-11-16 06:40:24
ba_65536_1_5.txt,barabasi_albert_10ins_m20,48,SpecAnn-cold,0.6147786234942719,1.0,-16149924.999999998,0.0124940872192382,0,True,68,33,False,48,32,2025-11-16 06:40:24
ba_65536_1_5.txt,barabasi_albert_10ins_m20,48,SpecAnn-cold,0.6211495565912796,1.0,-16174157.000000002,0.0124106407165527,0,True,68,33,False,49,32,2025-11-16 06:40:24
ba_65536_1_5.txt,barabasi_albert_10ins_m20,48,SpecAnn-cold,0.6274558051381586,1.0,-16188963.000000002,0.0123708248138427,0,True,68,33,False,50,32,2025-11-16 06:40:24
ba_65536_1_5.txt,barabasi_albert_10ins_m20,48,SpecAnn-cold,0.6336993002596786,1.0,-16203335.000000002,0.0123217105865478,0,True,68,33,False,51,32,2025-11-16 06:40:24
ba_65536_1_5.txt,barabasi_albert_10ins_m20,48,SpecAnn-cold,0.6398818788633085,1.0,-16203663.000000002,0.0122499465942382,0,True,68,33,False,52,32,2025-11-16 06:40:24
ba_65536_1_5.txt,barabasi_albert_10ins_m20,48,SpecAnn-cold,0.6460052899517691,1.0,-16230725.0,0.0125527381896972,0,True,68,33,False,53,32,2025-11-16 06:40:24
ba_65536_1_5.txt,barabasi_albert_10ins_m20,48,SpecAnn-cold,0.6520712004019966,1.0,-16207335.0,0.0126454830169677,0,True,68,33,False,54,32,2025-11-16 06:40:24
ba_65536_1_5.txt,barabasi_albert_10ins_m20,48,SpecAnn-cold,0.6580812002646271,1.0,-16178759.000000002,0.0125191211700439,0,True,68,33,False,55,32,2025-11-16 06:40:24
ba_65536_1_5.txt,barabasi_albert_10ins_m20,48,SpecAnn-cold,0.6640368076317485,1.0,-16206273.000000002,0.0125346183776855,0,True,68,33,False,56,32,2025-11-16 06:40:24
ba_65536_1_5.txt,barabasi_albert_10ins_m20,48,SpecAnn-cold,0.6699394731151429,1.0,-16205591.000000002,0.0123088359832763,0,True,68,33,False,57,32,2025-11-16 06:40:24
ba_65536_1_5.txt,barabasi_albert_10ins_m20,48,SpecAnn-cold,0.6757905839724513,1.0,-16201665.000000002,0.0123019218444824,0,True,68,33,False,58,32,2025-11-16 06:40:24
ba_65536_1_5.txt,barabasi_albert_10ins_m20,48,SpecAnn-cold,0.6815914679145113,1.0,-16200289.0,0.0123488903045654,0,True,68,33,False,59,32,2025-11-16 06:40:24
ba_65536_1_5.txt,barabasi_albert_10ins_m20,48,SpecAnn-cold,0.6873433966234707,1.0,-16197720.999999998,0.0122408866882324,0,True,68,33,False,60,32,2025-11-16 06:40:24
ba_65536_1_5.txt,barabasi_albert_10ins_m20,48,SpecAnn-cold,0.6930475890080863,1.0,-16230083.000000004,0.012427806854248,0,True,68,33,False,61,32,2025-11-16 06:40:24
ba_65536_1_5.txt,barabasi_albert_10ins_m20,48,SpecAnn-cold,0.6987052142198116,1.0,-16175161.000000002,0.0125048160552978,0,True,68,33,False,62,32,2025-11-16 06:40:24
ba_65536_1_5.txt,barabasi_albert_10ins_m20,48,SpecAnn-cold,0.7043173944508145,1.0,-16213777.000000002,0.0124614238739013,0,True,68,33,False,63,32,2025-11-16 06:40:24
ba_65536_1_5.txt,barabasi_albert_10ins_m20,48,SpecAnn-cold,0.709885207532891,1.0,-16205177.0,0.0123682022094726,0,True,68,33,False,64,32,2025-11-16 06:40:24
ba_65536_1_5.txt,barabasi_albert_10ins_m20,48,SpecAnn-cold,0.7154096893543218,1.0,-16212649.000000002,0.0121984481811523,0,True,68,33,False,65,32,2025-11-16 06:40:24
ba_65536_1_5.txt,barabasi_albert_10ins_m20,48,SpecAnn-cold,0.7208918361100219,1.0,-16235049.0,0.0122523307800292,0,True,68,33,False,66,32,2025-11-16 06:40:24
ba_65536_1_5.txt,barabasi_albert_10ins_m20,48,SpecAnn-cold,0.7263326063988248,1.0,-16205692.999999998,0.0122010707855224,0,True,68,33,False,67,32,2025-11-16 06:40:24
ba_65536_1_5.txt,barabasi_albert_10ins_m20,48,SpecAnn-cold,0.7317329231804058,1.0,-16231889.0,0.0122344493865966,0,True,68,33,False,68,32,2025-11-16 06:40:24
ba_65536_1_5.txt,barabasi_albert_10ins_m20,48,SpecAnn-cold,0.7370936756031579,1.0,-16250692.999999998,0.0123026371002197,0,True,68,33,False,69,32,2025-11-16 06:40:24
ba_65536_1_5.txt,barabasi_albert_10ins_m20,48,SpecAnn-cold,0.7424157207132704,1.0,-16229383.000000002,0.0123076438903808,0,True,68,33,False,70,32,2025-11-16 06:40:24
ba_65536_1_5.txt,barabasi_albert_10ins_m20,48,SpecAnn-cold,0.7476998850543153,1.0,-16256047.000000004,0.0122110843658447,0,True,68,33,False,71,32,2025-11-16 06:40:24
ba_65536_1_5.txt,barabasi_albert_10ins_m20,48,SpecAnn-cold,0.7529469661657903,1.0,-16281581.0,0.0123383998870849,0,True,68,33,False,72,32,2025-11-16 06:40:24
ba_65536_1_5.txt,barabasi_albert_10ins_m20,48,SpecAnn-cold,0.7581577339883167,1.0,-16227897.0,0.0122203826904296,0,True,68,33,False,73,32,2025-11-16 06:40:25
ba_65536_1_5.txt,barabasi_albert_10ins_m20,48,SpecAnn-cold,0.7633329321824984,1.0,-16241599.000000002,0.0122730731964111,0,True,68,33,False,74,32,2025-11-16 06:40:25
ba_65536_1_5.txt,barabasi_albert_10ins_m20,48,SpecAnn-cold,0.7684732793678399,1.0,-16225301.000000004,0.0122172832489013,0,True,68,33,False,75,32,2025-11-16 06:40:25
ba_65536_1_5.txt,barabasi_albert_10ins_m20,48,SpecAnn-cold,0.7735794702875677,1.0,-16230699.000000002,0.0122077465057373,0,True,68,33,False,76,32,2025-11-16 06:40:25
ba_65536_1_5.txt,barabasi_albert_10ins_m20,48,SpecAnn-cold,0.7786521769046981,1.0,-16234091.000000002,0.0122685432434082,0,True,68,33,False,77,32,2025-11-16 06:40:25
ba_65536_1_5.txt,barabasi_albert_10ins_m20,48,SpecAnn-cold,0.7836920494342511,1.0,-16270243.000000002,0.0123646259307861,0,True,68,33,False,78,32,2025-11-16 06:40:25
ba_65536_1_5.txt,barabasi_albert_10ins_m20,48,SpecAnn-cold,0.788699717316095,1.0,-16280969.0,0.0122609138488769,0,True,68,33,False,79,32,2025-11-16 06:40:25
ba_65536_1_5.txt,barabasi_albert_10ins_m20,48,SpecAnn-cold,0.7936757901325451,1.0,-16264499.000000002,0.0123305320739746,0,True,68,33,False,80,32,2025-11-16 06:40:25
ba_65536_1_5.txt,barabasi_albert_10ins_m20,48,SpecAnn-cold,0.7986208584745024,1.0,-16244747.000000002,0.0123443603515625,0,True,68,33,False,81,32,2025-11-16 06:40:25
ba_65536_1_5.txt,barabasi_albert_10ins_m20,48,SpecAnn-cold,0.803535494759617,1.0,-16278185.000000002,0.0122759342193603,0,True,68,33,False,82,32,2025-11-16 06:40:25
ba_65536_1_5.txt,barabasi_albert_10ins_m20,48,SpecAnn-cold,0.8084202540056837,1.0,-16267871.000000002,0.0122952461242675,0,True,68,33,False,83,32,2025-11-16 06:40:25
ba_65536_1_5.txt,barabasi_albert_10ins_m20,48,SpecAnn-cold,0.8132756745622272,1.0,-16254775.000000002,0.0123302936553955,0,True,68,33,False,84,32,2025-11-16 06:40:25
ba_65536_1_5.txt,barabasi_albert_10ins_m20,48,SpecAnn-cold,0.8181022788030096,1.0,-16258141.0,0.012402057647705,0,True,68,33,False,85,32,2025-11-16 06:40:25
ba_65536_1_5.txt,barabasi_albert_10ins_m20,48,SpecAnn-cold,0.822900573781978,1.0,-16243104.999999998,0.0123744010925292,0,True,68,33,False,86,32,2025-11-16 06:40:25
ba_65536_1_5.txt,barabasi_albert_10ins_m20,48,SpecAnn-cold,0.8276710518549868,1.0,-16298057.000000002,0.0123462677001953,0,True,68,33,False,87,32,2025-11-16 06:40:25
ba_65536_1_5.txt,barabasi_albert_10ins_m20,48,SpecAnn-cold,0.8324141912694495,1.0,-16292109.000000002,0.0123307704925537,0,True,68,33,False,88,32,2025-11-16 06:40:25
ba_65536_1_5.txt,barabasi_albert_10ins_m20,48,SpecAnn-cold,0.8371304567239225,1.0,-16279607.0,0.0123078823089599,0,True,68,33,False,89,32,2025-11-16 06:40:25
ba_65536_1_5.txt,barabasi_albert_10ins_m20,48,SpecAnn-cold,0.8418202998994706,1.0,-16306595.0,0.0122907161712646,0,True,68,33,False,90,32,2025-11-16 06:40:25
ba_65536_1_5.txt,barabasi_albert_10ins_m20,48,SpecAnn-cold,0.846484159964536,1.0,-16290855.000000002,0.0122909545898437,0,True,68,33,False,91,32,2025-11-16 06:40:25
ba_65536_1_5.txt,barabasi_albert_10ins_m20,48,SpecAnn-cold,0.8511224640549078,1.0,-16307161.000000004,0.012263536453247,0,True,68,33,False,92,32,2025-11-16 06:40:25
ba_65536_1_5.txt,barabasi_albert_10ins_m20,48,SpecAnn-cold,0.8557356277302758,1.0,-16330253.0,0.0123188495635986,0,True,68,33,False,93,32,2025-11-16 06:40:25
ba_65536_1_5.txt,barabasi_albert_10ins_m20,48,SpecAnn-cold,0.8603240554087516,1.0,-16343159.000000002,0.0233740806579589,0,True,68,65,False,94,32,2025-11-16 06:40:25
ba_65536_1_5.txt,barabasi_albert_10ins_m20,48,SpecAnn-cold,0.86488814078064,1.0,-16317667.0,0.0235354900360107,0,True,68,65,False,95,32,2025-11-16 06:40:25
ba_65536_1_5.txt,barabasi_albert_10ins_m20,48,SpecAnn-cold,0.8694282672026621,1.0,-16342457.0,0.0233657360076904,0,True,68,65,False,96,32,2025-11-16 06:40:25
ba_65536_1_5.txt,barabasi_albert_10ins_m20,48,SpecAnn-cold,0.8739448080737451,1.0,-16336643.000000002,0.0234050750732421,0,True,68,65,False,97,32,2025-11-16 06:40:25
ba_65536_1_5.txt,barabasi_albert_10ins_m20,48,SpecAnn-cold,0.878438127193422,1.0,-16381724.999999998,0.0235013961791992,0,True,68,65,False,98,32,2025-11-16 06:40:25
ba_65536_1_5.txt,barabasi_albert_10ins_m20,48,SpecAnn-cold,0.8829085791038153,1.0,-16372113.000000002,0.0235750675201416,0,True,68,65,False,99,32,2025-11-16 06:40:25
ba_65536_1_5.txt,barabasi_albert_10ins_m20,48,SpecAnn-cold,0.8873565094161138,1.0,-16403735.0,0.0235240459442138,0,True,68,65,False,100,32,2025-11-16 06:40:25
ba_65536_1_5.txt,barabasi_albert_10ins_m20,48,SpecAnn-cold,0.8917822551223932,1.0,-16447673.0,0.0238294601440429,0,True,68,65,False,101,32,2025-11-16 06:40:25
ba_65536_1_5.txt,barabasi_albert_10ins_m20,48,SpecAnn-cold,0.8961861448935777,1.0,-16437663.000000002,0.0239262580871582,0,True,68,65,False,102,32,2025-11-16 06:40:25
ba_65536_1_5.txt,barabasi_albert_10ins_m20,48,SpecAnn-cold,0.9005684993642872,1.0,-16475463.000000002,0.0235717296600341,0,True,68,65,False,103,32,2025-11-16 06:40:25
ba_65536_1_5.txt,barabasi_albert_10ins_m20,48,SpecAnn-cold,0.9049296314052688,1.0,-16436905.000000002,0.0233724117279052,0,True,68,65,False,104,32,2025-11-16 06:40:25
ba_65536_1_5.txt,barabasi_albert_10ins_m20,48,SpecAnn-cold,0.9092698463840684,1.0,-16486172.999999998,0.023449420928955,0,True,68,65,False,105,32,2025-11-16 06:40:25
ba_65536_1_5.txt,barabasi_albert_10ins_m20,48,SpecAnn-cold,0.9135894424145556,1.0,-16496643.0,0.0235986709594726,0,True,68,65,False,106,32,2025-11-16 06:40:25
ba_65536_1_5.txt,barabasi_albert_10ins_m20,48,SpecAnn-cold,0.9178887105958816,1.0,-16475398.999999998,0.0353584289550781,0,True,68,97,False,107,32,2025-11-16 06:40:25
ba_65536_1_5.txt,barabasi_albert_10ins_m20,48,SpecAnn-cold,0.922167935241408,1.0,-16537645.000000002,0.0353600978851318,0,True,68,97,False,108,32,2025-11-16 06:40:25
ba_65536_1_5.txt,barabasi_albert_10ins_m20,48,SpecAnn-cold,0.92642739409812,1.0,-16570757.000000002,0.0348114967346191,0,True,68,97,False,109,32,2025-11-16 06:40:25
ba_65536_1_5.txt,barabasi_albert_10ins_m20,48,SpecAnn-cold,0.9306673585570006,1.0,-16569707.0,0.0468976497650146,0,True,68,129,False,110,32,2025-11-16 06:40:25
ba_65536_1_5.txt,barabasi_albert_10ins_m20,48,SpecAnn-cold,0.9348880938548184,1.0,-16616021.0,0.0464658737182617,0,True,68,129,False,111,32,2025-11-16 06:40:25
ba_65536_1_5.txt,barabasi_albert_10ins_m20,48,SpecAnn-cold,0.9390898592677528,1.0,-16638194.999999998,0.0574655532836914,0,True,68,161,False,112,32,2025-11-16 06:40:25
ba_65536_1_5.txt,barabasi_albert_10ins_m20,48,SpecAnn-cold,0.9432729082972536,1.0,-16665583.0,0.0796425342559814,0,True,68,225,False,113,32,2025-11-16 06:40:25
ba_65536_1_5.txt,barabasi_albert_10ins_m20,48,SpecAnn-cold,0.9474374888485204,1.0,-16675484.999999998,0.1916799545288086,0,True,68,545,False,114,32,2025-11-16 06:40:26
ba_65536_1_5.txt,barabasi_albert_10ins_m20,48,SpecAnn-cold,0.9515838434019476,1.0,-16619739.000000004,0.1133890151977539,0,True,68,321,False,115,32,2025-11-16 06:40:26
ba_65536_1_5.txt,barabasi_albert_10ins_m20,48,SpecAnn-cold,0.9557122091778746,1.0,-16615527.0,0.1131689548492431,0,True,68,321,False,116,32,2025-11-16 06:40:26
ba_65536_1_5.txt,barabasi_albert_10ins_m20,48,SpecAnn-cold,0.9598228182949629,1.0,-16572645.000000002,0.1131863594055175,0,True,68,321,False,117,32,2025-11-16 06:40:26
ba_65536_1_5.txt,barabasi_albert_10ins_m20,48,SpecAnn-cold,0.963915897922488,1.0,-16594397.0,0.1020686626434326,0,True,68,289,False,118,32,2025-11-16 06:40:26
ba_65536_1_5.txt,barabasi_albert_10ins_m20,48,SpecAnn-cold,0.967991670426842,1.0,-16570235.000000004,0.125084638595581,0,True,68,353,False,119,32,2025-11-16 06:40:26
ba_65536_1_5.txt,barabasi_albert_10ins_m20,48,SpecAnn-cold,0.9720503535125016,1.0,-16568664.999999998,0.1029512882232666,0,True,68,289,False,120,32,2025-11-16 06:40:26
ba_65536_1_5.txt,barabasi_albert_10ins_m20,48,SpecAnn-cold,0.9760921603577252,1.0,-16587925.000000004,0.1020081043243408,0,True,68,289,False,121,32,2025-11-16 06:40:26
ba_65536_1_5.txt,barabasi_albert_10ins_m20,48,SpecAnn-cold,0.9801172997452104,1.0,-16557903.000000002,0.1019368171691894,0,True,68,289,False,122,32,2025-11-16 06:40:26
ba_65536_1_5.txt,barabasi_albert_10ins_m20,48,SpecAnn-cold,0.9841259761879442,1.0,-16572607.000000002,0.0794811248779296,0,True,68,225,False,123,32,2025-11-16 06:40:27
ba_65536_1_5.txt,barabasi_albert_10ins_m20,48,SpecAnn-cold,0.9881183900504562,1.0,-16576317.000000004,0.1018388271331787,0,True,68,289,False,124,32,2025-11-16 06:40:27
ba_65536_1_5.txt,barabasi_albert_10ins_m20,48,SpecAnn-cold,0.9920947376656812,1.0,-16547865.0,0.1582682132720947,0,True,68,449,False,125,32,2025-11-16 06:40:27
ba_65536_1_5.txt,barabasi_albert_10ins_m20,48,SpecAnn-cold,0.9960552114476228,1.0,-16510369.0,0.0905489921569824,0,True,68,257,False,126,32,2025-11-16 06:40:27
ba_65536_1_5.txt,barabasi_albert_10ins_m20,48,SpecAnn-cold,1.0,1.0,-16555149.0,0.0914041996002197,0,True,68,257,False,127,32,2025-11-16 06:40:27
ba_65536_1_5.txt,barabasi_albert_10ins_m20,49,SpecAnn-cold,0.0,1.0,-16184531.000000002,0.014082908630371,0,True,52,33,False,0,32,2025-11-16 06:40:27
ba_65536_1_5.txt,barabasi_albert_10ins_m20,49,SpecAnn-cold,0.0887356509416113,1.0,-16193483.000000002,0.012427806854248,0,True,52,33,False,1,32,2025-11-16 06:40:27
ba_65536_1_5.txt,barabasi_albert_10ins_m20,49,SpecAnn-cold,0.1254911610276317,1.0,-16169525.0,0.0122838020324707,0,True,52,33,False,2,32,2025-11-16 06:40:28
ba_65536_1_5.txt,barabasi_albert_10ins_m20,49,SpecAnn-cold,0.1536946558735679,1.0,-16198321.0,0.01231050491333,0,True,52,33,False,3,32,2025-11-16 06:40:28
ba_65536_1_5.txt,barabasi_albert_10ins_m20,49,SpecAnn-cold,0.1774713018832227,1.0,-16157571.000000002,0.012218952178955,0,True,52,33,False,4,32,2025-11-16 06:40:28
ba_65536_1_5.txt,barabasi_albert_10ins_m20,49,SpecAnn-cold,0.1984189475331362,1.0,-16114547.0,0.0122437477111816,0,True,52,33,False,5,32,2025-11-16 06:40:28
ba_65536_1_5.txt,barabasi_albert_10ins_m20,49,SpecAnn-cold,0.2173570668006655,1.0,-16163950.999999998,0.012233018875122,0,True,52,33,False,6,32,2025-11-16 06:40:28
ba_65536_1_5.txt,barabasi_albert_10ins_m20,49,SpecAnn-cold,0.2347724648169381,1.0,-16161899.000000004,0.0122592449188232,0,True,52,33,False,7,32,2025-11-16 06:40:28
ba_65536_1_5.txt,barabasi_albert_10ins_m20,49,SpecAnn-cold,0.2509823220552634,1.0,-16156357.000000002,0.0123567581176757,0,True,52,33,False,8,32,2025-11-16 06:40:28
ba_65536_1_5.txt,barabasi_albert_10ins_m20,49,SpecAnn-cold,0.2662069528248341,1.0,-16162856.999999998,0.0122537612915039,0,True,52,33,False,9,32,2025-11-16 06:40:28
ba_65536_1_5.txt,barabasi_albert_10ins_m20,49,SpecAnn-cold,0.2806067666331568,1.0,-16161249.0,0.0121979713439941,0,True,52,33,False,10,32,2025-11-16 06:40:28
ba_65536_1_5.txt,barabasi_albert_10ins_m20,49,SpecAnn-cold,0.2943028597012718,1.0,-16154043.0,0.0122706890106201,0,True,52,33,False,11,32,2025-11-16 06:40:28
ba_65536_1_5.txt,barabasi_albert_10ins_m20,49,SpecAnn-cold,0.3073893117471359,1.0,-16139701.0,0.0122027397155761,0,True,52,33,False,12,32,2025-11-16 06:40:28
ba_65536_1_5.txt,barabasi_albert_10ins_m20,49,SpecAnn-cold,0.3199409394316542,1.0,-16150710.999999998,0.0122954845428466,0,True,52,33,False,13,32,2025-11-16 06:40:28
ba_65536_1_5.txt,barabasi_albert_10ins_m20,49,SpecAnn-cold,0.3320184038158743,1.0,-16172752.999999998,0.012326955795288,0,True,52,33,False,14,32,2025-11-16 06:40:28
ba_65536_1_5.txt,barabasi_albert_10ins_m20,49,SpecAnn-cold,0.3436716983117353,1.0,-16132307.0,0.0122618675231933,0,True,52,33,False,15,32,2025-11-16 06:40:28
ba_65536_1_5.txt,barabasi_albert_10ins_m20,49,SpecAnn-cold,0.3549426037664455,1.0,-16166123.000000004,0.0122509002685546,0,True,52,33,False,16,32,2025-11-16 06:40:28
ba_65536_1_5.txt,barabasi_albert_10ins_m20,49,SpecAnn-cold,0.3658664615902029,1.0,-16175933.0,0.012233018875122,0,True,52,33,False,17,32,2025-11-16 06:40:28
ba_65536_1_5.txt,barabasi_albert_10ins_m20,49,SpecAnn-cold,0.3764734830828951,1.0,-16140115.000000002,0.0122809410095214,0,True,52,33,False,18,32,2025-11-16 06:40:28
ba_65536_1_5.txt,barabasi_albert_10ins_m20,49,SpecAnn-cold,0.3867897351437838,1.0,-16178441.000000002,0.0123016834259033,0,True,52,33,False,19,32,2025-11-16 06:40:28
ba_65536_1_5.txt,barabasi_albert_10ins_m20,49,SpecAnn-cold,0.3968378950662725,1.0,-16146312.999999996,0.0122654438018798,0,True,52,33,False,20,32,2025-11-16 06:40:28
ba_65536_1_5.txt,barabasi_albert_10ins_m20,49,SpecAnn-cold,0.4066378372811136,1.0,-16143159.000000002,0.0122084617614746,0,True,52,33,False,21,32,2025-11-16 06:40:28
ba_65536_1_5.txt,barabasi_albert_10ins_m20,49,SpecAnn-cold,0.4162070956347247,1.0,-16147777.000000002,0.0122530460357666,0,True,52,33,False,22,32,2025-11-16 06:40:28
ba_65536_1_5.txt,barabasi_albert_10ins_m20,49,SpecAnn-cold,0.4255612320274539,1.0,-16132992.999999998,0.0122628211975097,0,True,52,33,False,23,32,2025-11-16 06:40:28
ba_65536_1_5.txt,barabasi_albert_10ins_m20,49,SpecAnn-cold,0.434714133601331,1.0,-16143637.0,0.0122303962707519,0,True,52,33,False,24,32,2025-11-16 06:40:28
ba_65536_1_5.txt,barabasi_albert_10ins_m20,49,SpecAnn-cold,0.4436782547080569,1.0,-16177451.0,0.0122516155242919,0,True,52,33,False,25,32,2025-11-16 06:40:28
ba_65536_1_5.txt,barabasi_albert_10ins_m20,49,SpecAnn-cold,0.4524648157026343,1.0,-16165499.000000002,0.0121951103210449,0,True,52,33,False,26,32,2025-11-16 06:40:28
ba_65536_1_5.txt,barabasi_albert_10ins_m20,49,SpecAnn-cold,0.4610839676207039,1.0,-16198216.999999998,0.0122702121734619,0,True,52,33,False,27,32,2025-11-16 06:40:28
ba_65536_1_5.txt,barabasi_albert_10ins_m20,49,SpecAnn-cold,0.4695449296338763,1.0,-16169003.000000002,0.0123002529144287,0,True,52,33,False,28,32,2025-11-16 06:40:28
ba_65536_1_5.txt,barabasi_albert_10ins_m20,49,SpecAnn-cold,0.4778561045889373,1.0,-16154665.0,0.0122685432434082,0,True,52,33,False,29,32,2025-11-16 06:40:28
ba_65536_1_5.txt,barabasi_albert_10ins_m20,49,SpecAnn-cold,0.4860251767562508,1.0,-16137714.999999998,0.0122444629669189,0,True,52,33,False,30,32,2025-11-16 06:40:28
ba_65536_1_5.txt,barabasi_albert_10ins_m20,49,SpecAnn-cold,0.4940591950252281,1.0,-16177059.0,0.0122973918914794,0,True,52,33,False,31,32,2025-11-16 06:40:28
ba_65536_1_5.txt,barabasi_albert_10ins_m20,49,SpecAnn-cold,0.5019646441105269,1.0,-16133253.0,0.0123207569122314,0,True,52,33,False,32,32,2025-11-16 06:40:28
ba_65536_1_5.txt,barabasi_albert_10ins_m20,49,SpecAnn-cold,0.5097475058154177,1.0,-16157889.000000002,0.0122241973876953,0,True,52,33,False,33,32,2025-11-16 06:40:28
ba_65536_1_5.txt,barabasi_albert_10ins_m20,49,SpecAnn-cold,0.51741331199832,1.0,-16162077.0,0.0121867656707763,0,True,52,33,False,34,32,2025-11-16 06:40:28
ba_65536_1_5.txt,barabasi_albert_10ins_m20,49,SpecAnn-cold,0.5249671905758515,1.0,-16185993.0,0.0122818946838378,0,True,52,33,False,35,32,2025-11-16 06:40:28
ba_65536_1_5.txt,barabasi_albert_10ins_m20,49,SpecAnn-cold,0.5324139056496683,1.0,-16147283.000000002,0.0122158527374267,0,True,52,33,False,36,32,2025-11-16 06:40:28
ba_65536_1_5.txt,barabasi_albert_10ins_m20,49,SpecAnn-cold,0.5397578926492556,1.0,-16140109.0,0.0122520923614501,0,True,52,33,False,37,32,2025-11-16 06:40:28
ba_65536_1_5.txt,barabasi_albert_10ins_m20,49,SpecAnn-cold,0.5470032892270364,1.0,-16198879.0,0.0122966766357421,0,True,52,33,False,38,32,2025-11-16 06:40:28
ba_65536_1_5.txt,barabasi_albert_10ins_m20,49,SpecAnn-cold,0.554153962516942,1.0,-16147885.0,0.0123329162597656,0,True,52,33,False,39,32,2025-11-16 06:40:28
ba_65536_1_5.txt,barabasi_albert_10ins_m20,49,SpecAnn-cold,0.5612135332663137,1.0,-16163205.0,0.012258768081665,0,True,52,33,False,40,32,2025-11-16 06:40:28
ba_65536_1_5.txt,barabasi_albert_10ins_m20,49,SpecAnn-cold,0.5681853972686127,1.0,-16156983.0,0.0122687816619873,0,True,52,33,False,41,32,2025-11-16 06:40:28
ba_65536_1_5.txt,barabasi_albert_10ins_m20,49,SpecAnn-cold,0.5750727444570146,1.0,-16158763.0,0.0123400688171386,0,True,52,33,False,42,32,2025-11-16 06:40:28
ba_65536_1_5.txt,barabasi_albert_10ins_m20,49,SpecAnn-cold,0.5818785759635375,1.0,-16165274.999999998,0.0123233795166015,0,True,52,33,False,43,32,2025-11-16 06:40:28
ba_65536_1_5.txt,barabasi_albert_10ins_m20,49,SpecAnn-cold,0.5886057194025436,1.0,-16171110.999999998,0.0122601985931396,0,True,52,33,False,44,32,2025-11-16 06:40:28
ba_65536_1_5.txt,barabasi_albert_10ins_m20,49,SpecAnn-cold,0.5952568425994088,1.0,-16122977.0,0.012305736541748,0,True,52,33,False,45,32,2025-11-16 06:40:28
ba_65536_1_5.txt,barabasi_albert_10ins_m20,49,SpecAnn-cold,0.6018344659534288,1.0,-16144571.000000002,0.0123262405395507,0,True,52,33,False,46,32,2025-11-16 06:40:28
ba_65536_1_5.txt,barabasi_albert_10ins_m20,49,SpecAnn-cold,0.6083409735974393,1.0,-16217251.000000004,0.0122573375701904,0,True,52,33,False,47,32,2025-11-16 06:40:28
ba_65536_1_5.txt,barabasi_albert_10ins_m20,49,SpecAnn-cold,0.6147786234942719,1.0,-16169245.0,0.0123608112335205,0,True,52,33,False,48,32,2025-11-16 06:40:28
ba_65536_1_5.txt,barabasi_albert_10ins_m20,49,SpecAnn-cold,0.6211495565912796,1.0,-16195671.0,0.0123260021209716,0,True,52,33,False,49,32,2025-11-16 06:40:28
ba_65536_1_5.txt,barabasi_albert_10ins_m20,49,SpecAnn-cold,0.6274558051381586,1.0,-16188631.000000002,0.0123376846313476,0,True,52,33,False,50,32,2025-11-16 06:40:28
ba_65536_1_5.txt,barabasi_albert_10ins_m20,49,SpecAnn-cold,0.6336993002596786,1.0,-16194187.000000002,0.0123059749603271,0,True,52,33,False,51,32,2025-11-16 06:40:28
ba_65536_1_5.txt,barabasi_albert_10ins_m20,49,SpecAnn-cold,0.6398818788633085,1.0,-16163915.0,0.012449026107788,0,True,52,33,False,52,32,2025-11-16 06:40:28
ba_65536_1_5.txt,barabasi_albert_10ins_m20,49,SpecAnn-cold,0.6460052899517691,1.0,-16206873.000000002,0.0125861167907714,0,True,52,33,False,53,32,2025-11-16 06:40:28
ba_65536_1_5.txt,barabasi_albert_10ins_m20,49,SpecAnn-cold,0.6520712004019966,1.0,-16178853.000000002,0.0125858783721923,0,True,52,33,False,54,32,2025-11-16 06:40:28
ba_65536_1_5.txt,barabasi_albert_10ins_m20,49,SpecAnn-cold,0.6580812002646271,1.0,-16174841.0,0.0126001834869384,0,True,52,33,False,55,32,2025-11-16 06:40:28
ba_65536_1_5.txt,barabasi_albert_10ins_m20,49,SpecAnn-cold,0.6640368076317485,1.0,-16231411.000000002,0.0124740600585937,0,True,52,33,False,56,32,2025-11-16 06:40:28
ba_65536_1_5.txt,barabasi_albert_10ins_m20,49,SpecAnn-cold,0.6699394731151429,1.0,-16190589.000000002,0.0123517513275146,0,True,52,33,False,57,32,2025-11-16 06:40:28
ba_65536_1_5.txt,barabasi_albert_10ins_m20,49,SpecAnn-cold,0.6757905839724513,1.0,-16191927.000000004,0.0127153396606445,0,True,52,33,False,58,32,2025-11-16 06:40:28
ba_65536_1_5.txt,barabasi_albert_10ins_m20,49,SpecAnn-cold,0.6815914679145113,1.0,-16227905.0,0.0127246379852294,0,True,52,33,False,59,32,2025-11-16 06:40:28
ba_65536_1_5.txt,barabasi_albert_10ins_m20,49,SpecAnn-cold,0.6873433966234707,1.0,-16192593.0,0.0126140117645263,0,True,52,33,False,60,32,2025-11-16 06:40:28
ba_65536_1_5.txt,barabasi_albert_10ins_m20,49,SpecAnn-cold,0.6930475890080863,1.0,-16210541.0,0.0125882625579833,0,True,52,33,False,61,32,2025-11-16 06:40:28
ba_65536_1_5.txt,barabasi_albert_10ins_m20,49,SpecAnn-cold,0.6987052142198116,1.0,-16212121.0,0.0124268531799316,0,True,52,33,False,62,32,2025-11-16 06:40:28
ba_65536_1_5.txt,barabasi_albert_10ins_m20,49,SpecAnn-cold,0.7043173944508145,1.0,-16218906.999999998,0.0123672485351562,0,True,52,33,False,63,32,2025-11-16 06:40:28
ba_65536_1_5.txt,barabasi_albert_10ins_m20,49,SpecAnn-cold,0.709885207532891,1.0,-16227099.0,0.0123515129089355,0,True,52,33,False,64,32,2025-11-16 06:40:28
ba_65536_1_5.txt,barabasi_albert_10ins_m20,49,SpecAnn-cold,0.7154096893543218,1.0,-16212793.000000002,0.0122885704040527,0,True,52,33,False,65,32,2025-11-16 06:40:28
ba_65536_1_5.txt,barabasi_albert_10ins_m20,49,SpecAnn-cold,0.7208918361100219,1.0,-16236313.0,0.0122952461242675,0,True,52,33,False,66,32,2025-11-16 06:40:28
ba_65536_1_5.txt,barabasi_albert_10ins_m20,49,SpecAnn-cold,0.7263326063988248,1.0,-16169063.000000002,0.0123043060302734,0,True,52,33,False,67,32,2025-11-16 06:40:28
ba_65536_1_5.txt,barabasi_albert_10ins_m20,49,SpecAnn-cold,0.7317329231804058,1.0,-16181789.000000002,0.0123212337493896,0,True,52,33,False,68,32,2025-11-16 06:40:28
ba_65536_1_5.txt,barabasi_albert_10ins_m20,49,SpecAnn-cold,0.7370936756031579,1.0,-16227389.0,0.0123412609100341,0,True,52,33,False,69,32,2025-11-16 06:40:28
ba_65536_1_5.txt,barabasi_albert_10ins_m20,49,SpecAnn-cold,0.7424157207132704,1.0,-16192026.999999998,0.0123615264892578,0,True,52,33,False,70,32,2025-11-16 06:40:28
ba_65536_1_5.txt,barabasi_albert_10ins_m20,49,SpecAnn-cold,0.7476998850543153,1.0,-16196213.0,0.0122971534729003,0,True,52,33,False,71,32,2025-11-16 06:40:28
ba_65536_1_5.txt,barabasi_albert_10ins_m20,49,SpecAnn-cold,0.7529469661657903,1.0,-16202803.000000002,0.01226806640625,0,True,52,33,False,72,32,2025-11-16 06:40:28
ba_65536_1_5.txt,barabasi_albert_10ins_m20,49,SpecAnn-cold,0.7581577339883167,1.0,-16186586.999999998,0.0122759342193603,0,True,52,33,False,73,32,2025-11-16 06:40:28
ba_65536_1_5.txt,barabasi_albert_10ins_m20,49,SpecAnn-cold,0.7633329321824984,1.0,-16231785.000000002,0.0123066902160644,0,True,52,33,False,74,32,2025-11-16 06:40:28
ba_65536_1_5.txt,barabasi_albert_10ins_m20,49,SpecAnn-cold,0.7684732793678399,1.0,-16226927.000000002,0.0123395919799804,0,True,52,33,False,75,32,2025-11-16 06:40:28
ba_65536_1_5.txt,barabasi_albert_10ins_m20,49,SpecAnn-cold,0.7735794702875677,1.0,-16235423.0,0.0123603343963623,0,True,52,33,False,76,32,2025-11-16 06:40:28
ba_65536_1_5.txt,barabasi_albert_10ins_m20,49,SpecAnn-cold,0.7786521769046981,1.0,-16224341.0,0.0123531818389892,0,True,52,33,False,77,32,2025-11-16 06:40:28
ba_65536_1_5.txt,barabasi_albert_10ins_m20,49,SpecAnn-cold,0.7836920494342511,1.0,-16221007.0,0.0122826099395751,0,True,52,33,False,78,32,2025-11-16 06:40:28
ba_65536_1_5.txt,barabasi_albert_10ins_m20,49,SpecAnn-cold,0.788699717316095,1.0,-16223955.000000002,0.0124216079711914,0,True,52,33,False,79,32,2025-11-16 06:40:28
ba_65536_1_5.txt,barabasi_albert_10ins_m20,49,SpecAnn-cold,0.7936757901325451,1.0,-16219052.999999998,0.0123367309570312,0,True,52,33,False,80,32,2025-11-16 06:40:28
ba_65536_1_5.txt,barabasi_albert_10ins_m20,49,SpecAnn-cold,0.7986208584745024,1.0,-16239677.0,0.0123732089996337,0,True,52,33,False,81,32,2025-11-16 06:40:28
ba_65536_1_5.txt,barabasi_albert_10ins_m20,49,SpecAnn-cold,0.803535494759617,1.0,-16277895.000000002,0.0123333930969238,0,True,52,33,False,82,32,2025-11-16 06:40:28
ba_65536_1_5.txt,barabasi_albert_10ins_m20,49,SpecAnn-cold,0.8084202540056837,1.0,-16255317.000000002,0.0123095512390136,0,True,52,33,False,83,32,2025-11-16 06:40:29
ba_65536_1_5.txt,barabasi_albert_10ins_m20,49,SpecAnn-cold,0.8132756745622272,1.0,-16260405.000000002,0.0123298168182373,0,True,52,33,False,84,32,2025-11-16 06:40:29
ba_65536_1_5.txt,barabasi_albert_10ins_m20,49,SpecAnn-cold,0.8181022788030096,1.0,-16265705.0,0.0123732089996337,0,True,52,33,False,85,32,2025-11-16 06:40:29
ba_65536_1_5.txt,barabasi_albert_10ins_m20,49,SpecAnn-cold,0.822900573781978,1.0,-16270757.0,0.0123703479766845,0,True,52,33,False,86,32,2025-11-16 06:40:29
ba_65536_1_5.txt,barabasi_albert_10ins_m20,49,SpecAnn-cold,0.8276710518549868,1.0,-16259653.000000004,0.0123820304870605,0,True,52,33,False,87,32,2025-11-16 06:40:29
ba_65536_1_5.txt,barabasi_albert_10ins_m20,49,SpecAnn-cold,0.8324141912694495,1.0,-16298451.0,0.0124173164367675,0,True,52,33,False,88,32,2025-11-16 06:40:29
ba_65536_1_5.txt,barabasi_albert_10ins_m20,49,SpecAnn-cold,0.8371304567239225,1.0,-16303275.000000002,0.0122761726379394,0,True,52,33,False,89,32,2025-11-16 06:40:29
ba_65536_1_5.txt,barabasi_albert_10ins_m20,49,SpecAnn-cold,0.8418202998994706,1.0,-16290961.000000002,0.0123941898345947,0,True,52,33,False,90,32,2025-11-16 06:40:29
ba_65536_1_5.txt,barabasi_albert_10ins_m20,49,SpecAnn-cold,0.846484159964536,1.0,-16324251.000000002,0.0123462677001953,0,True,52,33,False,91,32,2025-11-16 06:40:29
ba_65536_1_5.txt,barabasi_albert_10ins_m20,49,SpecAnn-cold,0.8511224640549078,1.0,-16309363.0,0.012284517288208,0,True,52,33,False,92,32,2025-11-16 06:40:29
ba_65536_1_5.txt,barabasi_albert_10ins_m20,49,SpecAnn-cold,0.8557356277302758,1.0,-16286083.0,0.0122556686401367,0,True,52,33,False,93,32,2025-11-16 06:40:29
ba_65536_1_5.txt,barabasi_albert_10ins_m20,49,SpecAnn-cold,0.8603240554087516,1.0,-16311049.0,0.0234599113464355,0,True,52,65,False,94,32,2025-11-16 06:40:29
ba_65536_1_5.txt,barabasi_albert_10ins_m20,49,SpecAnn-cold,0.86488814078064,1.0,-16317297.000000002,0.0235390663146972,0,True,52,65,False,95,32,2025-11-16 06:40:29
ba_65536_1_5.txt,barabasi_albert_10ins_m20,49,SpecAnn-cold,0.8694282672026621,1.0,-16353903.000000002,0.0234878063201904,0,True,52,65,False,96,32,2025-11-16 06:40:29
ba_65536_1_5.txt,barabasi_albert_10ins_m20,49,SpecAnn-cold,0.8739448080737451,1.0,-16358197.000000002,0.0234980583190917,0,True,52,65,False,97,32,2025-11-16 06:40:29
ba_65536_1_5.txt,barabasi_albert_10ins_m20,49,SpecAnn-cold,0.878438127193422,1.0,-16360335.0,0.0234744548797607,0,True,52,65,False,98,32,2025-11-16 06:40:29
ba_65536_1_5.txt,barabasi_albert_10ins_m20,49,SpecAnn-cold,0.8829085791038153,1.0,-16386579.0,0.0234122276306152,0,True,52,65,False,99,32,2025-11-16 06:40:29
ba_65536_1_5.txt,barabasi_albert_10ins_m20,49,SpecAnn-cold,0.8873565094161138,1.0,-16416877.0,0.0234577655792236,0,True,52,65,False,100,32,2025-11-16 06:40:29
ba_65536_1_5.txt,barabasi_albert_10ins_m20,49,SpecAnn-cold,0.8917822551223932,1.0,-16430358.999999998,0.0235249996185302,0,True,52,65,False,101,32,2025-11-16 06:40:29
ba_65536_1_5.txt,barabasi_albert_10ins_m20,49,SpecAnn-cold,0.8961861448935777,1.0,-16411861.000000002,0.0234119892120361,0,True,52,65,False,102,32,2025-11-16 06:40:29
ba_65536_1_5.txt,barabasi_albert_10ins_m20,49,SpecAnn-cold,0.9005684993642872,1.0,-16445191.0,0.0233707427978515,0,True,52,65,False,103,32,2025-11-16 06:40:29
ba_65536_1_5.txt,barabasi_albert_10ins_m20,49,SpecAnn-cold,0.9049296314052688,1.0,-16440921.0,0.0233461856842041,0,True,52,65,False,104,32,2025-11-16 06:40:29
ba_65536_1_5.txt,barabasi_albert_10ins_m20,49,SpecAnn-cold,0.9092698463840684,1.0,-16508227.0,0.0234746932983398,0,True,52,65,False,105,32,2025-11-16 06:40:29
ba_65536_1_5.txt,barabasi_albert_10ins_m20,49,SpecAnn-cold,0.9135894424145556,1.0,-16490685.0,0.0346732139587402,0,True,52,97,False,106,32,2025-11-16 06:40:29
ba_65536_1_5.txt,barabasi_albert_10ins_m20,49,SpecAnn-cold,0.9178887105958816,1.0,-16488071.000000002,0.0353200435638427,0,True,52,97,False,107,32,2025-11-16 06:40:29
ba_65536_1_5.txt,barabasi_albert_10ins_m20,49,SpecAnn-cold,0.922167935241408,1.0,-16534421.0,0.0347907543182373,0,True,52,97,False,108,32,2025-11-16 06:40:29
ba_65536_1_5.txt,barabasi_albert_10ins_m20,49,SpecAnn-cold,0.92642739409812,1.0,-16570951.000000002,0.0458199977874755,0,True,52,129,False,109,32,2025-11-16 06:40:29
ba_65536_1_5.txt,barabasi_albert_10ins_m20,49,SpecAnn-cold,0.9306673585570006,1.0,-16603835.000000002,0.046600341796875,0,True,52,129,False,110,32,2025-11-16 06:40:29
ba_65536_1_5.txt,barabasi_albert_10ins_m20,49,SpecAnn-cold,0.9348880938548184,1.0,-16615605.000000002,0.0463817119598388,0,True,52,129,False,111,32,2025-11-16 06:40:29
ba_65536_1_5.txt,barabasi_albert_10ins_m20,49,SpecAnn-cold,0.9390898592677528,1.0,-16619889.0,0.0691828727722168,0,True,52,193,False,112,32,2025-11-16 06:40:29
ba_65536_1_5.txt,barabasi_albert_10ins_m20,49,SpecAnn-cold,0.9432729082972536,1.0,-16671499.000000002,0.068702220916748,0,True,52,193,False,113,32,2025-11-16 06:40:29
ba_65536_1_5.txt,barabasi_albert_10ins_m20,49,SpecAnn-cold,0.9474374888485204,1.0,-16676047.0,0.1691503524780273,0,True,52,481,False,114,32,2025-11-16 06:40:29
ba_65536_1_5.txt,barabasi_albert_10ins_m20,49,SpecAnn-cold,0.9515838434019476,1.0,-16598044.999999996,0.090782880783081,0,True,52,257,False,115,32,2025-11-16 06:40:30
ba_65536_1_5.txt,barabasi_albert_10ins_m20,49,SpecAnn-cold,0.9557122091778746,1.0,-16588041.000000004,0.1359460353851318,0,True,52,385,False,116,32,2025-11-16 06:40:30
ba_65536_1_5.txt,barabasi_albert_10ins_m20,49,SpecAnn-cold,0.9598228182949629,1.0,-16572560.999999996,0.1017074584960937,0,True,52,289,False,117,32,2025-11-16 06:40:30
ba_65536_1_5.txt,barabasi_albert_10ins_m20,49,SpecAnn-cold,0.963915897922488,1.0,-16572207.000000002,0.1016995906829834,0,True,52,289,False,118,32,2025-11-16 06:40:30
ba_65536_1_5.txt,barabasi_albert_10ins_m20,49,SpecAnn-cold,0.967991670426842,1.0,-16583645.000000002,0.0793333053588867,0,True,52,225,False,119,32,2025-11-16 06:40:30
ba_65536_1_5.txt,barabasi_albert_10ins_m20,49,SpecAnn-cold,0.9720503535125016,1.0,-16544431.0,0.1127729415893554,0,True,52,321,False,120,32,2025-11-16 06:40:30
ba_65536_1_5.txt,barabasi_albert_10ins_m20,49,SpecAnn-cold,0.9760921603577252,1.0,-16548649.000000002,0.1022801399230957,0,True,52,289,False,121,32,2025-11-16 06:40:30
ba_65536_1_5.txt,barabasi_albert_10ins_m20,49,SpecAnn-cold,0.9801172997452104,1.0,-16548899.000000004,0.1134955883026123,0,True,52,321,False,122,32,2025-11-16 06:40:30
ba_65536_1_5.txt,barabasi_albert_10ins_m20,49,SpecAnn-cold,0.9841259761879442,1.0,-16554457.0,0.1126141548156738,0,True,52,321,False,123,32,2025-11-16 06:40:30
ba_65536_1_5.txt,barabasi_albert_10ins_m20,49,SpecAnn-cold,0.9881183900504562,1.0,-16548081.000000004,0.1237068176269531,0,True,52,353,False,124,32,2025-11-16 06:40:31
ba_65536_1_5.txt,barabasi_albert_10ins_m20,49,SpecAnn-cold,0.9920947376656812,1.0,-16563309.0,0.0902292728424072,0,True,52,257,False,125,32,2025-11-16 06:40:31
ba_65536_1_5.txt,barabasi_albert_10ins_m20,49,SpecAnn-cold,0.9960552114476228,1.0,-16558189.000000002,0.100989818572998,0,True,52,289,False,126,32,2025-11-16 06:40:31
ba_65536_1_5.txt,barabasi_albert_10ins_m20,49,SpecAnn-cold,1.0,1.0,-16528345.0,0.1236052513122558,0,True,52,353,False,127,32,2025-11-16 06:40:31
ba_65536_1_5.txt,barabasi_albert_10ins_m20,50,SpecAnn-cold,0.0,1.0,-16207198.999999998,0.0141022205352783,0,True,61,33,False,0,32,2025-11-16 06:40:31
ba_65536_1_5.txt,barabasi_albert_10ins_m20,50,SpecAnn-cold,0.0887356509416113,1.0,-16160593.0,0.0123658180236816,0,True,61,33,False,1,32,2025-11-16 06:40:31
ba_65536_1_5.txt,barabasi_albert_10ins_m20,50,SpecAnn-cold,0.1254911610276317,1.0,-16145199.000000002,0.0122313499450683,0,True,61,33,False,2,32,2025-11-16 06:40:31
ba_65536_1_5.txt,barabasi_albert_10ins_m20,50,SpecAnn-cold,0.1536946558735679,1.0,-16160471.000000002,0.0122637748718261,0,True,61,33,False,3,32,2025-11-16 06:40:31
ba_65536_1_5.txt,barabasi_albert_10ins_m20,50,SpecAnn-cold,0.1774713018832227,1.0,-16150245.0,0.0121536254882812,0,True,61,33,False,4,32,2025-11-16 06:40:31
ba_65536_1_5.txt,barabasi_albert_10ins_m20,50,SpecAnn-cold,0.1984189475331362,1.0,-16170435.0,0.0122175216674804,0,True,61,33,False,5,32,2025-11-16 06:40:31
ba_65536_1_5.txt,barabasi_albert_10ins_m20,50,SpecAnn-cold,0.2173570668006655,1.0,-16143675.0,0.0121264457702636,0,True,61,33,False,6,32,2025-11-16 06:40:31
ba_65536_1_5.txt,barabasi_albert_10ins_m20,50,SpecAnn-cold,0.2347724648169381,1.0,-16167395.0,0.0121903419494628,0,True,61,33,False,7,32,2025-11-16 06:40:31
ba_65536_1_5.txt,barabasi_albert_10ins_m20,50,SpecAnn-cold,0.2509823220552634,1.0,-16143151.0,0.01226806640625,0,True,61,33,False,8,32,2025-11-16 06:40:31
ba_65536_1_5.txt,barabasi_albert_10ins_m20,50,SpecAnn-cold,0.2662069528248341,1.0,-16161769.0,0.0122237205505371,0,True,61,33,False,9,32,2025-11-16 06:40:31
ba_65536_1_5.txt,barabasi_albert_10ins_m20,50,SpecAnn-cold,0.2806067666331568,1.0,-16171689.000000002,0.0122022628784179,0,True,61,33,False,10,32,2025-11-16 06:40:31
ba_65536_1_5.txt,barabasi_albert_10ins_m20,50,SpecAnn-cold,0.2943028597012718,1.0,-16175841.000000004,0.0122935771942138,0,True,61,33,False,11,32,2025-11-16 06:40:31
ba_65536_1_5.txt,barabasi_albert_10ins_m20,50,SpecAnn-cold,0.3073893117471359,1.0,-16120031.000000002,0.0121891498565673,0,True,61,33,False,12,32,2025-11-16 06:40:31
ba_65536_1_5.txt,barabasi_albert_10ins_m20,50,SpecAnn-cold,0.3199409394316542,1.0,-16135978.999999998,0.012197732925415,0,True,61,33,False,13,32,2025-11-16 06:40:31
ba_65536_1_5.txt,barabasi_albert_10ins_m20,50,SpecAnn-cold,0.3320184038158743,1.0,-16177726.999999998,0.0122241973876953,0,True,61,33,False,14,32,2025-11-16 06:40:31
ba_65536_1_5.txt,barabasi_albert_10ins_m20,50,SpecAnn-cold,0.3436716983117353,1.0,-16185429.0,0.012218952178955,0,True,61,33,False,15,32,2025-11-16 06:40:31
ba_65536_1_5.txt,barabasi_albert_10ins_m20,50,SpecAnn-cold,0.3549426037664455,1.0,-16156721.000000004,0.0122542381286621,0,True,61,33,False,16,32,2025-11-16 06:40:32
ba_65536_1_5.txt,barabasi_albert_10ins_m20,50,SpecAnn-cold,0.3658664615902029,1.0,-16173459.000000002,0.0122218132019042,0,True,61,33,False,17,32,2025-11-16 06:40:32
ba_65536_1_5.txt,barabasi_albert_10ins_m20,50,SpecAnn-cold,0.3764734830828951,1.0,-16168269.0,0.0122175216674804,0,True,61,33,False,18,32,2025-11-16 06:40:32
ba_65536_1_5.txt,barabasi_albert_10ins_m20,50,SpecAnn-cold,0.3867897351437838,1.0,-16210659.000000002,0.0123293399810791,0,True,61,33,False,19,32,2025-11-16 06:40:32
ba_65536_1_5.txt,barabasi_albert_10ins_m20,50,SpecAnn-cold,0.3968378950662725,1.0,-16146247.0,0.0123827457427978,0,True,61,33,False,20,32,2025-11-16 06:40:32
ba_65536_1_5.txt,barabasi_albert_10ins_m20,50,SpecAnn-cold,0.4066378372811136,1.0,-16146543.0,0.0124106407165527,0,True,61,33,False,21,32,2025-11-16 06:40:32
ba_65536_1_5.txt,barabasi_albert_10ins_m20,50,SpecAnn-cold,0.4162070956347247,1.0,-16138471.0,0.0122525691986083,0,True,61,33,False,22,32,2025-11-16 06:40:32
ba_65536_1_5.txt,barabasi_albert_10ins_m20,50,SpecAnn-cold,0.4255612320274539,1.0,-16165627.0,0.0121927261352539,0,True,61,33,False,23,32,2025-11-16 06:40:32
ba_65536_1_5.txt,barabasi_albert_10ins_m20,50,SpecAnn-cold,0.434714133601331,1.0,-16142239.000000002,0.012333869934082,0,True,61,33,False,24,32,2025-11-16 06:40:32
ba_65536_1_5.txt,barabasi_albert_10ins_m20,50,SpecAnn-cold,0.4436782547080569,1.0,-16147535.0,0.0122296810150146,0,True,61,33,False,25,32,2025-11-16 06:40:32
ba_65536_1_5.txt,barabasi_albert_10ins_m20,50,SpecAnn-cold,0.4524648157026343,1.0,-16169059.0,0.0121910572052001,0,True,61,33,False,26,32,2025-11-16 06:40:32
ba_65536_1_5.txt,barabasi_albert_10ins_m20,50,SpecAnn-cold,0.4610839676207039,1.0,-16172135.000000004,0.0121879577636718,0,True,61,33,False,27,32,2025-11-16 06:40:32
ba_65536_1_5.txt,barabasi_albert_10ins_m20,50,SpecAnn-cold,0.4695449296338763,1.0,-16141429.000000004,0.012322187423706,0,True,61,33,False,28,32,2025-11-16 06:40:32
ba_65536_1_5.txt,barabasi_albert_10ins_m20,50,SpecAnn-cold,0.4778561045889373,1.0,-16170373.000000002,0.012153148651123,0,True,61,33,False,29,32,2025-11-16 06:40:32
ba_65536_1_5.txt,barabasi_albert_10ins_m20,50,SpecAnn-cold,0.4860251767562508,1.0,-16212065.0,0.0122022628784179,0,True,61,33,False,30,32,2025-11-16 06:40:32
ba_65536_1_5.txt,barabasi_albert_10ins_m20,50,SpecAnn-cold,0.4940591950252281,1.0,-16186699.0,0.0122931003570556,0,True,61,33,False,31,32,2025-11-16 06:40:32
ba_65536_1_5.txt,barabasi_albert_10ins_m20,50,SpecAnn-cold,0.5019646441105269,1.0,-16169590.999999998,0.0122063159942626,0,True,61,33,False,32,32,2025-11-16 06:40:32
ba_65536_1_5.txt,barabasi_albert_10ins_m20,50,SpecAnn-cold,0.5097475058154177,1.0,-16159553.0,0.0122153759002685,0,True,61,33,False,33,32,2025-11-16 06:40:32
ba_65536_1_5.txt,barabasi_albert_10ins_m20,50,SpecAnn-cold,0.51741331199832,1.0,-16171593.0,0.0121517181396484,0,True,61,33,False,34,32,2025-11-16 06:40:32
ba_65536_1_5.txt,barabasi_albert_10ins_m20,50,SpecAnn-cold,0.5249671905758515,1.0,-16169321.000000004,0.0121831893920898,0,True,61,33,False,35,32,2025-11-16 06:40:32
ba_65536_1_5.txt,barabasi_albert_10ins_m20,50,SpecAnn-cold,0.5324139056496683,1.0,-16167247.0,0.0121886730194091,0,True,61,33,False,36,32,2025-11-16 06:40:32
ba_65536_1_5.txt,barabasi_albert_10ins_m20,50,SpecAnn-cold,0.5397578926492556,1.0,-16161461.0,0.0121769905090332,0,True,61,33,False,37,32,2025-11-16 06:40:32
ba_65536_1_5.txt,barabasi_albert_10ins_m20,50,SpecAnn-cold,0.5470032892270364,1.0,-16194145.0,0.0122437477111816,0,True,61,33,False,38,32,2025-11-16 06:40:32
ba_65536_1_5.txt,barabasi_albert_10ins_m20,50,SpecAnn-cold,0.554153962516942,1.0,-16171601.000000004,0.0122334957122802,0,True,61,33,False,39,32,2025-11-16 06:40:32
ba_65536_1_5.txt,barabasi_albert_10ins_m20,50,SpecAnn-cold,0.5612135332663137,1.0,-16186555.000000002,0.0122356414794921,0,True,61,33,False,40,32,2025-11-16 06:40:32
ba_65536_1_5.txt,barabasi_albert_10ins_m20,50,SpecAnn-cold,0.5681853972686127,1.0,-16211231.000000002,0.0122673511505126,0,True,61,33,False,41,32,2025-11-16 06:40:32
ba_65536_1_5.txt,barabasi_albert_10ins_m20,50,SpecAnn-cold,0.5750727444570146,1.0,-16150991.000000004,0.0121448040008544,0,True,61,33,False,42,32,2025-11-16 06:40:32
ba_65536_1_5.txt,barabasi_albert_10ins_m20,50,SpecAnn-cold,0.5818785759635375,1.0,-16166283.000000002,0.0121634006500244,0,True,61,33,False,43,32,2025-11-16 06:40:32
ba_65536_1_5.txt,barabasi_albert_10ins_m20,50,SpecAnn-cold,0.5886057194025436,1.0,-16133567.000000002,0.0121967792510986,0,True,61,33,False,44,32,2025-11-16 06:40:32
ba_65536_1_5.txt,barabasi_albert_10ins_m20,50,SpecAnn-cold,0.5952568425994088,1.0,-16175235.0,0.0122251510620117,0,True,61,33,False,45,32,2025-11-16 06:40:32
ba_65536_1_5.txt,barabasi_albert_10ins_m20,50,SpecAnn-cold,0.6018344659534288,1.0,-16179691.0,0.01224946975708,0,True,61,33,False,46,32,2025-11-16 06:40:32
ba_65536_1_5.txt,barabasi_albert_10ins_m20,50,SpecAnn-cold,0.6083409735974393,1.0,-16170131.0,0.0123524665832519,0,True,61,33,False,47,32,2025-11-16 06:40:32
ba_65536_1_5.txt,barabasi_albert_10ins_m20,50,SpecAnn-cold,0.6147786234942719,1.0,-16197532.999999998,0.0122389793395996,0,True,61,33,False,48,32,2025-11-16 06:40:32
ba_65536_1_5.txt,barabasi_albert_10ins_m20,50,SpecAnn-cold,0.6211495565912796,1.0,-16182111.0,0.0123133659362792,0,True,61,33,False,49,32,2025-11-16 06:40:32
ba_65536_1_5.txt,barabasi_albert_10ins_m20,50,SpecAnn-cold,0.6274558051381586,1.0,-16155919.000000004,0.0122203826904296,0,True,61,33,False,50,32,2025-11-16 06:40:32
ba_65536_1_5.txt,barabasi_albert_10ins_m20,50,SpecAnn-cold,0.6336993002596786,1.0,-16204537.000000002,0.0122163295745849,0,True,61,33,False,51,32,2025-11-16 06:40:32
ba_65536_1_5.txt,barabasi_albert_10ins_m20,50,SpecAnn-cold,0.6398818788633085,1.0,-16193389.000000002,0.012218952178955,0,True,61,33,False,52,32,2025-11-16 06:40:32
ba_65536_1_5.txt,barabasi_albert_10ins_m20,50,SpecAnn-cold,0.6460052899517691,1.0,-16190087.000000002,0.0122871398925781,0,True,61,33,False,53,32,2025-11-16 06:40:32
ba_65536_1_5.txt,barabasi_albert_10ins_m20,50,SpecAnn-cold,0.6520712004019966,1.0,-16195537.000000004,0.0123355388641357,0,True,61,33,False,54,32,2025-11-16 06:40:32
ba_65536_1_5.txt,barabasi_albert_10ins_m20,50,SpecAnn-cold,0.6580812002646271,1.0,-16175587.000000002,0.0122382640838623,0,True,61,33,False,55,32,2025-11-16 06:40:32
ba_65536_1_5.txt,barabasi_albert_10ins_m20,50,SpecAnn-cold,0.6640368076317485,1.0,-16171643.0,0.0123007297515869,0,True,61,33,False,56,32,2025-11-16 06:40:32
ba_65536_1_5.txt,barabasi_albert_10ins_m20,50,SpecAnn-cold,0.6699394731151429,1.0,-16163984.999999998,0.0123538970947265,0,True,61,33,False,57,32,2025-11-16 06:40:32
ba_65536_1_5.txt,barabasi_albert_10ins_m20,50,SpecAnn-cold,0.6757905839724513,1.0,-16213935.000000004,0.0122580528259277,0,True,61,33,False,58,32,2025-11-16 06:40:32
ba_65536_1_5.txt,barabasi_albert_10ins_m20,50,SpecAnn-cold,0.6815914679145113,1.0,-16198485.000000002,0.0122747421264648,0,True,61,33,False,59,32,2025-11-16 06:40:32
ba_65536_1_5.txt,barabasi_albert_10ins_m20,50,SpecAnn-cold,0.6873433966234707,1.0,-16178049.0,0.0122625827789306,0,True,61,33,False,60,32,2025-11-16 06:40:32
ba_65536_1_5.txt,barabasi_albert_10ins_m20,50,SpecAnn-cold,0.6930475890080863,1.0,-16218729.0,0.0122613906860351,0,True,61,33,False,61,32,2025-11-16 06:40:32
ba_65536_1_5.txt,barabasi_albert_10ins_m20,50,SpecAnn-cold,0.6987052142198116,1.0,-16193822.999999998,0.0122277736663818,0,True,61,33,False,62,32,2025-11-16 06:40:32
ba_65536_1_5.txt,barabasi_albert_10ins_m20,50,SpecAnn-cold,0.7043173944508145,1.0,-16210637.000000002,0.0122323036193847,0,True,61,33,False,63,32,2025-11-16 06:40:32
ba_65536_1_5.txt,barabasi_albert_10ins_m20,50,SpecAnn-cold,0.709885207532891,1.0,-16195477.000000004,0.0121943950653076,0,True,61,33,False,64,32,2025-11-16 06:40:32
ba_65536_1_5.txt,barabasi_albert_10ins_m20,50,SpecAnn-cold,0.7154096893543218,1.0,-16223241.0,0.0121865272521972,0,True,61,33,False,65,32,2025-11-16 06:40:32
ba_65536_1_5.txt,barabasi_albert_10ins_m20,50,SpecAnn-cold,0.7208918361100219,1.0,-16237613.0,0.0122435092926025,0,True,61,33,False,66,32,2025-11-16 06:40:32
ba_65536_1_5.txt,barabasi_albert_10ins_m20,50,SpecAnn-cold,0.7263326063988248,1.0,-16215193.000000002,0.0122649669647216,0,True,61,33,False,67,32,2025-11-16 06:40:32
ba_65536_1_5.txt,barabasi_albert_10ins_m20,50,SpecAnn-cold,0.7317329231804058,1.0,-16213155.000000002,0.0122101306915283,0,True,61,33,False,68,32,2025-11-16 06:40:32
ba_65536_1_5.txt,barabasi_albert_10ins_m20,50,SpecAnn-cold,0.7370936756031579,1.0,-16176604.999999998,0.0123095512390136,0,True,61,33,False,69,32,2025-11-16 06:40:32
ba_65536_1_5.txt,barabasi_albert_10ins_m20,50,SpecAnn-cold,0.7424157207132704,1.0,-16222511.0,0.0124142169952392,0,True,61,33,False,70,32,2025-11-16 06:40:32
ba_65536_1_5.txt,barabasi_albert_10ins_m20,50,SpecAnn-cold,0.7476998850543153,1.0,-16206549.0,0.0124721527099609,0,True,61,33,False,71,32,2025-11-16 06:40:32
ba_65536_1_5.txt,barabasi_albert_10ins_m20,50,SpecAnn-cold,0.7529469661657903,1.0,-16226621.0,0.012423038482666,0,True,61,33,False,72,32,2025-11-16 06:40:32
ba_65536_1_5.txt,barabasi_albert_10ins_m20,50,SpecAnn-cold,0.7581577339883167,1.0,-16264751.0,0.0124893188476562,0,True,61,33,False,73,32,2025-11-16 06:40:32
ba_65536_1_5.txt,barabasi_albert_10ins_m20,50,SpecAnn-cold,0.7633329321824984,1.0,-16233037.000000002,0.0124263763427734,0,True,61,33,False,74,32,2025-11-16 06:40:32
ba_65536_1_5.txt,barabasi_albert_10ins_m20,50,SpecAnn-cold,0.7684732793678399,1.0,-16229139.0,0.0124645233154296,0,True,61,33,False,75,32,2025-11-16 06:40:32
ba_65536_1_5.txt,barabasi_albert_10ins_m20,50,SpecAnn-cold,0.7735794702875677,1.0,-16201961.0,0.0124595165252685,0,True,61,33,False,76,32,2025-11-16 06:40:32
ba_65536_1_5.txt,barabasi_albert_10ins_m20,50,SpecAnn-cold,0.7786521769046981,1.0,-16166811.000000004,0.0124688148498535,0,True,61,33,False,77,32,2025-11-16 06:40:32
ba_65536_1_5.txt,barabasi_albert_10ins_m20,50,SpecAnn-cold,0.7836920494342511,1.0,-16227341.000000002,0.0124261379241943,0,True,61,33,False,78,32,2025-11-16 06:40:32
ba_65536_1_5.txt,barabasi_albert_10ins_m20,50,SpecAnn-cold,0.788699717316095,1.0,-16274669.0,0.0122928619384765,0,True,61,33,False,79,32,2025-11-16 06:40:32
ba_65536_1_5.txt,barabasi_albert_10ins_m20,50,SpecAnn-cold,0.7936757901325451,1.0,-16227151.000000002,0.0122394561767578,0,True,61,33,False,80,32,2025-11-16 06:40:32
ba_65536_1_5.txt,barabasi_albert_10ins_m20,50,SpecAnn-cold,0.7986208584745024,1.0,-16252461.0,0.0122058391571044,0,True,61,33,False,81,32,2025-11-16 06:40:32
ba_65536_1_5.txt,barabasi_albert_10ins_m20,50,SpecAnn-cold,0.803535494759617,1.0,-16244366.999999998,0.0123777389526367,0,True,61,33,False,82,32,2025-11-16 06:40:32
ba_65536_1_5.txt,barabasi_albert_10ins_m20,50,SpecAnn-cold,0.8084202540056837,1.0,-16225861.000000002,0.0122842788696289,0,True,61,33,False,83,32,2025-11-16 06:40:32
ba_65536_1_5.txt,barabasi_albert_10ins_m20,50,SpecAnn-cold,0.8132756745622272,1.0,-16276613.0,0.0122628211975097,0,True,61,33,False,84,32,2025-11-16 06:40:32
ba_65536_1_5.txt,barabasi_albert_10ins_m20,50,SpecAnn-cold,0.8181022788030096,1.0,-16243193.0,0.0123968124389648,0,True,61,33,False,85,32,2025-11-16 06:40:32
ba_65536_1_5.txt,barabasi_albert_10ins_m20,50,SpecAnn-cold,0.822900573781978,1.0,-16266859.0,0.0123589038848876,0,True,61,33,False,86,32,2025-11-16 06:40:32
ba_65536_1_5.txt,barabasi_albert_10ins_m20,50,SpecAnn-cold,0.8276710518549868,1.0,-16259965.0,0.0123877525329589,0,True,61,33,False,87,32,2025-11-16 06:40:32
ba_65536_1_5.txt,barabasi_albert_10ins_m20,50,SpecAnn-cold,0.8324141912694495,1.0,-16297631.000000002,0.0123348236083984,0,True,61,33,False,88,32,2025-11-16 06:40:32
ba_65536_1_5.txt,barabasi_albert_10ins_m20,50,SpecAnn-cold,0.8371304567239225,1.0,-16277318.999999998,0.0122950077056884,0,True,61,33,False,89,32,2025-11-16 06:40:32
ba_65536_1_5.txt,barabasi_albert_10ins_m20,50,SpecAnn-cold,0.8418202998994706,1.0,-16300919.000000002,0.0122723579406738,0,True,61,33,False,90,32,2025-11-16 06:40:32
ba_65536_1_5.txt,barabasi_albert_10ins_m20,50,SpecAnn-cold,0.846484159964536,1.0,-16302049.0,0.0122702121734619,0,True,61,33,False,91,32,2025-11-16 06:40:32
ba_65536_1_5.txt,barabasi_albert_10ins_m20,50,SpecAnn-cold,0.8511224640549078,1.0,-16273349.000000002,0.0123355388641357,0,True,61,33,False,92,32,2025-11-16 06:40:32
ba_65536_1_5.txt,barabasi_albert_10ins_m20,50,SpecAnn-cold,0.8557356277302758,1.0,-16290968.999999998,0.0122778415679931,0,True,61,33,False,93,32,2025-11-16 06:40:32
ba_65536_1_5.txt,barabasi_albert_10ins_m20,50,SpecAnn-cold,0.8603240554087516,1.0,-16316959.000000002,0.0123097896575927,0,True,61,33,False,94,32,2025-11-16 06:40:32
ba_65536_1_5.txt,barabasi_albert_10ins_m20,50,SpecAnn-cold,0.86488814078064,1.0,-16302133.0,0.0122575759887695,0,True,61,33,False,95,32,2025-11-16 06:40:32
ba_65536_1_5.txt,barabasi_albert_10ins_m20,50,SpecAnn-cold,0.8694282672026621,1.0,-16344239.0,0.0234363079071044,0,True,61,65,False,96,32,2025-11-16 06:40:33
ba_65536_1_5.txt,barabasi_albert_10ins_m20,50,SpecAnn-cold,0.8739448080737451,1.0,-16348875.0,0.0233781337738037,0,True,61,65,False,97,32,2025-11-16 06:40:33
ba_65536_1_5.txt,barabasi_albert_10ins_m20,50,SpecAnn-cold,0.878438127193422,1.0,-16354399.000000002,0.02333664894104,0,True,61,65,False,98,32,2025-11-16 06:40:33
ba_65536_1_5.txt,barabasi_albert_10ins_m20,50,SpecAnn-cold,0.8829085791038153,1.0,-16381535.0,0.023414134979248,0,True,61,65,False,99,32,2025-11-16 06:40:33
ba_65536_1_5.txt,barabasi_albert_10ins_m20,50,SpecAnn-cold,0.8873565094161138,1.0,-16383689.000000004,0.0232365131378173,0,True,61,65,False,100,32,2025-11-16 06:40:33
ba_65536_1_5.txt,barabasi_albert_10ins_m20,50,SpecAnn-cold,0.8917822551223932,1.0,-16392835.000000002,0.0233867168426513,0,True,61,65,False,101,32,2025-11-16 06:40:33
ba_65536_1_5.txt,barabasi_albert_10ins_m20,50,SpecAnn-cold,0.8961861448935777,1.0,-16430427.000000002,0.0232794284820556,0,True,61,65,False,102,32,2025-11-16 06:40:33
ba_65536_1_5.txt,barabasi_albert_10ins_m20,50,SpecAnn-cold,0.9005684993642872,1.0,-16412751.000000002,0.0233180522918701,0,True,61,65,False,103,32,2025-11-16 06:40:33
ba_65536_1_5.txt,barabasi_albert_10ins_m20,50,SpecAnn-cold,0.9049296314052688,1.0,-16470409.000000002,0.0233244895935058,0,True,61,65,False,104,32,2025-11-16 06:40:33
ba_65536_1_5.txt,barabasi_albert_10ins_m20,50,SpecAnn-cold,0.9092698463840684,1.0,-16483860.999999998,0.0232906341552734,0,True,61,65,False,105,32,2025-11-16 06:40:33
ba_65536_1_5.txt,barabasi_albert_10ins_m20,50,SpecAnn-cold,0.9135894424145556,1.0,-16502923.000000002,0.0232713222503662,0,True,61,65,False,106,32,2025-11-16 06:40:33
ba_65536_1_5.txt,barabasi_albert_10ins_m20,50,SpecAnn-cold,0.9178887105958816,1.0,-16511317.000000002,0.0345551967620849,0,True,61,97,False,107,32,2025-11-16 06:40:33
ba_65536_1_5.txt,barabasi_albert_10ins_m20,50,SpecAnn-cold,0.922167935241408,1.0,-16519953.000000002,0.0346889495849609,0,True,61,97,False,108,32,2025-11-16 06:40:33
ba_65536_1_5.txt,barabasi_albert_10ins_m20,50,SpecAnn-cold,0.92642739409812,1.0,-16562026.999999998,0.0346198081970214,0,True,61,97,False,109,32,2025-11-16 06:40:33
ba_65536_1_5.txt,barabasi_albert_10ins_m20,50,SpecAnn-cold,0.9306673585570006,1.0,-16569321.000000002,0.0458841323852539,0,True,61,129,False,110,32,2025-11-16 06:40:33
ba_65536_1_5.txt,barabasi_albert_10ins_m20,50,SpecAnn-cold,0.9348880938548184,1.0,-16637351.000000002,0.0464141368865966,0,True,61,129,False,111,32,2025-11-16 06:40:33
ba_65536_1_5.txt,barabasi_albert_10ins_m20,50,SpecAnn-cold,0.9390898592677528,1.0,-16611057.000000002,0.0572433471679687,0,True,61,161,False,112,32,2025-11-16 06:40:33
ba_65536_1_5.txt,barabasi_albert_10ins_m20,50,SpecAnn-cold,0.9432729082972536,1.0,-16665995.000000004,0.0798134803771972,0,True,61,225,False,113,32,2025-11-16 06:40:33
ba_65536_1_5.txt,barabasi_albert_10ins_m20,50,SpecAnn-cold,0.9474374888485204,1.0,-16673397.0,0.1489179134368896,0,True,61,417,False,114,32,2025-11-16 06:40:33
ba_65536_1_5.txt,barabasi_albert_10ins_m20,50,SpecAnn-cold,0.9515838434019476,1.0,-16600839.000000002,0.1030352115631103,0,True,61,289,False,115,32,2025-11-16 06:40:33
ba_65536_1_5.txt,barabasi_albert_10ins_m20,50,SpecAnn-cold,0.9557122091778746,1.0,-16606003.0,0.0917479991912841,0,True,61,257,False,116,32,2025-11-16 06:40:33
ba_65536_1_5.txt,barabasi_albert_10ins_m20,50,SpecAnn-cold,0.9598228182949629,1.0,-16594325.0,0.0915977954864502,0,True,61,257,False,117,32,2025-11-16 06:40:34
ba_65536_1_5.txt,barabasi_albert_10ins_m20,50,SpecAnn-cold,0.963915897922488,1.0,-16546083.000000002,0.0905582904815673,0,True,61,257,False,118,32,2025-11-16 06:40:34
ba_65536_1_5.txt,barabasi_albert_10ins_m20,50,SpecAnn-cold,0.967991670426842,1.0,-16581235.000000002,0.1125605106353759,0,True,61,321,False,119,32,2025-11-16 06:40:34
ba_65536_1_5.txt,barabasi_albert_10ins_m20,50,SpecAnn-cold,0.9720503535125016,1.0,-16561179.000000002,0.1013844013214111,0,True,61,289,False,120,32,2025-11-16 06:40:34
ba_65536_1_5.txt,barabasi_albert_10ins_m20,50,SpecAnn-cold,0.9760921603577252,1.0,-16572551.0,0.1344945430755615,0,True,61,385,False,121,32,2025-11-16 06:40:34
ba_65536_1_5.txt,barabasi_albert_10ins_m20,50,SpecAnn-cold,0.9801172997452104,1.0,-16555786.999999998,0.0903723239898681,0,True,61,257,False,122,32,2025-11-16 06:40:34
ba_65536_1_5.txt,barabasi_albert_10ins_m20,50,SpecAnn-cold,0.9841259761879442,1.0,-16564867.000000002,0.1125400066375732,0,True,61,321,False,123,32,2025-11-16 06:40:34
ba_65536_1_5.txt,barabasi_albert_10ins_m20,50,SpecAnn-cold,0.9881183900504562,1.0,-16573463.000000002,0.0911951065063476,0,True,61,257,False,124,32,2025-11-16 06:40:34
ba_65536_1_5.txt,barabasi_albert_10ins_m20,50,SpecAnn-cold,0.9920947376656812,1.0,-16542419.000000002,0.1138026714324951,0,True,61,321,False,125,32,2025-11-16 06:40:34
ba_65536_1_5.txt,barabasi_albert_10ins_m20,50,SpecAnn-cold,0.9960552114476228,1.0,-16543223.0,0.1011948585510253,0,True,61,289,False,126,32,2025-11-16 06:40:34
ba_65536_1_5.txt,barabasi_albert_10ins_m20,50,SpecAnn-cold,1.0,1.0,-16544109.000000002,0.1125397682189941,0,True,61,321,False,127,32,2025-11-16 06:40:35
ba_65536_1_5.txt,barabasi_albert_10ins_m20,51,SpecAnn-cold,0.0,1.0,-16131999.0,0.014323234558105469,0,True,62,33,False,0,32,2025-11-16 06:40:35
ba_65536_1_5.txt,barabasi_albert_10ins_m20,51,SpecAnn-cold,0.08873565094161137,1.0,-16158160.999999998,0.012325763702392578,0,True,62,33,False,1,32,2025-11-16 06:40:35
ba_65536_1_5.txt,barabasi_albert_10ins_m20,51,SpecAnn-cold,0.12549116102763172,1.0,-16139447.000000002,0.012316226959228516,0,True,62,33,False,2,32,2025-11-16 06:40:35
ba_65536_1_5.txt,barabasi_albert_10ins_m20,51,SpecAnn-cold,0.15369465587356798,1.0,-16159465.000000002,0.012203693389892578,0,True,62,33,False,3,32,2025-11-16 06:40:35
ba_65536_1_5.txt,barabasi_albert_10ins_m20,51,SpecAnn-cold,0.17747130188322274,1.0,-16182125.0,0.012247085571289062,0,True,62,33,False,4,32,2025-11-16 06:40:35
ba_65536_1_5.txt,barabasi_albert_10ins_m20,51,SpecAnn-cold,0.19841894753313627,1.0,-16162763.000000002,0.012245893478393555,0,True,62,33,False,5,32,2025-11-16 06:40:35
ba_65536_1_5.txt,barabasi_albert_10ins_m20,51,SpecAnn-cold,0.21735706680066552,1.0,-16176119.0,0.012351036071777344,0,True,62,33,False,6,32,2025-11-16 06:40:35
ba_65536_1_5.txt,barabasi_albert_10ins_m20,51,SpecAnn-cold,0.23477246481693817,1.0,-16195747.0,0.01239776611328125,0,True,62,33,False,7,32,2025-11-16 06:40:35
ba_65536_1_5.txt,barabasi_albert_10ins_m20,51,SpecAnn-cold,0.25098232205526344,1.0,-16151586.999999998,0.012375831604003906,0,True,62,33,False,8,32,2025-11-16 06:40:35
ba_65536_1_5.txt,barabasi_albert_10ins_m20,51,SpecAnn-cold,0.26620695282483414,1.0,-16155265.000000002,0.012480974197387695,0,True,62,33,False,9,32,2025-11-16 06:40:35
ba_65536_1_5.txt,barabasi_albert_10ins_m20,51,SpecAnn-cold,0.28060676663315687,1.0,-16187891.0,0.01246953010559082,0,True,62,33,False,10,32,2025-11-16 06:40:35
ba_65536_1_5.txt,barabasi_albert_10ins_m20,51,SpecAnn-cold,0.2943028597012718,1.0,-16202905.000000002,0.012372016906738281,0,True,62,33,False,11,32,2025-11-16 06:40:35
ba_65536_1_5.txt,barabasi_albert_10ins_m20,51,SpecAnn-cold,0.30738931174713596,1.0,-16192663.0,0.012376546859741211,0,True,62,33,False,12,32,2025-11-16 06:40:35
ba_65536_1_5.txt,barabasi_albert_10ins_m20,51,SpecAnn-cold,0.31994093943165425,1.0,-16173603.0,0.012426376342773438,0,True,62,33,False,13,32,2025-11-16 06:40:35
ba_65536_1_5.txt,barabasi_albert_10ins_m20,51,SpecAnn-cold,0.3320184038158743,1.0,-16166893.000000002,0.01246023178100586,0,True,62,33,False,14,32,2025-11-16 06:40:35
ba_65536_1_5.txt,barabasi_albert_10ins_m20,51,SpecAnn-cold,0.34367169831173533,1.0,-16216957.0,0.012497186660766602,0,True,62,33,False,15,32,2025-11-16 06:40:35
ba_65536_1_5.txt,barabasi_albert_10ins_m20,51,SpecAnn-cold,0.3549426037664455,1.0,-16150635.000000002,0.012376785278320312,0,True,62,33,False,16,32,2025-11-16 06:40:35
ba_65536_1_5.txt,barabasi_albert_10ins_m20,51,SpecAnn-cold,0.3658664615902029,1.0,-16171597.0,0.012557744979858398,0,True,62,33,False,17,32,2025-11-16 06:40:35
ba_65536_1_5.txt,barabasi_albert_10ins_m20,51,SpecAnn-cold,0.37647348308289513,1.0,-16197315.0,0.012582063674926758,0,True,62,33,False,18,32,2025-11-16 06:40:35
ba_65536_1_5.txt,barabasi_albert_10ins_m20,51,SpecAnn-cold,0.38678973514378384,1.0,-16185594.999999998,0.012480020523071289,0,True,62,33,False,19,32,2025-11-16 06:40:35
ba_65536_1_5.txt,barabasi_albert_10ins_m20,51,SpecAnn-cold,0.39683789506627254,1.0,-16204501.000000002,0.012356281280517578,0,True,62,33,False,20,32,2025-11-16 06:40:35
ba_65536_1_5.txt,barabasi_albert_10ins_m20,51,SpecAnn-cold,0.4066378372811136,1.0,-16226686.999999998,0.012301921844482422,0,True,62,33,False,21,32,2025-11-16 06:40:35
ba_65536_1_5.txt,barabasi_albert_10ins_m20,51,SpecAnn-cold,0.41620709563472474,1.0,-16156375.000000004,0.012290716171264648,0,True,62,33,False,22,32,2025-11-16 06:40:35
ba_65536_1_5.txt,barabasi_albert_10ins_m20,51,SpecAnn-cold,0.4255612320274539,1.0,-16172457.000000002,0.012349843978881836,0,True,62,33,False,23,32,2025-11-16 06:40:35
ba_65536_1_5.txt,barabasi_albert_10ins_m20,51,SpecAnn-cold,0.43471413360133104,1.0,-16180788.999999998,0.012302637100219727,0,True,62,33,False,24,32,2025-11-16 06:40:35
ba_65536_1_5.txt,barabasi_albert_10ins_m20,51,SpecAnn-cold,0.4436782547080569,1.0,-16169839.000000002,0.012285709381103516,0,True,62,33,False,25,32,2025-11-16 06:40:35
ba_65536_1_5.txt,barabasi_albert_10ins_m20,51,SpecAnn-cold,0.45246481570263436,1.0,-16164689.0,0.012287378311157227,0,True,62,33,False,26,32,2025-11-16 06:40:35
ba_65536_1_5.txt,barabasi_albert_10ins_m20,51,SpecAnn-cold,0.46108396762070397,1.0,-16194329.0,0.012298107147216797,0,True,62,33,False,27,32,2025-11-16 06:40:35
ba_65536_1_5.txt,barabasi_albert_10ins_m20,51,SpecAnn-cold,0.46954492963387634,1.0,-16169139.0,0.01222085952758789,0,True,62,33,False,28,32,2025-11-16 06:40:35
ba_65536_1_5.txt,barabasi_albert_10ins_m20,51,SpecAnn-cold,0.4778561045889373,1.0,-16207279.0,0.012261390686035156,0,True,62,33,False,29,32,2025-11-16 06:40:35
ba_65536_1_5.txt,barabasi_albert_10ins_m20,51,SpecAnn-cold,0.48602517675625084,1.0,-16224449.0,0.01221919059753418,0,True,62,33,False,30,32,2025-11-16 06:40:35
ba_65536_1_5.txt,barabasi_albert_10ins_m20,51,SpecAnn-cold,0.4940591950252281,1.0,-16203637.0,0.012349843978881836,0,True,62,33,False,31,32,2025-11-16 06:40:35
ba_65536_1_5.txt,barabasi_albert_10ins_m20,51,SpecAnn-cold,0.5019646441105269,1.0,-16157191.0,0.012335538864135742,0,True,62,33,False,32,32,2025-11-16 06:40:35
ba_65536_1_5.txt,barabasi_albert_10ins_m20,51,SpecAnn-cold,0.5097475058154177,1.0,-16186327.0,0.012279987335205078,0,True,62,33,False,33,32,2025-11-16 06:40:35
ba_65536_1_5.txt,barabasi_albert_10ins_m20,51,SpecAnn-cold,0.51741331199832,1.0,-16196183.0,0.01219630241394043,0,True,62,33,False,34,32,2025-11-16 06:40:35
ba_65536_1_5.txt,barabasi_albert_10ins_m20,51,SpecAnn-cold,0.5249671905758515,1.0,-16186943.0,0.012244462966918945,0,True,62,33,False,35,32,2025-11-16 06:40:35
ba_65536_1_5.txt,barabasi_albert_10ins_m20,51,SpecAnn-cold,0.5324139056496683,1.0,-16169527.0,0.012238740921020508,0,True,62,33,False,36,32,2025-11-16 06:40:36
ba_65536_1_5.txt,barabasi_albert_10ins_m20,51,SpecAnn-cold,0.5397578926492556,1.0,-16204367.000000002,0.012232780456542969,0,True,62,33,False,37,32,2025-11-16 06:40:36
ba_65536_1_5.txt,barabasi_albert_10ins_m20,51,SpecAnn-cold,0.5470032892270364,1.0,-16233161.0,0.01221013069152832,0,True,62,33,False,38,32,2025-11-16 06:40:36
ba_65536_1_5.txt,barabasi_albert_10ins_m20,51,SpecAnn-cold,0.554153962516942,1.0,-16181461.0,0.012292623519897461,0,True,62,33,False,39,32,2025-11-16 06:40:36
ba_65536_1_5.txt,barabasi_albert_10ins_m20,51,SpecAnn-cold,0.5612135332663137,1.0,-16198699.0,0.012259721755981445,0,True,62,33,False,40,32,2025-11-16 06:40:36
ba_65536_1_5.txt,barabasi_albert_10ins_m20,51,SpecAnn-cold,0.5681853972686127,1.0,-16214161.000000002,0.012230873107910156,0,True,62,33,False,41,32,2025-11-16 06:40:36
ba_65536_1_5.txt,barabasi_albert_10ins_m20,51,SpecAnn-cold,0.5750727444570146,1.0,-16145920.999999998,0.012315511703491211,0,True,62,33,False,42,32,2025-11-16 06:40:36
ba_65536_1_5.txt,barabasi_albert_10ins_m20,51,SpecAnn-cold,0.5818785759635375,1.0,-16181934.999999998,0.012276887893676758,0,True,62,33,False,43,32,2025-11-16 06:40:36
ba_65536_1_5.txt,barabasi_albert_10ins_m20,51,SpecAnn-cold,0.5886057194025436,1.0,-16207179.000000002,0.012271642684936523,0,True,62,33,False,44,32,2025-11-16 06:40:36
ba_65536_1_5.txt,barabasi_albert_10ins_m20,51,SpecAnn-cold,0.5952568425994088,1.0,-16181863.000000002,0.012269258499145508,0,True,62,33,False,45,32,2025-11-16 06:40:36
ba_65536_1_5.txt,barabasi_albert_10ins_m20,51,SpecAnn-cold,0.6018344659534288,1.0,-16159845.000000002,0.012283563613891602,0,True,62,33,False,46,32,2025-11-16 06:40:36
ba_65536_1_5.txt,barabasi_albert_10ins_m20,51,SpecAnn-cold,0.6083409735974393,1.0,-16182717.000000002,0.012332677841186523,0,True,62,33,False,47,32,2025-11-16 06:40:36
ba_65536_1_5.txt,barabasi_albert_10ins_m20,51,SpecAnn-cold,0.6147786234942719,1.0,-16206777.000000002,0.012297868728637695,0,True,62,33,False,48,32,2025-11-16 06:40:36
ba_65536_1_5.txt,barabasi_albert_10ins_m20,51,SpecAnn-cold,0.6211495565912796,1.0,-16192051.0,0.012350082397460938,0,True,62,33,False,49,32,2025-11-16 06:40:36
ba_65536_1_5.txt,barabasi_albert_10ins_m20,51,SpecAnn-cold,0.6274558051381586,1.0,-16223848.999999998,0.012315750122070312,0,True,62,33,False,50,32,2025-11-16 06:40:36
ba_65536_1_5.txt,barabasi_albert_10ins_m20,51,SpecAnn-cold,0.6336993002596786,1.0,-16182321.0,0.012397527694702148,0,True,62,33,False,51,32,2025-11-16 06:40:36
ba_65536_1_5.txt,barabasi_albert_10ins_m20,51,SpecAnn-cold,0.6398818788633085,1.0,-16190817.000000002,0.012289285659790039,0,True,62,33,False,52,32,2025-11-16 06:40:36
ba_65536_1_5.txt,barabasi_albert_10ins_m20,51,SpecAnn-cold,0.6460052899517691,1.0,-16173023.0,0.012363433837890625,0,True,62,33,False,53,32,2025-11-16 06:40:36
ba_65536_1_5.txt,barabasi_albert_10ins_m20,51,SpecAnn-cold,0.6520712004019966,1.0,-16218267.0,0.012374639511108398,0,True,62,33,False,54,32,2025-11-16 06:40:36
ba_65536_1_5.txt,barabasi_albert_10ins_m20,51,SpecAnn-cold,0.6580812002646271,1.0,-16215913.000000002,0.012300252914428711,0,True,62,33,False,55,32,2025-11-16 06:40:36
ba_65536_1_5.txt,barabasi_albert_10ins_m20,51,SpecAnn-cold,0.6640368076317485,1.0,-16220149.0,0.012332677841186523,0,True,62,33,False,56,32,2025-11-16 06:40:36
ba_65536_1_5.txt,barabasi_albert_10ins_m20,51,SpecAnn-cold,0.6699394731151429,1.0,-16224842.999999998,0.012353658676147461,0,True,62,33,False,57,32,2025-11-16 06:40:36
ba_65536_1_5.txt,barabasi_albert_10ins_m20,51,SpecAnn-cold,0.6757905839724513,1.0,-16275965.0,0.012246370315551758,0,True,62,33,False,58,32,2025-11-16 06:40:36
ba_65536_1_5.txt,barabasi_albert_10ins_m20,51,SpecAnn-cold,0.6815914679145113,1.0,-16211985.000000002,0.01236271858215332,0,True,62,33,False,59,32,2025-11-16 06:40:36
ba_65536_1_5.txt,barabasi_albert_10ins_m20,51,SpecAnn-cold,0.6873433966234707,1.0,-16245013.0,0.012303590774536133,0,True,62,33,False,60,32,2025-11-16 06:40:36
ba_65536_1_5.txt,barabasi_albert_10ins_m20,51,SpecAnn-cold,0.6930475890080863,1.0,-16247813.000000004,0.012257099151611328,0,True,62,33,False,61,32,2025-11-16 06:40:36
ba_65536_1_5.txt,barabasi_albert_10ins_m20,51,SpecAnn-cold,0.6987052142198116,1.0,-16188493.0,0.01228642463684082,0,True,62,33,False,62,32,2025-11-16 06:40:36
ba_65536_1_5.txt,barabasi_albert_10ins_m20,51,SpecAnn-cold,0.7043173944508145,1.0,-16198921.000000002,0.012302875518798828,0,True,62,33,False,63,32,2025-11-16 06:40:36
ba_65536_1_5.txt,barabasi_albert_10ins_m20,51,SpecAnn-cold,0.709885207532891,1.0,-16250653.000000002,0.01225900650024414,0,True,62,33,False,64,32,2025-11-16 06:40:36
ba_65536_1_5.txt,barabasi_albert_10ins_m20,51,SpecAnn-cold,0.7154096893543218,1.0,-16244926.999999998,0.012323617935180664,0,True,62,33,False,65,32,2025-11-16 06:40:36
ba_65536_1_5.txt,barabasi_albert_10ins_m20,51,SpecAnn-cold,0.7208918361100219,1.0,-16226095.000000002,0.012258768081665039,0,True,62,33,False,66,32,2025-11-16 06:40:36
ba_65536_1_5.txt,barabasi_albert_10ins_m20,51,SpecAnn-cold,0.7263326063988248,1.0,-16195913.000000002,0.012307405471801758,0,True,62,33,False,67,32,2025-11-16 06:40:36
ba_65536_1_5.txt,barabasi_albert_10ins_m20,51,SpecAnn-cold,0.7317329231804058,1.0,-16225651.000000004,0.01219034194946289,0,True,62,33,False,68,32,2025-11-16 06:40:36
ba_65536_1_5.txt,barabasi_albert_10ins_m20,51,SpecAnn-cold,0.7370936756031579,1.0,-16192122.999999996,0.012198925018310547,0,True,62,33,False,69,32,2025-11-16 06:40:36
ba_65536_1_5.txt,barabasi_albert_10ins_m20,51,SpecAnn-cold,0.7424157207132704,1.0,-16251831.000000002,0.01223301887512207,0,True,62,33,False,70,32,2025-11-16 06:40:36
ba_65536_1_5.txt,barabasi_albert_10ins_m20,51,SpecAnn-cold,0.7476998850543153,1.0,-16201665.000000002,0.012219429016113281,0,True,62,33,False,71,32,2025-11-16 06:40:36
ba_65536_1_5.txt,barabasi_albert_10ins_m20,51,SpecAnn-cold,0.7529469661657903,1.0,-16250453.000000004,0.012192249298095703,0,True,62,33,False,72,32,2025-11-16 06:40:36
ba_65536_1_5.txt,barabasi_albert_10ins_m20,51,SpecAnn-cold,0.7581577339883167,1.0,-16273559.000000002,0.012220144271850586,0,True,62,33,False,73,32,2025-11-16 06:40:36
ba_65536_1_5.txt,barabasi_albert_10ins_m20,51,SpecAnn-cold,0.7633329321824984,1.0,-16272706.999999998,0.012262105941772461,0,True,62,33,False,74,32,2025-11-16 06:40:36
ba_65536_1_5.txt,barabasi_albert_10ins_m20,51,SpecAnn-cold,0.7684732793678399,1.0,-16227123.000000004,0.01222681999206543,0,True,62,33,False,75,32,2025-11-16 06:40:36
ba_65536_1_5.txt,barabasi_albert_10ins_m20,51,SpecAnn-cold,0.7735794702875677,1.0,-16219944.999999998,0.01224064826965332,0,True,62,33,False,76,32,2025-11-16 06:40:36
ba_65536_1_5.txt,barabasi_albert_10ins_m20,51,SpecAnn-cold,0.7786521769046981,1.0,-16276081.000000002,0.012259721755981445,0,True,62,33,False,77,32,2025-11-16 06:40:36
ba_65536_1_5.txt,barabasi_albert_10ins_m20,51,SpecAnn-cold,0.7836920494342511,1.0,-16269920.999999996,0.012238264083862305,0,True,62,33,False,78,32,2025-11-16 06:40:36
ba_65536_1_5.txt,barabasi_albert_10ins_m20,51,SpecAnn-cold,0.788699717316095,1.0,-16251464.999999998,0.012282371520996094,0,True,62,33,False,79,32,2025-11-16 06:40:36
ba_65536_1_5.txt,barabasi_albert_10ins_m20,51,SpecAnn-cold,0.7936757901325451,1.0,-16220663.0,0.012287378311157227,0,True,62,33,False,80,32,2025-11-16 06:40:36
ba_65536_1_5.txt,barabasi_albert_10ins_m20,51,SpecAnn-cold,0.7986208584745024,1.0,-16243708.999999998,0.012257099151611328,0,True,62,33,False,81,32,2025-11-16 06:40:36
ba_65536_1_5.txt,barabasi_albert_10ins_m20,51,SpecAnn-cold,0.803535494759617,1.0,-16259396.999999996,0.01225590705871582,0,True,62,33,False,82,32,2025-11-16 06:40:36
ba_65536_1_5.txt,barabasi_albert_10ins_m20,51,SpecAnn-cold,0.8084202540056837,1.0,-16254057.0,0.012310504913330078,0,True,62,33,False,83,32,2025-11-16 06:40:36
ba_65536_1_5.txt,barabasi_albert_10ins_m20,51,SpecAnn-cold,0.8132756745622272,1.0,-16241685.000000002,0.01225590705871582,0,True,62,33,False,84,32,2025-11-16 06:40:36
ba_65536_1_5.txt,barabasi_albert_10ins_m20,51,SpecAnn-cold,0.8181022788030096,1.0,-16264227.000000006,0.012280464172363281,0,True,62,33,False,85,32,2025-11-16 06:40:36
ba_65536_1_5.txt,barabasi_albert_10ins_m20,51,SpecAnn-cold,0.822900573781978,1.0,-16264916.999999998,0.01227116584777832,0,True,62,33,False,86,32,2025-11-16 06:40:36
ba_65536_1_5.txt,barabasi_albert_10ins_m20,51,SpecAnn-cold,0.8276710518549868,1.0,-16277618.999999998,0.012326955795288086,0,True,62,33,False,87,32,2025-11-16 06:40:36
ba_65536_1_5.txt,barabasi_albert_10ins_m20,51,SpecAnn-cold,0.8324141912694495,1.0,-16285958.999999998,0.012279033660888672,0,True,62,33,False,88,32,2025-11-16 06:40:36
ba_65536_1_5.txt,barabasi_albert_10ins_m20,51,SpecAnn-cold,0.8371304567239225,1.0,-16302401.0,0.012242555618286133,0,True,62,33,False,89,32,2025-11-16 06:40:36
ba_65536_1_5.txt,barabasi_albert_10ins_m20,51,SpecAnn-cold,0.8418202998994706,1.0,-16290155.000000002,0.012201547622680664,0,True,62,33,False,90,32,2025-11-16 06:40:36
ba_65536_1_5.txt,barabasi_albert_10ins_m20,51,SpecAnn-cold,0.846484159964536,1.0,-16289569.0,0.01225137710571289,0,True,62,33,False,91,32,2025-11-16 06:40:36
ba_65536_1_5.txt,barabasi_albert_10ins_m20,51,SpecAnn-cold,0.8511224640549078,1.0,-16287064.999999998,0.01223897933959961,0,True,62,33,False,92,32,2025-11-16 06:40:36
ba_65536_1_5.txt,barabasi_albert_10ins_m20,51,SpecAnn-cold,0.8557356277302758,1.0,-16329557.0,0.01221776008605957,0,True,62,33,False,93,32,2025-11-16 06:40:36
ba_65536_1_5.txt,barabasi_albert_10ins_m20,51,SpecAnn-cold,0.8603240554087516,1.0,-16324131.0,0.012362957000732422,0,True,62,33,False,94,32,2025-11-16 06:40:36
ba_65536_1_5.txt,barabasi_albert_10ins_m20,51,SpecAnn-cold,0.86488814078064,1.0,-16314003.000000004,0.023818254470825195,0,True,62,65,False,95,32,2025-11-16 06:40:36
ba_65536_1_5.txt,barabasi_albert_10ins_m20,51,SpecAnn-cold,0.8694282672026621,1.0,-16350405.000000002,0.023722171783447266,0,True,62,65,False,96,32,2025-11-16 06:40:36
ba_65536_1_5.txt,barabasi_albert_10ins_m20,51,SpecAnn-cold,0.8739448080737451,1.0,-16351684.999999998,0.02396988868713379,0,True,62,65,False,97,32,2025-11-16 06:40:36
ba_65536_1_5.txt,barabasi_albert_10ins_m20,51,SpecAnn-cold,0.878438127193422,1.0,-16363009.000000002,0.023870229721069336,0,True,62,65,False,98,32,2025-11-16 06:40:36
ba_65536_1_5.txt,barabasi_albert_10ins_m20,51,SpecAnn-cold,0.8829085791038153,1.0,-16372229.0,0.02367997169494629,0,True,62,65,False,99,32,2025-11-16 06:40:36
ba_65536_1_5.txt,barabasi_albert_10ins_m20,51,SpecAnn-cold,0.8873565094161138,1.0,-16401864.999999998,0.023462772369384766,0,True,62,65,False,100,32,2025-11-16 06:40:36
ba_65536_1_5.txt,barabasi_albert_10ins_m20,51,SpecAnn-cold,0.8917822551223932,1.0,-16396285.000000002,0.02335667610168457,0,True,62,65,False,101,32,2025-11-16 06:40:36
ba_65536_1_5.txt,barabasi_albert_10ins_m20,51,SpecAnn-cold,0.8961861448935777,1.0,-16406245.000000004,0.02328038215637207,0,True,62,65,False,102,32,2025-11-16 06:40:36
ba_65536_1_5.txt,barabasi_albert_10ins_m20,51,SpecAnn-cold,0.9005684993642872,1.0,-16440041.000000002,0.023389577865600586,0,True,62,65,False,103,32,2025-11-16 06:40:36
ba_65536_1_5.txt,barabasi_albert_10ins_m20,51,SpecAnn-cold,0.9049296314052687,1.0,-16443917.000000002,0.023324966430664062,0,True,62,65,False,104,32,2025-11-16 06:40:36
ba_65536_1_5.txt,barabasi_albert_10ins_m20,51,SpecAnn-cold,0.9092698463840683,1.0,-16456759.0,0.023283958435058594,0,True,62,65,False,105,32,2025-11-16 06:40:36
ba_65536_1_5.txt,barabasi_albert_10ins_m20,51,SpecAnn-cold,0.9135894424145555,1.0,-16432696.999999998,0.023401975631713867,0,True,62,65,False,106,32,2025-11-16 06:40:36
ba_65536_1_5.txt,barabasi_albert_10ins_m20,51,SpecAnn-cold,0.9178887105958816,1.0,-16508483.0,0.034522056579589844,0,True,62,97,False,107,32,2025-11-16 06:40:37
ba_65536_1_5.txt,barabasi_albert_10ins_m20,51,SpecAnn-cold,0.9221679352414079,1.0,-16524387.000000002,0.034620046615600586,0,True,62,97,False,108,32,2025-11-16 06:40:37
ba_65536_1_5.txt,barabasi_albert_10ins_m20,51,SpecAnn-cold,0.9264273940981199,1.0,-16556095.0,0.045697927474975586,0,True,62,129,False,109,32,2025-11-16 06:40:37
ba_65536_1_5.txt,barabasi_albert_10ins_m20,51,SpecAnn-cold,0.9306673585570006,1.0,-16576519.0,0.04580950736999512,0,True,62,129,False,110,32,2025-11-16 06:40:37
ba_65536_1_5.txt,barabasi_albert_10ins_m20,51,SpecAnn-cold,0.9348880938548185,1.0,-16619781.000000004,0.04567909240722656,0,True,62,129,False,111,32,2025-11-16 06:40:37
ba_65536_1_5.txt,barabasi_albert_10ins_m20,51,SpecAnn-cold,0.9390898592677527,1.0,-16651903.000000002,0.0568695068359375,0,True,62,161,False,112,32,2025-11-16 06:40:37
ba_65536_1_5.txt,barabasi_albert_10ins_m20,51,SpecAnn-cold,0.9432729082972536,1.0,-16652782.999999996,0.06784939765930176,0,True,62,193,False,113,32,2025-11-16 06:40:37
ba_65536_1_5.txt,barabasi_albert_10ins_m20,51,SpecAnn-cold,0.9474374888485205,1.0,-16674575.000000002,0.1908268928527832,0,True,62,545,False,114,32,2025-11-16 06:40:37
ba_65536_1_5.txt,barabasi_albert_10ins_m20,51,SpecAnn-cold,0.9515838434019475,1.0,-16605557.000000002,0.11320185661315918,0,True,62,321,False,115,32,2025-11-16 06:40:37
ba_65536_1_5.txt,barabasi_albert_10ins_m20,51,SpecAnn-cold,0.9557122091778746,1.0,-16586613.000000004,0.13638925552368164,0,True,62,385,False,116,32,2025-11-16 06:40:37
ba_65536_1_5.txt,barabasi_albert_10ins_m20,51,SpecAnn-cold,0.9598228182949627,1.0,-16592405.0,0.09112930297851562,0,True,62,257,False,117,32,2025-11-16 06:40:37
ba_65536_1_5.txt,barabasi_albert_10ins_m20,51,SpecAnn-cold,0.9639158979224881,1.0,-16569017.000000004,0.09009051322937012,0,True,62,257,False,118,32,2025-11-16 06:40:37
ba_65536_1_5.txt,barabasi_albert_10ins_m20,51,SpecAnn-cold,0.9679916704268421,1.0,-16575435.000000002,0.0791471004486084,0,True,62,225,False,119,32,2025-11-16 06:40:38
ba_65536_1_5.txt,barabasi_albert_10ins_m20,51,SpecAnn-cold,0.9720503535125017,1.0,-16559603.0,0.1010587215423584,0,True,62,289,False,120,32,2025-11-16 06:40:38
ba_65536_1_5.txt,barabasi_albert_10ins_m20,51,SpecAnn-cold,0.9760921603577252,1.0,-16573395.0,0.08974194526672363,0,True,62,257,False,121,32,2025-11-16 06:40:38
ba_65536_1_5.txt,barabasi_albert_10ins_m20,51,SpecAnn-cold,0.9801172997452103,1.0,-16546943.0,0.10085439682006836,0,True,62,289,False,122,32,2025-11-16 06:40:38
ba_65536_1_5.txt,barabasi_albert_10ins_m20,51,SpecAnn-cold,0.9841259761879442,1.0,-16567899.000000002,0.08981657028198242,0,True,62,257,False,123,32,2025-11-16 06:40:38
ba_65536_1_5.txt,barabasi_albert_10ins_m20,51,SpecAnn-cold,0.9881183900504562,1.0,-16560558.999999998,0.10113072395324707,0,True,62,289,False,124,32,2025-11-16 06:40:38
ba_65536_1_5.txt,barabasi_albert_10ins_m20,51,SpecAnn-cold,0.9920947376656813,1.0,-16556691.000000002,0.09008622169494629,0,True,62,257,False,125,32,2025-11-16 06:40:38
ba_65536_1_5.txt,barabasi_albert_10ins_m20,51,SpecAnn-cold,0.9960552114476228,1.0,-16536425.0,0.13413357734680176,0,True,62,385,False,126,32,2025-11-16 06:40:38
ba_65536_1_5.txt,barabasi_albert_10ins_m20,51,SpecAnn-cold,1.0,1.0,-16520515.000000002,0.1253068447113037,0,True,62,353,False,127,32,2025-11-16 06:40:38
