instance_name,dataset,seed,solver_name,alpha,beta,energy,raw_energy,time,mode,use_local_search,local_search_iterations,eigsh_iterations,warm_start,alpha_index,precision,lambda1,degree_scale,energy_bound,timestamp
ba_1024_1_0.txt,barabasi_albert_selective,42,SpecAnn_7,0.0,1.0,-257863.0,-87868.99999999999,0.1560814380645752,7,True,63,33,True,0,32,0.9629926085472108,1025.0,-24606603.80693525,2025-11-18 02:14:43
ba_1024_1_0.txt,barabasi_albert_selective,42,SpecAnn_7,0.1259881576697424,1.0,-250229.0,-97581.0,0.0134458541870117,7,True,63,33,True,1,32,0.9538714289665222,672.43017578125,-15989758.069098426,2025-11-18 02:14:43
ba_1024_1_0.txt,barabasi_albert_selective,42,SpecAnn_7,0.1781741612749496,1.0,-255067.0,-101507.0,0.0131022930145263,7,True,63,33,True,2,32,0.949380338191986,565.4488525390625,-13382535.92372252,2025-11-18 02:14:43
ba_1024_1_0.txt,barabasi_albert_selective,42,SpecAnn_7,0.2182178902359923,1.0,-253417.0,-105569.0,0.0130360126495361,7,True,63,33,True,3,32,0.9455981254577636,495.3275146484375,-11676264.198857302,2025-11-18 02:14:43
ba_1024_1_0.txt,barabasi_albert_selective,42,SpecAnn_7,0.2519763153394848,1.0,-256677.0,-108567.0,0.0131399631500244,7,True,63,33,True,4,32,0.9421572089195251,443.1868286132813,-10409145.468655815,2025-11-18 02:14:43
ba_1024_1_0.txt,barabasi_albert_selective,42,SpecAnn_7,0.2817180849095055,1.0,-260885.0,-111165.0,0.012946605682373,7,True,63,33,True,5,32,0.9389164447784424,401.9400024414063,-9407907.399117528,2025-11-18 02:14:43
ba_1024_1_0.txt,barabasi_albert_selective,42,SpecAnn_7,0.3086066999241838,1.0,-247457.0,-115297.0,0.0130481719970703,7,True,63,33,True,6,32,0.9358033537864684,368.0569458007813,-8586268.65299659,2025-11-18 02:14:43
ba_1024_1_0.txt,barabasi_albert_selective,42,SpecAnn_7,0.3333333333333333,1.0,-255261.0,-116657.0,0.0130579471588134,7,True,63,33,True,7,32,0.9327747225761414,339.49853515625,-7894407.327346315,2025-11-18 02:14:43
ba_1024_1_0.txt,barabasi_albert_selective,42,SpecAnn_7,0.3563483225498992,1.0,-250969.0,-117457.0,0.0129938125610351,7,True,63,33,True,8,32,0.929802417755127,314.9715576171875,-7300739.741492424,2025-11-18 02:14:43
ba_1024_1_0.txt,barabasi_albert_selective,42,SpecAnn_7,0.3779644730092272,1.0,-253719.0,-119415.0,0.0129168033599853,7,True,63,33,True,9,32,0.9268664121627808,293.6013488769531,-6783909.54574574,2025-11-18 02:14:43
ba_1024_1_0.txt,barabasi_albert_selective,42,SpecAnn_7,0.3984095364447979,1.0,-249509.0,-122803.0,0.0127780437469482,7,True,63,33,True,10,32,0.9239518642425536,274.7672119140625,-6328767.05290284,2025-11-18 02:14:43
ba_1024_1_0.txt,barabasi_albert_selective,42,SpecAnn_7,0.4178554470186724,1.0,-256909.0,-124243.0,0.0127058029174804,7,True,63,33,True,11,32,0.9210470914840698,258.01239013671875,-5924166.486690286,2025-11-18 02:14:43
ba_1024_1_0.txt,barabasi_albert_selective,42,SpecAnn_7,0.4364357804719847,1.0,-256021.00000000003,-129827.0,0.0128188133239746,7,True,63,33,True,12,32,0.9181430339813232,242.9905700683593,-5561662.373739939,2025-11-18 02:14:43
ba_1024_1_0.txt,barabasi_albert_selective,42,SpecAnn_7,0.4542567625794979,1.0,-249463.0,-133413.0,0.0129129886627197,7,True,63,33,True,13,32,0.9152318239212036,229.4331817626953,-5234704.832309614,2025-11-18 02:14:43
ba_1024_1_0.txt,barabasi_albert_selective,42,SpecAnn_7,0.4714045207910317,1.0,-253057.0,-134879.0,0.0129623413085937,7,True,63,33,True,14,32,0.912306785583496,217.1275634765625,-4938109.564007702,2025-11-18 02:14:43
ba_1024_1_0.txt,barabasi_albert_selective,42,SpecAnn_7,0.4879500364742666,1.0,-253281.0,-140029.00000000003,0.0130250453948974,7,True,63,33,True,15,32,0.909362256526947,205.9025115966797,-4667705.276200584,2025-11-18 02:14:43
ba_1024_1_0.txt,barabasi_albert_selective,42,SpecAnn_7,0.5039526306789697,1.0,-254865.0,-142759.00000000003,0.0129623413085937,7,True,63,33,True,16,32,0.9063928127288818,195.61834716796875,-4420087.7962360745,2025-11-18 02:14:43
ba_1024_1_0.txt,barabasi_albert_selective,42,SpecAnn_7,0.5194624816493197,1.0,-254481.0,-145663.0,0.0128369331359863,7,True,63,33,True,17,32,0.9033937454223632,186.1595153808593,-4192443.096877104,2025-11-18 02:14:43
ba_1024_1_0.txt,barabasi_albert_selective,42,SpecAnn_7,0.5345224838248488,1.0,-253471.00000000003,-147027.0,0.012789249420166,7,True,63,33,True,18,32,0.9003604650497437,177.42950439453125,-3982420.4909677375,2025-11-18 02:14:43
ba_1024_1_0.txt,barabasi_albert_selective,42,SpecAnn_7,0.549169647365276,1.0,-254429.0,-148951.0,0.012789249420166,7,True,63,33,True,19,32,0.8972888588905334,169.3468780517578,-3788038.006338977,2025-11-18 02:14:43
ba_1024_1_0.txt,barabasi_albert_selective,42,SpecAnn_7,0.563436169819011,1.0,-250715.0,-157425.0,0.0127668380737304,7,True,63,33,True,20,32,0.8941746354103088,161.84239196777344,-3607609.255102851,2025-11-18 02:14:43
ba_1024_1_0.txt,barabasi_albert_selective,42,SpecAnn_7,0.5773502691896257,1.0,-253569.0,-160923.0,0.0130085945129394,7,True,63,33,True,21,32,0.8910137414932251,154.85659790039062,-3439687.382928474,2025-11-18 02:14:43
ba_1024_1_0.txt,barabasi_albert_selective,42,SpecAnn_7,0.5909368402852788,1.0,-255331.0,-161469.0,0.0129754543304443,7,True,63,33,True,22,32,0.887802243232727,148.3381805419922,-3283023.893225649,2025-11-18 02:14:43
ba_1024_1_0.txt,barabasi_albert_selective,42,SpecAnn_7,0.6042179781166438,1.0,-255775.0,-164135.00000000003,0.013258934020996,7,True,63,33,True,23,32,0.88453608751297,142.2425994873047,-3136534.682121972,2025-11-18 02:14:43
ba_1024_1_0.txt,barabasi_albert_selective,42,SpecAnn_7,0.6172133998483676,1.0,-253999.0,-165279.0,0.0126824378967285,7,True,63,33,True,24,32,0.8812112212181091,136.5309295654297,-2999272.485720374,2025-11-18 02:14:43
ba_1024_1_0.txt,barabasi_albert_selective,42,SpecAnn_7,0.629940788348712,1.0,-254019.0,-168076.99999999997,0.0124537944793701,7,True,63,33,True,25,32,0.8778236508369446,131.16900634765625,-2870406.229540808,2025-11-18 02:14:43
ba_1024_1_0.txt,barabasi_albert_selective,42,SpecAnn_7,0.642416074439621,1.0,-256179.00000000003,-169914.99999999997,0.0126008987426757,7,True,63,33,True,26,32,0.8743691444396973,126.12664794921876,-2749201.2627627854,2025-11-18 02:14:43
ba_1024_1_0.txt,barabasi_albert_selective,42,SpecAnn_7,0.6546536707079771,1.0,-253379.0,-173391.0,0.0125420093536376,7,True,63,33,True,27,32,0.8708431720733643,121.3770751953125,-2635005.201302045,2025-11-18 02:14:43
ba_1024_1_0.txt,barabasi_albert_selective,42,SpecAnn_7,0.6666666666666666,1.0,-251751.0,-178281.0,0.0125353336334228,7,True,63,33,True,28,32,0.8672413229942322,116.8965301513672,-2527239.7339438754,2025-11-18 02:14:43
ba_1024_1_0.txt,barabasi_albert_selective,42,SpecAnn_7,0.6784669927988098,1.0,-257261.00000000003,-180785.0,0.0127789974212646,7,True,63,33,True,29,32,0.8635589480400085,112.6637725830078,-2425387.5049157105,2025-11-18 02:14:43
ba_1024_1_0.txt,barabasi_albert_selective,42,SpecAnn_7,0.6900655593423543,1.0,-253737.00000000003,-183721.0,0.0128018856048583,7,True,63,33,True,30,32,0.8597908616065979,108.6597137451172,-2328982.573918913,2025-11-18 02:14:43
ba_1024_1_0.txt,barabasi_albert_selective,42,SpecAnn_7,0.7014723744122017,1.0,-257243.00000000003,-186401.0,0.0128271579742431,7,True,63,33,True,31,32,0.8559321165084839,104.8672332763672,-2237607.917727672,2025-11-18 02:14:43
ba_1024_1_0.txt,barabasi_albert_selective,42,SpecAnn_7,0.7126966450997984,1.0,-253323.0,-188623.0,0.0127410888671875,7,True,63,33,True,32,32,0.8519771695137024,101.27088165283205,-2150886.063601988,2025-11-18 02:14:43
ba_1024_1_0.txt,barabasi_albert_selective,42,SpecAnn_7,0.7237468644557459,1.0,-258651.0,-190409.0,0.0127522945404052,7,True,63,33,True,33,32,0.8479200005531311,97.85668182373048,-2068474.7433754944,2025-11-18 02:14:43
ba_1024_1_0.txt,barabasi_albert_selective,42,SpecAnn_7,0.7346308866924529,1.0,-258807.0,-193373.00000000003,0.0125858783721923,7,True,63,33,True,34,32,0.8437545299530029,94.6119155883789,-1990062.933632715,2025-11-18 02:14:43
ba_1024_1_0.txt,barabasi_albert_selective,42,SpecAnn_7,0.7453559924999299,1.0,-260705.0,-196929.0,0.0126399993896484,7,True,63,33,True,35,32,0.8394739031791687,91.52508544921876,-1915367.880650384,2025-11-18 02:14:43
ba_1024_1_0.txt,barabasi_albert_selective,42,SpecAnn_7,0.7559289460184544,1.0,-255743.00000000003,-199685.0,0.0125465393066406,7,True,63,33,True,36,32,0.8350713849067688,88.58565521240234,-1844131.394976901,2025-11-18 02:14:43
ba_1024_1_0.txt,barabasi_albert_selective,42,SpecAnn_7,0.7663560447348133,1.0,-262799.0,-204037.0,0.012603759765625,7,True,63,33,True,37,32,0.830539345741272,85.78402709960938,-1776116.7058673203,2025-11-18 02:14:43
ba_1024_1_0.txt,barabasi_albert_selective,42,SpecAnn_7,0.7766431633476233,1.0,-260699.0,-207847.0,0.0126168727874755,7,True,63,33,True,38,32,0.8258703351020813,83.11140441894531,-1711107.6991742763,2025-11-18 02:14:43
ba_1024_1_0.txt,barabasi_albert_selective,42,SpecAnn_7,0.7867957924694432,1.0,-259931.0,-210395.0,0.0125770568847656,7,True,63,33,True,39,32,0.8210563063621521,80.55970764160156,-1648905.1719698596,2025-11-18 02:14:43
ba_1024_1_0.txt,barabasi_albert_selective,42,SpecAnn_7,0.7968190728895957,1.0,-261795.0,-212729.0,0.0125222206115722,7,True,63,33,True,40,32,0.8160898685455322,78.12152862548828,-1589328.153313884,2025-11-18 02:14:43
ba_1024_1_0.txt,barabasi_albert_selective,42,SpecAnn_7,0.8067178260046388,1.0,-262212.99999999994,-215403.00000000003,0.0125703811645507,7,True,63,33,True,41,32,0.8109641075134277,75.7900390625,-1532211.1615697455,2025-11-18 02:14:43
ba_1024_1_0.txt,barabasi_albert_selective,42,SpecAnn_7,0.816496580927726,1.0,-262761.0,-219733.00000000003,0.0125062465667724,7,True,63,33,True,42,32,0.8056731224060059,73.55890655517578,-1477403.0733183215,2025-11-18 02:14:43
ba_1024_1_0.txt,barabasi_albert_selective,42,SpecAnn_7,0.8261595987094035,1.0,-261335.0,-219241.00000000003,0.0125067234039306,7,True,63,33,True,43,32,0.8002122640609741,71.42236328125,-1424768.409024024,2025-11-18 02:14:43
ba_1024_1_0.txt,barabasi_albert_selective,42,SpecAnn_7,0.8357108940373449,1.0,-262210.99999999994,-221231.0,0.0127174854278564,7,True,63,33,True,44,32,0.7945788502693176,69.37496948242188,-1374183.2914925886,2025-11-18 02:14:43
ba_1024_1_0.txt,barabasi_albert_selective,42,SpecAnn_7,0.8451542547285166,1.0,-262874.99999999994,-222149.0,0.0127203464508056,7,True,63,33,True,45,32,0.7887715697288513,67.41175842285156,-1325536.716760203,2025-11-18 02:14:43
ba_1024_1_0.txt,barabasi_albert_selective,42,SpecAnn_7,0.8544932592822077,1.0,-263217.0,-223853.0,0.0254619121551513,7,True,63,65,True,46,32,0.7827906608581543,65.52806854248047,-1278727.07401255,2025-11-18 02:14:43
ba_1024_1_0.txt,barabasi_albert_selective,42,SpecAnn_7,0.8637312927246217,1.0,-261731.0,-225931.0,0.0239291191101074,7,True,63,65,True,47,32,0.7766373157501221,63.71961212158203,-1233662.1339437794,2025-11-18 02:14:43
ba_1024_1_0.txt,barabasi_albert_selective,42,SpecAnn_7,0.8728715609439694,1.0,-262239.0,-227741.0,0.0287227630615234,7,True,63,65,True,48,32,0.7703129649162292,61.98237228393555,-1190255.6705918703,2025-11-18 02:14:43
ba_1024_1_0.txt,barabasi_albert_selective,42,SpecAnn_7,0.8819171036881968,1.0,-262869.0,-232615.00000000003,0.0243666172027587,7,True,63,65,True,49,32,0.7638192176818848,60.31260681152344,-1148427.3808795933,2025-11-18 02:14:43
ba_1024_1_0.txt,barabasi_albert_selective,42,SpecAnn_7,0.8908708063747479,1.0,-263227.0,-229769.00000000003,0.0239448547363281,7,True,63,65,True,50,32,0.7571574449539185,58.70684051513672,-1108102.0613269836,2025-11-18 02:14:43
ba_1024_1_0.txt,barabasi_albert_selective,42,SpecAnn_7,0.8997354108424374,1.0,-263928.99999999994,-229697.0,0.0240013599395751,7,True,63,65,True,51,32,0.7503286600112915,57.16180038452149,-1069208.2274256423,2025-11-18 02:14:43
ba_1024_1_0.txt,barabasi_albert_selective,42,SpecAnn_7,0.908513525158996,1.0,-262645.0,-229883.0,0.0240924358367919,7,True,63,65,True,52,32,0.743333101272583,55.6744384765625,-1031678.0149957988,2025-11-18 02:14:43
ba_1024_1_0.txt,barabasi_albert_selective,42,SpecAnn_7,0.9172076325837248,1.0,-264513.0,-230335.0,0.0241203308105468,7,True,63,65,True,53,32,0.7361711263656616,54.24191284179688,-995448.12738916,2025-11-18 02:14:43
ba_1024_1_0.txt,barabasi_albert_selective,42,SpecAnn_7,0.9258200997725514,1.0,-267733.0,-231043.0,0.0239644050598144,7,True,63,65,True,54,32,0.7288421988487244,52.861549377441406,-960457.7283904412,2025-11-18 02:14:43
ba_1024_1_0.txt,barabasi_albert_selective,42,SpecAnn_7,0.9343531843023136,1.0,-264787.0,-230835.0,0.0239157676696777,7,True,63,65,True,55,32,0.7213455438613892,51.53083038330078,-926649.192736116,2025-11-18 02:14:43
ba_1024_1_0.txt,barabasi_albert_selective,42,SpecAnn_7,0.9428090415820634,1.0,-265735.0,-232379.0,0.0238962173461914,7,True,63,65,True,56,32,0.7136799097061157,50.247406005859375,-893968.0044738392,2025-11-18 02:14:43
ba_1024_1_0.txt,barabasi_albert_selective,42,SpecAnn_7,0.9511897312113418,1.0,-266313.0,-231501.0,0.0240037441253662,7,True,63,65,True,57,32,0.7058440446853638,49.009056091308594,-862362.6741657113,2025-11-18 02:14:43
ba_1024_1_0.txt,barabasi_albert_selective,42,SpecAnn_7,0.959497222838566,1.0,-266013.0,-230821.0,0.0240190029144287,7,True,63,65,True,58,32,0.6978362202644348,47.81371307373047,-831784.5242071258,2025-11-18 02:14:43
ba_1024_1_0.txt,barabasi_albert_selective,42,SpecAnn_7,0.9677334015667416,1.0,-265651.0,-230339.0,0.0239872932434082,7,True,63,65,True,59,32,0.689654529094696,46.65939712524414,-802186.9144231066,2025-11-18 02:14:44
ba_1024_1_0.txt,barabasi_albert_selective,42,SpecAnn_7,0.9759000729485332,1.0,-266073.0,-230427.0,0.0239911079406738,7,True,63,65,True,60,32,0.6812970042228699,45.54427337646485,-773526.3537045494,2025-11-18 02:14:44
ba_1024_1_0.txt,barabasi_albert_selective,42,SpecAnn_7,0.983998967608182,1.0,-265733.0,-231271.0,0.0238375663757324,7,True,63,65,True,61,32,0.6727614402770996,44.466590881347656,-745761.1991901859,2025-11-18 02:14:44
ba_1024_1_0.txt,barabasi_albert_selective,42,SpecAnn_7,0.9920317455237933,1.0,-265437.0,-230463.0,0.0239367485046386,7,True,63,65,True,62,32,0.6640456914901733,43.42470169067383,-718852.2965380524,2025-11-18 02:14:44
ba_1024_1_0.txt,barabasi_albert_selective,42,SpecAnn_7,1.0,1.0,-263371.0,-229927.0,0.0239491462707519,7,True,63,65,True,63,32,0.655147135257721,42.41706466674805,-692762.4113549622,2025-11-18 02:14:44
ba_1024_1_0.txt,barabasi_albert_selective,43,SpecAnn_7,0.0,1.0,-255245.0,-87868.99999999999,0.0167446136474609,7,True,75,33,True,0,32,0.962992548942566,1025.0,-24606602.28390396,2025-11-18 02:14:44
ba_1024_1_0.txt,barabasi_albert_selective,43,SpecAnn_7,0.1259881576697424,1.0,-255807.0,-97581.0,0.0126140117645263,7,True,75,33,True,1,32,0.9538713693618774,672.43017578125,-15989757.06994506,2025-11-18 02:14:44
ba_1024_1_0.txt,barabasi_albert_selective,43,SpecAnn_7,0.1781741612749496,1.0,-252011.0,-101507.0,0.0126209259033203,7,True,75,33,True,2,32,0.9493802785873412,565.4488525390625,-13382535.08353101,2025-11-18 02:14:44
ba_1024_1_0.txt,barabasi_albert_selective,43,SpecAnn_7,0.2182178902359923,1.0,-252483.0,-105569.0,0.0125284194946289,7,True,75,33,True,3,32,0.945598006248474,495.3275146484375,-11676262.726858657,2025-11-18 02:14:44
ba_1024_1_0.txt,barabasi_albert_selective,43,SpecAnn_7,0.2519763153394848,1.0,-255729.00000000003,-108567.0,0.012500524520874,7,True,75,33,True,4,32,0.9421571493148804,443.1868286132813,-10409144.810131514,2025-11-18 02:14:44
ba_1024_1_0.txt,barabasi_albert_selective,43,SpecAnn_7,0.2817180849095055,1.0,-250751.0,-111165.0,0.0126817226409912,7,True,75,33,True,5,32,0.9389163851737976,401.9400024414063,-9407906.801881231,2025-11-18 02:14:44
ba_1024_1_0.txt,barabasi_albert_selective,43,SpecAnn_7,0.3086066999241838,1.0,-253771.0,-115297.0,0.0126278400421142,7,True,75,33,True,6,32,0.9358034133911132,368.0569458007813,-8586269.199886587,2025-11-18 02:14:44
ba_1024_1_0.txt,barabasi_albert_selective,43,SpecAnn_7,0.3333333333333333,1.0,-256203.0,-116657.0,0.0127062797546386,7,True,75,33,True,7,32,0.9327747225761414,339.49853515625,-7894407.327346315,2025-11-18 02:14:44
ba_1024_1_0.txt,barabasi_albert_selective,43,SpecAnn_7,0.3563483225498992,1.0,-252993.0,-117457.0,0.0127058029174804,7,True,75,33,True,8,32,0.9298024773597716,314.9715576171875,-7300740.209503682,2025-11-18 02:14:44
ba_1024_1_0.txt,barabasi_albert_selective,43,SpecAnn_7,0.3779644730092272,1.0,-252701.0,-119415.0,0.0124964714050292,7,True,75,33,True,9,32,0.9268664121627808,293.6013488769531,-6783909.54574574,2025-11-18 02:14:44
ba_1024_1_0.txt,barabasi_albert_selective,43,SpecAnn_7,0.3984095364447979,1.0,-256569.00000000003,-122803.0,0.0126006603240966,7,True,75,33,True,10,32,0.9239518046379088,274.7672119140625,-6328766.644630584,2025-11-18 02:14:44
ba_1024_1_0.txt,barabasi_albert_selective,43,SpecAnn_7,0.4178554470186724,1.0,-252581.0,-124243.0,0.0125889778137207,7,True,75,33,True,11,32,0.9210471510887146,258.01239013671875,-5924166.870066817,2025-11-18 02:14:44
ba_1024_1_0.txt,barabasi_albert_selective,43,SpecAnn_7,0.4364357804719847,1.0,-255939.0,-129827.0,0.0126609802246093,7,True,75,33,True,12,32,0.9181429743766784,242.9905700683593,-5561662.012684093,2025-11-18 02:14:44
ba_1024_1_0.txt,barabasi_albert_selective,43,SpecAnn_7,0.4542567625794979,1.0,-254903.0,-133413.0,0.0124998092651367,7,True,75,33,True,13,32,0.9152318239212036,229.4331817626953,-5234704.832309614,2025-11-18 02:14:44
ba_1024_1_0.txt,barabasi_albert_selective,43,SpecAnn_7,0.4714045207910317,1.0,-252079.0,-134879.0,0.0126025676727294,7,True,75,33,True,14,32,0.912306785583496,217.1275634765625,-4938109.564007702,2025-11-18 02:14:44
ba_1024_1_0.txt,barabasi_albert_selective,43,SpecAnn_7,0.4879500364742666,1.0,-257753.0,-140029.00000000003,0.0124270915985107,7,True,75,33,True,15,32,0.909362256526947,205.9025115966797,-4667705.276200584,2025-11-18 02:14:44
ba_1024_1_0.txt,barabasi_albert_selective,43,SpecAnn_7,0.5039526306789697,1.0,-248987.0,-142759.00000000003,0.012582778930664,7,True,75,33,True,16,32,0.9063928127288818,195.61834716796875,-4420087.7962360745,2025-11-18 02:14:44
ba_1024_1_0.txt,barabasi_albert_selective,43,SpecAnn_7,0.5194624816493197,1.0,-251093.0,-145663.0,0.012575626373291,7,True,75,33,True,17,32,0.903393805027008,186.1595153808593,-4192443.373488585,2025-11-18 02:14:44
ba_1024_1_0.txt,barabasi_albert_selective,43,SpecAnn_7,0.5345224838248488,1.0,-252643.00000000003,-147027.0,0.0125350952148437,7,True,75,33,True,18,32,0.9003605246543884,177.42950439453125,-3982420.754607433,2025-11-18 02:14:44
ba_1024_1_0.txt,barabasi_albert_selective,43,SpecAnn_7,0.549169647365276,1.0,-251331.0,-148951.0,0.0125658512115478,7,True,75,33,True,19,32,0.8972888588905334,169.3468780517578,-3788038.006338977,2025-11-18 02:14:44
ba_1024_1_0.txt,barabasi_albert_selective,43,SpecAnn_7,0.563436169819011,1.0,-252195.0,-157425.0,0.0124917030334472,7,True,75,33,True,20,32,0.8941746354103088,161.84239196777344,-3607609.255102851,2025-11-18 02:14:44
ba_1024_1_0.txt,barabasi_albert_selective,43,SpecAnn_7,0.5773502691896257,1.0,-254553.0,-160923.0,0.01263427734375,7,True,75,33,True,21,32,0.8910137414932251,154.85659790039062,-3439687.382928474,2025-11-18 02:14:44
ba_1024_1_0.txt,barabasi_albert_selective,43,SpecAnn_7,0.5909368402852788,1.0,-260897.0,-161469.0,0.0127081871032714,7,True,75,33,True,22,32,0.8878021836280823,148.3381805419922,-3283023.672812292,2025-11-18 02:14:44
ba_1024_1_0.txt,barabasi_albert_selective,43,SpecAnn_7,0.6042179781166438,1.0,-251249.0,-164135.00000000003,0.0126922130584716,7,True,75,33,True,23,32,0.88453608751297,142.2425994873047,-3136534.682121972,2025-11-18 02:14:44
ba_1024_1_0.txt,barabasi_albert_selective,43,SpecAnn_7,0.6172133998483676,1.0,-256689.0,-165279.0,0.0127234458923339,7,True,75,33,True,24,32,0.8812112212181091,136.5309295654297,-2999272.485720374,2025-11-18 02:14:44
ba_1024_1_0.txt,barabasi_albert_selective,43,SpecAnn_7,0.629940788348712,1.0,-252367.0,-168076.99999999997,0.0124762058258056,7,True,75,33,True,25,32,0.8778237104415894,131.16900634765625,-2870406.42444276,2025-11-18 02:14:44
ba_1024_1_0.txt,barabasi_albert_selective,43,SpecAnn_7,0.642416074439621,1.0,-259639.0,-169914.99999999997,0.0125646591186523,7,True,75,33,True,26,32,0.8743690848350525,126.12664794921876,-2749201.0753531936,2025-11-18 02:14:44
ba_1024_1_0.txt,barabasi_albert_selective,43,SpecAnn_7,0.6546536707079771,1.0,-254903.0,-173391.0,0.0126051902770996,7,True,75,33,True,27,32,0.8708431124687195,121.3770751953125,-2635005.020949768,2025-11-18 02:14:44
ba_1024_1_0.txt,barabasi_albert_selective,43,SpecAnn_7,0.6666666666666666,1.0,-262117.0,-178281.0,0.0125658512115478,7,True,75,33,True,28,32,0.8672413229942322,116.8965301513672,-2527239.7339438754,2025-11-18 02:14:44
ba_1024_1_0.txt,barabasi_albert_selective,43,SpecAnn_7,0.6784669927988098,1.0,-255791.0,-180785.0,0.0124738216400146,7,True,75,33,True,29,32,0.8635589480400085,112.6637725830078,-2425387.5049157105,2025-11-18 02:14:44
ba_1024_1_0.txt,barabasi_albert_selective,43,SpecAnn_7,0.6900655593423543,1.0,-260479.0,-183721.0,0.012613296508789,7,True,75,33,True,30,32,0.8597908616065979,108.6597137451172,-2328982.573918913,2025-11-18 02:14:44
ba_1024_1_0.txt,barabasi_albert_selective,43,SpecAnn_7,0.7014723744122017,1.0,-260017.0,-186401.0,0.0124695301055908,7,True,75,33,True,31,32,0.8559321761131287,104.8672332763672,-2237608.073548236,2025-11-18 02:14:44
ba_1024_1_0.txt,barabasi_albert_selective,43,SpecAnn_7,0.7126966450997984,1.0,-260019.0,-188623.0,0.0125610828399658,7,True,75,33,True,32,32,0.8519771099090576,101.27088165283205,-2150885.9131251858,2025-11-18 02:14:44
ba_1024_1_0.txt,barabasi_albert_selective,43,SpecAnn_7,0.7237468644557459,1.0,-258025.0,-190409.0,0.0126240253448486,7,True,75,33,True,33,32,0.8479200005531311,97.85668182373048,-2068474.7433754944,2025-11-18 02:14:44
ba_1024_1_0.txt,barabasi_albert_selective,43,SpecAnn_7,0.7346308866924529,1.0,-260065.0,-193373.00000000003,0.0153319835662841,7,True,75,33,True,34,32,0.8437545299530029,94.6119155883789,-1990062.933632715,2025-11-18 02:14:44
ba_1024_1_0.txt,barabasi_albert_selective,43,SpecAnn_7,0.7453559924999299,1.0,-260345.0,-196929.0,0.0128288269042968,7,True,75,33,True,35,32,0.8394740223884583,91.52508544921876,-1915368.1526417388,2025-11-18 02:14:44
ba_1024_1_0.txt,barabasi_albert_selective,43,SpecAnn_7,0.7559289460184544,1.0,-257553.0,-199685.0,0.0126991271972656,7,True,75,33,True,36,32,0.8350713849067688,88.58565521240234,-1844131.394976901,2025-11-18 02:14:44
ba_1024_1_0.txt,barabasi_albert_selective,43,SpecAnn_7,0.7663560447348133,1.0,-256807.0,-204037.0,0.0127105712890625,7,True,75,33,True,37,32,0.830539345741272,85.78402709960938,-1776116.7058673203,2025-11-18 02:14:44
ba_1024_1_0.txt,barabasi_albert_selective,43,SpecAnn_7,0.7766431633476233,1.0,-259975.0,-207847.0,0.0126593112945556,7,True,75,33,True,38,32,0.8258703351020813,83.11140441894531,-1711107.6991742763,2025-11-18 02:14:44
ba_1024_1_0.txt,barabasi_albert_selective,43,SpecAnn_7,0.7867957924694432,1.0,-258255.0,-210395.0,0.0125291347503662,7,True,75,33,True,39,32,0.8210563063621521,80.55970764160156,-1648905.1719698596,2025-11-18 02:14:44
ba_1024_1_0.txt,barabasi_albert_selective,43,SpecAnn_7,0.7968190728895957,1.0,-260895.0,-212729.0,0.0126144886016845,7,True,75,33,True,40,32,0.816089928150177,78.12152862548828,-1589328.2693934282,2025-11-18 02:14:44
ba_1024_1_0.txt,barabasi_albert_selective,43,SpecAnn_7,0.8067178260046388,1.0,-262411.0,-215403.00000000003,0.0125303268432617,7,True,75,33,True,41,32,0.8109641671180725,75.7900390625,-1532211.2741849665,2025-11-18 02:14:44
ba_1024_1_0.txt,barabasi_albert_selective,43,SpecAnn_7,0.816496580927726,1.0,-263343.0,-219733.00000000003,0.0125224590301513,7,True,75,33,True,42,32,0.8056731224060059,73.55890655517578,-1477403.0733183215,2025-11-18 02:14:44
ba_1024_1_0.txt,barabasi_albert_selective,43,SpecAnn_7,0.8261595987094035,1.0,-262751.0,-219241.00000000003,0.0125880241394042,7,True,75,33,True,43,32,0.8002122640609741,71.42236328125,-1424768.409024024,2025-11-18 02:14:44
ba_1024_1_0.txt,barabasi_albert_selective,43,SpecAnn_7,0.8357108940373449,1.0,-260731.0,-221231.0,0.0125303268432617,7,True,75,33,True,44,32,0.7945788502693176,69.37496948242188,-1374183.2914925886,2025-11-18 02:14:44
ba_1024_1_0.txt,barabasi_albert_selective,43,SpecAnn_7,0.8451542547285166,1.0,-266279.0,-222149.0,0.0125420093536376,7,True,75,33,True,45,32,0.7887716293334961,67.41175842285156,-1325536.8169262689,2025-11-18 02:14:44
ba_1024_1_0.txt,barabasi_albert_selective,43,SpecAnn_7,0.8544932592822077,1.0,-263121.0,-223853.0,0.0238966941833496,7,True,75,65,True,46,32,0.7827906608581543,65.52806854248047,-1278727.07401255,2025-11-18 02:14:44
ba_1024_1_0.txt,barabasi_albert_selective,43,SpecAnn_7,0.8637312927246217,1.0,-263273.0,-225931.0,0.0239601135253906,7,True,75,65,True,47,32,0.7766373157501221,63.71961212158203,-1233662.1339437794,2025-11-18 02:14:44
ba_1024_1_0.txt,barabasi_albert_selective,43,SpecAnn_7,0.8728715609439694,1.0,-263830.99999999994,-227741.0,0.0240683555603027,7,True,75,65,True,48,32,0.7703129649162292,61.98237228393555,-1190255.6705918703,2025-11-18 02:14:44
ba_1024_1_0.txt,barabasi_albert_selective,43,SpecAnn_7,0.8819171036881968,1.0,-263037.0,-232615.00000000003,0.0241138935089111,7,True,75,65,True,49,32,0.7638192176818848,60.31260681152344,-1148427.3808795933,2025-11-18 02:14:44
ba_1024_1_0.txt,barabasi_albert_selective,43,SpecAnn_7,0.8908708063747479,1.0,-263234.99999999994,-229769.00000000003,0.0240955352783203,7,True,75,65,True,50,32,0.7571574449539185,58.70684051513672,-1108102.0613269836,2025-11-18 02:14:44
ba_1024_1_0.txt,barabasi_albert_selective,43,SpecAnn_7,0.8997354108424374,1.0,-261879.0,-229697.0,0.0239489078521728,7,True,75,65,True,51,32,0.7503286600112915,57.16180038452149,-1069208.2274256423,2025-11-18 02:14:44
ba_1024_1_0.txt,barabasi_albert_selective,43,SpecAnn_7,0.908513525158996,1.0,-265593.0,-229883.0,0.0239312648773193,7,True,75,65,True,52,32,0.7433331608772278,55.6744384765625,-1031678.0977215668,2025-11-18 02:14:44
ba_1024_1_0.txt,barabasi_albert_selective,43,SpecAnn_7,0.9172076325837248,1.0,-263199.0,-230335.0,0.023848533630371,7,True,75,65,True,53,32,0.7361711263656616,54.24191284179688,-995448.12738916,2025-11-18 02:14:44
ba_1024_1_0.txt,barabasi_albert_selective,43,SpecAnn_7,0.9258200997725514,1.0,-265877.0,-231043.0,0.0239090919494628,7,True,75,65,True,54,32,0.7288421988487244,52.861549377441406,-960457.7283904412,2025-11-18 02:14:44
ba_1024_1_0.txt,barabasi_albert_selective,43,SpecAnn_7,0.9343531843023136,1.0,-262931.0,-230835.0,0.0238294601440429,7,True,75,65,True,55,32,0.7213454842567444,51.53083038330078,-926649.11616727,2025-11-18 02:14:45
ba_1024_1_0.txt,barabasi_albert_selective,43,SpecAnn_7,0.9428090415820634,1.0,-265695.0,-232379.0,0.0240070819854736,7,True,75,65,True,56,32,0.7136799693107605,50.247406005859375,-893968.0791356653,2025-11-18 02:14:45
ba_1024_1_0.txt,barabasi_albert_selective,43,SpecAnn_7,0.9511897312113418,1.0,-265227.0,-231501.0,0.0239427089691162,7,True,75,65,True,57,32,0.7058440446853638,49.009056091308594,-862362.6741657113,2025-11-18 02:14:45
ba_1024_1_0.txt,barabasi_albert_selective,43,SpecAnn_7,0.959497222838566,1.0,-263822.99999999994,-230821.0,0.0239322185516357,7,True,75,65,True,58,32,0.6978362202644348,47.81371307373047,-831784.5242071258,2025-11-18 02:14:45
ba_1024_1_0.txt,barabasi_albert_selective,43,SpecAnn_7,0.9677334015667416,1.0,-264973.0,-230339.0,0.0256216526031494,7,True,75,65,True,59,32,0.689654529094696,46.65939712524414,-802186.9144231066,2025-11-18 02:14:45
ba_1024_1_0.txt,barabasi_albert_selective,43,SpecAnn_7,0.9759000729485332,1.0,-264405.0,-230427.0,0.0238294601440429,7,True,75,65,True,60,32,0.6812970042228699,45.54427337646485,-773526.3537045494,2025-11-18 02:14:45
ba_1024_1_0.txt,barabasi_albert_selective,43,SpecAnn_7,0.983998967608182,1.0,-265457.0,-231271.0,0.0238449573516845,7,True,75,65,True,61,32,0.6727614402770996,44.466590881347656,-745761.1991901859,2025-11-18 02:14:45
ba_1024_1_0.txt,barabasi_albert_selective,43,SpecAnn_7,0.9920317455237933,1.0,-264157.0,-230463.0,0.0243229866027832,7,True,75,65,True,62,32,0.6640456914901733,43.42470169067383,-718852.2965380524,2025-11-18 02:14:45
ba_1024_1_0.txt,barabasi_albert_selective,43,SpecAnn_7,1.0,1.0,-263926.99999999994,-229927.0,0.0240142345428466,7,True,75,65,True,63,32,0.655147135257721,42.41706466674805,-692762.4113549622,2025-11-18 02:14:45
ba_1024_1_0.txt,barabasi_albert_selective,44,SpecAnn_7,0.0,1.0,-252263.0,-87868.99999999999,0.0133357048034667,7,True,53,33,True,0,32,0.9629924297332764,1025.0,-24606599.237841368,2025-11-18 02:14:45
ba_1024_1_0.txt,barabasi_albert_selective,44,SpecAnn_7,0.1259881576697424,1.0,-252481.0,-97581.0,0.0126004219055175,7,True,53,33,True,1,32,0.9538714289665222,672.43017578125,-15989758.069098426,2025-11-18 02:14:45
ba_1024_1_0.txt,barabasi_albert_selective,44,SpecAnn_7,0.1781741612749496,1.0,-252289.0,-101507.0,0.0125961303710937,7,True,53,33,True,2,32,0.949380338191986,565.4488525390625,-13382535.92372252,2025-11-18 02:14:45
ba_1024_1_0.txt,barabasi_albert_selective,44,SpecAnn_7,0.2182178902359923,1.0,-252715.0,-105569.0,0.0126760005950927,7,True,53,33,True,3,32,0.9455980658531188,495.3275146484375,-11676263.46285798,2025-11-18 02:14:45
ba_1024_1_0.txt,barabasi_albert_selective,44,SpecAnn_7,0.2519763153394848,1.0,-253339.0,-108567.0,0.0126352310180664,7,True,53,33,True,4,32,0.9421572089195251,443.1868286132813,-10409145.468655815,2025-11-18 02:14:45
ba_1024_1_0.txt,barabasi_albert_selective,44,SpecAnn_7,0.2817180849095055,1.0,-253849.0,-111165.0,0.0124874114990234,7,True,53,33,True,5,32,0.9389164447784424,401.9400024414063,-9407907.399117528,2025-11-18 02:14:45
ba_1024_1_0.txt,barabasi_albert_selective,44,SpecAnn_7,0.3086066999241838,1.0,-252077.0,-115297.0,0.0125744342803955,7,True,53,33,True,6,32,0.9358033537864684,368.0569458007813,-8586268.65299659,2025-11-18 02:14:45
ba_1024_1_0.txt,barabasi_albert_selective,44,SpecAnn_7,0.3333333333333333,1.0,-253073.00000000003,-116657.0,0.0126197338104248,7,True,53,33,True,7,32,0.9327747225761414,339.49853515625,-7894407.327346315,2025-11-18 02:14:45
ba_1024_1_0.txt,barabasi_albert_selective,44,SpecAnn_7,0.3563483225498992,1.0,-253361.00000000003,-117457.0,0.0124721527099609,7,True,53,33,True,8,32,0.9298023581504822,314.9715576171875,-7300739.273481167,2025-11-18 02:14:45
ba_1024_1_0.txt,barabasi_albert_selective,44,SpecAnn_7,0.3779644730092272,1.0,-249275.0,-119415.0,0.0126729011535644,7,True,53,33,True,9,32,0.9268664121627808,293.6013488769531,-6783909.54574574,2025-11-18 02:14:45
ba_1024_1_0.txt,barabasi_albert_selective,44,SpecAnn_7,0.3984095364447979,1.0,-252961.0,-122803.0,0.0126173496246337,7,True,53,33,True,10,32,0.9239518642425536,274.7672119140625,-6328767.05290284,2025-11-18 02:14:45
ba_1024_1_0.txt,barabasi_albert_selective,44,SpecAnn_7,0.4178554470186724,1.0,-254657.0,-124243.0,0.0125720500946044,7,True,53,33,True,11,32,0.9210471510887146,258.01239013671875,-5924166.870066817,2025-11-18 02:14:45
ba_1024_1_0.txt,barabasi_albert_selective,44,SpecAnn_7,0.4364357804719847,1.0,-253561.0,-129827.0,0.0126523971557617,7,True,53,33,True,12,32,0.9181429743766784,242.9905700683593,-5561662.012684093,2025-11-18 02:14:45
ba_1024_1_0.txt,barabasi_albert_selective,44,SpecAnn_7,0.4542567625794979,1.0,-251037.0,-133413.0,0.0127041339874267,7,True,53,33,True,13,32,0.9152318239212036,229.4331817626953,-5234704.832309614,2025-11-18 02:14:45
ba_1024_1_0.txt,barabasi_albert_selective,44,SpecAnn_7,0.4714045207910317,1.0,-249671.0,-134879.0,0.0127050876617431,7,True,53,33,True,14,32,0.9123068451881408,217.1275634765625,-4938109.886634116,2025-11-18 02:14:45
ba_1024_1_0.txt,barabasi_albert_selective,44,SpecAnn_7,0.4879500364742666,1.0,-253425.0,-140029.00000000003,0.0127155780792236,7,True,53,33,True,15,32,0.909362256526947,205.9025115966797,-4667705.276200584,2025-11-18 02:14:45
ba_1024_1_0.txt,barabasi_albert_selective,44,SpecAnn_7,0.5039526306789697,1.0,-251957.0,-142759.00000000003,0.0127437114715576,7,True,53,33,True,16,32,0.9063928127288818,195.61834716796875,-4420087.7962360745,2025-11-18 02:14:45
ba_1024_1_0.txt,barabasi_albert_selective,44,SpecAnn_7,0.5194624816493197,1.0,-251201.0,-145663.0,0.0126712322235107,7,True,53,33,True,17,32,0.9033937454223632,186.1595153808593,-4192443.096877104,2025-11-18 02:14:45
ba_1024_1_0.txt,barabasi_albert_selective,44,SpecAnn_7,0.5345224838248488,1.0,-255309.0,-147027.0,0.0125007629394531,7,True,53,33,True,18,32,0.9003605246543884,177.42950439453125,-3982420.754607433,2025-11-18 02:14:45
ba_1024_1_0.txt,barabasi_albert_selective,44,SpecAnn_7,0.549169647365276,1.0,-253273.0,-148951.0,0.0125036239624023,7,True,53,33,True,19,32,0.8972889184951782,169.3468780517578,-3788038.2579688258,2025-11-18 02:14:45
ba_1024_1_0.txt,barabasi_albert_selective,44,SpecAnn_7,0.563436169819011,1.0,-252093.0,-157425.0,0.0125348567962646,7,True,53,33,True,20,32,0.8941746354103088,161.84239196777344,-3607609.255102851,2025-11-18 02:14:45
ba_1024_1_0.txt,barabasi_albert_selective,44,SpecAnn_7,0.5773502691896257,1.0,-253447.00000000003,-160923.0,0.012587547302246,7,True,53,33,True,21,32,0.8910137414932251,154.85659790039062,-3439687.382928474,2025-11-18 02:14:45
ba_1024_1_0.txt,barabasi_albert_selective,44,SpecAnn_7,0.5909368402852788,1.0,-251989.0,-161469.0,0.012643814086914,7,True,53,33,True,22,32,0.8878021836280823,148.3381805419922,-3283023.672812292,2025-11-18 02:14:45
ba_1024_1_0.txt,barabasi_albert_selective,44,SpecAnn_7,0.6042179781166438,1.0,-256469.00000000003,-164135.00000000003,0.0124752521514892,7,True,53,33,True,23,32,0.88453608751297,142.2425994873047,-3136534.682121972,2025-11-18 02:14:45
ba_1024_1_0.txt,barabasi_albert_selective,44,SpecAnn_7,0.6172133998483676,1.0,-257483.0,-165279.0,0.0125164985656738,7,True,53,33,True,24,32,0.8812112808227539,136.5309295654297,-2999272.688589524,2025-11-18 02:14:45
ba_1024_1_0.txt,barabasi_albert_selective,44,SpecAnn_7,0.629940788348712,1.0,-254025.00000000003,-168076.99999999997,0.0126574039459228,7,True,53,33,True,25,32,0.8778236508369446,131.16900634765625,-2870406.229540808,2025-11-18 02:14:45
ba_1024_1_0.txt,barabasi_albert_selective,44,SpecAnn_7,0.642416074439621,1.0,-256315.0,-169914.99999999997,0.012671947479248,7,True,53,33,True,26,32,0.8743690848350525,126.12664794921876,-2749201.0753531936,2025-11-18 02:14:45
ba_1024_1_0.txt,barabasi_albert_selective,44,SpecAnn_7,0.6546536707079771,1.0,-249129.0,-173391.0,0.0140650272369384,7,True,53,33,True,27,32,0.8708431124687195,121.3770751953125,-2635005.020949768,2025-11-18 02:14:45
ba_1024_1_0.txt,barabasi_albert_selective,44,SpecAnn_7,0.6666666666666666,1.0,-253339.0,-178281.0,0.0129194259643554,7,True,53,33,True,28,32,0.8672412633895874,116.8965301513672,-2527239.5602491694,2025-11-18 02:14:45
ba_1024_1_0.txt,barabasi_albert_selective,44,SpecAnn_7,0.6784669927988098,1.0,-259501.0,-180785.0,0.0128040313720703,7,True,53,33,True,29,32,0.8635589480400085,112.6637725830078,-2425387.5049157105,2025-11-18 02:14:45
ba_1024_1_0.txt,barabasi_albert_selective,44,SpecAnn_7,0.6900655593423543,1.0,-260137.0,-183721.0,0.0128173828125,7,True,53,33,True,30,32,0.8597909212112427,108.6597137451172,-2328982.735374664,2025-11-18 02:14:45
ba_1024_1_0.txt,barabasi_albert_selective,44,SpecAnn_7,0.7014723744122017,1.0,-257845.0,-186401.0,0.0125660896301269,7,True,53,33,True,31,32,0.8559321761131287,104.8672332763672,-2237608.073548236,2025-11-18 02:14:45
ba_1024_1_0.txt,barabasi_albert_selective,44,SpecAnn_7,0.7126966450997984,1.0,-256639.0,-188623.0,0.0126445293426513,7,True,53,33,True,32,32,0.8519771695137024,101.27088165283205,-2150886.063601988,2025-11-18 02:14:45
ba_1024_1_0.txt,barabasi_albert_selective,44,SpecAnn_7,0.7237468644557459,1.0,-261447.0,-190409.0,0.0126032829284667,7,True,53,33,True,33,32,0.8479199409484863,97.85668182373048,-2068474.597971798,2025-11-18 02:14:45
ba_1024_1_0.txt,barabasi_albert_selective,44,SpecAnn_7,0.7346308866924529,1.0,-255335.0,-193373.00000000003,0.0125327110290527,7,True,53,33,True,34,32,0.8437544107437134,94.6119155883789,-1990062.652468016,2025-11-18 02:14:45
ba_1024_1_0.txt,barabasi_albert_selective,44,SpecAnn_7,0.7453559924999299,1.0,-260635.0,-196929.0,0.0125777721405029,7,True,53,33,True,35,32,0.8394739627838135,91.52508544921876,-1915368.016646061,2025-11-18 02:14:45
ba_1024_1_0.txt,barabasi_albert_selective,44,SpecAnn_7,0.7559289460184544,1.0,-258311.0,-199685.0,0.0127265453338623,7,True,53,33,True,36,32,0.8350713849067688,88.58565521240234,-1844131.394976901,2025-11-18 02:14:45
ba_1024_1_0.txt,barabasi_albert_selective,44,SpecAnn_7,0.7663560447348133,1.0,-258593.0,-204037.0,0.012862205505371,7,True,53,33,True,37,32,0.8305392861366272,85.78402709960938,-1776116.5784021907,2025-11-18 02:14:45
ba_1024_1_0.txt,barabasi_albert_selective,44,SpecAnn_7,0.7766431633476233,1.0,-262125.0,-207847.0,0.0127925872802734,7,True,53,33,True,38,32,0.8258703351020813,83.11140441894531,-1711107.6991742763,2025-11-18 02:14:45
ba_1024_1_0.txt,barabasi_albert_selective,44,SpecAnn_7,0.7867957924694432,1.0,-261859.0,-210395.0,0.0126798152923583,7,True,53,33,True,39,32,0.8210562467575073,80.55970764160156,-1648905.0522674636,2025-11-18 02:14:45
ba_1024_1_0.txt,barabasi_albert_selective,44,SpecAnn_7,0.7968190728895957,1.0,-263111.0,-212729.0,0.0126006603240966,7,True,53,33,True,40,32,0.8160898685455322,78.12152862548828,-1589328.153313884,2025-11-18 02:14:45
ba_1024_1_0.txt,barabasi_albert_selective,44,SpecAnn_7,0.8067178260046388,1.0,-263405.0,-215403.00000000003,0.0126051902770996,7,True,53,33,True,41,32,0.8109641671180725,75.7900390625,-1532211.2741849665,2025-11-18 02:14:45
ba_1024_1_0.txt,barabasi_albert_selective,44,SpecAnn_7,0.816496580927726,1.0,-262576.99999999994,-219733.00000000003,0.012653112411499,7,True,53,33,True,42,32,0.8056731224060059,73.55890655517578,-1477403.0733183215,2025-11-18 02:14:45
ba_1024_1_0.txt,barabasi_albert_selective,44,SpecAnn_7,0.8261595987094035,1.0,-261413.0,-219241.00000000003,0.0127007961273193,7,True,53,33,True,43,32,0.8002122640609741,71.42236328125,-1424768.409024024,2025-11-18 02:14:45
ba_1024_1_0.txt,barabasi_albert_selective,44,SpecAnn_7,0.8357108940373449,1.0,-262513.0,-221231.0,0.0125260353088378,7,True,53,33,True,44,32,0.7945788502693176,69.37496948242188,-1374183.2914925886,2025-11-18 02:14:45
ba_1024_1_0.txt,barabasi_albert_selective,44,SpecAnn_7,0.8451542547285166,1.0,-263563.0,-222149.0,0.0125668048858642,7,True,53,33,True,45,32,0.7887716293334961,67.41175842285156,-1325536.8169262689,2025-11-18 02:14:45
ba_1024_1_0.txt,barabasi_albert_selective,44,SpecAnn_7,0.8544932592822077,1.0,-264521.0,-223853.0,0.0239818096160888,7,True,53,65,True,46,32,0.7827906608581543,65.52806854248047,-1278727.07401255,2025-11-18 02:14:45
ba_1024_1_0.txt,barabasi_albert_selective,44,SpecAnn_7,0.8637312927246217,1.0,-263186.99999999994,-225931.0,0.0240015983581542,7,True,53,65,True,47,32,0.7766373157501221,63.71961212158203,-1233662.1339437794,2025-11-18 02:14:45
ba_1024_1_0.txt,barabasi_albert_selective,44,SpecAnn_7,0.8728715609439694,1.0,-264255.0,-227741.0,0.024158239364624,7,True,53,65,True,48,32,0.7703129649162292,61.98237228393555,-1190255.6705918703,2025-11-18 02:14:45
ba_1024_1_0.txt,barabasi_albert_selective,44,SpecAnn_7,0.8819171036881968,1.0,-262508.99999999994,-232615.00000000003,0.0239107608795166,7,True,53,65,True,49,32,0.7638192772865295,60.31260681152344,-1148427.470497142,2025-11-18 02:14:46
ba_1024_1_0.txt,barabasi_albert_selective,44,SpecAnn_7,0.8908708063747479,1.0,-262967.0,-229769.00000000003,0.0239231586456298,7,True,53,65,True,50,32,0.7571574449539185,58.70684051513672,-1108102.0613269836,2025-11-18 02:14:46
ba_1024_1_0.txt,barabasi_albert_selective,44,SpecAnn_7,0.8997354108424374,1.0,-266779.0,-229697.0,0.0238308906555175,7,True,53,65,True,51,32,0.7503286600112915,57.16180038452149,-1069208.2274256423,2025-11-18 02:14:46
ba_1024_1_0.txt,barabasi_albert_selective,44,SpecAnn_7,0.908513525158996,1.0,-267343.0,-229883.0,0.0240476131439209,7,True,53,65,True,52,32,0.7433331608772278,55.6744384765625,-1031678.0977215668,2025-11-18 02:14:46
ba_1024_1_0.txt,barabasi_albert_selective,44,SpecAnn_7,0.9172076325837248,1.0,-265555.0,-230335.0,0.0239443778991699,7,True,53,65,True,53,32,0.7361711263656616,54.24191284179688,-995448.12738916,2025-11-18 02:14:46
ba_1024_1_0.txt,barabasi_albert_selective,44,SpecAnn_7,0.9258200997725514,1.0,-265699.0,-231043.0,0.0240519046783447,7,True,53,65,True,54,32,0.7288422584533691,52.861549377441406,-960457.8069365816,2025-11-18 02:14:46
ba_1024_1_0.txt,barabasi_albert_selective,44,SpecAnn_7,0.9343531843023136,1.0,-263039.0,-230835.0,0.0238583087921142,7,True,53,65,True,55,32,0.7213455438613892,51.53083038330078,-926649.192736116,2025-11-18 02:14:46
ba_1024_1_0.txt,barabasi_albert_selective,44,SpecAnn_7,0.9428090415820634,1.0,-265545.0,-232379.0,0.0240039825439453,7,True,53,65,True,56,32,0.7136799693107605,50.247406005859375,-893968.0791356653,2025-11-18 02:14:46
ba_1024_1_0.txt,barabasi_albert_selective,44,SpecAnn_7,0.9511897312113418,1.0,-268001.0,-231501.0,0.0243043899536132,7,True,53,65,True,57,32,0.705843985080719,49.009056091308594,-862362.6013439297,2025-11-18 02:14:46
ba_1024_1_0.txt,barabasi_albert_selective,44,SpecAnn_7,0.959497222838566,1.0,-264783.0,-230821.0,0.0242359638214111,7,True,53,65,True,58,32,0.6978362202644348,47.81371307373047,-831784.5242071258,2025-11-18 02:14:46
ba_1024_1_0.txt,barabasi_albert_selective,44,SpecAnn_7,0.9677334015667416,1.0,-265863.0,-230339.0,0.0254230499267578,7,True,53,65,True,59,32,0.689654529094696,46.65939712524414,-802186.9144231066,2025-11-18 02:14:46
ba_1024_1_0.txt,barabasi_albert_selective,44,SpecAnn_7,0.9759000729485332,1.0,-266611.0,-230427.0,0.0240499973297119,7,True,53,65,True,60,32,0.6812970042228699,45.54427337646485,-773526.3537045494,2025-11-18 02:14:46
ba_1024_1_0.txt,barabasi_albert_selective,44,SpecAnn_7,0.983998967608182,1.0,-266487.0,-231271.0,0.024195909500122,7,True,53,65,True,61,32,0.6727614998817444,44.466590881347656,-745761.2652623903,2025-11-18 02:14:46
ba_1024_1_0.txt,barabasi_albert_selective,44,SpecAnn_7,0.9920317455237933,1.0,-267673.0,-230463.0,0.0242390632629394,7,True,53,65,True,62,32,0.6640456318855286,43.42470169067383,-718852.2320139748,2025-11-18 02:14:46
ba_1024_1_0.txt,barabasi_albert_selective,44,SpecAnn_7,1.0,1.0,-264525.0,-229927.0,0.0239646434783935,7,True,53,65,True,63,32,0.655147135257721,42.41706466674805,-692762.4113549622,2025-11-18 02:14:46
ba_1024_1_0.txt,barabasi_albert_selective,45,SpecAnn_7,0.0,1.0,-249905.0,-87868.99999999999,0.0131144523620605,7,True,68,33,True,0,32,0.9629924893379213,1025.0,-24606600.760872666,2025-11-18 02:14:46
ba_1024_1_0.txt,barabasi_albert_selective,45,SpecAnn_7,0.1259881576697424,1.0,-251335.0,-97581.0,0.0125200748443603,7,True,68,33,True,1,32,0.9538713097572328,672.43017578125,-15989756.070791692,2025-11-18 02:14:46
ba_1024_1_0.txt,barabasi_albert_selective,45,SpecAnn_7,0.1781741612749496,1.0,-255665.0,-101507.0,0.0125074386596679,7,True,68,33,True,2,32,0.949380338191986,565.4488525390625,-13382535.92372252,2025-11-18 02:14:46
ba_1024_1_0.txt,barabasi_albert_selective,45,SpecAnn_7,0.2182178902359923,1.0,-247611.0,-105569.0,0.0127723217010498,7,True,68,33,True,3,32,0.945598006248474,495.3275146484375,-11676262.726858657,2025-11-18 02:14:46
ba_1024_1_0.txt,barabasi_albert_selective,45,SpecAnn_7,0.2519763153394848,1.0,-253999.0,-108567.0,0.0125906467437744,7,True,68,33,True,4,32,0.9421571493148804,443.1868286132813,-10409144.810131514,2025-11-18 02:14:46
ba_1024_1_0.txt,barabasi_albert_selective,45,SpecAnn_7,0.2817180849095055,1.0,-253581.0,-111165.0,0.0127356052398681,7,True,68,33,True,5,32,0.9389164447784424,401.9400024414063,-9407907.399117528,2025-11-18 02:14:46
ba_1024_1_0.txt,barabasi_albert_selective,45,SpecAnn_7,0.3086066999241838,1.0,-249907.0,-115297.0,0.0126881599426269,7,True,68,33,True,6,32,0.9358033537864684,368.0569458007813,-8586268.65299659,2025-11-18 02:14:46
ba_1024_1_0.txt,barabasi_albert_selective,45,SpecAnn_7,0.3333333333333333,1.0,-255241.0,-116657.0,0.0126936435699462,7,True,68,33,True,7,32,0.932774782180786,339.49853515625,-7894407.831801821,2025-11-18 02:14:46
ba_1024_1_0.txt,barabasi_albert_selective,45,SpecAnn_7,0.3563483225498992,1.0,-254459.0,-117457.0,0.0126233100891113,7,True,68,33,True,8,32,0.929802417755127,314.9715576171875,-7300739.741492424,2025-11-18 02:14:46
ba_1024_1_0.txt,barabasi_albert_selective,45,SpecAnn_7,0.3779644730092272,1.0,-251321.0,-119415.0,0.0126233100891113,7,True,68,33,True,9,32,0.9268664121627808,293.6013488769531,-6783909.54574574,2025-11-18 02:14:46
ba_1024_1_0.txt,barabasi_albert_selective,45,SpecAnn_7,0.3984095364447979,1.0,-252307.0,-122803.0,0.012566328048706,7,True,68,33,True,10,32,0.9239518046379088,274.7672119140625,-6328766.644630584,2025-11-18 02:14:46
ba_1024_1_0.txt,barabasi_albert_selective,45,SpecAnn_7,0.4178554470186724,1.0,-252811.0,-124243.0,0.0125074386596679,7,True,68,33,True,11,32,0.9210471510887146,258.01239013671875,-5924166.870066817,2025-11-18 02:14:46
ba_1024_1_0.txt,barabasi_albert_selective,45,SpecAnn_7,0.4364357804719847,1.0,-255127.0,-129827.0,0.0125188827514648,7,True,68,33,True,12,32,0.9181429743766784,242.9905700683593,-5561662.012684093,2025-11-18 02:14:46
ba_1024_1_0.txt,barabasi_albert_selective,45,SpecAnn_7,0.4542567625794979,1.0,-254087.0,-133413.0,0.0127069950103759,7,True,68,33,True,13,32,0.9152318239212036,229.4331817626953,-5234704.832309614,2025-11-18 02:14:46
ba_1024_1_0.txt,barabasi_albert_selective,45,SpecAnn_7,0.4714045207910317,1.0,-252655.00000000003,-134879.0,0.0127120018005371,7,True,68,33,True,14,32,0.9123068451881408,217.1275634765625,-4938109.886634116,2025-11-18 02:14:46
ba_1024_1_0.txt,barabasi_albert_selective,45,SpecAnn_7,0.4879500364742666,1.0,-253555.0,-140029.00000000003,0.0127303600311279,7,True,68,33,True,15,32,0.909362256526947,205.9025115966797,-4667705.276200584,2025-11-18 02:14:46
ba_1024_1_0.txt,barabasi_albert_selective,45,SpecAnn_7,0.5039526306789697,1.0,-255465.00000000003,-142759.00000000003,0.0126769542694091,7,True,68,33,True,16,32,0.9063928127288818,195.61834716796875,-4420087.7962360745,2025-11-18 02:14:46
ba_1024_1_0.txt,barabasi_albert_selective,45,SpecAnn_7,0.5194624816493197,1.0,-249655.0,-145663.0,0.0127344131469726,7,True,68,33,True,17,32,0.903393805027008,186.1595153808593,-4192443.373488585,2025-11-18 02:14:46
ba_1024_1_0.txt,barabasi_albert_selective,45,SpecAnn_7,0.5345224838248488,1.0,-250393.0,-147027.0,0.0127592086791992,7,True,68,33,True,18,32,0.9003604650497437,177.42950439453125,-3982420.4909677375,2025-11-18 02:14:46
ba_1024_1_0.txt,barabasi_albert_selective,45,SpecAnn_7,0.549169647365276,1.0,-248373.0,-148951.0,0.0127203464508056,7,True,68,33,True,19,32,0.8972887992858887,169.3468780517578,-3788037.754709128,2025-11-18 02:14:46
ba_1024_1_0.txt,barabasi_albert_selective,45,SpecAnn_7,0.563436169819011,1.0,-249899.0,-157425.0,0.0127341747283935,7,True,68,33,True,20,32,0.8941746950149536,161.84239196777344,-3607609.495581902,2025-11-18 02:14:46
ba_1024_1_0.txt,barabasi_albert_selective,45,SpecAnn_7,0.5773502691896257,1.0,-257277.00000000003,-160923.0,0.01273775100708,7,True,68,33,True,21,32,0.8910136818885803,154.85659790039062,-3439687.152829504,2025-11-18 02:14:46
ba_1024_1_0.txt,barabasi_albert_selective,45,SpecAnn_7,0.5909368402852788,1.0,-253321.0,-161469.0,0.0125575065612792,7,True,68,33,True,22,32,0.887802243232727,148.3381805419922,-3283023.893225649,2025-11-18 02:14:46
ba_1024_1_0.txt,barabasi_albert_selective,45,SpecAnn_7,0.6042179781166438,1.0,-255789.0,-164135.00000000003,0.0125226974487304,7,True,68,33,True,23,32,0.88453608751297,142.2425994873047,-3136534.682121972,2025-11-18 02:14:46
ba_1024_1_0.txt,barabasi_albert_selective,45,SpecAnn_7,0.6172133998483676,1.0,-256067.0,-165279.0,0.0125870704650878,7,True,68,33,True,24,32,0.8812112808227539,136.5309295654297,-2999272.688589524,2025-11-18 02:14:46
ba_1024_1_0.txt,barabasi_albert_selective,45,SpecAnn_7,0.629940788348712,1.0,-259257.0,-168076.99999999997,0.0126318931579589,7,True,68,33,True,25,32,0.8778236508369446,131.16900634765625,-2870406.229540808,2025-11-18 02:14:46
ba_1024_1_0.txt,barabasi_albert_selective,45,SpecAnn_7,0.642416074439621,1.0,-256073.00000000003,-169914.99999999997,0.0126700401306152,7,True,68,33,True,26,32,0.8743691444396973,126.12664794921876,-2749201.2627627854,2025-11-18 02:14:46
ba_1024_1_0.txt,barabasi_albert_selective,45,SpecAnn_7,0.6546536707079771,1.0,-259289.0,-173391.0,0.0125656127929687,7,True,68,33,True,27,32,0.8708431124687195,121.3770751953125,-2635005.020949768,2025-11-18 02:14:46
ba_1024_1_0.txt,barabasi_albert_selective,45,SpecAnn_7,0.6666666666666666,1.0,-256055.00000000003,-178281.0,0.0127675533294677,7,True,68,33,True,28,32,0.8672413229942322,116.8965301513672,-2527239.7339438754,2025-11-18 02:14:46
ba_1024_1_0.txt,barabasi_albert_selective,45,SpecAnn_7,0.6784669927988098,1.0,-261037.0,-180785.0,0.0125722885131835,7,True,68,33,True,29,32,0.8635589480400085,112.6637725830078,-2425387.5049157105,2025-11-18 02:14:46
ba_1024_1_0.txt,barabasi_albert_selective,45,SpecAnn_7,0.6900655593423543,1.0,-257939.0,-183721.0,0.012521743774414,7,True,68,33,True,30,32,0.8597909212112427,108.6597137451172,-2328982.735374664,2025-11-18 02:14:46
ba_1024_1_0.txt,barabasi_albert_selective,45,SpecAnn_7,0.7014723744122017,1.0,-259319.0,-186401.0,0.0125548839569091,7,True,68,33,True,31,32,0.8559321165084839,104.8672332763672,-2237607.917727672,2025-11-18 02:14:46
ba_1024_1_0.txt,barabasi_albert_selective,45,SpecAnn_7,0.7126966450997984,1.0,-257617.00000000003,-188623.0,0.0125761032104492,7,True,68,33,True,32,32,0.8519771099090576,101.27088165283205,-2150885.9131251858,2025-11-18 02:14:46
ba_1024_1_0.txt,barabasi_albert_selective,45,SpecAnn_7,0.7237468644557459,1.0,-259249.0,-190409.0,0.0125870704650878,7,True,68,33,True,33,32,0.8479200601577759,97.85668182373048,-2068474.8887791908,2025-11-18 02:14:46
ba_1024_1_0.txt,barabasi_albert_selective,45,SpecAnn_7,0.7346308866924529,1.0,-259153.0,-193373.00000000003,0.0126059055328369,7,True,68,33,True,34,32,0.8437544703483582,94.6119155883789,-1990062.7930503653,2025-11-18 02:14:46
ba_1024_1_0.txt,barabasi_albert_selective,45,SpecAnn_7,0.7453559924999299,1.0,-257601.00000000003,-196929.0,0.0125861167907714,7,True,68,33,True,35,32,0.8394739627838135,91.52508544921876,-1915368.016646061,2025-11-18 02:14:46
ba_1024_1_0.txt,barabasi_albert_selective,45,SpecAnn_7,0.7559289460184544,1.0,-258673.0,-199685.0,0.0124838352203369,7,True,68,33,True,36,32,0.8350713849067688,88.58565521240234,-1844131.394976901,2025-11-18 02:14:46
ba_1024_1_0.txt,barabasi_albert_selective,45,SpecAnn_7,0.7663560447348133,1.0,-261863.0,-204037.0,0.0125555992126464,7,True,68,33,True,37,32,0.830539345741272,85.78402709960938,-1776116.7058673203,2025-11-18 02:14:46
ba_1024_1_0.txt,barabasi_albert_selective,45,SpecAnn_7,0.7766431633476233,1.0,-260555.0,-207847.0,0.0125045776367187,7,True,68,33,True,38,32,0.8258703351020813,83.11140441894531,-1711107.6991742763,2025-11-18 02:14:46
ba_1024_1_0.txt,barabasi_albert_selective,45,SpecAnn_7,0.7867957924694432,1.0,-259991.0,-210395.0,0.0125930309295654,7,True,68,33,True,39,32,0.8210562467575073,80.55970764160156,-1648905.0522674636,2025-11-18 02:14:46
ba_1024_1_0.txt,barabasi_albert_selective,45,SpecAnn_7,0.7968190728895957,1.0,-263657.0,-212729.0,0.0124497413635253,7,True,68,33,True,40,32,0.8160898685455322,78.12152862548828,-1589328.153313884,2025-11-18 02:14:46
ba_1024_1_0.txt,barabasi_albert_selective,45,SpecAnn_7,0.8067178260046388,1.0,-263233.0,-215403.00000000003,0.0125794410705566,7,True,68,33,True,41,32,0.8109641075134277,75.7900390625,-1532211.1615697455,2025-11-18 02:14:46
ba_1024_1_0.txt,barabasi_albert_selective,45,SpecAnn_7,0.816496580927726,1.0,-262017.0,-219733.00000000003,0.0126125812530517,7,True,68,33,True,42,32,0.8056731224060059,73.55890655517578,-1477403.0733183215,2025-11-18 02:14:46
ba_1024_1_0.txt,barabasi_albert_selective,45,SpecAnn_7,0.8261595987094035,1.0,-263105.0,-219241.00000000003,0.0125033855438232,7,True,68,33,True,43,32,0.8002122640609741,71.42236328125,-1424768.409024024,2025-11-18 02:14:46
ba_1024_1_0.txt,barabasi_albert_selective,45,SpecAnn_7,0.8357108940373449,1.0,-262477.0,-221231.0,0.0125443935394287,7,True,68,33,True,44,32,0.7945788502693176,69.37496948242188,-1374183.2914925886,2025-11-18 02:14:47
ba_1024_1_0.txt,barabasi_albert_selective,45,SpecAnn_7,0.8451542547285166,1.0,-263941.0,-222149.0,0.0125713348388671,7,True,68,33,True,45,32,0.7887715101242065,67.41175842285156,-1325536.616594137,2025-11-18 02:14:47
ba_1024_1_0.txt,barabasi_albert_selective,45,SpecAnn_7,0.8544932592822077,1.0,-263883.0,-223853.0,0.0240039825439453,7,True,68,65,True,46,32,0.7827906608581543,65.52806854248047,-1278727.07401255,2025-11-18 02:14:47
ba_1024_1_0.txt,barabasi_albert_selective,45,SpecAnn_7,0.8637312927246217,1.0,-262717.0,-225931.0,0.024062156677246,7,True,68,65,True,47,32,0.7766373157501221,63.71961212158203,-1233662.1339437794,2025-11-18 02:14:47
ba_1024_1_0.txt,barabasi_albert_selective,45,SpecAnn_7,0.8728715609439694,1.0,-263131.0,-227741.0,0.0239686965942382,7,True,68,65,True,48,32,0.7703129649162292,61.98237228393555,-1190255.6705918703,2025-11-18 02:14:47
ba_1024_1_0.txt,barabasi_albert_selective,45,SpecAnn_7,0.8819171036881968,1.0,-262258.99999999994,-232615.00000000003,0.0239982604980468,7,True,68,65,True,49,32,0.7638192176818848,60.31260681152344,-1148427.3808795933,2025-11-18 02:14:47
ba_1024_1_0.txt,barabasi_albert_selective,45,SpecAnn_7,0.8908708063747479,1.0,-262536.99999999994,-229769.00000000003,0.0239620208740234,7,True,68,65,True,50,32,0.7571574449539185,58.70684051513672,-1108102.0613269836,2025-11-18 02:14:47
ba_1024_1_0.txt,barabasi_albert_selective,45,SpecAnn_7,0.8997354108424374,1.0,-262035.0,-229697.0,0.0239739418029785,7,True,68,65,True,51,32,0.7503286600112915,57.16180038452149,-1069208.2274256423,2025-11-18 02:14:47
ba_1024_1_0.txt,barabasi_albert_selective,45,SpecAnn_7,0.908513525158996,1.0,-263185.0,-229883.0,0.0240898132324218,7,True,68,65,True,52,32,0.743333101272583,55.6744384765625,-1031678.0149957988,2025-11-18 02:14:47
ba_1024_1_0.txt,barabasi_albert_selective,45,SpecAnn_7,0.9172076325837248,1.0,-260573.0,-230335.0,0.024442434310913,7,True,68,65,True,53,32,0.7361711263656616,54.24191284179688,-995448.12738916,2025-11-18 02:14:47
ba_1024_1_0.txt,barabasi_albert_selective,45,SpecAnn_7,0.9258200997725514,1.0,-266223.0,-231043.0,0.024242877960205,7,True,68,65,True,54,32,0.7288422584533691,52.861549377441406,-960457.8069365816,2025-11-18 02:14:47
ba_1024_1_0.txt,barabasi_albert_selective,45,SpecAnn_7,0.9343531843023136,1.0,-267425.0,-230835.0,0.0240521430969238,7,True,68,65,True,55,32,0.7213455438613892,51.53083038330078,-926649.192736116,2025-11-18 02:14:47
ba_1024_1_0.txt,barabasi_albert_selective,45,SpecAnn_7,0.9428090415820634,1.0,-263346.99999999994,-232379.0,0.0240702629089355,7,True,68,65,True,56,32,0.7136799693107605,50.247406005859375,-893968.0791356653,2025-11-18 02:14:47
ba_1024_1_0.txt,barabasi_albert_selective,45,SpecAnn_7,0.9511897312113418,1.0,-264347.0,-231501.0,0.0244503021240234,7,True,68,65,True,57,32,0.7058440446853638,49.009056091308594,-862362.6741657113,2025-11-18 02:14:47
ba_1024_1_0.txt,barabasi_albert_selective,45,SpecAnn_7,0.959497222838566,1.0,-266523.0,-230821.0,0.0243246555328369,7,True,68,65,True,58,32,0.6978362202644348,47.81371307373047,-831784.5242071258,2025-11-18 02:14:47
ba_1024_1_0.txt,barabasi_albert_selective,45,SpecAnn_7,0.9677334015667416,1.0,-266725.0,-230339.0,0.024240493774414,7,True,68,65,True,59,32,0.689654529094696,46.65939712524414,-802186.9144231066,2025-11-18 02:14:47
ba_1024_1_0.txt,barabasi_albert_selective,45,SpecAnn_7,0.9759000729485332,1.0,-266133.0,-230427.0,0.0240235328674316,7,True,68,65,True,60,32,0.6812970042228699,45.54427337646485,-773526.3537045494,2025-11-18 02:14:47
ba_1024_1_0.txt,barabasi_albert_selective,45,SpecAnn_7,0.983998967608182,1.0,-264897.0,-231271.0,0.0240859985351562,7,True,68,65,True,61,32,0.6727614402770996,44.466590881347656,-745761.1991901859,2025-11-18 02:14:47
ba_1024_1_0.txt,barabasi_albert_selective,45,SpecAnn_7,0.9920317455237933,1.0,-264949.0,-230463.0,0.0239691734313964,7,True,68,65,True,62,32,0.6640456318855286,43.42470169067383,-718852.2320139748,2025-11-18 02:14:47
ba_1024_1_0.txt,barabasi_albert_selective,45,SpecAnn_7,1.0,1.0,-261617.0,-229927.0,0.0239596366882324,7,True,68,65,True,63,32,0.655147135257721,42.41706466674805,-692762.4113549622,2025-11-18 02:14:47
ba_1024_1_0.txt,barabasi_albert_selective,46,SpecAnn_7,0.0,1.0,-255499.0,-87869.0,0.0130465030670166,7,True,67,33,True,0,32,0.9629924297332764,1025.0,-24606599.237841368,2025-11-18 02:14:47
ba_1024_1_0.txt,barabasi_albert_selective,46,SpecAnn_7,0.1259881576697424,1.0,-258251.0,-97581.0,0.0125157833099365,7,True,67,33,True,1,32,0.9538713097572328,672.43017578125,-15989756.070791692,2025-11-18 02:14:47
ba_1024_1_0.txt,barabasi_albert_selective,46,SpecAnn_7,0.1781741612749496,1.0,-255091.00000000003,-101507.0,0.0124976634979248,7,True,67,33,True,2,32,0.9493803977966307,565.4488525390625,-13382536.76391403,2025-11-18 02:14:47
ba_1024_1_0.txt,barabasi_albert_selective,46,SpecAnn_7,0.2182178902359923,1.0,-257561.00000000003,-105569.0,0.0126411914825439,7,True,67,33,True,3,32,0.9455980658531188,495.3275146484375,-11676263.46285798,2025-11-18 02:14:47
ba_1024_1_0.txt,barabasi_albert_selective,46,SpecAnn_7,0.2519763153394848,1.0,-250307.0,-108567.0,0.0125305652618408,7,True,67,33,True,4,32,0.9421572089195251,443.1868286132813,-10409145.468655815,2025-11-18 02:14:47
ba_1024_1_0.txt,barabasi_albert_selective,46,SpecAnn_7,0.2817180849095055,1.0,-254549.0,-111165.0,0.0124881267547607,7,True,67,33,True,5,32,0.9389164447784424,401.9400024414063,-9407907.399117528,2025-11-18 02:14:47
ba_1024_1_0.txt,barabasi_albert_selective,46,SpecAnn_7,0.3086066999241838,1.0,-255275.0,-115297.0,0.0126113891601562,7,True,67,33,True,6,32,0.9358032941818236,368.0569458007813,-8586268.106106594,2025-11-18 02:14:47
ba_1024_1_0.txt,barabasi_albert_selective,46,SpecAnn_7,0.3333333333333333,1.0,-254747.0,-116657.0,0.012563943862915,7,True,67,33,True,7,32,0.9327747225761414,339.49853515625,-7894407.327346315,2025-11-18 02:14:47
ba_1024_1_0.txt,barabasi_albert_selective,46,SpecAnn_7,0.3563483225498992,1.0,-255385.0,-117457.0,0.0125212669372558,7,True,67,33,True,8,32,0.929802417755127,314.9715576171875,-7300739.741492424,2025-11-18 02:14:47
ba_1024_1_0.txt,barabasi_albert_selective,46,SpecAnn_7,0.3779644730092272,1.0,-257051.00000000003,-119415.0,0.012632131576538,7,True,67,33,True,9,32,0.9268664717674256,293.6013488769531,-6783909.982003341,2025-11-18 02:14:47
ba_1024_1_0.txt,barabasi_albert_selective,46,SpecAnn_7,0.3984095364447979,1.0,-250845.0,-122803.0,0.0127747058868408,7,True,67,33,True,10,32,0.9239518046379088,274.7672119140625,-6328766.644630584,2025-11-18 02:14:47
ba_1024_1_0.txt,barabasi_albert_selective,46,SpecAnn_7,0.4178554470186724,1.0,-254701.0,-124243.0,0.012704849243164,7,True,67,33,True,11,32,0.9210471510887146,258.01239013671875,-5924166.870066817,2025-11-18 02:14:47
ba_1024_1_0.txt,barabasi_albert_selective,46,SpecAnn_7,0.4364357804719847,1.0,-260107.0,-129827.0,0.0126948356628417,7,True,67,33,True,12,32,0.9181430339813232,242.9905700683593,-5561662.373739939,2025-11-18 02:14:47
ba_1024_1_0.txt,barabasi_albert_selective,46,SpecAnn_7,0.4542567625794979,1.0,-250831.0,-133413.0,0.0125691890716552,7,True,67,33,True,13,32,0.9152318239212036,229.4331817626953,-5234704.832309614,2025-11-18 02:14:47
ba_1024_1_0.txt,barabasi_albert_selective,46,SpecAnn_7,0.4714045207910317,1.0,-252777.0,-134879.0,0.012526512145996,7,True,67,33,True,14,32,0.912306785583496,217.1275634765625,-4938109.564007702,2025-11-18 02:14:47
ba_1024_1_0.txt,barabasi_albert_selective,46,SpecAnn_7,0.4879500364742666,1.0,-257751.0,-140029.00000000003,0.0125467777252197,7,True,67,33,True,15,32,0.909362256526947,205.9025115966797,-4667705.276200584,2025-11-18 02:14:47
ba_1024_1_0.txt,barabasi_albert_selective,46,SpecAnn_7,0.5039526306789697,1.0,-253485.00000000003,-142759.00000000003,0.0125260353088378,7,True,67,33,True,16,32,0.9063928127288818,195.61834716796875,-4420087.7962360745,2025-11-18 02:14:47
ba_1024_1_0.txt,barabasi_albert_selective,46,SpecAnn_7,0.5194624816493197,1.0,-250531.0,-145663.0,0.0125837326049804,7,True,67,33,True,17,32,0.9033936858177184,186.1595153808593,-4192442.8202656233,2025-11-18 02:14:47
ba_1024_1_0.txt,barabasi_albert_selective,46,SpecAnn_7,0.5345224838248488,1.0,-253867.0,-147027.0,0.0124614238739013,7,True,67,33,True,18,32,0.9003605842590332,177.42950439453125,-3982421.018247129,2025-11-18 02:14:47
ba_1024_1_0.txt,barabasi_albert_selective,46,SpecAnn_7,0.549169647365276,1.0,-248433.0,-148951.0,0.0125620365142822,7,True,67,33,True,19,32,0.8972888588905334,169.3468780517578,-3788038.006338977,2025-11-18 02:14:47
ba_1024_1_0.txt,barabasi_albert_selective,46,SpecAnn_7,0.563436169819011,1.0,-250133.0,-157425.0,0.0125126838684082,7,True,67,33,True,20,32,0.8941746354103088,161.84239196777344,-3607609.255102851,2025-11-18 02:14:47
ba_1024_1_0.txt,barabasi_albert_selective,46,SpecAnn_7,0.5773502691896257,1.0,-251831.0,-160923.0,0.0125184059143066,7,True,67,33,True,21,32,0.8910137414932251,154.85659790039062,-3439687.382928474,2025-11-18 02:14:47
ba_1024_1_0.txt,barabasi_albert_selective,46,SpecAnn_7,0.5909368402852788,1.0,-257875.0,-161469.0,0.0125932693481445,7,True,67,33,True,22,32,0.887802243232727,148.3381805419922,-3283023.893225649,2025-11-18 02:14:47
ba_1024_1_0.txt,barabasi_albert_selective,46,SpecAnn_7,0.6042179781166438,1.0,-260461.0,-164135.00000000003,0.0125544071197509,7,True,67,33,True,23,32,0.88453608751297,142.2425994873047,-3136534.682121972,2025-11-18 02:14:47
ba_1024_1_0.txt,barabasi_albert_selective,46,SpecAnn_7,0.6172133998483676,1.0,-257349.0,-165279.0,0.0124645233154296,7,True,67,33,True,24,32,0.8812112212181091,136.5309295654297,-2999272.485720374,2025-11-18 02:14:47
ba_1024_1_0.txt,barabasi_albert_selective,46,SpecAnn_7,0.629940788348712,1.0,-255797.0,-168076.99999999997,0.0126209259033203,7,True,67,33,True,25,32,0.8778235912322998,131.16900634765625,-2870406.034638855,2025-11-18 02:14:47
ba_1024_1_0.txt,barabasi_albert_selective,46,SpecAnn_7,0.642416074439621,1.0,-256553.0,-169914.99999999997,0.0126087665557861,7,True,67,33,True,26,32,0.8743690848350525,126.12664794921876,-2749201.0753531936,2025-11-18 02:14:47
ba_1024_1_0.txt,barabasi_albert_selective,46,SpecAnn_7,0.6546536707079771,1.0,-258021.0,-173391.0,0.0126831531524658,7,True,67,33,True,27,32,0.870843231678009,121.3770751953125,-2635005.3816543217,2025-11-18 02:14:47
ba_1024_1_0.txt,barabasi_albert_selective,46,SpecAnn_7,0.6666666666666666,1.0,-257223.00000000003,-178281.0,0.0125994682312011,7,True,67,33,True,28,32,0.8672412633895874,116.8965301513672,-2527239.5602491694,2025-11-18 02:14:47
ba_1024_1_0.txt,barabasi_albert_selective,46,SpecAnn_7,0.6784669927988098,1.0,-257883.0,-180785.0,0.0125274658203125,7,True,67,33,True,29,32,0.8635588884353638,112.6637725830078,-2425387.337510392,2025-11-18 02:14:47
ba_1024_1_0.txt,barabasi_albert_selective,46,SpecAnn_7,0.6900655593423543,1.0,-258673.0,-183721.0,0.0126349925994873,7,True,67,33,True,30,32,0.8597909212112427,108.6597137451172,-2328982.735374664,2025-11-18 02:14:47
ba_1024_1_0.txt,barabasi_albert_selective,46,SpecAnn_7,0.7014723744122017,1.0,-257409.00000000003,-186401.0,0.0125524997711181,7,True,67,33,True,31,32,0.8559321165084839,104.8672332763672,-2237607.917727672,2025-11-18 02:14:47
ba_1024_1_0.txt,barabasi_albert_selective,46,SpecAnn_7,0.7126966450997984,1.0,-256149.0,-188623.0,0.0126237869262695,7,True,67,33,True,32,32,0.8519771099090576,101.27088165283205,-2150885.9131251858,2025-11-18 02:14:47
ba_1024_1_0.txt,barabasi_albert_selective,46,SpecAnn_7,0.7237468644557459,1.0,-255865.00000000003,-190409.0,0.0125319957733154,7,True,67,33,True,33,32,0.8479199409484863,97.85668182373048,-2068474.597971798,2025-11-18 02:14:47
ba_1024_1_0.txt,barabasi_albert_selective,46,SpecAnn_7,0.7346308866924529,1.0,-256701.0,-193373.00000000003,0.0125021934509277,7,True,67,33,True,34,32,0.8437544703483582,94.6119155883789,-1990062.7930503653,2025-11-18 02:14:48
ba_1024_1_0.txt,barabasi_albert_selective,46,SpecAnn_7,0.7453559924999299,1.0,-259065.0,-196929.0,0.0125322341918945,7,True,67,33,True,35,32,0.8394739627838135,91.52508544921876,-1915368.016646061,2025-11-18 02:14:48
ba_1024_1_0.txt,barabasi_albert_selective,46,SpecAnn_7,0.7559289460184544,1.0,-256683.0,-199685.0,0.0125391483306884,7,True,67,33,True,36,32,0.8350713849067688,88.58565521240234,-1844131.394976901,2025-11-18 02:14:48
ba_1024_1_0.txt,barabasi_albert_selective,46,SpecAnn_7,0.7663560447348133,1.0,-261213.0,-204037.0,0.0125386714935302,7,True,67,33,True,37,32,0.830539345741272,85.78402709960938,-1776116.7058673203,2025-11-18 02:14:48
ba_1024_1_0.txt,barabasi_albert_selective,46,SpecAnn_7,0.7766431633476233,1.0,-260289.0,-207847.0,0.0126175880432128,7,True,67,33,True,38,32,0.8258703351020813,83.11140441894531,-1711107.6991742763,2025-11-18 02:14:48
ba_1024_1_0.txt,barabasi_albert_selective,46,SpecAnn_7,0.7867957924694432,1.0,-257795.0,-210395.0,0.0125906467437744,7,True,67,33,True,39,32,0.8210563063621521,80.55970764160156,-1648905.1719698596,2025-11-18 02:14:48
ba_1024_1_0.txt,barabasi_albert_selective,46,SpecAnn_7,0.7968190728895957,1.0,-261445.0,-212729.0,0.0124924182891845,7,True,67,33,True,40,32,0.8160898685455322,78.12152862548828,-1589328.153313884,2025-11-18 02:14:48
ba_1024_1_0.txt,barabasi_albert_selective,46,SpecAnn_7,0.8067178260046388,1.0,-262437.0,-215403.00000000003,0.0125541687011718,7,True,67,33,True,41,32,0.8109641671180725,75.7900390625,-1532211.2741849665,2025-11-18 02:14:48
ba_1024_1_0.txt,barabasi_albert_selective,46,SpecAnn_7,0.816496580927726,1.0,-262227.0,-219733.00000000003,0.0124993324279785,7,True,67,33,True,42,32,0.8056731224060059,73.55890655517578,-1477403.0733183215,2025-11-18 02:14:48
ba_1024_1_0.txt,barabasi_albert_selective,46,SpecAnn_7,0.8261595987094035,1.0,-264408.99999999994,-219241.00000000003,0.0136580467224121,7,True,67,33,True,43,32,0.8002122640609741,71.42236328125,-1424768.409024024,2025-11-18 02:14:48
ba_1024_1_0.txt,barabasi_albert_selective,46,SpecAnn_7,0.8357108940373449,1.0,-260843.0,-221231.0,0.0126726627349853,7,True,67,33,True,44,32,0.7945788502693176,69.37496948242188,-1374183.2914925886,2025-11-18 02:14:48
ba_1024_1_0.txt,barabasi_albert_selective,46,SpecAnn_7,0.8451542547285166,1.0,-264087.0,-222149.0,0.0124876499176025,7,True,67,33,True,45,32,0.7887715697288513,67.41175842285156,-1325536.716760203,2025-11-18 02:14:48
ba_1024_1_0.txt,barabasi_albert_selective,46,SpecAnn_7,0.8544932592822077,1.0,-263525.0,-223853.0,0.023897647857666,7,True,67,65,True,46,32,0.7827906608581543,65.52806854248047,-1278727.07401255,2025-11-18 02:14:48
ba_1024_1_0.txt,barabasi_albert_selective,46,SpecAnn_7,0.8637312927246217,1.0,-262517.0,-225931.0,0.0239522457122802,7,True,67,65,True,47,32,0.7766373157501221,63.71961212158203,-1233662.1339437794,2025-11-18 02:14:48
ba_1024_1_0.txt,barabasi_albert_selective,46,SpecAnn_7,0.8728715609439694,1.0,-263141.0,-227741.0,0.0239725112915039,7,True,67,65,True,48,32,0.7703129649162292,61.98237228393555,-1190255.6705918703,2025-11-18 02:14:48
ba_1024_1_0.txt,barabasi_albert_selective,46,SpecAnn_7,0.8819171036881968,1.0,-260939.0,-232615.00000000003,0.0242488384246826,7,True,67,65,True,49,32,0.7638192772865295,60.31260681152344,-1148427.470497142,2025-11-18 02:14:48
ba_1024_1_0.txt,barabasi_albert_selective,46,SpecAnn_7,0.8908708063747479,1.0,-262843.0,-229769.00000000003,0.0239903926849365,7,True,67,65,True,50,32,0.7571574449539185,58.70684051513672,-1108102.0613269836,2025-11-18 02:14:48
ba_1024_1_0.txt,barabasi_albert_selective,46,SpecAnn_7,0.8997354108424374,1.0,-264156.99999999994,-229697.0,0.0239124298095703,7,True,67,65,True,51,32,0.7503287196159363,57.16180038452149,-1069208.312361458,2025-11-18 02:14:48
ba_1024_1_0.txt,barabasi_albert_selective,46,SpecAnn_7,0.908513525158996,1.0,-264977.0,-229883.0,0.0242416858673095,7,True,67,65,True,52,32,0.743333101272583,55.6744384765625,-1031678.0149957988,2025-11-18 02:14:48
ba_1024_1_0.txt,barabasi_albert_selective,46,SpecAnn_7,0.9172076325837248,1.0,-262256.99999999994,-230335.0,0.0242128372192382,7,True,67,65,True,53,32,0.7361711263656616,54.24191284179688,-995448.12738916,2025-11-18 02:14:48
ba_1024_1_0.txt,barabasi_albert_selective,46,SpecAnn_7,0.9258200997725514,1.0,-264513.0,-231043.0,0.0240170955657959,7,True,67,65,True,54,32,0.7288421988487244,52.861549377441406,-960457.7283904412,2025-11-18 02:14:48
ba_1024_1_0.txt,barabasi_albert_selective,46,SpecAnn_7,0.9343531843023136,1.0,-265677.0,-230835.0,0.0239887237548828,7,True,67,65,True,55,32,0.7213455438613892,51.53083038330078,-926649.192736116,2025-11-18 02:14:48
ba_1024_1_0.txt,barabasi_albert_selective,46,SpecAnn_7,0.9428090415820634,1.0,-264251.0,-232379.0,0.023975133895874,7,True,67,65,True,56,32,0.7136799097061157,50.247406005859375,-893968.0044738392,2025-11-18 02:14:48
ba_1024_1_0.txt,barabasi_albert_selective,46,SpecAnn_7,0.9511897312113418,1.0,-266001.0,-231501.0,0.0239801406860351,7,True,67,65,True,57,32,0.7058440446853638,49.009056091308594,-862362.6741657113,2025-11-18 02:14:48
ba_1024_1_0.txt,barabasi_albert_selective,46,SpecAnn_7,0.959497222838566,1.0,-266253.0,-230821.0,0.02400803565979,7,True,67,65,True,58,32,0.6978362202644348,47.81371307373047,-831784.5242071258,2025-11-18 02:14:48
ba_1024_1_0.txt,barabasi_albert_selective,46,SpecAnn_7,0.9677334015667416,1.0,-267391.0,-230339.0,0.0239779949188232,7,True,67,65,True,59,32,0.689654529094696,46.65939712524414,-802186.9144231066,2025-11-18 02:14:48
ba_1024_1_0.txt,barabasi_albert_selective,46,SpecAnn_7,0.9759000729485332,1.0,-265428.99999999994,-230427.0,0.0241684913635253,7,True,67,65,True,60,32,0.6812970042228699,45.54427337646485,-773526.3537045494,2025-11-18 02:14:48
ba_1024_1_0.txt,barabasi_albert_selective,46,SpecAnn_7,0.983998967608182,1.0,-266627.0,-231271.0,0.023984670639038,7,True,67,65,True,61,32,0.6727614402770996,44.466590881347656,-745761.1991901859,2025-11-18 02:14:48
ba_1024_1_0.txt,barabasi_albert_selective,46,SpecAnn_7,0.9920317455237933,1.0,-265633.0,-230463.0,0.0243885517120361,7,True,67,65,True,62,32,0.6640456914901733,43.42470169067383,-718852.2965380524,2025-11-18 02:14:48
ba_1024_1_0.txt,barabasi_albert_selective,46,SpecAnn_7,1.0,1.0,-264063.0,-229927.0,0.0241634845733642,7,True,67,65,True,63,32,0.655147135257721,42.41706466674805,-692762.4113549622,2025-11-18 02:14:48
ba_1024_1_0.txt,barabasi_albert_selective,47,SpecAnn_7,0.0,1.0,-252343.0,-87868.99999999999,0.0133378505706787,7,True,91,33,True,0,32,0.9629923701286316,1025.0,-24606597.71481008,2025-11-18 02:14:48
ba_1024_1_0.txt,barabasi_albert_selective,47,SpecAnn_7,0.1259881576697424,1.0,-253245.0,-97581.0,0.0125215053558349,7,True,91,33,True,1,32,0.9538713693618774,672.43017578125,-15989757.06994506,2025-11-18 02:14:48
ba_1024_1_0.txt,barabasi_albert_selective,47,SpecAnn_7,0.1781741612749496,1.0,-250363.0,-101507.0,0.012686014175415,7,True,91,33,True,2,32,0.9493802785873412,565.4488525390625,-13382535.08353101,2025-11-18 02:14:48
ba_1024_1_0.txt,barabasi_albert_selective,47,SpecAnn_7,0.2182178902359923,1.0,-249807.0,-105569.0,0.0127007961273193,7,True,91,33,True,3,32,0.945598006248474,495.3275146484375,-11676262.726858657,2025-11-18 02:14:48
ba_1024_1_0.txt,barabasi_albert_selective,47,SpecAnn_7,0.2519763153394848,1.0,-256049.0,-108567.0,0.0126702785491943,7,True,91,33,True,4,32,0.9421572089195251,443.1868286132813,-10409145.468655815,2025-11-18 02:14:48
ba_1024_1_0.txt,barabasi_albert_selective,47,SpecAnn_7,0.2817180849095055,1.0,-249097.0,-111165.0,0.0125155448913574,7,True,91,33,True,5,32,0.9389164447784424,401.9400024414063,-9407907.399117528,2025-11-18 02:14:48
ba_1024_1_0.txt,barabasi_albert_selective,47,SpecAnn_7,0.3086066999241838,1.0,-252123.0,-115297.0,0.0127170085906982,7,True,91,33,True,6,32,0.9358032941818236,368.0569458007813,-8586268.106106594,2025-11-18 02:14:48
ba_1024_1_0.txt,barabasi_albert_selective,47,SpecAnn_7,0.3333333333333333,1.0,-253079.00000000003,-116657.0,0.012516975402832,7,True,91,33,True,7,32,0.9327747225761414,339.49853515625,-7894407.327346315,2025-11-18 02:14:48
ba_1024_1_0.txt,barabasi_albert_selective,47,SpecAnn_7,0.3563483225498992,1.0,-251963.0,-117457.0,0.0124907493591308,7,True,91,33,True,8,32,0.929802417755127,314.9715576171875,-7300739.741492424,2025-11-18 02:14:48
ba_1024_1_0.txt,barabasi_albert_selective,47,SpecAnn_7,0.3779644730092272,1.0,-248683.0,-119415.0,0.0126388072967529,7,True,91,33,True,9,32,0.9268664717674256,293.6013488769531,-6783909.982003341,2025-11-18 02:14:48
ba_1024_1_0.txt,barabasi_albert_selective,47,SpecAnn_7,0.3984095364447979,1.0,-251071.0,-122803.0,0.0125730037689208,7,True,91,33,True,10,32,0.9239518046379088,274.7672119140625,-6328766.644630584,2025-11-18 02:14:48
ba_1024_1_0.txt,barabasi_albert_selective,47,SpecAnn_7,0.4178554470186724,1.0,-251761.00000000003,-124243.0,0.0124742984771728,7,True,91,33,True,11,32,0.9210470914840698,258.01239013671875,-5924166.486690286,2025-11-18 02:14:48
ba_1024_1_0.txt,barabasi_albert_selective,47,SpecAnn_7,0.4364357804719847,1.0,-256639.0,-129827.0,0.0126233100891113,7,True,91,33,True,12,32,0.9181430339813232,242.9905700683593,-5561662.373739939,2025-11-18 02:14:48
ba_1024_1_0.txt,barabasi_albert_selective,47,SpecAnn_7,0.4542567625794979,1.0,-255467.0,-133413.0,0.0140106678009033,7,True,91,33,True,13,32,0.9152317643165588,229.4331817626953,-5234704.491398476,2025-11-18 02:14:48
ba_1024_1_0.txt,barabasi_albert_selective,47,SpecAnn_7,0.4714045207910317,1.0,-253785.0,-134879.0,0.0126161575317382,7,True,91,33,True,14,32,0.9123069047927856,217.1275634765625,-4938110.20926053,2025-11-18 02:14:48
ba_1024_1_0.txt,barabasi_albert_selective,47,SpecAnn_7,0.4879500364742666,1.0,-253589.00000000003,-140029.00000000003,0.0126402378082275,7,True,91,33,True,15,32,0.909362256526947,205.9025115966797,-4667705.276200584,2025-11-18 02:14:48
ba_1024_1_0.txt,barabasi_albert_selective,47,SpecAnn_7,0.5039526306789697,1.0,-255129.0,-142759.00000000003,0.0125586986541748,7,True,91,33,True,16,32,0.9063928127288818,195.61834716796875,-4420087.7962360745,2025-11-18 02:14:48
ba_1024_1_0.txt,barabasi_albert_selective,47,SpecAnn_7,0.5194624816493197,1.0,-255479.0,-145663.0,0.012568712234497,7,True,91,33,True,17,32,0.9033937454223632,186.1595153808593,-4192443.096877104,2025-11-18 02:14:48
ba_1024_1_0.txt,barabasi_albert_selective,47,SpecAnn_7,0.5345224838248488,1.0,-255889.0,-147027.0,0.0125205516815185,7,True,91,33,True,18,32,0.9003605842590332,177.42950439453125,-3982421.018247129,2025-11-18 02:14:48
ba_1024_1_0.txt,barabasi_albert_selective,47,SpecAnn_7,0.549169647365276,1.0,-254805.00000000003,-148951.0,0.012679100036621,7,True,91,33,True,19,32,0.8972887992858887,169.3468780517578,-3788037.754709128,2025-11-18 02:14:48
ba_1024_1_0.txt,barabasi_albert_selective,47,SpecAnn_7,0.563436169819011,1.0,-251399.0,-157425.0,0.0125648975372314,7,True,91,33,True,20,32,0.8941746950149536,161.84239196777344,-3607609.495581902,2025-11-18 02:14:48
ba_1024_1_0.txt,barabasi_albert_selective,47,SpecAnn_7,0.5773502691896257,1.0,-256589.00000000003,-160923.0,0.0126335620880126,7,True,91,33,True,21,32,0.8910137414932251,154.85659790039062,-3439687.382928474,2025-11-18 02:14:48
ba_1024_1_0.txt,barabasi_albert_selective,47,SpecAnn_7,0.5909368402852788,1.0,-249159.0,-161469.0,0.0126118659973144,7,True,91,33,True,22,32,0.8878021836280823,148.3381805419922,-3283023.672812292,2025-11-18 02:14:48
ba_1024_1_0.txt,barabasi_albert_selective,47,SpecAnn_7,0.6042179781166438,1.0,-253959.0,-164135.00000000003,0.0127122402191162,7,True,91,33,True,23,32,0.8845360279083252,142.2425994873047,-3136534.470765942,2025-11-18 02:14:48
ba_1024_1_0.txt,barabasi_albert_selective,47,SpecAnn_7,0.6172133998483676,1.0,-252675.00000000003,-165279.0,0.012601613998413,7,True,91,33,True,24,32,0.8812112212181091,136.5309295654297,-2999272.485720374,2025-11-18 02:14:49
ba_1024_1_0.txt,barabasi_albert_selective,47,SpecAnn_7,0.629940788348712,1.0,-252979.0,-168076.99999999997,0.0126521587371826,7,True,91,33,True,25,32,0.8778236508369446,131.16900634765625,-2870406.229540808,2025-11-18 02:14:49
ba_1024_1_0.txt,barabasi_albert_selective,47,SpecAnn_7,0.642416074439621,1.0,-253803.0,-169914.99999999997,0.0128278732299804,7,True,91,33,True,26,32,0.8743691444396973,126.12664794921876,-2749201.2627627854,2025-11-18 02:14:49
ba_1024_1_0.txt,barabasi_albert_selective,47,SpecAnn_7,0.6546536707079771,1.0,-255057.0,-173391.0,0.0127761363983154,7,True,91,33,True,27,32,0.8708431720733643,121.3770751953125,-2635005.201302045,2025-11-18 02:14:49
ba_1024_1_0.txt,barabasi_albert_selective,47,SpecAnn_7,0.6666666666666666,1.0,-255153.0,-178281.0,0.0127451419830322,7,True,91,33,True,28,32,0.8672412633895874,116.8965301513672,-2527239.5602491694,2025-11-18 02:14:49
ba_1024_1_0.txt,barabasi_albert_selective,47,SpecAnn_7,0.6784669927988098,1.0,-260407.0,-180785.0,0.0128078460693359,7,True,91,33,True,29,32,0.8635589480400085,112.6637725830078,-2425387.5049157105,2025-11-18 02:14:49
ba_1024_1_0.txt,barabasi_albert_selective,47,SpecAnn_7,0.6900655593423543,1.0,-260149.0,-183721.0,0.012679100036621,7,True,91,33,True,30,32,0.8597909212112427,108.6597137451172,-2328982.735374664,2025-11-18 02:14:49
ba_1024_1_0.txt,barabasi_albert_selective,47,SpecAnn_7,0.7014723744122017,1.0,-260525.0,-186401.0,0.0128138065338134,7,True,91,33,True,31,32,0.8559321165084839,104.8672332763672,-2237607.917727672,2025-11-18 02:14:49
ba_1024_1_0.txt,barabasi_albert_selective,47,SpecAnn_7,0.7126966450997984,1.0,-257351.0,-188623.0,0.0126600265502929,7,True,91,33,True,32,32,0.8519771099090576,101.27088165283205,-2150885.9131251858,2025-11-18 02:14:49
ba_1024_1_0.txt,barabasi_albert_selective,47,SpecAnn_7,0.7237468644557459,1.0,-261249.0,-190409.0,0.0127465724945068,7,True,91,33,True,33,32,0.8479200601577759,97.85668182373048,-2068474.8887791908,2025-11-18 02:14:49
ba_1024_1_0.txt,barabasi_albert_selective,47,SpecAnn_7,0.7346308866924529,1.0,-258327.0,-193373.00000000003,0.0126445293426513,7,True,91,33,True,34,32,0.8437544703483582,94.6119155883789,-1990062.7930503653,2025-11-18 02:14:49
ba_1024_1_0.txt,barabasi_albert_selective,47,SpecAnn_7,0.7453559924999299,1.0,-256401.0,-196929.0,0.0126483440399169,7,True,91,33,True,35,32,0.8394739031791687,91.52508544921876,-1915367.880650384,2025-11-18 02:14:49
ba_1024_1_0.txt,barabasi_albert_selective,47,SpecAnn_7,0.7559289460184544,1.0,-257563.0,-199685.0,0.0126330852508544,7,True,91,33,True,36,32,0.8350714445114136,88.58565521240234,-1844131.5266049253,2025-11-18 02:14:49
ba_1024_1_0.txt,barabasi_albert_selective,47,SpecAnn_7,0.7663560447348133,1.0,-261001.0,-204037.0,0.0125946998596191,7,True,91,33,True,37,32,0.830539345741272,85.78402709960938,-1776116.7058673203,2025-11-18 02:14:49
ba_1024_1_0.txt,barabasi_albert_selective,47,SpecAnn_7,0.7766431633476233,1.0,-260985.0,-207847.0,0.012552261352539,7,True,91,33,True,38,32,0.8258702754974365,83.11140441894531,-1711107.5756803546,2025-11-18 02:14:49
ba_1024_1_0.txt,barabasi_albert_selective,47,SpecAnn_7,0.7867957924694432,1.0,-261077.0,-210395.0,0.0126953125,7,True,91,33,True,39,32,0.8210562467575073,80.55970764160156,-1648905.0522674636,2025-11-18 02:14:49
ba_1024_1_0.txt,barabasi_albert_selective,47,SpecAnn_7,0.7968190728895957,1.0,-261981.0,-212729.0,0.0126490592956542,7,True,91,33,True,40,32,0.8160898685455322,78.12152862548828,-1589328.153313884,2025-11-18 02:14:49
ba_1024_1_0.txt,barabasi_albert_selective,47,SpecAnn_7,0.8067178260046388,1.0,-262811.0,-215403.00000000003,0.0127227306365966,7,True,91,33,True,41,32,0.8109641671180725,75.7900390625,-1532211.2741849665,2025-11-18 02:14:49
ba_1024_1_0.txt,barabasi_albert_selective,47,SpecAnn_7,0.816496580927726,1.0,-263279.0,-219733.00000000003,0.0127871036529541,7,True,91,33,True,42,32,0.8056731224060059,73.55890655517578,-1477403.0733183215,2025-11-18 02:14:49
ba_1024_1_0.txt,barabasi_albert_selective,47,SpecAnn_7,0.8261595987094035,1.0,-265639.0,-219241.00000000003,0.0128061771392822,7,True,91,33,True,43,32,0.8002122640609741,71.42236328125,-1424768.409024024,2025-11-18 02:14:49
ba_1024_1_0.txt,barabasi_albert_selective,47,SpecAnn_7,0.8357108940373449,1.0,-263244.99999999994,-221231.0,0.0127589702606201,7,True,91,33,True,44,32,0.7945788502693176,69.37496948242188,-1374183.2914925886,2025-11-18 02:14:49
ba_1024_1_0.txt,barabasi_albert_selective,47,SpecAnn_7,0.8451542547285166,1.0,-264911.0,-222149.0,0.0125513076782226,7,True,91,33,True,45,32,0.7887715697288513,67.41175842285156,-1325536.716760203,2025-11-18 02:14:49
ba_1024_1_0.txt,barabasi_albert_selective,47,SpecAnn_7,0.8544932592822077,1.0,-265117.0,-223853.0,0.0240190029144287,7,True,91,65,True,46,32,0.7827906608581543,65.52806854248047,-1278727.07401255,2025-11-18 02:14:49
ba_1024_1_0.txt,barabasi_albert_selective,47,SpecAnn_7,0.8637312927246217,1.0,-265117.0,-225931.0,0.0243482589721679,7,True,91,65,True,47,32,0.7766373157501221,63.71961212158203,-1233662.1339437794,2025-11-18 02:14:49
ba_1024_1_0.txt,barabasi_albert_selective,47,SpecAnn_7,0.8728715609439694,1.0,-264493.0,-227741.0,0.0241374969482421,7,True,91,65,True,48,32,0.7703129649162292,61.98237228393555,-1190255.6705918703,2025-11-18 02:14:49
ba_1024_1_0.txt,barabasi_albert_selective,47,SpecAnn_7,0.8819171036881968,1.0,-264841.0,-232615.00000000003,0.0240840911865234,7,True,91,65,True,49,32,0.7638192772865295,60.31260681152344,-1148427.470497142,2025-11-18 02:14:49
ba_1024_1_0.txt,barabasi_albert_selective,47,SpecAnn_7,0.8908708063747479,1.0,-262482.99999999994,-229769.00000000003,0.0238897800445556,7,True,91,65,True,50,32,0.7571573853492737,58.70684051513672,-1108101.9740954174,2025-11-18 02:14:49
ba_1024_1_0.txt,barabasi_albert_selective,47,SpecAnn_7,0.8997354108424374,1.0,-263049.0,-229697.0,0.0239970684051513,7,True,91,65,True,51,32,0.7503286600112915,57.16180038452149,-1069208.2274256423,2025-11-18 02:14:49
ba_1024_1_0.txt,barabasi_albert_selective,47,SpecAnn_7,0.908513525158996,1.0,-263691.0,-229883.0,0.0239248275756835,7,True,91,65,True,52,32,0.7433331608772278,55.6744384765625,-1031678.0977215668,2025-11-18 02:14:49
ba_1024_1_0.txt,barabasi_albert_selective,47,SpecAnn_7,0.9172076325837248,1.0,-263471.0,-230335.0,0.0239720344543457,7,True,91,65,True,53,32,0.7361711859703064,54.24191284179688,-995448.2079863608,2025-11-18 02:14:49
ba_1024_1_0.txt,barabasi_albert_selective,47,SpecAnn_7,0.9258200997725514,1.0,-264263.0,-231043.0,0.023951768875122,7,True,91,65,True,54,32,0.7288422584533691,52.861549377441406,-960457.8069365816,2025-11-18 02:14:49
ba_1024_1_0.txt,barabasi_albert_selective,47,SpecAnn_7,0.9343531843023136,1.0,-263369.0,-230835.0,0.0239944458007812,7,True,91,65,True,55,32,0.7213455438613892,51.53083038330078,-926649.192736116,2025-11-18 02:14:49
ba_1024_1_0.txt,barabasi_albert_selective,47,SpecAnn_7,0.9428090415820634,1.0,-264817.0,-232379.0,0.0239644050598144,7,True,91,65,True,56,32,0.7136799693107605,50.247406005859375,-893968.0791356653,2025-11-18 02:14:49
ba_1024_1_0.txt,barabasi_albert_selective,47,SpecAnn_7,0.9511897312113418,1.0,-264207.0,-231501.0,0.0244171619415283,7,True,91,65,True,57,32,0.705843985080719,49.009056091308594,-862362.6013439297,2025-11-18 02:14:49
ba_1024_1_0.txt,barabasi_albert_selective,47,SpecAnn_7,0.959497222838566,1.0,-262315.0,-230821.0,0.0244102478027343,7,True,91,65,True,58,32,0.6978362202644348,47.81371307373047,-831784.5242071258,2025-11-18 02:14:49
ba_1024_1_0.txt,barabasi_albert_selective,47,SpecAnn_7,0.9677334015667416,1.0,-265471.0,-230339.0,0.0244507789611816,7,True,91,65,True,59,32,0.689654529094696,46.65939712524414,-802186.9144231066,2025-11-18 02:14:49
ba_1024_1_0.txt,barabasi_albert_selective,47,SpecAnn_7,0.9759000729485332,1.0,-261035.0,-230427.0,0.0241086483001709,7,True,91,65,True,60,32,0.6812970042228699,45.54427337646485,-773526.3537045494,2025-11-18 02:14:49
ba_1024_1_0.txt,barabasi_albert_selective,47,SpecAnn_7,0.983998967608182,1.0,-266363.0,-231271.0,0.0240468978881835,7,True,91,65,True,61,32,0.6727614402770996,44.466590881347656,-745761.1991901859,2025-11-18 02:14:49
ba_1024_1_0.txt,barabasi_albert_selective,47,SpecAnn_7,0.9920317455237933,1.0,-265405.0,-230463.0,0.0241556167602539,7,True,91,65,True,62,32,0.6640457510948181,43.42470169067383,-718852.3610621301,2025-11-18 02:14:49
ba_1024_1_0.txt,barabasi_albert_selective,47,SpecAnn_7,1.0,1.0,-264477.0,-229927.0,0.0240161418914794,7,True,91,65,True,63,32,0.6551471948623657,42.41706466674805,-692762.474381808,2025-11-18 02:14:49
ba_1024_1_0.txt,barabasi_albert_selective,48,SpecAnn_7,0.0,1.0,-252697.0,-87869.0,0.0133616924285888,7,True,63,33,True,0,32,0.9629924893379213,1025.0,-24606600.760872666,2025-11-18 02:14:49
ba_1024_1_0.txt,barabasi_albert_selective,48,SpecAnn_7,0.1259881576697424,1.0,-255149.00000000003,-97581.0,0.0125296115875244,7,True,63,33,True,1,32,0.9538713693618774,672.43017578125,-15989757.06994506,2025-11-18 02:14:49
ba_1024_1_0.txt,barabasi_albert_selective,48,SpecAnn_7,0.1781741612749496,1.0,-248693.0,-101507.0,0.0125598907470703,7,True,63,33,True,2,32,0.9493803977966307,565.4488525390625,-13382536.76391403,2025-11-18 02:14:49
ba_1024_1_0.txt,barabasi_albert_selective,48,SpecAnn_7,0.2182178902359923,1.0,-251581.00000000003,-105569.0,0.0126633644104003,7,True,63,33,True,3,32,0.9455980658531188,495.3275146484375,-11676263.46285798,2025-11-18 02:14:49
ba_1024_1_0.txt,barabasi_albert_selective,48,SpecAnn_7,0.2519763153394848,1.0,-254513.0,-108567.0,0.0124785900115966,7,True,63,33,True,4,32,0.9421572089195251,443.1868286132813,-10409145.468655815,2025-11-18 02:14:49
ba_1024_1_0.txt,barabasi_albert_selective,48,SpecAnn_7,0.2817180849095055,1.0,-254993.0,-111165.0,0.0125815868377685,7,True,63,33,True,5,32,0.9389164447784424,401.9400024414063,-9407907.399117528,2025-11-18 02:14:49
ba_1024_1_0.txt,barabasi_albert_selective,48,SpecAnn_7,0.3086066999241838,1.0,-253069.0,-115297.0,0.0126140117645263,7,True,63,33,True,6,32,0.9358032941818236,368.0569458007813,-8586268.106106594,2025-11-18 02:14:49
ba_1024_1_0.txt,barabasi_albert_selective,48,SpecAnn_7,0.3333333333333333,1.0,-254263.0,-116657.0,0.0125668048858642,7,True,63,33,True,7,32,0.932774782180786,339.49853515625,-7894407.831801821,2025-11-18 02:14:49
ba_1024_1_0.txt,barabasi_albert_selective,48,SpecAnn_7,0.3563483225498992,1.0,-247449.0,-117457.0,0.0124516487121582,7,True,63,33,True,8,32,0.929802417755127,314.9715576171875,-7300739.741492424,2025-11-18 02:14:49
ba_1024_1_0.txt,barabasi_albert_selective,48,SpecAnn_7,0.3779644730092272,1.0,-248567.0,-119415.0,0.0126154422760009,7,True,63,33,True,9,32,0.9268664121627808,293.6013488769531,-6783909.54574574,2025-11-18 02:14:49
ba_1024_1_0.txt,barabasi_albert_selective,48,SpecAnn_7,0.3984095364447979,1.0,-253115.0,-122803.0,0.0125238895416259,7,True,63,33,True,10,32,0.9239518642425536,274.7672119140625,-6328767.05290284,2025-11-18 02:14:49
ba_1024_1_0.txt,barabasi_albert_selective,48,SpecAnn_7,0.4178554470186724,1.0,-251185.0,-124243.0,0.0124921798706054,7,True,63,33,True,11,32,0.9210470914840698,258.01239013671875,-5924166.486690286,2025-11-18 02:14:49
ba_1024_1_0.txt,barabasi_albert_selective,48,SpecAnn_7,0.4364357804719847,1.0,-253431.0,-129827.0,0.0125148296356201,7,True,63,33,True,12,32,0.9181430339813232,242.9905700683593,-5561662.373739939,2025-11-18 02:14:49
ba_1024_1_0.txt,barabasi_albert_selective,48,SpecAnn_7,0.4542567625794979,1.0,-252171.0,-133413.0,0.012646198272705,7,True,63,33,True,13,32,0.9152317643165588,229.4331817626953,-5234704.491398476,2025-11-18 02:14:49
ba_1024_1_0.txt,barabasi_albert_selective,48,SpecAnn_7,0.4714045207910317,1.0,-253505.0,-134879.0,0.0124387741088867,7,True,63,33,True,14,32,0.9123068451881408,217.1275634765625,-4938109.886634116,2025-11-18 02:14:50
ba_1024_1_0.txt,barabasi_albert_selective,48,SpecAnn_7,0.4879500364742666,1.0,-252737.0,-140029.00000000003,0.01255464553833,7,True,63,33,True,15,32,0.909362256526947,205.9025115966797,-4667705.276200584,2025-11-18 02:14:50
ba_1024_1_0.txt,barabasi_albert_selective,48,SpecAnn_7,0.5039526306789697,1.0,-253515.00000000003,-142759.00000000003,0.0124585628509521,7,True,63,33,True,16,32,0.9063928127288818,195.61834716796875,-4420087.7962360745,2025-11-18 02:14:50
ba_1024_1_0.txt,barabasi_albert_selective,48,SpecAnn_7,0.5194624816493197,1.0,-251073.0,-145663.0,0.012453556060791,7,True,63,33,True,17,32,0.9033937454223632,186.1595153808593,-4192443.096877104,2025-11-18 02:14:50
ba_1024_1_0.txt,barabasi_albert_selective,48,SpecAnn_7,0.5345224838248488,1.0,-251705.00000000003,-147027.0,0.012641429901123,7,True,63,33,True,18,32,0.9003605246543884,177.42950439453125,-3982420.754607433,2025-11-18 02:14:50
ba_1024_1_0.txt,barabasi_albert_selective,48,SpecAnn_7,0.549169647365276,1.0,-253425.0,-148951.0,0.0125203132629394,7,True,63,33,True,19,32,0.8972888588905334,169.3468780517578,-3788038.006338977,2025-11-18 02:14:50
ba_1024_1_0.txt,barabasi_albert_selective,48,SpecAnn_7,0.563436169819011,1.0,-252861.0,-157425.0,0.0124859809875488,7,True,63,33,True,20,32,0.8941746354103088,161.84239196777344,-3607609.255102851,2025-11-18 02:14:50
ba_1024_1_0.txt,barabasi_albert_selective,48,SpecAnn_7,0.5773502691896257,1.0,-254543.0,-160923.0,0.0127136707305908,7,True,63,33,True,21,32,0.8910136818885803,154.85659790039062,-3439687.152829504,2025-11-18 02:14:50
ba_1024_1_0.txt,barabasi_albert_selective,48,SpecAnn_7,0.5909368402852788,1.0,-257389.0,-161469.0,0.0125260353088378,7,True,63,33,True,22,32,0.887802243232727,148.3381805419922,-3283023.893225649,2025-11-18 02:14:50
ba_1024_1_0.txt,barabasi_albert_selective,48,SpecAnn_7,0.6042179781166438,1.0,-254671.0,-164135.00000000003,0.0125985145568847,7,True,63,33,True,23,32,0.8845360279083252,142.2425994873047,-3136534.470765942,2025-11-18 02:14:50
ba_1024_1_0.txt,barabasi_albert_selective,48,SpecAnn_7,0.6172133998483676,1.0,-256599.0,-165279.0,0.0124661922454833,7,True,63,33,True,24,32,0.8812112212181091,136.5309295654297,-2999272.485720374,2025-11-18 02:14:50
ba_1024_1_0.txt,barabasi_albert_selective,48,SpecAnn_7,0.629940788348712,1.0,-255025.00000000003,-168077.00000000003,0.0124626159667968,7,True,63,33,True,25,32,0.8778236508369446,131.16900634765625,-2870406.229540808,2025-11-18 02:14:50
ba_1024_1_0.txt,barabasi_albert_selective,48,SpecAnn_7,0.642416074439621,1.0,-256405.0,-169914.99999999997,0.0125606060028076,7,True,63,33,True,26,32,0.8743691444396973,126.12664794921876,-2749201.2627627854,2025-11-18 02:14:50
ba_1024_1_0.txt,barabasi_albert_selective,48,SpecAnn_7,0.6546536707079771,1.0,-254527.0,-173391.0,0.0126769542694091,7,True,63,33,True,27,32,0.8708431720733643,121.3770751953125,-2635005.201302045,2025-11-18 02:14:50
ba_1024_1_0.txt,barabasi_albert_selective,48,SpecAnn_7,0.6666666666666666,1.0,-257523.0,-178281.0,0.0125887393951416,7,True,63,33,True,28,32,0.8672413229942322,116.8965301513672,-2527239.7339438754,2025-11-18 02:14:50
ba_1024_1_0.txt,barabasi_albert_selective,48,SpecAnn_7,0.6784669927988098,1.0,-258027.0,-180785.0,0.0125901699066162,7,True,63,33,True,29,32,0.8635589480400085,112.6637725830078,-2425387.5049157105,2025-11-18 02:14:50
ba_1024_1_0.txt,barabasi_albert_selective,48,SpecAnn_7,0.6900655593423543,1.0,-259349.0,-183721.0,0.0125277042388916,7,True,63,33,True,30,32,0.8597909212112427,108.6597137451172,-2328982.735374664,2025-11-18 02:14:50
ba_1024_1_0.txt,barabasi_albert_selective,48,SpecAnn_7,0.7014723744122017,1.0,-255303.0,-186401.0,0.0125596523284912,7,True,63,33,True,31,32,0.8559321761131287,104.8672332763672,-2237608.073548236,2025-11-18 02:14:50
ba_1024_1_0.txt,barabasi_albert_selective,48,SpecAnn_7,0.7126966450997984,1.0,-257545.0,-188623.0,0.0126314163208007,7,True,63,33,True,32,32,0.8519770503044128,101.27088165283205,-2150885.762648384,2025-11-18 02:14:50
ba_1024_1_0.txt,barabasi_albert_selective,48,SpecAnn_7,0.7237468644557459,1.0,-258391.0,-190409.0,0.0127694606781005,7,True,63,33,True,33,32,0.8479200005531311,97.85668182373048,-2068474.7433754944,2025-11-18 02:14:50
ba_1024_1_0.txt,barabasi_albert_selective,48,SpecAnn_7,0.7346308866924529,1.0,-258263.0,-193373.00000000003,0.0127036571502685,7,True,63,33,True,34,32,0.8437545299530029,94.6119155883789,-1990062.933632715,2025-11-18 02:14:50
ba_1024_1_0.txt,barabasi_albert_selective,48,SpecAnn_7,0.7453559924999299,1.0,-259479.0,-196929.0,0.0126268863677978,7,True,63,33,True,35,32,0.8394739627838135,91.52508544921876,-1915368.016646061,2025-11-18 02:14:50
ba_1024_1_0.txt,barabasi_albert_selective,48,SpecAnn_7,0.7559289460184544,1.0,-259165.0,-199685.0,0.0125210285186767,7,True,63,33,True,36,32,0.8350713849067688,88.58565521240234,-1844131.394976901,2025-11-18 02:14:50
ba_1024_1_0.txt,barabasi_albert_selective,48,SpecAnn_7,0.7663560447348133,1.0,-262203.0,-204037.0,0.0127029418945312,7,True,63,33,True,37,32,0.830539345741272,85.78402709960938,-1776116.7058673203,2025-11-18 02:14:50
ba_1024_1_0.txt,barabasi_albert_selective,48,SpecAnn_7,0.7766431633476233,1.0,-260415.0,-207847.0,0.0127227306365966,7,True,63,33,True,38,32,0.8258703351020813,83.11140441894531,-1711107.6991742763,2025-11-18 02:14:50
ba_1024_1_0.txt,barabasi_albert_selective,48,SpecAnn_7,0.7867957924694432,1.0,-262113.0,-210395.0,0.0128087997436523,7,True,63,33,True,39,32,0.8210563063621521,80.55970764160156,-1648905.1719698596,2025-11-18 02:14:50
ba_1024_1_0.txt,barabasi_albert_selective,48,SpecAnn_7,0.7968190728895957,1.0,-261973.0,-212729.0,0.0126399993896484,7,True,63,33,True,40,32,0.8160898685455322,78.12152862548828,-1589328.153313884,2025-11-18 02:14:50
ba_1024_1_0.txt,barabasi_albert_selective,48,SpecAnn_7,0.8067178260046388,1.0,-263603.0,-215403.00000000003,0.0125408172607421,7,True,63,33,True,41,32,0.8109641671180725,75.7900390625,-1532211.2741849665,2025-11-18 02:14:50
ba_1024_1_0.txt,barabasi_albert_selective,48,SpecAnn_7,0.816496580927726,1.0,-261793.0,-219733.00000000003,0.0125923156738281,7,True,63,33,True,42,32,0.8056731224060059,73.55890655517578,-1477403.0733183215,2025-11-18 02:14:50
ba_1024_1_0.txt,barabasi_albert_selective,48,SpecAnn_7,0.8261595987094035,1.0,-262137.0,-219241.00000000003,0.0124740600585937,7,True,63,33,True,43,32,0.8002122640609741,71.42236328125,-1424768.409024024,2025-11-18 02:14:50
ba_1024_1_0.txt,barabasi_albert_selective,48,SpecAnn_7,0.8357108940373449,1.0,-264231.0,-221231.0,0.0125257968902587,7,True,63,33,True,44,32,0.7945788502693176,69.37496948242188,-1374183.2914925886,2025-11-18 02:14:50
ba_1024_1_0.txt,barabasi_albert_selective,48,SpecAnn_7,0.8451542547285166,1.0,-264359.0,-222149.0,0.0125284194946289,7,True,63,33,True,45,32,0.7887715697288513,67.41175842285156,-1325536.716760203,2025-11-18 02:14:50
ba_1024_1_0.txt,barabasi_albert_selective,48,SpecAnn_7,0.8544932592822077,1.0,-262397.0,-223853.0,0.0239717960357666,7,True,63,65,True,46,32,0.7827907204627991,65.52806854248047,-1278727.171379671,2025-11-18 02:14:50
ba_1024_1_0.txt,barabasi_albert_selective,48,SpecAnn_7,0.8637312927246217,1.0,-263393.0,-225931.0,0.0239374637603759,7,True,63,65,True,47,32,0.7766373157501221,63.71961212158203,-1233662.1339437794,2025-11-18 02:14:50
ba_1024_1_0.txt,barabasi_albert_selective,48,SpecAnn_7,0.8728715609439694,1.0,-263801.0,-227741.0,0.0238823890686035,7,True,63,65,True,48,32,0.7703129649162292,61.98237228393555,-1190255.6705918703,2025-11-18 02:14:50
ba_1024_1_0.txt,barabasi_albert_selective,48,SpecAnn_7,0.8819171036881968,1.0,-263496.99999999994,-232615.00000000003,0.0239789485931396,7,True,63,65,True,49,32,0.7638192176818848,60.31260681152344,-1148427.3808795933,2025-11-18 02:14:50
ba_1024_1_0.txt,barabasi_albert_selective,48,SpecAnn_7,0.8908708063747479,1.0,-262017.0,-229769.00000000003,0.0238680839538574,7,True,63,65,True,50,32,0.7571574449539185,58.70684051513672,-1108102.0613269836,2025-11-18 02:14:50
ba_1024_1_0.txt,barabasi_albert_selective,48,SpecAnn_7,0.8997354108424374,1.0,-264737.0,-229697.0,0.0238962173461914,7,True,63,65,True,51,32,0.7503286004066467,57.16180038452149,-1069208.142489827,2025-11-18 02:14:50
ba_1024_1_0.txt,barabasi_albert_selective,48,SpecAnn_7,0.908513525158996,1.0,-264831.0,-229883.0,0.0242033004760742,7,True,63,65,True,52,32,0.743333101272583,55.6744384765625,-1031678.0149957988,2025-11-18 02:14:50
ba_1024_1_0.txt,barabasi_albert_selective,48,SpecAnn_7,0.9172076325837248,1.0,-265181.0,-230335.0,0.0243396759033203,7,True,63,65,True,53,32,0.7361711263656616,54.24191284179688,-995448.12738916,2025-11-18 02:14:50
ba_1024_1_0.txt,barabasi_albert_selective,48,SpecAnn_7,0.9258200997725514,1.0,-264165.0,-231043.0,0.0241353511810302,7,True,63,65,True,54,32,0.7288421988487244,52.861549377441406,-960457.7283904412,2025-11-18 02:14:50
ba_1024_1_0.txt,barabasi_albert_selective,48,SpecAnn_7,0.9343531843023136,1.0,-263539.0,-230835.0,0.0239291191101074,7,True,63,65,True,55,32,0.7213455438613892,51.53083038330078,-926649.192736116,2025-11-18 02:14:50
ba_1024_1_0.txt,barabasi_albert_selective,48,SpecAnn_7,0.9428090415820634,1.0,-264825.0,-232379.0,0.0240008831024169,7,True,63,65,True,56,32,0.7136799097061157,50.247406005859375,-893968.0044738392,2025-11-18 02:14:50
ba_1024_1_0.txt,barabasi_albert_selective,48,SpecAnn_7,0.9511897312113418,1.0,-265389.0,-231501.0,0.0243973731994628,7,True,63,65,True,57,32,0.7058440446853638,49.009056091308594,-862362.6741657113,2025-11-18 02:14:50
ba_1024_1_0.txt,barabasi_albert_selective,48,SpecAnn_7,0.959497222838566,1.0,-267331.0,-230821.0,0.0241165161132812,7,True,63,65,True,58,32,0.6978362202644348,47.81371307373047,-831784.5242071258,2025-11-18 02:14:50
ba_1024_1_0.txt,barabasi_albert_selective,48,SpecAnn_7,0.9677334015667416,1.0,-265967.0,-230339.0,0.0240933895111084,7,True,63,65,True,59,32,0.689654529094696,46.65939712524414,-802186.9144231066,2025-11-18 02:14:50
ba_1024_1_0.txt,barabasi_albert_selective,48,SpecAnn_7,0.9759000729485332,1.0,-267791.0,-230427.0,0.0244114398956298,7,True,63,65,True,60,32,0.6812970042228699,45.54427337646485,-773526.3537045494,2025-11-18 02:14:50
ba_1024_1_0.txt,barabasi_albert_selective,48,SpecAnn_7,0.983998967608182,1.0,-266317.0,-231271.0,0.0242590904235839,7,True,63,65,True,61,32,0.6727614402770996,44.466590881347656,-745761.1991901859,2025-11-18 02:14:50
ba_1024_1_0.txt,barabasi_albert_selective,48,SpecAnn_7,0.9920317455237933,1.0,-266761.0,-230463.0,0.0238564014434814,7,True,63,65,True,62,32,0.6640456318855286,43.42470169067383,-718852.2320139748,2025-11-18 02:14:50
ba_1024_1_0.txt,barabasi_albert_selective,48,SpecAnn_7,1.0,1.0,-263503.0,-229927.0,0.0239269733428955,7,True,63,65,True,63,32,0.6551471948623657,42.41706466674805,-692762.474381808,2025-11-18 02:14:50
ba_1024_1_0.txt,barabasi_albert_selective,49,SpecAnn_7,0.0,1.0,-253861.0,-87869.0,0.0131106376647949,7,True,66,33,True,0,32,0.9629923105239868,1025.0,-24606596.19177878,2025-11-18 02:14:50
ba_1024_1_0.txt,barabasi_albert_selective,49,SpecAnn_7,0.1259881576697424,1.0,-253861.00000000003,-97581.0,0.0126652717590332,7,True,66,33,True,1,32,0.9538713693618774,672.43017578125,-15989757.06994506,2025-11-18 02:14:50
ba_1024_1_0.txt,barabasi_albert_selective,49,SpecAnn_7,0.1781741612749496,1.0,-257567.0,-101507.0,0.0124416351318359,7,True,66,33,True,2,32,0.949380338191986,565.4488525390625,-13382535.92372252,2025-11-18 02:14:50
ba_1024_1_0.txt,barabasi_albert_selective,49,SpecAnn_7,0.2182178902359923,1.0,-256461.00000000003,-105569.0,0.0126271247863769,7,True,66,33,True,3,32,0.945598006248474,495.3275146484375,-11676262.726858657,2025-11-18 02:14:50
ba_1024_1_0.txt,barabasi_albert_selective,49,SpecAnn_7,0.2519763153394848,1.0,-257555.00000000003,-108567.0,0.012434959411621,7,True,66,33,True,4,32,0.9421570897102356,443.1868286132813,-10409144.151607214,2025-11-18 02:14:51
ba_1024_1_0.txt,barabasi_albert_selective,49,SpecAnn_7,0.2817180849095055,1.0,-250681.0,-111165.0,0.0124907493591308,7,True,66,33,True,5,32,0.9389164447784424,401.9400024414063,-9407907.399117528,2025-11-18 02:14:51
ba_1024_1_0.txt,barabasi_albert_selective,49,SpecAnn_7,0.3086066999241838,1.0,-251929.0,-115297.0,0.0125505924224853,7,True,66,33,True,6,32,0.9358033537864684,368.0569458007813,-8586268.65299659,2025-11-18 02:14:51
ba_1024_1_0.txt,barabasi_albert_selective,49,SpecAnn_7,0.3333333333333333,1.0,-255743.0,-116657.0,0.01241135597229,7,True,66,33,True,7,32,0.9327747225761414,339.49853515625,-7894407.327346315,2025-11-18 02:14:51
ba_1024_1_0.txt,barabasi_albert_selective,49,SpecAnn_7,0.3563483225498992,1.0,-252231.0,-117457.0,0.0125811100006103,7,True,66,33,True,8,32,0.929802417755127,314.9715576171875,-7300739.741492424,2025-11-18 02:14:51
ba_1024_1_0.txt,barabasi_albert_selective,49,SpecAnn_7,0.3779644730092272,1.0,-251127.0,-119415.0,0.0126240253448486,7,True,66,33,True,9,32,0.9268664717674256,293.6013488769531,-6783909.982003341,2025-11-18 02:14:51
ba_1024_1_0.txt,barabasi_albert_selective,49,SpecAnn_7,0.3984095364447979,1.0,-252617.0,-122803.0,0.0125370025634765,7,True,66,33,True,10,32,0.9239518642425536,274.7672119140625,-6328767.05290284,2025-11-18 02:14:51
ba_1024_1_0.txt,barabasi_albert_selective,49,SpecAnn_7,0.4178554470186724,1.0,-253415.0,-124243.0,0.0124983787536621,7,True,66,33,True,11,32,0.9210471510887146,258.01239013671875,-5924166.870066817,2025-11-18 02:14:51
ba_1024_1_0.txt,barabasi_albert_selective,49,SpecAnn_7,0.4364357804719847,1.0,-253003.0,-129827.0,0.0125343799591064,7,True,66,33,True,12,32,0.9181430339813232,242.99057006835932,-5561662.373739939,2025-11-18 02:14:51
ba_1024_1_0.txt,barabasi_albert_selective,49,SpecAnn_7,0.4542567625794979,1.0,-255597.0,-133413.0,0.0126020908355712,7,True,66,33,True,13,32,0.9152318239212036,229.4331817626953,-5234704.832309614,2025-11-18 02:14:51
ba_1024_1_0.txt,barabasi_albert_selective,49,SpecAnn_7,0.4714045207910317,1.0,-253405.0,-134879.0,0.0124423503875732,7,True,66,33,True,14,32,0.9123068451881408,217.1275634765625,-4938109.886634116,2025-11-18 02:14:51
ba_1024_1_0.txt,barabasi_albert_selective,49,SpecAnn_7,0.4879500364742666,1.0,-253837.0,-140029.00000000003,0.0124976634979248,7,True,66,33,True,15,32,0.909362256526947,205.9025115966797,-4667705.276200584,2025-11-18 02:14:51
ba_1024_1_0.txt,barabasi_albert_selective,49,SpecAnn_7,0.5039526306789697,1.0,-251715.00000000003,-142759.00000000003,0.0125656127929687,7,True,66,33,True,16,32,0.9063928127288818,195.61834716796875,-4420087.7962360745,2025-11-18 02:14:51
ba_1024_1_0.txt,barabasi_albert_selective,49,SpecAnn_7,0.5194624816493197,1.0,-250487.0,-145663.0,0.0125069618225097,7,True,66,33,True,17,32,0.9033936858177184,186.15951538085932,-4192442.8202656233,2025-11-18 02:14:51
ba_1024_1_0.txt,barabasi_albert_selective,49,SpecAnn_7,0.5345224838248488,1.0,-255383.0,-147027.0,0.0124366283416748,7,True,66,33,True,18,32,0.9003605246543884,177.42950439453125,-3982420.754607433,2025-11-18 02:14:51
ba_1024_1_0.txt,barabasi_albert_selective,49,SpecAnn_7,0.549169647365276,1.0,-249977.0,-148951.0,0.0125517845153808,7,True,66,33,True,19,32,0.8972888588905334,169.3468780517578,-3788038.006338977,2025-11-18 02:14:51
ba_1024_1_0.txt,barabasi_albert_selective,49,SpecAnn_7,0.563436169819011,1.0,-250583.0,-157425.0,0.012528657913208,7,True,66,33,True,20,32,0.8941746354103088,161.84239196777344,-3607609.255102851,2025-11-18 02:14:51
ba_1024_1_0.txt,barabasi_albert_selective,49,SpecAnn_7,0.5773502691896257,1.0,-252353.0,-160923.0,0.0125753879547119,7,True,66,33,True,21,32,0.8910137414932251,154.85659790039062,-3439687.382928474,2025-11-18 02:14:51
ba_1024_1_0.txt,barabasi_albert_selective,49,SpecAnn_7,0.5909368402852788,1.0,-257637.0,-161469.0,0.0125689506530761,7,True,66,33,True,22,32,0.8878021836280823,148.3381805419922,-3283023.672812292,2025-11-18 02:14:51
ba_1024_1_0.txt,barabasi_albert_selective,49,SpecAnn_7,0.6042179781166438,1.0,-251983.0,-164135.00000000003,0.012568712234497,7,True,66,33,True,23,32,0.8845360279083252,142.2425994873047,-3136534.470765942,2025-11-18 02:14:51
ba_1024_1_0.txt,barabasi_albert_selective,49,SpecAnn_7,0.6172133998483676,1.0,-253985.0,-165279.0,0.0129063129425048,7,True,66,33,True,24,32,0.8812112212181091,136.5309295654297,-2999272.485720374,2025-11-18 02:14:51
ba_1024_1_0.txt,barabasi_albert_selective,49,SpecAnn_7,0.629940788348712,1.0,-253043.0,-168076.99999999997,0.0127501487731933,7,True,66,33,True,25,32,0.8778236508369446,131.16900634765625,-2870406.229540808,2025-11-18 02:14:51
ba_1024_1_0.txt,barabasi_albert_selective,49,SpecAnn_7,0.642416074439621,1.0,-257645.00000000003,-169914.99999999997,0.0128395557403564,7,True,66,33,True,26,32,0.8743690848350525,126.12664794921876,-2749201.0753531936,2025-11-18 02:14:51
ba_1024_1_0.txt,barabasi_albert_selective,49,SpecAnn_7,0.6546536707079771,1.0,-258031.0,-173391.0,0.0127844810485839,7,True,66,33,True,27,32,0.8708431720733643,121.3770751953125,-2635005.201302045,2025-11-18 02:14:51
ba_1024_1_0.txt,barabasi_albert_selective,49,SpecAnn_7,0.6666666666666666,1.0,-255899.0,-178281.0,0.014167308807373,7,True,66,33,True,28,32,0.8672413229942322,116.8965301513672,-2527239.7339438754,2025-11-18 02:14:51
ba_1024_1_0.txt,barabasi_albert_selective,49,SpecAnn_7,0.6784669927988098,1.0,-257995.0,-180785.0,0.0128943920135498,7,True,66,33,True,29,32,0.8635588884353638,112.6637725830078,-2425387.337510392,2025-11-18 02:14:51
ba_1024_1_0.txt,barabasi_albert_selective,49,SpecAnn_7,0.6900655593423543,1.0,-257849.0,-183721.0,0.012749433517456,7,True,66,33,True,30,32,0.8597909212112427,108.6597137451172,-2328982.735374664,2025-11-18 02:14:51
ba_1024_1_0.txt,barabasi_albert_selective,49,SpecAnn_7,0.7014723744122017,1.0,-256509.0,-186401.0,0.0127580165863037,7,True,66,33,True,31,32,0.8559321761131287,104.8672332763672,-2237608.073548236,2025-11-18 02:14:51
ba_1024_1_0.txt,barabasi_albert_selective,49,SpecAnn_7,0.7126966450997984,1.0,-256289.00000000003,-188623.0,0.0126395225524902,7,True,66,33,True,32,32,0.8519771099090576,101.27088165283205,-2150885.9131251858,2025-11-18 02:14:51
ba_1024_1_0.txt,barabasi_albert_selective,49,SpecAnn_7,0.7237468644557459,1.0,-256389.0,-190409.0,0.0125885009765625,7,True,66,33,True,33,32,0.8479200601577759,97.85668182373048,-2068474.8887791908,2025-11-18 02:14:51
ba_1024_1_0.txt,barabasi_albert_selective,49,SpecAnn_7,0.7346308866924529,1.0,-256279.0,-193373.00000000003,0.0127398967742919,7,True,66,33,True,34,32,0.8437544703483582,94.6119155883789,-1990062.7930503653,2025-11-18 02:14:51
ba_1024_1_0.txt,barabasi_albert_selective,49,SpecAnn_7,0.7453559924999299,1.0,-255795.0,-196929.0,0.0126311779022216,7,True,66,33,True,35,32,0.8394739627838135,91.52508544921876,-1915368.016646061,2025-11-18 02:14:51
ba_1024_1_0.txt,barabasi_albert_selective,49,SpecAnn_7,0.7559289460184544,1.0,-254891.0,-199685.0,0.0125622749328613,7,True,66,33,True,36,32,0.8350714445114136,88.58565521240234,-1844131.5266049253,2025-11-18 02:14:51
ba_1024_1_0.txt,barabasi_albert_selective,49,SpecAnn_7,0.7663560447348133,1.0,-258661.0,-204037.0,0.0126194953918457,7,True,66,33,True,37,32,0.830539345741272,85.78402709960938,-1776116.7058673203,2025-11-18 02:14:51
ba_1024_1_0.txt,barabasi_albert_selective,49,SpecAnn_7,0.7766431633476233,1.0,-257433.0,-207847.0,0.0126395225524902,7,True,66,33,True,38,32,0.8258702754974365,83.11140441894531,-1711107.5756803546,2025-11-18 02:14:51
ba_1024_1_0.txt,barabasi_albert_selective,49,SpecAnn_7,0.7867957924694432,1.0,-258887.0,-210395.0,0.0126278400421142,7,True,66,33,True,39,32,0.8210562467575073,80.55970764160156,-1648905.0522674636,2025-11-18 02:14:51
ba_1024_1_0.txt,barabasi_albert_selective,49,SpecAnn_7,0.7968190728895957,1.0,-261193.0,-212729.0,0.0125365257263183,7,True,66,33,True,40,32,0.8160898685455322,78.12152862548828,-1589328.153313884,2025-11-18 02:14:51
ba_1024_1_0.txt,barabasi_albert_selective,49,SpecAnn_7,0.8067178260046388,1.0,-261315.0,-215403.00000000003,0.012538194656372,7,True,66,33,True,41,32,0.8109641671180725,75.7900390625,-1532211.2741849665,2025-11-18 02:14:51
ba_1024_1_0.txt,barabasi_albert_selective,49,SpecAnn_7,0.816496580927726,1.0,-261629.0,-219733.00000000003,0.0125093460083007,7,True,66,33,True,42,32,0.8056731224060059,73.55890655517578,-1477403.0733183215,2025-11-18 02:14:51
ba_1024_1_0.txt,barabasi_albert_selective,49,SpecAnn_7,0.8261595987094035,1.0,-262507.0,-219241.00000000003,0.0126276016235351,7,True,66,33,True,43,32,0.8002122640609741,71.42236328125,-1424768.409024024,2025-11-18 02:14:51
ba_1024_1_0.txt,barabasi_albert_selective,49,SpecAnn_7,0.8357108940373449,1.0,-263727.0,-221231.0,0.0124952793121337,7,True,66,33,True,44,32,0.7945788502693176,69.37496948242188,-1374183.2914925886,2025-11-18 02:14:51
ba_1024_1_0.txt,barabasi_albert_selective,49,SpecAnn_7,0.8451542547285166,1.0,-264045.0,-222149.0,0.0126183032989501,7,True,66,33,True,45,32,0.7887715697288513,67.41175842285156,-1325536.716760203,2025-11-18 02:14:51
ba_1024_1_0.txt,barabasi_albert_selective,49,SpecAnn_7,0.8544932592822077,1.0,-264597.0,-223853.0,0.0241050720214843,7,True,66,65,True,46,32,0.7827906608581543,65.52806854248047,-1278727.07401255,2025-11-18 02:14:51
ba_1024_1_0.txt,barabasi_albert_selective,49,SpecAnn_7,0.8637312927246217,1.0,-264653.0,-225931.0,0.0241143703460693,7,True,66,65,True,47,32,0.7766373157501221,63.71961212158203,-1233662.1339437794,2025-11-18 02:14:51
ba_1024_1_0.txt,barabasi_albert_selective,49,SpecAnn_7,0.8728715609439694,1.0,-264083.0,-227741.0,0.0242989063262939,7,True,66,65,True,48,32,0.7703129649162292,61.98237228393555,-1190255.6705918703,2025-11-18 02:14:51
ba_1024_1_0.txt,barabasi_albert_selective,49,SpecAnn_7,0.8819171036881968,1.0,-263062.99999999994,-232615.00000000003,0.0240278244018554,7,True,66,65,True,49,32,0.7638192772865295,60.31260681152344,-1148427.470497142,2025-11-18 02:14:51
ba_1024_1_0.txt,barabasi_albert_selective,49,SpecAnn_7,0.8908708063747479,1.0,-263150.99999999994,-229769.00000000003,0.0237810611724853,7,True,66,65,True,50,32,0.7571574449539185,58.70684051513672,-1108102.0613269836,2025-11-18 02:14:51
ba_1024_1_0.txt,barabasi_albert_selective,49,SpecAnn_7,0.8997354108424374,1.0,-263051.0,-229697.0,0.0240509510040283,7,True,66,65,True,51,32,0.7503286600112915,57.16180038452149,-1069208.2274256423,2025-11-18 02:14:51
ba_1024_1_0.txt,barabasi_albert_selective,49,SpecAnn_7,0.908513525158996,1.0,-263841.0,-229883.0,0.0240836143493652,7,True,66,65,True,52,32,0.7433331608772278,55.6744384765625,-1031678.0977215668,2025-11-18 02:14:51
ba_1024_1_0.txt,barabasi_albert_selective,49,SpecAnn_7,0.9172076325837248,1.0,-260865.0,-230335.0,0.0239145755767822,7,True,66,65,True,53,32,0.7361711859703064,54.24191284179688,-995448.2079863608,2025-11-18 02:14:51
ba_1024_1_0.txt,barabasi_albert_selective,49,SpecAnn_7,0.9258200997725514,1.0,-267643.0,-231043.0,0.0239298343658447,7,True,66,65,True,54,32,0.7288421988487244,52.861549377441406,-960457.7283904412,2025-11-18 02:14:51
ba_1024_1_0.txt,barabasi_albert_selective,49,SpecAnn_7,0.9343531843023136,1.0,-263914.99999999994,-230835.0,0.0241937637329101,7,True,66,65,True,55,32,0.7213454842567444,51.53083038330078,-926649.11616727,2025-11-18 02:14:51
ba_1024_1_0.txt,barabasi_albert_selective,49,SpecAnn_7,0.9428090415820634,1.0,-264487.0,-232379.0,0.0243504047393798,7,True,66,65,True,56,32,0.7136799097061157,50.247406005859375,-893968.0044738392,2025-11-18 02:14:51
ba_1024_1_0.txt,barabasi_albert_selective,49,SpecAnn_7,0.9511897312113418,1.0,-264247.0,-231501.0,0.0240857601165771,7,True,66,65,True,57,32,0.7058440446853638,49.009056091308594,-862362.6741657113,2025-11-18 02:14:51
ba_1024_1_0.txt,barabasi_albert_selective,49,SpecAnn_7,0.959497222838566,1.0,-264643.0,-230821.0,0.0240740776062011,7,True,66,65,True,58,32,0.6978362798690796,47.81371307373047,-831784.595252766,2025-11-18 02:14:51
ba_1024_1_0.txt,barabasi_albert_selective,49,SpecAnn_7,0.9677334015667416,1.0,-263631.0,-230339.0,0.0240473747253417,7,True,66,65,True,59,32,0.689654529094696,46.65939712524414,-802186.9144231066,2025-11-18 02:14:51
ba_1024_1_0.txt,barabasi_albert_selective,49,SpecAnn_7,0.9759000729485332,1.0,-264297.0,-230427.0,0.0239965915679931,7,True,66,65,True,60,32,0.6812970042228699,45.54427337646485,-773526.3537045494,2025-11-18 02:14:51
ba_1024_1_0.txt,barabasi_albert_selective,49,SpecAnn_7,0.983998967608182,1.0,-265069.0,-231271.0,0.0240726470947265,7,True,66,65,True,61,32,0.6727614402770996,44.466590881347656,-745761.1991901859,2025-11-18 02:14:51
ba_1024_1_0.txt,barabasi_albert_selective,49,SpecAnn_7,0.9920317455237933,1.0,-265721.0,-230463.0,0.02388596534729,7,True,66,65,True,62,32,0.6640457510948181,43.42470169067383,-718852.3610621301,2025-11-18 02:14:51
ba_1024_1_0.txt,barabasi_albert_selective,49,SpecAnn_7,1.0,1.0,-262589.0,-229927.0,0.0240144729614257,7,True,66,65,True,63,32,0.655147135257721,42.41706466674805,-692762.4113549622,2025-11-18 02:14:51
ba_1024_1_0.txt,barabasi_albert_selective,50,SpecAnn_7,0.0,1.0,-256451.0,-87869.0,0.0132908821105957,7,True,79,33,True,0,32,0.9629924297332764,1025.0,-24606599.237841368,2025-11-18 02:14:52
ba_1024_1_0.txt,barabasi_albert_selective,50,SpecAnn_7,0.1259881576697424,1.0,-256401.0,-97581.0,0.012568712234497,7,True,79,33,True,1,32,0.9538713097572328,672.43017578125,-15989756.070791692,2025-11-18 02:14:52
ba_1024_1_0.txt,barabasi_albert_selective,50,SpecAnn_7,0.1781741612749496,1.0,-256099.00000000003,-101507.0,0.0125317573547363,7,True,79,33,True,2,32,0.9493802785873412,565.4488525390625,-13382535.08353101,2025-11-18 02:14:52
ba_1024_1_0.txt,barabasi_albert_selective,50,SpecAnn_7,0.2182178902359923,1.0,-254775.0,-105569.0,0.0126235485076904,7,True,79,33,True,3,32,0.9455980658531188,495.3275146484375,-11676263.46285798,2025-11-18 02:14:52
ba_1024_1_0.txt,barabasi_albert_selective,50,SpecAnn_7,0.2519763153394848,1.0,-254345.0,-108567.0,0.0124845504760742,7,True,79,33,True,4,32,0.9421572089195251,443.1868286132813,-10409145.468655815,2025-11-18 02:14:52
ba_1024_1_0.txt,barabasi_albert_selective,50,SpecAnn_7,0.2817180849095055,1.0,-255599.0,-111165.0,0.0125930309295654,7,True,79,33,True,5,32,0.9389164447784424,401.9400024414063,-9407907.399117528,2025-11-18 02:14:52
ba_1024_1_0.txt,barabasi_albert_selective,50,SpecAnn_7,0.3086066999241838,1.0,-254301.0,-115297.0,0.0125820636749267,7,True,79,33,True,6,32,0.9358033537864684,368.0569458007813,-8586268.65299659,2025-11-18 02:14:52
ba_1024_1_0.txt,barabasi_albert_selective,50,SpecAnn_7,0.3333333333333333,1.0,-255495.00000000003,-116657.0,0.0124881267547607,7,True,79,33,True,7,32,0.9327747225761414,339.49853515625,-7894407.327346315,2025-11-18 02:14:52
ba_1024_1_0.txt,barabasi_albert_selective,50,SpecAnn_7,0.3563483225498992,1.0,-254153.0,-117457.0,0.0125839710235595,7,True,79,33,True,8,32,0.9298024773597716,314.9715576171875,-7300740.209503682,2025-11-18 02:14:52
ba_1024_1_0.txt,barabasi_albert_selective,50,SpecAnn_7,0.3779644730092272,1.0,-256399.0,-119415.0,0.0125856399536132,7,True,79,33,True,9,32,0.9268664121627808,293.6013488769531,-6783909.54574574,2025-11-18 02:14:52
ba_1024_1_0.txt,barabasi_albert_selective,50,SpecAnn_7,0.3984095364447979,1.0,-260021.0,-122803.0,0.0125651359558105,7,True,79,33,True,10,32,0.9239519238471984,274.7672119140625,-6328767.461175096,2025-11-18 02:14:52
ba_1024_1_0.txt,barabasi_albert_selective,50,SpecAnn_7,0.4178554470186724,1.0,-247085.0,-124243.0,0.0125114917755126,7,True,79,33,True,11,32,0.921047031879425,258.01239013671875,-5924166.103313754,2025-11-18 02:14:52
ba_1024_1_0.txt,barabasi_albert_selective,50,SpecAnn_7,0.4364357804719847,1.0,-250517.0,-129827.0,0.0125985145568847,7,True,79,33,True,12,32,0.9181430339813232,242.99057006835935,-5561662.373739939,2025-11-18 02:14:52
ba_1024_1_0.txt,barabasi_albert_selective,50,SpecAnn_7,0.4542567625794979,1.0,-253039.0,-133413.0,0.0126187801361083,7,True,79,33,True,13,32,0.9152317643165588,229.4331817626953,-5234704.491398476,2025-11-18 02:14:52
ba_1024_1_0.txt,barabasi_albert_selective,50,SpecAnn_7,0.4714045207910317,1.0,-257155.0,-134879.0,0.0125715732574462,7,True,79,33,True,14,32,0.9123068451881408,217.1275634765625,-4938109.886634116,2025-11-18 02:14:52
ba_1024_1_0.txt,barabasi_albert_selective,50,SpecAnn_7,0.4879500364742666,1.0,-253412.99999999997,-140029.00000000003,0.014298677444458,7,True,79,33,True,15,32,0.909362256526947,205.9025115966797,-4667705.276200584,2025-11-18 02:14:52
ba_1024_1_0.txt,barabasi_albert_selective,50,SpecAnn_7,0.5039526306789697,1.0,-254521.0,-142759.00000000003,0.0127379894256591,7,True,79,33,True,16,32,0.9063928127288818,195.61834716796875,-4420087.7962360745,2025-11-18 02:14:52
ba_1024_1_0.txt,barabasi_albert_selective,50,SpecAnn_7,0.5194624816493197,1.0,-249810.99999999997,-145663.0,0.0127649307250976,7,True,79,33,True,17,32,0.9033937454223632,186.15951538085935,-4192443.096877104,2025-11-18 02:14:52
ba_1024_1_0.txt,barabasi_albert_selective,50,SpecAnn_7,0.5345224838248488,1.0,-253567.0,-147027.0,0.012775182723999,7,True,79,33,True,18,32,0.9003605842590332,177.42950439453125,-3982421.018247129,2025-11-18 02:14:52
ba_1024_1_0.txt,barabasi_albert_selective,50,SpecAnn_7,0.549169647365276,1.0,-253223.0,-148951.0,0.0127840042114257,7,True,79,33,True,19,32,0.8972887992858887,169.3468780517578,-3788037.754709128,2025-11-18 02:14:52
ba_1024_1_0.txt,barabasi_albert_selective,50,SpecAnn_7,0.563436169819011,1.0,-255885.0,-157425.0,0.0127313137054443,7,True,79,33,True,20,32,0.8941746950149536,161.84239196777344,-3607609.495581902,2025-11-18 02:14:52
ba_1024_1_0.txt,barabasi_albert_selective,50,SpecAnn_7,0.5773502691896257,1.0,-252521.0,-160923.0,0.0127580165863037,7,True,79,33,True,21,32,0.8910137414932251,154.85659790039062,-3439687.382928474,2025-11-18 02:14:52
ba_1024_1_0.txt,barabasi_albert_selective,50,SpecAnn_7,0.5909368402852788,1.0,-255377.0,-161469.0,0.0126481056213378,7,True,79,33,True,22,32,0.8878021836280823,148.3381805419922,-3283023.672812292,2025-11-18 02:14:52
ba_1024_1_0.txt,barabasi_albert_selective,50,SpecAnn_7,0.6042179781166438,1.0,-253247.0,-164135.00000000003,0.012542724609375,7,True,79,33,True,23,32,0.88453608751297,142.2425994873047,-3136534.682121972,2025-11-18 02:14:52
ba_1024_1_0.txt,barabasi_albert_selective,50,SpecAnn_7,0.6172133998483676,1.0,-258043.0,-165279.0,0.0124475955963134,7,True,79,33,True,24,32,0.8812112808227539,136.5309295654297,-2999272.688589524,2025-11-18 02:14:52
ba_1024_1_0.txt,barabasi_albert_selective,50,SpecAnn_7,0.629940788348712,1.0,-257955.0,-168076.99999999997,0.0125582218170166,7,True,79,33,True,25,32,0.8778236508369446,131.16900634765625,-2870406.229540808,2025-11-18 02:14:52
ba_1024_1_0.txt,barabasi_albert_selective,50,SpecAnn_7,0.642416074439621,1.0,-258913.0,-169914.99999999997,0.0124592781066894,7,True,79,33,True,26,32,0.8743691444396973,126.12664794921876,-2749201.2627627854,2025-11-18 02:14:52
ba_1024_1_0.txt,barabasi_albert_selective,50,SpecAnn_7,0.6546536707079771,1.0,-260283.0,-173391.0,0.0126197338104248,7,True,79,33,True,27,32,0.8708431124687195,121.3770751953125,-2635005.020949768,2025-11-18 02:14:52
ba_1024_1_0.txt,barabasi_albert_selective,50,SpecAnn_7,0.6666666666666666,1.0,-253695.0,-178281.0,0.0125815868377685,7,True,79,33,True,28,32,0.8672413229942322,116.8965301513672,-2527239.7339438754,2025-11-18 02:14:52
ba_1024_1_0.txt,barabasi_albert_selective,50,SpecAnn_7,0.6784669927988098,1.0,-258725.0,-180785.0,0.0125880241394042,7,True,79,33,True,29,32,0.8635589480400085,112.6637725830078,-2425387.5049157105,2025-11-18 02:14:52
ba_1024_1_0.txt,barabasi_albert_selective,50,SpecAnn_7,0.6900655593423543,1.0,-260295.0,-183721.0,0.012538194656372,7,True,79,33,True,30,32,0.8597908616065979,108.6597137451172,-2328982.573918913,2025-11-18 02:14:52
ba_1024_1_0.txt,barabasi_albert_selective,50,SpecAnn_7,0.7014723744122017,1.0,-260537.0,-186401.0,0.012709617614746,7,True,79,33,True,31,32,0.8559321165084839,104.8672332763672,-2237607.917727672,2025-11-18 02:14:52
ba_1024_1_0.txt,barabasi_albert_selective,50,SpecAnn_7,0.7126966450997984,1.0,-257793.0,-188623.0,0.0126974582672119,7,True,79,33,True,32,32,0.8519771695137024,101.27088165283205,-2150886.063601988,2025-11-18 02:14:52
ba_1024_1_0.txt,barabasi_albert_selective,50,SpecAnn_7,0.7237468644557459,1.0,-256065.0,-190409.0,0.0126450061798095,7,True,79,33,True,33,32,0.8479200005531311,97.85668182373048,-2068474.7433754944,2025-11-18 02:14:52
ba_1024_1_0.txt,barabasi_albert_selective,50,SpecAnn_7,0.7346308866924529,1.0,-258899.0,-193373.00000000003,0.0125212669372558,7,True,79,33,True,34,32,0.8437544703483582,94.6119155883789,-1990062.7930503653,2025-11-18 02:14:52
ba_1024_1_0.txt,barabasi_albert_selective,50,SpecAnn_7,0.7453559924999299,1.0,-258729.0,-196929.0,0.012681245803833,7,True,79,33,True,35,32,0.8394739627838135,91.52508544921876,-1915368.016646061,2025-11-18 02:14:52
ba_1024_1_0.txt,barabasi_albert_selective,50,SpecAnn_7,0.7559289460184544,1.0,-255135.0,-199685.0,0.0124971866607666,7,True,79,33,True,36,32,0.8350713849067688,88.58565521240234,-1844131.394976901,2025-11-18 02:14:52
ba_1024_1_0.txt,barabasi_albert_selective,50,SpecAnn_7,0.7663560447348133,1.0,-261748.99999999997,-204037.0,0.0125918388366699,7,True,79,33,True,37,32,0.830539345741272,85.78402709960938,-1776116.7058673203,2025-11-18 02:14:52
ba_1024_1_0.txt,barabasi_albert_selective,50,SpecAnn_7,0.7766431633476233,1.0,-259673.0,-207847.0,0.012547492980957,7,True,79,33,True,38,32,0.8258703351020813,83.11140441894531,-1711107.6991742763,2025-11-18 02:14:52
ba_1024_1_0.txt,barabasi_albert_selective,50,SpecAnn_7,0.7867957924694432,1.0,-261591.0,-210395.0,0.0126662254333496,7,True,79,33,True,39,32,0.8210563063621521,80.55970764160156,-1648905.1719698596,2025-11-18 02:14:52
ba_1024_1_0.txt,barabasi_albert_selective,50,SpecAnn_7,0.7968190728895957,1.0,-262177.0,-212729.0,0.0127425193786621,7,True,79,33,True,40,32,0.816089928150177,78.12152862548828,-1589328.2693934282,2025-11-18 02:14:52
ba_1024_1_0.txt,barabasi_albert_selective,50,SpecAnn_7,0.8067178260046388,1.0,-261973.0,-215403.00000000003,0.0128147602081298,7,True,79,33,True,41,32,0.8109641671180725,75.7900390625,-1532211.2741849665,2025-11-18 02:14:52
ba_1024_1_0.txt,barabasi_albert_selective,50,SpecAnn_7,0.816496580927726,1.0,-261751.0,-219733.00000000003,0.0127007961273193,7,True,79,33,True,42,32,0.8056731224060059,73.55890655517578,-1477403.0733183215,2025-11-18 02:14:52
ba_1024_1_0.txt,barabasi_albert_selective,50,SpecAnn_7,0.8261595987094035,1.0,-263183.0,-219241.00000000003,0.0125610828399658,7,True,79,33,True,43,32,0.8002122640609741,71.42236328125,-1424768.409024024,2025-11-18 02:14:52
ba_1024_1_0.txt,barabasi_albert_selective,50,SpecAnn_7,0.8357108940373449,1.0,-262585.0,-221231.0,0.0126292705535888,7,True,79,33,True,44,32,0.7945788502693176,69.37496948242188,-1374183.2914925886,2025-11-18 02:14:52
ba_1024_1_0.txt,barabasi_albert_selective,50,SpecAnn_7,0.8451542547285166,1.0,-262805.0,-222149.0,0.0125129222869873,7,True,79,33,True,45,32,0.7887715697288513,67.41175842285156,-1325536.716760203,2025-11-18 02:14:52
ba_1024_1_0.txt,barabasi_albert_selective,50,SpecAnn_7,0.8544932592822077,1.0,-264907.0,-223853.0,0.0241601467132568,7,True,79,65,True,46,32,0.7827906608581543,65.52806854248047,-1278727.07401255,2025-11-18 02:14:52
ba_1024_1_0.txt,barabasi_albert_selective,50,SpecAnn_7,0.8637312927246217,1.0,-261806.99999999997,-225931.0,0.0243463516235351,7,True,79,65,True,47,32,0.7766373753547668,63.71961212158203,-1233662.2286237436,2025-11-18 02:14:52
ba_1024_1_0.txt,barabasi_albert_selective,50,SpecAnn_7,0.8728715609439694,1.0,-263123.0,-227741.0,0.0242269039154052,7,True,79,65,True,48,32,0.7703129649162292,61.98237228393555,-1190255.6705918703,2025-11-18 02:14:52
ba_1024_1_0.txt,barabasi_albert_selective,50,SpecAnn_7,0.8819171036881968,1.0,-262698.99999999994,-232615.00000000003,0.0238494873046875,7,True,79,65,True,49,32,0.7638192772865295,60.31260681152344,-1148427.470497142,2025-11-18 02:14:52
ba_1024_1_0.txt,barabasi_albert_selective,50,SpecAnn_7,0.8908708063747479,1.0,-261423.0,-229769.00000000003,0.0239899158477783,7,True,79,65,True,50,32,0.7571574449539185,58.70684051513672,-1108102.0613269836,2025-11-18 02:14:52
ba_1024_1_0.txt,barabasi_albert_selective,50,SpecAnn_7,0.8997354108424374,1.0,-263055.0,-229697.0,0.0243256092071533,7,True,79,65,True,51,32,0.7503286600112915,57.16180038452149,-1069208.2274256423,2025-11-18 02:14:52
ba_1024_1_0.txt,barabasi_albert_selective,50,SpecAnn_7,0.908513525158996,1.0,-262361.0,-229883.0,0.0244183540344238,7,True,79,65,True,52,32,0.7433331608772278,55.6744384765625,-1031678.0977215668,2025-11-18 02:14:52
ba_1024_1_0.txt,barabasi_albert_selective,50,SpecAnn_7,0.9172076325837248,1.0,-262777.0,-230335.0,0.0241370201110839,7,True,79,65,True,53,32,0.7361711263656616,54.24191284179688,-995448.12738916,2025-11-18 02:14:52
ba_1024_1_0.txt,barabasi_albert_selective,50,SpecAnn_7,0.9258200997725514,1.0,-265067.0,-231043.0,0.0242981910705566,7,True,79,65,True,54,32,0.7288421988487244,52.861549377441406,-960457.7283904412,2025-11-18 02:14:52
ba_1024_1_0.txt,barabasi_albert_selective,50,SpecAnn_7,0.9343531843023136,1.0,-263443.0,-230835.0,0.0242648124694824,7,True,79,65,True,55,32,0.7213454842567444,51.53083038330078,-926649.11616727,2025-11-18 02:14:52
ba_1024_1_0.txt,barabasi_albert_selective,50,SpecAnn_7,0.9428090415820634,1.0,-265315.0,-232379.0,0.0243909358978271,7,True,79,65,True,56,32,0.7136799097061157,50.247406005859375,-893968.0044738392,2025-11-18 02:14:52
ba_1024_1_0.txt,barabasi_albert_selective,50,SpecAnn_7,0.9511897312113418,1.0,-265089.0,-231501.0,0.0242316722869873,7,True,79,65,True,57,32,0.7058440446853638,49.009056091308594,-862362.6741657113,2025-11-18 02:14:52
ba_1024_1_0.txt,barabasi_albert_selective,50,SpecAnn_7,0.959497222838566,1.0,-265925.0,-230821.0,0.0242712497711181,7,True,79,65,True,58,32,0.6978362202644348,47.81371307373047,-831784.5242071258,2025-11-18 02:14:52
ba_1024_1_0.txt,barabasi_albert_selective,50,SpecAnn_7,0.9677334015667416,1.0,-266391.0,-230339.0,0.0242109298706054,7,True,79,65,True,59,32,0.689654529094696,46.65939712524414,-802186.9144231066,2025-11-18 02:14:52
ba_1024_1_0.txt,barabasi_albert_selective,50,SpecAnn_7,0.9759000729485332,1.0,-267793.0,-230427.0,0.0241761207580566,7,True,79,65,True,60,32,0.6812970042228699,45.54427337646485,-773526.3537045494,2025-11-18 02:14:53
ba_1024_1_0.txt,barabasi_albert_selective,50,SpecAnn_7,0.983998967608182,1.0,-265349.0,-231271.0,0.024038553237915,7,True,79,65,True,61,32,0.6727614998817444,44.466590881347656,-745761.2652623903,2025-11-18 02:14:53
ba_1024_1_0.txt,barabasi_albert_selective,50,SpecAnn_7,0.9920317455237933,1.0,-267307.0,-230463.0,0.0239431858062744,7,True,79,65,True,62,32,0.6640456318855286,43.42470169067383,-718852.2320139748,2025-11-18 02:14:53
ba_1024_1_0.txt,barabasi_albert_selective,50,SpecAnn_7,1.0,1.0,-264465.0,-229927.0,0.0238804817199707,7,True,79,65,True,63,32,0.655147135257721,42.41706466674805,-692762.4113549622,2025-11-18 02:14:53
ba_1024_1_0.txt,barabasi_albert_selective,51,SpecAnn_7,0.0,1.0,-254270.99999999997,-87868.99999999999,0.013092041015625,7,True,58,33,True,0,32,0.9629924893379211,1025.0,-24606600.760872662,2025-11-18 02:14:53
ba_1024_1_0.txt,barabasi_albert_selective,51,SpecAnn_7,0.12598815766974242,1.0,-253432.99999999997,-97580.99999999999,0.012723684310913086,7,True,58,33,True,1,32,0.9538714289665222,672.43017578125,-15989758.069098426,2025-11-18 02:14:53
ba_1024_1_0.txt,barabasi_albert_selective,51,SpecAnn_7,0.1781741612749496,1.0,-252733.0,-101507.0,0.012547731399536133,7,True,58,33,True,2,32,0.9493803977966309,565.4488525390625,-13382536.76391403,2025-11-18 02:14:53
ba_1024_1_0.txt,barabasi_albert_selective,51,SpecAnn_7,0.21821789023599236,1.0,-251693.0,-105569.0,0.012536048889160156,7,True,58,33,True,3,32,0.9455981254577637,495.3275146484375,-11676264.198857302,2025-11-18 02:14:53
ba_1024_1_0.txt,barabasi_albert_selective,51,SpecAnn_7,0.25197631533948484,1.0,-251624.99999999994,-108566.99999999999,0.012603998184204102,7,True,58,33,True,4,32,0.9421572089195251,443.18682861328125,-10409145.468655815,2025-11-18 02:14:53
ba_1024_1_0.txt,barabasi_albert_selective,51,SpecAnn_7,0.2817180849095055,1.0,-254421.00000000003,-111164.99999999999,0.012660026550292969,7,True,58,33,True,5,32,0.9389163851737976,401.94000244140625,-9407906.801881231,2025-11-18 02:14:53
ba_1024_1_0.txt,barabasi_albert_selective,51,SpecAnn_7,0.3086066999241838,1.0,-255841.00000000003,-115296.99999999999,0.012708187103271484,7,True,58,33,True,6,32,0.9358033537864685,368.05694580078125,-8586268.65299659,2025-11-18 02:14:53
ba_1024_1_0.txt,barabasi_albert_selective,51,SpecAnn_7,0.3333333333333333,1.0,-257693.0,-116656.99999999999,0.012738704681396484,7,True,58,33,True,7,32,0.9327747225761414,339.49853515625,-7894407.327346315,2025-11-18 02:14:53
ba_1024_1_0.txt,barabasi_albert_selective,51,SpecAnn_7,0.3563483225498992,1.0,-252537.0,-117457.0,0.012712240219116211,7,True,58,33,True,8,32,0.9298024773597717,314.9715576171875,-7300740.209503682,2025-11-18 02:14:53
ba_1024_1_0.txt,barabasi_albert_selective,51,SpecAnn_7,0.3779644730092272,1.0,-253697.00000000003,-119415.0,0.012735128402709961,7,True,58,33,True,9,32,0.9268664121627808,293.6013488769531,-6783909.54574574,2025-11-18 02:14:53
ba_1024_1_0.txt,barabasi_albert_selective,51,SpecAnn_7,0.3984095364447979,1.0,-253782.99999999997,-122802.99999999999,0.012703180313110352,7,True,58,33,True,10,32,0.9239518046379089,274.7672119140625,-6328766.644630584,2025-11-18 02:14:53
ba_1024_1_0.txt,barabasi_albert_selective,51,SpecAnn_7,0.41785544701867244,1.0,-249841.0,-124243.0,0.012704610824584961,7,True,58,33,True,11,32,0.9210471510887146,258.01239013671875,-5924166.870066817,2025-11-18 02:14:53
ba_1024_1_0.txt,barabasi_albert_selective,51,SpecAnn_7,0.4364357804719847,1.0,-250245.0,-129827.0,0.012697458267211914,7,True,58,33,True,12,32,0.9181429743766785,242.99057006835938,-5561662.012684093,2025-11-18 02:14:53
ba_1024_1_0.txt,barabasi_albert_selective,51,SpecAnn_7,0.45425676257949793,1.0,-254608.99999999997,-133413.0,0.012752532958984375,7,True,58,33,True,13,32,0.9152318239212036,229.4331817626953,-5234704.832309614,2025-11-18 02:14:53
ba_1024_1_0.txt,barabasi_albert_selective,51,SpecAnn_7,0.4714045207910317,1.0,-252325.0,-134879.0,0.012770414352416992,7,True,58,33,True,14,32,0.9123068451881409,217.1275634765625,-4938109.886634116,2025-11-18 02:14:53
ba_1024_1_0.txt,barabasi_albert_selective,51,SpecAnn_7,0.4879500364742666,1.0,-252074.99999999994,-140029.00000000003,0.0127105712890625,7,True,58,33,True,15,32,0.9093621969223022,205.9025115966797,-4667704.970253298,2025-11-18 02:14:53
ba_1024_1_0.txt,barabasi_albert_selective,51,SpecAnn_7,0.5039526306789697,1.0,-256545.00000000003,-142759.00000000003,0.012534856796264648,7,True,58,33,True,16,32,0.9063927531242371,195.61834716796875,-4420087.505569866,2025-11-18 02:14:53
ba_1024_1_0.txt,barabasi_albert_selective,51,SpecAnn_7,0.5194624816493197,1.0,-257212.99999999997,-145663.0,0.012544393539428711,7,True,58,33,True,17,32,0.9033937454223633,186.15951538085938,-4192443.096877104,2025-11-18 02:14:53
ba_1024_1_0.txt,barabasi_albert_selective,51,SpecAnn_7,0.5345224838248488,1.0,-251463.0,-147027.0,0.012574434280395508,7,True,58,33,True,18,32,0.9003605246543884,177.42950439453125,-3982420.754607433,2025-11-18 02:14:53
ba_1024_1_0.txt,barabasi_albert_selective,51,SpecAnn_7,0.549169647365276,1.0,-253510.99999999997,-148951.0,0.01267242431640625,7,True,58,33,True,19,32,0.8972889184951782,169.3468780517578,-3788038.2579688258,2025-11-18 02:14:53
ba_1024_1_0.txt,barabasi_albert_selective,51,SpecAnn_7,0.563436169819011,1.0,-249829.0,-157425.0,0.012763023376464844,7,True,58,33,True,20,32,0.8941746354103088,161.84239196777344,-3607609.255102851,2025-11-18 02:14:53
ba_1024_1_0.txt,barabasi_albert_selective,51,SpecAnn_7,0.5773502691896257,1.0,-254245.00000000003,-160923.0,0.012767791748046875,7,True,58,33,True,21,32,0.8910136818885803,154.85659790039062,-3439687.1528295036,2025-11-18 02:14:53
ba_1024_1_0.txt,barabasi_albert_selective,51,SpecAnn_7,0.5909368402852788,1.0,-255583.00000000003,-161469.0,0.012871742248535156,7,True,58,33,True,22,32,0.887802243232727,148.3381805419922,-3283023.893225649,2025-11-18 02:14:53
ba_1024_1_0.txt,barabasi_albert_selective,51,SpecAnn_7,0.6042179781166438,1.0,-255458.99999999997,-164135.00000000003,0.012494325637817383,7,True,58,33,True,23,32,0.88453608751297,142.2425994873047,-3136534.6821219716,2025-11-18 02:14:53
ba_1024_1_0.txt,barabasi_albert_selective,51,SpecAnn_7,0.6172133998483676,1.0,-256646.99999999997,-165279.0,0.012564897537231445,7,True,58,33,True,24,32,0.8812112808227539,136.5309295654297,-2999272.688589524,2025-11-18 02:14:53
ba_1024_1_0.txt,barabasi_albert_selective,51,SpecAnn_7,0.629940788348712,1.0,-252806.99999999994,-168076.99999999997,0.012532949447631836,7,True,58,33,True,25,32,0.8778236508369446,131.16900634765625,-2870406.2295408077,2025-11-18 02:14:53
ba_1024_1_0.txt,barabasi_albert_selective,51,SpecAnn_7,0.642416074439621,1.0,-251540.99999999994,-169914.99999999997,0.012578487396240234,7,True,58,33,True,26,32,0.8743690848350525,126.12664794921875,-2749201.0753531936,2025-11-18 02:14:53
ba_1024_1_0.txt,barabasi_albert_selective,51,SpecAnn_7,0.6546536707079771,1.0,-256761.00000000003,-173391.0,0.012729883193969727,7,True,58,33,True,27,32,0.8708431124687195,121.3770751953125,-2635005.020949768,2025-11-18 02:14:53
ba_1024_1_0.txt,barabasi_albert_selective,51,SpecAnn_7,0.6666666666666666,1.0,-256472.99999999997,-178281.0,0.012739896774291992,7,True,58,33,True,28,32,0.8672413229942322,116.89653015136719,-2527239.7339438754,2025-11-18 02:14:53
ba_1024_1_0.txt,barabasi_albert_selective,51,SpecAnn_7,0.6784669927988098,1.0,-258083.0,-180784.99999999997,0.012774944305419922,7,True,58,33,True,29,32,0.8635588884353638,112.66377258300781,-2425387.337510392,2025-11-18 02:14:53
ba_1024_1_0.txt,barabasi_albert_selective,51,SpecAnn_7,0.6900655593423543,1.0,-260063.0,-183721.0,0.012832164764404297,7,True,58,33,True,30,32,0.8597908616065979,108.65971374511719,-2328982.573918913,2025-11-18 02:14:53
ba_1024_1_0.txt,barabasi_albert_selective,51,SpecAnn_7,0.7014723744122017,1.0,-255887.00000000003,-186400.99999999997,0.012824058532714844,7,True,58,33,True,31,32,0.8559321165084839,104.86723327636719,-2237607.917727672,2025-11-18 02:14:53
ba_1024_1_0.txt,barabasi_albert_selective,51,SpecAnn_7,0.7126966450997984,1.0,-260403.0,-188623.0,0.012624740600585938,7,True,58,33,True,32,32,0.8519771695137024,101.27088165283203,-2150886.063601988,2025-11-18 02:14:53
ba_1024_1_0.txt,barabasi_albert_selective,51,SpecAnn_7,0.7237468644557459,1.0,-258889.0,-190409.0,0.012558937072753906,7,True,58,33,True,33,32,0.8479200005531311,97.85668182373047,-2068474.7433754944,2025-11-18 02:14:53
ba_1024_1_0.txt,barabasi_albert_selective,51,SpecAnn_7,0.7346308866924529,1.0,-260207.0,-193373.00000000003,0.012527942657470703,7,True,58,33,True,34,32,0.8437544107437134,94.6119155883789,-1990062.652468016,2025-11-18 02:14:53
ba_1024_1_0.txt,barabasi_albert_selective,51,SpecAnn_7,0.7453559924999299,1.0,-256592.99999999997,-196929.0,0.012738943099975586,7,True,58,33,True,35,32,0.8394739031791687,91.52508544921875,-1915367.880650384,2025-11-18 02:14:53
ba_1024_1_0.txt,barabasi_albert_selective,51,SpecAnn_7,0.7559289460184544,1.0,-258514.99999999997,-199685.0,0.012798070907592773,7,True,58,33,True,36,32,0.8350713849067688,88.58565521240234,-1844131.394976901,2025-11-18 02:14:53
ba_1024_1_0.txt,barabasi_albert_selective,51,SpecAnn_7,0.7663560447348133,1.0,-261001.0,-204036.99999999997,0.012833833694458008,7,True,58,33,True,37,32,0.830539345741272,85.78402709960938,-1776116.7058673203,2025-11-18 02:14:53
ba_1024_1_0.txt,barabasi_albert_selective,51,SpecAnn_7,0.7766431633476233,1.0,-260415.0,-207846.99999999997,0.012776613235473633,7,True,58,33,True,38,32,0.8258702754974365,83.11140441894531,-1711107.5756803546,2025-11-18 02:14:53
ba_1024_1_0.txt,barabasi_albert_selective,51,SpecAnn_7,0.7867957924694432,1.0,-259879.0,-210394.99999999997,0.012754678726196289,7,True,58,33,True,39,32,0.8210562467575073,80.55970764160156,-1648905.0522674636,2025-11-18 02:14:53
ba_1024_1_0.txt,barabasi_albert_selective,51,SpecAnn_7,0.7968190728895957,1.0,-260116.99999999997,-212729.0,0.012560367584228516,7,True,58,33,True,40,32,0.8160898685455322,78.12152862548828,-1589328.153313884,2025-11-18 02:14:53
ba_1024_1_0.txt,barabasi_albert_selective,51,SpecAnn_7,0.8067178260046388,1.0,-261269.0,-215403.00000000003,0.012558937072753906,7,True,58,33,True,41,32,0.8109641671180725,75.7900390625,-1532211.2741849665,2025-11-18 02:14:53
ba_1024_1_0.txt,barabasi_albert_selective,51,SpecAnn_7,0.816496580927726,1.0,-263139.0,-219733.00000000003,0.012577295303344727,7,True,58,33,True,42,32,0.8056731224060059,73.55890655517578,-1477403.0733183215,2025-11-18 02:14:53
ba_1024_1_0.txt,barabasi_albert_selective,51,SpecAnn_7,0.8261595987094035,1.0,-264355.0,-219241.00000000003,0.012745141983032227,7,True,58,33,True,43,32,0.8002122640609741,71.42236328125,-1424768.4090240241,2025-11-18 02:14:53
ba_1024_1_0.txt,barabasi_albert_selective,51,SpecAnn_7,0.8357108940373449,1.0,-262797.0,-221231.0,0.012778282165527344,7,True,58,33,True,44,32,0.7945788502693176,69.37496948242188,-1374183.2914925886,2025-11-18 02:14:53
ba_1024_1_0.txt,barabasi_albert_selective,51,SpecAnn_7,0.8451542547285166,1.0,-262124.99999999994,-222149.0,0.012752056121826172,7,True,58,33,True,45,32,0.7887716293334961,67.41175842285156,-1325536.8169262689,2025-11-18 02:14:53
ba_1024_1_0.txt,barabasi_albert_selective,51,SpecAnn_7,0.8544932592822077,1.0,-263587.0,-223853.0,0.024445533752441406,7,True,58,65,True,46,32,0.7827906608581543,65.52806854248047,-1278727.07401255,2025-11-18 02:14:53
ba_1024_1_0.txt,barabasi_albert_selective,51,SpecAnn_7,0.8637312927246217,1.0,-262518.99999999994,-225931.0,0.023888349533081055,7,True,58,65,True,47,32,0.7766373753547668,63.71961212158203,-1233662.2286237436,2025-11-18 02:14:53
ba_1024_1_0.txt,barabasi_albert_selective,51,SpecAnn_7,0.8728715609439694,1.0,-263685.0,-227741.0,0.024060487747192383,7,True,58,65,True,48,32,0.7703129649162292,61.98237228393555,-1190255.6705918703,2025-11-18 02:14:53
ba_1024_1_0.txt,barabasi_albert_selective,51,SpecAnn_7,0.8819171036881968,1.0,-262607.0,-232615.00000000003,0.02400684356689453,7,True,58,65,True,49,32,0.7638192772865295,60.31260681152344,-1148427.470497142,2025-11-18 02:14:53
ba_1024_1_0.txt,barabasi_albert_selective,51,SpecAnn_7,0.8908708063747479,1.0,-263265.0,-229769.00000000003,0.023943424224853516,7,True,58,65,True,50,32,0.7571574449539185,58.70684051513672,-1108102.0613269836,2025-11-18 02:14:53
ba_1024_1_0.txt,barabasi_albert_selective,51,SpecAnn_7,0.8997354108424374,1.0,-263711.0,-229696.99999999997,0.02396678924560547,7,True,58,65,True,51,32,0.7503286600112915,57.161800384521484,-1069208.2274256423,2025-11-18 02:14:53
ba_1024_1_0.txt,barabasi_albert_selective,51,SpecAnn_7,0.9085135251589959,1.0,-261958.99999999994,-229882.99999999997,0.024147987365722656,7,True,58,65,True,52,32,0.7433331608772278,55.6744384765625,-1031678.0977215667,2025-11-18 02:14:53
ba_1024_1_0.txt,barabasi_albert_selective,51,SpecAnn_7,0.9172076325837248,1.0,-262587.0,-230334.99999999997,0.024412155151367188,7,True,58,65,True,53,32,0.7361711263656616,54.241912841796875,-995448.1273891601,2025-11-18 02:14:53
ba_1024_1_0.txt,barabasi_albert_selective,51,SpecAnn_7,0.9258200997725514,1.0,-263524.99999999994,-231042.99999999997,0.024384737014770508,7,True,58,65,True,54,32,0.7288421988487244,52.861549377441406,-960457.7283904412,2025-11-18 02:14:54
ba_1024_1_0.txt,barabasi_albert_selective,51,SpecAnn_7,0.9343531843023135,1.0,-262191.0,-230834.99999999997,0.024017333984375,7,True,58,65,True,55,32,0.7213454842567444,51.53083038330078,-926649.1161672699,2025-11-18 02:14:54
ba_1024_1_0.txt,barabasi_albert_selective,51,SpecAnn_7,0.9428090415820634,1.0,-263102.99999999994,-232378.99999999997,0.023979663848876953,7,True,58,65,True,56,32,0.7136799693107605,50.247406005859375,-893968.0791356653,2025-11-18 02:14:54
ba_1024_1_0.txt,barabasi_albert_selective,51,SpecAnn_7,0.9511897312113418,1.0,-265001.0,-231500.99999999997,0.024135828018188477,7,True,58,65,True,57,32,0.7058440446853638,49.009056091308594,-862362.6741657113,2025-11-18 02:14:54
ba_1024_1_0.txt,barabasi_albert_selective,51,SpecAnn_7,0.9594972228385659,1.0,-265778.99999999994,-230820.99999999997,0.0242006778717041,7,True,58,65,True,58,32,0.6978362202644348,47.81371307373047,-831784.5242071258,2025-11-18 02:14:54
ba_1024_1_0.txt,barabasi_albert_selective,51,SpecAnn_7,0.9677334015667417,1.0,-262961.0,-230338.99999999997,0.024140119552612305,7,True,58,65,True,59,32,0.689654529094696,46.65939712524414,-802186.9144231066,2025-11-18 02:14:54
ba_1024_1_0.txt,barabasi_albert_selective,51,SpecAnn_7,0.9759000729485332,1.0,-267091.0,-230426.99999999997,0.0239560604095459,7,True,58,65,True,60,32,0.6812970042228699,45.544273376464844,-773526.3537045494,2025-11-18 02:14:54
ba_1024_1_0.txt,barabasi_albert_selective,51,SpecAnn_7,0.9839989676081821,1.0,-265407.0,-231270.99999999997,0.02420949935913086,7,True,58,65,True,61,32,0.6727614402770996,44.466590881347656,-745761.1991901859,2025-11-18 02:14:54
ba_1024_1_0.txt,barabasi_albert_selective,51,SpecAnn_7,0.9920317455237933,1.0,-261869.0,-230462.99999999997,0.024072647094726562,7,True,58,65,True,62,32,0.6640456318855286,43.42470169067383,-718852.2320139748,2025-11-18 02:14:54
ba_1024_1_0.txt,barabasi_albert_selective,51,SpecAnn_7,1.0,1.0,-261224.99999999997,-229926.99999999997,0.02418231964111328,7,True,58,65,True,63,32,0.6551471948623657,42.41706466674805,-692762.474381808,2025-11-18 02:14:54
