instance_name,dataset,seed,solver_name,alpha,beta,energy,raw_energy,time,mode,use_local_search,local_search_iterations,eigsh_iterations,warm_start,alpha_index,precision,lambda1,degree_scale,energy_bound,timestamp
er_1024_1_6.txt,erdos_renyi_10ins_m20,42,SpecAnn,0.0,1.0,-275124.0,-80991.99999999999,0.0134313106536865,0,True,66,33,True,0,32,0.9634751677513124,1025.0,-26299764.872194827,2025-11-20 19:16:25
er_1024_1_6.txt,erdos_renyi_10ins_m20,42,SpecAnn,0.0887356509416113,1.0,-271153.99999999994,-84691.99999999999,0.0127782821655273,0,True,66,33,True,1,32,0.9576043486595154,767.2249145507812,-19565740.163013622,2025-11-20 19:16:25
er_1024_1_6.txt,erdos_renyi_10ins_m20,42,SpecAnn,0.1254911610276317,1.0,-271422.0,-87529.99999999999,0.0126943588256835,0,True,66,33,True,2,32,0.954878270626068,680.5494995117188,-17305940.415704597,2025-11-20 19:16:25
er_1024_1_6.txt,erdos_renyi_10ins_m20,42,SpecAnn,0.1536946558735679,1.0,-270556.00000000006,-90910.0,0.0126287937164306,0,True,66,33,True,3,32,0.9526553750038148,620.7681274414062,-15748990.001024071,2025-11-20 19:16:25
er_1024_1_6.txt,erdos_renyi_10ins_m20,42,SpecAnn,0.1774713018832227,1.0,-269831.99999999994,-92586.0,0.0126998424530029,0,True,66,33,True,4,32,0.95068621635437,574.4864501953125,-14544689.748408902,2025-11-20 19:16:25
er_1024_1_6.txt,erdos_renyi_10ins_m20,42,SpecAnn,0.1984189475331362,1.0,-272470.0,-94044.0,0.0126552581787109,0,True,66,33,True,5,32,0.9488748908042908,536.592041015625,-13559405.72119314,2025-11-20 19:16:25
er_1024_1_6.txt,erdos_renyi_10ins_m20,42,SpecAnn,0.2173570668006655,1.0,-272470.0,-94044.0,0.0126833915710449,0,True,66,33,True,6,32,0.9471722841262816,504.4988403320313,-12725551.950593948,2025-11-20 19:16:25
er_1024_1_6.txt,erdos_renyi_10ins_m20,42,SpecAnn,0.2347724648169381,1.0,-271410.0,-96366.0,0.0128343105316162,0,True,66,33,True,7,32,0.945549249649048,476.6909790039063,-12003518.39253178,2025-11-20 19:16:25
er_1024_1_6.txt,erdos_renyi_10ins_m20,42,SpecAnn,0.2509823220552634,1.0,-268773.99999999994,-98432.0,0.0127828121185302,0,True,66,33,True,8,32,0.9439867734909058,452.1938171386719,-11367841.347180454,2025-11-20 19:16:25
er_1024_1_6.txt,erdos_renyi_10ins_m20,42,SpecAnn,0.2662069528248341,1.0,-274415.99999999994,-99842.0,0.0126993656158447,0,True,66,33,True,9,32,0.94247168302536,430.3389587402344,-10801061.77099088,2025-11-20 19:16:25
er_1024_1_6.txt,erdos_renyi_10ins_m20,42,SpecAnn,0.2806067666331568,1.0,-274415.99999999994,-99842.0,0.0126838684082031,0,True,66,33,True,10,32,0.9409946203231812,410.6458740234375,-10290632.733459214,2025-11-20 19:16:25
er_1024_1_6.txt,erdos_renyi_10ins_m20,42,SpecAnn,0.2943028597012718,1.0,-274415.99999999994,-99842.0,0.0128209590911865,0,True,66,33,True,11,32,0.9395481944084167,392.7565002441406,-9827202.796678305,2025-11-20 19:16:25
er_1024_1_6.txt,erdos_renyi_10ins_m20,42,SpecAnn,0.3073893117471359,1.0,-271256.0,-102108.0,0.0127534866333007,0,True,66,33,True,12,32,0.9381267428398132,376.395751953125,-9403590.407785583,2025-11-20 19:16:25
er_1024_1_6.txt,erdos_renyi_10ins_m20,42,SpecAnn,0.3199409394316542,1.0,-271256.0,-102108.0,0.0127093791961669,0,True,66,33,True,13,32,0.9367257356643676,361.347900390625,-9014164.150335811,2025-11-20 19:16:25
er_1024_1_6.txt,erdos_renyi_10ins_m20,42,SpecAnn,0.3320184038158743,1.0,-272008.0,-106956.0,0.0126998424530029,0,True,66,33,True,14,32,0.9353416562080384,347.4398803710937,-8654409.042285282,2025-11-20 19:16:25
er_1024_1_6.txt,erdos_renyi_10ins_m20,42,SpecAnn,0.3436716983117353,1.0,-273110.0,-109772.0,0.0127043724060058,0,True,66,33,True,15,32,0.9339712262153624,334.53082275390625,-8320647.235777141,2025-11-20 19:16:25
er_1024_1_6.txt,erdos_renyi_10ins_m20,42,SpecAnn,0.3549426037664455,1.0,-269252.0,-112102.0,0.0126824378967285,0,True,66,33,True,16,32,0.9326120018959044,322.5045166015625,-8009848.022831857,2025-11-20 19:16:25
er_1024_1_6.txt,erdos_renyi_10ins_m20,42,SpecAnn,0.3658664615902029,1.0,-270858.0,-113292.0,0.0127627849578857,0,True,66,33,True,17,32,0.931261658668518,311.263671875,-7719472.666828812,2025-11-20 19:16:25
er_1024_1_6.txt,erdos_renyi_10ins_m20,42,SpecAnn,0.3764734830828951,1.0,-270858.0,-113292.0,0.0129728317260742,0,True,66,33,True,18,32,0.9299185276031494,300.7261657714844,-7447381.341238384,2025-11-20 19:16:25
er_1024_1_6.txt,erdos_renyi_10ins_m20,42,SpecAnn,0.3867897351437838,1.0,-271034.0,-117304.0,0.0128898620605468,0,True,66,33,True,19,32,0.9285805225372314,290.8218994140625,-7191742.863287615,2025-11-20 19:16:25
er_1024_1_6.txt,erdos_renyi_10ins_m20,42,SpecAnn,0.3968378950662725,1.0,-271274.0,-119330.0,0.0128059387207031,0,True,66,33,True,20,32,0.9272464513778688,281.49072265625,-6950991.229340113,2025-11-20 19:16:25
er_1024_1_6.txt,erdos_renyi_10ins_m20,42,SpecAnn,0.4066378372811136,1.0,-270473.99999999994,-123786.0,0.0128090381622314,0,True,66,33,True,21,32,0.9259148836135864,272.6803283691406,-6723762.243859363,2025-11-20 19:16:25
er_1024_1_6.txt,erdos_renyi_10ins_m20,42,SpecAnn,0.4162070956347247,1.0,-275953.99999999994,-124582.0,0.0127441883087158,0,True,66,33,True,22,32,0.924584686756134,264.3451843261719,-6508869.6460486,2025-11-20 19:16:25
er_1024_1_6.txt,erdos_renyi_10ins_m20,42,SpecAnn,0.4255612320274539,1.0,-273648.0,-126184.00000000004,0.0126843452453613,0,True,66,33,True,23,32,0.9232546091079712,256.44537353515625,-6305272.020046029,2025-11-20 19:16:25
er_1024_1_6.txt,erdos_renyi_10ins_m20,42,SpecAnn,0.434714133601331,1.0,-272411.99999999994,-127795.99999999996,0.0126259326934814,0,True,66,33,True,24,32,0.9219237565994264,248.9456481933593,-6112051.706884244,2025-11-20 19:16:25
er_1024_1_6.txt,erdos_renyi_10ins_m20,42,SpecAnn,0.4436782547080569,1.0,-275253.99999999994,-127913.99999999996,0.0126953125,0,True,66,33,True,25,32,0.9205910563468932,241.81466674804688,-5928391.343751276,2025-11-20 19:16:25
er_1024_1_6.txt,erdos_renyi_10ins_m20,42,SpecAnn,0.4524648157026343,1.0,-275453.99999999994,-129124.0,0.0125477313995361,0,True,66,33,True,26,32,0.919255793094635,235.02456665039065,-5753566.149910679,2025-11-20 19:16:25
er_1024_1_6.txt,erdos_renyi_10ins_m20,42,SpecAnn,0.4610839676207039,1.0,-273137.99999999994,-131024.0,0.0126545429229736,0,True,66,33,True,27,32,0.917917013168335,228.55047607421875,-5586927.3529572375,2025-11-20 19:16:25
er_1024_1_6.txt,erdos_renyi_10ins_m20,42,SpecAnn,0.4695449296338763,1.0,-272594.0,-132487.99999999997,0.0126042366027832,0,True,66,33,True,28,32,0.9165739417076112,222.36993408203125,-5427890.127265816,2025-11-20 19:16:25
er_1024_1_6.txt,erdos_renyi_10ins_m20,42,SpecAnn,0.4778561045889373,1.0,-272594.0,-132487.99999999997,0.0126516819000244,0,True,66,33,True,29,32,0.915225863456726,216.46275329589844,-5275928.935371842,2025-11-20 19:16:25
er_1024_1_6.txt,erdos_renyi_10ins_m20,42,SpecAnn,0.4860251767562508,1.0,-272594.0,-132487.99999999997,0.0128095149993896,0,True,66,33,True,30,32,0.913872003555298,210.8106384277344,-5130567.089741119,2025-11-20 19:16:25
er_1024_1_6.txt,erdos_renyi_10ins_m20,42,SpecAnn,0.4940591950252281,1.0,-272568.0,-133465.99999999997,0.012801170349121,0,True,66,33,True,31,32,0.9125117659568788,205.3970184326172,-4991373.657001566,2025-11-20 19:16:25
er_1024_1_6.txt,erdos_renyi_10ins_m20,42,SpecAnn,0.5019646441105269,1.0,-272759.99999999994,-134998.00000000003,0.0128371715545654,0,True,66,33,True,32,32,0.9111442565917968,200.20681762695312,-4857954.903553454,2025-11-20 19:16:25
er_1024_1_6.txt,erdos_renyi_10ins_m20,42,SpecAnn,0.5097475058154177,1.0,-271724.0,-136660.0,0.0128705501556396,0,True,66,33,True,33,32,0.9097690582275392,195.2261962890625,-4729951.956198836,2025-11-20 19:16:25
er_1024_1_6.txt,erdos_renyi_10ins_m20,42,SpecAnn,0.51741331199832,1.0,-272775.99999999994,-139740.0,0.0127954483032226,0,True,66,33,True,34,32,0.9083853960037231,190.442626953125,-4607037.863615505,2025-11-20 19:16:25
er_1024_1_6.txt,erdos_renyi_10ins_m20,42,SpecAnn,0.5249671905758515,1.0,-274198.0,-142562.0,0.0127043724060058,0,True,66,33,True,35,32,0.9069926142692566,185.844467163086,-4488909.618917379,2025-11-20 19:16:25
er_1024_1_6.txt,erdos_renyi_10ins_m20,42,SpecAnn,0.5324139056496683,1.0,-273250.0,-147054.0,0.0126371383666992,0,True,66,33,True,36,32,0.9055901169776917,181.421142578125,-4375292.042211665,2025-11-20 19:16:25
er_1024_1_6.txt,erdos_renyi_10ins_m20,42,SpecAnn,0.5397578926492556,1.0,-273071.99999999994,-148998.0,0.0126876831054687,0,True,66,33,True,37,32,0.9041773080825806,177.1627960205078,-4265928.811932226,2025-11-20 19:16:25
er_1024_1_6.txt,erdos_renyi_10ins_m20,42,SpecAnn,0.5470032892270364,1.0,-273679.99999999994,-151447.99999999997,0.0128204822540283,0,True,66,33,True,38,32,0.9027534127235411,173.06044006347656,-4160585.174457236,2025-11-20 19:16:25
er_1024_1_6.txt,erdos_renyi_10ins_m20,42,SpecAnn,0.554153962516942,1.0,-273023.99999999994,-152690.0,0.0126464366912841,0,True,66,33,True,39,32,0.901317834854126,169.1056365966797,-4059041.793669424,2025-11-20 19:16:25
er_1024_1_6.txt,erdos_renyi_10ins_m20,42,SpecAnn,0.5612135332663137,1.0,-271581.99999999994,-154985.99999999997,0.0126857757568359,0,True,66,33,True,40,32,0.8998700976371765,165.29066467285156,-3961098.310357383,2025-11-20 19:16:25
er_1024_1_6.txt,erdos_renyi_10ins_m20,42,SpecAnn,0.5681853972686127,1.0,-270614.0,-156259.99999999997,0.0127437114715576,0,True,66,33,True,41,32,0.8984093070030212,161.6083221435547,-3866566.093739249,2025-11-20 19:16:25
er_1024_1_6.txt,erdos_renyi_10ins_m20,42,SpecAnn,0.5750727444570146,1.0,-274004.0,-158300.0,0.0126481056213378,0,True,66,33,True,42,32,0.8969349265098572,158.0518798828125,-3775270.513503066,2025-11-20 19:16:25
er_1024_1_6.txt,erdos_renyi_10ins_m20,42,SpecAnn,0.5818785759635375,1.0,-272962.0,-159108.0,0.0127735137939453,0,True,66,33,True,43,32,0.8954463005065918,154.61514282226562,-3687050.169577313,2025-11-20 19:16:25
er_1024_1_6.txt,erdos_renyi_10ins_m20,42,SpecAnn,0.5886057194025436,1.0,-273338.0,-159863.99999999997,0.0126991271972656,0,True,66,33,True,44,32,0.8939427733421326,151.29229736328125,-3601753.6930128285,2025-11-20 19:16:25
er_1024_1_6.txt,erdos_renyi_10ins_m20,42,SpecAnn,0.5952568425994088,1.0,-274932.0,-161796.0,0.0129108428955078,0,True,66,33,True,45,32,0.8924235105514526,148.07781982421875,-3519236.791503977,2025-11-20 19:16:25
er_1024_1_6.txt,erdos_renyi_10ins_m20,42,SpecAnn,0.6018344659534288,1.0,-272672.0,-164040.0,0.0128858089447021,0,True,66,33,True,46,32,0.8908878564834595,144.9667205810547,-3439369.441352895,2025-11-20 19:16:25
er_1024_1_6.txt,erdos_renyi_10ins_m20,42,SpecAnn,0.6083409735974393,1.0,-271826.0,-165392.0,0.012855052947998,0,True,66,33,True,47,32,0.8893351554870605,141.9541778564453,-3362026.3563035065,2025-11-20 19:16:25
er_1024_1_6.txt,erdos_renyi_10ins_m20,42,SpecAnn,0.6147786234942719,1.0,-273216.0,-171784.0,0.0128350257873535,0,True,66,33,True,48,32,0.8877646327018738,139.0357666015625,-3287091.9268919784,2025-11-20 19:16:25
er_1024_1_6.txt,erdos_renyi_10ins_m20,42,SpecAnn,0.6211495565912796,1.0,-275882.0,-177283.99999999997,0.0128226280212402,0,True,66,33,True,49,32,0.8861754536628723,136.20726013183594,-3214455.7217975995,2025-11-20 19:16:25
er_1024_1_6.txt,erdos_renyi_10ins_m20,42,SpecAnn,0.6274558051381586,1.0,-273084.0,-177808.0,0.0126361846923828,0,True,66,33,True,50,32,0.8845668435096741,133.46470642089844,-3144014.690569313,2025-11-20 19:16:25
er_1024_1_6.txt,erdos_renyi_10ins_m20,42,SpecAnn,0.6336993002596786,1.0,-275336.0,-179523.99999999997,0.0127820968627929,0,True,66,33,True,51,32,0.882938027381897,130.80442810058594,-3075672.8772659493,2025-11-20 19:16:25
er_1024_1_6.txt,erdos_renyi_10ins_m20,42,SpecAnn,0.6398818788633085,1.0,-275876.0,-181162.00000000003,0.012629747390747,0,True,66,33,True,52,32,0.8812881708145142,128.222900390625,-3009338.2951770914,2025-11-20 19:16:25
er_1024_1_6.txt,erdos_renyi_10ins_m20,42,SpecAnn,0.6460052899517691,1.0,-276198.0,-183452.0,0.012744665145874,0,True,66,33,True,53,32,0.8796163201332092,125.71683502197266,-2944924.682675673,2025-11-20 19:16:25
er_1024_1_6.txt,erdos_renyi_10ins_m20,42,SpecAnn,0.6520712004019966,1.0,-275226.0,-190542.0,0.0127100944519042,0,True,66,33,True,54,32,0.8779217004776001,123.28311157226562,-2882350.86460254,2025-11-20 19:16:25
er_1024_1_6.txt,erdos_renyi_10ins_m20,42,SpecAnn,0.6580812002646271,1.0,-275179.99999999994,-193956.0,0.012622594833374,0,True,66,33,True,55,32,0.8762034177780151,120.91880798339844,-2821540.4109010366,2025-11-20 19:16:25
er_1024_1_6.txt,erdos_renyi_10ins_m20,42,SpecAnn,0.6640368076317485,1.0,-275448.0,-194808.0,0.0126605033874511,0,True,66,33,True,56,32,0.8744604587554932,118.62110900878906,-2762419.499642293,2025-11-20 19:16:25
er_1024_1_6.txt,erdos_renyi_10ins_m20,42,SpecAnn,0.6699394731151429,1.0,-277670.00000000006,-196532.0,0.0127925872802734,0,True,66,33,True,57,32,0.8726919293403625,116.3874282836914,-2704920.5058897515,2025-11-20 19:16:25
er_1024_1_6.txt,erdos_renyi_10ins_m20,42,SpecAnn,0.6757905839724513,1.0,-274633.99999999994,-198826.0,0.0126163959503173,0,True,66,33,True,58,32,0.8708968758583069,114.2152328491211,-2648977.300108557,2025-11-20 19:16:25
er_1024_1_6.txt,erdos_renyi_10ins_m20,42,SpecAnn,0.6815914679145113,1.0,-274569.9999999999,-199534.0,0.0127203464508056,0,True,66,33,True,59,32,0.8690743446350098,112.10218811035156,-2594528.787872095,2025-11-20 19:16:25
er_1024_1_6.txt,erdos_renyi_10ins_m20,42,SpecAnn,0.6873433966234707,1.0,-275420.0,-202042.0,0.0125727653503417,0,True,66,33,True,60,32,0.86722332239151,110.04600524902344,-2541515.1651909733,2025-11-20 19:16:25
er_1024_1_6.txt,erdos_renyi_10ins_m20,42,SpecAnn,0.6930475890080863,1.0,-277908.0,-204704.0,0.0126914978027343,0,True,66,33,True,61,32,0.8653428554534912,108.04460906982422,-2489882.136613481,2025-11-20 19:16:25
er_1024_1_6.txt,erdos_renyi_10ins_m20,42,SpecAnn,0.6987052142198116,1.0,-275176.0,-209340.0,0.0126733779907226,0,True,66,33,True,62,32,0.863431990146637,106.09593200683594,-2439575.943002008,2025-11-20 19:16:25
er_1024_1_6.txt,erdos_renyi_10ins_m20,42,SpecAnn,0.7043173944508145,1.0,-276355.99999999994,-209072.0,0.0126845836639404,0,True,66,33,True,63,32,0.8614897131919861,104.19805145263672,-2390546.347698442,2025-11-20 19:16:25
er_1024_1_6.txt,erdos_renyi_10ins_m20,42,SpecAnn,0.709885207532891,1.0,-275268.0,-213806.0,0.0125739574432373,0,True,66,33,True,64,32,0.8595151901245117,102.34915924072266,-2342746.5682680192,2025-11-20 19:16:25
er_1024_1_6.txt,erdos_renyi_10ins_m20,42,SpecAnn,0.7154096893543218,1.0,-275794.0,-217110.0,0.0128901004791259,0,True,66,33,True,65,32,0.8575075268745422,100.54747009277344,-2296130.4767638426,2025-11-20 19:16:25
er_1024_1_6.txt,erdos_renyi_10ins_m20,42,SpecAnn,0.7208918361100219,1.0,-275933.99999999994,-215198.0,0.0127921104431152,0,True,66,33,True,66,32,0.8554657697677612,98.7913589477539,-2250655.741105705,2025-11-20 19:16:26
er_1024_1_6.txt,erdos_renyi_10ins_m20,42,SpecAnn,0.7263326063988248,1.0,-277615.99999999994,-216092.00000000003,0.0128812789916992,0,True,66,33,True,67,32,0.8533892035484314,97.07920837402344,-2206281.101987952,2025-11-20 19:16:26
er_1024_1_6.txt,erdos_renyi_10ins_m20,42,SpecAnn,0.7317329231804058,1.0,-277658.0,-217228.0,0.0127506256103515,0,True,66,33,True,68,32,0.8512770533561707,95.40953063964844,-2162968.33146066,2025-11-20 19:16:26
er_1024_1_6.txt,erdos_renyi_10ins_m20,42,SpecAnn,0.7370936756031579,1.0,-277107.99999999994,-221630.0,0.0126402378082275,0,True,66,33,True,69,32,0.8491286039352417,93.78086853027344,-2120680.2705842503,2025-11-20 19:16:26
er_1024_1_6.txt,erdos_renyi_10ins_m20,42,SpecAnn,0.7424157207132704,1.0,-277423.99999999994,-223406.0,0.0127995014190673,0,True,66,33,True,70,32,0.8469432592391968,92.19184112548828,-2079381.992399356,2025-11-20 19:16:26
er_1024_1_6.txt,erdos_renyi_10ins_m20,42,SpecAnn,0.7476998850543153,1.0,-277580.0,-224466.0,0.0126161575317382,0,True,66,33,True,71,32,0.844720721244812,90.64112854003906,-2039040.849653013,2025-11-20 19:16:26
er_1024_1_6.txt,erdos_renyi_10ins_m20,42,SpecAnn,0.7529469661657903,1.0,-276149.99999999994,-227752.0,0.0126214027404785,0,True,66,33,True,72,32,0.8424602746963501,89.1274642944336,-1999624.5349855323,2025-11-20 19:16:26
er_1024_1_6.txt,erdos_renyi_10ins_m20,42,SpecAnn,0.7581577339883167,1.0,-277160.0,-230614.0,0.012751817703247,0,True,66,33,True,73,32,0.8401615619659424,87.64964294433594,-1961103.1362103312,2025-11-20 19:16:26
er_1024_1_6.txt,erdos_renyi_10ins_m20,42,SpecAnn,0.7633329321824984,1.0,-274432.0,-234342.00000000003,0.0126092433929443,0,True,66,33,True,74,32,0.8378244042396545,86.20651245117188,-1923448.4738151217,2025-11-20 19:16:26
er_1024_1_6.txt,erdos_renyi_10ins_m20,42,SpecAnn,0.7684732793678399,1.0,-274280.0,-234230.0,0.0127429962158203,0,True,66,33,True,75,32,0.8354486227035522,84.79696655273438,-1886633.4859398955,2025-11-20 19:16:26
er_1024_1_6.txt,erdos_renyi_10ins_m20,42,SpecAnn,0.7735794702875677,1.0,-276860.0,-234674.0,0.012622594833374,0,True,66,33,True,76,32,0.8330341577529907,83.41992950439453,-1850632.15017804,2025-11-20 19:16:26
er_1024_1_6.txt,erdos_renyi_10ins_m20,42,SpecAnn,0.7786521769046981,1.0,-273614.0,-234200.0,0.0243730545043945,0,True,66,65,True,77,32,0.8305807113647461,82.07440948486328,-1815419.861696985,2025-11-20 19:16:26
er_1024_1_6.txt,erdos_renyi_10ins_m20,42,SpecAnn,0.7836920494342511,1.0,-275786.0,-235008.0,0.0240991115570068,0,True,66,65,True,78,32,0.8280882239341736,80.75940704345703,-1780972.4642584648,2025-11-20 19:16:26
er_1024_1_6.txt,erdos_renyi_10ins_m20,42,SpecAnn,0.788699717316095,1.0,-275500.0,-236412.0,0.0242145061492919,0,True,66,65,True,79,32,0.8255568146705627,79.4739990234375,-1747267.9387916552,2025-11-20 19:16:26
er_1024_1_6.txt,erdos_renyi_10ins_m20,42,SpecAnn,0.7936757901325451,1.0,-276694.0,-239024.0,0.0241601467132568,0,True,66,65,True,80,32,0.8229864835739136,78.21728515625,-1714284.5660031394,2025-11-20 19:16:26
er_1024_1_6.txt,erdos_renyi_10ins_m20,42,SpecAnn,0.7986208584745024,1.0,-274886.0,-240766.0,0.0241787433624267,0,True,66,65,True,81,32,0.8203768134117126,76.9883804321289,-1682000.1706982537,2025-11-20 19:16:26
er_1024_1_6.txt,erdos_renyi_10ins_m20,42,SpecAnn,0.803535494759617,1.0,-275784.0,-240066.00000000003,0.024200439453125,0,True,66,65,True,82,32,0.8177280426025391,75.78648376464844,-1650395.8531779917,2025-11-20 19:16:26
er_1024_1_6.txt,erdos_renyi_10ins_m20,42,SpecAnn,0.8084202540056837,1.0,-277180.0,-241082.00000000003,0.0241477489471435,0,True,66,65,True,83,32,0.8150397539138794,74.61080169677734,-1619451.6013363623,2025-11-20 19:16:26
er_1024_1_6.txt,erdos_renyi_10ins_m20,42,SpecAnn,0.8132756745622272,1.0,-276375.99999999994,-239948.0,0.0242235660552978,0,True,66,65,True,84,32,0.8123112320899963,73.46054077148438,-1589146.9329104847,2025-11-20 19:16:26
er_1024_1_6.txt,erdos_renyi_10ins_m20,42,SpecAnn,0.8181022788030096,1.0,-276752.0,-242036.0,0.024310827255249,0,True,66,65,True,85,32,0.8095423579216003,72.3349609375,-1559463.819337745,2025-11-20 19:16:26
er_1024_1_6.txt,erdos_renyi_10ins_m20,42,SpecAnn,0.822900573781978,1.0,-276331.99999999994,-242030.0,0.0242934226989746,0,True,66,65,True,86,32,0.806732714176178,71.2333755493164,-1530384.8860820069,2025-11-20 19:16:26
er_1024_1_6.txt,erdos_renyi_10ins_m20,42,SpecAnn,0.8276710518549868,1.0,-277796.0,-242772.0,0.0245218276977539,0,True,66,65,True,87,32,0.8038805723190308,70.15509796142578,-1501890.4059180515,2025-11-20 19:16:26
er_1024_1_6.txt,erdos_renyi_10ins_m20,42,SpecAnn,0.8324141912694495,1.0,-277974.0,-243150.0,0.0247912406921386,0,True,66,65,True,88,32,0.8009848594665527,69.09944152832031,-1473962.1076836346,2025-11-20 19:16:26
er_1024_1_6.txt,erdos_renyi_10ins_m20,42,SpecAnn,0.8371304567239225,1.0,-277714.0,-241874.0,0.0246777534484863,0,True,66,65,True,89,32,0.7980445027351379,68.0658187866211,-1446584.002809364,2025-11-20 19:16:26
er_1024_1_6.txt,erdos_renyi_10ins_m20,42,SpecAnn,0.8418202998994706,1.0,-276131.99999999994,-243560.0,0.0246374607086181,0,True,66,65,True,90,32,0.7950586676597595,67.05355834960938,-1419738.8963990794,2025-11-20 19:16:26
er_1024_1_6.txt,erdos_renyi_10ins_m20,42,SpecAnn,0.846484159964536,1.0,-275975.99999999994,-245096.0,0.0246622562408447,0,True,66,65,True,91,32,0.792026937007904,66.06211853027344,-1393413.2109206414,2025-11-20 19:16:26
er_1024_1_6.txt,erdos_renyi_10ins_m20,42,SpecAnn,0.8511224640549078,1.0,-277979.99999999994,-245378.0,0.0241522789001464,0,True,66,65,True,92,32,0.7889497876167297,65.0909194946289,-1367594.1826347755,2025-11-20 19:16:26
er_1024_1_6.txt,erdos_renyi_10ins_m20,42,SpecAnn,0.8557356277302758,1.0,-278993.99999999994,-246020.0,0.024432897567749,0,True,66,65,True,93,32,0.7858284115791321,64.13939666748047,-1342270.5807620997,2025-11-20 19:16:26
er_1024_1_6.txt,erdos_renyi_10ins_m20,42,SpecAnn,0.8603240554087516,1.0,-278879.99999999994,-243306.0,0.0246157646179199,0,True,66,65,True,94,32,0.7826652526855469,63.2070198059082,-1317433.9222838788,2025-11-20 19:16:26
er_1024_1_6.txt,erdos_renyi_10ins_m20,42,SpecAnn,0.86488814078064,1.0,-277022.0,-241868.0,0.024461030960083,0,True,66,65,True,95,32,0.7794615626335144,62.29331207275391,-1293074.659551367,2025-11-20 19:16:26
er_1024_1_6.txt,erdos_renyi_10ins_m20,42,SpecAnn,0.8694282672026621,1.0,-279896.0,-240510.0,0.0242974758148193,0,True,66,65,True,96,32,0.7762184739112854,61.397735595703125,-1269181.7059991574,2025-11-20 19:16:26
er_1024_1_6.txt,erdos_renyi_10ins_m20,42,SpecAnn,0.8739448080737451,1.0,-280912.0,-240466.00000000003,0.0241994857788085,0,True,66,65,True,97,32,0.772938072681427,60.51984405517578,-1245747.3580117957,2025-11-20 19:16:26
er_1024_1_6.txt,erdos_renyi_10ins_m20,42,SpecAnn,0.878438127193422,1.0,-279013.99999999994,-239044.0,0.0245614051818847,0,True,66,65,True,98,32,0.7696211934089661,59.6591682434082,-1222761.3067180973,2025-11-20 19:16:26
er_1024_1_6.txt,erdos_renyi_10ins_m20,42,SpecAnn,0.8829085791038153,1.0,-277908.0,-238642.00000000003,0.0244863033294677,0,True,66,65,True,99,32,0.7662685513496399,58.81525039672852,-1200213.277297497,2025-11-20 19:16:26
er_1024_1_6.txt,erdos_renyi_10ins_m20,42,SpecAnn,0.8873565094161138,1.0,-277418.0,-239618.00000000003,0.0242619514465332,0,True,66,65,True,100,32,0.7628805041313171,57.9876708984375,-1178093.2195553246,2025-11-20 19:16:26
er_1024_1_6.txt,erdos_renyi_10ins_m20,42,SpecAnn,0.8917822551223932,1.0,-277302.0,-239718.0,0.0245540142059326,0,True,66,65,True,101,32,0.7594576478004456,57.17601013183594,-1156391.4727011314,2025-11-20 19:16:26
er_1024_1_6.txt,erdos_renyi_10ins_m20,42,SpecAnn,0.8961861448935777,1.0,-275189.99999999994,-239884.0,0.0242946147918701,0,True,66,65,True,102,32,0.7559998035430908,56.37986755371094,-1135097.6081634257,2025-11-20 19:16:26
er_1024_1_6.txt,erdos_renyi_10ins_m20,42,SpecAnn,0.9005684993642872,1.0,-275590.0,-239094.0,0.0242140293121337,0,True,66,65,True,103,32,0.7525075078010559,55.59886169433594,-1114202.7140011524,2025-11-20 19:16:26
er_1024_1_6.txt,erdos_renyi_10ins_m20,42,SpecAnn,0.9049296314052688,1.0,-273808.0,-238984.0,0.0242059230804443,0,True,66,65,True,104,32,0.7489805817604065,54.83259201049805,-1093696.4661944392,2025-11-20 19:16:26
er_1024_1_6.txt,erdos_renyi_10ins_m20,42,SpecAnn,0.9092698463840684,1.0,-274810.0,-237712.0,0.0242047309875488,0,True,66,65,True,105,32,0.7454186677932739,54.08070755004883,-1073569.3505805498,2025-11-20 19:16:26
er_1024_1_6.txt,erdos_renyi_10ins_m20,42,SpecAnn,0.9135894424145556,1.0,-276110.0,-237822.00000000003,0.0242900848388671,0,True,66,65,True,106,32,0.7418220043182373,53.34286117553711,-1053812.8560959434,2025-11-20 19:16:26
er_1024_1_6.txt,erdos_renyi_10ins_m20,42,SpecAnn,0.9178887105958816,1.0,-274529.99999999994,-237276.0,0.0241751670837402,0,True,66,65,True,107,32,0.7381904125213623,52.618690490722656,-1034417.62253353,2025-11-20 19:16:26
er_1024_1_6.txt,erdos_renyi_10ins_m20,42,SpecAnn,0.922167935241408,1.0,-274224.0,-237984.0,0.0243370532989501,0,True,66,65,True,108,32,0.7345238327980042,51.90786743164063,-1015375.2031755853,2025-11-20 19:16:26
er_1024_1_6.txt,erdos_renyi_10ins_m20,42,SpecAnn,0.92642739409812,1.0,-276141.99999999994,-237998.0,0.0241978168487548,0,True,66,65,True,109,32,0.7308219075202942,51.210105895996094,-996677.6190066003,2025-11-20 19:16:26
er_1024_1_6.txt,erdos_renyi_10ins_m20,42,SpecAnn,0.9306673585570006,1.0,-275933.99999999994,-238788.0,0.0243825912475585,0,True,66,65,True,110,32,0.7270846962928772,50.52503967285156,-978315.966621072,2025-11-20 19:16:26
er_1024_1_6.txt,erdos_renyi_10ins_m20,42,SpecAnn,0.9348880938548184,1.0,-277845.99999999994,-237660.0,0.0242812633514404,0,True,66,65,True,111,32,0.723311722278595,49.85239410400391,-960282.4630916952,2025-11-20 19:16:26
er_1024_1_6.txt,erdos_renyi_10ins_m20,42,SpecAnn,0.9390898592677528,1.0,-277599.99999999994,-236550.0,0.0128593444824218,0,True,66,33,True,112,32,0.7195030450820923,49.19187927246094,-942569.809248737,2025-11-20 19:16:27
er_1024_1_6.txt,erdos_renyi_10ins_m20,42,SpecAnn,0.9432729082972536,1.0,-278312.0,-236592.0,0.012831687927246,0,True,66,33,True,113,32,0.7156583070755005,48.54319763183594,-925170.0647721027,2025-11-20 19:16:27
er_1024_1_6.txt,erdos_renyi_10ins_m20,42,SpecAnn,0.9474374888485204,1.0,-276454.0,-236228.0,0.0127413272857666,0,True,66,33,True,114,32,0.7117771506309509,47.90608215332031,-908075.9458635792,2025-11-20 19:16:27
er_1024_1_6.txt,erdos_renyi_10ins_m20,42,SpecAnn,0.9515838434019476,1.0,-277072.0,-236110.0,0.0127172470092773,0,True,66,33,True,115,32,0.7078595757484436,47.28025436401367,-891280.4703620103,2025-11-20 19:16:27
er_1024_1_6.txt,erdos_renyi_10ins_m20,42,SpecAnn,0.9557122091778746,1.0,-277632.0,-235760.0,0.0128138065338134,0,True,66,33,True,116,32,0.7039052844047546,46.66547393798828,-874777.0508166116,2025-11-20 19:16:27
er_1024_1_6.txt,erdos_renyi_10ins_m20,42,SpecAnn,0.9598228182949629,1.0,-274811.99999999994,-235340.0,0.0126376152038574,0,True,66,33,True,117,32,0.6999138593673706,46.061466217041016,-858558.3692593965,2025-11-20 19:16:27
er_1024_1_6.txt,erdos_renyi_10ins_m20,42,SpecAnn,0.963915897922488,1.0,-275545.99999999994,-235624.0,0.0126974582672119,0,True,66,33,True,118,32,0.6958854794502258,45.46800231933594,-842618.7571910955,2025-11-20 19:16:27
er_1024_1_6.txt,erdos_renyi_10ins_m20,42,SpecAnn,0.967991670426842,1.0,-275545.99999999994,-235624.0,0.0242228507995605,0,True,66,65,True,119,32,0.6918193697929382,44.88483047485352,-826951.008570306,2025-11-20 19:16:27
er_1024_1_6.txt,erdos_renyi_10ins_m20,42,SpecAnn,0.9720503535125016,1.0,-275560.0,-235296.0,0.0243582725524902,0,True,66,65,True,120,32,0.6877155900001526,44.31172561645508,-811549.486198438,2025-11-20 19:16:27
er_1024_1_6.txt,erdos_renyi_10ins_m20,42,SpecAnn,0.9760921603577252,1.0,-274348.0,-235482.0,0.0126903057098388,0,True,66,33,True,121,32,0.6835737824440002,43.74846649169922,-796408.1698879461,2025-11-20 19:16:27
er_1024_1_6.txt,erdos_renyi_10ins_m20,42,SpecAnn,0.9801172997452104,1.0,-277552.0,-235884.0,0.0127284526824951,0,True,66,33,True,122,32,0.6793935894966125,43.19482803344727,-781521.0294250736,2025-11-20 19:16:27
er_1024_1_6.txt,erdos_renyi_10ins_m20,42,SpecAnn,0.9841259761879442,1.0,-278042.0,-235158.0,0.012610912322998,0,True,66,33,True,123,32,0.6751751899719238,42.65060806274414,-766883.1174758603,2025-11-20 19:16:27
er_1024_1_6.txt,erdos_renyi_10ins_m20,42,SpecAnn,0.9881183900504562,1.0,-277287.99999999994,-234752.0,0.0126774311065673,0,True,66,33,True,124,32,0.6709179282188416,42.11558532714844,-752488.2324796754,2025-11-20 19:16:27
er_1024_1_6.txt,erdos_renyi_10ins_m20,42,SpecAnn,0.9920947376656812,1.0,-275135.99999999994,-235040.0,0.01261568069458,0,True,66,33,True,125,32,0.6666213870048523,41.58957290649414,-738331.1269001021,2025-11-20 19:16:27
er_1024_1_6.txt,erdos_renyi_10ins_m20,42,SpecAnn,0.9960552114476228,1.0,-275135.99999999994,-235040.0,0.0242567062377929,0,True,66,65,True,126,32,0.6622857451438904,41.07236862182617,-724406.9882222997,2025-11-20 19:16:27
er_1024_1_6.txt,erdos_renyi_10ins_m20,42,SpecAnn,1.0,1.0,-276411.99999999994,-235304.0,0.0240869522094726,0,True,66,65,True,127,32,0.6579102873802185,40.563777923583984,-710710.1997693235,2025-11-20 19:16:27
er_1024_1_6.txt,erdos_renyi_10ins_m20,43,SpecAnn,0.0,1.0,-270740.0,-80991.99999999999,0.0132374763488769,0,True,88,33,True,0,32,0.963475227355957,1025.0,-26299766.499209404,2025-11-20 19:16:27
er_1024_1_6.txt,erdos_renyi_10ins_m20,43,SpecAnn,0.0887356509416113,1.0,-271732.0,-84691.99999999999,0.0127997398376464,0,True,88,33,True,1,32,0.9576043486595154,767.2249145507812,-19565740.163013622,2025-11-20 19:16:27
er_1024_1_6.txt,erdos_renyi_10ins_m20,43,SpecAnn,0.1254911610276317,1.0,-274292.0,-87529.99999999999,0.0126688480377197,0,True,88,33,True,2,32,0.9548783898353576,680.5494995117188,-17305942.576219633,2025-11-20 19:16:27
er_1024_1_6.txt,erdos_renyi_10ins_m20,43,SpecAnn,0.1536946558735679,1.0,-271036.0,-90910.0,0.0127580165863037,0,True,88,33,True,3,32,0.9526553750038148,620.7681274414062,-15748990.001024071,2025-11-20 19:16:27
er_1024_1_6.txt,erdos_renyi_10ins_m20,43,SpecAnn,0.1774713018832227,1.0,-271738.0,-92586.0,0.0128798484802246,0,True,88,33,True,4,32,0.95068621635437,574.4864501953125,-14544689.748408902,2025-11-20 19:16:27
er_1024_1_6.txt,erdos_renyi_10ins_m20,43,SpecAnn,0.1984189475331362,1.0,-269608.0,-94044.0,0.0129015445709228,0,True,88,33,True,5,32,0.9488749504089355,536.592041015625,-13559406.57294248,2025-11-20 19:16:27
er_1024_1_6.txt,erdos_renyi_10ins_m20,43,SpecAnn,0.2173570668006655,1.0,-269608.0,-94044.0,0.0128471851348876,0,True,88,33,True,6,32,0.9471722841262816,504.4988403320313,-12725551.950593948,2025-11-20 19:16:27
er_1024_1_6.txt,erdos_renyi_10ins_m20,43,SpecAnn,0.2347724648169381,1.0,-268083.99999999994,-96366.0,0.0127382278442382,0,True,88,33,True,7,32,0.945549249649048,476.6909790039063,-12003518.39253178,2025-11-20 19:16:27
er_1024_1_6.txt,erdos_renyi_10ins_m20,43,SpecAnn,0.2509823220552634,1.0,-266821.99999999994,-98432.0,0.0125844478607177,0,True,88,33,True,8,32,0.9439867734909058,452.1938171386719,-11367841.347180454,2025-11-20 19:16:27
er_1024_1_6.txt,erdos_renyi_10ins_m20,43,SpecAnn,0.2662069528248341,1.0,-272233.9999999999,-99842.0,0.012667179107666,0,True,88,33,True,9,32,0.9424717426300048,430.3389587402344,-10801062.454081375,2025-11-20 19:16:27
er_1024_1_6.txt,erdos_renyi_10ins_m20,43,SpecAnn,0.2806067666331568,1.0,-272233.9999999999,-99842.0,0.0126986503601074,0,True,88,33,True,10,32,0.9409946203231812,410.6458740234375,-10290632.733459214,2025-11-20 19:16:27
er_1024_1_6.txt,erdos_renyi_10ins_m20,43,SpecAnn,0.2943028597012718,1.0,-272233.9999999999,-99842.0,0.0126922130584716,0,True,88,33,True,11,32,0.9395483136177064,392.7565002441406,-9827204.043547671,2025-11-20 19:16:27
er_1024_1_6.txt,erdos_renyi_10ins_m20,43,SpecAnn,0.3073893117471359,1.0,-274363.99999999994,-102108.0,0.0126891136169433,0,True,88,33,True,12,32,0.9381267428398132,376.395751953125,-9403590.407785583,2025-11-20 19:16:27
er_1024_1_6.txt,erdos_renyi_10ins_m20,43,SpecAnn,0.3199409394316542,1.0,-274363.99999999994,-102108.0,0.0126194953918457,0,True,88,33,True,13,32,0.9367257952690125,361.347900390625,-9014164.723914644,2025-11-20 19:16:27
er_1024_1_6.txt,erdos_renyi_10ins_m20,43,SpecAnn,0.3320184038158743,1.0,-269630.0,-106956.0,0.0127224922180175,0,True,88,33,True,14,32,0.9353415966033936,347.4398803710937,-8654408.490783088,2025-11-20 19:16:27
er_1024_1_6.txt,erdos_renyi_10ins_m20,43,SpecAnn,0.3436716983117353,1.0,-272032.0,-109772.0,0.0129094123840332,0,True,88,33,True,15,32,0.9339712262153624,334.53082275390625,-8320647.235777141,2025-11-20 19:16:27
er_1024_1_6.txt,erdos_renyi_10ins_m20,43,SpecAnn,0.3549426037664455,1.0,-272219.99999999994,-112102.0,0.0128889083862304,0,True,88,33,True,16,32,0.9326120018959044,322.5045166015625,-8009848.022831857,2025-11-20 19:16:27
er_1024_1_6.txt,erdos_renyi_10ins_m20,43,SpecAnn,0.3658664615902029,1.0,-273049.99999999994,-113292.0,0.0128717422485351,0,True,88,33,True,17,32,0.931261658668518,311.263671875,-7719472.666828812,2025-11-20 19:16:27
er_1024_1_6.txt,erdos_renyi_10ins_m20,43,SpecAnn,0.3764734830828951,1.0,-273049.99999999994,-113292.0,0.0128586292266845,0,True,88,33,True,18,32,0.9299184679985046,300.7261657714844,-7447380.86388633,2025-11-20 19:16:27
er_1024_1_6.txt,erdos_renyi_10ins_m20,43,SpecAnn,0.3867897351437838,1.0,-271877.99999999994,-117304.0,0.0129227638244628,0,True,88,33,True,19,32,0.9285805225372314,290.8218994140625,-7191742.863287615,2025-11-20 19:16:27
er_1024_1_6.txt,erdos_renyi_10ins_m20,43,SpecAnn,0.3968378950662725,1.0,-271511.99999999994,-119330.0,0.0127930641174316,0,True,88,33,True,20,32,0.9272464513778688,281.49072265625,-6950991.229340113,2025-11-20 19:16:27
er_1024_1_6.txt,erdos_renyi_10ins_m20,43,SpecAnn,0.4066378372811136,1.0,-271432.0,-123786.0,0.0127120018005371,0,True,88,33,True,21,32,0.9259148836135864,272.6803283691406,-6723762.243859363,2025-11-20 19:16:27
er_1024_1_6.txt,erdos_renyi_10ins_m20,43,SpecAnn,0.4162070956347247,1.0,-274518.0,-124582.0,0.0126869678497314,0,True,88,33,True,22,32,0.924584686756134,264.3451843261719,-6508869.6460486,2025-11-20 19:16:27
er_1024_1_6.txt,erdos_renyi_10ins_m20,43,SpecAnn,0.4255612320274539,1.0,-273619.99999999994,-126184.00000000004,0.0127289295196533,0,True,88,33,True,23,32,0.9232546091079712,256.44537353515625,-6305272.020046029,2025-11-20 19:16:27
er_1024_1_6.txt,erdos_renyi_10ins_m20,43,SpecAnn,0.434714133601331,1.0,-269468.0,-127795.99999999996,0.0126509666442871,0,True,88,33,True,24,32,0.9219237565994264,248.9456481933593,-6112051.706884244,2025-11-20 19:16:27
er_1024_1_6.txt,erdos_renyi_10ins_m20,43,SpecAnn,0.4436782547080569,1.0,-273159.99999999994,-127913.99999999996,0.0127360820770263,0,True,88,33,True,25,32,0.9205910563468932,241.81466674804688,-5928391.343751276,2025-11-20 19:16:27
er_1024_1_6.txt,erdos_renyi_10ins_m20,43,SpecAnn,0.4524648157026343,1.0,-273859.99999999994,-129124.0,0.0127716064453125,0,True,88,33,True,26,32,0.919255793094635,235.02456665039065,-5753566.149910679,2025-11-20 19:16:27
er_1024_1_6.txt,erdos_renyi_10ins_m20,43,SpecAnn,0.4610839676207039,1.0,-269737.99999999994,-131024.0,0.0126338005065917,0,True,88,33,True,27,32,0.917917013168335,228.55047607421875,-5586927.3529572375,2025-11-20 19:16:27
er_1024_1_6.txt,erdos_renyi_10ins_m20,43,SpecAnn,0.4695449296338763,1.0,-268694.0,-132487.99999999997,0.0126655101776123,0,True,88,33,True,28,32,0.9165739417076112,222.36993408203125,-5427890.127265816,2025-11-20 19:16:27
er_1024_1_6.txt,erdos_renyi_10ins_m20,43,SpecAnn,0.4778561045889373,1.0,-268694.0,-132487.99999999997,0.0126056671142578,0,True,88,33,True,29,32,0.9152258038520812,216.46275329589844,-5275928.59177374,2025-11-20 19:16:27
er_1024_1_6.txt,erdos_renyi_10ins_m20,43,SpecAnn,0.4860251767562508,1.0,-268694.0,-132487.99999999997,0.0125682353973388,0,True,88,33,True,30,32,0.913872003555298,210.8106384277344,-5130567.089741119,2025-11-20 19:16:27
er_1024_1_6.txt,erdos_renyi_10ins_m20,43,SpecAnn,0.4940591950252281,1.0,-268995.99999999994,-133465.99999999997,0.012690782546997,0,True,88,33,True,31,32,0.912511706352234,205.3970184326172,-4991373.330968451,2025-11-20 19:16:27
er_1024_1_6.txt,erdos_renyi_10ins_m20,43,SpecAnn,0.5019646441105269,1.0,-269213.99999999994,-134998.00000000003,0.0126230716705322,0,True,88,33,True,32,32,0.9111442565917968,200.20681762695312,-4857954.903553454,2025-11-20 19:16:27
er_1024_1_6.txt,erdos_renyi_10ins_m20,43,SpecAnn,0.5097475058154177,1.0,-271160.0,-136660.0,0.0125818252563476,0,True,88,33,True,33,32,0.9097689986228944,195.2261962890625,-4729951.646310184,2025-11-20 19:16:27
er_1024_1_6.txt,erdos_renyi_10ins_m20,43,SpecAnn,0.51741331199832,1.0,-271388.0,-139740.0,0.0125229358673095,0,True,88,33,True,34,32,0.9083853960037231,190.442626953125,-4607037.863615505,2025-11-20 19:16:27
er_1024_1_6.txt,erdos_renyi_10ins_m20,43,SpecAnn,0.5249671905758515,1.0,-273318.0,-142562.0,0.0126020908355712,0,True,88,33,True,35,32,0.9069926738739014,185.844467163086,-4488909.913914117,2025-11-20 19:16:27
er_1024_1_6.txt,erdos_renyi_10ins_m20,43,SpecAnn,0.5324139056496683,1.0,-271360.00000000006,-147054.0,0.0126848220825195,0,True,88,33,True,36,32,0.9055901765823364,181.421142578125,-4375292.330187121,2025-11-20 19:16:27
er_1024_1_6.txt,erdos_renyi_10ins_m20,43,SpecAnn,0.5397578926492556,1.0,-267264.0,-148998.0,0.0127029418945312,0,True,88,33,True,37,32,0.9041772484779358,177.1627960205078,-4265928.530716175,2025-11-20 19:16:27
er_1024_1_6.txt,erdos_renyi_10ins_m20,43,SpecAnn,0.5470032892270364,1.0,-269638.0,-151447.99999999997,0.0126137733459472,0,True,88,33,True,38,32,0.9027534127235411,173.06044006347656,-4160585.174457236,2025-11-20 19:16:27
er_1024_1_6.txt,erdos_renyi_10ins_m20,43,SpecAnn,0.554153962516942,1.0,-271442.0,-152690.0,0.0127840042114257,0,True,88,33,True,39,32,0.9013178944587708,169.1056365966797,-4059042.062096093,2025-11-20 19:16:27
er_1024_1_6.txt,erdos_renyi_10ins_m20,43,SpecAnn,0.5612135332663137,1.0,-271375.99999999994,-154985.99999999997,0.0126030445098876,0,True,88,33,True,40,32,0.899869978427887,165.29066467285156,-3961097.785615293,2025-11-20 19:16:27
er_1024_1_6.txt,erdos_renyi_10ins_m20,43,SpecAnn,0.5681853972686127,1.0,-271262.0,-156259.99999999997,0.0127553939819335,0,True,88,33,True,41,32,0.8984093070030212,161.6083221435547,-3866566.093739249,2025-11-20 19:16:27
er_1024_1_6.txt,erdos_renyi_10ins_m20,43,SpecAnn,0.5750727444570146,1.0,-269984.0,-158300.0,0.0127267837524414,0,True,88,33,True,42,32,0.8969349265098572,158.0518798828125,-3775270.513503066,2025-11-20 19:16:27
er_1024_1_6.txt,erdos_renyi_10ins_m20,43,SpecAnn,0.5818785759635375,1.0,-274940.0,-159108.0,0.0126669406890869,0,True,88,33,True,43,32,0.895446240901947,154.61514282226562,-3687049.924151858,2025-11-20 19:16:27
er_1024_1_6.txt,erdos_renyi_10ins_m20,43,SpecAnn,0.5886057194025436,1.0,-274426.0,-159863.99999999997,0.0126457214355468,0,True,88,33,True,44,32,0.8939427137374878,151.29229736328125,-3601753.45286183,2025-11-20 19:16:27
er_1024_1_6.txt,erdos_renyi_10ins_m20,43,SpecAnn,0.5952568425994088,1.0,-272324.0,-161796.0,0.01265549659729,0,True,88,33,True,45,32,0.8924235105514526,148.07781982421875,-3519236.791503977,2025-11-20 19:16:27
er_1024_1_6.txt,erdos_renyi_10ins_m20,43,SpecAnn,0.6018344659534288,1.0,-271427.99999999994,-164040.0,0.0125999450683593,0,True,88,33,True,46,32,0.8908879160881042,144.9667205810547,-3439369.671463107,2025-11-20 19:16:27
er_1024_1_6.txt,erdos_renyi_10ins_m20,43,SpecAnn,0.6083409735974393,1.0,-275250.0,-165392.0,0.0126430988311767,0,True,88,33,True,47,32,0.8893352150917053,141.9541778564453,-3362026.5816318155,2025-11-20 19:16:27
er_1024_1_6.txt,erdos_renyi_10ins_m20,43,SpecAnn,0.6147786234942719,1.0,-272758.0,-171784.0,0.0125677585601806,0,True,88,33,True,48,32,0.887764573097229,139.0357666015625,-3287091.7061961545,2025-11-20 19:16:27
er_1024_1_6.txt,erdos_renyi_10ins_m20,43,SpecAnn,0.6211495565912796,1.0,-271758.0,-177283.99999999997,0.0126307010650634,0,True,88,33,True,49,32,0.8861754536628723,136.20726013183594,-3214455.7217975995,2025-11-20 19:16:27
er_1024_1_6.txt,erdos_renyi_10ins_m20,43,SpecAnn,0.6274558051381586,1.0,-271216.0,-177808.0,0.0128438472747802,0,True,88,33,True,50,32,0.8845668435096741,133.46470642089844,-3144014.690569313,2025-11-20 19:16:27
er_1024_1_6.txt,erdos_renyi_10ins_m20,43,SpecAnn,0.6336993002596786,1.0,-271564.0,-179523.99999999997,0.0128428936004638,0,True,88,33,True,51,32,0.8829380869865417,130.80442810058594,-3075673.084895911,2025-11-20 19:16:28
er_1024_1_6.txt,erdos_renyi_10ins_m20,43,SpecAnn,0.6398818788633085,1.0,-274690.0,-181162.00000000003,0.0128517150878906,0,True,88,33,True,52,32,0.8812881708145142,128.222900390625,-3009338.2951770914,2025-11-20 19:16:28
er_1024_1_6.txt,erdos_renyi_10ins_m20,43,SpecAnn,0.6460052899517691,1.0,-277086.0,-183452.0,0.0128848552703857,0,True,88,33,True,53,32,0.879616379737854,125.71683502197266,-2944924.88222994,2025-11-20 19:16:28
er_1024_1_6.txt,erdos_renyi_10ins_m20,43,SpecAnn,0.6520712004019966,1.0,-273968.0,-190542.0,0.012709617614746,0,True,88,33,True,54,32,0.8779217600822449,123.28311157226562,-2882351.060293681,2025-11-20 19:16:28
er_1024_1_6.txt,erdos_renyi_10ins_m20,43,SpecAnn,0.6580812002646271,1.0,-276758.0,-193956.0,0.0126800537109375,0,True,88,33,True,55,32,0.8762034177780151,120.91880798339844,-2821540.4109010366,2025-11-20 19:16:28
er_1024_1_6.txt,erdos_renyi_10ins_m20,43,SpecAnn,0.6640368076317485,1.0,-273385.99999999994,-194808.0,0.0126168727874755,0,True,88,33,True,56,32,0.8744603991508484,118.62110900878906,-2762419.3113512946,2025-11-20 19:16:28
er_1024_1_6.txt,erdos_renyi_10ins_m20,43,SpecAnn,0.6699394731151429,1.0,-276084.0,-196532.0,0.0127067565917968,0,True,88,33,True,57,32,0.8726918697357178,116.3874282836914,-2704920.3211443443,2025-11-20 19:16:28
er_1024_1_6.txt,erdos_renyi_10ins_m20,43,SpecAnn,0.6757905839724513,1.0,-275170.0,-198826.0,0.0125885009765625,0,True,88,33,True,58,32,0.8708968758583069,114.2152328491211,-2648977.300108557,2025-11-20 19:16:28
er_1024_1_6.txt,erdos_renyi_10ins_m20,43,SpecAnn,0.6815914679145113,1.0,-274798.0,-199534.0,0.012618064880371,0,True,88,33,True,59,32,0.8690743446350098,112.10218811035156,-2594528.787872095,2025-11-20 19:16:28
er_1024_1_6.txt,erdos_renyi_10ins_m20,43,SpecAnn,0.6873433966234707,1.0,-275995.99999999994,-202042.0,0.0125713348388671,0,True,88,33,True,60,32,0.86722332239151,110.04600524902344,-2541515.1651909733,2025-11-20 19:16:28
er_1024_1_6.txt,erdos_renyi_10ins_m20,43,SpecAnn,0.6930475890080863,1.0,-276205.99999999994,-204704.0,0.0126221179962158,0,True,88,33,True,61,32,0.8653427958488464,108.04460906982422,-2489881.965110892,2025-11-20 19:16:28
er_1024_1_6.txt,erdos_renyi_10ins_m20,43,SpecAnn,0.6987052142198116,1.0,-272960.0,-209340.0,0.0127723217010498,0,True,88,33,True,62,32,0.863431990146637,106.09593200683594,-2439575.943002008,2025-11-20 19:16:28
er_1024_1_6.txt,erdos_renyi_10ins_m20,43,SpecAnn,0.7043173944508145,1.0,-276336.0,-209072.0,0.0126974582672119,0,True,88,33,True,63,32,0.8614897131919861,104.19805145263672,-2390546.347698442,2025-11-20 19:16:28
er_1024_1_6.txt,erdos_renyi_10ins_m20,43,SpecAnn,0.709885207532891,1.0,-277393.99999999994,-213806.0,0.0127050876617431,0,True,88,33,True,64,32,0.8595151901245117,102.34915924072266,-2342746.5682680192,2025-11-20 19:16:28
er_1024_1_6.txt,erdos_renyi_10ins_m20,43,SpecAnn,0.7154096893543218,1.0,-274487.99999999994,-217110.0,0.0125708580017089,0,True,88,33,True,65,32,0.8575075268745422,100.54747009277344,-2296130.4767638426,2025-11-20 19:16:28
er_1024_1_6.txt,erdos_renyi_10ins_m20,43,SpecAnn,0.7208918361100219,1.0,-277592.0,-215198.0,0.0125758647918701,0,True,88,33,True,66,32,0.8554657697677612,98.7913589477539,-2250655.741105705,2025-11-20 19:16:28
er_1024_1_6.txt,erdos_renyi_10ins_m20,43,SpecAnn,0.7263326063988248,1.0,-278493.99999999994,-216092.00000000003,0.0126583576202392,0,True,88,33,True,67,32,0.8533892035484314,97.07920837402344,-2206281.101987952,2025-11-20 19:16:28
er_1024_1_6.txt,erdos_renyi_10ins_m20,43,SpecAnn,0.7317329231804058,1.0,-278207.99999999994,-217228.0,0.0125763416290283,0,True,88,33,True,68,32,0.8512770533561707,95.40953063964844,-2162968.33146066,2025-11-20 19:16:28
er_1024_1_6.txt,erdos_renyi_10ins_m20,43,SpecAnn,0.7370936756031579,1.0,-278367.99999999994,-221630.0,0.0126056671142578,0,True,88,33,True,69,32,0.8491285443305969,93.78086853027344,-2120680.1217229427,2025-11-20 19:16:28
er_1024_1_6.txt,erdos_renyi_10ins_m20,43,SpecAnn,0.7424157207132704,1.0,-276290.0,-223406.0,0.0126423835754394,0,True,88,33,True,70,32,0.8469433188438416,92.19184112548828,-2079382.13873835,2025-11-20 19:16:28
er_1024_1_6.txt,erdos_renyi_10ins_m20,43,SpecAnn,0.7476998850543153,1.0,-278506.0,-224466.0,0.012578010559082,0,True,88,33,True,71,32,0.8447206616401672,90.64112854003906,-2039040.705775513,2025-11-20 19:16:28
er_1024_1_6.txt,erdos_renyi_10ins_m20,43,SpecAnn,0.7529469661657903,1.0,-276865.99999999994,-227752.0,0.0126233100891113,0,True,88,33,True,72,32,0.8424602150917053,89.1274642944336,-1999624.3935107195,2025-11-20 19:16:28
er_1024_1_6.txt,erdos_renyi_10ins_m20,43,SpecAnn,0.7581577339883167,1.0,-276494.0,-230614.0,0.0131349563598632,0,True,88,33,True,73,32,0.8401616215705872,87.64964294433594,-1961103.2753393524,2025-11-20 19:16:28
er_1024_1_6.txt,erdos_renyi_10ins_m20,43,SpecAnn,0.7633329321824984,1.0,-274206.0,-234342.00000000003,0.0125985145568847,0,True,88,33,True,74,32,0.8378243446350098,86.20651245117188,-1923448.336976827,2025-11-20 19:16:28
er_1024_1_6.txt,erdos_renyi_10ins_m20,43,SpecAnn,0.7684732793678399,1.0,-272652.0,-234230.0,0.012620210647583,0,True,88,33,True,75,32,0.8354486227035522,84.79696655273438,-1886633.4859398955,2025-11-20 19:16:28
er_1024_1_6.txt,erdos_renyi_10ins_m20,43,SpecAnn,0.7735794702875677,1.0,-274747.99999999994,-234674.0,0.0126287937164306,0,True,88,33,True,76,32,0.8330341577529907,83.41992950439453,-1850632.15017804,2025-11-20 19:16:28
er_1024_1_6.txt,erdos_renyi_10ins_m20,43,SpecAnn,0.7786521769046981,1.0,-274458.0,-234200.0,0.0242438316345214,0,True,88,65,True,77,32,0.8305806517601013,82.07440948486328,-1815419.7314177065,2025-11-20 19:16:28
er_1024_1_6.txt,erdos_renyi_10ins_m20,43,SpecAnn,0.7836920494342511,1.0,-277348.0,-235008.0,0.0240018367767334,0,True,88,65,True,78,32,0.8280882835388184,80.75940704345703,-1780972.592450399,2025-11-20 19:16:28
er_1024_1_6.txt,erdos_renyi_10ins_m20,43,SpecAnn,0.788699717316095,1.0,-275678.0,-236412.0,0.0241894721984863,0,True,88,65,True,79,32,0.8255568146705627,79.4739990234375,-1747267.9387916552,2025-11-20 19:16:28
er_1024_1_6.txt,erdos_renyi_10ins_m20,43,SpecAnn,0.7936757901325451,1.0,-276021.99999999994,-239024.0,0.0242342948913574,0,True,88,65,True,80,32,0.8229864239692688,78.21728515625,-1714284.441846395,2025-11-20 19:16:28
er_1024_1_6.txt,erdos_renyi_10ins_m20,43,SpecAnn,0.7986208584745024,1.0,-276150.0,-240766.0,0.0244832038879394,0,True,88,65,True,81,32,0.8203768134117126,76.9883804321289,-1682000.1706982537,2025-11-20 19:16:28
er_1024_1_6.txt,erdos_renyi_10ins_m20,43,SpecAnn,0.803535494759617,1.0,-274027.99999999994,-240066.00000000003,0.0243797302246093,0,True,88,65,True,82,32,0.8177279829978943,75.78648376464844,-1650395.732879734,2025-11-20 19:16:28
er_1024_1_6.txt,erdos_renyi_10ins_m20,43,SpecAnn,0.8084202540056837,1.0,-277122.0,-241082.00000000003,0.0239741802215576,0,True,88,65,True,83,32,0.8150397539138794,74.61080169677734,-1619451.6013363623,2025-11-20 19:16:28
er_1024_1_6.txt,erdos_renyi_10ins_m20,43,SpecAnn,0.8132756745622272,1.0,-276781.99999999994,-239948.0,0.0240411758422851,0,True,88,65,True,84,32,0.8123112320899963,73.46054077148438,-1589146.9329104847,2025-11-20 19:16:28
er_1024_1_6.txt,erdos_renyi_10ins_m20,43,SpecAnn,0.8181022788030096,1.0,-276017.99999999994,-242036.0,0.02419114112854,0,True,88,65,True,85,32,0.8095423579216003,72.3349609375,-1559463.819337745,2025-11-20 19:16:28
er_1024_1_6.txt,erdos_renyi_10ins_m20,43,SpecAnn,0.822900573781978,1.0,-277076.0,-242030.0,0.024571418762207,0,True,88,65,True,86,32,0.806732714176178,71.2333755493164,-1530384.8860820069,2025-11-20 19:16:28
er_1024_1_6.txt,erdos_renyi_10ins_m20,43,SpecAnn,0.8276710518549868,1.0,-277216.0,-242772.0,0.0241906642913818,0,True,88,65,True,87,32,0.8038808107376099,70.15509796142578,-1501890.8513555815,2025-11-20 19:16:28
er_1024_1_6.txt,erdos_renyi_10ins_m20,43,SpecAnn,0.8324141912694495,1.0,-276879.99999999994,-243150.0,0.0240702629089355,0,True,88,65,True,88,32,0.8009848594665527,69.09944152832031,-1473962.1076836346,2025-11-20 19:16:28
er_1024_1_6.txt,erdos_renyi_10ins_m20,43,SpecAnn,0.8371304567239225,1.0,-279990.0,-241874.0,0.0241105556488037,0,True,88,65,True,89,32,0.7980445027351379,68.0658187866211,-1446584.002809364,2025-11-20 19:16:28
er_1024_1_6.txt,erdos_renyi_10ins_m20,43,SpecAnn,0.8418202998994706,1.0,-276196.0,-243560.0,0.0240452289581298,0,True,88,65,True,90,32,0.7950586676597595,67.05355834960938,-1419738.8963990794,2025-11-20 19:16:28
er_1024_1_6.txt,erdos_renyi_10ins_m20,43,SpecAnn,0.846484159964536,1.0,-276438.0,-245096.0,0.0241427421569824,0,True,88,65,True,91,32,0.7920268177986145,66.06211853027344,-1393413.0011957053,2025-11-20 19:16:28
er_1024_1_6.txt,erdos_renyi_10ins_m20,43,SpecAnn,0.8511224640549078,1.0,-279048.0,-245378.0,0.024148941040039,0,True,88,65,True,92,32,0.7889498472213745,65.0909194946289,-1367594.285955629,2025-11-20 19:16:28
er_1024_1_6.txt,erdos_renyi_10ins_m20,43,SpecAnn,0.8557356277302758,1.0,-276346.0,-246020.0,0.0240492820739746,0,True,88,65,True,93,32,0.7858286499977112,64.13939666748047,-1342270.9880039862,2025-11-20 19:16:28
er_1024_1_6.txt,erdos_renyi_10ins_m20,43,SpecAnn,0.8603240554087516,1.0,-279376.0,-243306.0,0.0241305828094482,0,True,88,65,True,94,32,0.7826652526855469,63.2070198059082,-1317433.9222838788,2025-11-20 19:16:28
er_1024_1_6.txt,erdos_renyi_10ins_m20,43,SpecAnn,0.86488814078064,1.0,-279057.99999999994,-241868.0,0.0239882469177246,0,True,88,65,True,95,32,0.7794613838195801,62.29331207275391,-1293074.3629109955,2025-11-20 19:16:28
er_1024_1_6.txt,erdos_renyi_10ins_m20,43,SpecAnn,0.8694282672026621,1.0,-278563.99999999994,-240510.0,0.0240094661712646,0,True,88,65,True,96,32,0.7762184739112854,61.397735595703125,-1269181.7059991574,2025-11-20 19:16:28
er_1024_1_6.txt,erdos_renyi_10ins_m20,43,SpecAnn,0.8739448080737451,1.0,-280815.99999999994,-240466.00000000003,0.0243144035339355,0,True,88,65,True,97,32,0.7729381918907166,60.51984405517578,-1245747.5501418803,2025-11-20 19:16:28
er_1024_1_6.txt,erdos_renyi_10ins_m20,43,SpecAnn,0.878438127193422,1.0,-278124.0,-239044.0,0.0244743824005126,0,True,88,65,True,98,32,0.7696212530136108,59.6591682434082,-1222761.4014169625,2025-11-20 19:16:28
er_1024_1_6.txt,erdos_renyi_10ins_m20,43,SpecAnn,0.8829085791038153,1.0,-276230.0,-238642.00000000003,0.0244619846343994,0,True,88,65,True,99,32,0.7662685513496399,58.81525039672852,-1200213.277297497,2025-11-20 19:16:28
er_1024_1_6.txt,erdos_renyi_10ins_m20,43,SpecAnn,0.8873565094161138,1.0,-276308.0,-239618.00000000003,0.0240850448608398,0,True,88,65,True,100,32,0.7628805041313171,57.9876708984375,-1178093.2195553246,2025-11-20 19:16:28
er_1024_1_6.txt,erdos_renyi_10ins_m20,43,SpecAnn,0.8917822551223932,1.0,-274157.99999999994,-239718.0,0.0240683555603027,0,True,88,65,True,101,32,0.7594577074050903,57.17601013183594,-1156391.5634584017,2025-11-20 19:16:28
er_1024_1_6.txt,erdos_renyi_10ins_m20,43,SpecAnn,0.8961861448935777,1.0,-275850.0,-239884.0,0.0241675376892089,0,True,88,65,True,102,32,0.7559998631477356,56.37986755371094,-1135097.6976569537,2025-11-20 19:16:28
er_1024_1_6.txt,erdos_renyi_10ins_m20,43,SpecAnn,0.9005684993642872,1.0,-276520.0,-239094.0,0.0240397453308105,0,True,88,65,True,103,32,0.7525076270103455,55.59886169433594,-1114202.8905087786,2025-11-20 19:16:28
er_1024_1_6.txt,erdos_renyi_10ins_m20,43,SpecAnn,0.9049296314052688,1.0,-275476.0,-238984.0,0.0244688987731933,0,True,88,65,True,104,32,0.7489805817604065,54.83259201049805,-1093696.4661944392,2025-11-20 19:16:29
er_1024_1_6.txt,erdos_renyi_10ins_m20,43,SpecAnn,0.9092698463840684,1.0,-274924.0,-237712.0,0.0243365764617919,0,True,88,65,True,105,32,0.7454186081886292,54.08070755004883,-1073569.2647365502,2025-11-20 19:16:29
er_1024_1_6.txt,erdos_renyi_10ins_m20,43,SpecAnn,0.9135894424145556,1.0,-276032.0,-237822.00000000003,0.0241744518280029,0,True,88,65,True,106,32,0.7418220639228821,53.34286117553711,-1053812.9407687362,2025-11-20 19:16:29
er_1024_1_6.txt,erdos_renyi_10ins_m20,43,SpecAnn,0.9178887105958816,1.0,-275390.0,-237276.0,0.0239782333374023,0,True,88,65,True,107,32,0.7381904721260071,52.618690490722656,-1034417.706056824,2025-11-20 19:16:29
er_1024_1_6.txt,erdos_renyi_10ins_m20,43,SpecAnn,0.922167935241408,1.0,-275869.99999999994,-237984.0,0.0241785049438476,0,True,88,65,True,108,32,0.7345238327980042,51.90786743164063,-1015375.2031755853,2025-11-20 19:16:29
er_1024_1_6.txt,erdos_renyi_10ins_m20,43,SpecAnn,0.92642739409812,1.0,-276150.0,-237998.0,0.0240843296051025,0,True,88,65,True,109,32,0.730821967124939,51.210105895996094,-996677.700294004,2025-11-20 19:16:29
er_1024_1_6.txt,erdos_renyi_10ins_m20,43,SpecAnn,0.9306673585570006,1.0,-277398.0,-238788.0,0.0240290164947509,0,True,88,65,True,110,32,0.727084755897522,50.52503967285156,-978316.0468210486,2025-11-20 19:16:29
er_1024_1_6.txt,erdos_renyi_10ins_m20,43,SpecAnn,0.9348880938548184,1.0,-274855.99999999994,-237660.0,0.024036169052124,0,True,88,65,True,111,32,0.7233117818832397,49.85239410400391,-960282.5422239604,2025-11-20 19:16:29
er_1024_1_6.txt,erdos_renyi_10ins_m20,43,SpecAnn,0.9390898592677528,1.0,-277450.00000000006,-236550.0,0.0125820636749267,0,True,88,33,True,112,32,0.7195031046867371,49.19187927246094,-942569.8873325464,2025-11-20 19:16:29
er_1024_1_6.txt,erdos_renyi_10ins_m20,43,SpecAnn,0.9432729082972536,1.0,-278532.0,-236592.0,0.0126082897186279,0,True,88,33,True,113,32,0.7156583070755005,48.54319763183594,-925170.0647721027,2025-11-20 19:16:29
er_1024_1_6.txt,erdos_renyi_10ins_m20,43,SpecAnn,0.9474374888485204,1.0,-276652.0,-236228.0,0.0126845836639404,0,True,88,33,True,114,32,0.7117772102355957,47.90608215332031,-908076.0219064024,2025-11-20 19:16:29
er_1024_1_6.txt,erdos_renyi_10ins_m20,43,SpecAnn,0.9515838434019476,1.0,-275820.0,-236110.0,0.0126416683197021,0,True,88,33,True,115,32,0.7078595757484436,47.28025436401367,-891280.4703620103,2025-11-20 19:16:29
er_1024_1_6.txt,erdos_renyi_10ins_m20,43,SpecAnn,0.9557122091778746,1.0,-274286.00000000006,-235760.0,0.0128073692321777,0,True,88,33,True,116,32,0.7039052844047546,46.66547393798828,-874777.0508166116,2025-11-20 19:16:29
er_1024_1_6.txt,erdos_renyi_10ins_m20,43,SpecAnn,0.9598228182949629,1.0,-276333.99999999994,-235340.0,0.0126924514770507,0,True,88,33,True,117,32,0.6999139189720154,46.061466217041016,-858558.4423742034,2025-11-20 19:16:29
er_1024_1_6.txt,erdos_renyi_10ins_m20,43,SpecAnn,0.963915897922488,1.0,-273881.99999999994,-235624.0,0.0126211643218994,0,True,88,33,True,118,32,0.6958854794502258,45.46800231933594,-842618.7571910955,2025-11-20 19:16:29
er_1024_1_6.txt,erdos_renyi_10ins_m20,43,SpecAnn,0.967991670426842,1.0,-273881.99999999994,-235624.0,0.0240764617919921,0,True,88,65,True,119,32,0.6918193697929382,44.88483047485352,-826951.008570306,2025-11-20 19:16:29
er_1024_1_6.txt,erdos_renyi_10ins_m20,43,SpecAnn,0.9720503535125016,1.0,-273778.0,-235296.0,0.0240354537963867,0,True,88,65,True,120,32,0.6877155900001526,44.31172561645508,-811549.486198438,2025-11-20 19:16:29
er_1024_1_6.txt,erdos_renyi_10ins_m20,43,SpecAnn,0.9760921603577252,1.0,-273864.0,-235482.0,0.0126292705535888,0,True,88,33,True,121,32,0.6835737824440002,43.74846649169922,-796408.1698879461,2025-11-20 19:16:29
er_1024_1_6.txt,erdos_renyi_10ins_m20,43,SpecAnn,0.9801172997452104,1.0,-273548.0,-235884.0,0.0126597881317138,0,True,88,33,True,122,32,0.6793936491012573,43.19482803344727,-781521.0979895759,2025-11-20 19:16:29
er_1024_1_6.txt,erdos_renyi_10ins_m20,43,SpecAnn,0.9841259761879442,1.0,-275293.99999999994,-235158.0,0.0126676559448242,0,True,88,33,True,123,32,0.675175130367279,42.65060806274414,-766883.0497752153,2025-11-20 19:16:29
er_1024_1_6.txt,erdos_renyi_10ins_m20,43,SpecAnn,0.9881183900504562,1.0,-278229.99999999994,-234752.0,0.0126354694366455,0,True,88,33,True,124,32,0.670917809009552,42.11558532714844,-752488.0987769023,2025-11-20 19:16:29
er_1024_1_6.txt,erdos_renyi_10ins_m20,43,SpecAnn,0.9920947376656812,1.0,-274868.0,-235040.0,0.0126636028289794,0,True,88,33,True,125,32,0.6666213870048523,41.58957290649414,-738331.1269001021,2025-11-20 19:16:29
er_1024_1_6.txt,erdos_renyi_10ins_m20,43,SpecAnn,0.9960552114476228,1.0,-274868.0,-235040.0,0.0240554809570312,0,True,88,65,True,126,32,0.6622856855392456,41.07236862182617,-724406.9230268437,2025-11-20 19:16:29
er_1024_1_6.txt,erdos_renyi_10ins_m20,43,SpecAnn,1.0,1.0,-276068.0,-235304.0,0.0241620540618896,0,True,88,65,True,127,32,0.6579102873802185,40.563777923583984,-710710.1997693235,2025-11-20 19:16:29
er_1024_1_6.txt,erdos_renyi_10ins_m20,44,SpecAnn,0.0,1.0,-270374.0,-80991.99999999999,0.0136759281158447,0,True,72,33,True,0,32,0.963475227355957,1025.0,-26299766.499209404,2025-11-20 19:16:29
er_1024_1_6.txt,erdos_renyi_10ins_m20,44,SpecAnn,0.0887356509416113,1.0,-273528.0,-84691.99999999999,0.0129158496856689,0,True,72,33,True,1,32,0.9576042890548706,767.2249145507812,-19565738.945173506,2025-11-20 19:16:29
er_1024_1_6.txt,erdos_renyi_10ins_m20,44,SpecAnn,0.1254911610276317,1.0,-269750.0,-87529.99999999999,0.0127208232879638,0,True,72,33,True,2,32,0.954878270626068,680.5494995117188,-17305940.415704597,2025-11-20 19:16:29
er_1024_1_6.txt,erdos_renyi_10ins_m20,44,SpecAnn,0.1536946558735679,1.0,-271594.0,-90910.0,0.0127508640289306,0,True,72,33,True,3,32,0.9526553750038148,620.7681274414062,-15748990.001024071,2025-11-20 19:16:29
er_1024_1_6.txt,erdos_renyi_10ins_m20,44,SpecAnn,0.1774713018832227,1.0,-270040.00000000006,-92586.0,0.0127391815185546,0,True,72,33,True,4,32,0.95068621635437,574.4864501953125,-14544689.748408902,2025-11-20 19:16:29
er_1024_1_6.txt,erdos_renyi_10ins_m20,44,SpecAnn,0.1984189475331362,1.0,-268358.0,-94044.0,0.0128126144409179,0,True,72,33,True,5,32,0.9488749504089355,536.592041015625,-13559406.57294248,2025-11-20 19:16:29
er_1024_1_6.txt,erdos_renyi_10ins_m20,44,SpecAnn,0.2173570668006655,1.0,-268358.0,-94044.0,0.0126774311065673,0,True,72,33,True,6,32,0.947172224521637,504.4988403320313,-12725551.149787148,2025-11-20 19:16:29
er_1024_1_6.txt,erdos_renyi_10ins_m20,44,SpecAnn,0.2347724648169381,1.0,-270598.0,-96366.0,0.012714147567749,0,True,72,33,True,7,32,0.945549249649048,476.6909790039063,-12003518.39253178,2025-11-20 19:16:29
er_1024_1_6.txt,erdos_renyi_10ins_m20,44,SpecAnn,0.2509823220552634,1.0,-267671.99999999994,-98432.0,0.0126063823699951,0,True,72,33,True,8,32,0.943986713886261,452.1938171386719,-11367840.629399056,2025-11-20 19:16:29
er_1024_1_6.txt,erdos_renyi_10ins_m20,44,SpecAnn,0.2662069528248341,1.0,-275796.0,-99842.0,0.0128147602081298,0,True,72,33,True,9,32,0.9424717426300048,430.3389587402344,-10801062.454081375,2025-11-20 19:16:29
er_1024_1_6.txt,erdos_renyi_10ins_m20,44,SpecAnn,0.2806067666331568,1.0,-275796.0,-99842.0,0.0126347541809082,0,True,72,33,True,10,32,0.9409946203231812,410.6458740234375,-10290632.733459214,2025-11-20 19:16:29
er_1024_1_6.txt,erdos_renyi_10ins_m20,44,SpecAnn,0.2943028597012718,1.0,-275796.0,-99842.0,0.0128736495971679,0,True,72,33,True,11,32,0.9395481944084167,392.7565002441406,-9827202.796678305,2025-11-20 19:16:29
er_1024_1_6.txt,erdos_renyi_10ins_m20,44,SpecAnn,0.3073893117471359,1.0,-273770.0,-102108.0,0.0127384662628173,0,True,72,33,True,12,32,0.9381267428398132,376.395751953125,-9403590.407785583,2025-11-20 19:16:29
er_1024_1_6.txt,erdos_renyi_10ins_m20,44,SpecAnn,0.3199409394316542,1.0,-273770.0,-102108.0,0.0126583576202392,0,True,72,33,True,13,32,0.9367257356643676,361.347900390625,-9014164.150335811,2025-11-20 19:16:29
er_1024_1_6.txt,erdos_renyi_10ins_m20,44,SpecAnn,0.3320184038158743,1.0,-272766.0,-106956.0,0.0127255916595458,0,True,72,33,True,14,32,0.9353415966033936,347.4398803710937,-8654408.490783088,2025-11-20 19:16:29
er_1024_1_6.txt,erdos_renyi_10ins_m20,44,SpecAnn,0.3436716983117353,1.0,-270945.99999999994,-109772.0,0.0126845836639404,0,True,72,33,True,15,32,0.9339712262153624,334.53082275390625,-8320647.235777141,2025-11-20 19:16:29
er_1024_1_6.txt,erdos_renyi_10ins_m20,44,SpecAnn,0.3549426037664455,1.0,-271074.0,-112102.0,0.0126662254333496,0,True,72,33,True,16,32,0.9326120018959044,322.5045166015625,-8009848.022831857,2025-11-20 19:16:29
er_1024_1_6.txt,erdos_renyi_10ins_m20,44,SpecAnn,0.3658664615902029,1.0,-276242.0,-113292.0,0.0126359462738037,0,True,72,33,True,17,32,0.931261658668518,311.263671875,-7719472.666828812,2025-11-20 19:16:29
er_1024_1_6.txt,erdos_renyi_10ins_m20,44,SpecAnn,0.3764734830828951,1.0,-276242.0,-113292.0,0.0126171112060546,0,True,72,33,True,18,32,0.92991840839386,300.7261657714844,-7447380.3865342755,2025-11-20 19:16:29
er_1024_1_6.txt,erdos_renyi_10ins_m20,44,SpecAnn,0.3867897351437838,1.0,-270680.0,-117304.0,0.0126218795776367,0,True,72,33,True,19,32,0.9285805225372314,290.8218994140625,-7191742.863287615,2025-11-20 19:16:29
er_1024_1_6.txt,erdos_renyi_10ins_m20,44,SpecAnn,0.3968378950662725,1.0,-269960.0,-119330.0,0.0126655101776123,0,True,72,33,True,20,32,0.9272465109825134,281.49072265625,-6950991.676159146,2025-11-20 19:16:29
er_1024_1_6.txt,erdos_renyi_10ins_m20,44,SpecAnn,0.4066378372811136,1.0,-273282.0,-123786.0,0.0125801563262939,0,True,72,33,True,21,32,0.9259148836135864,272.6803283691406,-6723762.243859363,2025-11-20 19:16:29
er_1024_1_6.txt,erdos_renyi_10ins_m20,44,SpecAnn,0.4162070956347247,1.0,-269164.0,-124582.0,0.0126051902770996,0,True,72,33,True,22,32,0.9245847463607788,264.3451843261719,-6508870.065651984,2025-11-20 19:16:29
er_1024_1_6.txt,erdos_renyi_10ins_m20,44,SpecAnn,0.4255612320274539,1.0,-272454.0,-126184.00000000004,0.0126910209655761,0,True,72,33,True,23,32,0.9232546091079712,256.44537353515625,-6305272.020046029,2025-11-20 19:16:29
er_1024_1_6.txt,erdos_renyi_10ins_m20,44,SpecAnn,0.434714133601331,1.0,-272786.0,-127795.99999999996,0.0125725269317626,0,True,72,33,True,24,32,0.9219236969947816,248.9456481933593,-6112051.311725026,2025-11-20 19:16:29
er_1024_1_6.txt,erdos_renyi_10ins_m20,44,SpecAnn,0.4436782547080569,1.0,-269676.0,-127913.99999999996,0.0127089023590087,0,True,72,33,True,25,32,0.9205910563468932,241.81466674804688,-5928391.343751276,2025-11-20 19:16:29
er_1024_1_6.txt,erdos_renyi_10ins_m20,44,SpecAnn,0.4524648157026343,1.0,-271469.99999999994,-129124.0,0.0125558376312255,0,True,72,33,True,26,32,0.9192557334899902,235.02456665039065,-5753565.776848829,2025-11-20 19:16:29
er_1024_1_6.txt,erdos_renyi_10ins_m20,44,SpecAnn,0.4610839676207039,1.0,-274892.00000000006,-131024.0,0.0126588344573974,0,True,72,33,True,27,32,0.9179169535636902,228.55047607421875,-5586926.990171914,2025-11-20 19:16:29
er_1024_1_6.txt,erdos_renyi_10ins_m20,44,SpecAnn,0.4695449296338763,1.0,-270072.0,-132487.99999999997,0.0126986503601074,0,True,72,33,True,28,32,0.9165739417076112,222.36993408203125,-5427890.127265816,2025-11-20 19:16:29
er_1024_1_6.txt,erdos_renyi_10ins_m20,44,SpecAnn,0.4778561045889373,1.0,-270072.0,-132487.99999999997,0.0126159191131591,0,True,72,33,True,29,32,0.915225863456726,216.46275329589844,-5275928.935371842,2025-11-20 19:16:29
er_1024_1_6.txt,erdos_renyi_10ins_m20,44,SpecAnn,0.4860251767562508,1.0,-270072.0,-132487.99999999997,0.0124921798706054,0,True,72,33,True,30,32,0.9138719439506532,210.8106384277344,-5130566.755114796,2025-11-20 19:16:29
er_1024_1_6.txt,erdos_renyi_10ins_m20,44,SpecAnn,0.4940591950252281,1.0,-273130.0,-133465.99999999997,0.0128757953643798,0,True,72,33,True,31,32,0.912511706352234,205.3970184326172,-4991373.330968451,2025-11-20 19:16:29
er_1024_1_6.txt,erdos_renyi_10ins_m20,44,SpecAnn,0.5019646441105269,1.0,-267354.0,-134998.00000000003,0.0127532482147216,0,True,72,33,True,32,32,0.9111442565917968,200.20681762695312,-4857954.903553454,2025-11-20 19:16:30
er_1024_1_6.txt,erdos_renyi_10ins_m20,44,SpecAnn,0.5097475058154177,1.0,-272487.99999999994,-136660.0,0.0128300189971923,0,True,72,33,True,33,32,0.9097691178321838,195.2261962890625,-4729952.266087486,2025-11-20 19:16:30
er_1024_1_6.txt,erdos_renyi_10ins_m20,44,SpecAnn,0.51741331199832,1.0,-270737.99999999994,-139740.0,0.0128009319305419,0,True,72,33,True,34,32,0.9083853960037231,190.442626953125,-4607037.863615505,2025-11-20 19:16:30
er_1024_1_6.txt,erdos_renyi_10ins_m20,44,SpecAnn,0.5249671905758515,1.0,-270783.99999999994,-142562.0,0.0128483772277832,0,True,72,33,True,35,32,0.9069926142692566,185.844467163086,-4488909.618917379,2025-11-20 19:16:30
er_1024_1_6.txt,erdos_renyi_10ins_m20,44,SpecAnn,0.5324139056496683,1.0,-271412.0,-147054.0,0.0125625133514404,0,True,72,33,True,36,32,0.9055901765823364,181.421142578125,-4375292.330187121,2025-11-20 19:16:30
er_1024_1_6.txt,erdos_renyi_10ins_m20,44,SpecAnn,0.5397578926492556,1.0,-270958.0,-148998.0,0.0126295089721679,0,True,72,33,True,37,32,0.9041773080825806,177.1627960205078,-4265928.811932226,2025-11-20 19:16:30
er_1024_1_6.txt,erdos_renyi_10ins_m20,44,SpecAnn,0.5470032892270364,1.0,-268373.99999999994,-151447.99999999997,0.0127210617065429,0,True,72,33,True,38,32,0.9027534127235411,173.06044006347656,-4160585.174457236,2025-11-20 19:16:30
er_1024_1_6.txt,erdos_renyi_10ins_m20,44,SpecAnn,0.554153962516942,1.0,-270479.99999999994,-152690.0,0.0126352310180664,0,True,72,33,True,39,32,0.901317834854126,169.1056365966797,-4059041.793669424,2025-11-20 19:16:30
er_1024_1_6.txt,erdos_renyi_10ins_m20,44,SpecAnn,0.5612135332663137,1.0,-271215.99999999994,-154985.99999999997,0.0125720500946044,0,True,72,33,True,40,32,0.8998700380325317,165.29066467285156,-3961098.047986338,2025-11-20 19:16:30
er_1024_1_6.txt,erdos_renyi_10ins_m20,44,SpecAnn,0.5681853972686127,1.0,-266951.99999999994,-156259.99999999997,0.0126802921295166,0,True,72,33,True,41,32,0.8984093070030212,161.6083221435547,-3866566.093739249,2025-11-20 19:16:30
er_1024_1_6.txt,erdos_renyi_10ins_m20,44,SpecAnn,0.5750727444570146,1.0,-272178.0,-158300.0,0.012639045715332,0,True,72,33,True,42,32,0.896934986114502,158.0518798828125,-3775270.764383762,2025-11-20 19:16:30
er_1024_1_6.txt,erdos_renyi_10ins_m20,44,SpecAnn,0.5818785759635375,1.0,-277043.99999999994,-159108.0,0.0126709938049316,0,True,72,33,True,43,32,0.895446240901947,154.61514282226562,-3687049.924151858,2025-11-20 19:16:30
er_1024_1_6.txt,erdos_renyi_10ins_m20,44,SpecAnn,0.5886057194025436,1.0,-272345.99999999994,-159863.99999999997,0.0126073360443115,0,True,72,33,True,44,32,0.8939427137374878,151.29229736328125,-3601753.45286183,2025-11-20 19:16:30
er_1024_1_6.txt,erdos_renyi_10ins_m20,44,SpecAnn,0.5952568425994088,1.0,-270446.0,-161796.0,0.0126130580902099,0,True,72,33,True,45,32,0.8924234509468079,148.07781982421875,-3519236.5564554203,2025-11-20 19:16:30
er_1024_1_6.txt,erdos_renyi_10ins_m20,44,SpecAnn,0.6018344659534288,1.0,-273577.99999999994,-164040.0,0.0126547813415527,0,True,72,33,True,46,32,0.8908878564834595,144.9667205810547,-3439369.441352895,2025-11-20 19:16:30
er_1024_1_6.txt,erdos_renyi_10ins_m20,44,SpecAnn,0.6083409735974393,1.0,-270544.0,-165392.0,0.0127081871032714,0,True,72,33,True,47,32,0.8893352150917053,141.9541778564453,-3362026.5816318155,2025-11-20 19:16:30
er_1024_1_6.txt,erdos_renyi_10ins_m20,44,SpecAnn,0.6147786234942719,1.0,-268940.0,-171784.0,0.0127308368682861,0,True,72,33,True,48,32,0.887764573097229,139.0357666015625,-3287091.7061961545,2025-11-20 19:16:30
er_1024_1_6.txt,erdos_renyi_10ins_m20,44,SpecAnn,0.6211495565912796,1.0,-275424.0,-177283.99999999997,0.0126614570617675,0,True,72,33,True,49,32,0.8861754536628723,136.20726013183594,-3214455.7217975995,2025-11-20 19:16:30
er_1024_1_6.txt,erdos_renyi_10ins_m20,44,SpecAnn,0.6274558051381586,1.0,-270596.0,-177808.0,0.012693166732788,0,True,72,33,True,50,32,0.8845668435096741,133.46470642089844,-3144014.690569313,2025-11-20 19:16:30
er_1024_1_6.txt,erdos_renyi_10ins_m20,44,SpecAnn,0.6336993002596786,1.0,-273382.00000000006,-179523.99999999997,0.0126760005950927,0,True,72,33,True,51,32,0.8829380869865417,130.80442810058594,-3075673.084895911,2025-11-20 19:16:30
er_1024_1_6.txt,erdos_renyi_10ins_m20,44,SpecAnn,0.6398818788633085,1.0,-276372.0,-181162.0,0.0125963687896728,0,True,72,33,True,52,32,0.8812881708145142,128.222900390625,-3009338.2951770914,2025-11-20 19:16:30
er_1024_1_6.txt,erdos_renyi_10ins_m20,44,SpecAnn,0.6460052899517691,1.0,-275387.99999999994,-183452.0,0.012667179107666,0,True,72,33,True,53,32,0.8796163201332092,125.71683502197266,-2944924.682675673,2025-11-20 19:16:30
er_1024_1_6.txt,erdos_renyi_10ins_m20,44,SpecAnn,0.6520712004019966,1.0,-271683.99999999994,-190542.0,0.0127124786376953,0,True,72,33,True,54,32,0.8779217004776001,123.28311157226562,-2882350.86460254,2025-11-20 19:16:30
er_1024_1_6.txt,erdos_renyi_10ins_m20,44,SpecAnn,0.6580812002646271,1.0,-274060.0,-193956.0,0.0126757621765136,0,True,72,33,True,55,32,0.8762034177780151,120.91880798339844,-2821540.4109010366,2025-11-20 19:16:30
er_1024_1_6.txt,erdos_renyi_10ins_m20,44,SpecAnn,0.6640368076317485,1.0,-274912.0,-194808.0,0.0128908157348632,0,True,72,33,True,56,32,0.8744604587554932,118.62110900878906,-2762419.499642293,2025-11-20 19:16:30
er_1024_1_6.txt,erdos_renyi_10ins_m20,44,SpecAnn,0.6699394731151429,1.0,-273501.99999999994,-196532.0,0.0125908851623535,0,True,72,33,True,57,32,0.8726919293403625,116.3874282836914,-2704920.5058897515,2025-11-20 19:16:30
er_1024_1_6.txt,erdos_renyi_10ins_m20,44,SpecAnn,0.6757905839724513,1.0,-274778.0,-198826.0,0.012608528137207,0,True,72,33,True,58,32,0.8708968758583069,114.2152328491211,-2648977.300108557,2025-11-20 19:16:30
er_1024_1_6.txt,erdos_renyi_10ins_m20,44,SpecAnn,0.6815914679145113,1.0,-278011.99999999994,-199534.0,0.0127265453338623,0,True,72,33,True,59,32,0.8690743446350098,112.10218811035156,-2594528.787872095,2025-11-20 19:16:30
er_1024_1_6.txt,erdos_renyi_10ins_m20,44,SpecAnn,0.6873433966234707,1.0,-277470.0,-202042.0,0.0125906467437744,0,True,72,33,True,60,32,0.86722332239151,110.04600524902344,-2541515.1651909733,2025-11-20 19:16:30
er_1024_1_6.txt,erdos_renyi_10ins_m20,44,SpecAnn,0.6930475890080863,1.0,-278880.0,-204704.0,0.012742280960083,0,True,72,33,True,61,32,0.8653427958488464,108.04460906982422,-2489881.965110892,2025-11-20 19:16:30
er_1024_1_6.txt,erdos_renyi_10ins_m20,44,SpecAnn,0.6987052142198116,1.0,-274676.0,-209340.0,0.0128321647644042,0,True,72,33,True,62,32,0.863431990146637,106.09593200683594,-2439575.943002008,2025-11-20 19:16:30
er_1024_1_6.txt,erdos_renyi_10ins_m20,44,SpecAnn,0.7043173944508145,1.0,-273667.99999999994,-209072.0,0.0128085613250732,0,True,72,33,True,63,32,0.8614897131919861,104.19805145263672,-2390546.347698442,2025-11-20 19:16:30
er_1024_1_6.txt,erdos_renyi_10ins_m20,44,SpecAnn,0.709885207532891,1.0,-275740.0,-213806.0,0.0127773284912109,0,True,72,33,True,64,32,0.8595151901245117,102.34915924072266,-2342746.5682680192,2025-11-20 19:16:30
er_1024_1_6.txt,erdos_renyi_10ins_m20,44,SpecAnn,0.7154096893543218,1.0,-277131.99999999994,-217110.0,0.0128529071807861,0,True,72,33,True,65,32,0.8575075268745422,100.54747009277344,-2296130.4767638426,2025-11-20 19:16:30
er_1024_1_6.txt,erdos_renyi_10ins_m20,44,SpecAnn,0.7208918361100219,1.0,-273506.0,-215198.0,0.0127129554748535,0,True,72,33,True,66,32,0.8554657697677612,98.7913589477539,-2250655.741105705,2025-11-20 19:16:30
er_1024_1_6.txt,erdos_renyi_10ins_m20,44,SpecAnn,0.7263326063988248,1.0,-277700.0,-216092.00000000003,0.0128881931304931,0,True,72,33,True,67,32,0.8533892631530762,97.07920837402344,-2206281.256084817,2025-11-20 19:16:30
er_1024_1_6.txt,erdos_renyi_10ins_m20,44,SpecAnn,0.7317329231804058,1.0,-277517.99999999994,-217228.0,0.0128045082092285,0,True,72,33,True,68,32,0.8512770533561707,95.40953063964844,-2162968.33146066,2025-11-20 19:16:30
er_1024_1_6.txt,erdos_renyi_10ins_m20,44,SpecAnn,0.7370936756031579,1.0,-277040.0,-221630.0,0.0128200054168701,0,True,72,33,True,69,32,0.8491286039352417,93.78086853027344,-2120680.2705842503,2025-11-20 19:16:30
er_1024_1_6.txt,erdos_renyi_10ins_m20,44,SpecAnn,0.7424157207132704,1.0,-277604.0,-223406.0,0.0127482414245605,0,True,72,33,True,70,32,0.8469433188438416,92.19184112548828,-2079382.13873835,2025-11-20 19:16:30
er_1024_1_6.txt,erdos_renyi_10ins_m20,44,SpecAnn,0.7476998850543153,1.0,-274845.99999999994,-224466.0,0.0126945972442626,0,True,72,33,True,71,32,0.844720721244812,90.64112854003906,-2039040.849653013,2025-11-20 19:16:30
er_1024_1_6.txt,erdos_renyi_10ins_m20,44,SpecAnn,0.7529469661657903,1.0,-277976.0,-227752.0,0.0126137733459472,0,True,72,33,True,72,32,0.8424601554870605,89.1274642944336,-1999624.2520359056,2025-11-20 19:16:30
er_1024_1_6.txt,erdos_renyi_10ins_m20,44,SpecAnn,0.7581577339883167,1.0,-276748.00000000006,-230614.0,0.0126800537109375,0,True,72,33,True,73,32,0.8401615619659424,87.64964294433594,-1961103.1362103312,2025-11-20 19:16:30
er_1024_1_6.txt,erdos_renyi_10ins_m20,44,SpecAnn,0.7633329321824984,1.0,-276074.0,-234342.00000000003,0.0127222537994384,0,True,72,33,True,74,32,0.8378243446350098,86.20651245117188,-1923448.336976827,2025-11-20 19:16:30
er_1024_1_6.txt,erdos_renyi_10ins_m20,44,SpecAnn,0.7684732793678399,1.0,-273968.0,-234230.0,0.0129456520080566,0,True,72,33,True,75,32,0.8354486227035522,84.79696655273438,-1886633.4859398955,2025-11-20 19:16:30
er_1024_1_6.txt,erdos_renyi_10ins_m20,44,SpecAnn,0.7735794702875677,1.0,-275742.0,-234674.0,0.0128326416015625,0,True,72,33,True,76,32,0.8330342173576355,83.41992950439453,-1850632.282593105,2025-11-20 19:16:30
er_1024_1_6.txt,erdos_renyi_10ins_m20,44,SpecAnn,0.7786521769046981,1.0,-274121.99999999994,-234200.0,0.0243282318115234,0,True,72,65,True,77,32,0.8305806517601013,82.07440948486328,-1815419.7314177065,2025-11-20 19:16:30
er_1024_1_6.txt,erdos_renyi_10ins_m20,44,SpecAnn,0.7836920494342511,1.0,-274151.99999999994,-235008.0,0.0241031646728515,0,True,72,65,True,78,32,0.8280882835388184,80.75940704345703,-1780972.592450399,2025-11-20 19:16:30
er_1024_1_6.txt,erdos_renyi_10ins_m20,44,SpecAnn,0.788699717316095,1.0,-275543.99999999994,-236412.0,0.0243129730224609,0,True,72,65,True,79,32,0.8255568742752075,79.4739990234375,-1747268.064943221,2025-11-20 19:16:30
er_1024_1_6.txt,erdos_renyi_10ins_m20,44,SpecAnn,0.7936757901325451,1.0,-274590.0,-239024.0,0.0241954326629638,0,True,72,65,True,80,32,0.8229864835739136,78.21728515625,-1714284.5660031394,2025-11-20 19:16:30
er_1024_1_6.txt,erdos_renyi_10ins_m20,44,SpecAnn,0.7986208584745024,1.0,-276220.0,-240766.0,0.0241127014160156,0,True,72,65,True,81,32,0.8203767538070679,76.9883804321289,-1682000.048492188,2025-11-20 19:16:30
er_1024_1_6.txt,erdos_renyi_10ins_m20,44,SpecAnn,0.803535494759617,1.0,-275162.0,-240066.00000000003,0.0241780281066894,0,True,72,65,True,82,32,0.8177280426025391,75.78648376464844,-1650395.8531779917,2025-11-20 19:16:30
er_1024_1_6.txt,erdos_renyi_10ins_m20,44,SpecAnn,0.8084202540056837,1.0,-276795.99999999994,-241082.00000000003,0.024167776107788,0,True,72,65,True,83,32,0.8150396943092346,74.61080169677734,-1619451.482904302,2025-11-20 19:16:30
er_1024_1_6.txt,erdos_renyi_10ins_m20,44,SpecAnn,0.8132756745622272,1.0,-275110.0,-239948.0,0.0242371559143066,0,True,72,65,True,84,32,0.8123111724853516,73.46054077148438,-1589146.8163042692,2025-11-20 19:16:30
er_1024_1_6.txt,erdos_renyi_10ins_m20,44,SpecAnn,0.8181022788030096,1.0,-277540.0,-242036.0,0.0241320133209228,0,True,72,65,True,85,32,0.8095426559448242,72.3349609375,-1559464.393435481,2025-11-20 19:16:30
er_1024_1_6.txt,erdos_renyi_10ins_m20,44,SpecAnn,0.822900573781978,1.0,-277229.99999999994,-242030.0,0.0240936279296875,0,True,72,65,True,86,32,0.806732714176178,71.2333755493164,-1530384.8860820069,2025-11-20 19:16:30
er_1024_1_6.txt,erdos_renyi_10ins_m20,44,SpecAnn,0.8276710518549868,1.0,-276982.0,-242772.0,0.0241036415100097,0,True,72,65,True,87,32,0.8038808107376099,70.15509796142578,-1501890.8513555815,2025-11-20 19:16:30
er_1024_1_6.txt,erdos_renyi_10ins_m20,44,SpecAnn,0.8324141912694495,1.0,-278202.0,-243150.0,0.0241181850433349,0,True,72,65,True,88,32,0.800984799861908,69.09944152832031,-1473961.9979999284,2025-11-20 19:16:30
er_1024_1_6.txt,erdos_renyi_10ins_m20,44,SpecAnn,0.8371304567239225,1.0,-279394.0,-241874.0,0.0240623950958251,0,True,72,65,True,89,32,0.7980445027351379,68.0658187866211,-1446584.002809364,2025-11-20 19:16:30
er_1024_1_6.txt,erdos_renyi_10ins_m20,44,SpecAnn,0.8418202998994706,1.0,-276104.0,-243560.0,0.02413010597229,0,True,72,65,True,90,32,0.7950586080551147,67.05355834960938,-1419738.7899628675,2025-11-20 19:16:30
er_1024_1_6.txt,erdos_renyi_10ins_m20,44,SpecAnn,0.846484159964536,1.0,-279116.0,-245096.0,0.0241756439208984,0,True,72,65,True,91,32,0.792026937007904,66.06211853027344,-1393413.2109206414,2025-11-20 19:16:30
er_1024_1_6.txt,erdos_renyi_10ins_m20,44,SpecAnn,0.8511224640549078,1.0,-279971.99999999994,-245378.0,0.0242013931274414,0,True,72,65,True,92,32,0.7889496684074402,65.0909194946289,-1367593.9759930684,2025-11-20 19:16:30
er_1024_1_6.txt,erdos_renyi_10ins_m20,44,SpecAnn,0.8557356277302758,1.0,-280745.99999999994,-246020.0,0.0241005420684814,0,True,72,65,True,93,32,0.7858286499977112,64.13939666748047,-1342270.9880039862,2025-11-20 19:16:30
er_1024_1_6.txt,erdos_renyi_10ins_m20,44,SpecAnn,0.8603240554087516,1.0,-278672.0,-243306.0,0.024484634399414,0,True,72,65,True,94,32,0.7826651334762573,63.2070198059082,-1317433.7216229176,2025-11-20 19:16:31
er_1024_1_6.txt,erdos_renyi_10ins_m20,44,SpecAnn,0.86488814078064,1.0,-278315.99999999994,-241868.0,0.0243444442749023,0,True,72,65,True,95,32,0.779461145401001,62.29331207275391,-1293073.967390501,2025-11-20 19:16:31
er_1024_1_6.txt,erdos_renyi_10ins_m20,44,SpecAnn,0.8694282672026621,1.0,-279450.0,-240510.0,0.0241110324859619,0,True,72,65,True,96,32,0.7762185335159302,61.397735595703125,-1269181.8034577046,2025-11-20 19:16:31
er_1024_1_6.txt,erdos_renyi_10ins_m20,44,SpecAnn,0.8739448080737451,1.0,-281152.0,-240466.00000000003,0.0240862369537353,0,True,72,65,True,97,32,0.7729379534721375,60.51984405517578,-1245747.1658817108,2025-11-20 19:16:31
er_1024_1_6.txt,erdos_renyi_10ins_m20,44,SpecAnn,0.878438127193422,1.0,-278486.0,-239044.0,0.0241615772247314,0,True,72,65,True,98,32,0.7696212530136108,59.6591682434082,-1222761.4014169625,2025-11-20 19:16:31
er_1024_1_6.txt,erdos_renyi_10ins_m20,44,SpecAnn,0.8829085791038153,1.0,-276457.99999999994,-238642.00000000003,0.0240583419799804,0,True,72,65,True,99,32,0.7662686109542847,58.81525039672852,-1200213.3706567846,2025-11-20 19:16:31
er_1024_1_6.txt,erdos_renyi_10ins_m20,44,SpecAnn,0.8873565094161138,1.0,-276990.0,-239618.00000000003,0.0241336822509765,0,True,72,65,True,100,32,0.7628805041313171,57.9876708984375,-1178093.2195553246,2025-11-20 19:16:31
er_1024_1_6.txt,erdos_renyi_10ins_m20,44,SpecAnn,0.8917822551223932,1.0,-274725.99999999994,-239718.0,0.0243363380432128,0,True,72,65,True,101,32,0.7594576478004456,57.17601013183594,-1156391.4727011314,2025-11-20 19:16:31
er_1024_1_6.txt,erdos_renyi_10ins_m20,44,SpecAnn,0.8961861448935777,1.0,-274949.99999999994,-239884.0,0.0241100788116455,0,True,72,65,True,102,32,0.7559998631477356,56.37986755371094,-1135097.6976569537,2025-11-20 19:16:31
er_1024_1_6.txt,erdos_renyi_10ins_m20,44,SpecAnn,0.9005684993642872,1.0,-273449.99999999994,-239094.0,0.0242335796356201,0,True,72,65,True,103,32,0.7525075078010559,55.59886169433594,-1114202.7140011524,2025-11-20 19:16:31
er_1024_1_6.txt,erdos_renyi_10ins_m20,44,SpecAnn,0.9049296314052688,1.0,-273530.0,-238984.0,0.0241713523864746,0,True,72,65,True,104,32,0.7489805817604065,54.83259201049805,-1093696.4661944392,2025-11-20 19:16:31
er_1024_1_6.txt,erdos_renyi_10ins_m20,44,SpecAnn,0.9092698463840684,1.0,-274376.0,-237712.0,0.0240883827209472,0,True,72,65,True,105,32,0.7454186677932739,54.08070755004883,-1073569.3505805498,2025-11-20 19:16:31
er_1024_1_6.txt,erdos_renyi_10ins_m20,44,SpecAnn,0.9135894424145556,1.0,-276294.0,-237822.00000000003,0.0242846012115478,0,True,72,65,True,106,32,0.7418220639228821,53.34286117553711,-1053812.9407687362,2025-11-20 19:16:31
er_1024_1_6.txt,erdos_renyi_10ins_m20,44,SpecAnn,0.9178887105958816,1.0,-273790.0,-237276.0,0.0241448879241943,0,True,72,65,True,107,32,0.7381904125213623,52.618690490722656,-1034417.62253353,2025-11-20 19:16:31
er_1024_1_6.txt,erdos_renyi_10ins_m20,44,SpecAnn,0.922167935241408,1.0,-273869.99999999994,-237984.0,0.024195909500122,0,True,72,65,True,108,32,0.7345237731933594,51.90786743164063,-1015375.1207806028,2025-11-20 19:16:31
er_1024_1_6.txt,erdos_renyi_10ins_m20,44,SpecAnn,0.92642739409812,1.0,-276123.99999999994,-237998.0,0.0243282318115234,0,True,72,65,True,109,32,0.730821967124939,51.210105895996094,-996677.700294004,2025-11-20 19:16:31
er_1024_1_6.txt,erdos_renyi_10ins_m20,44,SpecAnn,0.9306673585570006,1.0,-275024.0,-238788.0,0.0241401195526123,0,True,72,65,True,110,32,0.7270846962928772,50.52503967285156,-978315.966621072,2025-11-20 19:16:31
er_1024_1_6.txt,erdos_renyi_10ins_m20,44,SpecAnn,0.9348880938548184,1.0,-278147.99999999994,-237660.0,0.0243330001831054,0,True,72,65,True,111,32,0.7233117818832397,49.85239410400391,-960282.5422239604,2025-11-20 19:16:31
er_1024_1_6.txt,erdos_renyi_10ins_m20,44,SpecAnn,0.9390898592677528,1.0,-275022.0,-236550.0,0.0126149654388427,0,True,72,33,True,112,32,0.7195031046867371,49.19187927246094,-942569.8873325464,2025-11-20 19:16:31
er_1024_1_6.txt,erdos_renyi_10ins_m20,44,SpecAnn,0.9432729082972536,1.0,-278059.99999999994,-236592.0,0.0126311779022216,0,True,72,33,True,113,32,0.7156583070755005,48.54319763183594,-925170.0647721027,2025-11-20 19:16:31
er_1024_1_6.txt,erdos_renyi_10ins_m20,44,SpecAnn,0.9474374888485204,1.0,-276394.0,-236228.0,0.0128664970397949,0,True,72,33,True,114,32,0.7117772102355957,47.90608215332031,-908076.0219064024,2025-11-20 19:16:31
er_1024_1_6.txt,erdos_renyi_10ins_m20,44,SpecAnn,0.9515838434019476,1.0,-276674.0,-236110.0,0.0128991603851318,0,True,72,33,True,115,32,0.7078595161437988,47.28025436401367,-891280.3953125828,2025-11-20 19:16:31
er_1024_1_6.txt,erdos_renyi_10ins_m20,44,SpecAnn,0.9557122091778746,1.0,-277329.99999999994,-235760.0,0.0129504203796386,0,True,72,33,True,116,32,0.7039052844047546,46.66547393798828,-874777.0508166116,2025-11-20 19:16:31
er_1024_1_6.txt,erdos_renyi_10ins_m20,44,SpecAnn,0.9598228182949629,1.0,-276261.99999999994,-235340.0,0.012826919555664,0,True,72,33,True,117,32,0.6999139189720154,46.061466217041016,-858558.4423742034,2025-11-20 19:16:31
er_1024_1_6.txt,erdos_renyi_10ins_m20,44,SpecAnn,0.963915897922488,1.0,-275006.0,-235624.0,0.0127160549163818,0,True,72,33,True,118,32,0.6958854794502258,45.46800231933594,-842618.7571910955,2025-11-20 19:16:31
er_1024_1_6.txt,erdos_renyi_10ins_m20,44,SpecAnn,0.967991670426842,1.0,-275006.0,-235624.0,0.0243327617645263,0,True,72,65,True,119,32,0.6918193697929382,44.88483047485352,-826951.008570306,2025-11-20 19:16:31
er_1024_1_6.txt,erdos_renyi_10ins_m20,44,SpecAnn,0.9720503535125016,1.0,-273306.0,-235296.0,0.0244190692901611,0,True,72,65,True,120,32,0.6877155900001526,44.31172561645508,-811549.486198438,2025-11-20 19:16:31
er_1024_1_6.txt,erdos_renyi_10ins_m20,44,SpecAnn,0.9760921603577252,1.0,-274714.0,-235482.0,0.012824535369873,0,True,72,33,True,121,32,0.6835737824440002,43.74846649169922,-796408.1698879461,2025-11-20 19:16:31
er_1024_1_6.txt,erdos_renyi_10ins_m20,44,SpecAnn,0.9801172997452104,1.0,-275578.0,-235884.0,0.0128517150878906,0,True,72,33,True,122,32,0.6793937683105469,43.19482803344727,-781521.2351185806,2025-11-20 19:16:31
er_1024_1_6.txt,erdos_renyi_10ins_m20,44,SpecAnn,0.9841259761879442,1.0,-275530.0,-235158.0,0.0126960277557373,0,True,72,33,True,123,32,0.6751753091812134,42.65060806274414,-766883.2528771502,2025-11-20 19:16:31
er_1024_1_6.txt,erdos_renyi_10ins_m20,44,SpecAnn,0.9881183900504562,1.0,-277877.99999999994,-234752.0,0.0127773284912109,0,True,72,33,True,124,32,0.6709177494049072,42.11558532714844,-752488.0319255157,2025-11-20 19:16:31
er_1024_1_6.txt,erdos_renyi_10ins_m20,44,SpecAnn,0.9920947376656812,1.0,-275317.99999999994,-235040.0,0.0128650665283203,0,True,72,33,True,125,32,0.6666213870048523,41.58957290649414,-738331.1269001021,2025-11-20 19:16:31
er_1024_1_6.txt,erdos_renyi_10ins_m20,44,SpecAnn,0.9960552114476228,1.0,-275317.99999999994,-235040.0,0.0244045257568359,0,True,72,65,True,126,32,0.6622856855392456,41.07236862182617,-724406.9230268437,2025-11-20 19:16:31
er_1024_1_6.txt,erdos_renyi_10ins_m20,44,SpecAnn,1.0,1.0,-275594.0,-235304.0,0.0241839885711669,0,True,72,65,True,127,32,0.6579103469848633,40.563777923583984,-710710.2641574776,2025-11-20 19:16:31
er_1024_1_6.txt,erdos_renyi_10ins_m20,45,SpecAnn,0.0,1.0,-268782.0,-80991.99999999999,0.0133886337280273,0,True,73,33,True,0,32,0.9634751677513124,1025.0,-26299764.872194827,2025-11-20 19:16:31
er_1024_1_6.txt,erdos_renyi_10ins_m20,45,SpecAnn,0.0887356509416113,1.0,-272254.0,-84691.99999999999,0.0129034519195556,0,True,73,33,True,1,32,0.9576042890548706,767.2249145507812,-19565738.945173506,2025-11-20 19:16:31
er_1024_1_6.txt,erdos_renyi_10ins_m20,45,SpecAnn,0.1254911610276317,1.0,-270676.0,-87529.99999999999,0.0126073360443115,0,True,73,33,True,2,32,0.954878270626068,680.5494995117188,-17305940.415704597,2025-11-20 19:16:31
er_1024_1_6.txt,erdos_renyi_10ins_m20,45,SpecAnn,0.1536946558735679,1.0,-271407.99999999994,-90910.0,0.0126781463623046,0,True,73,33,True,3,32,0.9526553750038148,620.7681274414062,-15748990.001024071,2025-11-20 19:16:31
er_1024_1_6.txt,erdos_renyi_10ins_m20,45,SpecAnn,0.1774713018832227,1.0,-271317.99999999994,-92586.0,0.0127336978912353,0,True,73,33,True,4,32,0.95068621635437,574.4864501953125,-14544689.748408902,2025-11-20 19:16:31
er_1024_1_6.txt,erdos_renyi_10ins_m20,45,SpecAnn,0.1984189475331362,1.0,-270565.99999999994,-94044.0,0.0126893520355224,0,True,73,33,True,5,32,0.9488748908042908,536.592041015625,-13559405.72119314,2025-11-20 19:16:31
er_1024_1_6.txt,erdos_renyi_10ins_m20,45,SpecAnn,0.2173570668006655,1.0,-270565.99999999994,-94044.0,0.012664794921875,0,True,73,33,True,6,32,0.9471722841262816,504.4988403320313,-12725551.950593948,2025-11-20 19:16:31
er_1024_1_6.txt,erdos_renyi_10ins_m20,45,SpecAnn,0.2347724648169381,1.0,-271569.99999999994,-96366.0,0.0129048824310302,0,True,73,33,True,7,32,0.9455493092536926,476.6909790039063,-12003519.14919829,2025-11-20 19:16:31
er_1024_1_6.txt,erdos_renyi_10ins_m20,45,SpecAnn,0.2509823220552634,1.0,-269088.0,-98432.0,0.0128769874572753,0,True,73,33,True,8,32,0.9439867734909058,452.1938171386719,-11367841.347180454,2025-11-20 19:16:31
er_1024_1_6.txt,erdos_renyi_10ins_m20,45,SpecAnn,0.2662069528248341,1.0,-273858.0,-99842.0,0.0128955841064453,0,True,73,33,True,9,32,0.9424717426300048,430.3389587402344,-10801062.454081375,2025-11-20 19:16:31
er_1024_1_6.txt,erdos_renyi_10ins_m20,45,SpecAnn,0.2806067666331568,1.0,-273858.0,-99842.0,0.0128383636474609,0,True,73,33,True,10,32,0.9409946203231812,410.6458740234375,-10290632.733459214,2025-11-20 19:16:31
er_1024_1_6.txt,erdos_renyi_10ins_m20,45,SpecAnn,0.2943028597012718,1.0,-273858.0,-99842.0,0.0129010677337646,0,True,73,33,True,11,32,0.9395482540130616,392.7565002441406,-9827203.42011299,2025-11-20 19:16:31
er_1024_1_6.txt,erdos_renyi_10ins_m20,45,SpecAnn,0.3073893117471359,1.0,-273058.0,-102108.0,0.0129504203796386,0,True,73,33,True,12,32,0.9381267428398132,376.395751953125,-9403590.407785583,2025-11-20 19:16:32
er_1024_1_6.txt,erdos_renyi_10ins_m20,45,SpecAnn,0.3199409394316542,1.0,-273058.0,-102108.0,0.0128889083862304,0,True,73,33,True,13,32,0.9367257952690125,361.347900390625,-9014164.723914644,2025-11-20 19:16:32
er_1024_1_6.txt,erdos_renyi_10ins_m20,45,SpecAnn,0.3320184038158743,1.0,-273172.0,-106956.0,0.0129370689392089,0,True,73,33,True,14,32,0.9353416562080384,347.4398803710937,-8654409.042285282,2025-11-20 19:16:32
er_1024_1_6.txt,erdos_renyi_10ins_m20,45,SpecAnn,0.3436716983117353,1.0,-270952.0,-109772.0,0.0129477977752685,0,True,73,33,True,15,32,0.9339712262153624,334.53082275390625,-8320647.235777141,2025-11-20 19:16:32
er_1024_1_6.txt,erdos_renyi_10ins_m20,45,SpecAnn,0.3549426037664455,1.0,-274784.0,-112102.0,0.0129408836364746,0,True,73,33,True,16,32,0.9326120018959044,322.5045166015625,-8009848.022831857,2025-11-20 19:16:32
er_1024_1_6.txt,erdos_renyi_10ins_m20,45,SpecAnn,0.3658664615902029,1.0,-273727.99999999994,-113292.0,0.0127844810485839,0,True,73,33,True,17,32,0.931261658668518,311.263671875,-7719472.666828812,2025-11-20 19:16:32
er_1024_1_6.txt,erdos_renyi_10ins_m20,45,SpecAnn,0.3764734830828951,1.0,-273727.99999999994,-113292.0,0.0126636028289794,0,True,73,33,True,18,32,0.92991840839386,300.7261657714844,-7447380.3865342755,2025-11-20 19:16:32
er_1024_1_6.txt,erdos_renyi_10ins_m20,45,SpecAnn,0.3867897351437838,1.0,-272924.0,-117304.0,0.012714147567749,0,True,73,33,True,19,32,0.9285805225372314,290.8218994140625,-7191742.863287615,2025-11-20 19:16:32
er_1024_1_6.txt,erdos_renyi_10ins_m20,45,SpecAnn,0.3968378950662725,1.0,-271416.0,-119330.0,0.0126137733459472,0,True,73,33,True,20,32,0.9272464513778688,281.49072265625,-6950991.229340113,2025-11-20 19:16:32
er_1024_1_6.txt,erdos_renyi_10ins_m20,45,SpecAnn,0.4066378372811136,1.0,-275060.0,-123786.0,0.0127654075622558,0,True,73,33,True,21,32,0.9259148836135864,272.6803283691406,-6723762.243859363,2025-11-20 19:16:32
er_1024_1_6.txt,erdos_renyi_10ins_m20,45,SpecAnn,0.4162070956347247,1.0,-275642.0,-124582.0,0.0126235485076904,0,True,73,33,True,22,32,0.924584686756134,264.3451843261719,-6508869.6460486,2025-11-20 19:16:32
er_1024_1_6.txt,erdos_renyi_10ins_m20,45,SpecAnn,0.4255612320274539,1.0,-272234.0,-126184.00000000004,0.0126605033874511,0,True,73,33,True,23,32,0.9232546091079712,256.44537353515625,-6305272.020046029,2025-11-20 19:16:32
er_1024_1_6.txt,erdos_renyi_10ins_m20,45,SpecAnn,0.434714133601331,1.0,-272054.0,-127795.99999999996,0.0127527713775634,0,True,73,33,True,24,32,0.9219237565994264,248.9456481933593,-6112051.706884244,2025-11-20 19:16:32
er_1024_1_6.txt,erdos_renyi_10ins_m20,45,SpecAnn,0.4436782547080569,1.0,-271814.0,-127913.99999999996,0.0126590728759765,0,True,73,33,True,25,32,0.9205910563468932,241.81466674804688,-5928391.343751276,2025-11-20 19:16:32
er_1024_1_6.txt,erdos_renyi_10ins_m20,45,SpecAnn,0.4524648157026343,1.0,-273703.99999999994,-129124.0,0.0126047134399414,0,True,73,33,True,26,32,0.919255793094635,235.02456665039065,-5753566.149910679,2025-11-20 19:16:32
er_1024_1_6.txt,erdos_renyi_10ins_m20,45,SpecAnn,0.4610839676207039,1.0,-275016.0,-131024.0,0.0126347541809082,0,True,73,33,True,27,32,0.9179169535636902,228.55047607421875,-5586926.990171914,2025-11-20 19:16:32
er_1024_1_6.txt,erdos_renyi_10ins_m20,45,SpecAnn,0.4695449296338763,1.0,-274445.99999999994,-132487.99999999997,0.0125641822814941,0,True,73,33,True,28,32,0.9165739417076112,222.36993408203125,-5427890.127265816,2025-11-20 19:16:32
er_1024_1_6.txt,erdos_renyi_10ins_m20,45,SpecAnn,0.4778561045889373,1.0,-274445.99999999994,-132487.99999999997,0.0126552581787109,0,True,73,33,True,29,32,0.915225863456726,216.46275329589844,-5275928.935371842,2025-11-20 19:16:32
er_1024_1_6.txt,erdos_renyi_10ins_m20,45,SpecAnn,0.4860251767562508,1.0,-274445.99999999994,-132487.99999999997,0.0126254558563232,0,True,73,33,True,30,32,0.9138720631599426,210.8106384277344,-5130567.424367444,2025-11-20 19:16:32
er_1024_1_6.txt,erdos_renyi_10ins_m20,45,SpecAnn,0.4940591950252281,1.0,-270938.0,-133465.99999999997,0.0126161575317382,0,True,73,33,True,31,32,0.912511706352234,205.3970184326172,-4991373.330968451,2025-11-20 19:16:32
er_1024_1_6.txt,erdos_renyi_10ins_m20,45,SpecAnn,0.5019646441105269,1.0,-270618.0,-134998.00000000003,0.0126378536224365,0,True,73,33,True,32,32,0.9111442565917968,200.20681762695312,-4857954.903553454,2025-11-20 19:16:32
er_1024_1_6.txt,erdos_renyi_10ins_m20,45,SpecAnn,0.5097475058154177,1.0,-271284.0,-136660.0,0.0126216411590576,0,True,73,33,True,33,32,0.9097691178321838,195.2261962890625,-4729952.266087486,2025-11-20 19:16:32
er_1024_1_6.txt,erdos_renyi_10ins_m20,45,SpecAnn,0.51741331199832,1.0,-272151.99999999994,-139740.0,0.0125937461853027,0,True,73,33,True,34,32,0.9083853960037231,190.442626953125,-4607037.863615505,2025-11-20 19:16:32
er_1024_1_6.txt,erdos_renyi_10ins_m20,45,SpecAnn,0.5249671905758515,1.0,-271284.0,-142562.0,0.0126459598541259,0,True,73,33,True,35,32,0.9069926738739014,185.844467163086,-4488909.913914117,2025-11-20 19:16:32
er_1024_1_6.txt,erdos_renyi_10ins_m20,45,SpecAnn,0.5324139056496683,1.0,-271390.0,-147054.0,0.012618064880371,0,True,73,33,True,36,32,0.9055901169776917,181.421142578125,-4375292.042211665,2025-11-20 19:16:32
er_1024_1_6.txt,erdos_renyi_10ins_m20,45,SpecAnn,0.5397578926492556,1.0,-274146.0,-148998.0,0.0126829147338867,0,True,73,33,True,37,32,0.9041772484779358,177.1627960205078,-4265928.530716175,2025-11-20 19:16:32
er_1024_1_6.txt,erdos_renyi_10ins_m20,45,SpecAnn,0.5470032892270364,1.0,-274076.0,-151447.99999999997,0.0126905441284179,0,True,73,33,True,38,32,0.9027534127235411,173.06044006347656,-4160585.174457236,2025-11-20 19:16:32
er_1024_1_6.txt,erdos_renyi_10ins_m20,45,SpecAnn,0.554153962516942,1.0,-274158.0,-152690.0,0.0126211643218994,0,True,73,33,True,39,32,0.901317834854126,169.1056365966797,-4059041.793669424,2025-11-20 19:16:32
er_1024_1_6.txt,erdos_renyi_10ins_m20,45,SpecAnn,0.5612135332663137,1.0,-270634.0,-154985.99999999997,0.01265549659729,0,True,73,33,True,40,32,0.8998700380325317,165.29066467285156,-3961098.047986338,2025-11-20 19:16:32
er_1024_1_6.txt,erdos_renyi_10ins_m20,45,SpecAnn,0.5681853972686127,1.0,-272408.0,-156259.99999999997,0.0127820968627929,0,True,73,33,True,41,32,0.8984092473983765,161.6083221435547,-3866565.8372133016,2025-11-20 19:16:32
er_1024_1_6.txt,erdos_renyi_10ins_m20,45,SpecAnn,0.5750727444570146,1.0,-273248.0,-158300.0,0.0126075744628906,0,True,73,33,True,42,32,0.896934986114502,158.0518798828125,-3775270.764383762,2025-11-20 19:16:32
er_1024_1_6.txt,erdos_renyi_10ins_m20,45,SpecAnn,0.5818785759635375,1.0,-272841.99999999994,-159108.0,0.012639045715332,0,True,73,33,True,43,32,0.8954463005065918,154.61514282226562,-3687050.169577313,2025-11-20 19:16:32
er_1024_1_6.txt,erdos_renyi_10ins_m20,45,SpecAnn,0.5886057194025436,1.0,-273879.99999999994,-159863.99999999997,0.0126237869262695,0,True,73,33,True,44,32,0.8939427137374878,151.29229736328125,-3601753.45286183,2025-11-20 19:16:32
er_1024_1_6.txt,erdos_renyi_10ins_m20,45,SpecAnn,0.5952568425994088,1.0,-276143.99999999994,-161796.0,0.0127458572387695,0,True,73,33,True,45,32,0.8924235701560974,148.07781982421875,-3519237.026552535,2025-11-20 19:16:32
er_1024_1_6.txt,erdos_renyi_10ins_m20,45,SpecAnn,0.6018344659534288,1.0,-274439.99999999994,-164040.0,0.0126476287841796,0,True,73,33,True,46,32,0.8908878564834595,144.9667205810547,-3439369.441352895,2025-11-20 19:16:32
er_1024_1_6.txt,erdos_renyi_10ins_m20,45,SpecAnn,0.6083409735974393,1.0,-276036.00000000006,-165392.0,0.0126004219055175,0,True,73,33,True,47,32,0.8893351554870605,141.9541778564453,-3362026.3563035065,2025-11-20 19:16:32
er_1024_1_6.txt,erdos_renyi_10ins_m20,45,SpecAnn,0.6147786234942719,1.0,-276620.0,-171784.0,0.0127661228179931,0,True,73,33,True,48,32,0.8877646327018738,139.0357666015625,-3287091.9268919784,2025-11-20 19:16:32
er_1024_1_6.txt,erdos_renyi_10ins_m20,45,SpecAnn,0.6211495565912796,1.0,-272895.99999999994,-177283.99999999997,0.0128695964813232,0,True,73,33,True,49,32,0.8861754536628723,136.20726013183594,-3214455.7217975995,2025-11-20 19:16:32
er_1024_1_6.txt,erdos_renyi_10ins_m20,45,SpecAnn,0.6274558051381586,1.0,-273247.99999999994,-177808.0,0.0128619670867919,0,True,73,33,True,50,32,0.8845668435096741,133.46470642089844,-3144014.690569313,2025-11-20 19:16:32
er_1024_1_6.txt,erdos_renyi_10ins_m20,45,SpecAnn,0.6336993002596786,1.0,-272568.0,-179523.99999999997,0.0129256248474121,0,True,73,33,True,51,32,0.8829380869865417,130.80442810058594,-3075673.084895911,2025-11-20 19:16:32
er_1024_1_6.txt,erdos_renyi_10ins_m20,45,SpecAnn,0.6398818788633085,1.0,-276604.0,-181162.0,0.0128319263458251,0,True,73,33,True,52,32,0.8812881112098694,128.222900390625,-3009338.0916448687,2025-11-20 19:16:32
er_1024_1_6.txt,erdos_renyi_10ins_m20,45,SpecAnn,0.6460052899517691,1.0,-273528.0,-183452.0,0.0127146244049072,0,True,73,33,True,53,32,0.8796163201332092,125.71683502197266,-2944924.682675673,2025-11-20 19:16:32
er_1024_1_6.txt,erdos_renyi_10ins_m20,45,SpecAnn,0.6520712004019966,1.0,-274250.0,-190542.0,0.0126385688781738,0,True,73,33,True,54,32,0.8779217600822449,123.28311157226562,-2882351.060293681,2025-11-20 19:16:32
er_1024_1_6.txt,erdos_renyi_10ins_m20,45,SpecAnn,0.6580812002646271,1.0,-274139.99999999994,-193956.0,0.0127849578857421,0,True,73,33,True,55,32,0.8762034177780151,120.91880798339844,-2821540.4109010366,2025-11-20 19:16:32
er_1024_1_6.txt,erdos_renyi_10ins_m20,45,SpecAnn,0.6640368076317485,1.0,-276966.0,-194808.0,0.0129122734069824,0,True,73,33,True,56,32,0.8744604587554932,118.62110900878906,-2762419.499642293,2025-11-20 19:16:32
er_1024_1_6.txt,erdos_renyi_10ins_m20,45,SpecAnn,0.6699394731151429,1.0,-276999.99999999994,-196532.0,0.012829303741455,0,True,73,33,True,57,32,0.8726918697357178,116.3874282836914,-2704920.3211443443,2025-11-20 19:16:32
er_1024_1_6.txt,erdos_renyi_10ins_m20,45,SpecAnn,0.6757905839724513,1.0,-276523.99999999994,-198826.0,0.0126891136169433,0,True,73,33,True,58,32,0.8708968758583069,114.2152328491211,-2648977.300108557,2025-11-20 19:16:32
er_1024_1_6.txt,erdos_renyi_10ins_m20,45,SpecAnn,0.6815914679145113,1.0,-274149.99999999994,-199534.0,0.0126404762268066,0,True,73,33,True,59,32,0.8690744042396545,112.10218811035156,-2594528.9658154063,2025-11-20 19:16:32
er_1024_1_6.txt,erdos_renyi_10ins_m20,45,SpecAnn,0.6873433966234707,1.0,-274895.99999999994,-202042.0,0.0125691890716552,0,True,73,33,True,60,32,0.86722332239151,110.04600524902344,-2541515.1651909733,2025-11-20 19:16:32
er_1024_1_6.txt,erdos_renyi_10ins_m20,45,SpecAnn,0.6930475890080863,1.0,-277700.0,-204704.0,0.0126781463623046,0,True,73,33,True,61,32,0.8653428554534912,108.04460906982422,-2489882.136613481,2025-11-20 19:16:32
er_1024_1_6.txt,erdos_renyi_10ins_m20,45,SpecAnn,0.6987052142198116,1.0,-276694.0,-209340.0,0.0126590728759765,0,True,73,33,True,62,32,0.8634319305419922,106.09593200683594,-2439575.7745926147,2025-11-20 19:16:32
er_1024_1_6.txt,erdos_renyi_10ins_m20,45,SpecAnn,0.7043173944508145,1.0,-275031.99999999994,-209072.0,0.012697696685791,0,True,73,33,True,63,32,0.8614897131919861,104.19805145263672,-2390546.347698442,2025-11-20 19:16:32
er_1024_1_6.txt,erdos_renyi_10ins_m20,45,SpecAnn,0.709885207532891,1.0,-278043.99999999994,-213806.0,0.0126752853393554,0,True,73,33,True,64,32,0.8595151901245117,102.34915924072266,-2342746.5682680192,2025-11-20 19:16:32
er_1024_1_6.txt,erdos_renyi_10ins_m20,45,SpecAnn,0.7154096893543218,1.0,-275493.99999999994,-217110.0,0.0126764774322509,0,True,73,33,True,65,32,0.8575075268745422,100.54747009277344,-2296130.4767638426,2025-11-20 19:16:32
er_1024_1_6.txt,erdos_renyi_10ins_m20,45,SpecAnn,0.7208918361100219,1.0,-277695.99999999994,-215198.0,0.0127286911010742,0,True,73,33,True,66,32,0.8554657697677612,98.7913589477539,-2250655.741105705,2025-11-20 19:16:32
er_1024_1_6.txt,erdos_renyi_10ins_m20,45,SpecAnn,0.7263326063988248,1.0,-277784.0,-216092.00000000003,0.0126051902770996,0,True,73,33,True,67,32,0.8533892631530762,97.07920837402344,-2206281.256084817,2025-11-20 19:16:32
er_1024_1_6.txt,erdos_renyi_10ins_m20,45,SpecAnn,0.7317329231804058,1.0,-277917.99999999994,-217228.0,0.0126163959503173,0,True,73,33,True,68,32,0.8512771129608154,95.40953063964844,-2162968.4829071937,2025-11-20 19:16:32
er_1024_1_6.txt,erdos_renyi_10ins_m20,45,SpecAnn,0.7370936756031579,1.0,-277704.0,-221630.0,0.0126254558563232,0,True,73,33,True,69,32,0.8491285443305969,93.78086853027344,-2120680.1217229427,2025-11-20 19:16:32
er_1024_1_6.txt,erdos_renyi_10ins_m20,45,SpecAnn,0.7424157207132704,1.0,-278497.99999999994,-223406.0,0.012618064880371,0,True,73,33,True,70,32,0.8469433188438416,92.19184112548828,-2079382.13873835,2025-11-20 19:16:32
er_1024_1_6.txt,erdos_renyi_10ins_m20,45,SpecAnn,0.7476998850543153,1.0,-278550.0,-224466.0,0.0127372741699218,0,True,73,33,True,71,32,0.8447206616401672,90.64112854003906,-2039040.705775513,2025-11-20 19:16:32
er_1024_1_6.txt,erdos_renyi_10ins_m20,45,SpecAnn,0.7529469661657903,1.0,-278100.0,-227752.0,0.0126450061798095,0,True,73,33,True,72,32,0.8424602746963501,89.1274642944336,-1999624.5349855323,2025-11-20 19:16:32
er_1024_1_6.txt,erdos_renyi_10ins_m20,45,SpecAnn,0.7581577339883167,1.0,-276286.0,-230614.0,0.0125858783721923,0,True,73,33,True,73,32,0.8401616215705872,87.64964294433594,-1961103.2753393524,2025-11-20 19:16:32
er_1024_1_6.txt,erdos_renyi_10ins_m20,45,SpecAnn,0.7633329321824984,1.0,-275247.99999999994,-234342.00000000003,0.0125772953033447,0,True,73,33,True,74,32,0.8378244638442993,86.20651245117188,-1923448.6106534167,2025-11-20 19:16:32
er_1024_1_6.txt,erdos_renyi_10ins_m20,45,SpecAnn,0.7684732793678399,1.0,-277269.99999999994,-234230.0,0.0126368999481201,0,True,73,33,True,75,32,0.8354486227035522,84.79696655273438,-1886633.4859398955,2025-11-20 19:16:32
er_1024_1_6.txt,erdos_renyi_10ins_m20,45,SpecAnn,0.7735794702875677,1.0,-274549.99999999994,-234674.0,0.0127675533294677,0,True,73,33,True,76,32,0.8330341577529907,83.41992950439453,-1850632.15017804,2025-11-20 19:16:32
er_1024_1_6.txt,erdos_renyi_10ins_m20,45,SpecAnn,0.7786521769046981,1.0,-277290.0,-234200.0,0.0241873264312744,0,True,73,65,True,77,32,0.8305807113647461,82.07440948486328,-1815419.861696985,2025-11-20 19:16:32
er_1024_1_6.txt,erdos_renyi_10ins_m20,45,SpecAnn,0.7836920494342511,1.0,-276226.0,-235008.0,0.0241036415100097,0,True,73,65,True,78,32,0.8280881643295288,80.75940704345703,-1780972.3360665306,2025-11-20 19:16:32
er_1024_1_6.txt,erdos_renyi_10ins_m20,45,SpecAnn,0.788699717316095,1.0,-275386.0,-236412.0,0.02409029006958,0,True,73,65,True,79,32,0.8255568742752075,79.4739990234375,-1747268.064943221,2025-11-20 19:16:32
er_1024_1_6.txt,erdos_renyi_10ins_m20,45,SpecAnn,0.7936757901325451,1.0,-276044.0,-239024.0,0.0241565704345703,0,True,73,65,True,80,32,0.822986364364624,78.21728515625,-1714284.3176896502,2025-11-20 19:16:32
er_1024_1_6.txt,erdos_renyi_10ins_m20,45,SpecAnn,0.7986208584745024,1.0,-276217.99999999994,-240766.0,0.0241031646728515,0,True,73,65,True,81,32,0.8203768134117126,76.9883804321289,-1682000.1706982537,2025-11-20 19:16:32
er_1024_1_6.txt,erdos_renyi_10ins_m20,45,SpecAnn,0.803535494759617,1.0,-275829.99999999994,-240066.00000000003,0.0242407321929931,0,True,73,65,True,82,32,0.8177280426025391,75.78648376464844,-1650395.8531779917,2025-11-20 19:16:32
er_1024_1_6.txt,erdos_renyi_10ins_m20,45,SpecAnn,0.8084202540056837,1.0,-276309.99999999994,-241082.00000000003,0.0241479873657226,0,True,73,65,True,83,32,0.8150396943092346,74.61080169677734,-1619451.482904302,2025-11-20 19:16:32
er_1024_1_6.txt,erdos_renyi_10ins_m20,45,SpecAnn,0.8132756745622272,1.0,-275510.0,-239948.0,0.0242602825164794,0,True,73,65,True,84,32,0.8123112320899963,73.46054077148438,-1589146.9329104847,2025-11-20 19:16:33
er_1024_1_6.txt,erdos_renyi_10ins_m20,45,SpecAnn,0.8181022788030096,1.0,-274477.99999999994,-242036.0,0.0241165161132812,0,True,73,65,True,85,32,0.8095428943634033,72.3349609375,-1559464.85271367,2025-11-20 19:16:33
er_1024_1_6.txt,erdos_renyi_10ins_m20,45,SpecAnn,0.822900573781978,1.0,-278155.99999999994,-242030.0,0.0241122245788574,0,True,73,65,True,86,32,0.8067327737808228,71.2333755493164,-1530384.999152973,2025-11-20 19:16:33
er_1024_1_6.txt,erdos_renyi_10ins_m20,45,SpecAnn,0.8276710518549868,1.0,-277425.99999999994,-242772.0,0.0241146087646484,0,True,73,65,True,87,32,0.8038806319236755,70.15509796142578,-1501890.5172774342,2025-11-20 19:16:33
er_1024_1_6.txt,erdos_renyi_10ins_m20,45,SpecAnn,0.8324141912694495,1.0,-278511.99999999994,-243150.0,0.0240747928619384,0,True,73,65,True,88,32,0.8009846210479736,69.09944152832031,-1473961.6689488103,2025-11-20 19:16:33
er_1024_1_6.txt,erdos_renyi_10ins_m20,45,SpecAnn,0.8371304567239225,1.0,-277858.0,-241874.0,0.0240612030029296,0,True,73,65,True,89,32,0.7980445027351379,68.0658187866211,-1446584.002809364,2025-11-20 19:16:33
er_1024_1_6.txt,erdos_renyi_10ins_m20,45,SpecAnn,0.8418202998994706,1.0,-274768.0,-243560.0,0.0240161418914794,0,True,73,65,True,90,32,0.7950586080551147,67.05355834960938,-1419738.7899628675,2025-11-20 19:16:33
er_1024_1_6.txt,erdos_renyi_10ins_m20,45,SpecAnn,0.846484159964536,1.0,-276449.99999999994,-245096.0,0.0240144729614257,0,True,73,65,True,91,32,0.792026937007904,66.06211853027344,-1393413.2109206414,2025-11-20 19:16:33
er_1024_1_6.txt,erdos_renyi_10ins_m20,45,SpecAnn,0.8511224640549078,1.0,-277354.0,-245378.0,0.0243678092956542,0,True,73,65,True,92,32,0.7889497876167297,65.0909194946289,-1367594.1826347755,2025-11-20 19:16:33
er_1024_1_6.txt,erdos_renyi_10ins_m20,45,SpecAnn,0.8557356277302758,1.0,-278028.0,-246020.0,0.0242648124694824,0,True,73,65,True,93,32,0.7858286499977112,64.13939666748047,-1342270.9880039862,2025-11-20 19:16:33
er_1024_1_6.txt,erdos_renyi_10ins_m20,45,SpecAnn,0.8603240554087516,1.0,-278446.0,-243306.0,0.0240209102630615,0,True,73,65,True,94,32,0.7826650738716125,63.2070198059082,-1317433.621292437,2025-11-20 19:16:33
er_1024_1_6.txt,erdos_renyi_10ins_m20,45,SpecAnn,0.86488814078064,1.0,-278138.0,-241868.0,0.024050235748291,0,True,73,65,True,95,32,0.7794613838195801,62.29331207275391,-1293074.3629109955,2025-11-20 19:16:33
er_1024_1_6.txt,erdos_renyi_10ins_m20,45,SpecAnn,0.8694282672026621,1.0,-277898.0,-240510.0,0.024104356765747,0,True,73,65,True,96,32,0.7762184739112854,61.397735595703125,-1269181.7059991574,2025-11-20 19:16:33
er_1024_1_6.txt,erdos_renyi_10ins_m20,45,SpecAnn,0.8739448080737451,1.0,-279179.99999999994,-240466.00000000003,0.0240726470947265,0,True,73,65,True,97,32,0.7729381322860718,60.51984405517578,-1245747.4540768382,2025-11-20 19:16:33
er_1024_1_6.txt,erdos_renyi_10ins_m20,45,SpecAnn,0.878438127193422,1.0,-275142.0,-239044.0,0.0240142345428466,0,True,73,65,True,98,32,0.7696211934089661,59.6591682434082,-1222761.3067180973,2025-11-20 19:16:33
er_1024_1_6.txt,erdos_renyi_10ins_m20,45,SpecAnn,0.8829085791038153,1.0,-275104.0,-238642.00000000003,0.0241053104400634,0,True,73,65,True,99,32,0.7662685513496399,58.81525039672852,-1200213.277297497,2025-11-20 19:16:33
er_1024_1_6.txt,erdos_renyi_10ins_m20,45,SpecAnn,0.8873565094161138,1.0,-275644.0,-239618.00000000003,0.0239882469177246,0,True,73,65,True,100,32,0.7628804445266724,57.9876708984375,-1178093.12750968,2025-11-20 19:16:33
er_1024_1_6.txt,erdos_renyi_10ins_m20,45,SpecAnn,0.8917822551223932,1.0,-273850.0,-239718.0,0.024022102355957,0,True,73,65,True,101,32,0.7594577074050903,57.17601013183594,-1156391.5634584017,2025-11-20 19:16:33
er_1024_1_6.txt,erdos_renyi_10ins_m20,45,SpecAnn,0.8961861448935777,1.0,-274331.99999999994,-239884.0,0.0239262580871582,0,True,73,65,True,102,32,0.7559998631477356,56.37986755371094,-1135097.6976569537,2025-11-20 19:16:33
er_1024_1_6.txt,erdos_renyi_10ins_m20,45,SpecAnn,0.9005684993642872,1.0,-274707.99999999994,-239094.0,0.0240802764892578,0,True,73,65,True,103,32,0.7525075078010559,55.59886169433594,-1114202.7140011524,2025-11-20 19:16:33
er_1024_1_6.txt,erdos_renyi_10ins_m20,45,SpecAnn,0.9049296314052688,1.0,-275062.0,-238984.0,0.0243480205535888,0,True,73,65,True,104,32,0.7489805817604065,54.83259201049805,-1093696.4661944392,2025-11-20 19:16:33
er_1024_1_6.txt,erdos_renyi_10ins_m20,45,SpecAnn,0.9092698463840684,1.0,-275434.0,-237712.0,0.0243716239929199,0,True,73,65,True,105,32,0.7454186677932739,54.08070755004883,-1073569.3505805498,2025-11-20 19:16:33
er_1024_1_6.txt,erdos_renyi_10ins_m20,45,SpecAnn,0.9135894424145556,1.0,-274528.0,-237822.00000000003,0.0241916179656982,0,True,73,65,True,106,32,0.7418220043182373,53.34286117553711,-1053812.8560959434,2025-11-20 19:16:33
er_1024_1_6.txt,erdos_renyi_10ins_m20,45,SpecAnn,0.9178887105958816,1.0,-275782.0,-237276.0,0.0244169235229492,0,True,73,65,True,107,32,0.7381904721260071,52.618690490722656,-1034417.706056824,2025-11-20 19:16:33
er_1024_1_6.txt,erdos_renyi_10ins_m20,45,SpecAnn,0.922167935241408,1.0,-274613.99999999994,-237984.0,0.0243341922760009,0,True,73,65,True,108,32,0.7345238327980042,51.90786743164063,-1015375.2031755853,2025-11-20 19:16:33
er_1024_1_6.txt,erdos_renyi_10ins_m20,45,SpecAnn,0.92642739409812,1.0,-276502.0,-237998.0,0.02413010597229,0,True,73,65,True,109,32,0.730821967124939,51.210105895996094,-996677.700294004,2025-11-20 19:16:33
er_1024_1_6.txt,erdos_renyi_10ins_m20,45,SpecAnn,0.9306673585570006,1.0,-277534.0,-238788.0,0.0245585441589355,0,True,73,65,True,110,32,0.7270846962928772,50.52503967285156,-978315.966621072,2025-11-20 19:16:33
er_1024_1_6.txt,erdos_renyi_10ins_m20,45,SpecAnn,0.9348880938548184,1.0,-277460.0,-237660.0,0.0242478847503662,0,True,73,65,True,111,32,0.7233117818832397,49.85239410400391,-960282.5422239604,2025-11-20 19:16:33
er_1024_1_6.txt,erdos_renyi_10ins_m20,45,SpecAnn,0.9390898592677528,1.0,-277381.99999999994,-236550.0,0.012667179107666,0,True,73,33,True,112,32,0.7195031046867371,49.19187927246094,-942569.8873325464,2025-11-20 19:16:33
er_1024_1_6.txt,erdos_renyi_10ins_m20,45,SpecAnn,0.9432729082972536,1.0,-276358.0,-236592.0,0.0125818252563476,0,True,73,33,True,113,32,0.7156582474708557,48.54319763183594,-925169.987717966,2025-11-20 19:16:33
er_1024_1_6.txt,erdos_renyi_10ins_m20,45,SpecAnn,0.9474374888485204,1.0,-275924.0,-236228.0,0.0127441883087158,0,True,73,33,True,114,32,0.7117772102355957,47.90608215332031,-908076.0219064024,2025-11-20 19:16:33
er_1024_1_6.txt,erdos_renyi_10ins_m20,45,SpecAnn,0.9515838434019476,1.0,-278478.0,-236110.0,0.0126972198486328,0,True,73,33,True,115,32,0.7078596353530884,47.28025436401367,-891280.5454114376,2025-11-20 19:16:33
er_1024_1_6.txt,erdos_renyi_10ins_m20,45,SpecAnn,0.9557122091778746,1.0,-277881.99999999994,-235760.0,0.012831687927246,0,True,73,33,True,116,32,0.7039052844047546,46.66547393798828,-874777.0508166116,2025-11-20 19:16:33
er_1024_1_6.txt,erdos_renyi_10ins_m20,45,SpecAnn,0.9598228182949629,1.0,-277820.0,-235340.0,0.0126874446868896,0,True,73,33,True,117,32,0.6999139189720154,46.061466217041016,-858558.4423742034,2025-11-20 19:16:33
er_1024_1_6.txt,erdos_renyi_10ins_m20,45,SpecAnn,0.963915897922488,1.0,-275258.0,-235624.0,0.0127646923065185,0,True,73,33,True,118,32,0.6958854794502258,45.46800231933594,-842618.7571910955,2025-11-20 19:16:33
er_1024_1_6.txt,erdos_renyi_10ins_m20,45,SpecAnn,0.967991670426842,1.0,-275258.0,-235624.0,0.0242838859558105,0,True,73,65,True,119,32,0.6918193697929382,44.88483047485352,-826951.008570306,2025-11-20 19:16:33
er_1024_1_6.txt,erdos_renyi_10ins_m20,45,SpecAnn,0.9720503535125016,1.0,-273448.0,-235296.0,0.0241856575012207,0,True,73,65,True,120,32,0.6877155900001526,44.31172561645508,-811549.486198438,2025-11-20 19:16:33
er_1024_1_6.txt,erdos_renyi_10ins_m20,45,SpecAnn,0.9760921603577252,1.0,-273419.99999999994,-235482.0,0.0126328468322753,0,True,73,33,True,121,32,0.6835737824440002,43.74846649169922,-796408.1698879461,2025-11-20 19:16:33
er_1024_1_6.txt,erdos_renyi_10ins_m20,45,SpecAnn,0.9801172997452104,1.0,-273231.99999999994,-235884.0,0.0127015113830566,0,True,73,33,True,122,32,0.6793936491012573,43.19482803344727,-781521.0979895759,2025-11-20 19:16:33
er_1024_1_6.txt,erdos_renyi_10ins_m20,45,SpecAnn,0.9841259761879442,1.0,-275317.99999999994,-235158.0,0.0127325057983398,0,True,73,33,True,123,32,0.6751753091812134,42.65060806274414,-766883.2528771502,2025-11-20 19:16:33
er_1024_1_6.txt,erdos_renyi_10ins_m20,45,SpecAnn,0.9881183900504562,1.0,-274930.0,-234752.0,0.0126454830169677,0,True,73,33,True,124,32,0.6709179282188416,42.11558532714844,-752488.2324796754,2025-11-20 19:16:33
er_1024_1_6.txt,erdos_renyi_10ins_m20,45,SpecAnn,0.9920947376656812,1.0,-274839.99999999994,-235040.0,0.0126471519470214,0,True,73,33,True,125,32,0.6666213870048523,41.58957290649414,-738331.1269001021,2025-11-20 19:16:33
er_1024_1_6.txt,erdos_renyi_10ins_m20,45,SpecAnn,0.9960552114476228,1.0,-274839.99999999994,-235040.0,0.0240147113800048,0,True,73,65,True,126,32,0.6622857451438904,41.07236862182617,-724406.9882222997,2025-11-20 19:16:33
er_1024_1_6.txt,erdos_renyi_10ins_m20,45,SpecAnn,1.0,1.0,-273906.0,-235304.0,0.0242006778717041,0,True,73,65,True,127,32,0.6579103469848633,40.563777923583984,-710710.2641574776,2025-11-20 19:16:33
er_1024_1_6.txt,erdos_renyi_10ins_m20,46,SpecAnn,0.0,1.0,-270824.0,-80991.99999999999,0.013444185256958,0,True,96,33,True,0,32,0.963475227355957,1025.0,-26299766.499209404,2025-11-20 19:16:34
er_1024_1_6.txt,erdos_renyi_10ins_m20,46,SpecAnn,0.0887356509416113,1.0,-272668.0,-84691.99999999999,0.0126705169677734,0,True,96,33,True,1,32,0.9576042890548706,767.2249145507812,-19565738.945173506,2025-11-20 19:16:34
er_1024_1_6.txt,erdos_renyi_10ins_m20,46,SpecAnn,0.1254911610276317,1.0,-274803.99999999994,-87529.99999999999,0.0126721858978271,0,True,96,33,True,2,32,0.9548783302307128,680.5494995117188,-17305941.495962117,2025-11-20 19:16:34
er_1024_1_6.txt,erdos_renyi_10ins_m20,46,SpecAnn,0.1536946558735679,1.0,-272700.0,-90910.0,0.0126423835754394,0,True,96,33,True,3,32,0.9526553750038148,620.7681274414062,-15748990.001024071,2025-11-20 19:16:34
er_1024_1_6.txt,erdos_renyi_10ins_m20,46,SpecAnn,0.1774713018832227,1.0,-272052.0,-92586.0,0.0125715732574462,0,True,96,33,True,4,32,0.95068621635437,574.4864501953125,-14544689.748408902,2025-11-20 19:16:34
er_1024_1_6.txt,erdos_renyi_10ins_m20,46,SpecAnn,0.1984189475331362,1.0,-270940.0,-94044.0,0.0126841068267822,0,True,96,33,True,5,32,0.9488749504089355,536.592041015625,-13559406.57294248,2025-11-20 19:16:34
er_1024_1_6.txt,erdos_renyi_10ins_m20,46,SpecAnn,0.2173570668006655,1.0,-270940.0,-94044.0,0.0125818252563476,0,True,96,33,True,6,32,0.9471722841262816,504.4988403320313,-12725551.950593948,2025-11-20 19:16:34
er_1024_1_6.txt,erdos_renyi_10ins_m20,46,SpecAnn,0.2347724648169381,1.0,-269473.99999999994,-96366.0,0.0126528739929199,0,True,96,33,True,7,32,0.9455491900444032,476.6909790039063,-12003517.635865271,2025-11-20 19:16:34
er_1024_1_6.txt,erdos_renyi_10ins_m20,46,SpecAnn,0.2509823220552634,1.0,-271491.99999999994,-98432.0,0.0125985145568847,0,True,96,33,True,8,32,0.9439867734909058,452.1938171386719,-11367841.347180454,2025-11-20 19:16:34
er_1024_1_6.txt,erdos_renyi_10ins_m20,46,SpecAnn,0.2662069528248341,1.0,-276145.99999999994,-99842.0,0.0126888751983642,0,True,96,33,True,9,32,0.9424717426300048,430.3389587402344,-10801062.454081375,2025-11-20 19:16:34
er_1024_1_6.txt,erdos_renyi_10ins_m20,46,SpecAnn,0.2806067666331568,1.0,-276145.99999999994,-99842.0,0.0126993656158447,0,True,96,33,True,10,32,0.9409946203231812,410.6458740234375,-10290632.733459214,2025-11-20 19:16:34
er_1024_1_6.txt,erdos_renyi_10ins_m20,46,SpecAnn,0.2943028597012718,1.0,-276145.99999999994,-99842.0,0.0126004219055175,0,True,96,33,True,11,32,0.9395482540130616,392.7565002441406,-9827203.42011299,2025-11-20 19:16:34
er_1024_1_6.txt,erdos_renyi_10ins_m20,46,SpecAnn,0.3073893117471359,1.0,-270765.99999999994,-102108.0,0.012575626373291,0,True,96,33,True,12,32,0.9381267428398132,376.395751953125,-9403590.407785583,2025-11-20 19:16:34
er_1024_1_6.txt,erdos_renyi_10ins_m20,46,SpecAnn,0.3199409394316542,1.0,-270765.99999999994,-102108.0,0.0127115249633789,0,True,96,33,True,13,32,0.9367257952690125,361.347900390625,-9014164.723914644,2025-11-20 19:16:34
er_1024_1_6.txt,erdos_renyi_10ins_m20,46,SpecAnn,0.3320184038158743,1.0,-270503.99999999994,-106956.0,0.0125565528869628,0,True,96,33,True,14,32,0.9353415966033936,347.4398803710937,-8654408.490783088,2025-11-20 19:16:34
er_1024_1_6.txt,erdos_renyi_10ins_m20,46,SpecAnn,0.3436716983117353,1.0,-268731.99999999994,-109772.0,0.0126135349273681,0,True,96,33,True,15,32,0.9339711666107178,334.53082275390625,-8320646.704765897,2025-11-20 19:16:34
er_1024_1_6.txt,erdos_renyi_10ins_m20,46,SpecAnn,0.3549426037664455,1.0,-271294.0,-112102.0,0.0126605033874511,0,True,96,33,True,16,32,0.9326120018959044,322.5045166015625,-8009848.022831857,2025-11-20 19:16:34
er_1024_1_6.txt,erdos_renyi_10ins_m20,46,SpecAnn,0.3658664615902029,1.0,-267280.0,-113292.0,0.0125923156738281,0,True,96,33,True,17,32,0.931261658668518,311.263671875,-7719472.666828812,2025-11-20 19:16:34
er_1024_1_6.txt,erdos_renyi_10ins_m20,46,SpecAnn,0.3764734830828951,1.0,-267280.0,-113292.0,0.0126292705535888,0,True,96,33,True,18,32,0.9299184679985046,300.7261657714844,-7447380.86388633,2025-11-20 19:16:34
er_1024_1_6.txt,erdos_renyi_10ins_m20,46,SpecAnn,0.3867897351437838,1.0,-272622.0,-117304.0,0.012578010559082,0,True,96,33,True,19,32,0.9285805225372314,290.8218994140625,-7191742.863287615,2025-11-20 19:16:34
er_1024_1_6.txt,erdos_renyi_10ins_m20,46,SpecAnn,0.3968378950662725,1.0,-268758.0,-119330.0,0.0126876831054687,0,True,96,33,True,20,32,0.9272465109825134,281.49072265625,-6950991.676159146,2025-11-20 19:16:34
er_1024_1_6.txt,erdos_renyi_10ins_m20,46,SpecAnn,0.4066378372811136,1.0,-270819.99999999994,-123786.0,0.0126371383666992,0,True,96,33,True,21,32,0.9259148836135864,272.6803283691406,-6723762.243859363,2025-11-20 19:16:34
er_1024_1_6.txt,erdos_renyi_10ins_m20,46,SpecAnn,0.4162070956347247,1.0,-273234.0,-124582.0,0.0126194953918457,0,True,96,33,True,22,32,0.9245847463607788,264.3451843261719,-6508870.065651984,2025-11-20 19:16:34
er_1024_1_6.txt,erdos_renyi_10ins_m20,46,SpecAnn,0.4255612320274539,1.0,-270583.99999999994,-126184.00000000004,0.0126430988311767,0,True,96,33,True,23,32,0.9232546091079712,256.44537353515625,-6305272.020046029,2025-11-20 19:16:34
er_1024_1_6.txt,erdos_renyi_10ins_m20,46,SpecAnn,0.434714133601331,1.0,-273746.0,-127795.99999999996,0.0125763416290283,0,True,96,33,True,24,32,0.9219236969947816,248.9456481933593,-6112051.311725026,2025-11-20 19:16:34
er_1024_1_6.txt,erdos_renyi_10ins_m20,46,SpecAnn,0.4436782547080569,1.0,-271024.0,-127913.99999999996,0.012718915939331,0,True,96,33,True,25,32,0.9205910563468932,241.81466674804688,-5928391.343751276,2025-11-20 19:16:34
er_1024_1_6.txt,erdos_renyi_10ins_m20,46,SpecAnn,0.4524648157026343,1.0,-272868.0,-129124.0,0.0125834941864013,0,True,96,33,True,26,32,0.919255793094635,235.02456665039065,-5753566.149910679,2025-11-20 19:16:34
er_1024_1_6.txt,erdos_renyi_10ins_m20,46,SpecAnn,0.4610839676207039,1.0,-273306.0,-131024.0,0.0125555992126464,0,True,96,33,True,27,32,0.9179169535636902,228.55047607421875,-5586926.990171914,2025-11-20 19:16:34
er_1024_1_6.txt,erdos_renyi_10ins_m20,46,SpecAnn,0.4695449296338763,1.0,-270780.0,-132487.99999999997,0.0125923156738281,0,True,96,33,True,28,32,0.9165739417076112,222.36993408203125,-5427890.127265816,2025-11-20 19:16:34
er_1024_1_6.txt,erdos_renyi_10ins_m20,46,SpecAnn,0.4778561045889373,1.0,-270780.0,-132487.99999999997,0.0125911235809326,0,True,96,33,True,29,32,0.915225863456726,216.46275329589844,-5275928.935371842,2025-11-20 19:16:34
er_1024_1_6.txt,erdos_renyi_10ins_m20,46,SpecAnn,0.4860251767562508,1.0,-270780.0,-132487.99999999997,0.0126113891601562,0,True,96,33,True,30,32,0.9138720631599426,210.8106384277344,-5130567.424367444,2025-11-20 19:16:34
er_1024_1_6.txt,erdos_renyi_10ins_m20,46,SpecAnn,0.4940591950252281,1.0,-275448.0,-133465.99999999997,0.0125899314880371,0,True,96,33,True,31,32,0.912511706352234,205.3970184326172,-4991373.330968451,2025-11-20 19:16:34
er_1024_1_6.txt,erdos_renyi_10ins_m20,46,SpecAnn,0.5019646441105269,1.0,-273592.0,-134998.00000000003,0.0128078460693359,0,True,96,33,True,32,32,0.9111442565917968,200.20681762695312,-4857954.903553454,2025-11-20 19:16:34
er_1024_1_6.txt,erdos_renyi_10ins_m20,46,SpecAnn,0.5097475058154177,1.0,-271810.0,-136660.0,0.0127604007720947,0,True,96,33,True,33,32,0.9097690582275392,195.2261962890625,-4729951.956198836,2025-11-20 19:16:34
er_1024_1_6.txt,erdos_renyi_10ins_m20,46,SpecAnn,0.51741331199832,1.0,-270732.0,-139740.0,0.0127832889556884,0,True,96,33,True,34,32,0.9083853960037231,190.442626953125,-4607037.863615505,2025-11-20 19:16:34
er_1024_1_6.txt,erdos_renyi_10ins_m20,46,SpecAnn,0.5249671905758515,1.0,-267262.0,-142562.0,0.0127463340759277,0,True,96,33,True,35,32,0.9069926738739014,185.844467163086,-4488909.913914117,2025-11-20 19:16:34
er_1024_1_6.txt,erdos_renyi_10ins_m20,46,SpecAnn,0.5324139056496683,1.0,-272291.99999999994,-147054.0,0.0126733779907226,0,True,96,33,True,36,32,0.9055901765823364,181.421142578125,-4375292.330187121,2025-11-20 19:16:34
er_1024_1_6.txt,erdos_renyi_10ins_m20,46,SpecAnn,0.5397578926492556,1.0,-274183.99999999994,-148998.0,0.0128898620605468,0,True,96,33,True,37,32,0.9041773080825806,177.1627960205078,-4265928.811932226,2025-11-20 19:16:34
er_1024_1_6.txt,erdos_renyi_10ins_m20,46,SpecAnn,0.5470032892270364,1.0,-271110.0,-151447.99999999997,0.0127418041229248,0,True,96,33,True,38,32,0.9027534127235411,173.06044006347656,-4160585.174457236,2025-11-20 19:16:34
er_1024_1_6.txt,erdos_renyi_10ins_m20,46,SpecAnn,0.554153962516942,1.0,-274020.0,-152690.0,0.0127694606781005,0,True,96,33,True,39,32,0.901317834854126,169.1056365966797,-4059041.793669424,2025-11-20 19:16:34
er_1024_1_6.txt,erdos_renyi_10ins_m20,46,SpecAnn,0.5612135332663137,1.0,-271924.0,-154985.99999999997,0.0126197338104248,0,True,96,33,True,40,32,0.8998700976371765,165.29066467285156,-3961098.310357383,2025-11-20 19:16:34
er_1024_1_6.txt,erdos_renyi_10ins_m20,46,SpecAnn,0.5681853972686127,1.0,-274316.0,-156259.99999999997,0.0126221179962158,0,True,96,33,True,41,32,0.8984093070030212,161.6083221435547,-3866566.093739249,2025-11-20 19:16:34
er_1024_1_6.txt,erdos_renyi_10ins_m20,46,SpecAnn,0.5750727444570146,1.0,-272861.99999999994,-158300.0,0.0126008987426757,0,True,96,33,True,42,32,0.896934986114502,158.0518798828125,-3775270.764383762,2025-11-20 19:16:34
er_1024_1_6.txt,erdos_renyi_10ins_m20,46,SpecAnn,0.5818785759635375,1.0,-274906.0,-159108.0,0.0126566886901855,0,True,96,33,True,43,32,0.8954463005065918,154.61514282226562,-3687050.169577313,2025-11-20 19:16:34
er_1024_1_6.txt,erdos_renyi_10ins_m20,46,SpecAnn,0.5886057194025436,1.0,-274339.99999999994,-159863.99999999997,0.0126335620880126,0,True,96,33,True,44,32,0.8939428329467773,151.29229736328125,-3601753.933163827,2025-11-20 19:16:34
er_1024_1_6.txt,erdos_renyi_10ins_m20,46,SpecAnn,0.5952568425994088,1.0,-274510.0,-161796.0,0.0126001834869384,0,True,96,33,True,45,32,0.8924234509468079,148.07781982421875,-3519236.5564554203,2025-11-20 19:16:34
er_1024_1_6.txt,erdos_renyi_10ins_m20,46,SpecAnn,0.6018344659534288,1.0,-274984.0,-164040.0,0.0126349925994873,0,True,96,33,True,46,32,0.8908879160881042,144.9667205810547,-3439369.671463107,2025-11-20 19:16:34
er_1024_1_6.txt,erdos_renyi_10ins_m20,46,SpecAnn,0.6083409735974393,1.0,-273340.0,-165392.0,0.0126876831054687,0,True,96,33,True,47,32,0.8893352150917053,141.9541778564453,-3362026.5816318155,2025-11-20 19:16:34
er_1024_1_6.txt,erdos_renyi_10ins_m20,46,SpecAnn,0.6147786234942719,1.0,-272945.99999999994,-171784.0,0.0126175880432128,0,True,96,33,True,48,32,0.887764573097229,139.0357666015625,-3287091.7061961545,2025-11-20 19:16:34
er_1024_1_6.txt,erdos_renyi_10ins_m20,46,SpecAnn,0.6211495565912796,1.0,-271370.0,-177283.99999999997,0.0125856399536132,0,True,96,33,True,49,32,0.8861755132675171,136.20726013183594,-3214455.938003646,2025-11-20 19:16:34
er_1024_1_6.txt,erdos_renyi_10ins_m20,46,SpecAnn,0.6274558051381586,1.0,-276350.0,-177808.0,0.0125794410705566,0,True,96,33,True,50,32,0.8845668435096741,133.46470642089844,-3144014.690569313,2025-11-20 19:16:34
er_1024_1_6.txt,erdos_renyi_10ins_m20,46,SpecAnn,0.6336993002596786,1.0,-271884.00000000006,-179523.99999999997,0.0126271247863769,0,True,96,33,True,51,32,0.8829380869865417,130.80442810058594,-3075673.084895911,2025-11-20 19:16:34
er_1024_1_6.txt,erdos_renyi_10ins_m20,46,SpecAnn,0.6398818788633085,1.0,-272745.99999999994,-181162.0,0.0126645565032958,0,True,96,33,True,52,32,0.8812881708145142,128.222900390625,-3009338.2951770914,2025-11-20 19:16:34
er_1024_1_6.txt,erdos_renyi_10ins_m20,46,SpecAnn,0.6460052899517691,1.0,-277673.99999999994,-183452.0,0.0126726627349853,0,True,96,33,True,53,32,0.8796163201332092,125.71683502197266,-2944924.682675673,2025-11-20 19:16:34
er_1024_1_6.txt,erdos_renyi_10ins_m20,46,SpecAnn,0.6520712004019966,1.0,-275662.0,-190542.0,0.0126285552978515,0,True,96,33,True,54,32,0.8779217600822449,123.28311157226562,-2882351.060293681,2025-11-20 19:16:34
er_1024_1_6.txt,erdos_renyi_10ins_m20,46,SpecAnn,0.6580812002646271,1.0,-275226.0,-193956.0,0.0126123428344726,0,True,96,33,True,55,32,0.8762034773826599,120.91880798339844,-2821540.6028392445,2025-11-20 19:16:34
er_1024_1_6.txt,erdos_renyi_10ins_m20,46,SpecAnn,0.6640368076317485,1.0,-276576.0,-194808.0,0.0125834941864013,0,True,96,33,True,56,32,0.8744604587554932,118.62110900878906,-2762419.499642293,2025-11-20 19:16:34
er_1024_1_6.txt,erdos_renyi_10ins_m20,46,SpecAnn,0.6699394731151429,1.0,-274769.99999999994,-196532.0,0.0127456188201904,0,True,96,33,True,57,32,0.8726918697357178,116.3874282836914,-2704920.3211443443,2025-11-20 19:16:34
er_1024_1_6.txt,erdos_renyi_10ins_m20,46,SpecAnn,0.6757905839724513,1.0,-274500.0,-198826.0,0.0126252174377441,0,True,96,33,True,58,32,0.8708969950675964,114.2152328491211,-2648977.662703384,2025-11-20 19:16:34
er_1024_1_6.txt,erdos_renyi_10ins_m20,46,SpecAnn,0.6815914679145113,1.0,-276310.0,-199534.0,0.0126223564147949,0,True,96,33,True,59,32,0.8690744042396545,112.10218811035156,-2594528.9658154063,2025-11-20 19:16:34
er_1024_1_6.txt,erdos_renyi_10ins_m20,46,SpecAnn,0.6873433966234707,1.0,-274462.0,-202042.0,0.012669563293457,0,True,96,33,True,60,32,0.86722332239151,110.04600524902344,-2541515.1651909733,2025-11-20 19:16:34
er_1024_1_6.txt,erdos_renyi_10ins_m20,46,SpecAnn,0.6930475890080863,1.0,-277483.99999999994,-204704.0,0.0126330852508544,0,True,96,33,True,61,32,0.8653427958488464,108.04460906982422,-2489881.965110892,2025-11-20 19:16:34
er_1024_1_6.txt,erdos_renyi_10ins_m20,46,SpecAnn,0.6987052142198116,1.0,-275582.0,-209340.0,0.0126230716705322,0,True,96,33,True,62,32,0.863431990146637,106.09593200683594,-2439575.943002008,2025-11-20 19:16:34
er_1024_1_6.txt,erdos_renyi_10ins_m20,46,SpecAnn,0.7043173944508145,1.0,-277903.99999999994,-209072.0,0.0126638412475585,0,True,96,33,True,63,32,0.8614897727966309,104.19805145263672,-2390546.513095271,2025-11-20 19:16:34
er_1024_1_6.txt,erdos_renyi_10ins_m20,46,SpecAnn,0.709885207532891,1.0,-277026.0,-213806.0,0.0125739574432373,0,True,96,33,True,64,32,0.8595151901245117,102.34915924072266,-2342746.5682680192,2025-11-20 19:16:34
er_1024_1_6.txt,erdos_renyi_10ins_m20,46,SpecAnn,0.7154096893543218,1.0,-276968.0,-217110.0,0.0125515460968017,0,True,96,33,True,65,32,0.8575075268745422,100.54747009277344,-2296130.4767638426,2025-11-20 19:16:34
er_1024_1_6.txt,erdos_renyi_10ins_m20,46,SpecAnn,0.7208918361100219,1.0,-275750.0,-215198.0,0.0125260353088378,0,True,96,33,True,66,32,0.8554657697677612,98.7913589477539,-2250655.741105705,2025-11-20 19:16:34
er_1024_1_6.txt,erdos_renyi_10ins_m20,46,SpecAnn,0.7263326063988248,1.0,-277327.99999999994,-216092.00000000003,0.0125460624694824,0,True,96,33,True,67,32,0.8533892035484314,97.07920837402344,-2206281.101987952,2025-11-20 19:16:34
er_1024_1_6.txt,erdos_renyi_10ins_m20,46,SpecAnn,0.7317329231804058,1.0,-277959.99999999994,-217228.0,0.0126128196716308,0,True,96,33,True,68,32,0.8512770533561707,95.40953063964844,-2162968.33146066,2025-11-20 19:16:34
er_1024_1_6.txt,erdos_renyi_10ins_m20,46,SpecAnn,0.7370936756031579,1.0,-277940.0,-221630.0,0.0125763416290283,0,True,96,33,True,69,32,0.8491285443305969,93.78086853027344,-2120680.1217229427,2025-11-20 19:16:34
er_1024_1_6.txt,erdos_renyi_10ins_m20,46,SpecAnn,0.7424157207132704,1.0,-277769.99999999994,-223406.0,0.0125308036804199,0,True,96,33,True,70,32,0.8469433188438416,92.19184112548828,-2079382.13873835,2025-11-20 19:16:34
er_1024_1_6.txt,erdos_renyi_10ins_m20,46,SpecAnn,0.7476998850543153,1.0,-278387.99999999994,-224466.0,0.0126535892486572,0,True,96,33,True,71,32,0.844720721244812,90.64112854003906,-2039040.849653013,2025-11-20 19:16:34
er_1024_1_6.txt,erdos_renyi_10ins_m20,46,SpecAnn,0.7529469661657903,1.0,-278524.0,-227752.0,0.0126025676727294,0,True,96,33,True,72,32,0.8424602150917053,89.1274642944336,-1999624.3935107195,2025-11-20 19:16:35
er_1024_1_6.txt,erdos_renyi_10ins_m20,46,SpecAnn,0.7581577339883167,1.0,-277064.00000000006,-230614.0,0.0126855373382568,0,True,96,33,True,73,32,0.8401616215705872,87.64964294433594,-1961103.2753393524,2025-11-20 19:16:35
er_1024_1_6.txt,erdos_renyi_10ins_m20,46,SpecAnn,0.7633329321824984,1.0,-275188.0,-234342.00000000003,0.0128459930419921,0,True,96,33,True,74,32,0.8378244638442993,86.20651245117188,-1923448.6106534167,2025-11-20 19:16:35
er_1024_1_6.txt,erdos_renyi_10ins_m20,46,SpecAnn,0.7684732793678399,1.0,-276229.99999999994,-234230.0,0.0127720832824707,0,True,96,33,True,75,32,0.8354486227035522,84.79696655273438,-1886633.4859398955,2025-11-20 19:16:35
er_1024_1_6.txt,erdos_renyi_10ins_m20,46,SpecAnn,0.7735794702875677,1.0,-272252.0,-234674.0,0.0128629207611083,0,True,96,33,True,76,32,0.8330342173576355,83.41992950439453,-1850632.282593105,2025-11-20 19:16:35
er_1024_1_6.txt,erdos_renyi_10ins_m20,46,SpecAnn,0.7786521769046981,1.0,-275315.99999999994,-234200.0,0.024442434310913,0,True,96,65,True,77,32,0.8305806517601013,82.07440948486328,-1815419.7314177065,2025-11-20 19:16:35
er_1024_1_6.txt,erdos_renyi_10ins_m20,46,SpecAnn,0.7836920494342511,1.0,-275688.0,-235008.0,0.024094820022583,0,True,96,65,True,78,32,0.8280881643295288,80.75940704345703,-1780972.3360665306,2025-11-20 19:16:35
er_1024_1_6.txt,erdos_renyi_10ins_m20,46,SpecAnn,0.788699717316095,1.0,-274272.0,-236412.0,0.0241553783416748,0,True,96,65,True,79,32,0.8255568742752075,79.4739990234375,-1747268.064943221,2025-11-20 19:16:35
er_1024_1_6.txt,erdos_renyi_10ins_m20,46,SpecAnn,0.7936757901325451,1.0,-274458.0,-239024.0,0.0240488052368164,0,True,96,65,True,80,32,0.8229864239692688,78.21728515625,-1714284.441846395,2025-11-20 19:16:35
er_1024_1_6.txt,erdos_renyi_10ins_m20,46,SpecAnn,0.7986208584745024,1.0,-275289.99999999994,-240766.0,0.0240981578826904,0,True,96,65,True,81,32,0.8203768134117126,76.9883804321289,-1682000.1706982537,2025-11-20 19:16:35
er_1024_1_6.txt,erdos_renyi_10ins_m20,46,SpecAnn,0.803535494759617,1.0,-274835.99999999994,-240066.00000000003,0.0242645740509033,0,True,96,65,True,82,32,0.8177280426025391,75.78648376464844,-1650395.8531779917,2025-11-20 19:16:35
er_1024_1_6.txt,erdos_renyi_10ins_m20,46,SpecAnn,0.8084202540056837,1.0,-275746.0,-241082.00000000003,0.0245335102081298,0,True,96,65,True,83,32,0.8150395154953003,74.61080169677734,-1619451.1276081204,2025-11-20 19:16:35
er_1024_1_6.txt,erdos_renyi_10ins_m20,46,SpecAnn,0.8132756745622272,1.0,-276571.99999999994,-239948.0,0.0245494842529296,0,True,96,65,True,84,32,0.8123112320899963,73.46054077148438,-1589146.9329104847,2025-11-20 19:16:35
er_1024_1_6.txt,erdos_renyi_10ins_m20,46,SpecAnn,0.8181022788030096,1.0,-274969.99999999994,-242036.0,0.0246555805206298,0,True,96,65,True,85,32,0.8095424175262451,72.3349609375,-1559463.934157292,2025-11-20 19:16:35
er_1024_1_6.txt,erdos_renyi_10ins_m20,46,SpecAnn,0.822900573781978,1.0,-276090.0,-242030.0,0.0245425701141357,0,True,96,65,True,86,32,0.8067326545715332,71.2333755493164,-1530384.7730110406,2025-11-20 19:16:35
er_1024_1_6.txt,erdos_renyi_10ins_m20,46,SpecAnn,0.8276710518549868,1.0,-277627.99999999994,-242772.0,0.0243327617645263,0,True,96,65,True,87,32,0.8038808107376099,70.15509796142578,-1501890.8513555815,2025-11-20 19:16:35
er_1024_1_6.txt,erdos_renyi_10ins_m20,46,SpecAnn,0.8324141912694495,1.0,-275251.99999999994,-243150.0,0.0241751670837402,0,True,96,65,True,88,32,0.8009846806526184,69.09944152832031,-1473961.7786325165,2025-11-20 19:16:35
er_1024_1_6.txt,erdos_renyi_10ins_m20,46,SpecAnn,0.8371304567239225,1.0,-277047.99999999994,-241874.0,0.0246551036834716,0,True,96,65,True,89,32,0.7980445027351379,68.0658187866211,-1446584.002809364,2025-11-20 19:16:35
er_1024_1_6.txt,erdos_renyi_10ins_m20,46,SpecAnn,0.8418202998994706,1.0,-275560.0,-243560.0,0.0245814323425292,0,True,96,65,True,90,32,0.7950586080551147,67.05355834960938,-1419738.7899628675,2025-11-20 19:16:35
er_1024_1_6.txt,erdos_renyi_10ins_m20,46,SpecAnn,0.846484159964536,1.0,-278170.0,-245096.0,0.0245711803436279,0,True,96,65,True,91,32,0.7920268177986145,66.06211853027344,-1393413.0011957053,2025-11-20 19:16:35
er_1024_1_6.txt,erdos_renyi_10ins_m20,46,SpecAnn,0.8511224640549078,1.0,-276401.99999999994,-245378.0,0.0241546630859375,0,True,96,65,True,92,32,0.7889496684074402,65.0909194946289,-1367593.9759930684,2025-11-20 19:16:35
er_1024_1_6.txt,erdos_renyi_10ins_m20,46,SpecAnn,0.8557356277302758,1.0,-278826.0,-246020.0,0.0246219635009765,0,True,96,65,True,93,32,0.785828709602356,64.13939666748047,-1342271.0898144576,2025-11-20 19:16:35
er_1024_1_6.txt,erdos_renyi_10ins_m20,46,SpecAnn,0.8603240554087516,1.0,-277405.99999999994,-243306.0,0.0245804786682128,0,True,96,65,True,94,32,0.7826651334762573,63.2070198059082,-1317433.7216229176,2025-11-20 19:16:35
er_1024_1_6.txt,erdos_renyi_10ins_m20,46,SpecAnn,0.86488814078064,1.0,-276938.0,-241868.0,0.0246241092681884,0,True,96,65,True,95,32,0.7794614434242249,62.29331207275391,-1293074.4617911195,2025-11-20 19:16:35
er_1024_1_6.txt,erdos_renyi_10ins_m20,46,SpecAnn,0.8694282672026621,1.0,-278823.99999999994,-240510.0,0.0244307518005371,0,True,96,65,True,96,32,0.7762184739112854,61.397735595703125,-1269181.7059991574,2025-11-20 19:16:35
er_1024_1_6.txt,erdos_renyi_10ins_m20,46,SpecAnn,0.8739448080737451,1.0,-277917.99999999994,-240466.00000000003,0.024656057357788,0,True,96,65,True,97,32,0.7729379534721375,60.51984405517578,-1245747.1658817108,2025-11-20 19:16:35
er_1024_1_6.txt,erdos_renyi_10ins_m20,46,SpecAnn,0.878438127193422,1.0,-278678.0,-239044.0,0.0242588520050048,0,True,96,65,True,98,32,0.7696212530136108,59.6591682434082,-1222761.4014169625,2025-11-20 19:16:35
er_1024_1_6.txt,erdos_renyi_10ins_m20,46,SpecAnn,0.8829085791038153,1.0,-277012.0,-238642.00000000003,0.0241298675537109,0,True,96,65,True,99,32,0.7662686109542847,58.81525039672852,-1200213.3706567846,2025-11-20 19:16:35
er_1024_1_6.txt,erdos_renyi_10ins_m20,46,SpecAnn,0.8873565094161138,1.0,-277198.0,-239618.00000000003,0.0245611667633056,0,True,96,65,True,100,32,0.7628805041313171,57.9876708984375,-1178093.2195553246,2025-11-20 19:16:35
er_1024_1_6.txt,erdos_renyi_10ins_m20,46,SpecAnn,0.8917822551223932,1.0,-276840.0,-239718.0,0.0245223045349121,0,True,96,65,True,101,32,0.7594576478004456,57.17601013183594,-1156391.4727011314,2025-11-20 19:16:35
er_1024_1_6.txt,erdos_renyi_10ins_m20,46,SpecAnn,0.8961861448935777,1.0,-275085.99999999994,-239884.0,0.0241370201110839,0,True,96,65,True,102,32,0.7559998631477356,56.37986755371094,-1135097.6976569537,2025-11-20 19:16:35
er_1024_1_6.txt,erdos_renyi_10ins_m20,46,SpecAnn,0.9005684993642872,1.0,-276332.0,-239094.0,0.0240688323974609,0,True,96,65,True,103,32,0.7525075078010559,55.59886169433594,-1114202.7140011524,2025-11-20 19:16:35
er_1024_1_6.txt,erdos_renyi_10ins_m20,46,SpecAnn,0.9049296314052688,1.0,-277182.0,-238984.0,0.0241603851318359,0,True,96,65,True,104,32,0.7489805817604065,54.83259201049805,-1093696.4661944392,2025-11-20 19:16:35
er_1024_1_6.txt,erdos_renyi_10ins_m20,46,SpecAnn,0.9092698463840684,1.0,-275972.0,-237712.0,0.0241546630859375,0,True,96,65,True,105,32,0.7454184889793396,54.08070755004883,-1073569.0930485511,2025-11-20 19:16:35
er_1024_1_6.txt,erdos_renyi_10ins_m20,46,SpecAnn,0.9135894424145556,1.0,-276465.99999999994,-237822.00000000003,0.0240101814270019,0,True,96,65,True,106,32,0.7418219447135925,53.34286117553711,-1053812.7714231503,2025-11-20 19:16:35
er_1024_1_6.txt,erdos_renyi_10ins_m20,46,SpecAnn,0.9178887105958816,1.0,-275634.0,-237276.0,0.0241234302520751,0,True,96,65,True,107,32,0.7381904721260071,52.618690490722656,-1034417.706056824,2025-11-20 19:16:35
er_1024_1_6.txt,erdos_renyi_10ins_m20,46,SpecAnn,0.922167935241408,1.0,-278143.99999999994,-237984.0,0.024139404296875,0,True,96,65,True,108,32,0.7345238327980042,51.90786743164063,-1015375.2031755853,2025-11-20 19:16:35
er_1024_1_6.txt,erdos_renyi_10ins_m20,46,SpecAnn,0.92642739409812,1.0,-274440.0,-237998.0,0.0240695476531982,0,True,96,65,True,109,32,0.7308219075202942,51.210105895996094,-996677.6190066003,2025-11-20 19:16:35
er_1024_1_6.txt,erdos_renyi_10ins_m20,46,SpecAnn,0.9306673585570006,1.0,-275478.0,-238788.0,0.0241816043853759,0,True,96,65,True,110,32,0.7270846962928772,50.52503967285156,-978315.966621072,2025-11-20 19:16:35
er_1024_1_6.txt,erdos_renyi_10ins_m20,46,SpecAnn,0.9348880938548184,1.0,-276084.0,-237660.0,0.0242023468017578,0,True,96,65,True,111,32,0.7233117818832397,49.85239410400391,-960282.5422239604,2025-11-20 19:16:35
er_1024_1_6.txt,erdos_renyi_10ins_m20,46,SpecAnn,0.9390898592677528,1.0,-278700.0,-236550.0,0.0126230716705322,0,True,96,33,True,112,32,0.7195031046867371,49.19187927246094,-942569.8873325464,2025-11-20 19:16:35
er_1024_1_6.txt,erdos_renyi_10ins_m20,46,SpecAnn,0.9432729082972536,1.0,-276038.0,-236592.0,0.0126280784606933,0,True,96,33,True,113,32,0.7156583070755005,48.54319763183594,-925170.0647721027,2025-11-20 19:16:35
er_1024_1_6.txt,erdos_renyi_10ins_m20,46,SpecAnn,0.9474374888485204,1.0,-278646.0,-236228.0,0.0126528739929199,0,True,96,33,True,114,32,0.7117772102355957,47.90608215332031,-908076.0219064024,2025-11-20 19:16:35
er_1024_1_6.txt,erdos_renyi_10ins_m20,46,SpecAnn,0.9515838434019476,1.0,-278093.99999999994,-236110.0,0.0126421451568603,0,True,96,33,True,115,32,0.7078595757484436,47.28025436401367,-891280.4703620103,2025-11-20 19:16:35
er_1024_1_6.txt,erdos_renyi_10ins_m20,46,SpecAnn,0.9557122091778746,1.0,-277032.0,-235760.0,0.0127370357513427,0,True,96,33,True,116,32,0.7039052844047546,46.66547393798828,-874777.0508166116,2025-11-20 19:16:35
er_1024_1_6.txt,erdos_renyi_10ins_m20,46,SpecAnn,0.9598228182949629,1.0,-274318.0,-235340.0,0.0126376152038574,0,True,96,33,True,117,32,0.6999139189720154,46.061466217041016,-858558.4423742034,2025-11-20 19:16:35
er_1024_1_6.txt,erdos_renyi_10ins_m20,46,SpecAnn,0.963915897922488,1.0,-274085.99999999994,-235624.0,0.0128438472747802,0,True,96,33,True,118,32,0.6958854794502258,45.46800231933594,-842618.7571910955,2025-11-20 19:16:35
er_1024_1_6.txt,erdos_renyi_10ins_m20,46,SpecAnn,0.967991670426842,1.0,-274085.99999999994,-235624.0,0.0246341228485107,0,True,96,65,True,119,32,0.6918193697929382,44.88483047485352,-826951.008570306,2025-11-20 19:16:36
er_1024_1_6.txt,erdos_renyi_10ins_m20,46,SpecAnn,0.9720503535125016,1.0,-273670.00000000006,-235296.0,0.0241529941558837,0,True,96,65,True,120,32,0.6877155900001526,44.31172561645508,-811549.486198438,2025-11-20 19:16:36
er_1024_1_6.txt,erdos_renyi_10ins_m20,46,SpecAnn,0.9760921603577252,1.0,-273542.0,-235482.0,0.0129048824310302,0,True,96,33,True,121,32,0.6835737824440002,43.74846649169922,-796408.1698879461,2025-11-20 19:16:36
er_1024_1_6.txt,erdos_renyi_10ins_m20,46,SpecAnn,0.9801172997452104,1.0,-277905.99999999994,-235884.0,0.0128619670867919,0,True,96,33,True,122,32,0.6793936491012573,43.19482803344727,-781521.0979895759,2025-11-20 19:16:36
er_1024_1_6.txt,erdos_renyi_10ins_m20,46,SpecAnn,0.9841259761879442,1.0,-275755.99999999994,-235158.0,0.0128407478332519,0,True,96,33,True,123,32,0.6751753091812134,42.65060806274414,-766883.2528771502,2025-11-20 19:16:36
er_1024_1_6.txt,erdos_renyi_10ins_m20,46,SpecAnn,0.9881183900504562,1.0,-274997.99999999994,-234752.0,0.0128195285797119,0,True,96,33,True,124,32,0.6709179282188416,42.11558532714844,-752488.2324796754,2025-11-20 19:16:36
er_1024_1_6.txt,erdos_renyi_10ins_m20,46,SpecAnn,0.9920947376656812,1.0,-274673.99999999994,-235040.0,0.0126121044158935,0,True,96,33,True,125,32,0.6666213870048523,41.58957290649414,-738331.1269001021,2025-11-20 19:16:36
er_1024_1_6.txt,erdos_renyi_10ins_m20,46,SpecAnn,0.9960552114476228,1.0,-274673.99999999994,-235040.0,0.0239768028259277,0,True,96,65,True,126,32,0.6622857451438904,41.07236862182617,-724406.9882222997,2025-11-20 19:16:36
er_1024_1_6.txt,erdos_renyi_10ins_m20,46,SpecAnn,1.0,1.0,-274294.0,-235304.0,0.0242624282836914,0,True,96,65,True,127,32,0.6579102873802185,40.563777923583984,-710710.1997693235,2025-11-20 19:16:36
er_1024_1_6.txt,erdos_renyi_10ins_m20,47,SpecAnn,0.0,1.0,-271415.99999999994,-80991.99999999999,0.013451337814331,0,True,67,33,True,0,32,0.9634751677513124,1025.0,-26299764.872194827,2025-11-20 19:16:36
er_1024_1_6.txt,erdos_renyi_10ins_m20,47,SpecAnn,0.0887356509416113,1.0,-272756.0,-84691.99999999999,0.0127725601196289,0,True,67,33,True,1,32,0.9576043486595154,767.2249145507812,-19565740.163013622,2025-11-20 19:16:36
er_1024_1_6.txt,erdos_renyi_10ins_m20,47,SpecAnn,0.1254911610276317,1.0,-269000.0,-87529.99999999999,0.0128068923950195,0,True,67,33,True,2,32,0.9548783302307128,680.5494995117188,-17305941.495962117,2025-11-20 19:16:36
er_1024_1_6.txt,erdos_renyi_10ins_m20,47,SpecAnn,0.1536946558735679,1.0,-268869.99999999994,-90910.0,0.0127971172332763,0,True,67,33,True,3,32,0.9526553750038148,620.7681274414062,-15748990.001024071,2025-11-20 19:16:36
er_1024_1_6.txt,erdos_renyi_10ins_m20,47,SpecAnn,0.1774713018832227,1.0,-275295.99999999994,-92586.0,0.0126857757568359,0,True,67,33,True,4,32,0.95068621635437,574.4864501953125,-14544689.748408902,2025-11-20 19:16:36
er_1024_1_6.txt,erdos_renyi_10ins_m20,47,SpecAnn,0.1984189475331362,1.0,-271484.0,-94044.0,0.0127389430999755,0,True,67,33,True,5,32,0.9488749504089355,536.592041015625,-13559406.57294248,2025-11-20 19:16:36
er_1024_1_6.txt,erdos_renyi_10ins_m20,47,SpecAnn,0.2173570668006655,1.0,-271484.0,-94044.0,0.0126500129699707,0,True,67,33,True,6,32,0.9471722841262816,504.4988403320313,-12725551.950593948,2025-11-20 19:16:36
er_1024_1_6.txt,erdos_renyi_10ins_m20,47,SpecAnn,0.2347724648169381,1.0,-270826.0,-96366.0,0.0127005577087402,0,True,67,33,True,7,32,0.9455491900444032,476.6909790039063,-12003517.635865271,2025-11-20 19:16:36
er_1024_1_6.txt,erdos_renyi_10ins_m20,47,SpecAnn,0.2509823220552634,1.0,-270463.99999999994,-98432.0,0.0126786231994628,0,True,67,33,True,8,32,0.943986713886261,452.1938171386719,-11367840.629399056,2025-11-20 19:16:36
er_1024_1_6.txt,erdos_renyi_10ins_m20,47,SpecAnn,0.2662069528248341,1.0,-270720.0,-99842.0,0.0128781795501708,0,True,67,33,True,9,32,0.9424717426300048,430.3389587402344,-10801062.454081375,2025-11-20 19:16:36
er_1024_1_6.txt,erdos_renyi_10ins_m20,47,SpecAnn,0.2806067666331568,1.0,-270720.0,-99842.0,0.0128250122070312,0,True,67,33,True,10,32,0.9409946203231812,410.6458740234375,-10290632.733459214,2025-11-20 19:16:36
er_1024_1_6.txt,erdos_renyi_10ins_m20,47,SpecAnn,0.2943028597012718,1.0,-270720.0,-99842.0,0.0126998424530029,0,True,67,33,True,11,32,0.9395481944084167,392.7565002441406,-9827202.796678305,2025-11-20 19:16:36
er_1024_1_6.txt,erdos_renyi_10ins_m20,47,SpecAnn,0.3073893117471359,1.0,-271071.99999999994,-102108.0,0.0126814842224121,0,True,67,33,True,12,32,0.9381267428398132,376.395751953125,-9403590.407785583,2025-11-20 19:16:36
er_1024_1_6.txt,erdos_renyi_10ins_m20,47,SpecAnn,0.3199409394316542,1.0,-271071.99999999994,-102108.0,0.0129241943359375,0,True,67,33,True,13,32,0.9367257952690125,361.347900390625,-9014164.723914644,2025-11-20 19:16:36
er_1024_1_6.txt,erdos_renyi_10ins_m20,47,SpecAnn,0.3320184038158743,1.0,-271689.99999999994,-106956.0,0.0128886699676513,0,True,67,33,True,14,32,0.9353415966033936,347.4398803710937,-8654408.490783088,2025-11-20 19:16:36
er_1024_1_6.txt,erdos_renyi_10ins_m20,47,SpecAnn,0.3436716983117353,1.0,-272514.0,-109772.0,0.0129084587097167,0,True,67,33,True,15,32,0.9339711666107178,334.53082275390625,-8320646.704765897,2025-11-20 19:16:36
er_1024_1_6.txt,erdos_renyi_10ins_m20,47,SpecAnn,0.3549426037664455,1.0,-271507.99999999994,-112102.0,0.0129497051239013,0,True,67,33,True,16,32,0.9326120018959044,322.5045166015625,-8009848.022831857,2025-11-20 19:16:36
er_1024_1_6.txt,erdos_renyi_10ins_m20,47,SpecAnn,0.3658664615902029,1.0,-272879.99999999994,-113292.0,0.0129432678222656,0,True,67,33,True,17,32,0.931261658668518,311.263671875,-7719472.666828812,2025-11-20 19:16:36
er_1024_1_6.txt,erdos_renyi_10ins_m20,47,SpecAnn,0.3764734830828951,1.0,-272879.99999999994,-113292.0,0.012864351272583,0,True,67,33,True,18,32,0.92991840839386,300.7261657714844,-7447380.3865342755,2025-11-20 19:16:36
er_1024_1_6.txt,erdos_renyi_10ins_m20,47,SpecAnn,0.3867897351437838,1.0,-271336.0,-117304.0,0.0128767490386962,0,True,67,33,True,19,32,0.9285805225372314,290.8218994140625,-7191742.863287615,2025-11-20 19:16:36
er_1024_1_6.txt,erdos_renyi_10ins_m20,47,SpecAnn,0.3968378950662725,1.0,-266116.0,-119330.0,0.0128200054168701,0,True,67,33,True,20,32,0.9272464513778688,281.49072265625,-6950991.229340113,2025-11-20 19:16:36
er_1024_1_6.txt,erdos_renyi_10ins_m20,47,SpecAnn,0.4066378372811136,1.0,-271271.99999999994,-123786.0,0.0129334926605224,0,True,67,33,True,21,32,0.9259148836135864,272.6803283691406,-6723762.243859363,2025-11-20 19:16:36
er_1024_1_6.txt,erdos_renyi_10ins_m20,47,SpecAnn,0.4162070956347247,1.0,-274116.0,-124582.0,0.0128095149993896,0,True,67,33,True,22,32,0.924584686756134,264.3451843261719,-6508869.6460486,2025-11-20 19:16:36
er_1024_1_6.txt,erdos_renyi_10ins_m20,47,SpecAnn,0.4255612320274539,1.0,-272051.99999999994,-126184.00000000004,0.0127744674682617,0,True,67,33,True,23,32,0.9232546091079712,256.44537353515625,-6305272.020046029,2025-11-20 19:16:36
er_1024_1_6.txt,erdos_renyi_10ins_m20,47,SpecAnn,0.434714133601331,1.0,-270572.0,-127795.99999999996,0.0127816200256347,0,True,67,33,True,24,32,0.9219236969947816,248.9456481933593,-6112051.311725026,2025-11-20 19:16:36
er_1024_1_6.txt,erdos_renyi_10ins_m20,47,SpecAnn,0.4436782547080569,1.0,-270626.0,-127913.99999999996,0.012789249420166,0,True,67,33,True,25,32,0.9205910563468932,241.81466674804688,-5928391.343751276,2025-11-20 19:16:36
er_1024_1_6.txt,erdos_renyi_10ins_m20,47,SpecAnn,0.4524648157026343,1.0,-270647.99999999994,-129124.0,0.0128638744354248,0,True,67,33,True,26,32,0.919255793094635,235.02456665039065,-5753566.149910679,2025-11-20 19:16:36
er_1024_1_6.txt,erdos_renyi_10ins_m20,47,SpecAnn,0.4610839676207039,1.0,-273560.0,-131024.0,0.0128774642944335,0,True,67,33,True,27,32,0.917917013168335,228.55047607421875,-5586927.3529572375,2025-11-20 19:16:36
er_1024_1_6.txt,erdos_renyi_10ins_m20,47,SpecAnn,0.4695449296338763,1.0,-269667.99999999994,-132487.99999999997,0.0126278400421142,0,True,67,33,True,28,32,0.9165739417076112,222.36993408203125,-5427890.127265816,2025-11-20 19:16:36
er_1024_1_6.txt,erdos_renyi_10ins_m20,47,SpecAnn,0.4778561045889373,1.0,-269667.99999999994,-132487.99999999997,0.0127453804016113,0,True,67,33,True,29,32,0.9152258038520812,216.46275329589844,-5275928.59177374,2025-11-20 19:16:36
er_1024_1_6.txt,erdos_renyi_10ins_m20,47,SpecAnn,0.4860251767562508,1.0,-269667.99999999994,-132487.99999999997,0.0128226280212402,0,True,67,33,True,30,32,0.913872003555298,210.8106384277344,-5130567.089741119,2025-11-20 19:16:36
er_1024_1_6.txt,erdos_renyi_10ins_m20,47,SpecAnn,0.4940591950252281,1.0,-271360.0,-133465.99999999997,0.012768268585205,0,True,67,33,True,31,32,0.9125117659568788,205.3970184326172,-4991373.657001566,2025-11-20 19:16:36
er_1024_1_6.txt,erdos_renyi_10ins_m20,47,SpecAnn,0.5019646441105269,1.0,-269791.99999999994,-134998.00000000003,0.0127389430999755,0,True,67,33,True,32,32,0.9111442565917968,200.20681762695312,-4857954.903553454,2025-11-20 19:16:36
er_1024_1_6.txt,erdos_renyi_10ins_m20,47,SpecAnn,0.5097475058154177,1.0,-272688.0,-136660.0,0.0126338005065917,0,True,67,33,True,33,32,0.9097690582275392,195.2261962890625,-4729951.956198836,2025-11-20 19:16:36
er_1024_1_6.txt,erdos_renyi_10ins_m20,47,SpecAnn,0.51741331199832,1.0,-274060.0,-139740.0,0.0125844478607177,0,True,67,33,True,34,32,0.9083853363990784,190.442626953125,-4607037.561319964,2025-11-20 19:16:36
er_1024_1_6.txt,erdos_renyi_10ins_m20,47,SpecAnn,0.5249671905758515,1.0,-275878.0,-142562.0,0.0126936435699462,0,True,67,33,True,35,32,0.9069926738739014,185.844467163086,-4488909.913914117,2025-11-20 19:16:36
er_1024_1_6.txt,erdos_renyi_10ins_m20,47,SpecAnn,0.5324139056496683,1.0,-272680.0,-147054.0,0.0126707553863525,0,True,67,33,True,36,32,0.9055901169776917,181.421142578125,-4375292.042211665,2025-11-20 19:16:36
er_1024_1_6.txt,erdos_renyi_10ins_m20,47,SpecAnn,0.5397578926492556,1.0,-271708.0,-148998.0,0.0126965045928955,0,True,67,33,True,37,32,0.9041772484779358,177.1627960205078,-4265928.530716175,2025-11-20 19:16:36
er_1024_1_6.txt,erdos_renyi_10ins_m20,47,SpecAnn,0.5470032892270364,1.0,-271918.0,-151447.99999999997,0.0126638412475585,0,True,67,33,True,38,32,0.9027534127235411,173.06044006347656,-4160585.174457236,2025-11-20 19:16:36
er_1024_1_6.txt,erdos_renyi_10ins_m20,47,SpecAnn,0.554153962516942,1.0,-272048.0,-152690.0,0.012735366821289,0,True,67,33,True,39,32,0.9013178944587708,169.1056365966797,-4059042.062096093,2025-11-20 19:16:36
er_1024_1_6.txt,erdos_renyi_10ins_m20,47,SpecAnn,0.5612135332663137,1.0,-270543.99999999994,-154985.99999999997,0.0127043724060058,0,True,67,33,True,40,32,0.8998700380325317,165.29066467285156,-3961098.047986338,2025-11-20 19:16:36
er_1024_1_6.txt,erdos_renyi_10ins_m20,47,SpecAnn,0.5681853972686127,1.0,-272966.0,-156259.99999999997,0.0127148628234863,0,True,67,33,True,41,32,0.8984092473983765,161.6083221435547,-3866565.8372133016,2025-11-20 19:16:36
er_1024_1_6.txt,erdos_renyi_10ins_m20,47,SpecAnn,0.5750727444570146,1.0,-272702.0,-158300.0,0.0126616954803466,0,True,67,33,True,42,32,0.896934986114502,158.0518798828125,-3775270.764383762,2025-11-20 19:16:36
er_1024_1_6.txt,erdos_renyi_10ins_m20,47,SpecAnn,0.5818785759635375,1.0,-273597.99999999994,-159108.0,0.0127620697021484,0,True,67,33,True,43,32,0.8954463005065918,154.61514282226562,-3687050.169577313,2025-11-20 19:16:36
er_1024_1_6.txt,erdos_renyi_10ins_m20,47,SpecAnn,0.5886057194025436,1.0,-275194.0,-159863.99999999997,0.0127208232879638,0,True,67,33,True,44,32,0.8939427733421326,151.29229736328125,-3601753.6930128285,2025-11-20 19:16:36
er_1024_1_6.txt,erdos_renyi_10ins_m20,47,SpecAnn,0.5952568425994088,1.0,-276132.0,-161796.0,0.0126991271972656,0,True,67,33,True,45,32,0.8924234509468079,148.07781982421875,-3519236.5564554203,2025-11-20 19:16:36
er_1024_1_6.txt,erdos_renyi_10ins_m20,47,SpecAnn,0.6018344659534288,1.0,-272384.0,-164040.0,0.0127112865447998,0,True,67,33,True,46,32,0.8908878564834595,144.9667205810547,-3439369.441352895,2025-11-20 19:16:36
er_1024_1_6.txt,erdos_renyi_10ins_m20,47,SpecAnn,0.6083409735974393,1.0,-274691.99999999994,-165392.0,0.0128319263458251,0,True,67,33,True,47,32,0.8893352150917053,141.9541778564453,-3362026.5816318155,2025-11-20 19:16:36
er_1024_1_6.txt,erdos_renyi_10ins_m20,47,SpecAnn,0.6147786234942719,1.0,-276106.0,-171784.0,0.0128533840179443,0,True,67,33,True,48,32,0.8877646327018738,139.0357666015625,-3287091.9268919784,2025-11-20 19:16:36
er_1024_1_6.txt,erdos_renyi_10ins_m20,47,SpecAnn,0.6211495565912796,1.0,-272074.0,-177283.99999999997,0.0127453804016113,0,True,67,33,True,49,32,0.8861754536628723,136.20726013183594,-3214455.7217975995,2025-11-20 19:16:36
er_1024_1_6.txt,erdos_renyi_10ins_m20,47,SpecAnn,0.6274558051381586,1.0,-275104.0,-177808.0,0.0126905441284179,0,True,67,33,True,50,32,0.8845668435096741,133.46470642089844,-3144014.690569313,2025-11-20 19:16:36
er_1024_1_6.txt,erdos_renyi_10ins_m20,47,SpecAnn,0.6336993002596786,1.0,-274310.0,-179523.99999999997,0.0128118991851806,0,True,67,33,True,51,32,0.8829380869865417,130.80442810058594,-3075673.084895911,2025-11-20 19:16:37
er_1024_1_6.txt,erdos_renyi_10ins_m20,47,SpecAnn,0.6398818788633085,1.0,-275733.99999999994,-181162.0,0.0127375125885009,0,True,67,33,True,52,32,0.8812881112098694,128.222900390625,-3009338.0916448687,2025-11-20 19:16:37
er_1024_1_6.txt,erdos_renyi_10ins_m20,47,SpecAnn,0.6460052899517691,1.0,-276236.0,-183452.0,0.0128061771392822,0,True,67,33,True,53,32,0.879616379737854,125.71683502197266,-2944924.88222994,2025-11-20 19:16:37
er_1024_1_6.txt,erdos_renyi_10ins_m20,47,SpecAnn,0.6520712004019966,1.0,-273042.0,-190542.0,0.0126821994781494,0,True,67,33,True,54,32,0.8779217004776001,123.28311157226562,-2882350.86460254,2025-11-20 19:16:37
er_1024_1_6.txt,erdos_renyi_10ins_m20,47,SpecAnn,0.6580812002646271,1.0,-273658.00000000006,-193956.0,0.0127570629119873,0,True,67,33,True,55,32,0.8762033581733704,120.91880798339844,-2821540.2189628286,2025-11-20 19:16:37
er_1024_1_6.txt,erdos_renyi_10ins_m20,47,SpecAnn,0.6640368076317485,1.0,-273458.0,-194808.0,0.0127861499786376,0,True,67,33,True,56,32,0.8744603991508484,118.62110900878906,-2762419.3113512946,2025-11-20 19:16:37
er_1024_1_6.txt,erdos_renyi_10ins_m20,47,SpecAnn,0.6699394731151429,1.0,-275486.0,-196532.0,0.0128703117370605,0,True,67,33,True,57,32,0.8726918697357178,116.3874282836914,-2704920.3211443443,2025-11-20 19:16:37
er_1024_1_6.txt,erdos_renyi_10ins_m20,47,SpecAnn,0.6757905839724513,1.0,-276586.0,-198826.0,0.0127818584442138,0,True,67,33,True,58,32,0.8708969354629517,114.2152328491211,-2648977.48140597,2025-11-20 19:16:37
er_1024_1_6.txt,erdos_renyi_10ins_m20,47,SpecAnn,0.6815914679145113,1.0,-274570.0,-199534.0,0.0128049850463867,0,True,67,33,True,59,32,0.8690744042396545,112.10218811035156,-2594528.9658154063,2025-11-20 19:16:37
er_1024_1_6.txt,erdos_renyi_10ins_m20,47,SpecAnn,0.6873433966234707,1.0,-276844.0,-202042.0,0.012794017791748,0,True,67,33,True,60,32,0.86722332239151,110.04600524902344,-2541515.1651909733,2025-11-20 19:16:37
er_1024_1_6.txt,erdos_renyi_10ins_m20,47,SpecAnn,0.6930475890080863,1.0,-275426.0,-204704.0,0.012801170349121,0,True,67,33,True,61,32,0.8653428554534912,108.04460906982422,-2489882.136613481,2025-11-20 19:16:37
er_1024_1_6.txt,erdos_renyi_10ins_m20,47,SpecAnn,0.6987052142198116,1.0,-276825.99999999994,-209340.0,0.0126357078552246,0,True,67,33,True,62,32,0.863431990146637,106.09593200683594,-2439575.943002008,2025-11-20 19:16:37
er_1024_1_6.txt,erdos_renyi_10ins_m20,47,SpecAnn,0.7043173944508145,1.0,-272421.99999999994,-209072.0,0.0127739906311035,0,True,67,33,True,63,32,0.8614897131919861,104.19805145263672,-2390546.347698442,2025-11-20 19:16:37
er_1024_1_6.txt,erdos_renyi_10ins_m20,47,SpecAnn,0.709885207532891,1.0,-275508.0,-213806.0,0.0128042697906494,0,True,67,33,True,64,32,0.8595151901245117,102.34915924072266,-2342746.5682680192,2025-11-20 19:16:37
er_1024_1_6.txt,erdos_renyi_10ins_m20,47,SpecAnn,0.7154096893543218,1.0,-276833.99999999994,-217110.0,0.0128219127655029,0,True,67,33,True,65,32,0.8575075268745422,100.54747009277344,-2296130.4767638426,2025-11-20 19:16:37
er_1024_1_6.txt,erdos_renyi_10ins_m20,47,SpecAnn,0.7208918361100219,1.0,-279135.99999999994,-215198.0,0.0125470161437988,0,True,67,33,True,66,32,0.8554657697677612,98.7913589477539,-2250655.741105705,2025-11-20 19:16:37
er_1024_1_6.txt,erdos_renyi_10ins_m20,47,SpecAnn,0.7263326063988248,1.0,-276439.99999999994,-216092.00000000003,0.0126433372497558,0,True,67,33,True,67,32,0.8533892035484314,97.07920837402344,-2206281.101987952,2025-11-20 19:16:37
er_1024_1_6.txt,erdos_renyi_10ins_m20,47,SpecAnn,0.7317329231804058,1.0,-277084.0,-217228.0,0.0127089023590087,0,True,67,33,True,68,32,0.8512770533561707,95.40953063964844,-2162968.33146066,2025-11-20 19:16:37
er_1024_1_6.txt,erdos_renyi_10ins_m20,47,SpecAnn,0.7370936756031579,1.0,-277311.99999999994,-221630.0,0.0125725269317626,0,True,67,33,True,69,32,0.8491285443305969,93.78086853027344,-2120680.1217229427,2025-11-20 19:16:37
er_1024_1_6.txt,erdos_renyi_10ins_m20,47,SpecAnn,0.7424157207132704,1.0,-275948.0,-223406.0,0.0126357078552246,0,True,67,33,True,70,32,0.8469433188438416,92.19184112548828,-2079382.13873835,2025-11-20 19:16:37
er_1024_1_6.txt,erdos_renyi_10ins_m20,47,SpecAnn,0.7476998850543153,1.0,-276679.99999999994,-224466.0,0.012629747390747,0,True,67,33,True,71,32,0.8447206616401672,90.64112854003906,-2039040.705775513,2025-11-20 19:16:37
er_1024_1_6.txt,erdos_renyi_10ins_m20,47,SpecAnn,0.7529469661657903,1.0,-277106.0,-227752.0,0.0126643180847167,0,True,67,33,True,72,32,0.8424602150917053,89.1274642944336,-1999624.3935107195,2025-11-20 19:16:37
er_1024_1_6.txt,erdos_renyi_10ins_m20,47,SpecAnn,0.7581577339883167,1.0,-275336.0,-230614.0,0.0126364231109619,0,True,67,33,True,73,32,0.8401616215705872,87.64964294433594,-1961103.2753393524,2025-11-20 19:16:37
er_1024_1_6.txt,erdos_renyi_10ins_m20,47,SpecAnn,0.7633329321824984,1.0,-273697.99999999994,-234342.00000000003,0.0126807689666748,0,True,67,33,True,74,32,0.8378243446350098,86.20651245117188,-1923448.336976827,2025-11-20 19:16:37
er_1024_1_6.txt,erdos_renyi_10ins_m20,47,SpecAnn,0.7684732793678399,1.0,-274853.99999999994,-234230.0,0.0126392841339111,0,True,67,33,True,75,32,0.835448682308197,84.79696655273438,-1886633.6205407744,2025-11-20 19:16:37
er_1024_1_6.txt,erdos_renyi_10ins_m20,47,SpecAnn,0.7735794702875677,1.0,-276434.0,-234674.0,0.0127007961273193,0,True,67,33,True,76,32,0.8330341577529907,83.41992950439453,-1850632.15017804,2025-11-20 19:16:37
er_1024_1_6.txt,erdos_renyi_10ins_m20,47,SpecAnn,0.7786521769046981,1.0,-273778.0,-234200.0,0.024188756942749,0,True,67,65,True,77,32,0.8305806517601013,82.07440948486328,-1815419.7314177065,2025-11-20 19:16:37
er_1024_1_6.txt,erdos_renyi_10ins_m20,47,SpecAnn,0.7836920494342511,1.0,-274496.0,-235008.0,0.0242917537689209,0,True,67,65,True,78,32,0.8280882239341736,80.75940704345703,-1780972.4642584648,2025-11-20 19:16:37
er_1024_1_6.txt,erdos_renyi_10ins_m20,47,SpecAnn,0.788699717316095,1.0,-275299.99999999994,-236412.0,0.0243387222290039,0,True,67,65,True,79,32,0.8255568742752075,79.4739990234375,-1747268.064943221,2025-11-20 19:16:37
er_1024_1_6.txt,erdos_renyi_10ins_m20,47,SpecAnn,0.7936757901325451,1.0,-276931.99999999994,-239024.0,0.0243282318115234,0,True,67,65,True,80,32,0.8229864239692688,78.21728515625,-1714284.441846395,2025-11-20 19:16:37
er_1024_1_6.txt,erdos_renyi_10ins_m20,47,SpecAnn,0.7986208584745024,1.0,-275467.99999999994,-240766.0,0.0241961479187011,0,True,67,65,True,81,32,0.8203768134117126,76.9883804321289,-1682000.1706982537,2025-11-20 19:16:37
er_1024_1_6.txt,erdos_renyi_10ins_m20,47,SpecAnn,0.803535494759617,1.0,-277749.99999999994,-240066.00000000003,0.0241754055023193,0,True,67,65,True,82,32,0.8177280426025391,75.78648376464844,-1650395.8531779917,2025-11-20 19:16:37
er_1024_1_6.txt,erdos_renyi_10ins_m20,47,SpecAnn,0.8084202540056837,1.0,-276186.0,-241082.00000000003,0.0241641998291015,0,True,67,65,True,83,32,0.8150397539138794,74.61080169677734,-1619451.6013363623,2025-11-20 19:16:37
er_1024_1_6.txt,erdos_renyi_10ins_m20,47,SpecAnn,0.8132756745622272,1.0,-275992.0,-239948.0,0.0241310596466064,0,True,67,65,True,84,32,0.8123112320899963,73.46054077148438,-1589146.9329104847,2025-11-20 19:16:37
er_1024_1_6.txt,erdos_renyi_10ins_m20,47,SpecAnn,0.8181022788030096,1.0,-274526.0,-242036.0,0.0244944095611572,0,True,67,65,True,85,32,0.8095424175262451,72.3349609375,-1559463.934157292,2025-11-20 19:16:37
er_1024_1_6.txt,erdos_renyi_10ins_m20,47,SpecAnn,0.822900573781978,1.0,-275661.99999999994,-242030.0,0.024625539779663,0,True,67,65,True,86,32,0.8067327737808228,71.2333755493164,-1530384.999152973,2025-11-20 19:16:37
er_1024_1_6.txt,erdos_renyi_10ins_m20,47,SpecAnn,0.8276710518549868,1.0,-276879.99999999994,-242772.0,0.0243606567382812,0,True,67,65,True,87,32,0.8038808703422546,70.15509796142578,-1501890.962714964,2025-11-20 19:16:37
er_1024_1_6.txt,erdos_renyi_10ins_m20,47,SpecAnn,0.8324141912694495,1.0,-277639.99999999994,-243150.0,0.0242345333099365,0,True,67,65,True,88,32,0.8009847402572632,69.09944152832031,-1473961.8883162225,2025-11-20 19:16:37
er_1024_1_6.txt,erdos_renyi_10ins_m20,47,SpecAnn,0.8371304567239225,1.0,-275616.00000000006,-241874.0,0.0243699550628662,0,True,67,65,True,89,32,0.7980445027351379,68.0658187866211,-1446584.002809364,2025-11-20 19:16:37
er_1024_1_6.txt,erdos_renyi_10ins_m20,47,SpecAnn,0.8418202998994706,1.0,-276921.99999999994,-243560.0,0.0245547294616699,0,True,67,65,True,90,32,0.7950586676597595,67.05355834960938,-1419738.8963990794,2025-11-20 19:16:37
er_1024_1_6.txt,erdos_renyi_10ins_m20,47,SpecAnn,0.846484159964536,1.0,-278627.99999999994,-245096.0,0.0243663787841796,0,True,67,65,True,91,32,0.792026937007904,66.06211853027344,-1393413.2109206414,2025-11-20 19:16:37
er_1024_1_6.txt,erdos_renyi_10ins_m20,47,SpecAnn,0.8511224640549078,1.0,-279013.99999999994,-245378.0,0.0242416858673095,0,True,67,65,True,92,32,0.7889496684074402,65.0909194946289,-1367593.9759930684,2025-11-20 19:16:37
er_1024_1_6.txt,erdos_renyi_10ins_m20,47,SpecAnn,0.8557356277302758,1.0,-279598.0,-246020.0,0.0242273807525634,0,True,67,65,True,93,32,0.7858286499977112,64.13939666748047,-1342270.9880039862,2025-11-20 19:16:37
er_1024_1_6.txt,erdos_renyi_10ins_m20,47,SpecAnn,0.8603240554087516,1.0,-278723.99999999994,-243306.0,0.0241436958312988,0,True,67,65,True,94,32,0.7826652526855469,63.2070198059082,-1317433.9222838788,2025-11-20 19:16:37
er_1024_1_6.txt,erdos_renyi_10ins_m20,47,SpecAnn,0.86488814078064,1.0,-278660.0,-241868.0,0.0241971015930175,0,True,67,65,True,95,32,0.7794612646102905,62.29331207275391,-1293074.1651507483,2025-11-20 19:16:37
er_1024_1_6.txt,erdos_renyi_10ins_m20,47,SpecAnn,0.8694282672026621,1.0,-280858.0,-240510.0,0.0241837501525878,0,True,67,65,True,96,32,0.7762184739112854,61.397735595703125,-1269181.7059991574,2025-11-20 19:16:37
er_1024_1_6.txt,erdos_renyi_10ins_m20,47,SpecAnn,0.8739448080737451,1.0,-278032.0,-240466.00000000003,0.0242433547973632,0,True,67,65,True,97,32,0.7729380130767822,60.51984405517578,-1245747.2619467534,2025-11-20 19:16:37
er_1024_1_6.txt,erdos_renyi_10ins_m20,47,SpecAnn,0.878438127193422,1.0,-276280.0,-239044.0,0.0242278575897216,0,True,67,65,True,98,32,0.7696212530136108,59.6591682434082,-1222761.4014169625,2025-11-20 19:16:37
er_1024_1_6.txt,erdos_renyi_10ins_m20,47,SpecAnn,0.8829085791038153,1.0,-276279.99999999994,-238642.00000000003,0.0242338180541992,0,True,67,65,True,99,32,0.7662685513496399,58.81525039672852,-1200213.277297497,2025-11-20 19:16:37
er_1024_1_6.txt,erdos_renyi_10ins_m20,47,SpecAnn,0.8873565094161138,1.0,-275407.99999999994,-239618.00000000003,0.0242516994476318,0,True,67,65,True,100,32,0.7628804445266724,57.9876708984375,-1178093.12750968,2025-11-20 19:16:37
er_1024_1_6.txt,erdos_renyi_10ins_m20,47,SpecAnn,0.8917822551223932,1.0,-274212.0,-239718.0,0.0243480205535888,0,True,67,65,True,101,32,0.7594577074050903,57.17601013183594,-1156391.5634584017,2025-11-20 19:16:37
er_1024_1_6.txt,erdos_renyi_10ins_m20,47,SpecAnn,0.8961861448935777,1.0,-274737.99999999994,-239884.0,0.0242543220520019,0,True,67,65,True,102,32,0.7559998631477356,56.37986755371094,-1135097.6976569537,2025-11-20 19:16:37
er_1024_1_6.txt,erdos_renyi_10ins_m20,47,SpecAnn,0.9005684993642872,1.0,-278093.99999999994,-239094.0,0.0241744518280029,0,True,67,65,True,103,32,0.7525075078010559,55.59886169433594,-1114202.7140011524,2025-11-20 19:16:37
er_1024_1_6.txt,erdos_renyi_10ins_m20,47,SpecAnn,0.9049296314052688,1.0,-277794.0,-238984.0,0.0243501663208007,0,True,67,65,True,104,32,0.7489805817604065,54.83259201049805,-1093696.4661944392,2025-11-20 19:16:38
er_1024_1_6.txt,erdos_renyi_10ins_m20,47,SpecAnn,0.9092698463840684,1.0,-277610.0,-237712.0,0.02461838722229,0,True,67,65,True,105,32,0.7454186677932739,54.08070755004883,-1073569.3505805498,2025-11-20 19:16:38
er_1024_1_6.txt,erdos_renyi_10ins_m20,47,SpecAnn,0.9135894424145556,1.0,-277937.99999999994,-237822.00000000003,0.024587869644165,0,True,67,65,True,106,32,0.7418220639228821,53.34286117553711,-1053812.9407687362,2025-11-20 19:16:38
er_1024_1_6.txt,erdos_renyi_10ins_m20,47,SpecAnn,0.9178887105958816,1.0,-276435.99999999994,-237276.0,0.0246453285217285,0,True,67,65,True,107,32,0.7381904721260071,52.618690490722656,-1034417.706056824,2025-11-20 19:16:38
er_1024_1_6.txt,erdos_renyi_10ins_m20,47,SpecAnn,0.922167935241408,1.0,-277452.0,-237984.0,0.0243692398071289,0,True,67,65,True,108,32,0.7345237731933594,51.90786743164063,-1015375.1207806028,2025-11-20 19:16:38
er_1024_1_6.txt,erdos_renyi_10ins_m20,47,SpecAnn,0.92642739409812,1.0,-277850.0,-237998.0,0.0245394706726074,0,True,67,65,True,109,32,0.730821967124939,51.210105895996094,-996677.700294004,2025-11-20 19:16:38
er_1024_1_6.txt,erdos_renyi_10ins_m20,47,SpecAnn,0.9306673585570006,1.0,-278826.0,-238788.0,0.024540901184082,0,True,67,65,True,110,32,0.7270846962928772,50.52503967285156,-978315.966621072,2025-11-20 19:16:38
er_1024_1_6.txt,erdos_renyi_10ins_m20,47,SpecAnn,0.9348880938548184,1.0,-275650.0,-237660.0,0.024648904800415,0,True,67,65,True,111,32,0.7233117818832397,49.85239410400391,-960282.5422239604,2025-11-20 19:16:38
er_1024_1_6.txt,erdos_renyi_10ins_m20,47,SpecAnn,0.9390898592677528,1.0,-277481.99999999994,-236550.0,0.012866735458374,0,True,67,33,True,112,32,0.7195030450820923,49.19187927246094,-942569.809248737,2025-11-20 19:16:38
er_1024_1_6.txt,erdos_renyi_10ins_m20,47,SpecAnn,0.9432729082972536,1.0,-277225.99999999994,-236592.0,0.0127930641174316,0,True,67,33,True,113,32,0.7156583070755005,48.54319763183594,-925170.0647721027,2025-11-20 19:16:38
er_1024_1_6.txt,erdos_renyi_10ins_m20,47,SpecAnn,0.9474374888485204,1.0,-277707.99999999994,-236228.0,0.0127785205841064,0,True,67,33,True,114,32,0.7117772102355957,47.90608215332031,-908076.0219064024,2025-11-20 19:16:38
er_1024_1_6.txt,erdos_renyi_10ins_m20,47,SpecAnn,0.9515838434019476,1.0,-278466.00000000006,-236110.0,0.0127363204956054,0,True,67,33,True,115,32,0.7078596353530884,47.28025436401367,-891280.5454114376,2025-11-20 19:16:38
er_1024_1_6.txt,erdos_renyi_10ins_m20,47,SpecAnn,0.9557122091778746,1.0,-279452.0,-235760.0,0.0127985477447509,0,True,67,33,True,116,32,0.7039052844047546,46.66547393798828,-874777.0508166116,2025-11-20 19:16:38
er_1024_1_6.txt,erdos_renyi_10ins_m20,47,SpecAnn,0.9598228182949629,1.0,-277332.0,-235340.0,0.012911319732666,0,True,67,33,True,117,32,0.6999139189720154,46.061466217041016,-858558.4423742034,2025-11-20 19:16:38
er_1024_1_6.txt,erdos_renyi_10ins_m20,47,SpecAnn,0.963915897922488,1.0,-276140.0,-235624.0,0.0130078792572021,0,True,67,33,True,118,32,0.695885419845581,45.46800231933594,-842618.6850183125,2025-11-20 19:16:38
er_1024_1_6.txt,erdos_renyi_10ins_m20,47,SpecAnn,0.967991670426842,1.0,-276140.0,-235624.0,0.0246925354003906,0,True,67,65,True,119,32,0.6918193697929382,44.88483047485352,-826951.008570306,2025-11-20 19:16:38
er_1024_1_6.txt,erdos_renyi_10ins_m20,47,SpecAnn,0.9720503535125016,1.0,-273748.0,-235296.0,0.0242857933044433,0,True,67,65,True,120,32,0.6877155900001526,44.31172561645508,-811549.486198438,2025-11-20 19:16:38
er_1024_1_6.txt,erdos_renyi_10ins_m20,47,SpecAnn,0.9760921603577252,1.0,-274423.99999999994,-235482.0,0.0126833915710449,0,True,67,33,True,121,32,0.6835737824440002,43.74846649169922,-796408.1698879461,2025-11-20 19:16:38
er_1024_1_6.txt,erdos_renyi_10ins_m20,47,SpecAnn,0.9801172997452104,1.0,-275542.0,-235884.0,0.0127310752868652,0,True,67,33,True,122,32,0.6793937683105469,43.19482803344727,-781521.2351185806,2025-11-20 19:16:38
er_1024_1_6.txt,erdos_renyi_10ins_m20,47,SpecAnn,0.9841259761879442,1.0,-273376.0,-235158.0,0.0127460956573486,0,True,67,33,True,123,32,0.6751753091812134,42.65060806274414,-766883.2528771502,2025-11-20 19:16:38
er_1024_1_6.txt,erdos_renyi_10ins_m20,47,SpecAnn,0.9881183900504562,1.0,-275514.0,-234752.0,0.0129647254943847,0,True,67,33,True,124,32,0.6709177494049072,42.11558532714844,-752488.0319255157,2025-11-20 19:16:38
er_1024_1_6.txt,erdos_renyi_10ins_m20,47,SpecAnn,0.9920947376656812,1.0,-272922.00000000006,-235040.0,0.0126900672912597,0,True,67,33,True,125,32,0.6666215062141418,41.58957290649414,-738331.2589329634,2025-11-20 19:16:38
er_1024_1_6.txt,erdos_renyi_10ins_m20,47,SpecAnn,0.9960552114476228,1.0,-272922.00000000006,-235040.0,0.0242297649383544,0,True,67,65,True,126,32,0.6622856855392456,41.07236862182617,-724406.9230268437,2025-11-20 19:16:38
er_1024_1_6.txt,erdos_renyi_10ins_m20,47,SpecAnn,1.0,1.0,-273814.0,-235304.0,0.0242574214935302,0,True,67,65,True,127,32,0.6579103469848633,40.563777923583984,-710710.2641574776,2025-11-20 19:16:38
er_1024_1_6.txt,erdos_renyi_10ins_m20,48,SpecAnn,0.0,1.0,-273912.0,-80991.99999999999,0.013803482055664,0,True,74,33,True,0,32,0.9634751677513124,1025.0,-26299764.872194827,2025-11-20 19:16:38
er_1024_1_6.txt,erdos_renyi_10ins_m20,48,SpecAnn,0.0887356509416113,1.0,-271326.0,-84691.99999999999,0.0128915309906005,0,True,74,33,True,1,32,0.9576042890548706,767.2249145507812,-19565738.945173506,2025-11-20 19:16:38
er_1024_1_6.txt,erdos_renyi_10ins_m20,48,SpecAnn,0.1254911610276317,1.0,-273960.00000000006,-87529.99999999999,0.0127172470092773,0,True,74,33,True,2,32,0.954878270626068,680.5494995117188,-17305940.415704597,2025-11-20 19:16:38
er_1024_1_6.txt,erdos_renyi_10ins_m20,48,SpecAnn,0.1536946558735679,1.0,-269247.99999999994,-90910.0,0.0129311084747314,0,True,74,33,True,3,32,0.9526553750038148,620.7681274414062,-15748990.001024071,2025-11-20 19:16:38
er_1024_1_6.txt,erdos_renyi_10ins_m20,48,SpecAnn,0.1774713018832227,1.0,-270232.0,-92586.0,0.0128493309020996,0,True,74,33,True,4,32,0.95068621635437,574.4864501953125,-14544689.748408902,2025-11-20 19:16:38
er_1024_1_6.txt,erdos_renyi_10ins_m20,48,SpecAnn,0.1984189475331362,1.0,-271216.0,-94044.0,0.0127623081207275,0,True,74,33,True,5,32,0.9488748908042908,536.592041015625,-13559405.72119314,2025-11-20 19:16:38
er_1024_1_6.txt,erdos_renyi_10ins_m20,48,SpecAnn,0.2173570668006655,1.0,-271216.0,-94044.0,0.0127239227294921,0,True,74,33,True,6,32,0.9471722841262816,504.4988403320313,-12725551.950593948,2025-11-20 19:16:38
er_1024_1_6.txt,erdos_renyi_10ins_m20,48,SpecAnn,0.2347724648169381,1.0,-271800.00000000006,-96366.0,0.0128049850463867,0,True,74,33,True,7,32,0.9455491900444032,476.6909790039063,-12003517.635865271,2025-11-20 19:16:38
er_1024_1_6.txt,erdos_renyi_10ins_m20,48,SpecAnn,0.2509823220552634,1.0,-273307.99999999994,-98432.0,0.012629747390747,0,True,74,33,True,8,32,0.943986713886261,452.1938171386719,-11367840.629399056,2025-11-20 19:16:38
er_1024_1_6.txt,erdos_renyi_10ins_m20,48,SpecAnn,0.2662069528248341,1.0,-269948.0,-99842.0,0.0127544403076171,0,True,74,33,True,9,32,0.94247168302536,430.3389587402344,-10801061.77099088,2025-11-20 19:16:38
er_1024_1_6.txt,erdos_renyi_10ins_m20,48,SpecAnn,0.2806067666331568,1.0,-269948.0,-99842.0,0.0127341747283935,0,True,74,33,True,10,32,0.9409946203231812,410.6458740234375,-10290632.733459214,2025-11-20 19:16:38
er_1024_1_6.txt,erdos_renyi_10ins_m20,48,SpecAnn,0.2943028597012718,1.0,-269948.0,-99842.0,0.0130894184112548,0,True,74,33,True,11,32,0.9395482540130616,392.7565002441406,-9827203.42011299,2025-11-20 19:16:38
er_1024_1_6.txt,erdos_renyi_10ins_m20,48,SpecAnn,0.3073893117471359,1.0,-274581.99999999994,-102108.0,0.0127208232879638,0,True,74,33,True,12,32,0.9381267428398132,376.395751953125,-9403590.407785583,2025-11-20 19:16:38
er_1024_1_6.txt,erdos_renyi_10ins_m20,48,SpecAnn,0.3199409394316542,1.0,-274581.99999999994,-102108.0,0.0126142501831054,0,True,74,33,True,13,32,0.9367257356643676,361.347900390625,-9014164.150335811,2025-11-20 19:16:38
er_1024_1_6.txt,erdos_renyi_10ins_m20,48,SpecAnn,0.3320184038158743,1.0,-274178.0,-106956.0,0.0126867294311523,0,True,74,33,True,14,32,0.9353416562080384,347.4398803710937,-8654409.042285282,2025-11-20 19:16:38
er_1024_1_6.txt,erdos_renyi_10ins_m20,48,SpecAnn,0.3436716983117353,1.0,-271615.99999999994,-109772.0,0.0127410888671875,0,True,74,33,True,15,32,0.9339712262153624,334.53082275390625,-8320647.235777141,2025-11-20 19:16:38
er_1024_1_6.txt,erdos_renyi_10ins_m20,48,SpecAnn,0.3549426037664455,1.0,-269184.0,-112102.0,0.0128562450408935,0,True,74,33,True,16,32,0.9326120018959044,322.5045166015625,-8009848.022831857,2025-11-20 19:16:38
er_1024_1_6.txt,erdos_renyi_10ins_m20,48,SpecAnn,0.3658664615902029,1.0,-272408.00000000006,-113292.0,0.012779951095581,0,True,74,33,True,17,32,0.931261658668518,311.263671875,-7719472.666828812,2025-11-20 19:16:38
er_1024_1_6.txt,erdos_renyi_10ins_m20,48,SpecAnn,0.3764734830828951,1.0,-272408.00000000006,-113292.0,0.0127272605895996,0,True,74,33,True,18,32,0.92991840839386,300.7261657714844,-7447380.3865342755,2025-11-20 19:16:38
er_1024_1_6.txt,erdos_renyi_10ins_m20,48,SpecAnn,0.3867897351437838,1.0,-271551.99999999994,-117304.0,0.0130031108856201,0,True,74,33,True,19,32,0.9285805821418762,290.8218994140625,-7191743.324918318,2025-11-20 19:16:38
er_1024_1_6.txt,erdos_renyi_10ins_m20,48,SpecAnn,0.3968378950662725,1.0,-272843.99999999994,-119330.0,0.0128157138824462,0,True,74,33,True,20,32,0.9272464513778688,281.49072265625,-6950991.229340113,2025-11-20 19:16:38
er_1024_1_6.txt,erdos_renyi_10ins_m20,48,SpecAnn,0.4066378372811136,1.0,-271923.99999999994,-123786.0,0.0127458572387695,0,True,74,33,True,21,32,0.9259148836135864,272.6803283691406,-6723762.243859363,2025-11-20 19:16:38
er_1024_1_6.txt,erdos_renyi_10ins_m20,48,SpecAnn,0.4162070956347247,1.0,-266690.0,-124582.0,0.0127058029174804,0,True,74,33,True,22,32,0.924584686756134,264.3451843261719,-6508869.6460486,2025-11-20 19:16:38
er_1024_1_6.txt,erdos_renyi_10ins_m20,48,SpecAnn,0.4255612320274539,1.0,-271741.99999999994,-126184.00000000004,0.0127568244934082,0,True,74,33,True,23,32,0.9232546091079712,256.44537353515625,-6305272.020046029,2025-11-20 19:16:38
er_1024_1_6.txt,erdos_renyi_10ins_m20,48,SpecAnn,0.434714133601331,1.0,-275804.0,-127795.99999999996,0.01267671585083,0,True,74,33,True,24,32,0.9219236969947816,248.9456481933593,-6112051.311725026,2025-11-20 19:16:38
er_1024_1_6.txt,erdos_renyi_10ins_m20,48,SpecAnn,0.4436782547080569,1.0,-271644.0,-127913.99999999996,0.0126986503601074,0,True,74,33,True,25,32,0.9205909967422484,241.81466674804688,-5928390.959911288,2025-11-20 19:16:38
er_1024_1_6.txt,erdos_renyi_10ins_m20,48,SpecAnn,0.4524648157026343,1.0,-269508.0,-129124.0,0.0129346847534179,0,True,74,33,True,26,32,0.919255793094635,235.02456665039065,-5753566.149910679,2025-11-20 19:16:38
er_1024_1_6.txt,erdos_renyi_10ins_m20,48,SpecAnn,0.4610839676207039,1.0,-270987.99999999994,-131024.0,0.0130119323730468,0,True,74,33,True,27,32,0.9179169535636902,228.55047607421875,-5586926.990171914,2025-11-20 19:16:38
er_1024_1_6.txt,erdos_renyi_10ins_m20,48,SpecAnn,0.4695449296338763,1.0,-269697.99999999994,-132487.99999999997,0.0126254558563232,0,True,74,33,True,28,32,0.9165738821029664,222.36993408203125,-5427889.774291061,2025-11-20 19:16:38
er_1024_1_6.txt,erdos_renyi_10ins_m20,48,SpecAnn,0.4778561045889373,1.0,-269697.99999999994,-132487.99999999997,0.0126106739044189,0,True,74,33,True,29,32,0.915225863456726,216.46275329589844,-5275928.935371842,2025-11-20 19:16:38
er_1024_1_6.txt,erdos_renyi_10ins_m20,48,SpecAnn,0.4860251767562508,1.0,-269697.99999999994,-132487.99999999997,0.0126049518585205,0,True,74,33,True,30,32,0.913872003555298,210.8106384277344,-5130567.089741119,2025-11-20 19:16:39
er_1024_1_6.txt,erdos_renyi_10ins_m20,48,SpecAnn,0.4940591950252281,1.0,-271533.99999999994,-133465.99999999997,0.0127224922180175,0,True,74,33,True,31,32,0.912511706352234,205.3970184326172,-4991373.330968451,2025-11-20 19:16:39
er_1024_1_6.txt,erdos_renyi_10ins_m20,48,SpecAnn,0.5019646441105269,1.0,-271118.00000000006,-134998.00000000003,0.0131845474243164,0,True,74,33,True,32,32,0.911144196987152,200.20681762695312,-4857954.585758907,2025-11-20 19:16:39
er_1024_1_6.txt,erdos_renyi_10ins_m20,48,SpecAnn,0.5097475058154177,1.0,-270261.99999999994,-136660.0,0.0126893520355224,0,True,74,33,True,33,32,0.9097691178321838,195.2261962890625,-4729952.266087486,2025-11-20 19:16:39
er_1024_1_6.txt,erdos_renyi_10ins_m20,48,SpecAnn,0.51741331199832,1.0,-271580.0,-139740.0,0.0127773284912109,0,True,74,33,True,34,32,0.9083853363990784,190.442626953125,-4607037.561319964,2025-11-20 19:16:39
er_1024_1_6.txt,erdos_renyi_10ins_m20,48,SpecAnn,0.5249671905758515,1.0,-265362.0,-142562.0,0.0129306316375732,0,True,74,33,True,35,32,0.9069926738739014,185.844467163086,-4488909.913914117,2025-11-20 19:16:39
er_1024_1_6.txt,erdos_renyi_10ins_m20,48,SpecAnn,0.5324139056496683,1.0,-272902.0,-147054.0,0.0128524303436279,0,True,74,33,True,36,32,0.9055901765823364,181.421142578125,-4375292.330187121,2025-11-20 19:16:39
er_1024_1_6.txt,erdos_renyi_10ins_m20,48,SpecAnn,0.5397578926492556,1.0,-269838.0,-148998.0,0.0129055976867675,0,True,74,33,True,37,32,0.9041772484779358,177.1627960205078,-4265928.530716175,2025-11-20 19:16:39
er_1024_1_6.txt,erdos_renyi_10ins_m20,48,SpecAnn,0.5470032892270364,1.0,-271403.99999999994,-151447.99999999997,0.0128571987152099,0,True,74,33,True,38,32,0.9027534127235411,173.06044006347656,-4160585.174457236,2025-11-20 19:16:39
er_1024_1_6.txt,erdos_renyi_10ins_m20,48,SpecAnn,0.554153962516942,1.0,-272572.0,-152690.0,0.0127394199371337,0,True,74,33,True,39,32,0.901317834854126,169.1056365966797,-4059041.793669424,2025-11-20 19:16:39
er_1024_1_6.txt,erdos_renyi_10ins_m20,48,SpecAnn,0.5612135332663137,1.0,-269334.0,-154985.99999999997,0.0126087665557861,0,True,74,33,True,40,32,0.8998700976371765,165.29066467285156,-3961098.310357383,2025-11-20 19:16:39
er_1024_1_6.txt,erdos_renyi_10ins_m20,48,SpecAnn,0.5681853972686127,1.0,-274850.0,-156259.99999999997,0.0127115249633789,0,True,74,33,True,41,32,0.8984093070030212,161.6083221435547,-3866566.093739249,2025-11-20 19:16:39
er_1024_1_6.txt,erdos_renyi_10ins_m20,48,SpecAnn,0.5750727444570146,1.0,-272436.0,-158300.0,0.0128860473632812,0,True,74,33,True,42,32,0.896934986114502,158.0518798828125,-3775270.764383762,2025-11-20 19:16:39
er_1024_1_6.txt,erdos_renyi_10ins_m20,48,SpecAnn,0.5818785759635375,1.0,-271130.0,-159108.0,0.0129816532135009,0,True,74,33,True,43,32,0.895446240901947,154.61514282226562,-3687049.924151858,2025-11-20 19:16:39
er_1024_1_6.txt,erdos_renyi_10ins_m20,48,SpecAnn,0.5886057194025436,1.0,-273367.99999999994,-159863.99999999997,0.012831687927246,0,True,74,33,True,44,32,0.8939427733421326,151.29229736328125,-3601753.6930128285,2025-11-20 19:16:39
er_1024_1_6.txt,erdos_renyi_10ins_m20,48,SpecAnn,0.5952568425994088,1.0,-274818.0,-161796.0,0.0127584934234619,0,True,74,33,True,45,32,0.8924234509468079,148.07781982421875,-3519236.5564554203,2025-11-20 19:16:39
er_1024_1_6.txt,erdos_renyi_10ins_m20,48,SpecAnn,0.6018344659534288,1.0,-271880.0,-164040.0,0.0128090381622314,0,True,74,33,True,46,32,0.8908879160881042,144.9667205810547,-3439369.671463107,2025-11-20 19:16:39
er_1024_1_6.txt,erdos_renyi_10ins_m20,48,SpecAnn,0.6083409735974393,1.0,-272232.0,-165392.0,0.0126874446868896,0,True,74,33,True,47,32,0.8893351554870605,141.9541778564453,-3362026.3563035065,2025-11-20 19:16:39
er_1024_1_6.txt,erdos_renyi_10ins_m20,48,SpecAnn,0.6147786234942719,1.0,-272248.0,-171784.0,0.0127162933349609,0,True,74,33,True,48,32,0.887764573097229,139.0357666015625,-3287091.7061961545,2025-11-20 19:16:39
er_1024_1_6.txt,erdos_renyi_10ins_m20,48,SpecAnn,0.6211495565912796,1.0,-273462.0,-177283.99999999997,0.0127031803131103,0,True,74,33,True,49,32,0.8861754536628723,136.20726013183594,-3214455.7217975995,2025-11-20 19:16:39
er_1024_1_6.txt,erdos_renyi_10ins_m20,48,SpecAnn,0.6274558051381586,1.0,-275410.0,-177808.0,0.012967824935913,0,True,74,33,True,50,32,0.8845668435096741,133.46470642089844,-3144014.690569313,2025-11-20 19:16:39
er_1024_1_6.txt,erdos_renyi_10ins_m20,48,SpecAnn,0.6336993002596786,1.0,-273132.00000000006,-179523.99999999997,0.0129094123840332,0,True,74,33,True,51,32,0.8829380869865417,130.80442810058594,-3075673.084895911,2025-11-20 19:16:39
er_1024_1_6.txt,erdos_renyi_10ins_m20,48,SpecAnn,0.6398818788633085,1.0,-274952.0,-181162.00000000003,0.0127770900726318,0,True,74,33,True,52,32,0.8812881708145142,128.222900390625,-3009338.2951770914,2025-11-20 19:16:39
er_1024_1_6.txt,erdos_renyi_10ins_m20,48,SpecAnn,0.6460052899517691,1.0,-274920.0,-183452.0,0.0126926898956298,0,True,74,33,True,53,32,0.879616379737854,125.71683502197266,-2944924.88222994,2025-11-20 19:16:39
er_1024_1_6.txt,erdos_renyi_10ins_m20,48,SpecAnn,0.6520712004019966,1.0,-272921.99999999994,-190542.0,0.0126981735229492,0,True,74,33,True,54,32,0.8779217600822449,123.28311157226562,-2882351.060293681,2025-11-20 19:16:39
er_1024_1_6.txt,erdos_renyi_10ins_m20,48,SpecAnn,0.6580812002646271,1.0,-275001.99999999994,-193956.0,0.0126428604125976,0,True,74,33,True,55,32,0.8762034177780151,120.91880798339844,-2821540.4109010366,2025-11-20 19:16:39
er_1024_1_6.txt,erdos_renyi_10ins_m20,48,SpecAnn,0.6640368076317485,1.0,-274454.0,-194808.0,0.0126595497131347,0,True,74,33,True,56,32,0.8744603991508484,118.62110900878906,-2762419.3113512946,2025-11-20 19:16:39
er_1024_1_6.txt,erdos_renyi_10ins_m20,48,SpecAnn,0.6699394731151429,1.0,-277600.0,-196532.0,0.0127396583557128,0,True,74,33,True,57,32,0.8726918697357178,116.3874282836914,-2704920.3211443443,2025-11-20 19:16:39
er_1024_1_6.txt,erdos_renyi_10ins_m20,48,SpecAnn,0.6757905839724513,1.0,-274422.0,-198826.0,0.0128662586212158,0,True,74,33,True,58,32,0.8708968758583069,114.2152328491211,-2648977.300108557,2025-11-20 19:16:39
er_1024_1_6.txt,erdos_renyi_10ins_m20,48,SpecAnn,0.6815914679145113,1.0,-275082.0,-199534.0,0.0126628875732421,0,True,74,33,True,59,32,0.8690744042396545,112.10218811035156,-2594528.9658154063,2025-11-20 19:16:39
er_1024_1_6.txt,erdos_renyi_10ins_m20,48,SpecAnn,0.6873433966234707,1.0,-277244.0,-202042.0,0.0126636028289794,0,True,74,33,True,60,32,0.86722332239151,110.04600524902344,-2541515.1651909733,2025-11-20 19:16:39
er_1024_1_6.txt,erdos_renyi_10ins_m20,48,SpecAnn,0.6930475890080863,1.0,-276924.0,-204704.0,0.0126824378967285,0,True,74,33,True,61,32,0.8653427958488464,108.04460906982422,-2489881.965110892,2025-11-20 19:16:39
er_1024_1_6.txt,erdos_renyi_10ins_m20,48,SpecAnn,0.6987052142198116,1.0,-278482.0,-209340.0,0.0126111507415771,0,True,74,33,True,62,32,0.863431990146637,106.09593200683594,-2439575.943002008,2025-11-20 19:16:39
er_1024_1_6.txt,erdos_renyi_10ins_m20,48,SpecAnn,0.7043173944508145,1.0,-279013.99999999994,-209072.0,0.0126481056213378,0,True,74,33,True,63,32,0.8614897131919861,104.19805145263672,-2390546.347698442,2025-11-20 19:16:39
er_1024_1_6.txt,erdos_renyi_10ins_m20,48,SpecAnn,0.709885207532891,1.0,-276120.0,-213806.0,0.0126621723175048,0,True,74,33,True,64,32,0.8595151901245117,102.34915924072266,-2342746.5682680192,2025-11-20 19:16:39
er_1024_1_6.txt,erdos_renyi_10ins_m20,48,SpecAnn,0.7154096893543218,1.0,-274097.99999999994,-217110.0,0.0126760005950927,0,True,74,33,True,65,32,0.8575075268745422,100.54747009277344,-2296130.4767638426,2025-11-20 19:16:39
er_1024_1_6.txt,erdos_renyi_10ins_m20,48,SpecAnn,0.7208918361100219,1.0,-278298.0,-215198.0,0.0128796100616455,0,True,74,33,True,66,32,0.8554657697677612,98.7913589477539,-2250655.741105705,2025-11-20 19:16:39
er_1024_1_6.txt,erdos_renyi_10ins_m20,48,SpecAnn,0.7263326063988248,1.0,-277070.0,-216092.00000000003,0.0126788616180419,0,True,74,33,True,67,32,0.8533892035484314,97.07920837402344,-2206281.101987952,2025-11-20 19:16:39
er_1024_1_6.txt,erdos_renyi_10ins_m20,48,SpecAnn,0.7317329231804058,1.0,-275700.0,-217228.0,0.0125234127044677,0,True,74,33,True,68,32,0.8512770533561707,95.40953063964844,-2162968.33146066,2025-11-20 19:16:39
er_1024_1_6.txt,erdos_renyi_10ins_m20,48,SpecAnn,0.7370936756031579,1.0,-276776.0,-221630.0,0.0125844478607177,0,True,74,33,True,69,32,0.8491285443305969,93.78086853027344,-2120680.1217229427,2025-11-20 19:16:39
er_1024_1_6.txt,erdos_renyi_10ins_m20,48,SpecAnn,0.7424157207132704,1.0,-275822.0,-223406.0,0.0126097202301025,0,True,74,33,True,70,32,0.8469433188438416,92.19184112548828,-2079382.13873835,2025-11-20 19:16:39
er_1024_1_6.txt,erdos_renyi_10ins_m20,48,SpecAnn,0.7476998850543153,1.0,-274735.99999999994,-224466.0,0.0126011371612548,0,True,74,33,True,71,32,0.8447206616401672,90.64112854003906,-2039040.705775513,2025-11-20 19:16:39
er_1024_1_6.txt,erdos_renyi_10ins_m20,48,SpecAnn,0.7529469661657903,1.0,-276141.99999999994,-227752.0,0.0126223564147949,0,True,74,33,True,72,32,0.8424602746963501,89.1274642944336,-1999624.5349855323,2025-11-20 19:16:39
er_1024_1_6.txt,erdos_renyi_10ins_m20,48,SpecAnn,0.7581577339883167,1.0,-275006.0,-230614.0,0.0127835273742675,0,True,74,33,True,73,32,0.8401616215705872,87.64964294433594,-1961103.2753393524,2025-11-20 19:16:39
er_1024_1_6.txt,erdos_renyi_10ins_m20,48,SpecAnn,0.7633329321824984,1.0,-274150.0,-234342.00000000003,0.0129151344299316,0,True,74,33,True,74,32,0.8378244638442993,86.20651245117188,-1923448.6106534167,2025-11-20 19:16:39
er_1024_1_6.txt,erdos_renyi_10ins_m20,48,SpecAnn,0.7684732793678399,1.0,-274303.99999999994,-234230.0,0.0129563808441162,0,True,74,33,True,75,32,0.8354486227035522,84.79696655273438,-1886633.4859398955,2025-11-20 19:16:39
er_1024_1_6.txt,erdos_renyi_10ins_m20,48,SpecAnn,0.7735794702875677,1.0,-275928.0,-234674.0,0.0129027366638183,0,True,74,33,True,76,32,0.8330341577529907,83.41992950439453,-1850632.15017804,2025-11-20 19:16:39
er_1024_1_6.txt,erdos_renyi_10ins_m20,48,SpecAnn,0.7786521769046981,1.0,-275340.0,-234200.0,0.024580955505371,0,True,74,65,True,77,32,0.8305807113647461,82.07440948486328,-1815419.861696985,2025-11-20 19:16:39
er_1024_1_6.txt,erdos_renyi_10ins_m20,48,SpecAnn,0.7836920494342511,1.0,-276120.0,-235008.0,0.0241532325744628,0,True,74,65,True,78,32,0.8280882239341736,80.75940704345703,-1780972.4642584648,2025-11-20 19:16:39
er_1024_1_6.txt,erdos_renyi_10ins_m20,48,SpecAnn,0.788699717316095,1.0,-275730.00000000006,-236412.0,0.0245893001556396,0,True,74,65,True,79,32,0.8255568742752075,79.4739990234375,-1747268.064943221,2025-11-20 19:16:39
er_1024_1_6.txt,erdos_renyi_10ins_m20,48,SpecAnn,0.7936757901325451,1.0,-276270.0,-239024.0,0.0245389938354492,0,True,74,65,True,80,32,0.8229864239692688,78.21728515625,-1714284.441846395,2025-11-20 19:16:39
er_1024_1_6.txt,erdos_renyi_10ins_m20,48,SpecAnn,0.7986208584745024,1.0,-275363.99999999994,-240766.0,0.024299144744873,0,True,74,65,True,81,32,0.8203768134117126,76.9883804321289,-1682000.1706982537,2025-11-20 19:16:39
er_1024_1_6.txt,erdos_renyi_10ins_m20,48,SpecAnn,0.803535494759617,1.0,-276029.99999999994,-240066.00000000003,0.0242297649383544,0,True,74,65,True,82,32,0.8177280426025391,75.78648376464844,-1650395.8531779917,2025-11-20 19:16:39
er_1024_1_6.txt,erdos_renyi_10ins_m20,48,SpecAnn,0.8084202540056837,1.0,-274822.0,-241082.00000000003,0.0241885185241699,0,True,74,65,True,83,32,0.8150397539138794,74.61080169677734,-1619451.6013363623,2025-11-20 19:16:39
er_1024_1_6.txt,erdos_renyi_10ins_m20,48,SpecAnn,0.8132756745622272,1.0,-276518.0,-239948.0,0.0242295265197753,0,True,74,65,True,84,32,0.8123112320899963,73.46054077148438,-1589146.9329104847,2025-11-20 19:16:39
er_1024_1_6.txt,erdos_renyi_10ins_m20,48,SpecAnn,0.8181022788030096,1.0,-275181.99999999994,-242036.0,0.0245022773742675,0,True,74,65,True,85,32,0.8095424175262451,72.3349609375,-1559463.934157292,2025-11-20 19:16:39
er_1024_1_6.txt,erdos_renyi_10ins_m20,48,SpecAnn,0.822900573781978,1.0,-277549.99999999994,-242030.0,0.0243892669677734,0,True,74,65,True,86,32,0.806732714176178,71.2333755493164,-1530384.8860820069,2025-11-20 19:16:39
er_1024_1_6.txt,erdos_renyi_10ins_m20,48,SpecAnn,0.8276710518549868,1.0,-278392.0,-242772.0,0.0243196487426757,0,True,74,65,True,87,32,0.8038806319236755,70.15509796142578,-1501890.5172774342,2025-11-20 19:16:39
er_1024_1_6.txt,erdos_renyi_10ins_m20,48,SpecAnn,0.8324141912694495,1.0,-276687.99999999994,-243150.0,0.0241427421569824,0,True,74,65,True,88,32,0.8009846806526184,69.09944152832031,-1473961.7786325165,2025-11-20 19:16:39
er_1024_1_6.txt,erdos_renyi_10ins_m20,48,SpecAnn,0.8371304567239225,1.0,-276128.0,-241874.0,0.0241930484771728,0,True,74,65,True,89,32,0.7980445027351379,68.0658187866211,-1446584.002809364,2025-11-20 19:16:39
er_1024_1_6.txt,erdos_renyi_10ins_m20,48,SpecAnn,0.8418202998994706,1.0,-275689.99999999994,-243560.0,0.0241725444793701,0,True,74,65,True,90,32,0.7950586676597595,67.05355834960938,-1419738.8963990794,2025-11-20 19:16:39
er_1024_1_6.txt,erdos_renyi_10ins_m20,48,SpecAnn,0.846484159964536,1.0,-277129.99999999994,-245096.0,0.0243246555328369,0,True,74,65,True,91,32,0.7920268177986145,66.06211853027344,-1393413.0011957053,2025-11-20 19:16:39
er_1024_1_6.txt,erdos_renyi_10ins_m20,48,SpecAnn,0.8511224640549078,1.0,-280152.0,-245378.0,0.0242900848388671,0,True,74,65,True,92,32,0.7889497876167297,65.0909194946289,-1367594.1826347755,2025-11-20 19:16:39
er_1024_1_6.txt,erdos_renyi_10ins_m20,48,SpecAnn,0.8557356277302758,1.0,-280844.0,-246020.0,0.0242621898651123,0,True,74,65,True,93,32,0.7858284711837769,64.13939666748047,-1342270.682572571,2025-11-20 19:16:40
er_1024_1_6.txt,erdos_renyi_10ins_m20,48,SpecAnn,0.8603240554087516,1.0,-277828.0,-243306.0,0.0245561599731445,0,True,74,65,True,94,32,0.7826651334762573,63.2070198059082,-1317433.7216229176,2025-11-20 19:16:40
er_1024_1_6.txt,erdos_renyi_10ins_m20,48,SpecAnn,0.86488814078064,1.0,-279341.99999999994,-241868.0,0.0242488384246826,0,True,74,65,True,95,32,0.7794613242149353,62.29331207275391,-1293074.264030872,2025-11-20 19:16:40
er_1024_1_6.txt,erdos_renyi_10ins_m20,48,SpecAnn,0.8694282672026621,1.0,-278112.0,-240510.0,0.0241203308105468,0,True,74,65,True,96,32,0.7762185335159302,61.397735595703125,-1269181.8034577046,2025-11-20 19:16:40
er_1024_1_6.txt,erdos_renyi_10ins_m20,48,SpecAnn,0.8739448080737451,1.0,-277852.0,-240466.00000000003,0.0241475105285644,0,True,74,65,True,97,32,0.7729381918907166,60.51984405517578,-1245747.5501418803,2025-11-20 19:16:40
er_1024_1_6.txt,erdos_renyi_10ins_m20,48,SpecAnn,0.878438127193422,1.0,-276042.0,-239044.0,0.0241553783416748,0,True,74,65,True,98,32,0.7696211934089661,59.6591682434082,-1222761.3067180973,2025-11-20 19:16:40
er_1024_1_6.txt,erdos_renyi_10ins_m20,48,SpecAnn,0.8829085791038153,1.0,-274422.00000000006,-238642.00000000003,0.0242531299591064,0,True,74,65,True,99,32,0.7662685513496399,58.81525039672852,-1200213.277297497,2025-11-20 19:16:40
er_1024_1_6.txt,erdos_renyi_10ins_m20,48,SpecAnn,0.8873565094161138,1.0,-276462.0,-239618.00000000003,0.0245609283447265,0,True,74,65,True,100,32,0.7628805041313171,57.9876708984375,-1178093.2195553246,2025-11-20 19:16:40
er_1024_1_6.txt,erdos_renyi_10ins_m20,48,SpecAnn,0.8917822551223932,1.0,-274034.0,-239718.0,0.0243089199066162,0,True,74,65,True,101,32,0.7594577074050903,57.17601013183594,-1156391.5634584017,2025-11-20 19:16:40
er_1024_1_6.txt,erdos_renyi_10ins_m20,48,SpecAnn,0.8961861448935777,1.0,-275584.0,-239884.0,0.0241408348083496,0,True,74,65,True,102,32,0.7559998631477356,56.37986755371094,-1135097.6976569537,2025-11-20 19:16:40
er_1024_1_6.txt,erdos_renyi_10ins_m20,48,SpecAnn,0.9005684993642872,1.0,-278177.99999999994,-239094.0,0.0240843296051025,0,True,74,65,True,103,32,0.7525075078010559,55.59886169433594,-1114202.7140011524,2025-11-20 19:16:40
er_1024_1_6.txt,erdos_renyi_10ins_m20,48,SpecAnn,0.9049296314052688,1.0,-278666.0,-238984.0,0.0241801738739013,0,True,74,65,True,104,32,0.7489804029464722,54.83259201049805,-1093696.2050819714,2025-11-20 19:16:40
er_1024_1_6.txt,erdos_renyi_10ins_m20,48,SpecAnn,0.9092698463840684,1.0,-274760.0,-237712.0,0.0241014957427978,0,True,74,65,True,105,32,0.7454186677932739,54.08070755004883,-1073569.3505805498,2025-11-20 19:16:40
er_1024_1_6.txt,erdos_renyi_10ins_m20,48,SpecAnn,0.9135894424145556,1.0,-275330.0,-237822.00000000003,0.0241167545318603,0,True,74,65,True,106,32,0.7418220639228821,53.34286117553711,-1053812.9407687362,2025-11-20 19:16:40
er_1024_1_6.txt,erdos_renyi_10ins_m20,48,SpecAnn,0.9178887105958816,1.0,-277342.0,-237276.0,0.0240683555603027,0,True,74,65,True,107,32,0.7381904721260071,52.618690490722656,-1034417.706056824,2025-11-20 19:16:40
er_1024_1_6.txt,erdos_renyi_10ins_m20,48,SpecAnn,0.922167935241408,1.0,-277000.0,-237984.0,0.0244581699371337,0,True,74,65,True,108,32,0.7345238327980042,51.90786743164063,-1015375.2031755853,2025-11-20 19:16:40
er_1024_1_6.txt,erdos_renyi_10ins_m20,48,SpecAnn,0.92642739409812,1.0,-277928.0,-237998.0,0.0241191387176513,0,True,74,65,True,109,32,0.730821967124939,51.210105895996094,-996677.700294004,2025-11-20 19:16:40
er_1024_1_6.txt,erdos_renyi_10ins_m20,48,SpecAnn,0.9306673585570006,1.0,-278194.0,-238788.0,0.0241773128509521,0,True,74,65,True,110,32,0.7270846962928772,50.52503967285156,-978315.966621072,2025-11-20 19:16:40
er_1024_1_6.txt,erdos_renyi_10ins_m20,48,SpecAnn,0.9348880938548184,1.0,-277833.99999999994,-237660.0,0.0242245197296142,0,True,74,65,True,111,32,0.7233117818832397,49.85239410400391,-960282.5422239604,2025-11-20 19:16:40
er_1024_1_6.txt,erdos_renyi_10ins_m20,48,SpecAnn,0.9390898592677528,1.0,-277016.0,-236550.0,0.0127379894256591,0,True,74,33,True,112,32,0.7195031046867371,49.19187927246094,-942569.8873325464,2025-11-20 19:16:40
er_1024_1_6.txt,erdos_renyi_10ins_m20,48,SpecAnn,0.9432729082972536,1.0,-278718.0,-236592.0,0.0126426219940185,0,True,74,33,True,113,32,0.7156583070755005,48.54319763183594,-925170.0647721027,2025-11-20 19:16:40
er_1024_1_6.txt,erdos_renyi_10ins_m20,48,SpecAnn,0.9474374888485204,1.0,-278698.0,-236228.0,0.012646198272705,0,True,74,33,True,114,32,0.7117772102355957,47.90608215332031,-908076.0219064024,2025-11-20 19:16:40
er_1024_1_6.txt,erdos_renyi_10ins_m20,48,SpecAnn,0.9515838434019476,1.0,-278244.0,-236110.0,0.0126662254333496,0,True,74,33,True,115,32,0.7078595757484436,47.28025436401367,-891280.4703620103,2025-11-20 19:16:40
er_1024_1_6.txt,erdos_renyi_10ins_m20,48,SpecAnn,0.9557122091778746,1.0,-276135.99999999994,-235760.0,0.0126540660858154,0,True,74,33,True,116,32,0.7039052844047546,46.66547393798828,-874777.0508166116,2025-11-20 19:16:40
er_1024_1_6.txt,erdos_renyi_10ins_m20,48,SpecAnn,0.9598228182949629,1.0,-277801.99999999994,-235340.0,0.0126731395721435,0,True,74,33,True,117,32,0.6999139189720154,46.061466217041016,-858558.4423742034,2025-11-20 19:16:40
er_1024_1_6.txt,erdos_renyi_10ins_m20,48,SpecAnn,0.963915897922488,1.0,-275535.99999999994,-235624.0,0.0127339363098144,0,True,74,33,True,118,32,0.6958854794502258,45.46800231933594,-842618.7571910955,2025-11-20 19:16:40
er_1024_1_6.txt,erdos_renyi_10ins_m20,48,SpecAnn,0.967991670426842,1.0,-275535.99999999994,-235624.0,0.0243747234344482,0,True,74,65,True,119,32,0.6918193697929382,44.88483047485352,-826951.008570306,2025-11-20 19:16:40
er_1024_1_6.txt,erdos_renyi_10ins_m20,48,SpecAnn,0.9720503535125016,1.0,-275241.99999999994,-235296.0,0.024672508239746,0,True,74,65,True,120,32,0.6877155303955078,44.31172561645508,-811549.4158610492,2025-11-20 19:16:40
er_1024_1_6.txt,erdos_renyi_10ins_m20,48,SpecAnn,0.9760921603577252,1.0,-275385.9999999999,-235482.0,0.0128335952758789,0,True,74,33,True,121,32,0.6835737824440002,43.74846649169922,-796408.1698879461,2025-11-20 19:16:40
er_1024_1_6.txt,erdos_renyi_10ins_m20,48,SpecAnn,0.9801172997452104,1.0,-274810.0,-235884.0,0.0128750801086425,0,True,74,33,True,122,32,0.6793936491012573,43.19482803344727,-781521.0979895759,2025-11-20 19:16:40
er_1024_1_6.txt,erdos_renyi_10ins_m20,48,SpecAnn,0.9841259761879442,1.0,-278177.99999999994,-235158.0,0.0127997398376464,0,True,74,33,True,123,32,0.6751751899719238,42.65060806274414,-766883.1174758603,2025-11-20 19:16:40
er_1024_1_6.txt,erdos_renyi_10ins_m20,48,SpecAnn,0.9881183900504562,1.0,-276304.0,-234752.0,0.0126311779022216,0,True,74,33,True,124,32,0.6709179282188416,42.11558532714844,-752488.2324796754,2025-11-20 19:16:40
er_1024_1_6.txt,erdos_renyi_10ins_m20,48,SpecAnn,0.9920947376656812,1.0,-274514.0,-235040.0,0.0125789642333984,0,True,74,33,True,125,32,0.6666215062141418,41.58957290649414,-738331.2589329634,2025-11-20 19:16:40
er_1024_1_6.txt,erdos_renyi_10ins_m20,48,SpecAnn,0.9960552114476228,1.0,-274514.0,-235040.0,0.0241956710815429,0,True,74,65,True,126,32,0.6622857451438904,41.07236862182617,-724406.9882222997,2025-11-20 19:16:40
er_1024_1_6.txt,erdos_renyi_10ins_m20,48,SpecAnn,1.0,1.0,-274965.99999999994,-235304.0,0.0240356922149658,0,True,74,65,True,127,32,0.6579103469848633,40.563777923583984,-710710.2641574776,2025-11-20 19:16:40
er_1024_1_6.txt,erdos_renyi_10ins_m20,49,SpecAnn,0.0,1.0,-269242.0,-80991.99999999999,0.0134174823760986,0,True,66,33,True,0,32,0.963475227355957,1025.0,-26299766.499209404,2025-11-20 19:16:40
er_1024_1_6.txt,erdos_renyi_10ins_m20,49,SpecAnn,0.0887356509416113,1.0,-270008.0,-84691.99999999999,0.0127313137054443,0,True,66,33,True,1,32,0.9576043486595154,767.2249145507812,-19565740.163013622,2025-11-20 19:16:40
er_1024_1_6.txt,erdos_renyi_10ins_m20,49,SpecAnn,0.1254911610276317,1.0,-271469.99999999994,-87529.99999999999,0.0126850605010986,0,True,66,33,True,2,32,0.9548783302307128,680.5494995117188,-17305941.495962117,2025-11-20 19:16:40
er_1024_1_6.txt,erdos_renyi_10ins_m20,49,SpecAnn,0.1536946558735679,1.0,-272888.0,-90910.0,0.012714147567749,0,True,66,33,True,3,32,0.9526553750038148,620.7681274414062,-15748990.001024071,2025-11-20 19:16:40
er_1024_1_6.txt,erdos_renyi_10ins_m20,49,SpecAnn,0.1774713018832227,1.0,-269762.0,-92586.0,0.0126955509185791,0,True,66,33,True,4,32,0.95068621635437,574.4864501953125,-14544689.748408902,2025-11-20 19:16:40
er_1024_1_6.txt,erdos_renyi_10ins_m20,49,SpecAnn,0.1984189475331362,1.0,-274326.0,-94044.0,0.012796401977539,0,True,66,33,True,5,32,0.9488749504089355,536.592041015625,-13559406.57294248,2025-11-20 19:16:41
er_1024_1_6.txt,erdos_renyi_10ins_m20,49,SpecAnn,0.2173570668006655,1.0,-274326.0,-94044.0,0.0126376152038574,0,True,66,33,True,6,32,0.9471722841262816,504.4988403320313,-12725551.950593948,2025-11-20 19:16:41
er_1024_1_6.txt,erdos_renyi_10ins_m20,49,SpecAnn,0.2347724648169381,1.0,-270000.0,-96366.0,0.0126316547393798,0,True,66,33,True,7,32,0.945549249649048,476.6909790039063,-12003518.39253178,2025-11-20 19:16:41
er_1024_1_6.txt,erdos_renyi_10ins_m20,49,SpecAnn,0.2509823220552634,1.0,-266830.0,-98432.0,0.0126755237579345,0,True,66,33,True,8,32,0.9439868330955504,452.1938171386719,-11367842.06496185,2025-11-20 19:16:41
er_1024_1_6.txt,erdos_renyi_10ins_m20,49,SpecAnn,0.2662069528248341,1.0,-270740.0,-99842.0,0.0126464366912841,0,True,66,33,True,9,32,0.9424717426300048,430.3389587402344,-10801062.454081375,2025-11-20 19:16:41
er_1024_1_6.txt,erdos_renyi_10ins_m20,49,SpecAnn,0.2806067666331568,1.0,-270740.0,-99842.0,0.0127384662628173,0,True,66,33,True,10,32,0.9409946203231812,410.6458740234375,-10290632.733459214,2025-11-20 19:16:41
er_1024_1_6.txt,erdos_renyi_10ins_m20,49,SpecAnn,0.2943028597012718,1.0,-270740.0,-99842.0,0.0126338005065917,0,True,66,33,True,11,32,0.9395482540130616,392.7565002441406,-9827203.42011299,2025-11-20 19:16:41
er_1024_1_6.txt,erdos_renyi_10ins_m20,49,SpecAnn,0.3073893117471359,1.0,-275978.0,-102108.0,0.0125386714935302,0,True,66,33,True,12,32,0.9381267428398132,376.395751953125,-9403590.407785583,2025-11-20 19:16:41
er_1024_1_6.txt,erdos_renyi_10ins_m20,49,SpecAnn,0.3199409394316542,1.0,-275978.0,-102108.0,0.0126097202301025,0,True,66,33,True,13,32,0.9367257356643676,361.347900390625,-9014164.150335811,2025-11-20 19:16:41
er_1024_1_6.txt,erdos_renyi_10ins_m20,49,SpecAnn,0.3320184038158743,1.0,-272348.0,-106956.0,0.0125832557678222,0,True,66,33,True,14,32,0.9353416562080384,347.4398803710937,-8654409.042285282,2025-11-20 19:16:41
er_1024_1_6.txt,erdos_renyi_10ins_m20,49,SpecAnn,0.3436716983117353,1.0,-271353.99999999994,-109772.0,0.0126643180847167,0,True,66,33,True,15,32,0.9339712262153624,334.53082275390625,-8320647.235777141,2025-11-20 19:16:41
er_1024_1_6.txt,erdos_renyi_10ins_m20,49,SpecAnn,0.3549426037664455,1.0,-270226.0,-112102.0,0.0126540660858154,0,True,66,33,True,16,32,0.9326120018959044,322.5045166015625,-8009848.022831857,2025-11-20 19:16:41
er_1024_1_6.txt,erdos_renyi_10ins_m20,49,SpecAnn,0.3658664615902029,1.0,-270208.0,-113292.0,0.0127100944519042,0,True,66,33,True,17,32,0.931261658668518,311.263671875,-7719472.666828812,2025-11-20 19:16:41
er_1024_1_6.txt,erdos_renyi_10ins_m20,49,SpecAnn,0.3764734830828951,1.0,-270208.0,-113292.0,0.0125763416290283,0,True,66,33,True,18,32,0.9299184679985046,300.7261657714844,-7447380.86388633,2025-11-20 19:16:41
er_1024_1_6.txt,erdos_renyi_10ins_m20,49,SpecAnn,0.3867897351437838,1.0,-270130.0,-117304.0,0.0125494003295898,0,True,66,33,True,19,32,0.9285805225372314,290.8218994140625,-7191742.863287615,2025-11-20 19:16:41
er_1024_1_6.txt,erdos_renyi_10ins_m20,49,SpecAnn,0.3968378950662725,1.0,-271034.00000000006,-119330.0,0.0126397609710693,0,True,66,33,True,20,32,0.9272464513778688,281.49072265625,-6950991.229340113,2025-11-20 19:16:41
er_1024_1_6.txt,erdos_renyi_10ins_m20,49,SpecAnn,0.4066378372811136,1.0,-270298.0,-123786.0,0.0128066539764404,0,True,66,33,True,21,32,0.9259148836135864,272.6803283691406,-6723762.243859363,2025-11-20 19:16:41
er_1024_1_6.txt,erdos_renyi_10ins_m20,49,SpecAnn,0.4162070956347247,1.0,-274399.99999999994,-124582.0,0.0127933025360107,0,True,66,33,True,22,32,0.924584686756134,264.3451843261719,-6508869.6460486,2025-11-20 19:16:41
er_1024_1_6.txt,erdos_renyi_10ins_m20,49,SpecAnn,0.4255612320274539,1.0,-271553.99999999994,-126184.00000000004,0.0127768516540527,0,True,66,33,True,23,32,0.9232546091079712,256.44537353515625,-6305272.020046029,2025-11-20 19:16:41
er_1024_1_6.txt,erdos_renyi_10ins_m20,49,SpecAnn,0.434714133601331,1.0,-270502.0,-127795.99999999996,0.012763500213623,0,True,66,33,True,24,32,0.9219236969947816,248.94564819335932,-6112051.311725026,2025-11-20 19:16:41
er_1024_1_6.txt,erdos_renyi_10ins_m20,49,SpecAnn,0.4436782547080569,1.0,-269946.0,-127913.99999999996,0.0126457214355468,0,True,66,33,True,25,32,0.9205910563468932,241.81466674804688,-5928391.343751276,2025-11-20 19:16:41
er_1024_1_6.txt,erdos_renyi_10ins_m20,49,SpecAnn,0.4524648157026343,1.0,-269102.0,-129124.0,0.0126152038574218,0,True,66,33,True,26,32,0.919255793094635,235.02456665039065,-5753566.149910679,2025-11-20 19:16:41
er_1024_1_6.txt,erdos_renyi_10ins_m20,49,SpecAnn,0.4610839676207039,1.0,-270990.0,-131024.0,0.0127534866333007,0,True,66,33,True,27,32,0.917917013168335,228.55047607421875,-5586927.3529572375,2025-11-20 19:16:41
er_1024_1_6.txt,erdos_renyi_10ins_m20,49,SpecAnn,0.4695449296338763,1.0,-270846.0,-132487.99999999997,0.0125908851623535,0,True,66,33,True,28,32,0.9165739417076112,222.36993408203125,-5427890.127265816,2025-11-20 19:16:41
er_1024_1_6.txt,erdos_renyi_10ins_m20,49,SpecAnn,0.4778561045889373,1.0,-270846.0,-132487.99999999997,0.0126450061798095,0,True,66,33,True,29,32,0.915225863456726,216.46275329589844,-5275928.935371842,2025-11-20 19:16:41
er_1024_1_6.txt,erdos_renyi_10ins_m20,49,SpecAnn,0.4860251767562508,1.0,-270846.0,-132487.99999999997,0.0126345157623291,0,True,66,33,True,30,32,0.913872003555298,210.8106384277344,-5130567.089741119,2025-11-20 19:16:41
er_1024_1_6.txt,erdos_renyi_10ins_m20,49,SpecAnn,0.4940591950252281,1.0,-267816.0,-133465.99999999997,0.0125153064727783,0,True,66,33,True,31,32,0.912511706352234,205.3970184326172,-4991373.330968451,2025-11-20 19:16:41
er_1024_1_6.txt,erdos_renyi_10ins_m20,49,SpecAnn,0.5019646441105269,1.0,-271415.99999999994,-134998.00000000003,0.0125513076782226,0,True,66,33,True,32,32,0.911144196987152,200.20681762695312,-4857954.585758907,2025-11-20 19:16:41
er_1024_1_6.txt,erdos_renyi_10ins_m20,49,SpecAnn,0.5097475058154177,1.0,-271062.0,-136660.0,0.0127050876617431,0,True,66,33,True,33,32,0.9097691178321838,195.2261962890625,-4729952.266087486,2025-11-20 19:16:41
er_1024_1_6.txt,erdos_renyi_10ins_m20,49,SpecAnn,0.51741331199832,1.0,-272911.99999999994,-139740.0,0.0125598907470703,0,True,66,33,True,34,32,0.9083853960037231,190.442626953125,-4607037.863615505,2025-11-20 19:16:41
er_1024_1_6.txt,erdos_renyi_10ins_m20,49,SpecAnn,0.5249671905758515,1.0,-271960.0,-142562.0,0.0127873420715332,0,True,66,33,True,35,32,0.9069926738739014,185.844467163086,-4488909.913914117,2025-11-20 19:16:41
er_1024_1_6.txt,erdos_renyi_10ins_m20,49,SpecAnn,0.5324139056496683,1.0,-270233.99999999994,-147054.0,0.012791633605957,0,True,66,33,True,36,32,0.9055901765823364,181.421142578125,-4375292.330187121,2025-11-20 19:16:41
er_1024_1_6.txt,erdos_renyi_10ins_m20,49,SpecAnn,0.5397578926492556,1.0,-275462.0,-148998.0,0.0128312110900878,0,True,66,33,True,37,32,0.9041772484779358,177.1627960205078,-4265928.530716175,2025-11-20 19:16:41
er_1024_1_6.txt,erdos_renyi_10ins_m20,49,SpecAnn,0.5470032892270364,1.0,-275812.0,-151447.99999999997,0.0127880573272705,0,True,66,33,True,38,32,0.9027533531188964,173.06044006347656,-4160584.899752984,2025-11-20 19:16:41
er_1024_1_6.txt,erdos_renyi_10ins_m20,49,SpecAnn,0.554153962516942,1.0,-273849.99999999994,-152690.0,0.0128219127655029,0,True,66,33,True,39,32,0.9013177752494812,169.1056365966797,-4059041.525242754,2025-11-20 19:16:41
er_1024_1_6.txt,erdos_renyi_10ins_m20,49,SpecAnn,0.5612135332663137,1.0,-271338.0,-154985.99999999997,0.0128259658813476,0,True,66,33,True,40,32,0.8998700976371765,165.29066467285156,-3961098.310357383,2025-11-20 19:16:41
er_1024_1_6.txt,erdos_renyi_10ins_m20,49,SpecAnn,0.5681853972686127,1.0,-269974.0,-156259.99999999997,0.012955904006958,0,True,66,33,True,41,32,0.8984093070030212,161.6083221435547,-3866566.093739249,2025-11-20 19:16:41
er_1024_1_6.txt,erdos_renyi_10ins_m20,49,SpecAnn,0.5750727444570146,1.0,-270350.0,-158300.0,0.0128684043884277,0,True,66,33,True,42,32,0.896934986114502,158.0518798828125,-3775270.764383762,2025-11-20 19:16:41
er_1024_1_6.txt,erdos_renyi_10ins_m20,49,SpecAnn,0.5818785759635375,1.0,-274344.0,-159108.0,0.0128796100616455,0,True,66,33,True,43,32,0.8954463005065918,154.61514282226562,-3687050.169577313,2025-11-20 19:16:41
er_1024_1_6.txt,erdos_renyi_10ins_m20,49,SpecAnn,0.5886057194025436,1.0,-272086.0,-159863.99999999997,0.0128190517425537,0,True,66,33,True,44,32,0.8939428329467773,151.29229736328125,-3601753.933163827,2025-11-20 19:16:41
er_1024_1_6.txt,erdos_renyi_10ins_m20,49,SpecAnn,0.5952568425994088,1.0,-272930.0,-161796.0,0.0128107070922851,0,True,66,33,True,45,32,0.8924234509468079,148.07781982421875,-3519236.5564554203,2025-11-20 19:16:41
er_1024_1_6.txt,erdos_renyi_10ins_m20,49,SpecAnn,0.6018344659534288,1.0,-275558.0,-164040.0,0.0125927925109863,0,True,66,33,True,46,32,0.8908878564834595,144.9667205810547,-3439369.441352895,2025-11-20 19:16:41
er_1024_1_6.txt,erdos_renyi_10ins_m20,49,SpecAnn,0.6083409735974393,1.0,-273031.99999999994,-165392.0,0.0126330852508544,0,True,66,33,True,47,32,0.8893351554870605,141.9541778564453,-3362026.3563035065,2025-11-20 19:16:41
er_1024_1_6.txt,erdos_renyi_10ins_m20,49,SpecAnn,0.6147786234942719,1.0,-268250.0,-171784.0,0.0127472877502441,0,True,66,33,True,48,32,0.8877646327018738,139.0357666015625,-3287091.9268919784,2025-11-20 19:16:41
er_1024_1_6.txt,erdos_renyi_10ins_m20,49,SpecAnn,0.6211495565912796,1.0,-275238.0,-177283.99999999997,0.0129380226135253,0,True,66,33,True,49,32,0.8861754536628723,136.20726013183594,-3214455.7217975995,2025-11-20 19:16:41
er_1024_1_6.txt,erdos_renyi_10ins_m20,49,SpecAnn,0.6274558051381586,1.0,-277126.0,-177808.0,0.0129590034484863,0,True,66,33,True,50,32,0.8845668435096741,133.46470642089844,-3144014.690569313,2025-11-20 19:16:41
er_1024_1_6.txt,erdos_renyi_10ins_m20,49,SpecAnn,0.6336993002596786,1.0,-271659.99999999994,-179523.99999999997,0.0128359794616699,0,True,66,33,True,51,32,0.882938027381897,130.80442810058594,-3075672.8772659493,2025-11-20 19:16:41
er_1024_1_6.txt,erdos_renyi_10ins_m20,49,SpecAnn,0.6398818788633085,1.0,-275169.99999999994,-181162.0,0.0128047466278076,0,True,66,33,True,52,32,0.8812881112098694,128.222900390625,-3009338.0916448687,2025-11-20 19:16:41
er_1024_1_6.txt,erdos_renyi_10ins_m20,49,SpecAnn,0.6460052899517691,1.0,-274017.99999999994,-183452.0,0.0128283500671386,0,True,66,33,True,53,32,0.879616379737854,125.71683502197266,-2944924.88222994,2025-11-20 19:16:41
er_1024_1_6.txt,erdos_renyi_10ins_m20,49,SpecAnn,0.6520712004019966,1.0,-276215.99999999994,-190542.0,0.0126276016235351,0,True,66,33,True,54,32,0.8779217004776001,123.28311157226562,-2882350.86460254,2025-11-20 19:16:41
er_1024_1_6.txt,erdos_renyi_10ins_m20,49,SpecAnn,0.6580812002646271,1.0,-276469.99999999994,-193956.0,0.0126304626464843,0,True,66,33,True,55,32,0.8762034773826599,120.91880798339844,-2821540.6028392445,2025-11-20 19:16:41
er_1024_1_6.txt,erdos_renyi_10ins_m20,49,SpecAnn,0.6640368076317485,1.0,-274112.0,-194808.0,0.0126259326934814,0,True,66,33,True,56,32,0.8744603991508484,118.62110900878906,-2762419.3113512946,2025-11-20 19:16:41
er_1024_1_6.txt,erdos_renyi_10ins_m20,49,SpecAnn,0.6699394731151429,1.0,-274021.99999999994,-196532.0,0.0128054618835449,0,True,66,33,True,57,32,0.8726918697357178,116.3874282836914,-2704920.3211443443,2025-11-20 19:16:41
er_1024_1_6.txt,erdos_renyi_10ins_m20,49,SpecAnn,0.6757905839724513,1.0,-275995.99999999994,-198826.0,0.0127525329589843,0,True,66,33,True,58,32,0.8708969354629517,114.2152328491211,-2648977.48140597,2025-11-20 19:16:41
er_1024_1_6.txt,erdos_renyi_10ins_m20,49,SpecAnn,0.6815914679145113,1.0,-276740.0,-199534.0,0.01283860206604,0,True,66,33,True,59,32,0.8690744042396545,112.10218811035156,-2594528.9658154063,2025-11-20 19:16:41
er_1024_1_6.txt,erdos_renyi_10ins_m20,49,SpecAnn,0.6873433966234707,1.0,-276128.0,-202042.0,0.0126502513885498,0,True,66,33,True,60,32,0.86722332239151,110.04600524902344,-2541515.1651909733,2025-11-20 19:16:41
er_1024_1_6.txt,erdos_renyi_10ins_m20,49,SpecAnn,0.6930475890080863,1.0,-276254.00000000006,-204704.0,0.0125508308410644,0,True,66,33,True,61,32,0.8653428554534912,108.04460906982422,-2489882.136613481,2025-11-20 19:16:41
er_1024_1_6.txt,erdos_renyi_10ins_m20,49,SpecAnn,0.6987052142198116,1.0,-274320.0,-209340.0,0.012650728225708,0,True,66,33,True,62,32,0.8634319305419922,106.09593200683594,-2439575.7745926147,2025-11-20 19:16:41
er_1024_1_6.txt,erdos_renyi_10ins_m20,49,SpecAnn,0.7043173944508145,1.0,-274405.99999999994,-209072.0,0.0127139091491699,0,True,66,33,True,63,32,0.8614897131919861,104.19805145263672,-2390546.347698442,2025-11-20 19:16:41
er_1024_1_6.txt,erdos_renyi_10ins_m20,49,SpecAnn,0.709885207532891,1.0,-276694.0,-213806.0,0.0128002166748046,0,True,66,33,True,64,32,0.8595151901245117,102.34915924072266,-2342746.5682680192,2025-11-20 19:16:41
er_1024_1_6.txt,erdos_renyi_10ins_m20,49,SpecAnn,0.7154096893543218,1.0,-275283.99999999994,-217110.0,0.0127277374267578,0,True,66,33,True,65,32,0.8575075268745422,100.54747009277344,-2296130.4767638426,2025-11-20 19:16:41
er_1024_1_6.txt,erdos_renyi_10ins_m20,49,SpecAnn,0.7208918361100219,1.0,-276113.99999999994,-215198.0,0.0126137733459472,0,True,66,33,True,66,32,0.855465829372406,98.7913589477539,-2250655.8979203207,2025-11-20 19:16:41
er_1024_1_6.txt,erdos_renyi_10ins_m20,49,SpecAnn,0.7263326063988248,1.0,-278518.0,-216092.00000000003,0.0124917030334472,0,True,66,33,True,67,32,0.8533892631530762,97.07920837402344,-2206281.256084817,2025-11-20 19:16:41
er_1024_1_6.txt,erdos_renyi_10ins_m20,49,SpecAnn,0.7317329231804058,1.0,-278026.0,-217228.0,0.0126028060913085,0,True,66,33,True,68,32,0.8512770533561707,95.40953063964844,-2162968.33146066,2025-11-20 19:16:41
er_1024_1_6.txt,erdos_renyi_10ins_m20,49,SpecAnn,0.7370936756031579,1.0,-279032.0,-221630.0,0.0125999450683593,0,True,66,33,True,69,32,0.8491286039352417,93.78086853027344,-2120680.2705842503,2025-11-20 19:16:41
er_1024_1_6.txt,erdos_renyi_10ins_m20,49,SpecAnn,0.7424157207132704,1.0,-278470.0,-223406.0,0.0126407146453857,0,True,66,33,True,70,32,0.8469432592391968,92.19184112548828,-2079381.992399356,2025-11-20 19:16:41
er_1024_1_6.txt,erdos_renyi_10ins_m20,49,SpecAnn,0.7476998850543153,1.0,-278471.99999999994,-224466.0,0.0126996040344238,0,True,66,33,True,71,32,0.844720721244812,90.64112854003906,-2039040.849653013,2025-11-20 19:16:41
er_1024_1_6.txt,erdos_renyi_10ins_m20,49,SpecAnn,0.7529469661657903,1.0,-274464.0,-227752.0,0.0125937461853027,0,True,66,33,True,72,32,0.8424602150917053,89.1274642944336,-1999624.3935107195,2025-11-20 19:16:41
er_1024_1_6.txt,erdos_renyi_10ins_m20,49,SpecAnn,0.7581577339883167,1.0,-274664.0,-230614.0,0.0126643180847167,0,True,66,33,True,73,32,0.8401615619659424,87.64964294433594,-1961103.1362103312,2025-11-20 19:16:41
er_1024_1_6.txt,erdos_renyi_10ins_m20,49,SpecAnn,0.7633329321824984,1.0,-275047.99999999994,-234342.00000000003,0.0126161575317382,0,True,66,33,True,74,32,0.8378244638442993,86.20651245117188,-1923448.6106534167,2025-11-20 19:16:41
er_1024_1_6.txt,erdos_renyi_10ins_m20,49,SpecAnn,0.7684732793678399,1.0,-274412.0,-234230.0,0.0127325057983398,0,True,66,33,True,75,32,0.8354486227035522,84.79696655273438,-1886633.4859398955,2025-11-20 19:16:41
er_1024_1_6.txt,erdos_renyi_10ins_m20,49,SpecAnn,0.7735794702875677,1.0,-273816.0,-234674.0,0.0127172470092773,0,True,66,33,True,76,32,0.8330341577529907,83.41992950439453,-1850632.15017804,2025-11-20 19:16:41
er_1024_1_6.txt,erdos_renyi_10ins_m20,49,SpecAnn,0.7786521769046981,1.0,-276550.00000000006,-234200.0,0.0241470336914062,0,True,66,65,True,77,32,0.8305807113647461,82.07440948486328,-1815419.861696985,2025-11-20 19:16:41
er_1024_1_6.txt,erdos_renyi_10ins_m20,49,SpecAnn,0.7836920494342511,1.0,-273889.99999999994,-235008.0,0.0241167545318603,0,True,66,65,True,78,32,0.8280882835388184,80.75940704345703,-1780972.592450399,2025-11-20 19:16:41
er_1024_1_6.txt,erdos_renyi_10ins_m20,49,SpecAnn,0.788699717316095,1.0,-275386.0,-236412.0,0.0241401195526123,0,True,66,65,True,79,32,0.8255568146705627,79.4739990234375,-1747267.9387916552,2025-11-20 19:16:41
er_1024_1_6.txt,erdos_renyi_10ins_m20,49,SpecAnn,0.7936757901325451,1.0,-275126.0,-239024.0,0.0243055820465087,0,True,66,65,True,80,32,0.8229864239692688,78.21728515625,-1714284.441846395,2025-11-20 19:16:42
er_1024_1_6.txt,erdos_renyi_10ins_m20,49,SpecAnn,0.7986208584745024,1.0,-275995.99999999994,-240766.0,0.0244348049163818,0,True,66,65,True,81,32,0.8203767538070679,76.9883804321289,-1682000.048492188,2025-11-20 19:16:42
er_1024_1_6.txt,erdos_renyi_10ins_m20,49,SpecAnn,0.803535494759617,1.0,-274714.0,-240066.00000000003,0.0242455005645751,0,True,66,65,True,82,32,0.8177280426025391,75.78648376464844,-1650395.8531779917,2025-11-20 19:16:42
er_1024_1_6.txt,erdos_renyi_10ins_m20,49,SpecAnn,0.8084202540056837,1.0,-274694.0,-241082.00000000003,0.0240144729614257,0,True,66,65,True,83,32,0.8150397539138794,74.61080169677734,-1619451.6013363623,2025-11-20 19:16:42
er_1024_1_6.txt,erdos_renyi_10ins_m20,49,SpecAnn,0.8132756745622272,1.0,-276309.99999999994,-239948.0,0.0241241455078125,0,True,66,65,True,84,32,0.8123112320899963,73.46054077148438,-1589146.9329104847,2025-11-20 19:16:42
er_1024_1_6.txt,erdos_renyi_10ins_m20,49,SpecAnn,0.8181022788030096,1.0,-275155.99999999994,-242036.0,0.0240519046783447,0,True,66,65,True,85,32,0.8095428347587585,72.3349609375,-1559464.7378941227,2025-11-20 19:16:42
er_1024_1_6.txt,erdos_renyi_10ins_m20,49,SpecAnn,0.822900573781978,1.0,-277294.0,-242030.0,0.0240492820739746,0,True,66,65,True,86,32,0.8067326545715332,71.2333755493164,-1530384.7730110406,2025-11-20 19:16:42
er_1024_1_6.txt,erdos_renyi_10ins_m20,49,SpecAnn,0.8276710518549868,1.0,-278432.0,-242772.0,0.0245683193206787,0,True,66,65,True,87,32,0.8038806319236755,70.15509796142578,-1501890.5172774342,2025-11-20 19:16:42
er_1024_1_6.txt,erdos_renyi_10ins_m20,49,SpecAnn,0.8324141912694495,1.0,-278936.0,-243150.0,0.0244419574737548,0,True,66,65,True,88,32,0.8009847402572632,69.09944152832031,-1473961.8883162225,2025-11-20 19:16:42
er_1024_1_6.txt,erdos_renyi_10ins_m20,49,SpecAnn,0.8371304567239225,1.0,-275265.99999999994,-241874.0,0.0241241455078125,0,True,66,65,True,89,32,0.7980444431304932,68.0658187866211,-1446583.8947663598,2025-11-20 19:16:42
er_1024_1_6.txt,erdos_renyi_10ins_m20,49,SpecAnn,0.8418202998994706,1.0,-276608.0,-243560.0,0.024106740951538,0,True,66,65,True,90,32,0.7950586080551147,67.05355834960938,-1419738.7899628675,2025-11-20 19:16:42
er_1024_1_6.txt,erdos_renyi_10ins_m20,49,SpecAnn,0.846484159964536,1.0,-274279.99999999994,-245096.0,0.0240278244018554,0,True,66,65,True,91,32,0.792026937007904,66.06211853027344,-1393413.2109206414,2025-11-20 19:16:42
er_1024_1_6.txt,erdos_renyi_10ins_m20,49,SpecAnn,0.8511224640549078,1.0,-279462.0,-245378.0,0.0241227149963378,0,True,66,65,True,92,32,0.7889497876167297,65.0909194946289,-1367594.1826347755,2025-11-20 19:16:42
er_1024_1_6.txt,erdos_renyi_10ins_m20,49,SpecAnn,0.8557356277302758,1.0,-276564.0,-246020.0,0.0241918563842773,0,True,66,65,True,93,32,0.785828709602356,64.13939666748047,-1342271.0898144576,2025-11-20 19:16:42
er_1024_1_6.txt,erdos_renyi_10ins_m20,49,SpecAnn,0.8603240554087516,1.0,-278397.99999999994,-243306.0,0.0241556167602539,0,True,66,65,True,94,32,0.7826651334762573,63.2070198059082,-1317433.7216229176,2025-11-20 19:16:42
er_1024_1_6.txt,erdos_renyi_10ins_m20,49,SpecAnn,0.86488814078064,1.0,-276032.0,-241868.0,0.0241289138793945,0,True,66,65,True,95,32,0.7794615030288696,62.29331207275391,-1293074.5606712431,2025-11-20 19:16:42
er_1024_1_6.txt,erdos_renyi_10ins_m20,49,SpecAnn,0.8694282672026621,1.0,-278533.99999999994,-240510.0,0.0240232944488525,0,True,66,65,True,96,32,0.7762184739112854,61.397735595703125,-1269181.7059991574,2025-11-20 19:16:42
er_1024_1_6.txt,erdos_renyi_10ins_m20,49,SpecAnn,0.8739448080737451,1.0,-278228.0,-240466.00000000003,0.0241198539733886,0,True,66,65,True,97,32,0.7729381918907166,60.51984405517578,-1245747.5501418803,2025-11-20 19:16:42
er_1024_1_6.txt,erdos_renyi_10ins_m20,49,SpecAnn,0.878438127193422,1.0,-276666.0,-239044.0,0.0240554809570312,0,True,66,65,True,98,32,0.7696211934089661,59.6591682434082,-1222761.3067180973,2025-11-20 19:16:42
er_1024_1_6.txt,erdos_renyi_10ins_m20,49,SpecAnn,0.8829085791038153,1.0,-276195.99999999994,-238642.00000000003,0.0241045951843261,0,True,66,65,True,99,32,0.7662686109542847,58.81525039672852,-1200213.3706567846,2025-11-20 19:16:42
er_1024_1_6.txt,erdos_renyi_10ins_m20,49,SpecAnn,0.8873565094161138,1.0,-274720.0,-239618.00000000003,0.0240843296051025,0,True,66,65,True,100,32,0.7628804445266724,57.9876708984375,-1178093.12750968,2025-11-20 19:16:42
er_1024_1_6.txt,erdos_renyi_10ins_m20,49,SpecAnn,0.8917822551223932,1.0,-277920.0,-239718.0,0.0244905948638916,0,True,66,65,True,101,32,0.7594577074050903,57.17601013183594,-1156391.5634584017,2025-11-20 19:16:42
er_1024_1_6.txt,erdos_renyi_10ins_m20,49,SpecAnn,0.8961861448935777,1.0,-273313.99999999994,-239884.0,0.024451732635498,0,True,66,65,True,102,32,0.7559998631477356,56.37986755371094,-1135097.6976569537,2025-11-20 19:16:42
er_1024_1_6.txt,erdos_renyi_10ins_m20,49,SpecAnn,0.9005684993642872,1.0,-275261.99999999994,-239094.0,0.0244708061218261,0,True,66,65,True,103,32,0.7525074481964111,55.59886169433594,-1114202.625747339,2025-11-20 19:16:42
er_1024_1_6.txt,erdos_renyi_10ins_m20,49,SpecAnn,0.9049296314052688,1.0,-273388.0,-238984.0,0.0244536399841308,0,True,66,65,True,104,32,0.7489806413650513,54.83259201049805,-1093696.5532319285,2025-11-20 19:16:42
er_1024_1_6.txt,erdos_renyi_10ins_m20,49,SpecAnn,0.9092698463840684,1.0,-276103.99999999994,-237712.0,0.0244970321655273,0,True,66,65,True,105,32,0.7454186677932739,54.08070755004883,-1073569.3505805498,2025-11-20 19:16:42
er_1024_1_6.txt,erdos_renyi_10ins_m20,49,SpecAnn,0.9135894424145556,1.0,-277482.00000000006,-237822.00000000003,0.0243904590606689,0,True,66,65,True,106,32,0.7418220639228821,53.34286117553711,-1053812.9407687362,2025-11-20 19:16:42
er_1024_1_6.txt,erdos_renyi_10ins_m20,49,SpecAnn,0.9178887105958816,1.0,-277814.0,-237276.0,0.0240237712860107,0,True,66,65,True,107,32,0.7381904125213623,52.618690490722656,-1034417.62253353,2025-11-20 19:16:42
er_1024_1_6.txt,erdos_renyi_10ins_m20,49,SpecAnn,0.922167935241408,1.0,-276226.0,-237984.0,0.0240974426269531,0,True,66,65,True,108,32,0.7345238327980042,51.90786743164063,-1015375.2031755853,2025-11-20 19:16:42
er_1024_1_6.txt,erdos_renyi_10ins_m20,49,SpecAnn,0.92642739409812,1.0,-277599.99999999994,-237998.0,0.0241405963897705,0,True,66,65,True,109,32,0.7308219075202942,51.210105895996094,-996677.6190066003,2025-11-20 19:16:42
er_1024_1_6.txt,erdos_renyi_10ins_m20,49,SpecAnn,0.9306673585570006,1.0,-278228.0,-238788.0,0.0241665840148925,0,True,66,65,True,110,32,0.7270846366882324,50.52503967285156,-978315.8864210952,2025-11-20 19:16:42
er_1024_1_6.txt,erdos_renyi_10ins_m20,49,SpecAnn,0.9348880938548184,1.0,-277506.0,-237660.0,0.0244526863098144,0,True,66,65,True,111,32,0.723311722278595,49.85239410400391,-960282.4630916952,2025-11-20 19:16:42
er_1024_1_6.txt,erdos_renyi_10ins_m20,49,SpecAnn,0.9390898592677528,1.0,-278090.0,-236550.0,0.0128874778747558,0,True,66,33,True,112,32,0.7195031046867371,49.19187927246094,-942569.8873325464,2025-11-20 19:16:42
er_1024_1_6.txt,erdos_renyi_10ins_m20,49,SpecAnn,0.9432729082972536,1.0,-277570.0,-236592.0,0.012862205505371,0,True,66,33,True,113,32,0.7156583070755005,48.54319763183594,-925170.0647721027,2025-11-20 19:16:42
er_1024_1_6.txt,erdos_renyi_10ins_m20,49,SpecAnn,0.9474374888485204,1.0,-278669.99999999994,-236228.0,0.0128648281097412,0,True,66,33,True,114,32,0.7117772102355957,47.90608215332031,-908076.0219064024,2025-11-20 19:16:42
er_1024_1_6.txt,erdos_renyi_10ins_m20,49,SpecAnn,0.9515838434019476,1.0,-277656.0,-236110.0,0.0126829147338867,0,True,66,33,True,115,32,0.7078595757484436,47.28025436401367,-891280.4703620103,2025-11-20 19:16:42
er_1024_1_6.txt,erdos_renyi_10ins_m20,49,SpecAnn,0.9557122091778746,1.0,-276324.0,-235760.0,0.0126867294311523,0,True,66,33,True,116,32,0.7039052248001099,46.66547393798828,-874776.9767430444,2025-11-20 19:16:42
er_1024_1_6.txt,erdos_renyi_10ins_m20,49,SpecAnn,0.9598228182949629,1.0,-276672.0,-235340.0,0.0126309394836425,0,True,66,33,True,117,32,0.6999139785766602,46.061466217041016,-858558.5154890101,2025-11-20 19:16:42
er_1024_1_6.txt,erdos_renyi_10ins_m20,49,SpecAnn,0.963915897922488,1.0,-276358.0,-235624.0,0.0128257274627685,0,True,66,33,True,118,32,0.6958854794502258,45.46800231933594,-842618.7571910955,2025-11-20 19:16:42
er_1024_1_6.txt,erdos_renyi_10ins_m20,49,SpecAnn,0.967991670426842,1.0,-276358.0,-235624.0,0.0243115425109863,0,True,66,65,True,119,32,0.6918193697929382,44.88483047485352,-826951.008570306,2025-11-20 19:16:42
er_1024_1_6.txt,erdos_renyi_10ins_m20,49,SpecAnn,0.9720503535125016,1.0,-275570.0,-235296.0,0.0245101451873779,0,True,66,65,True,120,32,0.6877155303955078,44.31172561645508,-811549.4158610492,2025-11-20 19:16:42
er_1024_1_6.txt,erdos_renyi_10ins_m20,49,SpecAnn,0.9760921603577252,1.0,-272312.0,-235482.0,0.0127873420715332,0,True,66,33,True,121,32,0.6835737824440002,43.74846649169922,-796408.1698879461,2025-11-20 19:16:42
er_1024_1_6.txt,erdos_renyi_10ins_m20,49,SpecAnn,0.9801172997452104,1.0,-276961.99999999994,-235884.0,0.0127246379852294,0,True,66,33,True,122,32,0.6793936491012573,43.19482803344727,-781521.0979895759,2025-11-20 19:16:42
er_1024_1_6.txt,erdos_renyi_10ins_m20,49,SpecAnn,0.9841259761879442,1.0,-276004.0,-235158.0,0.0126702785491943,0,True,66,33,True,123,32,0.6751751899719238,42.65060806274414,-766883.1174758603,2025-11-20 19:16:42
er_1024_1_6.txt,erdos_renyi_10ins_m20,49,SpecAnn,0.9881183900504562,1.0,-275616.0,-234752.0,0.0126962661743164,0,True,66,33,True,124,32,0.670917809009552,42.11558532714844,-752488.0987769023,2025-11-20 19:16:42
er_1024_1_6.txt,erdos_renyi_10ins_m20,49,SpecAnn,0.9920947376656812,1.0,-276844.0,-235040.0,0.0127651691436767,0,True,66,33,True,125,32,0.6666213870048523,41.58957290649414,-738331.1269001021,2025-11-20 19:16:42
er_1024_1_6.txt,erdos_renyi_10ins_m20,49,SpecAnn,0.9960552114476228,1.0,-276844.0,-235040.0,0.0241477489471435,0,True,66,65,True,126,32,0.6622857451438904,41.07236862182617,-724406.9882222997,2025-11-20 19:16:42
er_1024_1_6.txt,erdos_renyi_10ins_m20,49,SpecAnn,1.0,1.0,-278357.99999999994,-235304.0,0.0242869853973388,0,True,66,65,True,127,32,0.6579103469848633,40.563777923583984,-710710.2641574776,2025-11-20 19:16:43
er_1024_1_6.txt,erdos_renyi_10ins_m20,50,SpecAnn,0.0,1.0,-268963.99999999994,-80991.99999999999,0.0135693550109863,0,True,71,33,True,0,32,0.963475227355957,1025.0,-26299766.499209404,2025-11-20 19:16:43
er_1024_1_6.txt,erdos_renyi_10ins_m20,50,SpecAnn,0.0887356509416113,1.0,-265708.0,-84691.99999999999,0.0128095149993896,0,True,71,33,True,1,32,0.9576043486595154,767.2249145507812,-19565740.163013622,2025-11-20 19:16:43
er_1024_1_6.txt,erdos_renyi_10ins_m20,50,SpecAnn,0.1254911610276317,1.0,-271518.0,-87529.99999999999,0.0126693248748779,0,True,71,33,True,2,32,0.9548783302307128,680.5494995117188,-17305941.495962117,2025-11-20 19:16:43
er_1024_1_6.txt,erdos_renyi_10ins_m20,50,SpecAnn,0.1536946558735679,1.0,-270404.0,-90910.0,0.0127680301666259,0,True,71,33,True,3,32,0.9526553750038148,620.7681274414062,-15748990.001024071,2025-11-20 19:16:43
er_1024_1_6.txt,erdos_renyi_10ins_m20,50,SpecAnn,0.1774713018832227,1.0,-271307.99999999994,-92586.0,0.0126755237579345,0,True,71,33,True,4,32,0.95068621635437,574.4864501953125,-14544689.748408902,2025-11-20 19:16:43
er_1024_1_6.txt,erdos_renyi_10ins_m20,50,SpecAnn,0.1984189475331362,1.0,-269396.0,-94044.0,0.0127606391906738,0,True,71,33,True,5,32,0.9488748908042908,536.592041015625,-13559405.72119314,2025-11-20 19:16:43
er_1024_1_6.txt,erdos_renyi_10ins_m20,50,SpecAnn,0.2173570668006655,1.0,-269396.0,-94044.0,0.0126988887786865,0,True,71,33,True,6,32,0.9471722841262816,504.4988403320313,-12725551.950593948,2025-11-20 19:16:43
er_1024_1_6.txt,erdos_renyi_10ins_m20,50,SpecAnn,0.2347724648169381,1.0,-273478.0,-96366.0,0.0128211975097656,0,True,71,33,True,7,32,0.945549249649048,476.6909790039063,-12003518.39253178,2025-11-20 19:16:43
er_1024_1_6.txt,erdos_renyi_10ins_m20,50,SpecAnn,0.2509823220552634,1.0,-267013.99999999994,-98432.0,0.0127568244934082,0,True,71,33,True,8,32,0.943986713886261,452.1938171386719,-11367840.629399056,2025-11-20 19:16:43
er_1024_1_6.txt,erdos_renyi_10ins_m20,50,SpecAnn,0.2662069528248341,1.0,-272653.99999999994,-99842.0,0.0128312110900878,0,True,71,33,True,9,32,0.9424717426300048,430.3389587402344,-10801062.454081375,2025-11-20 19:16:43
er_1024_1_6.txt,erdos_renyi_10ins_m20,50,SpecAnn,0.2806067666331568,1.0,-272653.99999999994,-99842.0,0.0127668380737304,0,True,71,33,True,10,32,0.9409946203231812,410.6458740234375,-10290632.733459214,2025-11-20 19:16:43
er_1024_1_6.txt,erdos_renyi_10ins_m20,50,SpecAnn,0.2943028597012718,1.0,-272653.99999999994,-99842.0,0.0127906799316406,0,True,71,33,True,11,32,0.9395482540130616,392.7565002441406,-9827203.42011299,2025-11-20 19:16:43
er_1024_1_6.txt,erdos_renyi_10ins_m20,50,SpecAnn,0.3073893117471359,1.0,-271221.99999999994,-102108.0,0.0128030776977539,0,True,71,33,True,12,32,0.9381267428398132,376.395751953125,-9403590.407785583,2025-11-20 19:16:43
er_1024_1_6.txt,erdos_renyi_10ins_m20,50,SpecAnn,0.3199409394316542,1.0,-271221.99999999994,-102108.0,0.0128154754638671,0,True,71,33,True,13,32,0.9367257952690125,361.347900390625,-9014164.723914644,2025-11-20 19:16:43
er_1024_1_6.txt,erdos_renyi_10ins_m20,50,SpecAnn,0.3320184038158743,1.0,-269985.99999999994,-106956.0,0.012786865234375,0,True,71,33,True,14,32,0.9353416562080384,347.4398803710937,-8654409.042285282,2025-11-20 19:16:43
er_1024_1_6.txt,erdos_renyi_10ins_m20,50,SpecAnn,0.3436716983117353,1.0,-272829.99999999994,-109772.0,0.0127196311950683,0,True,71,33,True,15,32,0.9339712262153624,334.53082275390625,-8320647.235777141,2025-11-20 19:16:43
er_1024_1_6.txt,erdos_renyi_10ins_m20,50,SpecAnn,0.3549426037664455,1.0,-267571.99999999994,-112102.0,0.0127873420715332,0,True,71,33,True,16,32,0.9326120018959044,322.5045166015625,-8009848.022831857,2025-11-20 19:16:43
er_1024_1_6.txt,erdos_renyi_10ins_m20,50,SpecAnn,0.3658664615902029,1.0,-273879.99999999994,-113292.0,0.012768268585205,0,True,71,33,True,17,32,0.931261658668518,311.263671875,-7719472.666828812,2025-11-20 19:16:43
er_1024_1_6.txt,erdos_renyi_10ins_m20,50,SpecAnn,0.3764734830828951,1.0,-273879.99999999994,-113292.0,0.0127086639404296,0,True,71,33,True,18,32,0.92991840839386,300.7261657714844,-7447380.3865342755,2025-11-20 19:16:43
er_1024_1_6.txt,erdos_renyi_10ins_m20,50,SpecAnn,0.3867897351437838,1.0,-272132.0,-117304.0,0.0127499103546142,0,True,71,33,True,19,32,0.9285805225372314,290.8218994140625,-7191742.863287615,2025-11-20 19:16:43
er_1024_1_6.txt,erdos_renyi_10ins_m20,50,SpecAnn,0.3968378950662725,1.0,-273180.0,-119330.0,0.0126900672912597,0,True,71,33,True,20,32,0.9272464513778688,281.49072265625,-6950991.229340113,2025-11-20 19:16:43
er_1024_1_6.txt,erdos_renyi_10ins_m20,50,SpecAnn,0.4066378372811136,1.0,-270368.0,-123786.0,0.0127301216125488,0,True,71,33,True,21,32,0.9259148836135864,272.6803283691406,-6723762.243859363,2025-11-20 19:16:43
er_1024_1_6.txt,erdos_renyi_10ins_m20,50,SpecAnn,0.4162070956347247,1.0,-275879.99999999994,-124582.0,0.0125889778137207,0,True,71,33,True,22,32,0.924584686756134,264.3451843261719,-6508869.6460486,2025-11-20 19:16:43
er_1024_1_6.txt,erdos_renyi_10ins_m20,50,SpecAnn,0.4255612320274539,1.0,-268306.0,-126184.00000000004,0.0126965045928955,0,True,71,33,True,23,32,0.9232546091079712,256.44537353515625,-6305272.020046029,2025-11-20 19:16:43
er_1024_1_6.txt,erdos_renyi_10ins_m20,50,SpecAnn,0.434714133601331,1.0,-268150.0,-127795.99999999996,0.0126490592956542,0,True,71,33,True,24,32,0.9219236969947816,248.94564819335935,-6112051.311725026,2025-11-20 19:16:43
er_1024_1_6.txt,erdos_renyi_10ins_m20,50,SpecAnn,0.4436782547080569,1.0,-269591.99999999994,-127913.99999999996,0.0126969814300537,0,True,71,33,True,25,32,0.920591115951538,241.81466674804688,-5928391.727591264,2025-11-20 19:16:43
er_1024_1_6.txt,erdos_renyi_10ins_m20,50,SpecAnn,0.4524648157026343,1.0,-270442.0,-129124.0,0.0126483440399169,0,True,71,33,True,26,32,0.919255793094635,235.02456665039065,-5753566.149910679,2025-11-20 19:16:43
er_1024_1_6.txt,erdos_renyi_10ins_m20,50,SpecAnn,0.4610839676207039,1.0,-270410.0,-131024.0,0.012801170349121,0,True,71,33,True,27,32,0.917917013168335,228.55047607421875,-5586927.3529572375,2025-11-20 19:16:43
er_1024_1_6.txt,erdos_renyi_10ins_m20,50,SpecAnn,0.4695449296338763,1.0,-267354.0,-132487.99999999997,0.0128636360168457,0,True,71,33,True,28,32,0.9165739417076112,222.36993408203125,-5427890.127265816,2025-11-20 19:16:43
er_1024_1_6.txt,erdos_renyi_10ins_m20,50,SpecAnn,0.4778561045889373,1.0,-267354.0,-132487.99999999997,0.012871503829956,0,True,71,33,True,29,32,0.9152258038520812,216.46275329589844,-5275928.59177374,2025-11-20 19:16:43
er_1024_1_6.txt,erdos_renyi_10ins_m20,50,SpecAnn,0.4860251767562508,1.0,-267354.0,-132487.99999999997,0.0128426551818847,0,True,71,33,True,30,32,0.913872003555298,210.8106384277344,-5130567.089741119,2025-11-20 19:16:43
er_1024_1_6.txt,erdos_renyi_10ins_m20,50,SpecAnn,0.4940591950252281,1.0,-270994.0,-133465.99999999997,0.0128650665283203,0,True,71,33,True,31,32,0.9125117659568788,205.3970184326172,-4991373.657001566,2025-11-20 19:16:43
er_1024_1_6.txt,erdos_renyi_10ins_m20,50,SpecAnn,0.5019646441105269,1.0,-273552.0,-134998.00000000003,0.0128617286682128,0,True,71,33,True,32,32,0.911144196987152,200.20681762695312,-4857954.585758907,2025-11-20 19:16:43
er_1024_1_6.txt,erdos_renyi_10ins_m20,50,SpecAnn,0.5097475058154177,1.0,-272898.0,-136660.0,0.0129520893096923,0,True,71,33,True,33,32,0.9097690582275392,195.2261962890625,-4729951.956198836,2025-11-20 19:16:43
er_1024_1_6.txt,erdos_renyi_10ins_m20,50,SpecAnn,0.51741331199832,1.0,-272908.0,-139740.0,0.0128290653228759,0,True,71,33,True,34,32,0.9083853960037231,190.442626953125,-4607037.863615505,2025-11-20 19:16:43
er_1024_1_6.txt,erdos_renyi_10ins_m20,50,SpecAnn,0.5249671905758515,1.0,-270428.0,-142562.0,0.0126619338989257,0,True,71,33,True,35,32,0.9069926738739014,185.84446716308597,-4488909.913914117,2025-11-20 19:16:43
er_1024_1_6.txt,erdos_renyi_10ins_m20,50,SpecAnn,0.5324139056496683,1.0,-271448.00000000006,-147054.0,0.0126392841339111,0,True,71,33,True,36,32,0.9055901765823364,181.421142578125,-4375292.330187121,2025-11-20 19:16:43
er_1024_1_6.txt,erdos_renyi_10ins_m20,50,SpecAnn,0.5397578926492556,1.0,-268569.99999999994,-148998.0,0.012890338897705,0,True,71,33,True,37,32,0.9041772484779358,177.1627960205078,-4265928.530716175,2025-11-20 19:16:43
er_1024_1_6.txt,erdos_renyi_10ins_m20,50,SpecAnn,0.5470032892270364,1.0,-272098.0,-151447.99999999997,0.0128757953643798,0,True,71,33,True,38,32,0.9027534127235411,173.06044006347656,-4160585.174457236,2025-11-20 19:16:43
er_1024_1_6.txt,erdos_renyi_10ins_m20,50,SpecAnn,0.554153962516942,1.0,-270449.99999999994,-152690.0,0.0128781795501708,0,True,71,33,True,39,32,0.901317834854126,169.1056365966797,-4059041.793669424,2025-11-20 19:16:43
er_1024_1_6.txt,erdos_renyi_10ins_m20,50,SpecAnn,0.5612135332663137,1.0,-269929.99999999994,-154985.99999999997,0.0127375125885009,0,True,71,33,True,40,32,0.8998700380325317,165.29066467285156,-3961098.047986338,2025-11-20 19:16:43
er_1024_1_6.txt,erdos_renyi_10ins_m20,50,SpecAnn,0.5681853972686127,1.0,-271917.99999999994,-156259.99999999997,0.0128035545349121,0,True,71,33,True,41,32,0.898409366607666,161.6083221435547,-3866566.350265196,2025-11-20 19:16:43
er_1024_1_6.txt,erdos_renyi_10ins_m20,50,SpecAnn,0.5750727444570146,1.0,-271880.0,-158300.0,0.0126974582672119,0,True,71,33,True,42,32,0.896934986114502,158.0518798828125,-3775270.764383762,2025-11-20 19:16:43
er_1024_1_6.txt,erdos_renyi_10ins_m20,50,SpecAnn,0.5818785759635375,1.0,-271951.99999999994,-159108.0,0.0127871036529541,0,True,71,33,True,43,32,0.8954463005065918,154.61514282226562,-3687050.169577313,2025-11-20 19:16:43
er_1024_1_6.txt,erdos_renyi_10ins_m20,50,SpecAnn,0.5886057194025436,1.0,-272034.0,-159863.99999999997,0.0127167701721191,0,True,71,33,True,44,32,0.8939427733421326,151.29229736328125,-3601753.6930128285,2025-11-20 19:16:43
er_1024_1_6.txt,erdos_renyi_10ins_m20,50,SpecAnn,0.5952568425994088,1.0,-274085.99999999994,-161796.0,0.0126988887786865,0,True,71,33,True,45,32,0.8924235701560974,148.07781982421875,-3519237.026552535,2025-11-20 19:16:43
er_1024_1_6.txt,erdos_renyi_10ins_m20,50,SpecAnn,0.6018344659534288,1.0,-274025.99999999994,-164040.0,0.0127167701721191,0,True,71,33,True,46,32,0.8908878564834595,144.9667205810547,-3439369.441352895,2025-11-20 19:16:43
er_1024_1_6.txt,erdos_renyi_10ins_m20,50,SpecAnn,0.6083409735974393,1.0,-274379.99999999994,-165392.0,0.0128209590911865,0,True,71,33,True,47,32,0.8893351554870605,141.9541778564453,-3362026.3563035065,2025-11-20 19:16:43
er_1024_1_6.txt,erdos_renyi_10ins_m20,50,SpecAnn,0.6147786234942719,1.0,-272136.0,-171784.0,0.0127460956573486,0,True,71,33,True,48,32,0.887764573097229,139.0357666015625,-3287091.7061961545,2025-11-20 19:16:43
er_1024_1_6.txt,erdos_renyi_10ins_m20,50,SpecAnn,0.6211495565912796,1.0,-270439.99999999994,-177283.99999999997,0.0127325057983398,0,True,71,33,True,49,32,0.8861755132675171,136.20726013183594,-3214455.938003646,2025-11-20 19:16:43
er_1024_1_6.txt,erdos_renyi_10ins_m20,50,SpecAnn,0.6274558051381586,1.0,-275183.99999999994,-177808.0,0.0127065181732177,0,True,71,33,True,50,32,0.8845668435096741,133.46470642089844,-3144014.690569313,2025-11-20 19:16:43
er_1024_1_6.txt,erdos_renyi_10ins_m20,50,SpecAnn,0.6336993002596786,1.0,-273261.99999999994,-179523.99999999997,0.0127806663513183,0,True,71,33,True,51,32,0.8829380869865417,130.80442810058594,-3075673.084895911,2025-11-20 19:16:43
er_1024_1_6.txt,erdos_renyi_10ins_m20,50,SpecAnn,0.6398818788633085,1.0,-271830.0,-181162.00000000003,0.0126819610595703,0,True,71,33,True,52,32,0.8812881708145142,128.222900390625,-3009338.2951770914,2025-11-20 19:16:43
er_1024_1_6.txt,erdos_renyi_10ins_m20,50,SpecAnn,0.6460052899517691,1.0,-272606.0,-183452.0,0.0126969814300537,0,True,71,33,True,53,32,0.8796163201332092,125.71683502197266,-2944924.682675673,2025-11-20 19:16:43
er_1024_1_6.txt,erdos_renyi_10ins_m20,50,SpecAnn,0.6520712004019966,1.0,-274492.0,-190542.0,0.0127139091491699,0,True,71,33,True,54,32,0.8779217600822449,123.28311157226562,-2882351.060293681,2025-11-20 19:16:43
er_1024_1_6.txt,erdos_renyi_10ins_m20,50,SpecAnn,0.6580812002646271,1.0,-273192.0,-193956.0,0.0127110481262207,0,True,71,33,True,55,32,0.8762034773826599,120.91880798339844,-2821540.6028392445,2025-11-20 19:16:43
er_1024_1_6.txt,erdos_renyi_10ins_m20,50,SpecAnn,0.6640368076317485,1.0,-276466.0,-194808.0,0.0127069950103759,0,True,71,33,True,56,32,0.8744603991508484,118.62110900878906,-2762419.3113512946,2025-11-20 19:16:43
er_1024_1_6.txt,erdos_renyi_10ins_m20,50,SpecAnn,0.6699394731151429,1.0,-272569.99999999994,-196532.0,0.0126607418060302,0,True,71,33,True,57,32,0.8726919293403625,116.3874282836914,-2704920.5058897515,2025-11-20 19:16:43
er_1024_1_6.txt,erdos_renyi_10ins_m20,50,SpecAnn,0.6757905839724513,1.0,-274388.0,-198826.0,0.012758731842041,0,True,71,33,True,58,32,0.8708969354629517,114.2152328491211,-2648977.48140597,2025-11-20 19:16:43
er_1024_1_6.txt,erdos_renyi_10ins_m20,50,SpecAnn,0.6815914679145113,1.0,-274260.0,-199534.0,0.0127384662628173,0,True,71,33,True,59,32,0.8690743446350098,112.10218811035156,-2594528.787872095,2025-11-20 19:16:43
er_1024_1_6.txt,erdos_renyi_10ins_m20,50,SpecAnn,0.6873433966234707,1.0,-275065.99999999994,-202042.0,0.012636661529541,0,True,71,33,True,60,32,0.86722332239151,110.04600524902344,-2541515.1651909733,2025-11-20 19:16:43
er_1024_1_6.txt,erdos_renyi_10ins_m20,50,SpecAnn,0.6930475890080863,1.0,-277633.99999999994,-204704.0,0.012709617614746,0,True,71,33,True,61,32,0.8653427958488464,108.04460906982422,-2489881.965110892,2025-11-20 19:16:43
er_1024_1_6.txt,erdos_renyi_10ins_m20,50,SpecAnn,0.6987052142198116,1.0,-276256.00000000006,-209340.0,0.0128309726715087,0,True,71,33,True,62,32,0.863431990146637,106.09593200683594,-2439575.943002008,2025-11-20 19:16:44
er_1024_1_6.txt,erdos_renyi_10ins_m20,50,SpecAnn,0.7043173944508145,1.0,-277458.0,-209072.0,0.0129451751708984,0,True,71,33,True,63,32,0.8614897131919861,104.19805145263672,-2390546.347698442,2025-11-20 19:16:44
er_1024_1_6.txt,erdos_renyi_10ins_m20,50,SpecAnn,0.709885207532891,1.0,-275970.0,-213806.0,0.0128881931304931,0,True,71,33,True,64,32,0.8595151901245117,102.34915924072266,-2342746.5682680192,2025-11-20 19:16:44
er_1024_1_6.txt,erdos_renyi_10ins_m20,50,SpecAnn,0.7154096893543218,1.0,-279019.99999999994,-217110.0,0.0128545761108398,0,True,71,33,True,65,32,0.8575075268745422,100.54747009277344,-2296130.4767638426,2025-11-20 19:16:44
er_1024_1_6.txt,erdos_renyi_10ins_m20,50,SpecAnn,0.7208918361100219,1.0,-277898.0,-215198.0,0.0128653049468994,0,True,71,33,True,66,32,0.8554657697677612,98.7913589477539,-2250655.741105705,2025-11-20 19:16:44
er_1024_1_6.txt,erdos_renyi_10ins_m20,50,SpecAnn,0.7263326063988248,1.0,-276394.0,-216092.00000000003,0.0128786563873291,0,True,71,33,True,67,32,0.8533892035484314,97.07920837402344,-2206281.101987952,2025-11-20 19:16:44
er_1024_1_6.txt,erdos_renyi_10ins_m20,50,SpecAnn,0.7317329231804058,1.0,-276888.0,-217227.99999999997,0.0128984451293945,0,True,71,33,True,68,32,0.8512771129608154,95.40953063964844,-2162968.4829071937,2025-11-20 19:16:44
er_1024_1_6.txt,erdos_renyi_10ins_m20,50,SpecAnn,0.7370936756031579,1.0,-277358.0,-221630.0,0.0128705501556396,0,True,71,33,True,69,32,0.8491286039352417,93.78086853027344,-2120680.2705842503,2025-11-20 19:16:44
er_1024_1_6.txt,erdos_renyi_10ins_m20,50,SpecAnn,0.7424157207132704,1.0,-277265.99999999994,-223406.0,0.0127174854278564,0,True,71,33,True,70,32,0.8469432592391968,92.19184112548828,-2079381.9923993556,2025-11-20 19:16:44
er_1024_1_6.txt,erdos_renyi_10ins_m20,50,SpecAnn,0.7476998850543153,1.0,-276582.0,-224466.0,0.0126559734344482,0,True,71,33,True,71,32,0.844720721244812,90.64112854003906,-2039040.849653013,2025-11-20 19:16:44
er_1024_1_6.txt,erdos_renyi_10ins_m20,50,SpecAnn,0.7529469661657903,1.0,-276242.0,-227752.0,0.0125758647918701,0,True,71,33,True,72,32,0.8424602746963501,89.1274642944336,-1999624.5349855323,2025-11-20 19:16:44
er_1024_1_6.txt,erdos_renyi_10ins_m20,50,SpecAnn,0.7581577339883167,1.0,-278228.0,-230613.99999999997,0.0127539634704589,0,True,71,33,True,73,32,0.8401615023612976,87.64964294433594,-1961102.99708131,2025-11-20 19:16:44
er_1024_1_6.txt,erdos_renyi_10ins_m20,50,SpecAnn,0.7633329321824984,1.0,-273564.0,-234342.00000000003,0.0127627849578857,0,True,71,33,True,74,32,0.8378243446350098,86.20651245117188,-1923448.336976827,2025-11-20 19:16:44
er_1024_1_6.txt,erdos_renyi_10ins_m20,50,SpecAnn,0.7684732793678399,1.0,-274833.99999999994,-234230.0,0.0129117965698242,0,True,71,33,True,75,32,0.835448682308197,84.79696655273438,-1886633.6205407744,2025-11-20 19:16:44
er_1024_1_6.txt,erdos_renyi_10ins_m20,50,SpecAnn,0.7735794702875677,1.0,-273718.0,-234674.0,0.0128958225250244,0,True,71,33,True,76,32,0.8330341577529907,83.41992950439453,-1850632.15017804,2025-11-20 19:16:44
er_1024_1_6.txt,erdos_renyi_10ins_m20,50,SpecAnn,0.7786521769046981,1.0,-275978.0,-234199.99999999997,0.0246713161468505,0,True,71,65,True,77,32,0.8305806517601013,82.07440948486328,-1815419.7314177065,2025-11-20 19:16:44
er_1024_1_6.txt,erdos_renyi_10ins_m20,50,SpecAnn,0.7836920494342511,1.0,-272639.99999999994,-235008.0,0.0243346691131591,0,True,71,65,True,78,32,0.8280882835388184,80.75940704345703,-1780972.592450399,2025-11-20 19:16:44
er_1024_1_6.txt,erdos_renyi_10ins_m20,50,SpecAnn,0.788699717316095,1.0,-275698.0,-236411.99999999997,0.0243659019470214,0,True,71,65,True,79,32,0.8255568742752075,79.4739990234375,-1747268.064943221,2025-11-20 19:16:44
er_1024_1_6.txt,erdos_renyi_10ins_m20,50,SpecAnn,0.7936757901325451,1.0,-274680.0,-239023.99999999997,0.0246486663818359,0,True,71,65,True,80,32,0.8229864239692688,78.21728515625,-1714284.441846395,2025-11-20 19:16:44
er_1024_1_6.txt,erdos_renyi_10ins_m20,50,SpecAnn,0.7986208584745024,1.0,-277031.99999999994,-240766.0,0.0245273113250732,0,True,71,65,True,81,32,0.8203768134117126,76.9883804321289,-1682000.1706982537,2025-11-20 19:16:44
er_1024_1_6.txt,erdos_renyi_10ins_m20,50,SpecAnn,0.803535494759617,1.0,-277421.99999999994,-240066.00000000003,0.0245947837829589,0,True,71,65,True,82,32,0.8177279829978943,75.78648376464844,-1650395.732879734,2025-11-20 19:16:44
er_1024_1_6.txt,erdos_renyi_10ins_m20,50,SpecAnn,0.8084202540056837,1.0,-275747.99999999994,-241082.00000000003,0.0246365070343017,0,True,71,65,True,83,32,0.8150397539138794,74.61080169677734,-1619451.6013363623,2025-11-20 19:16:44
er_1024_1_6.txt,erdos_renyi_10ins_m20,50,SpecAnn,0.8132756745622272,1.0,-276843.99999999994,-239948.0,0.0245952606201171,0,True,71,65,True,84,32,0.8123112320899963,73.46054077148438,-1589146.9329104847,2025-11-20 19:16:44
er_1024_1_6.txt,erdos_renyi_10ins_m20,50,SpecAnn,0.8181022788030096,1.0,-275491.99999999994,-242036.0,0.0243995189666748,0,True,71,65,True,85,32,0.8095426559448242,72.3349609375,-1559464.393435481,2025-11-20 19:16:44
er_1024_1_6.txt,erdos_renyi_10ins_m20,50,SpecAnn,0.822900573781978,1.0,-275403.99999999994,-242029.99999999997,0.0242705345153808,0,True,71,65,True,86,32,0.806732714176178,71.2333755493164,-1530384.8860820069,2025-11-20 19:16:44
er_1024_1_6.txt,erdos_renyi_10ins_m20,50,SpecAnn,0.8276710518549868,1.0,-277556.0,-242772.0,0.0242328643798828,0,True,71,65,True,87,32,0.8038806319236755,70.15509796142578,-1501890.5172774342,2025-11-20 19:16:44
er_1024_1_6.txt,erdos_renyi_10ins_m20,50,SpecAnn,0.8324141912694495,1.0,-276187.99999999994,-243150.0,0.0243618488311767,0,True,71,65,True,88,32,0.8009847402572632,69.09944152832031,-1473961.8883162225,2025-11-20 19:16:44
er_1024_1_6.txt,erdos_renyi_10ins_m20,50,SpecAnn,0.8371304567239225,1.0,-276828.0,-241874.0,0.024224042892456,0,True,71,65,True,89,32,0.7980445027351379,68.0658187866211,-1446584.002809364,2025-11-20 19:16:44
er_1024_1_6.txt,erdos_renyi_10ins_m20,50,SpecAnn,0.8418202998994706,1.0,-276459.99999999994,-243560.0,0.0242011547088623,0,True,71,65,True,90,32,0.7950586080551147,67.05355834960938,-1419738.7899628675,2025-11-20 19:16:44
er_1024_1_6.txt,erdos_renyi_10ins_m20,50,SpecAnn,0.846484159964536,1.0,-276938.0,-245096.0,0.0241978168487548,0,True,71,65,True,91,32,0.7920268177986145,66.06211853027344,-1393413.0011957053,2025-11-20 19:16:44
er_1024_1_6.txt,erdos_renyi_10ins_m20,50,SpecAnn,0.8511224640549078,1.0,-279178.0,-245378.0,0.0245170593261718,0,True,71,65,True,92,32,0.7889496684074402,65.0909194946289,-1367593.9759930684,2025-11-20 19:16:44
er_1024_1_6.txt,erdos_renyi_10ins_m20,50,SpecAnn,0.8557356277302758,1.0,-279205.99999999994,-246020.0,0.0245094299316406,0,True,71,65,True,93,32,0.7858284711837769,64.13939666748047,-1342270.682572571,2025-11-20 19:16:44
er_1024_1_6.txt,erdos_renyi_10ins_m20,50,SpecAnn,0.8603240554087516,1.0,-277295.99999999994,-243306.0,0.0244691371917724,0,True,71,65,True,94,32,0.7826650738716125,63.2070198059082,-1317433.621292437,2025-11-20 19:16:44
er_1024_1_6.txt,erdos_renyi_10ins_m20,50,SpecAnn,0.86488814078064,1.0,-277458.0,-241868.0,0.024658203125,0,True,71,65,True,95,32,0.7794615030288696,62.29331207275391,-1293074.5606712431,2025-11-20 19:16:44
er_1024_1_6.txt,erdos_renyi_10ins_m20,50,SpecAnn,0.8694282672026621,1.0,-277114.0,-240510.0,0.0244770050048828,0,True,71,65,True,96,32,0.7762184739112854,61.397735595703125,-1269181.7059991574,2025-11-20 19:16:44
er_1024_1_6.txt,erdos_renyi_10ins_m20,50,SpecAnn,0.8739448080737451,1.0,-279211.99999999994,-240466.00000000003,0.0241620540618896,0,True,71,65,True,97,32,0.7729382514953613,60.51984405517578,-1245747.646206923,2025-11-20 19:16:44
er_1024_1_6.txt,erdos_renyi_10ins_m20,50,SpecAnn,0.878438127193422,1.0,-277398.0,-239044.0,0.0242085456848144,0,True,71,65,True,98,32,0.7696212530136108,59.6591682434082,-1222761.4014169625,2025-11-20 19:16:44
er_1024_1_6.txt,erdos_renyi_10ins_m20,50,SpecAnn,0.8829085791038153,1.0,-277011.99999999994,-238642.00000000003,0.0241289138793945,0,True,71,65,True,99,32,0.7662685513496399,58.81525039672852,-1200213.277297497,2025-11-20 19:16:44
er_1024_1_6.txt,erdos_renyi_10ins_m20,50,SpecAnn,0.8873565094161138,1.0,-276657.99999999994,-239618.00000000003,0.0242650508880615,0,True,71,65,True,100,32,0.7628805041313171,57.9876708984375,-1178093.2195553246,2025-11-20 19:16:44
er_1024_1_6.txt,erdos_renyi_10ins_m20,50,SpecAnn,0.8917822551223932,1.0,-277706.0,-239718.0,0.0242407321929931,0,True,71,65,True,101,32,0.7594577074050903,57.17601013183594,-1156391.5634584017,2025-11-20 19:16:44
er_1024_1_6.txt,erdos_renyi_10ins_m20,50,SpecAnn,0.8961861448935777,1.0,-276008.0,-239884.0,0.0241756439208984,0,True,71,65,True,102,32,0.7559998631477356,56.37986755371094,-1135097.6976569537,2025-11-20 19:16:44
er_1024_1_6.txt,erdos_renyi_10ins_m20,50,SpecAnn,0.9005684993642872,1.0,-276286.0,-239094.0,0.0241656303405761,0,True,71,65,True,103,32,0.7525074481964111,55.59886169433594,-1114202.625747339,2025-11-20 19:16:44
er_1024_1_6.txt,erdos_renyi_10ins_m20,50,SpecAnn,0.9049296314052688,1.0,-274830.0,-238984.0,0.0241470336914062,0,True,71,65,True,104,32,0.7489804625511169,54.83259201049805,-1093696.2921194606,2025-11-20 19:16:44
er_1024_1_6.txt,erdos_renyi_10ins_m20,50,SpecAnn,0.9092698463840684,1.0,-274785.99999999994,-237711.99999999997,0.0242195129394531,0,True,71,65,True,105,32,0.7454186677932739,54.08070755004883,-1073569.3505805498,2025-11-20 19:16:44
er_1024_1_6.txt,erdos_renyi_10ins_m20,50,SpecAnn,0.9135894424145556,1.0,-275347.99999999994,-237822.00000000003,0.0241529941558837,0,True,71,65,True,106,32,0.7418220639228821,53.34286117553711,-1053812.9407687362,2025-11-20 19:16:44
er_1024_1_6.txt,erdos_renyi_10ins_m20,50,SpecAnn,0.9178887105958816,1.0,-274353.99999999994,-237276.0,0.024153709411621,0,True,71,65,True,107,32,0.7381904721260071,52.618690490722656,-1034417.706056824,2025-11-20 19:16:44
er_1024_1_6.txt,erdos_renyi_10ins_m20,50,SpecAnn,0.922167935241408,1.0,-277771.99999999994,-237984.0,0.0241816043853759,0,True,71,65,True,108,32,0.7345238327980042,51.90786743164063,-1015375.2031755853,2025-11-20 19:16:44
er_1024_1_6.txt,erdos_renyi_10ins_m20,50,SpecAnn,0.92642739409812,1.0,-277707.99999999994,-237998.0,0.0243563652038574,0,True,71,65,True,109,32,0.730821967124939,51.210105895996094,-996677.700294004,2025-11-20 19:16:44
er_1024_1_6.txt,erdos_renyi_10ins_m20,50,SpecAnn,0.9306673585570006,1.0,-276100.0,-238788.0,0.0243887901306152,0,True,71,65,True,110,32,0.7270846962928772,50.52503967285156,-978315.966621072,2025-11-20 19:16:45
er_1024_1_6.txt,erdos_renyi_10ins_m20,50,SpecAnn,0.9348880938548184,1.0,-278886.0,-237660.0,0.0246171951293945,0,True,71,65,True,111,32,0.7233117818832397,49.85239410400391,-960282.5422239604,2025-11-20 19:16:45
er_1024_1_6.txt,erdos_renyi_10ins_m20,50,SpecAnn,0.9390898592677528,1.0,-278310.0,-236550.0,0.0127093791961669,0,True,71,33,True,112,32,0.7195031046867371,49.19187927246094,-942569.8873325464,2025-11-20 19:16:45
er_1024_1_6.txt,erdos_renyi_10ins_m20,50,SpecAnn,0.9432729082972536,1.0,-278212.0,-236592.0,0.0127484798431396,0,True,71,33,True,113,32,0.7156581878662109,48.54319763183594,-925169.9106638292,2025-11-20 19:16:45
er_1024_1_6.txt,erdos_renyi_10ins_m20,50,SpecAnn,0.9474374888485204,1.0,-277218.0,-236228.0,0.0126247406005859,0,True,71,33,True,114,32,0.7117771506309509,47.90608215332031,-908075.9458635792,2025-11-20 19:16:45
er_1024_1_6.txt,erdos_renyi_10ins_m20,50,SpecAnn,0.9515838434019476,1.0,-277218.0,-236110.0,0.0127134323120117,0,True,71,33,True,115,32,0.7078595757484436,47.28025436401367,-891280.4703620103,2025-11-20 19:16:45
er_1024_1_6.txt,erdos_renyi_10ins_m20,50,SpecAnn,0.9557122091778746,1.0,-276564.0,-235760.0,0.0128123760223388,0,True,71,33,True,116,32,0.7039052844047546,46.66547393798828,-874777.0508166116,2025-11-20 19:16:45
er_1024_1_6.txt,erdos_renyi_10ins_m20,50,SpecAnn,0.9598228182949629,1.0,-278034.0,-235340.0,0.0127179622650146,0,True,71,33,True,117,32,0.6999138593673706,46.061466217041016,-858558.3692593965,2025-11-20 19:16:45
er_1024_1_6.txt,erdos_renyi_10ins_m20,50,SpecAnn,0.963915897922488,1.0,-276331.99999999994,-235624.0,0.0128114223480224,0,True,71,33,True,118,32,0.6958854794502258,45.46800231933594,-842618.7571910955,2025-11-20 19:16:45
er_1024_1_6.txt,erdos_renyi_10ins_m20,50,SpecAnn,0.967991670426842,1.0,-276331.99999999994,-235624.0,0.0242350101470947,0,True,71,65,True,119,32,0.6918193697929382,44.88483047485352,-826951.008570306,2025-11-20 19:16:45
er_1024_1_6.txt,erdos_renyi_10ins_m20,50,SpecAnn,0.9720503535125016,1.0,-274193.99999999994,-235296.0,0.0242910385131835,0,True,71,65,True,120,32,0.6877155900001526,44.31172561645508,-811549.486198438,2025-11-20 19:16:45
er_1024_1_6.txt,erdos_renyi_10ins_m20,50,SpecAnn,0.9760921603577252,1.0,-273144.0,-235482.0,0.0126090049743652,0,True,71,33,True,121,32,0.6835737228393555,43.74846649169922,-796408.1004446362,2025-11-20 19:16:45
er_1024_1_6.txt,erdos_renyi_10ins_m20,50,SpecAnn,0.9801172997452104,1.0,-275720.00000000006,-235884.0,0.0126593112945556,0,True,71,33,True,122,32,0.6793937683105469,43.19482803344727,-781521.2351185806,2025-11-20 19:16:45
er_1024_1_6.txt,erdos_renyi_10ins_m20,50,SpecAnn,0.9841259761879442,1.0,-274821.99999999994,-235158.0,0.0126330852508544,0,True,71,33,True,123,32,0.6751751899719238,42.65060806274414,-766883.1174758603,2025-11-20 19:16:45
er_1024_1_6.txt,erdos_renyi_10ins_m20,50,SpecAnn,0.9881183900504562,1.0,-273143.99999999994,-234752.0,0.01275634765625,0,True,71,33,True,124,32,0.670917809009552,42.11558532714844,-752488.0987769023,2025-11-20 19:16:45
er_1024_1_6.txt,erdos_renyi_10ins_m20,50,SpecAnn,0.9920947376656812,1.0,-274664.0,-235039.99999999997,0.0126876831054687,0,True,71,33,True,125,32,0.6666213870048523,41.58957290649414,-738331.1269001021,2025-11-20 19:16:45
er_1024_1_6.txt,erdos_renyi_10ins_m20,50,SpecAnn,0.9960552114476228,1.0,-274664.0,-235039.99999999997,0.0241656303405761,0,True,71,65,True,126,32,0.6622857451438904,41.07236862182617,-724406.9882222997,2025-11-20 19:16:45
er_1024_1_6.txt,erdos_renyi_10ins_m20,50,SpecAnn,1.0,1.0,-276005.99999999994,-235304.0,0.0242049694061279,0,True,71,65,True,127,32,0.6579102873802185,40.563777923583984,-710710.1997693235,2025-11-20 19:16:45
er_1024_1_6.txt,erdos_renyi_10ins_m20,51,SpecAnn,0.0,1.0,-273661.99999999994,-80991.99999999999,0.013431549072265625,0,True,73,33,True,0,32,0.9634751677513123,1025.0,-26299764.872194827,2025-11-20 19:16:45
er_1024_1_6.txt,erdos_renyi_10ins_m20,51,SpecAnn,0.08873565094161137,1.0,-267374.0,-84691.99999999999,0.012653112411499023,0,True,73,33,True,1,32,0.9576043486595154,767.2249145507812,-19565740.163013622,2025-11-20 19:16:45
er_1024_1_6.txt,erdos_renyi_10ins_m20,51,SpecAnn,0.12549116102763172,1.0,-272620.0,-87529.99999999999,0.012658834457397461,0,True,73,33,True,2,32,0.9548783302307129,680.5494995117188,-17305941.495962117,2025-11-20 19:16:45
er_1024_1_6.txt,erdos_renyi_10ins_m20,51,SpecAnn,0.15369465587356798,1.0,-271340.00000000006,-90909.99999999999,0.012679576873779297,0,True,73,33,True,3,32,0.9526553153991699,620.7681274414062,-15748989.015659397,2025-11-20 19:16:45
er_1024_1_6.txt,erdos_renyi_10ins_m20,51,SpecAnn,0.17747130188322274,1.0,-270443.99999999994,-92585.99999999999,0.01265573501586914,0,True,73,33,True,4,32,0.9506862163543701,574.4864501953125,-14544689.748408902,2025-11-20 19:16:45
er_1024_1_6.txt,erdos_renyi_10ins_m20,51,SpecAnn,0.19841894753313627,1.0,-271168.0,-94044.0,0.012689352035522461,0,True,73,33,True,5,32,0.9488748908042908,536.592041015625,-13559405.72119314,2025-11-20 19:16:45
er_1024_1_6.txt,erdos_renyi_10ins_m20,51,SpecAnn,0.21735706680066552,1.0,-271168.0,-94044.0,0.012753725051879883,0,True,73,33,True,6,32,0.9471722841262817,504.49884033203125,-12725551.950593947,2025-11-20 19:16:45
er_1024_1_6.txt,erdos_renyi_10ins_m20,51,SpecAnn,0.23477246481693817,1.0,-270522.0,-96365.99999999999,0.012897014617919922,0,True,73,33,True,7,32,0.9455493092536926,476.69097900390625,-12003519.14919829,2025-11-20 19:16:45
er_1024_1_6.txt,erdos_renyi_10ins_m20,51,SpecAnn,0.25098232205526344,1.0,-267665.99999999994,-98431.99999999999,0.012746572494506836,0,True,73,33,True,8,32,0.9439867734909058,452.1938171386719,-11367841.347180454,2025-11-20 19:16:45
er_1024_1_6.txt,erdos_renyi_10ins_m20,51,SpecAnn,0.26620695282483414,1.0,-273157.99999999994,-99841.99999999999,0.012742042541503906,0,True,73,33,True,9,32,0.9424717426300049,430.3389587402344,-10801062.454081377,2025-11-20 19:16:45
er_1024_1_6.txt,erdos_renyi_10ins_m20,51,SpecAnn,0.28060676663315687,1.0,-273157.99999999994,-99841.99999999999,0.012704133987426758,0,True,73,33,True,10,32,0.9409946203231812,410.6458740234375,-10290632.733459214,2025-11-20 19:16:45
er_1024_1_6.txt,erdos_renyi_10ins_m20,51,SpecAnn,0.2943028597012718,1.0,-273157.99999999994,-99841.99999999999,0.012765884399414062,0,True,73,33,True,11,32,0.9395481944084167,392.7565002441406,-9827202.796678305,2025-11-20 19:16:45
er_1024_1_6.txt,erdos_renyi_10ins_m20,51,SpecAnn,0.30738931174713596,1.0,-269865.99999999994,-102108.0,0.012799978256225586,0,True,73,33,True,12,32,0.9381266832351685,376.395751953125,-9403589.810320828,2025-11-20 19:16:45
er_1024_1_6.txt,erdos_renyi_10ins_m20,51,SpecAnn,0.31994093943165425,1.0,-269865.99999999994,-102108.0,0.012790441513061523,0,True,73,33,True,13,32,0.9367257952690125,361.347900390625,-9014164.723914644,2025-11-20 19:16:45
er_1024_1_6.txt,erdos_renyi_10ins_m20,51,SpecAnn,0.3320184038158743,1.0,-272084.0,-106955.99999999999,0.01280832290649414,0,True,73,33,True,14,32,0.9353416562080383,347.43988037109375,-8654409.042285282,2025-11-20 19:16:45
er_1024_1_6.txt,erdos_renyi_10ins_m20,51,SpecAnn,0.34367169831173533,1.0,-269599.99999999994,-109772.0,0.012657642364501953,0,True,73,33,True,15,32,0.9339712262153625,334.53082275390625,-8320647.2357771415,2025-11-20 19:16:45
er_1024_1_6.txt,erdos_renyi_10ins_m20,51,SpecAnn,0.3549426037664455,1.0,-267872.0,-112102.0,0.012758970260620117,0,True,73,33,True,16,32,0.9326120018959045,322.5045166015625,-8009848.022831857,2025-11-20 19:16:45
er_1024_1_6.txt,erdos_renyi_10ins_m20,51,SpecAnn,0.3658664615902029,1.0,-276261.99999999994,-113291.99999999999,0.012861251831054688,0,True,73,33,True,17,32,0.9312616586685181,311.263671875,-7719472.666828812,2025-11-20 19:16:45
er_1024_1_6.txt,erdos_renyi_10ins_m20,51,SpecAnn,0.37647348308289513,1.0,-276261.99999999994,-113291.99999999999,0.01274728775024414,0,True,73,33,True,18,32,0.9299184679985046,300.7261657714844,-7447380.86388633,2025-11-20 19:16:45
er_1024_1_6.txt,erdos_renyi_10ins_m20,51,SpecAnn,0.38678973514378384,1.0,-269286.0,-117304.0,0.012707710266113281,0,True,73,33,True,19,32,0.9285805225372314,290.8218994140625,-7191742.863287615,2025-11-20 19:16:45
er_1024_1_6.txt,erdos_renyi_10ins_m20,51,SpecAnn,0.39683789506627254,1.0,-269435.99999999994,-119330.0,0.012690305709838867,0,True,73,33,True,20,32,0.9272465109825134,281.49072265625,-6950991.676159146,2025-11-20 19:16:45
er_1024_1_6.txt,erdos_renyi_10ins_m20,51,SpecAnn,0.4066378372811136,1.0,-269717.99999999994,-123785.99999999999,0.012678384780883789,0,True,73,33,True,21,32,0.9259148836135864,272.6803283691406,-6723762.243859363,2025-11-20 19:16:45
er_1024_1_6.txt,erdos_renyi_10ins_m20,51,SpecAnn,0.41620709563472474,1.0,-270488.0,-124581.99999999999,0.012651681900024414,0,True,73,33,True,22,32,0.924584686756134,264.3451843261719,-6508869.6460486,2025-11-20 19:16:45
er_1024_1_6.txt,erdos_renyi_10ins_m20,51,SpecAnn,0.4255612320274539,1.0,-272329.99999999994,-126184.00000000003,0.012596845626831055,0,True,73,33,True,23,32,0.9232546091079712,256.44537353515625,-6305272.020046029,2025-11-20 19:16:45
er_1024_1_6.txt,erdos_renyi_10ins_m20,51,SpecAnn,0.43471413360133104,1.0,-273321.99999999994,-127795.99999999997,0.012661457061767578,0,True,73,33,True,24,32,0.9219236969947815,248.94564819335938,-6112051.311725026,2025-11-20 19:16:45
er_1024_1_6.txt,erdos_renyi_10ins_m20,51,SpecAnn,0.4436782547080569,1.0,-269781.99999999994,-127913.99999999997,0.012637615203857422,0,True,73,33,True,25,32,0.9205910563468933,241.81466674804688,-5928391.343751276,2025-11-20 19:16:45
er_1024_1_6.txt,erdos_renyi_10ins_m20,51,SpecAnn,0.45246481570263436,1.0,-272517.99999999994,-129124.0,0.012687921524047852,0,True,73,33,True,26,32,0.9192557334899902,235.02456665039062,-5753565.776848829,2025-11-20 19:16:45
er_1024_1_6.txt,erdos_renyi_10ins_m20,51,SpecAnn,0.46108396762070397,1.0,-272802.0,-131024.00000000001,0.012766599655151367,0,True,73,33,True,27,32,0.917917013168335,228.55047607421875,-5586927.3529572375,2025-11-20 19:16:45
er_1024_1_6.txt,erdos_renyi_10ins_m20,51,SpecAnn,0.46954492963387634,1.0,-271054.0,-132487.99999999997,0.012853145599365234,0,True,73,33,True,28,32,0.9165739417076111,222.36993408203125,-5427890.127265816,2025-11-20 19:16:45
er_1024_1_6.txt,erdos_renyi_10ins_m20,51,SpecAnn,0.4778561045889373,1.0,-271054.0,-132487.99999999997,0.012844562530517578,0,True,73,33,True,29,32,0.9152258634567261,216.46275329589844,-5275928.935371842,2025-11-20 19:16:45
er_1024_1_6.txt,erdos_renyi_10ins_m20,51,SpecAnn,0.48602517675625084,1.0,-271054.0,-132487.99999999997,0.012908220291137695,0,True,73,33,True,30,32,0.9138720631599426,210.81063842773438,-5130567.424367444,2025-11-20 19:16:45
er_1024_1_6.txt,erdos_renyi_10ins_m20,51,SpecAnn,0.4940591950252281,1.0,-270284.0,-133465.99999999997,0.01289057731628418,0,True,73,33,True,31,32,0.9125117063522339,205.3970184326172,-4991373.330968451,2025-11-20 19:16:45
er_1024_1_6.txt,erdos_renyi_10ins_m20,51,SpecAnn,0.5019646441105269,1.0,-270284.0,-134998.00000000003,0.012726306915283203,0,True,73,33,True,32,32,0.9111442565917969,200.20681762695312,-4857954.903553454,2025-11-20 19:16:45
er_1024_1_6.txt,erdos_renyi_10ins_m20,51,SpecAnn,0.5097475058154177,1.0,-273429.99999999994,-136660.0,0.012633323669433594,0,True,73,33,True,33,32,0.9097691178321838,195.2261962890625,-4729952.266087486,2025-11-20 19:16:45
er_1024_1_6.txt,erdos_renyi_10ins_m20,51,SpecAnn,0.51741331199832,1.0,-267346.0,-139740.0,0.012647151947021484,0,True,73,33,True,34,32,0.9083853960037231,190.442626953125,-4607037.863615505,2025-11-20 19:16:45
er_1024_1_6.txt,erdos_renyi_10ins_m20,51,SpecAnn,0.5249671905758515,1.0,-272917.99999999994,-142562.0,0.01263284683227539,0,True,73,33,True,35,32,0.9069926738739014,185.84446716308594,-4488909.913914117,2025-11-20 19:16:45
er_1024_1_6.txt,erdos_renyi_10ins_m20,51,SpecAnn,0.5324139056496683,1.0,-270977.99999999994,-147054.0,0.012639999389648438,0,True,73,33,True,36,32,0.9055901765823364,181.421142578125,-4375292.330187121,2025-11-20 19:16:45
er_1024_1_6.txt,erdos_renyi_10ins_m20,51,SpecAnn,0.5397578926492556,1.0,-270397.99999999994,-148998.0,0.012716054916381836,0,True,73,33,True,37,32,0.9041773080825806,177.1627960205078,-4265928.811932226,2025-11-20 19:16:45
er_1024_1_6.txt,erdos_renyi_10ins_m20,51,SpecAnn,0.5470032892270364,1.0,-275214.0,-151447.99999999997,0.01279449462890625,0,True,73,33,True,38,32,0.9027533531188965,173.06044006347656,-4160584.899752984,2025-11-20 19:16:45
er_1024_1_6.txt,erdos_renyi_10ins_m20,51,SpecAnn,0.554153962516942,1.0,-272483.99999999994,-152690.0,0.012634515762329102,0,True,73,33,True,39,32,0.901317834854126,169.1056365966797,-4059041.7936694236,2025-11-20 19:16:45
er_1024_1_6.txt,erdos_renyi_10ins_m20,51,SpecAnn,0.5612135332663137,1.0,-269228.0,-154985.99999999997,0.012746334075927734,0,True,73,33,True,40,32,0.899869978427887,165.29066467285156,-3961097.785615293,2025-11-20 19:16:45
er_1024_1_6.txt,erdos_renyi_10ins_m20,51,SpecAnn,0.5681853972686127,1.0,-275828.0,-156259.99999999997,0.012788057327270508,0,True,73,33,True,41,32,0.8984093070030212,161.6083221435547,-3866566.093739249,2025-11-20 19:16:46
er_1024_1_6.txt,erdos_renyi_10ins_m20,51,SpecAnn,0.5750727444570146,1.0,-275132.0,-158300.0,0.012972593307495117,0,True,73,33,True,42,32,0.896934986114502,158.0518798828125,-3775270.764383762,2025-11-20 19:16:46
er_1024_1_6.txt,erdos_renyi_10ins_m20,51,SpecAnn,0.5818785759635375,1.0,-272401.99999999994,-159108.0,0.01289057731628418,0,True,73,33,True,43,32,0.8954463005065918,154.61514282226562,-3687050.169577313,2025-11-20 19:16:46
er_1024_1_6.txt,erdos_renyi_10ins_m20,51,SpecAnn,0.5886057194025436,1.0,-274420.0,-159863.99999999997,0.012837886810302734,0,True,73,33,True,44,32,0.8939428329467773,151.29229736328125,-3601753.933163827,2025-11-20 19:16:46
er_1024_1_6.txt,erdos_renyi_10ins_m20,51,SpecAnn,0.5952568425994088,1.0,-272708.0,-161796.0,0.012658119201660156,0,True,73,33,True,45,32,0.8924235105514526,148.07781982421875,-3519236.7915039775,2025-11-20 19:16:46
er_1024_1_6.txt,erdos_renyi_10ins_m20,51,SpecAnn,0.6018344659534288,1.0,-272403.99999999994,-164040.0,0.012718677520751953,0,True,73,33,True,46,32,0.8908879160881042,144.9667205810547,-3439369.671463107,2025-11-20 19:16:46
er_1024_1_6.txt,erdos_renyi_10ins_m20,51,SpecAnn,0.6083409735974393,1.0,-272930.0,-165392.0,0.01262354850769043,0,True,73,33,True,47,32,0.8893351554870605,141.9541778564453,-3362026.3563035065,2025-11-20 19:16:46
er_1024_1_6.txt,erdos_renyi_10ins_m20,51,SpecAnn,0.6147786234942719,1.0,-275606.00000000006,-171784.0,0.012612342834472656,0,True,73,33,True,48,32,0.887764573097229,139.0357666015625,-3287091.7061961545,2025-11-20 19:16:46
er_1024_1_6.txt,erdos_renyi_10ins_m20,51,SpecAnn,0.6211495565912796,1.0,-275031.99999999994,-177283.99999999997,0.012689828872680664,0,True,73,33,True,49,32,0.8861755132675171,136.20726013183594,-3214455.938003646,2025-11-20 19:16:46
er_1024_1_6.txt,erdos_renyi_10ins_m20,51,SpecAnn,0.6274558051381586,1.0,-275749.99999999994,-177808.0,0.012727022171020508,0,True,73,33,True,50,32,0.8845668435096741,133.46470642089844,-3144014.690569313,2025-11-20 19:16:46
er_1024_1_6.txt,erdos_renyi_10ins_m20,51,SpecAnn,0.6336993002596786,1.0,-273813.99999999994,-179523.99999999997,0.012647390365600586,0,True,73,33,True,51,32,0.8829380869865417,130.80442810058594,-3075673.084895911,2025-11-20 19:16:46
er_1024_1_6.txt,erdos_renyi_10ins_m20,51,SpecAnn,0.6398818788633085,1.0,-272367.99999999994,-181161.99999999997,0.012653589248657227,0,True,73,33,True,52,32,0.8812881708145142,128.222900390625,-3009338.2951770914,2025-11-20 19:16:46
er_1024_1_6.txt,erdos_renyi_10ins_m20,51,SpecAnn,0.6460052899517691,1.0,-270789.99999999994,-183451.99999999997,0.012730598449707031,0,True,73,33,True,53,32,0.879616379737854,125.71683502197266,-2944924.88222994,2025-11-20 19:16:46
er_1024_1_6.txt,erdos_renyi_10ins_m20,51,SpecAnn,0.6520712004019966,1.0,-271094.0,-190542.0,0.012685775756835938,0,True,73,33,True,54,32,0.8779217600822449,123.28311157226562,-2882351.060293681,2025-11-20 19:16:46
er_1024_1_6.txt,erdos_renyi_10ins_m20,51,SpecAnn,0.6580812002646271,1.0,-274712.0,-193956.0,0.012685537338256836,0,True,73,33,True,55,32,0.8762033581733704,120.91880798339844,-2821540.2189628286,2025-11-20 19:16:46
er_1024_1_6.txt,erdos_renyi_10ins_m20,51,SpecAnn,0.6640368076317485,1.0,-275603.99999999994,-194808.0,0.012582540512084961,0,True,73,33,True,56,32,0.8744603991508484,118.62110900878906,-2762419.3113512946,2025-11-20 19:16:46
er_1024_1_6.txt,erdos_renyi_10ins_m20,51,SpecAnn,0.6699394731151429,1.0,-273646.00000000006,-196531.99999999997,0.012613534927368164,0,True,73,33,True,57,32,0.8726919293403625,116.3874282836914,-2704920.5058897515,2025-11-20 19:16:46
er_1024_1_6.txt,erdos_renyi_10ins_m20,51,SpecAnn,0.6757905839724513,1.0,-273383.99999999994,-198825.99999999997,0.012631893157958984,0,True,73,33,True,58,32,0.8708968758583069,114.2152328491211,-2648977.300108557,2025-11-20 19:16:46
er_1024_1_6.txt,erdos_renyi_10ins_m20,51,SpecAnn,0.6815914679145113,1.0,-273697.99999999994,-199534.0,0.012613058090209961,0,True,73,33,True,59,32,0.8690743446350098,112.10218811035156,-2594528.787872095,2025-11-20 19:16:46
er_1024_1_6.txt,erdos_renyi_10ins_m20,51,SpecAnn,0.6873433966234707,1.0,-276654.0,-202042.0,0.012703180313110352,0,True,73,33,True,60,32,0.86722332239151,110.04600524902344,-2541515.1651909733,2025-11-20 19:16:46
er_1024_1_6.txt,erdos_renyi_10ins_m20,51,SpecAnn,0.6930475890080863,1.0,-275492.0,-204704.0,0.012828350067138672,0,True,73,33,True,61,32,0.8653427958488464,108.04460906982422,-2489881.965110892,2025-11-20 19:16:46
er_1024_1_6.txt,erdos_renyi_10ins_m20,51,SpecAnn,0.6987052142198116,1.0,-275957.99999999994,-209340.0,0.012923240661621094,0,True,73,33,True,62,32,0.8634320497512817,106.09593200683594,-2439576.111411401,2025-11-20 19:16:46
er_1024_1_6.txt,erdos_renyi_10ins_m20,51,SpecAnn,0.7043173944508145,1.0,-273679.99999999994,-209072.0,0.01277017593383789,0,True,73,33,True,63,32,0.8614897131919861,104.19805145263672,-2390546.3476984426,2025-11-20 19:16:46
er_1024_1_6.txt,erdos_renyi_10ins_m20,51,SpecAnn,0.709885207532891,1.0,-275756.0,-213805.99999999997,0.012642383575439453,0,True,73,33,True,64,32,0.8595151901245117,102.34915924072266,-2342746.5682680192,2025-11-20 19:16:46
er_1024_1_6.txt,erdos_renyi_10ins_m20,51,SpecAnn,0.7154096893543218,1.0,-274744.0,-217109.99999999997,0.012712240219116211,0,True,73,33,True,65,32,0.8575075268745422,100.54747009277344,-2296130.4767638426,2025-11-20 19:16:46
er_1024_1_6.txt,erdos_renyi_10ins_m20,51,SpecAnn,0.7208918361100219,1.0,-278304.0,-215197.99999999997,0.012622833251953125,0,True,73,33,True,66,32,0.8554657697677612,98.7913589477539,-2250655.741105705,2025-11-20 19:16:46
er_1024_1_6.txt,erdos_renyi_10ins_m20,51,SpecAnn,0.7263326063988248,1.0,-277301.99999999994,-216092.00000000003,0.012603521347045898,0,True,73,33,True,67,32,0.8533892631530762,97.07920837402344,-2206281.2560848175,2025-11-20 19:16:46
er_1024_1_6.txt,erdos_renyi_10ins_m20,51,SpecAnn,0.7317329231804058,1.0,-277955.99999999994,-217227.99999999994,0.012650012969970703,0,True,73,33,True,68,32,0.8512770533561707,95.40953063964844,-2162968.33146066,2025-11-20 19:16:46
er_1024_1_6.txt,erdos_renyi_10ins_m20,51,SpecAnn,0.7370936756031579,1.0,-276514.0,-221629.99999999997,0.012725830078125,0,True,73,33,True,69,32,0.8491285443305969,93.78086853027344,-2120680.1217229427,2025-11-20 19:16:46
er_1024_1_6.txt,erdos_renyi_10ins_m20,51,SpecAnn,0.7424157207132704,1.0,-279299.99999999994,-223405.99999999997,0.01268315315246582,0,True,73,33,True,70,32,0.8469432592391968,92.19184112548828,-2079381.9923993554,2025-11-20 19:16:46
er_1024_1_6.txt,erdos_renyi_10ins_m20,51,SpecAnn,0.7476998850543153,1.0,-278206.0,-224466.0,0.012607097625732422,0,True,73,33,True,71,32,0.8447206616401672,90.64112854003906,-2039040.705775513,2025-11-20 19:16:46
er_1024_1_6.txt,erdos_renyi_10ins_m20,51,SpecAnn,0.7529469661657903,1.0,-276374.0,-227752.0,0.01254725456237793,0,True,73,33,True,72,32,0.8424602150917053,89.1274642944336,-1999624.3935107193,2025-11-20 19:16:46
er_1024_1_6.txt,erdos_renyi_10ins_m20,51,SpecAnn,0.7581577339883167,1.0,-274294.0,-230613.99999999994,0.012725114822387695,0,True,73,33,True,73,32,0.8401615619659424,87.64964294433594,-1961103.1362103312,2025-11-20 19:16:46
er_1024_1_6.txt,erdos_renyi_10ins_m20,51,SpecAnn,0.7633329321824984,1.0,-272707.99999999994,-234342.00000000003,0.012581586837768555,0,True,73,33,True,74,32,0.8378244638442993,86.20651245117188,-1923448.6106534167,2025-11-20 19:16:46
er_1024_1_6.txt,erdos_renyi_10ins_m20,51,SpecAnn,0.7684732793678399,1.0,-275556.0,-234229.99999999997,0.012660503387451172,0,True,73,33,True,75,32,0.8354487419128418,84.79696655273438,-1886633.755141653,2025-11-20 19:16:46
er_1024_1_6.txt,erdos_renyi_10ins_m20,51,SpecAnn,0.7735794702875677,1.0,-275708.0,-234674.0,0.012652397155761719,0,True,73,33,True,76,32,0.8330341577529907,83.41992950439453,-1850632.1501780401,2025-11-20 19:16:46
er_1024_1_6.txt,erdos_renyi_10ins_m20,51,SpecAnn,0.7786521769046981,1.0,-275464.0,-234199.99999999994,0.024340152740478516,0,True,73,65,True,77,32,0.8305807113647461,82.07440948486328,-1815419.861696985,2025-11-20 19:16:46
er_1024_1_6.txt,erdos_renyi_10ins_m20,51,SpecAnn,0.7836920494342511,1.0,-273442.0,-235008.0,0.024117708206176758,0,True,73,65,True,78,32,0.8280882239341736,80.75940704345703,-1780972.4642584648,2025-11-20 19:16:46
er_1024_1_6.txt,erdos_renyi_10ins_m20,51,SpecAnn,0.788699717316095,1.0,-273848.0,-236411.99999999994,0.024074316024780273,0,True,73,65,True,79,32,0.8255568742752075,79.4739990234375,-1747268.064943221,2025-11-20 19:16:46
er_1024_1_6.txt,erdos_renyi_10ins_m20,51,SpecAnn,0.7936757901325451,1.0,-276395.99999999994,-239023.99999999994,0.02405714988708496,0,True,73,65,True,80,32,0.8229864239692688,78.21728515625,-1714284.441846395,2025-11-20 19:16:46
er_1024_1_6.txt,erdos_renyi_10ins_m20,51,SpecAnn,0.7986208584745024,1.0,-277496.0,-240765.99999999997,0.024463891983032227,0,True,73,65,True,81,32,0.8203768134117126,76.9883804321289,-1682000.1706982537,2025-11-20 19:16:46
er_1024_1_6.txt,erdos_renyi_10ins_m20,51,SpecAnn,0.803535494759617,1.0,-275315.99999999994,-240066.00000000003,0.02429056167602539,0,True,73,65,True,82,32,0.8177279829978943,75.78648376464844,-1650395.732879734,2025-11-20 19:16:46
er_1024_1_6.txt,erdos_renyi_10ins_m20,51,SpecAnn,0.8084202540056837,1.0,-274895.99999999994,-241082.00000000003,0.02407979965209961,0,True,73,65,True,83,32,0.8150395154953003,74.61080169677734,-1619451.1276081204,2025-11-20 19:16:46
er_1024_1_6.txt,erdos_renyi_10ins_m20,51,SpecAnn,0.8132756745622272,1.0,-275401.99999999994,-239947.99999999997,0.024387598037719727,0,True,73,65,True,84,32,0.8123112320899963,73.46054077148438,-1589146.9329104847,2025-11-20 19:16:46
er_1024_1_6.txt,erdos_renyi_10ins_m20,51,SpecAnn,0.8181022788030096,1.0,-275663.99999999994,-242035.99999999997,0.02452683448791504,0,True,73,65,True,85,32,0.8095426559448242,72.3349609375,-1559464.393435481,2025-11-20 19:16:46
er_1024_1_6.txt,erdos_renyi_10ins_m20,51,SpecAnn,0.822900573781978,1.0,-275734.00000000006,-242029.99999999994,0.024043798446655273,0,True,73,65,True,86,32,0.806732714176178,71.2333755493164,-1530384.8860820069,2025-11-20 19:16:46
er_1024_1_6.txt,erdos_renyi_10ins_m20,51,SpecAnn,0.8276710518549868,1.0,-275683.99999999994,-242771.99999999997,0.024138450622558594,0,True,73,65,True,87,32,0.8038808107376099,70.15509796142578,-1501890.8513555815,2025-11-20 19:16:46
er_1024_1_6.txt,erdos_renyi_10ins_m20,51,SpecAnn,0.8324141912694495,1.0,-277208.0,-243149.99999999997,0.024172067642211914,0,True,73,65,True,88,32,0.8009846210479736,69.09944152832031,-1473961.6689488105,2025-11-20 19:16:46
er_1024_1_6.txt,erdos_renyi_10ins_m20,51,SpecAnn,0.8371304567239225,1.0,-275272.0,-241874.0,0.0243227481842041,0,True,73,65,True,89,32,0.7980446219444275,68.0658187866211,-1446584.2188953727,2025-11-20 19:16:46
er_1024_1_6.txt,erdos_renyi_10ins_m20,51,SpecAnn,0.8418202998994706,1.0,-275830.0,-243560.0,0.0240933895111084,0,True,73,65,True,90,32,0.7950586080551147,67.05355834960938,-1419738.7899628677,2025-11-20 19:16:46
er_1024_1_6.txt,erdos_renyi_10ins_m20,51,SpecAnn,0.846484159964536,1.0,-277431.99999999994,-245095.99999999997,0.02414679527282715,0,True,73,65,True,91,32,0.7920268177986145,66.06211853027344,-1393413.0011957053,2025-11-20 19:16:46
er_1024_1_6.txt,erdos_renyi_10ins_m20,51,SpecAnn,0.8511224640549078,1.0,-278943.99999999994,-245378.0,0.024053573608398438,0,True,73,65,True,92,32,0.7889497876167297,65.0909194946289,-1367594.1826347755,2025-11-20 19:16:46
er_1024_1_6.txt,erdos_renyi_10ins_m20,51,SpecAnn,0.8557356277302758,1.0,-278042.0,-246019.99999999997,0.024132251739501953,0,True,73,65,True,93,32,0.7858286499977112,64.13939666748047,-1342270.9880039862,2025-11-20 19:16:46
er_1024_1_6.txt,erdos_renyi_10ins_m20,51,SpecAnn,0.8603240554087516,1.0,-277439.99999999994,-243305.99999999997,0.024142026901245117,0,True,73,65,True,94,32,0.7826651334762573,63.2070198059082,-1317433.7216229176,2025-11-20 19:16:46
er_1024_1_6.txt,erdos_renyi_10ins_m20,51,SpecAnn,0.86488814078064,1.0,-275775.99999999994,-241867.99999999997,0.02404642105102539,0,True,73,65,True,95,32,0.7794615626335144,62.293312072753906,-1293074.659551367,2025-11-20 19:16:46
er_1024_1_6.txt,erdos_renyi_10ins_m20,51,SpecAnn,0.8694282672026621,1.0,-277355.99999999994,-240510.0,0.023998498916625977,0,True,73,65,True,96,32,0.7762184739112854,61.397735595703125,-1269181.7059991574,2025-11-20 19:16:46
er_1024_1_6.txt,erdos_renyi_10ins_m20,51,SpecAnn,0.8739448080737451,1.0,-279100.0,-240466.00000000003,0.02417159080505371,0,True,73,65,True,97,32,0.7729379534721375,60.51984405517578,-1245747.1658817108,2025-11-20 19:16:46
er_1024_1_6.txt,erdos_renyi_10ins_m20,51,SpecAnn,0.878438127193422,1.0,-280772.0,-239044.0,0.02420210838317871,0,True,73,65,True,98,32,0.7696211934089661,59.6591682434082,-1222761.3067180973,2025-11-20 19:16:46
er_1024_1_6.txt,erdos_renyi_10ins_m20,51,SpecAnn,0.8829085791038153,1.0,-275589.99999999994,-238642.00000000003,0.024172544479370117,0,True,73,65,True,99,32,0.7662684917449951,58.815250396728516,-1200213.1839382094,2025-11-20 19:16:47
er_1024_1_6.txt,erdos_renyi_10ins_m20,51,SpecAnn,0.8873565094161138,1.0,-275851.99999999994,-239618.00000000003,0.0245516300201416,0,True,73,65,True,100,32,0.7628804445266724,57.9876708984375,-1178093.1275096799,2025-11-20 19:16:47
er_1024_1_6.txt,erdos_renyi_10ins_m20,51,SpecAnn,0.8917822551223932,1.0,-275772.0,-239717.99999999997,0.024079084396362305,0,True,73,65,True,101,32,0.7594577074050903,57.17601013183594,-1156391.5634584015,2025-11-20 19:16:47
er_1024_1_6.txt,erdos_renyi_10ins_m20,51,SpecAnn,0.8961861448935777,1.0,-274826.0,-239884.0,0.024057388305664062,0,True,73,65,True,102,32,0.7559998631477356,56.37986755371094,-1135097.6976569535,2025-11-20 19:16:47
er_1024_1_6.txt,erdos_renyi_10ins_m20,51,SpecAnn,0.9005684993642872,1.0,-274958.00000000006,-239094.0,0.023973941802978516,0,True,73,65,True,103,32,0.7525075078010559,55.59886169433594,-1114202.7140011524,2025-11-20 19:16:47
er_1024_1_6.txt,erdos_renyi_10ins_m20,51,SpecAnn,0.9049296314052687,1.0,-273678.00000000006,-238983.99999999997,0.024062156677246094,0,True,73,65,True,104,32,0.7489805817604065,54.83259201049805,-1093696.4661944392,2025-11-20 19:16:47
er_1024_1_6.txt,erdos_renyi_10ins_m20,51,SpecAnn,0.9092698463840683,1.0,-277500.0,-237711.99999999994,0.02414107322692871,0,True,73,65,True,105,32,0.7454186677932739,54.08070755004883,-1073569.3505805498,2025-11-20 19:16:47
er_1024_1_6.txt,erdos_renyi_10ins_m20,51,SpecAnn,0.9135894424145555,1.0,-276041.99999999994,-237822.00000000003,0.02405095100402832,0,True,73,65,True,106,32,0.7418220639228821,53.34286117553711,-1053812.9407687362,2025-11-20 19:16:47
er_1024_1_6.txt,erdos_renyi_10ins_m20,51,SpecAnn,0.9178887105958816,1.0,-274362.0,-237275.99999999997,0.02402782440185547,0,True,73,65,True,107,32,0.7381904721260071,52.618690490722656,-1034417.706056824,2025-11-20 19:16:47
er_1024_1_6.txt,erdos_renyi_10ins_m20,51,SpecAnn,0.9221679352414079,1.0,-275722.0,-237984.0,0.024118423461914062,0,True,73,65,True,108,32,0.7345237731933594,51.907867431640625,-1015375.1207806027,2025-11-20 19:16:47
er_1024_1_6.txt,erdos_renyi_10ins_m20,51,SpecAnn,0.9264273940981199,1.0,-276108.0,-237997.99999999997,0.024055957794189453,0,True,73,65,True,109,32,0.730821967124939,51.210105895996094,-996677.700294004,2025-11-20 19:16:47
er_1024_1_6.txt,erdos_renyi_10ins_m20,51,SpecAnn,0.9306673585570006,1.0,-276963.99999999994,-238787.99999999997,0.024083375930786133,0,True,73,65,True,110,32,0.7270846962928772,50.52503967285156,-978315.9666210719,2025-11-20 19:16:47
er_1024_1_6.txt,erdos_renyi_10ins_m20,51,SpecAnn,0.9348880938548185,1.0,-278634.0,-237660.0,0.0241396427154541,0,True,73,65,True,111,32,0.7233117818832397,49.852394104003906,-960282.5422239605,2025-11-20 19:16:47
er_1024_1_6.txt,erdos_renyi_10ins_m20,51,SpecAnn,0.9390898592677527,1.0,-275838.0,-236550.0,0.012627363204956055,0,True,73,33,True,112,32,0.7195031046867371,49.19187927246094,-942569.8873325463,2025-11-20 19:16:47
er_1024_1_6.txt,erdos_renyi_10ins_m20,51,SpecAnn,0.9432729082972536,1.0,-277134.0,-236592.0,0.012604236602783203,0,True,73,33,True,113,32,0.7156582474708557,48.54319763183594,-925169.9877179661,2025-11-20 19:16:47
er_1024_1_6.txt,erdos_renyi_10ins_m20,51,SpecAnn,0.9474374888485205,1.0,-276296.00000000006,-236227.99999999997,0.012687206268310547,0,True,73,33,True,114,32,0.7117772102355957,47.90608215332031,-908076.0219064025,2025-11-20 19:16:47
er_1024_1_6.txt,erdos_renyi_10ins_m20,51,SpecAnn,0.9515838434019475,1.0,-277379.99999999994,-236110.0,0.012616395950317383,0,True,73,33,True,115,32,0.7078595757484436,47.28025436401367,-891280.4703620103,2025-11-20 19:16:47
er_1024_1_6.txt,erdos_renyi_10ins_m20,51,SpecAnn,0.9557122091778746,1.0,-278698.0,-235759.99999999997,0.012720346450805664,0,True,73,33,True,116,32,0.7039052844047546,46.66547393798828,-874777.0508166116,2025-11-20 19:16:47
er_1024_1_6.txt,erdos_renyi_10ins_m20,51,SpecAnn,0.9598228182949627,1.0,-278221.99999999994,-235339.99999999997,0.01268911361694336,0,True,73,33,True,117,32,0.6999139189720154,46.061466217041016,-858558.4423742034,2025-11-20 19:16:47
er_1024_1_6.txt,erdos_renyi_10ins_m20,51,SpecAnn,0.9639158979224881,1.0,-275480.0,-235623.99999999997,0.012853384017944336,0,True,73,33,True,118,32,0.6958854794502258,45.46800231933594,-842618.7571910955,2025-11-20 19:16:47
er_1024_1_6.txt,erdos_renyi_10ins_m20,51,SpecAnn,0.9679916704268421,1.0,-275480.0,-235623.99999999997,0.02467036247253418,0,True,73,65,True,119,32,0.6918193697929382,44.884830474853516,-826951.008570306,2025-11-20 19:16:47
er_1024_1_6.txt,erdos_renyi_10ins_m20,51,SpecAnn,0.9720503535125017,1.0,-275154.0,-235295.99999999997,0.02452826499938965,0,True,73,65,True,120,32,0.6877155900001526,44.31172561645508,-811549.486198438,2025-11-20 19:16:47
er_1024_1_6.txt,erdos_renyi_10ins_m20,51,SpecAnn,0.9760921603577252,1.0,-278315.99999999994,-235481.99999999997,0.012756586074829102,0,True,73,33,True,121,32,0.6835737228393555,43.74846649169922,-796408.1004446362,2025-11-20 19:16:47
er_1024_1_6.txt,erdos_renyi_10ins_m20,51,SpecAnn,0.9801172997452103,1.0,-275638.0,-235883.99999999997,0.012677907943725586,0,True,73,33,True,122,32,0.6793937683105469,43.194828033447266,-781521.2351185806,2025-11-20 19:16:47
er_1024_1_6.txt,erdos_renyi_10ins_m20,51,SpecAnn,0.9841259761879442,1.0,-275646.0,-235158.0,0.012685775756835938,0,True,73,33,True,123,32,0.6751753091812134,42.65060806274414,-766883.2528771502,2025-11-20 19:16:47
er_1024_1_6.txt,erdos_renyi_10ins_m20,51,SpecAnn,0.9881183900504562,1.0,-274394.0,-234751.99999999997,0.012702703475952148,0,True,73,33,True,124,32,0.6709177494049072,42.11558532714844,-752488.0319255157,2025-11-20 19:16:47
er_1024_1_6.txt,erdos_renyi_10ins_m20,51,SpecAnn,0.9920947376656813,1.0,-273052.0,-235039.99999999994,0.012605667114257812,0,True,73,33,True,125,32,0.6666214466094971,41.58957290649414,-738331.1929165327,2025-11-20 19:16:47
er_1024_1_6.txt,erdos_renyi_10ins_m20,51,SpecAnn,0.9960552114476228,1.0,-273052.0,-235039.99999999994,0.0242154598236084,0,True,73,65,True,126,32,0.6622857451438904,41.07236862182617,-724406.9882222997,2025-11-20 19:16:47
er_1024_1_6.txt,erdos_renyi_10ins_m20,51,SpecAnn,1.0,1.0,-277389.99999999994,-235303.99999999997,0.02424907684326172,0,True,73,65,True,127,32,0.6579103469848633,40.563777923583984,-710710.2641574776,2025-11-20 19:16:47
