instance_name,dataset,seed,solver_name,alpha,beta,energy,raw_energy,time,mode,use_local_search,local_search_iterations,eigsh_iterations,warm_start,alpha_index,precision,lambda1,degree_scale,energy_bound,timestamp
er_32768_1_2.txt,erdos_renyi_10ins_m20,42,SpecAnn,0.0,1.0,-8607087.999999998,-1818830.0,0.014491319656372,0,True,68,33,True,0,32,0.9936298727989196,32769.0,-26914113324.08092,2025-11-20 20:22:07
er_32768_1_2.txt,erdos_renyi_10ins_m20,42,SpecAnn,0.0887356509416113,1.0,-8585798.0,-1883120.0,0.0125775337219238,0,True,68,33,True,1,32,0.991424322128296,18081.572265625,-14817946042.109554,2025-11-20 20:22:07
er_32768_1_2.txt,erdos_renyi_10ins_m20,42,SpecAnn,0.1254911610276317,1.0,-8586806.0,-1910852.0,0.0124778747558593,0,True,68,33,True,2,32,0.990299105644226,14135.4921875,-11570964742.91798,2025-11-20 20:22:07
er_32768_1_2.txt,erdos_renyi_10ins_m20,42,SpecAnn,0.1536946558735679,1.0,-8586595.999999998,-1949152.0,0.0123834609985351,0,True,68,33,True,3,32,0.989335834980011,11702.505859375,-9570064301.936926,2025-11-20 20:22:07
er_32768_1_2.txt,erdos_renyi_10ins_m20,42,SpecAnn,0.1774713018832227,1.0,-8575558.0,-1974968.0,0.0124032497406005,0,True,68,33,True,4,32,0.988449215888977,9980.048828125,-8154160882.595713,2025-11-20 20:22:07
er_32768_1_2.txt,erdos_renyi_10ins_m20,42,SpecAnn,0.1984189475331362,1.0,-8630438.0,-2002126.0,0.0123751163482666,0,True,68,33,True,5,32,0.9876067042350768,8674.037109375,-7081048251.952135,2025-11-20 20:22:07
er_32768_1_2.txt,erdos_renyi_10ins_m20,42,SpecAnn,0.2173570668006655,1.0,-8594386.0,-2028118.0,0.0126047134399414,0,True,68,33,True,6,32,0.9867916107177734,7641.16357421875,-6232713928.069263,2025-11-20 20:22:07
er_32768_1_2.txt,erdos_renyi_10ins_m20,42,SpecAnn,0.2347724648169381,1.0,-8608398.0,-2060678.0,0.0125844478607177,0,True,68,33,True,7,32,0.9859942197799684,6800.3359375,-5542388756.254556,2025-11-20 20:22:07
er_32768_1_2.txt,erdos_renyi_10ins_m20,42,SpecAnn,0.2509823220552634,1.0,-8576622.0,-2087216.0000000007,0.0125622749328613,0,True,68,33,True,8,32,0.9852083325386048,6101.134765625,-4968564624.215243,2025-11-20 20:22:07
er_32768_1_2.txt,erdos_renyi_10ins_m20,42,SpecAnn,0.2662069528248341,1.0,-8583158.000000002,-2110588.0,0.0126237869262695,0,True,68,33,True,9,32,0.9844294786453248,5510.09326171875,-4483692376.8494,2025-11-20 20:22:07
er_32768_1_2.txt,erdos_renyi_10ins_m20,42,SpecAnn,0.2806067666331568,1.0,-8586594.0,-2138006.0,0.0125784873962402,0,True,68,33,True,10,32,0.9836544990539552,5003.89892578125,-4068584684.8633857,2025-11-20 20:22:07
er_32768_1_2.txt,erdos_renyi_10ins_m20,42,SpecAnn,0.2943028597012718,1.0,-8602596.0,-2162441.9999999995,0.0124776363372802,0,True,68,33,True,11,32,0.9828810691833496,4565.6953125,-3709369911.0817738,2025-11-20 20:22:07
er_32768_1_2.txt,erdos_renyi_10ins_m20,42,SpecAnn,0.3073893117471359,1.0,-8592088.000000002,-2182348.0,0.0124878883361816,0,True,68,33,True,12,32,0.9821073412895204,4182.92529296875,-3395715633.7208714,2025-11-20 20:22:07
er_32768_1_2.txt,erdos_renyi_10ins_m20,42,SpecAnn,0.3199409394316542,1.0,-8598206.000000002,-2199420.0,0.0123598575592041,0,True,68,33,True,13,32,0.9813316464424132,3846.01171875,-3119741830.60459,2025-11-20 20:22:07
er_32768_1_2.txt,erdos_renyi_10ins_m20,42,SpecAnn,0.3320184038158743,1.0,-8598570.0,-2228837.9999999995,0.0125665664672851,0,True,68,33,True,14,32,0.980552852153778,3547.4931640625,-2875310981.751238,2025-11-20 20:22:07
er_32768_1_2.txt,erdos_renyi_10ins_m20,42,SpecAnn,0.3436716983117353,1.0,-8559043.999999998,-2257188.0,0.0123927593231201,0,True,68,33,True,15,32,0.9797698855400084,3281.464111328125,-2657565603.3951874,2025-11-20 20:22:07
er_32768_1_2.txt,erdos_renyi_10ins_m20,42,SpecAnn,0.3549426037664455,1.0,-8569719.999999998,-2273813.999999999,0.0125560760498046,0,True,68,33,True,16,32,0.978981912136078,3043.177734375,-2462602035.0649543,2025-11-20 20:22:07
er_32768_1_2.txt,erdos_renyi_10ins_m20,42,SpecAnn,0.3658664615902029,1.0,-8579312.0,-2293466.0,0.0124328136444091,0,True,68,33,True,17,32,0.9781882762908936,2828.769287109375,-2287242594.1213183,2025-11-20 20:22:07
er_32768_1_2.txt,erdos_renyi_10ins_m20,42,SpecAnn,0.3764734830828951,1.0,-8567710.0,-2324840.0,0.0123701095581054,0,True,68,33,True,18,32,0.9773879647254944,2635.0595703125,-2128872604.0090013,2025-11-20 20:22:08
er_32768_1_2.txt,erdos_renyi_10ins_m20,42,SpecAnn,0.3867897351437838,1.0,-8574615.999999998,-2346920.0,0.0123493671417236,0,True,68,33,True,19,32,0.9765806198120116,2459.40625,-1985320478.712603,2025-11-20 20:22:08
er_32768_1_2.txt,erdos_renyi_10ins_m20,42,SpecAnn,0.3968378950662725,1.0,-8583336.0,-2366066.0000000005,0.0124516487121582,0,True,68,33,True,20,32,0.9757657647132874,2299.592529296875,-1854764240.553249,2025-11-20 20:22:08
er_32768_1_2.txt,erdos_renyi_10ins_m20,42,SpecAnn,0.4066378372811136,1.0,-8573690.0,-2385980.0,0.012660264968872,0,True,68,33,True,21,32,0.9749427437782288,2153.746337890625,-1735665023.6602738,2025-11-20 20:22:08
er_32768_1_2.txt,erdos_renyi_10ins_m20,42,SpecAnn,0.4162070956347247,1.0,-8586970.0,-2421898.0,0.0124702453613281,0,True,68,33,True,22,32,0.9741111397743224,2020.273681640625,-1626713102.3414826,2025-11-20 20:22:08
er_32768_1_2.txt,erdos_renyi_10ins_m20,42,SpecAnn,0.4255612320274539,1.0,-8588582.0,-2448154.0,0.0123920440673828,0,True,68,33,True,23,32,0.9732704162597656,1897.8096923828125,-1526786922.9166548,2025-11-20 20:22:08
er_32768_1_2.txt,erdos_renyi_10ins_m20,42,SpecAnn,0.434714133601331,1.0,-8590428.0,-2469984.0,0.0123429298400878,0,True,68,33,True,24,32,0.9724202752113342,1785.1771240234375,-1434919597.1849842,2025-11-20 20:22:08
er_32768_1_2.txt,erdos_renyi_10ins_m20,42,SpecAnn,0.4436782547080569,1.0,-8578550.0,-2508212.0,0.0123977661132812,0,True,68,33,True,25,32,0.9715603590011596,1681.357666015625,-1350274741.0123012,2025-11-20 20:22:08
er_32768_1_2.txt,erdos_renyi_10ins_m20,42,SpecAnn,0.4524648157026343,1.0,-8596702.0,-2530285.9999999995,0.0124590396881103,0,True,68,33,True,26,32,0.970690131187439,1585.463623046875,-1272123117.3690774,2025-11-20 20:22:08
er_32768_1_2.txt,erdos_renyi_10ins_m20,42,SpecAnn,0.4610839676207039,1.0,-8574877.999999998,-2556130.0,0.0124208927154541,0,True,68,33,True,27,32,0.9698094725608826,1496.719482421875,-1199828246.9253232,2025-11-20 20:22:08
er_32768_1_2.txt,erdos_renyi_10ins_m20,42,SpecAnn,0.4695449296338763,1.0,-8603692.0,-2590540.0,0.0123937129974365,0,True,68,33,True,28,32,0.9689179062843324,1414.44384765625,-1132830521.5024312,2025-11-20 20:22:08
er_32768_1_2.txt,erdos_renyi_10ins_m20,42,SpecAnn,0.4778561045889373,1.0,-8597880.0,-2616506.0,0.0123448371887207,0,True,68,33,True,29,32,0.9680150151252748,1338.03515625,-1070636060.2292744,2025-11-20 20:22:08
er_32768_1_2.txt,erdos_renyi_10ins_m20,42,SpecAnn,0.4860251767562508,1.0,-8580476.0,-2652772.0,0.0124979019165039,0,True,68,33,True,30,32,0.9671004414558412,1266.962158203125,-1012808817.3495568,2025-11-20 20:22:08
er_32768_1_2.txt,erdos_renyi_10ins_m20,42,SpecAnn,0.4940591950252281,1.0,-8587326.0,-2681506.0000000005,0.0124540328979492,0,True,68,33,True,31,32,0.9661740064620972,1200.7528076171875,-958961581.522085,2025-11-20 20:22:08
er_32768_1_2.txt,erdos_renyi_10ins_m20,42,SpecAnn,0.5019646441105269,1.0,-8582114.0,-2709382.0000000005,0.0123558044433593,0,True,68,33,True,32,32,0.9652352929115297,1138.986572265625,-908749208.8251642,2025-11-20 20:22:08
er_32768_1_2.txt,erdos_renyi_10ins_m20,42,SpecAnn,0.5097475058154177,1.0,-8565370.0,-2741180.0,0.0124974250793457,0,True,68,33,True,33,32,0.9642838835716248,1081.2869873046875,-861862794.8621472,2025-11-20 20:22:08
er_32768_1_2.txt,erdos_renyi_10ins_m20,42,SpecAnn,0.51741331199832,1.0,-8598288.0,-2770002.0,0.0126686096191406,0,True,68,33,True,34,32,0.9633195996284484,1027.3179931640625,-818026814.3186105,2025-11-20 20:22:08
er_32768_1_2.txt,erdos_renyi_10ins_m20,42,SpecAnn,0.5249671905758515,1.0,-8578974.000000002,-2799014.0000000005,0.0126166343688964,0,True,68,33,True,35,32,0.9623419642448424,976.77685546875,-776992869.5317823,2025-11-20 20:22:08
er_32768_1_2.txt,erdos_renyi_10ins_m20,42,SpecAnn,0.5324139056496683,1.0,-8572609.999999998,-2831154.0,0.0125222206115722,0,True,68,33,True,36,32,0.9613506197929382,929.3912963867188,-738537684.1322215,2025-11-20 20:22:08
er_32768_1_2.txt,erdos_renyi_10ins_m20,42,SpecAnn,0.5397578926492556,1.0,-8588284.000000002,-2861902.0,0.0124874114990234,0,True,68,33,True,37,32,0.9603452682495116,884.9150390625,-702459395.1264485,2025-11-20 20:22:08
er_32768_1_2.txt,erdos_renyi_10ins_m20,42,SpecAnn,0.5470032892270364,1.0,-8571060.0,-2896882.0,0.0125644207000732,0,True,68,33,True,38,32,0.959325671195984,843.1260986328125,-668576100.1625589,2025-11-20 20:22:08
er_32768_1_2.txt,erdos_renyi_10ins_m20,42,SpecAnn,0.554153962516942,1.0,-8586482.000000002,-2937919.9999999995,0.01249361038208,0,True,68,33,True,39,32,0.958291232585907,803.8219604492188,-636721669.3246542,2025-11-20 20:22:08
er_32768_1_2.txt,erdos_renyi_10ins_m20,42,SpecAnn,0.5612135332663137,1.0,-8582396.0,-2967958.0,0.0124824047088623,0,True,68,33,True,40,32,0.957241714000702,766.8197631835938,-606746334.9544839,2025-11-20 20:22:08
er_32768_1_2.txt,erdos_renyi_10ins_m20,42,SpecAnn,0.5681853972686127,1.0,-8606366.0,-3002521.9999999995,0.0124733448028564,0,True,68,33,True,41,32,0.9561766982078552,731.9527587890625,-578513444.6364176,2025-11-20 20:22:08
er_32768_1_2.txt,erdos_renyi_10ins_m20,42,SpecAnn,0.5750727444570146,1.0,-8578516.0,-3040167.9999999995,0.0125212669372558,0,True,68,33,True,42,32,0.9550958275794984,699.068359375,-551898027.9898555,2025-11-20 20:22:08
er_32768_1_2.txt,erdos_renyi_10ins_m20,42,SpecAnn,0.5818785759635375,1.0,-8609562.000000002,-3081380.0000000005,0.0125348567962646,0,True,68,33,True,43,32,0.9539987444877625,668.0276489257812,-526786321.4217465,2025-11-20 20:22:08
er_32768_1_2.txt,erdos_renyi_10ins_m20,42,SpecAnn,0.5886057194025436,1.0,-8609616.0,-3121793.9999999995,0.0124347209930419,0,True,68,33,True,44,32,0.9528848528862,638.7036743164062,-503074247.83400464,2025-11-20 20:22:08
er_32768_1_2.txt,erdos_renyi_10ins_m20,42,SpecAnn,0.5952568425994088,1.0,-8599500.000000002,-3149982.0,0.0124905109405517,0,True,68,33,True,45,32,0.9517539143562316,610.979248046875,-480665974.0223332,2025-11-20 20:22:08
er_32768_1_2.txt,erdos_renyi_10ins_m20,42,SpecAnn,0.6018344659534288,1.0,-8595526.0,-3186974.0,0.0125882625579833,0,True,68,33,True,46,32,0.95060533285141,584.747802734375,-459474161.0344299,2025-11-20 20:22:08
er_32768_1_2.txt,erdos_renyi_10ins_m20,42,SpecAnn,0.6083409735974393,1.0,-8620526.000000002,-3217966.0,0.0124845504760742,0,True,68,33,True,47,32,0.9494388699531556,559.9107666015625,-439418234.6179076,2025-11-20 20:22:08
er_32768_1_2.txt,erdos_renyi_10ins_m20,42,SpecAnn,0.6147786234942719,1.0,-8616724.0,-3260511.9999999995,0.0124955177307128,0,True,68,33,True,48,32,0.948253870010376,536.3773803710938,-420423832.897603,2025-11-20 20:22:08
er_32768_1_2.txt,erdos_renyi_10ins_m20,42,SpecAnn,0.6211495565912796,1.0,-8603118.0,-3315345.9999999995,0.0126290321350097,0,True,68,33,True,49,32,0.9470498561859132,514.064453125,-402422880.1801604,2025-11-20 20:22:08
er_32768_1_2.txt,erdos_renyi_10ins_m20,42,SpecAnn,0.6274558051381586,1.0,-8602716.0,-3357146.0,0.012641429901123,0,True,68,33,True,50,32,0.9458264112472534,492.8943481445313,-385351917.0873497,2025-11-20 20:22:08
er_32768_1_2.txt,erdos_renyi_10ins_m20,42,SpecAnn,0.6336993002596786,1.0,-8618020.000000002,-3408568.0,0.0125491619110107,0,True,68,33,True,51,32,0.9445829391479492,472.7964172363281,-369153102.3791438,2025-11-20 20:22:08
er_32768_1_2.txt,erdos_renyi_10ins_m20,42,SpecAnn,0.6398818788633085,1.0,-8590224.000000002,-3447700.0000000005,0.0125482082366943,0,True,68,33,True,52,32,0.9433189034461976,453.7044067382813,-353772266.1306412,2025-11-20 20:22:08
er_32768_1_2.txt,erdos_renyi_10ins_m20,42,SpecAnn,0.6460052899517691,1.0,-8597420.0,-3494004.0000000005,0.0124533176422119,0,True,68,33,True,53,32,0.94203382730484,435.5571899414063,-339159458.9997825,2025-11-20 20:22:08
er_32768_1_2.txt,erdos_renyi_10ins_m20,42,SpecAnn,0.6520712004019966,1.0,-8602830.0,-3538874.0000000005,0.0125620365142822,0,True,68,33,True,54,32,0.9407269358634948,418.2982177734375,-325268376.57830155,2025-11-20 20:22:08
er_32768_1_2.txt,erdos_renyi_10ins_m20,42,SpecAnn,0.6580812002646271,1.0,-8602107.999999998,-3583040.0000000005,0.0124940872192382,0,True,68,33,True,55,32,0.9393978118896484,401.8749694824219,-312056152.8870043,2025-11-20 20:22:08
er_32768_1_2.txt,erdos_renyi_10ins_m20,42,SpecAnn,0.6640368076317485,1.0,-8608740.0,-3620548.000000001,0.0124979019165039,0,True,68,33,True,56,32,0.9380455017089844,386.23834228515625,-299482560.9121754,2025-11-20 20:22:08
er_32768_1_2.txt,erdos_renyi_10ins_m20,42,SpecAnn,0.6699394731151429,1.0,-8591142.0,-3665436.000000001,0.0125691890716552,0,True,68,33,True,57,32,0.9366697072982788,371.3431396484375,-287510777.122079,2025-11-20 20:22:08
er_32768_1_2.txt,erdos_renyi_10ins_m20,42,SpecAnn,0.6757905839724513,1.0,-8589956.000000002,-3714786.000000001,0.0124537944793701,0,True,68,33,True,58,32,0.93526953458786,357.1467590332031,-276105939.96001315,2025-11-20 20:22:08
er_32768_1_2.txt,erdos_renyi_10ins_m20,42,SpecAnn,0.6815914679145113,1.0,-8591190.0,-3757554.0,0.0125064849853515,0,True,68,33,True,59,32,0.933844268321991,343.61004638671875,-265236054.65991047,2025-11-20 20:22:08
er_32768_1_2.txt,erdos_renyi_10ins_m20,42,SpecAnn,0.6873433966234707,1.0,-8618763.999999998,-3807764.000000001,0.0124237537384033,0,True,68,33,True,60,32,0.932393193244934,330.69586181640625,-254870812.4198281,2025-11-20 20:22:08
er_32768_1_2.txt,erdos_renyi_10ins_m20,42,SpecAnn,0.6930475890080863,1.0,-8602760.0,-3845238.000000001,0.0125641822814941,0,True,68,33,True,61,32,0.930915355682373,318.3700561523437,-244982271.26593715,2025-11-20 20:22:08
er_32768_1_2.txt,erdos_renyi_10ins_m20,42,SpecAnn,0.6987052142198116,1.0,-8647058.000000002,-3895506.0,0.0126986503601074,0,True,68,33,True,62,32,0.929409921169281,306.6004638671875,-235544170.4620933,2025-11-20 20:22:08
er_32768_1_2.txt,erdos_renyi_10ins_m20,42,SpecAnn,0.7043173944508145,1.0,-8608830.0,-3935200.0,0.0124714374542236,0,True,68,33,True,63,32,0.9278762340545654,295.3568725585937,-226531906.72318003,2025-11-20 20:22:08
er_32768_1_2.txt,erdos_renyi_10ins_m20,42,SpecAnn,0.709885207532891,1.0,-8592802.0,-3993162.0,0.012505292892456,0,True,68,33,True,64,32,0.9263131618499756,284.61138916015625,-217922643.5335646,2025-11-20 20:22:08
er_32768_1_2.txt,erdos_renyi_10ins_m20,42,SpecAnn,0.7154096893543218,1.0,-8616004.0,-4045450.000000001,0.0124378204345703,0,True,68,33,True,65,32,0.9247196912765504,274.33740234375,-209694662.5563752,2025-11-20 20:22:08
er_32768_1_2.txt,erdos_renyi_10ins_m20,42,SpecAnn,0.7208918361100219,1.0,-8602846.000000002,-4105450.0,0.0125222206115722,0,True,68,33,True,66,32,0.923094928264618,264.51043701171875,-201828004.55397305,2025-11-20 20:22:08
er_32768_1_2.txt,erdos_renyi_10ins_m20,42,SpecAnn,0.7263326063988248,1.0,-8638543.999999998,-4157132.000000001,0.0125634670257568,0,True,68,33,True,67,32,0.921437680721283,255.10720825195312,-194303644.54176813,2025-11-20 20:22:08
er_32768_1_2.txt,erdos_renyi_10ins_m20,42,SpecAnn,0.7317329231804058,1.0,-8614648.0,-4219156.0,0.0125782489776611,0,True,68,33,True,68,32,0.9197468757629396,246.10598754882807,-187103861.0623032,2025-11-20 20:22:08
er_32768_1_2.txt,erdos_renyi_10ins_m20,42,SpecAnn,0.7370936756031579,1.0,-8624344.0,-4283790.0,0.0124459266662597,0,True,68,33,True,69,32,0.9180211424827576,237.4862365722656,-180211863.3467893,2025-11-20 20:22:08
er_32768_1_2.txt,erdos_renyi_10ins_m20,42,SpecAnn,0.7424157207132704,1.0,-8599052.0,-4354358.0,0.01247239112854,0,True,68,33,True,70,32,0.9162594079971312,229.2288818359375,-173612116.43523294,2025-11-20 20:22:08
er_32768_1_2.txt,erdos_renyi_10ins_m20,42,SpecAnn,0.7476998850543153,1.0,-8610038.0,-4423346.0,0.0123724937438964,0,True,68,33,True,71,32,0.9144601225852966,221.3158264160156,-167289811.5368467,2025-11-20 20:22:08
er_32768_1_2.txt,erdos_renyi_10ins_m20,42,SpecAnn,0.7529469661657903,1.0,-8616988.0,-4475580.0,0.0124545097351074,0,True,68,33,True,72,32,0.912622094154358,213.7298889160156,-161230977.5772544,2025-11-20 20:22:08
er_32768_1_2.txt,erdos_renyi_10ins_m20,42,SpecAnn,0.7581577339883167,1.0,-8636160.0,-4536360.000000001,0.0125973224639892,0,True,68,33,True,73,32,0.910743534564972,206.4552001953125,-155422600.68861395,2025-11-20 20:22:08
er_32768_1_2.txt,erdos_renyi_10ins_m20,42,SpecAnn,0.7633329321824984,1.0,-8630634.0,-4597598.0,0.0124828815460205,0,True,68,33,True,74,32,0.9088230729103088,199.47659301757807,-149852342.0027318,2025-11-20 20:22:08
er_32768_1_2.txt,erdos_renyi_10ins_m20,42,SpecAnn,0.7684732793678399,1.0,-8617280.0,-4676734.0,0.0126080513000488,0,True,68,33,True,75,32,0.9068587422370912,192.77978515625,-144508497.14320704,2025-11-20 20:22:08
er_32768_1_2.txt,erdos_renyi_10ins_m20,42,SpecAnn,0.7735794702875677,1.0,-8604416.0,-4744682.0,0.0124435424804687,0,True,68,33,True,76,32,0.9048489332199096,186.35134887695312,-139380130.86106807,2025-11-20 20:22:08
er_32768_1_2.txt,erdos_renyi_10ins_m20,42,SpecAnn,0.7786521769046981,1.0,-8639401.999999998,-4838738.0,0.0125308036804199,0,True,68,33,True,77,32,0.9027916789054872,180.1786193847656,-134456886.62595317,2025-11-20 20:22:08
er_32768_1_2.txt,erdos_renyi_10ins_m20,42,SpecAnn,0.7836920494342511,1.0,-8632271.999999998,-4907726.000000001,0.0127520561218261,0,True,68,33,True,78,32,0.9006847739219666,174.24957275390625,-129728916.69517204,2025-11-20 20:22:08
er_32768_1_2.txt,erdos_renyi_10ins_m20,42,SpecAnn,0.788699717316095,1.0,-8599748.0,-5001994.0,0.0127284526824951,0,True,68,33,True,79,32,0.8985262513160706,168.55287170410156,-125186983.46055467,2025-11-20 20:22:08
er_32768_1_2.txt,erdos_renyi_10ins_m20,42,SpecAnn,0.7936757901325451,1.0,-8658242.0,-5066372.000000001,0.0126698017120361,0,True,68,33,True,80,32,0.8963136672973633,163.07785034179688,-120822340.76454704,2025-11-20 20:22:08
er_32768_1_2.txt,erdos_renyi_10ins_m20,42,SpecAnn,0.7986208584745024,1.0,-8646482.0,-5165616.000000001,0.0126445293426513,0,True,68,33,True,81,32,0.8940443992614746,157.81423950195312,-116626575.12560388,2025-11-20 20:22:08
er_32768_1_2.txt,erdos_renyi_10ins_m20,42,SpecAnn,0.803535494759617,1.0,-8642660.0,-5257820.0,0.0125174522399902,0,True,68,33,True,82,32,0.891715943813324,152.7525634765625,-112591936.21880507,2025-11-20 20:22:08
er_32768_1_2.txt,erdos_renyi_10ins_m20,42,SpecAnn,0.8084202540056837,1.0,-8634320.0,-5350161.999999999,0.0125398635864257,0,True,68,33,True,83,32,0.8893253803253174,147.88369750976562,-108710936.22422151,2025-11-20 20:22:08
er_32768_1_2.txt,erdos_renyi_10ins_m20,42,SpecAnn,0.8132756745622272,1.0,-8664588.0,-5443550.000000001,0.0124990940093994,0,True,68,33,True,84,32,0.8868695497512817,143.19894409179688,-104976432.09424552,2025-11-20 20:22:08
er_32768_1_2.txt,erdos_renyi_10ins_m20,42,SpecAnn,0.8181022788030096,1.0,-8655070.0,-5554882.0,0.0125033855438232,0,True,68,33,True,85,32,0.8843451738357544,138.69021606445312,-101381773.30577695,2025-11-20 20:22:08
er_32768_1_2.txt,erdos_renyi_10ins_m20,42,SpecAnn,0.822900573781978,1.0,-8674546.0,-5646502.0,0.0124905109405517,0,True,68,33,True,86,32,0.8817486763000488,134.34976196289062,-97920577.52019107,2025-11-20 20:22:08
er_32768_1_2.txt,erdos_renyi_10ins_m20,42,SpecAnn,0.8276710518549868,1.0,-8681890.0,-5747450.000000001,0.0125298500061035,0,True,68,33,True,87,32,0.8790764808654785,130.17022705078125,-94586808.47380456,2025-11-20 20:22:08
er_32768_1_2.txt,erdos_renyi_10ins_m20,42,SpecAnn,0.8324141912694495,1.0,-8689352.0,-5853104.0,0.0126130580902099,0,True,68,33,True,88,32,0.8763240575790405,126.14456176757812,-91374605.58464776,2025-11-20 20:22:08
er_32768_1_2.txt,erdos_renyi_10ins_m20,42,SpecAnn,0.8371304567239225,1.0,-8696232.000000002,-5950003.999999999,0.0126702785491943,0,True,68,33,True,89,32,0.8734871745109558,122.26626586914062,-88278598.50352238,2025-11-20 20:22:08
er_32768_1_2.txt,erdos_renyi_10ins_m20,42,SpecAnn,0.8418202998994706,1.0,-8701972.0,-6068712.000000001,0.0126101970672607,0,True,68,33,True,90,32,0.8705609440803528,118.52891540527344,-85293461.22055565,2025-11-20 20:22:08
er_32768_1_2.txt,erdos_renyi_10ins_m20,42,SpecAnn,0.846484159964536,1.0,-8702130.000000002,-6189590.0,0.0125112533569335,0,True,68,33,True,91,32,0.8675400614738464,114.92657470703124,-82414238.57306309,2025-11-20 20:22:08
er_32768_1_2.txt,erdos_renyi_10ins_m20,42,SpecAnn,0.8511224640549078,1.0,-8712434.0,-6300606.0,0.0125472545623779,0,True,68,33,True,92,32,0.8644191026687622,111.45362854003906,-79636252.77374183,2025-11-20 20:22:08
er_32768_1_2.txt,erdos_renyi_10ins_m20,42,SpecAnn,0.8557356277302758,1.0,-8729572.0,-6410696.0,0.0125679969787597,0,True,68,33,True,93,32,0.86119145154953,108.10455322265624,-76954840.96994117,2025-11-20 20:22:08
er_32768_1_2.txt,erdos_renyi_10ins_m20,42,SpecAnn,0.8603240554087516,1.0,-8727016.0,-6547700.0,0.0125775337219238,0,True,68,33,True,94,32,0.8578508496284485,104.87420654296876,-74365708.91420706,2025-11-20 20:22:08
er_32768_1_2.txt,erdos_renyi_10ins_m20,42,SpecAnn,0.86488814078064,1.0,-8744360.000000002,-6680248.0,0.0123805999755859,0,True,68,33,True,95,32,0.8543897271156311,101.7577896118164,-71864751.98241867,2025-11-20 20:22:08
er_32768_1_2.txt,erdos_renyi_10ins_m20,42,SpecAnn,0.8694282672026621,1.0,-8755602.0,-6809200.0,0.0124852657318115,0,True,68,33,True,96,32,0.850800096988678,98.7505340576172,-69447918.30251369,2025-11-20 20:22:08
er_32768_1_2.txt,erdos_renyi_10ins_m20,42,SpecAnn,0.8739448080737451,1.0,-8784216.0,-6923586.0,0.023730993270874,0,True,68,65,True,97,32,0.8470731377601624,95.8480224609375,-67111402.55013034,2025-11-20 20:22:09
er_32768_1_2.txt,erdos_renyi_10ins_m20,42,SpecAnn,0.878438127193422,1.0,-8797728.0,-7043180.000000001,0.0241708755493164,0,True,68,65,True,98,32,0.8431987166404724,93.04605102539062,-64851515.7802215,2025-11-20 20:22:09
er_32768_1_2.txt,erdos_renyi_10ins_m20,42,SpecAnn,0.8829085791038153,1.0,-8819102.000000002,-7181918.000000002,0.023759126663208,0,True,68,65,True,99,32,0.8391660451889038,90.34050750732422,-62664658.5184858,2025-11-20 20:22:09
er_32768_1_2.txt,erdos_renyi_10ins_m20,42,SpecAnn,0.8873565094161138,1.0,-8837944.0,-7350432.0,0.0238635540008544,0,True,68,65,True,100,32,0.8349613547325134,87.72758483886719,-60547302.178766094,2025-11-20 20:22:09
er_32768_1_2.txt,erdos_renyi_10ins_m20,42,SpecAnn,0.8917822551223932,1.0,-8847518.000000002,-7475889.999999999,0.023681640625,0,True,68,65,True,101,32,0.8305671215057373,85.20359802246094,-58495831.48754344,2025-11-20 20:22:09
er_32768_1_2.txt,erdos_renyi_10ins_m20,42,SpecAnn,0.8961861448935777,1.0,-8872388.000000002,-7614398.000000001,0.0351710319519043,0,True,68,97,True,102,32,0.8259568810462952,82.76504516601562,-56506262.22765944,2025-11-20 20:22:09
er_32768_1_2.txt,erdos_renyi_10ins_m20,42,SpecAnn,0.9005684993642872,1.0,-8900674.0,-7737466.000000001,0.0576612949371337,0,True,68,161,True,103,32,0.8210941553115845,80.40859985351562,-54574241.59763458,2025-11-20 20:22:09
er_32768_1_2.txt,erdos_renyi_10ins_m20,42,SpecAnn,0.9049296314052688,1.0,-8884551.999999998,-7772110.000000002,0.0580670833587646,0,True,68,161,True,104,32,0.8159641027450562,78.1310043334961,-52697099.08841676,2025-11-20 20:22:09
er_32768_1_2.txt,erdos_renyi_10ins_m20,42,SpecAnn,0.9092698463840684,1.0,-8860942.000000002,-7726077.999999999,0.0690748691558837,0,True,68,193,True,105,32,0.8106145262718201,75.92924499511719,-50876322.55580771,2025-11-20 20:22:09
er_32768_1_2.txt,erdos_renyi_10ins_m20,42,SpecAnn,0.9135894424145556,1.0,-8860836.0,-7700732.0,0.0809948444366455,0,True,68,225,True,106,32,0.8050970435142517,73.8004150390625,-49113319.059968166,2025-11-20 20:22:09
er_32768_1_2.txt,erdos_renyi_10ins_m20,42,SpecAnn,0.9178887105958816,1.0,-8862270.0,-7682168.000000001,0.0585355758666992,0,True,68,161,True,107,32,0.7994318604469299,71.7416763305664,-47407299.984292254,2025-11-20 20:22:09
er_32768_1_2.txt,erdos_renyi_10ins_m20,42,SpecAnn,0.922167935241408,1.0,-8866568.0,-7684788.000000002,0.0464920997619628,0,True,68,129,True,108,32,0.7936235070228577,69.75038146972656,-45756559.18002284,2025-11-20 20:22:09
er_32768_1_2.txt,erdos_renyi_10ins_m20,42,SpecAnn,0.92642739409812,1.0,-8842896.0,-7694764.0,0.0577681064605712,0,True,68,161,True,109,32,0.7876724004745483,67.82403564453125,-44159231.25176919,2025-11-20 20:22:09
er_32768_1_2.txt,erdos_renyi_10ins_m20,42,SpecAnn,0.9306673585570006,1.0,-8848102.0,-7692371.999999999,0.0352554321289062,0,True,68,97,True,110,32,0.7815759181976318,65.96012878417969,-42613275.02067763,2025-11-20 20:22:09
er_32768_1_2.txt,erdos_renyi_10ins_m20,42,SpecAnn,0.9348880938548184,1.0,-8860686.000000002,-7678810.000000001,0.0351815223693847,0,True,68,97,True,111,32,0.775331974029541,64.15634155273438,-41116821.41357138,2025-11-20 20:22:09
er_32768_1_2.txt,erdos_renyi_10ins_m20,42,SpecAnn,0.9390898592677528,1.0,-8851146.0,-7678706.000000001,0.0350165367126464,0,True,68,97,True,112,32,0.768937885761261,62.41045379638672,-39668049.65431764,2025-11-20 20:22:09
er_32768_1_2.txt,erdos_renyi_10ins_m20,42,SpecAnn,0.9432729082972536,1.0,-8835228.0,-7679454.0,0.0350780487060546,0,True,68,97,True,113,32,0.762390673160553,60.720314025878906,-38265186.301014766,2025-11-20 20:22:09
er_32768_1_2.txt,erdos_renyi_10ins_m20,42,SpecAnn,0.9474374888485204,1.0,-8853602.0,-7677090.000000001,0.0356514453887939,0,True,68,97,True,114,32,0.7556872963905334,59.08388519287109,-36906547.11855065,2025-11-20 20:22:09
er_32768_1_2.txt,erdos_renyi_10ins_m20,42,SpecAnn,0.9515838434019476,1.0,-8837264.000000002,-7676532.0,0.0242314338684082,0,True,68,65,True,115,32,0.7488245964050293,57.49917602539063,-35590490.29155442,2025-11-20 20:22:09
er_32768_1_2.txt,erdos_renyi_10ins_m20,42,SpecAnn,0.9557122091778746,1.0,-8850580.0,-7679910.000000001,0.0352458953857421,0,True,68,97,True,116,32,0.7418000102043152,55.96435928344727,-34315522.78070613,2025-11-20 20:22:09
er_32768_1_2.txt,erdos_renyi_10ins_m20,42,SpecAnn,0.9598228182949629,1.0,-8854946.0,-7673615.999999999,0.023820161819458,0,True,68,65,True,117,32,0.7346093058586121,54.477577209472656,-33080072.980310325,2025-11-20 20:22:09
er_32768_1_2.txt,erdos_renyi_10ins_m20,42,SpecAnn,0.963915897922488,1.0,-8836164.0,-7678944.000000001,0.0350298881530761,0,True,68,97,True,118,32,0.7272502779960632,53.037147521972656,-31882788.851330563,2025-11-20 20:22:09
er_32768_1_2.txt,erdos_renyi_10ins_m20,42,SpecAnn,0.967991670426842,1.0,-8843392.0,-7677981.999999999,0.023883581161499,0,True,68,65,True,119,32,0.7197183966636658,51.641380310058594,-30722227.035352103,2025-11-20 20:22:09
er_32768_1_2.txt,erdos_renyi_10ins_m20,42,SpecAnn,0.9720503535125016,1.0,-8837866.0,-7684078.000000001,0.0357451438903808,0,True,68,97,True,120,32,0.7120110988616943,50.28868103027344,-29597106.63042377,2025-11-20 20:22:09
er_32768_1_2.txt,erdos_renyi_10ins_m20,42,SpecAnn,0.9760921603577252,1.0,-8842272.000000002,-7676704.0,0.0240695476531982,0,True,68,65,True,121,32,0.7041247487068176,48.97755432128906,-28506175.38137777,2025-11-20 20:22:09
er_32768_1_2.txt,erdos_renyi_10ins_m20,42,SpecAnn,0.9801172997452104,1.0,-8847460.0,-7676441.999999999,0.035203218460083,0,True,68,97,True,122,32,0.6960555911064148,47.70651245117188,-27448198.37440621,2025-11-20 20:22:09
er_32768_1_2.txt,erdos_renyi_10ins_m20,42,SpecAnn,0.9841259761879442,1.0,-8844238.0,-7669704.000000001,0.0236701965332031,0,True,68,65,True,123,32,0.687800407409668,46.47417449951172,-26422040.96781428,2025-11-20 20:22:10
er_32768_1_2.txt,erdos_renyi_10ins_m20,42,SpecAnn,0.9881183900504562,1.0,-8850012.0,-7671704.000000001,0.0351696014404296,0,True,68,97,True,124,32,0.6793550848960876,45.27915954589844,-25426549.94367511,2025-11-20 20:22:10
er_32768_1_2.txt,erdos_renyi_10ins_m20,42,SpecAnn,0.9920947376656812,1.0,-8854974.0,-7676654.0,0.0238268375396728,0,True,68,65,True,125,32,0.6707159876823425,44.12020111083984,-24460672.36453853,2025-11-20 20:22:10
er_32768_1_2.txt,erdos_renyi_10ins_m20,42,SpecAnn,0.9960552114476228,1.0,-8853290.0,-7684280.0,0.035783052444458,0,True,68,97,True,126,32,0.6618794798851013,42.996055603027344,-23523383.09053509,2025-11-20 20:22:10
er_32768_1_2.txt,erdos_renyi_10ins_m20,42,SpecAnn,1.0,1.0,-8852466.0,-7683224.000000001,0.023829698562622,0,True,68,65,True,127,32,0.6528415679931641,41.905494689941406,-22613668.402535506,2025-11-20 20:22:10
er_32768_1_2.txt,erdos_renyi_10ins_m20,43,SpecAnn,0.0,1.0,-8607686.000000002,-1818830.0,0.0135154724121093,0,True,75,33,True,0,32,0.9936299324035645,32769.0,-26914114938.571594,2025-11-20 20:22:10
er_32768_1_2.txt,erdos_renyi_10ins_m20,43,SpecAnn,0.0887356509416113,1.0,-8596398.0,-1883120.0,0.0125718116760253,0,True,75,33,True,1,32,0.991424322128296,18081.572265625,-14817946042.109554,2025-11-20 20:22:10
er_32768_1_2.txt,erdos_renyi_10ins_m20,43,SpecAnn,0.1254911610276317,1.0,-8569376.000000002,-1910852.0,0.0126051902770996,0,True,75,33,True,2,32,0.9902990460395812,14135.4921875,-11570964046.478651,2025-11-20 20:22:10
er_32768_1_2.txt,erdos_renyi_10ins_m20,43,SpecAnn,0.1536946558735679,1.0,-8598258.000000002,-1949151.9999999995,0.0125699043273925,0,True,75,33,True,3,32,0.9893357753753662,11702.505859375,-9570063725.368015,2025-11-20 20:22:10
er_32768_1_2.txt,erdos_renyi_10ins_m20,43,SpecAnn,0.1774713018832227,1.0,-8581770.0,-1974968.0,0.0124437808990478,0,True,75,33,True,4,32,0.988449215888977,9980.048828125,-8154160882.595713,2025-11-20 20:22:10
er_32768_1_2.txt,erdos_renyi_10ins_m20,43,SpecAnn,0.1984189475331362,1.0,-8582836.0,-2002126.0000000005,0.012322187423706,0,True,75,33,True,5,32,0.987606644630432,8674.037109375,-7081047824.592373,2025-11-20 20:22:10
er_32768_1_2.txt,erdos_renyi_10ins_m20,43,SpecAnn,0.2173570668006655,1.0,-8608430.000000002,-2028118.0000000005,0.0123393535614013,0,True,75,33,True,6,32,0.9867915511131288,7641.16357421875,-6232713551.597984,2025-11-20 20:22:10
er_32768_1_2.txt,erdos_renyi_10ins_m20,43,SpecAnn,0.2347724648169381,1.0,-8582958.0,-2060678.0,0.0123798847198486,0,True,75,33,True,7,32,0.9859942197799684,6800.3359375,-5542388756.254556,2025-11-20 20:22:10
er_32768_1_2.txt,erdos_renyi_10ins_m20,43,SpecAnn,0.2509823220552634,1.0,-8630690.0,-2087216.0000000007,0.0123460292816162,0,True,75,33,True,8,32,0.98520827293396,6101.134765625,-4968564323.6194,2025-11-20 20:22:10
er_32768_1_2.txt,erdos_renyi_10ins_m20,43,SpecAnn,0.2662069528248341,1.0,-8578382.0,-2110588.0000000005,0.012343406677246,0,True,75,33,True,9,32,0.9844294786453248,5510.09326171875,-4483692376.8494,2025-11-20 20:22:10
er_32768_1_2.txt,erdos_renyi_10ins_m20,43,SpecAnn,0.2806067666331568,1.0,-8598818.000000002,-2138006.0,0.0123682022094726,0,True,75,33,True,10,32,0.9836544990539552,5003.89892578125,-4068584684.8633857,2025-11-20 20:22:10
er_32768_1_2.txt,erdos_renyi_10ins_m20,43,SpecAnn,0.2943028597012718,1.0,-8579786.0,-2162441.9999999995,0.0123825073242187,0,True,75,33,True,11,32,0.9828810691833496,4565.6953125,-3709369911.0817738,2025-11-20 20:22:10
er_32768_1_2.txt,erdos_renyi_10ins_m20,43,SpecAnn,0.3073893117471359,1.0,-8580690.0,-2182348.0,0.0122835636138916,0,True,75,33,True,12,32,0.9821072816848756,4182.92529296875,-3395715427.6329875,2025-11-20 20:22:10
er_32768_1_2.txt,erdos_renyi_10ins_m20,43,SpecAnn,0.3199409394316542,1.0,-8583408.0,-2199420.0,0.0123748779296875,0,True,75,33,True,13,32,0.9813315868377686,3846.01171875,-3119741641.116047,2025-11-20 20:22:10
er_32768_1_2.txt,erdos_renyi_10ins_m20,43,SpecAnn,0.3320184038158743,1.0,-8573346.000000002,-2228837.9999999995,0.0124170780181884,0,True,75,33,True,14,32,0.980552852153778,3547.4931640625,-2875310981.751238,2025-11-20 20:22:10
er_32768_1_2.txt,erdos_renyi_10ins_m20,43,SpecAnn,0.3436716983117353,1.0,-8572510.0,-2257188.0,0.0124101638793945,0,True,75,33,True,15,32,0.9797699451446532,3281.464111328125,-2657565765.069124,2025-11-20 20:22:10
er_32768_1_2.txt,erdos_renyi_10ins_m20,43,SpecAnn,0.3549426037664455,1.0,-8598282.000000002,-2273813.999999999,0.0123717784881591,0,True,75,33,True,16,32,0.9789819717407228,3043.177734375,-2462602184.9987965,2025-11-20 20:22:10
er_32768_1_2.txt,erdos_renyi_10ins_m20,43,SpecAnn,0.3658664615902029,1.0,-8598014.0,-2293466.0,0.0123250484466552,0,True,75,33,True,17,32,0.9781882762908936,2828.769287109375,-2287242594.1213183,2025-11-20 20:22:10
er_32768_1_2.txt,erdos_renyi_10ins_m20,43,SpecAnn,0.3764734830828951,1.0,-8593700.0,-2324839.9999999995,0.0124177932739257,0,True,75,33,True,18,32,0.9773879647254944,2635.0595703125,-2128872604.0090013,2025-11-20 20:22:10
er_32768_1_2.txt,erdos_renyi_10ins_m20,43,SpecAnn,0.3867897351437838,1.0,-8599148.0,-2346920.0,0.0124452114105224,0,True,75,33,True,19,32,0.9765806794166564,2459.40625,-1985320599.8847003,2025-11-20 20:22:10
er_32768_1_2.txt,erdos_renyi_10ins_m20,43,SpecAnn,0.3968378950662725,1.0,-8603426.0,-2366066.0,0.0123367309570312,0,True,75,33,True,20,32,0.9757657051086426,2299.592529296875,-1854764127.254988,2025-11-20 20:22:10
er_32768_1_2.txt,erdos_renyi_10ins_m20,43,SpecAnn,0.4066378372811136,1.0,-8617864.0,-2385980.0,0.0123655796051025,0,True,75,33,True,21,32,0.974942684173584,2153.746337890625,-1735664917.547686,2025-11-20 20:22:10
er_32768_1_2.txt,erdos_renyi_10ins_m20,43,SpecAnn,0.4162070956347247,1.0,-8588984.0,-2421898.0,0.0123913288116455,0,True,75,33,True,22,32,0.9741111397743224,2020.273681640625,-1626713102.3414826,2025-11-20 20:22:10
er_32768_1_2.txt,erdos_renyi_10ins_m20,43,SpecAnn,0.4255612320274539,1.0,-8583690.0,-2448153.9999999995,0.0124168395996093,0,True,75,33,True,23,32,0.9732703566551208,1897.8096923828125,-1526786829.4137695,2025-11-20 20:22:10
er_32768_1_2.txt,erdos_renyi_10ins_m20,43,SpecAnn,0.434714133601331,1.0,-8592668.0,-2469984.0,0.0123641490936279,0,True,75,33,True,24,32,0.9724202752113342,1785.1771240234375,-1434919597.1849842,2025-11-20 20:22:10
er_32768_1_2.txt,erdos_renyi_10ins_m20,43,SpecAnn,0.4436782547080569,1.0,-8593586.0,-2508212.0,0.0123212337493896,0,True,75,33,True,25,32,0.9715603590011596,1681.357666015625,-1350274741.0123012,2025-11-20 20:22:10
er_32768_1_2.txt,erdos_renyi_10ins_m20,43,SpecAnn,0.4524648157026343,1.0,-8598658.0,-2530286.0000000005,0.0123584270477294,0,True,75,33,True,26,32,0.9706902503967284,1585.463623046875,-1272123273.59699,2025-11-20 20:22:10
er_32768_1_2.txt,erdos_renyi_10ins_m20,43,SpecAnn,0.4610839676207039,1.0,-8593718.0,-2556130.0,0.012437105178833,0,True,75,33,True,27,32,0.9698094725608826,1496.719482421875,-1199828246.9253232,2025-11-20 20:22:10
er_32768_1_2.txt,erdos_renyi_10ins_m20,43,SpecAnn,0.4695449296338763,1.0,-8564356.0,-2590540.0,0.0123071670532226,0,True,75,33,True,28,32,0.9689179062843324,1414.44384765625,-1132830521.5024312,2025-11-20 20:22:10
er_32768_1_2.txt,erdos_renyi_10ins_m20,43,SpecAnn,0.4778561045889373,1.0,-8580444.0,-2616506.0,0.01235032081604,0,True,75,33,True,29,32,0.9680150151252748,1338.03515625,-1070636060.2292744,2025-11-20 20:22:10
er_32768_1_2.txt,erdos_renyi_10ins_m20,43,SpecAnn,0.4860251767562508,1.0,-8578058.0,-2652772.0,0.0124239921569824,0,True,75,33,True,30,32,0.9671005010604858,1266.962158203125,-1012808879.7713149,2025-11-20 20:22:10
er_32768_1_2.txt,erdos_renyi_10ins_m20,43,SpecAnn,0.4940591950252281,1.0,-8587664.0,-2681506.0000000005,0.0125823020935058,0,True,75,33,True,31,32,0.9661739468574524,1200.7528076171875,-958961522.3623848,2025-11-20 20:22:10
er_32768_1_2.txt,erdos_renyi_10ins_m20,43,SpecAnn,0.5019646441105269,1.0,-8575210.0,-2709382.0,0.0125610828399658,0,True,75,33,True,32,32,0.9652352929115297,1138.986572265625,-908749208.8251642,2025-11-20 20:22:10
er_32768_1_2.txt,erdos_renyi_10ins_m20,43,SpecAnn,0.5097475058154177,1.0,-8642448.0,-2741180.0,0.0125679969787597,0,True,75,33,True,33,32,0.96428382396698,1081.2869873046875,-861862741.5883898,2025-11-20 20:22:10
er_32768_1_2.txt,erdos_renyi_10ins_m20,43,SpecAnn,0.51741331199832,1.0,-8610731.999999998,-2770002.0,0.0125904083251953,0,True,75,33,True,34,32,0.9633196592330932,1027.3179931640625,-818026864.9333782,2025-11-20 20:22:10
er_32768_1_2.txt,erdos_renyi_10ins_m20,43,SpecAnn,0.5249671905758515,1.0,-8626934.0,-2799014.0000000005,0.0125508308410644,0,True,75,33,True,35,32,0.9623419046401978,976.77685546875,-776992821.407118,2025-11-20 20:22:10
er_32768_1_2.txt,erdos_renyi_10ins_m20,43,SpecAnn,0.5324139056496683,1.0,-8585837.999999998,-2831153.9999999995,0.0123498439788818,0,True,75,33,True,36,32,0.961350679397583,929.3912963867188,-738537729.9222542,2025-11-20 20:22:10
er_32768_1_2.txt,erdos_renyi_10ins_m20,43,SpecAnn,0.5397578926492556,1.0,-8600546.0,-2861902.0,0.0123646259307861,0,True,75,33,True,37,32,0.9603452682495116,884.9150390625,-702459395.1264485,2025-11-20 20:22:10
er_32768_1_2.txt,erdos_renyi_10ins_m20,43,SpecAnn,0.5470032892270364,1.0,-8578364.0,-2896882.0,0.0124576091766357,0,True,75,33,True,38,32,0.959325671195984,843.1260986328125,-668576100.1625589,2025-11-20 20:22:10
er_32768_1_2.txt,erdos_renyi_10ins_m20,43,SpecAnn,0.554153962516942,1.0,-8556002.0,-2937919.9999999995,0.0125539302825927,0,True,75,33,True,39,32,0.958291232585907,803.8219604492188,-636721669.3246542,2025-11-20 20:22:10
er_32768_1_2.txt,erdos_renyi_10ins_m20,43,SpecAnn,0.5612135332663137,1.0,-8606036.0,-2967957.9999999995,0.0123980045318603,0,True,75,33,True,40,32,0.9572417736053468,766.8197631835938,-606746372.7348055,2025-11-20 20:22:10
er_32768_1_2.txt,erdos_renyi_10ins_m20,43,SpecAnn,0.5681853972686127,1.0,-8568968.0,-3002522.0,0.0123538970947265,0,True,75,33,True,41,32,0.9561767578125,731.9527587890625,-578513480.6988822,2025-11-20 20:22:10
er_32768_1_2.txt,erdos_renyi_10ins_m20,43,SpecAnn,0.5750727444570146,1.0,-8589992.000000002,-3040167.9999999995,0.0125613212585449,0,True,75,33,True,42,32,0.9550958275794984,699.068359375,-551898027.9898555,2025-11-20 20:22:10
er_32768_1_2.txt,erdos_renyi_10ins_m20,43,SpecAnn,0.5818785759635375,1.0,-8579286.0,-3081380.0000000005,0.0125768184661865,0,True,75,33,True,43,32,0.9539986848831176,668.0276489257812,-526786288.50879794,2025-11-20 20:22:10
er_32768_1_2.txt,erdos_renyi_10ins_m20,43,SpecAnn,0.5886057194025436,1.0,-8604404.0,-3121794.0000000005,0.0125544071197509,0,True,75,33,True,44,32,0.9528849124908448,638.7036743164062,-503074279.3021949,2025-11-20 20:22:10
er_32768_1_2.txt,erdos_renyi_10ins_m20,43,SpecAnn,0.5952568425994088,1.0,-8605872.0,-3149981.9999999995,0.0125305652618408,0,True,75,33,True,45,32,0.9517539143562316,610.979248046875,-480665974.0223332,2025-11-20 20:22:10
er_32768_1_2.txt,erdos_renyi_10ins_m20,43,SpecAnn,0.6018344659534288,1.0,-8619550.0,-3186974.0000000005,0.0125098228454589,0,True,75,33,True,46,32,0.9506053924560548,584.747802734375,-459474189.8442769,2025-11-20 20:22:10
er_32768_1_2.txt,erdos_renyi_10ins_m20,43,SpecAnn,0.6083409735974393,1.0,-8586744.000000002,-3217966.0000000005,0.0125839710235595,0,True,75,33,True,47,32,0.9494388103485109,559.9107666015625,-439418207.0317527,2025-11-20 20:22:10
er_32768_1_2.txt,erdos_renyi_10ins_m20,43,SpecAnn,0.6147786234942719,1.0,-8595364.0,-3260512.0,0.0124962329864501,0,True,75,33,True,48,32,0.9482539296150208,536.3773803710938,-420423859.3242952,2025-11-20 20:22:10
er_32768_1_2.txt,erdos_renyi_10ins_m20,43,SpecAnn,0.6211495565912796,1.0,-8601288.0,-3315345.9999999995,0.0125939846038818,0,True,75,33,True,49,32,0.9470498561859132,514.064453125,-402422880.1801604,2025-11-20 20:22:10
er_32768_1_2.txt,erdos_renyi_10ins_m20,43,SpecAnn,0.6274558051381586,1.0,-8586997.999999998,-3357146.0,0.0125408172607421,0,True,75,33,True,50,32,0.9458264112472534,492.8943481445313,-385351917.0873497,2025-11-20 20:22:11
er_32768_1_2.txt,erdos_renyi_10ins_m20,43,SpecAnn,0.6336993002596786,1.0,-8577174.0,-3408568.0,0.0124380588531494,0,True,75,33,True,51,32,0.9445828795433044,472.7964172363281,-369153079.085012,2025-11-20 20:22:11
er_32768_1_2.txt,erdos_renyi_10ins_m20,43,SpecAnn,0.6398818788633085,1.0,-8612752.0,-3447700.0,0.0123462677001953,0,True,75,33,True,52,32,0.9433189034461976,453.7044067382813,-353772266.1306412,2025-11-20 20:22:11
er_32768_1_2.txt,erdos_renyi_10ins_m20,43,SpecAnn,0.6460052899517691,1.0,-8611044.0,-3494004.0000000005,0.0123834609985351,0,True,75,33,True,53,32,0.9420338869094848,435.5571899414063,-339159480.4591808,2025-11-20 20:22:11
er_32768_1_2.txt,erdos_renyi_10ins_m20,43,SpecAnn,0.6520712004019966,1.0,-8583652.0,-3538874.0,0.0126636028289794,0,True,75,33,True,54,32,0.9407269358634948,418.2982177734375,-325268376.57830155,2025-11-20 20:22:11
er_32768_1_2.txt,erdos_renyi_10ins_m20,43,SpecAnn,0.6580812002646271,1.0,-8625262.0,-3583040.0000000005,0.0124213695526123,0,True,75,33,True,55,32,0.9393977522850036,401.8749694824219,-312056133.0870901,2025-11-20 20:22:11
er_32768_1_2.txt,erdos_renyi_10ins_m20,43,SpecAnn,0.6640368076317485,1.0,-8630526.0,-3620548.0,0.0123195648193359,0,True,75,33,True,56,32,0.9380455613136292,386.23834228515625,-299482579.9416912,2025-11-20 20:22:11
er_32768_1_2.txt,erdos_renyi_10ins_m20,43,SpecAnn,0.6699394731151429,1.0,-8598006.0,-3665436.000000001,0.0123541355133056,0,True,75,33,True,57,32,0.936669647693634,371.3431396484375,-287510758.82643265,2025-11-20 20:22:11
er_32768_1_2.txt,erdos_renyi_10ins_m20,43,SpecAnn,0.6757905839724513,1.0,-8613609.999999998,-3714786.000000001,0.0123720169067382,0,True,75,33,True,58,32,0.93526953458786,357.1467590332031,-276105939.96001315,2025-11-20 20:22:11
er_32768_1_2.txt,erdos_renyi_10ins_m20,43,SpecAnn,0.6815914679145113,1.0,-8587964.0,-3757554.0,0.0125095844268798,0,True,75,33,True,59,32,0.9338443875312804,343.61004638671875,-265236088.51844847,2025-11-20 20:22:11
er_32768_1_2.txt,erdos_renyi_10ins_m20,43,SpecAnn,0.6873433966234707,1.0,-8589826.0,-3807764.000000001,0.0123689174652099,0,True,75,33,True,60,32,0.9323931336402892,330.69586181640625,-254870796.12682608,2025-11-20 20:22:11
er_32768_1_2.txt,erdos_renyi_10ins_m20,43,SpecAnn,0.6930475890080863,1.0,-8606454.000000002,-3845238.000000001,0.0123634338378906,0,True,75,33,True,61,32,0.930915355682373,318.3700561523437,-244982271.26593715,2025-11-20 20:22:11
er_32768_1_2.txt,erdos_renyi_10ins_m20,43,SpecAnn,0.6987052142198116,1.0,-8597250.000000002,-3895506.000000001,0.0124082565307617,0,True,75,33,True,62,32,0.9294099807739258,306.6004638671875,-235544185.5679432,2025-11-20 20:22:11
er_32768_1_2.txt,erdos_renyi_10ins_m20,43,SpecAnn,0.7043173944508145,1.0,-8588656.0,-3935200.0,0.0124514102935791,0,True,75,33,True,63,32,0.9278762340545654,295.3568725585937,-226531906.72318003,2025-11-20 20:22:11
er_32768_1_2.txt,erdos_renyi_10ins_m20,43,SpecAnn,0.709885207532891,1.0,-8613000.000000002,-3993162.0,0.0124311447143554,0,True,75,33,True,64,32,0.9263131022453308,284.61138916015625,-217922629.5110911,2025-11-20 20:22:11
er_32768_1_2.txt,erdos_renyi_10ins_m20,43,SpecAnn,0.7154096893543218,1.0,-8614990.0,-4045450.0,0.0123765468597412,0,True,75,33,True,65,32,0.9247196912765504,274.33740234375,-209694662.5563752,2025-11-20 20:22:11
er_32768_1_2.txt,erdos_renyi_10ins_m20,43,SpecAnn,0.7208918361100219,1.0,-8612298.0,-4105450.0,0.0125296115875244,0,True,75,33,True,66,32,0.923094928264618,264.51043701171875,-201828004.55397305,2025-11-20 20:22:11
er_32768_1_2.txt,erdos_renyi_10ins_m20,43,SpecAnn,0.7263326063988248,1.0,-8607494.0,-4157132.000000001,0.012622594833374,0,True,75,33,True,67,32,0.921437680721283,255.10720825195312,-194303644.54176813,2025-11-20 20:22:11
er_32768_1_2.txt,erdos_renyi_10ins_m20,43,SpecAnn,0.7317329231804058,1.0,-8602250.000000002,-4219156.0,0.0126471519470214,0,True,75,33,True,68,32,0.9197468757629396,246.10598754882807,-187103861.0623032,2025-11-20 20:22:11
er_32768_1_2.txt,erdos_renyi_10ins_m20,43,SpecAnn,0.7370936756031579,1.0,-8578022.0,-4283790.0,0.0125417709350585,0,True,75,33,True,69,32,0.9180211424827576,237.4862365722656,-180211863.3467893,2025-11-20 20:22:11
er_32768_1_2.txt,erdos_renyi_10ins_m20,43,SpecAnn,0.7424157207132704,1.0,-8617144.0,-4354358.0,0.0124628543853759,0,True,75,33,True,70,32,0.9162593483924866,229.2288818359375,-173612105.14139143,2025-11-20 20:22:11
er_32768_1_2.txt,erdos_renyi_10ins_m20,43,SpecAnn,0.7476998850543153,1.0,-8644914.0,-4423346.0,0.0124852657318115,0,True,75,33,True,71,32,0.9144601821899414,221.3158264160156,-167289822.44082114,2025-11-20 20:22:11
er_32768_1_2.txt,erdos_renyi_10ins_m20,43,SpecAnn,0.7529469661657903,1.0,-8636468.0,-4475579.999999999,0.0123970508575439,0,True,75,33,True,72,32,0.912622094154358,213.7298889160156,-161230977.5772544,2025-11-20 20:22:11
er_32768_1_2.txt,erdos_renyi_10ins_m20,43,SpecAnn,0.7581577339883167,1.0,-8628574.0,-4536360.0,0.0124266147613525,0,True,75,33,True,73,32,0.910743534564972,206.4552001953125,-155422600.68861395,2025-11-20 20:22:11
er_32768_1_2.txt,erdos_renyi_10ins_m20,43,SpecAnn,0.7633329321824984,1.0,-8645124.0,-4597598.0,0.0124337673187255,0,True,75,33,True,74,32,0.908823013305664,199.47659301757807,-149852332.1747511,2025-11-20 20:22:11
er_32768_1_2.txt,erdos_renyi_10ins_m20,43,SpecAnn,0.7684732793678399,1.0,-8615094.0,-4676734.0,0.0124628543853759,0,True,75,33,True,75,32,0.9068586826324464,192.77978515625,-144508487.6451703,2025-11-20 20:22:11
er_32768_1_2.txt,erdos_renyi_10ins_m20,43,SpecAnn,0.7735794702875677,1.0,-8648312.0,-4744682.000000001,0.0124871730804443,0,True,75,33,True,76,32,0.9048488736152648,186.35134887695312,-139380121.67975298,2025-11-20 20:22:11
er_32768_1_2.txt,erdos_renyi_10ins_m20,43,SpecAnn,0.7786521769046981,1.0,-8623092.0,-4838738.0,0.012373924255371,0,True,75,33,True,77,32,0.9027916193008424,180.1786193847656,-134456877.7487613,2025-11-20 20:22:11
er_32768_1_2.txt,erdos_renyi_10ins_m20,43,SpecAnn,0.7836920494342511,1.0,-8630926.0,-4907726.000000001,0.0123989582061767,0,True,75,33,True,78,32,0.9006847739219666,174.24957275390625,-129728916.69517204,2025-11-20 20:22:11
er_32768_1_2.txt,erdos_renyi_10ins_m20,43,SpecAnn,0.788699717316095,1.0,-8620958.0,-5001994.0,0.0125267505645751,0,True,75,33,True,79,32,0.8985262513160706,168.55287170410156,-125186983.46055467,2025-11-20 20:22:11
er_32768_1_2.txt,erdos_renyi_10ins_m20,43,SpecAnn,0.7936757901325451,1.0,-8612506.000000002,-5066372.000000001,0.0124897956848144,0,True,75,33,True,80,32,0.8963136672973633,163.07785034179688,-120822340.76454704,2025-11-20 20:22:11
er_32768_1_2.txt,erdos_renyi_10ins_m20,43,SpecAnn,0.7986208584745024,1.0,-8636284.0,-5165616.0,0.0124647617340087,0,True,75,33,True,81,32,0.8940443992614746,157.81423950195312,-116626575.12560388,2025-11-20 20:22:11
er_32768_1_2.txt,erdos_renyi_10ins_m20,43,SpecAnn,0.803535494759617,1.0,-8646134.0,-5257820.0,0.0125653743743896,0,True,75,33,True,82,32,0.891715943813324,152.7525634765625,-112591936.21880507,2025-11-20 20:22:11
er_32768_1_2.txt,erdos_renyi_10ins_m20,43,SpecAnn,0.8084202540056837,1.0,-8643538.000000002,-5350161.999999999,0.0125672817230224,0,True,75,33,True,83,32,0.8893253803253174,147.88369750976562,-108710936.22422151,2025-11-20 20:22:11
er_32768_1_2.txt,erdos_renyi_10ins_m20,43,SpecAnn,0.8132756745622272,1.0,-8648712.000000002,-5443550.000000001,0.0124611854553222,0,True,75,33,True,84,32,0.8868694305419922,143.19894409179688,-104976417.98375328,2025-11-20 20:22:11
er_32768_1_2.txt,erdos_renyi_10ins_m20,43,SpecAnn,0.8181022788030096,1.0,-8646284.0,-5554882.0,0.0124168395996093,0,True,75,33,True,85,32,0.8843451738357544,138.69021606445312,-101381773.30577695,2025-11-20 20:22:11
er_32768_1_2.txt,erdos_renyi_10ins_m20,43,SpecAnn,0.822900573781978,1.0,-8657886.0,-5646502.0,0.0123717784881591,0,True,75,33,True,86,32,0.8817486763000488,134.34976196289062,-97920577.52019107,2025-11-20 20:22:11
er_32768_1_2.txt,erdos_renyi_10ins_m20,43,SpecAnn,0.8276710518549868,1.0,-8681890.0,-5747450.000000001,0.0124142169952392,0,True,75,33,True,87,32,0.8790764212608337,130.17022705078125,-94586802.06046826,2025-11-20 20:22:11
er_32768_1_2.txt,erdos_renyi_10ins_m20,43,SpecAnn,0.8324141912694495,1.0,-8675563.999999998,-5853104.000000001,0.0123021602630615,0,True,75,33,True,88,32,0.8763240575790405,126.14456176757812,-91374605.58464776,2025-11-20 20:22:11
er_32768_1_2.txt,erdos_renyi_10ins_m20,43,SpecAnn,0.8371304567239225,1.0,-8681936.0,-5950004.0,0.0123238563537597,0,True,75,33,True,89,32,0.8734871745109558,122.26626586914062,-88278598.50352238,2025-11-20 20:22:11
er_32768_1_2.txt,erdos_renyi_10ins_m20,43,SpecAnn,0.8418202998994706,1.0,-8676198.0,-6068712.0,0.012449026107788,0,True,75,33,True,90,32,0.8705610036849976,118.52891540527344,-85293467.06033802,2025-11-20 20:22:11
er_32768_1_2.txt,erdos_renyi_10ins_m20,43,SpecAnn,0.846484159964536,1.0,-8693780.0,-6189590.0,0.0123605728149414,0,True,75,33,True,91,32,0.8675400614738464,114.92657470703124,-82414238.57306309,2025-11-20 20:22:11
er_32768_1_2.txt,erdos_renyi_10ins_m20,43,SpecAnn,0.8511224640549078,1.0,-8701496.000000002,-6300606.0,0.0123462677001953,0,True,75,33,True,92,32,0.8644190430641174,111.45362854003906,-79636247.28255063,2025-11-20 20:22:11
er_32768_1_2.txt,erdos_renyi_10ins_m20,43,SpecAnn,0.8557356277302758,1.0,-8705896.0,-6410696.000000001,0.0124769210815429,0,True,75,33,True,93,32,0.86119145154953,108.10455322265624,-76954840.96994117,2025-11-20 20:22:11
er_32768_1_2.txt,erdos_renyi_10ins_m20,43,SpecAnn,0.8603240554087516,1.0,-8730334.0,-6547700.000000001,0.0123584270477294,0,True,75,33,True,94,32,0.8578508496284485,104.87420654296876,-74365708.91420706,2025-11-20 20:22:11
er_32768_1_2.txt,erdos_renyi_10ins_m20,43,SpecAnn,0.86488814078064,1.0,-8736802.0,-6680248.0,0.0124604701995849,0,True,75,33,True,95,32,0.8543897271156311,101.7577896118164,-71864751.98241867,2025-11-20 20:22:11
er_32768_1_2.txt,erdos_renyi_10ins_m20,43,SpecAnn,0.8694282672026621,1.0,-8765766.0,-6809200.0,0.0123445987701416,0,True,75,33,True,96,32,0.8508001565933228,98.7505340576172,-69447923.16783813,2025-11-20 20:22:11
er_32768_1_2.txt,erdos_renyi_10ins_m20,43,SpecAnn,0.8739448080737451,1.0,-8789494.000000002,-6923586.0,0.0235567092895507,0,True,75,65,True,97,32,0.8470730781555176,95.8480224609375,-67111397.82780929,2025-11-20 20:22:11
er_32768_1_2.txt,erdos_renyi_10ins_m20,43,SpecAnn,0.878438127193422,1.0,-8799466.0,-7043180.000000001,0.0235838890075683,0,True,75,65,True,98,32,0.8431987762451172,93.04605102539062,-64851520.36449266,2025-11-20 20:22:11
er_32768_1_2.txt,erdos_renyi_10ins_m20,43,SpecAnn,0.8829085791038153,1.0,-8824420.0,-7181918.000000002,0.023561954498291,0,True,75,65,True,99,32,0.8391660451889038,90.34050750732422,-62664658.5184858,2025-11-20 20:22:11
er_32768_1_2.txt,erdos_renyi_10ins_m20,43,SpecAnn,0.8873565094161138,1.0,-8833494.0,-7350432.0,0.0235605239868164,0,True,75,65,True,100,32,0.8349613547325134,87.72758483886719,-60547302.178766094,2025-11-20 20:22:11
er_32768_1_2.txt,erdos_renyi_10ins_m20,43,SpecAnn,0.8917822551223932,1.0,-8872066.0,-7475889.999999999,0.0234858989715576,0,True,75,65,True,101,32,0.8305671215057373,85.20359802246094,-58495831.48754344,2025-11-20 20:22:11
er_32768_1_2.txt,erdos_renyi_10ins_m20,43,SpecAnn,0.8961861448935777,1.0,-8873456.0,-7614398.000000001,0.0348110198974609,0,True,75,97,True,102,32,0.8259568810462952,82.76504516601562,-56506262.22765944,2025-11-20 20:22:11
er_32768_1_2.txt,erdos_renyi_10ins_m20,43,SpecAnn,0.9005684993642872,1.0,-8884872.0,-7737466.000000001,0.0580389499664306,0,True,75,161,True,103,32,0.821094274520874,80.40859985351562,-54574249.52091175,2025-11-20 20:22:11
er_32768_1_2.txt,erdos_renyi_10ins_m20,43,SpecAnn,0.9049296314052688,1.0,-8866664.0,-7772110.000000002,0.0573523044586181,0,True,75,161,True,104,32,0.8159641027450562,78.1310043334961,-52697099.08841676,2025-11-20 20:22:11
er_32768_1_2.txt,erdos_renyi_10ins_m20,43,SpecAnn,0.9092698463840684,1.0,-8862777.999999998,-7724204.000000001,0.0688846111297607,0,True,75,193,True,105,32,0.8106145858764648,75.92924499511719,-50876326.29675367,2025-11-20 20:22:11
er_32768_1_2.txt,erdos_renyi_10ins_m20,43,SpecAnn,0.9135894424145556,1.0,-8859748.0,-7701736.0,0.0807111263275146,0,True,75,225,True,106,32,0.8050971627235413,73.8004150390625,-49113326.33209011,2025-11-20 20:22:11
er_32768_1_2.txt,erdos_renyi_10ins_m20,43,SpecAnn,0.9178887105958816,1.0,-8846706.0,-7681881.999999999,0.057809829711914,0,True,75,161,True,107,32,0.7994319200515747,71.7416763305664,-47407303.518921554,2025-11-20 20:22:12
er_32768_1_2.txt,erdos_renyi_10ins_m20,43,SpecAnn,0.922167935241408,1.0,-8856736.000000002,-7688630.0,0.046882152557373,0,True,75,129,True,108,32,0.7936233878135681,69.75038146972656,-45756552.30698183,2025-11-20 20:22:12
er_32768_1_2.txt,erdos_renyi_10ins_m20,43,SpecAnn,0.92642739409812,1.0,-8852471.999999998,-7693336.0,0.0577280521392822,0,True,75,161,True,109,32,0.7876720428466797,67.82403564453125,-44159211.20209912,2025-11-20 20:22:12
er_32768_1_2.txt,erdos_renyi_10ins_m20,43,SpecAnn,0.9306673585570006,1.0,-8867258.000000002,-7690954.000000001,0.046567678451538,0,True,75,129,True,110,32,0.7815758585929871,65.96012878417969,-42613271.77089848,2025-11-20 20:22:12
er_32768_1_2.txt,erdos_renyi_10ins_m20,43,SpecAnn,0.9348880938548184,1.0,-8842284.0,-7679159.999999999,0.0353899002075195,0,True,75,97,True,111,32,0.7753319144248962,64.15634155273438,-41116818.25266274,2025-11-20 20:22:12
er_32768_1_2.txt,erdos_renyi_10ins_m20,43,SpecAnn,0.9390898592677528,1.0,-8845964.0,-7679368.000000001,0.0350103378295898,0,True,75,97,True,112,32,0.7689379453659058,62.41045379638672,-39668052.72920841,2025-11-20 20:22:12
er_32768_1_2.txt,erdos_renyi_10ins_m20,43,SpecAnn,0.9432729082972536,1.0,-8839288.0,-7679454.0,0.0347752571105957,0,True,75,97,True,113,32,0.7623906135559082,60.720314025878906,-38265183.30939522,2025-11-20 20:22:12
er_32768_1_2.txt,erdos_renyi_10ins_m20,43,SpecAnn,0.9474374888485204,1.0,-8846613.999999998,-7677090.000000001,0.0350456237792968,0,True,75,97,True,114,32,0.7556874752044678,59.08388519287109,-36906555.85153442,2025-11-20 20:22:12
er_32768_1_2.txt,erdos_renyi_10ins_m20,43,SpecAnn,0.9515838434019476,1.0,-8848286.000000002,-7676532.0,0.0238053798675537,0,True,75,65,True,115,32,0.7488247156143188,57.49917602539063,-35590495.957390025,2025-11-20 20:22:12
er_32768_1_2.txt,erdos_renyi_10ins_m20,43,SpecAnn,0.9557122091778746,1.0,-8839338.0,-7679910.000000001,0.0352125167846679,0,True,75,97,True,116,32,0.7417999505996704,55.96435928344727,-34315520.02340697,2025-11-20 20:22:12
er_32768_1_2.txt,erdos_renyi_10ins_m20,43,SpecAnn,0.9598228182949629,1.0,-8834956.000000002,-7673615.999999999,0.0239226818084716,0,True,75,65,True,117,32,0.7346094250679016,54.477577209472656,-33080078.348404583,2025-11-20 20:22:12
er_32768_1_2.txt,erdos_renyi_10ins_m20,43,SpecAnn,0.963915897922488,1.0,-8838832.000000002,-7678944.000000001,0.0350315570831298,0,True,75,97,True,118,32,0.7272498607635498,53.037147521972656,-31882770.55977877,2025-11-20 20:22:12
er_32768_1_2.txt,erdos_renyi_10ins_m20,43,SpecAnn,0.967991670426842,1.0,-8842112.0,-7677981.999999999,0.0236806869506835,0,True,75,65,True,119,32,0.7197185754776001,51.641380310058594,-30722234.668285083,2025-11-20 20:22:12
er_32768_1_2.txt,erdos_renyi_10ins_m20,43,SpecAnn,0.9720503535125016,1.0,-8843969.999999998,-7684078.000000001,0.035393476486206,0,True,75,97,True,120,32,0.7120110392570496,50.28868103027344,-29597104.152758703,2025-11-20 20:22:12
er_32768_1_2.txt,erdos_renyi_10ins_m20,43,SpecAnn,0.9760921603577252,1.0,-8846626.000000002,-7676704.0,0.0240118503570556,0,True,75,65,True,121,32,0.7041246891021729,48.97755432128906,-28506172.9683104,2025-11-20 20:22:12
er_32768_1_2.txt,erdos_renyi_10ins_m20,43,SpecAnn,0.9801172997452104,1.0,-8853652.0,-7675986.000000001,0.0348565578460693,0,True,75,97,True,122,32,0.6960559487342834,47.70651245117188,-27448212.47707388,2025-11-20 20:22:12
er_32768_1_2.txt,erdos_renyi_10ins_m20,43,SpecAnn,0.9841259761879442,1.0,-8841638.0,-7669704.000000001,0.0235934257507324,0,True,75,65,True,123,32,0.6878005862236023,46.47417449951172,-26422047.83700052,2025-11-20 20:22:12
er_32768_1_2.txt,erdos_renyi_10ins_m20,43,SpecAnn,0.9881183900504562,1.0,-8854554.0,-7672166.0,0.0349748134613037,0,True,75,97,True,124,32,0.6793549656867981,45.27915954589844,-25426545.48197161,2025-11-20 20:22:12
er_32768_1_2.txt,erdos_renyi_10ins_m20,43,SpecAnn,0.9920947376656812,1.0,-8846274.0,-7676654.0,0.0237007141113281,0,True,75,65,True,125,32,0.6707160472869873,44.12020111083984,-24460674.538289737,2025-11-20 20:22:12
er_32768_1_2.txt,erdos_renyi_10ins_m20,43,SpecAnn,0.9960552114476228,1.0,-8845756.0,-7684675.999999999,0.0348150730133056,0,True,75,97,True,126,32,0.6618794798851013,42.996055603027344,-23523383.09053509,2025-11-20 20:22:12
er_32768_1_2.txt,erdos_renyi_10ins_m20,43,SpecAnn,1.0,1.0,-8860488.0,-7683224.000000001,0.0237154960632324,0,True,75,65,True,127,32,0.6528416872024536,41.905494689941406,-22613672.53180588,2025-11-20 20:22:12
er_32768_1_2.txt,erdos_renyi_10ins_m20,44,SpecAnn,0.0,1.0,-8616888.0,-1818829.9999999995,0.0137550830841064,0,True,68,33,True,0,32,0.9936299324035645,32769.0,-26914114938.571594,2025-11-20 20:22:13
er_32768_1_2.txt,erdos_renyi_10ins_m20,44,SpecAnn,0.0887356509416113,1.0,-8594826.0,-1883120.0,0.0125064849853515,0,True,68,33,True,1,32,0.9914242625236512,18081.572265625,-14817945151.251432,2025-11-20 20:22:13
er_32768_1_2.txt,erdos_renyi_10ins_m20,44,SpecAnn,0.1254911610276317,1.0,-8584338.0,-1910852.0,0.012498140335083,0,True,68,33,True,2,32,0.990299105644226,14135.4921875,-11570964742.91798,2025-11-20 20:22:13
er_32768_1_2.txt,erdos_renyi_10ins_m20,44,SpecAnn,0.1536946558735679,1.0,-8581632.000000002,-1949151.9999999995,0.0124459266662597,0,True,68,33,True,3,32,0.989335834980011,11702.505859375,-9570064301.936926,2025-11-20 20:22:13
er_32768_1_2.txt,erdos_renyi_10ins_m20,44,SpecAnn,0.1774713018832227,1.0,-8589870.0,-1974968.0,0.0123121738433837,0,True,68,33,True,4,32,0.988449215888977,9980.048828125,-8154160882.595713,2025-11-20 20:22:13
er_32768_1_2.txt,erdos_renyi_10ins_m20,44,SpecAnn,0.1984189475331362,1.0,-8608850.000000002,-2002126.0,0.0124304294586181,0,True,68,33,True,5,32,0.987606644630432,8674.037109375,-7081047824.592373,2025-11-20 20:22:13
er_32768_1_2.txt,erdos_renyi_10ins_m20,44,SpecAnn,0.2173570668006655,1.0,-8605952.0,-2028118.0,0.0123353004455566,0,True,68,33,True,6,32,0.9867915511131288,7641.16357421875,-6232713551.597984,2025-11-20 20:22:13
er_32768_1_2.txt,erdos_renyi_10ins_m20,44,SpecAnn,0.2347724648169381,1.0,-8591298.000000002,-2060678.0000000005,0.0122928619384765,0,True,68,33,True,7,32,0.9859942197799684,6800.3359375,-5542388756.254556,2025-11-20 20:22:13
er_32768_1_2.txt,erdos_renyi_10ins_m20,44,SpecAnn,0.2509823220552634,1.0,-8571782.0,-2087216.0000000007,0.012378454208374,0,True,68,33,True,8,32,0.9852083325386048,6101.134765625,-4968564624.215243,2025-11-20 20:22:13
er_32768_1_2.txt,erdos_renyi_10ins_m20,44,SpecAnn,0.2662069528248341,1.0,-8571309.999999998,-2110588.0,0.0125172138214111,0,True,68,33,True,9,32,0.9844294786453248,5510.09326171875,-4483692376.8494,2025-11-20 20:22:13
er_32768_1_2.txt,erdos_renyi_10ins_m20,44,SpecAnn,0.2806067666331568,1.0,-8605366.0,-2138006.0,0.0125682353973388,0,True,68,33,True,10,32,0.9836544990539552,5003.89892578125,-4068584684.8633857,2025-11-20 20:22:13
er_32768_1_2.txt,erdos_renyi_10ins_m20,44,SpecAnn,0.2943028597012718,1.0,-8596776.000000002,-2162442.0,0.0123794078826904,0,True,68,33,True,11,32,0.9828810691833496,4565.6953125,-3709369911.0817738,2025-11-20 20:22:13
er_32768_1_2.txt,erdos_renyi_10ins_m20,44,SpecAnn,0.3073893117471359,1.0,-8548746.0,-2182348.0,0.0123450756072998,0,True,68,33,True,12,32,0.9821072816848756,4182.92529296875,-3395715427.6329875,2025-11-20 20:22:13
er_32768_1_2.txt,erdos_renyi_10ins_m20,44,SpecAnn,0.3199409394316542,1.0,-8584208.000000002,-2199420.0000000005,0.0125057697296142,0,True,68,33,True,13,32,0.9813315868377686,3846.01171875,-3119741641.116047,2025-11-20 20:22:13
er_32768_1_2.txt,erdos_renyi_10ins_m20,44,SpecAnn,0.3320184038158743,1.0,-8611650.000000002,-2228838.0,0.0125939846038818,0,True,68,33,True,14,32,0.980552852153778,3547.4931640625,-2875310981.751238,2025-11-20 20:22:13
er_32768_1_2.txt,erdos_renyi_10ins_m20,44,SpecAnn,0.3436716983117353,1.0,-8582994.000000002,-2257187.9999999995,0.0125834941864013,0,True,68,33,True,15,32,0.9797698855400084,3281.464111328125,-2657565603.3951874,2025-11-20 20:22:13
er_32768_1_2.txt,erdos_renyi_10ins_m20,44,SpecAnn,0.3549426037664455,1.0,-8591276.0,-2273813.9999999995,0.0125954151153564,0,True,68,33,True,16,32,0.9789819717407228,3043.177734375,-2462602184.9987965,2025-11-20 20:22:13
er_32768_1_2.txt,erdos_renyi_10ins_m20,44,SpecAnn,0.3658664615902029,1.0,-8585882.0,-2293466.0,0.0125820636749267,0,True,68,33,True,17,32,0.9781882166862488,2828.769287109375,-2287242454.751132,2025-11-20 20:22:13
er_32768_1_2.txt,erdos_renyi_10ins_m20,44,SpecAnn,0.3764734830828951,1.0,-8581170.0,-2324840.0,0.0123877525329589,0,True,68,33,True,18,32,0.9773879647254944,2635.0595703125,-2128872604.0090013,2025-11-20 20:22:13
er_32768_1_2.txt,erdos_renyi_10ins_m20,44,SpecAnn,0.3867897351437838,1.0,-8572988.0,-2346919.9999999995,0.0123372077941894,0,True,68,33,True,19,32,0.9765806794166564,2459.40625,-1985320599.8847003,2025-11-20 20:22:13
er_32768_1_2.txt,erdos_renyi_10ins_m20,44,SpecAnn,0.3968378950662725,1.0,-8586020.000000002,-2366065.9999999995,0.0123608112335205,0,True,68,33,True,20,32,0.9757657647132874,2299.592529296875,-1854764240.553249,2025-11-20 20:22:13
er_32768_1_2.txt,erdos_renyi_10ins_m20,44,SpecAnn,0.4066378372811136,1.0,-8571304.0,-2385980.0000000005,0.0123941898345947,0,True,68,33,True,21,32,0.9749427437782288,2153.746337890625,-1735665023.6602738,2025-11-20 20:22:13
er_32768_1_2.txt,erdos_renyi_10ins_m20,44,SpecAnn,0.4162070956347247,1.0,-8587070.0,-2421898.0,0.01239013671875,0,True,68,33,True,22,32,0.9741110801696776,2020.273681640625,-1626713002.8049383,2025-11-20 20:22:13
er_32768_1_2.txt,erdos_renyi_10ins_m20,44,SpecAnn,0.4255612320274539,1.0,-8603366.0,-2448154.0,0.012251853942871,0,True,68,33,True,23,32,0.9732704162597656,1897.8096923828125,-1526786922.9166548,2025-11-20 20:22:13
er_32768_1_2.txt,erdos_renyi_10ins_m20,44,SpecAnn,0.434714133601331,1.0,-8579780.0,-2469984.0,0.0123789310455322,0,True,68,33,True,24,32,0.9724202752113342,1785.1771240234375,-1434919597.1849842,2025-11-20 20:22:13
er_32768_1_2.txt,erdos_renyi_10ins_m20,44,SpecAnn,0.4436782547080569,1.0,-8585039.999999998,-2508212.0,0.0123622417449951,0,True,68,33,True,25,32,0.9715603590011596,1681.357666015625,-1350274741.0123012,2025-11-20 20:22:13
er_32768_1_2.txt,erdos_renyi_10ins_m20,44,SpecAnn,0.4524648157026343,1.0,-8603184.000000002,-2530285.9999999995,0.0123920440673828,0,True,68,33,True,26,32,0.9706902503967284,1585.463623046875,-1272123273.59699,2025-11-20 20:22:13
er_32768_1_2.txt,erdos_renyi_10ins_m20,44,SpecAnn,0.4610839676207039,1.0,-8590406.0,-2556130.0,0.0124216079711914,0,True,68,33,True,27,32,0.9698094129562378,1496.719482421875,-1199828173.183688,2025-11-20 20:22:13
er_32768_1_2.txt,erdos_renyi_10ins_m20,44,SpecAnn,0.4695449296338763,1.0,-8604462.0,-2590540.0,0.0122652053833007,0,True,68,33,True,28,32,0.9689179062843324,1414.44384765625,-1132830521.5024312,2025-11-20 20:22:13
er_32768_1_2.txt,erdos_renyi_10ins_m20,44,SpecAnn,0.4778561045889373,1.0,-8590422.000000002,-2616506.0000000005,0.0124797821044921,0,True,68,33,True,29,32,0.9680150151252748,1338.03515625,-1070636060.2292744,2025-11-20 20:22:13
er_32768_1_2.txt,erdos_renyi_10ins_m20,44,SpecAnn,0.4860251767562508,1.0,-8582490.0,-2652772.000000001,0.0125315189361572,0,True,68,33,True,30,32,0.9671004414558412,1266.962158203125,-1012808817.3495568,2025-11-20 20:22:13
er_32768_1_2.txt,erdos_renyi_10ins_m20,44,SpecAnn,0.4940591950252281,1.0,-8600282.0,-2681506.0,0.0125494003295898,0,True,68,33,True,31,32,0.9661740064620972,1200.7528076171875,-958961581.522085,2025-11-20 20:22:13
er_32768_1_2.txt,erdos_renyi_10ins_m20,44,SpecAnn,0.5019646441105269,1.0,-8600072.0,-2709382.0000000005,0.0124194622039794,0,True,68,33,True,32,32,0.9652352929115297,1138.986572265625,-908749208.8251642,2025-11-20 20:22:13
er_32768_1_2.txt,erdos_renyi_10ins_m20,44,SpecAnn,0.5097475058154177,1.0,-8586214.0,-2741180.0000000005,0.0123872756958007,0,True,68,33,True,33,32,0.9642839431762696,1081.2869873046875,-861862848.1359047,2025-11-20 20:22:13
er_32768_1_2.txt,erdos_renyi_10ins_m20,44,SpecAnn,0.51741331199832,1.0,-8573358.000000002,-2770002.0,0.0123615264892578,0,True,68,33,True,34,32,0.9633195400238036,1027.3179931640625,-818026763.703843,2025-11-20 20:22:13
er_32768_1_2.txt,erdos_renyi_10ins_m20,44,SpecAnn,0.5249671905758515,1.0,-8598752.0,-2799014.0000000005,0.0123131275177001,0,True,68,33,True,35,32,0.9623419046401978,976.77685546875,-776992821.407118,2025-11-20 20:22:13
er_32768_1_2.txt,erdos_renyi_10ins_m20,44,SpecAnn,0.5324139056496683,1.0,-8611130.000000002,-2831154.0,0.0123376846313476,0,True,68,33,True,36,32,0.9613506197929382,929.3912963867188,-738537684.1322215,2025-11-20 20:22:13
er_32768_1_2.txt,erdos_renyi_10ins_m20,44,SpecAnn,0.5397578926492556,1.0,-8598068.0,-2861902.0,0.0123786926269531,0,True,68,33,True,37,32,0.9603453278541564,884.9150390625,-702459438.7251875,2025-11-20 20:22:13
er_32768_1_2.txt,erdos_renyi_10ins_m20,44,SpecAnn,0.5470032892270364,1.0,-8597770.0,-2896882.0,0.0124409198760986,0,True,68,33,True,38,32,0.959325671195984,843.1260986328125,-668576100.1625589,2025-11-20 20:22:13
er_32768_1_2.txt,erdos_renyi_10ins_m20,44,SpecAnn,0.554153962516942,1.0,-8573870.0,-2937919.9999999995,0.0123977661132812,0,True,68,33,True,39,32,0.958291232585907,803.8219604492188,-636721669.3246542,2025-11-20 20:22:13
er_32768_1_2.txt,erdos_renyi_10ins_m20,44,SpecAnn,0.5612135332663137,1.0,-8608030.0,-2967958.0,0.0123672485351562,0,True,68,33,True,40,32,0.9572417736053468,766.8197631835938,-606746372.7348055,2025-11-20 20:22:13
er_32768_1_2.txt,erdos_renyi_10ins_m20,44,SpecAnn,0.5681853972686127,1.0,-8588812.000000002,-3002522.0,0.0124526023864746,0,True,68,33,True,41,32,0.9561767578125,731.9527587890625,-578513480.6988822,2025-11-20 20:22:13
er_32768_1_2.txt,erdos_renyi_10ins_m20,44,SpecAnn,0.5750727444570146,1.0,-8567040.000000002,-3040167.9999999995,0.0126261711120605,0,True,68,33,True,42,32,0.9550957679748536,699.068359375,-551897993.5475671,2025-11-20 20:22:13
er_32768_1_2.txt,erdos_renyi_10ins_m20,44,SpecAnn,0.5818785759635375,1.0,-8614222.0,-3081380.0000000005,0.0125789642333984,0,True,68,33,True,43,32,0.9539986848831176,668.0276489257812,-526786288.50879794,2025-11-20 20:22:13
er_32768_1_2.txt,erdos_renyi_10ins_m20,44,SpecAnn,0.5886057194025436,1.0,-8569828.0,-3121794.0,0.0126805305480957,0,True,68,33,True,44,32,0.9528849124908448,638.7036743164062,-503074279.3021949,2025-11-20 20:22:13
er_32768_1_2.txt,erdos_renyi_10ins_m20,44,SpecAnn,0.5952568425994088,1.0,-8586860.000000002,-3149982.0,0.0125854015350341,0,True,68,33,True,45,32,0.9517539739608764,610.979248046875,-480666004.1245731,2025-11-20 20:22:13
er_32768_1_2.txt,erdos_renyi_10ins_m20,44,SpecAnn,0.6018344659534288,1.0,-8595990.000000002,-3186974.0,0.0125665664672851,0,True,68,33,True,46,32,0.9506054520606996,584.747802734375,-459474218.65412384,2025-11-20 20:22:13
er_32768_1_2.txt,erdos_renyi_10ins_m20,44,SpecAnn,0.6083409735974393,1.0,-8614238.0,-3217966.0,0.0123822689056396,0,True,68,33,True,47,32,0.9494388699531556,559.9107666015625,-439418234.6179076,2025-11-20 20:22:13
er_32768_1_2.txt,erdos_renyi_10ins_m20,44,SpecAnn,0.6147786234942719,1.0,-8609790.0,-3260511.9999999995,0.0123543739318847,0,True,68,33,True,48,32,0.948253870010376,536.3773803710938,-420423832.897603,2025-11-20 20:22:13
er_32768_1_2.txt,erdos_renyi_10ins_m20,44,SpecAnn,0.6211495565912796,1.0,-8599850.000000002,-3315346.0000000005,0.0124168395996093,0,True,68,33,True,49,32,0.9470498561859132,514.064453125,-402422880.1801604,2025-11-20 20:22:13
er_32768_1_2.txt,erdos_renyi_10ins_m20,44,SpecAnn,0.6274558051381586,1.0,-8636990.000000002,-3357146.0,0.0126216411590576,0,True,68,33,True,50,32,0.9458264708518982,492.8943481445313,-385351941.37168336,2025-11-20 20:22:13
er_32768_1_2.txt,erdos_renyi_10ins_m20,44,SpecAnn,0.6336993002596786,1.0,-8596142.0,-3408568.0,0.0126488208770751,0,True,68,33,True,51,32,0.9445829391479492,472.7964172363281,-369153102.3791438,2025-11-20 20:22:13
er_32768_1_2.txt,erdos_renyi_10ins_m20,44,SpecAnn,0.6398818788633085,1.0,-8607185.999999998,-3447699.999999999,0.0125832557678222,0,True,68,33,True,52,32,0.9433190226554872,453.7044067382813,-353772310.8376224,2025-11-20 20:22:13
er_32768_1_2.txt,erdos_renyi_10ins_m20,44,SpecAnn,0.6460052899517691,1.0,-8588704.0,-3494004.0000000005,0.0125725269317626,0,True,68,33,True,53,32,0.94203382730484,435.5571899414063,-339159458.9997825,2025-11-20 20:22:13
er_32768_1_2.txt,erdos_renyi_10ins_m20,44,SpecAnn,0.6520712004019966,1.0,-8584140.0,-3538874.0000000005,0.0124120712280273,0,True,68,33,True,54,32,0.9407269358634948,418.2982177734375,-325268376.57830155,2025-11-20 20:22:13
er_32768_1_2.txt,erdos_renyi_10ins_m20,44,SpecAnn,0.6580812002646271,1.0,-8606899.999999998,-3583040.0000000005,0.0123412609100341,0,True,68,33,True,55,32,0.9393977522850036,401.8749694824219,-312056133.0870901,2025-11-20 20:22:13
er_32768_1_2.txt,erdos_renyi_10ins_m20,44,SpecAnn,0.6640368076317485,1.0,-8596300.0,-3620548.0,0.012369155883789,0,True,68,33,True,56,32,0.9380455017089844,386.23834228515625,-299482560.9121754,2025-11-20 20:22:13
er_32768_1_2.txt,erdos_renyi_10ins_m20,44,SpecAnn,0.6699394731151429,1.0,-8614926.0,-3665436.000000001,0.0124883651733398,0,True,68,33,True,57,32,0.9366697669029236,371.3431396484375,-287510795.41772544,2025-11-20 20:22:13
er_32768_1_2.txt,erdos_renyi_10ins_m20,44,SpecAnn,0.6757905839724513,1.0,-8615208.0,-3714786.000000001,0.0126683712005615,0,True,68,33,True,58,32,0.9352695941925048,357.1467590332031,-276105957.5562203,2025-11-20 20:22:13
er_32768_1_2.txt,erdos_renyi_10ins_m20,44,SpecAnn,0.6815914679145113,1.0,-8649794.0,-3757554.0,0.0126035213470458,0,True,68,33,True,59,32,0.9338443279266356,343.61004638671875,-265236071.5891795,2025-11-20 20:22:13
er_32768_1_2.txt,erdos_renyi_10ins_m20,44,SpecAnn,0.6873433966234707,1.0,-8599186.0,-3807764.0,0.0125594139099121,0,True,68,33,True,60,32,0.9323931336402892,330.69586181640625,-254870796.12682608,2025-11-20 20:22:13
er_32768_1_2.txt,erdos_renyi_10ins_m20,44,SpecAnn,0.6930475890080863,1.0,-8592702.000000002,-3845238.000000001,0.012549877166748,0,True,68,33,True,61,32,0.930915355682373,318.3700561523437,-244982271.26593715,2025-11-20 20:22:13
er_32768_1_2.txt,erdos_renyi_10ins_m20,44,SpecAnn,0.6987052142198116,1.0,-8615364.0,-3895506.0,0.0124483108520507,0,True,68,33,True,62,32,0.9294099807739258,306.6004638671875,-235544185.5679432,2025-11-20 20:22:13
er_32768_1_2.txt,erdos_renyi_10ins_m20,44,SpecAnn,0.7043173944508145,1.0,-8608958.000000002,-3935200.000000001,0.0124144554138183,0,True,68,33,True,63,32,0.9278762340545654,295.3568725585937,-226531906.72318003,2025-11-20 20:22:13
er_32768_1_2.txt,erdos_renyi_10ins_m20,44,SpecAnn,0.709885207532891,1.0,-8595522.0,-3993162.0,0.0123772621154785,0,True,68,33,True,64,32,0.9263131022453308,284.61138916015625,-217922629.5110911,2025-11-20 20:22:13
er_32768_1_2.txt,erdos_renyi_10ins_m20,44,SpecAnn,0.7154096893543218,1.0,-8626830.000000002,-4045450.000000001,0.0123882293701171,0,True,68,33,True,65,32,0.9247196912765504,274.33740234375,-209694662.5563752,2025-11-20 20:22:13
er_32768_1_2.txt,erdos_renyi_10ins_m20,44,SpecAnn,0.7208918361100219,1.0,-8646072.0,-4105450.0,0.0125927925109863,0,True,68,33,True,66,32,0.9230948686599731,264.51043701171875,-201827991.52185017,2025-11-20 20:22:13
er_32768_1_2.txt,erdos_renyi_10ins_m20,44,SpecAnn,0.7263326063988248,1.0,-8619442.000000002,-4157132.000000001,0.0125327110290527,0,True,68,33,True,67,32,0.921437680721283,255.10720825195312,-194303644.54176813,2025-11-20 20:22:13
er_32768_1_2.txt,erdos_renyi_10ins_m20,44,SpecAnn,0.7317329231804058,1.0,-8608850.0,-4219156.0,0.0125625133514404,0,True,68,33,True,68,32,0.9197468757629396,246.10598754882807,-187103861.0623032,2025-11-20 20:22:13
er_32768_1_2.txt,erdos_renyi_10ins_m20,44,SpecAnn,0.7370936756031579,1.0,-8628386.0,-4283790.0,0.0125727653503417,0,True,68,33,True,69,32,0.9180211424827576,237.4862365722656,-180211863.3467893,2025-11-20 20:22:13
er_32768_1_2.txt,erdos_renyi_10ins_m20,44,SpecAnn,0.7424157207132704,1.0,-8599114.0,-4354358.000000001,0.0125551223754882,0,True,68,33,True,70,32,0.9162594079971312,229.2288818359375,-173612116.43523294,2025-11-20 20:22:13
er_32768_1_2.txt,erdos_renyi_10ins_m20,44,SpecAnn,0.7476998850543153,1.0,-8620888.0,-4423346.0,0.0125200748443603,0,True,68,33,True,71,32,0.9144601821899414,221.3158264160156,-167289822.44082114,2025-11-20 20:22:13
er_32768_1_2.txt,erdos_renyi_10ins_m20,44,SpecAnn,0.7529469661657903,1.0,-8618282.0,-4475580.0,0.0126106739044189,0,True,68,33,True,72,32,0.9126220345497132,213.7298889160156,-161230967.04703033,2025-11-20 20:22:13
er_32768_1_2.txt,erdos_renyi_10ins_m20,44,SpecAnn,0.7581577339883167,1.0,-8632016.000000002,-4536360.0,0.0125641822814941,0,True,68,33,True,73,32,0.910743534564972,206.4552001953125,-155422600.68861395,2025-11-20 20:22:13
er_32768_1_2.txt,erdos_renyi_10ins_m20,44,SpecAnn,0.7633329321824984,1.0,-8624952.0,-4597598.0,0.0126481056213378,0,True,68,33,True,74,32,0.908823013305664,199.47659301757807,-149852332.1747511,2025-11-20 20:22:13
er_32768_1_2.txt,erdos_renyi_10ins_m20,44,SpecAnn,0.7684732793678399,1.0,-8606622.0,-4676734.0,0.0125982761383056,0,True,68,33,True,75,32,0.9068588018417358,192.77978515625,-144508506.64124376,2025-11-20 20:22:13
er_32768_1_2.txt,erdos_renyi_10ins_m20,44,SpecAnn,0.7735794702875677,1.0,-8632514.000000002,-4744682.000000001,0.012578010559082,0,True,68,33,True,76,32,0.9048489332199096,186.35134887695312,-139380130.86106807,2025-11-20 20:22:13
er_32768_1_2.txt,erdos_renyi_10ins_m20,44,SpecAnn,0.7786521769046981,1.0,-8647797.999999998,-4838738.000000001,0.0125250816345214,0,True,68,33,True,77,32,0.9027916789054872,180.1786193847656,-134456886.62595317,2025-11-20 20:22:14
er_32768_1_2.txt,erdos_renyi_10ins_m20,44,SpecAnn,0.7836920494342511,1.0,-8643498.0,-4907726.0,0.0124251842498779,0,True,68,33,True,78,32,0.9006847739219666,174.24957275390625,-129728916.69517204,2025-11-20 20:22:14
er_32768_1_2.txt,erdos_renyi_10ins_m20,44,SpecAnn,0.788699717316095,1.0,-8636374.0,-5001994.0,0.0124380588531494,0,True,68,33,True,79,32,0.8985262513160706,168.55287170410156,-125186983.46055467,2025-11-20 20:22:14
er_32768_1_2.txt,erdos_renyi_10ins_m20,44,SpecAnn,0.7936757901325451,1.0,-8628596.0,-5066372.000000001,0.012439489364624,0,True,68,33,True,80,32,0.8963136076927185,163.07785034179688,-120822332.72989024,2025-11-20 20:22:14
er_32768_1_2.txt,erdos_renyi_10ins_m20,44,SpecAnn,0.7986208584745024,1.0,-8636684.0,-5165616.000000001,0.012552261352539,0,True,68,33,True,81,32,0.8940443992614746,157.81423950195312,-116626575.12560388,2025-11-20 20:22:14
er_32768_1_2.txt,erdos_renyi_10ins_m20,44,SpecAnn,0.803535494759617,1.0,-8635648.000000002,-5257820.000000001,0.0126490592956542,0,True,68,33,True,82,32,0.8917158842086792,152.7525634765625,-112591928.6928632,2025-11-20 20:22:14
er_32768_1_2.txt,erdos_renyi_10ins_m20,44,SpecAnn,0.8084202540056837,1.0,-8633544.0,-5350161.999999999,0.0125517845153808,0,True,68,33,True,83,32,0.8893253207206726,147.88369750976562,-108710928.93816304,2025-11-20 20:22:14
er_32768_1_2.txt,erdos_renyi_10ins_m20,44,SpecAnn,0.8132756745622272,1.0,-8639042.0,-5443550.000000001,0.0126359462738037,0,True,68,33,True,84,32,0.8868694305419922,143.19894409179688,-104976417.98375328,2025-11-20 20:22:14
er_32768_1_2.txt,erdos_renyi_10ins_m20,44,SpecAnn,0.8181022788030096,1.0,-8653410.0,-5554882.0,0.0124702453613281,0,True,68,33,True,85,32,0.8843451738357544,138.69021606445312,-101381773.30577695,2025-11-20 20:22:14
er_32768_1_2.txt,erdos_renyi_10ins_m20,44,SpecAnn,0.822900573781978,1.0,-8677876.0,-5646502.0,0.012326955795288,0,True,68,33,True,86,32,0.8817487359046936,134.34976196289062,-97920584.13944824,2025-11-20 20:22:14
er_32768_1_2.txt,erdos_renyi_10ins_m20,44,SpecAnn,0.8276710518549868,1.0,-8669982.0,-5747450.0,0.0123810768127441,0,True,68,33,True,87,32,0.8790764212608337,130.17022705078125,-94586802.06046826,2025-11-20 20:22:14
er_32768_1_2.txt,erdos_renyi_10ins_m20,44,SpecAnn,0.8324141912694495,1.0,-8697928.0,-5853104.0,0.0123548507690429,0,True,68,33,True,88,32,0.8763240575790405,126.14456176757812,-91374605.58464776,2025-11-20 20:22:14
er_32768_1_2.txt,erdos_renyi_10ins_m20,44,SpecAnn,0.8371304567239225,1.0,-8684792.0,-5950003.999999999,0.0124437808990478,0,True,68,33,True,89,32,0.8734871745109558,122.26626586914062,-88278598.50352238,2025-11-20 20:22:14
er_32768_1_2.txt,erdos_renyi_10ins_m20,44,SpecAnn,0.8418202998994706,1.0,-8714858.000000002,-6068712.0,0.0123937129974365,0,True,68,33,True,90,32,0.8705610036849976,118.52891540527344,-85293467.06033802,2025-11-20 20:22:14
er_32768_1_2.txt,erdos_renyi_10ins_m20,44,SpecAnn,0.846484159964536,1.0,-8707716.000000002,-6189590.0,0.0123379230499267,0,True,68,33,True,91,32,0.8675401210784912,114.92657470703124,-82414244.23536232,2025-11-20 20:22:14
er_32768_1_2.txt,erdos_renyi_10ins_m20,44,SpecAnn,0.8511224640549078,1.0,-8675002.0,-6300606.0,0.012366771697998,0,True,68,33,True,92,32,0.8644190430641174,111.45362854003906,-79636247.28255063,2025-11-20 20:22:14
er_32768_1_2.txt,erdos_renyi_10ins_m20,44,SpecAnn,0.8557356277302758,1.0,-8727474.000000002,-6410696.000000001,0.012362003326416,0,True,68,33,True,93,32,0.86119145154953,108.10455322265624,-76954840.96994117,2025-11-20 20:22:14
er_32768_1_2.txt,erdos_renyi_10ins_m20,44,SpecAnn,0.8603240554087516,1.0,-8720670.000000002,-6547700.000000001,0.0126068592071533,0,True,68,33,True,94,32,0.8578508496284485,104.87420654296876,-74365708.91420706,2025-11-20 20:22:14
er_32768_1_2.txt,erdos_renyi_10ins_m20,44,SpecAnn,0.86488814078064,1.0,-8760652.0,-6680248.0,0.0125362873077392,0,True,68,33,True,95,32,0.8543897271156311,101.7577896118164,-71864751.98241867,2025-11-20 20:22:14
er_32768_1_2.txt,erdos_renyi_10ins_m20,44,SpecAnn,0.8694282672026621,1.0,-8767978.0,-6809200.0,0.0125243663787841,0,True,68,33,True,96,32,0.8508000373840332,98.7505340576172,-69447913.43718927,2025-11-20 20:22:14
er_32768_1_2.txt,erdos_renyi_10ins_m20,44,SpecAnn,0.8739448080737451,1.0,-8778320.000000002,-6923586.0,0.0235793590545654,0,True,68,65,True,97,32,0.8470730781555176,95.8480224609375,-67111397.82780929,2025-11-20 20:22:14
er_32768_1_2.txt,erdos_renyi_10ins_m20,44,SpecAnn,0.878438127193422,1.0,-8798412.0,-7043180.000000001,0.0235130786895751,0,True,68,65,True,98,32,0.8431987762451172,93.04605102539062,-64851520.36449266,2025-11-20 20:22:14
er_32768_1_2.txt,erdos_renyi_10ins_m20,44,SpecAnn,0.8829085791038153,1.0,-8815036.0,-7181918.000000002,0.023491621017456,0,True,68,65,True,99,32,0.8391661643981934,90.34050750732422,-62664667.42043014,2025-11-20 20:22:14
er_32768_1_2.txt,erdos_renyi_10ins_m20,44,SpecAnn,0.8873565094161138,1.0,-8847630.0,-7350432.0,0.0234987735748291,0,True,68,65,True,100,32,0.8349613547325134,87.72758483886719,-60547302.178766094,2025-11-20 20:22:14
er_32768_1_2.txt,erdos_renyi_10ins_m20,44,SpecAnn,0.8917822551223932,1.0,-8838178.0,-7475889.999999999,0.0234856605529785,0,True,68,65,True,101,32,0.8305670619010925,85.20359802246094,-58495827.289660856,2025-11-20 20:22:14
er_32768_1_2.txt,erdos_renyi_10ins_m20,44,SpecAnn,0.8961861448935777,1.0,-8873762.000000002,-7614398.000000001,0.0347316265106201,0,True,68,97,True,102,32,0.8259568810462952,82.76504516601562,-56506262.22765944,2025-11-20 20:22:14
er_32768_1_2.txt,erdos_renyi_10ins_m20,44,SpecAnn,0.9005684993642872,1.0,-8880566.000000002,-7737466.000000001,0.0576405525207519,0,True,68,161,True,103,32,0.8210942149162292,80.40859985351562,-54574245.55927316,2025-11-20 20:22:14
er_32768_1_2.txt,erdos_renyi_10ins_m20,44,SpecAnn,0.9049296314052688,1.0,-8870288.0,-7772110.000000002,0.0572829246520996,0,True,68,161,True,104,32,0.8159640431404114,78.1310043334961,-52697095.23899268,2025-11-20 20:22:14
er_32768_1_2.txt,erdos_renyi_10ins_m20,44,SpecAnn,0.9092698463840684,1.0,-8862124.0,-7726077.999999999,0.0685889720916748,0,True,68,193,True,105,32,0.810614287853241,75.92924499511719,-50876307.59202389,2025-11-20 20:22:14
er_32768_1_2.txt,erdos_renyi_10ins_m20,44,SpecAnn,0.9135894424145556,1.0,-8870938.0,-7700732.0,0.0798988342285156,0,True,68,225,True,106,32,0.805097222328186,73.8004150390625,-49113329.96815108,2025-11-20 20:22:14
er_32768_1_2.txt,erdos_renyi_10ins_m20,44,SpecAnn,0.9178887105958816,1.0,-8857736.0,-7682168.000000001,0.0571739673614501,0,True,68,161,True,107,32,0.7994318008422852,71.7416763305664,-47407296.44966296,2025-11-20 20:22:14
er_32768_1_2.txt,erdos_renyi_10ins_m20,44,SpecAnn,0.922167935241408,1.0,-8859870.0,-7688630.0,0.0459468364715576,0,True,68,129,True,108,32,0.7936234474182129,69.75038146972656,-45756555.74350234,2025-11-20 20:22:14
er_32768_1_2.txt,erdos_renyi_10ins_m20,44,SpecAnn,0.92642739409812,1.0,-8865782.0,-7693336.0,0.0577023029327392,0,True,68,161,True,109,32,0.7876723408699036,67.82403564453125,-44159227.91015752,2025-11-20 20:22:14
er_32768_1_2.txt,erdos_renyi_10ins_m20,44,SpecAnn,0.9306673585570006,1.0,-8861272.0,-7690954.000000001,0.0466289520263671,0,True,68,129,True,110,32,0.7815756797790527,65.96012878417969,-42613262.02156105,2025-11-20 20:22:14
er_32768_1_2.txt,erdos_renyi_10ins_m20,44,SpecAnn,0.9348880938548184,1.0,-8863804.000000002,-7679159.999999999,0.0347604751586914,0,True,68,97,True,111,32,0.7753318548202515,64.15634155273438,-41116815.0917541,2025-11-20 20:22:14
er_32768_1_2.txt,erdos_renyi_10ins_m20,44,SpecAnn,0.9390898592677528,1.0,-8842202.0,-7679368.000000001,0.034907579421997,0,True,68,97,True,112,32,0.768937885761261,62.41045379638672,-39668049.65431764,2025-11-20 20:22:14
er_32768_1_2.txt,erdos_renyi_10ins_m20,44,SpecAnn,0.9432729082972536,1.0,-8854326.0,-7679454.0,0.0355112552642822,0,True,68,97,True,113,32,0.7623906135559082,60.720314025878906,-38265183.30939522,2025-11-20 20:22:14
er_32768_1_2.txt,erdos_renyi_10ins_m20,44,SpecAnn,0.9474374888485204,1.0,-8841592.0,-7677090.000000001,0.0354406833648681,0,True,68,97,True,114,32,0.755687415599823,59.08388519287109,-36906552.94053983,2025-11-20 20:22:15
er_32768_1_2.txt,erdos_renyi_10ins_m20,44,SpecAnn,0.9515838434019476,1.0,-8844336.000000002,-7676532.0,0.0238823890686035,0,True,68,65,True,115,32,0.7488245368003845,57.49917602539063,-35590487.45863662,2025-11-20 20:22:15
er_32768_1_2.txt,erdos_renyi_10ins_m20,44,SpecAnn,0.9557122091778746,1.0,-8847812.0,-7679910.000000001,0.0351655483245849,0,True,68,97,True,116,32,0.7417998909950256,55.96435928344727,-34315517.266107805,2025-11-20 20:22:15
er_32768_1_2.txt,erdos_renyi_10ins_m20,44,SpecAnn,0.9598228182949629,1.0,-8833270.0,-7673615.999999999,0.0237810611724853,0,True,68,65,True,117,32,0.7346091866493225,54.477577209472656,-33080067.612216067,2025-11-20 20:22:15
er_32768_1_2.txt,erdos_renyi_10ins_m20,44,SpecAnn,0.963915897922488,1.0,-8832277.999999998,-7678944.000000001,0.0349516868591308,0,True,68,97,True,118,32,0.7272500395774841,53.037147521972656,-31882778.39901525,2025-11-20 20:22:15
er_32768_1_2.txt,erdos_renyi_10ins_m20,44,SpecAnn,0.967991670426842,1.0,-8834758.0,-7677981.999999999,0.023597240447998,0,True,68,65,True,119,32,0.7197186350822449,51.641380310058594,-30722237.21259608,2025-11-20 20:22:15
er_32768_1_2.txt,erdos_renyi_10ins_m20,44,SpecAnn,0.9720503535125016,1.0,-8832934.0,-7684078.000000001,0.0350608825683593,0,True,68,97,True,120,32,0.7120110988616943,50.28868103027344,-29597106.63042377,2025-11-20 20:22:15
er_32768_1_2.txt,erdos_renyi_10ins_m20,44,SpecAnn,0.9760921603577252,1.0,-8853220.000000002,-7676704.0,0.0236167907714843,0,True,68,65,True,121,32,0.7041248679161072,48.97755432128906,-28506180.20751252,2025-11-20 20:22:15
er_32768_1_2.txt,erdos_renyi_10ins_m20,44,SpecAnn,0.9801172997452104,1.0,-8839856.0,-7675986.000000001,0.035247802734375,0,True,68,97,True,122,32,0.6960555911064148,47.70651245117188,-27448198.37440621,2025-11-20 20:22:15
er_32768_1_2.txt,erdos_renyi_10ins_m20,44,SpecAnn,0.9841259761879442,1.0,-8840478.000000002,-7669704.000000001,0.02354097366333,0,True,68,65,True,123,32,0.6878005266189575,46.47417449951172,-26422045.54727177,2025-11-20 20:22:15
er_32768_1_2.txt,erdos_renyi_10ins_m20,44,SpecAnn,0.9881183900504562,1.0,-8848044.000000002,-7672166.0,0.0346906185150146,0,True,68,97,True,124,32,0.6793550848960876,45.27915954589844,-25426549.94367511,2025-11-20 20:22:15
er_32768_1_2.txt,erdos_renyi_10ins_m20,44,SpecAnn,0.9920947376656812,1.0,-8852116.0,-7676654.0,0.0235817432403564,0,True,68,65,True,125,32,0.6707158088684082,44.12020111083984,-24460665.843284912,2025-11-20 20:22:15
er_32768_1_2.txt,erdos_renyi_10ins_m20,44,SpecAnn,0.9960552114476228,1.0,-8844658.0,-7684280.0,0.0347063541412353,0,True,68,97,True,126,32,0.6618796586990356,42.996055603027344,-23523389.445632663,2025-11-20 20:22:15
er_32768_1_2.txt,erdos_renyi_10ins_m20,44,SpecAnn,1.0,1.0,-8843426.0,-7683411.999999999,0.0236308574676513,0,True,68,65,True,127,32,0.6528416872024536,41.905494689941406,-22613672.53180588,2025-11-20 20:22:15
er_32768_1_2.txt,erdos_renyi_10ins_m20,45,SpecAnn,0.0,1.0,-8584680.000000002,-1818830.0,0.0138781070709228,0,True,70,33,True,0,32,0.9936298727989196,32769.0,-26914113324.08092,2025-11-20 20:22:15
er_32768_1_2.txt,erdos_renyi_10ins_m20,45,SpecAnn,0.0887356509416113,1.0,-8605754.0,-1883120.0,0.0126247406005859,0,True,70,33,True,1,32,0.9914242625236512,18081.572265625,-14817945151.251432,2025-11-20 20:22:15
er_32768_1_2.txt,erdos_renyi_10ins_m20,45,SpecAnn,0.1254911610276317,1.0,-8593702.000000002,-1910852.0,0.0124309062957763,0,True,70,33,True,2,32,0.9902990460395812,14135.4921875,-11570964046.478651,2025-11-20 20:22:15
er_32768_1_2.txt,erdos_renyi_10ins_m20,45,SpecAnn,0.1536946558735679,1.0,-8572586.0,-1949151.9999999995,0.0124526023864746,0,True,70,33,True,3,32,0.989335834980011,11702.505859375,-9570064301.936926,2025-11-20 20:22:15
er_32768_1_2.txt,erdos_renyi_10ins_m20,45,SpecAnn,0.1774713018832227,1.0,-8615596.0,-1974968.0,0.0123975276947021,0,True,70,33,True,4,32,0.988449215888977,9980.048828125,-8154160882.595713,2025-11-20 20:22:15
er_32768_1_2.txt,erdos_renyi_10ins_m20,45,SpecAnn,0.1984189475331362,1.0,-8594968.0,-2002126.0,0.0123374462127685,0,True,70,33,True,5,32,0.987606644630432,8674.037109375,-7081047824.592373,2025-11-20 20:22:15
er_32768_1_2.txt,erdos_renyi_10ins_m20,45,SpecAnn,0.2173570668006655,1.0,-8611018.0,-2028118.0,0.0125257968902587,0,True,70,33,True,6,32,0.9867915511131288,7641.16357421875,-6232713551.597984,2025-11-20 20:22:15
er_32768_1_2.txt,erdos_renyi_10ins_m20,45,SpecAnn,0.2347724648169381,1.0,-8603296.0,-2060678.0000000005,0.0125899314880371,0,True,70,33,True,7,32,0.985994279384613,6800.3359375,-5542389091.299231,2025-11-20 20:22:15
er_32768_1_2.txt,erdos_renyi_10ins_m20,45,SpecAnn,0.2509823220552634,1.0,-8597496.0,-2087216.0,0.0125610828399658,0,True,70,33,True,8,32,0.98520827293396,6101.134765625,-4968564323.6194,2025-11-20 20:22:15
er_32768_1_2.txt,erdos_renyi_10ins_m20,45,SpecAnn,0.2662069528248341,1.0,-8604898.000000002,-2110587.9999999995,0.0126056671142578,0,True,70,33,True,9,32,0.9844294786453248,5510.09326171875,-4483692376.8494,2025-11-20 20:22:15
er_32768_1_2.txt,erdos_renyi_10ins_m20,45,SpecAnn,0.2806067666331568,1.0,-8602920.0,-2138006.0,0.0125367641448974,0,True,70,33,True,10,32,0.9836544990539552,5003.89892578125,-4068584684.8633857,2025-11-20 20:22:15
er_32768_1_2.txt,erdos_renyi_10ins_m20,45,SpecAnn,0.2943028597012718,1.0,-8610536.000000002,-2162442.0,0.0124337673187255,0,True,70,33,True,11,32,0.9828810691833496,4565.6953125,-3709369911.0817738,2025-11-20 20:22:15
er_32768_1_2.txt,erdos_renyi_10ins_m20,45,SpecAnn,0.3073893117471359,1.0,-8589960.0,-2182348.0000000005,0.0123589038848876,0,True,70,33,True,12,32,0.9821072220802308,4182.92529296875,-3395715221.545103,2025-11-20 20:22:15
er_32768_1_2.txt,erdos_renyi_10ins_m20,45,SpecAnn,0.3199409394316542,1.0,-8616204.0,-2199420.0,0.012498140335083,0,True,70,33,True,13,32,0.9813315868377686,3846.01171875,-3119741641.116047,2025-11-20 20:22:15
er_32768_1_2.txt,erdos_renyi_10ins_m20,45,SpecAnn,0.3320184038158743,1.0,-8599454.0,-2228837.9999999995,0.0124154090881347,0,True,70,33,True,14,32,0.980552852153778,3547.4931640625,-2875310981.751238,2025-11-20 20:22:15
er_32768_1_2.txt,erdos_renyi_10ins_m20,45,SpecAnn,0.3436716983117353,1.0,-8586314.0,-2257188.0,0.0123827457427978,0,True,70,33,True,15,32,0.9797698855400084,3281.464111328125,-2657565603.3951874,2025-11-20 20:22:15
er_32768_1_2.txt,erdos_renyi_10ins_m20,45,SpecAnn,0.3549426037664455,1.0,-8622072.000000002,-2273813.9999999995,0.0123813152313232,0,True,70,33,True,16,32,0.9789819717407228,3043.177734375,-2462602184.9987965,2025-11-20 20:22:15
er_32768_1_2.txt,erdos_renyi_10ins_m20,45,SpecAnn,0.3658664615902029,1.0,-8595622.0,-2293465.9999999995,0.0124664306640625,0,True,70,33,True,17,32,0.9781882762908936,2828.769287109375,-2287242594.1213183,2025-11-20 20:22:15
er_32768_1_2.txt,erdos_renyi_10ins_m20,45,SpecAnn,0.3764734830828951,1.0,-8619880.000000002,-2324840.0,0.0124342441558837,0,True,70,33,True,18,32,0.9773879647254944,2635.0595703125,-2128872604.0090013,2025-11-20 20:22:15
er_32768_1_2.txt,erdos_renyi_10ins_m20,45,SpecAnn,0.3867897351437838,1.0,-8592904.0,-2346919.9999999995,0.01241135597229,0,True,70,33,True,19,32,0.9765806794166564,2459.40625,-1985320599.8847003,2025-11-20 20:22:15
er_32768_1_2.txt,erdos_renyi_10ins_m20,45,SpecAnn,0.3968378950662725,1.0,-8578669.999999998,-2366065.9999999995,0.0124197006225585,0,True,70,33,True,20,32,0.9757657647132874,2299.592529296875,-1854764240.553249,2025-11-20 20:22:15
er_32768_1_2.txt,erdos_renyi_10ins_m20,45,SpecAnn,0.4066378372811136,1.0,-8597802.0,-2385980.0,0.0126199722290039,0,True,70,33,True,21,32,0.9749427437782288,2153.746337890625,-1735665023.6602738,2025-11-20 20:22:15
er_32768_1_2.txt,erdos_renyi_10ins_m20,45,SpecAnn,0.4162070956347247,1.0,-8593974.0,-2421898.0,0.0126206874847412,0,True,70,33,True,22,32,0.9741111397743224,2020.273681640625,-1626713102.3414826,2025-11-20 20:22:15
er_32768_1_2.txt,erdos_renyi_10ins_m20,45,SpecAnn,0.4255612320274539,1.0,-8618218.0,-2448153.9999999995,0.0125925540924072,0,True,70,33,True,23,32,0.9732703566551208,1897.8096923828125,-1526786829.4137695,2025-11-20 20:22:15
er_32768_1_2.txt,erdos_renyi_10ins_m20,45,SpecAnn,0.434714133601331,1.0,-8600320.0,-2469984.0000000005,0.012561559677124,0,True,70,33,True,24,32,0.9724202752113342,1785.1771240234375,-1434919597.1849842,2025-11-20 20:22:15
er_32768_1_2.txt,erdos_renyi_10ins_m20,45,SpecAnn,0.4436782547080569,1.0,-8592010.0,-2508212.0000000005,0.0123877525329589,0,True,70,33,True,25,32,0.9715603590011596,1681.357666015625,-1350274741.0123012,2025-11-20 20:22:16
er_32768_1_2.txt,erdos_renyi_10ins_m20,45,SpecAnn,0.4524648157026343,1.0,-8608524.000000002,-2530286.0,0.0124411582946777,0,True,70,33,True,26,32,0.9706902503967284,1585.463623046875,-1272123273.59699,2025-11-20 20:22:16
er_32768_1_2.txt,erdos_renyi_10ins_m20,45,SpecAnn,0.4610839676207039,1.0,-8616454.0,-2556130.0,0.0124046802520751,0,True,70,33,True,27,32,0.9698094725608826,1496.719482421875,-1199828246.9253232,2025-11-20 20:22:16
er_32768_1_2.txt,erdos_renyi_10ins_m20,45,SpecAnn,0.4695449296338763,1.0,-8587528.0,-2590540.0,0.0124106407165527,0,True,70,33,True,28,32,0.9689179062843324,1414.44384765625,-1132830521.5024312,2025-11-20 20:22:16
er_32768_1_2.txt,erdos_renyi_10ins_m20,45,SpecAnn,0.4778561045889373,1.0,-8567558.000000002,-2616506.0,0.0123946666717529,0,True,70,33,True,29,32,0.9680150151252748,1338.03515625,-1070636060.2292744,2025-11-20 20:22:16
er_32768_1_2.txt,erdos_renyi_10ins_m20,45,SpecAnn,0.4860251767562508,1.0,-8610978.0,-2652772.0,0.0125277042388916,0,True,70,33,True,30,32,0.9671004414558412,1266.962158203125,-1012808817.3495568,2025-11-20 20:22:16
er_32768_1_2.txt,erdos_renyi_10ins_m20,45,SpecAnn,0.4940591950252281,1.0,-8620556.0,-2681506.0000000005,0.0123848915100097,0,True,70,33,True,31,32,0.9661740064620972,1200.7528076171875,-958961581.522085,2025-11-20 20:22:16
er_32768_1_2.txt,erdos_renyi_10ins_m20,45,SpecAnn,0.5019646441105269,1.0,-8605050.000000002,-2709382.0,0.012387990951538,0,True,70,33,True,32,32,0.9652352929115297,1138.986572265625,-908749208.8251642,2025-11-20 20:22:16
er_32768_1_2.txt,erdos_renyi_10ins_m20,45,SpecAnn,0.5097475058154177,1.0,-8603136.0,-2741180.0,0.0125021934509277,0,True,70,33,True,33,32,0.9642839431762696,1081.2869873046875,-861862848.1359047,2025-11-20 20:22:16
er_32768_1_2.txt,erdos_renyi_10ins_m20,45,SpecAnn,0.51741331199832,1.0,-8616884.000000002,-2770002.0,0.0124754905700683,0,True,70,33,True,34,32,0.9633195996284484,1027.3179931640625,-818026814.3186105,2025-11-20 20:22:16
er_32768_1_2.txt,erdos_renyi_10ins_m20,45,SpecAnn,0.5249671905758515,1.0,-8618968.0,-2799014.0000000005,0.0124082565307617,0,True,70,33,True,35,32,0.9623419046401978,976.77685546875,-776992821.407118,2025-11-20 20:22:16
er_32768_1_2.txt,erdos_renyi_10ins_m20,45,SpecAnn,0.5324139056496683,1.0,-8581738.0,-2831154.0,0.0124387741088867,0,True,70,33,True,36,32,0.961350679397583,929.3912963867188,-738537729.9222542,2025-11-20 20:22:16
er_32768_1_2.txt,erdos_renyi_10ins_m20,45,SpecAnn,0.5397578926492556,1.0,-8567062.0,-2861902.0,0.0124387741088867,0,True,70,33,True,37,32,0.9603452682495116,884.9150390625,-702459395.1264485,2025-11-20 20:22:16
er_32768_1_2.txt,erdos_renyi_10ins_m20,45,SpecAnn,0.5470032892270364,1.0,-8581666.0,-2896881.9999999995,0.0124752521514892,0,True,70,33,True,38,32,0.9593256115913392,843.1260986328125,-668576058.6227126,2025-11-20 20:22:16
er_32768_1_2.txt,erdos_renyi_10ins_m20,45,SpecAnn,0.554153962516942,1.0,-8561844.0,-2937919.9999999995,0.0124895572662353,0,True,70,33,True,39,32,0.958291232585907,803.8219604492188,-636721669.3246542,2025-11-20 20:22:16
er_32768_1_2.txt,erdos_renyi_10ins_m20,45,SpecAnn,0.5612135332663137,1.0,-8625530.0,-2967958.0,0.0124063491821289,0,True,70,33,True,40,32,0.957241714000702,766.8197631835938,-606746334.9544839,2025-11-20 20:22:16
er_32768_1_2.txt,erdos_renyi_10ins_m20,45,SpecAnn,0.5681853972686127,1.0,-8592324.0,-3002522.0,0.0124688148498535,0,True,70,33,True,41,32,0.9561767578125,731.9527587890625,-578513480.6988822,2025-11-20 20:22:16
er_32768_1_2.txt,erdos_renyi_10ins_m20,45,SpecAnn,0.5750727444570146,1.0,-8577126.000000002,-3040167.9999999995,0.012589693069458,0,True,70,33,True,42,32,0.9550957679748536,699.068359375,-551897993.5475671,2025-11-20 20:22:16
er_32768_1_2.txt,erdos_renyi_10ins_m20,45,SpecAnn,0.5818785759635375,1.0,-8591675.999999998,-3081380.0000000005,0.0126521587371826,0,True,70,33,True,43,32,0.9539987444877625,668.0276489257812,-526786321.4217465,2025-11-20 20:22:16
er_32768_1_2.txt,erdos_renyi_10ins_m20,45,SpecAnn,0.5886057194025436,1.0,-8570428.0,-3121794.0,0.0159904956817626,0,True,70,33,True,44,32,0.9528849124908448,638.7036743164062,-503074279.3021949,2025-11-20 20:22:16
er_32768_1_2.txt,erdos_renyi_10ins_m20,45,SpecAnn,0.5952568425994088,1.0,-8605234.0,-3149981.9999999995,0.0127158164978027,0,True,70,33,True,45,32,0.9517539143562316,610.979248046875,-480665974.0223332,2025-11-20 20:22:16
er_32768_1_2.txt,erdos_renyi_10ins_m20,45,SpecAnn,0.6018344659534288,1.0,-8605924.0,-3186974.0,0.0124437808990478,0,True,70,33,True,46,32,0.9506053924560548,584.747802734375,-459474189.8442769,2025-11-20 20:22:16
er_32768_1_2.txt,erdos_renyi_10ins_m20,45,SpecAnn,0.6083409735974393,1.0,-8616229.999999998,-3217966.0000000005,0.0125112533569335,0,True,70,33,True,47,32,0.9494388103485109,559.9107666015625,-439418207.0317527,2025-11-20 20:22:16
er_32768_1_2.txt,erdos_renyi_10ins_m20,45,SpecAnn,0.6147786234942719,1.0,-8644424.000000002,-3260511.9999999995,0.0123941898345947,0,True,70,33,True,48,32,0.9482539296150208,536.3773803710938,-420423859.3242952,2025-11-20 20:22:16
er_32768_1_2.txt,erdos_renyi_10ins_m20,45,SpecAnn,0.6211495565912796,1.0,-8578912.0,-3315345.9999999995,0.0124995708465576,0,True,70,33,True,49,32,0.947049915790558,514.064453125,-402422905.50752056,2025-11-20 20:22:16
er_32768_1_2.txt,erdos_renyi_10ins_m20,45,SpecAnn,0.6274558051381586,1.0,-8608272.000000002,-3357146.0,0.0124151706695556,0,True,70,33,True,50,32,0.9458264708518982,492.8943481445313,-385351941.37168336,2025-11-20 20:22:16
er_32768_1_2.txt,erdos_renyi_10ins_m20,45,SpecAnn,0.6336993002596786,1.0,-8574000.000000002,-3408568.0,0.0124194622039794,0,True,70,33,True,51,32,0.9445828795433044,472.7964172363281,-369153079.085012,2025-11-20 20:22:16
er_32768_1_2.txt,erdos_renyi_10ins_m20,45,SpecAnn,0.6398818788633085,1.0,-8585356.0,-3447700.0,0.0124151706695556,0,True,70,33,True,52,32,0.9433189630508424,453.7044067382813,-353772288.4841318,2025-11-20 20:22:16
er_32768_1_2.txt,erdos_renyi_10ins_m20,45,SpecAnn,0.6460052899517691,1.0,-8575098.0,-3494004.0000000005,0.0125250816345214,0,True,70,33,True,53,32,0.9420337677001952,435.5571899414063,-339159437.5403843,2025-11-20 20:22:16
er_32768_1_2.txt,erdos_renyi_10ins_m20,45,SpecAnn,0.6520712004019966,1.0,-8612252.0,-3538874.0000000005,0.0124952793121337,0,True,70,33,True,54,32,0.9407269358634948,418.2982177734375,-325268376.57830155,2025-11-20 20:22:16
er_32768_1_2.txt,erdos_renyi_10ins_m20,45,SpecAnn,0.6580812002646271,1.0,-8579418.0,-3583040.0000000005,0.0124006271362304,0,True,70,33,True,55,32,0.9393978118896484,401.8749694824219,-312056152.8870043,2025-11-20 20:22:16
er_32768_1_2.txt,erdos_renyi_10ins_m20,45,SpecAnn,0.6640368076317485,1.0,-8619548.000000002,-3620548.000000001,0.0125243663787841,0,True,70,33,True,56,32,0.9380455017089844,386.23834228515625,-299482560.9121754,2025-11-20 20:22:16
er_32768_1_2.txt,erdos_renyi_10ins_m20,45,SpecAnn,0.6699394731151429,1.0,-8586938.0,-3665436.000000001,0.0127522945404052,0,True,70,33,True,57,32,0.9366697669029236,371.3431396484375,-287510795.41772544,2025-11-20 20:22:16
er_32768_1_2.txt,erdos_renyi_10ins_m20,45,SpecAnn,0.6757905839724513,1.0,-8630178.000000002,-3714786.000000001,0.0126571655273437,0,True,70,33,True,58,32,0.93526953458786,357.1467590332031,-276105939.96001315,2025-11-20 20:22:16
er_32768_1_2.txt,erdos_renyi_10ins_m20,45,SpecAnn,0.6815914679145113,1.0,-8596844.0,-3757554.0,0.0125410556793212,0,True,70,33,True,59,32,0.9338443279266356,343.61004638671875,-265236071.5891795,2025-11-20 20:22:16
er_32768_1_2.txt,erdos_renyi_10ins_m20,45,SpecAnn,0.6873433966234707,1.0,-8609114.0,-3807764.000000001,0.0124251842498779,0,True,70,33,True,60,32,0.9323931336402892,330.69586181640625,-254870796.12682608,2025-11-20 20:22:16
er_32768_1_2.txt,erdos_renyi_10ins_m20,45,SpecAnn,0.6930475890080863,1.0,-8604636.0,-3845238.000000001,0.0124351978302001,0,True,70,33,True,61,32,0.9309154152870178,318.3700561523437,-244982286.95166105,2025-11-20 20:22:16
er_32768_1_2.txt,erdos_renyi_10ins_m20,45,SpecAnn,0.6987052142198116,1.0,-8618973.999999998,-3895506.0,0.0124573707580566,0,True,70,33,True,62,32,0.929409921169281,306.6004638671875,-235544170.4620933,2025-11-20 20:22:16
er_32768_1_2.txt,erdos_renyi_10ins_m20,45,SpecAnn,0.7043173944508145,1.0,-8609988.000000002,-3935200.000000001,0.0123152732849121,0,True,70,33,True,63,32,0.9278762340545654,295.3568725585937,-226531906.72318003,2025-11-20 20:22:16
er_32768_1_2.txt,erdos_renyi_10ins_m20,45,SpecAnn,0.709885207532891,1.0,-8616756.0,-3993162.0,0.012507677078247,0,True,70,33,True,64,32,0.9263131618499756,284.61138916015625,-217922643.5335646,2025-11-20 20:22:16
er_32768_1_2.txt,erdos_renyi_10ins_m20,45,SpecAnn,0.7154096893543218,1.0,-8615246.0,-4045450.0,0.0125098228454589,0,True,70,33,True,65,32,0.9247196912765504,274.33740234375,-209694662.5563752,2025-11-20 20:22:16
er_32768_1_2.txt,erdos_renyi_10ins_m20,45,SpecAnn,0.7208918361100219,1.0,-8590936.0,-4105450.000000001,0.0123846530914306,0,True,70,33,True,66,32,0.9230948686599731,264.51043701171875,-201827991.52185017,2025-11-20 20:22:16
er_32768_1_2.txt,erdos_renyi_10ins_m20,45,SpecAnn,0.7263326063988248,1.0,-8607706.0,-4157132.000000001,0.012315034866333,0,True,70,33,True,67,32,0.921437680721283,255.10720825195312,-194303644.54176813,2025-11-20 20:22:16
er_32768_1_2.txt,erdos_renyi_10ins_m20,45,SpecAnn,0.7317329231804058,1.0,-8614222.0,-4219156.0,0.0123066902160644,0,True,70,33,True,68,32,0.9197468757629396,246.10598754882807,-187103861.0623032,2025-11-20 20:22:16
er_32768_1_2.txt,erdos_renyi_10ins_m20,45,SpecAnn,0.7370936756031579,1.0,-8606964.0,-4283790.000000001,0.0124459266662597,0,True,70,33,True,69,32,0.9180211424827576,237.4862365722656,-180211863.3467893,2025-11-20 20:22:16
er_32768_1_2.txt,erdos_renyi_10ins_m20,45,SpecAnn,0.7424157207132704,1.0,-8612178.0,-4354358.0,0.012333869934082,0,True,70,33,True,70,32,0.9162593483924866,229.2288818359375,-173612105.14139143,2025-11-20 20:22:16
er_32768_1_2.txt,erdos_renyi_10ins_m20,45,SpecAnn,0.7476998850543153,1.0,-8612886.0,-4423346.0,0.0122871398925781,0,True,70,33,True,71,32,0.9144601821899414,221.3158264160156,-167289822.44082114,2025-11-20 20:22:16
er_32768_1_2.txt,erdos_renyi_10ins_m20,45,SpecAnn,0.7529469661657903,1.0,-8619564.0,-4475580.0,0.012298583984375,0,True,70,33,True,72,32,0.912622094154358,213.7298889160156,-161230977.5772544,2025-11-20 20:22:16
er_32768_1_2.txt,erdos_renyi_10ins_m20,45,SpecAnn,0.7581577339883167,1.0,-8620312.0,-4536360.0,0.0123524665832519,0,True,70,33,True,73,32,0.9107434749603271,206.4552001953125,-155422590.51680538,2025-11-20 20:22:16
er_32768_1_2.txt,erdos_renyi_10ins_m20,45,SpecAnn,0.7633329321824984,1.0,-8635672.000000002,-4597598.0,0.0123693943023681,0,True,70,33,True,74,32,0.9088229537010192,199.47659301757807,-149852322.34677044,2025-11-20 20:22:16
er_32768_1_2.txt,erdos_renyi_10ins_m20,45,SpecAnn,0.7684732793678399,1.0,-8610504.000000002,-4676734.0,0.0123312473297119,0,True,70,33,True,75,32,0.9068586826324464,192.77978515625,-144508487.6451703,2025-11-20 20:22:16
er_32768_1_2.txt,erdos_renyi_10ins_m20,45,SpecAnn,0.7735794702875677,1.0,-8637104.0,-4744682.0,0.0123214721679687,0,True,70,33,True,76,32,0.9048488736152648,186.35134887695312,-139380121.67975298,2025-11-20 20:22:16
er_32768_1_2.txt,erdos_renyi_10ins_m20,45,SpecAnn,0.7786521769046981,1.0,-8623114.0,-4838738.000000001,0.0123777389526367,0,True,70,33,True,77,32,0.9027916789054872,180.1786193847656,-134456886.62595317,2025-11-20 20:22:16
er_32768_1_2.txt,erdos_renyi_10ins_m20,45,SpecAnn,0.7836920494342511,1.0,-8619328.0,-4907726.000000001,0.0124008655548095,0,True,70,33,True,78,32,0.9006848335266113,174.24957275390625,-129728925.28024668,2025-11-20 20:22:16
er_32768_1_2.txt,erdos_renyi_10ins_m20,45,SpecAnn,0.788699717316095,1.0,-8621748.0,-5001994.0,0.0124077796936035,0,True,70,33,True,79,32,0.8985262513160706,168.55287170410156,-125186983.46055467,2025-11-20 20:22:16
er_32768_1_2.txt,erdos_renyi_10ins_m20,45,SpecAnn,0.7936757901325451,1.0,-8623730.0,-5066372.000000001,0.0123116970062255,0,True,70,33,True,80,32,0.8963136672973633,163.07785034179688,-120822340.76454704,2025-11-20 20:22:16
er_32768_1_2.txt,erdos_renyi_10ins_m20,45,SpecAnn,0.7986208584745024,1.0,-8663418.0,-5165616.000000001,0.012430191040039,0,True,70,33,True,81,32,0.8940443992614746,157.81423950195312,-116626575.12560388,2025-11-20 20:22:16
er_32768_1_2.txt,erdos_renyi_10ins_m20,45,SpecAnn,0.803535494759617,1.0,-8635262.0,-5257820.0,0.0123956203460693,0,True,70,33,True,82,32,0.8917160034179688,152.7525634765625,-112591943.74474694,2025-11-20 20:22:16
er_32768_1_2.txt,erdos_renyi_10ins_m20,45,SpecAnn,0.8084202540056837,1.0,-8650042.0,-5350162.0,0.0123395919799804,0,True,70,33,True,83,32,0.8893253207206726,147.88369750976562,-108710928.93816304,2025-11-20 20:22:16
er_32768_1_2.txt,erdos_renyi_10ins_m20,45,SpecAnn,0.8132756745622272,1.0,-8660966.0,-5443550.000000001,0.0123369693756103,0,True,70,33,True,84,32,0.8868694305419922,143.19894409179688,-104976417.98375328,2025-11-20 20:22:16
er_32768_1_2.txt,erdos_renyi_10ins_m20,45,SpecAnn,0.8181022788030096,1.0,-8649226.0,-5554882.0,0.0123541355133056,0,True,70,33,True,85,32,0.8843451142311096,138.69021606445312,-101381766.47267066,2025-11-20 20:22:16
er_32768_1_2.txt,erdos_renyi_10ins_m20,45,SpecAnn,0.822900573781978,1.0,-8668522.0,-5646502.0,0.0123593807220458,0,True,70,33,True,86,32,0.8817487359046936,134.34976196289062,-97920584.13944824,2025-11-20 20:22:16
er_32768_1_2.txt,erdos_renyi_10ins_m20,45,SpecAnn,0.8276710518549868,1.0,-8678156.0,-5747450.000000001,0.0123589038848876,0,True,70,33,True,87,32,0.8790764212608337,130.17022705078125,-94586802.06046826,2025-11-20 20:22:16
er_32768_1_2.txt,erdos_renyi_10ins_m20,45,SpecAnn,0.8324141912694495,1.0,-8690960.0,-5853104.000000001,0.0123608112335205,0,True,70,33,True,88,32,0.8763240575790405,126.14456176757812,-91374605.58464776,2025-11-20 20:22:16
er_32768_1_2.txt,erdos_renyi_10ins_m20,45,SpecAnn,0.8371304567239225,1.0,-8689772.000000002,-5950003.999999999,0.0124094486236572,0,True,70,33,True,89,32,0.8734872341156006,122.26626586914062,-88278604.52743968,2025-11-20 20:22:16
er_32768_1_2.txt,erdos_renyi_10ins_m20,45,SpecAnn,0.8418202998994706,1.0,-8702139.999999998,-6068712.000000001,0.0125925540924072,0,True,70,33,True,90,32,0.8705609440803528,118.52891540527344,-85293461.22055565,2025-11-20 20:22:16
er_32768_1_2.txt,erdos_renyi_10ins_m20,45,SpecAnn,0.846484159964536,1.0,-8703060.0,-6189590.0,0.01259446144104,0,True,70,33,True,91,32,0.8675400614738464,114.92657470703124,-82414238.57306309,2025-11-20 20:22:16
er_32768_1_2.txt,erdos_renyi_10ins_m20,45,SpecAnn,0.8511224640549078,1.0,-8715080.000000002,-6300606.0,0.0125186443328857,0,True,70,33,True,92,32,0.8644191026687622,111.45362854003906,-79636252.77374183,2025-11-20 20:22:16
er_32768_1_2.txt,erdos_renyi_10ins_m20,45,SpecAnn,0.8557356277302758,1.0,-8727651.999999998,-6410696.000000001,0.0123279094696044,0,True,70,33,True,93,32,0.86119145154953,108.10455322265624,-76954840.96994117,2025-11-20 20:22:16
er_32768_1_2.txt,erdos_renyi_10ins_m20,45,SpecAnn,0.8603240554087516,1.0,-8734028.0,-6547700.000000001,0.0123381614685058,0,True,70,33,True,94,32,0.8578508496284485,104.87420654296876,-74365708.91420706,2025-11-20 20:22:16
er_32768_1_2.txt,erdos_renyi_10ins_m20,45,SpecAnn,0.86488814078064,1.0,-8745460.0,-6680248.0,0.0123133659362792,0,True,70,33,True,95,32,0.8543897271156311,101.7577896118164,-71864751.98241867,2025-11-20 20:22:16
er_32768_1_2.txt,erdos_renyi_10ins_m20,45,SpecAnn,0.8694282672026621,1.0,-8775652.0,-6809200.0,0.0123047828674316,0,True,70,33,True,96,32,0.8508001565933228,98.7505340576172,-69447923.16783813,2025-11-20 20:22:16
er_32768_1_2.txt,erdos_renyi_10ins_m20,45,SpecAnn,0.8739448080737451,1.0,-8787772.0,-6923586.0,0.0235712528228759,0,True,70,65,True,97,32,0.8470730781555176,95.8480224609375,-67111397.82780929,2025-11-20 20:22:16
er_32768_1_2.txt,erdos_renyi_10ins_m20,45,SpecAnn,0.878438127193422,1.0,-8784970.0,-7043180.000000001,0.0234358310699462,0,True,70,65,True,98,32,0.8431990146636963,93.04605102539062,-64851538.70157731,2025-11-20 20:22:16
er_32768_1_2.txt,erdos_renyi_10ins_m20,45,SpecAnn,0.8829085791038153,1.0,-8823148.0,-7181918.000000002,0.0236153602600097,0,True,70,65,True,99,32,0.8391660451889038,90.34050750732422,-62664658.5184858,2025-11-20 20:22:16
er_32768_1_2.txt,erdos_renyi_10ins_m20,45,SpecAnn,0.8873565094161138,1.0,-8825266.0,-7350432.0,0.0239017009735107,0,True,70,65,True,100,32,0.8349614143371582,87.72758483886719,-60547306.50100259,2025-11-20 20:22:16
er_32768_1_2.txt,erdos_renyi_10ins_m20,45,SpecAnn,0.8917822551223932,1.0,-8855224.0,-7475889.999999999,0.0238707065582275,0,True,70,65,True,101,32,0.8305671215057373,85.20359802246094,-58495831.48754344,2025-11-20 20:22:17
er_32768_1_2.txt,erdos_renyi_10ins_m20,45,SpecAnn,0.8961861448935777,1.0,-8866268.0,-7614398.000000001,0.0347969532012939,0,True,70,97,True,102,32,0.8259568810462952,82.76504516601562,-56506262.22765944,2025-11-20 20:22:17
er_32768_1_2.txt,erdos_renyi_10ins_m20,45,SpecAnn,0.9005684993642872,1.0,-8881656.0,-7737466.000000001,0.0572826862335205,0,True,70,161,True,103,32,0.8210941553115845,80.40859985351562,-54574241.59763458,2025-11-20 20:22:17
er_32768_1_2.txt,erdos_renyi_10ins_m20,45,SpecAnn,0.9049296314052688,1.0,-8877364.0,-7772110.000000002,0.0574891567230224,0,True,70,161,True,104,32,0.8159641623497009,78.1310043334961,-52697102.93784085,2025-11-20 20:22:17
er_32768_1_2.txt,erdos_renyi_10ins_m20,45,SpecAnn,0.9092698463840684,1.0,-8862088.000000002,-7724204.000000001,0.0694096088409423,0,True,70,193,True,105,32,0.8106144666671753,75.92924499511719,-50876318.81486176,2025-11-20 20:22:17
er_32768_1_2.txt,erdos_renyi_10ins_m20,45,SpecAnn,0.9135894424145556,1.0,-8872130.0,-7701736.0,0.0799105167388916,0,True,70,225,True,106,32,0.8050971031188965,73.8004150390625,-49113322.696029134,2025-11-20 20:22:17
er_32768_1_2.txt,erdos_renyi_10ins_m20,45,SpecAnn,0.9178887105958816,1.0,-8856766.0,-7681881.999999999,0.0571701526641845,0,True,70,161,True,107,32,0.7994316816329956,71.7416763305664,-47407289.38040436,2025-11-20 20:22:17
er_32768_1_2.txt,erdos_renyi_10ins_m20,45,SpecAnn,0.922167935241408,1.0,-8857984.0,-7687940.000000001,0.0464148521423339,0,True,70,129,True,108,32,0.7936233878135681,69.75038146972656,-45756552.30698183,2025-11-20 20:22:17
er_32768_1_2.txt,erdos_renyi_10ins_m20,45,SpecAnn,0.92642739409812,1.0,-8842398.000000002,-7693336.0,0.0575644969940185,0,True,70,161,True,109,32,0.7876721024513245,67.82403564453125,-44159214.5437108,2025-11-20 20:22:17
er_32768_1_2.txt,erdos_renyi_10ins_m20,45,SpecAnn,0.9306673585570006,1.0,-8854596.000000002,-7690954.000000001,0.045947790145874,0,True,70,129,True,110,32,0.7815757393836975,65.96012878417969,-42613265.27134019,2025-11-20 20:22:17
er_32768_1_2.txt,erdos_renyi_10ins_m20,45,SpecAnn,0.9348880938548184,1.0,-8854743.999999998,-7679032.000000001,0.0347740650177001,0,True,70,97,True,111,32,0.7753317952156067,64.15634155273438,-41116811.93084546,2025-11-20 20:22:17
er_32768_1_2.txt,erdos_renyi_10ins_m20,45,SpecAnn,0.9390898592677528,1.0,-8844068.0,-7679368.000000001,0.034794807434082,0,True,70,97,True,112,32,0.7689378261566162,62.41045379638672,-39668046.57942687,2025-11-20 20:22:17
er_32768_1_2.txt,erdos_renyi_10ins_m20,45,SpecAnn,0.9432729082972536,1.0,-8852528.0,-7679454.0,0.0347251892089843,0,True,70,97,True,113,32,0.7623906135559082,60.720314025878906,-38265183.30939522,2025-11-20 20:22:17
er_32768_1_2.txt,erdos_renyi_10ins_m20,45,SpecAnn,0.9474374888485204,1.0,-8848906.0,-7677090.000000001,0.0349619388580322,0,True,70,97,True,114,32,0.755687415599823,59.08388519287109,-36906552.94053983,2025-11-20 20:22:17
er_32768_1_2.txt,erdos_renyi_10ins_m20,45,SpecAnn,0.9515838434019476,1.0,-8836484.0,-7676532.0,0.0239253044128417,0,True,70,65,True,115,32,0.7488245964050293,57.49917602539063,-35590490.29155442,2025-11-20 20:22:17
er_32768_1_2.txt,erdos_renyi_10ins_m20,45,SpecAnn,0.9557122091778746,1.0,-8833216.0,-7681200.000000001,0.0350735187530517,0,True,70,97,True,116,32,0.7417998313903809,55.96435928344727,-34315514.50880865,2025-11-20 20:22:17
er_32768_1_2.txt,erdos_renyi_10ins_m20,45,SpecAnn,0.9598228182949629,1.0,-8849402.000000002,-7673615.999999999,0.0236649513244628,0,True,70,65,True,117,32,0.7346091270446777,54.477577209472656,-33080064.928168938,2025-11-20 20:22:17
er_32768_1_2.txt,erdos_renyi_10ins_m20,45,SpecAnn,0.963915897922488,1.0,-8847022.0,-7678944.000000001,0.0349190235137939,0,True,70,97,True,118,32,0.7272501587867737,53.037147521972656,-31882783.62517291,2025-11-20 20:22:17
er_32768_1_2.txt,erdos_renyi_10ins_m20,45,SpecAnn,0.967991670426842,1.0,-8836782.0,-7677981.999999999,0.0240566730499267,0,True,70,65,True,119,32,0.7197185754776001,51.641380310058594,-30722234.668285083,2025-11-20 20:22:17
er_32768_1_2.txt,erdos_renyi_10ins_m20,45,SpecAnn,0.9720503535125016,1.0,-8831102.0,-7684078.000000001,0.0350852012634277,0,True,70,97,True,120,32,0.7120110988616943,50.28868103027344,-29597106.63042377,2025-11-20 20:22:17
er_32768_1_2.txt,erdos_renyi_10ins_m20,45,SpecAnn,0.9760921603577252,1.0,-8846056.000000002,-7676704.0,0.0235853195190429,0,True,70,65,True,121,32,0.7041248083114624,48.97755432128906,-28506177.794445142,2025-11-20 20:22:17
er_32768_1_2.txt,erdos_renyi_10ins_m20,45,SpecAnn,0.9801172997452104,1.0,-8852388.0,-7675986.000000001,0.0347614288330078,0,True,70,97,True,122,32,0.6960556507110596,47.70651245117188,-27448200.724850822,2025-11-20 20:22:17
er_32768_1_2.txt,erdos_renyi_10ins_m20,45,SpecAnn,0.9841259761879442,1.0,-8842186.0,-7669704.000000001,0.0236222743988037,0,True,70,65,True,123,32,0.6878005266189575,46.47417449951172,-26422045.54727177,2025-11-20 20:22:17
er_32768_1_2.txt,erdos_renyi_10ins_m20,45,SpecAnn,0.9881183900504562,1.0,-8864122.0,-7672166.0,0.0348572731018066,0,True,70,97,True,124,32,0.6793550252914429,45.27915954589844,-25426547.71282336,2025-11-20 20:22:17
er_32768_1_2.txt,erdos_renyi_10ins_m20,45,SpecAnn,0.9920947376656812,1.0,-8861448.0,-7676654.0,0.0239708423614501,0,True,70,65,True,125,32,0.6707160472869873,44.12020111083984,-24460674.538289737,2025-11-20 20:22:17
er_32768_1_2.txt,erdos_renyi_10ins_m20,45,SpecAnn,0.9960552114476228,1.0,-8855340.0,-7684280.0,0.0354180335998535,0,True,70,97,True,126,32,0.6618795394897461,42.996055603027344,-23523385.208900943,2025-11-20 20:22:18
er_32768_1_2.txt,erdos_renyi_10ins_m20,45,SpecAnn,1.0,1.0,-8850874.0,-7683224.000000001,0.0238065719604492,0,True,70,65,True,127,32,0.6528416872024536,41.905494689941406,-22613672.53180588,2025-11-20 20:22:18
er_32768_1_2.txt,erdos_renyi_10ins_m20,46,SpecAnn,0.0,1.0,-8594136.0,-1818830.0,0.0138461589813232,0,True,73,33,True,0,32,0.9936299920082092,32769.0,-26914116553.06227,2025-11-20 20:22:18
er_32768_1_2.txt,erdos_renyi_10ins_m20,46,SpecAnn,0.0887356509416113,1.0,-8589510.0,-1883120.0,0.012559175491333,0,True,73,33,True,1,32,0.991424322128296,18081.572265625,-14817946042.109554,2025-11-20 20:22:18
er_32768_1_2.txt,erdos_renyi_10ins_m20,46,SpecAnn,0.1254911610276317,1.0,-8586991.999999998,-1910852.0,0.0124366283416748,0,True,73,33,True,2,32,0.990299105644226,14135.4921875,-11570964742.91798,2025-11-20 20:22:18
er_32768_1_2.txt,erdos_renyi_10ins_m20,46,SpecAnn,0.1536946558735679,1.0,-8609998.0,-1949151.9999999995,0.0123662948608398,0,True,73,33,True,3,32,0.989335834980011,11702.505859375,-9570064301.936926,2025-11-20 20:22:18
er_32768_1_2.txt,erdos_renyi_10ins_m20,46,SpecAnn,0.1774713018832227,1.0,-8581380.0,-1974968.0,0.0125298500061035,0,True,73,33,True,4,32,0.988449215888977,9980.048828125,-8154160882.595713,2025-11-20 20:22:18
er_32768_1_2.txt,erdos_renyi_10ins_m20,46,SpecAnn,0.1984189475331362,1.0,-8599374.0,-2002126.0,0.0126419067382812,0,True,73,33,True,5,32,0.987606644630432,8674.037109375,-7081047824.592373,2025-11-20 20:22:18
er_32768_1_2.txt,erdos_renyi_10ins_m20,46,SpecAnn,0.2173570668006655,1.0,-8594821.999999998,-2028118.0,0.0125484466552734,0,True,73,33,True,6,32,0.9867915511131288,7641.16357421875,-6232713551.597984,2025-11-20 20:22:18
er_32768_1_2.txt,erdos_renyi_10ins_m20,46,SpecAnn,0.2347724648169381,1.0,-8614784.0,-2060678.0,0.0123355388641357,0,True,73,33,True,7,32,0.9859942197799684,6800.3359375,-5542388756.254556,2025-11-20 20:22:18
er_32768_1_2.txt,erdos_renyi_10ins_m20,46,SpecAnn,0.2509823220552634,1.0,-8607886.0,-2087216.0,0.0123698711395263,0,True,73,33,True,8,32,0.98520827293396,6101.134765625,-4968564323.6194,2025-11-20 20:22:18
er_32768_1_2.txt,erdos_renyi_10ins_m20,46,SpecAnn,0.2662069528248341,1.0,-8597426.0,-2110587.9999999995,0.0124177932739257,0,True,73,33,True,9,32,0.9844294786453248,5510.09326171875,-4483692376.8494,2025-11-20 20:22:18
er_32768_1_2.txt,erdos_renyi_10ins_m20,46,SpecAnn,0.2806067666331568,1.0,-8585796.0,-2138006.0,0.0125560760498046,0,True,73,33,True,10,32,0.9836544990539552,5003.89892578125,-4068584684.8633857,2025-11-20 20:22:18
er_32768_1_2.txt,erdos_renyi_10ins_m20,46,SpecAnn,0.2943028597012718,1.0,-8610022.0,-2162442.0,0.0123906135559082,0,True,73,33,True,11,32,0.9828810691833496,4565.6953125,-3709369911.0817738,2025-11-20 20:22:18
er_32768_1_2.txt,erdos_renyi_10ins_m20,46,SpecAnn,0.3073893117471359,1.0,-8599840.0,-2182348.0000000005,0.0124444961547851,0,True,73,33,True,12,32,0.9821072816848756,4182.92529296875,-3395715427.6329875,2025-11-20 20:22:18
er_32768_1_2.txt,erdos_renyi_10ins_m20,46,SpecAnn,0.3199409394316542,1.0,-8621242.000000002,-2199420.0,0.012519359588623,0,True,73,33,True,13,32,0.9813315868377686,3846.01171875,-3119741641.116047,2025-11-20 20:22:18
er_32768_1_2.txt,erdos_renyi_10ins_m20,46,SpecAnn,0.3320184038158743,1.0,-8582694.0,-2228837.9999999995,0.0123975276947021,0,True,73,33,True,14,32,0.980552852153778,3547.4931640625,-2875310981.751238,2025-11-20 20:22:18
er_32768_1_2.txt,erdos_renyi_10ins_m20,46,SpecAnn,0.3436716983117353,1.0,-8581008.000000002,-2257188.0,0.012460708618164,0,True,73,33,True,15,32,0.9797698855400084,3281.464111328125,-2657565603.3951874,2025-11-20 20:22:18
er_32768_1_2.txt,erdos_renyi_10ins_m20,46,SpecAnn,0.3549426037664455,1.0,-8631930.000000002,-2273813.999999999,0.0123753547668457,0,True,73,33,True,16,32,0.9789819717407228,3043.177734375,-2462602184.9987965,2025-11-20 20:22:18
er_32768_1_2.txt,erdos_renyi_10ins_m20,46,SpecAnn,0.3658664615902029,1.0,-8627440.0,-2293466.0000000005,0.0123937129974365,0,True,73,33,True,17,32,0.9781882166862488,2828.769287109375,-2287242454.751132,2025-11-20 20:22:18
er_32768_1_2.txt,erdos_renyi_10ins_m20,46,SpecAnn,0.3764734830828951,1.0,-8600664.0,-2324840.0,0.0123755931854248,0,True,73,33,True,18,32,0.9773879051208496,2635.0595703125,-2128872474.1826684,2025-11-20 20:22:18
er_32768_1_2.txt,erdos_renyi_10ins_m20,46,SpecAnn,0.3867897351437838,1.0,-8593778.0,-2346919.9999999995,0.0123713016510009,0,True,73,33,True,19,32,0.9765806794166564,2459.40625,-1985320599.8847003,2025-11-20 20:22:18
er_32768_1_2.txt,erdos_renyi_10ins_m20,46,SpecAnn,0.3968378950662725,1.0,-8579644.0,-2366066.0,0.0123915672302246,0,True,73,33,True,20,32,0.9757657647132874,2299.592529296875,-1854764240.553249,2025-11-20 20:22:18
er_32768_1_2.txt,erdos_renyi_10ins_m20,46,SpecAnn,0.4066378372811136,1.0,-8612454.000000002,-2385980.0,0.0123939514160156,0,True,73,33,True,21,32,0.9749427437782288,2153.746337890625,-1735665023.6602738,2025-11-20 20:22:18
er_32768_1_2.txt,erdos_renyi_10ins_m20,46,SpecAnn,0.4162070956347247,1.0,-8602772.0,-2421898.0,0.0124347209930419,0,True,73,33,True,22,32,0.9741111397743224,2020.273681640625,-1626713102.3414826,2025-11-20 20:22:18
er_32768_1_2.txt,erdos_renyi_10ins_m20,46,SpecAnn,0.4255612320274539,1.0,-8624096.0,-2448154.0,0.0123579502105712,0,True,73,33,True,23,32,0.973270297050476,1897.8096923828125,-1526786735.910884,2025-11-20 20:22:18
er_32768_1_2.txt,erdos_renyi_10ins_m20,46,SpecAnn,0.434714133601331,1.0,-8588900.0,-2469984.0000000005,0.0123717784881591,0,True,73,33,True,24,32,0.9724202156066896,1785.1771240234375,-1434919509.2313752,2025-11-20 20:22:18
er_32768_1_2.txt,erdos_renyi_10ins_m20,46,SpecAnn,0.4436782547080569,1.0,-8604444.000000002,-2508212.0,0.0123682022094726,0,True,73,33,True,25,32,0.9715603590011596,1681.357666015625,-1350274741.0123012,2025-11-20 20:22:18
er_32768_1_2.txt,erdos_renyi_10ins_m20,46,SpecAnn,0.4524648157026343,1.0,-8605732.000000002,-2530285.9999999995,0.0124456882476806,0,True,73,33,True,26,32,0.9706902503967284,1585.463623046875,-1272123273.59699,2025-11-20 20:22:18
er_32768_1_2.txt,erdos_renyi_10ins_m20,46,SpecAnn,0.4610839676207039,1.0,-8583226.0,-2556130.0,0.0123846530914306,0,True,73,33,True,27,32,0.9698094725608826,1496.719482421875,-1199828246.9253232,2025-11-20 20:22:18
er_32768_1_2.txt,erdos_renyi_10ins_m20,46,SpecAnn,0.4695449296338763,1.0,-8590374.0,-2590540.0,0.0125479698181152,0,True,73,33,True,28,32,0.9689178466796876,1414.44384765625,-1132830451.8144212,2025-11-20 20:22:18
er_32768_1_2.txt,erdos_renyi_10ins_m20,46,SpecAnn,0.4778561045889373,1.0,-8610950.0,-2616506.0000000005,0.0125141143798828,0,True,73,33,True,29,32,0.9680150151252748,1338.03515625,-1070636060.2292744,2025-11-20 20:22:18
er_32768_1_2.txt,erdos_renyi_10ins_m20,46,SpecAnn,0.4860251767562508,1.0,-8577252.0,-2652772.0000000005,0.0126118659973144,0,True,73,33,True,30,32,0.9671004414558412,1266.962158203125,-1012808817.3495568,2025-11-20 20:22:18
er_32768_1_2.txt,erdos_renyi_10ins_m20,46,SpecAnn,0.4940591950252281,1.0,-8581220.0,-2681506.0000000005,0.0125584602355957,0,True,73,33,True,31,32,0.9661740064620972,1200.7528076171875,-958961581.522085,2025-11-20 20:22:18
er_32768_1_2.txt,erdos_renyi_10ins_m20,46,SpecAnn,0.5019646441105269,1.0,-8567734.0,-2709382.0,0.0125069618225097,0,True,73,33,True,32,32,0.9652352929115297,1138.986572265625,-908749208.8251642,2025-11-20 20:22:18
er_32768_1_2.txt,erdos_renyi_10ins_m20,46,SpecAnn,0.5097475058154177,1.0,-8613851.999999998,-2741180.0,0.0123624801635742,0,True,73,33,True,33,32,0.9642838835716248,1081.2869873046875,-861862794.8621472,2025-11-20 20:22:18
er_32768_1_2.txt,erdos_renyi_10ins_m20,46,SpecAnn,0.51741331199832,1.0,-8566766.000000002,-2770002.0,0.0124080181121826,0,True,73,33,True,34,32,0.9633195996284484,1027.3179931640625,-818026814.3186105,2025-11-20 20:22:18
er_32768_1_2.txt,erdos_renyi_10ins_m20,46,SpecAnn,0.5249671905758515,1.0,-8597784.0,-2799014.0000000005,0.012387990951538,0,True,73,33,True,35,32,0.962341845035553,976.77685546875,-776992773.2824537,2025-11-20 20:22:18
er_32768_1_2.txt,erdos_renyi_10ins_m20,46,SpecAnn,0.5324139056496683,1.0,-8581108.000000002,-2831154.0,0.0123429298400878,0,True,73,33,True,36,32,0.9613506197929382,929.3912963867188,-738537684.1322215,2025-11-20 20:22:18
er_32768_1_2.txt,erdos_renyi_10ins_m20,46,SpecAnn,0.5397578926492556,1.0,-8579372.0,-2861902.0,0.0124392509460449,0,True,73,33,True,37,32,0.9603452682495116,884.9150390625,-702459395.1264485,2025-11-20 20:22:18
er_32768_1_2.txt,erdos_renyi_10ins_m20,46,SpecAnn,0.5470032892270364,1.0,-8579912.0,-2896882.0,0.0126080513000488,0,True,73,33,True,38,32,0.959325671195984,843.1260986328125,-668576100.1625589,2025-11-20 20:22:18
er_32768_1_2.txt,erdos_renyi_10ins_m20,46,SpecAnn,0.554153962516942,1.0,-8608324.0,-2937920.0,0.0125820636749267,0,True,73,33,True,39,32,0.958291232585907,803.8219604492188,-636721669.3246542,2025-11-20 20:22:18
er_32768_1_2.txt,erdos_renyi_10ins_m20,46,SpecAnn,0.5612135332663137,1.0,-8586706.0,-2967958.0,0.0125863552093505,0,True,73,33,True,40,32,0.9572417736053468,766.8197631835938,-606746372.7348055,2025-11-20 20:22:18
er_32768_1_2.txt,erdos_renyi_10ins_m20,46,SpecAnn,0.5681853972686127,1.0,-8579054.000000002,-3002521.9999999995,0.012460708618164,0,True,73,33,True,41,32,0.9561767578125,731.9527587890625,-578513480.6988822,2025-11-20 20:22:18
er_32768_1_2.txt,erdos_renyi_10ins_m20,46,SpecAnn,0.5750727444570146,1.0,-8614780.000000002,-3040167.9999999995,0.0123767852783203,0,True,73,33,True,42,32,0.9550958275794984,699.068359375,-551898027.9898555,2025-11-20 20:22:18
er_32768_1_2.txt,erdos_renyi_10ins_m20,46,SpecAnn,0.5818785759635375,1.0,-8606073.999999998,-3081380.0000000005,0.0123817920684814,0,True,73,33,True,43,32,0.9539987444877625,668.0276489257812,-526786321.4217465,2025-11-20 20:22:18
er_32768_1_2.txt,erdos_renyi_10ins_m20,46,SpecAnn,0.5886057194025436,1.0,-8598960.0,-3121794.0000000005,0.0123698711395263,0,True,73,33,True,44,32,0.9528849124908448,638.7036743164062,-503074279.3021949,2025-11-20 20:22:18
er_32768_1_2.txt,erdos_renyi_10ins_m20,46,SpecAnn,0.5952568425994088,1.0,-8607682.0,-3149982.0000000005,0.0124375820159912,0,True,73,33,True,45,32,0.9517539739608764,610.979248046875,-480666004.1245731,2025-11-20 20:22:18
er_32768_1_2.txt,erdos_renyi_10ins_m20,46,SpecAnn,0.6018344659534288,1.0,-8605126.0,-3186974.0,0.0123462677001953,0,True,73,33,True,46,32,0.9506054520606996,584.747802734375,-459474218.65412384,2025-11-20 20:22:18
er_32768_1_2.txt,erdos_renyi_10ins_m20,46,SpecAnn,0.6083409735974393,1.0,-8600440.0,-3217966.0000000005,0.0123341083526611,0,True,73,33,True,47,32,0.9494388699531556,559.9107666015625,-439418234.6179076,2025-11-20 20:22:18
er_32768_1_2.txt,erdos_renyi_10ins_m20,46,SpecAnn,0.6147786234942719,1.0,-8617264.0,-3260511.999999999,0.0123858451843261,0,True,73,33,True,48,32,0.948253870010376,536.3773803710938,-420423832.897603,2025-11-20 20:22:18
er_32768_1_2.txt,erdos_renyi_10ins_m20,46,SpecAnn,0.6211495565912796,1.0,-8592046.0,-3315345.9999999995,0.0123932361602783,0,True,73,33,True,49,32,0.9470498561859132,514.064453125,-402422880.1801604,2025-11-20 20:22:18
er_32768_1_2.txt,erdos_renyi_10ins_m20,46,SpecAnn,0.6274558051381586,1.0,-8613936.0,-3357145.9999999995,0.0124051570892333,0,True,73,33,True,50,32,0.9458263516426086,492.8943481445313,-385351892.8030161,2025-11-20 20:22:18
er_32768_1_2.txt,erdos_renyi_10ins_m20,46,SpecAnn,0.6336993002596786,1.0,-8591320.0,-3408568.0,0.0126082897186279,0,True,73,33,True,51,32,0.9445829391479492,472.7964172363281,-369153102.3791438,2025-11-20 20:22:18
er_32768_1_2.txt,erdos_renyi_10ins_m20,46,SpecAnn,0.6398818788633085,1.0,-8613570.0,-3447700.0,0.0126259326934814,0,True,73,33,True,52,32,0.9433190226554872,453.7044067382813,-353772310.8376224,2025-11-20 20:22:19
er_32768_1_2.txt,erdos_renyi_10ins_m20,46,SpecAnn,0.6460052899517691,1.0,-8585804.0,-3494004.0000000005,0.0125799179077148,0,True,73,33,True,53,32,0.94203382730484,435.5571899414063,-339159458.9997825,2025-11-20 20:22:19
er_32768_1_2.txt,erdos_renyi_10ins_m20,46,SpecAnn,0.6520712004019966,1.0,-8604782.000000002,-3538874.0,0.0126345157623291,0,True,73,33,True,54,32,0.9407269954681396,418.2982177734375,-325268397.18737024,2025-11-20 20:22:19
er_32768_1_2.txt,erdos_renyi_10ins_m20,46,SpecAnn,0.6580812002646271,1.0,-8609580.0,-3583040.0000000005,0.0124940872192382,0,True,73,33,True,55,32,0.9393977522850036,401.8749694824219,-312056133.0870901,2025-11-20 20:22:19
er_32768_1_2.txt,erdos_renyi_10ins_m20,46,SpecAnn,0.6640368076317485,1.0,-8593498.0,-3620548.000000001,0.0124433040618896,0,True,73,33,True,56,32,0.9380455613136292,386.23834228515625,-299482579.9416912,2025-11-20 20:22:19
er_32768_1_2.txt,erdos_renyi_10ins_m20,46,SpecAnn,0.6699394731151429,1.0,-8594560.0,-3665436.000000001,0.0123682022094726,0,True,73,33,True,57,32,0.9366697669029236,371.3431396484375,-287510795.41772544,2025-11-20 20:22:19
er_32768_1_2.txt,erdos_renyi_10ins_m20,46,SpecAnn,0.6757905839724513,1.0,-8590660.0,-3714786.000000001,0.0124225616455078,0,True,73,33,True,58,32,0.93526953458786,357.1467590332031,-276105939.96001315,2025-11-20 20:22:19
er_32768_1_2.txt,erdos_renyi_10ins_m20,46,SpecAnn,0.6815914679145113,1.0,-8583266.0,-3757554.0,0.0124170780181884,0,True,73,33,True,59,32,0.933844268321991,343.61004638671875,-265236054.65991047,2025-11-20 20:22:19
er_32768_1_2.txt,erdos_renyi_10ins_m20,46,SpecAnn,0.6873433966234707,1.0,-8602408.000000002,-3807764.000000001,0.0123803615570068,0,True,73,33,True,60,32,0.9323931336402892,330.69586181640625,-254870796.12682608,2025-11-20 20:22:19
er_32768_1_2.txt,erdos_renyi_10ins_m20,46,SpecAnn,0.6930475890080863,1.0,-8608584.0,-3845238.000000001,0.0125746726989746,0,True,73,33,True,61,32,0.930915355682373,318.3700561523437,-244982271.26593715,2025-11-20 20:22:19
er_32768_1_2.txt,erdos_renyi_10ins_m20,46,SpecAnn,0.6987052142198116,1.0,-8596477.999999998,-3895506.000000001,0.0124220848083496,0,True,73,33,True,62,32,0.929409921169281,306.6004638671875,-235544170.4620933,2025-11-20 20:22:19
er_32768_1_2.txt,erdos_renyi_10ins_m20,46,SpecAnn,0.7043173944508145,1.0,-8614100.0,-3935200.0,0.0124979019165039,0,True,73,33,True,63,32,0.9278762340545654,295.3568725585937,-226531906.72318003,2025-11-20 20:22:19
er_32768_1_2.txt,erdos_renyi_10ins_m20,46,SpecAnn,0.709885207532891,1.0,-8594836.000000002,-3993162.0,0.0124249458312988,0,True,73,33,True,64,32,0.9263131618499756,284.61138916015625,-217922643.5335646,2025-11-20 20:22:19
er_32768_1_2.txt,erdos_renyi_10ins_m20,46,SpecAnn,0.7154096893543218,1.0,-8610706.0,-4045450.0,0.012439489364624,0,True,73,33,True,65,32,0.9247196912765504,274.33740234375,-209694662.5563752,2025-11-20 20:22:19
er_32768_1_2.txt,erdos_renyi_10ins_m20,46,SpecAnn,0.7208918361100219,1.0,-8613296.000000002,-4105450.0,0.012545108795166,0,True,73,33,True,66,32,0.9230948686599731,264.51043701171875,-201827991.52185017,2025-11-20 20:22:19
er_32768_1_2.txt,erdos_renyi_10ins_m20,46,SpecAnn,0.7263326063988248,1.0,-8624069.999999998,-4157132.0,0.012402057647705,0,True,73,33,True,67,32,0.9214376211166382,255.10720825195312,-194303631.97293147,2025-11-20 20:22:19
er_32768_1_2.txt,erdos_renyi_10ins_m20,46,SpecAnn,0.7317329231804058,1.0,-8606484.000000002,-4219156.0,0.0123395919799804,0,True,73,33,True,68,32,0.9197468757629396,246.10598754882807,-187103861.0623032,2025-11-20 20:22:19
er_32768_1_2.txt,erdos_renyi_10ins_m20,46,SpecAnn,0.7370936756031579,1.0,-8601906.000000002,-4283790.0,0.0124554634094238,0,True,73,33,True,69,32,0.9180212020874025,237.4862365722656,-180211875.0474611,2025-11-20 20:22:19
er_32768_1_2.txt,erdos_renyi_10ins_m20,46,SpecAnn,0.7424157207132704,1.0,-8607936.0,-4354358.0,0.012571096420288,0,True,73,33,True,70,32,0.9162594079971312,229.2288818359375,-173612116.43523294,2025-11-20 20:22:19
er_32768_1_2.txt,erdos_renyi_10ins_m20,46,SpecAnn,0.7476998850543153,1.0,-8612064.0,-4423346.0,0.0124638080596923,0,True,73,33,True,71,32,0.9144601821899414,221.3158264160156,-167289822.44082114,2025-11-20 20:22:19
er_32768_1_2.txt,erdos_renyi_10ins_m20,46,SpecAnn,0.7529469661657903,1.0,-8612290.0,-4475580.0,0.0124213695526123,0,True,73,33,True,72,32,0.9126220345497132,213.7298889160156,-161230967.04703033,2025-11-20 20:22:19
er_32768_1_2.txt,erdos_renyi_10ins_m20,46,SpecAnn,0.7581577339883167,1.0,-8597840.0,-4536360.000000001,0.0123100280761718,0,True,73,33,True,73,32,0.910743534564972,206.4552001953125,-155422600.68861395,2025-11-20 20:22:19
er_32768_1_2.txt,erdos_renyi_10ins_m20,46,SpecAnn,0.7633329321824984,1.0,-8623778.0,-4597598.0,0.0124316215515136,0,True,73,33,True,74,32,0.908823013305664,199.47659301757807,-149852332.1747511,2025-11-20 20:22:19
er_32768_1_2.txt,erdos_renyi_10ins_m20,46,SpecAnn,0.7684732793678399,1.0,-8606122.000000002,-4676734.0,0.0123515129089355,0,True,73,33,True,75,32,0.9068587422370912,192.77978515625,-144508497.14320704,2025-11-20 20:22:19
er_32768_1_2.txt,erdos_renyi_10ins_m20,46,SpecAnn,0.7735794702875677,1.0,-8615012.000000002,-4744682.000000001,0.0123310089111328,0,True,73,33,True,76,32,0.9048489332199096,186.35134887695312,-139380130.86106807,2025-11-20 20:22:19
er_32768_1_2.txt,erdos_renyi_10ins_m20,46,SpecAnn,0.7786521769046981,1.0,-8645326.000000002,-4838738.0,0.012479543685913,0,True,73,33,True,77,32,0.9027917385101318,180.1786193847656,-134456895.50314507,2025-11-20 20:22:19
er_32768_1_2.txt,erdos_renyi_10ins_m20,46,SpecAnn,0.7836920494342511,1.0,-8628297.999999998,-4907726.000000001,0.0123631954193115,0,True,73,33,True,78,32,0.9006847739219666,174.24957275390625,-129728916.69517204,2025-11-20 20:22:19
er_32768_1_2.txt,erdos_renyi_10ins_m20,46,SpecAnn,0.788699717316095,1.0,-8640768.0,-5001994.0,0.0124027729034423,0,True,73,33,True,79,32,0.8985262513160706,168.55287170410156,-125186983.46055467,2025-11-20 20:22:19
er_32768_1_2.txt,erdos_renyi_10ins_m20,46,SpecAnn,0.7936757901325451,1.0,-8645423.999999998,-5066372.000000001,0.0123803615570068,0,True,73,33,True,80,32,0.8963136076927185,163.07785034179688,-120822332.72989024,2025-11-20 20:22:19
er_32768_1_2.txt,erdos_renyi_10ins_m20,46,SpecAnn,0.7986208584745024,1.0,-8623990.0,-5165616.000000001,0.0123510360717773,0,True,73,33,True,81,32,0.8940443992614746,157.81423950195312,-116626575.12560388,2025-11-20 20:22:19
er_32768_1_2.txt,erdos_renyi_10ins_m20,46,SpecAnn,0.803535494759617,1.0,-8658000.0,-5257820.000000001,0.0126011371612548,0,True,73,33,True,82,32,0.8917158842086792,152.7525634765625,-112591928.6928632,2025-11-20 20:22:19
er_32768_1_2.txt,erdos_renyi_10ins_m20,46,SpecAnn,0.8084202540056837,1.0,-8626632.0,-5350162.0,0.0124444961547851,0,True,73,33,True,83,32,0.8893253803253174,147.88369750976562,-108710936.22422151,2025-11-20 20:22:19
er_32768_1_2.txt,erdos_renyi_10ins_m20,46,SpecAnn,0.8132756745622272,1.0,-8654185.999999998,-5443550.000000001,0.0125386714935302,0,True,73,33,True,84,32,0.886869490146637,143.19894409179688,-104976425.0389994,2025-11-20 20:22:19
er_32768_1_2.txt,erdos_renyi_10ins_m20,46,SpecAnn,0.8181022788030096,1.0,-8629530.0,-5554882.0,0.012561559677124,0,True,73,33,True,85,32,0.8843451738357544,138.69021606445312,-101381773.30577695,2025-11-20 20:22:19
er_32768_1_2.txt,erdos_renyi_10ins_m20,46,SpecAnn,0.822900573781978,1.0,-8669608.000000002,-5646502.0,0.0126097202301025,0,True,73,33,True,86,32,0.8817487359046936,134.34976196289062,-97920584.13944824,2025-11-20 20:22:19
er_32768_1_2.txt,erdos_renyi_10ins_m20,46,SpecAnn,0.8276710518549868,1.0,-8648678.000000002,-5747450.000000001,0.0124068260192871,0,True,73,33,True,87,32,0.8790764212608337,130.17022705078125,-94586802.06046826,2025-11-20 20:22:19
er_32768_1_2.txt,erdos_renyi_10ins_m20,46,SpecAnn,0.8324141912694495,1.0,-8674571.999999998,-5853104.000000001,0.0123820304870605,0,True,73,33,True,88,32,0.8763240575790405,126.14456176757812,-91374605.58464776,2025-11-20 20:22:19
er_32768_1_2.txt,erdos_renyi_10ins_m20,46,SpecAnn,0.8371304567239225,1.0,-8686286.0,-5950004.0,0.012331485748291,0,True,73,33,True,89,32,0.8734871745109558,122.26626586914062,-88278598.50352238,2025-11-20 20:22:19
er_32768_1_2.txt,erdos_renyi_10ins_m20,46,SpecAnn,0.8418202998994706,1.0,-8678682.0,-6068712.000000001,0.012423038482666,0,True,73,33,True,90,32,0.8705610036849976,118.52891540527344,-85293467.06033802,2025-11-20 20:22:19
er_32768_1_2.txt,erdos_renyi_10ins_m20,46,SpecAnn,0.846484159964536,1.0,-8703521.999999998,-6189590.0,0.0122838020324707,0,True,73,33,True,91,32,0.8675400614738464,114.92657470703124,-82414238.57306309,2025-11-20 20:22:19
er_32768_1_2.txt,erdos_renyi_10ins_m20,46,SpecAnn,0.8511224640549078,1.0,-8708780.0,-6300606.000000001,0.0122654438018798,0,True,73,33,True,92,32,0.8644190430641174,111.45362854003906,-79636247.28255063,2025-11-20 20:22:19
er_32768_1_2.txt,erdos_renyi_10ins_m20,46,SpecAnn,0.8557356277302758,1.0,-8712808.0,-6410696.0,0.012408971786499,0,True,73,33,True,93,32,0.86119145154953,108.10455322265624,-76954840.96994117,2025-11-20 20:22:19
er_32768_1_2.txt,erdos_renyi_10ins_m20,46,SpecAnn,0.8603240554087516,1.0,-8734890.0,-6547700.000000001,0.0123238563537597,0,True,73,33,True,94,32,0.8578508496284485,104.87420654296876,-74365708.91420706,2025-11-20 20:22:19
er_32768_1_2.txt,erdos_renyi_10ins_m20,46,SpecAnn,0.86488814078064,1.0,-8738976.000000002,-6680248.0,0.0123343467712402,0,True,73,33,True,95,32,0.8543897271156311,101.7577896118164,-71864751.98241867,2025-11-20 20:22:19
er_32768_1_2.txt,erdos_renyi_10ins_m20,46,SpecAnn,0.8694282672026621,1.0,-8767829.999999998,-6809200.0,0.0124337673187255,0,True,73,33,True,96,32,0.8508001565933228,98.7505340576172,-69447923.16783813,2025-11-20 20:22:19
er_32768_1_2.txt,erdos_renyi_10ins_m20,46,SpecAnn,0.8739448080737451,1.0,-8787428.0,-6923586.0,0.0235514640808105,0,True,73,65,True,97,32,0.8470730781555176,95.8480224609375,-67111397.82780929,2025-11-20 20:22:19
er_32768_1_2.txt,erdos_renyi_10ins_m20,46,SpecAnn,0.878438127193422,1.0,-8805446.000000002,-7043180.000000001,0.0234975814819335,0,True,73,65,True,98,32,0.8431991338729858,93.04605102539062,-64851547.87011964,2025-11-20 20:22:19
er_32768_1_2.txt,erdos_renyi_10ins_m20,46,SpecAnn,0.8829085791038153,1.0,-8823972.000000002,-7181918.000000002,0.0236029624938964,0,True,73,65,True,99,32,0.8391662240028381,90.34050750732422,-62664671.8714023,2025-11-20 20:22:19
er_32768_1_2.txt,erdos_renyi_10ins_m20,46,SpecAnn,0.8873565094161138,1.0,-8834018.0,-7350432.0,0.0234696865081787,0,True,73,65,True,100,32,0.8349614143371582,87.72758483886719,-60547306.50100259,2025-11-20 20:22:19
er_32768_1_2.txt,erdos_renyi_10ins_m20,46,SpecAnn,0.8917822551223932,1.0,-8863386.0,-7475889.999999999,0.0235686302185058,0,True,73,65,True,101,32,0.8305671215057373,85.20359802246094,-58495831.48754344,2025-11-20 20:22:19
er_32768_1_2.txt,erdos_renyi_10ins_m20,46,SpecAnn,0.8961861448935777,1.0,-8870974.0,-7614398.000000001,0.0347476005554199,0,True,73,97,True,102,32,0.8259568810462952,82.76504516601562,-56506262.22765944,2025-11-20 20:22:19
er_32768_1_2.txt,erdos_renyi_10ins_m20,46,SpecAnn,0.9005684993642872,1.0,-8865212.000000002,-7737466.000000001,0.0572273731231689,0,True,73,161,True,103,32,0.8210940957069397,80.40859985351562,-54574237.635996,2025-11-20 20:22:19
er_32768_1_2.txt,erdos_renyi_10ins_m20,46,SpecAnn,0.9049296314052688,1.0,-8875874.0,-7772110.000000002,0.0576903820037841,0,True,73,161,True,104,32,0.8159642219543457,78.1310043334961,-52697106.78726494,2025-11-20 20:22:19
er_32768_1_2.txt,erdos_renyi_10ins_m20,46,SpecAnn,0.9092698463840684,1.0,-8869366.0,-7726077.999999999,0.0688753128051757,0,True,73,193,True,105,32,0.8106144666671753,75.92924499511719,-50876318.81486176,2025-11-20 20:22:19
er_32768_1_2.txt,erdos_renyi_10ins_m20,46,SpecAnn,0.9135894424145556,1.0,-8868280.0,-7701736.0,0.0803639888763427,0,True,73,225,True,106,32,0.8050966858863831,73.8004150390625,-49113297.24360235,2025-11-20 20:22:19
er_32768_1_2.txt,erdos_renyi_10ins_m20,46,SpecAnn,0.9178887105958816,1.0,-8855304.000000002,-7681881.999999999,0.0583999156951904,0,True,73,161,True,107,32,0.7994316816329956,71.7416763305664,-47407289.38040436,2025-11-20 20:22:20
er_32768_1_2.txt,erdos_renyi_10ins_m20,46,SpecAnn,0.922167935241408,1.0,-8850220.0,-7685209.999999999,0.0464446544647216,0,True,73,129,True,108,32,0.7936232089996338,69.75038146972656,-45756541.99742031,2025-11-20 20:22:20
er_32768_1_2.txt,erdos_renyi_10ins_m20,46,SpecAnn,0.92642739409812,1.0,-8848824.000000002,-7696431.999999998,0.0576117038726806,0,True,73,161,True,109,32,0.7876726388931274,67.82403564453125,-44159244.6182159,2025-11-20 20:22:20
er_32768_1_2.txt,erdos_renyi_10ins_m20,46,SpecAnn,0.9306673585570006,1.0,-8867124.0,-7692632.000000001,0.0351812839508056,0,True,73,97,True,110,32,0.7815761566162109,65.96012878417969,-42613288.01979422,2025-11-20 20:22:20
er_32768_1_2.txt,erdos_renyi_10ins_m20,46,SpecAnn,0.9348880938548184,1.0,-8847696.0,-7678662.0,0.0349836349487304,0,True,73,97,True,111,32,0.7753320932388306,64.15634155273438,-41116827.73538866,2025-11-20 20:22:20
er_32768_1_2.txt,erdos_renyi_10ins_m20,46,SpecAnn,0.9390898592677528,1.0,-8846464.0,-7678632.0,0.0353703498840332,0,True,73,97,True,112,32,0.768937885761261,62.41045379638672,-39668049.65431764,2025-11-20 20:22:20
er_32768_1_2.txt,erdos_renyi_10ins_m20,46,SpecAnn,0.9432729082972536,1.0,-8835794.000000002,-7679454.0,0.0356009006500244,0,True,73,97,True,113,32,0.7623903155326843,60.720314025878906,-38265168.35129751,2025-11-20 20:22:20
er_32768_1_2.txt,erdos_renyi_10ins_m20,46,SpecAnn,0.9474374888485204,1.0,-8840104.000000002,-7677090.000000001,0.0353078842163085,0,True,73,97,True,114,32,0.7556873559951782,59.08388519287109,-36906550.02954524,2025-11-20 20:22:20
er_32768_1_2.txt,erdos_renyi_10ins_m20,46,SpecAnn,0.9515838434019476,1.0,-8832802.0,-7676532.0,0.0238773822784423,0,True,73,65,True,115,32,0.7488245964050293,57.49917602539063,-35590490.29155442,2025-11-20 20:22:20
er_32768_1_2.txt,erdos_renyi_10ins_m20,46,SpecAnn,0.9557122091778746,1.0,-8844134.0,-7681108.0,0.0351672172546386,0,True,73,97,True,116,32,0.7417998313903809,55.96435928344727,-34315514.50880865,2025-11-20 20:22:20
er_32768_1_2.txt,erdos_renyi_10ins_m20,46,SpecAnn,0.9598228182949629,1.0,-8848434.0,-7673615.999999999,0.0238428115844726,0,True,73,65,True,117,32,0.734609067440033,54.477577209472656,-33080062.244121805,2025-11-20 20:22:20
er_32768_1_2.txt,erdos_renyi_10ins_m20,46,SpecAnn,0.963915897922488,1.0,-8839886.0,-7678944.000000001,0.0354721546173095,0,True,73,97,True,118,32,0.7272500991821289,53.037147521972656,-31882781.01209408,2025-11-20 20:22:20
er_32768_1_2.txt,erdos_renyi_10ins_m20,46,SpecAnn,0.967991670426842,1.0,-8843682.0,-7677981.999999999,0.0240712165832519,0,True,73,65,True,119,32,0.7197186350822449,51.641380310058594,-30722237.21259608,2025-11-20 20:22:20
er_32768_1_2.txt,erdos_renyi_10ins_m20,46,SpecAnn,0.9720503535125016,1.0,-8848256.0,-7684078.000000001,0.0350058078765869,0,True,73,97,True,120,32,0.7120113372802734,50.28868103027344,-29597116.54108404,2025-11-20 20:22:20
er_32768_1_2.txt,erdos_renyi_10ins_m20,46,SpecAnn,0.9760921603577252,1.0,-8841048.000000002,-7676704.0,0.0236060619354248,0,True,73,65,True,121,32,0.7041247487068176,48.97755432128906,-28506175.38137777,2025-11-20 20:22:20
er_32768_1_2.txt,erdos_renyi_10ins_m20,46,SpecAnn,0.9801172997452104,1.0,-8856682.000000002,-7675986.000000001,0.0349667072296142,0,True,73,97,True,122,32,0.6960558891296387,47.70651245117188,-27448210.12662927,2025-11-20 20:22:20
er_32768_1_2.txt,erdos_renyi_10ins_m20,46,SpecAnn,0.9841259761879442,1.0,-8844858.0,-7669704.000000001,0.0236165523529052,0,True,73,65,True,123,32,0.6878002882003784,46.47417449951172,-26422036.38835677,2025-11-20 20:22:20
er_32768_1_2.txt,erdos_renyi_10ins_m20,46,SpecAnn,0.9881183900504562,1.0,-8848232.0,-7672166.0,0.034891128540039,0,True,73,97,True,124,32,0.6793553233146667,45.27915954589844,-25426558.867082093,2025-11-20 20:22:20
er_32768_1_2.txt,erdos_renyi_10ins_m20,46,SpecAnn,0.9920947376656812,1.0,-8861403.999999998,-7676654.0,0.0236530303955078,0,True,73,65,True,125,32,0.6707159280776978,44.12020111083984,-24460670.190787323,2025-11-20 20:22:20
er_32768_1_2.txt,erdos_renyi_10ins_m20,46,SpecAnn,0.9960552114476228,1.0,-8845996.0,-7684280.0,0.0348947048187255,0,True,73,97,True,126,32,0.6618794798851013,42.996055603027344,-23523383.09053509,2025-11-20 20:22:20
er_32768_1_2.txt,erdos_renyi_10ins_m20,46,SpecAnn,1.0,1.0,-8840520.000000002,-7683224.000000001,0.0237195491790771,0,True,73,65,True,127,32,0.6528417468070984,41.905494689941406,-22613674.59644106,2025-11-20 20:22:20
er_32768_1_2.txt,erdos_renyi_10ins_m20,47,SpecAnn,0.0,1.0,-8601116.0,-1818830.0,0.0138535499572753,0,True,85,33,True,0,32,0.9936299920082092,32769.0,-26914116553.06227,2025-11-20 20:22:21
er_32768_1_2.txt,erdos_renyi_10ins_m20,47,SpecAnn,0.0887356509416113,1.0,-8599752.0,-1883120.0,0.0127313137054443,0,True,85,33,True,1,32,0.9914242625236512,18081.572265625,-14817945151.251432,2025-11-20 20:22:21
er_32768_1_2.txt,erdos_renyi_10ins_m20,47,SpecAnn,0.1254911610276317,1.0,-8605148.000000002,-1910852.0,0.0127191543579101,0,True,85,33,True,2,32,0.990299105644226,14135.4921875,-11570964742.91798,2025-11-20 20:22:21
er_32768_1_2.txt,erdos_renyi_10ins_m20,47,SpecAnn,0.1536946558735679,1.0,-8593778.000000002,-1949151.9999999995,0.0124380588531494,0,True,85,33,True,3,32,0.9893357753753662,11702.505859375,-9570063725.368015,2025-11-20 20:22:21
er_32768_1_2.txt,erdos_renyi_10ins_m20,47,SpecAnn,0.1774713018832227,1.0,-8586910.0,-1974968.0,0.0123929977416992,0,True,85,33,True,4,32,0.988449215888977,9980.048828125,-8154160882.595713,2025-11-20 20:22:21
er_32768_1_2.txt,erdos_renyi_10ins_m20,47,SpecAnn,0.1984189475331362,1.0,-8587030.000000002,-2002126.0,0.0123789310455322,0,True,85,33,True,5,32,0.987606644630432,8674.037109375,-7081047824.592373,2025-11-20 20:22:21
er_32768_1_2.txt,erdos_renyi_10ins_m20,47,SpecAnn,0.2173570668006655,1.0,-8586740.0,-2028118.0,0.0123207569122314,0,True,85,33,True,6,32,0.9867915511131288,7641.16357421875,-6232713551.597984,2025-11-20 20:22:21
er_32768_1_2.txt,erdos_renyi_10ins_m20,47,SpecAnn,0.2347724648169381,1.0,-8582280.0,-2060678.0,0.0123126506805419,0,True,85,33,True,7,32,0.9859942197799684,6800.3359375,-5542388756.254556,2025-11-20 20:22:21
er_32768_1_2.txt,erdos_renyi_10ins_m20,47,SpecAnn,0.2509823220552634,1.0,-8598486.000000002,-2087216.0,0.0123693943023681,0,True,85,33,True,8,32,0.98520827293396,6101.134765625,-4968564323.6194,2025-11-20 20:22:21
er_32768_1_2.txt,erdos_renyi_10ins_m20,47,SpecAnn,0.2662069528248341,1.0,-8561900.0,-2110588.0,0.0124571323394775,0,True,85,33,True,9,32,0.9844294786453248,5510.09326171875,-4483692376.8494,2025-11-20 20:22:21
er_32768_1_2.txt,erdos_renyi_10ins_m20,47,SpecAnn,0.2806067666331568,1.0,-8595220.000000002,-2138006.0,0.0124421119689941,0,True,85,33,True,10,32,0.9836544394493104,5003.89892578125,-4068584438.327081,2025-11-20 20:22:21
er_32768_1_2.txt,erdos_renyi_10ins_m20,47,SpecAnn,0.2943028597012718,1.0,-8636742.0,-2162441.9999999995,0.0123703479766845,0,True,85,33,True,11,32,0.9828810691833496,4565.6953125,-3709369911.0817738,2025-11-20 20:22:21
er_32768_1_2.txt,erdos_renyi_10ins_m20,47,SpecAnn,0.3073893117471359,1.0,-8603536.000000002,-2182348.0,0.0123729705810546,0,True,85,33,True,12,32,0.9821072816848756,4182.92529296875,-3395715427.6329875,2025-11-20 20:22:21
er_32768_1_2.txt,erdos_renyi_10ins_m20,47,SpecAnn,0.3199409394316542,1.0,-8574746.000000002,-2199420.0,0.0125234127044677,0,True,85,33,True,13,32,0.9813315868377686,3846.01171875,-3119741641.116047,2025-11-20 20:22:21
er_32768_1_2.txt,erdos_renyi_10ins_m20,47,SpecAnn,0.3320184038158743,1.0,-8589974.0,-2228837.9999999995,0.0125203132629394,0,True,85,33,True,14,32,0.980552852153778,3547.4931640625,-2875310981.751238,2025-11-20 20:22:21
er_32768_1_2.txt,erdos_renyi_10ins_m20,47,SpecAnn,0.3436716983117353,1.0,-8564232.0,-2257188.0,0.0123789310455322,0,True,85,33,True,15,32,0.9797698855400084,3281.464111328125,-2657565603.3951874,2025-11-20 20:22:21
er_32768_1_2.txt,erdos_renyi_10ins_m20,47,SpecAnn,0.3549426037664455,1.0,-8598198.0,-2273813.9999999995,0.0124366283416748,0,True,85,33,True,16,32,0.9789820313453674,3043.177734375,-2462602334.932638,2025-11-20 20:22:21
er_32768_1_2.txt,erdos_renyi_10ins_m20,47,SpecAnn,0.3658664615902029,1.0,-8604980.000000002,-2293466.0,0.0125563144683837,0,True,85,33,True,17,32,0.9781882762908936,2828.769287109375,-2287242594.1213183,2025-11-20 20:22:21
er_32768_1_2.txt,erdos_renyi_10ins_m20,47,SpecAnn,0.3764734830828951,1.0,-8600490.0,-2324840.0,0.0126502513885498,0,True,85,33,True,18,32,0.9773879647254944,2635.0595703125,-2128872604.0090013,2025-11-20 20:22:21
er_32768_1_2.txt,erdos_renyi_10ins_m20,47,SpecAnn,0.3867897351437838,1.0,-8585954.0,-2346920.0,0.0125026702880859,0,True,85,33,True,19,32,0.9765806794166564,2459.40625,-1985320599.8847003,2025-11-20 20:22:21
er_32768_1_2.txt,erdos_renyi_10ins_m20,47,SpecAnn,0.3968378950662725,1.0,-8622702.000000002,-2366066.0,0.0124256610870361,0,True,85,33,True,20,32,0.9757657647132874,2299.592529296875,-1854764240.553249,2025-11-20 20:22:21
er_32768_1_2.txt,erdos_renyi_10ins_m20,47,SpecAnn,0.4066378372811136,1.0,-8587388.0,-2385980.0,0.0124545097351074,0,True,85,33,True,21,32,0.974942684173584,2153.746337890625,-1735664917.547686,2025-11-20 20:22:21
er_32768_1_2.txt,erdos_renyi_10ins_m20,47,SpecAnn,0.4162070956347247,1.0,-8596562.000000002,-2421898.0,0.0123991966247558,0,True,85,33,True,22,32,0.9741110801696776,2020.273681640625,-1626713002.8049383,2025-11-20 20:22:21
er_32768_1_2.txt,erdos_renyi_10ins_m20,47,SpecAnn,0.4255612320274539,1.0,-8604834.000000002,-2448153.9999999995,0.0124192237854003,0,True,85,33,True,23,32,0.9732703566551208,1897.8096923828125,-1526786829.4137695,2025-11-20 20:22:21
er_32768_1_2.txt,erdos_renyi_10ins_m20,47,SpecAnn,0.434714133601331,1.0,-8599340.0,-2469984.0,0.0123026371002197,0,True,85,33,True,24,32,0.9724202752113342,1785.1771240234375,-1434919597.1849842,2025-11-20 20:22:21
er_32768_1_2.txt,erdos_renyi_10ins_m20,47,SpecAnn,0.4436782547080569,1.0,-8574918.0,-2508212.0,0.0124330520629882,0,True,85,33,True,25,32,0.9715603590011596,1681.357666015625,-1350274741.0123012,2025-11-20 20:22:21
er_32768_1_2.txt,erdos_renyi_10ins_m20,47,SpecAnn,0.4524648157026343,1.0,-8582926.0,-2530286.0000000005,0.0124039649963378,0,True,85,33,True,26,32,0.9706901907920836,1585.463623046875,-1272123195.483034,2025-11-20 20:22:21
er_32768_1_2.txt,erdos_renyi_10ins_m20,47,SpecAnn,0.4610839676207039,1.0,-8557843.999999998,-2556130.0,0.0123510360717773,0,True,85,33,True,27,32,0.9698094725608826,1496.719482421875,-1199828246.9253232,2025-11-20 20:22:21
er_32768_1_2.txt,erdos_renyi_10ins_m20,47,SpecAnn,0.4695449296338763,1.0,-8607828.0,-2590540.0,0.0124058723449707,0,True,85,33,True,28,32,0.9689178466796876,1414.44384765625,-1132830451.8144212,2025-11-20 20:22:21
er_32768_1_2.txt,erdos_renyi_10ins_m20,47,SpecAnn,0.4778561045889373,1.0,-8586494.0,-2616506.0,0.0123169422149658,0,True,85,33,True,29,32,0.9680150151252748,1338.03515625,-1070636060.2292744,2025-11-20 20:22:21
er_32768_1_2.txt,erdos_renyi_10ins_m20,47,SpecAnn,0.4860251767562508,1.0,-8589988.0,-2652772.0,0.0125339031219482,0,True,85,33,True,30,32,0.9671004414558412,1266.962158203125,-1012808817.3495568,2025-11-20 20:22:21
er_32768_1_2.txt,erdos_renyi_10ins_m20,47,SpecAnn,0.4940591950252281,1.0,-8591031.999999998,-2681506.0000000005,0.0124268531799316,0,True,85,33,True,31,32,0.966174066066742,1200.7528076171875,-958961640.681785,2025-11-20 20:22:21
er_32768_1_2.txt,erdos_renyi_10ins_m20,47,SpecAnn,0.5019646441105269,1.0,-8573436.0,-2709382.0,0.0125086307525634,0,True,85,33,True,32,32,0.9652352929115297,1138.986572265625,-908749208.8251642,2025-11-20 20:22:21
er_32768_1_2.txt,erdos_renyi_10ins_m20,47,SpecAnn,0.5097475058154177,1.0,-8598078.0,-2741179.9999999995,0.0126121044158935,0,True,85,33,True,33,32,0.9642839431762696,1081.2869873046875,-861862848.1359047,2025-11-20 20:22:21
er_32768_1_2.txt,erdos_renyi_10ins_m20,47,SpecAnn,0.51741331199832,1.0,-8610844.0,-2770002.0,0.0126290321350097,0,True,85,33,True,34,32,0.9633195400238036,1027.3179931640625,-818026763.703843,2025-11-20 20:22:21
er_32768_1_2.txt,erdos_renyi_10ins_m20,47,SpecAnn,0.5249671905758515,1.0,-8600734.0,-2799014.0000000005,0.0124080181121826,0,True,85,33,True,35,32,0.9623419046401978,976.77685546875,-776992821.407118,2025-11-20 20:22:21
er_32768_1_2.txt,erdos_renyi_10ins_m20,47,SpecAnn,0.5324139056496683,1.0,-8596522.0,-2831153.9999999995,0.0124580860137939,0,True,85,33,True,36,32,0.961350679397583,929.3912963867188,-738537729.9222542,2025-11-20 20:22:21
er_32768_1_2.txt,erdos_renyi_10ins_m20,47,SpecAnn,0.5397578926492556,1.0,-8589288.0,-2861902.0,0.0124285221099853,0,True,85,33,True,37,32,0.9603452682495116,884.9150390625,-702459395.1264485,2025-11-20 20:22:21
er_32768_1_2.txt,erdos_renyi_10ins_m20,47,SpecAnn,0.5470032892270364,1.0,-8580814.000000002,-2896882.0,0.0124363899230957,0,True,85,33,True,38,32,0.959325671195984,843.1260986328125,-668576100.1625589,2025-11-20 20:22:21
er_32768_1_2.txt,erdos_renyi_10ins_m20,47,SpecAnn,0.554153962516942,1.0,-8589936.000000002,-2937919.9999999995,0.0124378204345703,0,True,85,33,True,39,32,0.958291232585907,803.8219604492188,-636721669.3246542,2025-11-20 20:22:21
er_32768_1_2.txt,erdos_renyi_10ins_m20,47,SpecAnn,0.5612135332663137,1.0,-8630054.0,-2967958.0,0.0124413967132568,0,True,85,33,True,40,32,0.9572417736053468,766.8197631835938,-606746372.7348055,2025-11-20 20:22:21
er_32768_1_2.txt,erdos_renyi_10ins_m20,47,SpecAnn,0.5681853972686127,1.0,-8587018.000000002,-3002521.9999999995,0.0124547481536865,0,True,85,33,True,41,32,0.9561767578125,731.9527587890625,-578513480.6988822,2025-11-20 20:22:21
er_32768_1_2.txt,erdos_renyi_10ins_m20,47,SpecAnn,0.5750727444570146,1.0,-8596068.0,-3040167.9999999995,0.0124087333679199,0,True,85,33,True,42,32,0.9550957679748536,699.068359375,-551897993.5475671,2025-11-20 20:22:21
er_32768_1_2.txt,erdos_renyi_10ins_m20,47,SpecAnn,0.5818785759635375,1.0,-8560816.0,-3081380.0,0.0124170780181884,0,True,85,33,True,43,32,0.9539987444877625,668.0276489257812,-526786321.4217465,2025-11-20 20:22:21
er_32768_1_2.txt,erdos_renyi_10ins_m20,47,SpecAnn,0.5886057194025436,1.0,-8606514.0,-3121794.0000000005,0.0125739574432373,0,True,85,33,True,44,32,0.9528848528862,638.7036743164062,-503074247.83400464,2025-11-20 20:22:21
er_32768_1_2.txt,erdos_renyi_10ins_m20,47,SpecAnn,0.5952568425994088,1.0,-8608022.0,-3149982.0,0.0124461650848388,0,True,85,33,True,45,32,0.9517539739608764,610.979248046875,-480666004.1245731,2025-11-20 20:22:21
er_32768_1_2.txt,erdos_renyi_10ins_m20,47,SpecAnn,0.6018344659534288,1.0,-8595771.999999998,-3186974.0,0.0123605728149414,0,True,85,33,True,46,32,0.9506053924560548,584.747802734375,-459474189.8442769,2025-11-20 20:22:21
er_32768_1_2.txt,erdos_renyi_10ins_m20,47,SpecAnn,0.6083409735974393,1.0,-8597438.0,-3217966.0000000005,0.0123505592346191,0,True,85,33,True,47,32,0.9494388699531556,559.9107666015625,-439418234.6179076,2025-11-20 20:22:21
er_32768_1_2.txt,erdos_renyi_10ins_m20,47,SpecAnn,0.6147786234942719,1.0,-8617864.0,-3260511.9999999995,0.0123336315155029,0,True,85,33,True,48,32,0.9482538104057312,536.3773803710938,-420423806.47091067,2025-11-20 20:22:21
er_32768_1_2.txt,erdos_renyi_10ins_m20,47,SpecAnn,0.6211495565912796,1.0,-8577206.0,-3315345.9999999995,0.0123324394226074,0,True,85,33,True,49,32,0.9470498561859132,514.064453125,-402422880.1801604,2025-11-20 20:22:21
er_32768_1_2.txt,erdos_renyi_10ins_m20,47,SpecAnn,0.6274558051381586,1.0,-8590824.000000002,-3357146.0,0.0123932361602783,0,True,85,33,True,50,32,0.9458264708518982,492.8943481445313,-385351941.37168336,2025-11-20 20:22:21
er_32768_1_2.txt,erdos_renyi_10ins_m20,47,SpecAnn,0.6336993002596786,1.0,-8614904.0,-3408568.0,0.0123822689056396,0,True,85,33,True,51,32,0.9445829391479492,472.7964172363281,-369153102.3791438,2025-11-20 20:22:21
er_32768_1_2.txt,erdos_renyi_10ins_m20,47,SpecAnn,0.6398818788633085,1.0,-8597134.0,-3447700.0,0.0123727321624755,0,True,85,33,True,52,32,0.9433189630508424,453.7044067382813,-353772288.4841318,2025-11-20 20:22:21
er_32768_1_2.txt,erdos_renyi_10ins_m20,47,SpecAnn,0.6460052899517691,1.0,-8607138.0,-3494004.0000000005,0.0123775005340576,0,True,85,33,True,53,32,0.9420338869094848,435.5571899414063,-339159480.4591808,2025-11-20 20:22:21
er_32768_1_2.txt,erdos_renyi_10ins_m20,47,SpecAnn,0.6520712004019966,1.0,-8589538.0,-3538874.0000000005,0.0124151706695556,0,True,85,33,True,54,32,0.9407269358634948,418.2982177734375,-325268376.57830155,2025-11-20 20:22:21
er_32768_1_2.txt,erdos_renyi_10ins_m20,47,SpecAnn,0.6580812002646271,1.0,-8601612.0,-3583040.0000000005,0.0123653411865234,0,True,85,33,True,55,32,0.9393978118896484,401.8749694824219,-312056152.8870043,2025-11-20 20:22:21
er_32768_1_2.txt,erdos_renyi_10ins_m20,47,SpecAnn,0.6640368076317485,1.0,-8589220.0,-3620548.0,0.0124022960662841,0,True,85,33,True,56,32,0.9380455613136292,386.23834228515625,-299482579.9416912,2025-11-20 20:22:21
er_32768_1_2.txt,erdos_renyi_10ins_m20,47,SpecAnn,0.6699394731151429,1.0,-8575914.0,-3665436.000000001,0.0124578475952148,0,True,85,33,True,57,32,0.9366697072982788,371.3431396484375,-287510777.122079,2025-11-20 20:22:21
er_32768_1_2.txt,erdos_renyi_10ins_m20,47,SpecAnn,0.6757905839724513,1.0,-8582860.0,-3714786.0,0.0123515129089355,0,True,85,33,True,58,32,0.93526953458786,357.1467590332031,-276105939.96001315,2025-11-20 20:22:21
er_32768_1_2.txt,erdos_renyi_10ins_m20,47,SpecAnn,0.6815914679145113,1.0,-8607358.0,-3757554.0,0.0124244689941406,0,True,85,33,True,59,32,0.9338443279266356,343.61004638671875,-265236071.5891795,2025-11-20 20:22:21
er_32768_1_2.txt,erdos_renyi_10ins_m20,47,SpecAnn,0.6873433966234707,1.0,-8599976.0,-3807764.000000001,0.0124249458312988,0,True,85,33,True,60,32,0.932393193244934,330.69586181640625,-254870812.4198281,2025-11-20 20:22:21
er_32768_1_2.txt,erdos_renyi_10ins_m20,47,SpecAnn,0.6930475890080863,1.0,-8631276.0,-3845238.000000001,0.0123560428619384,0,True,85,33,True,61,32,0.930915355682373,318.3700561523437,-244982271.26593715,2025-11-20 20:22:21
er_32768_1_2.txt,erdos_renyi_10ins_m20,47,SpecAnn,0.6987052142198116,1.0,-8626846.0,-3895506.0,0.0125181674957275,0,True,85,33,True,62,32,0.9294099807739258,306.6004638671875,-235544185.5679432,2025-11-20 20:22:21
er_32768_1_2.txt,erdos_renyi_10ins_m20,47,SpecAnn,0.7043173944508145,1.0,-8604976.0,-3935200.0,0.0126359462738037,0,True,85,33,True,63,32,0.9278762340545654,295.3568725585937,-226531906.72318003,2025-11-20 20:22:21
er_32768_1_2.txt,erdos_renyi_10ins_m20,47,SpecAnn,0.709885207532891,1.0,-8640032.0,-3993162.0,0.0126287937164306,0,True,85,33,True,64,32,0.9263131618499756,284.61138916015625,-217922643.5335646,2025-11-20 20:22:21
er_32768_1_2.txt,erdos_renyi_10ins_m20,47,SpecAnn,0.7154096893543218,1.0,-8606280.0,-4045450.0,0.0125994682312011,0,True,85,33,True,65,32,0.9247196912765504,274.33740234375,-209694662.5563752,2025-11-20 20:22:21
er_32768_1_2.txt,erdos_renyi_10ins_m20,47,SpecAnn,0.7208918361100219,1.0,-8633342.0,-4105450.0,0.012566328048706,0,True,85,33,True,66,32,0.9230948686599731,264.51043701171875,-201827991.52185017,2025-11-20 20:22:21
er_32768_1_2.txt,erdos_renyi_10ins_m20,47,SpecAnn,0.7263326063988248,1.0,-8649816.000000002,-4157132.0,0.0125007629394531,0,True,85,33,True,67,32,0.921437680721283,255.10720825195312,-194303644.54176813,2025-11-20 20:22:21
er_32768_1_2.txt,erdos_renyi_10ins_m20,47,SpecAnn,0.7317329231804058,1.0,-8619795.999999998,-4219156.0,0.0124177932739257,0,True,85,33,True,68,32,0.9197468161582948,246.10598754882807,-187103848.9369461,2025-11-20 20:22:21
er_32768_1_2.txt,erdos_renyi_10ins_m20,47,SpecAnn,0.7370936756031579,1.0,-8628924.0,-4283790.0,0.0123763084411621,0,True,85,33,True,69,32,0.9180212020874025,237.4862365722656,-180211875.0474611,2025-11-20 20:22:21
er_32768_1_2.txt,erdos_renyi_10ins_m20,47,SpecAnn,0.7424157207132704,1.0,-8606712.0,-4354358.0,0.0124335289001464,0,True,85,33,True,70,32,0.9162593483924866,229.2288818359375,-173612105.14139143,2025-11-20 20:22:21
er_32768_1_2.txt,erdos_renyi_10ins_m20,47,SpecAnn,0.7476998850543153,1.0,-8613202.0,-4423346.0,0.0124151706695556,0,True,85,33,True,71,32,0.9144601225852966,221.3158264160156,-167289811.5368467,2025-11-20 20:22:21
er_32768_1_2.txt,erdos_renyi_10ins_m20,47,SpecAnn,0.7529469661657903,1.0,-8620274.000000002,-4475580.0,0.0124585628509521,0,True,85,33,True,72,32,0.9126220345497132,213.7298889160156,-161230967.04703033,2025-11-20 20:22:21
er_32768_1_2.txt,erdos_renyi_10ins_m20,47,SpecAnn,0.7581577339883167,1.0,-8625902.000000002,-4536360.000000001,0.0124516487121582,0,True,85,33,True,73,32,0.910743534564972,206.4552001953125,-155422600.68861395,2025-11-20 20:22:21
er_32768_1_2.txt,erdos_renyi_10ins_m20,47,SpecAnn,0.7633329321824984,1.0,-8604606.000000002,-4597598.0,0.0124530792236328,0,True,85,33,True,74,32,0.908823013305664,199.47659301757807,-149852332.1747511,2025-11-20 20:22:21
er_32768_1_2.txt,erdos_renyi_10ins_m20,47,SpecAnn,0.7684732793678399,1.0,-8623566.0,-4676734.0,0.0123672485351562,0,True,85,33,True,75,32,0.9068588018417358,192.77978515625,-144508506.64124376,2025-11-20 20:22:21
er_32768_1_2.txt,erdos_renyi_10ins_m20,47,SpecAnn,0.7735794702875677,1.0,-8626276.0,-4744682.000000001,0.01241135597229,0,True,85,33,True,76,32,0.9048488736152648,186.35134887695312,-139380121.67975298,2025-11-20 20:22:21
er_32768_1_2.txt,erdos_renyi_10ins_m20,47,SpecAnn,0.7786521769046981,1.0,-8637820.0,-4838738.000000001,0.0124835968017578,0,True,85,33,True,77,32,0.9027916789054872,180.1786193847656,-134456886.62595317,2025-11-20 20:22:21
er_32768_1_2.txt,erdos_renyi_10ins_m20,47,SpecAnn,0.7836920494342511,1.0,-8641720.0,-4907726.000000001,0.0124571323394775,0,True,85,33,True,78,32,0.9006847739219666,174.24957275390625,-129728916.69517204,2025-11-20 20:22:21
er_32768_1_2.txt,erdos_renyi_10ins_m20,47,SpecAnn,0.788699717316095,1.0,-8632110.0,-5001994.0,0.0124921798706054,0,True,85,33,True,79,32,0.8985262513160706,168.55287170410156,-125186983.46055467,2025-11-20 20:22:21
er_32768_1_2.txt,erdos_renyi_10ins_m20,47,SpecAnn,0.7936757901325451,1.0,-8659780.0,-5066372.000000001,0.0123870372772216,0,True,85,33,True,80,32,0.8963136672973633,163.07785034179688,-120822340.76454704,2025-11-20 20:22:22
er_32768_1_2.txt,erdos_renyi_10ins_m20,47,SpecAnn,0.7986208584745024,1.0,-8640174.000000002,-5165616.000000001,0.0124890804290771,0,True,85,33,True,81,32,0.8940443396568298,157.81423950195312,-116626567.35027908,2025-11-20 20:22:22
er_32768_1_2.txt,erdos_renyi_10ins_m20,47,SpecAnn,0.803535494759617,1.0,-8650312.0,-5257820.000000001,0.0126328468322753,0,True,85,33,True,82,32,0.8917158842086792,152.7525634765625,-112591928.6928632,2025-11-20 20:22:22
er_32768_1_2.txt,erdos_renyi_10ins_m20,47,SpecAnn,0.8084202540056837,1.0,-8628514.000000002,-5350162.0,0.0126299858093261,0,True,85,33,True,83,32,0.8893253207206726,147.88369750976562,-108710928.93816304,2025-11-20 20:22:22
er_32768_1_2.txt,erdos_renyi_10ins_m20,47,SpecAnn,0.8132756745622272,1.0,-8661024.0,-5443550.000000001,0.0125870704650878,0,True,85,33,True,84,32,0.886869490146637,143.19894409179688,-104976425.0389994,2025-11-20 20:22:22
er_32768_1_2.txt,erdos_renyi_10ins_m20,47,SpecAnn,0.8181022788030096,1.0,-8669006.0,-5554882.000000001,0.0125558376312255,0,True,85,33,True,85,32,0.8843451738357544,138.69021606445312,-101381773.30577695,2025-11-20 20:22:22
er_32768_1_2.txt,erdos_renyi_10ins_m20,47,SpecAnn,0.822900573781978,1.0,-8672522.000000002,-5646502.0,0.0123713016510009,0,True,85,33,True,86,32,0.8817486763000488,134.34976196289062,-97920577.52019107,2025-11-20 20:22:22
er_32768_1_2.txt,erdos_renyi_10ins_m20,47,SpecAnn,0.8276710518549868,1.0,-8687632.000000002,-5747450.000000001,0.0123414993286132,0,True,85,33,True,87,32,0.8790764212608337,130.17022705078125,-94586802.06046826,2025-11-20 20:22:22
er_32768_1_2.txt,erdos_renyi_10ins_m20,47,SpecAnn,0.8324141912694495,1.0,-8693676.0,-5853104.000000001,0.012305736541748,0,True,85,33,True,88,32,0.8763240575790405,126.14456176757812,-91374605.58464776,2025-11-20 20:22:22
er_32768_1_2.txt,erdos_renyi_10ins_m20,47,SpecAnn,0.8371304567239225,1.0,-8679686.0,-5950004.0,0.0123884677886962,0,True,85,33,True,89,32,0.8734871745109558,122.26626586914062,-88278598.50352238,2025-11-20 20:22:22
er_32768_1_2.txt,erdos_renyi_10ins_m20,47,SpecAnn,0.8418202998994706,1.0,-8687122.0,-6068712.000000001,0.0123193264007568,0,True,85,33,True,90,32,0.8705609440803528,118.52891540527344,-85293461.22055565,2025-11-20 20:22:22
er_32768_1_2.txt,erdos_renyi_10ins_m20,47,SpecAnn,0.846484159964536,1.0,-8702816.0,-6189590.0,0.0123450756072998,0,True,85,33,True,91,32,0.8675400614738464,114.92657470703124,-82414238.57306309,2025-11-20 20:22:22
er_32768_1_2.txt,erdos_renyi_10ins_m20,47,SpecAnn,0.8511224640549078,1.0,-8707358.0,-6300606.0,0.0123369693756103,0,True,85,33,True,92,32,0.8644190430641174,111.45362854003906,-79636247.28255063,2025-11-20 20:22:22
er_32768_1_2.txt,erdos_renyi_10ins_m20,47,SpecAnn,0.8557356277302758,1.0,-8725618.0,-6410696.0,0.0123968124389648,0,True,85,33,True,93,32,0.8611915111541748,108.10455322265624,-76954846.29612729,2025-11-20 20:22:22
er_32768_1_2.txt,erdos_renyi_10ins_m20,47,SpecAnn,0.8603240554087516,1.0,-8728956.0,-6547700.000000001,0.012347936630249,0,True,85,33,True,94,32,0.8578508496284485,104.87420654296876,-74365708.91420706,2025-11-20 20:22:22
er_32768_1_2.txt,erdos_renyi_10ins_m20,47,SpecAnn,0.86488814078064,1.0,-8736812.0,-6680248.0,0.0122914314270019,0,True,85,33,True,95,32,0.8543897271156311,101.7577896118164,-71864751.98241867,2025-11-20 20:22:22
er_32768_1_2.txt,erdos_renyi_10ins_m20,47,SpecAnn,0.8694282672026621,1.0,-8774024.0,-6809200.0,0.0123095512390136,0,True,85,33,True,96,32,0.8508001565933228,98.7505340576172,-69447923.16783813,2025-11-20 20:22:22
er_32768_1_2.txt,erdos_renyi_10ins_m20,47,SpecAnn,0.8739448080737451,1.0,-8792782.0,-6923586.0,0.0238733291625976,0,True,85,65,True,97,32,0.8470730781555176,95.8480224609375,-67111397.82780929,2025-11-20 20:22:22
er_32768_1_2.txt,erdos_renyi_10ins_m20,47,SpecAnn,0.878438127193422,1.0,-8797551.999999998,-7043180.000000001,0.0238382816314697,0,True,85,65,True,98,32,0.8431990146636963,93.04605102539062,-64851538.70157731,2025-11-20 20:22:22
er_32768_1_2.txt,erdos_renyi_10ins_m20,47,SpecAnn,0.8829085791038153,1.0,-8831628.000000002,-7181918.000000002,0.0234706401824951,0,True,85,65,True,99,32,0.8391662240028381,90.34050750732422,-62664671.8714023,2025-11-20 20:22:22
er_32768_1_2.txt,erdos_renyi_10ins_m20,47,SpecAnn,0.8873565094161138,1.0,-8832890.0,-7350432.0,0.0235052108764648,0,True,85,65,True,100,32,0.8349613547325134,87.72758483886719,-60547302.178766094,2025-11-20 20:22:22
er_32768_1_2.txt,erdos_renyi_10ins_m20,47,SpecAnn,0.8917822551223932,1.0,-8856686.0,-7475889.999999999,0.0235700607299804,0,True,85,65,True,101,32,0.8305671215057373,85.20359802246094,-58495831.48754344,2025-11-20 20:22:22
er_32768_1_2.txt,erdos_renyi_10ins_m20,47,SpecAnn,0.8961861448935777,1.0,-8873164.0,-7614398.000000001,0.0346558094024658,0,True,85,97,True,102,32,0.8259570002555847,82.76504516601562,-56506270.38313526,2025-11-20 20:22:22
er_32768_1_2.txt,erdos_renyi_10ins_m20,47,SpecAnn,0.9005684993642872,1.0,-8871651.999999998,-7737466.000000001,0.0574958324432373,0,True,85,161,True,103,32,0.821094274520874,80.40859985351562,-54574249.52091175,2025-11-20 20:22:22
er_32768_1_2.txt,erdos_renyi_10ins_m20,47,SpecAnn,0.9049296314052688,1.0,-8883496.0,-7772110.000000002,0.057835578918457,0,True,85,161,True,104,32,0.8159639239311218,78.1310043334961,-52697087.5401445,2025-11-20 20:22:22
er_32768_1_2.txt,erdos_renyi_10ins_m20,47,SpecAnn,0.9092698463840684,1.0,-8867752.0,-7724204.000000001,0.0693011283874511,0,True,85,193,True,105,32,0.8106144666671753,75.92924499511719,-50876318.81486176,2025-11-20 20:22:22
er_32768_1_2.txt,erdos_renyi_10ins_m20,47,SpecAnn,0.9135894424145556,1.0,-8862752.000000002,-7700732.0,0.0808126926422119,0,True,85,225,True,106,32,0.8050971031188965,73.8004150390625,-49113322.696029134,2025-11-20 20:22:22
er_32768_1_2.txt,erdos_renyi_10ins_m20,47,SpecAnn,0.9178887105958816,1.0,-8868852.000000002,-7682164.0,0.0577521324157714,0,True,85,161,True,107,32,0.7994319200515747,71.7416763305664,-47407303.518921554,2025-11-20 20:22:22
er_32768_1_2.txt,erdos_renyi_10ins_m20,47,SpecAnn,0.922167935241408,1.0,-8871264.0,-7684788.000000002,0.0464017391204834,0,True,85,129,True,108,32,0.7936235666275024,69.75038146972656,-45756562.61654335,2025-11-20 20:22:22
er_32768_1_2.txt,erdos_renyi_10ins_m20,47,SpecAnn,0.92642739409812,1.0,-8856374.000000002,-7693336.0,0.0579321384429931,0,True,85,161,True,109,32,0.787672221660614,67.82403564453125,-44159221.22693416,2025-11-20 20:22:22
er_32768_1_2.txt,erdos_renyi_10ins_m20,47,SpecAnn,0.9306673585570006,1.0,-8873010.0,-7690954.000000001,0.0465993881225585,0,True,85,129,True,110,32,0.7815757393836975,65.96012878417969,-42613265.27134019,2025-11-20 20:22:22
er_32768_1_2.txt,erdos_renyi_10ins_m20,47,SpecAnn,0.9348880938548184,1.0,-8840974.0,-7679159.999999999,0.0353004932403564,0,True,85,97,True,111,32,0.7753319144248962,64.15634155273438,-41116818.25266274,2025-11-20 20:22:22
er_32768_1_2.txt,erdos_renyi_10ins_m20,47,SpecAnn,0.9390898592677528,1.0,-8853427.999999998,-7679368.000000001,0.0354461669921875,0,True,85,97,True,112,32,0.7689380049705505,62.41045379638672,-39668055.80409918,2025-11-20 20:22:22
er_32768_1_2.txt,erdos_renyi_10ins_m20,47,SpecAnn,0.9432729082972536,1.0,-8841820.0,-7679454.0,0.0349349975585937,0,True,85,97,True,113,32,0.7623904943466187,60.720314025878906,-38265177.32615614,2025-11-20 20:22:22
er_32768_1_2.txt,erdos_renyi_10ins_m20,47,SpecAnn,0.9474374888485204,1.0,-8844746.0,-7677090.000000001,0.0351262092590332,0,True,85,97,True,114,32,0.7556873559951782,59.08388519287109,-36906550.02954524,2025-11-20 20:22:22
er_32768_1_2.txt,erdos_renyi_10ins_m20,47,SpecAnn,0.9515838434019476,1.0,-8831356.000000002,-7676532.0,0.0239617824554443,0,True,85,65,True,115,32,0.7488247156143188,57.49917602539063,-35590495.957390025,2025-11-20 20:22:22
er_32768_1_2.txt,erdos_renyi_10ins_m20,47,SpecAnn,0.9557122091778746,1.0,-8837368.0,-7679910.000000001,0.0352342128753662,0,True,85,97,True,116,32,0.7417999505996704,55.96435928344727,-34315520.02340697,2025-11-20 20:22:23
er_32768_1_2.txt,erdos_renyi_10ins_m20,47,SpecAnn,0.9598228182949629,1.0,-8852334.0,-7673615.999999999,0.0242118835449218,0,True,85,65,True,117,32,0.7346091270446777,54.477577209472656,-33080064.928168938,2025-11-20 20:22:23
er_32768_1_2.txt,erdos_renyi_10ins_m20,47,SpecAnn,0.963915897922488,1.0,-8840806.0,-7678944.000000001,0.0353193283081054,0,True,85,97,True,118,32,0.7272502183914185,53.037147521972656,-31882786.23825174,2025-11-20 20:22:23
er_32768_1_2.txt,erdos_renyi_10ins_m20,47,SpecAnn,0.967991670426842,1.0,-8828902.0,-7677981.999999999,0.0236353874206542,0,True,85,65,True,119,32,0.7197185754776001,51.641380310058594,-30722234.668285083,2025-11-20 20:22:23
er_32768_1_2.txt,erdos_renyi_10ins_m20,47,SpecAnn,0.9720503535125016,1.0,-8845038.0,-7684078.000000001,0.0349705219268798,0,True,85,97,True,120,32,0.7120112776756287,50.28868103027344,-29597114.063418973,2025-11-20 20:22:23
er_32768_1_2.txt,erdos_renyi_10ins_m20,47,SpecAnn,0.9760921603577252,1.0,-8841966.000000002,-7676704.0,0.0236296653747558,0,True,85,65,True,121,32,0.7041248679161072,48.97755432128906,-28506180.20751252,2025-11-20 20:22:23
er_32768_1_2.txt,erdos_renyi_10ins_m20,47,SpecAnn,0.9801172997452104,1.0,-8849014.0,-7675986.000000001,0.0348415374755859,0,True,85,97,True,122,32,0.6960558295249939,47.70651245117188,-27448207.77618466,2025-11-20 20:22:23
er_32768_1_2.txt,erdos_renyi_10ins_m20,47,SpecAnn,0.9841259761879442,1.0,-8841240.0,-7669704.000000001,0.0239698886871337,0,True,85,65,True,123,32,0.6878003478050232,46.47417449951172,-26422038.678085525,2025-11-20 20:22:23
er_32768_1_2.txt,erdos_renyi_10ins_m20,47,SpecAnn,0.9881183900504562,1.0,-8850684.0,-7672166.0,0.035097599029541,0,True,85,97,True,124,32,0.6793551445007324,45.27915954589844,-25426552.17452685,2025-11-20 20:22:23
er_32768_1_2.txt,erdos_renyi_10ins_m20,47,SpecAnn,0.9920947376656812,1.0,-8854508.0,-7676654.0,0.0236613750457763,0,True,85,65,True,125,32,0.6707158088684082,44.12020111083984,-24460665.843284912,2025-11-20 20:22:23
er_32768_1_2.txt,erdos_renyi_10ins_m20,47,SpecAnn,0.9960552114476228,1.0,-8842576.0,-7684675.999999999,0.0347988605499267,0,True,85,97,True,126,32,0.6618794798851013,42.996055603027344,-23523383.09053509,2025-11-20 20:22:23
er_32768_1_2.txt,erdos_renyi_10ins_m20,47,SpecAnn,1.0,1.0,-8865501.999999998,-7683224.000000001,0.0239572525024414,0,True,85,65,True,127,32,0.6528418064117432,41.905494689941406,-22613676.661076248,2025-11-20 20:22:23
er_32768_1_2.txt,erdos_renyi_10ins_m20,48,SpecAnn,0.0,1.0,-8602944.0,-1818830.0,0.0137085914611816,0,True,73,33,True,0,32,0.9936299920082092,32769.0,-26914116553.06227,2025-11-20 20:22:23
er_32768_1_2.txt,erdos_renyi_10ins_m20,48,SpecAnn,0.0887356509416113,1.0,-8575492.0,-1883120.0,0.0124537944793701,0,True,73,33,True,1,32,0.9914242625236512,18081.572265625,-14817945151.251432,2025-11-20 20:22:23
er_32768_1_2.txt,erdos_renyi_10ins_m20,48,SpecAnn,0.1254911610276317,1.0,-8567622.000000002,-1910851.9999999995,0.0124781131744384,0,True,73,33,True,2,32,0.990299105644226,14135.4921875,-11570964742.91798,2025-11-20 20:22:23
er_32768_1_2.txt,erdos_renyi_10ins_m20,48,SpecAnn,0.1536946558735679,1.0,-8559264.0,-1949151.9999999995,0.0123822689056396,0,True,73,33,True,3,32,0.989335834980011,11702.505859375,-9570064301.936926,2025-11-20 20:22:23
er_32768_1_2.txt,erdos_renyi_10ins_m20,48,SpecAnn,0.1774713018832227,1.0,-8557624.0,-1974968.0,0.0124685764312744,0,True,73,33,True,4,32,0.988449215888977,9980.048828125,-8154160882.595713,2025-11-20 20:22:23
er_32768_1_2.txt,erdos_renyi_10ins_m20,48,SpecAnn,0.1984189475331362,1.0,-8579700.0,-2002126.0,0.0124039649963378,0,True,73,33,True,5,32,0.987606644630432,8674.037109375,-7081047824.592373,2025-11-20 20:22:23
er_32768_1_2.txt,erdos_renyi_10ins_m20,48,SpecAnn,0.2173570668006655,1.0,-8588102.000000002,-2028118.0,0.0123448371887207,0,True,73,33,True,6,32,0.9867915511131288,7641.16357421875,-6232713551.597984,2025-11-20 20:22:23
er_32768_1_2.txt,erdos_renyi_10ins_m20,48,SpecAnn,0.2347724648169381,1.0,-8576223.999999998,-2060678.0,0.0124063491821289,0,True,73,33,True,7,32,0.9859942197799684,6800.3359375,-5542388756.254556,2025-11-20 20:22:23
er_32768_1_2.txt,erdos_renyi_10ins_m20,48,SpecAnn,0.2509823220552634,1.0,-8584304.0,-2087216.0000000007,0.0123291015625,0,True,73,33,True,8,32,0.98520827293396,6101.134765625,-4968564323.6194,2025-11-20 20:22:23
er_32768_1_2.txt,erdos_renyi_10ins_m20,48,SpecAnn,0.2662069528248341,1.0,-8571324.0,-2110588.0000000005,0.0125131607055664,0,True,73,33,True,9,32,0.9844294786453248,5510.09326171875,-4483692376.8494,2025-11-20 20:22:23
er_32768_1_2.txt,erdos_renyi_10ins_m20,48,SpecAnn,0.2806067666331568,1.0,-8595956.0,-2138006.0,0.0126440525054931,0,True,73,33,True,10,32,0.9836544990539552,5003.89892578125,-4068584684.8633857,2025-11-20 20:22:23
er_32768_1_2.txt,erdos_renyi_10ins_m20,48,SpecAnn,0.2943028597012718,1.0,-8571350.0,-2162442.0,0.01261568069458,0,True,73,33,True,11,32,0.9828810691833496,4565.6953125,-3709369911.0817738,2025-11-20 20:22:23
er_32768_1_2.txt,erdos_renyi_10ins_m20,48,SpecAnn,0.3073893117471359,1.0,-8583648.0,-2182348.0,0.0126562118530273,0,True,73,33,True,12,32,0.9821072220802308,4182.92529296875,-3395715221.545103,2025-11-20 20:22:23
er_32768_1_2.txt,erdos_renyi_10ins_m20,48,SpecAnn,0.3199409394316542,1.0,-8576944.000000002,-2199420.0,0.0125281810760498,0,True,73,33,True,13,32,0.9813315868377686,3846.01171875,-3119741641.116047,2025-11-20 20:22:23
er_32768_1_2.txt,erdos_renyi_10ins_m20,48,SpecAnn,0.3320184038158743,1.0,-8592922.0,-2228837.9999999995,0.0124604701995849,0,True,73,33,True,14,32,0.980552852153778,3547.4931640625,-2875310981.751238,2025-11-20 20:22:23
er_32768_1_2.txt,erdos_renyi_10ins_m20,48,SpecAnn,0.3436716983117353,1.0,-8596490.0,-2257187.999999999,0.0124468803405761,0,True,73,33,True,15,32,0.9797698855400084,3281.464111328125,-2657565603.3951874,2025-11-20 20:22:23
er_32768_1_2.txt,erdos_renyi_10ins_m20,48,SpecAnn,0.3549426037664455,1.0,-8553976.0,-2273813.9999999995,0.012444257736206,0,True,73,33,True,16,32,0.9789819717407228,3043.177734375,-2462602184.9987965,2025-11-20 20:22:23
er_32768_1_2.txt,erdos_renyi_10ins_m20,48,SpecAnn,0.3658664615902029,1.0,-8592386.000000002,-2293466.0,0.0124411582946777,0,True,73,33,True,17,32,0.9781882762908936,2828.769287109375,-2287242594.1213183,2025-11-20 20:22:23
er_32768_1_2.txt,erdos_renyi_10ins_m20,48,SpecAnn,0.3764734830828951,1.0,-8581150.0,-2324839.9999999995,0.0124750137329101,0,True,73,33,True,18,32,0.9773879647254944,2635.0595703125,-2128872604.0090013,2025-11-20 20:22:23
er_32768_1_2.txt,erdos_renyi_10ins_m20,48,SpecAnn,0.3867897351437838,1.0,-8595060.0,-2346919.9999999995,0.0124030113220214,0,True,73,33,True,19,32,0.9765806794166564,2459.40625,-1985320599.8847003,2025-11-20 20:22:23
er_32768_1_2.txt,erdos_renyi_10ins_m20,48,SpecAnn,0.3968378950662725,1.0,-8600488.0,-2366065.9999999995,0.0123605728149414,0,True,73,33,True,20,32,0.9757657647132874,2299.592529296875,-1854764240.553249,2025-11-20 20:22:23
er_32768_1_2.txt,erdos_renyi_10ins_m20,48,SpecAnn,0.4066378372811136,1.0,-8575290.0,-2385980.0,0.012486457824707,0,True,73,33,True,21,32,0.9749427437782288,2153.746337890625,-1735665023.6602738,2025-11-20 20:22:23
er_32768_1_2.txt,erdos_renyi_10ins_m20,48,SpecAnn,0.4162070956347247,1.0,-8591858.0,-2421898.0,0.0123946666717529,0,True,73,33,True,22,32,0.9741110801696776,2020.273681640625,-1626713002.8049383,2025-11-20 20:22:23
er_32768_1_2.txt,erdos_renyi_10ins_m20,48,SpecAnn,0.4255612320274539,1.0,-8560820.000000002,-2448154.0,0.0124564170837402,0,True,73,33,True,23,32,0.973270297050476,1897.8096923828125,-1526786735.910884,2025-11-20 20:22:23
er_32768_1_2.txt,erdos_renyi_10ins_m20,48,SpecAnn,0.434714133601331,1.0,-8614402.0,-2469984.0,0.0124049186706542,0,True,73,33,True,24,32,0.9724202752113342,1785.1771240234375,-1434919597.1849842,2025-11-20 20:22:23
er_32768_1_2.txt,erdos_renyi_10ins_m20,48,SpecAnn,0.4436782547080569,1.0,-8573112.0,-2508212.0000000005,0.0123894214630126,0,True,73,33,True,25,32,0.9715603590011596,1681.357666015625,-1350274741.0123012,2025-11-20 20:22:24
er_32768_1_2.txt,erdos_renyi_10ins_m20,48,SpecAnn,0.4524648157026343,1.0,-8588388.0,-2530286.0,0.0124735832214355,0,True,73,33,True,26,32,0.9706902503967284,1585.463623046875,-1272123273.59699,2025-11-20 20:22:24
er_32768_1_2.txt,erdos_renyi_10ins_m20,48,SpecAnn,0.4610839676207039,1.0,-8602958.0,-2556130.0,0.0123965740203857,0,True,73,33,True,27,32,0.9698094725608826,1496.719482421875,-1199828246.9253232,2025-11-20 20:22:24
er_32768_1_2.txt,erdos_renyi_10ins_m20,48,SpecAnn,0.4695449296338763,1.0,-8588571.999999998,-2590540.0,0.0125432014465332,0,True,73,33,True,28,32,0.9689179062843324,1414.44384765625,-1132830521.5024312,2025-11-20 20:22:24
er_32768_1_2.txt,erdos_renyi_10ins_m20,48,SpecAnn,0.4778561045889373,1.0,-8587434.0,-2616506.0,0.0125463008880615,0,True,73,33,True,29,32,0.9680150151252748,1338.03515625,-1070636060.2292744,2025-11-20 20:22:24
er_32768_1_2.txt,erdos_renyi_10ins_m20,48,SpecAnn,0.4860251767562508,1.0,-8599488.000000002,-2652772.0000000005,0.0126609802246093,0,True,73,33,True,30,32,0.9671003818511964,1266.962158203125,-1012808754.9277986,2025-11-20 20:22:24
er_32768_1_2.txt,erdos_renyi_10ins_m20,48,SpecAnn,0.4940591950252281,1.0,-8591724.000000002,-2681506.0000000005,0.0126643180847167,0,True,73,33,True,31,32,0.966174066066742,1200.7528076171875,-958961640.681785,2025-11-20 20:22:24
er_32768_1_2.txt,erdos_renyi_10ins_m20,48,SpecAnn,0.5019646441105269,1.0,-8595732.0,-2709382.0,0.0124807357788085,0,True,73,33,True,32,32,0.9652352929115297,1138.986572265625,-908749208.8251642,2025-11-20 20:22:24
er_32768_1_2.txt,erdos_renyi_10ins_m20,48,SpecAnn,0.5097475058154177,1.0,-8579042.0,-2741180.0000000005,0.0124831199645996,0,True,73,33,True,33,32,0.96428382396698,1081.2869873046875,-861862741.5883898,2025-11-20 20:22:24
er_32768_1_2.txt,erdos_renyi_10ins_m20,48,SpecAnn,0.51741331199832,1.0,-8584388.000000002,-2770002.0000000005,0.0124385356903076,0,True,73,33,True,34,32,0.9633195996284484,1027.3179931640625,-818026814.3186105,2025-11-20 20:22:24
er_32768_1_2.txt,erdos_renyi_10ins_m20,48,SpecAnn,0.5249671905758515,1.0,-8590366.0,-2799014.0000000005,0.0124652385711669,0,True,73,33,True,35,32,0.9623419642448424,976.77685546875,-776992869.5317823,2025-11-20 20:22:24
er_32768_1_2.txt,erdos_renyi_10ins_m20,48,SpecAnn,0.5324139056496683,1.0,-8604802.0,-2831154.0000000005,0.012430191040039,0,True,73,33,True,36,32,0.9613506197929382,929.3912963867188,-738537684.1322215,2025-11-20 20:22:24
er_32768_1_2.txt,erdos_renyi_10ins_m20,48,SpecAnn,0.5397578926492556,1.0,-8590508.0,-2861902.0,0.0125117301940917,0,True,73,33,True,37,32,0.9603452086448668,884.9150390625,-702459351.5277096,2025-11-20 20:22:24
er_32768_1_2.txt,erdos_renyi_10ins_m20,48,SpecAnn,0.5470032892270364,1.0,-8589886.000000002,-2896881.9999999995,0.0124573707580566,0,True,73,33,True,38,32,0.9593256115913392,843.1260986328125,-668576058.6227126,2025-11-20 20:22:24
er_32768_1_2.txt,erdos_renyi_10ins_m20,48,SpecAnn,0.554153962516942,1.0,-8587368.0,-2937919.9999999995,0.0124578475952148,0,True,73,33,True,39,32,0.958291232585907,803.8219604492188,-636721669.3246542,2025-11-20 20:22:24
er_32768_1_2.txt,erdos_renyi_10ins_m20,48,SpecAnn,0.5612135332663137,1.0,-8582626.0,-2967958.0,0.0123877525329589,0,True,73,33,True,40,32,0.9572417736053468,766.8197631835938,-606746372.7348055,2025-11-20 20:22:24
er_32768_1_2.txt,erdos_renyi_10ins_m20,48,SpecAnn,0.5681853972686127,1.0,-8609912.0,-3002522.0,0.0124027729034423,0,True,73,33,True,41,32,0.9561766982078552,731.9527587890625,-578513444.6364176,2025-11-20 20:22:24
er_32768_1_2.txt,erdos_renyi_10ins_m20,48,SpecAnn,0.5750727444570146,1.0,-8598332.000000002,-3040168.0,0.0125989913940429,0,True,73,33,True,42,32,0.9550958275794984,699.068359375,-551898027.9898555,2025-11-20 20:22:24
er_32768_1_2.txt,erdos_renyi_10ins_m20,48,SpecAnn,0.5818785759635375,1.0,-8609086.0,-3081380.0000000005,0.0126540660858154,0,True,73,33,True,43,32,0.9539987444877625,668.0276489257812,-526786321.4217465,2025-11-20 20:22:24
er_32768_1_2.txt,erdos_renyi_10ins_m20,48,SpecAnn,0.5886057194025436,1.0,-8595150.000000002,-3121793.9999999995,0.0125370025634765,0,True,73,33,True,44,32,0.9528849124908448,638.7036743164062,-503074279.3021949,2025-11-20 20:22:24
er_32768_1_2.txt,erdos_renyi_10ins_m20,48,SpecAnn,0.5952568425994088,1.0,-8625027.999999998,-3149982.0,0.0124351978302001,0,True,73,33,True,45,32,0.9517539739608764,610.979248046875,-480666004.1245731,2025-11-20 20:22:24
er_32768_1_2.txt,erdos_renyi_10ins_m20,48,SpecAnn,0.6018344659534288,1.0,-8586740.0,-3186974.0,0.0124015808105468,0,True,73,33,True,46,32,0.95060533285141,584.747802734375,-459474161.0344299,2025-11-20 20:22:24
er_32768_1_2.txt,erdos_renyi_10ins_m20,48,SpecAnn,0.6083409735974393,1.0,-8635716.0,-3217966.0000000005,0.0124480724334716,0,True,73,33,True,47,32,0.9494388699531556,559.9107666015625,-439418234.6179076,2025-11-20 20:22:24
er_32768_1_2.txt,erdos_renyi_10ins_m20,48,SpecAnn,0.6147786234942719,1.0,-8594174.000000002,-3260511.9999999995,0.0124897956848144,0,True,73,33,True,48,32,0.9482539296150208,536.3773803710938,-420423859.3242952,2025-11-20 20:22:24
er_32768_1_2.txt,erdos_renyi_10ins_m20,48,SpecAnn,0.6211495565912796,1.0,-8605246.0,-3315346.0000000005,0.0124032497406005,0,True,73,33,True,49,32,0.947049915790558,514.064453125,-402422905.50752056,2025-11-20 20:22:24
er_32768_1_2.txt,erdos_renyi_10ins_m20,48,SpecAnn,0.6274558051381586,1.0,-8587666.000000002,-3357146.0,0.0124351978302001,0,True,73,33,True,50,32,0.9458264708518982,492.8943481445313,-385351941.37168336,2025-11-20 20:22:24
er_32768_1_2.txt,erdos_renyi_10ins_m20,48,SpecAnn,0.6336993002596786,1.0,-8610420.000000002,-3408568.0,0.0123953819274902,0,True,73,33,True,51,32,0.9445828795433044,472.7964172363281,-369153079.085012,2025-11-20 20:22:24
er_32768_1_2.txt,erdos_renyi_10ins_m20,48,SpecAnn,0.6398818788633085,1.0,-8581792.0,-3447700.0,0.0124027729034423,0,True,73,33,True,52,32,0.9433190226554872,453.7044067382813,-353772310.8376224,2025-11-20 20:22:24
er_32768_1_2.txt,erdos_renyi_10ins_m20,48,SpecAnn,0.6460052899517691,1.0,-8583448.0,-3494004.0000000005,0.0124828815460205,0,True,73,33,True,53,32,0.9420337677001952,435.5571899414063,-339159437.5403843,2025-11-20 20:22:24
er_32768_1_2.txt,erdos_renyi_10ins_m20,48,SpecAnn,0.6520712004019966,1.0,-8584086.0,-3538874.0,0.0124027729034423,0,True,73,33,True,54,32,0.9407269358634948,418.2982177734375,-325268376.57830155,2025-11-20 20:22:24
er_32768_1_2.txt,erdos_renyi_10ins_m20,48,SpecAnn,0.6580812002646271,1.0,-8577239.999999998,-3583040.0000000005,0.0125019550323486,0,True,73,33,True,55,32,0.9393977522850036,401.8749694824219,-312056133.0870901,2025-11-20 20:22:24
er_32768_1_2.txt,erdos_renyi_10ins_m20,48,SpecAnn,0.6640368076317485,1.0,-8595814.0,-3620548.000000001,0.0124082565307617,0,True,73,33,True,56,32,0.9380455613136292,386.23834228515625,-299482579.9416912,2025-11-20 20:22:24
er_32768_1_2.txt,erdos_renyi_10ins_m20,48,SpecAnn,0.6699394731151429,1.0,-8588053.999999998,-3665436.000000001,0.0124835968017578,0,True,73,33,True,57,32,0.936669647693634,371.3431396484375,-287510758.82643265,2025-11-20 20:22:24
er_32768_1_2.txt,erdos_renyi_10ins_m20,48,SpecAnn,0.6757905839724513,1.0,-8578008.000000002,-3714786.000000001,0.0126535892486572,0,True,73,33,True,58,32,0.9352695941925048,357.1467590332031,-276105957.5562203,2025-11-20 20:22:24
er_32768_1_2.txt,erdos_renyi_10ins_m20,48,SpecAnn,0.6815914679145113,1.0,-8609506.0,-3757554.0,0.012679100036621,0,True,73,33,True,59,32,0.9338443279266356,343.61004638671875,-265236071.5891795,2025-11-20 20:22:24
er_32768_1_2.txt,erdos_renyi_10ins_m20,48,SpecAnn,0.6873433966234707,1.0,-8606216.000000002,-3807764.000000001,0.0126354694366455,0,True,73,33,True,60,32,0.9323931336402892,330.69586181640625,-254870796.12682608,2025-11-20 20:22:24
er_32768_1_2.txt,erdos_renyi_10ins_m20,48,SpecAnn,0.6930475890080863,1.0,-8602486.0,-3845238.000000001,0.0125036239624023,0,True,73,33,True,61,32,0.930915355682373,318.3700561523437,-244982271.26593715,2025-11-20 20:22:24
er_32768_1_2.txt,erdos_renyi_10ins_m20,48,SpecAnn,0.6987052142198116,1.0,-8620975.999999998,-3895506.0,0.0124666690826416,0,True,73,33,True,62,32,0.9294099807739258,306.6004638671875,-235544185.5679432,2025-11-20 20:22:24
er_32768_1_2.txt,erdos_renyi_10ins_m20,48,SpecAnn,0.7043173944508145,1.0,-8600764.000000002,-3935200.0,0.0124974250793457,0,True,73,33,True,63,32,0.9278762340545654,295.3568725585937,-226531906.72318003,2025-11-20 20:22:24
er_32768_1_2.txt,erdos_renyi_10ins_m20,48,SpecAnn,0.709885207532891,1.0,-8614572.0,-3993162.0,0.0125215053558349,0,True,73,33,True,64,32,0.9263131618499756,284.61138916015625,-217922643.5335646,2025-11-20 20:22:24
er_32768_1_2.txt,erdos_renyi_10ins_m20,48,SpecAnn,0.7154096893543218,1.0,-8629980.0,-4045450.0,0.0123980045318603,0,True,73,33,True,65,32,0.9247196912765504,274.33740234375,-209694662.5563752,2025-11-20 20:22:24
er_32768_1_2.txt,erdos_renyi_10ins_m20,48,SpecAnn,0.7208918361100219,1.0,-8607109.999999998,-4105450.0,0.0124580860137939,0,True,73,33,True,66,32,0.9230948686599731,264.51043701171875,-201827991.52185017,2025-11-20 20:22:24
er_32768_1_2.txt,erdos_renyi_10ins_m20,48,SpecAnn,0.7263326063988248,1.0,-8625896.000000002,-4157132.0,0.0123746395111083,0,True,73,33,True,67,32,0.921437680721283,255.10720825195312,-194303644.54176813,2025-11-20 20:22:24
er_32768_1_2.txt,erdos_renyi_10ins_m20,48,SpecAnn,0.7317329231804058,1.0,-8643002.0,-4219156.0,0.0123939514160156,0,True,73,33,True,68,32,0.9197468757629396,246.10598754882807,-187103861.0623032,2025-11-20 20:22:24
er_32768_1_2.txt,erdos_renyi_10ins_m20,48,SpecAnn,0.7370936756031579,1.0,-8616028.0,-4283790.0,0.0125772953033447,0,True,73,33,True,69,32,0.9180211424827576,237.4862365722656,-180211863.3467893,2025-11-20 20:22:24
er_32768_1_2.txt,erdos_renyi_10ins_m20,48,SpecAnn,0.7424157207132704,1.0,-8602070.000000002,-4354358.0,0.0123505592346191,0,True,73,33,True,70,32,0.9162594079971312,229.2288818359375,-173612116.43523294,2025-11-20 20:22:24
er_32768_1_2.txt,erdos_renyi_10ins_m20,48,SpecAnn,0.7476998850543153,1.0,-8620630.0,-4423346.0,0.0124194622039794,0,True,73,33,True,71,32,0.9144601225852966,221.3158264160156,-167289811.5368467,2025-11-20 20:22:24
er_32768_1_2.txt,erdos_renyi_10ins_m20,48,SpecAnn,0.7529469661657903,1.0,-8619834.0,-4475580.0,0.0123736858367919,0,True,73,33,True,72,32,0.912622094154358,213.7298889160156,-161230977.5772544,2025-11-20 20:22:24
er_32768_1_2.txt,erdos_renyi_10ins_m20,48,SpecAnn,0.7581577339883167,1.0,-8623632.0,-4536360.000000001,0.0124356746673583,0,True,73,33,True,73,32,0.910743534564972,206.4552001953125,-155422600.68861395,2025-11-20 20:22:24
er_32768_1_2.txt,erdos_renyi_10ins_m20,48,SpecAnn,0.7633329321824984,1.0,-8612078.0,-4597598.0,0.012516975402832,0,True,73,33,True,74,32,0.908823013305664,199.47659301757807,-149852332.1747511,2025-11-20 20:22:24
er_32768_1_2.txt,erdos_renyi_10ins_m20,48,SpecAnn,0.7684732793678399,1.0,-8636300.0,-4676734.0,0.0124671459197998,0,True,73,33,True,75,32,0.9068587422370912,192.77978515625,-144508497.14320704,2025-11-20 20:22:24
er_32768_1_2.txt,erdos_renyi_10ins_m20,48,SpecAnn,0.7735794702875677,1.0,-8617230.0,-4744682.0,0.0124232769012451,0,True,73,33,True,76,32,0.9048488736152648,186.35134887695312,-139380121.67975298,2025-11-20 20:22:24
er_32768_1_2.txt,erdos_renyi_10ins_m20,48,SpecAnn,0.7786521769046981,1.0,-8601048.0,-4838738.000000001,0.0124580860137939,0,True,73,33,True,77,32,0.9027916789054872,180.1786193847656,-134456886.62595317,2025-11-20 20:22:24
er_32768_1_2.txt,erdos_renyi_10ins_m20,48,SpecAnn,0.7836920494342511,1.0,-8616828.0,-4907726.000000001,0.0123755931854248,0,True,73,33,True,78,32,0.9006848335266113,174.24957275390625,-129728925.28024668,2025-11-20 20:22:24
er_32768_1_2.txt,erdos_renyi_10ins_m20,48,SpecAnn,0.788699717316095,1.0,-8634364.0,-5001994.0,0.0124526023864746,0,True,73,33,True,79,32,0.8985262513160706,168.55287170410156,-125186983.46055467,2025-11-20 20:22:24
er_32768_1_2.txt,erdos_renyi_10ins_m20,48,SpecAnn,0.7936757901325451,1.0,-8615268.0,-5066372.000000001,0.0123803615570068,0,True,73,33,True,80,32,0.8963136672973633,163.07785034179688,-120822340.76454704,2025-11-20 20:22:24
er_32768_1_2.txt,erdos_renyi_10ins_m20,48,SpecAnn,0.7986208584745024,1.0,-8636485.999999998,-5165616.000000001,0.0123457908630371,0,True,73,33,True,81,32,0.8940443992614746,157.81423950195312,-116626575.12560388,2025-11-20 20:22:24
er_32768_1_2.txt,erdos_renyi_10ins_m20,48,SpecAnn,0.803535494759617,1.0,-8654840.0,-5257820.0,0.0124211311340332,0,True,73,33,True,82,32,0.891715943813324,152.7525634765625,-112591936.21880507,2025-11-20 20:22:24
er_32768_1_2.txt,erdos_renyi_10ins_m20,48,SpecAnn,0.8084202540056837,1.0,-8629434.0,-5350162.0,0.0124304294586181,0,True,73,33,True,83,32,0.8893253207206726,147.88369750976562,-108710928.93816304,2025-11-20 20:22:24
er_32768_1_2.txt,erdos_renyi_10ins_m20,48,SpecAnn,0.8132756745622272,1.0,-8667488.0,-5443550.000000001,0.0124080181121826,0,True,73,33,True,84,32,0.886869490146637,143.19894409179688,-104976425.0389994,2025-11-20 20:22:24
er_32768_1_2.txt,erdos_renyi_10ins_m20,48,SpecAnn,0.8181022788030096,1.0,-8654568.0,-5554882.0,0.0124251842498779,0,True,73,33,True,85,32,0.8843451738357544,138.69021606445312,-101381773.30577695,2025-11-20 20:22:24
er_32768_1_2.txt,erdos_renyi_10ins_m20,48,SpecAnn,0.822900573781978,1.0,-8678212.000000002,-5646502.0,0.012312889099121,0,True,73,33,True,86,32,0.8817486763000488,134.34976196289062,-97920577.52019107,2025-11-20 20:22:24
er_32768_1_2.txt,erdos_renyi_10ins_m20,48,SpecAnn,0.8276710518549868,1.0,-8659128.0,-5747450.0,0.012369155883789,0,True,73,33,True,87,32,0.8790764808654785,130.17022705078125,-94586808.47380456,2025-11-20 20:22:24
er_32768_1_2.txt,erdos_renyi_10ins_m20,48,SpecAnn,0.8324141912694495,1.0,-8660146.0,-5853104.000000001,0.012366771697998,0,True,73,33,True,88,32,0.8763240575790405,126.14456176757812,-91374605.58464776,2025-11-20 20:22:24
er_32768_1_2.txt,erdos_renyi_10ins_m20,48,SpecAnn,0.8371304567239225,1.0,-8689456.0,-5950003.999999999,0.0123212337493896,0,True,73,33,True,89,32,0.8734872341156006,122.26626586914062,-88278604.52743968,2025-11-20 20:22:24
er_32768_1_2.txt,erdos_renyi_10ins_m20,48,SpecAnn,0.8418202998994706,1.0,-8687786.0,-6068712.000000001,0.0124979019165039,0,True,73,33,True,90,32,0.8705609440803528,118.52891540527344,-85293461.22055565,2025-11-20 20:22:24
er_32768_1_2.txt,erdos_renyi_10ins_m20,48,SpecAnn,0.846484159964536,1.0,-8698488.000000002,-6189590.0,0.0126035213470458,0,True,73,33,True,91,32,0.8675401210784912,114.92657470703124,-82414244.23536232,2025-11-20 20:22:24
er_32768_1_2.txt,erdos_renyi_10ins_m20,48,SpecAnn,0.8511224640549078,1.0,-8707500.000000002,-6300606.0,0.0125372409820556,0,True,73,33,True,92,32,0.8644190430641174,111.45362854003906,-79636247.28255063,2025-11-20 20:22:24
er_32768_1_2.txt,erdos_renyi_10ins_m20,48,SpecAnn,0.8557356277302758,1.0,-8730156.0,-6410696.0,0.0123717784881591,0,True,73,33,True,93,32,0.86119145154953,108.10455322265624,-76954840.96994117,2025-11-20 20:22:24
er_32768_1_2.txt,erdos_renyi_10ins_m20,48,SpecAnn,0.8603240554087516,1.0,-8727926.0,-6547700.000000001,0.0125625133514404,0,True,73,33,True,94,32,0.8578508496284485,104.87420654296876,-74365708.91420706,2025-11-20 20:22:24
er_32768_1_2.txt,erdos_renyi_10ins_m20,48,SpecAnn,0.86488814078064,1.0,-8757481.999999998,-6680248.0,0.0129594802856445,0,True,73,33,True,95,32,0.8543897271156311,101.7577896118164,-71864751.98241867,2025-11-20 20:22:24
er_32768_1_2.txt,erdos_renyi_10ins_m20,48,SpecAnn,0.8694282672026621,1.0,-8773400.0,-6809200.0,0.0125391483306884,0,True,73,33,True,96,32,0.850800096988678,98.7505340576172,-69447918.30251369,2025-11-20 20:22:24
er_32768_1_2.txt,erdos_renyi_10ins_m20,48,SpecAnn,0.8739448080737451,1.0,-8777332.0,-6923586.0,0.0240681171417236,0,True,73,65,True,97,32,0.8470730781555176,95.8480224609375,-67111397.82780929,2025-11-20 20:22:24
er_32768_1_2.txt,erdos_renyi_10ins_m20,48,SpecAnn,0.878438127193422,1.0,-8789626.0,-7043180.000000001,0.023869514465332,0,True,73,65,True,98,32,0.8431987762451172,93.04605102539062,-64851520.36449266,2025-11-20 20:22:24
er_32768_1_2.txt,erdos_renyi_10ins_m20,48,SpecAnn,0.8829085791038153,1.0,-8810912.0,-7181918.000000002,0.0238573551177978,0,True,73,65,True,99,32,0.8391660451889038,90.34050750732422,-62664658.5184858,2025-11-20 20:22:24
er_32768_1_2.txt,erdos_renyi_10ins_m20,48,SpecAnn,0.8873565094161138,1.0,-8832870.0,-7350432.0,0.02366304397583,0,True,73,65,True,100,32,0.8349614143371582,87.72758483886719,-60547306.50100259,2025-11-20 20:22:24
er_32768_1_2.txt,erdos_renyi_10ins_m20,48,SpecAnn,0.8917822551223932,1.0,-8847460.0,-7475889.999999999,0.0236051082611084,0,True,73,65,True,101,32,0.8305671215057373,85.20359802246094,-58495831.48754344,2025-11-20 20:22:25
er_32768_1_2.txt,erdos_renyi_10ins_m20,48,SpecAnn,0.8961861448935777,1.0,-8861716.0,-7614398.000000001,0.0348067283630371,0,True,73,97,True,102,32,0.8259568810462952,82.76504516601562,-56506262.22765944,2025-11-20 20:22:25
er_32768_1_2.txt,erdos_renyi_10ins_m20,48,SpecAnn,0.9005684993642872,1.0,-8871990.000000002,-7737466.000000001,0.0583636760711669,0,True,73,161,True,103,32,0.8210942149162292,80.40859985351562,-54574245.55927316,2025-11-20 20:22:25
er_32768_1_2.txt,erdos_renyi_10ins_m20,48,SpecAnn,0.9049296314052688,1.0,-8870700.0,-7772144.000000001,0.0576045513153076,0,True,73,161,True,104,32,0.8159641623497009,78.1310043334961,-52697102.93784085,2025-11-20 20:22:25
er_32768_1_2.txt,erdos_renyi_10ins_m20,48,SpecAnn,0.9092698463840684,1.0,-8881670.0,-7725716.000000001,0.0691077709197998,0,True,73,193,True,105,32,0.8106145858764648,75.92924499511719,-50876326.29675367,2025-11-20 20:22:25
er_32768_1_2.txt,erdos_renyi_10ins_m20,48,SpecAnn,0.9135894424145556,1.0,-8863684.0,-7701782.0,0.0804433822631836,0,True,73,225,True,106,32,0.8050969243049622,73.8004150390625,-49113311.78784623,2025-11-20 20:22:25
er_32768_1_2.txt,erdos_renyi_10ins_m20,48,SpecAnn,0.9178887105958816,1.0,-8860450.0,-7681881.999999999,0.0575253963470459,0,True,73,161,True,107,32,0.7994315028190613,71.7416763305664,-47407278.77651648,2025-11-20 20:22:25
er_32768_1_2.txt,erdos_renyi_10ins_m20,48,SpecAnn,0.922167935241408,1.0,-8847444.0,-7688673.999999999,0.046640396118164,0,True,73,129,True,108,32,0.7936232686042786,69.75038146972656,-45756545.43394082,2025-11-20 20:22:25
er_32768_1_2.txt,erdos_renyi_10ins_m20,48,SpecAnn,0.92642739409812,1.0,-8864744.000000002,-7693336.0,0.0579922199249267,0,True,73,161,True,109,32,0.7876722812652588,67.82403564453125,-44159224.56854583,2025-11-20 20:22:25
er_32768_1_2.txt,erdos_renyi_10ins_m20,48,SpecAnn,0.9306673585570006,1.0,-8845350.000000002,-7690954.000000001,0.046194314956665,0,True,73,129,True,110,32,0.7815758585929871,65.96012878417969,-42613271.77089848,2025-11-20 20:22:25
er_32768_1_2.txt,erdos_renyi_10ins_m20,48,SpecAnn,0.9348880938548184,1.0,-8856940.000000002,-7678964.0,0.0350692272186279,0,True,73,97,True,111,32,0.7753320336341858,64.15634155273438,-41116824.57448002,2025-11-20 20:22:25
er_32768_1_2.txt,erdos_renyi_10ins_m20,48,SpecAnn,0.9390898592677528,1.0,-8852356.0,-7679368.000000001,0.0349872112274169,0,True,73,97,True,112,32,0.7689380049705505,62.41045379638672,-39668055.80409918,2025-11-20 20:22:25
er_32768_1_2.txt,erdos_renyi_10ins_m20,48,SpecAnn,0.9432729082972536,1.0,-8828602.0,-7679454.0,0.0349721908569335,0,True,73,97,True,113,32,0.7623906135559082,60.720314025878906,-38265183.30939522,2025-11-20 20:22:25
er_32768_1_2.txt,erdos_renyi_10ins_m20,48,SpecAnn,0.9474374888485204,1.0,-8852927.999999998,-7677090.000000001,0.0350427627563476,0,True,73,97,True,114,32,0.755687415599823,59.08388519287109,-36906552.94053983,2025-11-20 20:22:25
er_32768_1_2.txt,erdos_renyi_10ins_m20,48,SpecAnn,0.9515838434019476,1.0,-8846942.0,-7676532.0,0.0238881111145019,0,True,73,65,True,115,32,0.7488245964050293,57.49917602539063,-35590490.29155442,2025-11-20 20:22:25
er_32768_1_2.txt,erdos_renyi_10ins_m20,48,SpecAnn,0.9557122091778746,1.0,-8839334.000000002,-7681108.0,0.0350844860076904,0,True,73,97,True,116,32,0.7417999505996704,55.96435928344727,-34315520.02340697,2025-11-20 20:22:25
er_32768_1_2.txt,erdos_renyi_10ins_m20,48,SpecAnn,0.9598228182949629,1.0,-8844391.999999998,-7673615.999999999,0.0238699913024902,0,True,73,65,True,117,32,0.7346094846725464,54.477577209472656,-33080081.032451715,2025-11-20 20:22:25
er_32768_1_2.txt,erdos_renyi_10ins_m20,48,SpecAnn,0.963915897922488,1.0,-8833686.0,-7678944.000000001,0.0350027084350585,0,True,73,97,True,118,32,0.7272503972053528,53.037147521972656,-31882794.07748822,2025-11-20 20:22:25
er_32768_1_2.txt,erdos_renyi_10ins_m20,48,SpecAnn,0.967991670426842,1.0,-8848012.0,-7677981.999999999,0.0236597061157226,0,True,73,65,True,119,32,0.7197184562683105,51.641380310058594,-30722229.579663098,2025-11-20 20:22:25
er_32768_1_2.txt,erdos_renyi_10ins_m20,48,SpecAnn,0.9720503535125016,1.0,-8827968.0,-7684078.000000001,0.0353419780731201,0,True,73,97,True,120,32,0.7120112180709839,50.28868103027344,-29597111.585753907,2025-11-20 20:22:25
er_32768_1_2.txt,erdos_renyi_10ins_m20,48,SpecAnn,0.9760921603577252,1.0,-8855150.0,-7676704.0,0.0239953994750976,0,True,73,65,True,121,32,0.7041248083114624,48.97755432128906,-28506177.794445142,2025-11-20 20:22:25
er_32768_1_2.txt,erdos_renyi_10ins_m20,48,SpecAnn,0.9801172997452104,1.0,-8837644.0,-7673973.999999998,0.0236849784851074,0,True,73,65,True,122,32,0.6960557699203491,47.70651245117188,-27448205.425740045,2025-11-20 20:22:25
er_32768_1_2.txt,erdos_renyi_10ins_m20,48,SpecAnn,0.9841259761879442,1.0,-8838823.999999998,-7671982.000000001,0.0236220359802246,0,True,73,65,True,123,32,0.6878005266189575,46.47417449951172,-26422045.54727177,2025-11-20 20:22:25
er_32768_1_2.txt,erdos_renyi_10ins_m20,48,SpecAnn,0.9881183900504562,1.0,-8856438.000000002,-7674576.0,0.034783124923706,0,True,73,97,True,124,32,0.6793549656867981,45.27915954589844,-25426545.48197161,2025-11-20 20:22:25
er_32768_1_2.txt,erdos_renyi_10ins_m20,48,SpecAnn,0.9920947376656812,1.0,-8858048.0,-7676046.000000001,0.023942232131958,0,True,73,65,True,125,32,0.6707161664962769,44.12020111083984,-24460678.88579215,2025-11-20 20:22:25
er_32768_1_2.txt,erdos_renyi_10ins_m20,48,SpecAnn,0.9960552114476228,1.0,-8842500.000000002,-7684914.000000001,0.0349338054656982,0,True,73,97,True,126,32,0.6618795394897461,42.996055603027344,-23523385.208900943,2025-11-20 20:22:26
er_32768_1_2.txt,erdos_renyi_10ins_m20,48,SpecAnn,1.0,1.0,-8836554.0,-7683112.000000001,0.0237684249877929,0,True,73,65,True,127,32,0.6528415083885193,41.905494689941406,-22613666.337900314,2025-11-20 20:22:26
er_32768_1_2.txt,erdos_renyi_10ins_m20,49,SpecAnn,0.0,1.0,-8607476.0,-1818829.9999999995,0.0138370990753173,0,True,72,33,True,0,32,0.9936299324035645,32769.0,-26914114938.571594,2025-11-20 20:22:26
er_32768_1_2.txt,erdos_renyi_10ins_m20,49,SpecAnn,0.0887356509416113,1.0,-8611608.0,-1883120.0,0.0124917030334472,0,True,72,33,True,1,32,0.991424322128296,18081.572265625,-14817946042.109554,2025-11-20 20:22:26
er_32768_1_2.txt,erdos_renyi_10ins_m20,49,SpecAnn,0.1254911610276317,1.0,-8588188.0,-1910852.0,0.0123641490936279,0,True,72,33,True,2,32,0.990299105644226,14135.4921875,-11570964742.91798,2025-11-20 20:22:26
er_32768_1_2.txt,erdos_renyi_10ins_m20,49,SpecAnn,0.1536946558735679,1.0,-8592168.0,-1949152.0,0.0124473571777343,0,True,72,33,True,3,32,0.989335834980011,11702.505859375,-9570064301.936926,2025-11-20 20:22:26
er_32768_1_2.txt,erdos_renyi_10ins_m20,49,SpecAnn,0.1774713018832227,1.0,-8581267.999999998,-1974968.0,0.0125801563262939,0,True,72,33,True,4,32,0.988449215888977,9980.048828125,-8154160882.595713,2025-11-20 20:22:26
er_32768_1_2.txt,erdos_renyi_10ins_m20,49,SpecAnn,0.1984189475331362,1.0,-8588898.0,-2002126.0000000005,0.0125374794006347,0,True,72,33,True,5,32,0.987606644630432,8674.037109375,-7081047824.592373,2025-11-20 20:22:26
er_32768_1_2.txt,erdos_renyi_10ins_m20,49,SpecAnn,0.2173570668006655,1.0,-8553186.0,-2028118.0,0.0125098228454589,0,True,72,33,True,6,32,0.9867915511131288,7641.16357421875,-6232713551.597984,2025-11-20 20:22:26
er_32768_1_2.txt,erdos_renyi_10ins_m20,49,SpecAnn,0.2347724648169381,1.0,-8604850.0,-2060678.0,0.0125298500061035,0,True,72,33,True,7,32,0.9859942197799684,6800.3359375,-5542388756.254556,2025-11-20 20:22:26
er_32768_1_2.txt,erdos_renyi_10ins_m20,49,SpecAnn,0.2509823220552634,1.0,-8615052.0,-2087216.0,0.0124928951263427,0,True,72,33,True,8,32,0.9852083325386048,6101.134765625,-4968564624.215243,2025-11-20 20:22:26
er_32768_1_2.txt,erdos_renyi_10ins_m20,49,SpecAnn,0.2662069528248341,1.0,-8588002.0,-2110588.0,0.0126144886016845,0,True,72,33,True,9,32,0.9844294786453248,5510.09326171875,-4483692376.8494,2025-11-20 20:22:26
er_32768_1_2.txt,erdos_renyi_10ins_m20,49,SpecAnn,0.2806067666331568,1.0,-8581704.0,-2138006.0,0.012542724609375,0,True,72,33,True,10,32,0.9836544990539552,5003.89892578125,-4068584684.8633857,2025-11-20 20:22:26
er_32768_1_2.txt,erdos_renyi_10ins_m20,49,SpecAnn,0.2943028597012718,1.0,-8571094.0,-2162442.0,0.0125648975372314,0,True,72,33,True,11,32,0.9828810691833496,4565.6953125,-3709369911.0817738,2025-11-20 20:22:26
er_32768_1_2.txt,erdos_renyi_10ins_m20,49,SpecAnn,0.3073893117471359,1.0,-8562576.0,-2182348.0,0.0125913619995117,0,True,72,33,True,12,32,0.9821072816848756,4182.92529296875,-3395715427.6329875,2025-11-20 20:22:26
er_32768_1_2.txt,erdos_renyi_10ins_m20,49,SpecAnn,0.3199409394316542,1.0,-8577208.0,-2199420.0,0.0125787258148193,0,True,72,33,True,13,32,0.9813316464424132,3846.01171875,-3119741830.60459,2025-11-20 20:22:26
er_32768_1_2.txt,erdos_renyi_10ins_m20,49,SpecAnn,0.3320184038158743,1.0,-8597184.0,-2228837.9999999995,0.0126211643218994,0,True,72,33,True,14,32,0.980552852153778,3547.4931640625,-2875310981.751238,2025-11-20 20:22:26
er_32768_1_2.txt,erdos_renyi_10ins_m20,49,SpecAnn,0.3436716983117353,1.0,-8592620.0,-2257187.9999999995,0.0126571655273437,0,True,72,33,True,15,32,0.9797699451446532,3281.464111328125,-2657565765.069124,2025-11-20 20:22:26
er_32768_1_2.txt,erdos_renyi_10ins_m20,49,SpecAnn,0.3549426037664455,1.0,-8576672.0,-2273813.9999999995,0.0126290321350097,0,True,72,33,True,16,32,0.9789820313453674,3043.177734375,-2462602334.932638,2025-11-20 20:22:26
er_32768_1_2.txt,erdos_renyi_10ins_m20,49,SpecAnn,0.3658664615902029,1.0,-8581700.000000002,-2293466.0000000005,0.0126221179962158,0,True,72,33,True,17,32,0.9781882166862488,2828.769287109375,-2287242454.751132,2025-11-20 20:22:26
er_32768_1_2.txt,erdos_renyi_10ins_m20,49,SpecAnn,0.3764734830828951,1.0,-8592224.0,-2324839.999999999,0.0126051902770996,0,True,72,33,True,18,32,0.9773879051208496,2635.0595703125,-2128872474.1826684,2025-11-20 20:22:26
er_32768_1_2.txt,erdos_renyi_10ins_m20,49,SpecAnn,0.3867897351437838,1.0,-8604696.000000002,-2346919.9999999995,0.0126500129699707,0,True,72,33,True,19,32,0.9765806794166564,2459.40625,-1985320599.8847003,2025-11-20 20:22:26
er_32768_1_2.txt,erdos_renyi_10ins_m20,49,SpecAnn,0.3968378950662725,1.0,-8610342.000000002,-2366066.0,0.0125315189361572,0,True,72,33,True,20,32,0.9757657647132874,2299.592529296875,-1854764240.553249,2025-11-20 20:22:26
er_32768_1_2.txt,erdos_renyi_10ins_m20,49,SpecAnn,0.4066378372811136,1.0,-8586002.0,-2385980.0,0.0124111175537109,0,True,72,33,True,21,32,0.974942684173584,2153.746337890625,-1735664917.547686,2025-11-20 20:22:26
er_32768_1_2.txt,erdos_renyi_10ins_m20,49,SpecAnn,0.4162070956347247,1.0,-8572022.0,-2421898.0,0.0123915672302246,0,True,72,33,True,22,32,0.974111020565033,2020.273681640625,-1626712903.268394,2025-11-20 20:22:26
er_32768_1_2.txt,erdos_renyi_10ins_m20,49,SpecAnn,0.4255612320274539,1.0,-8594032.000000002,-2448153.9999999995,0.012603759765625,0,True,72,33,True,23,32,0.9732704162597656,1897.8096923828125,-1526786922.9166548,2025-11-20 20:22:26
er_32768_1_2.txt,erdos_renyi_10ins_m20,49,SpecAnn,0.434714133601331,1.0,-8589590.0,-2469984.0,0.0125899314880371,0,True,72,33,True,24,32,0.9724202752113342,1785.1771240234375,-1434919597.1849842,2025-11-20 20:22:26
er_32768_1_2.txt,erdos_renyi_10ins_m20,49,SpecAnn,0.4436782547080569,1.0,-8554238.000000002,-2508212.0,0.0124015808105468,0,True,72,33,True,25,32,0.9715603590011596,1681.357666015625,-1350274741.0123012,2025-11-20 20:22:26
er_32768_1_2.txt,erdos_renyi_10ins_m20,49,SpecAnn,0.4524648157026343,1.0,-8581222.0,-2530285.9999999995,0.0123326778411865,0,True,72,33,True,26,32,0.9706902503967284,1585.463623046875,-1272123273.59699,2025-11-20 20:22:26
er_32768_1_2.txt,erdos_renyi_10ins_m20,49,SpecAnn,0.4610839676207039,1.0,-8579754.0,-2556130.0,0.0122768878936767,0,True,72,33,True,27,32,0.9698094129562378,1496.719482421875,-1199828173.183688,2025-11-20 20:22:26
er_32768_1_2.txt,erdos_renyi_10ins_m20,49,SpecAnn,0.4695449296338763,1.0,-8603392.0,-2590540.0,0.012408971786499,0,True,72,33,True,28,32,0.9689179062843324,1414.44384765625,-1132830521.5024312,2025-11-20 20:22:26
er_32768_1_2.txt,erdos_renyi_10ins_m20,49,SpecAnn,0.4778561045889373,1.0,-8615676.0,-2616506.000000001,0.0122957229614257,0,True,72,33,True,29,32,0.9680150151252748,1338.03515625,-1070636060.2292744,2025-11-20 20:22:26
er_32768_1_2.txt,erdos_renyi_10ins_m20,49,SpecAnn,0.4860251767562508,1.0,-8596908.0,-2652772.0000000005,0.0124890804290771,0,True,72,33,True,30,32,0.9671004414558412,1266.962158203125,-1012808817.3495568,2025-11-20 20:22:26
er_32768_1_2.txt,erdos_renyi_10ins_m20,49,SpecAnn,0.4940591950252281,1.0,-8602776.000000002,-2681506.0000000005,0.0124573707580566,0,True,72,33,True,31,32,0.966174066066742,1200.7528076171875,-958961640.681785,2025-11-20 20:22:26
er_32768_1_2.txt,erdos_renyi_10ins_m20,49,SpecAnn,0.5019646441105269,1.0,-8580376.0,-2709382.000000001,0.0124120712280273,0,True,72,33,True,32,32,0.9652352929115297,1138.986572265625,-908749208.8251642,2025-11-20 20:22:26
er_32768_1_2.txt,erdos_renyi_10ins_m20,49,SpecAnn,0.5097475058154177,1.0,-8572620.0,-2741180.0,0.0124051570892333,0,True,72,33,True,33,32,0.96428382396698,1081.2869873046875,-861862741.5883898,2025-11-20 20:22:26
er_32768_1_2.txt,erdos_renyi_10ins_m20,49,SpecAnn,0.51741331199832,1.0,-8597970.000000002,-2770002.0,0.0123488903045654,0,True,72,33,True,34,32,0.9633196592330932,1027.3179931640625,-818026864.9333782,2025-11-20 20:22:26
er_32768_1_2.txt,erdos_renyi_10ins_m20,49,SpecAnn,0.5249671905758515,1.0,-8591328.0,-2799014.0,0.0123729705810546,0,True,72,33,True,35,32,0.9623419046401978,976.77685546875,-776992821.407118,2025-11-20 20:22:26
er_32768_1_2.txt,erdos_renyi_10ins_m20,49,SpecAnn,0.5324139056496683,1.0,-8580908.000000002,-2831154.0,0.0123782157897949,0,True,72,33,True,36,32,0.9613506197929382,929.3912963867188,-738537684.1322215,2025-11-20 20:22:26
er_32768_1_2.txt,erdos_renyi_10ins_m20,49,SpecAnn,0.5397578926492556,1.0,-8600586.0,-2861901.9999999995,0.0123465061187744,0,True,72,33,True,37,32,0.9603453278541564,884.9150390625,-702459438.7251875,2025-11-20 20:22:26
er_32768_1_2.txt,erdos_renyi_10ins_m20,49,SpecAnn,0.5470032892270364,1.0,-8611470.0,-2896882.0,0.0124051570892333,0,True,72,33,True,38,32,0.959325671195984,843.1260986328125,-668576100.1625589,2025-11-20 20:22:26
er_32768_1_2.txt,erdos_renyi_10ins_m20,49,SpecAnn,0.554153962516942,1.0,-8594464.0,-2937919.9999999995,0.0123903751373291,0,True,72,33,True,39,32,0.958291232585907,803.8219604492188,-636721669.3246542,2025-11-20 20:22:26
er_32768_1_2.txt,erdos_renyi_10ins_m20,49,SpecAnn,0.5612135332663137,1.0,-8544216.000000002,-2967957.9999999995,0.0123250484466552,0,True,72,33,True,40,32,0.9572417736053468,766.8197631835938,-606746372.7348055,2025-11-20 20:22:26
er_32768_1_2.txt,erdos_renyi_10ins_m20,49,SpecAnn,0.5681853972686127,1.0,-8589050.0,-3002521.9999999995,0.0124957561492919,0,True,72,33,True,41,32,0.9561767578125,731.9527587890625,-578513480.6988822,2025-11-20 20:22:26
er_32768_1_2.txt,erdos_renyi_10ins_m20,49,SpecAnn,0.5750727444570146,1.0,-8628846.0,-3040168.0,0.0125598907470703,0,True,72,33,True,42,32,0.9550958275794984,699.068359375,-551898027.9898555,2025-11-20 20:22:26
er_32768_1_2.txt,erdos_renyi_10ins_m20,49,SpecAnn,0.5818785759635375,1.0,-8590962.000000002,-3081380.0000000005,0.0126283168792724,0,True,72,33,True,43,32,0.9539987444877625,668.0276489257812,-526786321.4217465,2025-11-20 20:22:26
er_32768_1_2.txt,erdos_renyi_10ins_m20,49,SpecAnn,0.5886057194025436,1.0,-8599302.000000002,-3121794.0,0.0125946998596191,0,True,72,33,True,44,32,0.9528849124908448,638.7036743164062,-503074279.3021949,2025-11-20 20:22:26
er_32768_1_2.txt,erdos_renyi_10ins_m20,49,SpecAnn,0.5952568425994088,1.0,-8586890.0,-3149982.0,0.0123970508575439,0,True,72,33,True,45,32,0.9517539739608764,610.979248046875,-480666004.1245731,2025-11-20 20:22:26
er_32768_1_2.txt,erdos_renyi_10ins_m20,49,SpecAnn,0.6018344659534288,1.0,-8594380.0,-3186974.0,0.0123143196105957,0,True,72,33,True,46,32,0.9506053924560548,584.747802734375,-459474189.8442769,2025-11-20 20:22:26
er_32768_1_2.txt,erdos_renyi_10ins_m20,49,SpecAnn,0.6083409735974393,1.0,-8594738.0,-3217966.0000000005,0.0124096870422363,0,True,72,33,True,47,32,0.9494388103485109,559.9107666015625,-439418207.0317527,2025-11-20 20:22:26
er_32768_1_2.txt,erdos_renyi_10ins_m20,49,SpecAnn,0.6147786234942719,1.0,-8607432.0,-3260512.0,0.0124170780181884,0,True,72,33,True,48,32,0.948253870010376,536.3773803710938,-420423832.897603,2025-11-20 20:22:26
er_32768_1_2.txt,erdos_renyi_10ins_m20,49,SpecAnn,0.6211495565912796,1.0,-8599589.999999998,-3315345.9999999995,0.0122933387756347,0,True,72,33,True,49,32,0.9470498561859132,514.064453125,-402422880.1801604,2025-11-20 20:22:26
er_32768_1_2.txt,erdos_renyi_10ins_m20,49,SpecAnn,0.6274558051381586,1.0,-8607582.0,-3357146.0,0.0123209953308105,0,True,72,33,True,50,32,0.9458264112472534,492.8943481445313,-385351917.0873497,2025-11-20 20:22:26
er_32768_1_2.txt,erdos_renyi_10ins_m20,49,SpecAnn,0.6336993002596786,1.0,-8605674.000000002,-3408568.0,0.012298583984375,0,True,72,33,True,51,32,0.944582998752594,472.7964172363281,-369153125.6732757,2025-11-20 20:22:27
er_32768_1_2.txt,erdos_renyi_10ins_m20,49,SpecAnn,0.6398818788633085,1.0,-8577344.0,-3447700.0,0.0123991966247558,0,True,72,33,True,52,32,0.9433189034461976,453.7044067382813,-353772266.1306412,2025-11-20 20:22:27
er_32768_1_2.txt,erdos_renyi_10ins_m20,49,SpecAnn,0.6460052899517691,1.0,-8593978.0,-3494004.0000000005,0.0123407840728759,0,True,72,33,True,53,32,0.9420338869094848,435.5571899414063,-339159480.4591808,2025-11-20 20:22:27
er_32768_1_2.txt,erdos_renyi_10ins_m20,49,SpecAnn,0.6520712004019966,1.0,-8593328.0,-3538874.0000000005,0.0123331546783447,0,True,72,33,True,54,32,0.9407269358634948,418.2982177734375,-325268376.57830155,2025-11-20 20:22:27
er_32768_1_2.txt,erdos_renyi_10ins_m20,49,SpecAnn,0.6580812002646271,1.0,-8615060.0,-3583040.0000000005,0.0124397277832031,0,True,72,33,True,55,32,0.9393978118896484,401.8749694824219,-312056152.8870043,2025-11-20 20:22:27
er_32768_1_2.txt,erdos_renyi_10ins_m20,49,SpecAnn,0.6640368076317485,1.0,-8606442.0,-3620548.000000001,0.0124075412750244,0,True,72,33,True,56,32,0.9380455017089844,386.23834228515625,-299482560.9121754,2025-11-20 20:22:27
er_32768_1_2.txt,erdos_renyi_10ins_m20,49,SpecAnn,0.6699394731151429,1.0,-8583066.000000002,-3665436.0,0.0123720169067382,0,True,72,33,True,57,32,0.9366697072982788,371.3431396484375,-287510777.122079,2025-11-20 20:22:27
er_32768_1_2.txt,erdos_renyi_10ins_m20,49,SpecAnn,0.6757905839724513,1.0,-8629016.000000002,-3714786.000000001,0.0126597881317138,0,True,72,33,True,58,32,0.93526953458786,357.1467590332031,-276105939.96001315,2025-11-20 20:22:27
er_32768_1_2.txt,erdos_renyi_10ins_m20,49,SpecAnn,0.6815914679145113,1.0,-8630920.0,-3757554.0,0.0126287937164306,0,True,72,33,True,59,32,0.933844268321991,343.61004638671875,-265236054.65991047,2025-11-20 20:22:27
er_32768_1_2.txt,erdos_renyi_10ins_m20,49,SpecAnn,0.6873433966234707,1.0,-8608034.0,-3807764.000000001,0.0126526355743408,0,True,72,33,True,60,32,0.9323931336402892,330.69586181640625,-254870796.12682608,2025-11-20 20:22:27
er_32768_1_2.txt,erdos_renyi_10ins_m20,49,SpecAnn,0.6930475890080863,1.0,-8623106.0,-3845238.000000001,0.0124692916870117,0,True,72,33,True,61,32,0.930915355682373,318.3700561523437,-244982271.26593715,2025-11-20 20:22:27
er_32768_1_2.txt,erdos_renyi_10ins_m20,49,SpecAnn,0.6987052142198116,1.0,-8635468.000000002,-3895506.000000001,0.0123813152313232,0,True,72,33,True,62,32,0.9294099807739258,306.6004638671875,-235544185.5679432,2025-11-20 20:22:27
er_32768_1_2.txt,erdos_renyi_10ins_m20,49,SpecAnn,0.7043173944508145,1.0,-8589578.0,-3935200.0,0.012427806854248,0,True,72,33,True,63,32,0.9278762340545654,295.3568725585937,-226531906.72318003,2025-11-20 20:22:27
er_32768_1_2.txt,erdos_renyi_10ins_m20,49,SpecAnn,0.709885207532891,1.0,-8619086.0,-3993162.0,0.0124475955963134,0,True,72,33,True,64,32,0.9263131618499756,284.61138916015625,-217922643.5335646,2025-11-20 20:22:27
er_32768_1_2.txt,erdos_renyi_10ins_m20,49,SpecAnn,0.7154096893543218,1.0,-8597812.0,-4045450.0,0.012467622756958,0,True,72,33,True,65,32,0.9247196912765504,274.33740234375,-209694662.5563752,2025-11-20 20:22:27
er_32768_1_2.txt,erdos_renyi_10ins_m20,49,SpecAnn,0.7208918361100219,1.0,-8612170.0,-4105450.0,0.0124533176422119,0,True,72,33,True,66,32,0.9230948686599731,264.51043701171875,-201827991.52185017,2025-11-20 20:22:27
er_32768_1_2.txt,erdos_renyi_10ins_m20,49,SpecAnn,0.7263326063988248,1.0,-8593344.0,-4157132.000000001,0.0123229026794433,0,True,72,33,True,67,32,0.921437680721283,255.10720825195312,-194303644.54176813,2025-11-20 20:22:27
er_32768_1_2.txt,erdos_renyi_10ins_m20,49,SpecAnn,0.7317329231804058,1.0,-8615832.0,-4219156.0,0.012416124343872,0,True,72,33,True,68,32,0.9197468161582948,246.10598754882807,-187103848.93694612,2025-11-20 20:22:27
er_32768_1_2.txt,erdos_renyi_10ins_m20,49,SpecAnn,0.7370936756031579,1.0,-8614262.0,-4283790.0,0.0125713348388671,0,True,72,33,True,69,32,0.9180211424827576,237.4862365722656,-180211863.3467893,2025-11-20 20:22:27
er_32768_1_2.txt,erdos_renyi_10ins_m20,49,SpecAnn,0.7424157207132704,1.0,-8630724.0,-4354358.0,0.0125627517700195,0,True,72,33,True,70,32,0.9162593483924866,229.2288818359375,-173612105.14139143,2025-11-20 20:22:27
er_32768_1_2.txt,erdos_renyi_10ins_m20,49,SpecAnn,0.7476998850543153,1.0,-8628942.0,-4423346.0,0.0125064849853515,0,True,72,33,True,71,32,0.9144601225852966,221.3158264160156,-167289811.5368467,2025-11-20 20:22:27
er_32768_1_2.txt,erdos_renyi_10ins_m20,49,SpecAnn,0.7529469661657903,1.0,-8606063.999999998,-4475580.0,0.012376070022583,0,True,72,33,True,72,32,0.9126220345497132,213.7298889160156,-161230967.04703033,2025-11-20 20:22:27
er_32768_1_2.txt,erdos_renyi_10ins_m20,49,SpecAnn,0.7581577339883167,1.0,-8642380.0,-4536360.000000001,0.0123422145843505,0,True,72,33,True,73,32,0.9107434749603271,206.4552001953125,-155422590.51680538,2025-11-20 20:22:27
er_32768_1_2.txt,erdos_renyi_10ins_m20,49,SpecAnn,0.7633329321824984,1.0,-8622264.0,-4597598.0,0.0123987197875976,0,True,72,33,True,74,32,0.9088230729103088,199.47659301757807,-149852342.0027318,2025-11-20 20:22:27
er_32768_1_2.txt,erdos_renyi_10ins_m20,49,SpecAnn,0.7684732793678399,1.0,-8615006.000000002,-4676734.0,0.0123317241668701,0,True,72,33,True,75,32,0.9068587422370912,192.77978515625,-144508497.14320704,2025-11-20 20:22:27
er_32768_1_2.txt,erdos_renyi_10ins_m20,49,SpecAnn,0.7735794702875677,1.0,-8612780.000000002,-4744682.000000001,0.0124475955963134,0,True,72,33,True,76,32,0.9048488736152648,186.35134887695312,-139380121.67975298,2025-11-20 20:22:27
er_32768_1_2.txt,erdos_renyi_10ins_m20,49,SpecAnn,0.7786521769046981,1.0,-8631052.0,-4838738.0,0.01237154006958,0,True,72,33,True,77,32,0.9027916789054872,180.1786193847656,-134456886.62595317,2025-11-20 20:22:27
er_32768_1_2.txt,erdos_renyi_10ins_m20,49,SpecAnn,0.7836920494342511,1.0,-8646748.000000002,-4907726.0,0.0123333930969238,0,True,72,33,True,78,32,0.9006848335266113,174.24957275390625,-129728925.28024668,2025-11-20 20:22:27
er_32768_1_2.txt,erdos_renyi_10ins_m20,49,SpecAnn,0.788699717316095,1.0,-8639008.0,-5001994.0,0.0124087333679199,0,True,72,33,True,79,32,0.8985262513160706,168.55287170410156,-125186983.46055467,2025-11-20 20:22:27
er_32768_1_2.txt,erdos_renyi_10ins_m20,49,SpecAnn,0.7936757901325451,1.0,-8638112.0,-5066372.000000001,0.0124018192291259,0,True,72,33,True,80,32,0.8963136672973633,163.07785034179688,-120822340.76454704,2025-11-20 20:22:27
er_32768_1_2.txt,erdos_renyi_10ins_m20,49,SpecAnn,0.7986208584745024,1.0,-8643576.0,-5165616.000000001,0.0124475955963134,0,True,72,33,True,81,32,0.8940443992614746,157.81423950195312,-116626575.12560388,2025-11-20 20:22:27
er_32768_1_2.txt,erdos_renyi_10ins_m20,49,SpecAnn,0.803535494759617,1.0,-8648434.0,-5257820.0,0.0124621391296386,0,True,72,33,True,82,32,0.8917160034179688,152.7525634765625,-112591943.74474694,2025-11-20 20:22:27
er_32768_1_2.txt,erdos_renyi_10ins_m20,49,SpecAnn,0.8084202540056837,1.0,-8667948.0,-5350162.0,0.0124337673187255,0,True,72,33,True,83,32,0.8893253207206726,147.88369750976562,-108710928.93816304,2025-11-20 20:22:27
er_32768_1_2.txt,erdos_renyi_10ins_m20,49,SpecAnn,0.8132756745622272,1.0,-8634253.999999998,-5443550.000000001,0.0124728679656982,0,True,72,33,True,84,32,0.886869490146637,143.19894409179688,-104976425.0389994,2025-11-20 20:22:27
er_32768_1_2.txt,erdos_renyi_10ins_m20,49,SpecAnn,0.8181022788030096,1.0,-8669572.0,-5554882.0,0.0125575065612792,0,True,72,33,True,85,32,0.8843451142311096,138.69021606445312,-101381766.47267066,2025-11-20 20:22:27
er_32768_1_2.txt,erdos_renyi_10ins_m20,49,SpecAnn,0.822900573781978,1.0,-8664798.000000002,-5646502.0,0.0125832557678222,0,True,72,33,True,86,32,0.8817487955093384,134.34976196289062,-97920590.7587054,2025-11-20 20:22:27
er_32768_1_2.txt,erdos_renyi_10ins_m20,49,SpecAnn,0.8276710518549868,1.0,-8699824.0,-5747450.000000001,0.0124363899230957,0,True,72,33,True,87,32,0.8790764212608337,130.17022705078125,-94586802.06046826,2025-11-20 20:22:27
er_32768_1_2.txt,erdos_renyi_10ins_m20,49,SpecAnn,0.8324141912694495,1.0,-8679296.0,-5853104.000000001,0.0123414993286132,0,True,72,33,True,88,32,0.8763241171836853,126.14456176757812,-91374611.79964425,2025-11-20 20:22:27
er_32768_1_2.txt,erdos_renyi_10ins_m20,49,SpecAnn,0.8371304567239225,1.0,-8696684.0,-5950004.0,0.0123183727264404,0,True,72,33,True,89,32,0.8734872341156006,122.26626586914062,-88278604.52743968,2025-11-20 20:22:27
er_32768_1_2.txt,erdos_renyi_10ins_m20,49,SpecAnn,0.8418202998994706,1.0,-8709356.0,-6068712.0,0.0123665332794189,0,True,72,33,True,90,32,0.8705609440803528,118.52891540527344,-85293461.22055565,2025-11-20 20:22:27
er_32768_1_2.txt,erdos_renyi_10ins_m20,49,SpecAnn,0.846484159964536,1.0,-8693668.0,-6189590.0,0.0123493671417236,0,True,72,33,True,91,32,0.8675400614738464,114.92657470703124,-82414238.57306309,2025-11-20 20:22:27
er_32768_1_2.txt,erdos_renyi_10ins_m20,49,SpecAnn,0.8511224640549078,1.0,-8721992.000000002,-6300606.0,0.012366771697998,0,True,72,33,True,92,32,0.8644190430641174,111.45362854003906,-79636247.28255063,2025-11-20 20:22:27
er_32768_1_2.txt,erdos_renyi_10ins_m20,49,SpecAnn,0.8557356277302758,1.0,-8723056.0,-6410696.000000001,0.0122978687286376,0,True,72,33,True,93,32,0.86119145154953,108.10455322265624,-76954840.96994117,2025-11-20 20:22:27
er_32768_1_2.txt,erdos_renyi_10ins_m20,49,SpecAnn,0.8603240554087516,1.0,-8739018.0,-6547700.0,0.0124306678771972,0,True,72,33,True,94,32,0.8578508496284485,104.87420654296876,-74365708.91420706,2025-11-20 20:22:27
er_32768_1_2.txt,erdos_renyi_10ins_m20,49,SpecAnn,0.86488814078064,1.0,-8774486.0,-6680248.0,0.0123496055603027,0,True,72,33,True,95,32,0.8543897271156311,101.7577896118164,-71864751.98241867,2025-11-20 20:22:27
er_32768_1_2.txt,erdos_renyi_10ins_m20,49,SpecAnn,0.8694282672026621,1.0,-8784988.0,-6809200.0,0.0124163627624511,0,True,72,33,True,96,32,0.8508001565933228,98.7505340576172,-69447923.16783813,2025-11-20 20:22:27
er_32768_1_2.txt,erdos_renyi_10ins_m20,49,SpecAnn,0.8739448080737451,1.0,-8778282.0,-6923586.0,0.0235259532928466,0,True,72,65,True,97,32,0.8470730781555176,95.8480224609375,-67111397.82780929,2025-11-20 20:22:27
er_32768_1_2.txt,erdos_renyi_10ins_m20,49,SpecAnn,0.878438127193422,1.0,-8796784.0,-7043180.000000001,0.0234458446502685,0,True,72,65,True,98,32,0.8431991338729858,93.04605102539062,-64851547.87011964,2025-11-20 20:22:27
er_32768_1_2.txt,erdos_renyi_10ins_m20,49,SpecAnn,0.8829085791038153,1.0,-8807012.0,-7181918.000000002,0.0235137939453125,0,True,72,65,True,99,32,0.839165985584259,90.34050750732422,-62664654.06751363,2025-11-20 20:22:27
er_32768_1_2.txt,erdos_renyi_10ins_m20,49,SpecAnn,0.8873565094161138,1.0,-8841647.999999998,-7350432.0,0.023472785949707,0,True,72,65,True,100,32,0.8349614143371582,87.72758483886719,-60547306.50100259,2025-11-20 20:22:27
er_32768_1_2.txt,erdos_renyi_10ins_m20,49,SpecAnn,0.8917822551223932,1.0,-8864220.0,-7475889.999999999,0.0234708786010742,0,True,72,65,True,101,32,0.8305671215057373,85.20359802246094,-58495831.48754344,2025-11-20 20:22:27
er_32768_1_2.txt,erdos_renyi_10ins_m20,49,SpecAnn,0.8961861448935777,1.0,-8862822.000000002,-7614398.000000001,0.0346376895904541,0,True,72,97,True,102,32,0.8259569406509399,82.76504516601562,-56506266.30539735,2025-11-20 20:22:27
er_32768_1_2.txt,erdos_renyi_10ins_m20,49,SpecAnn,0.9005684993642872,1.0,-8877212.0,-7737466.000000001,0.0570604801177978,0,True,72,161,True,103,32,0.8210940957069397,80.40859985351562,-54574237.635996,2025-11-20 20:22:27
er_32768_1_2.txt,erdos_renyi_10ins_m20,49,SpecAnn,0.9049296314052688,1.0,-8884324.0,-7772110.000000002,0.057002305984497,0,True,72,161,True,104,32,0.8159641027450562,78.1310043334961,-52697099.08841676,2025-11-20 20:22:27
er_32768_1_2.txt,erdos_renyi_10ins_m20,49,SpecAnn,0.9092698463840684,1.0,-8872244.0,-7726077.999999999,0.0692362785339355,0,True,72,193,True,105,32,0.8106145858764648,75.92924499511719,-50876326.29675367,2025-11-20 20:22:27
er_32768_1_2.txt,erdos_renyi_10ins_m20,49,SpecAnn,0.9135894424145556,1.0,-8877928.0,-7700732.0,0.0801904201507568,0,True,72,225,True,106,32,0.8050970435142517,73.8004150390625,-49113319.059968166,2025-11-20 20:22:27
er_32768_1_2.txt,erdos_renyi_10ins_m20,49,SpecAnn,0.9178887105958816,1.0,-8864382.0,-7682164.0,0.0583341121673584,0,True,72,161,True,107,32,0.7994319200515747,71.7416763305664,-47407303.518921554,2025-11-20 20:22:28
er_32768_1_2.txt,erdos_renyi_10ins_m20,49,SpecAnn,0.922167935241408,1.0,-8872658.0,-7685209.999999999,0.046238899230957,0,True,72,129,True,108,32,0.7936238050460815,69.75038146972656,-45756576.362625375,2025-11-20 20:22:28
er_32768_1_2.txt,erdos_renyi_10ins_m20,49,SpecAnn,0.92642739409812,1.0,-8852262.000000002,-7694817.999999999,0.058037519454956,0,True,72,161,True,109,32,0.7876725196838379,67.82403564453125,-44159237.93499255,2025-11-20 20:22:28
er_32768_1_2.txt,erdos_renyi_10ins_m20,49,SpecAnn,0.9306673585570006,1.0,-8851971.999999998,-7691748.000000002,0.0349621772766113,0,True,72,97,True,110,32,0.7815757989883423,65.96012878417969,-42613268.52111934,2025-11-20 20:22:28
er_32768_1_2.txt,erdos_renyi_10ins_m20,49,SpecAnn,0.9348880938548184,1.0,-8854216.0,-7678810.000000001,0.0348317623138427,0,True,72,97,True,111,32,0.7753318548202515,64.15634155273438,-41116815.0917541,2025-11-20 20:22:28
er_32768_1_2.txt,erdos_renyi_10ins_m20,49,SpecAnn,0.9390898592677528,1.0,-8846192.0,-7678706.000000001,0.0354294776916503,0,True,72,97,True,112,32,0.7689378261566162,62.41045379638672,-39668046.57942687,2025-11-20 20:22:28
er_32768_1_2.txt,erdos_renyi_10ins_m20,49,SpecAnn,0.9432729082972536,1.0,-8836980.0,-7679454.0,0.0350892543792724,0,True,72,97,True,113,32,0.7623903155326843,60.720314025878906,-38265168.35129751,2025-11-20 20:22:28
er_32768_1_2.txt,erdos_renyi_10ins_m20,49,SpecAnn,0.9474374888485204,1.0,-8847092.0,-7677090.000000001,0.0350763797760009,0,True,72,97,True,114,32,0.7556871175765991,59.08388519287109,-36906538.38556688,2025-11-20 20:22:28
er_32768_1_2.txt,erdos_renyi_10ins_m20,49,SpecAnn,0.9515838434019476,1.0,-8836296.000000002,-7676532.0,0.0237772464752197,0,True,72,65,True,115,32,0.7488245964050293,57.49917602539063,-35590490.29155442,2025-11-20 20:22:28
er_32768_1_2.txt,erdos_renyi_10ins_m20,49,SpecAnn,0.9557122091778746,1.0,-8832090.0,-7681200.000000001,0.0352513790130615,0,True,72,97,True,116,32,0.7417998909950256,55.96435928344727,-34315517.266107805,2025-11-20 20:22:28
er_32768_1_2.txt,erdos_renyi_10ins_m20,49,SpecAnn,0.9598228182949629,1.0,-8831738.000000002,-7673615.999999999,0.023832082748413,0,True,72,65,True,117,32,0.7346094250679016,54.477577209472656,-33080078.348404583,2025-11-20 20:22:28
er_32768_1_2.txt,erdos_renyi_10ins_m20,49,SpecAnn,0.963915897922488,1.0,-8850778.0,-7678944.000000001,0.035266637802124,0,True,72,97,True,118,32,0.7272500395774841,53.037147521972656,-31882778.39901525,2025-11-20 20:22:28
er_32768_1_2.txt,erdos_renyi_10ins_m20,49,SpecAnn,0.967991670426842,1.0,-8843370.0,-7677981.999999999,0.0236849784851074,0,True,72,65,True,119,32,0.7197186350822449,51.641380310058594,-30722237.21259608,2025-11-20 20:22:28
er_32768_1_2.txt,erdos_renyi_10ins_m20,49,SpecAnn,0.9720503535125016,1.0,-8834284.0,-7684078.000000001,0.0348315238952636,0,True,72,97,True,120,32,0.7120111584663391,50.28868103027344,-29597109.10808884,2025-11-20 20:22:28
er_32768_1_2.txt,erdos_renyi_10ins_m20,49,SpecAnn,0.9760921603577252,1.0,-8836056.0,-7676704.0,0.0236937999725341,0,True,72,65,True,121,32,0.7041247487068176,48.97755432128906,-28506175.38137777,2025-11-20 20:22:28
er_32768_1_2.txt,erdos_renyi_10ins_m20,49,SpecAnn,0.9801172997452104,1.0,-8856538.0,-7673973.999999998,0.0235390663146972,0,True,72,65,True,122,32,0.6960558295249939,47.70651245117188,-27448207.77618466,2025-11-20 20:22:28
er_32768_1_2.txt,erdos_renyi_10ins_m20,49,SpecAnn,0.9841259761879442,1.0,-8844300.000000002,-7671982.000000001,0.0237414836883544,0,True,72,65,True,123,32,0.6878005266189575,46.47417449951172,-26422045.54727177,2025-11-20 20:22:28
er_32768_1_2.txt,erdos_renyi_10ins_m20,49,SpecAnn,0.9881183900504562,1.0,-8840034.000000002,-7674576.0,0.0348315238952636,0,True,72,97,True,124,32,0.6793551445007324,45.27915954589844,-25426552.17452685,2025-11-20 20:22:28
er_32768_1_2.txt,erdos_renyi_10ins_m20,49,SpecAnn,0.9920947376656812,1.0,-8847458.0,-7675974.0,0.0235517024993896,0,True,72,65,True,125,32,0.6707161664962769,44.12020111083984,-24460678.88579215,2025-11-20 20:22:28
er_32768_1_2.txt,erdos_renyi_10ins_m20,49,SpecAnn,0.9960552114476228,1.0,-8831156.0,-7684914.000000001,0.0348725318908691,0,True,72,97,True,126,32,0.6618794798851013,42.996055603027344,-23523383.09053509,2025-11-20 20:22:28
er_32768_1_2.txt,erdos_renyi_10ins_m20,49,SpecAnn,1.0,1.0,-8846864.0,-7682886.0,0.0236005783081054,0,True,72,65,True,127,32,0.6528416275978088,41.905494689941406,-22613670.46717069,2025-11-20 20:22:28
er_32768_1_2.txt,erdos_renyi_10ins_m20,50,SpecAnn,0.0,1.0,-8611442.0,-1818830.0,0.0137045383453369,0,True,70,33,True,0,32,0.9936299324035645,32769.0,-26914114938.571594,2025-11-20 20:22:29
er_32768_1_2.txt,erdos_renyi_10ins_m20,50,SpecAnn,0.0887356509416113,1.0,-8613150.0,-1883120.0,0.0126838684082031,0,True,70,33,True,1,32,0.991424322128296,18081.572265625,-14817946042.109554,2025-11-20 20:22:29
er_32768_1_2.txt,erdos_renyi_10ins_m20,50,SpecAnn,0.1254911610276317,1.0,-8602480.0,-1910852.0,0.0123896598815917,0,True,70,33,True,2,32,0.9902990460395812,14135.4921875,-11570964046.478651,2025-11-20 20:22:29
er_32768_1_2.txt,erdos_renyi_10ins_m20,50,SpecAnn,0.1536946558735679,1.0,-8588714.000000002,-1949151.9999999995,0.012514591217041,0,True,70,33,True,3,32,0.989335834980011,11702.505859375,-9570064301.936926,2025-11-20 20:22:29
er_32768_1_2.txt,erdos_renyi_10ins_m20,50,SpecAnn,0.1774713018832227,1.0,-8615475.999999998,-1974968.0,0.0123670101165771,0,True,70,33,True,4,32,0.988449215888977,9980.048828125,-8154160882.595713,2025-11-20 20:22:29
er_32768_1_2.txt,erdos_renyi_10ins_m20,50,SpecAnn,0.1984189475331362,1.0,-8592934.000000002,-2002126.0,0.0124177932739257,0,True,70,33,True,5,32,0.9876067042350768,8674.037109375,-7081048251.952135,2025-11-20 20:22:29
er_32768_1_2.txt,erdos_renyi_10ins_m20,50,SpecAnn,0.2173570668006655,1.0,-8586702.0,-2028118.0,0.0123465061187744,0,True,70,33,True,6,32,0.9867916107177734,7641.16357421875,-6232713928.069263,2025-11-20 20:22:29
er_32768_1_2.txt,erdos_renyi_10ins_m20,50,SpecAnn,0.2347724648169381,1.0,-8573392.0,-2060678.0,0.0126209259033203,0,True,70,33,True,7,32,0.9859942197799684,6800.3359375,-5542388756.254556,2025-11-20 20:22:29
er_32768_1_2.txt,erdos_renyi_10ins_m20,50,SpecAnn,0.2509823220552634,1.0,-8622144.0,-2087216.0,0.012514591217041,0,True,70,33,True,8,32,0.9852082133293152,6101.134765625,-4968564023.023557,2025-11-20 20:22:29
er_32768_1_2.txt,erdos_renyi_10ins_m20,50,SpecAnn,0.2662069528248341,1.0,-8583704.0,-2110588.0,0.0126557350158691,0,True,70,33,True,9,32,0.9844294786453248,5510.09326171875,-4483692376.8494,2025-11-20 20:22:29
er_32768_1_2.txt,erdos_renyi_10ins_m20,50,SpecAnn,0.2806067666331568,1.0,-8605766.0,-2138006.0,0.0125894546508789,0,True,70,33,True,10,32,0.9836544990539552,5003.89892578125,-4068584684.8633857,2025-11-20 20:22:29
er_32768_1_2.txt,erdos_renyi_10ins_m20,50,SpecAnn,0.2943028597012718,1.0,-8614276.0,-2162441.9999999995,0.012451171875,0,True,70,33,True,11,32,0.9828811287879944,4565.6953125,-3709370136.0282936,2025-11-20 20:22:29
er_32768_1_2.txt,erdos_renyi_10ins_m20,50,SpecAnn,0.3073893117471359,1.0,-8607816.0,-2182348.0,0.0125067234039306,0,True,70,33,True,12,32,0.9821072816848756,4182.92529296875,-3395715427.6329875,2025-11-20 20:22:29
er_32768_1_2.txt,erdos_renyi_10ins_m20,50,SpecAnn,0.3199409394316542,1.0,-8591338.0,-2199420.0,0.0124251842498779,0,True,70,33,True,13,32,0.9813315272331238,3846.01171875,-3119741451.6275043,2025-11-20 20:22:29
er_32768_1_2.txt,erdos_renyi_10ins_m20,50,SpecAnn,0.3320184038158743,1.0,-8611680.0,-2228838.0,0.0124955177307128,0,True,70,33,True,14,32,0.980552852153778,3547.4931640625,-2875310981.751238,2025-11-20 20:22:29
er_32768_1_2.txt,erdos_renyi_10ins_m20,50,SpecAnn,0.3436716983117353,1.0,-8595734.0,-2257188.0,0.0124158859252929,0,True,70,33,True,15,32,0.9797698855400084,3281.464111328125,-2657565603.3951874,2025-11-20 20:22:29
er_32768_1_2.txt,erdos_renyi_10ins_m20,50,SpecAnn,0.3549426037664455,1.0,-8625328.0,-2273813.9999999995,0.0124464035034179,0,True,70,33,True,16,32,0.9789820313453674,3043.177734375,-2462602334.932638,2025-11-20 20:22:29
er_32768_1_2.txt,erdos_renyi_10ins_m20,50,SpecAnn,0.3658664615902029,1.0,-8602032.0,-2293465.9999999995,0.0126736164093017,0,True,70,33,True,17,32,0.9781882762908936,2828.769287109375,-2287242594.1213183,2025-11-20 20:22:29
er_32768_1_2.txt,erdos_renyi_10ins_m20,50,SpecAnn,0.3764734830828951,1.0,-8609388.0,-2324839.9999999995,0.0126402378082275,0,True,70,33,True,18,32,0.9773879647254944,2635.0595703125,-2128872604.0090013,2025-11-20 20:22:29
er_32768_1_2.txt,erdos_renyi_10ins_m20,50,SpecAnn,0.3867897351437838,1.0,-8615202.0,-2346920.0,0.0126280784606933,0,True,70,33,True,19,32,0.9765806198120116,2459.40625,-1985320478.712603,2025-11-20 20:22:29
er_32768_1_2.txt,erdos_renyi_10ins_m20,50,SpecAnn,0.3968378950662725,1.0,-8625618.0,-2366065.9999999995,0.012481689453125,0,True,70,33,True,20,32,0.9757657647132874,2299.592529296875,-1854764240.553249,2025-11-20 20:22:29
er_32768_1_2.txt,erdos_renyi_10ins_m20,50,SpecAnn,0.4066378372811136,1.0,-8586480.000000002,-2385980.0,0.0123522281646728,0,True,70,33,True,21,32,0.974942684173584,2153.746337890625,-1735664917.547686,2025-11-20 20:22:29
er_32768_1_2.txt,erdos_renyi_10ins_m20,50,SpecAnn,0.4162070956347247,1.0,-8602386.0,-2421898.0,0.0123906135559082,0,True,70,33,True,22,32,0.9741110801696776,2020.273681640625,-1626713002.8049383,2025-11-20 20:22:29
er_32768_1_2.txt,erdos_renyi_10ins_m20,50,SpecAnn,0.4255612320274539,1.0,-8583618.0,-2448153.9999999995,0.0123572349548339,0,True,70,33,True,23,32,0.9732703566551208,1897.8096923828125,-1526786829.4137695,2025-11-20 20:22:29
er_32768_1_2.txt,erdos_renyi_10ins_m20,50,SpecAnn,0.434714133601331,1.0,-8603090.0,-2469984.0,0.0124671459197998,0,True,70,33,True,24,32,0.9724202156066896,1785.1771240234375,-1434919509.2313752,2025-11-20 20:22:29
er_32768_1_2.txt,erdos_renyi_10ins_m20,50,SpecAnn,0.4436782547080569,1.0,-8571450.0,-2508212.0,0.0124199390411376,0,True,70,33,True,25,32,0.9715603590011596,1681.357666015625,-1350274741.0123012,2025-11-20 20:22:29
er_32768_1_2.txt,erdos_renyi_10ins_m20,50,SpecAnn,0.4524648157026343,1.0,-8621202.0,-2530285.9999999995,0.012383222579956,0,True,70,33,True,26,32,0.9706902503967284,1585.463623046875,-1272123273.59699,2025-11-20 20:22:29
er_32768_1_2.txt,erdos_renyi_10ins_m20,50,SpecAnn,0.4610839676207039,1.0,-8573672.0,-2556130.0,0.0125753879547119,0,True,70,33,True,27,32,0.9698094129562378,1496.719482421875,-1199828173.183688,2025-11-20 20:22:29
er_32768_1_2.txt,erdos_renyi_10ins_m20,50,SpecAnn,0.4695449296338763,1.0,-8580928.0,-2590540.0,0.0124382972717285,0,True,70,33,True,28,32,0.9689179062843324,1414.44384765625,-1132830521.5024312,2025-11-20 20:22:29
er_32768_1_2.txt,erdos_renyi_10ins_m20,50,SpecAnn,0.4778561045889373,1.0,-8586824.0,-2616506.0,0.0123875141143798,0,True,70,33,True,29,32,0.96801495552063,1338.03515625,-1070635994.305832,2025-11-20 20:22:29
er_32768_1_2.txt,erdos_renyi_10ins_m20,50,SpecAnn,0.4860251767562508,1.0,-8602046.0,-2652772.0,0.0124287605285644,0,True,70,33,True,30,32,0.9671004414558412,1266.962158203125,-1012808817.3495568,2025-11-20 20:22:29
er_32768_1_2.txt,erdos_renyi_10ins_m20,50,SpecAnn,0.4940591950252281,1.0,-8634960.0,-2681506.0,0.0124061107635498,0,True,70,33,True,31,32,0.9661740064620972,1200.7528076171875,-958961581.522085,2025-11-20 20:22:29
er_32768_1_2.txt,erdos_renyi_10ins_m20,50,SpecAnn,0.5019646441105269,1.0,-8616413.999999998,-2709382.0000000005,0.0125389099121093,0,True,70,33,True,32,32,0.9652352929115297,1138.986572265625,-908749208.8251642,2025-11-20 20:22:29
er_32768_1_2.txt,erdos_renyi_10ins_m20,50,SpecAnn,0.5097475058154177,1.0,-8611156.000000002,-2741179.9999999995,0.0125951766967773,0,True,70,33,True,33,32,0.96428382396698,1081.2869873046875,-861862741.5883898,2025-11-20 20:22:29
er_32768_1_2.txt,erdos_renyi_10ins_m20,50,SpecAnn,0.51741331199832,1.0,-8623186.000000002,-2770002.0,0.0125870704650878,0,True,70,33,True,34,32,0.9633195996284484,1027.3179931640625,-818026814.3186105,2025-11-20 20:22:29
er_32768_1_2.txt,erdos_renyi_10ins_m20,50,SpecAnn,0.5249671905758515,1.0,-8606904.000000002,-2799014.0000000005,0.0124263763427734,0,True,70,33,True,35,32,0.9623419046401978,976.77685546875,-776992821.407118,2025-11-20 20:22:29
er_32768_1_2.txt,erdos_renyi_10ins_m20,50,SpecAnn,0.5324139056496683,1.0,-8610698.0,-2831153.9999999995,0.0123708248138427,0,True,70,33,True,36,32,0.961350679397583,929.3912963867188,-738537729.9222542,2025-11-20 20:22:29
er_32768_1_2.txt,erdos_renyi_10ins_m20,50,SpecAnn,0.5397578926492556,1.0,-8602274.0,-2861902.0,0.0123407840728759,0,True,70,33,True,37,32,0.9603453278541564,884.9150390625,-702459438.7251875,2025-11-20 20:22:29
er_32768_1_2.txt,erdos_renyi_10ins_m20,50,SpecAnn,0.5470032892270364,1.0,-8598054.000000002,-2896882.0,0.0123522281646728,0,True,70,33,True,38,32,0.959325671195984,843.1260986328125,-668576100.1625589,2025-11-20 20:22:29
er_32768_1_2.txt,erdos_renyi_10ins_m20,50,SpecAnn,0.554153962516942,1.0,-8592540.0,-2937920.0,0.0124783515930175,0,True,70,33,True,39,32,0.9582911729812622,803.8219604492188,-636721629.7212772,2025-11-20 20:22:29
er_32768_1_2.txt,erdos_renyi_10ins_m20,50,SpecAnn,0.5612135332663137,1.0,-8596734.0,-2967958.0,0.0124342441558837,0,True,70,33,True,40,32,0.957241714000702,766.8197631835938,-606746334.9544839,2025-11-20 20:22:29
er_32768_1_2.txt,erdos_renyi_10ins_m20,50,SpecAnn,0.5681853972686127,1.0,-8645122.0,-3002521.9999999995,0.0125448703765869,0,True,70,33,True,41,32,0.9561766982078552,731.9527587890625,-578513444.6364176,2025-11-20 20:22:29
er_32768_1_2.txt,erdos_renyi_10ins_m20,50,SpecAnn,0.5750727444570146,1.0,-8600088.0,-3040168.0,0.0126128196716308,0,True,70,33,True,42,32,0.9550958275794984,699.068359375,-551898027.9898555,2025-11-20 20:22:29
er_32768_1_2.txt,erdos_renyi_10ins_m20,50,SpecAnn,0.5818785759635375,1.0,-8615044.0,-3081380.0000000005,0.0126509666442871,0,True,70,33,True,43,32,0.9539987444877625,668.0276489257812,-526786321.4217465,2025-11-20 20:22:29
er_32768_1_2.txt,erdos_renyi_10ins_m20,50,SpecAnn,0.5886057194025436,1.0,-8632062.0,-3121794.0,0.0125830173492431,0,True,70,33,True,44,32,0.9528849124908448,638.7036743164062,-503074279.3021949,2025-11-20 20:22:29
er_32768_1_2.txt,erdos_renyi_10ins_m20,50,SpecAnn,0.5952568425994088,1.0,-8599026.0,-3149982.0000000005,0.012667179107666,0,True,70,33,True,45,32,0.9517539739608764,610.979248046875,-480666004.1245731,2025-11-20 20:22:29
er_32768_1_2.txt,erdos_renyi_10ins_m20,50,SpecAnn,0.6018344659534288,1.0,-8608792.0,-3186974.0,0.012387990951538,0,True,70,33,True,46,32,0.9506053924560548,584.747802734375,-459474189.8442769,2025-11-20 20:22:29
er_32768_1_2.txt,erdos_renyi_10ins_m20,50,SpecAnn,0.6083409735974393,1.0,-8613056.0,-3217966.0000000005,0.0123524665832519,0,True,70,33,True,47,32,0.9494388103485109,559.9107666015625,-439418207.0317527,2025-11-20 20:22:29
er_32768_1_2.txt,erdos_renyi_10ins_m20,50,SpecAnn,0.6147786234942719,1.0,-8599723.999999998,-3260512.0,0.0123648643493652,0,True,70,33,True,48,32,0.9482538104057312,536.3773803710938,-420423806.47091067,2025-11-20 20:22:29
er_32768_1_2.txt,erdos_renyi_10ins_m20,50,SpecAnn,0.6211495565912796,1.0,-8605074.0,-3315345.9999999995,0.0124621391296386,0,True,70,33,True,49,32,0.947049915790558,514.064453125,-402422905.50752056,2025-11-20 20:22:29
er_32768_1_2.txt,erdos_renyi_10ins_m20,50,SpecAnn,0.6274558051381586,1.0,-8603028.0,-3357146.0,0.0124561786651611,0,True,70,33,True,50,32,0.9458264112472534,492.8943481445313,-385351917.0873497,2025-11-20 20:22:29
er_32768_1_2.txt,erdos_renyi_10ins_m20,50,SpecAnn,0.6336993002596786,1.0,-8601990.0,-3408568.0000000005,0.0123937129974365,0,True,70,33,True,51,32,0.9445829391479492,472.7964172363281,-369153102.3791438,2025-11-20 20:22:29
er_32768_1_2.txt,erdos_renyi_10ins_m20,50,SpecAnn,0.6398818788633085,1.0,-8628662.000000002,-3447700.0,0.0124149322509765,0,True,70,33,True,52,32,0.9433189034461976,453.7044067382813,-353772266.1306412,2025-11-20 20:22:29
er_32768_1_2.txt,erdos_renyi_10ins_m20,50,SpecAnn,0.6460052899517691,1.0,-8596938.0,-3494004.0000000005,0.012380838394165,0,True,70,33,True,53,32,0.9420338869094848,435.5571899414063,-339159480.4591808,2025-11-20 20:22:29
er_32768_1_2.txt,erdos_renyi_10ins_m20,50,SpecAnn,0.6520712004019966,1.0,-8605943.999999998,-3538874.0000000005,0.0124757289886474,0,True,70,33,True,54,32,0.94072687625885,418.2982177734375,-325268355.96923286,2025-11-20 20:22:29
er_32768_1_2.txt,erdos_renyi_10ins_m20,50,SpecAnn,0.6580812002646271,1.0,-8617706.000000002,-3583040.0000000005,0.0123765468597412,0,True,70,33,True,55,32,0.9393978118896484,401.8749694824219,-312056152.8870043,2025-11-20 20:22:29
er_32768_1_2.txt,erdos_renyi_10ins_m20,50,SpecAnn,0.6640368076317485,1.0,-8593206.0,-3620548.000000001,0.0124719142913818,0,True,70,33,True,56,32,0.9380455017089844,386.23834228515625,-299482560.9121754,2025-11-20 20:22:29
er_32768_1_2.txt,erdos_renyi_10ins_m20,50,SpecAnn,0.6699394731151429,1.0,-8592884.0,-3665436.0,0.012408971786499,0,True,70,33,True,57,32,0.936669647693634,371.3431396484375,-287510758.82643265,2025-11-20 20:22:29
er_32768_1_2.txt,erdos_renyi_10ins_m20,50,SpecAnn,0.6757905839724513,1.0,-8656312.0,-3714786.0,0.0124351978302001,0,True,70,33,True,58,32,0.93526953458786,357.1467590332031,-276105939.96001315,2025-11-20 20:22:29
er_32768_1_2.txt,erdos_renyi_10ins_m20,50,SpecAnn,0.6815914679145113,1.0,-8623178.0,-3757554.0,0.0123989582061767,0,True,70,33,True,59,32,0.933844268321991,343.61004638671875,-265236054.65991047,2025-11-20 20:22:29
er_32768_1_2.txt,erdos_renyi_10ins_m20,50,SpecAnn,0.6873433966234707,1.0,-8621914.000000002,-3807764.000000001,0.0124449729919433,0,True,70,33,True,60,32,0.9323931336402892,330.69586181640625,-254870796.12682608,2025-11-20 20:22:29
er_32768_1_2.txt,erdos_renyi_10ins_m20,50,SpecAnn,0.6930475890080863,1.0,-8610186.0,-3845238.000000001,0.012491226196289,0,True,70,33,True,61,32,0.9309152960777284,318.3700561523437,-244982255.5802132,2025-11-20 20:22:29
er_32768_1_2.txt,erdos_renyi_10ins_m20,50,SpecAnn,0.6987052142198116,1.0,-8611364.0,-3895506.0,0.0124416351318359,0,True,70,33,True,62,32,0.9294099807739258,306.6004638671875,-235544185.56794316,2025-11-20 20:22:29
er_32768_1_2.txt,erdos_renyi_10ins_m20,50,SpecAnn,0.7043173944508145,1.0,-8643621.999999998,-3935200.0,0.0124506950378417,0,True,70,33,True,63,32,0.9278762340545654,295.3568725585937,-226531906.72318003,2025-11-20 20:22:29
er_32768_1_2.txt,erdos_renyi_10ins_m20,50,SpecAnn,0.709885207532891,1.0,-8618980.0,-3993162.0,0.0123686790466308,0,True,70,33,True,64,32,0.9263131618499756,284.61138916015625,-217922643.5335646,2025-11-20 20:22:29
er_32768_1_2.txt,erdos_renyi_10ins_m20,50,SpecAnn,0.7154096893543218,1.0,-8622826.0,-4045450.0,0.012413740158081,0,True,70,33,True,65,32,0.9247196912765504,274.33740234375,-209694662.5563752,2025-11-20 20:22:29
er_32768_1_2.txt,erdos_renyi_10ins_m20,50,SpecAnn,0.7208918361100219,1.0,-8621132.0,-4105450.000000001,0.0123751163482666,0,True,70,33,True,66,32,0.9230948686599731,264.51043701171875,-201827991.52185017,2025-11-20 20:22:29
er_32768_1_2.txt,erdos_renyi_10ins_m20,50,SpecAnn,0.7263326063988248,1.0,-8651514.0,-4157132.000000001,0.0125508308410644,0,True,70,33,True,67,32,0.921437680721283,255.10720825195312,-194303644.54176813,2025-11-20 20:22:29
er_32768_1_2.txt,erdos_renyi_10ins_m20,50,SpecAnn,0.7317329231804058,1.0,-8635154.000000002,-4219156.0,0.012662649154663,0,True,70,33,True,68,32,0.9197468757629396,246.10598754882807,-187103861.06230316,2025-11-20 20:22:29
er_32768_1_2.txt,erdos_renyi_10ins_m20,50,SpecAnn,0.7370936756031579,1.0,-8640118.0,-4283790.000000001,0.0125656127929687,0,True,70,33,True,69,32,0.9180212020874025,237.4862365722656,-180211875.0474611,2025-11-20 20:22:29
er_32768_1_2.txt,erdos_renyi_10ins_m20,50,SpecAnn,0.7424157207132704,1.0,-8623906.0,-4354358.0,0.0126152038574218,0,True,70,33,True,70,32,0.9162594079971312,229.2288818359375,-173612116.43523294,2025-11-20 20:22:29
er_32768_1_2.txt,erdos_renyi_10ins_m20,50,SpecAnn,0.7476998850543153,1.0,-8640804.0,-4423346.0,0.0123250484466552,0,True,70,33,True,71,32,0.9144601225852966,221.3158264160156,-167289811.5368467,2025-11-20 20:22:29
er_32768_1_2.txt,erdos_renyi_10ins_m20,50,SpecAnn,0.7529469661657903,1.0,-8618452.0,-4475579.999999999,0.0124287605285644,0,True,70,33,True,72,32,0.9126220345497132,213.7298889160156,-161230967.04703033,2025-11-20 20:22:29
er_32768_1_2.txt,erdos_renyi_10ins_m20,50,SpecAnn,0.7581577339883167,1.0,-8622338.0,-4536360.0,0.0124287605285644,0,True,70,33,True,73,32,0.910743534564972,206.4552001953125,-155422600.68861395,2025-11-20 20:22:29
er_32768_1_2.txt,erdos_renyi_10ins_m20,50,SpecAnn,0.7633329321824984,1.0,-8632782.0,-4597598.0,0.0124173164367675,0,True,70,33,True,74,32,0.9088230729103088,199.47659301757807,-149852342.0027318,2025-11-20 20:22:29
er_32768_1_2.txt,erdos_renyi_10ins_m20,50,SpecAnn,0.7684732793678399,1.0,-8620508.0,-4676734.0,0.0124514102935791,0,True,70,33,True,75,32,0.9068587422370912,192.77978515625,-144508497.14320704,2025-11-20 20:22:29
er_32768_1_2.txt,erdos_renyi_10ins_m20,50,SpecAnn,0.7735794702875677,1.0,-8630703.999999998,-4744682.000000001,0.0125305652618408,0,True,70,33,True,76,32,0.9048488736152648,186.35134887695312,-139380121.67975298,2025-11-20 20:22:29
er_32768_1_2.txt,erdos_renyi_10ins_m20,50,SpecAnn,0.7786521769046981,1.0,-8624098.0,-4838738.0,0.0125672817230224,0,True,70,33,True,77,32,0.9027916789054872,180.1786193847656,-134456886.62595317,2025-11-20 20:22:29
er_32768_1_2.txt,erdos_renyi_10ins_m20,50,SpecAnn,0.7836920494342511,1.0,-8638138.0,-4907726.0,0.0124199390411376,0,True,70,33,True,78,32,0.9006848335266113,174.24957275390625,-129728925.28024668,2025-11-20 20:22:29
er_32768_1_2.txt,erdos_renyi_10ins_m20,50,SpecAnn,0.788699717316095,1.0,-8626636.0,-5001994.0,0.0124967098236083,0,True,70,33,True,79,32,0.8985262513160706,168.55287170410156,-125186983.46055467,2025-11-20 20:22:30
er_32768_1_2.txt,erdos_renyi_10ins_m20,50,SpecAnn,0.7936757901325451,1.0,-8629466.0,-5066372.000000001,0.0124285221099853,0,True,70,33,True,80,32,0.8963136672973633,163.07785034179688,-120822340.76454704,2025-11-20 20:22:30
er_32768_1_2.txt,erdos_renyi_10ins_m20,50,SpecAnn,0.7986208584745024,1.0,-8639051.999999998,-5165616.000000001,0.012427806854248,0,True,70,33,True,81,32,0.8940443992614746,157.81423950195312,-116626575.12560388,2025-11-20 20:22:30
er_32768_1_2.txt,erdos_renyi_10ins_m20,50,SpecAnn,0.803535494759617,1.0,-8663796.0,-5257820.000000001,0.0124096870422363,0,True,70,33,True,82,32,0.891715943813324,152.7525634765625,-112591936.21880507,2025-11-20 20:22:30
er_32768_1_2.txt,erdos_renyi_10ins_m20,50,SpecAnn,0.8084202540056837,1.0,-8662228.0,-5350161.999999999,0.0124473571777343,0,True,70,33,True,83,32,0.8893253803253174,147.88369750976562,-108710936.22422151,2025-11-20 20:22:30
er_32768_1_2.txt,erdos_renyi_10ins_m20,50,SpecAnn,0.8132756745622272,1.0,-8657200.0,-5443550.000000001,0.0124976634979248,0,True,70,33,True,84,32,0.886869490146637,143.19894409179688,-104976425.0389994,2025-11-20 20:22:30
er_32768_1_2.txt,erdos_renyi_10ins_m20,50,SpecAnn,0.8181022788030096,1.0,-8661272.0,-5554882.000000001,0.0123536586761474,0,True,70,33,True,85,32,0.8843451142311096,138.69021606445312,-101381766.47267066,2025-11-20 20:22:30
er_32768_1_2.txt,erdos_renyi_10ins_m20,50,SpecAnn,0.822900573781978,1.0,-8688536.000000002,-5646502.0,0.0124473571777343,0,True,70,33,True,86,32,0.8817487955093384,134.34976196289062,-97920590.7587054,2025-11-20 20:22:30
er_32768_1_2.txt,erdos_renyi_10ins_m20,50,SpecAnn,0.8276710518549868,1.0,-8691950.0,-5747450.0,0.0123372077941894,0,True,70,33,True,87,32,0.8790764212608337,130.17022705078125,-94586802.06046826,2025-11-20 20:22:30
er_32768_1_2.txt,erdos_renyi_10ins_m20,50,SpecAnn,0.8324141912694495,1.0,-8690914.000000002,-5853104.000000001,0.0124881267547607,0,True,70,33,True,88,32,0.8763241171836853,126.14456176757812,-91374611.79964425,2025-11-20 20:22:30
er_32768_1_2.txt,erdos_renyi_10ins_m20,50,SpecAnn,0.8371304567239225,1.0,-8673624.0,-5950004.0,0.0125689506530761,0,True,70,33,True,89,32,0.8734871745109558,122.26626586914062,-88278598.50352238,2025-11-20 20:22:30
er_32768_1_2.txt,erdos_renyi_10ins_m20,50,SpecAnn,0.8418202998994706,1.0,-8691860.0,-6068712.0,0.0126125812530517,0,True,70,33,True,90,32,0.8705610036849976,118.52891540527344,-85293467.06033802,2025-11-20 20:22:30
er_32768_1_2.txt,erdos_renyi_10ins_m20,50,SpecAnn,0.846484159964536,1.0,-8689102.000000002,-6189590.0,0.0125880241394042,0,True,70,33,True,91,32,0.8675400614738464,114.92657470703124,-82414238.57306309,2025-11-20 20:22:30
er_32768_1_2.txt,erdos_renyi_10ins_m20,50,SpecAnn,0.8511224640549078,1.0,-8701292.0,-6300606.0,0.0125970840454101,0,True,70,33,True,92,32,0.8644190430641174,111.45362854003906,-79636247.28255063,2025-11-20 20:22:30
er_32768_1_2.txt,erdos_renyi_10ins_m20,50,SpecAnn,0.8557356277302758,1.0,-8725366.0,-6410696.000000001,0.0123684406280517,0,True,70,33,True,93,32,0.86119145154953,108.10455322265624,-76954840.96994117,2025-11-20 20:22:30
er_32768_1_2.txt,erdos_renyi_10ins_m20,50,SpecAnn,0.8603240554087516,1.0,-8731060.0,-6547700.0,0.0124273300170898,0,True,70,33,True,94,32,0.8578508496284485,104.87420654296876,-74365708.91420706,2025-11-20 20:22:30
er_32768_1_2.txt,erdos_renyi_10ins_m20,50,SpecAnn,0.86488814078064,1.0,-8734068.0,-6680248.0,0.0123589038848876,0,True,70,33,True,95,32,0.8543897271156311,101.7577896118164,-71864751.98241867,2025-11-20 20:22:30
er_32768_1_2.txt,erdos_renyi_10ins_m20,50,SpecAnn,0.8694282672026621,1.0,-8762240.0,-6809200.0,0.0124194622039794,0,True,70,33,True,96,32,0.8508001565933228,98.7505340576172,-69447923.16783813,2025-11-20 20:22:30
er_32768_1_2.txt,erdos_renyi_10ins_m20,50,SpecAnn,0.8739448080737451,1.0,-8782788.0,-6923586.000000002,0.0240435600280761,0,True,70,65,True,97,32,0.8470730781555176,95.8480224609375,-67111397.82780929,2025-11-20 20:22:30
er_32768_1_2.txt,erdos_renyi_10ins_m20,50,SpecAnn,0.878438127193422,1.0,-8776014.0,-7043180.000000001,0.0238170623779296,0,True,70,65,True,98,32,0.843198835849762,93.04605102539062,-64851524.94876383,2025-11-20 20:22:30
er_32768_1_2.txt,erdos_renyi_10ins_m20,50,SpecAnn,0.8829085791038153,1.0,-8823008.0,-7181918.000000002,0.0235872268676757,0,True,70,65,True,99,32,0.8391660451889038,90.34050750732422,-62664658.5184858,2025-11-20 20:22:30
er_32768_1_2.txt,erdos_renyi_10ins_m20,50,SpecAnn,0.8873565094161138,1.0,-8847070.0,-7350432.0,0.0235159397125244,0,True,70,65,True,100,32,0.8349613547325134,87.72758483886719,-60547302.178766094,2025-11-20 20:22:30
er_32768_1_2.txt,erdos_renyi_10ins_m20,50,SpecAnn,0.8917822551223932,1.0,-8857938.0,-7475889.999999999,0.0235719680786132,0,True,70,65,True,101,32,0.8305671215057373,85.20359802246094,-58495831.48754344,2025-11-20 20:22:30
er_32768_1_2.txt,erdos_renyi_10ins_m20,50,SpecAnn,0.8961861448935777,1.0,-8860478.0,-7614398.000000001,0.034799575805664,0,True,70,97,True,102,32,0.8259568810462952,82.76504516601562,-56506262.22765944,2025-11-20 20:22:30
er_32768_1_2.txt,erdos_renyi_10ins_m20,50,SpecAnn,0.9005684993642872,1.0,-8877672.0,-7737466.000000001,0.0576298236846923,0,True,70,161,True,103,32,0.8210940361022949,80.40859985351562,-54574233.67435742,2025-11-20 20:22:30
er_32768_1_2.txt,erdos_renyi_10ins_m20,50,SpecAnn,0.9049296314052688,1.0,-8874724.0,-7772110.000000002,0.0576684474945068,0,True,70,161,True,104,32,0.8159642219543457,78.1310043334961,-52697106.78726494,2025-11-20 20:22:30
er_32768_1_2.txt,erdos_renyi_10ins_m20,50,SpecAnn,0.9092698463840684,1.0,-8861802.000000002,-7725434.0,0.0687921047210693,0,True,70,193,True,105,32,0.8106144666671753,75.92924499511719,-50876318.81486176,2025-11-20 20:22:30
er_32768_1_2.txt,erdos_renyi_10ins_m20,50,SpecAnn,0.9135894424145556,1.0,-8869848.0,-7701736.0,0.0801045894622802,0,True,70,225,True,106,32,0.8050969243049622,73.8004150390625,-49113311.78784623,2025-11-20 20:22:30
er_32768_1_2.txt,erdos_renyi_10ins_m20,50,SpecAnn,0.9178887105958816,1.0,-8857279.999999998,-7681881.999999999,0.0576822757720947,0,True,70,161,True,107,32,0.7994318008422852,71.7416763305664,-47407296.44966296,2025-11-20 20:22:30
er_32768_1_2.txt,erdos_renyi_10ins_m20,50,SpecAnn,0.922167935241408,1.0,-8855239.999999998,-7684788.000000002,0.0467374324798584,0,True,70,129,True,108,32,0.7936236262321472,69.75038146972656,-45756566.053063855,2025-11-20 20:22:30
er_32768_1_2.txt,erdos_renyi_10ins_m20,50,SpecAnn,0.92642739409812,1.0,-8842482.0,-7700050.0,0.068920612335205,0,True,70,193,True,109,32,0.7876725196838379,67.82403564453125,-44159237.93499255,2025-11-20 20:22:30
er_32768_1_2.txt,erdos_renyi_10ins_m20,50,SpecAnn,0.9306673585570006,1.0,-8847804.000000002,-7690905.999999999,0.0349853038787841,0,True,70,97,True,110,32,0.7815759181976318,65.96012878417969,-42613275.02067763,2025-11-20 20:22:30
er_32768_1_2.txt,erdos_renyi_10ins_m20,50,SpecAnn,0.9348880938548184,1.0,-8848496.0,-7678465.999999999,0.0349452495574951,0,True,70,97,True,111,32,0.7753320932388306,64.15634155273438,-41116827.73538866,2025-11-20 20:22:30
er_32768_1_2.txt,erdos_renyi_10ins_m20,50,SpecAnn,0.9390898592677528,1.0,-8847760.000000002,-7678039.999999999,0.0352756977081298,0,True,70,97,True,112,32,0.768937885761261,62.41045379638672,-39668049.65431764,2025-11-20 20:22:30
er_32768_1_2.txt,erdos_renyi_10ins_m20,50,SpecAnn,0.9432729082972536,1.0,-8843976.0,-7679454.0,0.0354135036468505,0,True,70,97,True,113,32,0.7623905539512634,60.720314025878906,-38265180.31777568,2025-11-20 20:22:30
er_32768_1_2.txt,erdos_renyi_10ins_m20,50,SpecAnn,0.9474374888485204,1.0,-8838112.0,-7677090.000000001,0.0351879596710205,0,True,70,97,True,114,32,0.7556873559951782,59.08388519287109,-36906550.02954524,2025-11-20 20:22:30
er_32768_1_2.txt,erdos_renyi_10ins_m20,50,SpecAnn,0.9515838434019476,1.0,-8849056.000000002,-7676532.0,0.023900032043457,0,True,70,65,True,115,32,0.7488245368003845,57.49917602539063,-35590487.45863662,2025-11-20 20:22:31
er_32768_1_2.txt,erdos_renyi_10ins_m20,50,SpecAnn,0.9557122091778746,1.0,-8858130.0,-7679910.000000001,0.0352857112884521,0,True,70,97,True,116,32,0.7417997121810913,55.96435928344727,-34315508.994210325,2025-11-20 20:22:31
er_32768_1_2.txt,erdos_renyi_10ins_m20,50,SpecAnn,0.9598228182949629,1.0,-8846060.000000002,-7673615.999999999,0.0237987041473388,0,True,70,65,True,117,32,0.7346092462539673,54.477577209472656,-33080070.2962632,2025-11-20 20:22:31
er_32768_1_2.txt,erdos_renyi_10ins_m20,50,SpecAnn,0.963915897922488,1.0,-8837504.0,-7678944.000000001,0.0352754592895507,0,True,70,97,True,118,32,0.7272502183914185,53.037147521972656,-31882786.23825174,2025-11-20 20:22:31
er_32768_1_2.txt,erdos_renyi_10ins_m20,50,SpecAnn,0.967991670426842,1.0,-8820942.0,-7677981.999999999,0.0239970684051513,0,True,70,65,True,119,32,0.7197182178497314,51.641380310058594,-30722219.40241912,2025-11-20 20:22:31
er_32768_1_2.txt,erdos_renyi_10ins_m20,50,SpecAnn,0.9720503535125016,1.0,-8849996.000000002,-7684078.000000001,0.0354723930358886,0,True,70,97,True,120,32,0.7120112180709839,50.28868103027344,-29597111.585753907,2025-11-20 20:22:31
er_32768_1_2.txt,erdos_renyi_10ins_m20,50,SpecAnn,0.9760921603577252,1.0,-8856346.0,-7676704.0,0.0237579345703125,0,True,70,65,True,121,32,0.7041246891021729,48.97755432128906,-28506172.9683104,2025-11-20 20:22:31
er_32768_1_2.txt,erdos_renyi_10ins_m20,50,SpecAnn,0.9801172997452104,1.0,-8851586.0,-7675986.000000001,0.0348281860351562,0,True,70,97,True,122,32,0.6960556507110596,47.70651245117188,-27448200.724850822,2025-11-20 20:22:31
er_32768_1_2.txt,erdos_renyi_10ins_m20,50,SpecAnn,0.9841259761879442,1.0,-8851168.0,-7669704.000000001,0.0240054130554199,0,True,70,65,True,123,32,0.687800407409668,46.47417449951172,-26422040.967814278,2025-11-20 20:22:31
er_32768_1_2.txt,erdos_renyi_10ins_m20,50,SpecAnn,0.9881183900504562,1.0,-8851894.0,-7672166.0,0.0351045131683349,0,True,70,97,True,124,32,0.6793552041053772,45.27915954589844,-25426554.4053786,2025-11-20 20:22:31
er_32768_1_2.txt,erdos_renyi_10ins_m20,50,SpecAnn,0.9920947376656812,1.0,-8860859.999999998,-7676654.0,0.0236320495605468,0,True,70,65,True,125,32,0.6707160472869873,44.12020111083984,-24460674.538289737,2025-11-20 20:22:31
er_32768_1_2.txt,erdos_renyi_10ins_m20,50,SpecAnn,0.9960552114476228,1.0,-8846036.000000002,-7684280.0,0.0348761081695556,0,True,70,97,True,126,32,0.6618794798851013,42.996055603027344,-23523383.09053509,2025-11-20 20:22:31
er_32768_1_2.txt,erdos_renyi_10ins_m20,50,SpecAnn,1.0,1.0,-8863640.0,-7683411.999999999,0.0237424373626709,0,True,70,65,True,127,32,0.6528417468070984,41.905494689941406,-22613674.59644106,2025-11-20 20:22:31
er_32768_1_2.txt,erdos_renyi_10ins_m20,51,SpecAnn,0.0,1.0,-8595612.0,-1818829.9999999993,0.013883113861083984,0,True,73,33,True,0,32,0.993630051612854,32769.0,-26914118167.552944,2025-11-20 20:22:31
er_32768_1_2.txt,erdos_renyi_10ins_m20,51,SpecAnn,0.08873565094161137,1.0,-8589858.0,-1883119.9999999998,0.012432575225830078,0,True,73,33,True,1,32,0.9914242625236511,18081.572265625,-14817945151.251432,2025-11-20 20:22:31
er_32768_1_2.txt,erdos_renyi_10ins_m20,51,SpecAnn,0.12549116102763172,1.0,-8612141.999999998,-1910852.0,0.012455463409423828,0,True,73,33,True,2,32,0.9902990460395813,14135.4921875,-11570964046.478651,2025-11-20 20:22:31
er_32768_1_2.txt,erdos_renyi_10ins_m20,51,SpecAnn,0.15369465587356798,1.0,-8623820.0,-1949151.9999999995,0.012448787689208984,0,True,73,33,True,3,32,0.989335834980011,11702.505859375,-9570064301.936926,2025-11-20 20:22:31
er_32768_1_2.txt,erdos_renyi_10ins_m20,51,SpecAnn,0.17747130188322274,1.0,-8592333.999999998,-1974967.9999999995,0.012320518493652344,0,True,73,33,True,4,32,0.988449215888977,9980.048828125,-8154160882.595713,2025-11-20 20:22:31
er_32768_1_2.txt,erdos_renyi_10ins_m20,51,SpecAnn,0.19841894753313627,1.0,-8622482.0,-2002126.0000000002,0.012604236602783203,0,True,73,33,True,5,32,0.9876067042350769,8674.037109375,-7081048251.952135,2025-11-20 20:22:31
er_32768_1_2.txt,erdos_renyi_10ins_m20,51,SpecAnn,0.21735706680066552,1.0,-8600446.0,-2028117.9999999998,0.01254415512084961,0,True,73,33,True,6,32,0.9867916107177734,7641.16357421875,-6232713928.0692625,2025-11-20 20:22:31
er_32768_1_2.txt,erdos_renyi_10ins_m20,51,SpecAnn,0.23477246481693817,1.0,-8617832.000000002,-2060678.0000000002,0.012588739395141602,0,True,73,33,True,7,32,0.9859942197799683,6800.3359375,-5542388756.254556,2025-11-20 20:22:31
er_32768_1_2.txt,erdos_renyi_10ins_m20,51,SpecAnn,0.25098232205526344,1.0,-8604118.0,-2087216.0000000007,0.012519598007202148,0,True,73,33,True,8,32,0.9852083325386047,6101.134765625,-4968564624.215243,2025-11-20 20:22:31
er_32768_1_2.txt,erdos_renyi_10ins_m20,51,SpecAnn,0.26620695282483414,1.0,-8585002.0,-2110588.0000000005,0.01261281967163086,0,True,73,33,True,9,32,0.9844294786453247,5510.09326171875,-4483692376.8494,2025-11-20 20:22:31
er_32768_1_2.txt,erdos_renyi_10ins_m20,51,SpecAnn,0.28060676663315687,1.0,-8589378.0,-2138006.0,0.01245260238647461,0,True,73,33,True,10,32,0.9836544990539551,5003.89892578125,-4068584684.8633857,2025-11-20 20:22:31
er_32768_1_2.txt,erdos_renyi_10ins_m20,51,SpecAnn,0.2943028597012718,1.0,-8604418.000000002,-2162442.0,0.0123748779296875,0,True,73,33,True,11,32,0.9828810691833496,4565.6953125,-3709369911.0817738,2025-11-20 20:22:31
er_32768_1_2.txt,erdos_renyi_10ins_m20,51,SpecAnn,0.30738931174713596,1.0,-8595628.0,-2182348.0000000005,0.012399673461914062,0,True,73,33,True,12,32,0.9821072816848755,4182.92529296875,-3395715427.6329875,2025-11-20 20:22:31
er_32768_1_2.txt,erdos_renyi_10ins_m20,51,SpecAnn,0.31994093943165425,1.0,-8581020.000000002,-2199420.0000000005,0.012643098831176758,0,True,73,33,True,13,32,0.9813315868377686,3846.01171875,-3119741641.116047,2025-11-20 20:22:31
er_32768_1_2.txt,erdos_renyi_10ins_m20,51,SpecAnn,0.3320184038158743,1.0,-8608908.000000002,-2228837.9999999995,0.012675762176513672,0,True,73,33,True,14,32,0.9805528521537781,3547.4931640625,-2875310981.751238,2025-11-20 20:22:31
er_32768_1_2.txt,erdos_renyi_10ins_m20,51,SpecAnn,0.34367169831173533,1.0,-8620246.0,-2257187.9999999995,0.012661218643188477,0,True,73,33,True,15,32,0.9797699451446533,3281.464111328125,-2657565765.0691233,2025-11-20 20:22:31
er_32768_1_2.txt,erdos_renyi_10ins_m20,51,SpecAnn,0.3549426037664455,1.0,-8586716.0,-2273813.999999999,0.012638568878173828,0,True,73,33,True,16,32,0.9789820313453674,3043.177734375,-2462602334.9326386,2025-11-20 20:22:31
er_32768_1_2.txt,erdos_renyi_10ins_m20,51,SpecAnn,0.3658664615902029,1.0,-8606558.0,-2293466.0000000005,0.012512683868408203,0,True,73,33,True,17,32,0.9781882762908936,2828.769287109375,-2287242594.1213183,2025-11-20 20:22:31
er_32768_1_2.txt,erdos_renyi_10ins_m20,51,SpecAnn,0.37647348308289513,1.0,-8583054.000000002,-2324840.0,0.01238870620727539,0,True,73,33,True,18,32,0.9773879647254944,2635.0595703125,-2128872604.0090013,2025-11-20 20:22:31
er_32768_1_2.txt,erdos_renyi_10ins_m20,51,SpecAnn,0.38678973514378384,1.0,-8604380.0,-2346919.9999999995,0.012352466583251953,0,True,73,33,True,19,32,0.9765806794166565,2459.40625,-1985320599.8847003,2025-11-20 20:22:31
er_32768_1_2.txt,erdos_renyi_10ins_m20,51,SpecAnn,0.39683789506627254,1.0,-8613982.0,-2366065.9999999995,0.012360811233520508,0,True,73,33,True,20,32,0.9757657647132874,2299.592529296875,-1854764240.5532486,2025-11-20 20:22:31
er_32768_1_2.txt,erdos_renyi_10ins_m20,51,SpecAnn,0.4066378372811136,1.0,-8589364.0,-2385980.0,0.012483596801757812,0,True,73,33,True,21,32,0.9749427437782288,2153.746337890625,-1735665023.6602738,2025-11-20 20:22:31
er_32768_1_2.txt,erdos_renyi_10ins_m20,51,SpecAnn,0.41620709563472474,1.0,-8606106.0,-2421898.0,0.012384653091430664,0,True,73,33,True,22,32,0.9741110801696777,2020.273681640625,-1626713002.8049383,2025-11-20 20:22:31
er_32768_1_2.txt,erdos_renyi_10ins_m20,51,SpecAnn,0.4255612320274539,1.0,-8594496.0,-2448153.9999999995,0.012399435043334961,0,True,73,33,True,23,32,0.9732703566551208,1897.8096923828125,-1526786829.4137695,2025-11-20 20:22:31
er_32768_1_2.txt,erdos_renyi_10ins_m20,51,SpecAnn,0.43471413360133104,1.0,-8605438.0,-2469984.0000000005,0.012326240539550781,0,True,73,33,True,24,32,0.9724202752113342,1785.1771240234375,-1434919597.1849842,2025-11-20 20:22:31
er_32768_1_2.txt,erdos_renyi_10ins_m20,51,SpecAnn,0.4436782547080569,1.0,-8591209.999999998,-2508212.0,0.012343406677246094,0,True,73,33,True,25,32,0.9715603590011597,1681.357666015625,-1350274741.0123012,2025-11-20 20:22:32
er_32768_1_2.txt,erdos_renyi_10ins_m20,51,SpecAnn,0.45246481570263436,1.0,-8606782.0,-2530286.0,0.012437582015991211,0,True,73,33,True,26,32,0.9706901907920837,1585.463623046875,-1272123195.483034,2025-11-20 20:22:32
er_32768_1_2.txt,erdos_renyi_10ins_m20,51,SpecAnn,0.46108396762070397,1.0,-8622040.0,-2556130.0,0.012395143508911133,0,True,73,33,True,27,32,0.9698094725608826,1496.719482421875,-1199828246.9253232,2025-11-20 20:22:32
er_32768_1_2.txt,erdos_renyi_10ins_m20,51,SpecAnn,0.46954492963387634,1.0,-8601498.000000002,-2590540.0,0.012350320816040039,0,True,73,33,True,28,32,0.9689179062843323,1414.44384765625,-1132830521.5024312,2025-11-20 20:22:32
er_32768_1_2.txt,erdos_renyi_10ins_m20,51,SpecAnn,0.4778561045889373,1.0,-8625554.0,-2616506.000000001,0.012399673461914062,0,True,73,33,True,29,32,0.9680150151252747,1338.03515625,-1070636060.2292744,2025-11-20 20:22:32
er_32768_1_2.txt,erdos_renyi_10ins_m20,51,SpecAnn,0.48602517675625084,1.0,-8576896.0,-2652772.0,0.012410402297973633,0,True,73,33,True,30,32,0.9671004414558411,1266.962158203125,-1012808817.3495568,2025-11-20 20:22:32
er_32768_1_2.txt,erdos_renyi_10ins_m20,51,SpecAnn,0.4940591950252281,1.0,-8614882.000000002,-2681506.0000000005,0.012316226959228516,0,True,73,33,True,31,32,0.9661740660667419,1200.7528076171875,-958961640.681785,2025-11-20 20:22:32
er_32768_1_2.txt,erdos_renyi_10ins_m20,51,SpecAnn,0.5019646441105269,1.0,-8602504.0,-2709382.0,0.012362241744995117,0,True,73,33,True,32,32,0.9652352929115295,1138.986572265625,-908749208.8251642,2025-11-20 20:22:32
er_32768_1_2.txt,erdos_renyi_10ins_m20,51,SpecAnn,0.5097475058154177,1.0,-8612962.0,-2741180.0,0.012433767318725586,0,True,73,33,True,33,32,0.9642838835716248,1081.2869873046875,-861862794.8621472,2025-11-20 20:22:32
er_32768_1_2.txt,erdos_renyi_10ins_m20,51,SpecAnn,0.51741331199832,1.0,-8601860.000000002,-2770002.0,0.012467622756958008,0,True,73,33,True,34,32,0.9633196592330933,1027.3179931640625,-818026864.9333782,2025-11-20 20:22:32
er_32768_1_2.txt,erdos_renyi_10ins_m20,51,SpecAnn,0.5249671905758515,1.0,-8629512.0,-2799014.0000000005,0.012421607971191406,0,True,73,33,True,35,32,0.9623419046401978,976.77685546875,-776992821.407118,2025-11-20 20:22:32
er_32768_1_2.txt,erdos_renyi_10ins_m20,51,SpecAnn,0.5324139056496683,1.0,-8588126.0,-2831154.0,0.012576580047607422,0,True,73,33,True,36,32,0.9613506197929382,929.3912963867188,-738537684.1322215,2025-11-20 20:22:32
er_32768_1_2.txt,erdos_renyi_10ins_m20,51,SpecAnn,0.5397578926492556,1.0,-8587826.0,-2861902.0,0.012549638748168945,0,True,73,33,True,37,32,0.9603453278541565,884.9150390625,-702459438.7251875,2025-11-20 20:22:32
er_32768_1_2.txt,erdos_renyi_10ins_m20,51,SpecAnn,0.5470032892270364,1.0,-8575930.0,-2896881.9999999995,0.012568950653076172,0,True,73,33,True,38,32,0.9593256711959839,843.1260986328125,-668576100.1625589,2025-11-20 20:22:32
er_32768_1_2.txt,erdos_renyi_10ins_m20,51,SpecAnn,0.554153962516942,1.0,-8577624.0,-2937920.0,0.012549400329589844,0,True,73,33,True,39,32,0.958291232585907,803.8219604492188,-636721669.3246542,2025-11-20 20:22:32
er_32768_1_2.txt,erdos_renyi_10ins_m20,51,SpecAnn,0.5612135332663137,1.0,-8602726.0,-2967958.0,0.012379884719848633,0,True,73,33,True,40,32,0.9572417736053467,766.8197631835938,-606746372.7348055,2025-11-20 20:22:32
er_32768_1_2.txt,erdos_renyi_10ins_m20,51,SpecAnn,0.5681853972686127,1.0,-8601282.0,-3002522.0,0.012308120727539062,0,True,73,33,True,41,32,0.9561767578125,731.9527587890625,-578513480.6988822,2025-11-20 20:22:32
er_32768_1_2.txt,erdos_renyi_10ins_m20,51,SpecAnn,0.5750727444570146,1.0,-8586844.0,-3040168.0,0.012394428253173828,0,True,73,33,True,42,32,0.9550958871841431,699.068359375,-551898062.4321439,2025-11-20 20:22:32
er_32768_1_2.txt,erdos_renyi_10ins_m20,51,SpecAnn,0.5818785759635375,1.0,-8584316.0,-3081380.000000001,0.012618064880371094,0,True,73,33,True,43,32,0.9539987444877625,668.0276489257812,-526786321.4217465,2025-11-20 20:22:32
er_32768_1_2.txt,erdos_renyi_10ins_m20,51,SpecAnn,0.5886057194025436,1.0,-8585843.999999998,-3121794.0000000005,0.012665748596191406,0,True,73,33,True,44,32,0.9528848528862,638.7036743164062,-503074247.83400464,2025-11-20 20:22:32
er_32768_1_2.txt,erdos_renyi_10ins_m20,51,SpecAnn,0.5952568425994088,1.0,-8588978.0,-3149982.0,0.012524127960205078,0,True,73,33,True,45,32,0.9517539739608765,610.979248046875,-480666004.1245731,2025-11-20 20:22:32
er_32768_1_2.txt,erdos_renyi_10ins_m20,51,SpecAnn,0.6018344659534288,1.0,-8617784.000000002,-3186974.0,0.012343645095825195,0,True,73,33,True,46,32,0.9506053924560547,584.747802734375,-459474189.8442769,2025-11-20 20:22:32
er_32768_1_2.txt,erdos_renyi_10ins_m20,51,SpecAnn,0.6083409735974393,1.0,-8591720.0,-3217966.0,0.012347698211669922,0,True,73,33,True,47,32,0.9494388103485107,559.9107666015625,-439418207.03175265,2025-11-20 20:22:32
er_32768_1_2.txt,erdos_renyi_10ins_m20,51,SpecAnn,0.6147786234942719,1.0,-8610994.000000002,-3260511.9999999995,0.012455224990844727,0,True,73,33,True,48,32,0.9482538104057312,536.3773803710938,-420423806.47091067,2025-11-20 20:22:32
er_32768_1_2.txt,erdos_renyi_10ins_m20,51,SpecAnn,0.6211495565912796,1.0,-8620728.0,-3315345.9999999995,0.012393474578857422,0,True,73,33,True,49,32,0.9470498561859131,514.064453125,-402422880.1801604,2025-11-20 20:22:32
er_32768_1_2.txt,erdos_renyi_10ins_m20,51,SpecAnn,0.6274558051381586,1.0,-8585696.0,-3357146.0,0.012379169464111328,0,True,73,33,True,50,32,0.9458264112472534,492.89434814453125,-385351917.0873497,2025-11-20 20:22:32
er_32768_1_2.txt,erdos_renyi_10ins_m20,51,SpecAnn,0.6336993002596786,1.0,-8612030.0,-3408568.0,0.012368202209472656,0,True,73,33,True,51,32,0.944582998752594,472.7964172363281,-369153125.67327565,2025-11-20 20:22:32
er_32768_1_2.txt,erdos_renyi_10ins_m20,51,SpecAnn,0.6398818788633085,1.0,-8611858.000000002,-3447700.0,0.012389659881591797,0,True,73,33,True,52,32,0.9433190226554871,453.70440673828125,-353772310.8376224,2025-11-20 20:22:32
er_32768_1_2.txt,erdos_renyi_10ins_m20,51,SpecAnn,0.6460052899517691,1.0,-8598546.0,-3494004.0000000005,0.012379646301269531,0,True,73,33,True,53,32,0.9420338273048401,435.55718994140625,-339159458.9997825,2025-11-20 20:22:32
er_32768_1_2.txt,erdos_renyi_10ins_m20,51,SpecAnn,0.6520712004019966,1.0,-8614442.0,-3538874.0000000005,0.012473583221435547,0,True,73,33,True,54,32,0.9407269358634949,418.2982177734375,-325268376.57830155,2025-11-20 20:22:32
er_32768_1_2.txt,erdos_renyi_10ins_m20,51,SpecAnn,0.6580812002646271,1.0,-8607130.0,-3583040.0000000005,0.012399673461914062,0,True,73,33,True,55,32,0.9393978118896484,401.8749694824219,-312056152.8870043,2025-11-20 20:22:32
er_32768_1_2.txt,erdos_renyi_10ins_m20,51,SpecAnn,0.6640368076317485,1.0,-8619294.0,-3620548.0,0.01247262954711914,0,True,73,33,True,56,32,0.9380455613136292,386.23834228515625,-299482579.94169116,2025-11-20 20:22:32
er_32768_1_2.txt,erdos_renyi_10ins_m20,51,SpecAnn,0.6699394731151429,1.0,-8652488.0,-3665436.0,0.012346982955932617,0,True,73,33,True,57,32,0.9366697072982788,371.3431396484375,-287510777.122079,2025-11-20 20:22:32
er_32768_1_2.txt,erdos_renyi_10ins_m20,51,SpecAnn,0.6757905839724513,1.0,-8593046.000000002,-3714786.0000000005,0.012553691864013672,0,True,73,33,True,58,32,0.9352695345878601,357.1467590332031,-276105939.96001315,2025-11-20 20:22:32
er_32768_1_2.txt,erdos_renyi_10ins_m20,51,SpecAnn,0.6815914679145113,1.0,-8614811.999999998,-3757554.0,0.012677192687988281,0,True,73,33,True,59,32,0.9338443279266357,343.61004638671875,-265236071.5891795,2025-11-20 20:22:32
er_32768_1_2.txt,erdos_renyi_10ins_m20,51,SpecAnn,0.6873433966234707,1.0,-8589998.0,-3807764.0000000005,0.012592792510986328,0,True,73,33,True,60,32,0.9323931336402893,330.69586181640625,-254870796.12682608,2025-11-20 20:22:32
er_32768_1_2.txt,erdos_renyi_10ins_m20,51,SpecAnn,0.6930475890080863,1.0,-8604668.0,-3845238.0000000005,0.012414216995239258,0,True,73,33,True,61,32,0.930915355682373,318.37005615234375,-244982271.26593715,2025-11-20 20:22:32
er_32768_1_2.txt,erdos_renyi_10ins_m20,51,SpecAnn,0.6987052142198116,1.0,-8621162.0,-3895506.0,0.012336254119873047,0,True,73,33,True,62,32,0.9294099807739258,306.6004638671875,-235544185.56794313,2025-11-20 20:22:32
er_32768_1_2.txt,erdos_renyi_10ins_m20,51,SpecAnn,0.7043173944508145,1.0,-8611250.0,-3935200.0,0.012287378311157227,0,True,73,33,True,63,32,0.9278762340545654,295.35687255859375,-226531906.72318003,2025-11-20 20:22:32
er_32768_1_2.txt,erdos_renyi_10ins_m20,51,SpecAnn,0.709885207532891,1.0,-8597380.0,-3993162.0,0.012486696243286133,0,True,73,33,True,64,32,0.9263131022453308,284.61138916015625,-217922629.5110911,2025-11-20 20:22:32
er_32768_1_2.txt,erdos_renyi_10ins_m20,51,SpecAnn,0.7154096893543218,1.0,-8594910.000000002,-4045450.0000000005,0.01231074333190918,0,True,73,33,True,65,32,0.9247196912765503,274.33740234375,-209694662.55637518,2025-11-20 20:22:32
er_32768_1_2.txt,erdos_renyi_10ins_m20,51,SpecAnn,0.7208918361100219,1.0,-8617696.0,-4105450.000000001,0.012375593185424805,0,True,73,33,True,66,32,0.9230948686599731,264.51043701171875,-201827991.52185017,2025-11-20 20:22:32
er_32768_1_2.txt,erdos_renyi_10ins_m20,51,SpecAnn,0.7263326063988248,1.0,-8599468.0,-4157132.0,0.012314319610595703,0,True,73,33,True,67,32,0.9214376211166382,255.10720825195312,-194303631.97293147,2025-11-20 20:22:32
er_32768_1_2.txt,erdos_renyi_10ins_m20,51,SpecAnn,0.7317329231804058,1.0,-8617556.0,-4219156.0,0.012313604354858398,0,True,73,33,True,68,32,0.9197468757629395,246.10598754882812,-187103861.06230313,2025-11-20 20:22:32
er_32768_1_2.txt,erdos_renyi_10ins_m20,51,SpecAnn,0.7370936756031579,1.0,-8599770.0,-4283790.000000001,0.01240396499633789,0,True,73,33,True,69,32,0.9180212020874023,237.48623657226562,-180211875.0474611,2025-11-20 20:22:32
er_32768_1_2.txt,erdos_renyi_10ins_m20,51,SpecAnn,0.7424157207132704,1.0,-8620266.0,-4354358.0,0.012357234954833984,0,True,73,33,True,70,32,0.9162594079971313,229.2288818359375,-173612116.43523294,2025-11-20 20:22:32
er_32768_1_2.txt,erdos_renyi_10ins_m20,51,SpecAnn,0.7476998850543153,1.0,-8617438.0,-4423346.0,0.012304544448852539,0,True,73,33,True,71,32,0.9144601821899414,221.31582641601562,-167289822.44082114,2025-11-20 20:22:32
er_32768_1_2.txt,erdos_renyi_10ins_m20,51,SpecAnn,0.7529469661657903,1.0,-8611020.0,-4475580.0,0.012381315231323242,0,True,73,33,True,72,32,0.9126220345497131,213.72988891601562,-161230967.04703033,2025-11-20 20:22:32
er_32768_1_2.txt,erdos_renyi_10ins_m20,51,SpecAnn,0.7581577339883167,1.0,-8627538.0,-4536360.000000001,0.012342214584350586,0,True,73,33,True,73,32,0.9107435345649719,206.4552001953125,-155422600.68861395,2025-11-20 20:22:32
er_32768_1_2.txt,erdos_renyi_10ins_m20,51,SpecAnn,0.7633329321824984,1.0,-8619508.0,-4597598.0,0.01240229606628418,0,True,73,33,True,74,32,0.9088230133056641,199.47659301757812,-149852332.1747511,2025-11-20 20:22:32
er_32768_1_2.txt,erdos_renyi_10ins_m20,51,SpecAnn,0.7684732793678399,1.0,-8632264.0,-4676734.0,0.012565135955810547,0,True,73,33,True,75,32,0.9068587422370911,192.77978515625,-144508497.14320704,2025-11-20 20:22:32
er_32768_1_2.txt,erdos_renyi_10ins_m20,51,SpecAnn,0.7735794702875677,1.0,-8614472.0,-4744682.000000001,0.012592554092407227,0,True,73,33,True,76,32,0.9048488736152649,186.35134887695312,-139380121.67975298,2025-11-20 20:22:32
er_32768_1_2.txt,erdos_renyi_10ins_m20,51,SpecAnn,0.7786521769046981,1.0,-8638072.0,-4838738.000000001,0.012586355209350586,0,True,73,33,True,77,32,0.9027916789054871,180.17861938476562,-134456886.62595317,2025-11-20 20:22:32
er_32768_1_2.txt,erdos_renyi_10ins_m20,51,SpecAnn,0.7836920494342511,1.0,-8615460.0,-4907726.0,0.012545108795166016,0,True,73,33,True,78,32,0.9006847739219666,174.24957275390625,-129728916.69517204,2025-11-20 20:22:32
er_32768_1_2.txt,erdos_renyi_10ins_m20,51,SpecAnn,0.788699717316095,1.0,-8637802.0,-5001994.0,0.012591123580932617,0,True,73,33,True,79,32,0.8985263109207153,168.55287170410156,-125186991.76495944,2025-11-20 20:22:32
er_32768_1_2.txt,erdos_renyi_10ins_m20,51,SpecAnn,0.7936757901325451,1.0,-8616204.0,-5066372.000000001,0.012439250946044922,0,True,73,33,True,80,32,0.8963136076927185,163.07785034179688,-120822332.72989024,2025-11-20 20:22:32
er_32768_1_2.txt,erdos_renyi_10ins_m20,51,SpecAnn,0.7986208584745024,1.0,-8633032.0,-5165616.000000001,0.012364387512207031,0,True,73,33,True,81,32,0.8940443992614746,157.81423950195312,-116626575.12560387,2025-11-20 20:22:32
er_32768_1_2.txt,erdos_renyi_10ins_m20,51,SpecAnn,0.803535494759617,1.0,-8636158.0,-5257820.000000001,0.012432098388671875,0,True,73,33,True,82,32,0.891715943813324,152.7525634765625,-112591936.21880507,2025-11-20 20:22:32
er_32768_1_2.txt,erdos_renyi_10ins_m20,51,SpecAnn,0.8084202540056837,1.0,-8649923.999999998,-5350161.999999999,0.012407302856445312,0,True,73,33,True,83,32,0.8893253207206726,147.88369750976562,-108710928.93816304,2025-11-20 20:22:32
er_32768_1_2.txt,erdos_renyi_10ins_m20,51,SpecAnn,0.8132756745622272,1.0,-8646878.000000002,-5443550.000000001,0.012411832809448242,0,True,73,33,True,84,32,0.8868694305419922,143.19894409179688,-104976417.98375328,2025-11-20 20:22:32
er_32768_1_2.txt,erdos_renyi_10ins_m20,51,SpecAnn,0.8181022788030096,1.0,-8638736.0,-5554882.0,0.012439966201782227,0,True,73,33,True,85,32,0.8843451738357544,138.69021606445312,-101381773.30577697,2025-11-20 20:22:32
er_32768_1_2.txt,erdos_renyi_10ins_m20,51,SpecAnn,0.822900573781978,1.0,-8646014.0,-5646502.0,0.012394905090332031,0,True,73,33,True,86,32,0.8817487955093384,134.34976196289062,-97920590.7587054,2025-11-20 20:22:32
er_32768_1_2.txt,erdos_renyi_10ins_m20,51,SpecAnn,0.8276710518549868,1.0,-8664062.0,-5747450.0,0.01228189468383789,0,True,73,33,True,87,32,0.8790764212608337,130.17022705078125,-94586802.06046826,2025-11-20 20:22:32
er_32768_1_2.txt,erdos_renyi_10ins_m20,51,SpecAnn,0.8324141912694495,1.0,-8685614.0,-5853104.0,0.012451648712158203,0,True,73,33,True,88,32,0.8763240575790405,126.14456176757812,-91374605.58464777,2025-11-20 20:22:32
er_32768_1_2.txt,erdos_renyi_10ins_m20,51,SpecAnn,0.8371304567239225,1.0,-8676612.0,-5950003.999999999,0.012289047241210938,0,True,73,33,True,89,32,0.8734872341156006,122.26626586914062,-88278604.52743968,2025-11-20 20:22:32
er_32768_1_2.txt,erdos_renyi_10ins_m20,51,SpecAnn,0.8418202998994706,1.0,-8704516.000000002,-6068712.0,0.012455940246582031,0,True,73,33,True,90,32,0.8705610036849976,118.52891540527344,-85293467.06033802,2025-11-20 20:22:32
er_32768_1_2.txt,erdos_renyi_10ins_m20,51,SpecAnn,0.846484159964536,1.0,-8726626.0,-6189590.0,0.012330293655395508,0,True,73,33,True,91,32,0.8675400614738464,114.92657470703125,-82414238.57306309,2025-11-20 20:22:32
er_32768_1_2.txt,erdos_renyi_10ins_m20,51,SpecAnn,0.8511224640549078,1.0,-8724406.0,-6300606.000000001,0.01233220100402832,0,True,73,33,True,92,32,0.8644190430641174,111.45362854003906,-79636247.28255063,2025-11-20 20:22:32
er_32768_1_2.txt,erdos_renyi_10ins_m20,51,SpecAnn,0.8557356277302758,1.0,-8717580.0,-6410696.000000001,0.012357473373413086,0,True,73,33,True,93,32,0.86119145154953,108.10455322265625,-76954840.96994117,2025-11-20 20:22:32
er_32768_1_2.txt,erdos_renyi_10ins_m20,51,SpecAnn,0.8603240554087516,1.0,-8710256.0,-6547700.0,0.012310266494750977,0,True,73,33,True,94,32,0.8578508496284485,104.87420654296875,-74365708.91420706,2025-11-20 20:22:32
er_32768_1_2.txt,erdos_renyi_10ins_m20,51,SpecAnn,0.86488814078064,1.0,-8742760.0,-6680248.0,0.01229095458984375,0,True,73,33,True,95,32,0.8543897271156311,101.7577896118164,-71864751.98241867,2025-11-20 20:22:32
er_32768_1_2.txt,erdos_renyi_10ins_m20,51,SpecAnn,0.8694282672026621,1.0,-8759320.0,-6808223.999999999,0.012372255325317383,0,True,73,33,True,96,32,0.8508001565933228,98.75053405761719,-69447923.16783813,2025-11-20 20:22:32
er_32768_1_2.txt,erdos_renyi_10ins_m20,51,SpecAnn,0.8739448080737451,1.0,-8751542.000000002,-6923586.0,0.023673057556152344,0,True,73,65,True,97,32,0.8470730185508728,95.8480224609375,-67111393.10548824,2025-11-20 20:22:32
er_32768_1_2.txt,erdos_renyi_10ins_m20,51,SpecAnn,0.878438127193422,1.0,-8783478.0,-7043180.000000001,0.023848295211791992,0,True,73,65,True,98,32,0.8431987166404724,93.04605102539062,-64851515.7802215,2025-11-20 20:22:32
er_32768_1_2.txt,erdos_renyi_10ins_m20,51,SpecAnn,0.8829085791038153,1.0,-8811450.0,-7181918.000000002,0.0237271785736084,0,True,73,65,True,99,32,0.8391660451889038,90.34050750732422,-62664658.5184858,2025-11-20 20:22:32
er_32768_1_2.txt,erdos_renyi_10ins_m20,51,SpecAnn,0.8873565094161138,1.0,-8818318.0,-7350432.0,0.02379775047302246,0,True,73,65,True,100,32,0.8349614143371582,87.72758483886719,-60547306.50100259,2025-11-20 20:22:32
er_32768_1_2.txt,erdos_renyi_10ins_m20,51,SpecAnn,0.8917822551223932,1.0,-8849359.999999998,-7475889.999999999,0.023546934127807617,0,True,73,65,True,101,32,0.8305670022964478,85.20359802246094,-58495823.09177826,2025-11-20 20:22:33
er_32768_1_2.txt,erdos_renyi_10ins_m20,51,SpecAnn,0.8961861448935777,1.0,-8867486.000000002,-7614398.000000001,0.03473854064941406,0,True,73,97,True,102,32,0.8259568810462952,82.76504516601562,-56506262.227659434,2025-11-20 20:22:33
er_32768_1_2.txt,erdos_renyi_10ins_m20,51,SpecAnn,0.9005684993642872,1.0,-8890170.000000002,-7737466.000000001,0.05710935592651367,0,True,73,161,True,103,32,0.821094274520874,80.40859985351562,-54574249.520911746,2025-11-20 20:22:33
er_32768_1_2.txt,erdos_renyi_10ins_m20,51,SpecAnn,0.9049296314052687,1.0,-8878508.0,-7772110.000000002,0.05737948417663574,0,True,73,161,True,104,32,0.8159639239311218,78.1310043334961,-52697087.5401445,2025-11-20 20:22:33
er_32768_1_2.txt,erdos_renyi_10ins_m20,51,SpecAnn,0.9092698463840683,1.0,-8855520.0,-7726077.999999999,0.06908297538757324,0,True,73,193,True,105,32,0.8106146454811096,75.92924499511719,-50876330.037699625,2025-11-20 20:22:33
er_32768_1_2.txt,erdos_renyi_10ins_m20,51,SpecAnn,0.9135894424145555,1.0,-8881720.0,-7701736.0,0.08006906509399414,0,True,73,225,True,106,32,0.8050968050956726,73.8004150390625,-49113304.515724294,2025-11-20 20:22:33
er_32768_1_2.txt,erdos_renyi_10ins_m20,51,SpecAnn,0.9178887105958816,1.0,-8869462.0,-7682206.0,0.05735039710998535,0,True,73,161,True,107,32,0.7994316816329956,71.7416763305664,-47407289.38040436,2025-11-20 20:22:33
er_32768_1_2.txt,erdos_renyi_10ins_m20,51,SpecAnn,0.9221679352414079,1.0,-8858512.0,-7688673.999999999,0.04616355895996094,0,True,73,129,True,108,32,0.7936232686042786,69.75038146972656,-45756545.43394082,2025-11-20 20:22:33
er_32768_1_2.txt,erdos_renyi_10ins_m20,51,SpecAnn,0.9264273940981199,1.0,-8848494.000000002,-7693336.0,0.05788826942443848,0,True,73,161,True,109,32,0.7876720428466797,67.82403564453125,-44159211.20209912,2025-11-20 20:22:33
er_32768_1_2.txt,erdos_renyi_10ins_m20,51,SpecAnn,0.9306673585570006,1.0,-8863998.0,-7690954.000000001,0.04630565643310547,0,True,73,129,True,110,32,0.7815758585929871,65.96012878417969,-42613271.77089848,2025-11-20 20:22:33
er_32768_1_2.txt,erdos_renyi_10ins_m20,51,SpecAnn,0.9348880938548185,1.0,-8840334.0,-7679159.999999999,0.03478837013244629,0,True,73,97,True,111,32,0.7753317952156067,64.15634155273438,-41116811.93084546,2025-11-20 20:22:33
er_32768_1_2.txt,erdos_renyi_10ins_m20,51,SpecAnn,0.9390898592677527,1.0,-8836734.0,-7679368.000000001,0.03477001190185547,0,True,73,97,True,112,32,0.7689377665519714,62.41045379638672,-39668043.50453609,2025-11-20 20:22:33
er_32768_1_2.txt,erdos_renyi_10ins_m20,51,SpecAnn,0.9432729082972536,1.0,-8842854.0,-7679454.0,0.034801483154296875,0,True,73,97,True,113,32,0.762390673160553,60.720314025878906,-38265186.301014766,2025-11-20 20:22:33
er_32768_1_2.txt,erdos_renyi_10ins_m20,51,SpecAnn,0.9474374888485205,1.0,-8834240.000000002,-7677090.000000001,0.03493642807006836,0,True,73,97,True,114,32,0.755687415599823,59.083885192871094,-36906552.94053983,2025-11-20 20:22:33
er_32768_1_2.txt,erdos_renyi_10ins_m20,51,SpecAnn,0.9515838434019475,1.0,-8838312.0,-7676532.0,0.0237734317779541,0,True,73,65,True,115,32,0.7488245964050293,57.499176025390625,-35590490.29155442,2025-11-20 20:22:33
er_32768_1_2.txt,erdos_renyi_10ins_m20,51,SpecAnn,0.9557122091778746,1.0,-8840786.000000002,-7679910.000000001,0.035013437271118164,0,True,73,97,True,116,32,0.7418000102043152,55.964359283447266,-34315522.78070613,2025-11-20 20:22:33
er_32768_1_2.txt,erdos_renyi_10ins_m20,51,SpecAnn,0.9598228182949627,1.0,-8839736.000000002,-7673615.999999999,0.023688077926635742,0,True,73,65,True,117,32,0.7346091270446777,54.477577209472656,-33080064.928168938,2025-11-20 20:22:33
er_32768_1_2.txt,erdos_renyi_10ins_m20,51,SpecAnn,0.9639158979224881,1.0,-8843712.000000002,-7678944.000000001,0.03486514091491699,0,True,73,97,True,118,32,0.7272500991821289,53.037147521972656,-31882781.01209408,2025-11-20 20:22:33
er_32768_1_2.txt,erdos_renyi_10ins_m20,51,SpecAnn,0.9679916704268421,1.0,-8846962.000000002,-7677981.999999999,0.023617982864379883,0,True,73,65,True,119,32,0.7197185754776001,51.641380310058594,-30722234.668285083,2025-11-20 20:22:33
er_32768_1_2.txt,erdos_renyi_10ins_m20,51,SpecAnn,0.9720503535125017,1.0,-8829920.0,-7684078.000000001,0.03491568565368652,0,True,73,97,True,120,32,0.7120110988616943,50.28868103027344,-29597106.63042377,2025-11-20 20:22:33
er_32768_1_2.txt,erdos_renyi_10ins_m20,51,SpecAnn,0.9760921603577252,1.0,-8850660.0,-7676704.0,0.02352142333984375,0,True,73,65,True,121,32,0.7041248083114624,48.97755432128906,-28506177.794445146,2025-11-20 20:22:33
er_32768_1_2.txt,erdos_renyi_10ins_m20,51,SpecAnn,0.9801172997452103,1.0,-8840356.0,-7675986.000000001,0.03526592254638672,0,True,73,97,True,122,32,0.6960559487342834,47.706512451171875,-27448212.47707388,2025-11-20 20:22:33
er_32768_1_2.txt,erdos_renyi_10ins_m20,51,SpecAnn,0.9841259761879442,1.0,-8839094.0,-7669704.000000001,0.02393317222595215,0,True,73,65,True,123,32,0.6878005266189575,46.47417449951172,-26422045.54727177,2025-11-20 20:22:33
er_32768_1_2.txt,erdos_renyi_10ins_m20,51,SpecAnn,0.9881183900504562,1.0,-8847432.0,-7672166.0,0.034744977951049805,0,True,73,97,True,124,32,0.6793550848960876,45.27915954589844,-25426549.94367511,2025-11-20 20:22:33
er_32768_1_2.txt,erdos_renyi_10ins_m20,51,SpecAnn,0.9920947376656813,1.0,-8845848.0,-7676654.0,0.023746013641357422,0,True,73,65,True,125,32,0.6707162261009216,44.120201110839844,-24460681.059543356,2025-11-20 20:22:33
er_32768_1_2.txt,erdos_renyi_10ins_m20,51,SpecAnn,0.9960552114476228,1.0,-8847708.0,-7684280.0,0.03496098518371582,0,True,73,97,True,126,32,0.6618794798851013,42.996055603027344,-23523383.090535086,2025-11-20 20:22:34
er_32768_1_2.txt,erdos_renyi_10ins_m20,51,SpecAnn,1.0,1.0,-8851948.0,-7683224.000000001,0.023624897003173828,0,True,73,65,True,127,32,0.6528418064117432,41.905494689941406,-22613676.661076248,2025-11-20 20:22:34
