instance_name,dataset,seed,solver_name,alpha,beta,energy,raw_energy,time,mode,use_local_search,local_search_iterations,eigsh_iterations,warm_start,alpha_index,precision,lambda1,degree_scale,energy_bound,timestamp
er_524288_1_1.txt,erdos_renyi_10ins_m20,42,SpecAnn,0.0,1.0,-132940154.0,-27046570.0,0.0543611049652099,0,True,51,33,True,0,32,0.9984049797058104,524289.0,-6895317426079.181,2025-11-20 20:35:18
er_524288_1_1.txt,erdos_renyi_10ins_m20,42,SpecAnn,0.0887356509416113,1.0,-133008644.00000004,-27450873.999999978,0.0294060707092285,0,True,51,33,True,1,32,0.9975730776786804,226255.125,-2973171250283.507,2025-11-20 20:35:19
er_524288_1_1.txt,erdos_renyi_10ins_m20,42,SpecAnn,0.1254911610276317,1.0,-132886196.0,-27688419.99999997,0.0292935371398925,0,True,51,33,True,2,32,0.9971120357513428,159755.390625,-2098341931361.941,2025-11-20 20:35:19
er_524288_1_1.txt,erdos_renyi_10ins_m20,42,SpecAnn,0.1536946558735679,1.0,-132870266.00000004,-27892846.0,0.0229134559631347,0,True,51,33,True,3,32,0.9966995120048524,122318.6875,-1605956721102.2146,2025-11-20 20:35:19
er_524288_1_1.txt,erdos_renyi_10ins_m20,42,SpecAnn,0.1774713018832227,1.0,-132967832.0,-28091003.999999985,0.0190727710723876,0,True,51,33,True,4,32,0.996306300163269,97665.4375,-1281771337326.3855,2025-11-20 20:35:19
er_524288_1_1.txt,erdos_renyi_10ins_m20,42,SpecAnn,0.1984189475331362,1.0,-132971658.0,-28298819.99999999,0.0187017917633056,0,True,51,33,True,5,32,0.9959211349487304,80098.890625,-1050819756253.5342,2025-11-20 20:35:19
er_524288_1_1.txt,erdos_renyi_10ins_m20,42,SpecAnn,0.2173570668006655,1.0,-132999152.0,-28477943.99999997,0.0186274051666259,0,True,51,33,True,6,32,0.9955384731292723,66954.34375,-878038552701.4825,2025-11-20 20:35:19
er_524288_1_1.txt,erdos_renyi_10ins_m20,42,SpecAnn,0.2347724648169381,1.0,-133012814.00000004,-28676817.99999999,0.0186545848846435,0,True,51,33,True,7,32,0.9951547980308532,56779.9609375,-744324835249.0137,2025-11-20 20:35:19
er_524288_1_1.txt,erdos_renyi_10ins_m20,42,SpecAnn,0.2509823220552634,1.0,-132803310.0,-28857694.000000007,0.0188021659851074,0,True,51,33,True,8,32,0.9947681427001952,48704.6796875,-638218427258.1119,2025-11-20 20:35:19
er_524288_1_1.txt,erdos_renyi_10ins_m20,42,SpecAnn,0.2662069528248341,1.0,-132959808.0,-29083841.99999999,0.0188097953796386,0,True,51,33,True,9,32,0.9943767786026,42169.58203125,-552366141361.9282,2025-11-20 20:35:19
er_524288_1_1.txt,erdos_renyi_10ins_m20,42,SpecAnn,0.2806067666331568,1.0,-132938154.0,-29306611.999999966,0.0188124179840087,0,True,51,33,True,10,32,0.9939796924591064,36797.72265625,-481809360057.828,2025-11-20 20:35:19
er_524288_1_1.txt,erdos_renyi_10ins_m20,42,SpecAnn,0.2943028597012718,1.0,-133047604.0,-29510746.0,0.0187022686004638,0,True,51,33,True,11,32,0.9935758709907532,32324.943359375,-423073270730.40247,2025-11-20 20:35:19
er_524288_1_1.txt,erdos_renyi_10ins_m20,42,SpecAnn,0.3073893117471359,1.0,-133085330.0,-29710849.99999997,0.0186014175415039,0,True,51,33,True,12,32,0.9931647181510924,28560.27734375,-373646125110.268,2025-11-20 20:35:19
er_524288_1_1.txt,erdos_renyi_10ins_m20,42,SpecAnn,0.3199409394316542,1.0,-132914950.0,-29944342.0,0.0185539722442626,0,True,51,33,True,13,32,0.992745578289032,25362.228515625,-331666915567.20245,2025-11-20 20:35:19
er_524288_1_1.txt,erdos_renyi_10ins_m20,42,SpecAnn,0.3320184038158743,1.0,-133012872.0,-30177347.999999985,0.0186054706573486,0,True,51,33,True,14,32,0.9923179745674132,22623.66796875,-295726780840.1476,2025-11-20 20:35:19
er_524288_1_1.txt,erdos_renyi_10ins_m20,42,SpecAnn,0.3436716983117353,1.0,-133006646.0,-30414743.999999985,0.0186386108398437,0,True,51,33,True,15,32,0.9918813705444336,20262.060546875,-264740339540.9152,2025-11-20 20:35:19
er_524288_1_1.txt,erdos_renyi_10ins_m20,42,SpecAnn,0.3549426037664455,1.0,-132961928.0,-30663546.0,0.018705129623413,0,True,51,33,True,16,32,0.9914352893829346,18212.8359375,-237858528593.14053,2025-11-20 20:35:19
er_524288_1_1.txt,erdos_renyi_10ins_m20,42,SpecAnn,0.3658664615902029,1.0,-132968870.0,-30920839.99999999,0.0186588764190673,0,True,51,33,True,17,32,0.990979552268982,16424.765625,-214407836112.8957,2025-11-20 20:35:19
er_524288_1_1.txt,erdos_renyi_10ins_m20,42,SpecAnn,0.3764734830828951,1.0,-132930856.00000004,-31194538.0,0.0186853408813476,0,True,51,33,True,18,32,0.9905136823654176,14856.7666015625,-193848104622.7596,2025-11-20 20:35:19
er_524288_1_1.txt,erdos_renyi_10ins_m20,42,SpecAnn,0.3867897351437838,1.0,-132997832.00000004,-31447040.00000001,0.0188384056091308,0,True,51,33,True,19,32,0.9900373816490172,13475.5283203125,-175741437045.10812,2025-11-20 20:35:19
er_524288_1_1.txt,erdos_renyi_10ins_m20,42,SpecAnn,0.3968378950662725,1.0,-133013406.0,-31713690.000000022,0.0187759399414062,0,True,51,33,True,20,32,0.9895502924919128,12253.7890625,-159729470099.68286,2025-11-20 20:35:19
er_524288_1_1.txt,erdos_renyi_10ins_m20,42,SpecAnn,0.4066378372811136,1.0,-133105026.0,-31986220.000000022,0.0187549591064453,0,True,51,33,True,21,32,0.9890522360801696,11169.048828125,-145516485793.31458,2025-11-20 20:35:19
er_524288_1_1.txt,erdos_renyi_10ins_m20,42,SpecAnn,0.4162070956347247,1.0,-132957988.0,-32224942.00000001,0.0188097953796386,0,True,51,33,True,22,32,0.9885427355766296,10202.609375,-132856708149.89165,2025-11-20 20:35:19
er_524288_1_1.txt,erdos_renyi_10ins_m20,42,SpecAnn,0.4255612320274539,1.0,-133046660.0,-32491582.000000007,0.0187852382659912,0,True,51,33,True,23,32,0.9880216121673584,9338.810546875,-121544353782.8791,2025-11-20 20:35:19
er_524288_1_1.txt,erdos_renyi_10ins_m20,42,SpecAnn,0.434714133601331,1.0,-133056286.0,-32793112.000000022,0.0188419818878173,0,True,51,33,True,24,32,0.987488567829132,8564.4560546875,-111406015337.99564,2025-11-20 20:35:19
er_524288_1_1.txt,erdos_renyi_10ins_m20,42,SpecAnn,0.4436782547080569,1.0,-132998642.0,-33051823.99999999,0.0188531875610351,0,True,51,33,True,25,32,0.9869433045387268,7868.37255859375,-102294880540.41457,2025-11-20 20:35:19
er_524288_1_1.txt,erdos_renyi_10ins_m20,42,SpecAnn,0.4524648157026343,1.0,-133056916.00000004,-33350648.0,0.0187983512878417,0,True,51,33,True,26,32,0.9863855242729188,7241.037109375,-94085834795.40826,2025-11-20 20:35:19
er_524288_1_1.txt,erdos_renyi_10ins_m20,42,SpecAnn,0.4610839676207039,1.0,-133184440.00000004,-33619984.00000003,0.0188250541687011,0,True,51,33,True,27,32,0.985814929008484,6674.29736328125,-86671781251.24057,2025-11-20 20:35:19
er_524288_1_1.txt,erdos_renyi_10ins_m20,42,SpecAnn,0.4695449296338763,1.0,-133153682.0,-33921346.00000001,0.0188333988189697,0,True,51,33,True,28,32,0.985231339931488,6161.14599609375,-79960683454.86191,2025-11-20 20:35:19
er_524288_1_1.txt,erdos_renyi_10ins_m20,42,SpecAnn,0.4778561045889373,1.0,-133208212.0,-34235599.999999985,0.0187990665435791,0,True,51,33,True,29,32,0.9846343398094176,5695.5263671875,-73872980930.97882,2025-11-20 20:35:19
er_524288_1_1.txt,erdos_renyi_10ins_m20,42,SpecAnn,0.4860251767562508,1.0,-133140316.0,-34537879.99999998,0.0188078880310058,0,True,51,33,True,30,32,0.9840236902236938,5272.1904296875,-68339755686.73073,2025-11-20 20:35:19
er_524288_1_1.txt,erdos_renyi_10ins_m20,42,SpecAnn,0.4940591950252281,1.0,-133052210.0,-34832934.0,0.018648624420166,0,True,51,33,True,31,32,0.9833990335464478,4886.57177734375,-63301039057.179085,2025-11-20 20:35:19
er_524288_1_1.txt,erdos_renyi_10ins_m20,42,SpecAnn,0.5019646441105269,1.0,-133266586.0,-35127959.999999985,0.0186669826507568,0,True,51,33,True,32,32,0.98276025056839,4534.68212890625,-58704475351.7205,2025-11-20 20:35:19
er_524288_1_1.txt,erdos_renyi_10ins_m20,42,SpecAnn,0.5097475058154177,1.0,-133187116.0,-35452713.999999985,0.0186688899993896,0,True,51,33,True,33,32,0.9821069240570068,4213.0244140625,-54504144591.37941,2025-11-20 20:35:19
er_524288_1_1.txt,erdos_renyi_10ins_m20,42,SpecAnn,0.51741331199832,1.0,-133183650.0,-35808689.99999998,0.0188748836517334,0,True,51,33,True,34,32,0.98143869638443,3918.529296875,-50659751469.47357,2025-11-20 20:35:19
er_524288_1_1.txt,erdos_renyi_10ins_m20,42,SpecAnn,0.5249671905758515,1.0,-133069922.0,-36181712.0,0.018770694732666,0,True,51,33,True,35,32,0.9807553887367249,3648.48974609375,-47135770688.18984,2025-11-20 20:35:19
er_524288_1_1.txt,erdos_renyi_10ins_m20,42,SpecAnn,0.5324139056496683,1.0,-133088608.0,-36549041.99999999,0.0188174247741699,0,True,51,33,True,36,32,0.9800565242767334,3400.51318359375,-43900793120.02408,2025-11-20 20:35:19
er_524288_1_1.txt,erdos_renyi_10ins_m20,42,SpecAnn,0.5397578926492556,1.0,-133218600.00000004,-36923439.99999998,0.0188453197479248,0,True,51,33,True,37,32,0.9793418645858764,3172.47900390625,-40926994753.65225,2025-11-20 20:35:19
er_524288_1_1.txt,erdos_renyi_10ins_m20,42,SpecAnn,0.5470032892270364,1.0,-133184256.0,-37305205.99999997,0.0187976360321044,0,True,51,33,True,38,32,0.9786111116409302,2962.507080078125,-38189706341.27882,2025-11-20 20:35:19
er_524288_1_1.txt,erdos_renyi_10ins_m20,42,SpecAnn,0.554153962516942,1.0,-133115032.0,-37716567.99999998,0.0187785625457763,0,True,51,33,True,39,32,0.977863907814026,2768.91650390625,-35666874706.05886,2025-11-20 20:35:19
er_524288_1_1.txt,erdos_renyi_10ins_m20,42,SpecAnn,0.5612135332663137,1.0,-133297536.00000004,-38067141.99999997,0.0187430381774902,0,True,51,33,True,40,32,0.97709983587265,2590.21533203125,-33338924792.49288,2025-11-20 20:35:19
er_524288_1_1.txt,erdos_renyi_10ins_m20,42,SpecAnn,0.5681853972686127,1.0,-133260354.0,-38450271.99999999,0.0186488628387451,0,True,51,33,True,41,32,0.9763185977935792,2425.06494140625,-31188300836.88209,2025-11-20 20:35:19
er_524288_1_1.txt,erdos_renyi_10ins_m20,42,SpecAnn,0.5750727444570146,1.0,-133287344.0,-38879029.99999999,0.0186786651611328,0,True,51,33,True,42,32,0.9755197763442992,2272.2646484375,-29199254892.503624,2025-11-20 20:35:19
er_524288_1_1.txt,erdos_renyi_10ins_m20,42,SpecAnn,0.5818785759635375,1.0,-133299040.0,-39302741.99999999,0.0186891555786132,0,True,51,33,True,43,32,0.974703013896942,2130.740234375,-27357700760.84736,2025-11-20 20:35:19
er_524288_1_1.txt,erdos_renyi_10ins_m20,42,SpecAnn,0.5886057194025436,1.0,-133183776.00000004,-39742154.0,0.0186562538146972,0,True,51,33,True,44,32,0.9738679528236388,1999.5242919921875,-25650954994.58885,2025-11-20 20:35:19
er_524288_1_1.txt,erdos_renyi_10ins_m20,42,SpecAnn,0.5952568425994088,1.0,-133250606.0,-40215052.0,0.0186865329742431,0,True,51,33,True,45,32,0.9730141162872314,1877.7420654296875,-24067548506.43266,2025-11-20 20:35:19
er_524288_1_1.txt,erdos_renyi_10ins_m20,42,SpecAnn,0.6018344659534288,1.0,-133336288.0,-40681764.0,0.0188326835632324,0,True,51,33,True,46,32,0.9721410870552064,1764.6090087890625,-22597196915.835583,2025-11-20 20:35:19
er_524288_1_1.txt,erdos_renyi_10ins_m20,42,SpecAnn,0.6083409735974393,1.0,-133349378.0,-41160866.00000003,0.0187923908233642,0,True,51,33,True,47,32,0.9712485671043396,1659.41259765625,-21230565056.33852,2025-11-20 20:35:19
er_524288_1_1.txt,erdos_renyi_10ins_m20,42,SpecAnn,0.6147786234942719,1.0,-133261340.0,-41604160.00000002,0.0187795162200927,0,True,51,33,True,48,32,0.9703359007835388,1561.5078125,-19959195889.33314,2025-11-20 20:35:19
er_524288_1_1.txt,erdos_renyi_10ins_m20,42,SpecAnn,0.6211495565912796,1.0,-133283756.0,-42032794.00000001,0.0188078880310058,0,True,51,33,True,49,32,0.9694029092788696,1470.311767578125,-18775457626.97372,2025-11-20 20:35:19
er_524288_1_1.txt,erdos_renyi_10ins_m20,42,SpecAnn,0.6274558051381586,1.0,-133479842.0,-42505314.0,0.0188391208648681,0,True,51,33,True,50,32,0.9684487581253052,1385.2923583984375,-17672372800.284092,2025-11-20 20:35:19
er_524288_1_1.txt,erdos_renyi_10ins_m20,42,SpecAnn,0.6336993002596786,1.0,-133434112.0,-42987292.00000004,0.0189228057861328,0,True,51,33,True,51,32,0.9674732089042664,1305.968505859375,-16643644487.310837,2025-11-20 20:35:19
er_524288_1_1.txt,erdos_renyi_10ins_m20,42,SpecAnn,0.6398818788633085,1.0,-133272014.0,-43490978.00000004,0.0192806720733642,0,True,51,33,True,52,32,0.9664756059646606,1231.900146484375,-15683507032.170122,2025-11-20 20:35:19
er_524288_1_1.txt,erdos_renyi_10ins_m20,42,SpecAnn,0.6460052899517691,1.0,-133387866.0,-43990358.00000001,0.0192785263061523,0,True,51,33,True,53,32,0.9654554724693298,1162.6861572265625,-14786709123.545942,2025-11-20 20:35:20
er_524288_1_1.txt,erdos_renyi_10ins_m20,42,SpecAnn,0.6520712004019966,1.0,-133395914.0,-44511084.00000001,0.0191571712493896,0,True,51,33,True,54,32,0.964412271976471,1097.9617919921875,-13948475203.54276,2025-11-20 20:35:20
er_524288_1_1.txt,erdos_renyi_10ins_m20,42,SpecAnn,0.6580812002646271,1.0,-133459052.0,-45011221.99999999,0.0188906192779541,0,True,51,33,True,55,32,0.9633454084396362,1037.39208984375,-13164420411.30086,2025-11-20 20:35:20
er_524288_1_1.txt,erdos_renyi_10ins_m20,42,SpecAnn,0.6640368076317485,1.0,-133404536.0,-45595281.99999999,0.0187182426452636,0,True,51,33,True,56,32,0.9622542262077332,980.6712036132812,-12430540972.124008,2025-11-20 20:35:20
er_524288_1_1.txt,erdos_renyi_10ins_m20,42,SpecAnn,0.6699394731151429,1.0,-133622864.0,-46164628.0,0.0186734199523925,0,True,51,33,True,57,32,0.9611380696296692,927.5194091796876,-11743175873.573296,2025-11-20 20:35:20
er_524288_1_1.txt,erdos_renyi_10ins_m20,42,SpecAnn,0.6757905839724513,1.0,-133592424.0,-46717592.00000001,0.0186717510223388,0,True,51,33,True,58,32,0.959996461868286,877.6788940429688,-11098954385.216686,2025-11-20 20:35:20
er_524288_1_1.txt,erdos_renyi_10ins_m20,42,SpecAnn,0.6815914679145113,1.0,-133363760.0,-47360684.000000015,0.0187196731567382,0,True,51,33,True,59,32,0.9588285088539124,830.9147338867188,-10494800268.672035,2025-11-20 20:35:20
er_524288_1_1.txt,erdos_renyi_10ins_m20,42,SpecAnn,0.6873433966234707,1.0,-133701400.0,-47995306.00000001,0.0188202857971191,0,True,51,33,True,60,32,0.9576336145401,787.0089721679688,-9927864587.783745,2025-11-20 20:35:20
er_524288_1_1.txt,erdos_renyi_10ins_m20,42,SpecAnn,0.6930475890080863,1.0,-133585584.0,-48598343.99999999,0.0188674926757812,0,True,51,33,True,61,32,0.9564108848571776,745.76318359375,-9395550453.198605,2025-11-20 20:35:20
er_524288_1_1.txt,erdos_renyi_10ins_m20,42,SpecAnn,0.6987052142198116,1.0,-133634334.00000004,-49265445.99999999,0.0188379287719726,0,True,51,33,True,62,32,0.955159604549408,706.9928588867188,-8895446530.20657,2025-11-20 20:35:20
er_524288_1_1.txt,erdos_renyi_10ins_m20,42,SpecAnn,0.7043173944508145,1.0,-133642320.00000004,-49915174.00000001,0.018808364868164,0,True,51,33,True,63,32,0.953879177570343,670.52880859375,-8425342985.436535,2025-11-20 20:35:20
er_524288_1_1.txt,erdos_renyi_10ins_m20,42,SpecAnn,0.709885207532891,1.0,-133709314.0,-50597060.000000015,0.0188279151916503,0,True,51,33,True,64,32,0.952568292617798,636.2152099609375,-7983198872.022986,2025-11-20 20:35:20
er_524288_1_1.txt,erdos_renyi_10ins_m20,42,SpecAnn,0.7154096893543218,1.0,-133660914.0,-51303644.00000004,0.0188260078430175,0,True,51,33,True,65,32,0.9512263536453248,603.9072875976562,-7567125271.163126,2025-11-20 20:35:20
er_524288_1_1.txt,erdos_renyi_10ins_m20,42,SpecAnn,0.7208918361100219,1.0,-133639826.0,-52006726.000000015,0.0188510417938232,0,True,51,33,True,66,32,0.9498522877693176,573.4722900390625,-7175386351.5380745,2025-11-20 20:35:20
er_524288_1_1.txt,erdos_renyi_10ins_m20,42,SpecAnn,0.7263326063988248,1.0,-133714100.0,-52783472.000000015,0.0188226699829101,0,True,51,33,True,67,32,0.9484450221061708,544.7867431640625,-6806368710.07489,2025-11-20 20:35:20
er_524288_1_1.txt,erdos_renyi_10ins_m20,42,SpecAnn,0.7317329231804058,1.0,-133798390.0,-53577999.99999999,0.0190045833587646,0,True,51,33,True,68,32,0.9470036029815674,517.736572265625,-6458583142.769757,2025-11-20 20:35:20
er_524288_1_1.txt,erdos_renyi_10ins_m20,42,SpecAnn,0.7370936756031579,1.0,-133690768.00000004,-54360794.0,0.0190293788909912,0,True,51,33,True,69,32,0.945526957511902,492.2157897949219,-6130645949.924266,2025-11-20 20:35:20
er_524288_1_1.txt,erdos_renyi_10ins_m20,42,SpecAnn,0.7424157207132704,1.0,-133848690.00000004,-55153170.00000001,0.0188860893249511,0,True,51,33,True,70,32,0.9440137147903442,468.1268310546875,-5821281713.483286,2025-11-20 20:35:20
er_524288_1_1.txt,erdos_renyi_10ins_m20,42,SpecAnn,0.7476998850543153,1.0,-133759966.00000004,-55979246.0,0.0187196731567382,0,True,51,33,True,71,32,0.9424626231193542,445.3787231445313,-5529302889.728006,2025-11-20 20:35:20
er_524288_1_1.txt,erdos_renyi_10ins_m20,42,SpecAnn,0.7529469661657903,1.0,-133921614.00000006,-56853186.00000002,0.0186743736267089,0,True,51,33,True,72,32,0.940872609615326,423.88665771484375,-5253604216.953461,2025-11-20 20:35:20
er_524288_1_1.txt,erdos_renyi_10ins_m20,42,SpecAnn,0.7581577339883167,1.0,-133861230.0,-57707778.000000015,0.0186700820922851,0,True,51,33,True,73,32,0.9392420053482056,403.5726013183594,-4993165493.904864,2025-11-20 20:35:20
er_524288_1_1.txt,erdos_renyi_10ins_m20,42,SpecAnn,0.7633329321824984,1.0,-133967696.0,-58526613.99999999,0.0186731815338134,0,True,51,33,True,74,32,0.9375693202018738,384.3635864257813,-4747034674.07427,2025-11-20 20:35:20
er_524288_1_1.txt,erdos_renyi_10ins_m20,42,SpecAnn,0.7684732793678399,1.0,-134008840.00000004,-59395816.0,0.0186603069305419,0,True,51,33,True,75,32,0.935853123664856,366.1915283203125,-4514324421.955087,2025-11-20 20:35:20
er_524288_1_1.txt,erdos_renyi_10ins_m20,42,SpecAnn,0.7735794702875677,1.0,-133951623.99999996,-60301430.00000003,0.0187325477600097,0,True,51,33,True,76,32,0.9340916872024536,348.9933776855469,-4294211914.413333,2025-11-20 20:35:20
er_524288_1_1.txt,erdos_renyi_10ins_m20,42,SpecAnn,0.7786521769046981,1.0,-134117760.00000004,-61321394.0,0.0188326835632324,0,True,51,33,True,77,32,0.9322829842567444,332.7103881835937,-4085929773.812108,2025-11-20 20:35:20
er_524288_1_1.txt,erdos_renyi_10ins_m20,42,SpecAnn,0.7836920494342511,1.0,-134160506.0,-62345842.0,0.0188515186309814,0,True,51,33,True,78,32,0.9304255247116088,317.28765869140625,-3888763889.9671736,2025-11-20 20:35:20
er_524288_1_1.txt,erdos_renyi_10ins_m20,42,SpecAnn,0.788699717316095,1.0,-134223174.00000003,-63409096.00000002,0.018834114074707,0,True,51,33,True,79,32,0.928516924381256,302.6739807128906,-3702044987.567149,2025-11-20 20:35:20
er_524288_1_1.txt,erdos_renyi_10ins_m20,42,SpecAnn,0.7936757901325451,1.0,-134164612.00000004,-64433694.0,0.0188128948211669,0,True,51,33,True,80,32,0.9265550971031188,288.82177734375,-3525152950.3111854,2025-11-20 20:35:20
er_524288_1_1.txt,erdos_renyi_10ins_m20,42,SpecAnn,0.7986208584745024,1.0,-134148058.0,-65583241.99999998,0.0188031196594238,0,True,51,33,True,81,32,0.924537718296051,275.6860656738281,-3357501602.632851,2025-11-20 20:35:20
er_524288_1_1.txt,erdos_renyi_10ins_m20,42,SpecAnn,0.803535494759617,1.0,-134340884.0,-66734655.99999999,0.0188627243041992,0,True,51,33,True,82,32,0.922462284564972,263.2255249023437,-3198551874.092316,2025-11-20 20:35:20
er_524288_1_1.txt,erdos_renyi_10ins_m20,42,SpecAnn,0.8084202540056837,1.0,-134558512.0,-67975960.0,0.0187859535217285,0,True,51,33,True,83,32,0.9203261137008668,251.4011688232422,-3047795453.321936,2025-11-20 20:35:20
er_524288_1_1.txt,erdos_renyi_10ins_m20,42,SpecAnn,0.8132756745622272,1.0,-134393246.0,-69220598.0,0.0188164710998535,0,True,51,33,True,84,32,0.9181262850761414,240.17628479003903,-2904753762.311611,2025-11-20 20:35:20
er_524288_1_1.txt,erdos_renyi_10ins_m20,42,SpecAnn,0.8181022788030096,1.0,-134483848.00000003,-70505696.00000003,0.0188817977905273,0,True,51,33,True,85,32,0.9158597588539124,229.5170288085937,-2768985425.292757,2025-11-20 20:35:20
er_524288_1_1.txt,erdos_renyi_10ins_m20,42,SpecAnn,0.822900573781978,1.0,-134584472.0,-71874584.0,0.0187263488769531,0,True,51,33,True,86,32,0.9135231375694276,219.391357421875,-2640072455.9053884,2025-11-20 20:35:20
er_524288_1_1.txt,erdos_renyi_10ins_m20,42,SpecAnn,0.8276710518549868,1.0,-134651356.0,-73289124.00000003,0.0186314582824707,0,True,51,33,True,87,32,0.9111128449440002,209.7694091796875,-2517625355.0244174,2025-11-20 20:35:20
er_524288_1_1.txt,erdos_renyi_10ins_m20,42,SpecAnn,0.8324141912694495,1.0,-134863670.0,-74793656.00000001,0.0186400413513183,0,True,51,33,True,88,32,0.9086248874664308,200.6229705810547,-2401275910.1939764,2025-11-20 20:35:20
er_524288_1_1.txt,erdos_renyi_10ins_m20,42,SpecAnn,0.8371304567239225,1.0,-134829218.00000003,-76386194.00000004,0.0186390876770019,0,True,51,33,True,89,32,0.906055212020874,191.92599487304688,-2290684318.569713,2025-11-20 20:35:20
er_524288_1_1.txt,erdos_renyi_10ins_m20,42,SpecAnn,0.8418202998994706,1.0,-134874564.00000003,-77958596.00000001,0.0188016891479492,0,True,51,33,True,90,32,0.9033989906311036,183.6534576416016,-2185523544.656637,2025-11-20 20:35:20
er_524288_1_1.txt,erdos_renyi_10ins_m20,42,SpecAnn,0.846484159964536,1.0,-135057844.00000003,-79599175.99999999,0.018808364868164,0,True,51,33,True,91,32,0.9006513357162476,175.7823944091797,-2085493557.8441312,2025-11-20 20:35:20
er_524288_1_1.txt,erdos_renyi_10ins_m20,42,SpecAnn,0.8511224640549078,1.0,-135254300.00000003,-81355894.00000003,0.0188431739807128,0,True,51,33,True,92,32,0.8978068828582764,168.2911376953125,-1990311059.325914,2025-11-20 20:35:20
er_524288_1_1.txt,erdos_renyi_10ins_m20,42,SpecAnn,0.8557356277302758,1.0,-135368120.00000003,-83195754.0,0.0188155174255371,0,True,51,33,True,93,32,0.8948595523834229,161.1589813232422,-1899705024.1692512,2025-11-20 20:35:20
er_524288_1_1.txt,erdos_renyi_10ins_m20,42,SpecAnn,0.8603240554087516,1.0,-135606384.0,-85135664.00000004,0.0188369750976562,0,True,51,33,True,94,32,0.8918027877807617,154.36676025390625,-1813424147.561198,2025-11-20 20:35:20
er_524288_1_1.txt,erdos_renyi_10ins_m20,42,SpecAnn,0.86488814078064,1.0,-135635830.00000003,-87104212.0,0.0187799930572509,0,True,51,33,True,95,32,0.8886297345161438,147.89657592773438,-1731233868.9972544,2025-11-20 20:35:20
er_524288_1_1.txt,erdos_renyi_10ins_m20,42,SpecAnn,0.8694282672026621,1.0,-135852066.0,-89189830.00000001,0.0188112258911132,0,True,51,33,True,96,32,0.8853323459625244,141.73121643066406,-1652907786.236178,2025-11-20 20:35:20
er_524288_1_1.txt,erdos_renyi_10ins_m20,42,SpecAnn,0.8739448080737451,1.0,-136063314.0,-91309506.0,0.0187995433807373,0,True,51,33,True,97,32,0.8819020390510559,135.85476684570312,-1578236225.1954062,2025-11-20 20:35:20
er_524288_1_1.txt,erdos_renyi_10ins_m20,42,SpecAnn,0.878438127193422,1.0,-136192156.00000003,-93488668.0,0.018803596496582,0,True,51,33,True,98,32,0.8783293962478638,130.25213623046875,-1507020125.7220128,2025-11-20 20:35:20
er_524288_1_1.txt,erdos_renyi_10ins_m20,42,SpecAnn,0.8829085791038153,1.0,-136477034.0,-95668762.00000004,0.0189282894134521,0,True,51,33,True,99,32,0.8746037483215332,124.90907287597656,-1439070592.5479045,2025-11-20 20:35:20
er_524288_1_1.txt,erdos_renyi_10ins_m20,42,SpecAnn,0.8873565094161138,1.0,-136610332.0,-98055926.0,0.0189828872680664,0,True,51,33,True,100,32,0.870713472366333,119.81222534179688,-1374210233.1076713,2025-11-20 20:35:20
er_524288_1_1.txt,erdos_renyi_10ins_m20,42,SpecAnn,0.8917822551223932,1.0,-136931292.00000003,-100410242.0,0.0188369750976562,0,True,51,33,True,101,32,0.8666455149650574,114.948974609375,-1312270526.3324647,2025-11-20 20:35:20
er_524288_1_1.txt,erdos_renyi_10ins_m20,42,SpecAnn,0.8961861448935777,1.0,-137211710.0,-102916014.00000004,0.0188028812408447,0,True,51,33,True,102,32,0.862385630607605,110.3074188232422,-1253092160.8446858,2025-11-20 20:35:20
er_524288_1_1.txt,erdos_renyi_10ins_m20,42,SpecAnn,0.9005684993642872,1.0,-137581104.00000003,-105491464.0,0.0188174247741699,0,True,51,33,True,103,32,0.8579174280166626,105.87635803222656,-1196523584.9480083,2025-11-20 20:35:20
er_524288_1_1.txt,erdos_renyi_10ins_m20,42,SpecAnn,0.9049296314052688,1.0,-137898704.0,-108052456.0,0.0188105106353759,0,True,51,33,True,104,32,0.8532227277755737,101.64509582519533,-1142419544.532375,2025-11-20 20:35:20
er_524288_1_1.txt,erdos_renyi_10ins_m20,42,SpecAnn,0.9092698463840684,1.0,-138284606.0,-110677460.0,0.0188198089599609,0,True,51,33,True,105,32,0.8482814431190491,97.60368347167967,-1090643847.2739074,2025-11-20 20:35:20
er_524288_1_1.txt,erdos_renyi_10ins_m20,42,SpecAnn,0.9135894424145556,1.0,-138715876.0,-113428094.0,0.0361025333404541,0,True,51,65,True,106,32,0.8430702686309814,93.7427215576172,-1041065635.536908,2025-11-20 20:35:21
er_524288_1_1.txt,erdos_renyi_10ins_m20,42,SpecAnn,0.9178887105958816,1.0,-139288744.0,-116001356.0,0.0364444255828857,0,True,51,65,True,107,32,0.8375635743141174,90.05316162109375,-993558688.8650876,2025-11-20 20:35:21
er_524288_1_1.txt,erdos_renyi_10ins_m20,42,SpecAnn,0.922167935241408,1.0,-139796186.00000003,-118538518.00000004,0.0365283489227294,0,True,51,65,True,108,32,0.8317316770553589,86.52660369873047,-948002928.2714498,2025-11-20 20:35:21
er_524288_1_1.txt,erdos_renyi_10ins_m20,42,SpecAnn,0.92642739409812,1.0,-140197328.0,-120928230.0,0.0533890724182128,0,True,51,97,True,109,32,0.8255409002304077,83.1551513671875,-904283345.5088792,2025-11-20 20:35:21
er_524288_1_1.txt,erdos_renyi_10ins_m20,42,SpecAnn,0.9306673585570006,1.0,-140681856.00000003,-123036578.0,0.0534076690673828,0,True,51,97,True,110,32,0.8189518451690674,79.93110656738281,-862285276.1996844,2025-11-20 20:35:21
er_524288_1_1.txt,erdos_renyi_10ins_m20,42,SpecAnn,0.9348880938548184,1.0,-140944424.00000003,-124676786.0,0.123591661453247,0,True,51,225,True,111,32,0.8119173049926758,76.84742736816406,-821897974.92499,2025-11-20 20:35:21
er_524288_1_1.txt,erdos_renyi_10ins_m20,42,SpecAnn,0.9390898592677528,1.0,-140740864.00000003,-124137150.00000004,0.260829210281372,0,True,51,481,True,112,32,0.8044083714485168,73.89730072021484,-783036372.8500375,2025-11-20 20:35:21
er_524288_1_1.txt,erdos_renyi_10ins_m20,42,SpecAnn,0.9432729082972536,1.0,-140367976.0,-122969292.0,0.3146326541900635,0,True,51,577,True,113,32,0.7965328693389893,71.07435607910156,-745750262.5744638,2025-11-20 20:35:21
er_524288_1_1.txt,erdos_renyi_10ins_m20,42,SpecAnn,0.9474374888485204,1.0,-140221474.0,-122655770.0,0.0878276824951171,0,True,51,161,True,114,32,0.7883652448654175,68.37250518798828,-710044785.4035088,2025-11-20 20:35:21
er_524288_1_1.txt,erdos_renyi_10ins_m20,42,SpecAnn,0.9515838434019476,1.0,-140209408.00000003,-122486836.0,0.1056745052337646,0,True,51,193,True,115,32,0.7799058556556702,65.78598022460938,-675853100.6319045,2025-11-20 20:35:22
er_524288_1_1.txt,erdos_renyi_10ins_m20,42,SpecAnn,0.9557122091778746,1.0,-140155476.0,-122407870.0,0.0536639690399169,0,True,51,97,True,116,32,0.7711465358734131,63.309417724609375,-643105184.1660837,2025-11-20 20:35:22
er_524288_1_1.txt,erdos_renyi_10ins_m20,42,SpecAnn,0.9598228182949629,1.0,-140135114.00000003,-122373344.00000004,0.0541112422943115,0,True,51,97,True,117,32,0.7620775103569031,60.93757629394531,-611731862.2452792,2025-11-20 20:35:22
er_524288_1_1.txt,erdos_renyi_10ins_m20,42,SpecAnn,0.963915897922488,1.0,-140174426.00000003,-122348994.0,0.0532624721527099,0,True,51,97,True,118,32,0.7526901364326477,58.66562271118164,-581670031.7747698,2025-11-20 20:35:22
er_524288_1_1.txt,erdos_renyi_10ins_m20,42,SpecAnn,0.967991670426842,1.0,-140227372.00000003,-122300698.0,0.0537035465240478,0,True,51,97,True,119,32,0.7429736852645874,56.48887634277344,-552857426.0008078,2025-11-20 20:35:22
er_524288_1_1.txt,erdos_renyi_10ins_m20,42,SpecAnn,0.9720503535125016,1.0,-140173222.00000003,-122273096.0,0.0538289546966552,0,True,51,97,True,120,32,0.7329177856445312,54.40290832519531,-525235603.4687372,2025-11-20 20:35:22
er_524288_1_1.txt,erdos_renyi_10ins_m20,42,SpecAnn,0.9760921603577252,1.0,-140202306.0,-122243242.0,0.0358936786651611,0,True,51,65,True,121,32,0.7225126624107361,52.403602600097656,-498750548.7978656,2025-11-20 20:35:22
er_524288_1_1.txt,erdos_renyi_10ins_m20,42,SpecAnn,0.9801172997452104,1.0,-140170826.0,-122214316.0,0.0359957218170166,0,True,51,65,True,122,32,0.7117469310760498,50.48694610595703,-473349021.9195756,2025-11-20 20:35:22
er_524288_1_1.txt,erdos_renyi_10ins_m20,42,SpecAnn,0.9841259761879442,1.0,-140187502.00000003,-122175734.00000004,0.0537364482879638,0,True,51,97,True,123,32,0.7006096243858337,48.64919662475586,-448981608.1780584,2025-11-20 20:35:22
er_524288_1_1.txt,erdos_renyi_10ins_m20,42,SpecAnn,0.9881183900504562,1.0,-140152358.00000003,-122148614.0,0.0362095832824707,0,True,51,65,True,124,32,0.6890894770622253,46.886749267578125,-425600883.37890416,2025-11-20 20:35:22
er_524288_1_1.txt,erdos_renyi_10ins_m20,42,SpecAnn,0.9920947376656812,1.0,-140111774.00000003,-122140186.0,0.0530896186828613,0,True,51,97,True,125,32,0.6771742105484009,45.19621658325195,-403161702.5532732,2025-11-20 20:35:22
er_524288_1_1.txt,erdos_renyi_10ins_m20,42,SpecAnn,0.9960552114476228,1.0,-140134416.0,-122125948.0,0.0535628795623779,0,True,51,97,True,126,32,0.6648523807525635,43.57438659667969,-381621900.2616095,2025-11-20 20:35:22
er_524288_1_1.txt,erdos_renyi_10ins_m20,42,SpecAnn,1.0,1.0,-140151052.0,-122125292.0,0.0364537239074707,0,True,51,65,True,127,32,0.6521111130714417,42.01813507080078,-360940115.9340254,2025-11-20 20:35:22
er_524288_1_1.txt,erdos_renyi_10ins_m20,43,SpecAnn,0.0,1.0,-133058016.0,-27047260.0,0.0340943336486816,0,True,48,33,True,0,32,0.9984049797058104,524289.0,-6895315332268.187,2025-11-20 20:35:26
er_524288_1_1.txt,erdos_renyi_10ins_m20,43,SpecAnn,0.0887356509416113,1.0,-133072271.99999996,-27450874.0,0.0183136463165283,0,True,48,33,True,1,32,0.9975730776786804,226255.125,-2973170347459.4214,2025-11-20 20:35:26
er_524288_1_1.txt,erdos_renyi_10ins_m20,43,SpecAnn,0.1254911610276317,1.0,-133067102.0,-27688420.000000007,0.0183732509613037,0,True,48,33,True,2,32,0.997111976146698,159755.40625,-2098341373982.6028,2025-11-20 20:35:26
er_524288_1_1.txt,erdos_renyi_10ins_m20,43,SpecAnn,0.1536946558735679,1.0,-132879907.99999996,-27892846.0,0.0186901092529296,0,True,48,33,True,3,32,0.9966995120048524,122318.6875,-1605956233442.31,2025-11-20 20:35:26
er_524288_1_1.txt,erdos_renyi_10ins_m20,43,SpecAnn,0.1774713018832227,1.0,-133002322.0,-28091004.00000004,0.0188426971435546,0,True,48,33,True,4,32,0.996306300163269,97665.4375,-1281770948107.6228,2025-11-20 20:35:26
er_524288_1_1.txt,erdos_renyi_10ins_m20,43,SpecAnn,0.1984189475331362,1.0,-132886706.0,-28298820.000000004,0.0189242362976074,0,True,48,33,True,5,32,0.9959211349487304,80098.8984375,-1050819539657.2134,2025-11-20 20:35:26
er_524288_1_1.txt,erdos_renyi_10ins_m20,43,SpecAnn,0.2173570668006655,1.0,-132984744.0,-28477943.99999999,0.0189013481140136,0,True,48,33,True,6,32,0.9955384135246276,66954.3515625,-878038335962.2854,2025-11-20 20:35:26
er_524288_1_1.txt,erdos_renyi_10ins_m20,43,SpecAnn,0.2347724648169381,1.0,-132880299.99999996,-28676818.000000022,0.0189816951751709,0,True,48,33,True,7,32,0.9951547980308532,56779.96484375,-744324660436.3745,2025-11-20 20:35:26
er_524288_1_1.txt,erdos_renyi_10ins_m20,43,SpecAnn,0.2509823220552634,1.0,-132968584.0,-28857693.99999998,0.0189263820648193,0,True,48,33,True,8,32,0.9947681427001952,48704.6875,-638218335832.3915,2025-11-20 20:35:26
er_524288_1_1.txt,erdos_renyi_10ins_m20,43,SpecAnn,0.2662069528248341,1.0,-133033270.0,-29083842.000000004,0.0188057422637939,0,True,48,33,True,9,32,0.9943767786026,42169.58203125,-552365973632.1157,2025-11-20 20:35:26
er_524288_1_1.txt,erdos_renyi_10ins_m20,43,SpecAnn,0.2806067666331568,1.0,-133004118.0,-29306612.000000004,0.0189452171325683,0,True,48,33,True,10,32,0.9939796328544616,36797.7265625,-481809236007.3597,2025-11-20 20:35:26
er_524288_1_1.txt,erdos_renyi_10ins_m20,43,SpecAnn,0.2943028597012718,1.0,-132962412.0,-29510746.0,0.0189826488494873,0,True,48,33,True,11,32,0.993575930595398,32324.9453125,-423073193204.1976,2025-11-20 20:35:26
er_524288_1_1.txt,erdos_renyi_10ins_m20,43,SpecAnn,0.3073893117471359,1.0,-132936099.99999996,-29710618.0,0.0188188552856445,0,True,48,33,True,12,32,0.9931647181510924,28560.279296875,-373646037202.2095,2025-11-20 20:35:26
er_524288_1_1.txt,erdos_renyi_10ins_m20,43,SpecAnn,0.3199409394316542,1.0,-132910892.0,-29944342.0,0.0187516212463378,0,True,48,33,True,13,32,0.9927456378936768,25362.23046875,-331666860308.9826,2025-11-20 20:35:26
er_524288_1_1.txt,erdos_renyi_10ins_m20,43,SpecAnn,0.3320184038158743,1.0,-133044264.00000004,-30177348.0,0.0186326503753662,0,True,48,33,True,14,32,0.9923179149627686,22623.66796875,-295726673277.5168,2025-11-20 20:35:26
er_524288_1_1.txt,erdos_renyi_10ins_m20,43,SpecAnn,0.3436716983117353,1.0,-133013498.0,-30414744.000000004,0.0186936855316162,0,True,48,33,True,15,32,0.9918813109397888,20262.0625,-264740268760.92712,2025-11-20 20:35:26
er_524288_1_1.txt,erdos_renyi_10ins_m20,43,SpecAnn,0.3549426037664455,1.0,-133158204.0,-30663546.00000001,0.0187776088714599,0,True,48,33,True,16,32,0.9914352893829346,18212.8359375,-237858456365.74747,2025-11-20 20:35:26
er_524288_1_1.txt,erdos_renyi_10ins_m20,43,SpecAnn,0.3658664615902029,1.0,-133199590.0,-30920840.000000007,0.018817663192749,0,True,48,33,True,17,32,0.990979552268982,16424.767578125,-214407796502.4288,2025-11-20 20:35:26
er_524288_1_1.txt,erdos_renyi_10ins_m20,43,SpecAnn,0.3764734830828951,1.0,-133057540.0,-31194538.00000001,0.0187845230102539,0,True,48,33,True,18,32,0.9905136823654176,14856.767578125,-193848058501.42456,2025-11-20 20:35:26
er_524288_1_1.txt,erdos_renyi_10ins_m20,43,SpecAnn,0.3867897351437838,1.0,-133102436.0,-31447040.000000004,0.0188698768615722,0,True,48,33,True,19,32,0.9900373816490172,13475.5302734375,-175741409151.72144,2025-11-20 20:35:27
er_524288_1_1.txt,erdos_renyi_10ins_m20,43,SpecAnn,0.3968378950662725,1.0,-133060896.0,-31713690.000000007,0.018824815750122,0,True,48,33,True,20,32,0.9895502924919128,12253.791015625,-159729447055.90924,2025-11-20 20:35:27
er_524288_1_1.txt,erdos_renyi_10ins_m20,43,SpecAnn,0.4066378372811136,1.0,-133092770.0,-31986220.000000022,0.018829345703125,0,True,48,33,True,21,32,0.9890522360801696,11169.05078125,-145516467052.59827,2025-11-20 20:35:27
er_524288_1_1.txt,erdos_renyi_10ins_m20,43,SpecAnn,0.4162070956347247,1.0,-133155066.0,-32224942.00000001,0.0188417434692382,0,True,48,33,True,22,32,0.9885427355766296,10202.6103515625,-132856680523.66316,2025-11-20 20:35:27
er_524288_1_1.txt,erdos_renyi_10ins_m20,43,SpecAnn,0.4255612320274539,1.0,-133110810.0,-32491582.000000022,0.0192458629608154,0,True,48,33,True,23,32,0.9880216121673584,9338.8125,-121544342294.95113,2025-11-20 20:35:27
er_524288_1_1.txt,erdos_renyi_10ins_m20,43,SpecAnn,0.434714133601331,1.0,-133156448.0,-32793112.000000004,0.0189635753631591,0,True,48,33,True,24,32,0.987488567829132,8564.45703125,-111405994211.8581,2025-11-20 20:35:27
er_524288_1_1.txt,erdos_renyi_10ins_m20,43,SpecAnn,0.4436782547080569,1.0,-133068710.0,-33051824.000000004,0.0189967155456542,0,True,48,33,True,25,32,0.986943244934082,7868.3740234375,-102294862344.0386,2025-11-20 20:35:27
er_524288_1_1.txt,erdos_renyi_10ins_m20,43,SpecAnn,0.4524648157026343,1.0,-132968612.0,-33350647.99999999,0.0189430713653564,0,True,48,33,True,26,32,0.9863855242729188,7241.0380859375,-94085818914.47418,2025-11-20 20:35:27
er_524288_1_1.txt,erdos_renyi_10ins_m20,43,SpecAnn,0.4610839676207039,1.0,-133076370.0,-33619984.000000015,0.0188691616058349,0,True,48,33,True,27,32,0.985814929008484,6674.29833984375,-86671767614.29515,2025-11-20 20:35:27
er_524288_1_1.txt,erdos_renyi_10ins_m20,43,SpecAnn,0.4695449296338763,1.0,-133135924.0,-33921346.0,0.0188326835632324,0,True,48,33,True,28,32,0.985231339931488,6161.1474609375,-79960678185.2982,2025-11-20 20:35:27
er_524288_1_1.txt,erdos_renyi_10ins_m20,43,SpecAnn,0.4778561045889373,1.0,-132966652.0,-34235600.00000001,0.0187282562255859,0,True,48,33,True,29,32,0.9846343398094176,5695.52685546875,-73872964832.11313,2025-11-20 20:35:27
er_524288_1_1.txt,erdos_renyi_10ins_m20,43,SpecAnn,0.4860251767562508,1.0,-133182060.0,-34537880.00000001,0.0186553001403808,0,True,48,33,True,30,32,0.9840236902236938,5272.19140625,-68339747593.389565,2025-11-20 20:35:27
er_524288_1_1.txt,erdos_renyi_10ins_m20,43,SpecAnn,0.4940591950252281,1.0,-133127295.99999996,-34832933.999999985,0.0187160968780517,0,True,48,33,True,31,32,0.9833990931510924,4886.572265625,-63301029997.34,2025-11-20 20:35:27
er_524288_1_1.txt,erdos_renyi_10ins_m20,43,SpecAnn,0.5019646441105269,1.0,-133086566.0,-35127960.00000001,0.0186624526977539,0,True,48,33,True,32,32,0.98276025056839,4534.68359375,-58704476489.0697,2025-11-20 20:35:27
er_524288_1_1.txt,erdos_renyi_10ins_m20,43,SpecAnn,0.5097475058154177,1.0,-133123079.99999996,-35452713.99999999,0.0186994075775146,0,True,48,33,True,33,32,0.982106864452362,4213.025390625,-54504137366.77203,2025-11-20 20:35:27
er_524288_1_1.txt,erdos_renyi_10ins_m20,43,SpecAnn,0.51741331199832,1.0,-133142950.0,-35808689.999999985,0.0188162326812744,0,True,48,33,True,34,32,0.98143869638443,3918.52978515625,-50659742398.9117,2025-11-20 20:35:27
er_524288_1_1.txt,erdos_renyi_10ins_m20,43,SpecAnn,0.5249671905758515,1.0,-133062287.99999996,-36181711.99999999,0.0188403129577636,0,True,48,33,True,35,32,0.9807553887367249,3648.490234375,-47135762683.31416,2025-11-20 20:35:27
er_524288_1_1.txt,erdos_renyi_10ins_m20,43,SpecAnn,0.5324139056496683,1.0,-133010268.0,-36549042.00000001,0.0188472270965576,0,True,48,33,True,36,32,0.9800565242767334,3400.513671875,-43900786092.976685,2025-11-20 20:35:27
er_524288_1_1.txt,erdos_renyi_10ins_m20,43,SpecAnn,0.5397578926492556,1.0,-133032768.0,-36923440.0,0.0188875198364257,0,True,48,33,True,37,32,0.9793418645858764,3172.479736328125,-40926991774.5909,2025-11-20 20:35:27
er_524288_1_1.txt,erdos_renyi_10ins_m20,43,SpecAnn,0.5470032892270364,1.0,-133152368.0,-37305206.00000002,0.0188329219818115,0,True,48,33,True,38,32,0.9786111116409302,2962.50732421875,-38189697891.92755,2025-11-20 20:35:27
er_524288_1_1.txt,erdos_renyi_10ins_m20,43,SpecAnn,0.554153962516942,1.0,-133218179.99999996,-37716568.00000002,0.0188651084899902,0,True,48,33,True,39,32,0.977863907814026,2768.9169921875,-35666870165.19501,2025-11-20 20:35:27
er_524288_1_1.txt,erdos_renyi_10ins_m20,43,SpecAnn,0.5612135332663137,1.0,-133046621.99999996,-38067326.00000001,0.0189943313598632,0,True,48,33,True,40,32,0.97709983587265,2590.2158203125,-33338920953.612667,2025-11-20 20:35:27
er_524288_1_1.txt,erdos_renyi_10ins_m20,43,SpecAnn,0.5681853972686127,1.0,-133120168.0,-38450271.99999998,0.0189626216888427,0,True,48,33,True,41,32,0.9763185977935792,2425.065185546875,-31188294506.18346,2025-11-20 20:35:27
er_524288_1_1.txt,erdos_renyi_10ins_m20,43,SpecAnn,0.5750727444570146,1.0,-133125804.0,-38879030.0,0.0189442634582519,0,True,48,33,True,42,32,0.9755197763442992,2272.264892578125,-29199249163.22358,2025-11-20 20:35:27
er_524288_1_1.txt,erdos_renyi_10ins_m20,43,SpecAnn,0.5818785759635375,1.0,-133076284.0,-39302741.99999999,0.0189006328582763,0,True,48,33,True,43,32,0.974703013896942,2130.74072265625,-27357698722.79095,2025-11-20 20:35:27
er_524288_1_1.txt,erdos_renyi_10ins_m20,43,SpecAnn,0.5886057194025436,1.0,-133241590.0,-39742154.0,0.0187265872955322,0,True,48,33,True,44,32,0.9738680124282836,1999.5245361328125,-25650951907.404,2025-11-20 20:35:27
er_524288_1_1.txt,erdos_renyi_10ins_m20,43,SpecAnn,0.5952568425994088,1.0,-133327588.0,-40215051.99999997,0.0186498165130615,0,True,48,33,True,45,32,0.9730141162872314,1877.742431640625,-24067545891.98173,2025-11-20 20:35:27
er_524288_1_1.txt,erdos_renyi_10ins_m20,43,SpecAnn,0.6018344659534288,1.0,-133295963.99999996,-40681763.99999998,0.0188815593719482,0,True,48,33,True,46,32,0.9721411466598512,1764.609375,-22597196129.15181,2025-11-20 20:35:27
er_524288_1_1.txt,erdos_renyi_10ins_m20,43,SpecAnn,0.6083409735974393,1.0,-133360725.99999996,-41160865.99999997,0.0191974639892578,0,True,48,33,True,47,32,0.9712485671043396,1659.4127197265625,-21230560171.30016,2025-11-20 20:35:27
er_524288_1_1.txt,erdos_renyi_10ins_m20,43,SpecAnn,0.6147786234942719,1.0,-133268770.0,-41604159.99999999,0.0192739963531494,0,True,48,33,True,48,32,0.9703359603881836,1561.5081787109375,-19959195735.522045,2025-11-20 20:35:27
er_524288_1_1.txt,erdos_renyi_10ins_m20,43,SpecAnn,0.6211495565912796,1.0,-133347902.0,-42032793.99999999,0.0192461013793945,0,True,48,33,True,49,32,0.9694029092788696,1470.31201171875,-18775455043.280186,2025-11-20 20:35:27
er_524288_1_1.txt,erdos_renyi_10ins_m20,43,SpecAnn,0.6274558051381586,1.0,-133426628.0,-42505313.99999999,0.0190696716308593,0,True,48,33,True,50,32,0.9684486985206604,1385.29248046875,-17672367903.540703,2025-11-20 20:35:27
er_524288_1_1.txt,erdos_renyi_10ins_m20,43,SpecAnn,0.6336993002596786,1.0,-133313796.0,-42987292.0,0.018972635269165,0,True,48,33,True,51,32,0.9674732685089112,1305.96875,-16643643570.142317,2025-11-20 20:35:27
er_524288_1_1.txt,erdos_renyi_10ins_m20,43,SpecAnn,0.6398818788633085,1.0,-133220894.0,-43490977.99999999,0.0190122127532959,0,True,48,33,True,52,32,0.9664756655693054,1231.900390625,-15683506345.190386,2025-11-20 20:35:27
er_524288_1_1.txt,erdos_renyi_10ins_m20,43,SpecAnn,0.6460052899517691,1.0,-133505240.0,-43990357.99999999,0.0189743041992187,0,True,48,33,True,53,32,0.9654554128646852,1162.6864013671875,-14786706825.47672,2025-11-20 20:35:27
er_524288_1_1.txt,erdos_renyi_10ins_m20,43,SpecAnn,0.6520712004019966,1.0,-133442050.0,-44511084.00000001,0.0189557075500488,0,True,48,33,True,54,32,0.964412271976471,1097.9619140625,-13948472518.768744,2025-11-20 20:35:27
er_524288_1_1.txt,erdos_renyi_10ins_m20,43,SpecAnn,0.6580812002646271,1.0,-133436777.99999996,-45011222.000000015,0.018970251083374,0,True,48,33,True,55,32,0.9633453488349916,1037.392333984375,-13164418697.440462,2025-11-20 20:35:27
er_524288_1_1.txt,erdos_renyi_10ins_m20,43,SpecAnn,0.6640368076317485,1.0,-133603424.0,-45595282.000000015,0.0189301967620849,0,True,48,33,True,56,32,0.9622542262077332,980.67138671875,-12430539518.464684,2025-11-20 20:35:27
er_524288_1_1.txt,erdos_renyi_10ins_m20,43,SpecAnn,0.6699394731151429,1.0,-133553187.99999996,-46164628.00000003,0.0189383029937744,0,True,48,33,True,57,32,0.961138129234314,927.5196533203124,-11743176126.95012,2025-11-20 20:35:27
er_524288_1_1.txt,erdos_renyi_10ins_m20,43,SpecAnn,0.6757905839724513,1.0,-133468220.0,-46717592.0,0.0190999507904052,0,True,48,33,True,58,32,0.9599964022636414,877.6790771484375,-11098952641.340876,2025-11-20 20:35:27
er_524288_1_1.txt,erdos_renyi_10ins_m20,43,SpecAnn,0.6815914679145113,1.0,-133342968.0,-47360684.00000004,0.0191214084625244,0,True,48,33,True,59,32,0.9588285088539124,830.9149780273438,-10494800165.450262,2025-11-20 20:35:27
er_524288_1_1.txt,erdos_renyi_10ins_m20,43,SpecAnn,0.6873433966234707,1.0,-133502472.0,-47995306.0,0.0189836025238037,0,True,48,33,True,60,32,0.9576334953308104,787.0091552734375,-9927862647.082352,2025-11-20 20:35:27
er_524288_1_1.txt,erdos_renyi_10ins_m20,43,SpecAnn,0.6930475890080863,1.0,-133582296.00000004,-48598343.99999999,0.0189051628112792,0,True,48,33,True,61,32,0.9564108848571776,745.7633056640625,-9395549138.085535,2025-11-20 20:35:27
er_524288_1_1.txt,erdos_renyi_10ins_m20,43,SpecAnn,0.6987052142198116,1.0,-133457746.0,-49265446.00000001,0.0187034606933593,0,True,48,33,True,62,32,0.9551596641540528,706.9930419921875,-8895446687.991804,2025-11-20 20:35:27
er_524288_1_1.txt,erdos_renyi_10ins_m20,43,SpecAnn,0.7043173944508145,1.0,-133609278.0,-49915173.99999999,0.0186524391174316,0,True,48,33,True,63,32,0.9538791179656982,670.5289916992188,-8425342201.311902,2025-11-20 20:35:27
er_524288_1_1.txt,erdos_renyi_10ins_m20,43,SpecAnn,0.709885207532891,1.0,-133441670.0,-50597060.0,0.0187082290649414,0,True,48,33,True,64,32,0.9525682330131532,636.21533203125,-7983197480.072179,2025-11-20 20:35:27
er_524288_1_1.txt,erdos_renyi_10ins_m20,43,SpecAnn,0.7154096893543218,1.0,-133574192.0,-51303644.00000002,0.0186493396759033,0,True,48,33,True,65,32,0.95122629404068,603.9074096679688,-7567124028.76492,2025-11-20 20:35:27
er_524288_1_1.txt,erdos_renyi_10ins_m20,43,SpecAnn,0.7208918361100219,1.0,-133605644.0,-52006726.00000003,0.018700361251831,0,True,48,33,True,66,32,0.9498522877693176,573.472412109375,-7175385700.047006,2025-11-20 20:35:27
er_524288_1_1.txt,erdos_renyi_10ins_m20,43,SpecAnn,0.7263326063988248,1.0,-133692848.0,-52783472.000000015,0.0188331604003906,0,True,48,33,True,67,32,0.948444962501526,544.786865234375,-6806367740.632241,2025-11-20 20:35:27
er_524288_1_1.txt,erdos_renyi_10ins_m20,43,SpecAnn,0.7317329231804058,1.0,-133644896.0,-53578000.000000045,0.0188229084014892,0,True,48,33,True,68,32,0.9470036029815674,517.7366943359375,-6458582704.360266,2025-11-20 20:35:27
er_524288_1_1.txt,erdos_renyi_10ins_m20,43,SpecAnn,0.7370936756031579,1.0,-133864401.99999996,-54360794.0,0.0188338756561279,0,True,48,33,True,69,32,0.9455268383026124,492.21588134765625,-6130644455.68439,2025-11-20 20:35:27
er_524288_1_1.txt,erdos_renyi_10ins_m20,43,SpecAnn,0.7424157207132704,1.0,-133687334.0,-55153170.00000002,0.0189723968505859,0,True,48,33,True,70,32,0.9440136551856996,468.1269226074219,-5821280716.739622,2025-11-20 20:35:27
er_524288_1_1.txt,erdos_renyi_10ins_m20,43,SpecAnn,0.7476998850543153,1.0,-133855639.99999996,-55979246.00000002,0.0189607143402099,0,True,48,33,True,71,32,0.942462682723999,445.37884521484375,-5529303075.891521,2025-11-20 20:35:27
er_524288_1_1.txt,erdos_renyi_10ins_m20,43,SpecAnn,0.7529469661657903,1.0,-133910458.0,-56853186.00000002,0.0189349651336669,0,True,48,33,True,72,32,0.9408724904060364,423.88671875,-5253602712.487181,2025-11-20 20:35:28
er_524288_1_1.txt,erdos_renyi_10ins_m20,43,SpecAnn,0.7581577339883167,1.0,-133736560.0,-57707778.00000001,0.0189418792724609,0,True,48,33,True,73,32,0.939241886138916,403.5727233886719,-4993164854.262691,2025-11-20 20:35:28
er_524288_1_1.txt,erdos_renyi_10ins_m20,43,SpecAnn,0.7633329321824984,1.0,-133939410.0,-58526614.0,0.0190773010253906,0,True,48,33,True,74,32,0.9375693202018738,384.3636779785156,-4747034363.314562,2025-11-20 20:35:28
er_524288_1_1.txt,erdos_renyi_10ins_m20,43,SpecAnn,0.7684732793678399,1.0,-134033266.0,-59395815.99999999,0.0189645290374755,0,True,48,33,True,75,32,0.9358530044555664,366.1915893554688,-4514323228.540095,2025-11-20 20:35:28
er_524288_1_1.txt,erdos_renyi_10ins_m20,43,SpecAnn,0.7735794702875677,1.0,-133963454.0,-60301429.99999999,0.0188219547271728,0,True,48,33,True,76,32,0.9340916872024536,348.99346923828125,-4294211736.962366,2025-11-20 20:35:28
er_524288_1_1.txt,erdos_renyi_10ins_m20,43,SpecAnn,0.7786521769046981,1.0,-134044812.0,-61321393.99999996,0.0187935829162597,0,True,48,33,True,77,32,0.9322830438613892,332.7104797363281,-4085929918.6562686,2025-11-20 20:35:28
er_524288_1_1.txt,erdos_renyi_10ins_m20,43,SpecAnn,0.7836920494342511,1.0,-134086449.99999996,-62345842.00000001,0.0187575817108154,0,True,48,33,True,78,32,0.9304255247116088,317.28778076171875,-3888764205.243544,2025-11-20 20:35:28
er_524288_1_1.txt,erdos_renyi_10ins_m20,43,SpecAnn,0.788699717316095,1.0,-134152976.0,-63409095.99999999,0.0188357830047607,0,True,48,33,True,79,32,0.9285168647766112,302.674072265625,-3702044745.561805,2025-11-20 20:35:28
er_524288_1_1.txt,erdos_renyi_10ins_m20,43,SpecAnn,0.7936757901325451,1.0,-134205082.0,-64433694.000000015,0.0188031196594238,0,True,48,33,True,80,32,0.9265550971031188,288.82183837890625,-3525152624.8254547,2025-11-20 20:35:28
er_524288_1_1.txt,erdos_renyi_10ins_m20,43,SpecAnn,0.7986208584745024,1.0,-134303795.99999997,-65583242.000000015,0.0188236236572265,0,True,48,33,True,81,32,0.9245376586914062,275.6861572265625,-3357501481.64133,2025-11-20 20:35:28
er_524288_1_1.txt,erdos_renyi_10ins_m20,43,SpecAnn,0.803535494759617,1.0,-134429614.0,-66734656.00000001,0.018834114074707,0,True,48,33,True,82,32,0.922462284564972,263.2255859375,-3198551644.4906425,2025-11-20 20:35:28
er_524288_1_1.txt,erdos_renyi_10ins_m20,43,SpecAnn,0.8084202540056837,1.0,-134255269.99999997,-67975960.0,0.0188329219818115,0,True,48,33,True,83,32,0.9203261137008668,251.40122985839844,-3047795267.781012,2025-11-20 20:35:28
er_524288_1_1.txt,erdos_renyi_10ins_m20,43,SpecAnn,0.8132756745622272,1.0,-134588010.0,-69220598.00000004,0.0188603401184082,0,True,48,33,True,84,32,0.9181262850761414,240.1763458251953,-2904753618.437625,2025-11-20 20:35:28
er_524288_1_1.txt,erdos_renyi_10ins_m20,43,SpecAnn,0.8181022788030096,1.0,-134653736.00000003,-70505696.0,0.0188522338867187,0,True,48,33,True,85,32,0.9158596992492676,229.51708984375,-2768985140.6164274,2025-11-20 20:35:28
er_524288_1_1.txt,erdos_renyi_10ins_m20,43,SpecAnn,0.822900573781978,1.0,-134491814.0,-71874584.00000001,0.0188119411468505,0,True,48,33,True,86,32,0.9135231971740724,219.39141845703125,-2640072560.959586,2025-11-20 20:35:28
er_524288_1_1.txt,erdos_renyi_10ins_m20,43,SpecAnn,0.8276710518549868,1.0,-134543630.0,-73289124.00000001,0.0188205242156982,0,True,48,33,True,87,32,0.911112904548645,209.7694702148437,-2517625487.7679048,2025-11-20 20:35:28
er_524288_1_1.txt,erdos_renyi_10ins_m20,43,SpecAnn,0.8324141912694495,1.0,-134693421.99999997,-74793655.99999996,0.0189990997314453,0,True,48,33,True,88,32,0.9086249470710754,200.6230316162109,-2401276069.0860653,2025-11-20 20:35:28
er_524288_1_1.txt,erdos_renyi_10ins_m20,43,SpecAnn,0.8371304567239225,1.0,-134859622.0,-76386193.99999999,0.0190417766571044,0,True,48,33,True,89,32,0.906055212020874,191.926025390625,-2290683987.222269,2025-11-20 20:35:28
er_524288_1_1.txt,erdos_renyi_10ins_m20,43,SpecAnn,0.8418202998994706,1.0,-134870322.0,-77958596.00000003,0.0190620422363281,0,True,48,33,True,90,32,0.9033989310264589,183.6535186767578,-2185523463.1442084,2025-11-20 20:35:28
er_524288_1_1.txt,erdos_renyi_10ins_m20,43,SpecAnn,0.846484159964536,1.0,-135188900.0,-79599176.0,0.0189697742462158,0,True,48,33,True,91,32,0.9006513357162476,175.78244018554688,-2085493467.663118,2025-11-20 20:35:28
er_524288_1_1.txt,erdos_renyi_10ins_m20,43,SpecAnn,0.8511224640549078,1.0,-135374775.99999997,-81355893.99999999,0.0188128948211669,0,True,48,33,True,92,32,0.8978068232536316,168.29116821289062,-1990310683.7379987,2025-11-20 20:35:28
er_524288_1_1.txt,erdos_renyi_10ins_m20,43,SpecAnn,0.8557356277302758,1.0,-135380951.99999997,-83195754.0,0.0186262130737304,0,True,48,33,True,93,32,0.8948594927787781,161.15902709960938,-1899704860.376556,2025-11-20 20:35:28
er_524288_1_1.txt,erdos_renyi_10ins_m20,43,SpecAnn,0.8603240554087516,1.0,-135495679.99999997,-85135664.0,0.0186409950256347,0,True,48,33,True,94,32,0.8918027877807617,154.36679077148438,-1813423955.4076345,2025-11-20 20:35:28
er_524288_1_1.txt,erdos_renyi_10ins_m20,43,SpecAnn,0.86488814078064,1.0,-135731141.99999997,-87104211.99999999,0.0187048912048339,0,True,48,33,True,95,32,0.8886297345161438,147.8966064453125,-1731233700.52577,2025-11-20 20:35:28
er_524288_1_1.txt,erdos_renyi_10ins_m20,43,SpecAnn,0.8694282672026621,1.0,-135793838.0,-89189703.99999999,0.0187621116638183,0,True,48,33,True,96,32,0.8853323459625244,141.7312469482422,-1652907640.2234,2025-11-20 20:35:28
er_524288_1_1.txt,erdos_renyi_10ins_m20,43,SpecAnn,0.8739448080737451,1.0,-136032480.0,-91309506.0,0.0188755989074707,0,True,48,33,True,97,32,0.8819020390510559,135.85479736328125,-1578236100.4781806,2025-11-20 20:35:28
er_524288_1_1.txt,erdos_renyi_10ins_m20,43,SpecAnn,0.878438127193422,1.0,-136255136.0,-93488668.0,0.0189375877380371,0,True,48,33,True,98,32,0.8783293962478638,130.25216674804688,-1507020021.1938455,2025-11-20 20:35:28
er_524288_1_1.txt,erdos_renyi_10ins_m20,43,SpecAnn,0.8829085791038153,1.0,-136483042.0,-95668762.0,0.0189573764801025,0,True,48,33,True,99,32,0.8746037483215332,124.90910339355467,-1439070507.1553714,2025-11-20 20:35:28
er_524288_1_1.txt,erdos_renyi_10ins_m20,43,SpecAnn,0.8873565094161138,1.0,-136668828.00000003,-98055925.99999996,0.0189552307128906,0,True,48,33,True,100,32,0.870713472366333,119.81227111816406,-1374210340.860217,2025-11-20 20:35:28
er_524288_1_1.txt,erdos_renyi_10ins_m20,43,SpecAnn,0.8917822551223932,1.0,-137044678.0,-100410242.0,0.0190865993499755,0,True,48,33,True,101,32,0.8666455149650574,114.94898986816406,-1312270302.0484245,2025-11-20 20:35:28
er_524288_1_1.txt,erdos_renyi_10ins_m20,43,SpecAnn,0.8961861448935777,1.0,-137285976.0,-102916013.99999996,0.0190482139587402,0,True,48,33,True,102,32,0.862385630607605,110.30744934082033,-1253092127.014104,2025-11-20 20:35:28
er_524288_1_1.txt,erdos_renyi_10ins_m20,43,SpecAnn,0.9005684993642872,1.0,-137723725.99999997,-105491464.0,0.0191071033477783,0,True,48,33,True,103,32,0.8579174280166626,105.87638854980467,-1196523566.498647,2025-11-20 20:35:28
er_524288_1_1.txt,erdos_renyi_10ins_m20,43,SpecAnn,0.9049296314052688,1.0,-138021800.0,-108052456.0,0.0190629959106445,0,True,48,33,True,104,32,0.8532227277755737,101.64512634277344,-1142419540.624809,2025-11-20 20:35:28
er_524288_1_1.txt,erdos_renyi_10ins_m20,43,SpecAnn,0.9092698463840684,1.0,-138379958.0,-110677460.0,0.0191001892089843,0,True,48,33,True,105,32,0.8482814431190491,97.6037139892578,-1090643857.1019914,2025-11-20 20:35:28
er_524288_1_1.txt,erdos_renyi_10ins_m20,43,SpecAnn,0.9135894424145556,1.0,-138751190.0,-113428094.0,0.0366628170013427,0,True,48,65,True,106,32,0.8430702686309814,93.74274444580078,-1041065573.596174,2025-11-20 20:35:28
er_524288_1_1.txt,erdos_renyi_10ins_m20,43,SpecAnn,0.9178887105958816,1.0,-139256759.99999997,-116001356.0,0.0364799499511718,0,True,48,65,True,107,32,0.8375634551048279,90.05319213867188,-993558582.453296,2025-11-20 20:35:28
er_524288_1_1.txt,erdos_renyi_10ins_m20,43,SpecAnn,0.922167935241408,1.0,-139832997.99999997,-118537102.0,0.0360939502716064,0,True,48,65,True,108,32,0.8317317366600037,86.5266342163086,-948003042.6974536,2025-11-20 20:35:28
er_524288_1_1.txt,erdos_renyi_10ins_m20,43,SpecAnn,0.92642739409812,1.0,-140187010.0,-120928068.0,0.053856611251831,0,True,48,97,True,109,32,0.8255411982536316,83.15516662597656,-904283563.3004274,2025-11-20 20:35:28
er_524288_1_1.txt,erdos_renyi_10ins_m20,43,SpecAnn,0.9306673585570006,1.0,-140714262.0,-123036252.0,0.0539963245391845,0,True,48,97,True,110,32,0.8189517259597778,79.93113708496094,-862285218.0628629,2025-11-20 20:35:28
er_524288_1_1.txt,erdos_renyi_10ins_m20,43,SpecAnn,0.9348880938548184,1.0,-140952618.0,-124676334.0,0.1230106353759765,0,True,48,225,True,111,32,0.8119170665740967,76.84745025634766,-821897728.7940147,2025-11-20 20:35:28
er_524288_1_1.txt,erdos_renyi_10ins_m20,43,SpecAnn,0.9390898592677528,1.0,-140641315.99999997,-124133654.0,0.2622485160827636,0,True,48,481,True,112,32,0.8044081926345825,73.89732360839844,-783036203.5419996,2025-11-20 20:35:29
er_524288_1_1.txt,erdos_renyi_10ins_m20,43,SpecAnn,0.9432729082972536,1.0,-140308833.99999997,-122994608.0,0.2801456451416015,0,True,48,513,True,113,32,0.7965330481529236,71.07437133789062,-745750363.6392853,2025-11-20 20:35:29
er_524288_1_1.txt,erdos_renyi_10ins_m20,43,SpecAnn,0.9474374888485204,1.0,-140197514.00000003,-122653930.0,0.0887451171875,0,True,48,161,True,114,32,0.7883654236793518,68.37252044677734,-710044889.3047161,2025-11-20 20:35:29
er_524288_1_1.txt,erdos_renyi_10ins_m20,43,SpecAnn,0.9515838434019476,1.0,-140176992.0,-122494118.0,0.0715956687927246,0,True,48,129,True,115,32,0.7799059748649597,65.78599548339844,-675853155.4704626,2025-11-20 20:35:29
er_524288_1_1.txt,erdos_renyi_10ins_m20,43,SpecAnn,0.9557122091778746,1.0,-140228472.0,-122418996.0,0.053328514099121,0,True,48,97,True,116,32,0.771146297454834,63.3094367980957,-643104983.8020904,2025-11-20 20:35:29
er_524288_1_1.txt,erdos_renyi_10ins_m20,43,SpecAnn,0.9598228182949629,1.0,-140223117.99999997,-122393024.0,0.0717208385467529,0,True,48,129,True,117,32,0.7620776295661926,60.937599182128906,-611732001.9465907,2025-11-20 20:35:29
er_524288_1_1.txt,erdos_renyi_10ins_m20,43,SpecAnn,0.963915897922488,1.0,-140247680.0,-122338162.0,0.0536890029907226,0,True,48,97,True,118,32,0.7526902556419373,58.66564178466797,-581670136.383842,2025-11-20 20:35:29
er_524288_1_1.txt,erdos_renyi_10ins_m20,43,SpecAnn,0.967991670426842,1.0,-140191133.99999997,-122307136.0,0.0535526275634765,0,True,48,97,True,119,32,0.7429733276367188,56.4888916015625,-552857141.3437089,2025-11-20 20:35:29
er_524288_1_1.txt,erdos_renyi_10ins_m20,43,SpecAnn,0.9720503535125016,1.0,-140190100.00000003,-122268912.0,0.0366737842559814,0,True,48,65,True,120,32,0.732917845249176,54.40292739868164,-525235670.8380373,2025-11-20 20:35:29
er_524288_1_1.txt,erdos_renyi_10ins_m20,43,SpecAnn,0.9760921603577252,1.0,-140125562.0,-122230148.0,0.0367889404296875,0,True,48,65,True,121,32,0.722512423992157,52.40361785888672,-498750377.9937033,2025-11-20 20:35:29
er_524288_1_1.txt,erdos_renyi_10ins_m20,43,SpecAnn,0.9801172997452104,1.0,-140208114.0,-122215728.0,0.0539407730102539,0,True,48,97,True,122,32,0.7117466330528259,50.48695755004883,-473348787.2788204,2025-11-20 20:35:30
er_524288_1_1.txt,erdos_renyi_10ins_m20,43,SpecAnn,0.9841259761879442,1.0,-140168762.0,-122180086.0,0.0361366271972656,0,True,48,65,True,123,32,0.7006096243858337,48.64921188354492,-448981612.6644252,2025-11-20 20:35:30
er_524288_1_1.txt,erdos_renyi_10ins_m20,43,SpecAnn,0.9881183900504562,1.0,-140141654.0,-122158506.0,0.0537257194519043,0,True,48,97,True,124,32,0.6890894174575806,46.886756896972656,-425600786.5823535,2025-11-20 20:35:30
er_524288_1_1.txt,erdos_renyi_10ins_m20,43,SpecAnn,0.9920947376656812,1.0,-140187108.0,-122135808.0,0.0366430282592773,0,True,48,65,True,125,32,0.6771741509437561,45.196231842041016,-403161680.7564893,2025-11-20 20:35:30
er_524288_1_1.txt,erdos_renyi_10ins_m20,43,SpecAnn,0.9960552114476228,1.0,-140134745.99999997,-122128508.0,0.0536870956420898,0,True,48,97,True,126,32,0.6648523807525635,43.57440185546875,-381621918.0150022,2025-11-20 20:35:30
er_524288_1_1.txt,erdos_renyi_10ins_m20,43,SpecAnn,1.0,1.0,-140120919.99999997,-122105532.0,0.0534229278564453,0,True,48,97,True,127,32,0.6521111130714417,42.01815032958984,-360940137.4065868,2025-11-20 20:35:30
er_524288_1_1.txt,erdos_renyi_10ins_m20,44,SpecAnn,0.0,1.0,-132909614.0,-27047067.999999985,0.033531904220581,0,True,49,33,True,0,32,0.9984051585197448,524289.0,-6895312379593.68,2025-11-20 20:35:34
er_524288_1_1.txt,erdos_renyi_10ins_m20,44,SpecAnn,0.0887356509416113,1.0,-132859792.0,-27450873.99999999,0.0182476043701171,0,True,49,33,True,1,32,0.9975730180740356,226255.15625,-2973168774814.775,2025-11-20 20:35:34
er_524288_1_1.txt,erdos_renyi_10ins_m20,44,SpecAnn,0.1254911610276317,1.0,-132761681.99999996,-27688419.99999997,0.0185434818267822,0,True,49,33,True,2,32,0.9971120357513428,159755.40625,-2098340225063.442,2025-11-20 20:35:34
er_524288_1_1.txt,erdos_renyi_10ins_m20,44,SpecAnn,0.1536946558735679,1.0,-132983338.0,-27892845.99999997,0.018970251083374,0,True,49,33,True,3,32,0.9966995120048524,122318.703125,-1605955463267.3682,2025-11-20 20:35:34
er_524288_1_1.txt,erdos_renyi_10ins_m20,44,SpecAnn,0.1774713018832227,1.0,-133047002.0,-28091003.999999966,0.0189824104309082,0,True,49,33,True,4,32,0.996306300163269,97665.453125,-1281770374734.032,2025-11-20 20:35:34
er_524288_1_1.txt,erdos_renyi_10ins_m20,44,SpecAnn,0.1984189475331362,1.0,-132822780.0,-28298820.0,0.0189528465270996,0,True,49,33,True,5,32,0.9959211945533752,80098.90625,-1050819066862.27,2025-11-20 20:35:34
er_524288_1_1.txt,erdos_renyi_10ins_m20,44,SpecAnn,0.2173570668006655,1.0,-132989036.0,-28477943.99999999,0.0189297199249267,0,True,49,33,True,6,32,0.9955384731292723,66954.3515625,-878037855286.9294,2025-11-20 20:35:34
er_524288_1_1.txt,erdos_renyi_10ins_m20,44,SpecAnn,0.2347724648169381,1.0,-133077908.0,-28676817.99999998,0.0188541412353515,0,True,49,33,True,7,32,0.9951547980308532,56779.9765625,-744324362017.7347,2025-11-20 20:35:34
er_524288_1_1.txt,erdos_renyi_10ins_m20,44,SpecAnn,0.2509823220552634,1.0,-132997940.0,-28857693.99999999,0.0186893939971923,0,True,49,33,True,8,32,0.9947681427001952,48704.69140625,-638217999420.2554,2025-11-20 20:35:34
er_524288_1_1.txt,erdos_renyi_10ins_m20,44,SpecAnn,0.2662069528248341,1.0,-133013218.0,-29083841.99999999,0.0186269283294677,0,True,49,33,True,9,32,0.9943768382072448,42169.58984375,-552365773615.634,2025-11-20 20:35:34
er_524288_1_1.txt,erdos_renyi_10ins_m20,44,SpecAnn,0.2806067666331568,1.0,-133122376.0,-29306611.99999997,0.0186667442321777,0,True,49,33,True,10,32,0.9939796924591064,36797.734375,-481809074582.3564,2025-11-20 20:35:34
er_524288_1_1.txt,erdos_renyi_10ins_m20,44,SpecAnn,0.2943028597012718,1.0,-132926630.0,-29510745.999999985,0.0186662673950195,0,True,49,33,True,11,32,0.9935758709907532,32324.951171875,-423072987573.9706,2025-11-20 20:35:34
er_524288_1_1.txt,erdos_renyi_10ins_m20,44,SpecAnn,0.3073893117471359,1.0,-133183500.0,-29710617.999999985,0.0186781883239746,0,True,49,33,True,12,32,0.9931647181510924,28560.28515625,-373645886938.211,2025-11-20 20:35:34
er_524288_1_1.txt,erdos_renyi_10ins_m20,44,SpecAnn,0.3199409394316542,1.0,-133044710.0,-29944341.99999999,0.0188343524932861,0,True,49,33,True,13,32,0.992745578289032,25362.236328125,-331666715593.8459,2025-11-20 20:35:34
er_524288_1_1.txt,erdos_renyi_10ins_m20,44,SpecAnn,0.3320184038158743,1.0,-133044601.99999996,-30177347.99999999,0.0188276767730712,0,True,49,33,True,14,32,0.9923179149627686,22623.671875,-295726544739.3057,2025-11-20 20:35:34
er_524288_1_1.txt,erdos_renyi_10ins_m20,44,SpecAnn,0.3436716983117353,1.0,-132909955.99999996,-30413983.99999999,0.0188515186309814,0,True,49,33,True,15,32,0.9918813109397888,20262.06640625,-264740159018.72943,2025-11-20 20:35:34
er_524288_1_1.txt,erdos_renyi_10ins_m20,44,SpecAnn,0.3549426037664455,1.0,-133009896.0,-30663545.999999985,0.0189592838287353,0,True,49,33,True,16,32,0.9914352893829346,18212.83984375,-237858362926.30203,2025-11-20 20:35:34
er_524288_1_1.txt,erdos_renyi_10ins_m20,44,SpecAnn,0.3658664615902029,1.0,-132840008.0,-30920840.0,0.0189509391784667,0,True,49,33,True,17,32,0.990979552268982,16424.771484375,-214407717281.4485,2025-11-20 20:35:34
er_524288_1_1.txt,erdos_renyi_10ins_m20,44,SpecAnn,0.3764734830828951,1.0,-132964586.0,-31194538.0,0.0189356803894042,0,True,49,33,True,18,32,0.9905136823654176,14856.771484375,-193847991742.6905,2025-11-20 20:35:34
er_524288_1_1.txt,erdos_renyi_10ins_m20,44,SpecAnn,0.3867897351437838,1.0,-133173618.0,-31447040.000000022,0.0189824104309082,0,True,49,33,True,19,32,0.9900373220443726,13475.53515625,-175741355520.3439,2025-11-20 20:35:34
er_524288_1_1.txt,erdos_renyi_10ins_m20,44,SpecAnn,0.3968378950662725,1.0,-133087800.0,-31713690.000000022,0.0189130306243896,0,True,49,33,True,20,32,0.9895502924919128,12253.7939453125,-159729388238.72903,2025-11-20 20:35:34
er_524288_1_1.txt,erdos_renyi_10ins_m20,44,SpecAnn,0.4066378372811136,1.0,-133108880.0,-31986220.000000004,0.018965721130371,0,True,49,33,True,21,32,0.9890522360801696,11169.0537109375,-145516416847.93973,2025-11-20 20:35:34
er_524288_1_1.txt,erdos_renyi_10ins_m20,44,SpecAnn,0.4162070956347247,1.0,-133091011.99999996,-32224942.00000002,0.0189783573150634,0,True,49,33,True,22,32,0.9885427355766296,10202.61328125,-132856637987.8084,2025-11-20 20:35:34
er_524288_1_1.txt,erdos_renyi_10ins_m20,44,SpecAnn,0.4255612320274539,1.0,-133197264.0,-32491582.000000004,0.0188367366790771,0,True,49,33,True,23,32,0.9880216121673584,9338.814453125,-121544293899.20567,2025-11-20 20:35:34
er_524288_1_1.txt,erdos_renyi_10ins_m20,44,SpecAnn,0.434714133601331,1.0,-133036214.0,-32793112.00000001,0.0186960697174072,0,True,49,33,True,24,32,0.987488567829132,8564.458984375,-111405951959.55984,2025-11-20 20:35:34
er_524288_1_1.txt,erdos_renyi_10ins_m20,44,SpecAnn,0.4436782547080569,1.0,-133041132.0,-33051824.00000002,0.0186901092529296,0,True,49,33,True,25,32,0.9869433045387268,7868.3759765625,-102294831788.939,2025-11-20 20:35:34
er_524288_1_1.txt,erdos_renyi_10ins_m20,44,SpecAnn,0.4524648157026343,1.0,-133038542.0,-33350648.000000007,0.0186655521392822,0,True,49,33,True,26,32,0.9863855242729188,7241.0400390625,-94085787152.58289,2025-11-20 20:35:34
er_524288_1_1.txt,erdos_renyi_10ins_m20,44,SpecAnn,0.4610839676207039,1.0,-133031548.0,-33619984.0,0.0187015533447265,0,True,49,33,True,27,32,0.9858149886131288,6674.2998046875,-86671739239.98677,2025-11-20 20:35:34
er_524288_1_1.txt,erdos_renyi_10ins_m20,44,SpecAnn,0.4695449296338763,1.0,-133037050.0,-33921346.0,0.018721580505371,0,True,49,33,True,28,32,0.9852312803268432,6161.14892578125,-79960643797.62592,2025-11-20 20:35:34
er_524288_1_1.txt,erdos_renyi_10ins_m20,44,SpecAnn,0.4778561045889373,1.0,-133215128.0,-34235600.00000001,0.0187954902648925,0,True,49,33,True,29,32,0.9846343398094176,5695.52880859375,-73872945300.71791,2025-11-20 20:35:34
er_524288_1_1.txt,erdos_renyi_10ins_m20,44,SpecAnn,0.4860251767562508,1.0,-132958220.0,-34537880.00000002,0.0188136100769042,0,True,49,33,True,30,32,0.9840236902236938,5272.19287109375,-68339725077.43804,2025-11-20 20:35:34
er_524288_1_1.txt,erdos_renyi_10ins_m20,44,SpecAnn,0.4940591950252281,1.0,-133189116.0,-34832934.000000015,0.0188651084899902,0,True,49,33,True,31,32,0.983398973941803,4886.57421875,-63301009181.193474,2025-11-20 20:35:34
er_524288_1_1.txt,erdos_renyi_10ins_m20,44,SpecAnn,0.5019646441105269,1.0,-133085836.0,-35127960.000000015,0.0189728736877441,0,True,49,33,True,32,32,0.98276025056839,4534.68408203125,-58704447158.13512,2025-11-20 20:35:34
er_524288_1_1.txt,erdos_renyi_10ins_m20,44,SpecAnn,0.5097475058154177,1.0,-133074580.0,-35452714.000000015,0.0189526081085205,0,True,49,33,True,33,32,0.982106864452362,4213.0263671875,-54504116899.477,2025-11-20 20:35:34
er_524288_1_1.txt,erdos_renyi_10ins_m20,44,SpecAnn,0.51741331199832,1.0,-133166611.99999996,-35808690.000000015,0.0189893245697021,0,True,49,33,True,34,32,0.98143869638443,3918.53125,-50659730570.39593,2025-11-20 20:35:35
er_524288_1_1.txt,erdos_renyi_10ins_m20,44,SpecAnn,0.5249671905758515,1.0,-133004722.0,-36181712.0,0.0189507007598876,0,True,49,33,True,35,32,0.9807553887367249,3648.4912109375,-47135746673.55131,2025-11-20 20:35:35
er_524288_1_1.txt,erdos_renyi_10ins_m20,44,SpecAnn,0.5324139056496683,1.0,-133080488.0,-36549042.00000003,0.0189852714538574,0,True,49,33,True,36,32,0.9800565242767334,3400.5146484375,-43900772038.870415,2025-11-20 20:35:35
er_524288_1_1.txt,erdos_renyi_10ins_m20,44,SpecAnn,0.5397578926492556,1.0,-133225516.0,-36923440.00000002,0.0190129280090332,0,True,49,33,True,37,32,0.9793418645858764,3172.48046875,-40926976367.75205,2025-11-20 20:35:35
er_524288_1_1.txt,erdos_renyi_10ins_m20,44,SpecAnn,0.5470032892270364,1.0,-133320820.0,-37305206.000000015,0.0189669132232666,0,True,49,33,True,38,32,0.9786111116409302,2962.50830078125,-38189687287.65167,2025-11-20 20:35:35
er_524288_1_1.txt,erdos_renyi_10ins_m20,44,SpecAnn,0.554153962516942,1.0,-133129758.0,-37716568.0,0.0188832283020019,0,True,49,33,True,39,32,0.977863907814026,2768.918212890625,-35666864228.26905,2025-11-20 20:35:35
er_524288_1_1.txt,erdos_renyi_10ins_m20,44,SpecAnn,0.5612135332663137,1.0,-133020203.99999996,-38067141.99999998,0.0188229084014892,0,True,49,33,True,40,32,0.97709983587265,2590.216796875,-33338913275.840782,2025-11-20 20:35:35
er_524288_1_1.txt,erdos_renyi_10ins_m20,44,SpecAnn,0.5681853972686127,1.0,-133119650.0,-38450271.99999999,0.0188090801239013,0,True,49,33,True,41,32,0.9763185977935792,2425.06591796875,-31188284984.62394,2025-11-20 20:35:35
er_524288_1_1.txt,erdos_renyi_10ins_m20,44,SpecAnn,0.5750727444570146,1.0,-133131284.0,-38879029.99999999,0.0187904834747314,0,True,49,33,True,42,32,0.9755197167396544,2272.265625,-29199239057.847057,2025-11-20 20:35:35
er_524288_1_1.txt,erdos_renyi_10ins_m20,44,SpecAnn,0.5818785759635375,1.0,-133166972.0,-39302742.0,0.0188603401184082,0,True,49,33,True,43,32,0.974703013896942,2130.741455078125,-27357691512.018963,2025-11-20 20:35:35
er_524288_1_1.txt,erdos_renyi_10ins_m20,44,SpecAnn,0.5886057194025436,1.0,-133187166.0,-39742154.0,0.0187880992889404,0,True,49,33,True,44,32,0.9738680124282836,1999.525390625,-25650947291.088444,2025-11-20 20:35:35
er_524288_1_1.txt,erdos_renyi_10ins_m20,44,SpecAnn,0.5952568425994088,1.0,-133336546.00000004,-40215051.99999999,0.0189595222473144,0,True,49,33,True,45,32,0.9730141162872314,1877.7430419921875,-24067539098.46321,2025-11-20 20:35:35
er_524288_1_1.txt,erdos_renyi_10ins_m20,44,SpecAnn,0.6018344659534288,1.0,-133188104.0,-40681763.99999998,0.01953125,0,True,49,33,True,46,32,0.9721411466598512,1764.6099853515625,-22597190221.578697,2025-11-20 20:35:35
er_524288_1_1.txt,erdos_renyi_10ins_m20,44,SpecAnn,0.6083409735974393,1.0,-133338626.0,-41160865.99999999,0.0196533203125,0,True,49,33,True,47,32,0.9712485074996948,1659.413330078125,-21230553783.62801,2025-11-20 20:35:35
er_524288_1_1.txt,erdos_renyi_10ins_m20,44,SpecAnn,0.6147786234942719,1.0,-133222319.99999996,-41604159.99999999,0.0195350646972656,0,True,49,33,True,48,32,0.9703359603881836,1561.5087890625,-19959191415.529964,2025-11-20 20:35:35
er_524288_1_1.txt,erdos_renyi_10ins_m20,44,SpecAnn,0.6211495565912796,1.0,-133205144.0,-42032793.99999999,0.0194542407989501,0,True,49,33,True,49,32,0.9694029092788696,1470.312744140625,-18775452993.49004,2025-11-20 20:35:35
er_524288_1_1.txt,erdos_renyi_10ins_m20,44,SpecAnn,0.6274558051381586,1.0,-133353338.0,-42505314.0,0.0192584991455078,0,True,49,33,True,50,32,0.9684487581253052,1385.29296875,-17672364487.603233,2025-11-20 20:35:35
er_524288_1_1.txt,erdos_renyi_10ins_m20,44,SpecAnn,0.6336993002596786,1.0,-133270196.0,-42987292.00000002,0.0191216468811035,0,True,49,33,True,51,32,0.9674732089042664,1305.96923828125,-16643638659.626364,2025-11-20 20:35:35
er_524288_1_1.txt,erdos_renyi_10ins_m20,44,SpecAnn,0.6398818788633085,1.0,-133466922.0,-43490978.00000002,0.0192005634307861,0,True,49,33,True,52,32,0.9664756059646606,1231.90087890625,-15683502069.517977,2025-11-20 20:35:35
er_524288_1_1.txt,erdos_renyi_10ins_m20,44,SpecAnn,0.6460052899517691,1.0,-133370405.99999996,-43989647.99999999,0.0191452503204345,0,True,49,33,True,53,32,0.9654554724693298,1162.6868896484375,-14786704968.008266,2025-11-20 20:35:35
er_524288_1_1.txt,erdos_renyi_10ins_m20,44,SpecAnn,0.6520712004019966,1.0,-133337520.0,-44511084.0,0.0190799236297607,0,True,49,33,True,54,32,0.964412271976471,1097.96240234375,-13948470250.770576,2025-11-20 20:35:35
er_524288_1_1.txt,erdos_renyi_10ins_m20,44,SpecAnn,0.6580812002646271,1.0,-133372600.0,-45011221.99999999,0.0191588401794433,0,True,49,33,True,55,32,0.9633454084396362,1037.392822265625,-13164417713.26295,2025-11-20 20:35:35
er_524288_1_1.txt,erdos_renyi_10ins_m20,44,SpecAnn,0.6640368076317485,1.0,-133316684.0,-45595282.0,0.0189743041992187,0,True,49,33,True,56,32,0.9622542262077332,980.6717529296876,-12430536611.14181,2025-11-20 20:35:35
er_524288_1_1.txt,erdos_renyi_10ins_m20,44,SpecAnn,0.6699394731151429,1.0,-133320358.0,-46164627.99999996,0.0188465118408203,0,True,49,33,True,57,32,0.961138129234314,927.52001953125,-11743173631.688644,2025-11-20 20:35:35
er_524288_1_1.txt,erdos_renyi_10ins_m20,44,SpecAnn,0.6757905839724513,1.0,-133328326.0,-46717559.99999999,0.0187344551086425,0,True,49,33,True,58,32,0.9599963426589966,877.679443359375,-11098949842.70156,2025-11-20 20:35:35
er_524288_1_1.txt,erdos_renyi_10ins_m20,44,SpecAnn,0.6815914679145113,1.0,-133357328.0,-47360683.99999998,0.0186846256256103,0,True,49,33,True,59,32,0.9588285088539124,830.9153442382812,-10494798417.20345,2025-11-20 20:35:35
er_524288_1_1.txt,erdos_renyi_10ins_m20,44,SpecAnn,0.6873433966234707,1.0,-133376990.0,-47995305.99999999,0.0186328887939453,0,True,49,33,True,60,32,0.9576335549354552,787.0094604492188,-9927861085.367844,2025-11-20 20:35:35
er_524288_1_1.txt,erdos_renyi_10ins_m20,44,SpecAnn,0.6930475890080863,1.0,-133427906.0,-48598344.0,0.0187444686889648,0,True,49,33,True,61,32,0.956410825252533,745.7636108398438,-9395546691.270157,2025-11-20 20:35:35
er_524288_1_1.txt,erdos_renyi_10ins_m20,44,SpecAnn,0.6987052142198116,1.0,-133620042.0,-49265446.000000015,0.018836498260498,0,True,49,33,True,62,32,0.9551596641540528,706.9933471679688,-8895445125.407259,2025-11-20 20:35:35
er_524288_1_1.txt,erdos_renyi_10ins_m20,44,SpecAnn,0.7043173944508145,1.0,-133452960.0,-49915173.99999999,0.0187945365905761,0,True,49,33,True,63,32,0.9538791179656982,670.529296875,-8425340919.080624,2025-11-20 20:35:35
er_524288_1_1.txt,erdos_renyi_10ins_m20,44,SpecAnn,0.709885207532891,1.0,-133583653.99999996,-50597059.99999999,0.0188210010528564,0,True,49,33,True,64,32,0.9525682330131532,636.2156372070312,-7983196461.091846,2025-11-20 20:35:35
er_524288_1_1.txt,erdos_renyi_10ins_m20,44,SpecAnn,0.7154096893543218,1.0,-133579630.0,-51303643.99999997,0.0188376903533935,0,True,49,33,True,65,32,0.9512263536453248,603.9076538085938,-7567122966.452911,2025-11-20 20:35:35
er_524288_1_1.txt,erdos_renyi_10ins_m20,44,SpecAnn,0.7208918361100219,1.0,-133521022.0,-52006725.99999997,0.018977403640747,0,True,49,33,True,66,32,0.949852168560028,573.47265625,-7175383496.529984,2025-11-20 20:35:35
er_524288_1_1.txt,erdos_renyi_10ins_m20,44,SpecAnn,0.7263326063988248,1.0,-133507710.0,-52783471.99999999,0.0189878940582275,0,True,49,33,True,67,32,0.948444962501526,544.7870483398438,-6806365894.680711,2025-11-20 20:35:35
er_524288_1_1.txt,erdos_renyi_10ins_m20,44,SpecAnn,0.7317329231804058,1.0,-133707696.0,-53578000.0,0.0189366340637207,0,True,49,33,True,68,32,0.9470036029815674,517.7368774414062,-6458581066.146917,2025-11-20 20:35:35
er_524288_1_1.txt,erdos_renyi_10ins_m20,44,SpecAnn,0.7370936756031579,1.0,-133748334.00000004,-54360794.000000015,0.0189549922943115,0,True,49,33,True,69,32,0.9455268383026124,492.2161254882813,-6130643773.274864,2025-11-20 20:35:35
er_524288_1_1.txt,erdos_renyi_10ins_m20,44,SpecAnn,0.7424157207132704,1.0,-133740058.0,-55153170.0,0.0189495086669921,0,True,49,33,True,70,32,0.9440136551856996,468.1271667480469,-5821280217.344645,2025-11-20 20:35:35
er_524288_1_1.txt,erdos_renyi_10ins_m20,44,SpecAnn,0.7476998850543153,1.0,-133819460.0,-55979246.0,0.0189490318298339,0,True,49,33,True,71,32,0.9424626231193542,445.3790283203125,-5529301641.397607,2025-11-20 20:35:35
er_524288_1_1.txt,erdos_renyi_10ins_m20,44,SpecAnn,0.7529469661657903,1.0,-133914372.0,-56853186.000000015,0.0189278125762939,0,True,49,33,True,72,32,0.9408724904060364,423.8869018554688,-5253601791.286873,2025-11-20 20:35:35
er_524288_1_1.txt,erdos_renyi_10ins_m20,44,SpecAnn,0.7581577339883167,1.0,-133779570.0,-57707777.99999998,0.0188884735107421,0,True,49,33,True,73,32,0.9392419457435608,403.5728759765625,-4993164026.589408,2025-11-20 20:35:35
er_524288_1_1.txt,erdos_renyi_10ins_m20,44,SpecAnn,0.7633329321824984,1.0,-133889204.00000004,-58526613.99999998,0.0186877250671386,0,True,49,33,True,74,32,0.9375693202018738,384.3638305664063,-4747033364.8898735,2025-11-20 20:35:35
er_524288_1_1.txt,erdos_renyi_10ins_m20,44,SpecAnn,0.7684732793678399,1.0,-133808756.0,-59395815.99999998,0.0186924934387207,0,True,49,33,True,75,32,0.9358530640602112,366.1917724609375,-4514323031.725626,2025-11-20 20:35:35
er_524288_1_1.txt,erdos_renyi_10ins_m20,44,SpecAnn,0.7735794702875677,1.0,-133936752.0,-60301429.99999999,0.0186753273010253,0,True,49,33,True,76,32,0.934091567993164,348.9936218261719,-4294210458.5236335,2025-11-20 20:35:35
er_524288_1_1.txt,erdos_renyi_10ins_m20,44,SpecAnn,0.7786521769046981,1.0,-133881588.0,-61321393.99999999,0.0186753273010253,0,True,49,33,True,77,32,0.9322830438613892,332.7106018066406,-4085928936.3260574,2025-11-20 20:35:35
er_524288_1_1.txt,erdos_renyi_10ins_m20,44,SpecAnn,0.7836920494342511,1.0,-134041050.0,-62345842.0,0.0187029838562011,0,True,49,33,True,78,32,0.930425465106964,317.28790283203125,-3888763090.547144,2025-11-20 20:35:35
er_524288_1_1.txt,erdos_renyi_10ins_m20,44,SpecAnn,0.788699717316095,1.0,-134155916.0,-63409096.000000015,0.0188813209533691,0,True,49,33,True,79,32,0.9285168051719666,302.6741943359375,-3702043752.667687,2025-11-20 20:35:35
er_524288_1_1.txt,erdos_renyi_10ins_m20,44,SpecAnn,0.7936757901325451,1.0,-134045272.0,-64433693.99999999,0.0188081264495849,0,True,49,33,True,80,32,0.9265550971031188,288.82196044921875,-3525151973.8526363,2025-11-20 20:35:35
er_524288_1_1.txt,erdos_renyi_10ins_m20,44,SpecAnn,0.7986208584745024,1.0,-134285352.00000003,-65583242.00000002,0.0188574790954589,0,True,49,33,True,81,32,0.9245376586914062,275.686279296875,-3357500929.2413645,2025-11-20 20:35:35
er_524288_1_1.txt,erdos_renyi_10ins_m20,44,SpecAnn,0.803535494759617,1.0,-134348876.0,-66734656.00000001,0.0189943313598632,0,True,49,33,True,82,32,0.922462284564972,263.2257080078125,-3198551185.2859445,2025-11-20 20:35:35
er_524288_1_1.txt,erdos_renyi_10ins_m20,44,SpecAnn,0.8084202540056837,1.0,-134329300.0,-67975960.0,0.0189845561981201,0,True,49,33,True,83,32,0.9203261137008668,251.4013519287109,-3047794896.6978164,2025-11-20 20:35:35
er_524288_1_1.txt,erdos_renyi_10ins_m20,44,SpecAnn,0.8132756745622272,1.0,-134294662.0,-69220597.99999997,0.0189459323883056,0,True,49,33,True,84,32,0.9181262850761414,240.1764678955078,-2904753330.688307,2025-11-20 20:35:35
er_524288_1_1.txt,erdos_renyi_10ins_m20,44,SpecAnn,0.8181022788030096,1.0,-134476009.99999997,-70505695.99999996,0.0189931392669677,0,True,49,33,True,85,32,0.9158597588539124,229.51719665527344,-2768984927.795601,2025-11-20 20:35:35
er_524288_1_1.txt,erdos_renyi_10ins_m20,44,SpecAnn,0.822900573781978,1.0,-134572552.0,-71874584.0,0.018946886062622,0,True,49,33,True,86,32,0.9135231375694276,219.3915252685547,-2640072070.677912,2025-11-20 20:35:35
er_524288_1_1.txt,erdos_renyi_10ins_m20,44,SpecAnn,0.8276710518549868,1.0,-134716661.99999997,-73289124.0,0.0189483165740966,0,True,49,33,True,87,32,0.9111127853393556,209.76954650878903,-2517624545.0437965,2025-11-20 20:35:36
er_524288_1_1.txt,erdos_renyi_10ins_m20,44,SpecAnn,0.8324141912694495,1.0,-134746269.99999997,-74793656.0,0.0189428329467773,0,True,49,33,True,88,32,0.9086248874664308,200.6231384277344,-2401275731.673144,2025-11-20 20:35:36
er_524288_1_1.txt,erdos_renyi_10ins_m20,44,SpecAnn,0.8371304567239225,1.0,-134802454.0,-76386193.99999999,0.01885986328125,0,True,49,33,True,89,32,0.9060551524162292,191.92613220214844,-2290683720.1863694,2025-11-20 20:35:36
er_524288_1_1.txt,erdos_renyi_10ins_m20,44,SpecAnn,0.8418202998994706,1.0,-134845712.0,-77958596.0,0.0187811851501464,0,True,49,33,True,90,32,0.9033989310264589,183.65359497070312,-2185523043.7618217,2025-11-20 20:35:36
er_524288_1_1.txt,erdos_renyi_10ins_m20,44,SpecAnn,0.846484159964536,1.0,-135047943.99999997,-79599176.00000003,0.0188181400299072,0,True,49,33,True,91,32,0.9006512761116028,175.7825469970703,-2085493330.314294,2025-11-20 20:35:36
er_524288_1_1.txt,erdos_renyi_10ins_m20,44,SpecAnn,0.8511224640549078,1.0,-135063975.99999997,-81355894.00000001,0.018798828125,0,True,49,33,True,92,32,0.8978068828582764,168.291259765625,-1990310689.885396,2025-11-20 20:35:36
er_524288_1_1.txt,erdos_renyi_10ins_m20,44,SpecAnn,0.8557356277302758,1.0,-135203806.0,-83195754.0,0.0188381671905517,0,True,49,33,True,93,32,0.8948594927787781,161.15911865234375,-1899704785.860605,2025-11-20 20:35:36
er_524288_1_1.txt,erdos_renyi_10ins_m20,44,SpecAnn,0.8603240554087516,1.0,-135454538.0,-85135664.0,0.0188572406768798,0,True,49,33,True,94,32,0.8918027877807617,154.36688232421875,-1813423929.6049016,2025-11-20 20:35:36
er_524288_1_1.txt,erdos_renyi_10ins_m20,44,SpecAnn,0.86488814078064,1.0,-135566422.0,-87104212.0,0.0190076828002929,0,True,49,33,True,95,32,0.8886297345161438,147.8966827392578,-1731233542.19689,2025-11-20 20:35:36
er_524288_1_1.txt,erdos_renyi_10ins_m20,44,SpecAnn,0.8694282672026621,1.0,-135894200.0,-89189703.99999999,0.0191047191619873,0,True,49,33,True,96,32,0.8853322863578796,141.7313232421875,-1652907414.8678238,2025-11-20 20:35:36
er_524288_1_1.txt,erdos_renyi_10ins_m20,44,SpecAnn,0.8739448080737451,1.0,-136031062.0,-91308997.99999996,0.0191371440887451,0,True,49,33,True,97,32,0.8819020390510559,135.8548583984375,-1578235851.0430834,2025-11-20 20:35:36
er_524288_1_1.txt,erdos_renyi_10ins_m20,44,SpecAnn,0.878438127193422,1.0,-136348777.99999997,-93488668.0,0.0191361904144287,0,True,49,33,True,98,32,0.878329336643219,130.2522430419922,-1507019886.412781,2025-11-20 20:35:36
er_524288_1_1.txt,erdos_renyi_10ins_m20,44,SpecAnn,0.8829085791038153,1.0,-136483038.0,-95668762.0,0.0191388130187988,0,True,49,33,True,99,32,0.8746037483215332,124.90917205810548,-1439070424.2674222,2025-11-20 20:35:36
er_524288_1_1.txt,erdos_renyi_10ins_m20,44,SpecAnn,0.8873565094161138,1.0,-136752936.0,-98055926.0,0.0191798210144042,0,True,49,33,True,100,32,0.870713472366333,119.81233215332033,-1374210206.3372178,2025-11-20 20:35:36
er_524288_1_1.txt,erdos_renyi_10ins_m20,44,SpecAnn,0.8917822551223932,1.0,-136914052.0,-100410242.0,0.0191321372985839,0,True,49,33,True,101,32,0.8666455745697021,114.94906616210938,-1312270466.3208082,2025-11-20 20:35:36
er_524288_1_1.txt,erdos_renyi_10ins_m20,44,SpecAnn,0.8961861448935777,1.0,-137199906.0,-102916014.0,0.0192413330078125,0,True,49,33,True,102,32,0.8623855710029602,110.30751037597656,-1253091972.7435982,2025-11-20 20:35:36
er_524288_1_1.txt,erdos_renyi_10ins_m20,44,SpecAnn,0.9005684993642872,1.0,-137544823.99999997,-105491464.0,0.0192861557006835,0,True,49,33,True,103,32,0.8579173684120178,105.87644958496094,-1196523446.469664,2025-11-20 20:35:36
er_524288_1_1.txt,erdos_renyi_10ins_m20,44,SpecAnn,0.9049296314052688,1.0,-137941542.0,-108052456.0,0.019437551498413,0,True,49,33,True,104,32,0.8532227277755737,101.64517211914062,-1142419361.311127,2025-11-20 20:35:36
er_524288_1_1.txt,erdos_renyi_10ins_m20,44,SpecAnn,0.9092698463840684,1.0,-138225308.0,-110677460.0,0.01947021484375,0,True,49,33,True,105,32,0.8482813835144043,97.603759765625,-1090643629.618541,2025-11-20 20:35:36
er_524288_1_1.txt,erdos_renyi_10ins_m20,44,SpecAnn,0.9135894424145556,1.0,-138720196.0,-113428094.0,0.0368804931640625,0,True,49,65,True,106,32,0.8430702090263367,93.7427978515625,-1041065460.8400716,2025-11-20 20:35:36
er_524288_1_1.txt,erdos_renyi_10ins_m20,44,SpecAnn,0.9178887105958816,1.0,-139253366.0,-116001356.0,0.0362076759338378,0,True,49,65,True,107,32,0.8375635147094727,90.0532455444336,-993558638.9835544,2025-11-20 20:35:36
er_524288_1_1.txt,erdos_renyi_10ins_m20,44,SpecAnn,0.922167935241408,1.0,-139742484.0,-118536255.99999996,0.0360500812530517,0,True,49,65,True,108,32,0.8317316174507141,86.52667999267578,-948002832.6225148,2025-11-20 20:35:36
er_524288_1_1.txt,erdos_renyi_10ins_m20,44,SpecAnn,0.92642739409812,1.0,-140249411.99999997,-120927530.0,0.0537865161895751,0,True,49,97,True,109,32,0.8255408406257629,83.15521240234375,-904283120.1787312,2025-11-20 20:35:36
er_524288_1_1.txt,erdos_renyi_10ins_m20,44,SpecAnn,0.9306673585570006,1.0,-140675474.0,-123037820.0,0.0539419651031494,0,True,49,97,True,110,32,0.8189517259597778,79.93118286132812,-862285188.2132622,2025-11-20 20:35:36
er_524288_1_1.txt,erdos_renyi_10ins_m20,44,SpecAnn,0.9348880938548184,1.0,-140990322.0,-124677272.0,0.1237995624542236,0,True,49,225,True,111,32,0.8119171261787415,76.84749603271484,-821897779.5677476,2025-11-20 20:35:36
er_524288_1_1.txt,erdos_renyi_10ins_m20,44,SpecAnn,0.9390898592677528,1.0,-140710412.0,-124139670.0,0.2625844478607178,0,True,49,481,True,112,32,0.8044084310531616,73.89736938476562,-783036445.1358186,2025-11-20 20:35:36
er_524288_1_1.txt,erdos_renyi_10ins_m20,44,SpecAnn,0.9432729082972536,1.0,-140360374.0,-122992330.0,0.280348539352417,0,True,49,513,True,113,32,0.7965334057807922,71.07441711425781,-745750725.8719077,2025-11-20 20:35:37
er_524288_1_1.txt,erdos_renyi_10ins_m20,44,SpecAnn,0.9474374888485204,1.0,-140190466.0,-122659790.0,0.0891158580780029,0,True,49,161,True,114,32,0.7883651256561279,68.37255859375,-710044585.822501,2025-11-20 20:35:37
er_524288_1_1.txt,erdos_renyi_10ins_m20,44,SpecAnn,0.9515838434019476,1.0,-140227320.0,-122513574.0,0.0718493461608886,0,True,49,129,True,115,32,0.7799057364463806,65.78604125976562,-675853008.6895922,2025-11-20 20:35:37
er_524288_1_1.txt,erdos_renyi_10ins_m20,44,SpecAnn,0.9557122091778746,1.0,-140198312.0,-122417186.0,0.0532765388488769,0,True,49,97,True,116,32,0.7711463570594788,63.30947113037109,-643104991.6944911,2025-11-20 20:35:37
er_524288_1_1.txt,erdos_renyi_10ins_m20,44,SpecAnn,0.9598228182949629,1.0,-140187989.99999997,-122402315.99999996,0.0537798404693603,0,True,49,97,True,117,32,0.7620776295661926,60.93762969970703,-611731936.7886277,2025-11-20 20:35:37
er_524288_1_1.txt,erdos_renyi_10ins_m20,44,SpecAnn,0.963915897922488,1.0,-140155430.0,-122352354.0,0.0540120601654052,0,True,49,97,True,118,32,0.7526901960372925,58.665672302246094,-581670039.6473838,2025-11-20 20:35:37
er_524288_1_1.txt,erdos_renyi_10ins_m20,44,SpecAnn,0.967991670426842,1.0,-140119688.0,-122294666.0,0.0536110401153564,0,True,49,97,True,119,32,0.7429733872413635,56.48892211914063,-552857148.6140113,2025-11-20 20:35:37
er_524288_1_1.txt,erdos_renyi_10ins_m20,44,SpecAnn,0.9720503535125016,1.0,-140113250.0,-122276342.0,0.0366172790527343,0,True,49,65,True,120,32,0.7329177856445312,54.402957916259766,-525235603.7734076,2025-11-20 20:35:37
er_524288_1_1.txt,erdos_renyi_10ins_m20,44,SpecAnn,0.9760921603577252,1.0,-140207096.0,-122242342.0,0.0541167259216308,0,True,49,97,True,121,32,0.7225126028060913,52.40364837646485,-498750488.9811111,2025-11-20 20:35:37
er_524288_1_1.txt,erdos_renyi_10ins_m20,44,SpecAnn,0.9801172997452104,1.0,-140142491.99999997,-122219390.0,0.0190358161926269,0,True,49,33,True,122,32,0.7117471098899841,50.48698806762695,-473349103.0515338,2025-11-20 20:35:37
er_524288_1_1.txt,erdos_renyi_10ins_m20,44,SpecAnn,0.9841259761879442,1.0,-140135474.0,-122165786.0,0.0533101558685302,0,True,49,97,True,123,32,0.7006098031997681,48.64923858642578,-448981701.02310216,2025-11-20 20:35:37
er_524288_1_1.txt,erdos_renyi_10ins_m20,44,SpecAnn,0.9881183900504562,1.0,-140112629.99999997,-122142180.0,0.0535929203033447,0,True,49,97,True,124,32,0.6890891194343567,46.88678741455078,-425600621.0557691,2025-11-20 20:35:37
er_524288_1_1.txt,erdos_renyi_10ins_m20,44,SpecAnn,0.9920947376656812,1.0,-140124430.00000003,-122141940.0,0.0366504192352294,0,True,49,65,True,125,32,0.6771739721298218,45.19625854492188,-403161567.64848286,2025-11-20 20:35:37
er_524288_1_1.txt,erdos_renyi_10ins_m20,44,SpecAnn,0.9960552114476228,1.0,-140117504.0,-122129870.0,0.053929328918457,0,True,49,97,True,126,32,0.6648523807525635,43.57442474365234,-381621886.7038191,2025-11-20 20:35:37
er_524288_1_1.txt,erdos_renyi_10ins_m20,44,SpecAnn,1.0,1.0,-140055780.0,-122121822.0,0.0363471508026123,0,True,49,65,True,127,32,0.6521109342575073,42.01817321777344,-360940015.84166014,2025-11-20 20:35:37
er_524288_1_1.txt,erdos_renyi_10ins_m20,45,SpecAnn,0.0,1.0,-132872020.0,-27046620.0,0.0338573455810546,0,True,53,33,True,0,32,0.9984050393104552,524289.0,-6895318884634.275,2025-11-20 20:35:41
er_524288_1_1.txt,erdos_renyi_10ins_m20,45,SpecAnn,0.0887356509416113,1.0,-133031142.0,-27450874.0,0.0182113647460937,0,True,53,33,True,1,32,0.9975730776786804,226255.125,-2973171701695.55,2025-11-20 20:35:41
er_524288_1_1.txt,erdos_renyi_10ins_m20,45,SpecAnn,0.1254911610276317,1.0,-132921410.0,-27688420.0,0.0186667442321777,0,True,53,33,True,2,32,0.9971120357513428,159755.375,-2098342044719.9937,2025-11-20 20:35:41
er_524288_1_1.txt,erdos_renyi_10ins_m20,45,SpecAnn,0.1536946558735679,1.0,-132837894.0,-27892846.000000004,0.0189692974090576,0,True,53,33,True,3,32,0.9966995120048524,122318.6875,-1605956964932.167,2025-11-20 20:35:41
er_524288_1_1.txt,erdos_renyi_10ins_m20,45,SpecAnn,0.1774713018832227,1.0,-132793178.0,-28091004.0,0.0191001892089843,0,True,53,33,True,4,32,0.996306300163269,97665.421875,-1281771326871.6145,2025-11-20 20:35:41
er_524288_1_1.txt,erdos_renyi_10ins_m20,45,SpecAnn,0.1984189475331362,1.0,-132914922.0,-28298819.999999966,0.0190155506134033,0,True,53,33,True,5,32,0.9959211945533752,80098.890625,-1050819978688.159,2025-11-20 20:35:42
er_524288_1_1.txt,erdos_renyi_10ins_m20,45,SpecAnn,0.2173570668006655,1.0,-132841032.0,-28477943.99999997,0.0188469886779785,0,True,53,33,True,6,32,0.9955384731292723,66954.34375,-878038686012.7328,2025-11-20 20:35:42
er_524288_1_1.txt,erdos_renyi_10ins_m20,45,SpecAnn,0.2347724648169381,1.0,-132952338.0,-28676817.999999985,0.0187659263610839,0,True,53,33,True,7,32,0.995154857635498,56779.9609375,-744324992839.944,2025-11-20 20:35:42
er_524288_1_1.txt,erdos_renyi_10ins_m20,45,SpecAnn,0.2509823220552634,1.0,-132914048.0,-28857694.0,0.0186822414398193,0,True,53,33,True,8,32,0.9947681427001952,48704.6796875,-638218524157.8395,2025-11-20 20:35:42
er_524288_1_1.txt,erdos_renyi_10ins_m20,45,SpecAnn,0.2662069528248341,1.0,-132819380.00000004,-29083842.0,0.0187575817108154,0,True,53,33,True,9,32,0.9943767786026,42169.578125,-552366174060.082,2025-11-20 20:35:42
er_524288_1_1.txt,erdos_renyi_10ins_m20,45,SpecAnn,0.2806067666331568,1.0,-132829098.00000004,-29306612.0,0.0188560485839843,0,True,53,33,True,10,32,0.9939796924591064,36797.72265625,-481809433210.2061,2025-11-20 20:35:42
er_524288_1_1.txt,erdos_renyi_10ins_m20,45,SpecAnn,0.2943028597012718,1.0,-133137706.0,-29510746.00000001,0.0188527107238769,0,True,53,33,True,11,32,0.9935758709907532,32324.94140625,-423073309402.1995,2025-11-20 20:35:42
er_524288_1_1.txt,erdos_renyi_10ins_m20,45,SpecAnn,0.3073893117471359,1.0,-132952166.0,-29710850.000000004,0.0188324451446533,0,True,53,33,True,12,32,0.9931647181510924,28560.2734375,-373646130736.003,2025-11-20 20:35:42
er_524288_1_1.txt,erdos_renyi_10ins_m20,45,SpecAnn,0.3199409394316542,1.0,-133083144.0,-29944342.00000001,0.0188574790954589,0,True,53,33,True,13,32,0.992745578289032,25362.228515625,-331666965923.68286,2025-11-20 20:35:42
er_524288_1_1.txt,erdos_renyi_10ins_m20,45,SpecAnn,0.3320184038158743,1.0,-132957870.0,-30177348.0,0.018824815750122,0,True,53,33,True,14,32,0.9923179745674132,22623.6640625,-295726774679.0779,2025-11-20 20:35:42
er_524288_1_1.txt,erdos_renyi_10ins_m20,45,SpecAnn,0.3436716983117353,1.0,-133071621.99999996,-30414744.00000003,0.0189578533172607,0,True,53,33,True,15,32,0.9918813109397888,20262.05859375,-264740338307.9484,2025-11-20 20:35:42
er_524288_1_1.txt,erdos_renyi_10ins_m20,45,SpecAnn,0.3549426037664455,1.0,-133109916.0,-30663546.00000001,0.0189476013183593,0,True,53,33,True,16,32,0.9914352893829346,18212.83203125,-237858513691.4421,2025-11-20 20:35:42
er_524288_1_1.txt,erdos_renyi_10ins_m20,45,SpecAnn,0.3658664615902029,1.0,-132882092.0,-30920839.999999985,0.0189652442932128,0,True,53,33,True,17,32,0.9909794926643372,16424.763671875,-214407830274.1059,2025-11-20 20:35:42
er_524288_1_1.txt,erdos_renyi_10ins_m20,45,SpecAnn,0.3764734830828951,1.0,-132979454.0,-31194538.0,0.0189526081085205,0,True,53,33,True,18,32,0.9905136823654176,14856.765625,-193848121312.4276,2025-11-20 20:35:42
er_524288_1_1.txt,erdos_renyi_10ins_m20,45,SpecAnn,0.3867897351437838,1.0,-133040540.0,-31447040.00000001,0.0191576480865478,0,True,53,33,True,19,32,0.9900373816490172,13475.5283203125,-175741463727.66165,2025-11-20 20:35:42
er_524288_1_1.txt,erdos_renyi_10ins_m20,45,SpecAnn,0.3968378950662725,1.0,-133005382.0,-31713689.99999998,0.0191342830657959,0,True,53,33,True,20,32,0.9895502924919128,12253.7890625,-159729494351.16397,2025-11-20 20:35:42
er_524288_1_1.txt,erdos_renyi_10ins_m20,45,SpecAnn,0.4066378372811136,1.0,-133206072.0,-31986220.0,0.0190393924713134,0,True,53,33,True,21,32,0.9890522360801696,11169.048828125,-145516507886.86002,2025-11-20 20:35:42
er_524288_1_1.txt,erdos_renyi_10ins_m20,45,SpecAnn,0.4162070956347247,1.0,-133076374.0,-32224942.000000004,0.0188879966735839,0,True,53,33,True,22,32,0.9885427355766296,10202.609375,-132856728321.3224,2025-11-20 20:35:42
er_524288_1_1.txt,erdos_renyi_10ins_m20,45,SpecAnn,0.4255612320274539,1.0,-133090258.0,-32491582.000000007,0.0188236236572265,0,True,53,33,True,23,32,0.9880216121673584,9338.810546875,-121544372236.77242,2025-11-20 20:35:42
er_524288_1_1.txt,erdos_renyi_10ins_m20,45,SpecAnn,0.434714133601331,1.0,-133166770.0,-32793111.999999985,0.0187973976135253,0,True,53,33,True,24,32,0.987488567829132,8564.455078125,-111406019549.52252,2025-11-20 20:35:42
er_524288_1_1.txt,erdos_renyi_10ins_m20,45,SpecAnn,0.4436782547080569,1.0,-132947872.0,-33051823.99999999,0.0188815593719482,0,True,53,33,True,25,32,0.9869433045387268,7868.3720703125,-102294889723.65791,2025-11-20 20:35:42
er_524288_1_1.txt,erdos_renyi_10ins_m20,45,SpecAnn,0.4524648157026343,1.0,-133167079.99999996,-33350647.99999998,0.0188009738922119,0,True,53,33,True,26,32,0.986385464668274,7241.03662109375,-94085837050.51604,2025-11-20 20:35:42
er_524288_1_1.txt,erdos_renyi_10ins_m20,45,SpecAnn,0.4610839676207039,1.0,-133106937.99999996,-33619984.0,0.0188081264495849,0,True,53,33,True,27,32,0.9858149886131288,6674.296875,-86671793310.08664,2025-11-20 20:35:42
er_524288_1_1.txt,erdos_renyi_10ins_m20,45,SpecAnn,0.4695449296338763,1.0,-133104540.0,-33921345.999999985,0.0188183784484863,0,True,53,33,True,28,32,0.985231339931488,6161.1455078125,-79960689258.14967,2025-11-20 20:35:42
er_524288_1_1.txt,erdos_renyi_10ins_m20,45,SpecAnn,0.4778561045889373,1.0,-133164582.0,-34235600.0,0.0188541412353515,0,True,53,33,True,29,32,0.9846343398094176,5695.5263671875,-73872992147.0005,2025-11-20 20:35:42
er_524288_1_1.txt,erdos_renyi_10ins_m20,45,SpecAnn,0.4860251767562508,1.0,-133045762.0,-34537879.99999998,0.0189521312713623,0,True,53,33,True,30,32,0.9840236902236938,5272.189453125,-68339753404.14555,2025-11-20 20:35:42
er_524288_1_1.txt,erdos_renyi_10ins_m20,45,SpecAnn,0.4940591950252281,1.0,-133175058.0,-34832933.99999999,0.0190017223358154,0,True,53,33,True,31,32,0.983398973941803,4886.5712890625,-63301038506.11439,2025-11-20 20:35:42
er_524288_1_1.txt,erdos_renyi_10ins_m20,45,SpecAnn,0.5019646441105269,1.0,-133136754.0,-35127959.99999998,0.0189533233642578,0,True,53,33,True,32,32,0.98276025056839,4534.68212890625,-58704484264.73119,2025-11-20 20:35:42
er_524288_1_1.txt,erdos_renyi_10ins_m20,45,SpecAnn,0.5097475058154177,1.0,-133280744.0,-35452714.0,0.01898193359375,0,True,53,33,True,33,32,0.9821069240570068,4213.0244140625,-54504152866.66031,2025-11-20 20:35:42
er_524288_1_1.txt,erdos_renyi_10ins_m20,45,SpecAnn,0.51741331199832,1.0,-132956752.0,-35808690.000000015,0.0189821720123291,0,True,53,33,True,34,32,0.9814387559890748,3918.52880859375,-50659755925.10343,2025-11-20 20:35:42
er_524288_1_1.txt,erdos_renyi_10ins_m20,45,SpecAnn,0.5249671905758515,1.0,-133245766.0,-36181711.99999999,0.018956184387207,0,True,53,33,True,35,32,0.9807553887367249,3648.4892578125,-47135771536.51068,2025-11-20 20:35:42
er_524288_1_1.txt,erdos_renyi_10ins_m20,45,SpecAnn,0.5324139056496683,1.0,-133229740.0,-36549041.99999999,0.0190708637237548,0,True,53,33,True,36,32,0.9800565242767334,3400.5126953125,-43900793481.67833,2025-11-20 20:35:42
er_524288_1_1.txt,erdos_renyi_10ins_m20,45,SpecAnn,0.5397578926492556,1.0,-133220202.0,-36923439.99999998,0.0191791057586669,0,True,53,33,True,37,32,0.9793418645858764,3172.478759765625,-40926997817.96561,2025-11-20 20:35:42
er_524288_1_1.txt,erdos_renyi_10ins_m20,45,SpecAnn,0.5470032892270364,1.0,-132964276.0,-37305206.0,0.0190072059631347,0,True,53,33,True,38,32,0.9786110520362854,2962.5068359375,-38189706666.30862,2025-11-20 20:35:42
er_524288_1_1.txt,erdos_renyi_10ins_m20,45,SpecAnn,0.554153962516942,1.0,-133195930.0,-37716567.99999998,0.0188331604003906,0,True,53,33,True,39,32,0.977863907814026,2768.916259765625,-35666876976.48935,2025-11-20 20:35:42
er_524288_1_1.txt,erdos_renyi_10ins_m20,45,SpecAnn,0.5612135332663137,1.0,-133098560.0,-38067141.99999999,0.0187568664550781,0,True,53,33,True,40,32,0.97709983587265,2590.215087890625,-33338926711.93156,2025-11-20 20:35:42
er_524288_1_1.txt,erdos_renyi_10ins_m20,45,SpecAnn,0.5681853972686127,1.0,-133144850.0,-38450271.99999999,0.018752098083496,0,True,53,33,True,41,32,0.976318657398224,2425.064453125,-31188301196.51876,2025-11-20 20:35:42
er_524288_1_1.txt,erdos_renyi_10ins_m20,45,SpecAnn,0.5750727444570146,1.0,-133390320.0,-38879029.99999997,0.0187971591949462,0,True,53,33,True,42,32,0.9755197763442992,2272.264404296875,-29199256188.504032,2025-11-20 20:35:42
er_524288_1_1.txt,erdos_renyi_10ins_m20,45,SpecAnn,0.5818785759635375,1.0,-133349575.99999996,-39302741.99999998,0.0188558101654052,0,True,53,33,True,43,32,0.9747030735015868,2130.739990234375,-27357703452.84126,2025-11-20 20:35:42
er_524288_1_1.txt,erdos_renyi_10ins_m20,45,SpecAnn,0.5886057194025436,1.0,-133293213.99999996,-39742153.99999998,0.0187861919403076,0,True,53,33,True,44,32,0.9738680124282836,1999.524169921875,-25650958893.093346,2025-11-20 20:35:42
er_524288_1_1.txt,erdos_renyi_10ins_m20,45,SpecAnn,0.5952568425994088,1.0,-133504594.0,-40215051.99999999,0.0189664363861084,0,True,53,33,True,45,32,0.9730141162872314,1877.741943359375,-24067550595.961945,2025-11-20 20:35:42
er_524288_1_1.txt,erdos_renyi_10ins_m20,45,SpecAnn,0.6018344659534288,1.0,-133344664.0,-40681763.99999999,0.0194344520568847,0,True,53,33,True,46,32,0.9721411466598512,1764.60888671875,-22597200169.0239,2025-11-20 20:35:42
er_524288_1_1.txt,erdos_renyi_10ins_m20,45,SpecAnn,0.6083409735974393,1.0,-133314306.0,-41160866.0,0.0194106101989746,0,True,53,33,True,47,32,0.9712485671043396,1659.4122314453125,-21230563594.4304,2025-11-20 20:35:42
er_524288_1_1.txt,erdos_renyi_10ins_m20,45,SpecAnn,0.6147786234942719,1.0,-133397224.0,-41604160.0,0.0194191932678222,0,True,53,33,True,48,32,0.9703359603881836,1561.5078125,-19959200145.73736,2025-11-20 20:35:42
er_524288_1_1.txt,erdos_renyi_10ins_m20,45,SpecAnn,0.6211495565912796,1.0,-133450106.0,-42032794.00000002,0.019324779510498,0,True,53,33,True,49,32,0.9694029092788696,1470.311767578125,-18775460477.622726,2025-11-20 20:35:42
er_524288_1_1.txt,erdos_renyi_10ins_m20,45,SpecAnn,0.6274558051381586,1.0,-133290946.0,-42505314.0,0.0192756652832031,0,True,53,33,True,50,32,0.9684487581253052,1385.2919921875,-17672370811.647392,2025-11-20 20:35:42
er_524288_1_1.txt,erdos_renyi_10ins_m20,45,SpecAnn,0.6336993002596786,1.0,-133226784.0,-42987292.00000001,0.0190978050231933,0,True,53,33,True,51,32,0.9674732089042664,1305.9683837890625,-16643645458.589926,2025-11-20 20:35:42
er_524288_1_1.txt,erdos_renyi_10ins_m20,45,SpecAnn,0.6398818788633085,1.0,-133364634.0,-43490978.00000001,0.0191309452056884,0,True,53,33,True,52,32,0.9664756655693054,1231.900146484375,-15683510380.60901,2025-11-20 20:35:42
er_524288_1_1.txt,erdos_renyi_10ins_m20,45,SpecAnn,0.6460052899517691,1.0,-133467050.0,-43990358.00000001,0.0191388130187988,0,True,53,33,True,53,32,0.9654554724693298,1162.68603515625,-14786709816.133904,2025-11-20 20:35:42
er_524288_1_1.txt,erdos_renyi_10ins_m20,45,SpecAnn,0.6520712004019966,1.0,-133299902.0,-44511084.000000015,0.0191237926483154,0,True,53,33,True,54,32,0.9644122123718262,1097.961669921875,-13948474908.467249,2025-11-20 20:35:42
er_524288_1_1.txt,erdos_renyi_10ins_m20,45,SpecAnn,0.6580812002646271,1.0,-133347442.0,-45011222.00000003,0.0191450119018554,0,True,53,33,True,55,32,0.9633454084396362,1037.39208984375,-13164422410.034676,2025-11-20 20:35:42
er_524288_1_1.txt,erdos_renyi_10ins_m20,45,SpecAnn,0.6640368076317485,1.0,-133305840.0,-45595282.00000001,0.0190737247467041,0,True,53,33,True,56,32,0.9622542262077332,980.6710815429688,-12430541312.12618,2025-11-20 20:35:42
er_524288_1_1.txt,erdos_renyi_10ins_m20,45,SpecAnn,0.6699394731151429,1.0,-133405256.0,-46164627.99999999,0.0188946723937988,0,True,53,33,True,57,32,0.961138129234314,927.519287109375,-11743176839.25766,2025-11-20 20:35:42
er_524288_1_1.txt,erdos_renyi_10ins_m20,45,SpecAnn,0.6757905839724513,1.0,-133515720.0,-46717560.00000001,0.0188212394714355,0,True,53,33,True,58,32,0.959996461868286,877.6788330078125,-11098955298.515272,2025-11-20 20:35:43
er_524288_1_1.txt,erdos_renyi_10ins_m20,45,SpecAnn,0.6815914679145113,1.0,-133348132.0,-47360684.0,0.0188097953796386,0,True,53,33,True,59,32,0.9588285088539124,830.9147338867188,-10494801862.081509,2025-11-20 20:35:43
er_524288_1_1.txt,erdos_renyi_10ins_m20,45,SpecAnn,0.6873433966234707,1.0,-133434040.0,-47995306.0,0.0187857151031494,0,True,53,33,True,60,32,0.9576334953308104,787.0089111328125,-9927864089.32492,2025-11-20 20:35:43
er_524288_1_1.txt,erdos_renyi_10ins_m20,45,SpecAnn,0.6930475890080863,1.0,-133378416.0,-48598343.99999996,0.0188736915588378,0,True,53,33,True,61,32,0.9564108848571776,745.7630615234375,-9395550341.798916,2025-11-20 20:35:43
er_524288_1_1.txt,erdos_renyi_10ins_m20,45,SpecAnn,0.6987052142198116,1.0,-133461698.0,-49265445.99999997,0.0187962055206298,0,True,53,33,True,62,32,0.9551596641540528,706.9927978515625,-8895447667.93968,2025-11-20 20:35:43
er_524288_1_1.txt,erdos_renyi_10ins_m20,45,SpecAnn,0.7043173944508145,1.0,-133475482.0,-49915173.99999999,0.0188393592834472,0,True,53,33,True,63,32,0.9538790583610536,670.52880859375,-8425343211.701623,2025-11-20 20:35:43
er_524288_1_1.txt,erdos_renyi_10ins_m20,45,SpecAnn,0.709885207532891,1.0,-133517190.0,-50597060.00000001,0.0188696384429931,0,True,53,33,True,64,32,0.952568292617798,636.2152099609375,-7983200084.099859,2025-11-20 20:35:43
er_524288_1_1.txt,erdos_renyi_10ins_m20,45,SpecAnn,0.7154096893543218,1.0,-133683624.0,-51303644.000000015,0.018862247467041,0,True,53,33,True,65,32,0.9512263536453248,603.9071655273438,-7567124890.493185,2025-11-20 20:35:43
er_524288_1_1.txt,erdos_renyi_10ins_m20,45,SpecAnn,0.7208918361100219,1.0,-133665782.0,-52006726.000000015,0.018958568572998,0,True,53,33,True,66,32,0.9498522281646729,573.4722290039062,-7175386227.017068,2025-11-20 20:35:43
er_524288_1_1.txt,erdos_renyi_10ins_m20,45,SpecAnn,0.7263326063988248,1.0,-133668889.99999996,-52783471.99999999,0.0189859867095947,0,True,53,33,True,67,32,0.9484450221061708,544.78662109375,-6806368218.372834,2025-11-20 20:35:43
er_524288_1_1.txt,erdos_renyi_10ins_m20,45,SpecAnn,0.7317329231804058,1.0,-133786535.99999996,-53577999.99999999,0.0191209316253662,0,True,53,33,True,68,32,0.9470036029815674,517.7364501953125,-6458582600.581757,2025-11-20 20:35:43
er_524288_1_1.txt,erdos_renyi_10ins_m20,45,SpecAnn,0.7370936756031579,1.0,-133753284.0,-54360793.99999998,0.0191419124603271,0,True,53,33,True,69,32,0.945526957511902,492.2157287597656,-6130646120.525688,2025-11-20 20:35:43
er_524288_1_1.txt,erdos_renyi_10ins_m20,45,SpecAnn,0.7424157207132704,1.0,-133644655.99999996,-55153169.99999998,0.0191226005554199,0,True,53,33,True,70,32,0.9440137147903442,468.1268005371094,-5821282217.82532,2025-11-20 20:35:43
er_524288_1_1.txt,erdos_renyi_10ins_m20,45,SpecAnn,0.7476998850543153,1.0,-133812834.0,-55979245.99999999,0.0190980434417724,0,True,53,33,True,71,32,0.942462682723999,445.378662109375,-5529303321.184692,2025-11-20 20:35:43
er_524288_1_1.txt,erdos_renyi_10ins_m20,45,SpecAnn,0.7529469661657903,1.0,-133903006.0,-56853186.0,0.0191051959991455,0,True,53,33,True,72,32,0.9408725500106812,423.8865966796875,-5253603925.319214,2025-11-20 20:35:43
er_524288_1_1.txt,erdos_renyi_10ins_m20,45,SpecAnn,0.7581577339883167,1.0,-133774786.0,-57707778.00000002,0.0190300941467285,0,True,53,33,True,73,32,0.939241886138916,403.5725708007813,-4993165240.697208,2025-11-20 20:35:43
er_524288_1_1.txt,erdos_renyi_10ins_m20,45,SpecAnn,0.7633329321824984,1.0,-133733603.99999996,-58526613.99999999,0.018836498260498,0,True,53,33,True,74,32,0.9375693202018738,384.3635559082031,-4747035017.905672,2025-11-20 20:35:43
er_524288_1_1.txt,erdos_renyi_10ins_m20,45,SpecAnn,0.7684732793678399,1.0,-133967640.0,-59395815.99999997,0.0186986923217773,0,True,53,33,True,75,32,0.935853123664856,366.19146728515625,-4514324354.930661,2025-11-20 20:35:43
er_524288_1_1.txt,erdos_renyi_10ins_m20,45,SpecAnn,0.7735794702875677,1.0,-133839516.0,-60301429.99999999,0.0186338424682617,0,True,53,33,True,76,32,0.9340916872024536,348.99334716796875,-4294212190.8913593,2025-11-20 20:35:43
er_524288_1_1.txt,erdos_renyi_10ins_m20,45,SpecAnn,0.7786521769046981,1.0,-134001553.99999996,-61321394.0,0.0187766551971435,0,True,53,33,True,77,32,0.9322830438613892,332.7103576660156,-4085930280.624208,2025-11-20 20:35:43
er_524288_1_1.txt,erdos_renyi_10ins_m20,45,SpecAnn,0.7836920494342511,1.0,-134053672.0,-62345842.00000001,0.018822431564331,0,True,53,33,True,78,32,0.930425465106964,317.28765869140625,-3888764231.271367,2025-11-20 20:35:43
er_524288_1_1.txt,erdos_renyi_10ins_m20,45,SpecAnn,0.788699717316095,1.0,-134174832.0,-63409095.99999998,0.0188319683074951,0,True,53,33,True,79,32,0.928516924381256,302.6739501953125,-3702045176.378436,2025-11-20 20:35:43
er_524288_1_1.txt,erdos_renyi_10ins_m20,45,SpecAnn,0.7936757901325451,1.0,-134176114.0,-64433680.00000001,0.0187978744506835,0,True,53,33,True,80,32,0.9265550971031188,288.8217163085937,-3525152740.577997,2025-11-20 20:35:43
er_524288_1_1.txt,erdos_renyi_10ins_m20,45,SpecAnn,0.7986208584745024,1.0,-134091162.0,-65583242.0,0.0188729763031005,0,True,53,33,True,81,32,0.924537718296051,275.68603515625,-3357501740.732287,2025-11-20 20:35:43
er_524288_1_1.txt,erdos_renyi_10ins_m20,45,SpecAnn,0.803535494759617,1.0,-134324145.99999997,-66734655.99999999,0.0190081596374511,0,True,53,33,True,82,32,0.922462284564972,263.2254638671875,-3198551618.0624137,2025-11-20 20:35:43
er_524288_1_1.txt,erdos_renyi_10ins_m20,45,SpecAnn,0.8084202540056837,1.0,-134457481.99999997,-67976475.99999997,0.01896333694458,0,True,53,33,True,83,32,0.9203261137008668,251.401123046875,-3047795361.106316,2025-11-20 20:35:43
er_524288_1_1.txt,erdos_renyi_10ins_m20,45,SpecAnn,0.8132756745622272,1.0,-134370514.0,-69220598.0,0.0189778804779052,0,True,53,33,True,84,32,0.9181264042854308,240.1762542724609,-2904754211.400955,2025-11-20 20:35:43
er_524288_1_1.txt,erdos_renyi_10ins_m20,45,SpecAnn,0.8181022788030096,1.0,-134386420.00000003,-70505695.99999999,0.0190169811248779,0,True,53,33,True,85,32,0.9158596992492676,229.5170135498047,-2768985481.4083304,2025-11-20 20:35:43
er_524288_1_1.txt,erdos_renyi_10ins_m20,45,SpecAnn,0.822900573781978,1.0,-134545272.0,-71874584.0,0.0191335678100585,0,True,53,33,True,86,32,0.9135231375694276,219.391342163086,-2640072673.1250377,2025-11-20 20:35:43
er_524288_1_1.txt,erdos_renyi_10ins_m20,45,SpecAnn,0.8276710518549868,1.0,-134620296.0,-73289123.99999999,0.0191447734832763,0,True,53,33,True,87,32,0.911112904548645,209.7693786621093,-2517625535.7056007,2025-11-20 20:35:43
er_524288_1_1.txt,erdos_renyi_10ins_m20,45,SpecAnn,0.8324141912694495,1.0,-134688019.99999997,-74793655.99999996,0.0191211700439453,0,True,53,33,True,88,32,0.9086249470710754,200.6229553222656,-2401276249.66274,2025-11-20 20:35:43
er_524288_1_1.txt,erdos_renyi_10ins_m20,45,SpecAnn,0.8371304567239225,1.0,-134753695.99999997,-76386194.0,0.0189783573150634,0,True,53,33,True,89,32,0.906055212020874,191.92596435546875,-2290684302.1258945,2025-11-20 20:35:43
er_524288_1_1.txt,erdos_renyi_10ins_m20,45,SpecAnn,0.8418202998994706,1.0,-134856715.99999997,-77958595.99999999,0.0188593864440917,0,True,53,33,True,90,32,0.9033989906311036,183.6534576416016,-2185523876.4813337,2025-11-20 20:35:43
er_524288_1_1.txt,erdos_renyi_10ins_m20,45,SpecAnn,0.846484159964536,1.0,-134985271.99999997,-79599176.0,0.0187921524047851,0,True,53,33,True,91,32,0.9006513357162476,175.78237915039062,-2085493693.450152,2025-11-20 20:35:43
er_524288_1_1.txt,erdos_renyi_10ins_m20,45,SpecAnn,0.8511224640549078,1.0,-135334635.99999997,-81355894.0,0.0186564922332763,0,True,53,33,True,92,32,0.8978068828582764,168.29110717773438,-1990311000.5927184,2025-11-20 20:35:43
er_524288_1_1.txt,erdos_renyi_10ins_m20,45,SpecAnn,0.8557356277302758,1.0,-135302905.99999997,-83195754.00000003,0.0187492370605468,0,True,53,33,True,93,32,0.8948595523834229,161.15896606445312,-1899705132.7314336,2025-11-20 20:35:43
er_524288_1_1.txt,erdos_renyi_10ins_m20,45,SpecAnn,0.8603240554087516,1.0,-135526327.99999997,-85135664.00000001,0.0188703536987304,0,True,53,33,True,94,32,0.8918029069900513,154.36672973632812,-1813424306.789668,2025-11-20 20:35:43
er_524288_1_1.txt,erdos_renyi_10ins_m20,45,SpecAnn,0.86488814078064,1.0,-135636374.0,-87104129.99999999,0.0188407897949218,0,True,53,33,True,95,32,0.8886297941207886,147.89654541015625,-1731233890.7401123,2025-11-20 20:35:43
er_524288_1_1.txt,erdos_renyi_10ins_m20,45,SpecAnn,0.8694282672026621,1.0,-135751630.0,-89189180.0,0.0189647674560546,0,True,53,33,True,96,32,0.8853323459625244,141.731201171875,-1652907859.242486,2025-11-20 20:35:43
er_524288_1_1.txt,erdos_renyi_10ins_m20,45,SpecAnn,0.8739448080737451,1.0,-135972818.0,-91309505.99999996,0.0191414356231689,0,True,53,33,True,97,32,0.8819020986557007,135.854736328125,-1578236216.9586844,2025-11-20 20:35:43
er_524288_1_1.txt,erdos_renyi_10ins_m20,45,SpecAnn,0.878438127193422,1.0,-136264376.0,-93488668.0,0.0192229747772216,0,True,53,33,True,98,32,0.8783293962478638,130.2521209716797,-1507020177.986016,2025-11-20 20:35:43
er_524288_1_1.txt,erdos_renyi_10ins_m20,45,SpecAnn,0.8829085791038153,1.0,-136481662.0,-95668762.0,0.0192139148712158,0,True,53,33,True,99,32,0.8746037483215332,124.90904998779295,-1439070547.3462403,2025-11-20 20:35:43
er_524288_1_1.txt,erdos_renyi_10ins_m20,45,SpecAnn,0.8873565094161138,1.0,-136760608.0,-98055926.0,0.0192508697509765,0,True,53,33,True,100,32,0.870713472366333,119.81221771240234,-1374210354.245032,2025-11-20 20:35:43
er_524288_1_1.txt,erdos_renyi_10ins_m20,45,SpecAnn,0.8917822551223932,1.0,-137010644.0,-100410242.0,0.0191900730133056,0,True,53,33,True,101,32,0.8666455745697021,114.9489517211914,-1312270554.5314188,2025-11-20 20:35:43
er_524288_1_1.txt,erdos_renyi_10ins_m20,45,SpecAnn,0.8961861448935777,1.0,-137338048.0,-102916014.0,0.019209861755371,0,True,53,33,True,102,32,0.862385630607605,110.3073959350586,-1253092091.0899708,2025-11-20 20:35:43
er_524288_1_1.txt,erdos_renyi_10ins_m20,45,SpecAnn,0.9005684993642872,1.0,-137532422.0,-105491464.0,0.0191395282745361,0,True,53,33,True,103,32,0.8579174280166626,105.8763427734375,-1196523594.1726103,2025-11-20 20:35:43
er_524288_1_1.txt,erdos_renyi_10ins_m20,45,SpecAnn,0.9049296314052688,1.0,-137886899.99999997,-108052455.99999996,0.0191001892089843,0,True,53,33,True,104,32,0.8532227277755737,101.64508056640624,-1142419546.4860804,2025-11-20 20:35:43
er_524288_1_1.txt,erdos_renyi_10ins_m20,45,SpecAnn,0.9092698463840684,1.0,-138382150.0,-110677460.0,0.01914644241333,0,True,53,33,True,105,32,0.8482814431190491,97.60366821289062,-1090643842.3597877,2025-11-20 20:35:43
er_524288_1_1.txt,erdos_renyi_10ins_m20,45,SpecAnn,0.9135894424145556,1.0,-138701212.0,-113428094.0,0.0365784168243408,0,True,53,65,True,106,32,0.8430702686309814,93.74270629882812,-1041065624.1428524,2025-11-20 20:35:43
er_524288_1_1.txt,erdos_renyi_10ins_m20,45,SpecAnn,0.9178887105958816,1.0,-139322232.0,-116001356.0,0.0361745357513427,0,True,53,65,True,107,32,0.8375635147094727,90.05314636230469,-993558600.6590426,2025-11-20 20:35:43
er_524288_1_1.txt,erdos_renyi_10ins_m20,45,SpecAnn,0.922167935241408,1.0,-139751113.99999997,-118538518.0,0.0362536907196044,0,True,53,65,True,108,32,0.8317317366600037,86.52659606933594,-948003056.5531176,2025-11-20 20:35:44
er_524288_1_1.txt,erdos_renyi_10ins_m20,45,SpecAnn,0.92642739409812,1.0,-140190805.99999997,-120927529.99999996,0.0537495613098144,0,True,53,97,True,109,32,0.8255411386489868,83.15513610839844,-904283578.0304024,2025-11-20 20:35:44
er_524288_1_1.txt,erdos_renyi_10ins_m20,45,SpecAnn,0.9306673585570006,1.0,-140613902.0,-123037178.0,0.0539944171905517,0,True,53,97,True,110,32,0.8189517855644226,79.93110656738281,-862285344.360607,2025-11-20 20:35:44
er_524288_1_1.txt,erdos_renyi_10ins_m20,45,SpecAnn,0.9348880938548184,1.0,-140934448.0,-124677666.0,0.124225378036499,0,True,53,225,True,111,32,0.8119171857833862,76.847412109375,-821897815.8421118,2025-11-20 20:35:44
er_524288_1_1.txt,erdos_renyi_10ins_m20,45,SpecAnn,0.9390898592677528,1.0,-140613614.0,-124135152.0,0.2633030414581299,0,True,53,481,True,112,32,0.8044083118438721,73.89729309082031,-783036352.8730152,2025-11-20 20:35:44
er_524288_1_1.txt,erdos_renyi_10ins_m20,45,SpecAnn,0.9432729082972536,1.0,-140351387.99999997,-122993000.0,0.2809376716613769,0,True,53,513,True,113,32,0.7965332865715027,71.0743408203125,-745750606.329174,2025-11-20 20:35:44
er_524288_1_1.txt,erdos_renyi_10ins_m20,45,SpecAnn,0.9474374888485204,1.0,-140280178.0,-122648080.0,0.1767477989196777,0,True,53,321,True,114,32,0.788364589214325,68.37248992919922,-710044144.2316641,2025-11-20 20:35:44
er_524288_1_1.txt,erdos_renyi_10ins_m20,45,SpecAnn,0.9515838434019476,1.0,-140264062.0,-122489696.0,0.0535728931427001,0,True,53,97,True,115,32,0.7799058556556702,65.78596496582031,-675853046.4842606,2025-11-20 20:35:45
er_524288_1_1.txt,erdos_renyi_10ins_m20,45,SpecAnn,0.9557122091778746,1.0,-140186248.0,-122408876.0,0.0538079738616943,0,True,53,97,True,116,32,0.7711464762687683,63.30941009521485,-643105154.599503,2025-11-20 20:35:45
er_524288_1_1.txt,erdos_renyi_10ins_m20,45,SpecAnn,0.9598228182949629,1.0,-140209253.99999997,-122391220.0,0.0538117885589599,0,True,53,97,True,117,32,0.7620778679847717,60.93757247924805,-611732203.9027835,2025-11-20 20:35:45
er_524288_1_1.txt,erdos_renyi_10ins_m20,45,SpecAnn,0.963915897922488,1.0,-140180886.0,-122332948.0,0.0540375709533691,0,True,53,97,True,118,32,0.7526902556419373,58.66561126708984,-581670098.7441034,2025-11-20 20:35:45
er_524288_1_1.txt,erdos_renyi_10ins_m20,45,SpecAnn,0.967991670426842,1.0,-140211426.0,-122300244.0,0.0544068813323974,0,True,53,97,True,119,32,0.7429736256599426,56.48886489868164,-552857353.584128,2025-11-20 20:35:45
er_524288_1_1.txt,erdos_renyi_10ins_m20,45,SpecAnn,0.9720503535125016,1.0,-140133375.99999997,-122264886.0,0.0367054939270019,0,True,53,65,True,120,32,0.7329180240631104,54.40290069580078,-525235780.4155198,2025-11-20 20:35:45
er_524288_1_1.txt,erdos_renyi_10ins_m20,45,SpecAnn,0.9760921603577252,1.0,-140129736.0,-122235400.0,0.0533349514007568,0,True,53,97,True,121,32,0.7225126028060913,52.403594970703125,-498750510.7646412,2025-11-20 20:35:45
er_524288_1_1.txt,erdos_renyi_10ins_m20,45,SpecAnn,0.9801172997452104,1.0,-140178861.99999997,-122214066.0,0.0189986228942871,0,True,53,33,True,122,32,0.7117469310760498,50.4869384765625,-473349022.2567258,2025-11-20 20:35:45
er_524288_1_1.txt,erdos_renyi_10ins_m20,45,SpecAnn,0.9841259761879442,1.0,-140111550.0,-122181884.0,0.0538806915283203,0,True,53,97,True,123,32,0.7006099224090576,48.649192810058594,-448981832.127012,2025-11-20 20:35:45
er_524288_1_1.txt,erdos_renyi_10ins_m20,45,SpecAnn,0.9881183900504562,1.0,-140072182.0,-122145074.0,0.0543820858001709,0,True,53,97,True,124,32,0.6890890598297119,46.88673782348633,-425600586.42237616,2025-11-20 20:35:45
er_524288_1_1.txt,erdos_renyi_10ins_m20,45,SpecAnn,0.9920947376656812,1.0,-140071220.0,-122135876.0,0.0364224910736084,0,True,53,65,True,125,32,0.6771740317344666,45.19621276855469,-403161623.2781496,2025-11-20 20:35:45
er_524288_1_1.txt,erdos_renyi_10ins_m20,45,SpecAnn,0.9960552114476228,1.0,-140087132.0,-122120666.0,0.0538759231567382,0,True,53,97,True,126,32,0.6648524403572083,43.57437896728516,-381621925.5976462,2025-11-20 20:35:45
er_524288_1_1.txt,erdos_renyi_10ins_m20,45,SpecAnn,1.0,1.0,-140051403.99999997,-122108678.0,0.0540916919708251,0,True,53,97,True,127,32,0.6521111130714417,42.01813507080078,-360940170.73501104,2025-11-20 20:35:45
er_524288_1_1.txt,erdos_renyi_10ins_m20,46,SpecAnn,0.0,1.0,-133032461.99999996,-27047166.0,0.0337564945220947,0,True,49,33,True,0,32,0.9984049797058104,524289.0,-6895313238457.193,2025-11-20 20:35:49
er_524288_1_1.txt,erdos_renyi_10ins_m20,46,SpecAnn,0.0887356509416113,1.0,-132936304.0,-27450873.99999999,0.0181884765625,0,True,49,33,True,1,32,0.9975730180740356,226255.15625,-2973169677638.931,2025-11-20 20:35:49
er_524288_1_1.txt,erdos_renyi_10ins_m20,46,SpecAnn,0.1254911610276317,1.0,-132955540.0,-27688419.99999999,0.0182776451110839,0,True,49,33,True,2,32,0.9971120357513428,159755.40625,-2098340862239.596,2025-11-20 20:35:49
er_524288_1_1.txt,erdos_renyi_10ins_m20,46,SpecAnn,0.1536946558735679,1.0,-132847120.0,-27892845.99999998,0.0185256004333496,0,True,49,33,True,3,32,0.9966995120048524,122318.703125,-1605955950927.3352,2025-11-20 20:35:49
er_524288_1_1.txt,erdos_renyi_10ins_m20,46,SpecAnn,0.1774713018832227,1.0,-132944582.0,-28091004.000000004,0.0187695026397705,0,True,49,33,True,4,32,0.996306300163269,97665.4453125,-1281770661420.8586,2025-11-20 20:35:49
er_524288_1_1.txt,erdos_renyi_10ins_m20,46,SpecAnn,0.1984189475331362,1.0,-132846656.0,-28298819.99999997,0.0188205242156982,0,True,49,33,True,5,32,0.9959211945533752,80098.8984375,-1050819283458.6971,2025-11-20 20:35:49
er_524288_1_1.txt,erdos_renyi_10ins_m20,46,SpecAnn,0.2173570668006655,1.0,-133061270.0,-28477944.0,0.018808364868164,0,True,49,33,True,6,32,0.9955384135246276,66954.3515625,-878038069339.7697,2025-11-20 20:35:49
er_524288_1_1.txt,erdos_renyi_10ins_m20,46,SpecAnn,0.2347724648169381,1.0,-132911884.0,-28676818.00000001,0.0188372135162353,0,True,49,33,True,7,32,0.995154857635498,56779.96875,-744324530204.9056,2025-11-20 20:35:49
er_524288_1_1.txt,erdos_renyi_10ins_m20,46,SpecAnn,0.2509823220552634,1.0,-132881152.0,-28857693.99999998,0.0188245773315429,0,True,49,33,True,8,32,0.9947680830955504,48704.6875,-638218103792.0691,2025-11-20 20:35:49
er_524288_1_1.txt,erdos_renyi_10ins_m20,46,SpecAnn,0.2662069528248341,1.0,-132990258.0,-29083842.000000007,0.0189297199249267,0,True,49,33,True,9,32,0.9943767786026,42169.58984375,-552365908235.7305,2025-11-20 20:35:49
er_524288_1_1.txt,erdos_renyi_10ins_m20,46,SpecAnn,0.2806067666331568,1.0,-133084748.0,-29306612.00000001,0.0189976692199707,0,True,49,33,True,10,32,0.9939796328544616,36797.734375,-481809191995.15295,2025-11-20 20:35:49
er_524288_1_1.txt,erdos_renyi_10ins_m20,46,SpecAnn,0.2943028597012718,1.0,-133056144.0,-29510745.999999978,0.0189428329467773,0,True,49,33,True,11,32,0.993575930595398,32324.94921875,-423073115860.5524,2025-11-20 20:35:49
er_524288_1_1.txt,erdos_renyi_10ins_m20,46,SpecAnn,0.3073893117471359,1.0,-132913072.0,-29710850.0,0.0189461708068847,0,True,49,33,True,12,32,0.9931647181510924,28560.28125,-373645949294.1354,2025-11-20 20:35:49
er_524288_1_1.txt,erdos_renyi_10ins_m20,46,SpecAnn,0.3199409394316542,1.0,-132873144.0,-29944342.000000004,0.0190355777740478,0,True,49,33,True,13,32,0.992745578289032,25362.234375,-331666790765.44855,2025-11-20 20:35:49
er_524288_1_1.txt,erdos_renyi_10ins_m20,46,SpecAnn,0.3320184038158743,1.0,-132889420.0,-30177348.0,0.0191030502319335,0,True,49,33,True,14,32,0.9923179149627686,22623.669921875,-295726609008.419,2025-11-20 20:35:50
er_524288_1_1.txt,erdos_renyi_10ins_m20,46,SpecAnn,0.3436716983117353,1.0,-133025904.0,-30414744.0,0.0191564559936523,0,True,49,33,True,15,32,0.9918813109397888,20262.0625,-264740188370.68268,2025-11-20 20:35:50
er_524288_1_1.txt,erdos_renyi_10ins_m20,46,SpecAnn,0.3549426037664455,1.0,-132858720.0,-30663546.00000001,0.0192666053771972,0,True,49,33,True,16,32,0.9914352893829346,18212.837890625,-237858409646.0325,2025-11-20 20:35:50
er_524288_1_1.txt,erdos_renyi_10ins_m20,46,SpecAnn,0.3658664615902029,1.0,-132823796.0,-30920840.00000001,0.0189743041992187,0,True,49,33,True,17,32,0.990979552268982,16424.76953125,-214407756891.9464,2025-11-20 20:35:50
er_524288_1_1.txt,erdos_renyi_10ins_m20,46,SpecAnn,0.3764734830828951,1.0,-133030430.0,-31194538.00000002,0.0187828540802001,0,True,49,33,True,18,32,0.9905136823654176,14856.76953125,-193848025122.06528,2025-11-20 20:35:50
er_524288_1_1.txt,erdos_renyi_10ins_m20,46,SpecAnn,0.3867897351437838,1.0,-132953246.0,-31447040.000000022,0.0187458992004394,0,True,49,33,True,19,32,0.9900373220443726,13475.5322265625,-175741370677.9081,2025-11-20 20:35:50
er_524288_1_1.txt,erdos_renyi_10ins_m20,46,SpecAnn,0.3968378950662725,1.0,-132889780.0,-31713690.00000002,0.0186808109283447,0,True,49,33,True,20,32,0.9895502924919128,12253.79296875,-159729424012.12015,2025-11-20 20:35:50
er_524288_1_1.txt,erdos_renyi_10ins_m20,46,SpecAnn,0.4066378372811136,1.0,-132893304.0,-31986220.000000022,0.0186595916748046,0,True,49,33,True,21,32,0.9890521764755248,11169.052734375,-145516439542.4043,2025-11-20 20:35:50
er_524288_1_1.txt,erdos_renyi_10ins_m20,46,SpecAnn,0.4162070956347247,1.0,-133217930.0,-32224942.00000001,0.0187649726867675,0,True,49,33,True,22,32,0.9885427355766296,10202.611328125,-132856652897.42696,2025-11-20 20:35:50
er_524288_1_1.txt,erdos_renyi_10ins_m20,46,SpecAnn,0.4255612320274539,1.0,-132966706.0,-32491582.00000004,0.0188014507293701,0,True,49,33,True,23,32,0.9880216121673584,9338.8134765625,-121544318097.08226,2025-11-20 20:35:50
er_524288_1_1.txt,erdos_renyi_10ins_m20,46,SpecAnn,0.434714133601331,1.0,-133014460.00000004,-32793112.00000001,0.0188512802124023,0,True,49,33,True,24,32,0.987488567829132,8564.4580078125,-111405973085.71284,2025-11-20 20:35:50
er_524288_1_1.txt,erdos_renyi_10ins_m20,46,SpecAnn,0.4436782547080569,1.0,-132939340.0,-33051824.000000004,0.0189893245697021,0,True,49,33,True,25,32,0.986943244934082,7868.375,-102294843977.53757,2025-11-20 20:35:50
er_524288_1_1.txt,erdos_renyi_10ins_m20,46,SpecAnn,0.4524648157026343,1.0,-133072604.0,-33350356.00000002,0.0190258026123046,0,True,49,33,True,26,32,0.9863855242729188,7241.0390625,-94085803033.53238,2025-11-20 20:35:50
er_524288_1_1.txt,erdos_renyi_10ins_m20,46,SpecAnn,0.4610839676207039,1.0,-132915308.0,-33619984.00000001,0.0191748142242431,0,True,49,33,True,27,32,0.985814929008484,6674.29931640625,-86671753977.34201,2025-11-20 20:35:50
er_524288_1_1.txt,erdos_renyi_10ins_m20,46,SpecAnn,0.4695449296338763,1.0,-133105200.0,-33921346.00000001,0.0192339420318603,0,True,49,33,True,28,32,0.9852312803268432,6161.1474609375,-79960649067.20662,2025-11-20 20:35:50
er_524288_1_1.txt,erdos_renyi_10ins_m20,46,SpecAnn,0.4778561045889373,1.0,-132940184.0,-34235599.99999999,0.0192019939422607,0,True,49,33,True,29,32,0.984634280204773,5695.5283203125,-73872956927.71004,2025-11-20 20:35:50
er_524288_1_1.txt,erdos_renyi_10ins_m20,46,SpecAnn,0.4860251767562508,1.0,-133034982.00000004,-34537880.00000002,0.019221544265747,0,True,49,33,True,30,32,0.9840236902236938,5272.19140625,-68339726841.54459,2025-11-20 20:35:50
er_524288_1_1.txt,erdos_renyi_10ins_m20,46,SpecAnn,0.4940591950252281,1.0,-132898284.0,-34832934.00000002,0.0191543102264404,0,True,49,33,True,31,32,0.9833990931510924,4886.5732421875,-63301023425.99837,2025-11-20 20:35:50
er_524288_1_1.txt,erdos_renyi_10ins_m20,46,SpecAnn,0.5019646441105269,1.0,-133049206.0,-35127960.0,0.0191009044647216,0,True,49,33,True,32,32,0.9827601909637452,4534.68408203125,-58704461423.7243,2025-11-20 20:35:50
er_524288_1_1.txt,erdos_renyi_10ins_m20,46,SpecAnn,0.5097475058154177,1.0,-133148155.99999996,-35452714.000000015,0.0189762115478515,0,True,49,33,True,33,32,0.982106864452362,4213.025390625,-54504120816.207405,2025-11-20 20:35:50
er_524288_1_1.txt,erdos_renyi_10ins_m20,46,SpecAnn,0.51741331199832,1.0,-133141922.0,-35808690.00000001,0.0188937187194824,0,True,49,33,True,34,32,0.98143869638443,3918.530517578125,-50659736484.65669,2025-11-20 20:35:50
er_524288_1_1.txt,erdos_renyi_10ins_m20,46,SpecAnn,0.5249671905758515,1.0,-133059800.0,-36181712.00000003,0.0186889171600341,0,True,49,33,True,35,32,0.9807553887367249,3648.49072265625,-47135754678.43465,2025-11-20 20:35:50
er_524288_1_1.txt,erdos_renyi_10ins_m20,46,SpecAnn,0.5324139056496683,1.0,-133169786.0,-36549041.99999999,0.0186781883239746,0,True,49,33,True,36,32,0.9800565242767334,3400.514404296875,-43900782217.79108,2025-11-20 20:35:50
er_524288_1_1.txt,erdos_renyi_10ins_m20,46,SpecAnn,0.5397578926492556,1.0,-133112932.0,-36923439.99999999,0.0188074111938476,0,True,49,33,True,37,32,0.9793418645858764,3172.47998046875,-40926982496.38928,2025-11-20 20:35:50
er_524288_1_1.txt,erdos_renyi_10ins_m20,46,SpecAnn,0.5470032892270364,1.0,-133230254.0,-37305206.0,0.0188126564025878,0,True,49,33,True,38,32,0.9786111116409302,2962.5078125,-38189692589.79152,2025-11-20 20:35:50
er_524288_1_1.txt,erdos_renyi_10ins_m20,46,SpecAnn,0.554153962516942,1.0,-132929846.0,-37715401.99999998,0.0187933444976806,0,True,49,33,True,39,32,0.9778638482093812,2768.91748046875,-35666863450.29184,2025-11-20 20:35:50
er_524288_1_1.txt,erdos_renyi_10ins_m20,46,SpecAnn,0.5612135332663137,1.0,-133196704.0,-38067142.000000015,0.0188794136047363,0,True,49,33,True,40,32,0.97709983587265,2590.21630859375,-33338917114.72864,2025-11-20 20:35:50
er_524288_1_1.txt,erdos_renyi_10ins_m20,46,SpecAnn,0.5681853972686127,1.0,-133115860.0,-38450271.99999998,0.0189454555511474,0,True,49,33,True,41,32,0.9763185977935792,2425.065673828125,-31188291315.327343,2025-11-20 20:35:50
er_524288_1_1.txt,erdos_renyi_10ins_m20,46,SpecAnn,0.5750727444570146,1.0,-133267414.0,-38879029.99999998,0.0189564228057861,0,True,49,33,True,42,32,0.9755197763442992,2272.26513671875,-29199243433.94163,2025-11-20 20:35:50
er_524288_1_1.txt,erdos_renyi_10ins_m20,46,SpecAnn,0.5818785759635375,1.0,-133225868.0,-39302741.99999999,0.0189850330352783,0,True,49,33,True,43,32,0.974703013896942,2130.740966796875,-27357693550.082035,2025-11-20 20:35:50
er_524288_1_1.txt,erdos_renyi_10ins_m20,46,SpecAnn,0.5886057194025436,1.0,-133163552.0,-39742153.99999999,0.0189588069915771,0,True,49,33,True,44,32,0.973867893218994,1999.5250244140625,-25650947242.35576,2025-11-20 20:35:50
er_524288_1_1.txt,erdos_renyi_10ins_m20,46,SpecAnn,0.5952568425994088,1.0,-133316998.0,-40215051.99999999,0.018986701965332,0,True,49,33,True,45,32,0.9730141162872314,1877.74267578125,-24067541712.919365,2025-11-20 20:35:50
er_524288_1_1.txt,erdos_renyi_10ins_m20,46,SpecAnn,0.6018344659534288,1.0,-133112004.0,-40681763.99999996,0.0196971893310546,0,True,49,33,True,46,32,0.9721411466598512,1764.609619140625,-22597192393.764008,2025-11-20 20:35:50
er_524288_1_1.txt,erdos_renyi_10ins_m20,46,SpecAnn,0.6083409735974393,1.0,-133206216.0,-41160865.99999998,0.0198140144348144,0,True,49,33,True,47,32,0.9712485671043396,1659.4130859375,-21230558409.80003,2025-11-20 20:35:50
er_524288_1_1.txt,erdos_renyi_10ins_m20,46,SpecAnn,0.6147786234942719,1.0,-133066164.0,-41604160.000000015,0.0196142196655273,0,True,49,33,True,48,32,0.9703359603881836,1561.508544921875,-19959194355.67825,2025-11-20 20:35:50
er_524288_1_1.txt,erdos_renyi_10ins_m20,46,SpecAnn,0.6211495565912796,1.0,-133275506.0,-42032793.99999999,0.0194931030273437,0,True,49,33,True,49,32,0.9694028496742249,1470.3123779296875,-18775452863.96018,2025-11-20 20:35:50
er_524288_1_1.txt,erdos_renyi_10ins_m20,46,SpecAnn,0.6274558051381586,1.0,-133214156.0,-42505314.000000015,0.0193648338317871,0,True,49,33,True,50,32,0.9684487581253052,1385.2928466796875,-17672368296.676758,2025-11-20 20:35:50
er_524288_1_1.txt,erdos_renyi_10ins_m20,46,SpecAnn,0.6336993002596786,1.0,-133192082.0,-42987291.99999999,0.019162893295288,0,True,49,33,True,51,32,0.9674732089042664,1305.968994140625,-16643640602.189745,2025-11-20 20:35:50
er_524288_1_1.txt,erdos_renyi_10ins_m20,46,SpecAnn,0.6398818788633085,1.0,-133174510.0,-43490977.99999999,0.0190472602844238,0,True,49,33,True,52,32,0.9664756059646606,1231.900634765625,-15683503723.737246,2025-11-20 20:35:50
er_524288_1_1.txt,erdos_renyi_10ins_m20,46,SpecAnn,0.6460052899517691,1.0,-133324526.0,-43990358.00000001,0.0188543796539306,0,True,49,33,True,53,32,0.9654554128646852,1162.686767578125,-14786706992.751772,2025-11-20 20:35:50
er_524288_1_1.txt,erdos_renyi_10ins_m20,46,SpecAnn,0.6520712004019966,1.0,-133289994.0,-44511084.00000001,0.0187275409698486,0,True,49,33,True,54,32,0.964412271976471,1097.962158203125,-13948471384.7706,2025-11-20 20:35:50
er_524288_1_1.txt,erdos_renyi_10ins_m20,46,SpecAnn,0.6580812002646271,1.0,-133327220.0,-45011221.99999999,0.0186810493469238,0,True,49,33,True,55,32,0.9633453488349916,1037.392578125,-13164417798.094547,2025-11-20 20:35:50
er_524288_1_1.txt,erdos_renyi_10ins_m20,46,SpecAnn,0.6640368076317485,1.0,-133176880.0,-45595282.00000001,0.0187528133392334,0,True,49,33,True,56,32,0.9622541666030884,980.6715698242188,-12430537294.822603,2025-11-20 20:35:50
er_524288_1_1.txt,erdos_renyi_10ins_m20,46,SpecAnn,0.6699394731151429,1.0,-133303586.0,-46164628.0,0.0188555717468261,0,True,49,33,True,57,32,0.961138129234314,927.519775390625,-11743174106.564093,2025-11-20 20:35:50
er_524288_1_1.txt,erdos_renyi_10ins_m20,46,SpecAnn,0.6757905839724513,1.0,-133459448.0,-46717560.00000002,0.0188417434692382,0,True,49,33,True,58,32,0.9599963426589966,877.6793212890625,-11098951669.301788,2025-11-20 20:35:50
er_524288_1_1.txt,erdos_renyi_10ins_m20,46,SpecAnn,0.6815914679145113,1.0,-133414436.0,-47360684.00000005,0.0188813209533691,0,True,49,33,True,59,32,0.9588285088539124,830.9151611328125,-10494799291.32756,2025-11-20 20:35:50
er_524288_1_1.txt,erdos_renyi_10ins_m20,46,SpecAnn,0.6873433966234707,1.0,-133490476.0,-47995306.00000003,0.0189857482910156,0,True,49,33,True,60,32,0.9576335549354552,787.0093383789062,-9927862560.157888,2025-11-20 20:35:50
er_524288_1_1.txt,erdos_renyi_10ins_m20,46,SpecAnn,0.6930475890080863,1.0,-133453826.0,-48598344.000000015,0.0190188884735107,0,True,49,33,True,61,32,0.956410825252533,745.763427734375,-9395547237.430006,2025-11-20 20:35:50
er_524288_1_1.txt,erdos_renyi_10ins_m20,46,SpecAnn,0.6987052142198116,1.0,-133389308.0,-49265445.99999999,0.0189828872680664,0,True,49,33,True,62,32,0.9551596641540528,706.9931640625,-8895445522.725462,2025-11-20 20:35:50
er_524288_1_1.txt,erdos_renyi_10ins_m20,46,SpecAnn,0.7043173944508145,1.0,-133466726.0,-49915174.000000015,0.0189716815948486,0,True,49,33,True,63,32,0.9538791179656982,670.5291137695312,-8425341176.736974,2025-11-20 20:35:50
er_524288_1_1.txt,erdos_renyi_10ins_m20,46,SpecAnn,0.709885207532891,1.0,-133652280.0,-50597059.99999999,0.0192198753356933,0,True,49,33,True,64,32,0.9525682330131532,636.2154541015625,-7983196587.649699,2025-11-20 20:35:50
er_524288_1_1.txt,erdos_renyi_10ins_m20,46,SpecAnn,0.7154096893543218,1.0,-133592096.0,-51303644.0,0.0191214084625244,0,True,49,33,True,65,32,0.9512263536453248,603.9075317382812,-7567123734.690578,2025-11-20 20:35:50
er_524288_1_1.txt,erdos_renyi_10ins_m20,46,SpecAnn,0.7208918361100219,1.0,-133659390.0,-52006725.99999999,0.0191361904144287,0,True,49,33,True,66,32,0.9498522281646729,573.4725341796875,-7175384598.288918,2025-11-20 20:35:51
er_524288_1_1.txt,erdos_renyi_10ins_m20,46,SpecAnn,0.7263326063988248,1.0,-133656390.0,-52783471.99999999,0.0191316604614257,0,True,49,33,True,67,32,0.9484450221061708,544.7869873046875,-6806367626.67559,2025-11-20 20:35:51
er_524288_1_1.txt,erdos_renyi_10ins_m20,46,SpecAnn,0.7317329231804058,1.0,-133622934.0,-53578000.0,0.0191218852996826,0,True,49,33,True,68,32,0.9470036029815674,517.7367553710938,-6458581504.558027,2025-11-20 20:35:51
er_524288_1_1.txt,erdos_renyi_10ins_m20,46,SpecAnn,0.7370936756031579,1.0,-133696446.0,-54360793.99999998,0.0189995765686035,0,True,49,33,True,69,32,0.9455268383026124,492.2160034179688,-6130644114.480089,2025-11-20 20:35:51
er_524288_1_1.txt,erdos_renyi_10ins_m20,46,SpecAnn,0.7424157207132704,1.0,-133787138.0,-55153169.99999997,0.0188970565795898,0,True,49,33,True,70,32,0.9440137147903442,468.1270751953125,-5821281214.08989,2025-11-20 20:35:51
er_524288_1_1.txt,erdos_renyi_10ins_m20,46,SpecAnn,0.7476998850543153,1.0,-133856394.0,-55979246.000000015,0.0187771320343017,0,True,49,33,True,71,32,0.942462682723999,445.37896728515625,-5529302912.361591,2025-11-20 20:35:51
er_524288_1_1.txt,erdos_renyi_10ins_m20,46,SpecAnn,0.7529469661657903,1.0,-133765968.0,-56853186.00000001,0.0188045501708984,0,True,49,33,True,72,32,0.9408725500106812,423.8868408203125,-5253602962.9363785,2025-11-20 20:35:51
er_524288_1_1.txt,erdos_renyi_10ins_m20,46,SpecAnn,0.7581577339883167,1.0,-133746086.0,-57707778.00000002,0.0188333988189697,0,True,49,33,True,73,32,0.939241886138916,403.5728149414063,-4993164470.780157,2025-11-20 20:35:51
er_524288_1_1.txt,erdos_renyi_10ins_m20,46,SpecAnn,0.7633329321824984,1.0,-133922447.99999996,-58526052.00000002,0.0188121795654296,0,True,49,33,True,74,32,0.937569260597229,384.36376953125,-4747033750.768184,2025-11-20 20:35:51
er_524288_1_1.txt,erdos_renyi_10ins_m20,46,SpecAnn,0.7684732793678399,1.0,-134023852.0,-59395816.000000015,0.0187799930572509,0,True,49,33,True,75,32,0.9358530640602112,366.1917114257813,-4514323650.105618,2025-11-20 20:35:51
er_524288_1_1.txt,erdos_renyi_10ins_m20,46,SpecAnn,0.7735794702875677,1.0,-133936844.0,-60301429.99999998,0.0188632011413574,0,True,49,33,True,76,32,0.934091567993164,348.9935302734375,-4294210635.975832,2025-11-20 20:35:51
er_524288_1_1.txt,erdos_renyi_10ins_m20,46,SpecAnn,0.7786521769046981,1.0,-133947630.0,-61321393.99999998,0.0189270973205566,0,True,49,33,True,77,32,0.9322829842567444,332.7105407714844,-4085929166.2613134,2025-11-20 20:35:51
er_524288_1_1.txt,erdos_renyi_10ins_m20,46,SpecAnn,0.7836920494342511,1.0,-134021332.0,-62345841.99999999,0.0189335346221923,0,True,49,33,True,78,32,0.930425465106964,317.2878112792969,-3888763149.303649,2025-11-20 20:35:51
er_524288_1_1.txt,erdos_renyi_10ins_m20,46,SpecAnn,0.788699717316095,1.0,-133980877.99999996,-63409096.000000015,0.0191903114318847,0,True,49,33,True,79,32,0.9285168647766112,302.67413330078125,-3702044367.938349,2025-11-20 20:35:51
er_524288_1_1.txt,erdos_renyi_10ins_m20,46,SpecAnn,0.7936757901325451,1.0,-134073426.0,-64433694.0,0.0191884040832519,0,True,49,33,True,80,32,0.9265551567077636,288.8218994140625,-3525152526.1098666,2025-11-20 20:35:51
er_524288_1_1.txt,erdos_renyi_10ins_m20,46,SpecAnn,0.7986208584745024,1.0,-134255570.0,-65583242.0,0.0192034244537353,0,True,49,33,True,81,32,0.924537718296051,275.68621826171875,-3357501421.898593,2025-11-20 20:35:51
er_524288_1_1.txt,erdos_renyi_10ins_m20,46,SpecAnn,0.803535494759617,1.0,-134350000.00000003,-66734656.00000002,0.0192160606384277,0,True,49,33,True,82,32,0.9224623441696168,263.22564697265625,-3198551621.562032,2025-11-20 20:35:51
er_524288_1_1.txt,erdos_renyi_10ins_m20,46,SpecAnn,0.8084202540056837,1.0,-134401424.0,-67975960.00000001,0.0191636085510253,0,True,49,33,True,83,32,0.9203261137008668,251.4012908935547,-3047795082.239639,2025-11-20 20:35:51
er_524288_1_1.txt,erdos_renyi_10ins_m20,46,SpecAnn,0.8132756745622272,1.0,-134447300.0,-69220598.00000001,0.0191156864166259,0,True,49,33,True,84,32,0.9181262850761414,240.1764068603516,-2904753474.56319,2025-11-20 20:35:51
er_524288_1_1.txt,erdos_renyi_10ins_m20,46,SpecAnn,0.8181022788030096,1.0,-134528892.0,-70505695.99999999,0.0190732479095459,0,True,49,33,True,85,32,0.9158597588539124,229.5171356201172,-2768985032.265718,2025-11-20 20:35:51
er_524288_1_1.txt,erdos_renyi_10ins_m20,46,SpecAnn,0.822900573781978,1.0,-134617824.0,-71874584.00000001,0.0188884735107421,0,True,49,33,True,86,32,0.9135231375694276,219.39146423339844,-2640072137.8813543,2025-11-20 20:35:51
er_524288_1_1.txt,erdos_renyi_10ins_m20,46,SpecAnn,0.8276710518549868,1.0,-134615546.0,-73289123.99999999,0.0187201499938964,0,True,49,33,True,87,32,0.9111127853393556,209.76950073242188,-2517624760.136983,2025-11-20 20:35:51
er_524288_1_1.txt,erdos_renyi_10ins_m20,46,SpecAnn,0.8324141912694495,1.0,-134607601.99999997,-74793655.99999999,0.0187108516693115,0,True,49,33,True,88,32,0.9086248874664308,200.6230926513672,-2401275912.936378,2025-11-20 20:35:51
er_524288_1_1.txt,erdos_renyi_10ins_m20,46,SpecAnn,0.8371304567239225,1.0,-134814290.0,-76386194.0,0.0186922550201416,0,True,49,33,True,89,32,0.906055212020874,191.92608642578125,-2290684020.109242,2025-11-20 20:35:51
er_524288_1_1.txt,erdos_renyi_10ins_m20,46,SpecAnn,0.8418202998994706,1.0,-134837662.0,-77958596.00000001,0.0187075138092041,0,True,49,33,True,90,32,0.9033989310264589,183.653564453125,-2185523344.244856,2025-11-20 20:35:51
er_524288_1_1.txt,erdos_renyi_10ins_m20,46,SpecAnn,0.846484159964536,1.0,-135005900.0,-79599176.00000003,0.0188193321228027,0,True,49,33,True,91,32,0.9006513357162476,175.78250122070312,-2085493558.5129128,2025-11-20 20:35:51
er_524288_1_1.txt,erdos_renyi_10ins_m20,46,SpecAnn,0.8511224640549078,1.0,-135096827.99999997,-81355893.99999999,0.0188281536102294,0,True,49,33,True,92,32,0.8978068828582764,168.29119873046875,-1990310572.4199903,2025-11-20 20:35:51
er_524288_1_1.txt,erdos_renyi_10ins_m20,46,SpecAnn,0.8557356277302758,1.0,-135328991.99999997,-83195754.0,0.0189480781555175,0,True,49,33,True,93,32,0.8948594331741333,161.1590576171875,-1899704516.7165723,2025-11-20 20:35:51
er_524288_1_1.txt,erdos_renyi_10ins_m20,46,SpecAnn,0.8603240554087516,1.0,-135570769.99999997,-85135663.99999999,0.0189888477325439,0,True,49,33,True,94,32,0.8918027877807617,154.3668212890625,-1813423763.253853,2025-11-20 20:35:51
er_524288_1_1.txt,erdos_renyi_10ins_m20,46,SpecAnn,0.86488814078064,1.0,-135620071.99999997,-87104212.00000001,0.0189349651336669,0,True,49,33,True,95,32,0.8886297345161438,147.89663696289062,-1731233532.0540688,2025-11-20 20:35:51
er_524288_1_1.txt,erdos_renyi_10ins_m20,46,SpecAnn,0.8694282672026621,1.0,-135731730.00000003,-89189704.00000001,0.0191125869750976,0,True,49,33,True,96,32,0.8853323459625244,141.73129272460938,-1652907672.1624238,2025-11-20 20:35:51
er_524288_1_1.txt,erdos_renyi_10ins_m20,46,SpecAnn,0.8739448080737451,1.0,-135989686.00000003,-91309506.0,0.0193190574645996,0,True,49,33,True,97,32,0.8819020390510559,135.85482788085938,-1578235975.7607398,2025-11-20 20:35:51
er_524288_1_1.txt,erdos_renyi_10ins_m20,46,SpecAnn,0.878438127193422,1.0,-136077136.0,-93488668.0,0.0193076133728027,0,True,49,33,True,98,32,0.8783293962478638,130.252197265625,-1507019916.6654637,2025-11-20 20:35:51
er_524288_1_1.txt,erdos_renyi_10ins_m20,46,SpecAnn,0.8829085791038153,1.0,-136435267.99999997,-95668762.0,0.0192761421203613,0,True,49,33,True,99,32,0.8746037483215332,124.9091339111328,-1439070421.7626252,2025-11-20 20:35:51
er_524288_1_1.txt,erdos_renyi_10ins_m20,46,SpecAnn,0.8873565094161138,1.0,-136569230.0,-98055926.0,0.0193157196044921,0,True,49,33,True,100,32,0.870713472366333,119.81229400634766,-1374210186.0920136,2025-11-20 20:35:51
er_524288_1_1.txt,erdos_renyi_10ins_m20,46,SpecAnn,0.8917822551223932,1.0,-136969808.0,-100410242.0,0.0192553997039794,0,True,49,33,True,101,32,0.8666455149650574,114.94903564453124,-1312270426.1561987,2025-11-20 20:35:51
er_524288_1_1.txt,erdos_renyi_10ins_m20,46,SpecAnn,0.8961861448935777,1.0,-137196360.00000003,-102916014.0,0.0192728042602539,0,True,49,33,True,102,32,0.8623856902122498,110.30747985839844,-1253092179.792024,2025-11-20 20:35:51
er_524288_1_1.txt,erdos_renyi_10ins_m20,46,SpecAnn,0.9005684993642872,1.0,-137580087.99999997,-105491464.0,0.0191750526428222,0,True,49,33,True,103,32,0.8579174280166626,105.8764190673828,-1196523548.0490763,2025-11-20 20:35:51
er_524288_1_1.txt,erdos_renyi_10ins_m20,46,SpecAnn,0.9049296314052688,1.0,-137992548.0,-108052456.0,0.0189855098724365,0,True,49,33,True,104,32,0.8532227277755737,101.64515686035156,-1142419536.7170343,2025-11-20 20:35:51
er_524288_1_1.txt,erdos_renyi_10ins_m20,46,SpecAnn,0.9092698463840684,1.0,-138370572.00000003,-110677460.0,0.0188579559326171,0,True,49,33,True,105,32,0.8482813835144043,97.60374450683594,-1090643790.2955852,2025-11-20 20:35:51
er_524288_1_1.txt,erdos_renyi_10ins_m20,46,SpecAnn,0.9135894424145556,1.0,-138764578.0,-113428094.0,0.0361266136169433,0,True,49,65,True,106,32,0.8430702090263367,93.7427749633789,-1041065522.7811356,2025-11-20 20:35:51
er_524288_1_1.txt,erdos_renyi_10ins_m20,46,SpecAnn,0.9178887105958816,1.0,-139289566.0,-116001356.0,0.036391258239746,0,True,49,65,True,107,32,0.8375635147094727,90.05321502685547,-993558603.983864,2025-11-20 20:35:51
er_524288_1_1.txt,erdos_renyi_10ins_m20,46,SpecAnn,0.922167935241408,1.0,-139826902.00000003,-118538052.0,0.0366015434265136,0,True,49,65,True,108,32,0.8317316770553589,86.52665710449219,-948002937.6600575,2025-11-20 20:35:51
er_524288_1_1.txt,erdos_renyi_10ins_m20,46,SpecAnn,0.92642739409812,1.0,-140236830.0,-120928229.99999996,0.054105520248413,0,True,49,97,True,109,32,0.8255411386489868,83.15518188476562,-904283389.3524562,2025-11-20 20:35:51
er_524288_1_1.txt,erdos_renyi_10ins_m20,46,SpecAnn,0.9306673585570006,1.0,-140639730.0,-123037064.00000004,0.0537011623382568,0,True,49,97,True,110,32,0.8189516067504883,79.93115234375,-862284995.3163489,2025-11-20 20:35:51
er_524288_1_1.txt,erdos_renyi_10ins_m20,46,SpecAnn,0.9348880938548184,1.0,-140983828.0,-124676206.0,0.1235787868499755,0,True,49,225,True,111,32,0.8119173645973206,76.84747314453125,-821898025.6990178,2025-11-20 20:35:52
er_524288_1_1.txt,erdos_renyi_10ins_m20,46,SpecAnn,0.9390898592677528,1.0,-140665333.99999997,-124135074.0,0.2630977630615234,0,True,49,481,True,112,32,0.8044080138206482,73.89734649658203,-783036034.2338123,2025-11-20 20:35:52
er_524288_1_1.txt,erdos_renyi_10ins_m20,46,SpecAnn,0.9432729082972536,1.0,-140386744.0,-123010098.0,0.2464687824249267,0,True,49,449,True,113,32,0.7965320944786072,71.07438659667969,-745749404.4172138,2025-11-20 20:35:52
er_524288_1_1.txt,erdos_renyi_10ins_m20,46,SpecAnn,0.9474374888485204,1.0,-140225910.0,-122665264.0,0.1062986850738525,0,True,49,193,True,114,32,0.7883650660514832,68.37254333496094,-710044589.2878863,2025-11-20 20:35:52
er_524288_1_1.txt,erdos_renyi_10ins_m20,46,SpecAnn,0.9515838434019476,1.0,-140201492.0,-122512324.00000004,0.0716030597686767,0,True,49,129,True,115,32,0.7799060344696045,65.7860107421875,-675853158.6565504,2025-11-20 20:35:52
er_524288_1_1.txt,erdos_renyi_10ins_m20,46,SpecAnn,0.9557122091778746,1.0,-140146188.0,-122421108.0,0.0538082122802734,0,True,49,97,True,116,32,0.7711465358734131,63.30945587158203,-643105181.1009833,2025-11-20 20:35:52
er_524288_1_1.txt,erdos_renyi_10ins_m20,46,SpecAnn,0.9598228182949629,1.0,-140103954.0,-122403450.0,0.0716695785522461,0,True,49,129,True,117,32,0.7620776295661926,60.93761444091797,-611731969.3676558,2025-11-20 20:35:52
er_524288_1_1.txt,erdos_renyi_10ins_m20,46,SpecAnn,0.963915897922488,1.0,-140123495.99999997,-122341552.0,0.0537993907928466,0,True,49,97,True,118,32,0.7526900768280029,58.66565704345703,-581669972.8612497,2025-11-20 20:35:52
er_524288_1_1.txt,erdos_renyi_10ins_m20,46,SpecAnn,0.967991670426842,1.0,-140116480.0,-122308746.0,0.053884744644165,0,True,49,97,True,119,32,0.7429735660552979,56.48890686035156,-552857300.2132587,2025-11-20 20:35:53
er_524288_1_1.txt,erdos_renyi_10ins_m20,46,SpecAnn,0.9720503535125016,1.0,-140141762.0,-122272148.0,0.0366935729980468,0,True,49,65,True,120,32,0.732917845249176,54.40293884277344,-525235621.8340314,2025-11-20 20:35:53
er_524288_1_1.txt,erdos_renyi_10ins_m20,46,SpecAnn,0.9760921603577252,1.0,-140055370.0,-122232066.0,0.0364844799041748,0,True,49,65,True,121,32,0.7225126028060913,52.40363311767578,-498750495.2050871,2025-11-20 20:35:53
er_524288_1_1.txt,erdos_renyi_10ins_m20,46,SpecAnn,0.9801172997452104,1.0,-140119551.99999997,-122214932.0,0.0533540248870849,0,True,49,97,True,122,32,0.7117469310760498,50.48697280883789,-473348984.8054311,2025-11-20 20:35:53
er_524288_1_1.txt,erdos_renyi_10ins_m20,46,SpecAnn,0.9841259761879442,1.0,-140071956.00000003,-122179394.0,0.0539076328277587,0,True,49,97,True,123,32,0.7006098031997681,48.649227142333984,-448981731.74258,2025-11-20 20:35:53
er_524288_1_1.txt,erdos_renyi_10ins_m20,46,SpecAnn,0.9881183900504562,1.0,-140148772.0,-122143490.0,0.0366377830505371,0,True,49,65,True,124,32,0.6890892386436462,46.88677215576172,-425600685.4123619,2025-11-20 20:35:53
er_524288_1_1.txt,erdos_renyi_10ins_m20,46,SpecAnn,0.9920947376656812,1.0,-140064554.00000003,-122151134.0,0.0363314151763916,0,True,49,65,True,125,32,0.6771742105484009,45.19624328613281,-403161695.9038928,2025-11-20 20:35:53
er_524288_1_1.txt,erdos_renyi_10ins_m20,46,SpecAnn,0.9960552114476228,1.0,-140107914.0,-122120222.0,0.0535857677459716,0,True,49,97,True,126,32,0.6648525595664978,43.57440948486328,-381621971.5888529,2025-11-20 20:35:53
er_524288_1_1.txt,erdos_renyi_10ins_m20,46,SpecAnn,1.0,1.0,-140023889.99999997,-122109698.0,0.0367040634155273,0,True,49,65,True,127,32,0.6521112322807312,42.01816177368164,-360940192.0921702,2025-11-20 20:35:53
er_524288_1_1.txt,erdos_renyi_10ins_m20,47,SpecAnn,0.0,1.0,-133019270.0,-27047221.99999999,0.0338363647460937,0,True,51,33,True,0,32,0.9984049797058104,524289.0,-6895321090248.419,2025-11-20 20:35:57
er_524288_1_1.txt,erdos_renyi_10ins_m20,47,SpecAnn,0.0887356509416113,1.0,-132936558.0,-27450874.0,0.0182094573974609,0,True,51,33,True,1,32,0.9975730776786804,226255.109375,-2973172624900.6924,2025-11-20 20:35:57
er_524288_1_1.txt,erdos_renyi_10ins_m20,47,SpecAnn,0.1254911610276317,1.0,-132886626.0,-27688420.000000007,0.0184173583984375,0,True,51,33,True,2,32,0.9971120357513428,159755.375,-2098342841190.0293,2025-11-20 20:35:57
er_524288_1_1.txt,erdos_renyi_10ins_m20,47,SpecAnn,0.1536946558735679,1.0,-132989488.0,-27892846.0,0.0187776088714599,0,True,51,33,True,3,32,0.9966995120048524,122318.6796875,-1605957471934.466,2025-11-20 20:35:57
er_524288_1_1.txt,erdos_renyi_10ins_m20,47,SpecAnn,0.1774713018832227,1.0,-132975957.99999996,-28091004.00000003,0.0190057754516601,0,True,51,33,True,4,32,0.996306300163269,97665.4140625,-1281771710862.8748,2025-11-20 20:35:57
er_524288_1_1.txt,erdos_renyi_10ins_m20,47,SpecAnn,0.1984189475331362,1.0,-133032097.99999996,-28298820.000000004,0.0189847946166992,0,True,51,33,True,5,32,0.9959211945533752,80098.8828125,-1050820275056.59,2025-11-20 20:35:57
er_524288_1_1.txt,erdos_renyi_10ins_m20,47,SpecAnn,0.2173570668006655,1.0,-132978540.0,-28477944.00000001,0.0189294815063476,0,True,51,33,True,6,32,0.9955384135246276,66954.3359375,-878038864268.0231,2025-11-20 20:35:57
er_524288_1_1.txt,erdos_renyi_10ins_m20,47,SpecAnn,0.2347724648169381,1.0,-132831970.0,-28676818.000000022,0.0189509391784667,0,True,51,33,True,7,32,0.9951547980308532,56779.953125,-744325128369.356,2025-11-20 20:35:57
er_524288_1_1.txt,erdos_renyi_10ins_m20,47,SpecAnn,0.2509823220552634,1.0,-132973170.0,-28857694.0,0.0189533233642578,0,True,51,33,True,8,32,0.9947681427001952,48704.67578125,-638218715220.2482,2025-11-20 20:35:57
er_524288_1_1.txt,erdos_renyi_10ins_m20,47,SpecAnn,0.2662069528248341,1.0,-132962684.0,-29083841.999999985,0.0189802646636962,0,True,51,33,True,9,32,0.9943767786026,42169.57421875,-552366332555.5564,2025-11-20 20:35:57
er_524288_1_1.txt,erdos_renyi_10ins_m20,47,SpecAnn,0.2806067666331568,1.0,-133122480.0,-29306612.0,0.018986701965332,0,True,51,33,True,10,32,0.9939796924591064,36797.71875,-481809564944.812,2025-11-20 20:35:57
er_524288_1_1.txt,erdos_renyi_10ins_m20,47,SpecAnn,0.2943028597012718,1.0,-133045008.0,-29510746.0,0.0191130638122558,0,True,51,33,True,11,32,0.9935758709907532,32324.9375,-423073418863.0482,2025-11-20 20:35:57
er_524288_1_1.txt,erdos_renyi_10ins_m20,47,SpecAnn,0.3073893117471359,1.0,-133016256.0,-29710618.000000022,0.0191235542297363,0,True,51,33,True,12,32,0.9931647181510924,28560.271484375,-373646247009.08057,2025-11-20 20:35:57
er_524288_1_1.txt,erdos_renyi_10ins_m20,47,SpecAnn,0.3199409394316542,1.0,-132986674.0,-29944342.000000022,0.0191624164581298,0,True,51,33,True,13,32,0.992745578289032,25362.22265625,-331667015190.6289,2025-11-20 20:35:57
er_524288_1_1.txt,erdos_renyi_10ins_m20,47,SpecAnn,0.3320184038158743,1.0,-132973494.0,-30177348.000000004,0.0189802646636962,0,True,51,33,True,14,32,0.9923179745674132,22623.662109375,-295726861398.0034,2025-11-20 20:35:57
er_524288_1_1.txt,erdos_renyi_10ins_m20,47,SpecAnn,0.3436716983117353,1.0,-133082178.0,-30414744.00000001,0.0189247131347656,0,True,51,33,True,15,32,0.9918813109397888,20262.0546875,-264740387757.3697,2025-11-20 20:35:57
er_524288_1_1.txt,erdos_renyi_10ins_m20,47,SpecAnn,0.3549426037664455,1.0,-132966370.0,-30663546.000000004,0.0188601016998291,0,True,51,33,True,16,32,0.9914352893829346,18212.830078125,-237858578467.95697,2025-11-20 20:35:57
er_524288_1_1.txt,erdos_renyi_10ins_m20,47,SpecAnn,0.3658664615902029,1.0,-133096002.0,-30920840.00000001,0.0188417434692382,0,True,51,33,True,17,32,0.990979552268982,16424.76171875,-214407899057.18005,2025-11-20 20:35:57
er_524288_1_1.txt,erdos_renyi_10ins_m20,47,SpecAnn,0.3764734830828951,1.0,-133043260.0,-31194538.0,0.0187885761260986,0,True,51,33,True,18,32,0.9905136823654176,14856.763671875,-193848169407.5797,2025-11-20 20:35:57
er_524288_1_1.txt,erdos_renyi_10ins_m20,47,SpecAnn,0.3867897351437838,1.0,-132978174.0,-31447040.0,0.0188345909118652,0,True,51,33,True,19,32,0.9900373220443726,13475.52734375,-175741507117.75528,2025-11-20 20:35:57
er_524288_1_1.txt,erdos_renyi_10ins_m20,47,SpecAnn,0.3968378950662725,1.0,-133069688.0,-31713689.99999999,0.0188128948211669,0,True,51,33,True,20,32,0.9895502924919128,12253.787109375,-159729529520.6569,2025-11-20 20:35:57
er_524288_1_1.txt,erdos_renyi_10ins_m20,47,SpecAnn,0.4066378372811136,1.0,-133067494.0,-31986219.99999999,0.0188386440277099,0,True,51,33,True,21,32,0.9890521764755248,11169.0458984375,-145516516181.66306,2025-11-20 20:35:57
er_524288_1_1.txt,erdos_renyi_10ins_m20,47,SpecAnn,0.4162070956347247,1.0,-132880458.0,-32224941.999999963,0.0189852714538574,0,True,51,33,True,22,32,0.9885427355766296,10202.6064453125,-132856740599.96828,2025-11-20 20:35:57
er_524288_1_1.txt,erdos_renyi_10ins_m20,47,SpecAnn,0.4255612320274539,1.0,-132964092.0,-32491581.99999998,0.0189323425292968,0,True,51,33,True,23,32,0.9880216717720032,9338.80859375,-121544400284.067,2025-11-20 20:35:57
er_524288_1_1.txt,erdos_renyi_10ins_m20,47,SpecAnn,0.434714133601331,1.0,-133039576.0,-32793111.999999985,0.0189340114593505,0,True,51,33,True,24,32,0.987488567829132,8564.4541015625,-111406049132.94708,2025-11-20 20:35:57
er_524288_1_1.txt,erdos_renyi_10ins_m20,47,SpecAnn,0.4436782547080569,1.0,-133266111.99999996,-33051823.99999999,0.0189759731292724,0,True,51,33,True,25,32,0.986943244934082,7868.37109375,-102294909677.85976,2025-11-20 20:35:58
er_524288_1_1.txt,erdos_renyi_10ins_m20,47,SpecAnn,0.4524648157026343,1.0,-133068486.0,-33350356.0,0.0189535617828369,0,True,51,33,True,26,32,0.9863855242729188,7241.03515625,-94085859414.80109,2025-11-20 20:35:58
er_524288_1_1.txt,erdos_renyi_10ins_m20,47,SpecAnn,0.4610839676207039,1.0,-133132938.0,-33619983.999999985,0.0190658569335937,0,True,51,33,True,27,32,0.9858149886131288,6674.2958984375,-86671813526.64227,2025-11-20 20:35:58
er_524288_1_1.txt,erdos_renyi_10ins_m20,47,SpecAnn,0.4695449296338763,1.0,-133113174.0,-33921346.0,0.0191473960876464,0,True,51,33,True,28,32,0.985231339931488,6161.14453125,-79960706934.8721,2025-11-20 20:35:58
er_524288_1_1.txt,erdos_renyi_10ins_m20,47,SpecAnn,0.4778561045889373,1.0,-132958414.0,-34235600.00000002,0.0191414356231689,0,True,51,33,True,29,32,0.9846343398094176,5695.52490234375,-73873001187.5058,2025-11-20 20:35:58
er_524288_1_1.txt,erdos_renyi_10ins_m20,47,SpecAnn,0.4860251767562508,1.0,-133138486.0,-34537880.000000015,0.0189859867095947,0,True,51,33,True,30,32,0.9840236902236938,5272.18896484375,-68339773014.68689,2025-11-20 20:35:58
er_524288_1_1.txt,erdos_renyi_10ins_m20,47,SpecAnn,0.4940591950252281,1.0,-133166998.0,-34832934.00000001,0.0189340114593505,0,True,51,33,True,31,32,0.9833990335464478,4886.5703125,-63301053719.616425,2025-11-20 20:35:58
er_524288_1_1.txt,erdos_renyi_10ins_m20,47,SpecAnn,0.5019646441105269,1.0,-133151916.0,-35128338.0,0.0188169479370117,0,True,51,33,True,32,32,0.98276025056839,4534.681640625,-58704500226.12911,2025-11-20 20:35:58
er_524288_1_1.txt,erdos_renyi_10ins_m20,47,SpecAnn,0.5097475058154177,1.0,-133018858.0,-35452714.0,0.0188095569610595,0,True,51,33,True,33,32,0.982106864452362,4213.0234375,-54504157613.11988,2025-11-20 20:35:58
er_524288_1_1.txt,erdos_renyi_10ins_m20,47,SpecAnn,0.51741331199832,1.0,-133083302.0,-35808690.000000015,0.0188450813293457,0,True,51,33,True,34,32,0.98143869638443,3918.5283203125,-50659765764.79045,2025-11-20 20:35:58
er_524288_1_1.txt,erdos_renyi_10ins_m20,47,SpecAnn,0.5249671905758515,1.0,-133048470.0,-36181712.000000015,0.0188121795654296,0,True,51,33,True,35,32,0.9807553887367249,3648.48876953125,-47135783119.65468,2025-11-20 20:35:58
er_524288_1_1.txt,erdos_renyi_10ins_m20,47,SpecAnn,0.5324139056496683,1.0,-133104044.0,-36549042.000000015,0.018829345703125,0,True,51,33,True,36,32,0.9800565242767334,3400.51220703125,-43900803841.4132,2025-11-20 20:35:58
er_524288_1_1.txt,erdos_renyi_10ins_m20,47,SpecAnn,0.5397578926492556,1.0,-133138990.00000004,-36923440.00000002,0.018869400024414,0,True,51,33,True,37,32,0.9793418645858764,3172.47802734375,-40927003903.95938,2025-11-20 20:35:58
er_524288_1_1.txt,erdos_renyi_10ins_m20,47,SpecAnn,0.5470032892270364,1.0,-133160144.0,-37305206.000000015,0.0189828872680664,0,True,51,33,True,38,32,0.9786110520362854,2962.506103515625,-38189711720.35663,2025-11-20 20:35:58
er_524288_1_1.txt,erdos_renyi_10ins_m20,47,SpecAnn,0.554153962516942,1.0,-133126626.0,-37715402.00000001,0.0190088748931884,0,True,51,33,True,39,32,0.977863907814026,2768.916015625,-35666887369.787994,2025-11-20 20:35:58
er_524288_1_1.txt,erdos_renyi_10ins_m20,47,SpecAnn,0.5612135332663137,1.0,-133043586.0,-38067141.99999999,0.0189754962921142,0,True,51,33,True,40,32,0.97709983587265,2590.21435546875,-33338929939.343845,2025-11-20 20:35:58
er_524288_1_1.txt,erdos_renyi_10ins_m20,47,SpecAnn,0.5681853972686127,1.0,-133194244.0,-38450272.00000003,0.0189573764801025,0,True,51,33,True,41,32,0.9763185977935792,2425.06396484375,-31188304850.94212,2025-11-20 20:35:58
er_524288_1_1.txt,erdos_renyi_10ins_m20,47,SpecAnn,0.5750727444570146,1.0,-133127896.0,-38879030.000000015,0.0189936161041259,0,True,51,33,True,42,32,0.9755197763442992,2272.263671875,-29199257859.8614,2025-11-20 20:35:58
er_524288_1_1.txt,erdos_renyi_10ins_m20,47,SpecAnn,0.5818785759635375,1.0,-133204242.0,-39302742.00000003,0.0189545154571533,0,True,51,33,True,43,32,0.974703013896942,2130.739501953125,-27357705894.76305,2025-11-20 20:35:58
er_524288_1_1.txt,erdos_renyi_10ins_m20,47,SpecAnn,0.5886057194025436,1.0,-133172742.0,-39742154.0,0.0191092491149902,0,True,51,33,True,44,32,0.9738680124282836,1999.5235595703125,-25650960799.53925,2025-11-20 20:35:58
er_524288_1_1.txt,erdos_renyi_10ins_m20,47,SpecAnn,0.5952568425994088,1.0,-133235662.0,-40215052.00000001,0.0194461345672607,0,True,51,33,True,45,32,0.9730141162872314,1877.741455078125,-24067553472.867508,2025-11-20 20:35:58
er_524288_1_1.txt,erdos_renyi_10ins_m20,47,SpecAnn,0.6018344659534288,1.0,-133376694.0,-40681764.00000001,0.0195035934448242,0,True,51,33,True,46,32,0.9721412062644958,1764.6085205078125,-22597205442.14517,2025-11-20 20:35:58
er_524288_1_1.txt,erdos_renyi_10ins_m20,47,SpecAnn,0.6083409735974393,1.0,-133188034.0,-41160865.99999999,0.0194814205169677,0,True,51,33,True,47,32,0.9712485671043396,1659.411865234375,-21230566967.62505,2025-11-20 20:35:58
er_524288_1_1.txt,erdos_renyi_10ins_m20,47,SpecAnn,0.6147786234942719,1.0,-133431406.0,-41604160.00000003,0.019334077835083,0,True,51,33,True,48,32,0.9703359603881836,1561.50732421875,-19959201480.45769,2025-11-20 20:35:58
er_524288_1_1.txt,erdos_renyi_10ins_m20,47,SpecAnn,0.6211495565912796,1.0,-133479736.0,-42032794.0,0.0191342830657959,0,True,51,33,True,49,32,0.9694028496742249,1470.3114013671875,-18775461773.407707,2025-11-20 20:35:58
er_524288_1_1.txt,erdos_renyi_10ins_m20,47,SpecAnn,0.6274558051381586,1.0,-133317866.0,-42505314.0,0.0188925266265869,0,True,51,33,True,50,32,0.9684487581253052,1385.2918701171875,-17672375962.29967,2025-11-20 20:35:58
er_524288_1_1.txt,erdos_renyi_10ins_m20,47,SpecAnn,0.6336993002596786,1.0,-133282950.0,-42987291.99999999,0.0187761783599853,0,True,51,33,True,51,32,0.9674732089042664,1305.968017578125,-16643647108.9353,2025-11-20 20:35:58
er_524288_1_1.txt,erdos_renyi_10ins_m20,47,SpecAnn,0.6398818788633085,1.0,-133201472.0,-43490978.00000004,0.0188179016113281,0,True,51,33,True,52,32,0.9664756059646606,1231.899658203125,-15683509149.994478,2025-11-20 20:35:58
er_524288_1_1.txt,erdos_renyi_10ins_m20,47,SpecAnn,0.6460052899517691,1.0,-133394914.0,-43990357.99999999,0.018838882446289,0,True,51,33,True,53,32,0.9654554724693298,1162.6859130859375,-14786713876.285828,2025-11-20 20:35:58
er_524288_1_1.txt,erdos_renyi_10ins_m20,47,SpecAnn,0.6520712004019966,1.0,-133338292.0,-44511083.99999999,0.0188353061676025,0,True,51,33,True,54,32,0.9644123315811156,1097.96142578125,-13948478825.4951,2025-11-20 20:35:58
er_524288_1_1.txt,erdos_renyi_10ins_m20,47,SpecAnn,0.6580812002646271,1.0,-133290628.0,-45011221.99999999,0.0190205574035644,0,True,51,33,True,55,32,0.9633453488349916,1037.391845703125,-13164423494.226477,2025-11-20 20:35:58
er_524288_1_1.txt,erdos_renyi_10ins_m20,47,SpecAnn,0.6640368076317485,1.0,-133374204.0,-45595282.000000015,0.0191576480865478,0,True,51,33,True,56,32,0.9622542262077332,980.6708984375,-12430543709.437986,2025-11-20 20:35:58
er_524288_1_1.txt,erdos_renyi_10ins_m20,47,SpecAnn,0.6699394731151429,1.0,-133393844.0,-46164628.00000001,0.0190865993499755,0,True,51,33,True,57,32,0.961138129234314,927.51904296875,-11743178205.600924,2025-11-20 20:35:58
er_524288_1_1.txt,erdos_renyi_10ins_m20,47,SpecAnn,0.6757905839724513,1.0,-133347750.0,-46717592.00000001,0.0192248821258544,0,True,51,33,True,58,32,0.959996461868286,877.6785888671875,-11098956424.002258,2025-11-20 20:35:58
er_524288_1_1.txt,erdos_renyi_10ins_m20,47,SpecAnn,0.6815914679145113,1.0,-133575176.0,-47360684.00000001,0.0191943645477294,0,True,51,33,True,59,32,0.9588285088539124,830.91455078125,-10494803532.905378,2025-11-20 20:35:58
er_524288_1_1.txt,erdos_renyi_10ins_m20,47,SpecAnn,0.6873433966234707,1.0,-133517430.0,-47995306.000000015,0.019216775894165,0,True,51,33,True,60,32,0.9576334953308104,787.0087890625,-9927866317.77711,2025-11-20 20:35:58
er_524288_1_1.txt,erdos_renyi_10ins_m20,47,SpecAnn,0.6930475890080863,1.0,-133413708.0,-48598343.99999999,0.019249677658081,0,True,51,33,True,61,32,0.9564108848571776,745.7628784179688,-9395551601.20998,2025-11-20 20:35:58
er_524288_1_1.txt,erdos_renyi_10ins_m20,47,SpecAnn,0.6987052142198116,1.0,-133447725.99999996,-49265445.99999999,0.0192117691040039,0,True,51,33,True,62,32,0.9551597237586976,706.9926147460938,-8895449295.645142,2025-11-20 20:35:58
er_524288_1_1.txt,erdos_renyi_10ins_m20,47,SpecAnn,0.7043173944508145,1.0,-133468278.0,-49915173.99999999,0.0191645622253417,0,True,51,33,True,63,32,0.953879177570343,670.528564453125,-8425344394.978159,2025-11-20 20:35:58
er_524288_1_1.txt,erdos_renyi_10ins_m20,47,SpecAnn,0.709885207532891,1.0,-133551698.0,-50597059.99999999,0.0191626548767089,0,True,51,33,True,64,32,0.952568292617798,636.2149658203125,-7983200050.825202,2025-11-20 20:35:58
er_524288_1_1.txt,erdos_renyi_10ins_m20,47,SpecAnn,0.7154096893543218,1.0,-133521904.0,-51303643.99999999,0.0190024375915527,0,True,51,33,True,65,32,0.9512263536453248,603.9070434570312,-7567126233.179664,2025-11-20 20:35:58
er_524288_1_1.txt,erdos_renyi_10ins_m20,47,SpecAnn,0.7208918361100219,1.0,-133680188.0,-52006725.99999999,0.0188663005828857,0,True,51,33,True,66,32,0.9498522877693176,573.4720458984375,-7175387109.803695,2025-11-20 20:35:58
er_524288_1_1.txt,erdos_renyi_10ins_m20,47,SpecAnn,0.7263326063988248,1.0,-133367112.0,-52783472.00000001,0.0187137126922607,0,True,51,33,True,67,32,0.9484450817108154,544.7864990234375,-6806369704.513975,2025-11-20 20:35:58
er_524288_1_1.txt,erdos_renyi_10ins_m20,47,SpecAnn,0.7317329231804058,1.0,-133668624.0,-53578000.0,0.0186495780944824,0,True,51,33,True,68,32,0.9470036625862122,517.736328125,-6458583935.792668,2025-11-20 20:35:58
er_524288_1_1.txt,erdos_renyi_10ins_m20,47,SpecAnn,0.7370936756031579,1.0,-133781481.99999996,-54360793.99999997,0.0187888145446777,0,True,51,33,True,69,32,0.945526957511902,492.215576171875,-6130646547.028233,2025-11-20 20:35:58
er_524288_1_1.txt,erdos_renyi_10ins_m20,47,SpecAnn,0.7424157207132704,1.0,-133904012.00000004,-55153170.0,0.0188961029052734,0,True,51,33,True,70,32,0.9440137147903442,468.1266479492188,-5821282529.943889,2025-11-20 20:35:58
er_524288_1_1.txt,erdos_renyi_10ins_m20,47,SpecAnn,0.7476998850543153,1.0,-133749864.0,-55979245.99999999,0.0189318656921386,0,True,51,33,True,71,32,0.9424626231193542,445.3785400390625,-5529303554.772408,2025-11-20 20:35:58
er_524288_1_1.txt,erdos_renyi_10ins_m20,47,SpecAnn,0.7529469661657903,1.0,-133888842.0,-56853186.0,0.0189623832702636,0,True,51,33,True,72,32,0.9408725500106812,423.886474609375,-5253604406.508908,2025-11-20 20:35:58
er_524288_1_1.txt,erdos_renyi_10ins_m20,47,SpecAnn,0.7581577339883167,1.0,-133802713.99999996,-57707777.99999999,0.0189859867095947,0,True,51,33,True,73,32,0.9392419457435608,403.5724487304688,-4993165942.52219,2025-11-20 20:35:58
er_524288_1_1.txt,erdos_renyi_10ins_m20,47,SpecAnn,0.7633329321824984,1.0,-133830936.0,-58526613.99999999,0.0189807415008544,0,True,51,33,True,74,32,0.9375693798065186,384.3634338378906,-4747035613.914109,2025-11-20 20:35:58
er_524288_1_1.txt,erdos_renyi_10ins_m20,47,SpecAnn,0.7684732793678399,1.0,-133920574.0,-59395815.99999999,0.0189430713653564,0,True,51,33,True,75,32,0.9358530640602112,366.19134521484375,-4514324276.06434,2025-11-20 20:35:58
er_524288_1_1.txt,erdos_renyi_10ins_m20,47,SpecAnn,0.7735794702875677,1.0,-133845444.0,-60301429.99999999,0.0189759731292724,0,True,51,33,True,76,32,0.9340916872024536,348.99322509765625,-4294212318.827314,2025-11-20 20:35:58
er_524288_1_1.txt,erdos_renyi_10ins_m20,47,SpecAnn,0.7786521769046981,1.0,-133970461.99999996,-61321393.99999999,0.0189671516418457,0,True,51,33,True,77,32,0.932283103466034,332.71026611328125,-4085930968.419496,2025-11-20 20:35:58
er_524288_1_1.txt,erdos_renyi_10ins_m20,47,SpecAnn,0.7836920494342511,1.0,-134041396.0,-62345841.99999999,0.0191335678100585,0,True,51,33,True,78,32,0.9304255247116088,317.2875366210937,-3888764460.327163,2025-11-20 20:35:59
er_524288_1_1.txt,erdos_renyi_10ins_m20,47,SpecAnn,0.788699717316095,1.0,-134133656.0,-63409095.99999999,0.0191903114318847,0,True,51,33,True,79,32,0.9285168647766112,302.6738586425781,-3702045224.1269855,2025-11-20 20:35:59
er_524288_1_1.txt,erdos_renyi_10ins_m20,47,SpecAnn,0.7936757901325451,1.0,-134162428.0,-64433693.99999999,0.0192048549652099,0,True,51,33,True,80,32,0.9265551567077636,288.8216552734375,-3525153560.4427743,2025-11-20 20:35:59
er_524288_1_1.txt,erdos_renyi_10ins_m20,47,SpecAnn,0.7986208584745024,1.0,-134268706.0,-65583242.0,0.0190961360931396,0,True,51,33,True,81,32,0.9245377779006958,275.6859436035156,-3357502116.604916,2025-11-20 20:35:59
er_524288_1_1.txt,erdos_renyi_10ins_m20,47,SpecAnn,0.803535494759617,1.0,-134322675.99999997,-66734655.99999998,0.0189471244812011,0,True,51,33,True,82,32,0.9224623441696168,263.22540283203125,-3198552297.152362,2025-11-20 20:35:59
er_524288_1_1.txt,erdos_renyi_10ins_m20,47,SpecAnn,0.8084202540056837,1.0,-134294700.0,-67975959.99999999,0.0187795162200927,0,True,51,33,True,83,32,0.9203262329101562,251.40106201171875,-3047796172.796631,2025-11-20 20:35:59
er_524288_1_1.txt,erdos_renyi_10ins_m20,47,SpecAnn,0.8132756745622272,1.0,-134519048.0,-69220598.00000001,0.0187175273895263,0,True,51,33,True,84,32,0.918126344680786,240.1761779785156,-2904754202.66628,2025-11-20 20:35:59
er_524288_1_1.txt,erdos_renyi_10ins_m20,47,SpecAnn,0.8181022788030096,1.0,-134398881.99999997,-70505696.00000003,0.0188105106353759,0,True,51,33,True,85,32,0.9158597588539124,229.51690673828125,-2768985424.024674,2025-11-20 20:35:59
er_524288_1_1.txt,erdos_renyi_10ins_m20,47,SpecAnn,0.822900573781978,1.0,-134540746.0,-71874584.00000001,0.01884126663208,0,True,51,33,True,86,32,0.9135231375694276,219.39126586914065,-2640072757.12746,2025-11-20 20:35:59
er_524288_1_1.txt,erdos_renyi_10ins_m20,47,SpecAnn,0.8276710518549868,1.0,-134701614.0,-73289123.99999999,0.0187838077545166,0,True,51,33,True,87,32,0.9111128449440002,209.7693023681641,-2517625410.95085,2025-11-20 20:35:59
er_524288_1_1.txt,erdos_renyi_10ins_m20,47,SpecAnn,0.8324141912694495,1.0,-134586910.00000003,-74794498.00000001,0.0189025402069091,0,True,51,33,True,88,32,0.908625066280365,200.6228942871093,-2401276745.6230545,2025-11-20 20:35:59
er_524288_1_1.txt,erdos_renyi_10ins_m20,47,SpecAnn,0.8371304567239225,1.0,-134637538.0,-76386194.00000001,0.0189619064331054,0,True,51,33,True,89,32,0.906055212020874,191.9259033203125,-2290684443.1333914,2025-11-20 20:35:59
er_524288_1_1.txt,erdos_renyi_10ins_m20,47,SpecAnn,0.8418202998994706,1.0,-134898825.99999997,-77958595.99999999,0.0190474987030029,0,True,51,33,True,90,32,0.9033989906311036,183.65338134765625,-2185523798.124953,2025-11-20 20:35:59
er_524288_1_1.txt,erdos_renyi_10ins_m20,47,SpecAnn,0.846484159964536,1.0,-135069255.99999997,-79599176.00000003,0.0191075801849365,0,True,51,33,True,91,32,0.9006513953208923,175.78231811523438,-2085493898.934857,2025-11-20 20:35:59
er_524288_1_1.txt,erdos_renyi_10ins_m20,47,SpecAnn,0.8511224640549078,1.0,-135178182.0,-81355893.99999997,0.0191020965576171,0,True,51,33,True,92,32,0.8978068232536316,168.29104614257812,-1990310902.08378,2025-11-20 20:35:59
er_524288_1_1.txt,erdos_renyi_10ins_m20,47,SpecAnn,0.8557356277302758,1.0,-135389771.99999997,-83195753.99999999,0.0190777778625488,0,True,51,33,True,93,32,0.8948595523834229,161.15890502929688,-1899705134.335862,2025-11-20 20:35:59
er_524288_1_1.txt,erdos_renyi_10ins_m20,47,SpecAnn,0.8603240554087516,1.0,-135462186.0,-85135664.00000001,0.0191328525543212,0,True,51,33,True,94,32,0.8918028473854065,154.36668395996094,-1813424336.152489,2025-11-20 20:35:59
er_524288_1_1.txt,erdos_renyi_10ins_m20,47,SpecAnn,0.86488814078064,1.0,-135705295.99999997,-87104130.0,0.0191538333892822,0,True,51,33,True,95,32,0.8886297941207886,147.89649963378906,-1731234012.0214689,2025-11-20 20:35:59
er_524288_1_1.txt,erdos_renyi_10ins_m20,47,SpecAnn,0.8694282672026621,1.0,-135879196.0,-89189704.00000001,0.0194563865661621,0,True,51,33,True,96,32,0.8853323459625244,141.73114013671875,-1652907774.8296888,2025-11-20 20:35:59
er_524288_1_1.txt,erdos_renyi_10ins_m20,47,SpecAnn,0.8739448080737451,1.0,-136007706.0,-91309506.0,0.0193269252777099,0,True,51,33,True,97,32,0.8819020986557007,135.8546905517578,-1578236284.223353,2025-11-20 20:35:59
er_524288_1_1.txt,erdos_renyi_10ins_m20,47,SpecAnn,0.878438127193422,1.0,-136175226.0,-93488668.0,0.01920747756958,0,True,51,33,True,98,32,0.8783294558525085,130.2520751953125,-1507020322.6419492,2025-11-20 20:35:59
er_524288_1_1.txt,erdos_renyi_10ins_m20,47,SpecAnn,0.8829085791038153,1.0,-136537398.0,-95668762.0,0.0189967155456542,0,True,51,33,True,99,32,0.8746037483215332,124.90901184082033,-1439070654.0864391,2025-11-20 20:35:59
er_524288_1_1.txt,erdos_renyi_10ins_m20,47,SpecAnn,0.8873565094161138,1.0,-136639600.00000003,-98055926.0,0.0190088748931884,0,True,51,33,True,100,32,0.8707135915756226,119.81217193603516,-1374210538.957127,2025-11-20 20:35:59
er_524288_1_1.txt,erdos_renyi_10ins_m20,47,SpecAnn,0.8917822551223932,1.0,-136926924.0,-100410242.0,0.0188195705413818,0,True,51,33,True,101,32,0.8666455745697021,114.94891357421876,-1312270617.1409943,2025-11-20 20:35:59
er_524288_1_1.txt,erdos_renyi_10ins_m20,47,SpecAnn,0.8961861448935777,1.0,-137215046.00000003,-102916014.0,0.0188169479370117,0,True,51,33,True,102,32,0.862385630607605,110.30736541748048,-1253092220.0476975,2025-11-20 20:35:59
er_524288_1_1.txt,erdos_renyi_10ins_m20,47,SpecAnn,0.9005684993642872,1.0,-137633868.0,-105491464.0,0.0188274383544921,0,True,51,33,True,103,32,0.8579174876213074,105.87631225585938,-1196523786.5844352,2025-11-20 20:35:59
er_524288_1_1.txt,erdos_renyi_10ins_m20,47,SpecAnn,0.9049296314052688,1.0,-137908444.0,-108052456.0,0.0187914371490478,0,True,51,33,True,104,32,0.8532227873802185,101.64505004882812,-1142419716.9266355,2025-11-20 20:35:59
er_524288_1_1.txt,erdos_renyi_10ins_m20,47,SpecAnn,0.9092698463840684,1.0,-138297753.99999997,-110677459.99999996,0.0188009738922119,0,True,51,33,True,105,32,0.8482814431190491,97.6036376953125,-1090643915.3267477,2025-11-20 20:35:59
er_524288_1_1.txt,erdos_renyi_10ins_m20,47,SpecAnn,0.9135894424145556,1.0,-138831272.0,-113428093.99999996,0.036325454711914,0,True,51,65,True,106,32,0.8430702090263367,93.74268341064452,-1041065691.512184,2025-11-20 20:35:59
er_524288_1_1.txt,erdos_renyi_10ins_m20,47,SpecAnn,0.9178887105958816,1.0,-139221475.99999997,-116001356.0,0.0369718074798584,0,True,51,65,True,107,32,0.8375635147094727,90.0531234741211,-993558725.2591976,2025-11-20 20:35:59
er_524288_1_1.txt,erdos_renyi_10ins_m20,47,SpecAnn,0.922167935241408,1.0,-139787662.0,-118538518.0,0.0368573665618896,0,True,51,65,True,108,32,0.8317317366600037,86.52656555175781,-948003082.0307524,2025-11-20 20:35:59
er_524288_1_1.txt,erdos_renyi_10ins_m20,47,SpecAnn,0.92642739409812,1.0,-140254796.0,-120928068.0,0.0539195537567138,0,True,51,97,True,109,32,0.8255409002304077,83.15510559082031,-904283328.2423944,2025-11-20 20:35:59
er_524288_1_1.txt,erdos_renyi_10ins_m20,47,SpecAnn,0.9306673585570006,1.0,-140720246.0,-123036504.0,0.0545265674591064,0,True,51,97,True,110,32,0.8189516067504883,79.93107604980469,-862285154.1642319,2025-11-20 20:35:59
er_524288_1_1.txt,erdos_renyi_10ins_m20,47,SpecAnn,0.9348880938548184,1.0,-140938704.0,-124676798.0,0.1244134902954101,0,True,51,225,True,111,32,0.8119173049926758,76.8473892211914,-821898003.691877,2025-11-20 20:35:59
er_524288_1_1.txt,erdos_renyi_10ins_m20,47,SpecAnn,0.9390898592677528,1.0,-140735334.0,-124137393.99999996,0.2638993263244629,0,True,51,481,True,112,32,0.8044081926345825,73.89727020263672,-783036291.5192422,2025-11-20 20:36:00
er_524288_1_1.txt,erdos_renyi_10ins_m20,47,SpecAnn,0.9432729082972536,1.0,-140404470.0,-123001058.0,0.2827839851379394,0,True,51,513,True,113,32,0.7965331673622131,71.07431030273438,-745750457.5782902,2025-11-20 20:36:00
er_524288_1_1.txt,erdos_renyi_10ins_m20,47,SpecAnn,0.9474374888485204,1.0,-140202262.0,-122642098.0,0.1237781047821044,0,True,51,225,True,114,32,0.7883650064468384,68.37246704101562,-710044551.8338039,2025-11-20 20:36:00
er_524288_1_1.txt,erdos_renyi_10ins_m20,47,SpecAnn,0.9515838434019476,1.0,-140171234.00000003,-122483876.0,0.0719454288482666,0,True,51,129,True,115,32,0.7799059748649597,65.78594970703125,-675853249.5618534,2025-11-20 20:36:00
er_524288_1_1.txt,erdos_renyi_10ins_m20,47,SpecAnn,0.9557122091778746,1.0,-140181980.0,-122406262.0,0.0544979572296142,0,True,51,97,True,116,32,0.7711465358734131,63.30938720703125,-643105215.9103138,2025-11-20 20:36:00
er_524288_1_1.txt,erdos_renyi_10ins_m20,47,SpecAnn,0.9598228182949629,1.0,-140150801.99999997,-122399568.0,0.0712804794311523,0,True,51,129,True,117,32,0.762077808380127,60.93755340576172,-611732196.7805316,2025-11-20 20:36:00
er_524288_1_1.txt,erdos_renyi_10ins_m20,47,SpecAnn,0.963915897922488,1.0,-140113686.0,-122338854.0,0.0547852516174316,0,True,51,97,True,118,32,0.7526898980140686,58.66559600830078,-581669891.8675691,2025-11-20 20:36:00
er_524288_1_1.txt,erdos_renyi_10ins_m20,47,SpecAnn,0.967991670426842,1.0,-140111413.99999997,-122302360.0,0.0539381504058837,0,True,51,97,True,119,32,0.7429734468460083,56.48884582519531,-552857243.702225,2025-11-20 20:36:00
er_524288_1_1.txt,erdos_renyi_10ins_m20,47,SpecAnn,0.9720503535125016,1.0,-140165560.0,-122268030.0,0.0363619327545166,0,True,51,65,True,120,32,0.7329180836677551,54.40288162231445,-525235838.34862834,2025-11-20 20:36:00
er_524288_1_1.txt,erdos_renyi_10ins_m20,47,SpecAnn,0.9760921603577252,1.0,-140114406.0,-122232555.99999996,0.0366284847259521,0,True,51,65,True,121,32,0.7225126624107361,52.40357971191406,-498750595.99565023,2025-11-20 20:36:00
er_524288_1_1.txt,erdos_renyi_10ins_m20,47,SpecAnn,0.9801172997452104,1.0,-140115718.0,-122214658.00000004,0.054157018661499,0,True,51,97,True,122,32,0.7117466926574707,50.486915588378906,-473348828.7732962,2025-11-20 20:36:00
er_524288_1_1.txt,erdos_renyi_10ins_m20,47,SpecAnn,0.9841259761879442,1.0,-140125063.99999997,-122185418.0,0.0191106796264648,0,True,51,33,True,123,32,0.700609564781189,48.649169921875,-448981562.129421,2025-11-20 20:36:00
er_524288_1_1.txt,erdos_renyi_10ins_m20,47,SpecAnn,0.9881183900504562,1.0,-140091536.0,-122145134.0,0.0533893108367919,0,True,51,97,True,124,32,0.6890893578529358,46.88671875,-425600758.9014674,2025-11-20 20:36:01
er_524288_1_1.txt,erdos_renyi_10ins_m20,47,SpecAnn,0.9920947376656812,1.0,-140103002.0,-122131424.0,0.0541298389434814,0,True,51,97,True,125,32,0.6771741509437561,45.196197509765625,-403161711.166678,2025-11-20 20:36:01
er_524288_1_1.txt,erdos_renyi_10ins_m20,47,SpecAnn,0.9960552114476228,1.0,-140060778.0,-122133108.0,0.0366184711456298,0,True,51,65,True,126,32,0.6648524403572083,43.574363708496094,-381621936.81465214,2025-11-20 20:36:01
er_524288_1_1.txt,erdos_renyi_10ins_m20,47,SpecAnn,1.0,1.0,-140077856.0,-122109000.0,0.0541505813598632,0,True,51,97,True,127,32,0.6521112322807312,42.01811981201172,-360940242.6445671,2025-11-20 20:36:01
er_524288_1_1.txt,erdos_renyi_10ins_m20,48,SpecAnn,0.0,1.0,-132893350.0,-27046878.000000022,0.0345575809478759,0,True,58,33,True,0,32,0.9984050989151,524289.0,-6895322437000.738,2025-11-20 20:36:05
er_524288_1_1.txt,erdos_renyi_10ins_m20,48,SpecAnn,0.0887356509416113,1.0,-132891000.0,-27450874.00000003,0.0182857513427734,0,True,58,33,True,1,32,0.9975730776786804,226255.109375,-2973172850606.698,2025-11-20 20:36:05
er_524288_1_1.txt,erdos_renyi_10ins_m20,48,SpecAnn,0.1254911610276317,1.0,-132912840.0,-27688420.00000004,0.0182623863220214,0,True,58,33,True,2,32,0.9971120357513428,159755.375,-2098343000484.0369,2025-11-20 20:36:05
er_524288_1_1.txt,erdos_renyi_10ins_m20,48,SpecAnn,0.1536946558735679,1.0,-132878496.0,-27892846.00000001,0.0188963413238525,0,True,58,33,True,3,32,0.9966995120048524,122318.6796875,-1605957593849.4346,2025-11-20 20:36:05
er_524288_1_1.txt,erdos_renyi_10ins_m20,48,SpecAnn,0.1774713018832227,1.0,-132917868.0,-28091004.000000022,0.0189919471740722,0,True,58,33,True,4,32,0.996306300163269,97665.4140625,-1281771808167.542,2025-11-20 20:36:05
er_524288_1_1.txt,erdos_renyi_10ins_m20,48,SpecAnn,0.1984189475331362,1.0,-132901873.99999996,-28298820.000000022,0.0191652774810791,0,True,58,33,True,5,32,0.9959211945533752,80098.8828125,-1050820354828.765,2025-11-20 20:36:05
er_524288_1_1.txt,erdos_renyi_10ins_m20,48,SpecAnn,0.2173570668006655,1.0,-132925548.0,-28477944.00000002,0.0191361904144287,0,True,58,33,True,6,32,0.9955384135246276,66954.3359375,-878038930923.6365,2025-11-20 20:36:05
er_524288_1_1.txt,erdos_renyi_10ins_m20,48,SpecAnn,0.2347724648169381,1.0,-132983248.0,-28676818.00000002,0.0191817283630371,0,True,58,33,True,7,32,0.995154857635498,56779.953125,-744325229455.4421,2025-11-20 20:36:05
er_524288_1_1.txt,erdos_renyi_10ins_m20,48,SpecAnn,0.2509823220552634,1.0,-132904818.0,-28857694.00000004,0.0191318988800048,0,True,58,33,True,8,32,0.9947681427001952,48704.67578125,-638218763670.108,2025-11-20 20:36:05
er_524288_1_1.txt,erdos_renyi_10ins_m20,48,SpecAnn,0.2662069528248341,1.0,-132956942.0,-29083842.00000002,0.0191407203674316,0,True,58,33,True,9,32,0.9943767786026,42169.57421875,-552366374488.0017,2025-11-20 20:36:05
er_524288_1_1.txt,erdos_renyi_10ins_m20,48,SpecAnn,0.2806067666331568,1.0,-132886192.0,-29306612.00000003,0.0191237926483154,0,True,58,33,True,10,32,0.9939796924591064,36797.71875,-481809601520.9971,2025-11-20 20:36:05
er_524288_1_1.txt,erdos_renyi_10ins_m20,48,SpecAnn,0.2943028597012718,1.0,-132891528.0,-29510746.000000045,0.0191295146942138,0,True,58,33,True,11,32,0.9935758709907532,32324.9375,-423073450980.3262,2025-11-20 20:36:05
er_524288_1_1.txt,erdos_renyi_10ins_m20,48,SpecAnn,0.3073893117471359,1.0,-132839938.0,-29710618.000000022,0.0191054344177246,0,True,58,33,True,12,32,0.9931647777557372,28560.271484375,-373646297798.4647,2025-11-20 20:36:05
er_524288_1_1.txt,erdos_renyi_10ins_m20,48,SpecAnn,0.3199409394316542,1.0,-132955291.99999996,-29944342.00000004,0.0191800594329834,0,True,58,33,True,13,32,0.9927456378936768,25362.22265625,-331667060282.2193,2025-11-20 20:36:05
er_524288_1_1.txt,erdos_renyi_10ins_m20,48,SpecAnn,0.3320184038158743,1.0,-132923124.0,-30177348.0,0.0189855098724365,0,True,58,33,True,14,32,0.9923179149627686,22623.662109375,-295726866084.7171,2025-11-20 20:36:05
er_524288_1_1.txt,erdos_renyi_10ins_m20,48,SpecAnn,0.3436716983117353,1.0,-133109004.0,-30414744.00000001,0.0188612937927246,0,True,58,33,True,15,32,0.9918813705444336,20262.0546875,-264740423763.8405,2025-11-20 20:36:05
er_524288_1_1.txt,erdos_renyi_10ins_m20,48,SpecAnn,0.3549426037664455,1.0,-132964023.99999996,-30663546.000000022,0.0187501907348632,0,True,58,33,True,16,32,0.9914352893829346,18212.830078125,-237858596524.7994,2025-11-20 20:36:05
er_524288_1_1.txt,erdos_renyi_10ins_m20,48,SpecAnn,0.3658664615902029,1.0,-133071962.0,-30920840.00000001,0.0187363624572753,0,True,58,33,True,17,32,0.990979552268982,16424.76171875,-214407915333.78305,2025-11-20 20:36:05
er_524288_1_1.txt,erdos_renyi_10ins_m20,48,SpecAnn,0.3764734830828951,1.0,-133019770.0,-31194538.000000004,0.0187790393829345,0,True,58,33,True,18,32,0.9905136823654176,14856.763671875,-193848184123.40744,2025-11-20 20:36:05
er_524288_1_1.txt,erdos_renyi_10ins_m20,48,SpecAnn,0.3867897351437838,1.0,-133088212.0,-31447040.00000001,0.0189855098724365,0,True,58,33,True,19,32,0.9900373816490172,13475.525390625,-175741505567.70688,2025-11-20 20:36:05
er_524288_1_1.txt,erdos_renyi_10ins_m20,48,SpecAnn,0.3968378950662725,1.0,-132979563.99999996,-31713689.99999997,0.0189042091369628,0,True,58,33,True,20,32,0.9895502924919128,12253.787109375,-159729541646.3955,2025-11-20 20:36:05
er_524288_1_1.txt,erdos_renyi_10ins_m20,48,SpecAnn,0.4066378372811136,1.0,-132858958.0,-31986219.99999999,0.0189554691314697,0,True,58,33,True,21,32,0.9890522360801696,11169.0458984375,-145516535997.89972,2025-11-20 20:36:05
er_524288_1_1.txt,erdos_renyi_10ins_m20,48,SpecAnn,0.4162070956347247,1.0,-132945218.0,-32224941.99999999,0.0189747810363769,0,True,58,33,True,22,32,0.9885427355766296,10202.6064453125,-132856750685.68076,2025-11-20 20:36:05
er_524288_1_1.txt,erdos_renyi_10ins_m20,48,SpecAnn,0.4255612320274539,1.0,-133004196.0,-32491582.0,0.0189368724822998,0,True,58,33,True,23,32,0.9880216717720032,9338.80859375,-121544409511.01228,2025-11-20 20:36:05
er_524288_1_1.txt,erdos_renyi_10ins_m20,48,SpecAnn,0.434714133601331,1.0,-132962124.0,-32793111.99999999,0.0190660953521728,0,True,58,33,True,24,32,0.987488567829132,8564.453125,-111406044887.1638,2025-11-20 20:36:05
er_524288_1_1.txt,erdos_renyi_10ins_m20,48,SpecAnn,0.4436782547080569,1.0,-132900876.0,-33051824.00000001,0.0192389488220214,0,True,58,33,True,25,32,0.9869433045387268,7868.37060546875,-102294917273.37646,2025-11-20 20:36:05
er_524288_1_1.txt,erdos_renyi_10ins_m20,48,SpecAnn,0.4524648157026343,1.0,-133045506.0,-33350648.0,0.0191197395324707,0,True,58,33,True,26,32,0.9863855838775636,7241.03515625,-94085872242.61116,2025-11-20 20:36:05
er_524288_1_1.txt,erdos_renyi_10ins_m20,48,SpecAnn,0.4610839676207039,1.0,-132976460.0,-33619984.000000015,0.019136905670166,0,True,58,33,True,27,32,0.9858149886131288,6674.2958984375,-86671820106.26321,2025-11-20 20:36:05
er_524288_1_1.txt,erdos_renyi_10ins_m20,48,SpecAnn,0.4695449296338763,1.0,-132937760.0,-33921346.000000015,0.0191633701324462,0,True,58,33,True,28,32,0.985231339931488,6161.14453125,-79960713005.02478,2025-11-20 20:36:05
er_524288_1_1.txt,erdos_renyi_10ins_m20,48,SpecAnn,0.4778561045889373,1.0,-132987602.0,-34235600.00000001,0.0190870761871337,0,True,58,33,True,29,32,0.9846343398094176,5695.5244140625,-73873000462.33174,2025-11-20 20:36:05
er_524288_1_1.txt,erdos_renyi_10ins_m20,48,SpecAnn,0.4860251767562508,1.0,-133097272.0,-34537880.00000002,0.0188484191894531,0,True,58,33,True,30,32,0.9840236306190492,5272.18896484375,-68339774063.14356,2025-11-20 20:36:05
er_524288_1_1.txt,erdos_renyi_10ins_m20,48,SpecAnn,0.4940591950252281,1.0,-133003698.0,-34832934.00000006,0.0187363624572753,0,True,58,33,True,31,32,0.9833990931510924,4886.5703125,-63301062361.79549,2025-11-20 20:36:05
er_524288_1_1.txt,erdos_renyi_10ins_m20,48,SpecAnn,0.5019646441105269,1.0,-132956973.99999996,-35127960.00000003,0.01865816116333,0,True,58,33,True,32,32,0.98276025056839,4534.681640625,-58704504682.63397,2025-11-20 20:36:05
er_524288_1_1.txt,erdos_renyi_10ins_m20,48,SpecAnn,0.5097475058154177,1.0,-133033292.0,-35452714.00000001,0.0186705589294433,0,True,58,33,True,33,32,0.9821069240570068,4213.0234375,-54504165058.648834,2025-11-20 20:36:05
er_524288_1_1.txt,erdos_renyi_10ins_m20,48,SpecAnn,0.51741331199832,1.0,-133039663.99999996,-35808690.00000001,0.018662691116333,0,True,58,33,True,34,32,0.9814387559890748,3918.5283203125,-50659772687.25025,2025-11-20 20:36:05
er_524288_1_1.txt,erdos_renyi_10ins_m20,48,SpecAnn,0.5249671905758515,1.0,-133237198.0,-36181712.00000003,0.0189275741577148,0,True,58,33,True,35,32,0.9807553887367249,3648.48876953125,-47135786697.9297,2025-11-20 20:36:05
er_524288_1_1.txt,erdos_renyi_10ins_m20,48,SpecAnn,0.5324139056496683,1.0,-133101955.99999996,-36549042.0,0.0188851356506347,0,True,58,33,True,36,32,0.9800565242767334,3400.51220703125,-43900807174.10737,2025-11-20 20:36:05
er_524288_1_1.txt,erdos_renyi_10ins_m20,48,SpecAnn,0.5397578926492556,1.0,-133146258.0,-36923440.000000015,0.0189599990844726,0,True,58,33,True,37,32,0.9793418645858764,3172.477783203125,-40927003861.32884,2025-11-20 20:36:05
er_524288_1_1.txt,erdos_renyi_10ins_m20,48,SpecAnn,0.5470032892270364,1.0,-133119150.0,-37305206.0,0.0189175605773925,0,True,58,33,True,38,32,0.9786111116409302,2962.505859375,-38189713798.3127,2025-11-20 20:36:05
er_524288_1_1.txt,erdos_renyi_10ins_m20,48,SpecAnn,0.554153962516942,1.0,-133277900.0,-37716568.000000015,0.0189356803894042,0,True,58,33,True,39,32,0.977863907814026,2768.91552734375,-35666883787.77509,2025-11-20 20:36:06
er_524288_1_1.txt,erdos_renyi_10ins_m20,48,SpecAnn,0.5612135332663137,1.0,-133262672.0,-38067142.0,0.0190820693969726,0,True,58,33,True,40,32,0.9770998954772948,2590.21435546875,-33338934503.969795,2025-11-20 20:36:06
er_524288_1_1.txt,erdos_renyi_10ins_m20,48,SpecAnn,0.5681853972686127,1.0,-133225785.99999996,-38450272.00000002,0.0191314220428466,0,True,58,33,True,41,32,0.976318657398224,2425.06396484375,-31188309122.63592,2025-11-20 20:36:06
er_524288_1_1.txt,erdos_renyi_10ins_m20,48,SpecAnn,0.5750727444570146,1.0,-133321762.0,-38879030.00000002,0.0190856456756591,0,True,58,33,True,42,32,0.9755197763442992,2272.263671875,-29199260076.49955,2025-11-20 20:36:06
er_524288_1_1.txt,erdos_renyi_10ins_m20,48,SpecAnn,0.5818785759635375,1.0,-133148689.99999996,-39302742.00000002,0.0191540718078613,0,True,58,33,True,43,32,0.974703013896942,2130.739501953125,-27357707971.601265,2025-11-20 20:36:06
er_524288_1_1.txt,erdos_renyi_10ins_m20,48,SpecAnn,0.5886057194025436,1.0,-133298128.0,-39742154.00000002,0.0190939903259277,0,True,58,33,True,44,32,0.9738679528236388,1999.5235595703125,-25650961176.869045,2025-11-20 20:36:06
er_524288_1_1.txt,erdos_renyi_10ins_m20,48,SpecAnn,0.5952568425994088,1.0,-133392312.0,-40215052.00000001,0.019061803817749,0,True,58,33,True,45,32,0.9730141162872314,1877.741455078125,-24067555299.93645,2025-11-20 20:36:06
er_524288_1_1.txt,erdos_renyi_10ins_m20,48,SpecAnn,0.6018344659534288,1.0,-133328228.0,-40681764.00000004,0.0193371772766113,0,True,58,33,True,46,32,0.9721411466598512,1764.6083984375,-22597204208.890293,2025-11-20 20:36:06
er_524288_1_1.txt,erdos_renyi_10ins_m20,48,SpecAnn,0.6083409735974393,1.0,-133181628.0,-41160866.00000003,0.0193521976470947,0,True,58,33,True,47,32,0.9712485671043396,1659.411865234375,-21230568579.326443,2025-11-20 20:36:06
er_524288_1_1.txt,erdos_renyi_10ins_m20,48,SpecAnn,0.6147786234942719,1.0,-133243127.99999996,-41603484.00000003,0.0191495418548584,0,True,58,33,True,48,32,0.9703359603881836,1561.5072021484375,-19959201435.340385,2025-11-20 20:36:06
er_524288_1_1.txt,erdos_renyi_10ins_m20,48,SpecAnn,0.6211495565912796,1.0,-133448258.0,-42032794.000000045,0.0190742015838623,0,True,58,33,True,49,32,0.9694029092788696,1470.3114013671875,-18775464353.15876,2025-11-20 20:36:06
er_524288_1_1.txt,erdos_renyi_10ins_m20,48,SpecAnn,0.6274558051381586,1.0,-133266080.0,-42505314.00000003,0.0189759731292724,0,True,58,33,True,50,32,0.9684487581253052,1385.291748046875,-17672375746.614475,2025-11-20 20:36:06
er_524288_1_1.txt,erdos_renyi_10ins_m20,48,SpecAnn,0.6336993002596786,1.0,-133278936.0,-42987292.00000002,0.0189297199249267,0,True,58,33,True,51,32,0.9674731492996216,1305.968017578125,-16643647347.032925,2025-11-20 20:36:06
er_524288_1_1.txt,erdos_renyi_10ins_m20,48,SpecAnn,0.6398818788633085,1.0,-133331068.0,-43490978.00000003,0.0189599990844726,0,True,58,33,True,52,32,0.9664756059646606,1231.899658203125,-15683510340.595448,2025-11-20 20:36:06
er_524288_1_1.txt,erdos_renyi_10ins_m20,48,SpecAnn,0.6460052899517691,1.0,-133224938.0,-43990358.0,0.0189616680145263,0,True,58,33,True,53,32,0.9654554724693298,1162.685791015625,-14786713446.351135,2025-11-20 20:36:06
er_524288_1_1.txt,erdos_renyi_10ins_m20,48,SpecAnn,0.6520712004019966,1.0,-133296826.0,-44511084.00000004,0.018965721130371,0,True,58,33,True,54,32,0.964412271976471,1097.9613037109375,-13948477471.53057,2025-11-20 20:36:06
er_524288_1_1.txt,erdos_renyi_10ins_m20,48,SpecAnn,0.6580812002646271,1.0,-133349586.0,-45011222.000000015,0.0191574096679687,0,True,58,33,True,55,32,0.9633454084396362,1037.391845703125,-13164425308.109756,2025-11-20 20:36:06
er_524288_1_1.txt,erdos_renyi_10ins_m20,48,SpecAnn,0.6640368076317485,1.0,-133395656.0,-45595281.99999999,0.0191164016723632,0,True,58,33,True,56,32,0.9622542262077332,980.6707763671876,-12430543105.784147,2025-11-20 20:36:06
er_524288_1_1.txt,erdos_renyi_10ins_m20,48,SpecAnn,0.6699394731151429,1.0,-133352841.99999996,-46164627.99999999,0.0191278457641601,0,True,58,33,True,57,32,0.9611380696296692,927.51904296875,-11743178368.8257,2025-11-20 20:36:06
er_524288_1_1.txt,erdos_renyi_10ins_m20,48,SpecAnn,0.6757905839724513,1.0,-133525562.0,-46717591.99999997,0.0191004276275634,0,True,58,33,True,58,32,0.9599964022636414,877.6785888671875,-11098956577.454094,2025-11-20 20:36:06
er_524288_1_1.txt,erdos_renyi_10ins_m20,48,SpecAnn,0.6815914679145113,1.0,-133445926.0,-47360683.99999999,0.01910400390625,0,True,58,33,True,59,32,0.9588285088539124,830.9144287109375,-10494802787.809952,2025-11-20 20:36:06
er_524288_1_1.txt,erdos_renyi_10ins_m20,48,SpecAnn,0.6873433966234707,1.0,-133422786.0,-47995306.0,0.0192677974700927,0,True,58,33,True,60,32,0.9576334953308104,787.0086669921875,-9927865531.564686,2025-11-20 20:36:06
er_524288_1_1.txt,erdos_renyi_10ins_m20,48,SpecAnn,0.6930475890080863,1.0,-133380374.0,-48598344.0,0.0194616317749023,0,True,58,33,True,61,32,0.9564109444618224,745.7628173828125,-9395552131.051256,2025-11-20 20:36:06
er_524288_1_1.txt,erdos_renyi_10ins_m20,48,SpecAnn,0.6987052142198116,1.0,-133514173.99999996,-49265445.99999998,0.0194649696350097,0,True,58,33,True,62,32,0.9551597237586976,706.9926147460938,-8895449970.936012,2025-11-20 20:36:06
er_524288_1_1.txt,erdos_renyi_10ins_m20,48,SpecAnn,0.7043173944508145,1.0,-133523938.0,-49915174.0,0.0194854736328125,0,True,58,33,True,63,32,0.9538791179656982,670.528564453125,-8425344508.110423,2025-11-20 20:36:06
er_524288_1_1.txt,erdos_renyi_10ins_m20,48,SpecAnn,0.709885207532891,1.0,-133444544.0,-50597060.000000015,0.0193231105804443,0,True,58,33,True,64,32,0.952568292617798,636.2149658203125,-7983200656.863405,2025-11-20 20:36:06
er_524288_1_1.txt,erdos_renyi_10ins_m20,48,SpecAnn,0.7154096893543218,1.0,-133438326.0,-51303644.00000001,0.019200325012207,0,True,58,33,True,65,32,0.95122629404068,603.906982421875,-7567125568.681619,2025-11-20 20:36:06
er_524288_1_1.txt,erdos_renyi_10ins_m20,48,SpecAnn,0.7208918361100219,1.0,-133600990.00000004,-52006726.000000015,0.0190415382385253,0,True,58,33,True,66,32,0.9498522281646729,573.4720458984375,-7175387204.251175,2025-11-20 20:36:06
er_524288_1_1.txt,erdos_renyi_10ins_m20,48,SpecAnn,0.7263326063988248,1.0,-133449152.00000004,-52783472.0,0.0188829898834228,0,True,58,33,True,67,32,0.9484450221061708,544.7864990234375,-6806369793.470487,2025-11-20 20:36:06
er_524288_1_1.txt,erdos_renyi_10ins_m20,48,SpecAnn,0.7317329231804058,1.0,-133744962.0,-53577999.99999999,0.018714427947998,0,True,58,33,True,68,32,0.9470036029815674,517.736328125,-6458584019.585966,2025-11-20 20:36:06
er_524288_1_1.txt,erdos_renyi_10ins_m20,48,SpecAnn,0.7370936756031579,1.0,-133797132.0,-54360794.00000002,0.0187306404113769,0,True,58,33,True,69,32,0.9455268979072572,492.215576171875,-6130646625.964254,2025-11-20 20:36:06
er_524288_1_1.txt,erdos_renyi_10ins_m20,48,SpecAnn,0.7424157207132704,1.0,-133716416.0,-55153170.000000015,0.0188231468200683,0,True,58,33,True,70,32,0.9440136551856996,468.1266174316406,-5821282224.813996,2025-11-20 20:36:06
er_524288_1_1.txt,erdos_renyi_10ins_m20,48,SpecAnn,0.7476998850543153,1.0,-133687994.0,-55979246.00000001,0.0188241004943847,0,True,58,33,True,71,32,0.942462682723999,445.3785400390625,-5529304324.2176285,2025-11-20 20:36:06
er_524288_1_1.txt,erdos_renyi_10ins_m20,48,SpecAnn,0.7529469661657903,1.0,-133693734.0,-56853186.00000001,0.0191752910614013,0,True,58,33,True,72,32,0.940872609615326,423.886474609375,-5253605138.149981,2025-11-20 20:36:06
er_524288_1_1.txt,erdos_renyi_10ins_m20,48,SpecAnn,0.7581577339883167,1.0,-133916159.99999996,-57707778.00000001,0.0191714763641357,0,True,58,33,True,73,32,0.9392419457435608,403.5724487304688,-4993166321.574362,2025-11-20 20:36:06
er_524288_1_1.txt,erdos_renyi_10ins_m20,48,SpecAnn,0.7633329321824984,1.0,-133789466.0,-58526613.99999999,0.0191059112548828,0,True,58,33,True,74,32,0.9375693202018738,384.3634338378906,-4747035672.49541,2025-11-20 20:36:06
er_524288_1_1.txt,erdos_renyi_10ins_m20,48,SpecAnn,0.7684732793678399,1.0,-133909055.99999996,-59395816.00000001,0.0190908908843994,0,True,58,33,True,75,32,0.935853123664856,366.19134521484375,-4514324906.283754,2025-11-20 20:36:06
er_524288_1_1.txt,erdos_renyi_10ins_m20,48,SpecAnn,0.7735794702875677,1.0,-133899492.0,-60301429.99999999,0.0191447734832763,0,True,58,33,True,76,32,0.9340916275978088,348.99322509765625,-4294212370.804106,2025-11-20 20:36:06
er_524288_1_1.txt,erdos_renyi_10ins_m20,48,SpecAnn,0.7786521769046981,1.0,-133939986.0,-61321393.99999998,0.0191366672515869,0,True,58,33,True,77,32,0.932283103466034,332.7102355957031,-4085930903.8209367,2025-11-20 20:36:06
er_524288_1_1.txt,erdos_renyi_10ins_m20,48,SpecAnn,0.7836920494342511,1.0,-133992840.0,-62345842.0,0.0191154479980468,0,True,58,33,True,78,32,0.930425465106964,317.2875366210937,-3888764506.418688,2025-11-20 20:36:06
er_524288_1_1.txt,erdos_renyi_10ins_m20,48,SpecAnn,0.788699717316095,1.0,-133997874.0,-63409095.99999999,0.0191822052001953,0,True,58,33,True,79,32,0.928516924381256,302.673828125,-3702045369.546907,2025-11-20 20:36:06
er_524288_1_1.txt,erdos_renyi_10ins_m20,48,SpecAnn,0.7936757901325451,1.0,-134136634.0,-64433693.99999999,0.0191373825073242,0,True,58,33,True,80,32,0.9265551567077636,288.8216247558594,-3525153455.5758905,2025-11-20 20:36:06
er_524288_1_1.txt,erdos_renyi_10ins_m20,48,SpecAnn,0.7986208584745024,1.0,-134275074.0,-65583241.99999997,0.0191130638122558,0,True,58,33,True,81,32,0.924537718296051,275.6859436035156,-3357502155.0299177,2025-11-20 20:36:06
er_524288_1_1.txt,erdos_renyi_10ins_m20,48,SpecAnn,0.803535494759617,1.0,-134386000.0,-66734655.99999999,0.0191743373870849,0,True,58,33,True,82,32,0.922462284564972,263.22540283203125,-3198552333.2943115,2025-11-20 20:36:06
er_524288_1_1.txt,erdos_renyi_10ins_m20,48,SpecAnn,0.8084202540056837,1.0,-134214061.99999996,-67975960.00000001,0.0190083980560302,0,True,58,33,True,83,32,0.9203261733055116,251.4010467529297,-3047796021.7920184,2025-11-20 20:36:06
er_524288_1_1.txt,erdos_renyi_10ins_m20,48,SpecAnn,0.8132756745622272,1.0,-134427484.0,-69220598.0,0.0188519954681396,0,True,58,33,True,84,32,0.918126344680786,240.17616271972656,-2904754238.634513,2025-11-20 20:36:06
er_524288_1_1.txt,erdos_renyi_10ins_m20,48,SpecAnn,0.8181022788030096,1.0,-134429328.0,-70505696.0,0.0188691616058349,0,True,58,33,True,85,32,0.9158598184585572,229.51690673828125,-2768985814.437044,2025-11-20 20:36:06
er_524288_1_1.txt,erdos_renyi_10ins_m20,48,SpecAnn,0.822900573781978,1.0,-134539554.0,-71874584.0,0.0188367366790771,0,True,58,33,True,86,32,0.9135231375694276,219.39126586914065,-2640072957.5464573,2025-11-20 20:36:06
er_524288_1_1.txt,erdos_renyi_10ins_m20,48,SpecAnn,0.8276710518549868,1.0,-134580638.0,-73289123.99999999,0.0188245773315429,0,True,58,33,True,87,32,0.911112904548645,209.7693023681641,-2517625766.7764344,2025-11-20 20:36:06
er_524288_1_1.txt,erdos_renyi_10ins_m20,48,SpecAnn,0.8324141912694495,1.0,-134700870.0,-74793656.0,0.0189011096954345,0,True,58,33,True,88,32,0.908625066280365,200.6228942871093,-2401276927.914045,2025-11-20 20:36:06
er_524288_1_1.txt,erdos_renyi_10ins_m20,48,SpecAnn,0.8371304567239225,1.0,-134796704.0,-76386194.00000001,0.0189576148986816,0,True,58,33,True,89,32,0.906055212020874,191.9259033203125,-2290684617.0288568,2025-11-20 20:36:06
er_524288_1_1.txt,erdos_renyi_10ins_m20,48,SpecAnn,0.8418202998994706,1.0,-134917570.0,-77958595.99999999,0.0189325809478759,0,True,58,33,True,90,32,0.9033989906311036,183.65338134765625,-2185523964.0372324,2025-11-20 20:36:06
er_524288_1_1.txt,erdos_renyi_10ins_m20,48,SpecAnn,0.846484159964536,1.0,-135080244.0,-79599176.00000001,0.0189931392669677,0,True,58,33,True,91,32,0.9006513357162476,175.78231811523438,-2085493919.2365265,2025-11-20 20:36:06
er_524288_1_1.txt,erdos_renyi_10ins_m20,48,SpecAnn,0.8511224640549078,1.0,-135168023.99999997,-81355894.0,0.018935203552246,0,True,58,33,True,92,32,0.8978068828582764,168.29104614257812,-1990311185.311717,2025-11-20 20:36:07
er_524288_1_1.txt,erdos_renyi_10ins_m20,48,SpecAnn,0.8557356277302758,1.0,-135173414.0,-83195754.00000001,0.0190870761871337,0,True,58,33,True,93,32,0.8948594927787781,161.15890502929688,-1899705152.0152185,2025-11-20 20:36:07
er_524288_1_1.txt,erdos_renyi_10ins_m20,48,SpecAnn,0.8603240554087516,1.0,-135315539.99999997,-85135664.00000001,0.0191578865051269,0,True,58,33,True,94,32,0.8918028473854065,154.36666870117188,-1813424294.564329,2025-11-20 20:36:07
er_524288_1_1.txt,erdos_renyi_10ins_m20,48,SpecAnn,0.86488814078064,1.0,-135611166.0,-87104212.0,0.0191457271575927,0,True,58,33,True,95,32,0.8886297941207886,147.89649963378906,-1731234143.4467049,2025-11-20 20:36:07
er_524288_1_1.txt,erdos_renyi_10ins_m20,48,SpecAnn,0.8694282672026621,1.0,-135799982.0,-89189829.99999997,0.0191287994384765,0,True,58,33,True,96,32,0.8853324055671692,141.73114013671875,-1652908011.5902123,2025-11-20 20:36:07
er_524288_1_1.txt,erdos_renyi_10ins_m20,48,SpecAnn,0.8739448080737451,1.0,-136012244.00000003,-91309506.0,0.0191485881805419,0,True,58,33,True,97,32,0.8819020986557007,135.85467529296875,-1578236226.7711372,2025-11-20 20:36:07
er_524288_1_1.txt,erdos_renyi_10ins_m20,48,SpecAnn,0.878438127193422,1.0,-136029204.0,-93488668.0,0.0190317630767822,0,True,58,33,True,98,32,0.8783294558525085,130.2520751953125,-1507020437.046183,2025-11-20 20:36:07
er_524288_1_1.txt,erdos_renyi_10ins_m20,48,SpecAnn,0.8829085791038153,1.0,-136320038.0,-95668761.99999996,0.0189526081085205,0,True,58,33,True,99,32,0.874603807926178,124.90901184082033,-1439070861.4056587,2025-11-20 20:36:07
er_524288_1_1.txt,erdos_renyi_10ins_m20,48,SpecAnn,0.8873565094161138,1.0,-136656172.0,-98055926.0,0.0188155174255371,0,True,58,33,True,100,32,0.8707135319709778,119.81216430664062,-1374210461.700787,2025-11-20 20:36:07
er_524288_1_1.txt,erdos_renyi_10ins_m20,48,SpecAnn,0.8917822551223932,1.0,-136997665.99999997,-100410241.99999996,0.0187811851501464,0,True,58,33,True,101,32,0.8666455745697021,114.94889831542967,-1312270542.564778,2025-11-20 20:36:07
er_524288_1_1.txt,erdos_renyi_10ins_m20,48,SpecAnn,0.8961861448935777,1.0,-137219424.0,-102916014.0,0.0187523365020751,0,True,58,33,True,102,32,0.862385630607605,110.30735778808594,-1253092228.505218,2025-11-20 20:36:07
er_524288_1_1.txt,erdos_renyi_10ins_m20,48,SpecAnn,0.9005684993642872,1.0,-137491264.0,-105491464.0,0.0189034938812255,0,True,58,33,True,103,32,0.8579174280166626,105.87629699707033,-1196523621.846103,2025-11-20 20:36:07
er_524288_1_1.txt,erdos_renyi_10ins_m20,48,SpecAnn,0.9049296314052688,1.0,-138027264.0,-108052456.0,0.0189242362976074,0,True,58,33,True,104,32,0.8532227873802185,101.6450424194336,-1142419717.90341,2025-11-20 20:36:07
er_524288_1_1.txt,erdos_renyi_10ins_m20,48,SpecAnn,0.9092698463840684,1.0,-138315752.0,-110677586.0,0.0189821720123291,0,True,58,33,True,105,32,0.8482814431190491,97.6036376953125,-1090643998.1221025,2025-11-20 20:36:07
er_524288_1_1.txt,erdos_renyi_10ins_m20,48,SpecAnn,0.9135894424145556,1.0,-138799680.0,-113428093.99999996,0.0364093780517578,0,True,58,65,True,106,32,0.8430702686309814,93.74267578125,-1041065759.4179124,2025-11-20 20:36:07
er_524288_1_1.txt,erdos_renyi_10ins_m20,48,SpecAnn,0.9178887105958816,1.0,-139264915.99999997,-116001356.0,0.0367097854614257,0,True,58,65,True,107,32,0.8375635743141174,90.05311584472656,-993558787.2150089,2025-11-20 20:36:07
er_524288_1_1.txt,erdos_renyi_10ins_m20,48,SpecAnn,0.922167935241408,1.0,-139800452.0,-118538052.0,0.0370888710021972,0,True,58,65,True,108,32,0.8317316770553589,86.52655792236328,-948003002.4713678,2025-11-20 20:36:07
er_524288_1_1.txt,erdos_renyi_10ins_m20,48,SpecAnn,0.92642739409812,1.0,-140240237.99999997,-120928768.0,0.0543749332427978,0,True,58,97,True,109,32,0.8255411982536316,83.15509796142578,-904283640.3727905,2025-11-20 20:36:07
er_524288_1_1.txt,erdos_renyi_10ins_m20,48,SpecAnn,0.9306673585570006,1.0,-140692130.0,-123036252.0,0.0545401573181152,0,True,58,97,True,110,32,0.8189516663551331,79.93106079101562,-862285117.7727666,2025-11-20 20:36:07
er_524288_1_1.txt,erdos_renyi_10ins_m20,48,SpecAnn,0.9348880938548184,1.0,-140938691.99999997,-124675346.0,0.1247932910919189,0,True,58,225,True,111,32,0.8119171857833862,76.84738159179688,-821897863.8130177,2025-11-20 20:36:07
er_524288_1_1.txt,erdos_renyi_10ins_m20,48,SpecAnn,0.9390898592677528,1.0,-140691720.0,-124138584.0,0.2645249366760254,0,True,58,481,True,112,32,0.8044081330299377,73.89726257324219,-783036212.0985534,2025-11-20 20:36:07
er_524288_1_1.txt,erdos_renyi_10ins_m20,48,SpecAnn,0.9432729082972536,1.0,-140390296.0,-123002194.0,0.2815334796905517,0,True,58,513,True,113,32,0.7965332865715027,71.07431030273438,-745750625.8004848,2025-11-20 20:36:08
er_524288_1_1.txt,erdos_renyi_10ins_m20,48,SpecAnn,0.9474374888485204,1.0,-140217059.99999997,-122652756.0,0.0888762474060058,0,True,58,161,True,114,32,0.7883651256561279,68.3724594116211,-710044633.8717772,2025-11-20 20:36:08
er_524288_1_1.txt,erdos_renyi_10ins_m20,48,SpecAnn,0.9515838434019476,1.0,-140115610.0,-122411676.0,0.3884074687957763,0,True,58,705,True,115,32,0.7799047827720642,65.78593444824219,-675852111.0599654,2025-11-20 20:36:08
er_524288_1_1.txt,erdos_renyi_10ins_m20,48,SpecAnn,0.9557122091778746,1.0,-140151321.99999997,-122346622.0,0.0546550750732421,0,True,58,97,True,116,32,0.7711465358734131,63.30937957763672,-643105187.2307134,2025-11-20 20:36:08
er_524288_1_1.txt,erdos_renyi_10ins_m20,48,SpecAnn,0.9598228182949629,1.0,-140072554.0,-122339268.0,0.0539829730987548,0,True,58,97,True,117,32,0.7620776891708374,60.93754196166992,-611732032.6449637,2025-11-20 20:36:08
er_524288_1_1.txt,erdos_renyi_10ins_m20,48,SpecAnn,0.963915897922488,1.0,-140151619.99999997,-122307214.0,0.0541012287139892,0,True,58,97,True,118,32,0.752690315246582,58.66559219360352,-581670220.6341892,2025-11-20 20:36:08
er_524288_1_1.txt,erdos_renyi_10ins_m20,48,SpecAnn,0.967991670426842,1.0,-140115628.0,-122282675.99999996,0.0542910099029541,0,True,58,97,True,119,32,0.7429733276367188,56.48883819580078,-552857122.2975804,2025-11-20 20:36:08
er_524288_1_1.txt,erdos_renyi_10ins_m20,48,SpecAnn,0.9720503535125016,1.0,-140159101.99999997,-122255802.0,0.0365195274353027,0,True,58,65,True,120,32,0.7329179048538208,54.40287780761719,-525235713.247671,2025-11-20 20:36:08
er_524288_1_1.txt,erdos_renyi_10ins_m20,48,SpecAnn,0.9760921603577252,1.0,-140097320.0,-122219784.0,0.0534877777099609,0,True,58,97,True,121,32,0.7225126028060913,52.40357208251953,-498750520.1001091,2025-11-20 20:36:08
er_524288_1_1.txt,erdos_renyi_10ins_m20,48,SpecAnn,0.9801172997452104,1.0,-140146616.0,-122205112.0,0.0541670322418212,0,True,58,97,True,122,32,0.7117466926574707,50.486915588378906,-473348864.70719147,2025-11-20 20:36:08
er_524288_1_1.txt,erdos_renyi_10ins_m20,48,SpecAnn,0.9841259761879442,1.0,-140094080.0,-122200332.0,0.0366847515106201,0,True,58,65,True,123,32,0.7006098031997681,48.649169921875,-448981749.0026652,2025-11-20 20:36:09
er_524288_1_1.txt,erdos_renyi_10ins_m20,48,SpecAnn,0.9881183900504562,1.0,-140089028.0,-122164264.0,0.0363471508026123,0,True,58,65,True,124,32,0.6890894174575806,46.88671875,-425600828.024096,2025-11-20 20:36:09
er_524288_1_1.txt,erdos_renyi_10ins_m20,48,SpecAnn,0.9920947376656812,1.0,-140074986.0,-122140588.0,0.053473949432373,0,True,58,97,True,125,32,0.6771742701530457,45.19618988037109,-403161744.68852144,2025-11-20 20:36:09
er_524288_1_1.txt,erdos_renyi_10ins_m20,48,SpecAnn,0.9960552114476228,1.0,-140091516.0,-122131688.0,0.0544495582580566,0,True,58,97,True,126,32,0.6648524403572083,43.57435989379883,-381621932.3762579,2025-11-20 20:36:09
er_524288_1_1.txt,erdos_renyi_10ins_m20,48,SpecAnn,1.0,1.0,-140127374.0,-122132974.0,0.0371155738830566,0,True,58,65,True,127,32,0.6521111726760864,42.01811218261719,-360940171.5168533,2025-11-20 20:36:09
er_524288_1_1.txt,erdos_renyi_10ins_m20,49,SpecAnn,0.0,1.0,-133056196.0,-27046908.0,0.0340657234191894,0,True,54,33,True,0,32,0.9984050989151,524289.0,-6895318772831.062,2025-11-20 20:36:13
er_524288_1_1.txt,erdos_renyi_10ins_m20,49,SpecAnn,0.0887356509416113,1.0,-132964060.0,-27450874.000000007,0.0181543827056884,0,True,54,33,True,1,32,0.9975730776786804,226255.125,-2973171475989.5283,2025-11-20 20:36:13
er_524288_1_1.txt,erdos_renyi_10ins_m20,49,SpecAnn,0.1254911610276317,1.0,-132915148.0,-27688420.00000002,0.018233299255371,0,True,54,33,True,2,32,0.997111976146698,159755.375,-2098341759992.817,2025-11-20 20:36:13
er_524288_1_1.txt,erdos_renyi_10ins_m20,49,SpecAnn,0.1536946558735679,1.0,-132800788.0,-27892846.0,0.0186762809753417,0,True,54,33,True,3,32,0.9966995120048524,122318.6875,-1605956843017.191,2025-11-20 20:36:13
er_524288_1_1.txt,erdos_renyi_10ins_m20,49,SpecAnn,0.1774713018832227,1.0,-132911148.0,-28091004.000000004,0.0188727378845214,0,True,54,33,True,4,32,0.996306300163269,97665.4375,-1281771434631.0764,2025-11-20 20:36:13
er_524288_1_1.txt,erdos_renyi_10ins_m20,49,SpecAnn,0.1984189475331362,1.0,-132812924.0,-28298819.99999999,0.0190789699554443,0,True,54,33,True,5,32,0.9959211945533752,80098.890625,-1050819898915.9762,2025-11-20 20:36:13
er_524288_1_1.txt,erdos_renyi_10ins_m20,49,SpecAnn,0.2173570668006655,1.0,-133074972.0,-28477944.00000001,0.0190503597259521,0,True,54,33,True,6,32,0.9955384135246276,66954.34375,-878038566787.3865,2025-11-20 20:36:13
er_524288_1_1.txt,erdos_renyi_10ins_m20,49,SpecAnn,0.2347724648169381,1.0,-133087112.0,-28676818.0,0.0191397666931152,0,True,54,33,True,7,32,0.9951547980308532,56779.9609375,-744324891753.8643,2025-11-20 20:36:13
er_524288_1_1.txt,erdos_renyi_10ins_m20,49,SpecAnn,0.2509823220552634,1.0,-132951708.0,-28857694.0,0.0190916061401367,0,True,54,33,True,8,32,0.9947681427001952,48704.6796875,-638218475707.9757,2025-11-20 20:36:13
er_524288_1_1.txt,erdos_renyi_10ins_m20,49,SpecAnn,0.2662069528248341,1.0,-132911354.0,-29083842.00000001,0.0190870761871337,0,True,54,33,True,9,32,0.9943767786026,42169.58203125,-552366183294.3813,2025-11-20 20:36:13
er_524288_1_1.txt,erdos_renyi_10ins_m20,49,SpecAnn,0.2806067666331568,1.0,-133207490.0,-29306612.000000007,0.0191318988800048,0,True,54,33,True,10,32,0.9939796924591064,36797.72265625,-481809396634.017,2025-11-20 20:36:13
er_524288_1_1.txt,erdos_renyi_10ins_m20,49,SpecAnn,0.2943028597012718,1.0,-133159832.0,-29510746.00000001,0.0191407203674316,0,True,54,33,True,11,32,0.9935758709907532,32324.943359375,-423073302847.6862,2025-11-20 20:36:13
er_524288_1_1.txt,erdos_renyi_10ins_m20,49,SpecAnn,0.3073893117471359,1.0,-133065954.0,-29710618.000000022,0.0191128253936767,0,True,54,33,True,12,32,0.9931647181510924,28560.2734375,-373646102370.9471,2025-11-20 20:36:13
er_524288_1_1.txt,erdos_renyi_10ins_m20,49,SpecAnn,0.3199409394316542,1.0,-133084730.0,-29944342.000000007,0.0191271305084228,0,True,54,33,True,13,32,0.9927455186843872,25362.228515625,-331666920832.09265,2025-11-20 20:36:13
er_524288_1_1.txt,erdos_renyi_10ins_m20,49,SpecAnn,0.3320184038158743,1.0,-133099176.0,-30177348.00000004,0.0190126895904541,0,True,54,33,True,14,32,0.9923179745674132,22623.6640625,-295726752229.2093,2025-11-20 20:36:13
er_524288_1_1.txt,erdos_renyi_10ins_m20,49,SpecAnn,0.3436716983117353,1.0,-133089766.0,-30414744.00000001,0.0188231468200683,0,True,54,33,True,15,32,0.9918813705444336,20262.060546875,-264740359638.4756,2025-11-20 20:36:13
er_524288_1_1.txt,erdos_renyi_10ins_m20,49,SpecAnn,0.3549426037664455,1.0,-132967390.0,-30662790.00000001,0.0187382698059082,0,True,54,33,True,16,32,0.9914353489875792,18212.8359375,-237858560949.938,2025-11-20 20:36:13
er_524288_1_1.txt,erdos_renyi_10ins_m20,49,SpecAnn,0.3658664615902029,1.0,-133057676.0,-30920840.000000022,0.0187218189239501,0,True,54,33,True,17,32,0.9909794926643372,16424.765625,-214407839493.4707,2025-11-20 20:36:13
er_524288_1_1.txt,erdos_renyi_10ins_m20,49,SpecAnn,0.3764734830828951,1.0,-132935962.0,-31194538.000000022,0.0188407897949218,0,True,54,33,True,18,32,0.9905136227607728,14856.765625,-193848094931.69345,2025-11-20 20:36:13
er_524288_1_1.txt,erdos_renyi_10ins_m20,49,SpecAnn,0.3867897351437838,1.0,-133121158.0,-31447040.00000001,0.0188398361206054,0,True,54,33,True,19,32,0.9900373816490172,13475.5283203125,-175741450386.3849,2025-11-20 20:36:14
er_524288_1_1.txt,erdos_renyi_10ins_m20,49,SpecAnn,0.3968378950662725,1.0,-133102383.99999996,-31713690.00000003,0.0188100337982177,0,True,54,33,True,20,32,0.9895503520965576,12253.7890625,-159729491846.58075,2025-11-20 20:36:14
er_524288_1_1.txt,erdos_renyi_10ins_m20,49,SpecAnn,0.4066378372811136,1.0,-133269962.0,-31986220.000000022,0.0188143253326416,0,True,54,33,True,21,32,0.9890522360801696,11169.048828125,-145516496840.0873,2025-11-20 20:36:14
er_524288_1_1.txt,erdos_renyi_10ins_m20,49,SpecAnn,0.4162070956347247,1.0,-133196146.0,-32224942.00000003,0.0190246105194091,0,True,54,33,True,22,32,0.9885427355766296,10202.609375,-132856718235.607,2025-11-20 20:36:14
er_524288_1_1.txt,erdos_renyi_10ins_m20,49,SpecAnn,0.4255612320274539,1.0,-133108054.0,-32491582.00000004,0.0190987586975097,0,True,54,33,True,23,32,0.9880216121673584,9338.810546875,-121544363009.82576,2025-11-20 20:36:14
er_524288_1_1.txt,erdos_renyi_10ins_m20,49,SpecAnn,0.434714133601331,1.0,-133068948.0,-32793112.000000056,0.019115924835205,0,True,54,33,True,24,32,0.987488567829132,8564.455078125,-111406011092.22104,2025-11-20 20:36:14
er_524288_1_1.txt,erdos_renyi_10ins_m20,49,SpecAnn,0.4436782547080569,1.0,-132970070.00000004,-33051824.00000004,0.0190989971160888,0,True,54,33,True,25,32,0.9869433045387268,7868.3720703125,-102294881958.0208,2025-11-20 20:36:14
er_524288_1_1.txt,erdos_renyi_10ins_m20,49,SpecAnn,0.4524648157026343,1.0,-133025500.0,-33350648.00000001,0.0191020965576171,0,True,54,33,True,26,32,0.9863855242729188,7241.03662109375,-94085835593.41872,2025-11-20 20:36:14
er_524288_1_1.txt,erdos_renyi_10ins_m20,49,SpecAnn,0.4610839676207039,1.0,-133035038.0,-33619984.00000002,0.0191256999969482,0,True,54,33,True,27,32,0.9858149886131288,6674.296875,-86671786730.46474,2025-11-20 20:36:14
er_524288_1_1.txt,erdos_renyi_10ins_m20,49,SpecAnn,0.4695449296338763,1.0,-133155156.0,-33921346.000000015,0.0191469192504882,0,True,54,33,True,28,32,0.985231339931488,6161.14599609375,-79960689525.01602,2025-11-20 20:36:14
er_524288_1_1.txt,erdos_renyi_10ins_m20,49,SpecAnn,0.4778561045889373,1.0,-133040820.0,-34235600.00000002,0.0189952850341796,0,True,54,33,True,29,32,0.9846343398094176,5695.5263671875,-73872986538.98967,2025-11-20 20:36:14
er_524288_1_1.txt,erdos_renyi_10ins_m20,49,SpecAnn,0.4860251767562508,1.0,-133212244.0,-34537880.00000002,0.0188727378845214,0,True,54,33,True,30,32,0.9840236902236938,5272.1904296875,-68339760874.69101,2025-11-20 20:36:14
er_524288_1_1.txt,erdos_renyi_10ins_m20,49,SpecAnn,0.4940591950252281,1.0,-133213208.0,-34832934.00000001,0.0188162326812744,0,True,54,33,True,31,32,0.9833990335464478,4886.5712890625,-63301037537.39446,2025-11-20 20:36:14
er_524288_1_1.txt,erdos_renyi_10ins_m20,49,SpecAnn,0.5019646441105269,1.0,-133119812.0,-35127959.99999999,0.0188033580780029,0,True,54,33,True,32,32,0.98276025056839,4534.68212890625,-58704479808.225845,2025-11-20 20:36:14
er_524288_1_1.txt,erdos_renyi_10ins_m20,49,SpecAnn,0.5097475058154177,1.0,-133157573.99999996,-35452714.0,0.0187957286834716,0,True,54,33,True,33,32,0.9821069240570068,4213.0244140625,-54504148729.01986,2025-11-20 20:36:14
er_524288_1_1.txt,erdos_renyi_10ins_m20,49,SpecAnn,0.51741331199832,1.0,-133204686.0,-35808690.0,0.0188610553741455,0,True,54,33,True,34,32,0.98143869638443,3918.529296875,-50659755315.26984,2025-11-20 20:36:14
er_524288_1_1.txt,erdos_renyi_10ins_m20,49,SpecAnn,0.5249671905758515,1.0,-133049958.0,-36181711.99999999,0.0189599990844726,0,True,54,33,True,35,32,0.9807553887367249,3648.4892578125,-47135767958.23518,2025-11-20 20:36:14
er_524288_1_1.txt,erdos_renyi_10ins_m20,49,SpecAnn,0.5324139056496683,1.0,-133153056.0,-36549042.0,0.0189952850341796,0,True,54,33,True,36,32,0.9800565242767334,3400.51318359375,-43900796452.71921,2025-11-20 20:36:14
er_524288_1_1.txt,erdos_renyi_10ins_m20,49,SpecAnn,0.5397578926492556,1.0,-133189054.00000004,-36923440.00000001,0.0189504623413085,0,True,54,33,True,37,32,0.9793418645858764,3172.478759765625,-40926994711.02434,2025-11-20 20:36:14
er_524288_1_1.txt,erdos_renyi_10ins_m20,49,SpecAnn,0.5470032892270364,1.0,-133228780.0,-37305205.99999999,0.0189461708068847,0,True,54,33,True,38,32,0.9786111116409302,2962.5068359375,-38189706093.20186,2025-11-20 20:36:14
er_524288_1_1.txt,erdos_renyi_10ins_m20,49,SpecAnn,0.554153962516942,1.0,-133195444.0,-37716567.99999996,0.0189661979675292,0,True,54,33,True,39,32,0.977863907814026,2768.91650390625,-35666877413.68237,2025-11-20 20:36:14
er_524288_1_1.txt,erdos_renyi_10ins_m20,49,SpecAnn,0.5612135332663137,1.0,-133178426.0,-38067142.000000015,0.0190165042877197,0,True,54,33,True,40,32,0.9770997762680054,2590.215087890625,-33338922147.3054,2025-11-20 20:36:14
er_524288_1_1.txt,erdos_renyi_10ins_m20,49,SpecAnn,0.5681853972686127,1.0,-133269090.0,-38450272.0,0.0191292762756347,0,True,54,33,True,41,32,0.9763185977935792,2425.064697265625,-31188300064.671528,2025-11-20 20:36:14
er_524288_1_1.txt,erdos_renyi_10ins_m20,49,SpecAnn,0.5750727444570146,1.0,-133048116.0,-38879030.000000015,0.0191812515258789,0,True,54,33,True,42,32,0.9755197763442992,2272.264404296875,-29199253971.86517,2025-11-20 20:36:14
er_524288_1_1.txt,erdos_renyi_10ins_m20,49,SpecAnn,0.5818785759635375,1.0,-133324982.0,-39302742.000000015,0.0191495418548584,0,True,54,33,True,43,32,0.974703013896942,2130.740234375,-27357702837.686287,2025-11-20 20:36:14
er_524288_1_1.txt,erdos_renyi_10ins_m20,49,SpecAnn,0.5886057194025436,1.0,-133084370.0,-39742154.0,0.0191612243652343,0,True,54,33,True,44,32,0.9738679528236388,1999.524169921875,-25650955375.87884,2025-11-20 20:36:14
er_524288_1_1.txt,erdos_renyi_10ins_m20,49,SpecAnn,0.5952568425994088,1.0,-133293586.0,-40215052.00000001,0.0191662311553955,0,True,54,33,True,45,32,0.9730140566825868,1877.7420654296875,-24067548859.17848,2025-11-20 20:36:14
er_524288_1_1.txt,erdos_renyi_10ins_m20,49,SpecAnn,0.6018344659534288,1.0,-133257410.0,-40681763.99999999,0.01926851272583,0,True,54,33,True,46,32,0.9721411466598512,1764.60888671875,-22597198453.575,2025-11-20 20:36:14
er_524288_1_1.txt,erdos_renyi_10ins_m20,49,SpecAnn,0.6083409735974393,1.0,-133323082.0,-41160866.000000015,0.0194013118743896,0,True,54,33,True,47,32,0.9712485671043396,1659.412353515625,-21230563544.49931,2025-11-20 20:36:14
er_524288_1_1.txt,erdos_renyi_10ins_m20,49,SpecAnn,0.6147786234942719,1.0,-133231028.0,-41604159.99999999,0.0193612575531005,0,True,54,33,True,48,32,0.9703359603881836,1561.5078125,-19959198630.55018,2025-11-20 20:36:14
er_524288_1_1.txt,erdos_renyi_10ins_m20,49,SpecAnn,0.6211495565912796,1.0,-133425612.0,-42032793.99999999,0.0191717147827148,0,True,54,33,True,49,32,0.9694029092788696,1470.311767578125,-18775459052.29822,2025-11-20 20:36:14
er_524288_1_1.txt,erdos_renyi_10ins_m20,49,SpecAnn,0.6274558051381586,1.0,-133334318.0,-42505314.0,0.019073486328125,0,True,54,33,True,50,32,0.9684487581253052,1385.292236328125,-17672372584.6002,2025-11-20 20:36:14
er_524288_1_1.txt,erdos_renyi_10ins_m20,49,SpecAnn,0.6336993002596786,1.0,-133301150.0,-42987291.99999999,0.0189857482910156,0,True,54,33,True,51,32,0.9674732685089112,1305.9683837890625,-16643645220.491688,2025-11-20 20:36:14
er_524288_1_1.txt,erdos_renyi_10ins_m20,49,SpecAnn,0.6398818788633085,1.0,-133479996.0,-43490977.99999999,0.0189888477325439,0,True,54,33,True,52,32,0.966475546360016,1231.900146484375,-15683507255.535627,2025-11-20 20:36:14
er_524288_1_1.txt,erdos_renyi_10ins_m20,49,SpecAnn,0.6460052899517691,1.0,-133332727.99999996,-43990357.99999999,0.0189423561096191,0,True,54,33,True,53,32,0.9654554724693298,1162.6861572265625,-14786710246.067656,2025-11-20 20:36:14
er_524288_1_1.txt,erdos_renyi_10ins_m20,49,SpecAnn,0.6520712004019966,1.0,-133241094.00000004,-44511083.99999999,0.0189316272735595,0,True,54,33,True,54,32,0.964412271976471,1097.961669921875,-13948474711.65271,2025-11-20 20:36:14
er_524288_1_1.txt,erdos_renyi_10ins_m20,49,SpecAnn,0.6580812002646271,1.0,-133291089.99999996,-45011222.00000001,0.0190474987030029,0,True,54,33,True,55,32,0.9633454084396362,1037.39208984375,-13164421410.667768,2025-11-20 20:36:14
er_524288_1_1.txt,erdos_renyi_10ins_m20,49,SpecAnn,0.6640368076317485,1.0,-133510506.0,-45595281.99999998,0.0189945697784423,0,True,54,33,True,56,32,0.9622542262077332,980.6710815429688,-12430540368.471285,2025-11-20 20:36:14
er_524288_1_1.txt,erdos_renyi_10ins_m20,49,SpecAnn,0.6699394731151429,1.0,-133447010.00000004,-46164627.99999999,0.0189878940582275,0,True,54,33,True,57,32,0.961138129234314,927.5193481445312,-11743176720.540031,2025-11-20 20:36:14
er_524288_1_1.txt,erdos_renyi_10ins_m20,49,SpecAnn,0.6757905839724513,1.0,-133550972.0,-46717560.0,0.0190598964691162,0,True,54,33,True,58,32,0.9599964022636414,877.6788940429688,-11098954538.66894,2025-11-20 20:36:14
er_524288_1_1.txt,erdos_renyi_10ins_m20,49,SpecAnn,0.6815914679145113,1.0,-133525148.00000004,-47360684.000000015,0.0191888809204101,0,True,54,33,True,59,32,0.9588285088539124,830.9147338867188,-10494801065.376774,2025-11-20 20:36:14
er_524288_1_1.txt,erdos_renyi_10ins_m20,49,SpecAnn,0.6873433966234707,1.0,-133664186.0,-47995306.00000003,0.0191574096679687,0,True,54,33,True,60,32,0.9576335549354552,787.0089111328125,-9927863953.584965,2025-11-20 20:36:14
er_524288_1_1.txt,erdos_renyi_10ins_m20,49,SpecAnn,0.6930475890080863,1.0,-133652676.00000004,-48598344.00000002,0.0191671848297119,0,True,54,33,True,61,32,0.9564109444618224,745.7631225585938,-9395550983.040504,2025-11-20 20:36:14
er_524288_1_1.txt,erdos_renyi_10ins_m20,49,SpecAnn,0.6987052142198116,1.0,-133623858.0,-49265446.00000002,0.0192527770996093,0,True,54,33,True,62,32,0.9551596641540528,706.9928588867188,-8895447760.598503,2025-11-20 20:36:14
er_524288_1_1.txt,erdos_renyi_10ins_m20,49,SpecAnn,0.7043173944508145,1.0,-133589442.0,-49915174.0,0.0192179679870605,0,True,54,33,True,63,32,0.9538791179656982,670.52880859375,-8425343098.5691185,2025-11-20 20:36:14
er_524288_1_1.txt,erdos_renyi_10ins_m20,49,SpecAnn,0.709885207532891,1.0,-133653404.00000004,-50597060.0,0.0193071365356445,0,True,54,33,True,64,32,0.9525682330131532,636.2152099609375,-7983198978.532126,2025-11-20 20:36:14
er_524288_1_1.txt,erdos_renyi_10ins_m20,49,SpecAnn,0.7154096893543218,1.0,-133815002.0,-51303644.00000002,0.0192921161651611,0,True,54,33,True,65,32,0.9512263536453248,603.9072265625,-7567125080.828214,2025-11-20 20:36:14
er_524288_1_1.txt,erdos_renyi_10ins_m20,49,SpecAnn,0.7208918361100219,1.0,-133704196.0,-52006726.00000002,0.0190858840942382,0,True,54,33,True,66,32,0.9498522877693176,573.4722900390625,-7175386896.252041,2025-11-20 20:36:14
er_524288_1_1.txt,erdos_renyi_10ins_m20,49,SpecAnn,0.7263326063988248,1.0,-133743972.0,-52783472.000000045,0.0188887119293212,0,True,54,33,True,67,32,0.9484450221061708,544.7867431640625,-6806369226.775166,2025-11-20 20:36:14
er_524288_1_1.txt,erdos_renyi_10ins_m20,49,SpecAnn,0.7317329231804058,1.0,-133748024.0,-53578000.000000015,0.0187883377075195,0,True,54,33,True,68,32,0.9470036029815674,517.7365112304688,-6458582871.675815,2025-11-20 20:36:14
er_524288_1_1.txt,erdos_renyi_10ins_m20,49,SpecAnn,0.7370936756031579,1.0,-133728272.0,-54360794.00000004,0.0187833309173584,0,True,54,33,True,69,32,0.9455268979072572,492.21575927734375,-6130645648.757993,2025-11-20 20:36:14
er_524288_1_1.txt,erdos_renyi_10ins_m20,49,SpecAnn,0.7424157207132704,1.0,-133785460.0,-55153170.000000015,0.0188164710998535,0,True,54,33,True,70,32,0.9440137147903442,468.1268310546875,-5821282155.401434,2025-11-20 20:36:14
er_524288_1_1.txt,erdos_renyi_10ins_m20,49,SpecAnn,0.7476998850543153,1.0,-133929008.0,-55979246.000000015,0.0188071727752685,0,True,54,33,True,71,32,0.9424626231193542,445.3787231445313,-5529303309.480806,2025-11-20 20:36:15
er_524288_1_1.txt,erdos_renyi_10ins_m20,49,SpecAnn,0.7529469661657903,1.0,-133871752.0,-56853186.00000001,0.0189170837402343,0,True,54,33,True,72,32,0.9408725500106812,423.8866271972656,-5253603904.727434,2025-11-20 20:36:15
er_524288_1_1.txt,erdos_renyi_10ins_m20,49,SpecAnn,0.7581577339883167,1.0,-133749170.0,-57707778.000000015,0.0189476013183593,0,True,54,33,True,73,32,0.9392419457435608,403.5726013183594,-4993165556.089052,2025-11-20 20:36:15
er_524288_1_1.txt,erdos_renyi_10ins_m20,49,SpecAnn,0.7633329321824984,1.0,-133859396.0,-58526051.99999999,0.0189459323883056,0,True,54,33,True,74,32,0.9375693202018738,384.3635559082031,-4747034657.538195,2025-11-20 20:36:15
er_524288_1_1.txt,erdos_renyi_10ins_m20,49,SpecAnn,0.7684732793678399,1.0,-134011448.0,-59395816.00000001,0.0189344882965087,0,True,54,33,True,75,32,0.935853123664856,366.1914978027344,-4514324388.442903,2025-11-20 20:36:15
er_524288_1_1.txt,erdos_renyi_10ins_m20,49,SpecAnn,0.7735794702875677,1.0,-133991154.0,-60301430.0,0.0191202163696289,0,True,54,33,True,76,32,0.9340916872024536,348.99334716796875,-4294211864.899575,2025-11-20 20:36:15
er_524288_1_1.txt,erdos_renyi_10ins_m20,49,SpecAnn,0.7786521769046981,1.0,-134044070.0,-61321393.99999999,0.0190825462341308,0,True,54,33,True,77,32,0.932283103466034,332.7103576660156,-4085930231.674095,2025-11-20 20:36:15
er_524288_1_1.txt,erdos_renyi_10ins_m20,49,SpecAnn,0.7836920494342511,1.0,-134182610.0,-62345842.0,0.0191118717193603,0,True,54,33,True,78,32,0.9304255247116088,317.28765869140625,-3888764185.17971,2025-11-20 20:36:15
er_524288_1_1.txt,erdos_renyi_10ins_m20,49,SpecAnn,0.788699717316095,1.0,-134026162.0,-63409096.0,0.0191454887390136,0,True,54,33,True,79,32,0.9285168647766112,302.6739501953125,-3702044657.693756,2025-11-20 20:36:15
er_524288_1_1.txt,erdos_renyi_10ins_m20,49,SpecAnn,0.7936757901325451,1.0,-134281143.99999997,-64433693.99999999,0.0191071033477783,0,True,54,33,True,80,32,0.9265551567077636,288.8217468261719,-3525153072.215249,2025-11-20 20:36:15
er_524288_1_1.txt,erdos_renyi_10ins_m20,49,SpecAnn,0.7986208584745024,1.0,-134374078.00000006,-65583242.00000003,0.0191113948822021,0,True,54,33,True,81,32,0.9245376586914062,275.68603515625,-3357501269.393125,2025-11-20 20:36:15
er_524288_1_1.txt,erdos_renyi_10ins_m20,49,SpecAnn,0.803535494759617,1.0,-134243222.0,-66734655.99999999,0.0190393924713134,0,True,54,33,True,82,32,0.9224623441696168,263.2255249023437,-3198552323.5814934,2025-11-20 20:36:15
er_524288_1_1.txt,erdos_renyi_10ins_m20,49,SpecAnn,0.8084202540056837,1.0,-134336022.0,-67976475.99999999,0.0188608169555664,0,True,54,33,True,83,32,0.9203261137008668,251.40115356445312,-3047795499.707097,2025-11-20 20:36:15
er_524288_1_1.txt,erdos_renyi_10ins_m20,49,SpecAnn,0.8132756745622272,1.0,-134508498.0,-69220597.99999997,0.0187139511108398,0,True,54,33,True,84,32,0.918126344680786,240.17628479003903,-2904754171.40004,2025-11-20 20:36:15
er_524288_1_1.txt,erdos_renyi_10ins_m20,49,SpecAnn,0.8181022788030096,1.0,-134480142.0,-70505696.00000001,0.0186915397644042,0,True,54,33,True,85,32,0.9158598184585572,229.5170135498047,-2768985631.617067,2025-11-20 20:36:15
er_524288_1_1.txt,erdos_renyi_10ins_m20,49,SpecAnn,0.822900573781978,1.0,-134458732.00000003,-71874584.0,0.0187397003173828,0,True,54,33,True,86,32,0.9135231971740724,219.391342163086,-2640072644.962781,2025-11-20 20:36:15
er_524288_1_1.txt,erdos_renyi_10ins_m20,49,SpecAnn,0.8276710518549868,1.0,-134558635.99999997,-73289123.99999999,0.0187852382659912,0,True,54,33,True,87,32,0.9111128449440002,209.7694091796875,-2517625546.1480203,2025-11-20 20:36:15
er_524288_1_1.txt,erdos_renyi_10ins_m20,49,SpecAnn,0.8324141912694495,1.0,-134696678.0,-74793656.0,0.0189151763916015,0,True,54,33,True,88,32,0.9086249470710754,200.6229705810547,-2401276250.0056787,2025-11-20 20:36:15
er_524288_1_1.txt,erdos_renyi_10ins_m20,49,SpecAnn,0.8371304567239225,1.0,-134761830.0,-76386194.0,0.0189259052276611,0,True,54,33,True,89,32,0.906055212020874,191.92599487304688,-2290684492.465261,2025-11-20 20:36:15
er_524288_1_1.txt,erdos_renyi_10ins_m20,49,SpecAnn,0.8418202998994706,1.0,-135013940.0,-77958596.00000001,0.0189166069030761,0,True,54,33,True,90,32,0.9033989906311036,183.6534576416016,-2185523710.568985,2025-11-20 20:36:15
er_524288_1_1.txt,erdos_renyi_10ins_m20,49,SpecAnn,0.846484159964536,1.0,-135091064.0,-79599175.99999999,0.0190014839172363,0,True,54,33,True,91,32,0.9006512761116028,175.78237915039062,-2085493397.1146216,2025-11-20 20:36:15
er_524288_1_1.txt,erdos_renyi_10ins_m20,49,SpecAnn,0.8511224640549078,1.0,-135167114.0,-81355894.00000001,0.019108772277832,0,True,54,33,True,92,32,0.8978068828582764,168.29110717773438,-1990310849.499804,2025-11-20 20:36:15
er_524288_1_1.txt,erdos_renyi_10ins_m20,49,SpecAnn,0.8557356277302758,1.0,-135430762.0,-83195754.0,0.0191397666931152,0,True,54,33,True,93,32,0.8948595523834229,161.15896606445312,-1899704988.5167933,2025-11-20 20:36:15
er_524288_1_1.txt,erdos_renyi_10ins_m20,49,SpecAnn,0.8603240554087516,1.0,-135497696.0,-85135664.00000001,0.0193762779235839,0,True,54,33,True,94,32,0.8918027877807617,154.3667449951172,-1813424105.9732049,2025-11-20 20:36:15
er_524288_1_1.txt,erdos_renyi_10ins_m20,49,SpecAnn,0.86488814078064,1.0,-135563127.99999997,-87104212.0,0.0194654464721679,0,True,54,33,True,95,32,0.8886297345161438,147.8965606689453,-1731233821.807634,2025-11-20 20:36:15
er_524288_1_1.txt,erdos_renyi_10ins_m20,49,SpecAnn,0.8694282672026621,1.0,-135754648.00000003,-89189830.0,0.0194571018218994,0,True,54,33,True,96,32,0.8853323459625244,141.731201171875,-1652907733.7632692,2025-11-20 20:36:15
er_524288_1_1.txt,erdos_renyi_10ins_m20,49,SpecAnn,0.8739448080737451,1.0,-136010078.00000003,-91309506.00000004,0.0194783210754394,0,True,54,33,True,97,32,0.8819020986557007,135.85475158691406,-1578236274.4107656,2025-11-20 20:36:15
er_524288_1_1.txt,erdos_renyi_10ins_m20,49,SpecAnn,0.878438127193422,1.0,-136295214.0,-93488668.0,0.0194764137268066,0,True,54,33,True,98,32,0.8783293962478638,130.2521209716797,-1507020063.5817492,2025-11-20 20:36:15
er_524288_1_1.txt,erdos_renyi_10ins_m20,49,SpecAnn,0.8829085791038153,1.0,-136392792.0,-95668762.00000004,0.0194332599639892,0,True,54,33,True,99,32,0.874603807926178,124.90907287597656,-1439070799.867173,2025-11-20 20:36:15
er_524288_1_1.txt,erdos_renyi_10ins_m20,49,SpecAnn,0.8873565094161138,1.0,-136592330.0,-98055926.0,0.0194909572601318,0,True,54,33,True,100,32,0.8707135319709778,119.81222534179688,-1374210431.501286,2025-11-20 20:36:15
er_524288_1_1.txt,erdos_renyi_10ins_m20,49,SpecAnn,0.8917822551223932,1.0,-137094208.0,-100410242.0,0.0192828178405761,0,True,54,33,True,101,32,0.8666455745697021,114.94895935058594,-1312270542.009464,2025-11-20 20:36:15
er_524288_1_1.txt,erdos_renyi_10ins_m20,49,SpecAnn,0.8961861448935777,1.0,-137222668.0,-102916013.99999996,0.0191481113433837,0,True,54,33,True,102,32,0.862385630607605,110.30740356445312,-1253092082.632378,2025-11-20 20:36:15
er_524288_1_1.txt,erdos_renyi_10ins_m20,49,SpecAnn,0.9005684993642872,1.0,-137638610.0,-105491124.00000004,0.0190451145172119,0,True,54,33,True,103,32,0.8579174280166626,105.87635803222656,-1196523675.781181,2025-11-20 20:36:15
er_524288_1_1.txt,erdos_renyi_10ins_m20,49,SpecAnn,0.9049296314052688,1.0,-138029847.99999997,-108052456.0,0.0188696384429931,0,True,54,33,True,104,32,0.8532227277755737,101.64509582519533,-1142419631.2582817,2025-11-20 20:36:15
er_524288_1_1.txt,erdos_renyi_10ins_m20,49,SpecAnn,0.9092698463840684,1.0,-138326054.0,-110677460.0,0.0186934471130371,0,True,54,33,True,105,32,0.8482814431190491,97.60368347167967,-1090643930.069301,2025-11-20 20:36:15
er_524288_1_1.txt,erdos_renyi_10ins_m20,49,SpecAnn,0.9135894424145556,1.0,-138790328.0,-113428094.0,0.036078929901123,0,True,54,65,True,106,32,0.8430702090263367,93.74271392822266,-1041065556.2370692,2025-11-20 20:36:15
er_524288_1_1.txt,erdos_renyi_10ins_m20,49,SpecAnn,0.9178887105958816,1.0,-139269160.00000003,-116001356.0,0.0368039608001709,0,True,54,65,True,107,32,0.8375635147094727,90.05315399169922,-993558609.4091058,2025-11-20 20:36:15
er_524288_1_1.txt,erdos_renyi_10ins_m20,49,SpecAnn,0.922167935241408,1.0,-139790196.0,-118538052.0,0.0367672443389892,0,True,54,65,True,108,32,0.8317316770553589,86.52659606933594,-948002916.6491748,2025-11-20 20:36:15
er_524288_1_1.txt,erdos_renyi_10ins_m20,49,SpecAnn,0.92642739409812,1.0,-140279306.0,-120927530.0,0.0542891025543212,0,True,54,97,True,109,32,0.8255409002304077,83.15513610839844,-904283248.2228216,2025-11-20 20:36:15
er_524288_1_1.txt,erdos_renyi_10ins_m20,49,SpecAnn,0.9306673585570006,1.0,-140675917.99999997,-123036496.0,0.0537867546081543,0,True,54,97,True,110,32,0.8189516663551331,79.93110656738281,-862285153.3838307,2025-11-20 20:36:15
er_524288_1_1.txt,erdos_renyi_10ins_m20,49,SpecAnn,0.9348880938548184,1.0,-140993998.0,-124675636.0,0.1242623329162597,0,True,54,225,True,111,32,0.8119174838066101,76.84742736816406,-821898218.3308034,2025-11-20 20:36:15
er_524288_1_1.txt,erdos_renyi_10ins_m20,49,SpecAnn,0.9390898592677528,1.0,-140638358.00000003,-124135072.0,0.2640395164489746,0,True,54,481,True,112,32,0.8044080138206482,73.89730072021484,-783036084.167419,2025-11-20 20:36:16
er_524288_1_1.txt,erdos_renyi_10ins_m20,49,SpecAnn,0.9432729082972536,1.0,-140367238.0,-122994242.0,0.282938003540039,0,True,54,513,True,113,32,0.7965332865715027,71.0743408203125,-745750549.7160958,2025-11-20 20:36:16
er_524288_1_1.txt,erdos_renyi_10ins_m20,49,SpecAnn,0.9474374888485204,1.0,-140299202.00000003,-122655790.0,0.0888853073120117,0,True,54,161,True,114,32,0.7883653044700623,68.37249755859375,-710044813.7583537,2025-11-20 20:36:16
er_524288_1_1.txt,erdos_renyi_10ins_m20,49,SpecAnn,0.9515838434019476,1.0,-140186902.0,-122429386.0,0.299426794052124,0,True,54,545,True,115,32,0.7799051403999329,65.78598022460938,-675852532.110317,2025-11-20 20:36:16
er_524288_1_1.txt,erdos_renyi_10ins_m20,49,SpecAnn,0.9557122091778746,1.0,-140211456.0,-122378970.0,0.0545294284820556,0,True,54,97,True,116,32,0.7711463570594788,63.309417724609375,-643105083.8632838,2025-11-20 20:36:16
er_524288_1_1.txt,erdos_renyi_10ins_m20,49,SpecAnn,0.9598228182949629,1.0,-140171172.0,-122327618.0,0.0540826320648193,0,True,54,97,True,117,32,0.7620773911476135,60.93757247924805,-611731774.6987547,2025-11-20 20:36:17
er_524288_1_1.txt,erdos_renyi_10ins_m20,49,SpecAnn,0.963915897922488,1.0,-140193108.00000003,-122319360.0,0.0544304847717285,0,True,54,97,True,118,32,0.7526900172233582,58.66562271118164,-581669983.8082699,2025-11-20 20:36:17
er_524288_1_1.txt,erdos_renyi_10ins_m20,49,SpecAnn,0.967991670426842,1.0,-140163152.0,-122297572.0,0.0542817115783691,0,True,54,97,True,119,32,0.7429737448692322,56.48886489868164,-552857400.3197303,2025-11-20 20:36:17
er_524288_1_1.txt,erdos_renyi_10ins_m20,49,SpecAnn,0.9720503535125016,1.0,-140163224.00000003,-122252336.0,0.0362889766693115,0,True,54,65,True,120,32,0.7329180240631104,54.40290832519531,-525235814.2010545,2025-11-20 20:36:17
er_524288_1_1.txt,erdos_renyi_10ins_m20,49,SpecAnn,0.9760921603577252,1.0,-140176995.99999997,-122225300.0,0.0362613201141357,0,True,54,65,True,121,32,0.7225124835968018,52.403602600097656,-498750463.2248494,2025-11-20 20:36:17
er_524288_1_1.txt,erdos_renyi_10ins_m20,49,SpecAnn,0.9801172997452104,1.0,-140127934.0,-122220394.0,0.0541439056396484,0,True,54,97,True,122,32,0.7117468118667603,50.4869384765625,-473348907.0423812,2025-11-20 20:36:17
er_524288_1_1.txt,erdos_renyi_10ins_m20,49,SpecAnn,0.9841259761879442,1.0,-140092596.0,-122213818.0,0.036961555480957,0,True,54,65,True,123,32,0.7006098031997681,48.64919662475586,-448981756.8540337,2025-11-20 20:36:17
er_524288_1_1.txt,erdos_renyi_10ins_m20,49,SpecAnn,0.9881183900504562,1.0,-140107948.0,-122164228.00000004,0.0539839267730712,0,True,54,97,True,124,32,0.6890891790390015,46.8867416381836,-425600662.3670053,2025-11-20 20:36:17
er_524288_1_1.txt,erdos_renyi_10ins_m20,49,SpecAnn,0.9920947376656812,1.0,-140019544.00000003,-122139402.0,0.0539658069610595,0,True,54,97,True,125,32,0.67717444896698,45.19621658325195,-403161875.1036226,2025-11-20 20:36:17
er_524288_1_1.txt,erdos_renyi_10ins_m20,49,SpecAnn,0.9960552114476228,1.0,-140073956.0,-122135664.0,0.0373618602752685,0,True,54,65,True,126,32,0.6648525595664978,43.57438278198242,-381621998.46154034,2025-11-20 20:36:17
er_524288_1_1.txt,erdos_renyi_10ins_m20,49,SpecAnn,1.0,1.0,-140082600.0,-122131108.0,0.0546875,0,True,54,97,True,127,32,0.6521113514900208,42.01813507080078,-360940275.2979741,2025-11-20 20:36:17
er_524288_1_1.txt,erdos_renyi_10ins_m20,50,SpecAnn,0.0,1.0,-132755115.99999996,-27046848.000000004,0.0340411663055419,0,True,67,33,True,0,32,0.9984050989151,524289.0,-6895314585208.574,2025-11-20 20:36:21
er_524288_1_1.txt,erdos_renyi_10ins_m20,50,SpecAnn,0.0887356509416113,1.0,-132831970.0,-27450873.999999996,0.018195629119873,0,True,67,33,True,1,32,0.9975730776786804,226255.15625,-2973170080990.8496,2025-11-20 20:36:21
er_524288_1_1.txt,erdos_renyi_10ins_m20,50,SpecAnn,0.1254911610276317,1.0,-132923396.0,-27688420.0,0.018744945526123,0,True,67,33,True,2,32,0.997111976146698,159755.40625,-2098340896100.5164,2025-11-20 20:36:21
er_524288_1_1.txt,erdos_renyi_10ins_m20,50,SpecAnn,0.1536946558735679,1.0,-132971616.0,-27892846.00000002,0.0190424919128417,0,True,67,33,True,3,32,0.9966995120048524,122318.703125,-1605956072842.327,2025-11-20 20:36:21
er_524288_1_1.txt,erdos_renyi_10ins_m20,50,SpecAnn,0.1774713018832227,1.0,-132884488.0,-28091004.000000007,0.019028902053833,0,True,67,33,True,4,32,0.996306300163269,97665.4375,-1281770656193.5508,2025-11-20 20:36:21
er_524288_1_1.txt,erdos_renyi_10ins_m20,50,SpecAnn,0.1984189475331362,1.0,-132946522.0,-28298820.00000001,0.0188333988189697,0,True,67,33,True,5,32,0.9959211945533752,80098.8984375,-1050819363230.8876,2025-11-20 20:36:21
er_524288_1_1.txt,erdos_renyi_10ins_m20,50,SpecAnn,0.2173570668006655,1.0,-132937404.0,-28477944.000000022,0.0188071727752685,0,True,67,33,True,6,32,0.9955384135246276,66954.3515625,-878038135995.3986,2025-11-20 20:36:21
er_524288_1_1.txt,erdos_renyi_10ins_m20,50,SpecAnn,0.2347724648169381,1.0,-132793384.0,-28676818.00000001,0.0188202857971191,0,True,67,33,True,7,32,0.9951547980308532,56779.96875,-744324542128.5625,2025-11-20 20:36:21
er_524288_1_1.txt,erdos_renyi_10ins_m20,50,SpecAnn,0.2509823220552634,1.0,-133007922.0,-28857694.00000002,0.0187764167785644,0,True,67,33,True,8,32,0.9947681427001952,48704.6875,-638218190482.7769,2025-11-20 20:36:21
er_524288_1_1.txt,erdos_renyi_10ins_m20,50,SpecAnn,0.2662069528248341,1.0,-132836296.0,-29083842.000000007,0.0188188552856445,0,True,67,33,True,9,32,0.9943767786026,42169.58984375,-552365950168.1914,2025-11-20 20:36:21
er_524288_1_1.txt,erdos_renyi_10ins_m20,50,SpecAnn,0.2806067666331568,1.0,-132795906.0,-29306612.00000001,0.0189821720123291,0,True,67,33,True,10,32,0.9939796328544616,36797.7265625,-481809126278.7875,2025-11-20 20:36:21
er_524288_1_1.txt,erdos_renyi_10ins_m20,50,SpecAnn,0.2943028597012718,1.0,-132906582.0,-29510746.000000007,0.0189325809478759,0,True,67,33,True,11,32,0.993575930595398,32324.94921875,-423073147977.8439,2025-11-20 20:36:21
er_524288_1_1.txt,erdos_renyi_10ins_m20,50,SpecAnn,0.3073893117471359,1.0,-132950038.0,-29710618.0,0.018956184387207,0,True,67,33,True,12,32,0.9931647777557372,28560.28125,-373646000083.51135,2025-11-20 20:36:21
er_524288_1_1.txt,erdos_renyi_10ins_m20,50,SpecAnn,0.3199409394316542,1.0,-133106494.0,-29944342.00000001,0.0190591812133789,0,True,67,33,True,13,32,0.992745578289032,25362.234375,-331666815943.6946,2025-11-20 20:36:21
er_524288_1_1.txt,erdos_renyi_10ins_m20,50,SpecAnn,0.3320184038158743,1.0,-132934274.0,-30177348.000000007,0.0189616680145263,0,True,67,33,True,14,32,0.9923179745674132,22623.669921875,-295726649221.4307,2025-11-20 20:36:21
er_524288_1_1.txt,erdos_renyi_10ins_m20,50,SpecAnn,0.3436716983117353,1.0,-132769854.0,-30414744.00000001,0.0189239978790283,0,True,67,33,True,15,32,0.991881251335144,20262.0625,-264740192559.33823,2025-11-20 20:36:22
er_524288_1_1.txt,erdos_renyi_10ins_m20,50,SpecAnn,0.3549426037664455,1.0,-133027592.0,-30663546.000000007,0.0191657543182373,0,True,67,33,True,16,32,0.9914353489875792,18212.837890625,-237858442002.82468,2025-11-20 20:36:22
er_524288_1_1.txt,erdos_renyi_10ins_m20,50,SpecAnn,0.3658664615902029,1.0,-132848931.99999996,-30920840.0,0.0191047191619873,0,True,67,33,True,17,32,0.9909794926643372,16424.76953125,-214407760272.5301,2025-11-20 20:36:22
er_524288_1_1.txt,erdos_renyi_10ins_m20,50,SpecAnn,0.3764734830828951,1.0,-133018972.0,-31194538.000000022,0.0191085338592529,0,True,67,33,True,18,32,0.9905136823654176,14856.76953125,-193848039837.8988,2025-11-20 20:36:22
er_524288_1_1.txt,erdos_renyi_10ins_m20,50,SpecAnn,0.3867897351437838,1.0,-132853870.00000004,-31447040.00000004,0.0191514492034912,0,True,67,33,True,19,32,0.9900373816490172,13475.5322265625,-175741394599.59995,2025-11-20 20:36:22
er_524288_1_1.txt,erdos_renyi_10ins_m20,50,SpecAnn,0.3968378950662725,1.0,-132859792.0,-31713690.0,0.0191402435302734,0,True,67,33,True,20,32,0.9895502924919128,12253.791015625,-159729410678.6818,2025-11-20 20:36:22
er_524288_1_1.txt,erdos_renyi_10ins_m20,50,SpecAnn,0.4066378372811136,1.0,-133015507.99999996,-31986220.00000001,0.018996238708496,0,True,67,33,True,21,32,0.9890522360801696,11169.05078125,-145516433912.27432,2025-11-20 20:36:22
er_524288_1_1.txt,erdos_renyi_10ins_m20,50,SpecAnn,0.4162070956347247,1.0,-132964424.0,-32224942.00000001,0.0189211368560791,0,True,67,33,True,22,32,0.9885427355766296,10202.611328125,-132856662983.14429,2025-11-20 20:36:22
er_524288_1_1.txt,erdos_renyi_10ins_m20,50,SpecAnn,0.4255612320274539,1.0,-133055325.99999996,-32491582.000000022,0.0187630653381347,0,True,67,33,True,23,32,0.9880216121673584,9338.8125,-121544314614.1054,2025-11-20 20:36:22
er_524288_1_1.txt,erdos_renyi_10ins_m20,50,SpecAnn,0.434714133601331,1.0,-132993825.99999996,-32793111.99999999,0.0187969207763671,0,True,67,33,True,24,32,0.987488567829132,8564.4580078125,-111405981543.0172,2025-11-20 20:36:22
er_524288_1_1.txt,erdos_renyi_10ins_m20,50,SpecAnn,0.4436782547080569,1.0,-132969982.0,-33051824.0,0.0188379287719726,0,True,67,33,True,25,32,0.9869433045387268,7868.37451171875,-102294851573.06136,2025-11-20 20:36:22
er_524288_1_1.txt,erdos_renyi_10ins_m20,50,SpecAnn,0.4524648157026343,1.0,-133109206.0,-33350647.999999996,0.0187933444976806,0,True,67,33,True,26,32,0.9863855242729188,7241.03857421875,-94085803831.5486,2025-11-20 20:36:22
er_524288_1_1.txt,erdos_renyi_10ins_m20,50,SpecAnn,0.4610839676207039,1.0,-133036044.0,-33619984.00000002,0.0188379287719726,0,True,67,33,True,27,32,0.985814929008484,6674.298828125,-86671754216.19612,2025-11-20 20:36:22
er_524288_1_1.txt,erdos_renyi_10ins_m20,50,SpecAnn,0.4695449296338763,1.0,-132952466.0,-33921346.0,0.0190608501434326,0,True,67,33,True,28,32,0.985231339931488,6161.1474609375,-79960659974.8315,2025-11-20 20:36:22
er_524288_1_1.txt,erdos_renyi_10ins_m20,50,SpecAnn,0.4778561045889373,1.0,-133055796.0,-34236315.999999985,0.0191147327423095,0,True,67,33,True,29,32,0.9846343398094176,5695.5283203125,-73872967007.6079,2025-11-20 20:36:22
er_524288_1_1.txt,erdos_renyi_10ins_m20,50,SpecAnn,0.4860251767562508,1.0,-133049389.99999996,-34537880.000000015,0.0191192626953125,0,True,67,33,True,30,32,0.9840236902236938,5272.19140625,-68339732029.50584,2025-11-20 20:36:22
er_524288_1_1.txt,erdos_renyi_10ins_m20,50,SpecAnn,0.4940591950252281,1.0,-133057332.0,-34832934.000000045,0.01918625831604,0,True,67,33,True,31,32,0.9833990931510924,4886.5732421875,-63301028231.45006,2025-11-20 20:36:22
er_524288_1_1.txt,erdos_renyi_10ins_m20,50,SpecAnn,0.5019646441105269,1.0,-132966732.0,-35127960.00000002,0.0191311836242675,0,True,67,33,True,32,32,0.98276025056839,4534.68359375,-58704463119.54935,2025-11-20 20:36:22
er_524288_1_1.txt,erdos_renyi_10ins_m20,50,SpecAnn,0.5097475058154177,1.0,-133066680.0,-35452714.00000001,0.0191335678100585,0,True,67,33,True,33,32,0.982106864452362,4213.025390625,-54504124953.84856,2025-11-20 20:36:22
er_524288_1_1.txt,erdos_renyi_10ins_m20,50,SpecAnn,0.51741331199832,1.0,-133217251.99999996,-35808690.0,0.0192263126373291,0,True,67,33,True,34,32,0.98143869638443,3918.530517578125,-50659740330.45417,2025-11-20 20:36:22
er_524288_1_1.txt,erdos_renyi_10ins_m20,50,SpecAnn,0.5249671905758515,1.0,-133094634.0,-36181711.99999999,0.0191173553466796,0,True,67,33,True,35,32,0.98075532913208,3648.49072265625,-47135755392.07259,2025-11-20 20:36:22
er_524288_1_1.txt,erdos_renyi_10ins_m20,50,SpecAnn,0.5324139056496683,1.0,-133308562.0,-36549041.99999999,0.0191175937652587,0,True,67,33,True,36,32,0.9800565242767334,3400.51416015625,-43900782398.62155,2025-11-20 20:36:22
er_524288_1_1.txt,erdos_renyi_10ins_m20,50,SpecAnn,0.5397578926492556,1.0,-133211118.0,-36923439.99999999,0.0191609859466552,0,True,67,33,True,37,32,0.9793418645858764,3172.479736328125,-40926982453.76424,2025-11-20 20:36:22
er_524288_1_1.txt,erdos_renyi_10ins_m20,50,SpecAnn,0.5470032892270364,1.0,-133181580.0,-37305206.0,0.0191237926483154,0,True,67,33,True,38,32,0.9786111116409302,2962.5078125,-38189695488.934586,2025-11-20 20:36:22
er_524288_1_1.txt,erdos_renyi_10ins_m20,50,SpecAnn,0.554153962516942,1.0,-132874392.0,-37716567.99999998,0.0190916061401367,0,True,67,33,True,39,32,0.977863907814026,2768.91748046875,-35666868331.95181,2025-11-20 20:36:22
er_524288_1_1.txt,erdos_renyi_10ins_m20,50,SpecAnn,0.5612135332663137,1.0,-133107504.0,-38067141.99999999,0.019059419631958,0,True,67,33,True,40,32,0.97709983587265,2590.216064453125,-33338916503.271435,2025-11-20 20:36:22
er_524288_1_1.txt,erdos_renyi_10ins_m20,50,SpecAnn,0.5681853972686127,1.0,-133051496.0,-38450271.99999998,0.018862247467041,0,True,67,33,True,41,32,0.9763185977935792,2425.0654296875,-31188290543.1194,2025-11-20 20:36:22
er_524288_1_1.txt,erdos_renyi_10ins_m20,50,SpecAnn,0.5750727444570146,1.0,-133213714.0,-38879030.0,0.0188400745391845,0,True,67,33,True,42,32,0.9755197763442992,2272.26513671875,-29199245650.58121,2025-11-20 20:36:22
er_524288_1_1.txt,erdos_renyi_10ins_m20,50,SpecAnn,0.5818785759635375,1.0,-133157504.0,-39302742.00000002,0.0188708305358886,0,True,67,33,True,43,32,0.9747030735015868,2130.740966796875,-27357697299.888424,2025-11-20 20:36:22
er_524288_1_1.txt,erdos_renyi_10ins_m20,50,SpecAnn,0.5886057194025436,1.0,-133239088.0,-39742154.0,0.018836498260498,0,True,67,33,True,44,32,0.9738679528236388,1999.52490234375,-25650949193.588894,2025-11-20 20:36:22
er_524288_1_1.txt,erdos_renyi_10ins_m20,50,SpecAnn,0.5952568425994088,1.0,-133335704.00000004,-40215052.0,0.0190262794494628,0,True,67,33,True,45,32,0.9730141162872314,1877.74267578125,-24067543539.98949,2025-11-20 20:36:22
er_524288_1_1.txt,erdos_renyi_10ins_m20,50,SpecAnn,0.6018344659534288,1.0,-133173464.0,-40681764.0,0.0195505619049072,0,True,67,33,True,46,32,0.9721411466598512,1764.609619140625,-22597194109.213627,2025-11-20 20:36:22
er_524288_1_1.txt,erdos_renyi_10ins_m20,50,SpecAnn,0.6083409735974393,1.0,-133194028.0,-41160866.00000001,0.01961350440979,0,True,67,33,True,47,32,0.9712485074996948,1659.4130859375,-21230558718.60237,2025-11-20 20:36:22
er_524288_1_1.txt,erdos_renyi_10ins_m20,50,SpecAnn,0.6147786234942719,1.0,-133384140.0,-41604160.00000001,0.019564151763916,0,True,67,33,True,48,32,0.9703359603881836,1561.50830078125,-19959192750.261665,2025-11-20 20:36:22
er_524288_1_1.txt,erdos_renyi_10ins_m20,50,SpecAnn,0.6211495565912796,1.0,-133198168.0,-42032794.0,0.0194666385650634,0,True,67,33,True,49,32,0.9694028496742249,1470.3123779296875,-18775454289.285187,2025-11-20 20:36:22
er_524288_1_1.txt,erdos_renyi_10ins_m20,50,SpecAnn,0.6274558051381586,1.0,-133325764.0,-42505314.00000001,0.0192723274230957,0,True,67,33,True,50,32,0.9684487581253052,1385.292724609375,-17672368080.99428,2025-11-20 20:36:22
er_524288_1_1.txt,erdos_renyi_10ins_m20,50,SpecAnn,0.6336993002596786,1.0,-133282028.0,-42987292.0,0.0192527770996093,0,True,67,33,True,51,32,0.9674732089042664,1305.968994140625,-16643641865.679758,2025-11-20 20:36:22
er_524288_1_1.txt,erdos_renyi_10ins_m20,50,SpecAnn,0.6398818788633085,1.0,-133212416.0,-43490978.00000001,0.0192997455596923,0,True,67,33,True,52,32,0.9664756059646606,1231.900634765625,-15683504914.339155,2025-11-20 20:36:22
er_524288_1_1.txt,erdos_renyi_10ins_m20,50,SpecAnn,0.6460052899517691,1.0,-133299136.0,-43989648.00000001,0.0192542076110839,0,True,67,33,True,53,32,0.9654554724693298,1162.6865234375,-14786705923.257158,2025-11-20 20:36:22
er_524288_1_1.txt,erdos_renyi_10ins_m20,50,SpecAnn,0.6520712004019966,1.0,-133452694.0,-44511084.00000001,0.0191283226013183,0,True,67,33,True,54,32,0.964412271976471,1097.962158203125,-13948472443.65878,2025-11-20 20:36:22
er_524288_1_1.txt,erdos_renyi_10ins_m20,50,SpecAnn,0.6580812002646271,1.0,-133317238.0,-45011222.0,0.0191466808319091,0,True,67,33,True,55,32,0.9633453488349916,1037.392578125,-13164418797.461864,2025-11-20 20:36:22
er_524288_1_1.txt,erdos_renyi_10ins_m20,50,SpecAnn,0.6640368076317485,1.0,-133365412.0,-45595282.00000003,0.0191578865051269,0,True,67,33,True,56,32,0.9622541666030884,980.6715087890624,-12430537464.82456,2025-11-20 20:36:22
er_524288_1_1.txt,erdos_renyi_10ins_m20,50,SpecAnn,0.6699394731151429,1.0,-133433102.0,-46164628.00000001,0.0190937519073486,0,True,67,33,True,57,32,0.961138129234314,927.519775390625,-11743174998.038712,2025-11-20 20:36:22
er_524288_1_1.txt,erdos_renyi_10ins_m20,50,SpecAnn,0.6757905839724513,1.0,-133348174.0,-46717591.99999999,0.0191619396209716,0,True,67,33,True,58,32,0.9599964022636414,877.67919921875,-11098951657.310814,2025-11-20 20:36:22
er_524288_1_1.txt,erdos_renyi_10ins_m20,50,SpecAnn,0.6815914679145113,1.0,-133379646.0,-47360684.0,0.0190644264221191,0,True,67,33,True,59,32,0.9588284492492676,830.9151611328125,-10494799435.633629,2025-11-20 20:36:22
er_524288_1_1.txt,erdos_renyi_10ins_m20,50,SpecAnn,0.6873433966234707,1.0,-133482260.0,-47995305.99999999,0.0189673900604248,0,True,67,33,True,60,32,0.9576334953308104,787.00927734375,-9927861925.960014,2025-11-20 20:36:22
er_524288_1_1.txt,erdos_renyi_10ins_m20,50,SpecAnn,0.6930475890080863,1.0,-133513668.0,-48598343.99999998,0.0189011096954345,0,True,67,33,True,61,32,0.956410825252533,745.763427734375,-9395547950.68622,2025-11-20 20:36:22
er_524288_1_1.txt,erdos_renyi_10ins_m20,50,SpecAnn,0.6987052142198116,1.0,-133561912.0,-49265446.0,0.0188069343566894,0,True,67,33,True,62,32,0.9551596641540528,706.9931030273438,-8895445430.067455,2025-11-20 20:36:22
er_524288_1_1.txt,erdos_renyi_10ins_m20,50,SpecAnn,0.7043173944508145,1.0,-133625006.0,-49915173.99999999,0.0188033580780029,0,True,67,33,True,63,32,0.9538791179656982,670.529052734375,-8425341049.420893,2025-11-20 20:36:22
er_524288_1_1.txt,erdos_renyi_10ins_m20,50,SpecAnn,0.709885207532891,1.0,-133540454.0,-50597059.99999999,0.0189099311828613,0,True,67,33,True,64,32,0.952568292617798,636.2154541015625,-7983197693.217515,2025-11-20 20:36:22
er_524288_1_1.txt,erdos_renyi_10ins_m20,50,SpecAnn,0.7154096893543218,1.0,-133631516.0,-51303643.99999999,0.0188019275665283,0,True,67,33,True,65,32,0.95122629404068,603.9075317382812,-7567123834.980953,2025-11-20 20:36:22
er_524288_1_1.txt,erdos_renyi_10ins_m20,50,SpecAnn,0.7208918361100219,1.0,-133788964.0,-52006726.000000015,0.0188558101654052,0,True,67,33,True,66,32,0.9498522281646729,573.4725341796875,-7175385143.003082,2025-11-20 20:36:22
er_524288_1_1.txt,erdos_renyi_10ins_m20,50,SpecAnn,0.7263326063988248,1.0,-133578060.0,-52783471.99999999,0.0190017223358154,0,True,67,33,True,67,32,0.948444962501526,544.7869262695312,-6806366953.081902,2025-11-20 20:36:23
er_524288_1_1.txt,erdos_renyi_10ins_m20,50,SpecAnn,0.7317329231804058,1.0,-133638077.99999996,-53577999.99999998,0.019111156463623,0,True,67,33,True,68,32,0.9470036029815674,517.7367553710938,-6458581994.8566,2025-11-20 20:36:23
er_524288_1_1.txt,erdos_renyi_10ins_m20,50,SpecAnn,0.7370936756031579,1.0,-133714212.0,-54360793.99999999,0.0190913677215576,0,True,67,33,True,69,32,0.9455268383026124,492.2159729003906,-6130644199.781251,2025-11-20 20:36:23
er_524288_1_1.txt,erdos_renyi_10ins_m20,50,SpecAnn,0.7424157207132704,1.0,-133822273.99999996,-55153169.99999998,0.0191669464111328,0,True,67,33,True,70,32,0.9440137147903442,468.1270446777344,-5821281276.514266,2025-11-20 20:36:23
er_524288_1_1.txt,erdos_renyi_10ins_m20,50,SpecAnn,0.7476998850543153,1.0,-133783079.99999996,-55979245.99999996,0.0190792083740234,0,True,67,33,True,71,32,0.942462682723999,445.37890625,-5529302574.3736725,2025-11-20 20:36:23
er_524288_1_1.txt,erdos_renyi_10ins_m20,50,SpecAnn,0.7529469661657903,1.0,-133697836.0,-56853186.0,0.0190908908843994,0,True,67,33,True,72,32,0.9408724904060364,423.88677978515625,-5253602272.479581,2025-11-20 20:36:23
er_524288_1_1.txt,erdos_renyi_10ins_m20,50,SpecAnn,0.7581577339883167,1.0,-133972074.0,-57707777.99999999,0.019136905670166,0,True,67,33,True,73,32,0.939241886138916,403.5727844238281,-4993164472.256924,2025-11-20 20:36:23
er_524288_1_1.txt,erdos_renyi_10ins_m20,50,SpecAnn,0.7633329321824984,1.0,-134054940.0,-58526614.00000002,0.0191106796264648,0,True,67,33,True,74,32,0.9375693202018738,384.3637390136719,-4747034036.018491,2025-11-20 20:36:23
er_524288_1_1.txt,erdos_renyi_10ins_m20,50,SpecAnn,0.7684732793678399,1.0,-134042090.0,-59395815.99999999,0.0191199779510498,0,True,67,33,True,75,32,0.9358530640602112,366.1916809082031,-4514323616.593836,2025-11-20 20:36:23
er_524288_1_1.txt,erdos_renyi_10ins_m20,50,SpecAnn,0.7735794702875677,1.0,-133954836.0,-60301430.0,0.0191679000854492,0,True,67,33,True,76,32,0.9340916275978088,348.9935302734375,-4294211235.982551,2025-11-20 20:36:23
er_524288_1_1.txt,erdos_renyi_10ins_m20,50,SpecAnn,0.7786521769046981,1.0,-133999962.0,-61321394.000000015,0.0191075801849365,0,True,67,33,True,77,32,0.9322830438613892,332.7105407714844,-4085929737.671787,2025-11-20 20:36:23
er_524288_1_1.txt,erdos_renyi_10ins_m20,50,SpecAnn,0.7836920494342511,1.0,-134090984.0,-62345842.00000004,0.019005537033081,0,True,67,33,True,78,32,0.930425465106964,317.2878112792969,-3888763444.516308,2025-11-20 20:36:23
er_524288_1_1.txt,erdos_renyi_10ins_m20,50,SpecAnn,0.788699717316095,1.0,-134056282.0,-63408862.000000015,0.0188603401184082,0,True,67,33,True,79,32,0.9285168647766112,302.6741027832031,-3702044275.712125,2025-11-20 20:36:23
er_524288_1_1.txt,erdos_renyi_10ins_m20,50,SpecAnn,0.7936757901325451,1.0,-134238934.00000003,-64433694.00000002,0.0187029838562011,0,True,67,33,True,80,32,0.9265551567077636,288.8218994140625,-3525152793.719287,2025-11-20 20:36:23
er_524288_1_1.txt,erdos_renyi_10ins_m20,50,SpecAnn,0.7986208584745024,1.0,-134240625.99999997,-65583241.99999999,0.0187141895294189,0,True,67,33,True,81,32,0.9245376586914062,275.6861877441406,-3357501088.659245,2025-11-20 20:36:23
er_524288_1_1.txt,erdos_renyi_10ins_m20,50,SpecAnn,0.803535494759617,1.0,-134236116.0,-66734655.99999999,0.0188493728637695,0,True,67,33,True,82,32,0.922462284564972,263.22564697265625,-3198551657.7042503,2025-11-20 20:36:23
er_524288_1_1.txt,erdos_renyi_10ins_m20,50,SpecAnn,0.8084202540056837,1.0,-134314277.99999997,-67975959.99999997,0.0188136100769042,0,True,67,33,True,83,32,0.9203261137008668,251.4012756347656,-3047795128.6250243,2025-11-20 20:36:23
er_524288_1_1.txt,erdos_renyi_10ins_m20,50,SpecAnn,0.8132756745622272,1.0,-134544358.0,-69220598.0,0.019007921218872,0,True,67,33,True,84,32,0.9181262850761414,240.1764068603516,-2904753695.0754623,2025-11-20 20:36:23
er_524288_1_1.txt,erdos_renyi_10ins_m20,50,SpecAnn,0.8181022788030096,1.0,-134688510.0,-70505695.99999997,0.0191679000854492,0,True,67,33,True,85,32,0.9158597588539124,229.5171356201172,-2768985242.471226,2025-11-20 20:36:23
er_524288_1_1.txt,erdos_renyi_10ins_m20,50,SpecAnn,0.822900573781978,1.0,-134559232.0,-71874583.99999999,0.0191271305084228,0,True,67,33,True,86,32,0.9135231375694276,219.39146423339844,-2640072338.3005333,2025-11-20 20:36:23
er_524288_1_1.txt,erdos_renyi_10ins_m20,50,SpecAnn,0.8276710518549868,1.0,-134706930.0,-73289123.99999997,0.0190865993499755,0,True,67,33,True,87,32,0.911112904548645,209.76950073242188,-2517625280.664751,2025-11-20 20:36:23
er_524288_1_1.txt,erdos_renyi_10ins_m20,50,SpecAnn,0.8324141912694495,1.0,-134760324.00000003,-74793655.99999999,0.0191278457641601,0,True,67,33,True,88,32,0.9086248874664308,200.62307739257807,-2401275912.5936747,2025-11-20 20:36:23
er_524288_1_1.txt,erdos_renyi_10ins_m20,50,SpecAnn,0.8371304567239225,1.0,-134860204.0,-76386194.0,0.0191156864166259,0,True,67,33,True,89,32,0.906055212020874,191.9260711669922,-2290684011.8875403,2025-11-20 20:36:23
er_524288_1_1.txt,erdos_renyi_10ins_m20,50,SpecAnn,0.8418202998994706,1.0,-134960500.0,-77958595.99999999,0.0191235542297363,0,True,67,33,True,90,32,0.9033989310264589,183.65353393554688,-2185523146.990451,2025-11-20 20:36:23
er_524288_1_1.txt,erdos_renyi_10ins_m20,50,SpecAnn,0.846484159964536,1.0,-135071150.0,-79599175.99999997,0.0191569328308105,0,True,67,33,True,91,32,0.9006513357162476,175.782470703125,-2085493354.7693532,2025-11-20 20:36:23
er_524288_1_1.txt,erdos_renyi_10ins_m20,50,SpecAnn,0.8511224640549078,1.0,-135136383.99999997,-81355893.99999997,0.0191247463226318,0,True,67,33,True,92,32,0.8978068828582764,168.29119873046875,-1990310723.5129871,2025-11-20 20:36:23
er_524288_1_1.txt,erdos_renyi_10ins_m20,50,SpecAnn,0.8557356277302758,1.0,-135460120.0,-83195754.00000001,0.0192399024963378,0,True,67,33,True,93,32,0.8948594927787781,161.1590576171875,-1899704787.46648,2025-11-20 20:36:23
er_524288_1_1.txt,erdos_renyi_10ins_m20,50,SpecAnn,0.8603240554087516,1.0,-135581646.0,-85135664.0,0.019324779510498,0,True,67,33,True,94,32,0.8918027877807617,154.3668212890625,-1813423900.9186149,2025-11-20 20:36:23
er_524288_1_1.txt,erdos_renyi_10ins_m20,50,SpecAnn,0.86488814078064,1.0,-135626584.0,-87104211.99999997,0.0192537307739257,0,True,67,33,True,95,32,0.8886297345161438,147.89663696289062,-1731233663.479418,2025-11-20 20:36:23
er_524288_1_1.txt,erdos_renyi_10ins_m20,50,SpecAnn,0.8694282672026621,1.0,-135951586.0,-89189830.0,0.0191609859466552,0,True,67,33,True,96,32,0.8853322863578796,141.7312774658203,-1652907508.4083486,2025-11-20 20:36:23
er_524288_1_1.txt,erdos_renyi_10ins_m20,50,SpecAnn,0.8739448080737451,1.0,-136060632.0,-91309506.0,0.0190320014953613,0,True,67,33,True,97,32,0.8819020986557007,135.85482788085938,-1578236202.2387943,2025-11-20 20:36:23
er_524288_1_1.txt,erdos_renyi_10ins_m20,50,SpecAnn,0.878438127193422,1.0,-136288204.0,-93488082.0,0.018869400024414,0,True,67,33,True,98,32,0.878329336643219,130.252197265625,-1507019928.801339,2025-11-20 20:36:23
er_524288_1_1.txt,erdos_renyi_10ins_m20,50,SpecAnn,0.8829085791038153,1.0,-136483074.0,-95668762.0,0.0187642574310302,0,True,67,33,True,99,32,0.8746037483215332,124.9091339111328,-1439070531.008622,2025-11-20 20:36:23
er_524288_1_1.txt,erdos_renyi_10ins_m20,50,SpecAnn,0.8873565094161138,1.0,-136704866.0,-98055925.99999996,0.0189073085784912,0,True,67,33,True,100,32,0.870713472366333,119.81228637695312,-1374210202.907375,2025-11-20 20:36:23
er_524288_1_1.txt,erdos_renyi_10ins_m20,50,SpecAnn,0.8917822551223932,1.0,-136971030.0,-100410242.0,0.0189933776855468,0,True,67,33,True,101,32,0.8666455149650574,114.9490203857422,-1312270351.5802915,2025-11-20 20:36:23
er_524288_1_1.txt,erdos_renyi_10ins_m20,50,SpecAnn,0.8961861448935777,1.0,-137315532.0,-102916014.0,0.0191166400909423,0,True,67,33,True,102,32,0.862385630607605,110.30746459960938,-1253092014.9711616,2025-11-20 20:36:23
er_524288_1_1.txt,erdos_renyi_10ins_m20,50,SpecAnn,0.9005684993642872,1.0,-137627964.0,-105491464.0,0.0191450119018554,0,True,67,33,True,103,32,0.8579174280166626,105.87641143798828,-1196523552.6614883,2025-11-20 20:36:23
er_524288_1_1.txt,erdos_renyi_10ins_m20,50,SpecAnn,0.9049296314052688,1.0,-137942848.0,-108052455.99999996,0.0190982818603515,0,True,67,33,True,104,32,0.8532227277755737,101.6451416015625,-1142419451.9450028,2025-11-20 20:36:23
er_524288_1_1.txt,erdos_renyi_10ins_m20,50,SpecAnn,0.9092698463840684,1.0,-138267632.0,-110677460.0,0.0191264152526855,0,True,67,33,True,105,32,0.8482813835144043,97.60372924804688,-1090643702.5862465,2025-11-20 20:36:23
er_524288_1_1.txt,erdos_renyi_10ins_m20,50,SpecAnn,0.9135894424145556,1.0,-138732704.0,-113428094.0,0.0369644165039062,0,True,67,65,True,106,32,0.8430701494216919,93.74276733398438,-1041065443.4813966,2025-11-20 20:36:23
er_524288_1_1.txt,erdos_renyi_10ins_m20,50,SpecAnn,0.9178887105958816,1.0,-139290255.99999997,-116001356.0,0.0373303890228271,0,True,67,65,True,107,32,0.8375634551048279,90.05320739746094,-993558524.5279796,2025-11-20 20:36:23
er_524288_1_1.txt,erdos_renyi_10ins_m20,50,SpecAnn,0.922167935241408,1.0,-139778940.0,-118538518.0,0.0371389389038085,0,True,67,65,True,108,32,0.8317316770553589,86.52664947509766,-948002926.037878,2025-11-20 20:36:23
er_524288_1_1.txt,erdos_renyi_10ins_m20,50,SpecAnn,0.92642739409812,1.0,-140181356.0,-120928232.00000004,0.0537531375885009,0,True,67,97,True,109,32,0.8255408406257629,83.15518188476562,-904283131.5510044,2025-11-20 20:36:23
er_524288_1_1.txt,erdos_renyi_10ins_m20,50,SpecAnn,0.9306673585570006,1.0,-140714934.0,-123036496.0,0.0538384914398193,0,True,67,97,True,110,32,0.8189516663551331,79.93115234375,-862285123.5346195,2025-11-20 20:36:23
er_524288_1_1.txt,erdos_renyi_10ins_m20,50,SpecAnn,0.9348880938548184,1.0,-140932790.0,-124675844.0,0.1245338916778564,0,True,67,225,True,111,32,0.8119170665740967,76.84747314453125,-821897786.4060571,2025-11-20 20:36:24
er_524288_1_1.txt,erdos_renyi_10ins_m20,50,SpecAnn,0.9390898592677528,1.0,-140719790.0,-124135556.0,0.2642855644226074,0,True,67,481,True,112,32,0.8044077754020691,73.8973388671875,-783035780.750191,2025-11-20 20:36:24
er_524288_1_1.txt,erdos_renyi_10ins_m20,50,SpecAnn,0.9432729082972536,1.0,-140357846.0,-122993936.0,0.2825748920440674,0,True,67,513,True,113,32,0.7965325713157654,71.07438659667969,-745749907.4668108,2025-11-20 20:36:24
er_524288_1_1.txt,erdos_renyi_10ins_m20,50,SpecAnn,0.9474374888485204,1.0,-140254334.00000003,-122638806.0,0.1246438026428222,0,True,67,225,True,114,32,0.7883649468421936,68.3725357055664,-710044456.5932336,2025-11-20 20:36:24
er_524288_1_1.txt,erdos_renyi_10ins_m20,50,SpecAnn,0.9515838434019476,1.0,-140207342.0,-122500442.0,0.0890483856201171,0,True,67,161,True,115,32,0.7799054980278015,65.7860107421875,-675852745.0921798,2025-11-20 20:36:24
er_524288_1_1.txt,erdos_renyi_10ins_m20,50,SpecAnn,0.9557122091778746,1.0,-140130036.00000003,-122411308.0,0.0546326637268066,0,True,67,97,True,116,32,0.7711465358734131,63.3094482421875,-643105152.4215239,2025-11-20 20:36:24
er_524288_1_1.txt,erdos_renyi_10ins_m20,50,SpecAnn,0.9598228182949629,1.0,-140097244.00000003,-122401761.99999996,0.0713334083557128,0,True,67,129,True,117,32,0.7620777487754822,60.93760681152344,-611732034.909157,2025-11-20 20:36:24
er_524288_1_1.txt,erdos_renyi_10ins_m20,50,SpecAnn,0.963915897922488,1.0,-140213305.99999997,-122335285.99999996,0.0545635223388671,0,True,67,97,True,118,32,0.7526900172233582,58.665653228759766,-581669933.1338187,2025-11-20 20:36:25
er_524288_1_1.txt,erdos_renyi_10ins_m20,50,SpecAnn,0.967991670426842,1.0,-140155851.99999997,-122297620.0,0.0544397830963134,0,True,67,97,True,119,32,0.7429734468460083,56.48889923095703,-552857178.8087444,2025-11-20 20:36:25
er_524288_1_1.txt,erdos_renyi_10ins_m20,50,SpecAnn,0.9720503535125016,1.0,-140100816.00000003,-122262966.0,0.036440372467041,0,True,67,65,True,120,32,0.732917845249176,54.40293884277344,-525235661.7069161,2025-11-20 20:36:25
er_524288_1_1.txt,erdos_renyi_10ins_m20,50,SpecAnn,0.9760921603577252,1.0,-140171092.0,-122229532.0,0.0363495349884033,0,True,67,65,True,121,32,0.722512423992157,52.40363311767578,-498750409.632093,2025-11-20 20:36:25
er_524288_1_1.txt,erdos_renyi_10ins_m20,50,SpecAnn,0.9801172997452104,1.0,-140165436.0,-122214698.0,0.0542824268341064,0,True,67,97,True,122,32,0.7117467522621155,50.48696899414063,-473348866.05341846,2025-11-20 20:36:25
er_524288_1_1.txt,erdos_renyi_10ins_m20,50,SpecAnn,0.9841259761879442,1.0,-140161594.00000003,-122178944.0,0.0370028018951416,0,True,67,65,True,123,32,0.7006096839904785,48.649227142333984,-448981689.4321173,2025-11-20 20:36:25
er_524288_1_1.txt,erdos_renyi_10ins_m20,50,SpecAnn,0.9881183900504562,1.0,-140130456.0,-122150444.0,0.0539605617523193,0,True,67,97,True,124,32,0.6890891790390015,46.88676834106445,-425600646.2812664,2025-11-20 20:36:25
er_524288_1_1.txt,erdos_renyi_10ins_m20,50,SpecAnn,0.9920947376656812,1.0,-140165876.0,-122132892.0,0.0363659858703613,0,True,67,65,True,125,32,0.6771743297576904,45.19624328613281,-403161797.48194057,2025-11-20 20:36:25
er_524288_1_1.txt,erdos_renyi_10ins_m20,50,SpecAnn,0.9960552114476228,1.0,-140093755.99999997,-122127843.99999996,0.0542900562286376,0,True,67,97,True,126,32,0.664852499961853,43.57440948486328,-381621966.3466465,2025-11-20 20:36:25
er_524288_1_1.txt,erdos_renyi_10ins_m20,50,SpecAnn,1.0,1.0,-140099511.99999997,-122112930.0,0.0545754432678222,0,True,67,97,True,127,32,0.6521114110946655,42.018157958984375,-360940285.6966395,2025-11-20 20:36:25
er_524288_1_1.txt,erdos_renyi_10ins_m20,51,SpecAnn,0.0,1.0,-132948261.99999999,-27046559.99999998,0.033976078033447266,0,True,49,33,True,0,32,0.9984050989151001,524289.0,-6895331335698.523,2025-11-20 20:36:30
er_524288_1_1.txt,erdos_renyi_10ins_m20,51,SpecAnn,0.08873565094161137,1.0,-132872095.99999997,-27450873.999999985,0.01827716827392578,0,True,49,33,True,1,32,0.9975730776786804,226255.09375,-2973176482283.552,2025-11-20 20:36:30
er_524288_1_1.txt,erdos_renyi_10ins_m20,51,SpecAnn,0.12549116102763172,1.0,-132918521.99999999,-27688419.99999999,0.018406391143798828,0,True,49,33,True,2,32,0.9971120357513428,159755.34375,-2098345298021.4568,2025-11-20 20:36:30
er_524288_1_1.txt,erdos_renyi_10ins_m20,51,SpecAnn,0.15369465587356798,1.0,-132916172.0,-27892846.000000004,0.018744230270385742,0,True,49,33,True,3,32,0.9966995716094971,122318.65625,-1605959454725.346,2025-11-20 20:36:30
er_524288_1_1.txt,erdos_renyi_10ins_m20,51,SpecAnn,0.17747130188322274,1.0,-132867590.0,-28091003.99999999,0.019031047821044922,0,True,49,33,True,4,32,0.996306300163269,97665.40625,-1281773359814.6313,2025-11-20 20:36:30
er_524288_1_1.txt,erdos_renyi_10ins_m20,51,SpecAnn,0.19841894753313627,1.0,-132893080.0,-28298819.99999999,0.01913595199584961,0,True,49,33,True,5,32,0.9959211945533752,80098.859375,-1050821403477.8713,2025-11-20 20:36:30
er_524288_1_1.txt,erdos_renyi_10ins_m20,51,SpecAnn,0.21735706680066552,1.0,-133094133.99999999,-28477943.999999974,0.01909947395324707,0,True,49,33,True,6,32,0.9955384731292725,66954.3125,-878039809279.1654,2025-11-20 20:36:30
er_524288_1_1.txt,erdos_renyi_10ins_m20,51,SpecAnn,0.23477246481693817,1.0,-132943056.00000001,-28676817.99999998,0.019121646881103516,0,True,49,33,True,7,32,0.9951547980308533,56779.9375,-744325940629.0231,2025-11-20 20:36:30
er_524288_1_1.txt,erdos_renyi_10ins_m20,51,SpecAnn,0.25098232205526344,1.0,-132985904.00000001,-28857693.999999996,0.019103288650512695,0,True,49,33,True,8,32,0.9947681427001953,48704.65625,-638219331382.826,2025-11-20 20:36:30
er_524288_1_1.txt,erdos_renyi_10ins_m20,51,SpecAnn,0.26620695282483414,1.0,-132915487.99999999,-29083841.999999993,0.01906871795654297,0,True,49,33,True,9,32,0.9943768382072449,42169.55859375,-552366915782.0212,2025-11-20 20:36:30
er_524288_1_1.txt,erdos_renyi_10ins_m20,51,SpecAnn,0.28060676663315687,1.0,-132920367.99999999,-29306611.999999978,0.0191037654876709,0,True,49,33,True,10,32,0.9939796924591064,36797.703125,-481810018730.5077,2025-11-20 20:36:30
er_524288_1_1.txt,erdos_renyi_10ins_m20,51,SpecAnn,0.2943028597012718,1.0,-133052877.99999997,-29510745.999999993,0.019106626510620117,0,True,49,33,True,11,32,0.993575930595398,32324.92578125,-423073868977.3723,2025-11-20 20:36:30
er_524288_1_1.txt,erdos_renyi_10ins_m20,51,SpecAnn,0.30738931174713596,1.0,-132953207.99999997,-29710617.999999974,0.01909494400024414,0,True,49,33,True,12,32,0.9931647181510925,28560.2578125,-373646578714.3938,2025-11-20 20:36:30
er_524288_1_1.txt,erdos_renyi_10ins_m20,51,SpecAnn,0.31994093943165425,1.0,-132883875.99999999,-29944341.99999999,0.01912856101989746,0,True,49,33,True,13,32,0.992745578289032,25362.212890625,-331667340691.58185,2025-11-20 20:36:30
er_524288_1_1.txt,erdos_renyi_10ins_m20,51,SpecAnn,0.3320184038158743,1.0,-132860823.99999999,-30177347.999999974,0.019096851348876953,0,True,49,33,True,14,32,0.9923179149627686,22623.65234375,-295727120080.1743,2025-11-20 20:36:30
er_524288_1_1.txt,erdos_renyi_10ins_m20,51,SpecAnn,0.34367169831173533,1.0,-133070181.99999999,-30414743.99999999,0.019031286239624023,0,True,49,33,True,15,32,0.9918813109397888,20262.046875,-264740647436.46112,2025-11-20 20:36:30
er_524288_1_1.txt,erdos_renyi_10ins_m20,51,SpecAnn,0.3549426037664455,1.0,-132980650.0,-30663545.999999985,0.018992185592651367,0,True,49,33,True,16,32,0.9914353489875793,18212.822265625,-237858815760.1176,2025-11-20 20:36:30
er_524288_1_1.txt,erdos_renyi_10ins_m20,51,SpecAnn,0.3658664615902029,1.0,-133045990.00000001,-30920839.999999993,0.018892288208007812,0,True,49,33,True,17,32,0.9909795522689819,16424.75390625,-214408090051.96725,2025-11-20 20:36:30
er_524288_1_1.txt,erdos_renyi_10ins_m20,51,SpecAnn,0.37647348308289513,1.0,-132995115.99999997,-31194537.999999978,0.018831491470336914,0,True,49,33,True,18,32,0.9905136823654175,14856.755859375,-193848332356.35495,2025-11-20 20:36:30
er_524288_1_1.txt,erdos_renyi_10ins_m20,51,SpecAnn,0.38678973514378384,1.0,-133053535.99999999,-31447039.99999999,0.018822908401489258,0,True,49,33,True,19,32,0.9900373816490173,13475.51953125,-175741655954.0332,2025-11-20 20:36:30
er_524288_1_1.txt,erdos_renyi_10ins_m20,51,SpecAnn,0.39683789506627254,1.0,-133212233.99999997,-31713689.99999997,0.0188748836517334,0,True,49,33,True,20,32,0.9895503520965576,12253.779296875,-159729655568.1407,2025-11-20 20:36:30
er_524288_1_1.txt,erdos_renyi_10ins_m20,51,SpecAnn,0.4066378372811136,1.0,-133146719.99999997,-31986219.999999985,0.018954992294311523,0,True,49,33,True,21,32,0.9890521764755249,11169.041015625,-145516651407.4352,2025-11-20 20:36:30
er_524288_1_1.txt,erdos_renyi_10ins_m20,51,SpecAnn,0.41620709563472474,1.0,-133150401.99999999,-32224941.99999997,0.018975496292114258,0,True,49,33,True,22,32,0.9885427951812744,10202.6015625,-132856866570.15392,2025-11-20 20:36:30
er_524288_1_1.txt,erdos_renyi_10ins_m20,51,SpecAnn,0.4255612320274539,1.0,-132957117.99999997,-32491582.000000004,0.018937349319458008,0,True,49,33,True,23,32,0.9880216121673584,9338.802734375,-121544482776.88704,2025-11-20 20:36:30
er_524288_1_1.txt,erdos_renyi_10ins_m20,51,SpecAnn,0.43471413360133104,1.0,-133129865.99999999,-32793111.99999999,0.01891803741455078,0,True,49,33,True,24,32,0.9874885678291321,8564.44921875,-111406137848.85541,2025-11-20 20:36:30
er_524288_1_1.txt,erdos_renyi_10ins_m20,51,SpecAnn,0.4436782547080569,1.0,-133311543.99999999,-33051824.0,0.0190122127532959,0,True,49,33,True,25,32,0.9869433641433716,7868.3662109375,-102294998334.71649,2025-11-20 20:36:30
er_524288_1_1.txt,erdos_renyi_10ins_m20,51,SpecAnn,0.45246481570263436,1.0,-133177435.99999999,-33350356.000000007,0.01890254020690918,0,True,49,33,True,26,32,0.9863855242729187,7241.03076171875,-94085930878.8441,2025-11-20 20:36:30
er_524288_1_1.txt,erdos_renyi_10ins_m20,51,SpecAnn,0.46108396762070397,1.0,-133075197.99999999,-33619984.0,0.019107818603515625,0,True,49,33,True,27,32,0.9858149886131287,6674.29150390625,-86671874892.74876,2025-11-20 20:36:30
er_524288_1_1.txt,erdos_renyi_10ins_m20,51,SpecAnn,0.46954492963387634,1.0,-133281036.00000003,-33921345.99999999,0.019139528274536133,0,True,49,33,True,28,32,0.985231339931488,6161.140625,-79960765501.36798,2025-11-20 20:36:30
er_524288_1_1.txt,erdos_renyi_10ins_m20,51,SpecAnn,0.4778561045889373,1.0,-133073489.99999997,-34235600.00000001,0.01915907859802246,0,True,49,33,True,29,32,0.9846343398094177,5695.52099609375,-73873051466.14198,2025-11-20 20:36:30
er_524288_1_1.txt,erdos_renyi_10ins_m20,51,SpecAnn,0.48602517675625084,1.0,-133091120.0,-34537880.00000002,0.019146203994750977,0,True,49,33,True,30,32,0.9840237498283386,5272.185546875,-68339826232.60342,2025-11-20 20:36:30
er_524288_1_1.txt,erdos_renyi_10ins_m20,51,SpecAnn,0.4940591950252281,1.0,-133151206.0,-34832933.999999985,0.019147396087646484,0,True,49,33,True,31,32,0.9833990931510925,4886.5673828125,-63301106102.94635,2025-11-20 20:36:30
er_524288_1_1.txt,erdos_renyi_10ins_m20,51,SpecAnn,0.5019646441105269,1.0,-133082191.99999997,-35127959.999999985,0.019126415252685547,0,True,49,33,True,32,32,0.9827602505683899,4534.67822265625,-58704536195.25457,2025-11-20 20:36:30
er_524288_1_1.txt,erdos_renyi_10ins_m20,51,SpecAnn,0.5097475058154177,1.0,-133136505.99999999,-35452713.99999997,0.019016504287719727,0,True,49,33,True,33,32,0.9821069240570068,4213.0205078125,-54504197496.90875,2025-11-20 20:36:30
er_524288_1_1.txt,erdos_renyi_10ins_m20,51,SpecAnn,0.51741331199832,1.0,-133098822.0,-35808689.99999999,0.018853425979614258,0,True,49,33,True,34,32,0.9814386963844299,3918.525634765625,-50659800269.60186,2025-11-20 20:36:30
er_524288_1_1.txt,erdos_renyi_10ins_m20,51,SpecAnn,0.5249671905758515,1.0,-133141348.0,-36181711.999999985,0.018817901611328125,0,True,49,33,True,35,32,0.9807553887367249,3648.486083984375,-47135812833.27338,2025-11-20 20:36:30
er_524288_1_1.txt,erdos_renyi_10ins_m20,51,SpecAnn,0.5324139056496683,1.0,-133071360.00000001,-36549041.999999985,0.018802642822265625,0,True,49,33,True,36,32,0.9800565838813782,3400.509521484375,-43900831829.241005,2025-11-20 20:36:30
er_524288_1_1.txt,erdos_renyi_10ins_m20,51,SpecAnn,0.5397578926492556,1.0,-133146825.99999997,-36923439.999999985,0.018836021423339844,0,True,49,33,True,37,32,0.9793418645858765,3172.475830078125,-40927031482.71285,2025-11-20 20:36:30
er_524288_1_1.txt,erdos_renyi_10ins_m20,51,SpecAnn,0.5470032892270364,1.0,-133169168.0,-37305206.00000001,0.018787860870361328,0,True,49,33,True,38,32,0.978611171245575,2962.50390625,-38189740231.94906,2025-11-20 20:36:30
er_524288_1_1.txt,erdos_renyi_10ins_m20,51,SpecAnn,0.554153962516942,1.0,-133255123.99999996,-37716567.99999999,0.018842697143554688,0,True,49,33,True,39,32,0.9778638482093811,2768.91357421875,-35666902484.744484,2025-11-20 20:36:31
er_524288_1_1.txt,erdos_renyi_10ins_m20,51,SpecAnn,0.5612135332663137,1.0,-133274526.0,-38067142.000000015,0.019046306610107422,0,True,49,33,True,40,32,0.9770998954772949,2590.21240234375,-33338952390.319164,2025-11-20 20:36:31
er_524288_1_1.txt,erdos_renyi_10ins_m20,51,SpecAnn,0.5681853972686127,1.0,-133047135.99999997,-38450272.0,0.019188880920410156,0,True,49,33,True,41,32,0.9763186573982239,2425.06201171875,-31188324253.61437,2025-11-20 20:36:31
er_524288_1_1.txt,erdos_renyi_10ins_m20,51,SpecAnn,0.5750727444570146,1.0,-133326663.99999997,-38879029.99999999,0.01923227310180664,0,True,49,33,True,42,32,0.9755197763442993,2272.261962890625,-29199275798.365185,2025-11-20 20:36:31
er_524288_1_1.txt,erdos_renyi_10ins_m20,51,SpecAnn,0.5818785759635375,1.0,-133318771.99999999,-39302742.00000001,0.019265174865722656,0,True,49,33,True,43,32,0.9747030735015869,2130.73779296875,-27357723008.223354,2025-11-20 20:36:31
er_524288_1_1.txt,erdos_renyi_10ins_m20,51,SpecAnn,0.5886057194025436,1.0,-133325926.00000003,-39742153.99999999,0.019208431243896484,0,True,49,33,True,44,32,0.9738679528236389,1999.52197265625,-25650973922.6802,2025-11-20 20:36:31
er_524288_1_1.txt,erdos_renyi_10ins_m20,51,SpecAnn,0.5952568425994088,1.0,-133173473.99999997,-40215052.000000015,0.019193649291992188,0,True,49,33,True,45,32,0.9730141162872314,1877.739990234375,-24067567584.758244,2025-11-20 20:36:31
er_524288_1_1.txt,erdos_renyi_10ins_m20,51,SpecAnn,0.6018344659534288,1.0,-133220537.99999999,-40681763.99999999,0.019681215286254883,0,True,49,33,True,46,32,0.9721411466598511,1764.60693359375,-22597214613.008293,2025-11-20 20:36:31
er_524288_1_1.txt,erdos_renyi_10ins_m20,51,SpecAnn,0.6083409735974393,1.0,-133153485.99999999,-41160866.0,0.019652605056762695,0,True,49,33,True,47,32,0.9712485671043396,1659.41064453125,-21230580360.51513,2025-11-20 20:36:31
er_524288_1_1.txt,erdos_renyi_10ins_m20,51,SpecAnn,0.6147786234942719,1.0,-133227814.0,-41604159.999999985,0.019604206085205078,0,True,49,33,True,48,32,0.9703360199928284,1561.506103515625,-19959214376.78901,2025-11-20 20:36:31
er_524288_1_1.txt,erdos_renyi_10ins_m20,51,SpecAnn,0.6211495565912796,1.0,-133327711.99999999,-42032794.00000001,0.01951122283935547,0,True,49,33,True,49,32,0.9694029092788696,1470.31005859375,-18775471436.80687,2025-11-20 20:36:31
er_524288_1_1.txt,erdos_renyi_10ins_m20,51,SpecAnn,0.6274558051381586,1.0,-133442537.99999999,-42505314.000000015,0.01929759979248047,0,True,49,33,True,50,32,0.9684487581253052,1385.290771484375,-17672386095.37255,2025-11-20 20:36:31
er_524288_1_1.txt,erdos_renyi_10ins_m20,51,SpecAnn,0.6336993002596786,1.0,-133292327.99999999,-42987292.00000003,0.01926875114440918,0,True,49,33,True,51,32,0.9674732685089111,1305.9669189453125,-16643656875.806076,2025-11-20 20:36:31
er_524288_1_1.txt,erdos_renyi_10ins_m20,51,SpecAnn,0.6398818788633085,1.0,-133355975.99999999,-43490978.000000015,0.019166231155395508,0,True,49,33,True,52,32,0.9664756655693054,1231.898681640625,-15683519115.26002,2025-11-20 20:36:31
er_524288_1_1.txt,erdos_renyi_10ins_m20,51,SpecAnn,0.6460052899517691,1.0,-133417556.0,-43990357.99999999,0.018997669219970703,0,True,49,33,True,53,32,0.9654554724693298,1162.684814453125,-14786720109.548853,2025-11-20 20:36:31
er_524288_1_1.txt,erdos_renyi_10ins_m20,51,SpecAnn,0.6520712004019966,1.0,-133137590.0,-44511084.00000003,0.0188443660736084,0,True,49,33,True,54,32,0.9644123315811157,1097.96044921875,-13948485479.224413,2025-11-20 20:36:31
er_524288_1_1.txt,erdos_renyi_10ins_m20,51,SpecAnn,0.6580812002646271,1.0,-133501111.99999999,-45011222.00000003,0.01881241798400879,0,True,49,33,True,55,32,0.9633454084396362,1037.390869140625,-13164429904.821735,2025-11-20 20:36:31
er_524288_1_1.txt,erdos_renyi_10ins_m20,51,SpecAnn,0.6640368076317485,1.0,-133543471.99999999,-45595282.0,0.0188291072845459,0,True,49,33,True,56,32,0.9622542858123779,980.669921875,-12430549086.720455,2025-11-20 20:36:31
er_524288_1_1.txt,erdos_renyi_10ins_m20,51,SpecAnn,0.6699394731151429,1.0,-133506454.0,-46164628.00000001,0.01879143714904785,0,True,49,33,True,57,32,0.9611381888389587,927.5182495117188,-11743184934.52781,2025-11-20 20:36:31
er_524288_1_1.txt,erdos_renyi_10ins_m20,51,SpecAnn,0.6757905839724513,1.0,-133646163.99999999,-46717559.99999999,0.01883697509765625,0,True,49,33,True,58,32,0.9599964618682861,877.677734375,-11098960784.472008,2025-11-20 20:36:31
er_524288_1_1.txt,erdos_renyi_10ins_m20,51,SpecAnn,0.6815914679145113,1.0,-133596618.0,-47360684.0,0.018846511840820312,0,True,49,33,True,59,32,0.9588285088539124,830.9137573242188,-10494807851.8746,2025-11-20 20:36:31
er_524288_1_1.txt,erdos_renyi_10ins_m20,51,SpecAnn,0.6873433966234707,1.0,-133618943.99999999,-47995305.999999985,0.01901984214782715,0,True,49,33,True,60,32,0.9576335549354553,787.0079956054688,-9927870492.468723,2025-11-20 20:36:31
er_524288_1_1.txt,erdos_renyi_10ins_m20,51,SpecAnn,0.6930475890080863,1.0,-133530835.99999997,-48598343.99999998,0.01915597915649414,0,True,49,33,True,61,32,0.9564108848571777,745.76220703125,-9395555981.28387,2025-11-20 20:36:31
er_524288_1_1.txt,erdos_renyi_10ins_m20,51,SpecAnn,0.6987052142198116,1.0,-133639963.99999996,-49265445.999999985,0.01912689208984375,0,True,49,33,True,62,32,0.9551597833633423,706.991943359375,-8895453558.518,2025-11-20 20:36:31
er_524288_1_1.txt,erdos_renyi_10ins_m20,51,SpecAnn,0.7043173944508145,1.0,-133689503.99999997,-49915174.000000015,0.01912975311279297,0,True,49,33,True,63,32,0.9538791179656982,670.5279541015625,-8425347712.148112,2025-11-20 20:36:31
er_524288_1_1.txt,erdos_renyi_10ins_m20,51,SpecAnn,0.709885207532891,1.0,-133695386.00000001,-50597060.0,0.01915740966796875,0,True,49,33,True,64,32,0.9525683522224426,636.21435546875,-7983203800.364843,2025-11-20 20:36:31
er_524288_1_1.txt,erdos_renyi_10ins_m20,51,SpecAnn,0.7154096893543218,1.0,-133635465.99999999,-51303644.00000002,0.019156932830810547,0,True,49,33,True,65,32,0.9512263536453247,603.9064331054688,-7567128925.43264,2025-11-20 20:36:31
er_524288_1_1.txt,erdos_renyi_10ins_m20,51,SpecAnn,0.7208918361100219,1.0,-133667002.0,-52006726.0,0.019135236740112305,0,True,49,33,True,66,32,0.9498522877693176,573.4714965820312,-7175390041.4942,2025-11-20 20:36:31
er_524288_1_1.txt,erdos_renyi_10ins_m20,51,SpecAnn,0.7263326063988248,1.0,-133704121.99999999,-52783471.999999985,0.01916646957397461,0,True,49,33,True,67,32,0.9484450817108154,544.7860107421875,-6806372904.693878,2025-11-20 20:36:31
er_524288_1_1.txt,erdos_renyi_10ins_m20,51,SpecAnn,0.7317329231804058,1.0,-133728731.99999999,-53578000.0,0.01912999153137207,0,True,49,33,True,68,32,0.9470036625862122,517.73583984375,-6458586670.010035,2025-11-20 20:36:31
er_524288_1_1.txt,erdos_renyi_10ins_m20,51,SpecAnn,0.7370936756031579,1.0,-133754641.99999999,-54360793.99999999,0.019150257110595703,0,True,49,33,True,69,32,0.9455270171165466,492.215087890625,-6130649229.099141,2025-11-20 20:36:31
er_524288_1_1.txt,erdos_renyi_10ins_m20,51,SpecAnn,0.7424157207132704,1.0,-133808475.99999999,-55153170.000000015,0.019150257110595703,0,True,49,33,True,70,32,0.9440137147903442,468.12615966796875,-5821284412.5486555,2025-11-20 20:36:31
er_524288_1_1.txt,erdos_renyi_10ins_m20,51,SpecAnn,0.7476998850543153,1.0,-133600348.00000001,-55979245.99999999,0.019142866134643555,0,True,49,33,True,71,32,0.9424627423286438,445.37811279296875,-5529306505.505742,2025-11-20 20:36:31
er_524288_1_1.txt,erdos_renyi_10ins_m20,51,SpecAnn,0.7529469661657903,1.0,-133862986.00000001,-56853186.0,0.01901531219482422,0,True,49,33,True,72,32,0.9408726096153259,423.88604736328125,-5253606622.893187,2025-11-20 20:36:31
er_524288_1_1.txt,erdos_renyi_10ins_m20,51,SpecAnn,0.7581577339883167,1.0,-133927971.99999999,-57707778.000000015,0.018932819366455078,0,True,49,33,True,73,32,0.9392420053482056,403.572021484375,-4993167796.256226,2025-11-20 20:36:31
er_524288_1_1.txt,erdos_renyi_10ins_m20,51,SpecAnn,0.7633329321824984,1.0,-133732574.0,-58526052.00000002,0.018807172775268555,0,True,49,33,True,74,32,0.9375694394111633,384.363037109375,-4747037502.557421,2025-11-20 20:36:31
er_524288_1_1.txt,erdos_renyi_10ins_m20,51,SpecAnn,0.7684732793678399,1.0,-133777837.99999999,-59395816.000000015,0.018802165985107422,0,True,49,33,True,75,32,0.935853123664856,366.19097900390625,-4514326217.633835,2025-11-20 20:36:31
er_524288_1_1.txt,erdos_renyi_10ins_m20,51,SpecAnn,0.7735794702875677,1.0,-133877863.99999999,-60301430.00000001,0.018848657608032227,0,True,49,33,True,76,32,0.9340917468070984,348.99285888671875,-4294213954.6172647,2025-11-20 20:36:31
er_524288_1_1.txt,erdos_renyi_10ins_m20,51,SpecAnn,0.7786521769046981,1.0,-133963996.00000001,-61321394.00000001,0.018841028213500977,0,True,49,33,True,77,32,0.9322830438613892,332.70989990234375,-4085931793.081716,2025-11-20 20:36:31
er_524288_1_1.txt,erdos_renyi_10ins_m20,51,SpecAnn,0.7836920494342511,1.0,-133964211.99999997,-62345842.00000002,0.018804550170898438,0,True,49,33,True,78,32,0.9304255247116089,317.2872009277344,-3888765659.793798,2025-11-20 20:36:31
er_524288_1_1.txt,erdos_renyi_10ins_m20,51,SpecAnn,0.788699717316095,1.0,-134081538.0,-63409095.99999996,0.01900005340576172,0,True,49,33,True,79,32,0.9285170435905457,302.67352294921875,-3702046889.8308945,2025-11-20 20:36:31
er_524288_1_1.txt,erdos_renyi_10ins_m20,51,SpecAnn,0.7936757901325451,1.0,-134168874.0,-64433694.0,0.01899266242980957,0,True,49,33,True,80,32,0.9265552163124084,288.8213195800781,-3525154506.9368315,2025-11-20 20:36:31
er_524288_1_1.txt,erdos_renyi_10ins_m20,51,SpecAnn,0.7986208584745024,1.0,-134216893.99999999,-65583241.99999997,0.01916050910949707,0,True,49,33,True,81,32,0.9245377779006958,275.6856689453125,-3357503359.492047,2025-11-20 20:36:31
er_524288_1_1.txt,erdos_renyi_10ins_m20,51,SpecAnn,0.803535494759617,1.0,-134360743.99999997,-66734655.999999985,0.01912236213684082,0,True,49,33,True,82,32,0.9224624037742615,263.22509765625,-3198553166.1929417,2025-11-20 20:36:31
er_524288_1_1.txt,erdos_renyi_10ins_m20,51,SpecAnn,0.8084202540056837,1.0,-134242134.00000003,-67975960.0,0.019121170043945312,0,True,49,33,True,83,32,0.9203261733055115,251.40078735351562,-3047796810.332163,2025-11-20 20:36:31
er_524288_1_1.txt,erdos_renyi_10ins_m20,51,SpecAnn,0.8132756745622272,1.0,-134482506.0,-69220598.00000001,0.01910543441772461,0,True,49,33,True,84,32,0.9181264042854309,240.17591857910156,-2904755223.21059,2025-11-20 20:36:31
er_524288_1_1.txt,erdos_renyi_10ins_m20,51,SpecAnn,0.8181022788030096,1.0,-134482989.99999997,-70505695.99999999,0.019163846969604492,0,True,49,33,True,85,32,0.9158598780632019,229.51666259765625,-2768986622.7183375,2025-11-20 20:36:31
er_524288_1_1.txt,erdos_renyi_10ins_m20,51,SpecAnn,0.822900573781978,1.0,-134532495.99999997,-71874583.99999999,0.019127607345581055,0,True,49,33,True,86,32,0.913523256778717,219.39102172851562,-2640073771.281822,2025-11-20 20:36:31
er_524288_1_1.txt,erdos_renyi_10ins_m20,51,SpecAnn,0.8276710518549868,1.0,-134821077.99999997,-73289123.99999999,0.01911020278930664,0,True,49,33,True,87,32,0.9111129641532898,209.76905822753906,-2517626250.428346,2025-11-20 20:36:31
er_524288_1_1.txt,erdos_renyi_10ins_m20,51,SpecAnn,0.8324141912694495,1.0,-134707475.99999997,-74794498.0,0.01916790008544922,0,True,49,33,True,88,32,0.908625066280365,200.62266540527344,-2401277287.3461204,2025-11-20 20:36:31
er_524288_1_1.txt,erdos_renyi_10ins_m20,51,SpecAnn,0.8371304567239225,1.0,-134863570.0,-76386194.0,0.019002914428710938,0,True,49,33,True,89,32,0.9060552716255188,191.92568969726562,-2290685174.2951264,2025-11-20 20:36:31
er_524288_1_1.txt,erdos_renyi_10ins_m20,51,SpecAnn,0.8418202998994706,1.0,-134964492.0,-77958596.0,0.018841028213500977,0,True,49,33,True,90,32,0.9033990502357483,183.65316772460938,-2185524386.5687337,2025-11-20 20:36:31
er_524288_1_1.txt,erdos_renyi_10ins_m20,51,SpecAnn,0.846484159964536,1.0,-135041317.99999997,-79599176.0,0.018853425979614258,0,True,49,33,True,91,32,0.9006513357162476,175.78211975097656,-2085494257.2416854,2025-11-20 20:36:31
er_524288_1_1.txt,erdos_renyi_10ins_m20,51,SpecAnn,0.8511224640549078,1.0,-135075286.0,-81355894.00000001,0.01879119873046875,0,True,49,33,True,92,32,0.8978068828582764,168.29086303710938,-1990311588.3720727,2025-11-20 20:36:32
er_524288_1_1.txt,erdos_renyi_10ins_m20,51,SpecAnn,0.8557356277302758,1.0,-135392077.99999997,-83195754.00000001,0.018819093704223633,0,True,49,33,True,93,32,0.8948596119880676,161.15872192382812,-1899705698.3243823,2025-11-20 20:36:32
er_524288_1_1.txt,erdos_renyi_10ins_m20,51,SpecAnn,0.8603240554087516,1.0,-135527020.0,-85135664.0,0.018918752670288086,0,True,49,33,True,94,32,0.8918029069900513,154.36651611328125,-1813424963.535014,2025-11-20 20:36:32
er_524288_1_1.txt,erdos_renyi_10ins_m20,51,SpecAnn,0.86488814078064,1.0,-135589858.0,-87104129.99999999,0.019020795822143555,0,True,49,33,True,95,32,0.8886298537254333,147.89633178710938,-1731234529.030095,2025-11-20 20:36:32
er_524288_1_1.txt,erdos_renyi_10ins_m20,51,SpecAnn,0.8694282672026621,1.0,-135752531.99999997,-89190302.0,0.019177675247192383,0,True,49,33,True,96,32,0.8853324055671692,141.73098754882812,-1652908365.2113688,2025-11-20 20:36:32
er_524288_1_1.txt,erdos_renyi_10ins_m20,51,SpecAnn,0.8739448080737451,1.0,-136026178.0,-91309505.99999999,0.019296646118164062,0,True,49,33,True,97,32,0.8819021582603455,135.85452270507812,-1578236597.5876446,2025-11-20 20:36:32
er_524288_1_1.txt,erdos_renyi_10ins_m20,51,SpecAnn,0.878438127193422,1.0,-136286401.99999997,-93488668.0,0.019287109375,0,True,49,33,True,98,32,0.8783294558525085,130.25192260742188,-1507020616.4693937,2025-11-20 20:36:32
er_524288_1_1.txt,erdos_renyi_10ins_m20,51,SpecAnn,0.8829085791038153,1.0,-136506952.0,-95668761.99999999,0.01927042007446289,0,True,49,33,True,99,32,0.8746038675308228,124.90885925292969,-1439071058.6990576,2025-11-20 20:36:32
er_524288_1_1.txt,erdos_renyi_10ins_m20,51,SpecAnn,0.8873565094161138,1.0,-136713722.0,-98055926.00000001,0.019479751586914062,0,True,49,33,True,100,32,0.8707136511802673,119.81202697753906,-1374210848.192409,2025-11-20 20:36:32
er_524288_1_1.txt,erdos_renyi_10ins_m20,51,SpecAnn,0.8917822551223932,1.0,-137078806.0,-100410241.99999997,0.01941370964050293,0,True,49,33,True,101,32,0.8666456341743469,114.94877624511719,-1312270932.7858145,2025-11-20 20:36:32
er_524288_1_1.txt,erdos_renyi_10ins_m20,51,SpecAnn,0.8961861448935777,1.0,-137296588.0,-102916014.0,0.01940155029296875,0,True,49,33,True,102,32,0.8623856902122498,110.30723571777344,-1253092545.5598686,2025-11-20 20:36:32
er_524288_1_1.txt,erdos_renyi_10ins_m20,51,SpecAnn,0.9005684993642872,1.0,-137572284.0,-105491464.0,0.019433259963989258,0,True,49,33,True,103,32,0.8579174876213074,105.87617492675781,-1196523869.6024437,2025-11-20 20:36:32
er_524288_1_1.txt,erdos_renyi_10ins_m20,51,SpecAnn,0.9049296314052687,1.0,-138012776.0,-108052455.99999999,0.019437074661254883,0,True,49,33,True,104,32,0.8532227277755737,101.64492797851562,-1142419826.197555,2025-11-20 20:36:32
er_524288_1_1.txt,erdos_renyi_10ins_m20,51,SpecAnn,0.9092698463840683,1.0,-138296939.99999997,-110678413.99999999,0.019309520721435547,0,True,49,33,True,105,32,0.8482815027236938,97.603515625,-1090644118.2357922,2025-11-20 20:36:32
er_524288_1_1.txt,erdos_renyi_10ins_m20,51,SpecAnn,0.9135894424145555,1.0,-138738539.99999997,-113428093.99999997,0.03697466850280762,0,True,49,65,True,106,32,0.8430703282356262,93.74256134033203,-1041065905.6258552,2025-11-20 20:36:32
er_524288_1_1.txt,erdos_renyi_10ins_m20,51,SpecAnn,0.9178887105958816,1.0,-139278700.0,-116001355.99999999,0.03660917282104492,0,True,49,65,True,107,32,0.8375636339187622,90.05300903320312,-993558961.6931851,2025-11-20 20:36:32
er_524288_1_1.txt,erdos_renyi_10ins_m20,51,SpecAnn,0.9221679352414079,1.0,-139695566.0,-118539153.99999999,0.03610372543334961,0,True,49,65,True,108,32,0.8317317366600037,86.52645111083984,-948003123.5945269,2025-11-20 20:36:32
er_524288_1_1.txt,erdos_renyi_10ins_m20,51,SpecAnn,0.9264273940981199,1.0,-140253198.00000003,-120928213.99999999,0.05386614799499512,0,True,49,97,True,109,32,0.8255411982536316,83.15499877929688,-904283728.8145095,2025-11-20 20:36:32
er_524288_1_1.txt,erdos_renyi_10ins_m20,51,SpecAnn,0.9306673585570006,1.0,-140700828.0,-123036252.0,0.05458521842956543,0,True,49,97,True,110,32,0.8189518451690674,79.93096923828125,-862285431.2034659,2025-11-20 20:36:32
er_524288_1_1.txt,erdos_renyi_10ins_m20,51,SpecAnn,0.9348880938548185,1.0,-140880954.0,-124675344.0,0.1244659423828125,0,True,49,225,True,111,32,0.8119175434112549,76.8472900390625,-821898307.354443,2025-11-20 20:36:32
er_524288_1_1.txt,erdos_renyi_10ins_m20,51,SpecAnn,0.9390898592677527,1.0,-140658758.0,-124135836.00000001,0.26424622535705566,0,True,49,481,True,112,32,0.8044082522392273,73.89717864990234,-783036449.4046528,2025-11-20 20:36:32
er_524288_1_1.txt,erdos_renyi_10ins_m20,51,SpecAnn,0.9432729082972536,1.0,-140363167.99999997,-123009089.99999999,0.28314757347106934,0,True,49,513,True,113,32,0.7965329885482788,71.07423400878906,-745750508.6805384,2025-11-20 20:36:33
er_524288_1_1.txt,erdos_renyi_10ins_m20,51,SpecAnn,0.9474374888485205,1.0,-140278626.0,-122667643.99999999,0.17823505401611328,0,True,49,321,True,114,32,0.7883648872375488,68.37238311767578,-710044543.1709275,2025-11-20 20:36:33
er_524288_1_1.txt,erdos_renyi_10ins_m20,51,SpecAnn,0.9515838434019475,1.0,-140201772.0,-122502377.99999999,0.08900785446166992,0,True,49,161,True,115,32,0.7799057960510254,65.7858657836914,-675853155.9388578,2025-11-20 20:36:33
er_524288_1_1.txt,erdos_renyi_10ins_m20,51,SpecAnn,0.9557122091778746,1.0,-140161022.0,-122422177.99999999,0.05418658256530762,0,True,49,97,True,116,32,0.7711465954780579,63.30930709838867,-643105330.6374513,2025-11-20 20:36:33
er_524288_1_1.txt,erdos_renyi_10ins_m20,51,SpecAnn,0.9598228182949627,1.0,-140196194.00000003,-122391983.99999999,0.05473470687866211,0,True,49,97,True,117,32,0.7620776891708374,60.93746566772461,-611732056.219437,2025-11-20 20:36:33
er_524288_1_1.txt,erdos_renyi_10ins_m20,51,SpecAnn,0.9639158979224881,1.0,-140149428.0,-122330160.0,0.05421280860900879,0,True,49,97,True,118,32,0.7526899576187134,58.66551971435547,-581669976.2992052,2025-11-20 20:36:33
er_524288_1_1.txt,erdos_renyi_10ins_m20,51,SpecAnn,0.9679916704268421,1.0,-140163782.0,-122292063.99999999,0.05409598350524902,0,True,49,97,True,119,32,0.7429731488227844,56.48876953125,-552857030.702581,2025-11-20 20:36:33
er_524288_1_1.txt,erdos_renyi_10ins_m20,51,SpecAnn,0.9720503535125017,1.0,-140127922.0,-122259259.99999999,0.03664040565490723,0,True,49,65,True,120,32,0.732917845249176,54.402809143066406,-525235685.44443035,2025-11-20 20:36:33
er_524288_1_1.txt,erdos_renyi_10ins_m20,51,SpecAnn,0.9760921603577252,1.0,-140155184.00000003,-122228860.0,0.03659200668334961,0,True,49,65,True,121,32,0.7225127220153809,52.40351104736328,-498750665.14611155,2025-11-20 20:36:33
er_524288_1_1.txt,erdos_renyi_10ins_m20,51,SpecAnn,0.9801172997452103,1.0,-140193242.0,-122213314.0,0.05368494987487793,0,True,49,97,True,122,32,0.7117467522621155,50.48685073852539,-473348907.2117497,2025-11-20 20:36:33
er_524288_1_1.txt,erdos_renyi_10ins_m20,51,SpecAnn,0.9841259761879442,1.0,-140193436.0,-122183378.0,0.05383038520812988,0,True,49,97,True,123,32,0.7006096243858337,48.64910888671875,-448981650.54785734,2025-11-20 20:36:33
er_524288_1_1.txt,erdos_renyi_10ins_m20,51,SpecAnn,0.9881183900504562,1.0,-140133608.0,-122151352.0,0.036895036697387695,0,True,49,65,True,124,32,0.6890891194343567,46.88665771484375,-425600639.18210614,2025-11-20 20:36:33
er_524288_1_1.txt,erdos_renyi_10ins_m20,51,SpecAnn,0.9920947376656813,1.0,-140145863.99999997,-122144950.00000003,0.03689908981323242,0,True,49,65,True,125,32,0.6771742701530457,45.196136474609375,-403161788.59149754,2025-11-20 20:36:33
er_524288_1_1.txt,erdos_renyi_10ins_m20,51,SpecAnn,0.9960552114476228,1.0,-140112122.0,-122123563.99999997,0.05370330810546875,0,True,49,97,True,126,32,0.6648523807525635,43.57430648803711,-381621922.9368916,2025-11-20 20:36:33
er_524288_1_1.txt,erdos_renyi_10ins_m20,51,SpecAnn,1.0,1.0,-140127226.0,-122114159.99999999,0.05398392677307129,0,True,49,97,True,127,32,0.6521111726760864,42.01805877685547,-360940178.56310385,2025-11-20 20:36:34
