instance_name,dataset,seed,solver_name,alpha,beta,energy,raw_energy,time,mode,use_local_search,local_search_iterations,eigsh_iterations,warm_start,alpha_index,precision,lambda1,degree_scale,energy_bound,timestamp
er_65536_1_8.txt,erdos_renyi_10ins_m20,42,SpecAnn,0.0,1.0,-17082651.999999996,-3512346.000000002,0.015824556350708,0,True,54,33,True,0,32,0.9954885244369508,65537.0,-107362766027.95146,2025-11-20 20:57:17
er_65536_1_8.txt,erdos_renyi_10ins_m20,42,SpecAnn,0.0887356509416113,1.0,-17098116.000000004,-3634800.000000001,0.0129549503326416,0,True,54,33,True,1,32,0.9937390089035034,34016.2734375,-55627552028.30937,2025-11-20 20:57:17
er_65536_1_8.txt,erdos_renyi_10ins_m20,42,SpecAnn,0.1254911610276317,1.0,-17110430.000000004,-3685990.0,0.0129740238189697,0,True,54,33,True,2,32,0.9928280115127563,25927.08984375,-42360265246.79604,2025-11-20 20:57:17
er_65536_1_8.txt,erdos_renyi_10ins_m20,42,SpecAnn,0.1536946558735679,1.0,-17095426.0,-3734912.000000001,0.0128955841064453,0,True,54,33,True,3,32,0.992039680480957,21051.08984375,-34366436745.47459,2025-11-20 20:57:17
er_65536_1_8.txt,erdos_renyi_10ins_m20,42,SpecAnn,0.1774713018832227,1.0,-17079146.0,-3790752.000000001,0.0128917694091796,0,True,54,33,True,4,32,0.9913078546524048,17660.654296875,-28810196021.82112,2025-11-20 20:57:17
er_65536_1_8.txt,erdos_renyi_10ins_m20,42,SpecAnn,0.1984189475331362,1.0,-17079832.0,-3846184.0,0.0128533840179443,0,True,54,33,True,5,32,0.9906071424484252,15129.37109375,-24663414783.350742,2025-11-20 20:57:17
er_65536_1_8.txt,erdos_renyi_10ins_m20,42,SpecAnn,0.2173570668006655,1.0,-17118650.0,-3881258.000000001,0.012810468673706,0,True,54,33,True,6,32,0.9899248480796814,13154.857421875,-21429855736.49063,2025-11-20 20:57:17
er_65536_1_8.txt,erdos_renyi_10ins_m20,42,SpecAnn,0.2347724648169381,1.0,-17107328.0,-3929320.000000001,0.0128593444824218,0,True,54,33,True,7,32,0.9892534613609314,11567.5126953125,-18831219247.105133,2025-11-20 20:57:17
er_65536_1_8.txt,erdos_renyi_10ins_m20,42,SpecAnn,0.2509823220552634,1.0,-17069958.0,-3969199.999999999,0.0128021240234375,0,True,54,33,True,8,32,0.9885880351066588,10262.7587890625,-16695919723.59829,2025-11-20 20:57:17
er_65536_1_8.txt,erdos_renyi_10ins_m20,42,SpecAnn,0.2662069528248341,1.0,-17050424.0,-4008980.000000001,0.0128271579742431,0,True,54,33,True,9,32,0.987925350666046,9171.7294921875,-14910981918.06552,2025-11-20 20:57:17
er_65536_1_8.txt,erdos_renyi_10ins_m20,42,SpecAnn,0.2806067666331568,1.0,-17106904.0,-4052036.0,0.0128061771392822,0,True,54,33,True,10,32,0.9872626662254332,8246.818359375,-13398309934.752216,2025-11-20 20:57:17
er_65536_1_8.txt,erdos_renyi_10ins_m20,42,SpecAnn,0.2943028597012718,1.0,-17087682.0,-4096064.000000001,0.0128533840179443,0,True,54,33,True,11,32,0.9865983724594116,7453.85888671875,-12101868729.118055,2025-11-20 20:57:17
er_65536_1_8.txt,erdos_renyi_10ins_m20,42,SpecAnn,0.3073893117471359,1.0,-17089440.0,-4142951.999999999,0.0128657817840576,0,True,54,33,True,12,32,0.9859309196472168,6767.576171875,-10980206701.846588,2025-11-20 20:57:17
er_65536_1_8.txt,erdos_renyi_10ins_m20,42,SpecAnn,0.3199409394316542,1.0,-17089916.0,-4181051.999999999,0.0128448009490966,0,True,54,33,True,13,32,0.985259175300598,6168.8251953125,-10001930404.57957,2025-11-20 20:57:17
er_65536_1_8.txt,erdos_renyi_10ins_m20,42,SpecAnn,0.3320184038158743,1.0,-17091383.999999996,-4218604.000000001,0.0128219127655029,0,True,54,33,True,14,32,0.9845820665359496,5642.79345703125,-9142752255.445004,2025-11-20 20:57:17
er_65536_1_8.txt,erdos_renyi_10ins_m20,42,SpecAnn,0.3436716983117353,1.0,-17098078.0,-4266290.000000002,0.0123250484466552,0,True,54,33,True,15,32,0.9838988780975342,5177.8310546875,-8383574301.406371,2025-11-20 20:57:17
er_65536_1_8.txt,erdos_renyi_10ins_m20,42,SpecAnn,0.3549426037664455,1.0,-17100276.0,-4318282.0,0.0123682022094726,0,True,54,33,True,16,32,0.9832087755203248,4764.634765625,-7709145418.251859,2025-11-20 20:57:17
er_65536_1_8.txt,erdos_renyi_10ins_m20,42,SpecAnn,0.3658664615902029,1.0,-17107618.0,-4370402.0,0.0123608112335205,0,True,54,33,True,17,32,0.9825112819671632,4395.6767578125,-7107128551.834039,2025-11-20 20:57:17
er_65536_1_8.txt,erdos_renyi_10ins_m20,42,SpecAnn,0.3764734830828951,1.0,-17106194.0,-4400306.0,0.0124595165252685,0,True,54,33,True,18,32,0.9818058013916016,4064.80126953125,-6567435073.16186,2025-11-20 20:57:17
er_65536_1_8.txt,erdos_renyi_10ins_m20,42,SpecAnn,0.3867897351437838,1.0,-17099179.999999996,-4440556.0,0.0125195980072021,0,True,54,33,True,19,32,0.9810917377471924,3766.9228515625,-6081731188.680457,2025-11-20 20:57:17
er_65536_1_8.txt,erdos_renyi_10ins_m20,42,SpecAnn,0.3968378950662725,1.0,-17083478.000000004,-4492324.0,0.0123648643493652,0,True,54,33,True,20,32,0.980368673801422,3497.80224609375,-5643071517.314384,2025-11-20 20:57:17
er_65536_1_8.txt,erdos_renyi_10ins_m20,42,SpecAnn,0.4066378372811136,1.0,-17077873.999999996,-4529622.000000001,0.0124058723449707,0,True,54,33,True,21,32,0.979636251926422,3253.875732421875,-5245618320.135772,2025-11-20 20:57:17
er_65536_1_8.txt,erdos_renyi_10ins_m20,42,SpecAnn,0.4162070956347247,1.0,-17083812.0,-4579114.000000001,0.0124390125274658,0,True,54,33,True,22,32,0.978894054889679,3032.129150390625,-4884434195.563359,2025-11-20 20:57:17
er_65536_1_8.txt,erdos_renyi_10ins_m20,42,SpecAnn,0.4255612320274539,1.0,-17107472.0,-4634784.0,0.0124056339263916,0,True,54,33,True,23,32,0.978141725063324,2829.994140625,-4555312736.380554,2025-11-20 20:57:17
er_65536_1_8.txt,erdos_renyi_10ins_m20,42,SpecAnn,0.434714133601331,1.0,-17113628.0,-4688474.000000002,0.0124502182006835,0,True,54,33,True,24,32,0.9773789048194884,2645.2685546875,-4254647721.9780993,2025-11-20 20:57:17
er_65536_1_8.txt,erdos_renyi_10ins_m20,42,SpecAnn,0.4436782547080569,1.0,-17089801.999999996,-4742434.0,0.0124056339263916,0,True,54,33,True,25,32,0.9766051769256592,2476.056640625,-3979334742.8481455,2025-11-20 20:57:17
er_65536_1_8.txt,erdos_renyi_10ins_m20,42,SpecAnn,0.4524648157026343,1.0,-17100696.000000004,-4780670.0,0.012385606765747,0,True,54,33,True,26,32,0.975820243358612,2320.71533203125,-3726684020.7382135,2025-11-20 20:57:17
er_65536_1_8.txt,erdos_renyi_10ins_m20,42,SpecAnn,0.4610839676207039,1.0,-17141877.999999996,-4845096.0,0.0124280452728271,0,True,54,33,True,27,32,0.975023865699768,2177.8154296875,-3494356360.073662,2025-11-20 20:57:17
er_65536_1_8.txt,erdos_renyi_10ins_m20,42,SpecAnn,0.4695449296338763,1.0,-17107156.0,-4902886.0,0.0124275684356689,0,True,54,33,True,28,32,0.974215567111969,2046.109130859375,-3280308843.80178,2025-11-20 20:57:17
er_65536_1_8.txt,erdos_renyi_10ins_m20,42,SpecAnn,0.4778561045889373,1.0,-17064096.0,-4962476.0,0.0124759674072265,0,True,54,33,True,29,32,0.9733951687812804,1924.49951171875,-3082746888.54204,2025-11-20 20:57:17
er_65536_1_8.txt,erdos_renyi_10ins_m20,42,SpecAnn,0.4860251767562508,1.0,-17126582.0,-5015722.0,0.0126028060913085,0,True,54,33,True,30,32,0.9725621938705444,1812.0224609375,-2900092408.558638,2025-11-20 20:57:17
er_65536_1_8.txt,erdos_renyi_10ins_m20,42,SpecAnn,0.4940591950252281,1.0,-17106588.000000004,-5069230.0,0.0125646591186523,0,True,54,33,True,31,32,0.9717165231704712,1707.82568359375,-2730951607.825808,2025-11-20 20:57:17
er_65536_1_8.txt,erdos_renyi_10ins_m20,42,SpecAnn,0.5019646441105269,1.0,-17091074.0,-5122468.000000002,0.0124652385711669,0,True,54,33,True,32,32,0.970857799053192,1611.153564453125,-2574088276.420342,2025-11-20 20:57:17
er_65536_1_8.txt,erdos_renyi_10ins_m20,42,SpecAnn,0.5097475058154177,1.0,-17108134.0,-5177046.0,0.0124597549438476,0,True,54,33,True,33,32,0.9699856042861938,1521.333251953125,-2428401671.459604,2025-11-20 20:57:17
er_65536_1_8.txt,erdos_renyi_10ins_m20,42,SpecAnn,0.51741331199832,1.0,-17105028.0,-5234554.0,0.0124573707580566,0,True,54,33,True,34,32,0.9690997004508972,1437.766357421875,-2292913403.498218,2025-11-20 20:57:17
er_65536_1_8.txt,erdos_renyi_10ins_m20,42,SpecAnn,0.5249671905758515,1.0,-17083430.0,-5288816.000000001,0.0157866477966308,0,True,54,33,True,35,32,0.9681997895240784,1359.91650390625,-2166746505.1376514,2025-11-20 20:57:17
er_65536_1_8.txt,erdos_renyi_10ins_m20,42,SpecAnn,0.5324139056496683,1.0,-17135098.0,-5336946.0,0.0128993988037109,0,True,54,33,True,36,32,0.9672853946685792,1287.303466796875,-2049115533.6406124,2025-11-20 20:57:17
er_65536_1_8.txt,erdos_renyi_10ins_m20,42,SpecAnn,0.5397578926492556,1.0,-17077860.0,-5401163.999999999,0.0126504898071289,0,True,54,33,True,37,32,0.96635639667511,1219.4951171875,-1939314604.1744995,2025-11-20 20:57:17
er_65536_1_8.txt,erdos_renyi_10ins_m20,42,SpecAnn,0.5470032892270364,1.0,-17082392.0,-5465618.0,0.0125882625579833,0,True,54,33,True,38,32,0.9654121994972228,1156.1033935546875,-1836708919.1293488,2025-11-20 20:57:17
er_65536_1_8.txt,erdos_renyi_10ins_m20,42,SpecAnn,0.554153962516942,1.0,-17104456.0,-5543196.0,0.0126333236694335,0,True,54,33,True,39,32,0.9644527435302734,1096.775634765625,-1740722821.7971334,2025-11-20 20:57:17
er_65536_1_8.txt,erdos_renyi_10ins_m20,42,SpecAnn,0.5612135332663137,1.0,-17119888.0,-5609180.0,0.0123534202575683,0,True,54,33,True,40,32,0.9634774327278136,1041.19580078125,-1650839421.3462746,2025-11-20 20:57:17
er_65536_1_8.txt,erdos_renyi_10ins_m20,42,SpecAnn,0.5681853972686127,1.0,-17111460.000000004,-5662180.0,0.0124752521514892,0,True,54,33,True,41,32,0.96248596906662,989.0756225585938,-1566587950.0318587,2025-11-20 20:57:17
er_65536_1_8.txt,erdos_renyi_10ins_m20,42,SpecAnn,0.5750727444570146,1.0,-17092874.0,-5723231.999999999,0.0124242305755615,0,True,54,33,True,42,32,0.961478054523468,940.1530151367188,-1487540489.5619686,2025-11-20 20:57:17
er_65536_1_8.txt,erdos_renyi_10ins_m20,42,SpecAnn,0.5818785759635375,1.0,-17095378.0,-5789067.999999999,0.0124247074127197,0,True,54,33,True,43,32,0.9604532122612,894.19091796875,-1413309715.377019,2025-11-20 20:57:17
er_65536_1_8.txt,erdos_renyi_10ins_m20,42,SpecAnn,0.5886057194025436,1.0,-17079618.0,-5855041.999999999,0.0125105381011962,0,True,54,33,True,44,32,0.959411084651947,850.9727172851562,-1343541992.327178,2025-11-20 20:57:17
er_65536_1_8.txt,erdos_renyi_10ins_m20,42,SpecAnn,0.5952568425994088,1.0,-17106764.000000004,-5922172.0,0.0124247074127197,0,True,54,33,True,45,32,0.9583512544631958,810.2998046875,-1277913112.3422327,2025-11-20 20:57:17
er_65536_1_8.txt,erdos_renyi_10ins_m20,42,SpecAnn,0.6018344659534288,1.0,-17074236.000000004,-5993114.000000001,0.0125184059143066,0,True,54,33,True,46,32,0.9572731852531432,771.9921875,-1216129086.061906,2025-11-20 20:57:17
er_65536_1_8.txt,erdos_renyi_10ins_m20,42,SpecAnn,0.6083409735974393,1.0,-17093308.0,-6067930.0,0.0123870372772216,0,True,54,33,True,47,32,0.9561765193939208,735.884033203125,-1157919402.078683,2025-11-20 20:57:17
er_65536_1_8.txt,erdos_renyi_10ins_m20,42,SpecAnn,0.6147786234942719,1.0,-17112822.0,-6160893.999999999,0.0124237537384033,0,True,54,33,True,48,32,0.9550609588623048,701.823486328125,-1103036456.050985,2025-11-20 20:57:17
er_65536_1_8.txt,erdos_renyi_10ins_m20,42,SpecAnn,0.6211495565912796,1.0,-17069216.0,-6228870.0,0.0125653743743896,0,True,54,33,True,49,32,0.9539257884025574,669.6714477539062,-1051253001.4403988,2025-11-20 20:57:17
er_65536_1_8.txt,erdos_renyi_10ins_m20,42,SpecAnn,0.6274558051381586,1.0,-17089606.0,-6303824.0,0.0124521255493164,0,True,54,33,True,50,32,0.9527706503868104,639.2991943359375,-1002359253.5430456,2025-11-20 20:57:17
er_65536_1_8.txt,erdos_renyi_10ins_m20,42,SpecAnn,0.6336993002596786,1.0,-17059278.0,-6368798.000000002,0.012373924255371,0,True,54,33,True,51,32,0.951594889163971,610.5894775390625,-956163790.2460872,2025-11-20 20:57:17
er_65536_1_8.txt,erdos_renyi_10ins_m20,42,SpecAnn,0.6398818788633085,1.0,-17088706.0,-6463438.000000001,0.0123858451843261,0,True,54,33,True,52,32,0.950398087501526,583.433349609375,-912489089.4420592,2025-11-20 20:57:17
er_65536_1_8.txt,erdos_renyi_10ins_m20,42,SpecAnn,0.6460052899517691,1.0,-17126780.0,-6560666.000000002,0.0124459266662597,0,True,54,33,True,53,32,0.9491795301437378,557.7301635742188,-871170926.1148939,2025-11-20 20:57:17
er_65536_1_8.txt,erdos_renyi_10ins_m20,42,SpecAnn,0.6520712004019966,1.0,-17129178.0,-6634244.0,0.0124261379241943,0,True,54,33,True,54,32,0.9479389786720276,533.3875732421875,-832059055.2732153,2025-11-20 20:57:17
er_65536_1_8.txt,erdos_renyi_10ins_m20,42,SpecAnn,0.6580812002646271,1.0,-17152442.0,-6718244.0,0.0123989582061767,0,True,54,33,True,55,32,0.946675419807434,510.3197937011719,-795013294.1262609,2025-11-20 20:57:17
er_65536_1_8.txt,erdos_renyi_10ins_m20,42,SpecAnn,0.6640368076317485,1.0,-17133064.000000004,-6809910.0,0.012418508529663,0,True,54,33,True,56,32,0.9453885555267334,488.44732666015625,-759904391.050896,2025-11-20 20:57:17
er_65536_1_8.txt,erdos_renyi_10ins_m20,42,SpecAnn,0.6699394731151429,1.0,-17106496.0,-6893494.000000001,0.0124313831329345,0,True,54,33,True,57,32,0.9440775513648988,467.6969299316406,-726612837.4405179,2025-11-20 20:57:17
er_65536_1_8.txt,erdos_renyi_10ins_m20,42,SpecAnn,0.6757905839724513,1.0,-17163942.0,-6974329.999999999,0.0124120712280273,0,True,54,33,True,58,32,0.9427416920661926,447.9999694824219,-695026837.7139306,2025-11-20 20:57:17
er_65536_1_8.txt,erdos_renyi_10ins_m20,42,SpecAnn,0.6815914679145113,1.0,-17106056.0,-7058966.0,0.0123450756072998,0,True,54,33,True,59,32,0.9413803219795228,429.2935791015625,-665044008.4265436,2025-11-20 20:57:17
er_65536_1_8.txt,erdos_renyi_10ins_m20,42,SpecAnn,0.6873433966234707,1.0,-17126513.999999996,-7161616.0,0.0123603343963623,0,True,54,33,True,60,32,0.939992606639862,411.5182495117188,-636567429.3731816,2025-11-20 20:57:17
er_65536_1_8.txt,erdos_renyi_10ins_m20,42,SpecAnn,0.6930475890080863,1.0,-17122710.0,-7236791.999999998,0.0124335289001464,0,True,54,33,True,61,32,0.9385778307914734,394.6197204589844,-609508761.7259667,2025-11-20 20:57:17
er_65536_1_8.txt,erdos_renyi_10ins_m20,42,SpecAnn,0.6987052142198116,1.0,-17129554.0,-7338800.0,0.0126183032989501,0,True,54,33,True,62,32,0.9371351003646852,378.5466918945313,-583784468.3767035,2025-11-20 20:57:17
er_65536_1_8.txt,erdos_renyi_10ins_m20,42,SpecAnn,0.7043173944508145,1.0,-17127205.999999996,-7424656.000000001,0.0126004219055175,0,True,54,33,True,63,32,0.9356637001037598,363.2515563964844,-559317156.621481,2025-11-20 20:57:17
er_65536_1_8.txt,erdos_renyi_10ins_m20,42,SpecAnn,0.709885207532891,1.0,-17154848.0,-7533972.0,0.0125010013580322,0,True,54,33,True,64,32,0.9341625571250916,348.690185546875,-536034887.11380565,2025-11-20 20:57:17
er_65536_1_8.txt,erdos_renyi_10ins_m20,42,SpecAnn,0.7154096893543218,1.0,-17128622.0,-7652284.0,0.0125093460083007,0,True,54,33,True,65,32,0.9326305389404296,334.82086181640625,-513869709.6236323,2025-11-20 20:57:17
er_65536_1_8.txt,erdos_renyi_10ins_m20,42,SpecAnn,0.7208918361100219,1.0,-17146036.0,-7775346.000000001,0.0124022960662841,0,True,54,33,True,66,32,0.9310670495033264,321.605224609375,-492759412.889473,2025-11-20 20:57:17
er_65536_1_8.txt,erdos_renyi_10ins_m20,42,SpecAnn,0.7263326063988248,1.0,-17126794.0,-7876898.0,0.0124540328979492,0,True,54,33,True,67,32,0.9294705390930176,309.00689697265625,-472644575.7047306,2025-11-20 20:57:17
er_65536_1_8.txt,erdos_renyi_10ins_m20,42,SpecAnn,0.7317329231804058,1.0,-17144116.0,-7988730.0,0.0124049186706542,0,True,54,33,True,68,32,0.9278401732444764,296.9921875,-453470535.8469001,2025-11-20 20:57:17
er_65536_1_8.txt,erdos_renyi_10ins_m20,42,SpecAnn,0.7370936756031579,1.0,-17130830.0,-8079170.000000001,0.0123379230499267,0,True,54,33,True,69,32,0.9261747598648072,285.5292358398437,-435185484.2482333,2025-11-20 20:57:17
er_65536_1_8.txt,erdos_renyi_10ins_m20,42,SpecAnn,0.7424157207132704,1.0,-17160972.0,-8183908.0,0.0123722553253173,0,True,54,33,True,70,32,0.9244728088378906,274.5885314941406,-417741298.989789,2025-11-20 20:57:17
er_65536_1_8.txt,erdos_renyi_10ins_m20,42,SpecAnn,0.7476998850543153,1.0,-17156770.0,-8313783.999999999,0.0124039649963378,0,True,54,33,True,71,32,0.9227332472801208,264.1422424316406,-401092836.8922964,2025-11-20 20:57:18
er_65536_1_8.txt,erdos_renyi_10ins_m20,42,SpecAnn,0.7529469661657903,1.0,-17154308.0,-8436924.0,0.012470006942749,0,True,54,33,True,72,32,0.9209545850753784,254.16407775878903,-385197323.1952458,2025-11-20 20:57:18
er_65536_1_8.txt,erdos_renyi_10ins_m20,42,SpecAnn,0.7581577339883167,1.0,-17157994.000000004,-8562524.0,0.0123836994171142,0,True,54,33,True,73,32,0.9191350936889648,244.62974548339844,-370015134.6009365,2025-11-20 20:57:18
er_65536_1_8.txt,erdos_renyi_10ins_m20,42,SpecAnn,0.7633329321824984,1.0,-17140212.0,-8712257.999999998,0.0123791694641113,0,True,54,33,True,74,32,0.9172734022140504,235.51614379882807,-355508802.8843978,2025-11-20 20:57:18
er_65536_1_8.txt,erdos_renyi_10ins_m20,42,SpecAnn,0.7684732793678399,1.0,-17173520.0,-8870884.0,0.0127100944519042,0,True,54,33,True,75,32,0.915367841720581,226.80154418945312,-341643006.0809155,2025-11-20 20:57:18
er_65536_1_8.txt,erdos_renyi_10ins_m20,42,SpecAnn,0.7735794702875677,1.0,-17186400.0,-9023172.0,0.012397289276123,0,True,54,33,True,76,32,0.9134165048599244,218.4656982421875,-328384755.9447413,2025-11-20 20:57:18
er_65536_1_8.txt,erdos_renyi_10ins_m20,42,SpecAnn,0.7786521769046981,1.0,-17188750.000000004,-9164646.0,0.0124108791351318,0,True,54,33,True,77,32,0.9114176034927368,210.48941040039065,-315702877.6560469,2025-11-20 20:57:18
er_65536_1_8.txt,erdos_renyi_10ins_m20,42,SpecAnn,0.7836920494342511,1.0,-17143492.0,-9344158.0,0.012463092803955,0,True,54,33,True,78,32,0.9093690514564514,202.8546905517578,-303568077.6487014,2025-11-20 20:57:18
er_65536_1_8.txt,erdos_renyi_10ins_m20,42,SpecAnn,0.788699717316095,1.0,-17182990.0,-9485328.000000002,0.012397289276123,0,True,54,33,True,79,32,0.907268524169922,195.54449462890625,-291952577.6129092,2025-11-20 20:57:18
er_65536_1_8.txt,erdos_renyi_10ins_m20,42,SpecAnn,0.7936757901325451,1.0,-17204282.0,-9635508.0,0.0125107765197753,0,True,54,33,True,80,32,0.9051138758659364,188.5429077148437,-280830517.2399324,2025-11-20 20:57:18
er_65536_1_8.txt,erdos_renyi_10ins_m20,42,SpecAnn,0.7986208584745024,1.0,-17211308.0,-9831722.0,0.0124347209930419,0,True,54,33,True,81,32,0.9029024839401244,181.83462524414065,-270176959.57902604,2025-11-20 20:57:18
er_65536_1_8.txt,erdos_renyi_10ins_m20,42,SpecAnn,0.803535494759617,1.0,-17219924.0,-10000955.999999998,0.012369155883789,0,True,54,33,True,82,32,0.9006320238113403,175.40557861328125,-259969059.5890723,2025-11-20 20:57:18
er_65536_1_8.txt,erdos_renyi_10ins_m20,42,SpecAnn,0.8084202540056837,1.0,-17232304.0,-10163678.000000002,0.0126049518585205,0,True,54,33,True,83,32,0.8982992768287659,169.24227905273438,-250184725.65631533,2025-11-20 20:57:18
er_65536_1_8.txt,erdos_renyi_10ins_m20,42,SpecAnn,0.8132756745622272,1.0,-17226286.0,-10330768.0,0.0126941204071044,0,True,54,33,True,84,32,0.8959014415740967,163.3319091796875,-240803142.61067697,2025-11-20 20:57:18
er_65536_1_8.txt,erdos_renyi_10ins_m20,42,SpecAnn,0.8181022788030096,1.0,-17239142.0,-10538952.0,0.0126783847808837,0,True,54,33,True,85,32,0.8934351801872253,157.66256713867188,-231804850.6146763,2025-11-20 20:57:18
er_65536_1_8.txt,erdos_renyi_10ins_m20,42,SpecAnn,0.822900573781978,1.0,-17227814.000000004,-10773045.999999998,0.0124437808990478,0,True,54,33,True,86,32,0.8908969163894653,152.22286987304688,-223171245.7433457,2025-11-20 20:57:18
er_65536_1_8.txt,erdos_renyi_10ins_m20,42,SpecAnn,0.8276710518549868,1.0,-17272638.0,-10957998.0,0.012394905090332,0,True,54,33,True,87,32,0.8882828950881958,147.0020751953125,-214884772.7468612,2025-11-20 20:57:18
er_65536_1_8.txt,erdos_renyi_10ins_m20,42,SpecAnn,0.8324141912694495,1.0,-17312512.0,-11180396.0,0.0124635696411132,0,True,54,33,True,88,32,0.8855891823768616,141.98997497558594,-206928763.2050923,2025-11-20 20:57:18
er_65536_1_8.txt,erdos_renyi_10ins_m20,42,SpecAnn,0.8371304567239225,1.0,-17287081.999999996,-11397258.000000002,0.0124337673187255,0,True,54,33,True,89,32,0.8828111290931702,137.17703247070312,-199287509.34705475,2025-11-20 20:57:18
er_65536_1_8.txt,erdos_renyi_10ins_m20,42,SpecAnn,0.8418202998994706,1.0,-17293055.999999996,-11618880.0,0.0123770236968994,0,True,54,33,True,90,32,0.8799440860748291,132.55401611328125,-191945901.69495755,2025-11-20 20:57:18
er_65536_1_8.txt,erdos_renyi_10ins_m20,42,SpecAnn,0.846484159964536,1.0,-17313106.000000004,-11813326.0,0.012653112411499,0,True,54,33,True,91,32,0.8769828677177429,128.11236572265625,-184889835.7738411,2025-11-20 20:57:18
er_65536_1_8.txt,erdos_renyi_10ins_m20,42,SpecAnn,0.8511224640549078,1.0,-17348604.0,-12069310.0,0.0126123428344726,0,True,54,33,True,92,32,0.873921811580658,123.84394073486328,-178105863.81194264,2025-11-20 20:57:18
er_65536_1_8.txt,erdos_renyi_10ins_m20,42,SpecAnn,0.8557356277302758,1.0,-17350016.000000004,-12301422.0,0.0126221179962158,0,True,54,33,True,93,32,0.8707550168037415,119.74087524414062,-171581037.69397607,2025-11-20 20:57:18
er_65536_1_8.txt,erdos_renyi_10ins_m20,42,SpecAnn,0.8603240554087516,1.0,-17378186.0,-12534242.000000002,0.0126128196716308,0,True,54,33,True,94,32,0.8674755096435547,115.7957763671875,-165303031.44533086,2025-11-20 20:57:18
er_65536_1_8.txt,erdos_renyi_10ins_m20,42,SpecAnn,0.86488814078064,1.0,-17351240.0,-12786114.0,0.0125327110290527,0,True,54,33,True,95,32,0.8640760779380798,112.0018081665039,-159260433.03844085,2025-11-20 20:57:18
er_65536_1_8.txt,erdos_renyi_10ins_m20,42,SpecAnn,0.8694282672026621,1.0,-17414370.0,-13032539.999999998,0.0124917030334472,0,True,54,33,True,96,32,0.8605489730834961,108.35218811035156,-153441965.60260868,2025-11-20 20:57:18
er_65536_1_8.txt,erdos_renyi_10ins_m20,42,SpecAnn,0.8739448080737451,1.0,-17437320.0,-13277138.000000002,0.0124244689941406,0,True,54,33,True,97,32,0.8568851947784424,104.84068298339844,-147837073.57010877,2025-11-20 20:57:18
er_65536_1_8.txt,erdos_renyi_10ins_m20,42,SpecAnn,0.878438127193422,1.0,-17463798.000000004,-13540495.999999998,0.0124602317810058,0,True,54,33,True,98,32,0.853075385093689,101.46129608154295,-142435647.13708812,2025-11-20 20:57:18
er_65536_1_8.txt,erdos_renyi_10ins_m20,42,SpecAnn,0.8829085791038153,1.0,-17493780.000000004,-13805204.000000002,0.0124735832214355,0,True,54,33,True,99,32,0.8491088151931763,98.20828247070312,-137227876.1690391,2025-11-20 20:57:18
er_65536_1_8.txt,erdos_renyi_10ins_m20,42,SpecAnn,0.8873565094161138,1.0,-17521448.0,-14054658.0,0.0236785411834716,0,True,54,65,True,100,32,0.8449741005897522,95.07627868652344,-132204564.2217498,2025-11-20 20:57:18
er_65536_1_8.txt,erdos_renyi_10ins_m20,42,SpecAnn,0.8917822551223932,1.0,-17536618.0,-14317706.000000002,0.0236787796020507,0,True,54,65,True,101,32,0.8406583070755005,92.0601043701172,-127356714.93154712,2025-11-20 20:57:18
er_65536_1_8.txt,erdos_renyi_10ins_m20,42,SpecAnn,0.8961861448935777,1.0,-17596332.000000004,-14552720.000000002,0.0236387252807617,0,True,54,65,True,102,32,0.8361476063728333,89.15487670898438,-122675809.1127154,2025-11-20 20:57:18
er_65536_1_8.txt,erdos_renyi_10ins_m20,42,SpecAnn,0.9005684993642872,1.0,-17642398.0,-14815718.000000002,0.0237433910369873,0,True,54,65,True,103,32,0.831427276134491,86.35595703125,-118153732.6142613,2025-11-20 20:57:18
er_65536_1_8.txt,erdos_renyi_10ins_m20,42,SpecAnn,0.9049296314052688,1.0,-17677302.000000004,-15061646.000000002,0.0236260890960693,0,True,54,65,True,104,32,0.8264807462692261,83.65882873535156,-113782480.43956175,2025-11-20 20:57:18
er_65536_1_8.txt,erdos_renyi_10ins_m20,42,SpecAnn,0.9092698463840684,1.0,-17725960.0,-15323106.000000002,0.0348453521728515,0,True,54,97,True,105,32,0.8212920427322388,81.0593032836914,-109554786.82752337,2025-11-20 20:57:18
er_65536_1_8.txt,erdos_renyi_10ins_m20,42,SpecAnn,0.9135894424145556,1.0,-17756214.0,-15497580.0,0.0460178852081298,0,True,54,129,True,106,32,0.8158445358276367,78.55339050292969,-105463752.6051522,2025-11-20 20:57:18
er_65536_1_8.txt,erdos_renyi_10ins_m20,42,SpecAnn,0.9178887105958816,1.0,-17758144.0,-15627204.000000002,0.0919947624206543,0,True,54,257,True,107,32,0.8101199269294739,76.13716125488281,-101502530.98263147,2025-11-20 20:57:18
er_65536_1_8.txt,erdos_renyi_10ins_m20,42,SpecAnn,0.922167935241408,1.0,-17749217.999999996,-15555766.000000002,0.1356399059295654,0,True,54,385,True,108,32,0.8041073083877563,73.80699157714844,-97665772.46319206,2025-11-20 20:57:18
er_65536_1_8.txt,erdos_renyi_10ins_m20,42,SpecAnn,0.92642739409812,1.0,-17732084.0,-15497284.000000002,0.0685765743255615,0,True,54,193,True,109,32,0.7978748679161072,71.5594253540039,-93957727.96823476,2025-11-20 20:57:18
er_65536_1_8.txt,erdos_renyi_10ins_m20,42,SpecAnn,0.9306673585570006,1.0,-17704858.0,-15456006.000000004,0.0579700469970703,0,True,54,161,True,110,32,0.7914623618125916,69.39106750488281,-90378413.16106352,2025-11-20 20:57:18
er_65536_1_8.txt,erdos_renyi_10ins_m20,42,SpecAnn,0.9348880938548184,1.0,-17690878.000000004,-15400780.000000004,0.0463695526123046,0,True,54,129,True,111,32,0.7848740220069885,67.29878997802734,-86923676.5544732,2025-11-20 20:57:18
er_65536_1_8.txt,erdos_renyi_10ins_m20,42,SpecAnn,0.9390898592677528,1.0,-17679214.0,-15390250.0,0.0350041389465332,0,True,54,97,True,112,32,0.7781071662902832,65.2795181274414,-83588634.66415584,2025-11-20 20:57:18
er_65536_1_8.txt,erdos_renyi_10ins_m20,42,SpecAnn,0.9432729082972536,1.0,-17681800.0,-15381161.999999996,0.0356364250183105,0,True,54,97,True,113,32,0.7711580395698547,63.33036804199219,-80368577.03064294,2025-11-20 20:57:19
er_65536_1_8.txt,erdos_renyi_10ins_m20,42,SpecAnn,0.9474374888485204,1.0,-17680154.0,-15365532.0,0.0352323055267334,0,True,54,97,True,114,32,0.7640222311019897,61.448577880859375,-77258933.44333334,2025-11-20 20:57:19
er_65536_1_8.txt,erdos_renyi_10ins_m20,42,SpecAnn,0.9515838434019476,1.0,-17651850.0,-15366242.0,0.0471396446228027,0,True,54,129,True,115,32,0.7566962838172913,59.631473541259766,-74255396.05429456,2025-11-20 20:57:19
er_65536_1_8.txt,erdos_renyi_10ins_m20,42,SpecAnn,0.9557122091778746,1.0,-17684054.000000004,-15361453.999999998,0.0238821506500244,0,True,54,65,True,116,32,0.7491752505302429,57.8765869140625,-71353817.0110013,2025-11-20 20:57:19
er_65536_1_8.txt,erdos_renyi_10ins_m20,42,SpecAnn,0.9598228182949629,1.0,-17682568.000000004,-15356006.0,0.0460984706878662,0,True,54,129,True,117,32,0.741455614566803,56.18144607543945,-68550235.02199885,2025-11-20 20:57:19
er_65536_1_8.txt,erdos_renyi_10ins_m20,42,SpecAnn,0.963915897922488,1.0,-17682462.0,-15355894.0,0.0236415863037109,0,True,54,65,True,118,32,0.7335319519042969,54.54378509521485,-65840813.04947338,2025-11-20 20:57:19
er_65536_1_8.txt,erdos_renyi_10ins_m20,42,SpecAnn,0.967991670426842,1.0,-17667688.0,-15346342.000000002,0.023632526397705,0,True,54,65,True,119,32,0.7254003286361694,52.96136093139648,-63221931.6554459,2025-11-20 20:57:19
er_65536_1_8.txt,erdos_renyi_10ins_m20,42,SpecAnn,0.9720503535125016,1.0,-17645448.0,-15349092.0,0.0237069129943847,0,True,54,65,True,120,32,0.7170549631118774,51.43206024169922,-60690014.88646638,2025-11-20 20:57:19
er_65536_1_8.txt,erdos_renyi_10ins_m20,42,SpecAnn,0.9760921603577252,1.0,-17661356.000000004,-15348374.0,0.023716926574707,0,True,54,65,True,121,32,0.708492636680603,49.953887939453125,-58241897.102024674,2025-11-20 20:57:19
er_65536_1_8.txt,erdos_renyi_10ins_m20,42,SpecAnn,0.9801172997452104,1.0,-17669150.0,-15352905.999999996,0.0236439704895019,0,True,54,65,True,122,32,0.6997074484825134,48.52488708496094,-55874275.77562887,2025-11-20 20:57:19
er_65536_1_8.txt,erdos_renyi_10ins_m20,42,SpecAnn,0.9841259761879442,1.0,-17664332.0,-15353942.0,0.0236732959747314,0,True,54,65,True,123,32,0.6906945109367371,47.14323043823242,-53584134.44009581,2025-11-20 20:57:19
er_65536_1_8.txt,erdos_renyi_10ins_m20,42,SpecAnn,0.9881183900504562,1.0,-17658790.000000004,-15354664.000000002,0.0236876010894775,0,True,54,65,True,124,32,0.6814483404159546,45.80710983276367,-51368478.90038577,2025-11-20 20:57:19
er_65536_1_8.txt,erdos_renyi_10ins_m20,42,SpecAnn,0.9920947376656812,1.0,-17653715.999999996,-15350058.000000002,0.0236806869506835,0,True,54,65,True,125,32,0.6719644069671631,44.51485061645508,-49224585.34395358,2025-11-20 20:57:19
er_65536_1_8.txt,erdos_renyi_10ins_m20,42,SpecAnn,0.9960552114476228,1.0,-17675000.0,-15341480.0,0.0236868858337402,0,True,54,65,True,126,32,0.6622374653816223,43.26483154296875,-47149776.71227685,2025-11-20 20:57:19
er_65536_1_8.txt,erdos_renyi_10ins_m20,42,SpecAnn,1.0,1.0,-17651584.0,-15339322.0,0.0236740112304687,0,True,54,65,True,127,32,0.6522613763809204,42.05546188354492,-45141391.9002643,2025-11-20 20:57:19
er_65536_1_8.txt,erdos_renyi_10ins_m20,43,SpecAnn,0.0,1.0,-17077118.000000004,-3512346.0000000005,0.0144791603088378,0,True,52,33,True,0,32,0.995488464832306,65537.0,-107362759599.63072,2025-11-20 20:57:19
er_65536_1_8.txt,erdos_renyi_10ins_m20,43,SpecAnn,0.0887356509416113,1.0,-17097584.0,-3634800.000000001,0.0126621723175048,0,True,52,33,True,1,32,0.9937390089035034,34016.2734375,-55627552028.30937,2025-11-20 20:57:19
er_65536_1_8.txt,erdos_renyi_10ins_m20,43,SpecAnn,0.1254911610276317,1.0,-17081846.000000004,-3685990.0,0.0124447345733642,0,True,52,33,True,2,32,0.9928280711174012,25927.08984375,-42360267789.90374,2025-11-20 20:57:19
er_65536_1_8.txt,erdos_renyi_10ins_m20,43,SpecAnn,0.1536946558735679,1.0,-17072410.0,-3734912.000000001,0.0124182701110839,0,True,52,33,True,3,32,0.992039680480957,21051.08984375,-34366436745.47459,2025-11-20 20:57:19
er_65536_1_8.txt,erdos_renyi_10ins_m20,43,SpecAnn,0.1774713018832227,1.0,-17099148.0,-3790752.0,0.012427806854248,0,True,52,33,True,4,32,0.9913079142570496,17660.654296875,-28810197754.099834,2025-11-20 20:57:19
er_65536_1_8.txt,erdos_renyi_10ins_m20,43,SpecAnn,0.1984189475331362,1.0,-17095018.0,-3846184.0,0.0125870704650878,0,True,52,33,True,5,32,0.9906071424484252,15129.37109375,-24663414783.350742,2025-11-20 20:57:19
er_65536_1_8.txt,erdos_renyi_10ins_m20,43,SpecAnn,0.2173570668006655,1.0,-17066542.000000004,-3881258.000000001,0.012538194656372,0,True,52,33,True,6,32,0.9899248480796814,13154.857421875,-21429855736.49063,2025-11-20 20:57:19
er_65536_1_8.txt,erdos_renyi_10ins_m20,43,SpecAnn,0.2347724648169381,1.0,-17056470.000000004,-3929319.999999999,0.012451171875,0,True,52,33,True,7,32,0.9892534613609314,11567.5126953125,-18831219247.105133,2025-11-20 20:57:19
er_65536_1_8.txt,erdos_renyi_10ins_m20,43,SpecAnn,0.2509823220552634,1.0,-17062472.000000004,-3969199.999999999,0.0124003887176513,0,True,52,33,True,8,32,0.9885880947113036,10262.7587890625,-16695920730.240416,2025-11-20 20:57:19
er_65536_1_8.txt,erdos_renyi_10ins_m20,43,SpecAnn,0.2662069528248341,1.0,-17081224.0,-4008980.000000001,0.0123655796051025,0,True,52,33,True,9,32,0.9879252910614014,9171.7294921875,-14910981018.439066,2025-11-20 20:57:19
er_65536_1_8.txt,erdos_renyi_10ins_m20,43,SpecAnn,0.2806067666331568,1.0,-17075220.0,-4052036.0,0.0123467445373535,0,True,52,33,True,10,32,0.9872626066207886,8246.818359375,-13398309125.847422,2025-11-20 20:57:19
er_65536_1_8.txt,erdos_renyi_10ins_m20,43,SpecAnn,0.2943028597012718,1.0,-17088758.0,-4096064.0000000014,0.0123181343078613,0,True,52,33,True,11,32,0.9865983724594116,7453.85888671875,-12101868729.118055,2025-11-20 20:57:19
er_65536_1_8.txt,erdos_renyi_10ins_m20,43,SpecAnn,0.3073893117471359,1.0,-17096714.0,-4142952.000000001,0.0123825073242187,0,True,52,33,True,12,32,0.9859309196472168,6767.576171875,-10980206701.846588,2025-11-20 20:57:19
er_65536_1_8.txt,erdos_renyi_10ins_m20,43,SpecAnn,0.3199409394316542,1.0,-17121464.0,-4181052.0,0.0123541355133056,0,True,52,33,True,13,32,0.985259175300598,6168.8251953125,-10001930404.57957,2025-11-20 20:57:19
er_65536_1_8.txt,erdos_renyi_10ins_m20,43,SpecAnn,0.3320184038158743,1.0,-17133863.999999996,-4218604.0,0.0123276710510253,0,True,52,33,True,14,32,0.9845821261405944,5642.79345703125,-9142752808.929085,2025-11-20 20:57:20
er_65536_1_8.txt,erdos_renyi_10ins_m20,43,SpecAnn,0.3436716983117353,1.0,-17108908.0,-4266290.000000001,0.012416124343872,0,True,52,33,True,15,32,0.9838988780975342,5177.8310546875,-8383574301.406371,2025-11-20 20:57:20
er_65536_1_8.txt,erdos_renyi_10ins_m20,43,SpecAnn,0.3549426037664455,1.0,-17098106.0,-4318282.000000001,0.0123360157012939,0,True,52,33,True,16,32,0.9832088351249696,4764.634765625,-7709145885.600081,2025-11-20 20:57:20
er_65536_1_8.txt,erdos_renyi_10ins_m20,43,SpecAnn,0.3658664615902029,1.0,-17068050.0,-4370402.000000001,0.0126657485961914,0,True,52,33,True,17,32,0.9825112223625184,4395.6767578125,-7107128120.67576,2025-11-20 20:57:20
er_65536_1_8.txt,erdos_renyi_10ins_m20,43,SpecAnn,0.3764734830828951,1.0,-17122022.0,-4400306.000000001,0.0124363899230957,0,True,52,33,True,18,32,0.9818058013916016,4064.80126953125,-6567435073.16186,2025-11-20 20:57:20
er_65536_1_8.txt,erdos_renyi_10ins_m20,43,SpecAnn,0.3867897351437838,1.0,-17116554.0,-4440556.000000001,0.0123395919799804,0,True,52,33,True,19,32,0.9810917377471924,3766.9228515625,-6081731188.680457,2025-11-20 20:57:20
er_65536_1_8.txt,erdos_renyi_10ins_m20,43,SpecAnn,0.3968378950662725,1.0,-17093174.0,-4492324.0,0.0123367309570312,0,True,52,33,True,20,32,0.980368673801422,3497.80224609375,-5643071517.314384,2025-11-20 20:57:20
er_65536_1_8.txt,erdos_renyi_10ins_m20,43,SpecAnn,0.4066378372811136,1.0,-17064960.000000004,-4529622.000000001,0.0123763084411621,0,True,52,33,True,21,32,0.9796361923217772,3253.875732421875,-5245618000.973208,2025-11-20 20:57:20
er_65536_1_8.txt,erdos_renyi_10ins_m20,43,SpecAnn,0.4162070956347247,1.0,-17115550.0,-4579114.000000002,0.0124664306640625,0,True,52,33,True,22,32,0.9788941144943236,3032.129150390625,-4884434492.975489,2025-11-20 20:57:20
er_65536_1_8.txt,erdos_renyi_10ins_m20,43,SpecAnn,0.4255612320274539,1.0,-17137636.0,-4634784.0,0.0124347209930419,0,True,52,33,True,23,32,0.9781417846679688,2829.994140625,-4555313013.965888,2025-11-20 20:57:20
er_65536_1_8.txt,erdos_renyi_10ins_m20,43,SpecAnn,0.434714133601331,1.0,-17118798.0,-4688474.000000001,0.012413740158081,0,True,52,33,True,24,32,0.9773789048194884,2645.2685546875,-4254647721.9780993,2025-11-20 20:57:20
er_65536_1_8.txt,erdos_renyi_10ins_m20,43,SpecAnn,0.4436782547080569,1.0,-17126996.0,-4742434.000000001,0.0124127864837646,0,True,52,33,True,25,32,0.9766051769256592,2476.056640625,-3979334742.8481455,2025-11-20 20:57:20
er_65536_1_8.txt,erdos_renyi_10ins_m20,43,SpecAnn,0.4524648157026343,1.0,-17070046.0,-4780670.000000001,0.0124275684356689,0,True,52,33,True,26,32,0.975820243358612,2320.71533203125,-3726684020.7382135,2025-11-20 20:57:20
er_65536_1_8.txt,erdos_renyi_10ins_m20,43,SpecAnn,0.4610839676207039,1.0,-17103980.0,-4845096.000000002,0.0126359462738037,0,True,52,33,True,27,32,0.975023865699768,2177.8154296875,-3494356360.073662,2025-11-20 20:57:20
er_65536_1_8.txt,erdos_renyi_10ins_m20,43,SpecAnn,0.4695449296338763,1.0,-17092976.0,-4902886.0,0.0126314163208007,0,True,52,33,True,28,32,0.974215567111969,2046.109130859375,-3280308843.80178,2025-11-20 20:57:20
er_65536_1_8.txt,erdos_renyi_10ins_m20,43,SpecAnn,0.4778561045889373,1.0,-17164336.000000004,-4962476.0,0.0125617980957031,0,True,52,33,True,29,32,0.9733951687812804,1924.49951171875,-3082746888.54204,2025-11-20 20:57:20
er_65536_1_8.txt,erdos_renyi_10ins_m20,43,SpecAnn,0.4860251767562508,1.0,-17085232.0,-5015722.0,0.0125234127044677,0,True,52,33,True,30,32,0.9725622534751892,1812.0224609375,-2900092586.2942924,2025-11-20 20:57:20
er_65536_1_8.txt,erdos_renyi_10ins_m20,43,SpecAnn,0.4940591950252281,1.0,-17097971.999999996,-5069230.0,0.0124294757843017,0,True,52,33,True,31,32,0.971716582775116,1707.82568359375,-2730951775.341124,2025-11-20 20:57:20
er_65536_1_8.txt,erdos_renyi_10ins_m20,43,SpecAnn,0.5019646441105269,1.0,-17095606.0,-5122468.000000002,0.0123889446258544,0,True,52,33,True,32,32,0.9708578586578368,1611.153564453125,-2574088434.45339,2025-11-20 20:57:20
er_65536_1_8.txt,erdos_renyi_10ins_m20,43,SpecAnn,0.5097475058154177,1.0,-17093298.000000004,-5177046.0,0.0123713016510009,0,True,52,33,True,33,32,0.9699856042861938,1521.333251953125,-2428401671.459604,2025-11-20 20:57:20
er_65536_1_8.txt,erdos_renyi_10ins_m20,43,SpecAnn,0.51741331199832,1.0,-17132664.0,-5234554.0,0.0124108791351318,0,True,52,33,True,34,32,0.969099760055542,1437.766357421875,-2292913544.5242534,2025-11-20 20:57:20
er_65536_1_8.txt,erdos_renyi_10ins_m20,43,SpecAnn,0.5249671905758515,1.0,-17073716.0,-5288815.999999998,0.0123705863952636,0,True,52,33,True,35,32,0.9681997895240784,1359.91650390625,-2166746505.1376514,2025-11-20 20:57:20
er_65536_1_8.txt,erdos_renyi_10ins_m20,43,SpecAnn,0.5324139056496683,1.0,-17104286.0,-5336945.999999999,0.0123560428619384,0,True,52,33,True,36,32,0.967285454273224,1287.303466796875,-2049115659.9082105,2025-11-20 20:57:20
er_65536_1_8.txt,erdos_renyi_10ins_m20,43,SpecAnn,0.5397578926492556,1.0,-17127272.0,-5401163.999999999,0.012359619140625,0,True,52,33,True,37,32,0.96635639667511,1219.4951171875,-1939314604.1744995,2025-11-20 20:57:20
er_65536_1_8.txt,erdos_renyi_10ins_m20,43,SpecAnn,0.5470032892270364,1.0,-17042272.0,-5465617.999999999,0.0123035907745361,0,True,52,33,True,38,32,0.9654122591018676,1156.1033935546875,-1836709032.527939,2025-11-20 20:57:20
er_65536_1_8.txt,erdos_renyi_10ins_m20,43,SpecAnn,0.554153962516942,1.0,-17086570.0,-5543196.0,0.0123708248138427,0,True,52,33,True,39,32,0.9644527435302734,1096.775634765625,-1740722821.7971334,2025-11-20 20:57:20
er_65536_1_8.txt,erdos_renyi_10ins_m20,43,SpecAnn,0.5612135332663137,1.0,-17138284.0,-5609180.0,0.0123617649078369,0,True,52,33,True,40,32,0.9634774923324584,1041.19580078125,-1650839523.4739363,2025-11-20 20:57:20
er_65536_1_8.txt,erdos_renyi_10ins_m20,43,SpecAnn,0.5681853972686127,1.0,-17131355.999999996,-5662179.999999999,0.0123388767242431,0,True,52,33,True,41,32,0.96248596906662,989.0756225585938,-1566587950.0318587,2025-11-20 20:57:20
er_65536_1_8.txt,erdos_renyi_10ins_m20,43,SpecAnn,0.5750727444570146,1.0,-17137868.000000004,-5723231.999999999,0.0123751163482666,0,True,52,33,True,42,32,0.9614779949188232,940.1530151367188,-1487540397.3452797,2025-11-20 20:57:20
er_65536_1_8.txt,erdos_renyi_10ins_m20,43,SpecAnn,0.5818785759635375,1.0,-17102454.0,-5789067.999999999,0.0123779773712158,0,True,52,33,True,43,32,0.9604532122612,894.19091796875,-1413309715.377019,2025-11-20 20:57:20
er_65536_1_8.txt,erdos_renyi_10ins_m20,43,SpecAnn,0.5886057194025436,1.0,-17117686.0,-5855041.999999999,0.0123109817504882,0,True,52,33,True,44,32,0.959411084651947,850.9727172851562,-1343541992.327178,2025-11-20 20:57:20
er_65536_1_8.txt,erdos_renyi_10ins_m20,43,SpecAnn,0.5952568425994088,1.0,-17144738.0,-5922172.0,0.0122997760772705,0,True,52,33,True,45,32,0.9583512544631958,810.2998046875,-1277913112.3422327,2025-11-20 20:57:20
er_65536_1_8.txt,erdos_renyi_10ins_m20,43,SpecAnn,0.6018344659534288,1.0,-17102726.000000004,-5993114.0,0.0123414993286132,0,True,52,33,True,46,32,0.9572731256484984,771.9921875,-1216129010.3395903,2025-11-20 20:57:20
er_65536_1_8.txt,erdos_renyi_10ins_m20,43,SpecAnn,0.6083409735974393,1.0,-17090044.0,-6067929.999999999,0.0122900009155273,0,True,52,33,True,47,32,0.9561765789985656,735.884033203125,-1157919474.2592618,2025-11-20 20:57:20
er_65536_1_8.txt,erdos_renyi_10ins_m20,43,SpecAnn,0.6147786234942719,1.0,-17127488.0,-6160894.0,0.0124688148498535,0,True,52,33,True,48,32,0.95506089925766,701.823486328125,-1103036387.2113,2025-11-20 20:57:20
er_65536_1_8.txt,erdos_renyi_10ins_m20,43,SpecAnn,0.6211495565912796,1.0,-17115406.0,-6228870.0,0.0124835968017578,0,True,52,33,True,49,32,0.9539256691932678,669.6714477539062,-1051252870.0684148,2025-11-20 20:57:20
er_65536_1_8.txt,erdos_renyi_10ins_m20,43,SpecAnn,0.6274558051381586,1.0,-17097136.0,-6303824.000000001,0.0123417377471923,0,True,52,33,True,50,32,0.9527705907821656,639.2991943359375,-1002359190.8361737,2025-11-20 20:57:20
er_65536_1_8.txt,erdos_renyi_10ins_m20,43,SpecAnn,0.6336993002596786,1.0,-17124463.999999996,-6368798.000000002,0.0123522281646728,0,True,52,33,True,51,32,0.9515948295593262,610.5894775390625,-956163730.355262,2025-11-20 20:57:20
er_65536_1_8.txt,erdos_renyi_10ins_m20,43,SpecAnn,0.6398818788633085,1.0,-17085956.0,-6463438.0,0.0123610496520996,0,True,52,33,True,52,32,0.9503980278968812,583.433349609375,-912489032.2148944,2025-11-20 20:57:20
er_65536_1_8.txt,erdos_renyi_10ins_m20,43,SpecAnn,0.6460052899517691,1.0,-17115124.0,-6560666.000000001,0.0124025344848632,0,True,52,33,True,53,32,0.9491795301437378,557.7301635742188,-871170926.1148939,2025-11-20 20:57:20
er_65536_1_8.txt,erdos_renyi_10ins_m20,43,SpecAnn,0.6520712004019966,1.0,-17093676.0,-6634244.000000001,0.0123891830444335,0,True,52,33,True,54,32,0.9479389190673828,533.3875732421875,-832059002.9548852,2025-11-20 20:57:20
er_65536_1_8.txt,erdos_renyi_10ins_m20,43,SpecAnn,0.6580812002646271,1.0,-17123866.000000004,-6718244.0,0.0124428272247314,0,True,52,33,True,55,32,0.946675419807434,510.3197937011719,-795013294.1262609,2025-11-20 20:57:20
er_65536_1_8.txt,erdos_renyi_10ins_m20,43,SpecAnn,0.6640368076317485,1.0,-17126170.0,-6809910.0,0.0124611854553222,0,True,52,33,True,56,32,0.9453885555267334,488.44732666015625,-759904391.050896,2025-11-20 20:57:20
er_65536_1_8.txt,erdos_renyi_10ins_m20,43,SpecAnn,0.6699394731151429,1.0,-17102704.0,-6893494.0,0.012510061264038,0,True,52,33,True,57,32,0.9440774321556092,467.6969299316406,-726612745.69064,2025-11-20 20:57:20
er_65536_1_8.txt,erdos_renyi_10ins_m20,43,SpecAnn,0.6757905839724513,1.0,-17169122.0,-6974330.000000001,0.0125060081481933,0,True,52,33,True,58,32,0.942741632461548,447.9999694824219,-695026793.7710053,2025-11-20 20:57:20
er_65536_1_8.txt,erdos_renyi_10ins_m20,43,SpecAnn,0.6815914679145113,1.0,-17126896.0,-7058966.000000001,0.0124194622039794,0,True,52,33,True,59,32,0.941380262374878,429.2935791015625,-665043966.31847,2025-11-20 20:57:20
er_65536_1_8.txt,erdos_renyi_10ins_m20,43,SpecAnn,0.6873433966234707,1.0,-17166508.0,-7161616.000000002,0.0123906135559082,0,True,52,33,True,60,32,0.9399925470352172,411.5182495117188,-636567389.0086348,2025-11-20 20:57:20
er_65536_1_8.txt,erdos_renyi_10ins_m20,43,SpecAnn,0.6930475890080863,1.0,-17096499.999999996,-7236792.000000001,0.0123805999755859,0,True,52,33,True,61,32,0.9385777711868286,394.6197204589844,-609508723.0189443,2025-11-20 20:57:20
er_65536_1_8.txt,erdos_renyi_10ins_m20,43,SpecAnn,0.6987052142198116,1.0,-17108336.0,-7338800.0,0.0125946998596191,0,True,52,33,True,62,32,0.9371351003646852,378.5466918945313,-583784468.3767035,2025-11-20 20:57:20
er_65536_1_8.txt,erdos_renyi_10ins_m20,43,SpecAnn,0.7043173944508145,1.0,-17131963.999999996,-7424656.0,0.0126712322235107,0,True,52,33,True,63,32,0.9356637001037598,363.2515563964844,-559317156.621481,2025-11-20 20:57:20
er_65536_1_8.txt,erdos_renyi_10ins_m20,43,SpecAnn,0.709885207532891,1.0,-17128638.0,-7533972.0,0.0126097202301025,0,True,52,33,True,64,32,0.9341624975204468,348.690185546875,-536034852.9118685,2025-11-20 20:57:20
er_65536_1_8.txt,erdos_renyi_10ins_m20,43,SpecAnn,0.7154096893543218,1.0,-17118612.0,-7652284.0,0.0126667022705078,0,True,52,33,True,65,32,0.9326305389404296,334.82086181640625,-513869709.6236323,2025-11-20 20:57:20
er_65536_1_8.txt,erdos_renyi_10ins_m20,43,SpecAnn,0.7208918361100219,1.0,-17135784.0,-7775346.000000001,0.0125417709350585,0,True,52,33,True,66,32,0.9310669898986816,321.605224609375,-492759381.3442156,2025-11-20 20:57:20
er_65536_1_8.txt,erdos_renyi_10ins_m20,43,SpecAnn,0.7263326063988248,1.0,-17131674.0,-7876897.999999999,0.0123746395111083,0,True,52,33,True,67,32,0.9294704794883728,309.00689697265625,-472644545.395204,2025-11-20 20:57:20
er_65536_1_8.txt,erdos_renyi_10ins_m20,43,SpecAnn,0.7317329231804058,1.0,-17180788.000000004,-7988729.999999998,0.0124197006225585,0,True,52,33,True,68,32,0.9278401732444764,296.9921875,-453470535.8469001,2025-11-20 20:57:20
er_65536_1_8.txt,erdos_renyi_10ins_m20,43,SpecAnn,0.7370936756031579,1.0,-17151066.0,-8079170.000000001,0.0124082565307617,0,True,52,33,True,69,32,0.9261747598648072,285.5292358398437,-435185484.2482333,2025-11-20 20:57:20
er_65536_1_8.txt,erdos_renyi_10ins_m20,43,SpecAnn,0.7424157207132704,1.0,-17173946.0,-8183908.0,0.0123684406280517,0,True,52,33,True,70,32,0.9244728684425354,274.5885314941406,-417741325.92332506,2025-11-20 20:57:20
er_65536_1_8.txt,erdos_renyi_10ins_m20,43,SpecAnn,0.7476998850543153,1.0,-17172504.0,-8313783.999999999,0.0124018192291259,0,True,52,33,True,71,32,0.9227332472801208,264.1422424316406,-401092836.8922964,2025-11-20 20:57:20
er_65536_1_8.txt,erdos_renyi_10ins_m20,43,SpecAnn,0.7529469661657903,1.0,-17147572.0,-8436924.0,0.012383222579956,0,True,52,33,True,72,32,0.9209545850753784,254.16407775878903,-385197323.1952458,2025-11-20 20:57:20
er_65536_1_8.txt,erdos_renyi_10ins_m20,43,SpecAnn,0.7581577339883167,1.0,-17156132.0,-8562524.0,0.0124475955963134,0,True,52,33,True,73,32,0.91913503408432,244.62974548339844,-370015110.6059647,2025-11-20 20:57:20
er_65536_1_8.txt,erdos_renyi_10ins_m20,43,SpecAnn,0.7633329321824984,1.0,-17161800.000000004,-8712257.999999998,0.0124566555023193,0,True,52,33,True,74,32,0.9172734618186952,235.51614379882807,-355508825.9854447,2025-11-20 20:57:20
er_65536_1_8.txt,erdos_renyi_10ins_m20,43,SpecAnn,0.7684732793678399,1.0,-17134752.0,-8870884.0,0.0123486518859863,0,True,52,33,True,75,32,0.9153679013252258,226.80154418945312,-341643028.3271744,2025-11-20 20:57:20
er_65536_1_8.txt,erdos_renyi_10ins_m20,43,SpecAnn,0.7735794702875677,1.0,-17180762.000000004,-9023172.0,0.0123202800750732,0,True,52,33,True,76,32,0.9134165048599244,218.4656982421875,-328384755.9447413,2025-11-20 20:57:20
er_65536_1_8.txt,erdos_renyi_10ins_m20,43,SpecAnn,0.7786521769046981,1.0,-17186984.000000004,-9164646.0,0.0123844146728515,0,True,52,33,True,77,32,0.9114176630973816,210.48941040039065,-315702898.3022993,2025-11-20 20:57:20
er_65536_1_8.txt,erdos_renyi_10ins_m20,43,SpecAnn,0.7836920494342511,1.0,-17187124.0,-9344158.000000002,0.0123543739318847,0,True,52,33,True,78,32,0.9093689918518066,202.8546905517578,-303568057.751315,2025-11-20 20:57:20
er_65536_1_8.txt,erdos_renyi_10ins_m20,43,SpecAnn,0.788699717316095,1.0,-17210354.0,-9485328.0,0.0124306678771972,0,True,52,33,True,79,32,0.9072684645652772,195.54449462890625,-291952558.4325572,2025-11-20 20:57:20
er_65536_1_8.txt,erdos_renyi_10ins_m20,43,SpecAnn,0.7936757901325451,1.0,-17220380.000000004,-9635508.0,0.0124363899230957,0,True,52,33,True,80,32,0.9051138758659364,188.5429077148437,-280830517.2399324,2025-11-20 20:57:20
er_65536_1_8.txt,erdos_renyi_10ins_m20,43,SpecAnn,0.7986208584745024,1.0,-17199088.000000004,-9831722.0,0.0124421119689941,0,True,52,33,True,81,32,0.902902603149414,181.83462524414065,-270176995.2502131,2025-11-20 20:57:20
er_65536_1_8.txt,erdos_renyi_10ins_m20,43,SpecAnn,0.803535494759617,1.0,-17205330.0,-10000956.0,0.01239013671875,0,True,52,33,True,82,32,0.9006319642066956,175.40557861328125,-259969042.384084,2025-11-20 20:57:20
er_65536_1_8.txt,erdos_renyi_10ins_m20,43,SpecAnn,0.8084202540056837,1.0,-17227024.0,-10163678.0,0.0124320983886718,0,True,52,33,True,83,32,0.8982992768287659,169.24227905273438,-250184725.65631533,2025-11-20 20:57:20
er_65536_1_8.txt,erdos_renyi_10ins_m20,43,SpecAnn,0.8132756745622272,1.0,-17244622.000000004,-10330768.0,0.0124454498291015,0,True,52,33,True,84,32,0.8959013819694519,163.3319091796875,-240803126.5899574,2025-11-20 20:57:20
er_65536_1_8.txt,erdos_renyi_10ins_m20,43,SpecAnn,0.8181022788030096,1.0,-17245852.0,-10538951.999999998,0.0125966072082519,0,True,52,33,True,85,32,0.8934351205825806,157.66256713867188,-231804835.1500449,2025-11-20 20:57:20
er_65536_1_8.txt,erdos_renyi_10ins_m20,43,SpecAnn,0.822900573781978,1.0,-17272180.0,-10773046.0,0.0126404762268066,0,True,52,33,True,86,32,0.8908969163894653,152.22286987304688,-223171245.7433457,2025-11-20 20:57:20
er_65536_1_8.txt,erdos_renyi_10ins_m20,43,SpecAnn,0.8276710518549868,1.0,-17257080.0,-10957998.0,0.0126094818115234,0,True,52,33,True,87,32,0.8882828950881958,147.0020751953125,-214884772.7468612,2025-11-20 20:57:20
er_65536_1_8.txt,erdos_renyi_10ins_m20,43,SpecAnn,0.8324141912694495,1.0,-17276640.0,-11180396.0,0.0124845504760742,0,True,52,33,True,88,32,0.8855891227722168,141.98997497558594,-206928749.27773675,2025-11-20 20:57:20
er_65536_1_8.txt,erdos_renyi_10ins_m20,43,SpecAnn,0.8371304567239225,1.0,-17282062.0,-11397258.0,0.0125699043273925,0,True,52,33,True,89,32,0.8828111290931702,137.17703247070312,-199287509.34705475,2025-11-20 20:57:20
er_65536_1_8.txt,erdos_renyi_10ins_m20,43,SpecAnn,0.8418202998994706,1.0,-17318556.0,-11618879.999999998,0.0124979019165039,0,True,52,33,True,90,32,0.8799440860748291,132.55401611328125,-191945901.69495755,2025-11-20 20:57:20
er_65536_1_8.txt,erdos_renyi_10ins_m20,43,SpecAnn,0.846484159964536,1.0,-17318030.0,-11813326.0,0.0123627185821533,0,True,52,33,True,91,32,0.8769828677177429,128.11236572265625,-184889835.7738411,2025-11-20 20:57:20
er_65536_1_8.txt,erdos_renyi_10ins_m20,43,SpecAnn,0.8511224640549078,1.0,-17337453.999999996,-12069310.0,0.0123677253723144,0,True,52,33,True,92,32,0.873921811580658,123.84394073486328,-178105863.81194264,2025-11-20 20:57:20
er_65536_1_8.txt,erdos_renyi_10ins_m20,43,SpecAnn,0.8557356277302758,1.0,-17363374.0,-12301421.999999998,0.0123782157897949,0,True,52,33,True,93,32,0.8707550168037415,119.74087524414062,-171581037.69397607,2025-11-20 20:57:20
er_65536_1_8.txt,erdos_renyi_10ins_m20,43,SpecAnn,0.8603240554087516,1.0,-17354384.0,-12534242.000000002,0.0125367641448974,0,True,52,33,True,94,32,0.8674755096435547,115.7957763671875,-165303031.44533086,2025-11-20 20:57:21
er_65536_1_8.txt,erdos_renyi_10ins_m20,43,SpecAnn,0.86488814078064,1.0,-17382402.0,-12786113.999999998,0.0125765800476074,0,True,52,33,True,95,32,0.8640761375427246,112.0018081665039,-159260444.0243503,2025-11-20 20:57:21
er_65536_1_8.txt,erdos_renyi_10ins_m20,43,SpecAnn,0.8694282672026621,1.0,-17427540.0,-13032539.999999998,0.0126488208770751,0,True,52,33,True,96,32,0.8605489730834961,108.35218811035156,-153441965.60260868,2025-11-20 20:57:21
er_65536_1_8.txt,erdos_renyi_10ins_m20,43,SpecAnn,0.8739448080737451,1.0,-17436528.000000004,-13277138.000000002,0.012627363204956,0,True,52,33,True,97,32,0.8568852543830872,104.84068298339844,-147837083.85360566,2025-11-20 20:57:21
er_65536_1_8.txt,erdos_renyi_10ins_m20,43,SpecAnn,0.878438127193422,1.0,-17437052.0,-13540495.999999998,0.012571096420288,0,True,52,33,True,98,32,0.853075385093689,101.46129608154295,-142435647.13708812,2025-11-20 20:57:21
er_65536_1_8.txt,erdos_renyi_10ins_m20,43,SpecAnn,0.8829085791038153,1.0,-17495426.000000004,-13805204.000000002,0.0128779411315917,0,True,52,33,True,99,32,0.8491088151931763,98.20828247070312,-137227876.1690391,2025-11-20 20:57:21
er_65536_1_8.txt,erdos_renyi_10ins_m20,43,SpecAnn,0.8873565094161138,1.0,-17517140.0,-14054658.0,0.0236029624938964,0,True,52,65,True,100,32,0.8449741005897522,95.07627868652344,-132204564.2217498,2025-11-20 20:57:21
er_65536_1_8.txt,erdos_renyi_10ins_m20,43,SpecAnn,0.8917822551223932,1.0,-17546954.0,-14317706.000000002,0.023674726486206,0,True,52,65,True,101,32,0.8406583070755005,92.0601043701172,-127356714.93154712,2025-11-20 20:57:21
er_65536_1_8.txt,erdos_renyi_10ins_m20,43,SpecAnn,0.8961861448935777,1.0,-17604832.000000004,-14552720.000000002,0.0236637592315673,0,True,52,65,True,102,32,0.8361475467681885,89.15487670898438,-122675800.36779048,2025-11-20 20:57:21
er_65536_1_8.txt,erdos_renyi_10ins_m20,43,SpecAnn,0.9005684993642872,1.0,-17657938.000000004,-14815718.000000002,0.0235707759857177,0,True,52,65,True,103,32,0.831427276134491,86.35595703125,-118153732.6142613,2025-11-20 20:57:21
er_65536_1_8.txt,erdos_renyi_10ins_m20,43,SpecAnn,0.9049296314052688,1.0,-17669734.0,-15061646.000000002,0.0235350131988525,0,True,52,65,True,104,32,0.8264807462692261,83.65882873535156,-113782480.43956175,2025-11-20 20:57:21
er_65536_1_8.txt,erdos_renyi_10ins_m20,43,SpecAnn,0.9092698463840684,1.0,-17712480.0,-15323106.0,0.0347571372985839,0,True,52,97,True,105,32,0.8212921023368835,81.0593032836914,-109554794.7783786,2025-11-20 20:57:21
er_65536_1_8.txt,erdos_renyi_10ins_m20,43,SpecAnn,0.9135894424145556,1.0,-17764126.0,-15497548.000000002,0.0460247993469238,0,True,52,129,True,106,32,0.8158445954322815,78.55339050292969,-105463760.31021024,2025-11-20 20:57:21
er_65536_1_8.txt,erdos_renyi_10ins_m20,43,SpecAnn,0.9178887105958816,1.0,-17792866.0,-15627466.000000002,0.09136962890625,0,True,52,257,True,107,32,0.8101198673248291,76.13716125488281,-101502523.51457386,2025-11-20 20:57:21
er_65536_1_8.txt,erdos_renyi_10ins_m20,43,SpecAnn,0.922167935241408,1.0,-17761778.0,-15555338.0,0.1369953155517578,0,True,52,385,True,108,32,0.804107129573822,73.80699157714844,-97665750.74469648,2025-11-20 20:57:21
er_65536_1_8.txt,erdos_renyi_10ins_m20,43,SpecAnn,0.92642739409812,1.0,-17723922.0,-15499496.0,0.0691547393798828,0,True,52,193,True,109,32,0.7978748083114624,71.5594253540039,-93957720.94919305,2025-11-20 20:57:21
er_65536_1_8.txt,erdos_renyi_10ins_m20,43,SpecAnn,0.9306673585570006,1.0,-17707000.0,-15454474.000000002,0.0463886260986328,0,True,52,129,True,110,32,0.7914625406265259,69.39106750488281,-90378433.58012629,2025-11-20 20:57:21
er_65536_1_8.txt,erdos_renyi_10ins_m20,43,SpecAnn,0.9348880938548184,1.0,-17697546.000000004,-15401068.0,0.0468595027923584,0,True,52,129,True,111,32,0.7848739624023438,67.29878997802734,-86923669.95334396,2025-11-20 20:57:21
er_65536_1_8.txt,erdos_renyi_10ins_m20,43,SpecAnn,0.9390898592677528,1.0,-17677738.000000004,-15390004.000000002,0.0347986221313476,0,True,52,97,True,112,32,0.7781071662902832,65.2795181274414,-83588634.66415584,2025-11-20 20:57:21
er_65536_1_8.txt,erdos_renyi_10ins_m20,43,SpecAnn,0.9432729082972536,1.0,-17693292.0,-15381161.999999996,0.034862995147705,0,True,52,97,True,113,32,0.7711578607559204,63.33036804199219,-80368558.39500573,2025-11-20 20:57:21
er_65536_1_8.txt,erdos_renyi_10ins_m20,43,SpecAnn,0.9474374888485204,1.0,-17670370.0,-15365532.0,0.0350739955902099,0,True,52,97,True,114,32,0.7640221118927002,61.448577880859375,-77258921.3887331,2025-11-20 20:57:21
er_65536_1_8.txt,erdos_renyi_10ins_m20,43,SpecAnn,0.9515838434019476,1.0,-17679730.0,-15366526.0,0.0460820198059082,0,True,52,129,True,115,32,0.7566962242126465,59.631473541259766,-74255390.20522857,2025-11-20 20:57:21
er_65536_1_8.txt,erdos_renyi_10ins_m20,43,SpecAnn,0.9557122091778746,1.0,-17676114.000000004,-15362162.000000002,0.0236937999725341,0,True,52,65,True,116,32,0.749175488948822,57.8765869140625,-71353839.71873978,2025-11-20 20:57:21
er_65536_1_8.txt,erdos_renyi_10ins_m20,43,SpecAnn,0.9598228182949629,1.0,-17667654.0,-15356060.0,0.0460436344146728,0,True,52,129,True,117,32,0.7414554357528687,56.18144607543945,-68550218.4900083,2025-11-20 20:57:21
er_65536_1_8.txt,erdos_renyi_10ins_m20,43,SpecAnn,0.963915897922488,1.0,-17641735.999999996,-15355831.999999998,0.0239028930664062,0,True,52,65,True,118,32,0.7335319519042969,54.54378509521485,-65840813.04947338,2025-11-20 20:57:21
er_65536_1_8.txt,erdos_renyi_10ins_m20,43,SpecAnn,0.967991670426842,1.0,-17659282.0,-15346594.0,0.023799180984497,0,True,52,65,True,119,32,0.7254000902175903,52.96136093139648,-63221910.87618441,2025-11-20 20:57:21
er_65536_1_8.txt,erdos_renyi_10ins_m20,43,SpecAnn,0.9720503535125016,1.0,-17668803.999999996,-15350290.000000004,0.0236034393310546,0,True,52,65,True,120,32,0.7170552015304565,51.43206024169922,-60690035.06571045,2025-11-20 20:57:21
er_65536_1_8.txt,erdos_renyi_10ins_m20,43,SpecAnn,0.9760921603577252,1.0,-17643030.0,-15347312.000000004,0.0236148834228515,0,True,52,65,True,121,32,0.7084927558898926,49.953887939453125,-58241906.90166806,2025-11-20 20:57:21
er_65536_1_8.txt,erdos_renyi_10ins_m20,43,SpecAnn,0.9801172997452104,1.0,-17672118.0,-15353482.0,0.0235540866851806,0,True,52,65,True,122,32,0.6997074484825134,48.52488708496094,-55874275.77562887,2025-11-20 20:57:21
er_65536_1_8.txt,erdos_renyi_10ins_m20,43,SpecAnn,0.9841259761879442,1.0,-17666496.0,-15352917.999999998,0.0236172676086425,0,True,52,65,True,123,32,0.6906943321228027,47.14323043823242,-53584120.567696735,2025-11-20 20:57:22
er_65536_1_8.txt,erdos_renyi_10ins_m20,43,SpecAnn,0.9881183900504562,1.0,-17659126.000000004,-15352873.999999998,0.0236921310424804,0,True,52,65,True,124,32,0.6814485788345337,45.80710983276367,-51368496.87269419,2025-11-20 20:57:22
er_65536_1_8.txt,erdos_renyi_10ins_m20,43,SpecAnn,0.9920947376656812,1.0,-17650751.999999996,-15348770.0,0.0349538326263427,0,True,52,97,True,125,32,0.6719646453857422,44.51485061645508,-49224602.80924724,2025-11-20 20:57:22
er_65536_1_8.txt,erdos_renyi_10ins_m20,43,SpecAnn,0.9960552114476228,1.0,-17640734.0,-15340314.000000002,0.0242607593536376,0,True,52,65,True,126,32,0.6622374057769775,43.26483154296875,-47149772.46856392,2025-11-20 20:57:22
er_65536_1_8.txt,erdos_renyi_10ins_m20,43,SpecAnn,1.0,1.0,-17664599.999999996,-15338912.000000002,0.0236973762512207,0,True,52,65,True,127,32,0.6522613763809204,42.05546188354492,-45141391.9002643,2025-11-20 20:57:22
er_65536_1_8.txt,erdos_renyi_10ins_m20,44,SpecAnn,0.0,1.0,-17092001.999999996,-3512346.0000000005,0.0142738819122314,0,True,57,33,True,0,32,0.9954885840415956,65537.0,-107362772456.2722,2025-11-20 20:57:22
er_65536_1_8.txt,erdos_renyi_10ins_m20,44,SpecAnn,0.0887356509416113,1.0,-17102286.0,-3634800.000000001,0.0124983787536621,0,True,57,33,True,1,32,0.9937390685081482,34016.2734375,-55627555364.85997,2025-11-20 20:57:22
er_65536_1_8.txt,erdos_renyi_10ins_m20,44,SpecAnn,0.1254911610276317,1.0,-17103972.0,-3685990.0,0.012449026107788,0,True,57,33,True,2,32,0.9928280115127563,25927.08984375,-42360265246.79604,2025-11-20 20:57:22
er_65536_1_8.txt,erdos_renyi_10ins_m20,44,SpecAnn,0.1536946558735679,1.0,-17098456.0,-3734912.000000001,0.0124781131744384,0,True,57,33,True,3,32,0.992039680480957,21051.08984375,-34366436745.47459,2025-11-20 20:57:22
er_65536_1_8.txt,erdos_renyi_10ins_m20,44,SpecAnn,0.1774713018832227,1.0,-17100246.0,-3790752.000000001,0.0126667022705078,0,True,57,33,True,4,32,0.9913078546524048,17660.654296875,-28810196021.82112,2025-11-20 20:57:22
er_65536_1_8.txt,erdos_renyi_10ins_m20,44,SpecAnn,0.1984189475331362,1.0,-17108032.0,-3846184.000000001,0.0127015113830566,0,True,57,33,True,5,32,0.99060720205307,15129.37109375,-24663416267.34376,2025-11-20 20:57:22
er_65536_1_8.txt,erdos_renyi_10ins_m20,44,SpecAnn,0.2173570668006655,1.0,-17027718.0,-3881257.999999999,0.0125665664672851,0,True,57,33,True,6,32,0.9899248480796814,13154.857421875,-21429855736.49063,2025-11-20 20:57:22
er_65536_1_8.txt,erdos_renyi_10ins_m20,44,SpecAnn,0.2347724648169381,1.0,-17063976.0,-3929320.0,0.0125379562377929,0,True,57,33,True,7,32,0.9892534613609314,11567.5126953125,-18831219247.105133,2025-11-20 20:57:22
er_65536_1_8.txt,erdos_renyi_10ins_m20,44,SpecAnn,0.2509823220552634,1.0,-17078268.0,-3969200.0,0.0123615264892578,0,True,57,33,True,8,32,0.9885880351066588,10262.7587890625,-16695919723.59829,2025-11-20 20:57:22
er_65536_1_8.txt,erdos_renyi_10ins_m20,44,SpecAnn,0.2662069528248341,1.0,-17067746.0,-4008980.000000001,0.0124282836914062,0,True,57,33,True,9,32,0.987925350666046,9171.7294921875,-14910981918.06552,2025-11-20 20:57:22
er_65536_1_8.txt,erdos_renyi_10ins_m20,44,SpecAnn,0.2806067666331568,1.0,-17114821.999999996,-4052036.000000001,0.0124635696411132,0,True,57,33,True,10,32,0.9872626662254332,8246.818359375,-13398309934.752216,2025-11-20 20:57:22
er_65536_1_8.txt,erdos_renyi_10ins_m20,44,SpecAnn,0.2943028597012718,1.0,-17121946.0,-4096064.0,0.0124845504760742,0,True,57,33,True,11,32,0.9865983724594116,7453.85888671875,-12101868729.118055,2025-11-20 20:57:22
er_65536_1_8.txt,erdos_renyi_10ins_m20,44,SpecAnn,0.3073893117471359,1.0,-17070594.0,-4142951.999999999,0.0124492645263671,0,True,57,33,True,12,32,0.9859309196472168,6767.576171875,-10980206701.846588,2025-11-20 20:57:22
er_65536_1_8.txt,erdos_renyi_10ins_m20,44,SpecAnn,0.3199409394316542,1.0,-17090408.0,-4181052.0,0.0124180316925048,0,True,57,33,True,13,32,0.985259175300598,6168.8251953125,-10001930404.57957,2025-11-20 20:57:22
er_65536_1_8.txt,erdos_renyi_10ins_m20,44,SpecAnn,0.3320184038158743,1.0,-17077604.0,-4218604.0,0.0124170780181884,0,True,57,33,True,14,32,0.9845820665359496,5642.79345703125,-9142752255.445004,2025-11-20 20:57:22
er_65536_1_8.txt,erdos_renyi_10ins_m20,44,SpecAnn,0.3436716983117353,1.0,-17104449.999999996,-4266290.000000001,0.0124204158782958,0,True,57,33,True,15,32,0.983898937702179,5177.8310546875,-8383574809.283734,2025-11-20 20:57:22
er_65536_1_8.txt,erdos_renyi_10ins_m20,44,SpecAnn,0.3549426037664455,1.0,-17075104.0,-4318282.000000002,0.0123529434204101,0,True,57,33,True,16,32,0.9832088351249696,4764.634765625,-7709145885.600081,2025-11-20 20:57:22
er_65536_1_8.txt,erdos_renyi_10ins_m20,44,SpecAnn,0.3658664615902029,1.0,-17071294.0,-4370402.000000002,0.0123934745788574,0,True,57,33,True,17,32,0.9825112819671632,4395.6767578125,-7107128551.834039,2025-11-20 20:57:22
er_65536_1_8.txt,erdos_renyi_10ins_m20,44,SpecAnn,0.3764734830828951,1.0,-17074448.0,-4400306.000000001,0.0123665332794189,0,True,57,33,True,18,32,0.9818058013916016,4064.80126953125,-6567435073.16186,2025-11-20 20:57:22
er_65536_1_8.txt,erdos_renyi_10ins_m20,44,SpecAnn,0.3867897351437838,1.0,-17110578.0,-4440556.000000001,0.0124187469482421,0,True,57,33,True,19,32,0.9810917377471924,3766.9228515625,-6081731188.680457,2025-11-20 20:57:22
er_65536_1_8.txt,erdos_renyi_10ins_m20,44,SpecAnn,0.3968378950662725,1.0,-17110881.999999996,-4492324.000000001,0.0124168395996093,0,True,57,33,True,20,32,0.980368673801422,3497.80224609375,-5643071517.314384,2025-11-20 20:57:22
er_65536_1_8.txt,erdos_renyi_10ins_m20,44,SpecAnn,0.4066378372811136,1.0,-17103206.0,-4529622.0,0.0124337673187255,0,True,57,33,True,21,32,0.9796363115310668,3253.875732421875,-5245618639.298334,2025-11-20 20:57:22
er_65536_1_8.txt,erdos_renyi_10ins_m20,44,SpecAnn,0.4162070956347247,1.0,-17053644.0,-4579114.000000002,0.0125157833099365,0,True,57,33,True,22,32,0.9788941144943236,3032.129150390625,-4884434492.975489,2025-11-20 20:57:22
er_65536_1_8.txt,erdos_renyi_10ins_m20,44,SpecAnn,0.4255612320274539,1.0,-17083492.0,-4634784.0,0.0123903751373291,0,True,57,33,True,23,32,0.9781417846679688,2829.994140625,-4555313013.965888,2025-11-20 20:57:22
er_65536_1_8.txt,erdos_renyi_10ins_m20,44,SpecAnn,0.434714133601331,1.0,-17038422.0,-4688474.0,0.012373924255371,0,True,57,33,True,24,32,0.9773789048194884,2645.2685546875,-4254647721.9780993,2025-11-20 20:57:22
er_65536_1_8.txt,erdos_renyi_10ins_m20,44,SpecAnn,0.4436782547080569,1.0,-17095951.999999996,-4742434.0,0.012521743774414,0,True,57,33,True,25,32,0.9766051769256592,2476.056640625,-3979334742.8481455,2025-11-20 20:57:22
er_65536_1_8.txt,erdos_renyi_10ins_m20,44,SpecAnn,0.4524648157026343,1.0,-17088202.0,-4780670.000000003,0.0126268863677978,0,True,57,33,True,26,32,0.975820243358612,2320.71533203125,-3726684020.7382135,2025-11-20 20:57:22
er_65536_1_8.txt,erdos_renyi_10ins_m20,44,SpecAnn,0.4610839676207039,1.0,-17106256.0,-4845096.000000002,0.0126197338104248,0,True,57,33,True,27,32,0.9750238060951232,2177.8154296875,-3494356146.458512,2025-11-20 20:57:22
er_65536_1_8.txt,erdos_renyi_10ins_m20,44,SpecAnn,0.4695449296338763,1.0,-17114156.0,-4902886.000000001,0.012613296508789,0,True,57,33,True,28,32,0.9742156267166138,2046.109130859375,-3280309044.4982686,2025-11-20 20:57:22
er_65536_1_8.txt,erdos_renyi_10ins_m20,44,SpecAnn,0.4778561045889373,1.0,-17116493.999999996,-4962476.000000001,0.0125617980957031,0,True,57,33,True,29,32,0.9733951687812804,1924.49951171875,-3082746888.54204,2025-11-20 20:57:22
er_65536_1_8.txt,erdos_renyi_10ins_m20,44,SpecAnn,0.4860251767562508,1.0,-17079978.000000004,-5015722.000000001,0.0124514102935791,0,True,57,33,True,30,32,0.9725622534751892,1812.0224609375,-2900092586.2942924,2025-11-20 20:57:22
er_65536_1_8.txt,erdos_renyi_10ins_m20,44,SpecAnn,0.4940591950252281,1.0,-17108866.0,-5069230.0,0.0123815536499023,0,True,57,33,True,31,32,0.971716582775116,1707.82568359375,-2730951775.341124,2025-11-20 20:57:22
er_65536_1_8.txt,erdos_renyi_10ins_m20,44,SpecAnn,0.5019646441105269,1.0,-17116578.0,-5122468.0,0.0123834609985351,0,True,57,33,True,32,32,0.9708578586578368,1611.153564453125,-2574088434.45339,2025-11-20 20:57:22
er_65536_1_8.txt,erdos_renyi_10ins_m20,44,SpecAnn,0.5097475058154177,1.0,-17095466.0,-5177046.000000001,0.0124316215515136,0,True,57,33,True,33,32,0.9699856042861938,1521.333251953125,-2428401671.459604,2025-11-20 20:57:22
er_65536_1_8.txt,erdos_renyi_10ins_m20,44,SpecAnn,0.51741331199832,1.0,-17137612.0,-5234554.000000001,0.012406587600708,0,True,57,33,True,34,32,0.9690997004508972,1437.766357421875,-2292913403.498218,2025-11-20 20:57:23
er_65536_1_8.txt,erdos_renyi_10ins_m20,44,SpecAnn,0.5249671905758515,1.0,-17107232.000000004,-5288816.0,0.0126111507415771,0,True,57,33,True,35,32,0.9681998491287231,1359.91650390625,-2166746638.5276365,2025-11-20 20:57:23
er_65536_1_8.txt,erdos_renyi_10ins_m20,44,SpecAnn,0.5324139056496683,1.0,-17132648.0,-5336945.999999999,0.0126605033874511,0,True,57,33,True,36,32,0.9672853946685792,1287.303466796875,-2049115533.6406124,2025-11-20 20:57:23
er_65536_1_8.txt,erdos_renyi_10ins_m20,44,SpecAnn,0.5397578926492556,1.0,-17102425.999999996,-5401163.999999999,0.0126581192016601,0,True,57,33,True,37,32,0.96635639667511,1219.4951171875,-1939314604.1744995,2025-11-20 20:57:23
er_65536_1_8.txt,erdos_renyi_10ins_m20,44,SpecAnn,0.5470032892270364,1.0,-17085064.0,-5465618.000000001,0.0127267837524414,0,True,57,33,True,38,32,0.9654121994972228,1156.1033935546875,-1836708919.1293488,2025-11-20 20:57:23
er_65536_1_8.txt,erdos_renyi_10ins_m20,44,SpecAnn,0.554153962516942,1.0,-17111884.0,-5543196.0,0.0123696327209472,0,True,57,33,True,39,32,0.9644527435302734,1096.775634765625,-1740722821.7971334,2025-11-20 20:57:23
er_65536_1_8.txt,erdos_renyi_10ins_m20,44,SpecAnn,0.5612135332663137,1.0,-17064906.0,-5609180.000000001,0.0123937129974365,0,True,57,33,True,40,32,0.9634774327278136,1041.19580078125,-1650839421.3462746,2025-11-20 20:57:23
er_65536_1_8.txt,erdos_renyi_10ins_m20,44,SpecAnn,0.5681853972686127,1.0,-17107482.0,-5662180.0,0.0124452114105224,0,True,57,33,True,41,32,0.9624860286712646,989.0756225585938,-1566588047.047214,2025-11-20 20:57:23
er_65536_1_8.txt,erdos_renyi_10ins_m20,44,SpecAnn,0.5750727444570146,1.0,-17086462.0,-5723231.999999998,0.0123724937438964,0,True,57,33,True,42,32,0.9614779949188232,940.1530151367188,-1487540397.3452797,2025-11-20 20:57:23
er_65536_1_8.txt,erdos_renyi_10ins_m20,44,SpecAnn,0.5818785759635375,1.0,-17135504.000000004,-5789067.999999998,0.0125222206115722,0,True,57,33,True,43,32,0.9604531526565552,894.19091796875,-1413309627.6686096,2025-11-20 20:57:23
er_65536_1_8.txt,erdos_renyi_10ins_m20,44,SpecAnn,0.5886057194025436,1.0,-17103574.0,-5855041.999999999,0.0124502182006835,0,True,57,33,True,44,32,0.9594110250473022,850.9727172851562,-1343541908.8579078,2025-11-20 20:57:23
er_65536_1_8.txt,erdos_renyi_10ins_m20,44,SpecAnn,0.5952568425994088,1.0,-17106020.0,-5922172.0,0.0125129222869873,0,True,57,33,True,45,32,0.958351194858551,810.2998046875,-1277913032.862442,2025-11-20 20:57:23
er_65536_1_8.txt,erdos_renyi_10ins_m20,44,SpecAnn,0.6018344659534288,1.0,-17148969.999999996,-5993114.000000001,0.0123989582061767,0,True,57,33,True,46,32,0.957273244857788,771.9921875,-1216129161.7842216,2025-11-20 20:57:23
er_65536_1_8.txt,erdos_renyi_10ins_m20,44,SpecAnn,0.6083409735974393,1.0,-17145160.0,-6067930.0,0.0123333930969238,0,True,57,33,True,47,32,0.9561765789985656,735.884033203125,-1157919474.2592618,2025-11-20 20:57:23
er_65536_1_8.txt,erdos_renyi_10ins_m20,44,SpecAnn,0.6147786234942719,1.0,-17133967.999999996,-6160893.999999999,0.0123660564422607,0,True,57,33,True,48,32,0.9550609588623048,701.823486328125,-1103036456.050985,2025-11-20 20:57:23
er_65536_1_8.txt,erdos_renyi_10ins_m20,44,SpecAnn,0.6211495565912796,1.0,-17076698.0,-6228870.000000001,0.0124087333679199,0,True,57,33,True,49,32,0.9539257287979126,669.6714477539062,-1051252935.7544068,2025-11-20 20:57:23
er_65536_1_8.txt,erdos_renyi_10ins_m20,44,SpecAnn,0.6274558051381586,1.0,-17118674.0,-6303824.000000001,0.0124106407165527,0,True,57,33,True,50,32,0.9527706503868104,639.2991943359375,-1002359253.5430456,2025-11-20 20:57:23
er_65536_1_8.txt,erdos_renyi_10ins_m20,44,SpecAnn,0.6336993002596786,1.0,-17095832.0,-6368798.000000001,0.0124375820159912,0,True,57,33,True,51,32,0.9515947699546814,610.5894775390625,-956163670.464437,2025-11-20 20:57:23
er_65536_1_8.txt,erdos_renyi_10ins_m20,44,SpecAnn,0.6398818788633085,1.0,-17086018.0,-6463438.0,0.0123746395111083,0,True,57,33,True,52,32,0.950398087501526,583.433349609375,-912489089.4420592,2025-11-20 20:57:23
er_65536_1_8.txt,erdos_renyi_10ins_m20,44,SpecAnn,0.6460052899517691,1.0,-17091284.0,-6560666.000000001,0.0124480724334716,0,True,57,33,True,53,32,0.9491795897483826,557.7301635742188,-871170980.8209131,2025-11-20 20:57:23
er_65536_1_8.txt,erdos_renyi_10ins_m20,44,SpecAnn,0.6520712004019966,1.0,-17136386.0,-6634244.0,0.0124342441558837,0,True,57,33,True,54,32,0.9479389190673828,533.3875732421875,-832059002.9548852,2025-11-20 20:57:23
er_65536_1_8.txt,erdos_renyi_10ins_m20,44,SpecAnn,0.6580812002646271,1.0,-17139567.999999996,-6718244.0,0.012416124343872,0,True,57,33,True,55,32,0.9466754794120787,510.3197937011719,-795013344.1819441,2025-11-20 20:57:23
er_65536_1_8.txt,erdos_renyi_10ins_m20,44,SpecAnn,0.6640368076317485,1.0,-17077304.000000004,-6809910.0,0.0125043392181396,0,True,57,33,True,56,32,0.9453885555267334,488.44732666015625,-759904391.050896,2025-11-20 20:57:23
er_65536_1_8.txt,erdos_renyi_10ins_m20,44,SpecAnn,0.6699394731151429,1.0,-17110450.000000004,-6893494.0,0.0124001502990722,0,True,57,33,True,57,32,0.9440774321556092,467.6969299316406,-726612745.69064,2025-11-20 20:57:23
er_65536_1_8.txt,erdos_renyi_10ins_m20,44,SpecAnn,0.6757905839724513,1.0,-17107500.000000004,-6974330.000000001,0.0125143527984619,0,True,57,33,True,58,32,0.942741632461548,447.9999694824219,-695026793.7710053,2025-11-20 20:57:23
er_65536_1_8.txt,erdos_renyi_10ins_m20,44,SpecAnn,0.6815914679145113,1.0,-17102202.0,-7058966.0,0.0124695301055908,0,True,57,33,True,59,32,0.941380262374878,429.2935791015625,-665043966.31847,2025-11-20 20:57:23
er_65536_1_8.txt,erdos_renyi_10ins_m20,44,SpecAnn,0.6873433966234707,1.0,-17144094.0,-7161615.999999999,0.0124909877777099,0,True,57,33,True,60,32,0.939992606639862,411.5182495117188,-636567429.3731816,2025-11-20 20:57:23
er_65536_1_8.txt,erdos_renyi_10ins_m20,44,SpecAnn,0.6930475890080863,1.0,-17158328.0,-7236792.000000001,0.0124523639678955,0,True,57,33,True,61,32,0.9385777711868286,394.6197204589844,-609508723.0189443,2025-11-20 20:57:23
er_65536_1_8.txt,erdos_renyi_10ins_m20,44,SpecAnn,0.6987052142198116,1.0,-17139024.0,-7338800.0,0.0124220848083496,0,True,57,33,True,62,32,0.9371351003646852,378.5466918945313,-583784468.3767035,2025-11-20 20:57:23
er_65536_1_8.txt,erdos_renyi_10ins_m20,44,SpecAnn,0.7043173944508145,1.0,-17142138.000000004,-7424656.000000001,0.0124456882476806,0,True,57,33,True,63,32,0.9356637001037598,363.2515563964844,-559317156.621481,2025-11-20 20:57:23
er_65536_1_8.txt,erdos_renyi_10ins_m20,44,SpecAnn,0.709885207532891,1.0,-17123058.0,-7533971.999999998,0.0124025344848632,0,True,57,33,True,64,32,0.9341624975204468,348.690185546875,-536034852.9118685,2025-11-20 20:57:23
er_65536_1_8.txt,erdos_renyi_10ins_m20,44,SpecAnn,0.7154096893543218,1.0,-17157098.0,-7652284.0,0.0124421119689941,0,True,57,33,True,65,32,0.9326305389404296,334.82086181640625,-513869709.6236323,2025-11-20 20:57:23
er_65536_1_8.txt,erdos_renyi_10ins_m20,44,SpecAnn,0.7208918361100219,1.0,-17140742.0,-7775345.999999999,0.0124285221099853,0,True,57,33,True,66,32,0.9310669898986816,321.605224609375,-492759381.3442156,2025-11-20 20:57:23
er_65536_1_8.txt,erdos_renyi_10ins_m20,44,SpecAnn,0.7263326063988248,1.0,-17153210.000000004,-7876898.0,0.0124046802520751,0,True,57,33,True,67,32,0.9294705390930176,309.00689697265625,-472644575.7047306,2025-11-20 20:57:23
er_65536_1_8.txt,erdos_renyi_10ins_m20,44,SpecAnn,0.7317329231804058,1.0,-17169430.000000004,-7988730.0,0.0125601291656494,0,True,57,33,True,68,32,0.9278401732444764,296.9921875,-453470535.8469001,2025-11-20 20:57:23
er_65536_1_8.txt,erdos_renyi_10ins_m20,44,SpecAnn,0.7370936756031579,1.0,-17166154.0,-8079170.000000001,0.0124735832214355,0,True,57,33,True,69,32,0.9261747598648072,285.5292358398437,-435185484.2482333,2025-11-20 20:57:23
er_65536_1_8.txt,erdos_renyi_10ins_m20,44,SpecAnn,0.7424157207132704,1.0,-17173827.999999996,-8183908.0,0.0124232769012451,0,True,57,33,True,70,32,0.9244728684425354,274.5885314941406,-417741325.92332506,2025-11-20 20:57:23
er_65536_1_8.txt,erdos_renyi_10ins_m20,44,SpecAnn,0.7476998850543153,1.0,-17156294.0,-8313783.999999999,0.012408971786499,0,True,57,33,True,71,32,0.9227333068847656,264.1422424316406,-401092862.8011884,2025-11-20 20:57:23
er_65536_1_8.txt,erdos_renyi_10ins_m20,44,SpecAnn,0.7529469661657903,1.0,-17141392.0,-8436924.0,0.0124073028564453,0,True,57,33,True,72,32,0.9209544658660888,254.16407775878903,-385197273.3349161,2025-11-20 20:57:23
er_65536_1_8.txt,erdos_renyi_10ins_m20,44,SpecAnn,0.7581577339883167,1.0,-17179146.0,-8562524.0,0.0124120712280273,0,True,57,33,True,73,32,0.9191350936889648,244.62974548339844,-370015134.6009365,2025-11-20 20:57:23
er_65536_1_8.txt,erdos_renyi_10ins_m20,44,SpecAnn,0.7633329321824984,1.0,-17172734.0,-8712257.999999998,0.0124714374542236,0,True,57,33,True,74,32,0.9172734618186952,235.51614379882807,-355508825.9854447,2025-11-20 20:57:23
er_65536_1_8.txt,erdos_renyi_10ins_m20,44,SpecAnn,0.7684732793678399,1.0,-17224440.0,-8870884.0,0.0124146938323974,0,True,57,33,True,75,32,0.9153679013252258,226.80154418945312,-341643028.3271744,2025-11-20 20:57:23
er_65536_1_8.txt,erdos_renyi_10ins_m20,44,SpecAnn,0.7735794702875677,1.0,-17172674.0,-9023172.0,0.0124437808990478,0,True,57,33,True,76,32,0.9134165644645692,218.4656982421875,-328384777.37336296,2025-11-20 20:57:23
er_65536_1_8.txt,erdos_renyi_10ins_m20,44,SpecAnn,0.7786521769046981,1.0,-17186434.0,-9164646.000000002,0.0124514102935791,0,True,57,33,True,77,32,0.9114176630973816,210.48941040039065,-315702898.3022993,2025-11-20 20:57:23
er_65536_1_8.txt,erdos_renyi_10ins_m20,44,SpecAnn,0.7836920494342511,1.0,-17232364.0,-9344158.000000002,0.0124187469482421,0,True,57,33,True,78,32,0.9093689918518066,202.8546905517578,-303568057.751315,2025-11-20 20:57:23
er_65536_1_8.txt,erdos_renyi_10ins_m20,44,SpecAnn,0.788699717316095,1.0,-17231756.0,-9485328.0,0.0125412940979003,0,True,57,33,True,79,32,0.907268524169922,195.54449462890625,-291952577.6129092,2025-11-20 20:57:23
er_65536_1_8.txt,erdos_renyi_10ins_m20,44,SpecAnn,0.7936757901325451,1.0,-17220072.0,-9635508.0,0.0124616622924804,0,True,57,33,True,80,32,0.9051138758659364,188.5429077148437,-280830517.2399324,2025-11-20 20:57:23
er_65536_1_8.txt,erdos_renyi_10ins_m20,44,SpecAnn,0.7986208584745024,1.0,-17214501.999999996,-9831722.0,0.0124399662017822,0,True,57,33,True,81,32,0.9029024839401244,181.83462524414065,-270176959.57902604,2025-11-20 20:57:23
er_65536_1_8.txt,erdos_renyi_10ins_m20,44,SpecAnn,0.803535494759617,1.0,-17242468.0,-10000956.0,0.0124471187591552,0,True,57,33,True,82,32,0.9006319642066956,175.40557861328125,-259969042.384084,2025-11-20 20:57:23
er_65536_1_8.txt,erdos_renyi_10ins_m20,44,SpecAnn,0.8084202540056837,1.0,-17246162.0,-10163678.0,0.0124266147613525,0,True,57,33,True,83,32,0.8982992172241211,169.24227905273438,-250184709.0558659,2025-11-20 20:57:23
er_65536_1_8.txt,erdos_renyi_10ins_m20,44,SpecAnn,0.8132756745622272,1.0,-17244318.000000004,-10330768.0,0.0125105381011962,0,True,57,33,True,84,32,0.8959013819694519,163.3319091796875,-240803126.5899574,2025-11-20 20:57:23
er_65536_1_8.txt,erdos_renyi_10ins_m20,44,SpecAnn,0.8181022788030096,1.0,-17291878.0,-10538951.999999998,0.0127193927764892,0,True,57,33,True,85,32,0.8934351205825806,157.66256713867188,-231804835.1500449,2025-11-20 20:57:23
er_65536_1_8.txt,erdos_renyi_10ins_m20,44,SpecAnn,0.822900573781978,1.0,-17226646.000000004,-10773046.0,0.012693166732788,0,True,57,33,True,86,32,0.8908968567848206,152.22286987304688,-223171230.8122773,2025-11-20 20:57:23
er_65536_1_8.txt,erdos_renyi_10ins_m20,44,SpecAnn,0.8276710518549868,1.0,-17302716.0,-10957998.0,0.0126516819000244,0,True,57,33,True,87,32,0.8882829546928406,147.0020751953125,-214884787.1658381,2025-11-20 20:57:23
er_65536_1_8.txt,erdos_renyi_10ins_m20,44,SpecAnn,0.8324141912694495,1.0,-17255710.000000004,-11180395.999999998,0.0126128196716308,0,True,57,33,True,88,32,0.8855891227722168,141.98997497558594,-206928749.27773675,2025-11-20 20:57:23
er_65536_1_8.txt,erdos_renyi_10ins_m20,44,SpecAnn,0.8371304567239225,1.0,-17308900.0,-11397258.0,0.0124988555908203,0,True,57,33,True,89,32,0.8828111290931702,137.17703247070312,-199287509.34705475,2025-11-20 20:57:23
er_65536_1_8.txt,erdos_renyi_10ins_m20,44,SpecAnn,0.8418202998994706,1.0,-17313804.0,-11618879.999999998,0.0124483108520507,0,True,57,33,True,90,32,0.8799440264701843,132.55401611328125,-191945888.69314587,2025-11-20 20:57:23
er_65536_1_8.txt,erdos_renyi_10ins_m20,44,SpecAnn,0.846484159964536,1.0,-17330818.000000004,-11813326.0,0.0123960971832275,0,True,57,33,True,91,32,0.8769828677177429,128.11236572265625,-184889835.7738411,2025-11-20 20:57:23
er_65536_1_8.txt,erdos_renyi_10ins_m20,44,SpecAnn,0.8511224640549078,1.0,-17360506.0,-12069310.0,0.0124280452728271,0,True,57,33,True,92,32,0.8739218711853027,123.84394073486328,-178105875.95941007,2025-11-20 20:57:23
er_65536_1_8.txt,erdos_renyi_10ins_m20,44,SpecAnn,0.8557356277302758,1.0,-17353455.999999996,-12301422.0,0.0124151706695556,0,True,57,33,True,93,32,0.8707549571990967,119.74087524414062,-171581025.94896558,2025-11-20 20:57:23
er_65536_1_8.txt,erdos_renyi_10ins_m20,44,SpecAnn,0.8603240554087516,1.0,-17399954.0,-12534242.000000002,0.0124599933624267,0,True,57,33,True,94,32,0.8674754500389099,115.7957763671875,-165303020.08728287,2025-11-20 20:57:23
er_65536_1_8.txt,erdos_renyi_10ins_m20,44,SpecAnn,0.86488814078064,1.0,-17373006.0,-12786113.999999998,0.0124247074127197,0,True,57,33,True,95,32,0.8640760779380798,112.0018081665039,-159260433.03844085,2025-11-20 20:57:23
er_65536_1_8.txt,erdos_renyi_10ins_m20,44,SpecAnn,0.8694282672026621,1.0,-17442786.0,-13032540.0,0.0125641822814941,0,True,57,33,True,96,32,0.8605489730834961,108.35218811035156,-153441965.60260868,2025-11-20 20:57:23
er_65536_1_8.txt,erdos_renyi_10ins_m20,44,SpecAnn,0.8739448080737451,1.0,-17429859.999999996,-13277138.000000002,0.0125436782836914,0,True,57,33,True,97,32,0.8568851947784424,104.84068298339844,-147837073.57010877,2025-11-20 20:57:23
er_65536_1_8.txt,erdos_renyi_10ins_m20,44,SpecAnn,0.878438127193422,1.0,-17450094.0,-13540495.999999998,0.0126950740814208,0,True,57,33,True,98,32,0.8530753254890442,101.46129608154295,-142435637.18506476,2025-11-20 20:57:23
er_65536_1_8.txt,erdos_renyi_10ins_m20,44,SpecAnn,0.8829085791038153,1.0,-17514058.000000004,-13805204.000000002,0.0126302242279052,0,True,57,33,True,99,32,0.8491087555885315,98.20828247070312,-137227866.53609374,2025-11-20 20:57:23
er_65536_1_8.txt,erdos_renyi_10ins_m20,44,SpecAnn,0.8873565094161138,1.0,-17535348.000000004,-14054658.0,0.0242323875427246,0,True,57,65,True,100,32,0.8449740409851074,95.07627868652344,-132204554.89601296,2025-11-20 20:57:23
er_65536_1_8.txt,erdos_renyi_10ins_m20,44,SpecAnn,0.8917822551223932,1.0,-17567218.0,-14317706.000000002,0.0241594314575195,0,True,57,65,True,101,32,0.8406583666801453,92.0601043701172,-127356723.96143678,2025-11-20 20:57:23
er_65536_1_8.txt,erdos_renyi_10ins_m20,44,SpecAnn,0.8961861448935777,1.0,-17579866.0,-14552720.000000002,0.0241813659667968,0,True,57,65,True,102,32,0.8361479043960571,89.15487670898438,-122675852.8373399,2025-11-20 20:57:23
er_65536_1_8.txt,erdos_renyi_10ins_m20,44,SpecAnn,0.9005684993642872,1.0,-17627150.0,-14815718.000000002,0.0241572856903076,0,True,57,65,True,103,32,0.831427276134491,86.35595703125,-118153732.6142613,2025-11-20 20:57:23
er_65536_1_8.txt,erdos_renyi_10ins_m20,44,SpecAnn,0.9049296314052688,1.0,-17663411.999999996,-15061646.000000002,0.0240671634674072,0,True,57,65,True,104,32,0.8264808058738708,83.65882873535156,-113782488.64539638,2025-11-20 20:57:23
er_65536_1_8.txt,erdos_renyi_10ins_m20,44,SpecAnn,0.9092698463840684,1.0,-17693178.0,-15323106.0,0.0349593162536621,0,True,57,97,True,105,32,0.8212920427322388,81.0593032836914,-109554786.82752337,2025-11-20 20:57:23
er_65536_1_8.txt,erdos_renyi_10ins_m20,44,SpecAnn,0.9135894424145556,1.0,-17768164.0,-15497580.0,0.0463230609893798,0,True,57,129,True,106,32,0.8158445954322815,78.55339050292969,-105463760.31021024,2025-11-20 20:57:24
er_65536_1_8.txt,erdos_renyi_10ins_m20,44,SpecAnn,0.9178887105958816,1.0,-17759950.000000004,-15627108.000000004,0.0914778709411621,0,True,57,257,True,107,32,0.8101198673248291,76.13716125488281,-101502523.51457386,2025-11-20 20:57:24
er_65536_1_8.txt,erdos_renyi_10ins_m20,44,SpecAnn,0.922167935241408,1.0,-17773794.0,-15555698.000000002,0.1376550197601318,0,True,57,385,True,108,32,0.8041071891784668,73.80699157714844,-97665757.984195,2025-11-20 20:57:24
er_65536_1_8.txt,erdos_renyi_10ins_m20,44,SpecAnn,0.92642739409812,1.0,-17734186.0,-15497284.000000002,0.0687825679779052,0,True,57,193,True,109,32,0.7978746891021729,71.5594253540039,-93957706.91110957,2025-11-20 20:57:24
er_65536_1_8.txt,erdos_renyi_10ins_m20,44,SpecAnn,0.9306673585570006,1.0,-17712878.0,-15454768.000000002,0.0464446544647216,0,True,57,129,True,110,32,0.7914624214172363,69.39106750488281,-90378419.96741778,2025-11-20 20:57:24
er_65536_1_8.txt,erdos_renyi_10ins_m20,44,SpecAnn,0.9348880938548184,1.0,-17691652.000000004,-15401068.0,0.0462648868560791,0,True,57,129,True,111,32,0.7848740220069885,67.29878997802734,-86923676.5544732,2025-11-20 20:57:24
er_65536_1_8.txt,erdos_renyi_10ins_m20,44,SpecAnn,0.9390898592677528,1.0,-17709826.0,-15390004.000000002,0.0352778434753418,0,True,57,97,True,112,32,0.7781069874763489,65.2795181274414,-83588615.4549604,2025-11-20 20:57:24
er_65536_1_8.txt,erdos_renyi_10ins_m20,44,SpecAnn,0.9432729082972536,1.0,-17691308.0,-15381161.999999996,0.0360331535339355,0,True,57,97,True,113,32,0.7711579203605652,63.33036804199219,-80368564.60688479,2025-11-20 20:57:24
er_65536_1_8.txt,erdos_renyi_10ins_m20,44,SpecAnn,0.9474374888485204,1.0,-17662598.0,-15365532.0,0.035487413406372,0,True,57,97,True,114,32,0.7640221118927002,61.448577880859375,-77258921.3887331,2025-11-20 20:57:24
er_65536_1_8.txt,erdos_renyi_10ins_m20,44,SpecAnn,0.9515838434019476,1.0,-17660686.0,-15366052.0,0.0467307567596435,0,True,57,129,True,115,32,0.7566962838172913,59.631473541259766,-74255396.05429456,2025-11-20 20:57:24
er_65536_1_8.txt,erdos_renyi_10ins_m20,44,SpecAnn,0.9557122091778746,1.0,-17669838.0,-15362162.000000002,0.0239195823669433,0,True,57,65,True,116,32,0.749175488948822,57.8765869140625,-71353839.71873978,2025-11-20 20:57:24
er_65536_1_8.txt,erdos_renyi_10ins_m20,44,SpecAnn,0.9598228182949629,1.0,-17670804.0,-15356006.0,0.0461809635162353,0,True,57,129,True,117,32,0.7414554953575134,56.18144607543945,-68550224.00067182,2025-11-20 20:57:24
er_65536_1_8.txt,erdos_renyi_10ins_m20,44,SpecAnn,0.963915897922488,1.0,-17672102.000000004,-15357484.000000002,0.0240449905395507,0,True,57,65,True,118,32,0.7335318922996521,54.54378509521485,-65840807.69944294,2025-11-20 20:57:24
er_65536_1_8.txt,erdos_renyi_10ins_m20,44,SpecAnn,0.967991670426842,1.0,-17655746.0,-15346342.000000002,0.0240767002105712,0,True,57,65,True,119,32,0.7254001498222351,52.96136093139648,-63221916.070999786,2025-11-20 20:57:24
er_65536_1_8.txt,erdos_renyi_10ins_m20,44,SpecAnn,0.9720503535125016,1.0,-17671718.0,-15349092.0,0.0239448547363281,0,True,57,65,True,120,32,0.7170554399490356,51.43206024169922,-60690055.24495453,2025-11-20 20:57:24
er_65536_1_8.txt,erdos_renyi_10ins_m20,44,SpecAnn,0.9760921603577252,1.0,-17656224.0,-15345527.999999998,0.0237493515014648,0,True,57,65,True,121,32,0.7084928750991821,49.953887939453125,-58241916.70131143,2025-11-20 20:57:24
er_65536_1_8.txt,erdos_renyi_10ins_m20,44,SpecAnn,0.9801172997452104,1.0,-17642612.0,-15352944.000000004,0.0237183570861816,0,True,57,65,True,122,32,0.6997072696685791,48.52488708496094,-55874261.496662565,2025-11-20 20:57:24
er_65536_1_8.txt,erdos_renyi_10ins_m20,44,SpecAnn,0.9841259761879442,1.0,-17650510.0,-15354450.0,0.0236423015594482,0,True,57,65,True,123,32,0.6906943917274475,47.14323043823242,-53584125.19182976,2025-11-20 20:57:24
er_65536_1_8.txt,erdos_renyi_10ins_m20,44,SpecAnn,0.9881183900504562,1.0,-17668160.000000004,-15351144.000000004,0.0349249839782714,0,True,57,97,True,124,32,0.6814484000205994,45.80710983276367,-51368483.39346288,2025-11-20 20:57:24
er_65536_1_8.txt,erdos_renyi_10ins_m20,44,SpecAnn,0.9920947376656812,1.0,-17645830.0,-15349280.0,0.0236649513244628,0,True,57,65,True,125,32,0.671964704990387,44.51485061645508,-49224607.17557065,2025-11-20 20:57:24
er_65536_1_8.txt,erdos_renyi_10ins_m20,44,SpecAnn,0.9960552114476228,1.0,-17650964.0,-15344137.999999998,0.023829698562622,0,True,57,65,True,126,32,0.6622377038002014,43.26483154296875,-47149793.68712856,2025-11-20 20:57:24
er_65536_1_8.txt,erdos_renyi_10ins_m20,44,SpecAnn,1.0,1.0,-17642064.0,-15336736.000000002,0.023693561553955,0,True,57,65,True,127,32,0.6522611975669861,42.05546188354492,-45141379.52499546,2025-11-20 20:57:24
er_65536_1_8.txt,erdos_renyi_10ins_m20,45,SpecAnn,0.0,1.0,-17123122.0,-3512346.0,0.01436448097229,0,True,53,33,True,0,32,0.9954885840415956,65537.0,-107362772456.2722,2025-11-20 20:57:25
er_65536_1_8.txt,erdos_renyi_10ins_m20,45,SpecAnn,0.0887356509416113,1.0,-17086296.0,-3634800.000000001,0.0124883651733398,0,True,53,33,True,1,32,0.9937390685081482,34016.2734375,-55627555364.85997,2025-11-20 20:57:25
er_65536_1_8.txt,erdos_renyi_10ins_m20,45,SpecAnn,0.1254911610276317,1.0,-17086860.000000004,-3685990.0,0.0123553276062011,0,True,53,33,True,2,32,0.9928280711174012,25927.08984375,-42360267789.90374,2025-11-20 20:57:25
er_65536_1_8.txt,erdos_renyi_10ins_m20,45,SpecAnn,0.1536946558735679,1.0,-17133355.999999996,-3734911.999999999,0.0124783515930175,0,True,53,33,True,3,32,0.992039680480957,21051.08984375,-34366436745.47459,2025-11-20 20:57:25
er_65536_1_8.txt,erdos_renyi_10ins_m20,45,SpecAnn,0.1774713018832227,1.0,-17099538.0,-3790752.000000001,0.0124666690826416,0,True,53,33,True,4,32,0.9913078546524048,17660.654296875,-28810196021.82112,2025-11-20 20:57:25
er_65536_1_8.txt,erdos_renyi_10ins_m20,45,SpecAnn,0.1984189475331362,1.0,-17109024.0,-3846184.0,0.012441873550415,0,True,53,33,True,5,32,0.9906071424484252,15129.37109375,-24663414783.350742,2025-11-20 20:57:25
er_65536_1_8.txt,erdos_renyi_10ins_m20,45,SpecAnn,0.2173570668006655,1.0,-17081667.999999996,-3881258.0,0.0124678611755371,0,True,53,33,True,6,32,0.9899248480796814,13154.857421875,-21429855736.49063,2025-11-20 20:57:25
er_65536_1_8.txt,erdos_renyi_10ins_m20,45,SpecAnn,0.2347724648169381,1.0,-17068257.999999996,-3929320.000000001,0.0125117301940917,0,True,53,33,True,7,32,0.9892534613609314,11567.5126953125,-18831219247.105133,2025-11-20 20:57:25
er_65536_1_8.txt,erdos_renyi_10ins_m20,45,SpecAnn,0.2509823220552634,1.0,-17074380.0,-3969200.0,0.0124335289001464,0,True,53,33,True,8,32,0.9885880351066588,10262.7587890625,-16695919723.59829,2025-11-20 20:57:25
er_65536_1_8.txt,erdos_renyi_10ins_m20,45,SpecAnn,0.2662069528248341,1.0,-17067992.000000004,-4008980.0,0.0125391483306884,0,True,53,33,True,9,32,0.9879252910614014,9171.7294921875,-14910981018.439066,2025-11-20 20:57:25
er_65536_1_8.txt,erdos_renyi_10ins_m20,45,SpecAnn,0.2806067666331568,1.0,-17058868.0,-4052036.000000001,0.0124857425689697,0,True,53,33,True,10,32,0.9872626662254332,8246.818359375,-13398309934.752216,2025-11-20 20:57:25
er_65536_1_8.txt,erdos_renyi_10ins_m20,45,SpecAnn,0.2943028597012718,1.0,-17094000.0,-4096064.000000001,0.0124692916870117,0,True,53,33,True,11,32,0.9865983724594116,7453.85888671875,-12101868729.118055,2025-11-20 20:57:25
er_65536_1_8.txt,erdos_renyi_10ins_m20,45,SpecAnn,0.3073893117471359,1.0,-17164209.999999996,-4142952.0,0.0124890804290771,0,True,53,33,True,12,32,0.9859309196472168,6767.576171875,-10980206701.846588,2025-11-20 20:57:25
er_65536_1_8.txt,erdos_renyi_10ins_m20,45,SpecAnn,0.3199409394316542,1.0,-17091686.0,-4181052.0,0.0124154090881347,0,True,53,33,True,13,32,0.985259175300598,6168.8251953125,-10001930404.57957,2025-11-20 20:57:25
er_65536_1_8.txt,erdos_renyi_10ins_m20,45,SpecAnn,0.3320184038158743,1.0,-17101314.0,-4218604.000000001,0.0124554634094238,0,True,53,33,True,14,32,0.9845820665359496,5642.79345703125,-9142752255.445004,2025-11-20 20:57:25
er_65536_1_8.txt,erdos_renyi_10ins_m20,45,SpecAnn,0.3436716983117353,1.0,-17113390.0,-4266290.000000002,0.0124957561492919,0,True,53,33,True,15,32,0.9838988780975342,5177.8310546875,-8383574301.406371,2025-11-20 20:57:25
er_65536_1_8.txt,erdos_renyi_10ins_m20,45,SpecAnn,0.3549426037664455,1.0,-17116752.0,-4318282.000000001,0.012406587600708,0,True,53,33,True,16,32,0.9832088351249696,4764.634765625,-7709145885.600081,2025-11-20 20:57:25
er_65536_1_8.txt,erdos_renyi_10ins_m20,45,SpecAnn,0.3658664615902029,1.0,-17101334.0,-4370402.0,0.0125472545623779,0,True,53,33,True,17,32,0.9825112819671632,4395.6767578125,-7107128551.834039,2025-11-20 20:57:25
er_65536_1_8.txt,erdos_renyi_10ins_m20,45,SpecAnn,0.3764734830828951,1.0,-17103830.0,-4400306.000000001,0.0124886035919189,0,True,53,33,True,18,32,0.9818058013916016,4064.80126953125,-6567435073.16186,2025-11-20 20:57:25
er_65536_1_8.txt,erdos_renyi_10ins_m20,45,SpecAnn,0.3867897351437838,1.0,-17060286.0,-4440556.000000002,0.012455940246582,0,True,53,33,True,19,32,0.9810917377471924,3766.9228515625,-6081731188.680457,2025-11-20 20:57:25
er_65536_1_8.txt,erdos_renyi_10ins_m20,45,SpecAnn,0.3968378950662725,1.0,-17075866.000000004,-4492324.0,0.0125236511230468,0,True,53,33,True,20,32,0.980368673801422,3497.80224609375,-5643071517.314384,2025-11-20 20:57:25
er_65536_1_8.txt,erdos_renyi_10ins_m20,45,SpecAnn,0.4066378372811136,1.0,-17103198.000000004,-4529622.000000001,0.0124399662017822,0,True,53,33,True,21,32,0.979636251926422,3253.875732421875,-5245618320.135772,2025-11-20 20:57:25
er_65536_1_8.txt,erdos_renyi_10ins_m20,45,SpecAnn,0.4162070956347247,1.0,-17144644.0,-4579114.000000002,0.0124564170837402,0,True,53,33,True,22,32,0.9788941144943236,3032.129150390625,-4884434492.975489,2025-11-20 20:57:25
er_65536_1_8.txt,erdos_renyi_10ins_m20,45,SpecAnn,0.4255612320274539,1.0,-17088384.0,-4634784.0,0.0124454498291015,0,True,53,33,True,23,32,0.9781417846679688,2829.994140625,-4555313013.965888,2025-11-20 20:57:25
er_65536_1_8.txt,erdos_renyi_10ins_m20,45,SpecAnn,0.434714133601331,1.0,-17122738.0,-4688474.000000001,0.0126268863677978,0,True,53,33,True,24,32,0.9773789048194884,2645.2685546875,-4254647721.9780993,2025-11-20 20:57:25
er_65536_1_8.txt,erdos_renyi_10ins_m20,45,SpecAnn,0.4436782547080569,1.0,-17109032.0,-4742434.000000001,0.0127007961273193,0,True,53,33,True,25,32,0.9766051769256592,2476.056640625,-3979334742.8481455,2025-11-20 20:57:25
er_65536_1_8.txt,erdos_renyi_10ins_m20,45,SpecAnn,0.4524648157026343,1.0,-17110936.0,-4780670.0,0.0126276016235351,0,True,53,33,True,26,32,0.975820243358612,2320.71533203125,-3726684020.7382135,2025-11-20 20:57:25
er_65536_1_8.txt,erdos_renyi_10ins_m20,45,SpecAnn,0.4610839676207039,1.0,-17112512.000000004,-4845096.0,0.0126688480377197,0,True,53,33,True,27,32,0.9750238060951232,2177.8154296875,-3494356146.458512,2025-11-20 20:57:25
er_65536_1_8.txt,erdos_renyi_10ins_m20,45,SpecAnn,0.4695449296338763,1.0,-17116984.0,-4902886.000000002,0.0125267505645751,0,True,53,33,True,28,32,0.974215567111969,2046.109130859375,-3280308843.80178,2025-11-20 20:57:25
er_65536_1_8.txt,erdos_renyi_10ins_m20,45,SpecAnn,0.4778561045889373,1.0,-17092424.000000004,-4962476.0,0.0124375820159912,0,True,53,33,True,29,32,0.9733951687812804,1924.49951171875,-3082746888.54204,2025-11-20 20:57:25
er_65536_1_8.txt,erdos_renyi_10ins_m20,45,SpecAnn,0.4860251767562508,1.0,-17163636.0,-5015722.000000001,0.0125195980072021,0,True,53,33,True,30,32,0.9725622534751892,1812.0224609375,-2900092586.2942924,2025-11-20 20:57:25
er_65536_1_8.txt,erdos_renyi_10ins_m20,45,SpecAnn,0.4940591950252281,1.0,-17092406.0,-5069230.0,0.0124976634979248,0,True,53,33,True,31,32,0.971716582775116,1707.82568359375,-2730951775.341124,2025-11-20 20:57:25
er_65536_1_8.txt,erdos_renyi_10ins_m20,45,SpecAnn,0.5019646441105269,1.0,-17108398.0,-5122468.0,0.0124180316925048,0,True,53,33,True,32,32,0.9708578586578368,1611.153564453125,-2574088434.45339,2025-11-20 20:57:25
er_65536_1_8.txt,erdos_renyi_10ins_m20,45,SpecAnn,0.5097475058154177,1.0,-17124855.999999996,-5177045.999999998,0.0124642848968505,0,True,53,33,True,33,32,0.9699856042861938,1521.333251953125,-2428401671.459604,2025-11-20 20:57:25
er_65536_1_8.txt,erdos_renyi_10ins_m20,45,SpecAnn,0.51741331199832,1.0,-17119128.0,-5234554.0,0.0124678611755371,0,True,53,33,True,34,32,0.969099760055542,1437.766357421875,-2292913544.5242534,2025-11-20 20:57:25
er_65536_1_8.txt,erdos_renyi_10ins_m20,45,SpecAnn,0.5249671905758515,1.0,-17103464.0,-5288816.0,0.0124359130859375,0,True,53,33,True,35,32,0.9681998491287231,1359.91650390625,-2166746638.5276365,2025-11-20 20:57:25
er_65536_1_8.txt,erdos_renyi_10ins_m20,45,SpecAnn,0.5324139056496683,1.0,-17139994.0,-5336945.999999998,0.0124340057373046,0,True,53,33,True,36,32,0.9672853946685792,1287.303466796875,-2049115533.6406124,2025-11-20 20:57:25
er_65536_1_8.txt,erdos_renyi_10ins_m20,45,SpecAnn,0.5397578926492556,1.0,-17065966.0,-5401163.999999999,0.0123882293701171,0,True,53,33,True,37,32,0.96635639667511,1219.4951171875,-1939314604.1744995,2025-11-20 20:57:25
er_65536_1_8.txt,erdos_renyi_10ins_m20,45,SpecAnn,0.5470032892270364,1.0,-17129798.0,-5465618.0,0.0124475955963134,0,True,53,33,True,38,32,0.9654121994972228,1156.1033935546875,-1836708919.1293488,2025-11-20 20:57:25
er_65536_1_8.txt,erdos_renyi_10ins_m20,45,SpecAnn,0.554153962516942,1.0,-17141666.000000004,-5543196.0,0.0124211311340332,0,True,53,33,True,39,32,0.9644527435302734,1096.775634765625,-1740722821.7971334,2025-11-20 20:57:25
er_65536_1_8.txt,erdos_renyi_10ins_m20,45,SpecAnn,0.5612135332663137,1.0,-17110876.0,-5609179.999999999,0.0123817920684814,0,True,53,33,True,40,32,0.9634774923324584,1041.19580078125,-1650839523.4739363,2025-11-20 20:57:25
er_65536_1_8.txt,erdos_renyi_10ins_m20,45,SpecAnn,0.5681853972686127,1.0,-17123348.0,-5662179.999999999,0.0123870372772216,0,True,53,33,True,41,32,0.96248596906662,989.0756225585938,-1566587950.0318587,2025-11-20 20:57:25
er_65536_1_8.txt,erdos_renyi_10ins_m20,45,SpecAnn,0.5750727444570146,1.0,-17114978.0,-5723231.999999999,0.0124323368072509,0,True,53,33,True,42,32,0.961478054523468,940.1530151367188,-1487540489.5619686,2025-11-20 20:57:25
er_65536_1_8.txt,erdos_renyi_10ins_m20,45,SpecAnn,0.5818785759635375,1.0,-17098750.0,-5789067.999999999,0.0126192569732666,0,True,53,33,True,43,32,0.9604531526565552,894.19091796875,-1413309627.6686096,2025-11-20 20:57:25
er_65536_1_8.txt,erdos_renyi_10ins_m20,45,SpecAnn,0.5886057194025436,1.0,-17148758.0,-5855041.999999999,0.0126099586486816,0,True,53,33,True,44,32,0.959411084651947,850.9727172851562,-1343541992.327178,2025-11-20 20:57:25
er_65536_1_8.txt,erdos_renyi_10ins_m20,45,SpecAnn,0.5952568425994088,1.0,-17104860.0,-5922172.000000001,0.012563943862915,0,True,53,33,True,45,32,0.9583512544631958,810.2998046875,-1277913112.3422327,2025-11-20 20:57:25
er_65536_1_8.txt,erdos_renyi_10ins_m20,45,SpecAnn,0.6018344659534288,1.0,-17113071.999999996,-5993114.0,0.0124118328094482,0,True,53,33,True,46,32,0.9572731852531432,771.9921875,-1216129086.061906,2025-11-20 20:57:25
er_65536_1_8.txt,erdos_renyi_10ins_m20,45,SpecAnn,0.6083409735974393,1.0,-17132716.0,-6067930.0,0.0124602317810058,0,True,53,33,True,47,32,0.9561765193939208,735.884033203125,-1157919402.078683,2025-11-20 20:57:25
er_65536_1_8.txt,erdos_renyi_10ins_m20,45,SpecAnn,0.6147786234942719,1.0,-17137954.0,-6160894.0,0.0124483108520507,0,True,53,33,True,48,32,0.9550609588623048,701.823486328125,-1103036456.050985,2025-11-20 20:57:25
er_65536_1_8.txt,erdos_renyi_10ins_m20,45,SpecAnn,0.6211495565912796,1.0,-17115020.0,-6228869.999999999,0.0124256610870361,0,True,53,33,True,49,32,0.9539257884025574,669.6714477539062,-1051253001.4403988,2025-11-20 20:57:25
er_65536_1_8.txt,erdos_renyi_10ins_m20,45,SpecAnn,0.6274558051381586,1.0,-17137144.0,-6303824.0,0.0125949382781982,0,True,53,33,True,50,32,0.9527705907821656,639.2991943359375,-1002359190.8361737,2025-11-20 20:57:25
er_65536_1_8.txt,erdos_renyi_10ins_m20,45,SpecAnn,0.6336993002596786,1.0,-17165282.0,-6368798.000000002,0.0127005577087402,0,True,53,33,True,51,32,0.9515948295593262,610.5894775390625,-956163730.355262,2025-11-20 20:57:26
er_65536_1_8.txt,erdos_renyi_10ins_m20,45,SpecAnn,0.6398818788633085,1.0,-17096068.0,-6463438.000000002,0.0126881599426269,0,True,53,33,True,52,32,0.950398087501526,583.433349609375,-912489089.4420592,2025-11-20 20:57:26
er_65536_1_8.txt,erdos_renyi_10ins_m20,45,SpecAnn,0.6460052899517691,1.0,-17084540.000000004,-6560666.0,0.012782335281372,0,True,53,33,True,53,32,0.9491795897483826,557.7301635742188,-871170980.8209131,2025-11-20 20:57:26
er_65536_1_8.txt,erdos_renyi_10ins_m20,45,SpecAnn,0.6520712004019966,1.0,-17114156.0,-6634244.0,0.0127222537994384,0,True,53,33,True,54,32,0.947938859462738,533.3875732421875,-832058950.6365551,2025-11-20 20:57:26
er_65536_1_8.txt,erdos_renyi_10ins_m20,45,SpecAnn,0.6580812002646271,1.0,-17115380.0,-6718244.0,0.0126500129699707,0,True,53,33,True,55,32,0.9466754794120787,510.3197937011719,-795013344.1819441,2025-11-20 20:57:26
er_65536_1_8.txt,erdos_renyi_10ins_m20,45,SpecAnn,0.6640368076317485,1.0,-17139866.0,-6809909.999999999,0.0126986503601074,0,True,53,33,True,56,32,0.9453885555267334,488.44732666015625,-759904391.050896,2025-11-20 20:57:26
er_65536_1_8.txt,erdos_renyi_10ins_m20,45,SpecAnn,0.6699394731151429,1.0,-17125164.000000004,-6893494.0,0.0126755237579345,0,True,53,33,True,57,32,0.9440774321556092,467.6969299316406,-726612745.69064,2025-11-20 20:57:26
er_65536_1_8.txt,erdos_renyi_10ins_m20,45,SpecAnn,0.6757905839724513,1.0,-17122870.0,-6974329.999999999,0.0125544071197509,0,True,53,33,True,58,32,0.942741632461548,447.9999694824219,-695026793.7710053,2025-11-20 20:57:26
er_65536_1_8.txt,erdos_renyi_10ins_m20,45,SpecAnn,0.6815914679145113,1.0,-17101281.999999996,-7058966.000000001,0.0126550197601318,0,True,53,33,True,59,32,0.9413803219795228,429.2935791015625,-665044008.4265436,2025-11-20 20:57:26
er_65536_1_8.txt,erdos_renyi_10ins_m20,45,SpecAnn,0.6873433966234707,1.0,-17123706.0,-7161615.999999999,0.0126833915710449,0,True,53,33,True,60,32,0.9399926662445068,411.5182495117188,-636567469.7377282,2025-11-20 20:57:26
er_65536_1_8.txt,erdos_renyi_10ins_m20,45,SpecAnn,0.6930475890080863,1.0,-17119190.0,-7236791.999999999,0.0126106739044189,0,True,53,33,True,61,32,0.9385778307914734,394.6197204589844,-609508761.7259667,2025-11-20 20:57:26
er_65536_1_8.txt,erdos_renyi_10ins_m20,45,SpecAnn,0.6987052142198116,1.0,-17128666.0,-7338800.0,0.0125784873962402,0,True,53,33,True,62,32,0.9371351003646852,378.5466918945313,-583784468.3767035,2025-11-20 20:57:26
er_65536_1_8.txt,erdos_renyi_10ins_m20,45,SpecAnn,0.7043173944508145,1.0,-17115271.999999996,-7424656.0,0.0124602317810058,0,True,53,33,True,63,32,0.9356637001037598,363.2515563964844,-559317156.621481,2025-11-20 20:57:26
er_65536_1_8.txt,erdos_renyi_10ins_m20,45,SpecAnn,0.709885207532891,1.0,-17153270.0,-7533972.0,0.0125293731689453,0,True,53,33,True,64,32,0.934162437915802,348.690185546875,-536034818.7099314,2025-11-20 20:57:26
er_65536_1_8.txt,erdos_renyi_10ins_m20,45,SpecAnn,0.7154096893543218,1.0,-17139000.0,-7652284.0,0.0125281810760498,0,True,53,33,True,65,32,0.9326305389404296,334.82086181640625,-513869709.6236323,2025-11-20 20:57:26
er_65536_1_8.txt,erdos_renyi_10ins_m20,45,SpecAnn,0.7208918361100219,1.0,-17171346.0,-7775345.999999999,0.0125741958618164,0,True,53,33,True,66,32,0.9310669898986816,321.605224609375,-492759381.3442156,2025-11-20 20:57:26
er_65536_1_8.txt,erdos_renyi_10ins_m20,45,SpecAnn,0.7263326063988248,1.0,-17177170.0,-7876898.0,0.01267671585083,0,True,53,33,True,67,32,0.9294705390930176,309.00689697265625,-472644575.7047306,2025-11-20 20:57:26
er_65536_1_8.txt,erdos_renyi_10ins_m20,45,SpecAnn,0.7317329231804058,1.0,-17186080.000000004,-7988730.000000002,0.0126905441284179,0,True,53,33,True,68,32,0.9278401732444764,296.9921875,-453470535.8469001,2025-11-20 20:57:26
er_65536_1_8.txt,erdos_renyi_10ins_m20,45,SpecAnn,0.7370936756031579,1.0,-17191814.0,-8079170.000000001,0.0127270221710205,0,True,53,33,True,69,32,0.9261747598648072,285.5292358398437,-435185484.2482333,2025-11-20 20:57:26
er_65536_1_8.txt,erdos_renyi_10ins_m20,45,SpecAnn,0.7424157207132704,1.0,-17179002.000000004,-8183908.0,0.0126566886901855,0,True,53,33,True,70,32,0.9244728684425354,274.5885314941406,-417741325.92332506,2025-11-20 20:57:26
er_65536_1_8.txt,erdos_renyi_10ins_m20,45,SpecAnn,0.7476998850543153,1.0,-17176702.0,-8313783.999999999,0.0124962329864501,0,True,53,33,True,71,32,0.9227333068847656,264.1422424316406,-401092862.8011884,2025-11-20 20:57:26
er_65536_1_8.txt,erdos_renyi_10ins_m20,45,SpecAnn,0.7529469661657903,1.0,-17140843.999999996,-8436924.000000002,0.0124523639678955,0,True,53,33,True,72,32,0.9209545254707336,254.16407775878903,-385197298.2650809,2025-11-20 20:57:26
er_65536_1_8.txt,erdos_renyi_10ins_m20,45,SpecAnn,0.7581577339883167,1.0,-17162290.0,-8562524.0,0.0123932361602783,0,True,53,33,True,73,32,0.91913503408432,244.62974548339844,-370015110.6059647,2025-11-20 20:57:26
er_65536_1_8.txt,erdos_renyi_10ins_m20,45,SpecAnn,0.7633329321824984,1.0,-17211758.000000004,-8712257.999999998,0.0123932361602783,0,True,53,33,True,74,32,0.9172734022140504,235.51614379882807,-355508802.8843978,2025-11-20 20:57:26
er_65536_1_8.txt,erdos_renyi_10ins_m20,45,SpecAnn,0.7684732793678399,1.0,-17158520.0,-8870884.0,0.0124459266662597,0,True,53,33,True,75,32,0.9153679609298706,226.80154418945312,-341643050.5734334,2025-11-20 20:57:26
er_65536_1_8.txt,erdos_renyi_10ins_m20,45,SpecAnn,0.7735794702875677,1.0,-17185278.0,-9023171.999999998,0.0124545097351074,0,True,53,33,True,76,32,0.913416624069214,218.4656982421875,-328384798.80198467,2025-11-20 20:57:26
er_65536_1_8.txt,erdos_renyi_10ins_m20,45,SpecAnn,0.7786521769046981,1.0,-17172816.0,-9164646.0,0.0123968124389648,0,True,53,33,True,77,32,0.9114176630973816,210.48941040039065,-315702898.3022993,2025-11-20 20:57:26
er_65536_1_8.txt,erdos_renyi_10ins_m20,45,SpecAnn,0.7836920494342511,1.0,-17198602.0,-9344158.0,0.0124447345733642,0,True,53,33,True,78,32,0.909368932247162,202.8546905517578,-303568037.85392857,2025-11-20 20:57:26
er_65536_1_8.txt,erdos_renyi_10ins_m20,45,SpecAnn,0.788699717316095,1.0,-17227081.999999996,-9485328.000000002,0.0124397277832031,0,True,53,33,True,79,32,0.9072684645652772,195.54449462890625,-291952558.4325572,2025-11-20 20:57:26
er_65536_1_8.txt,erdos_renyi_10ins_m20,45,SpecAnn,0.7936757901325451,1.0,-17231490.0,-9635508.000000002,0.0124621391296386,0,True,53,33,True,80,32,0.9051138758659364,188.5429077148437,-280830517.2399324,2025-11-20 20:57:26
er_65536_1_8.txt,erdos_renyi_10ins_m20,45,SpecAnn,0.7986208584745024,1.0,-17247185.999999996,-9831722.0,0.012498140335083,0,True,53,33,True,81,32,0.9029025435447692,181.83462524414065,-270176977.4146196,2025-11-20 20:57:26
er_65536_1_8.txt,erdos_renyi_10ins_m20,45,SpecAnn,0.803535494759617,1.0,-17240136.0,-10000956.0,0.0124104022979736,0,True,53,33,True,82,32,0.9006320238113403,175.40557861328125,-259969059.5890723,2025-11-20 20:57:26
er_65536_1_8.txt,erdos_renyi_10ins_m20,45,SpecAnn,0.8084202540056837,1.0,-17243138.0,-10163678.000000002,0.0124268531799316,0,True,53,33,True,83,32,0.8982992172241211,169.24227905273438,-250184709.0558659,2025-11-20 20:57:26
er_65536_1_8.txt,erdos_renyi_10ins_m20,45,SpecAnn,0.8132756745622272,1.0,-17277702.0,-10330768.0,0.0125524997711181,0,True,53,33,True,84,32,0.8959014415740967,163.3319091796875,-240803142.61067697,2025-11-20 20:57:26
er_65536_1_8.txt,erdos_renyi_10ins_m20,45,SpecAnn,0.8181022788030096,1.0,-17289024.0,-10538951.999999998,0.0124320983886718,0,True,53,33,True,85,32,0.8934351205825806,157.66256713867188,-231804835.1500449,2025-11-20 20:57:26
er_65536_1_8.txt,erdos_renyi_10ins_m20,45,SpecAnn,0.822900573781978,1.0,-17260754.0,-10773046.0,0.0125682353973388,0,True,53,33,True,86,32,0.8908969163894653,152.22286987304688,-223171245.7433457,2025-11-20 20:57:26
er_65536_1_8.txt,erdos_renyi_10ins_m20,45,SpecAnn,0.8276710518549868,1.0,-17291450.0,-10957998.0,0.0124299526214599,0,True,53,33,True,87,32,0.8882828950881958,147.0020751953125,-214884772.7468612,2025-11-20 20:57:26
er_65536_1_8.txt,erdos_renyi_10ins_m20,45,SpecAnn,0.8324141912694495,1.0,-17288328.0,-11180395.999999998,0.0124504566192626,0,True,53,33,True,88,32,0.8855891227722168,141.98997497558594,-206928749.27773675,2025-11-20 20:57:26
er_65536_1_8.txt,erdos_renyi_10ins_m20,45,SpecAnn,0.8371304567239225,1.0,-17292464.0,-11397258.0,0.0125319957733154,0,True,53,33,True,89,32,0.8828111290931702,137.17703247070312,-199287509.34705475,2025-11-20 20:57:26
er_65536_1_8.txt,erdos_renyi_10ins_m20,45,SpecAnn,0.8418202998994706,1.0,-17317206.0,-11618880.0,0.0124623775482177,0,True,53,33,True,90,32,0.8799440860748291,132.55401611328125,-191945901.69495755,2025-11-20 20:57:26
er_65536_1_8.txt,erdos_renyi_10ins_m20,45,SpecAnn,0.846484159964536,1.0,-17326066.0,-11813326.0,0.0124392509460449,0,True,53,33,True,91,32,0.8769828677177429,128.11236572265625,-184889835.7738411,2025-11-20 20:57:26
er_65536_1_8.txt,erdos_renyi_10ins_m20,45,SpecAnn,0.8511224640549078,1.0,-17338544.0,-12069310.0,0.0124292373657226,0,True,53,33,True,92,32,0.873921811580658,123.84394073486328,-178105863.81194264,2025-11-20 20:57:26
er_65536_1_8.txt,erdos_renyi_10ins_m20,45,SpecAnn,0.8557356277302758,1.0,-17357262.0,-12301422.0,0.012444257736206,0,True,53,33,True,93,32,0.8707549571990967,119.74087524414062,-171581025.94896558,2025-11-20 20:57:26
er_65536_1_8.txt,erdos_renyi_10ins_m20,45,SpecAnn,0.8603240554087516,1.0,-17370374.000000004,-12534242.0,0.0124387741088867,0,True,53,33,True,94,32,0.8674754500389099,115.7957763671875,-165303020.08728287,2025-11-20 20:57:26
er_65536_1_8.txt,erdos_renyi_10ins_m20,45,SpecAnn,0.86488814078064,1.0,-17366944.0,-12786113.999999998,0.0124075412750244,0,True,53,33,True,95,32,0.8640761375427246,112.0018081665039,-159260444.0243503,2025-11-20 20:57:26
er_65536_1_8.txt,erdos_renyi_10ins_m20,45,SpecAnn,0.8694282672026621,1.0,-17411402.0,-13032539.999999998,0.0124497413635253,0,True,53,33,True,96,32,0.8605489730834961,108.35218811035156,-153441965.60260868,2025-11-20 20:57:26
er_65536_1_8.txt,erdos_renyi_10ins_m20,45,SpecAnn,0.8739448080737451,1.0,-17434934.0,-13277138.000000002,0.0124378204345703,0,True,53,33,True,97,32,0.8568852543830872,104.84068298339844,-147837083.85360566,2025-11-20 20:57:26
er_65536_1_8.txt,erdos_renyi_10ins_m20,45,SpecAnn,0.878438127193422,1.0,-17442718.0,-13540495.999999998,0.0123825073242187,0,True,53,33,True,98,32,0.853075385093689,101.46129608154295,-142435647.13708812,2025-11-20 20:57:26
er_65536_1_8.txt,erdos_renyi_10ins_m20,45,SpecAnn,0.8829085791038153,1.0,-17494434.000000004,-13805203.999999998,0.0124058723449707,0,True,53,33,True,99,32,0.8491088151931763,98.20828247070312,-137227876.1690391,2025-11-20 20:57:26
er_65536_1_8.txt,erdos_renyi_10ins_m20,45,SpecAnn,0.8873565094161138,1.0,-17513330.000000004,-14054657.999999996,0.0236299037933349,0,True,53,65,True,100,32,0.8449740409851074,95.07627868652344,-132204554.89601296,2025-11-20 20:57:26
er_65536_1_8.txt,erdos_renyi_10ins_m20,45,SpecAnn,0.8917822551223932,1.0,-17553782.0,-14317705.999999998,0.0237524509429931,0,True,53,65,True,101,32,0.8406583070755005,92.0601043701172,-127356714.93154712,2025-11-20 20:57:26
er_65536_1_8.txt,erdos_renyi_10ins_m20,45,SpecAnn,0.8961861448935777,1.0,-17598702.0,-14552720.000000002,0.0237646102905273,0,True,53,65,True,102,32,0.8361478447914124,89.15487670898438,-122675844.092415,2025-11-20 20:57:26
er_65536_1_8.txt,erdos_renyi_10ins_m20,45,SpecAnn,0.9005684993642872,1.0,-17638132.0,-14815718.000000002,0.0241081714630126,0,True,53,65,True,103,32,0.8314272165298462,86.35595703125,-118153724.14387374,2025-11-20 20:57:26
er_65536_1_8.txt,erdos_renyi_10ins_m20,45,SpecAnn,0.9049296314052688,1.0,-17700176.000000004,-15061646.000000002,0.0238080024719238,0,True,53,65,True,104,32,0.8264807462692261,83.65882873535156,-113782480.43956175,2025-11-20 20:57:26
er_65536_1_8.txt,erdos_renyi_10ins_m20,45,SpecAnn,0.9092698463840684,1.0,-17717988.0,-15323106.000000002,0.0350551605224609,0,True,53,97,True,105,32,0.8212920427322388,81.0593032836914,-109554786.82752337,2025-11-20 20:57:26
er_65536_1_8.txt,erdos_renyi_10ins_m20,45,SpecAnn,0.9135894424145556,1.0,-17761056.0,-15497548.000000002,0.0460095405578613,0,True,53,129,True,106,32,0.8158447742462158,78.55339050292969,-105463783.4253844,2025-11-20 20:57:26
er_65536_1_8.txt,erdos_renyi_10ins_m20,45,SpecAnn,0.9178887105958816,1.0,-17784080.000000004,-15627108.000000004,0.0915577411651611,0,True,53,257,True,107,32,0.8101200461387634,76.13716125488281,-101502545.91874675,2025-11-20 20:57:26
er_65536_1_8.txt,erdos_renyi_10ins_m20,45,SpecAnn,0.922167935241408,1.0,-17768000.0,-15555698.000000002,0.1367948055267334,0,True,53,385,True,108,32,0.8041071891784668,73.80699157714844,-97665757.984195,2025-11-20 20:57:27
er_65536_1_8.txt,erdos_renyi_10ins_m20,45,SpecAnn,0.92642739409812,1.0,-17728066.000000004,-15497284.000000002,0.0696332454681396,0,True,53,193,True,109,32,0.7978748083114624,71.5594253540039,-93957720.94919305,2025-11-20 20:57:27
er_65536_1_8.txt,erdos_renyi_10ins_m20,45,SpecAnn,0.9306673585570006,1.0,-17715470.0,-15454686.0,0.0464160442352294,0,True,53,129,True,110,32,0.7914624810218811,69.39106750488281,-90378426.77377205,2025-11-20 20:57:27
er_65536_1_8.txt,erdos_renyi_10ins_m20,45,SpecAnn,0.9348880938548184,1.0,-17694922.000000004,-15401068.0,0.0462994575500488,0,True,53,129,True,111,32,0.7848739624023438,67.29878997802734,-86923669.95334396,2025-11-20 20:57:27
er_65536_1_8.txt,erdos_renyi_10ins_m20,45,SpecAnn,0.9390898592677528,1.0,-17696520.000000004,-15390004.000000002,0.035102367401123,0,True,53,97,True,112,32,0.7781071662902832,65.2795181274414,-83588634.66415584,2025-11-20 20:57:27
er_65536_1_8.txt,erdos_renyi_10ins_m20,45,SpecAnn,0.9432729082972536,1.0,-17685872.0,-15381161.999999996,0.0353679656982421,0,True,53,97,True,113,32,0.7711579203605652,63.33036804199219,-80368564.60688479,2025-11-20 20:57:27
er_65536_1_8.txt,erdos_renyi_10ins_m20,45,SpecAnn,0.9474374888485204,1.0,-17681996.0,-15365532.0,0.0353720188140869,0,True,53,97,True,114,32,0.7640219926834106,61.448577880859375,-77258909.33413287,2025-11-20 20:57:27
er_65536_1_8.txt,erdos_renyi_10ins_m20,45,SpecAnn,0.9515838434019476,1.0,-17692582.0,-15366052.0,0.046708345413208,0,True,53,129,True,115,32,0.7566959857940674,59.631473541259766,-74255366.80896457,2025-11-20 20:57:27
er_65536_1_8.txt,erdos_renyi_10ins_m20,45,SpecAnn,0.9557122091778746,1.0,-17674694.0,-15361453.999999998,0.0238442420959472,0,True,53,65,True,116,32,0.7491754293441772,57.8765869140625,-71353834.04180516,2025-11-20 20:57:27
er_65536_1_8.txt,erdos_renyi_10ins_m20,45,SpecAnn,0.9598228182949629,1.0,-17675300.0,-15356006.0,0.0464174747467041,0,True,53,129,True,117,32,0.7414553761482239,56.18144607543945,-68550212.97934477,2025-11-20 20:57:27
er_65536_1_8.txt,erdos_renyi_10ins_m20,45,SpecAnn,0.963915897922488,1.0,-17668028.0,-15356862.0,0.0237514972686767,0,True,53,65,True,118,32,0.7335319519042969,54.54378509521485,-65840813.04947338,2025-11-20 20:57:27
er_65536_1_8.txt,erdos_renyi_10ins_m20,45,SpecAnn,0.967991670426842,1.0,-17652566.0,-15346342.000000002,0.0237820148468017,0,True,53,65,True,119,32,0.7254001498222351,52.96136093139648,-63221916.070999786,2025-11-20 20:57:27
er_65536_1_8.txt,erdos_renyi_10ins_m20,45,SpecAnn,0.9720503535125016,1.0,-17678708.0,-15349092.0,0.0237658023834228,0,True,53,65,True,120,32,0.7170553207397461,51.43206024169922,-60690045.15533248,2025-11-20 20:57:27
er_65536_1_8.txt,erdos_renyi_10ins_m20,45,SpecAnn,0.9760921603577252,1.0,-17669474.0,-15348599.999999996,0.02376389503479,0,True,53,65,True,121,32,0.7084926962852478,49.953887939453125,-58241902.001846366,2025-11-20 20:57:27
er_65536_1_8.txt,erdos_renyi_10ins_m20,45,SpecAnn,0.9801172997452104,1.0,-17666950.0,-15353099.999999998,0.0239269733428955,0,True,53,65,True,122,32,0.6997075080871582,48.52488708496094,-55874280.5352843,2025-11-20 20:57:27
er_65536_1_8.txt,erdos_renyi_10ins_m20,45,SpecAnn,0.9841259761879442,1.0,-17671750.000000004,-15353942.0,0.0242142677307128,0,True,53,65,True,123,32,0.6906944513320923,47.14323043823242,-53584129.81596279,2025-11-20 20:57:27
er_65536_1_8.txt,erdos_renyi_10ins_m20,45,SpecAnn,0.9881183900504562,1.0,-17675098.0,-15354864.000000002,0.0241994857788085,0,True,53,65,True,124,32,0.6814485788345337,45.80710983276367,-51368496.87269419,2025-11-20 20:57:27
er_65536_1_8.txt,erdos_renyi_10ins_m20,45,SpecAnn,0.9920947376656812,1.0,-17641116.0,-15350370.000000002,0.0240697860717773,0,True,53,65,True,125,32,0.6719644665718079,44.51485061645508,-49224589.710277,2025-11-20 20:57:27
er_65536_1_8.txt,erdos_renyi_10ins_m20,45,SpecAnn,0.9960552114476228,1.0,-17657230.0,-15341480.0,0.0238311290740966,0,True,53,65,True,126,32,0.6622374057769775,43.26483154296875,-47149772.46856392,2025-11-20 20:57:27
er_65536_1_8.txt,erdos_renyi_10ins_m20,45,SpecAnn,1.0,1.0,-17659140.0,-15339322.0,0.0237903594970703,0,True,53,65,True,127,32,0.6522613763809204,42.05546188354492,-45141391.9002643,2025-11-20 20:57:27
er_65536_1_8.txt,erdos_renyi_10ins_m20,46,SpecAnn,0.0,1.0,-17116488.0,-3512346.0000000005,0.0143568515777587,0,True,56,33,True,0,32,0.995488464832306,65537.0,-107362759599.63072,2025-11-20 20:57:28
er_65536_1_8.txt,erdos_renyi_10ins_m20,46,SpecAnn,0.0887356509416113,1.0,-17174784.0,-3634800.000000001,0.0125374794006347,0,True,56,33,True,1,32,0.9937390685081482,34016.2734375,-55627555364.85997,2025-11-20 20:57:28
er_65536_1_8.txt,erdos_renyi_10ins_m20,46,SpecAnn,0.1254911610276317,1.0,-17085258.000000004,-3685990.0,0.0124309062957763,0,True,56,33,True,2,32,0.9928280711174012,25927.08984375,-42360267789.90374,2025-11-20 20:57:28
er_65536_1_8.txt,erdos_renyi_10ins_m20,46,SpecAnn,0.1536946558735679,1.0,-17143923.999999996,-3734912.000000001,0.0123810768127441,0,True,56,33,True,3,32,0.992039680480957,21051.08984375,-34366436745.47459,2025-11-20 20:57:28
er_65536_1_8.txt,erdos_renyi_10ins_m20,46,SpecAnn,0.1774713018832227,1.0,-17075080.0,-3790752.000000001,0.0124592781066894,0,True,56,33,True,4,32,0.9913078546524048,17660.654296875,-28810196021.82112,2025-11-20 20:57:28
er_65536_1_8.txt,erdos_renyi_10ins_m20,46,SpecAnn,0.1984189475331362,1.0,-17100316.000000004,-3846184.0000000014,0.0124022960662841,0,True,56,33,True,5,32,0.99060720205307,15129.37109375,-24663416267.34376,2025-11-20 20:57:28
er_65536_1_8.txt,erdos_renyi_10ins_m20,46,SpecAnn,0.2173570668006655,1.0,-17106280.0,-3881258.000000001,0.012383222579956,0,True,56,33,True,6,32,0.9899248480796814,13154.857421875,-21429855736.49063,2025-11-20 20:57:28
er_65536_1_8.txt,erdos_renyi_10ins_m20,46,SpecAnn,0.2347724648169381,1.0,-17129780.0,-3929319.999999999,0.0124907493591308,0,True,56,33,True,7,32,0.9892534613609314,11567.5126953125,-18831219247.105133,2025-11-20 20:57:28
er_65536_1_8.txt,erdos_renyi_10ins_m20,46,SpecAnn,0.2509823220552634,1.0,-17076194.0,-3969200.0,0.0126259326934814,0,True,56,33,True,8,32,0.9885880351066588,10262.7587890625,-16695919723.59829,2025-11-20 20:57:28
er_65536_1_8.txt,erdos_renyi_10ins_m20,46,SpecAnn,0.2662069528248341,1.0,-17091382.000000004,-4008979.999999999,0.0126471519470214,0,True,56,33,True,9,32,0.9879252910614014,9171.7294921875,-14910981018.439066,2025-11-20 20:57:28
er_65536_1_8.txt,erdos_renyi_10ins_m20,46,SpecAnn,0.2806067666331568,1.0,-17081196.000000004,-4052035.999999999,0.0126681327819824,0,True,56,33,True,10,32,0.9872626662254332,8246.818359375,-13398309934.752216,2025-11-20 20:57:28
er_65536_1_8.txt,erdos_renyi_10ins_m20,46,SpecAnn,0.2943028597012718,1.0,-17112842.0,-4096064.0000000014,0.0125668048858642,0,True,56,33,True,11,32,0.9865983724594116,7453.85888671875,-12101868729.118055,2025-11-20 20:57:28
er_65536_1_8.txt,erdos_renyi_10ins_m20,46,SpecAnn,0.3073893117471359,1.0,-17111316.0,-4142951.999999999,0.0125458240509033,0,True,56,33,True,12,32,0.9859309196472168,6767.576171875,-10980206701.846588,2025-11-20 20:57:28
er_65536_1_8.txt,erdos_renyi_10ins_m20,46,SpecAnn,0.3199409394316542,1.0,-17132176.0,-4181052.0,0.0123469829559326,0,True,56,33,True,13,32,0.985259175300598,6168.8251953125,-10001930404.57957,2025-11-20 20:57:28
er_65536_1_8.txt,erdos_renyi_10ins_m20,46,SpecAnn,0.3320184038158743,1.0,-17097342.000000004,-4218604.000000001,0.0123579502105712,0,True,56,33,True,14,32,0.9845820665359496,5642.79345703125,-9142752255.445004,2025-11-20 20:57:28
er_65536_1_8.txt,erdos_renyi_10ins_m20,46,SpecAnn,0.3436716983117353,1.0,-17094290.0,-4266290.000000002,0.01241135597229,0,True,56,33,True,15,32,0.9838988780975342,5177.8310546875,-8383574301.406371,2025-11-20 20:57:28
er_65536_1_8.txt,erdos_renyi_10ins_m20,46,SpecAnn,0.3549426037664455,1.0,-17074404.0,-4318282.000000001,0.0123505592346191,0,True,56,33,True,16,32,0.9832088351249696,4764.634765625,-7709145885.600081,2025-11-20 20:57:28
er_65536_1_8.txt,erdos_renyi_10ins_m20,46,SpecAnn,0.3658664615902029,1.0,-17135184.000000004,-4370402.000000002,0.0124053955078125,0,True,56,33,True,17,32,0.9825112819671632,4395.6767578125,-7107128551.834039,2025-11-20 20:57:28
er_65536_1_8.txt,erdos_renyi_10ins_m20,46,SpecAnn,0.3764734830828951,1.0,-17063866.0,-4400306.000000002,0.012470006942749,0,True,56,33,True,18,32,0.9818058013916016,4064.80126953125,-6567435073.16186,2025-11-20 20:57:28
er_65536_1_8.txt,erdos_renyi_10ins_m20,46,SpecAnn,0.3867897351437838,1.0,-17111566.0,-4440556.000000001,0.0123825073242187,0,True,56,33,True,19,32,0.9810917377471924,3766.9228515625,-6081731188.680457,2025-11-20 20:57:28
er_65536_1_8.txt,erdos_renyi_10ins_m20,46,SpecAnn,0.3968378950662725,1.0,-17101166.0,-4492324.000000001,0.0123617649078369,0,True,56,33,True,20,32,0.980368673801422,3497.80224609375,-5643071517.314384,2025-11-20 20:57:28
er_65536_1_8.txt,erdos_renyi_10ins_m20,46,SpecAnn,0.4066378372811136,1.0,-17112252.0,-4529622.0,0.0123734474182128,0,True,56,33,True,21,32,0.979636251926422,3253.875732421875,-5245618320.135772,2025-11-20 20:57:28
er_65536_1_8.txt,erdos_renyi_10ins_m20,46,SpecAnn,0.4162070956347247,1.0,-17095910.0,-4579114.000000001,0.0123920440673828,0,True,56,33,True,22,32,0.978894054889679,3032.129150390625,-4884434195.563359,2025-11-20 20:57:28
er_65536_1_8.txt,erdos_renyi_10ins_m20,46,SpecAnn,0.4255612320274539,1.0,-17128732.000000004,-4634784.0,0.0124833583831787,0,True,56,33,True,23,32,0.978141725063324,2829.994140625,-4555312736.380554,2025-11-20 20:57:28
er_65536_1_8.txt,erdos_renyi_10ins_m20,46,SpecAnn,0.434714133601331,1.0,-17150200.0,-4688474.000000001,0.0125117301940917,0,True,56,33,True,24,32,0.9773789048194884,2645.2685546875,-4254647721.9780993,2025-11-20 20:57:28
er_65536_1_8.txt,erdos_renyi_10ins_m20,46,SpecAnn,0.4436782547080569,1.0,-17098496.0,-4742434.000000001,0.012408971786499,0,True,56,33,True,25,32,0.9766051769256592,2476.056640625,-3979334742.8481455,2025-11-20 20:57:28
er_65536_1_8.txt,erdos_renyi_10ins_m20,46,SpecAnn,0.4524648157026343,1.0,-17116380.0,-4780670.000000001,0.0124428272247314,0,True,56,33,True,26,32,0.975820243358612,2320.71533203125,-3726684020.7382135,2025-11-20 20:57:28
er_65536_1_8.txt,erdos_renyi_10ins_m20,46,SpecAnn,0.4610839676207039,1.0,-17149714.0,-4845096.000000002,0.0123755931854248,0,True,56,33,True,27,32,0.9750238060951232,2177.8154296875,-3494356146.458512,2025-11-20 20:57:28
er_65536_1_8.txt,erdos_renyi_10ins_m20,46,SpecAnn,0.4695449296338763,1.0,-17121282.0,-4902886.000000001,0.0124008655548095,0,True,56,33,True,28,32,0.974215567111969,2046.109130859375,-3280308843.80178,2025-11-20 20:57:28
er_65536_1_8.txt,erdos_renyi_10ins_m20,46,SpecAnn,0.4778561045889373,1.0,-17138790.0,-4962476.0,0.012373924255371,0,True,56,33,True,29,32,0.9733951687812804,1924.49951171875,-3082746888.54204,2025-11-20 20:57:28
er_65536_1_8.txt,erdos_renyi_10ins_m20,46,SpecAnn,0.4860251767562508,1.0,-17096064.0,-5015721.999999999,0.012470006942749,0,True,56,33,True,30,32,0.9725622534751892,1812.0224609375,-2900092586.2942924,2025-11-20 20:57:28
er_65536_1_8.txt,erdos_renyi_10ins_m20,46,SpecAnn,0.4940591950252281,1.0,-17102062.0,-5069229.999999999,0.0123734474182128,0,True,56,33,True,31,32,0.971716582775116,1707.82568359375,-2730951775.341124,2025-11-20 20:57:28
er_65536_1_8.txt,erdos_renyi_10ins_m20,46,SpecAnn,0.5019646441105269,1.0,-17172288.0,-5122468.0,0.0124702453613281,0,True,56,33,True,32,32,0.9708578586578368,1611.153564453125,-2574088434.45339,2025-11-20 20:57:28
er_65536_1_8.txt,erdos_renyi_10ins_m20,46,SpecAnn,0.5097475058154177,1.0,-17148089.999999996,-5177045.999999999,0.0123822689056396,0,True,56,33,True,33,32,0.9699856042861938,1521.333251953125,-2428401671.459604,2025-11-20 20:57:28
er_65536_1_8.txt,erdos_renyi_10ins_m20,46,SpecAnn,0.51741331199832,1.0,-17124896.0,-5234554.0,0.0124344825744628,0,True,56,33,True,34,32,0.9690997004508972,1437.766357421875,-2292913403.498218,2025-11-20 20:57:28
er_65536_1_8.txt,erdos_renyi_10ins_m20,46,SpecAnn,0.5249671905758515,1.0,-17132946.0,-5288816.000000001,0.0124292373657226,0,True,56,33,True,35,32,0.9681997895240784,1359.91650390625,-2166746505.1376514,2025-11-20 20:57:28
er_65536_1_8.txt,erdos_renyi_10ins_m20,46,SpecAnn,0.5324139056496683,1.0,-17097146.0,-5336945.999999999,0.0124299526214599,0,True,56,33,True,36,32,0.9672853946685792,1287.303466796875,-2049115533.6406124,2025-11-20 20:57:28
er_65536_1_8.txt,erdos_renyi_10ins_m20,46,SpecAnn,0.5397578926492556,1.0,-17106338.000000004,-5401163.999999999,0.0124175548553466,0,True,56,33,True,37,32,0.9663564562797546,1219.4951171875,-1939314723.7909875,2025-11-20 20:57:28
er_65536_1_8.txt,erdos_renyi_10ins_m20,46,SpecAnn,0.5470032892270364,1.0,-17126518.0,-5465618.0,0.0123472213745117,0,True,56,33,True,38,32,0.9654122591018676,1156.1033935546875,-1836709032.527939,2025-11-20 20:57:28
er_65536_1_8.txt,erdos_renyi_10ins_m20,46,SpecAnn,0.554153962516942,1.0,-17064045.999999996,-5543196.000000001,0.0124170780181884,0,True,56,33,True,39,32,0.9644527435302734,1096.775634765625,-1740722821.7971334,2025-11-20 20:57:28
er_65536_1_8.txt,erdos_renyi_10ins_m20,46,SpecAnn,0.5612135332663137,1.0,-17137297.999999996,-5609180.0,0.0125002861022949,0,True,56,33,True,40,32,0.9634774327278136,1041.19580078125,-1650839421.3462746,2025-11-20 20:57:28
er_65536_1_8.txt,erdos_renyi_10ins_m20,46,SpecAnn,0.5681853972686127,1.0,-17108498.0,-5662179.999999999,0.0123658180236816,0,True,56,33,True,41,32,0.9624860286712646,989.0756225585938,-1566588047.047214,2025-11-20 20:57:28
er_65536_1_8.txt,erdos_renyi_10ins_m20,46,SpecAnn,0.5750727444570146,1.0,-17108174.0,-5723231.999999999,0.0124011039733886,0,True,56,33,True,42,32,0.961478054523468,940.1530151367188,-1487540489.5619686,2025-11-20 20:57:28
er_65536_1_8.txt,erdos_renyi_10ins_m20,46,SpecAnn,0.5818785759635375,1.0,-17116818.0,-5789067.999999999,0.0124523639678955,0,True,56,33,True,43,32,0.9604532122612,894.19091796875,-1413309715.377019,2025-11-20 20:57:28
er_65536_1_8.txt,erdos_renyi_10ins_m20,46,SpecAnn,0.5886057194025436,1.0,-17102038.0,-5855042.000000001,0.0124855041503906,0,True,56,33,True,44,32,0.959411084651947,850.9727172851562,-1343541992.327178,2025-11-20 20:57:28
er_65536_1_8.txt,erdos_renyi_10ins_m20,46,SpecAnn,0.5952568425994088,1.0,-17132302.0,-5922172.000000001,0.0124506950378417,0,True,56,33,True,45,32,0.9583512544631958,810.2998046875,-1277913112.3422327,2025-11-20 20:57:28
er_65536_1_8.txt,erdos_renyi_10ins_m20,46,SpecAnn,0.6018344659534288,1.0,-17034560.0,-5993114.000000001,0.0124735832214355,0,True,56,33,True,46,32,0.9572731852531432,771.9921875,-1216129086.061906,2025-11-20 20:57:28
er_65536_1_8.txt,erdos_renyi_10ins_m20,46,SpecAnn,0.6083409735974393,1.0,-17111292.0,-6067930.000000001,0.0125997066497802,0,True,56,33,True,47,32,0.9561765193939208,735.884033203125,-1157919402.078683,2025-11-20 20:57:28
er_65536_1_8.txt,erdos_renyi_10ins_m20,46,SpecAnn,0.6147786234942719,1.0,-17080982.0,-6160893.999999999,0.0126097202301025,0,True,56,33,True,48,32,0.9550608396530152,701.823486328125,-1103036318.3716142,2025-11-20 20:57:28
er_65536_1_8.txt,erdos_renyi_10ins_m20,46,SpecAnn,0.6211495565912796,1.0,-17115362.0,-6228870.000000001,0.0126197338104248,0,True,56,33,True,49,32,0.9539257287979126,669.6714477539062,-1051252935.7544068,2025-11-20 20:57:28
er_65536_1_8.txt,erdos_renyi_10ins_m20,46,SpecAnn,0.6274558051381586,1.0,-17076157.999999996,-6303823.999999999,0.0127382278442382,0,True,56,33,True,50,32,0.9527706503868104,639.2991943359375,-1002359253.5430456,2025-11-20 20:57:28
er_65536_1_8.txt,erdos_renyi_10ins_m20,46,SpecAnn,0.6336993002596786,1.0,-17127080.000000004,-6368798.000000002,0.0124225616455078,0,True,56,33,True,51,32,0.9515948295593262,610.5894775390625,-956163730.355262,2025-11-20 20:57:28
er_65536_1_8.txt,erdos_renyi_10ins_m20,46,SpecAnn,0.6398818788633085,1.0,-17111116.0,-6463438.0,0.0124359130859375,0,True,56,33,True,52,32,0.9503980278968812,583.433349609375,-912489032.2148944,2025-11-20 20:57:28
er_65536_1_8.txt,erdos_renyi_10ins_m20,46,SpecAnn,0.6460052899517691,1.0,-17143410.0,-6560666.000000001,0.0124835968017578,0,True,56,33,True,53,32,0.9491795301437378,557.7301635742188,-871170926.1148939,2025-11-20 20:57:28
er_65536_1_8.txt,erdos_renyi_10ins_m20,46,SpecAnn,0.6520712004019966,1.0,-17108448.0,-6634244.000000001,0.0124061107635498,0,True,56,33,True,54,32,0.947938859462738,533.3875732421875,-832058950.6365551,2025-11-20 20:57:28
er_65536_1_8.txt,erdos_renyi_10ins_m20,46,SpecAnn,0.6580812002646271,1.0,-17107238.0,-6718244.0,0.0125224590301513,0,True,56,33,True,55,32,0.946675419807434,510.3197937011719,-795013294.1262609,2025-11-20 20:57:28
er_65536_1_8.txt,erdos_renyi_10ins_m20,46,SpecAnn,0.6640368076317485,1.0,-17114762.0,-6809910.0,0.0124588012695312,0,True,56,33,True,56,32,0.9453886151313782,488.44732666015625,-759904438.961177,2025-11-20 20:57:28
er_65536_1_8.txt,erdos_renyi_10ins_m20,46,SpecAnn,0.6699394731151429,1.0,-17124446.0,-6893494.0,0.0124819278717041,0,True,56,33,True,57,32,0.944077491760254,467.6969299316406,-726612791.5655789,2025-11-20 20:57:28
er_65536_1_8.txt,erdos_renyi_10ins_m20,46,SpecAnn,0.6757905839724513,1.0,-17119858.0,-6974330.000000001,0.0125079154968261,0,True,56,33,True,58,32,0.9427416920661926,447.9999694824219,-695026837.7139306,2025-11-20 20:57:28
er_65536_1_8.txt,erdos_renyi_10ins_m20,46,SpecAnn,0.6815914679145113,1.0,-17108606.0,-7058966.000000001,0.0124838352203369,0,True,56,33,True,59,32,0.941380262374878,429.2935791015625,-665043966.31847,2025-11-20 20:57:28
er_65536_1_8.txt,erdos_renyi_10ins_m20,46,SpecAnn,0.6873433966234707,1.0,-17117918.0,-7161616.0,0.0124602317810058,0,True,56,33,True,60,32,0.939992606639862,411.5182495117188,-636567429.3731816,2025-11-20 20:57:28
er_65536_1_8.txt,erdos_renyi_10ins_m20,46,SpecAnn,0.6930475890080863,1.0,-17096862.0,-7236791.999999999,0.0123891830444335,0,True,56,33,True,61,32,0.9385778307914734,394.6197204589844,-609508761.7259667,2025-11-20 20:57:28
er_65536_1_8.txt,erdos_renyi_10ins_m20,46,SpecAnn,0.6987052142198116,1.0,-17160400.0,-7338800.0,0.0125463008880615,0,True,56,33,True,62,32,0.9371351003646852,378.5466918945313,-583784468.3767035,2025-11-20 20:57:28
er_65536_1_8.txt,erdos_renyi_10ins_m20,46,SpecAnn,0.7043173944508145,1.0,-17143056.0,-7424656.0,0.0126628875732421,0,True,56,33,True,63,32,0.9356637001037598,363.2515563964844,-559317156.621481,2025-11-20 20:57:28
er_65536_1_8.txt,erdos_renyi_10ins_m20,46,SpecAnn,0.709885207532891,1.0,-17114430.0,-7533971.999999998,0.0126125812530517,0,True,56,33,True,64,32,0.9341625571250916,348.690185546875,-536034887.11380565,2025-11-20 20:57:28
er_65536_1_8.txt,erdos_renyi_10ins_m20,46,SpecAnn,0.7154096893543218,1.0,-17102380.0,-7652284.0,0.0124709606170654,0,True,56,33,True,65,32,0.9326305389404296,334.82086181640625,-513869709.6236323,2025-11-20 20:57:28
er_65536_1_8.txt,erdos_renyi_10ins_m20,46,SpecAnn,0.7208918361100219,1.0,-17191708.000000004,-7775346.000000001,0.0125112533569335,0,True,56,33,True,66,32,0.9310669302940368,321.605224609375,-492759349.7989581,2025-11-20 20:57:28
er_65536_1_8.txt,erdos_renyi_10ins_m20,46,SpecAnn,0.7263326063988248,1.0,-17165544.0,-7876898.0,0.0124146938323974,0,True,56,33,True,67,32,0.9294705390930176,309.00689697265625,-472644575.7047306,2025-11-20 20:57:28
er_65536_1_8.txt,erdos_renyi_10ins_m20,46,SpecAnn,0.7317329231804058,1.0,-17141748.0,-7988729.999999998,0.0124204158782958,0,True,56,33,True,68,32,0.9278401136398317,296.9921875,-453470506.7158589,2025-11-20 20:57:28
er_65536_1_8.txt,erdos_renyi_10ins_m20,46,SpecAnn,0.7370936756031579,1.0,-17139567.999999996,-8079170.000000001,0.0123376846313476,0,True,56,33,True,69,32,0.9261747598648072,285.5292358398437,-435185484.2482333,2025-11-20 20:57:28
er_65536_1_8.txt,erdos_renyi_10ins_m20,46,SpecAnn,0.7424157207132704,1.0,-17166508.0,-8183908.000000001,0.0124166011810302,0,True,56,33,True,70,32,0.9244728684425354,274.5885314941406,-417741325.92332506,2025-11-20 20:57:29
er_65536_1_8.txt,erdos_renyi_10ins_m20,46,SpecAnn,0.7476998850543153,1.0,-17185432.0,-8313783.999999998,0.0124373435974121,0,True,56,33,True,71,32,0.9227332472801208,264.1422424316406,-401092836.8922964,2025-11-20 20:57:29
er_65536_1_8.txt,erdos_renyi_10ins_m20,46,SpecAnn,0.7529469661657903,1.0,-17181798.0,-8436924.000000002,0.0124101638793945,0,True,56,33,True,72,32,0.9209545254707336,254.16407775878903,-385197298.2650809,2025-11-20 20:57:29
er_65536_1_8.txt,erdos_renyi_10ins_m20,46,SpecAnn,0.7581577339883167,1.0,-17153088.0,-8562524.0,0.0123424530029296,0,True,56,33,True,73,32,0.9191350936889648,244.62974548339844,-370015134.6009365,2025-11-20 20:57:29
er_65536_1_8.txt,erdos_renyi_10ins_m20,46,SpecAnn,0.7633329321824984,1.0,-17154602.000000004,-8712257.999999998,0.012552261352539,0,True,56,33,True,74,32,0.9172734618186952,235.51614379882807,-355508825.9854447,2025-11-20 20:57:29
er_65536_1_8.txt,erdos_renyi_10ins_m20,46,SpecAnn,0.7684732793678399,1.0,-17219106.0,-8870883.999999998,0.012596845626831,0,True,56,33,True,75,32,0.9153679013252258,226.80154418945312,-341643028.3271744,2025-11-20 20:57:29
er_65536_1_8.txt,erdos_renyi_10ins_m20,46,SpecAnn,0.7735794702875677,1.0,-17180800.0,-9023172.0,0.012632131576538,0,True,56,33,True,76,32,0.913416624069214,218.4656982421875,-328384798.80198467,2025-11-20 20:57:29
er_65536_1_8.txt,erdos_renyi_10ins_m20,46,SpecAnn,0.7786521769046981,1.0,-17190624.0,-9164646.0,0.0125982761383056,0,True,56,33,True,77,32,0.9114176034927368,210.48941040039065,-315702877.6560469,2025-11-20 20:57:29
er_65536_1_8.txt,erdos_renyi_10ins_m20,46,SpecAnn,0.7836920494342511,1.0,-17171564.0,-9344158.0,0.0125989913940429,0,True,56,33,True,78,32,0.9093689918518066,202.8546905517578,-303568057.751315,2025-11-20 20:57:29
er_65536_1_8.txt,erdos_renyi_10ins_m20,46,SpecAnn,0.788699717316095,1.0,-17217508.0,-9485328.000000002,0.0126307010650634,0,True,56,33,True,79,32,0.9072684645652772,195.54449462890625,-291952558.4325572,2025-11-20 20:57:29
er_65536_1_8.txt,erdos_renyi_10ins_m20,46,SpecAnn,0.7936757901325451,1.0,-17240260.0,-9635508.0,0.0126078128814697,0,True,56,33,True,80,32,0.9051138758659364,188.5429077148437,-280830517.2399324,2025-11-20 20:57:29
er_65536_1_8.txt,erdos_renyi_10ins_m20,46,SpecAnn,0.7986208584745024,1.0,-17217376.0,-9831722.0,0.0126233100891113,0,True,56,33,True,81,32,0.9029024839401244,181.83462524414065,-270176959.57902604,2025-11-20 20:57:29
er_65536_1_8.txt,erdos_renyi_10ins_m20,46,SpecAnn,0.803535494759617,1.0,-17233568.0,-10000956.0,0.0125575065612792,0,True,56,33,True,82,32,0.9006320238113403,175.40557861328125,-259969059.5890723,2025-11-20 20:57:29
er_65536_1_8.txt,erdos_renyi_10ins_m20,46,SpecAnn,0.8084202540056837,1.0,-17278396.0,-10163678.000000002,0.0123786926269531,0,True,56,33,True,83,32,0.8982992172241211,169.24227905273438,-250184709.0558659,2025-11-20 20:57:29
er_65536_1_8.txt,erdos_renyi_10ins_m20,46,SpecAnn,0.8132756745622272,1.0,-17267746.0,-10330768.0,0.0124118328094482,0,True,56,33,True,84,32,0.8959013819694519,163.3319091796875,-240803126.5899574,2025-11-20 20:57:29
er_65536_1_8.txt,erdos_renyi_10ins_m20,46,SpecAnn,0.8181022788030096,1.0,-17252270.0,-10538951.999999998,0.0124225616455078,0,True,56,33,True,85,32,0.8934351801872253,157.66256713867188,-231804850.6146763,2025-11-20 20:57:29
er_65536_1_8.txt,erdos_renyi_10ins_m20,46,SpecAnn,0.822900573781978,1.0,-17268380.0,-10773046.0,0.0123958587646484,0,True,56,33,True,86,32,0.8908969163894653,152.22286987304688,-223171245.7433457,2025-11-20 20:57:29
er_65536_1_8.txt,erdos_renyi_10ins_m20,46,SpecAnn,0.8276710518549868,1.0,-17278002.000000004,-10957998.0,0.0124628543853759,0,True,56,33,True,87,32,0.8882828950881958,147.0020751953125,-214884772.7468612,2025-11-20 20:57:29
er_65536_1_8.txt,erdos_renyi_10ins_m20,46,SpecAnn,0.8324141912694495,1.0,-17277782.000000004,-11180396.0,0.0124778747558593,0,True,56,33,True,88,32,0.8855891227722168,141.98997497558594,-206928749.27773675,2025-11-20 20:57:29
er_65536_1_8.txt,erdos_renyi_10ins_m20,46,SpecAnn,0.8371304567239225,1.0,-17261992.000000004,-11397258.0,0.0124287605285644,0,True,56,33,True,89,32,0.8828111290931702,137.17703247070312,-199287509.34705475,2025-11-20 20:57:29
er_65536_1_8.txt,erdos_renyi_10ins_m20,46,SpecAnn,0.8418202998994706,1.0,-17304376.000000004,-11618879.999999998,0.0125453472137451,0,True,56,33,True,90,32,0.8799440860748291,132.55401611328125,-191945901.69495755,2025-11-20 20:57:29
er_65536_1_8.txt,erdos_renyi_10ins_m20,46,SpecAnn,0.846484159964536,1.0,-17316198.0,-11813326.0,0.0124759674072265,0,True,56,33,True,91,32,0.8769828677177429,128.11236572265625,-184889835.7738411,2025-11-20 20:57:29
er_65536_1_8.txt,erdos_renyi_10ins_m20,46,SpecAnn,0.8511224640549078,1.0,-17346306.0,-12069310.0,0.0125114917755126,0,True,56,33,True,92,32,0.8739218711853027,123.84394073486328,-178105875.95941007,2025-11-20 20:57:29
er_65536_1_8.txt,erdos_renyi_10ins_m20,46,SpecAnn,0.8557356277302758,1.0,-17347726.0,-12301422.0,0.0125637054443359,0,True,56,33,True,93,32,0.8707549571990967,119.74087524414062,-171581025.94896558,2025-11-20 20:57:29
er_65536_1_8.txt,erdos_renyi_10ins_m20,46,SpecAnn,0.8603240554087516,1.0,-17355496.0,-12534242.0,0.0124228000640869,0,True,56,33,True,94,32,0.8674755096435547,115.7957763671875,-165303031.44533086,2025-11-20 20:57:29
er_65536_1_8.txt,erdos_renyi_10ins_m20,46,SpecAnn,0.86488814078064,1.0,-17378401.999999996,-12786114.0,0.0124664306640625,0,True,56,33,True,95,32,0.8640761375427246,112.0018081665039,-159260444.0243503,2025-11-20 20:57:29
er_65536_1_8.txt,erdos_renyi_10ins_m20,46,SpecAnn,0.8694282672026621,1.0,-17406032.000000004,-13032539.999999998,0.0123839378356933,0,True,56,33,True,96,32,0.8605489730834961,108.35218811035156,-153441965.60260868,2025-11-20 20:57:29
er_65536_1_8.txt,erdos_renyi_10ins_m20,46,SpecAnn,0.8739448080737451,1.0,-17445398.0,-13277137.999999998,0.0124051570892333,0,True,56,33,True,97,32,0.8568851947784424,104.84068298339844,-147837073.57010877,2025-11-20 20:57:29
er_65536_1_8.txt,erdos_renyi_10ins_m20,46,SpecAnn,0.878438127193422,1.0,-17430418.0,-13540496.000000002,0.0124733448028564,0,True,56,33,True,98,32,0.8530753254890442,101.46129608154295,-142435637.18506476,2025-11-20 20:57:29
er_65536_1_8.txt,erdos_renyi_10ins_m20,46,SpecAnn,0.8829085791038153,1.0,-17485020.0,-13805204.000000002,0.0124187469482421,0,True,56,33,True,99,32,0.8491088151931763,98.20828247070312,-137227876.1690391,2025-11-20 20:57:29
er_65536_1_8.txt,erdos_renyi_10ins_m20,46,SpecAnn,0.8873565094161138,1.0,-17528520.0,-14054657.999999996,0.0237653255462646,0,True,56,65,True,100,32,0.8449740409851074,95.07627868652344,-132204554.89601296,2025-11-20 20:57:29
er_65536_1_8.txt,erdos_renyi_10ins_m20,46,SpecAnn,0.8917822551223932,1.0,-17564942.0,-14317705.999999998,0.0237073898315429,0,True,56,65,True,101,32,0.8406583666801453,92.0601043701172,-127356723.96143678,2025-11-20 20:57:29
er_65536_1_8.txt,erdos_renyi_10ins_m20,46,SpecAnn,0.8961861448935777,1.0,-17608758.0,-14552720.000000002,0.0236988067626953,0,True,56,65,True,102,32,0.8361479043960571,89.15487670898438,-122675852.8373399,2025-11-20 20:57:29
er_65536_1_8.txt,erdos_renyi_10ins_m20,46,SpecAnn,0.9005684993642872,1.0,-17616140.0,-14815718.000000002,0.0237388610839843,0,True,56,65,True,103,32,0.8314273357391357,86.35595703125,-118153741.08464886,2025-11-20 20:57:29
er_65536_1_8.txt,erdos_renyi_10ins_m20,46,SpecAnn,0.9049296314052688,1.0,-17658658.000000004,-15061646.000000002,0.0236573219299316,0,True,56,65,True,104,32,0.8264807462692261,83.65882873535156,-113782480.43956175,2025-11-20 20:57:29
er_65536_1_8.txt,erdos_renyi_10ins_m20,46,SpecAnn,0.9092698463840684,1.0,-17737660.0,-15323106.000000002,0.0349583625793457,0,True,56,97,True,105,32,0.8212921023368835,81.0593032836914,-109554794.7783786,2025-11-20 20:57:29
er_65536_1_8.txt,erdos_renyi_10ins_m20,46,SpecAnn,0.9135894424145556,1.0,-17753836.0,-15497548.000000004,0.046142578125,0,True,56,129,True,106,32,0.8158445358276367,78.55339050292969,-105463752.6051522,2025-11-20 20:57:29
er_65536_1_8.txt,erdos_renyi_10ins_m20,46,SpecAnn,0.9178887105958816,1.0,-17760357.999999996,-15626342.0,0.091449499130249,0,True,56,257,True,107,32,0.8101199865341187,76.13716125488281,-101502538.45068912,2025-11-20 20:57:29
er_65536_1_8.txt,erdos_renyi_10ins_m20,46,SpecAnn,0.922167935241408,1.0,-17764936.0,-15555178.0,0.1375675201416015,0,True,56,385,True,108,32,0.8041074872016907,73.80699157714844,-97665794.18168764,2025-11-20 20:57:29
er_65536_1_8.txt,erdos_renyi_10ins_m20,46,SpecAnn,0.92642739409812,1.0,-17735790.0,-15499496.0,0.0689988136291503,0,True,56,193,True,109,32,0.7978747487068176,71.5594253540039,-93957713.93015128,2025-11-20 20:57:29
er_65536_1_8.txt,erdos_renyi_10ins_m20,46,SpecAnn,0.9306673585570006,1.0,-17719882.000000004,-15456456.0,0.0577859878540039,0,True,56,161,True,110,32,0.7914625406265259,69.39106750488281,-90378433.58012629,2025-11-20 20:57:29
er_65536_1_8.txt,erdos_renyi_10ins_m20,46,SpecAnn,0.9348880938548184,1.0,-17698214.0,-15400454.0,0.0465121269226074,0,True,56,129,True,111,32,0.7848742008209229,67.29878997802734,-86923696.35786095,2025-11-20 20:57:29
er_65536_1_8.txt,erdos_renyi_10ins_m20,46,SpecAnn,0.9390898592677528,1.0,-17701968.0,-15390250.0,0.0350208282470703,0,True,56,97,True,112,32,0.7781069874763489,65.2795181274414,-83588615.4549604,2025-11-20 20:57:30
er_65536_1_8.txt,erdos_renyi_10ins_m20,46,SpecAnn,0.9432729082972536,1.0,-17695152.0,-15381161.999999996,0.035313606262207,0,True,56,97,True,113,32,0.7711578607559204,63.33036804199219,-80368558.39500573,2025-11-20 20:57:30
er_65536_1_8.txt,erdos_renyi_10ins_m20,46,SpecAnn,0.9474374888485204,1.0,-17669642.0,-15365532.0,0.0353085994720459,0,True,56,97,True,114,32,0.7640222907066345,61.448577880859375,-77258939.47063346,2025-11-20 20:57:30
er_65536_1_8.txt,erdos_renyi_10ins_m20,46,SpecAnn,0.9515838434019476,1.0,-17684486.0,-15366052.0,0.0467524528503418,0,True,56,129,True,115,32,0.7566961646080017,59.631473541259766,-74255384.35616256,2025-11-20 20:57:30
er_65536_1_8.txt,erdos_renyi_10ins_m20,46,SpecAnn,0.9557122091778746,1.0,-17697128.0,-15361453.999999998,0.0240280628204345,0,True,56,65,True,116,32,0.7491756081581116,57.8765869140625,-71353851.07260902,2025-11-20 20:57:30
er_65536_1_8.txt,erdos_renyi_10ins_m20,46,SpecAnn,0.9598228182949629,1.0,-17681738.0,-15354308.000000004,0.0463733673095703,0,True,56,129,True,117,32,0.7414554953575134,56.18144607543945,-68550224.00067182,2025-11-20 20:57:30
er_65536_1_8.txt,erdos_renyi_10ins_m20,46,SpecAnn,0.963915897922488,1.0,-17670578.0,-15355898.000000004,0.0236926078796386,0,True,56,65,True,118,32,0.7335318922996521,54.54378509521485,-65840807.69944294,2025-11-20 20:57:30
er_65536_1_8.txt,erdos_renyi_10ins_m20,46,SpecAnn,0.967991670426842,1.0,-17672578.0,-15346706.0,0.0239179134368896,0,True,56,65,True,119,32,0.7254002690315247,52.96136093139648,-63221926.46063053,2025-11-20 20:57:30
er_65536_1_8.txt,erdos_renyi_10ins_m20,46,SpecAnn,0.9720503535125016,1.0,-17647520.0,-15349092.0,0.0241737365722656,0,True,56,65,True,120,32,0.7170551419258118,51.43206024169922,-60690030.02089943,2025-11-20 20:57:30
er_65536_1_8.txt,erdos_renyi_10ins_m20,46,SpecAnn,0.9760921603577252,1.0,-17662145.999999996,-15348374.0,0.0238866806030273,0,True,56,65,True,121,32,0.7084928750991821,49.953887939453125,-58241916.70131143,2025-11-20 20:57:30
er_65536_1_8.txt,erdos_renyi_10ins_m20,46,SpecAnn,0.9801172997452104,1.0,-17641892.0,-15352905.999999996,0.0236666202545166,0,True,56,65,True,122,32,0.6997072696685791,48.52488708496094,-55874261.496662565,2025-11-20 20:57:30
er_65536_1_8.txt,erdos_renyi_10ins_m20,46,SpecAnn,0.9841259761879442,1.0,-17656960.0,-15353942.0,0.0237443447113037,0,True,56,65,True,123,32,0.6906945109367371,47.14323043823242,-53584134.44009581,2025-11-20 20:57:30
er_65536_1_8.txt,erdos_renyi_10ins_m20,46,SpecAnn,0.9881183900504562,1.0,-17663065.999999996,-15355621.999999998,0.023820161819458,0,True,56,65,True,124,32,0.6814486384391785,45.80710983276367,-51368501.36577129,2025-11-20 20:57:30
er_65536_1_8.txt,erdos_renyi_10ins_m20,46,SpecAnn,0.9920947376656812,1.0,-17657194.0,-15350370.000000002,0.0235757827758789,0,True,56,65,True,125,32,0.6719646453857422,44.51485061645508,-49224602.80924724,2025-11-20 20:57:30
er_65536_1_8.txt,erdos_renyi_10ins_m20,46,SpecAnn,0.9960552114476228,1.0,-17654873.999999996,-15341480.0,0.0236644744873046,0,True,56,65,True,126,32,0.6622372269630432,43.26483154296875,-47149759.73742515,2025-11-20 20:57:30
er_65536_1_8.txt,erdos_renyi_10ins_m20,46,SpecAnn,1.0,1.0,-17647752.0,-15339322.0,0.0237629413604736,0,True,56,65,True,127,32,0.6522614359855652,42.05546188354492,-45141396.02535392,2025-11-20 20:57:30
er_65536_1_8.txt,erdos_renyi_10ins_m20,47,SpecAnn,0.0,1.0,-17101188.0,-3512346.0000000005,0.0145678520202636,0,True,53,33,True,0,32,0.995488464832306,65537.0,-107362759599.63072,2025-11-20 20:57:30
er_65536_1_8.txt,erdos_renyi_10ins_m20,47,SpecAnn,0.0887356509416113,1.0,-17077356.0,-3634800.000000001,0.0127298831939697,0,True,53,33,True,1,32,0.9937390089035034,34016.2734375,-55627552028.30937,2025-11-20 20:57:30
er_65536_1_8.txt,erdos_renyi_10ins_m20,47,SpecAnn,0.1254911610276317,1.0,-17096400.0,-3685990.0,0.0125548839569091,0,True,53,33,True,2,32,0.9928280711174012,25927.08984375,-42360267789.90374,2025-11-20 20:57:30
er_65536_1_8.txt,erdos_renyi_10ins_m20,47,SpecAnn,0.1536946558735679,1.0,-17101240.0,-3734912.000000001,0.0124461650848388,0,True,53,33,True,3,32,0.992039680480957,21051.08984375,-34366436745.47459,2025-11-20 20:57:30
er_65536_1_8.txt,erdos_renyi_10ins_m20,47,SpecAnn,0.1774713018832227,1.0,-17064538.0,-3790752.000000001,0.0125548839569091,0,True,53,33,True,4,32,0.9913078546524048,17660.654296875,-28810196021.82112,2025-11-20 20:57:30
er_65536_1_8.txt,erdos_renyi_10ins_m20,47,SpecAnn,0.1984189475331362,1.0,-17109222.0,-3846184.000000001,0.0123853683471679,0,True,53,33,True,5,32,0.99060720205307,15129.37109375,-24663416267.34376,2025-11-20 20:57:30
er_65536_1_8.txt,erdos_renyi_10ins_m20,47,SpecAnn,0.2173570668006655,1.0,-17090680.000000004,-3881258.000000001,0.0123817920684814,0,True,53,33,True,6,32,0.9899249076843262,13154.857421875,-21429857026.80973,2025-11-20 20:57:30
er_65536_1_8.txt,erdos_renyi_10ins_m20,47,SpecAnn,0.2347724648169381,1.0,-17115296.0,-3929320.000000001,0.0123713016510009,0,True,53,33,True,7,32,0.9892534613609314,11567.5126953125,-18831219247.105133,2025-11-20 20:57:30
er_65536_1_8.txt,erdos_renyi_10ins_m20,47,SpecAnn,0.2509823220552634,1.0,-17062494.0,-3969200.0,0.0124285221099853,0,True,53,33,True,8,32,0.9885880351066588,10262.7587890625,-16695919723.59829,2025-11-20 20:57:31
er_65536_1_8.txt,erdos_renyi_10ins_m20,47,SpecAnn,0.2662069528248341,1.0,-17059562.0,-4008980.000000001,0.0125398635864257,0,True,53,33,True,9,32,0.9879252910614014,9171.7294921875,-14910981018.439066,2025-11-20 20:57:31
er_65536_1_8.txt,erdos_renyi_10ins_m20,47,SpecAnn,0.2806067666331568,1.0,-17118068.0,-4052036.0,0.0124762058258056,0,True,53,33,True,10,32,0.9872626662254332,8246.818359375,-13398309934.752216,2025-11-20 20:57:31
er_65536_1_8.txt,erdos_renyi_10ins_m20,47,SpecAnn,0.2943028597012718,1.0,-17054166.0,-4096064.000000001,0.0124754905700683,0,True,53,33,True,11,32,0.9865983724594116,7453.85888671875,-12101868729.118055,2025-11-20 20:57:31
er_65536_1_8.txt,erdos_renyi_10ins_m20,47,SpecAnn,0.3073893117471359,1.0,-17066700.0,-4142951.999999999,0.0126464366912841,0,True,53,33,True,12,32,0.9859309196472168,6767.576171875,-10980206701.846588,2025-11-20 20:57:31
er_65536_1_8.txt,erdos_renyi_10ins_m20,47,SpecAnn,0.3199409394316542,1.0,-17090500.0,-4181052.0,0.0126962661743164,0,True,53,33,True,13,32,0.985259175300598,6168.8251953125,-10001930404.57957,2025-11-20 20:57:31
er_65536_1_8.txt,erdos_renyi_10ins_m20,47,SpecAnn,0.3320184038158743,1.0,-17114278.0,-4218604.0,0.0126492977142333,0,True,53,33,True,14,32,0.9845820665359496,5642.79345703125,-9142752255.445004,2025-11-20 20:57:31
er_65536_1_8.txt,erdos_renyi_10ins_m20,47,SpecAnn,0.3436716983117353,1.0,-17095728.0,-4266290.000000001,0.0126686096191406,0,True,53,33,True,15,32,0.9838988780975342,5177.8310546875,-8383574301.406371,2025-11-20 20:57:31
er_65536_1_8.txt,erdos_renyi_10ins_m20,47,SpecAnn,0.3549426037664455,1.0,-17113426.0,-4318282.000000001,0.0126354694366455,0,True,53,33,True,16,32,0.9832088351249696,4764.634765625,-7709145885.600081,2025-11-20 20:57:31
er_65536_1_8.txt,erdos_renyi_10ins_m20,47,SpecAnn,0.3658664615902029,1.0,-17059844.0,-4370402.000000001,0.0125820636749267,0,True,53,33,True,17,32,0.9825112819671632,4395.6767578125,-7107128551.834039,2025-11-20 20:57:31
er_65536_1_8.txt,erdos_renyi_10ins_m20,47,SpecAnn,0.3764734830828951,1.0,-17096152.0,-4400306.000000001,0.0124411582946777,0,True,53,33,True,18,32,0.9818058013916016,4064.80126953125,-6567435073.16186,2025-11-20 20:57:31
er_65536_1_8.txt,erdos_renyi_10ins_m20,47,SpecAnn,0.3867897351437838,1.0,-17087926.0,-4440556.0,0.0124223232269287,0,True,53,33,True,19,32,0.9810917377471924,3766.9228515625,-6081731188.680457,2025-11-20 20:57:31
er_65536_1_8.txt,erdos_renyi_10ins_m20,47,SpecAnn,0.3968378950662725,1.0,-17067066.000000004,-4492324.0,0.0124909877777099,0,True,53,33,True,20,32,0.980368673801422,3497.80224609375,-5643071517.314384,2025-11-20 20:57:31
er_65536_1_8.txt,erdos_renyi_10ins_m20,47,SpecAnn,0.4066378372811136,1.0,-17096656.0,-4529622.0,0.0124187469482421,0,True,53,33,True,21,32,0.9796361923217772,3253.875732421875,-5245618000.973208,2025-11-20 20:57:31
er_65536_1_8.txt,erdos_renyi_10ins_m20,47,SpecAnn,0.4162070956347247,1.0,-17084678.0,-4579114.0,0.0125529766082763,0,True,53,33,True,22,32,0.9788941144943236,3032.129150390625,-4884434492.975489,2025-11-20 20:57:31
er_65536_1_8.txt,erdos_renyi_10ins_m20,47,SpecAnn,0.4255612320274539,1.0,-17136796.0,-4634784.000000001,0.0124733448028564,0,True,53,33,True,23,32,0.9781417846679688,2829.994140625,-4555313013.965888,2025-11-20 20:57:31
er_65536_1_8.txt,erdos_renyi_10ins_m20,47,SpecAnn,0.434714133601331,1.0,-17092288.000000004,-4688474.0,0.0124711990356445,0,True,53,33,True,24,32,0.9773789048194884,2645.2685546875,-4254647721.9780993,2025-11-20 20:57:31
er_65536_1_8.txt,erdos_renyi_10ins_m20,47,SpecAnn,0.4436782547080569,1.0,-17105158.0,-4742434.000000002,0.0124549865722656,0,True,53,33,True,25,32,0.9766051769256592,2476.056640625,-3979334742.8481455,2025-11-20 20:57:31
er_65536_1_8.txt,erdos_renyi_10ins_m20,47,SpecAnn,0.4524648157026343,1.0,-17070882.0,-4780670.000000002,0.0124773979187011,0,True,53,33,True,26,32,0.9758201837539672,2320.71533203125,-3726683793.106456,2025-11-20 20:57:31
er_65536_1_8.txt,erdos_renyi_10ins_m20,47,SpecAnn,0.4610839676207039,1.0,-17097154.0,-4845096.000000001,0.0124695301055908,0,True,53,33,True,27,32,0.975023865699768,2177.8154296875,-3494356360.073662,2025-11-20 20:57:31
er_65536_1_8.txt,erdos_renyi_10ins_m20,47,SpecAnn,0.4695449296338763,1.0,-17117514.0,-4902886.000000001,0.0125303268432617,0,True,53,33,True,28,32,0.974215567111969,2046.109130859375,-3280308843.80178,2025-11-20 20:57:31
er_65536_1_8.txt,erdos_renyi_10ins_m20,47,SpecAnn,0.4778561045889373,1.0,-17113572.0,-4962476.0,0.0124330520629882,0,True,53,33,True,29,32,0.9733951687812804,1924.49951171875,-3082746888.54204,2025-11-20 20:57:31
er_65536_1_8.txt,erdos_renyi_10ins_m20,47,SpecAnn,0.4860251767562508,1.0,-17085254.0,-5015722.000000001,0.0124273300170898,0,True,53,33,True,30,32,0.9725622534751892,1812.0224609375,-2900092586.2942924,2025-11-20 20:57:31
er_65536_1_8.txt,erdos_renyi_10ins_m20,47,SpecAnn,0.4940591950252281,1.0,-17083466.0,-5069230.000000001,0.0124695301055908,0,True,53,33,True,31,32,0.971716582775116,1707.82568359375,-2730951775.341124,2025-11-20 20:57:31
er_65536_1_8.txt,erdos_renyi_10ins_m20,47,SpecAnn,0.5019646441105269,1.0,-17091856.0,-5122468.000000001,0.012451171875,0,True,53,33,True,32,32,0.9708578586578368,1611.153564453125,-2574088434.45339,2025-11-20 20:57:31
er_65536_1_8.txt,erdos_renyi_10ins_m20,47,SpecAnn,0.5097475058154177,1.0,-17070572.0,-5177045.999999999,0.0124280452728271,0,True,53,33,True,33,32,0.9699856042861938,1521.333251953125,-2428401671.459604,2025-11-20 20:57:31
er_65536_1_8.txt,erdos_renyi_10ins_m20,47,SpecAnn,0.51741331199832,1.0,-17120522.0,-5234554.000000002,0.012385606765747,0,True,53,33,True,34,32,0.9690997004508972,1437.766357421875,-2292913403.498218,2025-11-20 20:57:31
er_65536_1_8.txt,erdos_renyi_10ins_m20,47,SpecAnn,0.5249671905758515,1.0,-17092196.000000004,-5288816.000000001,0.0123748779296875,0,True,53,33,True,35,32,0.9681997895240784,1359.91650390625,-2166746505.1376514,2025-11-20 20:57:31
er_65536_1_8.txt,erdos_renyi_10ins_m20,47,SpecAnn,0.5324139056496683,1.0,-17088076.0,-5336945.999999999,0.012434959411621,0,True,53,33,True,36,32,0.9672853946685792,1287.303466796875,-2049115533.6406124,2025-11-20 20:57:31
er_65536_1_8.txt,erdos_renyi_10ins_m20,47,SpecAnn,0.5397578926492556,1.0,-17087572.0,-5401163.999999999,0.0123736858367919,0,True,53,33,True,37,32,0.96635639667511,1219.4951171875,-1939314604.1744995,2025-11-20 20:57:31
er_65536_1_8.txt,erdos_renyi_10ins_m20,47,SpecAnn,0.5470032892270364,1.0,-17074406.000000004,-5465618.0,0.0123608112335205,0,True,53,33,True,38,32,0.9654121994972228,1156.1033935546875,-1836708919.1293488,2025-11-20 20:57:31
er_65536_1_8.txt,erdos_renyi_10ins_m20,47,SpecAnn,0.554153962516942,1.0,-17125018.0,-5543196.0,0.0123612880706787,0,True,53,33,True,39,32,0.9644527435302734,1096.775634765625,-1740722821.7971334,2025-11-20 20:57:31
er_65536_1_8.txt,erdos_renyi_10ins_m20,47,SpecAnn,0.5612135332663137,1.0,-17077516.0,-5609180.0,0.0123555660247802,0,True,53,33,True,40,32,0.9634774923324584,1041.19580078125,-1650839523.4739363,2025-11-20 20:57:31
er_65536_1_8.txt,erdos_renyi_10ins_m20,47,SpecAnn,0.5681853972686127,1.0,-17090244.0,-5662180.0,0.012364387512207,0,True,53,33,True,41,32,0.9624860286712646,989.0756225585938,-1566588047.047214,2025-11-20 20:57:31
er_65536_1_8.txt,erdos_renyi_10ins_m20,47,SpecAnn,0.5750727444570146,1.0,-17113734.0,-5723231.999999999,0.0123534202575683,0,True,53,33,True,42,32,0.9614779949188232,940.1530151367188,-1487540397.3452797,2025-11-20 20:57:31
er_65536_1_8.txt,erdos_renyi_10ins_m20,47,SpecAnn,0.5818785759635375,1.0,-17110050.0,-5789067.999999999,0.0123763084411621,0,True,53,33,True,43,32,0.9604531526565552,894.19091796875,-1413309627.6686096,2025-11-20 20:57:31
er_65536_1_8.txt,erdos_renyi_10ins_m20,47,SpecAnn,0.5886057194025436,1.0,-17118652.0,-5855042.000000001,0.0124688148498535,0,True,53,33,True,44,32,0.959411084651947,850.9727172851562,-1343541992.327178,2025-11-20 20:57:31
er_65536_1_8.txt,erdos_renyi_10ins_m20,47,SpecAnn,0.5952568425994088,1.0,-17139338.0,-5922172.0,0.0124135017395019,0,True,53,33,True,45,32,0.958351194858551,810.2998046875,-1277913032.862442,2025-11-20 20:57:31
er_65536_1_8.txt,erdos_renyi_10ins_m20,47,SpecAnn,0.6018344659534288,1.0,-17103480.0,-5993114.000000001,0.0124006271362304,0,True,53,33,True,46,32,0.9572731256484984,771.9921875,-1216129010.3395903,2025-11-20 20:57:31
er_65536_1_8.txt,erdos_renyi_10ins_m20,47,SpecAnn,0.6083409735974393,1.0,-17106554.0,-6067930.0,0.0123763084411621,0,True,53,33,True,47,32,0.9561765789985656,735.884033203125,-1157919474.2592618,2025-11-20 20:57:31
er_65536_1_8.txt,erdos_renyi_10ins_m20,47,SpecAnn,0.6147786234942719,1.0,-17111008.0,-6160894.0,0.012385606765747,0,True,53,33,True,48,32,0.95506089925766,701.823486328125,-1103036387.2113,2025-11-20 20:57:31
er_65536_1_8.txt,erdos_renyi_10ins_m20,47,SpecAnn,0.6211495565912796,1.0,-17093453.999999996,-6228870.0,0.0124034881591796,0,True,53,33,True,49,32,0.9539257287979126,669.6714477539062,-1051252935.7544068,2025-11-20 20:57:31
er_65536_1_8.txt,erdos_renyi_10ins_m20,47,SpecAnn,0.6274558051381586,1.0,-17082388.000000004,-6303824.000000001,0.0124487876892089,0,True,53,33,True,50,32,0.9527705907821656,639.2991943359375,-1002359190.8361737,2025-11-20 20:57:31
er_65536_1_8.txt,erdos_renyi_10ins_m20,47,SpecAnn,0.6336993002596786,1.0,-17129658.0,-6368798.0,0.0124781131744384,0,True,53,33,True,51,32,0.9515948295593262,610.5894775390625,-956163730.355262,2025-11-20 20:57:31
er_65536_1_8.txt,erdos_renyi_10ins_m20,47,SpecAnn,0.6398818788633085,1.0,-17121416.0,-6463438.000000002,0.0124542713165283,0,True,53,33,True,52,32,0.950398087501526,583.433349609375,-912489089.4420592,2025-11-20 20:57:31
er_65536_1_8.txt,erdos_renyi_10ins_m20,47,SpecAnn,0.6460052899517691,1.0,-17099270.0,-6560666.0,0.0124859809875488,0,True,53,33,True,53,32,0.9491795301437378,557.7301635742188,-871170926.1148939,2025-11-20 20:57:31
er_65536_1_8.txt,erdos_renyi_10ins_m20,47,SpecAnn,0.6520712004019966,1.0,-17113668.0,-6634244.000000001,0.0124156475067138,0,True,53,33,True,54,32,0.9479389190673828,533.3875732421875,-832059002.9548852,2025-11-20 20:57:31
er_65536_1_8.txt,erdos_renyi_10ins_m20,47,SpecAnn,0.6580812002646271,1.0,-17131198.0,-6718243.999999999,0.0123980045318603,0,True,53,33,True,55,32,0.9466754794120787,510.3197937011719,-795013344.1819441,2025-11-20 20:57:31
er_65536_1_8.txt,erdos_renyi_10ins_m20,47,SpecAnn,0.6640368076317485,1.0,-17082080.000000004,-6809910.0,0.0124049186706542,0,True,53,33,True,56,32,0.9453886151313782,488.44732666015625,-759904438.961177,2025-11-20 20:57:31
er_65536_1_8.txt,erdos_renyi_10ins_m20,47,SpecAnn,0.6699394731151429,1.0,-17106228.0,-6893494.0,0.0124471187591552,0,True,53,33,True,57,32,0.9440774321556092,467.6969299316406,-726612745.69064,2025-11-20 20:57:31
er_65536_1_8.txt,erdos_renyi_10ins_m20,47,SpecAnn,0.6757905839724513,1.0,-17135742.0,-6974329.999999999,0.012477159500122,0,True,53,33,True,58,32,0.9427416920661926,447.9999694824219,-695026837.7139306,2025-11-20 20:57:31
er_65536_1_8.txt,erdos_renyi_10ins_m20,47,SpecAnn,0.6815914679145113,1.0,-17154428.000000004,-7058966.000000001,0.0125260353088378,0,True,53,33,True,59,32,0.941380262374878,429.2935791015625,-665043966.31847,2025-11-20 20:57:31
er_65536_1_8.txt,erdos_renyi_10ins_m20,47,SpecAnn,0.6873433966234707,1.0,-17134146.0,-7161616.000000002,0.012740135192871,0,True,53,33,True,60,32,0.939992606639862,411.5182495117188,-636567429.3731816,2025-11-20 20:57:31
er_65536_1_8.txt,erdos_renyi_10ins_m20,47,SpecAnn,0.6930475890080863,1.0,-17130996.000000004,-7236791.999999999,0.0125236511230468,0,True,53,33,True,61,32,0.9385778307914734,394.6197204589844,-609508761.7259667,2025-11-20 20:57:31
er_65536_1_8.txt,erdos_renyi_10ins_m20,47,SpecAnn,0.6987052142198116,1.0,-17130558.0,-7338800.0,0.0124745368957519,0,True,53,33,True,62,32,0.9371351599693298,378.5466918945313,-583784505.5071726,2025-11-20 20:57:31
er_65536_1_8.txt,erdos_renyi_10ins_m20,47,SpecAnn,0.7043173944508145,1.0,-17120094.0,-7424656.000000001,0.0124151706695556,0,True,53,33,True,63,32,0.9356637001037598,363.2515563964844,-559317156.621481,2025-11-20 20:57:31
er_65536_1_8.txt,erdos_renyi_10ins_m20,47,SpecAnn,0.709885207532891,1.0,-17128396.000000004,-7533972.0,0.0123980045318603,0,True,53,33,True,64,32,0.934162437915802,348.690185546875,-536034818.7099314,2025-11-20 20:57:31
er_65536_1_8.txt,erdos_renyi_10ins_m20,47,SpecAnn,0.7154096893543218,1.0,-17116124.0,-7652284.000000001,0.0124819278717041,0,True,53,33,True,65,32,0.9326305389404296,334.82086181640625,-513869709.6236323,2025-11-20 20:57:31
er_65536_1_8.txt,erdos_renyi_10ins_m20,47,SpecAnn,0.7208918361100219,1.0,-17145612.0,-7775346.000000001,0.0123682022094726,0,True,53,33,True,66,32,0.9310669302940368,321.605224609375,-492759349.7989581,2025-11-20 20:57:31
er_65536_1_8.txt,erdos_renyi_10ins_m20,47,SpecAnn,0.7263326063988248,1.0,-17146158.0,-7876897.999999999,0.0125350952148437,0,True,53,33,True,67,32,0.9294704794883728,309.00689697265625,-472644545.395204,2025-11-20 20:57:31
er_65536_1_8.txt,erdos_renyi_10ins_m20,47,SpecAnn,0.7317329231804058,1.0,-17115566.000000004,-7988729.999999998,0.0126748085021972,0,True,53,33,True,68,32,0.9278401732444764,296.9921875,-453470535.8469001,2025-11-20 20:57:31
er_65536_1_8.txt,erdos_renyi_10ins_m20,47,SpecAnn,0.7370936756031579,1.0,-17144822.0,-8079169.999999999,0.0125923156738281,0,True,53,33,True,69,32,0.9261747598648072,285.5292358398437,-435185484.2482333,2025-11-20 20:57:31
er_65536_1_8.txt,erdos_renyi_10ins_m20,47,SpecAnn,0.7424157207132704,1.0,-17162188.000000004,-8183907.999999998,0.0125982761383056,0,True,53,33,True,70,32,0.9244728684425354,274.5885314941406,-417741325.92332506,2025-11-20 20:57:31
er_65536_1_8.txt,erdos_renyi_10ins_m20,47,SpecAnn,0.7476998850543153,1.0,-17179465.999999996,-8313783.999999999,0.0125048160552978,0,True,53,33,True,71,32,0.922733187675476,264.1422424316406,-401092810.98340434,2025-11-20 20:57:31
er_65536_1_8.txt,erdos_renyi_10ins_m20,47,SpecAnn,0.7529469661657903,1.0,-17173558.0,-8436924.0,0.0123183727264404,0,True,53,33,True,72,32,0.9209545254707336,254.16407775878903,-385197298.2650809,2025-11-20 20:57:31
er_65536_1_8.txt,erdos_renyi_10ins_m20,47,SpecAnn,0.7581577339883167,1.0,-17164657.999999996,-8562524.0,0.0123999118804931,0,True,53,33,True,73,32,0.91913503408432,244.62974548339844,-370015110.6059647,2025-11-20 20:57:31
er_65536_1_8.txt,erdos_renyi_10ins_m20,47,SpecAnn,0.7633329321824984,1.0,-17164980.0,-8712257.999999998,0.0123555660247802,0,True,53,33,True,74,32,0.9172734022140504,235.51614379882807,-355508802.8843978,2025-11-20 20:57:31
er_65536_1_8.txt,erdos_renyi_10ins_m20,47,SpecAnn,0.7684732793678399,1.0,-17189407.999999996,-8870883.999999998,0.0123872756958007,0,True,53,33,True,75,32,0.9153679013252258,226.80154418945312,-341643028.3271744,2025-11-20 20:57:31
er_65536_1_8.txt,erdos_renyi_10ins_m20,47,SpecAnn,0.7735794702875677,1.0,-17166366.0,-9023172.0,0.0124232769012451,0,True,53,33,True,76,32,0.9134165644645692,218.4656982421875,-328384777.37336296,2025-11-20 20:57:31
er_65536_1_8.txt,erdos_renyi_10ins_m20,47,SpecAnn,0.7786521769046981,1.0,-17190748.0,-9164646.000000002,0.012369155883789,0,True,53,33,True,77,32,0.9114176034927368,210.48941040039065,-315702877.6560469,2025-11-20 20:57:31
er_65536_1_8.txt,erdos_renyi_10ins_m20,47,SpecAnn,0.7836920494342511,1.0,-17197114.000000004,-9344158.0,0.0123460292816162,0,True,53,33,True,78,32,0.909368932247162,202.8546905517578,-303568037.85392857,2025-11-20 20:57:31
er_65536_1_8.txt,erdos_renyi_10ins_m20,47,SpecAnn,0.788699717316095,1.0,-17178642.0,-9485328.000000002,0.0123178958892822,0,True,53,33,True,79,32,0.9072684645652772,195.54449462890625,-291952558.4325572,2025-11-20 20:57:31
er_65536_1_8.txt,erdos_renyi_10ins_m20,47,SpecAnn,0.7936757901325451,1.0,-17207102.0,-9635508.000000002,0.0125081539154052,0,True,53,33,True,80,32,0.9051138758659364,188.5429077148437,-280830517.2399324,2025-11-20 20:57:31
er_65536_1_8.txt,erdos_renyi_10ins_m20,47,SpecAnn,0.7986208584745024,1.0,-17218708.0,-9831722.0,0.0125868320465087,0,True,53,33,True,81,32,0.902902603149414,181.83462524414065,-270176995.2502131,2025-11-20 20:57:31
er_65536_1_8.txt,erdos_renyi_10ins_m20,47,SpecAnn,0.803535494759617,1.0,-17209930.0,-10000956.0,0.0125873088836669,0,True,53,33,True,82,32,0.9006320238113403,175.40557861328125,-259969059.5890723,2025-11-20 20:57:31
er_65536_1_8.txt,erdos_renyi_10ins_m20,47,SpecAnn,0.8084202540056837,1.0,-17251634.0,-10163678.0,0.012420654296875,0,True,53,33,True,83,32,0.8982992768287659,169.24227905273438,-250184725.65631533,2025-11-20 20:57:31
er_65536_1_8.txt,erdos_renyi_10ins_m20,47,SpecAnn,0.8132756745622272,1.0,-17249812.0,-10330768.0,0.0125579833984375,0,True,53,33,True,84,32,0.8959013819694519,163.3319091796875,-240803126.5899574,2025-11-20 20:57:31
er_65536_1_8.txt,erdos_renyi_10ins_m20,47,SpecAnn,0.8181022788030096,1.0,-17227106.000000004,-10538951.999999998,0.0123980045318603,0,True,53,33,True,85,32,0.8934351205825806,157.66256713867188,-231804835.1500449,2025-11-20 20:57:31
er_65536_1_8.txt,erdos_renyi_10ins_m20,47,SpecAnn,0.822900573781978,1.0,-17284008.0,-10773046.0,0.0124096870422363,0,True,53,33,True,86,32,0.8908969163894653,152.22286987304688,-223171245.7433457,2025-11-20 20:57:31
er_65536_1_8.txt,erdos_renyi_10ins_m20,47,SpecAnn,0.8276710518549868,1.0,-17272564.0,-10957998.0,0.012439489364624,0,True,53,33,True,87,32,0.8882828950881958,147.0020751953125,-214884772.7468612,2025-11-20 20:57:31
er_65536_1_8.txt,erdos_renyi_10ins_m20,47,SpecAnn,0.8324141912694495,1.0,-17266680.000000004,-11180396.0,0.0123767852783203,0,True,53,33,True,88,32,0.8855891227722168,141.98997497558594,-206928749.27773675,2025-11-20 20:57:32
er_65536_1_8.txt,erdos_renyi_10ins_m20,47,SpecAnn,0.8371304567239225,1.0,-17301202.0,-11397257.999999998,0.012449026107788,0,True,53,33,True,89,32,0.8828111290931702,137.17703247070312,-199287509.34705475,2025-11-20 20:57:32
er_65536_1_8.txt,erdos_renyi_10ins_m20,47,SpecAnn,0.8418202998994706,1.0,-17314214.0,-11618880.0,0.0124397277832031,0,True,53,33,True,90,32,0.8799440264701843,132.55401611328125,-191945888.69314587,2025-11-20 20:57:32
er_65536_1_8.txt,erdos_renyi_10ins_m20,47,SpecAnn,0.846484159964536,1.0,-17329982.000000004,-11813326.000000002,0.0124068260192871,0,True,53,33,True,91,32,0.8769828677177429,128.11236572265625,-184889835.7738411,2025-11-20 20:57:32
er_65536_1_8.txt,erdos_renyi_10ins_m20,47,SpecAnn,0.8511224640549078,1.0,-17323996.0,-12069310.0,0.0124990940093994,0,True,53,33,True,92,32,0.873921811580658,123.84394073486328,-178105863.81194264,2025-11-20 20:57:32
er_65536_1_8.txt,erdos_renyi_10ins_m20,47,SpecAnn,0.8557356277302758,1.0,-17354234.0,-12301422.0,0.0123748779296875,0,True,53,33,True,93,32,0.8707550168037415,119.74087524414062,-171581037.69397607,2025-11-20 20:57:32
er_65536_1_8.txt,erdos_renyi_10ins_m20,47,SpecAnn,0.8603240554087516,1.0,-17386912.0,-12534242.000000002,0.0124299526214599,0,True,53,33,True,94,32,0.8674754500389099,115.7957763671875,-165303020.08728287,2025-11-20 20:57:32
er_65536_1_8.txt,erdos_renyi_10ins_m20,47,SpecAnn,0.86488814078064,1.0,-17377806.000000004,-12786114.0,0.0123772621154785,0,True,53,33,True,95,32,0.8640761375427246,112.0018081665039,-159260444.0243503,2025-11-20 20:57:32
er_65536_1_8.txt,erdos_renyi_10ins_m20,47,SpecAnn,0.8694282672026621,1.0,-17399558.0,-13032539.999999998,0.0123958587646484,0,True,53,33,True,96,32,0.8605489134788513,108.35218811035156,-153441954.97467914,2025-11-20 20:57:32
er_65536_1_8.txt,erdos_renyi_10ins_m20,47,SpecAnn,0.8739448080737451,1.0,-17433468.0,-13277138.000000002,0.0125677585601806,0,True,53,33,True,97,32,0.8568852543830872,104.84068298339844,-147837083.85360566,2025-11-20 20:57:32
er_65536_1_8.txt,erdos_renyi_10ins_m20,47,SpecAnn,0.878438127193422,1.0,-17439664.0,-13540495.999999998,0.0124189853668212,0,True,53,33,True,98,32,0.853075385093689,101.46129608154295,-142435647.13708812,2025-11-20 20:57:32
er_65536_1_8.txt,erdos_renyi_10ins_m20,47,SpecAnn,0.8829085791038153,1.0,-17461321.999999996,-13805203.999999998,0.0125279426574707,0,True,53,33,True,99,32,0.8491088151931763,98.20828247070312,-137227876.1690391,2025-11-20 20:57:32
er_65536_1_8.txt,erdos_renyi_10ins_m20,47,SpecAnn,0.8873565094161138,1.0,-17522250.000000004,-14054658.0,0.0237395763397216,0,True,53,65,True,100,32,0.8449740409851074,95.07627868652344,-132204554.89601296,2025-11-20 20:57:32
er_65536_1_8.txt,erdos_renyi_10ins_m20,47,SpecAnn,0.8917822551223932,1.0,-17547070.0,-14317706.000000002,0.0238385200500488,0,True,53,65,True,101,32,0.8406583070755005,92.0601043701172,-127356714.93154712,2025-11-20 20:57:32
er_65536_1_8.txt,erdos_renyi_10ins_m20,47,SpecAnn,0.8961861448935777,1.0,-17597604.0,-14552720.000000002,0.0240430831909179,0,True,53,65,True,102,32,0.8361478447914124,89.15487670898438,-122675844.092415,2025-11-20 20:57:32
er_65536_1_8.txt,erdos_renyi_10ins_m20,47,SpecAnn,0.9005684993642872,1.0,-17655346.0,-14815718.000000002,0.0239968299865722,0,True,53,65,True,103,32,0.8314273357391357,86.35595703125,-118153741.08464886,2025-11-20 20:57:32
er_65536_1_8.txt,erdos_renyi_10ins_m20,47,SpecAnn,0.9049296314052688,1.0,-17684306.0,-15061646.000000002,0.0241129398345947,0,True,53,65,True,104,32,0.8264808058738708,83.65882873535156,-113782488.64539638,2025-11-20 20:57:32
er_65536_1_8.txt,erdos_renyi_10ins_m20,47,SpecAnn,0.9092698463840684,1.0,-17736420.0,-15323106.000000002,0.0352885723114013,0,True,53,97,True,105,32,0.8212920427322388,81.0593032836914,-109554786.82752337,2025-11-20 20:57:32
er_65536_1_8.txt,erdos_renyi_10ins_m20,47,SpecAnn,0.9135894424145556,1.0,-17775712.0,-15497580.0,0.0460371971130371,0,True,53,129,True,106,32,0.8158447742462158,78.55339050292969,-105463783.4253844,2025-11-20 20:57:32
er_65536_1_8.txt,erdos_renyi_10ins_m20,47,SpecAnn,0.9178887105958816,1.0,-17773700.000000004,-15627204.000000002,0.0911262035369873,0,True,53,257,True,107,32,0.8101198673248291,76.13716125488281,-101502523.51457386,2025-11-20 20:57:32
er_65536_1_8.txt,erdos_renyi_10ins_m20,47,SpecAnn,0.922167935241408,1.0,-17769309.999999996,-15555766.000000002,0.1360065937042236,0,True,53,385,True,108,32,0.8041073679924011,73.80699157714844,-97665779.7026906,2025-11-20 20:57:32
er_65536_1_8.txt,erdos_renyi_10ins_m20,47,SpecAnn,0.92642739409812,1.0,-17735885.999999996,-15497284.000000002,0.0688703060150146,0,True,53,193,True,109,32,0.7978746294975281,71.5594253540039,-93957699.8920678,2025-11-20 20:57:32
er_65536_1_8.txt,erdos_renyi_10ins_m20,47,SpecAnn,0.9306673585570006,1.0,-17702142.000000004,-15454686.0,0.0461843013763427,0,True,53,129,True,110,32,0.7914625406265259,69.39106750488281,-90378433.58012629,2025-11-20 20:57:32
er_65536_1_8.txt,erdos_renyi_10ins_m20,47,SpecAnn,0.9348880938548184,1.0,-17695450.000000004,-15401151.999999996,0.0462203025817871,0,True,53,129,True,111,32,0.7848738431930542,67.29878997802734,-86923656.75108546,2025-11-20 20:57:32
er_65536_1_8.txt,erdos_renyi_10ins_m20,47,SpecAnn,0.9390898592677528,1.0,-17687982.0,-15390004.000000002,0.036639928817749,0,True,53,97,True,112,32,0.7781070470809937,65.2795181274414,-83588621.85802555,2025-11-20 20:57:32
er_65536_1_8.txt,erdos_renyi_10ins_m20,47,SpecAnn,0.9432729082972536,1.0,-17683220.0,-15381161.999999996,0.0357213020324707,0,True,53,97,True,113,32,0.7711577415466309,63.33036804199219,-80368545.97124758,2025-11-20 20:57:32
er_65536_1_8.txt,erdos_renyi_10ins_m20,47,SpecAnn,0.9474374888485204,1.0,-17699604.0,-15366092.000000002,0.0352497100830078,0,True,53,97,True,114,32,0.764022171497345,61.448577880859375,-77258927.41603322,2025-11-20 20:57:32
er_65536_1_8.txt,erdos_renyi_10ins_m20,47,SpecAnn,0.9515838434019476,1.0,-17676098.000000004,-15366526.0,0.0466246604919433,0,True,53,129,True,115,32,0.7566962242126465,59.631473541259766,-74255390.20522857,2025-11-20 20:57:32
er_65536_1_8.txt,erdos_renyi_10ins_m20,47,SpecAnn,0.9557122091778746,1.0,-17667500.0,-15361776.000000002,0.024083137512207,0,True,53,65,True,116,32,0.7491753101348877,57.8765869140625,-71353822.68793592,2025-11-20 20:57:32
er_65536_1_8.txt,erdos_renyi_10ins_m20,47,SpecAnn,0.9598228182949629,1.0,-17655428.0,-15357510.000000004,0.046879768371582,0,True,53,129,True,117,32,0.7414556741714478,56.18144607543945,-68550240.53266238,2025-11-20 20:57:32
er_65536_1_8.txt,erdos_renyi_10ins_m20,47,SpecAnn,0.963915897922488,1.0,-17643412.0,-15355252.000000004,0.0124578475952148,0,True,53,33,True,118,32,0.7335319519042969,54.54378509521485,-65840813.04947338,2025-11-20 20:57:32
er_65536_1_8.txt,erdos_renyi_10ins_m20,47,SpecAnn,0.967991670426842,1.0,-17659676.0,-15347748.0,0.023672342300415,0,True,53,65,True,119,32,0.7254002690315247,52.96136093139648,-63221926.46063053,2025-11-20 20:57:32
er_65536_1_8.txt,erdos_renyi_10ins_m20,47,SpecAnn,0.9720503535125016,1.0,-17673609.999999996,-15350392.0,0.0236639976501464,0,True,53,65,True,120,32,0.7170552611351013,51.43206024169922,-60690040.110521466,2025-11-20 20:57:33
er_65536_1_8.txt,erdos_renyi_10ins_m20,47,SpecAnn,0.9760921603577252,1.0,-17649279.999999996,-15353421.999999998,0.0238170623779296,0,True,53,65,True,121,32,0.7084927558898926,49.953887939453125,-58241906.90166806,2025-11-20 20:57:33
er_65536_1_8.txt,erdos_renyi_10ins_m20,47,SpecAnn,0.9801172997452104,1.0,-17654942.0,-15351558.0,0.0236732959747314,0,True,53,65,True,122,32,0.6997072696685791,48.52488708496094,-55874261.496662565,2025-11-20 20:57:33
er_65536_1_8.txt,erdos_renyi_10ins_m20,47,SpecAnn,0.9841259761879442,1.0,-17648718.0,-15352054.0,0.024097204208374,0,True,53,65,True,123,32,0.6906945109367371,47.14323043823242,-53584134.44009581,2025-11-20 20:57:33
er_65536_1_8.txt,erdos_renyi_10ins_m20,47,SpecAnn,0.9881183900504562,1.0,-17674330.000000004,-15352804.0,0.0238659381866455,0,True,53,65,True,124,32,0.6814484596252441,45.80710983276367,-51368487.88653998,2025-11-20 20:57:33
er_65536_1_8.txt,erdos_renyi_10ins_m20,47,SpecAnn,0.9920947376656812,1.0,-17643332.000000004,-15346470.000000002,0.0349872112274169,0,True,53,97,True,125,32,0.6719645261764526,44.51485061645508,-49224594.07660041,2025-11-20 20:57:33
er_65536_1_8.txt,erdos_renyi_10ins_m20,47,SpecAnn,0.9960552114476228,1.0,-17661084.0,-15338880.0,0.0237355232238769,0,True,53,65,True,126,32,0.6622373461723328,43.26483154296875,-47149768.224851,2025-11-20 20:57:33
er_65536_1_8.txt,erdos_renyi_10ins_m20,47,SpecAnn,1.0,1.0,-17654504.0,-15340782.0,0.0236282348632812,0,True,53,65,True,127,32,0.6522613763809204,42.05546188354492,-45141391.9002643,2025-11-20 20:57:33
er_65536_1_8.txt,erdos_renyi_10ins_m20,48,SpecAnn,0.0,1.0,-17111720.0,-3512346.000000002,0.0144004821777343,0,True,55,33,True,0,32,0.9954885244369508,65537.0,-107362766027.95146,2025-11-20 20:57:33
er_65536_1_8.txt,erdos_renyi_10ins_m20,48,SpecAnn,0.0887356509416113,1.0,-17089372.0,-3634800.000000001,0.012775182723999,0,True,55,33,True,1,32,0.9937390685081482,34016.2734375,-55627555364.85997,2025-11-20 20:57:33
er_65536_1_8.txt,erdos_renyi_10ins_m20,48,SpecAnn,0.1254911610276317,1.0,-17098407.999999996,-3685990.000000002,0.0124590396881103,0,True,55,33,True,2,32,0.9928280711174012,25927.08984375,-42360267789.90374,2025-11-20 20:57:33
er_65536_1_8.txt,erdos_renyi_10ins_m20,48,SpecAnn,0.1536946558735679,1.0,-17116980.000000004,-3734912.0,0.0124285221099853,0,True,55,33,True,3,32,0.992039680480957,21051.08984375,-34366436745.47459,2025-11-20 20:57:33
er_65536_1_8.txt,erdos_renyi_10ins_m20,48,SpecAnn,0.1774713018832227,1.0,-17078813.999999996,-3790752.000000001,0.0125379562377929,0,True,55,33,True,4,32,0.9913078546524048,17660.654296875,-28810196021.82112,2025-11-20 20:57:33
er_65536_1_8.txt,erdos_renyi_10ins_m20,48,SpecAnn,0.1984189475331362,1.0,-17121569.999999996,-3846184.0,0.0124702453613281,0,True,55,33,True,5,32,0.9906071424484252,15129.37109375,-24663414783.350742,2025-11-20 20:57:33
er_65536_1_8.txt,erdos_renyi_10ins_m20,48,SpecAnn,0.2173570668006655,1.0,-17112610.000000004,-3881258.000000001,0.0126929283142089,0,True,55,33,True,6,32,0.9899249076843262,13154.857421875,-21429857026.80973,2025-11-20 20:57:33
er_65536_1_8.txt,erdos_renyi_10ins_m20,48,SpecAnn,0.2347724648169381,1.0,-17173774.0,-3929320.000000001,0.0126588344573974,0,True,55,33,True,7,32,0.9892534613609314,11567.5126953125,-18831219247.105133,2025-11-20 20:57:33
er_65536_1_8.txt,erdos_renyi_10ins_m20,48,SpecAnn,0.2509823220552634,1.0,-17091500.0,-3969200.0,0.0126740932464599,0,True,55,33,True,8,32,0.9885880947113036,10262.7587890625,-16695920730.240416,2025-11-20 20:57:33
er_65536_1_8.txt,erdos_renyi_10ins_m20,48,SpecAnn,0.2662069528248341,1.0,-17101104.0,-4008980.0,0.0126454830169677,0,True,55,33,True,9,32,0.9879252910614014,9171.7294921875,-14910981018.439066,2025-11-20 20:57:33
er_65536_1_8.txt,erdos_renyi_10ins_m20,48,SpecAnn,0.2806067666331568,1.0,-17179719.999999996,-4052036.0,0.012618064880371,0,True,55,33,True,10,32,0.9872626662254332,8246.818359375,-13398309934.752216,2025-11-20 20:57:33
er_65536_1_8.txt,erdos_renyi_10ins_m20,48,SpecAnn,0.2943028597012718,1.0,-17077484.0,-4096064.0,0.0126335620880126,0,True,55,33,True,11,32,0.9865983724594116,7453.85888671875,-12101868729.118055,2025-11-20 20:57:33
er_65536_1_8.txt,erdos_renyi_10ins_m20,48,SpecAnn,0.3073893117471359,1.0,-17055312.0,-4142952.000000001,0.0124933719635009,0,True,55,33,True,12,32,0.9859309196472168,6767.576171875,-10980206701.846588,2025-11-20 20:57:33
er_65536_1_8.txt,erdos_renyi_10ins_m20,48,SpecAnn,0.3199409394316542,1.0,-17088304.0,-4181051.999999999,0.0124151706695556,0,True,55,33,True,13,32,0.985259175300598,6168.8251953125,-10001930404.57957,2025-11-20 20:57:33
er_65536_1_8.txt,erdos_renyi_10ins_m20,48,SpecAnn,0.3320184038158743,1.0,-17103508.0,-4218604.0,0.0124080181121826,0,True,55,33,True,14,32,0.9845820665359496,5642.79345703125,-9142752255.445004,2025-11-20 20:57:33
er_65536_1_8.txt,erdos_renyi_10ins_m20,48,SpecAnn,0.3436716983117353,1.0,-17077528.000000004,-4266290.000000001,0.0124547481536865,0,True,55,33,True,15,32,0.9838988780975342,5177.8310546875,-8383574301.406371,2025-11-20 20:57:33
er_65536_1_8.txt,erdos_renyi_10ins_m20,48,SpecAnn,0.3549426037664455,1.0,-17062026.0,-4318282.000000002,0.0123519897460937,0,True,55,33,True,16,32,0.9832087755203248,4764.634765625,-7709145418.251859,2025-11-20 20:57:33
er_65536_1_8.txt,erdos_renyi_10ins_m20,48,SpecAnn,0.3658664615902029,1.0,-17106246.0,-4370402.0,0.0124046802520751,0,True,55,33,True,17,32,0.9825112819671632,4395.6767578125,-7107128551.834039,2025-11-20 20:57:33
er_65536_1_8.txt,erdos_renyi_10ins_m20,48,SpecAnn,0.3764734830828951,1.0,-17082926.0,-4400306.000000001,0.0124807357788085,0,True,55,33,True,18,32,0.9818058013916016,4064.80126953125,-6567435073.16186,2025-11-20 20:57:33
er_65536_1_8.txt,erdos_renyi_10ins_m20,48,SpecAnn,0.3867897351437838,1.0,-17115122.000000004,-4440556.000000001,0.012477159500122,0,True,55,33,True,19,32,0.9810917377471924,3766.9228515625,-6081731188.680457,2025-11-20 20:57:33
er_65536_1_8.txt,erdos_renyi_10ins_m20,48,SpecAnn,0.3968378950662725,1.0,-17085498.000000004,-4492324.000000001,0.0125787258148193,0,True,55,33,True,20,32,0.980368673801422,3497.80224609375,-5643071517.314384,2025-11-20 20:57:33
er_65536_1_8.txt,erdos_renyi_10ins_m20,48,SpecAnn,0.4066378372811136,1.0,-17104142.000000004,-4529622.000000001,0.0126152038574218,0,True,55,33,True,21,32,0.979636251926422,3253.875732421875,-5245618320.135772,2025-11-20 20:57:33
er_65536_1_8.txt,erdos_renyi_10ins_m20,48,SpecAnn,0.4162070956347247,1.0,-17089806.0,-4579114.000000001,0.0125534534454345,0,True,55,33,True,22,32,0.978894054889679,3032.129150390625,-4884434195.563359,2025-11-20 20:57:33
er_65536_1_8.txt,erdos_renyi_10ins_m20,48,SpecAnn,0.4255612320274539,1.0,-17102976.000000004,-4634784.0,0.0126094818115234,0,True,55,33,True,23,32,0.9781417846679688,2829.994140625,-4555313013.965888,2025-11-20 20:57:33
er_65536_1_8.txt,erdos_renyi_10ins_m20,48,SpecAnn,0.434714133601331,1.0,-17108930.0,-4688474.000000001,0.0126008987426757,0,True,55,33,True,24,32,0.9773789048194884,2645.2685546875,-4254647721.9780993,2025-11-20 20:57:33
er_65536_1_8.txt,erdos_renyi_10ins_m20,48,SpecAnn,0.4436782547080569,1.0,-17095134.0,-4742434.000000001,0.0126969814300537,0,True,55,33,True,25,32,0.9766051769256592,2476.056640625,-3979334742.8481455,2025-11-20 20:57:33
er_65536_1_8.txt,erdos_renyi_10ins_m20,48,SpecAnn,0.4524648157026343,1.0,-17088246.0,-4780670.0,0.0127151012420654,0,True,55,33,True,26,32,0.975820243358612,2320.71533203125,-3726684020.7382135,2025-11-20 20:57:33
er_65536_1_8.txt,erdos_renyi_10ins_m20,48,SpecAnn,0.4610839676207039,1.0,-17126534.0,-4845096.000000002,0.0126843452453613,0,True,55,33,True,27,32,0.975023865699768,2177.8154296875,-3494356360.073662,2025-11-20 20:57:34
er_65536_1_8.txt,erdos_renyi_10ins_m20,48,SpecAnn,0.4695449296338763,1.0,-17110568.0,-4902886.000000001,0.0126793384552001,0,True,55,33,True,28,32,0.974215567111969,2046.109130859375,-3280308843.80178,2025-11-20 20:57:34
er_65536_1_8.txt,erdos_renyi_10ins_m20,48,SpecAnn,0.4778561045889373,1.0,-17143438.0,-4962476.0,0.012721300125122,0,True,55,33,True,29,32,0.9733951687812804,1924.49951171875,-3082746888.54204,2025-11-20 20:57:34
er_65536_1_8.txt,erdos_renyi_10ins_m20,48,SpecAnn,0.4860251767562508,1.0,-17067552.0,-5015722.000000001,0.0126941204071044,0,True,55,33,True,30,32,0.9725622534751892,1812.0224609375,-2900092586.2942924,2025-11-20 20:57:34
er_65536_1_8.txt,erdos_renyi_10ins_m20,48,SpecAnn,0.4940591950252281,1.0,-17076054.0,-5069229.999999999,0.0127627849578857,0,True,55,33,True,31,32,0.9717165231704712,1707.82568359375,-2730951607.825808,2025-11-20 20:57:34
er_65536_1_8.txt,erdos_renyi_10ins_m20,48,SpecAnn,0.5019646441105269,1.0,-17077706.0,-5122468.000000002,0.0126998424530029,0,True,55,33,True,32,32,0.9708578586578368,1611.153564453125,-2574088434.45339,2025-11-20 20:57:34
er_65536_1_8.txt,erdos_renyi_10ins_m20,48,SpecAnn,0.5097475058154177,1.0,-17076324.0,-5177046.000000001,0.0126993656158447,0,True,55,33,True,33,32,0.9699856042861938,1521.333251953125,-2428401671.459604,2025-11-20 20:57:34
er_65536_1_8.txt,erdos_renyi_10ins_m20,48,SpecAnn,0.51741331199832,1.0,-17103584.0,-5234554.0,0.0126891136169433,0,True,55,33,True,34,32,0.9690997004508972,1437.766357421875,-2292913403.498218,2025-11-20 20:57:34
er_65536_1_8.txt,erdos_renyi_10ins_m20,48,SpecAnn,0.5249671905758515,1.0,-17081532.0,-5288816.0,0.0126619338989257,0,True,55,33,True,35,32,0.9681998491287231,1359.91650390625,-2166746638.5276365,2025-11-20 20:57:34
er_65536_1_8.txt,erdos_renyi_10ins_m20,48,SpecAnn,0.5324139056496683,1.0,-17120362.000000004,-5336945.999999999,0.0125994682312011,0,True,55,33,True,36,32,0.9672853946685792,1287.303466796875,-2049115533.6406124,2025-11-20 20:57:34
er_65536_1_8.txt,erdos_renyi_10ins_m20,48,SpecAnn,0.5397578926492556,1.0,-17112514.0,-5401163.999999999,0.0125238895416259,0,True,55,33,True,37,32,0.9663563370704652,1219.4951171875,-1939314484.558012,2025-11-20 20:57:34
er_65536_1_8.txt,erdos_renyi_10ins_m20,48,SpecAnn,0.5470032892270364,1.0,-17087004.000000004,-5465618.000000001,0.0123894214630126,0,True,55,33,True,38,32,0.9654122591018676,1156.1033935546875,-1836709032.527939,2025-11-20 20:57:34
er_65536_1_8.txt,erdos_renyi_10ins_m20,48,SpecAnn,0.554153962516942,1.0,-17083740.0,-5543196.0,0.0124838352203369,0,True,55,33,True,39,32,0.9644527435302734,1096.775634765625,-1740722821.7971334,2025-11-20 20:57:34
er_65536_1_8.txt,erdos_renyi_10ins_m20,48,SpecAnn,0.5612135332663137,1.0,-17076722.0,-5609180.0,0.0124344825744628,0,True,55,33,True,40,32,0.963477373123169,1041.19580078125,-1650839319.218613,2025-11-20 20:57:34
er_65536_1_8.txt,erdos_renyi_10ins_m20,48,SpecAnn,0.5681853972686127,1.0,-17122442.0,-5662180.0,0.012399673461914,0,True,55,33,True,41,32,0.9624860286712646,989.0756225585938,-1566588047.047214,2025-11-20 20:57:34
er_65536_1_8.txt,erdos_renyi_10ins_m20,48,SpecAnn,0.5750727444570146,1.0,-17096086.0,-5723231.999999999,0.0123763084411621,0,True,55,33,True,42,32,0.961478054523468,940.1530151367188,-1487540489.5619686,2025-11-20 20:57:34
er_65536_1_8.txt,erdos_renyi_10ins_m20,48,SpecAnn,0.5818785759635375,1.0,-17117670.0,-5789067.999999999,0.012507677078247,0,True,55,33,True,43,32,0.9604531526565552,894.19091796875,-1413309627.6686096,2025-11-20 20:57:34
er_65536_1_8.txt,erdos_renyi_10ins_m20,48,SpecAnn,0.5886057194025436,1.0,-17131566.000000004,-5855042.0,0.012542724609375,0,True,55,33,True,44,32,0.959411084651947,850.9727172851562,-1343541992.327178,2025-11-20 20:57:34
er_65536_1_8.txt,erdos_renyi_10ins_m20,48,SpecAnn,0.5952568425994088,1.0,-17104526.0,-5922172.000000001,0.0125720500946044,0,True,55,33,True,45,32,0.9583512544631958,810.2998046875,-1277913112.3422327,2025-11-20 20:57:34
er_65536_1_8.txt,erdos_renyi_10ins_m20,48,SpecAnn,0.6018344659534288,1.0,-17104608.0,-5993114.000000001,0.0123751163482666,0,True,55,33,True,46,32,0.957273244857788,771.9921875,-1216129161.7842216,2025-11-20 20:57:34
er_65536_1_8.txt,erdos_renyi_10ins_m20,48,SpecAnn,0.6083409735974393,1.0,-17100484.0,-6067930.0,0.0126717090606689,0,True,55,33,True,47,32,0.9561765789985656,735.884033203125,-1157919474.2592618,2025-11-20 20:57:34
er_65536_1_8.txt,erdos_renyi_10ins_m20,48,SpecAnn,0.6147786234942719,1.0,-17059746.0,-6160894.0,0.0126397609710693,0,True,55,33,True,48,32,0.9550609588623048,701.823486328125,-1103036456.050985,2025-11-20 20:57:34
er_65536_1_8.txt,erdos_renyi_10ins_m20,48,SpecAnn,0.6211495565912796,1.0,-17074112.0,-6228870.0,0.012697696685791,0,True,55,33,True,49,32,0.9539257884025574,669.6714477539062,-1051253001.4403988,2025-11-20 20:57:34
er_65536_1_8.txt,erdos_renyi_10ins_m20,48,SpecAnn,0.6274558051381586,1.0,-17091038.0,-6303824.0,0.0126659870147705,0,True,55,33,True,50,32,0.9527705311775208,639.2991943359375,-1002359128.1293015,2025-11-20 20:57:34
er_65536_1_8.txt,erdos_renyi_10ins_m20,48,SpecAnn,0.6336993002596786,1.0,-17161318.0,-6368798.000000002,0.0125055313110351,0,True,55,33,True,51,32,0.9515948295593262,610.5894775390625,-956163730.355262,2025-11-20 20:57:34
er_65536_1_8.txt,erdos_renyi_10ins_m20,48,SpecAnn,0.6398818788633085,1.0,-17096642.0,-6463438.0,0.0125789642333984,0,True,55,33,True,52,32,0.9503980278968812,583.433349609375,-912489032.2148944,2025-11-20 20:57:34
er_65536_1_8.txt,erdos_renyi_10ins_m20,48,SpecAnn,0.6460052899517691,1.0,-17128864.0,-6560665.999999999,0.0125184059143066,0,True,55,33,True,53,32,0.9491795897483826,557.7301635742188,-871170980.8209131,2025-11-20 20:57:34
er_65536_1_8.txt,erdos_renyi_10ins_m20,48,SpecAnn,0.6520712004019966,1.0,-17101881.999999996,-6634244.000000001,0.0124423503875732,0,True,55,33,True,54,32,0.9479389190673828,533.3875732421875,-832059002.9548852,2025-11-20 20:57:34
er_65536_1_8.txt,erdos_renyi_10ins_m20,48,SpecAnn,0.6580812002646271,1.0,-17091896.0,-6718244.0,0.0126054286956787,0,True,55,33,True,55,32,0.946675419807434,510.3197937011719,-795013294.1262609,2025-11-20 20:57:34
er_65536_1_8.txt,erdos_renyi_10ins_m20,48,SpecAnn,0.6640368076317485,1.0,-17170458.0,-6809910.0,0.0124886035919189,0,True,55,33,True,56,32,0.9453885555267334,488.44732666015625,-759904391.050896,2025-11-20 20:57:34
er_65536_1_8.txt,erdos_renyi_10ins_m20,48,SpecAnn,0.6699394731151429,1.0,-17126268.0,-6893494.0,0.0125603675842285,0,True,55,33,True,57,32,0.9440775513648988,467.6969299316406,-726612837.4405179,2025-11-20 20:57:34
er_65536_1_8.txt,erdos_renyi_10ins_m20,48,SpecAnn,0.6757905839724513,1.0,-17074988.000000004,-6974330.000000001,0.0124423503875732,0,True,55,33,True,58,32,0.942741632461548,447.9999694824219,-695026793.7710053,2025-11-20 20:57:34
er_65536_1_8.txt,erdos_renyi_10ins_m20,48,SpecAnn,0.6815914679145113,1.0,-17123470.0,-7058966.0,0.0124266147613525,0,True,55,33,True,59,32,0.9413802027702332,429.2935791015625,-665043924.2103964,2025-11-20 20:57:34
er_65536_1_8.txt,erdos_renyi_10ins_m20,48,SpecAnn,0.6873433966234707,1.0,-17138506.0,-7161616.000000002,0.0125041007995605,0,True,55,33,True,60,32,0.9399925470352172,411.5182495117188,-636567389.0086348,2025-11-20 20:57:34
er_65536_1_8.txt,erdos_renyi_10ins_m20,48,SpecAnn,0.6930475890080863,1.0,-17161500.000000004,-7236791.999999999,0.0124614238739013,0,True,55,33,True,61,32,0.9385777711868286,394.6197204589844,-609508723.0189443,2025-11-20 20:57:34
er_65536_1_8.txt,erdos_renyi_10ins_m20,48,SpecAnn,0.6987052142198116,1.0,-17140746.0,-7338800.000000001,0.0124595165252685,0,True,55,33,True,62,32,0.9371351003646852,378.5466918945313,-583784468.3767035,2025-11-20 20:57:34
er_65536_1_8.txt,erdos_renyi_10ins_m20,48,SpecAnn,0.7043173944508145,1.0,-17155128.0,-7424656.0,0.0125732421875,0,True,55,33,True,63,32,0.9356637001037598,363.2515563964844,-559317156.621481,2025-11-20 20:57:34
er_65536_1_8.txt,erdos_renyi_10ins_m20,48,SpecAnn,0.709885207532891,1.0,-17148881.999999996,-7533972.0,0.0123970508575439,0,True,55,33,True,64,32,0.9341624975204468,348.690185546875,-536034852.9118685,2025-11-20 20:57:34
er_65536_1_8.txt,erdos_renyi_10ins_m20,48,SpecAnn,0.7154096893543218,1.0,-17120270.0,-7652284.000000001,0.0124862194061279,0,True,55,33,True,65,32,0.9326305389404296,334.82086181640625,-513869709.6236323,2025-11-20 20:57:34
er_65536_1_8.txt,erdos_renyi_10ins_m20,48,SpecAnn,0.7208918361100219,1.0,-17119070.0,-7775346.000000001,0.0124118328094482,0,True,55,33,True,66,32,0.9310669898986816,321.605224609375,-492759381.3442156,2025-11-20 20:57:34
er_65536_1_8.txt,erdos_renyi_10ins_m20,48,SpecAnn,0.7263326063988248,1.0,-17150222.0,-7876898.0,0.0124542713165283,0,True,55,33,True,67,32,0.9294705390930176,309.00689697265625,-472644575.7047306,2025-11-20 20:57:34
er_65536_1_8.txt,erdos_renyi_10ins_m20,48,SpecAnn,0.7317329231804058,1.0,-17134058.0,-7988730.0,0.0124108791351318,0,True,55,33,True,68,32,0.9278401732444764,296.9921875,-453470535.8469001,2025-11-20 20:57:34
er_65536_1_8.txt,erdos_renyi_10ins_m20,48,SpecAnn,0.7370936756031579,1.0,-17149882.0,-8079170.000000001,0.0124087333679199,0,True,55,33,True,69,32,0.9261747598648072,285.5292358398437,-435185484.2482333,2025-11-20 20:57:34
er_65536_1_8.txt,erdos_renyi_10ins_m20,48,SpecAnn,0.7424157207132704,1.0,-17159864.000000004,-8183908.000000001,0.0123629570007324,0,True,55,33,True,70,32,0.9244728684425354,274.5885314941406,-417741325.92332506,2025-11-20 20:57:34
er_65536_1_8.txt,erdos_renyi_10ins_m20,48,SpecAnn,0.7476998850543153,1.0,-17178354.0,-8313783.999999999,0.012430191040039,0,True,55,33,True,71,32,0.9227332472801208,264.1422424316406,-401092836.8922964,2025-11-20 20:57:34
er_65536_1_8.txt,erdos_renyi_10ins_m20,48,SpecAnn,0.7529469661657903,1.0,-17184858.0,-8436924.0,0.0124049186706542,0,True,55,33,True,72,32,0.9209545850753784,254.16407775878903,-385197323.1952458,2025-11-20 20:57:34
er_65536_1_8.txt,erdos_renyi_10ins_m20,48,SpecAnn,0.7581577339883167,1.0,-17174994.0,-8562524.0,0.012444257736206,0,True,55,33,True,73,32,0.91913503408432,244.62974548339844,-370015110.6059647,2025-11-20 20:57:34
er_65536_1_8.txt,erdos_renyi_10ins_m20,48,SpecAnn,0.7633329321824984,1.0,-17194152.0,-8712257.999999998,0.0123937129974365,0,True,55,33,True,74,32,0.9172734618186952,235.51614379882807,-355508825.9854447,2025-11-20 20:57:34
er_65536_1_8.txt,erdos_renyi_10ins_m20,48,SpecAnn,0.7684732793678399,1.0,-17184039.999999996,-8870883.999999998,0.0124142169952392,0,True,55,33,True,75,32,0.9153679013252258,226.80154418945312,-341643028.3271744,2025-11-20 20:57:34
er_65536_1_8.txt,erdos_renyi_10ins_m20,48,SpecAnn,0.7735794702875677,1.0,-17186278.0,-9023172.0,0.0123839378356933,0,True,55,33,True,76,32,0.9134165048599244,218.4656982421875,-328384755.9447413,2025-11-20 20:57:34
er_65536_1_8.txt,erdos_renyi_10ins_m20,48,SpecAnn,0.7786521769046981,1.0,-17209326.0,-9164646.000000002,0.0124194622039794,0,True,55,33,True,77,32,0.9114176034927368,210.48941040039065,-315702877.6560469,2025-11-20 20:57:34
er_65536_1_8.txt,erdos_renyi_10ins_m20,48,SpecAnn,0.7836920494342511,1.0,-17182414.0,-9344158.0,0.0124657154083251,0,True,55,33,True,78,32,0.909368932247162,202.8546905517578,-303568037.85392857,2025-11-20 20:57:34
er_65536_1_8.txt,erdos_renyi_10ins_m20,48,SpecAnn,0.788699717316095,1.0,-17191716.0,-9485328.000000002,0.012484073638916,0,True,55,33,True,79,32,0.9072684645652772,195.54449462890625,-291952558.4325572,2025-11-20 20:57:34
er_65536_1_8.txt,erdos_renyi_10ins_m20,48,SpecAnn,0.7936757901325451,1.0,-17214964.0,-9635508.0,0.0124573707580566,0,True,55,33,True,80,32,0.9051138758659364,188.5429077148437,-280830517.2399324,2025-11-20 20:57:34
er_65536_1_8.txt,erdos_renyi_10ins_m20,48,SpecAnn,0.7986208584745024,1.0,-17241660.0,-9831722.0,0.0124204158782958,0,True,55,33,True,81,32,0.9029025435447692,181.83462524414065,-270176977.4146196,2025-11-20 20:57:34
er_65536_1_8.txt,erdos_renyi_10ins_m20,48,SpecAnn,0.803535494759617,1.0,-17230766.0,-10000956.0,0.0123887062072753,0,True,55,33,True,82,32,0.9006320238113403,175.40557861328125,-259969059.5890723,2025-11-20 20:57:34
er_65536_1_8.txt,erdos_renyi_10ins_m20,48,SpecAnn,0.8084202540056837,1.0,-17229679.999999996,-10163678.000000002,0.0124075412750244,0,True,55,33,True,83,32,0.8982992172241211,169.24227905273438,-250184709.0558659,2025-11-20 20:57:34
er_65536_1_8.txt,erdos_renyi_10ins_m20,48,SpecAnn,0.8132756745622272,1.0,-17246278.000000004,-10330768.0,0.0124297142028808,0,True,55,33,True,84,32,0.8959013819694519,163.3319091796875,-240803126.5899574,2025-11-20 20:57:34
er_65536_1_8.txt,erdos_renyi_10ins_m20,48,SpecAnn,0.8181022788030096,1.0,-17240490.0,-10538951.999999998,0.0124430656433105,0,True,55,33,True,85,32,0.8934351205825806,157.66256713867188,-231804835.1500449,2025-11-20 20:57:34
er_65536_1_8.txt,erdos_renyi_10ins_m20,48,SpecAnn,0.822900573781978,1.0,-17286694.000000004,-10773046.000000002,0.0124268531799316,0,True,55,33,True,86,32,0.8908968567848206,152.22286987304688,-223171230.8122773,2025-11-20 20:57:34
er_65536_1_8.txt,erdos_renyi_10ins_m20,48,SpecAnn,0.8276710518549868,1.0,-17243806.0,-10957998.0,0.0124838352203369,0,True,55,33,True,87,32,0.8882828950881958,147.0020751953125,-214884772.7468612,2025-11-20 20:57:34
er_65536_1_8.txt,erdos_renyi_10ins_m20,48,SpecAnn,0.8324141912694495,1.0,-17292420.0,-11180395.999999998,0.0124623775482177,0,True,55,33,True,88,32,0.8855891823768616,141.98997497558594,-206928763.2050923,2025-11-20 20:57:34
er_65536_1_8.txt,erdos_renyi_10ins_m20,48,SpecAnn,0.8371304567239225,1.0,-17292640.0,-11397258.0,0.0126965045928955,0,True,55,33,True,89,32,0.8828111290931702,137.17703247070312,-199287509.34705475,2025-11-20 20:57:34
er_65536_1_8.txt,erdos_renyi_10ins_m20,48,SpecAnn,0.8418202998994706,1.0,-17323452.0,-11618879.999999998,0.0126299858093261,0,True,55,33,True,90,32,0.8799440860748291,132.55401611328125,-191945901.69495755,2025-11-20 20:57:34
er_65536_1_8.txt,erdos_renyi_10ins_m20,48,SpecAnn,0.846484159964536,1.0,-17324221.999999996,-11813326.000000002,0.0126333236694335,0,True,55,33,True,91,32,0.8769828677177429,128.11236572265625,-184889835.7738411,2025-11-20 20:57:34
er_65536_1_8.txt,erdos_renyi_10ins_m20,48,SpecAnn,0.8511224640549078,1.0,-17321598.000000004,-12069310.0,0.012671947479248,0,True,55,33,True,92,32,0.873921811580658,123.84394073486328,-178105863.81194264,2025-11-20 20:57:34
er_65536_1_8.txt,erdos_renyi_10ins_m20,48,SpecAnn,0.8557356277302758,1.0,-17329618.0,-12301421.999999998,0.0125727653503417,0,True,55,33,True,93,32,0.8707550168037415,119.74087524414062,-171581037.69397607,2025-11-20 20:57:34
er_65536_1_8.txt,erdos_renyi_10ins_m20,48,SpecAnn,0.8603240554087516,1.0,-17366795.999999996,-12534242.000000002,0.0124237537384033,0,True,55,33,True,94,32,0.8674755096435547,115.7957763671875,-165303031.44533086,2025-11-20 20:57:34
er_65536_1_8.txt,erdos_renyi_10ins_m20,48,SpecAnn,0.86488814078064,1.0,-17384840.0,-12786113.999999998,0.0124838352203369,0,True,55,33,True,95,32,0.8640760779380798,112.0018081665039,-159260433.03844085,2025-11-20 20:57:34
er_65536_1_8.txt,erdos_renyi_10ins_m20,48,SpecAnn,0.8694282672026621,1.0,-17415414.0,-13032540.0,0.0123903751373291,0,True,55,33,True,96,32,0.8605489730834961,108.35218811035156,-153441965.60260868,2025-11-20 20:57:34
er_65536_1_8.txt,erdos_renyi_10ins_m20,48,SpecAnn,0.8739448080737451,1.0,-17410746.0,-13277138.000000002,0.0124433040618896,0,True,55,33,True,97,32,0.8568851947784424,104.84068298339844,-147837073.57010877,2025-11-20 20:57:34
er_65536_1_8.txt,erdos_renyi_10ins_m20,48,SpecAnn,0.878438127193422,1.0,-17465332.0,-13540495.999999998,0.0124504566192626,0,True,55,33,True,98,32,0.853075385093689,101.46129608154295,-142435647.13708812,2025-11-20 20:57:34
er_65536_1_8.txt,erdos_renyi_10ins_m20,48,SpecAnn,0.8829085791038153,1.0,-17496756.0,-13805204.000000002,0.0125699043273925,0,True,55,33,True,99,32,0.8491088151931763,98.20828247070312,-137227876.1690391,2025-11-20 20:57:34
er_65536_1_8.txt,erdos_renyi_10ins_m20,48,SpecAnn,0.8873565094161138,1.0,-17541518.0,-14054657.999999996,0.0241839885711669,0,True,55,65,True,100,32,0.8449740409851074,95.07627868652344,-132204554.89601296,2025-11-20 20:57:34
er_65536_1_8.txt,erdos_renyi_10ins_m20,48,SpecAnn,0.8917822551223932,1.0,-17580840.0,-14317705.999999998,0.0239770412445068,0,True,55,65,True,101,32,0.8406583070755005,92.0601043701172,-127356714.93154712,2025-11-20 20:57:34
er_65536_1_8.txt,erdos_renyi_10ins_m20,48,SpecAnn,0.8961861448935777,1.0,-17591871.999999996,-14552720.000000002,0.0236821174621582,0,True,55,65,True,102,32,0.8361478447914124,89.15487670898438,-122675844.092415,2025-11-20 20:57:34
er_65536_1_8.txt,erdos_renyi_10ins_m20,48,SpecAnn,0.9005684993642872,1.0,-17654683.999999996,-14815718.000000002,0.0239872932434082,0,True,55,65,True,103,32,0.831427276134491,86.35595703125,-118153732.6142613,2025-11-20 20:57:35
er_65536_1_8.txt,erdos_renyi_10ins_m20,48,SpecAnn,0.9049296314052688,1.0,-17686518.000000004,-15061646.000000002,0.0238046646118164,0,True,55,65,True,104,32,0.8264807462692261,83.65882873535156,-113782480.43956175,2025-11-20 20:57:35
er_65536_1_8.txt,erdos_renyi_10ins_m20,48,SpecAnn,0.9092698463840684,1.0,-17728546.0,-15323106.000000002,0.0350043773651123,0,True,55,97,True,105,32,0.8212920427322388,81.0593032836914,-109554786.82752337,2025-11-20 20:57:35
er_65536_1_8.txt,erdos_renyi_10ins_m20,48,SpecAnn,0.9135894424145556,1.0,-17754176.000000004,-15497548.000000002,0.0466327667236328,0,True,55,129,True,106,32,0.8158446550369263,78.55339050292969,-105463768.0152683,2025-11-20 20:57:35
er_65536_1_8.txt,erdos_renyi_10ins_m20,48,SpecAnn,0.9178887105958816,1.0,-17762846.000000004,-15627658.000000002,0.0914497375488281,0,True,55,257,True,107,32,0.8101199865341187,76.13716125488281,-101502538.45068912,2025-11-20 20:57:35
er_65536_1_8.txt,erdos_renyi_10ins_m20,48,SpecAnn,0.922167935241408,1.0,-17767861.999999996,-15555546.000000004,0.1370210647583007,0,True,55,385,True,108,32,0.8041074275970459,73.80699157714844,-97665786.94218913,2025-11-20 20:57:35
er_65536_1_8.txt,erdos_renyi_10ins_m20,48,SpecAnn,0.92642739409812,1.0,-17749874.0,-15497284.000000002,0.0689239501953125,0,True,55,193,True,109,32,0.7978746891021729,71.5594253540039,-93957706.91110957,2025-11-20 20:57:35
er_65536_1_8.txt,erdos_renyi_10ins_m20,48,SpecAnn,0.9306673585570006,1.0,-17706368.0,-15454346.0,0.0461986064910888,0,True,55,129,True,110,32,0.7914627194404602,69.39106750488281,-90378453.99918903,2025-11-20 20:57:35
er_65536_1_8.txt,erdos_renyi_10ins_m20,48,SpecAnn,0.9348880938548184,1.0,-17695016.0,-15401322.0,0.0463037490844726,0,True,55,129,True,111,32,0.7848740816116333,67.29878997802734,-86923683.15560246,2025-11-20 20:57:35
er_65536_1_8.txt,erdos_renyi_10ins_m20,48,SpecAnn,0.9390898592677528,1.0,-17679376.000000004,-15389665.999999998,0.0350096225738525,0,True,55,97,True,112,32,0.7781072854995728,65.2795181274414,-83588647.47028613,2025-11-20 20:57:35
er_65536_1_8.txt,erdos_renyi_10ins_m20,48,SpecAnn,0.9432729082972536,1.0,-17689776.0,-15381161.999999996,0.0352702140808105,0,True,55,97,True,113,32,0.7711578607559204,63.33036804199219,-80368558.39500573,2025-11-20 20:57:35
er_65536_1_8.txt,erdos_renyi_10ins_m20,48,SpecAnn,0.9474374888485204,1.0,-17673938.0,-15365532.0,0.0352051258087158,0,True,55,97,True,114,32,0.7640219330787659,61.448577880859375,-77258903.30683275,2025-11-20 20:57:35
er_65536_1_8.txt,erdos_renyi_10ins_m20,48,SpecAnn,0.9515838434019476,1.0,-17681254.0,-15366526.0,0.0466351509094238,0,True,55,129,True,115,32,0.7566959857940674,59.631473541259766,-74255366.80896457,2025-11-20 20:57:35
er_65536_1_8.txt,erdos_renyi_10ins_m20,48,SpecAnn,0.9557122091778746,1.0,-17657018.0,-15362162.000000002,0.0239632129669189,0,True,55,65,True,116,32,0.7491754293441772,57.8765869140625,-71353834.04180516,2025-11-20 20:57:35
er_65536_1_8.txt,erdos_renyi_10ins_m20,48,SpecAnn,0.9598228182949629,1.0,-17686078.0,-15356060.0,0.0465779304504394,0,True,55,129,True,117,32,0.7414556741714478,56.18144607543945,-68550240.53266238,2025-11-20 20:57:35
er_65536_1_8.txt,erdos_renyi_10ins_m20,48,SpecAnn,0.963915897922488,1.0,-17668196.000000004,-15355831.999999998,0.023712158203125,0,True,55,65,True,118,32,0.7335319519042969,54.54378509521485,-65840813.04947338,2025-11-20 20:57:35
er_65536_1_8.txt,erdos_renyi_10ins_m20,48,SpecAnn,0.967991670426842,1.0,-17657986.0,-15346594.0,0.0237412452697753,0,True,55,65,True,119,32,0.7254002690315247,52.96136093139648,-63221926.46063053,2025-11-20 20:57:35
er_65536_1_8.txt,erdos_renyi_10ins_m20,48,SpecAnn,0.9720503535125016,1.0,-17674934.0,-15350290.000000004,0.023935317993164,0,True,55,65,True,120,32,0.7170554399490356,51.43206024169922,-60690055.24495453,2025-11-20 20:57:35
er_65536_1_8.txt,erdos_renyi_10ins_m20,48,SpecAnn,0.9760921603577252,1.0,-17646864.0,-15347312.000000004,0.0241079330444335,0,True,55,65,True,121,32,0.7084928154945374,49.953887939453125,-58241911.80148974,2025-11-20 20:57:35
er_65536_1_8.txt,erdos_renyi_10ins_m20,48,SpecAnn,0.9801172997452104,1.0,-17651046.0,-15353482.0,0.0239989757537841,0,True,55,65,True,122,32,0.6997073292732239,48.52488708496094,-55874266.256318,2025-11-20 20:57:35
er_65536_1_8.txt,erdos_renyi_10ins_m20,48,SpecAnn,0.9841259761879442,1.0,-17672636.0,-15352917.999999998,0.0238075256347656,0,True,55,65,True,123,32,0.6906943321228027,47.14323043823242,-53584120.567696735,2025-11-20 20:57:35
er_65536_1_8.txt,erdos_renyi_10ins_m20,48,SpecAnn,0.9881183900504562,1.0,-17668046.0,-15352873.999999998,0.0236937999725341,0,True,55,65,True,124,32,0.6814485788345337,45.80710983276367,-51368496.87269419,2025-11-20 20:57:35
er_65536_1_8.txt,erdos_renyi_10ins_m20,48,SpecAnn,0.9920947376656812,1.0,-17677482.000000004,-15350213.999999998,0.0239863395690917,0,True,55,65,True,125,32,0.6719645857810974,44.51485061645508,-49224598.44292383,2025-11-20 20:57:35
er_65536_1_8.txt,erdos_renyi_10ins_m20,48,SpecAnn,0.9960552114476228,1.0,-17647196.0,-15341480.0,0.0240664482116699,0,True,55,65,True,126,32,0.6622374057769775,43.26483154296875,-47149772.46856392,2025-11-20 20:57:35
er_65536_1_8.txt,erdos_renyi_10ins_m20,48,SpecAnn,1.0,1.0,-17653874.0,-15339322.0,0.0238544940948486,0,True,55,65,True,127,32,0.6522613167762756,42.05546188354492,-45141387.775174685,2025-11-20 20:57:35
er_65536_1_8.txt,erdos_renyi_10ins_m20,49,SpecAnn,0.0,1.0,-17116866.0,-3512346.0,0.0142374038696289,0,True,54,33,True,0,32,0.9954885840415956,65537.0,-107362772456.2722,2025-11-20 20:57:36
er_65536_1_8.txt,erdos_renyi_10ins_m20,49,SpecAnn,0.0887356509416113,1.0,-17134332.0,-3634800.000000002,0.0125520229339599,0,True,54,33,True,1,32,0.9937390089035034,34016.2734375,-55627552028.30937,2025-11-20 20:57:36
er_65536_1_8.txt,erdos_renyi_10ins_m20,49,SpecAnn,0.1254911610276317,1.0,-17144024.000000004,-3685990.0,0.0123488903045654,0,True,54,33,True,2,32,0.9928280711174012,25927.08984375,-42360267789.90374,2025-11-20 20:57:36
er_65536_1_8.txt,erdos_renyi_10ins_m20,49,SpecAnn,0.1536946558735679,1.0,-17152962.0,-3734911.999999999,0.0124046802520751,0,True,54,33,True,3,32,0.992039680480957,21051.08984375,-34366436745.47459,2025-11-20 20:57:36
er_65536_1_8.txt,erdos_renyi_10ins_m20,49,SpecAnn,0.1774713018832227,1.0,-17117516.0,-3790752.000000001,0.0124533176422119,0,True,54,33,True,4,32,0.9913078546524048,17660.654296875,-28810196021.82112,2025-11-20 20:57:36
er_65536_1_8.txt,erdos_renyi_10ins_m20,49,SpecAnn,0.1984189475331362,1.0,-17106376.0,-3846184.000000001,0.0123693943023681,0,True,54,33,True,5,32,0.9906071424484252,15129.37109375,-24663414783.350742,2025-11-20 20:57:36
er_65536_1_8.txt,erdos_renyi_10ins_m20,49,SpecAnn,0.2173570668006655,1.0,-17080524.0,-3881258.0,0.0123674869537353,0,True,54,33,True,6,32,0.9899248480796814,13154.857421875,-21429855736.49063,2025-11-20 20:57:36
er_65536_1_8.txt,erdos_renyi_10ins_m20,49,SpecAnn,0.2347724648169381,1.0,-17087112.0,-3929320.000000001,0.0123538970947265,0,True,54,33,True,7,32,0.9892534613609314,11567.5126953125,-18831219247.105133,2025-11-20 20:57:36
er_65536_1_8.txt,erdos_renyi_10ins_m20,49,SpecAnn,0.2509823220552634,1.0,-17083508.000000004,-3969199.999999999,0.0123727321624755,0,True,54,33,True,8,32,0.9885880351066588,10262.7587890625,-16695919723.59829,2025-11-20 20:57:36
er_65536_1_8.txt,erdos_renyi_10ins_m20,49,SpecAnn,0.2662069528248341,1.0,-17096420.0,-4008980.0,0.0124101638793945,0,True,54,33,True,9,32,0.9879252910614014,9171.7294921875,-14910981018.439066,2025-11-20 20:57:36
er_65536_1_8.txt,erdos_renyi_10ins_m20,49,SpecAnn,0.2806067666331568,1.0,-17101126.000000004,-4052036.0,0.0123436450958251,0,True,54,33,True,10,32,0.9872626066207886,8246.818359375,-13398309125.847422,2025-11-20 20:57:36
er_65536_1_8.txt,erdos_renyi_10ins_m20,49,SpecAnn,0.2943028597012718,1.0,-17061433.999999996,-4096064.000000001,0.0123777389526367,0,True,54,33,True,11,32,0.9865983724594116,7453.85888671875,-12101868729.118055,2025-11-20 20:57:36
er_65536_1_8.txt,erdos_renyi_10ins_m20,49,SpecAnn,0.3073893117471359,1.0,-17124530.0,-4142952.0,0.0124180316925048,0,True,54,33,True,12,32,0.9859309196472168,6767.576171875,-10980206701.846588,2025-11-20 20:57:36
er_65536_1_8.txt,erdos_renyi_10ins_m20,49,SpecAnn,0.3199409394316542,1.0,-17082042.000000004,-4181052.0,0.012380838394165,0,True,54,33,True,13,32,0.985259175300598,6168.8251953125,-10001930404.57957,2025-11-20 20:57:36
er_65536_1_8.txt,erdos_renyi_10ins_m20,49,SpecAnn,0.3320184038158743,1.0,-17114684.0,-4218604.0,0.0124456882476806,0,True,54,33,True,14,32,0.9845820665359496,5642.79345703125,-9142752255.445004,2025-11-20 20:57:36
er_65536_1_8.txt,erdos_renyi_10ins_m20,49,SpecAnn,0.3436716983117353,1.0,-17101674.0,-4266290.0,0.0124082565307617,0,True,54,33,True,15,32,0.9838988780975342,5177.8310546875,-8383574301.406371,2025-11-20 20:57:36
er_65536_1_8.txt,erdos_renyi_10ins_m20,49,SpecAnn,0.3549426037664455,1.0,-17097071.999999996,-4318282.000000001,0.0123624801635742,0,True,54,33,True,16,32,0.9832088351249696,4764.634765625,-7709145885.600081,2025-11-20 20:57:36
er_65536_1_8.txt,erdos_renyi_10ins_m20,49,SpecAnn,0.3658664615902029,1.0,-17110285.999999996,-4370402.000000002,0.0123753547668457,0,True,54,33,True,17,32,0.982511341571808,4395.6767578125,-7107128982.992317,2025-11-20 20:57:36
er_65536_1_8.txt,erdos_renyi_10ins_m20,49,SpecAnn,0.3764734830828951,1.0,-17097589.999999996,-4400306.000000002,0.0124626159667968,0,True,54,33,True,18,32,0.9818058013916016,4064.80126953125,-6567435073.16186,2025-11-20 20:57:36
er_65536_1_8.txt,erdos_renyi_10ins_m20,49,SpecAnn,0.3867897351437838,1.0,-17129032.0,-4440556.0,0.0124309062957763,0,True,54,33,True,19,32,0.9810917377471924,3766.9228515625,-6081731188.680457,2025-11-20 20:57:36
er_65536_1_8.txt,erdos_renyi_10ins_m20,49,SpecAnn,0.3968378950662725,1.0,-17111994.0,-4492324.0,0.0123980045318603,0,True,54,33,True,20,32,0.980368673801422,3497.80224609375,-5643071517.314384,2025-11-20 20:57:36
er_65536_1_8.txt,erdos_renyi_10ins_m20,49,SpecAnn,0.4066378372811136,1.0,-17087132.0,-4529622.000000002,0.0123548507690429,0,True,54,33,True,21,32,0.979636251926422,3253.875732421875,-5245618320.135772,2025-11-20 20:57:36
er_65536_1_8.txt,erdos_renyi_10ins_m20,49,SpecAnn,0.4162070956347247,1.0,-17053542.0,-4579114.000000002,0.0124270915985107,0,True,54,33,True,22,32,0.978894054889679,3032.129150390625,-4884434195.563359,2025-11-20 20:57:36
er_65536_1_8.txt,erdos_renyi_10ins_m20,49,SpecAnn,0.4255612320274539,1.0,-17092552.0,-4634784.0,0.0124058723449707,0,True,54,33,True,23,32,0.9781417846679688,2829.994140625,-4555313013.965888,2025-11-20 20:57:36
er_65536_1_8.txt,erdos_renyi_10ins_m20,49,SpecAnn,0.434714133601331,1.0,-17146338.0,-4688474.000000001,0.0123732089996337,0,True,54,33,True,24,32,0.9773789048194884,2645.2685546875,-4254647721.9780993,2025-11-20 20:57:36
er_65536_1_8.txt,erdos_renyi_10ins_m20,49,SpecAnn,0.4436782547080569,1.0,-17130638.000000004,-4742434.000000001,0.0123374462127685,0,True,54,33,True,25,32,0.9766051769256592,2476.056640625,-3979334742.8481455,2025-11-20 20:57:36
er_65536_1_8.txt,erdos_renyi_10ins_m20,49,SpecAnn,0.4524648157026343,1.0,-17090446.0,-4780670.000000001,0.0124433040618896,0,True,54,33,True,26,32,0.975820243358612,2320.71533203125,-3726684020.7382135,2025-11-20 20:57:36
er_65536_1_8.txt,erdos_renyi_10ins_m20,49,SpecAnn,0.4610839676207039,1.0,-17110150.0,-4845096.000000001,0.012451171875,0,True,54,33,True,27,32,0.9750238060951232,2177.8154296875,-3494356146.458512,2025-11-20 20:57:36
er_65536_1_8.txt,erdos_renyi_10ins_m20,49,SpecAnn,0.4695449296338763,1.0,-17102836.0,-4902886.0,0.0123701095581054,0,True,54,33,True,28,32,0.974215567111969,2046.109130859375,-3280308843.80178,2025-11-20 20:57:36
er_65536_1_8.txt,erdos_renyi_10ins_m20,49,SpecAnn,0.4778561045889373,1.0,-17085204.0,-4962475.999999999,0.012671947479248,0,True,54,33,True,29,32,0.9733951687812804,1924.49951171875,-3082746888.54204,2025-11-20 20:57:36
er_65536_1_8.txt,erdos_renyi_10ins_m20,49,SpecAnn,0.4860251767562508,1.0,-17103877.999999996,-5015722.0,0.0126199722290039,0,True,54,33,True,30,32,0.9725622534751892,1812.0224609375,-2900092586.2942924,2025-11-20 20:57:36
er_65536_1_8.txt,erdos_renyi_10ins_m20,49,SpecAnn,0.4940591950252281,1.0,-17101874.0,-5069230.000000001,0.01261568069458,0,True,54,33,True,31,32,0.971716582775116,1707.82568359375,-2730951775.341124,2025-11-20 20:57:36
er_65536_1_8.txt,erdos_renyi_10ins_m20,49,SpecAnn,0.5019646441105269,1.0,-17108370.000000004,-5122468.000000002,0.0126328468322753,0,True,54,33,True,32,32,0.9708578586578368,1611.153564453125,-2574088434.45339,2025-11-20 20:57:36
er_65536_1_8.txt,erdos_renyi_10ins_m20,49,SpecAnn,0.5097475058154177,1.0,-17094814.0,-5177046.000000001,0.0126025676727294,0,True,54,33,True,33,32,0.9699856042861938,1521.333251953125,-2428401671.459604,2025-11-20 20:57:36
er_65536_1_8.txt,erdos_renyi_10ins_m20,49,SpecAnn,0.51741331199832,1.0,-17076447.999999996,-5234554.000000002,0.0126655101776123,0,True,54,33,True,34,32,0.9690997004508972,1437.766357421875,-2292913403.498218,2025-11-20 20:57:36
er_65536_1_8.txt,erdos_renyi_10ins_m20,49,SpecAnn,0.5249671905758515,1.0,-17143616.0,-5288816.0,0.0126657485961914,0,True,54,33,True,35,32,0.9681997299194336,1359.91650390625,-2166746371.747666,2025-11-20 20:57:36
er_65536_1_8.txt,erdos_renyi_10ins_m20,49,SpecAnn,0.5324139056496683,1.0,-17089012.0,-5336945.999999999,0.0124821662902832,0,True,54,33,True,36,32,0.9672853946685792,1287.303466796875,-2049115533.6406124,2025-11-20 20:57:36
er_65536_1_8.txt,erdos_renyi_10ins_m20,49,SpecAnn,0.5397578926492556,1.0,-17139800.000000004,-5401163.999999999,0.0125172138214111,0,True,54,33,True,37,32,0.9663563370704652,1219.4951171875,-1939314484.558012,2025-11-20 20:57:36
er_65536_1_8.txt,erdos_renyi_10ins_m20,49,SpecAnn,0.5470032892270364,1.0,-17098374.000000004,-5465617.999999999,0.01261568069458,0,True,54,33,True,38,32,0.9654122591018676,1156.1033935546875,-1836709032.527939,2025-11-20 20:57:36
er_65536_1_8.txt,erdos_renyi_10ins_m20,49,SpecAnn,0.554153962516942,1.0,-17125946.0,-5543196.0,0.0126218795776367,0,True,54,33,True,39,32,0.9644526839256288,1096.775634765625,-1740722714.2178185,2025-11-20 20:57:36
er_65536_1_8.txt,erdos_renyi_10ins_m20,49,SpecAnn,0.5612135332663137,1.0,-17091528.0,-5609180.0,0.0124022960662841,0,True,54,33,True,40,32,0.9634774923324584,1041.19580078125,-1650839523.4739363,2025-11-20 20:57:36
er_65536_1_8.txt,erdos_renyi_10ins_m20,49,SpecAnn,0.5681853972686127,1.0,-17130980.0,-5662180.0,0.0124404430389404,0,True,54,33,True,41,32,0.96248596906662,989.0756225585938,-1566587950.0318587,2025-11-20 20:57:36
er_65536_1_8.txt,erdos_renyi_10ins_m20,49,SpecAnn,0.5750727444570146,1.0,-17109908.0,-5723231.999999999,0.012380838394165,0,True,54,33,True,42,32,0.9614779353141784,940.1530151367188,-1487540305.128591,2025-11-20 20:57:36
er_65536_1_8.txt,erdos_renyi_10ins_m20,49,SpecAnn,0.5818785759635375,1.0,-17107836.0,-5789067.999999998,0.0124344825744628,0,True,54,33,True,43,32,0.9604532122612,894.19091796875,-1413309715.377019,2025-11-20 20:57:36
er_65536_1_8.txt,erdos_renyi_10ins_m20,49,SpecAnn,0.5886057194025436,1.0,-17137880.0,-5855042.0,0.0124263763427734,0,True,54,33,True,44,32,0.9594110250473022,850.9727172851562,-1343541908.8579078,2025-11-20 20:57:36
er_65536_1_8.txt,erdos_renyi_10ins_m20,49,SpecAnn,0.5952568425994088,1.0,-17112206.0,-5922172.0,0.0124316215515136,0,True,54,33,True,45,32,0.958351194858551,810.2998046875,-1277913032.862442,2025-11-20 20:57:37
er_65536_1_8.txt,erdos_renyi_10ins_m20,49,SpecAnn,0.6018344659534288,1.0,-17150738.0,-5993114.000000001,0.0124931335449218,0,True,54,33,True,46,32,0.9572731852531432,771.9921875,-1216129086.061906,2025-11-20 20:57:37
er_65536_1_8.txt,erdos_renyi_10ins_m20,49,SpecAnn,0.6083409735974393,1.0,-17127601.999999996,-6067930.000000002,0.0124392509460449,0,True,54,33,True,47,32,0.9561765789985656,735.884033203125,-1157919474.2592618,2025-11-20 20:57:37
er_65536_1_8.txt,erdos_renyi_10ins_m20,49,SpecAnn,0.6147786234942719,1.0,-17123112.0,-6160894.0,0.0124189853668212,0,True,54,33,True,48,32,0.95506089925766,701.823486328125,-1103036387.2113,2025-11-20 20:57:37
er_65536_1_8.txt,erdos_renyi_10ins_m20,49,SpecAnn,0.6211495565912796,1.0,-17097090.0,-6228869.999999999,0.0124275684356689,0,True,54,33,True,49,32,0.9539256691932678,669.6714477539062,-1051252870.0684148,2025-11-20 20:57:37
er_65536_1_8.txt,erdos_renyi_10ins_m20,49,SpecAnn,0.6274558051381586,1.0,-17118854.0,-6303824.000000001,0.0124766826629638,0,True,54,33,True,50,32,0.9527705311775208,639.2991943359375,-1002359128.1293015,2025-11-20 20:57:37
er_65536_1_8.txt,erdos_renyi_10ins_m20,49,SpecAnn,0.6336993002596786,1.0,-17120106.0,-6368798.000000002,0.0123944282531738,0,True,54,33,True,51,32,0.9515947699546814,610.5894775390625,-956163670.464437,2025-11-20 20:57:37
er_65536_1_8.txt,erdos_renyi_10ins_m20,49,SpecAnn,0.6398818788633085,1.0,-17112166.0,-6463438.000000002,0.0124270915985107,0,True,54,33,True,52,32,0.9503980278968812,583.433349609375,-912489032.2148944,2025-11-20 20:57:37
er_65536_1_8.txt,erdos_renyi_10ins_m20,49,SpecAnn,0.6460052899517691,1.0,-17107810.000000004,-6560666.000000001,0.0126335620880126,0,True,54,33,True,53,32,0.9491795897483826,557.7301635742188,-871170980.8209131,2025-11-20 20:57:37
er_65536_1_8.txt,erdos_renyi_10ins_m20,49,SpecAnn,0.6520712004019966,1.0,-17121216.0,-6634244.0,0.0126738548278808,0,True,54,33,True,54,32,0.9479389786720276,533.3875732421875,-832059055.2732153,2025-11-20 20:57:37
er_65536_1_8.txt,erdos_renyi_10ins_m20,49,SpecAnn,0.6580812002646271,1.0,-17133440.0,-6718243.999999999,0.0126624107360839,0,True,54,33,True,55,32,0.946675419807434,510.3197937011719,-795013294.1262609,2025-11-20 20:57:37
er_65536_1_8.txt,erdos_renyi_10ins_m20,49,SpecAnn,0.6640368076317485,1.0,-17156512.0,-6809910.000000002,0.0124135017395019,0,True,54,33,True,56,32,0.9453885555267334,488.44732666015625,-759904391.050896,2025-11-20 20:57:37
er_65536_1_8.txt,erdos_renyi_10ins_m20,49,SpecAnn,0.6699394731151429,1.0,-17131732.000000004,-6893494.0,0.0125167369842529,0,True,54,33,True,57,32,0.9440774321556092,467.6969299316406,-726612745.69064,2025-11-20 20:57:37
er_65536_1_8.txt,erdos_renyi_10ins_m20,49,SpecAnn,0.6757905839724513,1.0,-17122080.000000004,-6974330.000000001,0.0125250816345214,0,True,54,33,True,58,32,0.942741632461548,447.9999694824219,-695026793.7710053,2025-11-20 20:57:37
er_65536_1_8.txt,erdos_renyi_10ins_m20,49,SpecAnn,0.6815914679145113,1.0,-17139650.0,-7058966.0,0.0124592781066894,0,True,54,33,True,59,32,0.941380262374878,429.2935791015625,-665043966.31847,2025-11-20 20:57:37
er_65536_1_8.txt,erdos_renyi_10ins_m20,49,SpecAnn,0.6873433966234707,1.0,-17107140.0,-7161616.0,0.0125594139099121,0,True,54,33,True,60,32,0.9399925470352172,411.5182495117188,-636567389.0086348,2025-11-20 20:57:37
er_65536_1_8.txt,erdos_renyi_10ins_m20,49,SpecAnn,0.6930475890080863,1.0,-17134840.0,-7236791.999999999,0.0125131607055664,0,True,54,33,True,61,32,0.9385778307914734,394.6197204589844,-609508761.7259667,2025-11-20 20:57:37
er_65536_1_8.txt,erdos_renyi_10ins_m20,49,SpecAnn,0.6987052142198116,1.0,-17135658.0,-7338800.000000001,0.0125882625579833,0,True,54,33,True,62,32,0.9371351003646852,378.5466918945313,-583784468.3767035,2025-11-20 20:57:37
er_65536_1_8.txt,erdos_renyi_10ins_m20,49,SpecAnn,0.7043173944508145,1.0,-17110506.0,-7424656.0,0.0124289989471435,0,True,54,33,True,63,32,0.9356637001037598,363.2515563964844,-559317156.621481,2025-11-20 20:57:37
er_65536_1_8.txt,erdos_renyi_10ins_m20,49,SpecAnn,0.709885207532891,1.0,-17159671.999999996,-7533971.999999998,0.0124361515045166,0,True,54,33,True,64,32,0.934162437915802,348.690185546875,-536034818.7099314,2025-11-20 20:57:37
er_65536_1_8.txt,erdos_renyi_10ins_m20,49,SpecAnn,0.7154096893543218,1.0,-17153284.0,-7652284.0,0.0124561786651611,0,True,54,33,True,65,32,0.9326305389404296,334.82086181640625,-513869709.6236323,2025-11-20 20:57:37
er_65536_1_8.txt,erdos_renyi_10ins_m20,49,SpecAnn,0.7208918361100219,1.0,-17153222.0,-7775345.999999999,0.0124835968017578,0,True,54,33,True,66,32,0.9310669302940368,321.605224609375,-492759349.7989581,2025-11-20 20:57:37
er_65536_1_8.txt,erdos_renyi_10ins_m20,49,SpecAnn,0.7263326063988248,1.0,-17112062.0,-7876898.000000002,0.0124022960662841,0,True,54,33,True,67,32,0.9294705390930176,309.00689697265625,-472644575.7047306,2025-11-20 20:57:37
er_65536_1_8.txt,erdos_renyi_10ins_m20,49,SpecAnn,0.7317329231804058,1.0,-17129200.0,-7988730.0,0.0125901699066162,0,True,54,33,True,68,32,0.9278401732444764,296.9921875,-453470535.8469001,2025-11-20 20:57:37
er_65536_1_8.txt,erdos_renyi_10ins_m20,49,SpecAnn,0.7370936756031579,1.0,-17171451.999999996,-8079170.000000001,0.0124011039733886,0,True,54,33,True,69,32,0.9261747598648072,285.5292358398437,-435185484.2482333,2025-11-20 20:57:37
er_65536_1_8.txt,erdos_renyi_10ins_m20,49,SpecAnn,0.7424157207132704,1.0,-17139240.0,-8183908.0,0.012453556060791,0,True,54,33,True,70,32,0.9244728088378906,274.5885314941406,-417741298.989789,2025-11-20 20:57:37
er_65536_1_8.txt,erdos_renyi_10ins_m20,49,SpecAnn,0.7476998850543153,1.0,-17176812.0,-8313783.999999999,0.0124781131744384,0,True,54,33,True,71,32,0.9227332472801208,264.1422424316406,-401092836.8922964,2025-11-20 20:57:37
er_65536_1_8.txt,erdos_renyi_10ins_m20,49,SpecAnn,0.7529469661657903,1.0,-17144580.0,-8436924.0,0.0124769210815429,0,True,54,33,True,72,32,0.9209544658660888,254.16407775878903,-385197273.3349161,2025-11-20 20:57:37
er_65536_1_8.txt,erdos_renyi_10ins_m20,49,SpecAnn,0.7581577339883167,1.0,-17192028.0,-8562524.0,0.0125472545623779,0,True,54,33,True,73,32,0.91913503408432,244.62974548339844,-370015110.6059647,2025-11-20 20:57:37
er_65536_1_8.txt,erdos_renyi_10ins_m20,49,SpecAnn,0.7633329321824984,1.0,-17138268.0,-8712257.999999998,0.0124781131744384,0,True,54,33,True,74,32,0.9172734022140504,235.51614379882807,-355508802.8843978,2025-11-20 20:57:37
er_65536_1_8.txt,erdos_renyi_10ins_m20,49,SpecAnn,0.7684732793678399,1.0,-17210354.0,-8870883.999999998,0.0124666690826416,0,True,54,33,True,75,32,0.9153679013252258,226.80154418945312,-341643028.3271744,2025-11-20 20:57:37
er_65536_1_8.txt,erdos_renyi_10ins_m20,49,SpecAnn,0.7735794702875677,1.0,-17169944.0,-9023172.0,0.0123958587646484,0,True,54,33,True,76,32,0.9134165644645692,218.4656982421875,-328384777.37336296,2025-11-20 20:57:37
er_65536_1_8.txt,erdos_renyi_10ins_m20,49,SpecAnn,0.7786521769046981,1.0,-17218587.999999996,-9164646.0,0.0124328136444091,0,True,54,33,True,77,32,0.9114176034927368,210.48941040039065,-315702877.6560469,2025-11-20 20:57:37
er_65536_1_8.txt,erdos_renyi_10ins_m20,49,SpecAnn,0.7836920494342511,1.0,-17189846.0,-9344158.0,0.0124106407165527,0,True,54,33,True,78,32,0.9093690514564514,202.8546905517578,-303568077.6487014,2025-11-20 20:57:37
er_65536_1_8.txt,erdos_renyi_10ins_m20,49,SpecAnn,0.788699717316095,1.0,-17191648.0,-9485328.0,0.0124135017395019,0,True,54,33,True,79,32,0.9072684645652772,195.54449462890625,-291952558.4325572,2025-11-20 20:57:37
er_65536_1_8.txt,erdos_renyi_10ins_m20,49,SpecAnn,0.7936757901325451,1.0,-17197729.999999996,-9635508.0,0.0124013423919677,0,True,54,33,True,80,32,0.9051138758659364,188.5429077148437,-280830517.2399324,2025-11-20 20:57:37
er_65536_1_8.txt,erdos_renyi_10ins_m20,49,SpecAnn,0.7986208584745024,1.0,-17253348.0,-9831722.000000002,0.0124790668487548,0,True,54,33,True,81,32,0.9029025435447692,181.83462524414065,-270176977.4146196,2025-11-20 20:57:37
er_65536_1_8.txt,erdos_renyi_10ins_m20,49,SpecAnn,0.803535494759617,1.0,-17185428.0,-10000956.0,0.0124609470367431,0,True,54,33,True,82,32,0.9006319046020508,175.40557861328125,-259969025.1790957,2025-11-20 20:57:37
er_65536_1_8.txt,erdos_renyi_10ins_m20,49,SpecAnn,0.8084202540056837,1.0,-17232790.000000004,-10163678.000000004,0.0124804973602294,0,True,54,33,True,83,32,0.8982992768287659,169.24227905273438,-250184725.65631533,2025-11-20 20:57:37
er_65536_1_8.txt,erdos_renyi_10ins_m20,49,SpecAnn,0.8132756745622272,1.0,-17260156.0,-10330768.0,0.0124921798706054,0,True,54,33,True,84,32,0.8959013819694519,163.3319091796875,-240803126.5899574,2025-11-20 20:57:37
er_65536_1_8.txt,erdos_renyi_10ins_m20,49,SpecAnn,0.8181022788030096,1.0,-17257818.0,-10538951.999999998,0.0125131607055664,0,True,54,33,True,85,32,0.8934351801872253,157.66256713867188,-231804850.6146763,2025-11-20 20:57:37
er_65536_1_8.txt,erdos_renyi_10ins_m20,49,SpecAnn,0.822900573781978,1.0,-17242604.0,-10773046.0,0.012547492980957,0,True,54,33,True,86,32,0.8908968567848206,152.22286987304688,-223171230.8122773,2025-11-20 20:57:37
er_65536_1_8.txt,erdos_renyi_10ins_m20,49,SpecAnn,0.8276710518549868,1.0,-17280298.0,-10957998.0,0.012479543685913,0,True,54,33,True,87,32,0.8882828950881958,147.0020751953125,-214884772.7468612,2025-11-20 20:57:37
er_65536_1_8.txt,erdos_renyi_10ins_m20,49,SpecAnn,0.8324141912694495,1.0,-17295948.000000004,-11180395.999999998,0.0124754905700683,0,True,54,33,True,88,32,0.8855891227722168,141.98997497558594,-206928749.27773675,2025-11-20 20:57:37
er_65536_1_8.txt,erdos_renyi_10ins_m20,49,SpecAnn,0.8371304567239225,1.0,-17250958.0,-11397258.0,0.012408971786499,0,True,54,33,True,89,32,0.8828111290931702,137.17703247070312,-199287509.34705475,2025-11-20 20:57:37
er_65536_1_8.txt,erdos_renyi_10ins_m20,49,SpecAnn,0.8418202998994706,1.0,-17335756.0,-11618879.999999998,0.0124869346618652,0,True,54,33,True,90,32,0.8799440860748291,132.55401611328125,-191945901.69495755,2025-11-20 20:57:37
er_65536_1_8.txt,erdos_renyi_10ins_m20,49,SpecAnn,0.846484159964536,1.0,-17315564.0,-11813326.0,0.0124049186706542,0,True,54,33,True,91,32,0.8769829273223877,128.11236572265625,-184889848.33998507,2025-11-20 20:57:37
er_65536_1_8.txt,erdos_renyi_10ins_m20,49,SpecAnn,0.8511224640549078,1.0,-17329110.000000004,-12069310.0,0.012463092803955,0,True,54,33,True,92,32,0.8739218711853027,123.84394073486328,-178105875.95941007,2025-11-20 20:57:37
er_65536_1_8.txt,erdos_renyi_10ins_m20,49,SpecAnn,0.8557356277302758,1.0,-17359874.0,-12301422.0,0.0123970508575439,0,True,54,33,True,93,32,0.8707549571990967,119.74087524414062,-171581025.94896558,2025-11-20 20:57:37
er_65536_1_8.txt,erdos_renyi_10ins_m20,49,SpecAnn,0.8603240554087516,1.0,-17349044.000000004,-12534242.0,0.0125117301940917,0,True,54,33,True,94,32,0.8674755096435547,115.7957763671875,-165303031.44533086,2025-11-20 20:57:37
er_65536_1_8.txt,erdos_renyi_10ins_m20,49,SpecAnn,0.86488814078064,1.0,-17403064.0,-12786114.0,0.0123965740203857,0,True,54,33,True,95,32,0.8640760779380798,112.0018081665039,-159260433.03844085,2025-11-20 20:57:37
er_65536_1_8.txt,erdos_renyi_10ins_m20,49,SpecAnn,0.8694282672026621,1.0,-17398982.0,-13032539.999999998,0.0124669075012207,0,True,54,33,True,96,32,0.8605489134788513,108.35218811035156,-153441954.97467914,2025-11-20 20:57:37
er_65536_1_8.txt,erdos_renyi_10ins_m20,49,SpecAnn,0.8739448080737451,1.0,-17423130.0,-13277138.000000002,0.0124256610870361,0,True,54,33,True,97,32,0.8568852543830872,104.84068298339844,-147837083.85360566,2025-11-20 20:57:37
er_65536_1_8.txt,erdos_renyi_10ins_m20,49,SpecAnn,0.878438127193422,1.0,-17454838.0,-13540496.000000002,0.0124557018280029,0,True,54,33,True,98,32,0.853075385093689,101.46129608154295,-142435647.13708812,2025-11-20 20:57:37
er_65536_1_8.txt,erdos_renyi_10ins_m20,49,SpecAnn,0.8829085791038153,1.0,-17490098.0,-13805204.000000002,0.0123941898345947,0,True,54,33,True,99,32,0.8491088151931763,98.20828247070312,-137227876.1690391,2025-11-20 20:57:37
er_65536_1_8.txt,erdos_renyi_10ins_m20,49,SpecAnn,0.8873565094161138,1.0,-17543934.0,-14054657.999999996,0.0237877368927001,0,True,54,65,True,100,32,0.8449740409851074,95.07627868652344,-132204554.89601296,2025-11-20 20:57:37
er_65536_1_8.txt,erdos_renyi_10ins_m20,49,SpecAnn,0.8917822551223932,1.0,-17563818.000000004,-14317705.999999998,0.0237116813659667,0,True,54,65,True,101,32,0.8406583666801453,92.0601043701172,-127356723.96143678,2025-11-20 20:57:37
er_65536_1_8.txt,erdos_renyi_10ins_m20,49,SpecAnn,0.8961861448935777,1.0,-17602654.000000004,-14552720.0,0.0240046977996826,0,True,54,65,True,102,32,0.8361476063728333,89.15487670898438,-122675809.1127154,2025-11-20 20:57:37
er_65536_1_8.txt,erdos_renyi_10ins_m20,49,SpecAnn,0.9005684993642872,1.0,-17645748.0,-14815718.000000002,0.023707628250122,0,True,54,65,True,103,32,0.831427276134491,86.35595703125,-118153732.6142613,2025-11-20 20:57:37
er_65536_1_8.txt,erdos_renyi_10ins_m20,49,SpecAnn,0.9049296314052688,1.0,-17706540.0,-15061646.000000002,0.0236845016479492,0,True,54,65,True,104,32,0.8264807462692261,83.65882873535156,-113782480.43956175,2025-11-20 20:57:37
er_65536_1_8.txt,erdos_renyi_10ins_m20,49,SpecAnn,0.9092698463840684,1.0,-17740312.000000004,-15323106.0,0.0353975296020507,0,True,54,97,True,105,32,0.8212921023368835,81.0593032836914,-109554794.7783786,2025-11-20 20:57:37
er_65536_1_8.txt,erdos_renyi_10ins_m20,49,SpecAnn,0.9135894424145556,1.0,-17776404.000000004,-15497548.000000002,0.046299934387207,0,True,54,129,True,106,32,0.8158445358276367,78.55339050292969,-105463752.6051522,2025-11-20 20:57:37
er_65536_1_8.txt,erdos_renyi_10ins_m20,49,SpecAnn,0.9178887105958816,1.0,-17780362.0,-15627200.0,0.091632604598999,0,True,54,257,True,107,32,0.8101199865341187,76.13716125488281,-101502538.45068912,2025-11-20 20:57:37
er_65536_1_8.txt,erdos_renyi_10ins_m20,49,SpecAnn,0.922167935241408,1.0,-17779240.000000004,-15555546.000000004,0.1358678340911865,0,True,54,385,True,108,32,0.8041072487831116,73.80699157714844,-97665765.22369352,2025-11-20 20:57:38
er_65536_1_8.txt,erdos_renyi_10ins_m20,49,SpecAnn,0.92642739409812,1.0,-17730879.999999996,-15498366.0,0.0687227249145507,0,True,54,193,True,109,32,0.7978748083114624,71.5594253540039,-93957720.94919305,2025-11-20 20:57:38
er_65536_1_8.txt,erdos_renyi_10ins_m20,49,SpecAnn,0.9306673585570006,1.0,-17708914.0,-15454133.999999998,0.0461647510528564,0,True,54,129,True,110,32,0.7914623618125916,69.39106750488281,-90378413.16106352,2025-11-20 20:57:38
er_65536_1_8.txt,erdos_renyi_10ins_m20,49,SpecAnn,0.9348880938548184,1.0,-17685908.0,-15401068.0,0.0461244583129882,0,True,54,129,True,111,32,0.7848740220069885,67.29878997802734,-86923676.5544732,2025-11-20 20:57:38
er_65536_1_8.txt,erdos_renyi_10ins_m20,49,SpecAnn,0.9390898592677528,1.0,-17685218.0,-15390004.000000002,0.0353786945343017,0,True,54,97,True,112,32,0.7781071066856384,65.2795181274414,-83588628.2610907,2025-11-20 20:57:38
er_65536_1_8.txt,erdos_renyi_10ins_m20,49,SpecAnn,0.9432729082972536,1.0,-17682906.0,-15381161.999999996,0.0355618000030517,0,True,54,97,True,113,32,0.77115797996521,63.33036804199219,-80368570.81876387,2025-11-20 20:57:38
er_65536_1_8.txt,erdos_renyi_10ins_m20,49,SpecAnn,0.9474374888485204,1.0,-17682990.0,-15365532.0,0.0352816581726074,0,True,54,97,True,114,32,0.7640220522880554,61.448577880859375,-77258915.36143298,2025-11-20 20:57:38
er_65536_1_8.txt,erdos_renyi_10ins_m20,49,SpecAnn,0.9515838434019476,1.0,-17679872.0,-15366052.0,0.0474295616149902,0,True,54,129,True,115,32,0.7566961050033569,59.631473541259766,-74255378.50709657,2025-11-20 20:57:38
er_65536_1_8.txt,erdos_renyi_10ins_m20,49,SpecAnn,0.9557122091778746,1.0,-17652034.000000004,-15362162.000000002,0.0239250659942626,0,True,54,65,True,116,32,0.7491752505302429,57.8765869140625,-71353817.0110013,2025-11-20 20:57:38
er_65536_1_8.txt,erdos_renyi_10ins_m20,49,SpecAnn,0.9598228182949629,1.0,-17680436.000000004,-15355675.999999998,0.0464200973510742,0,True,54,129,True,117,32,0.7414555549621582,56.18144607543945,-68550229.51133533,2025-11-20 20:57:38
er_65536_1_8.txt,erdos_renyi_10ins_m20,49,SpecAnn,0.963915897922488,1.0,-17680115.999999996,-15355831.999999998,0.0238177776336669,0,True,54,65,True,118,32,0.7335318922996521,54.54378509521485,-65840807.69944294,2025-11-20 20:57:38
er_65536_1_8.txt,erdos_renyi_10ins_m20,49,SpecAnn,0.967991670426842,1.0,-17649728.0,-15346706.0,0.0236890316009521,0,True,54,65,True,119,32,0.7254002094268799,52.96136093139648,-63221921.26581515,2025-11-20 20:57:38
er_65536_1_8.txt,erdos_renyi_10ins_m20,49,SpecAnn,0.9720503535125016,1.0,-17651726.000000004,-15349556.000000004,0.0236706733703613,0,True,54,65,True,120,32,0.7170553207397461,51.43206024169922,-60690045.15533248,2025-11-20 20:57:38
er_65536_1_8.txt,erdos_renyi_10ins_m20,49,SpecAnn,0.9760921603577252,1.0,-17661646.0,-15348591.999999998,0.0237085819244384,0,True,54,65,True,121,32,0.7084927558898926,49.953887939453125,-58241906.90166806,2025-11-20 20:57:38
er_65536_1_8.txt,erdos_renyi_10ins_m20,49,SpecAnn,0.9801172997452104,1.0,-17642116.0,-15351881.999999998,0.0238082408905029,0,True,54,65,True,122,32,0.6997072100639343,48.52488708496094,-55874256.737007126,2025-11-20 20:57:38
er_65536_1_8.txt,erdos_renyi_10ins_m20,49,SpecAnn,0.9841259761879442,1.0,-17658870.0,-15353942.0,0.0236704349517822,0,True,54,65,True,123,32,0.6906943321228027,47.14323043823242,-53584120.567696735,2025-11-20 20:57:38
er_65536_1_8.txt,erdos_renyi_10ins_m20,49,SpecAnn,0.9881183900504562,1.0,-17654042.0,-15355318.000000002,0.0236310958862304,0,True,54,65,True,124,32,0.6814484596252441,45.80710983276367,-51368487.88653998,2025-11-20 20:57:38
er_65536_1_8.txt,erdos_renyi_10ins_m20,49,SpecAnn,0.9920947376656812,1.0,-17670714.0,-15350058.000000002,0.0237238407135009,0,True,54,65,True,125,32,0.6719645261764526,44.51485061645508,-49224594.07660041,2025-11-20 20:57:38
er_65536_1_8.txt,erdos_renyi_10ins_m20,49,SpecAnn,0.9960552114476228,1.0,-17664538.0,-15341480.0,0.0236504077911376,0,True,54,65,True,126,32,0.6622374057769775,43.26483154296875,-47149772.46856392,2025-11-20 20:57:38
er_65536_1_8.txt,erdos_renyi_10ins_m20,49,SpecAnn,1.0,1.0,-17675264.0,-15339322.0,0.0237326622009277,0,True,54,65,True,127,32,0.6522614359855652,42.05546188354492,-45141396.02535392,2025-11-20 20:57:38
er_65536_1_8.txt,erdos_renyi_10ins_m20,50,SpecAnn,0.0,1.0,-17115942.0,-3512346.0000000005,0.0144283771514892,0,True,56,33,True,0,32,0.995488464832306,65537.0,-107362759599.63072,2025-11-20 20:57:39
er_65536_1_8.txt,erdos_renyi_10ins_m20,50,SpecAnn,0.0887356509416113,1.0,-17105128.0,-3634800.000000001,0.0125517845153808,0,True,56,33,True,1,32,0.9937390089035034,34016.2734375,-55627552028.30937,2025-11-20 20:57:39
er_65536_1_8.txt,erdos_renyi_10ins_m20,50,SpecAnn,0.1254911610276317,1.0,-17103040.0,-3685990.0,0.0123651027679443,0,True,56,33,True,2,32,0.9928280711174012,25927.08984375,-42360267789.90374,2025-11-20 20:57:39
er_65536_1_8.txt,erdos_renyi_10ins_m20,50,SpecAnn,0.1536946558735679,1.0,-17092295.999999996,-3734912.000000001,0.0124909877777099,0,True,56,33,True,3,32,0.992039680480957,21051.08984375,-34366436745.47459,2025-11-20 20:57:39
er_65536_1_8.txt,erdos_renyi_10ins_m20,50,SpecAnn,0.1774713018832227,1.0,-17112628.000000004,-3790752.0000000014,0.0125174522399902,0,True,56,33,True,4,32,0.9913078546524048,17660.654296875,-28810196021.82112,2025-11-20 20:57:39
er_65536_1_8.txt,erdos_renyi_10ins_m20,50,SpecAnn,0.1984189475331362,1.0,-17086082.000000004,-3846184.000000001,0.0124640464782714,0,True,56,33,True,5,32,0.99060720205307,15129.37109375,-24663416267.34376,2025-11-20 20:57:39
er_65536_1_8.txt,erdos_renyi_10ins_m20,50,SpecAnn,0.2173570668006655,1.0,-17106470.000000004,-3881257.999999999,0.0124237537384033,0,True,56,33,True,6,32,0.9899248480796814,13154.857421875,-21429855736.49063,2025-11-20 20:57:39
er_65536_1_8.txt,erdos_renyi_10ins_m20,50,SpecAnn,0.2347724648169381,1.0,-17121086.0,-3929320.000000001,0.0125455856323242,0,True,56,33,True,7,32,0.9892534613609314,11567.5126953125,-18831219247.105133,2025-11-20 20:57:39
er_65536_1_8.txt,erdos_renyi_10ins_m20,50,SpecAnn,0.2509823220552634,1.0,-17111332.0,-3969200.0,0.0125527381896972,0,True,56,33,True,8,32,0.9885880947113036,10262.7587890625,-16695920730.240416,2025-11-20 20:57:39
er_65536_1_8.txt,erdos_renyi_10ins_m20,50,SpecAnn,0.2662069528248341,1.0,-17112622.0,-4008980.0,0.0124146938323974,0,True,56,33,True,9,32,0.9879252910614014,9171.7294921875,-14910981018.439066,2025-11-20 20:57:39
er_65536_1_8.txt,erdos_renyi_10ins_m20,50,SpecAnn,0.2806067666331568,1.0,-17098816.0,-4052036.0,0.0124495029449462,0,True,56,33,True,10,32,0.9872626662254332,8246.818359375,-13398309934.752216,2025-11-20 20:57:39
er_65536_1_8.txt,erdos_renyi_10ins_m20,50,SpecAnn,0.2943028597012718,1.0,-17132498.0,-4096064.000000001,0.012413740158081,0,True,56,33,True,11,32,0.9865983724594116,7453.85888671875,-12101868729.118055,2025-11-20 20:57:39
er_65536_1_8.txt,erdos_renyi_10ins_m20,50,SpecAnn,0.3073893117471359,1.0,-17100740.0,-4142952.0,0.0124728679656982,0,True,56,33,True,12,32,0.9859309196472168,6767.576171875,-10980206701.846588,2025-11-20 20:57:39
er_65536_1_8.txt,erdos_renyi_10ins_m20,50,SpecAnn,0.3199409394316542,1.0,-17096376.0,-4181052.0,0.012521743774414,0,True,56,33,True,13,32,0.985259175300598,6168.8251953125,-10001930404.57957,2025-11-20 20:57:39
er_65536_1_8.txt,erdos_renyi_10ins_m20,50,SpecAnn,0.3320184038158743,1.0,-17099026.0,-4218604.0,0.0123953819274902,0,True,56,33,True,14,32,0.9845820665359496,5642.79345703125,-9142752255.445004,2025-11-20 20:57:39
er_65536_1_8.txt,erdos_renyi_10ins_m20,50,SpecAnn,0.3436716983117353,1.0,-17082942.0,-4266290.000000002,0.0123813152313232,0,True,56,33,True,15,32,0.9838988780975342,5177.8310546875,-8383574301.406371,2025-11-20 20:57:39
er_65536_1_8.txt,erdos_renyi_10ins_m20,50,SpecAnn,0.3549426037664455,1.0,-17117452.0,-4318282.000000001,0.0123598575592041,0,True,56,33,True,16,32,0.9832088351249696,4764.634765625,-7709145885.600081,2025-11-20 20:57:39
er_65536_1_8.txt,erdos_renyi_10ins_m20,50,SpecAnn,0.3658664615902029,1.0,-17093442.0,-4370402.0,0.0123586654663085,0,True,56,33,True,17,32,0.9825112819671632,4395.6767578125,-7107128551.834039,2025-11-20 20:57:39
er_65536_1_8.txt,erdos_renyi_10ins_m20,50,SpecAnn,0.3764734830828951,1.0,-17091747.999999996,-4400306.0,0.0124778747558593,0,True,56,33,True,18,32,0.9818058013916016,4064.80126953125,-6567435073.16186,2025-11-20 20:57:39
er_65536_1_8.txt,erdos_renyi_10ins_m20,50,SpecAnn,0.3867897351437838,1.0,-17120759.999999996,-4440556.0,0.0124094486236572,0,True,56,33,True,19,32,0.9810917377471924,3766.9228515625,-6081731188.680457,2025-11-20 20:57:39
er_65536_1_8.txt,erdos_renyi_10ins_m20,50,SpecAnn,0.3968378950662725,1.0,-17088186.000000004,-4492324.0,0.0124523639678955,0,True,56,33,True,20,32,0.980368673801422,3497.80224609375,-5643071517.314384,2025-11-20 20:57:39
er_65536_1_8.txt,erdos_renyi_10ins_m20,50,SpecAnn,0.4066378372811136,1.0,-17082834.000000004,-4529622.000000001,0.0123872756958007,0,True,56,33,True,21,32,0.979636251926422,3253.875732421875,-5245618320.135772,2025-11-20 20:57:39
er_65536_1_8.txt,erdos_renyi_10ins_m20,50,SpecAnn,0.4162070956347247,1.0,-17088765.999999996,-4579114.0,0.0124566555023193,0,True,56,33,True,22,32,0.978894054889679,3032.129150390625,-4884434195.563359,2025-11-20 20:57:39
er_65536_1_8.txt,erdos_renyi_10ins_m20,50,SpecAnn,0.4255612320274539,1.0,-17080802.0,-4634784.000000001,0.0124487876892089,0,True,56,33,True,23,32,0.9781417846679688,2829.994140625,-4555313013.965888,2025-11-20 20:57:39
er_65536_1_8.txt,erdos_renyi_10ins_m20,50,SpecAnn,0.434714133601331,1.0,-17106842.000000004,-4688474.000000001,0.0124497413635253,0,True,56,33,True,24,32,0.9773789048194884,2645.2685546875,-4254647721.9780993,2025-11-20 20:57:39
er_65536_1_8.txt,erdos_renyi_10ins_m20,50,SpecAnn,0.4436782547080569,1.0,-17083830.0,-4742434.000000001,0.0124208927154541,0,True,56,33,True,25,32,0.9766051769256592,2476.056640625,-3979334742.8481455,2025-11-20 20:57:39
er_65536_1_8.txt,erdos_renyi_10ins_m20,50,SpecAnn,0.4524648157026343,1.0,-17077906.000000004,-4780670.000000001,0.012458324432373,0,True,56,33,True,26,32,0.975820243358612,2320.71533203125,-3726684020.7382135,2025-11-20 20:57:39
er_65536_1_8.txt,erdos_renyi_10ins_m20,50,SpecAnn,0.4610839676207039,1.0,-17055912.0,-4845096.000000002,0.0124201774597167,0,True,56,33,True,27,32,0.975023865699768,2177.8154296875,-3494356360.073662,2025-11-20 20:57:39
er_65536_1_8.txt,erdos_renyi_10ins_m20,50,SpecAnn,0.4695449296338763,1.0,-17059034.000000004,-4902886.000000001,0.012531042098999,0,True,56,33,True,28,32,0.9742155075073242,2046.109130859375,-3280308643.1052914,2025-11-20 20:57:39
er_65536_1_8.txt,erdos_renyi_10ins_m20,50,SpecAnn,0.4778561045889373,1.0,-17080224.0,-4962476.0,0.01241135597229,0,True,56,33,True,29,32,0.9733951687812804,1924.49951171875,-3082746888.54204,2025-11-20 20:57:39
er_65536_1_8.txt,erdos_renyi_10ins_m20,50,SpecAnn,0.4860251767562508,1.0,-17177831.999999996,-5015722.0,0.0124084949493408,0,True,56,33,True,30,32,0.9725621938705444,1812.0224609375,-2900092408.558638,2025-11-20 20:57:39
er_65536_1_8.txt,erdos_renyi_10ins_m20,50,SpecAnn,0.4940591950252281,1.0,-17062370.0,-5069230.0,0.0124473571777343,0,True,56,33,True,31,32,0.971716582775116,1707.82568359375,-2730951775.341124,2025-11-20 20:57:39
er_65536_1_8.txt,erdos_renyi_10ins_m20,50,SpecAnn,0.5019646441105269,1.0,-17149150.0,-5122468.000000001,0.0123941898345947,0,True,56,33,True,32,32,0.9708578586578368,1611.153564453125,-2574088434.45339,2025-11-20 20:57:39
er_65536_1_8.txt,erdos_renyi_10ins_m20,50,SpecAnn,0.5097475058154177,1.0,-17086792.0,-5177046.000000001,0.0124516487121582,0,True,56,33,True,33,32,0.9699856042861938,1521.333251953125,-2428401671.459604,2025-11-20 20:57:39
er_65536_1_8.txt,erdos_renyi_10ins_m20,50,SpecAnn,0.51741331199832,1.0,-17124722.0,-5234554.0,0.0124087333679199,0,True,56,33,True,34,32,0.969099760055542,1437.766357421875,-2292913544.5242534,2025-11-20 20:57:39
er_65536_1_8.txt,erdos_renyi_10ins_m20,50,SpecAnn,0.5249671905758515,1.0,-17095548.000000004,-5288816.000000001,0.0124132633209228,0,True,56,33,True,35,32,0.9681998491287231,1359.91650390625,-2166746638.5276365,2025-11-20 20:57:39
er_65536_1_8.txt,erdos_renyi_10ins_m20,50,SpecAnn,0.5324139056496683,1.0,-17094910.0,-5336945.999999999,0.0124599933624267,0,True,56,33,True,36,32,0.9672853946685792,1287.303466796875,-2049115533.6406124,2025-11-20 20:57:39
er_65536_1_8.txt,erdos_renyi_10ins_m20,50,SpecAnn,0.5397578926492556,1.0,-17109192.000000004,-5401163.999999999,0.012397289276123,0,True,56,33,True,37,32,0.96635639667511,1219.4951171875,-1939314604.1744995,2025-11-20 20:57:39
er_65536_1_8.txt,erdos_renyi_10ins_m20,50,SpecAnn,0.5470032892270364,1.0,-17070780.0,-5465618.0,0.0123746395111083,0,True,56,33,True,38,32,0.9654122591018676,1156.1033935546875,-1836709032.527939,2025-11-20 20:57:39
er_65536_1_8.txt,erdos_renyi_10ins_m20,50,SpecAnn,0.554153962516942,1.0,-17075396.0,-5543196.000000001,0.0124156475067138,0,True,56,33,True,39,32,0.9644526839256288,1096.775634765625,-1740722714.2178185,2025-11-20 20:57:39
er_65536_1_8.txt,erdos_renyi_10ins_m20,50,SpecAnn,0.5612135332663137,1.0,-17112194.0,-5609180.000000001,0.0123794078826904,0,True,56,33,True,40,32,0.9634774923324584,1041.19580078125,-1650839523.4739363,2025-11-20 20:57:39
er_65536_1_8.txt,erdos_renyi_10ins_m20,50,SpecAnn,0.5681853972686127,1.0,-17078216.000000004,-5662180.0,0.012380838394165,0,True,56,33,True,41,32,0.9624860286712646,989.0756225585938,-1566588047.047214,2025-11-20 20:57:39
er_65536_1_8.txt,erdos_renyi_10ins_m20,50,SpecAnn,0.5750727444570146,1.0,-17130062.0,-5723231.999999998,0.0124125480651855,0,True,56,33,True,42,32,0.9614779949188232,940.1530151367188,-1487540397.3452797,2025-11-20 20:57:39
er_65536_1_8.txt,erdos_renyi_10ins_m20,50,SpecAnn,0.5818785759635375,1.0,-17103726.0,-5789067.999999998,0.0124616622924804,0,True,56,33,True,43,32,0.9604532718658448,894.19091796875,-1413309803.0854282,2025-11-20 20:57:39
er_65536_1_8.txt,erdos_renyi_10ins_m20,50,SpecAnn,0.5886057194025436,1.0,-17127514.0,-5855042.000000001,0.0126295089721679,0,True,56,33,True,44,32,0.9594109654426576,850.9727172851562,-1343541825.3886375,2025-11-20 20:57:39
er_65536_1_8.txt,erdos_renyi_10ins_m20,50,SpecAnn,0.5952568425994088,1.0,-17115976.0,-5922172.0,0.0126261711120605,0,True,56,33,True,45,32,0.9583512544631958,810.2998046875,-1277913112.3422327,2025-11-20 20:57:39
er_65536_1_8.txt,erdos_renyi_10ins_m20,50,SpecAnn,0.6018344659534288,1.0,-17085066.000000004,-5993114.000000001,0.0124127864837646,0,True,56,33,True,46,32,0.957273244857788,771.9921875,-1216129161.7842216,2025-11-20 20:57:39
er_65536_1_8.txt,erdos_renyi_10ins_m20,50,SpecAnn,0.6083409735974393,1.0,-17089922.000000004,-6067930.000000001,0.012408971786499,0,True,56,33,True,47,32,0.9561765789985656,735.884033203125,-1157919474.2592618,2025-11-20 20:57:39
er_65536_1_8.txt,erdos_renyi_10ins_m20,50,SpecAnn,0.6147786234942719,1.0,-17102313.999999996,-6160894.0,0.0124168395996093,0,True,56,33,True,48,32,0.95506089925766,701.823486328125,-1103036387.2113,2025-11-20 20:57:39
er_65536_1_8.txt,erdos_renyi_10ins_m20,50,SpecAnn,0.6211495565912796,1.0,-17110030.0,-6228870.0,0.0124528408050537,0,True,56,33,True,49,32,0.9539257287979126,669.6714477539062,-1051252935.7544068,2025-11-20 20:57:39
er_65536_1_8.txt,erdos_renyi_10ins_m20,50,SpecAnn,0.6274558051381586,1.0,-17072829.999999996,-6303824.000000001,0.0126981735229492,0,True,56,33,True,50,32,0.9527706503868104,639.2991943359375,-1002359253.5430456,2025-11-20 20:57:39
er_65536_1_8.txt,erdos_renyi_10ins_m20,50,SpecAnn,0.6336993002596786,1.0,-17076250.0,-6368798.000000002,0.0126464366912841,0,True,56,33,True,51,32,0.951594889163971,610.5894775390625,-956163790.2460872,2025-11-20 20:57:39
er_65536_1_8.txt,erdos_renyi_10ins_m20,50,SpecAnn,0.6398818788633085,1.0,-17099176.0,-6463438.0,0.0127067565917968,0,True,56,33,True,52,32,0.9503980278968812,583.433349609375,-912489032.2148944,2025-11-20 20:57:39
er_65536_1_8.txt,erdos_renyi_10ins_m20,50,SpecAnn,0.6460052899517691,1.0,-17089944.0,-6560666.000000001,0.0126430988311767,0,True,56,33,True,53,32,0.9491795897483826,557.7301635742188,-871170980.8209131,2025-11-20 20:57:39
er_65536_1_8.txt,erdos_renyi_10ins_m20,50,SpecAnn,0.6520712004019966,1.0,-17068362.000000004,-6634244.000000001,0.0125131607055664,0,True,56,33,True,54,32,0.947938859462738,533.3875732421875,-832058950.6365551,2025-11-20 20:57:39
er_65536_1_8.txt,erdos_renyi_10ins_m20,50,SpecAnn,0.6580812002646271,1.0,-17134984.0,-6718244.0,0.0124344825744628,0,True,56,33,True,55,32,0.9466754794120787,510.3197937011719,-795013344.1819441,2025-11-20 20:57:39
er_65536_1_8.txt,erdos_renyi_10ins_m20,50,SpecAnn,0.6640368076317485,1.0,-17111910.0,-6809910.0,0.0126314163208007,0,True,56,33,True,56,32,0.9453885555267334,488.44732666015625,-759904391.050896,2025-11-20 20:57:39
er_65536_1_8.txt,erdos_renyi_10ins_m20,50,SpecAnn,0.6699394731151429,1.0,-17113683.999999996,-6893494.0,0.0126569271087646,0,True,56,33,True,57,32,0.9440774321556092,467.6969299316406,-726612745.69064,2025-11-20 20:57:39
er_65536_1_8.txt,erdos_renyi_10ins_m20,50,SpecAnn,0.6757905839724513,1.0,-17120836.0,-6974330.000000001,0.0126516819000244,0,True,56,33,True,58,32,0.942741632461548,447.9999694824219,-695026793.7710053,2025-11-20 20:57:39
er_65536_1_8.txt,erdos_renyi_10ins_m20,50,SpecAnn,0.6815914679145113,1.0,-17105812.0,-7058966.0,0.0126287937164306,0,True,56,33,True,59,32,0.941380262374878,429.2935791015625,-665043966.31847,2025-11-20 20:57:39
er_65536_1_8.txt,erdos_renyi_10ins_m20,50,SpecAnn,0.6873433966234707,1.0,-17150408.0,-7161616.0,0.0126831531524658,0,True,56,33,True,60,32,0.939992606639862,411.5182495117188,-636567429.3731816,2025-11-20 20:57:39
er_65536_1_8.txt,erdos_renyi_10ins_m20,50,SpecAnn,0.6930475890080863,1.0,-17126688.000000004,-7236791.999999999,0.0126192569732666,0,True,56,33,True,61,32,0.9385777711868286,394.6197204589844,-609508723.0189443,2025-11-20 20:57:39
er_65536_1_8.txt,erdos_renyi_10ins_m20,50,SpecAnn,0.6987052142198116,1.0,-17133250.0,-7338800.000000001,0.0124886035919189,0,True,56,33,True,62,32,0.9371351599693298,378.5466918945313,-583784505.5071726,2025-11-20 20:57:39
er_65536_1_8.txt,erdos_renyi_10ins_m20,50,SpecAnn,0.7043173944508145,1.0,-17130641.999999996,-7424656.000000001,0.0124323368072509,0,True,56,33,True,63,32,0.9356637001037598,363.2515563964844,-559317156.621481,2025-11-20 20:57:40
er_65536_1_8.txt,erdos_renyi_10ins_m20,50,SpecAnn,0.709885207532891,1.0,-17161743.999999996,-7533971.999999998,0.0124952793121337,0,True,56,33,True,64,32,0.9341625571250916,348.690185546875,-536034887.11380565,2025-11-20 20:57:40
er_65536_1_8.txt,erdos_renyi_10ins_m20,50,SpecAnn,0.7154096893543218,1.0,-17138746.0,-7652284.0,0.0125074386596679,0,True,56,33,True,65,32,0.9326305389404296,334.82086181640625,-513869709.6236323,2025-11-20 20:57:40
er_65536_1_8.txt,erdos_renyi_10ins_m20,50,SpecAnn,0.7208918361100219,1.0,-17146402.0,-7775345.999999999,0.012460708618164,0,True,56,33,True,66,32,0.9310669898986816,321.605224609375,-492759381.3442156,2025-11-20 20:57:40
er_65536_1_8.txt,erdos_renyi_10ins_m20,50,SpecAnn,0.7263326063988248,1.0,-17177064.0,-7876897.999999999,0.0124702453613281,0,True,56,33,True,67,32,0.9294705390930176,309.00689697265625,-472644575.7047306,2025-11-20 20:57:40
er_65536_1_8.txt,erdos_renyi_10ins_m20,50,SpecAnn,0.7317329231804058,1.0,-17149866.0,-7988730.0,0.0125033855438232,0,True,56,33,True,68,32,0.9278401732444764,296.9921875,-453470535.8469001,2025-11-20 20:57:40
er_65536_1_8.txt,erdos_renyi_10ins_m20,50,SpecAnn,0.7370936756031579,1.0,-17146690.0,-8079169.999999999,0.0124397277832031,0,True,56,33,True,69,32,0.9261747598648072,285.5292358398437,-435185484.2482333,2025-11-20 20:57:40
er_65536_1_8.txt,erdos_renyi_10ins_m20,50,SpecAnn,0.7424157207132704,1.0,-17164636.0,-8183908.0,0.0124793052673339,0,True,56,33,True,70,32,0.9244728088378906,274.5885314941406,-417741298.989789,2025-11-20 20:57:40
er_65536_1_8.txt,erdos_renyi_10ins_m20,50,SpecAnn,0.7476998850543153,1.0,-17157698.000000004,-8313783.999999999,0.0123729705810546,0,True,56,33,True,71,32,0.922733187675476,264.1422424316406,-401092810.98340434,2025-11-20 20:57:40
er_65536_1_8.txt,erdos_renyi_10ins_m20,50,SpecAnn,0.7529469661657903,1.0,-17139362.0,-8436924.0,0.0124502182006835,0,True,56,33,True,72,32,0.9209545254707336,254.16407775878903,-385197298.2650809,2025-11-20 20:57:40
er_65536_1_8.txt,erdos_renyi_10ins_m20,50,SpecAnn,0.7581577339883167,1.0,-17173110.0,-8562524.0,0.0124826431274414,0,True,56,33,True,73,32,0.9191351532936096,244.62974548339844,-370015158.59590834,2025-11-20 20:57:40
er_65536_1_8.txt,erdos_renyi_10ins_m20,50,SpecAnn,0.7633329321824984,1.0,-17183472.0,-8712257.999999998,0.0125741958618164,0,True,56,33,True,74,32,0.9172734022140504,235.51614379882807,-355508802.8843978,2025-11-20 20:57:40
er_65536_1_8.txt,erdos_renyi_10ins_m20,50,SpecAnn,0.7684732793678399,1.0,-17163452.0,-8870884.0,0.0124013423919677,0,True,56,33,True,75,32,0.9153679013252258,226.80154418945312,-341643028.3271744,2025-11-20 20:57:40
er_65536_1_8.txt,erdos_renyi_10ins_m20,50,SpecAnn,0.7735794702875677,1.0,-17194480.0,-9023171.999999998,0.0124168395996093,0,True,56,33,True,76,32,0.9134165048599244,218.4656982421875,-328384755.9447413,2025-11-20 20:57:40
er_65536_1_8.txt,erdos_renyi_10ins_m20,50,SpecAnn,0.7786521769046981,1.0,-17156518.0,-9164646.0,0.012425422668457,0,True,56,33,True,77,32,0.9114176034927368,210.48941040039065,-315702877.6560469,2025-11-20 20:57:40
er_65536_1_8.txt,erdos_renyi_10ins_m20,50,SpecAnn,0.7836920494342511,1.0,-17186899.999999996,-9344158.0,0.0124471187591552,0,True,56,33,True,78,32,0.9093689918518066,202.8546905517578,-303568057.751315,2025-11-20 20:57:40
er_65536_1_8.txt,erdos_renyi_10ins_m20,50,SpecAnn,0.788699717316095,1.0,-17184570.0,-9485328.0,0.0124540328979492,0,True,56,33,True,79,32,0.9072684645652772,195.54449462890625,-291952558.4325572,2025-11-20 20:57:40
er_65536_1_8.txt,erdos_renyi_10ins_m20,50,SpecAnn,0.7936757901325451,1.0,-17238826.0,-9635508.0,0.0124866962432861,0,True,56,33,True,80,32,0.9051138758659364,188.54290771484372,-280830517.2399324,2025-11-20 20:57:40
er_65536_1_8.txt,erdos_renyi_10ins_m20,50,SpecAnn,0.7986208584745024,1.0,-17189526.0,-9831722.0,0.0123758316040039,0,True,56,33,True,81,32,0.9029024839401244,181.83462524414065,-270176959.57902604,2025-11-20 20:57:40
er_65536_1_8.txt,erdos_renyi_10ins_m20,50,SpecAnn,0.803535494759617,1.0,-17217548.000000004,-10000956.0,0.0124876499176025,0,True,56,33,True,82,32,0.9006320238113403,175.40557861328125,-259969059.5890723,2025-11-20 20:57:40
er_65536_1_8.txt,erdos_renyi_10ins_m20,50,SpecAnn,0.8084202540056837,1.0,-17205174.0,-10163678.0,0.0124363899230957,0,True,56,33,True,83,32,0.8982992768287659,169.24227905273438,-250184725.65631533,2025-11-20 20:57:40
er_65536_1_8.txt,erdos_renyi_10ins_m20,50,SpecAnn,0.8132756745622272,1.0,-17211902.0,-10330767.999999998,0.0127201080322265,0,True,56,33,True,84,32,0.8959013819694519,163.3319091796875,-240803126.5899574,2025-11-20 20:57:40
er_65536_1_8.txt,erdos_renyi_10ins_m20,50,SpecAnn,0.8181022788030096,1.0,-17245592.0,-10538951.999999998,0.012430191040039,0,True,56,33,True,85,32,0.8934351205825806,157.66256713867188,-231804835.1500449,2025-11-20 20:57:40
er_65536_1_8.txt,erdos_renyi_10ins_m20,50,SpecAnn,0.822900573781978,1.0,-17260460.0,-10773046.0,0.0124950408935546,0,True,56,33,True,86,32,0.8908969163894653,152.22286987304688,-223171245.7433457,2025-11-20 20:57:40
er_65536_1_8.txt,erdos_renyi_10ins_m20,50,SpecAnn,0.8276710518549868,1.0,-17249482.0,-10957998.0,0.0126392841339111,0,True,56,33,True,87,32,0.8882828950881958,147.0020751953125,-214884772.7468612,2025-11-20 20:57:40
er_65536_1_8.txt,erdos_renyi_10ins_m20,50,SpecAnn,0.8324141912694495,1.0,-17265249.999999996,-11180395.999999998,0.012610912322998,0,True,56,33,True,88,32,0.8855891227722168,141.98997497558594,-206928749.27773675,2025-11-20 20:57:40
er_65536_1_8.txt,erdos_renyi_10ins_m20,50,SpecAnn,0.8371304567239225,1.0,-17294113.999999996,-11397258.000000002,0.0126035213470458,0,True,56,33,True,89,32,0.8828111290931702,137.17703247070312,-199287509.34705475,2025-11-20 20:57:40
er_65536_1_8.txt,erdos_renyi_10ins_m20,50,SpecAnn,0.8418202998994706,1.0,-17300504.0,-11618880.0,0.0126135349273681,0,True,56,33,True,90,32,0.8799440860748291,132.55401611328125,-191945901.69495755,2025-11-20 20:57:40
er_65536_1_8.txt,erdos_renyi_10ins_m20,50,SpecAnn,0.846484159964536,1.0,-17327836.0,-11813326.0,0.0124819278717041,0,True,56,33,True,91,32,0.8769828677177429,128.11236572265625,-184889835.7738411,2025-11-20 20:57:40
er_65536_1_8.txt,erdos_renyi_10ins_m20,50,SpecAnn,0.8511224640549078,1.0,-17332644.0,-12069309.999999998,0.0124733448028564,0,True,56,33,True,92,32,0.873921811580658,123.84394073486328,-178105863.81194264,2025-11-20 20:57:40
er_65536_1_8.txt,erdos_renyi_10ins_m20,50,SpecAnn,0.8557356277302758,1.0,-17334438.0,-12301421.999999998,0.0124158859252929,0,True,56,33,True,93,32,0.8707549571990967,119.74087524414062,-171581025.94896558,2025-11-20 20:57:40
er_65536_1_8.txt,erdos_renyi_10ins_m20,50,SpecAnn,0.8603240554087516,1.0,-17394550.000000004,-12534242.000000002,0.0124070644378662,0,True,56,33,True,94,32,0.8674754500389099,115.7957763671875,-165303020.08728287,2025-11-20 20:57:40
er_65536_1_8.txt,erdos_renyi_10ins_m20,50,SpecAnn,0.86488814078064,1.0,-17370872.0,-12786114.0,0.0125515460968017,0,True,56,33,True,95,32,0.8640760779380798,112.0018081665039,-159260433.03844085,2025-11-20 20:57:40
er_65536_1_8.txt,erdos_renyi_10ins_m20,50,SpecAnn,0.8694282672026621,1.0,-17430336.0,-13032539.999999998,0.0125622749328613,0,True,56,33,True,96,32,0.8605489134788513,108.35218811035156,-153441954.97467914,2025-11-20 20:57:40
er_65536_1_8.txt,erdos_renyi_10ins_m20,50,SpecAnn,0.8739448080737451,1.0,-17447562.0,-13277138.000000002,0.0124628543853759,0,True,56,33,True,97,32,0.8568852543830872,104.84068298339844,-147837083.85360566,2025-11-20 20:57:40
er_65536_1_8.txt,erdos_renyi_10ins_m20,50,SpecAnn,0.878438127193422,1.0,-17422359.999999996,-13540495.999999998,0.0124547481536865,0,True,56,33,True,98,32,0.8530753254890442,101.46129608154295,-142435637.18506476,2025-11-20 20:57:40
er_65536_1_8.txt,erdos_renyi_10ins_m20,50,SpecAnn,0.8829085791038153,1.0,-17460244.0,-13805204.000000002,0.0124530792236328,0,True,56,33,True,99,32,0.8491088151931763,98.20828247070312,-137227876.1690391,2025-11-20 20:57:40
er_65536_1_8.txt,erdos_renyi_10ins_m20,50,SpecAnn,0.8873565094161138,1.0,-17522064.0,-14054657.999999996,0.0237839221954345,0,True,56,65,True,100,32,0.8449740409851074,95.07627868652344,-132204554.89601296,2025-11-20 20:57:40
er_65536_1_8.txt,erdos_renyi_10ins_m20,50,SpecAnn,0.8917822551223932,1.0,-17565448.0,-14317705.999999998,0.0237374305725097,0,True,56,65,True,101,32,0.8406583070755005,92.0601043701172,-127356714.93154712,2025-11-20 20:57:40
er_65536_1_8.txt,erdos_renyi_10ins_m20,50,SpecAnn,0.8961861448935777,1.0,-17614304.000000004,-14552720.000000002,0.0237083435058593,0,True,56,65,True,102,32,0.8361477255821228,89.15487670898438,-122675826.60256518,2025-11-20 20:57:40
er_65536_1_8.txt,erdos_renyi_10ins_m20,50,SpecAnn,0.9005684993642872,1.0,-17619680.0,-14815718.000000002,0.0236167907714843,0,True,56,65,True,103,32,0.8314272165298462,86.35595703125,-118153724.14387374,2025-11-20 20:57:40
er_65536_1_8.txt,erdos_renyi_10ins_m20,50,SpecAnn,0.9049296314052688,1.0,-17685760.0,-15061646.000000002,0.0236666202545166,0,True,56,65,True,104,32,0.8264807462692261,83.65882873535156,-113782480.43956175,2025-11-20 20:57:40
er_65536_1_8.txt,erdos_renyi_10ins_m20,50,SpecAnn,0.9092698463840684,1.0,-17710614.0,-15323106.0,0.0348782539367675,0,True,56,97,True,105,32,0.8212921023368835,81.0593032836914,-109554794.7783786,2025-11-20 20:57:40
er_65536_1_8.txt,erdos_renyi_10ins_m20,50,SpecAnn,0.9135894424145556,1.0,-17761436.0,-15497580.0,0.0460481643676757,0,True,56,129,True,106,32,0.8158445358276367,78.55339050292969,-105463752.6051522,2025-11-20 20:57:40
er_65536_1_8.txt,erdos_renyi_10ins_m20,50,SpecAnn,0.9178887105958816,1.0,-17774996.0,-15627492.000000002,0.0908691883087158,0,True,56,257,True,107,32,0.8101199865341187,76.13716125488281,-101502538.45068912,2025-11-20 20:57:40
er_65536_1_8.txt,erdos_renyi_10ins_m20,50,SpecAnn,0.922167935241408,1.0,-17771346.0,-15555698.000000002,0.1361670494079589,0,True,56,385,True,108,32,0.8041070103645325,73.80699157714844,-97665736.26569945,2025-11-20 20:57:40
er_65536_1_8.txt,erdos_renyi_10ins_m20,50,SpecAnn,0.92642739409812,1.0,-17740056.0,-15497284.000000002,0.0692179203033447,0,True,56,193,True,109,32,0.7978747487068176,71.5594253540039,-93957713.93015128,2025-11-20 20:57:40
er_65536_1_8.txt,erdos_renyi_10ins_m20,50,SpecAnn,0.9306673585570006,1.0,-17713568.0,-15457004.0,0.0572445392608642,0,True,56,161,True,110,32,0.7914624810218811,69.39106750488281,-90378426.77377205,2025-11-20 20:57:41
er_65536_1_8.txt,erdos_renyi_10ins_m20,50,SpecAnn,0.9348880938548184,1.0,-17703860.0,-15401778.000000002,0.0464181900024414,0,True,56,129,True,111,32,0.7848742008209229,67.29878997802734,-86923696.35786095,2025-11-20 20:57:41
er_65536_1_8.txt,erdos_renyi_10ins_m20,50,SpecAnn,0.9390898592677528,1.0,-17689140.0,-15391172.000000002,0.035114049911499,0,True,56,97,True,112,32,0.7781070470809937,65.2795181274414,-83588621.85802555,2025-11-20 20:57:41
er_65536_1_8.txt,erdos_renyi_10ins_m20,50,SpecAnn,0.9432729082972536,1.0,-17687161.999999996,-15381161.999999996,0.0353953838348388,0,True,56,97,True,113,32,0.7711579203605652,63.33036804199219,-80368564.60688479,2025-11-20 20:57:41
er_65536_1_8.txt,erdos_renyi_10ins_m20,50,SpecAnn,0.9474374888485204,1.0,-17684230.0,-15365532.0,0.035797119140625,0,True,56,97,True,114,32,0.7640219926834106,61.448577880859375,-77258909.33413287,2025-11-20 20:57:41
er_65536_1_8.txt,erdos_renyi_10ins_m20,50,SpecAnn,0.9515838434019476,1.0,-17703754.0,-15366052.0,0.0464344024658203,0,True,56,129,True,115,32,0.7566961050033569,59.631473541259766,-74255378.50709657,2025-11-20 20:57:41
er_65536_1_8.txt,erdos_renyi_10ins_m20,50,SpecAnn,0.9557122091778746,1.0,-17665322.0,-15361453.999999998,0.0238335132598876,0,True,56,65,True,116,32,0.7491754293441772,57.8765869140625,-71353834.04180516,2025-11-20 20:57:41
er_65536_1_8.txt,erdos_renyi_10ins_m20,50,SpecAnn,0.9598228182949629,1.0,-17686484.000000004,-15354308.000000004,0.0461578369140625,0,True,56,129,True,117,32,0.7414554357528687,56.18144607543945,-68550218.4900083,2025-11-20 20:57:41
er_65536_1_8.txt,erdos_renyi_10ins_m20,50,SpecAnn,0.963915897922488,1.0,-17678870.0,-15355894.0,0.0236685276031494,0,True,56,65,True,118,32,0.7335320115089417,54.54378509521485,-65840818.39950383,2025-11-20 20:57:41
er_65536_1_8.txt,erdos_renyi_10ins_m20,50,SpecAnn,0.967991670426842,1.0,-17670328.0,-15346706.0,0.0236105918884277,0,True,56,65,True,119,32,0.7254000306129456,52.96136093139648,-63221905.68136904,2025-11-20 20:57:41
er_65536_1_8.txt,erdos_renyi_10ins_m20,50,SpecAnn,0.9720503535125016,1.0,-17672590.000000004,-15349852.000000002,0.0235710144042968,0,True,56,65,True,120,32,0.7170553803443909,51.43206024169922,-60690050.20014351,2025-11-20 20:57:41
er_65536_1_8.txt,erdos_renyi_10ins_m20,50,SpecAnn,0.9760921603577252,1.0,-17637468.000000004,-15348391.999999998,0.0238325595855712,0,True,56,65,True,121,32,0.7084927558898926,49.953887939453125,-58241906.90166806,2025-11-20 20:57:41
er_65536_1_8.txt,erdos_renyi_10ins_m20,50,SpecAnn,0.9801172997452104,1.0,-17661189.999999996,-15352614.000000002,0.0236268043518066,0,True,56,65,True,122,32,0.6997074484825134,48.52488708496094,-55874275.77562887,2025-11-20 20:57:41
er_65536_1_8.txt,erdos_renyi_10ins_m20,50,SpecAnn,0.9841259761879442,1.0,-17657276.0,-15352738.000000002,0.0236577987670898,0,True,56,65,True,123,32,0.6906944513320923,47.14323043823242,-53584129.81596279,2025-11-20 20:57:41
er_65536_1_8.txt,erdos_renyi_10ins_m20,50,SpecAnn,0.9881183900504562,1.0,-17659724.0,-15352102.000000002,0.0236971378326416,0,True,56,65,True,124,32,0.6814483404159546,45.80710983276367,-51368478.90038577,2025-11-20 20:57:41
er_65536_1_8.txt,erdos_renyi_10ins_m20,50,SpecAnn,0.9920947376656812,1.0,-17660676.0,-15350580.0,0.0237514972686767,0,True,56,65,True,125,32,0.671964704990387,44.51485061645508,-49224607.17557065,2025-11-20 20:57:41
er_65536_1_8.txt,erdos_renyi_10ins_m20,50,SpecAnn,0.9960552114476228,1.0,-17647910.0,-15345182.000000004,0.0354561805725097,0,True,56,97,True,126,32,0.6622375845909119,43.26483154296875,-47149785.1997027,2025-11-20 20:57:41
er_65536_1_8.txt,erdos_renyi_10ins_m20,50,SpecAnn,1.0,1.0,-17647032.000000004,-15341319.999999996,0.0238449573516845,0,True,56,65,True,127,32,0.6522614359855652,42.05546188354492,-45141396.02535392,2025-11-20 20:57:41
er_65536_1_8.txt,erdos_renyi_10ins_m20,51,SpecAnn,0.0,1.0,-17131468.0,-3512346.0000000014,0.014453649520874023,0,True,59,33,True,0,32,0.9954886436462402,65537.0,-107362778884.59296,2025-11-20 20:57:42
er_65536_1_8.txt,erdos_renyi_10ins_m20,51,SpecAnn,0.08873565094161137,1.0,-17144012.0,-3634800.0000000023,0.012551069259643555,0,True,59,33,True,1,32,0.9937390685081482,34016.2734375,-55627555364.85997,2025-11-20 20:57:42
er_65536_1_8.txt,erdos_renyi_10ins_m20,51,SpecAnn,0.12549116102763172,1.0,-17102531.999999996,-3685990.0,0.012342453002929688,0,True,59,33,True,2,32,0.9928280711174011,25927.08984375,-42360267789.90374,2025-11-20 20:57:42
er_65536_1_8.txt,erdos_renyi_10ins_m20,51,SpecAnn,0.15369465587356798,1.0,-17112646.0,-3734912.0,0.012447595596313477,0,True,59,33,True,3,32,0.992039680480957,21051.08984375,-34366436745.47459,2025-11-20 20:57:42
er_65536_1_8.txt,erdos_renyi_10ins_m20,51,SpecAnn,0.17747130188322274,1.0,-17088868.000000004,-3790752.000000001,0.012455463409423828,0,True,59,33,True,4,32,0.9913078546524048,17660.654296875,-28810196021.821117,2025-11-20 20:57:42
er_65536_1_8.txt,erdos_renyi_10ins_m20,51,SpecAnn,0.19841894753313627,1.0,-17065586.0,-3846184.0,0.012418746948242188,0,True,59,33,True,5,32,0.9906071424484253,15129.37109375,-24663414783.350746,2025-11-20 20:57:42
er_65536_1_8.txt,erdos_renyi_10ins_m20,51,SpecAnn,0.21735706680066552,1.0,-17092272.0,-3881257.9999999986,0.012351274490356445,0,True,59,33,True,6,32,0.9899248480796814,13154.857421875,-21429855736.49063,2025-11-20 20:57:42
er_65536_1_8.txt,erdos_renyi_10ins_m20,51,SpecAnn,0.23477246481693817,1.0,-17159428.0,-3929320.0000000005,0.012422800064086914,0,True,59,33,True,7,32,0.9892534613609314,11567.5126953125,-18831219247.105133,2025-11-20 20:57:42
er_65536_1_8.txt,erdos_renyi_10ins_m20,51,SpecAnn,0.25098232205526344,1.0,-17100324.0,-3969200.0,0.012575149536132812,0,True,59,33,True,8,32,0.9885880947113037,10262.7587890625,-16695920730.240417,2025-11-20 20:57:42
er_65536_1_8.txt,erdos_renyi_10ins_m20,51,SpecAnn,0.26620695282483414,1.0,-17131154.0,-4008979.999999999,0.012454986572265625,0,True,59,33,True,9,32,0.9879252910614014,9171.7294921875,-14910981018.439066,2025-11-20 20:57:42
er_65536_1_8.txt,erdos_renyi_10ins_m20,51,SpecAnn,0.28060676663315687,1.0,-17111644.0,-4052036.0000000005,0.012267112731933594,0,True,59,33,True,10,32,0.9872626662254333,8246.818359375,-13398309934.752216,2025-11-20 20:57:42
er_65536_1_8.txt,erdos_renyi_10ins_m20,51,SpecAnn,0.2943028597012718,1.0,-17134364.000000004,-4096064.0000000005,0.012446165084838867,0,True,59,33,True,11,32,0.9865983724594116,7453.85888671875,-12101868729.118055,2025-11-20 20:57:42
er_65536_1_8.txt,erdos_renyi_10ins_m20,51,SpecAnn,0.30738931174713596,1.0,-17142647.999999996,-4142952.0,0.012423992156982422,0,True,59,33,True,12,32,0.9859309196472168,6767.576171875,-10980206701.846588,2025-11-20 20:57:42
er_65536_1_8.txt,erdos_renyi_10ins_m20,51,SpecAnn,0.31994093943165425,1.0,-17135116.0,-4181052.0,0.012483596801757812,0,True,59,33,True,13,32,0.9852591156959534,6168.8251953125,-10001929799.49867,2025-11-20 20:57:42
er_65536_1_8.txt,erdos_renyi_10ins_m20,51,SpecAnn,0.3320184038158743,1.0,-17129274.0,-4218604.000000001,0.012367010116577148,0,True,59,33,True,14,32,0.9845820665359497,5642.79345703125,-9142752255.445004,2025-11-20 20:57:42
er_65536_1_8.txt,erdos_renyi_10ins_m20,51,SpecAnn,0.34367169831173533,1.0,-17066404.0,-4266290.000000001,0.012457609176635742,0,True,59,33,True,15,32,0.9838988780975342,5177.8310546875,-8383574301.406371,2025-11-20 20:57:42
er_65536_1_8.txt,erdos_renyi_10ins_m20,51,SpecAnn,0.3549426037664455,1.0,-17097408.0,-4318282.000000001,0.012402534484863281,0,True,59,33,True,16,32,0.9832088351249695,4764.634765625,-7709145885.600081,2025-11-20 20:57:42
er_65536_1_8.txt,erdos_renyi_10ins_m20,51,SpecAnn,0.3658664615902029,1.0,-17092972.0,-4370402.000000001,0.01243901252746582,0,True,59,33,True,17,32,0.9825112819671631,4395.6767578125,-7107128551.834039,2025-11-20 20:57:42
er_65536_1_8.txt,erdos_renyi_10ins_m20,51,SpecAnn,0.37647348308289513,1.0,-17113909.999999996,-4400306.000000001,0.012420892715454102,0,True,59,33,True,18,32,0.9818058013916016,4064.80126953125,-6567435073.1618595,2025-11-20 20:57:42
er_65536_1_8.txt,erdos_renyi_10ins_m20,51,SpecAnn,0.38678973514378384,1.0,-17141454.000000004,-4440556.000000001,0.012404918670654297,0,True,59,33,True,19,32,0.9810917377471924,3766.9228515625,-6081731188.680457,2025-11-20 20:57:42
er_65536_1_8.txt,erdos_renyi_10ins_m20,51,SpecAnn,0.39683789506627254,1.0,-17104961.999999996,-4492324.000000001,0.01239156723022461,0,True,59,33,True,20,32,0.9803686738014221,3497.80224609375,-5643071517.3143835,2025-11-20 20:57:42
er_65536_1_8.txt,erdos_renyi_10ins_m20,51,SpecAnn,0.4066378372811136,1.0,-17121168.0,-4529622.0,0.01240992546081543,0,True,59,33,True,21,32,0.9796362519264221,3253.875732421875,-5245618320.135772,2025-11-20 20:57:42
er_65536_1_8.txt,erdos_renyi_10ins_m20,51,SpecAnn,0.41620709563472474,1.0,-17112538.0,-4579114.000000001,0.01239013671875,0,True,59,33,True,22,32,0.9788939952850342,3032.129150390625,-4884433898.151231,2025-11-20 20:57:42
er_65536_1_8.txt,erdos_renyi_10ins_m20,51,SpecAnn,0.4255612320274539,1.0,-17140460.000000004,-4634784.0,0.012614727020263672,0,True,59,33,True,23,32,0.978141725063324,2829.994140625,-4555312736.380554,2025-11-20 20:57:42
er_65536_1_8.txt,erdos_renyi_10ins_m20,51,SpecAnn,0.43471413360133104,1.0,-17116262.0,-4688474.000000001,0.012628793716430664,0,True,59,33,True,24,32,0.9773789048194885,2645.2685546875,-4254647721.9780993,2025-11-20 20:57:42
er_65536_1_8.txt,erdos_renyi_10ins_m20,51,SpecAnn,0.4436782547080569,1.0,-17144246.0,-4742434.000000001,0.012618064880371094,0,True,59,33,True,25,32,0.9766051769256592,2476.056640625,-3979334742.8481464,2025-11-20 20:57:42
er_65536_1_8.txt,erdos_renyi_10ins_m20,51,SpecAnn,0.45246481570263436,1.0,-17109184.0,-4780670.000000001,0.012459993362426758,0,True,59,33,True,26,32,0.9758202433586121,2320.71533203125,-3726684020.7382135,2025-11-20 20:57:42
er_65536_1_8.txt,erdos_renyi_10ins_m20,51,SpecAnn,0.46108396762070397,1.0,-17136076.0,-4845096.0,0.012424230575561523,0,True,59,33,True,27,32,0.9750238060951233,2177.8154296875,-3494356146.4585114,2025-11-20 20:57:42
er_65536_1_8.txt,erdos_renyi_10ins_m20,51,SpecAnn,0.46954492963387634,1.0,-17111298.0,-4902886.000000001,0.012451887130737305,0,True,59,33,True,28,32,0.974215567111969,2046.109130859375,-3280308843.80178,2025-11-20 20:57:42
er_65536_1_8.txt,erdos_renyi_10ins_m20,51,SpecAnn,0.4778561045889373,1.0,-17109964.0,-4962476.0,0.012427806854248047,0,True,59,33,True,29,32,0.9733951091766357,1924.49951171875,-3082746699.773861,2025-11-20 20:57:42
er_65536_1_8.txt,erdos_renyi_10ins_m20,51,SpecAnn,0.48602517675625084,1.0,-17150846.0,-5015722.0,0.012344598770141602,0,True,59,33,True,30,32,0.9725622534751892,1812.0224609375,-2900092586.2942924,2025-11-20 20:57:42
er_65536_1_8.txt,erdos_renyi_10ins_m20,51,SpecAnn,0.4940591950252281,1.0,-17118628.0,-5069230.0,0.012425422668457031,0,True,59,33,True,31,32,0.971716582775116,1707.82568359375,-2730951775.341124,2025-11-20 20:57:42
er_65536_1_8.txt,erdos_renyi_10ins_m20,51,SpecAnn,0.5019646441105269,1.0,-17083136.0,-5122468.0,0.012448787689208984,0,True,59,33,True,32,32,0.9708578586578369,1611.153564453125,-2574088434.45339,2025-11-20 20:57:42
er_65536_1_8.txt,erdos_renyi_10ins_m20,51,SpecAnn,0.5097475058154177,1.0,-17104698.0,-5177046.000000001,0.012430906295776367,0,True,59,33,True,33,32,0.9699856042861938,1521.333251953125,-2428401671.459604,2025-11-20 20:57:42
er_65536_1_8.txt,erdos_renyi_10ins_m20,51,SpecAnn,0.51741331199832,1.0,-17158370.0,-5234554.000000001,0.012471675872802734,0,True,59,33,True,34,32,0.969099760055542,1437.766357421875,-2292913544.5242534,2025-11-20 20:57:42
er_65536_1_8.txt,erdos_renyi_10ins_m20,51,SpecAnn,0.5249671905758515,1.0,-17124816.0,-5288815.999999999,0.012394428253173828,0,True,59,33,True,35,32,0.9681997895240784,1359.91650390625,-2166746505.1376514,2025-11-20 20:57:42
er_65536_1_8.txt,erdos_renyi_10ins_m20,51,SpecAnn,0.5324139056496683,1.0,-17141316.0,-5336945.999999999,0.012351751327514648,0,True,59,33,True,36,32,0.9672854542732239,1287.303466796875,-2049115659.9082105,2025-11-20 20:57:42
er_65536_1_8.txt,erdos_renyi_10ins_m20,51,SpecAnn,0.5397578926492556,1.0,-17071942.000000004,-5401164.0,0.012390613555908203,0,True,59,33,True,37,32,0.9663563370704651,1219.4951171875,-1939314484.5580118,2025-11-20 20:57:42
er_65536_1_8.txt,erdos_renyi_10ins_m20,51,SpecAnn,0.5470032892270364,1.0,-17127556.0,-5465618.000000001,0.012331962585449219,0,True,59,33,True,38,32,0.9654121994972229,1156.1033935546875,-1836708919.1293488,2025-11-20 20:57:42
er_65536_1_8.txt,erdos_renyi_10ins_m20,51,SpecAnn,0.554153962516942,1.0,-17112830.0,-5543196.0,0.01239156723022461,0,True,59,33,True,39,32,0.9644527435302734,1096.775634765625,-1740722821.7971334,2025-11-20 20:57:42
er_65536_1_8.txt,erdos_renyi_10ins_m20,51,SpecAnn,0.5612135332663137,1.0,-17102612.0,-5609180.0,0.012408256530761719,0,True,59,33,True,40,32,0.9634774923324585,1041.19580078125,-1650839523.4739363,2025-11-20 20:57:42
er_65536_1_8.txt,erdos_renyi_10ins_m20,51,SpecAnn,0.5681853972686127,1.0,-17122942.0,-5662179.999999999,0.01236724853515625,0,True,59,33,True,41,32,0.9624860286712646,989.0756225585938,-1566588047.047214,2025-11-20 20:57:42
er_65536_1_8.txt,erdos_renyi_10ins_m20,51,SpecAnn,0.5750727444570146,1.0,-17137090.0,-5723231.999999999,0.01236724853515625,0,True,59,33,True,42,32,0.9614779949188232,940.1530151367188,-1487540397.3452797,2025-11-20 20:57:42
er_65536_1_8.txt,erdos_renyi_10ins_m20,51,SpecAnn,0.5818785759635375,1.0,-17163302.0,-5789067.999999999,0.012336015701293945,0,True,59,33,True,43,32,0.9604532122612,894.19091796875,-1413309715.377019,2025-11-20 20:57:42
er_65536_1_8.txt,erdos_renyi_10ins_m20,51,SpecAnn,0.5886057194025436,1.0,-17087678.0,-5855041.999999999,0.012373924255371094,0,True,59,33,True,44,32,0.9594110250473022,850.9727172851562,-1343541908.8579078,2025-11-20 20:57:42
er_65536_1_8.txt,erdos_renyi_10ins_m20,51,SpecAnn,0.5952568425994088,1.0,-17148788.0,-5922172.0,0.012419462203979492,0,True,59,33,True,45,32,0.958351194858551,810.2998046875,-1277913032.862442,2025-11-20 20:57:42
er_65536_1_8.txt,erdos_renyi_10ins_m20,51,SpecAnn,0.6018344659534288,1.0,-17105996.000000004,-5993114.000000001,0.012521505355834961,0,True,59,33,True,46,32,0.9572731852531433,771.9921875,-1216129086.061906,2025-11-20 20:57:42
er_65536_1_8.txt,erdos_renyi_10ins_m20,51,SpecAnn,0.6083409735974393,1.0,-17159776.000000004,-6067930.000000001,0.012340784072875977,0,True,59,33,True,47,32,0.9561765789985657,735.884033203125,-1157919474.2592618,2025-11-20 20:57:42
er_65536_1_8.txt,erdos_renyi_10ins_m20,51,SpecAnn,0.6147786234942719,1.0,-17136488.0,-6160894.0,0.012394428253173828,0,True,59,33,True,48,32,0.9550609588623047,701.823486328125,-1103036456.0509853,2025-11-20 20:57:42
er_65536_1_8.txt,erdos_renyi_10ins_m20,51,SpecAnn,0.6211495565912796,1.0,-17103936.0,-6228870.000000001,0.01245570182800293,0,True,59,33,True,49,32,0.9539257884025574,669.6714477539062,-1051253001.4403988,2025-11-20 20:57:42
er_65536_1_8.txt,erdos_renyi_10ins_m20,51,SpecAnn,0.6274558051381586,1.0,-17128403.999999996,-6303824.000000001,0.012392759323120117,0,True,59,33,True,50,32,0.9527705907821655,639.2991943359375,-1002359190.8361737,2025-11-20 20:57:42
er_65536_1_8.txt,erdos_renyi_10ins_m20,51,SpecAnn,0.6336993002596786,1.0,-17114648.000000004,-6368798.000000001,0.012400150299072266,0,True,59,33,True,51,32,0.951594889163971,610.5894775390625,-956163790.2460872,2025-11-20 20:57:42
er_65536_1_8.txt,erdos_renyi_10ins_m20,51,SpecAnn,0.6398818788633085,1.0,-17155062.000000004,-6463438.000000001,0.012426137924194336,0,True,59,33,True,52,32,0.9503980278968811,583.433349609375,-912489032.2148943,2025-11-20 20:57:42
er_65536_1_8.txt,erdos_renyi_10ins_m20,51,SpecAnn,0.6460052899517691,1.0,-17106128.0,-6560666.000000001,0.012443065643310547,0,True,59,33,True,53,32,0.9491795897483826,557.7301635742188,-871170980.8209131,2025-11-20 20:57:42
er_65536_1_8.txt,erdos_renyi_10ins_m20,51,SpecAnn,0.6520712004019966,1.0,-17152489.999999996,-6634244.000000001,0.012412309646606445,0,True,59,33,True,54,32,0.9479389190673828,533.3875732421875,-832059002.9548852,2025-11-20 20:57:42
er_65536_1_8.txt,erdos_renyi_10ins_m20,51,SpecAnn,0.6580812002646271,1.0,-17135142.0,-6718243.999999999,0.012442827224731445,0,True,59,33,True,55,32,0.9466754794120789,510.3197937011719,-795013344.1819441,2025-11-20 20:57:42
er_65536_1_8.txt,erdos_renyi_10ins_m20,51,SpecAnn,0.6640368076317485,1.0,-17136368.0,-6809910.0,0.012467622756958008,0,True,59,33,True,56,32,0.9453886151313782,488.44732666015625,-759904438.961177,2025-11-20 20:57:42
er_65536_1_8.txt,erdos_renyi_10ins_m20,51,SpecAnn,0.6699394731151429,1.0,-17142958.000000004,-6893494.000000001,0.012479782104492188,0,True,59,33,True,57,32,0.9440774917602539,467.6969299316406,-726612791.5655789,2025-11-20 20:57:42
er_65536_1_8.txt,erdos_renyi_10ins_m20,51,SpecAnn,0.6757905839724513,1.0,-17143636.0,-6974330.000000001,0.012418508529663086,0,True,59,33,True,58,32,0.9427416324615479,447.9999694824219,-695026793.7710053,2025-11-20 20:57:42
er_65536_1_8.txt,erdos_renyi_10ins_m20,51,SpecAnn,0.6815914679145113,1.0,-17133100.0,-7058966.0,0.012525558471679688,0,True,59,33,True,59,32,0.9413802623748779,429.2935791015625,-665043966.31847,2025-11-20 20:57:42
er_65536_1_8.txt,erdos_renyi_10ins_m20,51,SpecAnn,0.6873433966234707,1.0,-17181785.999999996,-7161615.999999999,0.01251840591430664,0,True,59,33,True,60,32,0.9399926066398621,411.51824951171875,-636567429.3731816,2025-11-20 20:57:42
er_65536_1_8.txt,erdos_renyi_10ins_m20,51,SpecAnn,0.6930475890080863,1.0,-17119214.0,-7236791.999999999,0.012498855590820312,0,True,59,33,True,61,32,0.9385778307914734,394.6197204589844,-609508761.7259667,2025-11-20 20:57:42
er_65536_1_8.txt,erdos_renyi_10ins_m20,51,SpecAnn,0.6987052142198116,1.0,-17146387.999999996,-7338799.999999998,0.012521028518676758,0,True,59,33,True,62,32,0.9371351599693298,378.54669189453125,-583784505.5071726,2025-11-20 20:57:42
er_65536_1_8.txt,erdos_renyi_10ins_m20,51,SpecAnn,0.7043173944508145,1.0,-17158732.0,-7424656.0,0.012450695037841797,0,True,59,33,True,63,32,0.9356637001037598,363.2515563964844,-559317156.621481,2025-11-20 20:57:42
er_65536_1_8.txt,erdos_renyi_10ins_m20,51,SpecAnn,0.709885207532891,1.0,-17138052.0,-7533972.0,0.01236271858215332,0,True,59,33,True,64,32,0.9341624975204468,348.690185546875,-536034852.9118685,2025-11-20 20:57:42
er_65536_1_8.txt,erdos_renyi_10ins_m20,51,SpecAnn,0.7154096893543218,1.0,-17175868.000000004,-7652284.000000001,0.012470245361328125,0,True,59,33,True,65,32,0.9326305389404297,334.82086181640625,-513869709.6236323,2025-11-20 20:57:42
er_65536_1_8.txt,erdos_renyi_10ins_m20,51,SpecAnn,0.7208918361100219,1.0,-17158765.999999996,-7775345.999999999,0.012389659881591797,0,True,59,33,True,66,32,0.9310669898986816,321.605224609375,-492759381.3442156,2025-11-20 20:57:42
er_65536_1_8.txt,erdos_renyi_10ins_m20,51,SpecAnn,0.7263326063988248,1.0,-17151676.0,-7876898.0,0.012402772903442383,0,True,59,33,True,67,32,0.9294705390930176,309.00689697265625,-472644575.7047306,2025-11-20 20:57:42
er_65536_1_8.txt,erdos_renyi_10ins_m20,51,SpecAnn,0.7317329231804058,1.0,-17164015.999999996,-7988730.0,0.012497186660766602,0,True,59,33,True,68,32,0.9278401732444763,296.9921875,-453470535.84690005,2025-11-20 20:57:42
er_65536_1_8.txt,erdos_renyi_10ins_m20,51,SpecAnn,0.7370936756031579,1.0,-17171464.000000004,-8079169.999999999,0.012628555297851562,0,True,59,33,True,69,32,0.9261747598648071,285.52923583984375,-435185484.2482333,2025-11-20 20:57:42
er_65536_1_8.txt,erdos_renyi_10ins_m20,51,SpecAnn,0.7424157207132704,1.0,-17121260.0,-8183908.0,0.01262974739074707,0,True,59,33,True,70,32,0.9244728684425354,274.5885314941406,-417741325.92332506,2025-11-20 20:57:42
er_65536_1_8.txt,erdos_renyi_10ins_m20,51,SpecAnn,0.7476998850543153,1.0,-17171286.0,-8313783.999999999,0.012596845626831055,0,True,59,33,True,71,32,0.9227333068847656,264.1422424316406,-401092862.8011884,2025-11-20 20:57:42
er_65536_1_8.txt,erdos_renyi_10ins_m20,51,SpecAnn,0.7529469661657903,1.0,-17168370.000000004,-8436924.0,0.012601375579833984,0,True,59,33,True,72,32,0.9209545254707336,254.16407775878906,-385197298.2650809,2025-11-20 20:57:42
er_65536_1_8.txt,erdos_renyi_10ins_m20,51,SpecAnn,0.7581577339883167,1.0,-17143760.0,-8562524.0,0.012595176696777344,0,True,59,33,True,73,32,0.9191350936889648,244.62974548339844,-370015134.60093653,2025-11-20 20:57:42
er_65536_1_8.txt,erdos_renyi_10ins_m20,51,SpecAnn,0.7633329321824984,1.0,-17182022.000000004,-8712257.999999998,0.012571573257446289,0,True,59,33,True,74,32,0.9172735214233398,235.51614379882812,-355508849.08649164,2025-11-20 20:57:42
er_65536_1_8.txt,erdos_renyi_10ins_m20,51,SpecAnn,0.7684732793678399,1.0,-17200890.0,-8870883.999999998,0.012461662292480469,0,True,59,33,True,75,32,0.915367841720581,226.80154418945312,-341643006.0809155,2025-11-20 20:57:42
er_65536_1_8.txt,erdos_renyi_10ins_m20,51,SpecAnn,0.7735794702875677,1.0,-17190844.0,-9023172.0,0.012370824813842773,0,True,59,33,True,76,32,0.9134165048599243,218.4656982421875,-328384755.9447413,2025-11-20 20:57:42
er_65536_1_8.txt,erdos_renyi_10ins_m20,51,SpecAnn,0.7786521769046981,1.0,-17185856.000000004,-9164646.0,0.012324333190917969,0,True,59,33,True,77,32,0.9114176034927368,210.48941040039062,-315702877.6560469,2025-11-20 20:57:42
er_65536_1_8.txt,erdos_renyi_10ins_m20,51,SpecAnn,0.7836920494342511,1.0,-17209070.0,-9344158.000000002,0.012319564819335938,0,True,59,33,True,78,32,0.9093689918518066,202.8546905517578,-303568057.751315,2025-11-20 20:57:42
er_65536_1_8.txt,erdos_renyi_10ins_m20,51,SpecAnn,0.788699717316095,1.0,-17209340.000000004,-9485328.000000002,0.012418746948242188,0,True,59,33,True,79,32,0.9072684645652771,195.54449462890625,-291952558.4325572,2025-11-20 20:57:43
er_65536_1_8.txt,erdos_renyi_10ins_m20,51,SpecAnn,0.7936757901325451,1.0,-17209162.0,-9635507.999999998,0.012617111206054688,0,True,59,33,True,80,32,0.9051138758659363,188.54290771484375,-280830517.2399324,2025-11-20 20:57:43
er_65536_1_8.txt,erdos_renyi_10ins_m20,51,SpecAnn,0.7986208584745024,1.0,-17270308.0,-9831722.000000002,0.012664794921875,0,True,59,33,True,81,32,0.9029025435447693,181.83462524414062,-270176977.41461957,2025-11-20 20:57:43
er_65536_1_8.txt,erdos_renyi_10ins_m20,51,SpecAnn,0.803535494759617,1.0,-17247327.999999996,-10000956.0,0.012602090835571289,0,True,59,33,True,82,32,0.9006320238113403,175.40557861328125,-259969059.5890723,2025-11-20 20:57:43
er_65536_1_8.txt,erdos_renyi_10ins_m20,51,SpecAnn,0.8084202540056837,1.0,-17257788.0,-10163678.000000002,0.012629032135009766,0,True,59,33,True,83,32,0.8982992768287659,169.24227905273438,-250184725.65631533,2025-11-20 20:57:43
er_65536_1_8.txt,erdos_renyi_10ins_m20,51,SpecAnn,0.8132756745622272,1.0,-17252610.0,-10330768.0,0.012605667114257812,0,True,59,33,True,84,32,0.8959014415740967,163.3319091796875,-240803142.61067697,2025-11-20 20:57:43
er_65536_1_8.txt,erdos_renyi_10ins_m20,51,SpecAnn,0.8181022788030096,1.0,-17257648.0,-10538951.999999998,0.012503385543823242,0,True,59,33,True,85,32,0.8934351205825806,157.66256713867188,-231804835.15004486,2025-11-20 20:57:43
er_65536_1_8.txt,erdos_renyi_10ins_m20,51,SpecAnn,0.822900573781978,1.0,-17255890.0,-10773046.0,0.012422800064086914,0,True,59,33,True,86,32,0.8908968567848206,152.22286987304688,-223171230.81227726,2025-11-20 20:57:43
er_65536_1_8.txt,erdos_renyi_10ins_m20,51,SpecAnn,0.8276710518549868,1.0,-17286822.0,-10957998.0,0.012398958206176758,0,True,59,33,True,87,32,0.8882828950881958,147.0020751953125,-214884772.74686122,2025-11-20 20:57:43
er_65536_1_8.txt,erdos_renyi_10ins_m20,51,SpecAnn,0.8324141912694495,1.0,-17273322.000000004,-11180395.999999998,0.012463569641113281,0,True,59,33,True,88,32,0.8855891227722168,141.98997497558594,-206928749.27773675,2025-11-20 20:57:43
er_65536_1_8.txt,erdos_renyi_10ins_m20,51,SpecAnn,0.8371304567239225,1.0,-17294976.0,-11397258.0,0.01254415512084961,0,True,59,33,True,89,32,0.8828111290931702,137.17703247070312,-199287509.34705475,2025-11-20 20:57:43
er_65536_1_8.txt,erdos_renyi_10ins_m20,51,SpecAnn,0.8418202998994706,1.0,-17318260.0,-11618879.999999998,0.012664318084716797,0,True,59,33,True,90,32,0.8799440860748291,132.55401611328125,-191945901.69495755,2025-11-20 20:57:43
er_65536_1_8.txt,erdos_renyi_10ins_m20,51,SpecAnn,0.846484159964536,1.0,-17327302.0,-11813326.0,0.012635231018066406,0,True,59,33,True,91,32,0.8769828677177429,128.11236572265625,-184889835.7738411,2025-11-20 20:57:43
er_65536_1_8.txt,erdos_renyi_10ins_m20,51,SpecAnn,0.8511224640549078,1.0,-17337972.0,-12069310.0,0.01270294189453125,0,True,59,33,True,92,32,0.8739218711853027,123.84394073486328,-178105875.95941007,2025-11-20 20:57:43
er_65536_1_8.txt,erdos_renyi_10ins_m20,51,SpecAnn,0.8557356277302758,1.0,-17356740.0,-12301422.0,0.012565851211547852,0,True,59,33,True,93,32,0.8707550168037415,119.74087524414062,-171581037.69397607,2025-11-20 20:57:43
er_65536_1_8.txt,erdos_renyi_10ins_m20,51,SpecAnn,0.8603240554087516,1.0,-17376726.0,-12534242.0,0.012399673461914062,0,True,59,33,True,94,32,0.8674755096435547,115.7957763671875,-165303031.44533086,2025-11-20 20:57:43
er_65536_1_8.txt,erdos_renyi_10ins_m20,51,SpecAnn,0.86488814078064,1.0,-17406196.0,-12786113.999999998,0.012385845184326172,0,True,59,33,True,95,32,0.8640761375427246,112.0018081665039,-159260444.0243503,2025-11-20 20:57:43
er_65536_1_8.txt,erdos_renyi_10ins_m20,51,SpecAnn,0.8694282672026621,1.0,-17399968.0,-13032540.0,0.012418985366821289,0,True,59,33,True,96,32,0.8605489730834961,108.35218811035156,-153441965.60260868,2025-11-20 20:57:43
er_65536_1_8.txt,erdos_renyi_10ins_m20,51,SpecAnn,0.8739448080737451,1.0,-17473086.000000004,-13277138.000000002,0.012413978576660156,0,True,59,33,True,97,32,0.8568852543830872,104.84068298339844,-147837083.85360566,2025-11-20 20:57:43
er_65536_1_8.txt,erdos_renyi_10ins_m20,51,SpecAnn,0.878438127193422,1.0,-17464002.0,-13540495.999999998,0.012366771697998047,0,True,59,33,True,98,32,0.853075385093689,101.46129608154297,-142435647.13708812,2025-11-20 20:57:43
er_65536_1_8.txt,erdos_renyi_10ins_m20,51,SpecAnn,0.8829085791038153,1.0,-17489678.0,-13805203.999999998,0.012421607971191406,0,True,59,33,True,99,32,0.8491087555885315,98.20828247070312,-137227866.53609374,2025-11-20 20:57:43
er_65536_1_8.txt,erdos_renyi_10ins_m20,51,SpecAnn,0.8873565094161138,1.0,-17521446.0,-14054657.999999996,0.023705482482910156,0,True,59,65,True,100,32,0.8449740409851074,95.07627868652344,-132204554.89601296,2025-11-20 20:57:43
er_65536_1_8.txt,erdos_renyi_10ins_m20,51,SpecAnn,0.8917822551223932,1.0,-17547910.0,-14317705.999999998,0.02370905876159668,0,True,59,65,True,101,32,0.8406583666801453,92.06010437011719,-127356723.96143678,2025-11-20 20:57:43
er_65536_1_8.txt,erdos_renyi_10ins_m20,51,SpecAnn,0.8961861448935777,1.0,-17604126.000000004,-14552720.000000002,0.02362227439880371,0,True,59,65,True,102,32,0.836147665977478,89.15487670898438,-122675817.85764028,2025-11-20 20:57:43
er_65536_1_8.txt,erdos_renyi_10ins_m20,51,SpecAnn,0.9005684993642872,1.0,-17643288.000000004,-14815718.000000002,0.023642539978027344,0,True,59,65,True,103,32,0.831427276134491,86.35595703125,-118153732.6142613,2025-11-20 20:57:43
er_65536_1_8.txt,erdos_renyi_10ins_m20,51,SpecAnn,0.9049296314052687,1.0,-17677456.0,-15061646.000000002,0.023619413375854492,0,True,59,65,True,104,32,0.8264807462692261,83.65882873535156,-113782480.43956175,2025-11-20 20:57:43
er_65536_1_8.txt,erdos_renyi_10ins_m20,51,SpecAnn,0.9092698463840683,1.0,-17732514.000000004,-15323106.0,0.03477048873901367,0,True,59,97,True,105,32,0.8212920427322388,81.0593032836914,-109554786.82752335,2025-11-20 20:57:43
er_65536_1_8.txt,erdos_renyi_10ins_m20,51,SpecAnn,0.9135894424145555,1.0,-17765406.0,-15497580.0,0.04584050178527832,0,True,59,129,True,106,32,0.8158445954322815,78.55339050292969,-105463760.31021024,2025-11-20 20:57:43
er_65536_1_8.txt,erdos_renyi_10ins_m20,51,SpecAnn,0.9178887105958816,1.0,-17775924.0,-15627203.999999998,0.09105157852172852,0,True,59,257,True,107,32,0.8101198077201843,76.13716125488281,-101502516.04651622,2025-11-20 20:57:43
er_65536_1_8.txt,erdos_renyi_10ins_m20,51,SpecAnn,0.9221679352414079,1.0,-17754702.0,-15557630.0,0.13551759719848633,0,True,59,385,True,108,32,0.8041070103645325,73.80699157714844,-97665736.26569943,2025-11-20 20:57:43
er_65536_1_8.txt,erdos_renyi_10ins_m20,51,SpecAnn,0.9264273940981199,1.0,-17729696.0,-15499496.0,0.06854915618896484,0,True,59,193,True,109,32,0.7978748679161072,71.5594253540039,-93957727.96823476,2025-11-20 20:57:43
er_65536_1_8.txt,erdos_renyi_10ins_m20,51,SpecAnn,0.9306673585570006,1.0,-17688260.0,-15454133.999999998,0.046042680740356445,0,True,59,129,True,110,32,0.7914625406265259,69.39106750488281,-90378433.58012629,2025-11-20 20:57:43
er_65536_1_8.txt,erdos_renyi_10ins_m20,51,SpecAnn,0.9348880938548185,1.0,-17696263.999999996,-15401151.999999996,0.04636716842651367,0,True,59,129,True,111,32,0.7848739624023438,67.29878997802734,-86923669.95334396,2025-11-20 20:57:43
er_65536_1_8.txt,erdos_renyi_10ins_m20,51,SpecAnn,0.9390898592677527,1.0,-17674126.000000004,-15390004.000000002,0.034990787506103516,0,True,59,97,True,112,32,0.7781071662902832,65.2795181274414,-83588634.66415584,2025-11-20 20:57:43
er_65536_1_8.txt,erdos_renyi_10ins_m20,51,SpecAnn,0.9432729082972536,1.0,-17668666.0,-15381161.999999996,0.035860538482666016,0,True,59,97,True,113,32,0.7711578011512756,63.33036804199219,-80368552.18312666,2025-11-20 20:57:43
er_65536_1_8.txt,erdos_renyi_10ins_m20,51,SpecAnn,0.9474374888485205,1.0,-17694828.0,-15365532.0,0.0357666015625,0,True,59,97,True,114,32,0.7640221118927002,61.448577880859375,-77258921.3887331,2025-11-20 20:57:43
er_65536_1_8.txt,erdos_renyi_10ins_m20,51,SpecAnn,0.9515838434019475,1.0,-17665792.0,-15366052.0,0.04651451110839844,0,True,59,129,True,115,32,0.7566961050033569,59.631473541259766,-74255378.50709657,2025-11-20 20:57:43
er_65536_1_8.txt,erdos_renyi_10ins_m20,51,SpecAnn,0.9557122091778746,1.0,-17658594.0,-15361453.999999998,0.02393651008605957,0,True,59,65,True,116,32,0.7491753101348877,57.8765869140625,-71353822.68793592,2025-11-20 20:57:44
er_65536_1_8.txt,erdos_renyi_10ins_m20,51,SpecAnn,0.9598228182949627,1.0,-17672002.0,-15356552.0,0.04630732536315918,0,True,59,129,True,117,32,0.7414554357528687,56.18144607543945,-68550218.4900083,2025-11-20 20:57:44
er_65536_1_8.txt,erdos_renyi_10ins_m20,51,SpecAnn,0.9639158979224881,1.0,-17667282.000000004,-15358132.0,0.023568153381347656,0,True,59,65,True,118,32,0.7335323095321655,54.543785095214844,-65840845.14965604,2025-11-20 20:57:44
er_65536_1_8.txt,erdos_renyi_10ins_m20,51,SpecAnn,0.9679916704268421,1.0,-17677016.0,-15346342.000000002,0.02373218536376953,0,True,59,65,True,119,32,0.7254000306129456,52.961360931396484,-63221905.68136904,2025-11-20 20:57:44
er_65536_1_8.txt,erdos_renyi_10ins_m20,51,SpecAnn,0.9720503535125017,1.0,-17656864.0,-15349092.0,0.024068355560302734,0,True,59,65,True,120,32,0.717055082321167,51.43206024169922,-60690024.97608841,2025-11-20 20:57:44
er_65536_1_8.txt,erdos_renyi_10ins_m20,51,SpecAnn,0.9760921603577252,1.0,-17655496.0,-15345527.999999998,0.024091243743896484,0,True,59,65,True,121,32,0.7084929347038269,49.953887939453125,-58241921.60113312,2025-11-20 20:57:44
er_65536_1_8.txt,erdos_renyi_10ins_m20,51,SpecAnn,0.9801172997452103,1.0,-17629220.0,-15352944.000000004,0.02408909797668457,0,True,59,65,True,122,32,0.6997073292732239,48.52488708496094,-55874266.256317995,2025-11-20 20:57:44
er_65536_1_8.txt,erdos_renyi_10ins_m20,51,SpecAnn,0.9841259761879442,1.0,-17660296.0,-15353195.999999998,0.024045228958129883,0,True,59,65,True,123,32,0.6906943321228027,47.14323043823242,-53584120.567696735,2025-11-20 20:57:44
er_65536_1_8.txt,erdos_renyi_10ins_m20,51,SpecAnn,0.9881183900504562,1.0,-17659456.0,-15353752.000000002,0.02402949333190918,0,True,59,65,True,124,32,0.6814484596252441,45.80710983276367,-51368487.88653998,2025-11-20 20:57:44
er_65536_1_8.txt,erdos_renyi_10ins_m20,51,SpecAnn,0.9920947376656813,1.0,-17641432.000000004,-15346166.000000002,0.03547310829162598,0,True,59,97,True,125,32,0.6719645261764526,44.51485061645508,-49224594.07660041,2025-11-20 20:57:44
er_65536_1_8.txt,erdos_renyi_10ins_m20,51,SpecAnn,0.9960552114476228,1.0,-17644068.0,-15340366.0,0.023681640625,0,True,59,65,True,126,32,0.6622375249862671,43.26483154296875,-47149780.95598978,2025-11-20 20:57:44
er_65536_1_8.txt,erdos_renyi_10ins_m20,51,SpecAnn,1.0,1.0,-17652020.0,-15339185.999999998,0.02379465103149414,0,True,59,65,True,127,32,0.6522613763809204,42.05546188354492,-45141391.9002643,2025-11-20 20:57:44
