==================================
= Job name: SDP_hand_test2       =
= Job id: 3268                   =
= Submitted: 2025-11-16 13:04:17 =
= Ended: 2025-11-16 13:04:21     =
==================================
/home/congp/SpectralAnnealing_revise/utils/data_loader.py:195: UserWarning: Found 2 isolated node(s) at indices [0, 1]. These nodes will be removed as they don't affect the optimization problem. Matrix size reduced from 2 to 0 nodes.
  warnings.warn(

==================================
= Job name: SPONGE_hand_test2    =
= Job id: 3269                   =
= Submitted: 2025-11-16 13:04:17 =
= Ended: 2025-11-16 13:04:21     =
==================================
/home/congp/SpectralAnnealing_revise/utils/data_loader.py:195: UserWarning: Found 2 isolated node(s) at indices [0, 1]. These nodes will be removed as they don't affect the optimization problem. Matrix size reduced from 2 to 0 nodes.
  warnings.warn(
/home/congp/anaconda3/envs/ising-gpu/lib/python3.11/site-packages/signet/cluster.py:584: UserWarning: The problem size 0 minus the constraints size 0 is too small relative to the block size 1. Using a dense eigensolver instead of LOBPCG iterations.No output of the history of the iterations.
  (w, v) = ss.linalg.lobpcg(matrix1, v0, B=matrix2, maxiter=mi, largest=False)
/home/congp/anaconda3/envs/ising-gpu/lib/python3.11/site-packages/signet/cluster.py:584: UserWarning: The problem size 0 minus the constraints size 0 is too small relative to the block size 1. Using a dense eigensolver instead of LOBPCG iterations.No output of the history of the iterations.
  (w, v) = ss.linalg.lobpcg(matrix1, v0, B=matrix2, maxiter=mi, largest=False)
/home/congp/anaconda3/envs/ising-gpu/lib/python3.11/site-packages/signet/cluster.py:584: UserWarning: The problem size 0 minus the constraints size 0 is too small relative to the block size 1. Using a dense eigensolver instead of LOBPCG iterations.No output of the history of the iterations.
  (w, v) = ss.linalg.lobpcg(matrix1, v0, B=matrix2, maxiter=mi, largest=False)
/home/congp/anaconda3/envs/ising-gpu/lib/python3.11/site-packages/signet/cluster.py:584: UserWarning: The problem size 0 minus the constraints size 0 is too small relative to the block size 1. Using a dense eigensolver instead of LOBPCG iterations.No output of the history of the iterations.
  (w, v) = ss.linalg.lobpcg(matrix1, v0, B=matrix2, maxiter=mi, largest=False)
/home/congp/anaconda3/envs/ising-gpu/lib/python3.11/site-packages/signet/cluster.py:584: UserWarning: The problem size 0 minus the constraints size 0 is too small relative to the block size 1. Using a dense eigensolver instead of LOBPCG iterations.No output of the history of the iterations.
  (w, v) = ss.linalg.lobpcg(matrix1, v0, B=matrix2, maxiter=mi, largest=False)
/home/congp/anaconda3/envs/ising-gpu/lib/python3.11/site-packages/signet/cluster.py:584: UserWarning: The problem size 0 minus the constraints size 0 is too small relative to the block size 1. Using a dense eigensolver instead of LOBPCG iterations.No output of the history of the iterations.
  (w, v) = ss.linalg.lobpcg(matrix1, v0, B=matrix2, maxiter=mi, largest=False)
/home/congp/anaconda3/envs/ising-gpu/lib/python3.11/site-packages/signet/cluster.py:584: UserWarning: The problem size 0 minus the constraints size 0 is too small relative to the block size 1. Using a dense eigensolver instead of LOBPCG iterations.No output of the history of the iterations.
  (w, v) = ss.linalg.lobpcg(matrix1, v0, B=matrix2, maxiter=mi, largest=False)
/home/congp/anaconda3/envs/ising-gpu/lib/python3.11/site-packages/signet/cluster.py:584: UserWarning: The problem size 0 minus the constraints size 0 is too small relative to the block size 1. Using a dense eigensolver instead of LOBPCG iterations.No output of the history of the iterations.
  (w, v) = ss.linalg.lobpcg(matrix1, v0, B=matrix2, maxiter=mi, largest=False)
/home/congp/anaconda3/envs/ising-gpu/lib/python3.11/site-packages/signet/cluster.py:584: UserWarning: The problem size 0 minus the constraints size 0 is too small relative to the block size 1. Using a dense eigensolver instead of LOBPCG iterations.No output of the history of the iterations.
  (w, v) = ss.linalg.lobpcg(matrix1, v0, B=matrix2, maxiter=mi, largest=False)
/home/congp/anaconda3/envs/ising-gpu/lib/python3.11/site-packages/signet/cluster.py:584: UserWarning: The problem size 0 minus the constraints size 0 is too small relative to the block size 1. Using a dense eigensolver instead of LOBPCG iterations.No output of the history of the iterations.
  (w, v) = ss.linalg.lobpcg(matrix1, v0, B=matrix2, maxiter=mi, largest=False)
/home/congp/anaconda3/envs/ising-gpu/lib/python3.11/site-packages/signet/cluster.py:584: UserWarning: The problem size 4 minus the constraints size 0 is too small relative to the block size 1. Using a dense eigensolver instead of LOBPCG iterations.No output of the history of the iterations.
  (w, v) = ss.linalg.lobpcg(matrix1, v0, B=matrix2, maxiter=mi, largest=False)
/home/congp/anaconda3/envs/ising-gpu/lib/python3.11/site-packages/signet/cluster.py:584: UserWarning: The problem size 4 minus the constraints size 0 is too small relative to the block size 1. Using a dense eigensolver instead of LOBPCG iterations.No output of the history of the iterations.
  (w, v) = ss.linalg.lobpcg(matrix1, v0, B=matrix2, maxiter=mi, largest=False)
/home/congp/anaconda3/envs/ising-gpu/lib/python3.11/site-packages/signet/cluster.py:584: UserWarning: The problem size 4 minus the constraints size 0 is too small relative to the block size 1. Using a dense eigensolver instead of LOBPCG iterations.No output of the history of the iterations.
  (w, v) = ss.linalg.lobpcg(matrix1, v0, B=matrix2, maxiter=mi, largest=False)
/home/congp/anaconda3/envs/ising-gpu/lib/python3.11/site-packages/signet/cluster.py:584: UserWarning: The problem size 4 minus the constraints size 0 is too small relative to the block size 1. Using a dense eigensolver instead of LOBPCG iterations.No output of the history of the iterations.
  (w, v) = ss.linalg.lobpcg(matrix1, v0, B=matrix2, maxiter=mi, largest=False)
/home/congp/anaconda3/envs/ising-gpu/lib/python3.11/site-packages/signet/cluster.py:584: UserWarning: The problem size 4 minus the constraints size 0 is too small relative to the block size 1. Using a dense eigensolver instead of LOBPCG iterations.No output of the history of the iterations.
  (w, v) = ss.linalg.lobpcg(matrix1, v0, B=matrix2, maxiter=mi, largest=False)
/home/congp/anaconda3/envs/ising-gpu/lib/python3.11/site-packages/signet/cluster.py:584: UserWarning: The problem size 4 minus the constraints size 0 is too small relative to the block size 1. Using a dense eigensolver instead of LOBPCG iterations.No output of the history of the iterations.
  (w, v) = ss.linalg.lobpcg(matrix1, v0, B=matrix2, maxiter=mi, largest=False)
/home/congp/anaconda3/envs/ising-gpu/lib/python3.11/site-packages/signet/cluster.py:584: UserWarning: The problem size 4 minus the constraints size 0 is too small relative to the block size 1. Using a dense eigensolver instead of LOBPCG iterations.No output of the history of the iterations.
  (w, v) = ss.linalg.lobpcg(matrix1, v0, B=matrix2, maxiter=mi, largest=False)
/home/congp/anaconda3/envs/ising-gpu/lib/python3.11/site-packages/signet/cluster.py:584: UserWarning: The problem size 4 minus the constraints size 0 is too small relative to the block size 1. Using a dense eigensolver instead of LOBPCG iterations.No output of the history of the iterations.
  (w, v) = ss.linalg.lobpcg(matrix1, v0, B=matrix2, maxiter=mi, largest=False)
/home/congp/anaconda3/envs/ising-gpu/lib/python3.11/site-packages/signet/cluster.py:584: UserWarning: The problem size 4 minus the constraints size 0 is too small relative to the block size 1. Using a dense eigensolver instead of LOBPCG iterations.No output of the history of the iterations.
  (w, v) = ss.linalg.lobpcg(matrix1, v0, B=matrix2, maxiter=mi, largest=False)
/home/congp/anaconda3/envs/ising-gpu/lib/python3.11/site-packages/signet/cluster.py:584: UserWarning: The problem size 4 minus the constraints size 0 is too small relative to the block size 1. Using a dense eigensolver instead of LOBPCG iterations.No output of the history of the iterations.
  (w, v) = ss.linalg.lobpcg(matrix1, v0, B=matrix2, maxiter=mi, largest=False)
/home/congp/anaconda3/envs/ising-gpu/lib/python3.11/site-packages/signet/cluster.py:584: UserWarning: Exited at iteration 7 with accuracies 
[3.35e-05]
not reaching the requested tolerance 1.043081283569336e-07.
Use iteration 8 instead with accuracy 
3.35075875013797e-05.

  (w, v) = ss.linalg.lobpcg(matrix1, v0, B=matrix2, maxiter=mi, largest=False)
/home/congp/anaconda3/envs/ising-gpu/lib/python3.11/site-packages/signet/cluster.py:584: UserWarning: Exited postprocessing with accuracies 
[3.35e-05]
not reaching the requested tolerance 1.043081283569336e-07.
  (w, v) = ss.linalg.lobpcg(matrix1, v0, B=matrix2, maxiter=mi, largest=False)
/home/congp/anaconda3/envs/ising-gpu/lib/python3.11/site-packages/signet/cluster.py:584: UserWarning: Exited at iteration 7 with accuracies 
[0.]
not reaching the requested tolerance 1.043081283569336e-07.
Use iteration 8 instead with accuracy 
0.00046931629698811.

  (w, v) = ss.linalg.lobpcg(matrix1, v0, B=matrix2, maxiter=mi, largest=False)
/home/congp/anaconda3/envs/ising-gpu/lib/python3.11/site-packages/signet/cluster.py:584: UserWarning: Exited postprocessing with accuracies 
[0.]
not reaching the requested tolerance 1.043081283569336e-07.
  (w, v) = ss.linalg.lobpcg(matrix1, v0, B=matrix2, maxiter=mi, largest=False)
/home/congp/anaconda3/envs/ising-gpu/lib/python3.11/site-packages/signet/cluster.py:584: UserWarning: Exited at iteration 7 with accuracies 
[0.]
not reaching the requested tolerance 1.043081283569336e-07.
Use iteration 8 instead with accuracy 
0.0024580377629676827.

  (w, v) = ss.linalg.lobpcg(matrix1, v0, B=matrix2, maxiter=mi, largest=False)
/home/congp/anaconda3/envs/ising-gpu/lib/python3.11/site-packages/signet/cluster.py:584: UserWarning: Exited postprocessing with accuracies 
[0.]
not reaching the requested tolerance 1.043081283569336e-07.
  (w, v) = ss.linalg.lobpcg(matrix1, v0, B=matrix2, maxiter=mi, largest=False)
/home/congp/anaconda3/envs/ising-gpu/lib/python3.11/site-packages/signet/cluster.py:584: UserWarning: Exited at iteration 7 with accuracies 
[4.95e-05]
not reaching the requested tolerance 1.043081283569336e-07.
Use iteration 8 instead with accuracy 
4.9518368847396544e-05.

  (w, v) = ss.linalg.lobpcg(matrix1, v0, B=matrix2, maxiter=mi, largest=False)
/home/congp/anaconda3/envs/ising-gpu/lib/python3.11/site-packages/signet/cluster.py:584: UserWarning: Exited postprocessing with accuracies 
[4.95e-05]
not reaching the requested tolerance 1.043081283569336e-07.
  (w, v) = ss.linalg.lobpcg(matrix1, v0, B=matrix2, maxiter=mi, largest=False)
/home/congp/anaconda3/envs/ising-gpu/lib/python3.11/site-packages/signet/cluster.py:584: UserWarning: Exited at iteration 7 with accuracies 
[0.]
not reaching the requested tolerance 1.043081283569336e-07.
Use iteration 8 instead with accuracy 
0.000503186906400897.

  (w, v) = ss.linalg.lobpcg(matrix1, v0, B=matrix2, maxiter=mi, largest=False)
/home/congp/anaconda3/envs/ising-gpu/lib/python3.11/site-packages/signet/cluster.py:584: UserWarning: Exited postprocessing with accuracies 
[0.]
not reaching the requested tolerance 1.043081283569336e-07.
  (w, v) = ss.linalg.lobpcg(matrix1, v0, B=matrix2, maxiter=mi, largest=False)
/home/congp/anaconda3/envs/ising-gpu/lib/python3.11/site-packages/signet/cluster.py:584: UserWarning: Exited at iteration 7 with accuracies 
[9.61e-05]
not reaching the requested tolerance 1.043081283569336e-07.
Use iteration 8 instead with accuracy 
9.606293490842791e-05.

  (w, v) = ss.linalg.lobpcg(matrix1, v0, B=matrix2, maxiter=mi, largest=False)
/home/congp/anaconda3/envs/ising-gpu/lib/python3.11/site-packages/signet/cluster.py:584: UserWarning: Exited postprocessing with accuracies 
[9.61e-05]
not reaching the requested tolerance 1.043081283569336e-07.
  (w, v) = ss.linalg.lobpcg(matrix1, v0, B=matrix2, maxiter=mi, largest=False)
/home/congp/anaconda3/envs/ising-gpu/lib/python3.11/site-packages/signet/cluster.py:584: UserWarning: Exited at iteration 7 with accuracies 
[0.]
not reaching the requested tolerance 1.043081283569336e-07.
Use iteration 8 instead with accuracy 
0.0018189095527879995.

  (w, v) = ss.linalg.lobpcg(matrix1, v0, B=matrix2, maxiter=mi, largest=False)
/home/congp/anaconda3/envs/ising-gpu/lib/python3.11/site-packages/signet/cluster.py:584: UserWarning: Exited postprocessing with accuracies 
[0.]
not reaching the requested tolerance 1.043081283569336e-07.
  (w, v) = ss.linalg.lobpcg(matrix1, v0, B=matrix2, maxiter=mi, largest=False)
/home/congp/anaconda3/envs/ising-gpu/lib/python3.11/site-packages/signet/cluster.py:584: UserWarning: Exited at iteration 7 with accuracies 
[7.7e-05]
not reaching the requested tolerance 1.043081283569336e-07.
Use iteration 8 instead with accuracy 
7.703333506591689e-05.

  (w, v) = ss.linalg.lobpcg(matrix1, v0, B=matrix2, maxiter=mi, largest=False)
/home/congp/anaconda3/envs/ising-gpu/lib/python3.11/site-packages/signet/cluster.py:584: UserWarning: Exited postprocessing with accuracies 
[7.7e-05]
not reaching the requested tolerance 1.043081283569336e-07.
  (w, v) = ss.linalg.lobpcg(matrix1, v0, B=matrix2, maxiter=mi, largest=False)
/home/congp/anaconda3/envs/ising-gpu/lib/python3.11/site-packages/signet/cluster.py:584: UserWarning: Exited at iteration 7 with accuracies 
[0.]
not reaching the requested tolerance 1.043081283569336e-07.
Use iteration 8 instead with accuracy 
0.00020062854645578576.

  (w, v) = ss.linalg.lobpcg(matrix1, v0, B=matrix2, maxiter=mi, largest=False)
/home/congp/anaconda3/envs/ising-gpu/lib/python3.11/site-packages/signet/cluster.py:584: UserWarning: Exited postprocessing with accuracies 
[0.]
not reaching the requested tolerance 1.043081283569336e-07.
  (w, v) = ss.linalg.lobpcg(matrix1, v0, B=matrix2, maxiter=mi, largest=False)
/home/congp/anaconda3/envs/ising-gpu/lib/python3.11/site-packages/signet/cluster.py:584: UserWarning: Exited at iteration 7 with accuracies 
[0.]
not reaching the requested tolerance 1.043081283569336e-07.
Use iteration 8 instead with accuracy 
0.0018612066675362236.

  (w, v) = ss.linalg.lobpcg(matrix1, v0, B=matrix2, maxiter=mi, largest=False)
/home/congp/anaconda3/envs/ising-gpu/lib/python3.11/site-packages/signet/cluster.py:584: UserWarning: Exited postprocessing with accuracies 
[0.]
not reaching the requested tolerance 1.043081283569336e-07.
  (w, v) = ss.linalg.lobpcg(matrix1, v0, B=matrix2, maxiter=mi, largest=False)
/home/congp/anaconda3/envs/ising-gpu/lib/python3.11/site-packages/signet/cluster.py:584: UserWarning: Exited at iteration 7 with accuracies 
[0.]
not reaching the requested tolerance 1.043081283569336e-07.
Use iteration 8 instead with accuracy 
0.0020875490082881195.

  (w, v) = ss.linalg.lobpcg(matrix1, v0, B=matrix2, maxiter=mi, largest=False)
/home/congp/anaconda3/envs/ising-gpu/lib/python3.11/site-packages/signet/cluster.py:584: UserWarning: Exited postprocessing with accuracies 
[0.]
not reaching the requested tolerance 1.043081283569336e-07.
  (w, v) = ss.linalg.lobpcg(matrix1, v0, B=matrix2, maxiter=mi, largest=False)
/home/congp/anaconda3/envs/ising-gpu/lib/python3.11/site-packages/signet/cluster.py:584: UserWarning: Exited at iteration 7 with accuracies 
[0.]
not reaching the requested tolerance 1.043081283569336e-07.
Use iteration 8 instead with accuracy 
0.0011506073821538087.

  (w, v) = ss.linalg.lobpcg(matrix1, v0, B=matrix2, maxiter=mi, largest=False)
/home/congp/anaconda3/envs/ising-gpu/lib/python3.11/site-packages/signet/cluster.py:584: UserWarning: Exited postprocessing with accuracies 
[0.]
not reaching the requested tolerance 1.043081283569336e-07.
  (w, v) = ss.linalg.lobpcg(matrix1, v0, B=matrix2, maxiter=mi, largest=False)
/home/congp/anaconda3/envs/ising-gpu/lib/python3.11/site-packages/signet/cluster.py:584: UserWarning: Exited at iteration 7 with accuracies 
[0.]
not reaching the requested tolerance 1.043081283569336e-07.
Use iteration 8 instead with accuracy 
0.0011677197859687447.

  (w, v) = ss.linalg.lobpcg(matrix1, v0, B=matrix2, maxiter=mi, largest=False)
/home/congp/anaconda3/envs/ising-gpu/lib/python3.11/site-packages/signet/cluster.py:584: UserWarning: Exited postprocessing with accuracies 
[0.]
not reaching the requested tolerance 1.043081283569336e-07.
  (w, v) = ss.linalg.lobpcg(matrix1, v0, B=matrix2, maxiter=mi, largest=False)
/home/congp/anaconda3/envs/ising-gpu/lib/python3.11/site-packages/signet/cluster.py:584: UserWarning: Exited at iteration 7 with accuracies 
[6.95e-05]
not reaching the requested tolerance 1.043081283569336e-07.
Use iteration 8 instead with accuracy 
6.95249286784229e-05.

  (w, v) = ss.linalg.lobpcg(matrix1, v0, B=matrix2, maxiter=mi, largest=False)
/home/congp/anaconda3/envs/ising-gpu/lib/python3.11/site-packages/signet/cluster.py:584: UserWarning: Exited postprocessing with accuracies 
[6.95e-05]
not reaching the requested tolerance 1.043081283569336e-07.
  (w, v) = ss.linalg.lobpcg(matrix1, v0, B=matrix2, maxiter=mi, largest=False)
/home/congp/anaconda3/envs/ising-gpu/lib/python3.11/site-packages/signet/cluster.py:584: UserWarning: Exited at iteration 7 with accuracies 
[0.]
not reaching the requested tolerance 1.043081283569336e-07.
Use iteration 8 instead with accuracy 
0.001093796647087143.

  (w, v) = ss.linalg.lobpcg(matrix1, v0, B=matrix2, maxiter=mi, largest=False)
/home/congp/anaconda3/envs/ising-gpu/lib/python3.11/site-packages/signet/cluster.py:584: UserWarning: Exited postprocessing with accuracies 
[0.]
not reaching the requested tolerance 1.043081283569336e-07.
  (w, v) = ss.linalg.lobpcg(matrix1, v0, B=matrix2, maxiter=mi, largest=False)
/home/congp/anaconda3/envs/ising-gpu/lib/python3.11/site-packages/signet/cluster.py:584: UserWarning: Exited at iteration 7 with accuracies 
[0.]
not reaching the requested tolerance 1.043081283569336e-07.
Use iteration 8 instead with accuracy 
0.00017824679127132593.

  (w, v) = ss.linalg.lobpcg(matrix1, v0, B=matrix2, maxiter=mi, largest=False)
/home/congp/anaconda3/envs/ising-gpu/lib/python3.11/site-packages/signet/cluster.py:584: UserWarning: Exited postprocessing with accuracies 
[0.]
not reaching the requested tolerance 1.043081283569336e-07.
  (w, v) = ss.linalg.lobpcg(matrix1, v0, B=matrix2, maxiter=mi, largest=False)
/home/congp/anaconda3/envs/ising-gpu/lib/python3.11/site-packages/signet/cluster.py:584: UserWarning: Exited at iteration 7 with accuracies 
[0.]
not reaching the requested tolerance 1.043081283569336e-07.
Use iteration 8 instead with accuracy 
0.00014603556303302676.

  (w, v) = ss.linalg.lobpcg(matrix1, v0, B=matrix2, maxiter=mi, largest=False)
/home/congp/anaconda3/envs/ising-gpu/lib/python3.11/site-packages/signet/cluster.py:584: UserWarning: Exited postprocessing with accuracies 
[0.]
not reaching the requested tolerance 1.043081283569336e-07.
  (w, v) = ss.linalg.lobpcg(matrix1, v0, B=matrix2, maxiter=mi, largest=False)
/home/congp/anaconda3/envs/ising-gpu/lib/python3.11/site-packages/signet/cluster.py:584: UserWarning: Exited at iteration 7 with accuracies 
[0.]
not reaching the requested tolerance 1.043081283569336e-07.
Use iteration 8 instead with accuracy 
0.00013831500332523686.

  (w, v) = ss.linalg.lobpcg(matrix1, v0, B=matrix2, maxiter=mi, largest=False)
/home/congp/anaconda3/envs/ising-gpu/lib/python3.11/site-packages/signet/cluster.py:584: UserWarning: Exited postprocessing with accuracies 
[0.]
not reaching the requested tolerance 1.043081283569336e-07.
  (w, v) = ss.linalg.lobpcg(matrix1, v0, B=matrix2, maxiter=mi, largest=False)
/home/congp/anaconda3/envs/ising-gpu/lib/python3.11/site-packages/signet/cluster.py:584: UserWarning: Exited at iteration 7 with accuracies 
[6.2e-05]
not reaching the requested tolerance 1.043081283569336e-07.
Use iteration 8 instead with accuracy 
6.202351440503412e-05.

  (w, v) = ss.linalg.lobpcg(matrix1, v0, B=matrix2, maxiter=mi, largest=False)
/home/congp/anaconda3/envs/ising-gpu/lib/python3.11/site-packages/signet/cluster.py:584: UserWarning: Exited postprocessing with accuracies 
[6.2e-05]
not reaching the requested tolerance 1.043081283569336e-07.
  (w, v) = ss.linalg.lobpcg(matrix1, v0, B=matrix2, maxiter=mi, largest=False)
/home/congp/anaconda3/envs/ising-gpu/lib/python3.11/site-packages/signet/cluster.py:584: UserWarning: Exited at iteration 7 with accuracies 
[0.]
not reaching the requested tolerance 1.043081283569336e-07.
Use iteration 8 instead with accuracy 
0.0007935660666182803.

  (w, v) = ss.linalg.lobpcg(matrix1, v0, B=matrix2, maxiter=mi, largest=False)
/home/congp/anaconda3/envs/ising-gpu/lib/python3.11/site-packages/signet/cluster.py:584: UserWarning: Exited postprocessing with accuracies 
[0.]
not reaching the requested tolerance 1.043081283569336e-07.
  (w, v) = ss.linalg.lobpcg(matrix1, v0, B=matrix2, maxiter=mi, largest=False)
/home/congp/anaconda3/envs/ising-gpu/lib/python3.11/site-packages/signet/cluster.py:584: UserWarning: Exited at iteration 7 with accuracies 
[0.]
not reaching the requested tolerance 1.043081283569336e-07.
Use iteration 8 instead with accuracy 
0.002357061086889096.

  (w, v) = ss.linalg.lobpcg(matrix1, v0, B=matrix2, maxiter=mi, largest=False)
/home/congp/anaconda3/envs/ising-gpu/lib/python3.11/site-packages/signet/cluster.py:584: UserWarning: Exited postprocessing with accuracies 
[0.]
not reaching the requested tolerance 1.043081283569336e-07.
  (w, v) = ss.linalg.lobpcg(matrix1, v0, B=matrix2, maxiter=mi, largest=False)
/home/congp/anaconda3/envs/ising-gpu/lib/python3.11/site-packages/signet/cluster.py:584: UserWarning: Exited at iteration 7 with accuracies 
[0.]
not reaching the requested tolerance 1.043081283569336e-07.
Use iteration 8 instead with accuracy 
0.00027152016655894115.

  (w, v) = ss.linalg.lobpcg(matrix1, v0, B=matrix2, maxiter=mi, largest=False)
/home/congp/anaconda3/envs/ising-gpu/lib/python3.11/site-packages/signet/cluster.py:584: UserWarning: Exited postprocessing with accuracies 
[0.]
not reaching the requested tolerance 1.043081283569336e-07.
  (w, v) = ss.linalg.lobpcg(matrix1, v0, B=matrix2, maxiter=mi, largest=False)
/home/congp/anaconda3/envs/ising-gpu/lib/python3.11/site-packages/signet/cluster.py:584: UserWarning: Exited at iteration 7 with accuracies 
[0.01]
not reaching the requested tolerance 1.043081283569336e-07.
Use iteration 8 instead with accuracy 
0.007284419744427188.

  (w, v) = ss.linalg.lobpcg(matrix1, v0, B=matrix2, maxiter=mi, largest=False)
/home/congp/anaconda3/envs/ising-gpu/lib/python3.11/site-packages/signet/cluster.py:584: UserWarning: Exited postprocessing with accuracies 
[0.01]
not reaching the requested tolerance 1.043081283569336e-07.
  (w, v) = ss.linalg.lobpcg(matrix1, v0, B=matrix2, maxiter=mi, largest=False)
/home/congp/anaconda3/envs/ising-gpu/lib/python3.11/site-packages/signet/cluster.py:584: UserWarning: Exited at iteration 7 with accuracies 
[0.]
not reaching the requested tolerance 1.043081283569336e-07.
Use iteration 8 instead with accuracy 
0.0005595315630683827.

  (w, v) = ss.linalg.lobpcg(matrix1, v0, B=matrix2, maxiter=mi, largest=False)
/home/congp/anaconda3/envs/ising-gpu/lib/python3.11/site-packages/signet/cluster.py:584: UserWarning: Exited postprocessing with accuracies 
[0.]
not reaching the requested tolerance 1.043081283569336e-07.
  (w, v) = ss.linalg.lobpcg(matrix1, v0, B=matrix2, maxiter=mi, largest=False)
/home/congp/anaconda3/envs/ising-gpu/lib/python3.11/site-packages/signet/cluster.py:584: UserWarning: Exited at iteration 7 with accuracies 
[0.]
not reaching the requested tolerance 1.043081283569336e-07.
Use iteration 8 instead with accuracy 
0.001282956160979677.

  (w, v) = ss.linalg.lobpcg(matrix1, v0, B=matrix2, maxiter=mi, largest=False)
/home/congp/anaconda3/envs/ising-gpu/lib/python3.11/site-packages/signet/cluster.py:584: UserWarning: Exited postprocessing with accuracies 
[0.]
not reaching the requested tolerance 1.043081283569336e-07.
  (w, v) = ss.linalg.lobpcg(matrix1, v0, B=matrix2, maxiter=mi, largest=False)
/home/congp/anaconda3/envs/ising-gpu/lib/python3.11/site-packages/signet/cluster.py:584: UserWarning: Exited at iteration 7 with accuracies 
[0.]
not reaching the requested tolerance 1.043081283569336e-07.
Use iteration 8 instead with accuracy 
0.00012215688774213233.

  (w, v) = ss.linalg.lobpcg(matrix1, v0, B=matrix2, maxiter=mi, largest=False)
/home/congp/anaconda3/envs/ising-gpu/lib/python3.11/site-packages/signet/cluster.py:584: UserWarning: Exited postprocessing with accuracies 
[0.]
not reaching the requested tolerance 1.043081283569336e-07.
  (w, v) = ss.linalg.lobpcg(matrix1, v0, B=matrix2, maxiter=mi, largest=False)
/home/congp/anaconda3/envs/ising-gpu/lib/python3.11/site-packages/signet/cluster.py:584: UserWarning: Exited at iteration 7 with accuracies 
[0.01]
not reaching the requested tolerance 1.043081283569336e-07.
Use iteration 8 instead with accuracy 
0.010543039025918147.

  (w, v) = ss.linalg.lobpcg(matrix1, v0, B=matrix2, maxiter=mi, largest=False)
/home/congp/anaconda3/envs/ising-gpu/lib/python3.11/site-packages/signet/cluster.py:584: UserWarning: Exited postprocessing with accuracies 
[0.01]
not reaching the requested tolerance 1.043081283569336e-07.
  (w, v) = ss.linalg.lobpcg(matrix1, v0, B=matrix2, maxiter=mi, largest=False)
/home/congp/anaconda3/envs/ising-gpu/lib/python3.11/site-packages/signet/cluster.py:584: UserWarning: Exited at iteration 7 with accuracies 
[0.]
not reaching the requested tolerance 1.043081283569336e-07.
Use iteration 8 instead with accuracy 
0.0005061728122274949.

  (w, v) = ss.linalg.lobpcg(matrix1, v0, B=matrix2, maxiter=mi, largest=False)
/home/congp/anaconda3/envs/ising-gpu/lib/python3.11/site-packages/signet/cluster.py:584: UserWarning: Exited postprocessing with accuracies 
[0.]
not reaching the requested tolerance 1.043081283569336e-07.
  (w, v) = ss.linalg.lobpcg(matrix1, v0, B=matrix2, maxiter=mi, largest=False)
/home/congp/anaconda3/envs/ising-gpu/lib/python3.11/site-packages/signet/cluster.py:584: UserWarning: Exited at iteration 7 with accuracies 
[0.]
not reaching the requested tolerance 1.043081283569336e-07.
Use iteration 8 instead with accuracy 
0.0003015111702620565.

  (w, v) = ss.linalg.lobpcg(matrix1, v0, B=matrix2, maxiter=mi, largest=False)
/home/congp/anaconda3/envs/ising-gpu/lib/python3.11/site-packages/signet/cluster.py:584: UserWarning: Exited postprocessing with accuracies 
[0.]
not reaching the requested tolerance 1.043081283569336e-07.
  (w, v) = ss.linalg.lobpcg(matrix1, v0, B=matrix2, maxiter=mi, largest=False)
/home/congp/anaconda3/envs/ising-gpu/lib/python3.11/site-packages/signet/cluster.py:584: UserWarning: Exited at iteration 7 with accuracies 
[0.]
not reaching the requested tolerance 1.043081283569336e-07.
Use iteration 8 instead with accuracy 
0.0002249623220890523.

  (w, v) = ss.linalg.lobpcg(matrix1, v0, B=matrix2, maxiter=mi, largest=False)
/home/congp/anaconda3/envs/ising-gpu/lib/python3.11/site-packages/signet/cluster.py:584: UserWarning: Exited postprocessing with accuracies 
[0.]
not reaching the requested tolerance 1.043081283569336e-07.
  (w, v) = ss.linalg.lobpcg(matrix1, v0, B=matrix2, maxiter=mi, largest=False)
/home/congp/anaconda3/envs/ising-gpu/lib/python3.11/site-packages/signet/cluster.py:584: UserWarning: Exited at iteration 7 with accuracies 
[0.]
not reaching the requested tolerance 1.043081283569336e-07.
Use iteration 7 instead with accuracy 
0.0016152465015318702.

  (w, v) = ss.linalg.lobpcg(matrix1, v0, B=matrix2, maxiter=mi, largest=False)
/home/congp/anaconda3/envs/ising-gpu/lib/python3.11/site-packages/signet/cluster.py:584: UserWarning: Exited postprocessing with accuracies 
[0.]
not reaching the requested tolerance 1.043081283569336e-07.
  (w, v) = ss.linalg.lobpcg(matrix1, v0, B=matrix2, maxiter=mi, largest=False)
/home/congp/anaconda3/envs/ising-gpu/lib/python3.11/site-packages/signet/cluster.py:584: UserWarning: Exited at iteration 7 with accuracies 
[0.]
not reaching the requested tolerance 1.043081283569336e-07.
Use iteration 8 instead with accuracy 
0.00020095230964911737.

  (w, v) = ss.linalg.lobpcg(matrix1, v0, B=matrix2, maxiter=mi, largest=False)
/home/congp/anaconda3/envs/ising-gpu/lib/python3.11/site-packages/signet/cluster.py:584: UserWarning: Exited postprocessing with accuracies 
[0.]
not reaching the requested tolerance 1.043081283569336e-07.
  (w, v) = ss.linalg.lobpcg(matrix1, v0, B=matrix2, maxiter=mi, largest=False)
/home/congp/anaconda3/envs/ising-gpu/lib/python3.11/site-packages/signet/cluster.py:584: UserWarning: Exited at iteration 7 with accuracies 
[0.]
not reaching the requested tolerance 1.043081283569336e-07.
Use iteration 8 instead with accuracy 
0.0015526907689977086.

  (w, v) = ss.linalg.lobpcg(matrix1, v0, B=matrix2, maxiter=mi, largest=False)
/home/congp/anaconda3/envs/ising-gpu/lib/python3.11/site-packages/signet/cluster.py:584: UserWarning: Exited postprocessing with accuracies 
[0.]
not reaching the requested tolerance 1.043081283569336e-07.
  (w, v) = ss.linalg.lobpcg(matrix1, v0, B=matrix2, maxiter=mi, largest=False)
/home/congp/anaconda3/envs/ising-gpu/lib/python3.11/site-packages/signet/cluster.py:584: UserWarning: Exited at iteration 7 with accuracies 
[6.48e-05]
not reaching the requested tolerance 1.043081283569336e-07.
Use iteration 8 instead with accuracy 
6.475339853808522e-05.

  (w, v) = ss.linalg.lobpcg(matrix1, v0, B=matrix2, maxiter=mi, largest=False)
/home/congp/anaconda3/envs/ising-gpu/lib/python3.11/site-packages/signet/cluster.py:584: UserWarning: Exited postprocessing with accuracies 
[6.48e-05]
not reaching the requested tolerance 1.043081283569336e-07.
  (w, v) = ss.linalg.lobpcg(matrix1, v0, B=matrix2, maxiter=mi, largest=False)
/home/congp/anaconda3/envs/ising-gpu/lib/python3.11/site-packages/signet/cluster.py:584: UserWarning: Exited at iteration 7 with accuracies 
[0.]
not reaching the requested tolerance 1.043081283569336e-07.
Use iteration 7 instead with accuracy 
0.0001831008419583201.

  (w, v) = ss.linalg.lobpcg(matrix1, v0, B=matrix2, maxiter=mi, largest=False)
/home/congp/anaconda3/envs/ising-gpu/lib/python3.11/site-packages/signet/cluster.py:584: UserWarning: Exited postprocessing with accuracies 
[0.]
not reaching the requested tolerance 1.043081283569336e-07.
  (w, v) = ss.linalg.lobpcg(matrix1, v0, B=matrix2, maxiter=mi, largest=False)
/home/congp/anaconda3/envs/ising-gpu/lib/python3.11/site-packages/signet/cluster.py:584: UserWarning: Exited at iteration 7 with accuracies 
[0.]
not reaching the requested tolerance 1.043081283569336e-07.
Use iteration 8 instead with accuracy 
0.00011644291946848538.

  (w, v) = ss.linalg.lobpcg(matrix1, v0, B=matrix2, maxiter=mi, largest=False)
/home/congp/anaconda3/envs/ising-gpu/lib/python3.11/site-packages/signet/cluster.py:584: UserWarning: Exited postprocessing with accuracies 
[0.]
not reaching the requested tolerance 1.043081283569336e-07.
  (w, v) = ss.linalg.lobpcg(matrix1, v0, B=matrix2, maxiter=mi, largest=False)
/home/congp/anaconda3/envs/ising-gpu/lib/python3.11/site-packages/signet/cluster.py:584: UserWarning: Exited at iteration 7 with accuracies 
[0.]
not reaching the requested tolerance 1.043081283569336e-07.
Use iteration 8 instead with accuracy 
0.00019273592675826229.

  (w, v) = ss.linalg.lobpcg(matrix1, v0, B=matrix2, maxiter=mi, largest=False)
/home/congp/anaconda3/envs/ising-gpu/lib/python3.11/site-packages/signet/cluster.py:584: UserWarning: Exited postprocessing with accuracies 
[0.]
not reaching the requested tolerance 1.043081283569336e-07.
  (w, v) = ss.linalg.lobpcg(matrix1, v0, B=matrix2, maxiter=mi, largest=False)
/home/congp/anaconda3/envs/ising-gpu/lib/python3.11/site-packages/signet/cluster.py:584: UserWarning: Exited at iteration 7 with accuracies 
[0.]
not reaching the requested tolerance 1.043081283569336e-07.
Use iteration 8 instead with accuracy 
0.00022177149632395183.

  (w, v) = ss.linalg.lobpcg(matrix1, v0, B=matrix2, maxiter=mi, largest=False)
/home/congp/anaconda3/envs/ising-gpu/lib/python3.11/site-packages/signet/cluster.py:584: UserWarning: Exited postprocessing with accuracies 
[0.]
not reaching the requested tolerance 1.043081283569336e-07.
  (w, v) = ss.linalg.lobpcg(matrix1, v0, B=matrix2, maxiter=mi, largest=False)
/home/congp/anaconda3/envs/ising-gpu/lib/python3.11/site-packages/signet/cluster.py:584: UserWarning: Exited at iteration 7 with accuracies 
[0.]
not reaching the requested tolerance 1.043081283569336e-07.
Use iteration 8 instead with accuracy 
0.0005284889373430367.

  (w, v) = ss.linalg.lobpcg(matrix1, v0, B=matrix2, maxiter=mi, largest=False)
/home/congp/anaconda3/envs/ising-gpu/lib/python3.11/site-packages/signet/cluster.py:584: UserWarning: Exited postprocessing with accuracies 
[0.]
not reaching the requested tolerance 1.043081283569336e-07.
  (w, v) = ss.linalg.lobpcg(matrix1, v0, B=matrix2, maxiter=mi, largest=False)
/home/congp/anaconda3/envs/ising-gpu/lib/python3.11/site-packages/signet/cluster.py:584: UserWarning: Exited at iteration 7 with accuracies 
[0.]
not reaching the requested tolerance 1.043081283569336e-07.
Use iteration 8 instead with accuracy 
0.000712440455913018.

  (w, v) = ss.linalg.lobpcg(matrix1, v0, B=matrix2, maxiter=mi, largest=False)
/home/congp/anaconda3/envs/ising-gpu/lib/python3.11/site-packages/signet/cluster.py:584: UserWarning: Exited postprocessing with accuracies 
[0.]
not reaching the requested tolerance 1.043081283569336e-07.
  (w, v) = ss.linalg.lobpcg(matrix1, v0, B=matrix2, maxiter=mi, largest=False)
/home/congp/anaconda3/envs/ising-gpu/lib/python3.11/site-packages/signet/cluster.py:584: UserWarning: Exited at iteration 7 with accuracies 
[0.]
not reaching the requested tolerance 1.043081283569336e-07.
Use iteration 8 instead with accuracy 
0.0034343737098135236.

  (w, v) = ss.linalg.lobpcg(matrix1, v0, B=matrix2, maxiter=mi, largest=False)
/home/congp/anaconda3/envs/ising-gpu/lib/python3.11/site-packages/signet/cluster.py:584: UserWarning: Exited postprocessing with accuracies 
[0.]
not reaching the requested tolerance 1.043081283569336e-07.
  (w, v) = ss.linalg.lobpcg(matrix1, v0, B=matrix2, maxiter=mi, largest=False)
/home/congp/anaconda3/envs/ising-gpu/lib/python3.11/site-packages/signet/cluster.py:584: UserWarning: Exited at iteration 7 with accuracies 
[0.]
not reaching the requested tolerance 1.043081283569336e-07.
Use iteration 8 instead with accuracy 
0.0010323785415803062.

  (w, v) = ss.linalg.lobpcg(matrix1, v0, B=matrix2, maxiter=mi, largest=False)
/home/congp/anaconda3/envs/ising-gpu/lib/python3.11/site-packages/signet/cluster.py:584: UserWarning: Exited postprocessing with accuracies 
[0.]
not reaching the requested tolerance 1.043081283569336e-07.
  (w, v) = ss.linalg.lobpcg(matrix1, v0, B=matrix2, maxiter=mi, largest=False)
/home/congp/anaconda3/envs/ising-gpu/lib/python3.11/site-packages/signet/cluster.py:584: UserWarning: Exited at iteration 7 with accuracies 
[0.]
not reaching the requested tolerance 1.043081283569336e-07.
Use iteration 8 instead with accuracy 
0.0006654386951049323.

  (w, v) = ss.linalg.lobpcg(matrix1, v0, B=matrix2, maxiter=mi, largest=False)
/home/congp/anaconda3/envs/ising-gpu/lib/python3.11/site-packages/signet/cluster.py:584: UserWarning: Exited postprocessing with accuracies 
[0.]
not reaching the requested tolerance 1.043081283569336e-07.
  (w, v) = ss.linalg.lobpcg(matrix1, v0, B=matrix2, maxiter=mi, largest=False)
/home/congp/anaconda3/envs/ising-gpu/lib/python3.11/site-packages/signet/cluster.py:584: UserWarning: Exited at iteration 7 with accuracies 
[0.]
not reaching the requested tolerance 1.043081283569336e-07.
Use iteration 8 instead with accuracy 
0.00011257103247276428.

  (w, v) = ss.linalg.lobpcg(matrix1, v0, B=matrix2, maxiter=mi, largest=False)
/home/congp/anaconda3/envs/ising-gpu/lib/python3.11/site-packages/signet/cluster.py:584: UserWarning: Exited postprocessing with accuracies 
[0.]
not reaching the requested tolerance 1.043081283569336e-07.
  (w, v) = ss.linalg.lobpcg(matrix1, v0, B=matrix2, maxiter=mi, largest=False)
/home/congp/anaconda3/envs/ising-gpu/lib/python3.11/site-packages/signet/cluster.py:584: UserWarning: Exited at iteration 7 with accuracies 
[2.98e-05]
not reaching the requested tolerance 1.043081283569336e-07.
Use iteration 8 instead with accuracy 
2.979920988651699e-05.

  (w, v) = ss.linalg.lobpcg(matrix1, v0, B=matrix2, maxiter=mi, largest=False)
/home/congp/anaconda3/envs/ising-gpu/lib/python3.11/site-packages/signet/cluster.py:584: UserWarning: Exited postprocessing with accuracies 
[2.98e-05]
not reaching the requested tolerance 1.043081283569336e-07.
  (w, v) = ss.linalg.lobpcg(matrix1, v0, B=matrix2, maxiter=mi, largest=False)
/home/congp/anaconda3/envs/ising-gpu/lib/python3.11/site-packages/signet/cluster.py:584: UserWarning: Exited at iteration 7 with accuracies 
[6.55e-05]
not reaching the requested tolerance 1.043081283569336e-07.
Use iteration 8 instead with accuracy 
6.547653583222657e-05.

  (w, v) = ss.linalg.lobpcg(matrix1, v0, B=matrix2, maxiter=mi, largest=False)
/home/congp/anaconda3/envs/ising-gpu/lib/python3.11/site-packages/signet/cluster.py:584: UserWarning: Exited postprocessing with accuracies 
[6.55e-05]
not reaching the requested tolerance 1.043081283569336e-07.
  (w, v) = ss.linalg.lobpcg(matrix1, v0, B=matrix2, maxiter=mi, largest=False)
/home/congp/anaconda3/envs/ising-gpu/lib/python3.11/site-packages/signet/cluster.py:584: UserWarning: Exited at iteration 7 with accuracies 
[0.]
not reaching the requested tolerance 1.043081283569336e-07.
Use iteration 8 instead with accuracy 
0.0008086770647442596.

  (w, v) = ss.linalg.lobpcg(matrix1, v0, B=matrix2, maxiter=mi, largest=False)
/home/congp/anaconda3/envs/ising-gpu/lib/python3.11/site-packages/signet/cluster.py:584: UserWarning: Exited postprocessing with accuracies 
[0.]
not reaching the requested tolerance 1.043081283569336e-07.
  (w, v) = ss.linalg.lobpcg(matrix1, v0, B=matrix2, maxiter=mi, largest=False)
/home/congp/anaconda3/envs/ising-gpu/lib/python3.11/site-packages/signet/cluster.py:584: UserWarning: Exited at iteration 7 with accuracies 
[0.]
not reaching the requested tolerance 1.043081283569336e-07.
Use iteration 8 instead with accuracy 
0.0001235988976667031.

  (w, v) = ss.linalg.lobpcg(matrix1, v0, B=matrix2, maxiter=mi, largest=False)
/home/congp/anaconda3/envs/ising-gpu/lib/python3.11/site-packages/signet/cluster.py:584: UserWarning: Exited postprocessing with accuracies 
[0.]
not reaching the requested tolerance 1.043081283569336e-07.
  (w, v) = ss.linalg.lobpcg(matrix1, v0, B=matrix2, maxiter=mi, largest=False)
/home/congp/anaconda3/envs/ising-gpu/lib/python3.11/site-packages/signet/cluster.py:584: UserWarning: Exited at iteration 7 with accuracies 
[0.]
not reaching the requested tolerance 1.043081283569336e-07.
Use iteration 8 instead with accuracy 
0.0009723766189992099.

  (w, v) = ss.linalg.lobpcg(matrix1, v0, B=matrix2, maxiter=mi, largest=False)
/home/congp/anaconda3/envs/ising-gpu/lib/python3.11/site-packages/signet/cluster.py:584: UserWarning: Exited postprocessing with accuracies 
[0.]
not reaching the requested tolerance 1.043081283569336e-07.
  (w, v) = ss.linalg.lobpcg(matrix1, v0, B=matrix2, maxiter=mi, largest=False)
/home/congp/anaconda3/envs/ising-gpu/lib/python3.11/site-packages/signet/cluster.py:584: UserWarning: Exited at iteration 7 with accuracies 
[0.01]
not reaching the requested tolerance 1.043081283569336e-07.
Use iteration 8 instead with accuracy 
0.005355843115288348.

  (w, v) = ss.linalg.lobpcg(matrix1, v0, B=matrix2, maxiter=mi, largest=False)
/home/congp/anaconda3/envs/ising-gpu/lib/python3.11/site-packages/signet/cluster.py:584: UserWarning: Exited postprocessing with accuracies 
[0.01]
not reaching the requested tolerance 1.043081283569336e-07.
  (w, v) = ss.linalg.lobpcg(matrix1, v0, B=matrix2, maxiter=mi, largest=False)
/home/congp/anaconda3/envs/ising-gpu/lib/python3.11/site-packages/signet/cluster.py:584: UserWarning: The problem size 4 minus the constraints size 0 is too small relative to the block size 1. Using a dense eigensolver instead of LOBPCG iterations.No output of the history of the iterations.
  (w, v) = ss.linalg.lobpcg(matrix1, v0, B=matrix2, maxiter=mi, largest=False)
/home/congp/anaconda3/envs/ising-gpu/lib/python3.11/site-packages/signet/cluster.py:584: UserWarning: The problem size 4 minus the constraints size 0 is too small relative to the block size 1. Using a dense eigensolver instead of LOBPCG iterations.No output of the history of the iterations.
  (w, v) = ss.linalg.lobpcg(matrix1, v0, B=matrix2, maxiter=mi, largest=False)
/home/congp/anaconda3/envs/ising-gpu/lib/python3.11/site-packages/signet/cluster.py:584: UserWarning: The problem size 4 minus the constraints size 0 is too small relative to the block size 1. Using a dense eigensolver instead of LOBPCG iterations.No output of the history of the iterations.
  (w, v) = ss.linalg.lobpcg(matrix1, v0, B=matrix2, maxiter=mi, largest=False)
/home/congp/anaconda3/envs/ising-gpu/lib/python3.11/site-packages/signet/cluster.py:584: UserWarning: The problem size 4 minus the constraints size 0 is too small relative to the block size 1. Using a dense eigensolver instead of LOBPCG iterations.No output of the history of the iterations.
  (w, v) = ss.linalg.lobpcg(matrix1, v0, B=matrix2, maxiter=mi, largest=False)
/home/congp/anaconda3/envs/ising-gpu/lib/python3.11/site-packages/signet/cluster.py:584: UserWarning: The problem size 4 minus the constraints size 0 is too small relative to the block size 1. Using a dense eigensolver instead of LOBPCG iterations.No output of the history of the iterations.
  (w, v) = ss.linalg.lobpcg(matrix1, v0, B=matrix2, maxiter=mi, largest=False)
/home/congp/anaconda3/envs/ising-gpu/lib/python3.11/site-packages/signet/cluster.py:584: UserWarning: The problem size 4 minus the constraints size 0 is too small relative to the block size 1. Using a dense eigensolver instead of LOBPCG iterations.No output of the history of the iterations.
  (w, v) = ss.linalg.lobpcg(matrix1, v0, B=matrix2, maxiter=mi, largest=False)
/home/congp/anaconda3/envs/ising-gpu/lib/python3.11/site-packages/signet/cluster.py:584: UserWarning: The problem size 4 minus the constraints size 0 is too small relative to the block size 1. Using a dense eigensolver instead of LOBPCG iterations.No output of the history of the iterations.
  (w, v) = ss.linalg.lobpcg(matrix1, v0, B=matrix2, maxiter=mi, largest=False)
/home/congp/anaconda3/envs/ising-gpu/lib/python3.11/site-packages/signet/cluster.py:584: UserWarning: The problem size 4 minus the constraints size 0 is too small relative to the block size 1. Using a dense eigensolver instead of LOBPCG iterations.No output of the history of the iterations.
  (w, v) = ss.linalg.lobpcg(matrix1, v0, B=matrix2, maxiter=mi, largest=False)
/home/congp/anaconda3/envs/ising-gpu/lib/python3.11/site-packages/signet/cluster.py:584: UserWarning: The problem size 4 minus the constraints size 0 is too small relative to the block size 1. Using a dense eigensolver instead of LOBPCG iterations.No output of the history of the iterations.
  (w, v) = ss.linalg.lobpcg(matrix1, v0, B=matrix2, maxiter=mi, largest=False)
/home/congp/anaconda3/envs/ising-gpu/lib/python3.11/site-packages/signet/cluster.py:584: UserWarning: The problem size 4 minus the constraints size 0 is too small relative to the block size 1. Using a dense eigensolver instead of LOBPCG iterations.No output of the history of the iterations.
  (w, v) = ss.linalg.lobpcg(matrix1, v0, B=matrix2, maxiter=mi, largest=False)
/home/congp/anaconda3/envs/ising-gpu/lib/python3.11/site-packages/signet/cluster.py:584: UserWarning: The problem size 3 minus the constraints size 0 is too small relative to the block size 1. Using a dense eigensolver instead of LOBPCG iterations.No output of the history of the iterations.
  (w, v) = ss.linalg.lobpcg(matrix1, v0, B=matrix2, maxiter=mi, largest=False)
/home/congp/anaconda3/envs/ising-gpu/lib/python3.11/site-packages/signet/cluster.py:584: UserWarning: The problem size 3 minus the constraints size 0 is too small relative to the block size 1. Using a dense eigensolver instead of LOBPCG iterations.No output of the history of the iterations.
  (w, v) = ss.linalg.lobpcg(matrix1, v0, B=matrix2, maxiter=mi, largest=False)
/home/congp/anaconda3/envs/ising-gpu/lib/python3.11/site-packages/signet/cluster.py:584: UserWarning: The problem size 3 minus the constraints size 0 is too small relative to the block size 1. Using a dense eigensolver instead of LOBPCG iterations.No output of the history of the iterations.
  (w, v) = ss.linalg.lobpcg(matrix1, v0, B=matrix2, maxiter=mi, largest=False)
/home/congp/anaconda3/envs/ising-gpu/lib/python3.11/site-packages/signet/cluster.py:584: UserWarning: The problem size 3 minus the constraints size 0 is too small relative to the block size 1. Using a dense eigensolver instead of LOBPCG iterations.No output of the history of the iterations.
  (w, v) = ss.linalg.lobpcg(matrix1, v0, B=matrix2, maxiter=mi, largest=False)
/home/congp/anaconda3/envs/ising-gpu/lib/python3.11/site-packages/signet/cluster.py:584: UserWarning: The problem size 3 minus the constraints size 0 is too small relative to the block size 1. Using a dense eigensolver instead of LOBPCG iterations.No output of the history of the iterations.
  (w, v) = ss.linalg.lobpcg(matrix1, v0, B=matrix2, maxiter=mi, largest=False)
/home/congp/anaconda3/envs/ising-gpu/lib/python3.11/site-packages/signet/cluster.py:584: UserWarning: The problem size 3 minus the constraints size 0 is too small relative to the block size 1. Using a dense eigensolver instead of LOBPCG iterations.No output of the history of the iterations.
  (w, v) = ss.linalg.lobpcg(matrix1, v0, B=matrix2, maxiter=mi, largest=False)
/home/congp/anaconda3/envs/ising-gpu/lib/python3.11/site-packages/signet/cluster.py:584: UserWarning: The problem size 3 minus the constraints size 0 is too small relative to the block size 1. Using a dense eigensolver instead of LOBPCG iterations.No output of the history of the iterations.
  (w, v) = ss.linalg.lobpcg(matrix1, v0, B=matrix2, maxiter=mi, largest=False)
/home/congp/anaconda3/envs/ising-gpu/lib/python3.11/site-packages/signet/cluster.py:584: UserWarning: The problem size 3 minus the constraints size 0 is too small relative to the block size 1. Using a dense eigensolver instead of LOBPCG iterations.No output of the history of the iterations.
  (w, v) = ss.linalg.lobpcg(matrix1, v0, B=matrix2, maxiter=mi, largest=False)
/home/congp/anaconda3/envs/ising-gpu/lib/python3.11/site-packages/signet/cluster.py:584: UserWarning: The problem size 3 minus the constraints size 0 is too small relative to the block size 1. Using a dense eigensolver instead of LOBPCG iterations.No output of the history of the iterations.
  (w, v) = ss.linalg.lobpcg(matrix1, v0, B=matrix2, maxiter=mi, largest=False)
/home/congp/anaconda3/envs/ising-gpu/lib/python3.11/site-packages/signet/cluster.py:584: UserWarning: The problem size 3 minus the constraints size 0 is too small relative to the block size 1. Using a dense eigensolver instead of LOBPCG iterations.No output of the history of the iterations.
  (w, v) = ss.linalg.lobpcg(matrix1, v0, B=matrix2, maxiter=mi, largest=False)
/home/congp/anaconda3/envs/ising-gpu/lib/python3.11/site-packages/signet/cluster.py:584: UserWarning: The problem size 3 minus the constraints size 0 is too small relative to the block size 1. Using a dense eigensolver instead of LOBPCG iterations.No output of the history of the iterations.
  (w, v) = ss.linalg.lobpcg(matrix1, v0, B=matrix2, maxiter=mi, largest=False)
/home/congp/anaconda3/envs/ising-gpu/lib/python3.11/site-packages/signet/cluster.py:584: UserWarning: The problem size 3 minus the constraints size 0 is too small relative to the block size 1. Using a dense eigensolver instead of LOBPCG iterations.No output of the history of the iterations.
  (w, v) = ss.linalg.lobpcg(matrix1, v0, B=matrix2, maxiter=mi, largest=False)
/home/congp/anaconda3/envs/ising-gpu/lib/python3.11/site-packages/signet/cluster.py:584: UserWarning: The problem size 3 minus the constraints size 0 is too small relative to the block size 1. Using a dense eigensolver instead of LOBPCG iterations.No output of the history of the iterations.
  (w, v) = ss.linalg.lobpcg(matrix1, v0, B=matrix2, maxiter=mi, largest=False)
/home/congp/anaconda3/envs/ising-gpu/lib/python3.11/site-packages/signet/cluster.py:584: UserWarning: The problem size 3 minus the constraints size 0 is too small relative to the block size 1. Using a dense eigensolver instead of LOBPCG iterations.No output of the history of the iterations.
  (w, v) = ss.linalg.lobpcg(matrix1, v0, B=matrix2, maxiter=mi, largest=False)
/home/congp/anaconda3/envs/ising-gpu/lib/python3.11/site-packages/signet/cluster.py:584: UserWarning: The problem size 3 minus the constraints size 0 is too small relative to the block size 1. Using a dense eigensolver instead of LOBPCG iterations.No output of the history of the iterations.
  (w, v) = ss.linalg.lobpcg(matrix1, v0, B=matrix2, maxiter=mi, largest=False)
/home/congp/anaconda3/envs/ising-gpu/lib/python3.11/site-packages/signet/cluster.py:584: UserWarning: The problem size 3 minus the constraints size 0 is too small relative to the block size 1. Using a dense eigensolver instead of LOBPCG iterations.No output of the history of the iterations.
  (w, v) = ss.linalg.lobpcg(matrix1, v0, B=matrix2, maxiter=mi, largest=False)
/home/congp/anaconda3/envs/ising-gpu/lib/python3.11/site-packages/signet/cluster.py:584: UserWarning: The problem size 3 minus the constraints size 0 is too small relative to the block size 1. Using a dense eigensolver instead of LOBPCG iterations.No output of the history of the iterations.
  (w, v) = ss.linalg.lobpcg(matrix1, v0, B=matrix2, maxiter=mi, largest=False)
/home/congp/anaconda3/envs/ising-gpu/lib/python3.11/site-packages/signet/cluster.py:584: UserWarning: The problem size 3 minus the constraints size 0 is too small relative to the block size 1. Using a dense eigensolver instead of LOBPCG iterations.No output of the history of the iterations.
  (w, v) = ss.linalg.lobpcg(matrix1, v0, B=matrix2, maxiter=mi, largest=False)
/home/congp/anaconda3/envs/ising-gpu/lib/python3.11/site-packages/signet/cluster.py:584: UserWarning: The problem size 3 minus the constraints size 0 is too small relative to the block size 1. Using a dense eigensolver instead of LOBPCG iterations.No output of the history of the iterations.
  (w, v) = ss.linalg.lobpcg(matrix1, v0, B=matrix2, maxiter=mi, largest=False)
/home/congp/anaconda3/envs/ising-gpu/lib/python3.11/site-packages/signet/cluster.py:584: UserWarning: The problem size 3 minus the constraints size 0 is too small relative to the block size 1. Using a dense eigensolver instead of LOBPCG iterations.No output of the history of the iterations.
  (w, v) = ss.linalg.lobpcg(matrix1, v0, B=matrix2, maxiter=mi, largest=False)
/home/congp/anaconda3/envs/ising-gpu/lib/python3.11/site-packages/signet/cluster.py:584: UserWarning: The problem size 3 minus the constraints size 0 is too small relative to the block size 1. Using a dense eigensolver instead of LOBPCG iterations.No output of the history of the iterations.
  (w, v) = ss.linalg.lobpcg(matrix1, v0, B=matrix2, maxiter=mi, largest=False)
/home/congp/anaconda3/envs/ising-gpu/lib/python3.11/site-packages/signet/cluster.py:584: UserWarning: The problem size 3 minus the constraints size 0 is too small relative to the block size 1. Using a dense eigensolver instead of LOBPCG iterations.No output of the history of the iterations.
  (w, v) = ss.linalg.lobpcg(matrix1, v0, B=matrix2, maxiter=mi, largest=False)
/home/congp/anaconda3/envs/ising-gpu/lib/python3.11/site-packages/signet/cluster.py:584: UserWarning: The problem size 3 minus the constraints size 0 is too small relative to the block size 1. Using a dense eigensolver instead of LOBPCG iterations.No output of the history of the iterations.
  (w, v) = ss.linalg.lobpcg(matrix1, v0, B=matrix2, maxiter=mi, largest=False)
/home/congp/anaconda3/envs/ising-gpu/lib/python3.11/site-packages/signet/cluster.py:584: UserWarning: The problem size 3 minus the constraints size 0 is too small relative to the block size 1. Using a dense eigensolver instead of LOBPCG iterations.No output of the history of the iterations.
  (w, v) = ss.linalg.lobpcg(matrix1, v0, B=matrix2, maxiter=mi, largest=False)
/home/congp/anaconda3/envs/ising-gpu/lib/python3.11/site-packages/signet/cluster.py:584: UserWarning: The problem size 3 minus the constraints size 0 is too small relative to the block size 1. Using a dense eigensolver instead of LOBPCG iterations.No output of the history of the iterations.
  (w, v) = ss.linalg.lobpcg(matrix1, v0, B=matrix2, maxiter=mi, largest=False)
/home/congp/anaconda3/envs/ising-gpu/lib/python3.11/site-packages/signet/cluster.py:584: UserWarning: The problem size 3 minus the constraints size 0 is too small relative to the block size 1. Using a dense eigensolver instead of LOBPCG iterations.No output of the history of the iterations.
  (w, v) = ss.linalg.lobpcg(matrix1, v0, B=matrix2, maxiter=mi, largest=False)
/home/congp/anaconda3/envs/ising-gpu/lib/python3.11/site-packages/signet/cluster.py:584: UserWarning: The problem size 3 minus the constraints size 0 is too small relative to the block size 1. Using a dense eigensolver instead of LOBPCG iterations.No output of the history of the iterations.
  (w, v) = ss.linalg.lobpcg(matrix1, v0, B=matrix2, maxiter=mi, largest=False)
/home/congp/anaconda3/envs/ising-gpu/lib/python3.11/site-packages/signet/cluster.py:584: UserWarning: The problem size 3 minus the constraints size 0 is too small relative to the block size 1. Using a dense eigensolver instead of LOBPCG iterations.No output of the history of the iterations.
  (w, v) = ss.linalg.lobpcg(matrix1, v0, B=matrix2, maxiter=mi, largest=False)
/home/congp/anaconda3/envs/ising-gpu/lib/python3.11/site-packages/signet/cluster.py:584: UserWarning: The problem size 3 minus the constraints size 0 is too small relative to the block size 1. Using a dense eigensolver instead of LOBPCG iterations.No output of the history of the iterations.
  (w, v) = ss.linalg.lobpcg(matrix1, v0, B=matrix2, maxiter=mi, largest=False)
/home/congp/anaconda3/envs/ising-gpu/lib/python3.11/site-packages/signet/cluster.py:584: UserWarning: The problem size 3 minus the constraints size 0 is too small relative to the block size 1. Using a dense eigensolver instead of LOBPCG iterations.No output of the history of the iterations.
  (w, v) = ss.linalg.lobpcg(matrix1, v0, B=matrix2, maxiter=mi, largest=False)
/home/congp/anaconda3/envs/ising-gpu/lib/python3.11/site-packages/signet/cluster.py:584: UserWarning: The problem size 4 minus the constraints size 0 is too small relative to the block size 1. Using a dense eigensolver instead of LOBPCG iterations.No output of the history of the iterations.
  (w, v) = ss.linalg.lobpcg(matrix1, v0, B=matrix2, maxiter=mi, largest=False)
/home/congp/anaconda3/envs/ising-gpu/lib/python3.11/site-packages/signet/cluster.py:584: UserWarning: The problem size 4 minus the constraints size 0 is too small relative to the block size 1. Using a dense eigensolver instead of LOBPCG iterations.No output of the history of the iterations.
  (w, v) = ss.linalg.lobpcg(matrix1, v0, B=matrix2, maxiter=mi, largest=False)
/home/congp/anaconda3/envs/ising-gpu/lib/python3.11/site-packages/signet/cluster.py:584: UserWarning: The problem size 4 minus the constraints size 0 is too small relative to the block size 1. Using a dense eigensolver instead of LOBPCG iterations.No output of the history of the iterations.
  (w, v) = ss.linalg.lobpcg(matrix1, v0, B=matrix2, maxiter=mi, largest=False)
/home/congp/anaconda3/envs/ising-gpu/lib/python3.11/site-packages/signet/cluster.py:584: UserWarning: The problem size 4 minus the constraints size 0 is too small relative to the block size 1. Using a dense eigensolver instead of LOBPCG iterations.No output of the history of the iterations.
  (w, v) = ss.linalg.lobpcg(matrix1, v0, B=matrix2, maxiter=mi, largest=False)
/home/congp/anaconda3/envs/ising-gpu/lib/python3.11/site-packages/signet/cluster.py:584: UserWarning: The problem size 4 minus the constraints size 0 is too small relative to the block size 1. Using a dense eigensolver instead of LOBPCG iterations.No output of the history of the iterations.
  (w, v) = ss.linalg.lobpcg(matrix1, v0, B=matrix2, maxiter=mi, largest=False)
/home/congp/anaconda3/envs/ising-gpu/lib/python3.11/site-packages/signet/cluster.py:584: UserWarning: The problem size 4 minus the constraints size 0 is too small relative to the block size 1. Using a dense eigensolver instead of LOBPCG iterations.No output of the history of the iterations.
  (w, v) = ss.linalg.lobpcg(matrix1, v0, B=matrix2, maxiter=mi, largest=False)
/home/congp/anaconda3/envs/ising-gpu/lib/python3.11/site-packages/signet/cluster.py:584: UserWarning: The problem size 4 minus the constraints size 0 is too small relative to the block size 1. Using a dense eigensolver instead of LOBPCG iterations.No output of the history of the iterations.
  (w, v) = ss.linalg.lobpcg(matrix1, v0, B=matrix2, maxiter=mi, largest=False)
/home/congp/anaconda3/envs/ising-gpu/lib/python3.11/site-packages/signet/cluster.py:584: UserWarning: The problem size 4 minus the constraints size 0 is too small relative to the block size 1. Using a dense eigensolver instead of LOBPCG iterations.No output of the history of the iterations.
  (w, v) = ss.linalg.lobpcg(matrix1, v0, B=matrix2, maxiter=mi, largest=False)
/home/congp/anaconda3/envs/ising-gpu/lib/python3.11/site-packages/signet/cluster.py:584: UserWarning: The problem size 4 minus the constraints size 0 is too small relative to the block size 1. Using a dense eigensolver instead of LOBPCG iterations.No output of the history of the iterations.
  (w, v) = ss.linalg.lobpcg(matrix1, v0, B=matrix2, maxiter=mi, largest=False)
/home/congp/anaconda3/envs/ising-gpu/lib/python3.11/site-packages/signet/cluster.py:584: UserWarning: The problem size 4 minus the constraints size 0 is too small relative to the block size 1. Using a dense eigensolver instead of LOBPCG iterations.No output of the history of the iterations.
  (w, v) = ss.linalg.lobpcg(matrix1, v0, B=matrix2, maxiter=mi, largest=False)
/home/congp/anaconda3/envs/ising-gpu/lib/python3.11/site-packages/signet/cluster.py:584: UserWarning: The problem size 4 minus the constraints size 0 is too small relative to the block size 1. Using a dense eigensolver instead of LOBPCG iterations.No output of the history of the iterations.
  (w, v) = ss.linalg.lobpcg(matrix1, v0, B=matrix2, maxiter=mi, largest=False)
/home/congp/anaconda3/envs/ising-gpu/lib/python3.11/site-packages/signet/cluster.py:584: UserWarning: The problem size 4 minus the constraints size 0 is too small relative to the block size 1. Using a dense eigensolver instead of LOBPCG iterations.No output of the history of the iterations.
  (w, v) = ss.linalg.lobpcg(matrix1, v0, B=matrix2, maxiter=mi, largest=False)
/home/congp/anaconda3/envs/ising-gpu/lib/python3.11/site-packages/signet/cluster.py:584: UserWarning: The problem size 4 minus the constraints size 0 is too small relative to the block size 1. Using a dense eigensolver instead of LOBPCG iterations.No output of the history of the iterations.
  (w, v) = ss.linalg.lobpcg(matrix1, v0, B=matrix2, maxiter=mi, largest=False)
/home/congp/anaconda3/envs/ising-gpu/lib/python3.11/site-packages/signet/cluster.py:584: UserWarning: The problem size 4 minus the constraints size 0 is too small relative to the block size 1. Using a dense eigensolver instead of LOBPCG iterations.No output of the history of the iterations.
  (w, v) = ss.linalg.lobpcg(matrix1, v0, B=matrix2, maxiter=mi, largest=False)
/home/congp/anaconda3/envs/ising-gpu/lib/python3.11/site-packages/signet/cluster.py:584: UserWarning: The problem size 4 minus the constraints size 0 is too small relative to the block size 1. Using a dense eigensolver instead of LOBPCG iterations.No output of the history of the iterations.
  (w, v) = ss.linalg.lobpcg(matrix1, v0, B=matrix2, maxiter=mi, largest=False)
/home/congp/anaconda3/envs/ising-gpu/lib/python3.11/site-packages/signet/cluster.py:584: UserWarning: The problem size 4 minus the constraints size 0 is too small relative to the block size 1. Using a dense eigensolver instead of LOBPCG iterations.No output of the history of the iterations.
  (w, v) = ss.linalg.lobpcg(matrix1, v0, B=matrix2, maxiter=mi, largest=False)
/home/congp/anaconda3/envs/ising-gpu/lib/python3.11/site-packages/signet/cluster.py:584: UserWarning: The problem size 4 minus the constraints size 0 is too small relative to the block size 1. Using a dense eigensolver instead of LOBPCG iterations.No output of the history of the iterations.
  (w, v) = ss.linalg.lobpcg(matrix1, v0, B=matrix2, maxiter=mi, largest=False)
/home/congp/anaconda3/envs/ising-gpu/lib/python3.11/site-packages/signet/cluster.py:584: UserWarning: The problem size 4 minus the constraints size 0 is too small relative to the block size 1. Using a dense eigensolver instead of LOBPCG iterations.No output of the history of the iterations.
  (w, v) = ss.linalg.lobpcg(matrix1, v0, B=matrix2, maxiter=mi, largest=False)
/home/congp/anaconda3/envs/ising-gpu/lib/python3.11/site-packages/signet/cluster.py:584: UserWarning: The problem size 4 minus the constraints size 0 is too small relative to the block size 1. Using a dense eigensolver instead of LOBPCG iterations.No output of the history of the iterations.
  (w, v) = ss.linalg.lobpcg(matrix1, v0, B=matrix2, maxiter=mi, largest=False)
/home/congp/anaconda3/envs/ising-gpu/lib/python3.11/site-packages/signet/cluster.py:584: UserWarning: The problem size 4 minus the constraints size 0 is too small relative to the block size 1. Using a dense eigensolver instead of LOBPCG iterations.No output of the history of the iterations.
  (w, v) = ss.linalg.lobpcg(matrix1, v0, B=matrix2, maxiter=mi, largest=False)
/home/congp/anaconda3/envs/ising-gpu/lib/python3.11/site-packages/signet/cluster.py:584: UserWarning: The problem size 4 minus the constraints size 0 is too small relative to the block size 1. Using a dense eigensolver instead of LOBPCG iterations.No output of the history of the iterations.
  (w, v) = ss.linalg.lobpcg(matrix1, v0, B=matrix2, maxiter=mi, largest=False)
/home/congp/anaconda3/envs/ising-gpu/lib/python3.11/site-packages/signet/cluster.py:584: UserWarning: The problem size 4 minus the constraints size 0 is too small relative to the block size 1. Using a dense eigensolver instead of LOBPCG iterations.No output of the history of the iterations.
  (w, v) = ss.linalg.lobpcg(matrix1, v0, B=matrix2, maxiter=mi, largest=False)
/home/congp/anaconda3/envs/ising-gpu/lib/python3.11/site-packages/signet/cluster.py:584: UserWarning: The problem size 4 minus the constraints size 0 is too small relative to the block size 1. Using a dense eigensolver instead of LOBPCG iterations.No output of the history of the iterations.
  (w, v) = ss.linalg.lobpcg(matrix1, v0, B=matrix2, maxiter=mi, largest=False)
/home/congp/anaconda3/envs/ising-gpu/lib/python3.11/site-packages/signet/cluster.py:584: UserWarning: The problem size 4 minus the constraints size 0 is too small relative to the block size 1. Using a dense eigensolver instead of LOBPCG iterations.No output of the history of the iterations.
  (w, v) = ss.linalg.lobpcg(matrix1, v0, B=matrix2, maxiter=mi, largest=False)
/home/congp/anaconda3/envs/ising-gpu/lib/python3.11/site-packages/signet/cluster.py:584: UserWarning: The problem size 4 minus the constraints size 0 is too small relative to the block size 1. Using a dense eigensolver instead of LOBPCG iterations.No output of the history of the iterations.
  (w, v) = ss.linalg.lobpcg(matrix1, v0, B=matrix2, maxiter=mi, largest=False)
/home/congp/anaconda3/envs/ising-gpu/lib/python3.11/site-packages/signet/cluster.py:584: UserWarning: The problem size 4 minus the constraints size 0 is too small relative to the block size 1. Using a dense eigensolver instead of LOBPCG iterations.No output of the history of the iterations.
  (w, v) = ss.linalg.lobpcg(matrix1, v0, B=matrix2, maxiter=mi, largest=False)
/home/congp/anaconda3/envs/ising-gpu/lib/python3.11/site-packages/signet/cluster.py:584: UserWarning: The problem size 4 minus the constraints size 0 is too small relative to the block size 1. Using a dense eigensolver instead of LOBPCG iterations.No output of the history of the iterations.
  (w, v) = ss.linalg.lobpcg(matrix1, v0, B=matrix2, maxiter=mi, largest=False)
/home/congp/anaconda3/envs/ising-gpu/lib/python3.11/site-packages/signet/cluster.py:584: UserWarning: The problem size 4 minus the constraints size 0 is too small relative to the block size 1. Using a dense eigensolver instead of LOBPCG iterations.No output of the history of the iterations.
  (w, v) = ss.linalg.lobpcg(matrix1, v0, B=matrix2, maxiter=mi, largest=False)
/home/congp/anaconda3/envs/ising-gpu/lib/python3.11/site-packages/signet/cluster.py:584: UserWarning: The problem size 4 minus the constraints size 0 is too small relative to the block size 1. Using a dense eigensolver instead of LOBPCG iterations.No output of the history of the iterations.
  (w, v) = ss.linalg.lobpcg(matrix1, v0, B=matrix2, maxiter=mi, largest=False)
/home/congp/anaconda3/envs/ising-gpu/lib/python3.11/site-packages/signet/cluster.py:584: UserWarning: The problem size 4 minus the constraints size 0 is too small relative to the block size 1. Using a dense eigensolver instead of LOBPCG iterations.No output of the history of the iterations.
  (w, v) = ss.linalg.lobpcg(matrix1, v0, B=matrix2, maxiter=mi, largest=False)
/home/congp/anaconda3/envs/ising-gpu/lib/python3.11/site-packages/signet/cluster.py:584: UserWarning: The problem size 4 minus the constraints size 0 is too small relative to the block size 1. Using a dense eigensolver instead of LOBPCG iterations.No output of the history of the iterations.
  (w, v) = ss.linalg.lobpcg(matrix1, v0, B=matrix2, maxiter=mi, largest=False)
/home/congp/anaconda3/envs/ising-gpu/lib/python3.11/site-packages/signet/cluster.py:584: UserWarning: The problem size 4 minus the constraints size 0 is too small relative to the block size 1. Using a dense eigensolver instead of LOBPCG iterations.No output of the history of the iterations.
  (w, v) = ss.linalg.lobpcg(matrix1, v0, B=matrix2, maxiter=mi, largest=False)
/home/congp/anaconda3/envs/ising-gpu/lib/python3.11/site-packages/signet/cluster.py:584: UserWarning: The problem size 4 minus the constraints size 0 is too small relative to the block size 1. Using a dense eigensolver instead of LOBPCG iterations.No output of the history of the iterations.
  (w, v) = ss.linalg.lobpcg(matrix1, v0, B=matrix2, maxiter=mi, largest=False)
/home/congp/anaconda3/envs/ising-gpu/lib/python3.11/site-packages/signet/cluster.py:584: UserWarning: The problem size 4 minus the constraints size 0 is too small relative to the block size 1. Using a dense eigensolver instead of LOBPCG iterations.No output of the history of the iterations.
  (w, v) = ss.linalg.lobpcg(matrix1, v0, B=matrix2, maxiter=mi, largest=False)
/home/congp/anaconda3/envs/ising-gpu/lib/python3.11/site-packages/signet/cluster.py:584: UserWarning: The problem size 4 minus the constraints size 0 is too small relative to the block size 1. Using a dense eigensolver instead of LOBPCG iterations.No output of the history of the iterations.
  (w, v) = ss.linalg.lobpcg(matrix1, v0, B=matrix2, maxiter=mi, largest=False)
/home/congp/anaconda3/envs/ising-gpu/lib/python3.11/site-packages/signet/cluster.py:584: UserWarning: The problem size 4 minus the constraints size 0 is too small relative to the block size 1. Using a dense eigensolver instead of LOBPCG iterations.No output of the history of the iterations.
  (w, v) = ss.linalg.lobpcg(matrix1, v0, B=matrix2, maxiter=mi, largest=False)
/home/congp/anaconda3/envs/ising-gpu/lib/python3.11/site-packages/signet/cluster.py:584: UserWarning: The problem size 4 minus the constraints size 0 is too small relative to the block size 1. Using a dense eigensolver instead of LOBPCG iterations.No output of the history of the iterations.
  (w, v) = ss.linalg.lobpcg(matrix1, v0, B=matrix2, maxiter=mi, largest=False)
/home/congp/anaconda3/envs/ising-gpu/lib/python3.11/site-packages/signet/cluster.py:584: UserWarning: The problem size 4 minus the constraints size 0 is too small relative to the block size 1. Using a dense eigensolver instead of LOBPCG iterations.No output of the history of the iterations.
  (w, v) = ss.linalg.lobpcg(matrix1, v0, B=matrix2, maxiter=mi, largest=False)
/home/congp/anaconda3/envs/ising-gpu/lib/python3.11/site-packages/signet/cluster.py:584: UserWarning: The problem size 4 minus the constraints size 0 is too small relative to the block size 1. Using a dense eigensolver instead of LOBPCG iterations.No output of the history of the iterations.
  (w, v) = ss.linalg.lobpcg(matrix1, v0, B=matrix2, maxiter=mi, largest=False)
/home/congp/anaconda3/envs/ising-gpu/lib/python3.11/site-packages/signet/cluster.py:584: UserWarning: The problem size 4 minus the constraints size 0 is too small relative to the block size 1. Using a dense eigensolver instead of LOBPCG iterations.No output of the history of the iterations.
  (w, v) = ss.linalg.lobpcg(matrix1, v0, B=matrix2, maxiter=mi, largest=False)
/home/congp/anaconda3/envs/ising-gpu/lib/python3.11/site-packages/signet/cluster.py:584: UserWarning: The problem size 4 minus the constraints size 0 is too small relative to the block size 1. Using a dense eigensolver instead of LOBPCG iterations.No output of the history of the iterations.
  (w, v) = ss.linalg.lobpcg(matrix1, v0, B=matrix2, maxiter=mi, largest=False)
/home/congp/anaconda3/envs/ising-gpu/lib/python3.11/site-packages/signet/cluster.py:584: UserWarning: The problem size 4 minus the constraints size 0 is too small relative to the block size 1. Using a dense eigensolver instead of LOBPCG iterations.No output of the history of the iterations.
  (w, v) = ss.linalg.lobpcg(matrix1, v0, B=matrix2, maxiter=mi, largest=False)
/home/congp/anaconda3/envs/ising-gpu/lib/python3.11/site-packages/signet/cluster.py:584: UserWarning: The problem size 4 minus the constraints size 0 is too small relative to the block size 1. Using a dense eigensolver instead of LOBPCG iterations.No output of the history of the iterations.
  (w, v) = ss.linalg.lobpcg(matrix1, v0, B=matrix2, maxiter=mi, largest=False)
/home/congp/anaconda3/envs/ising-gpu/lib/python3.11/site-packages/signet/cluster.py:584: UserWarning: The problem size 4 minus the constraints size 0 is too small relative to the block size 1. Using a dense eigensolver instead of LOBPCG iterations.No output of the history of the iterations.
  (w, v) = ss.linalg.lobpcg(matrix1, v0, B=matrix2, maxiter=mi, largest=False)
/home/congp/anaconda3/envs/ising-gpu/lib/python3.11/site-packages/signet/cluster.py:584: UserWarning: The problem size 4 minus the constraints size 0 is too small relative to the block size 1. Using a dense eigensolver instead of LOBPCG iterations.No output of the history of the iterations.
  (w, v) = ss.linalg.lobpcg(matrix1, v0, B=matrix2, maxiter=mi, largest=False)
/home/congp/anaconda3/envs/ising-gpu/lib/python3.11/site-packages/signet/cluster.py:584: UserWarning: The problem size 4 minus the constraints size 0 is too small relative to the block size 1. Using a dense eigensolver instead of LOBPCG iterations.No output of the history of the iterations.
  (w, v) = ss.linalg.lobpcg(matrix1, v0, B=matrix2, maxiter=mi, largest=False)
/home/congp/anaconda3/envs/ising-gpu/lib/python3.11/site-packages/signet/cluster.py:584: UserWarning: The problem size 4 minus the constraints size 0 is too small relative to the block size 1. Using a dense eigensolver instead of LOBPCG iterations.No output of the history of the iterations.
  (w, v) = ss.linalg.lobpcg(matrix1, v0, B=matrix2, maxiter=mi, largest=False)
/home/congp/anaconda3/envs/ising-gpu/lib/python3.11/site-packages/signet/cluster.py:584: UserWarning: The problem size 4 minus the constraints size 0 is too small relative to the block size 1. Using a dense eigensolver instead of LOBPCG iterations.No output of the history of the iterations.
  (w, v) = ss.linalg.lobpcg(matrix1, v0, B=matrix2, maxiter=mi, largest=False)
/home/congp/anaconda3/envs/ising-gpu/lib/python3.11/site-packages/signet/cluster.py:584: UserWarning: The problem size 4 minus the constraints size 0 is too small relative to the block size 1. Using a dense eigensolver instead of LOBPCG iterations.No output of the history of the iterations.
  (w, v) = ss.linalg.lobpcg(matrix1, v0, B=matrix2, maxiter=mi, largest=False)
/home/congp/anaconda3/envs/ising-gpu/lib/python3.11/site-packages/signet/cluster.py:584: UserWarning: The problem size 4 minus the constraints size 0 is too small relative to the block size 1. Using a dense eigensolver instead of LOBPCG iterations.No output of the history of the iterations.
  (w, v) = ss.linalg.lobpcg(matrix1, v0, B=matrix2, maxiter=mi, largest=False)

=======================================
= Job name: SDP_erdos_renyi_10ins_m20 =
= Job id: 3271                        =
= Submitted: 2025-11-16 13:13:44      =
= Ended: 2025-11-16 13:15:35          =
=======================================
/var/spool/slurmd/job03271/slurm_script: line 30: 1397905 Killed                  python main.py --solver SDP --dataset erdos_renyi_10ins_m20
[2025-11-16T13:15:34.987] error: Detected 1 oom_kill event in StepId=3271.batch. Some of the step tasks have been OOM Killed.

===========================================
= Job name: SDP_barabasi_albert_10ins_m20 =
= Job id: 3270                            =
= Submitted: 2025-11-16 13:13:44          =
= Ended: 2025-11-16 13:15:36              =
===========================================
/var/spool/slurmd/job03270/slurm_script: line 30: 1397906 Killed                  python main.py --solver SDP --dataset barabasi_albert_10ins_m20
[2025-11-16T13:15:35.229] error: Detected 1 oom_kill event in StepId=3270.batch. Some of the step tasks have been OOM Killed.

==================================
= Job name: SDP_barabasi_albert  =
= Job id: 3272                   =
= Submitted: 2025-11-16 13:15:35 =
= Ended: 2025-11-16 13:27:42     =
==================================
[2025-11-16T13:27:39.673] error: *** JOB 3272 ON beech CANCELLED AT 2025-11-16T13:27:39 DUE to SIGNAL Terminated ***

==================================
= Job name: SDP_erdos_renyi      =
= Job id: 3273                   =
= Submitted: 2025-11-16 13:15:35 =
= Ended: 2025-11-16 13:27:46     =
==================================
[2025-11-16T13:27:43.899] error: *** JOB 3273 ON beech CANCELLED AT 2025-11-16T13:27:43 DUE to SIGNAL Terminated ***

==============================================
= Job name: SPONGE_barabasi_albert_10ins_m20 =
= Job id: 3274                               =
= Submitted: 2025-11-16 13:27:41             =
= Ended: 2025-11-16 14:13:54                 =
==============================================
[2025-11-16T14:13:51.667] error: *** JOB 3274 ON beech CANCELLED AT 2025-11-16T14:13:51 DUE to SIGNAL Terminated ***

==========================================
= Job name: SPONGE_erdos_renyi_10ins_m20 =
= Job id: 3275                           =
= Submitted: 2025-11-16 13:27:46         =
= Ended: 2025-11-16 14:13:56             =
==========================================
[2025-11-16T14:13:54.565] error: *** JOB 3275 ON beech CANCELLED AT 2025-11-16T14:13:54 DUE to SIGNAL Terminated ***

====================================
= Job name: SPONGE_barabasi_albert =
= Job id: 3276                     =
= Submitted: 2025-11-16 14:13:54   =
= Ended: 2025-11-16 14:14:02       =
====================================
[2025-11-16T14:13:59.962] error: *** JOB 3276 ON beech CANCELLED AT 2025-11-16T14:13:59 DUE to SIGNAL Terminated ***

==================================
= Job name: SPONGE_erdos_renyi   =
= Job id: 3277                   =
= Submitted: 2025-11-16 14:13:56 =
= Ended: 2025-11-16 14:14:05     =
==================================
[2025-11-16T14:14:03.255] error: *** JOB 3277 ON beech CANCELLED AT 2025-11-16T14:14:03 DUE to SIGNAL Terminated ***

=======================================
= Job name: QQA_erdos_renyi_10ins_m20 =
= Job id: 3280                        =
= Submitted: 2025-11-16 14:28:47      =
= Ended: 2025-11-16 14:40:11          =
=======================================
/var/spool/slurmd/job03280/slurm_script: line 30: 1465386 Killed                  python main.py --solver QQA --dataset erdos_renyi_10ins_m20
[2025-11-16T14:40:10.511] error: Detected 1 oom_kill event in StepId=3280.batch. Some of the step tasks have been OOM Killed.

===========================================
= Job name: QQA_barabasi_albert_10ins_m20 =
= Job id: 3279                            =
= Submitted: 2025-11-16 14:28:47          =
= Ended: 2025-11-16 14:40:13              =
===========================================
/var/spool/slurmd/job03279/slurm_script: line 30: 1465387 Killed                  python main.py --solver QQA --dataset barabasi_albert_10ins_m20
[2025-11-16T14:40:13.497] error: Detected 1 oom_kill event in StepId=3279.batch. Some of the step tasks have been OOM Killed.

==================================
= Job name: QQA_erdos_renyi      =
= Job id: 3282                   =
= Submitted: 2025-11-16 14:40:13 =
= Ended: 2025-11-16 14:41:05     =
==================================

==================================
= Job name: QQA_barabasi_albert  =
= Job id: 3281                   =
= Submitted: 2025-11-16 14:40:10 =
= Ended: 2025-11-16 14:54:10     =
==================================
[2025-11-16T14:54:06.777] error: *** JOB 3281 ON beech CANCELLED AT 2025-11-16T14:54:06 DUE to SIGNAL Terminated ***

==============================================
= Job name: SPONGE_barabasi_albert_10ins_m20 =
= Job id: 3283                               =
= Submitted: 2025-11-16 14:54:58             =
= Ended: 2025-11-16 15:18:04                 =
==============================================
/home/congp/anaconda3/envs/ising-gpu/lib/python3.11/site-packages/signet/cluster.py:584: UserWarning: Exited at iteration 65 with accuracies 
[2.13e-06]
not reaching the requested tolerance 9.685754776000977e-07.
Use iteration 66 instead with accuracy 
2.1292857377262612e-06.

  (w, v) = ss.linalg.lobpcg(matrix1, v0, B=matrix2, maxiter=mi, largest=False)
/home/congp/anaconda3/envs/ising-gpu/lib/python3.11/site-packages/signet/cluster.py:584: UserWarning: Exited postprocessing with accuracies 
[2.13e-06]
not reaching the requested tolerance 9.685754776000977e-07.
  (w, v) = ss.linalg.lobpcg(matrix1, v0, B=matrix2, maxiter=mi, largest=False)

==========================================
= Job name: SPONGE_erdos_renyi_10ins_m20 =
= Job id: 3284                           =
= Submitted: 2025-11-16 14:54:58         =
= Ended: 2025-11-16 15:18:18             =
==========================================
/home/congp/anaconda3/envs/ising-gpu/lib/python3.11/site-packages/signet/cluster.py:584: UserWarning: Exited at iteration 65 with accuracies 
[1.42e-06]
not reaching the requested tolerance 9.685754776000977e-07.
Use iteration 64 instead with accuracy 
1.334572083275355e-06.

  (w, v) = ss.linalg.lobpcg(matrix1, v0, B=matrix2, maxiter=mi, largest=False)
/home/congp/anaconda3/envs/ising-gpu/lib/python3.11/site-packages/signet/cluster.py:584: UserWarning: Exited postprocessing with accuracies 
[1.33e-06]
not reaching the requested tolerance 9.685754776000977e-07.
  (w, v) = ss.linalg.lobpcg(matrix1, v0, B=matrix2, maxiter=mi, largest=False)
/home/congp/anaconda3/envs/ising-gpu/lib/python3.11/site-packages/signet/cluster.py:584: UserWarning: Exited at iteration 65 with accuracies 
[2.63e-06]
not reaching the requested tolerance 9.685754776000977e-07.
Use iteration 63 instead with accuracy 
2.492424425216673e-06.

  (w, v) = ss.linalg.lobpcg(matrix1, v0, B=matrix2, maxiter=mi, largest=False)
/home/congp/anaconda3/envs/ising-gpu/lib/python3.11/site-packages/signet/cluster.py:584: UserWarning: Exited postprocessing with accuracies 
[2.49e-06]
not reaching the requested tolerance 9.685754776000977e-07.
  (w, v) = ss.linalg.lobpcg(matrix1, v0, B=matrix2, maxiter=mi, largest=False)

===============================================
= Job name: SpecAnn_barabasi_albert_10ins_m20 =
= Job id: 3293                                =
= Submitted: 2025-11-17 18:13:33              =
= Ended: 2025-11-17 18:34:52                  =
===============================================

Lmod is automatically replacing "standard" with "anaconda".


Inactive Modules:
  1) cuda     2) gcc     3) java     4) matlab     5) openmpi     6) python


===========================================
= Job name: QQA_barabasi_albert_10ins_m20 =
= Job id: 3294                            =
= Submitted: 2025-11-17 18:13:33          =
= Ended: 2025-11-18 01:46:45              =
===========================================

Lmod is automatically replacing "standard" with "anaconda".


Inactive Modules:
  1) cuda     2) gcc     3) java     4) matlab     5) openmpi     6) python


==================================================
= Job name: SpecAnn-LS_barabasi_albert_10ins_m20 =
= Job id: 3337                                   =
= Submitted: 2025-11-19 15:07:32                 =
= Ended: 2025-11-19 15:26:39                     =
==================================================

==============================================
= Job name: onlyLS_barabasi_albert_10ins_m20 =
= Job id: 3338                               =
= Submitted: 2025-11-19 18:02:51             =
= Ended: 2025-11-19 18:18:05                 =
==============================================

===================================================
= Job name: SpecAnn-NCV_barabasi_albert_10ins_m20 =
= Job id: 3339                                    =
= Submitted: 2025-11-19 19:03:41                  =
= Ended: 2025-11-19 19:25:22                      =
===================================================

==============================================
= Job name: onlyLS_barabasi_albert_10ins_m20 =
= Job id: 3342                               =
= Submitted: 2025-11-19 20:37:37             =
= Ended: 2025-11-19 20:38:10                 =
==============================================
[2025-11-19T20:38:08.216] error: *** JOB 3342 ON beech CANCELLED AT 2025-11-19T20:38:08 DUE to SIGNAL Terminated ***

==============================================
= Job name: onlyLS_barabasi_albert_10ins_m20 =
= Job id: 3343                               =
= Submitted: 2025-11-19 20:38:28             =
= Ended: 2025-11-19 21:16:48                 =
==============================================

===================================================
= Job name: SpecAnn-NCV_barabasi_albert_10ins_m20 =
= Job id: 3344                                    =
= Submitted: 2025-11-19 20:38:28                  =
= Ended: 2025-11-19 22:26:13                      =
===================================================

==================================
= Job name: SpecAdj_erdos_renyi  =
= Job id: 3359                   =
= Submitted: 2025-11-20 15:21:25 =
= Ended: 2025-11-20 17:04:34     =
==================================

=======================================
= Job name: SpecSignedLap_erdos_renyi =
= Job id: 3360                        =
= Submitted: 2025-11-20 17:04:34      =
= Ended: 2025-11-20 19:08:30          =
=======================================
[2025-11-20T19:08:22.050] error: *** JOB 3360 ON beech CANCELLED AT 2025-11-20T19:08:22 DUE to SIGNAL Terminated ***

===========================================
= Job name: SpecAdj_erdos_renyi_10ins_m20 =
= Job id: 3361                            =
= Submitted: 2025-11-20 19:08:29          =
= Ended: 2025-11-20 19:13:52              =
===========================================
[2025-11-20T19:13:50.338] error: *** JOB 3361 ON beech CANCELLED AT 2025-11-20T19:13:50 DUE to SIGNAL Terminated ***

=================================================
= Job name: SpecSignedLap_erdos_renyi_10ins_m20 =
= Job id: 3362                                  =
= Submitted: 2025-11-20 19:13:52                =
= Ended: 2025-11-20 19:14:10                    =
=================================================
[2025-11-20T19:14:06.829] error: *** JOB 3362 ON beech CANCELLED AT 2025-11-20T19:14:06 DUE to SIGNAL Terminated ***

===========================================
= Job name: SpecAnn_erdos_renyi_10ins_m20 =
= Job id: 3363                            =
= Submitted: 2025-11-20 19:14:08          =
= Ended: 2025-11-20 21:02:14              =
===========================================

==================================
= Job name: SpecAdj_erdos_renyi  =
= Job id: 3374                   =
= Submitted: 2025-11-21 01:39:40 =
= Ended: 2025-11-21 03:29:44     =
==================================

==================================
= Job name: SpecAnn_erdos_renyi  =
= Job id: 3358                   =
= Submitted: 2025-11-20 15:21:25 =
= Ended: 2025-11-21 03:48:38     =
==================================

===========================================
= Job name: SpecAdj_erdos_renyi_10ins_m20 =
= Job id: 3376                            =
= Submitted: 2025-11-21 03:48:38          =
= Ended: 2025-11-21 04:04:07              =
===========================================

=================================================
= Job name: SpecSignedLap_erdos_renyi_10ins_m20 =
= Job id: 3377                                  =
= Submitted: 2025-11-21 04:04:06                =
= Ended: 2025-11-21 04:25:27                    =
=================================================

=======================================
= Job name: SpecSignedLap_erdos_renyi =
= Job id: 3375                        =
= Submitted: 2025-11-21 03:29:43      =
= Ended: 2025-11-21 05:48:59          =
=======================================

=======================================
= Job name: QQA_erdos_renyi_10ins_m20 =
= Job id: 3378                        =
= Submitted: 2025-11-21 05:23:38      =
= Ended: 2025-11-21 23:26:31          =
=======================================
/home/congp/SpectralAnnealing_revise/models/qqa_solver.py:73: UserWarning: Sparse CSR tensor support is in beta state. If you miss a functionality in the sparse tensor support, please submit a feature request to https://github.com/pytorch/pytorch/issues. (Triggered internally at /pytorch/aten/src/ATen/SparseCsrTensorImpl.cpp:53.)
  self.J_sparse_csr = self.J_sparse.to_sparse_csr()

==================================
= Job name: QQA_erdos_renyi      =
= Job id: 3379                   =
= Submitted: 2025-11-21 05:48:58 =
= Ended: 2025-11-23 00:15:57     =
==================================
/home/congp/SpectralAnnealing_revise/models/qqa_solver.py:73: UserWarning: Sparse CSR tensor support is in beta state. If you miss a functionality in the sparse tensor support, please submit a feature request to https://github.com/pytorch/pytorch/issues. (Triggered internally at /pytorch/aten/src/ATen/SparseCsrTensorImpl.cpp:53.)
  self.J_sparse_csr = self.J_sparse.to_sparse_csr()

===========================================
= Job name: SpecAnn_erdos_renyi_10ins_65K =
= Job id: 3381                            =
= Submitted: 2025-11-23 18:38:12          =
= Ended: 2025-11-23 18:38:14              =
===========================================

=========================================
= Job name: SpecAnn_barabasi_albert_65K =
= Job id: 3380                          =
= Submitted: 2025-11-23 18:38:12        =
= Ended: 2025-11-23 18:39:04            =
=========================================

========================================
= Job name: SpecAnn_watts_strogatz_65K =
= Job id: 3382                         =
= Submitted: 2025-11-23 18:38:14       =
= Ended: 2025-11-23 18:39:06           =
========================================

==============================================
= Job name: SpecAnn-LS_erdos_renyi_10ins_65K =
= Job id: 3384                               =
= Submitted: 2025-11-23 18:39:06             =
= Ended: 2025-11-23 18:39:08                 =
==============================================

============================================
= Job name: SpecAnn-LS_barabasi_albert_65K =
= Job id: 3383                             =
= Submitted: 2025-11-23 18:39:05           =
= Ended: 2025-11-23 18:39:55               =
============================================

===========================================
= Job name: SpecAnn-LS_watts_strogatz_65K =
= Job id: 3385                            =
= Submitted: 2025-11-23 18:39:08          =
= Ended: 2025-11-23 18:39:58              =
===========================================

===========================================
= Job name: SpecAnn_erdos_renyi_10ins_65K =
= Job id: 3386                            =
= Submitted: 2025-11-23 18:40:13          =
= Ended: 2025-11-23 18:40:15              =
===========================================

==============================================
= Job name: SpecAnn-LS_erdos_renyi_10ins_65K =
= Job id: 3387                               =
= Submitted: 2025-11-23 18:40:13             =
= Ended: 2025-11-23 18:41:04                 =
==============================================

===========================================
= Job name: SpecAnn_erdos_renyi_10ins_65K =
= Job id: 3388                            =
= Submitted: 2025-11-23 18:41:23          =
= Ended: 2025-11-23 18:42:18              =
===========================================

===========================================
= Job name: SpecAnn_erdos_renyi_10ins_65K =
= Job id: 3390                            =
= Submitted: 2025-11-23 19:02:24          =
= Ended: 2025-11-23 19:03:28              =
===========================================

=========================================
= Job name: SpecAnn_barabasi_albert_65K =
= Job id: 3389                          =
= Submitted: 2025-11-23 19:02:24        =
= Ended: 2025-11-23 19:03:32            =
=========================================

========================================
= Job name: SpecAnn_watts_strogatz_65K =
= Job id: 3391                         =
= Submitted: 2025-11-23 19:03:28       =
= Ended: 2025-11-23 19:04:30           =
========================================

============================================
= Job name: SpecAnn-LS_barabasi_albert_65K =
= Job id: 3392                             =
= Submitted: 2025-11-23 19:03:33           =
= Ended: 2025-11-23 19:04:39               =
============================================

==============================================
= Job name: SpecAnn-LS_erdos_renyi_10ins_65K =
= Job id: 3393                               =
= Submitted: 2025-11-23 19:04:29             =
= Ended: 2025-11-23 19:05:29                 =
==============================================

===========================================
= Job name: SpecAnn-LS_watts_strogatz_65K =
= Job id: 3394                            =
= Submitted: 2025-11-23 19:04:40          =
= Ended: 2025-11-23 19:05:38              =
===========================================

===========================================
= Job name: SpecAnn_erdos_renyi_10ins_65K =
= Job id: 3397                            =
= Submitted: 2025-11-23 19:13:56          =
= Ended: 2025-11-23 19:15:11              =
===========================================

=========================================
= Job name: SpecAnn_barabasi_albert_65K =
= Job id: 3396                          =
= Submitted: 2025-11-23 19:13:56        =
= Ended: 2025-11-23 19:15:13            =
=========================================

========================================
= Job name: SpecAnn_watts_strogatz_65K =
= Job id: 3398                         =
= Submitted: 2025-11-23 19:15:10       =
= Ended: 2025-11-23 19:16:16           =
========================================

============================================
= Job name: SpecAnn-LS_barabasi_albert_65K =
= Job id: 3399                             =
= Submitted: 2025-11-23 19:15:13           =
= Ended: 2025-11-23 19:16:28               =
============================================

==============================================
= Job name: SpecAnn-LS_erdos_renyi_10ins_65K =
= Job id: 3400                               =
= Submitted: 2025-11-23 19:16:16             =
= Ended: 2025-11-23 19:17:27                 =
==============================================

===========================================
= Job name: SpecAnn-LS_watts_strogatz_65K =
= Job id: 3401                            =
= Submitted: 2025-11-23 19:16:26          =
= Ended: 2025-11-23 19:17:27              =
===========================================

==================================
= Job name: SpecSignedLap_Gset   =
= Job id: 3407                   =
= Submitted: 2025-11-24 04:56:16 =
= Ended: 2025-11-24 04:56:31     =
==================================

==================================
= Job name: SpecAdj_Gset         =
= Job id: 3406                   =
= Submitted: 2025-11-24 04:56:16 =
= Ended: 2025-11-24 04:56:31     =
==================================

==================================
= Job name: SpecAnn_Gset         =
= Job id: 3408                   =
= Submitted: 2025-11-24 04:56:30 =
= Ended: 2025-11-24 04:57:30     =
==================================
[2025-11-24T04:57:28.164] error: *** JOB 3408 ON beech CANCELLED AT 2025-11-24T04:57:28 DUE to SIGNAL Terminated ***

==================================
= Job name: SpecSignedLap_Gset   =
= Job id: 3410                   =
= Submitted: 2025-11-24 04:57:44 =
= Ended: 2025-11-24 04:59:19     =
==================================

==================================
= Job name: SpecAdj_Gset         =
= Job id: 3409                   =
= Submitted: 2025-11-24 04:57:44 =
= Ended: 2025-11-24 04:59:19     =
==================================

==================================
= Job name: SpecAnn_Gset         =
= Job id: 3411                   =
= Submitted: 2025-11-24 04:59:17 =
= Ended: 2025-11-24 05:27:07     =
==================================

==================================
= Job name: SpecAdj_real_world   =
= Job id: 3416                   =
= Submitted: 2025-11-24 06:50:43 =
= Ended: 2025-11-24 06:50:50     =
==================================
/home/congp/SpectralAnnealing_revise/utils/data_loader.py:195: UserWarning: Found 315 isolated node(s) at indices [577, 3732, 3733, 9336, 14355, 16375, 17541, 19928, 21759, 23706, 24292, 26641, 26730, 27659, 31112, 32048, 33927, 35708, 37282, 37434, 37435, 38641, 42070, 42269, 43237, 43245, 45529, 45588, 46696, 47005, 47582, 47583, 47833, 50139, 51770, 51839, 56695, 57021, 59687, 65663, 66931, 66935, 68260, 71661, 76776, 78345, 79403, 79406, 79800, 79801, 80216, 81288, 81518, 87103, 87563, 87652, 94071, 94169, 94259, 94294, 95238, 95250, 95291, 95313, 95420, 95477, 95934, 95953, 96127, 96314, 96373, 96445, 96468, 96471, 96508, 96738, 97269, 97870, 98178, 98330, 98418, 98661, 98761, 98873, 99768, 99795, 100127, 100416, 101686, 101861, 102129, 102230, 102258, 102450, 102552, 102601, 104020, 104590, 104856, 105007, 105119, 105235, 105779, 105965, 106625, 106631, 107124, 107158, 107552, 107561, 107664, 107834, 107842, 107868, 108814, 109139, 109410, 110287, 110576, 111010, 111263, 111678, 111859, 111986, 112553, 112587, 112830, 113666, 113970, 113978, 114094, 114690, 115106, 115398, 116417, 116421, 116652, 116766, 117287, 117346, 117585, 117634, 117963, 118251, 118337, 118540, 118567, 118607, 118753, 118764, 118875, 118944, 119014, 119107, 119148, 119202, 119679, 119734, 119855, 119913, 120076, 120147, 120506, 120659, 120754, 120869, 120931, 120966, 121011, 121140, 121523, 121835, 121886, 121892, 122305, 122384, 122579, 122831, 123056, 123072, 123147, 123330, 123593, 123622, 123762, 123840, 123953, 124358, 124501, 124522, 124550, 124609, 124616, 124632, 124774, 124780, 124843, 124866, 124942, 124962, 124994, 124997, 125186, 125319, 125418, 125456, 125539, 125543, 125579, 125648, 125789, 125924, 126091, 126096, 126160, 126219, 126276, 126424, 126482, 126596, 126633, 126720, 126757, 126850, 126859, 126990, 126995, 127043, 127131, 127133, 127144, 127406, 127426, 127437, 127467, 127470, 127504, 127620, 127689, 127727, 127773, 127923, 128013, 128045, 128069, 128107, 128166, 128197, 128211, 128326, 128338, 128344, 128368, 128594, 128847, 128866, 128884, 128919, 128944, 128952, 128982, 129024, 129076, 129092, 129108, 129147, 129153, 129274, 129324, 129325, 129409, 129496, 129537, 129599, 129674, 129679, 129743, 129765, 129773, 129822, 129899, 129932, 129966, 129995, 130033, 130181, 130185, 130208, 130209, 130214, 130217, 130244, 130290, 130315, 130364, 130376, 130452, 130497, 130515, 130687, 130699, 130730, 130787, 130805, 130870, 131042, 131193, 131340, 131428, 131443, 131518, 131576, 131603, 131604, 131804]. These nodes will be removed as they don't affect the optimization problem. Matrix size reduced from 131828 to 131513 nodes.
  warnings.warn(
/home/congp/SpectralAnnealing_revise/utils/data_loader.py:195: UserWarning: Found 82 isolated node(s) at indices [903, 4676, 5268, 11680, 16477, 16836, 17142, 17405, 20209, 20954, 21918, 23837, 28072, 28081, 33407, 37304, 38221, 39312, 39564, 40047, 40756, 41068, 42772, 43096, 43098, 45405, 45964, 47521, 49545, 51046, 51047, 51166, 51208, 51239, 51356, 51360, 51380, 51839, 51969, 53018, 53997, 56661, 56706, 57355, 57357, 57359, 57366, 57790, 58531, 58590, 59240, 59843, 60009, 60551, 60886, 61322, 61930, 61948, 62599, 63126, 63496, 63637, 64224, 64977, 66438, 67092, 67265, 67672, 68082, 68803, 70408, 70771, 71589, 71614, 73373, 73397, 75361, 77383, 78239, 78482, 79625, 81947]. These nodes will be removed as they don't affect the optimization problem. Matrix size reduced from 82144 to 82062 nodes.
  warnings.warn(
/home/congp/SpectralAnnealing_revise/utils/data_loader.py:195: UserWarning: Found 1183 isolated node(s) at indices [0, 1, 68, 69, 96, 130, 147, 169, 183, 185, 219, 228, 261, 271, 277, 278, 280, 353, 359, 360, 379, 384, 419, 441, 451, 458, 463, 465, 469, 470, 473, 474, 477, 481, 482, 483, 484, 486, 490, 495, 499, 502, 504, 507, 509, 511, 517, 525, 532, 534, 536, 602, 622, 628, 629, 659, 670, 679, 684, 701, 739, 746, 756, 776, 789, 808, 827, 832, 833, 845, 857, 883, 893, 900, 924, 938, 951, 952, 996, 1014, 1035, 1053, 1055, 1056, 1068, 1072, 1075, 1090, 1115, 1116, 1117, 1118, 1120, 1121, 1135, 1148, 1152, 1161, 1162, 1216, 1248, 1250, 1262, 1264, 1282, 1287, 1288, 1346, 1347, 1362, 1363, 1370, 1413, 1414, 1416, 1474, 1476, 1478, 1490, 1507, 1543, 1561, 1566, 1576, 1585, 1597, 1623, 1639, 1672, 1701, 1726, 1749, 1775, 1778, 1785, 1800, 1814, 1816, 1817, 1823, 1842, 1849, 1850, 1853, 1876, 1877, 1897, 1903, 1909, 1935, 1941, 1948, 1953, 1956, 1973, 1997, 1998, 2005, 2021, 2038, 2042, 2045, 2047, 2073, 2074, 2077, 2079, 2097, 2106, 2121, 2122, 2123, 2139, 2153, 2157, 2161, 2165, 2206, 2207, 2219, 2244, 2247, 2262, 2270, 2274, 2278, 2283, 2302, 2326, 2346, 2357, 2376, 2382, 2407, 2420, 2429, 2430, 2431, 2435, 2467, 2482, 2485, 2524, 2531, 2532, 2538, 2552, 2553, 2587, 2589, 2599, 2600, 2601, 2621, 2665, 2680, 2709, 2711, 2713, 2725, 2731, 2734, 2741, 2742, 2744, 2749, 2755, 2794, 2799, 2805, 2809, 2811, 2815, 2819, 2828, 2835, 2836, 2853, 2872, 2873, 2877, 2896, 2910, 2914, 2919, 2926, 2933, 2936, 2941, 2942, 2958, 2983, 2996, 3044, 3057, 3063, 3064, 3066, 3068, 3078, 3099, 3115, 3120, 3121, 3138, 3140, 3156, 3160, 3169, 3176, 3177, 3178, 3235, 3253, 3282, 3285, 3286, 3288, 3294, 3307, 3326, 3327, 3328, 3329, 3335, 3336, 3346, 3363, 3364, 3371, 3386, 3412, 3413, 3414, 3418, 3419, 3420, 3427, 3429, 3430, 3431, 3441, 3473, 3475, 3483, 3484, 3500, 3501, 3502, 3504, 3506, 3516, 3532, 3533, 3545, 3558, 3569, 3571, 3572, 3573, 3574, 3587, 3607, 3611, 3625, 3626, 3643, 3671, 3698, 3709, 3715, 3720, 3731, 3733, 3735, 3737, 3738, 3739, 3740, 3755, 3767, 3772, 3777, 3788, 3789, 3792, 3817, 3819, 3825, 3827, 3830, 3837, 3845, 3851, 3852, 3856, 3858, 3859, 3860, 3865, 3867, 3873, 3878, 3883, 3898, 3912, 3914, 3933, 3937, 3939, 3949, 3950, 3971, 3974, 3987, 3992, 3993, 3995, 4001, 4002, 4003, 4016, 4017, 4021, 4028, 4031, 4032, 4051, 4053, 4059, 4080, 4083, 4086, 4093, 4100, 4101, 4111, 4112, 4113, 4114, 4117, 4155, 4156, 4157, 4159, 4160, 4171, 4181, 4192, 4195, 4225, 4226, 4229, 4238, 4252, 4257, 4261, 4267, 4269, 4270, 4280, 4285, 4286, 4287, 4292, 4293, 4299, 4300, 4301, 4308, 4329, 4338, 4349, 4355, 4366, 4373, 4375, 4386, 4387, 4389, 4390, 4391, 4409, 4418, 4419, 4420, 4471, 4483, 4498, 4500, 4504, 4505, 4511, 4512, 4513, 4514, 4516, 4517, 4518, 4519, 4521, 4524, 4536, 4545, 4547, 4548, 4558, 4569, 4570, 4571, 4572, 4578, 4584, 4588, 4589, 4605, 4609, 4613, 4627, 4633, 4636, 4641, 4642, 4655, 4656, 4675, 4678, 4679, 4684, 4689, 4690, 4721, 4723, 4728, 4729, 4730, 4731, 4733, 4746, 4757, 4767, 4768, 4769, 4771, 4774, 4783, 4801, 4811, 4864, 4876, 4877, 4887, 4891, 4894, 4901, 4906, 4927, 4929, 4938, 4940, 4948, 4954, 4955, 4957, 4958, 4960, 4967, 4983, 4989, 4996, 4997, 5003, 5006, 5013, 5020, 5022, 5024, 5026, 5029, 5033, 5040, 5041, 5048, 5055, 5065, 5073, 5075, 5081, 5093, 5100, 5106, 5107, 5112, 5130, 5133, 5136, 5146, 5148, 5155, 5156, 5164, 5167, 5168, 5169, 5204, 5205, 5210, 5211, 5222, 5233, 5234, 5235, 5236, 5255, 5256, 5257, 5258, 5265, 5267, 5269, 5271, 5278, 5291, 5292, 5296, 5301, 5303, 5306, 5317, 5318, 5324, 5330, 5337, 5339, 5348, 5358, 5368, 5378, 5382, 5388, 5393, 5401, 5402, 5406, 5407, 5408, 5410, 5419, 5424, 5432, 5440, 5442, 5443, 5449, 5450, 5452, 5457, 5463, 5491, 5492, 5497, 5501, 5537, 5545, 5546, 5555, 5556, 5559, 5573, 5574, 5584, 5585, 5592, 5596, 5617, 5618, 5620, 5631, 5633, 5640, 5641, 5653, 5671, 5676, 5680, 5698, 5699, 5700, 5714, 5715, 5718, 5722, 5723, 5724, 5726, 5727, 5733, 5735, 5741, 5757, 5758, 5761, 5776, 5778, 5790, 5794, 5824, 5825, 5830, 5842, 5844, 5846, 5848, 5850, 5857, 5864, 5866, 5868, 5869, 5878, 5880, 5892, 5893, 5897, 5899, 5900, 5903, 5904, 5905, 5911, 5917, 5928, 5947, 5950, 5952, 5953, 5956, 5967, 5973, 5974, 5975, 5978, 5995, 6007, 6010, 6011, 6039, 6064, 6075, 6083, 6084, 6085, 6086, 6094, 6098, 6101, 6102, 6103, 6114, 6116, 6121, 6124, 6130, 6135, 6136, 6137, 6139, 6153, 6158, 6162, 6166, 6170, 6171, 6172, 6188, 6193, 6194, 6208, 6209, 6210, 6230, 6232, 6233, 6236, 6237, 6248, 6249, 6255, 6259, 6267, 6276, 6282, 6283, 6284, 6288, 6289, 6299, 6302, 6307, 6308, 6309, 6317, 6321, 6328, 6334, 6335, 6337, 6340, 6341, 6342, 6344, 6351, 6352, 6353, 6356, 6357, 6360, 6361, 6362, 6363, 6364, 6367, 6368, 6369, 6371, 6372, 6381, 6383, 6384, 6385, 6389, 6400, 6401, 6402, 6403, 6404, 6417, 6418, 6419, 6424, 6432, 6433, 6437, 6448, 6462, 6464, 6472, 6475, 6481, 6498, 6511, 6530, 6539, 6548, 6555, 6556, 6557, 6558, 6561, 6563, 6568, 6590, 6592, 6596, 6609, 6628, 6630, 6636, 6639, 6641, 6658, 6661, 6663, 6666, 6668, 6692, 6693, 6703, 6707, 6715, 6721, 6732, 6739, 6740, 6741, 6742, 6747, 6749, 6753, 6762, 6784, 6785, 6791, 6795, 6798, 6813, 6816, 6819, 6822, 6824, 6826, 6829, 6830, 6837, 6838, 6848, 6850, 6852, 6856, 6867, 6871, 6873, 6878, 6881, 6886, 6887, 6890, 6892, 6893, 6897, 6918, 6924, 6930, 6931, 6936, 6938, 6943, 6951, 6955, 6956, 6963, 6965, 6969, 6972, 6976, 6987, 6988, 6991, 7038, 7057, 7065, 7066, 7067, 7068, 7074, 7075, 7076, 7077, 7080, 7082, 7090, 7092, 7096, 7101, 7104, 7140, 7146, 7147, 7151, 7168, 7181, 7195, 7199, 7201, 7206, 7207, 7208, 7212, 7215, 7218, 7223, 7241, 7243, 7246, 7247, 7248, 7255, 7257, 7258, 7260, 7262, 7263, 7271, 7273, 7274, 7287, 7302, 7306, 7307, 7310, 7311, 7312, 7313, 7321, 7323, 7324, 7327, 7330, 7333, 7337, 7338, 7339, 7345, 7355, 7357, 7360, 7363, 7365, 7366, 7367, 7368, 7369, 7374, 7383, 7384, 7387, 7394, 7395, 7397, 7398, 7405, 7407, 7409, 7410, 7411, 7431, 7432, 7434, 7436, 7437, 7459, 7462, 7463, 7474, 7478, 7487, 7488, 7495, 7498, 7499, 7503, 7506, 7515, 7518, 7520, 7525, 7529, 7531, 7538, 7540, 7541, 7542, 7546, 7547, 7550, 7551, 7554, 7555, 7557, 7558, 7559, 7561, 7565, 7567, 7572, 7574, 7581, 7583, 7588, 7590, 7591, 7595, 7602, 7605, 7606, 7611, 7620, 7621, 7626, 7627, 7630, 7632, 7634, 7639, 7640, 7642, 7653, 7654, 7655, 7656, 7666, 7670, 7673, 7679, 7680, 7688, 7691, 7692, 7699, 7701, 7708, 7709, 7710, 7711, 7712, 7713, 7717, 7721, 7722, 7724, 7730, 7738, 7745, 7747, 7748, 7763, 7775, 7783, 7784, 7785, 7786, 7792, 7793, 7797, 7806, 7810, 7815, 7816, 7819, 7822, 7823, 7824, 7837, 7845, 7846, 7857, 7858, 7871, 7875, 7879, 7894, 7895, 7896, 7897, 7916, 7917, 7925, 7935, 7942, 7946, 7950, 7957, 7961, 7962, 7970, 7976, 7982, 7983, 7986, 7987, 7988, 7989, 7996, 8002, 8003, 8007, 8015, 8016, 8017, 8021, 8025, 8028, 8029, 8030, 8031, 8033, 8038, 8058, 8066, 8077, 8081, 8112, 8115, 8116, 8122, 8124, 8126, 8128, 8142, 8150, 8153, 8159, 8163, 8175, 8184, 8187, 8190, 8199, 8200, 8206, 8207, 8209, 8216, 8217, 8219, 8222, 8227, 8229, 8233, 8238, 8239, 8246, 8249, 8256, 8257, 8258, 8266, 8267, 8268, 8277, 8278, 8279, 8280]. These nodes will be removed as they don't affect the optimization problem. Matrix size reduced from 8297 to 7114 nodes.
  warnings.warn(

======================================
= Job name: SpecSignedLap_real_world =
= Job id: 3417                       =
= Submitted: 2025-11-24 06:50:50     =
= Ended: 2025-11-24 06:50:58         =
======================================
/home/congp/SpectralAnnealing_revise/utils/data_loader.py:195: UserWarning: Found 315 isolated node(s) at indices [577, 3732, 3733, 9336, 14355, 16375, 17541, 19928, 21759, 23706, 24292, 26641, 26730, 27659, 31112, 32048, 33927, 35708, 37282, 37434, 37435, 38641, 42070, 42269, 43237, 43245, 45529, 45588, 46696, 47005, 47582, 47583, 47833, 50139, 51770, 51839, 56695, 57021, 59687, 65663, 66931, 66935, 68260, 71661, 76776, 78345, 79403, 79406, 79800, 79801, 80216, 81288, 81518, 87103, 87563, 87652, 94071, 94169, 94259, 94294, 95238, 95250, 95291, 95313, 95420, 95477, 95934, 95953, 96127, 96314, 96373, 96445, 96468, 96471, 96508, 96738, 97269, 97870, 98178, 98330, 98418, 98661, 98761, 98873, 99768, 99795, 100127, 100416, 101686, 101861, 102129, 102230, 102258, 102450, 102552, 102601, 104020, 104590, 104856, 105007, 105119, 105235, 105779, 105965, 106625, 106631, 107124, 107158, 107552, 107561, 107664, 107834, 107842, 107868, 108814, 109139, 109410, 110287, 110576, 111010, 111263, 111678, 111859, 111986, 112553, 112587, 112830, 113666, 113970, 113978, 114094, 114690, 115106, 115398, 116417, 116421, 116652, 116766, 117287, 117346, 117585, 117634, 117963, 118251, 118337, 118540, 118567, 118607, 118753, 118764, 118875, 118944, 119014, 119107, 119148, 119202, 119679, 119734, 119855, 119913, 120076, 120147, 120506, 120659, 120754, 120869, 120931, 120966, 121011, 121140, 121523, 121835, 121886, 121892, 122305, 122384, 122579, 122831, 123056, 123072, 123147, 123330, 123593, 123622, 123762, 123840, 123953, 124358, 124501, 124522, 124550, 124609, 124616, 124632, 124774, 124780, 124843, 124866, 124942, 124962, 124994, 124997, 125186, 125319, 125418, 125456, 125539, 125543, 125579, 125648, 125789, 125924, 126091, 126096, 126160, 126219, 126276, 126424, 126482, 126596, 126633, 126720, 126757, 126850, 126859, 126990, 126995, 127043, 127131, 127133, 127144, 127406, 127426, 127437, 127467, 127470, 127504, 127620, 127689, 127727, 127773, 127923, 128013, 128045, 128069, 128107, 128166, 128197, 128211, 128326, 128338, 128344, 128368, 128594, 128847, 128866, 128884, 128919, 128944, 128952, 128982, 129024, 129076, 129092, 129108, 129147, 129153, 129274, 129324, 129325, 129409, 129496, 129537, 129599, 129674, 129679, 129743, 129765, 129773, 129822, 129899, 129932, 129966, 129995, 130033, 130181, 130185, 130208, 130209, 130214, 130217, 130244, 130290, 130315, 130364, 130376, 130452, 130497, 130515, 130687, 130699, 130730, 130787, 130805, 130870, 131042, 131193, 131340, 131428, 131443, 131518, 131576, 131603, 131604, 131804]. These nodes will be removed as they don't affect the optimization problem. Matrix size reduced from 131828 to 131513 nodes.
  warnings.warn(
/home/congp/SpectralAnnealing_revise/utils/data_loader.py:195: UserWarning: Found 82 isolated node(s) at indices [903, 4676, 5268, 11680, 16477, 16836, 17142, 17405, 20209, 20954, 21918, 23837, 28072, 28081, 33407, 37304, 38221, 39312, 39564, 40047, 40756, 41068, 42772, 43096, 43098, 45405, 45964, 47521, 49545, 51046, 51047, 51166, 51208, 51239, 51356, 51360, 51380, 51839, 51969, 53018, 53997, 56661, 56706, 57355, 57357, 57359, 57366, 57790, 58531, 58590, 59240, 59843, 60009, 60551, 60886, 61322, 61930, 61948, 62599, 63126, 63496, 63637, 64224, 64977, 66438, 67092, 67265, 67672, 68082, 68803, 70408, 70771, 71589, 71614, 73373, 73397, 75361, 77383, 78239, 78482, 79625, 81947]. These nodes will be removed as they don't affect the optimization problem. Matrix size reduced from 82144 to 82062 nodes.
  warnings.warn(
/home/congp/SpectralAnnealing_revise/utils/data_loader.py:195: UserWarning: Found 1183 isolated node(s) at indices [0, 1, 68, 69, 96, 130, 147, 169, 183, 185, 219, 228, 261, 271, 277, 278, 280, 353, 359, 360, 379, 384, 419, 441, 451, 458, 463, 465, 469, 470, 473, 474, 477, 481, 482, 483, 484, 486, 490, 495, 499, 502, 504, 507, 509, 511, 517, 525, 532, 534, 536, 602, 622, 628, 629, 659, 670, 679, 684, 701, 739, 746, 756, 776, 789, 808, 827, 832, 833, 845, 857, 883, 893, 900, 924, 938, 951, 952, 996, 1014, 1035, 1053, 1055, 1056, 1068, 1072, 1075, 1090, 1115, 1116, 1117, 1118, 1120, 1121, 1135, 1148, 1152, 1161, 1162, 1216, 1248, 1250, 1262, 1264, 1282, 1287, 1288, 1346, 1347, 1362, 1363, 1370, 1413, 1414, 1416, 1474, 1476, 1478, 1490, 1507, 1543, 1561, 1566, 1576, 1585, 1597, 1623, 1639, 1672, 1701, 1726, 1749, 1775, 1778, 1785, 1800, 1814, 1816, 1817, 1823, 1842, 1849, 1850, 1853, 1876, 1877, 1897, 1903, 1909, 1935, 1941, 1948, 1953, 1956, 1973, 1997, 1998, 2005, 2021, 2038, 2042, 2045, 2047, 2073, 2074, 2077, 2079, 2097, 2106, 2121, 2122, 2123, 2139, 2153, 2157, 2161, 2165, 2206, 2207, 2219, 2244, 2247, 2262, 2270, 2274, 2278, 2283, 2302, 2326, 2346, 2357, 2376, 2382, 2407, 2420, 2429, 2430, 2431, 2435, 2467, 2482, 2485, 2524, 2531, 2532, 2538, 2552, 2553, 2587, 2589, 2599, 2600, 2601, 2621, 2665, 2680, 2709, 2711, 2713, 2725, 2731, 2734, 2741, 2742, 2744, 2749, 2755, 2794, 2799, 2805, 2809, 2811, 2815, 2819, 2828, 2835, 2836, 2853, 2872, 2873, 2877, 2896, 2910, 2914, 2919, 2926, 2933, 2936, 2941, 2942, 2958, 2983, 2996, 3044, 3057, 3063, 3064, 3066, 3068, 3078, 3099, 3115, 3120, 3121, 3138, 3140, 3156, 3160, 3169, 3176, 3177, 3178, 3235, 3253, 3282, 3285, 3286, 3288, 3294, 3307, 3326, 3327, 3328, 3329, 3335, 3336, 3346, 3363, 3364, 3371, 3386, 3412, 3413, 3414, 3418, 3419, 3420, 3427, 3429, 3430, 3431, 3441, 3473, 3475, 3483, 3484, 3500, 3501, 3502, 3504, 3506, 3516, 3532, 3533, 3545, 3558, 3569, 3571, 3572, 3573, 3574, 3587, 3607, 3611, 3625, 3626, 3643, 3671, 3698, 3709, 3715, 3720, 3731, 3733, 3735, 3737, 3738, 3739, 3740, 3755, 3767, 3772, 3777, 3788, 3789, 3792, 3817, 3819, 3825, 3827, 3830, 3837, 3845, 3851, 3852, 3856, 3858, 3859, 3860, 3865, 3867, 3873, 3878, 3883, 3898, 3912, 3914, 3933, 3937, 3939, 3949, 3950, 3971, 3974, 3987, 3992, 3993, 3995, 4001, 4002, 4003, 4016, 4017, 4021, 4028, 4031, 4032, 4051, 4053, 4059, 4080, 4083, 4086, 4093, 4100, 4101, 4111, 4112, 4113, 4114, 4117, 4155, 4156, 4157, 4159, 4160, 4171, 4181, 4192, 4195, 4225, 4226, 4229, 4238, 4252, 4257, 4261, 4267, 4269, 4270, 4280, 4285, 4286, 4287, 4292, 4293, 4299, 4300, 4301, 4308, 4329, 4338, 4349, 4355, 4366, 4373, 4375, 4386, 4387, 4389, 4390, 4391, 4409, 4418, 4419, 4420, 4471, 4483, 4498, 4500, 4504, 4505, 4511, 4512, 4513, 4514, 4516, 4517, 4518, 4519, 4521, 4524, 4536, 4545, 4547, 4548, 4558, 4569, 4570, 4571, 4572, 4578, 4584, 4588, 4589, 4605, 4609, 4613, 4627, 4633, 4636, 4641, 4642, 4655, 4656, 4675, 4678, 4679, 4684, 4689, 4690, 4721, 4723, 4728, 4729, 4730, 4731, 4733, 4746, 4757, 4767, 4768, 4769, 4771, 4774, 4783, 4801, 4811, 4864, 4876, 4877, 4887, 4891, 4894, 4901, 4906, 4927, 4929, 4938, 4940, 4948, 4954, 4955, 4957, 4958, 4960, 4967, 4983, 4989, 4996, 4997, 5003, 5006, 5013, 5020, 5022, 5024, 5026, 5029, 5033, 5040, 5041, 5048, 5055, 5065, 5073, 5075, 5081, 5093, 5100, 5106, 5107, 5112, 5130, 5133, 5136, 5146, 5148, 5155, 5156, 5164, 5167, 5168, 5169, 5204, 5205, 5210, 5211, 5222, 5233, 5234, 5235, 5236, 5255, 5256, 5257, 5258, 5265, 5267, 5269, 5271, 5278, 5291, 5292, 5296, 5301, 5303, 5306, 5317, 5318, 5324, 5330, 5337, 5339, 5348, 5358, 5368, 5378, 5382, 5388, 5393, 5401, 5402, 5406, 5407, 5408, 5410, 5419, 5424, 5432, 5440, 5442, 5443, 5449, 5450, 5452, 5457, 5463, 5491, 5492, 5497, 5501, 5537, 5545, 5546, 5555, 5556, 5559, 5573, 5574, 5584, 5585, 5592, 5596, 5617, 5618, 5620, 5631, 5633, 5640, 5641, 5653, 5671, 5676, 5680, 5698, 5699, 5700, 5714, 5715, 5718, 5722, 5723, 5724, 5726, 5727, 5733, 5735, 5741, 5757, 5758, 5761, 5776, 5778, 5790, 5794, 5824, 5825, 5830, 5842, 5844, 5846, 5848, 5850, 5857, 5864, 5866, 5868, 5869, 5878, 5880, 5892, 5893, 5897, 5899, 5900, 5903, 5904, 5905, 5911, 5917, 5928, 5947, 5950, 5952, 5953, 5956, 5967, 5973, 5974, 5975, 5978, 5995, 6007, 6010, 6011, 6039, 6064, 6075, 6083, 6084, 6085, 6086, 6094, 6098, 6101, 6102, 6103, 6114, 6116, 6121, 6124, 6130, 6135, 6136, 6137, 6139, 6153, 6158, 6162, 6166, 6170, 6171, 6172, 6188, 6193, 6194, 6208, 6209, 6210, 6230, 6232, 6233, 6236, 6237, 6248, 6249, 6255, 6259, 6267, 6276, 6282, 6283, 6284, 6288, 6289, 6299, 6302, 6307, 6308, 6309, 6317, 6321, 6328, 6334, 6335, 6337, 6340, 6341, 6342, 6344, 6351, 6352, 6353, 6356, 6357, 6360, 6361, 6362, 6363, 6364, 6367, 6368, 6369, 6371, 6372, 6381, 6383, 6384, 6385, 6389, 6400, 6401, 6402, 6403, 6404, 6417, 6418, 6419, 6424, 6432, 6433, 6437, 6448, 6462, 6464, 6472, 6475, 6481, 6498, 6511, 6530, 6539, 6548, 6555, 6556, 6557, 6558, 6561, 6563, 6568, 6590, 6592, 6596, 6609, 6628, 6630, 6636, 6639, 6641, 6658, 6661, 6663, 6666, 6668, 6692, 6693, 6703, 6707, 6715, 6721, 6732, 6739, 6740, 6741, 6742, 6747, 6749, 6753, 6762, 6784, 6785, 6791, 6795, 6798, 6813, 6816, 6819, 6822, 6824, 6826, 6829, 6830, 6837, 6838, 6848, 6850, 6852, 6856, 6867, 6871, 6873, 6878, 6881, 6886, 6887, 6890, 6892, 6893, 6897, 6918, 6924, 6930, 6931, 6936, 6938, 6943, 6951, 6955, 6956, 6963, 6965, 6969, 6972, 6976, 6987, 6988, 6991, 7038, 7057, 7065, 7066, 7067, 7068, 7074, 7075, 7076, 7077, 7080, 7082, 7090, 7092, 7096, 7101, 7104, 7140, 7146, 7147, 7151, 7168, 7181, 7195, 7199, 7201, 7206, 7207, 7208, 7212, 7215, 7218, 7223, 7241, 7243, 7246, 7247, 7248, 7255, 7257, 7258, 7260, 7262, 7263, 7271, 7273, 7274, 7287, 7302, 7306, 7307, 7310, 7311, 7312, 7313, 7321, 7323, 7324, 7327, 7330, 7333, 7337, 7338, 7339, 7345, 7355, 7357, 7360, 7363, 7365, 7366, 7367, 7368, 7369, 7374, 7383, 7384, 7387, 7394, 7395, 7397, 7398, 7405, 7407, 7409, 7410, 7411, 7431, 7432, 7434, 7436, 7437, 7459, 7462, 7463, 7474, 7478, 7487, 7488, 7495, 7498, 7499, 7503, 7506, 7515, 7518, 7520, 7525, 7529, 7531, 7538, 7540, 7541, 7542, 7546, 7547, 7550, 7551, 7554, 7555, 7557, 7558, 7559, 7561, 7565, 7567, 7572, 7574, 7581, 7583, 7588, 7590, 7591, 7595, 7602, 7605, 7606, 7611, 7620, 7621, 7626, 7627, 7630, 7632, 7634, 7639, 7640, 7642, 7653, 7654, 7655, 7656, 7666, 7670, 7673, 7679, 7680, 7688, 7691, 7692, 7699, 7701, 7708, 7709, 7710, 7711, 7712, 7713, 7717, 7721, 7722, 7724, 7730, 7738, 7745, 7747, 7748, 7763, 7775, 7783, 7784, 7785, 7786, 7792, 7793, 7797, 7806, 7810, 7815, 7816, 7819, 7822, 7823, 7824, 7837, 7845, 7846, 7857, 7858, 7871, 7875, 7879, 7894, 7895, 7896, 7897, 7916, 7917, 7925, 7935, 7942, 7946, 7950, 7957, 7961, 7962, 7970, 7976, 7982, 7983, 7986, 7987, 7988, 7989, 7996, 8002, 8003, 8007, 8015, 8016, 8017, 8021, 8025, 8028, 8029, 8030, 8031, 8033, 8038, 8058, 8066, 8077, 8081, 8112, 8115, 8116, 8122, 8124, 8126, 8128, 8142, 8150, 8153, 8159, 8163, 8175, 8184, 8187, 8190, 8199, 8200, 8206, 8207, 8209, 8216, 8217, 8219, 8222, 8227, 8229, 8233, 8238, 8239, 8246, 8249, 8256, 8257, 8258, 8266, 8267, 8268, 8277, 8278, 8279, 8280]. These nodes will be removed as they don't affect the optimization problem. Matrix size reduced from 8297 to 7114 nodes.
  warnings.warn(

==================================
= Job name: SpecAnn_real_world   =
= Job id: 3415                   =
= Submitted: 2025-11-24 06:50:43 =
= Ended: 2025-11-24 06:51:46     =
==================================
/home/congp/SpectralAnnealing_revise/utils/data_loader.py:195: UserWarning: Found 315 isolated node(s) at indices [577, 3732, 3733, 9336, 14355, 16375, 17541, 19928, 21759, 23706, 24292, 26641, 26730, 27659, 31112, 32048, 33927, 35708, 37282, 37434, 37435, 38641, 42070, 42269, 43237, 43245, 45529, 45588, 46696, 47005, 47582, 47583, 47833, 50139, 51770, 51839, 56695, 57021, 59687, 65663, 66931, 66935, 68260, 71661, 76776, 78345, 79403, 79406, 79800, 79801, 80216, 81288, 81518, 87103, 87563, 87652, 94071, 94169, 94259, 94294, 95238, 95250, 95291, 95313, 95420, 95477, 95934, 95953, 96127, 96314, 96373, 96445, 96468, 96471, 96508, 96738, 97269, 97870, 98178, 98330, 98418, 98661, 98761, 98873, 99768, 99795, 100127, 100416, 101686, 101861, 102129, 102230, 102258, 102450, 102552, 102601, 104020, 104590, 104856, 105007, 105119, 105235, 105779, 105965, 106625, 106631, 107124, 107158, 107552, 107561, 107664, 107834, 107842, 107868, 108814, 109139, 109410, 110287, 110576, 111010, 111263, 111678, 111859, 111986, 112553, 112587, 112830, 113666, 113970, 113978, 114094, 114690, 115106, 115398, 116417, 116421, 116652, 116766, 117287, 117346, 117585, 117634, 117963, 118251, 118337, 118540, 118567, 118607, 118753, 118764, 118875, 118944, 119014, 119107, 119148, 119202, 119679, 119734, 119855, 119913, 120076, 120147, 120506, 120659, 120754, 120869, 120931, 120966, 121011, 121140, 121523, 121835, 121886, 121892, 122305, 122384, 122579, 122831, 123056, 123072, 123147, 123330, 123593, 123622, 123762, 123840, 123953, 124358, 124501, 124522, 124550, 124609, 124616, 124632, 124774, 124780, 124843, 124866, 124942, 124962, 124994, 124997, 125186, 125319, 125418, 125456, 125539, 125543, 125579, 125648, 125789, 125924, 126091, 126096, 126160, 126219, 126276, 126424, 126482, 126596, 126633, 126720, 126757, 126850, 126859, 126990, 126995, 127043, 127131, 127133, 127144, 127406, 127426, 127437, 127467, 127470, 127504, 127620, 127689, 127727, 127773, 127923, 128013, 128045, 128069, 128107, 128166, 128197, 128211, 128326, 128338, 128344, 128368, 128594, 128847, 128866, 128884, 128919, 128944, 128952, 128982, 129024, 129076, 129092, 129108, 129147, 129153, 129274, 129324, 129325, 129409, 129496, 129537, 129599, 129674, 129679, 129743, 129765, 129773, 129822, 129899, 129932, 129966, 129995, 130033, 130181, 130185, 130208, 130209, 130214, 130217, 130244, 130290, 130315, 130364, 130376, 130452, 130497, 130515, 130687, 130699, 130730, 130787, 130805, 130870, 131042, 131193, 131340, 131428, 131443, 131518, 131576, 131603, 131604, 131804]. These nodes will be removed as they don't affect the optimization problem. Matrix size reduced from 131828 to 131513 nodes.
  warnings.warn(
/home/congp/SpectralAnnealing_revise/utils/data_loader.py:195: UserWarning: Found 82 isolated node(s) at indices [903, 4676, 5268, 11680, 16477, 16836, 17142, 17405, 20209, 20954, 21918, 23837, 28072, 28081, 33407, 37304, 38221, 39312, 39564, 40047, 40756, 41068, 42772, 43096, 43098, 45405, 45964, 47521, 49545, 51046, 51047, 51166, 51208, 51239, 51356, 51360, 51380, 51839, 51969, 53018, 53997, 56661, 56706, 57355, 57357, 57359, 57366, 57790, 58531, 58590, 59240, 59843, 60009, 60551, 60886, 61322, 61930, 61948, 62599, 63126, 63496, 63637, 64224, 64977, 66438, 67092, 67265, 67672, 68082, 68803, 70408, 70771, 71589, 71614, 73373, 73397, 75361, 77383, 78239, 78482, 79625, 81947]. These nodes will be removed as they don't affect the optimization problem. Matrix size reduced from 82144 to 82062 nodes.
  warnings.warn(
/home/congp/SpectralAnnealing_revise/utils/data_loader.py:195: UserWarning: Found 1183 isolated node(s) at indices [0, 1, 68, 69, 96, 130, 147, 169, 183, 185, 219, 228, 261, 271, 277, 278, 280, 353, 359, 360, 379, 384, 419, 441, 451, 458, 463, 465, 469, 470, 473, 474, 477, 481, 482, 483, 484, 486, 490, 495, 499, 502, 504, 507, 509, 511, 517, 525, 532, 534, 536, 602, 622, 628, 629, 659, 670, 679, 684, 701, 739, 746, 756, 776, 789, 808, 827, 832, 833, 845, 857, 883, 893, 900, 924, 938, 951, 952, 996, 1014, 1035, 1053, 1055, 1056, 1068, 1072, 1075, 1090, 1115, 1116, 1117, 1118, 1120, 1121, 1135, 1148, 1152, 1161, 1162, 1216, 1248, 1250, 1262, 1264, 1282, 1287, 1288, 1346, 1347, 1362, 1363, 1370, 1413, 1414, 1416, 1474, 1476, 1478, 1490, 1507, 1543, 1561, 1566, 1576, 1585, 1597, 1623, 1639, 1672, 1701, 1726, 1749, 1775, 1778, 1785, 1800, 1814, 1816, 1817, 1823, 1842, 1849, 1850, 1853, 1876, 1877, 1897, 1903, 1909, 1935, 1941, 1948, 1953, 1956, 1973, 1997, 1998, 2005, 2021, 2038, 2042, 2045, 2047, 2073, 2074, 2077, 2079, 2097, 2106, 2121, 2122, 2123, 2139, 2153, 2157, 2161, 2165, 2206, 2207, 2219, 2244, 2247, 2262, 2270, 2274, 2278, 2283, 2302, 2326, 2346, 2357, 2376, 2382, 2407, 2420, 2429, 2430, 2431, 2435, 2467, 2482, 2485, 2524, 2531, 2532, 2538, 2552, 2553, 2587, 2589, 2599, 2600, 2601, 2621, 2665, 2680, 2709, 2711, 2713, 2725, 2731, 2734, 2741, 2742, 2744, 2749, 2755, 2794, 2799, 2805, 2809, 2811, 2815, 2819, 2828, 2835, 2836, 2853, 2872, 2873, 2877, 2896, 2910, 2914, 2919, 2926, 2933, 2936, 2941, 2942, 2958, 2983, 2996, 3044, 3057, 3063, 3064, 3066, 3068, 3078, 3099, 3115, 3120, 3121, 3138, 3140, 3156, 3160, 3169, 3176, 3177, 3178, 3235, 3253, 3282, 3285, 3286, 3288, 3294, 3307, 3326, 3327, 3328, 3329, 3335, 3336, 3346, 3363, 3364, 3371, 3386, 3412, 3413, 3414, 3418, 3419, 3420, 3427, 3429, 3430, 3431, 3441, 3473, 3475, 3483, 3484, 3500, 3501, 3502, 3504, 3506, 3516, 3532, 3533, 3545, 3558, 3569, 3571, 3572, 3573, 3574, 3587, 3607, 3611, 3625, 3626, 3643, 3671, 3698, 3709, 3715, 3720, 3731, 3733, 3735, 3737, 3738, 3739, 3740, 3755, 3767, 3772, 3777, 3788, 3789, 3792, 3817, 3819, 3825, 3827, 3830, 3837, 3845, 3851, 3852, 3856, 3858, 3859, 3860, 3865, 3867, 3873, 3878, 3883, 3898, 3912, 3914, 3933, 3937, 3939, 3949, 3950, 3971, 3974, 3987, 3992, 3993, 3995, 4001, 4002, 4003, 4016, 4017, 4021, 4028, 4031, 4032, 4051, 4053, 4059, 4080, 4083, 4086, 4093, 4100, 4101, 4111, 4112, 4113, 4114, 4117, 4155, 4156, 4157, 4159, 4160, 4171, 4181, 4192, 4195, 4225, 4226, 4229, 4238, 4252, 4257, 4261, 4267, 4269, 4270, 4280, 4285, 4286, 4287, 4292, 4293, 4299, 4300, 4301, 4308, 4329, 4338, 4349, 4355, 4366, 4373, 4375, 4386, 4387, 4389, 4390, 4391, 4409, 4418, 4419, 4420, 4471, 4483, 4498, 4500, 4504, 4505, 4511, 4512, 4513, 4514, 4516, 4517, 4518, 4519, 4521, 4524, 4536, 4545, 4547, 4548, 4558, 4569, 4570, 4571, 4572, 4578, 4584, 4588, 4589, 4605, 4609, 4613, 4627, 4633, 4636, 4641, 4642, 4655, 4656, 4675, 4678, 4679, 4684, 4689, 4690, 4721, 4723, 4728, 4729, 4730, 4731, 4733, 4746, 4757, 4767, 4768, 4769, 4771, 4774, 4783, 4801, 4811, 4864, 4876, 4877, 4887, 4891, 4894, 4901, 4906, 4927, 4929, 4938, 4940, 4948, 4954, 4955, 4957, 4958, 4960, 4967, 4983, 4989, 4996, 4997, 5003, 5006, 5013, 5020, 5022, 5024, 5026, 5029, 5033, 5040, 5041, 5048, 5055, 5065, 5073, 5075, 5081, 5093, 5100, 5106, 5107, 5112, 5130, 5133, 5136, 5146, 5148, 5155, 5156, 5164, 5167, 5168, 5169, 5204, 5205, 5210, 5211, 5222, 5233, 5234, 5235, 5236, 5255, 5256, 5257, 5258, 5265, 5267, 5269, 5271, 5278, 5291, 5292, 5296, 5301, 5303, 5306, 5317, 5318, 5324, 5330, 5337, 5339, 5348, 5358, 5368, 5378, 5382, 5388, 5393, 5401, 5402, 5406, 5407, 5408, 5410, 5419, 5424, 5432, 5440, 5442, 5443, 5449, 5450, 5452, 5457, 5463, 5491, 5492, 5497, 5501, 5537, 5545, 5546, 5555, 5556, 5559, 5573, 5574, 5584, 5585, 5592, 5596, 5617, 5618, 5620, 5631, 5633, 5640, 5641, 5653, 5671, 5676, 5680, 5698, 5699, 5700, 5714, 5715, 5718, 5722, 5723, 5724, 5726, 5727, 5733, 5735, 5741, 5757, 5758, 5761, 5776, 5778, 5790, 5794, 5824, 5825, 5830, 5842, 5844, 5846, 5848, 5850, 5857, 5864, 5866, 5868, 5869, 5878, 5880, 5892, 5893, 5897, 5899, 5900, 5903, 5904, 5905, 5911, 5917, 5928, 5947, 5950, 5952, 5953, 5956, 5967, 5973, 5974, 5975, 5978, 5995, 6007, 6010, 6011, 6039, 6064, 6075, 6083, 6084, 6085, 6086, 6094, 6098, 6101, 6102, 6103, 6114, 6116, 6121, 6124, 6130, 6135, 6136, 6137, 6139, 6153, 6158, 6162, 6166, 6170, 6171, 6172, 6188, 6193, 6194, 6208, 6209, 6210, 6230, 6232, 6233, 6236, 6237, 6248, 6249, 6255, 6259, 6267, 6276, 6282, 6283, 6284, 6288, 6289, 6299, 6302, 6307, 6308, 6309, 6317, 6321, 6328, 6334, 6335, 6337, 6340, 6341, 6342, 6344, 6351, 6352, 6353, 6356, 6357, 6360, 6361, 6362, 6363, 6364, 6367, 6368, 6369, 6371, 6372, 6381, 6383, 6384, 6385, 6389, 6400, 6401, 6402, 6403, 6404, 6417, 6418, 6419, 6424, 6432, 6433, 6437, 6448, 6462, 6464, 6472, 6475, 6481, 6498, 6511, 6530, 6539, 6548, 6555, 6556, 6557, 6558, 6561, 6563, 6568, 6590, 6592, 6596, 6609, 6628, 6630, 6636, 6639, 6641, 6658, 6661, 6663, 6666, 6668, 6692, 6693, 6703, 6707, 6715, 6721, 6732, 6739, 6740, 6741, 6742, 6747, 6749, 6753, 6762, 6784, 6785, 6791, 6795, 6798, 6813, 6816, 6819, 6822, 6824, 6826, 6829, 6830, 6837, 6838, 6848, 6850, 6852, 6856, 6867, 6871, 6873, 6878, 6881, 6886, 6887, 6890, 6892, 6893, 6897, 6918, 6924, 6930, 6931, 6936, 6938, 6943, 6951, 6955, 6956, 6963, 6965, 6969, 6972, 6976, 6987, 6988, 6991, 7038, 7057, 7065, 7066, 7067, 7068, 7074, 7075, 7076, 7077, 7080, 7082, 7090, 7092, 7096, 7101, 7104, 7140, 7146, 7147, 7151, 7168, 7181, 7195, 7199, 7201, 7206, 7207, 7208, 7212, 7215, 7218, 7223, 7241, 7243, 7246, 7247, 7248, 7255, 7257, 7258, 7260, 7262, 7263, 7271, 7273, 7274, 7287, 7302, 7306, 7307, 7310, 7311, 7312, 7313, 7321, 7323, 7324, 7327, 7330, 7333, 7337, 7338, 7339, 7345, 7355, 7357, 7360, 7363, 7365, 7366, 7367, 7368, 7369, 7374, 7383, 7384, 7387, 7394, 7395, 7397, 7398, 7405, 7407, 7409, 7410, 7411, 7431, 7432, 7434, 7436, 7437, 7459, 7462, 7463, 7474, 7478, 7487, 7488, 7495, 7498, 7499, 7503, 7506, 7515, 7518, 7520, 7525, 7529, 7531, 7538, 7540, 7541, 7542, 7546, 7547, 7550, 7551, 7554, 7555, 7557, 7558, 7559, 7561, 7565, 7567, 7572, 7574, 7581, 7583, 7588, 7590, 7591, 7595, 7602, 7605, 7606, 7611, 7620, 7621, 7626, 7627, 7630, 7632, 7634, 7639, 7640, 7642, 7653, 7654, 7655, 7656, 7666, 7670, 7673, 7679, 7680, 7688, 7691, 7692, 7699, 7701, 7708, 7709, 7710, 7711, 7712, 7713, 7717, 7721, 7722, 7724, 7730, 7738, 7745, 7747, 7748, 7763, 7775, 7783, 7784, 7785, 7786, 7792, 7793, 7797, 7806, 7810, 7815, 7816, 7819, 7822, 7823, 7824, 7837, 7845, 7846, 7857, 7858, 7871, 7875, 7879, 7894, 7895, 7896, 7897, 7916, 7917, 7925, 7935, 7942, 7946, 7950, 7957, 7961, 7962, 7970, 7976, 7982, 7983, 7986, 7987, 7988, 7989, 7996, 8002, 8003, 8007, 8015, 8016, 8017, 8021, 8025, 8028, 8029, 8030, 8031, 8033, 8038, 8058, 8066, 8077, 8081, 8112, 8115, 8116, 8122, 8124, 8126, 8128, 8142, 8150, 8153, 8159, 8163, 8175, 8184, 8187, 8190, 8199, 8200, 8206, 8207, 8209, 8216, 8217, 8219, 8222, 8227, 8229, 8233, 8238, 8239, 8246, 8249, 8256, 8257, 8258, 8266, 8267, 8268, 8277, 8278, 8279, 8280]. These nodes will be removed as they don't affect the optimization problem. Matrix size reduced from 8297 to 7114 nodes.
  warnings.warn(

