2026-01-14 16:19:55,971 - DSN - INFO - Initialized DSN_thorough | preset=thorough | GPU=True
2026-01-14 16:19:55,971 - DSN - INFO - Params: η=0.003, T=500, init=degree, LS=True
2026-01-14 16:19:56,303 - DSN - INFO - Using GPU solver (CuPy)
2026-01-14 16:19:56,991 - DSN - INFO - DSN GPU Solver: n=800, edges=19176
2026-01-14 16:19:56,991 - DSN - INFO - DSN GPU: T=500, η=0.003, LS=True
2026-01-14 16:20:00,588 - DSN - ERROR - Solver failed: not enough values to unpack (expected 3, got 2)
2026-01-14 16:20:00,588 - DSN - INFO - Initialized DSN_thorough | preset=thorough | GPU=True
2026-01-14 16:20:00,589 - DSN - INFO - Params: η=0.003, T=500, init=degree, LS=True
2026-01-14 16:20:00,589 - DSN - INFO - Using GPU solver (CuPy)
2026-01-14 16:20:00,592 - DSN - INFO - DSN GPU Solver: n=800, edges=19176
2026-01-14 16:20:00,592 - DSN - INFO - DSN GPU: T=500, η=0.003, LS=True
2026-01-14 16:20:00,603 - DSN - ERROR - Solver failed: not enough values to unpack (expected 3, got 2)
2026-01-14 16:20:00,603 - DSN - INFO - Initialized DSN_thorough | preset=thorough | GPU=True
2026-01-14 16:20:00,603 - DSN - INFO - Params: η=0.003, T=500, init=degree, LS=True
2026-01-14 16:20:00,603 - DSN - INFO - Using GPU solver (CuPy)
2026-01-14 16:20:00,605 - DSN - INFO - DSN GPU Solver: n=800, edges=19176
2026-01-14 16:20:00,605 - DSN - INFO - DSN GPU: T=500, η=0.003, LS=True
2026-01-14 16:20:00,615 - DSN - ERROR - Solver failed: not enough values to unpack (expected 3, got 2)
2026-01-14 16:20:00,615 - DSN - INFO - Initialized DSN_thorough | preset=thorough | GPU=True
2026-01-14 16:20:00,616 - DSN - INFO - Params: η=0.003, T=500, init=degree, LS=True
2026-01-14 16:20:00,616 - DSN - INFO - Using GPU solver (CuPy)
2026-01-14 16:20:00,618 - DSN - INFO - DSN GPU Solver: n=800, edges=19176
2026-01-14 16:20:00,618 - DSN - INFO - DSN GPU: T=500, η=0.003, LS=True
2026-01-14 16:20:00,628 - DSN - ERROR - Solver failed: not enough values to unpack (expected 3, got 2)
2026-01-14 16:20:00,628 - DSN - INFO - Initialized DSN_thorough | preset=thorough | GPU=True
2026-01-14 16:20:00,628 - DSN - INFO - Params: η=0.003, T=500, init=degree, LS=True
2026-01-14 16:20:00,628 - DSN - INFO - Using GPU solver (CuPy)
2026-01-14 16:20:00,630 - DSN - INFO - DSN GPU Solver: n=800, edges=19176
2026-01-14 16:20:00,630 - DSN - INFO - DSN GPU: T=500, η=0.003, LS=True
2026-01-14 16:20:00,640 - DSN - ERROR - Solver failed: not enough values to unpack (expected 3, got 2)
2026-01-14 16:20:00,640 - DSN - INFO - Initialized DSN_thorough | preset=thorough | GPU=True
2026-01-14 16:20:00,640 - DSN - INFO - Params: η=0.003, T=500, init=degree, LS=True
2026-01-14 16:20:00,640 - DSN - INFO - Using GPU solver (CuPy)
2026-01-14 16:20:00,642 - DSN - INFO - DSN GPU Solver: n=800, edges=19176
2026-01-14 16:20:00,642 - DSN - INFO - DSN GPU: T=500, η=0.003, LS=True
2026-01-14 16:20:00,652 - DSN - ERROR - Solver failed: not enough values to unpack (expected 3, got 2)
2026-01-14 16:20:00,652 - DSN - INFO - Initialized DSN_thorough | preset=thorough | GPU=True
2026-01-14 16:20:00,653 - DSN - INFO - Params: η=0.003, T=500, init=degree, LS=True
2026-01-14 16:20:00,653 - DSN - INFO - Using GPU solver (CuPy)
2026-01-14 16:20:00,655 - DSN - INFO - DSN GPU Solver: n=800, edges=19176
2026-01-14 16:20:00,655 - DSN - INFO - DSN GPU: T=500, η=0.003, LS=True
2026-01-14 16:20:00,665 - DSN - ERROR - Solver failed: not enough values to unpack (expected 3, got 2)
2026-01-14 16:20:00,665 - DSN - INFO - Initialized DSN_thorough | preset=thorough | GPU=True
2026-01-14 16:20:00,665 - DSN - INFO - Params: η=0.003, T=500, init=degree, LS=True
2026-01-14 16:20:00,665 - DSN - INFO - Using GPU solver (CuPy)
2026-01-14 16:20:00,667 - DSN - INFO - DSN GPU Solver: n=800, edges=19176
2026-01-14 16:20:00,667 - DSN - INFO - DSN GPU: T=500, η=0.003, LS=True
2026-01-14 16:20:00,677 - DSN - ERROR - Solver failed: not enough values to unpack (expected 3, got 2)
2026-01-14 16:20:00,677 - DSN - INFO - Initialized DSN_thorough | preset=thorough | GPU=True
2026-01-14 16:20:00,677 - DSN - INFO - Params: η=0.003, T=500, init=degree, LS=True
2026-01-14 16:20:00,677 - DSN - INFO - Using GPU solver (CuPy)
2026-01-14 16:20:00,679 - DSN - INFO - DSN GPU Solver: n=800, edges=19176
2026-01-14 16:20:00,679 - DSN - INFO - DSN GPU: T=500, η=0.003, LS=True
2026-01-14 16:20:00,689 - DSN - ERROR - Solver failed: not enough values to unpack (expected 3, got 2)
2026-01-14 16:20:00,689 - DSN - INFO - Initialized DSN_thorough | preset=thorough | GPU=True
2026-01-14 16:20:00,689 - DSN - INFO - Params: η=0.003, T=500, init=degree, LS=True
2026-01-14 16:20:00,689 - DSN - INFO - Using GPU solver (CuPy)
2026-01-14 16:20:00,691 - DSN - INFO - DSN GPU Solver: n=800, edges=19176
2026-01-14 16:20:00,691 - DSN - INFO - DSN GPU: T=500, η=0.003, LS=True
2026-01-14 16:20:00,702 - DSN - ERROR - Solver failed: not enough values to unpack (expected 3, got 2)
2026-01-14 16:20:00,730 - DSN - INFO - Initialized DSN_thorough | preset=thorough | GPU=True
2026-01-14 16:20:00,730 - DSN - INFO - Params: η=0.003, T=500, init=degree, LS=True
2026-01-14 16:20:00,730 - DSN - INFO - Using GPU solver (CuPy)
2026-01-14 16:20:00,733 - DSN - INFO - DSN GPU Solver: n=800, edges=19176
2026-01-14 16:20:00,733 - DSN - INFO - DSN GPU: T=500, η=0.003, LS=True
2026-01-14 16:20:00,907 - DSN - ERROR - Solver failed: not enough values to unpack (expected 3, got 2)
2026-01-14 16:20:00,907 - DSN - INFO - Initialized DSN_thorough | preset=thorough | GPU=True
2026-01-14 16:20:00,907 - DSN - INFO - Params: η=0.003, T=500, init=degree, LS=True
2026-01-14 16:20:00,907 - DSN - INFO - Using GPU solver (CuPy)
2026-01-14 16:20:00,910 - DSN - INFO - DSN GPU Solver: n=800, edges=19176
2026-01-14 16:20:00,910 - DSN - INFO - DSN GPU: T=500, η=0.003, LS=True
2026-01-14 16:20:00,946 - DSN - ERROR - Solver failed: not enough values to unpack (expected 3, got 2)
2026-01-14 16:20:00,946 - DSN - INFO - Initialized DSN_thorough | preset=thorough | GPU=True
2026-01-14 16:20:00,946 - DSN - INFO - Params: η=0.003, T=500, init=degree, LS=True
2026-01-14 16:20:00,946 - DSN - INFO - Using GPU solver (CuPy)
2026-01-14 16:20:00,949 - DSN - INFO - DSN GPU Solver: n=800, edges=19176
2026-01-14 16:20:00,949 - DSN - INFO - DSN GPU: T=500, η=0.003, LS=True
2026-01-14 16:20:00,976 - DSN - ERROR - Solver failed: not enough values to unpack (expected 3, got 2)
2026-01-14 16:20:00,976 - DSN - INFO - Initialized DSN_thorough | preset=thorough | GPU=True
2026-01-14 16:20:00,977 - DSN - INFO - Params: η=0.003, T=500, init=degree, LS=True
2026-01-14 16:20:00,977 - DSN - INFO - Using GPU solver (CuPy)
2026-01-14 16:20:00,979 - DSN - INFO - DSN GPU Solver: n=800, edges=19176
2026-01-14 16:20:00,979 - DSN - INFO - DSN GPU: T=500, η=0.003, LS=True
2026-01-14 16:20:01,006 - DSN - ERROR - Solver failed: not enough values to unpack (expected 3, got 2)
2026-01-14 16:20:01,006 - DSN - INFO - Initialized DSN_thorough | preset=thorough | GPU=True
2026-01-14 16:20:01,006 - DSN - INFO - Params: η=0.003, T=500, init=degree, LS=True
2026-01-14 16:20:01,006 - DSN - INFO - Using GPU solver (CuPy)
2026-01-14 16:20:01,009 - DSN - INFO - DSN GPU Solver: n=800, edges=19176
2026-01-14 16:20:01,009 - DSN - INFO - DSN GPU: T=500, η=0.003, LS=True
2026-01-14 16:20:01,044 - DSN - ERROR - Solver failed: not enough values to unpack (expected 3, got 2)
2026-01-14 16:20:01,044 - DSN - INFO - Initialized DSN_thorough | preset=thorough | GPU=True
2026-01-14 16:20:01,044 - DSN - INFO - Params: η=0.003, T=500, init=degree, LS=True
2026-01-14 16:20:01,044 - DSN - INFO - Using GPU solver (CuPy)
2026-01-14 16:20:01,047 - DSN - INFO - DSN GPU Solver: n=800, edges=19176
2026-01-14 16:20:01,047 - DSN - INFO - DSN GPU: T=500, η=0.003, LS=True
2026-01-14 16:20:01,074 - DSN - ERROR - Solver failed: not enough values to unpack (expected 3, got 2)
2026-01-14 16:20:01,074 - DSN - INFO - Initialized DSN_thorough | preset=thorough | GPU=True
2026-01-14 16:20:01,074 - DSN - INFO - Params: η=0.003, T=500, init=degree, LS=True
2026-01-14 16:20:01,074 - DSN - INFO - Using GPU solver (CuPy)
2026-01-14 16:20:01,076 - DSN - INFO - DSN GPU Solver: n=800, edges=19176
2026-01-14 16:20:01,076 - DSN - INFO - DSN GPU: T=500, η=0.003, LS=True
2026-01-14 16:20:01,112 - DSN - ERROR - Solver failed: not enough values to unpack (expected 3, got 2)
2026-01-14 16:20:01,112 - DSN - INFO - Initialized DSN_thorough | preset=thorough | GPU=True
2026-01-14 16:20:01,112 - DSN - INFO - Params: η=0.003, T=500, init=degree, LS=True
2026-01-14 16:20:01,112 - DSN - INFO - Using GPU solver (CuPy)
2026-01-14 16:20:01,114 - DSN - INFO - DSN GPU Solver: n=800, edges=19176
2026-01-14 16:20:01,114 - DSN - INFO - DSN GPU: T=500, η=0.003, LS=True
2026-01-14 16:20:01,141 - DSN - ERROR - Solver failed: not enough values to unpack (expected 3, got 2)
2026-01-14 16:20:01,141 - DSN - INFO - Initialized DSN_thorough | preset=thorough | GPU=True
2026-01-14 16:20:01,141 - DSN - INFO - Params: η=0.003, T=500, init=degree, LS=True
2026-01-14 16:20:01,141 - DSN - INFO - Using GPU solver (CuPy)
2026-01-14 16:20:01,144 - DSN - INFO - DSN GPU Solver: n=800, edges=19176
2026-01-14 16:20:01,144 - DSN - INFO - DSN GPU: T=500, η=0.003, LS=True
2026-01-14 16:20:01,180 - DSN - ERROR - Solver failed: not enough values to unpack (expected 3, got 2)
2026-01-14 16:20:01,180 - DSN - INFO - Initialized DSN_thorough | preset=thorough | GPU=True
2026-01-14 16:20:01,180 - DSN - INFO - Params: η=0.003, T=500, init=degree, LS=True
2026-01-14 16:20:01,180 - DSN - INFO - Using GPU solver (CuPy)
2026-01-14 16:20:01,182 - DSN - INFO - DSN GPU Solver: n=800, edges=19176
2026-01-14 16:20:01,182 - DSN - INFO - DSN GPU: T=500, η=0.003, LS=True
2026-01-14 16:20:01,226 - DSN - ERROR - Solver failed: not enough values to unpack (expected 3, got 2)
2026-01-14 16:20:01,229 - DSN - INFO - Initialized DSN_thorough | preset=thorough | GPU=True
2026-01-14 16:20:01,229 - DSN - INFO - Params: η=0.003, T=500, init=degree, LS=True
2026-01-14 16:20:01,229 - DSN - INFO - Using GPU solver (CuPy)
2026-01-14 16:20:01,230 - DSN - INFO - DSN GPU Solver: n=800, edges=1600
2026-01-14 16:20:01,230 - DSN - INFO - DSN GPU: T=500, η=0.003, LS=True
2026-01-14 16:20:01,257 - DSN - ERROR - Solver failed: not enough values to unpack (expected 3, got 2)
2026-01-14 16:20:01,257 - DSN - INFO - Initialized DSN_thorough | preset=thorough | GPU=True
2026-01-14 16:20:01,257 - DSN - INFO - Params: η=0.003, T=500, init=degree, LS=True
2026-01-14 16:20:01,257 - DSN - INFO - Using GPU solver (CuPy)
2026-01-14 16:20:01,258 - DSN - INFO - DSN GPU Solver: n=800, edges=1600
2026-01-14 16:20:01,258 - DSN - INFO - DSN GPU: T=500, η=0.003, LS=True
2026-01-14 16:20:01,285 - DSN - ERROR - Solver failed: not enough values to unpack (expected 3, got 2)
2026-01-14 16:20:01,285 - DSN - INFO - Initialized DSN_thorough | preset=thorough | GPU=True
2026-01-14 16:20:01,285 - DSN - INFO - Params: η=0.003, T=500, init=degree, LS=True
2026-01-14 16:20:01,285 - DSN - INFO - Using GPU solver (CuPy)
2026-01-14 16:20:01,286 - DSN - INFO - DSN GPU Solver: n=800, edges=1600
2026-01-14 16:20:01,286 - DSN - INFO - DSN GPU: T=500, η=0.003, LS=True
2026-01-14 16:20:01,304 - DSN - ERROR - Solver failed: not enough values to unpack (expected 3, got 2)
2026-01-14 16:20:01,304 - DSN - INFO - Initialized DSN_thorough | preset=thorough | GPU=True
2026-01-14 16:20:01,304 - DSN - INFO - Params: η=0.003, T=500, init=degree, LS=True
2026-01-14 16:20:01,304 - DSN - INFO - Using GPU solver (CuPy)
2026-01-14 16:20:01,305 - DSN - INFO - DSN GPU Solver: n=800, edges=1600
2026-01-14 16:20:01,305 - DSN - INFO - DSN GPU: T=500, η=0.003, LS=True
2026-01-14 16:20:01,332 - DSN - ERROR - Solver failed: not enough values to unpack (expected 3, got 2)
2026-01-14 16:20:01,332 - DSN - INFO - Initialized DSN_thorough | preset=thorough | GPU=True
2026-01-14 16:20:01,332 - DSN - INFO - Params: η=0.003, T=500, init=degree, LS=True
2026-01-14 16:20:01,332 - DSN - INFO - Using GPU solver (CuPy)
2026-01-14 16:20:01,333 - DSN - INFO - DSN GPU Solver: n=800, edges=1600
2026-01-14 16:20:01,333 - DSN - INFO - DSN GPU: T=500, η=0.003, LS=True
2026-01-14 16:20:01,351 - DSN - ERROR - Solver failed: not enough values to unpack (expected 3, got 2)
2026-01-14 16:20:01,351 - DSN - INFO - Initialized DSN_thorough | preset=thorough | GPU=True
2026-01-14 16:20:01,351 - DSN - INFO - Params: η=0.003, T=500, init=degree, LS=True
2026-01-14 16:20:01,351 - DSN - INFO - Using GPU solver (CuPy)
2026-01-14 16:20:01,352 - DSN - INFO - DSN GPU Solver: n=800, edges=1600
2026-01-14 16:20:01,352 - DSN - INFO - DSN GPU: T=500, η=0.003, LS=True
2026-01-14 16:20:01,371 - DSN - ERROR - Solver failed: not enough values to unpack (expected 3, got 2)
2026-01-14 16:20:01,371 - DSN - INFO - Initialized DSN_thorough | preset=thorough | GPU=True
2026-01-14 16:20:01,371 - DSN - INFO - Params: η=0.003, T=500, init=degree, LS=True
2026-01-14 16:20:01,371 - DSN - INFO - Using GPU solver (CuPy)
2026-01-14 16:20:01,372 - DSN - INFO - DSN GPU Solver: n=800, edges=1600
2026-01-14 16:20:01,372 - DSN - INFO - DSN GPU: T=500, η=0.003, LS=True
2026-01-14 16:20:01,390 - DSN - ERROR - Solver failed: not enough values to unpack (expected 3, got 2)
2026-01-14 16:20:01,390 - DSN - INFO - Initialized DSN_thorough | preset=thorough | GPU=True
2026-01-14 16:20:01,390 - DSN - INFO - Params: η=0.003, T=500, init=degree, LS=True
2026-01-14 16:20:01,390 - DSN - INFO - Using GPU solver (CuPy)
2026-01-14 16:20:01,391 - DSN - INFO - DSN GPU Solver: n=800, edges=1600
2026-01-14 16:20:01,391 - DSN - INFO - DSN GPU: T=500, η=0.003, LS=True
2026-01-14 16:20:01,409 - DSN - ERROR - Solver failed: not enough values to unpack (expected 3, got 2)
2026-01-14 16:20:01,410 - DSN - INFO - Initialized DSN_thorough | preset=thorough | GPU=True
2026-01-14 16:20:01,410 - DSN - INFO - Params: η=0.003, T=500, init=degree, LS=True
2026-01-14 16:20:01,410 - DSN - INFO - Using GPU solver (CuPy)
2026-01-14 16:20:01,410 - DSN - INFO - DSN GPU Solver: n=800, edges=1600
2026-01-14 16:20:01,410 - DSN - INFO - DSN GPU: T=500, η=0.003, LS=True
2026-01-14 16:20:01,438 - DSN - ERROR - Solver failed: not enough values to unpack (expected 3, got 2)
2026-01-14 16:20:01,438 - DSN - INFO - Initialized DSN_thorough | preset=thorough | GPU=True
2026-01-14 16:20:01,438 - DSN - INFO - Params: η=0.003, T=500, init=degree, LS=True
2026-01-14 16:20:01,438 - DSN - INFO - Using GPU solver (CuPy)
2026-01-14 16:20:01,439 - DSN - INFO - DSN GPU Solver: n=800, edges=1600
2026-01-14 16:20:01,439 - DSN - INFO - DSN GPU: T=500, η=0.003, LS=True
2026-01-14 16:20:01,466 - DSN - ERROR - Solver failed: not enough values to unpack (expected 3, got 2)
2026-01-14 16:20:01,469 - DSN - INFO - Initialized DSN_thorough | preset=thorough | GPU=True
2026-01-14 16:20:01,469 - DSN - INFO - Params: η=0.003, T=500, init=degree, LS=True
2026-01-14 16:20:01,469 - DSN - INFO - Using GPU solver (CuPy)
2026-01-14 16:20:01,470 - DSN - INFO - DSN GPU Solver: n=800, edges=1600
2026-01-14 16:20:01,470 - DSN - INFO - DSN GPU: T=500, η=0.003, LS=True
2026-01-14 16:20:01,488 - DSN - ERROR - Solver failed: not enough values to unpack (expected 3, got 2)
2026-01-14 16:20:01,489 - DSN - INFO - Initialized DSN_thorough | preset=thorough | GPU=True
2026-01-14 16:20:01,489 - DSN - INFO - Params: η=0.003, T=500, init=degree, LS=True
2026-01-14 16:20:01,489 - DSN - INFO - Using GPU solver (CuPy)
2026-01-14 16:20:01,489 - DSN - INFO - DSN GPU Solver: n=800, edges=1600
2026-01-14 16:20:01,489 - DSN - INFO - DSN GPU: T=500, η=0.003, LS=True
2026-01-14 16:20:01,508 - DSN - ERROR - Solver failed: not enough values to unpack (expected 3, got 2)
2026-01-14 16:20:01,508 - DSN - INFO - Initialized DSN_thorough | preset=thorough | GPU=True
2026-01-14 16:20:01,508 - DSN - INFO - Params: η=0.003, T=500, init=degree, LS=True
2026-01-14 16:20:01,508 - DSN - INFO - Using GPU solver (CuPy)
2026-01-14 16:20:01,509 - DSN - INFO - DSN GPU Solver: n=800, edges=1600
2026-01-14 16:20:01,509 - DSN - INFO - DSN GPU: T=500, η=0.003, LS=True
2026-01-14 16:20:01,527 - DSN - ERROR - Solver failed: not enough values to unpack (expected 3, got 2)
2026-01-14 16:20:01,527 - DSN - INFO - Initialized DSN_thorough | preset=thorough | GPU=True
2026-01-14 16:20:01,527 - DSN - INFO - Params: η=0.003, T=500, init=degree, LS=True
2026-01-14 16:20:01,527 - DSN - INFO - Using GPU solver (CuPy)
2026-01-14 16:20:01,528 - DSN - INFO - DSN GPU Solver: n=800, edges=1600
2026-01-14 16:20:01,528 - DSN - INFO - DSN GPU: T=500, η=0.003, LS=True
2026-01-14 16:20:01,555 - DSN - ERROR - Solver failed: not enough values to unpack (expected 3, got 2)
2026-01-14 16:20:01,555 - DSN - INFO - Initialized DSN_thorough | preset=thorough | GPU=True
2026-01-14 16:20:01,555 - DSN - INFO - Params: η=0.003, T=500, init=degree, LS=True
2026-01-14 16:20:01,555 - DSN - INFO - Using GPU solver (CuPy)
2026-01-14 16:20:01,556 - DSN - INFO - DSN GPU Solver: n=800, edges=1600
2026-01-14 16:20:01,556 - DSN - INFO - DSN GPU: T=500, η=0.003, LS=True
2026-01-14 16:20:01,574 - DSN - ERROR - Solver failed: not enough values to unpack (expected 3, got 2)
2026-01-14 16:20:01,574 - DSN - INFO - Initialized DSN_thorough | preset=thorough | GPU=True
2026-01-14 16:20:01,574 - DSN - INFO - Params: η=0.003, T=500, init=degree, LS=True
2026-01-14 16:20:01,574 - DSN - INFO - Using GPU solver (CuPy)
2026-01-14 16:20:01,575 - DSN - INFO - DSN GPU Solver: n=800, edges=1600
2026-01-14 16:20:01,575 - DSN - INFO - DSN GPU: T=500, η=0.003, LS=True
2026-01-14 16:20:01,602 - DSN - ERROR - Solver failed: not enough values to unpack (expected 3, got 2)
2026-01-14 16:20:01,602 - DSN - INFO - Initialized DSN_thorough | preset=thorough | GPU=True
2026-01-14 16:20:01,602 - DSN - INFO - Params: η=0.003, T=500, init=degree, LS=True
2026-01-14 16:20:01,602 - DSN - INFO - Using GPU solver (CuPy)
2026-01-14 16:20:01,603 - DSN - INFO - DSN GPU Solver: n=800, edges=1600
2026-01-14 16:20:01,603 - DSN - INFO - DSN GPU: T=500, η=0.003, LS=True
2026-01-14 16:20:01,621 - DSN - ERROR - Solver failed: not enough values to unpack (expected 3, got 2)
2026-01-14 16:20:01,621 - DSN - INFO - Initialized DSN_thorough | preset=thorough | GPU=True
2026-01-14 16:20:01,621 - DSN - INFO - Params: η=0.003, T=500, init=degree, LS=True
2026-01-14 16:20:01,621 - DSN - INFO - Using GPU solver (CuPy)
2026-01-14 16:20:01,622 - DSN - INFO - DSN GPU Solver: n=800, edges=1600
2026-01-14 16:20:01,622 - DSN - INFO - DSN GPU: T=500, η=0.003, LS=True
2026-01-14 16:20:01,640 - DSN - ERROR - Solver failed: not enough values to unpack (expected 3, got 2)
2026-01-14 16:20:01,640 - DSN - INFO - Initialized DSN_thorough | preset=thorough | GPU=True
2026-01-14 16:20:01,640 - DSN - INFO - Params: η=0.003, T=500, init=degree, LS=True
2026-01-14 16:20:01,640 - DSN - INFO - Using GPU solver (CuPy)
2026-01-14 16:20:01,641 - DSN - INFO - DSN GPU Solver: n=800, edges=1600
2026-01-14 16:20:01,641 - DSN - INFO - DSN GPU: T=500, η=0.003, LS=True
2026-01-14 16:20:01,659 - DSN - ERROR - Solver failed: not enough values to unpack (expected 3, got 2)
2026-01-14 16:20:01,659 - DSN - INFO - Initialized DSN_thorough | preset=thorough | GPU=True
2026-01-14 16:20:01,659 - DSN - INFO - Params: η=0.003, T=500, init=degree, LS=True
2026-01-14 16:20:01,659 - DSN - INFO - Using GPU solver (CuPy)
2026-01-14 16:20:01,660 - DSN - INFO - DSN GPU Solver: n=800, edges=1600
2026-01-14 16:20:01,660 - DSN - INFO - DSN GPU: T=500, η=0.003, LS=True
2026-01-14 16:20:01,679 - DSN - ERROR - Solver failed: not enough values to unpack (expected 3, got 2)
2026-01-14 16:20:01,698 - DSN - INFO - Initialized DSN_thorough | preset=thorough | GPU=True
2026-01-14 16:20:01,698 - DSN - INFO - Params: η=0.003, T=500, init=degree, LS=True
2026-01-14 16:20:01,698 - DSN - INFO - Using GPU solver (CuPy)
2026-01-14 16:20:01,699 - DSN - INFO - DSN GPU Solver: n=800, edges=1600
2026-01-14 16:20:01,699 - DSN - INFO - DSN GPU: T=500, η=0.003, LS=True
2026-01-14 16:20:01,725 - DSN - ERROR - Solver failed: not enough values to unpack (expected 3, got 2)
2026-01-14 16:20:01,726 - DSN - INFO - Initialized DSN_thorough | preset=thorough | GPU=True
2026-01-14 16:20:01,726 - DSN - INFO - Params: η=0.003, T=500, init=degree, LS=True
2026-01-14 16:20:01,726 - DSN - INFO - Using GPU solver (CuPy)
2026-01-14 16:20:01,726 - DSN - INFO - DSN GPU Solver: n=800, edges=1600
2026-01-14 16:20:01,727 - DSN - INFO - DSN GPU: T=500, η=0.003, LS=True
2026-01-14 16:20:01,762 - DSN - ERROR - Solver failed: not enough values to unpack (expected 3, got 2)
2026-01-14 16:20:01,762 - DSN - INFO - Initialized DSN_thorough | preset=thorough | GPU=True
2026-01-14 16:20:01,762 - DSN - INFO - Params: η=0.003, T=500, init=degree, LS=True
2026-01-14 16:20:01,762 - DSN - INFO - Using GPU solver (CuPy)
2026-01-14 16:20:01,763 - DSN - INFO - DSN GPU Solver: n=800, edges=1600
2026-01-14 16:20:01,763 - DSN - INFO - DSN GPU: T=500, η=0.003, LS=True
2026-01-14 16:20:01,807 - DSN - ERROR - Solver failed: not enough values to unpack (expected 3, got 2)
2026-01-14 16:20:01,807 - DSN - INFO - Initialized DSN_thorough | preset=thorough | GPU=True
2026-01-14 16:20:01,807 - DSN - INFO - Params: η=0.003, T=500, init=degree, LS=True
2026-01-14 16:20:01,807 - DSN - INFO - Using GPU solver (CuPy)
2026-01-14 16:20:01,808 - DSN - INFO - DSN GPU Solver: n=800, edges=1600
2026-01-14 16:20:01,808 - DSN - INFO - DSN GPU: T=500, η=0.003, LS=True
2026-01-14 16:20:01,851 - DSN - ERROR - Solver failed: not enough values to unpack (expected 3, got 2)
2026-01-14 16:20:01,852 - DSN - INFO - Initialized DSN_thorough | preset=thorough | GPU=True
2026-01-14 16:20:01,852 - DSN - INFO - Params: η=0.003, T=500, init=degree, LS=True
2026-01-14 16:20:01,852 - DSN - INFO - Using GPU solver (CuPy)
2026-01-14 16:20:01,852 - DSN - INFO - DSN GPU Solver: n=800, edges=1600
2026-01-14 16:20:01,853 - DSN - INFO - DSN GPU: T=500, η=0.003, LS=True
2026-01-14 16:20:01,888 - DSN - ERROR - Solver failed: not enough values to unpack (expected 3, got 2)
2026-01-14 16:20:01,888 - DSN - INFO - Initialized DSN_thorough | preset=thorough | GPU=True
2026-01-14 16:20:01,888 - DSN - INFO - Params: η=0.003, T=500, init=degree, LS=True
2026-01-14 16:20:01,888 - DSN - INFO - Using GPU solver (CuPy)
2026-01-14 16:20:01,889 - DSN - INFO - DSN GPU Solver: n=800, edges=1600
2026-01-14 16:20:01,889 - DSN - INFO - DSN GPU: T=500, η=0.003, LS=True
2026-01-14 16:20:01,916 - DSN - ERROR - Solver failed: not enough values to unpack (expected 3, got 2)
2026-01-14 16:20:01,916 - DSN - INFO - Initialized DSN_thorough | preset=thorough | GPU=True
2026-01-14 16:20:01,916 - DSN - INFO - Params: η=0.003, T=500, init=degree, LS=True
2026-01-14 16:20:01,916 - DSN - INFO - Using GPU solver (CuPy)
2026-01-14 16:20:01,917 - DSN - INFO - DSN GPU Solver: n=800, edges=1600
2026-01-14 16:20:01,917 - DSN - INFO - DSN GPU: T=500, η=0.003, LS=True
2026-01-14 16:20:01,944 - DSN - ERROR - Solver failed: not enough values to unpack (expected 3, got 2)
2026-01-14 16:20:01,944 - DSN - INFO - Initialized DSN_thorough | preset=thorough | GPU=True
2026-01-14 16:20:01,944 - DSN - INFO - Params: η=0.003, T=500, init=degree, LS=True
2026-01-14 16:20:01,944 - DSN - INFO - Using GPU solver (CuPy)
2026-01-14 16:20:01,945 - DSN - INFO - DSN GPU Solver: n=800, edges=1600
2026-01-14 16:20:01,945 - DSN - INFO - DSN GPU: T=500, η=0.003, LS=True
2026-01-14 16:20:01,989 - DSN - ERROR - Solver failed: not enough values to unpack (expected 3, got 2)
2026-01-14 16:20:01,989 - DSN - INFO - Initialized DSN_thorough | preset=thorough | GPU=True
2026-01-14 16:20:01,989 - DSN - INFO - Params: η=0.003, T=500, init=degree, LS=True
2026-01-14 16:20:01,989 - DSN - INFO - Using GPU solver (CuPy)
2026-01-14 16:20:01,990 - DSN - INFO - DSN GPU Solver: n=800, edges=1600
2026-01-14 16:20:01,990 - DSN - INFO - DSN GPU: T=500, η=0.003, LS=True
2026-01-14 16:20:02,025 - DSN - ERROR - Solver failed: not enough values to unpack (expected 3, got 2)
2026-01-14 16:20:02,025 - DSN - INFO - Initialized DSN_thorough | preset=thorough | GPU=True
2026-01-14 16:20:02,025 - DSN - INFO - Params: η=0.003, T=500, init=degree, LS=True
2026-01-14 16:20:02,025 - DSN - INFO - Using GPU solver (CuPy)
2026-01-14 16:20:02,026 - DSN - INFO - DSN GPU Solver: n=800, edges=1600
2026-01-14 16:20:02,026 - DSN - INFO - DSN GPU: T=500, η=0.003, LS=True
2026-01-14 16:20:02,053 - DSN - ERROR - Solver failed: not enough values to unpack (expected 3, got 2)
2026-01-14 16:20:02,080 - DSN - INFO - Initialized DSN_thorough | preset=thorough | GPU=True
2026-01-14 16:20:02,080 - DSN - INFO - Params: η=0.003, T=500, init=degree, LS=True
2026-01-14 16:20:02,080 - DSN - INFO - Using GPU solver (CuPy)
2026-01-14 16:20:02,081 - DSN - INFO - DSN GPU Solver: n=800, edges=4694
2026-01-14 16:20:02,081 - DSN - INFO - DSN GPU: T=500, η=0.003, LS=True
2026-01-14 16:20:02,091 - DSN - ERROR - Solver failed: not enough values to unpack (expected 3, got 2)
2026-01-14 16:20:02,091 - DSN - INFO - Initialized DSN_thorough | preset=thorough | GPU=True
2026-01-14 16:20:02,091 - DSN - INFO - Params: η=0.003, T=500, init=degree, LS=True
2026-01-14 16:20:02,091 - DSN - INFO - Using GPU solver (CuPy)
2026-01-14 16:20:02,092 - DSN - INFO - DSN GPU Solver: n=800, edges=4694
2026-01-14 16:20:02,092 - DSN - INFO - DSN GPU: T=500, η=0.003, LS=True
2026-01-14 16:20:02,102 - DSN - ERROR - Solver failed: not enough values to unpack (expected 3, got 2)
2026-01-14 16:20:02,102 - DSN - INFO - Initialized DSN_thorough | preset=thorough | GPU=True
2026-01-14 16:20:02,102 - DSN - INFO - Params: η=0.003, T=500, init=degree, LS=True
2026-01-14 16:20:02,102 - DSN - INFO - Using GPU solver (CuPy)
2026-01-14 16:20:02,103 - DSN - INFO - DSN GPU Solver: n=800, edges=4694
2026-01-14 16:20:02,103 - DSN - INFO - DSN GPU: T=500, η=0.003, LS=True
2026-01-14 16:20:02,113 - DSN - ERROR - Solver failed: not enough values to unpack (expected 3, got 2)
2026-01-14 16:20:02,113 - DSN - INFO - Initialized DSN_thorough | preset=thorough | GPU=True
2026-01-14 16:20:02,113 - DSN - INFO - Params: η=0.003, T=500, init=degree, LS=True
2026-01-14 16:20:02,113 - DSN - INFO - Using GPU solver (CuPy)
2026-01-14 16:20:02,114 - DSN - INFO - DSN GPU Solver: n=800, edges=4694
2026-01-14 16:20:02,114 - DSN - INFO - DSN GPU: T=500, η=0.003, LS=True
2026-01-14 16:20:02,124 - DSN - ERROR - Solver failed: not enough values to unpack (expected 3, got 2)
2026-01-14 16:20:02,124 - DSN - INFO - Initialized DSN_thorough | preset=thorough | GPU=True
2026-01-14 16:20:02,124 - DSN - INFO - Params: η=0.003, T=500, init=degree, LS=True
2026-01-14 16:20:02,124 - DSN - INFO - Using GPU solver (CuPy)
2026-01-14 16:20:02,125 - DSN - INFO - DSN GPU Solver: n=800, edges=4694
2026-01-14 16:20:02,125 - DSN - INFO - DSN GPU: T=500, η=0.003, LS=True
2026-01-14 16:20:02,135 - DSN - ERROR - Solver failed: not enough values to unpack (expected 3, got 2)
2026-01-14 16:20:02,135 - DSN - INFO - Initialized DSN_thorough | preset=thorough | GPU=True
2026-01-14 16:20:02,135 - DSN - INFO - Params: η=0.003, T=500, init=degree, LS=True
2026-01-14 16:20:02,135 - DSN - INFO - Using GPU solver (CuPy)
2026-01-14 16:20:02,136 - DSN - INFO - DSN GPU Solver: n=800, edges=4694
2026-01-14 16:20:02,136 - DSN - INFO - DSN GPU: T=500, η=0.003, LS=True
2026-01-14 16:20:02,146 - DSN - ERROR - Solver failed: not enough values to unpack (expected 3, got 2)
2026-01-14 16:20:02,146 - DSN - INFO - Initialized DSN_thorough | preset=thorough | GPU=True
2026-01-14 16:20:02,146 - DSN - INFO - Params: η=0.003, T=500, init=degree, LS=True
2026-01-14 16:20:02,146 - DSN - INFO - Using GPU solver (CuPy)
2026-01-14 16:20:02,147 - DSN - INFO - DSN GPU Solver: n=800, edges=4694
2026-01-14 16:20:02,147 - DSN - INFO - DSN GPU: T=500, η=0.003, LS=True
2026-01-14 16:20:02,157 - DSN - ERROR - Solver failed: not enough values to unpack (expected 3, got 2)
2026-01-14 16:20:02,157 - DSN - INFO - Initialized DSN_thorough | preset=thorough | GPU=True
2026-01-14 16:20:02,157 - DSN - INFO - Params: η=0.003, T=500, init=degree, LS=True
2026-01-14 16:20:02,157 - DSN - INFO - Using GPU solver (CuPy)
2026-01-14 16:20:02,158 - DSN - INFO - DSN GPU Solver: n=800, edges=4694
2026-01-14 16:20:02,158 - DSN - INFO - DSN GPU: T=500, η=0.003, LS=True
2026-01-14 16:20:02,168 - DSN - ERROR - Solver failed: not enough values to unpack (expected 3, got 2)
2026-01-14 16:20:02,168 - DSN - INFO - Initialized DSN_thorough | preset=thorough | GPU=True
2026-01-14 16:20:02,168 - DSN - INFO - Params: η=0.003, T=500, init=degree, LS=True
2026-01-14 16:20:02,168 - DSN - INFO - Using GPU solver (CuPy)
2026-01-14 16:20:02,169 - DSN - INFO - DSN GPU Solver: n=800, edges=4694
2026-01-14 16:20:02,169 - DSN - INFO - DSN GPU: T=500, η=0.003, LS=True
2026-01-14 16:20:02,178 - DSN - ERROR - Solver failed: not enough values to unpack (expected 3, got 2)
2026-01-14 16:20:02,179 - DSN - INFO - Initialized DSN_thorough | preset=thorough | GPU=True
2026-01-14 16:20:02,179 - DSN - INFO - Params: η=0.003, T=500, init=degree, LS=True
2026-01-14 16:20:02,179 - DSN - INFO - Using GPU solver (CuPy)
2026-01-14 16:20:02,180 - DSN - INFO - DSN GPU Solver: n=800, edges=4694
2026-01-14 16:20:02,180 - DSN - INFO - DSN GPU: T=500, η=0.003, LS=True
2026-01-14 16:20:02,189 - DSN - ERROR - Solver failed: not enough values to unpack (expected 3, got 2)
2026-01-14 16:20:02,197 - DSN - INFO - Initialized DSN_thorough | preset=thorough | GPU=True
2026-01-14 16:20:02,197 - DSN - INFO - Params: η=0.003, T=500, init=degree, LS=True
2026-01-14 16:20:02,197 - DSN - INFO - Using GPU solver (CuPy)
2026-01-14 16:20:02,198 - DSN - INFO - DSN GPU Solver: n=800, edges=4661
2026-01-14 16:20:02,198 - DSN - INFO - DSN GPU: T=500, η=0.003, LS=True
2026-01-14 16:20:02,208 - DSN - ERROR - Solver failed: not enough values to unpack (expected 3, got 2)
2026-01-14 16:20:02,208 - DSN - INFO - Initialized DSN_thorough | preset=thorough | GPU=True
2026-01-14 16:20:02,208 - DSN - INFO - Params: η=0.003, T=500, init=degree, LS=True
2026-01-14 16:20:02,208 - DSN - INFO - Using GPU solver (CuPy)
2026-01-14 16:20:02,209 - DSN - INFO - DSN GPU Solver: n=800, edges=4661
2026-01-14 16:20:02,209 - DSN - INFO - DSN GPU: T=500, η=0.003, LS=True
2026-01-14 16:20:02,218 - DSN - ERROR - Solver failed: not enough values to unpack (expected 3, got 2)
2026-01-14 16:20:02,218 - DSN - INFO - Initialized DSN_thorough | preset=thorough | GPU=True
2026-01-14 16:20:02,219 - DSN - INFO - Params: η=0.003, T=500, init=degree, LS=True
2026-01-14 16:20:02,219 - DSN - INFO - Using GPU solver (CuPy)
2026-01-14 16:20:02,220 - DSN - INFO - DSN GPU Solver: n=800, edges=4661
2026-01-14 16:20:02,220 - DSN - INFO - DSN GPU: T=500, η=0.003, LS=True
2026-01-14 16:20:02,229 - DSN - ERROR - Solver failed: not enough values to unpack (expected 3, got 2)
2026-01-14 16:20:02,229 - DSN - INFO - Initialized DSN_thorough | preset=thorough | GPU=True
2026-01-14 16:20:02,229 - DSN - INFO - Params: η=0.003, T=500, init=degree, LS=True
2026-01-14 16:20:02,230 - DSN - INFO - Using GPU solver (CuPy)
2026-01-14 16:20:02,231 - DSN - INFO - DSN GPU Solver: n=800, edges=4661
2026-01-14 16:20:02,231 - DSN - INFO - DSN GPU: T=500, η=0.003, LS=True
2026-01-14 16:20:02,240 - DSN - ERROR - Solver failed: not enough values to unpack (expected 3, got 2)
2026-01-14 16:20:02,240 - DSN - INFO - Initialized DSN_thorough | preset=thorough | GPU=True
2026-01-14 16:20:02,240 - DSN - INFO - Params: η=0.003, T=500, init=degree, LS=True
2026-01-14 16:20:02,240 - DSN - INFO - Using GPU solver (CuPy)
2026-01-14 16:20:02,241 - DSN - INFO - DSN GPU Solver: n=800, edges=4661
2026-01-14 16:20:02,242 - DSN - INFO - DSN GPU: T=500, η=0.003, LS=True
2026-01-14 16:20:02,251 - DSN - ERROR - Solver failed: not enough values to unpack (expected 3, got 2)
2026-01-14 16:20:02,251 - DSN - INFO - Initialized DSN_thorough | preset=thorough | GPU=True
2026-01-14 16:20:02,251 - DSN - INFO - Params: η=0.003, T=500, init=degree, LS=True
2026-01-14 16:20:02,251 - DSN - INFO - Using GPU solver (CuPy)
2026-01-14 16:20:02,252 - DSN - INFO - DSN GPU Solver: n=800, edges=4661
2026-01-14 16:20:02,252 - DSN - INFO - DSN GPU: T=500, η=0.003, LS=True
2026-01-14 16:20:02,262 - DSN - ERROR - Solver failed: not enough values to unpack (expected 3, got 2)
2026-01-14 16:20:02,262 - DSN - INFO - Initialized DSN_thorough | preset=thorough | GPU=True
2026-01-14 16:20:02,262 - DSN - INFO - Params: η=0.003, T=500, init=degree, LS=True
2026-01-14 16:20:02,262 - DSN - INFO - Using GPU solver (CuPy)
2026-01-14 16:20:02,263 - DSN - INFO - DSN GPU Solver: n=800, edges=4661
2026-01-14 16:20:02,263 - DSN - INFO - DSN GPU: T=500, η=0.003, LS=True
2026-01-14 16:20:02,273 - DSN - ERROR - Solver failed: not enough values to unpack (expected 3, got 2)
2026-01-14 16:20:02,273 - DSN - INFO - Initialized DSN_thorough | preset=thorough | GPU=True
2026-01-14 16:20:02,273 - DSN - INFO - Params: η=0.003, T=500, init=degree, LS=True
2026-01-14 16:20:02,273 - DSN - INFO - Using GPU solver (CuPy)
2026-01-14 16:20:02,274 - DSN - INFO - DSN GPU Solver: n=800, edges=4661
2026-01-14 16:20:02,274 - DSN - INFO - DSN GPU: T=500, η=0.003, LS=True
2026-01-14 16:20:02,284 - DSN - ERROR - Solver failed: not enough values to unpack (expected 3, got 2)
2026-01-14 16:20:02,284 - DSN - INFO - Initialized DSN_thorough | preset=thorough | GPU=True
2026-01-14 16:20:02,284 - DSN - INFO - Params: η=0.003, T=500, init=degree, LS=True
2026-01-14 16:20:02,284 - DSN - INFO - Using GPU solver (CuPy)
2026-01-14 16:20:02,285 - DSN - INFO - DSN GPU Solver: n=800, edges=4661
2026-01-14 16:20:02,285 - DSN - INFO - DSN GPU: T=500, η=0.003, LS=True
2026-01-14 16:20:02,294 - DSN - ERROR - Solver failed: not enough values to unpack (expected 3, got 2)
2026-01-14 16:20:02,294 - DSN - INFO - Initialized DSN_thorough | preset=thorough | GPU=True
2026-01-14 16:20:02,295 - DSN - INFO - Params: η=0.003, T=500, init=degree, LS=True
2026-01-14 16:20:02,295 - DSN - INFO - Using GPU solver (CuPy)
2026-01-14 16:20:02,296 - DSN - INFO - DSN GPU Solver: n=800, edges=4661
2026-01-14 16:20:02,296 - DSN - INFO - DSN GPU: T=500, η=0.003, LS=True
2026-01-14 16:20:02,305 - DSN - ERROR - Solver failed: not enough values to unpack (expected 3, got 2)
2026-01-14 16:20:02,321 - DSN - INFO - Initialized DSN_thorough | preset=thorough | GPU=True
2026-01-14 16:20:02,321 - DSN - INFO - Params: η=0.003, T=500, init=degree, LS=True
2026-01-14 16:20:02,321 - DSN - INFO - Using GPU solver (CuPy)
2026-01-14 16:20:02,322 - DSN - INFO - DSN GPU Solver: n=800, edges=4672
2026-01-14 16:20:02,322 - DSN - INFO - DSN GPU: T=500, η=0.003, LS=True
2026-01-14 16:20:02,332 - DSN - ERROR - Solver failed: not enough values to unpack (expected 3, got 2)
2026-01-14 16:20:02,332 - DSN - INFO - Initialized DSN_thorough | preset=thorough | GPU=True
2026-01-14 16:20:02,332 - DSN - INFO - Params: η=0.003, T=500, init=degree, LS=True
2026-01-14 16:20:02,332 - DSN - INFO - Using GPU solver (CuPy)
2026-01-14 16:20:02,333 - DSN - INFO - DSN GPU Solver: n=800, edges=4672
2026-01-14 16:20:02,333 - DSN - INFO - DSN GPU: T=500, η=0.003, LS=True
2026-01-14 16:20:02,343 - DSN - ERROR - Solver failed: not enough values to unpack (expected 3, got 2)
2026-01-14 16:20:02,343 - DSN - INFO - Initialized DSN_thorough | preset=thorough | GPU=True
2026-01-14 16:20:02,343 - DSN - INFO - Params: η=0.003, T=500, init=degree, LS=True
2026-01-14 16:20:02,343 - DSN - INFO - Using GPU solver (CuPy)
2026-01-14 16:20:02,344 - DSN - INFO - DSN GPU Solver: n=800, edges=4672
2026-01-14 16:20:02,344 - DSN - INFO - DSN GPU: T=500, η=0.003, LS=True
2026-01-14 16:20:02,354 - DSN - ERROR - Solver failed: not enough values to unpack (expected 3, got 2)
2026-01-14 16:20:02,354 - DSN - INFO - Initialized DSN_thorough | preset=thorough | GPU=True
2026-01-14 16:20:02,354 - DSN - INFO - Params: η=0.003, T=500, init=degree, LS=True
2026-01-14 16:20:02,354 - DSN - INFO - Using GPU solver (CuPy)
2026-01-14 16:20:02,355 - DSN - INFO - DSN GPU Solver: n=800, edges=4672
2026-01-14 16:20:02,355 - DSN - INFO - DSN GPU: T=500, η=0.003, LS=True
2026-01-14 16:20:02,365 - DSN - ERROR - Solver failed: not enough values to unpack (expected 3, got 2)
2026-01-14 16:20:02,365 - DSN - INFO - Initialized DSN_thorough | preset=thorough | GPU=True
2026-01-14 16:20:02,365 - DSN - INFO - Params: η=0.003, T=500, init=degree, LS=True
2026-01-14 16:20:02,365 - DSN - INFO - Using GPU solver (CuPy)
2026-01-14 16:20:02,366 - DSN - INFO - DSN GPU Solver: n=800, edges=4672
2026-01-14 16:20:02,366 - DSN - INFO - DSN GPU: T=500, η=0.003, LS=True
2026-01-14 16:20:02,376 - DSN - ERROR - Solver failed: not enough values to unpack (expected 3, got 2)
2026-01-14 16:20:02,376 - DSN - INFO - Initialized DSN_thorough | preset=thorough | GPU=True
2026-01-14 16:20:02,376 - DSN - INFO - Params: η=0.003, T=500, init=degree, LS=True
2026-01-14 16:20:02,376 - DSN - INFO - Using GPU solver (CuPy)
2026-01-14 16:20:02,377 - DSN - INFO - DSN GPU Solver: n=800, edges=4672
2026-01-14 16:20:02,377 - DSN - INFO - DSN GPU: T=500, η=0.003, LS=True
2026-01-14 16:20:02,387 - DSN - ERROR - Solver failed: not enough values to unpack (expected 3, got 2)
2026-01-14 16:20:02,387 - DSN - INFO - Initialized DSN_thorough | preset=thorough | GPU=True
2026-01-14 16:20:02,387 - DSN - INFO - Params: η=0.003, T=500, init=degree, LS=True
2026-01-14 16:20:02,387 - DSN - INFO - Using GPU solver (CuPy)
2026-01-14 16:20:02,388 - DSN - INFO - DSN GPU Solver: n=800, edges=4672
2026-01-14 16:20:02,388 - DSN - INFO - DSN GPU: T=500, η=0.003, LS=True
2026-01-14 16:20:02,398 - DSN - ERROR - Solver failed: not enough values to unpack (expected 3, got 2)
2026-01-14 16:20:02,398 - DSN - INFO - Initialized DSN_thorough | preset=thorough | GPU=True
2026-01-14 16:20:02,398 - DSN - INFO - Params: η=0.003, T=500, init=degree, LS=True
2026-01-14 16:20:02,398 - DSN - INFO - Using GPU solver (CuPy)
2026-01-14 16:20:02,399 - DSN - INFO - DSN GPU Solver: n=800, edges=4672
2026-01-14 16:20:02,399 - DSN - INFO - DSN GPU: T=500, η=0.003, LS=True
2026-01-14 16:20:02,409 - DSN - ERROR - Solver failed: not enough values to unpack (expected 3, got 2)
2026-01-14 16:20:02,409 - DSN - INFO - Initialized DSN_thorough | preset=thorough | GPU=True
2026-01-14 16:20:02,409 - DSN - INFO - Params: η=0.003, T=500, init=degree, LS=True
2026-01-14 16:20:02,409 - DSN - INFO - Using GPU solver (CuPy)
2026-01-14 16:20:02,410 - DSN - INFO - DSN GPU Solver: n=800, edges=4672
2026-01-14 16:20:02,410 - DSN - INFO - DSN GPU: T=500, η=0.003, LS=True
2026-01-14 16:20:02,419 - DSN - ERROR - Solver failed: not enough values to unpack (expected 3, got 2)
2026-01-14 16:20:02,420 - DSN - INFO - Initialized DSN_thorough | preset=thorough | GPU=True
2026-01-14 16:20:02,420 - DSN - INFO - Params: η=0.003, T=500, init=degree, LS=True
2026-01-14 16:20:02,420 - DSN - INFO - Using GPU solver (CuPy)
2026-01-14 16:20:02,421 - DSN - INFO - DSN GPU Solver: n=800, edges=4672
2026-01-14 16:20:02,421 - DSN - INFO - DSN GPU: T=500, η=0.003, LS=True
2026-01-14 16:20:02,430 - DSN - ERROR - Solver failed: not enough values to unpack (expected 3, got 2)
2026-01-14 16:20:02,438 - DSN - INFO - Initialized DSN_thorough | preset=thorough | GPU=True
2026-01-14 16:20:02,438 - DSN - INFO - Params: η=0.003, T=500, init=degree, LS=True
2026-01-14 16:20:02,438 - DSN - INFO - Using GPU solver (CuPy)
2026-01-14 16:20:02,439 - DSN - INFO - DSN GPU Solver: n=800, edges=4667
2026-01-14 16:20:02,439 - DSN - INFO - DSN GPU: T=500, η=0.003, LS=True
2026-01-14 16:20:02,449 - DSN - ERROR - Solver failed: not enough values to unpack (expected 3, got 2)
2026-01-14 16:20:02,449 - DSN - INFO - Initialized DSN_thorough | preset=thorough | GPU=True
2026-01-14 16:20:02,449 - DSN - INFO - Params: η=0.003, T=500, init=degree, LS=True
2026-01-14 16:20:02,449 - DSN - INFO - Using GPU solver (CuPy)
2026-01-14 16:20:02,450 - DSN - INFO - DSN GPU Solver: n=800, edges=4667
2026-01-14 16:20:02,450 - DSN - INFO - DSN GPU: T=500, η=0.003, LS=True
2026-01-14 16:20:02,460 - DSN - ERROR - Solver failed: not enough values to unpack (expected 3, got 2)
2026-01-14 16:20:02,460 - DSN - INFO - Initialized DSN_thorough | preset=thorough | GPU=True
2026-01-14 16:20:02,460 - DSN - INFO - Params: η=0.003, T=500, init=degree, LS=True
2026-01-14 16:20:02,460 - DSN - INFO - Using GPU solver (CuPy)
2026-01-14 16:20:02,461 - DSN - INFO - DSN GPU Solver: n=800, edges=4667
2026-01-14 16:20:02,461 - DSN - INFO - DSN GPU: T=500, η=0.003, LS=True
2026-01-14 16:20:02,471 - DSN - ERROR - Solver failed: not enough values to unpack (expected 3, got 2)
2026-01-14 16:20:02,471 - DSN - INFO - Initialized DSN_thorough | preset=thorough | GPU=True
2026-01-14 16:20:02,471 - DSN - INFO - Params: η=0.003, T=500, init=degree, LS=True
2026-01-14 16:20:02,471 - DSN - INFO - Using GPU solver (CuPy)
2026-01-14 16:20:02,472 - DSN - INFO - DSN GPU Solver: n=800, edges=4667
2026-01-14 16:20:02,472 - DSN - INFO - DSN GPU: T=500, η=0.003, LS=True
2026-01-14 16:20:02,482 - DSN - ERROR - Solver failed: not enough values to unpack (expected 3, got 2)
2026-01-14 16:20:02,482 - DSN - INFO - Initialized DSN_thorough | preset=thorough | GPU=True
2026-01-14 16:20:02,482 - DSN - INFO - Params: η=0.003, T=500, init=degree, LS=True
2026-01-14 16:20:02,482 - DSN - INFO - Using GPU solver (CuPy)
2026-01-14 16:20:02,483 - DSN - INFO - DSN GPU Solver: n=800, edges=4667
2026-01-14 16:20:02,483 - DSN - INFO - DSN GPU: T=500, η=0.003, LS=True
2026-01-14 16:20:02,492 - DSN - ERROR - Solver failed: not enough values to unpack (expected 3, got 2)
2026-01-14 16:20:02,493 - DSN - INFO - Initialized DSN_thorough | preset=thorough | GPU=True
2026-01-14 16:20:02,493 - DSN - INFO - Params: η=0.003, T=500, init=degree, LS=True
2026-01-14 16:20:02,493 - DSN - INFO - Using GPU solver (CuPy)
2026-01-14 16:20:02,494 - DSN - INFO - DSN GPU Solver: n=800, edges=4667
2026-01-14 16:20:02,494 - DSN - INFO - DSN GPU: T=500, η=0.003, LS=True
2026-01-14 16:20:02,503 - DSN - ERROR - Solver failed: not enough values to unpack (expected 3, got 2)
2026-01-14 16:20:02,503 - DSN - INFO - Initialized DSN_thorough | preset=thorough | GPU=True
2026-01-14 16:20:02,503 - DSN - INFO - Params: η=0.003, T=500, init=degree, LS=True
2026-01-14 16:20:02,504 - DSN - INFO - Using GPU solver (CuPy)
2026-01-14 16:20:02,505 - DSN - INFO - DSN GPU Solver: n=800, edges=4667
2026-01-14 16:20:02,505 - DSN - INFO - DSN GPU: T=500, η=0.003, LS=True
2026-01-14 16:20:02,514 - DSN - ERROR - Solver failed: not enough values to unpack (expected 3, got 2)
2026-01-14 16:20:02,514 - DSN - INFO - Initialized DSN_thorough | preset=thorough | GPU=True
2026-01-14 16:20:02,514 - DSN - INFO - Params: η=0.003, T=500, init=degree, LS=True
2026-01-14 16:20:02,514 - DSN - INFO - Using GPU solver (CuPy)
2026-01-14 16:20:02,516 - DSN - INFO - DSN GPU Solver: n=800, edges=4667
2026-01-14 16:20:02,516 - DSN - INFO - DSN GPU: T=500, η=0.003, LS=True
2026-01-14 16:20:02,525 - DSN - ERROR - Solver failed: not enough values to unpack (expected 3, got 2)
2026-01-14 16:20:02,525 - DSN - INFO - Initialized DSN_thorough | preset=thorough | GPU=True
2026-01-14 16:20:02,525 - DSN - INFO - Params: η=0.003, T=500, init=degree, LS=True
2026-01-14 16:20:02,525 - DSN - INFO - Using GPU solver (CuPy)
2026-01-14 16:20:02,526 - DSN - INFO - DSN GPU Solver: n=800, edges=4667
2026-01-14 16:20:02,527 - DSN - INFO - DSN GPU: T=500, η=0.003, LS=True
2026-01-14 16:20:02,536 - DSN - ERROR - Solver failed: not enough values to unpack (expected 3, got 2)
2026-01-14 16:20:02,536 - DSN - INFO - Initialized DSN_thorough | preset=thorough | GPU=True
2026-01-14 16:20:02,536 - DSN - INFO - Params: η=0.003, T=500, init=degree, LS=True
2026-01-14 16:20:02,536 - DSN - INFO - Using GPU solver (CuPy)
2026-01-14 16:20:02,537 - DSN - INFO - DSN GPU Solver: n=800, edges=4667
2026-01-14 16:20:02,537 - DSN - INFO - DSN GPU: T=500, η=0.003, LS=True
2026-01-14 16:20:02,547 - DSN - ERROR - Solver failed: not enough values to unpack (expected 3, got 2)
2026-01-14 16:20:02,554 - DSN - INFO - Initialized DSN_thorough | preset=thorough | GPU=True
2026-01-14 16:20:02,554 - DSN - INFO - Params: η=0.003, T=500, init=degree, LS=True
2026-01-14 16:20:02,554 - DSN - INFO - Using GPU solver (CuPy)
2026-01-14 16:20:02,556 - DSN - INFO - DSN GPU Solver: n=800, edges=4694
2026-01-14 16:20:02,556 - DSN - INFO - DSN GPU: T=500, η=0.003, LS=True
2026-01-14 16:20:02,565 - DSN - ERROR - Solver failed: not enough values to unpack (expected 3, got 2)
2026-01-14 16:20:02,565 - DSN - INFO - Initialized DSN_thorough | preset=thorough | GPU=True
2026-01-14 16:20:02,565 - DSN - INFO - Params: η=0.003, T=500, init=degree, LS=True
2026-01-14 16:20:02,565 - DSN - INFO - Using GPU solver (CuPy)
2026-01-14 16:20:02,567 - DSN - INFO - DSN GPU Solver: n=800, edges=4694
2026-01-14 16:20:02,567 - DSN - INFO - DSN GPU: T=500, η=0.003, LS=True
2026-01-14 16:20:02,576 - DSN - ERROR - Solver failed: not enough values to unpack (expected 3, got 2)
2026-01-14 16:20:02,576 - DSN - INFO - Initialized DSN_thorough | preset=thorough | GPU=True
2026-01-14 16:20:02,576 - DSN - INFO - Params: η=0.003, T=500, init=degree, LS=True
2026-01-14 16:20:02,576 - DSN - INFO - Using GPU solver (CuPy)
2026-01-14 16:20:02,577 - DSN - INFO - DSN GPU Solver: n=800, edges=4694
2026-01-14 16:20:02,578 - DSN - INFO - DSN GPU: T=500, η=0.003, LS=True
2026-01-14 16:20:02,588 - DSN - ERROR - Solver failed: not enough values to unpack (expected 3, got 2)
2026-01-14 16:20:02,588 - DSN - INFO - Initialized DSN_thorough | preset=thorough | GPU=True
2026-01-14 16:20:02,588 - DSN - INFO - Params: η=0.003, T=500, init=degree, LS=True
2026-01-14 16:20:02,588 - DSN - INFO - Using GPU solver (CuPy)
2026-01-14 16:20:02,589 - DSN - INFO - DSN GPU Solver: n=800, edges=4694
2026-01-14 16:20:02,589 - DSN - INFO - DSN GPU: T=500, η=0.003, LS=True
2026-01-14 16:20:02,599 - DSN - ERROR - Solver failed: not enough values to unpack (expected 3, got 2)
2026-01-14 16:20:02,599 - DSN - INFO - Initialized DSN_thorough | preset=thorough | GPU=True
2026-01-14 16:20:02,599 - DSN - INFO - Params: η=0.003, T=500, init=degree, LS=True
2026-01-14 16:20:02,599 - DSN - INFO - Using GPU solver (CuPy)
2026-01-14 16:20:02,600 - DSN - INFO - DSN GPU Solver: n=800, edges=4694
2026-01-14 16:20:02,600 - DSN - INFO - DSN GPU: T=500, η=0.003, LS=True
2026-01-14 16:20:02,619 - DSN - ERROR - Solver failed: not enough values to unpack (expected 3, got 2)
2026-01-14 16:20:02,619 - DSN - INFO - Initialized DSN_thorough | preset=thorough | GPU=True
2026-01-14 16:20:02,619 - DSN - INFO - Params: η=0.003, T=500, init=degree, LS=True
2026-01-14 16:20:02,619 - DSN - INFO - Using GPU solver (CuPy)
2026-01-14 16:20:02,620 - DSN - INFO - DSN GPU Solver: n=800, edges=4694
2026-01-14 16:20:02,620 - DSN - INFO - DSN GPU: T=500, η=0.003, LS=True
2026-01-14 16:20:02,630 - DSN - ERROR - Solver failed: not enough values to unpack (expected 3, got 2)
2026-01-14 16:20:02,630 - DSN - INFO - Initialized DSN_thorough | preset=thorough | GPU=True
2026-01-14 16:20:02,630 - DSN - INFO - Params: η=0.003, T=500, init=degree, LS=True
2026-01-14 16:20:02,630 - DSN - INFO - Using GPU solver (CuPy)
2026-01-14 16:20:02,631 - DSN - INFO - DSN GPU Solver: n=800, edges=4694
2026-01-14 16:20:02,631 - DSN - INFO - DSN GPU: T=500, η=0.003, LS=True
2026-01-14 16:20:02,641 - DSN - ERROR - Solver failed: not enough values to unpack (expected 3, got 2)
2026-01-14 16:20:02,641 - DSN - INFO - Initialized DSN_thorough | preset=thorough | GPU=True
2026-01-14 16:20:02,641 - DSN - INFO - Params: η=0.003, T=500, init=degree, LS=True
2026-01-14 16:20:02,641 - DSN - INFO - Using GPU solver (CuPy)
2026-01-14 16:20:02,642 - DSN - INFO - DSN GPU Solver: n=800, edges=4694
2026-01-14 16:20:02,642 - DSN - INFO - DSN GPU: T=500, η=0.003, LS=True
2026-01-14 16:20:02,652 - DSN - ERROR - Solver failed: not enough values to unpack (expected 3, got 2)
2026-01-14 16:20:02,652 - DSN - INFO - Initialized DSN_thorough | preset=thorough | GPU=True
2026-01-14 16:20:02,652 - DSN - INFO - Params: η=0.003, T=500, init=degree, LS=True
2026-01-14 16:20:02,652 - DSN - INFO - Using GPU solver (CuPy)
2026-01-14 16:20:02,653 - DSN - INFO - DSN GPU Solver: n=800, edges=4694
2026-01-14 16:20:02,653 - DSN - INFO - DSN GPU: T=500, η=0.003, LS=True
2026-01-14 16:20:02,663 - DSN - ERROR - Solver failed: not enough values to unpack (expected 3, got 2)
2026-01-14 16:20:02,663 - DSN - INFO - Initialized DSN_thorough | preset=thorough | GPU=True
2026-01-14 16:20:02,663 - DSN - INFO - Params: η=0.003, T=500, init=degree, LS=True
2026-01-14 16:20:02,663 - DSN - INFO - Using GPU solver (CuPy)
2026-01-14 16:20:02,664 - DSN - INFO - DSN GPU Solver: n=800, edges=4694
2026-01-14 16:20:02,664 - DSN - INFO - DSN GPU: T=500, η=0.003, LS=True
2026-01-14 16:20:02,674 - DSN - ERROR - Solver failed: not enough values to unpack (expected 3, got 2)
2026-01-14 16:20:02,694 - DSN - INFO - Initialized DSN_thorough | preset=thorough | GPU=True
2026-01-14 16:20:02,695 - DSN - INFO - Params: η=0.003, T=500, init=degree, LS=True
2026-01-14 16:20:02,695 - DSN - INFO - Using GPU solver (CuPy)
2026-01-14 16:20:02,696 - DSN - INFO - DSN GPU Solver: n=800, edges=4661
2026-01-14 16:20:02,696 - DSN - INFO - DSN GPU: T=500, η=0.003, LS=True
2026-01-14 16:20:02,705 - DSN - ERROR - Solver failed: not enough values to unpack (expected 3, got 2)
2026-01-14 16:20:02,705 - DSN - INFO - Initialized DSN_thorough | preset=thorough | GPU=True
2026-01-14 16:20:02,706 - DSN - INFO - Params: η=0.003, T=500, init=degree, LS=True
2026-01-14 16:20:02,706 - DSN - INFO - Using GPU solver (CuPy)
2026-01-14 16:20:02,707 - DSN - INFO - DSN GPU Solver: n=800, edges=4661
2026-01-14 16:20:02,707 - DSN - INFO - DSN GPU: T=500, η=0.003, LS=True
2026-01-14 16:20:02,723 - DSN - ERROR - Solver failed: not enough values to unpack (expected 3, got 2)
2026-01-14 16:20:02,723 - DSN - INFO - Initialized DSN_thorough | preset=thorough | GPU=True
2026-01-14 16:20:02,723 - DSN - INFO - Params: η=0.003, T=500, init=degree, LS=True
2026-01-14 16:20:02,723 - DSN - INFO - Using GPU solver (CuPy)
2026-01-14 16:20:02,724 - DSN - INFO - DSN GPU Solver: n=800, edges=4661
2026-01-14 16:20:02,724 - DSN - INFO - DSN GPU: T=500, η=0.003, LS=True
2026-01-14 16:20:02,734 - DSN - ERROR - Solver failed: not enough values to unpack (expected 3, got 2)
2026-01-14 16:20:02,734 - DSN - INFO - Initialized DSN_thorough | preset=thorough | GPU=True
2026-01-14 16:20:02,734 - DSN - INFO - Params: η=0.003, T=500, init=degree, LS=True
2026-01-14 16:20:02,734 - DSN - INFO - Using GPU solver (CuPy)
2026-01-14 16:20:02,736 - DSN - INFO - DSN GPU Solver: n=800, edges=4661
2026-01-14 16:20:02,736 - DSN - INFO - DSN GPU: T=500, η=0.003, LS=True
2026-01-14 16:20:02,745 - DSN - ERROR - Solver failed: not enough values to unpack (expected 3, got 2)
2026-01-14 16:20:02,745 - DSN - INFO - Initialized DSN_thorough | preset=thorough | GPU=True
2026-01-14 16:20:02,745 - DSN - INFO - Params: η=0.003, T=500, init=degree, LS=True
2026-01-14 16:20:02,745 - DSN - INFO - Using GPU solver (CuPy)
2026-01-14 16:20:02,746 - DSN - INFO - DSN GPU Solver: n=800, edges=4661
2026-01-14 16:20:02,747 - DSN - INFO - DSN GPU: T=500, η=0.003, LS=True
2026-01-14 16:20:02,756 - DSN - ERROR - Solver failed: not enough values to unpack (expected 3, got 2)
2026-01-14 16:20:02,756 - DSN - INFO - Initialized DSN_thorough | preset=thorough | GPU=True
2026-01-14 16:20:02,756 - DSN - INFO - Params: η=0.003, T=500, init=degree, LS=True
2026-01-14 16:20:02,756 - DSN - INFO - Using GPU solver (CuPy)
2026-01-14 16:20:02,757 - DSN - INFO - DSN GPU Solver: n=800, edges=4661
2026-01-14 16:20:02,757 - DSN - INFO - DSN GPU: T=500, η=0.003, LS=True
2026-01-14 16:20:02,767 - DSN - ERROR - Solver failed: not enough values to unpack (expected 3, got 2)
2026-01-14 16:20:02,767 - DSN - INFO - Initialized DSN_thorough | preset=thorough | GPU=True
2026-01-14 16:20:02,767 - DSN - INFO - Params: η=0.003, T=500, init=degree, LS=True
2026-01-14 16:20:02,767 - DSN - INFO - Using GPU solver (CuPy)
2026-01-14 16:20:02,768 - DSN - INFO - DSN GPU Solver: n=800, edges=4661
2026-01-14 16:20:02,768 - DSN - INFO - DSN GPU: T=500, η=0.003, LS=True
2026-01-14 16:20:02,778 - DSN - ERROR - Solver failed: not enough values to unpack (expected 3, got 2)
2026-01-14 16:20:02,778 - DSN - INFO - Initialized DSN_thorough | preset=thorough | GPU=True
2026-01-14 16:20:02,778 - DSN - INFO - Params: η=0.003, T=500, init=degree, LS=True
2026-01-14 16:20:02,778 - DSN - INFO - Using GPU solver (CuPy)
2026-01-14 16:20:02,779 - DSN - INFO - DSN GPU Solver: n=800, edges=4661
2026-01-14 16:20:02,779 - DSN - INFO - DSN GPU: T=500, η=0.003, LS=True
2026-01-14 16:20:02,789 - DSN - ERROR - Solver failed: not enough values to unpack (expected 3, got 2)
2026-01-14 16:20:02,789 - DSN - INFO - Initialized DSN_thorough | preset=thorough | GPU=True
2026-01-14 16:20:02,789 - DSN - INFO - Params: η=0.003, T=500, init=degree, LS=True
2026-01-14 16:20:02,789 - DSN - INFO - Using GPU solver (CuPy)
2026-01-14 16:20:02,790 - DSN - INFO - DSN GPU Solver: n=800, edges=4661
2026-01-14 16:20:02,790 - DSN - INFO - DSN GPU: T=500, η=0.003, LS=True
2026-01-14 16:20:02,800 - DSN - ERROR - Solver failed: not enough values to unpack (expected 3, got 2)
2026-01-14 16:20:02,800 - DSN - INFO - Initialized DSN_thorough | preset=thorough | GPU=True
2026-01-14 16:20:02,800 - DSN - INFO - Params: η=0.003, T=500, init=degree, LS=True
2026-01-14 16:20:02,800 - DSN - INFO - Using GPU solver (CuPy)
2026-01-14 16:20:02,801 - DSN - INFO - DSN GPU Solver: n=800, edges=4661
2026-01-14 16:20:02,801 - DSN - INFO - DSN GPU: T=500, η=0.003, LS=True
2026-01-14 16:20:02,811 - DSN - ERROR - Solver failed: not enough values to unpack (expected 3, got 2)
2026-01-14 16:20:02,853 - DSN - INFO - Initialized DSN_thorough | preset=thorough | GPU=True
2026-01-14 16:20:02,854 - DSN - INFO - Params: η=0.003, T=500, init=degree, LS=True
2026-01-14 16:20:02,854 - DSN - INFO - Using GPU solver (CuPy)
2026-01-14 16:20:02,856 - DSN - INFO - DSN GPU Solver: n=800, edges=19176
2026-01-14 16:20:02,856 - DSN - INFO - DSN GPU: T=500, η=0.003, LS=True
2026-01-14 16:20:02,866 - DSN - ERROR - Solver failed: not enough values to unpack (expected 3, got 2)
2026-01-14 16:20:02,866 - DSN - INFO - Initialized DSN_thorough | preset=thorough | GPU=True
2026-01-14 16:20:02,866 - DSN - INFO - Params: η=0.003, T=500, init=degree, LS=True
2026-01-14 16:20:02,866 - DSN - INFO - Using GPU solver (CuPy)
2026-01-14 16:20:02,868 - DSN - INFO - DSN GPU Solver: n=800, edges=19176
2026-01-14 16:20:02,868 - DSN - INFO - DSN GPU: T=500, η=0.003, LS=True
2026-01-14 16:20:02,878 - DSN - ERROR - Solver failed: not enough values to unpack (expected 3, got 2)
2026-01-14 16:20:02,878 - DSN - INFO - Initialized DSN_thorough | preset=thorough | GPU=True
2026-01-14 16:20:02,878 - DSN - INFO - Params: η=0.003, T=500, init=degree, LS=True
2026-01-14 16:20:02,878 - DSN - INFO - Using GPU solver (CuPy)
2026-01-14 16:20:02,880 - DSN - INFO - DSN GPU Solver: n=800, edges=19176
2026-01-14 16:20:02,880 - DSN - INFO - DSN GPU: T=500, η=0.003, LS=True
2026-01-14 16:20:02,889 - DSN - ERROR - Solver failed: not enough values to unpack (expected 3, got 2)
2026-01-14 16:20:02,890 - DSN - INFO - Initialized DSN_thorough | preset=thorough | GPU=True
2026-01-14 16:20:02,890 - DSN - INFO - Params: η=0.003, T=500, init=degree, LS=True
2026-01-14 16:20:02,890 - DSN - INFO - Using GPU solver (CuPy)
2026-01-14 16:20:02,892 - DSN - INFO - DSN GPU Solver: n=800, edges=19176
2026-01-14 16:20:02,892 - DSN - INFO - DSN GPU: T=500, η=0.003, LS=True
2026-01-14 16:20:02,901 - DSN - ERROR - Solver failed: not enough values to unpack (expected 3, got 2)
2026-01-14 16:20:02,902 - DSN - INFO - Initialized DSN_thorough | preset=thorough | GPU=True
2026-01-14 16:20:02,902 - DSN - INFO - Params: η=0.003, T=500, init=degree, LS=True
2026-01-14 16:20:02,902 - DSN - INFO - Using GPU solver (CuPy)
2026-01-14 16:20:02,904 - DSN - INFO - DSN GPU Solver: n=800, edges=19176
2026-01-14 16:20:02,904 - DSN - INFO - DSN GPU: T=500, η=0.003, LS=True
2026-01-14 16:20:02,913 - DSN - ERROR - Solver failed: not enough values to unpack (expected 3, got 2)
2026-01-14 16:20:02,913 - DSN - INFO - Initialized DSN_thorough | preset=thorough | GPU=True
2026-01-14 16:20:02,913 - DSN - INFO - Params: η=0.003, T=500, init=degree, LS=True
2026-01-14 16:20:02,914 - DSN - INFO - Using GPU solver (CuPy)
2026-01-14 16:20:02,916 - DSN - INFO - DSN GPU Solver: n=800, edges=19176
2026-01-14 16:20:02,916 - DSN - INFO - DSN GPU: T=500, η=0.003, LS=True
2026-01-14 16:20:02,925 - DSN - ERROR - Solver failed: not enough values to unpack (expected 3, got 2)
2026-01-14 16:20:02,925 - DSN - INFO - Initialized DSN_thorough | preset=thorough | GPU=True
2026-01-14 16:20:02,925 - DSN - INFO - Params: η=0.003, T=500, init=degree, LS=True
2026-01-14 16:20:02,925 - DSN - INFO - Using GPU solver (CuPy)
2026-01-14 16:20:02,927 - DSN - INFO - DSN GPU Solver: n=800, edges=19176
2026-01-14 16:20:02,927 - DSN - INFO - DSN GPU: T=500, η=0.003, LS=True
2026-01-14 16:20:02,937 - DSN - ERROR - Solver failed: not enough values to unpack (expected 3, got 2)
2026-01-14 16:20:02,937 - DSN - INFO - Initialized DSN_thorough | preset=thorough | GPU=True
2026-01-14 16:20:02,937 - DSN - INFO - Params: η=0.003, T=500, init=degree, LS=True
2026-01-14 16:20:02,937 - DSN - INFO - Using GPU solver (CuPy)
2026-01-14 16:20:02,939 - DSN - INFO - DSN GPU Solver: n=800, edges=19176
2026-01-14 16:20:02,940 - DSN - INFO - DSN GPU: T=500, η=0.003, LS=True
2026-01-14 16:20:02,949 - DSN - ERROR - Solver failed: not enough values to unpack (expected 3, got 2)
2026-01-14 16:20:02,949 - DSN - INFO - Initialized DSN_thorough | preset=thorough | GPU=True
2026-01-14 16:20:02,949 - DSN - INFO - Params: η=0.003, T=500, init=degree, LS=True
2026-01-14 16:20:02,949 - DSN - INFO - Using GPU solver (CuPy)
2026-01-14 16:20:02,951 - DSN - INFO - DSN GPU Solver: n=800, edges=19176
2026-01-14 16:20:02,951 - DSN - INFO - DSN GPU: T=500, η=0.003, LS=True
2026-01-14 16:20:02,961 - DSN - ERROR - Solver failed: not enough values to unpack (expected 3, got 2)
2026-01-14 16:20:02,961 - DSN - INFO - Initialized DSN_thorough | preset=thorough | GPU=True
2026-01-14 16:20:02,961 - DSN - INFO - Params: η=0.003, T=500, init=degree, LS=True
2026-01-14 16:20:02,961 - DSN - INFO - Using GPU solver (CuPy)
2026-01-14 16:20:02,963 - DSN - INFO - DSN GPU Solver: n=800, edges=19176
2026-01-14 16:20:02,963 - DSN - INFO - DSN GPU: T=500, η=0.003, LS=True
2026-01-14 16:20:02,973 - DSN - ERROR - Solver failed: not enough values to unpack (expected 3, got 2)
2026-01-14 16:20:02,981 - DSN - INFO - Initialized DSN_thorough | preset=thorough | GPU=True
2026-01-14 16:20:02,981 - DSN - INFO - Params: η=0.003, T=500, init=degree, LS=True
2026-01-14 16:20:02,981 - DSN - INFO - Using GPU solver (CuPy)
2026-01-14 16:20:02,982 - DSN - INFO - DSN GPU Solver: n=800, edges=4672
2026-01-14 16:20:02,982 - DSN - INFO - DSN GPU: T=500, η=0.003, LS=True
2026-01-14 16:20:02,991 - DSN - ERROR - Solver failed: not enough values to unpack (expected 3, got 2)
2026-01-14 16:20:02,992 - DSN - INFO - Initialized DSN_thorough | preset=thorough | GPU=True
2026-01-14 16:20:02,992 - DSN - INFO - Params: η=0.003, T=500, init=degree, LS=True
2026-01-14 16:20:02,992 - DSN - INFO - Using GPU solver (CuPy)
2026-01-14 16:20:02,993 - DSN - INFO - DSN GPU Solver: n=800, edges=4672
2026-01-14 16:20:02,993 - DSN - INFO - DSN GPU: T=500, η=0.003, LS=True
2026-01-14 16:20:03,002 - DSN - ERROR - Solver failed: not enough values to unpack (expected 3, got 2)
2026-01-14 16:20:03,003 - DSN - INFO - Initialized DSN_thorough | preset=thorough | GPU=True
2026-01-14 16:20:03,003 - DSN - INFO - Params: η=0.003, T=500, init=degree, LS=True
2026-01-14 16:20:03,003 - DSN - INFO - Using GPU solver (CuPy)
2026-01-14 16:20:03,004 - DSN - INFO - DSN GPU Solver: n=800, edges=4672
2026-01-14 16:20:03,004 - DSN - INFO - DSN GPU: T=500, η=0.003, LS=True
2026-01-14 16:20:03,013 - DSN - ERROR - Solver failed: not enough values to unpack (expected 3, got 2)
2026-01-14 16:20:03,013 - DSN - INFO - Initialized DSN_thorough | preset=thorough | GPU=True
2026-01-14 16:20:03,013 - DSN - INFO - Params: η=0.003, T=500, init=degree, LS=True
2026-01-14 16:20:03,013 - DSN - INFO - Using GPU solver (CuPy)
2026-01-14 16:20:03,015 - DSN - INFO - DSN GPU Solver: n=800, edges=4672
2026-01-14 16:20:03,015 - DSN - INFO - DSN GPU: T=500, η=0.003, LS=True
2026-01-14 16:20:03,024 - DSN - ERROR - Solver failed: not enough values to unpack (expected 3, got 2)
2026-01-14 16:20:03,024 - DSN - INFO - Initialized DSN_thorough | preset=thorough | GPU=True
2026-01-14 16:20:03,024 - DSN - INFO - Params: η=0.003, T=500, init=degree, LS=True
2026-01-14 16:20:03,024 - DSN - INFO - Using GPU solver (CuPy)
2026-01-14 16:20:03,025 - DSN - INFO - DSN GPU Solver: n=800, edges=4672
2026-01-14 16:20:03,025 - DSN - INFO - DSN GPU: T=500, η=0.003, LS=True
2026-01-14 16:20:03,035 - DSN - ERROR - Solver failed: not enough values to unpack (expected 3, got 2)
2026-01-14 16:20:03,035 - DSN - INFO - Initialized DSN_thorough | preset=thorough | GPU=True
2026-01-14 16:20:03,035 - DSN - INFO - Params: η=0.003, T=500, init=degree, LS=True
2026-01-14 16:20:03,035 - DSN - INFO - Using GPU solver (CuPy)
2026-01-14 16:20:03,036 - DSN - INFO - DSN GPU Solver: n=800, edges=4672
2026-01-14 16:20:03,036 - DSN - INFO - DSN GPU: T=500, η=0.003, LS=True
2026-01-14 16:20:03,046 - DSN - ERROR - Solver failed: not enough values to unpack (expected 3, got 2)
2026-01-14 16:20:03,046 - DSN - INFO - Initialized DSN_thorough | preset=thorough | GPU=True
2026-01-14 16:20:03,046 - DSN - INFO - Params: η=0.003, T=500, init=degree, LS=True
2026-01-14 16:20:03,046 - DSN - INFO - Using GPU solver (CuPy)
2026-01-14 16:20:03,047 - DSN - INFO - DSN GPU Solver: n=800, edges=4672
2026-01-14 16:20:03,047 - DSN - INFO - DSN GPU: T=500, η=0.003, LS=True
2026-01-14 16:20:03,057 - DSN - ERROR - Solver failed: not enough values to unpack (expected 3, got 2)
2026-01-14 16:20:03,057 - DSN - INFO - Initialized DSN_thorough | preset=thorough | GPU=True
2026-01-14 16:20:03,057 - DSN - INFO - Params: η=0.003, T=500, init=degree, LS=True
2026-01-14 16:20:03,057 - DSN - INFO - Using GPU solver (CuPy)
2026-01-14 16:20:03,058 - DSN - INFO - DSN GPU Solver: n=800, edges=4672
2026-01-14 16:20:03,058 - DSN - INFO - DSN GPU: T=500, η=0.003, LS=True
2026-01-14 16:20:03,068 - DSN - ERROR - Solver failed: not enough values to unpack (expected 3, got 2)
2026-01-14 16:20:03,068 - DSN - INFO - Initialized DSN_thorough | preset=thorough | GPU=True
2026-01-14 16:20:03,068 - DSN - INFO - Params: η=0.003, T=500, init=degree, LS=True
2026-01-14 16:20:03,068 - DSN - INFO - Using GPU solver (CuPy)
2026-01-14 16:20:03,069 - DSN - INFO - DSN GPU Solver: n=800, edges=4672
2026-01-14 16:20:03,069 - DSN - INFO - DSN GPU: T=500, η=0.003, LS=True
2026-01-14 16:20:03,079 - DSN - ERROR - Solver failed: not enough values to unpack (expected 3, got 2)
2026-01-14 16:20:03,079 - DSN - INFO - Initialized DSN_thorough | preset=thorough | GPU=True
2026-01-14 16:20:03,079 - DSN - INFO - Params: η=0.003, T=500, init=degree, LS=True
2026-01-14 16:20:03,079 - DSN - INFO - Using GPU solver (CuPy)
2026-01-14 16:20:03,080 - DSN - INFO - DSN GPU Solver: n=800, edges=4672
2026-01-14 16:20:03,080 - DSN - INFO - DSN GPU: T=500, η=0.003, LS=True
2026-01-14 16:20:03,090 - DSN - ERROR - Solver failed: not enough values to unpack (expected 3, got 2)
2026-01-14 16:20:03,097 - DSN - INFO - Initialized DSN_thorough | preset=thorough | GPU=True
2026-01-14 16:20:03,097 - DSN - INFO - Params: η=0.003, T=500, init=degree, LS=True
2026-01-14 16:20:03,098 - DSN - INFO - Using GPU solver (CuPy)
2026-01-14 16:20:03,099 - DSN - INFO - DSN GPU Solver: n=800, edges=4667
2026-01-14 16:20:03,099 - DSN - INFO - DSN GPU: T=500, η=0.003, LS=True
2026-01-14 16:20:03,108 - DSN - ERROR - Solver failed: not enough values to unpack (expected 3, got 2)
2026-01-14 16:20:03,108 - DSN - INFO - Initialized DSN_thorough | preset=thorough | GPU=True
2026-01-14 16:20:03,108 - DSN - INFO - Params: η=0.003, T=500, init=degree, LS=True
2026-01-14 16:20:03,108 - DSN - INFO - Using GPU solver (CuPy)
2026-01-14 16:20:03,110 - DSN - INFO - DSN GPU Solver: n=800, edges=4667
2026-01-14 16:20:03,110 - DSN - INFO - DSN GPU: T=500, η=0.003, LS=True
2026-01-14 16:20:03,128 - DSN - ERROR - Solver failed: not enough values to unpack (expected 3, got 2)
2026-01-14 16:20:03,128 - DSN - INFO - Initialized DSN_thorough | preset=thorough | GPU=True
2026-01-14 16:20:03,128 - DSN - INFO - Params: η=0.003, T=500, init=degree, LS=True
2026-01-14 16:20:03,128 - DSN - INFO - Using GPU solver (CuPy)
2026-01-14 16:20:03,129 - DSN - INFO - DSN GPU Solver: n=800, edges=4667
2026-01-14 16:20:03,129 - DSN - INFO - DSN GPU: T=500, η=0.003, LS=True
2026-01-14 16:20:03,139 - DSN - ERROR - Solver failed: not enough values to unpack (expected 3, got 2)
2026-01-14 16:20:03,139 - DSN - INFO - Initialized DSN_thorough | preset=thorough | GPU=True
2026-01-14 16:20:03,139 - DSN - INFO - Params: η=0.003, T=500, init=degree, LS=True
2026-01-14 16:20:03,139 - DSN - INFO - Using GPU solver (CuPy)
2026-01-14 16:20:03,140 - DSN - INFO - DSN GPU Solver: n=800, edges=4667
2026-01-14 16:20:03,140 - DSN - INFO - DSN GPU: T=500, η=0.003, LS=True
2026-01-14 16:20:03,150 - DSN - ERROR - Solver failed: not enough values to unpack (expected 3, got 2)
2026-01-14 16:20:03,150 - DSN - INFO - Initialized DSN_thorough | preset=thorough | GPU=True
2026-01-14 16:20:03,150 - DSN - INFO - Params: η=0.003, T=500, init=degree, LS=True
2026-01-14 16:20:03,150 - DSN - INFO - Using GPU solver (CuPy)
2026-01-14 16:20:03,151 - DSN - INFO - DSN GPU Solver: n=800, edges=4667
2026-01-14 16:20:03,151 - DSN - INFO - DSN GPU: T=500, η=0.003, LS=True
2026-01-14 16:20:03,161 - DSN - ERROR - Solver failed: not enough values to unpack (expected 3, got 2)
2026-01-14 16:20:03,161 - DSN - INFO - Initialized DSN_thorough | preset=thorough | GPU=True
2026-01-14 16:20:03,161 - DSN - INFO - Params: η=0.003, T=500, init=degree, LS=True
2026-01-14 16:20:03,161 - DSN - INFO - Using GPU solver (CuPy)
2026-01-14 16:20:03,162 - DSN - INFO - DSN GPU Solver: n=800, edges=4667
2026-01-14 16:20:03,162 - DSN - INFO - DSN GPU: T=500, η=0.003, LS=True
2026-01-14 16:20:03,180 - DSN - ERROR - Solver failed: not enough values to unpack (expected 3, got 2)
2026-01-14 16:20:03,181 - DSN - INFO - Initialized DSN_thorough | preset=thorough | GPU=True
2026-01-14 16:20:03,181 - DSN - INFO - Params: η=0.003, T=500, init=degree, LS=True
2026-01-14 16:20:03,181 - DSN - INFO - Using GPU solver (CuPy)
2026-01-14 16:20:03,182 - DSN - INFO - DSN GPU Solver: n=800, edges=4667
2026-01-14 16:20:03,182 - DSN - INFO - DSN GPU: T=500, η=0.003, LS=True
2026-01-14 16:20:03,192 - DSN - ERROR - Solver failed: not enough values to unpack (expected 3, got 2)
2026-01-14 16:20:03,192 - DSN - INFO - Initialized DSN_thorough | preset=thorough | GPU=True
2026-01-14 16:20:03,192 - DSN - INFO - Params: η=0.003, T=500, init=degree, LS=True
2026-01-14 16:20:03,192 - DSN - INFO - Using GPU solver (CuPy)
2026-01-14 16:20:03,193 - DSN - INFO - DSN GPU Solver: n=800, edges=4667
2026-01-14 16:20:03,193 - DSN - INFO - DSN GPU: T=500, η=0.003, LS=True
2026-01-14 16:20:03,203 - DSN - ERROR - Solver failed: not enough values to unpack (expected 3, got 2)
2026-01-14 16:20:03,203 - DSN - INFO - Initialized DSN_thorough | preset=thorough | GPU=True
2026-01-14 16:20:03,203 - DSN - INFO - Params: η=0.003, T=500, init=degree, LS=True
2026-01-14 16:20:03,203 - DSN - INFO - Using GPU solver (CuPy)
2026-01-14 16:20:03,204 - DSN - INFO - DSN GPU Solver: n=800, edges=4667
2026-01-14 16:20:03,204 - DSN - INFO - DSN GPU: T=500, η=0.003, LS=True
2026-01-14 16:20:03,214 - DSN - ERROR - Solver failed: not enough values to unpack (expected 3, got 2)
2026-01-14 16:20:03,214 - DSN - INFO - Initialized DSN_thorough | preset=thorough | GPU=True
2026-01-14 16:20:03,214 - DSN - INFO - Params: η=0.003, T=500, init=degree, LS=True
2026-01-14 16:20:03,214 - DSN - INFO - Using GPU solver (CuPy)
2026-01-14 16:20:03,215 - DSN - INFO - DSN GPU Solver: n=800, edges=4667
2026-01-14 16:20:03,215 - DSN - INFO - DSN GPU: T=500, η=0.003, LS=True
2026-01-14 16:20:03,224 - DSN - ERROR - Solver failed: not enough values to unpack (expected 3, got 2)
2026-01-14 16:20:03,274 - DSN - INFO - Initialized DSN_thorough | preset=thorough | GPU=True
2026-01-14 16:20:03,274 - DSN - INFO - Params: η=0.003, T=500, init=degree, LS=True
2026-01-14 16:20:03,274 - DSN - INFO - Using GPU solver (CuPy)
2026-01-14 16:20:03,277 - DSN - INFO - DSN GPU Solver: n=2000, edges=19990
2026-01-14 16:20:03,277 - DSN - INFO - DSN GPU: T=500, η=0.003, LS=True
2026-01-14 16:20:05,461 - DSN - ERROR - Solver failed: not enough values to unpack (expected 3, got 2)
2026-01-14 16:20:05,462 - DSN - INFO - Initialized DSN_thorough | preset=thorough | GPU=True
2026-01-14 16:20:05,462 - DSN - INFO - Params: η=0.003, T=500, init=degree, LS=True
2026-01-14 16:20:05,462 - DSN - INFO - Using GPU solver (CuPy)
2026-01-14 16:20:05,465 - DSN - INFO - DSN GPU Solver: n=2000, edges=19990
2026-01-14 16:20:05,465 - DSN - INFO - DSN GPU: T=500, η=0.003, LS=True
2026-01-14 16:20:05,475 - DSN - ERROR - Solver failed: not enough values to unpack (expected 3, got 2)
2026-01-14 16:20:05,475 - DSN - INFO - Initialized DSN_thorough | preset=thorough | GPU=True
2026-01-14 16:20:05,475 - DSN - INFO - Params: η=0.003, T=500, init=degree, LS=True
2026-01-14 16:20:05,475 - DSN - INFO - Using GPU solver (CuPy)
2026-01-14 16:20:05,478 - DSN - INFO - DSN GPU Solver: n=2000, edges=19990
2026-01-14 16:20:05,478 - DSN - INFO - DSN GPU: T=500, η=0.003, LS=True
2026-01-14 16:20:05,488 - DSN - ERROR - Solver failed: not enough values to unpack (expected 3, got 2)
2026-01-14 16:20:05,488 - DSN - INFO - Initialized DSN_thorough | preset=thorough | GPU=True
2026-01-14 16:20:05,488 - DSN - INFO - Params: η=0.003, T=500, init=degree, LS=True
2026-01-14 16:20:05,488 - DSN - INFO - Using GPU solver (CuPy)
2026-01-14 16:20:05,490 - DSN - INFO - DSN GPU Solver: n=2000, edges=19990
2026-01-14 16:20:05,490 - DSN - INFO - DSN GPU: T=500, η=0.003, LS=True
2026-01-14 16:20:05,500 - DSN - ERROR - Solver failed: not enough values to unpack (expected 3, got 2)
2026-01-14 16:20:05,500 - DSN - INFO - Initialized DSN_thorough | preset=thorough | GPU=True
2026-01-14 16:20:05,500 - DSN - INFO - Params: η=0.003, T=500, init=degree, LS=True
2026-01-14 16:20:05,500 - DSN - INFO - Using GPU solver (CuPy)
2026-01-14 16:20:05,502 - DSN - INFO - DSN GPU Solver: n=2000, edges=19990
2026-01-14 16:20:05,503 - DSN - INFO - DSN GPU: T=500, η=0.003, LS=True
2026-01-14 16:20:05,512 - DSN - ERROR - Solver failed: not enough values to unpack (expected 3, got 2)
2026-01-14 16:20:05,512 - DSN - INFO - Initialized DSN_thorough | preset=thorough | GPU=True
2026-01-14 16:20:05,512 - DSN - INFO - Params: η=0.003, T=500, init=degree, LS=True
2026-01-14 16:20:05,512 - DSN - INFO - Using GPU solver (CuPy)
2026-01-14 16:20:05,515 - DSN - INFO - DSN GPU Solver: n=2000, edges=19990
2026-01-14 16:20:05,515 - DSN - INFO - DSN GPU: T=500, η=0.003, LS=True
2026-01-14 16:20:05,524 - DSN - ERROR - Solver failed: not enough values to unpack (expected 3, got 2)
2026-01-14 16:20:05,524 - DSN - INFO - Initialized DSN_thorough | preset=thorough | GPU=True
2026-01-14 16:20:05,524 - DSN - INFO - Params: η=0.003, T=500, init=degree, LS=True
2026-01-14 16:20:05,525 - DSN - INFO - Using GPU solver (CuPy)
2026-01-14 16:20:05,527 - DSN - INFO - DSN GPU Solver: n=2000, edges=19990
2026-01-14 16:20:05,527 - DSN - INFO - DSN GPU: T=500, η=0.003, LS=True
2026-01-14 16:20:05,536 - DSN - ERROR - Solver failed: not enough values to unpack (expected 3, got 2)
2026-01-14 16:20:05,537 - DSN - INFO - Initialized DSN_thorough | preset=thorough | GPU=True
2026-01-14 16:20:05,537 - DSN - INFO - Params: η=0.003, T=500, init=degree, LS=True
2026-01-14 16:20:05,537 - DSN - INFO - Using GPU solver (CuPy)
2026-01-14 16:20:05,539 - DSN - INFO - DSN GPU Solver: n=2000, edges=19990
2026-01-14 16:20:05,539 - DSN - INFO - DSN GPU: T=500, η=0.003, LS=True
2026-01-14 16:20:05,549 - DSN - ERROR - Solver failed: not enough values to unpack (expected 3, got 2)
2026-01-14 16:20:05,549 - DSN - INFO - Initialized DSN_thorough | preset=thorough | GPU=True
2026-01-14 16:20:05,549 - DSN - INFO - Params: η=0.003, T=500, init=degree, LS=True
2026-01-14 16:20:05,549 - DSN - INFO - Using GPU solver (CuPy)
2026-01-14 16:20:05,551 - DSN - INFO - DSN GPU Solver: n=2000, edges=19990
2026-01-14 16:20:05,551 - DSN - INFO - DSN GPU: T=500, η=0.003, LS=True
2026-01-14 16:20:05,561 - DSN - ERROR - Solver failed: not enough values to unpack (expected 3, got 2)
2026-01-14 16:20:05,561 - DSN - INFO - Initialized DSN_thorough | preset=thorough | GPU=True
2026-01-14 16:20:05,561 - DSN - INFO - Params: η=0.003, T=500, init=degree, LS=True
2026-01-14 16:20:05,561 - DSN - INFO - Using GPU solver (CuPy)
2026-01-14 16:20:05,563 - DSN - INFO - DSN GPU Solver: n=2000, edges=19990
2026-01-14 16:20:05,563 - DSN - INFO - DSN GPU: T=500, η=0.003, LS=True
2026-01-14 16:20:05,573 - DSN - ERROR - Solver failed: not enough values to unpack (expected 3, got 2)
2026-01-14 16:20:05,619 - DSN - INFO - Initialized DSN_thorough | preset=thorough | GPU=True
2026-01-14 16:20:05,619 - DSN - INFO - Params: η=0.003, T=500, init=degree, LS=True
2026-01-14 16:20:05,619 - DSN - INFO - Using GPU solver (CuPy)
2026-01-14 16:20:05,621 - DSN - INFO - DSN GPU Solver: n=2000, edges=19990
2026-01-14 16:20:05,621 - DSN - INFO - DSN GPU: T=500, η=0.003, LS=True
2026-01-14 16:20:05,631 - DSN - ERROR - Solver failed: not enough values to unpack (expected 3, got 2)
2026-01-14 16:20:05,631 - DSN - INFO - Initialized DSN_thorough | preset=thorough | GPU=True
2026-01-14 16:20:05,631 - DSN - INFO - Params: η=0.003, T=500, init=degree, LS=True
2026-01-14 16:20:05,632 - DSN - INFO - Using GPU solver (CuPy)
2026-01-14 16:20:05,634 - DSN - INFO - DSN GPU Solver: n=2000, edges=19990
2026-01-14 16:20:05,634 - DSN - INFO - DSN GPU: T=500, η=0.003, LS=True
2026-01-14 16:20:05,644 - DSN - ERROR - Solver failed: not enough values to unpack (expected 3, got 2)
2026-01-14 16:20:05,644 - DSN - INFO - Initialized DSN_thorough | preset=thorough | GPU=True
2026-01-14 16:20:05,644 - DSN - INFO - Params: η=0.003, T=500, init=degree, LS=True
2026-01-14 16:20:05,644 - DSN - INFO - Using GPU solver (CuPy)
2026-01-14 16:20:05,646 - DSN - INFO - DSN GPU Solver: n=2000, edges=19990
2026-01-14 16:20:05,646 - DSN - INFO - DSN GPU: T=500, η=0.003, LS=True
2026-01-14 16:20:05,656 - DSN - ERROR - Solver failed: not enough values to unpack (expected 3, got 2)
2026-01-14 16:20:05,656 - DSN - INFO - Initialized DSN_thorough | preset=thorough | GPU=True
2026-01-14 16:20:05,656 - DSN - INFO - Params: η=0.003, T=500, init=degree, LS=True
2026-01-14 16:20:05,656 - DSN - INFO - Using GPU solver (CuPy)
2026-01-14 16:20:05,658 - DSN - INFO - DSN GPU Solver: n=2000, edges=19990
2026-01-14 16:20:05,658 - DSN - INFO - DSN GPU: T=500, η=0.003, LS=True
2026-01-14 16:20:05,668 - DSN - ERROR - Solver failed: not enough values to unpack (expected 3, got 2)
2026-01-14 16:20:05,668 - DSN - INFO - Initialized DSN_thorough | preset=thorough | GPU=True
2026-01-14 16:20:05,668 - DSN - INFO - Params: η=0.003, T=500, init=degree, LS=True
2026-01-14 16:20:05,668 - DSN - INFO - Using GPU solver (CuPy)
2026-01-14 16:20:05,670 - DSN - INFO - DSN GPU Solver: n=2000, edges=19990
2026-01-14 16:20:05,670 - DSN - INFO - DSN GPU: T=500, η=0.003, LS=True
2026-01-14 16:20:05,680 - DSN - ERROR - Solver failed: not enough values to unpack (expected 3, got 2)
2026-01-14 16:20:05,680 - DSN - INFO - Initialized DSN_thorough | preset=thorough | GPU=True
2026-01-14 16:20:05,680 - DSN - INFO - Params: η=0.003, T=500, init=degree, LS=True
2026-01-14 16:20:05,680 - DSN - INFO - Using GPU solver (CuPy)
2026-01-14 16:20:05,682 - DSN - INFO - DSN GPU Solver: n=2000, edges=19990
2026-01-14 16:20:05,682 - DSN - INFO - DSN GPU: T=500, η=0.003, LS=True
2026-01-14 16:20:05,692 - DSN - ERROR - Solver failed: not enough values to unpack (expected 3, got 2)
2026-01-14 16:20:05,692 - DSN - INFO - Initialized DSN_thorough | preset=thorough | GPU=True
2026-01-14 16:20:05,692 - DSN - INFO - Params: η=0.003, T=500, init=degree, LS=True
2026-01-14 16:20:05,692 - DSN - INFO - Using GPU solver (CuPy)
2026-01-14 16:20:05,694 - DSN - INFO - DSN GPU Solver: n=2000, edges=19990
2026-01-14 16:20:05,694 - DSN - INFO - DSN GPU: T=500, η=0.003, LS=True
2026-01-14 16:20:05,704 - DSN - ERROR - Solver failed: not enough values to unpack (expected 3, got 2)
2026-01-14 16:20:05,704 - DSN - INFO - Initialized DSN_thorough | preset=thorough | GPU=True
2026-01-14 16:20:05,704 - DSN - INFO - Params: η=0.003, T=500, init=degree, LS=True
2026-01-14 16:20:05,704 - DSN - INFO - Using GPU solver (CuPy)
2026-01-14 16:20:05,706 - DSN - INFO - DSN GPU Solver: n=2000, edges=19990
2026-01-14 16:20:05,706 - DSN - INFO - DSN GPU: T=500, η=0.003, LS=True
2026-01-14 16:20:05,716 - DSN - ERROR - Solver failed: not enough values to unpack (expected 3, got 2)
2026-01-14 16:20:05,716 - DSN - INFO - Initialized DSN_thorough | preset=thorough | GPU=True
2026-01-14 16:20:05,716 - DSN - INFO - Params: η=0.003, T=500, init=degree, LS=True
2026-01-14 16:20:05,716 - DSN - INFO - Using GPU solver (CuPy)
2026-01-14 16:20:05,718 - DSN - INFO - DSN GPU Solver: n=2000, edges=19990
2026-01-14 16:20:05,718 - DSN - INFO - DSN GPU: T=500, η=0.003, LS=True
2026-01-14 16:20:05,728 - DSN - ERROR - Solver failed: not enough values to unpack (expected 3, got 2)
2026-01-14 16:20:05,728 - DSN - INFO - Initialized DSN_thorough | preset=thorough | GPU=True
2026-01-14 16:20:05,728 - DSN - INFO - Params: η=0.003, T=500, init=degree, LS=True
2026-01-14 16:20:05,728 - DSN - INFO - Using GPU solver (CuPy)
2026-01-14 16:20:05,730 - DSN - INFO - DSN GPU Solver: n=2000, edges=19990
2026-01-14 16:20:05,730 - DSN - INFO - DSN GPU: T=500, η=0.003, LS=True
2026-01-14 16:20:05,740 - DSN - ERROR - Solver failed: not enough values to unpack (expected 3, got 2)
2026-01-14 16:20:05,798 - DSN - INFO - Initialized DSN_thorough | preset=thorough | GPU=True
2026-01-14 16:20:05,798 - DSN - INFO - Params: η=0.003, T=500, init=degree, LS=True
2026-01-14 16:20:05,798 - DSN - INFO - Using GPU solver (CuPy)
2026-01-14 16:20:05,801 - DSN - INFO - DSN GPU Solver: n=2000, edges=19990
2026-01-14 16:20:05,801 - DSN - INFO - DSN GPU: T=500, η=0.003, LS=True
2026-01-14 16:20:05,811 - DSN - ERROR - Solver failed: not enough values to unpack (expected 3, got 2)
2026-01-14 16:20:05,811 - DSN - INFO - Initialized DSN_thorough | preset=thorough | GPU=True
2026-01-14 16:20:05,812 - DSN - INFO - Params: η=0.003, T=500, init=degree, LS=True
2026-01-14 16:20:05,812 - DSN - INFO - Using GPU solver (CuPy)
2026-01-14 16:20:05,814 - DSN - INFO - DSN GPU Solver: n=2000, edges=19990
2026-01-14 16:20:05,814 - DSN - INFO - DSN GPU: T=500, η=0.003, LS=True
2026-01-14 16:20:05,824 - DSN - ERROR - Solver failed: not enough values to unpack (expected 3, got 2)
2026-01-14 16:20:05,824 - DSN - INFO - Initialized DSN_thorough | preset=thorough | GPU=True
2026-01-14 16:20:05,824 - DSN - INFO - Params: η=0.003, T=500, init=degree, LS=True
2026-01-14 16:20:05,824 - DSN - INFO - Using GPU solver (CuPy)
2026-01-14 16:20:05,826 - DSN - INFO - DSN GPU Solver: n=2000, edges=19990
2026-01-14 16:20:05,826 - DSN - INFO - DSN GPU: T=500, η=0.003, LS=True
2026-01-14 16:20:05,836 - DSN - ERROR - Solver failed: not enough values to unpack (expected 3, got 2)
2026-01-14 16:20:05,836 - DSN - INFO - Initialized DSN_thorough | preset=thorough | GPU=True
2026-01-14 16:20:05,836 - DSN - INFO - Params: η=0.003, T=500, init=degree, LS=True
2026-01-14 16:20:05,836 - DSN - INFO - Using GPU solver (CuPy)
2026-01-14 16:20:05,838 - DSN - INFO - DSN GPU Solver: n=2000, edges=19990
2026-01-14 16:20:05,839 - DSN - INFO - DSN GPU: T=500, η=0.003, LS=True
2026-01-14 16:20:05,848 - DSN - ERROR - Solver failed: not enough values to unpack (expected 3, got 2)
2026-01-14 16:20:05,848 - DSN - INFO - Initialized DSN_thorough | preset=thorough | GPU=True
2026-01-14 16:20:05,848 - DSN - INFO - Params: η=0.003, T=500, init=degree, LS=True
2026-01-14 16:20:05,848 - DSN - INFO - Using GPU solver (CuPy)
2026-01-14 16:20:05,851 - DSN - INFO - DSN GPU Solver: n=2000, edges=19990
2026-01-14 16:20:05,851 - DSN - INFO - DSN GPU: T=500, η=0.003, LS=True
2026-01-14 16:20:05,860 - DSN - ERROR - Solver failed: not enough values to unpack (expected 3, got 2)
2026-01-14 16:20:05,861 - DSN - INFO - Initialized DSN_thorough | preset=thorough | GPU=True
2026-01-14 16:20:05,861 - DSN - INFO - Params: η=0.003, T=500, init=degree, LS=True
2026-01-14 16:20:05,861 - DSN - INFO - Using GPU solver (CuPy)
2026-01-14 16:20:05,863 - DSN - INFO - DSN GPU Solver: n=2000, edges=19990
2026-01-14 16:20:05,863 - DSN - INFO - DSN GPU: T=500, η=0.003, LS=True
2026-01-14 16:20:05,873 - DSN - ERROR - Solver failed: not enough values to unpack (expected 3, got 2)
2026-01-14 16:20:05,873 - DSN - INFO - Initialized DSN_thorough | preset=thorough | GPU=True
2026-01-14 16:20:05,873 - DSN - INFO - Params: η=0.003, T=500, init=degree, LS=True
2026-01-14 16:20:05,873 - DSN - INFO - Using GPU solver (CuPy)
2026-01-14 16:20:05,875 - DSN - INFO - DSN GPU Solver: n=2000, edges=19990
2026-01-14 16:20:05,875 - DSN - INFO - DSN GPU: T=500, η=0.003, LS=True
2026-01-14 16:20:05,885 - DSN - ERROR - Solver failed: not enough values to unpack (expected 3, got 2)
2026-01-14 16:20:05,885 - DSN - INFO - Initialized DSN_thorough | preset=thorough | GPU=True
2026-01-14 16:20:05,885 - DSN - INFO - Params: η=0.003, T=500, init=degree, LS=True
2026-01-14 16:20:05,885 - DSN - INFO - Using GPU solver (CuPy)
2026-01-14 16:20:05,887 - DSN - INFO - DSN GPU Solver: n=2000, edges=19990
2026-01-14 16:20:05,887 - DSN - INFO - DSN GPU: T=500, η=0.003, LS=True
2026-01-14 16:20:05,897 - DSN - ERROR - Solver failed: not enough values to unpack (expected 3, got 2)
2026-01-14 16:20:05,897 - DSN - INFO - Initialized DSN_thorough | preset=thorough | GPU=True
2026-01-14 16:20:05,897 - DSN - INFO - Params: η=0.003, T=500, init=degree, LS=True
2026-01-14 16:20:05,897 - DSN - INFO - Using GPU solver (CuPy)
2026-01-14 16:20:05,899 - DSN - INFO - DSN GPU Solver: n=2000, edges=19990
2026-01-14 16:20:05,900 - DSN - INFO - DSN GPU: T=500, η=0.003, LS=True
2026-01-14 16:20:05,909 - DSN - ERROR - Solver failed: not enough values to unpack (expected 3, got 2)
2026-01-14 16:20:05,909 - DSN - INFO - Initialized DSN_thorough | preset=thorough | GPU=True
2026-01-14 16:20:05,909 - DSN - INFO - Params: η=0.003, T=500, init=degree, LS=True
2026-01-14 16:20:05,909 - DSN - INFO - Using GPU solver (CuPy)
2026-01-14 16:20:05,912 - DSN - INFO - DSN GPU Solver: n=2000, edges=19990
2026-01-14 16:20:05,912 - DSN - INFO - DSN GPU: T=500, η=0.003, LS=True
2026-01-14 16:20:05,921 - DSN - ERROR - Solver failed: not enough values to unpack (expected 3, got 2)
2026-01-14 16:20:05,980 - DSN - INFO - Initialized DSN_thorough | preset=thorough | GPU=True
2026-01-14 16:20:05,980 - DSN - INFO - Params: η=0.003, T=500, init=degree, LS=True
2026-01-14 16:20:05,980 - DSN - INFO - Using GPU solver (CuPy)
2026-01-14 16:20:05,982 - DSN - INFO - DSN GPU Solver: n=2000, edges=19990
2026-01-14 16:20:05,982 - DSN - INFO - DSN GPU: T=500, η=0.003, LS=True
2026-01-14 16:20:05,992 - DSN - ERROR - Solver failed: not enough values to unpack (expected 3, got 2)
2026-01-14 16:20:05,992 - DSN - INFO - Initialized DSN_thorough | preset=thorough | GPU=True
2026-01-14 16:20:05,992 - DSN - INFO - Params: η=0.003, T=500, init=degree, LS=True
2026-01-14 16:20:05,992 - DSN - INFO - Using GPU solver (CuPy)
2026-01-14 16:20:05,995 - DSN - INFO - DSN GPU Solver: n=2000, edges=19990
2026-01-14 16:20:05,995 - DSN - INFO - DSN GPU: T=500, η=0.003, LS=True
2026-01-14 16:20:06,004 - DSN - ERROR - Solver failed: not enough values to unpack (expected 3, got 2)
2026-01-14 16:20:06,004 - DSN - INFO - Initialized DSN_thorough | preset=thorough | GPU=True
2026-01-14 16:20:06,004 - DSN - INFO - Params: η=0.003, T=500, init=degree, LS=True
2026-01-14 16:20:06,004 - DSN - INFO - Using GPU solver (CuPy)
2026-01-14 16:20:06,007 - DSN - INFO - DSN GPU Solver: n=2000, edges=19990
2026-01-14 16:20:06,007 - DSN - INFO - DSN GPU: T=500, η=0.003, LS=True
2026-01-14 16:20:06,016 - DSN - ERROR - Solver failed: not enough values to unpack (expected 3, got 2)
2026-01-14 16:20:06,017 - DSN - INFO - Initialized DSN_thorough | preset=thorough | GPU=True
2026-01-14 16:20:06,017 - DSN - INFO - Params: η=0.003, T=500, init=degree, LS=True
2026-01-14 16:20:06,017 - DSN - INFO - Using GPU solver (CuPy)
2026-01-14 16:20:06,019 - DSN - INFO - DSN GPU Solver: n=2000, edges=19990
2026-01-14 16:20:06,019 - DSN - INFO - DSN GPU: T=500, η=0.003, LS=True
2026-01-14 16:20:06,029 - DSN - ERROR - Solver failed: not enough values to unpack (expected 3, got 2)
2026-01-14 16:20:06,029 - DSN - INFO - Initialized DSN_thorough | preset=thorough | GPU=True
2026-01-14 16:20:06,029 - DSN - INFO - Params: η=0.003, T=500, init=degree, LS=True
2026-01-14 16:20:06,029 - DSN - INFO - Using GPU solver (CuPy)
2026-01-14 16:20:06,031 - DSN - INFO - DSN GPU Solver: n=2000, edges=19990
2026-01-14 16:20:06,031 - DSN - INFO - DSN GPU: T=500, η=0.003, LS=True
2026-01-14 16:20:06,041 - DSN - ERROR - Solver failed: not enough values to unpack (expected 3, got 2)
2026-01-14 16:20:06,041 - DSN - INFO - Initialized DSN_thorough | preset=thorough | GPU=True
2026-01-14 16:20:06,041 - DSN - INFO - Params: η=0.003, T=500, init=degree, LS=True
2026-01-14 16:20:06,041 - DSN - INFO - Using GPU solver (CuPy)
2026-01-14 16:20:06,043 - DSN - INFO - DSN GPU Solver: n=2000, edges=19990
2026-01-14 16:20:06,043 - DSN - INFO - DSN GPU: T=500, η=0.003, LS=True
2026-01-14 16:20:06,053 - DSN - ERROR - Solver failed: not enough values to unpack (expected 3, got 2)
2026-01-14 16:20:06,053 - DSN - INFO - Initialized DSN_thorough | preset=thorough | GPU=True
2026-01-14 16:20:06,053 - DSN - INFO - Params: η=0.003, T=500, init=degree, LS=True
2026-01-14 16:20:06,053 - DSN - INFO - Using GPU solver (CuPy)
2026-01-14 16:20:06,055 - DSN - INFO - DSN GPU Solver: n=2000, edges=19990
2026-01-14 16:20:06,055 - DSN - INFO - DSN GPU: T=500, η=0.003, LS=True
2026-01-14 16:20:06,065 - DSN - ERROR - Solver failed: not enough values to unpack (expected 3, got 2)
2026-01-14 16:20:06,065 - DSN - INFO - Initialized DSN_thorough | preset=thorough | GPU=True
2026-01-14 16:20:06,065 - DSN - INFO - Params: η=0.003, T=500, init=degree, LS=True
2026-01-14 16:20:06,065 - DSN - INFO - Using GPU solver (CuPy)
2026-01-14 16:20:06,067 - DSN - INFO - DSN GPU Solver: n=2000, edges=19990
2026-01-14 16:20:06,068 - DSN - INFO - DSN GPU: T=500, η=0.003, LS=True
2026-01-14 16:20:06,077 - DSN - ERROR - Solver failed: not enough values to unpack (expected 3, got 2)
2026-01-14 16:20:06,077 - DSN - INFO - Initialized DSN_thorough | preset=thorough | GPU=True
2026-01-14 16:20:06,077 - DSN - INFO - Params: η=0.003, T=500, init=degree, LS=True
2026-01-14 16:20:06,077 - DSN - INFO - Using GPU solver (CuPy)
2026-01-14 16:20:06,080 - DSN - INFO - DSN GPU Solver: n=2000, edges=19990
2026-01-14 16:20:06,080 - DSN - INFO - DSN GPU: T=500, η=0.003, LS=True
2026-01-14 16:20:06,089 - DSN - ERROR - Solver failed: not enough values to unpack (expected 3, got 2)
2026-01-14 16:20:06,089 - DSN - INFO - Initialized DSN_thorough | preset=thorough | GPU=True
2026-01-14 16:20:06,089 - DSN - INFO - Params: η=0.003, T=500, init=degree, LS=True
2026-01-14 16:20:06,089 - DSN - INFO - Using GPU solver (CuPy)
2026-01-14 16:20:06,092 - DSN - INFO - DSN GPU Solver: n=2000, edges=19990
2026-01-14 16:20:06,092 - DSN - INFO - DSN GPU: T=500, η=0.003, LS=True
2026-01-14 16:20:06,101 - DSN - ERROR - Solver failed: not enough values to unpack (expected 3, got 2)
2026-01-14 16:20:06,139 - DSN - INFO - Initialized DSN_thorough | preset=thorough | GPU=True
2026-01-14 16:20:06,139 - DSN - INFO - Params: η=0.003, T=500, init=degree, LS=True
2026-01-14 16:20:06,139 - DSN - INFO - Using GPU solver (CuPy)
2026-01-14 16:20:06,142 - DSN - INFO - DSN GPU Solver: n=2000, edges=19990
2026-01-14 16:20:06,142 - DSN - INFO - DSN GPU: T=500, η=0.003, LS=True
2026-01-14 16:20:06,152 - DSN - ERROR - Solver failed: not enough values to unpack (expected 3, got 2)
2026-01-14 16:20:06,152 - DSN - INFO - Initialized DSN_thorough | preset=thorough | GPU=True
2026-01-14 16:20:06,152 - DSN - INFO - Params: η=0.003, T=500, init=degree, LS=True
2026-01-14 16:20:06,152 - DSN - INFO - Using GPU solver (CuPy)
2026-01-14 16:20:06,154 - DSN - INFO - DSN GPU Solver: n=2000, edges=19990
2026-01-14 16:20:06,154 - DSN - INFO - DSN GPU: T=500, η=0.003, LS=True
2026-01-14 16:20:06,164 - DSN - ERROR - Solver failed: not enough values to unpack (expected 3, got 2)
2026-01-14 16:20:06,164 - DSN - INFO - Initialized DSN_thorough | preset=thorough | GPU=True
2026-01-14 16:20:06,164 - DSN - INFO - Params: η=0.003, T=500, init=degree, LS=True
2026-01-14 16:20:06,164 - DSN - INFO - Using GPU solver (CuPy)
2026-01-14 16:20:06,166 - DSN - INFO - DSN GPU Solver: n=2000, edges=19990
2026-01-14 16:20:06,166 - DSN - INFO - DSN GPU: T=500, η=0.003, LS=True
2026-01-14 16:20:06,176 - DSN - ERROR - Solver failed: not enough values to unpack (expected 3, got 2)
2026-01-14 16:20:06,176 - DSN - INFO - Initialized DSN_thorough | preset=thorough | GPU=True
2026-01-14 16:20:06,176 - DSN - INFO - Params: η=0.003, T=500, init=degree, LS=True
2026-01-14 16:20:06,176 - DSN - INFO - Using GPU solver (CuPy)
2026-01-14 16:20:06,178 - DSN - INFO - DSN GPU Solver: n=2000, edges=19990
2026-01-14 16:20:06,178 - DSN - INFO - DSN GPU: T=500, η=0.003, LS=True
2026-01-14 16:20:06,188 - DSN - ERROR - Solver failed: not enough values to unpack (expected 3, got 2)
2026-01-14 16:20:06,188 - DSN - INFO - Initialized DSN_thorough | preset=thorough | GPU=True
2026-01-14 16:20:06,188 - DSN - INFO - Params: η=0.003, T=500, init=degree, LS=True
2026-01-14 16:20:06,188 - DSN - INFO - Using GPU solver (CuPy)
2026-01-14 16:20:06,190 - DSN - INFO - DSN GPU Solver: n=2000, edges=19990
2026-01-14 16:20:06,190 - DSN - INFO - DSN GPU: T=500, η=0.003, LS=True
2026-01-14 16:20:06,200 - DSN - ERROR - Solver failed: not enough values to unpack (expected 3, got 2)
2026-01-14 16:20:06,200 - DSN - INFO - Initialized DSN_thorough | preset=thorough | GPU=True
2026-01-14 16:20:06,200 - DSN - INFO - Params: η=0.003, T=500, init=degree, LS=True
2026-01-14 16:20:06,200 - DSN - INFO - Using GPU solver (CuPy)
2026-01-14 16:20:06,202 - DSN - INFO - DSN GPU Solver: n=2000, edges=19990
2026-01-14 16:20:06,202 - DSN - INFO - DSN GPU: T=500, η=0.003, LS=True
2026-01-14 16:20:06,212 - DSN - ERROR - Solver failed: not enough values to unpack (expected 3, got 2)
2026-01-14 16:20:06,212 - DSN - INFO - Initialized DSN_thorough | preset=thorough | GPU=True
2026-01-14 16:20:06,212 - DSN - INFO - Params: η=0.003, T=500, init=degree, LS=True
2026-01-14 16:20:06,212 - DSN - INFO - Using GPU solver (CuPy)
2026-01-14 16:20:06,215 - DSN - INFO - DSN GPU Solver: n=2000, edges=19990
2026-01-14 16:20:06,215 - DSN - INFO - DSN GPU: T=500, η=0.003, LS=True
2026-01-14 16:20:06,225 - DSN - ERROR - Solver failed: not enough values to unpack (expected 3, got 2)
2026-01-14 16:20:06,225 - DSN - INFO - Initialized DSN_thorough | preset=thorough | GPU=True
2026-01-14 16:20:06,225 - DSN - INFO - Params: η=0.003, T=500, init=degree, LS=True
2026-01-14 16:20:06,225 - DSN - INFO - Using GPU solver (CuPy)
2026-01-14 16:20:06,227 - DSN - INFO - DSN GPU Solver: n=2000, edges=19990
2026-01-14 16:20:06,227 - DSN - INFO - DSN GPU: T=500, η=0.003, LS=True
2026-01-14 16:20:06,237 - DSN - ERROR - Solver failed: not enough values to unpack (expected 3, got 2)
2026-01-14 16:20:06,237 - DSN - INFO - Initialized DSN_thorough | preset=thorough | GPU=True
2026-01-14 16:20:06,237 - DSN - INFO - Params: η=0.003, T=500, init=degree, LS=True
2026-01-14 16:20:06,237 - DSN - INFO - Using GPU solver (CuPy)
2026-01-14 16:20:06,239 - DSN - INFO - DSN GPU Solver: n=2000, edges=19990
2026-01-14 16:20:06,239 - DSN - INFO - DSN GPU: T=500, η=0.003, LS=True
2026-01-14 16:20:06,249 - DSN - ERROR - Solver failed: not enough values to unpack (expected 3, got 2)
2026-01-14 16:20:06,249 - DSN - INFO - Initialized DSN_thorough | preset=thorough | GPU=True
2026-01-14 16:20:06,249 - DSN - INFO - Params: η=0.003, T=500, init=degree, LS=True
2026-01-14 16:20:06,249 - DSN - INFO - Using GPU solver (CuPy)
2026-01-14 16:20:06,251 - DSN - INFO - DSN GPU Solver: n=2000, edges=19990
2026-01-14 16:20:06,251 - DSN - INFO - DSN GPU: T=500, η=0.003, LS=True
2026-01-14 16:20:06,261 - DSN - ERROR - Solver failed: not enough values to unpack (expected 3, got 2)
2026-01-14 16:20:06,297 - DSN - INFO - Initialized DSN_thorough | preset=thorough | GPU=True
2026-01-14 16:20:06,297 - DSN - INFO - Params: η=0.003, T=500, init=degree, LS=True
2026-01-14 16:20:06,297 - DSN - INFO - Using GPU solver (CuPy)
2026-01-14 16:20:06,300 - DSN - INFO - DSN GPU Solver: n=2000, edges=19990
2026-01-14 16:20:06,300 - DSN - INFO - DSN GPU: T=500, η=0.003, LS=True
2026-01-14 16:20:06,335 - DSN - ERROR - Solver failed: not enough values to unpack (expected 3, got 2)
2026-01-14 16:20:06,335 - DSN - INFO - Initialized DSN_thorough | preset=thorough | GPU=True
2026-01-14 16:20:06,335 - DSN - INFO - Params: η=0.003, T=500, init=degree, LS=True
2026-01-14 16:20:06,335 - DSN - INFO - Using GPU solver (CuPy)
2026-01-14 16:20:06,338 - DSN - INFO - DSN GPU Solver: n=2000, edges=19990
2026-01-14 16:20:06,338 - DSN - INFO - DSN GPU: T=500, η=0.003, LS=True
2026-01-14 16:20:06,365 - DSN - ERROR - Solver failed: not enough values to unpack (expected 3, got 2)
2026-01-14 16:20:06,365 - DSN - INFO - Initialized DSN_thorough | preset=thorough | GPU=True
2026-01-14 16:20:06,365 - DSN - INFO - Params: η=0.003, T=500, init=degree, LS=True
2026-01-14 16:20:06,365 - DSN - INFO - Using GPU solver (CuPy)
2026-01-14 16:20:06,367 - DSN - INFO - DSN GPU Solver: n=2000, edges=19990
2026-01-14 16:20:06,367 - DSN - INFO - DSN GPU: T=500, η=0.003, LS=True
2026-01-14 16:20:06,403 - DSN - ERROR - Solver failed: not enough values to unpack (expected 3, got 2)
2026-01-14 16:20:06,403 - DSN - INFO - Initialized DSN_thorough | preset=thorough | GPU=True
2026-01-14 16:20:06,403 - DSN - INFO - Params: η=0.003, T=500, init=degree, LS=True
2026-01-14 16:20:06,403 - DSN - INFO - Using GPU solver (CuPy)
2026-01-14 16:20:06,405 - DSN - INFO - DSN GPU Solver: n=2000, edges=19990
2026-01-14 16:20:06,405 - DSN - INFO - DSN GPU: T=500, η=0.003, LS=True
2026-01-14 16:20:06,441 - DSN - ERROR - Solver failed: not enough values to unpack (expected 3, got 2)
2026-01-14 16:20:06,441 - DSN - INFO - Initialized DSN_thorough | preset=thorough | GPU=True
2026-01-14 16:20:06,441 - DSN - INFO - Params: η=0.003, T=500, init=degree, LS=True
2026-01-14 16:20:06,441 - DSN - INFO - Using GPU solver (CuPy)
2026-01-14 16:20:06,443 - DSN - INFO - DSN GPU Solver: n=2000, edges=19990
2026-01-14 16:20:06,444 - DSN - INFO - DSN GPU: T=500, η=0.003, LS=True
2026-01-14 16:20:06,470 - DSN - ERROR - Solver failed: not enough values to unpack (expected 3, got 2)
2026-01-14 16:20:06,470 - DSN - INFO - Initialized DSN_thorough | preset=thorough | GPU=True
2026-01-14 16:20:06,471 - DSN - INFO - Params: η=0.003, T=500, init=degree, LS=True
2026-01-14 16:20:06,471 - DSN - INFO - Using GPU solver (CuPy)
2026-01-14 16:20:06,473 - DSN - INFO - DSN GPU Solver: n=2000, edges=19990
2026-01-14 16:20:06,473 - DSN - INFO - DSN GPU: T=500, η=0.003, LS=True
2026-01-14 16:20:06,500 - DSN - ERROR - Solver failed: not enough values to unpack (expected 3, got 2)
2026-01-14 16:20:06,500 - DSN - INFO - Initialized DSN_thorough | preset=thorough | GPU=True
2026-01-14 16:20:06,500 - DSN - INFO - Params: η=0.003, T=500, init=degree, LS=True
2026-01-14 16:20:06,500 - DSN - INFO - Using GPU solver (CuPy)
2026-01-14 16:20:06,502 - DSN - INFO - DSN GPU Solver: n=2000, edges=19990
2026-01-14 16:20:06,502 - DSN - INFO - DSN GPU: T=500, η=0.003, LS=True
2026-01-14 16:20:06,538 - DSN - ERROR - Solver failed: not enough values to unpack (expected 3, got 2)
2026-01-14 16:20:06,538 - DSN - INFO - Initialized DSN_thorough | preset=thorough | GPU=True
2026-01-14 16:20:06,538 - DSN - INFO - Params: η=0.003, T=500, init=degree, LS=True
2026-01-14 16:20:06,538 - DSN - INFO - Using GPU solver (CuPy)
2026-01-14 16:20:06,540 - DSN - INFO - DSN GPU Solver: n=2000, edges=19990
2026-01-14 16:20:06,540 - DSN - INFO - DSN GPU: T=500, η=0.003, LS=True
2026-01-14 16:20:06,567 - DSN - ERROR - Solver failed: not enough values to unpack (expected 3, got 2)
2026-01-14 16:20:06,567 - DSN - INFO - Initialized DSN_thorough | preset=thorough | GPU=True
2026-01-14 16:20:06,567 - DSN - INFO - Params: η=0.003, T=500, init=degree, LS=True
2026-01-14 16:20:06,567 - DSN - INFO - Using GPU solver (CuPy)
2026-01-14 16:20:06,570 - DSN - INFO - DSN GPU Solver: n=2000, edges=19990
2026-01-14 16:20:06,570 - DSN - INFO - DSN GPU: T=500, η=0.003, LS=True
2026-01-14 16:20:06,605 - DSN - ERROR - Solver failed: not enough values to unpack (expected 3, got 2)
2026-01-14 16:20:06,605 - DSN - INFO - Initialized DSN_thorough | preset=thorough | GPU=True
2026-01-14 16:20:06,605 - DSN - INFO - Params: η=0.003, T=500, init=degree, LS=True
2026-01-14 16:20:06,605 - DSN - INFO - Using GPU solver (CuPy)
2026-01-14 16:20:06,607 - DSN - INFO - DSN GPU Solver: n=2000, edges=19990
2026-01-14 16:20:06,607 - DSN - INFO - DSN GPU: T=500, η=0.003, LS=True
2026-01-14 16:20:06,634 - DSN - ERROR - Solver failed: not enough values to unpack (expected 3, got 2)
2026-01-14 16:20:06,676 - DSN - INFO - Initialized DSN_thorough | preset=thorough | GPU=True
2026-01-14 16:20:06,676 - DSN - INFO - Params: η=0.003, T=500, init=degree, LS=True
2026-01-14 16:20:06,676 - DSN - INFO - Using GPU solver (CuPy)
2026-01-14 16:20:06,678 - DSN - INFO - DSN GPU Solver: n=2000, edges=19990
2026-01-14 16:20:06,678 - DSN - INFO - DSN GPU: T=500, η=0.003, LS=True
2026-01-14 16:20:06,713 - DSN - ERROR - Solver failed: not enough values to unpack (expected 3, got 2)
2026-01-14 16:20:06,714 - DSN - INFO - Initialized DSN_thorough | preset=thorough | GPU=True
2026-01-14 16:20:06,714 - DSN - INFO - Params: η=0.003, T=500, init=degree, LS=True
2026-01-14 16:20:06,714 - DSN - INFO - Using GPU solver (CuPy)
2026-01-14 16:20:06,716 - DSN - INFO - DSN GPU Solver: n=2000, edges=19990
2026-01-14 16:20:06,716 - DSN - INFO - DSN GPU: T=500, η=0.003, LS=True
2026-01-14 16:20:06,743 - DSN - ERROR - Solver failed: not enough values to unpack (expected 3, got 2)
2026-01-14 16:20:06,743 - DSN - INFO - Initialized DSN_thorough | preset=thorough | GPU=True
2026-01-14 16:20:06,743 - DSN - INFO - Params: η=0.003, T=500, init=degree, LS=True
2026-01-14 16:20:06,743 - DSN - INFO - Using GPU solver (CuPy)
2026-01-14 16:20:06,745 - DSN - INFO - DSN GPU Solver: n=2000, edges=19990
2026-01-14 16:20:06,745 - DSN - INFO - DSN GPU: T=500, η=0.003, LS=True
2026-01-14 16:20:06,780 - DSN - ERROR - Solver failed: not enough values to unpack (expected 3, got 2)
2026-01-14 16:20:06,780 - DSN - INFO - Initialized DSN_thorough | preset=thorough | GPU=True
2026-01-14 16:20:06,780 - DSN - INFO - Params: η=0.003, T=500, init=degree, LS=True
2026-01-14 16:20:06,780 - DSN - INFO - Using GPU solver (CuPy)
2026-01-14 16:20:06,783 - DSN - INFO - DSN GPU Solver: n=2000, edges=19990
2026-01-14 16:20:06,783 - DSN - INFO - DSN GPU: T=500, η=0.003, LS=True
2026-01-14 16:20:06,809 - DSN - ERROR - Solver failed: not enough values to unpack (expected 3, got 2)
2026-01-14 16:20:06,809 - DSN - INFO - Initialized DSN_thorough | preset=thorough | GPU=True
2026-01-14 16:20:06,809 - DSN - INFO - Params: η=0.003, T=500, init=degree, LS=True
2026-01-14 16:20:06,809 - DSN - INFO - Using GPU solver (CuPy)
2026-01-14 16:20:06,812 - DSN - INFO - DSN GPU Solver: n=2000, edges=19990
2026-01-14 16:20:06,812 - DSN - INFO - DSN GPU: T=500, η=0.003, LS=True
2026-01-14 16:20:06,839 - DSN - ERROR - Solver failed: not enough values to unpack (expected 3, got 2)
2026-01-14 16:20:06,839 - DSN - INFO - Initialized DSN_thorough | preset=thorough | GPU=True
2026-01-14 16:20:06,839 - DSN - INFO - Params: η=0.003, T=500, init=degree, LS=True
2026-01-14 16:20:06,839 - DSN - INFO - Using GPU solver (CuPy)
2026-01-14 16:20:06,841 - DSN - INFO - DSN GPU Solver: n=2000, edges=19990
2026-01-14 16:20:06,841 - DSN - INFO - DSN GPU: T=500, η=0.003, LS=True
2026-01-14 16:20:06,876 - DSN - ERROR - Solver failed: not enough values to unpack (expected 3, got 2)
2026-01-14 16:20:06,876 - DSN - INFO - Initialized DSN_thorough | preset=thorough | GPU=True
2026-01-14 16:20:06,876 - DSN - INFO - Params: η=0.003, T=500, init=degree, LS=True
2026-01-14 16:20:06,876 - DSN - INFO - Using GPU solver (CuPy)
2026-01-14 16:20:06,878 - DSN - INFO - DSN GPU Solver: n=2000, edges=19990
2026-01-14 16:20:06,879 - DSN - INFO - DSN GPU: T=500, η=0.003, LS=True
2026-01-14 16:20:06,913 - DSN - ERROR - Solver failed: not enough values to unpack (expected 3, got 2)
2026-01-14 16:20:06,914 - DSN - INFO - Initialized DSN_thorough | preset=thorough | GPU=True
2026-01-14 16:20:06,914 - DSN - INFO - Params: η=0.003, T=500, init=degree, LS=True
2026-01-14 16:20:06,914 - DSN - INFO - Using GPU solver (CuPy)
2026-01-14 16:20:06,916 - DSN - INFO - DSN GPU Solver: n=2000, edges=19990
2026-01-14 16:20:06,916 - DSN - INFO - DSN GPU: T=500, η=0.003, LS=True
2026-01-14 16:20:06,951 - DSN - ERROR - Solver failed: not enough values to unpack (expected 3, got 2)
2026-01-14 16:20:06,951 - DSN - INFO - Initialized DSN_thorough | preset=thorough | GPU=True
2026-01-14 16:20:06,951 - DSN - INFO - Params: η=0.003, T=500, init=degree, LS=True
2026-01-14 16:20:06,951 - DSN - INFO - Using GPU solver (CuPy)
2026-01-14 16:20:06,954 - DSN - INFO - DSN GPU Solver: n=2000, edges=19990
2026-01-14 16:20:06,954 - DSN - INFO - DSN GPU: T=500, η=0.003, LS=True
2026-01-14 16:20:06,988 - DSN - ERROR - Solver failed: not enough values to unpack (expected 3, got 2)
2026-01-14 16:20:06,988 - DSN - INFO - Initialized DSN_thorough | preset=thorough | GPU=True
2026-01-14 16:20:06,989 - DSN - INFO - Params: η=0.003, T=500, init=degree, LS=True
2026-01-14 16:20:06,989 - DSN - INFO - Using GPU solver (CuPy)
2026-01-14 16:20:06,991 - DSN - INFO - DSN GPU Solver: n=2000, edges=19990
2026-01-14 16:20:06,991 - DSN - INFO - DSN GPU: T=500, η=0.003, LS=True
2026-01-14 16:20:07,017 - DSN - ERROR - Solver failed: not enough values to unpack (expected 3, got 2)
2026-01-14 16:20:07,071 - DSN - INFO - Initialized DSN_thorough | preset=thorough | GPU=True
2026-01-14 16:20:07,071 - DSN - INFO - Params: η=0.003, T=500, init=degree, LS=True
2026-01-14 16:20:07,071 - DSN - INFO - Using GPU solver (CuPy)
2026-01-14 16:20:07,074 - DSN - INFO - DSN GPU Solver: n=2000, edges=19990
2026-01-14 16:20:07,074 - DSN - INFO - DSN GPU: T=500, η=0.003, LS=True
2026-01-14 16:20:07,101 - DSN - ERROR - Solver failed: not enough values to unpack (expected 3, got 2)
2026-01-14 16:20:07,101 - DSN - INFO - Initialized DSN_thorough | preset=thorough | GPU=True
2026-01-14 16:20:07,101 - DSN - INFO - Params: η=0.003, T=500, init=degree, LS=True
2026-01-14 16:20:07,101 - DSN - INFO - Using GPU solver (CuPy)
2026-01-14 16:20:07,103 - DSN - INFO - DSN GPU Solver: n=2000, edges=19990
2026-01-14 16:20:07,103 - DSN - INFO - DSN GPU: T=500, η=0.003, LS=True
2026-01-14 16:20:07,139 - DSN - ERROR - Solver failed: not enough values to unpack (expected 3, got 2)
2026-01-14 16:20:07,139 - DSN - INFO - Initialized DSN_thorough | preset=thorough | GPU=True
2026-01-14 16:20:07,139 - DSN - INFO - Params: η=0.003, T=500, init=degree, LS=True
2026-01-14 16:20:07,139 - DSN - INFO - Using GPU solver (CuPy)
2026-01-14 16:20:07,141 - DSN - INFO - DSN GPU Solver: n=2000, edges=19990
2026-01-14 16:20:07,141 - DSN - INFO - DSN GPU: T=500, η=0.003, LS=True
2026-01-14 16:20:07,168 - DSN - ERROR - Solver failed: not enough values to unpack (expected 3, got 2)
2026-01-14 16:20:07,168 - DSN - INFO - Initialized DSN_thorough | preset=thorough | GPU=True
2026-01-14 16:20:07,168 - DSN - INFO - Params: η=0.003, T=500, init=degree, LS=True
2026-01-14 16:20:07,168 - DSN - INFO - Using GPU solver (CuPy)
2026-01-14 16:20:07,171 - DSN - INFO - DSN GPU Solver: n=2000, edges=19990
2026-01-14 16:20:07,171 - DSN - INFO - DSN GPU: T=500, η=0.003, LS=True
2026-01-14 16:20:07,197 - DSN - ERROR - Solver failed: not enough values to unpack (expected 3, got 2)
2026-01-14 16:20:07,197 - DSN - INFO - Initialized DSN_thorough | preset=thorough | GPU=True
2026-01-14 16:20:07,197 - DSN - INFO - Params: η=0.003, T=500, init=degree, LS=True
2026-01-14 16:20:07,197 - DSN - INFO - Using GPU solver (CuPy)
2026-01-14 16:20:07,200 - DSN - INFO - DSN GPU Solver: n=2000, edges=19990
2026-01-14 16:20:07,200 - DSN - INFO - DSN GPU: T=500, η=0.003, LS=True
2026-01-14 16:20:07,227 - DSN - ERROR - Solver failed: not enough values to unpack (expected 3, got 2)
2026-01-14 16:20:07,227 - DSN - INFO - Initialized DSN_thorough | preset=thorough | GPU=True
2026-01-14 16:20:07,227 - DSN - INFO - Params: η=0.003, T=500, init=degree, LS=True
2026-01-14 16:20:07,227 - DSN - INFO - Using GPU solver (CuPy)
2026-01-14 16:20:07,230 - DSN - INFO - DSN GPU Solver: n=2000, edges=19990
2026-01-14 16:20:07,230 - DSN - INFO - DSN GPU: T=500, η=0.003, LS=True
2026-01-14 16:20:07,257 - DSN - ERROR - Solver failed: not enough values to unpack (expected 3, got 2)
2026-01-14 16:20:07,257 - DSN - INFO - Initialized DSN_thorough | preset=thorough | GPU=True
2026-01-14 16:20:07,257 - DSN - INFO - Params: η=0.003, T=500, init=degree, LS=True
2026-01-14 16:20:07,257 - DSN - INFO - Using GPU solver (CuPy)
2026-01-14 16:20:07,259 - DSN - INFO - DSN GPU Solver: n=2000, edges=19990
2026-01-14 16:20:07,259 - DSN - INFO - DSN GPU: T=500, η=0.003, LS=True
2026-01-14 16:20:07,286 - DSN - ERROR - Solver failed: not enough values to unpack (expected 3, got 2)
2026-01-14 16:20:07,286 - DSN - INFO - Initialized DSN_thorough | preset=thorough | GPU=True
2026-01-14 16:20:07,286 - DSN - INFO - Params: η=0.003, T=500, init=degree, LS=True
2026-01-14 16:20:07,286 - DSN - INFO - Using GPU solver (CuPy)
2026-01-14 16:20:07,288 - DSN - INFO - DSN GPU Solver: n=2000, edges=19990
2026-01-14 16:20:07,289 - DSN - INFO - DSN GPU: T=500, η=0.003, LS=True
2026-01-14 16:20:07,323 - DSN - ERROR - Solver failed: not enough values to unpack (expected 3, got 2)
2026-01-14 16:20:07,324 - DSN - INFO - Initialized DSN_thorough | preset=thorough | GPU=True
2026-01-14 16:20:07,324 - DSN - INFO - Params: η=0.003, T=500, init=degree, LS=True
2026-01-14 16:20:07,324 - DSN - INFO - Using GPU solver (CuPy)
2026-01-14 16:20:07,326 - DSN - INFO - DSN GPU Solver: n=2000, edges=19990
2026-01-14 16:20:07,326 - DSN - INFO - DSN GPU: T=500, η=0.003, LS=True
2026-01-14 16:20:07,353 - DSN - ERROR - Solver failed: not enough values to unpack (expected 3, got 2)
2026-01-14 16:20:07,353 - DSN - INFO - Initialized DSN_thorough | preset=thorough | GPU=True
2026-01-14 16:20:07,353 - DSN - INFO - Params: η=0.003, T=500, init=degree, LS=True
2026-01-14 16:20:07,353 - DSN - INFO - Using GPU solver (CuPy)
2026-01-14 16:20:07,355 - DSN - INFO - DSN GPU Solver: n=2000, edges=19990
2026-01-14 16:20:07,355 - DSN - INFO - DSN GPU: T=500, η=0.003, LS=True
2026-01-14 16:20:07,382 - DSN - ERROR - Solver failed: not enough values to unpack (expected 3, got 2)
2026-01-14 16:20:07,418 - DSN - INFO - Initialized DSN_thorough | preset=thorough | GPU=True
2026-01-14 16:20:07,418 - DSN - INFO - Params: η=0.003, T=500, init=degree, LS=True
2026-01-14 16:20:07,418 - DSN - INFO - Using GPU solver (CuPy)
2026-01-14 16:20:07,420 - DSN - INFO - DSN GPU Solver: n=800, edges=19176
2026-01-14 16:20:07,420 - DSN - INFO - DSN GPU: T=500, η=0.003, LS=True
2026-01-14 16:20:07,430 - DSN - ERROR - Solver failed: not enough values to unpack (expected 3, got 2)
2026-01-14 16:20:07,430 - DSN - INFO - Initialized DSN_thorough | preset=thorough | GPU=True
2026-01-14 16:20:07,430 - DSN - INFO - Params: η=0.003, T=500, init=degree, LS=True
2026-01-14 16:20:07,430 - DSN - INFO - Using GPU solver (CuPy)
2026-01-14 16:20:07,433 - DSN - INFO - DSN GPU Solver: n=800, edges=19176
2026-01-14 16:20:07,433 - DSN - INFO - DSN GPU: T=500, η=0.003, LS=True
2026-01-14 16:20:07,443 - DSN - ERROR - Solver failed: not enough values to unpack (expected 3, got 2)
2026-01-14 16:20:07,443 - DSN - INFO - Initialized DSN_thorough | preset=thorough | GPU=True
2026-01-14 16:20:07,443 - DSN - INFO - Params: η=0.003, T=500, init=degree, LS=True
2026-01-14 16:20:07,443 - DSN - INFO - Using GPU solver (CuPy)
2026-01-14 16:20:07,445 - DSN - INFO - DSN GPU Solver: n=800, edges=19176
2026-01-14 16:20:07,445 - DSN - INFO - DSN GPU: T=500, η=0.003, LS=True
2026-01-14 16:20:07,455 - DSN - ERROR - Solver failed: not enough values to unpack (expected 3, got 2)
2026-01-14 16:20:07,455 - DSN - INFO - Initialized DSN_thorough | preset=thorough | GPU=True
2026-01-14 16:20:07,455 - DSN - INFO - Params: η=0.003, T=500, init=degree, LS=True
2026-01-14 16:20:07,455 - DSN - INFO - Using GPU solver (CuPy)
2026-01-14 16:20:07,457 - DSN - INFO - DSN GPU Solver: n=800, edges=19176
2026-01-14 16:20:07,457 - DSN - INFO - DSN GPU: T=500, η=0.003, LS=True
2026-01-14 16:20:07,467 - DSN - ERROR - Solver failed: not enough values to unpack (expected 3, got 2)
2026-01-14 16:20:07,467 - DSN - INFO - Initialized DSN_thorough | preset=thorough | GPU=True
2026-01-14 16:20:07,467 - DSN - INFO - Params: η=0.003, T=500, init=degree, LS=True
2026-01-14 16:20:07,467 - DSN - INFO - Using GPU solver (CuPy)
2026-01-14 16:20:07,469 - DSN - INFO - DSN GPU Solver: n=800, edges=19176
2026-01-14 16:20:07,469 - DSN - INFO - DSN GPU: T=500, η=0.003, LS=True
2026-01-14 16:20:07,479 - DSN - ERROR - Solver failed: not enough values to unpack (expected 3, got 2)
2026-01-14 16:20:07,479 - DSN - INFO - Initialized DSN_thorough | preset=thorough | GPU=True
2026-01-14 16:20:07,479 - DSN - INFO - Params: η=0.003, T=500, init=degree, LS=True
2026-01-14 16:20:07,479 - DSN - INFO - Using GPU solver (CuPy)
2026-01-14 16:20:07,481 - DSN - INFO - DSN GPU Solver: n=800, edges=19176
2026-01-14 16:20:07,482 - DSN - INFO - DSN GPU: T=500, η=0.003, LS=True
2026-01-14 16:20:07,491 - DSN - ERROR - Solver failed: not enough values to unpack (expected 3, got 2)
2026-01-14 16:20:07,491 - DSN - INFO - Initialized DSN_thorough | preset=thorough | GPU=True
2026-01-14 16:20:07,491 - DSN - INFO - Params: η=0.003, T=500, init=degree, LS=True
2026-01-14 16:20:07,491 - DSN - INFO - Using GPU solver (CuPy)
2026-01-14 16:20:07,494 - DSN - INFO - DSN GPU Solver: n=800, edges=19176
2026-01-14 16:20:07,494 - DSN - INFO - DSN GPU: T=500, η=0.003, LS=True
2026-01-14 16:20:07,503 - DSN - ERROR - Solver failed: not enough values to unpack (expected 3, got 2)
2026-01-14 16:20:07,503 - DSN - INFO - Initialized DSN_thorough | preset=thorough | GPU=True
2026-01-14 16:20:07,504 - DSN - INFO - Params: η=0.003, T=500, init=degree, LS=True
2026-01-14 16:20:07,504 - DSN - INFO - Using GPU solver (CuPy)
2026-01-14 16:20:07,506 - DSN - INFO - DSN GPU Solver: n=800, edges=19176
2026-01-14 16:20:07,506 - DSN - INFO - DSN GPU: T=500, η=0.003, LS=True
2026-01-14 16:20:07,515 - DSN - ERROR - Solver failed: not enough values to unpack (expected 3, got 2)
2026-01-14 16:20:07,515 - DSN - INFO - Initialized DSN_thorough | preset=thorough | GPU=True
2026-01-14 16:20:07,516 - DSN - INFO - Params: η=0.003, T=500, init=degree, LS=True
2026-01-14 16:20:07,516 - DSN - INFO - Using GPU solver (CuPy)
2026-01-14 16:20:07,518 - DSN - INFO - DSN GPU Solver: n=800, edges=19176
2026-01-14 16:20:07,518 - DSN - INFO - DSN GPU: T=500, η=0.003, LS=True
2026-01-14 16:20:07,527 - DSN - ERROR - Solver failed: not enough values to unpack (expected 3, got 2)
2026-01-14 16:20:07,527 - DSN - INFO - Initialized DSN_thorough | preset=thorough | GPU=True
2026-01-14 16:20:07,527 - DSN - INFO - Params: η=0.003, T=500, init=degree, LS=True
2026-01-14 16:20:07,527 - DSN - INFO - Using GPU solver (CuPy)
2026-01-14 16:20:07,530 - DSN - INFO - DSN GPU Solver: n=800, edges=19176
2026-01-14 16:20:07,530 - DSN - INFO - DSN GPU: T=500, η=0.003, LS=True
2026-01-14 16:20:07,539 - DSN - ERROR - Solver failed: not enough values to unpack (expected 3, got 2)
2026-01-14 16:20:07,604 - DSN - INFO - Initialized DSN_thorough | preset=thorough | GPU=True
2026-01-14 16:20:07,604 - DSN - INFO - Params: η=0.003, T=500, init=degree, LS=True
2026-01-14 16:20:07,604 - DSN - INFO - Using GPU solver (CuPy)
2026-01-14 16:20:07,607 - DSN - INFO - DSN GPU Solver: n=2000, edges=19990
2026-01-14 16:20:07,607 - DSN - INFO - DSN GPU: T=500, η=0.003, LS=True
2026-01-14 16:20:07,650 - DSN - ERROR - Solver failed: not enough values to unpack (expected 3, got 2)
2026-01-14 16:20:07,650 - DSN - INFO - Initialized DSN_thorough | preset=thorough | GPU=True
2026-01-14 16:20:07,651 - DSN - INFO - Params: η=0.003, T=500, init=degree, LS=True
2026-01-14 16:20:07,651 - DSN - INFO - Using GPU solver (CuPy)
2026-01-14 16:20:07,653 - DSN - INFO - DSN GPU Solver: n=2000, edges=19990
2026-01-14 16:20:07,653 - DSN - INFO - DSN GPU: T=500, η=0.003, LS=True
2026-01-14 16:20:07,696 - DSN - ERROR - Solver failed: not enough values to unpack (expected 3, got 2)
2026-01-14 16:20:07,697 - DSN - INFO - Initialized DSN_thorough | preset=thorough | GPU=True
2026-01-14 16:20:07,697 - DSN - INFO - Params: η=0.003, T=500, init=degree, LS=True
2026-01-14 16:20:07,697 - DSN - INFO - Using GPU solver (CuPy)
2026-01-14 16:20:07,699 - DSN - INFO - DSN GPU Solver: n=2000, edges=19990
2026-01-14 16:20:07,699 - DSN - INFO - DSN GPU: T=500, η=0.003, LS=True
2026-01-14 16:20:07,734 - DSN - ERROR - Solver failed: not enough values to unpack (expected 3, got 2)
2026-01-14 16:20:07,734 - DSN - INFO - Initialized DSN_thorough | preset=thorough | GPU=True
2026-01-14 16:20:07,734 - DSN - INFO - Params: η=0.003, T=500, init=degree, LS=True
2026-01-14 16:20:07,734 - DSN - INFO - Using GPU solver (CuPy)
2026-01-14 16:20:07,737 - DSN - INFO - DSN GPU Solver: n=2000, edges=19990
2026-01-14 16:20:07,737 - DSN - INFO - DSN GPU: T=500, η=0.003, LS=True
2026-01-14 16:20:07,780 - DSN - ERROR - Solver failed: not enough values to unpack (expected 3, got 2)
2026-01-14 16:20:07,780 - DSN - INFO - Initialized DSN_thorough | preset=thorough | GPU=True
2026-01-14 16:20:07,780 - DSN - INFO - Params: η=0.003, T=500, init=degree, LS=True
2026-01-14 16:20:07,780 - DSN - INFO - Using GPU solver (CuPy)
2026-01-14 16:20:07,783 - DSN - INFO - DSN GPU Solver: n=2000, edges=19990
2026-01-14 16:20:07,783 - DSN - INFO - DSN GPU: T=500, η=0.003, LS=True
2026-01-14 16:20:07,828 - DSN - ERROR - Solver failed: not enough values to unpack (expected 3, got 2)
2026-01-14 16:20:07,829 - DSN - INFO - Initialized DSN_thorough | preset=thorough | GPU=True
2026-01-14 16:20:07,829 - DSN - INFO - Params: η=0.003, T=500, init=degree, LS=True
2026-01-14 16:20:07,829 - DSN - INFO - Using GPU solver (CuPy)
2026-01-14 16:20:07,831 - DSN - INFO - DSN GPU Solver: n=2000, edges=19990
2026-01-14 16:20:07,832 - DSN - INFO - DSN GPU: T=500, η=0.003, LS=True
2026-01-14 16:20:07,866 - DSN - ERROR - Solver failed: not enough values to unpack (expected 3, got 2)
2026-01-14 16:20:07,867 - DSN - INFO - Initialized DSN_thorough | preset=thorough | GPU=True
2026-01-14 16:20:07,867 - DSN - INFO - Params: η=0.003, T=500, init=degree, LS=True
2026-01-14 16:20:07,867 - DSN - INFO - Using GPU solver (CuPy)
2026-01-14 16:20:07,869 - DSN - INFO - DSN GPU Solver: n=2000, edges=19990
2026-01-14 16:20:07,869 - DSN - INFO - DSN GPU: T=500, η=0.003, LS=True
2026-01-14 16:20:07,904 - DSN - ERROR - Solver failed: not enough values to unpack (expected 3, got 2)
2026-01-14 16:20:07,904 - DSN - INFO - Initialized DSN_thorough | preset=thorough | GPU=True
2026-01-14 16:20:07,904 - DSN - INFO - Params: η=0.003, T=500, init=degree, LS=True
2026-01-14 16:20:07,904 - DSN - INFO - Using GPU solver (CuPy)
2026-01-14 16:20:07,906 - DSN - INFO - DSN GPU Solver: n=2000, edges=19990
2026-01-14 16:20:07,907 - DSN - INFO - DSN GPU: T=500, η=0.003, LS=True
2026-01-14 16:20:07,942 - DSN - ERROR - Solver failed: not enough values to unpack (expected 3, got 2)
2026-01-14 16:20:07,942 - DSN - INFO - Initialized DSN_thorough | preset=thorough | GPU=True
2026-01-14 16:20:07,942 - DSN - INFO - Params: η=0.003, T=500, init=degree, LS=True
2026-01-14 16:20:07,942 - DSN - INFO - Using GPU solver (CuPy)
2026-01-14 16:20:07,944 - DSN - INFO - DSN GPU Solver: n=2000, edges=19990
2026-01-14 16:20:07,944 - DSN - INFO - DSN GPU: T=500, η=0.003, LS=True
2026-01-14 16:20:07,988 - DSN - ERROR - Solver failed: not enough values to unpack (expected 3, got 2)
2026-01-14 16:20:07,988 - DSN - INFO - Initialized DSN_thorough | preset=thorough | GPU=True
2026-01-14 16:20:07,988 - DSN - INFO - Params: η=0.003, T=500, init=degree, LS=True
2026-01-14 16:20:07,988 - DSN - INFO - Using GPU solver (CuPy)
2026-01-14 16:20:07,991 - DSN - INFO - DSN GPU Solver: n=2000, edges=19990
2026-01-14 16:20:07,991 - DSN - INFO - DSN GPU: T=500, η=0.003, LS=True
2026-01-14 16:20:08,034 - DSN - ERROR - Solver failed: not enough values to unpack (expected 3, got 2)
2026-01-14 16:20:08,090 - DSN - INFO - Initialized DSN_thorough | preset=thorough | GPU=True
2026-01-14 16:20:08,090 - DSN - INFO - Params: η=0.003, T=500, init=degree, LS=True
2026-01-14 16:20:08,090 - DSN - INFO - Using GPU solver (CuPy)
2026-01-14 16:20:08,092 - DSN - INFO - DSN GPU Solver: n=2000, edges=19990
2026-01-14 16:20:08,093 - DSN - INFO - DSN GPU: T=500, η=0.003, LS=True
2026-01-14 16:20:08,119 - DSN - ERROR - Solver failed: not enough values to unpack (expected 3, got 2)
2026-01-14 16:20:08,119 - DSN - INFO - Initialized DSN_thorough | preset=thorough | GPU=True
2026-01-14 16:20:08,119 - DSN - INFO - Params: η=0.003, T=500, init=degree, LS=True
2026-01-14 16:20:08,119 - DSN - INFO - Using GPU solver (CuPy)
2026-01-14 16:20:08,122 - DSN - INFO - DSN GPU Solver: n=2000, edges=19990
2026-01-14 16:20:08,122 - DSN - INFO - DSN GPU: T=500, η=0.003, LS=True
2026-01-14 16:20:08,148 - DSN - ERROR - Solver failed: not enough values to unpack (expected 3, got 2)
2026-01-14 16:20:08,149 - DSN - INFO - Initialized DSN_thorough | preset=thorough | GPU=True
2026-01-14 16:20:08,149 - DSN - INFO - Params: η=0.003, T=500, init=degree, LS=True
2026-01-14 16:20:08,149 - DSN - INFO - Using GPU solver (CuPy)
2026-01-14 16:20:08,151 - DSN - INFO - DSN GPU Solver: n=2000, edges=19990
2026-01-14 16:20:08,151 - DSN - INFO - DSN GPU: T=500, η=0.003, LS=True
2026-01-14 16:20:08,178 - DSN - ERROR - Solver failed: not enough values to unpack (expected 3, got 2)
2026-01-14 16:20:08,178 - DSN - INFO - Initialized DSN_thorough | preset=thorough | GPU=True
2026-01-14 16:20:08,178 - DSN - INFO - Params: η=0.003, T=500, init=degree, LS=True
2026-01-14 16:20:08,178 - DSN - INFO - Using GPU solver (CuPy)
2026-01-14 16:20:08,180 - DSN - INFO - DSN GPU Solver: n=2000, edges=19990
2026-01-14 16:20:08,180 - DSN - INFO - DSN GPU: T=500, η=0.003, LS=True
2026-01-14 16:20:08,207 - DSN - ERROR - Solver failed: not enough values to unpack (expected 3, got 2)
2026-01-14 16:20:08,207 - DSN - INFO - Initialized DSN_thorough | preset=thorough | GPU=True
2026-01-14 16:20:08,207 - DSN - INFO - Params: η=0.003, T=500, init=degree, LS=True
2026-01-14 16:20:08,207 - DSN - INFO - Using GPU solver (CuPy)
2026-01-14 16:20:08,209 - DSN - INFO - DSN GPU Solver: n=2000, edges=19990
2026-01-14 16:20:08,209 - DSN - INFO - DSN GPU: T=500, η=0.003, LS=True
2026-01-14 16:20:08,236 - DSN - ERROR - Solver failed: not enough values to unpack (expected 3, got 2)
2026-01-14 16:20:08,236 - DSN - INFO - Initialized DSN_thorough | preset=thorough | GPU=True
2026-01-14 16:20:08,236 - DSN - INFO - Params: η=0.003, T=500, init=degree, LS=True
2026-01-14 16:20:08,236 - DSN - INFO - Using GPU solver (CuPy)
2026-01-14 16:20:08,239 - DSN - INFO - DSN GPU Solver: n=2000, edges=19990
2026-01-14 16:20:08,239 - DSN - INFO - DSN GPU: T=500, η=0.003, LS=True
2026-01-14 16:20:08,265 - DSN - ERROR - Solver failed: not enough values to unpack (expected 3, got 2)
2026-01-14 16:20:08,265 - DSN - INFO - Initialized DSN_thorough | preset=thorough | GPU=True
2026-01-14 16:20:08,265 - DSN - INFO - Params: η=0.003, T=500, init=degree, LS=True
2026-01-14 16:20:08,265 - DSN - INFO - Using GPU solver (CuPy)
2026-01-14 16:20:08,268 - DSN - INFO - DSN GPU Solver: n=2000, edges=19990
2026-01-14 16:20:08,268 - DSN - INFO - DSN GPU: T=500, η=0.003, LS=True
2026-01-14 16:20:08,294 - DSN - ERROR - Solver failed: not enough values to unpack (expected 3, got 2)
2026-01-14 16:20:08,294 - DSN - INFO - Initialized DSN_thorough | preset=thorough | GPU=True
2026-01-14 16:20:08,294 - DSN - INFO - Params: η=0.003, T=500, init=degree, LS=True
2026-01-14 16:20:08,294 - DSN - INFO - Using GPU solver (CuPy)
2026-01-14 16:20:08,297 - DSN - INFO - DSN GPU Solver: n=2000, edges=19990
2026-01-14 16:20:08,297 - DSN - INFO - DSN GPU: T=500, η=0.003, LS=True
2026-01-14 16:20:08,323 - DSN - ERROR - Solver failed: not enough values to unpack (expected 3, got 2)
2026-01-14 16:20:08,323 - DSN - INFO - Initialized DSN_thorough | preset=thorough | GPU=True
2026-01-14 16:20:08,323 - DSN - INFO - Params: η=0.003, T=500, init=degree, LS=True
2026-01-14 16:20:08,323 - DSN - INFO - Using GPU solver (CuPy)
2026-01-14 16:20:08,326 - DSN - INFO - DSN GPU Solver: n=2000, edges=19990
2026-01-14 16:20:08,326 - DSN - INFO - DSN GPU: T=500, η=0.003, LS=True
2026-01-14 16:20:08,352 - DSN - ERROR - Solver failed: not enough values to unpack (expected 3, got 2)
2026-01-14 16:20:08,352 - DSN - INFO - Initialized DSN_thorough | preset=thorough | GPU=True
2026-01-14 16:20:08,352 - DSN - INFO - Params: η=0.003, T=500, init=degree, LS=True
2026-01-14 16:20:08,352 - DSN - INFO - Using GPU solver (CuPy)
2026-01-14 16:20:08,355 - DSN - INFO - DSN GPU Solver: n=2000, edges=19990
2026-01-14 16:20:08,355 - DSN - INFO - DSN GPU: T=500, η=0.003, LS=True
2026-01-14 16:20:08,381 - DSN - ERROR - Solver failed: not enough values to unpack (expected 3, got 2)
2026-01-14 16:20:08,388 - DSN - INFO - Initialized DSN_thorough | preset=thorough | GPU=True
2026-01-14 16:20:08,388 - DSN - INFO - Params: η=0.003, T=500, init=degree, LS=True
2026-01-14 16:20:08,388 - DSN - INFO - Using GPU solver (CuPy)
2026-01-14 16:20:08,389 - DSN - INFO - DSN GPU Solver: n=2000, edges=4000
2026-01-14 16:20:08,389 - DSN - INFO - DSN GPU: T=500, η=0.003, LS=True
2026-01-14 16:20:08,424 - DSN - ERROR - Solver failed: not enough values to unpack (expected 3, got 2)
2026-01-14 16:20:08,424 - DSN - INFO - Initialized DSN_thorough | preset=thorough | GPU=True
2026-01-14 16:20:08,424 - DSN - INFO - Params: η=0.003, T=500, init=degree, LS=True
2026-01-14 16:20:08,424 - DSN - INFO - Using GPU solver (CuPy)
2026-01-14 16:20:08,425 - DSN - INFO - DSN GPU Solver: n=2000, edges=4000
2026-01-14 16:20:08,425 - DSN - INFO - DSN GPU: T=500, η=0.003, LS=True
2026-01-14 16:20:08,461 - DSN - ERROR - Solver failed: not enough values to unpack (expected 3, got 2)
2026-01-14 16:20:08,461 - DSN - INFO - Initialized DSN_thorough | preset=thorough | GPU=True
2026-01-14 16:20:08,461 - DSN - INFO - Params: η=0.003, T=500, init=degree, LS=True
2026-01-14 16:20:08,461 - DSN - INFO - Using GPU solver (CuPy)
2026-01-14 16:20:08,462 - DSN - INFO - DSN GPU Solver: n=2000, edges=4000
2026-01-14 16:20:08,462 - DSN - INFO - DSN GPU: T=500, η=0.003, LS=True
2026-01-14 16:20:08,497 - DSN - ERROR - Solver failed: not enough values to unpack (expected 3, got 2)
2026-01-14 16:20:08,497 - DSN - INFO - Initialized DSN_thorough | preset=thorough | GPU=True
2026-01-14 16:20:08,497 - DSN - INFO - Params: η=0.003, T=500, init=degree, LS=True
2026-01-14 16:20:08,497 - DSN - INFO - Using GPU solver (CuPy)
2026-01-14 16:20:08,498 - DSN - INFO - DSN GPU Solver: n=2000, edges=4000
2026-01-14 16:20:08,498 - DSN - INFO - DSN GPU: T=500, η=0.003, LS=True
2026-01-14 16:20:08,533 - DSN - ERROR - Solver failed: not enough values to unpack (expected 3, got 2)
2026-01-14 16:20:08,533 - DSN - INFO - Initialized DSN_thorough | preset=thorough | GPU=True
2026-01-14 16:20:08,533 - DSN - INFO - Params: η=0.003, T=500, init=degree, LS=True
2026-01-14 16:20:08,533 - DSN - INFO - Using GPU solver (CuPy)
2026-01-14 16:20:08,534 - DSN - INFO - DSN GPU Solver: n=2000, edges=4000
2026-01-14 16:20:08,534 - DSN - INFO - DSN GPU: T=500, η=0.003, LS=True
2026-01-14 16:20:08,569 - DSN - ERROR - Solver failed: not enough values to unpack (expected 3, got 2)
2026-01-14 16:20:08,569 - DSN - INFO - Initialized DSN_thorough | preset=thorough | GPU=True
2026-01-14 16:20:08,569 - DSN - INFO - Params: η=0.003, T=500, init=degree, LS=True
2026-01-14 16:20:08,569 - DSN - INFO - Using GPU solver (CuPy)
2026-01-14 16:20:08,570 - DSN - INFO - DSN GPU Solver: n=2000, edges=4000
2026-01-14 16:20:08,570 - DSN - INFO - DSN GPU: T=500, η=0.003, LS=True
2026-01-14 16:20:08,605 - DSN - ERROR - Solver failed: not enough values to unpack (expected 3, got 2)
2026-01-14 16:20:08,605 - DSN - INFO - Initialized DSN_thorough | preset=thorough | GPU=True
2026-01-14 16:20:08,605 - DSN - INFO - Params: η=0.003, T=500, init=degree, LS=True
2026-01-14 16:20:08,605 - DSN - INFO - Using GPU solver (CuPy)
2026-01-14 16:20:08,606 - DSN - INFO - DSN GPU Solver: n=2000, edges=4000
2026-01-14 16:20:08,606 - DSN - INFO - DSN GPU: T=500, η=0.003, LS=True
2026-01-14 16:20:08,641 - DSN - ERROR - Solver failed: not enough values to unpack (expected 3, got 2)
2026-01-14 16:20:08,642 - DSN - INFO - Initialized DSN_thorough | preset=thorough | GPU=True
2026-01-14 16:20:08,642 - DSN - INFO - Params: η=0.003, T=500, init=degree, LS=True
2026-01-14 16:20:08,642 - DSN - INFO - Using GPU solver (CuPy)
2026-01-14 16:20:08,643 - DSN - INFO - DSN GPU Solver: n=2000, edges=4000
2026-01-14 16:20:08,643 - DSN - INFO - DSN GPU: T=500, η=0.003, LS=True
2026-01-14 16:20:08,678 - DSN - ERROR - Solver failed: not enough values to unpack (expected 3, got 2)
2026-01-14 16:20:08,678 - DSN - INFO - Initialized DSN_thorough | preset=thorough | GPU=True
2026-01-14 16:20:08,678 - DSN - INFO - Params: η=0.003, T=500, init=degree, LS=True
2026-01-14 16:20:08,678 - DSN - INFO - Using GPU solver (CuPy)
2026-01-14 16:20:08,679 - DSN - INFO - DSN GPU Solver: n=2000, edges=4000
2026-01-14 16:20:08,679 - DSN - INFO - DSN GPU: T=500, η=0.003, LS=True
2026-01-14 16:20:08,714 - DSN - ERROR - Solver failed: not enough values to unpack (expected 3, got 2)
2026-01-14 16:20:08,714 - DSN - INFO - Initialized DSN_thorough | preset=thorough | GPU=True
2026-01-14 16:20:08,714 - DSN - INFO - Params: η=0.003, T=500, init=degree, LS=True
2026-01-14 16:20:08,714 - DSN - INFO - Using GPU solver (CuPy)
2026-01-14 16:20:08,715 - DSN - INFO - DSN GPU Solver: n=2000, edges=4000
2026-01-14 16:20:08,715 - DSN - INFO - DSN GPU: T=500, η=0.003, LS=True
2026-01-14 16:20:08,750 - DSN - ERROR - Solver failed: not enough values to unpack (expected 3, got 2)
2026-01-14 16:20:08,756 - DSN - INFO - Initialized DSN_thorough | preset=thorough | GPU=True
2026-01-14 16:20:08,756 - DSN - INFO - Params: η=0.003, T=500, init=degree, LS=True
2026-01-14 16:20:08,756 - DSN - INFO - Using GPU solver (CuPy)
2026-01-14 16:20:08,757 - DSN - INFO - DSN GPU Solver: n=2000, edges=4000
2026-01-14 16:20:08,758 - DSN - INFO - DSN GPU: T=500, η=0.003, LS=True
2026-01-14 16:20:08,818 - DSN - ERROR - Solver failed: not enough values to unpack (expected 3, got 2)
2026-01-14 16:20:08,818 - DSN - INFO - Initialized DSN_thorough | preset=thorough | GPU=True
2026-01-14 16:20:08,818 - DSN - INFO - Params: η=0.003, T=500, init=degree, LS=True
2026-01-14 16:20:08,818 - DSN - INFO - Using GPU solver (CuPy)
2026-01-14 16:20:08,819 - DSN - INFO - DSN GPU Solver: n=2000, edges=4000
2026-01-14 16:20:08,819 - DSN - INFO - DSN GPU: T=500, η=0.003, LS=True
2026-01-14 16:20:08,879 - DSN - ERROR - Solver failed: not enough values to unpack (expected 3, got 2)
2026-01-14 16:20:08,879 - DSN - INFO - Initialized DSN_thorough | preset=thorough | GPU=True
2026-01-14 16:20:08,879 - DSN - INFO - Params: η=0.003, T=500, init=degree, LS=True
2026-01-14 16:20:08,879 - DSN - INFO - Using GPU solver (CuPy)
2026-01-14 16:20:08,880 - DSN - INFO - DSN GPU Solver: n=2000, edges=4000
2026-01-14 16:20:08,880 - DSN - INFO - DSN GPU: T=500, η=0.003, LS=True
2026-01-14 16:20:08,940 - DSN - ERROR - Solver failed: not enough values to unpack (expected 3, got 2)
2026-01-14 16:20:08,940 - DSN - INFO - Initialized DSN_thorough | preset=thorough | GPU=True
2026-01-14 16:20:08,940 - DSN - INFO - Params: η=0.003, T=500, init=degree, LS=True
2026-01-14 16:20:08,940 - DSN - INFO - Using GPU solver (CuPy)
2026-01-14 16:20:08,941 - DSN - INFO - DSN GPU Solver: n=2000, edges=4000
2026-01-14 16:20:08,941 - DSN - INFO - DSN GPU: T=500, η=0.003, LS=True
2026-01-14 16:20:09,002 - DSN - ERROR - Solver failed: not enough values to unpack (expected 3, got 2)
2026-01-14 16:20:09,002 - DSN - INFO - Initialized DSN_thorough | preset=thorough | GPU=True
2026-01-14 16:20:09,002 - DSN - INFO - Params: η=0.003, T=500, init=degree, LS=True
2026-01-14 16:20:09,002 - DSN - INFO - Using GPU solver (CuPy)
2026-01-14 16:20:09,003 - DSN - INFO - DSN GPU Solver: n=2000, edges=4000
2026-01-14 16:20:09,003 - DSN - INFO - DSN GPU: T=500, η=0.003, LS=True
2026-01-14 16:20:09,063 - DSN - ERROR - Solver failed: not enough values to unpack (expected 3, got 2)
2026-01-14 16:20:09,063 - DSN - INFO - Initialized DSN_thorough | preset=thorough | GPU=True
2026-01-14 16:20:09,063 - DSN - INFO - Params: η=0.003, T=500, init=degree, LS=True
2026-01-14 16:20:09,063 - DSN - INFO - Using GPU solver (CuPy)
2026-01-14 16:20:09,064 - DSN - INFO - DSN GPU Solver: n=2000, edges=4000
2026-01-14 16:20:09,064 - DSN - INFO - DSN GPU: T=500, η=0.003, LS=True
2026-01-14 16:20:09,124 - DSN - ERROR - Solver failed: not enough values to unpack (expected 3, got 2)
2026-01-14 16:20:09,124 - DSN - INFO - Initialized DSN_thorough | preset=thorough | GPU=True
2026-01-14 16:20:09,124 - DSN - INFO - Params: η=0.003, T=500, init=degree, LS=True
2026-01-14 16:20:09,124 - DSN - INFO - Using GPU solver (CuPy)
2026-01-14 16:20:09,125 - DSN - INFO - DSN GPU Solver: n=2000, edges=4000
2026-01-14 16:20:09,125 - DSN - INFO - DSN GPU: T=500, η=0.003, LS=True
2026-01-14 16:20:09,185 - DSN - ERROR - Solver failed: not enough values to unpack (expected 3, got 2)
2026-01-14 16:20:09,185 - DSN - INFO - Initialized DSN_thorough | preset=thorough | GPU=True
2026-01-14 16:20:09,185 - DSN - INFO - Params: η=0.003, T=500, init=degree, LS=True
2026-01-14 16:20:09,185 - DSN - INFO - Using GPU solver (CuPy)
2026-01-14 16:20:09,186 - DSN - INFO - DSN GPU Solver: n=2000, edges=4000
2026-01-14 16:20:09,186 - DSN - INFO - DSN GPU: T=500, η=0.003, LS=True
2026-01-14 16:20:09,247 - DSN - ERROR - Solver failed: not enough values to unpack (expected 3, got 2)
2026-01-14 16:20:09,247 - DSN - INFO - Initialized DSN_thorough | preset=thorough | GPU=True
2026-01-14 16:20:09,247 - DSN - INFO - Params: η=0.003, T=500, init=degree, LS=True
2026-01-14 16:20:09,247 - DSN - INFO - Using GPU solver (CuPy)
2026-01-14 16:20:09,248 - DSN - INFO - DSN GPU Solver: n=2000, edges=4000
2026-01-14 16:20:09,248 - DSN - INFO - DSN GPU: T=500, η=0.003, LS=True
2026-01-14 16:20:09,312 - DSN - ERROR - Solver failed: not enough values to unpack (expected 3, got 2)
2026-01-14 16:20:09,312 - DSN - INFO - Initialized DSN_thorough | preset=thorough | GPU=True
2026-01-14 16:20:09,312 - DSN - INFO - Params: η=0.003, T=500, init=degree, LS=True
2026-01-14 16:20:09,312 - DSN - INFO - Using GPU solver (CuPy)
2026-01-14 16:20:09,313 - DSN - INFO - DSN GPU Solver: n=2000, edges=4000
2026-01-14 16:20:09,313 - DSN - INFO - DSN GPU: T=500, η=0.003, LS=True
2026-01-14 16:20:09,373 - DSN - ERROR - Solver failed: not enough values to unpack (expected 3, got 2)
2026-01-14 16:20:09,379 - DSN - INFO - Initialized DSN_thorough | preset=thorough | GPU=True
2026-01-14 16:20:09,379 - DSN - INFO - Params: η=0.003, T=500, init=degree, LS=True
2026-01-14 16:20:09,379 - DSN - INFO - Using GPU solver (CuPy)
2026-01-14 16:20:09,380 - DSN - INFO - DSN GPU Solver: n=2000, edges=4000
2026-01-14 16:20:09,381 - DSN - INFO - DSN GPU: T=500, η=0.003, LS=True
2026-01-14 16:20:09,415 - DSN - ERROR - Solver failed: not enough values to unpack (expected 3, got 2)
2026-01-14 16:20:09,416 - DSN - INFO - Initialized DSN_thorough | preset=thorough | GPU=True
2026-01-14 16:20:09,416 - DSN - INFO - Params: η=0.003, T=500, init=degree, LS=True
2026-01-14 16:20:09,416 - DSN - INFO - Using GPU solver (CuPy)
2026-01-14 16:20:09,417 - DSN - INFO - DSN GPU Solver: n=2000, edges=4000
2026-01-14 16:20:09,417 - DSN - INFO - DSN GPU: T=500, η=0.003, LS=True
2026-01-14 16:20:09,452 - DSN - ERROR - Solver failed: not enough values to unpack (expected 3, got 2)
2026-01-14 16:20:09,452 - DSN - INFO - Initialized DSN_thorough | preset=thorough | GPU=True
2026-01-14 16:20:09,452 - DSN - INFO - Params: η=0.003, T=500, init=degree, LS=True
2026-01-14 16:20:09,452 - DSN - INFO - Using GPU solver (CuPy)
2026-01-14 16:20:09,453 - DSN - INFO - DSN GPU Solver: n=2000, edges=4000
2026-01-14 16:20:09,453 - DSN - INFO - DSN GPU: T=500, η=0.003, LS=True
2026-01-14 16:20:09,488 - DSN - ERROR - Solver failed: not enough values to unpack (expected 3, got 2)
2026-01-14 16:20:09,489 - DSN - INFO - Initialized DSN_thorough | preset=thorough | GPU=True
2026-01-14 16:20:09,489 - DSN - INFO - Params: η=0.003, T=500, init=degree, LS=True
2026-01-14 16:20:09,489 - DSN - INFO - Using GPU solver (CuPy)
2026-01-14 16:20:09,490 - DSN - INFO - DSN GPU Solver: n=2000, edges=4000
2026-01-14 16:20:09,490 - DSN - INFO - DSN GPU: T=500, η=0.003, LS=True
2026-01-14 16:20:09,525 - DSN - ERROR - Solver failed: not enough values to unpack (expected 3, got 2)
2026-01-14 16:20:09,525 - DSN - INFO - Initialized DSN_thorough | preset=thorough | GPU=True
2026-01-14 16:20:09,525 - DSN - INFO - Params: η=0.003, T=500, init=degree, LS=True
2026-01-14 16:20:09,525 - DSN - INFO - Using GPU solver (CuPy)
2026-01-14 16:20:09,526 - DSN - INFO - DSN GPU Solver: n=2000, edges=4000
2026-01-14 16:20:09,526 - DSN - INFO - DSN GPU: T=500, η=0.003, LS=True
2026-01-14 16:20:09,553 - DSN - ERROR - Solver failed: not enough values to unpack (expected 3, got 2)
2026-01-14 16:20:09,553 - DSN - INFO - Initialized DSN_thorough | preset=thorough | GPU=True
2026-01-14 16:20:09,553 - DSN - INFO - Params: η=0.003, T=500, init=degree, LS=True
2026-01-14 16:20:09,553 - DSN - INFO - Using GPU solver (CuPy)
2026-01-14 16:20:09,554 - DSN - INFO - DSN GPU Solver: n=2000, edges=4000
2026-01-14 16:20:09,554 - DSN - INFO - DSN GPU: T=500, η=0.003, LS=True
2026-01-14 16:20:09,589 - DSN - ERROR - Solver failed: not enough values to unpack (expected 3, got 2)
2026-01-14 16:20:09,589 - DSN - INFO - Initialized DSN_thorough | preset=thorough | GPU=True
2026-01-14 16:20:09,589 - DSN - INFO - Params: η=0.003, T=500, init=degree, LS=True
2026-01-14 16:20:09,589 - DSN - INFO - Using GPU solver (CuPy)
2026-01-14 16:20:09,590 - DSN - INFO - DSN GPU Solver: n=2000, edges=4000
2026-01-14 16:20:09,590 - DSN - INFO - DSN GPU: T=500, η=0.003, LS=True
2026-01-14 16:20:09,625 - DSN - ERROR - Solver failed: not enough values to unpack (expected 3, got 2)
2026-01-14 16:20:09,625 - DSN - INFO - Initialized DSN_thorough | preset=thorough | GPU=True
2026-01-14 16:20:09,625 - DSN - INFO - Params: η=0.003, T=500, init=degree, LS=True
2026-01-14 16:20:09,625 - DSN - INFO - Using GPU solver (CuPy)
2026-01-14 16:20:09,626 - DSN - INFO - DSN GPU Solver: n=2000, edges=4000
2026-01-14 16:20:09,626 - DSN - INFO - DSN GPU: T=500, η=0.003, LS=True
2026-01-14 16:20:09,661 - DSN - ERROR - Solver failed: not enough values to unpack (expected 3, got 2)
2026-01-14 16:20:09,661 - DSN - INFO - Initialized DSN_thorough | preset=thorough | GPU=True
2026-01-14 16:20:09,661 - DSN - INFO - Params: η=0.003, T=500, init=degree, LS=True
2026-01-14 16:20:09,661 - DSN - INFO - Using GPU solver (CuPy)
2026-01-14 16:20:09,662 - DSN - INFO - DSN GPU Solver: n=2000, edges=4000
2026-01-14 16:20:09,662 - DSN - INFO - DSN GPU: T=500, η=0.003, LS=True
2026-01-14 16:20:09,697 - DSN - ERROR - Solver failed: not enough values to unpack (expected 3, got 2)
2026-01-14 16:20:09,697 - DSN - INFO - Initialized DSN_thorough | preset=thorough | GPU=True
2026-01-14 16:20:09,697 - DSN - INFO - Params: η=0.003, T=500, init=degree, LS=True
2026-01-14 16:20:09,697 - DSN - INFO - Using GPU solver (CuPy)
2026-01-14 16:20:09,698 - DSN - INFO - DSN GPU Solver: n=2000, edges=4000
2026-01-14 16:20:09,698 - DSN - INFO - DSN GPU: T=500, η=0.003, LS=True
2026-01-14 16:20:09,733 - DSN - ERROR - Solver failed: not enough values to unpack (expected 3, got 2)
2026-01-14 16:20:09,751 - DSN - INFO - Initialized DSN_thorough | preset=thorough | GPU=True
2026-01-14 16:20:09,751 - DSN - INFO - Params: η=0.003, T=500, init=degree, LS=True
2026-01-14 16:20:09,751 - DSN - INFO - Using GPU solver (CuPy)
2026-01-14 16:20:09,753 - DSN - INFO - DSN GPU Solver: n=2000, edges=11778
2026-01-14 16:20:09,753 - DSN - INFO - DSN GPU: T=500, η=0.003, LS=True
2026-01-14 16:20:09,763 - DSN - ERROR - Solver failed: not enough values to unpack (expected 3, got 2)
2026-01-14 16:20:09,763 - DSN - INFO - Initialized DSN_thorough | preset=thorough | GPU=True
2026-01-14 16:20:09,763 - DSN - INFO - Params: η=0.003, T=500, init=degree, LS=True
2026-01-14 16:20:09,763 - DSN - INFO - Using GPU solver (CuPy)
2026-01-14 16:20:09,764 - DSN - INFO - DSN GPU Solver: n=2000, edges=11778
2026-01-14 16:20:09,765 - DSN - INFO - DSN GPU: T=500, η=0.003, LS=True
2026-01-14 16:20:09,774 - DSN - ERROR - Solver failed: not enough values to unpack (expected 3, got 2)
2026-01-14 16:20:09,774 - DSN - INFO - Initialized DSN_thorough | preset=thorough | GPU=True
2026-01-14 16:20:09,774 - DSN - INFO - Params: η=0.003, T=500, init=degree, LS=True
2026-01-14 16:20:09,774 - DSN - INFO - Using GPU solver (CuPy)
2026-01-14 16:20:09,776 - DSN - INFO - DSN GPU Solver: n=2000, edges=11778
2026-01-14 16:20:09,776 - DSN - INFO - DSN GPU: T=500, η=0.003, LS=True
2026-01-14 16:20:09,785 - DSN - ERROR - Solver failed: not enough values to unpack (expected 3, got 2)
2026-01-14 16:20:09,785 - DSN - INFO - Initialized DSN_thorough | preset=thorough | GPU=True
2026-01-14 16:20:09,785 - DSN - INFO - Params: η=0.003, T=500, init=degree, LS=True
2026-01-14 16:20:09,785 - DSN - INFO - Using GPU solver (CuPy)
2026-01-14 16:20:09,787 - DSN - INFO - DSN GPU Solver: n=2000, edges=11778
2026-01-14 16:20:09,787 - DSN - INFO - DSN GPU: T=500, η=0.003, LS=True
2026-01-14 16:20:09,797 - DSN - ERROR - Solver failed: not enough values to unpack (expected 3, got 2)
2026-01-14 16:20:09,797 - DSN - INFO - Initialized DSN_thorough | preset=thorough | GPU=True
2026-01-14 16:20:09,797 - DSN - INFO - Params: η=0.003, T=500, init=degree, LS=True
2026-01-14 16:20:09,797 - DSN - INFO - Using GPU solver (CuPy)
2026-01-14 16:20:09,798 - DSN - INFO - DSN GPU Solver: n=2000, edges=11778
2026-01-14 16:20:09,798 - DSN - INFO - DSN GPU: T=500, η=0.003, LS=True
2026-01-14 16:20:09,808 - DSN - ERROR - Solver failed: not enough values to unpack (expected 3, got 2)
2026-01-14 16:20:09,808 - DSN - INFO - Initialized DSN_thorough | preset=thorough | GPU=True
2026-01-14 16:20:09,808 - DSN - INFO - Params: η=0.003, T=500, init=degree, LS=True
2026-01-14 16:20:09,808 - DSN - INFO - Using GPU solver (CuPy)
2026-01-14 16:20:09,810 - DSN - INFO - DSN GPU Solver: n=2000, edges=11778
2026-01-14 16:20:09,810 - DSN - INFO - DSN GPU: T=500, η=0.003, LS=True
2026-01-14 16:20:09,819 - DSN - ERROR - Solver failed: not enough values to unpack (expected 3, got 2)
2026-01-14 16:20:09,819 - DSN - INFO - Initialized DSN_thorough | preset=thorough | GPU=True
2026-01-14 16:20:09,819 - DSN - INFO - Params: η=0.003, T=500, init=degree, LS=True
2026-01-14 16:20:09,819 - DSN - INFO - Using GPU solver (CuPy)
2026-01-14 16:20:09,821 - DSN - INFO - DSN GPU Solver: n=2000, edges=11778
2026-01-14 16:20:09,821 - DSN - INFO - DSN GPU: T=500, η=0.003, LS=True
2026-01-14 16:20:09,831 - DSN - ERROR - Solver failed: not enough values to unpack (expected 3, got 2)
2026-01-14 16:20:09,831 - DSN - INFO - Initialized DSN_thorough | preset=thorough | GPU=True
2026-01-14 16:20:09,831 - DSN - INFO - Params: η=0.003, T=500, init=degree, LS=True
2026-01-14 16:20:09,831 - DSN - INFO - Using GPU solver (CuPy)
2026-01-14 16:20:09,832 - DSN - INFO - DSN GPU Solver: n=2000, edges=11778
2026-01-14 16:20:09,832 - DSN - INFO - DSN GPU: T=500, η=0.003, LS=True
2026-01-14 16:20:09,842 - DSN - ERROR - Solver failed: not enough values to unpack (expected 3, got 2)
2026-01-14 16:20:09,842 - DSN - INFO - Initialized DSN_thorough | preset=thorough | GPU=True
2026-01-14 16:20:09,842 - DSN - INFO - Params: η=0.003, T=500, init=degree, LS=True
2026-01-14 16:20:09,842 - DSN - INFO - Using GPU solver (CuPy)
2026-01-14 16:20:09,844 - DSN - INFO - DSN GPU Solver: n=2000, edges=11778
2026-01-14 16:20:09,844 - DSN - INFO - DSN GPU: T=500, η=0.003, LS=True
2026-01-14 16:20:09,853 - DSN - ERROR - Solver failed: not enough values to unpack (expected 3, got 2)
2026-01-14 16:20:09,853 - DSN - INFO - Initialized DSN_thorough | preset=thorough | GPU=True
2026-01-14 16:20:09,853 - DSN - INFO - Params: η=0.003, T=500, init=degree, LS=True
2026-01-14 16:20:09,853 - DSN - INFO - Using GPU solver (CuPy)
2026-01-14 16:20:09,855 - DSN - INFO - DSN GPU Solver: n=2000, edges=11778
2026-01-14 16:20:09,855 - DSN - INFO - DSN GPU: T=500, η=0.003, LS=True
2026-01-14 16:20:09,864 - DSN - ERROR - Solver failed: not enough values to unpack (expected 3, got 2)
2026-01-14 16:20:09,887 - DSN - INFO - Initialized DSN_thorough | preset=thorough | GPU=True
2026-01-14 16:20:09,888 - DSN - INFO - Params: η=0.003, T=500, init=degree, LS=True
2026-01-14 16:20:09,888 - DSN - INFO - Using GPU solver (CuPy)
2026-01-14 16:20:09,889 - DSN - INFO - DSN GPU Solver: n=2000, edges=11766
2026-01-14 16:20:09,889 - DSN - INFO - DSN GPU: T=500, η=0.003, LS=True
2026-01-14 16:20:09,899 - DSN - ERROR - Solver failed: not enough values to unpack (expected 3, got 2)
2026-01-14 16:20:09,899 - DSN - INFO - Initialized DSN_thorough | preset=thorough | GPU=True
2026-01-14 16:20:09,899 - DSN - INFO - Params: η=0.003, T=500, init=degree, LS=True
2026-01-14 16:20:09,899 - DSN - INFO - Using GPU solver (CuPy)
2026-01-14 16:20:09,901 - DSN - INFO - DSN GPU Solver: n=2000, edges=11766
2026-01-14 16:20:09,901 - DSN - INFO - DSN GPU: T=500, η=0.003, LS=True
2026-01-14 16:20:09,911 - DSN - ERROR - Solver failed: not enough values to unpack (expected 3, got 2)
2026-01-14 16:20:09,911 - DSN - INFO - Initialized DSN_thorough | preset=thorough | GPU=True
2026-01-14 16:20:09,911 - DSN - INFO - Params: η=0.003, T=500, init=degree, LS=True
2026-01-14 16:20:09,911 - DSN - INFO - Using GPU solver (CuPy)
2026-01-14 16:20:09,913 - DSN - INFO - DSN GPU Solver: n=2000, edges=11766
2026-01-14 16:20:09,913 - DSN - INFO - DSN GPU: T=500, η=0.003, LS=True
2026-01-14 16:20:09,922 - DSN - ERROR - Solver failed: not enough values to unpack (expected 3, got 2)
2026-01-14 16:20:09,923 - DSN - INFO - Initialized DSN_thorough | preset=thorough | GPU=True
2026-01-14 16:20:09,923 - DSN - INFO - Params: η=0.003, T=500, init=degree, LS=True
2026-01-14 16:20:09,923 - DSN - INFO - Using GPU solver (CuPy)
2026-01-14 16:20:09,924 - DSN - INFO - DSN GPU Solver: n=2000, edges=11766
2026-01-14 16:20:09,924 - DSN - INFO - DSN GPU: T=500, η=0.003, LS=True
2026-01-14 16:20:09,934 - DSN - ERROR - Solver failed: not enough values to unpack (expected 3, got 2)
2026-01-14 16:20:09,934 - DSN - INFO - Initialized DSN_thorough | preset=thorough | GPU=True
2026-01-14 16:20:09,934 - DSN - INFO - Params: η=0.003, T=500, init=degree, LS=True
2026-01-14 16:20:09,934 - DSN - INFO - Using GPU solver (CuPy)
2026-01-14 16:20:09,936 - DSN - INFO - DSN GPU Solver: n=2000, edges=11766
2026-01-14 16:20:09,936 - DSN - INFO - DSN GPU: T=500, η=0.003, LS=True
2026-01-14 16:20:09,945 - DSN - ERROR - Solver failed: not enough values to unpack (expected 3, got 2)
2026-01-14 16:20:09,945 - DSN - INFO - Initialized DSN_thorough | preset=thorough | GPU=True
2026-01-14 16:20:09,945 - DSN - INFO - Params: η=0.003, T=500, init=degree, LS=True
2026-01-14 16:20:09,945 - DSN - INFO - Using GPU solver (CuPy)
2026-01-14 16:20:09,947 - DSN - INFO - DSN GPU Solver: n=2000, edges=11766
2026-01-14 16:20:09,947 - DSN - INFO - DSN GPU: T=500, η=0.003, LS=True
2026-01-14 16:20:09,957 - DSN - ERROR - Solver failed: not enough values to unpack (expected 3, got 2)
2026-01-14 16:20:09,957 - DSN - INFO - Initialized DSN_thorough | preset=thorough | GPU=True
2026-01-14 16:20:09,957 - DSN - INFO - Params: η=0.003, T=500, init=degree, LS=True
2026-01-14 16:20:09,957 - DSN - INFO - Using GPU solver (CuPy)
2026-01-14 16:20:09,958 - DSN - INFO - DSN GPU Solver: n=2000, edges=11766
2026-01-14 16:20:09,958 - DSN - INFO - DSN GPU: T=500, η=0.003, LS=True
2026-01-14 16:20:09,968 - DSN - ERROR - Solver failed: not enough values to unpack (expected 3, got 2)
2026-01-14 16:20:09,968 - DSN - INFO - Initialized DSN_thorough | preset=thorough | GPU=True
2026-01-14 16:20:09,968 - DSN - INFO - Params: η=0.003, T=500, init=degree, LS=True
2026-01-14 16:20:09,968 - DSN - INFO - Using GPU solver (CuPy)
2026-01-14 16:20:09,970 - DSN - INFO - DSN GPU Solver: n=2000, edges=11766
2026-01-14 16:20:09,970 - DSN - INFO - DSN GPU: T=500, η=0.003, LS=True
2026-01-14 16:20:09,980 - DSN - ERROR - Solver failed: not enough values to unpack (expected 3, got 2)
2026-01-14 16:20:09,980 - DSN - INFO - Initialized DSN_thorough | preset=thorough | GPU=True
2026-01-14 16:20:09,980 - DSN - INFO - Params: η=0.003, T=500, init=degree, LS=True
2026-01-14 16:20:09,980 - DSN - INFO - Using GPU solver (CuPy)
2026-01-14 16:20:09,981 - DSN - INFO - DSN GPU Solver: n=2000, edges=11766
2026-01-14 16:20:09,981 - DSN - INFO - DSN GPU: T=500, η=0.003, LS=True
2026-01-14 16:20:09,991 - DSN - ERROR - Solver failed: not enough values to unpack (expected 3, got 2)
2026-01-14 16:20:09,991 - DSN - INFO - Initialized DSN_thorough | preset=thorough | GPU=True
2026-01-14 16:20:09,991 - DSN - INFO - Params: η=0.003, T=500, init=degree, LS=True
2026-01-14 16:20:09,991 - DSN - INFO - Using GPU solver (CuPy)
2026-01-14 16:20:09,993 - DSN - INFO - DSN GPU Solver: n=2000, edges=11766
2026-01-14 16:20:09,993 - DSN - INFO - DSN GPU: T=500, η=0.003, LS=True
2026-01-14 16:20:10,002 - DSN - ERROR - Solver failed: not enough values to unpack (expected 3, got 2)
2026-01-14 16:20:10,029 - DSN - INFO - Initialized DSN_thorough | preset=thorough | GPU=True
2026-01-14 16:20:10,029 - DSN - INFO - Params: η=0.003, T=500, init=degree, LS=True
2026-01-14 16:20:10,029 - DSN - INFO - Using GPU solver (CuPy)
2026-01-14 16:20:10,031 - DSN - INFO - DSN GPU Solver: n=2000, edges=11785
2026-01-14 16:20:10,031 - DSN - INFO - DSN GPU: T=500, η=0.003, LS=True
2026-01-14 16:20:10,040 - DSN - ERROR - Solver failed: not enough values to unpack (expected 3, got 2)
2026-01-14 16:20:10,040 - DSN - INFO - Initialized DSN_thorough | preset=thorough | GPU=True
2026-01-14 16:20:10,040 - DSN - INFO - Params: η=0.003, T=500, init=degree, LS=True
2026-01-14 16:20:10,040 - DSN - INFO - Using GPU solver (CuPy)
2026-01-14 16:20:10,042 - DSN - INFO - DSN GPU Solver: n=2000, edges=11785
2026-01-14 16:20:10,042 - DSN - INFO - DSN GPU: T=500, η=0.003, LS=True
2026-01-14 16:20:10,052 - DSN - ERROR - Solver failed: not enough values to unpack (expected 3, got 2)
2026-01-14 16:20:10,052 - DSN - INFO - Initialized DSN_thorough | preset=thorough | GPU=True
2026-01-14 16:20:10,052 - DSN - INFO - Params: η=0.003, T=500, init=degree, LS=True
2026-01-14 16:20:10,052 - DSN - INFO - Using GPU solver (CuPy)
2026-01-14 16:20:10,053 - DSN - INFO - DSN GPU Solver: n=2000, edges=11785
2026-01-14 16:20:10,053 - DSN - INFO - DSN GPU: T=500, η=0.003, LS=True
2026-01-14 16:20:10,063 - DSN - ERROR - Solver failed: not enough values to unpack (expected 3, got 2)
2026-01-14 16:20:10,063 - DSN - INFO - Initialized DSN_thorough | preset=thorough | GPU=True
2026-01-14 16:20:10,063 - DSN - INFO - Params: η=0.003, T=500, init=degree, LS=True
2026-01-14 16:20:10,063 - DSN - INFO - Using GPU solver (CuPy)
2026-01-14 16:20:10,065 - DSN - INFO - DSN GPU Solver: n=2000, edges=11785
2026-01-14 16:20:10,065 - DSN - INFO - DSN GPU: T=500, η=0.003, LS=True
2026-01-14 16:20:10,074 - DSN - ERROR - Solver failed: not enough values to unpack (expected 3, got 2)
2026-01-14 16:20:10,074 - DSN - INFO - Initialized DSN_thorough | preset=thorough | GPU=True
2026-01-14 16:20:10,074 - DSN - INFO - Params: η=0.003, T=500, init=degree, LS=True
2026-01-14 16:20:10,074 - DSN - INFO - Using GPU solver (CuPy)
2026-01-14 16:20:10,076 - DSN - INFO - DSN GPU Solver: n=2000, edges=11785
2026-01-14 16:20:10,076 - DSN - INFO - DSN GPU: T=500, η=0.003, LS=True
2026-01-14 16:20:10,086 - DSN - ERROR - Solver failed: not enough values to unpack (expected 3, got 2)
2026-01-14 16:20:10,086 - DSN - INFO - Initialized DSN_thorough | preset=thorough | GPU=True
2026-01-14 16:20:10,086 - DSN - INFO - Params: η=0.003, T=500, init=degree, LS=True
2026-01-14 16:20:10,086 - DSN - INFO - Using GPU solver (CuPy)
2026-01-14 16:20:10,087 - DSN - INFO - DSN GPU Solver: n=2000, edges=11785
2026-01-14 16:20:10,087 - DSN - INFO - DSN GPU: T=500, η=0.003, LS=True
2026-01-14 16:20:10,097 - DSN - ERROR - Solver failed: not enough values to unpack (expected 3, got 2)
2026-01-14 16:20:10,097 - DSN - INFO - Initialized DSN_thorough | preset=thorough | GPU=True
2026-01-14 16:20:10,097 - DSN - INFO - Params: η=0.003, T=500, init=degree, LS=True
2026-01-14 16:20:10,097 - DSN - INFO - Using GPU solver (CuPy)
2026-01-14 16:20:10,099 - DSN - INFO - DSN GPU Solver: n=2000, edges=11785
2026-01-14 16:20:10,099 - DSN - INFO - DSN GPU: T=500, η=0.003, LS=True
2026-01-14 16:20:10,108 - DSN - ERROR - Solver failed: not enough values to unpack (expected 3, got 2)
2026-01-14 16:20:10,109 - DSN - INFO - Initialized DSN_thorough | preset=thorough | GPU=True
2026-01-14 16:20:10,109 - DSN - INFO - Params: η=0.003, T=500, init=degree, LS=True
2026-01-14 16:20:10,109 - DSN - INFO - Using GPU solver (CuPy)
2026-01-14 16:20:10,110 - DSN - INFO - DSN GPU Solver: n=2000, edges=11785
2026-01-14 16:20:10,110 - DSN - INFO - DSN GPU: T=500, η=0.003, LS=True
2026-01-14 16:20:10,120 - DSN - ERROR - Solver failed: not enough values to unpack (expected 3, got 2)
2026-01-14 16:20:10,120 - DSN - INFO - Initialized DSN_thorough | preset=thorough | GPU=True
2026-01-14 16:20:10,120 - DSN - INFO - Params: η=0.003, T=500, init=degree, LS=True
2026-01-14 16:20:10,120 - DSN - INFO - Using GPU solver (CuPy)
2026-01-14 16:20:10,122 - DSN - INFO - DSN GPU Solver: n=2000, edges=11785
2026-01-14 16:20:10,122 - DSN - INFO - DSN GPU: T=500, η=0.003, LS=True
2026-01-14 16:20:10,131 - DSN - ERROR - Solver failed: not enough values to unpack (expected 3, got 2)
2026-01-14 16:20:10,131 - DSN - INFO - Initialized DSN_thorough | preset=thorough | GPU=True
2026-01-14 16:20:10,131 - DSN - INFO - Params: η=0.003, T=500, init=degree, LS=True
2026-01-14 16:20:10,131 - DSN - INFO - Using GPU solver (CuPy)
2026-01-14 16:20:10,133 - DSN - INFO - DSN GPU Solver: n=2000, edges=11785
2026-01-14 16:20:10,133 - DSN - INFO - DSN GPU: T=500, η=0.003, LS=True
2026-01-14 16:20:10,142 - DSN - ERROR - Solver failed: not enough values to unpack (expected 3, got 2)
2026-01-14 16:20:10,168 - DSN - INFO - Initialized DSN_thorough | preset=thorough | GPU=True
2026-01-14 16:20:10,168 - DSN - INFO - Params: η=0.003, T=500, init=degree, LS=True
2026-01-14 16:20:10,168 - DSN - INFO - Using GPU solver (CuPy)
2026-01-14 16:20:10,170 - DSN - INFO - DSN GPU Solver: n=2000, edges=11779
2026-01-14 16:20:10,170 - DSN - INFO - DSN GPU: T=500, η=0.003, LS=True
2026-01-14 16:20:10,180 - DSN - ERROR - Solver failed: not enough values to unpack (expected 3, got 2)
2026-01-14 16:20:10,180 - DSN - INFO - Initialized DSN_thorough | preset=thorough | GPU=True
2026-01-14 16:20:10,180 - DSN - INFO - Params: η=0.003, T=500, init=degree, LS=True
2026-01-14 16:20:10,180 - DSN - INFO - Using GPU solver (CuPy)
2026-01-14 16:20:10,182 - DSN - INFO - DSN GPU Solver: n=2000, edges=11779
2026-01-14 16:20:10,182 - DSN - INFO - DSN GPU: T=500, η=0.003, LS=True
2026-01-14 16:20:10,191 - DSN - ERROR - Solver failed: not enough values to unpack (expected 3, got 2)
2026-01-14 16:20:10,191 - DSN - INFO - Initialized DSN_thorough | preset=thorough | GPU=True
2026-01-14 16:20:10,191 - DSN - INFO - Params: η=0.003, T=500, init=degree, LS=True
2026-01-14 16:20:10,191 - DSN - INFO - Using GPU solver (CuPy)
2026-01-14 16:20:10,193 - DSN - INFO - DSN GPU Solver: n=2000, edges=11779
2026-01-14 16:20:10,193 - DSN - INFO - DSN GPU: T=500, η=0.003, LS=True
2026-01-14 16:20:10,203 - DSN - ERROR - Solver failed: not enough values to unpack (expected 3, got 2)
2026-01-14 16:20:10,203 - DSN - INFO - Initialized DSN_thorough | preset=thorough | GPU=True
2026-01-14 16:20:10,203 - DSN - INFO - Params: η=0.003, T=500, init=degree, LS=True
2026-01-14 16:20:10,203 - DSN - INFO - Using GPU solver (CuPy)
2026-01-14 16:20:10,204 - DSN - INFO - DSN GPU Solver: n=2000, edges=11779
2026-01-14 16:20:10,204 - DSN - INFO - DSN GPU: T=500, η=0.003, LS=True
2026-01-14 16:20:10,214 - DSN - ERROR - Solver failed: not enough values to unpack (expected 3, got 2)
2026-01-14 16:20:10,214 - DSN - INFO - Initialized DSN_thorough | preset=thorough | GPU=True
2026-01-14 16:20:10,214 - DSN - INFO - Params: η=0.003, T=500, init=degree, LS=True
2026-01-14 16:20:10,214 - DSN - INFO - Using GPU solver (CuPy)
2026-01-14 16:20:10,216 - DSN - INFO - DSN GPU Solver: n=2000, edges=11779
2026-01-14 16:20:10,216 - DSN - INFO - DSN GPU: T=500, η=0.003, LS=True
2026-01-14 16:20:10,225 - DSN - ERROR - Solver failed: not enough values to unpack (expected 3, got 2)
2026-01-14 16:20:10,225 - DSN - INFO - Initialized DSN_thorough | preset=thorough | GPU=True
2026-01-14 16:20:10,225 - DSN - INFO - Params: η=0.003, T=500, init=degree, LS=True
2026-01-14 16:20:10,225 - DSN - INFO - Using GPU solver (CuPy)
2026-01-14 16:20:10,227 - DSN - INFO - DSN GPU Solver: n=2000, edges=11779
2026-01-14 16:20:10,227 - DSN - INFO - DSN GPU: T=500, η=0.003, LS=True
2026-01-14 16:20:10,237 - DSN - ERROR - Solver failed: not enough values to unpack (expected 3, got 2)
2026-01-14 16:20:10,237 - DSN - INFO - Initialized DSN_thorough | preset=thorough | GPU=True
2026-01-14 16:20:10,237 - DSN - INFO - Params: η=0.003, T=500, init=degree, LS=True
2026-01-14 16:20:10,237 - DSN - INFO - Using GPU solver (CuPy)
2026-01-14 16:20:10,238 - DSN - INFO - DSN GPU Solver: n=2000, edges=11779
2026-01-14 16:20:10,238 - DSN - INFO - DSN GPU: T=500, η=0.003, LS=True
2026-01-14 16:20:10,248 - DSN - ERROR - Solver failed: not enough values to unpack (expected 3, got 2)
2026-01-14 16:20:10,248 - DSN - INFO - Initialized DSN_thorough | preset=thorough | GPU=True
2026-01-14 16:20:10,248 - DSN - INFO - Params: η=0.003, T=500, init=degree, LS=True
2026-01-14 16:20:10,248 - DSN - INFO - Using GPU solver (CuPy)
2026-01-14 16:20:10,250 - DSN - INFO - DSN GPU Solver: n=2000, edges=11779
2026-01-14 16:20:10,250 - DSN - INFO - DSN GPU: T=500, η=0.003, LS=True
2026-01-14 16:20:10,260 - DSN - ERROR - Solver failed: not enough values to unpack (expected 3, got 2)
2026-01-14 16:20:10,260 - DSN - INFO - Initialized DSN_thorough | preset=thorough | GPU=True
2026-01-14 16:20:10,260 - DSN - INFO - Params: η=0.003, T=500, init=degree, LS=True
2026-01-14 16:20:10,260 - DSN - INFO - Using GPU solver (CuPy)
2026-01-14 16:20:10,262 - DSN - INFO - DSN GPU Solver: n=2000, edges=11779
2026-01-14 16:20:10,262 - DSN - INFO - DSN GPU: T=500, η=0.003, LS=True
2026-01-14 16:20:10,271 - DSN - ERROR - Solver failed: not enough values to unpack (expected 3, got 2)
2026-01-14 16:20:10,271 - DSN - INFO - Initialized DSN_thorough | preset=thorough | GPU=True
2026-01-14 16:20:10,271 - DSN - INFO - Params: η=0.003, T=500, init=degree, LS=True
2026-01-14 16:20:10,271 - DSN - INFO - Using GPU solver (CuPy)
2026-01-14 16:20:10,273 - DSN - INFO - DSN GPU Solver: n=2000, edges=11779
2026-01-14 16:20:10,273 - DSN - INFO - DSN GPU: T=500, η=0.003, LS=True
2026-01-14 16:20:10,283 - DSN - ERROR - Solver failed: not enough values to unpack (expected 3, got 2)
2026-01-14 16:20:10,300 - DSN - INFO - Initialized DSN_thorough | preset=thorough | GPU=True
2026-01-14 16:20:10,301 - DSN - INFO - Params: η=0.003, T=500, init=degree, LS=True
2026-01-14 16:20:10,301 - DSN - INFO - Using GPU solver (CuPy)
2026-01-14 16:20:10,302 - DSN - INFO - DSN GPU Solver: n=2000, edges=11778
2026-01-14 16:20:10,302 - DSN - INFO - DSN GPU: T=500, η=0.003, LS=True
2026-01-14 16:20:10,320 - DSN - ERROR - Solver failed: not enough values to unpack (expected 3, got 2)
2026-01-14 16:20:10,321 - DSN - INFO - Initialized DSN_thorough | preset=thorough | GPU=True
2026-01-14 16:20:10,321 - DSN - INFO - Params: η=0.003, T=500, init=degree, LS=True
2026-01-14 16:20:10,321 - DSN - INFO - Using GPU solver (CuPy)
2026-01-14 16:20:10,322 - DSN - INFO - DSN GPU Solver: n=2000, edges=11778
2026-01-14 16:20:10,322 - DSN - INFO - DSN GPU: T=500, η=0.003, LS=True
2026-01-14 16:20:10,340 - DSN - ERROR - Solver failed: not enough values to unpack (expected 3, got 2)
2026-01-14 16:20:10,341 - DSN - INFO - Initialized DSN_thorough | preset=thorough | GPU=True
2026-01-14 16:20:10,341 - DSN - INFO - Params: η=0.003, T=500, init=degree, LS=True
2026-01-14 16:20:10,341 - DSN - INFO - Using GPU solver (CuPy)
2026-01-14 16:20:10,342 - DSN - INFO - DSN GPU Solver: n=2000, edges=11778
2026-01-14 16:20:10,342 - DSN - INFO - DSN GPU: T=500, η=0.003, LS=True
2026-01-14 16:20:10,360 - DSN - ERROR - Solver failed: not enough values to unpack (expected 3, got 2)
2026-01-14 16:20:10,360 - DSN - INFO - Initialized DSN_thorough | preset=thorough | GPU=True
2026-01-14 16:20:10,360 - DSN - INFO - Params: η=0.003, T=500, init=degree, LS=True
2026-01-14 16:20:10,360 - DSN - INFO - Using GPU solver (CuPy)
2026-01-14 16:20:10,362 - DSN - INFO - DSN GPU Solver: n=2000, edges=11778
2026-01-14 16:20:10,362 - DSN - INFO - DSN GPU: T=500, η=0.003, LS=True
2026-01-14 16:20:10,380 - DSN - ERROR - Solver failed: not enough values to unpack (expected 3, got 2)
2026-01-14 16:20:10,380 - DSN - INFO - Initialized DSN_thorough | preset=thorough | GPU=True
2026-01-14 16:20:10,380 - DSN - INFO - Params: η=0.003, T=500, init=degree, LS=True
2026-01-14 16:20:10,380 - DSN - INFO - Using GPU solver (CuPy)
2026-01-14 16:20:10,382 - DSN - INFO - DSN GPU Solver: n=2000, edges=11778
2026-01-14 16:20:10,382 - DSN - INFO - DSN GPU: T=500, η=0.003, LS=True
2026-01-14 16:20:10,400 - DSN - ERROR - Solver failed: not enough values to unpack (expected 3, got 2)
2026-01-14 16:20:10,400 - DSN - INFO - Initialized DSN_thorough | preset=thorough | GPU=True
2026-01-14 16:20:10,400 - DSN - INFO - Params: η=0.003, T=500, init=degree, LS=True
2026-01-14 16:20:10,400 - DSN - INFO - Using GPU solver (CuPy)
2026-01-14 16:20:10,402 - DSN - INFO - DSN GPU Solver: n=2000, edges=11778
2026-01-14 16:20:10,402 - DSN - INFO - DSN GPU: T=500, η=0.003, LS=True
2026-01-14 16:20:10,420 - DSN - ERROR - Solver failed: not enough values to unpack (expected 3, got 2)
2026-01-14 16:20:10,420 - DSN - INFO - Initialized DSN_thorough | preset=thorough | GPU=True
2026-01-14 16:20:10,420 - DSN - INFO - Params: η=0.003, T=500, init=degree, LS=True
2026-01-14 16:20:10,420 - DSN - INFO - Using GPU solver (CuPy)
2026-01-14 16:20:10,422 - DSN - INFO - DSN GPU Solver: n=2000, edges=11778
2026-01-14 16:20:10,422 - DSN - INFO - DSN GPU: T=500, η=0.003, LS=True
2026-01-14 16:20:10,440 - DSN - ERROR - Solver failed: not enough values to unpack (expected 3, got 2)
2026-01-14 16:20:10,440 - DSN - INFO - Initialized DSN_thorough | preset=thorough | GPU=True
2026-01-14 16:20:10,440 - DSN - INFO - Params: η=0.003, T=500, init=degree, LS=True
2026-01-14 16:20:10,440 - DSN - INFO - Using GPU solver (CuPy)
2026-01-14 16:20:10,442 - DSN - INFO - DSN GPU Solver: n=2000, edges=11778
2026-01-14 16:20:10,442 - DSN - INFO - DSN GPU: T=500, η=0.003, LS=True
2026-01-14 16:20:10,460 - DSN - ERROR - Solver failed: not enough values to unpack (expected 3, got 2)
2026-01-14 16:20:10,460 - DSN - INFO - Initialized DSN_thorough | preset=thorough | GPU=True
2026-01-14 16:20:10,460 - DSN - INFO - Params: η=0.003, T=500, init=degree, LS=True
2026-01-14 16:20:10,460 - DSN - INFO - Using GPU solver (CuPy)
2026-01-14 16:20:10,462 - DSN - INFO - DSN GPU Solver: n=2000, edges=11778
2026-01-14 16:20:10,462 - DSN - INFO - DSN GPU: T=500, η=0.003, LS=True
2026-01-14 16:20:10,480 - DSN - ERROR - Solver failed: not enough values to unpack (expected 3, got 2)
2026-01-14 16:20:10,481 - DSN - INFO - Initialized DSN_thorough | preset=thorough | GPU=True
2026-01-14 16:20:10,481 - DSN - INFO - Params: η=0.003, T=500, init=degree, LS=True
2026-01-14 16:20:10,481 - DSN - INFO - Using GPU solver (CuPy)
2026-01-14 16:20:10,482 - DSN - INFO - DSN GPU Solver: n=2000, edges=11778
2026-01-14 16:20:10,483 - DSN - INFO - DSN GPU: T=500, η=0.003, LS=True
2026-01-14 16:20:10,501 - DSN - ERROR - Solver failed: not enough values to unpack (expected 3, got 2)
2026-01-14 16:20:10,537 - DSN - INFO - Initialized DSN_thorough | preset=thorough | GPU=True
2026-01-14 16:20:10,537 - DSN - INFO - Params: η=0.003, T=500, init=degree, LS=True
2026-01-14 16:20:10,538 - DSN - INFO - Using GPU solver (CuPy)
2026-01-14 16:20:10,540 - DSN - INFO - DSN GPU Solver: n=800, edges=19176
2026-01-14 16:20:10,540 - DSN - INFO - DSN GPU: T=500, η=0.003, LS=True
2026-01-14 16:20:10,550 - DSN - ERROR - Solver failed: not enough values to unpack (expected 3, got 2)
2026-01-14 16:20:10,550 - DSN - INFO - Initialized DSN_thorough | preset=thorough | GPU=True
2026-01-14 16:20:10,550 - DSN - INFO - Params: η=0.003, T=500, init=degree, LS=True
2026-01-14 16:20:10,550 - DSN - INFO - Using GPU solver (CuPy)
2026-01-14 16:20:10,552 - DSN - INFO - DSN GPU Solver: n=800, edges=19176
2026-01-14 16:20:10,552 - DSN - INFO - DSN GPU: T=500, η=0.003, LS=True
2026-01-14 16:20:10,562 - DSN - ERROR - Solver failed: not enough values to unpack (expected 3, got 2)
2026-01-14 16:20:10,562 - DSN - INFO - Initialized DSN_thorough | preset=thorough | GPU=True
2026-01-14 16:20:10,562 - DSN - INFO - Params: η=0.003, T=500, init=degree, LS=True
2026-01-14 16:20:10,562 - DSN - INFO - Using GPU solver (CuPy)
2026-01-14 16:20:10,564 - DSN - INFO - DSN GPU Solver: n=800, edges=19176
2026-01-14 16:20:10,564 - DSN - INFO - DSN GPU: T=500, η=0.003, LS=True
2026-01-14 16:20:10,573 - DSN - ERROR - Solver failed: not enough values to unpack (expected 3, got 2)
2026-01-14 16:20:10,574 - DSN - INFO - Initialized DSN_thorough | preset=thorough | GPU=True
2026-01-14 16:20:10,574 - DSN - INFO - Params: η=0.003, T=500, init=degree, LS=True
2026-01-14 16:20:10,574 - DSN - INFO - Using GPU solver (CuPy)
2026-01-14 16:20:10,576 - DSN - INFO - DSN GPU Solver: n=800, edges=19176
2026-01-14 16:20:10,576 - DSN - INFO - DSN GPU: T=500, η=0.003, LS=True
2026-01-14 16:20:10,585 - DSN - ERROR - Solver failed: not enough values to unpack (expected 3, got 2)
2026-01-14 16:20:10,585 - DSN - INFO - Initialized DSN_thorough | preset=thorough | GPU=True
2026-01-14 16:20:10,585 - DSN - INFO - Params: η=0.003, T=500, init=degree, LS=True
2026-01-14 16:20:10,585 - DSN - INFO - Using GPU solver (CuPy)
2026-01-14 16:20:10,587 - DSN - INFO - DSN GPU Solver: n=800, edges=19176
2026-01-14 16:20:10,588 - DSN - INFO - DSN GPU: T=500, η=0.003, LS=True
2026-01-14 16:20:10,597 - DSN - ERROR - Solver failed: not enough values to unpack (expected 3, got 2)
2026-01-14 16:20:10,597 - DSN - INFO - Initialized DSN_thorough | preset=thorough | GPU=True
2026-01-14 16:20:10,597 - DSN - INFO - Params: η=0.003, T=500, init=degree, LS=True
2026-01-14 16:20:10,597 - DSN - INFO - Using GPU solver (CuPy)
2026-01-14 16:20:10,599 - DSN - INFO - DSN GPU Solver: n=800, edges=19176
2026-01-14 16:20:10,599 - DSN - INFO - DSN GPU: T=500, η=0.003, LS=True
2026-01-14 16:20:10,609 - DSN - ERROR - Solver failed: not enough values to unpack (expected 3, got 2)
2026-01-14 16:20:10,609 - DSN - INFO - Initialized DSN_thorough | preset=thorough | GPU=True
2026-01-14 16:20:10,609 - DSN - INFO - Params: η=0.003, T=500, init=degree, LS=True
2026-01-14 16:20:10,609 - DSN - INFO - Using GPU solver (CuPy)
2026-01-14 16:20:10,611 - DSN - INFO - DSN GPU Solver: n=800, edges=19176
2026-01-14 16:20:10,611 - DSN - INFO - DSN GPU: T=500, η=0.003, LS=True
2026-01-14 16:20:10,621 - DSN - ERROR - Solver failed: not enough values to unpack (expected 3, got 2)
2026-01-14 16:20:10,621 - DSN - INFO - Initialized DSN_thorough | preset=thorough | GPU=True
2026-01-14 16:20:10,621 - DSN - INFO - Params: η=0.003, T=500, init=degree, LS=True
2026-01-14 16:20:10,621 - DSN - INFO - Using GPU solver (CuPy)
2026-01-14 16:20:10,623 - DSN - INFO - DSN GPU Solver: n=800, edges=19176
2026-01-14 16:20:10,623 - DSN - INFO - DSN GPU: T=500, η=0.003, LS=True
2026-01-14 16:20:10,633 - DSN - ERROR - Solver failed: not enough values to unpack (expected 3, got 2)
2026-01-14 16:20:10,633 - DSN - INFO - Initialized DSN_thorough | preset=thorough | GPU=True
2026-01-14 16:20:10,633 - DSN - INFO - Params: η=0.003, T=500, init=degree, LS=True
2026-01-14 16:20:10,633 - DSN - INFO - Using GPU solver (CuPy)
2026-01-14 16:20:10,635 - DSN - INFO - DSN GPU Solver: n=800, edges=19176
2026-01-14 16:20:10,635 - DSN - INFO - DSN GPU: T=500, η=0.003, LS=True
2026-01-14 16:20:10,645 - DSN - ERROR - Solver failed: not enough values to unpack (expected 3, got 2)
2026-01-14 16:20:10,645 - DSN - INFO - Initialized DSN_thorough | preset=thorough | GPU=True
2026-01-14 16:20:10,645 - DSN - INFO - Params: η=0.003, T=500, init=degree, LS=True
2026-01-14 16:20:10,645 - DSN - INFO - Using GPU solver (CuPy)
2026-01-14 16:20:10,647 - DSN - INFO - DSN GPU Solver: n=800, edges=19176
2026-01-14 16:20:10,647 - DSN - INFO - DSN GPU: T=500, η=0.003, LS=True
2026-01-14 16:20:10,657 - DSN - ERROR - Solver failed: not enough values to unpack (expected 3, got 2)
2026-01-14 16:20:10,675 - DSN - INFO - Initialized DSN_thorough | preset=thorough | GPU=True
2026-01-14 16:20:10,675 - DSN - INFO - Params: η=0.003, T=500, init=degree, LS=True
2026-01-14 16:20:10,675 - DSN - INFO - Using GPU solver (CuPy)
2026-01-14 16:20:10,677 - DSN - INFO - DSN GPU Solver: n=2000, edges=11766
2026-01-14 16:20:10,677 - DSN - INFO - DSN GPU: T=500, η=0.003, LS=True
2026-01-14 16:20:10,686 - DSN - ERROR - Solver failed: not enough values to unpack (expected 3, got 2)
2026-01-14 16:20:10,686 - DSN - INFO - Initialized DSN_thorough | preset=thorough | GPU=True
2026-01-14 16:20:10,687 - DSN - INFO - Params: η=0.003, T=500, init=degree, LS=True
2026-01-14 16:20:10,687 - DSN - INFO - Using GPU solver (CuPy)
2026-01-14 16:20:10,688 - DSN - INFO - DSN GPU Solver: n=2000, edges=11766
2026-01-14 16:20:10,688 - DSN - INFO - DSN GPU: T=500, η=0.003, LS=True
2026-01-14 16:20:10,698 - DSN - ERROR - Solver failed: not enough values to unpack (expected 3, got 2)
2026-01-14 16:20:10,698 - DSN - INFO - Initialized DSN_thorough | preset=thorough | GPU=True
2026-01-14 16:20:10,698 - DSN - INFO - Params: η=0.003, T=500, init=degree, LS=True
2026-01-14 16:20:10,698 - DSN - INFO - Using GPU solver (CuPy)
2026-01-14 16:20:10,700 - DSN - INFO - DSN GPU Solver: n=2000, edges=11766
2026-01-14 16:20:10,700 - DSN - INFO - DSN GPU: T=500, η=0.003, LS=True
2026-01-14 16:20:10,710 - DSN - ERROR - Solver failed: not enough values to unpack (expected 3, got 2)
2026-01-14 16:20:10,710 - DSN - INFO - Initialized DSN_thorough | preset=thorough | GPU=True
2026-01-14 16:20:10,710 - DSN - INFO - Params: η=0.003, T=500, init=degree, LS=True
2026-01-14 16:20:10,710 - DSN - INFO - Using GPU solver (CuPy)
2026-01-14 16:20:10,711 - DSN - INFO - DSN GPU Solver: n=2000, edges=11766
2026-01-14 16:20:10,711 - DSN - INFO - DSN GPU: T=500, η=0.003, LS=True
2026-01-14 16:20:10,721 - DSN - ERROR - Solver failed: not enough values to unpack (expected 3, got 2)
2026-01-14 16:20:10,721 - DSN - INFO - Initialized DSN_thorough | preset=thorough | GPU=True
2026-01-14 16:20:10,721 - DSN - INFO - Params: η=0.003, T=500, init=degree, LS=True
2026-01-14 16:20:10,721 - DSN - INFO - Using GPU solver (CuPy)
2026-01-14 16:20:10,723 - DSN - INFO - DSN GPU Solver: n=2000, edges=11766
2026-01-14 16:20:10,723 - DSN - INFO - DSN GPU: T=500, η=0.003, LS=True
2026-01-14 16:20:10,733 - DSN - ERROR - Solver failed: not enough values to unpack (expected 3, got 2)
2026-01-14 16:20:10,733 - DSN - INFO - Initialized DSN_thorough | preset=thorough | GPU=True
2026-01-14 16:20:10,733 - DSN - INFO - Params: η=0.003, T=500, init=degree, LS=True
2026-01-14 16:20:10,733 - DSN - INFO - Using GPU solver (CuPy)
2026-01-14 16:20:10,734 - DSN - INFO - DSN GPU Solver: n=2000, edges=11766
2026-01-14 16:20:10,734 - DSN - INFO - DSN GPU: T=500, η=0.003, LS=True
2026-01-14 16:20:10,744 - DSN - ERROR - Solver failed: not enough values to unpack (expected 3, got 2)
2026-01-14 16:20:10,744 - DSN - INFO - Initialized DSN_thorough | preset=thorough | GPU=True
2026-01-14 16:20:10,744 - DSN - INFO - Params: η=0.003, T=500, init=degree, LS=True
2026-01-14 16:20:10,744 - DSN - INFO - Using GPU solver (CuPy)
2026-01-14 16:20:10,746 - DSN - INFO - DSN GPU Solver: n=2000, edges=11766
2026-01-14 16:20:10,746 - DSN - INFO - DSN GPU: T=500, η=0.003, LS=True
2026-01-14 16:20:10,756 - DSN - ERROR - Solver failed: not enough values to unpack (expected 3, got 2)
2026-01-14 16:20:10,756 - DSN - INFO - Initialized DSN_thorough | preset=thorough | GPU=True
2026-01-14 16:20:10,756 - DSN - INFO - Params: η=0.003, T=500, init=degree, LS=True
2026-01-14 16:20:10,756 - DSN - INFO - Using GPU solver (CuPy)
2026-01-14 16:20:10,757 - DSN - INFO - DSN GPU Solver: n=2000, edges=11766
2026-01-14 16:20:10,757 - DSN - INFO - DSN GPU: T=500, η=0.003, LS=True
2026-01-14 16:20:10,767 - DSN - ERROR - Solver failed: not enough values to unpack (expected 3, got 2)
2026-01-14 16:20:10,767 - DSN - INFO - Initialized DSN_thorough | preset=thorough | GPU=True
2026-01-14 16:20:10,767 - DSN - INFO - Params: η=0.003, T=500, init=degree, LS=True
2026-01-14 16:20:10,767 - DSN - INFO - Using GPU solver (CuPy)
2026-01-14 16:20:10,769 - DSN - INFO - DSN GPU Solver: n=2000, edges=11766
2026-01-14 16:20:10,769 - DSN - INFO - DSN GPU: T=500, η=0.003, LS=True
2026-01-14 16:20:10,779 - DSN - ERROR - Solver failed: not enough values to unpack (expected 3, got 2)
2026-01-14 16:20:10,779 - DSN - INFO - Initialized DSN_thorough | preset=thorough | GPU=True
2026-01-14 16:20:10,779 - DSN - INFO - Params: η=0.003, T=500, init=degree, LS=True
2026-01-14 16:20:10,779 - DSN - INFO - Using GPU solver (CuPy)
2026-01-14 16:20:10,781 - DSN - INFO - DSN GPU Solver: n=2000, edges=11766
2026-01-14 16:20:10,781 - DSN - INFO - DSN GPU: T=500, η=0.003, LS=True
2026-01-14 16:20:10,790 - DSN - ERROR - Solver failed: not enough values to unpack (expected 3, got 2)
2026-01-14 16:20:10,808 - DSN - INFO - Initialized DSN_thorough | preset=thorough | GPU=True
2026-01-14 16:20:10,808 - DSN - INFO - Params: η=0.003, T=500, init=degree, LS=True
2026-01-14 16:20:10,808 - DSN - INFO - Using GPU solver (CuPy)
2026-01-14 16:20:10,810 - DSN - INFO - DSN GPU Solver: n=2000, edges=11785
2026-01-14 16:20:10,810 - DSN - INFO - DSN GPU: T=500, η=0.003, LS=True
2026-01-14 16:20:10,820 - DSN - ERROR - Solver failed: not enough values to unpack (expected 3, got 2)
2026-01-14 16:20:10,820 - DSN - INFO - Initialized DSN_thorough | preset=thorough | GPU=True
2026-01-14 16:20:10,820 - DSN - INFO - Params: η=0.003, T=500, init=degree, LS=True
2026-01-14 16:20:10,820 - DSN - INFO - Using GPU solver (CuPy)
2026-01-14 16:20:10,821 - DSN - INFO - DSN GPU Solver: n=2000, edges=11785
2026-01-14 16:20:10,821 - DSN - INFO - DSN GPU: T=500, η=0.003, LS=True
2026-01-14 16:20:10,831 - DSN - ERROR - Solver failed: not enough values to unpack (expected 3, got 2)
2026-01-14 16:20:10,831 - DSN - INFO - Initialized DSN_thorough | preset=thorough | GPU=True
2026-01-14 16:20:10,831 - DSN - INFO - Params: η=0.003, T=500, init=degree, LS=True
2026-01-14 16:20:10,831 - DSN - INFO - Using GPU solver (CuPy)
2026-01-14 16:20:10,833 - DSN - INFO - DSN GPU Solver: n=2000, edges=11785
2026-01-14 16:20:10,833 - DSN - INFO - DSN GPU: T=500, η=0.003, LS=True
2026-01-14 16:20:10,842 - DSN - ERROR - Solver failed: not enough values to unpack (expected 3, got 2)
2026-01-14 16:20:10,842 - DSN - INFO - Initialized DSN_thorough | preset=thorough | GPU=True
2026-01-14 16:20:10,843 - DSN - INFO - Params: η=0.003, T=500, init=degree, LS=True
2026-01-14 16:20:10,843 - DSN - INFO - Using GPU solver (CuPy)
2026-01-14 16:20:10,844 - DSN - INFO - DSN GPU Solver: n=2000, edges=11785
2026-01-14 16:20:10,844 - DSN - INFO - DSN GPU: T=500, η=0.003, LS=True
2026-01-14 16:20:10,855 - DSN - ERROR - Solver failed: not enough values to unpack (expected 3, got 2)
2026-01-14 16:20:10,855 - DSN - INFO - Initialized DSN_thorough | preset=thorough | GPU=True
2026-01-14 16:20:10,855 - DSN - INFO - Params: η=0.003, T=500, init=degree, LS=True
2026-01-14 16:20:10,855 - DSN - INFO - Using GPU solver (CuPy)
2026-01-14 16:20:10,857 - DSN - INFO - DSN GPU Solver: n=2000, edges=11785
2026-01-14 16:20:10,857 - DSN - INFO - DSN GPU: T=500, η=0.003, LS=True
2026-01-14 16:20:10,867 - DSN - ERROR - Solver failed: not enough values to unpack (expected 3, got 2)
2026-01-14 16:20:10,867 - DSN - INFO - Initialized DSN_thorough | preset=thorough | GPU=True
2026-01-14 16:20:10,867 - DSN - INFO - Params: η=0.003, T=500, init=degree, LS=True
2026-01-14 16:20:10,867 - DSN - INFO - Using GPU solver (CuPy)
2026-01-14 16:20:10,869 - DSN - INFO - DSN GPU Solver: n=2000, edges=11785
2026-01-14 16:20:10,869 - DSN - INFO - DSN GPU: T=500, η=0.003, LS=True
2026-01-14 16:20:10,879 - DSN - ERROR - Solver failed: not enough values to unpack (expected 3, got 2)
2026-01-14 16:20:10,879 - DSN - INFO - Initialized DSN_thorough | preset=thorough | GPU=True
2026-01-14 16:20:10,879 - DSN - INFO - Params: η=0.003, T=500, init=degree, LS=True
2026-01-14 16:20:10,879 - DSN - INFO - Using GPU solver (CuPy)
2026-01-14 16:20:10,881 - DSN - INFO - DSN GPU Solver: n=2000, edges=11785
2026-01-14 16:20:10,881 - DSN - INFO - DSN GPU: T=500, η=0.003, LS=True
2026-01-14 16:20:10,890 - DSN - ERROR - Solver failed: not enough values to unpack (expected 3, got 2)
2026-01-14 16:20:10,890 - DSN - INFO - Initialized DSN_thorough | preset=thorough | GPU=True
2026-01-14 16:20:10,890 - DSN - INFO - Params: η=0.003, T=500, init=degree, LS=True
2026-01-14 16:20:10,890 - DSN - INFO - Using GPU solver (CuPy)
2026-01-14 16:20:10,892 - DSN - INFO - DSN GPU Solver: n=2000, edges=11785
2026-01-14 16:20:10,892 - DSN - INFO - DSN GPU: T=500, η=0.003, LS=True
2026-01-14 16:20:10,902 - DSN - ERROR - Solver failed: not enough values to unpack (expected 3, got 2)
2026-01-14 16:20:10,902 - DSN - INFO - Initialized DSN_thorough | preset=thorough | GPU=True
2026-01-14 16:20:10,902 - DSN - INFO - Params: η=0.003, T=500, init=degree, LS=True
2026-01-14 16:20:10,902 - DSN - INFO - Using GPU solver (CuPy)
2026-01-14 16:20:10,904 - DSN - INFO - DSN GPU Solver: n=2000, edges=11785
2026-01-14 16:20:10,904 - DSN - INFO - DSN GPU: T=500, η=0.003, LS=True
2026-01-14 16:20:10,913 - DSN - ERROR - Solver failed: not enough values to unpack (expected 3, got 2)
2026-01-14 16:20:10,913 - DSN - INFO - Initialized DSN_thorough | preset=thorough | GPU=True
2026-01-14 16:20:10,913 - DSN - INFO - Params: η=0.003, T=500, init=degree, LS=True
2026-01-14 16:20:10,913 - DSN - INFO - Using GPU solver (CuPy)
2026-01-14 16:20:10,915 - DSN - INFO - DSN GPU Solver: n=2000, edges=11785
2026-01-14 16:20:10,915 - DSN - INFO - DSN GPU: T=500, η=0.003, LS=True
2026-01-14 16:20:10,925 - DSN - ERROR - Solver failed: not enough values to unpack (expected 3, got 2)
2026-01-14 16:20:10,955 - DSN - INFO - Initialized DSN_thorough | preset=thorough | GPU=True
2026-01-14 16:20:10,955 - DSN - INFO - Params: η=0.003, T=500, init=degree, LS=True
2026-01-14 16:20:10,955 - DSN - INFO - Using GPU solver (CuPy)
2026-01-14 16:20:10,957 - DSN - INFO - DSN GPU Solver: n=2000, edges=11779
2026-01-14 16:20:10,957 - DSN - INFO - DSN GPU: T=500, η=0.003, LS=True
2026-01-14 16:20:10,967 - DSN - ERROR - Solver failed: not enough values to unpack (expected 3, got 2)
2026-01-14 16:20:10,967 - DSN - INFO - Initialized DSN_thorough | preset=thorough | GPU=True
2026-01-14 16:20:10,967 - DSN - INFO - Params: η=0.003, T=500, init=degree, LS=True
2026-01-14 16:20:10,967 - DSN - INFO - Using GPU solver (CuPy)
2026-01-14 16:20:10,968 - DSN - INFO - DSN GPU Solver: n=2000, edges=11779
2026-01-14 16:20:10,969 - DSN - INFO - DSN GPU: T=500, η=0.003, LS=True
2026-01-14 16:20:10,978 - DSN - ERROR - Solver failed: not enough values to unpack (expected 3, got 2)
2026-01-14 16:20:10,978 - DSN - INFO - Initialized DSN_thorough | preset=thorough | GPU=True
2026-01-14 16:20:10,978 - DSN - INFO - Params: η=0.003, T=500, init=degree, LS=True
2026-01-14 16:20:10,978 - DSN - INFO - Using GPU solver (CuPy)
2026-01-14 16:20:10,980 - DSN - INFO - DSN GPU Solver: n=2000, edges=11779
2026-01-14 16:20:10,980 - DSN - INFO - DSN GPU: T=500, η=0.003, LS=True
2026-01-14 16:20:10,990 - DSN - ERROR - Solver failed: not enough values to unpack (expected 3, got 2)
2026-01-14 16:20:10,990 - DSN - INFO - Initialized DSN_thorough | preset=thorough | GPU=True
2026-01-14 16:20:10,990 - DSN - INFO - Params: η=0.003, T=500, init=degree, LS=True
2026-01-14 16:20:10,990 - DSN - INFO - Using GPU solver (CuPy)
2026-01-14 16:20:10,992 - DSN - INFO - DSN GPU Solver: n=2000, edges=11779
2026-01-14 16:20:10,992 - DSN - INFO - DSN GPU: T=500, η=0.003, LS=True
2026-01-14 16:20:11,001 - DSN - ERROR - Solver failed: not enough values to unpack (expected 3, got 2)
2026-01-14 16:20:11,001 - DSN - INFO - Initialized DSN_thorough | preset=thorough | GPU=True
2026-01-14 16:20:11,001 - DSN - INFO - Params: η=0.003, T=500, init=degree, LS=True
2026-01-14 16:20:11,001 - DSN - INFO - Using GPU solver (CuPy)
2026-01-14 16:20:11,003 - DSN - INFO - DSN GPU Solver: n=2000, edges=11779
2026-01-14 16:20:11,003 - DSN - INFO - DSN GPU: T=500, η=0.003, LS=True
2026-01-14 16:20:11,013 - DSN - ERROR - Solver failed: not enough values to unpack (expected 3, got 2)
2026-01-14 16:20:11,013 - DSN - INFO - Initialized DSN_thorough | preset=thorough | GPU=True
2026-01-14 16:20:11,013 - DSN - INFO - Params: η=0.003, T=500, init=degree, LS=True
2026-01-14 16:20:11,013 - DSN - INFO - Using GPU solver (CuPy)
2026-01-14 16:20:11,015 - DSN - INFO - DSN GPU Solver: n=2000, edges=11779
2026-01-14 16:20:11,015 - DSN - INFO - DSN GPU: T=500, η=0.003, LS=True
2026-01-14 16:20:11,025 - DSN - ERROR - Solver failed: not enough values to unpack (expected 3, got 2)
2026-01-14 16:20:11,025 - DSN - INFO - Initialized DSN_thorough | preset=thorough | GPU=True
2026-01-14 16:20:11,025 - DSN - INFO - Params: η=0.003, T=500, init=degree, LS=True
2026-01-14 16:20:11,025 - DSN - INFO - Using GPU solver (CuPy)
2026-01-14 16:20:11,027 - DSN - INFO - DSN GPU Solver: n=2000, edges=11779
2026-01-14 16:20:11,027 - DSN - INFO - DSN GPU: T=500, η=0.003, LS=True
2026-01-14 16:20:11,036 - DSN - ERROR - Solver failed: not enough values to unpack (expected 3, got 2)
2026-01-14 16:20:11,036 - DSN - INFO - Initialized DSN_thorough | preset=thorough | GPU=True
2026-01-14 16:20:11,036 - DSN - INFO - Params: η=0.003, T=500, init=degree, LS=True
2026-01-14 16:20:11,037 - DSN - INFO - Using GPU solver (CuPy)
2026-01-14 16:20:11,038 - DSN - INFO - DSN GPU Solver: n=2000, edges=11779
2026-01-14 16:20:11,038 - DSN - INFO - DSN GPU: T=500, η=0.003, LS=True
2026-01-14 16:20:11,048 - DSN - ERROR - Solver failed: not enough values to unpack (expected 3, got 2)
2026-01-14 16:20:11,048 - DSN - INFO - Initialized DSN_thorough | preset=thorough | GPU=True
2026-01-14 16:20:11,048 - DSN - INFO - Params: η=0.003, T=500, init=degree, LS=True
2026-01-14 16:20:11,048 - DSN - INFO - Using GPU solver (CuPy)
2026-01-14 16:20:11,050 - DSN - INFO - DSN GPU Solver: n=2000, edges=11779
2026-01-14 16:20:11,050 - DSN - INFO - DSN GPU: T=500, η=0.003, LS=True
2026-01-14 16:20:11,060 - DSN - ERROR - Solver failed: not enough values to unpack (expected 3, got 2)
2026-01-14 16:20:11,060 - DSN - INFO - Initialized DSN_thorough | preset=thorough | GPU=True
2026-01-14 16:20:11,060 - DSN - INFO - Params: η=0.003, T=500, init=degree, LS=True
2026-01-14 16:20:11,060 - DSN - INFO - Using GPU solver (CuPy)
2026-01-14 16:20:11,061 - DSN - INFO - DSN GPU Solver: n=2000, edges=11779
2026-01-14 16:20:11,062 - DSN - INFO - DSN GPU: T=500, η=0.003, LS=True
2026-01-14 16:20:11,071 - DSN - ERROR - Solver failed: not enough values to unpack (expected 3, got 2)
2026-01-14 16:20:11,101 - DSN - INFO - Initialized DSN_thorough | preset=thorough | GPU=True
2026-01-14 16:20:11,101 - DSN - INFO - Params: η=0.003, T=500, init=degree, LS=True
2026-01-14 16:20:11,101 - DSN - INFO - Using GPU solver (CuPy)
2026-01-14 16:20:11,103 - DSN - INFO - DSN GPU Solver: n=1000, edges=9990
2026-01-14 16:20:11,103 - DSN - INFO - DSN GPU: T=500, η=0.003, LS=True
2026-01-14 16:20:11,114 - DSN - ERROR - Solver failed: not enough values to unpack (expected 3, got 2)
2026-01-14 16:20:11,114 - DSN - INFO - Initialized DSN_thorough | preset=thorough | GPU=True
2026-01-14 16:20:11,114 - DSN - INFO - Params: η=0.003, T=500, init=degree, LS=True
2026-01-14 16:20:11,114 - DSN - INFO - Using GPU solver (CuPy)
2026-01-14 16:20:11,115 - DSN - INFO - DSN GPU Solver: n=1000, edges=9990
2026-01-14 16:20:11,115 - DSN - INFO - DSN GPU: T=500, η=0.003, LS=True
2026-01-14 16:20:11,125 - DSN - ERROR - Solver failed: not enough values to unpack (expected 3, got 2)
2026-01-14 16:20:11,125 - DSN - INFO - Initialized DSN_thorough | preset=thorough | GPU=True
2026-01-14 16:20:11,125 - DSN - INFO - Params: η=0.003, T=500, init=degree, LS=True
2026-01-14 16:20:11,125 - DSN - INFO - Using GPU solver (CuPy)
2026-01-14 16:20:11,127 - DSN - INFO - DSN GPU Solver: n=1000, edges=9990
2026-01-14 16:20:11,127 - DSN - INFO - DSN GPU: T=500, η=0.003, LS=True
2026-01-14 16:20:11,136 - DSN - ERROR - Solver failed: not enough values to unpack (expected 3, got 2)
2026-01-14 16:20:11,137 - DSN - INFO - Initialized DSN_thorough | preset=thorough | GPU=True
2026-01-14 16:20:11,137 - DSN - INFO - Params: η=0.003, T=500, init=degree, LS=True
2026-01-14 16:20:11,137 - DSN - INFO - Using GPU solver (CuPy)
2026-01-14 16:20:11,138 - DSN - INFO - DSN GPU Solver: n=1000, edges=9990
2026-01-14 16:20:11,138 - DSN - INFO - DSN GPU: T=500, η=0.003, LS=True
2026-01-14 16:20:11,148 - DSN - ERROR - Solver failed: not enough values to unpack (expected 3, got 2)
2026-01-14 16:20:11,148 - DSN - INFO - Initialized DSN_thorough | preset=thorough | GPU=True
2026-01-14 16:20:11,148 - DSN - INFO - Params: η=0.003, T=500, init=degree, LS=True
2026-01-14 16:20:11,148 - DSN - INFO - Using GPU solver (CuPy)
2026-01-14 16:20:11,149 - DSN - INFO - DSN GPU Solver: n=1000, edges=9990
2026-01-14 16:20:11,149 - DSN - INFO - DSN GPU: T=500, η=0.003, LS=True
2026-01-14 16:20:11,159 - DSN - ERROR - Solver failed: not enough values to unpack (expected 3, got 2)
2026-01-14 16:20:11,159 - DSN - INFO - Initialized DSN_thorough | preset=thorough | GPU=True
2026-01-14 16:20:11,159 - DSN - INFO - Params: η=0.003, T=500, init=degree, LS=True
2026-01-14 16:20:11,159 - DSN - INFO - Using GPU solver (CuPy)
2026-01-14 16:20:11,161 - DSN - INFO - DSN GPU Solver: n=1000, edges=9990
2026-01-14 16:20:11,161 - DSN - INFO - DSN GPU: T=500, η=0.003, LS=True
2026-01-14 16:20:11,171 - DSN - ERROR - Solver failed: not enough values to unpack (expected 3, got 2)
2026-01-14 16:20:11,171 - DSN - INFO - Initialized DSN_thorough | preset=thorough | GPU=True
2026-01-14 16:20:11,171 - DSN - INFO - Params: η=0.003, T=500, init=degree, LS=True
2026-01-14 16:20:11,171 - DSN - INFO - Using GPU solver (CuPy)
2026-01-14 16:20:11,172 - DSN - INFO - DSN GPU Solver: n=1000, edges=9990
2026-01-14 16:20:11,172 - DSN - INFO - DSN GPU: T=500, η=0.003, LS=True
2026-01-14 16:20:11,182 - DSN - ERROR - Solver failed: not enough values to unpack (expected 3, got 2)
2026-01-14 16:20:11,182 - DSN - INFO - Initialized DSN_thorough | preset=thorough | GPU=True
2026-01-14 16:20:11,182 - DSN - INFO - Params: η=0.003, T=500, init=degree, LS=True
2026-01-14 16:20:11,182 - DSN - INFO - Using GPU solver (CuPy)
2026-01-14 16:20:11,183 - DSN - INFO - DSN GPU Solver: n=1000, edges=9990
2026-01-14 16:20:11,184 - DSN - INFO - DSN GPU: T=500, η=0.003, LS=True
2026-01-14 16:20:11,193 - DSN - ERROR - Solver failed: not enough values to unpack (expected 3, got 2)
2026-01-14 16:20:11,193 - DSN - INFO - Initialized DSN_thorough | preset=thorough | GPU=True
2026-01-14 16:20:11,193 - DSN - INFO - Params: η=0.003, T=500, init=degree, LS=True
2026-01-14 16:20:11,193 - DSN - INFO - Using GPU solver (CuPy)
2026-01-14 16:20:11,195 - DSN - INFO - DSN GPU Solver: n=1000, edges=9990
2026-01-14 16:20:11,195 - DSN - INFO - DSN GPU: T=500, η=0.003, LS=True
2026-01-14 16:20:11,205 - DSN - ERROR - Solver failed: not enough values to unpack (expected 3, got 2)
2026-01-14 16:20:11,205 - DSN - INFO - Initialized DSN_thorough | preset=thorough | GPU=True
2026-01-14 16:20:11,205 - DSN - INFO - Params: η=0.003, T=500, init=degree, LS=True
2026-01-14 16:20:11,205 - DSN - INFO - Using GPU solver (CuPy)
2026-01-14 16:20:11,206 - DSN - INFO - DSN GPU Solver: n=1000, edges=9990
2026-01-14 16:20:11,206 - DSN - INFO - DSN GPU: T=500, η=0.003, LS=True
2026-01-14 16:20:11,216 - DSN - ERROR - Solver failed: not enough values to unpack (expected 3, got 2)
2026-01-14 16:20:11,240 - DSN - INFO - Initialized DSN_thorough | preset=thorough | GPU=True
2026-01-14 16:20:11,240 - DSN - INFO - Params: η=0.003, T=500, init=degree, LS=True
2026-01-14 16:20:11,240 - DSN - INFO - Using GPU solver (CuPy)
2026-01-14 16:20:11,242 - DSN - INFO - DSN GPU Solver: n=1000, edges=9990
2026-01-14 16:20:11,242 - DSN - INFO - DSN GPU: T=500, η=0.003, LS=True
2026-01-14 16:20:11,251 - DSN - ERROR - Solver failed: not enough values to unpack (expected 3, got 2)
2026-01-14 16:20:11,252 - DSN - INFO - Initialized DSN_thorough | preset=thorough | GPU=True
2026-01-14 16:20:11,252 - DSN - INFO - Params: η=0.003, T=500, init=degree, LS=True
2026-01-14 16:20:11,252 - DSN - INFO - Using GPU solver (CuPy)
2026-01-14 16:20:11,253 - DSN - INFO - DSN GPU Solver: n=1000, edges=9990
2026-01-14 16:20:11,253 - DSN - INFO - DSN GPU: T=500, η=0.003, LS=True
2026-01-14 16:20:11,263 - DSN - ERROR - Solver failed: not enough values to unpack (expected 3, got 2)
2026-01-14 16:20:11,263 - DSN - INFO - Initialized DSN_thorough | preset=thorough | GPU=True
2026-01-14 16:20:11,263 - DSN - INFO - Params: η=0.003, T=500, init=degree, LS=True
2026-01-14 16:20:11,263 - DSN - INFO - Using GPU solver (CuPy)
2026-01-14 16:20:11,265 - DSN - INFO - DSN GPU Solver: n=1000, edges=9990
2026-01-14 16:20:11,265 - DSN - INFO - DSN GPU: T=500, η=0.003, LS=True
2026-01-14 16:20:11,274 - DSN - ERROR - Solver failed: not enough values to unpack (expected 3, got 2)
2026-01-14 16:20:11,274 - DSN - INFO - Initialized DSN_thorough | preset=thorough | GPU=True
2026-01-14 16:20:11,275 - DSN - INFO - Params: η=0.003, T=500, init=degree, LS=True
2026-01-14 16:20:11,275 - DSN - INFO - Using GPU solver (CuPy)
2026-01-14 16:20:11,276 - DSN - INFO - DSN GPU Solver: n=1000, edges=9990
2026-01-14 16:20:11,276 - DSN - INFO - DSN GPU: T=500, η=0.003, LS=True
2026-01-14 16:20:11,286 - DSN - ERROR - Solver failed: not enough values to unpack (expected 3, got 2)
2026-01-14 16:20:11,286 - DSN - INFO - Initialized DSN_thorough | preset=thorough | GPU=True
2026-01-14 16:20:11,286 - DSN - INFO - Params: η=0.003, T=500, init=degree, LS=True
2026-01-14 16:20:11,286 - DSN - INFO - Using GPU solver (CuPy)
2026-01-14 16:20:11,287 - DSN - INFO - DSN GPU Solver: n=1000, edges=9990
2026-01-14 16:20:11,287 - DSN - INFO - DSN GPU: T=500, η=0.003, LS=True
2026-01-14 16:20:11,297 - DSN - ERROR - Solver failed: not enough values to unpack (expected 3, got 2)
2026-01-14 16:20:11,297 - DSN - INFO - Initialized DSN_thorough | preset=thorough | GPU=True
2026-01-14 16:20:11,297 - DSN - INFO - Params: η=0.003, T=500, init=degree, LS=True
2026-01-14 16:20:11,297 - DSN - INFO - Using GPU solver (CuPy)
2026-01-14 16:20:11,299 - DSN - INFO - DSN GPU Solver: n=1000, edges=9990
2026-01-14 16:20:11,299 - DSN - INFO - DSN GPU: T=500, η=0.003, LS=True
2026-01-14 16:20:11,308 - DSN - ERROR - Solver failed: not enough values to unpack (expected 3, got 2)
2026-01-14 16:20:11,309 - DSN - INFO - Initialized DSN_thorough | preset=thorough | GPU=True
2026-01-14 16:20:11,309 - DSN - INFO - Params: η=0.003, T=500, init=degree, LS=True
2026-01-14 16:20:11,309 - DSN - INFO - Using GPU solver (CuPy)
2026-01-14 16:20:11,310 - DSN - INFO - DSN GPU Solver: n=1000, edges=9990
2026-01-14 16:20:11,310 - DSN - INFO - DSN GPU: T=500, η=0.003, LS=True
2026-01-14 16:20:11,320 - DSN - ERROR - Solver failed: not enough values to unpack (expected 3, got 2)
2026-01-14 16:20:11,320 - DSN - INFO - Initialized DSN_thorough | preset=thorough | GPU=True
2026-01-14 16:20:11,320 - DSN - INFO - Params: η=0.003, T=500, init=degree, LS=True
2026-01-14 16:20:11,320 - DSN - INFO - Using GPU solver (CuPy)
2026-01-14 16:20:11,321 - DSN - INFO - DSN GPU Solver: n=1000, edges=9990
2026-01-14 16:20:11,321 - DSN - INFO - DSN GPU: T=500, η=0.003, LS=True
2026-01-14 16:20:11,331 - DSN - ERROR - Solver failed: not enough values to unpack (expected 3, got 2)
2026-01-14 16:20:11,331 - DSN - INFO - Initialized DSN_thorough | preset=thorough | GPU=True
2026-01-14 16:20:11,331 - DSN - INFO - Params: η=0.003, T=500, init=degree, LS=True
2026-01-14 16:20:11,331 - DSN - INFO - Using GPU solver (CuPy)
2026-01-14 16:20:11,333 - DSN - INFO - DSN GPU Solver: n=1000, edges=9990
2026-01-14 16:20:11,333 - DSN - INFO - DSN GPU: T=500, η=0.003, LS=True
2026-01-14 16:20:11,342 - DSN - ERROR - Solver failed: not enough values to unpack (expected 3, got 2)
2026-01-14 16:20:11,343 - DSN - INFO - Initialized DSN_thorough | preset=thorough | GPU=True
2026-01-14 16:20:11,343 - DSN - INFO - Params: η=0.003, T=500, init=degree, LS=True
2026-01-14 16:20:11,343 - DSN - INFO - Using GPU solver (CuPy)
2026-01-14 16:20:11,344 - DSN - INFO - DSN GPU Solver: n=1000, edges=9990
2026-01-14 16:20:11,344 - DSN - INFO - DSN GPU: T=500, η=0.003, LS=True
2026-01-14 16:20:11,354 - DSN - ERROR - Solver failed: not enough values to unpack (expected 3, got 2)
2026-01-14 16:20:11,369 - DSN - INFO - Initialized DSN_thorough | preset=thorough | GPU=True
2026-01-14 16:20:11,369 - DSN - INFO - Params: η=0.003, T=500, init=degree, LS=True
2026-01-14 16:20:11,369 - DSN - INFO - Using GPU solver (CuPy)
2026-01-14 16:20:11,371 - DSN - INFO - DSN GPU Solver: n=1000, edges=9990
2026-01-14 16:20:11,371 - DSN - INFO - DSN GPU: T=500, η=0.003, LS=True
2026-01-14 16:20:11,380 - DSN - ERROR - Solver failed: not enough values to unpack (expected 3, got 2)
2026-01-14 16:20:11,381 - DSN - INFO - Initialized DSN_thorough | preset=thorough | GPU=True
2026-01-14 16:20:11,381 - DSN - INFO - Params: η=0.003, T=500, init=degree, LS=True
2026-01-14 16:20:11,381 - DSN - INFO - Using GPU solver (CuPy)
2026-01-14 16:20:11,382 - DSN - INFO - DSN GPU Solver: n=1000, edges=9990
2026-01-14 16:20:11,382 - DSN - INFO - DSN GPU: T=500, η=0.003, LS=True
2026-01-14 16:20:11,392 - DSN - ERROR - Solver failed: not enough values to unpack (expected 3, got 2)
2026-01-14 16:20:11,392 - DSN - INFO - Initialized DSN_thorough | preset=thorough | GPU=True
2026-01-14 16:20:11,392 - DSN - INFO - Params: η=0.003, T=500, init=degree, LS=True
2026-01-14 16:20:11,392 - DSN - INFO - Using GPU solver (CuPy)
2026-01-14 16:20:11,393 - DSN - INFO - DSN GPU Solver: n=1000, edges=9990
2026-01-14 16:20:11,393 - DSN - INFO - DSN GPU: T=500, η=0.003, LS=True
2026-01-14 16:20:11,403 - DSN - ERROR - Solver failed: not enough values to unpack (expected 3, got 2)
2026-01-14 16:20:11,403 - DSN - INFO - Initialized DSN_thorough | preset=thorough | GPU=True
2026-01-14 16:20:11,403 - DSN - INFO - Params: η=0.003, T=500, init=degree, LS=True
2026-01-14 16:20:11,403 - DSN - INFO - Using GPU solver (CuPy)
2026-01-14 16:20:11,405 - DSN - INFO - DSN GPU Solver: n=1000, edges=9990
2026-01-14 16:20:11,405 - DSN - INFO - DSN GPU: T=500, η=0.003, LS=True
2026-01-14 16:20:11,414 - DSN - ERROR - Solver failed: not enough values to unpack (expected 3, got 2)
2026-01-14 16:20:11,415 - DSN - INFO - Initialized DSN_thorough | preset=thorough | GPU=True
2026-01-14 16:20:11,415 - DSN - INFO - Params: η=0.003, T=500, init=degree, LS=True
2026-01-14 16:20:11,415 - DSN - INFO - Using GPU solver (CuPy)
2026-01-14 16:20:11,416 - DSN - INFO - DSN GPU Solver: n=1000, edges=9990
2026-01-14 16:20:11,416 - DSN - INFO - DSN GPU: T=500, η=0.003, LS=True
2026-01-14 16:20:11,426 - DSN - ERROR - Solver failed: not enough values to unpack (expected 3, got 2)
2026-01-14 16:20:11,426 - DSN - INFO - Initialized DSN_thorough | preset=thorough | GPU=True
2026-01-14 16:20:11,426 - DSN - INFO - Params: η=0.003, T=500, init=degree, LS=True
2026-01-14 16:20:11,426 - DSN - INFO - Using GPU solver (CuPy)
2026-01-14 16:20:11,427 - DSN - INFO - DSN GPU Solver: n=1000, edges=9990
2026-01-14 16:20:11,427 - DSN - INFO - DSN GPU: T=500, η=0.003, LS=True
2026-01-14 16:20:11,437 - DSN - ERROR - Solver failed: not enough values to unpack (expected 3, got 2)
2026-01-14 16:20:11,437 - DSN - INFO - Initialized DSN_thorough | preset=thorough | GPU=True
2026-01-14 16:20:11,437 - DSN - INFO - Params: η=0.003, T=500, init=degree, LS=True
2026-01-14 16:20:11,437 - DSN - INFO - Using GPU solver (CuPy)
2026-01-14 16:20:11,439 - DSN - INFO - DSN GPU Solver: n=1000, edges=9990
2026-01-14 16:20:11,439 - DSN - INFO - DSN GPU: T=500, η=0.003, LS=True
2026-01-14 16:20:11,448 - DSN - ERROR - Solver failed: not enough values to unpack (expected 3, got 2)
2026-01-14 16:20:11,449 - DSN - INFO - Initialized DSN_thorough | preset=thorough | GPU=True
2026-01-14 16:20:11,449 - DSN - INFO - Params: η=0.003, T=500, init=degree, LS=True
2026-01-14 16:20:11,449 - DSN - INFO - Using GPU solver (CuPy)
2026-01-14 16:20:11,450 - DSN - INFO - DSN GPU Solver: n=1000, edges=9990
2026-01-14 16:20:11,450 - DSN - INFO - DSN GPU: T=500, η=0.003, LS=True
2026-01-14 16:20:11,460 - DSN - ERROR - Solver failed: not enough values to unpack (expected 3, got 2)
2026-01-14 16:20:11,460 - DSN - INFO - Initialized DSN_thorough | preset=thorough | GPU=True
2026-01-14 16:20:11,460 - DSN - INFO - Params: η=0.003, T=500, init=degree, LS=True
2026-01-14 16:20:11,460 - DSN - INFO - Using GPU solver (CuPy)
2026-01-14 16:20:11,461 - DSN - INFO - DSN GPU Solver: n=1000, edges=9990
2026-01-14 16:20:11,461 - DSN - INFO - DSN GPU: T=500, η=0.003, LS=True
2026-01-14 16:20:11,471 - DSN - ERROR - Solver failed: not enough values to unpack (expected 3, got 2)
2026-01-14 16:20:11,471 - DSN - INFO - Initialized DSN_thorough | preset=thorough | GPU=True
2026-01-14 16:20:11,471 - DSN - INFO - Params: η=0.003, T=500, init=degree, LS=True
2026-01-14 16:20:11,471 - DSN - INFO - Using GPU solver (CuPy)
2026-01-14 16:20:11,473 - DSN - INFO - DSN GPU Solver: n=1000, edges=9990
2026-01-14 16:20:11,473 - DSN - INFO - DSN GPU: T=500, η=0.003, LS=True
2026-01-14 16:20:11,483 - DSN - ERROR - Solver failed: not enough values to unpack (expected 3, got 2)
2026-01-14 16:20:11,498 - DSN - INFO - Initialized DSN_thorough | preset=thorough | GPU=True
2026-01-14 16:20:11,498 - DSN - INFO - Params: η=0.003, T=500, init=degree, LS=True
2026-01-14 16:20:11,498 - DSN - INFO - Using GPU solver (CuPy)
2026-01-14 16:20:11,500 - DSN - INFO - DSN GPU Solver: n=1000, edges=9990
2026-01-14 16:20:11,500 - DSN - INFO - DSN GPU: T=500, η=0.003, LS=True
2026-01-14 16:20:11,510 - DSN - ERROR - Solver failed: not enough values to unpack (expected 3, got 2)
2026-01-14 16:20:11,510 - DSN - INFO - Initialized DSN_thorough | preset=thorough | GPU=True
2026-01-14 16:20:11,510 - DSN - INFO - Params: η=0.003, T=500, init=degree, LS=True
2026-01-14 16:20:11,510 - DSN - INFO - Using GPU solver (CuPy)
2026-01-14 16:20:11,511 - DSN - INFO - DSN GPU Solver: n=1000, edges=9990
2026-01-14 16:20:11,511 - DSN - INFO - DSN GPU: T=500, η=0.003, LS=True
2026-01-14 16:20:11,521 - DSN - ERROR - Solver failed: not enough values to unpack (expected 3, got 2)
2026-01-14 16:20:11,521 - DSN - INFO - Initialized DSN_thorough | preset=thorough | GPU=True
2026-01-14 16:20:11,522 - DSN - INFO - Params: η=0.003, T=500, init=degree, LS=True
2026-01-14 16:20:11,522 - DSN - INFO - Using GPU solver (CuPy)
2026-01-14 16:20:11,523 - DSN - INFO - DSN GPU Solver: n=1000, edges=9990
2026-01-14 16:20:11,523 - DSN - INFO - DSN GPU: T=500, η=0.003, LS=True
2026-01-14 16:20:11,533 - DSN - ERROR - Solver failed: not enough values to unpack (expected 3, got 2)
2026-01-14 16:20:11,533 - DSN - INFO - Initialized DSN_thorough | preset=thorough | GPU=True
2026-01-14 16:20:11,533 - DSN - INFO - Params: η=0.003, T=500, init=degree, LS=True
2026-01-14 16:20:11,533 - DSN - INFO - Using GPU solver (CuPy)
2026-01-14 16:20:11,534 - DSN - INFO - DSN GPU Solver: n=1000, edges=9990
2026-01-14 16:20:11,534 - DSN - INFO - DSN GPU: T=500, η=0.003, LS=True
2026-01-14 16:20:11,544 - DSN - ERROR - Solver failed: not enough values to unpack (expected 3, got 2)
2026-01-14 16:20:11,544 - DSN - INFO - Initialized DSN_thorough | preset=thorough | GPU=True
2026-01-14 16:20:11,544 - DSN - INFO - Params: η=0.003, T=500, init=degree, LS=True
2026-01-14 16:20:11,544 - DSN - INFO - Using GPU solver (CuPy)
2026-01-14 16:20:11,546 - DSN - INFO - DSN GPU Solver: n=1000, edges=9990
2026-01-14 16:20:11,546 - DSN - INFO - DSN GPU: T=500, η=0.003, LS=True
2026-01-14 16:20:11,556 - DSN - ERROR - Solver failed: not enough values to unpack (expected 3, got 2)
2026-01-14 16:20:11,556 - DSN - INFO - Initialized DSN_thorough | preset=thorough | GPU=True
2026-01-14 16:20:11,556 - DSN - INFO - Params: η=0.003, T=500, init=degree, LS=True
2026-01-14 16:20:11,556 - DSN - INFO - Using GPU solver (CuPy)
2026-01-14 16:20:11,557 - DSN - INFO - DSN GPU Solver: n=1000, edges=9990
2026-01-14 16:20:11,557 - DSN - INFO - DSN GPU: T=500, η=0.003, LS=True
2026-01-14 16:20:11,567 - DSN - ERROR - Solver failed: not enough values to unpack (expected 3, got 2)
2026-01-14 16:20:11,567 - DSN - INFO - Initialized DSN_thorough | preset=thorough | GPU=True
2026-01-14 16:20:11,567 - DSN - INFO - Params: η=0.003, T=500, init=degree, LS=True
2026-01-14 16:20:11,567 - DSN - INFO - Using GPU solver (CuPy)
2026-01-14 16:20:11,569 - DSN - INFO - DSN GPU Solver: n=1000, edges=9990
2026-01-14 16:20:11,569 - DSN - INFO - DSN GPU: T=500, η=0.003, LS=True
2026-01-14 16:20:11,578 - DSN - ERROR - Solver failed: not enough values to unpack (expected 3, got 2)
2026-01-14 16:20:11,578 - DSN - INFO - Initialized DSN_thorough | preset=thorough | GPU=True
2026-01-14 16:20:11,578 - DSN - INFO - Params: η=0.003, T=500, init=degree, LS=True
2026-01-14 16:20:11,578 - DSN - INFO - Using GPU solver (CuPy)
2026-01-14 16:20:11,580 - DSN - INFO - DSN GPU Solver: n=1000, edges=9990
2026-01-14 16:20:11,580 - DSN - INFO - DSN GPU: T=500, η=0.003, LS=True
2026-01-14 16:20:11,589 - DSN - ERROR - Solver failed: not enough values to unpack (expected 3, got 2)
2026-01-14 16:20:11,589 - DSN - INFO - Initialized DSN_thorough | preset=thorough | GPU=True
2026-01-14 16:20:11,589 - DSN - INFO - Params: η=0.003, T=500, init=degree, LS=True
2026-01-14 16:20:11,590 - DSN - INFO - Using GPU solver (CuPy)
2026-01-14 16:20:11,591 - DSN - INFO - DSN GPU Solver: n=1000, edges=9990
2026-01-14 16:20:11,591 - DSN - INFO - DSN GPU: T=500, η=0.003, LS=True
2026-01-14 16:20:11,601 - DSN - ERROR - Solver failed: not enough values to unpack (expected 3, got 2)
2026-01-14 16:20:11,601 - DSN - INFO - Initialized DSN_thorough | preset=thorough | GPU=True
2026-01-14 16:20:11,601 - DSN - INFO - Params: η=0.003, T=500, init=degree, LS=True
2026-01-14 16:20:11,601 - DSN - INFO - Using GPU solver (CuPy)
2026-01-14 16:20:11,602 - DSN - INFO - DSN GPU Solver: n=1000, edges=9990
2026-01-14 16:20:11,602 - DSN - INFO - DSN GPU: T=500, η=0.003, LS=True
2026-01-14 16:20:11,612 - DSN - ERROR - Solver failed: not enough values to unpack (expected 3, got 2)
2026-01-14 16:20:11,627 - DSN - INFO - Initialized DSN_thorough | preset=thorough | GPU=True
2026-01-14 16:20:11,627 - DSN - INFO - Params: η=0.003, T=500, init=degree, LS=True
2026-01-14 16:20:11,627 - DSN - INFO - Using GPU solver (CuPy)
2026-01-14 16:20:11,629 - DSN - INFO - DSN GPU Solver: n=1000, edges=9990
2026-01-14 16:20:11,629 - DSN - INFO - DSN GPU: T=500, η=0.003, LS=True
2026-01-14 16:20:11,638 - DSN - ERROR - Solver failed: not enough values to unpack (expected 3, got 2)
2026-01-14 16:20:11,638 - DSN - INFO - Initialized DSN_thorough | preset=thorough | GPU=True
2026-01-14 16:20:11,638 - DSN - INFO - Params: η=0.003, T=500, init=degree, LS=True
2026-01-14 16:20:11,638 - DSN - INFO - Using GPU solver (CuPy)
2026-01-14 16:20:11,640 - DSN - INFO - DSN GPU Solver: n=1000, edges=9990
2026-01-14 16:20:11,640 - DSN - INFO - DSN GPU: T=500, η=0.003, LS=True
2026-01-14 16:20:11,650 - DSN - ERROR - Solver failed: not enough values to unpack (expected 3, got 2)
2026-01-14 16:20:11,650 - DSN - INFO - Initialized DSN_thorough | preset=thorough | GPU=True
2026-01-14 16:20:11,650 - DSN - INFO - Params: η=0.003, T=500, init=degree, LS=True
2026-01-14 16:20:11,650 - DSN - INFO - Using GPU solver (CuPy)
2026-01-14 16:20:11,651 - DSN - INFO - DSN GPU Solver: n=1000, edges=9990
2026-01-14 16:20:11,651 - DSN - INFO - DSN GPU: T=500, η=0.003, LS=True
2026-01-14 16:20:11,661 - DSN - ERROR - Solver failed: not enough values to unpack (expected 3, got 2)
2026-01-14 16:20:11,661 - DSN - INFO - Initialized DSN_thorough | preset=thorough | GPU=True
2026-01-14 16:20:11,661 - DSN - INFO - Params: η=0.003, T=500, init=degree, LS=True
2026-01-14 16:20:11,661 - DSN - INFO - Using GPU solver (CuPy)
2026-01-14 16:20:11,662 - DSN - INFO - DSN GPU Solver: n=1000, edges=9990
2026-01-14 16:20:11,662 - DSN - INFO - DSN GPU: T=500, η=0.003, LS=True
2026-01-14 16:20:11,672 - DSN - ERROR - Solver failed: not enough values to unpack (expected 3, got 2)
2026-01-14 16:20:11,672 - DSN - INFO - Initialized DSN_thorough | preset=thorough | GPU=True
2026-01-14 16:20:11,672 - DSN - INFO - Params: η=0.003, T=500, init=degree, LS=True
2026-01-14 16:20:11,672 - DSN - INFO - Using GPU solver (CuPy)
2026-01-14 16:20:11,674 - DSN - INFO - DSN GPU Solver: n=1000, edges=9990
2026-01-14 16:20:11,674 - DSN - INFO - DSN GPU: T=500, η=0.003, LS=True
2026-01-14 16:20:11,684 - DSN - ERROR - Solver failed: not enough values to unpack (expected 3, got 2)
2026-01-14 16:20:11,684 - DSN - INFO - Initialized DSN_thorough | preset=thorough | GPU=True
2026-01-14 16:20:11,684 - DSN - INFO - Params: η=0.003, T=500, init=degree, LS=True
2026-01-14 16:20:11,684 - DSN - INFO - Using GPU solver (CuPy)
2026-01-14 16:20:11,685 - DSN - INFO - DSN GPU Solver: n=1000, edges=9990
2026-01-14 16:20:11,685 - DSN - INFO - DSN GPU: T=500, η=0.003, LS=True
2026-01-14 16:20:11,695 - DSN - ERROR - Solver failed: not enough values to unpack (expected 3, got 2)
2026-01-14 16:20:11,695 - DSN - INFO - Initialized DSN_thorough | preset=thorough | GPU=True
2026-01-14 16:20:11,695 - DSN - INFO - Params: η=0.003, T=500, init=degree, LS=True
2026-01-14 16:20:11,695 - DSN - INFO - Using GPU solver (CuPy)
2026-01-14 16:20:11,697 - DSN - INFO - DSN GPU Solver: n=1000, edges=9990
2026-01-14 16:20:11,697 - DSN - INFO - DSN GPU: T=500, η=0.003, LS=True
2026-01-14 16:20:11,706 - DSN - ERROR - Solver failed: not enough values to unpack (expected 3, got 2)
2026-01-14 16:20:11,706 - DSN - INFO - Initialized DSN_thorough | preset=thorough | GPU=True
2026-01-14 16:20:11,706 - DSN - INFO - Params: η=0.003, T=500, init=degree, LS=True
2026-01-14 16:20:11,706 - DSN - INFO - Using GPU solver (CuPy)
2026-01-14 16:20:11,708 - DSN - INFO - DSN GPU Solver: n=1000, edges=9990
2026-01-14 16:20:11,708 - DSN - INFO - DSN GPU: T=500, η=0.003, LS=True
2026-01-14 16:20:11,718 - DSN - ERROR - Solver failed: not enough values to unpack (expected 3, got 2)
2026-01-14 16:20:11,718 - DSN - INFO - Initialized DSN_thorough | preset=thorough | GPU=True
2026-01-14 16:20:11,718 - DSN - INFO - Params: η=0.003, T=500, init=degree, LS=True
2026-01-14 16:20:11,718 - DSN - INFO - Using GPU solver (CuPy)
2026-01-14 16:20:11,719 - DSN - INFO - DSN GPU Solver: n=1000, edges=9990
2026-01-14 16:20:11,719 - DSN - INFO - DSN GPU: T=500, η=0.003, LS=True
2026-01-14 16:20:11,729 - DSN - ERROR - Solver failed: not enough values to unpack (expected 3, got 2)
2026-01-14 16:20:11,729 - DSN - INFO - Initialized DSN_thorough | preset=thorough | GPU=True
2026-01-14 16:20:11,729 - DSN - INFO - Params: η=0.003, T=500, init=degree, LS=True
2026-01-14 16:20:11,729 - DSN - INFO - Using GPU solver (CuPy)
2026-01-14 16:20:11,730 - DSN - INFO - DSN GPU Solver: n=1000, edges=9990
2026-01-14 16:20:11,730 - DSN - INFO - DSN GPU: T=500, η=0.003, LS=True
2026-01-14 16:20:11,740 - DSN - ERROR - Solver failed: not enough values to unpack (expected 3, got 2)
2026-01-14 16:20:11,749 - DSN - INFO - Initialized DSN_thorough | preset=thorough | GPU=True
2026-01-14 16:20:11,749 - DSN - INFO - Params: η=0.003, T=500, init=degree, LS=True
2026-01-14 16:20:11,749 - DSN - INFO - Using GPU solver (CuPy)
2026-01-14 16:20:11,751 - DSN - INFO - DSN GPU Solver: n=3000, edges=6000
2026-01-14 16:20:11,751 - DSN - INFO - DSN GPU: T=500, η=0.003, LS=True
2026-01-14 16:20:11,787 - DSN - ERROR - Solver failed: not enough values to unpack (expected 3, got 2)
2026-01-14 16:20:11,787 - DSN - INFO - Initialized DSN_thorough | preset=thorough | GPU=True
2026-01-14 16:20:11,787 - DSN - INFO - Params: η=0.003, T=500, init=degree, LS=True
2026-01-14 16:20:11,787 - DSN - INFO - Using GPU solver (CuPy)
2026-01-14 16:20:11,788 - DSN - INFO - DSN GPU Solver: n=3000, edges=6000
2026-01-14 16:20:11,788 - DSN - INFO - DSN GPU: T=500, η=0.003, LS=True
2026-01-14 16:20:11,824 - DSN - ERROR - Solver failed: not enough values to unpack (expected 3, got 2)
2026-01-14 16:20:11,824 - DSN - INFO - Initialized DSN_thorough | preset=thorough | GPU=True
2026-01-14 16:20:11,824 - DSN - INFO - Params: η=0.003, T=500, init=degree, LS=True
2026-01-14 16:20:11,824 - DSN - INFO - Using GPU solver (CuPy)
2026-01-14 16:20:11,825 - DSN - INFO - DSN GPU Solver: n=3000, edges=6000
2026-01-14 16:20:11,825 - DSN - INFO - DSN GPU: T=500, η=0.003, LS=True
2026-01-14 16:20:11,852 - DSN - ERROR - Solver failed: not enough values to unpack (expected 3, got 2)
2026-01-14 16:20:11,852 - DSN - INFO - Initialized DSN_thorough | preset=thorough | GPU=True
2026-01-14 16:20:11,852 - DSN - INFO - Params: η=0.003, T=500, init=degree, LS=True
2026-01-14 16:20:11,852 - DSN - INFO - Using GPU solver (CuPy)
2026-01-14 16:20:11,854 - DSN - INFO - DSN GPU Solver: n=3000, edges=6000
2026-01-14 16:20:11,854 - DSN - INFO - DSN GPU: T=500, η=0.003, LS=True
2026-01-14 16:20:11,889 - DSN - ERROR - Solver failed: not enough values to unpack (expected 3, got 2)
2026-01-14 16:20:11,889 - DSN - INFO - Initialized DSN_thorough | preset=thorough | GPU=True
2026-01-14 16:20:11,889 - DSN - INFO - Params: η=0.003, T=500, init=degree, LS=True
2026-01-14 16:20:11,889 - DSN - INFO - Using GPU solver (CuPy)
2026-01-14 16:20:11,891 - DSN - INFO - DSN GPU Solver: n=3000, edges=6000
2026-01-14 16:20:11,891 - DSN - INFO - DSN GPU: T=500, η=0.003, LS=True
2026-01-14 16:20:11,926 - DSN - ERROR - Solver failed: not enough values to unpack (expected 3, got 2)
2026-01-14 16:20:11,926 - DSN - INFO - Initialized DSN_thorough | preset=thorough | GPU=True
2026-01-14 16:20:11,926 - DSN - INFO - Params: η=0.003, T=500, init=degree, LS=True
2026-01-14 16:20:11,926 - DSN - INFO - Using GPU solver (CuPy)
2026-01-14 16:20:11,927 - DSN - INFO - DSN GPU Solver: n=3000, edges=6000
2026-01-14 16:20:11,927 - DSN - INFO - DSN GPU: T=500, η=0.003, LS=True
2026-01-14 16:20:11,963 - DSN - ERROR - Solver failed: not enough values to unpack (expected 3, got 2)
2026-01-14 16:20:11,963 - DSN - INFO - Initialized DSN_thorough | preset=thorough | GPU=True
2026-01-14 16:20:11,963 - DSN - INFO - Params: η=0.003, T=500, init=degree, LS=True
2026-01-14 16:20:11,963 - DSN - INFO - Using GPU solver (CuPy)
2026-01-14 16:20:11,964 - DSN - INFO - DSN GPU Solver: n=3000, edges=6000
2026-01-14 16:20:11,964 - DSN - INFO - DSN GPU: T=500, η=0.003, LS=True
2026-01-14 16:20:12,000 - DSN - ERROR - Solver failed: not enough values to unpack (expected 3, got 2)
2026-01-14 16:20:12,000 - DSN - INFO - Initialized DSN_thorough | preset=thorough | GPU=True
2026-01-14 16:20:12,000 - DSN - INFO - Params: η=0.003, T=500, init=degree, LS=True
2026-01-14 16:20:12,000 - DSN - INFO - Using GPU solver (CuPy)
2026-01-14 16:20:12,001 - DSN - INFO - DSN GPU Solver: n=3000, edges=6000
2026-01-14 16:20:12,001 - DSN - INFO - DSN GPU: T=500, η=0.003, LS=True
2026-01-14 16:20:12,037 - DSN - ERROR - Solver failed: not enough values to unpack (expected 3, got 2)
2026-01-14 16:20:12,037 - DSN - INFO - Initialized DSN_thorough | preset=thorough | GPU=True
2026-01-14 16:20:12,037 - DSN - INFO - Params: η=0.003, T=500, init=degree, LS=True
2026-01-14 16:20:12,037 - DSN - INFO - Using GPU solver (CuPy)
2026-01-14 16:20:12,038 - DSN - INFO - DSN GPU Solver: n=3000, edges=6000
2026-01-14 16:20:12,038 - DSN - INFO - DSN GPU: T=500, η=0.003, LS=True
2026-01-14 16:20:12,073 - DSN - ERROR - Solver failed: not enough values to unpack (expected 3, got 2)
2026-01-14 16:20:12,073 - DSN - INFO - Initialized DSN_thorough | preset=thorough | GPU=True
2026-01-14 16:20:12,073 - DSN - INFO - Params: η=0.003, T=500, init=degree, LS=True
2026-01-14 16:20:12,073 - DSN - INFO - Using GPU solver (CuPy)
2026-01-14 16:20:12,075 - DSN - INFO - DSN GPU Solver: n=3000, edges=6000
2026-01-14 16:20:12,075 - DSN - INFO - DSN GPU: T=500, η=0.003, LS=True
2026-01-14 16:20:12,110 - DSN - ERROR - Solver failed: not enough values to unpack (expected 3, got 2)
2026-01-14 16:20:12,119 - DSN - INFO - Initialized DSN_thorough | preset=thorough | GPU=True
2026-01-14 16:20:12,119 - DSN - INFO - Params: η=0.003, T=500, init=degree, LS=True
2026-01-14 16:20:12,120 - DSN - INFO - Using GPU solver (CuPy)
2026-01-14 16:20:12,121 - DSN - INFO - DSN GPU Solver: n=3000, edges=6000
2026-01-14 16:20:12,121 - DSN - INFO - DSN GPU: T=500, η=0.003, LS=True
2026-01-14 16:20:12,165 - DSN - ERROR - Solver failed: not enough values to unpack (expected 3, got 2)
2026-01-14 16:20:12,165 - DSN - INFO - Initialized DSN_thorough | preset=thorough | GPU=True
2026-01-14 16:20:12,165 - DSN - INFO - Params: η=0.003, T=500, init=degree, LS=True
2026-01-14 16:20:12,165 - DSN - INFO - Using GPU solver (CuPy)
2026-01-14 16:20:12,166 - DSN - INFO - DSN GPU Solver: n=3000, edges=6000
2026-01-14 16:20:12,166 - DSN - INFO - DSN GPU: T=500, η=0.003, LS=True
2026-01-14 16:20:12,219 - DSN - ERROR - Solver failed: not enough values to unpack (expected 3, got 2)
2026-01-14 16:20:12,219 - DSN - INFO - Initialized DSN_thorough | preset=thorough | GPU=True
2026-01-14 16:20:12,219 - DSN - INFO - Params: η=0.003, T=500, init=degree, LS=True
2026-01-14 16:20:12,219 - DSN - INFO - Using GPU solver (CuPy)
2026-01-14 16:20:12,220 - DSN - INFO - DSN GPU Solver: n=3000, edges=6000
2026-01-14 16:20:12,220 - DSN - INFO - DSN GPU: T=500, η=0.003, LS=True
2026-01-14 16:20:12,255 - DSN - ERROR - Solver failed: not enough values to unpack (expected 3, got 2)
2026-01-14 16:20:12,256 - DSN - INFO - Initialized DSN_thorough | preset=thorough | GPU=True
2026-01-14 16:20:12,256 - DSN - INFO - Params: η=0.003, T=500, init=degree, LS=True
2026-01-14 16:20:12,256 - DSN - INFO - Using GPU solver (CuPy)
2026-01-14 16:20:12,257 - DSN - INFO - DSN GPU Solver: n=3000, edges=6000
2026-01-14 16:20:12,257 - DSN - INFO - DSN GPU: T=500, η=0.003, LS=True
2026-01-14 16:20:12,310 - DSN - ERROR - Solver failed: not enough values to unpack (expected 3, got 2)
2026-01-14 16:20:12,310 - DSN - INFO - Initialized DSN_thorough | preset=thorough | GPU=True
2026-01-14 16:20:12,310 - DSN - INFO - Params: η=0.003, T=500, init=degree, LS=True
2026-01-14 16:20:12,310 - DSN - INFO - Using GPU solver (CuPy)
2026-01-14 16:20:12,311 - DSN - INFO - DSN GPU Solver: n=3000, edges=6000
2026-01-14 16:20:12,311 - DSN - INFO - DSN GPU: T=500, η=0.003, LS=True
2026-01-14 16:20:12,356 - DSN - ERROR - Solver failed: not enough values to unpack (expected 3, got 2)
2026-01-14 16:20:12,356 - DSN - INFO - Initialized DSN_thorough | preset=thorough | GPU=True
2026-01-14 16:20:12,356 - DSN - INFO - Params: η=0.003, T=500, init=degree, LS=True
2026-01-14 16:20:12,356 - DSN - INFO - Using GPU solver (CuPy)
2026-01-14 16:20:12,357 - DSN - INFO - DSN GPU Solver: n=3000, edges=6000
2026-01-14 16:20:12,357 - DSN - INFO - DSN GPU: T=500, η=0.003, LS=True
2026-01-14 16:20:12,401 - DSN - ERROR - Solver failed: not enough values to unpack (expected 3, got 2)
2026-01-14 16:20:12,401 - DSN - INFO - Initialized DSN_thorough | preset=thorough | GPU=True
2026-01-14 16:20:12,401 - DSN - INFO - Params: η=0.003, T=500, init=degree, LS=True
2026-01-14 16:20:12,401 - DSN - INFO - Using GPU solver (CuPy)
2026-01-14 16:20:12,402 - DSN - INFO - DSN GPU Solver: n=3000, edges=6000
2026-01-14 16:20:12,403 - DSN - INFO - DSN GPU: T=500, η=0.003, LS=True
2026-01-14 16:20:12,455 - DSN - ERROR - Solver failed: not enough values to unpack (expected 3, got 2)
2026-01-14 16:20:12,455 - DSN - INFO - Initialized DSN_thorough | preset=thorough | GPU=True
2026-01-14 16:20:12,455 - DSN - INFO - Params: η=0.003, T=500, init=degree, LS=True
2026-01-14 16:20:12,455 - DSN - INFO - Using GPU solver (CuPy)
2026-01-14 16:20:12,456 - DSN - INFO - DSN GPU Solver: n=3000, edges=6000
2026-01-14 16:20:12,456 - DSN - INFO - DSN GPU: T=500, η=0.003, LS=True
2026-01-14 16:20:12,501 - DSN - ERROR - Solver failed: not enough values to unpack (expected 3, got 2)
2026-01-14 16:20:12,501 - DSN - INFO - Initialized DSN_thorough | preset=thorough | GPU=True
2026-01-14 16:20:12,501 - DSN - INFO - Params: η=0.003, T=500, init=degree, LS=True
2026-01-14 16:20:12,501 - DSN - INFO - Using GPU solver (CuPy)
2026-01-14 16:20:12,502 - DSN - INFO - DSN GPU Solver: n=3000, edges=6000
2026-01-14 16:20:12,502 - DSN - INFO - DSN GPU: T=500, η=0.003, LS=True
2026-01-14 16:20:12,547 - DSN - ERROR - Solver failed: not enough values to unpack (expected 3, got 2)
2026-01-14 16:20:12,547 - DSN - INFO - Initialized DSN_thorough | preset=thorough | GPU=True
2026-01-14 16:20:12,547 - DSN - INFO - Params: η=0.003, T=500, init=degree, LS=True
2026-01-14 16:20:12,547 - DSN - INFO - Using GPU solver (CuPy)
2026-01-14 16:20:12,548 - DSN - INFO - DSN GPU Solver: n=3000, edges=6000
2026-01-14 16:20:12,548 - DSN - INFO - DSN GPU: T=500, η=0.003, LS=True
2026-01-14 16:20:12,601 - DSN - ERROR - Solver failed: not enough values to unpack (expected 3, got 2)
2026-01-14 16:20:12,637 - DSN - INFO - Initialized DSN_thorough | preset=thorough | GPU=True
2026-01-14 16:20:12,637 - DSN - INFO - Params: η=0.003, T=500, init=degree, LS=True
2026-01-14 16:20:12,637 - DSN - INFO - Using GPU solver (CuPy)
2026-01-14 16:20:12,639 - DSN - INFO - DSN GPU Solver: n=800, edges=19176
2026-01-14 16:20:12,639 - DSN - INFO - DSN GPU: T=500, η=0.003, LS=True
2026-01-14 16:20:12,649 - DSN - ERROR - Solver failed: not enough values to unpack (expected 3, got 2)
2026-01-14 16:20:12,649 - DSN - INFO - Initialized DSN_thorough | preset=thorough | GPU=True
2026-01-14 16:20:12,649 - DSN - INFO - Params: η=0.003, T=500, init=degree, LS=True
2026-01-14 16:20:12,649 - DSN - INFO - Using GPU solver (CuPy)
2026-01-14 16:20:12,651 - DSN - INFO - DSN GPU Solver: n=800, edges=19176
2026-01-14 16:20:12,651 - DSN - INFO - DSN GPU: T=500, η=0.003, LS=True
2026-01-14 16:20:12,661 - DSN - ERROR - Solver failed: not enough values to unpack (expected 3, got 2)
2026-01-14 16:20:12,661 - DSN - INFO - Initialized DSN_thorough | preset=thorough | GPU=True
2026-01-14 16:20:12,661 - DSN - INFO - Params: η=0.003, T=500, init=degree, LS=True
2026-01-14 16:20:12,661 - DSN - INFO - Using GPU solver (CuPy)
2026-01-14 16:20:12,663 - DSN - INFO - DSN GPU Solver: n=800, edges=19176
2026-01-14 16:20:12,663 - DSN - INFO - DSN GPU: T=500, η=0.003, LS=True
2026-01-14 16:20:12,673 - DSN - ERROR - Solver failed: not enough values to unpack (expected 3, got 2)
2026-01-14 16:20:12,673 - DSN - INFO - Initialized DSN_thorough | preset=thorough | GPU=True
2026-01-14 16:20:12,673 - DSN - INFO - Params: η=0.003, T=500, init=degree, LS=True
2026-01-14 16:20:12,673 - DSN - INFO - Using GPU solver (CuPy)
2026-01-14 16:20:12,675 - DSN - INFO - DSN GPU Solver: n=800, edges=19176
2026-01-14 16:20:12,675 - DSN - INFO - DSN GPU: T=500, η=0.003, LS=True
2026-01-14 16:20:12,685 - DSN - ERROR - Solver failed: not enough values to unpack (expected 3, got 2)
2026-01-14 16:20:12,685 - DSN - INFO - Initialized DSN_thorough | preset=thorough | GPU=True
2026-01-14 16:20:12,685 - DSN - INFO - Params: η=0.003, T=500, init=degree, LS=True
2026-01-14 16:20:12,685 - DSN - INFO - Using GPU solver (CuPy)
2026-01-14 16:20:12,687 - DSN - INFO - DSN GPU Solver: n=800, edges=19176
2026-01-14 16:20:12,687 - DSN - INFO - DSN GPU: T=500, η=0.003, LS=True
2026-01-14 16:20:12,697 - DSN - ERROR - Solver failed: not enough values to unpack (expected 3, got 2)
2026-01-14 16:20:12,697 - DSN - INFO - Initialized DSN_thorough | preset=thorough | GPU=True
2026-01-14 16:20:12,697 - DSN - INFO - Params: η=0.003, T=500, init=degree, LS=True
2026-01-14 16:20:12,697 - DSN - INFO - Using GPU solver (CuPy)
2026-01-14 16:20:12,699 - DSN - INFO - DSN GPU Solver: n=800, edges=19176
2026-01-14 16:20:12,699 - DSN - INFO - DSN GPU: T=500, η=0.003, LS=True
2026-01-14 16:20:12,709 - DSN - ERROR - Solver failed: not enough values to unpack (expected 3, got 2)
2026-01-14 16:20:12,709 - DSN - INFO - Initialized DSN_thorough | preset=thorough | GPU=True
2026-01-14 16:20:12,709 - DSN - INFO - Params: η=0.003, T=500, init=degree, LS=True
2026-01-14 16:20:12,709 - DSN - INFO - Using GPU solver (CuPy)
2026-01-14 16:20:12,711 - DSN - INFO - DSN GPU Solver: n=800, edges=19176
2026-01-14 16:20:12,711 - DSN - INFO - DSN GPU: T=500, η=0.003, LS=True
2026-01-14 16:20:12,721 - DSN - ERROR - Solver failed: not enough values to unpack (expected 3, got 2)
2026-01-14 16:20:12,721 - DSN - INFO - Initialized DSN_thorough | preset=thorough | GPU=True
2026-01-14 16:20:12,721 - DSN - INFO - Params: η=0.003, T=500, init=degree, LS=True
2026-01-14 16:20:12,721 - DSN - INFO - Using GPU solver (CuPy)
2026-01-14 16:20:12,723 - DSN - INFO - DSN GPU Solver: n=800, edges=19176
2026-01-14 16:20:12,723 - DSN - INFO - DSN GPU: T=500, η=0.003, LS=True
2026-01-14 16:20:12,733 - DSN - ERROR - Solver failed: not enough values to unpack (expected 3, got 2)
2026-01-14 16:20:12,733 - DSN - INFO - Initialized DSN_thorough | preset=thorough | GPU=True
2026-01-14 16:20:12,733 - DSN - INFO - Params: η=0.003, T=500, init=degree, LS=True
2026-01-14 16:20:12,733 - DSN - INFO - Using GPU solver (CuPy)
2026-01-14 16:20:12,735 - DSN - INFO - DSN GPU Solver: n=800, edges=19176
2026-01-14 16:20:12,735 - DSN - INFO - DSN GPU: T=500, η=0.003, LS=True
2026-01-14 16:20:12,745 - DSN - ERROR - Solver failed: not enough values to unpack (expected 3, got 2)
2026-01-14 16:20:12,745 - DSN - INFO - Initialized DSN_thorough | preset=thorough | GPU=True
2026-01-14 16:20:12,745 - DSN - INFO - Params: η=0.003, T=500, init=degree, LS=True
2026-01-14 16:20:12,745 - DSN - INFO - Using GPU solver (CuPy)
2026-01-14 16:20:12,747 - DSN - INFO - DSN GPU Solver: n=800, edges=19176
2026-01-14 16:20:12,747 - DSN - INFO - DSN GPU: T=500, η=0.003, LS=True
2026-01-14 16:20:12,757 - DSN - ERROR - Solver failed: not enough values to unpack (expected 3, got 2)
2026-01-14 16:20:12,773 - DSN - INFO - Initialized DSN_thorough | preset=thorough | GPU=True
2026-01-14 16:20:12,773 - DSN - INFO - Params: η=0.003, T=500, init=degree, LS=True
2026-01-14 16:20:12,773 - DSN - INFO - Using GPU solver (CuPy)
2026-01-14 16:20:12,774 - DSN - INFO - DSN GPU Solver: n=3000, edges=6000
2026-01-14 16:20:12,774 - DSN - INFO - DSN GPU: T=500, η=0.003, LS=True
2026-01-14 16:20:12,818 - DSN - ERROR - Solver failed: not enough values to unpack (expected 3, got 2)
2026-01-14 16:20:12,818 - DSN - INFO - Initialized DSN_thorough | preset=thorough | GPU=True
2026-01-14 16:20:12,818 - DSN - INFO - Params: η=0.003, T=500, init=degree, LS=True
2026-01-14 16:20:12,818 - DSN - INFO - Using GPU solver (CuPy)
2026-01-14 16:20:12,819 - DSN - INFO - DSN GPU Solver: n=3000, edges=6000
2026-01-14 16:20:12,819 - DSN - INFO - DSN GPU: T=500, η=0.003, LS=True
2026-01-14 16:20:12,880 - DSN - ERROR - Solver failed: not enough values to unpack (expected 3, got 2)
2026-01-14 16:20:12,880 - DSN - INFO - Initialized DSN_thorough | preset=thorough | GPU=True
2026-01-14 16:20:12,880 - DSN - INFO - Params: η=0.003, T=500, init=degree, LS=True
2026-01-14 16:20:12,881 - DSN - INFO - Using GPU solver (CuPy)
2026-01-14 16:20:12,882 - DSN - INFO - DSN GPU Solver: n=3000, edges=6000
2026-01-14 16:20:12,882 - DSN - INFO - DSN GPU: T=500, η=0.003, LS=True
2026-01-14 16:20:12,942 - DSN - ERROR - Solver failed: not enough values to unpack (expected 3, got 2)
2026-01-14 16:20:12,942 - DSN - INFO - Initialized DSN_thorough | preset=thorough | GPU=True
2026-01-14 16:20:12,942 - DSN - INFO - Params: η=0.003, T=500, init=degree, LS=True
2026-01-14 16:20:12,942 - DSN - INFO - Using GPU solver (CuPy)
2026-01-14 16:20:12,944 - DSN - INFO - DSN GPU Solver: n=3000, edges=6000
2026-01-14 16:20:12,944 - DSN - INFO - DSN GPU: T=500, η=0.003, LS=True
2026-01-14 16:20:12,996 - DSN - ERROR - Solver failed: not enough values to unpack (expected 3, got 2)
2026-01-14 16:20:12,997 - DSN - INFO - Initialized DSN_thorough | preset=thorough | GPU=True
2026-01-14 16:20:12,997 - DSN - INFO - Params: η=0.003, T=500, init=degree, LS=True
2026-01-14 16:20:12,997 - DSN - INFO - Using GPU solver (CuPy)
2026-01-14 16:20:12,998 - DSN - INFO - DSN GPU Solver: n=3000, edges=6000
2026-01-14 16:20:12,998 - DSN - INFO - DSN GPU: T=500, η=0.003, LS=True
2026-01-14 16:20:13,059 - DSN - ERROR - Solver failed: not enough values to unpack (expected 3, got 2)
2026-01-14 16:20:13,059 - DSN - INFO - Initialized DSN_thorough | preset=thorough | GPU=True
2026-01-14 16:20:13,059 - DSN - INFO - Params: η=0.003, T=500, init=degree, LS=True
2026-01-14 16:20:13,059 - DSN - INFO - Using GPU solver (CuPy)
2026-01-14 16:20:13,060 - DSN - INFO - DSN GPU Solver: n=3000, edges=6000
2026-01-14 16:20:13,060 - DSN - INFO - DSN GPU: T=500, η=0.003, LS=True
2026-01-14 16:20:13,121 - DSN - ERROR - Solver failed: not enough values to unpack (expected 3, got 2)
2026-01-14 16:20:13,121 - DSN - INFO - Initialized DSN_thorough | preset=thorough | GPU=True
2026-01-14 16:20:13,121 - DSN - INFO - Params: η=0.003, T=500, init=degree, LS=True
2026-01-14 16:20:13,121 - DSN - INFO - Using GPU solver (CuPy)
2026-01-14 16:20:13,122 - DSN - INFO - DSN GPU Solver: n=3000, edges=6000
2026-01-14 16:20:13,122 - DSN - INFO - DSN GPU: T=500, η=0.003, LS=True
2026-01-14 16:20:13,174 - DSN - ERROR - Solver failed: not enough values to unpack (expected 3, got 2)
2026-01-14 16:20:13,174 - DSN - INFO - Initialized DSN_thorough | preset=thorough | GPU=True
2026-01-14 16:20:13,174 - DSN - INFO - Params: η=0.003, T=500, init=degree, LS=True
2026-01-14 16:20:13,174 - DSN - INFO - Using GPU solver (CuPy)
2026-01-14 16:20:13,175 - DSN - INFO - DSN GPU Solver: n=3000, edges=6000
2026-01-14 16:20:13,175 - DSN - INFO - DSN GPU: T=500, η=0.003, LS=True
2026-01-14 16:20:13,228 - DSN - ERROR - Solver failed: not enough values to unpack (expected 3, got 2)
2026-01-14 16:20:13,228 - DSN - INFO - Initialized DSN_thorough | preset=thorough | GPU=True
2026-01-14 16:20:13,228 - DSN - INFO - Params: η=0.003, T=500, init=degree, LS=True
2026-01-14 16:20:13,228 - DSN - INFO - Using GPU solver (CuPy)
2026-01-14 16:20:13,229 - DSN - INFO - DSN GPU Solver: n=3000, edges=6000
2026-01-14 16:20:13,229 - DSN - INFO - DSN GPU: T=500, η=0.003, LS=True
2026-01-14 16:20:13,282 - DSN - ERROR - Solver failed: not enough values to unpack (expected 3, got 2)
2026-01-14 16:20:13,282 - DSN - INFO - Initialized DSN_thorough | preset=thorough | GPU=True
2026-01-14 16:20:13,282 - DSN - INFO - Params: η=0.003, T=500, init=degree, LS=True
2026-01-14 16:20:13,282 - DSN - INFO - Using GPU solver (CuPy)
2026-01-14 16:20:13,283 - DSN - INFO - DSN GPU Solver: n=3000, edges=6000
2026-01-14 16:20:13,283 - DSN - INFO - DSN GPU: T=500, η=0.003, LS=True
2026-01-14 16:20:13,319 - DSN - ERROR - Solver failed: not enough values to unpack (expected 3, got 2)
2026-01-14 16:20:13,328 - DSN - INFO - Initialized DSN_thorough | preset=thorough | GPU=True
2026-01-14 16:20:13,328 - DSN - INFO - Params: η=0.003, T=500, init=degree, LS=True
2026-01-14 16:20:13,328 - DSN - INFO - Using GPU solver (CuPy)
2026-01-14 16:20:13,329 - DSN - INFO - DSN GPU Solver: n=1000, edges=5909
2026-01-14 16:20:13,329 - DSN - INFO - DSN GPU: T=500, η=0.003, LS=True
2026-01-14 16:20:13,339 - DSN - ERROR - Solver failed: not enough values to unpack (expected 3, got 2)
2026-01-14 16:20:13,339 - DSN - INFO - Initialized DSN_thorough | preset=thorough | GPU=True
2026-01-14 16:20:13,339 - DSN - INFO - Params: η=0.003, T=500, init=degree, LS=True
2026-01-14 16:20:13,339 - DSN - INFO - Using GPU solver (CuPy)
2026-01-14 16:20:13,340 - DSN - INFO - DSN GPU Solver: n=1000, edges=5909
2026-01-14 16:20:13,340 - DSN - INFO - DSN GPU: T=500, η=0.003, LS=True
2026-01-14 16:20:13,350 - DSN - ERROR - Solver failed: not enough values to unpack (expected 3, got 2)
2026-01-14 16:20:13,350 - DSN - INFO - Initialized DSN_thorough | preset=thorough | GPU=True
2026-01-14 16:20:13,350 - DSN - INFO - Params: η=0.003, T=500, init=degree, LS=True
2026-01-14 16:20:13,350 - DSN - INFO - Using GPU solver (CuPy)
2026-01-14 16:20:13,351 - DSN - INFO - DSN GPU Solver: n=1000, edges=5909
2026-01-14 16:20:13,351 - DSN - INFO - DSN GPU: T=500, η=0.003, LS=True
2026-01-14 16:20:13,361 - DSN - ERROR - Solver failed: not enough values to unpack (expected 3, got 2)
2026-01-14 16:20:13,361 - DSN - INFO - Initialized DSN_thorough | preset=thorough | GPU=True
2026-01-14 16:20:13,361 - DSN - INFO - Params: η=0.003, T=500, init=degree, LS=True
2026-01-14 16:20:13,361 - DSN - INFO - Using GPU solver (CuPy)
2026-01-14 16:20:13,362 - DSN - INFO - DSN GPU Solver: n=1000, edges=5909
2026-01-14 16:20:13,362 - DSN - INFO - DSN GPU: T=500, η=0.003, LS=True
2026-01-14 16:20:13,372 - DSN - ERROR - Solver failed: not enough values to unpack (expected 3, got 2)
2026-01-14 16:20:13,372 - DSN - INFO - Initialized DSN_thorough | preset=thorough | GPU=True
2026-01-14 16:20:13,372 - DSN - INFO - Params: η=0.003, T=500, init=degree, LS=True
2026-01-14 16:20:13,372 - DSN - INFO - Using GPU solver (CuPy)
2026-01-14 16:20:13,373 - DSN - INFO - DSN GPU Solver: n=1000, edges=5909
2026-01-14 16:20:13,373 - DSN - INFO - DSN GPU: T=500, η=0.003, LS=True
2026-01-14 16:20:13,383 - DSN - ERROR - Solver failed: not enough values to unpack (expected 3, got 2)
2026-01-14 16:20:13,383 - DSN - INFO - Initialized DSN_thorough | preset=thorough | GPU=True
2026-01-14 16:20:13,383 - DSN - INFO - Params: η=0.003, T=500, init=degree, LS=True
2026-01-14 16:20:13,383 - DSN - INFO - Using GPU solver (CuPy)
2026-01-14 16:20:13,384 - DSN - INFO - DSN GPU Solver: n=1000, edges=5909
2026-01-14 16:20:13,384 - DSN - INFO - DSN GPU: T=500, η=0.003, LS=True
2026-01-14 16:20:13,394 - DSN - ERROR - Solver failed: not enough values to unpack (expected 3, got 2)
2026-01-14 16:20:13,394 - DSN - INFO - Initialized DSN_thorough | preset=thorough | GPU=True
2026-01-14 16:20:13,394 - DSN - INFO - Params: η=0.003, T=500, init=degree, LS=True
2026-01-14 16:20:13,394 - DSN - INFO - Using GPU solver (CuPy)
2026-01-14 16:20:13,395 - DSN - INFO - DSN GPU Solver: n=1000, edges=5909
2026-01-14 16:20:13,395 - DSN - INFO - DSN GPU: T=500, η=0.003, LS=True
2026-01-14 16:20:13,405 - DSN - ERROR - Solver failed: not enough values to unpack (expected 3, got 2)
2026-01-14 16:20:13,405 - DSN - INFO - Initialized DSN_thorough | preset=thorough | GPU=True
2026-01-14 16:20:13,405 - DSN - INFO - Params: η=0.003, T=500, init=degree, LS=True
2026-01-14 16:20:13,405 - DSN - INFO - Using GPU solver (CuPy)
2026-01-14 16:20:13,406 - DSN - INFO - DSN GPU Solver: n=1000, edges=5909
2026-01-14 16:20:13,406 - DSN - INFO - DSN GPU: T=500, η=0.003, LS=True
2026-01-14 16:20:13,415 - DSN - ERROR - Solver failed: not enough values to unpack (expected 3, got 2)
2026-01-14 16:20:13,416 - DSN - INFO - Initialized DSN_thorough | preset=thorough | GPU=True
2026-01-14 16:20:13,416 - DSN - INFO - Params: η=0.003, T=500, init=degree, LS=True
2026-01-14 16:20:13,416 - DSN - INFO - Using GPU solver (CuPy)
2026-01-14 16:20:13,417 - DSN - INFO - DSN GPU Solver: n=1000, edges=5909
2026-01-14 16:20:13,417 - DSN - INFO - DSN GPU: T=500, η=0.003, LS=True
2026-01-14 16:20:13,426 - DSN - ERROR - Solver failed: not enough values to unpack (expected 3, got 2)
2026-01-14 16:20:13,427 - DSN - INFO - Initialized DSN_thorough | preset=thorough | GPU=True
2026-01-14 16:20:13,427 - DSN - INFO - Params: η=0.003, T=500, init=degree, LS=True
2026-01-14 16:20:13,427 - DSN - INFO - Using GPU solver (CuPy)
2026-01-14 16:20:13,428 - DSN - INFO - DSN GPU Solver: n=1000, edges=5909
2026-01-14 16:20:13,428 - DSN - INFO - DSN GPU: T=500, η=0.003, LS=True
2026-01-14 16:20:13,437 - DSN - ERROR - Solver failed: not enough values to unpack (expected 3, got 2)
2026-01-14 16:20:13,462 - DSN - INFO - Initialized DSN_thorough | preset=thorough | GPU=True
2026-01-14 16:20:13,463 - DSN - INFO - Params: η=0.003, T=500, init=degree, LS=True
2026-01-14 16:20:13,463 - DSN - INFO - Using GPU solver (CuPy)
2026-01-14 16:20:13,464 - DSN - INFO - DSN GPU Solver: n=1000, edges=5916
2026-01-14 16:20:13,464 - DSN - INFO - DSN GPU: T=500, η=0.003, LS=True
2026-01-14 16:20:13,473 - DSN - ERROR - Solver failed: not enough values to unpack (expected 3, got 2)
2026-01-14 16:20:13,474 - DSN - INFO - Initialized DSN_thorough | preset=thorough | GPU=True
2026-01-14 16:20:13,474 - DSN - INFO - Params: η=0.003, T=500, init=degree, LS=True
2026-01-14 16:20:13,474 - DSN - INFO - Using GPU solver (CuPy)
2026-01-14 16:20:13,475 - DSN - INFO - DSN GPU Solver: n=1000, edges=5916
2026-01-14 16:20:13,475 - DSN - INFO - DSN GPU: T=500, η=0.003, LS=True
2026-01-14 16:20:13,484 - DSN - ERROR - Solver failed: not enough values to unpack (expected 3, got 2)
2026-01-14 16:20:13,484 - DSN - INFO - Initialized DSN_thorough | preset=thorough | GPU=True
2026-01-14 16:20:13,485 - DSN - INFO - Params: η=0.003, T=500, init=degree, LS=True
2026-01-14 16:20:13,485 - DSN - INFO - Using GPU solver (CuPy)
2026-01-14 16:20:13,486 - DSN - INFO - DSN GPU Solver: n=1000, edges=5916
2026-01-14 16:20:13,486 - DSN - INFO - DSN GPU: T=500, η=0.003, LS=True
2026-01-14 16:20:13,495 - DSN - ERROR - Solver failed: not enough values to unpack (expected 3, got 2)
2026-01-14 16:20:13,496 - DSN - INFO - Initialized DSN_thorough | preset=thorough | GPU=True
2026-01-14 16:20:13,496 - DSN - INFO - Params: η=0.003, T=500, init=degree, LS=True
2026-01-14 16:20:13,496 - DSN - INFO - Using GPU solver (CuPy)
2026-01-14 16:20:13,497 - DSN - INFO - DSN GPU Solver: n=1000, edges=5916
2026-01-14 16:20:13,497 - DSN - INFO - DSN GPU: T=500, η=0.003, LS=True
2026-01-14 16:20:13,507 - DSN - ERROR - Solver failed: not enough values to unpack (expected 3, got 2)
2026-01-14 16:20:13,507 - DSN - INFO - Initialized DSN_thorough | preset=thorough | GPU=True
2026-01-14 16:20:13,507 - DSN - INFO - Params: η=0.003, T=500, init=degree, LS=True
2026-01-14 16:20:13,507 - DSN - INFO - Using GPU solver (CuPy)
2026-01-14 16:20:13,508 - DSN - INFO - DSN GPU Solver: n=1000, edges=5916
2026-01-14 16:20:13,508 - DSN - INFO - DSN GPU: T=500, η=0.003, LS=True
2026-01-14 16:20:13,518 - DSN - ERROR - Solver failed: not enough values to unpack (expected 3, got 2)
2026-01-14 16:20:13,518 - DSN - INFO - Initialized DSN_thorough | preset=thorough | GPU=True
2026-01-14 16:20:13,518 - DSN - INFO - Params: η=0.003, T=500, init=degree, LS=True
2026-01-14 16:20:13,518 - DSN - INFO - Using GPU solver (CuPy)
2026-01-14 16:20:13,519 - DSN - INFO - DSN GPU Solver: n=1000, edges=5916
2026-01-14 16:20:13,519 - DSN - INFO - DSN GPU: T=500, η=0.003, LS=True
2026-01-14 16:20:13,529 - DSN - ERROR - Solver failed: not enough values to unpack (expected 3, got 2)
2026-01-14 16:20:13,529 - DSN - INFO - Initialized DSN_thorough | preset=thorough | GPU=True
2026-01-14 16:20:13,529 - DSN - INFO - Params: η=0.003, T=500, init=degree, LS=True
2026-01-14 16:20:13,529 - DSN - INFO - Using GPU solver (CuPy)
2026-01-14 16:20:13,530 - DSN - INFO - DSN GPU Solver: n=1000, edges=5916
2026-01-14 16:20:13,530 - DSN - INFO - DSN GPU: T=500, η=0.003, LS=True
2026-01-14 16:20:13,540 - DSN - ERROR - Solver failed: not enough values to unpack (expected 3, got 2)
2026-01-14 16:20:13,540 - DSN - INFO - Initialized DSN_thorough | preset=thorough | GPU=True
2026-01-14 16:20:13,540 - DSN - INFO - Params: η=0.003, T=500, init=degree, LS=True
2026-01-14 16:20:13,540 - DSN - INFO - Using GPU solver (CuPy)
2026-01-14 16:20:13,541 - DSN - INFO - DSN GPU Solver: n=1000, edges=5916
2026-01-14 16:20:13,541 - DSN - INFO - DSN GPU: T=500, η=0.003, LS=True
2026-01-14 16:20:13,551 - DSN - ERROR - Solver failed: not enough values to unpack (expected 3, got 2)
2026-01-14 16:20:13,551 - DSN - INFO - Initialized DSN_thorough | preset=thorough | GPU=True
2026-01-14 16:20:13,551 - DSN - INFO - Params: η=0.003, T=500, init=degree, LS=True
2026-01-14 16:20:13,551 - DSN - INFO - Using GPU solver (CuPy)
2026-01-14 16:20:13,552 - DSN - INFO - DSN GPU Solver: n=1000, edges=5916
2026-01-14 16:20:13,552 - DSN - INFO - DSN GPU: T=500, η=0.003, LS=True
2026-01-14 16:20:13,561 - DSN - ERROR - Solver failed: not enough values to unpack (expected 3, got 2)
2026-01-14 16:20:13,562 - DSN - INFO - Initialized DSN_thorough | preset=thorough | GPU=True
2026-01-14 16:20:13,562 - DSN - INFO - Params: η=0.003, T=500, init=degree, LS=True
2026-01-14 16:20:13,562 - DSN - INFO - Using GPU solver (CuPy)
2026-01-14 16:20:13,563 - DSN - INFO - DSN GPU Solver: n=1000, edges=5916
2026-01-14 16:20:13,563 - DSN - INFO - DSN GPU: T=500, η=0.003, LS=True
2026-01-14 16:20:13,572 - DSN - ERROR - Solver failed: not enough values to unpack (expected 3, got 2)
2026-01-14 16:20:13,582 - DSN - INFO - Initialized DSN_thorough | preset=thorough | GPU=True
2026-01-14 16:20:13,582 - DSN - INFO - Params: η=0.003, T=500, init=degree, LS=True
2026-01-14 16:20:13,582 - DSN - INFO - Using GPU solver (CuPy)
2026-01-14 16:20:13,583 - DSN - INFO - DSN GPU Solver: n=1000, edges=5914
2026-01-14 16:20:13,583 - DSN - INFO - DSN GPU: T=500, η=0.003, LS=True
2026-01-14 16:20:13,592 - DSN - ERROR - Solver failed: not enough values to unpack (expected 3, got 2)
2026-01-14 16:20:13,592 - DSN - INFO - Initialized DSN_thorough | preset=thorough | GPU=True
2026-01-14 16:20:13,592 - DSN - INFO - Params: η=0.003, T=500, init=degree, LS=True
2026-01-14 16:20:13,592 - DSN - INFO - Using GPU solver (CuPy)
2026-01-14 16:20:13,594 - DSN - INFO - DSN GPU Solver: n=1000, edges=5914
2026-01-14 16:20:13,594 - DSN - INFO - DSN GPU: T=500, η=0.003, LS=True
2026-01-14 16:20:13,603 - DSN - ERROR - Solver failed: not enough values to unpack (expected 3, got 2)
2026-01-14 16:20:13,603 - DSN - INFO - Initialized DSN_thorough | preset=thorough | GPU=True
2026-01-14 16:20:13,603 - DSN - INFO - Params: η=0.003, T=500, init=degree, LS=True
2026-01-14 16:20:13,603 - DSN - INFO - Using GPU solver (CuPy)
2026-01-14 16:20:13,605 - DSN - INFO - DSN GPU Solver: n=1000, edges=5914
2026-01-14 16:20:13,605 - DSN - INFO - DSN GPU: T=500, η=0.003, LS=True
2026-01-14 16:20:13,614 - DSN - ERROR - Solver failed: not enough values to unpack (expected 3, got 2)
2026-01-14 16:20:13,614 - DSN - INFO - Initialized DSN_thorough | preset=thorough | GPU=True
2026-01-14 16:20:13,614 - DSN - INFO - Params: η=0.003, T=500, init=degree, LS=True
2026-01-14 16:20:13,614 - DSN - INFO - Using GPU solver (CuPy)
2026-01-14 16:20:13,615 - DSN - INFO - DSN GPU Solver: n=1000, edges=5914
2026-01-14 16:20:13,616 - DSN - INFO - DSN GPU: T=500, η=0.003, LS=True
2026-01-14 16:20:13,625 - DSN - ERROR - Solver failed: not enough values to unpack (expected 3, got 2)
2026-01-14 16:20:13,625 - DSN - INFO - Initialized DSN_thorough | preset=thorough | GPU=True
2026-01-14 16:20:13,625 - DSN - INFO - Params: η=0.003, T=500, init=degree, LS=True
2026-01-14 16:20:13,625 - DSN - INFO - Using GPU solver (CuPy)
2026-01-14 16:20:13,626 - DSN - INFO - DSN GPU Solver: n=1000, edges=5914
2026-01-14 16:20:13,626 - DSN - INFO - DSN GPU: T=500, η=0.003, LS=True
2026-01-14 16:20:13,636 - DSN - ERROR - Solver failed: not enough values to unpack (expected 3, got 2)
2026-01-14 16:20:13,636 - DSN - INFO - Initialized DSN_thorough | preset=thorough | GPU=True
2026-01-14 16:20:13,636 - DSN - INFO - Params: η=0.003, T=500, init=degree, LS=True
2026-01-14 16:20:13,636 - DSN - INFO - Using GPU solver (CuPy)
2026-01-14 16:20:13,637 - DSN - INFO - DSN GPU Solver: n=1000, edges=5914
2026-01-14 16:20:13,637 - DSN - INFO - DSN GPU: T=500, η=0.003, LS=True
2026-01-14 16:20:13,647 - DSN - ERROR - Solver failed: not enough values to unpack (expected 3, got 2)
2026-01-14 16:20:13,647 - DSN - INFO - Initialized DSN_thorough | preset=thorough | GPU=True
2026-01-14 16:20:13,647 - DSN - INFO - Params: η=0.003, T=500, init=degree, LS=True
2026-01-14 16:20:13,647 - DSN - INFO - Using GPU solver (CuPy)
2026-01-14 16:20:13,648 - DSN - INFO - DSN GPU Solver: n=1000, edges=5914
2026-01-14 16:20:13,648 - DSN - INFO - DSN GPU: T=500, η=0.003, LS=True
2026-01-14 16:20:13,658 - DSN - ERROR - Solver failed: not enough values to unpack (expected 3, got 2)
2026-01-14 16:20:13,658 - DSN - INFO - Initialized DSN_thorough | preset=thorough | GPU=True
2026-01-14 16:20:13,658 - DSN - INFO - Params: η=0.003, T=500, init=degree, LS=True
2026-01-14 16:20:13,658 - DSN - INFO - Using GPU solver (CuPy)
2026-01-14 16:20:13,659 - DSN - INFO - DSN GPU Solver: n=1000, edges=5914
2026-01-14 16:20:13,659 - DSN - INFO - DSN GPU: T=500, η=0.003, LS=True
2026-01-14 16:20:13,669 - DSN - ERROR - Solver failed: not enough values to unpack (expected 3, got 2)
2026-01-14 16:20:13,669 - DSN - INFO - Initialized DSN_thorough | preset=thorough | GPU=True
2026-01-14 16:20:13,669 - DSN - INFO - Params: η=0.003, T=500, init=degree, LS=True
2026-01-14 16:20:13,669 - DSN - INFO - Using GPU solver (CuPy)
2026-01-14 16:20:13,670 - DSN - INFO - DSN GPU Solver: n=1000, edges=5914
2026-01-14 16:20:13,670 - DSN - INFO - DSN GPU: T=500, η=0.003, LS=True
2026-01-14 16:20:13,680 - DSN - ERROR - Solver failed: not enough values to unpack (expected 3, got 2)
2026-01-14 16:20:13,680 - DSN - INFO - Initialized DSN_thorough | preset=thorough | GPU=True
2026-01-14 16:20:13,680 - DSN - INFO - Params: η=0.003, T=500, init=degree, LS=True
2026-01-14 16:20:13,680 - DSN - INFO - Using GPU solver (CuPy)
2026-01-14 16:20:13,681 - DSN - INFO - DSN GPU Solver: n=1000, edges=5914
2026-01-14 16:20:13,681 - DSN - INFO - DSN GPU: T=500, η=0.003, LS=True
2026-01-14 16:20:13,690 - DSN - ERROR - Solver failed: not enough values to unpack (expected 3, got 2)
2026-01-14 16:20:13,699 - DSN - INFO - Initialized DSN_thorough | preset=thorough | GPU=True
2026-01-14 16:20:13,699 - DSN - INFO - Params: η=0.003, T=500, init=degree, LS=True
2026-01-14 16:20:13,699 - DSN - INFO - Using GPU solver (CuPy)
2026-01-14 16:20:13,701 - DSN - INFO - DSN GPU Solver: n=1000, edges=5916
2026-01-14 16:20:13,701 - DSN - INFO - DSN GPU: T=500, η=0.003, LS=True
2026-01-14 16:20:13,710 - DSN - ERROR - Solver failed: not enough values to unpack (expected 3, got 2)
2026-01-14 16:20:13,710 - DSN - INFO - Initialized DSN_thorough | preset=thorough | GPU=True
2026-01-14 16:20:13,710 - DSN - INFO - Params: η=0.003, T=500, init=degree, LS=True
2026-01-14 16:20:13,710 - DSN - INFO - Using GPU solver (CuPy)
2026-01-14 16:20:13,711 - DSN - INFO - DSN GPU Solver: n=1000, edges=5916
2026-01-14 16:20:13,711 - DSN - INFO - DSN GPU: T=500, η=0.003, LS=True
2026-01-14 16:20:13,721 - DSN - ERROR - Solver failed: not enough values to unpack (expected 3, got 2)
2026-01-14 16:20:13,721 - DSN - INFO - Initialized DSN_thorough | preset=thorough | GPU=True
2026-01-14 16:20:13,721 - DSN - INFO - Params: η=0.003, T=500, init=degree, LS=True
2026-01-14 16:20:13,721 - DSN - INFO - Using GPU solver (CuPy)
2026-01-14 16:20:13,722 - DSN - INFO - DSN GPU Solver: n=1000, edges=5916
2026-01-14 16:20:13,722 - DSN - INFO - DSN GPU: T=500, η=0.003, LS=True
2026-01-14 16:20:13,732 - DSN - ERROR - Solver failed: not enough values to unpack (expected 3, got 2)
2026-01-14 16:20:13,732 - DSN - INFO - Initialized DSN_thorough | preset=thorough | GPU=True
2026-01-14 16:20:13,732 - DSN - INFO - Params: η=0.003, T=500, init=degree, LS=True
2026-01-14 16:20:13,732 - DSN - INFO - Using GPU solver (CuPy)
2026-01-14 16:20:13,733 - DSN - INFO - DSN GPU Solver: n=1000, edges=5916
2026-01-14 16:20:13,733 - DSN - INFO - DSN GPU: T=500, η=0.003, LS=True
2026-01-14 16:20:13,743 - DSN - ERROR - Solver failed: not enough values to unpack (expected 3, got 2)
2026-01-14 16:20:13,743 - DSN - INFO - Initialized DSN_thorough | preset=thorough | GPU=True
2026-01-14 16:20:13,743 - DSN - INFO - Params: η=0.003, T=500, init=degree, LS=True
2026-01-14 16:20:13,743 - DSN - INFO - Using GPU solver (CuPy)
2026-01-14 16:20:13,744 - DSN - INFO - DSN GPU Solver: n=1000, edges=5916
2026-01-14 16:20:13,744 - DSN - INFO - DSN GPU: T=500, η=0.003, LS=True
2026-01-14 16:20:13,754 - DSN - ERROR - Solver failed: not enough values to unpack (expected 3, got 2)
2026-01-14 16:20:13,754 - DSN - INFO - Initialized DSN_thorough | preset=thorough | GPU=True
2026-01-14 16:20:13,754 - DSN - INFO - Params: η=0.003, T=500, init=degree, LS=True
2026-01-14 16:20:13,754 - DSN - INFO - Using GPU solver (CuPy)
2026-01-14 16:20:13,755 - DSN - INFO - DSN GPU Solver: n=1000, edges=5916
2026-01-14 16:20:13,755 - DSN - INFO - DSN GPU: T=500, η=0.003, LS=True
2026-01-14 16:20:13,765 - DSN - ERROR - Solver failed: not enough values to unpack (expected 3, got 2)
2026-01-14 16:20:13,765 - DSN - INFO - Initialized DSN_thorough | preset=thorough | GPU=True
2026-01-14 16:20:13,765 - DSN - INFO - Params: η=0.003, T=500, init=degree, LS=True
2026-01-14 16:20:13,765 - DSN - INFO - Using GPU solver (CuPy)
2026-01-14 16:20:13,766 - DSN - INFO - DSN GPU Solver: n=1000, edges=5916
2026-01-14 16:20:13,766 - DSN - INFO - DSN GPU: T=500, η=0.003, LS=True
2026-01-14 16:20:13,776 - DSN - ERROR - Solver failed: not enough values to unpack (expected 3, got 2)
2026-01-14 16:20:13,776 - DSN - INFO - Initialized DSN_thorough | preset=thorough | GPU=True
2026-01-14 16:20:13,776 - DSN - INFO - Params: η=0.003, T=500, init=degree, LS=True
2026-01-14 16:20:13,776 - DSN - INFO - Using GPU solver (CuPy)
2026-01-14 16:20:13,777 - DSN - INFO - DSN GPU Solver: n=1000, edges=5916
2026-01-14 16:20:13,777 - DSN - INFO - DSN GPU: T=500, η=0.003, LS=True
2026-01-14 16:20:13,786 - DSN - ERROR - Solver failed: not enough values to unpack (expected 3, got 2)
2026-01-14 16:20:13,787 - DSN - INFO - Initialized DSN_thorough | preset=thorough | GPU=True
2026-01-14 16:20:13,787 - DSN - INFO - Params: η=0.003, T=500, init=degree, LS=True
2026-01-14 16:20:13,787 - DSN - INFO - Using GPU solver (CuPy)
2026-01-14 16:20:13,788 - DSN - INFO - DSN GPU Solver: n=1000, edges=5916
2026-01-14 16:20:13,788 - DSN - INFO - DSN GPU: T=500, η=0.003, LS=True
2026-01-14 16:20:13,798 - DSN - ERROR - Solver failed: not enough values to unpack (expected 3, got 2)
2026-01-14 16:20:13,798 - DSN - INFO - Initialized DSN_thorough | preset=thorough | GPU=True
2026-01-14 16:20:13,798 - DSN - INFO - Params: η=0.003, T=500, init=degree, LS=True
2026-01-14 16:20:13,798 - DSN - INFO - Using GPU solver (CuPy)
2026-01-14 16:20:13,799 - DSN - INFO - DSN GPU Solver: n=1000, edges=5916
2026-01-14 16:20:13,799 - DSN - INFO - DSN GPU: T=500, η=0.003, LS=True
2026-01-14 16:20:13,809 - DSN - ERROR - Solver failed: not enough values to unpack (expected 3, got 2)
2026-01-14 16:20:13,824 - DSN - INFO - Initialized DSN_thorough | preset=thorough | GPU=True
2026-01-14 16:20:13,824 - DSN - INFO - Params: η=0.003, T=500, init=degree, LS=True
2026-01-14 16:20:13,824 - DSN - INFO - Using GPU solver (CuPy)
2026-01-14 16:20:13,826 - DSN - INFO - DSN GPU Solver: n=5000, edges=10000
2026-01-14 16:20:13,826 - DSN - INFO - DSN GPU: T=500, η=0.003, LS=True
2026-01-14 16:20:13,887 - DSN - ERROR - Solver failed: not enough values to unpack (expected 3, got 2)
2026-01-14 16:20:13,887 - DSN - INFO - Initialized DSN_thorough | preset=thorough | GPU=True
2026-01-14 16:20:13,887 - DSN - INFO - Params: η=0.003, T=500, init=degree, LS=True
2026-01-14 16:20:13,887 - DSN - INFO - Using GPU solver (CuPy)
2026-01-14 16:20:13,889 - DSN - INFO - DSN GPU Solver: n=5000, edges=10000
2026-01-14 16:20:13,889 - DSN - INFO - DSN GPU: T=500, η=0.003, LS=True
2026-01-14 16:20:13,949 - DSN - ERROR - Solver failed: not enough values to unpack (expected 3, got 2)
2026-01-14 16:20:13,949 - DSN - INFO - Initialized DSN_thorough | preset=thorough | GPU=True
2026-01-14 16:20:13,949 - DSN - INFO - Params: η=0.003, T=500, init=degree, LS=True
2026-01-14 16:20:13,949 - DSN - INFO - Using GPU solver (CuPy)
2026-01-14 16:20:13,951 - DSN - INFO - DSN GPU Solver: n=5000, edges=10000
2026-01-14 16:20:13,951 - DSN - INFO - DSN GPU: T=500, η=0.003, LS=True
2026-01-14 16:20:14,011 - DSN - ERROR - Solver failed: not enough values to unpack (expected 3, got 2)
2026-01-14 16:20:14,012 - DSN - INFO - Initialized DSN_thorough | preset=thorough | GPU=True
2026-01-14 16:20:14,012 - DSN - INFO - Params: η=0.003, T=500, init=degree, LS=True
2026-01-14 16:20:14,012 - DSN - INFO - Using GPU solver (CuPy)
2026-01-14 16:20:14,013 - DSN - INFO - DSN GPU Solver: n=5000, edges=10000
2026-01-14 16:20:14,013 - DSN - INFO - DSN GPU: T=500, η=0.003, LS=True
2026-01-14 16:20:14,074 - DSN - ERROR - Solver failed: not enough values to unpack (expected 3, got 2)
2026-01-14 16:20:14,074 - DSN - INFO - Initialized DSN_thorough | preset=thorough | GPU=True
2026-01-14 16:20:14,074 - DSN - INFO - Params: η=0.003, T=500, init=degree, LS=True
2026-01-14 16:20:14,074 - DSN - INFO - Using GPU solver (CuPy)
2026-01-14 16:20:14,076 - DSN - INFO - DSN GPU Solver: n=5000, edges=10000
2026-01-14 16:20:14,076 - DSN - INFO - DSN GPU: T=500, η=0.003, LS=True
2026-01-14 16:20:14,136 - DSN - ERROR - Solver failed: not enough values to unpack (expected 3, got 2)
2026-01-14 16:20:14,136 - DSN - INFO - Initialized DSN_thorough | preset=thorough | GPU=True
2026-01-14 16:20:14,136 - DSN - INFO - Params: η=0.003, T=500, init=degree, LS=True
2026-01-14 16:20:14,136 - DSN - INFO - Using GPU solver (CuPy)
2026-01-14 16:20:14,138 - DSN - INFO - DSN GPU Solver: n=5000, edges=10000
2026-01-14 16:20:14,138 - DSN - INFO - DSN GPU: T=500, η=0.003, LS=True
2026-01-14 16:20:14,198 - DSN - ERROR - Solver failed: not enough values to unpack (expected 3, got 2)
2026-01-14 16:20:14,198 - DSN - INFO - Initialized DSN_thorough | preset=thorough | GPU=True
2026-01-14 16:20:14,198 - DSN - INFO - Params: η=0.003, T=500, init=degree, LS=True
2026-01-14 16:20:14,198 - DSN - INFO - Using GPU solver (CuPy)
2026-01-14 16:20:14,199 - DSN - INFO - DSN GPU Solver: n=5000, edges=10000
2026-01-14 16:20:14,200 - DSN - INFO - DSN GPU: T=500, η=0.003, LS=True
2026-01-14 16:20:14,260 - DSN - ERROR - Solver failed: not enough values to unpack (expected 3, got 2)
2026-01-14 16:20:14,260 - DSN - INFO - Initialized DSN_thorough | preset=thorough | GPU=True
2026-01-14 16:20:14,260 - DSN - INFO - Params: η=0.003, T=500, init=degree, LS=True
2026-01-14 16:20:14,260 - DSN - INFO - Using GPU solver (CuPy)
2026-01-14 16:20:14,262 - DSN - INFO - DSN GPU Solver: n=5000, edges=10000
2026-01-14 16:20:14,262 - DSN - INFO - DSN GPU: T=500, η=0.003, LS=True
2026-01-14 16:20:14,323 - DSN - ERROR - Solver failed: not enough values to unpack (expected 3, got 2)
2026-01-14 16:20:14,323 - DSN - INFO - Initialized DSN_thorough | preset=thorough | GPU=True
2026-01-14 16:20:14,323 - DSN - INFO - Params: η=0.003, T=500, init=degree, LS=True
2026-01-14 16:20:14,323 - DSN - INFO - Using GPU solver (CuPy)
2026-01-14 16:20:14,324 - DSN - INFO - DSN GPU Solver: n=5000, edges=10000
2026-01-14 16:20:14,324 - DSN - INFO - DSN GPU: T=500, η=0.003, LS=True
2026-01-14 16:20:14,385 - DSN - ERROR - Solver failed: not enough values to unpack (expected 3, got 2)
2026-01-14 16:20:14,385 - DSN - INFO - Initialized DSN_thorough | preset=thorough | GPU=True
2026-01-14 16:20:14,385 - DSN - INFO - Params: η=0.003, T=500, init=degree, LS=True
2026-01-14 16:20:14,385 - DSN - INFO - Using GPU solver (CuPy)
2026-01-14 16:20:14,386 - DSN - INFO - DSN GPU Solver: n=5000, edges=10000
2026-01-14 16:20:14,386 - DSN - INFO - DSN GPU: T=500, η=0.003, LS=True
2026-01-14 16:20:14,446 - DSN - ERROR - Solver failed: not enough values to unpack (expected 3, got 2)
2026-01-14 16:20:14,498 - DSN - INFO - Initialized DSN_thorough | preset=thorough | GPU=True
2026-01-14 16:20:14,498 - DSN - INFO - Params: η=0.003, T=500, init=degree, LS=True
2026-01-14 16:20:14,498 - DSN - INFO - Using GPU solver (CuPy)
2026-01-14 16:20:14,501 - DSN - INFO - DSN GPU Solver: n=5000, edges=29570
2026-01-14 16:20:14,501 - DSN - INFO - DSN GPU: T=500, η=0.003, LS=True
2026-01-14 16:20:14,511 - DSN - ERROR - Solver failed: not enough values to unpack (expected 3, got 2)
2026-01-14 16:20:14,511 - DSN - INFO - Initialized DSN_thorough | preset=thorough | GPU=True
2026-01-14 16:20:14,511 - DSN - INFO - Params: η=0.003, T=500, init=degree, LS=True
2026-01-14 16:20:14,511 - DSN - INFO - Using GPU solver (CuPy)
2026-01-14 16:20:14,515 - DSN - INFO - DSN GPU Solver: n=5000, edges=29570
2026-01-14 16:20:14,515 - DSN - INFO - DSN GPU: T=500, η=0.003, LS=True
2026-01-14 16:20:14,524 - DSN - ERROR - Solver failed: not enough values to unpack (expected 3, got 2)
2026-01-14 16:20:14,525 - DSN - INFO - Initialized DSN_thorough | preset=thorough | GPU=True
2026-01-14 16:20:14,525 - DSN - INFO - Params: η=0.003, T=500, init=degree, LS=True
2026-01-14 16:20:14,525 - DSN - INFO - Using GPU solver (CuPy)
2026-01-14 16:20:14,528 - DSN - INFO - DSN GPU Solver: n=5000, edges=29570
2026-01-14 16:20:14,528 - DSN - INFO - DSN GPU: T=500, η=0.003, LS=True
2026-01-14 16:20:14,537 - DSN - ERROR - Solver failed: not enough values to unpack (expected 3, got 2)
2026-01-14 16:20:14,537 - DSN - INFO - Initialized DSN_thorough | preset=thorough | GPU=True
2026-01-14 16:20:14,537 - DSN - INFO - Params: η=0.003, T=500, init=degree, LS=True
2026-01-14 16:20:14,537 - DSN - INFO - Using GPU solver (CuPy)
2026-01-14 16:20:14,540 - DSN - INFO - DSN GPU Solver: n=5000, edges=29570
2026-01-14 16:20:14,541 - DSN - INFO - DSN GPU: T=500, η=0.003, LS=True
2026-01-14 16:20:14,550 - DSN - ERROR - Solver failed: not enough values to unpack (expected 3, got 2)
2026-01-14 16:20:14,550 - DSN - INFO - Initialized DSN_thorough | preset=thorough | GPU=True
2026-01-14 16:20:14,550 - DSN - INFO - Params: η=0.003, T=500, init=degree, LS=True
2026-01-14 16:20:14,550 - DSN - INFO - Using GPU solver (CuPy)
2026-01-14 16:20:14,553 - DSN - INFO - DSN GPU Solver: n=5000, edges=29570
2026-01-14 16:20:14,553 - DSN - INFO - DSN GPU: T=500, η=0.003, LS=True
2026-01-14 16:20:14,563 - DSN - ERROR - Solver failed: not enough values to unpack (expected 3, got 2)
2026-01-14 16:20:14,563 - DSN - INFO - Initialized DSN_thorough | preset=thorough | GPU=True
2026-01-14 16:20:14,563 - DSN - INFO - Params: η=0.003, T=500, init=degree, LS=True
2026-01-14 16:20:14,563 - DSN - INFO - Using GPU solver (CuPy)
2026-01-14 16:20:14,566 - DSN - INFO - DSN GPU Solver: n=5000, edges=29570
2026-01-14 16:20:14,566 - DSN - INFO - DSN GPU: T=500, η=0.003, LS=True
2026-01-14 16:20:14,576 - DSN - ERROR - Solver failed: not enough values to unpack (expected 3, got 2)
2026-01-14 16:20:14,576 - DSN - INFO - Initialized DSN_thorough | preset=thorough | GPU=True
2026-01-14 16:20:14,576 - DSN - INFO - Params: η=0.003, T=500, init=degree, LS=True
2026-01-14 16:20:14,576 - DSN - INFO - Using GPU solver (CuPy)
2026-01-14 16:20:14,579 - DSN - INFO - DSN GPU Solver: n=5000, edges=29570
2026-01-14 16:20:14,579 - DSN - INFO - DSN GPU: T=500, η=0.003, LS=True
2026-01-14 16:20:14,589 - DSN - ERROR - Solver failed: not enough values to unpack (expected 3, got 2)
2026-01-14 16:20:14,589 - DSN - INFO - Initialized DSN_thorough | preset=thorough | GPU=True
2026-01-14 16:20:14,589 - DSN - INFO - Params: η=0.003, T=500, init=degree, LS=True
2026-01-14 16:20:14,589 - DSN - INFO - Using GPU solver (CuPy)
2026-01-14 16:20:14,592 - DSN - INFO - DSN GPU Solver: n=5000, edges=29570
2026-01-14 16:20:14,592 - DSN - INFO - DSN GPU: T=500, η=0.003, LS=True
2026-01-14 16:20:14,601 - DSN - ERROR - Solver failed: not enough values to unpack (expected 3, got 2)
2026-01-14 16:20:14,602 - DSN - INFO - Initialized DSN_thorough | preset=thorough | GPU=True
2026-01-14 16:20:14,602 - DSN - INFO - Params: η=0.003, T=500, init=degree, LS=True
2026-01-14 16:20:14,602 - DSN - INFO - Using GPU solver (CuPy)
2026-01-14 16:20:14,605 - DSN - INFO - DSN GPU Solver: n=5000, edges=29570
2026-01-14 16:20:14,605 - DSN - INFO - DSN GPU: T=500, η=0.003, LS=True
2026-01-14 16:20:14,614 - DSN - ERROR - Solver failed: not enough values to unpack (expected 3, got 2)
2026-01-14 16:20:14,614 - DSN - INFO - Initialized DSN_thorough | preset=thorough | GPU=True
2026-01-14 16:20:14,615 - DSN - INFO - Params: η=0.003, T=500, init=degree, LS=True
2026-01-14 16:20:14,615 - DSN - INFO - Using GPU solver (CuPy)
2026-01-14 16:20:14,618 - DSN - INFO - DSN GPU Solver: n=5000, edges=29570
2026-01-14 16:20:14,618 - DSN - INFO - DSN GPU: T=500, η=0.003, LS=True
2026-01-14 16:20:14,627 - DSN - ERROR - Solver failed: not enough values to unpack (expected 3, got 2)
2026-01-14 16:20:14,685 - DSN - INFO - Initialized DSN_thorough | preset=thorough | GPU=True
2026-01-14 16:20:14,685 - DSN - INFO - Params: η=0.003, T=500, init=degree, LS=True
2026-01-14 16:20:14,685 - DSN - INFO - Using GPU solver (CuPy)
2026-01-14 16:20:14,689 - DSN - INFO - DSN GPU Solver: n=5000, edges=29570
2026-01-14 16:20:14,689 - DSN - INFO - DSN GPU: T=500, η=0.003, LS=True
2026-01-14 16:20:14,699 - DSN - ERROR - Solver failed: not enough values to unpack (expected 3, got 2)
2026-01-14 16:20:14,699 - DSN - INFO - Initialized DSN_thorough | preset=thorough | GPU=True
2026-01-14 16:20:14,699 - DSN - INFO - Params: η=0.003, T=500, init=degree, LS=True
2026-01-14 16:20:14,699 - DSN - INFO - Using GPU solver (CuPy)
2026-01-14 16:20:14,702 - DSN - INFO - DSN GPU Solver: n=5000, edges=29570
2026-01-14 16:20:14,702 - DSN - INFO - DSN GPU: T=500, η=0.003, LS=True
2026-01-14 16:20:14,712 - DSN - ERROR - Solver failed: not enough values to unpack (expected 3, got 2)
2026-01-14 16:20:14,712 - DSN - INFO - Initialized DSN_thorough | preset=thorough | GPU=True
2026-01-14 16:20:14,712 - DSN - INFO - Params: η=0.003, T=500, init=degree, LS=True
2026-01-14 16:20:14,712 - DSN - INFO - Using GPU solver (CuPy)
2026-01-14 16:20:14,716 - DSN - INFO - DSN GPU Solver: n=5000, edges=29570
2026-01-14 16:20:14,716 - DSN - INFO - DSN GPU: T=500, η=0.003, LS=True
2026-01-14 16:20:14,725 - DSN - ERROR - Solver failed: not enough values to unpack (expected 3, got 2)
2026-01-14 16:20:14,725 - DSN - INFO - Initialized DSN_thorough | preset=thorough | GPU=True
2026-01-14 16:20:14,725 - DSN - INFO - Params: η=0.003, T=500, init=degree, LS=True
2026-01-14 16:20:14,725 - DSN - INFO - Using GPU solver (CuPy)
2026-01-14 16:20:14,729 - DSN - INFO - DSN GPU Solver: n=5000, edges=29570
2026-01-14 16:20:14,729 - DSN - INFO - DSN GPU: T=500, η=0.003, LS=True
2026-01-14 16:20:14,738 - DSN - ERROR - Solver failed: not enough values to unpack (expected 3, got 2)
2026-01-14 16:20:14,739 - DSN - INFO - Initialized DSN_thorough | preset=thorough | GPU=True
2026-01-14 16:20:14,739 - DSN - INFO - Params: η=0.003, T=500, init=degree, LS=True
2026-01-14 16:20:14,739 - DSN - INFO - Using GPU solver (CuPy)
2026-01-14 16:20:14,742 - DSN - INFO - DSN GPU Solver: n=5000, edges=29570
2026-01-14 16:20:14,742 - DSN - INFO - DSN GPU: T=500, η=0.003, LS=True
2026-01-14 16:20:14,752 - DSN - ERROR - Solver failed: not enough values to unpack (expected 3, got 2)
2026-01-14 16:20:14,752 - DSN - INFO - Initialized DSN_thorough | preset=thorough | GPU=True
2026-01-14 16:20:14,752 - DSN - INFO - Params: η=0.003, T=500, init=degree, LS=True
2026-01-14 16:20:14,752 - DSN - INFO - Using GPU solver (CuPy)
2026-01-14 16:20:14,755 - DSN - INFO - DSN GPU Solver: n=5000, edges=29570
2026-01-14 16:20:14,755 - DSN - INFO - DSN GPU: T=500, η=0.003, LS=True
2026-01-14 16:20:14,765 - DSN - ERROR - Solver failed: not enough values to unpack (expected 3, got 2)
2026-01-14 16:20:14,765 - DSN - INFO - Initialized DSN_thorough | preset=thorough | GPU=True
2026-01-14 16:20:14,765 - DSN - INFO - Params: η=0.003, T=500, init=degree, LS=True
2026-01-14 16:20:14,765 - DSN - INFO - Using GPU solver (CuPy)
2026-01-14 16:20:14,768 - DSN - INFO - DSN GPU Solver: n=5000, edges=29570
2026-01-14 16:20:14,768 - DSN - INFO - DSN GPU: T=500, η=0.003, LS=True
2026-01-14 16:20:14,778 - DSN - ERROR - Solver failed: not enough values to unpack (expected 3, got 2)
2026-01-14 16:20:14,778 - DSN - INFO - Initialized DSN_thorough | preset=thorough | GPU=True
2026-01-14 16:20:14,778 - DSN - INFO - Params: η=0.003, T=500, init=degree, LS=True
2026-01-14 16:20:14,778 - DSN - INFO - Using GPU solver (CuPy)
2026-01-14 16:20:14,781 - DSN - INFO - DSN GPU Solver: n=5000, edges=29570
2026-01-14 16:20:14,781 - DSN - INFO - DSN GPU: T=500, η=0.003, LS=True
2026-01-14 16:20:14,791 - DSN - ERROR - Solver failed: not enough values to unpack (expected 3, got 2)
2026-01-14 16:20:14,791 - DSN - INFO - Initialized DSN_thorough | preset=thorough | GPU=True
2026-01-14 16:20:14,791 - DSN - INFO - Params: η=0.003, T=500, init=degree, LS=True
2026-01-14 16:20:14,791 - DSN - INFO - Using GPU solver (CuPy)
2026-01-14 16:20:14,795 - DSN - INFO - DSN GPU Solver: n=5000, edges=29570
2026-01-14 16:20:14,795 - DSN - INFO - DSN GPU: T=500, η=0.003, LS=True
2026-01-14 16:20:14,804 - DSN - ERROR - Solver failed: not enough values to unpack (expected 3, got 2)
2026-01-14 16:20:14,804 - DSN - INFO - Initialized DSN_thorough | preset=thorough | GPU=True
2026-01-14 16:20:14,804 - DSN - INFO - Params: η=0.003, T=500, init=degree, LS=True
2026-01-14 16:20:14,804 - DSN - INFO - Using GPU solver (CuPy)
2026-01-14 16:20:14,808 - DSN - INFO - DSN GPU Solver: n=5000, edges=29570
2026-01-14 16:20:14,808 - DSN - INFO - DSN GPU: T=500, η=0.003, LS=True
2026-01-14 16:20:14,817 - DSN - ERROR - Solver failed: not enough values to unpack (expected 3, got 2)
2026-01-14 16:20:14,853 - DSN - INFO - Initialized DSN_thorough | preset=thorough | GPU=True
2026-01-14 16:20:14,853 - DSN - INFO - Params: η=0.003, T=500, init=degree, LS=True
2026-01-14 16:20:14,853 - DSN - INFO - Using GPU solver (CuPy)
2026-01-14 16:20:14,855 - DSN - INFO - DSN GPU Solver: n=800, edges=19176
2026-01-14 16:20:14,856 - DSN - INFO - DSN GPU: T=500, η=0.003, LS=True
2026-01-14 16:20:14,882 - DSN - ERROR - Solver failed: not enough values to unpack (expected 3, got 2)
2026-01-14 16:20:14,883 - DSN - INFO - Initialized DSN_thorough | preset=thorough | GPU=True
2026-01-14 16:20:14,883 - DSN - INFO - Params: η=0.003, T=500, init=degree, LS=True
2026-01-14 16:20:14,883 - DSN - INFO - Using GPU solver (CuPy)
2026-01-14 16:20:14,885 - DSN - INFO - DSN GPU Solver: n=800, edges=19176
2026-01-14 16:20:14,885 - DSN - INFO - DSN GPU: T=500, η=0.003, LS=True
2026-01-14 16:20:14,912 - DSN - ERROR - Solver failed: not enough values to unpack (expected 3, got 2)
2026-01-14 16:20:14,912 - DSN - INFO - Initialized DSN_thorough | preset=thorough | GPU=True
2026-01-14 16:20:14,912 - DSN - INFO - Params: η=0.003, T=500, init=degree, LS=True
2026-01-14 16:20:14,912 - DSN - INFO - Using GPU solver (CuPy)
2026-01-14 16:20:14,914 - DSN - INFO - DSN GPU Solver: n=800, edges=19176
2026-01-14 16:20:14,914 - DSN - INFO - DSN GPU: T=500, η=0.003, LS=True
2026-01-14 16:20:14,941 - DSN - ERROR - Solver failed: not enough values to unpack (expected 3, got 2)
2026-01-14 16:20:14,941 - DSN - INFO - Initialized DSN_thorough | preset=thorough | GPU=True
2026-01-14 16:20:14,941 - DSN - INFO - Params: η=0.003, T=500, init=degree, LS=True
2026-01-14 16:20:14,941 - DSN - INFO - Using GPU solver (CuPy)
2026-01-14 16:20:14,944 - DSN - INFO - DSN GPU Solver: n=800, edges=19176
2026-01-14 16:20:14,944 - DSN - INFO - DSN GPU: T=500, η=0.003, LS=True
2026-01-14 16:20:14,971 - DSN - ERROR - Solver failed: not enough values to unpack (expected 3, got 2)
2026-01-14 16:20:14,971 - DSN - INFO - Initialized DSN_thorough | preset=thorough | GPU=True
2026-01-14 16:20:14,971 - DSN - INFO - Params: η=0.003, T=500, init=degree, LS=True
2026-01-14 16:20:14,971 - DSN - INFO - Using GPU solver (CuPy)
2026-01-14 16:20:14,973 - DSN - INFO - DSN GPU Solver: n=800, edges=19176
2026-01-14 16:20:14,973 - DSN - INFO - DSN GPU: T=500, η=0.003, LS=True
2026-01-14 16:20:15,000 - DSN - ERROR - Solver failed: not enough values to unpack (expected 3, got 2)
2026-01-14 16:20:15,001 - DSN - INFO - Initialized DSN_thorough | preset=thorough | GPU=True
2026-01-14 16:20:15,001 - DSN - INFO - Params: η=0.003, T=500, init=degree, LS=True
2026-01-14 16:20:15,001 - DSN - INFO - Using GPU solver (CuPy)
2026-01-14 16:20:15,003 - DSN - INFO - DSN GPU Solver: n=800, edges=19176
2026-01-14 16:20:15,003 - DSN - INFO - DSN GPU: T=500, η=0.003, LS=True
2026-01-14 16:20:15,030 - DSN - ERROR - Solver failed: not enough values to unpack (expected 3, got 2)
2026-01-14 16:20:15,030 - DSN - INFO - Initialized DSN_thorough | preset=thorough | GPU=True
2026-01-14 16:20:15,030 - DSN - INFO - Params: η=0.003, T=500, init=degree, LS=True
2026-01-14 16:20:15,030 - DSN - INFO - Using GPU solver (CuPy)
2026-01-14 16:20:15,032 - DSN - INFO - DSN GPU Solver: n=800, edges=19176
2026-01-14 16:20:15,033 - DSN - INFO - DSN GPU: T=500, η=0.003, LS=True
2026-01-14 16:20:15,059 - DSN - ERROR - Solver failed: not enough values to unpack (expected 3, got 2)
2026-01-14 16:20:15,059 - DSN - INFO - Initialized DSN_thorough | preset=thorough | GPU=True
2026-01-14 16:20:15,060 - DSN - INFO - Params: η=0.003, T=500, init=degree, LS=True
2026-01-14 16:20:15,060 - DSN - INFO - Using GPU solver (CuPy)
2026-01-14 16:20:15,062 - DSN - INFO - DSN GPU Solver: n=800, edges=19176
2026-01-14 16:20:15,062 - DSN - INFO - DSN GPU: T=500, η=0.003, LS=True
2026-01-14 16:20:15,089 - DSN - ERROR - Solver failed: not enough values to unpack (expected 3, got 2)
2026-01-14 16:20:15,089 - DSN - INFO - Initialized DSN_thorough | preset=thorough | GPU=True
2026-01-14 16:20:15,089 - DSN - INFO - Params: η=0.003, T=500, init=degree, LS=True
2026-01-14 16:20:15,089 - DSN - INFO - Using GPU solver (CuPy)
2026-01-14 16:20:15,091 - DSN - INFO - DSN GPU Solver: n=800, edges=19176
2026-01-14 16:20:15,091 - DSN - INFO - DSN GPU: T=500, η=0.003, LS=True
2026-01-14 16:20:15,118 - DSN - ERROR - Solver failed: not enough values to unpack (expected 3, got 2)
2026-01-14 16:20:15,118 - DSN - INFO - Initialized DSN_thorough | preset=thorough | GPU=True
2026-01-14 16:20:15,118 - DSN - INFO - Params: η=0.003, T=500, init=degree, LS=True
2026-01-14 16:20:15,118 - DSN - INFO - Using GPU solver (CuPy)
2026-01-14 16:20:15,121 - DSN - INFO - DSN GPU Solver: n=800, edges=19176
2026-01-14 16:20:15,121 - DSN - INFO - DSN GPU: T=500, η=0.003, LS=True
2026-01-14 16:20:15,147 - DSN - ERROR - Solver failed: not enough values to unpack (expected 3, got 2)
2026-01-14 16:20:15,178 - DSN - INFO - Initialized DSN_thorough | preset=thorough | GPU=True
2026-01-14 16:20:15,178 - DSN - INFO - Params: η=0.003, T=500, init=degree, LS=True
2026-01-14 16:20:15,178 - DSN - INFO - Using GPU solver (CuPy)
2026-01-14 16:20:15,180 - DSN - INFO - DSN GPU Solver: n=7000, edges=14000
2026-01-14 16:20:15,180 - DSN - INFO - DSN GPU: T=500, η=0.003, LS=True
2026-01-14 16:20:15,225 - DSN - ERROR - Solver failed: not enough values to unpack (expected 3, got 2)
2026-01-14 16:20:15,225 - DSN - INFO - Initialized DSN_thorough | preset=thorough | GPU=True
2026-01-14 16:20:15,225 - DSN - INFO - Params: η=0.003, T=500, init=degree, LS=True
2026-01-14 16:20:15,225 - DSN - INFO - Using GPU solver (CuPy)
2026-01-14 16:20:15,227 - DSN - INFO - DSN GPU Solver: n=7000, edges=14000
2026-01-14 16:20:15,227 - DSN - INFO - DSN GPU: T=500, η=0.003, LS=True
2026-01-14 16:20:15,270 - DSN - ERROR - Solver failed: not enough values to unpack (expected 3, got 2)
2026-01-14 16:20:15,270 - DSN - INFO - Initialized DSN_thorough | preset=thorough | GPU=True
2026-01-14 16:20:15,270 - DSN - INFO - Params: η=0.003, T=500, init=degree, LS=True
2026-01-14 16:20:15,270 - DSN - INFO - Using GPU solver (CuPy)
2026-01-14 16:20:15,272 - DSN - INFO - DSN GPU Solver: n=7000, edges=14000
2026-01-14 16:20:15,272 - DSN - INFO - DSN GPU: T=500, η=0.003, LS=True
2026-01-14 16:20:15,307 - DSN - ERROR - Solver failed: not enough values to unpack (expected 3, got 2)
2026-01-14 16:20:15,308 - DSN - INFO - Initialized DSN_thorough | preset=thorough | GPU=True
2026-01-14 16:20:15,308 - DSN - INFO - Params: η=0.003, T=500, init=degree, LS=True
2026-01-14 16:20:15,308 - DSN - INFO - Using GPU solver (CuPy)
2026-01-14 16:20:15,309 - DSN - INFO - DSN GPU Solver: n=7000, edges=14000
2026-01-14 16:20:15,309 - DSN - INFO - DSN GPU: T=500, η=0.003, LS=True
2026-01-14 16:20:15,353 - DSN - ERROR - Solver failed: not enough values to unpack (expected 3, got 2)
2026-01-14 16:20:15,353 - DSN - INFO - Initialized DSN_thorough | preset=thorough | GPU=True
2026-01-14 16:20:15,354 - DSN - INFO - Params: η=0.003, T=500, init=degree, LS=True
2026-01-14 16:20:15,354 - DSN - INFO - Using GPU solver (CuPy)
2026-01-14 16:20:15,355 - DSN - INFO - DSN GPU Solver: n=7000, edges=14000
2026-01-14 16:20:15,355 - DSN - INFO - DSN GPU: T=500, η=0.003, LS=True
2026-01-14 16:20:15,399 - DSN - ERROR - Solver failed: not enough values to unpack (expected 3, got 2)
2026-01-14 16:20:15,399 - DSN - INFO - Initialized DSN_thorough | preset=thorough | GPU=True
2026-01-14 16:20:15,399 - DSN - INFO - Params: η=0.003, T=500, init=degree, LS=True
2026-01-14 16:20:15,399 - DSN - INFO - Using GPU solver (CuPy)
2026-01-14 16:20:15,401 - DSN - INFO - DSN GPU Solver: n=7000, edges=14000
2026-01-14 16:20:15,401 - DSN - INFO - DSN GPU: T=500, η=0.003, LS=True
2026-01-14 16:20:15,444 - DSN - ERROR - Solver failed: not enough values to unpack (expected 3, got 2)
2026-01-14 16:20:15,444 - DSN - INFO - Initialized DSN_thorough | preset=thorough | GPU=True
2026-01-14 16:20:15,444 - DSN - INFO - Params: η=0.003, T=500, init=degree, LS=True
2026-01-14 16:20:15,444 - DSN - INFO - Using GPU solver (CuPy)
2026-01-14 16:20:15,446 - DSN - INFO - DSN GPU Solver: n=7000, edges=14000
2026-01-14 16:20:15,446 - DSN - INFO - DSN GPU: T=500, η=0.003, LS=True
2026-01-14 16:20:15,489 - DSN - ERROR - Solver failed: not enough values to unpack (expected 3, got 2)
2026-01-14 16:20:15,490 - DSN - INFO - Initialized DSN_thorough | preset=thorough | GPU=True
2026-01-14 16:20:15,490 - DSN - INFO - Params: η=0.003, T=500, init=degree, LS=True
2026-01-14 16:20:15,490 - DSN - INFO - Using GPU solver (CuPy)
2026-01-14 16:20:15,491 - DSN - INFO - DSN GPU Solver: n=7000, edges=14000
2026-01-14 16:20:15,491 - DSN - INFO - DSN GPU: T=500, η=0.003, LS=True
2026-01-14 16:20:15,536 - DSN - ERROR - Solver failed: not enough values to unpack (expected 3, got 2)
2026-01-14 16:20:15,536 - DSN - INFO - Initialized DSN_thorough | preset=thorough | GPU=True
2026-01-14 16:20:15,536 - DSN - INFO - Params: η=0.003, T=500, init=degree, LS=True
2026-01-14 16:20:15,536 - DSN - INFO - Using GPU solver (CuPy)
2026-01-14 16:20:15,538 - DSN - INFO - DSN GPU Solver: n=7000, edges=14000
2026-01-14 16:20:15,538 - DSN - INFO - DSN GPU: T=500, η=0.003, LS=True
2026-01-14 16:20:15,573 - DSN - ERROR - Solver failed: not enough values to unpack (expected 3, got 2)
2026-01-14 16:20:15,573 - DSN - INFO - Initialized DSN_thorough | preset=thorough | GPU=True
2026-01-14 16:20:15,573 - DSN - INFO - Params: η=0.003, T=500, init=degree, LS=True
2026-01-14 16:20:15,573 - DSN - INFO - Using GPU solver (CuPy)
2026-01-14 16:20:15,575 - DSN - INFO - DSN GPU Solver: n=7000, edges=14000
2026-01-14 16:20:15,575 - DSN - INFO - DSN GPU: T=500, η=0.003, LS=True
2026-01-14 16:20:15,618 - DSN - ERROR - Solver failed: not enough values to unpack (expected 3, got 2)
2026-01-14 16:20:15,698 - DSN - INFO - Initialized DSN_thorough | preset=thorough | GPU=True
2026-01-14 16:20:15,698 - DSN - INFO - Params: η=0.003, T=500, init=degree, LS=True
2026-01-14 16:20:15,698 - DSN - INFO - Using GPU solver (CuPy)
2026-01-14 16:20:15,702 - DSN - INFO - DSN GPU Solver: n=7000, edges=41459
2026-01-14 16:20:15,702 - DSN - INFO - DSN GPU: T=500, η=0.003, LS=True
2026-01-14 16:20:15,713 - DSN - ERROR - Solver failed: not enough values to unpack (expected 3, got 2)
2026-01-14 16:20:15,713 - DSN - INFO - Initialized DSN_thorough | preset=thorough | GPU=True
2026-01-14 16:20:15,713 - DSN - INFO - Params: η=0.003, T=500, init=degree, LS=True
2026-01-14 16:20:15,713 - DSN - INFO - Using GPU solver (CuPy)
2026-01-14 16:20:15,719 - DSN - INFO - DSN GPU Solver: n=7000, edges=41459
2026-01-14 16:20:15,719 - DSN - INFO - DSN GPU: T=500, η=0.003, LS=True
2026-01-14 16:20:15,728 - DSN - ERROR - Solver failed: not enough values to unpack (expected 3, got 2)
2026-01-14 16:20:15,728 - DSN - INFO - Initialized DSN_thorough | preset=thorough | GPU=True
2026-01-14 16:20:15,728 - DSN - INFO - Params: η=0.003, T=500, init=degree, LS=True
2026-01-14 16:20:15,728 - DSN - INFO - Using GPU solver (CuPy)
2026-01-14 16:20:15,733 - DSN - INFO - DSN GPU Solver: n=7000, edges=41459
2026-01-14 16:20:15,733 - DSN - INFO - DSN GPU: T=500, η=0.003, LS=True
2026-01-14 16:20:15,742 - DSN - ERROR - Solver failed: not enough values to unpack (expected 3, got 2)
2026-01-14 16:20:15,742 - DSN - INFO - Initialized DSN_thorough | preset=thorough | GPU=True
2026-01-14 16:20:15,742 - DSN - INFO - Params: η=0.003, T=500, init=degree, LS=True
2026-01-14 16:20:15,742 - DSN - INFO - Using GPU solver (CuPy)
2026-01-14 16:20:15,746 - DSN - INFO - DSN GPU Solver: n=7000, edges=41459
2026-01-14 16:20:15,746 - DSN - INFO - DSN GPU: T=500, η=0.003, LS=True
2026-01-14 16:20:15,756 - DSN - ERROR - Solver failed: not enough values to unpack (expected 3, got 2)
2026-01-14 16:20:15,756 - DSN - INFO - Initialized DSN_thorough | preset=thorough | GPU=True
2026-01-14 16:20:15,756 - DSN - INFO - Params: η=0.003, T=500, init=degree, LS=True
2026-01-14 16:20:15,756 - DSN - INFO - Using GPU solver (CuPy)
2026-01-14 16:20:15,760 - DSN - INFO - DSN GPU Solver: n=7000, edges=41459
2026-01-14 16:20:15,760 - DSN - INFO - DSN GPU: T=500, η=0.003, LS=True
2026-01-14 16:20:15,770 - DSN - ERROR - Solver failed: not enough values to unpack (expected 3, got 2)
2026-01-14 16:20:15,770 - DSN - INFO - Initialized DSN_thorough | preset=thorough | GPU=True
2026-01-14 16:20:15,770 - DSN - INFO - Params: η=0.003, T=500, init=degree, LS=True
2026-01-14 16:20:15,770 - DSN - INFO - Using GPU solver (CuPy)
2026-01-14 16:20:15,774 - DSN - INFO - DSN GPU Solver: n=7000, edges=41459
2026-01-14 16:20:15,774 - DSN - INFO - DSN GPU: T=500, η=0.003, LS=True
2026-01-14 16:20:15,783 - DSN - ERROR - Solver failed: not enough values to unpack (expected 3, got 2)
2026-01-14 16:20:15,783 - DSN - INFO - Initialized DSN_thorough | preset=thorough | GPU=True
2026-01-14 16:20:15,784 - DSN - INFO - Params: η=0.003, T=500, init=degree, LS=True
2026-01-14 16:20:15,784 - DSN - INFO - Using GPU solver (CuPy)
2026-01-14 16:20:15,788 - DSN - INFO - DSN GPU Solver: n=7000, edges=41459
2026-01-14 16:20:15,788 - DSN - INFO - DSN GPU: T=500, η=0.003, LS=True
2026-01-14 16:20:15,797 - DSN - ERROR - Solver failed: not enough values to unpack (expected 3, got 2)
2026-01-14 16:20:15,797 - DSN - INFO - Initialized DSN_thorough | preset=thorough | GPU=True
2026-01-14 16:20:15,797 - DSN - INFO - Params: η=0.003, T=500, init=degree, LS=True
2026-01-14 16:20:15,797 - DSN - INFO - Using GPU solver (CuPy)
2026-01-14 16:20:15,801 - DSN - INFO - DSN GPU Solver: n=7000, edges=41459
2026-01-14 16:20:15,801 - DSN - INFO - DSN GPU: T=500, η=0.003, LS=True
2026-01-14 16:20:15,811 - DSN - ERROR - Solver failed: not enough values to unpack (expected 3, got 2)
2026-01-14 16:20:15,811 - DSN - INFO - Initialized DSN_thorough | preset=thorough | GPU=True
2026-01-14 16:20:15,811 - DSN - INFO - Params: η=0.003, T=500, init=degree, LS=True
2026-01-14 16:20:15,811 - DSN - INFO - Using GPU solver (CuPy)
2026-01-14 16:20:15,815 - DSN - INFO - DSN GPU Solver: n=7000, edges=41459
2026-01-14 16:20:15,815 - DSN - INFO - DSN GPU: T=500, η=0.003, LS=True
2026-01-14 16:20:15,825 - DSN - ERROR - Solver failed: not enough values to unpack (expected 3, got 2)
2026-01-14 16:20:15,825 - DSN - INFO - Initialized DSN_thorough | preset=thorough | GPU=True
2026-01-14 16:20:15,825 - DSN - INFO - Params: η=0.003, T=500, init=degree, LS=True
2026-01-14 16:20:15,825 - DSN - INFO - Using GPU solver (CuPy)
2026-01-14 16:20:15,829 - DSN - INFO - DSN GPU Solver: n=7000, edges=41459
2026-01-14 16:20:15,829 - DSN - INFO - DSN GPU: T=500, η=0.003, LS=True
2026-01-14 16:20:15,838 - DSN - ERROR - Solver failed: not enough values to unpack (expected 3, got 2)
2026-01-14 16:20:15,917 - DSN - INFO - Initialized DSN_thorough | preset=thorough | GPU=True
2026-01-14 16:20:15,917 - DSN - INFO - Params: η=0.003, T=500, init=degree, LS=True
2026-01-14 16:20:15,917 - DSN - INFO - Using GPU solver (CuPy)
2026-01-14 16:20:15,922 - DSN - INFO - DSN GPU Solver: n=7000, edges=41459
2026-01-14 16:20:15,922 - DSN - INFO - DSN GPU: T=500, η=0.003, LS=True
2026-01-14 16:20:15,932 - DSN - ERROR - Solver failed: not enough values to unpack (expected 3, got 2)
2026-01-14 16:20:15,932 - DSN - INFO - Initialized DSN_thorough | preset=thorough | GPU=True
2026-01-14 16:20:15,932 - DSN - INFO - Params: η=0.003, T=500, init=degree, LS=True
2026-01-14 16:20:15,932 - DSN - INFO - Using GPU solver (CuPy)
2026-01-14 16:20:15,937 - DSN - INFO - DSN GPU Solver: n=7000, edges=41459
2026-01-14 16:20:15,937 - DSN - INFO - DSN GPU: T=500, η=0.003, LS=True
2026-01-14 16:20:15,946 - DSN - ERROR - Solver failed: not enough values to unpack (expected 3, got 2)
2026-01-14 16:20:15,947 - DSN - INFO - Initialized DSN_thorough | preset=thorough | GPU=True
2026-01-14 16:20:15,947 - DSN - INFO - Params: η=0.003, T=500, init=degree, LS=True
2026-01-14 16:20:15,947 - DSN - INFO - Using GPU solver (CuPy)
2026-01-14 16:20:15,951 - DSN - INFO - DSN GPU Solver: n=7000, edges=41459
2026-01-14 16:20:15,951 - DSN - INFO - DSN GPU: T=500, η=0.003, LS=True
2026-01-14 16:20:15,961 - DSN - ERROR - Solver failed: not enough values to unpack (expected 3, got 2)
2026-01-14 16:20:15,961 - DSN - INFO - Initialized DSN_thorough | preset=thorough | GPU=True
2026-01-14 16:20:15,961 - DSN - INFO - Params: η=0.003, T=500, init=degree, LS=True
2026-01-14 16:20:15,961 - DSN - INFO - Using GPU solver (CuPy)
2026-01-14 16:20:15,966 - DSN - INFO - DSN GPU Solver: n=7000, edges=41459
2026-01-14 16:20:15,966 - DSN - INFO - DSN GPU: T=500, η=0.003, LS=True
2026-01-14 16:20:15,975 - DSN - ERROR - Solver failed: not enough values to unpack (expected 3, got 2)
2026-01-14 16:20:15,975 - DSN - INFO - Initialized DSN_thorough | preset=thorough | GPU=True
2026-01-14 16:20:15,975 - DSN - INFO - Params: η=0.003, T=500, init=degree, LS=True
2026-01-14 16:20:15,975 - DSN - INFO - Using GPU solver (CuPy)
2026-01-14 16:20:15,980 - DSN - INFO - DSN GPU Solver: n=7000, edges=41459
2026-01-14 16:20:15,980 - DSN - INFO - DSN GPU: T=500, η=0.003, LS=True
2026-01-14 16:20:15,990 - DSN - ERROR - Solver failed: not enough values to unpack (expected 3, got 2)
2026-01-14 16:20:15,990 - DSN - INFO - Initialized DSN_thorough | preset=thorough | GPU=True
2026-01-14 16:20:15,990 - DSN - INFO - Params: η=0.003, T=500, init=degree, LS=True
2026-01-14 16:20:15,990 - DSN - INFO - Using GPU solver (CuPy)
2026-01-14 16:20:15,994 - DSN - INFO - DSN GPU Solver: n=7000, edges=41459
2026-01-14 16:20:15,994 - DSN - INFO - DSN GPU: T=500, η=0.003, LS=True
2026-01-14 16:20:16,004 - DSN - ERROR - Solver failed: not enough values to unpack (expected 3, got 2)
2026-01-14 16:20:16,004 - DSN - INFO - Initialized DSN_thorough | preset=thorough | GPU=True
2026-01-14 16:20:16,004 - DSN - INFO - Params: η=0.003, T=500, init=degree, LS=True
2026-01-14 16:20:16,004 - DSN - INFO - Using GPU solver (CuPy)
2026-01-14 16:20:16,009 - DSN - INFO - DSN GPU Solver: n=7000, edges=41459
2026-01-14 16:20:16,009 - DSN - INFO - DSN GPU: T=500, η=0.003, LS=True
2026-01-14 16:20:16,019 - DSN - ERROR - Solver failed: not enough values to unpack (expected 3, got 2)
2026-01-14 16:20:16,019 - DSN - INFO - Initialized DSN_thorough | preset=thorough | GPU=True
2026-01-14 16:20:16,019 - DSN - INFO - Params: η=0.003, T=500, init=degree, LS=True
2026-01-14 16:20:16,019 - DSN - INFO - Using GPU solver (CuPy)
2026-01-14 16:20:16,024 - DSN - INFO - DSN GPU Solver: n=7000, edges=41459
2026-01-14 16:20:16,024 - DSN - INFO - DSN GPU: T=500, η=0.003, LS=True
2026-01-14 16:20:16,034 - DSN - ERROR - Solver failed: not enough values to unpack (expected 3, got 2)
2026-01-14 16:20:16,034 - DSN - INFO - Initialized DSN_thorough | preset=thorough | GPU=True
2026-01-14 16:20:16,034 - DSN - INFO - Params: η=0.003, T=500, init=degree, LS=True
2026-01-14 16:20:16,034 - DSN - INFO - Using GPU solver (CuPy)
2026-01-14 16:20:16,038 - DSN - INFO - DSN GPU Solver: n=7000, edges=41459
2026-01-14 16:20:16,039 - DSN - INFO - DSN GPU: T=500, η=0.003, LS=True
2026-01-14 16:20:16,048 - DSN - ERROR - Solver failed: not enough values to unpack (expected 3, got 2)
2026-01-14 16:20:16,048 - DSN - INFO - Initialized DSN_thorough | preset=thorough | GPU=True
2026-01-14 16:20:16,048 - DSN - INFO - Params: η=0.003, T=500, init=degree, LS=True
2026-01-14 16:20:16,048 - DSN - INFO - Using GPU solver (CuPy)
2026-01-14 16:20:16,053 - DSN - INFO - DSN GPU Solver: n=7000, edges=41459
2026-01-14 16:20:16,053 - DSN - INFO - DSN GPU: T=500, η=0.003, LS=True
2026-01-14 16:20:16,063 - DSN - ERROR - Solver failed: not enough values to unpack (expected 3, got 2)
2026-01-14 16:20:16,099 - DSN - INFO - Initialized DSN_thorough | preset=thorough | GPU=True
2026-01-14 16:20:16,099 - DSN - INFO - Params: η=0.003, T=500, init=degree, LS=True
2026-01-14 16:20:16,099 - DSN - INFO - Using GPU solver (CuPy)
2026-01-14 16:20:16,101 - DSN - INFO - DSN GPU Solver: n=8000, edges=16000
2026-01-14 16:20:16,101 - DSN - INFO - DSN GPU: T=500, η=0.003, LS=True
2026-01-14 16:20:16,146 - DSN - ERROR - Solver failed: not enough values to unpack (expected 3, got 2)
2026-01-14 16:20:16,146 - DSN - INFO - Initialized DSN_thorough | preset=thorough | GPU=True
2026-01-14 16:20:16,146 - DSN - INFO - Params: η=0.003, T=500, init=degree, LS=True
2026-01-14 16:20:16,146 - DSN - INFO - Using GPU solver (CuPy)
2026-01-14 16:20:16,148 - DSN - INFO - DSN GPU Solver: n=8000, edges=16000
2026-01-14 16:20:16,148 - DSN - INFO - DSN GPU: T=500, η=0.003, LS=True
2026-01-14 16:20:16,192 - DSN - ERROR - Solver failed: not enough values to unpack (expected 3, got 2)
2026-01-14 16:20:16,192 - DSN - INFO - Initialized DSN_thorough | preset=thorough | GPU=True
2026-01-14 16:20:16,192 - DSN - INFO - Params: η=0.003, T=500, init=degree, LS=True
2026-01-14 16:20:16,192 - DSN - INFO - Using GPU solver (CuPy)
2026-01-14 16:20:16,194 - DSN - INFO - DSN GPU Solver: n=8000, edges=16000
2026-01-14 16:20:16,194 - DSN - INFO - DSN GPU: T=500, η=0.003, LS=True
2026-01-14 16:20:16,238 - DSN - ERROR - Solver failed: not enough values to unpack (expected 3, got 2)
2026-01-14 16:20:16,238 - DSN - INFO - Initialized DSN_thorough | preset=thorough | GPU=True
2026-01-14 16:20:16,238 - DSN - INFO - Params: η=0.003, T=500, init=degree, LS=True
2026-01-14 16:20:16,238 - DSN - INFO - Using GPU solver (CuPy)
2026-01-14 16:20:16,240 - DSN - INFO - DSN GPU Solver: n=8000, edges=16000
2026-01-14 16:20:16,240 - DSN - INFO - DSN GPU: T=500, η=0.003, LS=True
2026-01-14 16:20:16,292 - DSN - ERROR - Solver failed: not enough values to unpack (expected 3, got 2)
2026-01-14 16:20:16,292 - DSN - INFO - Initialized DSN_thorough | preset=thorough | GPU=True
2026-01-14 16:20:16,292 - DSN - INFO - Params: η=0.003, T=500, init=degree, LS=True
2026-01-14 16:20:16,292 - DSN - INFO - Using GPU solver (CuPy)
2026-01-14 16:20:16,294 - DSN - INFO - DSN GPU Solver: n=8000, edges=16000
2026-01-14 16:20:16,294 - DSN - INFO - DSN GPU: T=500, η=0.003, LS=True
2026-01-14 16:20:16,338 - DSN - ERROR - Solver failed: not enough values to unpack (expected 3, got 2)
2026-01-14 16:20:16,338 - DSN - INFO - Initialized DSN_thorough | preset=thorough | GPU=True
2026-01-14 16:20:16,338 - DSN - INFO - Params: η=0.003, T=500, init=degree, LS=True
2026-01-14 16:20:16,338 - DSN - INFO - Using GPU solver (CuPy)
2026-01-14 16:20:16,341 - DSN - INFO - DSN GPU Solver: n=8000, edges=16000
2026-01-14 16:20:16,341 - DSN - INFO - DSN GPU: T=500, η=0.003, LS=True
2026-01-14 16:20:16,384 - DSN - ERROR - Solver failed: not enough values to unpack (expected 3, got 2)
2026-01-14 16:20:16,384 - DSN - INFO - Initialized DSN_thorough | preset=thorough | GPU=True
2026-01-14 16:20:16,384 - DSN - INFO - Params: η=0.003, T=500, init=degree, LS=True
2026-01-14 16:20:16,385 - DSN - INFO - Using GPU solver (CuPy)
2026-01-14 16:20:16,387 - DSN - INFO - DSN GPU Solver: n=8000, edges=16000
2026-01-14 16:20:16,387 - DSN - INFO - DSN GPU: T=500, η=0.003, LS=True
2026-01-14 16:20:16,430 - DSN - ERROR - Solver failed: not enough values to unpack (expected 3, got 2)
2026-01-14 16:20:16,430 - DSN - INFO - Initialized DSN_thorough | preset=thorough | GPU=True
2026-01-14 16:20:16,430 - DSN - INFO - Params: η=0.003, T=500, init=degree, LS=True
2026-01-14 16:20:16,430 - DSN - INFO - Using GPU solver (CuPy)
2026-01-14 16:20:16,432 - DSN - INFO - DSN GPU Solver: n=8000, edges=16000
2026-01-14 16:20:16,432 - DSN - INFO - DSN GPU: T=500, η=0.003, LS=True
2026-01-14 16:20:16,476 - DSN - ERROR - Solver failed: not enough values to unpack (expected 3, got 2)
2026-01-14 16:20:16,476 - DSN - INFO - Initialized DSN_thorough | preset=thorough | GPU=True
2026-01-14 16:20:16,476 - DSN - INFO - Params: η=0.003, T=500, init=degree, LS=True
2026-01-14 16:20:16,476 - DSN - INFO - Using GPU solver (CuPy)
2026-01-14 16:20:16,478 - DSN - INFO - DSN GPU Solver: n=8000, edges=16000
2026-01-14 16:20:16,478 - DSN - INFO - DSN GPU: T=500, η=0.003, LS=True
2026-01-14 16:20:16,522 - DSN - ERROR - Solver failed: not enough values to unpack (expected 3, got 2)
2026-01-14 16:20:16,522 - DSN - INFO - Initialized DSN_thorough | preset=thorough | GPU=True
2026-01-14 16:20:16,522 - DSN - INFO - Params: η=0.003, T=500, init=degree, LS=True
2026-01-14 16:20:16,522 - DSN - INFO - Using GPU solver (CuPy)
2026-01-14 16:20:16,524 - DSN - INFO - DSN GPU Solver: n=8000, edges=16000
2026-01-14 16:20:16,524 - DSN - INFO - DSN GPU: T=500, η=0.003, LS=True
2026-01-14 16:20:16,569 - DSN - ERROR - Solver failed: not enough values to unpack (expected 3, got 2)
2026-01-14 16:20:16,641 - DSN - INFO - Initialized DSN_thorough | preset=thorough | GPU=True
2026-01-14 16:20:16,641 - DSN - INFO - Params: η=0.003, T=500, init=degree, LS=True
2026-01-14 16:20:16,641 - DSN - INFO - Using GPU solver (CuPy)
2026-01-14 16:20:16,643 - DSN - INFO - DSN GPU Solver: n=9000, edges=18000
2026-01-14 16:20:16,643 - DSN - INFO - DSN GPU: T=500, η=0.003, LS=True
2026-01-14 16:20:16,688 - DSN - ERROR - Solver failed: not enough values to unpack (expected 3, got 2)
2026-01-14 16:20:16,688 - DSN - INFO - Initialized DSN_thorough | preset=thorough | GPU=True
2026-01-14 16:20:16,688 - DSN - INFO - Params: η=0.003, T=500, init=degree, LS=True
2026-01-14 16:20:16,688 - DSN - INFO - Using GPU solver (CuPy)
2026-01-14 16:20:16,690 - DSN - INFO - DSN GPU Solver: n=9000, edges=18000
2026-01-14 16:20:16,690 - DSN - INFO - DSN GPU: T=500, η=0.003, LS=True
2026-01-14 16:20:16,725 - DSN - ERROR - Solver failed: not enough values to unpack (expected 3, got 2)
2026-01-14 16:20:16,725 - DSN - INFO - Initialized DSN_thorough | preset=thorough | GPU=True
2026-01-14 16:20:16,725 - DSN - INFO - Params: η=0.003, T=500, init=degree, LS=True
2026-01-14 16:20:16,725 - DSN - INFO - Using GPU solver (CuPy)
2026-01-14 16:20:16,727 - DSN - INFO - DSN GPU Solver: n=9000, edges=18000
2026-01-14 16:20:16,727 - DSN - INFO - DSN GPU: T=500, η=0.003, LS=True
2026-01-14 16:20:16,771 - DSN - ERROR - Solver failed: not enough values to unpack (expected 3, got 2)
2026-01-14 16:20:16,771 - DSN - INFO - Initialized DSN_thorough | preset=thorough | GPU=True
2026-01-14 16:20:16,771 - DSN - INFO - Params: η=0.003, T=500, init=degree, LS=True
2026-01-14 16:20:16,771 - DSN - INFO - Using GPU solver (CuPy)
2026-01-14 16:20:16,773 - DSN - INFO - DSN GPU Solver: n=9000, edges=18000
2026-01-14 16:20:16,773 - DSN - INFO - DSN GPU: T=500, η=0.003, LS=True
2026-01-14 16:20:16,817 - DSN - ERROR - Solver failed: not enough values to unpack (expected 3, got 2)
2026-01-14 16:20:16,817 - DSN - INFO - Initialized DSN_thorough | preset=thorough | GPU=True
2026-01-14 16:20:16,817 - DSN - INFO - Params: η=0.003, T=500, init=degree, LS=True
2026-01-14 16:20:16,817 - DSN - INFO - Using GPU solver (CuPy)
2026-01-14 16:20:16,819 - DSN - INFO - DSN GPU Solver: n=9000, edges=18000
2026-01-14 16:20:16,819 - DSN - INFO - DSN GPU: T=500, η=0.003, LS=True
2026-01-14 16:20:16,863 - DSN - ERROR - Solver failed: not enough values to unpack (expected 3, got 2)
2026-01-14 16:20:16,863 - DSN - INFO - Initialized DSN_thorough | preset=thorough | GPU=True
2026-01-14 16:20:16,863 - DSN - INFO - Params: η=0.003, T=500, init=degree, LS=True
2026-01-14 16:20:16,863 - DSN - INFO - Using GPU solver (CuPy)
2026-01-14 16:20:16,865 - DSN - INFO - DSN GPU Solver: n=9000, edges=18000
2026-01-14 16:20:16,865 - DSN - INFO - DSN GPU: T=500, η=0.003, LS=True
2026-01-14 16:20:16,909 - DSN - ERROR - Solver failed: not enough values to unpack (expected 3, got 2)
2026-01-14 16:20:16,909 - DSN - INFO - Initialized DSN_thorough | preset=thorough | GPU=True
2026-01-14 16:20:16,909 - DSN - INFO - Params: η=0.003, T=500, init=degree, LS=True
2026-01-14 16:20:16,909 - DSN - INFO - Using GPU solver (CuPy)
2026-01-14 16:20:16,911 - DSN - INFO - DSN GPU Solver: n=9000, edges=18000
2026-01-14 16:20:16,911 - DSN - INFO - DSN GPU: T=500, η=0.003, LS=True
2026-01-14 16:20:16,954 - DSN - ERROR - Solver failed: not enough values to unpack (expected 3, got 2)
2026-01-14 16:20:16,954 - DSN - INFO - Initialized DSN_thorough | preset=thorough | GPU=True
2026-01-14 16:20:16,954 - DSN - INFO - Params: η=0.003, T=500, init=degree, LS=True
2026-01-14 16:20:16,955 - DSN - INFO - Using GPU solver (CuPy)
2026-01-14 16:20:16,957 - DSN - INFO - DSN GPU Solver: n=9000, edges=18000
2026-01-14 16:20:16,957 - DSN - INFO - DSN GPU: T=500, η=0.003, LS=True
2026-01-14 16:20:17,000 - DSN - ERROR - Solver failed: not enough values to unpack (expected 3, got 2)
2026-01-14 16:20:17,000 - DSN - INFO - Initialized DSN_thorough | preset=thorough | GPU=True
2026-01-14 16:20:17,000 - DSN - INFO - Params: η=0.003, T=500, init=degree, LS=True
2026-01-14 16:20:17,000 - DSN - INFO - Using GPU solver (CuPy)
2026-01-14 16:20:17,002 - DSN - INFO - DSN GPU Solver: n=9000, edges=18000
2026-01-14 16:20:17,003 - DSN - INFO - DSN GPU: T=500, η=0.003, LS=True
2026-01-14 16:20:17,046 - DSN - ERROR - Solver failed: not enough values to unpack (expected 3, got 2)
2026-01-14 16:20:17,047 - DSN - INFO - Initialized DSN_thorough | preset=thorough | GPU=True
2026-01-14 16:20:17,047 - DSN - INFO - Params: η=0.003, T=500, init=degree, LS=True
2026-01-14 16:20:17,047 - DSN - INFO - Using GPU solver (CuPy)
2026-01-14 16:20:17,049 - DSN - INFO - DSN GPU Solver: n=9000, edges=18000
2026-01-14 16:20:17,049 - DSN - INFO - DSN GPU: T=500, η=0.003, LS=True
2026-01-14 16:20:17,092 - DSN - ERROR - Solver failed: not enough values to unpack (expected 3, got 2)
2026-01-14 16:20:17,151 - DSN - INFO - Initialized DSN_thorough | preset=thorough | GPU=True
2026-01-14 16:20:17,151 - DSN - INFO - Params: η=0.003, T=500, init=degree, LS=True
2026-01-14 16:20:17,151 - DSN - INFO - Using GPU solver (CuPy)
2026-01-14 16:20:17,154 - DSN - INFO - DSN GPU Solver: n=10000, edges=20000
2026-01-14 16:20:17,154 - DSN - INFO - DSN GPU: T=500, η=0.003, LS=True
2026-01-14 16:20:17,216 - DSN - ERROR - Solver failed: not enough values to unpack (expected 3, got 2)
2026-01-14 16:20:17,216 - DSN - INFO - Initialized DSN_thorough | preset=thorough | GPU=True
2026-01-14 16:20:17,216 - DSN - INFO - Params: η=0.003, T=500, init=degree, LS=True
2026-01-14 16:20:17,216 - DSN - INFO - Using GPU solver (CuPy)
2026-01-14 16:20:17,218 - DSN - INFO - DSN GPU Solver: n=10000, edges=20000
2026-01-14 16:20:17,219 - DSN - INFO - DSN GPU: T=500, η=0.003, LS=True
2026-01-14 16:20:17,279 - DSN - ERROR - Solver failed: not enough values to unpack (expected 3, got 2)
2026-01-14 16:20:17,279 - DSN - INFO - Initialized DSN_thorough | preset=thorough | GPU=True
2026-01-14 16:20:17,279 - DSN - INFO - Params: η=0.003, T=500, init=degree, LS=True
2026-01-14 16:20:17,279 - DSN - INFO - Using GPU solver (CuPy)
2026-01-14 16:20:17,281 - DSN - INFO - DSN GPU Solver: n=10000, edges=20000
2026-01-14 16:20:17,281 - DSN - INFO - DSN GPU: T=500, η=0.003, LS=True
2026-01-14 16:20:17,342 - DSN - ERROR - Solver failed: not enough values to unpack (expected 3, got 2)
2026-01-14 16:20:17,342 - DSN - INFO - Initialized DSN_thorough | preset=thorough | GPU=True
2026-01-14 16:20:17,342 - DSN - INFO - Params: η=0.003, T=500, init=degree, LS=True
2026-01-14 16:20:17,342 - DSN - INFO - Using GPU solver (CuPy)
2026-01-14 16:20:17,345 - DSN - INFO - DSN GPU Solver: n=10000, edges=20000
2026-01-14 16:20:17,345 - DSN - INFO - DSN GPU: T=500, η=0.003, LS=True
2026-01-14 16:20:17,406 - DSN - ERROR - Solver failed: not enough values to unpack (expected 3, got 2)
2026-01-14 16:20:17,406 - DSN - INFO - Initialized DSN_thorough | preset=thorough | GPU=True
2026-01-14 16:20:17,406 - DSN - INFO - Params: η=0.003, T=500, init=degree, LS=True
2026-01-14 16:20:17,406 - DSN - INFO - Using GPU solver (CuPy)
2026-01-14 16:20:17,409 - DSN - INFO - DSN GPU Solver: n=10000, edges=20000
2026-01-14 16:20:17,409 - DSN - INFO - DSN GPU: T=500, η=0.003, LS=True
2026-01-14 16:20:17,470 - DSN - ERROR - Solver failed: not enough values to unpack (expected 3, got 2)
2026-01-14 16:20:17,470 - DSN - INFO - Initialized DSN_thorough | preset=thorough | GPU=True
2026-01-14 16:20:17,470 - DSN - INFO - Params: η=0.003, T=500, init=degree, LS=True
2026-01-14 16:20:17,470 - DSN - INFO - Using GPU solver (CuPy)
2026-01-14 16:20:17,472 - DSN - INFO - DSN GPU Solver: n=10000, edges=20000
2026-01-14 16:20:17,472 - DSN - INFO - DSN GPU: T=500, η=0.003, LS=True
2026-01-14 16:20:17,533 - DSN - ERROR - Solver failed: not enough values to unpack (expected 3, got 2)
2026-01-14 16:20:17,533 - DSN - INFO - Initialized DSN_thorough | preset=thorough | GPU=True
2026-01-14 16:20:17,533 - DSN - INFO - Params: η=0.003, T=500, init=degree, LS=True
2026-01-14 16:20:17,533 - DSN - INFO - Using GPU solver (CuPy)
2026-01-14 16:20:17,535 - DSN - INFO - DSN GPU Solver: n=10000, edges=20000
2026-01-14 16:20:17,535 - DSN - INFO - DSN GPU: T=500, η=0.003, LS=True
2026-01-14 16:20:17,597 - DSN - ERROR - Solver failed: not enough values to unpack (expected 3, got 2)
2026-01-14 16:20:17,597 - DSN - INFO - Initialized DSN_thorough | preset=thorough | GPU=True
2026-01-14 16:20:17,597 - DSN - INFO - Params: η=0.003, T=500, init=degree, LS=True
2026-01-14 16:20:17,597 - DSN - INFO - Using GPU solver (CuPy)
2026-01-14 16:20:17,600 - DSN - INFO - DSN GPU Solver: n=10000, edges=20000
2026-01-14 16:20:17,600 - DSN - INFO - DSN GPU: T=500, η=0.003, LS=True
2026-01-14 16:20:17,660 - DSN - ERROR - Solver failed: not enough values to unpack (expected 3, got 2)
2026-01-14 16:20:17,661 - DSN - INFO - Initialized DSN_thorough | preset=thorough | GPU=True
2026-01-14 16:20:17,661 - DSN - INFO - Params: η=0.003, T=500, init=degree, LS=True
2026-01-14 16:20:17,661 - DSN - INFO - Using GPU solver (CuPy)
2026-01-14 16:20:17,663 - DSN - INFO - DSN GPU Solver: n=10000, edges=20000
2026-01-14 16:20:17,663 - DSN - INFO - DSN GPU: T=500, η=0.003, LS=True
2026-01-14 16:20:17,724 - DSN - ERROR - Solver failed: not enough values to unpack (expected 3, got 2)
2026-01-14 16:20:17,724 - DSN - INFO - Initialized DSN_thorough | preset=thorough | GPU=True
2026-01-14 16:20:17,724 - DSN - INFO - Params: η=0.003, T=500, init=degree, LS=True
2026-01-14 16:20:17,724 - DSN - INFO - Using GPU solver (CuPy)
2026-01-14 16:20:17,727 - DSN - INFO - DSN GPU Solver: n=10000, edges=20000
2026-01-14 16:20:17,727 - DSN - INFO - DSN GPU: T=500, η=0.003, LS=True
2026-01-14 16:20:17,788 - DSN - ERROR - Solver failed: not enough values to unpack (expected 3, got 2)
2026-01-14 16:20:17,837 - DSN - INFO - Initialized DSN_thorough | preset=thorough | GPU=True
2026-01-14 16:20:17,837 - DSN - INFO - Params: η=0.003, T=500, init=degree, LS=True
2026-01-14 16:20:17,837 - DSN - INFO - Using GPU solver (CuPy)
2026-01-14 16:20:17,840 - DSN - INFO - DSN GPU Solver: n=800, edges=19176
2026-01-14 16:20:17,840 - DSN - INFO - DSN GPU: T=500, η=0.003, LS=True
2026-01-14 16:20:17,867 - DSN - ERROR - Solver failed: not enough values to unpack (expected 3, got 2)
2026-01-14 16:20:17,867 - DSN - INFO - Initialized DSN_thorough | preset=thorough | GPU=True
2026-01-14 16:20:17,867 - DSN - INFO - Params: η=0.003, T=500, init=degree, LS=True
2026-01-14 16:20:17,867 - DSN - INFO - Using GPU solver (CuPy)
2026-01-14 16:20:17,870 - DSN - INFO - DSN GPU Solver: n=800, edges=19176
2026-01-14 16:20:17,870 - DSN - INFO - DSN GPU: T=500, η=0.003, LS=True
2026-01-14 16:20:17,896 - DSN - ERROR - Solver failed: not enough values to unpack (expected 3, got 2)
2026-01-14 16:20:17,897 - DSN - INFO - Initialized DSN_thorough | preset=thorough | GPU=True
2026-01-14 16:20:17,897 - DSN - INFO - Params: η=0.003, T=500, init=degree, LS=True
2026-01-14 16:20:17,897 - DSN - INFO - Using GPU solver (CuPy)
2026-01-14 16:20:17,899 - DSN - INFO - DSN GPU Solver: n=800, edges=19176
2026-01-14 16:20:17,899 - DSN - INFO - DSN GPU: T=500, η=0.003, LS=True
2026-01-14 16:20:17,926 - DSN - ERROR - Solver failed: not enough values to unpack (expected 3, got 2)
2026-01-14 16:20:17,926 - DSN - INFO - Initialized DSN_thorough | preset=thorough | GPU=True
2026-01-14 16:20:17,926 - DSN - INFO - Params: η=0.003, T=500, init=degree, LS=True
2026-01-14 16:20:17,926 - DSN - INFO - Using GPU solver (CuPy)
2026-01-14 16:20:17,928 - DSN - INFO - DSN GPU Solver: n=800, edges=19176
2026-01-14 16:20:17,928 - DSN - INFO - DSN GPU: T=500, η=0.003, LS=True
2026-01-14 16:20:17,955 - DSN - ERROR - Solver failed: not enough values to unpack (expected 3, got 2)
2026-01-14 16:20:17,955 - DSN - INFO - Initialized DSN_thorough | preset=thorough | GPU=True
2026-01-14 16:20:17,955 - DSN - INFO - Params: η=0.003, T=500, init=degree, LS=True
2026-01-14 16:20:17,955 - DSN - INFO - Using GPU solver (CuPy)
2026-01-14 16:20:17,957 - DSN - INFO - DSN GPU Solver: n=800, edges=19176
2026-01-14 16:20:17,957 - DSN - INFO - DSN GPU: T=500, η=0.003, LS=True
2026-01-14 16:20:17,984 - DSN - ERROR - Solver failed: not enough values to unpack (expected 3, got 2)
2026-01-14 16:20:17,984 - DSN - INFO - Initialized DSN_thorough | preset=thorough | GPU=True
2026-01-14 16:20:17,984 - DSN - INFO - Params: η=0.003, T=500, init=degree, LS=True
2026-01-14 16:20:17,984 - DSN - INFO - Using GPU solver (CuPy)
2026-01-14 16:20:17,987 - DSN - INFO - DSN GPU Solver: n=800, edges=19176
2026-01-14 16:20:17,987 - DSN - INFO - DSN GPU: T=500, η=0.003, LS=True
2026-01-14 16:20:18,014 - DSN - ERROR - Solver failed: not enough values to unpack (expected 3, got 2)
2026-01-14 16:20:18,014 - DSN - INFO - Initialized DSN_thorough | preset=thorough | GPU=True
2026-01-14 16:20:18,014 - DSN - INFO - Params: η=0.003, T=500, init=degree, LS=True
2026-01-14 16:20:18,014 - DSN - INFO - Using GPU solver (CuPy)
2026-01-14 16:20:18,016 - DSN - INFO - DSN GPU Solver: n=800, edges=19176
2026-01-14 16:20:18,016 - DSN - INFO - DSN GPU: T=500, η=0.003, LS=True
2026-01-14 16:20:18,043 - DSN - ERROR - Solver failed: not enough values to unpack (expected 3, got 2)
2026-01-14 16:20:18,043 - DSN - INFO - Initialized DSN_thorough | preset=thorough | GPU=True
2026-01-14 16:20:18,043 - DSN - INFO - Params: η=0.003, T=500, init=degree, LS=True
2026-01-14 16:20:18,043 - DSN - INFO - Using GPU solver (CuPy)
2026-01-14 16:20:18,046 - DSN - INFO - DSN GPU Solver: n=800, edges=19176
2026-01-14 16:20:18,046 - DSN - INFO - DSN GPU: T=500, η=0.003, LS=True
2026-01-14 16:20:18,072 - DSN - ERROR - Solver failed: not enough values to unpack (expected 3, got 2)
2026-01-14 16:20:18,073 - DSN - INFO - Initialized DSN_thorough | preset=thorough | GPU=True
2026-01-14 16:20:18,073 - DSN - INFO - Params: η=0.003, T=500, init=degree, LS=True
2026-01-14 16:20:18,073 - DSN - INFO - Using GPU solver (CuPy)
2026-01-14 16:20:18,075 - DSN - INFO - DSN GPU Solver: n=800, edges=19176
2026-01-14 16:20:18,075 - DSN - INFO - DSN GPU: T=500, η=0.003, LS=True
2026-01-14 16:20:18,102 - DSN - ERROR - Solver failed: not enough values to unpack (expected 3, got 2)
2026-01-14 16:20:18,102 - DSN - INFO - Initialized DSN_thorough | preset=thorough | GPU=True
2026-01-14 16:20:18,102 - DSN - INFO - Params: η=0.003, T=500, init=degree, LS=True
2026-01-14 16:20:18,102 - DSN - INFO - Using GPU solver (CuPy)
2026-01-14 16:20:18,104 - DSN - INFO - DSN GPU Solver: n=800, edges=19176
2026-01-14 16:20:18,104 - DSN - INFO - DSN GPU: T=500, η=0.003, LS=True
2026-01-14 16:20:18,131 - DSN - ERROR - Solver failed: not enough values to unpack (expected 3, got 2)
2026-01-14 16:20:18,176 - DSN - INFO - Initialized DSN_thorough | preset=thorough | GPU=True
2026-01-14 16:20:18,176 - DSN - INFO - Params: η=0.003, T=500, init=degree, LS=True
2026-01-14 16:20:18,176 - DSN - INFO - Using GPU solver (CuPy)
2026-01-14 16:20:18,178 - DSN - INFO - DSN GPU Solver: n=10000, edges=20000
2026-01-14 16:20:18,178 - DSN - INFO - DSN GPU: T=500, η=0.003, LS=True
2026-01-14 16:20:18,214 - DSN - ERROR - Solver failed: not enough values to unpack (expected 3, got 2)
2026-01-14 16:20:18,214 - DSN - INFO - Initialized DSN_thorough | preset=thorough | GPU=True
2026-01-14 16:20:18,214 - DSN - INFO - Params: η=0.003, T=500, init=degree, LS=True
2026-01-14 16:20:18,214 - DSN - INFO - Using GPU solver (CuPy)
2026-01-14 16:20:18,216 - DSN - INFO - DSN GPU Solver: n=10000, edges=20000
2026-01-14 16:20:18,216 - DSN - INFO - DSN GPU: T=500, η=0.003, LS=True
2026-01-14 16:20:18,251 - DSN - ERROR - Solver failed: not enough values to unpack (expected 3, got 2)
2026-01-14 16:20:18,251 - DSN - INFO - Initialized DSN_thorough | preset=thorough | GPU=True
2026-01-14 16:20:18,251 - DSN - INFO - Params: η=0.003, T=500, init=degree, LS=True
2026-01-14 16:20:18,251 - DSN - INFO - Using GPU solver (CuPy)
2026-01-14 16:20:18,254 - DSN - INFO - DSN GPU Solver: n=10000, edges=20000
2026-01-14 16:20:18,254 - DSN - INFO - DSN GPU: T=500, η=0.003, LS=True
2026-01-14 16:20:18,289 - DSN - ERROR - Solver failed: not enough values to unpack (expected 3, got 2)
2026-01-14 16:20:18,289 - DSN - INFO - Initialized DSN_thorough | preset=thorough | GPU=True
2026-01-14 16:20:18,289 - DSN - INFO - Params: η=0.003, T=500, init=degree, LS=True
2026-01-14 16:20:18,289 - DSN - INFO - Using GPU solver (CuPy)
2026-01-14 16:20:18,291 - DSN - INFO - DSN GPU Solver: n=10000, edges=20000
2026-01-14 16:20:18,291 - DSN - INFO - DSN GPU: T=500, η=0.003, LS=True
2026-01-14 16:20:18,326 - DSN - ERROR - Solver failed: not enough values to unpack (expected 3, got 2)
2026-01-14 16:20:18,327 - DSN - INFO - Initialized DSN_thorough | preset=thorough | GPU=True
2026-01-14 16:20:18,327 - DSN - INFO - Params: η=0.003, T=500, init=degree, LS=True
2026-01-14 16:20:18,327 - DSN - INFO - Using GPU solver (CuPy)
2026-01-14 16:20:18,329 - DSN - INFO - DSN GPU Solver: n=10000, edges=20000
2026-01-14 16:20:18,329 - DSN - INFO - DSN GPU: T=500, η=0.003, LS=True
2026-01-14 16:20:18,365 - DSN - ERROR - Solver failed: not enough values to unpack (expected 3, got 2)
2026-01-14 16:20:18,365 - DSN - INFO - Initialized DSN_thorough | preset=thorough | GPU=True
2026-01-14 16:20:18,365 - DSN - INFO - Params: η=0.003, T=500, init=degree, LS=True
2026-01-14 16:20:18,365 - DSN - INFO - Using GPU solver (CuPy)
2026-01-14 16:20:18,367 - DSN - INFO - DSN GPU Solver: n=10000, edges=20000
2026-01-14 16:20:18,367 - DSN - INFO - DSN GPU: T=500, η=0.003, LS=True
2026-01-14 16:20:18,402 - DSN - ERROR - Solver failed: not enough values to unpack (expected 3, got 2)
2026-01-14 16:20:18,403 - DSN - INFO - Initialized DSN_thorough | preset=thorough | GPU=True
2026-01-14 16:20:18,403 - DSN - INFO - Params: η=0.003, T=500, init=degree, LS=True
2026-01-14 16:20:18,403 - DSN - INFO - Using GPU solver (CuPy)
2026-01-14 16:20:18,405 - DSN - INFO - DSN GPU Solver: n=10000, edges=20000
2026-01-14 16:20:18,405 - DSN - INFO - DSN GPU: T=500, η=0.003, LS=True
2026-01-14 16:20:18,449 - DSN - ERROR - Solver failed: not enough values to unpack (expected 3, got 2)
2026-01-14 16:20:18,449 - DSN - INFO - Initialized DSN_thorough | preset=thorough | GPU=True
2026-01-14 16:20:18,449 - DSN - INFO - Params: η=0.003, T=500, init=degree, LS=True
2026-01-14 16:20:18,449 - DSN - INFO - Using GPU solver (CuPy)
2026-01-14 16:20:18,451 - DSN - INFO - DSN GPU Solver: n=10000, edges=20000
2026-01-14 16:20:18,451 - DSN - INFO - DSN GPU: T=500, η=0.003, LS=True
2026-01-14 16:20:18,486 - DSN - ERROR - Solver failed: not enough values to unpack (expected 3, got 2)
2026-01-14 16:20:18,486 - DSN - INFO - Initialized DSN_thorough | preset=thorough | GPU=True
2026-01-14 16:20:18,486 - DSN - INFO - Params: η=0.003, T=500, init=degree, LS=True
2026-01-14 16:20:18,486 - DSN - INFO - Using GPU solver (CuPy)
2026-01-14 16:20:18,489 - DSN - INFO - DSN GPU Solver: n=10000, edges=20000
2026-01-14 16:20:18,489 - DSN - INFO - DSN GPU: T=500, η=0.003, LS=True
2026-01-14 16:20:18,524 - DSN - ERROR - Solver failed: not enough values to unpack (expected 3, got 2)
2026-01-14 16:20:18,524 - DSN - INFO - Initialized DSN_thorough | preset=thorough | GPU=True
2026-01-14 16:20:18,524 - DSN - INFO - Params: η=0.003, T=500, init=degree, LS=True
2026-01-14 16:20:18,524 - DSN - INFO - Using GPU solver (CuPy)
2026-01-14 16:20:18,526 - DSN - INFO - DSN GPU Solver: n=10000, edges=20000
2026-01-14 16:20:18,526 - DSN - INFO - DSN GPU: T=500, η=0.003, LS=True
2026-01-14 16:20:18,562 - DSN - ERROR - Solver failed: not enough values to unpack (expected 3, got 2)
2026-01-14 16:20:18,617 - DSN - INFO - Initialized DSN_thorough | preset=thorough | GPU=True
2026-01-14 16:20:18,618 - DSN - INFO - Params: η=0.003, T=500, init=degree, LS=True
2026-01-14 16:20:18,618 - DSN - INFO - Using GPU solver (CuPy)
2026-01-14 16:20:18,621 - DSN - INFO - DSN GPU Solver: n=14000, edges=28000
2026-01-14 16:20:18,621 - DSN - INFO - DSN GPU: T=500, η=0.003, LS=True
2026-01-14 16:20:18,658 - DSN - ERROR - Solver failed: not enough values to unpack (expected 3, got 2)
2026-01-14 16:20:18,658 - DSN - INFO - Initialized DSN_thorough | preset=thorough | GPU=True
2026-01-14 16:20:18,658 - DSN - INFO - Params: η=0.003, T=500, init=degree, LS=True
2026-01-14 16:20:18,658 - DSN - INFO - Using GPU solver (CuPy)
2026-01-14 16:20:18,661 - DSN - INFO - DSN GPU Solver: n=14000, edges=28000
2026-01-14 16:20:18,661 - DSN - INFO - DSN GPU: T=500, η=0.003, LS=True
2026-01-14 16:20:18,688 - DSN - ERROR - Solver failed: not enough values to unpack (expected 3, got 2)
2026-01-14 16:20:18,688 - DSN - INFO - Initialized DSN_thorough | preset=thorough | GPU=True
2026-01-14 16:20:18,688 - DSN - INFO - Params: η=0.003, T=500, init=degree, LS=True
2026-01-14 16:20:18,688 - DSN - INFO - Using GPU solver (CuPy)
2026-01-14 16:20:18,691 - DSN - INFO - DSN GPU Solver: n=14000, edges=28000
2026-01-14 16:20:18,691 - DSN - INFO - DSN GPU: T=500, η=0.003, LS=True
2026-01-14 16:20:18,718 - DSN - ERROR - Solver failed: not enough values to unpack (expected 3, got 2)
2026-01-14 16:20:18,718 - DSN - INFO - Initialized DSN_thorough | preset=thorough | GPU=True
2026-01-14 16:20:18,718 - DSN - INFO - Params: η=0.003, T=500, init=degree, LS=True
2026-01-14 16:20:18,718 - DSN - INFO - Using GPU solver (CuPy)
2026-01-14 16:20:18,721 - DSN - INFO - DSN GPU Solver: n=14000, edges=28000
2026-01-14 16:20:18,721 - DSN - INFO - DSN GPU: T=500, η=0.003, LS=True
2026-01-14 16:20:18,747 - DSN - ERROR - Solver failed: not enough values to unpack (expected 3, got 2)
2026-01-14 16:20:18,747 - DSN - INFO - Initialized DSN_thorough | preset=thorough | GPU=True
2026-01-14 16:20:18,748 - DSN - INFO - Params: η=0.003, T=500, init=degree, LS=True
2026-01-14 16:20:18,748 - DSN - INFO - Using GPU solver (CuPy)
2026-01-14 16:20:18,750 - DSN - INFO - DSN GPU Solver: n=14000, edges=28000
2026-01-14 16:20:18,751 - DSN - INFO - DSN GPU: T=500, η=0.003, LS=True
2026-01-14 16:20:18,777 - DSN - ERROR - Solver failed: not enough values to unpack (expected 3, got 2)
2026-01-14 16:20:18,777 - DSN - INFO - Initialized DSN_thorough | preset=thorough | GPU=True
2026-01-14 16:20:18,777 - DSN - INFO - Params: η=0.003, T=500, init=degree, LS=True
2026-01-14 16:20:18,777 - DSN - INFO - Using GPU solver (CuPy)
2026-01-14 16:20:18,780 - DSN - INFO - DSN GPU Solver: n=14000, edges=28000
2026-01-14 16:20:18,780 - DSN - INFO - DSN GPU: T=500, η=0.003, LS=True
2026-01-14 16:20:18,807 - DSN - ERROR - Solver failed: not enough values to unpack (expected 3, got 2)
2026-01-14 16:20:18,807 - DSN - INFO - Initialized DSN_thorough | preset=thorough | GPU=True
2026-01-14 16:20:18,807 - DSN - INFO - Params: η=0.003, T=500, init=degree, LS=True
2026-01-14 16:20:18,807 - DSN - INFO - Using GPU solver (CuPy)
2026-01-14 16:20:18,810 - DSN - INFO - DSN GPU Solver: n=14000, edges=28000
2026-01-14 16:20:18,810 - DSN - INFO - DSN GPU: T=500, η=0.003, LS=True
2026-01-14 16:20:18,845 - DSN - ERROR - Solver failed: not enough values to unpack (expected 3, got 2)
2026-01-14 16:20:18,845 - DSN - INFO - Initialized DSN_thorough | preset=thorough | GPU=True
2026-01-14 16:20:18,845 - DSN - INFO - Params: η=0.003, T=500, init=degree, LS=True
2026-01-14 16:20:18,845 - DSN - INFO - Using GPU solver (CuPy)
2026-01-14 16:20:18,848 - DSN - INFO - DSN GPU Solver: n=14000, edges=28000
2026-01-14 16:20:18,848 - DSN - INFO - DSN GPU: T=500, η=0.003, LS=True
2026-01-14 16:20:18,875 - DSN - ERROR - Solver failed: not enough values to unpack (expected 3, got 2)
2026-01-14 16:20:18,875 - DSN - INFO - Initialized DSN_thorough | preset=thorough | GPU=True
2026-01-14 16:20:18,875 - DSN - INFO - Params: η=0.003, T=500, init=degree, LS=True
2026-01-14 16:20:18,875 - DSN - INFO - Using GPU solver (CuPy)
2026-01-14 16:20:18,878 - DSN - INFO - DSN GPU Solver: n=14000, edges=28000
2026-01-14 16:20:18,878 - DSN - INFO - DSN GPU: T=500, η=0.003, LS=True
2026-01-14 16:20:18,905 - DSN - ERROR - Solver failed: not enough values to unpack (expected 3, got 2)
2026-01-14 16:20:18,905 - DSN - INFO - Initialized DSN_thorough | preset=thorough | GPU=True
2026-01-14 16:20:18,905 - DSN - INFO - Params: η=0.003, T=500, init=degree, LS=True
2026-01-14 16:20:18,905 - DSN - INFO - Using GPU solver (CuPy)
2026-01-14 16:20:18,908 - DSN - INFO - DSN GPU Solver: n=14000, edges=28000
2026-01-14 16:20:18,908 - DSN - INFO - DSN GPU: T=500, η=0.003, LS=True
2026-01-14 16:20:18,935 - DSN - ERROR - Solver failed: not enough values to unpack (expected 3, got 2)
2026-01-14 16:20:18,982 - DSN - INFO - Initialized DSN_thorough | preset=thorough | GPU=True
2026-01-14 16:20:18,982 - DSN - INFO - Params: η=0.003, T=500, init=degree, LS=True
2026-01-14 16:20:18,982 - DSN - INFO - Using GPU solver (CuPy)
2026-01-14 16:20:18,985 - DSN - INFO - DSN GPU Solver: n=800, edges=19176
2026-01-14 16:20:18,985 - DSN - INFO - DSN GPU: T=500, η=0.003, LS=True
2026-01-14 16:20:19,012 - DSN - ERROR - Solver failed: not enough values to unpack (expected 3, got 2)
2026-01-14 16:20:19,012 - DSN - INFO - Initialized DSN_thorough | preset=thorough | GPU=True
2026-01-14 16:20:19,012 - DSN - INFO - Params: η=0.003, T=500, init=degree, LS=True
2026-01-14 16:20:19,012 - DSN - INFO - Using GPU solver (CuPy)
2026-01-14 16:20:19,014 - DSN - INFO - DSN GPU Solver: n=800, edges=19176
2026-01-14 16:20:19,014 - DSN - INFO - DSN GPU: T=500, η=0.003, LS=True
2026-01-14 16:20:19,041 - DSN - ERROR - Solver failed: not enough values to unpack (expected 3, got 2)
2026-01-14 16:20:19,041 - DSN - INFO - Initialized DSN_thorough | preset=thorough | GPU=True
2026-01-14 16:20:19,041 - DSN - INFO - Params: η=0.003, T=500, init=degree, LS=True
2026-01-14 16:20:19,041 - DSN - INFO - Using GPU solver (CuPy)
2026-01-14 16:20:19,043 - DSN - INFO - DSN GPU Solver: n=800, edges=19176
2026-01-14 16:20:19,044 - DSN - INFO - DSN GPU: T=500, η=0.003, LS=True
2026-01-14 16:20:19,070 - DSN - ERROR - Solver failed: not enough values to unpack (expected 3, got 2)
2026-01-14 16:20:19,071 - DSN - INFO - Initialized DSN_thorough | preset=thorough | GPU=True
2026-01-14 16:20:19,071 - DSN - INFO - Params: η=0.003, T=500, init=degree, LS=True
2026-01-14 16:20:19,071 - DSN - INFO - Using GPU solver (CuPy)
2026-01-14 16:20:19,073 - DSN - INFO - DSN GPU Solver: n=800, edges=19176
2026-01-14 16:20:19,073 - DSN - INFO - DSN GPU: T=500, η=0.003, LS=True
2026-01-14 16:20:19,100 - DSN - ERROR - Solver failed: not enough values to unpack (expected 3, got 2)
2026-01-14 16:20:19,100 - DSN - INFO - Initialized DSN_thorough | preset=thorough | GPU=True
2026-01-14 16:20:19,100 - DSN - INFO - Params: η=0.003, T=500, init=degree, LS=True
2026-01-14 16:20:19,100 - DSN - INFO - Using GPU solver (CuPy)
2026-01-14 16:20:19,102 - DSN - INFO - DSN GPU Solver: n=800, edges=19176
2026-01-14 16:20:19,102 - DSN - INFO - DSN GPU: T=500, η=0.003, LS=True
2026-01-14 16:20:19,129 - DSN - ERROR - Solver failed: not enough values to unpack (expected 3, got 2)
2026-01-14 16:20:19,129 - DSN - INFO - Initialized DSN_thorough | preset=thorough | GPU=True
2026-01-14 16:20:19,129 - DSN - INFO - Params: η=0.003, T=500, init=degree, LS=True
2026-01-14 16:20:19,129 - DSN - INFO - Using GPU solver (CuPy)
2026-01-14 16:20:19,132 - DSN - INFO - DSN GPU Solver: n=800, edges=19176
2026-01-14 16:20:19,132 - DSN - INFO - DSN GPU: T=500, η=0.003, LS=True
2026-01-14 16:20:19,158 - DSN - ERROR - Solver failed: not enough values to unpack (expected 3, got 2)
2026-01-14 16:20:19,158 - DSN - INFO - Initialized DSN_thorough | preset=thorough | GPU=True
2026-01-14 16:20:19,158 - DSN - INFO - Params: η=0.003, T=500, init=degree, LS=True
2026-01-14 16:20:19,158 - DSN - INFO - Using GPU solver (CuPy)
2026-01-14 16:20:19,161 - DSN - INFO - DSN GPU Solver: n=800, edges=19176
2026-01-14 16:20:19,161 - DSN - INFO - DSN GPU: T=500, η=0.003, LS=True
2026-01-14 16:20:19,187 - DSN - ERROR - Solver failed: not enough values to unpack (expected 3, got 2)
2026-01-14 16:20:19,188 - DSN - INFO - Initialized DSN_thorough | preset=thorough | GPU=True
2026-01-14 16:20:19,188 - DSN - INFO - Params: η=0.003, T=500, init=degree, LS=True
2026-01-14 16:20:19,188 - DSN - INFO - Using GPU solver (CuPy)
2026-01-14 16:20:19,190 - DSN - INFO - DSN GPU Solver: n=800, edges=19176
2026-01-14 16:20:19,190 - DSN - INFO - DSN GPU: T=500, η=0.003, LS=True
2026-01-14 16:20:19,217 - DSN - ERROR - Solver failed: not enough values to unpack (expected 3, got 2)
2026-01-14 16:20:19,217 - DSN - INFO - Initialized DSN_thorough | preset=thorough | GPU=True
2026-01-14 16:20:19,217 - DSN - INFO - Params: η=0.003, T=500, init=degree, LS=True
2026-01-14 16:20:19,217 - DSN - INFO - Using GPU solver (CuPy)
2026-01-14 16:20:19,219 - DSN - INFO - DSN GPU Solver: n=800, edges=19176
2026-01-14 16:20:19,219 - DSN - INFO - DSN GPU: T=500, η=0.003, LS=True
2026-01-14 16:20:19,246 - DSN - ERROR - Solver failed: not enough values to unpack (expected 3, got 2)
2026-01-14 16:20:19,246 - DSN - INFO - Initialized DSN_thorough | preset=thorough | GPU=True
2026-01-14 16:20:19,246 - DSN - INFO - Params: η=0.003, T=500, init=degree, LS=True
2026-01-14 16:20:19,246 - DSN - INFO - Using GPU solver (CuPy)
2026-01-14 16:20:19,248 - DSN - INFO - DSN GPU Solver: n=800, edges=19176
2026-01-14 16:20:19,248 - DSN - INFO - DSN GPU: T=500, η=0.003, LS=True
2026-01-14 16:20:19,275 - DSN - ERROR - Solver failed: not enough values to unpack (expected 3, got 2)
2026-01-14 16:20:19,354 - DSN - INFO - Initialized DSN_thorough | preset=thorough | GPU=True
2026-01-14 16:20:19,354 - DSN - INFO - Params: η=0.003, T=500, init=degree, LS=True
2026-01-14 16:20:19,354 - DSN - INFO - Using GPU solver (CuPy)
2026-01-14 16:20:19,359 - DSN - INFO - DSN GPU Solver: n=20000, edges=40000
2026-01-14 16:20:19,359 - DSN - INFO - DSN GPU: T=500, η=0.003, LS=True
2026-01-14 16:20:19,396 - DSN - ERROR - Solver failed: not enough values to unpack (expected 3, got 2)
2026-01-14 16:20:19,396 - DSN - INFO - Initialized DSN_thorough | preset=thorough | GPU=True
2026-01-14 16:20:19,396 - DSN - INFO - Params: η=0.003, T=500, init=degree, LS=True
2026-01-14 16:20:19,396 - DSN - INFO - Using GPU solver (CuPy)
2026-01-14 16:20:19,400 - DSN - INFO - DSN GPU Solver: n=20000, edges=40000
2026-01-14 16:20:19,400 - DSN - INFO - DSN GPU: T=500, η=0.003, LS=True
2026-01-14 16:20:19,435 - DSN - ERROR - Solver failed: not enough values to unpack (expected 3, got 2)
2026-01-14 16:20:19,436 - DSN - INFO - Initialized DSN_thorough | preset=thorough | GPU=True
2026-01-14 16:20:19,436 - DSN - INFO - Params: η=0.003, T=500, init=degree, LS=True
2026-01-14 16:20:19,436 - DSN - INFO - Using GPU solver (CuPy)
2026-01-14 16:20:19,440 - DSN - INFO - DSN GPU Solver: n=20000, edges=40000
2026-01-14 16:20:19,440 - DSN - INFO - DSN GPU: T=500, η=0.003, LS=True
2026-01-14 16:20:19,474 - DSN - ERROR - Solver failed: not enough values to unpack (expected 3, got 2)
2026-01-14 16:20:19,475 - DSN - INFO - Initialized DSN_thorough | preset=thorough | GPU=True
2026-01-14 16:20:19,475 - DSN - INFO - Params: η=0.003, T=500, init=degree, LS=True
2026-01-14 16:20:19,475 - DSN - INFO - Using GPU solver (CuPy)
2026-01-14 16:20:19,479 - DSN - INFO - DSN GPU Solver: n=20000, edges=40000
2026-01-14 16:20:19,479 - DSN - INFO - DSN GPU: T=500, η=0.003, LS=True
2026-01-14 16:20:19,513 - DSN - ERROR - Solver failed: not enough values to unpack (expected 3, got 2)
2026-01-14 16:20:19,513 - DSN - INFO - Initialized DSN_thorough | preset=thorough | GPU=True
2026-01-14 16:20:19,513 - DSN - INFO - Params: η=0.003, T=500, init=degree, LS=True
2026-01-14 16:20:19,513 - DSN - INFO - Using GPU solver (CuPy)
2026-01-14 16:20:19,517 - DSN - INFO - DSN GPU Solver: n=20000, edges=40000
2026-01-14 16:20:19,517 - DSN - INFO - DSN GPU: T=500, η=0.003, LS=True
2026-01-14 16:20:19,561 - DSN - ERROR - Solver failed: not enough values to unpack (expected 3, got 2)
2026-01-14 16:20:19,561 - DSN - INFO - Initialized DSN_thorough | preset=thorough | GPU=True
2026-01-14 16:20:19,561 - DSN - INFO - Params: η=0.003, T=500, init=degree, LS=True
2026-01-14 16:20:19,561 - DSN - INFO - Using GPU solver (CuPy)
2026-01-14 16:20:19,565 - DSN - INFO - DSN GPU Solver: n=20000, edges=40000
2026-01-14 16:20:19,566 - DSN - INFO - DSN GPU: T=500, η=0.003, LS=True
2026-01-14 16:20:19,601 - DSN - ERROR - Solver failed: not enough values to unpack (expected 3, got 2)
2026-01-14 16:20:19,601 - DSN - INFO - Initialized DSN_thorough | preset=thorough | GPU=True
2026-01-14 16:20:19,601 - DSN - INFO - Params: η=0.003, T=500, init=degree, LS=True
2026-01-14 16:20:19,601 - DSN - INFO - Using GPU solver (CuPy)
2026-01-14 16:20:19,605 - DSN - INFO - DSN GPU Solver: n=20000, edges=40000
2026-01-14 16:20:19,605 - DSN - INFO - DSN GPU: T=500, η=0.003, LS=True
2026-01-14 16:20:19,641 - DSN - ERROR - Solver failed: not enough values to unpack (expected 3, got 2)
2026-01-14 16:20:19,641 - DSN - INFO - Initialized DSN_thorough | preset=thorough | GPU=True
2026-01-14 16:20:19,641 - DSN - INFO - Params: η=0.003, T=500, init=degree, LS=True
2026-01-14 16:20:19,641 - DSN - INFO - Using GPU solver (CuPy)
2026-01-14 16:20:19,645 - DSN - INFO - DSN GPU Solver: n=20000, edges=40000
2026-01-14 16:20:19,645 - DSN - INFO - DSN GPU: T=500, η=0.003, LS=True
2026-01-14 16:20:19,680 - DSN - ERROR - Solver failed: not enough values to unpack (expected 3, got 2)
2026-01-14 16:20:19,680 - DSN - INFO - Initialized DSN_thorough | preset=thorough | GPU=True
2026-01-14 16:20:19,681 - DSN - INFO - Params: η=0.003, T=500, init=degree, LS=True
2026-01-14 16:20:19,681 - DSN - INFO - Using GPU solver (CuPy)
2026-01-14 16:20:19,685 - DSN - INFO - DSN GPU Solver: n=20000, edges=40000
2026-01-14 16:20:19,685 - DSN - INFO - DSN GPU: T=500, η=0.003, LS=True
2026-01-14 16:20:19,720 - DSN - ERROR - Solver failed: not enough values to unpack (expected 3, got 2)
2026-01-14 16:20:19,720 - DSN - INFO - Initialized DSN_thorough | preset=thorough | GPU=True
2026-01-14 16:20:19,720 - DSN - INFO - Params: η=0.003, T=500, init=degree, LS=True
2026-01-14 16:20:19,720 - DSN - INFO - Using GPU solver (CuPy)
2026-01-14 16:20:19,724 - DSN - INFO - DSN GPU Solver: n=20000, edges=40000
2026-01-14 16:20:19,724 - DSN - INFO - DSN GPU: T=500, η=0.003, LS=True
2026-01-14 16:20:19,767 - DSN - ERROR - Solver failed: not enough values to unpack (expected 3, got 2)
2026-01-14 16:20:19,796 - DSN - INFO - Initialized DSN_thorough | preset=thorough | GPU=True
2026-01-14 16:20:19,796 - DSN - INFO - Params: η=0.003, T=500, init=degree, LS=True
2026-01-14 16:20:19,796 - DSN - INFO - Using GPU solver (CuPy)
2026-01-14 16:20:19,799 - DSN - INFO - DSN GPU Solver: n=800, edges=19176
2026-01-14 16:20:19,799 - DSN - INFO - DSN GPU: T=500, η=0.003, LS=True
2026-01-14 16:20:19,826 - DSN - ERROR - Solver failed: not enough values to unpack (expected 3, got 2)
2026-01-14 16:20:19,826 - DSN - INFO - Initialized DSN_thorough | preset=thorough | GPU=True
2026-01-14 16:20:19,826 - DSN - INFO - Params: η=0.003, T=500, init=degree, LS=True
2026-01-14 16:20:19,826 - DSN - INFO - Using GPU solver (CuPy)
2026-01-14 16:20:19,828 - DSN - INFO - DSN GPU Solver: n=800, edges=19176
2026-01-14 16:20:19,828 - DSN - INFO - DSN GPU: T=500, η=0.003, LS=True
2026-01-14 16:20:19,855 - DSN - ERROR - Solver failed: not enough values to unpack (expected 3, got 2)
2026-01-14 16:20:19,855 - DSN - INFO - Initialized DSN_thorough | preset=thorough | GPU=True
2026-01-14 16:20:19,855 - DSN - INFO - Params: η=0.003, T=500, init=degree, LS=True
2026-01-14 16:20:19,855 - DSN - INFO - Using GPU solver (CuPy)
2026-01-14 16:20:19,858 - DSN - INFO - DSN GPU Solver: n=800, edges=19176
2026-01-14 16:20:19,858 - DSN - INFO - DSN GPU: T=500, η=0.003, LS=True
2026-01-14 16:20:19,885 - DSN - ERROR - Solver failed: not enough values to unpack (expected 3, got 2)
2026-01-14 16:20:19,885 - DSN - INFO - Initialized DSN_thorough | preset=thorough | GPU=True
2026-01-14 16:20:19,885 - DSN - INFO - Params: η=0.003, T=500, init=degree, LS=True
2026-01-14 16:20:19,885 - DSN - INFO - Using GPU solver (CuPy)
2026-01-14 16:20:19,887 - DSN - INFO - DSN GPU Solver: n=800, edges=19176
2026-01-14 16:20:19,887 - DSN - INFO - DSN GPU: T=500, η=0.003, LS=True
2026-01-14 16:20:19,914 - DSN - ERROR - Solver failed: not enough values to unpack (expected 3, got 2)
2026-01-14 16:20:19,914 - DSN - INFO - Initialized DSN_thorough | preset=thorough | GPU=True
2026-01-14 16:20:19,914 - DSN - INFO - Params: η=0.003, T=500, init=degree, LS=True
2026-01-14 16:20:19,914 - DSN - INFO - Using GPU solver (CuPy)
2026-01-14 16:20:19,917 - DSN - INFO - DSN GPU Solver: n=800, edges=19176
2026-01-14 16:20:19,917 - DSN - INFO - DSN GPU: T=500, η=0.003, LS=True
2026-01-14 16:20:19,952 - DSN - ERROR - Solver failed: not enough values to unpack (expected 3, got 2)
2026-01-14 16:20:19,952 - DSN - INFO - Initialized DSN_thorough | preset=thorough | GPU=True
2026-01-14 16:20:19,952 - DSN - INFO - Params: η=0.003, T=500, init=degree, LS=True
2026-01-14 16:20:19,952 - DSN - INFO - Using GPU solver (CuPy)
2026-01-14 16:20:19,955 - DSN - INFO - DSN GPU Solver: n=800, edges=19176
2026-01-14 16:20:19,955 - DSN - INFO - DSN GPU: T=500, η=0.003, LS=True
2026-01-14 16:20:19,981 - DSN - ERROR - Solver failed: not enough values to unpack (expected 3, got 2)
2026-01-14 16:20:19,981 - DSN - INFO - Initialized DSN_thorough | preset=thorough | GPU=True
2026-01-14 16:20:19,982 - DSN - INFO - Params: η=0.003, T=500, init=degree, LS=True
2026-01-14 16:20:19,982 - DSN - INFO - Using GPU solver (CuPy)
2026-01-14 16:20:19,984 - DSN - INFO - DSN GPU Solver: n=800, edges=19176
2026-01-14 16:20:19,984 - DSN - INFO - DSN GPU: T=500, η=0.003, LS=True
2026-01-14 16:20:20,011 - DSN - ERROR - Solver failed: not enough values to unpack (expected 3, got 2)
2026-01-14 16:20:20,011 - DSN - INFO - Initialized DSN_thorough | preset=thorough | GPU=True
2026-01-14 16:20:20,011 - DSN - INFO - Params: η=0.003, T=500, init=degree, LS=True
2026-01-14 16:20:20,011 - DSN - INFO - Using GPU solver (CuPy)
2026-01-14 16:20:20,013 - DSN - INFO - DSN GPU Solver: n=800, edges=19176
2026-01-14 16:20:20,013 - DSN - INFO - DSN GPU: T=500, η=0.003, LS=True
2026-01-14 16:20:20,040 - DSN - ERROR - Solver failed: not enough values to unpack (expected 3, got 2)
2026-01-14 16:20:20,040 - DSN - INFO - Initialized DSN_thorough | preset=thorough | GPU=True
2026-01-14 16:20:20,040 - DSN - INFO - Params: η=0.003, T=500, init=degree, LS=True
2026-01-14 16:20:20,040 - DSN - INFO - Using GPU solver (CuPy)
2026-01-14 16:20:20,043 - DSN - INFO - DSN GPU Solver: n=800, edges=19176
2026-01-14 16:20:20,043 - DSN - INFO - DSN GPU: T=500, η=0.003, LS=True
2026-01-14 16:20:20,070 - DSN - ERROR - Solver failed: not enough values to unpack (expected 3, got 2)
2026-01-14 16:20:20,070 - DSN - INFO - Initialized DSN_thorough | preset=thorough | GPU=True
2026-01-14 16:20:20,070 - DSN - INFO - Params: η=0.003, T=500, init=degree, LS=True
2026-01-14 16:20:20,070 - DSN - INFO - Using GPU solver (CuPy)
2026-01-14 16:20:20,072 - DSN - INFO - DSN GPU Solver: n=800, edges=19176
2026-01-14 16:20:20,072 - DSN - INFO - DSN GPU: T=500, η=0.003, LS=True
2026-01-14 16:20:20,099 - DSN - ERROR - Solver failed: not enough values to unpack (expected 3, got 2)
