2026-01-14 17:17:47,619 - DSN - INFO - Initialized DSN_thorough | preset=thorough | GPU=True
2026-01-14 17:17:47,619 - DSN - INFO - Params: η=0.003, T=500, init=degree, LS=True
2026-01-14 17:17:47,805 - DSN - INFO - Using GPU solver (CuPy)
2026-01-14 17:17:48,396 - DSN - INFO - DSN GPU Solver: n=800, edges=19176
2026-01-14 17:17:48,396 - DSN - INFO - DSN GPU: T=500, η=0.003, LS=True
2026-01-14 17:17:48,790 - DSN - INFO - t=000: B=-19515.00, Cut=11353, Best=11353 [LS]
2026-01-14 17:17:49,689 - DSN - INFO - t=040: B=-19176.01, Cut=0, Best=11353
2026-01-14 17:17:50,258 - DSN - INFO - t=080: B=-19176.00, Cut=0, Best=11353
2026-01-14 17:17:50,817 - DSN - INFO - t=120: B=-19176.00, Cut=0, Best=11353
2026-01-14 17:17:51,378 - DSN - INFO - t=160: B=-19176.00, Cut=0, Best=11353
2026-01-14 17:17:51,930 - DSN - INFO - t=200: B=-19176.00, Cut=11353, Best=11353 [LS]
2026-01-14 17:17:52,440 - DSN - INFO - t=240: B=-19176.00, Cut=0, Best=11353
2026-01-14 17:17:52,989 - DSN - INFO - t=280: B=-19176.00, Cut=0, Best=11353
2026-01-14 17:17:53,531 - DSN - INFO - t=320: B=-19176.00, Cut=0, Best=11353
2026-01-14 17:17:54,078 - DSN - INFO - t=360: B=-19176.00, Cut=0, Best=11353
2026-01-14 17:17:54,625 - DSN - INFO - t=400: B=-19176.00, Cut=11353, Best=11353 [LS]
2026-01-14 17:17:55,132 - DSN - INFO - t=440: B=-19176.00, Cut=0, Best=11353
2026-01-14 17:17:55,675 - DSN - INFO - t=480: B=-19176.00, Cut=0, Best=11353
2026-01-14 17:17:55,958 - DSN - INFO - DSN GPU done in 7.56s | Cut=11353
2026-01-14 17:17:56,096 - DSN - INFO - Results saved to: results/Gset/DSN_thorough/G1.csv
2026-01-14 17:17:56,096 - DSN - INFO - Cut: 11353 | Bound: -19176.00 | Time: 8.34s
2026-01-14 17:17:56,097 - DSN - INFO - Initialized DSN_thorough | preset=thorough | GPU=True
2026-01-14 17:17:56,097 - DSN - INFO - Params: η=0.003, T=500, init=degree, LS=True
2026-01-14 17:17:56,097 - DSN - INFO - Using GPU solver (CuPy)
2026-01-14 17:17:56,100 - DSN - INFO - DSN GPU Solver: n=800, edges=19176
2026-01-14 17:17:56,100 - DSN - INFO - DSN GPU: T=500, η=0.003, LS=True
2026-01-14 17:17:56,154 - DSN - INFO - t=000: B=-19515.00, Cut=11353, Best=11353 [LS]
2026-01-14 17:17:56,690 - DSN - INFO - t=040: B=-19176.01, Cut=0, Best=11353
2026-01-14 17:17:57,261 - DSN - INFO - t=080: B=-19176.00, Cut=0, Best=11353
2026-01-14 17:17:57,820 - DSN - INFO - t=120: B=-19176.00, Cut=0, Best=11353
2026-01-14 17:17:58,367 - DSN - INFO - t=160: B=-19176.00, Cut=0, Best=11353
2026-01-14 17:17:58,916 - DSN - INFO - t=200: B=-19176.00, Cut=11353, Best=11353 [LS]
2026-01-14 17:17:59,430 - DSN - INFO - t=240: B=-19176.00, Cut=0, Best=11353
2026-01-14 17:17:59,979 - DSN - INFO - t=280: B=-19176.00, Cut=0, Best=11353
2026-01-14 17:18:00,525 - DSN - INFO - t=320: B=-19176.00, Cut=0, Best=11353
2026-01-14 17:18:01,075 - DSN - INFO - t=360: B=-19176.00, Cut=0, Best=11353
2026-01-14 17:18:01,624 - DSN - INFO - t=400: B=-19176.00, Cut=11353, Best=11353 [LS]
2026-01-14 17:18:02,138 - DSN - INFO - t=440: B=-19176.00, Cut=0, Best=11353
2026-01-14 17:18:02,687 - DSN - INFO - t=480: B=-19176.00, Cut=0, Best=11353
2026-01-14 17:18:02,969 - DSN - INFO - DSN GPU done in 6.87s | Cut=11353
2026-01-14 17:18:02,975 - DSN - INFO - Results saved to: results/Gset/DSN_thorough/G1.csv
2026-01-14 17:18:02,976 - DSN - INFO - Cut: 11353 | Bound: -19176.00 | Time: 6.87s
2026-01-14 17:18:02,976 - DSN - INFO - Initialized DSN_thorough | preset=thorough | GPU=True
2026-01-14 17:18:02,976 - DSN - INFO - Params: η=0.003, T=500, init=degree, LS=True
2026-01-14 17:18:02,976 - DSN - INFO - Using GPU solver (CuPy)
2026-01-14 17:18:02,979 - DSN - INFO - DSN GPU Solver: n=800, edges=19176
2026-01-14 17:18:02,979 - DSN - INFO - DSN GPU: T=500, η=0.003, LS=True
2026-01-14 17:18:03,032 - DSN - INFO - t=000: B=-19515.00, Cut=11353, Best=11353 [LS]
2026-01-14 17:18:03,563 - DSN - INFO - t=040: B=-19176.00, Cut=0, Best=11353
2026-01-14 17:18:04,133 - DSN - INFO - t=080: B=-19176.00, Cut=0, Best=11353
2026-01-14 17:18:04,725 - DSN - INFO - t=120: B=-19176.00, Cut=0, Best=11353
2026-01-14 17:18:05,275 - DSN - INFO - t=160: B=-19176.00, Cut=0, Best=11353
2026-01-14 17:18:05,827 - DSN - INFO - t=200: B=-19176.00, Cut=11353, Best=11353 [LS]
2026-01-14 17:18:06,340 - DSN - INFO - t=240: B=-19176.00, Cut=0, Best=11353
2026-01-14 17:18:06,893 - DSN - INFO - t=280: B=-19176.00, Cut=0, Best=11353
2026-01-14 17:18:07,443 - DSN - INFO - t=320: B=-19176.00, Cut=0, Best=11353
2026-01-14 17:18:07,991 - DSN - INFO - t=360: B=-19176.00, Cut=0, Best=11353
2026-01-14 17:18:08,539 - DSN - INFO - t=400: B=-19176.00, Cut=11353, Best=11353 [LS]
2026-01-14 17:18:09,054 - DSN - INFO - t=440: B=-19176.00, Cut=0, Best=11353
2026-01-14 17:18:09,604 - DSN - INFO - t=480: B=-19176.00, Cut=0, Best=11353
2026-01-14 17:18:09,887 - DSN - INFO - DSN GPU done in 6.91s | Cut=11353
2026-01-14 17:18:09,893 - DSN - INFO - Results saved to: results/Gset/DSN_thorough/G1.csv
2026-01-14 17:18:09,893 - DSN - INFO - Cut: 11353 | Bound: -19176.00 | Time: 6.91s
2026-01-14 17:18:09,893 - DSN - INFO - Initialized DSN_thorough | preset=thorough | GPU=True
2026-01-14 17:18:09,893 - DSN - INFO - Params: η=0.003, T=500, init=degree, LS=True
2026-01-14 17:18:09,893 - DSN - INFO - Using GPU solver (CuPy)
2026-01-14 17:18:09,896 - DSN - INFO - DSN GPU Solver: n=800, edges=19176
2026-01-14 17:18:09,896 - DSN - INFO - DSN GPU: T=500, η=0.003, LS=True
2026-01-14 17:18:09,949 - DSN - INFO - t=000: B=-19515.00, Cut=11353, Best=11353 [LS]
2026-01-14 17:18:10,481 - DSN - INFO - t=040: B=-19176.01, Cut=0, Best=11353
2026-01-14 17:18:11,049 - DSN - INFO - t=080: B=-19176.00, Cut=0, Best=11353
2026-01-14 17:18:11,609 - DSN - INFO - t=120: B=-19176.00, Cut=0, Best=11353
2026-01-14 17:18:12,171 - DSN - INFO - t=160: B=-19176.00, Cut=0, Best=11353
2026-01-14 17:18:12,730 - DSN - INFO - t=200: B=-19176.00, Cut=11353, Best=11353 [LS]
2026-01-14 17:18:13,248 - DSN - INFO - t=240: B=-19176.00, Cut=0, Best=11353
2026-01-14 17:18:13,797 - DSN - INFO - t=280: B=-19176.00, Cut=0, Best=11353
2026-01-14 17:18:14,349 - DSN - INFO - t=320: B=-19176.00, Cut=0, Best=11353
2026-01-14 17:18:14,902 - DSN - INFO - t=360: B=-19176.00, Cut=0, Best=11353
2026-01-14 17:18:15,453 - DSN - INFO - t=400: B=-19176.00, Cut=11353, Best=11353 [LS]
2026-01-14 17:18:15,972 - DSN - INFO - t=440: B=-19176.00, Cut=0, Best=11353
2026-01-14 17:18:16,523 - DSN - INFO - t=480: B=-19176.00, Cut=0, Best=11353
2026-01-14 17:18:16,811 - DSN - INFO - DSN GPU done in 6.91s | Cut=11353
2026-01-14 17:18:16,815 - DSN - INFO - Results saved to: results/Gset/DSN_thorough/G1.csv
2026-01-14 17:18:16,815 - DSN - INFO - Cut: 11353 | Bound: -19176.00 | Time: 6.92s
2026-01-14 17:18:16,815 - DSN - INFO - Initialized DSN_thorough | preset=thorough | GPU=True
2026-01-14 17:18:16,815 - DSN - INFO - Params: η=0.003, T=500, init=degree, LS=True
2026-01-14 17:18:16,815 - DSN - INFO - Using GPU solver (CuPy)
2026-01-14 17:18:16,818 - DSN - INFO - DSN GPU Solver: n=800, edges=19176
2026-01-14 17:18:16,818 - DSN - INFO - DSN GPU: T=500, η=0.003, LS=True
2026-01-14 17:18:16,871 - DSN - INFO - t=000: B=-19515.00, Cut=11353, Best=11353 [LS]
2026-01-14 17:18:17,404 - DSN - INFO - t=040: B=-19176.01, Cut=0, Best=11353
2026-01-14 17:18:17,970 - DSN - INFO - t=080: B=-19176.00, Cut=0, Best=11353
2026-01-14 17:18:18,526 - DSN - INFO - t=120: B=-19176.00, Cut=0, Best=11353
2026-01-14 17:18:19,090 - DSN - INFO - t=160: B=-19176.00, Cut=0, Best=11353
2026-01-14 17:18:19,670 - DSN - INFO - t=200: B=-19176.00, Cut=11353, Best=11353 [LS]
2026-01-14 17:18:20,228 - DSN - INFO - t=240: B=-19176.00, Cut=0, Best=11353
2026-01-14 17:18:20,787 - DSN - INFO - t=280: B=-19176.00, Cut=0, Best=11353
2026-01-14 17:18:21,346 - DSN - INFO - t=320: B=-19176.00, Cut=0, Best=11353
2026-01-14 17:18:21,904 - DSN - INFO - t=360: B=-19176.00, Cut=0, Best=11353
2026-01-14 17:18:22,465 - DSN - INFO - t=400: B=-19176.00, Cut=11353, Best=11353 [LS]
2026-01-14 17:18:22,989 - DSN - INFO - t=440: B=-19176.00, Cut=0, Best=11353
2026-01-14 17:18:23,545 - DSN - INFO - t=480: B=-19176.00, Cut=0, Best=11353
2026-01-14 17:18:23,832 - DSN - INFO - DSN GPU done in 7.01s | Cut=11353
2026-01-14 17:18:23,836 - DSN - INFO - Results saved to: results/Gset/DSN_thorough/G1.csv
2026-01-14 17:18:23,836 - DSN - INFO - Cut: 11353 | Bound: -19176.00 | Time: 7.02s
2026-01-14 17:18:23,836 - DSN - INFO - Initialized DSN_thorough | preset=thorough | GPU=True
2026-01-14 17:18:23,836 - DSN - INFO - Params: η=0.003, T=500, init=degree, LS=True
2026-01-14 17:18:23,836 - DSN - INFO - Using GPU solver (CuPy)
2026-01-14 17:18:23,839 - DSN - INFO - DSN GPU Solver: n=800, edges=19176
2026-01-14 17:18:23,840 - DSN - INFO - DSN GPU: T=500, η=0.003, LS=True
2026-01-14 17:18:23,893 - DSN - INFO - t=000: B=-19515.00, Cut=11353, Best=11353 [LS]
2026-01-14 17:18:24,422 - DSN - INFO - t=040: B=-19176.01, Cut=0, Best=11353
2026-01-14 17:18:24,993 - DSN - INFO - t=080: B=-19176.00, Cut=0, Best=11353
2026-01-14 17:18:25,554 - DSN - INFO - t=120: B=-19176.00, Cut=0, Best=11353
2026-01-14 17:18:26,111 - DSN - INFO - t=160: B=-19176.00, Cut=0, Best=11353
2026-01-14 17:18:26,661 - DSN - INFO - t=200: B=-19176.00, Cut=11353, Best=11353 [LS]
2026-01-14 17:18:27,179 - DSN - INFO - t=240: B=-19176.00, Cut=0, Best=11353
2026-01-14 17:18:27,734 - DSN - INFO - t=280: B=-19176.00, Cut=0, Best=11353
2026-01-14 17:18:28,291 - DSN - INFO - t=320: B=-19176.00, Cut=0, Best=11353
2026-01-14 17:18:28,844 - DSN - INFO - t=360: B=-19176.00, Cut=0, Best=11353
2026-01-14 17:18:29,399 - DSN - INFO - t=400: B=-19176.00, Cut=11353, Best=11353 [LS]
2026-01-14 17:18:29,918 - DSN - INFO - t=440: B=-19176.00, Cut=0, Best=11353
2026-01-14 17:18:30,477 - DSN - INFO - t=480: B=-19176.00, Cut=0, Best=11353
2026-01-14 17:18:30,764 - DSN - INFO - DSN GPU done in 6.92s | Cut=11353
2026-01-14 17:18:30,768 - DSN - INFO - Results saved to: results/Gset/DSN_thorough/G1.csv
2026-01-14 17:18:30,768 - DSN - INFO - Cut: 11353 | Bound: -19176.00 | Time: 6.93s
2026-01-14 17:18:30,768 - DSN - INFO - Initialized DSN_thorough | preset=thorough | GPU=True
2026-01-14 17:18:30,768 - DSN - INFO - Params: η=0.003, T=500, init=degree, LS=True
2026-01-14 17:18:30,768 - DSN - INFO - Using GPU solver (CuPy)
2026-01-14 17:18:30,771 - DSN - INFO - DSN GPU Solver: n=800, edges=19176
2026-01-14 17:18:30,771 - DSN - INFO - DSN GPU: T=500, η=0.003, LS=True
2026-01-14 17:18:30,824 - DSN - INFO - t=000: B=-19515.00, Cut=11353, Best=11353 [LS]
2026-01-14 17:18:31,355 - DSN - INFO - t=040: B=-19176.01, Cut=0, Best=11353
2026-01-14 17:18:31,926 - DSN - INFO - t=080: B=-19176.00, Cut=0, Best=11353
2026-01-14 17:18:32,485 - DSN - INFO - t=120: B=-19176.00, Cut=0, Best=11353
2026-01-14 17:18:33,048 - DSN - INFO - t=160: B=-19176.00, Cut=0, Best=11353
2026-01-14 17:18:33,611 - DSN - INFO - t=200: B=-19176.00, Cut=11353, Best=11353 [LS]
2026-01-14 17:18:34,144 - DSN - INFO - t=240: B=-19176.00, Cut=0, Best=11353
2026-01-14 17:18:34,700 - DSN - INFO - t=280: B=-19176.00, Cut=0, Best=11353
2026-01-14 17:18:35,255 - DSN - INFO - t=320: B=-19176.00, Cut=0, Best=11353
2026-01-14 17:18:35,809 - DSN - INFO - t=360: B=-19176.00, Cut=0, Best=11353
2026-01-14 17:18:36,359 - DSN - INFO - t=400: B=-19176.00, Cut=11353, Best=11353 [LS]
2026-01-14 17:18:36,874 - DSN - INFO - t=440: B=-19176.00, Cut=0, Best=11353
2026-01-14 17:18:37,423 - DSN - INFO - t=480: B=-19176.00, Cut=0, Best=11353
2026-01-14 17:18:37,706 - DSN - INFO - DSN GPU done in 6.93s | Cut=11353
2026-01-14 17:18:37,711 - DSN - INFO - Results saved to: results/Gset/DSN_thorough/G1.csv
2026-01-14 17:18:37,711 - DSN - INFO - Cut: 11353 | Bound: -19176.00 | Time: 6.94s
2026-01-14 17:18:37,711 - DSN - INFO - Initialized DSN_thorough | preset=thorough | GPU=True
2026-01-14 17:18:37,711 - DSN - INFO - Params: η=0.003, T=500, init=degree, LS=True
2026-01-14 17:18:37,711 - DSN - INFO - Using GPU solver (CuPy)
2026-01-14 17:18:37,714 - DSN - INFO - DSN GPU Solver: n=800, edges=19176
2026-01-14 17:18:37,714 - DSN - INFO - DSN GPU: T=500, η=0.003, LS=True
2026-01-14 17:18:37,768 - DSN - INFO - t=000: B=-19515.00, Cut=11353, Best=11353 [LS]
2026-01-14 17:18:38,299 - DSN - INFO - t=040: B=-19176.01, Cut=0, Best=11353
2026-01-14 17:18:38,870 - DSN - INFO - t=080: B=-19176.00, Cut=0, Best=11353
2026-01-14 17:18:39,424 - DSN - INFO - t=120: B=-19176.00, Cut=0, Best=11353
2026-01-14 17:18:39,975 - DSN - INFO - t=160: B=-19176.00, Cut=0, Best=11353
2026-01-14 17:18:40,529 - DSN - INFO - t=200: B=-19176.00, Cut=11353, Best=11353 [LS]
2026-01-14 17:18:41,045 - DSN - INFO - t=240: B=-19176.00, Cut=0, Best=11353
2026-01-14 17:18:41,597 - DSN - INFO - t=280: B=-19176.00, Cut=0, Best=11353
2026-01-14 17:18:42,146 - DSN - INFO - t=320: B=-19176.00, Cut=0, Best=11353
2026-01-14 17:18:42,696 - DSN - INFO - t=360: B=-19176.00, Cut=0, Best=11353
2026-01-14 17:18:43,244 - DSN - INFO - t=400: B=-19176.00, Cut=11353, Best=11353 [LS]
2026-01-14 17:18:43,756 - DSN - INFO - t=440: B=-19176.00, Cut=0, Best=11353
2026-01-14 17:18:44,304 - DSN - INFO - t=480: B=-19176.00, Cut=0, Best=11353
2026-01-14 17:18:44,587 - DSN - INFO - DSN GPU done in 6.87s | Cut=11353
2026-01-14 17:18:44,591 - DSN - INFO - Results saved to: results/Gset/DSN_thorough/G1.csv
2026-01-14 17:18:44,591 - DSN - INFO - Cut: 11353 | Bound: -19176.00 | Time: 6.88s
2026-01-14 17:18:44,591 - DSN - INFO - Initialized DSN_thorough | preset=thorough | GPU=True
2026-01-14 17:18:44,591 - DSN - INFO - Params: η=0.003, T=500, init=degree, LS=True
2026-01-14 17:18:44,591 - DSN - INFO - Using GPU solver (CuPy)
2026-01-14 17:18:44,594 - DSN - INFO - DSN GPU Solver: n=800, edges=19176
2026-01-14 17:18:44,594 - DSN - INFO - DSN GPU: T=500, η=0.003, LS=True
2026-01-14 17:18:44,647 - DSN - INFO - t=000: B=-19515.00, Cut=11353, Best=11353 [LS]
2026-01-14 17:18:45,177 - DSN - INFO - t=040: B=-19176.01, Cut=0, Best=11353
2026-01-14 17:18:45,746 - DSN - INFO - t=080: B=-19176.00, Cut=0, Best=11353
2026-01-14 17:18:46,307 - DSN - INFO - t=120: B=-19176.00, Cut=0, Best=11353
2026-01-14 17:18:46,873 - DSN - INFO - t=160: B=-19176.00, Cut=0, Best=11353
2026-01-14 17:18:47,434 - DSN - INFO - t=200: B=-19176.00, Cut=11353, Best=11353 [LS]
2026-01-14 17:18:47,948 - DSN - INFO - t=240: B=-19176.00, Cut=0, Best=11353
2026-01-14 17:18:48,499 - DSN - INFO - t=280: B=-19176.00, Cut=0, Best=11353
2026-01-14 17:18:49,051 - DSN - INFO - t=320: B=-19176.00, Cut=0, Best=11353
2026-01-14 17:18:49,601 - DSN - INFO - t=360: B=-19176.00, Cut=0, Best=11353
2026-01-14 17:18:50,156 - DSN - INFO - t=400: B=-19176.00, Cut=11353, Best=11353 [LS]
2026-01-14 17:18:50,670 - DSN - INFO - t=440: B=-19176.00, Cut=0, Best=11353
2026-01-14 17:18:51,219 - DSN - INFO - t=480: B=-19176.00, Cut=0, Best=11353
2026-01-14 17:18:51,503 - DSN - INFO - DSN GPU done in 6.91s | Cut=11353
2026-01-14 17:18:51,506 - DSN - INFO - Results saved to: results/Gset/DSN_thorough/G1.csv
2026-01-14 17:18:51,506 - DSN - INFO - Cut: 11353 | Bound: -19176.00 | Time: 6.91s
2026-01-14 17:18:51,507 - DSN - INFO - Initialized DSN_thorough | preset=thorough | GPU=True
2026-01-14 17:18:51,507 - DSN - INFO - Params: η=0.003, T=500, init=degree, LS=True
2026-01-14 17:18:51,507 - DSN - INFO - Using GPU solver (CuPy)
2026-01-14 17:18:51,509 - DSN - INFO - DSN GPU Solver: n=800, edges=19176
2026-01-14 17:18:51,509 - DSN - INFO - DSN GPU: T=500, η=0.003, LS=True
2026-01-14 17:18:51,562 - DSN - INFO - t=000: B=-19515.00, Cut=11353, Best=11353 [LS]
2026-01-14 17:18:52,095 - DSN - INFO - t=040: B=-19176.01, Cut=0, Best=11353
2026-01-14 17:18:52,663 - DSN - INFO - t=080: B=-19176.00, Cut=0, Best=11353
2026-01-14 17:18:53,225 - DSN - INFO - t=120: B=-19176.00, Cut=0, Best=11353
2026-01-14 17:18:53,809 - DSN - INFO - t=160: B=-19176.00, Cut=0, Best=11353
2026-01-14 17:18:54,381 - DSN - INFO - t=200: B=-19176.00, Cut=11353, Best=11353 [LS]
2026-01-14 17:18:54,895 - DSN - INFO - t=240: B=-19176.00, Cut=0, Best=11353
2026-01-14 17:18:55,445 - DSN - INFO - t=280: B=-19176.00, Cut=0, Best=11353
2026-01-14 17:18:55,999 - DSN - INFO - t=320: B=-19176.00, Cut=0, Best=11353
2026-01-14 17:18:56,556 - DSN - INFO - t=360: B=-19176.00, Cut=0, Best=11353
2026-01-14 17:18:57,112 - DSN - INFO - t=400: B=-19176.00, Cut=11353, Best=11353 [LS]
2026-01-14 17:18:57,634 - DSN - INFO - t=440: B=-19176.00, Cut=0, Best=11353
2026-01-14 17:18:58,191 - DSN - INFO - t=480: B=-19176.00, Cut=0, Best=11353
2026-01-14 17:18:58,478 - DSN - INFO - DSN GPU done in 6.97s | Cut=11353
2026-01-14 17:18:58,481 - DSN - INFO - Results saved to: results/Gset/DSN_thorough/G1.csv
2026-01-14 17:18:58,481 - DSN - INFO - Cut: 11353 | Bound: -19176.00 | Time: 6.97s
2026-01-14 17:18:58,510 - DSN - INFO - Initialized DSN_thorough | preset=thorough | GPU=True
2026-01-14 17:18:58,510 - DSN - INFO - Params: η=0.003, T=500, init=degree, LS=True
2026-01-14 17:18:58,510 - DSN - INFO - Using GPU solver (CuPy)
2026-01-14 17:18:58,513 - DSN - INFO - DSN GPU Solver: n=800, edges=19176
2026-01-14 17:18:58,513 - DSN - INFO - DSN GPU: T=500, η=0.003, LS=True
2026-01-14 17:18:58,583 - DSN - INFO - t=000: B=-5505.35, Cut=1861, Best=1861 [LS]
2026-01-14 17:19:00,733 - DSN - INFO - t=040: B=-5217.04, Cut=15, Best=1861
2026-01-14 17:19:03,111 - DSN - INFO - t=080: B=-5202.85, Cut=-6, Best=1920
2026-01-14 17:19:05,574 - DSN - INFO - t=120: B=-5174.11, Cut=12, Best=1933
2026-01-14 17:19:08,169 - DSN - INFO - t=160: B=-5146.53, Cut=19, Best=1933
2026-01-14 17:19:10,776 - DSN - INFO - t=200: B=-5138.20, Cut=1954, Best=1954 [LS]
2026-01-14 17:19:13,354 - DSN - INFO - t=240: B=-5135.01, Cut=-6, Best=1954
2026-01-14 17:19:15,963 - DSN - INFO - t=280: B=-5133.17, Cut=2, Best=1954
2026-01-14 17:19:18,581 - DSN - INFO - t=320: B=-5131.71, Cut=1, Best=1954
2026-01-14 17:19:21,197 - DSN - INFO - t=360: B=-5130.61, Cut=26, Best=1954
2026-01-14 17:19:23,798 - DSN - INFO - t=400: B=-5131.19, Cut=1904, Best=1954 [LS]
2026-01-14 17:19:26,378 - DSN - INFO - t=440: B=-5130.80, Cut=-27, Best=1954
2026-01-14 17:19:28,986 - DSN - INFO - t=480: B=-5130.91, Cut=28, Best=1954
2026-01-14 17:19:30,239 - DSN - INFO - DSN GPU done in 31.73s | Cut=1954
2026-01-14 17:19:30,241 - DSN - INFO - Results saved to: results/Gset/DSN_thorough/G10.csv
2026-01-14 17:19:30,241 - DSN - INFO - Cut: 1954 | Bound: -5130.34 | Time: 31.73s
2026-01-14 17:19:30,242 - DSN - INFO - Initialized DSN_thorough | preset=thorough | GPU=True
2026-01-14 17:19:30,242 - DSN - INFO - Params: η=0.003, T=500, init=degree, LS=True
2026-01-14 17:19:30,242 - DSN - INFO - Using GPU solver (CuPy)
2026-01-14 17:19:30,245 - DSN - INFO - DSN GPU Solver: n=800, edges=19176
2026-01-14 17:19:30,245 - DSN - INFO - DSN GPU: T=500, η=0.003, LS=True
2026-01-14 17:19:30,314 - DSN - INFO - t=000: B=-5505.35, Cut=1870, Best=1870 [LS]
2026-01-14 17:19:32,450 - DSN - INFO - t=040: B=-5217.04, Cut=8, Best=1870
2026-01-14 17:19:34,933 - DSN - INFO - t=080: B=-5172.72, Cut=7, Best=1874
2026-01-14 17:19:37,531 - DSN - INFO - t=120: B=-5166.93, Cut=-25, Best=1880
2026-01-14 17:19:40,121 - DSN - INFO - t=160: B=-5162.04, Cut=0, Best=1880
2026-01-14 17:19:42,731 - DSN - INFO - t=200: B=-5148.60, Cut=1886, Best=1886 [LS]
2026-01-14 17:19:45,309 - DSN - INFO - t=240: B=-5138.37, Cut=0, Best=1886
2026-01-14 17:19:47,921 - DSN - INFO - t=280: B=-5133.72, Cut=15, Best=1900
2026-01-14 17:19:50,532 - DSN - INFO - t=320: B=-5131.66, Cut=15, Best=1987
2026-01-14 17:19:53,138 - DSN - INFO - t=360: B=-5131.73, Cut=16, Best=1987
2026-01-14 17:19:55,742 - DSN - INFO - t=400: B=-5130.36, Cut=1919, Best=1987 [LS]
2026-01-14 17:19:58,319 - DSN - INFO - t=440: B=-5131.22, Cut=0, Best=1987
2026-01-14 17:20:00,921 - DSN - INFO - t=480: B=-5131.02, Cut=4, Best=1987
2026-01-14 17:20:02,178 - DSN - INFO - DSN GPU done in 31.93s | Cut=1987
2026-01-14 17:20:02,182 - DSN - INFO - Results saved to: results/Gset/DSN_thorough/G10.csv
2026-01-14 17:20:02,182 - DSN - INFO - Cut: 1987 | Bound: -5130.01 | Time: 31.94s
2026-01-14 17:20:02,182 - DSN - INFO - Initialized DSN_thorough | preset=thorough | GPU=True
2026-01-14 17:20:02,182 - DSN - INFO - Params: η=0.003, T=500, init=degree, LS=True
2026-01-14 17:20:02,182 - DSN - INFO - Using GPU solver (CuPy)
2026-01-14 17:20:02,185 - DSN - INFO - DSN GPU Solver: n=800, edges=19176
2026-01-14 17:20:02,185 - DSN - INFO - DSN GPU: T=500, η=0.003, LS=True
2026-01-14 17:20:02,247 - DSN - INFO - t=000: B=-5505.35, Cut=1882, Best=1882 [LS]
2026-01-14 17:20:04,383 - DSN - INFO - t=040: B=-5217.02, Cut=-7, Best=1882
2026-01-14 17:20:06,834 - DSN - INFO - t=080: B=-5218.61, Cut=19, Best=1885
2026-01-14 17:20:09,408 - DSN - INFO - t=120: B=-5164.83, Cut=-32, Best=1891
2026-01-14 17:20:12,000 - DSN - INFO - t=160: B=-5160.90, Cut=15, Best=1891
2026-01-14 17:20:14,601 - DSN - INFO - t=200: B=-5162.94, Cut=1875, Best=1891 [LS]
2026-01-14 17:20:17,164 - DSN - INFO - t=240: B=-5145.49, Cut=33, Best=1891
2026-01-14 17:20:19,775 - DSN - INFO - t=280: B=-5138.10, Cut=0, Best=1962
2026-01-14 17:20:22,389 - DSN - INFO - t=320: B=-5136.53, Cut=13, Best=1962
2026-01-14 17:20:24,997 - DSN - INFO - t=360: B=-5133.41, Cut=8, Best=1962
2026-01-14 17:20:27,593 - DSN - INFO - t=400: B=-5130.63, Cut=1878, Best=1962 [LS]
2026-01-14 17:20:30,168 - DSN - INFO - t=440: B=-5131.40, Cut=11, Best=1962
2026-01-14 17:20:32,772 - DSN - INFO - t=480: B=-5130.77, Cut=16, Best=1962
2026-01-14 17:20:34,020 - DSN - INFO - DSN GPU done in 31.83s | Cut=1962
2026-01-14 17:20:34,024 - DSN - INFO - Results saved to: results/Gset/DSN_thorough/G10.csv
2026-01-14 17:20:34,024 - DSN - INFO - Cut: 1962 | Bound: -5130.02 | Time: 31.84s
2026-01-14 17:20:34,024 - DSN - INFO - Initialized DSN_thorough | preset=thorough | GPU=True
2026-01-14 17:20:34,024 - DSN - INFO - Params: η=0.003, T=500, init=degree, LS=True
2026-01-14 17:20:34,024 - DSN - INFO - Using GPU solver (CuPy)
2026-01-14 17:20:34,027 - DSN - INFO - DSN GPU Solver: n=800, edges=19176
2026-01-14 17:20:34,027 - DSN - INFO - DSN GPU: T=500, η=0.003, LS=True
2026-01-14 17:20:34,086 - DSN - INFO - t=000: B=-5505.35, Cut=1838, Best=1838 [LS]
2026-01-14 17:20:36,225 - DSN - INFO - t=040: B=-5217.04, Cut=16, Best=1838
2026-01-14 17:20:38,585 - DSN - INFO - t=080: B=-5210.33, Cut=6, Best=1862
2026-01-14 17:20:41,041 - DSN - INFO - t=120: B=-5173.69, Cut=23, Best=1880
2026-01-14 17:20:43,636 - DSN - INFO - t=160: B=-5164.16, Cut=-17, Best=1882
2026-01-14 17:20:46,242 - DSN - INFO - t=200: B=-5147.93, Cut=1854, Best=1882 [LS]
2026-01-14 17:20:48,817 - DSN - INFO - t=240: B=-5138.08, Cut=-30, Best=1882
2026-01-14 17:20:51,422 - DSN - INFO - t=280: B=-5135.00, Cut=4, Best=1882
2026-01-14 17:20:54,026 - DSN - INFO - t=320: B=-5132.06, Cut=26, Best=1933
2026-01-14 17:20:56,624 - DSN - INFO - t=360: B=-5130.56, Cut=14, Best=1933
2026-01-14 17:20:59,232 - DSN - INFO - t=400: B=-5130.85, Cut=1872, Best=1933 [LS]
2026-01-14 17:21:01,811 - DSN - INFO - t=440: B=-5130.69, Cut=0, Best=1933
2026-01-14 17:21:04,410 - DSN - INFO - t=480: B=-5130.64, Cut=-5, Best=1933
2026-01-14 17:21:05,677 - DSN - INFO - DSN GPU done in 31.65s | Cut=1933
2026-01-14 17:21:05,682 - DSN - INFO - Results saved to: results/Gset/DSN_thorough/G10.csv
2026-01-14 17:21:05,683 - DSN - INFO - Cut: 1933 | Bound: -5130.07 | Time: 31.65s
2026-01-14 17:21:05,683 - DSN - INFO - Initialized DSN_thorough | preset=thorough | GPU=True
2026-01-14 17:21:05,683 - DSN - INFO - Params: η=0.003, T=500, init=degree, LS=True
2026-01-14 17:21:05,683 - DSN - INFO - Using GPU solver (CuPy)
2026-01-14 17:21:05,686 - DSN - INFO - DSN GPU Solver: n=800, edges=19176
2026-01-14 17:21:05,686 - DSN - INFO - DSN GPU: T=500, η=0.003, LS=True
2026-01-14 17:21:05,757 - DSN - INFO - t=000: B=-5505.35, Cut=1870, Best=1870 [LS]
2026-01-14 17:21:07,913 - DSN - INFO - t=040: B=-5217.03, Cut=6, Best=1870
2026-01-14 17:21:10,308 - DSN - INFO - t=080: B=-5215.05, Cut=51, Best=1870
2026-01-14 17:21:12,815 - DSN - INFO - t=120: B=-5173.07, Cut=0, Best=1967
2026-01-14 17:21:15,441 - DSN - INFO - t=160: B=-5151.58, Cut=5, Best=1967
2026-01-14 17:21:18,070 - DSN - INFO - t=200: B=-5137.13, Cut=1867, Best=1967 [LS]
2026-01-14 17:21:20,659 - DSN - INFO - t=240: B=-5140.31, Cut=6, Best=1967
2026-01-14 17:21:23,271 - DSN - INFO - t=280: B=-5133.82, Cut=12, Best=1967
2026-01-14 17:21:25,877 - DSN - INFO - t=320: B=-5131.71, Cut=-12, Best=1967
2026-01-14 17:21:28,503 - DSN - INFO - t=360: B=-5131.61, Cut=9, Best=1967
2026-01-14 17:21:31,127 - DSN - INFO - t=400: B=-5131.12, Cut=1931, Best=1967 [LS]
2026-01-14 17:21:33,714 - DSN - INFO - t=440: B=-5130.91, Cut=14, Best=1967
2026-01-14 17:21:36,343 - DSN - INFO - t=480: B=-5130.88, Cut=20, Best=1967
2026-01-14 17:21:37,597 - DSN - INFO - DSN GPU done in 31.91s | Cut=1967
2026-01-14 17:21:37,603 - DSN - INFO - Results saved to: results/Gset/DSN_thorough/G10.csv
2026-01-14 17:21:37,603 - DSN - INFO - Cut: 1967 | Bound: -5130.41 | Time: 31.91s
2026-01-14 17:21:37,603 - DSN - INFO - Initialized DSN_thorough | preset=thorough | GPU=True
2026-01-14 17:21:37,603 - DSN - INFO - Params: η=0.003, T=500, init=degree, LS=True
2026-01-14 17:21:37,603 - DSN - INFO - Using GPU solver (CuPy)
2026-01-14 17:21:37,606 - DSN - INFO - DSN GPU Solver: n=800, edges=19176
2026-01-14 17:21:37,606 - DSN - INFO - DSN GPU: T=500, η=0.003, LS=True
2026-01-14 17:21:37,669 - DSN - INFO - t=000: B=-5505.35, Cut=1870, Best=1870 [LS]
2026-01-14 17:21:39,827 - DSN - INFO - t=040: B=-5217.03, Cut=20, Best=1870
2026-01-14 17:21:42,246 - DSN - INFO - t=080: B=-5213.09, Cut=4, Best=1870
2026-01-14 17:21:44,818 - DSN - INFO - t=120: B=-5163.95, Cut=24, Best=1907
2026-01-14 17:21:47,413 - DSN - INFO - t=160: B=-5164.95, Cut=-13, Best=1907
2026-01-14 17:21:50,010 - DSN - INFO - t=200: B=-5145.58, Cut=1866, Best=1907 [LS]
2026-01-14 17:21:52,588 - DSN - INFO - t=240: B=-5139.58, Cut=0, Best=1907
2026-01-14 17:21:55,197 - DSN - INFO - t=280: B=-5133.44, Cut=0, Best=1933
2026-01-14 17:21:57,803 - DSN - INFO - t=320: B=-5132.73, Cut=0, Best=1933
2026-01-14 17:22:00,412 - DSN - INFO - t=360: B=-5131.58, Cut=1, Best=1933
2026-01-14 17:22:03,016 - DSN - INFO - t=400: B=-5130.81, Cut=1933, Best=1933 [LS]
2026-01-14 17:22:05,588 - DSN - INFO - t=440: B=-5130.71, Cut=0, Best=1933
2026-01-14 17:22:08,185 - DSN - INFO - t=480: B=-5131.18, Cut=22, Best=1945
2026-01-14 17:22:09,444 - DSN - INFO - DSN GPU done in 31.84s | Cut=1945
2026-01-14 17:22:09,448 - DSN - INFO - Results saved to: results/Gset/DSN_thorough/G10.csv
2026-01-14 17:22:09,448 - DSN - INFO - Cut: 1945 | Bound: -5130.00 | Time: 31.84s
2026-01-14 17:22:09,448 - DSN - INFO - Initialized DSN_thorough | preset=thorough | GPU=True
2026-01-14 17:22:09,448 - DSN - INFO - Params: η=0.003, T=500, init=degree, LS=True
2026-01-14 17:22:09,448 - DSN - INFO - Using GPU solver (CuPy)
2026-01-14 17:22:09,451 - DSN - INFO - DSN GPU Solver: n=800, edges=19176
2026-01-14 17:22:09,451 - DSN - INFO - DSN GPU: T=500, η=0.003, LS=True
2026-01-14 17:22:09,520 - DSN - INFO - t=000: B=-5505.35, Cut=1858, Best=1858 [LS]
2026-01-14 17:22:11,656 - DSN - INFO - t=040: B=-5217.03, Cut=-2, Best=1858
2026-01-14 17:22:14,022 - DSN - INFO - t=080: B=-5213.33, Cut=30, Best=1858
2026-01-14 17:22:16,497 - DSN - INFO - t=120: B=-5164.01, Cut=33, Best=1861
2026-01-14 17:22:19,080 - DSN - INFO - t=160: B=-5165.77, Cut=-11, Best=1888
2026-01-14 17:22:21,672 - DSN - INFO - t=200: B=-5144.55, Cut=1865, Best=1888 [LS]
2026-01-14 17:22:24,250 - DSN - INFO - t=240: B=-5136.39, Cut=31, Best=1888
2026-01-14 17:22:26,859 - DSN - INFO - t=280: B=-5132.39, Cut=9, Best=1888
2026-01-14 17:22:29,465 - DSN - INFO - t=320: B=-5132.35, Cut=35, Best=1888
2026-01-14 17:22:32,063 - DSN - INFO - t=360: B=-5131.45, Cut=28, Best=1936
2026-01-14 17:22:34,670 - DSN - INFO - t=400: B=-5131.98, Cut=1875, Best=1936 [LS]
2026-01-14 17:22:37,241 - DSN - INFO - t=440: B=-5131.30, Cut=13, Best=1936
2026-01-14 17:22:39,835 - DSN - INFO - t=480: B=-5131.87, Cut=16, Best=1936
2026-01-14 17:22:41,093 - DSN - INFO - DSN GPU done in 31.64s | Cut=1965
2026-01-14 17:22:41,097 - DSN - INFO - Results saved to: results/Gset/DSN_thorough/G10.csv
2026-01-14 17:22:41,097 - DSN - INFO - Cut: 1965 | Bound: -5130.10 | Time: 31.64s
2026-01-14 17:22:41,097 - DSN - INFO - Initialized DSN_thorough | preset=thorough | GPU=True
2026-01-14 17:22:41,097 - DSN - INFO - Params: η=0.003, T=500, init=degree, LS=True
2026-01-14 17:22:41,097 - DSN - INFO - Using GPU solver (CuPy)
2026-01-14 17:22:41,100 - DSN - INFO - DSN GPU Solver: n=800, edges=19176
2026-01-14 17:22:41,100 - DSN - INFO - DSN GPU: T=500, η=0.003, LS=True
2026-01-14 17:22:41,161 - DSN - INFO - t=000: B=-5505.35, Cut=1870, Best=1870 [LS]
2026-01-14 17:22:43,318 - DSN - INFO - t=040: B=-5217.03, Cut=8, Best=1870
2026-01-14 17:22:45,795 - DSN - INFO - t=080: B=-5173.41, Cut=6, Best=1870
2026-01-14 17:22:48,385 - DSN - INFO - t=120: B=-5145.57, Cut=-6, Best=1902
2026-01-14 17:22:50,993 - DSN - INFO - t=160: B=-5136.56, Cut=3, Best=1902
2026-01-14 17:22:53,590 - DSN - INFO - t=200: B=-5138.17, Cut=1849, Best=1902 [LS]
2026-01-14 17:22:56,176 - DSN - INFO - t=240: B=-5135.84, Cut=0, Best=1902
2026-01-14 17:22:58,781 - DSN - INFO - t=280: B=-5133.11, Cut=18, Best=1902
2026-01-14 17:23:01,393 - DSN - INFO - t=320: B=-5131.39, Cut=7, Best=1902
2026-01-14 17:23:04,006 - DSN - INFO - t=360: B=-5132.45, Cut=9, Best=1928
2026-01-14 17:23:06,606 - DSN - INFO - t=400: B=-5130.99, Cut=1859, Best=1928 [LS]
2026-01-14 17:23:09,188 - DSN - INFO - t=440: B=-5130.89, Cut=19, Best=1928
2026-01-14 17:23:11,785 - DSN - INFO - t=480: B=-5130.60, Cut=49, Best=1928
2026-01-14 17:23:13,033 - DSN - INFO - DSN GPU done in 31.93s | Cut=1928
2026-01-14 17:23:13,037 - DSN - INFO - Results saved to: results/Gset/DSN_thorough/G10.csv
2026-01-14 17:23:13,037 - DSN - INFO - Cut: 1928 | Bound: -5130.20 | Time: 31.94s
2026-01-14 17:23:13,037 - DSN - INFO - Initialized DSN_thorough | preset=thorough | GPU=True
2026-01-14 17:23:13,037 - DSN - INFO - Params: η=0.003, T=500, init=degree, LS=True
2026-01-14 17:23:13,037 - DSN - INFO - Using GPU solver (CuPy)
2026-01-14 17:23:13,040 - DSN - INFO - DSN GPU Solver: n=800, edges=19176
2026-01-14 17:23:13,040 - DSN - INFO - DSN GPU: T=500, η=0.003, LS=True
2026-01-14 17:23:13,111 - DSN - INFO - t=000: B=-5505.35, Cut=1913, Best=1913 [LS]
2026-01-14 17:23:15,245 - DSN - INFO - t=040: B=-5217.03, Cut=-9, Best=1913
2026-01-14 17:23:17,656 - DSN - INFO - t=080: B=-5216.86, Cut=29, Best=1920
2026-01-14 17:23:20,185 - DSN - INFO - t=120: B=-5165.84, Cut=5, Best=1920
2026-01-14 17:23:22,770 - DSN - INFO - t=160: B=-5147.90, Cut=36, Best=1922
2026-01-14 17:23:25,377 - DSN - INFO - t=200: B=-5141.08, Cut=1852, Best=1922 [LS]
2026-01-14 17:23:27,958 - DSN - INFO - t=240: B=-5134.31, Cut=23, Best=1922
2026-01-14 17:23:30,573 - DSN - INFO - t=280: B=-5133.44, Cut=15, Best=1922
2026-01-14 17:23:33,182 - DSN - INFO - t=320: B=-5131.82, Cut=6, Best=1922
2026-01-14 17:23:35,774 - DSN - INFO - t=360: B=-5131.40, Cut=25, Best=1922
2026-01-14 17:23:38,378 - DSN - INFO - t=400: B=-5130.80, Cut=1883, Best=1922 [LS]
2026-01-14 17:23:40,963 - DSN - INFO - t=440: B=-5130.82, Cut=48, Best=1922
2026-01-14 17:23:43,570 - DSN - INFO - t=480: B=-5130.67, Cut=21, Best=1922
2026-01-14 17:23:44,831 - DSN - INFO - DSN GPU done in 31.79s | Cut=1977
2026-01-14 17:23:44,836 - DSN - INFO - Results saved to: results/Gset/DSN_thorough/G10.csv
2026-01-14 17:23:44,836 - DSN - INFO - Cut: 1977 | Bound: -5130.20 | Time: 31.79s
2026-01-14 17:23:44,836 - DSN - INFO - Initialized DSN_thorough | preset=thorough | GPU=True
2026-01-14 17:23:44,836 - DSN - INFO - Params: η=0.003, T=500, init=degree, LS=True
2026-01-14 17:23:44,836 - DSN - INFO - Using GPU solver (CuPy)
2026-01-14 17:23:44,840 - DSN - INFO - DSN GPU Solver: n=800, edges=19176
2026-01-14 17:23:44,840 - DSN - INFO - DSN GPU: T=500, η=0.003, LS=True
2026-01-14 17:23:44,918 - DSN - INFO - t=000: B=-5505.35, Cut=1888, Best=1888 [LS]
2026-01-14 17:23:47,051 - DSN - INFO - t=040: B=-5217.02, Cut=15, Best=1888
2026-01-14 17:23:49,441 - DSN - INFO - t=080: B=-5200.56, Cut=3, Best=1954
2026-01-14 17:23:51,907 - DSN - INFO - t=120: B=-5167.57, Cut=10, Best=1954
2026-01-14 17:23:54,502 - DSN - INFO - t=160: B=-5149.51, Cut=31, Best=1954
2026-01-14 17:23:57,099 - DSN - INFO - t=200: B=-5141.22, Cut=1874, Best=1954 [LS]
2026-01-14 17:23:59,677 - DSN - INFO - t=240: B=-5133.74, Cut=18, Best=1954
2026-01-14 17:24:02,283 - DSN - INFO - t=280: B=-5135.08, Cut=20, Best=1954
2026-01-14 17:24:04,889 - DSN - INFO - t=320: B=-5132.59, Cut=23, Best=1954
2026-01-14 17:24:07,489 - DSN - INFO - t=360: B=-5131.01, Cut=3, Best=1954
2026-01-14 17:24:10,094 - DSN - INFO - t=400: B=-5130.85, Cut=1873, Best=1954 [LS]
2026-01-14 17:24:12,666 - DSN - INFO - t=440: B=-5131.65, Cut=33, Best=1954
2026-01-14 17:24:15,261 - DSN - INFO - t=480: B=-5131.91, Cut=34, Best=1954
2026-01-14 17:24:16,481 - DSN - INFO - DSN GPU done in 31.64s | Cut=1954
2026-01-14 17:24:16,486 - DSN - INFO - Results saved to: results/Gset/DSN_thorough/G10.csv
2026-01-14 17:24:16,486 - DSN - INFO - Cut: 1954 | Bound: -5130.33 | Time: 31.64s
2026-01-14 17:24:16,489 - DSN - INFO - Initialized DSN_thorough | preset=thorough | GPU=True
2026-01-14 17:24:16,489 - DSN - INFO - Params: η=0.003, T=500, init=degree, LS=True
2026-01-14 17:24:16,489 - DSN - INFO - Using GPU solver (CuPy)
2026-01-14 17:24:16,490 - DSN - INFO - DSN GPU Solver: n=800, edges=1600
2026-01-14 17:24:16,490 - DSN - INFO - DSN GPU: T=500, η=0.003, LS=True
2026-01-14 17:24:16,528 - DSN - INFO - t=000: B=-1378.58, Cut=438, Best=438 [LS]
2026-01-14 17:24:18,339 - DSN - INFO - t=040: B=-1361.49, Cut=-8, Best=438
2026-01-14 17:24:20,168 - DSN - INFO - t=080: B=-1306.46, Cut=-12, Best=438
2026-01-14 17:24:22,377 - DSN - INFO - t=120: B=-1264.85, Cut=-8, Best=438
2026-01-14 17:24:24,669 - DSN - INFO - t=160: B=-1251.43, Cut=-36, Best=440
2026-01-14 17:24:27,138 - DSN - INFO - t=200: B=-1241.65, Cut=438, Best=440 [LS]
2026-01-14 17:24:29,691 - DSN - INFO - t=240: B=-1234.05, Cut=-14, Best=440
2026-01-14 17:24:32,262 - DSN - INFO - t=280: B=-1231.72, Cut=-6, Best=440
2026-01-14 17:24:34,832 - DSN - INFO - t=320: B=-1230.30, Cut=-14, Best=440
2026-01-14 17:24:37,407 - DSN - INFO - t=360: B=-1230.43, Cut=-28, Best=440
2026-01-14 17:24:39,981 - DSN - INFO - t=400: B=-1226.68, Cut=432, Best=440 [LS]
2026-01-14 17:24:42,537 - DSN - INFO - t=440: B=-1226.48, Cut=-4, Best=440
2026-01-14 17:24:45,114 - DSN - INFO - t=480: B=-1226.42, Cut=-12, Best=440
2026-01-14 17:24:46,341 - DSN - INFO - DSN GPU done in 29.85s | Cut=440
2026-01-14 17:24:46,343 - DSN - INFO - Results saved to: results/Gset/DSN_thorough/G11.csv
2026-01-14 17:24:46,343 - DSN - INFO - Cut: 440 | Bound: -1225.85 | Time: 29.85s
2026-01-14 17:24:46,343 - DSN - INFO - Initialized DSN_thorough | preset=thorough | GPU=True
2026-01-14 17:24:46,343 - DSN - INFO - Params: η=0.003, T=500, init=degree, LS=True
2026-01-14 17:24:46,343 - DSN - INFO - Using GPU solver (CuPy)
2026-01-14 17:24:46,344 - DSN - INFO - DSN GPU Solver: n=800, edges=1600
2026-01-14 17:24:46,344 - DSN - INFO - DSN GPU: T=500, η=0.003, LS=True
2026-01-14 17:24:46,382 - DSN - INFO - t=000: B=-1378.58, Cut=436, Best=436 [LS]
2026-01-14 17:24:48,092 - DSN - INFO - t=040: B=-1355.56, Cut=-8, Best=436
2026-01-14 17:24:49,865 - DSN - INFO - t=080: B=-1340.74, Cut=-10, Best=436
2026-01-14 17:24:52,025 - DSN - INFO - t=120: B=-1278.53, Cut=-46, Best=436
2026-01-14 17:24:54,325 - DSN - INFO - t=160: B=-1258.14, Cut=-22, Best=436
2026-01-14 17:24:56,769 - DSN - INFO - t=200: B=-1252.86, Cut=436, Best=436 [LS]
2026-01-14 17:24:59,238 - DSN - INFO - t=240: B=-1236.37, Cut=-18, Best=436
2026-01-14 17:25:01,808 - DSN - INFO - t=280: B=-1232.13, Cut=-10, Best=444
2026-01-14 17:25:04,381 - DSN - INFO - t=320: B=-1230.30, Cut=-18, Best=444
2026-01-14 17:25:06,959 - DSN - INFO - t=360: B=-1228.01, Cut=-6, Best=444
2026-01-14 17:25:09,536 - DSN - INFO - t=400: B=-1227.49, Cut=430, Best=444 [LS]
2026-01-14 17:25:12,109 - DSN - INFO - t=440: B=-1227.23, Cut=-12, Best=444
2026-01-14 17:25:14,677 - DSN - INFO - t=480: B=-1226.75, Cut=2, Best=444
2026-01-14 17:25:15,910 - DSN - INFO - DSN GPU done in 29.57s | Cut=444
2026-01-14 17:25:15,913 - DSN - INFO - Results saved to: results/Gset/DSN_thorough/G11.csv
2026-01-14 17:25:15,913 - DSN - INFO - Cut: 444 | Bound: -1226.45 | Time: 29.57s
2026-01-14 17:25:15,913 - DSN - INFO - Initialized DSN_thorough | preset=thorough | GPU=True
2026-01-14 17:25:15,913 - DSN - INFO - Params: η=0.003, T=500, init=degree, LS=True
2026-01-14 17:25:15,913 - DSN - INFO - Using GPU solver (CuPy)
2026-01-14 17:25:15,914 - DSN - INFO - DSN GPU Solver: n=800, edges=1600
2026-01-14 17:25:15,914 - DSN - INFO - DSN GPU: T=500, η=0.003, LS=True
2026-01-14 17:25:15,943 - DSN - INFO - t=000: B=-1378.58, Cut=432, Best=432 [LS]
2026-01-14 17:25:17,677 - DSN - INFO - t=040: B=-1333.62, Cut=-12, Best=432
2026-01-14 17:25:19,601 - DSN - INFO - t=080: B=-1313.77, Cut=-10, Best=432
2026-01-14 17:25:21,680 - DSN - INFO - t=120: B=-1270.79, Cut=-16, Best=432
2026-01-14 17:25:23,960 - DSN - INFO - t=160: B=-1250.59, Cut=-14, Best=436
2026-01-14 17:25:26,385 - DSN - INFO - t=200: B=-1245.97, Cut=432, Best=436 [LS]
2026-01-14 17:25:28,917 - DSN - INFO - t=240: B=-1235.20, Cut=-16, Best=436
2026-01-14 17:25:31,489 - DSN - INFO - t=280: B=-1231.13, Cut=-26, Best=436
2026-01-14 17:25:34,057 - DSN - INFO - t=320: B=-1230.17, Cut=-18, Best=446
2026-01-14 17:25:36,629 - DSN - INFO - t=360: B=-1227.77, Cut=-30, Best=446
2026-01-14 17:25:39,190 - DSN - INFO - t=400: B=-1226.81, Cut=422, Best=446 [LS]
2026-01-14 17:25:41,762 - DSN - INFO - t=440: B=-1226.22, Cut=0, Best=446
2026-01-14 17:25:44,332 - DSN - INFO - t=480: B=-1225.88, Cut=-2, Best=446
2026-01-14 17:25:45,562 - DSN - INFO - DSN GPU done in 29.65s | Cut=446
2026-01-14 17:25:45,566 - DSN - INFO - Results saved to: results/Gset/DSN_thorough/G11.csv
2026-01-14 17:25:45,566 - DSN - INFO - Cut: 446 | Bound: -1225.61 | Time: 29.65s
2026-01-14 17:25:45,566 - DSN - INFO - Initialized DSN_thorough | preset=thorough | GPU=True
2026-01-14 17:25:45,566 - DSN - INFO - Params: η=0.003, T=500, init=degree, LS=True
2026-01-14 17:25:45,566 - DSN - INFO - Using GPU solver (CuPy)
2026-01-14 17:25:45,567 - DSN - INFO - DSN GPU Solver: n=800, edges=1600
2026-01-14 17:25:45,567 - DSN - INFO - DSN GPU: T=500, η=0.003, LS=True
2026-01-14 17:25:45,604 - DSN - INFO - t=000: B=-1378.58, Cut=438, Best=438 [LS]
2026-01-14 17:25:47,323 - DSN - INFO - t=040: B=-1345.38, Cut=-20, Best=438
2026-01-14 17:25:49,172 - DSN - INFO - t=080: B=-1336.92, Cut=0, Best=438
2026-01-14 17:25:51,209 - DSN - INFO - t=120: B=-1283.88, Cut=-20, Best=438
2026-01-14 17:25:53,457 - DSN - INFO - t=160: B=-1265.36, Cut=-14, Best=438
2026-01-14 17:25:55,831 - DSN - INFO - t=200: B=-1250.95, Cut=430, Best=438 [LS]
2026-01-14 17:25:58,268 - DSN - INFO - t=240: B=-1237.00, Cut=-46, Best=438
2026-01-14 17:26:00,836 - DSN - INFO - t=280: B=-1233.02, Cut=-10, Best=438
2026-01-14 17:26:03,409 - DSN - INFO - t=320: B=-1231.87, Cut=-24, Best=440
2026-01-14 17:26:05,982 - DSN - INFO - t=360: B=-1228.37, Cut=-34, Best=440
2026-01-14 17:26:08,552 - DSN - INFO - t=400: B=-1227.67, Cut=438, Best=440 [LS]
2026-01-14 17:26:11,106 - DSN - INFO - t=440: B=-1227.01, Cut=-2, Best=440
2026-01-14 17:26:13,687 - DSN - INFO - t=480: B=-1226.63, Cut=0, Best=440
2026-01-14 17:26:14,908 - DSN - INFO - DSN GPU done in 29.34s | Cut=440
2026-01-14 17:26:14,912 - DSN - INFO - Results saved to: results/Gset/DSN_thorough/G11.csv
2026-01-14 17:26:14,912 - DSN - INFO - Cut: 440 | Bound: -1226.54 | Time: 29.34s
2026-01-14 17:26:14,912 - DSN - INFO - Initialized DSN_thorough | preset=thorough | GPU=True
2026-01-14 17:26:14,912 - DSN - INFO - Params: η=0.003, T=500, init=degree, LS=True
2026-01-14 17:26:14,912 - DSN - INFO - Using GPU solver (CuPy)
2026-01-14 17:26:14,913 - DSN - INFO - DSN GPU Solver: n=800, edges=1600
2026-01-14 17:26:14,913 - DSN - INFO - DSN GPU: T=500, η=0.003, LS=True
2026-01-14 17:26:14,942 - DSN - INFO - t=000: B=-1378.58, Cut=438, Best=438 [LS]
2026-01-14 17:26:16,753 - DSN - INFO - t=040: B=-1342.04, Cut=-16, Best=438
2026-01-14 17:26:18,739 - DSN - INFO - t=080: B=-1285.97, Cut=-12, Best=438
2026-01-14 17:26:20,928 - DSN - INFO - t=120: B=-1262.98, Cut=-14, Best=438
2026-01-14 17:26:23,280 - DSN - INFO - t=160: B=-1248.44, Cut=-12, Best=438
2026-01-14 17:26:25,764 - DSN - INFO - t=200: B=-1239.27, Cut=432, Best=438 [LS]
2026-01-14 17:26:28,326 - DSN - INFO - t=240: B=-1233.14, Cut=-18, Best=438
2026-01-14 17:26:30,893 - DSN - INFO - t=280: B=-1231.82, Cut=-16, Best=438
2026-01-14 17:26:33,457 - DSN - INFO - t=320: B=-1229.42, Cut=-34, Best=438
2026-01-14 17:26:36,022 - DSN - INFO - t=360: B=-1227.69, Cut=-20, Best=438
2026-01-14 17:26:38,594 - DSN - INFO - t=400: B=-1226.90, Cut=434, Best=438 [LS]
2026-01-14 17:26:41,153 - DSN - INFO - t=440: B=-1226.86, Cut=4, Best=438
2026-01-14 17:26:43,728 - DSN - INFO - t=480: B=-1226.68, Cut=-2, Best=438
2026-01-14 17:26:44,958 - DSN - INFO - DSN GPU done in 30.04s | Cut=438
2026-01-14 17:26:44,962 - DSN - INFO - Results saved to: results/Gset/DSN_thorough/G11.csv
2026-01-14 17:26:44,962 - DSN - INFO - Cut: 438 | Bound: -1226.59 | Time: 30.05s
2026-01-14 17:26:44,962 - DSN - INFO - Initialized DSN_thorough | preset=thorough | GPU=True
2026-01-14 17:26:44,962 - DSN - INFO - Params: η=0.003, T=500, init=degree, LS=True
2026-01-14 17:26:44,962 - DSN - INFO - Using GPU solver (CuPy)
2026-01-14 17:26:44,963 - DSN - INFO - DSN GPU Solver: n=800, edges=1600
2026-01-14 17:26:44,963 - DSN - INFO - DSN GPU: T=500, η=0.003, LS=True
2026-01-14 17:26:44,992 - DSN - INFO - t=000: B=-1378.58, Cut=438, Best=438 [LS]
2026-01-14 17:26:46,701 - DSN - INFO - t=040: B=-1353.76, Cut=-10, Best=438
2026-01-14 17:26:48,634 - DSN - INFO - t=080: B=-1324.28, Cut=-10, Best=438
2026-01-14 17:26:50,633 - DSN - INFO - t=120: B=-1286.07, Cut=-14, Best=438
2026-01-14 17:26:52,892 - DSN - INFO - t=160: B=-1265.72, Cut=-14, Best=438
2026-01-14 17:26:55,216 - DSN - INFO - t=200: B=-1250.32, Cut=432, Best=438 [LS]
2026-01-14 17:26:57,653 - DSN - INFO - t=240: B=-1243.03, Cut=-14, Best=438
2026-01-14 17:27:00,228 - DSN - INFO - t=280: B=-1234.64, Cut=-20, Best=438
2026-01-14 17:27:02,806 - DSN - INFO - t=320: B=-1231.99, Cut=-8, Best=444
2026-01-14 17:27:05,363 - DSN - INFO - t=360: B=-1228.33, Cut=-26, Best=444
2026-01-14 17:27:07,942 - DSN - INFO - t=400: B=-1227.83, Cut=432, Best=444 [LS]
2026-01-14 17:27:10,501 - DSN - INFO - t=440: B=-1227.22, Cut=0, Best=444
2026-01-14 17:27:13,077 - DSN - INFO - t=480: B=-1226.60, Cut=0, Best=444
2026-01-14 17:27:14,299 - DSN - INFO - DSN GPU done in 29.34s | Cut=444
2026-01-14 17:27:14,303 - DSN - INFO - Results saved to: results/Gset/DSN_thorough/G11.csv
2026-01-14 17:27:14,303 - DSN - INFO - Cut: 444 | Bound: -1226.47 | Time: 29.34s
2026-01-14 17:27:14,303 - DSN - INFO - Initialized DSN_thorough | preset=thorough | GPU=True
2026-01-14 17:27:14,303 - DSN - INFO - Params: η=0.003, T=500, init=degree, LS=True
2026-01-14 17:27:14,303 - DSN - INFO - Using GPU solver (CuPy)
2026-01-14 17:27:14,304 - DSN - INFO - DSN GPU Solver: n=800, edges=1600
2026-01-14 17:27:14,304 - DSN - INFO - DSN GPU: T=500, η=0.003, LS=True
2026-01-14 17:27:14,333 - DSN - INFO - t=000: B=-1378.58, Cut=436, Best=436 [LS]
2026-01-14 17:27:16,101 - DSN - INFO - t=040: B=-1341.57, Cut=-6, Best=436
2026-01-14 17:27:18,159 - DSN - INFO - t=080: B=-1276.79, Cut=-34, Best=438
2026-01-14 17:27:20,487 - DSN - INFO - t=120: B=-1260.43, Cut=-26, Best=438
2026-01-14 17:27:22,852 - DSN - INFO - t=160: B=-1252.95, Cut=-16, Best=438
2026-01-14 17:27:25,345 - DSN - INFO - t=200: B=-1245.68, Cut=430, Best=438 [LS]
2026-01-14 17:27:27,894 - DSN - INFO - t=240: B=-1234.06, Cut=-2, Best=438
2026-01-14 17:27:30,466 - DSN - INFO - t=280: B=-1232.78, Cut=-24, Best=438
2026-01-14 17:27:33,039 - DSN - INFO - t=320: B=-1228.64, Cut=-4, Best=438
2026-01-14 17:27:35,606 - DSN - INFO - t=360: B=-1228.17, Cut=-14, Best=444
2026-01-14 17:27:38,172 - DSN - INFO - t=400: B=-1227.46, Cut=436, Best=444 [LS]
2026-01-14 17:27:40,723 - DSN - INFO - t=440: B=-1226.75, Cut=-4, Best=444
2026-01-14 17:27:43,297 - DSN - INFO - t=480: B=-1226.71, Cut=-8, Best=444
2026-01-14 17:27:44,520 - DSN - INFO - DSN GPU done in 30.22s | Cut=444
2026-01-14 17:27:44,525 - DSN - INFO - Results saved to: results/Gset/DSN_thorough/G11.csv
2026-01-14 17:27:44,525 - DSN - INFO - Cut: 444 | Bound: -1226.37 | Time: 30.22s
2026-01-14 17:27:44,525 - DSN - INFO - Initialized DSN_thorough | preset=thorough | GPU=True
2026-01-14 17:27:44,525 - DSN - INFO - Params: η=0.003, T=500, init=degree, LS=True
2026-01-14 17:27:44,525 - DSN - INFO - Using GPU solver (CuPy)
2026-01-14 17:27:44,526 - DSN - INFO - DSN GPU Solver: n=800, edges=1600
2026-01-14 17:27:44,526 - DSN - INFO - DSN GPU: T=500, η=0.003, LS=True
2026-01-14 17:27:44,555 - DSN - INFO - t=000: B=-1378.58, Cut=436, Best=436 [LS]
2026-01-14 17:27:46,435 - DSN - INFO - t=040: B=-1341.53, Cut=-10, Best=436
2026-01-14 17:27:48,522 - DSN - INFO - t=080: B=-1272.53, Cut=-20, Best=438
2026-01-14 17:27:50,807 - DSN - INFO - t=120: B=-1256.83, Cut=-30, Best=438
2026-01-14 17:27:53,135 - DSN - INFO - t=160: B=-1246.01, Cut=-18, Best=438
2026-01-14 17:27:55,611 - DSN - INFO - t=200: B=-1245.95, Cut=428, Best=438 [LS]
2026-01-14 17:27:58,043 - DSN - INFO - t=240: B=-1242.74, Cut=-12, Best=438
2026-01-14 17:28:00,539 - DSN - INFO - t=280: B=-1243.18, Cut=-34, Best=438
2026-01-14 17:28:03,069 - DSN - INFO - t=320: B=-1230.59, Cut=-20, Best=438
2026-01-14 17:28:05,648 - DSN - INFO - t=360: B=-1228.94, Cut=-8, Best=438
2026-01-14 17:28:08,222 - DSN - INFO - t=400: B=-1226.78, Cut=432, Best=438 [LS]
2026-01-14 17:28:10,780 - DSN - INFO - t=440: B=-1226.12, Cut=-6, Best=438
2026-01-14 17:28:13,361 - DSN - INFO - t=480: B=-1226.42, Cut=-6, Best=438
2026-01-14 17:28:14,597 - DSN - INFO - DSN GPU done in 30.07s | Cut=438
2026-01-14 17:28:14,601 - DSN - INFO - Results saved to: results/Gset/DSN_thorough/G11.csv
2026-01-14 17:28:14,601 - DSN - INFO - Cut: 438 | Bound: -1225.60 | Time: 30.07s
2026-01-14 17:28:14,601 - DSN - INFO - Initialized DSN_thorough | preset=thorough | GPU=True
2026-01-14 17:28:14,601 - DSN - INFO - Params: η=0.003, T=500, init=degree, LS=True
2026-01-14 17:28:14,601 - DSN - INFO - Using GPU solver (CuPy)
2026-01-14 17:28:14,602 - DSN - INFO - DSN GPU Solver: n=800, edges=1600
2026-01-14 17:28:14,602 - DSN - INFO - DSN GPU: T=500, η=0.003, LS=True
2026-01-14 17:28:14,639 - DSN - INFO - t=000: B=-1378.58, Cut=434, Best=434 [LS]
2026-01-14 17:28:16,380 - DSN - INFO - t=040: B=-1354.14, Cut=-10, Best=434
2026-01-14 17:28:18,271 - DSN - INFO - t=080: B=-1298.05, Cut=-12, Best=434
2026-01-14 17:28:20,407 - DSN - INFO - t=120: B=-1268.39, Cut=-4, Best=434
2026-01-14 17:28:22,730 - DSN - INFO - t=160: B=-1257.80, Cut=-22, Best=434
2026-01-14 17:28:25,054 - DSN - INFO - t=200: B=-1247.26, Cut=434, Best=434 [LS]
2026-01-14 17:28:27,520 - DSN - INFO - t=240: B=-1244.80, Cut=-24, Best=434
2026-01-14 17:28:30,068 - DSN - INFO - t=280: B=-1233.23, Cut=-16, Best=434
2026-01-14 17:28:32,643 - DSN - INFO - t=320: B=-1231.32, Cut=0, Best=434
2026-01-14 17:28:35,212 - DSN - INFO - t=360: B=-1231.08, Cut=-18, Best=434
2026-01-14 17:28:37,782 - DSN - INFO - t=400: B=-1227.90, Cut=432, Best=434 [LS]
2026-01-14 17:28:40,342 - DSN - INFO - t=440: B=-1227.30, Cut=0, Best=434
2026-01-14 17:28:42,909 - DSN - INFO - t=480: B=-1227.07, Cut=2, Best=434
2026-01-14 17:28:44,134 - DSN - INFO - DSN GPU done in 29.53s | Cut=434
2026-01-14 17:28:44,138 - DSN - INFO - Results saved to: results/Gset/DSN_thorough/G11.csv
2026-01-14 17:28:44,138 - DSN - INFO - Cut: 434 | Bound: -1226.91 | Time: 29.53s
2026-01-14 17:28:44,138 - DSN - INFO - Initialized DSN_thorough | preset=thorough | GPU=True
2026-01-14 17:28:44,138 - DSN - INFO - Params: η=0.003, T=500, init=degree, LS=True
2026-01-14 17:28:44,138 - DSN - INFO - Using GPU solver (CuPy)
2026-01-14 17:28:44,140 - DSN - INFO - DSN GPU Solver: n=800, edges=1600
2026-01-14 17:28:44,140 - DSN - INFO - DSN GPU: T=500, η=0.003, LS=True
2026-01-14 17:28:44,177 - DSN - INFO - t=000: B=-1378.58, Cut=434, Best=434 [LS]
2026-01-14 17:28:45,918 - DSN - INFO - t=040: B=-1354.52, Cut=-10, Best=434
2026-01-14 17:28:48,027 - DSN - INFO - t=080: B=-1283.97, Cut=-16, Best=434
2026-01-14 17:28:50,291 - DSN - INFO - t=120: B=-1258.94, Cut=-12, Best=440
2026-01-14 17:28:52,698 - DSN - INFO - t=160: B=-1249.44, Cut=-26, Best=440
2026-01-14 17:28:55,154 - DSN - INFO - t=200: B=-1251.48, Cut=430, Best=440 [LS]
2026-01-14 17:28:57,694 - DSN - INFO - t=240: B=-1234.35, Cut=-28, Best=440
2026-01-14 17:29:00,265 - DSN - INFO - t=280: B=-1232.39, Cut=-28, Best=440
2026-01-14 17:29:02,841 - DSN - INFO - t=320: B=-1229.50, Cut=0, Best=440
2026-01-14 17:29:05,405 - DSN - INFO - t=360: B=-1227.10, Cut=-24, Best=440
2026-01-14 17:29:07,975 - DSN - INFO - t=400: B=-1227.12, Cut=430, Best=440 [LS]
2026-01-14 17:29:10,533 - DSN - INFO - t=440: B=-1226.98, Cut=-34, Best=440
2026-01-14 17:29:13,113 - DSN - INFO - t=480: B=-1225.93, Cut=0, Best=440
2026-01-14 17:29:14,334 - DSN - INFO - DSN GPU done in 30.19s | Cut=440
2026-01-14 17:29:14,338 - DSN - INFO - Results saved to: results/Gset/DSN_thorough/G11.csv
2026-01-14 17:29:14,338 - DSN - INFO - Cut: 440 | Bound: -1225.81 | Time: 30.20s
2026-01-14 17:29:14,340 - DSN - INFO - Initialized DSN_thorough | preset=thorough | GPU=True
2026-01-14 17:29:14,341 - DSN - INFO - Params: η=0.003, T=500, init=degree, LS=True
2026-01-14 17:29:14,341 - DSN - INFO - Using GPU solver (CuPy)
2026-01-14 17:29:14,341 - DSN - INFO - DSN GPU Solver: n=800, edges=1600
2026-01-14 17:29:14,342 - DSN - INFO - DSN GPU: T=500, η=0.003, LS=True
2026-01-14 17:29:14,370 - DSN - INFO - t=000: B=-1422.45, Cut=442, Best=442 [LS]
2026-01-14 17:29:16,137 - DSN - INFO - t=040: B=-1376.31, Cut=-18, Best=442
2026-01-14 17:29:18,112 - DSN - INFO - t=080: B=-1311.54, Cut=-46, Best=442
2026-01-14 17:29:20,495 - DSN - INFO - t=120: B=-1278.50, Cut=-14, Best=442
2026-01-14 17:29:22,991 - DSN - INFO - t=160: B=-1268.01, Cut=-12, Best=442
2026-01-14 17:29:25,528 - DSN - INFO - t=200: B=-1262.07, Cut=434, Best=442 [LS]
2026-01-14 17:29:28,057 - DSN - INFO - t=240: B=-1262.82, Cut=-36, Best=442
2026-01-14 17:29:30,621 - DSN - INFO - t=280: B=-1255.75, Cut=0, Best=442
2026-01-14 17:29:33,192 - DSN - INFO - t=320: B=-1254.95, Cut=-12, Best=442
2026-01-14 17:29:35,751 - DSN - INFO - t=360: B=-1253.67, Cut=-14, Best=442
2026-01-14 17:29:38,324 - DSN - INFO - t=400: B=-1253.57, Cut=432, Best=442 [LS]
2026-01-14 17:29:40,886 - DSN - INFO - t=440: B=-1253.11, Cut=6, Best=442
2026-01-14 17:29:43,460 - DSN - INFO - t=480: B=-1252.90, Cut=0, Best=442
2026-01-14 17:29:44,679 - DSN - INFO - DSN GPU done in 30.34s | Cut=442
2026-01-14 17:29:44,681 - DSN - INFO - Results saved to: results/Gset/DSN_thorough/G12.csv
2026-01-14 17:29:44,681 - DSN - INFO - Cut: 442 | Bound: -1252.64 | Time: 30.34s
2026-01-14 17:29:44,681 - DSN - INFO - Initialized DSN_thorough | preset=thorough | GPU=True
2026-01-14 17:29:44,681 - DSN - INFO - Params: η=0.003, T=500, init=degree, LS=True
2026-01-14 17:29:44,681 - DSN - INFO - Using GPU solver (CuPy)
2026-01-14 17:29:44,682 - DSN - INFO - DSN GPU Solver: n=800, edges=1600
2026-01-14 17:29:44,682 - DSN - INFO - DSN GPU: T=500, η=0.003, LS=True
2026-01-14 17:29:44,711 - DSN - INFO - t=000: B=-1422.45, Cut=442, Best=442 [LS]
2026-01-14 17:29:46,394 - DSN - INFO - t=040: B=-1379.67, Cut=-12, Best=442
2026-01-14 17:29:48,392 - DSN - INFO - t=080: B=-1311.82, Cut=-44, Best=442
2026-01-14 17:29:50,794 - DSN - INFO - t=120: B=-1279.09, Cut=-26, Best=442
2026-01-14 17:29:53,303 - DSN - INFO - t=160: B=-1270.44, Cut=0, Best=442
2026-01-14 17:29:55,836 - DSN - INFO - t=200: B=-1266.94, Cut=438, Best=442 [LS]
2026-01-14 17:29:58,380 - DSN - INFO - t=240: B=-1256.81, Cut=-2, Best=442
2026-01-14 17:30:00,953 - DSN - INFO - t=280: B=-1256.10, Cut=0, Best=442
2026-01-14 17:30:03,523 - DSN - INFO - t=320: B=-1255.17, Cut=0, Best=442
2026-01-14 17:30:06,091 - DSN - INFO - t=360: B=-1253.67, Cut=-4, Best=442
2026-01-14 17:30:08,651 - DSN - INFO - t=400: B=-1253.57, Cut=442, Best=442 [LS]
2026-01-14 17:30:11,214 - DSN - INFO - t=440: B=-1253.39, Cut=0, Best=442
2026-01-14 17:30:13,781 - DSN - INFO - t=480: B=-1253.38, Cut=0, Best=442
2026-01-14 17:30:15,010 - DSN - INFO - DSN GPU done in 30.33s | Cut=442
2026-01-14 17:30:15,014 - DSN - INFO - Results saved to: results/Gset/DSN_thorough/G12.csv
2026-01-14 17:30:15,014 - DSN - INFO - Cut: 442 | Bound: -1253.13 | Time: 30.33s
2026-01-14 17:30:15,014 - DSN - INFO - Initialized DSN_thorough | preset=thorough | GPU=True
2026-01-14 17:30:15,014 - DSN - INFO - Params: η=0.003, T=500, init=degree, LS=True
2026-01-14 17:30:15,014 - DSN - INFO - Using GPU solver (CuPy)
2026-01-14 17:30:15,015 - DSN - INFO - DSN GPU Solver: n=800, edges=1600
2026-01-14 17:30:15,015 - DSN - INFO - DSN GPU: T=500, η=0.003, LS=True
2026-01-14 17:30:15,043 - DSN - INFO - t=000: B=-1422.45, Cut=442, Best=442 [LS]
2026-01-14 17:30:16,791 - DSN - INFO - t=040: B=-1376.32, Cut=-16, Best=442
2026-01-14 17:30:18,778 - DSN - INFO - t=080: B=-1316.55, Cut=-26, Best=442
2026-01-14 17:30:21,136 - DSN - INFO - t=120: B=-1277.20, Cut=-24, Best=442
2026-01-14 17:30:23,641 - DSN - INFO - t=160: B=-1269.69, Cut=-26, Best=442
2026-01-14 17:30:26,150 - DSN - INFO - t=200: B=-1262.66, Cut=436, Best=442 [LS]
2026-01-14 17:30:28,707 - DSN - INFO - t=240: B=-1260.44, Cut=-26, Best=442
2026-01-14 17:30:31,276 - DSN - INFO - t=280: B=-1255.41, Cut=-2, Best=446
2026-01-14 17:30:33,847 - DSN - INFO - t=320: B=-1254.82, Cut=-8, Best=446
2026-01-14 17:30:36,418 - DSN - INFO - t=360: B=-1253.06, Cut=4, Best=446
2026-01-14 17:30:38,984 - DSN - INFO - t=400: B=-1252.91, Cut=436, Best=446 [LS]
2026-01-14 17:30:41,544 - DSN - INFO - t=440: B=-1252.88, Cut=0, Best=446
2026-01-14 17:30:44,105 - DSN - INFO - t=480: B=-1253.04, Cut=0, Best=446
2026-01-14 17:30:45,329 - DSN - INFO - DSN GPU done in 30.31s | Cut=446
2026-01-14 17:30:45,332 - DSN - INFO - Results saved to: results/Gset/DSN_thorough/G12.csv
2026-01-14 17:30:45,332 - DSN - INFO - Cut: 446 | Bound: -1252.78 | Time: 30.32s
2026-01-14 17:30:45,332 - DSN - INFO - Initialized DSN_thorough | preset=thorough | GPU=True
2026-01-14 17:30:45,332 - DSN - INFO - Params: η=0.003, T=500, init=degree, LS=True
2026-01-14 17:30:45,332 - DSN - INFO - Using GPU solver (CuPy)
2026-01-14 17:30:45,333 - DSN - INFO - DSN GPU Solver: n=800, edges=1600
2026-01-14 17:30:45,334 - DSN - INFO - DSN GPU: T=500, η=0.003, LS=True
2026-01-14 17:30:45,371 - DSN - INFO - t=000: B=-1422.45, Cut=442, Best=442 [LS]
2026-01-14 17:30:47,127 - DSN - INFO - t=040: B=-1360.20, Cut=-8, Best=442
2026-01-14 17:30:48,956 - DSN - INFO - t=080: B=-1343.99, Cut=-18, Best=442
2026-01-14 17:30:51,278 - DSN - INFO - t=120: B=-1287.99, Cut=-30, Best=442
2026-01-14 17:30:53,769 - DSN - INFO - t=160: B=-1269.28, Cut=-52, Best=442
2026-01-14 17:30:56,311 - DSN - INFO - t=200: B=-1264.43, Cut=436, Best=442 [LS]
2026-01-14 17:30:58,856 - DSN - INFO - t=240: B=-1258.69, Cut=-22, Best=442
2026-01-14 17:31:01,430 - DSN - INFO - t=280: B=-1256.53, Cut=-10, Best=442
2026-01-14 17:31:03,998 - DSN - INFO - t=320: B=-1254.58, Cut=-32, Best=442
2026-01-14 17:31:06,578 - DSN - INFO - t=360: B=-1254.51, Cut=-2, Best=442
2026-01-14 17:31:09,149 - DSN - INFO - t=400: B=-1254.26, Cut=436, Best=442 [LS]
2026-01-14 17:31:11,720 - DSN - INFO - t=440: B=-1253.76, Cut=-14, Best=442
2026-01-14 17:31:14,286 - DSN - INFO - t=480: B=-1253.34, Cut=0, Best=442
2026-01-14 17:31:15,508 - DSN - INFO - DSN GPU done in 30.17s | Cut=442
2026-01-14 17:31:15,512 - DSN - INFO - Results saved to: results/Gset/DSN_thorough/G12.csv
2026-01-14 17:31:15,512 - DSN - INFO - Cut: 442 | Bound: -1253.19 | Time: 30.18s
2026-01-14 17:31:15,512 - DSN - INFO - Initialized DSN_thorough | preset=thorough | GPU=True
2026-01-14 17:31:15,512 - DSN - INFO - Params: η=0.003, T=500, init=degree, LS=True
2026-01-14 17:31:15,512 - DSN - INFO - Using GPU solver (CuPy)
2026-01-14 17:31:15,513 - DSN - INFO - DSN GPU Solver: n=800, edges=1600
2026-01-14 17:31:15,513 - DSN - INFO - DSN GPU: T=500, η=0.003, LS=True
2026-01-14 17:31:15,542 - DSN - INFO - t=000: B=-1422.45, Cut=442, Best=442 [LS]
2026-01-14 17:31:17,292 - DSN - INFO - t=040: B=-1372.56, Cut=-18, Best=442
2026-01-14 17:31:19,346 - DSN - INFO - t=080: B=-1311.47, Cut=-10, Best=442
2026-01-14 17:31:21,736 - DSN - INFO - t=120: B=-1278.26, Cut=-18, Best=442
2026-01-14 17:31:24,208 - DSN - INFO - t=160: B=-1270.01, Cut=-12, Best=442
2026-01-14 17:31:26,771 - DSN - INFO - t=200: B=-1262.34, Cut=428, Best=442 [LS]
2026-01-14 17:31:29,316 - DSN - INFO - t=240: B=-1257.88, Cut=4, Best=442
2026-01-14 17:31:31,878 - DSN - INFO - t=280: B=-1255.66, Cut=-14, Best=442
2026-01-14 17:31:34,442 - DSN - INFO - t=320: B=-1254.34, Cut=-4, Best=442
2026-01-14 17:31:37,021 - DSN - INFO - t=360: B=-1254.23, Cut=-2, Best=442
2026-01-14 17:31:39,584 - DSN - INFO - t=400: B=-1253.76, Cut=434, Best=442 [LS]
2026-01-14 17:31:42,159 - DSN - INFO - t=440: B=-1253.72, Cut=0, Best=442
2026-01-14 17:31:44,732 - DSN - INFO - t=480: B=-1253.61, Cut=0, Best=442
2026-01-14 17:31:45,961 - DSN - INFO - DSN GPU done in 30.45s | Cut=442
2026-01-14 17:31:45,965 - DSN - INFO - Results saved to: results/Gset/DSN_thorough/G12.csv
2026-01-14 17:31:45,965 - DSN - INFO - Cut: 442 | Bound: -1253.37 | Time: 30.45s
2026-01-14 17:31:45,965 - DSN - INFO - Initialized DSN_thorough | preset=thorough | GPU=True
2026-01-14 17:31:45,965 - DSN - INFO - Params: η=0.003, T=500, init=degree, LS=True
2026-01-14 17:31:45,965 - DSN - INFO - Using GPU solver (CuPy)
2026-01-14 17:31:45,966 - DSN - INFO - DSN GPU Solver: n=800, edges=1600
2026-01-14 17:31:45,966 - DSN - INFO - DSN GPU: T=500, η=0.003, LS=True
2026-01-14 17:31:46,004 - DSN - INFO - t=000: B=-1422.45, Cut=434, Best=434 [LS]
2026-01-14 17:31:47,756 - DSN - INFO - t=040: B=-1377.41, Cut=-16, Best=434
2026-01-14 17:31:49,680 - DSN - INFO - t=080: B=-1318.26, Cut=-6, Best=438
2026-01-14 17:31:51,928 - DSN - INFO - t=120: B=-1282.18, Cut=-22, Best=438
2026-01-14 17:31:54,367 - DSN - INFO - t=160: B=-1267.73, Cut=-18, Best=438
2026-01-14 17:31:56,918 - DSN - INFO - t=200: B=-1265.48, Cut=430, Best=438 [LS]
2026-01-14 17:31:59,479 - DSN - INFO - t=240: B=-1256.74, Cut=-18, Best=438
2026-01-14 17:32:02,050 - DSN - INFO - t=280: B=-1256.36, Cut=-4, Best=438
2026-01-14 17:32:04,614 - DSN - INFO - t=320: B=-1254.97, Cut=0, Best=438
2026-01-14 17:32:07,175 - DSN - INFO - t=360: B=-1254.34, Cut=-4, Best=438
2026-01-14 17:32:09,747 - DSN - INFO - t=400: B=-1254.09, Cut=434, Best=438 [LS]
2026-01-14 17:32:12,309 - DSN - INFO - t=440: B=-1254.07, Cut=2, Best=438
2026-01-14 17:32:14,881 - DSN - INFO - t=480: B=-1254.04, Cut=0, Best=438
2026-01-14 17:32:16,108 - DSN - INFO - DSN GPU done in 30.14s | Cut=438
2026-01-14 17:32:16,112 - DSN - INFO - Results saved to: results/Gset/DSN_thorough/G12.csv
2026-01-14 17:32:16,112 - DSN - INFO - Cut: 438 | Bound: -1253.82 | Time: 30.14s
2026-01-14 17:32:16,112 - DSN - INFO - Initialized DSN_thorough | preset=thorough | GPU=True
2026-01-14 17:32:16,112 - DSN - INFO - Params: η=0.003, T=500, init=degree, LS=True
2026-01-14 17:32:16,112 - DSN - INFO - Using GPU solver (CuPy)
2026-01-14 17:32:16,113 - DSN - INFO - DSN GPU Solver: n=800, edges=1600
2026-01-14 17:32:16,113 - DSN - INFO - DSN GPU: T=500, η=0.003, LS=True
2026-01-14 17:32:16,141 - DSN - INFO - t=000: B=-1422.45, Cut=442, Best=442 [LS]
2026-01-14 17:32:17,893 - DSN - INFO - t=040: B=-1360.86, Cut=-18, Best=442
2026-01-14 17:32:19,879 - DSN - INFO - t=080: B=-1306.89, Cut=-18, Best=442
2026-01-14 17:32:22,278 - DSN - INFO - t=120: B=-1274.94, Cut=-28, Best=442
2026-01-14 17:32:24,805 - DSN - INFO - t=160: B=-1263.77, Cut=-14, Best=442
2026-01-14 17:32:27,363 - DSN - INFO - t=200: B=-1260.67, Cut=436, Best=442 [LS]
2026-01-14 17:32:29,924 - DSN - INFO - t=240: B=-1256.26, Cut=-8, Best=442
2026-01-14 17:32:32,501 - DSN - INFO - t=280: B=-1256.28, Cut=-14, Best=442
2026-01-14 17:32:35,065 - DSN - INFO - t=320: B=-1254.00, Cut=8, Best=442
2026-01-14 17:32:37,635 - DSN - INFO - t=360: B=-1253.63, Cut=0, Best=442
2026-01-14 17:32:40,204 - DSN - INFO - t=400: B=-1253.34, Cut=434, Best=442 [LS]
2026-01-14 17:32:42,766 - DSN - INFO - t=440: B=-1253.30, Cut=10, Best=442
2026-01-14 17:32:45,328 - DSN - INFO - t=480: B=-1253.23, Cut=6, Best=442
2026-01-14 17:32:46,557 - DSN - INFO - DSN GPU done in 30.44s | Cut=442
2026-01-14 17:32:46,560 - DSN - INFO - Results saved to: results/Gset/DSN_thorough/G12.csv
2026-01-14 17:32:46,560 - DSN - INFO - Cut: 442 | Bound: -1253.18 | Time: 30.44s
2026-01-14 17:32:46,561 - DSN - INFO - Initialized DSN_thorough | preset=thorough | GPU=True
2026-01-14 17:32:46,561 - DSN - INFO - Params: η=0.003, T=500, init=degree, LS=True
2026-01-14 17:32:46,561 - DSN - INFO - Using GPU solver (CuPy)
2026-01-14 17:32:46,562 - DSN - INFO - DSN GPU Solver: n=800, edges=1600
2026-01-14 17:32:46,562 - DSN - INFO - DSN GPU: T=500, η=0.003, LS=True
2026-01-14 17:32:46,591 - DSN - INFO - t=000: B=-1422.45, Cut=440, Best=440 [LS]
2026-01-14 17:32:48,280 - DSN - INFO - t=040: B=-1379.86, Cut=-12, Best=440
2026-01-14 17:32:50,246 - DSN - INFO - t=080: B=-1311.67, Cut=-30, Best=440
2026-01-14 17:32:52,607 - DSN - INFO - t=120: B=-1277.40, Cut=-36, Best=440
2026-01-14 17:32:55,134 - DSN - INFO - t=160: B=-1266.50, Cut=-18, Best=440
2026-01-14 17:32:57,638 - DSN - INFO - t=200: B=-1261.59, Cut=432, Best=440 [LS]
2026-01-14 17:33:00,198 - DSN - INFO - t=240: B=-1257.28, Cut=-12, Best=440
2026-01-14 17:33:02,763 - DSN - INFO - t=280: B=-1255.77, Cut=-40, Best=440
2026-01-14 17:33:05,328 - DSN - INFO - t=320: B=-1254.61, Cut=2, Best=440
2026-01-14 17:33:07,889 - DSN - INFO - t=360: B=-1253.47, Cut=2, Best=440
2026-01-14 17:33:10,458 - DSN - INFO - t=400: B=-1253.40, Cut=434, Best=440 [LS]
2026-01-14 17:33:13,019 - DSN - INFO - t=440: B=-1253.19, Cut=-6, Best=440
2026-01-14 17:33:15,595 - DSN - INFO - t=480: B=-1253.30, Cut=0, Best=440
2026-01-14 17:33:16,821 - DSN - INFO - DSN GPU done in 30.26s | Cut=440
2026-01-14 17:33:16,826 - DSN - INFO - Results saved to: results/Gset/DSN_thorough/G12.csv
2026-01-14 17:33:16,826 - DSN - INFO - Cut: 440 | Bound: -1253.00 | Time: 30.26s
2026-01-14 17:33:16,826 - DSN - INFO - Initialized DSN_thorough | preset=thorough | GPU=True
2026-01-14 17:33:16,826 - DSN - INFO - Params: η=0.003, T=500, init=degree, LS=True
2026-01-14 17:33:16,826 - DSN - INFO - Using GPU solver (CuPy)
2026-01-14 17:33:16,827 - DSN - INFO - DSN GPU Solver: n=800, edges=1600
2026-01-14 17:33:16,827 - DSN - INFO - DSN GPU: T=500, η=0.003, LS=True
2026-01-14 17:33:16,856 - DSN - INFO - t=000: B=-1422.45, Cut=442, Best=442 [LS]
2026-01-14 17:33:18,566 - DSN - INFO - t=040: B=-1379.88, Cut=-14, Best=442
2026-01-14 17:33:20,526 - DSN - INFO - t=080: B=-1316.84, Cut=-34, Best=442
2026-01-14 17:33:22,867 - DSN - INFO - t=120: B=-1280.01, Cut=-8, Best=442
2026-01-14 17:33:25,347 - DSN - INFO - t=160: B=-1267.44, Cut=-16, Best=442
2026-01-14 17:33:27,865 - DSN - INFO - t=200: B=-1263.32, Cut=434, Best=442 [LS]
2026-01-14 17:33:30,426 - DSN - INFO - t=240: B=-1257.98, Cut=-4, Best=442
2026-01-14 17:33:32,993 - DSN - INFO - t=280: B=-1256.92, Cut=-18, Best=442
2026-01-14 17:33:35,569 - DSN - INFO - t=320: B=-1256.47, Cut=-14, Best=442
2026-01-14 17:33:38,130 - DSN - INFO - t=360: B=-1253.91, Cut=-16, Best=442
2026-01-14 17:33:40,696 - DSN - INFO - t=400: B=-1253.91, Cut=434, Best=442 [LS]
2026-01-14 17:33:43,254 - DSN - INFO - t=440: B=-1253.29, Cut=2, Best=442
2026-01-14 17:33:45,827 - DSN - INFO - t=480: B=-1253.24, Cut=4, Best=442
2026-01-14 17:33:47,053 - DSN - INFO - DSN GPU done in 30.23s | Cut=442
2026-01-14 17:33:47,057 - DSN - INFO - Results saved to: results/Gset/DSN_thorough/G12.csv
2026-01-14 17:33:47,057 - DSN - INFO - Cut: 442 | Bound: -1253.07 | Time: 30.23s
2026-01-14 17:33:47,057 - DSN - INFO - Initialized DSN_thorough | preset=thorough | GPU=True
2026-01-14 17:33:47,057 - DSN - INFO - Params: η=0.003, T=500, init=degree, LS=True
2026-01-14 17:33:47,057 - DSN - INFO - Using GPU solver (CuPy)
2026-01-14 17:33:47,058 - DSN - INFO - DSN GPU Solver: n=800, edges=1600
2026-01-14 17:33:47,058 - DSN - INFO - DSN GPU: T=500, η=0.003, LS=True
2026-01-14 17:33:47,087 - DSN - INFO - t=000: B=-1422.45, Cut=442, Best=442 [LS]
2026-01-14 17:33:48,790 - DSN - INFO - t=040: B=-1373.79, Cut=-14, Best=442
2026-01-14 17:33:50,760 - DSN - INFO - t=080: B=-1312.92, Cut=-22, Best=442
2026-01-14 17:33:53,133 - DSN - INFO - t=120: B=-1278.40, Cut=-44, Best=442
2026-01-14 17:33:55,650 - DSN - INFO - t=160: B=-1270.79, Cut=-22, Best=442
2026-01-14 17:33:58,161 - DSN - INFO - t=200: B=-1263.88, Cut=432, Best=442 [LS]
2026-01-14 17:34:00,701 - DSN - INFO - t=240: B=-1256.78, Cut=-18, Best=442
2026-01-14 17:34:03,271 - DSN - INFO - t=280: B=-1255.36, Cut=-22, Best=442
2026-01-14 17:34:05,833 - DSN - INFO - t=320: B=-1255.26, Cut=0, Best=442
2026-01-14 17:34:08,399 - DSN - INFO - t=360: B=-1253.65, Cut=0, Best=442
2026-01-14 17:34:10,960 - DSN - INFO - t=400: B=-1253.37, Cut=436, Best=442 [LS]
2026-01-14 17:34:13,516 - DSN - INFO - t=440: B=-1253.23, Cut=0, Best=442
2026-01-14 17:34:16,090 - DSN - INFO - t=480: B=-1253.19, Cut=0, Best=442
2026-01-14 17:34:17,320 - DSN - INFO - DSN GPU done in 30.26s | Cut=442
2026-01-14 17:34:17,325 - DSN - INFO - Results saved to: results/Gset/DSN_thorough/G12.csv
2026-01-14 17:34:17,325 - DSN - INFO - Cut: 442 | Bound: -1253.06 | Time: 30.26s
2026-01-14 17:34:17,328 - DSN - INFO - Initialized DSN_thorough | preset=thorough | GPU=True
2026-01-14 17:34:17,328 - DSN - INFO - Params: η=0.003, T=500, init=degree, LS=True
2026-01-14 17:34:17,328 - DSN - INFO - Using GPU solver (CuPy)
2026-01-14 17:34:17,329 - DSN - INFO - DSN GPU Solver: n=800, edges=1600
2026-01-14 17:34:17,329 - DSN - INFO - DSN GPU: T=500, η=0.003, LS=True
2026-01-14 17:34:17,366 - DSN - INFO - t=000: B=-1422.09, Cut=424, Best=424 [LS]
2026-01-14 17:34:19,195 - DSN - INFO - t=040: B=-1360.40, Cut=-26, Best=424
2026-01-14 17:34:21,189 - DSN - INFO - t=080: B=-1327.05, Cut=-10, Best=428
2026-01-14 17:34:23,594 - DSN - INFO - t=120: B=-1291.16, Cut=-24, Best=436
2026-01-14 17:34:26,143 - DSN - INFO - t=160: B=-1277.90, Cut=-12, Best=438
2026-01-14 17:34:28,715 - DSN - INFO - t=200: B=-1270.33, Cut=428, Best=438 [LS]
2026-01-14 17:34:31,269 - DSN - INFO - t=240: B=-1266.55, Cut=-10, Best=438
2026-01-14 17:34:33,842 - DSN - INFO - t=280: B=-1263.79, Cut=0, Best=438
2026-01-14 17:34:36,406 - DSN - INFO - t=320: B=-1263.13, Cut=-10, Best=438
2026-01-14 17:34:38,976 - DSN - INFO - t=360: B=-1262.35, Cut=0, Best=438
2026-01-14 17:34:41,540 - DSN - INFO - t=400: B=-1262.01, Cut=432, Best=438 [LS]
2026-01-14 17:34:44,097 - DSN - INFO - t=440: B=-1261.83, Cut=2, Best=438
2026-01-14 17:34:46,669 - DSN - INFO - t=480: B=-1261.99, Cut=2, Best=438
2026-01-14 17:34:47,897 - DSN - INFO - DSN GPU done in 30.57s | Cut=438
2026-01-14 17:34:47,899 - DSN - INFO - Results saved to: results/Gset/DSN_thorough/G13.csv
2026-01-14 17:34:47,899 - DSN - INFO - Cut: 438 | Bound: -1261.63 | Time: 30.57s
2026-01-14 17:34:47,899 - DSN - INFO - Initialized DSN_thorough | preset=thorough | GPU=True
2026-01-14 17:34:47,899 - DSN - INFO - Params: η=0.003, T=500, init=degree, LS=True
2026-01-14 17:34:47,899 - DSN - INFO - Using GPU solver (CuPy)
2026-01-14 17:34:47,900 - DSN - INFO - DSN GPU Solver: n=800, edges=1600
2026-01-14 17:34:47,900 - DSN - INFO - DSN GPU: T=500, η=0.003, LS=True
2026-01-14 17:34:47,946 - DSN - INFO - t=000: B=-1422.09, Cut=438, Best=438 [LS]
2026-01-14 17:34:49,806 - DSN - INFO - t=040: B=-1352.67, Cut=-16, Best=438
2026-01-14 17:34:51,845 - DSN - INFO - t=080: B=-1320.77, Cut=-20, Best=438
2026-01-14 17:34:54,283 - DSN - INFO - t=120: B=-1284.52, Cut=-38, Best=438
2026-01-14 17:34:56,827 - DSN - INFO - t=160: B=-1277.54, Cut=-16, Best=438
2026-01-14 17:34:59,397 - DSN - INFO - t=200: B=-1272.77, Cut=428, Best=438 [LS]
2026-01-14 17:35:01,964 - DSN - INFO - t=240: B=-1265.20, Cut=0, Best=438
2026-01-14 17:35:04,535 - DSN - INFO - t=280: B=-1263.07, Cut=-8, Best=444
2026-01-14 17:35:07,108 - DSN - INFO - t=320: B=-1262.18, Cut=0, Best=444
2026-01-14 17:35:09,675 - DSN - INFO - t=360: B=-1262.15, Cut=-8, Best=444
2026-01-14 17:35:12,246 - DSN - INFO - t=400: B=-1262.00, Cut=436, Best=444 [LS]
2026-01-14 17:35:14,814 - DSN - INFO - t=440: B=-1261.58, Cut=-2, Best=444
2026-01-14 17:35:17,389 - DSN - INFO - t=480: B=-1261.54, Cut=0, Best=444
2026-01-14 17:35:18,621 - DSN - INFO - DSN GPU done in 30.72s | Cut=444
2026-01-14 17:35:18,625 - DSN - INFO - Results saved to: results/Gset/DSN_thorough/G13.csv
2026-01-14 17:35:18,625 - DSN - INFO - Cut: 444 | Bound: -1261.36 | Time: 30.72s
2026-01-14 17:35:18,625 - DSN - INFO - Initialized DSN_thorough | preset=thorough | GPU=True
2026-01-14 17:35:18,625 - DSN - INFO - Params: η=0.003, T=500, init=degree, LS=True
2026-01-14 17:35:18,625 - DSN - INFO - Using GPU solver (CuPy)
2026-01-14 17:35:18,626 - DSN - INFO - DSN GPU Solver: n=800, edges=1600
2026-01-14 17:35:18,626 - DSN - INFO - DSN GPU: T=500, η=0.003, LS=True
2026-01-14 17:35:18,681 - DSN - INFO - t=000: B=-1422.09, Cut=428, Best=428 [LS]
2026-01-14 17:35:20,556 - DSN - INFO - t=040: B=-1351.86, Cut=-6, Best=428
2026-01-14 17:35:22,672 - DSN - INFO - t=080: B=-1319.38, Cut=-28, Best=428
2026-01-14 17:35:25,100 - DSN - INFO - t=120: B=-1284.43, Cut=-34, Best=428
2026-01-14 17:35:27,654 - DSN - INFO - t=160: B=-1273.54, Cut=-8, Best=434
2026-01-14 17:35:30,234 - DSN - INFO - t=200: B=-1271.60, Cut=426, Best=434 [LS]
2026-01-14 17:35:32,790 - DSN - INFO - t=240: B=-1264.02, Cut=-4, Best=434
2026-01-14 17:35:35,366 - DSN - INFO - t=280: B=-1263.57, Cut=-16, Best=434
2026-01-14 17:35:37,927 - DSN - INFO - t=320: B=-1262.38, Cut=0, Best=434
2026-01-14 17:35:40,505 - DSN - INFO - t=360: B=-1262.13, Cut=-12, Best=434
2026-01-14 17:35:43,075 - DSN - INFO - t=400: B=-1261.51, Cut=428, Best=434 [LS]
2026-01-14 17:35:45,641 - DSN - INFO - t=440: B=-1261.56, Cut=0, Best=434
2026-01-14 17:35:48,203 - DSN - INFO - t=480: B=-1261.63, Cut=0, Best=434
2026-01-14 17:35:49,430 - DSN - INFO - DSN GPU done in 30.80s | Cut=436
2026-01-14 17:35:49,433 - DSN - INFO - Results saved to: results/Gset/DSN_thorough/G13.csv
2026-01-14 17:35:49,433 - DSN - INFO - Cut: 436 | Bound: -1261.30 | Time: 30.80s
2026-01-14 17:35:49,433 - DSN - INFO - Initialized DSN_thorough | preset=thorough | GPU=True
2026-01-14 17:35:49,433 - DSN - INFO - Params: η=0.003, T=500, init=degree, LS=True
2026-01-14 17:35:49,433 - DSN - INFO - Using GPU solver (CuPy)
2026-01-14 17:35:49,434 - DSN - INFO - DSN GPU Solver: n=800, edges=1600
2026-01-14 17:35:49,434 - DSN - INFO - DSN GPU: T=500, η=0.003, LS=True
2026-01-14 17:35:49,488 - DSN - INFO - t=000: B=-1422.09, Cut=424, Best=424 [LS]
2026-01-14 17:35:51,365 - DSN - INFO - t=040: B=-1355.05, Cut=-12, Best=424
2026-01-14 17:35:53,341 - DSN - INFO - t=080: B=-1330.13, Cut=-16, Best=430
2026-01-14 17:35:55,792 - DSN - INFO - t=120: B=-1288.11, Cut=-26, Best=436
2026-01-14 17:35:58,338 - DSN - INFO - t=160: B=-1278.90, Cut=-20, Best=436
2026-01-14 17:36:00,910 - DSN - INFO - t=200: B=-1272.51, Cut=422, Best=436 [LS]
2026-01-14 17:36:03,485 - DSN - INFO - t=240: B=-1267.57, Cut=-28, Best=436
2026-01-14 17:36:06,063 - DSN - INFO - t=280: B=-1263.91, Cut=-4, Best=436
2026-01-14 17:36:08,633 - DSN - INFO - t=320: B=-1262.64, Cut=-40, Best=436
2026-01-14 17:36:11,199 - DSN - INFO - t=360: B=-1262.09, Cut=-8, Best=436
2026-01-14 17:36:13,775 - DSN - INFO - t=400: B=-1261.75, Cut=430, Best=436 [LS]
2026-01-14 17:36:16,343 - DSN - INFO - t=440: B=-1261.28, Cut=2, Best=436
2026-01-14 17:36:18,916 - DSN - INFO - t=480: B=-1261.27, Cut=0, Best=436
2026-01-14 17:36:20,141 - DSN - INFO - DSN GPU done in 30.71s | Cut=436
2026-01-14 17:36:20,145 - DSN - INFO - Results saved to: results/Gset/DSN_thorough/G13.csv
2026-01-14 17:36:20,145 - DSN - INFO - Cut: 436 | Bound: -1261.10 | Time: 30.71s
2026-01-14 17:36:20,145 - DSN - INFO - Initialized DSN_thorough | preset=thorough | GPU=True
2026-01-14 17:36:20,145 - DSN - INFO - Params: η=0.003, T=500, init=degree, LS=True
2026-01-14 17:36:20,145 - DSN - INFO - Using GPU solver (CuPy)
2026-01-14 17:36:20,146 - DSN - INFO - DSN GPU Solver: n=800, edges=1600
2026-01-14 17:36:20,146 - DSN - INFO - DSN GPU: T=500, η=0.003, LS=True
2026-01-14 17:36:20,192 - DSN - INFO - t=000: B=-1422.09, Cut=424, Best=424 [LS]
2026-01-14 17:36:22,060 - DSN - INFO - t=040: B=-1359.32, Cut=-10, Best=424
2026-01-14 17:36:24,131 - DSN - INFO - t=080: B=-1333.61, Cut=-16, Best=428
2026-01-14 17:36:26,544 - DSN - INFO - t=120: B=-1288.27, Cut=-12, Best=440
2026-01-14 17:36:29,109 - DSN - INFO - t=160: B=-1280.25, Cut=-4, Best=440
2026-01-14 17:36:31,645 - DSN - INFO - t=200: B=-1271.59, Cut=432, Best=440 [LS]
2026-01-14 17:36:34,208 - DSN - INFO - t=240: B=-1267.15, Cut=0, Best=440
2026-01-14 17:36:36,784 - DSN - INFO - t=280: B=-1265.96, Cut=-6, Best=440
2026-01-14 17:36:39,348 - DSN - INFO - t=320: B=-1264.28, Cut=-14, Best=440
2026-01-14 17:36:41,924 - DSN - INFO - t=360: B=-1262.74, Cut=-6, Best=440
2026-01-14 17:36:44,485 - DSN - INFO - t=400: B=-1262.03, Cut=428, Best=440 [LS]
2026-01-14 17:36:47,041 - DSN - INFO - t=440: B=-1262.09, Cut=0, Best=440
2026-01-14 17:36:49,608 - DSN - INFO - t=480: B=-1262.11, Cut=-12, Best=440
2026-01-14 17:36:50,839 - DSN - INFO - DSN GPU done in 30.69s | Cut=440
2026-01-14 17:36:50,843 - DSN - INFO - Results saved to: results/Gset/DSN_thorough/G13.csv
2026-01-14 17:36:50,843 - DSN - INFO - Cut: 440 | Bound: -1261.74 | Time: 30.69s
2026-01-14 17:36:50,843 - DSN - INFO - Initialized DSN_thorough | preset=thorough | GPU=True
2026-01-14 17:36:50,843 - DSN - INFO - Params: η=0.003, T=500, init=degree, LS=True
2026-01-14 17:36:50,843 - DSN - INFO - Using GPU solver (CuPy)
2026-01-14 17:36:50,844 - DSN - INFO - DSN GPU Solver: n=800, edges=1600
2026-01-14 17:36:50,844 - DSN - INFO - DSN GPU: T=500, η=0.003, LS=True
2026-01-14 17:36:50,882 - DSN - INFO - t=000: B=-1422.09, Cut=424, Best=424 [LS]
2026-01-14 17:36:52,776 - DSN - INFO - t=040: B=-1357.67, Cut=-14, Best=424
2026-01-14 17:36:54,882 - DSN - INFO - t=080: B=-1327.89, Cut=-14, Best=430
2026-01-14 17:36:57,336 - DSN - INFO - t=120: B=-1290.06, Cut=-14, Best=434
2026-01-14 17:36:59,898 - DSN - INFO - t=160: B=-1274.40, Cut=-16, Best=434
2026-01-14 17:37:02,453 - DSN - INFO - t=200: B=-1269.06, Cut=436, Best=436 [LS]
2026-01-14 17:37:05,028 - DSN - INFO - t=240: B=-1266.44, Cut=-16, Best=436
2026-01-14 17:37:07,604 - DSN - INFO - t=280: B=-1265.00, Cut=-38, Best=436
2026-01-14 17:37:10,177 - DSN - INFO - t=320: B=-1264.22, Cut=2, Best=436
2026-01-14 17:37:12,747 - DSN - INFO - t=360: B=-1263.66, Cut=-6, Best=436
2026-01-14 17:37:15,318 - DSN - INFO - t=400: B=-1263.31, Cut=432, Best=436 [LS]
2026-01-14 17:37:17,873 - DSN - INFO - t=440: B=-1262.75, Cut=2, Best=436
2026-01-14 17:37:20,450 - DSN - INFO - t=480: B=-1262.73, Cut=0, Best=436
2026-01-14 17:37:21,673 - DSN - INFO - DSN GPU done in 30.83s | Cut=436
2026-01-14 17:37:21,677 - DSN - INFO - Results saved to: results/Gset/DSN_thorough/G13.csv
2026-01-14 17:37:21,677 - DSN - INFO - Cut: 436 | Bound: -1262.49 | Time: 30.83s
2026-01-14 17:37:21,677 - DSN - INFO - Initialized DSN_thorough | preset=thorough | GPU=True
2026-01-14 17:37:21,677 - DSN - INFO - Params: η=0.003, T=500, init=degree, LS=True
2026-01-14 17:37:21,677 - DSN - INFO - Using GPU solver (CuPy)
2026-01-14 17:37:21,678 - DSN - INFO - DSN GPU Solver: n=800, edges=1600
2026-01-14 17:37:21,678 - DSN - INFO - DSN GPU: T=500, η=0.003, LS=True
2026-01-14 17:37:21,715 - DSN - INFO - t=000: B=-1422.09, Cut=432, Best=432 [LS]
2026-01-14 17:37:23,542 - DSN - INFO - t=040: B=-1360.12, Cut=-26, Best=432
2026-01-14 17:37:25,538 - DSN - INFO - t=080: B=-1328.49, Cut=-6, Best=436
2026-01-14 17:37:27,941 - DSN - INFO - t=120: B=-1289.18, Cut=-24, Best=436
2026-01-14 17:37:30,494 - DSN - INFO - t=160: B=-1276.27, Cut=-34, Best=436
2026-01-14 17:37:33,046 - DSN - INFO - t=200: B=-1270.74, Cut=434, Best=436 [LS]
2026-01-14 17:37:35,612 - DSN - INFO - t=240: B=-1266.06, Cut=0, Best=436
2026-01-14 17:37:38,177 - DSN - INFO - t=280: B=-1264.02, Cut=-4, Best=436
2026-01-14 17:37:40,746 - DSN - INFO - t=320: B=-1263.16, Cut=-6, Best=436
2026-01-14 17:37:43,317 - DSN - INFO - t=360: B=-1262.30, Cut=2, Best=436
2026-01-14 17:37:45,892 - DSN - INFO - t=400: B=-1261.81, Cut=428, Best=436 [LS]
2026-01-14 17:37:48,451 - DSN - INFO - t=440: B=-1261.63, Cut=0, Best=436
2026-01-14 17:37:51,014 - DSN - INFO - t=480: B=-1261.53, Cut=4, Best=436
2026-01-14 17:37:52,241 - DSN - INFO - DSN GPU done in 30.56s | Cut=436
2026-01-14 17:37:52,245 - DSN - INFO - Results saved to: results/Gset/DSN_thorough/G13.csv
2026-01-14 17:37:52,245 - DSN - INFO - Cut: 436 | Bound: -1261.30 | Time: 30.56s
2026-01-14 17:37:52,245 - DSN - INFO - Initialized DSN_thorough | preset=thorough | GPU=True
2026-01-14 17:37:52,245 - DSN - INFO - Params: η=0.003, T=500, init=degree, LS=True
2026-01-14 17:37:52,245 - DSN - INFO - Using GPU solver (CuPy)
2026-01-14 17:37:52,246 - DSN - INFO - DSN GPU Solver: n=800, edges=1600
2026-01-14 17:37:52,246 - DSN - INFO - DSN GPU: T=500, η=0.003, LS=True
2026-01-14 17:37:52,301 - DSN - INFO - t=000: B=-1422.09, Cut=432, Best=432 [LS]
2026-01-14 17:37:54,199 - DSN - INFO - t=040: B=-1350.67, Cut=-6, Best=432
2026-01-14 17:37:56,272 - DSN - INFO - t=080: B=-1320.59, Cut=-12, Best=436
2026-01-14 17:37:58,726 - DSN - INFO - t=120: B=-1287.31, Cut=-22, Best=436
2026-01-14 17:38:01,227 - DSN - INFO - t=160: B=-1274.09, Cut=-14, Best=436
2026-01-14 17:38:03,769 - DSN - INFO - t=200: B=-1269.80, Cut=428, Best=436 [LS]
2026-01-14 17:38:06,331 - DSN - INFO - t=240: B=-1266.50, Cut=-4, Best=436
2026-01-14 17:38:08,899 - DSN - INFO - t=280: B=-1263.96, Cut=-32, Best=436
2026-01-14 17:38:11,470 - DSN - INFO - t=320: B=-1262.64, Cut=-6, Best=436
2026-01-14 17:38:14,037 - DSN - INFO - t=360: B=-1262.63, Cut=0, Best=436
2026-01-14 17:38:16,615 - DSN - INFO - t=400: B=-1262.60, Cut=432, Best=436 [LS]
2026-01-14 17:38:19,173 - DSN - INFO - t=440: B=-1261.44, Cut=0, Best=436
2026-01-14 17:38:21,737 - DSN - INFO - t=480: B=-1261.16, Cut=0, Best=436
2026-01-14 17:38:22,962 - DSN - INFO - DSN GPU done in 30.72s | Cut=436
2026-01-14 17:38:22,966 - DSN - INFO - Results saved to: results/Gset/DSN_thorough/G13.csv
2026-01-14 17:38:22,966 - DSN - INFO - Cut: 436 | Bound: -1261.00 | Time: 30.72s
2026-01-14 17:38:22,966 - DSN - INFO - Initialized DSN_thorough | preset=thorough | GPU=True
2026-01-14 17:38:22,966 - DSN - INFO - Params: η=0.003, T=500, init=degree, LS=True
2026-01-14 17:38:22,967 - DSN - INFO - Using GPU solver (CuPy)
2026-01-14 17:38:22,968 - DSN - INFO - DSN GPU Solver: n=800, edges=1600
2026-01-14 17:38:22,968 - DSN - INFO - DSN GPU: T=500, η=0.003, LS=True
2026-01-14 17:38:23,013 - DSN - INFO - t=000: B=-1422.09, Cut=432, Best=432 [LS]
2026-01-14 17:38:24,923 - DSN - INFO - t=040: B=-1354.11, Cut=-10, Best=432
2026-01-14 17:38:27,005 - DSN - INFO - t=080: B=-1331.58, Cut=-14, Best=432
2026-01-14 17:38:29,448 - DSN - INFO - t=120: B=-1283.98, Cut=2, Best=432
2026-01-14 17:38:32,009 - DSN - INFO - t=160: B=-1277.61, Cut=-24, Best=440
2026-01-14 17:38:34,571 - DSN - INFO - t=200: B=-1269.90, Cut=434, Best=440 [LS]
2026-01-14 17:38:37,140 - DSN - INFO - t=240: B=-1264.35, Cut=-2, Best=440
2026-01-14 17:38:39,717 - DSN - INFO - t=280: B=-1263.08, Cut=-6, Best=440
2026-01-14 17:38:42,289 - DSN - INFO - t=320: B=-1262.93, Cut=0, Best=440
2026-01-14 17:38:44,853 - DSN - INFO - t=360: B=-1262.02, Cut=-16, Best=440
2026-01-14 17:38:47,426 - DSN - INFO - t=400: B=-1261.44, Cut=438, Best=440 [LS]
2026-01-14 17:38:49,985 - DSN - INFO - t=440: B=-1261.37, Cut=0, Best=440
2026-01-14 17:38:52,556 - DSN - INFO - t=480: B=-1261.30, Cut=0, Best=440
2026-01-14 17:38:53,785 - DSN - INFO - DSN GPU done in 30.82s | Cut=440
2026-01-14 17:38:53,790 - DSN - INFO - Results saved to: results/Gset/DSN_thorough/G13.csv
2026-01-14 17:38:53,790 - DSN - INFO - Cut: 440 | Bound: -1261.16 | Time: 30.82s
2026-01-14 17:38:53,790 - DSN - INFO - Initialized DSN_thorough | preset=thorough | GPU=True
2026-01-14 17:38:53,790 - DSN - INFO - Params: η=0.003, T=500, init=degree, LS=True
2026-01-14 17:38:53,790 - DSN - INFO - Using GPU solver (CuPy)
2026-01-14 17:38:53,791 - DSN - INFO - DSN GPU Solver: n=800, edges=1600
2026-01-14 17:38:53,791 - DSN - INFO - DSN GPU: T=500, η=0.003, LS=True
2026-01-14 17:38:53,828 - DSN - INFO - t=000: B=-1422.09, Cut=432, Best=432 [LS]
2026-01-14 17:38:55,700 - DSN - INFO - t=040: B=-1351.08, Cut=-6, Best=432
2026-01-14 17:38:57,761 - DSN - INFO - t=080: B=-1322.56, Cut=-22, Best=432
2026-01-14 17:39:00,238 - DSN - INFO - t=120: B=-1284.26, Cut=-26, Best=434
2026-01-14 17:39:02,774 - DSN - INFO - t=160: B=-1278.03, Cut=-16, Best=436
2026-01-14 17:39:05,339 - DSN - INFO - t=200: B=-1271.19, Cut=440, Best=440 [LS]
2026-01-14 17:39:07,895 - DSN - INFO - t=240: B=-1267.54, Cut=-18, Best=440
2026-01-14 17:39:10,463 - DSN - INFO - t=280: B=-1264.66, Cut=-18, Best=440
2026-01-14 17:39:13,044 - DSN - INFO - t=320: B=-1263.11, Cut=-4, Best=440
2026-01-14 17:39:15,617 - DSN - INFO - t=360: B=-1261.67, Cut=2, Best=440
2026-01-14 17:39:18,184 - DSN - INFO - t=400: B=-1261.59, Cut=428, Best=440 [LS]
2026-01-14 17:39:20,743 - DSN - INFO - t=440: B=-1261.20, Cut=0, Best=440
2026-01-14 17:39:23,316 - DSN - INFO - t=480: B=-1261.06, Cut=0, Best=440
2026-01-14 17:39:24,545 - DSN - INFO - DSN GPU done in 30.75s | Cut=440
2026-01-14 17:39:24,549 - DSN - INFO - Results saved to: results/Gset/DSN_thorough/G13.csv
2026-01-14 17:39:24,549 - DSN - INFO - Cut: 440 | Bound: -1261.06 | Time: 30.75s
2026-01-14 17:39:24,556 - DSN - INFO - Initialized DSN_thorough | preset=thorough | GPU=True
2026-01-14 17:39:24,556 - DSN - INFO - Params: η=0.003, T=500, init=degree, LS=True
2026-01-14 17:39:24,556 - DSN - INFO - Using GPU solver (CuPy)
2026-01-14 17:39:24,558 - DSN - INFO - DSN GPU Solver: n=800, edges=4694
2026-01-14 17:39:24,558 - DSN - INFO - DSN GPU: T=500, η=0.003, LS=True
2026-01-14 17:39:24,582 - DSN - INFO - t=000: B=-8971.08, Cut=2927, Best=2927 [LS]
2026-01-14 17:39:25,105 - DSN - INFO - t=040: B=-4943.05, Cut=2557, Best=2927
2026-01-14 17:39:25,633 - DSN - INFO - t=080: B=-4779.02, Cut=0, Best=2927
2026-01-14 17:39:26,155 - DSN - INFO - t=120: B=-4734.82, Cut=1832, Best=2927
2026-01-14 17:39:26,687 - DSN - INFO - t=160: B=-4717.17, Cut=1176, Best=2927
2026-01-14 17:39:27,212 - DSN - INFO - t=200: B=-4708.49, Cut=2918, Best=2927 [LS]
2026-01-14 17:39:27,730 - DSN - INFO - t=240: B=-4703.66, Cut=55, Best=2927
2026-01-14 17:39:28,250 - DSN - INFO - t=280: B=-4700.74, Cut=2537, Best=2946
2026-01-14 17:39:28,786 - DSN - INFO - t=320: B=-4698.88, Cut=2233, Best=2946
2026-01-14 17:39:29,309 - DSN - INFO - t=360: B=-4697.63, Cut=60, Best=2946
2026-01-14 17:39:29,839 - DSN - INFO - t=400: B=-4696.76, Cut=2919, Best=2946 [LS]
2026-01-14 17:39:30,361 - DSN - INFO - t=440: B=-4696.15, Cut=2233, Best=2946
2026-01-14 17:39:30,889 - DSN - INFO - t=480: B=-4695.70, Cut=2421, Best=2946
2026-01-14 17:39:31,149 - DSN - INFO - DSN GPU done in 6.59s | Cut=2946
2026-01-14 17:39:31,151 - DSN - INFO - Results saved to: results/Gset/DSN_thorough/G14.csv
2026-01-14 17:39:31,151 - DSN - INFO - Cut: 2946 | Bound: -4695.52 | Time: 6.59s
2026-01-14 17:39:31,151 - DSN - INFO - Initialized DSN_thorough | preset=thorough | GPU=True
2026-01-14 17:39:31,151 - DSN - INFO - Params: η=0.003, T=500, init=degree, LS=True
2026-01-14 17:39:31,151 - DSN - INFO - Using GPU solver (CuPy)
2026-01-14 17:39:31,152 - DSN - INFO - DSN GPU Solver: n=800, edges=4694
2026-01-14 17:39:31,152 - DSN - INFO - DSN GPU: T=500, η=0.003, LS=True
2026-01-14 17:39:31,176 - DSN - INFO - t=000: B=-8971.08, Cut=2917, Best=2917 [LS]
2026-01-14 17:39:31,704 - DSN - INFO - t=040: B=-4943.05, Cut=2524, Best=2917
2026-01-14 17:39:32,230 - DSN - INFO - t=080: B=-4779.02, Cut=2531, Best=2926
2026-01-14 17:39:32,759 - DSN - INFO - t=120: B=-4734.82, Cut=1028, Best=2926
2026-01-14 17:39:33,287 - DSN - INFO - t=160: B=-4717.17, Cut=2503, Best=2926
2026-01-14 17:39:33,812 - DSN - INFO - t=200: B=-4708.49, Cut=2928, Best=2928 [LS]
2026-01-14 17:39:34,327 - DSN - INFO - t=240: B=-4703.66, Cut=2437, Best=2928
2026-01-14 17:39:34,857 - DSN - INFO - t=280: B=-4700.74, Cut=2572, Best=2930
2026-01-14 17:39:35,384 - DSN - INFO - t=320: B=-4698.88, Cut=2582, Best=2946
2026-01-14 17:39:35,907 - DSN - INFO - t=360: B=-4697.63, Cut=2233, Best=2946
2026-01-14 17:39:36,440 - DSN - INFO - t=400: B=-4696.76, Cut=2945, Best=2946 [LS]
2026-01-14 17:39:36,956 - DSN - INFO - t=440: B=-4696.15, Cut=2443, Best=2946
2026-01-14 17:39:37,480 - DSN - INFO - t=480: B=-4695.70, Cut=60, Best=2946
2026-01-14 17:39:37,738 - DSN - INFO - DSN GPU done in 6.59s | Cut=2950
2026-01-14 17:39:37,742 - DSN - INFO - Results saved to: results/Gset/DSN_thorough/G14.csv
2026-01-14 17:39:37,742 - DSN - INFO - Cut: 2950 | Bound: -4695.52 | Time: 6.59s
2026-01-14 17:39:37,742 - DSN - INFO - Initialized DSN_thorough | preset=thorough | GPU=True
2026-01-14 17:39:37,742 - DSN - INFO - Params: η=0.003, T=500, init=degree, LS=True
2026-01-14 17:39:37,742 - DSN - INFO - Using GPU solver (CuPy)
2026-01-14 17:39:37,743 - DSN - INFO - DSN GPU Solver: n=800, edges=4694
2026-01-14 17:39:37,743 - DSN - INFO - DSN GPU: T=500, η=0.003, LS=True
2026-01-14 17:39:37,769 - DSN - INFO - t=000: B=-8971.08, Cut=2941, Best=2941 [LS]
2026-01-14 17:39:38,291 - DSN - INFO - t=040: B=-4943.05, Cut=2344, Best=2941
2026-01-14 17:39:38,820 - DSN - INFO - t=080: B=-4779.02, Cut=2119, Best=2941
2026-01-14 17:39:39,348 - DSN - INFO - t=120: B=-4734.82, Cut=1862, Best=2941
2026-01-14 17:39:39,878 - DSN - INFO - t=160: B=-4717.17, Cut=2443, Best=2941
2026-01-14 17:39:40,404 - DSN - INFO - t=200: B=-4708.49, Cut=2946, Best=2946 [LS]
2026-01-14 17:39:40,920 - DSN - INFO - t=240: B=-4703.66, Cut=2233, Best=2946
2026-01-14 17:39:41,445 - DSN - INFO - t=280: B=-4700.74, Cut=1798, Best=2946
2026-01-14 17:39:41,978 - DSN - INFO - t=320: B=-4698.88, Cut=2019, Best=2946
2026-01-14 17:39:42,514 - DSN - INFO - t=360: B=-4697.63, Cut=0, Best=2946
2026-01-14 17:39:43,041 - DSN - INFO - t=400: B=-4696.76, Cut=2926, Best=2946 [LS]
2026-01-14 17:39:43,562 - DSN - INFO - t=440: B=-4696.15, Cut=2537, Best=2946
2026-01-14 17:39:44,092 - DSN - INFO - t=480: B=-4695.70, Cut=1857, Best=2947
2026-01-14 17:39:44,358 - DSN - INFO - DSN GPU done in 6.61s | Cut=2947
2026-01-14 17:39:44,361 - DSN - INFO - Results saved to: results/Gset/DSN_thorough/G14.csv
2026-01-14 17:39:44,361 - DSN - INFO - Cut: 2947 | Bound: -4695.52 | Time: 6.62s
2026-01-14 17:39:44,361 - DSN - INFO - Initialized DSN_thorough | preset=thorough | GPU=True
2026-01-14 17:39:44,361 - DSN - INFO - Params: η=0.003, T=500, init=degree, LS=True
2026-01-14 17:39:44,361 - DSN - INFO - Using GPU solver (CuPy)
2026-01-14 17:39:44,363 - DSN - INFO - DSN GPU Solver: n=800, edges=4694
2026-01-14 17:39:44,363 - DSN - INFO - DSN GPU: T=500, η=0.003, LS=True
2026-01-14 17:39:44,388 - DSN - INFO - t=000: B=-8971.08, Cut=2936, Best=2936 [LS]
2026-01-14 17:39:44,913 - DSN - INFO - t=040: B=-4943.05, Cut=2392, Best=2936
2026-01-14 17:39:45,444 - DSN - INFO - t=080: B=-4779.02, Cut=2577, Best=2936
2026-01-14 17:39:45,974 - DSN - INFO - t=120: B=-4734.82, Cut=2582, Best=2936
2026-01-14 17:39:46,503 - DSN - INFO - t=160: B=-4717.17, Cut=2213, Best=2941
2026-01-14 17:39:47,023 - DSN - INFO - t=200: B=-4708.49, Cut=2912, Best=2941 [LS]
2026-01-14 17:39:47,536 - DSN - INFO - t=240: B=-4703.66, Cut=45, Best=2941
2026-01-14 17:39:48,064 - DSN - INFO - t=280: B=-4700.74, Cut=2567, Best=2941
2026-01-14 17:39:48,599 - DSN - INFO - t=320: B=-4698.88, Cut=60, Best=2941
2026-01-14 17:39:49,135 - DSN - INFO - t=360: B=-4697.63, Cut=0, Best=2941
2026-01-14 17:39:49,664 - DSN - INFO - t=400: B=-4696.76, Cut=2922, Best=2941 [LS]
2026-01-14 17:39:50,184 - DSN - INFO - t=440: B=-4696.15, Cut=2233, Best=2941
2026-01-14 17:39:50,715 - DSN - INFO - t=480: B=-4695.70, Cut=2537, Best=2941
2026-01-14 17:39:50,978 - DSN - INFO - DSN GPU done in 6.61s | Cut=2941
2026-01-14 17:39:50,981 - DSN - INFO - Results saved to: results/Gset/DSN_thorough/G14.csv
2026-01-14 17:39:50,981 - DSN - INFO - Cut: 2941 | Bound: -4695.52 | Time: 6.62s
2026-01-14 17:39:50,981 - DSN - INFO - Initialized DSN_thorough | preset=thorough | GPU=True
2026-01-14 17:39:50,981 - DSN - INFO - Params: η=0.003, T=500, init=degree, LS=True
2026-01-14 17:39:50,981 - DSN - INFO - Using GPU solver (CuPy)
2026-01-14 17:39:50,983 - DSN - INFO - DSN GPU Solver: n=800, edges=4694
2026-01-14 17:39:50,983 - DSN - INFO - DSN GPU: T=500, η=0.003, LS=True
2026-01-14 17:39:51,008 - DSN - INFO - t=000: B=-8971.08, Cut=2933, Best=2933 [LS]
2026-01-14 17:39:51,536 - DSN - INFO - t=040: B=-4943.05, Cut=2571, Best=2933
2026-01-14 17:39:52,062 - DSN - INFO - t=080: B=-4779.02, Cut=2585, Best=2933
2026-01-14 17:39:52,589 - DSN - INFO - t=120: B=-4734.82, Cut=2511, Best=2933
2026-01-14 17:39:53,115 - DSN - INFO - t=160: B=-4717.17, Cut=2031, Best=2945
2026-01-14 17:39:53,642 - DSN - INFO - t=200: B=-4708.49, Cut=2919, Best=2945 [LS]
2026-01-14 17:39:54,154 - DSN - INFO - t=240: B=-4703.66, Cut=1776, Best=2945
2026-01-14 17:39:54,688 - DSN - INFO - t=280: B=-4700.74, Cut=2535, Best=2947
2026-01-14 17:39:55,218 - DSN - INFO - t=320: B=-4698.88, Cut=40, Best=2947
2026-01-14 17:39:55,744 - DSN - INFO - t=360: B=-4697.63, Cut=1520, Best=2947
2026-01-14 17:39:56,265 - DSN - INFO - t=400: B=-4696.76, Cut=2943, Best=2947 [LS]
2026-01-14 17:39:56,783 - DSN - INFO - t=440: B=-4696.15, Cut=2437, Best=2947
2026-01-14 17:39:57,308 - DSN - INFO - t=480: B=-4695.70, Cut=1176, Best=2947
2026-01-14 17:39:57,570 - DSN - INFO - DSN GPU done in 6.59s | Cut=2947
2026-01-14 17:39:57,574 - DSN - INFO - Results saved to: results/Gset/DSN_thorough/G14.csv
2026-01-14 17:39:57,574 - DSN - INFO - Cut: 2947 | Bound: -4695.52 | Time: 6.59s
2026-01-14 17:39:57,574 - DSN - INFO - Initialized DSN_thorough | preset=thorough | GPU=True
2026-01-14 17:39:57,574 - DSN - INFO - Params: η=0.003, T=500, init=degree, LS=True
2026-01-14 17:39:57,575 - DSN - INFO - Using GPU solver (CuPy)
2026-01-14 17:39:57,576 - DSN - INFO - DSN GPU Solver: n=800, edges=4694
2026-01-14 17:39:57,576 - DSN - INFO - DSN GPU: T=500, η=0.003, LS=True
2026-01-14 17:39:57,601 - DSN - INFO - t=000: B=-8971.08, Cut=2928, Best=2928 [LS]
2026-01-14 17:39:58,127 - DSN - INFO - t=040: B=-4943.05, Cut=2337, Best=2928
2026-01-14 17:39:58,657 - DSN - INFO - t=080: B=-4779.02, Cut=2107, Best=2928
2026-01-14 17:39:59,192 - DSN - INFO - t=120: B=-4734.82, Cut=1854, Best=2928
2026-01-14 17:39:59,723 - DSN - INFO - t=160: B=-4717.17, Cut=468, Best=2928
2026-01-14 17:40:00,250 - DSN - INFO - t=200: B=-4708.49, Cut=2926, Best=2928 [LS]
2026-01-14 17:40:00,767 - DSN - INFO - t=240: B=-4703.66, Cut=1746, Best=2928
2026-01-14 17:40:01,291 - DSN - INFO - t=280: B=-4700.74, Cut=2041, Best=2928
2026-01-14 17:40:01,815 - DSN - INFO - t=320: B=-4698.88, Cut=2580, Best=2928
2026-01-14 17:40:02,340 - DSN - INFO - t=360: B=-4697.63, Cut=2233, Best=2928
2026-01-14 17:40:02,864 - DSN - INFO - t=400: B=-4696.76, Cut=2922, Best=2928 [LS]
2026-01-14 17:40:03,383 - DSN - INFO - t=440: B=-4696.15, Cut=2537, Best=2928
2026-01-14 17:40:03,908 - DSN - INFO - t=480: B=-4695.70, Cut=1857, Best=2928
2026-01-14 17:40:04,171 - DSN - INFO - DSN GPU done in 6.60s | Cut=2945
2026-01-14 17:40:04,175 - DSN - INFO - Results saved to: results/Gset/DSN_thorough/G14.csv
2026-01-14 17:40:04,175 - DSN - INFO - Cut: 2945 | Bound: -4695.53 | Time: 6.60s
2026-01-14 17:40:04,175 - DSN - INFO - Initialized DSN_thorough | preset=thorough | GPU=True
2026-01-14 17:40:04,175 - DSN - INFO - Params: η=0.003, T=500, init=degree, LS=True
2026-01-14 17:40:04,175 - DSN - INFO - Using GPU solver (CuPy)
2026-01-14 17:40:04,177 - DSN - INFO - DSN GPU Solver: n=800, edges=4694
2026-01-14 17:40:04,177 - DSN - INFO - DSN GPU: T=500, η=0.003, LS=True
2026-01-14 17:40:04,201 - DSN - INFO - t=000: B=-8971.08, Cut=2927, Best=2927 [LS]
2026-01-14 17:40:04,726 - DSN - INFO - t=040: B=-4943.05, Cut=2344, Best=2927
2026-01-14 17:40:05,255 - DSN - INFO - t=080: B=-4779.02, Cut=2578, Best=2927
2026-01-14 17:40:05,785 - DSN - INFO - t=120: B=-4734.82, Cut=2217, Best=2927
2026-01-14 17:40:06,316 - DSN - INFO - t=160: B=-4717.17, Cut=2437, Best=2927
2026-01-14 17:40:06,836 - DSN - INFO - t=200: B=-4708.49, Cut=2942, Best=2942 [LS]
2026-01-14 17:40:07,357 - DSN - INFO - t=240: B=-4703.66, Cut=0, Best=2942
2026-01-14 17:40:07,891 - DSN - INFO - t=280: B=-4700.74, Cut=2041, Best=2942
2026-01-14 17:40:08,426 - DSN - INFO - t=320: B=-4698.88, Cut=0, Best=2942
2026-01-14 17:40:08,959 - DSN - INFO - t=360: B=-4697.63, Cut=1689, Best=2947
2026-01-14 17:40:09,489 - DSN - INFO - t=400: B=-4696.76, Cut=2926, Best=2947 [LS]
2026-01-14 17:40:10,014 - DSN - INFO - t=440: B=-4696.15, Cut=2443, Best=2947
2026-01-14 17:40:10,541 - DSN - INFO - t=480: B=-4695.70, Cut=1783, Best=2950
2026-01-14 17:40:10,802 - DSN - INFO - DSN GPU done in 6.62s | Cut=2950
2026-01-14 17:40:10,805 - DSN - INFO - Results saved to: results/Gset/DSN_thorough/G14.csv
2026-01-14 17:40:10,805 - DSN - INFO - Cut: 2950 | Bound: -4695.52 | Time: 6.63s
2026-01-14 17:40:10,805 - DSN - INFO - Initialized DSN_thorough | preset=thorough | GPU=True
2026-01-14 17:40:10,805 - DSN - INFO - Params: η=0.003, T=500, init=degree, LS=True
2026-01-14 17:40:10,805 - DSN - INFO - Using GPU solver (CuPy)
2026-01-14 17:40:10,807 - DSN - INFO - DSN GPU Solver: n=800, edges=4694
2026-01-14 17:40:10,807 - DSN - INFO - DSN GPU: T=500, η=0.003, LS=True
2026-01-14 17:40:10,832 - DSN - INFO - t=000: B=-8971.08, Cut=2933, Best=2933 [LS]
2026-01-14 17:40:11,354 - DSN - INFO - t=040: B=-4943.05, Cut=2524, Best=2933
2026-01-14 17:40:11,884 - DSN - INFO - t=080: B=-4779.02, Cut=2505, Best=2933
2026-01-14 17:40:12,410 - DSN - INFO - t=120: B=-4734.82, Cut=1849, Best=2933
2026-01-14 17:40:12,938 - DSN - INFO - t=160: B=-4717.17, Cut=2585, Best=2943
2026-01-14 17:40:13,460 - DSN - INFO - t=200: B=-4708.49, Cut=2934, Best=2943 [LS]
2026-01-14 17:40:13,979 - DSN - INFO - t=240: B=-4703.66, Cut=1176, Best=2943
2026-01-14 17:40:14,507 - DSN - INFO - t=280: B=-4700.74, Cut=1146, Best=2943
2026-01-14 17:40:15,039 - DSN - INFO - t=320: B=-4698.88, Cut=2233, Best=2944
2026-01-14 17:40:15,566 - DSN - INFO - t=360: B=-4697.63, Cut=2421, Best=2951
2026-01-14 17:40:16,089 - DSN - INFO - t=400: B=-4696.76, Cut=2922, Best=2951 [LS]
2026-01-14 17:40:16,611 - DSN - INFO - t=440: B=-4696.15, Cut=1176, Best=2951
2026-01-14 17:40:17,135 - DSN - INFO - t=480: B=-4695.70, Cut=2537, Best=2951
2026-01-14 17:40:17,403 - DSN - INFO - DSN GPU done in 6.60s | Cut=2951
2026-01-14 17:40:17,406 - DSN - INFO - Results saved to: results/Gset/DSN_thorough/G14.csv
2026-01-14 17:40:17,407 - DSN - INFO - Cut: 2951 | Bound: -4695.52 | Time: 6.60s
2026-01-14 17:40:17,407 - DSN - INFO - Initialized DSN_thorough | preset=thorough | GPU=True
2026-01-14 17:40:17,407 - DSN - INFO - Params: η=0.003, T=500, init=degree, LS=True
2026-01-14 17:40:17,407 - DSN - INFO - Using GPU solver (CuPy)
2026-01-14 17:40:17,408 - DSN - INFO - DSN GPU Solver: n=800, edges=4694
2026-01-14 17:40:17,408 - DSN - INFO - DSN GPU: T=500, η=0.003, LS=True
2026-01-14 17:40:17,433 - DSN - INFO - t=000: B=-8971.08, Cut=2928, Best=2928 [LS]
2026-01-14 17:40:17,962 - DSN - INFO - t=040: B=-4943.05, Cut=2560, Best=2928
2026-01-14 17:40:18,490 - DSN - INFO - t=080: B=-4779.02, Cut=2577, Best=2933
2026-01-14 17:40:19,014 - DSN - INFO - t=120: B=-4734.82, Cut=2459, Best=2933
2026-01-14 17:40:19,544 - DSN - INFO - t=160: B=-4717.17, Cut=2453, Best=2933
2026-01-14 17:40:20,069 - DSN - INFO - t=200: B=-4708.49, Cut=2941, Best=2941 [LS]
2026-01-14 17:40:20,587 - DSN - INFO - t=240: B=-4703.66, Cut=1847, Best=2941
2026-01-14 17:40:21,106 - DSN - INFO - t=280: B=-4700.74, Cut=1847, Best=2941
2026-01-14 17:40:21,635 - DSN - INFO - t=320: B=-4698.88, Cut=1793, Best=2941
2026-01-14 17:40:22,166 - DSN - INFO - t=360: B=-4697.63, Cut=0, Best=2945
2026-01-14 17:40:22,696 - DSN - INFO - t=400: B=-4696.76, Cut=2922, Best=2945 [LS]
2026-01-14 17:40:23,218 - DSN - INFO - t=440: B=-4696.15, Cut=2586, Best=2945
2026-01-14 17:40:23,746 - DSN - INFO - t=480: B=-4695.70, Cut=1176, Best=2945
2026-01-14 17:40:24,004 - DSN - INFO - DSN GPU done in 6.60s | Cut=2945
2026-01-14 17:40:24,008 - DSN - INFO - Results saved to: results/Gset/DSN_thorough/G14.csv
2026-01-14 17:40:24,008 - DSN - INFO - Cut: 2945 | Bound: -4695.52 | Time: 6.60s
2026-01-14 17:40:24,008 - DSN - INFO - Initialized DSN_thorough | preset=thorough | GPU=True
2026-01-14 17:40:24,008 - DSN - INFO - Params: η=0.003, T=500, init=degree, LS=True
2026-01-14 17:40:24,008 - DSN - INFO - Using GPU solver (CuPy)
2026-01-14 17:40:24,010 - DSN - INFO - DSN GPU Solver: n=800, edges=4694
2026-01-14 17:40:24,010 - DSN - INFO - DSN GPU: T=500, η=0.003, LS=True
2026-01-14 17:40:24,035 - DSN - INFO - t=000: B=-8971.08, Cut=2931, Best=2931 [LS]
2026-01-14 17:40:24,558 - DSN - INFO - t=040: B=-4943.05, Cut=2353, Best=2931
2026-01-14 17:40:25,082 - DSN - INFO - t=080: B=-4779.02, Cut=2331, Best=2931
2026-01-14 17:40:25,607 - DSN - INFO - t=120: B=-4734.82, Cut=2440, Best=2942
2026-01-14 17:40:26,144 - DSN - INFO - t=160: B=-4717.17, Cut=2440, Best=2946
2026-01-14 17:40:26,667 - DSN - INFO - t=200: B=-4708.49, Cut=2942, Best=2946 [LS]
2026-01-14 17:40:27,184 - DSN - INFO - t=240: B=-4703.66, Cut=1170, Best=2946
2026-01-14 17:40:27,715 - DSN - INFO - t=280: B=-4700.74, Cut=1857, Best=2946
2026-01-14 17:40:28,252 - DSN - INFO - t=320: B=-4698.88, Cut=2023, Best=2947
2026-01-14 17:40:28,780 - DSN - INFO - t=360: B=-4697.63, Cut=1857, Best=2947
2026-01-14 17:40:29,307 - DSN - INFO - t=400: B=-4696.76, Cut=2900, Best=2947 [LS]
2026-01-14 17:40:29,831 - DSN - INFO - t=440: B=-4696.15, Cut=874, Best=2947
2026-01-14 17:40:30,358 - DSN - INFO - t=480: B=-4695.70, Cut=2437, Best=2947
2026-01-14 17:40:30,615 - DSN - INFO - DSN GPU done in 6.60s | Cut=2947
2026-01-14 17:40:30,618 - DSN - INFO - Results saved to: results/Gset/DSN_thorough/G14.csv
2026-01-14 17:40:30,618 - DSN - INFO - Cut: 2947 | Bound: -4695.52 | Time: 6.61s
2026-01-14 17:40:30,626 - DSN - INFO - Initialized DSN_thorough | preset=thorough | GPU=True
2026-01-14 17:40:30,626 - DSN - INFO - Params: η=0.003, T=500, init=degree, LS=True
2026-01-14 17:40:30,626 - DSN - INFO - Using GPU solver (CuPy)
2026-01-14 17:40:30,627 - DSN - INFO - DSN GPU Solver: n=800, edges=4661
2026-01-14 17:40:30,627 - DSN - INFO - DSN GPU: T=500, η=0.003, LS=True
2026-01-14 17:40:30,651 - DSN - INFO - t=000: B=-9260.55, Cut=2906, Best=2906 [LS]
2026-01-14 17:40:31,168 - DSN - INFO - t=040: B=-4935.20, Cut=2585, Best=2906
2026-01-14 17:40:31,694 - DSN - INFO - t=080: B=-4760.21, Cut=4, Best=2906
2026-01-14 17:40:32,224 - DSN - INFO - t=120: B=-4710.79, Cut=2054, Best=2906
2026-01-14 17:40:32,752 - DSN - INFO - t=160: B=-4690.33, Cut=1761, Best=2906
2026-01-14 17:40:33,277 - DSN - INFO - t=200: B=-4679.95, Cut=2907, Best=2907 [LS]
2026-01-14 17:40:33,792 - DSN - INFO - t=240: B=-4674.02, Cut=89, Best=2907
2026-01-14 17:40:34,313 - DSN - INFO - t=280: B=-4670.35, Cut=2564, Best=2907
2026-01-14 17:40:34,840 - DSN - INFO - t=320: B=-4667.94, Cut=2286, Best=2907
2026-01-14 17:40:35,366 - DSN - INFO - t=360: B=-4666.30, Cut=1144, Best=2915
2026-01-14 17:40:35,895 - DSN - INFO - t=400: B=-4665.14, Cut=2903, Best=2915 [LS]
2026-01-14 17:40:36,405 - DSN - INFO - t=440: B=-4664.29, Cut=2286, Best=2915
2026-01-14 17:40:36,933 - DSN - INFO - t=480: B=-4663.66, Cut=2460, Best=2915
2026-01-14 17:40:37,190 - DSN - INFO - DSN GPU done in 6.56s | Cut=2915
2026-01-14 17:40:37,192 - DSN - INFO - Results saved to: results/Gset/DSN_thorough/G15.csv
2026-01-14 17:40:37,192 - DSN - INFO - Cut: 2915 | Bound: -4663.42 | Time: 6.56s
2026-01-14 17:40:37,192 - DSN - INFO - Initialized DSN_thorough | preset=thorough | GPU=True
2026-01-14 17:40:37,192 - DSN - INFO - Params: η=0.003, T=500, init=degree, LS=True
2026-01-14 17:40:37,192 - DSN - INFO - Using GPU solver (CuPy)
2026-01-14 17:40:37,193 - DSN - INFO - DSN GPU Solver: n=800, edges=4661
2026-01-14 17:40:37,193 - DSN - INFO - DSN GPU: T=500, η=0.003, LS=True
2026-01-14 17:40:37,217 - DSN - INFO - t=000: B=-9260.55, Cut=2903, Best=2903 [LS]
2026-01-14 17:40:37,733 - DSN - INFO - t=040: B=-4935.20, Cut=2561, Best=2903
2026-01-14 17:40:38,261 - DSN - INFO - t=080: B=-4760.21, Cut=2563, Best=2903
2026-01-14 17:40:38,786 - DSN - INFO - t=120: B=-4710.79, Cut=1276, Best=2907
2026-01-14 17:40:39,312 - DSN - INFO - t=160: B=-4690.33, Cut=2568, Best=2907
2026-01-14 17:40:39,840 - DSN - INFO - t=200: B=-4679.95, Cut=2898, Best=2907 [LS]
2026-01-14 17:40:40,354 - DSN - INFO - t=240: B=-4674.02, Cut=2460, Best=2907
2026-01-14 17:40:40,881 - DSN - INFO - t=280: B=-4670.35, Cut=2607, Best=2911
2026-01-14 17:40:41,412 - DSN - INFO - t=320: B=-4667.94, Cut=2609, Best=2911
2026-01-14 17:40:41,943 - DSN - INFO - t=360: B=-4666.30, Cut=2286, Best=2915
2026-01-14 17:40:42,477 - DSN - INFO - t=400: B=-4665.14, Cut=2926, Best=2926 [LS]
2026-01-14 17:40:42,990 - DSN - INFO - t=440: B=-4664.29, Cut=2460, Best=2926
2026-01-14 17:40:43,514 - DSN - INFO - t=480: B=-4663.66, Cut=94, Best=2926
2026-01-14 17:40:43,773 - DSN - INFO - DSN GPU done in 6.58s | Cut=2926
2026-01-14 17:40:43,777 - DSN - INFO - Results saved to: results/Gset/DSN_thorough/G15.csv
2026-01-14 17:40:43,777 - DSN - INFO - Cut: 2926 | Bound: -4663.42 | Time: 6.58s
2026-01-14 17:40:43,777 - DSN - INFO - Initialized DSN_thorough | preset=thorough | GPU=True
2026-01-14 17:40:43,777 - DSN - INFO - Params: η=0.003, T=500, init=degree, LS=True
2026-01-14 17:40:43,777 - DSN - INFO - Using GPU solver (CuPy)
2026-01-14 17:40:43,778 - DSN - INFO - DSN GPU Solver: n=800, edges=4661
2026-01-14 17:40:43,778 - DSN - INFO - DSN GPU: T=500, η=0.003, LS=True
2026-01-14 17:40:43,803 - DSN - INFO - t=000: B=-9260.55, Cut=2907, Best=2907 [LS]
2026-01-14 17:40:44,318 - DSN - INFO - t=040: B=-4935.20, Cut=2353, Best=2907
2026-01-14 17:40:44,847 - DSN - INFO - t=080: B=-4760.21, Cut=2274, Best=2907
2026-01-14 17:40:45,376 - DSN - INFO - t=120: B=-4710.79, Cut=2214, Best=2907
2026-01-14 17:40:45,915 - DSN - INFO - t=160: B=-4690.33, Cut=2544, Best=2917
2026-01-14 17:40:46,440 - DSN - INFO - t=200: B=-4679.95, Cut=2898, Best=2917 [LS]
2026-01-14 17:40:46,953 - DSN - INFO - t=240: B=-4674.02, Cut=2338, Best=2917
2026-01-14 17:40:47,478 - DSN - INFO - t=280: B=-4670.35, Cut=1940, Best=2917
2026-01-14 17:40:48,010 - DSN - INFO - t=320: B=-4667.94, Cut=2286, Best=2917
2026-01-14 17:40:48,534 - DSN - INFO - t=360: B=-4666.30, Cut=74, Best=2917
2026-01-14 17:40:49,069 - DSN - INFO - t=400: B=-4665.14, Cut=2922, Best=2922 [LS]
2026-01-14 17:40:49,585 - DSN - INFO - t=440: B=-4664.29, Cut=2568, Best=2922
2026-01-14 17:40:50,117 - DSN - INFO - t=480: B=-4663.66, Cut=2286, Best=2922
2026-01-14 17:40:50,385 - DSN - INFO - DSN GPU done in 6.61s | Cut=2922
2026-01-14 17:40:50,388 - DSN - INFO - Results saved to: results/Gset/DSN_thorough/G15.csv
2026-01-14 17:40:50,388 - DSN - INFO - Cut: 2922 | Bound: -4663.42 | Time: 6.61s
2026-01-14 17:40:50,388 - DSN - INFO - Initialized DSN_thorough | preset=thorough | GPU=True
2026-01-14 17:40:50,388 - DSN - INFO - Params: η=0.003, T=500, init=degree, LS=True
2026-01-14 17:40:50,388 - DSN - INFO - Using GPU solver (CuPy)
2026-01-14 17:40:50,390 - DSN - INFO - DSN GPU Solver: n=800, edges=4661
2026-01-14 17:40:50,390 - DSN - INFO - DSN GPU: T=500, η=0.003, LS=True
2026-01-14 17:40:50,415 - DSN - INFO - t=000: B=-9260.55, Cut=2916, Best=2916 [LS]
2026-01-14 17:40:50,927 - DSN - INFO - t=040: B=-4935.20, Cut=2453, Best=2916
2026-01-14 17:40:51,451 - DSN - INFO - t=080: B=-4760.21, Cut=2597, Best=2916
2026-01-14 17:40:51,980 - DSN - INFO - t=120: B=-4710.79, Cut=2597, Best=2916
2026-01-14 17:40:52,511 - DSN - INFO - t=160: B=-4690.33, Cut=2286, Best=2916
2026-01-14 17:40:53,035 - DSN - INFO - t=200: B=-4679.95, Cut=2903, Best=2916 [LS]
2026-01-14 17:40:53,549 - DSN - INFO - t=240: B=-4674.02, Cut=84, Best=2916
2026-01-14 17:40:54,076 - DSN - INFO - t=280: B=-4670.35, Cut=2542, Best=2916
2026-01-14 17:40:54,598 - DSN - INFO - t=320: B=-4667.94, Cut=94, Best=2916
2026-01-14 17:40:55,129 - DSN - INFO - t=360: B=-4666.30, Cut=0, Best=2916
2026-01-14 17:40:55,654 - DSN - INFO - t=400: B=-4665.14, Cut=2915, Best=2916 [LS]
2026-01-14 17:40:56,181 - DSN - INFO - t=440: B=-4664.29, Cut=2286, Best=2916
2026-01-14 17:40:56,707 - DSN - INFO - t=480: B=-4663.66, Cut=2581, Best=2916
2026-01-14 17:40:56,965 - DSN - INFO - DSN GPU done in 6.58s | Cut=2916
2026-01-14 17:40:56,969 - DSN - INFO - Results saved to: results/Gset/DSN_thorough/G15.csv
2026-01-14 17:40:56,969 - DSN - INFO - Cut: 2916 | Bound: -4663.42 | Time: 6.58s
2026-01-14 17:40:56,969 - DSN - INFO - Initialized DSN_thorough | preset=thorough | GPU=True
2026-01-14 17:40:56,969 - DSN - INFO - Params: η=0.003, T=500, init=degree, LS=True
2026-01-14 17:40:56,969 - DSN - INFO - Using GPU solver (CuPy)
2026-01-14 17:40:56,970 - DSN - INFO - DSN GPU Solver: n=800, edges=4661
2026-01-14 17:40:56,971 - DSN - INFO - DSN GPU: T=500, η=0.003, LS=True
2026-01-14 17:40:56,995 - DSN - INFO - t=000: B=-9260.55, Cut=2911, Best=2911 [LS]
2026-01-14 17:40:57,510 - DSN - INFO - t=040: B=-4935.20, Cut=2565, Best=2911
2026-01-14 17:40:58,035 - DSN - INFO - t=080: B=-4760.21, Cut=2592, Best=2911
2026-01-14 17:40:58,563 - DSN - INFO - t=120: B=-4710.79, Cut=2568, Best=2911
2026-01-14 17:40:59,086 - DSN - INFO - t=160: B=-4690.33, Cut=2276, Best=2911
2026-01-14 17:40:59,610 - DSN - INFO - t=200: B=-4679.95, Cut=2908, Best=2911 [LS]
2026-01-14 17:41:00,126 - DSN - INFO - t=240: B=-4674.02, Cut=1940, Best=2911
2026-01-14 17:41:00,655 - DSN - INFO - t=280: B=-4670.35, Cut=2568, Best=2923
2026-01-14 17:41:01,179 - DSN - INFO - t=320: B=-4667.94, Cut=84, Best=2923
2026-01-14 17:41:01,699 - DSN - INFO - t=360: B=-4666.30, Cut=1940, Best=2923
2026-01-14 17:41:02,232 - DSN - INFO - t=400: B=-4665.14, Cut=2893, Best=2923 [LS]
2026-01-14 17:41:02,745 - DSN - INFO - t=440: B=-4664.29, Cut=2460, Best=2923
2026-01-14 17:41:03,270 - DSN - INFO - t=480: B=-4663.66, Cut=1739, Best=2923
2026-01-14 17:41:03,530 - DSN - INFO - DSN GPU done in 6.56s | Cut=2923
2026-01-14 17:41:03,534 - DSN - INFO - Results saved to: results/Gset/DSN_thorough/G15.csv
2026-01-14 17:41:03,534 - DSN - INFO - Cut: 2923 | Bound: -4663.42 | Time: 6.56s
2026-01-14 17:41:03,534 - DSN - INFO - Initialized DSN_thorough | preset=thorough | GPU=True
2026-01-14 17:41:03,534 - DSN - INFO - Params: η=0.003, T=500, init=degree, LS=True
2026-01-14 17:41:03,534 - DSN - INFO - Using GPU solver (CuPy)
2026-01-14 17:41:03,535 - DSN - INFO - DSN GPU Solver: n=800, edges=4661
2026-01-14 17:41:03,535 - DSN - INFO - DSN GPU: T=500, η=0.003, LS=True
2026-01-14 17:41:03,560 - DSN - INFO - t=000: B=-9260.55, Cut=2910, Best=2910 [LS]
2026-01-14 17:41:04,076 - DSN - INFO - t=040: B=-4935.20, Cut=2346, Best=2910
2026-01-14 17:41:04,605 - DSN - INFO - t=080: B=-4760.21, Cut=2268, Best=2910
2026-01-14 17:41:05,133 - DSN - INFO - t=120: B=-4710.79, Cut=2120, Best=2910
2026-01-14 17:41:05,661 - DSN - INFO - t=160: B=-4690.33, Cut=1156, Best=2910
2026-01-14 17:41:06,189 - DSN - INFO - t=200: B=-4679.95, Cut=2901, Best=2910 [LS]
2026-01-14 17:41:06,704 - DSN - INFO - t=240: B=-4674.02, Cut=1940, Best=2910
2026-01-14 17:41:07,226 - DSN - INFO - t=280: B=-4670.35, Cut=2286, Best=2910
2026-01-14 17:41:07,753 - DSN - INFO - t=320: B=-4667.94, Cut=2597, Best=2910
2026-01-14 17:41:08,278 - DSN - INFO - t=360: B=-4666.30, Cut=2286, Best=2910
2026-01-14 17:41:08,802 - DSN - INFO - t=400: B=-4665.14, Cut=2915, Best=2915 [LS]
2026-01-14 17:41:09,314 - DSN - INFO - t=440: B=-4664.29, Cut=2568, Best=2915
2026-01-14 17:41:09,848 - DSN - INFO - t=480: B=-4663.66, Cut=1940, Best=2915
2026-01-14 17:41:10,112 - DSN - INFO - DSN GPU done in 6.58s | Cut=2926
2026-01-14 17:41:10,116 - DSN - INFO - Results saved to: results/Gset/DSN_thorough/G15.csv
2026-01-14 17:41:10,116 - DSN - INFO - Cut: 2926 | Bound: -4663.42 | Time: 6.58s
2026-01-14 17:41:10,116 - DSN - INFO - Initialized DSN_thorough | preset=thorough | GPU=True
2026-01-14 17:41:10,116 - DSN - INFO - Params: η=0.003, T=500, init=degree, LS=True
2026-01-14 17:41:10,116 - DSN - INFO - Using GPU solver (CuPy)
2026-01-14 17:41:10,118 - DSN - INFO - DSN GPU Solver: n=800, edges=4661
2026-01-14 17:41:10,118 - DSN - INFO - DSN GPU: T=500, η=0.003, LS=True
2026-01-14 17:41:10,143 - DSN - INFO - t=000: B=-9260.55, Cut=2915, Best=2915 [LS]
2026-01-14 17:41:10,658 - DSN - INFO - t=040: B=-4935.20, Cut=2380, Best=2915
2026-01-14 17:41:11,185 - DSN - INFO - t=080: B=-4760.21, Cut=2587, Best=2915
2026-01-14 17:41:11,711 - DSN - INFO - t=120: B=-4710.79, Cut=2310, Best=2915
2026-01-14 17:41:12,237 - DSN - INFO - t=160: B=-4690.33, Cut=2472, Best=2915
2026-01-14 17:41:12,761 - DSN - INFO - t=200: B=-4679.95, Cut=2898, Best=2915 [LS]
2026-01-14 17:41:13,272 - DSN - INFO - t=240: B=-4674.02, Cut=0, Best=2915
2026-01-14 17:41:13,798 - DSN - INFO - t=280: B=-4670.35, Cut=2286, Best=2915
2026-01-14 17:41:14,327 - DSN - INFO - t=320: B=-4667.94, Cut=0, Best=2915
2026-01-14 17:41:14,855 - DSN - INFO - t=360: B=-4666.30, Cut=1940, Best=2922
2026-01-14 17:41:15,386 - DSN - INFO - t=400: B=-4665.14, Cut=2909, Best=2922 [LS]
2026-01-14 17:41:15,900 - DSN - INFO - t=440: B=-4664.29, Cut=2568, Best=2922
2026-01-14 17:41:16,428 - DSN - INFO - t=480: B=-4663.66, Cut=1940, Best=2922
2026-01-14 17:41:16,685 - DSN - INFO - DSN GPU done in 6.57s | Cut=2922
2026-01-14 17:41:16,689 - DSN - INFO - Results saved to: results/Gset/DSN_thorough/G15.csv
2026-01-14 17:41:16,689 - DSN - INFO - Cut: 2922 | Bound: -4663.42 | Time: 6.57s
2026-01-14 17:41:16,689 - DSN - INFO - Initialized DSN_thorough | preset=thorough | GPU=True
2026-01-14 17:41:16,689 - DSN - INFO - Params: η=0.003, T=500, init=degree, LS=True
2026-01-14 17:41:16,689 - DSN - INFO - Using GPU solver (CuPy)
2026-01-14 17:41:16,690 - DSN - INFO - DSN GPU Solver: n=800, edges=4661
2026-01-14 17:41:16,690 - DSN - INFO - DSN GPU: T=500, η=0.003, LS=True
2026-01-14 17:41:16,714 - DSN - INFO - t=000: B=-9260.55, Cut=2910, Best=2910 [LS]
2026-01-14 17:41:17,231 - DSN - INFO - t=040: B=-4935.20, Cut=2551, Best=2910
2026-01-14 17:41:17,758 - DSN - INFO - t=080: B=-4760.21, Cut=2563, Best=2916
2026-01-14 17:41:18,283 - DSN - INFO - t=120: B=-4710.79, Cut=2120, Best=2916
2026-01-14 17:41:18,816 - DSN - INFO - t=160: B=-4690.33, Cut=2568, Best=2916
2026-01-14 17:41:19,338 - DSN - INFO - t=200: B=-4679.95, Cut=2896, Best=2916 [LS]
2026-01-14 17:41:19,856 - DSN - INFO - t=240: B=-4674.02, Cut=1288, Best=2916
2026-01-14 17:41:20,381 - DSN - INFO - t=280: B=-4670.35, Cut=1288, Best=2916
2026-01-14 17:41:20,912 - DSN - INFO - t=320: B=-4667.94, Cut=2413, Best=2916
2026-01-14 17:41:21,446 - DSN - INFO - t=360: B=-4666.30, Cut=2460, Best=2930
2026-01-14 17:41:21,976 - DSN - INFO - t=400: B=-4665.14, Cut=2915, Best=2930 [LS]
2026-01-14 17:41:22,488 - DSN - INFO - t=440: B=-4664.29, Cut=1288, Best=2930
2026-01-14 17:41:23,014 - DSN - INFO - t=480: B=-4663.66, Cut=2564, Best=2930
2026-01-14 17:41:23,276 - DSN - INFO - DSN GPU done in 6.59s | Cut=2930
2026-01-14 17:41:23,280 - DSN - INFO - Results saved to: results/Gset/DSN_thorough/G15.csv
2026-01-14 17:41:23,280 - DSN - INFO - Cut: 2930 | Bound: -4663.42 | Time: 6.59s
2026-01-14 17:41:23,280 - DSN - INFO - Initialized DSN_thorough | preset=thorough | GPU=True
2026-01-14 17:41:23,280 - DSN - INFO - Params: η=0.003, T=500, init=degree, LS=True
2026-01-14 17:41:23,280 - DSN - INFO - Using GPU solver (CuPy)
2026-01-14 17:41:23,281 - DSN - INFO - DSN GPU Solver: n=800, edges=4661
2026-01-14 17:41:23,281 - DSN - INFO - DSN GPU: T=500, η=0.003, LS=True
2026-01-14 17:41:23,306 - DSN - INFO - t=000: B=-9260.55, Cut=2903, Best=2903 [LS]
2026-01-14 17:41:23,817 - DSN - INFO - t=040: B=-4935.20, Cut=2585, Best=2903
2026-01-14 17:41:24,343 - DSN - INFO - t=080: B=-4760.22, Cut=2597, Best=2903
2026-01-14 17:41:24,872 - DSN - INFO - t=120: B=-4710.79, Cut=2556, Best=2903
2026-01-14 17:41:25,398 - DSN - INFO - t=160: B=-4690.33, Cut=2562, Best=2904
2026-01-14 17:41:25,923 - DSN - INFO - t=200: B=-4679.95, Cut=2907, Best=2907 [LS]
2026-01-14 17:41:26,437 - DSN - INFO - t=240: B=-4674.02, Cut=1940, Best=2907
2026-01-14 17:41:26,960 - DSN - INFO - t=280: B=-4670.35, Cut=1940, Best=2907
2026-01-14 17:41:27,485 - DSN - INFO - t=320: B=-4667.94, Cut=1940, Best=2907
2026-01-14 17:41:28,017 - DSN - INFO - t=360: B=-4666.30, Cut=79, Best=2926
2026-01-14 17:41:28,545 - DSN - INFO - t=400: B=-4665.14, Cut=2915, Best=2926 [LS]
2026-01-14 17:41:29,058 - DSN - INFO - t=440: B=-4664.29, Cut=2542, Best=2926
2026-01-14 17:41:29,581 - DSN - INFO - t=480: B=-4663.66, Cut=1288, Best=2926
2026-01-14 17:41:29,844 - DSN - INFO - DSN GPU done in 6.56s | Cut=2926
2026-01-14 17:41:29,847 - DSN - INFO - Results saved to: results/Gset/DSN_thorough/G15.csv
2026-01-14 17:41:29,847 - DSN - INFO - Cut: 2926 | Bound: -4663.42 | Time: 6.56s
2026-01-14 17:41:29,848 - DSN - INFO - Initialized DSN_thorough | preset=thorough | GPU=True
2026-01-14 17:41:29,848 - DSN - INFO - Params: η=0.003, T=500, init=degree, LS=True
2026-01-14 17:41:29,848 - DSN - INFO - Using GPU solver (CuPy)
2026-01-14 17:41:29,849 - DSN - INFO - DSN GPU Solver: n=800, edges=4661
2026-01-14 17:41:29,849 - DSN - INFO - DSN GPU: T=500, η=0.003, LS=True
2026-01-14 17:41:29,873 - DSN - INFO - t=000: B=-9260.55, Cut=2909, Best=2909 [LS]
2026-01-14 17:41:30,387 - DSN - INFO - t=040: B=-4935.20, Cut=2433, Best=2909
2026-01-14 17:41:30,914 - DSN - INFO - t=080: B=-4760.21, Cut=2457, Best=2909
2026-01-14 17:41:31,433 - DSN - INFO - t=120: B=-4710.79, Cut=2530, Best=2909
2026-01-14 17:41:31,957 - DSN - INFO - t=160: B=-4690.33, Cut=2496, Best=2909
2026-01-14 17:41:32,482 - DSN - INFO - t=200: B=-4679.95, Cut=2903, Best=2909 [LS]
2026-01-14 17:41:32,997 - DSN - INFO - t=240: B=-4674.02, Cut=1288, Best=2909
2026-01-14 17:41:33,517 - DSN - INFO - t=280: B=-4670.35, Cut=2156, Best=2909
2026-01-14 17:41:34,051 - DSN - INFO - t=320: B=-4667.94, Cut=2286, Best=2922
2026-01-14 17:41:34,572 - DSN - INFO - t=360: B=-4666.30, Cut=1940, Best=2922
2026-01-14 17:41:35,103 - DSN - INFO - t=400: B=-4665.14, Cut=2903, Best=2922 [LS]
2026-01-14 17:41:35,620 - DSN - INFO - t=440: B=-4664.29, Cut=1288, Best=2922
2026-01-14 17:41:36,146 - DSN - INFO - t=480: B=-4663.66, Cut=2460, Best=2922
2026-01-14 17:41:36,404 - DSN - INFO - DSN GPU done in 6.56s | Cut=2922
2026-01-14 17:41:36,408 - DSN - INFO - Results saved to: results/Gset/DSN_thorough/G15.csv
2026-01-14 17:41:36,408 - DSN - INFO - Cut: 2922 | Bound: -4663.42 | Time: 6.56s
2026-01-14 17:41:36,415 - DSN - INFO - Initialized DSN_thorough | preset=thorough | GPU=True
2026-01-14 17:41:36,415 - DSN - INFO - Params: η=0.003, T=500, init=degree, LS=True
2026-01-14 17:41:36,415 - DSN - INFO - Using GPU solver (CuPy)
2026-01-14 17:41:36,416 - DSN - INFO - DSN GPU Solver: n=800, edges=4672
2026-01-14 17:41:36,416 - DSN - INFO - DSN GPU: T=500, η=0.003, LS=True
2026-01-14 17:41:36,441 - DSN - INFO - t=000: B=-9049.10, Cut=2929, Best=2929 [LS]
2026-01-14 17:41:36,954 - DSN - INFO - t=040: B=-4928.76, Cut=2584, Best=2929
2026-01-14 17:41:37,478 - DSN - INFO - t=080: B=-4758.84, Cut=0, Best=2929
2026-01-14 17:41:38,008 - DSN - INFO - t=120: B=-4712.97, Cut=1929, Best=2929
2026-01-14 17:41:38,529 - DSN - INFO - t=160: B=-4694.90, Cut=1478, Best=2929
2026-01-14 17:41:39,058 - DSN - INFO - t=200: B=-4686.14, Cut=2921, Best=2929 [LS]
2026-01-14 17:41:39,568 - DSN - INFO - t=240: B=-4681.33, Cut=90, Best=2929
2026-01-14 17:41:40,093 - DSN - INFO - t=280: B=-4678.45, Cut=2582, Best=2931
2026-01-14 17:41:40,617 - DSN - INFO - t=320: B=-4676.63, Cut=2277, Best=2931
2026-01-14 17:41:41,139 - DSN - INFO - t=360: B=-4675.42, Cut=606, Best=2931
2026-01-14 17:41:41,657 - DSN - INFO - t=400: B=-4674.59, Cut=2914, Best=2931 [LS]
2026-01-14 17:41:42,182 - DSN - INFO - t=440: B=-4674.00, Cut=2277, Best=2931
2026-01-14 17:41:42,713 - DSN - INFO - t=480: B=-4673.57, Cut=2496, Best=2931
2026-01-14 17:41:42,975 - DSN - INFO - DSN GPU done in 6.56s | Cut=2931
2026-01-14 17:41:42,976 - DSN - INFO - Results saved to: results/Gset/DSN_thorough/G16.csv
2026-01-14 17:41:42,976 - DSN - INFO - Cut: 2931 | Bound: -4673.41 | Time: 6.56s
2026-01-14 17:41:42,976 - DSN - INFO - Initialized DSN_thorough | preset=thorough | GPU=True
2026-01-14 17:41:42,976 - DSN - INFO - Params: η=0.003, T=500, init=degree, LS=True
2026-01-14 17:41:42,977 - DSN - INFO - Using GPU solver (CuPy)
2026-01-14 17:41:42,978 - DSN - INFO - DSN GPU Solver: n=800, edges=4672
2026-01-14 17:41:42,978 - DSN - INFO - DSN GPU: T=500, η=0.003, LS=True
2026-01-14 17:41:43,001 - DSN - INFO - t=000: B=-9049.10, Cut=2920, Best=2920 [LS]
2026-01-14 17:41:43,514 - DSN - INFO - t=040: B=-4928.76, Cut=2563, Best=2920
2026-01-14 17:41:44,039 - DSN - INFO - t=080: B=-4758.84, Cut=2582, Best=2928
2026-01-14 17:41:44,565 - DSN - INFO - t=120: B=-4712.97, Cut=1300, Best=2928
2026-01-14 17:41:45,082 - DSN - INFO - t=160: B=-4694.91, Cut=2574, Best=2930
2026-01-14 17:41:45,612 - DSN - INFO - t=200: B=-4686.14, Cut=2918, Best=2930 [LS]
2026-01-14 17:41:46,125 - DSN - INFO - t=240: B=-4681.33, Cut=2496, Best=2930
2026-01-14 17:41:46,660 - DSN - INFO - t=280: B=-4678.45, Cut=2598, Best=2930
2026-01-14 17:41:47,180 - DSN - INFO - t=320: B=-4676.63, Cut=2594, Best=2930
2026-01-14 17:41:47,700 - DSN - INFO - t=360: B=-4675.42, Cut=2277, Best=2930
2026-01-14 17:41:48,235 - DSN - INFO - t=400: B=-4674.59, Cut=2926, Best=2930 [LS]
2026-01-14 17:41:48,754 - DSN - INFO - t=440: B=-4674.00, Cut=2496, Best=2930
2026-01-14 17:41:49,275 - DSN - INFO - t=480: B=-4673.57, Cut=100, Best=2930
2026-01-14 17:41:49,532 - DSN - INFO - DSN GPU done in 6.55s | Cut=2930
2026-01-14 17:41:49,536 - DSN - INFO - Results saved to: results/Gset/DSN_thorough/G16.csv
2026-01-14 17:41:49,536 - DSN - INFO - Cut: 2930 | Bound: -4673.41 | Time: 6.56s
2026-01-14 17:41:49,536 - DSN - INFO - Initialized DSN_thorough | preset=thorough | GPU=True
2026-01-14 17:41:49,536 - DSN - INFO - Params: η=0.003, T=500, init=degree, LS=True
2026-01-14 17:41:49,536 - DSN - INFO - Using GPU solver (CuPy)
2026-01-14 17:41:49,537 - DSN - INFO - DSN GPU Solver: n=800, edges=4672
2026-01-14 17:41:49,537 - DSN - INFO - DSN GPU: T=500, η=0.003, LS=True
2026-01-14 17:41:49,562 - DSN - INFO - t=000: B=-9049.10, Cut=2925, Best=2925 [LS]
2026-01-14 17:41:50,076 - DSN - INFO - t=040: B=-4928.76, Cut=2370, Best=2925
2026-01-14 17:41:50,601 - DSN - INFO - t=080: B=-4758.84, Cut=2249, Best=2928
2026-01-14 17:41:51,125 - DSN - INFO - t=120: B=-4712.97, Cut=2079, Best=2928
2026-01-14 17:41:51,649 - DSN - INFO - t=160: B=-4694.91, Cut=2526, Best=2928
2026-01-14 17:41:52,184 - DSN - INFO - t=200: B=-4686.14, Cut=2912, Best=2928 [LS]
2026-01-14 17:41:52,698 - DSN - INFO - t=240: B=-4681.33, Cut=2277, Best=2928
2026-01-14 17:41:53,222 - DSN - INFO - t=280: B=-4678.45, Cut=1922, Best=2928
2026-01-14 17:41:53,745 - DSN - INFO - t=320: B=-4676.63, Cut=2271, Best=2928
2026-01-14 17:41:54,266 - DSN - INFO - t=360: B=-4675.42, Cut=45, Best=2928
2026-01-14 17:41:54,793 - DSN - INFO - t=400: B=-4674.59, Cut=2906, Best=2928 [LS]
2026-01-14 17:41:55,315 - DSN - INFO - t=440: B=-4674.00, Cut=2582, Best=2928
2026-01-14 17:41:55,850 - DSN - INFO - t=480: B=-4673.57, Cut=2179, Best=2928
2026-01-14 17:41:56,114 - DSN - INFO - DSN GPU done in 6.58s | Cut=2928
2026-01-14 17:41:56,118 - DSN - INFO - Results saved to: results/Gset/DSN_thorough/G16.csv
2026-01-14 17:41:56,118 - DSN - INFO - Cut: 2928 | Bound: -4673.41 | Time: 6.58s
2026-01-14 17:41:56,118 - DSN - INFO - Initialized DSN_thorough | preset=thorough | GPU=True
2026-01-14 17:41:56,118 - DSN - INFO - Params: η=0.003, T=500, init=degree, LS=True
2026-01-14 17:41:56,118 - DSN - INFO - Using GPU solver (CuPy)
2026-01-14 17:41:56,119 - DSN - INFO - DSN GPU Solver: n=800, edges=4672
2026-01-14 17:41:56,119 - DSN - INFO - DSN GPU: T=500, η=0.003, LS=True
2026-01-14 17:41:56,142 - DSN - INFO - t=000: B=-9049.10, Cut=2903, Best=2903 [LS]
2026-01-14 17:41:56,659 - DSN - INFO - t=040: B=-4928.76, Cut=2483, Best=2903
2026-01-14 17:41:57,182 - DSN - INFO - t=080: B=-4758.84, Cut=2590, Best=2909
2026-01-14 17:41:57,716 - DSN - INFO - t=120: B=-4712.97, Cut=2590, Best=2911
2026-01-14 17:41:58,243 - DSN - INFO - t=160: B=-4694.90, Cut=2277, Best=2911
2026-01-14 17:41:58,777 - DSN - INFO - t=200: B=-4686.14, Cut=2911, Best=2911 [LS]
2026-01-14 17:41:59,289 - DSN - INFO - t=240: B=-4681.33, Cut=85, Best=2911
2026-01-14 17:41:59,819 - DSN - INFO - t=280: B=-4678.45, Cut=2560, Best=2911
2026-01-14 17:42:00,347 - DSN - INFO - t=320: B=-4676.63, Cut=100, Best=2911
2026-01-14 17:42:00,869 - DSN - INFO - t=360: B=-4675.42, Cut=0, Best=2911
2026-01-14 17:42:01,398 - DSN - INFO - t=400: B=-4674.59, Cut=2906, Best=2911 [LS]
2026-01-14 17:42:01,919 - DSN - INFO - t=440: B=-4674.00, Cut=2277, Best=2911
2026-01-14 17:42:02,454 - DSN - INFO - t=480: B=-4673.57, Cut=2582, Best=2911
2026-01-14 17:42:02,718 - DSN - INFO - DSN GPU done in 6.60s | Cut=2911
2026-01-14 17:42:02,722 - DSN - INFO - Results saved to: results/Gset/DSN_thorough/G16.csv
2026-01-14 17:42:02,722 - DSN - INFO - Cut: 2911 | Bound: -4673.41 | Time: 6.60s
2026-01-14 17:42:02,722 - DSN - INFO - Initialized DSN_thorough | preset=thorough | GPU=True
2026-01-14 17:42:02,722 - DSN - INFO - Params: η=0.003, T=500, init=degree, LS=True
2026-01-14 17:42:02,722 - DSN - INFO - Using GPU solver (CuPy)
2026-01-14 17:42:02,724 - DSN - INFO - DSN GPU Solver: n=800, edges=4672
2026-01-14 17:42:02,724 - DSN - INFO - DSN GPU: T=500, η=0.003, LS=True
2026-01-14 17:42:02,748 - DSN - INFO - t=000: B=-9049.10, Cut=2927, Best=2927 [LS]
2026-01-14 17:42:03,260 - DSN - INFO - t=040: B=-4928.76, Cut=2581, Best=2927
2026-01-14 17:42:03,786 - DSN - INFO - t=080: B=-4758.84, Cut=2590, Best=2927
2026-01-14 17:42:04,315 - DSN - INFO - t=120: B=-4712.97, Cut=2574, Best=2927
2026-01-14 17:42:04,839 - DSN - INFO - t=160: B=-4694.90, Cut=2209, Best=2927
2026-01-14 17:42:05,368 - DSN - INFO - t=200: B=-4686.14, Cut=2910, Best=2927 [LS]
2026-01-14 17:42:05,888 - DSN - INFO - t=240: B=-4681.33, Cut=1917, Best=2927
2026-01-14 17:42:06,420 - DSN - INFO - t=280: B=-4678.45, Cut=2582, Best=2927
2026-01-14 17:42:06,948 - DSN - INFO - t=320: B=-4676.63, Cut=85, Best=2927
2026-01-14 17:42:07,472 - DSN - INFO - t=360: B=-4675.42, Cut=1902, Best=2929
2026-01-14 17:42:07,995 - DSN - INFO - t=400: B=-4674.59, Cut=2911, Best=2929 [LS]
2026-01-14 17:42:08,517 - DSN - INFO - t=440: B=-4674.00, Cut=2496, Best=2929
2026-01-14 17:42:09,039 - DSN - INFO - t=480: B=-4673.57, Cut=1340, Best=2929
2026-01-14 17:42:09,298 - DSN - INFO - DSN GPU done in 6.57s | Cut=2929
2026-01-14 17:42:09,301 - DSN - INFO - Results saved to: results/Gset/DSN_thorough/G16.csv
2026-01-14 17:42:09,301 - DSN - INFO - Cut: 2929 | Bound: -4673.41 | Time: 6.58s
2026-01-14 17:42:09,301 - DSN - INFO - Initialized DSN_thorough | preset=thorough | GPU=True
2026-01-14 17:42:09,301 - DSN - INFO - Params: η=0.003, T=500, init=degree, LS=True
2026-01-14 17:42:09,302 - DSN - INFO - Using GPU solver (CuPy)
2026-01-14 17:42:09,303 - DSN - INFO - DSN GPU Solver: n=800, edges=4672
2026-01-14 17:42:09,303 - DSN - INFO - DSN GPU: T=500, η=0.003, LS=True
2026-01-14 17:42:09,327 - DSN - INFO - t=000: B=-9049.10, Cut=2927, Best=2927 [LS]
2026-01-14 17:42:09,841 - DSN - INFO - t=040: B=-4928.76, Cut=2367, Best=2927
2026-01-14 17:42:10,369 - DSN - INFO - t=080: B=-4758.84, Cut=2247, Best=2928
2026-01-14 17:42:10,896 - DSN - INFO - t=120: B=-4712.97, Cut=1951, Best=2928
2026-01-14 17:42:11,422 - DSN - INFO - t=160: B=-4694.91, Cut=926, Best=2928
2026-01-14 17:42:11,951 - DSN - INFO - t=200: B=-4686.14, Cut=2901, Best=2928 [LS]
2026-01-14 17:42:12,469 - DSN - INFO - t=240: B=-4681.33, Cut=1907, Best=2928
2026-01-14 17:42:12,994 - DSN - INFO - t=280: B=-4678.45, Cut=2271, Best=2928
2026-01-14 17:42:13,521 - DSN - INFO - t=320: B=-4676.63, Cut=2592, Best=2929
2026-01-14 17:42:14,043 - DSN - INFO - t=360: B=-4675.42, Cut=2277, Best=2929
2026-01-14 17:42:14,577 - DSN - INFO - t=400: B=-4674.59, Cut=2906, Best=2929 [LS]
2026-01-14 17:42:15,094 - DSN - INFO - t=440: B=-4674.00, Cut=2582, Best=2929
2026-01-14 17:42:15,627 - DSN - INFO - t=480: B=-4673.57, Cut=1929, Best=2929
2026-01-14 17:42:15,894 - DSN - INFO - DSN GPU done in 6.59s | Cut=2929
2026-01-14 17:42:15,897 - DSN - INFO - Results saved to: results/Gset/DSN_thorough/G16.csv
2026-01-14 17:42:15,897 - DSN - INFO - Cut: 2929 | Bound: -4673.41 | Time: 6.59s
2026-01-14 17:42:15,897 - DSN - INFO - Initialized DSN_thorough | preset=thorough | GPU=True
2026-01-14 17:42:15,897 - DSN - INFO - Params: η=0.003, T=500, init=degree, LS=True
2026-01-14 17:42:15,897 - DSN - INFO - Using GPU solver (CuPy)
2026-01-14 17:42:15,899 - DSN - INFO - DSN GPU Solver: n=800, edges=4672
2026-01-14 17:42:15,899 - DSN - INFO - DSN GPU: T=500, η=0.003, LS=True
2026-01-14 17:42:15,923 - DSN - INFO - t=000: B=-9049.10, Cut=2911, Best=2911 [LS]
2026-01-14 17:42:16,437 - DSN - INFO - t=040: B=-4928.76, Cut=2370, Best=2911
2026-01-14 17:42:16,966 - DSN - INFO - t=080: B=-4758.84, Cut=2590, Best=2911
2026-01-14 17:42:17,493 - DSN - INFO - t=120: B=-4712.97, Cut=2277, Best=2930
2026-01-14 17:42:18,014 - DSN - INFO - t=160: B=-4694.90, Cut=2496, Best=2930
2026-01-14 17:42:18,545 - DSN - INFO - t=200: B=-4686.14, Cut=2911, Best=2930 [LS]
2026-01-14 17:42:19,066 - DSN - INFO - t=240: B=-4681.33, Cut=0, Best=2930
2026-01-14 17:42:19,593 - DSN - INFO - t=280: B=-4678.45, Cut=2271, Best=2930
2026-01-14 17:42:20,121 - DSN - INFO - t=320: B=-4676.63, Cut=0, Best=2930
2026-01-14 17:42:20,649 - DSN - INFO - t=360: B=-4675.42, Cut=1917, Best=2930
2026-01-14 17:42:21,179 - DSN - INFO - t=400: B=-4674.59, Cut=2901, Best=2930 [LS]
2026-01-14 17:42:21,704 - DSN - INFO - t=440: B=-4674.00, Cut=2506, Best=2930
2026-01-14 17:42:22,236 - DSN - INFO - t=480: B=-4673.57, Cut=1929, Best=2930
2026-01-14 17:42:22,491 - DSN - INFO - DSN GPU done in 6.59s | Cut=2930
2026-01-14 17:42:22,495 - DSN - INFO - Results saved to: results/Gset/DSN_thorough/G16.csv
2026-01-14 17:42:22,495 - DSN - INFO - Cut: 2930 | Bound: -4673.41 | Time: 6.59s
2026-01-14 17:42:22,495 - DSN - INFO - Initialized DSN_thorough | preset=thorough | GPU=True
2026-01-14 17:42:22,495 - DSN - INFO - Params: η=0.003, T=500, init=degree, LS=True
2026-01-14 17:42:22,495 - DSN - INFO - Using GPU solver (CuPy)
2026-01-14 17:42:22,496 - DSN - INFO - DSN GPU Solver: n=800, edges=4672
2026-01-14 17:42:22,496 - DSN - INFO - DSN GPU: T=500, η=0.003, LS=True
2026-01-14 17:42:22,521 - DSN - INFO - t=000: B=-9049.10, Cut=2927, Best=2927 [LS]
2026-01-14 17:42:23,034 - DSN - INFO - t=040: B=-4928.76, Cut=2565, Best=2927
2026-01-14 17:42:23,559 - DSN - INFO - t=080: B=-4758.84, Cut=2562, Best=2927
2026-01-14 17:42:24,088 - DSN - INFO - t=120: B=-4712.97, Cut=1939, Best=2927
2026-01-14 17:42:24,613 - DSN - INFO - t=160: B=-4694.90, Cut=2582, Best=2927
2026-01-14 17:42:25,144 - DSN - INFO - t=200: B=-4686.14, Cut=2911, Best=2927 [LS]
2026-01-14 17:42:25,666 - DSN - INFO - t=240: B=-4681.33, Cut=1340, Best=2927
2026-01-14 17:42:26,193 - DSN - INFO - t=280: B=-4678.45, Cut=1340, Best=2927
2026-01-14 17:42:26,725 - DSN - INFO - t=320: B=-4676.63, Cut=2277, Best=2927
2026-01-14 17:42:27,251 - DSN - INFO - t=360: B=-4675.42, Cut=2496, Best=2927
2026-01-14 17:42:27,783 - DSN - INFO - t=400: B=-4674.59, Cut=2906, Best=2927 [LS]
2026-01-14 17:42:28,301 - DSN - INFO - t=440: B=-4674.00, Cut=1340, Best=2927
2026-01-14 17:42:28,823 - DSN - INFO - t=480: B=-4673.57, Cut=2582, Best=2927
2026-01-14 17:42:29,089 - DSN - INFO - DSN GPU done in 6.59s | Cut=2927
2026-01-14 17:42:29,093 - DSN - INFO - Results saved to: results/Gset/DSN_thorough/G16.csv
2026-01-14 17:42:29,093 - DSN - INFO - Cut: 2927 | Bound: -4673.41 | Time: 6.59s
2026-01-14 17:42:29,093 - DSN - INFO - Initialized DSN_thorough | preset=thorough | GPU=True
2026-01-14 17:42:29,093 - DSN - INFO - Params: η=0.003, T=500, init=degree, LS=True
2026-01-14 17:42:29,093 - DSN - INFO - Using GPU solver (CuPy)
2026-01-14 17:42:29,095 - DSN - INFO - DSN GPU Solver: n=800, edges=4672
2026-01-14 17:42:29,095 - DSN - INFO - DSN GPU: T=500, η=0.003, LS=True
2026-01-14 17:42:29,119 - DSN - INFO - t=000: B=-9049.10, Cut=2928, Best=2928 [LS]
2026-01-14 17:42:29,633 - DSN - INFO - t=040: B=-4928.76, Cut=2586, Best=2928
2026-01-14 17:42:30,156 - DSN - INFO - t=080: B=-4758.84, Cut=2590, Best=2928
2026-01-14 17:42:30,690 - DSN - INFO - t=120: B=-4712.97, Cut=2546, Best=2928
2026-01-14 17:42:31,211 - DSN - INFO - t=160: B=-4694.91, Cut=2546, Best=2928
2026-01-14 17:42:31,741 - DSN - INFO - t=200: B=-4686.14, Cut=2911, Best=2928 [LS]
2026-01-14 17:42:32,256 - DSN - INFO - t=240: B=-4681.33, Cut=1929, Best=2928
2026-01-14 17:42:32,779 - DSN - INFO - t=280: B=-4678.45, Cut=1929, Best=2928
2026-01-14 17:42:33,310 - DSN - INFO - t=320: B=-4676.63, Cut=1929, Best=2928
2026-01-14 17:42:33,841 - DSN - INFO - t=360: B=-4675.42, Cut=70, Best=2928
2026-01-14 17:42:34,370 - DSN - INFO - t=400: B=-4674.59, Cut=2906, Best=2928 [LS]
2026-01-14 17:42:34,888 - DSN - INFO - t=440: B=-4674.00, Cut=2567, Best=2928
2026-01-14 17:42:35,414 - DSN - INFO - t=480: B=-4673.57, Cut=1340, Best=2928
2026-01-14 17:42:35,680 - DSN - INFO - DSN GPU done in 6.59s | Cut=2928
2026-01-14 17:42:35,684 - DSN - INFO - Results saved to: results/Gset/DSN_thorough/G16.csv
2026-01-14 17:42:35,684 - DSN - INFO - Cut: 2928 | Bound: -4673.41 | Time: 6.59s
2026-01-14 17:42:35,684 - DSN - INFO - Initialized DSN_thorough | preset=thorough | GPU=True
2026-01-14 17:42:35,684 - DSN - INFO - Params: η=0.003, T=500, init=degree, LS=True
2026-01-14 17:42:35,684 - DSN - INFO - Using GPU solver (CuPy)
2026-01-14 17:42:35,686 - DSN - INFO - DSN GPU Solver: n=800, edges=4672
2026-01-14 17:42:35,686 - DSN - INFO - DSN GPU: T=500, η=0.003, LS=True
2026-01-14 17:42:35,710 - DSN - INFO - t=000: B=-9049.10, Cut=2920, Best=2920 [LS]
2026-01-14 17:42:36,222 - DSN - INFO - t=040: B=-4928.76, Cut=2442, Best=2920
2026-01-14 17:42:36,749 - DSN - INFO - t=080: B=-4758.84, Cut=2461, Best=2920
2026-01-14 17:42:37,280 - DSN - INFO - t=120: B=-4712.97, Cut=2514, Best=2920
2026-01-14 17:42:37,803 - DSN - INFO - t=160: B=-4694.90, Cut=2496, Best=2931
2026-01-14 17:42:38,332 - DSN - INFO - t=200: B=-4686.14, Cut=2911, Best=2931 [LS]
2026-01-14 17:42:38,845 - DSN - INFO - t=240: B=-4681.33, Cut=1340, Best=2931
2026-01-14 17:42:39,371 - DSN - INFO - t=280: B=-4678.45, Cut=1929, Best=2931
2026-01-14 17:42:39,904 - DSN - INFO - t=320: B=-4676.63, Cut=2271, Best=2931
2026-01-14 17:42:40,421 - DSN - INFO - t=360: B=-4675.42, Cut=1929, Best=2931
2026-01-14 17:42:40,945 - DSN - INFO - t=400: B=-4674.59, Cut=2911, Best=2931 [LS]
2026-01-14 17:42:41,468 - DSN - INFO - t=440: B=-4674.00, Cut=1340, Best=2931
2026-01-14 17:42:41,993 - DSN - INFO - t=480: B=-4673.57, Cut=2496, Best=2931
2026-01-14 17:42:42,253 - DSN - INFO - DSN GPU done in 6.57s | Cut=2931
2026-01-14 17:42:42,257 - DSN - INFO - Results saved to: results/Gset/DSN_thorough/G16.csv
2026-01-14 17:42:42,257 - DSN - INFO - Cut: 2931 | Bound: -4673.41 | Time: 6.57s
2026-01-14 17:42:42,264 - DSN - INFO - Initialized DSN_thorough | preset=thorough | GPU=True
2026-01-14 17:42:42,264 - DSN - INFO - Params: η=0.003, T=500, init=degree, LS=True
2026-01-14 17:42:42,264 - DSN - INFO - Using GPU solver (CuPy)
2026-01-14 17:42:42,265 - DSN - INFO - DSN GPU Solver: n=800, edges=4667
2026-01-14 17:42:42,265 - DSN - INFO - DSN GPU: T=500, η=0.003, LS=True
2026-01-14 17:42:42,289 - DSN - INFO - t=000: B=-9067.98, Cut=2929, Best=2929 [LS]
2026-01-14 17:42:42,806 - DSN - INFO - t=040: B=-4931.03, Cut=2601, Best=2929
2026-01-14 17:42:43,330 - DSN - INFO - t=080: B=-4758.66, Cut=0, Best=2929
2026-01-14 17:42:43,864 - DSN - INFO - t=120: B=-4711.15, Cut=1974, Best=2929
2026-01-14 17:42:44,390 - DSN - INFO - t=160: B=-4692.14, Cut=1633, Best=2929
2026-01-14 17:42:44,931 - DSN - INFO - t=200: B=-4682.80, Cut=2905, Best=2929 [LS]
2026-01-14 17:42:45,449 - DSN - INFO - t=240: B=-4677.60, Cut=60, Best=2929
2026-01-14 17:42:45,973 - DSN - INFO - t=280: B=-4674.46, Cut=2599, Best=2929
2026-01-14 17:42:46,492 - DSN - INFO - t=320: B=-4672.44, Cut=2312, Best=2929
2026-01-14 17:42:47,023 - DSN - INFO - t=360: B=-4671.09, Cut=824, Best=2942
2026-01-14 17:42:47,549 - DSN - INFO - t=400: B=-4670.14, Cut=2897, Best=2942 [LS]
2026-01-14 17:42:48,069 - DSN - INFO - t=440: B=-4669.47, Cut=2312, Best=2942
2026-01-14 17:42:48,595 - DSN - INFO - t=480: B=-4668.97, Cut=2531, Best=2942
2026-01-14 17:42:48,856 - DSN - INFO - DSN GPU done in 6.59s | Cut=2942
2026-01-14 17:42:48,858 - DSN - INFO - Results saved to: results/Gset/DSN_thorough/G17.csv
2026-01-14 17:42:48,858 - DSN - INFO - Cut: 2942 | Bound: -4668.78 | Time: 6.59s
2026-01-14 17:42:48,858 - DSN - INFO - Initialized DSN_thorough | preset=thorough | GPU=True
2026-01-14 17:42:48,858 - DSN - INFO - Params: η=0.003, T=500, init=degree, LS=True
2026-01-14 17:42:48,858 - DSN - INFO - Using GPU solver (CuPy)
2026-01-14 17:42:48,860 - DSN - INFO - DSN GPU Solver: n=800, edges=4667
2026-01-14 17:42:48,860 - DSN - INFO - DSN GPU: T=500, η=0.003, LS=True
2026-01-14 17:42:48,884 - DSN - INFO - t=000: B=-9067.98, Cut=2920, Best=2920 [LS]
2026-01-14 17:42:49,400 - DSN - INFO - t=040: B=-4931.03, Cut=2585, Best=2920
2026-01-14 17:42:49,922 - DSN - INFO - t=080: B=-4758.66, Cut=2599, Best=2920
2026-01-14 17:42:50,451 - DSN - INFO - t=120: B=-4711.15, Cut=1214, Best=2920
2026-01-14 17:42:50,980 - DSN - INFO - t=160: B=-4692.14, Cut=2597, Best=2920
2026-01-14 17:42:51,513 - DSN - INFO - t=200: B=-4682.80, Cut=2934, Best=2934 [LS]
2026-01-14 17:42:52,036 - DSN - INFO - t=240: B=-4677.60, Cut=2531, Best=2934
2026-01-14 17:42:52,567 - DSN - INFO - t=280: B=-4674.46, Cut=2624, Best=2934
2026-01-14 17:42:53,088 - DSN - INFO - t=320: B=-4672.44, Cut=2620, Best=2935
2026-01-14 17:42:53,622 - DSN - INFO - t=360: B=-4671.09, Cut=2312, Best=2940
2026-01-14 17:42:54,158 - DSN - INFO - t=400: B=-4670.15, Cut=2919, Best=2940 [LS]
2026-01-14 17:42:54,674 - DSN - INFO - t=440: B=-4669.47, Cut=2531, Best=2940
2026-01-14 17:42:55,203 - DSN - INFO - t=480: B=-4668.97, Cut=60, Best=2940
2026-01-14 17:42:55,463 - DSN - INFO - DSN GPU done in 6.60s | Cut=2940
2026-01-14 17:42:55,467 - DSN - INFO - Results saved to: results/Gset/DSN_thorough/G17.csv
2026-01-14 17:42:55,467 - DSN - INFO - Cut: 2940 | Bound: -4668.78 | Time: 6.61s
2026-01-14 17:42:55,467 - DSN - INFO - Initialized DSN_thorough | preset=thorough | GPU=True
2026-01-14 17:42:55,467 - DSN - INFO - Params: η=0.003, T=500, init=degree, LS=True
2026-01-14 17:42:55,467 - DSN - INFO - Using GPU solver (CuPy)
2026-01-14 17:42:55,468 - DSN - INFO - DSN GPU Solver: n=800, edges=4667
2026-01-14 17:42:55,468 - DSN - INFO - DSN GPU: T=500, η=0.003, LS=True
2026-01-14 17:42:55,492 - DSN - INFO - t=000: B=-9067.98, Cut=2925, Best=2925 [LS]
2026-01-14 17:42:56,014 - DSN - INFO - t=040: B=-4931.03, Cut=2417, Best=2925
2026-01-14 17:42:56,537 - DSN - INFO - t=080: B=-4758.66, Cut=2276, Best=2925
2026-01-14 17:42:57,070 - DSN - INFO - t=120: B=-4711.15, Cut=2180, Best=2925
2026-01-14 17:42:57,601 - DSN - INFO - t=160: B=-4692.14, Cut=2563, Best=2925
2026-01-14 17:42:58,133 - DSN - INFO - t=200: B=-4682.80, Cut=2930, Best=2930 [LS]
2026-01-14 17:42:58,652 - DSN - INFO - t=240: B=-4677.60, Cut=2312, Best=2930
2026-01-14 17:42:59,174 - DSN - INFO - t=280: B=-4674.46, Cut=1964, Best=2930
2026-01-14 17:42:59,696 - DSN - INFO - t=320: B=-4672.44, Cut=2308, Best=2930
2026-01-14 17:43:00,225 - DSN - INFO - t=360: B=-4671.09, Cut=50, Best=2935
2026-01-14 17:43:00,755 - DSN - INFO - t=400: B=-4670.14, Cut=2938, Best=2938 [LS]
2026-01-14 17:43:01,276 - DSN - INFO - t=440: B=-4669.47, Cut=2599, Best=2938
2026-01-14 17:43:01,811 - DSN - INFO - t=480: B=-4668.97, Cut=2280, Best=2938
2026-01-14 17:43:02,072 - DSN - INFO - DSN GPU done in 6.60s | Cut=2938
2026-01-14 17:43:02,076 - DSN - INFO - Results saved to: results/Gset/DSN_thorough/G17.csv
2026-01-14 17:43:02,076 - DSN - INFO - Cut: 2938 | Bound: -4668.78 | Time: 6.61s
2026-01-14 17:43:02,076 - DSN - INFO - Initialized DSN_thorough | preset=thorough | GPU=True
2026-01-14 17:43:02,076 - DSN - INFO - Params: η=0.003, T=500, init=degree, LS=True
2026-01-14 17:43:02,076 - DSN - INFO - Using GPU solver (CuPy)
2026-01-14 17:43:02,077 - DSN - INFO - DSN GPU Solver: n=800, edges=4667
2026-01-14 17:43:02,077 - DSN - INFO - DSN GPU: T=500, η=0.003, LS=True
2026-01-14 17:43:02,101 - DSN - INFO - t=000: B=-9067.98, Cut=2928, Best=2928 [LS]
2026-01-14 17:43:02,617 - DSN - INFO - t=040: B=-4931.03, Cut=2513, Best=2928
2026-01-14 17:43:03,142 - DSN - INFO - t=080: B=-4758.66, Cut=2620, Best=2928
2026-01-14 17:43:03,677 - DSN - INFO - t=120: B=-4711.15, Cut=2618, Best=2928
2026-01-14 17:43:04,211 - DSN - INFO - t=160: B=-4692.14, Cut=2312, Best=2928
2026-01-14 17:43:04,739 - DSN - INFO - t=200: B=-4682.80, Cut=2902, Best=2928 [LS]
2026-01-14 17:43:05,261 - DSN - INFO - t=240: B=-4677.60, Cut=60, Best=2928
2026-01-14 17:43:05,785 - DSN - INFO - t=280: B=-4674.46, Cut=2576, Best=2928
2026-01-14 17:43:06,310 - DSN - INFO - t=320: B=-4672.44, Cut=60, Best=2928
2026-01-14 17:43:06,838 - DSN - INFO - t=360: B=-4671.09, Cut=0, Best=2928
2026-01-14 17:43:07,362 - DSN - INFO - t=400: B=-4670.14, Cut=2942, Best=2942 [LS]
2026-01-14 17:43:07,874 - DSN - INFO - t=440: B=-4669.47, Cut=2312, Best=2942
2026-01-14 17:43:08,407 - DSN - INFO - t=480: B=-4668.97, Cut=2599, Best=2942
2026-01-14 17:43:08,669 - DSN - INFO - DSN GPU done in 6.59s | Cut=2942
2026-01-14 17:43:08,672 - DSN - INFO - Results saved to: results/Gset/DSN_thorough/G17.csv
2026-01-14 17:43:08,672 - DSN - INFO - Cut: 2942 | Bound: -4668.78 | Time: 6.59s
2026-01-14 17:43:08,672 - DSN - INFO - Initialized DSN_thorough | preset=thorough | GPU=True
2026-01-14 17:43:08,672 - DSN - INFO - Params: η=0.003, T=500, init=degree, LS=True
2026-01-14 17:43:08,672 - DSN - INFO - Using GPU solver (CuPy)
2026-01-14 17:43:08,674 - DSN - INFO - DSN GPU Solver: n=800, edges=4667
2026-01-14 17:43:08,674 - DSN - INFO - DSN GPU: T=500, η=0.003, LS=True
2026-01-14 17:43:08,698 - DSN - INFO - t=000: B=-9067.98, Cut=2931, Best=2931 [LS]
2026-01-14 17:43:09,210 - DSN - INFO - t=040: B=-4931.03, Cut=2610, Best=2931
2026-01-14 17:43:09,730 - DSN - INFO - t=080: B=-4758.66, Cut=2618, Best=2931
2026-01-14 17:43:10,262 - DSN - INFO - t=120: B=-4711.15, Cut=2599, Best=2931
2026-01-14 17:43:10,791 - DSN - INFO - t=160: B=-4692.14, Cut=2276, Best=2931
2026-01-14 17:43:11,323 - DSN - INFO - t=200: B=-4682.80, Cut=2937, Best=2937 [LS]
2026-01-14 17:43:11,837 - DSN - INFO - t=240: B=-4677.60, Cut=1964, Best=2937
2026-01-14 17:43:12,373 - DSN - INFO - t=280: B=-4674.46, Cut=2599, Best=2937
2026-01-14 17:43:12,901 - DSN - INFO - t=320: B=-4672.44, Cut=60, Best=2937
2026-01-14 17:43:13,433 - DSN - INFO - t=360: B=-4671.09, Cut=1957, Best=2937
2026-01-14 17:43:13,961 - DSN - INFO - t=400: B=-4670.14, Cut=2898, Best=2937 [LS]
2026-01-14 17:43:14,479 - DSN - INFO - t=440: B=-4669.47, Cut=2531, Best=2937
2026-01-14 17:43:15,005 - DSN - INFO - t=480: B=-4668.97, Cut=1238, Best=2937
2026-01-14 17:43:15,262 - DSN - INFO - DSN GPU done in 6.59s | Cut=2937
2026-01-14 17:43:15,266 - DSN - INFO - Results saved to: results/Gset/DSN_thorough/G17.csv
2026-01-14 17:43:15,266 - DSN - INFO - Cut: 2937 | Bound: -4668.78 | Time: 6.59s
2026-01-14 17:43:15,266 - DSN - INFO - Initialized DSN_thorough | preset=thorough | GPU=True
2026-01-14 17:43:15,266 - DSN - INFO - Params: η=0.003, T=500, init=degree, LS=True
2026-01-14 17:43:15,266 - DSN - INFO - Using GPU solver (CuPy)
2026-01-14 17:43:15,267 - DSN - INFO - DSN GPU Solver: n=800, edges=4667
2026-01-14 17:43:15,267 - DSN - INFO - DSN GPU: T=500, η=0.003, LS=True
2026-01-14 17:43:15,291 - DSN - INFO - t=000: B=-9067.98, Cut=2920, Best=2920 [LS]
2026-01-14 17:43:15,805 - DSN - INFO - t=040: B=-4931.03, Cut=2401, Best=2920
2026-01-14 17:43:16,322 - DSN - INFO - t=080: B=-4758.66, Cut=2276, Best=2920
2026-01-14 17:43:16,848 - DSN - INFO - t=120: B=-4711.15, Cut=2062, Best=2920
2026-01-14 17:43:17,379 - DSN - INFO - t=160: B=-4692.14, Cut=952, Best=2942
2026-01-14 17:43:17,908 - DSN - INFO - t=200: B=-4682.80, Cut=2905, Best=2942 [LS]
2026-01-14 17:43:18,429 - DSN - INFO - t=240: B=-4677.60, Cut=1964, Best=2942
2026-01-14 17:43:18,952 - DSN - INFO - t=280: B=-4674.46, Cut=2308, Best=2942
2026-01-14 17:43:19,473 - DSN - INFO - t=320: B=-4672.44, Cut=2622, Best=2942
2026-01-14 17:43:19,993 - DSN - INFO - t=360: B=-4671.09, Cut=2312, Best=2942
2026-01-14 17:43:20,522 - DSN - INFO - t=400: B=-4670.14, Cut=2942, Best=2942 [LS]
2026-01-14 17:43:21,040 - DSN - INFO - t=440: B=-4669.47, Cut=2599, Best=2942
2026-01-14 17:43:21,569 - DSN - INFO - t=480: B=-4668.97, Cut=1964, Best=2942
2026-01-14 17:43:21,829 - DSN - INFO - DSN GPU done in 6.56s | Cut=2942
2026-01-14 17:43:21,833 - DSN - INFO - Results saved to: results/Gset/DSN_thorough/G17.csv
2026-01-14 17:43:21,833 - DSN - INFO - Cut: 2942 | Bound: -4668.78 | Time: 6.56s
2026-01-14 17:43:21,833 - DSN - INFO - Initialized DSN_thorough | preset=thorough | GPU=True
2026-01-14 17:43:21,833 - DSN - INFO - Params: η=0.003, T=500, init=degree, LS=True
2026-01-14 17:43:21,833 - DSN - INFO - Using GPU solver (CuPy)
2026-01-14 17:43:21,834 - DSN - INFO - DSN GPU Solver: n=800, edges=4667
2026-01-14 17:43:21,834 - DSN - INFO - DSN GPU: T=500, η=0.003, LS=True
2026-01-14 17:43:21,858 - DSN - INFO - t=000: B=-9067.98, Cut=2929, Best=2929 [LS]
2026-01-14 17:43:22,375 - DSN - INFO - t=040: B=-4931.03, Cut=2417, Best=2929
2026-01-14 17:43:22,900 - DSN - INFO - t=080: B=-4758.66, Cut=2618, Best=2929
2026-01-14 17:43:23,432 - DSN - INFO - t=120: B=-4711.15, Cut=2312, Best=2929
2026-01-14 17:43:23,957 - DSN - INFO - t=160: B=-4692.14, Cut=2531, Best=2929
2026-01-14 17:43:24,484 - DSN - INFO - t=200: B=-4682.80, Cut=2935, Best=2935 [LS]
2026-01-14 17:43:25,002 - DSN - INFO - t=240: B=-4677.60, Cut=0, Best=2935
2026-01-14 17:43:25,531 - DSN - INFO - t=280: B=-4674.46, Cut=2308, Best=2935
2026-01-14 17:43:26,049 - DSN - INFO - t=320: B=-4672.44, Cut=0, Best=2935
2026-01-14 17:43:26,582 - DSN - INFO - t=360: B=-4671.09, Cut=1964, Best=2935
2026-01-14 17:43:27,107 - DSN - INFO - t=400: B=-4670.14, Cut=2909, Best=2935 [LS]
2026-01-14 17:43:27,626 - DSN - INFO - t=440: B=-4669.47, Cut=2569, Best=2935
2026-01-14 17:43:28,154 - DSN - INFO - t=480: B=-4668.97, Cut=1964, Best=2935
2026-01-14 17:43:28,408 - DSN - INFO - DSN GPU done in 6.57s | Cut=2935
2026-01-14 17:43:28,411 - DSN - INFO - Results saved to: results/Gset/DSN_thorough/G17.csv
2026-01-14 17:43:28,411 - DSN - INFO - Cut: 2935 | Bound: -4668.78 | Time: 6.57s
2026-01-14 17:43:28,411 - DSN - INFO - Initialized DSN_thorough | preset=thorough | GPU=True
2026-01-14 17:43:28,411 - DSN - INFO - Params: η=0.003, T=500, init=degree, LS=True
2026-01-14 17:43:28,411 - DSN - INFO - Using GPU solver (CuPy)
2026-01-14 17:43:28,413 - DSN - INFO - DSN GPU Solver: n=800, edges=4667
2026-01-14 17:43:28,413 - DSN - INFO - DSN GPU: T=500, η=0.003, LS=True
2026-01-14 17:43:28,438 - DSN - INFO - t=000: B=-9067.98, Cut=2933, Best=2933 [LS]
2026-01-14 17:43:28,951 - DSN - INFO - t=040: B=-4931.03, Cut=2582, Best=2933
2026-01-14 17:43:29,471 - DSN - INFO - t=080: B=-4758.66, Cut=2585, Best=2933
2026-01-14 17:43:30,002 - DSN - INFO - t=120: B=-4711.15, Cut=2060, Best=2933
2026-01-14 17:43:30,529 - DSN - INFO - t=160: B=-4692.14, Cut=2599, Best=2933
2026-01-14 17:43:31,065 - DSN - INFO - t=200: B=-4682.80, Cut=2898, Best=2933 [LS]
2026-01-14 17:43:31,578 - DSN - INFO - t=240: B=-4677.60, Cut=1238, Best=2933
2026-01-14 17:43:32,105 - DSN - INFO - t=280: B=-4674.46, Cut=1238, Best=2935
2026-01-14 17:43:32,624 - DSN - INFO - t=320: B=-4672.44, Cut=2312, Best=2935
2026-01-14 17:43:33,161 - DSN - INFO - t=360: B=-4671.09, Cut=2531, Best=2935
2026-01-14 17:43:33,686 - DSN - INFO - t=400: B=-4670.14, Cut=2942, Best=2942 [LS]
2026-01-14 17:43:34,200 - DSN - INFO - t=440: B=-4669.47, Cut=1238, Best=2942
2026-01-14 17:43:34,723 - DSN - INFO - t=480: B=-4668.97, Cut=2599, Best=2942
2026-01-14 17:43:34,983 - DSN - INFO - DSN GPU done in 6.57s | Cut=2942
2026-01-14 17:43:34,987 - DSN - INFO - Results saved to: results/Gset/DSN_thorough/G17.csv
2026-01-14 17:43:34,987 - DSN - INFO - Cut: 2942 | Bound: -4668.78 | Time: 6.57s
2026-01-14 17:43:34,987 - DSN - INFO - Initialized DSN_thorough | preset=thorough | GPU=True
2026-01-14 17:43:34,987 - DSN - INFO - Params: η=0.003, T=500, init=degree, LS=True
2026-01-14 17:43:34,987 - DSN - INFO - Using GPU solver (CuPy)
2026-01-14 17:43:34,988 - DSN - INFO - DSN GPU Solver: n=800, edges=4667
2026-01-14 17:43:34,988 - DSN - INFO - DSN GPU: T=500, η=0.003, LS=True
2026-01-14 17:43:35,012 - DSN - INFO - t=000: B=-9067.98, Cut=2920, Best=2920 [LS]
2026-01-14 17:43:35,528 - DSN - INFO - t=040: B=-4931.03, Cut=2606, Best=2920
2026-01-14 17:43:36,053 - DSN - INFO - t=080: B=-4758.66, Cut=2624, Best=2920
2026-01-14 17:43:36,583 - DSN - INFO - t=120: B=-4711.15, Cut=2579, Best=2920
2026-01-14 17:43:37,109 - DSN - INFO - t=160: B=-4692.14, Cut=2583, Best=2920
2026-01-14 17:43:37,638 - DSN - INFO - t=200: B=-4682.80, Cut=2902, Best=2920 [LS]
2026-01-14 17:43:38,154 - DSN - INFO - t=240: B=-4677.60, Cut=1964, Best=2920
2026-01-14 17:43:38,678 - DSN - INFO - t=280: B=-4674.46, Cut=1964, Best=2935
2026-01-14 17:43:39,201 - DSN - INFO - t=320: B=-4672.44, Cut=1964, Best=2942
2026-01-14 17:43:39,737 - DSN - INFO - t=360: B=-4671.09, Cut=55, Best=2942
2026-01-14 17:43:40,267 - DSN - INFO - t=400: B=-4670.14, Cut=2942, Best=2942 [LS]
2026-01-14 17:43:40,785 - DSN - INFO - t=440: B=-4669.47, Cut=2577, Best=2942
2026-01-14 17:43:41,309 - DSN - INFO - t=480: B=-4668.97, Cut=1238, Best=2942
2026-01-14 17:43:41,567 - DSN - INFO - DSN GPU done in 6.58s | Cut=2942
2026-01-14 17:43:41,571 - DSN - INFO - Results saved to: results/Gset/DSN_thorough/G17.csv
2026-01-14 17:43:41,571 - DSN - INFO - Cut: 2942 | Bound: -4668.78 | Time: 6.58s
2026-01-14 17:43:41,571 - DSN - INFO - Initialized DSN_thorough | preset=thorough | GPU=True
2026-01-14 17:43:41,571 - DSN - INFO - Params: η=0.003, T=500, init=degree, LS=True
2026-01-14 17:43:41,571 - DSN - INFO - Using GPU solver (CuPy)
2026-01-14 17:43:41,572 - DSN - INFO - DSN GPU Solver: n=800, edges=4667
2026-01-14 17:43:41,572 - DSN - INFO - DSN GPU: T=500, η=0.003, LS=True
2026-01-14 17:43:41,596 - DSN - INFO - t=000: B=-9067.98, Cut=2933, Best=2933 [LS]
2026-01-14 17:43:42,112 - DSN - INFO - t=040: B=-4931.03, Cut=2478, Best=2933
2026-01-14 17:43:42,635 - DSN - INFO - t=080: B=-4758.66, Cut=2508, Best=2933
2026-01-14 17:43:43,166 - DSN - INFO - t=120: B=-4711.15, Cut=2551, Best=2933
2026-01-14 17:43:43,694 - DSN - INFO - t=160: B=-4692.14, Cut=2537, Best=2933
2026-01-14 17:43:44,218 - DSN - INFO - t=200: B=-4682.80, Cut=2902, Best=2933 [LS]
2026-01-14 17:43:44,735 - DSN - INFO - t=240: B=-4677.60, Cut=1238, Best=2933
2026-01-14 17:43:45,256 - DSN - INFO - t=280: B=-4674.46, Cut=2016, Best=2933
2026-01-14 17:43:45,786 - DSN - INFO - t=320: B=-4672.44, Cut=2308, Best=2933
2026-01-14 17:43:46,312 - DSN - INFO - t=360: B=-4671.09, Cut=1964, Best=2933
2026-01-14 17:43:46,838 - DSN - INFO - t=400: B=-4670.14, Cut=2902, Best=2933 [LS]
2026-01-14 17:43:47,359 - DSN - INFO - t=440: B=-4669.47, Cut=1238, Best=2933
2026-01-14 17:43:47,883 - DSN - INFO - t=480: B=-4668.97, Cut=2531, Best=2935
2026-01-14 17:43:48,142 - DSN - INFO - DSN GPU done in 6.57s | Cut=2935
2026-01-14 17:43:48,145 - DSN - INFO - Results saved to: results/Gset/DSN_thorough/G17.csv
2026-01-14 17:43:48,145 - DSN - INFO - Cut: 2935 | Bound: -4668.78 | Time: 6.57s
2026-01-14 17:43:48,153 - DSN - INFO - Initialized DSN_thorough | preset=thorough | GPU=True
2026-01-14 17:43:48,153 - DSN - INFO - Params: η=0.003, T=500, init=degree, LS=True
2026-01-14 17:43:48,153 - DSN - INFO - Using GPU solver (CuPy)
2026-01-14 17:43:48,154 - DSN - INFO - DSN GPU Solver: n=800, edges=4694
2026-01-14 17:43:48,154 - DSN - INFO - DSN GPU: T=500, η=0.003, LS=True
2026-01-14 17:43:48,182 - DSN - INFO - t=000: B=-5118.47, Cut=848, Best=848 [LS]
2026-01-14 17:43:49,979 - DSN - INFO - t=040: B=-2477.21, Cut=-6, Best=848
2026-01-14 17:43:52,432 - DSN - INFO - t=080: B=-2364.81, Cut=33, Best=848
2026-01-14 17:43:54,994 - DSN - INFO - t=120: B=-2331.37, Cut=-9, Best=848
2026-01-14 17:43:57,564 - DSN - INFO - t=160: B=-2318.15, Cut=10, Best=848
2026-01-14 17:44:00,121 - DSN - INFO - t=200: B=-2312.23, Cut=821, Best=848 [LS]
2026-01-14 17:44:02,678 - DSN - INFO - t=240: B=-2304.68, Cut=-32, Best=848
2026-01-14 17:44:05,257 - DSN - INFO - t=280: B=-2303.78, Cut=11, Best=848
2026-01-14 17:44:07,836 - DSN - INFO - t=320: B=-2301.52, Cut=9, Best=848
2026-01-14 17:44:10,405 - DSN - INFO - t=360: B=-2300.09, Cut=-18, Best=848
2026-01-14 17:44:12,975 - DSN - INFO - t=400: B=-2297.27, Cut=817, Best=848 [LS]
2026-01-14 17:44:15,530 - DSN - INFO - t=440: B=-2296.49, Cut=-20, Best=848
2026-01-14 17:44:18,096 - DSN - INFO - t=480: B=-2296.16, Cut=5, Best=848
2026-01-14 17:44:19,329 - DSN - INFO - DSN GPU done in 31.18s | Cut=848
2026-01-14 17:44:19,331 - DSN - INFO - Results saved to: results/Gset/DSN_thorough/G18.csv
2026-01-14 17:44:19,331 - DSN - INFO - Cut: 848 | Bound: -2295.41 | Time: 31.18s
2026-01-14 17:44:19,331 - DSN - INFO - Initialized DSN_thorough | preset=thorough | GPU=True
2026-01-14 17:44:19,331 - DSN - INFO - Params: η=0.003, T=500, init=degree, LS=True
2026-01-14 17:44:19,331 - DSN - INFO - Using GPU solver (CuPy)
2026-01-14 17:44:19,333 - DSN - INFO - DSN GPU Solver: n=800, edges=4694
2026-01-14 17:44:19,333 - DSN - INFO - DSN GPU: T=500, η=0.003, LS=True
2026-01-14 17:44:19,360 - DSN - INFO - t=000: B=-5118.47, Cut=833, Best=833 [LS]
2026-01-14 17:44:21,154 - DSN - INFO - t=040: B=-2476.75, Cut=2, Best=833
2026-01-14 17:44:23,653 - DSN - INFO - t=080: B=-2365.31, Cut=1, Best=847
2026-01-14 17:44:26,211 - DSN - INFO - t=120: B=-2331.75, Cut=-6, Best=847
2026-01-14 17:44:28,775 - DSN - INFO - t=160: B=-2317.33, Cut=11, Best=847
2026-01-14 17:44:31,349 - DSN - INFO - t=200: B=-2311.06, Cut=815, Best=847 [LS]
2026-01-14 17:44:33,898 - DSN - INFO - t=240: B=-2307.81, Cut=27, Best=847
2026-01-14 17:44:36,472 - DSN - INFO - t=280: B=-2303.61, Cut=4, Best=847
2026-01-14 17:44:39,055 - DSN - INFO - t=320: B=-2301.50, Cut=17, Best=849
2026-01-14 17:44:41,632 - DSN - INFO - t=360: B=-2297.96, Cut=31, Best=849
2026-01-14 17:44:44,209 - DSN - INFO - t=400: B=-2297.10, Cut=802, Best=849 [LS]
2026-01-14 17:44:46,767 - DSN - INFO - t=440: B=-2296.35, Cut=14, Best=849
2026-01-14 17:44:49,336 - DSN - INFO - t=480: B=-2296.27, Cut=-15, Best=849
2026-01-14 17:44:50,570 - DSN - INFO - DSN GPU done in 31.24s | Cut=849
2026-01-14 17:44:50,575 - DSN - INFO - Results saved to: results/Gset/DSN_thorough/G18.csv
2026-01-14 17:44:50,575 - DSN - INFO - Cut: 849 | Bound: -2295.64 | Time: 31.24s
2026-01-14 17:44:50,575 - DSN - INFO - Initialized DSN_thorough | preset=thorough | GPU=True
2026-01-14 17:44:50,575 - DSN - INFO - Params: η=0.003, T=500, init=degree, LS=True
2026-01-14 17:44:50,575 - DSN - INFO - Using GPU solver (CuPy)
2026-01-14 17:44:50,576 - DSN - INFO - DSN GPU Solver: n=800, edges=4694
2026-01-14 17:44:50,577 - DSN - INFO - DSN GPU: T=500, η=0.003, LS=True
2026-01-14 17:44:50,605 - DSN - INFO - t=000: B=-5118.47, Cut=835, Best=835 [LS]
2026-01-14 17:44:52,392 - DSN - INFO - t=040: B=-2477.17, Cut=-3, Best=835
2026-01-14 17:44:54,866 - DSN - INFO - t=080: B=-2367.41, Cut=9, Best=835
2026-01-14 17:44:57,415 - DSN - INFO - t=120: B=-2329.94, Cut=-28, Best=850
2026-01-14 17:44:59,958 - DSN - INFO - t=160: B=-2315.14, Cut=6, Best=850
2026-01-14 17:45:02,517 - DSN - INFO - t=200: B=-2311.51, Cut=830, Best=850 [LS]
2026-01-14 17:45:05,078 - DSN - INFO - t=240: B=-2306.24, Cut=9, Best=850
2026-01-14 17:45:07,656 - DSN - INFO - t=280: B=-2306.91, Cut=2, Best=850
2026-01-14 17:45:10,218 - DSN - INFO - t=320: B=-2299.69, Cut=2, Best=850
2026-01-14 17:45:12,790 - DSN - INFO - t=360: B=-2300.25, Cut=-18, Best=861
2026-01-14 17:45:15,354 - DSN - INFO - t=400: B=-2296.43, Cut=806, Best=861 [LS]
2026-01-14 17:45:17,910 - DSN - INFO - t=440: B=-2294.76, Cut=-13, Best=861
2026-01-14 17:45:20,477 - DSN - INFO - t=480: B=-2294.61, Cut=-1, Best=861
2026-01-14 17:45:21,711 - DSN - INFO - DSN GPU done in 31.13s | Cut=861
2026-01-14 17:45:21,715 - DSN - INFO - Results saved to: results/Gset/DSN_thorough/G18.csv
2026-01-14 17:45:21,715 - DSN - INFO - Cut: 861 | Bound: -2293.74 | Time: 31.14s
2026-01-14 17:45:21,715 - DSN - INFO - Initialized DSN_thorough | preset=thorough | GPU=True
2026-01-14 17:45:21,715 - DSN - INFO - Params: η=0.003, T=500, init=degree, LS=True
2026-01-14 17:45:21,715 - DSN - INFO - Using GPU solver (CuPy)
2026-01-14 17:45:21,716 - DSN - INFO - DSN GPU Solver: n=800, edges=4694
2026-01-14 17:45:21,716 - DSN - INFO - DSN GPU: T=500, η=0.003, LS=True
2026-01-14 17:45:21,743 - DSN - INFO - t=000: B=-5118.47, Cut=833, Best=833 [LS]
2026-01-14 17:45:23,526 - DSN - INFO - t=040: B=-2477.08, Cut=15, Best=833
2026-01-14 17:45:25,995 - DSN - INFO - t=080: B=-2365.95, Cut=11, Best=836
2026-01-14 17:45:28,515 - DSN - INFO - t=120: B=-2330.70, Cut=15, Best=846
2026-01-14 17:45:31,086 - DSN - INFO - t=160: B=-2320.28, Cut=-9, Best=846
2026-01-14 17:45:33,637 - DSN - INFO - t=200: B=-2312.58, Cut=843, Best=846 [LS]
2026-01-14 17:45:36,190 - DSN - INFO - t=240: B=-2310.53, Cut=-33, Best=846
2026-01-14 17:45:38,730 - DSN - INFO - t=280: B=-2301.50, Cut=6, Best=846
2026-01-14 17:45:41,295 - DSN - INFO - t=320: B=-2300.11, Cut=-20, Best=846
2026-01-14 17:45:43,868 - DSN - INFO - t=360: B=-2296.42, Cut=11, Best=846
2026-01-14 17:45:46,438 - DSN - INFO - t=400: B=-2295.54, Cut=837, Best=846 [LS]
2026-01-14 17:45:48,988 - DSN - INFO - t=440: B=-2295.31, Cut=-12, Best=846
2026-01-14 17:45:51,552 - DSN - INFO - t=480: B=-2294.89, Cut=-30, Best=850
2026-01-14 17:45:52,791 - DSN - INFO - DSN GPU done in 31.07s | Cut=850
2026-01-14 17:45:52,795 - DSN - INFO - Results saved to: results/Gset/DSN_thorough/G18.csv
2026-01-14 17:45:52,795 - DSN - INFO - Cut: 850 | Bound: -2294.61 | Time: 31.08s
2026-01-14 17:45:52,795 - DSN - INFO - Initialized DSN_thorough | preset=thorough | GPU=True
2026-01-14 17:45:52,795 - DSN - INFO - Params: η=0.003, T=500, init=degree, LS=True
2026-01-14 17:45:52,795 - DSN - INFO - Using GPU solver (CuPy)
2026-01-14 17:45:52,797 - DSN - INFO - DSN GPU Solver: n=800, edges=4694
2026-01-14 17:45:52,797 - DSN - INFO - DSN GPU: T=500, η=0.003, LS=True
2026-01-14 17:45:52,833 - DSN - INFO - t=000: B=-5118.47, Cut=835, Best=835 [LS]
2026-01-14 17:45:54,611 - DSN - INFO - t=040: B=-2477.31, Cut=-8, Best=835
2026-01-14 17:45:57,031 - DSN - INFO - t=080: B=-2366.19, Cut=10, Best=841
2026-01-14 17:45:59,566 - DSN - INFO - t=120: B=-2332.80, Cut=25, Best=841
2026-01-14 17:46:02,088 - DSN - INFO - t=160: B=-2319.30, Cut=-4, Best=841
2026-01-14 17:46:04,645 - DSN - INFO - t=200: B=-2311.07, Cut=841, Best=841 [LS]
2026-01-14 17:46:07,193 - DSN - INFO - t=240: B=-2305.86, Cut=8, Best=841
2026-01-14 17:46:09,761 - DSN - INFO - t=280: B=-2302.90, Cut=-17, Best=841
2026-01-14 17:46:12,332 - DSN - INFO - t=320: B=-2301.94, Cut=-21, Best=841
2026-01-14 17:46:14,903 - DSN - INFO - t=360: B=-2299.05, Cut=-7, Best=841
2026-01-14 17:46:17,474 - DSN - INFO - t=400: B=-2297.20, Cut=821, Best=841 [LS]
2026-01-14 17:46:20,021 - DSN - INFO - t=440: B=-2296.62, Cut=21, Best=841
2026-01-14 17:46:22,588 - DSN - INFO - t=480: B=-2296.67, Cut=-4, Best=844
2026-01-14 17:46:23,818 - DSN - INFO - DSN GPU done in 31.02s | Cut=844
2026-01-14 17:46:23,822 - DSN - INFO - Results saved to: results/Gset/DSN_thorough/G18.csv
2026-01-14 17:46:23,822 - DSN - INFO - Cut: 844 | Bound: -2295.98 | Time: 31.02s
2026-01-14 17:46:23,823 - DSN - INFO - Initialized DSN_thorough | preset=thorough | GPU=True
2026-01-14 17:46:23,823 - DSN - INFO - Params: η=0.003, T=500, init=degree, LS=True
2026-01-14 17:46:23,823 - DSN - INFO - Using GPU solver (CuPy)
2026-01-14 17:46:23,824 - DSN - INFO - DSN GPU Solver: n=800, edges=4694
2026-01-14 17:46:23,824 - DSN - INFO - DSN GPU: T=500, η=0.003, LS=True
2026-01-14 17:46:23,851 - DSN - INFO - t=000: B=-5118.47, Cut=841, Best=841 [LS]
2026-01-14 17:46:25,629 - DSN - INFO - t=040: B=-2477.11, Cut=-3, Best=841
2026-01-14 17:46:28,051 - DSN - INFO - t=080: B=-2364.29, Cut=41, Best=841
2026-01-14 17:46:30,587 - DSN - INFO - t=120: B=-2331.10, Cut=-12, Best=841
2026-01-14 17:46:33,120 - DSN - INFO - t=160: B=-2319.16, Cut=16, Best=841
2026-01-14 17:46:35,686 - DSN - INFO - t=200: B=-2314.15, Cut=825, Best=841 [LS]
2026-01-14 17:46:38,228 - DSN - INFO - t=240: B=-2308.52, Cut=7, Best=841
2026-01-14 17:46:40,791 - DSN - INFO - t=280: B=-2303.02, Cut=-15, Best=841
2026-01-14 17:46:43,358 - DSN - INFO - t=320: B=-2300.08, Cut=-7, Best=850
2026-01-14 17:46:45,926 - DSN - INFO - t=360: B=-2300.00, Cut=-1, Best=850
2026-01-14 17:46:48,489 - DSN - INFO - t=400: B=-2296.49, Cut=833, Best=850 [LS]
2026-01-14 17:46:51,035 - DSN - INFO - t=440: B=-2296.63, Cut=18, Best=850
2026-01-14 17:46:53,596 - DSN - INFO - t=480: B=-2295.65, Cut=7, Best=850
2026-01-14 17:46:54,827 - DSN - INFO - DSN GPU done in 31.00s | Cut=850
2026-01-14 17:46:54,831 - DSN - INFO - Results saved to: results/Gset/DSN_thorough/G18.csv
2026-01-14 17:46:54,831 - DSN - INFO - Cut: 850 | Bound: -2294.54 | Time: 31.00s
2026-01-14 17:46:54,831 - DSN - INFO - Initialized DSN_thorough | preset=thorough | GPU=True
2026-01-14 17:46:54,831 - DSN - INFO - Params: η=0.003, T=500, init=degree, LS=True
2026-01-14 17:46:54,831 - DSN - INFO - Using GPU solver (CuPy)
2026-01-14 17:46:54,832 - DSN - INFO - DSN GPU Solver: n=800, edges=4694
2026-01-14 17:46:54,832 - DSN - INFO - DSN GPU: T=500, η=0.003, LS=True
2026-01-14 17:46:54,859 - DSN - INFO - t=000: B=-5118.47, Cut=841, Best=841 [LS]
2026-01-14 17:46:56,644 - DSN - INFO - t=040: B=-2476.23, Cut=19, Best=841
2026-01-14 17:46:59,131 - DSN - INFO - t=080: B=-2365.31, Cut=6, Best=841
2026-01-14 17:47:01,688 - DSN - INFO - t=120: B=-2332.92, Cut=9, Best=850
2026-01-14 17:47:04,248 - DSN - INFO - t=160: B=-2317.90, Cut=-11, Best=850
2026-01-14 17:47:06,824 - DSN - INFO - t=200: B=-2310.68, Cut=830, Best=850 [LS]
2026-01-14 17:47:09,350 - DSN - INFO - t=240: B=-2311.65, Cut=13, Best=850
2026-01-14 17:47:11,920 - DSN - INFO - t=280: B=-2302.25, Cut=15, Best=850
2026-01-14 17:47:14,493 - DSN - INFO - t=320: B=-2298.95, Cut=-22, Best=850
2026-01-14 17:47:17,073 - DSN - INFO - t=360: B=-2297.74, Cut=45, Best=857
2026-01-14 17:47:19,645 - DSN - INFO - t=400: B=-2297.52, Cut=835, Best=857 [LS]
2026-01-14 17:47:22,201 - DSN - INFO - t=440: B=-2296.33, Cut=0, Best=857
2026-01-14 17:47:24,770 - DSN - INFO - t=480: B=-2295.56, Cut=13, Best=857
2026-01-14 17:47:26,002 - DSN - INFO - DSN GPU done in 31.17s | Cut=857
2026-01-14 17:47:26,005 - DSN - INFO - Results saved to: results/Gset/DSN_thorough/G18.csv
2026-01-14 17:47:26,005 - DSN - INFO - Cut: 857 | Bound: -2295.20 | Time: 31.17s
2026-01-14 17:47:26,005 - DSN - INFO - Initialized DSN_thorough | preset=thorough | GPU=True
2026-01-14 17:47:26,005 - DSN - INFO - Params: η=0.003, T=500, init=degree, LS=True
2026-01-14 17:47:26,005 - DSN - INFO - Using GPU solver (CuPy)
2026-01-14 17:47:26,007 - DSN - INFO - DSN GPU Solver: n=800, edges=4694
2026-01-14 17:47:26,007 - DSN - INFO - DSN GPU: T=500, η=0.003, LS=True
2026-01-14 17:47:26,035 - DSN - INFO - t=000: B=-5118.47, Cut=848, Best=848 [LS]
2026-01-14 17:47:27,831 - DSN - INFO - t=040: B=-2476.05, Cut=38, Best=848
2026-01-14 17:47:30,299 - DSN - INFO - t=080: B=-2366.68, Cut=7, Best=848
2026-01-14 17:47:32,779 - DSN - INFO - t=120: B=-2331.22, Cut=-5, Best=848
2026-01-14 17:47:35,320 - DSN - INFO - t=160: B=-2319.19, Cut=35, Best=848
2026-01-14 17:47:37,902 - DSN - INFO - t=200: B=-2314.57, Cut=849, Best=849 [LS]
2026-01-14 17:47:40,461 - DSN - INFO - t=240: B=-2310.48, Cut=-8, Best=849
2026-01-14 17:47:43,014 - DSN - INFO - t=280: B=-2300.36, Cut=24, Best=849
2026-01-14 17:47:45,583 - DSN - INFO - t=320: B=-2299.53, Cut=-1, Best=849
2026-01-14 17:47:48,143 - DSN - INFO - t=360: B=-2297.34, Cut=-11, Best=850
2026-01-14 17:47:50,712 - DSN - INFO - t=400: B=-2296.10, Cut=821, Best=850 [LS]
2026-01-14 17:47:53,271 - DSN - INFO - t=440: B=-2296.05, Cut=2, Best=850
2026-01-14 17:47:55,832 - DSN - INFO - t=480: B=-2294.66, Cut=-13, Best=850
2026-01-14 17:47:57,061 - DSN - INFO - DSN GPU done in 31.05s | Cut=850
2026-01-14 17:47:57,065 - DSN - INFO - Results saved to: results/Gset/DSN_thorough/G18.csv
2026-01-14 17:47:57,065 - DSN - INFO - Cut: 850 | Bound: -2294.66 | Time: 31.06s
2026-01-14 17:47:57,065 - DSN - INFO - Initialized DSN_thorough | preset=thorough | GPU=True
2026-01-14 17:47:57,065 - DSN - INFO - Params: η=0.003, T=500, init=degree, LS=True
2026-01-14 17:47:57,065 - DSN - INFO - Using GPU solver (CuPy)
2026-01-14 17:47:57,066 - DSN - INFO - DSN GPU Solver: n=800, edges=4694
2026-01-14 17:47:57,066 - DSN - INFO - DSN GPU: T=500, η=0.003, LS=True
2026-01-14 17:47:57,093 - DSN - INFO - t=000: B=-5118.47, Cut=841, Best=841 [LS]
2026-01-14 17:47:58,872 - DSN - INFO - t=040: B=-2477.29, Cut=-3, Best=841
2026-01-14 17:48:01,317 - DSN - INFO - t=080: B=-2364.02, Cut=3, Best=841
2026-01-14 17:48:03,840 - DSN - INFO - t=120: B=-2331.92, Cut=19, Best=861
2026-01-14 17:48:06,380 - DSN - INFO - t=160: B=-2318.05, Cut=10, Best=861
2026-01-14 17:48:08,940 - DSN - INFO - t=200: B=-2314.08, Cut=815, Best=861 [LS]
2026-01-14 17:48:11,461 - DSN - INFO - t=240: B=-2303.43, Cut=23, Best=861
2026-01-14 17:48:14,032 - DSN - INFO - t=280: B=-2302.65, Cut=11, Best=861
2026-01-14 17:48:16,601 - DSN - INFO - t=320: B=-2301.12, Cut=18, Best=861
2026-01-14 17:48:19,177 - DSN - INFO - t=360: B=-2297.84, Cut=-10, Best=861
2026-01-14 17:48:21,751 - DSN - INFO - t=400: B=-2296.98, Cut=787, Best=861 [LS]
2026-01-14 17:48:24,312 - DSN - INFO - t=440: B=-2297.37, Cut=6, Best=861
2026-01-14 17:48:26,885 - DSN - INFO - t=480: B=-2295.84, Cut=-1, Best=861
2026-01-14 17:48:28,121 - DSN - INFO - DSN GPU done in 31.05s | Cut=861
2026-01-14 17:48:28,124 - DSN - INFO - Results saved to: results/Gset/DSN_thorough/G18.csv
2026-01-14 17:48:28,124 - DSN - INFO - Cut: 861 | Bound: -2295.51 | Time: 31.06s
2026-01-14 17:48:28,124 - DSN - INFO - Initialized DSN_thorough | preset=thorough | GPU=True
2026-01-14 17:48:28,124 - DSN - INFO - Params: η=0.003, T=500, init=degree, LS=True
2026-01-14 17:48:28,124 - DSN - INFO - Using GPU solver (CuPy)
2026-01-14 17:48:28,126 - DSN - INFO - DSN GPU Solver: n=800, edges=4694
2026-01-14 17:48:28,126 - DSN - INFO - DSN GPU: T=500, η=0.003, LS=True
2026-01-14 17:48:28,153 - DSN - INFO - t=000: B=-5118.47, Cut=841, Best=841 [LS]
2026-01-14 17:48:29,955 - DSN - INFO - t=040: B=-2476.64, Cut=15, Best=841
2026-01-14 17:48:32,443 - DSN - INFO - t=080: B=-2365.96, Cut=-3, Best=841
2026-01-14 17:48:34,977 - DSN - INFO - t=120: B=-2332.13, Cut=-13, Best=841
2026-01-14 17:48:37,505 - DSN - INFO - t=160: B=-2320.25, Cut=-3, Best=846
2026-01-14 17:48:40,065 - DSN - INFO - t=200: B=-2312.11, Cut=818, Best=846 [LS]
2026-01-14 17:48:42,616 - DSN - INFO - t=240: B=-2308.25, Cut=31, Best=846
2026-01-14 17:48:45,186 - DSN - INFO - t=280: B=-2307.87, Cut=2, Best=846
2026-01-14 17:48:47,754 - DSN - INFO - t=320: B=-2299.96, Cut=1, Best=846
2026-01-14 17:48:50,314 - DSN - INFO - t=360: B=-2298.47, Cut=12, Best=846
2026-01-14 17:48:52,890 - DSN - INFO - t=400: B=-2295.63, Cut=851, Best=851 [LS]
2026-01-14 17:48:55,443 - DSN - INFO - t=440: B=-2296.06, Cut=-8, Best=851
2026-01-14 17:48:58,014 - DSN - INFO - t=480: B=-2296.10, Cut=-25, Best=851
2026-01-14 17:48:59,246 - DSN - INFO - DSN GPU done in 31.12s | Cut=852
2026-01-14 17:48:59,250 - DSN - INFO - Results saved to: results/Gset/DSN_thorough/G18.csv
2026-01-14 17:48:59,250 - DSN - INFO - Cut: 852 | Bound: -2294.76 | Time: 31.12s
2026-01-14 17:48:59,258 - DSN - INFO - Initialized DSN_thorough | preset=thorough | GPU=True
2026-01-14 17:48:59,258 - DSN - INFO - Params: η=0.003, T=500, init=degree, LS=True
2026-01-14 17:48:59,258 - DSN - INFO - Using GPU solver (CuPy)
2026-01-14 17:48:59,259 - DSN - INFO - DSN GPU Solver: n=800, edges=4661
2026-01-14 17:48:59,259 - DSN - INFO - DSN GPU: T=500, η=0.003, LS=True
2026-01-14 17:48:59,288 - DSN - INFO - t=000: B=-5356.11, Cut=836, Best=836 [LS]
2026-01-14 17:49:01,131 - DSN - INFO - t=040: B=-2486.86, Cut=6, Best=836
2026-01-14 17:49:03,607 - DSN - INFO - t=080: B=-2360.82, Cut=0, Best=858
2026-01-14 17:49:06,151 - DSN - INFO - t=120: B=-2325.04, Cut=-3, Best=867
2026-01-14 17:49:08,681 - DSN - INFO - t=160: B=-2308.17, Cut=9, Best=867
2026-01-14 17:49:11,242 - DSN - INFO - t=200: B=-2302.09, Cut=847, Best=867 [LS]
2026-01-14 17:49:13,793 - DSN - INFO - t=240: B=-2298.41, Cut=17, Best=867
2026-01-14 17:49:16,353 - DSN - INFO - t=280: B=-2292.39, Cut=14, Best=867
2026-01-14 17:49:18,902 - DSN - INFO - t=320: B=-2292.09, Cut=-9, Best=874
2026-01-14 17:49:21,474 - DSN - INFO - t=360: B=-2285.14, Cut=3, Best=874
2026-01-14 17:49:24,046 - DSN - INFO - t=400: B=-2283.02, Cut=823, Best=874 [LS]
2026-01-14 17:49:26,610 - DSN - INFO - t=440: B=-2282.11, Cut=24, Best=874
2026-01-14 17:49:29,183 - DSN - INFO - t=480: B=-2281.86, Cut=9, Best=874
2026-01-14 17:49:30,417 - DSN - INFO - DSN GPU done in 31.16s | Cut=874
2026-01-14 17:49:30,419 - DSN - INFO - Results saved to: results/Gset/DSN_thorough/G19.csv
2026-01-14 17:49:30,419 - DSN - INFO - Cut: 874 | Bound: -2280.99 | Time: 31.16s
2026-01-14 17:49:30,419 - DSN - INFO - Initialized DSN_thorough | preset=thorough | GPU=True
2026-01-14 17:49:30,419 - DSN - INFO - Params: η=0.003, T=500, init=degree, LS=True
2026-01-14 17:49:30,419 - DSN - INFO - Using GPU solver (CuPy)
2026-01-14 17:49:30,420 - DSN - INFO - DSN GPU Solver: n=800, edges=4661
2026-01-14 17:49:30,420 - DSN - INFO - DSN GPU: T=500, η=0.003, LS=True
2026-01-14 17:49:30,448 - DSN - INFO - t=000: B=-5356.11, Cut=850, Best=850 [LS]
2026-01-14 17:49:32,314 - DSN - INFO - t=040: B=-2487.10, Cut=20, Best=850
2026-01-14 17:49:34,780 - DSN - INFO - t=080: B=-2362.64, Cut=1, Best=854
2026-01-14 17:49:37,346 - DSN - INFO - t=120: B=-2321.56, Cut=-18, Best=874
2026-01-14 17:49:39,910 - DSN - INFO - t=160: B=-2311.98, Cut=-7, Best=874
2026-01-14 17:49:42,477 - DSN - INFO - t=200: B=-2303.64, Cut=852, Best=874 [LS]
2026-01-14 17:49:45,032 - DSN - INFO - t=240: B=-2294.39, Cut=9, Best=874
2026-01-14 17:49:47,614 - DSN - INFO - t=280: B=-2290.70, Cut=-1, Best=874
2026-01-14 17:49:50,192 - DSN - INFO - t=320: B=-2288.64, Cut=-2, Best=874
2026-01-14 17:49:52,779 - DSN - INFO - t=360: B=-2287.33, Cut=4, Best=874
2026-01-14 17:49:55,351 - DSN - INFO - t=400: B=-2284.38, Cut=854, Best=874 [LS]
2026-01-14 17:49:57,914 - DSN - INFO - t=440: B=-2283.62, Cut=2, Best=874
2026-01-14 17:50:00,485 - DSN - INFO - t=480: B=-2283.06, Cut=13, Best=894
2026-01-14 17:50:01,716 - DSN - INFO - DSN GPU done in 31.30s | Cut=894
2026-01-14 17:50:01,719 - DSN - INFO - Results saved to: results/Gset/DSN_thorough/G19.csv
2026-01-14 17:50:01,719 - DSN - INFO - Cut: 894 | Bound: -2282.48 | Time: 31.30s
2026-01-14 17:50:01,719 - DSN - INFO - Initialized DSN_thorough | preset=thorough | GPU=True
2026-01-14 17:50:01,719 - DSN - INFO - Params: η=0.003, T=500, init=degree, LS=True
2026-01-14 17:50:01,719 - DSN - INFO - Using GPU solver (CuPy)
2026-01-14 17:50:01,721 - DSN - INFO - DSN GPU Solver: n=800, edges=4661
2026-01-14 17:50:01,721 - DSN - INFO - DSN GPU: T=500, η=0.003, LS=True
2026-01-14 17:50:01,749 - DSN - INFO - t=000: B=-5356.11, Cut=853, Best=853 [LS]
2026-01-14 17:50:03,626 - DSN - INFO - t=040: B=-2487.22, Cut=1, Best=853
2026-01-14 17:50:06,104 - DSN - INFO - t=080: B=-2363.07, Cut=4, Best=853
2026-01-14 17:50:08,663 - DSN - INFO - t=120: B=-2326.16, Cut=10, Best=897
2026-01-14 17:50:11,204 - DSN - INFO - t=160: B=-2309.06, Cut=0, Best=897
2026-01-14 17:50:13,779 - DSN - INFO - t=200: B=-2301.63, Cut=841, Best=897 [LS]
2026-01-14 17:50:16,313 - DSN - INFO - t=240: B=-2295.27, Cut=12, Best=897
2026-01-14 17:50:18,879 - DSN - INFO - t=280: B=-2296.73, Cut=-1, Best=897
2026-01-14 17:50:21,439 - DSN - INFO - t=320: B=-2295.16, Cut=5, Best=897
2026-01-14 17:50:23,990 - DSN - INFO - t=360: B=-2286.54, Cut=11, Best=897
2026-01-14 17:50:26,564 - DSN - INFO - t=400: B=-2285.59, Cut=854, Best=897 [LS]
2026-01-14 17:50:29,129 - DSN - INFO - t=440: B=-2283.53, Cut=21, Best=897
2026-01-14 17:50:31,703 - DSN - INFO - t=480: B=-2281.83, Cut=-9, Best=897
2026-01-14 17:50:32,939 - DSN - INFO - DSN GPU done in 31.22s | Cut=897
2026-01-14 17:50:32,943 - DSN - INFO - Results saved to: results/Gset/DSN_thorough/G19.csv
2026-01-14 17:50:32,943 - DSN - INFO - Cut: 897 | Bound: -2281.02 | Time: 31.22s
2026-01-14 17:50:32,943 - DSN - INFO - Initialized DSN_thorough | preset=thorough | GPU=True
2026-01-14 17:50:32,943 - DSN - INFO - Params: η=0.003, T=500, init=degree, LS=True
2026-01-14 17:50:32,943 - DSN - INFO - Using GPU solver (CuPy)
2026-01-14 17:50:32,945 - DSN - INFO - DSN GPU Solver: n=800, edges=4661
2026-01-14 17:50:32,945 - DSN - INFO - DSN GPU: T=500, η=0.003, LS=True
2026-01-14 17:50:32,973 - DSN - INFO - t=000: B=-5356.11, Cut=836, Best=836 [LS]
2026-01-14 17:50:34,844 - DSN - INFO - t=040: B=-2487.24, Cut=-3, Best=836
2026-01-14 17:50:37,303 - DSN - INFO - t=080: B=-2365.55, Cut=18, Best=876
2026-01-14 17:50:39,832 - DSN - INFO - t=120: B=-2324.86, Cut=3, Best=876
2026-01-14 17:50:42,397 - DSN - INFO - t=160: B=-2305.36, Cut=-1, Best=876
2026-01-14 17:50:44,949 - DSN - INFO - t=200: B=-2301.41, Cut=866, Best=876 [LS]
2026-01-14 17:50:47,516 - DSN - INFO - t=240: B=-2300.01, Cut=-21, Best=876
2026-01-14 17:50:50,068 - DSN - INFO - t=280: B=-2294.55, Cut=14, Best=876
2026-01-14 17:50:52,641 - DSN - INFO - t=320: B=-2286.41, Cut=8, Best=876
2026-01-14 17:50:55,219 - DSN - INFO - t=360: B=-2287.04, Cut=3, Best=876
2026-01-14 17:50:57,798 - DSN - INFO - t=400: B=-2284.29, Cut=878, Best=878 [LS]
2026-01-14 17:51:00,358 - DSN - INFO - t=440: B=-2282.36, Cut=10, Best=878
2026-01-14 17:51:02,943 - DSN - INFO - t=480: B=-2282.02, Cut=-7, Best=880
2026-01-14 17:51:04,173 - DSN - INFO - DSN GPU done in 31.23s | Cut=880
2026-01-14 17:51:04,177 - DSN - INFO - Results saved to: results/Gset/DSN_thorough/G19.csv
2026-01-14 17:51:04,177 - DSN - INFO - Cut: 880 | Bound: -2281.81 | Time: 31.23s
2026-01-14 17:51:04,178 - DSN - INFO - Initialized DSN_thorough | preset=thorough | GPU=True
2026-01-14 17:51:04,178 - DSN - INFO - Params: η=0.003, T=500, init=degree, LS=True
2026-01-14 17:51:04,178 - DSN - INFO - Using GPU solver (CuPy)
2026-01-14 17:51:04,179 - DSN - INFO - DSN GPU Solver: n=800, edges=4661
2026-01-14 17:51:04,179 - DSN - INFO - DSN GPU: T=500, η=0.003, LS=True
2026-01-14 17:51:04,208 - DSN - INFO - t=000: B=-5356.11, Cut=836, Best=836 [LS]
2026-01-14 17:51:06,072 - DSN - INFO - t=040: B=-2487.32, Cut=12, Best=836
2026-01-14 17:51:08,573 - DSN - INFO - t=080: B=-2359.52, Cut=14, Best=890
2026-01-14 17:51:11,100 - DSN - INFO - t=120: B=-2325.08, Cut=1, Best=890
2026-01-14 17:51:13,666 - DSN - INFO - t=160: B=-2310.70, Cut=5, Best=890
2026-01-14 17:51:16,189 - DSN - INFO - t=200: B=-2300.68, Cut=847, Best=890 [LS]
2026-01-14 17:51:18,723 - DSN - INFO - t=240: B=-2295.43, Cut=1, Best=890
2026-01-14 17:51:21,288 - DSN - INFO - t=280: B=-2289.95, Cut=8, Best=890
2026-01-14 17:51:23,872 - DSN - INFO - t=320: B=-2287.03, Cut=-22, Best=890
2026-01-14 17:51:26,442 - DSN - INFO - t=360: B=-2285.87, Cut=1, Best=890
2026-01-14 17:51:29,027 - DSN - INFO - t=400: B=-2285.21, Cut=872, Best=890 [LS]
2026-01-14 17:51:31,587 - DSN - INFO - t=440: B=-2284.12, Cut=10, Best=890
2026-01-14 17:51:34,161 - DSN - INFO - t=480: B=-2283.55, Cut=4, Best=890
2026-01-14 17:51:35,393 - DSN - INFO - DSN GPU done in 31.21s | Cut=890
2026-01-14 17:51:35,397 - DSN - INFO - Results saved to: results/Gset/DSN_thorough/G19.csv
2026-01-14 17:51:35,397 - DSN - INFO - Cut: 890 | Bound: -2282.90 | Time: 31.22s
2026-01-14 17:51:35,397 - DSN - INFO - Initialized DSN_thorough | preset=thorough | GPU=True
2026-01-14 17:51:35,397 - DSN - INFO - Params: η=0.003, T=500, init=degree, LS=True
2026-01-14 17:51:35,397 - DSN - INFO - Using GPU solver (CuPy)
2026-01-14 17:51:35,399 - DSN - INFO - DSN GPU Solver: n=800, edges=4661
2026-01-14 17:51:35,399 - DSN - INFO - DSN GPU: T=500, η=0.003, LS=True
2026-01-14 17:51:35,427 - DSN - INFO - t=000: B=-5356.11, Cut=855, Best=855 [LS]
2026-01-14 17:51:37,290 - DSN - INFO - t=040: B=-2487.09, Cut=6, Best=855
2026-01-14 17:51:39,757 - DSN - INFO - t=080: B=-2365.33, Cut=-10, Best=855
2026-01-14 17:51:42,283 - DSN - INFO - t=120: B=-2325.04, Cut=-4, Best=855
2026-01-14 17:51:44,861 - DSN - INFO - t=160: B=-2309.03, Cut=23, Best=855
2026-01-14 17:51:47,410 - DSN - INFO - t=200: B=-2298.98, Cut=857, Best=857 [LS]
2026-01-14 17:51:49,960 - DSN - INFO - t=240: B=-2297.03, Cut=7, Best=857
2026-01-14 17:51:52,538 - DSN - INFO - t=280: B=-2290.23, Cut=-8, Best=857
2026-01-14 17:51:55,111 - DSN - INFO - t=320: B=-2286.91, Cut=20, Best=859
2026-01-14 17:51:57,682 - DSN - INFO - t=360: B=-2285.56, Cut=20, Best=859
2026-01-14 17:52:00,264 - DSN - INFO - t=400: B=-2284.90, Cut=828, Best=859 [LS]
2026-01-14 17:52:02,821 - DSN - INFO - t=440: B=-2284.69, Cut=19, Best=859
2026-01-14 17:52:05,398 - DSN - INFO - t=480: B=-2285.10, Cut=20, Best=859
2026-01-14 17:52:06,628 - DSN - INFO - DSN GPU done in 31.23s | Cut=867
2026-01-14 17:52:06,632 - DSN - INFO - Results saved to: results/Gset/DSN_thorough/G19.csv
2026-01-14 17:52:06,632 - DSN - INFO - Cut: 867 | Bound: -2284.46 | Time: 31.23s
2026-01-14 17:52:06,632 - DSN - INFO - Initialized DSN_thorough | preset=thorough | GPU=True
2026-01-14 17:52:06,632 - DSN - INFO - Params: η=0.003, T=500, init=degree, LS=True
2026-01-14 17:52:06,632 - DSN - INFO - Using GPU solver (CuPy)
2026-01-14 17:52:06,633 - DSN - INFO - DSN GPU Solver: n=800, edges=4661
2026-01-14 17:52:06,634 - DSN - INFO - DSN GPU: T=500, η=0.003, LS=True
2026-01-14 17:52:06,661 - DSN - INFO - t=000: B=-5356.11, Cut=853, Best=853 [LS]
2026-01-14 17:52:08,509 - DSN - INFO - t=040: B=-2486.88, Cut=17, Best=853
2026-01-14 17:52:11,005 - DSN - INFO - t=080: B=-2364.12, Cut=6, Best=855
2026-01-14 17:52:13,533 - DSN - INFO - t=120: B=-2322.99, Cut=2, Best=864
2026-01-14 17:52:16,077 - DSN - INFO - t=160: B=-2311.11, Cut=-4, Best=864
2026-01-14 17:52:18,650 - DSN - INFO - t=200: B=-2301.58, Cut=825, Best=864 [LS]
2026-01-14 17:52:21,205 - DSN - INFO - t=240: B=-2296.20, Cut=1, Best=864
2026-01-14 17:52:23,768 - DSN - INFO - t=280: B=-2293.75, Cut=35, Best=880
2026-01-14 17:52:26,349 - DSN - INFO - t=320: B=-2288.56, Cut=3, Best=880
2026-01-14 17:52:28,928 - DSN - INFO - t=360: B=-2287.59, Cut=24, Best=880
2026-01-14 17:52:31,503 - DSN - INFO - t=400: B=-2284.31, Cut=864, Best=880 [LS]
2026-01-14 17:52:34,059 - DSN - INFO - t=440: B=-2282.86, Cut=7, Best=880
2026-01-14 17:52:36,635 - DSN - INFO - t=480: B=-2281.52, Cut=9, Best=887
2026-01-14 17:52:37,871 - DSN - INFO - DSN GPU done in 31.24s | Cut=887
2026-01-14 17:52:37,875 - DSN - INFO - Results saved to: results/Gset/DSN_thorough/G19.csv
2026-01-14 17:52:37,875 - DSN - INFO - Cut: 887 | Bound: -2281.40 | Time: 31.24s
2026-01-14 17:52:37,875 - DSN - INFO - Initialized DSN_thorough | preset=thorough | GPU=True
2026-01-14 17:52:37,875 - DSN - INFO - Params: η=0.003, T=500, init=degree, LS=True
2026-01-14 17:52:37,875 - DSN - INFO - Using GPU solver (CuPy)
2026-01-14 17:52:37,877 - DSN - INFO - DSN GPU Solver: n=800, edges=4661
2026-01-14 17:52:37,877 - DSN - INFO - DSN GPU: T=500, η=0.003, LS=True
2026-01-14 17:52:37,905 - DSN - INFO - t=000: B=-5356.11, Cut=850, Best=850 [LS]
2026-01-14 17:52:39,721 - DSN - INFO - t=040: B=-2488.02, Cut=-13, Best=850
2026-01-14 17:52:42,227 - DSN - INFO - t=080: B=-2363.74, Cut=-4, Best=852
2026-01-14 17:52:44,763 - DSN - INFO - t=120: B=-2329.62, Cut=12, Best=852
2026-01-14 17:52:47,287 - DSN - INFO - t=160: B=-2306.27, Cut=-3, Best=865
2026-01-14 17:52:49,821 - DSN - INFO - t=200: B=-2298.86, Cut=857, Best=865 [LS]
2026-01-14 17:52:52,358 - DSN - INFO - t=240: B=-2297.28, Cut=30, Best=865
2026-01-14 17:52:54,926 - DSN - INFO - t=280: B=-2292.24, Cut=4, Best=866
2026-01-14 17:52:57,503 - DSN - INFO - t=320: B=-2287.12, Cut=10, Best=866
2026-01-14 17:53:00,079 - DSN - INFO - t=360: B=-2284.56, Cut=4, Best=866
2026-01-14 17:53:02,656 - DSN - INFO - t=400: B=-2284.33, Cut=880, Best=880 [LS]
2026-01-14 17:53:05,216 - DSN - INFO - t=440: B=-2283.08, Cut=16, Best=880
2026-01-14 17:53:07,791 - DSN - INFO - t=480: B=-2283.12, Cut=-19, Best=880
2026-01-14 17:53:09,021 - DSN - INFO - DSN GPU done in 31.14s | Cut=880
2026-01-14 17:53:09,025 - DSN - INFO - Results saved to: results/Gset/DSN_thorough/G19.csv
2026-01-14 17:53:09,025 - DSN - INFO - Cut: 880 | Bound: -2281.98 | Time: 31.15s
2026-01-14 17:53:09,025 - DSN - INFO - Initialized DSN_thorough | preset=thorough | GPU=True
2026-01-14 17:53:09,025 - DSN - INFO - Params: η=0.003, T=500, init=degree, LS=True
2026-01-14 17:53:09,025 - DSN - INFO - Using GPU solver (CuPy)
2026-01-14 17:53:09,027 - DSN - INFO - DSN GPU Solver: n=800, edges=4661
2026-01-14 17:53:09,027 - DSN - INFO - DSN GPU: T=500, η=0.003, LS=True
2026-01-14 17:53:09,055 - DSN - INFO - t=000: B=-5356.11, Cut=853, Best=853 [LS]
2026-01-14 17:53:10,855 - DSN - INFO - t=040: B=-2488.01, Cut=-1, Best=853
2026-01-14 17:53:13,347 - DSN - INFO - t=080: B=-2363.52, Cut=-6, Best=853
2026-01-14 17:53:15,884 - DSN - INFO - t=120: B=-2325.93, Cut=3, Best=868
2026-01-14 17:53:18,446 - DSN - INFO - t=160: B=-2309.27, Cut=16, Best=884
2026-01-14 17:53:21,008 - DSN - INFO - t=200: B=-2303.55, Cut=850, Best=884 [LS]
2026-01-14 17:53:23,542 - DSN - INFO - t=240: B=-2298.06, Cut=9, Best=884
2026-01-14 17:53:26,092 - DSN - INFO - t=280: B=-2290.50, Cut=1, Best=884
2026-01-14 17:53:28,668 - DSN - INFO - t=320: B=-2286.42, Cut=26, Best=884
2026-01-14 17:53:31,240 - DSN - INFO - t=360: B=-2286.85, Cut=-13, Best=884
2026-01-14 17:53:33,821 - DSN - INFO - t=400: B=-2285.13, Cut=846, Best=884 [LS]
2026-01-14 17:53:36,372 - DSN - INFO - t=440: B=-2284.50, Cut=23, Best=884
2026-01-14 17:53:38,947 - DSN - INFO - t=480: B=-2283.92, Cut=-3, Best=884
2026-01-14 17:53:40,176 - DSN - INFO - DSN GPU done in 31.15s | Cut=884
2026-01-14 17:53:40,180 - DSN - INFO - Results saved to: results/Gset/DSN_thorough/G19.csv
2026-01-14 17:53:40,180 - DSN - INFO - Cut: 884 | Bound: -2283.39 | Time: 31.15s
2026-01-14 17:53:40,180 - DSN - INFO - Initialized DSN_thorough | preset=thorough | GPU=True
2026-01-14 17:53:40,180 - DSN - INFO - Params: η=0.003, T=500, init=degree, LS=True
2026-01-14 17:53:40,180 - DSN - INFO - Using GPU solver (CuPy)
2026-01-14 17:53:40,182 - DSN - INFO - DSN GPU Solver: n=800, edges=4661
2026-01-14 17:53:40,182 - DSN - INFO - DSN GPU: T=500, η=0.003, LS=True
2026-01-14 17:53:40,209 - DSN - INFO - t=000: B=-5356.11, Cut=853, Best=853 [LS]
2026-01-14 17:53:42,063 - DSN - INFO - t=040: B=-2486.97, Cut=17, Best=853
2026-01-14 17:53:44,527 - DSN - INFO - t=080: B=-2362.37, Cut=23, Best=886
2026-01-14 17:53:47,068 - DSN - INFO - t=120: B=-2324.47, Cut=-5, Best=886
2026-01-14 17:53:49,619 - DSN - INFO - t=160: B=-2306.97, Cut=-17, Best=886
2026-01-14 17:53:52,193 - DSN - INFO - t=200: B=-2301.26, Cut=894, Best=894 [LS]
2026-01-14 17:53:54,741 - DSN - INFO - t=240: B=-2296.98, Cut=25, Best=894
2026-01-14 17:53:57,314 - DSN - INFO - t=280: B=-2292.33, Cut=1, Best=894
2026-01-14 17:53:59,888 - DSN - INFO - t=320: B=-2290.03, Cut=0, Best=894
2026-01-14 17:54:02,459 - DSN - INFO - t=360: B=-2284.97, Cut=24, Best=894
2026-01-14 17:54:05,036 - DSN - INFO - t=400: B=-2283.71, Cut=860, Best=894 [LS]
2026-01-14 17:54:07,596 - DSN - INFO - t=440: B=-2281.71, Cut=-1, Best=894
2026-01-14 17:54:10,171 - DSN - INFO - t=480: B=-2281.88, Cut=14, Best=894
2026-01-14 17:54:11,402 - DSN - INFO - DSN GPU done in 31.22s | Cut=894
2026-01-14 17:54:11,406 - DSN - INFO - Results saved to: results/Gset/DSN_thorough/G19.csv
2026-01-14 17:54:11,406 - DSN - INFO - Cut: 894 | Bound: -2280.75 | Time: 31.22s
2026-01-14 17:54:11,435 - DSN - INFO - Initialized DSN_thorough | preset=thorough | GPU=True
2026-01-14 17:54:11,435 - DSN - INFO - Params: η=0.003, T=500, init=degree, LS=True
2026-01-14 17:54:11,435 - DSN - INFO - Using GPU solver (CuPy)
2026-01-14 17:54:11,437 - DSN - INFO - DSN GPU Solver: n=800, edges=19176
2026-01-14 17:54:11,437 - DSN - INFO - DSN GPU: T=500, η=0.003, LS=True
2026-01-14 17:54:11,491 - DSN - INFO - t=000: B=-19539.45, Cut=11400, Best=11400 [LS]
2026-01-14 17:54:12,018 - DSN - INFO - t=040: B=-19176.01, Cut=0, Best=11400
2026-01-14 17:54:12,582 - DSN - INFO - t=080: B=-19176.00, Cut=0, Best=11400
2026-01-14 17:54:13,144 - DSN - INFO - t=120: B=-19176.00, Cut=0, Best=11400
2026-01-14 17:54:13,695 - DSN - INFO - t=160: B=-19176.00, Cut=0, Best=11400
2026-01-14 17:54:14,248 - DSN - INFO - t=200: B=-19176.00, Cut=11400, Best=11400 [LS]
2026-01-14 17:54:14,761 - DSN - INFO - t=240: B=-19176.00, Cut=0, Best=11400
2026-01-14 17:54:15,309 - DSN - INFO - t=280: B=-19176.00, Cut=0, Best=11400
2026-01-14 17:54:15,861 - DSN - INFO - t=320: B=-19176.00, Cut=0, Best=11400
2026-01-14 17:54:16,411 - DSN - INFO - t=360: B=-19176.00, Cut=0, Best=11400
2026-01-14 17:54:16,962 - DSN - INFO - t=400: B=-19176.00, Cut=11400, Best=11400 [LS]
2026-01-14 17:54:17,476 - DSN - INFO - t=440: B=-19176.00, Cut=0, Best=11400
2026-01-14 17:54:18,026 - DSN - INFO - t=480: B=-19176.00, Cut=0, Best=11400
2026-01-14 17:54:18,310 - DSN - INFO - DSN GPU done in 6.87s | Cut=11400
2026-01-14 17:54:18,312 - DSN - INFO - Results saved to: results/Gset/DSN_thorough/G2.csv
2026-01-14 17:54:18,312 - DSN - INFO - Cut: 11400 | Bound: -19176.00 | Time: 6.88s
2026-01-14 17:54:18,312 - DSN - INFO - Initialized DSN_thorough | preset=thorough | GPU=True
2026-01-14 17:54:18,312 - DSN - INFO - Params: η=0.003, T=500, init=degree, LS=True
2026-01-14 17:54:18,312 - DSN - INFO - Using GPU solver (CuPy)
2026-01-14 17:54:18,315 - DSN - INFO - DSN GPU Solver: n=800, edges=19176
2026-01-14 17:54:18,315 - DSN - INFO - DSN GPU: T=500, η=0.003, LS=True
2026-01-14 17:54:18,369 - DSN - INFO - t=000: B=-19539.45, Cut=11400, Best=11400 [LS]
2026-01-14 17:54:18,899 - DSN - INFO - t=040: B=-19176.00, Cut=0, Best=11400
2026-01-14 17:54:19,467 - DSN - INFO - t=080: B=-19176.00, Cut=0, Best=11400
2026-01-14 17:54:20,055 - DSN - INFO - t=120: B=-19176.00, Cut=0, Best=11400
2026-01-14 17:54:20,611 - DSN - INFO - t=160: B=-19176.00, Cut=0, Best=11400
2026-01-14 17:54:21,160 - DSN - INFO - t=200: B=-19176.00, Cut=11400, Best=11400 [LS]
2026-01-14 17:54:21,675 - DSN - INFO - t=240: B=-19176.00, Cut=0, Best=11400
2026-01-14 17:54:22,232 - DSN - INFO - t=280: B=-19176.00, Cut=0, Best=11400
2026-01-14 17:54:22,789 - DSN - INFO - t=320: B=-19176.00, Cut=0, Best=11400
2026-01-14 17:54:23,348 - DSN - INFO - t=360: B=-19176.00, Cut=0, Best=11400
2026-01-14 17:54:23,907 - DSN - INFO - t=400: B=-19176.00, Cut=11400, Best=11400 [LS]
2026-01-14 17:54:24,426 - DSN - INFO - t=440: B=-19176.00, Cut=0, Best=11400
2026-01-14 17:54:24,983 - DSN - INFO - t=480: B=-19176.00, Cut=0, Best=11400
2026-01-14 17:54:25,272 - DSN - INFO - DSN GPU done in 6.96s | Cut=11400
2026-01-14 17:54:25,275 - DSN - INFO - Results saved to: results/Gset/DSN_thorough/G2.csv
2026-01-14 17:54:25,275 - DSN - INFO - Cut: 11400 | Bound: -19176.00 | Time: 6.96s
2026-01-14 17:54:25,276 - DSN - INFO - Initialized DSN_thorough | preset=thorough | GPU=True
2026-01-14 17:54:25,276 - DSN - INFO - Params: η=0.003, T=500, init=degree, LS=True
2026-01-14 17:54:25,276 - DSN - INFO - Using GPU solver (CuPy)
2026-01-14 17:54:25,278 - DSN - INFO - DSN GPU Solver: n=800, edges=19176
2026-01-14 17:54:25,278 - DSN - INFO - DSN GPU: T=500, η=0.003, LS=True
2026-01-14 17:54:25,333 - DSN - INFO - t=000: B=-19539.45, Cut=11400, Best=11400 [LS]
2026-01-14 17:54:25,862 - DSN - INFO - t=040: B=-19176.01, Cut=0, Best=11400
2026-01-14 17:54:26,430 - DSN - INFO - t=080: B=-19176.00, Cut=0, Best=11400
2026-01-14 17:54:26,989 - DSN - INFO - t=120: B=-19176.00, Cut=0, Best=11400
2026-01-14 17:54:27,541 - DSN - INFO - t=160: B=-19176.00, Cut=0, Best=11400
2026-01-14 17:54:28,090 - DSN - INFO - t=200: B=-19176.00, Cut=11400, Best=11400 [LS]
2026-01-14 17:54:28,606 - DSN - INFO - t=240: B=-19176.00, Cut=0, Best=11400
2026-01-14 17:54:29,150 - DSN - INFO - t=280: B=-19176.00, Cut=0, Best=11400
2026-01-14 17:54:29,688 - DSN - INFO - t=320: B=-19176.00, Cut=0, Best=11400
2026-01-14 17:54:30,226 - DSN - INFO - t=360: B=-19176.00, Cut=0, Best=11400
2026-01-14 17:54:30,763 - DSN - INFO - t=400: B=-19176.00, Cut=11400, Best=11400 [LS]
2026-01-14 17:54:31,268 - DSN - INFO - t=440: B=-19176.00, Cut=0, Best=11400
2026-01-14 17:54:31,805 - DSN - INFO - t=480: B=-19176.00, Cut=0, Best=11400
2026-01-14 17:54:32,084 - DSN - INFO - DSN GPU done in 6.81s | Cut=11400
2026-01-14 17:54:32,088 - DSN - INFO - Results saved to: results/Gset/DSN_thorough/G2.csv
2026-01-14 17:54:32,088 - DSN - INFO - Cut: 11400 | Bound: -19176.00 | Time: 6.81s
2026-01-14 17:54:32,088 - DSN - INFO - Initialized DSN_thorough | preset=thorough | GPU=True
2026-01-14 17:54:32,088 - DSN - INFO - Params: η=0.003, T=500, init=degree, LS=True
2026-01-14 17:54:32,088 - DSN - INFO - Using GPU solver (CuPy)
2026-01-14 17:54:32,090 - DSN - INFO - DSN GPU Solver: n=800, edges=19176
2026-01-14 17:54:32,090 - DSN - INFO - DSN GPU: T=500, η=0.003, LS=True
2026-01-14 17:54:32,144 - DSN - INFO - t=000: B=-19539.45, Cut=11400, Best=11400 [LS]
2026-01-14 17:54:32,672 - DSN - INFO - t=040: B=-19176.01, Cut=0, Best=11400
2026-01-14 17:54:33,238 - DSN - INFO - t=080: B=-19176.00, Cut=0, Best=11400
2026-01-14 17:54:33,795 - DSN - INFO - t=120: B=-19176.00, Cut=0, Best=11400
2026-01-14 17:54:34,344 - DSN - INFO - t=160: B=-19176.00, Cut=0, Best=11400
2026-01-14 17:54:34,898 - DSN - INFO - t=200: B=-19176.00, Cut=11400, Best=11400 [LS]
2026-01-14 17:54:35,415 - DSN - INFO - t=240: B=-19176.00, Cut=0, Best=11400
2026-01-14 17:54:35,971 - DSN - INFO - t=280: B=-19176.00, Cut=0, Best=11400
2026-01-14 17:54:36,523 - DSN - INFO - t=320: B=-19176.00, Cut=0, Best=11400
2026-01-14 17:54:37,071 - DSN - INFO - t=360: B=-19176.00, Cut=0, Best=11400
2026-01-14 17:54:37,620 - DSN - INFO - t=400: B=-19176.00, Cut=11400, Best=11400 [LS]
2026-01-14 17:54:38,134 - DSN - INFO - t=440: B=-19176.00, Cut=0, Best=11400
2026-01-14 17:54:38,684 - DSN - INFO - t=480: B=-19176.00, Cut=0, Best=11400
2026-01-14 17:54:38,969 - DSN - INFO - DSN GPU done in 6.88s | Cut=11400
2026-01-14 17:54:38,972 - DSN - INFO - Results saved to: results/Gset/DSN_thorough/G2.csv
2026-01-14 17:54:38,972 - DSN - INFO - Cut: 11400 | Bound: -19176.00 | Time: 6.88s
2026-01-14 17:54:38,973 - DSN - INFO - Initialized DSN_thorough | preset=thorough | GPU=True
2026-01-14 17:54:38,973 - DSN - INFO - Params: η=0.003, T=500, init=degree, LS=True
2026-01-14 17:54:38,973 - DSN - INFO - Using GPU solver (CuPy)
2026-01-14 17:54:38,975 - DSN - INFO - DSN GPU Solver: n=800, edges=19176
2026-01-14 17:54:38,975 - DSN - INFO - DSN GPU: T=500, η=0.003, LS=True
2026-01-14 17:54:39,029 - DSN - INFO - t=000: B=-19539.45, Cut=11400, Best=11400 [LS]
2026-01-14 17:54:39,562 - DSN - INFO - t=040: B=-19176.00, Cut=0, Best=11400
2026-01-14 17:54:40,126 - DSN - INFO - t=080: B=-19176.00, Cut=0, Best=11400
2026-01-14 17:54:40,684 - DSN - INFO - t=120: B=-19176.00, Cut=0, Best=11400
2026-01-14 17:54:41,239 - DSN - INFO - t=160: B=-19176.00, Cut=0, Best=11400
2026-01-14 17:54:41,786 - DSN - INFO - t=200: B=-19176.00, Cut=11400, Best=11400 [LS]
2026-01-14 17:54:42,303 - DSN - INFO - t=240: B=-19176.00, Cut=0, Best=11400
2026-01-14 17:54:42,851 - DSN - INFO - t=280: B=-19176.00, Cut=0, Best=11400
2026-01-14 17:54:43,398 - DSN - INFO - t=320: B=-19176.00, Cut=0, Best=11400
2026-01-14 17:54:43,944 - DSN - INFO - t=360: B=-19176.00, Cut=0, Best=11400
2026-01-14 17:54:44,491 - DSN - INFO - t=400: B=-19176.00, Cut=11400, Best=11400 [LS]
2026-01-14 17:54:45,000 - DSN - INFO - t=440: B=-19176.00, Cut=0, Best=11400
2026-01-14 17:54:45,549 - DSN - INFO - t=480: B=-19176.00, Cut=0, Best=11400
2026-01-14 17:54:45,831 - DSN - INFO - DSN GPU done in 6.86s | Cut=11400
2026-01-14 17:54:45,835 - DSN - INFO - Results saved to: results/Gset/DSN_thorough/G2.csv
2026-01-14 17:54:45,835 - DSN - INFO - Cut: 11400 | Bound: -19176.00 | Time: 6.86s
2026-01-14 17:54:45,835 - DSN - INFO - Initialized DSN_thorough | preset=thorough | GPU=True
2026-01-14 17:54:45,835 - DSN - INFO - Params: η=0.003, T=500, init=degree, LS=True
2026-01-14 17:54:45,835 - DSN - INFO - Using GPU solver (CuPy)
2026-01-14 17:54:45,837 - DSN - INFO - DSN GPU Solver: n=800, edges=19176
2026-01-14 17:54:45,837 - DSN - INFO - DSN GPU: T=500, η=0.003, LS=True
2026-01-14 17:54:45,891 - DSN - INFO - t=000: B=-19539.45, Cut=11400, Best=11400 [LS]
2026-01-14 17:54:46,424 - DSN - INFO - t=040: B=-19176.01, Cut=0, Best=11400
2026-01-14 17:54:46,987 - DSN - INFO - t=080: B=-19176.00, Cut=0, Best=11400
2026-01-14 17:54:47,547 - DSN - INFO - t=120: B=-19176.00, Cut=0, Best=11400
2026-01-14 17:54:48,098 - DSN - INFO - t=160: B=-19176.00, Cut=0, Best=11400
2026-01-14 17:54:48,648 - DSN - INFO - t=200: B=-19176.00, Cut=11400, Best=11400 [LS]
2026-01-14 17:54:49,167 - DSN - INFO - t=240: B=-19176.00, Cut=0, Best=11400
2026-01-14 17:54:49,719 - DSN - INFO - t=280: B=-19176.00, Cut=0, Best=11400
2026-01-14 17:54:50,270 - DSN - INFO - t=320: B=-19176.00, Cut=0, Best=11400
2026-01-14 17:54:50,824 - DSN - INFO - t=360: B=-19176.00, Cut=0, Best=11400
2026-01-14 17:54:51,372 - DSN - INFO - t=400: B=-19176.00, Cut=11400, Best=11400 [LS]
2026-01-14 17:54:51,888 - DSN - INFO - t=440: B=-19176.00, Cut=0, Best=11400
2026-01-14 17:54:52,439 - DSN - INFO - t=480: B=-19176.00, Cut=0, Best=11400
2026-01-14 17:54:52,726 - DSN - INFO - DSN GPU done in 6.89s | Cut=11400
2026-01-14 17:54:52,730 - DSN - INFO - Results saved to: results/Gset/DSN_thorough/G2.csv
2026-01-14 17:54:52,730 - DSN - INFO - Cut: 11400 | Bound: -19176.00 | Time: 6.89s
2026-01-14 17:54:52,730 - DSN - INFO - Initialized DSN_thorough | preset=thorough | GPU=True
2026-01-14 17:54:52,730 - DSN - INFO - Params: η=0.003, T=500, init=degree, LS=True
2026-01-14 17:54:52,730 - DSN - INFO - Using GPU solver (CuPy)
2026-01-14 17:54:52,732 - DSN - INFO - DSN GPU Solver: n=800, edges=19176
2026-01-14 17:54:52,732 - DSN - INFO - DSN GPU: T=500, η=0.003, LS=True
2026-01-14 17:54:52,787 - DSN - INFO - t=000: B=-19539.45, Cut=11400, Best=11400 [LS]
2026-01-14 17:54:53,314 - DSN - INFO - t=040: B=-19176.01, Cut=0, Best=11400
2026-01-14 17:54:53,881 - DSN - INFO - t=080: B=-19176.00, Cut=0, Best=11400
2026-01-14 17:54:54,471 - DSN - INFO - t=120: B=-19176.00, Cut=0, Best=11400
2026-01-14 17:54:55,032 - DSN - INFO - t=160: B=-19176.00, Cut=0, Best=11400
2026-01-14 17:54:55,583 - DSN - INFO - t=200: B=-19176.00, Cut=11400, Best=11400 [LS]
2026-01-14 17:54:56,096 - DSN - INFO - t=240: B=-19176.00, Cut=0, Best=11400
2026-01-14 17:54:56,649 - DSN - INFO - t=280: B=-19176.00, Cut=0, Best=11400
2026-01-14 17:54:57,201 - DSN - INFO - t=320: B=-19176.00, Cut=0, Best=11400
2026-01-14 17:54:57,754 - DSN - INFO - t=360: B=-19176.00, Cut=0, Best=11400
2026-01-14 17:54:58,307 - DSN - INFO - t=400: B=-19176.00, Cut=11400, Best=11400 [LS]
2026-01-14 17:54:58,823 - DSN - INFO - t=440: B=-19176.00, Cut=0, Best=11400
2026-01-14 17:54:59,375 - DSN - INFO - t=480: B=-19176.00, Cut=0, Best=11400
2026-01-14 17:54:59,662 - DSN - INFO - DSN GPU done in 6.93s | Cut=11400
2026-01-14 17:54:59,665 - DSN - INFO - Results saved to: results/Gset/DSN_thorough/G2.csv
2026-01-14 17:54:59,665 - DSN - INFO - Cut: 11400 | Bound: -19175.99 | Time: 6.93s
2026-01-14 17:54:59,665 - DSN - INFO - Initialized DSN_thorough | preset=thorough | GPU=True
2026-01-14 17:54:59,665 - DSN - INFO - Params: η=0.003, T=500, init=degree, LS=True
2026-01-14 17:54:59,665 - DSN - INFO - Using GPU solver (CuPy)
2026-01-14 17:54:59,668 - DSN - INFO - DSN GPU Solver: n=800, edges=19176
2026-01-14 17:54:59,668 - DSN - INFO - DSN GPU: T=500, η=0.003, LS=True
2026-01-14 17:54:59,723 - DSN - INFO - t=000: B=-19539.45, Cut=11400, Best=11400 [LS]
2026-01-14 17:55:00,251 - DSN - INFO - t=040: B=-19176.01, Cut=0, Best=11400
2026-01-14 17:55:00,812 - DSN - INFO - t=080: B=-19176.00, Cut=0, Best=11400
2026-01-14 17:55:01,367 - DSN - INFO - t=120: B=-19176.00, Cut=0, Best=11400
2026-01-14 17:55:01,920 - DSN - INFO - t=160: B=-19176.00, Cut=0, Best=11400
2026-01-14 17:55:02,471 - DSN - INFO - t=200: B=-19176.00, Cut=11400, Best=11400 [LS]
2026-01-14 17:55:02,993 - DSN - INFO - t=240: B=-19176.00, Cut=0, Best=11400
2026-01-14 17:55:03,595 - DSN - INFO - t=280: B=-19176.00, Cut=0, Best=11400
2026-01-14 17:55:04,215 - DSN - INFO - t=320: B=-19176.00, Cut=0, Best=11400
2026-01-14 17:55:04,836 - DSN - INFO - t=360: B=-19176.00, Cut=0, Best=11400
2026-01-14 17:55:05,456 - DSN - INFO - t=400: B=-19176.00, Cut=11400, Best=11400 [LS]
2026-01-14 17:55:06,040 - DSN - INFO - t=440: B=-19176.00, Cut=0, Best=11400
2026-01-14 17:55:06,660 - DSN - INFO - t=480: B=-19176.00, Cut=0, Best=11400
2026-01-14 17:55:06,979 - DSN - INFO - DSN GPU done in 7.31s | Cut=11400
2026-01-14 17:55:06,983 - DSN - INFO - Results saved to: results/Gset/DSN_thorough/G2.csv
2026-01-14 17:55:06,983 - DSN - INFO - Cut: 11400 | Bound: -19175.99 | Time: 7.31s
2026-01-14 17:55:06,983 - DSN - INFO - Initialized DSN_thorough | preset=thorough | GPU=True
2026-01-14 17:55:06,983 - DSN - INFO - Params: η=0.003, T=500, init=degree, LS=True
2026-01-14 17:55:06,983 - DSN - INFO - Using GPU solver (CuPy)
2026-01-14 17:55:06,985 - DSN - INFO - DSN GPU Solver: n=800, edges=19176
2026-01-14 17:55:06,985 - DSN - INFO - DSN GPU: T=500, η=0.003, LS=True
2026-01-14 17:55:07,039 - DSN - INFO - t=000: B=-19539.45, Cut=11400, Best=11400 [LS]
2026-01-14 17:55:07,574 - DSN - INFO - t=040: B=-19176.01, Cut=0, Best=11400
2026-01-14 17:55:08,137 - DSN - INFO - t=080: B=-19176.00, Cut=0, Best=11400
2026-01-14 17:55:08,703 - DSN - INFO - t=120: B=-19176.00, Cut=0, Best=11400
2026-01-14 17:55:09,268 - DSN - INFO - t=160: B=-19176.00, Cut=0, Best=11400
2026-01-14 17:55:09,823 - DSN - INFO - t=200: B=-19176.00, Cut=11400, Best=11400 [LS]
2026-01-14 17:55:10,341 - DSN - INFO - t=240: B=-19176.00, Cut=0, Best=11400
2026-01-14 17:55:10,895 - DSN - INFO - t=280: B=-19176.00, Cut=0, Best=11400
2026-01-14 17:55:11,452 - DSN - INFO - t=320: B=-19176.00, Cut=0, Best=11400
2026-01-14 17:55:12,009 - DSN - INFO - t=360: B=-19176.00, Cut=0, Best=11400
2026-01-14 17:55:12,567 - DSN - INFO - t=400: B=-19176.00, Cut=11400, Best=11400 [LS]
2026-01-14 17:55:13,086 - DSN - INFO - t=440: B=-19176.00, Cut=0, Best=11400
2026-01-14 17:55:13,643 - DSN - INFO - t=480: B=-19176.00, Cut=0, Best=11400
2026-01-14 17:55:13,931 - DSN - INFO - DSN GPU done in 6.95s | Cut=11400
2026-01-14 17:55:13,934 - DSN - INFO - Results saved to: results/Gset/DSN_thorough/G2.csv
2026-01-14 17:55:13,934 - DSN - INFO - Cut: 11400 | Bound: -19176.00 | Time: 6.95s
2026-01-14 17:55:13,934 - DSN - INFO - Initialized DSN_thorough | preset=thorough | GPU=True
2026-01-14 17:55:13,934 - DSN - INFO - Params: η=0.003, T=500, init=degree, LS=True
2026-01-14 17:55:13,934 - DSN - INFO - Using GPU solver (CuPy)
2026-01-14 17:55:13,937 - DSN - INFO - DSN GPU Solver: n=800, edges=19176
2026-01-14 17:55:13,937 - DSN - INFO - DSN GPU: T=500, η=0.003, LS=True
2026-01-14 17:55:13,991 - DSN - INFO - t=000: B=-19539.45, Cut=11400, Best=11400 [LS]
2026-01-14 17:55:14,525 - DSN - INFO - t=040: B=-19176.00, Cut=0, Best=11400
2026-01-14 17:55:15,087 - DSN - INFO - t=080: B=-19176.00, Cut=0, Best=11400
2026-01-14 17:55:15,648 - DSN - INFO - t=120: B=-19176.00, Cut=0, Best=11400
2026-01-14 17:55:16,206 - DSN - INFO - t=160: B=-19176.00, Cut=0, Best=11400
2026-01-14 17:55:16,759 - DSN - INFO - t=200: B=-19176.00, Cut=11400, Best=11400 [LS]
2026-01-14 17:55:17,277 - DSN - INFO - t=240: B=-19176.00, Cut=0, Best=11400
2026-01-14 17:55:17,830 - DSN - INFO - t=280: B=-19176.00, Cut=0, Best=11400
2026-01-14 17:55:18,376 - DSN - INFO - t=320: B=-19176.00, Cut=0, Best=11400
2026-01-14 17:55:18,923 - DSN - INFO - t=360: B=-19176.00, Cut=0, Best=11400
2026-01-14 17:55:19,468 - DSN - INFO - t=400: B=-19176.00, Cut=11400, Best=11400 [LS]
2026-01-14 17:55:19,979 - DSN - INFO - t=440: B=-19176.00, Cut=0, Best=11400
2026-01-14 17:55:20,526 - DSN - INFO - t=480: B=-19176.00, Cut=0, Best=11400
2026-01-14 17:55:20,810 - DSN - INFO - DSN GPU done in 6.87s | Cut=11400
2026-01-14 17:55:20,813 - DSN - INFO - Results saved to: results/Gset/DSN_thorough/G2.csv
2026-01-14 17:55:20,813 - DSN - INFO - Cut: 11400 | Bound: -19176.00 | Time: 6.88s
2026-01-14 17:55:20,821 - DSN - INFO - Initialized DSN_thorough | preset=thorough | GPU=True
2026-01-14 17:55:20,821 - DSN - INFO - Params: η=0.003, T=500, init=degree, LS=True
2026-01-14 17:55:20,821 - DSN - INFO - Using GPU solver (CuPy)
2026-01-14 17:55:20,822 - DSN - INFO - DSN GPU Solver: n=800, edges=4672
2026-01-14 17:55:20,822 - DSN - INFO - DSN GPU: T=500, η=0.003, LS=True
2026-01-14 17:55:20,849 - DSN - INFO - t=000: B=-5094.54, Cut=798, Best=798 [LS]
2026-01-14 17:55:22,617 - DSN - INFO - t=040: B=-2479.72, Cut=-21, Best=798
2026-01-14 17:55:25,073 - DSN - INFO - t=080: B=-2358.61, Cut=21, Best=824
2026-01-14 17:55:27,632 - DSN - INFO - t=120: B=-2314.07, Cut=-5, Best=853
2026-01-14 17:55:30,185 - DSN - INFO - t=160: B=-2301.14, Cut=12, Best=853
2026-01-14 17:55:32,738 - DSN - INFO - t=200: B=-2290.25, Cut=822, Best=853 [LS]
2026-01-14 17:55:35,269 - DSN - INFO - t=240: B=-2283.63, Cut=-27, Best=853
2026-01-14 17:55:37,844 - DSN - INFO - t=280: B=-2281.64, Cut=15, Best=853
2026-01-14 17:55:40,412 - DSN - INFO - t=320: B=-2278.66, Cut=19, Best=853
2026-01-14 17:55:42,982 - DSN - INFO - t=360: B=-2277.11, Cut=-4, Best=853
2026-01-14 17:55:45,566 - DSN - INFO - t=400: B=-2276.49, Cut=842, Best=853 [LS]
2026-01-14 17:55:48,117 - DSN - INFO - t=440: B=-2275.03, Cut=-9, Best=853
2026-01-14 17:55:50,694 - DSN - INFO - t=480: B=-2274.70, Cut=26, Best=853
2026-01-14 17:55:51,932 - DSN - INFO - DSN GPU done in 31.11s | Cut=853
2026-01-14 17:55:51,934 - DSN - INFO - Results saved to: results/Gset/DSN_thorough/G20.csv
2026-01-14 17:55:51,934 - DSN - INFO - Cut: 853 | Bound: -2274.38 | Time: 31.11s
2026-01-14 17:55:51,934 - DSN - INFO - Initialized DSN_thorough | preset=thorough | GPU=True
2026-01-14 17:55:51,934 - DSN - INFO - Params: η=0.003, T=500, init=degree, LS=True
2026-01-14 17:55:51,934 - DSN - INFO - Using GPU solver (CuPy)
2026-01-14 17:55:51,935 - DSN - INFO - DSN GPU Solver: n=800, edges=4672
2026-01-14 17:55:51,935 - DSN - INFO - DSN GPU: T=500, η=0.003, LS=True
2026-01-14 17:55:51,962 - DSN - INFO - t=000: B=-5094.54, Cut=812, Best=812 [LS]
2026-01-14 17:55:53,710 - DSN - INFO - t=040: B=-2480.58, Cut=-21, Best=812
2026-01-14 17:55:56,107 - DSN - INFO - t=080: B=-2352.35, Cut=-32, Best=833
2026-01-14 17:55:58,620 - DSN - INFO - t=120: B=-2318.24, Cut=5, Best=833
2026-01-14 17:56:01,177 - DSN - INFO - t=160: B=-2302.05, Cut=5, Best=833
2026-01-14 17:56:03,707 - DSN - INFO - t=200: B=-2292.17, Cut=823, Best=833 [LS]
2026-01-14 17:56:06,272 - DSN - INFO - t=240: B=-2288.12, Cut=3, Best=833
2026-01-14 17:56:08,845 - DSN - INFO - t=280: B=-2280.53, Cut=-3, Best=833
2026-01-14 17:56:11,421 - DSN - INFO - t=320: B=-2279.86, Cut=2, Best=833
2026-01-14 17:56:13,989 - DSN - INFO - t=360: B=-2276.36, Cut=13, Best=833
2026-01-14 17:56:16,559 - DSN - INFO - t=400: B=-2275.36, Cut=829, Best=833 [LS]
2026-01-14 17:56:19,122 - DSN - INFO - t=440: B=-2274.55, Cut=0, Best=833
2026-01-14 17:56:21,687 - DSN - INFO - t=480: B=-2274.40, Cut=3, Best=833
2026-01-14 17:56:22,924 - DSN - INFO - DSN GPU done in 30.99s | Cut=833
2026-01-14 17:56:22,927 - DSN - INFO - Results saved to: results/Gset/DSN_thorough/G20.csv
2026-01-14 17:56:22,928 - DSN - INFO - Cut: 833 | Bound: -2273.56 | Time: 30.99s
2026-01-14 17:56:22,928 - DSN - INFO - Initialized DSN_thorough | preset=thorough | GPU=True
2026-01-14 17:56:22,928 - DSN - INFO - Params: η=0.003, T=500, init=degree, LS=True
2026-01-14 17:56:22,928 - DSN - INFO - Using GPU solver (CuPy)
2026-01-14 17:56:22,929 - DSN - INFO - DSN GPU Solver: n=800, edges=4672
2026-01-14 17:56:22,929 - DSN - INFO - DSN GPU: T=500, η=0.003, LS=True
2026-01-14 17:56:22,957 - DSN - INFO - t=000: B=-5094.54, Cut=828, Best=828 [LS]
2026-01-14 17:56:24,737 - DSN - INFO - t=040: B=-2476.78, Cut=-5, Best=828
2026-01-14 17:56:27,226 - DSN - INFO - t=080: B=-2353.44, Cut=-24, Best=828
2026-01-14 17:56:29,746 - DSN - INFO - t=120: B=-2314.16, Cut=-15, Best=835
2026-01-14 17:56:32,269 - DSN - INFO - t=160: B=-2298.21, Cut=2, Best=849
2026-01-14 17:56:34,824 - DSN - INFO - t=200: B=-2293.43, Cut=813, Best=849 [LS]
2026-01-14 17:56:37,350 - DSN - INFO - t=240: B=-2288.17, Cut=11, Best=849
2026-01-14 17:56:39,907 - DSN - INFO - t=280: B=-2281.46, Cut=-9, Best=849
2026-01-14 17:56:42,478 - DSN - INFO - t=320: B=-2279.25, Cut=6, Best=849
2026-01-14 17:56:45,043 - DSN - INFO - t=360: B=-2276.80, Cut=3, Best=850
2026-01-14 17:56:47,613 - DSN - INFO - t=400: B=-2275.10, Cut=834, Best=850 [LS]
2026-01-14 17:56:50,166 - DSN - INFO - t=440: B=-2274.45, Cut=-4, Best=850
2026-01-14 17:56:52,740 - DSN - INFO - t=480: B=-2274.15, Cut=-32, Best=850
2026-01-14 17:56:53,977 - DSN - INFO - DSN GPU done in 31.05s | Cut=856
2026-01-14 17:56:53,982 - DSN - INFO - Results saved to: results/Gset/DSN_thorough/G20.csv
2026-01-14 17:56:53,982 - DSN - INFO - Cut: 856 | Bound: -2273.68 | Time: 31.05s
2026-01-14 17:56:53,982 - DSN - INFO - Initialized DSN_thorough | preset=thorough | GPU=True
2026-01-14 17:56:53,982 - DSN - INFO - Params: η=0.003, T=500, init=degree, LS=True
2026-01-14 17:56:53,982 - DSN - INFO - Using GPU solver (CuPy)
2026-01-14 17:56:53,984 - DSN - INFO - DSN GPU Solver: n=800, edges=4672
2026-01-14 17:56:53,984 - DSN - INFO - DSN GPU: T=500, η=0.003, LS=True
2026-01-14 17:56:54,011 - DSN - INFO - t=000: B=-5094.54, Cut=798, Best=798 [LS]
2026-01-14 17:56:55,767 - DSN - INFO - t=040: B=-2478.91, Cut=12, Best=798
2026-01-14 17:56:58,191 - DSN - INFO - t=080: B=-2356.90, Cut=-7, Best=841
2026-01-14 17:57:00,735 - DSN - INFO - t=120: B=-2314.21, Cut=-1, Best=841
2026-01-14 17:57:03,306 - DSN - INFO - t=160: B=-2297.52, Cut=-5, Best=841
2026-01-14 17:57:05,842 - DSN - INFO - t=200: B=-2290.34, Cut=822, Best=841 [LS]
2026-01-14 17:57:08,406 - DSN - INFO - t=240: B=-2288.21, Cut=0, Best=841
2026-01-14 17:57:10,971 - DSN - INFO - t=280: B=-2283.51, Cut=-6, Best=841
2026-01-14 17:57:13,549 - DSN - INFO - t=320: B=-2281.09, Cut=-23, Best=841
2026-01-14 17:57:16,115 - DSN - INFO - t=360: B=-2276.35, Cut=-10, Best=841
2026-01-14 17:57:18,693 - DSN - INFO - t=400: B=-2275.64, Cut=833, Best=841 [LS]
2026-01-14 17:57:21,247 - DSN - INFO - t=440: B=-2274.29, Cut=17, Best=841
2026-01-14 17:57:23,817 - DSN - INFO - t=480: B=-2272.87, Cut=-11, Best=841
2026-01-14 17:57:25,049 - DSN - INFO - DSN GPU done in 31.06s | Cut=841
2026-01-14 17:57:25,052 - DSN - INFO - Results saved to: results/Gset/DSN_thorough/G20.csv
2026-01-14 17:57:25,052 - DSN - INFO - Cut: 841 | Bound: -2272.37 | Time: 31.07s
2026-01-14 17:57:25,053 - DSN - INFO - Initialized DSN_thorough | preset=thorough | GPU=True
2026-01-14 17:57:25,053 - DSN - INFO - Params: η=0.003, T=500, init=degree, LS=True
2026-01-14 17:57:25,053 - DSN - INFO - Using GPU solver (CuPy)
2026-01-14 17:57:25,054 - DSN - INFO - DSN GPU Solver: n=800, edges=4672
2026-01-14 17:57:25,054 - DSN - INFO - DSN GPU: T=500, η=0.003, LS=True
2026-01-14 17:57:25,082 - DSN - INFO - t=000: B=-5094.54, Cut=812, Best=812 [LS]
2026-01-14 17:57:26,851 - DSN - INFO - t=040: B=-2482.48, Cut=-4, Best=812
2026-01-14 17:57:29,335 - DSN - INFO - t=080: B=-2351.75, Cut=10, Best=844
2026-01-14 17:57:31,888 - DSN - INFO - t=120: B=-2314.52, Cut=1, Best=844
2026-01-14 17:57:34,442 - DSN - INFO - t=160: B=-2300.37, Cut=-1, Best=844
2026-01-14 17:57:37,003 - DSN - INFO - t=200: B=-2294.73, Cut=837, Best=844 [LS]
2026-01-14 17:57:39,523 - DSN - INFO - t=240: B=-2288.35, Cut=7, Best=844
2026-01-14 17:57:42,081 - DSN - INFO - t=280: B=-2284.50, Cut=-8, Best=844
2026-01-14 17:57:44,652 - DSN - INFO - t=320: B=-2278.61, Cut=5, Best=844
2026-01-14 17:57:47,224 - DSN - INFO - t=360: B=-2275.51, Cut=-2, Best=851
2026-01-14 17:57:49,796 - DSN - INFO - t=400: B=-2273.79, Cut=842, Best=851 [LS]
2026-01-14 17:57:52,351 - DSN - INFO - t=440: B=-2273.31, Cut=-23, Best=851
2026-01-14 17:57:54,919 - DSN - INFO - t=480: B=-2273.69, Cut=-4, Best=851
2026-01-14 17:57:56,147 - DSN - INFO - DSN GPU done in 31.09s | Cut=851
2026-01-14 17:57:56,152 - DSN - INFO - Results saved to: results/Gset/DSN_thorough/G20.csv
2026-01-14 17:57:56,152 - DSN - INFO - Cut: 851 | Bound: -2272.65 | Time: 31.09s
2026-01-14 17:57:56,152 - DSN - INFO - Initialized DSN_thorough | preset=thorough | GPU=True
2026-01-14 17:57:56,152 - DSN - INFO - Params: η=0.003, T=500, init=degree, LS=True
2026-01-14 17:57:56,152 - DSN - INFO - Using GPU solver (CuPy)
2026-01-14 17:57:56,154 - DSN - INFO - DSN GPU Solver: n=800, edges=4672
2026-01-14 17:57:56,154 - DSN - INFO - DSN GPU: T=500, η=0.003, LS=True
2026-01-14 17:57:56,181 - DSN - INFO - t=000: B=-5094.54, Cut=798, Best=798 [LS]
2026-01-14 17:57:57,930 - DSN - INFO - t=040: B=-2480.61, Cut=-20, Best=798
2026-01-14 17:58:00,420 - DSN - INFO - t=080: B=-2355.46, Cut=-3, Best=848
2026-01-14 17:58:02,967 - DSN - INFO - t=120: B=-2315.35, Cut=26, Best=848
2026-01-14 17:58:05,515 - DSN - INFO - t=160: B=-2298.64, Cut=1, Best=848
2026-01-14 17:58:08,032 - DSN - INFO - t=200: B=-2293.00, Cut=815, Best=848 [LS]
2026-01-14 17:58:10,575 - DSN - INFO - t=240: B=-2286.81, Cut=8, Best=848
2026-01-14 17:58:13,139 - DSN - INFO - t=280: B=-2280.57, Cut=-24, Best=848
2026-01-14 17:58:15,710 - DSN - INFO - t=320: B=-2277.86, Cut=3, Best=848
2026-01-14 17:58:18,279 - DSN - INFO - t=360: B=-2278.70, Cut=-10, Best=848
2026-01-14 17:58:20,846 - DSN - INFO - t=400: B=-2275.95, Cut=812, Best=848 [LS]
2026-01-14 17:58:23,404 - DSN - INFO - t=440: B=-2274.85, Cut=9, Best=848
2026-01-14 17:58:25,969 - DSN - INFO - t=480: B=-2273.68, Cut=-25, Best=848
2026-01-14 17:58:27,198 - DSN - INFO - DSN GPU done in 31.04s | Cut=848
2026-01-14 17:58:27,202 - DSN - INFO - Results saved to: results/Gset/DSN_thorough/G20.csv
2026-01-14 17:58:27,202 - DSN - INFO - Cut: 848 | Bound: -2272.91 | Time: 31.05s
2026-01-14 17:58:27,202 - DSN - INFO - Initialized DSN_thorough | preset=thorough | GPU=True
2026-01-14 17:58:27,202 - DSN - INFO - Params: η=0.003, T=500, init=degree, LS=True
2026-01-14 17:58:27,202 - DSN - INFO - Using GPU solver (CuPy)
2026-01-14 17:58:27,204 - DSN - INFO - DSN GPU Solver: n=800, edges=4672
2026-01-14 17:58:27,204 - DSN - INFO - DSN GPU: T=500, η=0.003, LS=True
2026-01-14 17:58:27,231 - DSN - INFO - t=000: B=-5094.54, Cut=801, Best=801 [LS]
2026-01-14 17:58:28,995 - DSN - INFO - t=040: B=-2479.77, Cut=12, Best=801
2026-01-14 17:58:31,426 - DSN - INFO - t=080: B=-2355.69, Cut=11, Best=851
2026-01-14 17:58:33,945 - DSN - INFO - t=120: B=-2315.63, Cut=-6, Best=851
2026-01-14 17:58:36,498 - DSN - INFO - t=160: B=-2299.34, Cut=-1, Best=851
2026-01-14 17:58:39,038 - DSN - INFO - t=200: B=-2289.53, Cut=835, Best=851 [LS]
2026-01-14 17:58:41,556 - DSN - INFO - t=240: B=-2288.04, Cut=1, Best=851
2026-01-14 17:58:44,109 - DSN - INFO - t=280: B=-2284.47, Cut=12, Best=851
2026-01-14 17:58:46,666 - DSN - INFO - t=320: B=-2278.30, Cut=-25, Best=851
2026-01-14 17:58:49,227 - DSN - INFO - t=360: B=-2276.02, Cut=6, Best=851
2026-01-14 17:58:51,788 - DSN - INFO - t=400: B=-2274.64, Cut=822, Best=851 [LS]
2026-01-14 17:58:54,339 - DSN - INFO - t=440: B=-2274.13, Cut=-13, Best=851
2026-01-14 17:58:56,899 - DSN - INFO - t=480: B=-2273.80, Cut=1, Best=851
2026-01-14 17:58:58,130 - DSN - INFO - DSN GPU done in 30.93s | Cut=851
2026-01-14 17:58:58,134 - DSN - INFO - Results saved to: results/Gset/DSN_thorough/G20.csv
2026-01-14 17:58:58,134 - DSN - INFO - Cut: 851 | Bound: -2273.56 | Time: 30.93s
2026-01-14 17:58:58,134 - DSN - INFO - Initialized DSN_thorough | preset=thorough | GPU=True
2026-01-14 17:58:58,134 - DSN - INFO - Params: η=0.003, T=500, init=degree, LS=True
2026-01-14 17:58:58,134 - DSN - INFO - Using GPU solver (CuPy)
2026-01-14 17:58:58,135 - DSN - INFO - DSN GPU Solver: n=800, edges=4672
2026-01-14 17:58:58,135 - DSN - INFO - DSN GPU: T=500, η=0.003, LS=True
2026-01-14 17:58:58,162 - DSN - INFO - t=000: B=-5094.54, Cut=812, Best=812 [LS]
2026-01-14 17:58:59,944 - DSN - INFO - t=040: B=-2478.75, Cut=-36, Best=812
2026-01-14 17:59:02,417 - DSN - INFO - t=080: B=-2356.36, Cut=-18, Best=823
2026-01-14 17:59:04,952 - DSN - INFO - t=120: B=-2314.80, Cut=-7, Best=834
2026-01-14 17:59:07,511 - DSN - INFO - t=160: B=-2297.23, Cut=0, Best=834
2026-01-14 17:59:10,061 - DSN - INFO - t=200: B=-2290.40, Cut=817, Best=834 [LS]
2026-01-14 17:59:12,612 - DSN - INFO - t=240: B=-2285.05, Cut=-18, Best=834
2026-01-14 17:59:15,177 - DSN - INFO - t=280: B=-2286.99, Cut=1, Best=834
2026-01-14 17:59:17,740 - DSN - INFO - t=320: B=-2281.42, Cut=8, Best=839
2026-01-14 17:59:20,305 - DSN - INFO - t=360: B=-2277.53, Cut=15, Best=839
2026-01-14 17:59:22,878 - DSN - INFO - t=400: B=-2275.30, Cut=809, Best=839 [LS]
2026-01-14 17:59:25,439 - DSN - INFO - t=440: B=-2273.47, Cut=0, Best=839
2026-01-14 17:59:28,002 - DSN - INFO - t=480: B=-2272.02, Cut=-16, Best=839
2026-01-14 17:59:29,230 - DSN - INFO - DSN GPU done in 31.09s | Cut=843
2026-01-14 17:59:29,234 - DSN - INFO - Results saved to: results/Gset/DSN_thorough/G20.csv
2026-01-14 17:59:29,234 - DSN - INFO - Cut: 843 | Bound: -2271.67 | Time: 31.10s
2026-01-14 17:59:29,234 - DSN - INFO - Initialized DSN_thorough | preset=thorough | GPU=True
2026-01-14 17:59:29,234 - DSN - INFO - Params: η=0.003, T=500, init=degree, LS=True
2026-01-14 17:59:29,234 - DSN - INFO - Using GPU solver (CuPy)
2026-01-14 17:59:29,235 - DSN - INFO - DSN GPU Solver: n=800, edges=4672
2026-01-14 17:59:29,235 - DSN - INFO - DSN GPU: T=500, η=0.003, LS=True
2026-01-14 17:59:29,263 - DSN - INFO - t=000: B=-5094.54, Cut=825, Best=825 [LS]
2026-01-14 17:59:31,024 - DSN - INFO - t=040: B=-2480.14, Cut=-11, Best=825
2026-01-14 17:59:33,505 - DSN - INFO - t=080: B=-2353.79, Cut=-7, Best=825
2026-01-14 17:59:36,061 - DSN - INFO - t=120: B=-2315.89, Cut=-2, Best=836
2026-01-14 17:59:38,606 - DSN - INFO - t=160: B=-2299.69, Cut=22, Best=849
2026-01-14 17:59:41,130 - DSN - INFO - t=200: B=-2291.61, Cut=800, Best=849 [LS]
2026-01-14 17:59:43,678 - DSN - INFO - t=240: B=-2288.46, Cut=8, Best=849
2026-01-14 17:59:46,220 - DSN - INFO - t=280: B=-2287.24, Cut=-1, Best=849
2026-01-14 17:59:48,770 - DSN - INFO - t=320: B=-2277.34, Cut=16, Best=849
2026-01-14 17:59:51,348 - DSN - INFO - t=360: B=-2278.02, Cut=3, Best=849
2026-01-14 17:59:53,915 - DSN - INFO - t=400: B=-2274.30, Cut=839, Best=849 [LS]
2026-01-14 17:59:56,470 - DSN - INFO - t=440: B=-2273.79, Cut=2, Best=849
2026-01-14 17:59:59,042 - DSN - INFO - t=480: B=-2273.04, Cut=2, Best=849
2026-01-14 18:00:00,273 - DSN - INFO - DSN GPU done in 31.04s | Cut=849
2026-01-14 18:00:00,277 - DSN - INFO - Results saved to: results/Gset/DSN_thorough/G20.csv
2026-01-14 18:00:00,277 - DSN - INFO - Cut: 849 | Bound: -2272.53 | Time: 31.04s
2026-01-14 18:00:00,277 - DSN - INFO - Initialized DSN_thorough | preset=thorough | GPU=True
2026-01-14 18:00:00,277 - DSN - INFO - Params: η=0.003, T=500, init=degree, LS=True
2026-01-14 18:00:00,277 - DSN - INFO - Using GPU solver (CuPy)
2026-01-14 18:00:00,279 - DSN - INFO - DSN GPU Solver: n=800, edges=4672
2026-01-14 18:00:00,279 - DSN - INFO - DSN GPU: T=500, η=0.003, LS=True
2026-01-14 18:00:00,307 - DSN - INFO - t=000: B=-5094.54, Cut=825, Best=825 [LS]
2026-01-14 18:00:02,072 - DSN - INFO - t=040: B=-2479.21, Cut=-28, Best=825
2026-01-14 18:00:04,560 - DSN - INFO - t=080: B=-2354.80, Cut=-24, Best=828
2026-01-14 18:00:07,081 - DSN - INFO - t=120: B=-2318.01, Cut=-12, Best=855
2026-01-14 18:00:09,636 - DSN - INFO - t=160: B=-2301.19, Cut=-7, Best=855
2026-01-14 18:00:12,170 - DSN - INFO - t=200: B=-2293.03, Cut=835, Best=855 [LS]
2026-01-14 18:00:14,710 - DSN - INFO - t=240: B=-2286.09, Cut=-22, Best=855
2026-01-14 18:00:17,263 - DSN - INFO - t=280: B=-2287.00, Cut=6, Best=855
2026-01-14 18:00:19,828 - DSN - INFO - t=320: B=-2277.55, Cut=2, Best=855
2026-01-14 18:00:22,401 - DSN - INFO - t=360: B=-2277.34, Cut=-2, Best=855
2026-01-14 18:00:24,964 - DSN - INFO - t=400: B=-2274.79, Cut=805, Best=855 [LS]
2026-01-14 18:00:27,523 - DSN - INFO - t=440: B=-2274.04, Cut=-23, Best=855
2026-01-14 18:00:30,085 - DSN - INFO - t=480: B=-2274.13, Cut=-8, Best=855
2026-01-14 18:00:31,320 - DSN - INFO - DSN GPU done in 31.04s | Cut=855
2026-01-14 18:00:31,324 - DSN - INFO - Results saved to: results/Gset/DSN_thorough/G20.csv
2026-01-14 18:00:31,324 - DSN - INFO - Cut: 855 | Bound: -2272.89 | Time: 31.04s
2026-01-14 18:00:31,332 - DSN - INFO - Initialized DSN_thorough | preset=thorough | GPU=True
2026-01-14 18:00:31,332 - DSN - INFO - Params: η=0.003, T=500, init=degree, LS=True
2026-01-14 18:00:31,332 - DSN - INFO - Using GPU solver (CuPy)
2026-01-14 18:00:31,333 - DSN - INFO - DSN GPU Solver: n=800, edges=4667
2026-01-14 18:00:31,333 - DSN - INFO - DSN GPU: T=500, η=0.003, LS=True
2026-01-14 18:00:31,360 - DSN - INFO - t=000: B=-5149.08, Cut=831, Best=831 [LS]
2026-01-14 18:00:33,106 - DSN - INFO - t=040: B=-2486.35, Cut=-4, Best=831
2026-01-14 18:00:35,627 - DSN - INFO - t=080: B=-2361.30, Cut=-16, Best=852
2026-01-14 18:00:38,195 - DSN - INFO - t=120: B=-2321.03, Cut=0, Best=852
2026-01-14 18:00:40,740 - DSN - INFO - t=160: B=-2307.48, Cut=-11, Best=852
2026-01-14 18:00:43,310 - DSN - INFO - t=200: B=-2297.44, Cut=840, Best=852 [LS]
2026-01-14 18:00:45,838 - DSN - INFO - t=240: B=-2293.12, Cut=1, Best=852
2026-01-14 18:00:48,416 - DSN - INFO - t=280: B=-2294.58, Cut=27, Best=852
2026-01-14 18:00:50,955 - DSN - INFO - t=320: B=-2290.15, Cut=-9, Best=852
2026-01-14 18:00:53,522 - DSN - INFO - t=360: B=-2284.37, Cut=5, Best=852
2026-01-14 18:00:56,089 - DSN - INFO - t=400: B=-2280.35, Cut=838, Best=852 [LS]
2026-01-14 18:00:58,652 - DSN - INFO - t=440: B=-2281.26, Cut=22, Best=852
2026-01-14 18:01:01,228 - DSN - INFO - t=480: B=-2279.94, Cut=3, Best=852
2026-01-14 18:01:02,456 - DSN - INFO - DSN GPU done in 31.12s | Cut=852
2026-01-14 18:01:02,458 - DSN - INFO - Results saved to: results/Gset/DSN_thorough/G21.csv
2026-01-14 18:01:02,458 - DSN - INFO - Cut: 852 | Bound: -2278.75 | Time: 31.12s
2026-01-14 18:01:02,458 - DSN - INFO - Initialized DSN_thorough | preset=thorough | GPU=True
2026-01-14 18:01:02,458 - DSN - INFO - Params: η=0.003, T=500, init=degree, LS=True
2026-01-14 18:01:02,458 - DSN - INFO - Using GPU solver (CuPy)
2026-01-14 18:01:02,460 - DSN - INFO - DSN GPU Solver: n=800, edges=4667
2026-01-14 18:01:02,460 - DSN - INFO - DSN GPU: T=500, η=0.003, LS=True
2026-01-14 18:01:02,497 - DSN - INFO - t=000: B=-5149.08, Cut=809, Best=809 [LS]
2026-01-14 18:01:04,245 - DSN - INFO - t=040: B=-2486.55, Cut=27, Best=809
2026-01-14 18:01:06,713 - DSN - INFO - t=080: B=-2362.71, Cut=13, Best=809
2026-01-14 18:01:09,257 - DSN - INFO - t=120: B=-2322.40, Cut=-42, Best=810
2026-01-14 18:01:11,834 - DSN - INFO - t=160: B=-2309.70, Cut=3, Best=840
2026-01-14 18:01:14,409 - DSN - INFO - t=200: B=-2295.40, Cut=799, Best=840 [LS]
2026-01-14 18:01:16,962 - DSN - INFO - t=240: B=-2295.64, Cut=45, Best=840
2026-01-14 18:01:19,537 - DSN - INFO - t=280: B=-2292.83, Cut=5, Best=849
2026-01-14 18:01:22,110 - DSN - INFO - t=320: B=-2291.09, Cut=11, Best=849
2026-01-14 18:01:24,674 - DSN - INFO - t=360: B=-2283.91, Cut=4, Best=852
2026-01-14 18:01:27,248 - DSN - INFO - t=400: B=-2280.58, Cut=836, Best=852 [LS]
2026-01-14 18:01:29,808 - DSN - INFO - t=440: B=-2279.30, Cut=11, Best=852
2026-01-14 18:01:32,379 - DSN - INFO - t=480: B=-2279.15, Cut=-8, Best=852
2026-01-14 18:01:33,615 - DSN - INFO - DSN GPU done in 31.16s | Cut=852
2026-01-14 18:01:33,618 - DSN - INFO - Results saved to: results/Gset/DSN_thorough/G21.csv
2026-01-14 18:01:33,618 - DSN - INFO - Cut: 852 | Bound: -2278.49 | Time: 31.16s
2026-01-14 18:01:33,618 - DSN - INFO - Initialized DSN_thorough | preset=thorough | GPU=True
2026-01-14 18:01:33,618 - DSN - INFO - Params: η=0.003, T=500, init=degree, LS=True
2026-01-14 18:01:33,618 - DSN - INFO - Using GPU solver (CuPy)
2026-01-14 18:01:33,620 - DSN - INFO - DSN GPU Solver: n=800, edges=4667
2026-01-14 18:01:33,620 - DSN - INFO - DSN GPU: T=500, η=0.003, LS=True
2026-01-14 18:01:33,648 - DSN - INFO - t=000: B=-5149.08, Cut=833, Best=833 [LS]
2026-01-14 18:01:35,400 - DSN - INFO - t=040: B=-2486.73, Cut=27, Best=833
2026-01-14 18:01:37,873 - DSN - INFO - t=080: B=-2367.44, Cut=-4, Best=872
2026-01-14 18:01:40,455 - DSN - INFO - t=120: B=-2322.25, Cut=-1, Best=872
2026-01-14 18:01:42,989 - DSN - INFO - t=160: B=-2307.54, Cut=32, Best=872
2026-01-14 18:01:45,558 - DSN - INFO - t=200: B=-2299.87, Cut=825, Best=872 [LS]
2026-01-14 18:01:48,119 - DSN - INFO - t=240: B=-2292.56, Cut=23, Best=872
2026-01-14 18:01:50,692 - DSN - INFO - t=280: B=-2288.06, Cut=12, Best=872
2026-01-14 18:01:53,275 - DSN - INFO - t=320: B=-2286.62, Cut=5, Best=872
2026-01-14 18:01:55,847 - DSN - INFO - t=360: B=-2287.44, Cut=5, Best=872
2026-01-14 18:01:58,415 - DSN - INFO - t=400: B=-2283.42, Cut=830, Best=872 [LS]
2026-01-14 18:02:00,963 - DSN - INFO - t=440: B=-2282.22, Cut=20, Best=872
2026-01-14 18:02:03,540 - DSN - INFO - t=480: B=-2282.10, Cut=23, Best=872
2026-01-14 18:02:04,776 - DSN - INFO - DSN GPU done in 31.16s | Cut=872
2026-01-14 18:02:04,781 - DSN - INFO - Results saved to: results/Gset/DSN_thorough/G21.csv
2026-01-14 18:02:04,781 - DSN - INFO - Cut: 872 | Bound: -2281.32 | Time: 31.16s
2026-01-14 18:02:04,781 - DSN - INFO - Initialized DSN_thorough | preset=thorough | GPU=True
2026-01-14 18:02:04,781 - DSN - INFO - Params: η=0.003, T=500, init=degree, LS=True
2026-01-14 18:02:04,781 - DSN - INFO - Using GPU solver (CuPy)
2026-01-14 18:02:04,782 - DSN - INFO - DSN GPU Solver: n=800, edges=4667
2026-01-14 18:02:04,783 - DSN - INFO - DSN GPU: T=500, η=0.003, LS=True
2026-01-14 18:02:04,811 - DSN - INFO - t=000: B=-5149.08, Cut=828, Best=828 [LS]
2026-01-14 18:02:06,563 - DSN - INFO - t=040: B=-2486.23, Cut=30, Best=828
2026-01-14 18:02:09,057 - DSN - INFO - t=080: B=-2359.74, Cut=-2, Best=843
2026-01-14 18:02:11,600 - DSN - INFO - t=120: B=-2325.26, Cut=15, Best=843
2026-01-14 18:02:14,146 - DSN - INFO - t=160: B=-2306.78, Cut=4, Best=851
2026-01-14 18:02:16,720 - DSN - INFO - t=200: B=-2299.06, Cut=834, Best=851 [LS]
2026-01-14 18:02:19,268 - DSN - INFO - t=240: B=-2292.12, Cut=-8, Best=851
2026-01-14 18:02:21,826 - DSN - INFO - t=280: B=-2290.64, Cut=23, Best=851
2026-01-14 18:02:24,393 - DSN - INFO - t=320: B=-2285.37, Cut=1, Best=866
2026-01-14 18:02:26,952 - DSN - INFO - t=360: B=-2284.36, Cut=3, Best=866
2026-01-14 18:02:29,529 - DSN - INFO - t=400: B=-2283.35, Cut=832, Best=866 [LS]
2026-01-14 18:02:32,081 - DSN - INFO - t=440: B=-2280.36, Cut=14, Best=866
2026-01-14 18:02:34,653 - DSN - INFO - t=480: B=-2279.40, Cut=20, Best=866
2026-01-14 18:02:35,884 - DSN - INFO - DSN GPU done in 31.10s | Cut=866
2026-01-14 18:02:35,888 - DSN - INFO - Results saved to: results/Gset/DSN_thorough/G21.csv
2026-01-14 18:02:35,888 - DSN - INFO - Cut: 866 | Bound: -2278.91 | Time: 31.10s
2026-01-14 18:02:35,888 - DSN - INFO - Initialized DSN_thorough | preset=thorough | GPU=True
2026-01-14 18:02:35,888 - DSN - INFO - Params: η=0.003, T=500, init=degree, LS=True
2026-01-14 18:02:35,888 - DSN - INFO - Using GPU solver (CuPy)
2026-01-14 18:02:35,890 - DSN - INFO - DSN GPU Solver: n=800, edges=4667
2026-01-14 18:02:35,890 - DSN - INFO - DSN GPU: T=500, η=0.003, LS=True
2026-01-14 18:02:35,917 - DSN - INFO - t=000: B=-5149.08, Cut=819, Best=819 [LS]
2026-01-14 18:02:37,664 - DSN - INFO - t=040: B=-2486.29, Cut=3, Best=819
2026-01-14 18:02:40,152 - DSN - INFO - t=080: B=-2362.22, Cut=10, Best=836
2026-01-14 18:02:42,698 - DSN - INFO - t=120: B=-2323.56, Cut=2, Best=836
2026-01-14 18:02:45,277 - DSN - INFO - t=160: B=-2306.09, Cut=1, Best=836
2026-01-14 18:02:47,827 - DSN - INFO - t=200: B=-2296.85, Cut=834, Best=836 [LS]
2026-01-14 18:02:50,399 - DSN - INFO - t=240: B=-2293.39, Cut=-1, Best=836
2026-01-14 18:02:52,976 - DSN - INFO - t=280: B=-2288.03, Cut=12, Best=836
2026-01-14 18:02:55,551 - DSN - INFO - t=320: B=-2286.24, Cut=5, Best=844
2026-01-14 18:02:58,121 - DSN - INFO - t=360: B=-2285.84, Cut=9, Best=844
2026-01-14 18:03:00,706 - DSN - INFO - t=400: B=-2284.62, Cut=842, Best=844 [LS]
2026-01-14 18:03:03,268 - DSN - INFO - t=440: B=-2284.18, Cut=0, Best=844
2026-01-14 18:03:05,845 - DSN - INFO - t=480: B=-2280.90, Cut=1, Best=844
2026-01-14 18:03:07,081 - DSN - INFO - DSN GPU done in 31.19s | Cut=844
2026-01-14 18:03:07,085 - DSN - INFO - Results saved to: results/Gset/DSN_thorough/G21.csv
2026-01-14 18:03:07,085 - DSN - INFO - Cut: 844 | Bound: -2279.69 | Time: 31.19s
2026-01-14 18:03:07,085 - DSN - INFO - Initialized DSN_thorough | preset=thorough | GPU=True
2026-01-14 18:03:07,085 - DSN - INFO - Params: η=0.003, T=500, init=degree, LS=True
2026-01-14 18:03:07,085 - DSN - INFO - Using GPU solver (CuPy)
2026-01-14 18:03:07,086 - DSN - INFO - DSN GPU Solver: n=800, edges=4667
2026-01-14 18:03:07,086 - DSN - INFO - DSN GPU: T=500, η=0.003, LS=True
2026-01-14 18:03:07,122 - DSN - INFO - t=000: B=-5149.08, Cut=831, Best=831 [LS]
2026-01-14 18:03:08,868 - DSN - INFO - t=040: B=-2486.29, Cut=29, Best=831
2026-01-14 18:03:11,327 - DSN - INFO - t=080: B=-2358.06, Cut=-1, Best=840
2026-01-14 18:03:13,857 - DSN - INFO - t=120: B=-2323.25, Cut=4, Best=840
2026-01-14 18:03:16,433 - DSN - INFO - t=160: B=-2306.63, Cut=6, Best=845
2026-01-14 18:03:18,976 - DSN - INFO - t=200: B=-2300.46, Cut=837, Best=845 [LS]
2026-01-14 18:03:21,531 - DSN - INFO - t=240: B=-2296.38, Cut=7, Best=845
2026-01-14 18:03:24,101 - DSN - INFO - t=280: B=-2288.73, Cut=-14, Best=845
2026-01-14 18:03:26,673 - DSN - INFO - t=320: B=-2285.10, Cut=20, Best=860
2026-01-14 18:03:29,251 - DSN - INFO - t=360: B=-2283.26, Cut=40, Best=860
2026-01-14 18:03:31,827 - DSN - INFO - t=400: B=-2283.13, Cut=838, Best=860 [LS]
2026-01-14 18:03:34,386 - DSN - INFO - t=440: B=-2282.20, Cut=20, Best=860
2026-01-14 18:03:36,957 - DSN - INFO - t=480: B=-2281.77, Cut=34, Best=860
2026-01-14 18:03:38,192 - DSN - INFO - DSN GPU done in 31.11s | Cut=860
2026-01-14 18:03:38,198 - DSN - INFO - Results saved to: results/Gset/DSN_thorough/G21.csv
2026-01-14 18:03:38,198 - DSN - INFO - Cut: 860 | Bound: -2281.77 | Time: 31.11s
2026-01-14 18:03:38,198 - DSN - INFO - Initialized DSN_thorough | preset=thorough | GPU=True
2026-01-14 18:03:38,198 - DSN - INFO - Params: η=0.003, T=500, init=degree, LS=True
2026-01-14 18:03:38,198 - DSN - INFO - Using GPU solver (CuPy)
2026-01-14 18:03:38,199 - DSN - INFO - DSN GPU Solver: n=800, edges=4667
2026-01-14 18:03:38,199 - DSN - INFO - DSN GPU: T=500, η=0.003, LS=True
2026-01-14 18:03:38,228 - DSN - INFO - t=000: B=-5149.08, Cut=821, Best=821 [LS]
2026-01-14 18:03:39,980 - DSN - INFO - t=040: B=-2486.99, Cut=27, Best=821
2026-01-14 18:03:42,465 - DSN - INFO - t=080: B=-2362.12, Cut=24, Best=827
2026-01-14 18:03:45,022 - DSN - INFO - t=120: B=-2321.91, Cut=5, Best=842
2026-01-14 18:03:47,586 - DSN - INFO - t=160: B=-2304.48, Cut=49, Best=842
2026-01-14 18:03:50,143 - DSN - INFO - t=200: B=-2298.07, Cut=842, Best=842 [LS]
2026-01-14 18:03:52,693 - DSN - INFO - t=240: B=-2296.29, Cut=35, Best=842
2026-01-14 18:03:55,250 - DSN - INFO - t=280: B=-2286.79, Cut=16, Best=842
2026-01-14 18:03:57,824 - DSN - INFO - t=320: B=-2286.19, Cut=15, Best=842
2026-01-14 18:04:00,394 - DSN - INFO - t=360: B=-2285.52, Cut=21, Best=842
2026-01-14 18:04:02,965 - DSN - INFO - t=400: B=-2281.97, Cut=844, Best=844 [LS]
2026-01-14 18:04:05,519 - DSN - INFO - t=440: B=-2280.83, Cut=14, Best=844
2026-01-14 18:04:08,089 - DSN - INFO - t=480: B=-2280.45, Cut=13, Best=844
2026-01-14 18:04:09,321 - DSN - INFO - DSN GPU done in 31.12s | Cut=844
2026-01-14 18:04:09,325 - DSN - INFO - Results saved to: results/Gset/DSN_thorough/G21.csv
2026-01-14 18:04:09,325 - DSN - INFO - Cut: 844 | Bound: -2279.96 | Time: 31.12s
2026-01-14 18:04:09,325 - DSN - INFO - Initialized DSN_thorough | preset=thorough | GPU=True
2026-01-14 18:04:09,325 - DSN - INFO - Params: η=0.003, T=500, init=degree, LS=True
2026-01-14 18:04:09,326 - DSN - INFO - Using GPU solver (CuPy)
2026-01-14 18:04:09,327 - DSN - INFO - DSN GPU Solver: n=800, edges=4667
2026-01-14 18:04:09,327 - DSN - INFO - DSN GPU: T=500, η=0.003, LS=True
2026-01-14 18:04:09,355 - DSN - INFO - t=000: B=-5149.08, Cut=815, Best=815 [LS]
2026-01-14 18:04:11,086 - DSN - INFO - t=040: B=-2487.10, Cut=0, Best=815
2026-01-14 18:04:13,567 - DSN - INFO - t=080: B=-2360.56, Cut=22, Best=823
2026-01-14 18:04:16,120 - DSN - INFO - t=120: B=-2322.31, Cut=39, Best=823
2026-01-14 18:04:18,695 - DSN - INFO - t=160: B=-2307.22, Cut=17, Best=834
2026-01-14 18:04:21,247 - DSN - INFO - t=200: B=-2298.94, Cut=839, Best=839 [LS]
2026-01-14 18:04:23,804 - DSN - INFO - t=240: B=-2294.07, Cut=11, Best=839
2026-01-14 18:04:26,360 - DSN - INFO - t=280: B=-2292.23, Cut=17, Best=839
2026-01-14 18:04:28,935 - DSN - INFO - t=320: B=-2286.06, Cut=-11, Best=848
2026-01-14 18:04:31,507 - DSN - INFO - t=360: B=-2282.39, Cut=45, Best=848
2026-01-14 18:04:34,094 - DSN - INFO - t=400: B=-2281.55, Cut=815, Best=848 [LS]
2026-01-14 18:04:36,651 - DSN - INFO - t=440: B=-2280.98, Cut=18, Best=848
2026-01-14 18:04:39,218 - DSN - INFO - t=480: B=-2280.72, Cut=20, Best=860
2026-01-14 18:04:40,454 - DSN - INFO - DSN GPU done in 31.13s | Cut=860
2026-01-14 18:04:40,458 - DSN - INFO - Results saved to: results/Gset/DSN_thorough/G21.csv
2026-01-14 18:04:40,458 - DSN - INFO - Cut: 860 | Bound: -2280.20 | Time: 31.13s
2026-01-14 18:04:40,458 - DSN - INFO - Initialized DSN_thorough | preset=thorough | GPU=True
2026-01-14 18:04:40,458 - DSN - INFO - Params: η=0.003, T=500, init=degree, LS=True
2026-01-14 18:04:40,458 - DSN - INFO - Using GPU solver (CuPy)
2026-01-14 18:04:40,460 - DSN - INFO - DSN GPU Solver: n=800, edges=4667
2026-01-14 18:04:40,460 - DSN - INFO - DSN GPU: T=500, η=0.003, LS=True
2026-01-14 18:04:40,487 - DSN - INFO - t=000: B=-5149.08, Cut=831, Best=831 [LS]
2026-01-14 18:04:42,228 - DSN - INFO - t=040: B=-2486.91, Cut=27, Best=831
2026-01-14 18:04:44,731 - DSN - INFO - t=080: B=-2362.50, Cut=24, Best=852
2026-01-14 18:04:47,255 - DSN - INFO - t=120: B=-2324.86, Cut=14, Best=852
2026-01-14 18:04:49,825 - DSN - INFO - t=160: B=-2307.37, Cut=12, Best=852
2026-01-14 18:04:52,385 - DSN - INFO - t=200: B=-2298.61, Cut=834, Best=852 [LS]
2026-01-14 18:04:54,917 - DSN - INFO - t=240: B=-2293.27, Cut=1, Best=852
2026-01-14 18:04:57,487 - DSN - INFO - t=280: B=-2289.77, Cut=26, Best=852
2026-01-14 18:05:00,072 - DSN - INFO - t=320: B=-2286.56, Cut=-7, Best=852
2026-01-14 18:05:02,639 - DSN - INFO - t=360: B=-2284.37, Cut=10, Best=852
2026-01-14 18:05:05,221 - DSN - INFO - t=400: B=-2283.42, Cut=832, Best=852 [LS]
2026-01-14 18:05:07,784 - DSN - INFO - t=440: B=-2283.05, Cut=10, Best=852
2026-01-14 18:05:10,358 - DSN - INFO - t=480: B=-2281.63, Cut=-5, Best=865
2026-01-14 18:05:11,594 - DSN - INFO - DSN GPU done in 31.13s | Cut=865
2026-01-14 18:05:11,597 - DSN - INFO - Results saved to: results/Gset/DSN_thorough/G21.csv
2026-01-14 18:05:11,598 - DSN - INFO - Cut: 865 | Bound: -2280.88 | Time: 31.14s
2026-01-14 18:05:11,598 - DSN - INFO - Initialized DSN_thorough | preset=thorough | GPU=True
2026-01-14 18:05:11,598 - DSN - INFO - Params: η=0.003, T=500, init=degree, LS=True
2026-01-14 18:05:11,598 - DSN - INFO - Using GPU solver (CuPy)
2026-01-14 18:05:11,599 - DSN - INFO - DSN GPU Solver: n=800, edges=4667
2026-01-14 18:05:11,599 - DSN - INFO - DSN GPU: T=500, η=0.003, LS=True
2026-01-14 18:05:11,628 - DSN - INFO - t=000: B=-5149.08, Cut=833, Best=833 [LS]
2026-01-14 18:05:13,376 - DSN - INFO - t=040: B=-2486.39, Cut=27, Best=833
2026-01-14 18:05:15,871 - DSN - INFO - t=080: B=-2363.28, Cut=-3, Best=842
2026-01-14 18:05:18,404 - DSN - INFO - t=120: B=-2323.94, Cut=8, Best=842
2026-01-14 18:05:20,973 - DSN - INFO - t=160: B=-2306.33, Cut=-1, Best=842
2026-01-14 18:05:23,532 - DSN - INFO - t=200: B=-2299.43, Cut=807, Best=842 [LS]
2026-01-14 18:05:26,089 - DSN - INFO - t=240: B=-2293.65, Cut=12, Best=842
2026-01-14 18:05:28,664 - DSN - INFO - t=280: B=-2289.98, Cut=14, Best=845
2026-01-14 18:05:31,239 - DSN - INFO - t=320: B=-2286.47, Cut=12, Best=845
2026-01-14 18:05:33,810 - DSN - INFO - t=360: B=-2283.67, Cut=14, Best=845
2026-01-14 18:05:36,382 - DSN - INFO - t=400: B=-2281.86, Cut=836, Best=845 [LS]
2026-01-14 18:05:38,935 - DSN - INFO - t=440: B=-2281.71, Cut=20, Best=845
2026-01-14 18:05:41,509 - DSN - INFO - t=480: B=-2281.59, Cut=21, Best=845
2026-01-14 18:05:42,739 - DSN - INFO - DSN GPU done in 31.14s | Cut=845
2026-01-14 18:05:42,743 - DSN - INFO - Results saved to: results/Gset/DSN_thorough/G21.csv
2026-01-14 18:05:42,743 - DSN - INFO - Cut: 845 | Bound: -2279.42 | Time: 31.14s
2026-01-14 18:05:42,774 - DSN - INFO - Initialized DSN_thorough | preset=thorough | GPU=True
2026-01-14 18:05:42,774 - DSN - INFO - Params: η=0.003, T=500, init=degree, LS=True
2026-01-14 18:05:42,774 - DSN - INFO - Using GPU solver (CuPy)
2026-01-14 18:05:42,776 - DSN - INFO - DSN GPU Solver: n=2000, edges=19990
2026-01-14 18:05:42,776 - DSN - INFO - DSN GPU: T=500, η=0.003, LS=True
2026-01-14 18:05:42,922 - DSN - INFO - t=000: B=-21076.08, Cut=12869, Best=12869 [LS]
2026-01-14 18:05:43,458 - DSN - INFO - t=040: B=-19999.13, Cut=0, Best=12869
2026-01-14 18:05:44,117 - DSN - INFO - t=080: B=-19990.26, Cut=0, Best=12869
2026-01-14 18:05:44,778 - DSN - INFO - t=120: B=-19990.01, Cut=0, Best=12869
2026-01-14 18:05:45,429 - DSN - INFO - t=160: B=-19990.00, Cut=0, Best=12869
2026-01-14 18:05:46,072 - DSN - INFO - t=200: B=-19990.00, Cut=12832, Best=12869 [LS]
2026-01-14 18:05:46,596 - DSN - INFO - t=240: B=-19990.00, Cut=0, Best=12869
2026-01-14 18:05:47,247 - DSN - INFO - t=280: B=-19990.00, Cut=0, Best=12869
2026-01-14 18:05:47,898 - DSN - INFO - t=320: B=-19990.00, Cut=0, Best=12869
2026-01-14 18:05:48,532 - DSN - INFO - t=360: B=-19990.00, Cut=0, Best=12869
2026-01-14 18:05:49,164 - DSN - INFO - t=400: B=-19990.00, Cut=12832, Best=12869 [LS]
2026-01-14 18:05:49,677 - DSN - INFO - t=440: B=-19990.00, Cut=0, Best=12869
2026-01-14 18:05:50,312 - DSN - INFO - t=480: B=-19990.00, Cut=0, Best=12869
2026-01-14 18:05:50,680 - DSN - INFO - DSN GPU done in 7.90s | Cut=12869
2026-01-14 18:05:50,682 - DSN - INFO - Results saved to: results/Gset/DSN_thorough/G22.csv
2026-01-14 18:05:50,682 - DSN - INFO - Cut: 12869 | Bound: -19990.00 | Time: 7.91s
2026-01-14 18:05:50,682 - DSN - INFO - Initialized DSN_thorough | preset=thorough | GPU=True
2026-01-14 18:05:50,682 - DSN - INFO - Params: η=0.003, T=500, init=degree, LS=True
2026-01-14 18:05:50,682 - DSN - INFO - Using GPU solver (CuPy)
2026-01-14 18:05:50,685 - DSN - INFO - DSN GPU Solver: n=2000, edges=19990
2026-01-14 18:05:50,685 - DSN - INFO - DSN GPU: T=500, η=0.003, LS=True
2026-01-14 18:05:50,828 - DSN - INFO - t=000: B=-21076.08, Cut=12944, Best=12944 [LS]
2026-01-14 18:05:51,365 - DSN - INFO - t=040: B=-19999.13, Cut=0, Best=12944
2026-01-14 18:05:52,022 - DSN - INFO - t=080: B=-19990.26, Cut=0, Best=12944
2026-01-14 18:05:52,675 - DSN - INFO - t=120: B=-19990.01, Cut=0, Best=12944
2026-01-14 18:05:53,321 - DSN - INFO - t=160: B=-19990.00, Cut=0, Best=12944
2026-01-14 18:05:53,976 - DSN - INFO - t=200: B=-19990.00, Cut=12832, Best=12944 [LS]
2026-01-14 18:05:54,505 - DSN - INFO - t=240: B=-19990.00, Cut=0, Best=12944
2026-01-14 18:05:55,165 - DSN - INFO - t=280: B=-19990.00, Cut=0, Best=12944
2026-01-14 18:05:55,826 - DSN - INFO - t=320: B=-19990.00, Cut=0, Best=12944
2026-01-14 18:05:56,496 - DSN - INFO - t=360: B=-19990.00, Cut=0, Best=12944
2026-01-14 18:05:57,177 - DSN - INFO - t=400: B=-19990.00, Cut=12832, Best=12944 [LS]
2026-01-14 18:05:57,745 - DSN - INFO - t=440: B=-19990.00, Cut=0, Best=12944
2026-01-14 18:05:58,453 - DSN - INFO - t=480: B=-19990.00, Cut=0, Best=12944
2026-01-14 18:05:58,860 - DSN - INFO - DSN GPU done in 8.18s | Cut=12944
2026-01-14 18:05:58,863 - DSN - INFO - Results saved to: results/Gset/DSN_thorough/G22.csv
2026-01-14 18:05:58,863 - DSN - INFO - Cut: 12944 | Bound: -19990.00 | Time: 8.18s
2026-01-14 18:05:58,864 - DSN - INFO - Initialized DSN_thorough | preset=thorough | GPU=True
2026-01-14 18:05:58,864 - DSN - INFO - Params: η=0.003, T=500, init=degree, LS=True
2026-01-14 18:05:58,864 - DSN - INFO - Using GPU solver (CuPy)
2026-01-14 18:05:58,866 - DSN - INFO - DSN GPU Solver: n=2000, edges=19990
2026-01-14 18:05:58,867 - DSN - INFO - DSN GPU: T=500, η=0.003, LS=True
2026-01-14 18:05:58,990 - DSN - INFO - t=000: B=-21076.08, Cut=12867, Best=12867 [LS]
2026-01-14 18:05:59,527 - DSN - INFO - t=040: B=-19999.13, Cut=0, Best=12867
2026-01-14 18:06:00,185 - DSN - INFO - t=080: B=-19990.26, Cut=0, Best=12867
2026-01-14 18:06:00,846 - DSN - INFO - t=120: B=-19990.01, Cut=0, Best=12867
2026-01-14 18:06:01,494 - DSN - INFO - t=160: B=-19990.00, Cut=0, Best=12867
2026-01-14 18:06:02,165 - DSN - INFO - t=200: B=-19990.00, Cut=12832, Best=12867 [LS]
2026-01-14 18:06:02,700 - DSN - INFO - t=240: B=-19990.00, Cut=0, Best=12867
2026-01-14 18:06:03,343 - DSN - INFO - t=280: B=-19990.00, Cut=0, Best=12867
2026-01-14 18:06:03,978 - DSN - INFO - t=320: B=-19990.00, Cut=0, Best=12867
2026-01-14 18:06:04,614 - DSN - INFO - t=360: B=-19990.00, Cut=0, Best=12867
2026-01-14 18:06:05,249 - DSN - INFO - t=400: B=-19990.00, Cut=12832, Best=12867 [LS]
2026-01-14 18:06:05,759 - DSN - INFO - t=440: B=-19990.00, Cut=0, Best=12867
2026-01-14 18:06:06,388 - DSN - INFO - t=480: B=-19990.00, Cut=0, Best=12867
2026-01-14 18:06:06,752 - DSN - INFO - DSN GPU done in 7.89s | Cut=12867
2026-01-14 18:06:06,755 - DSN - INFO - Results saved to: results/Gset/DSN_thorough/G22.csv
2026-01-14 18:06:06,755 - DSN - INFO - Cut: 12867 | Bound: -19990.00 | Time: 7.89s
2026-01-14 18:06:06,755 - DSN - INFO - Initialized DSN_thorough | preset=thorough | GPU=True
2026-01-14 18:06:06,756 - DSN - INFO - Params: η=0.003, T=500, init=degree, LS=True
2026-01-14 18:06:06,756 - DSN - INFO - Using GPU solver (CuPy)
2026-01-14 18:06:06,758 - DSN - INFO - DSN GPU Solver: n=2000, edges=19990
2026-01-14 18:06:06,758 - DSN - INFO - DSN GPU: T=500, η=0.003, LS=True
2026-01-14 18:06:06,889 - DSN - INFO - t=000: B=-21076.08, Cut=12789, Best=12789 [LS]
2026-01-14 18:06:07,430 - DSN - INFO - t=040: B=-19999.13, Cut=0, Best=12789
2026-01-14 18:06:08,093 - DSN - INFO - t=080: B=-19990.26, Cut=0, Best=12832
2026-01-14 18:06:08,750 - DSN - INFO - t=120: B=-19990.01, Cut=0, Best=12832
2026-01-14 18:06:09,396 - DSN - INFO - t=160: B=-19990.00, Cut=0, Best=12832
2026-01-14 18:06:10,063 - DSN - INFO - t=200: B=-19990.00, Cut=12832, Best=12832 [LS]
2026-01-14 18:06:10,608 - DSN - INFO - t=240: B=-19990.00, Cut=0, Best=12832
2026-01-14 18:06:11,256 - DSN - INFO - t=280: B=-19990.00, Cut=0, Best=12832
2026-01-14 18:06:11,892 - DSN - INFO - t=320: B=-19990.00, Cut=0, Best=12832
2026-01-14 18:06:12,527 - DSN - INFO - t=360: B=-19990.00, Cut=0, Best=12832
2026-01-14 18:06:13,161 - DSN - INFO - t=400: B=-19990.00, Cut=12832, Best=12832 [LS]
2026-01-14 18:06:13,678 - DSN - INFO - t=440: B=-19990.00, Cut=0, Best=12832
2026-01-14 18:06:14,313 - DSN - INFO - t=480: B=-19990.00, Cut=0, Best=12832
2026-01-14 18:06:14,683 - DSN - INFO - DSN GPU done in 7.92s | Cut=12832
2026-01-14 18:06:14,687 - DSN - INFO - Results saved to: results/Gset/DSN_thorough/G22.csv
2026-01-14 18:06:14,687 - DSN - INFO - Cut: 12832 | Bound: -19990.00 | Time: 7.93s
2026-01-14 18:06:14,687 - DSN - INFO - Initialized DSN_thorough | preset=thorough | GPU=True
2026-01-14 18:06:14,687 - DSN - INFO - Params: η=0.003, T=500, init=degree, LS=True
2026-01-14 18:06:14,687 - DSN - INFO - Using GPU solver (CuPy)
2026-01-14 18:06:14,689 - DSN - INFO - DSN GPU Solver: n=2000, edges=19990
2026-01-14 18:06:14,689 - DSN - INFO - DSN GPU: T=500, η=0.003, LS=True
2026-01-14 18:06:14,818 - DSN - INFO - t=000: B=-21076.08, Cut=12779, Best=12779 [LS]
2026-01-14 18:06:15,360 - DSN - INFO - t=040: B=-19999.13, Cut=0, Best=12779
2026-01-14 18:06:16,020 - DSN - INFO - t=080: B=-19990.26, Cut=0, Best=12832
2026-01-14 18:06:16,678 - DSN - INFO - t=120: B=-19990.01, Cut=0, Best=12832
2026-01-14 18:06:17,326 - DSN - INFO - t=160: B=-19990.00, Cut=0, Best=12832
2026-01-14 18:06:17,981 - DSN - INFO - t=200: B=-19990.00, Cut=12832, Best=12832 [LS]
2026-01-14 18:06:18,525 - DSN - INFO - t=240: B=-19990.00, Cut=0, Best=12832
2026-01-14 18:06:19,212 - DSN - INFO - t=280: B=-19990.00, Cut=0, Best=12832
2026-01-14 18:06:19,901 - DSN - INFO - t=320: B=-19990.00, Cut=0, Best=12832
2026-01-14 18:06:20,609 - DSN - INFO - t=360: B=-19990.00, Cut=0, Best=12832
2026-01-14 18:06:21,313 - DSN - INFO - t=400: B=-19990.00, Cut=12832, Best=12832 [LS]
2026-01-14 18:06:21,900 - DSN - INFO - t=440: B=-19990.00, Cut=0, Best=12832
2026-01-14 18:06:22,614 - DSN - INFO - t=480: B=-19990.00, Cut=0, Best=12832
2026-01-14 18:06:23,019 - DSN - INFO - DSN GPU done in 8.33s | Cut=12832
2026-01-14 18:06:23,022 - DSN - INFO - Results saved to: results/Gset/DSN_thorough/G22.csv
2026-01-14 18:06:23,022 - DSN - INFO - Cut: 12832 | Bound: -19990.00 | Time: 8.33s
2026-01-14 18:06:23,022 - DSN - INFO - Initialized DSN_thorough | preset=thorough | GPU=True
2026-01-14 18:06:23,022 - DSN - INFO - Params: η=0.003, T=500, init=degree, LS=True
2026-01-14 18:06:23,022 - DSN - INFO - Using GPU solver (CuPy)
2026-01-14 18:06:23,025 - DSN - INFO - DSN GPU Solver: n=2000, edges=19990
2026-01-14 18:06:23,025 - DSN - INFO - DSN GPU: T=500, η=0.003, LS=True
2026-01-14 18:06:23,158 - DSN - INFO - t=000: B=-21076.08, Cut=12839, Best=12839 [LS]
2026-01-14 18:06:23,696 - DSN - INFO - t=040: B=-19999.13, Cut=0, Best=12839
2026-01-14 18:06:24,357 - DSN - INFO - t=080: B=-19990.26, Cut=0, Best=12839
2026-01-14 18:06:25,014 - DSN - INFO - t=120: B=-19990.01, Cut=0, Best=12839
2026-01-14 18:06:25,661 - DSN - INFO - t=160: B=-19990.00, Cut=0, Best=12839
2026-01-14 18:06:26,330 - DSN - INFO - t=200: B=-19990.00, Cut=12832, Best=12839 [LS]
2026-01-14 18:06:26,874 - DSN - INFO - t=240: B=-19990.00, Cut=0, Best=12839
2026-01-14 18:06:27,557 - DSN - INFO - t=280: B=-19990.00, Cut=0, Best=12839
2026-01-14 18:06:28,262 - DSN - INFO - t=320: B=-19990.00, Cut=0, Best=12839
2026-01-14 18:06:28,973 - DSN - INFO - t=360: B=-19990.00, Cut=0, Best=12839
2026-01-14 18:06:29,677 - DSN - INFO - t=400: B=-19990.00, Cut=12832, Best=12839 [LS]
2026-01-14 18:06:30,267 - DSN - INFO - t=440: B=-19990.00, Cut=0, Best=12839
2026-01-14 18:06:30,982 - DSN - INFO - t=480: B=-19990.00, Cut=0, Best=12839
2026-01-14 18:06:31,391 - DSN - INFO - DSN GPU done in 8.37s | Cut=12839
2026-01-14 18:06:31,395 - DSN - INFO - Results saved to: results/Gset/DSN_thorough/G22.csv
2026-01-14 18:06:31,395 - DSN - INFO - Cut: 12839 | Bound: -19990.00 | Time: 8.37s
2026-01-14 18:06:31,395 - DSN - INFO - Initialized DSN_thorough | preset=thorough | GPU=True
2026-01-14 18:06:31,395 - DSN - INFO - Params: η=0.003, T=500, init=degree, LS=True
2026-01-14 18:06:31,395 - DSN - INFO - Using GPU solver (CuPy)
2026-01-14 18:06:31,397 - DSN - INFO - DSN GPU Solver: n=2000, edges=19990
2026-01-14 18:06:31,398 - DSN - INFO - DSN GPU: T=500, η=0.003, LS=True
2026-01-14 18:06:31,535 - DSN - INFO - t=000: B=-21076.08, Cut=12923, Best=12923 [LS]
2026-01-14 18:06:32,075 - DSN - INFO - t=040: B=-19999.13, Cut=0, Best=12923
2026-01-14 18:06:32,741 - DSN - INFO - t=080: B=-19990.26, Cut=0, Best=12923
2026-01-14 18:06:33,397 - DSN - INFO - t=120: B=-19990.01, Cut=0, Best=12923
2026-01-14 18:06:34,044 - DSN - INFO - t=160: B=-19990.00, Cut=0, Best=12923
2026-01-14 18:06:34,710 - DSN - INFO - t=200: B=-19990.00, Cut=12832, Best=12923 [LS]
2026-01-14 18:06:35,253 - DSN - INFO - t=240: B=-19990.00, Cut=0, Best=12923
2026-01-14 18:06:35,940 - DSN - INFO - t=280: B=-19990.00, Cut=0, Best=12923
2026-01-14 18:06:36,647 - DSN - INFO - t=320: B=-19990.00, Cut=0, Best=12923
2026-01-14 18:06:37,352 - DSN - INFO - t=360: B=-19990.00, Cut=0, Best=12923
2026-01-14 18:06:38,046 - DSN - INFO - t=400: B=-19990.00, Cut=12832, Best=12923 [LS]
2026-01-14 18:06:38,628 - DSN - INFO - t=440: B=-19990.00, Cut=0, Best=12923
2026-01-14 18:06:39,327 - DSN - INFO - t=480: B=-19990.00, Cut=0, Best=12923
2026-01-14 18:06:39,735 - DSN - INFO - DSN GPU done in 8.34s | Cut=12923
2026-01-14 18:06:39,738 - DSN - INFO - Results saved to: results/Gset/DSN_thorough/G22.csv
2026-01-14 18:06:39,739 - DSN - INFO - Cut: 12923 | Bound: -19990.00 | Time: 8.34s
2026-01-14 18:06:39,739 - DSN - INFO - Initialized DSN_thorough | preset=thorough | GPU=True
2026-01-14 18:06:39,739 - DSN - INFO - Params: η=0.003, T=500, init=degree, LS=True
2026-01-14 18:06:39,739 - DSN - INFO - Using GPU solver (CuPy)
2026-01-14 18:06:39,741 - DSN - INFO - DSN GPU Solver: n=2000, edges=19990
2026-01-14 18:06:39,741 - DSN - INFO - DSN GPU: T=500, η=0.003, LS=True
2026-01-14 18:06:39,882 - DSN - INFO - t=000: B=-21076.08, Cut=12850, Best=12850 [LS]
2026-01-14 18:06:40,422 - DSN - INFO - t=040: B=-19999.13, Cut=0, Best=12850
2026-01-14 18:06:41,080 - DSN - INFO - t=080: B=-19990.26, Cut=0, Best=12850
2026-01-14 18:06:41,739 - DSN - INFO - t=120: B=-19990.01, Cut=0, Best=12850
2026-01-14 18:06:42,389 - DSN - INFO - t=160: B=-19990.00, Cut=0, Best=12850
2026-01-14 18:06:43,059 - DSN - INFO - t=200: B=-19990.00, Cut=12832, Best=12850 [LS]
2026-01-14 18:06:43,605 - DSN - INFO - t=240: B=-19990.00, Cut=0, Best=12850
2026-01-14 18:06:44,309 - DSN - INFO - t=280: B=-19990.00, Cut=0, Best=12850
2026-01-14 18:06:45,027 - DSN - INFO - t=320: B=-19990.00, Cut=0, Best=12850
2026-01-14 18:06:45,737 - DSN - INFO - t=360: B=-19990.00, Cut=0, Best=12850
2026-01-14 18:06:46,452 - DSN - INFO - t=400: B=-19990.00, Cut=12832, Best=12850 [LS]
2026-01-14 18:06:47,043 - DSN - INFO - t=440: B=-19990.00, Cut=0, Best=12850
2026-01-14 18:06:47,765 - DSN - INFO - t=480: B=-19990.00, Cut=0, Best=12850
2026-01-14 18:06:48,178 - DSN - INFO - DSN GPU done in 8.44s | Cut=12850
2026-01-14 18:06:48,182 - DSN - INFO - Results saved to: results/Gset/DSN_thorough/G22.csv
2026-01-14 18:06:48,182 - DSN - INFO - Cut: 12850 | Bound: -19990.00 | Time: 8.44s
2026-01-14 18:06:48,182 - DSN - INFO - Initialized DSN_thorough | preset=thorough | GPU=True
2026-01-14 18:06:48,182 - DSN - INFO - Params: η=0.003, T=500, init=degree, LS=True
2026-01-14 18:06:48,182 - DSN - INFO - Using GPU solver (CuPy)
2026-01-14 18:06:48,185 - DSN - INFO - DSN GPU Solver: n=2000, edges=19990
2026-01-14 18:06:48,185 - DSN - INFO - DSN GPU: T=500, η=0.003, LS=True
2026-01-14 18:06:48,302 - DSN - INFO - t=000: B=-21076.08, Cut=12935, Best=12935 [LS]
2026-01-14 18:06:48,845 - DSN - INFO - t=040: B=-19999.13, Cut=0, Best=12935
2026-01-14 18:06:49,513 - DSN - INFO - t=080: B=-19990.26, Cut=0, Best=12935
2026-01-14 18:06:50,183 - DSN - INFO - t=120: B=-19990.01, Cut=0, Best=12935
2026-01-14 18:06:50,844 - DSN - INFO - t=160: B=-19990.00, Cut=0, Best=12935
2026-01-14 18:06:51,521 - DSN - INFO - t=200: B=-19990.00, Cut=12832, Best=12935 [LS]
2026-01-14 18:06:52,064 - DSN - INFO - t=240: B=-19990.00, Cut=0, Best=12935
2026-01-14 18:06:52,719 - DSN - INFO - t=280: B=-19990.00, Cut=0, Best=12935
2026-01-14 18:06:53,362 - DSN - INFO - t=320: B=-19990.00, Cut=0, Best=12935
2026-01-14 18:06:54,006 - DSN - INFO - t=360: B=-19990.00, Cut=0, Best=12935
2026-01-14 18:06:54,654 - DSN - INFO - t=400: B=-19990.00, Cut=12832, Best=12935 [LS]
2026-01-14 18:06:55,171 - DSN - INFO - t=440: B=-19990.00, Cut=0, Best=12935
2026-01-14 18:06:55,816 - DSN - INFO - t=480: B=-19990.00, Cut=0, Best=12935
2026-01-14 18:06:56,188 - DSN - INFO - DSN GPU done in 8.00s | Cut=12935
2026-01-14 18:06:56,192 - DSN - INFO - Results saved to: results/Gset/DSN_thorough/G22.csv
2026-01-14 18:06:56,192 - DSN - INFO - Cut: 12935 | Bound: -19990.00 | Time: 8.01s
2026-01-14 18:06:56,192 - DSN - INFO - Initialized DSN_thorough | preset=thorough | GPU=True
2026-01-14 18:06:56,192 - DSN - INFO - Params: η=0.003, T=500, init=degree, LS=True
2026-01-14 18:06:56,193 - DSN - INFO - Using GPU solver (CuPy)
2026-01-14 18:06:56,195 - DSN - INFO - DSN GPU Solver: n=2000, edges=19990
2026-01-14 18:06:56,195 - DSN - INFO - DSN GPU: T=500, η=0.003, LS=True
2026-01-14 18:06:56,305 - DSN - INFO - t=000: B=-21076.08, Cut=12844, Best=12844 [LS]
2026-01-14 18:06:56,848 - DSN - INFO - t=040: B=-19999.13, Cut=0, Best=12844
2026-01-14 18:06:57,513 - DSN - INFO - t=080: B=-19990.26, Cut=0, Best=12844
2026-01-14 18:06:58,178 - DSN - INFO - t=120: B=-19990.01, Cut=0, Best=12844
2026-01-14 18:06:58,841 - DSN - INFO - t=160: B=-19990.00, Cut=0, Best=12844
2026-01-14 18:06:59,524 - DSN - INFO - t=200: B=-19990.00, Cut=12832, Best=12844 [LS]
2026-01-14 18:07:00,080 - DSN - INFO - t=240: B=-19990.00, Cut=0, Best=12844
2026-01-14 18:07:00,762 - DSN - INFO - t=280: B=-19990.00, Cut=0, Best=12844
2026-01-14 18:07:01,438 - DSN - INFO - t=320: B=-19990.00, Cut=0, Best=12844
2026-01-14 18:07:02,096 - DSN - INFO - t=360: B=-19990.00, Cut=0, Best=12844
2026-01-14 18:07:02,774 - DSN - INFO - t=400: B=-19990.00, Cut=12832, Best=12844 [LS]
2026-01-14 18:07:03,366 - DSN - INFO - t=440: B=-19990.00, Cut=0, Best=12844
2026-01-14 18:07:04,091 - DSN - INFO - t=480: B=-19990.00, Cut=0, Best=12844
2026-01-14 18:07:04,503 - DSN - INFO - DSN GPU done in 8.31s | Cut=12844
2026-01-14 18:07:04,507 - DSN - INFO - Results saved to: results/Gset/DSN_thorough/G22.csv
2026-01-14 18:07:04,507 - DSN - INFO - Cut: 12844 | Bound: -19990.00 | Time: 8.31s
2026-01-14 18:07:04,537 - DSN - INFO - Initialized DSN_thorough | preset=thorough | GPU=True
2026-01-14 18:07:04,537 - DSN - INFO - Params: η=0.003, T=500, init=degree, LS=True
2026-01-14 18:07:04,537 - DSN - INFO - Using GPU solver (CuPy)
2026-01-14 18:07:04,540 - DSN - INFO - DSN GPU Solver: n=2000, edges=19990
2026-01-14 18:07:04,540 - DSN - INFO - DSN GPU: T=500, η=0.003, LS=True
2026-01-14 18:07:04,673 - DSN - INFO - t=000: B=-21003.49, Cut=12857, Best=12857 [LS]
2026-01-14 18:07:05,224 - DSN - INFO - t=040: B=-19999.01, Cut=0, Best=12857
2026-01-14 18:07:05,900 - DSN - INFO - t=080: B=-19990.25, Cut=0, Best=12916
2026-01-14 18:07:06,553 - DSN - INFO - t=120: B=-19990.01, Cut=0, Best=12916
2026-01-14 18:07:07,206 - DSN - INFO - t=160: B=-19990.00, Cut=0, Best=12916
2026-01-14 18:07:07,863 - DSN - INFO - t=200: B=-19990.00, Cut=12916, Best=12916 [LS]
2026-01-14 18:07:08,391 - DSN - INFO - t=240: B=-19990.00, Cut=0, Best=12916
2026-01-14 18:07:09,074 - DSN - INFO - t=280: B=-19990.00, Cut=0, Best=12916
2026-01-14 18:07:09,764 - DSN - INFO - t=320: B=-19990.00, Cut=0, Best=12916
2026-01-14 18:07:10,426 - DSN - INFO - t=360: B=-19990.00, Cut=0, Best=12916
2026-01-14 18:07:11,082 - DSN - INFO - t=400: B=-19990.00, Cut=12916, Best=12916 [LS]
2026-01-14 18:07:11,610 - DSN - INFO - t=440: B=-19990.00, Cut=0, Best=12916
2026-01-14 18:07:12,258 - DSN - INFO - t=480: B=-19990.00, Cut=0, Best=12916
2026-01-14 18:07:12,633 - DSN - INFO - DSN GPU done in 8.09s | Cut=12916
2026-01-14 18:07:12,634 - DSN - INFO - Results saved to: results/Gset/DSN_thorough/G23.csv
2026-01-14 18:07:12,634 - DSN - INFO - Cut: 12916 | Bound: -19990.00 | Time: 8.10s
2026-01-14 18:07:12,635 - DSN - INFO - Initialized DSN_thorough | preset=thorough | GPU=True
2026-01-14 18:07:12,635 - DSN - INFO - Params: η=0.003, T=500, init=degree, LS=True
2026-01-14 18:07:12,635 - DSN - INFO - Using GPU solver (CuPy)
2026-01-14 18:07:12,637 - DSN - INFO - DSN GPU Solver: n=2000, edges=19990
2026-01-14 18:07:12,637 - DSN - INFO - DSN GPU: T=500, η=0.003, LS=True
2026-01-14 18:07:12,777 - DSN - INFO - t=000: B=-21003.49, Cut=12890, Best=12890 [LS]
2026-01-14 18:07:13,319 - DSN - INFO - t=040: B=-19999.01, Cut=0, Best=12890
2026-01-14 18:07:13,984 - DSN - INFO - t=080: B=-19990.25, Cut=0, Best=12916
2026-01-14 18:07:14,639 - DSN - INFO - t=120: B=-19990.01, Cut=0, Best=12916
2026-01-14 18:07:15,295 - DSN - INFO - t=160: B=-19990.00, Cut=0, Best=12916
2026-01-14 18:07:15,957 - DSN - INFO - t=200: B=-19990.00, Cut=12916, Best=12916 [LS]
2026-01-14 18:07:16,492 - DSN - INFO - t=240: B=-19990.00, Cut=0, Best=12916
2026-01-14 18:07:17,148 - DSN - INFO - t=280: B=-19990.00, Cut=0, Best=12916
2026-01-14 18:07:17,788 - DSN - INFO - t=320: B=-19990.00, Cut=0, Best=12916
2026-01-14 18:07:18,423 - DSN - INFO - t=360: B=-19990.00, Cut=0, Best=12916
2026-01-14 18:07:19,062 - DSN - INFO - t=400: B=-19990.00, Cut=12916, Best=12916 [LS]
2026-01-14 18:07:19,582 - DSN - INFO - t=440: B=-19990.00, Cut=0, Best=12916
2026-01-14 18:07:20,229 - DSN - INFO - t=480: B=-19990.00, Cut=0, Best=12916
2026-01-14 18:07:20,604 - DSN - INFO - DSN GPU done in 7.97s | Cut=12916
2026-01-14 18:07:20,607 - DSN - INFO - Results saved to: results/Gset/DSN_thorough/G23.csv
2026-01-14 18:07:20,607 - DSN - INFO - Cut: 12916 | Bound: -19990.00 | Time: 7.97s
2026-01-14 18:07:20,607 - DSN - INFO - Initialized DSN_thorough | preset=thorough | GPU=True
2026-01-14 18:07:20,608 - DSN - INFO - Params: η=0.003, T=500, init=degree, LS=True
2026-01-14 18:07:20,608 - DSN - INFO - Using GPU solver (CuPy)
2026-01-14 18:07:20,610 - DSN - INFO - DSN GPU Solver: n=2000, edges=19990
2026-01-14 18:07:20,610 - DSN - INFO - DSN GPU: T=500, η=0.003, LS=True
2026-01-14 18:07:20,738 - DSN - INFO - t=000: B=-21003.49, Cut=12802, Best=12802 [LS]
2026-01-14 18:07:21,281 - DSN - INFO - t=040: B=-19999.01, Cut=0, Best=12802
2026-01-14 18:07:21,951 - DSN - INFO - t=080: B=-19990.25, Cut=0, Best=12916
2026-01-14 18:07:22,602 - DSN - INFO - t=120: B=-19990.01, Cut=0, Best=12916
2026-01-14 18:07:23,257 - DSN - INFO - t=160: B=-19990.00, Cut=0, Best=12916
2026-01-14 18:07:23,914 - DSN - INFO - t=200: B=-19990.00, Cut=12916, Best=12916 [LS]
2026-01-14 18:07:24,455 - DSN - INFO - t=240: B=-19990.00, Cut=0, Best=12916
2026-01-14 18:07:25,129 - DSN - INFO - t=280: B=-19990.00, Cut=0, Best=12916
2026-01-14 18:07:25,803 - DSN - INFO - t=320: B=-19990.00, Cut=0, Best=12916
2026-01-14 18:07:26,471 - DSN - INFO - t=360: B=-19990.00, Cut=0, Best=12916
2026-01-14 18:07:27,141 - DSN - INFO - t=400: B=-19990.00, Cut=12916, Best=12916 [LS]
2026-01-14 18:07:27,699 - DSN - INFO - t=440: B=-19990.00, Cut=0, Best=12916
2026-01-14 18:07:28,364 - DSN - INFO - t=480: B=-19990.00, Cut=0, Best=12916
2026-01-14 18:07:28,758 - DSN - INFO - DSN GPU done in 8.15s | Cut=12916
2026-01-14 18:07:28,761 - DSN - INFO - Results saved to: results/Gset/DSN_thorough/G23.csv
2026-01-14 18:07:28,761 - DSN - INFO - Cut: 12916 | Bound: -19990.00 | Time: 8.15s
2026-01-14 18:07:28,761 - DSN - INFO - Initialized DSN_thorough | preset=thorough | GPU=True
2026-01-14 18:07:28,761 - DSN - INFO - Params: η=0.003, T=500, init=degree, LS=True
2026-01-14 18:07:28,761 - DSN - INFO - Using GPU solver (CuPy)
2026-01-14 18:07:28,764 - DSN - INFO - DSN GPU Solver: n=2000, edges=19990
2026-01-14 18:07:28,764 - DSN - INFO - DSN GPU: T=500, η=0.003, LS=True
2026-01-14 18:07:28,900 - DSN - INFO - t=000: B=-21003.49, Cut=12909, Best=12909 [LS]
2026-01-14 18:07:29,443 - DSN - INFO - t=040: B=-19999.01, Cut=0, Best=12909
2026-01-14 18:07:30,115 - DSN - INFO - t=080: B=-19990.25, Cut=0, Best=12916
2026-01-14 18:07:30,773 - DSN - INFO - t=120: B=-19990.01, Cut=0, Best=12916
2026-01-14 18:07:31,431 - DSN - INFO - t=160: B=-19990.00, Cut=0, Best=12916
2026-01-14 18:07:32,092 - DSN - INFO - t=200: B=-19990.00, Cut=12916, Best=12916 [LS]
2026-01-14 18:07:32,636 - DSN - INFO - t=240: B=-19990.00, Cut=0, Best=12916
2026-01-14 18:07:33,313 - DSN - INFO - t=280: B=-19990.00, Cut=0, Best=12916
2026-01-14 18:07:34,009 - DSN - INFO - t=320: B=-19990.00, Cut=0, Best=12916
2026-01-14 18:07:34,720 - DSN - INFO - t=360: B=-19990.00, Cut=0, Best=12916
2026-01-14 18:07:35,417 - DSN - INFO - t=400: B=-19990.00, Cut=12916, Best=12916 [LS]
2026-01-14 18:07:35,972 - DSN - INFO - t=440: B=-19990.00, Cut=0, Best=12916
2026-01-14 18:07:36,686 - DSN - INFO - t=480: B=-19990.00, Cut=0, Best=12916
2026-01-14 18:07:37,097 - DSN - INFO - DSN GPU done in 8.33s | Cut=12916
2026-01-14 18:07:37,101 - DSN - INFO - Results saved to: results/Gset/DSN_thorough/G23.csv
2026-01-14 18:07:37,101 - DSN - INFO - Cut: 12916 | Bound: -19990.00 | Time: 8.34s
2026-01-14 18:07:37,101 - DSN - INFO - Initialized DSN_thorough | preset=thorough | GPU=True
2026-01-14 18:07:37,101 - DSN - INFO - Params: η=0.003, T=500, init=degree, LS=True
2026-01-14 18:07:37,101 - DSN - INFO - Using GPU solver (CuPy)
2026-01-14 18:07:37,104 - DSN - INFO - DSN GPU Solver: n=2000, edges=19990
2026-01-14 18:07:37,104 - DSN - INFO - DSN GPU: T=500, η=0.003, LS=True
2026-01-14 18:07:37,235 - DSN - INFO - t=000: B=-21003.49, Cut=12882, Best=12882 [LS]
2026-01-14 18:07:37,776 - DSN - INFO - t=040: B=-19999.01, Cut=0, Best=12882
2026-01-14 18:07:38,441 - DSN - INFO - t=080: B=-19990.25, Cut=0, Best=12916
2026-01-14 18:07:39,097 - DSN - INFO - t=120: B=-19990.01, Cut=0, Best=12916
2026-01-14 18:07:39,760 - DSN - INFO - t=160: B=-19990.00, Cut=0, Best=12916
2026-01-14 18:07:40,417 - DSN - INFO - t=200: B=-19990.00, Cut=12916, Best=12916 [LS]
2026-01-14 18:07:40,943 - DSN - INFO - t=240: B=-19990.00, Cut=0, Best=12916
2026-01-14 18:07:41,618 - DSN - INFO - t=280: B=-19990.00, Cut=0, Best=12916
2026-01-14 18:07:42,315 - DSN - INFO - t=320: B=-19990.00, Cut=0, Best=12916
2026-01-14 18:07:43,018 - DSN - INFO - t=360: B=-19990.00, Cut=0, Best=12916
2026-01-14 18:07:43,703 - DSN - INFO - t=400: B=-19990.00, Cut=12916, Best=12916 [LS]
2026-01-14 18:07:44,296 - DSN - INFO - t=440: B=-19990.00, Cut=0, Best=12916
2026-01-14 18:07:45,010 - DSN - INFO - t=480: B=-19990.00, Cut=0, Best=12916
2026-01-14 18:07:45,420 - DSN - INFO - DSN GPU done in 8.32s | Cut=12916
2026-01-14 18:07:45,424 - DSN - INFO - Results saved to: results/Gset/DSN_thorough/G23.csv
2026-01-14 18:07:45,424 - DSN - INFO - Cut: 12916 | Bound: -19990.00 | Time: 8.32s
2026-01-14 18:07:45,424 - DSN - INFO - Initialized DSN_thorough | preset=thorough | GPU=True
2026-01-14 18:07:45,424 - DSN - INFO - Params: η=0.003, T=500, init=degree, LS=True
2026-01-14 18:07:45,424 - DSN - INFO - Using GPU solver (CuPy)
2026-01-14 18:07:45,427 - DSN - INFO - DSN GPU Solver: n=2000, edges=19990
2026-01-14 18:07:45,427 - DSN - INFO - DSN GPU: T=500, η=0.003, LS=True
2026-01-14 18:07:45,563 - DSN - INFO - t=000: B=-21003.49, Cut=12913, Best=12913 [LS]
2026-01-14 18:07:46,102 - DSN - INFO - t=040: B=-19999.01, Cut=0, Best=12913
2026-01-14 18:07:46,771 - DSN - INFO - t=080: B=-19990.25, Cut=0, Best=12916
2026-01-14 18:07:47,426 - DSN - INFO - t=120: B=-19990.01, Cut=0, Best=12916
2026-01-14 18:07:48,076 - DSN - INFO - t=160: B=-19990.00, Cut=0, Best=12916
2026-01-14 18:07:48,729 - DSN - INFO - t=200: B=-19990.00, Cut=12916, Best=12916 [LS]
2026-01-14 18:07:49,258 - DSN - INFO - t=240: B=-19990.00, Cut=0, Best=12916
2026-01-14 18:07:49,898 - DSN - INFO - t=280: B=-19990.00, Cut=0, Best=12916
2026-01-14 18:07:50,539 - DSN - INFO - t=320: B=-19990.00, Cut=0, Best=12916
2026-01-14 18:07:51,172 - DSN - INFO - t=360: B=-19990.00, Cut=0, Best=12916
2026-01-14 18:07:51,815 - DSN - INFO - t=400: B=-19990.00, Cut=12916, Best=12916 [LS]
2026-01-14 18:07:52,334 - DSN - INFO - t=440: B=-19990.00, Cut=0, Best=12916
2026-01-14 18:07:52,978 - DSN - INFO - t=480: B=-19990.00, Cut=0, Best=12916
2026-01-14 18:07:53,352 - DSN - INFO - DSN GPU done in 7.93s | Cut=12916
2026-01-14 18:07:53,357 - DSN - INFO - Results saved to: results/Gset/DSN_thorough/G23.csv
2026-01-14 18:07:53,357 - DSN - INFO - Cut: 12916 | Bound: -19990.00 | Time: 7.93s
2026-01-14 18:07:53,357 - DSN - INFO - Initialized DSN_thorough | preset=thorough | GPU=True
2026-01-14 18:07:53,357 - DSN - INFO - Params: η=0.003, T=500, init=degree, LS=True
2026-01-14 18:07:53,357 - DSN - INFO - Using GPU solver (CuPy)
2026-01-14 18:07:53,360 - DSN - INFO - DSN GPU Solver: n=2000, edges=19990
2026-01-14 18:07:53,360 - DSN - INFO - DSN GPU: T=500, η=0.003, LS=True
2026-01-14 18:07:53,496 - DSN - INFO - t=000: B=-21003.49, Cut=12877, Best=12877 [LS]
2026-01-14 18:07:54,039 - DSN - INFO - t=040: B=-19999.01, Cut=0, Best=12877
2026-01-14 18:07:54,705 - DSN - INFO - t=080: B=-19990.24, Cut=0, Best=12916
2026-01-14 18:07:55,353 - DSN - INFO - t=120: B=-19990.01, Cut=0, Best=12916
2026-01-14 18:07:56,004 - DSN - INFO - t=160: B=-19990.00, Cut=0, Best=12916
2026-01-14 18:07:56,658 - DSN - INFO - t=200: B=-19990.00, Cut=12916, Best=12916 [LS]
2026-01-14 18:07:57,196 - DSN - INFO - t=240: B=-19990.00, Cut=0, Best=12916
2026-01-14 18:07:57,836 - DSN - INFO - t=280: B=-19990.00, Cut=0, Best=12916
2026-01-14 18:07:58,510 - DSN - INFO - t=320: B=-19990.00, Cut=0, Best=12916
2026-01-14 18:07:59,188 - DSN - INFO - t=360: B=-19990.00, Cut=0, Best=12916
2026-01-14 18:07:59,891 - DSN - INFO - t=400: B=-19990.00, Cut=12916, Best=12916 [LS]
2026-01-14 18:08:00,447 - DSN - INFO - t=440: B=-19990.00, Cut=0, Best=12916
2026-01-14 18:08:01,155 - DSN - INFO - t=480: B=-19990.00, Cut=0, Best=12916
2026-01-14 18:08:01,552 - DSN - INFO - DSN GPU done in 8.19s | Cut=12916
2026-01-14 18:08:01,556 - DSN - INFO - Results saved to: results/Gset/DSN_thorough/G23.csv
2026-01-14 18:08:01,556 - DSN - INFO - Cut: 12916 | Bound: -19990.00 | Time: 8.20s
2026-01-14 18:08:01,556 - DSN - INFO - Initialized DSN_thorough | preset=thorough | GPU=True
2026-01-14 18:08:01,556 - DSN - INFO - Params: η=0.003, T=500, init=degree, LS=True
2026-01-14 18:08:01,556 - DSN - INFO - Using GPU solver (CuPy)
2026-01-14 18:08:01,559 - DSN - INFO - DSN GPU Solver: n=2000, edges=19990
2026-01-14 18:08:01,559 - DSN - INFO - DSN GPU: T=500, η=0.003, LS=True
2026-01-14 18:08:01,701 - DSN - INFO - t=000: B=-21003.49, Cut=12863, Best=12863 [LS]
2026-01-14 18:08:02,240 - DSN - INFO - t=040: B=-19999.01, Cut=0, Best=12863
2026-01-14 18:08:02,903 - DSN - INFO - t=080: B=-19990.24, Cut=0, Best=12916
2026-01-14 18:08:03,553 - DSN - INFO - t=120: B=-19990.01, Cut=0, Best=12916
2026-01-14 18:08:04,219 - DSN - INFO - t=160: B=-19990.00, Cut=0, Best=12916
2026-01-14 18:08:04,873 - DSN - INFO - t=200: B=-19990.00, Cut=12916, Best=12916 [LS]
2026-01-14 18:08:05,410 - DSN - INFO - t=240: B=-19990.00, Cut=0, Best=12916
2026-01-14 18:08:06,094 - DSN - INFO - t=280: B=-19990.00, Cut=0, Best=12916
2026-01-14 18:08:06,756 - DSN - INFO - t=320: B=-19990.00, Cut=0, Best=12916
2026-01-14 18:08:07,412 - DSN - INFO - t=360: B=-19990.00, Cut=0, Best=12916
2026-01-14 18:08:08,079 - DSN - INFO - t=400: B=-19990.00, Cut=12916, Best=12916 [LS]
2026-01-14 18:08:08,600 - DSN - INFO - t=440: B=-19990.00, Cut=0, Best=12916
2026-01-14 18:08:09,245 - DSN - INFO - t=480: B=-19990.00, Cut=0, Best=12916
2026-01-14 18:08:09,619 - DSN - INFO - DSN GPU done in 8.06s | Cut=12916
2026-01-14 18:08:09,623 - DSN - INFO - Results saved to: results/Gset/DSN_thorough/G23.csv
2026-01-14 18:08:09,623 - DSN - INFO - Cut: 12916 | Bound: -19990.00 | Time: 8.06s
2026-01-14 18:08:09,623 - DSN - INFO - Initialized DSN_thorough | preset=thorough | GPU=True
2026-01-14 18:08:09,623 - DSN - INFO - Params: η=0.003, T=500, init=degree, LS=True
2026-01-14 18:08:09,623 - DSN - INFO - Using GPU solver (CuPy)
2026-01-14 18:08:09,626 - DSN - INFO - DSN GPU Solver: n=2000, edges=19990
2026-01-14 18:08:09,626 - DSN - INFO - DSN GPU: T=500, η=0.003, LS=True
2026-01-14 18:08:09,739 - DSN - INFO - t=000: B=-21003.49, Cut=12844, Best=12844 [LS]
2026-01-14 18:08:10,284 - DSN - INFO - t=040: B=-19999.01, Cut=0, Best=12844
2026-01-14 18:08:10,948 - DSN - INFO - t=080: B=-19990.25, Cut=0, Best=12916
2026-01-14 18:08:11,600 - DSN - INFO - t=120: B=-19990.01, Cut=0, Best=12916
2026-01-14 18:08:12,260 - DSN - INFO - t=160: B=-19990.00, Cut=0, Best=12916
2026-01-14 18:08:12,918 - DSN - INFO - t=200: B=-19990.00, Cut=12916, Best=12916 [LS]
2026-01-14 18:08:13,456 - DSN - INFO - t=240: B=-19990.00, Cut=0, Best=12916
2026-01-14 18:08:14,115 - DSN - INFO - t=280: B=-19990.00, Cut=0, Best=12916
2026-01-14 18:08:14,764 - DSN - INFO - t=320: B=-19990.00, Cut=0, Best=12916
2026-01-14 18:08:15,424 - DSN - INFO - t=360: B=-19990.00, Cut=0, Best=12916
2026-01-14 18:08:16,066 - DSN - INFO - t=400: B=-19990.00, Cut=12916, Best=12916 [LS]
2026-01-14 18:08:16,581 - DSN - INFO - t=440: B=-19990.00, Cut=0, Best=12916
2026-01-14 18:08:17,222 - DSN - INFO - t=480: B=-19990.00, Cut=0, Best=12916
2026-01-14 18:08:17,598 - DSN - INFO - DSN GPU done in 7.97s | Cut=12916
2026-01-14 18:08:17,602 - DSN - INFO - Results saved to: results/Gset/DSN_thorough/G23.csv
2026-01-14 18:08:17,602 - DSN - INFO - Cut: 12916 | Bound: -19990.00 | Time: 7.97s
2026-01-14 18:08:17,602 - DSN - INFO - Initialized DSN_thorough | preset=thorough | GPU=True
2026-01-14 18:08:17,602 - DSN - INFO - Params: η=0.003, T=500, init=degree, LS=True
2026-01-14 18:08:17,602 - DSN - INFO - Using GPU solver (CuPy)
2026-01-14 18:08:17,605 - DSN - INFO - DSN GPU Solver: n=2000, edges=19990
2026-01-14 18:08:17,605 - DSN - INFO - DSN GPU: T=500, η=0.003, LS=True
2026-01-14 18:08:17,720 - DSN - INFO - t=000: B=-21003.49, Cut=12789, Best=12789 [LS]
2026-01-14 18:08:18,259 - DSN - INFO - t=040: B=-19999.01, Cut=0, Best=12789
2026-01-14 18:08:18,927 - DSN - INFO - t=080: B=-19990.25, Cut=0, Best=12916
2026-01-14 18:08:19,574 - DSN - INFO - t=120: B=-19990.01, Cut=0, Best=12916
2026-01-14 18:08:20,229 - DSN - INFO - t=160: B=-19990.00, Cut=0, Best=12916
2026-01-14 18:08:20,882 - DSN - INFO - t=200: B=-19990.00, Cut=12916, Best=12916 [LS]
2026-01-14 18:08:21,409 - DSN - INFO - t=240: B=-19990.00, Cut=0, Best=12916
2026-01-14 18:08:22,074 - DSN - INFO - t=280: B=-19990.00, Cut=0, Best=12916
2026-01-14 18:08:22,719 - DSN - INFO - t=320: B=-19990.00, Cut=0, Best=12916
2026-01-14 18:08:23,368 - DSN - INFO - t=360: B=-19990.00, Cut=0, Best=12916
2026-01-14 18:08:24,012 - DSN - INFO - t=400: B=-19990.00, Cut=12916, Best=12916 [LS]
2026-01-14 18:08:24,524 - DSN - INFO - t=440: B=-19990.00, Cut=0, Best=12916
2026-01-14 18:08:25,165 - DSN - INFO - t=480: B=-19990.00, Cut=0, Best=12916
2026-01-14 18:08:25,535 - DSN - INFO - DSN GPU done in 7.93s | Cut=12916
2026-01-14 18:08:25,538 - DSN - INFO - Results saved to: results/Gset/DSN_thorough/G23.csv
2026-01-14 18:08:25,539 - DSN - INFO - Cut: 12916 | Bound: -19990.00 | Time: 7.93s
2026-01-14 18:08:25,569 - DSN - INFO - Initialized DSN_thorough | preset=thorough | GPU=True
2026-01-14 18:08:25,569 - DSN - INFO - Params: η=0.003, T=500, init=degree, LS=True
2026-01-14 18:08:25,569 - DSN - INFO - Using GPU solver (CuPy)
2026-01-14 18:08:25,572 - DSN - INFO - DSN GPU Solver: n=2000, edges=19990
2026-01-14 18:08:25,572 - DSN - INFO - DSN GPU: T=500, η=0.003, LS=True
2026-01-14 18:08:25,707 - DSN - INFO - t=000: B=-21074.55, Cut=12879, Best=12879 [LS]
2026-01-14 18:08:26,244 - DSN - INFO - t=040: B=-19999.14, Cut=0, Best=12879
2026-01-14 18:08:26,890 - DSN - INFO - t=080: B=-19990.27, Cut=0, Best=12909
2026-01-14 18:08:27,544 - DSN - INFO - t=120: B=-19990.02, Cut=0, Best=12909
2026-01-14 18:08:28,197 - DSN - INFO - t=160: B=-19990.00, Cut=0, Best=12909
2026-01-14 18:08:28,849 - DSN - INFO - t=200: B=-19990.00, Cut=12909, Best=12909 [LS]
2026-01-14 18:08:29,382 - DSN - INFO - t=240: B=-19990.00, Cut=0, Best=12909
2026-01-14 18:08:30,037 - DSN - INFO - t=280: B=-19990.00, Cut=0, Best=12909
2026-01-14 18:08:30,694 - DSN - INFO - t=320: B=-19990.00, Cut=0, Best=12909
2026-01-14 18:08:31,334 - DSN - INFO - t=360: B=-19990.00, Cut=0, Best=12909
2026-01-14 18:08:31,978 - DSN - INFO - t=400: B=-19990.00, Cut=12909, Best=12909 [LS]
2026-01-14 18:08:32,548 - DSN - INFO - t=440: B=-19990.00, Cut=0, Best=12909
2026-01-14 18:08:33,230 - DSN - INFO - t=480: B=-19990.00, Cut=0, Best=12909
2026-01-14 18:08:33,626 - DSN - INFO - DSN GPU done in 8.05s | Cut=12909
2026-01-14 18:08:33,628 - DSN - INFO - Results saved to: results/Gset/DSN_thorough/G24.csv
2026-01-14 18:08:33,628 - DSN - INFO - Cut: 12909 | Bound: -19990.00 | Time: 8.06s
2026-01-14 18:08:33,628 - DSN - INFO - Initialized DSN_thorough | preset=thorough | GPU=True
2026-01-14 18:08:33,628 - DSN - INFO - Params: η=0.003, T=500, init=degree, LS=True
2026-01-14 18:08:33,628 - DSN - INFO - Using GPU solver (CuPy)
2026-01-14 18:08:33,631 - DSN - INFO - DSN GPU Solver: n=2000, edges=19990
2026-01-14 18:08:33,631 - DSN - INFO - DSN GPU: T=500, η=0.003, LS=True
2026-01-14 18:08:33,769 - DSN - INFO - t=000: B=-21074.55, Cut=12867, Best=12867 [LS]
2026-01-14 18:08:34,306 - DSN - INFO - t=040: B=-19999.14, Cut=0, Best=12867
2026-01-14 18:08:34,949 - DSN - INFO - t=080: B=-19990.27, Cut=0, Best=12909
2026-01-14 18:08:35,603 - DSN - INFO - t=120: B=-19990.02, Cut=0, Best=12909
2026-01-14 18:08:36,261 - DSN - INFO - t=160: B=-19990.00, Cut=0, Best=12909
2026-01-14 18:08:36,912 - DSN - INFO - t=200: B=-19990.00, Cut=12909, Best=12909 [LS]
2026-01-14 18:08:37,443 - DSN - INFO - t=240: B=-19990.00, Cut=0, Best=12909
2026-01-14 18:08:38,099 - DSN - INFO - t=280: B=-19990.00, Cut=0, Best=12909
2026-01-14 18:08:38,772 - DSN - INFO - t=320: B=-19990.00, Cut=0, Best=12909
2026-01-14 18:08:39,448 - DSN - INFO - t=360: B=-19990.00, Cut=0, Best=12909
2026-01-14 18:08:40,119 - DSN - INFO - t=400: B=-19990.00, Cut=12909, Best=12909 [LS]
2026-01-14 18:08:40,683 - DSN - INFO - t=440: B=-19990.00, Cut=0, Best=12909
2026-01-14 18:08:41,366 - DSN - INFO - t=480: B=-19990.00, Cut=0, Best=12909
2026-01-14 18:08:41,764 - DSN - INFO - DSN GPU done in 8.13s | Cut=12909
2026-01-14 18:08:41,768 - DSN - INFO - Results saved to: results/Gset/DSN_thorough/G24.csv
2026-01-14 18:08:41,768 - DSN - INFO - Cut: 12909 | Bound: -19990.00 | Time: 8.14s
2026-01-14 18:08:41,768 - DSN - INFO - Initialized DSN_thorough | preset=thorough | GPU=True
2026-01-14 18:08:41,768 - DSN - INFO - Params: η=0.003, T=500, init=degree, LS=True
2026-01-14 18:08:41,768 - DSN - INFO - Using GPU solver (CuPy)
2026-01-14 18:08:41,771 - DSN - INFO - DSN GPU Solver: n=2000, edges=19990
2026-01-14 18:08:41,771 - DSN - INFO - DSN GPU: T=500, η=0.003, LS=True
2026-01-14 18:08:41,898 - DSN - INFO - t=000: B=-21074.55, Cut=12864, Best=12864 [LS]
2026-01-14 18:08:42,429 - DSN - INFO - t=040: B=-19999.14, Cut=0, Best=12864
2026-01-14 18:08:43,070 - DSN - INFO - t=080: B=-19990.27, Cut=0, Best=12909
2026-01-14 18:08:43,729 - DSN - INFO - t=120: B=-19990.01, Cut=0, Best=12909
2026-01-14 18:08:44,378 - DSN - INFO - t=160: B=-19990.00, Cut=0, Best=12909
2026-01-14 18:08:45,016 - DSN - INFO - t=200: B=-19990.00, Cut=12909, Best=12909 [LS]
2026-01-14 18:08:45,532 - DSN - INFO - t=240: B=-19990.00, Cut=0, Best=12909
2026-01-14 18:08:46,180 - DSN - INFO - t=280: B=-19990.00, Cut=0, Best=12909
2026-01-14 18:08:46,817 - DSN - INFO - t=320: B=-19990.00, Cut=0, Best=12909
2026-01-14 18:08:47,451 - DSN - INFO - t=360: B=-19990.00, Cut=0, Best=12909
2026-01-14 18:08:48,085 - DSN - INFO - t=400: B=-19990.00, Cut=12909, Best=12909 [LS]
2026-01-14 18:08:48,601 - DSN - INFO - t=440: B=-19990.00, Cut=0, Best=12909
2026-01-14 18:08:49,236 - DSN - INFO - t=480: B=-19990.00, Cut=0, Best=12909
2026-01-14 18:08:49,604 - DSN - INFO - DSN GPU done in 7.83s | Cut=12909
2026-01-14 18:08:49,607 - DSN - INFO - Results saved to: results/Gset/DSN_thorough/G24.csv
2026-01-14 18:08:49,607 - DSN - INFO - Cut: 12909 | Bound: -19990.00 | Time: 7.84s
2026-01-14 18:08:49,607 - DSN - INFO - Initialized DSN_thorough | preset=thorough | GPU=True
2026-01-14 18:08:49,608 - DSN - INFO - Params: η=0.003, T=500, init=degree, LS=True
2026-01-14 18:08:49,608 - DSN - INFO - Using GPU solver (CuPy)
2026-01-14 18:08:49,610 - DSN - INFO - DSN GPU Solver: n=2000, edges=19990
2026-01-14 18:08:49,610 - DSN - INFO - DSN GPU: T=500, η=0.003, LS=True
2026-01-14 18:08:49,741 - DSN - INFO - t=000: B=-21074.56, Cut=12886, Best=12886 [LS]
2026-01-14 18:08:50,273 - DSN - INFO - t=040: B=-19999.14, Cut=0, Best=12886
2026-01-14 18:08:50,915 - DSN - INFO - t=080: B=-19990.26, Cut=0, Best=12909
2026-01-14 18:08:51,570 - DSN - INFO - t=120: B=-19990.02, Cut=0, Best=12909
2026-01-14 18:08:52,221 - DSN - INFO - t=160: B=-19990.00, Cut=0, Best=12909
2026-01-14 18:08:52,868 - DSN - INFO - t=200: B=-19990.00, Cut=12909, Best=12909 [LS]
2026-01-14 18:08:53,398 - DSN - INFO - t=240: B=-19990.00, Cut=0, Best=12909
2026-01-14 18:08:54,058 - DSN - INFO - t=280: B=-19990.00, Cut=0, Best=12909
2026-01-14 18:08:54,709 - DSN - INFO - t=320: B=-19990.00, Cut=0, Best=12909
2026-01-14 18:08:55,345 - DSN - INFO - t=360: B=-19990.00, Cut=0, Best=12909
2026-01-14 18:08:55,976 - DSN - INFO - t=400: B=-19990.00, Cut=12909, Best=12909 [LS]
2026-01-14 18:08:56,491 - DSN - INFO - t=440: B=-19990.00, Cut=0, Best=12909
2026-01-14 18:08:57,129 - DSN - INFO - t=480: B=-19990.00, Cut=0, Best=12909
2026-01-14 18:08:57,497 - DSN - INFO - DSN GPU done in 7.89s | Cut=12909
2026-01-14 18:08:57,501 - DSN - INFO - Results saved to: results/Gset/DSN_thorough/G24.csv
2026-01-14 18:08:57,501 - DSN - INFO - Cut: 12909 | Bound: -19990.00 | Time: 7.89s
2026-01-14 18:08:57,501 - DSN - INFO - Initialized DSN_thorough | preset=thorough | GPU=True
2026-01-14 18:08:57,501 - DSN - INFO - Params: η=0.003, T=500, init=degree, LS=True
2026-01-14 18:08:57,501 - DSN - INFO - Using GPU solver (CuPy)
2026-01-14 18:08:57,503 - DSN - INFO - DSN GPU Solver: n=2000, edges=19990
2026-01-14 18:08:57,504 - DSN - INFO - DSN GPU: T=500, η=0.003, LS=True
2026-01-14 18:08:57,634 - DSN - INFO - t=000: B=-21074.55, Cut=12841, Best=12841 [LS]
2026-01-14 18:08:58,166 - DSN - INFO - t=040: B=-19999.14, Cut=0, Best=12841
2026-01-14 18:08:58,811 - DSN - INFO - t=080: B=-19990.26, Cut=0, Best=12909
2026-01-14 18:08:59,467 - DSN - INFO - t=120: B=-19990.01, Cut=0, Best=12909
2026-01-14 18:09:00,125 - DSN - INFO - t=160: B=-19990.00, Cut=0, Best=12909
2026-01-14 18:09:00,766 - DSN - INFO - t=200: B=-19990.00, Cut=12909, Best=12909 [LS]
2026-01-14 18:09:01,286 - DSN - INFO - t=240: B=-19990.00, Cut=0, Best=12909
2026-01-14 18:09:01,926 - DSN - INFO - t=280: B=-19990.00, Cut=0, Best=12909
2026-01-14 18:09:02,571 - DSN - INFO - t=320: B=-19990.00, Cut=0, Best=12909
2026-01-14 18:09:03,244 - DSN - INFO - t=360: B=-19990.00, Cut=0, Best=12909
2026-01-14 18:09:03,947 - DSN - INFO - t=400: B=-19990.00, Cut=12909, Best=12909 [LS]
2026-01-14 18:09:04,521 - DSN - INFO - t=440: B=-19990.00, Cut=0, Best=12909
2026-01-14 18:09:05,220 - DSN - INFO - t=480: B=-19990.00, Cut=0, Best=12909
2026-01-14 18:09:05,627 - DSN - INFO - DSN GPU done in 8.12s | Cut=12909
2026-01-14 18:09:05,631 - DSN - INFO - Results saved to: results/Gset/DSN_thorough/G24.csv
2026-01-14 18:09:05,631 - DSN - INFO - Cut: 12909 | Bound: -19990.00 | Time: 8.13s
2026-01-14 18:09:05,631 - DSN - INFO - Initialized DSN_thorough | preset=thorough | GPU=True
2026-01-14 18:09:05,631 - DSN - INFO - Params: η=0.003, T=500, init=degree, LS=True
2026-01-14 18:09:05,631 - DSN - INFO - Using GPU solver (CuPy)
2026-01-14 18:09:05,634 - DSN - INFO - DSN GPU Solver: n=2000, edges=19990
2026-01-14 18:09:05,634 - DSN - INFO - DSN GPU: T=500, η=0.003, LS=True
2026-01-14 18:09:05,768 - DSN - INFO - t=000: B=-21074.55, Cut=12934, Best=12934 [LS]
2026-01-14 18:09:06,304 - DSN - INFO - t=040: B=-19999.14, Cut=0, Best=12934
2026-01-14 18:09:06,954 - DSN - INFO - t=080: B=-19990.26, Cut=0, Best=12934
2026-01-14 18:09:07,615 - DSN - INFO - t=120: B=-19990.01, Cut=0, Best=12934
2026-01-14 18:09:08,275 - DSN - INFO - t=160: B=-19990.00, Cut=0, Best=12934
2026-01-14 18:09:08,933 - DSN - INFO - t=200: B=-19990.00, Cut=12909, Best=12934 [LS]
2026-01-14 18:09:09,462 - DSN - INFO - t=240: B=-19990.00, Cut=0, Best=12934
2026-01-14 18:09:10,123 - DSN - INFO - t=280: B=-19990.00, Cut=0, Best=12934
2026-01-14 18:09:10,773 - DSN - INFO - t=320: B=-19990.00, Cut=0, Best=12934
2026-01-14 18:09:11,408 - DSN - INFO - t=360: B=-19990.00, Cut=0, Best=12934
2026-01-14 18:09:12,039 - DSN - INFO - t=400: B=-19990.00, Cut=12909, Best=12934 [LS]
2026-01-14 18:09:12,559 - DSN - INFO - t=440: B=-19990.00, Cut=0, Best=12934
2026-01-14 18:09:13,196 - DSN - INFO - t=480: B=-19990.00, Cut=0, Best=12934
2026-01-14 18:09:13,567 - DSN - INFO - DSN GPU done in 7.93s | Cut=12934
2026-01-14 18:09:13,571 - DSN - INFO - Results saved to: results/Gset/DSN_thorough/G24.csv
2026-01-14 18:09:13,571 - DSN - INFO - Cut: 12934 | Bound: -19990.00 | Time: 7.94s
2026-01-14 18:09:13,571 - DSN - INFO - Initialized DSN_thorough | preset=thorough | GPU=True
2026-01-14 18:09:13,571 - DSN - INFO - Params: η=0.003, T=500, init=degree, LS=True
2026-01-14 18:09:13,571 - DSN - INFO - Using GPU solver (CuPy)
2026-01-14 18:09:13,574 - DSN - INFO - DSN GPU Solver: n=2000, edges=19990
2026-01-14 18:09:13,574 - DSN - INFO - DSN GPU: T=500, η=0.003, LS=True
2026-01-14 18:09:13,719 - DSN - INFO - t=000: B=-21074.55, Cut=12926, Best=12926 [LS]
2026-01-14 18:09:14,252 - DSN - INFO - t=040: B=-19999.14, Cut=0, Best=12926
2026-01-14 18:09:14,902 - DSN - INFO - t=080: B=-19990.27, Cut=0, Best=12926
2026-01-14 18:09:15,560 - DSN - INFO - t=120: B=-19990.01, Cut=0, Best=12926
2026-01-14 18:09:16,214 - DSN - INFO - t=160: B=-19990.00, Cut=0, Best=12926
2026-01-14 18:09:16,871 - DSN - INFO - t=200: B=-19990.00, Cut=12909, Best=12926 [LS]
2026-01-14 18:09:17,401 - DSN - INFO - t=240: B=-19990.00, Cut=0, Best=12926
2026-01-14 18:09:18,049 - DSN - INFO - t=280: B=-19990.00, Cut=0, Best=12926
2026-01-14 18:09:18,716 - DSN - INFO - t=320: B=-19990.00, Cut=0, Best=12926
2026-01-14 18:09:19,370 - DSN - INFO - t=360: B=-19990.00, Cut=0, Best=12926
2026-01-14 18:09:20,004 - DSN - INFO - t=400: B=-19990.00, Cut=12909, Best=12926 [LS]
2026-01-14 18:09:20,523 - DSN - INFO - t=440: B=-19990.00, Cut=0, Best=12926
2026-01-14 18:09:21,167 - DSN - INFO - t=480: B=-19990.00, Cut=0, Best=12926
2026-01-14 18:09:21,540 - DSN - INFO - DSN GPU done in 7.97s | Cut=12926
2026-01-14 18:09:21,544 - DSN - INFO - Results saved to: results/Gset/DSN_thorough/G24.csv
2026-01-14 18:09:21,544 - DSN - INFO - Cut: 12926 | Bound: -19990.00 | Time: 7.97s
2026-01-14 18:09:21,544 - DSN - INFO - Initialized DSN_thorough | preset=thorough | GPU=True
2026-01-14 18:09:21,544 - DSN - INFO - Params: η=0.003, T=500, init=degree, LS=True
2026-01-14 18:09:21,544 - DSN - INFO - Using GPU solver (CuPy)
2026-01-14 18:09:21,547 - DSN - INFO - DSN GPU Solver: n=2000, edges=19990
2026-01-14 18:09:21,547 - DSN - INFO - DSN GPU: T=500, η=0.003, LS=True
2026-01-14 18:09:21,684 - DSN - INFO - t=000: B=-21074.56, Cut=12867, Best=12867 [LS]
2026-01-14 18:09:22,221 - DSN - INFO - t=040: B=-19999.14, Cut=0, Best=12867
2026-01-14 18:09:22,872 - DSN - INFO - t=080: B=-19990.26, Cut=0, Best=12909
2026-01-14 18:09:23,530 - DSN - INFO - t=120: B=-19990.02, Cut=0, Best=12909
2026-01-14 18:09:24,182 - DSN - INFO - t=160: B=-19990.00, Cut=0, Best=12909
2026-01-14 18:09:24,835 - DSN - INFO - t=200: B=-19990.00, Cut=12909, Best=12909 [LS]
2026-01-14 18:09:25,368 - DSN - INFO - t=240: B=-19990.00, Cut=0, Best=12909
2026-01-14 18:09:26,031 - DSN - INFO - t=280: B=-19990.00, Cut=0, Best=12909
2026-01-14 18:09:26,703 - DSN - INFO - t=320: B=-19990.00, Cut=0, Best=12909
2026-01-14 18:09:27,361 - DSN - INFO - t=360: B=-19990.00, Cut=0, Best=12909
2026-01-14 18:09:28,024 - DSN - INFO - t=400: B=-19990.00, Cut=12909, Best=12909 [LS]
2026-01-14 18:09:28,597 - DSN - INFO - t=440: B=-19990.00, Cut=0, Best=12909
2026-01-14 18:09:29,270 - DSN - INFO - t=480: B=-19990.00, Cut=0, Best=12909
2026-01-14 18:09:29,642 - DSN - INFO - DSN GPU done in 8.10s | Cut=12909
2026-01-14 18:09:29,646 - DSN - INFO - Results saved to: results/Gset/DSN_thorough/G24.csv
2026-01-14 18:09:29,646 - DSN - INFO - Cut: 12909 | Bound: -19990.00 | Time: 8.10s
2026-01-14 18:09:29,646 - DSN - INFO - Initialized DSN_thorough | preset=thorough | GPU=True
2026-01-14 18:09:29,646 - DSN - INFO - Params: η=0.003, T=500, init=degree, LS=True
2026-01-14 18:09:29,646 - DSN - INFO - Using GPU solver (CuPy)
2026-01-14 18:09:29,649 - DSN - INFO - DSN GPU Solver: n=2000, edges=19990
2026-01-14 18:09:29,649 - DSN - INFO - DSN GPU: T=500, η=0.003, LS=True
2026-01-14 18:09:29,766 - DSN - INFO - t=000: B=-21074.55, Cut=12926, Best=12926 [LS]
2026-01-14 18:09:30,296 - DSN - INFO - t=040: B=-19999.14, Cut=0, Best=12926
2026-01-14 18:09:30,938 - DSN - INFO - t=080: B=-19990.26, Cut=0, Best=12926
2026-01-14 18:09:31,599 - DSN - INFO - t=120: B=-19990.01, Cut=0, Best=12926
2026-01-14 18:09:32,254 - DSN - INFO - t=160: B=-19990.00, Cut=0, Best=12926
2026-01-14 18:09:32,900 - DSN - INFO - t=200: B=-19990.00, Cut=12909, Best=12926 [LS]
2026-01-14 18:09:33,425 - DSN - INFO - t=240: B=-19990.00, Cut=0, Best=12926
2026-01-14 18:09:34,081 - DSN - INFO - t=280: B=-19990.00, Cut=0, Best=12926
2026-01-14 18:09:34,725 - DSN - INFO - t=320: B=-19990.00, Cut=0, Best=12926
2026-01-14 18:09:35,402 - DSN - INFO - t=360: B=-19990.00, Cut=0, Best=12926
2026-01-14 18:09:36,039 - DSN - INFO - t=400: B=-19990.00, Cut=12909, Best=12926 [LS]
2026-01-14 18:09:36,553 - DSN - INFO - t=440: B=-19990.00, Cut=0, Best=12926
2026-01-14 18:09:37,189 - DSN - INFO - t=480: B=-19990.00, Cut=0, Best=12926
2026-01-14 18:09:37,559 - DSN - INFO - DSN GPU done in 7.91s | Cut=12926
2026-01-14 18:09:37,563 - DSN - INFO - Results saved to: results/Gset/DSN_thorough/G24.csv
2026-01-14 18:09:37,563 - DSN - INFO - Cut: 12926 | Bound: -19990.00 | Time: 7.91s
2026-01-14 18:09:37,563 - DSN - INFO - Initialized DSN_thorough | preset=thorough | GPU=True
2026-01-14 18:09:37,563 - DSN - INFO - Params: η=0.003, T=500, init=degree, LS=True
2026-01-14 18:09:37,563 - DSN - INFO - Using GPU solver (CuPy)
2026-01-14 18:09:37,566 - DSN - INFO - DSN GPU Solver: n=2000, edges=19990
2026-01-14 18:09:37,566 - DSN - INFO - DSN GPU: T=500, η=0.003, LS=True
2026-01-14 18:09:37,677 - DSN - INFO - t=000: B=-21074.56, Cut=12780, Best=12780 [LS]
2026-01-14 18:09:38,209 - DSN - INFO - t=040: B=-19999.14, Cut=0, Best=12780
2026-01-14 18:09:38,860 - DSN - INFO - t=080: B=-19990.27, Cut=0, Best=12909
2026-01-14 18:09:39,514 - DSN - INFO - t=120: B=-19990.01, Cut=0, Best=12909
2026-01-14 18:09:40,171 - DSN - INFO - t=160: B=-19990.00, Cut=0, Best=12909
2026-01-14 18:09:40,821 - DSN - INFO - t=200: B=-19990.00, Cut=12909, Best=12909 [LS]
2026-01-14 18:09:41,348 - DSN - INFO - t=240: B=-19990.00, Cut=0, Best=12909
2026-01-14 18:09:41,985 - DSN - INFO - t=280: B=-19990.00, Cut=0, Best=12909
2026-01-14 18:09:42,624 - DSN - INFO - t=320: B=-19990.00, Cut=0, Best=12909
2026-01-14 18:09:43,295 - DSN - INFO - t=360: B=-19990.00, Cut=0, Best=12909
2026-01-14 18:09:43,953 - DSN - INFO - t=400: B=-19990.00, Cut=12909, Best=12909 [LS]
2026-01-14 18:09:44,508 - DSN - INFO - t=440: B=-19990.00, Cut=0, Best=12909
2026-01-14 18:09:45,190 - DSN - INFO - t=480: B=-19990.00, Cut=0, Best=12909
2026-01-14 18:09:45,589 - DSN - INFO - DSN GPU done in 8.02s | Cut=12909
2026-01-14 18:09:45,593 - DSN - INFO - Results saved to: results/Gset/DSN_thorough/G24.csv
2026-01-14 18:09:45,593 - DSN - INFO - Cut: 12909 | Bound: -19990.00 | Time: 8.03s
2026-01-14 18:09:45,624 - DSN - INFO - Initialized DSN_thorough | preset=thorough | GPU=True
2026-01-14 18:09:45,624 - DSN - INFO - Params: η=0.003, T=500, init=degree, LS=True
2026-01-14 18:09:45,624 - DSN - INFO - Using GPU solver (CuPy)
2026-01-14 18:09:45,626 - DSN - INFO - DSN GPU Solver: n=2000, edges=19990
2026-01-14 18:09:45,626 - DSN - INFO - DSN GPU: T=500, η=0.003, LS=True
2026-01-14 18:09:45,757 - DSN - INFO - t=000: B=-21063.57, Cut=12770, Best=12770 [LS]
2026-01-14 18:09:46,289 - DSN - INFO - t=040: B=-19999.06, Cut=0, Best=12770
2026-01-14 18:09:46,950 - DSN - INFO - t=080: B=-19990.27, Cut=0, Best=12875
2026-01-14 18:09:47,604 - DSN - INFO - t=120: B=-19990.01, Cut=0, Best=12875
2026-01-14 18:09:48,275 - DSN - INFO - t=160: B=-19990.00, Cut=0, Best=12875
2026-01-14 18:09:48,930 - DSN - INFO - t=200: B=-19990.00, Cut=12875, Best=12875 [LS]
2026-01-14 18:09:49,476 - DSN - INFO - t=240: B=-19990.00, Cut=0, Best=12875
2026-01-14 18:09:50,132 - DSN - INFO - t=280: B=-19990.00, Cut=0, Best=12875
2026-01-14 18:09:50,791 - DSN - INFO - t=320: B=-19990.00, Cut=0, Best=12875
2026-01-14 18:09:51,447 - DSN - INFO - t=360: B=-19990.00, Cut=0, Best=12875
2026-01-14 18:09:52,128 - DSN - INFO - t=400: B=-19990.00, Cut=12875, Best=12875 [LS]
2026-01-14 18:09:52,667 - DSN - INFO - t=440: B=-19990.00, Cut=0, Best=12875
2026-01-14 18:09:53,307 - DSN - INFO - t=480: B=-19990.00, Cut=0, Best=12875
2026-01-14 18:09:53,678 - DSN - INFO - DSN GPU done in 8.05s | Cut=12875
2026-01-14 18:09:53,681 - DSN - INFO - Results saved to: results/Gset/DSN_thorough/G25.csv
2026-01-14 18:09:53,681 - DSN - INFO - Cut: 12875 | Bound: -19990.00 | Time: 8.05s
2026-01-14 18:09:53,681 - DSN - INFO - Initialized DSN_thorough | preset=thorough | GPU=True
2026-01-14 18:09:53,681 - DSN - INFO - Params: η=0.003, T=500, init=degree, LS=True
2026-01-14 18:09:53,681 - DSN - INFO - Using GPU solver (CuPy)
2026-01-14 18:09:53,684 - DSN - INFO - DSN GPU Solver: n=2000, edges=19990
2026-01-14 18:09:53,684 - DSN - INFO - DSN GPU: T=500, η=0.003, LS=True
2026-01-14 18:09:53,826 - DSN - INFO - t=000: B=-21063.57, Cut=12923, Best=12923 [LS]
2026-01-14 18:09:54,361 - DSN - INFO - t=040: B=-19999.06, Cut=0, Best=12923
2026-01-14 18:09:55,021 - DSN - INFO - t=080: B=-19990.27, Cut=0, Best=12923
2026-01-14 18:09:55,678 - DSN - INFO - t=120: B=-19990.02, Cut=0, Best=12923
2026-01-14 18:09:56,342 - DSN - INFO - t=160: B=-19990.00, Cut=0, Best=12923
2026-01-14 18:09:56,993 - DSN - INFO - t=200: B=-19990.00, Cut=12875, Best=12923 [LS]
2026-01-14 18:09:57,538 - DSN - INFO - t=240: B=-19990.00, Cut=0, Best=12923
2026-01-14 18:09:58,194 - DSN - INFO - t=280: B=-19990.00, Cut=0, Best=12923
2026-01-14 18:09:58,848 - DSN - INFO - t=320: B=-19990.00, Cut=0, Best=12923
2026-01-14 18:09:59,497 - DSN - INFO - t=360: B=-19990.00, Cut=0, Best=12923
2026-01-14 18:10:00,144 - DSN - INFO - t=400: B=-19990.00, Cut=12875, Best=12923 [LS]
2026-01-14 18:10:00,668 - DSN - INFO - t=440: B=-19990.00, Cut=0, Best=12923
2026-01-14 18:10:01,321 - DSN - INFO - t=480: B=-19990.00, Cut=0, Best=12923
2026-01-14 18:10:01,724 - DSN - INFO - DSN GPU done in 8.04s | Cut=12923
2026-01-14 18:10:01,727 - DSN - INFO - Results saved to: results/Gset/DSN_thorough/G25.csv
2026-01-14 18:10:01,728 - DSN - INFO - Cut: 12923 | Bound: -19990.00 | Time: 8.04s
2026-01-14 18:10:01,728 - DSN - INFO - Initialized DSN_thorough | preset=thorough | GPU=True
2026-01-14 18:10:01,728 - DSN - INFO - Params: η=0.003, T=500, init=degree, LS=True
2026-01-14 18:10:01,728 - DSN - INFO - Using GPU solver (CuPy)
2026-01-14 18:10:01,730 - DSN - INFO - DSN GPU Solver: n=2000, edges=19990
2026-01-14 18:10:01,731 - DSN - INFO - DSN GPU: T=500, η=0.003, LS=True
2026-01-14 18:10:01,854 - DSN - INFO - t=000: B=-21063.57, Cut=12832, Best=12832 [LS]
2026-01-14 18:10:02,383 - DSN - INFO - t=040: B=-19999.06, Cut=0, Best=12832
2026-01-14 18:10:03,045 - DSN - INFO - t=080: B=-19990.27, Cut=0, Best=12875
2026-01-14 18:10:03,705 - DSN - INFO - t=120: B=-19990.02, Cut=0, Best=12875
2026-01-14 18:10:04,371 - DSN - INFO - t=160: B=-19990.00, Cut=0, Best=12875
2026-01-14 18:10:05,027 - DSN - INFO - t=200: B=-19990.00, Cut=12875, Best=12875 [LS]
2026-01-14 18:10:05,560 - DSN - INFO - t=240: B=-19990.00, Cut=0, Best=12875
2026-01-14 18:10:06,216 - DSN - INFO - t=280: B=-19990.00, Cut=0, Best=12875
2026-01-14 18:10:06,865 - DSN - INFO - t=320: B=-19990.00, Cut=0, Best=12875
2026-01-14 18:10:07,506 - DSN - INFO - t=360: B=-19990.00, Cut=0, Best=12875
2026-01-14 18:10:08,138 - DSN - INFO - t=400: B=-19990.00, Cut=12875, Best=12875 [LS]
2026-01-14 18:10:08,655 - DSN - INFO - t=440: B=-19990.00, Cut=0, Best=12875
2026-01-14 18:10:09,287 - DSN - INFO - t=480: B=-19990.00, Cut=0, Best=12875
2026-01-14 18:10:09,651 - DSN - INFO - DSN GPU done in 7.92s | Cut=12875
2026-01-14 18:10:09,655 - DSN - INFO - Results saved to: results/Gset/DSN_thorough/G25.csv
2026-01-14 18:10:09,655 - DSN - INFO - Cut: 12875 | Bound: -19990.00 | Time: 7.92s
2026-01-14 18:10:09,655 - DSN - INFO - Initialized DSN_thorough | preset=thorough | GPU=True
2026-01-14 18:10:09,655 - DSN - INFO - Params: η=0.003, T=500, init=degree, LS=True
2026-01-14 18:10:09,655 - DSN - INFO - Using GPU solver (CuPy)
2026-01-14 18:10:09,657 - DSN - INFO - DSN GPU Solver: n=2000, edges=19990
2026-01-14 18:10:09,658 - DSN - INFO - DSN GPU: T=500, η=0.003, LS=True
2026-01-14 18:10:09,793 - DSN - INFO - t=000: B=-21063.57, Cut=12897, Best=12897 [LS]
2026-01-14 18:10:10,322 - DSN - INFO - t=040: B=-19999.06, Cut=0, Best=12897
2026-01-14 18:10:10,988 - DSN - INFO - t=080: B=-19990.27, Cut=0, Best=12897
2026-01-14 18:10:11,639 - DSN - INFO - t=120: B=-19990.02, Cut=0, Best=12897
2026-01-14 18:10:12,300 - DSN - INFO - t=160: B=-19990.00, Cut=0, Best=12897
2026-01-14 18:10:12,953 - DSN - INFO - t=200: B=-19990.00, Cut=12875, Best=12897 [LS]
2026-01-14 18:10:13,493 - DSN - INFO - t=240: B=-19990.00, Cut=0, Best=12897
2026-01-14 18:10:14,166 - DSN - INFO - t=280: B=-19990.00, Cut=0, Best=12897
2026-01-14 18:10:14,837 - DSN - INFO - t=320: B=-19990.00, Cut=0, Best=12897
2026-01-14 18:10:15,504 - DSN - INFO - t=360: B=-19990.00, Cut=0, Best=12897
2026-01-14 18:10:16,168 - DSN - INFO - t=400: B=-19990.00, Cut=12875, Best=12897 [LS]
2026-01-14 18:10:16,688 - DSN - INFO - t=440: B=-19990.00, Cut=0, Best=12897
2026-01-14 18:10:17,325 - DSN - INFO - t=480: B=-19990.00, Cut=0, Best=12897
2026-01-14 18:10:17,693 - DSN - INFO - DSN GPU done in 8.04s | Cut=12897
2026-01-14 18:10:17,697 - DSN - INFO - Results saved to: results/Gset/DSN_thorough/G25.csv
2026-01-14 18:10:17,697 - DSN - INFO - Cut: 12897 | Bound: -19990.00 | Time: 8.04s
2026-01-14 18:10:17,697 - DSN - INFO - Initialized DSN_thorough | preset=thorough | GPU=True
2026-01-14 18:10:17,697 - DSN - INFO - Params: η=0.003, T=500, init=degree, LS=True
2026-01-14 18:10:17,697 - DSN - INFO - Using GPU solver (CuPy)
2026-01-14 18:10:17,700 - DSN - INFO - DSN GPU Solver: n=2000, edges=19990
2026-01-14 18:10:17,700 - DSN - INFO - DSN GPU: T=500, η=0.003, LS=True
2026-01-14 18:10:17,832 - DSN - INFO - t=000: B=-21063.57, Cut=12823, Best=12823 [LS]
2026-01-14 18:10:18,369 - DSN - INFO - t=040: B=-19999.06, Cut=0, Best=12823
2026-01-14 18:10:19,028 - DSN - INFO - t=080: B=-19990.27, Cut=0, Best=12875
2026-01-14 18:10:19,685 - DSN - INFO - t=120: B=-19990.02, Cut=0, Best=12875
2026-01-14 18:10:20,344 - DSN - INFO - t=160: B=-19990.00, Cut=0, Best=12875
2026-01-14 18:10:21,005 - DSN - INFO - t=200: B=-19990.00, Cut=12875, Best=12875 [LS]
2026-01-14 18:10:21,552 - DSN - INFO - t=240: B=-19990.00, Cut=0, Best=12875
2026-01-14 18:10:22,202 - DSN - INFO - t=280: B=-19990.00, Cut=0, Best=12875
2026-01-14 18:10:22,849 - DSN - INFO - t=320: B=-19990.00, Cut=0, Best=12875
2026-01-14 18:10:23,501 - DSN - INFO - t=360: B=-19990.00, Cut=0, Best=12875
2026-01-14 18:10:24,184 - DSN - INFO - t=400: B=-19990.00, Cut=12875, Best=12875 [LS]
2026-01-14 18:10:24,736 - DSN - INFO - t=440: B=-19990.00, Cut=0, Best=12875
2026-01-14 18:10:25,440 - DSN - INFO - t=480: B=-19990.00, Cut=0, Best=12875
2026-01-14 18:10:25,824 - DSN - INFO - DSN GPU done in 8.12s | Cut=12875
2026-01-14 18:10:25,828 - DSN - INFO - Results saved to: results/Gset/DSN_thorough/G25.csv
2026-01-14 18:10:25,828 - DSN - INFO - Cut: 12875 | Bound: -19990.00 | Time: 8.13s
2026-01-14 18:10:25,828 - DSN - INFO - Initialized DSN_thorough | preset=thorough | GPU=True
2026-01-14 18:10:25,828 - DSN - INFO - Params: η=0.003, T=500, init=degree, LS=True
2026-01-14 18:10:25,828 - DSN - INFO - Using GPU solver (CuPy)
2026-01-14 18:10:25,831 - DSN - INFO - DSN GPU Solver: n=2000, edges=19990
2026-01-14 18:10:25,831 - DSN - INFO - DSN GPU: T=500, η=0.003, LS=True
2026-01-14 18:10:25,964 - DSN - INFO - t=000: B=-21063.57, Cut=12871, Best=12871 [LS]
2026-01-14 18:10:26,491 - DSN - INFO - t=040: B=-19999.06, Cut=0, Best=12871
2026-01-14 18:10:27,154 - DSN - INFO - t=080: B=-19990.27, Cut=0, Best=12875
2026-01-14 18:10:27,810 - DSN - INFO - t=120: B=-19990.02, Cut=0, Best=12875
2026-01-14 18:10:28,470 - DSN - INFO - t=160: B=-19990.00, Cut=0, Best=12875
2026-01-14 18:10:29,127 - DSN - INFO - t=200: B=-19990.00, Cut=12875, Best=12875 [LS]
2026-01-14 18:10:29,661 - DSN - INFO - t=240: B=-19990.00, Cut=0, Best=12875
2026-01-14 18:10:30,327 - DSN - INFO - t=280: B=-19990.00, Cut=0, Best=12875
2026-01-14 18:10:30,998 - DSN - INFO - t=320: B=-19990.00, Cut=0, Best=12875
2026-01-14 18:10:31,679 - DSN - INFO - t=360: B=-19990.00, Cut=0, Best=12875
2026-01-14 18:10:32,319 - DSN - INFO - t=400: B=-19990.00, Cut=12875, Best=12875 [LS]
2026-01-14 18:10:32,841 - DSN - INFO - t=440: B=-19990.00, Cut=0, Best=12875
2026-01-14 18:10:33,480 - DSN - INFO - t=480: B=-19990.00, Cut=0, Best=12875
2026-01-14 18:10:33,850 - DSN - INFO - DSN GPU done in 8.02s | Cut=12875
2026-01-14 18:10:33,854 - DSN - INFO - Results saved to: results/Gset/DSN_thorough/G25.csv
2026-01-14 18:10:33,854 - DSN - INFO - Cut: 12875 | Bound: -19990.00 | Time: 8.02s
2026-01-14 18:10:33,854 - DSN - INFO - Initialized DSN_thorough | preset=thorough | GPU=True
2026-01-14 18:10:33,854 - DSN - INFO - Params: η=0.003, T=500, init=degree, LS=True
2026-01-14 18:10:33,854 - DSN - INFO - Using GPU solver (CuPy)
2026-01-14 18:10:33,857 - DSN - INFO - DSN GPU Solver: n=2000, edges=19990
2026-01-14 18:10:33,857 - DSN - INFO - DSN GPU: T=500, η=0.003, LS=True
2026-01-14 18:10:33,999 - DSN - INFO - t=000: B=-21063.57, Cut=12923, Best=12923 [LS]
2026-01-14 18:10:34,532 - DSN - INFO - t=040: B=-19999.06, Cut=0, Best=12923
2026-01-14 18:10:35,191 - DSN - INFO - t=080: B=-19990.27, Cut=0, Best=12923
2026-01-14 18:10:35,850 - DSN - INFO - t=120: B=-19990.02, Cut=0, Best=12923
2026-01-14 18:10:36,517 - DSN - INFO - t=160: B=-19990.00, Cut=0, Best=12923
2026-01-14 18:10:37,170 - DSN - INFO - t=200: B=-19990.00, Cut=12875, Best=12923 [LS]
2026-01-14 18:10:37,709 - DSN - INFO - t=240: B=-19990.00, Cut=0, Best=12923
2026-01-14 18:10:38,381 - DSN - INFO - t=280: B=-19990.00, Cut=0, Best=12923
2026-01-14 18:10:39,042 - DSN - INFO - t=320: B=-19990.00, Cut=0, Best=12923
2026-01-14 18:10:39,689 - DSN - INFO - t=360: B=-19990.00, Cut=0, Best=12923
2026-01-14 18:10:40,350 - DSN - INFO - t=400: B=-19990.00, Cut=12875, Best=12923 [LS]
2026-01-14 18:10:40,901 - DSN - INFO - t=440: B=-19990.00, Cut=0, Best=12923
2026-01-14 18:10:41,591 - DSN - INFO - t=480: B=-19990.00, Cut=0, Best=12923
2026-01-14 18:10:41,971 - DSN - INFO - DSN GPU done in 8.11s | Cut=12923
2026-01-14 18:10:41,975 - DSN - INFO - Results saved to: results/Gset/DSN_thorough/G25.csv
2026-01-14 18:10:41,975 - DSN - INFO - Cut: 12923 | Bound: -19990.00 | Time: 8.12s
2026-01-14 18:10:41,975 - DSN - INFO - Initialized DSN_thorough | preset=thorough | GPU=True
2026-01-14 18:10:41,975 - DSN - INFO - Params: η=0.003, T=500, init=degree, LS=True
2026-01-14 18:10:41,975 - DSN - INFO - Using GPU solver (CuPy)
2026-01-14 18:10:41,977 - DSN - INFO - DSN GPU Solver: n=2000, edges=19990
2026-01-14 18:10:41,978 - DSN - INFO - DSN GPU: T=500, η=0.003, LS=True
2026-01-14 18:10:42,117 - DSN - INFO - t=000: B=-21063.57, Cut=12815, Best=12815 [LS]
2026-01-14 18:10:42,649 - DSN - INFO - t=040: B=-19999.06, Cut=0, Best=12815
2026-01-14 18:10:43,309 - DSN - INFO - t=080: B=-19990.27, Cut=0, Best=12875
2026-01-14 18:10:43,970 - DSN - INFO - t=120: B=-19990.01, Cut=0, Best=12875
2026-01-14 18:10:44,641 - DSN - INFO - t=160: B=-19990.00, Cut=0, Best=12875
2026-01-14 18:10:45,301 - DSN - INFO - t=200: B=-19990.00, Cut=12875, Best=12875 [LS]
2026-01-14 18:10:45,846 - DSN - INFO - t=240: B=-19990.00, Cut=0, Best=12875
2026-01-14 18:10:46,508 - DSN - INFO - t=280: B=-19990.00, Cut=0, Best=12875
2026-01-14 18:10:47,161 - DSN - INFO - t=320: B=-19990.00, Cut=0, Best=12875
2026-01-14 18:10:47,835 - DSN - INFO - t=360: B=-19990.00, Cut=0, Best=12875
2026-01-14 18:10:48,491 - DSN - INFO - t=400: B=-19990.00, Cut=12875, Best=12875 [LS]
2026-01-14 18:10:49,015 - DSN - INFO - t=440: B=-19990.00, Cut=0, Best=12875
2026-01-14 18:10:49,654 - DSN - INFO - t=480: B=-19990.00, Cut=0, Best=12875
2026-01-14 18:10:50,024 - DSN - INFO - DSN GPU done in 8.05s | Cut=12875
2026-01-14 18:10:50,028 - DSN - INFO - Results saved to: results/Gset/DSN_thorough/G25.csv
2026-01-14 18:10:50,028 - DSN - INFO - Cut: 12875 | Bound: -19990.00 | Time: 8.05s
2026-01-14 18:10:50,028 - DSN - INFO - Initialized DSN_thorough | preset=thorough | GPU=True
2026-01-14 18:10:50,028 - DSN - INFO - Params: η=0.003, T=500, init=degree, LS=True
2026-01-14 18:10:50,028 - DSN - INFO - Using GPU solver (CuPy)
2026-01-14 18:10:50,031 - DSN - INFO - DSN GPU Solver: n=2000, edges=19990
2026-01-14 18:10:50,031 - DSN - INFO - DSN GPU: T=500, η=0.003, LS=True
2026-01-14 18:10:50,139 - DSN - INFO - t=000: B=-21063.57, Cut=12748, Best=12748 [LS]
2026-01-14 18:10:50,674 - DSN - INFO - t=040: B=-19999.06, Cut=0, Best=12748
2026-01-14 18:10:51,339 - DSN - INFO - t=080: B=-19990.27, Cut=0, Best=12875
2026-01-14 18:10:52,000 - DSN - INFO - t=120: B=-19990.02, Cut=0, Best=12875
2026-01-14 18:10:52,665 - DSN - INFO - t=160: B=-19990.00, Cut=0, Best=12875
2026-01-14 18:10:53,323 - DSN - INFO - t=200: B=-19990.00, Cut=12875, Best=12875 [LS]
2026-01-14 18:10:53,858 - DSN - INFO - t=240: B=-19990.00, Cut=0, Best=12875
2026-01-14 18:10:54,517 - DSN - INFO - t=280: B=-19990.00, Cut=0, Best=12875
2026-01-14 18:10:55,190 - DSN - INFO - t=320: B=-19990.00, Cut=0, Best=12875
2026-01-14 18:10:55,850 - DSN - INFO - t=360: B=-19990.00, Cut=0, Best=12875
2026-01-14 18:10:56,540 - DSN - INFO - t=400: B=-19990.00, Cut=12875, Best=12875 [LS]
2026-01-14 18:10:57,131 - DSN - INFO - t=440: B=-19990.00, Cut=0, Best=12875
2026-01-14 18:10:57,836 - DSN - INFO - t=480: B=-19990.00, Cut=0, Best=12875
2026-01-14 18:10:58,243 - DSN - INFO - DSN GPU done in 8.21s | Cut=12875
2026-01-14 18:10:58,247 - DSN - INFO - Results saved to: results/Gset/DSN_thorough/G25.csv
2026-01-14 18:10:58,247 - DSN - INFO - Cut: 12875 | Bound: -19990.00 | Time: 8.22s
2026-01-14 18:10:58,247 - DSN - INFO - Initialized DSN_thorough | preset=thorough | GPU=True
2026-01-14 18:10:58,247 - DSN - INFO - Params: η=0.003, T=500, init=degree, LS=True
2026-01-14 18:10:58,247 - DSN - INFO - Using GPU solver (CuPy)
2026-01-14 18:10:58,250 - DSN - INFO - DSN GPU Solver: n=2000, edges=19990
2026-01-14 18:10:58,250 - DSN - INFO - DSN GPU: T=500, η=0.003, LS=True
2026-01-14 18:10:58,366 - DSN - INFO - t=000: B=-21063.57, Cut=12859, Best=12859 [LS]
2026-01-14 18:10:58,901 - DSN - INFO - t=040: B=-19999.06, Cut=0, Best=12859
2026-01-14 18:10:59,560 - DSN - INFO - t=080: B=-19990.27, Cut=0, Best=12875
2026-01-14 18:11:00,215 - DSN - INFO - t=120: B=-19990.01, Cut=0, Best=12875
2026-01-14 18:11:00,884 - DSN - INFO - t=160: B=-19990.00, Cut=0, Best=12875
2026-01-14 18:11:01,544 - DSN - INFO - t=200: B=-19990.00, Cut=12875, Best=12875 [LS]
2026-01-14 18:11:02,092 - DSN - INFO - t=240: B=-19990.00, Cut=0, Best=12875
2026-01-14 18:11:02,756 - DSN - INFO - t=280: B=-19990.00, Cut=0, Best=12875
2026-01-14 18:11:03,414 - DSN - INFO - t=320: B=-19990.00, Cut=0, Best=12875
2026-01-14 18:11:04,060 - DSN - INFO - t=360: B=-19990.00, Cut=0, Best=12875
2026-01-14 18:11:04,696 - DSN - INFO - t=400: B=-19990.00, Cut=12875, Best=12875 [LS]
2026-01-14 18:11:05,214 - DSN - INFO - t=440: B=-19990.00, Cut=0, Best=12875
2026-01-14 18:11:05,849 - DSN - INFO - t=480: B=-19990.00, Cut=0, Best=12875
2026-01-14 18:11:06,220 - DSN - INFO - DSN GPU done in 7.97s | Cut=12875
2026-01-14 18:11:06,223 - DSN - INFO - Results saved to: results/Gset/DSN_thorough/G25.csv
2026-01-14 18:11:06,223 - DSN - INFO - Cut: 12875 | Bound: -19990.00 | Time: 7.97s
2026-01-14 18:11:06,254 - DSN - INFO - Initialized DSN_thorough | preset=thorough | GPU=True
2026-01-14 18:11:06,254 - DSN - INFO - Params: η=0.003, T=500, init=degree, LS=True
2026-01-14 18:11:06,254 - DSN - INFO - Using GPU solver (CuPy)
2026-01-14 18:11:06,256 - DSN - INFO - DSN GPU Solver: n=2000, edges=19990
2026-01-14 18:11:06,257 - DSN - INFO - DSN GPU: T=500, η=0.003, LS=True
2026-01-14 18:11:06,389 - DSN - INFO - t=000: B=-21092.97, Cut=12883, Best=12883 [LS]
2026-01-14 18:11:06,921 - DSN - INFO - t=040: B=-19999.39, Cut=0, Best=12883
2026-01-14 18:11:07,583 - DSN - INFO - t=080: B=-19990.29, Cut=0, Best=12915
2026-01-14 18:11:08,242 - DSN - INFO - t=120: B=-19990.02, Cut=0, Best=12915
2026-01-14 18:11:08,908 - DSN - INFO - t=160: B=-19990.00, Cut=0, Best=12915
2026-01-14 18:11:09,567 - DSN - INFO - t=200: B=-19990.00, Cut=12915, Best=12915 [LS]
2026-01-14 18:11:10,098 - DSN - INFO - t=240: B=-19990.00, Cut=0, Best=12915
2026-01-14 18:11:10,762 - DSN - INFO - t=280: B=-19990.00, Cut=0, Best=12915
2026-01-14 18:11:11,427 - DSN - INFO - t=320: B=-19990.00, Cut=0, Best=12915
2026-01-14 18:11:12,107 - DSN - INFO - t=360: B=-19990.00, Cut=0, Best=12915
2026-01-14 18:11:12,802 - DSN - INFO - t=400: B=-19990.00, Cut=12915, Best=12915 [LS]
2026-01-14 18:11:13,390 - DSN - INFO - t=440: B=-19990.00, Cut=0, Best=12915
2026-01-14 18:11:14,103 - DSN - INFO - t=480: B=-19990.00, Cut=0, Best=12915
2026-01-14 18:11:14,513 - DSN - INFO - DSN GPU done in 8.26s | Cut=12915
2026-01-14 18:11:14,515 - DSN - INFO - Results saved to: results/Gset/DSN_thorough/G26.csv
2026-01-14 18:11:14,515 - DSN - INFO - Cut: 12915 | Bound: -19990.00 | Time: 8.26s
2026-01-14 18:11:14,515 - DSN - INFO - Initialized DSN_thorough | preset=thorough | GPU=True
2026-01-14 18:11:14,515 - DSN - INFO - Params: η=0.003, T=500, init=degree, LS=True
2026-01-14 18:11:14,515 - DSN - INFO - Using GPU solver (CuPy)
2026-01-14 18:11:14,518 - DSN - INFO - DSN GPU Solver: n=2000, edges=19990
2026-01-14 18:11:14,518 - DSN - INFO - DSN GPU: T=500, η=0.003, LS=True
2026-01-14 18:11:14,654 - DSN - INFO - t=000: B=-21092.97, Cut=12888, Best=12888 [LS]
2026-01-14 18:11:15,191 - DSN - INFO - t=040: B=-19999.39, Cut=0, Best=12888
2026-01-14 18:11:15,850 - DSN - INFO - t=080: B=-19990.29, Cut=0, Best=12915
2026-01-14 18:11:16,508 - DSN - INFO - t=120: B=-19990.02, Cut=0, Best=12915
2026-01-14 18:11:17,174 - DSN - INFO - t=160: B=-19990.00, Cut=0, Best=12915
2026-01-14 18:11:17,833 - DSN - INFO - t=200: B=-19990.00, Cut=12915, Best=12915 [LS]
2026-01-14 18:11:18,362 - DSN - INFO - t=240: B=-19990.00, Cut=0, Best=12915
2026-01-14 18:11:19,021 - DSN - INFO - t=280: B=-19990.00, Cut=0, Best=12915
2026-01-14 18:11:19,691 - DSN - INFO - t=320: B=-19990.00, Cut=0, Best=12915
2026-01-14 18:11:20,344 - DSN - INFO - t=360: B=-19990.00, Cut=0, Best=12915
2026-01-14 18:11:21,020 - DSN - INFO - t=400: B=-19990.00, Cut=12915, Best=12915 [LS]
2026-01-14 18:11:21,570 - DSN - INFO - t=440: B=-19990.00, Cut=0, Best=12915
2026-01-14 18:11:22,275 - DSN - INFO - t=480: B=-19990.00, Cut=0, Best=12915
2026-01-14 18:11:22,686 - DSN - INFO - DSN GPU done in 8.17s | Cut=12915
2026-01-14 18:11:22,690 - DSN - INFO - Results saved to: results/Gset/DSN_thorough/G26.csv
2026-01-14 18:11:22,690 - DSN - INFO - Cut: 12915 | Bound: -19990.00 | Time: 8.17s
2026-01-14 18:11:22,690 - DSN - INFO - Initialized DSN_thorough | preset=thorough | GPU=True
2026-01-14 18:11:22,690 - DSN - INFO - Params: η=0.003, T=500, init=degree, LS=True
2026-01-14 18:11:22,690 - DSN - INFO - Using GPU solver (CuPy)
2026-01-14 18:11:22,693 - DSN - INFO - DSN GPU Solver: n=2000, edges=19990
2026-01-14 18:11:22,693 - DSN - INFO - DSN GPU: T=500, η=0.003, LS=True
2026-01-14 18:11:22,818 - DSN - INFO - t=000: B=-21092.97, Cut=12882, Best=12882 [LS]
2026-01-14 18:11:23,349 - DSN - INFO - t=040: B=-19999.39, Cut=0, Best=12882
2026-01-14 18:11:24,007 - DSN - INFO - t=080: B=-19990.29, Cut=0, Best=12915
2026-01-14 18:11:24,661 - DSN - INFO - t=120: B=-19990.02, Cut=0, Best=12915
2026-01-14 18:11:25,325 - DSN - INFO - t=160: B=-19990.00, Cut=0, Best=12915
2026-01-14 18:11:25,980 - DSN - INFO - t=200: B=-19990.00, Cut=12915, Best=12915 [LS]
2026-01-14 18:11:26,515 - DSN - INFO - t=240: B=-19990.00, Cut=0, Best=12915
2026-01-14 18:11:27,188 - DSN - INFO - t=280: B=-19990.00, Cut=0, Best=12915
2026-01-14 18:11:27,861 - DSN - INFO - t=320: B=-19990.00, Cut=0, Best=12915
2026-01-14 18:11:28,557 - DSN - INFO - t=360: B=-19990.00, Cut=0, Best=12915
2026-01-14 18:11:29,263 - DSN - INFO - t=400: B=-19990.00, Cut=12915, Best=12915 [LS]
2026-01-14 18:11:29,857 - DSN - INFO - t=440: B=-19990.00, Cut=0, Best=12915
2026-01-14 18:11:30,569 - DSN - INFO - t=480: B=-19990.00, Cut=0, Best=12915
2026-01-14 18:11:30,980 - DSN - INFO - DSN GPU done in 8.29s | Cut=12915
2026-01-14 18:11:30,984 - DSN - INFO - Results saved to: results/Gset/DSN_thorough/G26.csv
2026-01-14 18:11:30,984 - DSN - INFO - Cut: 12915 | Bound: -19990.00 | Time: 8.29s
2026-01-14 18:11:30,984 - DSN - INFO - Initialized DSN_thorough | preset=thorough | GPU=True
2026-01-14 18:11:30,984 - DSN - INFO - Params: η=0.003, T=500, init=degree, LS=True
2026-01-14 18:11:30,984 - DSN - INFO - Using GPU solver (CuPy)
2026-01-14 18:11:30,987 - DSN - INFO - DSN GPU Solver: n=2000, edges=19990
2026-01-14 18:11:30,987 - DSN - INFO - DSN GPU: T=500, η=0.003, LS=True
2026-01-14 18:11:31,119 - DSN - INFO - t=000: B=-21092.97, Cut=12830, Best=12830 [LS]
2026-01-14 18:11:31,651 - DSN - INFO - t=040: B=-19999.39, Cut=0, Best=12830
2026-01-14 18:11:32,310 - DSN - INFO - t=080: B=-19990.29, Cut=0, Best=12915
2026-01-14 18:11:32,967 - DSN - INFO - t=120: B=-19990.02, Cut=0, Best=12915
2026-01-14 18:11:33,637 - DSN - INFO - t=160: B=-19990.00, Cut=0, Best=12915
2026-01-14 18:11:34,295 - DSN - INFO - t=200: B=-19990.00, Cut=12915, Best=12915 [LS]
2026-01-14 18:11:34,828 - DSN - INFO - t=240: B=-19990.00, Cut=0, Best=12915
2026-01-14 18:11:35,479 - DSN - INFO - t=280: B=-19990.00, Cut=0, Best=12915
2026-01-14 18:11:36,133 - DSN - INFO - t=320: B=-19990.00, Cut=0, Best=12915
2026-01-14 18:11:36,785 - DSN - INFO - t=360: B=-19990.00, Cut=0, Best=12915
2026-01-14 18:11:37,460 - DSN - INFO - t=400: B=-19990.00, Cut=12915, Best=12915 [LS]
2026-01-14 18:11:38,027 - DSN - INFO - t=440: B=-19990.00, Cut=0, Best=12915
2026-01-14 18:11:38,719 - DSN - INFO - t=480: B=-19990.00, Cut=0, Best=12915
2026-01-14 18:11:39,109 - DSN - INFO - DSN GPU done in 8.12s | Cut=12915
2026-01-14 18:11:39,113 - DSN - INFO - Results saved to: results/Gset/DSN_thorough/G26.csv
2026-01-14 18:11:39,113 - DSN - INFO - Cut: 12915 | Bound: -19990.00 | Time: 8.12s
2026-01-14 18:11:39,113 - DSN - INFO - Initialized DSN_thorough | preset=thorough | GPU=True
2026-01-14 18:11:39,113 - DSN - INFO - Params: η=0.003, T=500, init=degree, LS=True
2026-01-14 18:11:39,113 - DSN - INFO - Using GPU solver (CuPy)
2026-01-14 18:11:39,116 - DSN - INFO - DSN GPU Solver: n=2000, edges=19990
2026-01-14 18:11:39,116 - DSN - INFO - DSN GPU: T=500, η=0.003, LS=True
2026-01-14 18:11:39,245 - DSN - INFO - t=000: B=-21092.97, Cut=12872, Best=12872 [LS]
2026-01-14 18:11:39,778 - DSN - INFO - t=040: B=-19999.39, Cut=0, Best=12872
2026-01-14 18:11:40,432 - DSN - INFO - t=080: B=-19990.29, Cut=0, Best=12915
2026-01-14 18:11:41,097 - DSN - INFO - t=120: B=-19990.02, Cut=0, Best=12915
2026-01-14 18:11:41,765 - DSN - INFO - t=160: B=-19990.00, Cut=0, Best=12915
2026-01-14 18:11:42,425 - DSN - INFO - t=200: B=-19990.00, Cut=12915, Best=12915 [LS]
2026-01-14 18:11:42,956 - DSN - INFO - t=240: B=-19990.00, Cut=0, Best=12915
2026-01-14 18:11:43,602 - DSN - INFO - t=280: B=-19990.00, Cut=0, Best=12915
2026-01-14 18:11:44,246 - DSN - INFO - t=320: B=-19990.00, Cut=0, Best=12915
2026-01-14 18:11:44,883 - DSN - INFO - t=360: B=-19990.00, Cut=0, Best=12915
2026-01-14 18:11:45,518 - DSN - INFO - t=400: B=-19990.00, Cut=12915, Best=12915 [LS]
2026-01-14 18:11:46,034 - DSN - INFO - t=440: B=-19990.00, Cut=0, Best=12915
2026-01-14 18:11:46,670 - DSN - INFO - t=480: B=-19990.00, Cut=0, Best=12915
2026-01-14 18:11:47,042 - DSN - INFO - DSN GPU done in 7.93s | Cut=12915
2026-01-14 18:11:47,045 - DSN - INFO - Results saved to: results/Gset/DSN_thorough/G26.csv
2026-01-14 18:11:47,045 - DSN - INFO - Cut: 12915 | Bound: -19990.00 | Time: 7.93s
2026-01-14 18:11:47,046 - DSN - INFO - Initialized DSN_thorough | preset=thorough | GPU=True
2026-01-14 18:11:47,046 - DSN - INFO - Params: η=0.003, T=500, init=degree, LS=True
2026-01-14 18:11:47,046 - DSN - INFO - Using GPU solver (CuPy)
2026-01-14 18:11:47,048 - DSN - INFO - DSN GPU Solver: n=2000, edges=19990
2026-01-14 18:11:47,048 - DSN - INFO - DSN GPU: T=500, η=0.003, LS=True
2026-01-14 18:11:47,184 - DSN - INFO - t=000: B=-21092.97, Cut=12909, Best=12909 [LS]
2026-01-14 18:11:47,720 - DSN - INFO - t=040: B=-19999.39, Cut=0, Best=12909
2026-01-14 18:11:48,379 - DSN - INFO - t=080: B=-19990.29, Cut=0, Best=12915
2026-01-14 18:11:49,044 - DSN - INFO - t=120: B=-19990.01, Cut=0, Best=12915
2026-01-14 18:11:49,711 - DSN - INFO - t=160: B=-19990.00, Cut=0, Best=12915
2026-01-14 18:11:50,373 - DSN - INFO - t=200: B=-19990.00, Cut=12915, Best=12915 [LS]
2026-01-14 18:11:50,909 - DSN - INFO - t=240: B=-19990.00, Cut=0, Best=12915
2026-01-14 18:11:51,566 - DSN - INFO - t=280: B=-19990.00, Cut=0, Best=12915
2026-01-14 18:11:52,227 - DSN - INFO - t=320: B=-19990.00, Cut=0, Best=12915
2026-01-14 18:11:52,863 - DSN - INFO - t=360: B=-19990.00, Cut=0, Best=12915
2026-01-14 18:11:53,493 - DSN - INFO - t=400: B=-19990.00, Cut=12915, Best=12915 [LS]
2026-01-14 18:11:54,011 - DSN - INFO - t=440: B=-19990.00, Cut=0, Best=12915
2026-01-14 18:11:54,645 - DSN - INFO - t=480: B=-19990.00, Cut=0, Best=12915
2026-01-14 18:11:55,016 - DSN - INFO - DSN GPU done in 7.97s | Cut=12915
2026-01-14 18:11:55,020 - DSN - INFO - Results saved to: results/Gset/DSN_thorough/G26.csv
2026-01-14 18:11:55,020 - DSN - INFO - Cut: 12915 | Bound: -19990.00 | Time: 7.97s
2026-01-14 18:11:55,020 - DSN - INFO - Initialized DSN_thorough | preset=thorough | GPU=True
2026-01-14 18:11:55,020 - DSN - INFO - Params: η=0.003, T=500, init=degree, LS=True
2026-01-14 18:11:55,020 - DSN - INFO - Using GPU solver (CuPy)
2026-01-14 18:11:55,023 - DSN - INFO - DSN GPU Solver: n=2000, edges=19990
2026-01-14 18:11:55,023 - DSN - INFO - DSN GPU: T=500, η=0.003, LS=True
2026-01-14 18:11:55,161 - DSN - INFO - t=000: B=-21092.97, Cut=12886, Best=12886 [LS]
2026-01-14 18:11:55,692 - DSN - INFO - t=040: B=-19999.39, Cut=0, Best=12886
2026-01-14 18:11:56,351 - DSN - INFO - t=080: B=-19990.29, Cut=0, Best=12915
2026-01-14 18:11:57,008 - DSN - INFO - t=120: B=-19990.01, Cut=0, Best=12915
2026-01-14 18:11:57,679 - DSN - INFO - t=160: B=-19990.00, Cut=0, Best=12915
2026-01-14 18:11:58,337 - DSN - INFO - t=200: B=-19990.00, Cut=12915, Best=12915 [LS]
2026-01-14 18:11:58,869 - DSN - INFO - t=240: B=-19990.00, Cut=0, Best=12915
2026-01-14 18:11:59,527 - DSN - INFO - t=280: B=-19990.00, Cut=0, Best=12915
2026-01-14 18:12:00,172 - DSN - INFO - t=320: B=-19990.00, Cut=0, Best=12915
2026-01-14 18:12:00,806 - DSN - INFO - t=360: B=-19990.00, Cut=0, Best=12915
2026-01-14 18:12:01,437 - DSN - INFO - t=400: B=-19990.00, Cut=12915, Best=12915 [LS]
2026-01-14 18:12:01,953 - DSN - INFO - t=440: B=-19990.00, Cut=0, Best=12915
2026-01-14 18:12:02,576 - DSN - INFO - t=480: B=-19990.00, Cut=0, Best=12915
2026-01-14 18:12:02,937 - DSN - INFO - DSN GPU done in 7.91s | Cut=12915
2026-01-14 18:12:02,941 - DSN - INFO - Results saved to: results/Gset/DSN_thorough/G26.csv
2026-01-14 18:12:02,941 - DSN - INFO - Cut: 12915 | Bound: -19990.00 | Time: 7.92s
2026-01-14 18:12:02,941 - DSN - INFO - Initialized DSN_thorough | preset=thorough | GPU=True
2026-01-14 18:12:02,941 - DSN - INFO - Params: η=0.003, T=500, init=degree, LS=True
2026-01-14 18:12:02,941 - DSN - INFO - Using GPU solver (CuPy)
2026-01-14 18:12:02,944 - DSN - INFO - DSN GPU Solver: n=2000, edges=19990
2026-01-14 18:12:02,944 - DSN - INFO - DSN GPU: T=500, η=0.003, LS=True
2026-01-14 18:12:03,080 - DSN - INFO - t=000: B=-21092.97, Cut=12824, Best=12824 [LS]
2026-01-14 18:12:03,611 - DSN - INFO - t=040: B=-19999.39, Cut=0, Best=12824
2026-01-14 18:12:04,271 - DSN - INFO - t=080: B=-19990.29, Cut=0, Best=12915
2026-01-14 18:12:04,929 - DSN - INFO - t=120: B=-19990.02, Cut=0, Best=12915
2026-01-14 18:12:05,600 - DSN - INFO - t=160: B=-19990.00, Cut=0, Best=12915
2026-01-14 18:12:06,252 - DSN - INFO - t=200: B=-19990.00, Cut=12915, Best=12915 [LS]
2026-01-14 18:12:06,789 - DSN - INFO - t=240: B=-19990.00, Cut=0, Best=12915
2026-01-14 18:12:07,445 - DSN - INFO - t=280: B=-19990.00, Cut=0, Best=12915
2026-01-14 18:12:08,098 - DSN - INFO - t=320: B=-19990.00, Cut=0, Best=12915
2026-01-14 18:12:08,743 - DSN - INFO - t=360: B=-19990.00, Cut=0, Best=12915
2026-01-14 18:12:09,388 - DSN - INFO - t=400: B=-19990.00, Cut=12915, Best=12915 [LS]
2026-01-14 18:12:09,916 - DSN - INFO - t=440: B=-19990.00, Cut=0, Best=12915
2026-01-14 18:12:10,600 - DSN - INFO - t=480: B=-19990.00, Cut=0, Best=12915
2026-01-14 18:12:11,002 - DSN - INFO - DSN GPU done in 8.06s | Cut=12915
2026-01-14 18:12:11,006 - DSN - INFO - Results saved to: results/Gset/DSN_thorough/G26.csv
2026-01-14 18:12:11,006 - DSN - INFO - Cut: 12915 | Bound: -19990.00 | Time: 8.06s
2026-01-14 18:12:11,006 - DSN - INFO - Initialized DSN_thorough | preset=thorough | GPU=True
2026-01-14 18:12:11,006 - DSN - INFO - Params: η=0.003, T=500, init=degree, LS=True
2026-01-14 18:12:11,006 - DSN - INFO - Using GPU solver (CuPy)
2026-01-14 18:12:11,009 - DSN - INFO - DSN GPU Solver: n=2000, edges=19990
2026-01-14 18:12:11,009 - DSN - INFO - DSN GPU: T=500, η=0.003, LS=True
2026-01-14 18:12:11,114 - DSN - INFO - t=000: B=-21092.97, Cut=12747, Best=12747 [LS]
2026-01-14 18:12:11,646 - DSN - INFO - t=040: B=-19999.39, Cut=0, Best=12747
2026-01-14 18:12:12,308 - DSN - INFO - t=080: B=-19990.29, Cut=0, Best=12915
2026-01-14 18:12:12,966 - DSN - INFO - t=120: B=-19990.01, Cut=0, Best=12915
2026-01-14 18:12:13,635 - DSN - INFO - t=160: B=-19990.00, Cut=0, Best=12915
2026-01-14 18:12:14,294 - DSN - INFO - t=200: B=-19990.00, Cut=12915, Best=12915 [LS]
2026-01-14 18:12:14,818 - DSN - INFO - t=240: B=-19990.00, Cut=0, Best=12915
2026-01-14 18:12:15,494 - DSN - INFO - t=280: B=-19990.00, Cut=0, Best=12915
2026-01-14 18:12:16,151 - DSN - INFO - t=320: B=-19990.00, Cut=0, Best=12915
2026-01-14 18:12:16,803 - DSN - INFO - t=360: B=-19990.00, Cut=0, Best=12915
2026-01-14 18:12:17,471 - DSN - INFO - t=400: B=-19990.00, Cut=12915, Best=12915 [LS]
2026-01-14 18:12:18,011 - DSN - INFO - t=440: B=-19990.00, Cut=0, Best=12915
2026-01-14 18:12:18,685 - DSN - INFO - t=480: B=-19990.00, Cut=0, Best=12915
2026-01-14 18:12:19,082 - DSN - INFO - DSN GPU done in 8.07s | Cut=12915
2026-01-14 18:12:19,086 - DSN - INFO - Results saved to: results/Gset/DSN_thorough/G26.csv
2026-01-14 18:12:19,087 - DSN - INFO - Cut: 12915 | Bound: -19990.00 | Time: 8.08s
2026-01-14 18:12:19,087 - DSN - INFO - Initialized DSN_thorough | preset=thorough | GPU=True
2026-01-14 18:12:19,087 - DSN - INFO - Params: η=0.003, T=500, init=degree, LS=True
2026-01-14 18:12:19,087 - DSN - INFO - Using GPU solver (CuPy)
2026-01-14 18:12:19,090 - DSN - INFO - DSN GPU Solver: n=2000, edges=19990
2026-01-14 18:12:19,090 - DSN - INFO - DSN GPU: T=500, η=0.003, LS=True
2026-01-14 18:12:19,204 - DSN - INFO - t=000: B=-21092.97, Cut=12759, Best=12759 [LS]
2026-01-14 18:12:19,734 - DSN - INFO - t=040: B=-19999.39, Cut=0, Best=12759
2026-01-14 18:12:20,395 - DSN - INFO - t=080: B=-19990.29, Cut=0, Best=12915
2026-01-14 18:12:21,059 - DSN - INFO - t=120: B=-19990.02, Cut=0, Best=12915
2026-01-14 18:12:21,722 - DSN - INFO - t=160: B=-19990.00, Cut=0, Best=12915
2026-01-14 18:12:22,378 - DSN - INFO - t=200: B=-19990.00, Cut=12915, Best=12915 [LS]
2026-01-14 18:12:22,909 - DSN - INFO - t=240: B=-19990.00, Cut=0, Best=12915
2026-01-14 18:12:23,565 - DSN - INFO - t=280: B=-19990.00, Cut=0, Best=12915
2026-01-14 18:12:24,216 - DSN - INFO - t=320: B=-19990.00, Cut=0, Best=12915
2026-01-14 18:12:24,858 - DSN - INFO - t=360: B=-19990.00, Cut=0, Best=12915
2026-01-14 18:12:25,494 - DSN - INFO - t=400: B=-19990.00, Cut=12915, Best=12915 [LS]
2026-01-14 18:12:26,011 - DSN - INFO - t=440: B=-19990.00, Cut=0, Best=12915
2026-01-14 18:12:26,651 - DSN - INFO - t=480: B=-19990.00, Cut=0, Best=12915
2026-01-14 18:12:27,022 - DSN - INFO - DSN GPU done in 7.93s | Cut=12915
2026-01-14 18:12:27,026 - DSN - INFO - Results saved to: results/Gset/DSN_thorough/G26.csv
2026-01-14 18:12:27,026 - DSN - INFO - Cut: 12915 | Bound: -19990.00 | Time: 7.94s
2026-01-14 18:12:27,057 - DSN - INFO - Initialized DSN_thorough | preset=thorough | GPU=True
2026-01-14 18:12:27,057 - DSN - INFO - Params: η=0.003, T=500, init=degree, LS=True
2026-01-14 18:12:27,057 - DSN - INFO - Using GPU solver (CuPy)
2026-01-14 18:12:27,060 - DSN - INFO - DSN GPU Solver: n=2000, edges=19990
2026-01-14 18:12:27,060 - DSN - INFO - DSN GPU: T=500, η=0.003, LS=True
2026-01-14 18:12:27,185 - DSN - INFO - t=000: B=-9171.90, Cut=2837, Best=2837 [LS]
2026-01-14 18:12:29,640 - DSN - INFO - t=040: B=-8440.90, Cut=-15, Best=2837
2026-01-14 18:12:32,284 - DSN - INFO - t=080: B=-8409.04, Cut=4, Best=2849
2026-01-14 18:12:34,919 - DSN - INFO - t=120: B=-8380.56, Cut=18, Best=2849
2026-01-14 18:12:37,564 - DSN - INFO - t=160: B=-8351.11, Cut=0, Best=2857
2026-01-14 18:12:40,200 - DSN - INFO - t=200: B=-8335.30, Cut=2793, Best=2857 [LS]
2026-01-14 18:12:42,755 - DSN - INFO - t=240: B=-8335.17, Cut=27, Best=2857
2026-01-14 18:12:45,383 - DSN - INFO - t=280: B=-8329.95, Cut=13, Best=2857
2026-01-14 18:12:48,035 - DSN - INFO - t=320: B=-8327.85, Cut=-9, Best=2857
2026-01-14 18:12:50,685 - DSN - INFO - t=360: B=-8327.86, Cut=-6, Best=2874
2026-01-14 18:12:53,317 - DSN - INFO - t=400: B=-8327.18, Cut=2793, Best=2874 [LS]
2026-01-14 18:12:55,880 - DSN - INFO - t=440: B=-8327.63, Cut=21, Best=2874
2026-01-14 18:12:58,456 - DSN - INFO - t=480: B=-8328.45, Cut=12, Best=2874
2026-01-14 18:12:59,757 - DSN - INFO - DSN GPU done in 32.70s | Cut=2874
2026-01-14 18:12:59,758 - DSN - INFO - Results saved to: results/Gset/DSN_thorough/G27.csv
2026-01-14 18:12:59,759 - DSN - INFO - Cut: 2874 | Bound: -8326.56 | Time: 32.70s
2026-01-14 18:12:59,759 - DSN - INFO - Initialized DSN_thorough | preset=thorough | GPU=True
2026-01-14 18:12:59,759 - DSN - INFO - Params: η=0.003, T=500, init=degree, LS=True
2026-01-14 18:12:59,759 - DSN - INFO - Using GPU solver (CuPy)
2026-01-14 18:12:59,762 - DSN - INFO - DSN GPU Solver: n=2000, edges=19990
2026-01-14 18:12:59,762 - DSN - INFO - DSN GPU: T=500, η=0.003, LS=True
2026-01-14 18:12:59,881 - DSN - INFO - t=000: B=-9171.90, Cut=2778, Best=2778 [LS]
2026-01-14 18:13:02,343 - DSN - INFO - t=040: B=-8435.26, Cut=-2, Best=2778
2026-01-14 18:13:04,981 - DSN - INFO - t=080: B=-8412.41, Cut=-3, Best=2811
2026-01-14 18:13:07,613 - DSN - INFO - t=120: B=-8400.21, Cut=-58, Best=2811
2026-01-14 18:13:10,254 - DSN - INFO - t=160: B=-8364.41, Cut=2, Best=2811
2026-01-14 18:13:12,900 - DSN - INFO - t=200: B=-8353.78, Cut=2839, Best=2839 [LS]
2026-01-14 18:13:15,467 - DSN - INFO - t=240: B=-8341.85, Cut=25, Best=2839
2026-01-14 18:13:18,118 - DSN - INFO - t=280: B=-8341.24, Cut=14, Best=2839
2026-01-14 18:13:20,759 - DSN - INFO - t=320: B=-8333.97, Cut=15, Best=2839
2026-01-14 18:13:23,402 - DSN - INFO - t=360: B=-8331.02, Cut=13, Best=2839
2026-01-14 18:13:26,044 - DSN - INFO - t=400: B=-8329.32, Cut=2792, Best=2839 [LS]
2026-01-14 18:13:28,610 - DSN - INFO - t=440: B=-8325.98, Cut=32, Best=2839
2026-01-14 18:13:31,258 - DSN - INFO - t=480: B=-8326.06, Cut=-3, Best=2839
2026-01-14 18:13:32,563 - DSN - INFO - DSN GPU done in 32.80s | Cut=2839
2026-01-14 18:13:32,566 - DSN - INFO - Results saved to: results/Gset/DSN_thorough/G27.csv
2026-01-14 18:13:32,567 - DSN - INFO - Cut: 2839 | Bound: -8325.43 | Time: 32.80s
2026-01-14 18:13:32,567 - DSN - INFO - Initialized DSN_thorough | preset=thorough | GPU=True
2026-01-14 18:13:32,567 - DSN - INFO - Params: η=0.003, T=500, init=degree, LS=True
2026-01-14 18:13:32,567 - DSN - INFO - Using GPU solver (CuPy)
2026-01-14 18:13:32,570 - DSN - INFO - DSN GPU Solver: n=2000, edges=19990
2026-01-14 18:13:32,570 - DSN - INFO - DSN GPU: T=500, η=0.003, LS=True
2026-01-14 18:13:32,693 - DSN - INFO - t=000: B=-9171.90, Cut=2777, Best=2777 [LS]
2026-01-14 18:13:35,149 - DSN - INFO - t=040: B=-8438.16, Cut=-14, Best=2777
2026-01-14 18:13:37,740 - DSN - INFO - t=080: B=-8411.16, Cut=-13, Best=2806
2026-01-14 18:13:40,383 - DSN - INFO - t=120: B=-8366.21, Cut=-64, Best=2819
2026-01-14 18:13:43,037 - DSN - INFO - t=160: B=-8366.87, Cut=25, Best=2862
2026-01-14 18:13:45,691 - DSN - INFO - t=200: B=-8362.87, Cut=2883, Best=2883 [LS]
2026-01-14 18:13:48,250 - DSN - INFO - t=240: B=-8342.80, Cut=5, Best=2883
2026-01-14 18:13:50,897 - DSN - INFO - t=280: B=-8332.90, Cut=8, Best=2883
2026-01-14 18:13:53,547 - DSN - INFO - t=320: B=-8328.10, Cut=11, Best=2887
2026-01-14 18:13:56,188 - DSN - INFO - t=360: B=-8328.01, Cut=2, Best=2887
2026-01-14 18:13:58,841 - DSN - INFO - t=400: B=-8326.56, Cut=2833, Best=2887 [LS]
2026-01-14 18:14:01,412 - DSN - INFO - t=440: B=-8325.73, Cut=6, Best=2887
2026-01-14 18:14:04,048 - DSN - INFO - t=480: B=-8326.33, Cut=0, Best=2887
2026-01-14 18:14:05,355 - DSN - INFO - DSN GPU done in 32.78s | Cut=2887
2026-01-14 18:14:05,358 - DSN - INFO - Results saved to: results/Gset/DSN_thorough/G27.csv
2026-01-14 18:14:05,358 - DSN - INFO - Cut: 2887 | Bound: -8325.62 | Time: 32.79s
2026-01-14 18:14:05,358 - DSN - INFO - Initialized DSN_thorough | preset=thorough | GPU=True
2026-01-14 18:14:05,358 - DSN - INFO - Params: η=0.003, T=500, init=degree, LS=True
2026-01-14 18:14:05,358 - DSN - INFO - Using GPU solver (CuPy)
2026-01-14 18:14:05,361 - DSN - INFO - DSN GPU Solver: n=2000, edges=19990
2026-01-14 18:14:05,361 - DSN - INFO - DSN GPU: T=500, η=0.003, LS=True
2026-01-14 18:14:05,485 - DSN - INFO - t=000: B=-9171.90, Cut=2751, Best=2751 [LS]
2026-01-14 18:14:07,947 - DSN - INFO - t=040: B=-8434.84, Cut=-4, Best=2751
2026-01-14 18:14:10,578 - DSN - INFO - t=080: B=-8416.35, Cut=27, Best=2797
2026-01-14 18:14:13,215 - DSN - INFO - t=120: B=-8381.03, Cut=16, Best=2838
2026-01-14 18:14:15,867 - DSN - INFO - t=160: B=-8362.42, Cut=20, Best=2839
2026-01-14 18:14:18,502 - DSN - INFO - t=200: B=-8345.61, Cut=2800, Best=2839 [LS]
2026-01-14 18:14:21,082 - DSN - INFO - t=240: B=-8343.14, Cut=-72, Best=2839
2026-01-14 18:14:23,725 - DSN - INFO - t=280: B=-8333.36, Cut=22, Best=2839
2026-01-14 18:14:26,370 - DSN - INFO - t=320: B=-8333.27, Cut=-29, Best=2839
2026-01-14 18:14:29,013 - DSN - INFO - t=360: B=-8329.85, Cut=-2, Best=2847
2026-01-14 18:14:31,654 - DSN - INFO - t=400: B=-8326.85, Cut=2842, Best=2847 [LS]
2026-01-14 18:14:34,211 - DSN - INFO - t=440: B=-8325.88, Cut=9, Best=2847
2026-01-14 18:14:36,859 - DSN - INFO - t=480: B=-8326.04, Cut=0, Best=2847
2026-01-14 18:14:38,157 - DSN - INFO - DSN GPU done in 32.80s | Cut=2847
2026-01-14 18:14:38,161 - DSN - INFO - Results saved to: results/Gset/DSN_thorough/G27.csv
2026-01-14 18:14:38,161 - DSN - INFO - Cut: 2847 | Bound: -8325.44 | Time: 32.80s
2026-01-14 18:14:38,161 - DSN - INFO - Initialized DSN_thorough | preset=thorough | GPU=True
2026-01-14 18:14:38,161 - DSN - INFO - Params: η=0.003, T=500, init=degree, LS=True
2026-01-14 18:14:38,161 - DSN - INFO - Using GPU solver (CuPy)
2026-01-14 18:14:38,164 - DSN - INFO - DSN GPU Solver: n=2000, edges=19990
2026-01-14 18:14:38,164 - DSN - INFO - DSN GPU: T=500, η=0.003, LS=True
2026-01-14 18:14:38,283 - DSN - INFO - t=000: B=-9171.90, Cut=2837, Best=2837 [LS]
2026-01-14 18:14:40,745 - DSN - INFO - t=040: B=-8440.88, Cut=-19, Best=2837
2026-01-14 18:14:43,375 - DSN - INFO - t=080: B=-8411.10, Cut=11, Best=2837
2026-01-14 18:14:46,021 - DSN - INFO - t=120: B=-8372.90, Cut=17, Best=2837
2026-01-14 18:14:48,675 - DSN - INFO - t=160: B=-8363.35, Cut=-3, Best=2837
2026-01-14 18:14:51,316 - DSN - INFO - t=200: B=-8342.16, Cut=2795, Best=2837 [LS]
2026-01-14 18:14:53,884 - DSN - INFO - t=240: B=-8343.43, Cut=3, Best=2837
2026-01-14 18:14:56,532 - DSN - INFO - t=280: B=-8332.35, Cut=14, Best=2866
2026-01-14 18:14:59,181 - DSN - INFO - t=320: B=-8330.43, Cut=-2, Best=2866
2026-01-14 18:15:01,828 - DSN - INFO - t=360: B=-8328.19, Cut=-1, Best=2866
2026-01-14 18:15:04,480 - DSN - INFO - t=400: B=-8326.59, Cut=2773, Best=2866 [LS]
2026-01-14 18:15:07,043 - DSN - INFO - t=440: B=-8326.34, Cut=12, Best=2866
2026-01-14 18:15:09,712 - DSN - INFO - t=480: B=-8327.49, Cut=-11, Best=2939
2026-01-14 18:15:11,014 - DSN - INFO - DSN GPU done in 32.85s | Cut=2939
2026-01-14 18:15:11,018 - DSN - INFO - Results saved to: results/Gset/DSN_thorough/G27.csv
2026-01-14 18:15:11,018 - DSN - INFO - Cut: 2939 | Bound: -8325.59 | Time: 32.85s
2026-01-14 18:15:11,018 - DSN - INFO - Initialized DSN_thorough | preset=thorough | GPU=True
2026-01-14 18:15:11,018 - DSN - INFO - Params: η=0.003, T=500, init=degree, LS=True
2026-01-14 18:15:11,018 - DSN - INFO - Using GPU solver (CuPy)
2026-01-14 18:15:11,021 - DSN - INFO - DSN GPU Solver: n=2000, edges=19990
2026-01-14 18:15:11,021 - DSN - INFO - DSN GPU: T=500, η=0.003, LS=True
2026-01-14 18:15:11,138 - DSN - INFO - t=000: B=-9171.90, Cut=2803, Best=2803 [LS]
2026-01-14 18:15:13,597 - DSN - INFO - t=040: B=-8434.82, Cut=-10, Best=2803
2026-01-14 18:15:16,224 - DSN - INFO - t=080: B=-8413.43, Cut=1, Best=2803
2026-01-14 18:15:18,844 - DSN - INFO - t=120: B=-8405.88, Cut=-4, Best=2887
2026-01-14 18:15:21,482 - DSN - INFO - t=160: B=-8402.87, Cut=8, Best=2887
2026-01-14 18:15:24,119 - DSN - INFO - t=200: B=-8359.18, Cut=2808, Best=2887 [LS]
2026-01-14 18:15:26,697 - DSN - INFO - t=240: B=-8358.99, Cut=4, Best=2887
2026-01-14 18:15:29,330 - DSN - INFO - t=280: B=-8343.93, Cut=-5, Best=2887
2026-01-14 18:15:31,985 - DSN - INFO - t=320: B=-8333.19, Cut=0, Best=2887
2026-01-14 18:15:34,628 - DSN - INFO - t=360: B=-8333.37, Cut=-1, Best=2893
2026-01-14 18:15:37,270 - DSN - INFO - t=400: B=-8329.06, Cut=2788, Best=2893 [LS]
2026-01-14 18:15:39,832 - DSN - INFO - t=440: B=-8326.17, Cut=-3, Best=2893
2026-01-14 18:15:42,476 - DSN - INFO - t=480: B=-8327.00, Cut=19, Best=2893
2026-01-14 18:15:43,792 - DSN - INFO - DSN GPU done in 32.77s | Cut=2893
2026-01-14 18:15:43,796 - DSN - INFO - Results saved to: results/Gset/DSN_thorough/G27.csv
2026-01-14 18:15:43,796 - DSN - INFO - Cut: 2893 | Bound: -8325.66 | Time: 32.77s
2026-01-14 18:15:43,796 - DSN - INFO - Initialized DSN_thorough | preset=thorough | GPU=True
2026-01-14 18:15:43,796 - DSN - INFO - Params: η=0.003, T=500, init=degree, LS=True
2026-01-14 18:15:43,796 - DSN - INFO - Using GPU solver (CuPy)
2026-01-14 18:15:43,799 - DSN - INFO - DSN GPU Solver: n=2000, edges=19990
2026-01-14 18:15:43,799 - DSN - INFO - DSN GPU: T=500, η=0.003, LS=True
2026-01-14 18:15:43,924 - DSN - INFO - t=000: B=-9171.90, Cut=2824, Best=2824 [LS]
2026-01-14 18:15:46,383 - DSN - INFO - t=040: B=-8441.00, Cut=-14, Best=2824
2026-01-14 18:15:49,013 - DSN - INFO - t=080: B=-8422.95, Cut=20, Best=2824
2026-01-14 18:15:51,638 - DSN - INFO - t=120: B=-8408.51, Cut=7, Best=2824
2026-01-14 18:15:54,293 - DSN - INFO - t=160: B=-8358.44, Cut=-1, Best=2832
2026-01-14 18:15:56,935 - DSN - INFO - t=200: B=-8356.44, Cut=2857, Best=2857 [LS]
2026-01-14 18:15:59,514 - DSN - INFO - t=240: B=-8342.85, Cut=8, Best=2857
2026-01-14 18:16:02,165 - DSN - INFO - t=280: B=-8337.21, Cut=6, Best=2857
2026-01-14 18:16:04,820 - DSN - INFO - t=320: B=-8333.25, Cut=2, Best=2857
2026-01-14 18:16:07,466 - DSN - INFO - t=360: B=-8329.67, Cut=-3, Best=2857
2026-01-14 18:16:10,118 - DSN - INFO - t=400: B=-8326.42, Cut=2840, Best=2857 [LS]
2026-01-14 18:16:12,679 - DSN - INFO - t=440: B=-8326.38, Cut=0, Best=2857
2026-01-14 18:16:15,321 - DSN - INFO - t=480: B=-8326.63, Cut=-53, Best=2857
2026-01-14 18:16:16,621 - DSN - INFO - DSN GPU done in 32.82s | Cut=2857
2026-01-14 18:16:16,626 - DSN - INFO - Results saved to: results/Gset/DSN_thorough/G27.csv
2026-01-14 18:16:16,626 - DSN - INFO - Cut: 2857 | Bound: -8325.72 | Time: 32.83s
2026-01-14 18:16:16,626 - DSN - INFO - Initialized DSN_thorough | preset=thorough | GPU=True
2026-01-14 18:16:16,626 - DSN - INFO - Params: η=0.003, T=500, init=degree, LS=True
2026-01-14 18:16:16,626 - DSN - INFO - Using GPU solver (CuPy)
2026-01-14 18:16:16,629 - DSN - INFO - DSN GPU Solver: n=2000, edges=19990
2026-01-14 18:16:16,629 - DSN - INFO - DSN GPU: T=500, η=0.003, LS=True
2026-01-14 18:16:16,746 - DSN - INFO - t=000: B=-9171.90, Cut=2819, Best=2819 [LS]
2026-01-14 18:16:19,207 - DSN - INFO - t=040: B=-8435.26, Cut=7, Best=2819
2026-01-14 18:16:21,858 - DSN - INFO - t=080: B=-8424.06, Cut=-11, Best=2819
2026-01-14 18:16:24,490 - DSN - INFO - t=120: B=-8372.72, Cut=-22, Best=2849
2026-01-14 18:16:27,144 - DSN - INFO - t=160: B=-8362.71, Cut=19, Best=2849
2026-01-14 18:16:29,790 - DSN - INFO - t=200: B=-8347.51, Cut=2807, Best=2849 [LS]
2026-01-14 18:16:32,364 - DSN - INFO - t=240: B=-8336.15, Cut=8, Best=2849
2026-01-14 18:16:35,018 - DSN - INFO - t=280: B=-8334.63, Cut=-32, Best=2849
2026-01-14 18:16:37,684 - DSN - INFO - t=320: B=-8330.10, Cut=27, Best=2876
2026-01-14 18:16:40,333 - DSN - INFO - t=360: B=-8328.10, Cut=7, Best=2876
2026-01-14 18:16:42,991 - DSN - INFO - t=400: B=-8326.75, Cut=2801, Best=2876 [LS]
2026-01-14 18:16:45,562 - DSN - INFO - t=440: B=-8326.07, Cut=-26, Best=2876
2026-01-14 18:16:48,205 - DSN - INFO - t=480: B=-8327.08, Cut=-2, Best=2876
2026-01-14 18:16:49,503 - DSN - INFO - DSN GPU done in 32.87s | Cut=2876
2026-01-14 18:16:49,506 - DSN - INFO - Results saved to: results/Gset/DSN_thorough/G27.csv
2026-01-14 18:16:49,506 - DSN - INFO - Cut: 2876 | Bound: -8325.97 | Time: 32.88s
2026-01-14 18:16:49,507 - DSN - INFO - Initialized DSN_thorough | preset=thorough | GPU=True
2026-01-14 18:16:49,507 - DSN - INFO - Params: η=0.003, T=500, init=degree, LS=True
2026-01-14 18:16:49,507 - DSN - INFO - Using GPU solver (CuPy)
2026-01-14 18:16:49,510 - DSN - INFO - DSN GPU Solver: n=2000, edges=19990
2026-01-14 18:16:49,510 - DSN - INFO - DSN GPU: T=500, η=0.003, LS=True
2026-01-14 18:16:49,639 - DSN - INFO - t=000: B=-9171.90, Cut=2826, Best=2826 [LS]
2026-01-14 18:16:52,099 - DSN - INFO - t=040: B=-8441.08, Cut=-31, Best=2826
2026-01-14 18:16:54,739 - DSN - INFO - t=080: B=-8399.30, Cut=10, Best=2873
2026-01-14 18:16:57,374 - DSN - INFO - t=120: B=-8370.77, Cut=0, Best=2873
2026-01-14 18:17:00,040 - DSN - INFO - t=160: B=-8348.20, Cut=11, Best=2873
2026-01-14 18:17:02,692 - DSN - INFO - t=200: B=-8337.90, Cut=2871, Best=2873 [LS]
2026-01-14 18:17:05,259 - DSN - INFO - t=240: B=-8333.94, Cut=-18, Best=2873
2026-01-14 18:17:07,902 - DSN - INFO - t=280: B=-8330.14, Cut=-11, Best=2873
2026-01-14 18:17:10,564 - DSN - INFO - t=320: B=-8329.33, Cut=1, Best=2873
2026-01-14 18:17:13,215 - DSN - INFO - t=360: B=-8328.98, Cut=2, Best=2873
2026-01-14 18:17:15,883 - DSN - INFO - t=400: B=-8328.48, Cut=2833, Best=2873 [LS]
2026-01-14 18:17:18,437 - DSN - INFO - t=440: B=-8327.88, Cut=0, Best=2873
2026-01-14 18:17:21,097 - DSN - INFO - t=480: B=-8328.65, Cut=-1, Best=2873
2026-01-14 18:17:22,405 - DSN - INFO - DSN GPU done in 32.90s | Cut=2873
2026-01-14 18:17:22,409 - DSN - INFO - Results saved to: results/Gset/DSN_thorough/G27.csv
2026-01-14 18:17:22,410 - DSN - INFO - Cut: 2873 | Bound: -8327.71 | Time: 32.90s
2026-01-14 18:17:22,410 - DSN - INFO - Initialized DSN_thorough | preset=thorough | GPU=True
2026-01-14 18:17:22,410 - DSN - INFO - Params: η=0.003, T=500, init=degree, LS=True
2026-01-14 18:17:22,410 - DSN - INFO - Using GPU solver (CuPy)
2026-01-14 18:17:22,413 - DSN - INFO - DSN GPU Solver: n=2000, edges=19990
2026-01-14 18:17:22,413 - DSN - INFO - DSN GPU: T=500, η=0.003, LS=True
2026-01-14 18:17:22,536 - DSN - INFO - t=000: B=-9171.90, Cut=2874, Best=2874 [LS]
2026-01-14 18:17:25,007 - DSN - INFO - t=040: B=-8434.16, Cut=6, Best=2874
2026-01-14 18:17:27,653 - DSN - INFO - t=080: B=-8430.13, Cut=-7, Best=2874
2026-01-14 18:17:30,289 - DSN - INFO - t=120: B=-8363.17, Cut=-6, Best=2874
2026-01-14 18:17:32,948 - DSN - INFO - t=160: B=-8363.09, Cut=-3, Best=2874
2026-01-14 18:17:35,584 - DSN - INFO - t=200: B=-8344.24, Cut=2855, Best=2874 [LS]
2026-01-14 18:17:38,156 - DSN - INFO - t=240: B=-8346.14, Cut=-49, Best=2874
2026-01-14 18:17:40,799 - DSN - INFO - t=280: B=-8334.89, Cut=4, Best=2874
2026-01-14 18:17:43,445 - DSN - INFO - t=320: B=-8333.17, Cut=4, Best=2874
2026-01-14 18:17:46,093 - DSN - INFO - t=360: B=-8330.70, Cut=11, Best=2874
2026-01-14 18:17:48,741 - DSN - INFO - t=400: B=-8328.67, Cut=2791, Best=2874 [LS]
2026-01-14 18:17:51,300 - DSN - INFO - t=440: B=-8326.22, Cut=-28, Best=2874
2026-01-14 18:17:53,948 - DSN - INFO - t=480: B=-8326.70, Cut=-14, Best=2874
2026-01-14 18:17:55,255 - DSN - INFO - DSN GPU done in 32.84s | Cut=2874
2026-01-14 18:17:55,259 - DSN - INFO - Results saved to: results/Gset/DSN_thorough/G27.csv
2026-01-14 18:17:55,259 - DSN - INFO - Cut: 2874 | Bound: -8325.57 | Time: 32.85s
2026-01-14 18:17:55,290 - DSN - INFO - Initialized DSN_thorough | preset=thorough | GPU=True
2026-01-14 18:17:55,290 - DSN - INFO - Params: η=0.003, T=500, init=degree, LS=True
2026-01-14 18:17:55,290 - DSN - INFO - Using GPU solver (CuPy)
2026-01-14 18:17:55,293 - DSN - INFO - DSN GPU Solver: n=2000, edges=19990
2026-01-14 18:17:55,293 - DSN - INFO - DSN GPU: T=500, η=0.003, LS=True
2026-01-14 18:17:55,417 - DSN - INFO - t=000: B=-9101.29, Cut=2832, Best=2832 [LS]
2026-01-14 18:17:57,855 - DSN - INFO - t=040: B=-8429.11, Cut=-1, Best=2832
2026-01-14 18:18:00,502 - DSN - INFO - t=080: B=-8397.41, Cut=-23, Best=2832
2026-01-14 18:18:03,145 - DSN - INFO - t=120: B=-8350.67, Cut=1, Best=2832
2026-01-14 18:18:05,791 - DSN - INFO - t=160: B=-8342.88, Cut=-2, Best=2832
2026-01-14 18:18:08,434 - DSN - INFO - t=200: B=-8322.98, Cut=2889, Best=2889 [LS]
2026-01-14 18:18:10,990 - DSN - INFO - t=240: B=-8324.18, Cut=-2, Best=2889
2026-01-14 18:18:13,627 - DSN - INFO - t=280: B=-8313.54, Cut=8, Best=2889
2026-01-14 18:18:16,268 - DSN - INFO - t=320: B=-8312.34, Cut=9, Best=2889
2026-01-14 18:18:18,900 - DSN - INFO - t=360: B=-8309.44, Cut=24, Best=2889
2026-01-14 18:18:21,555 - DSN - INFO - t=400: B=-8307.84, Cut=2889, Best=2889 [LS]
2026-01-14 18:18:24,110 - DSN - INFO - t=440: B=-8306.36, Cut=-17, Best=2889
2026-01-14 18:18:26,743 - DSN - INFO - t=480: B=-8306.64, Cut=19, Best=2889
2026-01-14 18:18:28,036 - DSN - INFO - DSN GPU done in 32.74s | Cut=2889
2026-01-14 18:18:28,038 - DSN - INFO - Results saved to: results/Gset/DSN_thorough/G28.csv
2026-01-14 18:18:28,038 - DSN - INFO - Cut: 2889 | Bound: -8305.72 | Time: 32.75s
2026-01-14 18:18:28,038 - DSN - INFO - Initialized DSN_thorough | preset=thorough | GPU=True
2026-01-14 18:18:28,038 - DSN - INFO - Params: η=0.003, T=500, init=degree, LS=True
2026-01-14 18:18:28,038 - DSN - INFO - Using GPU solver (CuPy)
2026-01-14 18:18:28,041 - DSN - INFO - DSN GPU Solver: n=2000, edges=19990
2026-01-14 18:18:28,041 - DSN - INFO - DSN GPU: T=500, η=0.003, LS=True
2026-01-14 18:18:28,155 - DSN - INFO - t=000: B=-9101.29, Cut=2809, Best=2809 [LS]
2026-01-14 18:18:30,598 - DSN - INFO - t=040: B=-8425.78, Cut=13, Best=2809
2026-01-14 18:18:33,208 - DSN - INFO - t=080: B=-8391.19, Cut=-16, Best=2818
2026-01-14 18:18:35,827 - DSN - INFO - t=120: B=-8350.33, Cut=-34, Best=2853
2026-01-14 18:18:38,470 - DSN - INFO - t=160: B=-8342.63, Cut=0, Best=2853
2026-01-14 18:18:41,118 - DSN - INFO - t=200: B=-8343.09, Cut=2872, Best=2872 [LS]
2026-01-14 18:18:43,670 - DSN - INFO - t=240: B=-8322.93, Cut=2, Best=2872
2026-01-14 18:18:46,304 - DSN - INFO - t=280: B=-8315.06, Cut=37, Best=2872
2026-01-14 18:18:48,936 - DSN - INFO - t=320: B=-8310.93, Cut=9, Best=2872
2026-01-14 18:18:51,574 - DSN - INFO - t=360: B=-8308.97, Cut=-34, Best=2872
2026-01-14 18:18:54,215 - DSN - INFO - t=400: B=-8306.76, Cut=2840, Best=2872 [LS]
2026-01-14 18:18:56,777 - DSN - INFO - t=440: B=-8306.29, Cut=7, Best=2872
2026-01-14 18:18:59,411 - DSN - INFO - t=480: B=-8306.57, Cut=17, Best=2889
2026-01-14 18:19:00,720 - DSN - INFO - DSN GPU done in 32.68s | Cut=2889
2026-01-14 18:19:00,723 - DSN - INFO - Results saved to: results/Gset/DSN_thorough/G28.csv
2026-01-14 18:19:00,723 - DSN - INFO - Cut: 2889 | Bound: -8306.18 | Time: 32.68s
2026-01-14 18:19:00,723 - DSN - INFO - Initialized DSN_thorough | preset=thorough | GPU=True
2026-01-14 18:19:00,723 - DSN - INFO - Params: η=0.003, T=500, init=degree, LS=True
2026-01-14 18:19:00,724 - DSN - INFO - Using GPU solver (CuPy)
2026-01-14 18:19:00,727 - DSN - INFO - DSN GPU Solver: n=2000, edges=19990
2026-01-14 18:19:00,727 - DSN - INFO - DSN GPU: T=500, η=0.003, LS=True
2026-01-14 18:19:00,851 - DSN - INFO - t=000: B=-9101.29, Cut=2856, Best=2856 [LS]
2026-01-14 18:19:03,282 - DSN - INFO - t=040: B=-8420.14, Cut=10, Best=2856
2026-01-14 18:19:05,911 - DSN - INFO - t=080: B=-8402.40, Cut=-22, Best=2856
2026-01-14 18:19:08,530 - DSN - INFO - t=120: B=-8352.01, Cut=-69, Best=2856
2026-01-14 18:19:11,175 - DSN - INFO - t=160: B=-8343.86, Cut=25, Best=2909
2026-01-14 18:19:13,810 - DSN - INFO - t=200: B=-8323.22, Cut=2863, Best=2909 [LS]
2026-01-14 18:19:16,360 - DSN - INFO - t=240: B=-8315.17, Cut=3, Best=2909
2026-01-14 18:19:19,012 - DSN - INFO - t=280: B=-8310.48, Cut=-11, Best=2909
2026-01-14 18:19:21,651 - DSN - INFO - t=320: B=-8306.97, Cut=-1, Best=2909
2026-01-14 18:19:24,291 - DSN - INFO - t=360: B=-8306.43, Cut=-8, Best=2909
2026-01-14 18:19:26,928 - DSN - INFO - t=400: B=-8307.43, Cut=2804, Best=2909 [LS]
2026-01-14 18:19:29,496 - DSN - INFO - t=440: B=-8307.21, Cut=23, Best=2909
2026-01-14 18:19:32,138 - DSN - INFO - t=480: B=-8308.17, Cut=8, Best=2909
2026-01-14 18:19:33,441 - DSN - INFO - DSN GPU done in 32.71s | Cut=2909
2026-01-14 18:19:33,445 - DSN - INFO - Results saved to: results/Gset/DSN_thorough/G28.csv
2026-01-14 18:19:33,445 - DSN - INFO - Cut: 2909 | Bound: -8305.67 | Time: 32.72s
2026-01-14 18:19:33,445 - DSN - INFO - Initialized DSN_thorough | preset=thorough | GPU=True
2026-01-14 18:19:33,445 - DSN - INFO - Params: η=0.003, T=500, init=degree, LS=True
2026-01-14 18:19:33,445 - DSN - INFO - Using GPU solver (CuPy)
2026-01-14 18:19:33,448 - DSN - INFO - DSN GPU Solver: n=2000, edges=19990
2026-01-14 18:19:33,448 - DSN - INFO - DSN GPU: T=500, η=0.003, LS=True
2026-01-14 18:19:33,566 - DSN - INFO - t=000: B=-9101.29, Cut=2863, Best=2863 [LS]
2026-01-14 18:19:36,010 - DSN - INFO - t=040: B=-8419.96, Cut=7, Best=2863
2026-01-14 18:19:38,630 - DSN - INFO - t=080: B=-8380.45, Cut=13, Best=2863
2026-01-14 18:19:41,271 - DSN - INFO - t=120: B=-8344.90, Cut=4, Best=2863
2026-01-14 18:19:43,895 - DSN - INFO - t=160: B=-8328.83, Cut=-1, Best=2863
2026-01-14 18:19:46,530 - DSN - INFO - t=200: B=-8322.29, Cut=2808, Best=2863 [LS]
2026-01-14 18:19:49,092 - DSN - INFO - t=240: B=-8320.46, Cut=-50, Best=2863
2026-01-14 18:19:51,716 - DSN - INFO - t=280: B=-8316.18, Cut=4, Best=2863
2026-01-14 18:19:54,344 - DSN - INFO - t=320: B=-8312.63, Cut=28, Best=2870
2026-01-14 18:19:56,978 - DSN - INFO - t=360: B=-8307.90, Cut=-30, Best=2875
2026-01-14 18:19:59,623 - DSN - INFO - t=400: B=-8307.13, Cut=2896, Best=2896 [LS]
2026-01-14 18:20:02,187 - DSN - INFO - t=440: B=-8306.95, Cut=16, Best=2896
2026-01-14 18:20:04,829 - DSN - INFO - t=480: B=-8306.92, Cut=3, Best=2896
2026-01-14 18:20:06,128 - DSN - INFO - DSN GPU done in 32.68s | Cut=2896
2026-01-14 18:20:06,131 - DSN - INFO - Results saved to: results/Gset/DSN_thorough/G28.csv
2026-01-14 18:20:06,131 - DSN - INFO - Cut: 2896 | Bound: -8306.30 | Time: 32.68s
2026-01-14 18:20:06,132 - DSN - INFO - Initialized DSN_thorough | preset=thorough | GPU=True
2026-01-14 18:20:06,132 - DSN - INFO - Params: η=0.003, T=500, init=degree, LS=True
2026-01-14 18:20:06,132 - DSN - INFO - Using GPU solver (CuPy)
2026-01-14 18:20:06,135 - DSN - INFO - DSN GPU Solver: n=2000, edges=19990
2026-01-14 18:20:06,135 - DSN - INFO - DSN GPU: T=500, η=0.003, LS=True
2026-01-14 18:20:06,248 - DSN - INFO - t=000: B=-9101.29, Cut=2804, Best=2804 [LS]
2026-01-14 18:20:08,705 - DSN - INFO - t=040: B=-8419.80, Cut=13, Best=2804
2026-01-14 18:20:11,325 - DSN - INFO - t=080: B=-8390.96, Cut=17, Best=2861
2026-01-14 18:20:13,968 - DSN - INFO - t=120: B=-8388.85, Cut=22, Best=2892
2026-01-14 18:20:16,592 - DSN - INFO - t=160: B=-8339.66, Cut=0, Best=2892
2026-01-14 18:20:19,233 - DSN - INFO - t=200: B=-8347.79, Cut=2814, Best=2892 [LS]
2026-01-14 18:20:21,792 - DSN - INFO - t=240: B=-8324.18, Cut=19, Best=2892
2026-01-14 18:20:24,425 - DSN - INFO - t=280: B=-8312.96, Cut=-27, Best=2892
2026-01-14 18:20:27,064 - DSN - INFO - t=320: B=-8311.12, Cut=7, Best=2903
2026-01-14 18:20:29,707 - DSN - INFO - t=360: B=-8307.32, Cut=42, Best=2903
2026-01-14 18:20:32,342 - DSN - INFO - t=400: B=-8306.93, Cut=2813, Best=2903 [LS]
2026-01-14 18:20:34,898 - DSN - INFO - t=440: B=-8306.31, Cut=29, Best=2903
2026-01-14 18:20:37,537 - DSN - INFO - t=480: B=-8307.24, Cut=2, Best=2903
2026-01-14 18:20:38,841 - DSN - INFO - DSN GPU done in 32.71s | Cut=2903
2026-01-14 18:20:38,845 - DSN - INFO - Results saved to: results/Gset/DSN_thorough/G28.csv
2026-01-14 18:20:38,845 - DSN - INFO - Cut: 2903 | Bound: -8305.92 | Time: 32.71s
2026-01-14 18:20:38,845 - DSN - INFO - Initialized DSN_thorough | preset=thorough | GPU=True
2026-01-14 18:20:38,845 - DSN - INFO - Params: η=0.003, T=500, init=degree, LS=True
2026-01-14 18:20:38,845 - DSN - INFO - Using GPU solver (CuPy)
2026-01-14 18:20:38,848 - DSN - INFO - DSN GPU Solver: n=2000, edges=19990
2026-01-14 18:20:38,848 - DSN - INFO - DSN GPU: T=500, η=0.003, LS=True
2026-01-14 18:20:38,968 - DSN - INFO - t=000: B=-9101.29, Cut=2769, Best=2769 [LS]
2026-01-14 18:20:41,398 - DSN - INFO - t=040: B=-8429.27, Cut=5, Best=2769
2026-01-14 18:20:44,013 - DSN - INFO - t=080: B=-8402.06, Cut=-2, Best=2807
2026-01-14 18:20:46,639 - DSN - INFO - t=120: B=-8347.09, Cut=16, Best=2807
2026-01-14 18:20:49,279 - DSN - INFO - t=160: B=-8350.12, Cut=-13, Best=2847
2026-01-14 18:20:51,912 - DSN - INFO - t=200: B=-8326.12, Cut=2853, Best=2853 [LS]
2026-01-14 18:20:54,469 - DSN - INFO - t=240: B=-8315.30, Cut=-5, Best=2853
2026-01-14 18:20:57,110 - DSN - INFO - t=280: B=-8313.70, Cut=-12, Best=2853
2026-01-14 18:20:59,750 - DSN - INFO - t=320: B=-8311.75, Cut=21, Best=2853
2026-01-14 18:21:02,383 - DSN - INFO - t=360: B=-8308.32, Cut=10, Best=2853
2026-01-14 18:21:05,013 - DSN - INFO - t=400: B=-8306.69, Cut=2811, Best=2853 [LS]
2026-01-14 18:21:07,570 - DSN - INFO - t=440: B=-8306.49, Cut=16, Best=2853
2026-01-14 18:21:10,202 - DSN - INFO - t=480: B=-8307.11, Cut=22, Best=2853
2026-01-14 18:21:11,498 - DSN - INFO - DSN GPU done in 32.65s | Cut=2918
2026-01-14 18:21:11,501 - DSN - INFO - Results saved to: results/Gset/DSN_thorough/G28.csv
2026-01-14 18:21:11,501 - DSN - INFO - Cut: 2918 | Bound: -8306.25 | Time: 32.65s
2026-01-14 18:21:11,501 - DSN - INFO - Initialized DSN_thorough | preset=thorough | GPU=True
2026-01-14 18:21:11,502 - DSN - INFO - Params: η=0.003, T=500, init=degree, LS=True
2026-01-14 18:21:11,502 - DSN - INFO - Using GPU solver (CuPy)
2026-01-14 18:21:11,505 - DSN - INFO - DSN GPU Solver: n=2000, edges=19990
2026-01-14 18:21:11,505 - DSN - INFO - DSN GPU: T=500, η=0.003, LS=True
2026-01-14 18:21:11,627 - DSN - INFO - t=000: B=-9101.29, Cut=2804, Best=2804 [LS]
2026-01-14 18:21:14,069 - DSN - INFO - t=040: B=-8429.17, Cut=2, Best=2804
2026-01-14 18:21:16,702 - DSN - INFO - t=080: B=-8398.42, Cut=-13, Best=2884
2026-01-14 18:21:19,340 - DSN - INFO - t=120: B=-8354.21, Cut=8, Best=2889
2026-01-14 18:21:21,976 - DSN - INFO - t=160: B=-8326.23, Cut=6, Best=2889
2026-01-14 18:21:24,620 - DSN - INFO - t=200: B=-8323.34, Cut=2776, Best=2889 [LS]
2026-01-14 18:21:27,188 - DSN - INFO - t=240: B=-8314.65, Cut=8, Best=2889
2026-01-14 18:21:29,830 - DSN - INFO - t=280: B=-8310.10, Cut=-11, Best=2889
2026-01-14 18:21:32,471 - DSN - INFO - t=320: B=-8309.31, Cut=0, Best=2889
2026-01-14 18:21:35,111 - DSN - INFO - t=360: B=-8307.54, Cut=23, Best=2889
2026-01-14 18:21:37,752 - DSN - INFO - t=400: B=-8306.58, Cut=2921, Best=2921 [LS]
2026-01-14 18:21:40,320 - DSN - INFO - t=440: B=-8306.89, Cut=44, Best=2921
2026-01-14 18:21:42,953 - DSN - INFO - t=480: B=-8307.45, Cut=4, Best=2921
2026-01-14 18:21:44,255 - DSN - INFO - DSN GPU done in 32.75s | Cut=2921
2026-01-14 18:21:44,260 - DSN - INFO - Results saved to: results/Gset/DSN_thorough/G28.csv
2026-01-14 18:21:44,260 - DSN - INFO - Cut: 2921 | Bound: -8306.23 | Time: 32.75s
2026-01-14 18:21:44,260 - DSN - INFO - Initialized DSN_thorough | preset=thorough | GPU=True
2026-01-14 18:21:44,260 - DSN - INFO - Params: η=0.003, T=500, init=degree, LS=True
2026-01-14 18:21:44,260 - DSN - INFO - Using GPU solver (CuPy)
2026-01-14 18:21:44,264 - DSN - INFO - DSN GPU Solver: n=2000, edges=19990
2026-01-14 18:21:44,264 - DSN - INFO - DSN GPU: T=500, η=0.003, LS=True
2026-01-14 18:21:44,381 - DSN - INFO - t=000: B=-9101.29, Cut=2743, Best=2743 [LS]
2026-01-14 18:21:46,843 - DSN - INFO - t=040: B=-8416.86, Cut=-11, Best=2743
2026-01-14 18:21:49,469 - DSN - INFO - t=080: B=-8392.10, Cut=15, Best=2830
2026-01-14 18:21:52,110 - DSN - INFO - t=120: B=-8390.25, Cut=-2, Best=2830
2026-01-14 18:21:54,737 - DSN - INFO - t=160: B=-8346.90, Cut=11, Best=2830
2026-01-14 18:21:57,373 - DSN - INFO - t=200: B=-8328.35, Cut=2829, Best=2830 [LS]
2026-01-14 18:21:59,935 - DSN - INFO - t=240: B=-8312.48, Cut=0, Best=2830
2026-01-14 18:22:02,574 - DSN - INFO - t=280: B=-8309.58, Cut=35, Best=2846
2026-01-14 18:22:05,214 - DSN - INFO - t=320: B=-8309.24, Cut=-2, Best=2889
2026-01-14 18:22:07,853 - DSN - INFO - t=360: B=-8307.65, Cut=0, Best=2889
2026-01-14 18:22:10,484 - DSN - INFO - t=400: B=-8307.51, Cut=2817, Best=2889 [LS]
2026-01-14 18:22:13,046 - DSN - INFO - t=440: B=-8307.09, Cut=-24, Best=2889
2026-01-14 18:22:15,681 - DSN - INFO - t=480: B=-8308.03, Cut=0, Best=2889
2026-01-14 18:22:16,987 - DSN - INFO - DSN GPU done in 32.72s | Cut=2889
2026-01-14 18:22:16,991 - DSN - INFO - Results saved to: results/Gset/DSN_thorough/G28.csv
2026-01-14 18:22:16,991 - DSN - INFO - Cut: 2889 | Bound: -8306.18 | Time: 32.73s
2026-01-14 18:22:16,991 - DSN - INFO - Initialized DSN_thorough | preset=thorough | GPU=True
2026-01-14 18:22:16,991 - DSN - INFO - Params: η=0.003, T=500, init=degree, LS=True
2026-01-14 18:22:16,991 - DSN - INFO - Using GPU solver (CuPy)
2026-01-14 18:22:16,994 - DSN - INFO - DSN GPU Solver: n=2000, edges=19990
2026-01-14 18:22:16,994 - DSN - INFO - DSN GPU: T=500, η=0.003, LS=True
2026-01-14 18:22:17,119 - DSN - INFO - t=000: B=-9101.29, Cut=2876, Best=2876 [LS]
2026-01-14 18:22:19,563 - DSN - INFO - t=040: B=-8428.80, Cut=1, Best=2876
2026-01-14 18:22:22,185 - DSN - INFO - t=080: B=-8390.84, Cut=8, Best=2876
2026-01-14 18:22:24,816 - DSN - INFO - t=120: B=-8349.26, Cut=0, Best=2876
2026-01-14 18:22:27,451 - DSN - INFO - t=160: B=-8337.30, Cut=-1, Best=2876
2026-01-14 18:22:30,101 - DSN - INFO - t=200: B=-8325.76, Cut=2912, Best=2912 [LS]
2026-01-14 18:22:32,671 - DSN - INFO - t=240: B=-8315.22, Cut=9, Best=2912
2026-01-14 18:22:35,308 - DSN - INFO - t=280: B=-8310.66, Cut=27, Best=2912
2026-01-14 18:22:37,943 - DSN - INFO - t=320: B=-8308.64, Cut=0, Best=2912
2026-01-14 18:22:40,574 - DSN - INFO - t=360: B=-8308.85, Cut=-53, Best=2912
2026-01-14 18:22:43,219 - DSN - INFO - t=400: B=-8307.25, Cut=2861, Best=2912 [LS]
2026-01-14 18:22:45,768 - DSN - INFO - t=440: B=-8307.68, Cut=-3, Best=2912
2026-01-14 18:22:48,401 - DSN - INFO - t=480: B=-8308.47, Cut=8, Best=2912
2026-01-14 18:22:49,693 - DSN - INFO - DSN GPU done in 32.70s | Cut=2912
2026-01-14 18:22:49,698 - DSN - INFO - Results saved to: results/Gset/DSN_thorough/G28.csv
2026-01-14 18:22:49,698 - DSN - INFO - Cut: 2912 | Bound: -8306.65 | Time: 32.70s
2026-01-14 18:22:49,698 - DSN - INFO - Initialized DSN_thorough | preset=thorough | GPU=True
2026-01-14 18:22:49,698 - DSN - INFO - Params: η=0.003, T=500, init=degree, LS=True
2026-01-14 18:22:49,698 - DSN - INFO - Using GPU solver (CuPy)
2026-01-14 18:22:49,702 - DSN - INFO - DSN GPU Solver: n=2000, edges=19990
2026-01-14 18:22:49,702 - DSN - INFO - DSN GPU: T=500, η=0.003, LS=True
2026-01-14 18:22:49,812 - DSN - INFO - t=000: B=-9101.29, Cut=2780, Best=2780 [LS]
2026-01-14 18:22:52,230 - DSN - INFO - t=040: B=-8422.18, Cut=4, Best=2780
2026-01-14 18:22:54,850 - DSN - INFO - t=080: B=-8397.76, Cut=28, Best=2819
2026-01-14 18:22:57,481 - DSN - INFO - t=120: B=-8400.28, Cut=-13, Best=2820
2026-01-14 18:23:00,116 - DSN - INFO - t=160: B=-8348.31, Cut=7, Best=2836
2026-01-14 18:23:02,753 - DSN - INFO - t=200: B=-8327.93, Cut=2824, Best=2836 [LS]
2026-01-14 18:23:05,307 - DSN - INFO - t=240: B=-8316.33, Cut=-14, Best=2836
2026-01-14 18:23:07,943 - DSN - INFO - t=280: B=-8310.46, Cut=9, Best=2836
2026-01-14 18:23:10,575 - DSN - INFO - t=320: B=-8308.33, Cut=15, Best=2854
2026-01-14 18:23:13,204 - DSN - INFO - t=360: B=-8307.41, Cut=0, Best=2854
2026-01-14 18:23:15,847 - DSN - INFO - t=400: B=-8307.27, Cut=2811, Best=2854 [LS]
2026-01-14 18:23:18,393 - DSN - INFO - t=440: B=-8306.77, Cut=-5, Best=2854
2026-01-14 18:23:21,023 - DSN - INFO - t=480: B=-8307.25, Cut=-2, Best=2879
2026-01-14 18:23:22,320 - DSN - INFO - DSN GPU done in 32.62s | Cut=2879
2026-01-14 18:23:22,324 - DSN - INFO - Results saved to: results/Gset/DSN_thorough/G28.csv
2026-01-14 18:23:22,324 - DSN - INFO - Cut: 2879 | Bound: -8306.14 | Time: 32.62s
2026-01-14 18:23:22,355 - DSN - INFO - Initialized DSN_thorough | preset=thorough | GPU=True
2026-01-14 18:23:22,355 - DSN - INFO - Params: η=0.003, T=500, init=degree, LS=True
2026-01-14 18:23:22,355 - DSN - INFO - Using GPU solver (CuPy)
2026-01-14 18:23:22,358 - DSN - INFO - DSN GPU Solver: n=2000, edges=19990
2026-01-14 18:23:22,358 - DSN - INFO - DSN GPU: T=500, η=0.003, LS=True
2026-01-14 18:23:22,475 - DSN - INFO - t=000: B=-9124.70, Cut=2797, Best=2797 [LS]
2026-01-14 18:23:24,920 - DSN - INFO - t=040: B=-8441.37, Cut=5, Best=2797
2026-01-14 18:23:27,556 - DSN - INFO - t=080: B=-8409.61, Cut=-13, Best=2797
2026-01-14 18:23:30,205 - DSN - INFO - t=120: B=-8366.99, Cut=9, Best=2837
2026-01-14 18:23:32,836 - DSN - INFO - t=160: B=-8343.45, Cut=12, Best=2837
2026-01-14 18:23:35,472 - DSN - INFO - t=200: B=-8335.63, Cut=2852, Best=2852 [LS]
2026-01-14 18:23:38,024 - DSN - INFO - t=240: B=-8329.33, Cut=21, Best=2852
2026-01-14 18:23:40,663 - DSN - INFO - t=280: B=-8328.93, Cut=0, Best=2852
2026-01-14 18:23:43,300 - DSN - INFO - t=320: B=-8327.50, Cut=-2, Best=2865
2026-01-14 18:23:45,938 - DSN - INFO - t=360: B=-8325.89, Cut=-13, Best=2865
2026-01-14 18:23:48,578 - DSN - INFO - t=400: B=-8325.63, Cut=2867, Best=2867 [LS]
2026-01-14 18:23:51,141 - DSN - INFO - t=440: B=-8325.68, Cut=-6, Best=2867
2026-01-14 18:23:53,774 - DSN - INFO - t=480: B=-8326.32, Cut=15, Best=2867
2026-01-14 18:23:55,076 - DSN - INFO - DSN GPU done in 32.72s | Cut=2876
2026-01-14 18:23:55,078 - DSN - INFO - Results saved to: results/Gset/DSN_thorough/G29.csv
2026-01-14 18:23:55,078 - DSN - INFO - Cut: 2876 | Bound: -8325.33 | Time: 32.72s
2026-01-14 18:23:55,078 - DSN - INFO - Initialized DSN_thorough | preset=thorough | GPU=True
2026-01-14 18:23:55,078 - DSN - INFO - Params: η=0.003, T=500, init=degree, LS=True
2026-01-14 18:23:55,078 - DSN - INFO - Using GPU solver (CuPy)
2026-01-14 18:23:55,081 - DSN - INFO - DSN GPU Solver: n=2000, edges=19990
2026-01-14 18:23:55,081 - DSN - INFO - DSN GPU: T=500, η=0.003, LS=True
2026-01-14 18:23:55,206 - DSN - INFO - t=000: B=-9124.70, Cut=2867, Best=2867 [LS]
2026-01-14 18:23:57,649 - DSN - INFO - t=040: B=-8439.52, Cut=-12, Best=2867
2026-01-14 18:24:00,259 - DSN - INFO - t=080: B=-8407.56, Cut=-22, Best=2867
2026-01-14 18:24:02,891 - DSN - INFO - t=120: B=-8359.92, Cut=-87, Best=2867
2026-01-14 18:24:05,522 - DSN - INFO - t=160: B=-8344.07, Cut=5, Best=2867
2026-01-14 18:24:08,152 - DSN - INFO - t=200: B=-8333.26, Cut=2780, Best=2867 [LS]
2026-01-14 18:24:10,718 - DSN - INFO - t=240: B=-8333.13, Cut=14, Best=2867
2026-01-14 18:24:13,360 - DSN - INFO - t=280: B=-8333.11, Cut=0, Best=2879
2026-01-14 18:24:15,989 - DSN - INFO - t=320: B=-8328.21, Cut=3, Best=2879
2026-01-14 18:24:18,622 - DSN - INFO - t=360: B=-8326.22, Cut=-37, Best=2879
2026-01-14 18:24:21,255 - DSN - INFO - t=400: B=-8324.69, Cut=2778, Best=2879 [LS]
2026-01-14 18:24:23,816 - DSN - INFO - t=440: B=-8324.21, Cut=2, Best=2879
2026-01-14 18:24:26,459 - DSN - INFO - t=480: B=-8324.01, Cut=5, Best=2886
2026-01-14 18:24:27,756 - DSN - INFO - DSN GPU done in 32.68s | Cut=2886
2026-01-14 18:24:27,760 - DSN - INFO - Results saved to: results/Gset/DSN_thorough/G29.csv
2026-01-14 18:24:27,760 - DSN - INFO - Cut: 2886 | Bound: -8323.74 | Time: 32.68s
2026-01-14 18:24:27,760 - DSN - INFO - Initialized DSN_thorough | preset=thorough | GPU=True
2026-01-14 18:24:27,760 - DSN - INFO - Params: η=0.003, T=500, init=degree, LS=True
2026-01-14 18:24:27,760 - DSN - INFO - Using GPU solver (CuPy)
2026-01-14 18:24:27,763 - DSN - INFO - DSN GPU Solver: n=2000, edges=19990
2026-01-14 18:24:27,763 - DSN - INFO - DSN GPU: T=500, η=0.003, LS=True
2026-01-14 18:24:27,883 - DSN - INFO - t=000: B=-9124.70, Cut=2885, Best=2885 [LS]
2026-01-14 18:24:30,323 - DSN - INFO - t=040: B=-8440.49, Cut=15, Best=2885
2026-01-14 18:24:32,942 - DSN - INFO - t=080: B=-8414.35, Cut=-40, Best=2885
2026-01-14 18:24:35,557 - DSN - INFO - t=120: B=-8399.95, Cut=-8, Best=2885
2026-01-14 18:24:38,194 - DSN - INFO - t=160: B=-8362.40, Cut=18, Best=2885
2026-01-14 18:24:40,840 - DSN - INFO - t=200: B=-8338.61, Cut=2837, Best=2885 [LS]
2026-01-14 18:24:43,396 - DSN - INFO - t=240: B=-8339.57, Cut=4, Best=2885
2026-01-14 18:24:46,033 - DSN - INFO - t=280: B=-8330.92, Cut=28, Best=2885
2026-01-14 18:24:48,676 - DSN - INFO - t=320: B=-8331.46, Cut=-7, Best=2885
2026-01-14 18:24:51,321 - DSN - INFO - t=360: B=-8327.80, Cut=14, Best=2885
2026-01-14 18:24:53,963 - DSN - INFO - t=400: B=-8323.59, Cut=2858, Best=2885 [LS]
2026-01-14 18:24:56,521 - DSN - INFO - t=440: B=-8323.79, Cut=0, Best=2885
2026-01-14 18:24:59,172 - DSN - INFO - t=480: B=-8323.75, Cut=24, Best=2885
2026-01-14 18:25:00,469 - DSN - INFO - DSN GPU done in 32.71s | Cut=2885
2026-01-14 18:25:00,473 - DSN - INFO - Results saved to: results/Gset/DSN_thorough/G29.csv
2026-01-14 18:25:00,473 - DSN - INFO - Cut: 2885 | Bound: -8322.87 | Time: 32.71s
2026-01-14 18:25:00,473 - DSN - INFO - Initialized DSN_thorough | preset=thorough | GPU=True
2026-01-14 18:25:00,473 - DSN - INFO - Params: η=0.003, T=500, init=degree, LS=True
2026-01-14 18:25:00,473 - DSN - INFO - Using GPU solver (CuPy)
2026-01-14 18:25:00,476 - DSN - INFO - DSN GPU Solver: n=2000, edges=19990
2026-01-14 18:25:00,476 - DSN - INFO - DSN GPU: T=500, η=0.003, LS=True
2026-01-14 18:25:00,591 - DSN - INFO - t=000: B=-9124.70, Cut=2797, Best=2797 [LS]
2026-01-14 18:25:03,050 - DSN - INFO - t=040: B=-8442.06, Cut=-7, Best=2797
2026-01-14 18:25:05,661 - DSN - INFO - t=080: B=-8418.24, Cut=20, Best=2797
2026-01-14 18:25:08,281 - DSN - INFO - t=120: B=-8362.70, Cut=22, Best=2797
2026-01-14 18:25:10,919 - DSN - INFO - t=160: B=-8345.25, Cut=13, Best=2837
2026-01-14 18:25:13,555 - DSN - INFO - t=200: B=-8339.26, Cut=2835, Best=2837 [LS]
2026-01-14 18:25:16,114 - DSN - INFO - t=240: B=-8332.55, Cut=-68, Best=2837
2026-01-14 18:25:18,747 - DSN - INFO - t=280: B=-8326.98, Cut=14, Best=2858
2026-01-14 18:25:21,385 - DSN - INFO - t=320: B=-8326.22, Cut=-11, Best=2858
2026-01-14 18:25:24,033 - DSN - INFO - t=360: B=-8324.81, Cut=4, Best=2911
2026-01-14 18:25:26,671 - DSN - INFO - t=400: B=-8324.02, Cut=2837, Best=2911 [LS]
2026-01-14 18:25:29,222 - DSN - INFO - t=440: B=-8324.38, Cut=-5, Best=2911
2026-01-14 18:25:31,866 - DSN - INFO - t=480: B=-8324.46, Cut=20, Best=2911
2026-01-14 18:25:33,169 - DSN - INFO - DSN GPU done in 32.69s | Cut=2911
2026-01-14 18:25:33,173 - DSN - INFO - Results saved to: results/Gset/DSN_thorough/G29.csv
2026-01-14 18:25:33,173 - DSN - INFO - Cut: 2911 | Bound: -8323.69 | Time: 32.70s
2026-01-14 18:25:33,173 - DSN - INFO - Initialized DSN_thorough | preset=thorough | GPU=True
2026-01-14 18:25:33,173 - DSN - INFO - Params: η=0.003, T=500, init=degree, LS=True
2026-01-14 18:25:33,173 - DSN - INFO - Using GPU solver (CuPy)
2026-01-14 18:25:33,176 - DSN - INFO - DSN GPU Solver: n=2000, edges=19990
2026-01-14 18:25:33,176 - DSN - INFO - DSN GPU: T=500, η=0.003, LS=True
2026-01-14 18:25:33,289 - DSN - INFO - t=000: B=-9124.70, Cut=2823, Best=2823 [LS]
2026-01-14 18:25:35,725 - DSN - INFO - t=040: B=-8439.96, Cut=-16, Best=2823
2026-01-14 18:25:38,363 - DSN - INFO - t=080: B=-8411.47, Cut=7, Best=2871
2026-01-14 18:25:40,986 - DSN - INFO - t=120: B=-8377.03, Cut=3, Best=2871
2026-01-14 18:25:43,625 - DSN - INFO - t=160: B=-8359.22, Cut=1, Best=2871
2026-01-14 18:25:46,258 - DSN - INFO - t=200: B=-8334.63, Cut=2743, Best=2871 [LS]
2026-01-14 18:25:48,825 - DSN - INFO - t=240: B=-8330.05, Cut=4, Best=2871
2026-01-14 18:25:51,463 - DSN - INFO - t=280: B=-8327.99, Cut=1, Best=2871
2026-01-14 18:25:54,107 - DSN - INFO - t=320: B=-8325.64, Cut=-30, Best=2871
2026-01-14 18:25:56,748 - DSN - INFO - t=360: B=-8325.18, Cut=-15, Best=2871
2026-01-14 18:25:59,388 - DSN - INFO - t=400: B=-8324.14, Cut=2828, Best=2871 [LS]
2026-01-14 18:26:01,942 - DSN - INFO - t=440: B=-8324.97, Cut=-8, Best=2871
2026-01-14 18:26:04,577 - DSN - INFO - t=480: B=-8325.39, Cut=-36, Best=2871
2026-01-14 18:26:05,881 - DSN - INFO - DSN GPU done in 32.70s | Cut=2871
2026-01-14 18:26:05,884 - DSN - INFO - Results saved to: results/Gset/DSN_thorough/G29.csv
2026-01-14 18:26:05,884 - DSN - INFO - Cut: 2871 | Bound: -8323.90 | Time: 32.71s
2026-01-14 18:26:05,885 - DSN - INFO - Initialized DSN_thorough | preset=thorough | GPU=True
2026-01-14 18:26:05,885 - DSN - INFO - Params: η=0.003, T=500, init=degree, LS=True
2026-01-14 18:26:05,885 - DSN - INFO - Using GPU solver (CuPy)
2026-01-14 18:26:05,888 - DSN - INFO - DSN GPU Solver: n=2000, edges=19990
2026-01-14 18:26:05,888 - DSN - INFO - DSN GPU: T=500, η=0.003, LS=True
2026-01-14 18:26:06,002 - DSN - INFO - t=000: B=-9124.70, Cut=2797, Best=2797 [LS]
2026-01-14 18:26:08,442 - DSN - INFO - t=040: B=-8439.59, Cut=10, Best=2797
2026-01-14 18:26:11,065 - DSN - INFO - t=080: B=-8419.35, Cut=4, Best=2822
2026-01-14 18:26:13,708 - DSN - INFO - t=120: B=-8408.78, Cut=7, Best=2846
2026-01-14 18:26:16,341 - DSN - INFO - t=160: B=-8364.78, Cut=-7, Best=2846
2026-01-14 18:26:18,970 - DSN - INFO - t=200: B=-8356.27, Cut=2851, Best=2851 [LS]
2026-01-14 18:26:21,531 - DSN - INFO - t=240: B=-8340.21, Cut=42, Best=2851
2026-01-14 18:26:24,177 - DSN - INFO - t=280: B=-8332.64, Cut=-38, Best=2851
2026-01-14 18:26:26,819 - DSN - INFO - t=320: B=-8327.74, Cut=5, Best=2851
2026-01-14 18:26:29,453 - DSN - INFO - t=360: B=-8325.69, Cut=-2, Best=2851
2026-01-14 18:26:32,092 - DSN - INFO - t=400: B=-8324.58, Cut=2816, Best=2851 [LS]
2026-01-14 18:26:34,647 - DSN - INFO - t=440: B=-8323.51, Cut=18, Best=2851
2026-01-14 18:26:37,284 - DSN - INFO - t=480: B=-8324.37, Cut=-6, Best=2851
2026-01-14 18:26:38,591 - DSN - INFO - DSN GPU done in 32.70s | Cut=2861
2026-01-14 18:26:38,594 - DSN - INFO - Results saved to: results/Gset/DSN_thorough/G29.csv
2026-01-14 18:26:38,594 - DSN - INFO - Cut: 2861 | Bound: -8322.97 | Time: 32.71s
2026-01-14 18:26:38,594 - DSN - INFO - Initialized DSN_thorough | preset=thorough | GPU=True
2026-01-14 18:26:38,594 - DSN - INFO - Params: η=0.003, T=500, init=degree, LS=True
2026-01-14 18:26:38,594 - DSN - INFO - Using GPU solver (CuPy)
2026-01-14 18:26:38,597 - DSN - INFO - DSN GPU Solver: n=2000, edges=19990
2026-01-14 18:26:38,597 - DSN - INFO - DSN GPU: T=500, η=0.003, LS=True
2026-01-14 18:26:38,713 - DSN - INFO - t=000: B=-9124.70, Cut=2845, Best=2845 [LS]
2026-01-14 18:26:41,168 - DSN - INFO - t=040: B=-8438.33, Cut=1, Best=2845
2026-01-14 18:26:43,804 - DSN - INFO - t=080: B=-8411.49, Cut=1, Best=2845
2026-01-14 18:26:46,442 - DSN - INFO - t=120: B=-8373.60, Cut=-7, Best=2845
2026-01-14 18:26:49,080 - DSN - INFO - t=160: B=-8361.31, Cut=20, Best=2845
2026-01-14 18:26:51,721 - DSN - INFO - t=200: B=-8364.31, Cut=2856, Best=2856 [LS]
2026-01-14 18:26:54,285 - DSN - INFO - t=240: B=-8343.44, Cut=21, Best=2856
2026-01-14 18:26:56,919 - DSN - INFO - t=280: B=-8333.52, Cut=0, Best=2856
2026-01-14 18:26:59,561 - DSN - INFO - t=320: B=-8327.77, Cut=0, Best=2856
2026-01-14 18:27:02,199 - DSN - INFO - t=360: B=-8326.42, Cut=8, Best=2856
2026-01-14 18:27:04,835 - DSN - INFO - t=400: B=-8327.46, Cut=2837, Best=2856 [LS]
2026-01-14 18:27:07,393 - DSN - INFO - t=440: B=-8325.53, Cut=6, Best=2856
2026-01-14 18:27:10,038 - DSN - INFO - t=480: B=-8325.16, Cut=-24, Best=2856
2026-01-14 18:27:11,342 - DSN - INFO - DSN GPU done in 32.74s | Cut=2856
2026-01-14 18:27:11,346 - DSN - INFO - Results saved to: results/Gset/DSN_thorough/G29.csv
2026-01-14 18:27:11,346 - DSN - INFO - Cut: 2856 | Bound: -8323.29 | Time: 32.75s
2026-01-14 18:27:11,346 - DSN - INFO - Initialized DSN_thorough | preset=thorough | GPU=True
2026-01-14 18:27:11,346 - DSN - INFO - Params: η=0.003, T=500, init=degree, LS=True
2026-01-14 18:27:11,346 - DSN - INFO - Using GPU solver (CuPy)
2026-01-14 18:27:11,350 - DSN - INFO - DSN GPU Solver: n=2000, edges=19990
2026-01-14 18:27:11,350 - DSN - INFO - DSN GPU: T=500, η=0.003, LS=True
2026-01-14 18:27:11,470 - DSN - INFO - t=000: B=-9124.70, Cut=2761, Best=2761 [LS]
2026-01-14 18:27:13,917 - DSN - INFO - t=040: B=-8438.96, Cut=-14, Best=2761
2026-01-14 18:27:16,545 - DSN - INFO - t=080: B=-8419.39, Cut=11, Best=2861
2026-01-14 18:27:19,176 - DSN - INFO - t=120: B=-8365.56, Cut=23, Best=2861
2026-01-14 18:27:21,815 - DSN - INFO - t=160: B=-8356.89, Cut=11, Best=2861
2026-01-14 18:27:24,451 - DSN - INFO - t=200: B=-8356.50, Cut=2779, Best=2861 [LS]
2026-01-14 18:27:27,010 - DSN - INFO - t=240: B=-8340.61, Cut=26, Best=2861
2026-01-14 18:27:29,649 - DSN - INFO - t=280: B=-8332.75, Cut=-8, Best=2929
2026-01-14 18:27:32,288 - DSN - INFO - t=320: B=-8328.67, Cut=25, Best=2929
2026-01-14 18:27:34,932 - DSN - INFO - t=360: B=-8326.39, Cut=0, Best=2929
2026-01-14 18:27:37,579 - DSN - INFO - t=400: B=-8324.21, Cut=2876, Best=2929 [LS]
2026-01-14 18:27:40,142 - DSN - INFO - t=440: B=-8324.04, Cut=-7, Best=2929
2026-01-14 18:27:42,778 - DSN - INFO - t=480: B=-8323.45, Cut=0, Best=2929
2026-01-14 18:27:44,077 - DSN - INFO - DSN GPU done in 32.73s | Cut=2929
2026-01-14 18:27:44,082 - DSN - INFO - Results saved to: results/Gset/DSN_thorough/G29.csv
2026-01-14 18:27:44,082 - DSN - INFO - Cut: 2929 | Bound: -8322.85 | Time: 32.73s
2026-01-14 18:27:44,082 - DSN - INFO - Initialized DSN_thorough | preset=thorough | GPU=True
2026-01-14 18:27:44,082 - DSN - INFO - Params: η=0.003, T=500, init=degree, LS=True
2026-01-14 18:27:44,082 - DSN - INFO - Using GPU solver (CuPy)
2026-01-14 18:27:44,085 - DSN - INFO - DSN GPU Solver: n=2000, edges=19990
2026-01-14 18:27:44,085 - DSN - INFO - DSN GPU: T=500, η=0.003, LS=True
2026-01-14 18:27:44,200 - DSN - INFO - t=000: B=-9124.70, Cut=2845, Best=2845 [LS]
2026-01-14 18:27:46,640 - DSN - INFO - t=040: B=-8442.66, Cut=-21, Best=2845
2026-01-14 18:27:49,282 - DSN - INFO - t=080: B=-8418.57, Cut=0, Best=2845
2026-01-14 18:27:51,914 - DSN - INFO - t=120: B=-8366.30, Cut=0, Best=2845
2026-01-14 18:27:54,554 - DSN - INFO - t=160: B=-8355.88, Cut=17, Best=2845
2026-01-14 18:27:57,199 - DSN - INFO - t=200: B=-8345.69, Cut=2837, Best=2845 [LS]
2026-01-14 18:27:59,750 - DSN - INFO - t=240: B=-8330.63, Cut=26, Best=2845
2026-01-14 18:28:02,385 - DSN - INFO - t=280: B=-8327.59, Cut=-6, Best=2845
2026-01-14 18:28:05,021 - DSN - INFO - t=320: B=-8323.91, Cut=0, Best=2845
2026-01-14 18:28:07,664 - DSN - INFO - t=360: B=-8324.82, Cut=-18, Best=2845
2026-01-14 18:28:10,304 - DSN - INFO - t=400: B=-8323.66, Cut=2801, Best=2845 [LS]
2026-01-14 18:28:12,865 - DSN - INFO - t=440: B=-8323.71, Cut=0, Best=2845
2026-01-14 18:28:15,499 - DSN - INFO - t=480: B=-8324.36, Cut=3, Best=2845
2026-01-14 18:28:16,794 - DSN - INFO - DSN GPU done in 32.71s | Cut=2845
2026-01-14 18:28:16,798 - DSN - INFO - Results saved to: results/Gset/DSN_thorough/G29.csv
2026-01-14 18:28:16,798 - DSN - INFO - Cut: 2845 | Bound: -8323.25 | Time: 32.71s
2026-01-14 18:28:16,798 - DSN - INFO - Initialized DSN_thorough | preset=thorough | GPU=True
2026-01-14 18:28:16,798 - DSN - INFO - Params: η=0.003, T=500, init=degree, LS=True
2026-01-14 18:28:16,798 - DSN - INFO - Using GPU solver (CuPy)
2026-01-14 18:28:16,801 - DSN - INFO - DSN GPU Solver: n=2000, edges=19990
2026-01-14 18:28:16,802 - DSN - INFO - DSN GPU: T=500, η=0.003, LS=True
2026-01-14 18:28:16,917 - DSN - INFO - t=000: B=-9124.70, Cut=2833, Best=2833 [LS]
2026-01-14 18:28:19,357 - DSN - INFO - t=040: B=-8440.12, Cut=15, Best=2833
2026-01-14 18:28:21,981 - DSN - INFO - t=080: B=-8408.34, Cut=-15, Best=2833
2026-01-14 18:28:24,623 - DSN - INFO - t=120: B=-8361.82, Cut=17, Best=2925
2026-01-14 18:28:27,271 - DSN - INFO - t=160: B=-8345.42, Cut=5, Best=2925
2026-01-14 18:28:29,909 - DSN - INFO - t=200: B=-8333.96, Cut=2838, Best=2925 [LS]
2026-01-14 18:28:32,465 - DSN - INFO - t=240: B=-8328.33, Cut=-34, Best=2925
2026-01-14 18:28:35,110 - DSN - INFO - t=280: B=-8326.18, Cut=-7, Best=2925
2026-01-14 18:28:37,746 - DSN - INFO - t=320: B=-8326.10, Cut=3, Best=2925
2026-01-14 18:28:40,386 - DSN - INFO - t=360: B=-8325.88, Cut=4, Best=2925
2026-01-14 18:28:43,023 - DSN - INFO - t=400: B=-8325.04, Cut=2817, Best=2925 [LS]
2026-01-14 18:28:45,578 - DSN - INFO - t=440: B=-8325.55, Cut=-1, Best=2925
2026-01-14 18:28:48,205 - DSN - INFO - t=480: B=-8325.54, Cut=9, Best=2925
2026-01-14 18:28:49,496 - DSN - INFO - DSN GPU done in 32.69s | Cut=2925
2026-01-14 18:28:49,500 - DSN - INFO - Results saved to: results/Gset/DSN_thorough/G29.csv
2026-01-14 18:28:49,500 - DSN - INFO - Cut: 2925 | Bound: -8324.48 | Time: 32.70s
2026-01-14 18:28:49,529 - DSN - INFO - Initialized DSN_thorough | preset=thorough | GPU=True
2026-01-14 18:28:49,529 - DSN - INFO - Params: η=0.003, T=500, init=degree, LS=True
2026-01-14 18:28:49,530 - DSN - INFO - Using GPU solver (CuPy)
2026-01-14 18:28:49,532 - DSN - INFO - DSN GPU Solver: n=800, edges=19176
2026-01-14 18:28:49,532 - DSN - INFO - DSN GPU: T=500, η=0.003, LS=True
2026-01-14 18:28:49,587 - DSN - INFO - t=000: B=-19552.93, Cut=11405, Best=11405 [LS]
2026-01-14 18:28:50,111 - DSN - INFO - t=040: B=-19176.01, Cut=0, Best=11405
2026-01-14 18:28:50,678 - DSN - INFO - t=080: B=-19176.00, Cut=0, Best=11405
2026-01-14 18:28:51,235 - DSN - INFO - t=120: B=-19176.00, Cut=0, Best=11405
2026-01-14 18:28:51,791 - DSN - INFO - t=160: B=-19176.00, Cut=0, Best=11405
2026-01-14 18:28:52,338 - DSN - INFO - t=200: B=-19176.00, Cut=11405, Best=11405 [LS]
2026-01-14 18:28:52,851 - DSN - INFO - t=240: B=-19176.00, Cut=0, Best=11405
2026-01-14 18:28:53,402 - DSN - INFO - t=280: B=-19176.00, Cut=0, Best=11405
2026-01-14 18:28:53,953 - DSN - INFO - t=320: B=-19176.00, Cut=0, Best=11405
2026-01-14 18:28:54,505 - DSN - INFO - t=360: B=-19176.00, Cut=0, Best=11405
2026-01-14 18:28:55,058 - DSN - INFO - t=400: B=-19176.00, Cut=11405, Best=11405 [LS]
2026-01-14 18:28:55,573 - DSN - INFO - t=440: B=-19176.00, Cut=0, Best=11405
2026-01-14 18:28:56,123 - DSN - INFO - t=480: B=-19176.00, Cut=0, Best=11405
2026-01-14 18:28:56,409 - DSN - INFO - DSN GPU done in 6.88s | Cut=11405
2026-01-14 18:28:56,410 - DSN - INFO - Results saved to: results/Gset/DSN_thorough/G3.csv
2026-01-14 18:28:56,410 - DSN - INFO - Cut: 11405 | Bound: -19176.00 | Time: 6.88s
2026-01-14 18:28:56,410 - DSN - INFO - Initialized DSN_thorough | preset=thorough | GPU=True
2026-01-14 18:28:56,411 - DSN - INFO - Params: η=0.003, T=500, init=degree, LS=True
2026-01-14 18:28:56,411 - DSN - INFO - Using GPU solver (CuPy)
2026-01-14 18:28:56,413 - DSN - INFO - DSN GPU Solver: n=800, edges=19176
2026-01-14 18:28:56,413 - DSN - INFO - DSN GPU: T=500, η=0.003, LS=True
2026-01-14 18:28:56,468 - DSN - INFO - t=000: B=-19552.92, Cut=11405, Best=11405 [LS]
2026-01-14 18:28:56,999 - DSN - INFO - t=040: B=-19176.01, Cut=0, Best=11405
2026-01-14 18:28:57,564 - DSN - INFO - t=080: B=-19176.00, Cut=0, Best=11405
2026-01-14 18:28:58,128 - DSN - INFO - t=120: B=-19176.00, Cut=0, Best=11405
2026-01-14 18:28:58,689 - DSN - INFO - t=160: B=-19176.00, Cut=0, Best=11405
2026-01-14 18:28:59,263 - DSN - INFO - t=200: B=-19176.00, Cut=11405, Best=11405 [LS]
2026-01-14 18:28:59,793 - DSN - INFO - t=240: B=-19176.00, Cut=0, Best=11405
2026-01-14 18:29:00,367 - DSN - INFO - t=280: B=-19176.00, Cut=0, Best=11405
2026-01-14 18:29:00,920 - DSN - INFO - t=320: B=-19176.00, Cut=0, Best=11405
2026-01-14 18:29:01,471 - DSN - INFO - t=360: B=-19176.00, Cut=0, Best=11405
2026-01-14 18:29:02,020 - DSN - INFO - t=400: B=-19176.00, Cut=11405, Best=11405 [LS]
2026-01-14 18:29:02,531 - DSN - INFO - t=440: B=-19176.00, Cut=0, Best=11405
2026-01-14 18:29:03,080 - DSN - INFO - t=480: B=-19176.00, Cut=0, Best=11405
2026-01-14 18:29:03,364 - DSN - INFO - DSN GPU done in 6.95s | Cut=11405
2026-01-14 18:29:03,367 - DSN - INFO - Results saved to: results/Gset/DSN_thorough/G3.csv
2026-01-14 18:29:03,367 - DSN - INFO - Cut: 11405 | Bound: -19176.00 | Time: 6.95s
2026-01-14 18:29:03,367 - DSN - INFO - Initialized DSN_thorough | preset=thorough | GPU=True
2026-01-14 18:29:03,367 - DSN - INFO - Params: η=0.003, T=500, init=degree, LS=True
2026-01-14 18:29:03,367 - DSN - INFO - Using GPU solver (CuPy)
2026-01-14 18:29:03,370 - DSN - INFO - DSN GPU Solver: n=800, edges=19176
2026-01-14 18:29:03,370 - DSN - INFO - DSN GPU: T=500, η=0.003, LS=True
2026-01-14 18:29:03,425 - DSN - INFO - t=000: B=-19552.92, Cut=11405, Best=11405 [LS]
2026-01-14 18:29:03,952 - DSN - INFO - t=040: B=-19176.01, Cut=0, Best=11405
2026-01-14 18:29:04,517 - DSN - INFO - t=080: B=-19176.00, Cut=0, Best=11405
2026-01-14 18:29:05,083 - DSN - INFO - t=120: B=-19176.00, Cut=0, Best=11405
2026-01-14 18:29:05,651 - DSN - INFO - t=160: B=-19176.00, Cut=0, Best=11405
2026-01-14 18:29:06,217 - DSN - INFO - t=200: B=-19176.00, Cut=11405, Best=11405 [LS]
2026-01-14 18:29:06,759 - DSN - INFO - t=240: B=-19176.00, Cut=0, Best=11405
2026-01-14 18:29:07,324 - DSN - INFO - t=280: B=-19176.00, Cut=0, Best=11405
2026-01-14 18:29:07,884 - DSN - INFO - t=320: B=-19176.00, Cut=0, Best=11405
2026-01-14 18:29:08,431 - DSN - INFO - t=360: B=-19176.00, Cut=0, Best=11405
2026-01-14 18:29:08,981 - DSN - INFO - t=400: B=-19176.00, Cut=11405, Best=11405 [LS]
2026-01-14 18:29:09,503 - DSN - INFO - t=440: B=-19176.00, Cut=0, Best=11405
2026-01-14 18:29:10,051 - DSN - INFO - t=480: B=-19176.00, Cut=0, Best=11405
2026-01-14 18:29:10,335 - DSN - INFO - DSN GPU done in 6.97s | Cut=11405
2026-01-14 18:29:10,338 - DSN - INFO - Results saved to: results/Gset/DSN_thorough/G3.csv
2026-01-14 18:29:10,338 - DSN - INFO - Cut: 11405 | Bound: -19176.00 | Time: 6.97s
2026-01-14 18:29:10,338 - DSN - INFO - Initialized DSN_thorough | preset=thorough | GPU=True
2026-01-14 18:29:10,338 - DSN - INFO - Params: η=0.003, T=500, init=degree, LS=True
2026-01-14 18:29:10,338 - DSN - INFO - Using GPU solver (CuPy)
2026-01-14 18:29:10,341 - DSN - INFO - DSN GPU Solver: n=800, edges=19176
2026-01-14 18:29:10,341 - DSN - INFO - DSN GPU: T=500, η=0.003, LS=True
2026-01-14 18:29:10,397 - DSN - INFO - t=000: B=-19552.92, Cut=11405, Best=11405 [LS]
2026-01-14 18:29:10,926 - DSN - INFO - t=040: B=-19176.01, Cut=0, Best=11405
2026-01-14 18:29:11,494 - DSN - INFO - t=080: B=-19176.00, Cut=0, Best=11405
2026-01-14 18:29:12,058 - DSN - INFO - t=120: B=-19176.00, Cut=0, Best=11405
2026-01-14 18:29:12,616 - DSN - INFO - t=160: B=-19176.00, Cut=0, Best=11405
2026-01-14 18:29:13,169 - DSN - INFO - t=200: B=-19176.00, Cut=11405, Best=11405 [LS]
2026-01-14 18:29:13,680 - DSN - INFO - t=240: B=-19176.00, Cut=0, Best=11405
2026-01-14 18:29:14,229 - DSN - INFO - t=280: B=-19176.00, Cut=0, Best=11405
2026-01-14 18:29:14,774 - DSN - INFO - t=320: B=-19176.00, Cut=0, Best=11405
2026-01-14 18:29:15,328 - DSN - INFO - t=360: B=-19176.00, Cut=0, Best=11405
2026-01-14 18:29:15,877 - DSN - INFO - t=400: B=-19176.00, Cut=11405, Best=11405 [LS]
2026-01-14 18:29:16,389 - DSN - INFO - t=440: B=-19176.00, Cut=0, Best=11405
2026-01-14 18:29:16,939 - DSN - INFO - t=480: B=-19176.00, Cut=0, Best=11405
2026-01-14 18:29:17,223 - DSN - INFO - DSN GPU done in 6.88s | Cut=11405
2026-01-14 18:29:17,226 - DSN - INFO - Results saved to: results/Gset/DSN_thorough/G3.csv
2026-01-14 18:29:17,226 - DSN - INFO - Cut: 11405 | Bound: -19176.00 | Time: 6.88s
2026-01-14 18:29:17,226 - DSN - INFO - Initialized DSN_thorough | preset=thorough | GPU=True
2026-01-14 18:29:17,226 - DSN - INFO - Params: η=0.003, T=500, init=degree, LS=True
2026-01-14 18:29:17,226 - DSN - INFO - Using GPU solver (CuPy)
2026-01-14 18:29:17,229 - DSN - INFO - DSN GPU Solver: n=800, edges=19176
2026-01-14 18:29:17,229 - DSN - INFO - DSN GPU: T=500, η=0.003, LS=True
2026-01-14 18:29:17,284 - DSN - INFO - t=000: B=-19552.93, Cut=11405, Best=11405 [LS]
2026-01-14 18:29:17,815 - DSN - INFO - t=040: B=-19176.01, Cut=0, Best=11405
2026-01-14 18:29:18,383 - DSN - INFO - t=080: B=-19176.00, Cut=0, Best=11405
2026-01-14 18:29:18,950 - DSN - INFO - t=120: B=-19176.00, Cut=0, Best=11405
2026-01-14 18:29:19,509 - DSN - INFO - t=160: B=-19176.00, Cut=0, Best=11405
2026-01-14 18:29:20,066 - DSN - INFO - t=200: B=-19176.00, Cut=11405, Best=11405 [LS]
2026-01-14 18:29:20,577 - DSN - INFO - t=240: B=-19176.00, Cut=0, Best=11405
2026-01-14 18:29:21,128 - DSN - INFO - t=280: B=-19176.00, Cut=0, Best=11405
2026-01-14 18:29:21,677 - DSN - INFO - t=320: B=-19176.00, Cut=0, Best=11405
2026-01-14 18:29:22,227 - DSN - INFO - t=360: B=-19176.00, Cut=0, Best=11405
2026-01-14 18:29:22,777 - DSN - INFO - t=400: B=-19176.00, Cut=11405, Best=11405 [LS]
2026-01-14 18:29:23,290 - DSN - INFO - t=440: B=-19176.00, Cut=0, Best=11405
2026-01-14 18:29:23,839 - DSN - INFO - t=480: B=-19176.00, Cut=0, Best=11405
2026-01-14 18:29:24,124 - DSN - INFO - DSN GPU done in 6.90s | Cut=11405
2026-01-14 18:29:24,128 - DSN - INFO - Results saved to: results/Gset/DSN_thorough/G3.csv
2026-01-14 18:29:24,128 - DSN - INFO - Cut: 11405 | Bound: -19176.00 | Time: 6.90s
2026-01-14 18:29:24,128 - DSN - INFO - Initialized DSN_thorough | preset=thorough | GPU=True
2026-01-14 18:29:24,128 - DSN - INFO - Params: η=0.003, T=500, init=degree, LS=True
2026-01-14 18:29:24,128 - DSN - INFO - Using GPU solver (CuPy)
2026-01-14 18:29:24,131 - DSN - INFO - DSN GPU Solver: n=800, edges=19176
2026-01-14 18:29:24,131 - DSN - INFO - DSN GPU: T=500, η=0.003, LS=True
2026-01-14 18:29:24,186 - DSN - INFO - t=000: B=-19552.93, Cut=11405, Best=11405 [LS]
2026-01-14 18:29:24,717 - DSN - INFO - t=040: B=-19176.01, Cut=0, Best=11405
2026-01-14 18:29:25,284 - DSN - INFO - t=080: B=-19176.00, Cut=0, Best=11405
2026-01-14 18:29:25,845 - DSN - INFO - t=120: B=-19176.00, Cut=0, Best=11405
2026-01-14 18:29:26,420 - DSN - INFO - t=160: B=-19176.00, Cut=0, Best=11405
2026-01-14 18:29:26,976 - DSN - INFO - t=200: B=-19176.00, Cut=11405, Best=11405 [LS]
2026-01-14 18:29:27,490 - DSN - INFO - t=240: B=-19176.00, Cut=0, Best=11405
2026-01-14 18:29:28,045 - DSN - INFO - t=280: B=-19176.00, Cut=0, Best=11405
2026-01-14 18:29:28,591 - DSN - INFO - t=320: B=-19176.00, Cut=0, Best=11405
2026-01-14 18:29:29,138 - DSN - INFO - t=360: B=-19176.00, Cut=0, Best=11405
2026-01-14 18:29:29,687 - DSN - INFO - t=400: B=-19176.00, Cut=11405, Best=11405 [LS]
2026-01-14 18:29:30,197 - DSN - INFO - t=440: B=-19176.00, Cut=0, Best=11405
2026-01-14 18:29:30,744 - DSN - INFO - t=480: B=-19176.00, Cut=0, Best=11405
2026-01-14 18:29:31,028 - DSN - INFO - DSN GPU done in 6.90s | Cut=11405
2026-01-14 18:29:31,032 - DSN - INFO - Results saved to: results/Gset/DSN_thorough/G3.csv
2026-01-14 18:29:31,032 - DSN - INFO - Cut: 11405 | Bound: -19176.00 | Time: 6.90s
2026-01-14 18:29:31,032 - DSN - INFO - Initialized DSN_thorough | preset=thorough | GPU=True
2026-01-14 18:29:31,032 - DSN - INFO - Params: η=0.003, T=500, init=degree, LS=True
2026-01-14 18:29:31,032 - DSN - INFO - Using GPU solver (CuPy)
2026-01-14 18:29:31,035 - DSN - INFO - DSN GPU Solver: n=800, edges=19176
2026-01-14 18:29:31,035 - DSN - INFO - DSN GPU: T=500, η=0.003, LS=True
2026-01-14 18:29:31,090 - DSN - INFO - t=000: B=-19552.93, Cut=11405, Best=11405 [LS]
2026-01-14 18:29:31,616 - DSN - INFO - t=040: B=-19176.01, Cut=0, Best=11405
2026-01-14 18:29:32,185 - DSN - INFO - t=080: B=-19176.00, Cut=0, Best=11405
2026-01-14 18:29:32,743 - DSN - INFO - t=120: B=-19176.00, Cut=0, Best=11405
2026-01-14 18:29:33,306 - DSN - INFO - t=160: B=-19176.00, Cut=0, Best=11405
2026-01-14 18:29:33,867 - DSN - INFO - t=200: B=-19176.00, Cut=11405, Best=11405 [LS]
2026-01-14 18:29:34,411 - DSN - INFO - t=240: B=-19176.00, Cut=0, Best=11405
2026-01-14 18:29:34,966 - DSN - INFO - t=280: B=-19176.00, Cut=0, Best=11405
2026-01-14 18:29:35,519 - DSN - INFO - t=320: B=-19176.00, Cut=0, Best=11405
2026-01-14 18:29:36,075 - DSN - INFO - t=360: B=-19176.00, Cut=0, Best=11405
2026-01-14 18:29:36,628 - DSN - INFO - t=400: B=-19176.00, Cut=11405, Best=11405 [LS]
2026-01-14 18:29:37,146 - DSN - INFO - t=440: B=-19176.00, Cut=0, Best=11405
2026-01-14 18:29:37,699 - DSN - INFO - t=480: B=-19176.00, Cut=0, Best=11405
2026-01-14 18:29:37,985 - DSN - INFO - DSN GPU done in 6.95s | Cut=11405
2026-01-14 18:29:37,989 - DSN - INFO - Results saved to: results/Gset/DSN_thorough/G3.csv
2026-01-14 18:29:37,989 - DSN - INFO - Cut: 11405 | Bound: -19176.00 | Time: 6.95s
2026-01-14 18:29:37,989 - DSN - INFO - Initialized DSN_thorough | preset=thorough | GPU=True
2026-01-14 18:29:37,989 - DSN - INFO - Params: η=0.003, T=500, init=degree, LS=True
2026-01-14 18:29:37,989 - DSN - INFO - Using GPU solver (CuPy)
2026-01-14 18:29:37,991 - DSN - INFO - DSN GPU Solver: n=800, edges=19176
2026-01-14 18:29:37,991 - DSN - INFO - DSN GPU: T=500, η=0.003, LS=True
2026-01-14 18:29:38,048 - DSN - INFO - t=000: B=-19552.93, Cut=11405, Best=11405 [LS]
2026-01-14 18:29:38,578 - DSN - INFO - t=040: B=-19176.01, Cut=0, Best=11405
2026-01-14 18:29:39,149 - DSN - INFO - t=080: B=-19176.00, Cut=0, Best=11405
2026-01-14 18:29:39,710 - DSN - INFO - t=120: B=-19176.00, Cut=0, Best=11405
2026-01-14 18:29:40,277 - DSN - INFO - t=160: B=-19176.00, Cut=0, Best=11405
2026-01-14 18:29:40,844 - DSN - INFO - t=200: B=-19176.00, Cut=11405, Best=11405 [LS]
2026-01-14 18:29:41,381 - DSN - INFO - t=240: B=-19176.00, Cut=0, Best=11405
2026-01-14 18:29:41,927 - DSN - INFO - t=280: B=-19176.00, Cut=0, Best=11405
2026-01-14 18:29:42,477 - DSN - INFO - t=320: B=-19176.00, Cut=0, Best=11405
2026-01-14 18:29:43,024 - DSN - INFO - t=360: B=-19176.00, Cut=0, Best=11405
2026-01-14 18:29:43,574 - DSN - INFO - t=400: B=-19176.00, Cut=11405, Best=11405 [LS]
2026-01-14 18:29:44,085 - DSN - INFO - t=440: B=-19176.00, Cut=0, Best=11405
2026-01-14 18:29:44,635 - DSN - INFO - t=480: B=-19176.00, Cut=0, Best=11405
2026-01-14 18:29:44,919 - DSN - INFO - DSN GPU done in 6.93s | Cut=11405
2026-01-14 18:29:44,922 - DSN - INFO - Results saved to: results/Gset/DSN_thorough/G3.csv
2026-01-14 18:29:44,922 - DSN - INFO - Cut: 11405 | Bound: -19176.00 | Time: 6.93s
2026-01-14 18:29:44,922 - DSN - INFO - Initialized DSN_thorough | preset=thorough | GPU=True
2026-01-14 18:29:44,922 - DSN - INFO - Params: η=0.003, T=500, init=degree, LS=True
2026-01-14 18:29:44,922 - DSN - INFO - Using GPU solver (CuPy)
2026-01-14 18:29:44,925 - DSN - INFO - DSN GPU Solver: n=800, edges=19176
2026-01-14 18:29:44,925 - DSN - INFO - DSN GPU: T=500, η=0.003, LS=True
2026-01-14 18:29:44,980 - DSN - INFO - t=000: B=-19552.92, Cut=11405, Best=11405 [LS]
2026-01-14 18:29:45,513 - DSN - INFO - t=040: B=-19176.01, Cut=0, Best=11405
2026-01-14 18:29:46,079 - DSN - INFO - t=080: B=-19176.00, Cut=0, Best=11405
2026-01-14 18:29:46,631 - DSN - INFO - t=120: B=-19176.00, Cut=0, Best=11405
2026-01-14 18:29:47,182 - DSN - INFO - t=160: B=-19176.00, Cut=0, Best=11405
2026-01-14 18:29:47,735 - DSN - INFO - t=200: B=-19176.00, Cut=11405, Best=11405 [LS]
2026-01-14 18:29:48,252 - DSN - INFO - t=240: B=-19176.00, Cut=0, Best=11405
2026-01-14 18:29:48,801 - DSN - INFO - t=280: B=-19176.00, Cut=0, Best=11405
2026-01-14 18:29:49,357 - DSN - INFO - t=320: B=-19176.00, Cut=0, Best=11405
2026-01-14 18:29:49,905 - DSN - INFO - t=360: B=-19176.00, Cut=0, Best=11405
2026-01-14 18:29:50,456 - DSN - INFO - t=400: B=-19176.00, Cut=11405, Best=11405 [LS]
2026-01-14 18:29:50,968 - DSN - INFO - t=440: B=-19176.00, Cut=0, Best=11405
2026-01-14 18:29:51,519 - DSN - INFO - t=480: B=-19176.00, Cut=0, Best=11405
2026-01-14 18:29:51,804 - DSN - INFO - DSN GPU done in 6.88s | Cut=11405
2026-01-14 18:29:51,808 - DSN - INFO - Results saved to: results/Gset/DSN_thorough/G3.csv
2026-01-14 18:29:51,808 - DSN - INFO - Cut: 11405 | Bound: -19176.00 | Time: 6.88s
2026-01-14 18:29:51,808 - DSN - INFO - Initialized DSN_thorough | preset=thorough | GPU=True
2026-01-14 18:29:51,808 - DSN - INFO - Params: η=0.003, T=500, init=degree, LS=True
2026-01-14 18:29:51,808 - DSN - INFO - Using GPU solver (CuPy)
2026-01-14 18:29:51,810 - DSN - INFO - DSN GPU Solver: n=800, edges=19176
2026-01-14 18:29:51,810 - DSN - INFO - DSN GPU: T=500, η=0.003, LS=True
2026-01-14 18:29:51,865 - DSN - INFO - t=000: B=-19552.93, Cut=11405, Best=11405 [LS]
2026-01-14 18:29:52,393 - DSN - INFO - t=040: B=-19176.01, Cut=0, Best=11405
2026-01-14 18:29:52,962 - DSN - INFO - t=080: B=-19176.00, Cut=0, Best=11405
2026-01-14 18:29:53,520 - DSN - INFO - t=120: B=-19176.00, Cut=0, Best=11405
2026-01-14 18:29:54,068 - DSN - INFO - t=160: B=-19176.00, Cut=0, Best=11405
2026-01-14 18:29:54,628 - DSN - INFO - t=200: B=-19176.00, Cut=11405, Best=11405 [LS]
2026-01-14 18:29:55,155 - DSN - INFO - t=240: B=-19176.00, Cut=0, Best=11405
2026-01-14 18:29:55,707 - DSN - INFO - t=280: B=-19176.00, Cut=0, Best=11405
2026-01-14 18:29:56,257 - DSN - INFO - t=320: B=-19176.00, Cut=0, Best=11405
2026-01-14 18:29:56,806 - DSN - INFO - t=360: B=-19176.00, Cut=0, Best=11405
2026-01-14 18:29:57,356 - DSN - INFO - t=400: B=-19176.00, Cut=11405, Best=11405 [LS]
2026-01-14 18:29:57,872 - DSN - INFO - t=440: B=-19176.00, Cut=0, Best=11405
2026-01-14 18:29:58,422 - DSN - INFO - t=480: B=-19176.00, Cut=0, Best=11405
2026-01-14 18:29:58,706 - DSN - INFO - DSN GPU done in 6.90s | Cut=11405
2026-01-14 18:29:58,709 - DSN - INFO - Results saved to: results/Gset/DSN_thorough/G3.csv
2026-01-14 18:29:58,710 - DSN - INFO - Cut: 11405 | Bound: -19176.00 | Time: 6.90s
2026-01-14 18:29:58,740 - DSN - INFO - Initialized DSN_thorough | preset=thorough | GPU=True
2026-01-14 18:29:58,740 - DSN - INFO - Params: η=0.003, T=500, init=degree, LS=True
2026-01-14 18:29:58,740 - DSN - INFO - Using GPU solver (CuPy)
2026-01-14 18:29:58,743 - DSN - INFO - DSN GPU Solver: n=2000, edges=19990
2026-01-14 18:29:58,743 - DSN - INFO - DSN GPU: T=500, η=0.003, LS=True
2026-01-14 18:29:58,876 - DSN - INFO - t=000: B=-9121.67, Cut=2850, Best=2850 [LS]
2026-01-14 18:30:01,280 - DSN - INFO - t=040: B=-8413.07, Cut=13, Best=2850
2026-01-14 18:30:03,918 - DSN - INFO - t=080: B=-8403.17, Cut=7, Best=2874
2026-01-14 18:30:06,560 - DSN - INFO - t=120: B=-8352.59, Cut=-11, Best=2874
2026-01-14 18:30:09,204 - DSN - INFO - t=160: B=-8347.21, Cut=-1, Best=2874
2026-01-14 18:30:11,845 - DSN - INFO - t=200: B=-8325.90, Cut=2864, Best=2874 [LS]
2026-01-14 18:30:14,402 - DSN - INFO - t=240: B=-8315.05, Cut=1, Best=2874
2026-01-14 18:30:17,041 - DSN - INFO - t=280: B=-8309.11, Cut=5, Best=2874
2026-01-14 18:30:19,685 - DSN - INFO - t=320: B=-8310.55, Cut=7, Best=2874
2026-01-14 18:30:22,326 - DSN - INFO - t=360: B=-8307.38, Cut=10, Best=2874
2026-01-14 18:30:24,967 - DSN - INFO - t=400: B=-8306.38, Cut=2838, Best=2874 [LS]
2026-01-14 18:30:27,526 - DSN - INFO - t=440: B=-8306.38, Cut=10, Best=2874
2026-01-14 18:30:30,174 - DSN - INFO - t=480: B=-8306.86, Cut=27, Best=2889
2026-01-14 18:30:31,472 - DSN - INFO - DSN GPU done in 32.73s | Cut=2889
2026-01-14 18:30:31,473 - DSN - INFO - Results saved to: results/Gset/DSN_thorough/G30.csv
2026-01-14 18:30:31,473 - DSN - INFO - Cut: 2889 | Bound: -8306.03 | Time: 32.73s
2026-01-14 18:30:31,474 - DSN - INFO - Initialized DSN_thorough | preset=thorough | GPU=True
2026-01-14 18:30:31,474 - DSN - INFO - Params: η=0.003, T=500, init=degree, LS=True
2026-01-14 18:30:31,474 - DSN - INFO - Using GPU solver (CuPy)
2026-01-14 18:30:31,476 - DSN - INFO - DSN GPU Solver: n=2000, edges=19990
2026-01-14 18:30:31,476 - DSN - INFO - DSN GPU: T=500, η=0.003, LS=True
2026-01-14 18:30:31,609 - DSN - INFO - t=000: B=-9121.67, Cut=2828, Best=2828 [LS]
2026-01-14 18:30:34,003 - DSN - INFO - t=040: B=-8413.36, Cut=27, Best=2828
2026-01-14 18:30:36,638 - DSN - INFO - t=080: B=-8363.99, Cut=4, Best=2859
2026-01-14 18:30:39,276 - DSN - INFO - t=120: B=-8332.48, Cut=-35, Best=2859
2026-01-14 18:30:41,935 - DSN - INFO - t=160: B=-8332.30, Cut=16, Best=2896
2026-01-14 18:30:44,575 - DSN - INFO - t=200: B=-8317.26, Cut=2834, Best=2896 [LS]
2026-01-14 18:30:47,128 - DSN - INFO - t=240: B=-8314.36, Cut=-5, Best=2896
2026-01-14 18:30:49,778 - DSN - INFO - t=280: B=-8310.98, Cut=12, Best=2896
2026-01-14 18:30:52,417 - DSN - INFO - t=320: B=-8309.99, Cut=2, Best=2896
2026-01-14 18:30:55,052 - DSN - INFO - t=360: B=-8309.44, Cut=-8, Best=2896
2026-01-14 18:30:57,686 - DSN - INFO - t=400: B=-8309.24, Cut=2795, Best=2896 [LS]
2026-01-14 18:31:00,253 - DSN - INFO - t=440: B=-8309.65, Cut=1, Best=2896
2026-01-14 18:31:02,887 - DSN - INFO - t=480: B=-8309.74, Cut=-7, Best=2896
2026-01-14 18:31:04,183 - DSN - INFO - DSN GPU done in 32.71s | Cut=2896
2026-01-14 18:31:04,187 - DSN - INFO - Results saved to: results/Gset/DSN_thorough/G30.csv
2026-01-14 18:31:04,187 - DSN - INFO - Cut: 2896 | Bound: -8309.00 | Time: 32.71s
2026-01-14 18:31:04,187 - DSN - INFO - Initialized DSN_thorough | preset=thorough | GPU=True
2026-01-14 18:31:04,187 - DSN - INFO - Params: η=0.003, T=500, init=degree, LS=True
2026-01-14 18:31:04,187 - DSN - INFO - Using GPU solver (CuPy)
2026-01-14 18:31:04,190 - DSN - INFO - DSN GPU Solver: n=2000, edges=19990
2026-01-14 18:31:04,190 - DSN - INFO - DSN GPU: T=500, η=0.003, LS=True
2026-01-14 18:31:04,321 - DSN - INFO - t=000: B=-9121.67, Cut=2914, Best=2914 [LS]
2026-01-14 18:31:06,709 - DSN - INFO - t=040: B=-8413.12, Cut=-10, Best=2914
2026-01-14 18:31:09,347 - DSN - INFO - t=080: B=-8365.94, Cut=13, Best=2914
2026-01-14 18:31:11,996 - DSN - INFO - t=120: B=-8339.56, Cut=-16, Best=2914
2026-01-14 18:31:14,630 - DSN - INFO - t=160: B=-8328.42, Cut=18, Best=2914
2026-01-14 18:31:17,270 - DSN - INFO - t=200: B=-8325.91, Cut=2848, Best=2914 [LS]
2026-01-14 18:31:19,835 - DSN - INFO - t=240: B=-8322.22, Cut=16, Best=2914
2026-01-14 18:31:22,476 - DSN - INFO - t=280: B=-8316.38, Cut=-1, Best=2914
2026-01-14 18:31:25,108 - DSN - INFO - t=320: B=-8315.88, Cut=24, Best=2914
2026-01-14 18:31:27,747 - DSN - INFO - t=360: B=-8310.10, Cut=10, Best=2914
2026-01-14 18:31:30,389 - DSN - INFO - t=400: B=-8309.37, Cut=2801, Best=2914 [LS]
2026-01-14 18:31:32,948 - DSN - INFO - t=440: B=-8309.34, Cut=40, Best=2914
2026-01-14 18:31:35,586 - DSN - INFO - t=480: B=-8308.29, Cut=16, Best=2914
2026-01-14 18:31:36,887 - DSN - INFO - DSN GPU done in 32.70s | Cut=2914
2026-01-14 18:31:36,890 - DSN - INFO - Results saved to: results/Gset/DSN_thorough/G30.csv
2026-01-14 18:31:36,890 - DSN - INFO - Cut: 2914 | Bound: -8306.72 | Time: 32.70s
2026-01-14 18:31:36,890 - DSN - INFO - Initialized DSN_thorough | preset=thorough | GPU=True
2026-01-14 18:31:36,891 - DSN - INFO - Params: η=0.003, T=500, init=degree, LS=True
2026-01-14 18:31:36,891 - DSN - INFO - Using GPU solver (CuPy)
2026-01-14 18:31:36,893 - DSN - INFO - DSN GPU Solver: n=2000, edges=19990
2026-01-14 18:31:36,893 - DSN - INFO - DSN GPU: T=500, η=0.003, LS=True
2026-01-14 18:31:37,026 - DSN - INFO - t=000: B=-9121.67, Cut=2850, Best=2850 [LS]
2026-01-14 18:31:39,421 - DSN - INFO - t=040: B=-8413.13, Cut=7, Best=2850
2026-01-14 18:31:42,048 - DSN - INFO - t=080: B=-8394.92, Cut=4, Best=2870
2026-01-14 18:31:44,670 - DSN - INFO - t=120: B=-8344.05, Cut=-4, Best=2870
2026-01-14 18:31:47,309 - DSN - INFO - t=160: B=-8345.57, Cut=30, Best=2870
2026-01-14 18:31:49,954 - DSN - INFO - t=200: B=-8324.06, Cut=2850, Best=2870 [LS]
2026-01-14 18:31:52,523 - DSN - INFO - t=240: B=-8322.53, Cut=-37, Best=2870
2026-01-14 18:31:55,175 - DSN - INFO - t=280: B=-8315.77, Cut=0, Best=2925
2026-01-14 18:31:57,809 - DSN - INFO - t=320: B=-8308.27, Cut=-18, Best=2925
2026-01-14 18:32:00,460 - DSN - INFO - t=360: B=-8307.94, Cut=-9, Best=2925
2026-01-14 18:32:03,112 - DSN - INFO - t=400: B=-8306.84, Cut=2865, Best=2925 [LS]
2026-01-14 18:32:05,676 - DSN - INFO - t=440: B=-8306.82, Cut=6, Best=2925
2026-01-14 18:32:08,314 - DSN - INFO - t=480: B=-8305.94, Cut=-6, Best=2925
2026-01-14 18:32:09,611 - DSN - INFO - DSN GPU done in 32.72s | Cut=2925
2026-01-14 18:32:09,615 - DSN - INFO - Results saved to: results/Gset/DSN_thorough/G30.csv
2026-01-14 18:32:09,615 - DSN - INFO - Cut: 2925 | Bound: -8305.48 | Time: 32.72s
2026-01-14 18:32:09,615 - DSN - INFO - Initialized DSN_thorough | preset=thorough | GPU=True
2026-01-14 18:32:09,615 - DSN - INFO - Params: η=0.003, T=500, init=degree, LS=True
2026-01-14 18:32:09,615 - DSN - INFO - Using GPU solver (CuPy)
2026-01-14 18:32:09,618 - DSN - INFO - DSN GPU Solver: n=2000, edges=19990
2026-01-14 18:32:09,618 - DSN - INFO - DSN GPU: T=500, η=0.003, LS=True
2026-01-14 18:32:09,753 - DSN - INFO - t=000: B=-9121.67, Cut=2865, Best=2865 [LS]
2026-01-14 18:32:12,148 - DSN - INFO - t=040: B=-8413.13, Cut=21, Best=2865
2026-01-14 18:32:14,765 - DSN - INFO - t=080: B=-8396.63, Cut=15, Best=2865
2026-01-14 18:32:17,403 - DSN - INFO - t=120: B=-8344.81, Cut=36, Best=2865
2026-01-14 18:32:20,042 - DSN - INFO - t=160: B=-8341.10, Cut=0, Best=2865
2026-01-14 18:32:22,688 - DSN - INFO - t=200: B=-8325.03, Cut=2871, Best=2871 [LS]
2026-01-14 18:32:25,244 - DSN - INFO - t=240: B=-8312.29, Cut=0, Best=2871
2026-01-14 18:32:27,892 - DSN - INFO - t=280: B=-8310.48, Cut=3, Best=2871
2026-01-14 18:32:30,524 - DSN - INFO - t=320: B=-8309.60, Cut=17, Best=2871
2026-01-14 18:32:33,153 - DSN - INFO - t=360: B=-8307.40, Cut=-13, Best=2871
2026-01-14 18:32:35,789 - DSN - INFO - t=400: B=-8307.44, Cut=2904, Best=2904 [LS]
2026-01-14 18:32:38,337 - DSN - INFO - t=440: B=-8307.39, Cut=4, Best=2904
2026-01-14 18:32:40,980 - DSN - INFO - t=480: B=-8307.54, Cut=21, Best=2904
2026-01-14 18:32:42,282 - DSN - INFO - DSN GPU done in 32.66s | Cut=2904
2026-01-14 18:32:42,285 - DSN - INFO - Results saved to: results/Gset/DSN_thorough/G30.csv
2026-01-14 18:32:42,285 - DSN - INFO - Cut: 2904 | Bound: -8306.34 | Time: 32.67s
2026-01-14 18:32:42,285 - DSN - INFO - Initialized DSN_thorough | preset=thorough | GPU=True
2026-01-14 18:32:42,285 - DSN - INFO - Params: η=0.003, T=500, init=degree, LS=True
2026-01-14 18:32:42,285 - DSN - INFO - Using GPU solver (CuPy)
2026-01-14 18:32:42,288 - DSN - INFO - DSN GPU Solver: n=2000, edges=19990
2026-01-14 18:32:42,288 - DSN - INFO - DSN GPU: T=500, η=0.003, LS=True
2026-01-14 18:32:42,416 - DSN - INFO - t=000: B=-9121.67, Cut=2850, Best=2850 [LS]
2026-01-14 18:32:44,802 - DSN - INFO - t=040: B=-8413.14, Cut=17, Best=2850
2026-01-14 18:32:47,419 - DSN - INFO - t=080: B=-8398.47, Cut=7, Best=2850
2026-01-14 18:32:50,031 - DSN - INFO - t=120: B=-8388.14, Cut=0, Best=2850
2026-01-14 18:32:52,664 - DSN - INFO - t=160: B=-8342.20, Cut=-5, Best=2850
2026-01-14 18:32:55,304 - DSN - INFO - t=200: B=-8325.00, Cut=2883, Best=2883 [LS]
2026-01-14 18:32:57,853 - DSN - INFO - t=240: B=-8319.07, Cut=25, Best=2883
2026-01-14 18:33:00,503 - DSN - INFO - t=280: B=-8311.68, Cut=-31, Best=2883
2026-01-14 18:33:03,143 - DSN - INFO - t=320: B=-8309.17, Cut=21, Best=2883
2026-01-14 18:33:05,781 - DSN - INFO - t=360: B=-8307.26, Cut=-2, Best=2883
2026-01-14 18:33:08,415 - DSN - INFO - t=400: B=-8306.66, Cut=2840, Best=2883 [LS]
2026-01-14 18:33:10,980 - DSN - INFO - t=440: B=-8306.50, Cut=-1, Best=2883
2026-01-14 18:33:13,625 - DSN - INFO - t=480: B=-8306.47, Cut=1, Best=2886
2026-01-14 18:33:14,933 - DSN - INFO - DSN GPU done in 32.64s | Cut=2886
2026-01-14 18:33:14,937 - DSN - INFO - Results saved to: results/Gset/DSN_thorough/G30.csv
2026-01-14 18:33:14,937 - DSN - INFO - Cut: 2886 | Bound: -8305.91 | Time: 32.65s
2026-01-14 18:33:14,937 - DSN - INFO - Initialized DSN_thorough | preset=thorough | GPU=True
2026-01-14 18:33:14,937 - DSN - INFO - Params: η=0.003, T=500, init=degree, LS=True
2026-01-14 18:33:14,938 - DSN - INFO - Using GPU solver (CuPy)
2026-01-14 18:33:14,941 - DSN - INFO - DSN GPU Solver: n=2000, edges=19990
2026-01-14 18:33:14,941 - DSN - INFO - DSN GPU: T=500, η=0.003, LS=True
2026-01-14 18:33:15,064 - DSN - INFO - t=000: B=-9121.67, Cut=2782, Best=2782 [LS]
2026-01-14 18:33:17,446 - DSN - INFO - t=040: B=-8413.01, Cut=-9, Best=2782
2026-01-14 18:33:20,055 - DSN - INFO - t=080: B=-8364.45, Cut=19, Best=2808
2026-01-14 18:33:22,692 - DSN - INFO - t=120: B=-8337.21, Cut=6, Best=2811
2026-01-14 18:33:25,333 - DSN - INFO - t=160: B=-8326.31, Cut=20, Best=2844
2026-01-14 18:33:27,974 - DSN - INFO - t=200: B=-8320.31, Cut=2795, Best=2844 [LS]
2026-01-14 18:33:30,536 - DSN - INFO - t=240: B=-8316.89, Cut=-9, Best=2844
2026-01-14 18:33:33,170 - DSN - INFO - t=280: B=-8314.42, Cut=-5, Best=2844
2026-01-14 18:33:35,826 - DSN - INFO - t=320: B=-8315.81, Cut=4, Best=2846
2026-01-14 18:33:38,472 - DSN - INFO - t=360: B=-8312.77, Cut=10, Best=2877
2026-01-14 18:33:41,112 - DSN - INFO - t=400: B=-8308.86, Cut=2854, Best=2877 [LS]
2026-01-14 18:33:43,674 - DSN - INFO - t=440: B=-8308.01, Cut=20, Best=2877
2026-01-14 18:33:46,312 - DSN - INFO - t=480: B=-8309.11, Cut=0, Best=2877
2026-01-14 18:33:47,603 - DSN - INFO - DSN GPU done in 32.66s | Cut=2877
2026-01-14 18:33:47,606 - DSN - INFO - Results saved to: results/Gset/DSN_thorough/G30.csv
2026-01-14 18:33:47,606 - DSN - INFO - Cut: 2877 | Bound: -8307.64 | Time: 32.67s
2026-01-14 18:33:47,607 - DSN - INFO - Initialized DSN_thorough | preset=thorough | GPU=True
2026-01-14 18:33:47,607 - DSN - INFO - Params: η=0.003, T=500, init=degree, LS=True
2026-01-14 18:33:47,607 - DSN - INFO - Using GPU solver (CuPy)
2026-01-14 18:33:47,609 - DSN - INFO - DSN GPU Solver: n=2000, edges=19990
2026-01-14 18:33:47,610 - DSN - INFO - DSN GPU: T=500, η=0.003, LS=True
2026-01-14 18:33:47,738 - DSN - INFO - t=000: B=-9121.67, Cut=2882, Best=2882 [LS]
2026-01-14 18:33:50,115 - DSN - INFO - t=040: B=-8413.29, Cut=35, Best=2882
2026-01-14 18:33:52,749 - DSN - INFO - t=080: B=-8362.16, Cut=6, Best=2882
2026-01-14 18:33:55,389 - DSN - INFO - t=120: B=-8345.02, Cut=4, Best=2913
2026-01-14 18:33:58,041 - DSN - INFO - t=160: B=-8325.52, Cut=11, Best=2913
2026-01-14 18:34:00,684 - DSN - INFO - t=200: B=-8318.90, Cut=2835, Best=2913 [LS]
2026-01-14 18:34:03,238 - DSN - INFO - t=240: B=-8311.41, Cut=23, Best=2913
2026-01-14 18:34:05,884 - DSN - INFO - t=280: B=-8311.63, Cut=7, Best=2913
2026-01-14 18:34:08,525 - DSN - INFO - t=320: B=-8310.05, Cut=3, Best=2913
2026-01-14 18:34:11,169 - DSN - INFO - t=360: B=-8308.48, Cut=12, Best=2913
2026-01-14 18:34:13,812 - DSN - INFO - t=400: B=-8308.15, Cut=2797, Best=2913 [LS]
2026-01-14 18:34:16,371 - DSN - INFO - t=440: B=-8308.14, Cut=58, Best=2913
2026-01-14 18:34:19,015 - DSN - INFO - t=480: B=-8308.35, Cut=9, Best=2913
2026-01-14 18:34:20,318 - DSN - INFO - DSN GPU done in 32.71s | Cut=2913
2026-01-14 18:34:20,322 - DSN - INFO - Results saved to: results/Gset/DSN_thorough/G30.csv
2026-01-14 18:34:20,322 - DSN - INFO - Cut: 2913 | Bound: -8307.61 | Time: 32.71s
2026-01-14 18:34:20,322 - DSN - INFO - Initialized DSN_thorough | preset=thorough | GPU=True
2026-01-14 18:34:20,322 - DSN - INFO - Params: η=0.003, T=500, init=degree, LS=True
2026-01-14 18:34:20,322 - DSN - INFO - Using GPU solver (CuPy)
2026-01-14 18:34:20,326 - DSN - INFO - DSN GPU Solver: n=2000, edges=19990
2026-01-14 18:34:20,326 - DSN - INFO - DSN GPU: T=500, η=0.003, LS=True
2026-01-14 18:34:20,457 - DSN - INFO - t=000: B=-9121.67, Cut=2801, Best=2801 [LS]
2026-01-14 18:34:22,852 - DSN - INFO - t=040: B=-8413.25, Cut=-14, Best=2801
2026-01-14 18:34:25,465 - DSN - INFO - t=080: B=-8359.29, Cut=15, Best=2859
2026-01-14 18:34:28,106 - DSN - INFO - t=120: B=-8335.39, Cut=20, Best=2860
2026-01-14 18:34:30,748 - DSN - INFO - t=160: B=-8327.49, Cut=11, Best=2860
2026-01-14 18:34:33,387 - DSN - INFO - t=200: B=-8319.79, Cut=2832, Best=2860 [LS]
2026-01-14 18:34:35,942 - DSN - INFO - t=240: B=-8315.08, Cut=17, Best=2860
2026-01-14 18:34:38,596 - DSN - INFO - t=280: B=-8314.11, Cut=1, Best=2860
2026-01-14 18:34:41,241 - DSN - INFO - t=320: B=-8311.07, Cut=-2, Best=2860
2026-01-14 18:34:43,885 - DSN - INFO - t=360: B=-8311.84, Cut=-23, Best=2874
2026-01-14 18:34:46,513 - DSN - INFO - t=400: B=-8309.86, Cut=2837, Best=2874 [LS]
2026-01-14 18:34:49,064 - DSN - INFO - t=440: B=-8310.70, Cut=22, Best=2874
2026-01-14 18:34:51,701 - DSN - INFO - t=480: B=-8311.56, Cut=-16, Best=2874
2026-01-14 18:34:52,998 - DSN - INFO - DSN GPU done in 32.67s | Cut=2874
2026-01-14 18:34:53,001 - DSN - INFO - Results saved to: results/Gset/DSN_thorough/G30.csv
2026-01-14 18:34:53,002 - DSN - INFO - Cut: 2874 | Bound: -8309.20 | Time: 32.68s
2026-01-14 18:34:53,002 - DSN - INFO - Initialized DSN_thorough | preset=thorough | GPU=True
2026-01-14 18:34:53,002 - DSN - INFO - Params: η=0.003, T=500, init=degree, LS=True
2026-01-14 18:34:53,002 - DSN - INFO - Using GPU solver (CuPy)
2026-01-14 18:34:53,005 - DSN - INFO - DSN GPU Solver: n=2000, edges=19990
2026-01-14 18:34:53,005 - DSN - INFO - DSN GPU: T=500, η=0.003, LS=True
2026-01-14 18:34:53,138 - DSN - INFO - t=000: B=-9121.67, Cut=2859, Best=2859 [LS]
2026-01-14 18:34:55,525 - DSN - INFO - t=040: B=-8413.14, Cut=14, Best=2859
2026-01-14 18:34:58,143 - DSN - INFO - t=080: B=-8397.88, Cut=1, Best=2859
2026-01-14 18:35:00,780 - DSN - INFO - t=120: B=-8351.77, Cut=-8, Best=2859
2026-01-14 18:35:03,428 - DSN - INFO - t=160: B=-8346.54, Cut=-15, Best=2859
2026-01-14 18:35:06,075 - DSN - INFO - t=200: B=-8327.28, Cut=2836, Best=2859 [LS]
2026-01-14 18:35:08,639 - DSN - INFO - t=240: B=-8322.32, Cut=11, Best=2859
2026-01-14 18:35:11,285 - DSN - INFO - t=280: B=-8314.37, Cut=-7, Best=2859
2026-01-14 18:35:13,936 - DSN - INFO - t=320: B=-8313.78, Cut=29, Best=2885
2026-01-14 18:35:16,562 - DSN - INFO - t=360: B=-8309.03, Cut=1, Best=2893
2026-01-14 18:35:19,190 - DSN - INFO - t=400: B=-8307.62, Cut=2745, Best=2893 [LS]
2026-01-14 18:35:21,748 - DSN - INFO - t=440: B=-8306.73, Cut=-8, Best=2893
2026-01-14 18:35:24,388 - DSN - INFO - t=480: B=-8306.34, Cut=-2, Best=2913
2026-01-14 18:35:25,696 - DSN - INFO - DSN GPU done in 32.69s | Cut=2930
2026-01-14 18:35:25,700 - DSN - INFO - Results saved to: results/Gset/DSN_thorough/G30.csv
2026-01-14 18:35:25,700 - DSN - INFO - Cut: 2930 | Bound: -8305.66 | Time: 32.69s
2026-01-14 18:35:25,731 - DSN - INFO - Initialized DSN_thorough | preset=thorough | GPU=True
2026-01-14 18:35:25,731 - DSN - INFO - Params: η=0.003, T=500, init=degree, LS=True
2026-01-14 18:35:25,731 - DSN - INFO - Using GPU solver (CuPy)
2026-01-14 18:35:25,734 - DSN - INFO - DSN GPU Solver: n=2000, edges=19990
2026-01-14 18:35:25,734 - DSN - INFO - DSN GPU: T=500, η=0.003, LS=True
2026-01-14 18:35:25,855 - DSN - INFO - t=000: B=-9244.20, Cut=2869, Best=2869 [LS]
2026-01-14 18:35:28,281 - DSN - INFO - t=040: B=-8428.54, Cut=2, Best=2869
2026-01-14 18:35:30,902 - DSN - INFO - t=080: B=-8405.58, Cut=4, Best=2869
2026-01-14 18:35:33,550 - DSN - INFO - t=120: B=-8359.23, Cut=17, Best=2899
2026-01-14 18:35:36,203 - DSN - INFO - t=160: B=-8352.33, Cut=13, Best=2899
2026-01-14 18:35:38,831 - DSN - INFO - t=200: B=-8329.28, Cut=2867, Best=2899 [LS]
2026-01-14 18:35:41,393 - DSN - INFO - t=240: B=-8331.78, Cut=16, Best=2899
2026-01-14 18:35:44,060 - DSN - INFO - t=280: B=-8322.58, Cut=0, Best=2908
2026-01-14 18:35:46,700 - DSN - INFO - t=320: B=-8317.98, Cut=22, Best=2908
2026-01-14 18:35:49,344 - DSN - INFO - t=360: B=-8315.28, Cut=5, Best=2908
2026-01-14 18:35:51,997 - DSN - INFO - t=400: B=-8314.97, Cut=2847, Best=2908 [LS]
2026-01-14 18:35:54,557 - DSN - INFO - t=440: B=-8314.29, Cut=11, Best=2908
2026-01-14 18:35:57,217 - DSN - INFO - t=480: B=-8314.62, Cut=12, Best=2908
2026-01-14 18:35:58,522 - DSN - INFO - DSN GPU done in 32.79s | Cut=2908
2026-01-14 18:35:58,524 - DSN - INFO - Results saved to: results/Gset/DSN_thorough/G31.csv
2026-01-14 18:35:58,524 - DSN - INFO - Cut: 2908 | Bound: -8314.09 | Time: 32.79s
2026-01-14 18:35:58,524 - DSN - INFO - Initialized DSN_thorough | preset=thorough | GPU=True
2026-01-14 18:35:58,524 - DSN - INFO - Params: η=0.003, T=500, init=degree, LS=True
2026-01-14 18:35:58,524 - DSN - INFO - Using GPU solver (CuPy)
2026-01-14 18:35:58,527 - DSN - INFO - DSN GPU Solver: n=2000, edges=19990
2026-01-14 18:35:58,527 - DSN - INFO - DSN GPU: T=500, η=0.003, LS=True
2026-01-14 18:35:58,641 - DSN - INFO - t=000: B=-9244.21, Cut=2792, Best=2792 [LS]
2026-01-14 18:36:01,056 - DSN - INFO - t=040: B=-8429.41, Cut=-4, Best=2792
2026-01-14 18:36:03,698 - DSN - INFO - t=080: B=-8395.36, Cut=2, Best=2833
2026-01-14 18:36:06,332 - DSN - INFO - t=120: B=-8355.45, Cut=-40, Best=2833
2026-01-14 18:36:08,968 - DSN - INFO - t=160: B=-8351.69, Cut=7, Best=2853
2026-01-14 18:36:11,607 - DSN - INFO - t=200: B=-8349.83, Cut=2879, Best=2879 [LS]
2026-01-14 18:36:14,163 - DSN - INFO - t=240: B=-8333.12, Cut=-15, Best=2879
2026-01-14 18:36:16,801 - DSN - INFO - t=280: B=-8330.84, Cut=4, Best=2879
2026-01-14 18:36:19,439 - DSN - INFO - t=320: B=-8321.36, Cut=19, Best=2879
2026-01-14 18:36:22,085 - DSN - INFO - t=360: B=-8317.84, Cut=-40, Best=2879
2026-01-14 18:36:24,722 - DSN - INFO - t=400: B=-8316.70, Cut=2866, Best=2879 [LS]
2026-01-14 18:36:27,275 - DSN - INFO - t=440: B=-8315.59, Cut=23, Best=2879
2026-01-14 18:36:29,921 - DSN - INFO - t=480: B=-8315.98, Cut=4, Best=2937
2026-01-14 18:36:31,224 - DSN - INFO - DSN GPU done in 32.70s | Cut=2937
2026-01-14 18:36:31,227 - DSN - INFO - Results saved to: results/Gset/DSN_thorough/G31.csv
2026-01-14 18:36:31,227 - DSN - INFO - Cut: 2937 | Bound: -8313.75 | Time: 32.70s
2026-01-14 18:36:31,227 - DSN - INFO - Initialized DSN_thorough | preset=thorough | GPU=True
2026-01-14 18:36:31,227 - DSN - INFO - Params: η=0.003, T=500, init=degree, LS=True
2026-01-14 18:36:31,228 - DSN - INFO - Using GPU solver (CuPy)
2026-01-14 18:36:31,231 - DSN - INFO - DSN GPU Solver: n=2000, edges=19990
2026-01-14 18:36:31,231 - DSN - INFO - DSN GPU: T=500, η=0.003, LS=True
2026-01-14 18:36:31,351 - DSN - INFO - t=000: B=-9244.20, Cut=2914, Best=2914 [LS]
2026-01-14 18:36:33,760 - DSN - INFO - t=040: B=-8429.45, Cut=-7, Best=2914
2026-01-14 18:36:36,396 - DSN - INFO - t=080: B=-8394.49, Cut=3, Best=2914
2026-01-14 18:36:39,036 - DSN - INFO - t=120: B=-8358.95, Cut=-16, Best=2914
2026-01-14 18:36:41,672 - DSN - INFO - t=160: B=-8351.38, Cut=-1, Best=2914
2026-01-14 18:36:44,306 - DSN - INFO - t=200: B=-8333.48, Cut=2931, Best=2931 [LS]
2026-01-14 18:36:46,852 - DSN - INFO - t=240: B=-8322.49, Cut=-9, Best=2931
2026-01-14 18:36:49,476 - DSN - INFO - t=280: B=-8320.71, Cut=15, Best=2931
2026-01-14 18:36:52,111 - DSN - INFO - t=320: B=-8318.55, Cut=26, Best=2931
2026-01-14 18:36:54,738 - DSN - INFO - t=360: B=-8316.13, Cut=4, Best=2931
2026-01-14 18:36:57,366 - DSN - INFO - t=400: B=-8314.92, Cut=2874, Best=2931 [LS]
2026-01-14 18:36:59,913 - DSN - INFO - t=440: B=-8314.72, Cut=20, Best=2931
2026-01-14 18:37:02,553 - DSN - INFO - t=480: B=-8314.66, Cut=3, Best=2931
2026-01-14 18:37:03,853 - DSN - INFO - DSN GPU done in 32.62s | Cut=2931
2026-01-14 18:37:03,857 - DSN - INFO - Results saved to: results/Gset/DSN_thorough/G31.csv
2026-01-14 18:37:03,857 - DSN - INFO - Cut: 2931 | Bound: -8314.30 | Time: 32.63s
2026-01-14 18:37:03,857 - DSN - INFO - Initialized DSN_thorough | preset=thorough | GPU=True
2026-01-14 18:37:03,857 - DSN - INFO - Params: η=0.003, T=500, init=degree, LS=True
2026-01-14 18:37:03,857 - DSN - INFO - Using GPU solver (CuPy)
2026-01-14 18:37:03,860 - DSN - INFO - DSN GPU Solver: n=2000, edges=19990
2026-01-14 18:37:03,860 - DSN - INFO - DSN GPU: T=500, η=0.003, LS=True
2026-01-14 18:37:03,975 - DSN - INFO - t=000: B=-9244.20, Cut=2829, Best=2829 [LS]
2026-01-14 18:37:06,390 - DSN - INFO - t=040: B=-8429.05, Cut=-1, Best=2829
2026-01-14 18:37:09,029 - DSN - INFO - t=080: B=-8411.27, Cut=1, Best=2880
2026-01-14 18:37:11,654 - DSN - INFO - t=120: B=-8359.78, Cut=16, Best=2899
2026-01-14 18:37:14,299 - DSN - INFO - t=160: B=-8355.91, Cut=5, Best=2899
2026-01-14 18:37:16,935 - DSN - INFO - t=200: B=-8332.68, Cut=2839, Best=2899 [LS]
2026-01-14 18:37:19,493 - DSN - INFO - t=240: B=-8330.98, Cut=-52, Best=2899
2026-01-14 18:37:22,125 - DSN - INFO - t=280: B=-8320.92, Cut=21, Best=2899
2026-01-14 18:37:24,764 - DSN - INFO - t=320: B=-8321.73, Cut=-22, Best=2899
2026-01-14 18:37:27,403 - DSN - INFO - t=360: B=-8316.18, Cut=4, Best=2899
2026-01-14 18:37:30,047 - DSN - INFO - t=400: B=-8315.27, Cut=2901, Best=2901 [LS]
2026-01-14 18:37:32,598 - DSN - INFO - t=440: B=-8314.10, Cut=13, Best=2901
2026-01-14 18:37:35,228 - DSN - INFO - t=480: B=-8313.90, Cut=0, Best=2901
2026-01-14 18:37:36,531 - DSN - INFO - DSN GPU done in 32.67s | Cut=2901
2026-01-14 18:37:36,535 - DSN - INFO - Results saved to: results/Gset/DSN_thorough/G31.csv
2026-01-14 18:37:36,535 - DSN - INFO - Cut: 2901 | Bound: -8313.57 | Time: 32.67s
2026-01-14 18:37:36,535 - DSN - INFO - Initialized DSN_thorough | preset=thorough | GPU=True
2026-01-14 18:37:36,535 - DSN - INFO - Params: η=0.003, T=500, init=degree, LS=True
2026-01-14 18:37:36,535 - DSN - INFO - Using GPU solver (CuPy)
2026-01-14 18:37:36,538 - DSN - INFO - DSN GPU Solver: n=2000, edges=19990
2026-01-14 18:37:36,538 - DSN - INFO - DSN GPU: T=500, η=0.003, LS=True
2026-01-14 18:37:36,659 - DSN - INFO - t=000: B=-9244.21, Cut=2847, Best=2847 [LS]
2026-01-14 18:37:39,074 - DSN - INFO - t=040: B=-8429.35, Cut=7, Best=2847
2026-01-14 18:37:41,717 - DSN - INFO - t=080: B=-8407.71, Cut=8, Best=2880
2026-01-14 18:37:44,355 - DSN - INFO - t=120: B=-8391.76, Cut=17, Best=2887
2026-01-14 18:37:47,006 - DSN - INFO - t=160: B=-8351.59, Cut=-4, Best=2887
2026-01-14 18:37:49,660 - DSN - INFO - t=200: B=-8354.44, Cut=2892, Best=2892 [LS]
2026-01-14 18:37:52,225 - DSN - INFO - t=240: B=-8330.20, Cut=14, Best=2892
2026-01-14 18:37:54,874 - DSN - INFO - t=280: B=-8331.21, Cut=5, Best=2892
2026-01-14 18:37:57,518 - DSN - INFO - t=320: B=-8321.98, Cut=11, Best=2892
2026-01-14 18:38:00,160 - DSN - INFO - t=360: B=-8315.68, Cut=-10, Best=2892
2026-01-14 18:38:02,799 - DSN - INFO - t=400: B=-8314.87, Cut=2804, Best=2892 [LS]
2026-01-14 18:38:05,351 - DSN - INFO - t=440: B=-8313.96, Cut=15, Best=2892
2026-01-14 18:38:07,988 - DSN - INFO - t=480: B=-8314.36, Cut=28, Best=2915
2026-01-14 18:38:09,290 - DSN - INFO - DSN GPU done in 32.75s | Cut=2915
2026-01-14 18:38:09,294 - DSN - INFO - Results saved to: results/Gset/DSN_thorough/G31.csv
2026-01-14 18:38:09,294 - DSN - INFO - Cut: 2915 | Bound: -8313.55 | Time: 32.76s
2026-01-14 18:38:09,294 - DSN - INFO - Initialized DSN_thorough | preset=thorough | GPU=True
2026-01-14 18:38:09,294 - DSN - INFO - Params: η=0.003, T=500, init=degree, LS=True
2026-01-14 18:38:09,294 - DSN - INFO - Using GPU solver (CuPy)
2026-01-14 18:38:09,297 - DSN - INFO - DSN GPU Solver: n=2000, edges=19990
2026-01-14 18:38:09,297 - DSN - INFO - DSN GPU: T=500, η=0.003, LS=True
2026-01-14 18:38:09,412 - DSN - INFO - t=000: B=-9244.21, Cut=2800, Best=2800 [LS]
2026-01-14 18:38:11,826 - DSN - INFO - t=040: B=-8429.00, Cut=-8, Best=2800
2026-01-14 18:38:14,450 - DSN - INFO - t=080: B=-8407.76, Cut=8, Best=2804
2026-01-14 18:38:17,093 - DSN - INFO - t=120: B=-8356.39, Cut=14, Best=2900
2026-01-14 18:38:19,735 - DSN - INFO - t=160: B=-8343.46, Cut=-19, Best=2900
2026-01-14 18:38:22,373 - DSN - INFO - t=200: B=-8332.18, Cut=2873, Best=2900 [LS]
2026-01-14 18:38:24,929 - DSN - INFO - t=240: B=-8323.51, Cut=4, Best=2900
2026-01-14 18:38:27,561 - DSN - INFO - t=280: B=-8317.74, Cut=-1, Best=2915
2026-01-14 18:38:30,212 - DSN - INFO - t=320: B=-8315.89, Cut=8, Best=2915
2026-01-14 18:38:32,867 - DSN - INFO - t=360: B=-8316.27, Cut=20, Best=2915
2026-01-14 18:38:35,509 - DSN - INFO - t=400: B=-8315.03, Cut=2813, Best=2915 [LS]
2026-01-14 18:38:38,071 - DSN - INFO - t=440: B=-8314.77, Cut=18, Best=2915
2026-01-14 18:38:40,721 - DSN - INFO - t=480: B=-8314.58, Cut=13, Best=2915
2026-01-14 18:38:42,025 - DSN - INFO - DSN GPU done in 32.73s | Cut=2915
2026-01-14 18:38:42,029 - DSN - INFO - Results saved to: results/Gset/DSN_thorough/G31.csv
2026-01-14 18:38:42,029 - DSN - INFO - Cut: 2915 | Bound: -8314.28 | Time: 32.73s
2026-01-14 18:38:42,029 - DSN - INFO - Initialized DSN_thorough | preset=thorough | GPU=True
2026-01-14 18:38:42,029 - DSN - INFO - Params: η=0.003, T=500, init=degree, LS=True
2026-01-14 18:38:42,029 - DSN - INFO - Using GPU solver (CuPy)
2026-01-14 18:38:42,032 - DSN - INFO - DSN GPU Solver: n=2000, edges=19990
2026-01-14 18:38:42,032 - DSN - INFO - DSN GPU: T=500, η=0.003, LS=True
2026-01-14 18:38:42,144 - DSN - INFO - t=000: B=-9244.20, Cut=2809, Best=2809 [LS]
2026-01-14 18:38:44,562 - DSN - INFO - t=040: B=-8428.71, Cut=-4, Best=2809
2026-01-14 18:38:47,196 - DSN - INFO - t=080: B=-8400.86, Cut=2, Best=2854
2026-01-14 18:38:49,836 - DSN - INFO - t=120: B=-8361.98, Cut=17, Best=2882
2026-01-14 18:38:52,474 - DSN - INFO - t=160: B=-8343.01, Cut=14, Best=2885
2026-01-14 18:38:55,122 - DSN - INFO - t=200: B=-8333.11, Cut=2896, Best=2896 [LS]
2026-01-14 18:38:57,680 - DSN - INFO - t=240: B=-8322.71, Cut=12, Best=2896
2026-01-14 18:39:00,327 - DSN - INFO - t=280: B=-8321.78, Cut=-5, Best=2896
2026-01-14 18:39:02,980 - DSN - INFO - t=320: B=-8317.37, Cut=34, Best=2901
2026-01-14 18:39:05,635 - DSN - INFO - t=360: B=-8317.09, Cut=-20, Best=2911
2026-01-14 18:39:08,269 - DSN - INFO - t=400: B=-8314.85, Cut=2812, Best=2911 [LS]
2026-01-14 18:39:10,826 - DSN - INFO - t=440: B=-8314.79, Cut=6, Best=2911
2026-01-14 18:39:13,459 - DSN - INFO - t=480: B=-8314.90, Cut=-22, Best=2911
2026-01-14 18:39:14,761 - DSN - INFO - DSN GPU done in 32.73s | Cut=2911
2026-01-14 18:39:14,765 - DSN - INFO - Results saved to: results/Gset/DSN_thorough/G31.csv
2026-01-14 18:39:14,765 - DSN - INFO - Cut: 2911 | Bound: -8313.80 | Time: 32.73s
2026-01-14 18:39:14,765 - DSN - INFO - Initialized DSN_thorough | preset=thorough | GPU=True
2026-01-14 18:39:14,765 - DSN - INFO - Params: η=0.003, T=500, init=degree, LS=True
2026-01-14 18:39:14,765 - DSN - INFO - Using GPU solver (CuPy)
2026-01-14 18:39:14,768 - DSN - INFO - DSN GPU Solver: n=2000, edges=19990
2026-01-14 18:39:14,768 - DSN - INFO - DSN GPU: T=500, η=0.003, LS=True
2026-01-14 18:39:14,881 - DSN - INFO - t=000: B=-9244.20, Cut=2792, Best=2792 [LS]
2026-01-14 18:39:17,316 - DSN - INFO - t=040: B=-8428.78, Cut=-3, Best=2792
2026-01-14 18:39:19,944 - DSN - INFO - t=080: B=-8400.20, Cut=1, Best=2821
2026-01-14 18:39:22,589 - DSN - INFO - t=120: B=-8393.54, Cut=-8, Best=2851
2026-01-14 18:39:25,224 - DSN - INFO - t=160: B=-8355.57, Cut=3, Best=2851
2026-01-14 18:39:27,876 - DSN - INFO - t=200: B=-8334.98, Cut=2938, Best=2938 [LS]
2026-01-14 18:39:30,442 - DSN - INFO - t=240: B=-8322.47, Cut=0, Best=2938
2026-01-14 18:39:33,089 - DSN - INFO - t=280: B=-8322.33, Cut=-10, Best=2938
2026-01-14 18:39:35,728 - DSN - INFO - t=320: B=-8317.49, Cut=-5, Best=2938
2026-01-14 18:39:38,365 - DSN - INFO - t=360: B=-8317.21, Cut=0, Best=2938
2026-01-14 18:39:41,002 - DSN - INFO - t=400: B=-8315.88, Cut=2799, Best=2938 [LS]
2026-01-14 18:39:43,562 - DSN - INFO - t=440: B=-8314.16, Cut=22, Best=2938
2026-01-14 18:39:46,208 - DSN - INFO - t=480: B=-8314.20, Cut=-5, Best=2938
2026-01-14 18:39:47,509 - DSN - INFO - DSN GPU done in 32.74s | Cut=2938
2026-01-14 18:39:47,513 - DSN - INFO - Results saved to: results/Gset/DSN_thorough/G31.csv
2026-01-14 18:39:47,513 - DSN - INFO - Cut: 2938 | Bound: -8313.79 | Time: 32.74s
2026-01-14 18:39:47,513 - DSN - INFO - Initialized DSN_thorough | preset=thorough | GPU=True
2026-01-14 18:39:47,513 - DSN - INFO - Params: η=0.003, T=500, init=degree, LS=True
2026-01-14 18:39:47,513 - DSN - INFO - Using GPU solver (CuPy)
2026-01-14 18:39:47,516 - DSN - INFO - DSN GPU Solver: n=2000, edges=19990
2026-01-14 18:39:47,516 - DSN - INFO - DSN GPU: T=500, η=0.003, LS=True
2026-01-14 18:39:47,632 - DSN - INFO - t=000: B=-9244.20, Cut=2843, Best=2843 [LS]
2026-01-14 18:39:50,045 - DSN - INFO - t=040: B=-8429.19, Cut=-5, Best=2843
2026-01-14 18:39:52,665 - DSN - INFO - t=080: B=-8396.69, Cut=-2, Best=2878
2026-01-14 18:39:55,294 - DSN - INFO - t=120: B=-8359.78, Cut=26, Best=2878
2026-01-14 18:39:57,925 - DSN - INFO - t=160: B=-8335.16, Cut=1, Best=2878
2026-01-14 18:40:00,573 - DSN - INFO - t=200: B=-8323.69, Cut=2837, Best=2878 [LS]
2026-01-14 18:40:03,134 - DSN - INFO - t=240: B=-8319.89, Cut=22, Best=2878
2026-01-14 18:40:05,772 - DSN - INFO - t=280: B=-8316.78, Cut=2, Best=2878
2026-01-14 18:40:08,416 - DSN - INFO - t=320: B=-8315.24, Cut=23, Best=2882
2026-01-14 18:40:11,048 - DSN - INFO - t=360: B=-8315.68, Cut=-13, Best=2882
2026-01-14 18:40:13,692 - DSN - INFO - t=400: B=-8315.82, Cut=2826, Best=2882 [LS]
2026-01-14 18:40:16,244 - DSN - INFO - t=440: B=-8316.67, Cut=21, Best=2882
2026-01-14 18:40:18,796 - DSN - INFO - t=480: B=-8317.14, Cut=23, Best=2894
2026-01-14 18:40:19,919 - DSN - INFO - DSN GPU done in 32.40s | Cut=2894
2026-01-14 18:40:19,924 - DSN - INFO - Results saved to: results/Gset/DSN_thorough/G31.csv
2026-01-14 18:40:19,924 - DSN - INFO - Cut: 2894 | Bound: -8314.85 | Time: 32.41s
2026-01-14 18:40:19,924 - DSN - INFO - Initialized DSN_thorough | preset=thorough | GPU=True
2026-01-14 18:40:19,924 - DSN - INFO - Params: η=0.003, T=500, init=degree, LS=True
2026-01-14 18:40:19,924 - DSN - INFO - Using GPU solver (CuPy)
2026-01-14 18:40:19,927 - DSN - INFO - DSN GPU Solver: n=2000, edges=19990
2026-01-14 18:40:19,928 - DSN - INFO - DSN GPU: T=500, η=0.003, LS=True
2026-01-14 18:40:20,044 - DSN - INFO - t=000: B=-9244.20, Cut=2859, Best=2859 [LS]
2026-01-14 18:40:22,473 - DSN - INFO - t=040: B=-8428.45, Cut=-3, Best=2859
2026-01-14 18:40:25,112 - DSN - INFO - t=080: B=-8405.25, Cut=-30, Best=2877
2026-01-14 18:40:27,758 - DSN - INFO - t=120: B=-8353.78, Cut=-7, Best=2897
2026-01-14 18:40:30,404 - DSN - INFO - t=160: B=-8335.25, Cut=-5, Best=2897
2026-01-14 18:40:33,039 - DSN - INFO - t=200: B=-8324.50, Cut=2783, Best=2897 [LS]
2026-01-14 18:40:35,603 - DSN - INFO - t=240: B=-8325.47, Cut=-41, Best=2897
2026-01-14 18:40:38,244 - DSN - INFO - t=280: B=-8318.18, Cut=-31, Best=2897
2026-01-14 18:40:40,899 - DSN - INFO - t=320: B=-8316.28, Cut=0, Best=2897
2026-01-14 18:40:43,543 - DSN - INFO - t=360: B=-8315.44, Cut=24, Best=2897
2026-01-14 18:40:46,185 - DSN - INFO - t=400: B=-8315.81, Cut=2859, Best=2897 [LS]
2026-01-14 18:40:48,742 - DSN - INFO - t=440: B=-8315.35, Cut=1, Best=2897
2026-01-14 18:40:51,382 - DSN - INFO - t=480: B=-8315.98, Cut=7, Best=2901
2026-01-14 18:40:52,681 - DSN - INFO - DSN GPU done in 32.75s | Cut=2901
2026-01-14 18:40:52,685 - DSN - INFO - Results saved to: results/Gset/DSN_thorough/G31.csv
2026-01-14 18:40:52,685 - DSN - INFO - Cut: 2901 | Bound: -8314.90 | Time: 32.76s
2026-01-14 18:40:52,691 - DSN - INFO - Initialized DSN_thorough | preset=thorough | GPU=True
2026-01-14 18:40:52,691 - DSN - INFO - Params: η=0.003, T=500, init=degree, LS=True
2026-01-14 18:40:52,691 - DSN - INFO - Using GPU solver (CuPy)
2026-01-14 18:40:52,693 - DSN - INFO - DSN GPU Solver: n=2000, edges=4000
2026-01-14 18:40:52,693 - DSN - INFO - DSN GPU: T=500, η=0.003, LS=True
2026-01-14 18:40:52,752 - DSN - INFO - t=000: B=-3480.55, Cut=1074, Best=1074 [LS]
2026-01-14 18:40:54,742 - DSN - INFO - t=040: B=-3474.86, Cut=-16, Best=1074
2026-01-14 18:40:56,891 - DSN - INFO - t=080: B=-3376.71, Cut=-60, Best=1076
2026-01-14 18:40:59,315 - DSN - INFO - t=120: B=-3299.98, Cut=-44, Best=1076
2026-01-14 18:41:01,727 - DSN - INFO - t=160: B=-3242.15, Cut=-44, Best=1076
2026-01-14 18:41:04,255 - DSN - INFO - t=200: B=-3198.38, Cut=1078, Best=1078 [LS]
2026-01-14 18:41:06,796 - DSN - INFO - t=240: B=-3181.17, Cut=-50, Best=1078
2026-01-14 18:41:09,373 - DSN - INFO - t=280: B=-3158.39, Cut=-22, Best=1082
2026-01-14 18:41:11,937 - DSN - INFO - t=320: B=-3154.82, Cut=-20, Best=1082
2026-01-14 18:41:14,517 - DSN - INFO - t=360: B=-3136.39, Cut=-22, Best=1082
2026-01-14 18:41:17,090 - DSN - INFO - t=400: B=-3132.18, Cut=1072, Best=1082 [LS]
2026-01-14 18:41:19,640 - DSN - INFO - t=440: B=-3131.45, Cut=-62, Best=1082
2026-01-14 18:41:22,227 - DSN - INFO - t=480: B=-3127.82, Cut=-22, Best=1088
2026-01-14 18:41:23,462 - DSN - INFO - DSN GPU done in 30.77s | Cut=1088
2026-01-14 18:41:23,464 - DSN - INFO - Results saved to: results/Gset/DSN_thorough/G32.csv
2026-01-14 18:41:23,464 - DSN - INFO - Cut: 1088 | Bound: -3126.00 | Time: 30.77s
2026-01-14 18:41:23,464 - DSN - INFO - Initialized DSN_thorough | preset=thorough | GPU=True
2026-01-14 18:41:23,464 - DSN - INFO - Params: η=0.003, T=500, init=degree, LS=True
2026-01-14 18:41:23,464 - DSN - INFO - Using GPU solver (CuPy)
2026-01-14 18:41:23,466 - DSN - INFO - DSN GPU Solver: n=2000, edges=4000
2026-01-14 18:41:23,466 - DSN - INFO - DSN GPU: T=500, η=0.003, LS=True
2026-01-14 18:41:23,525 - DSN - INFO - t=000: B=-3480.55, Cut=1078, Best=1078 [LS]
2026-01-14 18:41:25,545 - DSN - INFO - t=040: B=-3474.86, Cut=-18, Best=1078
2026-01-14 18:41:27,731 - DSN - INFO - t=080: B=-3353.00, Cut=-34, Best=1078
2026-01-14 18:41:30,183 - DSN - INFO - t=120: B=-3275.09, Cut=-52, Best=1078
2026-01-14 18:41:32,710 - DSN - INFO - t=160: B=-3225.68, Cut=-30, Best=1080
2026-01-14 18:41:35,249 - DSN - INFO - t=200: B=-3202.93, Cut=1072, Best=1080 [LS]
2026-01-14 18:41:37,742 - DSN - INFO - t=240: B=-3173.18, Cut=-36, Best=1080
2026-01-14 18:41:40,315 - DSN - INFO - t=280: B=-3167.26, Cut=-44, Best=1086
2026-01-14 18:41:42,875 - DSN - INFO - t=320: B=-3148.05, Cut=-44, Best=1086
2026-01-14 18:41:45,453 - DSN - INFO - t=360: B=-3138.60, Cut=-76, Best=1086
2026-01-14 18:41:48,031 - DSN - INFO - t=400: B=-3133.70, Cut=1090, Best=1090 [LS]
2026-01-14 18:41:50,586 - DSN - INFO - t=440: B=-3131.43, Cut=-38, Best=1090
2026-01-14 18:41:53,149 - DSN - INFO - t=480: B=-3128.67, Cut=0, Best=1090
2026-01-14 18:41:54,394 - DSN - INFO - DSN GPU done in 30.93s | Cut=1090
2026-01-14 18:41:54,398 - DSN - INFO - Results saved to: results/Gset/DSN_thorough/G32.csv
2026-01-14 18:41:54,398 - DSN - INFO - Cut: 1090 | Bound: -3127.57 | Time: 30.93s
2026-01-14 18:41:54,398 - DSN - INFO - Initialized DSN_thorough | preset=thorough | GPU=True
2026-01-14 18:41:54,398 - DSN - INFO - Params: η=0.003, T=500, init=degree, LS=True
2026-01-14 18:41:54,398 - DSN - INFO - Using GPU solver (CuPy)
2026-01-14 18:41:54,399 - DSN - INFO - DSN GPU Solver: n=2000, edges=4000
2026-01-14 18:41:54,399 - DSN - INFO - DSN GPU: T=500, η=0.003, LS=True
2026-01-14 18:41:54,459 - DSN - INFO - t=000: B=-3480.55, Cut=1078, Best=1078 [LS]
2026-01-14 18:41:56,445 - DSN - INFO - t=040: B=-3492.22, Cut=-14, Best=1078
2026-01-14 18:41:58,655 - DSN - INFO - t=080: B=-3426.43, Cut=-38, Best=1082
2026-01-14 18:42:01,083 - DSN - INFO - t=120: B=-3351.87, Cut=-14, Best=1086
2026-01-14 18:42:03,469 - DSN - INFO - t=160: B=-3289.15, Cut=-36, Best=1086
2026-01-14 18:42:05,886 - DSN - INFO - t=200: B=-3231.49, Cut=1084, Best=1086 [LS]
2026-01-14 18:42:08,437 - DSN - INFO - t=240: B=-3186.98, Cut=-42, Best=1086
2026-01-14 18:42:11,016 - DSN - INFO - t=280: B=-3169.01, Cut=-50, Best=1086
2026-01-14 18:42:13,581 - DSN - INFO - t=320: B=-3158.17, Cut=-24, Best=1086
2026-01-14 18:42:16,154 - DSN - INFO - t=360: B=-3149.86, Cut=-62, Best=1086
2026-01-14 18:42:18,721 - DSN - INFO - t=400: B=-3133.75, Cut=1074, Best=1086 [LS]
2026-01-14 18:42:21,283 - DSN - INFO - t=440: B=-3128.75, Cut=-8, Best=1086
2026-01-14 18:42:23,862 - DSN - INFO - t=480: B=-3128.40, Cut=-56, Best=1086
2026-01-14 18:42:25,093 - DSN - INFO - DSN GPU done in 30.69s | Cut=1086
2026-01-14 18:42:25,096 - DSN - INFO - Results saved to: results/Gset/DSN_thorough/G32.csv
2026-01-14 18:42:25,096 - DSN - INFO - Cut: 1086 | Bound: -3126.50 | Time: 30.69s
2026-01-14 18:42:25,097 - DSN - INFO - Initialized DSN_thorough | preset=thorough | GPU=True
2026-01-14 18:42:25,097 - DSN - INFO - Params: η=0.003, T=500, init=degree, LS=True
2026-01-14 18:42:25,097 - DSN - INFO - Using GPU solver (CuPy)
2026-01-14 18:42:25,098 - DSN - INFO - DSN GPU Solver: n=2000, edges=4000
2026-01-14 18:42:25,098 - DSN - INFO - DSN GPU: T=500, η=0.003, LS=True
2026-01-14 18:42:25,157 - DSN - INFO - t=000: B=-3480.55, Cut=1078, Best=1078 [LS]
2026-01-14 18:42:27,314 - DSN - INFO - t=040: B=-3466.33, Cut=-14, Best=1078
2026-01-14 18:42:29,555 - DSN - INFO - t=080: B=-3364.35, Cut=-46, Best=1078
2026-01-14 18:42:31,927 - DSN - INFO - t=120: B=-3277.29, Cut=-36, Best=1080
2026-01-14 18:42:34,462 - DSN - INFO - t=160: B=-3248.23, Cut=-24, Best=1080
2026-01-14 18:42:37,029 - DSN - INFO - t=200: B=-3200.25, Cut=1058, Best=1080 [LS]
2026-01-14 18:42:39,564 - DSN - INFO - t=240: B=-3179.64, Cut=-66, Best=1080
2026-01-14 18:42:42,116 - DSN - INFO - t=280: B=-3161.19, Cut=-26, Best=1084
2026-01-14 18:42:44,670 - DSN - INFO - t=320: B=-3155.09, Cut=-108, Best=1084
2026-01-14 18:42:47,233 - DSN - INFO - t=360: B=-3147.75, Cut=-52, Best=1084
2026-01-14 18:42:49,798 - DSN - INFO - t=400: B=-3138.53, Cut=1080, Best=1084 [LS]
2026-01-14 18:42:52,342 - DSN - INFO - t=440: B=-3134.81, Cut=-56, Best=1084
2026-01-14 18:42:54,920 - DSN - INFO - t=480: B=-3127.35, Cut=-24, Best=1084
2026-01-14 18:42:56,150 - DSN - INFO - DSN GPU done in 31.05s | Cut=1084
2026-01-14 18:42:56,153 - DSN - INFO - Results saved to: results/Gset/DSN_thorough/G32.csv
2026-01-14 18:42:56,153 - DSN - INFO - Cut: 1084 | Bound: -3124.49 | Time: 31.05s
2026-01-14 18:42:56,154 - DSN - INFO - Initialized DSN_thorough | preset=thorough | GPU=True
2026-01-14 18:42:56,154 - DSN - INFO - Params: η=0.003, T=500, init=degree, LS=True
2026-01-14 18:42:56,154 - DSN - INFO - Using GPU solver (CuPy)
2026-01-14 18:42:56,155 - DSN - INFO - DSN GPU Solver: n=2000, edges=4000
2026-01-14 18:42:56,155 - DSN - INFO - DSN GPU: T=500, η=0.003, LS=True
2026-01-14 18:42:56,214 - DSN - INFO - t=000: B=-3480.55, Cut=1078, Best=1078 [LS]
2026-01-14 18:42:58,191 - DSN - INFO - t=040: B=-3474.86, Cut=-18, Best=1078
2026-01-14 18:43:00,395 - DSN - INFO - t=080: B=-3385.46, Cut=-28, Best=1078
2026-01-14 18:43:02,687 - DSN - INFO - t=120: B=-3298.22, Cut=-42, Best=1078
2026-01-14 18:43:05,162 - DSN - INFO - t=160: B=-3247.38, Cut=-24, Best=1080
2026-01-14 18:43:07,683 - DSN - INFO - t=200: B=-3208.96, Cut=1084, Best=1084 [LS]
2026-01-14 18:43:10,227 - DSN - INFO - t=240: B=-3179.71, Cut=-28, Best=1084
2026-01-14 18:43:12,785 - DSN - INFO - t=280: B=-3165.32, Cut=-80, Best=1084
2026-01-14 18:43:15,351 - DSN - INFO - t=320: B=-3154.03, Cut=-38, Best=1092
2026-01-14 18:43:17,923 - DSN - INFO - t=360: B=-3148.01, Cut=-48, Best=1092
2026-01-14 18:43:20,493 - DSN - INFO - t=400: B=-3142.76, Cut=1068, Best=1092 [LS]
2026-01-14 18:43:23,046 - DSN - INFO - t=440: B=-3139.47, Cut=-44, Best=1092
2026-01-14 18:43:25,622 - DSN - INFO - t=480: B=-3126.26, Cut=-60, Best=1092
2026-01-14 18:43:26,856 - DSN - INFO - DSN GPU done in 30.70s | Cut=1092
2026-01-14 18:43:26,859 - DSN - INFO - Results saved to: results/Gset/DSN_thorough/G32.csv
2026-01-14 18:43:26,859 - DSN - INFO - Cut: 1092 | Bound: -3123.82 | Time: 30.70s
2026-01-14 18:43:26,859 - DSN - INFO - Initialized DSN_thorough | preset=thorough | GPU=True
2026-01-14 18:43:26,859 - DSN - INFO - Params: η=0.003, T=500, init=degree, LS=True
2026-01-14 18:43:26,860 - DSN - INFO - Using GPU solver (CuPy)
2026-01-14 18:43:26,861 - DSN - INFO - DSN GPU Solver: n=2000, edges=4000
2026-01-14 18:43:26,861 - DSN - INFO - DSN GPU: T=500, η=0.003, LS=True
2026-01-14 18:43:26,920 - DSN - INFO - t=000: B=-3480.55, Cut=1080, Best=1080 [LS]
2026-01-14 18:43:28,955 - DSN - INFO - t=040: B=-3474.83, Cut=-18, Best=1080
2026-01-14 18:43:31,203 - DSN - INFO - t=080: B=-3365.65, Cut=-40, Best=1080
2026-01-14 18:43:33,588 - DSN - INFO - t=120: B=-3287.23, Cut=-56, Best=1080
2026-01-14 18:43:36,121 - DSN - INFO - t=160: B=-3238.05, Cut=-28, Best=1080
2026-01-14 18:43:38,664 - DSN - INFO - t=200: B=-3205.18, Cut=1074, Best=1080 [LS]
2026-01-14 18:43:41,218 - DSN - INFO - t=240: B=-3178.51, Cut=-34, Best=1080
2026-01-14 18:43:43,783 - DSN - INFO - t=280: B=-3163.57, Cut=-38, Best=1082
2026-01-14 18:43:46,353 - DSN - INFO - t=320: B=-3153.67, Cut=-36, Best=1084
2026-01-14 18:43:48,930 - DSN - INFO - t=360: B=-3145.90, Cut=-54, Best=1084
2026-01-14 18:43:51,498 - DSN - INFO - t=400: B=-3142.80, Cut=1090, Best=1090 [LS]
2026-01-14 18:43:54,051 - DSN - INFO - t=440: B=-3130.43, Cut=-56, Best=1090
2026-01-14 18:43:56,619 - DSN - INFO - t=480: B=-3125.21, Cut=-30, Best=1090
2026-01-14 18:43:57,852 - DSN - INFO - DSN GPU done in 30.99s | Cut=1090
2026-01-14 18:43:57,856 - DSN - INFO - Results saved to: results/Gset/DSN_thorough/G32.csv
2026-01-14 18:43:57,856 - DSN - INFO - Cut: 1090 | Bound: -3124.26 | Time: 30.99s
2026-01-14 18:43:57,856 - DSN - INFO - Initialized DSN_thorough | preset=thorough | GPU=True
2026-01-14 18:43:57,856 - DSN - INFO - Params: η=0.003, T=500, init=degree, LS=True
2026-01-14 18:43:57,856 - DSN - INFO - Using GPU solver (CuPy)
2026-01-14 18:43:57,857 - DSN - INFO - DSN GPU Solver: n=2000, edges=4000
2026-01-14 18:43:57,857 - DSN - INFO - DSN GPU: T=500, η=0.003, LS=True
2026-01-14 18:43:57,916 - DSN - INFO - t=000: B=-3480.55, Cut=1078, Best=1078 [LS]
2026-01-14 18:43:59,967 - DSN - INFO - t=040: B=-3466.10, Cut=-16, Best=1078
2026-01-14 18:44:02,155 - DSN - INFO - t=080: B=-3357.33, Cut=-50, Best=1088
2026-01-14 18:44:04,487 - DSN - INFO - t=120: B=-3283.18, Cut=-58, Best=1088
2026-01-14 18:44:07,028 - DSN - INFO - t=160: B=-3231.63, Cut=-26, Best=1088
2026-01-14 18:44:09,572 - DSN - INFO - t=200: B=-3210.28, Cut=1080, Best=1088 [LS]
2026-01-14 18:44:12,134 - DSN - INFO - t=240: B=-3181.90, Cut=-20, Best=1088
2026-01-14 18:44:14,680 - DSN - INFO - t=280: B=-3166.35, Cut=-34, Best=1088
2026-01-14 18:44:17,260 - DSN - INFO - t=320: B=-3160.43, Cut=-28, Best=1088
2026-01-14 18:44:19,831 - DSN - INFO - t=360: B=-3145.87, Cut=-44, Best=1088
2026-01-14 18:44:22,401 - DSN - INFO - t=400: B=-3134.83, Cut=1070, Best=1088 [LS]
2026-01-14 18:44:24,958 - DSN - INFO - t=440: B=-3127.76, Cut=-44, Best=1088
2026-01-14 18:44:27,526 - DSN - INFO - t=480: B=-3125.49, Cut=-52, Best=1088
2026-01-14 18:44:28,767 - DSN - INFO - DSN GPU done in 30.91s | Cut=1088
2026-01-14 18:44:28,771 - DSN - INFO - Results saved to: results/Gset/DSN_thorough/G32.csv
2026-01-14 18:44:28,771 - DSN - INFO - Cut: 1088 | Bound: -3124.72 | Time: 30.91s
2026-01-14 18:44:28,771 - DSN - INFO - Initialized DSN_thorough | preset=thorough | GPU=True
2026-01-14 18:44:28,771 - DSN - INFO - Params: η=0.003, T=500, init=degree, LS=True
2026-01-14 18:44:28,771 - DSN - INFO - Using GPU solver (CuPy)
2026-01-14 18:44:28,772 - DSN - INFO - DSN GPU Solver: n=2000, edges=4000
2026-01-14 18:44:28,772 - DSN - INFO - DSN GPU: T=500, η=0.003, LS=True
2026-01-14 18:44:28,831 - DSN - INFO - t=000: B=-3480.55, Cut=1078, Best=1078 [LS]
2026-01-14 18:44:30,815 - DSN - INFO - t=040: B=-3474.85, Cut=-24, Best=1078
2026-01-14 18:44:33,039 - DSN - INFO - t=080: B=-3361.32, Cut=-32, Best=1078
2026-01-14 18:44:35,473 - DSN - INFO - t=120: B=-3287.96, Cut=-30, Best=1078
2026-01-14 18:44:37,944 - DSN - INFO - t=160: B=-3240.65, Cut=-38, Best=1078
2026-01-14 18:44:40,457 - DSN - INFO - t=200: B=-3208.20, Cut=1074, Best=1078 [LS]
2026-01-14 18:44:42,958 - DSN - INFO - t=240: B=-3185.23, Cut=-54, Best=1078
2026-01-14 18:44:45,513 - DSN - INFO - t=280: B=-3161.92, Cut=-42, Best=1082
2026-01-14 18:44:48,096 - DSN - INFO - t=320: B=-3155.66, Cut=-66, Best=1082
2026-01-14 18:44:50,663 - DSN - INFO - t=360: B=-3142.76, Cut=-36, Best=1086
2026-01-14 18:44:53,242 - DSN - INFO - t=400: B=-3134.92, Cut=1076, Best=1086 [LS]
2026-01-14 18:44:55,788 - DSN - INFO - t=440: B=-3128.81, Cut=-76, Best=1086
2026-01-14 18:44:58,359 - DSN - INFO - t=480: B=-3125.89, Cut=-10, Best=1086
2026-01-14 18:44:59,594 - DSN - INFO - DSN GPU done in 30.82s | Cut=1086
2026-01-14 18:44:59,597 - DSN - INFO - Results saved to: results/Gset/DSN_thorough/G32.csv
2026-01-14 18:44:59,597 - DSN - INFO - Cut: 1086 | Bound: -3124.92 | Time: 30.82s
2026-01-14 18:44:59,598 - DSN - INFO - Initialized DSN_thorough | preset=thorough | GPU=True
2026-01-14 18:44:59,598 - DSN - INFO - Params: η=0.003, T=500, init=degree, LS=True
2026-01-14 18:44:59,598 - DSN - INFO - Using GPU solver (CuPy)
2026-01-14 18:44:59,599 - DSN - INFO - DSN GPU Solver: n=2000, edges=4000
2026-01-14 18:44:59,599 - DSN - INFO - DSN GPU: T=500, η=0.003, LS=True
2026-01-14 18:44:59,659 - DSN - INFO - t=000: B=-3480.55, Cut=1076, Best=1076 [LS]
2026-01-14 18:45:01,724 - DSN - INFO - t=040: B=-3474.86, Cut=-22, Best=1076
2026-01-14 18:45:03,973 - DSN - INFO - t=080: B=-3371.20, Cut=-22, Best=1076
2026-01-14 18:45:06,446 - DSN - INFO - t=120: B=-3290.78, Cut=-36, Best=1076
2026-01-14 18:45:08,954 - DSN - INFO - t=160: B=-3241.77, Cut=-52, Best=1076
2026-01-14 18:45:11,505 - DSN - INFO - t=200: B=-3209.52, Cut=1080, Best=1080 [LS]
2026-01-14 18:45:14,051 - DSN - INFO - t=240: B=-3183.87, Cut=-30, Best=1080
2026-01-14 18:45:16,614 - DSN - INFO - t=280: B=-3168.60, Cut=-54, Best=1088
2026-01-14 18:45:19,179 - DSN - INFO - t=320: B=-3150.71, Cut=-40, Best=1088
2026-01-14 18:45:21,746 - DSN - INFO - t=360: B=-3149.06, Cut=-54, Best=1088
2026-01-14 18:45:24,314 - DSN - INFO - t=400: B=-3142.39, Cut=1096, Best=1096 [LS]
2026-01-14 18:45:26,863 - DSN - INFO - t=440: B=-3129.70, Cut=-6, Best=1096
2026-01-14 18:45:29,429 - DSN - INFO - t=480: B=-3125.84, Cut=-18, Best=1096
2026-01-14 18:45:30,664 - DSN - INFO - DSN GPU done in 31.07s | Cut=1096
2026-01-14 18:45:30,668 - DSN - INFO - Results saved to: results/Gset/DSN_thorough/G32.csv
2026-01-14 18:45:30,668 - DSN - INFO - Cut: 1096 | Bound: -3124.90 | Time: 31.07s
2026-01-14 18:45:30,668 - DSN - INFO - Initialized DSN_thorough | preset=thorough | GPU=True
2026-01-14 18:45:30,668 - DSN - INFO - Params: η=0.003, T=500, init=degree, LS=True
2026-01-14 18:45:30,668 - DSN - INFO - Using GPU solver (CuPy)
2026-01-14 18:45:30,669 - DSN - INFO - DSN GPU Solver: n=2000, edges=4000
2026-01-14 18:45:30,669 - DSN - INFO - DSN GPU: T=500, η=0.003, LS=True
2026-01-14 18:45:30,728 - DSN - INFO - t=000: B=-3480.55, Cut=1080, Best=1080 [LS]
2026-01-14 18:45:32,750 - DSN - INFO - t=040: B=-3474.86, Cut=-18, Best=1080
2026-01-14 18:45:34,908 - DSN - INFO - t=080: B=-3375.70, Cut=-22, Best=1080
2026-01-14 18:45:37,294 - DSN - INFO - t=120: B=-3300.16, Cut=-46, Best=1080
2026-01-14 18:45:39,742 - DSN - INFO - t=160: B=-3248.24, Cut=-70, Best=1080
2026-01-14 18:45:42,307 - DSN - INFO - t=200: B=-3202.32, Cut=1078, Best=1080 [LS]
2026-01-14 18:45:44,836 - DSN - INFO - t=240: B=-3179.30, Cut=-32, Best=1080
2026-01-14 18:45:47,382 - DSN - INFO - t=280: B=-3170.05, Cut=-24, Best=1086
2026-01-14 18:45:49,967 - DSN - INFO - t=320: B=-3149.53, Cut=-26, Best=1086
2026-01-14 18:45:52,533 - DSN - INFO - t=360: B=-3139.58, Cut=-34, Best=1086
2026-01-14 18:45:55,103 - DSN - INFO - t=400: B=-3132.73, Cut=1082, Best=1086 [LS]
2026-01-14 18:45:57,652 - DSN - INFO - t=440: B=-3130.79, Cut=-60, Best=1086
2026-01-14 18:46:00,234 - DSN - INFO - t=480: B=-3127.04, Cut=-46, Best=1086
2026-01-14 18:46:01,469 - DSN - INFO - DSN GPU done in 30.80s | Cut=1086
2026-01-14 18:46:01,473 - DSN - INFO - Results saved to: results/Gset/DSN_thorough/G32.csv
2026-01-14 18:46:01,473 - DSN - INFO - Cut: 1086 | Bound: -3125.99 | Time: 30.80s
2026-01-14 18:46:01,480 - DSN - INFO - Initialized DSN_thorough | preset=thorough | GPU=True
2026-01-14 18:46:01,480 - DSN - INFO - Params: η=0.003, T=500, init=degree, LS=True
2026-01-14 18:46:01,480 - DSN - INFO - Using GPU solver (CuPy)
2026-01-14 18:46:01,481 - DSN - INFO - DSN GPU Solver: n=2000, edges=4000
2026-01-14 18:46:01,481 - DSN - INFO - DSN GPU: T=500, η=0.003, LS=True
2026-01-14 18:46:01,565 - DSN - INFO - t=000: B=-3486.93, Cut=1022, Best=1022 [LS]
2026-01-14 18:46:03,748 - DSN - INFO - t=040: B=-3501.88, Cut=-24, Best=1022
2026-01-14 18:46:06,012 - DSN - INFO - t=080: B=-3366.26, Cut=-16, Best=1022
2026-01-14 18:46:08,451 - DSN - INFO - t=120: B=-3280.72, Cut=-62, Best=1028
2026-01-14 18:46:10,954 - DSN - INFO - t=160: B=-3227.63, Cut=-40, Best=1030
2026-01-14 18:46:13,527 - DSN - INFO - t=200: B=-3188.44, Cut=1018, Best=1030 [LS]
2026-01-14 18:46:16,084 - DSN - INFO - t=240: B=-3169.20, Cut=-76, Best=1030
2026-01-14 18:46:18,650 - DSN - INFO - t=280: B=-3159.80, Cut=-8, Best=1032
2026-01-14 18:46:21,222 - DSN - INFO - t=320: B=-3148.88, Cut=-58, Best=1032
2026-01-14 18:46:23,782 - DSN - INFO - t=360: B=-3140.70, Cut=-68, Best=1038
2026-01-14 18:46:26,347 - DSN - INFO - t=400: B=-3134.45, Cut=1036, Best=1038 [LS]
2026-01-14 18:46:28,895 - DSN - INFO - t=440: B=-3132.26, Cut=-34, Best=1038
2026-01-14 18:46:31,462 - DSN - INFO - t=480: B=-3129.95, Cut=0, Best=1038
2026-01-14 18:46:32,693 - DSN - INFO - DSN GPU done in 31.21s | Cut=1038
2026-01-14 18:46:32,696 - DSN - INFO - Results saved to: results/Gset/DSN_thorough/G33.csv
2026-01-14 18:46:32,696 - DSN - INFO - Cut: 1038 | Bound: -3129.60 | Time: 31.21s
2026-01-14 18:46:32,696 - DSN - INFO - Initialized DSN_thorough | preset=thorough | GPU=True
2026-01-14 18:46:32,696 - DSN - INFO - Params: η=0.003, T=500, init=degree, LS=True
2026-01-14 18:46:32,696 - DSN - INFO - Using GPU solver (CuPy)
2026-01-14 18:46:32,697 - DSN - INFO - DSN GPU Solver: n=2000, edges=4000
2026-01-14 18:46:32,697 - DSN - INFO - DSN GPU: T=500, η=0.003, LS=True
2026-01-14 18:46:32,780 - DSN - INFO - t=000: B=-3487.00, Cut=1026, Best=1026 [LS]
2026-01-14 18:46:34,983 - DSN - INFO - t=040: B=-3501.78, Cut=-26, Best=1026
2026-01-14 18:46:37,181 - DSN - INFO - t=080: B=-3378.06, Cut=-24, Best=1026
2026-01-14 18:46:39,590 - DSN - INFO - t=120: B=-3293.03, Cut=-32, Best=1030
2026-01-14 18:46:42,064 - DSN - INFO - t=160: B=-3226.52, Cut=-52, Best=1040
2026-01-14 18:46:44,627 - DSN - INFO - t=200: B=-3192.55, Cut=1022, Best=1040 [LS]
2026-01-14 18:46:47,165 - DSN - INFO - t=240: B=-3168.84, Cut=-40, Best=1040
2026-01-14 18:46:49,740 - DSN - INFO - t=280: B=-3158.89, Cut=-42, Best=1040
2026-01-14 18:46:52,309 - DSN - INFO - t=320: B=-3150.77, Cut=-42, Best=1040
2026-01-14 18:46:54,882 - DSN - INFO - t=360: B=-3146.18, Cut=-60, Best=1040
2026-01-14 18:46:57,450 - DSN - INFO - t=400: B=-3141.05, Cut=1030, Best=1040 [LS]
2026-01-14 18:47:00,005 - DSN - INFO - t=440: B=-3130.59, Cut=-12, Best=1040
2026-01-14 18:47:02,576 - DSN - INFO - t=480: B=-3129.03, Cut=-32, Best=1040
2026-01-14 18:47:03,811 - DSN - INFO - DSN GPU done in 31.11s | Cut=1046
2026-01-14 18:47:03,815 - DSN - INFO - Results saved to: results/Gset/DSN_thorough/G33.csv
2026-01-14 18:47:03,815 - DSN - INFO - Cut: 1046 | Bound: -3128.42 | Time: 31.12s
2026-01-14 18:47:03,815 - DSN - INFO - Initialized DSN_thorough | preset=thorough | GPU=True
2026-01-14 18:47:03,815 - DSN - INFO - Params: η=0.003, T=500, init=degree, LS=True
2026-01-14 18:47:03,815 - DSN - INFO - Using GPU solver (CuPy)
2026-01-14 18:47:03,816 - DSN - INFO - DSN GPU Solver: n=2000, edges=4000
2026-01-14 18:47:03,816 - DSN - INFO - DSN GPU: T=500, η=0.003, LS=True
2026-01-14 18:47:03,900 - DSN - INFO - t=000: B=-3486.94, Cut=1024, Best=1024 [LS]
2026-01-14 18:47:06,028 - DSN - INFO - t=040: B=-3502.15, Cut=-26, Best=1024
2026-01-14 18:47:08,271 - DSN - INFO - t=080: B=-3369.28, Cut=-20, Best=1026
2026-01-14 18:47:10,662 - DSN - INFO - t=120: B=-3268.48, Cut=-76, Best=1026
2026-01-14 18:47:13,221 - DSN - INFO - t=160: B=-3222.34, Cut=-52, Best=1030
2026-01-14 18:47:15,769 - DSN - INFO - t=200: B=-3184.24, Cut=1022, Best=1030 [LS]
2026-01-14 18:47:18,337 - DSN - INFO - t=240: B=-3173.96, Cut=-56, Best=1030
2026-01-14 18:47:20,914 - DSN - INFO - t=280: B=-3154.18, Cut=-36, Best=1030
2026-01-14 18:47:23,485 - DSN - INFO - t=320: B=-3145.76, Cut=-62, Best=1030
2026-01-14 18:47:26,054 - DSN - INFO - t=360: B=-3140.74, Cut=-54, Best=1042
2026-01-14 18:47:28,633 - DSN - INFO - t=400: B=-3138.14, Cut=1030, Best=1042 [LS]
2026-01-14 18:47:31,182 - DSN - INFO - t=440: B=-3135.86, Cut=0, Best=1042
2026-01-14 18:47:33,753 - DSN - INFO - t=480: B=-3134.12, Cut=-12, Best=1042
2026-01-14 18:47:34,992 - DSN - INFO - DSN GPU done in 31.18s | Cut=1042
2026-01-14 18:47:34,997 - DSN - INFO - Results saved to: results/Gset/DSN_thorough/G33.csv
2026-01-14 18:47:34,997 - DSN - INFO - Cut: 1042 | Bound: -3133.84 | Time: 31.18s
2026-01-14 18:47:34,997 - DSN - INFO - Initialized DSN_thorough | preset=thorough | GPU=True
2026-01-14 18:47:34,997 - DSN - INFO - Params: η=0.003, T=500, init=degree, LS=True
2026-01-14 18:47:34,997 - DSN - INFO - Using GPU solver (CuPy)
2026-01-14 18:47:34,998 - DSN - INFO - DSN GPU Solver: n=2000, edges=4000
2026-01-14 18:47:34,998 - DSN - INFO - DSN GPU: T=500, η=0.003, LS=True
2026-01-14 18:47:35,082 - DSN - INFO - t=000: B=-3486.96, Cut=1026, Best=1026 [LS]
2026-01-14 18:47:37,184 - DSN - INFO - t=040: B=-3502.08, Cut=-20, Best=1026
2026-01-14 18:47:39,345 - DSN - INFO - t=080: B=-3375.00, Cut=-26, Best=1026
2026-01-14 18:47:41,696 - DSN - INFO - t=120: B=-3288.88, Cut=-34, Best=1026
2026-01-14 18:47:44,180 - DSN - INFO - t=160: B=-3218.14, Cut=-54, Best=1038
2026-01-14 18:47:46,752 - DSN - INFO - t=200: B=-3189.34, Cut=1016, Best=1038 [LS]
2026-01-14 18:47:49,303 - DSN - INFO - t=240: B=-3172.48, Cut=-90, Best=1038
2026-01-14 18:47:51,876 - DSN - INFO - t=280: B=-3160.59, Cut=-28, Best=1038
2026-01-14 18:47:54,442 - DSN - INFO - t=320: B=-3152.67, Cut=-62, Best=1038
2026-01-14 18:47:57,009 - DSN - INFO - t=360: B=-3145.09, Cut=-56, Best=1038
2026-01-14 18:47:59,578 - DSN - INFO - t=400: B=-3141.41, Cut=1034, Best=1038 [LS]
2026-01-14 18:48:02,122 - DSN - INFO - t=440: B=-3133.55, Cut=-50, Best=1038
2026-01-14 18:48:04,693 - DSN - INFO - t=480: B=-3129.55, Cut=-36, Best=1038
2026-01-14 18:48:05,924 - DSN - INFO - DSN GPU done in 30.93s | Cut=1038
2026-01-14 18:48:05,927 - DSN - INFO - Results saved to: results/Gset/DSN_thorough/G33.csv
2026-01-14 18:48:05,928 - DSN - INFO - Cut: 1038 | Bound: -3128.05 | Time: 30.93s
2026-01-14 18:48:05,928 - DSN - INFO - Initialized DSN_thorough | preset=thorough | GPU=True
2026-01-14 18:48:05,928 - DSN - INFO - Params: η=0.003, T=500, init=degree, LS=True
2026-01-14 18:48:05,928 - DSN - INFO - Using GPU solver (CuPy)
2026-01-14 18:48:05,929 - DSN - INFO - DSN GPU Solver: n=2000, edges=4000
2026-01-14 18:48:05,929 - DSN - INFO - DSN GPU: T=500, η=0.003, LS=True
2026-01-14 18:48:06,013 - DSN - INFO - t=000: B=-3486.98, Cut=1022, Best=1022 [LS]
2026-01-14 18:48:08,163 - DSN - INFO - t=040: B=-3502.31, Cut=-24, Best=1022
2026-01-14 18:48:10,318 - DSN - INFO - t=080: B=-3379.38, Cut=-16, Best=1026
2026-01-14 18:48:12,790 - DSN - INFO - t=120: B=-3304.09, Cut=-16, Best=1026
2026-01-14 18:48:15,296 - DSN - INFO - t=160: B=-3228.51, Cut=-22, Best=1026
2026-01-14 18:48:17,839 - DSN - INFO - t=200: B=-3192.57, Cut=1020, Best=1026 [LS]
2026-01-14 18:48:20,398 - DSN - INFO - t=240: B=-3171.11, Cut=-40, Best=1026
2026-01-14 18:48:22,971 - DSN - INFO - t=280: B=-3163.15, Cut=-42, Best=1032
2026-01-14 18:48:25,543 - DSN - INFO - t=320: B=-3156.01, Cut=-52, Best=1036
2026-01-14 18:48:28,109 - DSN - INFO - t=360: B=-3143.67, Cut=-98, Best=1036
2026-01-14 18:48:30,677 - DSN - INFO - t=400: B=-3134.84, Cut=1016, Best=1036 [LS]
2026-01-14 18:48:33,228 - DSN - INFO - t=440: B=-3132.99, Cut=-32, Best=1036
2026-01-14 18:48:35,799 - DSN - INFO - t=480: B=-3130.52, Cut=-38, Best=1036
2026-01-14 18:48:37,034 - DSN - INFO - DSN GPU done in 31.11s | Cut=1036
2026-01-14 18:48:37,038 - DSN - INFO - Results saved to: results/Gset/DSN_thorough/G33.csv
2026-01-14 18:48:37,038 - DSN - INFO - Cut: 1036 | Bound: -3129.91 | Time: 31.11s
2026-01-14 18:48:37,038 - DSN - INFO - Initialized DSN_thorough | preset=thorough | GPU=True
2026-01-14 18:48:37,038 - DSN - INFO - Params: η=0.003, T=500, init=degree, LS=True
2026-01-14 18:48:37,038 - DSN - INFO - Using GPU solver (CuPy)
2026-01-14 18:48:37,039 - DSN - INFO - DSN GPU Solver: n=2000, edges=4000
2026-01-14 18:48:37,040 - DSN - INFO - DSN GPU: T=500, η=0.003, LS=True
2026-01-14 18:48:37,123 - DSN - INFO - t=000: B=-3486.98, Cut=1026, Best=1026 [LS]
2026-01-14 18:48:39,292 - DSN - INFO - t=040: B=-3501.87, Cut=-24, Best=1026
2026-01-14 18:48:41,504 - DSN - INFO - t=080: B=-3363.03, Cut=-20, Best=1026
2026-01-14 18:48:43,917 - DSN - INFO - t=120: B=-3291.31, Cut=-26, Best=1026
2026-01-14 18:48:46,446 - DSN - INFO - t=160: B=-3234.71, Cut=-12, Best=1026
2026-01-14 18:48:48,974 - DSN - INFO - t=200: B=-3187.86, Cut=1012, Best=1026 [LS]
2026-01-14 18:48:51,529 - DSN - INFO - t=240: B=-3173.84, Cut=-52, Best=1026
2026-01-14 18:48:54,099 - DSN - INFO - t=280: B=-3162.71, Cut=-68, Best=1026
2026-01-14 18:48:56,670 - DSN - INFO - t=320: B=-3144.66, Cut=-34, Best=1028
2026-01-14 18:48:59,250 - DSN - INFO - t=360: B=-3139.42, Cut=-2, Best=1040
2026-01-14 18:49:01,827 - DSN - INFO - t=400: B=-3138.49, Cut=1044, Best=1044 [LS]
2026-01-14 18:49:04,378 - DSN - INFO - t=440: B=-3135.48, Cut=-32, Best=1044
2026-01-14 18:49:06,955 - DSN - INFO - t=480: B=-3133.23, Cut=-16, Best=1044
2026-01-14 18:49:08,198 - DSN - INFO - DSN GPU done in 31.16s | Cut=1044
2026-01-14 18:49:08,202 - DSN - INFO - Results saved to: results/Gset/DSN_thorough/G33.csv
2026-01-14 18:49:08,202 - DSN - INFO - Cut: 1044 | Bound: -3132.05 | Time: 31.16s
2026-01-14 18:49:08,202 - DSN - INFO - Initialized DSN_thorough | preset=thorough | GPU=True
2026-01-14 18:49:08,202 - DSN - INFO - Params: η=0.003, T=500, init=degree, LS=True
2026-01-14 18:49:08,202 - DSN - INFO - Using GPU solver (CuPy)
2026-01-14 18:49:08,203 - DSN - INFO - DSN GPU Solver: n=2000, edges=4000
2026-01-14 18:49:08,203 - DSN - INFO - DSN GPU: T=500, η=0.003, LS=True
2026-01-14 18:49:08,286 - DSN - INFO - t=000: B=-3487.01, Cut=1026, Best=1026 [LS]
2026-01-14 18:49:10,369 - DSN - INFO - t=040: B=-3491.13, Cut=-20, Best=1026
2026-01-14 18:49:12,536 - DSN - INFO - t=080: B=-3387.24, Cut=-24, Best=1026
2026-01-14 18:49:14,882 - DSN - INFO - t=120: B=-3285.22, Cut=-72, Best=1026
2026-01-14 18:49:17,413 - DSN - INFO - t=160: B=-3231.84, Cut=-38, Best=1026
2026-01-14 18:49:19,958 - DSN - INFO - t=200: B=-3188.93, Cut=1028, Best=1028 [LS]
2026-01-14 18:49:22,516 - DSN - INFO - t=240: B=-3172.12, Cut=-32, Best=1028
2026-01-14 18:49:25,086 - DSN - INFO - t=280: B=-3157.86, Cut=-56, Best=1028
2026-01-14 18:49:27,661 - DSN - INFO - t=320: B=-3151.12, Cut=-44, Best=1040
2026-01-14 18:49:30,234 - DSN - INFO - t=360: B=-3143.09, Cut=-42, Best=1040
2026-01-14 18:49:32,805 - DSN - INFO - t=400: B=-3134.23, Cut=1018, Best=1040 [LS]
2026-01-14 18:49:35,359 - DSN - INFO - t=440: B=-3131.05, Cut=-44, Best=1040
2026-01-14 18:49:37,923 - DSN - INFO - t=480: B=-3129.88, Cut=-46, Best=1040
2026-01-14 18:49:39,156 - DSN - INFO - DSN GPU done in 30.95s | Cut=1040
2026-01-14 18:49:39,160 - DSN - INFO - Results saved to: results/Gset/DSN_thorough/G33.csv
2026-01-14 18:49:39,160 - DSN - INFO - Cut: 1040 | Bound: -3128.69 | Time: 30.95s
2026-01-14 18:49:39,160 - DSN - INFO - Initialized DSN_thorough | preset=thorough | GPU=True
2026-01-14 18:49:39,160 - DSN - INFO - Params: η=0.003, T=500, init=degree, LS=True
2026-01-14 18:49:39,160 - DSN - INFO - Using GPU solver (CuPy)
2026-01-14 18:49:39,161 - DSN - INFO - DSN GPU Solver: n=2000, edges=4000
2026-01-14 18:49:39,161 - DSN - INFO - DSN GPU: T=500, η=0.003, LS=True
2026-01-14 18:49:39,245 - DSN - INFO - t=000: B=-3487.00, Cut=1024, Best=1024 [LS]
2026-01-14 18:49:41,291 - DSN - INFO - t=040: B=-3502.39, Cut=-26, Best=1024
2026-01-14 18:49:43,447 - DSN - INFO - t=080: B=-3374.28, Cut=-14, Best=1026
2026-01-14 18:49:45,798 - DSN - INFO - t=120: B=-3293.03, Cut=-58, Best=1026
2026-01-14 18:49:48,303 - DSN - INFO - t=160: B=-3223.31, Cut=-44, Best=1026
2026-01-14 18:49:50,868 - DSN - INFO - t=200: B=-3196.20, Cut=1032, Best=1032 [LS]
2026-01-14 18:49:53,412 - DSN - INFO - t=240: B=-3170.99, Cut=-36, Best=1032
2026-01-14 18:49:55,974 - DSN - INFO - t=280: B=-3160.55, Cut=-70, Best=1034
2026-01-14 18:49:58,540 - DSN - INFO - t=320: B=-3151.32, Cut=-60, Best=1034
2026-01-14 18:50:01,110 - DSN - INFO - t=360: B=-3140.70, Cut=-18, Best=1034
2026-01-14 18:50:03,672 - DSN - INFO - t=400: B=-3133.85, Cut=1028, Best=1034 [LS]
2026-01-14 18:50:06,218 - DSN - INFO - t=440: B=-3131.11, Cut=-52, Best=1034
2026-01-14 18:50:08,789 - DSN - INFO - t=480: B=-3130.80, Cut=-22, Best=1034
2026-01-14 18:50:10,021 - DSN - INFO - DSN GPU done in 30.86s | Cut=1034
2026-01-14 18:50:10,025 - DSN - INFO - Results saved to: results/Gset/DSN_thorough/G33.csv
2026-01-14 18:50:10,025 - DSN - INFO - Cut: 1034 | Bound: -3128.90 | Time: 30.86s
2026-01-14 18:50:10,025 - DSN - INFO - Initialized DSN_thorough | preset=thorough | GPU=True
2026-01-14 18:50:10,025 - DSN - INFO - Params: η=0.003, T=500, init=degree, LS=True
2026-01-14 18:50:10,025 - DSN - INFO - Using GPU solver (CuPy)
2026-01-14 18:50:10,026 - DSN - INFO - DSN GPU Solver: n=2000, edges=4000
2026-01-14 18:50:10,026 - DSN - INFO - DSN GPU: T=500, η=0.003, LS=True
2026-01-14 18:50:10,110 - DSN - INFO - t=000: B=-3486.98, Cut=1026, Best=1026 [LS]
2026-01-14 18:50:12,261 - DSN - INFO - t=040: B=-3492.16, Cut=-48, Best=1026
2026-01-14 18:50:14,492 - DSN - INFO - t=080: B=-3376.58, Cut=-26, Best=1026
2026-01-14 18:50:16,923 - DSN - INFO - t=120: B=-3281.45, Cut=-28, Best=1026
2026-01-14 18:50:19,356 - DSN - INFO - t=160: B=-3233.48, Cut=-40, Best=1026
2026-01-14 18:50:21,915 - DSN - INFO - t=200: B=-3193.59, Cut=1038, Best=1038 [LS]
2026-01-14 18:50:24,452 - DSN - INFO - t=240: B=-3174.98, Cut=-40, Best=1038
2026-01-14 18:50:27,024 - DSN - INFO - t=280: B=-3158.17, Cut=-42, Best=1038
2026-01-14 18:50:29,599 - DSN - INFO - t=320: B=-3153.37, Cut=-48, Best=1038
2026-01-14 18:50:32,168 - DSN - INFO - t=360: B=-3148.40, Cut=-40, Best=1038
2026-01-14 18:50:34,732 - DSN - INFO - t=400: B=-3139.72, Cut=1026, Best=1038 [LS]
2026-01-14 18:50:37,287 - DSN - INFO - t=440: B=-3133.13, Cut=-28, Best=1038
2026-01-14 18:50:39,857 - DSN - INFO - t=480: B=-3130.30, Cut=-30, Best=1038
2026-01-14 18:50:41,083 - DSN - INFO - DSN GPU done in 31.06s | Cut=1038
2026-01-14 18:50:41,087 - DSN - INFO - Results saved to: results/Gset/DSN_thorough/G33.csv
2026-01-14 18:50:41,087 - DSN - INFO - Cut: 1038 | Bound: -3128.38 | Time: 31.06s
2026-01-14 18:50:41,087 - DSN - INFO - Initialized DSN_thorough | preset=thorough | GPU=True
2026-01-14 18:50:41,087 - DSN - INFO - Params: η=0.003, T=500, init=degree, LS=True
2026-01-14 18:50:41,087 - DSN - INFO - Using GPU solver (CuPy)
2026-01-14 18:50:41,088 - DSN - INFO - DSN GPU Solver: n=2000, edges=4000
2026-01-14 18:50:41,088 - DSN - INFO - DSN GPU: T=500, η=0.003, LS=True
2026-01-14 18:50:41,172 - DSN - INFO - t=000: B=-3486.97, Cut=1024, Best=1024 [LS]
2026-01-14 18:50:43,236 - DSN - INFO - t=040: B=-3501.86, Cut=-26, Best=1024
2026-01-14 18:50:45,481 - DSN - INFO - t=080: B=-3369.29, Cut=-16, Best=1028
2026-01-14 18:50:47,954 - DSN - INFO - t=120: B=-3260.09, Cut=-62, Best=1028
2026-01-14 18:50:50,504 - DSN - INFO - t=160: B=-3209.35, Cut=-56, Best=1032
2026-01-14 18:50:53,066 - DSN - INFO - t=200: B=-3184.17, Cut=1028, Best=1032 [LS]
2026-01-14 18:50:55,610 - DSN - INFO - t=240: B=-3174.85, Cut=-24, Best=1032
2026-01-14 18:50:58,172 - DSN - INFO - t=280: B=-3159.49, Cut=-58, Best=1038
2026-01-14 18:51:00,740 - DSN - INFO - t=320: B=-3144.26, Cut=-14, Best=1038
2026-01-14 18:51:03,306 - DSN - INFO - t=360: B=-3140.92, Cut=-20, Best=1044
2026-01-14 18:51:05,877 - DSN - INFO - t=400: B=-3135.82, Cut=1030, Best=1044 [LS]
2026-01-14 18:51:08,431 - DSN - INFO - t=440: B=-3135.17, Cut=-70, Best=1044
2026-01-14 18:51:10,999 - DSN - INFO - t=480: B=-3133.19, Cut=-38, Best=1044
2026-01-14 18:51:12,230 - DSN - INFO - DSN GPU done in 31.14s | Cut=1044
2026-01-14 18:51:12,234 - DSN - INFO - Results saved to: results/Gset/DSN_thorough/G33.csv
2026-01-14 18:51:12,234 - DSN - INFO - Cut: 1044 | Bound: -3131.67 | Time: 31.14s
2026-01-14 18:51:12,240 - DSN - INFO - Initialized DSN_thorough | preset=thorough | GPU=True
2026-01-14 18:51:12,240 - DSN - INFO - Params: η=0.003, T=500, init=degree, LS=True
2026-01-14 18:51:12,240 - DSN - INFO - Using GPU solver (CuPy)
2026-01-14 18:51:12,242 - DSN - INFO - DSN GPU Solver: n=2000, edges=4000
2026-01-14 18:51:12,242 - DSN - INFO - DSN GPU: T=500, η=0.003, LS=True
2026-01-14 18:51:12,301 - DSN - INFO - t=000: B=-3596.20, Cut=1082, Best=1082 [LS]
2026-01-14 18:51:14,285 - DSN - INFO - t=040: B=-3504.93, Cut=-24, Best=1082
2026-01-14 18:51:16,566 - DSN - INFO - t=080: B=-3431.62, Cut=-40, Best=1090
2026-01-14 18:51:19,051 - DSN - INFO - t=120: B=-3321.05, Cut=-30, Best=1090
2026-01-14 18:51:21,561 - DSN - INFO - t=160: B=-3265.81, Cut=-20, Best=1090
2026-01-14 18:51:24,125 - DSN - INFO - t=200: B=-3222.21, Cut=1074, Best=1090 [LS]
2026-01-14 18:51:26,672 - DSN - INFO - t=240: B=-3191.60, Cut=-62, Best=1090
2026-01-14 18:51:29,243 - DSN - INFO - t=280: B=-3179.58, Cut=-22, Best=1090
2026-01-14 18:51:31,815 - DSN - INFO - t=320: B=-3171.45, Cut=-36, Best=1090
2026-01-14 18:51:34,387 - DSN - INFO - t=360: B=-3165.15, Cut=-50, Best=1090
2026-01-14 18:51:36,961 - DSN - INFO - t=400: B=-3157.29, Cut=1076, Best=1090 [LS]
2026-01-14 18:51:39,516 - DSN - INFO - t=440: B=-3155.37, Cut=-30, Best=1090
2026-01-14 18:51:42,088 - DSN - INFO - t=480: B=-3152.59, Cut=-16, Best=1090
2026-01-14 18:51:43,330 - DSN - INFO - DSN GPU done in 31.09s | Cut=1090
2026-01-14 18:51:43,333 - DSN - INFO - Results saved to: results/Gset/DSN_thorough/G34.csv
2026-01-14 18:51:43,333 - DSN - INFO - Cut: 1090 | Bound: -3151.35 | Time: 31.09s
2026-01-14 18:51:43,333 - DSN - INFO - Initialized DSN_thorough | preset=thorough | GPU=True
2026-01-14 18:51:43,333 - DSN - INFO - Params: η=0.003, T=500, init=degree, LS=True
2026-01-14 18:51:43,333 - DSN - INFO - Using GPU solver (CuPy)
2026-01-14 18:51:43,335 - DSN - INFO - DSN GPU Solver: n=2000, edges=4000
2026-01-14 18:51:43,335 - DSN - INFO - DSN GPU: T=500, η=0.003, LS=True
2026-01-14 18:51:43,396 - DSN - INFO - t=000: B=-3596.20, Cut=1086, Best=1086 [LS]
2026-01-14 18:51:45,458 - DSN - INFO - t=040: B=-3505.70, Cut=-24, Best=1086
2026-01-14 18:51:47,771 - DSN - INFO - t=080: B=-3421.66, Cut=-22, Best=1088
2026-01-14 18:51:50,160 - DSN - INFO - t=120: B=-3329.90, Cut=-52, Best=1092
2026-01-14 18:51:52,721 - DSN - INFO - t=160: B=-3261.03, Cut=-44, Best=1092
2026-01-14 18:51:55,295 - DSN - INFO - t=200: B=-3219.23, Cut=1086, Best=1092 [LS]
2026-01-14 18:51:57,849 - DSN - INFO - t=240: B=-3192.24, Cut=-40, Best=1092
2026-01-14 18:52:00,424 - DSN - INFO - t=280: B=-3182.15, Cut=-20, Best=1096
2026-01-14 18:52:02,996 - DSN - INFO - t=320: B=-3173.04, Cut=-48, Best=1096
2026-01-14 18:52:05,566 - DSN - INFO - t=360: B=-3161.37, Cut=-34, Best=1096
2026-01-14 18:52:08,136 - DSN - INFO - t=400: B=-3156.38, Cut=1084, Best=1096 [LS]
2026-01-14 18:52:10,681 - DSN - INFO - t=440: B=-3154.99, Cut=-60, Best=1096
2026-01-14 18:52:13,252 - DSN - INFO - t=480: B=-3153.76, Cut=-6, Best=1096
2026-01-14 18:52:14,488 - DSN - INFO - DSN GPU done in 31.15s | Cut=1104
2026-01-14 18:52:14,492 - DSN - INFO - Results saved to: results/Gset/DSN_thorough/G34.csv
2026-01-14 18:52:14,492 - DSN - INFO - Cut: 1104 | Bound: -3152.87 | Time: 31.16s
2026-01-14 18:52:14,492 - DSN - INFO - Initialized DSN_thorough | preset=thorough | GPU=True
2026-01-14 18:52:14,492 - DSN - INFO - Params: η=0.003, T=500, init=degree, LS=True
2026-01-14 18:52:14,492 - DSN - INFO - Using GPU solver (CuPy)
2026-01-14 18:52:14,493 - DSN - INFO - DSN GPU Solver: n=2000, edges=4000
2026-01-14 18:52:14,493 - DSN - INFO - DSN GPU: T=500, η=0.003, LS=True
2026-01-14 18:52:14,554 - DSN - INFO - t=000: B=-3596.20, Cut=1086, Best=1086 [LS]
2026-01-14 18:52:16,586 - DSN - INFO - t=040: B=-3505.77, Cut=-26, Best=1086
2026-01-14 18:52:18,907 - DSN - INFO - t=080: B=-3426.31, Cut=-34, Best=1086
2026-01-14 18:52:21,321 - DSN - INFO - t=120: B=-3314.60, Cut=-60, Best=1086
2026-01-14 18:52:23,855 - DSN - INFO - t=160: B=-3252.74, Cut=-42, Best=1086
2026-01-14 18:52:26,382 - DSN - INFO - t=200: B=-3211.75, Cut=1078, Best=1086 [LS]
2026-01-14 18:52:28,939 - DSN - INFO - t=240: B=-3193.12, Cut=-46, Best=1086
2026-01-14 18:52:31,518 - DSN - INFO - t=280: B=-3175.62, Cut=-56, Best=1086
2026-01-14 18:52:34,092 - DSN - INFO - t=320: B=-3168.90, Cut=-14, Best=1086
2026-01-14 18:52:36,664 - DSN - INFO - t=360: B=-3163.38, Cut=-46, Best=1098
2026-01-14 18:52:39,230 - DSN - INFO - t=400: B=-3155.70, Cut=1086, Best=1098 [LS]
2026-01-14 18:52:41,784 - DSN - INFO - t=440: B=-3153.88, Cut=-14, Best=1098
2026-01-14 18:52:44,353 - DSN - INFO - t=480: B=-3151.51, Cut=-8, Best=1098
2026-01-14 18:52:45,593 - DSN - INFO - DSN GPU done in 31.10s | Cut=1098
2026-01-14 18:52:45,597 - DSN - INFO - Results saved to: results/Gset/DSN_thorough/G34.csv
2026-01-14 18:52:45,597 - DSN - INFO - Cut: 1098 | Bound: -3150.52 | Time: 31.10s
2026-01-14 18:52:45,597 - DSN - INFO - Initialized DSN_thorough | preset=thorough | GPU=True
2026-01-14 18:52:45,597 - DSN - INFO - Params: η=0.003, T=500, init=degree, LS=True
2026-01-14 18:52:45,597 - DSN - INFO - Using GPU solver (CuPy)
2026-01-14 18:52:45,599 - DSN - INFO - DSN GPU Solver: n=2000, edges=4000
2026-01-14 18:52:45,599 - DSN - INFO - DSN GPU: T=500, η=0.003, LS=True
2026-01-14 18:52:45,659 - DSN - INFO - t=000: B=-3596.20, Cut=1084, Best=1084 [LS]
2026-01-14 18:52:47,648 - DSN - INFO - t=040: B=-3505.50, Cut=-26, Best=1084
2026-01-14 18:52:49,999 - DSN - INFO - t=080: B=-3431.27, Cut=-20, Best=1084
2026-01-14 18:52:52,415 - DSN - INFO - t=120: B=-3315.54, Cut=-52, Best=1084
2026-01-14 18:52:54,952 - DSN - INFO - t=160: B=-3250.31, Cut=-66, Best=1084
2026-01-14 18:52:57,526 - DSN - INFO - t=200: B=-3220.24, Cut=1086, Best=1086 [LS]
2026-01-14 18:53:00,079 - DSN - INFO - t=240: B=-3190.25, Cut=-92, Best=1086
2026-01-14 18:53:02,652 - DSN - INFO - t=280: B=-3177.15, Cut=-38, Best=1086
2026-01-14 18:53:05,215 - DSN - INFO - t=320: B=-3167.84, Cut=-98, Best=1086
2026-01-14 18:53:07,798 - DSN - INFO - t=360: B=-3159.82, Cut=-58, Best=1086
2026-01-14 18:53:10,370 - DSN - INFO - t=400: B=-3157.19, Cut=1090, Best=1090 [LS]
2026-01-14 18:53:12,925 - DSN - INFO - t=440: B=-3154.89, Cut=-18, Best=1090
2026-01-14 18:53:15,499 - DSN - INFO - t=480: B=-3154.13, Cut=-24, Best=1090
2026-01-14 18:53:16,737 - DSN - INFO - DSN GPU done in 31.14s | Cut=1090
2026-01-14 18:53:16,742 - DSN - INFO - Results saved to: results/Gset/DSN_thorough/G34.csv
2026-01-14 18:53:16,742 - DSN - INFO - Cut: 1090 | Bound: -3152.88 | Time: 31.14s
2026-01-14 18:53:16,742 - DSN - INFO - Initialized DSN_thorough | preset=thorough | GPU=True
2026-01-14 18:53:16,742 - DSN - INFO - Params: η=0.003, T=500, init=degree, LS=True
2026-01-14 18:53:16,742 - DSN - INFO - Using GPU solver (CuPy)
2026-01-14 18:53:16,743 - DSN - INFO - DSN GPU Solver: n=2000, edges=4000
2026-01-14 18:53:16,743 - DSN - INFO - DSN GPU: T=500, η=0.003, LS=True
2026-01-14 18:53:16,796 - DSN - INFO - t=000: B=-3596.20, Cut=1084, Best=1084 [LS]
2026-01-14 18:53:18,807 - DSN - INFO - t=040: B=-3505.89, Cut=-24, Best=1084
2026-01-14 18:53:21,134 - DSN - INFO - t=080: B=-3426.98, Cut=-16, Best=1084
2026-01-14 18:53:23,605 - DSN - INFO - t=120: B=-3314.29, Cut=-16, Best=1084
2026-01-14 18:53:26,133 - DSN - INFO - t=160: B=-3255.50, Cut=-42, Best=1090
2026-01-14 18:53:28,705 - DSN - INFO - t=200: B=-3219.05, Cut=1094, Best=1094 [LS]
2026-01-14 18:53:31,245 - DSN - INFO - t=240: B=-3199.86, Cut=-22, Best=1094
2026-01-14 18:53:33,815 - DSN - INFO - t=280: B=-3181.49, Cut=-56, Best=1094
2026-01-14 18:53:36,384 - DSN - INFO - t=320: B=-3174.26, Cut=-74, Best=1094
2026-01-14 18:53:38,959 - DSN - INFO - t=360: B=-3167.59, Cut=-60, Best=1094
2026-01-14 18:53:41,533 - DSN - INFO - t=400: B=-3160.06, Cut=1084, Best=1094 [LS]
2026-01-14 18:53:44,088 - DSN - INFO - t=440: B=-3158.68, Cut=-44, Best=1094
2026-01-14 18:53:46,657 - DSN - INFO - t=480: B=-3157.06, Cut=-62, Best=1094
2026-01-14 18:53:47,891 - DSN - INFO - DSN GPU done in 31.15s | Cut=1094
2026-01-14 18:53:47,895 - DSN - INFO - Results saved to: results/Gset/DSN_thorough/G34.csv
2026-01-14 18:53:47,895 - DSN - INFO - Cut: 1094 | Bound: -3150.50 | Time: 31.15s
2026-01-14 18:53:47,895 - DSN - INFO - Initialized DSN_thorough | preset=thorough | GPU=True
2026-01-14 18:53:47,895 - DSN - INFO - Params: η=0.003, T=500, init=degree, LS=True
2026-01-14 18:53:47,895 - DSN - INFO - Using GPU solver (CuPy)
2026-01-14 18:53:47,896 - DSN - INFO - DSN GPU Solver: n=2000, edges=4000
2026-01-14 18:53:47,896 - DSN - INFO - DSN GPU: T=500, η=0.003, LS=True
2026-01-14 18:53:47,957 - DSN - INFO - t=000: B=-3596.20, Cut=1084, Best=1084 [LS]
2026-01-14 18:53:49,969 - DSN - INFO - t=040: B=-3505.34, Cut=-24, Best=1084
2026-01-14 18:53:52,307 - DSN - INFO - t=080: B=-3436.05, Cut=-24, Best=1088
2026-01-14 18:53:54,705 - DSN - INFO - t=120: B=-3314.93, Cut=-18, Best=1092
2026-01-14 18:53:57,275 - DSN - INFO - t=160: B=-3257.38, Cut=-46, Best=1092
2026-01-14 18:53:59,844 - DSN - INFO - t=200: B=-3219.52, Cut=1090, Best=1092 [LS]
2026-01-14 18:54:02,394 - DSN - INFO - t=240: B=-3200.21, Cut=-58, Best=1092
2026-01-14 18:54:04,959 - DSN - INFO - t=280: B=-3182.19, Cut=-60, Best=1092
2026-01-14 18:54:07,520 - DSN - INFO - t=320: B=-3170.43, Cut=-20, Best=1092
2026-01-14 18:54:10,082 - DSN - INFO - t=360: B=-3164.17, Cut=-32, Best=1092
2026-01-14 18:54:12,653 - DSN - INFO - t=400: B=-3156.77, Cut=1090, Best=1092 [LS]
2026-01-14 18:54:15,208 - DSN - INFO - t=440: B=-3153.30, Cut=-4, Best=1092
2026-01-14 18:54:17,777 - DSN - INFO - t=480: B=-3153.06, Cut=-10, Best=1092
2026-01-14 18:54:19,016 - DSN - INFO - DSN GPU done in 31.12s | Cut=1092
2026-01-14 18:54:19,020 - DSN - INFO - Results saved to: results/Gset/DSN_thorough/G34.csv
2026-01-14 18:54:19,020 - DSN - INFO - Cut: 1092 | Bound: -3151.65 | Time: 31.12s
2026-01-14 18:54:19,020 - DSN - INFO - Initialized DSN_thorough | preset=thorough | GPU=True
2026-01-14 18:54:19,020 - DSN - INFO - Params: η=0.003, T=500, init=degree, LS=True
2026-01-14 18:54:19,020 - DSN - INFO - Using GPU solver (CuPy)
2026-01-14 18:54:19,021 - DSN - INFO - DSN GPU Solver: n=2000, edges=4000
2026-01-14 18:54:19,021 - DSN - INFO - DSN GPU: T=500, η=0.003, LS=True
2026-01-14 18:54:19,081 - DSN - INFO - t=000: B=-3596.20, Cut=1086, Best=1086 [LS]
2026-01-14 18:54:21,101 - DSN - INFO - t=040: B=-3505.68, Cut=-26, Best=1086
2026-01-14 18:54:23,447 - DSN - INFO - t=080: B=-3426.47, Cut=-36, Best=1088
2026-01-14 18:54:25,866 - DSN - INFO - t=120: B=-3323.37, Cut=-28, Best=1088
2026-01-14 18:54:28,395 - DSN - INFO - t=160: B=-3266.33, Cut=-22, Best=1088
2026-01-14 18:54:30,948 - DSN - INFO - t=200: B=-3212.32, Cut=1074, Best=1088 [LS]
2026-01-14 18:54:33,500 - DSN - INFO - t=240: B=-3196.89, Cut=-42, Best=1088
2026-01-14 18:54:36,070 - DSN - INFO - t=280: B=-3180.17, Cut=-50, Best=1088
2026-01-14 18:54:38,637 - DSN - INFO - t=320: B=-3168.97, Cut=-22, Best=1088
2026-01-14 18:54:41,205 - DSN - INFO - t=360: B=-3161.73, Cut=-48, Best=1088
2026-01-14 18:54:43,777 - DSN - INFO - t=400: B=-3156.23, Cut=1080, Best=1088 [LS]
2026-01-14 18:54:46,321 - DSN - INFO - t=440: B=-3154.42, Cut=-36, Best=1088
2026-01-14 18:54:48,897 - DSN - INFO - t=480: B=-3152.16, Cut=-46, Best=1088
2026-01-14 18:54:50,132 - DSN - INFO - DSN GPU done in 31.11s | Cut=1088
2026-01-14 18:54:50,136 - DSN - INFO - Results saved to: results/Gset/DSN_thorough/G34.csv
2026-01-14 18:54:50,136 - DSN - INFO - Cut: 1088 | Bound: -3151.66 | Time: 31.11s
2026-01-14 18:54:50,136 - DSN - INFO - Initialized DSN_thorough | preset=thorough | GPU=True
2026-01-14 18:54:50,136 - DSN - INFO - Params: η=0.003, T=500, init=degree, LS=True
2026-01-14 18:54:50,136 - DSN - INFO - Using GPU solver (CuPy)
2026-01-14 18:54:50,137 - DSN - INFO - DSN GPU Solver: n=2000, edges=4000
2026-01-14 18:54:50,137 - DSN - INFO - DSN GPU: T=500, η=0.003, LS=True
2026-01-14 18:54:50,197 - DSN - INFO - t=000: B=-3596.20, Cut=1086, Best=1086 [LS]
2026-01-14 18:54:52,239 - DSN - INFO - t=040: B=-3505.71, Cut=-28, Best=1086
2026-01-14 18:54:54,568 - DSN - INFO - t=080: B=-3431.79, Cut=-36, Best=1088
2026-01-14 18:54:56,898 - DSN - INFO - t=120: B=-3313.43, Cut=-48, Best=1088
2026-01-14 18:54:59,428 - DSN - INFO - t=160: B=-3252.41, Cut=-22, Best=1088
2026-01-14 18:55:02,010 - DSN - INFO - t=200: B=-3215.69, Cut=1080, Best=1088 [LS]
2026-01-14 18:55:04,561 - DSN - INFO - t=240: B=-3190.20, Cut=-16, Best=1088
2026-01-14 18:55:07,129 - DSN - INFO - t=280: B=-3177.85, Cut=-74, Best=1094
2026-01-14 18:55:09,701 - DSN - INFO - t=320: B=-3171.86, Cut=-64, Best=1094
2026-01-14 18:55:12,265 - DSN - INFO - t=360: B=-3165.58, Cut=-26, Best=1094
2026-01-14 18:55:14,835 - DSN - INFO - t=400: B=-3158.99, Cut=1088, Best=1094 [LS]
2026-01-14 18:55:17,377 - DSN - INFO - t=440: B=-3156.73, Cut=-68, Best=1094
2026-01-14 18:55:19,947 - DSN - INFO - t=480: B=-3151.07, Cut=8, Best=1094
2026-01-14 18:55:21,184 - DSN - INFO - DSN GPU done in 31.05s | Cut=1094
2026-01-14 18:55:21,187 - DSN - INFO - Results saved to: results/Gset/DSN_thorough/G34.csv
2026-01-14 18:55:21,187 - DSN - INFO - Cut: 1094 | Bound: -3150.14 | Time: 31.05s
2026-01-14 18:55:21,187 - DSN - INFO - Initialized DSN_thorough | preset=thorough | GPU=True
2026-01-14 18:55:21,188 - DSN - INFO - Params: η=0.003, T=500, init=degree, LS=True
2026-01-14 18:55:21,188 - DSN - INFO - Using GPU solver (CuPy)
2026-01-14 18:55:21,189 - DSN - INFO - DSN GPU Solver: n=2000, edges=4000
2026-01-14 18:55:21,189 - DSN - INFO - DSN GPU: T=500, η=0.003, LS=True
2026-01-14 18:55:21,249 - DSN - INFO - t=000: B=-3596.20, Cut=1088, Best=1088 [LS]
2026-01-14 18:55:23,231 - DSN - INFO - t=040: B=-3505.21, Cut=-28, Best=1088
2026-01-14 18:55:25,578 - DSN - INFO - t=080: B=-3442.01, Cut=-26, Best=1088
2026-01-14 18:55:27,961 - DSN - INFO - t=120: B=-3328.95, Cut=-20, Best=1088
2026-01-14 18:55:30,434 - DSN - INFO - t=160: B=-3277.65, Cut=-32, Best=1088
2026-01-14 18:55:32,996 - DSN - INFO - t=200: B=-3222.61, Cut=1084, Best=1088 [LS]
2026-01-14 18:55:35,541 - DSN - INFO - t=240: B=-3197.60, Cut=-44, Best=1088
2026-01-14 18:55:38,121 - DSN - INFO - t=280: B=-3180.08, Cut=-64, Best=1088
2026-01-14 18:55:40,689 - DSN - INFO - t=320: B=-3170.10, Cut=-36, Best=1088
2026-01-14 18:55:43,266 - DSN - INFO - t=360: B=-3165.15, Cut=-54, Best=1088
2026-01-14 18:55:45,834 - DSN - INFO - t=400: B=-3161.26, Cut=1078, Best=1088 [LS]
2026-01-14 18:55:48,380 - DSN - INFO - t=440: B=-3155.73, Cut=-42, Best=1088
2026-01-14 18:55:50,946 - DSN - INFO - t=480: B=-3151.28, Cut=-28, Best=1088
2026-01-14 18:55:52,186 - DSN - INFO - DSN GPU done in 31.00s | Cut=1088
2026-01-14 18:55:52,189 - DSN - INFO - Results saved to: results/Gset/DSN_thorough/G34.csv
2026-01-14 18:55:52,189 - DSN - INFO - Cut: 1088 | Bound: -3150.59 | Time: 31.00s
2026-01-14 18:55:52,189 - DSN - INFO - Initialized DSN_thorough | preset=thorough | GPU=True
2026-01-14 18:55:52,189 - DSN - INFO - Params: η=0.003, T=500, init=degree, LS=True
2026-01-14 18:55:52,189 - DSN - INFO - Using GPU solver (CuPy)
2026-01-14 18:55:52,191 - DSN - INFO - DSN GPU Solver: n=2000, edges=4000
2026-01-14 18:55:52,191 - DSN - INFO - DSN GPU: T=500, η=0.003, LS=True
2026-01-14 18:55:52,251 - DSN - INFO - t=000: B=-3596.20, Cut=1088, Best=1088 [LS]
2026-01-14 18:55:54,317 - DSN - INFO - t=040: B=-3505.58, Cut=-26, Best=1088
2026-01-14 18:55:56,623 - DSN - INFO - t=080: B=-3420.63, Cut=-40, Best=1088
2026-01-14 18:55:59,082 - DSN - INFO - t=120: B=-3309.10, Cut=-42, Best=1088
2026-01-14 18:56:01,625 - DSN - INFO - t=160: B=-3255.96, Cut=-26, Best=1088
2026-01-14 18:56:04,165 - DSN - INFO - t=200: B=-3214.65, Cut=1096, Best=1096 [LS]
2026-01-14 18:56:06,713 - DSN - INFO - t=240: B=-3197.77, Cut=-92, Best=1096
2026-01-14 18:56:09,278 - DSN - INFO - t=280: B=-3178.54, Cut=-54, Best=1096
2026-01-14 18:56:11,851 - DSN - INFO - t=320: B=-3172.67, Cut=-4, Best=1096
2026-01-14 18:56:14,417 - DSN - INFO - t=360: B=-3166.00, Cut=-44, Best=1096
2026-01-14 18:56:16,978 - DSN - INFO - t=400: B=-3163.07, Cut=1080, Best=1096 [LS]
2026-01-14 18:56:19,520 - DSN - INFO - t=440: B=-3159.39, Cut=-56, Best=1096
2026-01-14 18:56:22,088 - DSN - INFO - t=480: B=-3150.29, Cut=-4, Best=1096
2026-01-14 18:56:23,324 - DSN - INFO - DSN GPU done in 31.13s | Cut=1096
2026-01-14 18:56:23,328 - DSN - INFO - Results saved to: results/Gset/DSN_thorough/G34.csv
2026-01-14 18:56:23,328 - DSN - INFO - Cut: 1096 | Bound: -3149.71 | Time: 31.14s
2026-01-14 18:56:23,347 - DSN - INFO - Initialized DSN_thorough | preset=thorough | GPU=True
2026-01-14 18:56:23,347 - DSN - INFO - Params: η=0.003, T=500, init=degree, LS=True
2026-01-14 18:56:23,347 - DSN - INFO - Using GPU solver (CuPy)
2026-01-14 18:56:23,349 - DSN - INFO - DSN GPU Solver: n=2000, edges=11778
2026-01-14 18:56:23,349 - DSN - INFO - DSN GPU: T=500, η=0.003, LS=True
2026-01-14 18:56:23,406 - DSN - INFO - t=000: B=-26911.21, Cut=7311, Best=7311 [LS]
2026-01-14 18:56:23,932 - DSN - INFO - t=040: B=-12533.34, Cut=6507, Best=7311
2026-01-14 18:56:24,491 - DSN - INFO - t=080: B=-12075.59, Cut=84, Best=7311
2026-01-14 18:56:25,049 - DSN - INFO - t=120: B=-11939.81, Cut=5882, Best=7322
2026-01-14 18:56:25,603 - DSN - INFO - t=160: B=-11880.60, Cut=5212, Best=7322
2026-01-14 18:56:26,158 - DSN - INFO - t=200: B=-11848.96, Cut=7314, Best=7322 [LS]
2026-01-14 18:56:26,686 - DSN - INFO - t=240: B=-11829.92, Cut=2014, Best=7322
2026-01-14 18:56:27,244 - DSN - INFO - t=280: B=-11817.54, Cut=6548, Best=7322
2026-01-14 18:56:27,800 - DSN - INFO - t=320: B=-11809.02, Cut=6255, Best=7322
2026-01-14 18:56:28,358 - DSN - INFO - t=360: B=-11802.92, Cut=3180, Best=7322
2026-01-14 18:56:28,910 - DSN - INFO - t=400: B=-11798.41, Cut=7296, Best=7322 [LS]
2026-01-14 18:56:29,438 - DSN - INFO - t=440: B=-11794.98, Cut=6255, Best=7322
2026-01-14 18:56:30,018 - DSN - INFO - t=480: B=-11792.33, Cut=6475, Best=7352
2026-01-14 18:56:30,312 - DSN - INFO - DSN GPU done in 6.96s | Cut=7352
2026-01-14 18:56:30,314 - DSN - INFO - Results saved to: results/Gset/DSN_thorough/G35.csv
2026-01-14 18:56:30,314 - DSN - INFO - Cut: 7352 | Bound: -11791.28 | Time: 6.97s
2026-01-14 18:56:30,314 - DSN - INFO - Initialized DSN_thorough | preset=thorough | GPU=True
2026-01-14 18:56:30,314 - DSN - INFO - Params: η=0.003, T=500, init=degree, LS=True
2026-01-14 18:56:30,314 - DSN - INFO - Using GPU solver (CuPy)
2026-01-14 18:56:30,316 - DSN - INFO - DSN GPU Solver: n=2000, edges=11778
2026-01-14 18:56:30,316 - DSN - INFO - DSN GPU: T=500, η=0.003, LS=True
2026-01-14 18:56:30,375 - DSN - INFO - t=000: B=-26911.21, Cut=7323, Best=7323 [LS]
2026-01-14 18:56:30,903 - DSN - INFO - t=040: B=-12533.34, Cut=6519, Best=7323
2026-01-14 18:56:31,467 - DSN - INFO - t=080: B=-12075.59, Cut=6540, Best=7328
2026-01-14 18:56:32,031 - DSN - INFO - t=120: B=-11939.81, Cut=4584, Best=7332
2026-01-14 18:56:32,586 - DSN - INFO - t=160: B=-11880.60, Cut=6564, Best=7332
2026-01-14 18:56:33,144 - DSN - INFO - t=200: B=-11848.96, Cut=7311, Best=7332 [LS]
2026-01-14 18:56:33,673 - DSN - INFO - t=240: B=-11829.92, Cut=6482, Best=7332
2026-01-14 18:56:34,234 - DSN - INFO - t=280: B=-11817.54, Cut=6510, Best=7332
2026-01-14 18:56:34,794 - DSN - INFO - t=320: B=-11809.02, Cut=6558, Best=7334
2026-01-14 18:56:35,356 - DSN - INFO - t=360: B=-11802.92, Cut=6255, Best=7337
2026-01-14 18:56:35,927 - DSN - INFO - t=400: B=-11798.41, Cut=7326, Best=7337 [LS]
2026-01-14 18:56:36,455 - DSN - INFO - t=440: B=-11794.99, Cut=6475, Best=7337
2026-01-14 18:56:37,026 - DSN - INFO - t=480: B=-11792.33, Cut=3024, Best=7337
2026-01-14 18:56:37,328 - DSN - INFO - DSN GPU done in 7.01s | Cut=7337
2026-01-14 18:56:37,331 - DSN - INFO - Results saved to: results/Gset/DSN_thorough/G35.csv
2026-01-14 18:56:37,331 - DSN - INFO - Cut: 7337 | Bound: -11791.28 | Time: 7.01s
2026-01-14 18:56:37,331 - DSN - INFO - Initialized DSN_thorough | preset=thorough | GPU=True
2026-01-14 18:56:37,331 - DSN - INFO - Params: η=0.003, T=500, init=degree, LS=True
2026-01-14 18:56:37,331 - DSN - INFO - Using GPU solver (CuPy)
2026-01-14 18:56:37,333 - DSN - INFO - DSN GPU Solver: n=2000, edges=11778
2026-01-14 18:56:37,333 - DSN - INFO - DSN GPU: T=500, η=0.003, LS=True
2026-01-14 18:56:37,391 - DSN - INFO - t=000: B=-26911.21, Cut=7329, Best=7329 [LS]
2026-01-14 18:56:37,921 - DSN - INFO - t=040: B=-12533.34, Cut=5767, Best=7329
2026-01-14 18:56:38,487 - DSN - INFO - t=080: B=-12075.59, Cut=6210, Best=7334
2026-01-14 18:56:39,048 - DSN - INFO - t=120: B=-11939.81, Cut=6108, Best=7334
2026-01-14 18:56:39,610 - DSN - INFO - t=160: B=-11880.60, Cut=6548, Best=7334
2026-01-14 18:56:40,167 - DSN - INFO - t=200: B=-11848.96, Cut=7317, Best=7334 [LS]
2026-01-14 18:56:40,693 - DSN - INFO - t=240: B=-11829.92, Cut=6313, Best=7334
2026-01-14 18:56:41,258 - DSN - INFO - t=280: B=-11817.54, Cut=5725, Best=7334
2026-01-14 18:56:41,823 - DSN - INFO - t=320: B=-11809.02, Cut=6219, Best=7334
2026-01-14 18:56:42,380 - DSN - INFO - t=360: B=-11802.92, Cut=214, Best=7334
2026-01-14 18:56:42,936 - DSN - INFO - t=400: B=-11798.41, Cut=7315, Best=7334 [LS]
2026-01-14 18:56:43,457 - DSN - INFO - t=440: B=-11794.98, Cut=6566, Best=7334
2026-01-14 18:56:44,054 - DSN - INFO - t=480: B=-11792.33, Cut=6086, Best=7371
2026-01-14 18:56:44,372 - DSN - INFO - DSN GPU done in 7.04s | Cut=7371
2026-01-14 18:56:44,376 - DSN - INFO - Results saved to: results/Gset/DSN_thorough/G35.csv
2026-01-14 18:56:44,376 - DSN - INFO - Cut: 7371 | Bound: -11791.28 | Time: 7.04s
2026-01-14 18:56:44,376 - DSN - INFO - Initialized DSN_thorough | preset=thorough | GPU=True
2026-01-14 18:56:44,376 - DSN - INFO - Params: η=0.003, T=500, init=degree, LS=True
2026-01-14 18:56:44,376 - DSN - INFO - Using GPU solver (CuPy)
2026-01-14 18:56:44,378 - DSN - INFO - DSN GPU Solver: n=2000, edges=11778
2026-01-14 18:56:44,378 - DSN - INFO - DSN GPU: T=500, η=0.003, LS=True
2026-01-14 18:56:44,435 - DSN - INFO - t=000: B=-26911.21, Cut=7315, Best=7315 [LS]
2026-01-14 18:56:44,965 - DSN - INFO - t=040: B=-12533.34, Cut=6425, Best=7315
2026-01-14 18:56:45,528 - DSN - INFO - t=080: B=-12075.59, Cut=6516, Best=7315
2026-01-14 18:56:46,087 - DSN - INFO - t=120: B=-11939.81, Cut=6440, Best=7334
2026-01-14 18:56:46,652 - DSN - INFO - t=160: B=-11880.60, Cut=6252, Best=7334
2026-01-14 18:56:47,208 - DSN - INFO - t=200: B=-11848.96, Cut=7301, Best=7334 [LS]
2026-01-14 18:56:47,736 - DSN - INFO - t=240: B=-11829.92, Cut=1754, Best=7334
2026-01-14 18:56:48,301 - DSN - INFO - t=280: B=-11817.54, Cut=6292, Best=7346
2026-01-14 18:56:48,871 - DSN - INFO - t=320: B=-11809.02, Cut=1962, Best=7347
2026-01-14 18:56:49,427 - DSN - INFO - t=360: B=-11802.92, Cut=0, Best=7347
2026-01-14 18:56:49,981 - DSN - INFO - t=400: B=-11798.41, Cut=7294, Best=7347 [LS]
2026-01-14 18:56:50,509 - DSN - INFO - t=440: B=-11794.99, Cut=6255, Best=7347
2026-01-14 18:56:51,082 - DSN - INFO - t=480: B=-11792.33, Cut=6552, Best=7347
2026-01-14 18:56:51,376 - DSN - INFO - DSN GPU done in 7.00s | Cut=7347
2026-01-14 18:56:51,380 - DSN - INFO - Results saved to: results/Gset/DSN_thorough/G35.csv
2026-01-14 18:56:51,380 - DSN - INFO - Cut: 7347 | Bound: -11791.28 | Time: 7.00s
2026-01-14 18:56:51,380 - DSN - INFO - Initialized DSN_thorough | preset=thorough | GPU=True
2026-01-14 18:56:51,380 - DSN - INFO - Params: η=0.003, T=500, init=degree, LS=True
2026-01-14 18:56:51,380 - DSN - INFO - Using GPU solver (CuPy)
2026-01-14 18:56:51,382 - DSN - INFO - DSN GPU Solver: n=2000, edges=11778
2026-01-14 18:56:51,382 - DSN - INFO - DSN GPU: T=500, η=0.003, LS=True
2026-01-14 18:56:51,440 - DSN - INFO - t=000: B=-26911.21, Cut=7332, Best=7332 [LS]
2026-01-14 18:56:51,969 - DSN - INFO - t=040: B=-12533.34, Cut=6402, Best=7332
2026-01-14 18:56:52,533 - DSN - INFO - t=080: B=-12075.59, Cut=6400, Best=7332
2026-01-14 18:56:53,094 - DSN - INFO - t=120: B=-11939.81, Cut=6552, Best=7332
2026-01-14 18:56:53,654 - DSN - INFO - t=160: B=-11880.60, Cut=6219, Best=7332
2026-01-14 18:56:54,213 - DSN - INFO - t=200: B=-11848.96, Cut=7312, Best=7332 [LS]
2026-01-14 18:56:54,744 - DSN - INFO - t=240: B=-11829.92, Cut=5723, Best=7332
2026-01-14 18:56:55,334 - DSN - INFO - t=280: B=-11817.54, Cut=6550, Best=7378
2026-01-14 18:56:55,904 - DSN - INFO - t=320: B=-11809.02, Cut=214, Best=7378
2026-01-14 18:56:56,465 - DSN - INFO - t=360: B=-11802.92, Cut=5429, Best=7378
2026-01-14 18:56:57,025 - DSN - INFO - t=400: B=-11798.41, Cut=7310, Best=7378 [LS]
2026-01-14 18:56:57,553 - DSN - INFO - t=440: B=-11794.99, Cut=6475, Best=7378
2026-01-14 18:56:58,121 - DSN - INFO - t=480: B=-11792.33, Cut=4831, Best=7378
2026-01-14 18:56:58,409 - DSN - INFO - DSN GPU done in 7.03s | Cut=7378
2026-01-14 18:56:58,413 - DSN - INFO - Results saved to: results/Gset/DSN_thorough/G35.csv
2026-01-14 18:56:58,413 - DSN - INFO - Cut: 7378 | Bound: -11791.28 | Time: 7.03s
2026-01-14 18:56:58,413 - DSN - INFO - Initialized DSN_thorough | preset=thorough | GPU=True
2026-01-14 18:56:58,413 - DSN - INFO - Params: η=0.003, T=500, init=degree, LS=True
2026-01-14 18:56:58,413 - DSN - INFO - Using GPU solver (CuPy)
2026-01-14 18:56:58,415 - DSN - INFO - DSN GPU Solver: n=2000, edges=11778
2026-01-14 18:56:58,415 - DSN - INFO - DSN GPU: T=500, η=0.003, LS=True
2026-01-14 18:56:58,473 - DSN - INFO - t=000: B=-26911.21, Cut=7311, Best=7311 [LS]
2026-01-14 18:56:58,998 - DSN - INFO - t=040: B=-12533.34, Cut=5757, Best=7311
2026-01-14 18:56:59,565 - DSN - INFO - t=080: B=-12075.59, Cut=6210, Best=7327
2026-01-14 18:57:00,129 - DSN - INFO - t=120: B=-11939.81, Cut=5975, Best=7340
2026-01-14 18:57:00,689 - DSN - INFO - t=160: B=-11880.60, Cut=3978, Best=7340
2026-01-14 18:57:01,252 - DSN - INFO - t=200: B=-11848.96, Cut=7344, Best=7344 [LS]
2026-01-14 18:57:01,779 - DSN - INFO - t=240: B=-11829.92, Cut=5703, Best=7344
2026-01-14 18:57:02,342 - DSN - INFO - t=280: B=-11817.54, Cut=6226, Best=7344
2026-01-14 18:57:02,896 - DSN - INFO - t=320: B=-11809.02, Cut=6486, Best=7344
2026-01-14 18:57:03,450 - DSN - INFO - t=360: B=-11802.92, Cut=6255, Best=7344
2026-01-14 18:57:04,003 - DSN - INFO - t=400: B=-11798.41, Cut=7294, Best=7344 [LS]
2026-01-14 18:57:04,532 - DSN - INFO - t=440: B=-11794.98, Cut=6566, Best=7344
2026-01-14 18:57:05,109 - DSN - INFO - t=480: B=-11792.33, Cut=5795, Best=7344
2026-01-14 18:57:05,415 - DSN - INFO - DSN GPU done in 7.00s | Cut=7344
2026-01-14 18:57:05,419 - DSN - INFO - Results saved to: results/Gset/DSN_thorough/G35.csv
2026-01-14 18:57:05,419 - DSN - INFO - Cut: 7344 | Bound: -11791.28 | Time: 7.00s
2026-01-14 18:57:05,419 - DSN - INFO - Initialized DSN_thorough | preset=thorough | GPU=True
2026-01-14 18:57:05,419 - DSN - INFO - Params: η=0.003, T=500, init=degree, LS=True
2026-01-14 18:57:05,419 - DSN - INFO - Using GPU solver (CuPy)
2026-01-14 18:57:05,421 - DSN - INFO - DSN GPU Solver: n=2000, edges=11778
2026-01-14 18:57:05,421 - DSN - INFO - DSN GPU: T=500, η=0.003, LS=True
2026-01-14 18:57:05,479 - DSN - INFO - t=000: B=-26911.21, Cut=7326, Best=7326 [LS]
2026-01-14 18:57:06,002 - DSN - INFO - t=040: B=-12533.34, Cut=6251, Best=7326
2026-01-14 18:57:06,567 - DSN - INFO - t=080: B=-12075.59, Cut=6543, Best=7326
2026-01-14 18:57:07,122 - DSN - INFO - t=120: B=-11939.81, Cut=6271, Best=7326
2026-01-14 18:57:07,688 - DSN - INFO - t=160: B=-11880.60, Cut=6507, Best=7335
2026-01-14 18:57:08,248 - DSN - INFO - t=200: B=-11848.96, Cut=7329, Best=7335 [LS]
2026-01-14 18:57:08,774 - DSN - INFO - t=240: B=-11829.92, Cut=0, Best=7335
2026-01-14 18:57:09,339 - DSN - INFO - t=280: B=-11817.54, Cut=6226, Best=7335
2026-01-14 18:57:09,895 - DSN - INFO - t=320: B=-11809.02, Cut=0, Best=7335
2026-01-14 18:57:10,482 - DSN - INFO - t=360: B=-11802.92, Cut=5671, Best=7378
2026-01-14 18:57:11,042 - DSN - INFO - t=400: B=-11798.41, Cut=7332, Best=7378 [LS]
2026-01-14 18:57:11,565 - DSN - INFO - t=440: B=-11794.99, Cut=6551, Best=7378
2026-01-14 18:57:12,139 - DSN - INFO - t=480: B=-11792.33, Cut=5673, Best=7378
2026-01-14 18:57:12,425 - DSN - INFO - DSN GPU done in 7.00s | Cut=7378
2026-01-14 18:57:12,429 - DSN - INFO - Results saved to: results/Gset/DSN_thorough/G35.csv
2026-01-14 18:57:12,429 - DSN - INFO - Cut: 7378 | Bound: -11791.28 | Time: 7.01s
2026-01-14 18:57:12,429 - DSN - INFO - Initialized DSN_thorough | preset=thorough | GPU=True
2026-01-14 18:57:12,429 - DSN - INFO - Params: η=0.003, T=500, init=degree, LS=True
2026-01-14 18:57:12,429 - DSN - INFO - Using GPU solver (CuPy)
2026-01-14 18:57:12,431 - DSN - INFO - DSN GPU Solver: n=2000, edges=11778
2026-01-14 18:57:12,431 - DSN - INFO - DSN GPU: T=500, η=0.003, LS=True
2026-01-14 18:57:12,488 - DSN - INFO - t=000: B=-26911.21, Cut=7319, Best=7319 [LS]
2026-01-14 18:57:13,016 - DSN - INFO - t=040: B=-12533.34, Cut=6514, Best=7319
2026-01-14 18:57:13,576 - DSN - INFO - t=080: B=-12075.59, Cut=6544, Best=7319
2026-01-14 18:57:14,135 - DSN - INFO - t=120: B=-11939.81, Cut=5972, Best=7334
2026-01-14 18:57:14,700 - DSN - INFO - t=160: B=-11880.60, Cut=6548, Best=7334
2026-01-14 18:57:15,257 - DSN - INFO - t=200: B=-11848.96, Cut=7310, Best=7334 [LS]
2026-01-14 18:57:15,785 - DSN - INFO - t=240: B=-11829.92, Cut=4796, Best=7334
2026-01-14 18:57:16,341 - DSN - INFO - t=280: B=-11817.54, Cut=4639, Best=7334
2026-01-14 18:57:16,910 - DSN - INFO - t=320: B=-11809.02, Cut=6363, Best=7351
2026-01-14 18:57:17,497 - DSN - INFO - t=360: B=-11802.92, Cut=6475, Best=7370
2026-01-14 18:57:18,051 - DSN - INFO - t=400: B=-11798.41, Cut=7294, Best=7370 [LS]
2026-01-14 18:57:18,580 - DSN - INFO - t=440: B=-11794.99, Cut=4831, Best=7370
2026-01-14 18:57:19,144 - DSN - INFO - t=480: B=-11792.33, Cut=6546, Best=7370
2026-01-14 18:57:19,462 - DSN - INFO - DSN GPU done in 7.03s | Cut=7370
2026-01-14 18:57:19,466 - DSN - INFO - Results saved to: results/Gset/DSN_thorough/G35.csv
2026-01-14 18:57:19,466 - DSN - INFO - Cut: 7370 | Bound: -11791.28 | Time: 7.03s
2026-01-14 18:57:19,466 - DSN - INFO - Initialized DSN_thorough | preset=thorough | GPU=True
2026-01-14 18:57:19,466 - DSN - INFO - Params: η=0.003, T=500, init=degree, LS=True
2026-01-14 18:57:19,466 - DSN - INFO - Using GPU solver (CuPy)
2026-01-14 18:57:19,468 - DSN - INFO - DSN GPU Solver: n=2000, edges=11778
2026-01-14 18:57:19,468 - DSN - INFO - DSN GPU: T=500, η=0.003, LS=True
2026-01-14 18:57:19,524 - DSN - INFO - t=000: B=-26911.21, Cut=7316, Best=7316 [LS]
2026-01-14 18:57:20,052 - DSN - INFO - t=040: B=-12533.34, Cut=6524, Best=7316
2026-01-14 18:57:20,616 - DSN - INFO - t=080: B=-12075.59, Cut=6470, Best=7316
2026-01-14 18:57:21,170 - DSN - INFO - t=120: B=-11939.81, Cut=6556, Best=7334
2026-01-14 18:57:21,731 - DSN - INFO - t=160: B=-11880.60, Cut=6560, Best=7334
2026-01-14 18:57:22,292 - DSN - INFO - t=200: B=-11848.96, Cut=7302, Best=7334 [LS]
2026-01-14 18:57:22,817 - DSN - INFO - t=240: B=-11829.92, Cut=5795, Best=7334
2026-01-14 18:57:23,379 - DSN - INFO - t=280: B=-11817.54, Cut=5795, Best=7334
2026-01-14 18:57:23,938 - DSN - INFO - t=320: B=-11809.02, Cut=5707, Best=7334
2026-01-14 18:57:24,519 - DSN - INFO - t=360: B=-11802.92, Cut=214, Best=7356
2026-01-14 18:57:25,070 - DSN - INFO - t=400: B=-11798.41, Cut=7294, Best=7356 [LS]
2026-01-14 18:57:25,601 - DSN - INFO - t=440: B=-11794.99, Cut=6357, Best=7356
2026-01-14 18:57:26,170 - DSN - INFO - t=480: B=-11792.33, Cut=4831, Best=7356
2026-01-14 18:57:26,464 - DSN - INFO - DSN GPU done in 7.00s | Cut=7356
2026-01-14 18:57:26,468 - DSN - INFO - Results saved to: results/Gset/DSN_thorough/G35.csv
2026-01-14 18:57:26,468 - DSN - INFO - Cut: 7356 | Bound: -11791.28 | Time: 7.00s
2026-01-14 18:57:26,468 - DSN - INFO - Initialized DSN_thorough | preset=thorough | GPU=True
2026-01-14 18:57:26,468 - DSN - INFO - Params: η=0.003, T=500, init=degree, LS=True
2026-01-14 18:57:26,468 - DSN - INFO - Using GPU solver (CuPy)
2026-01-14 18:57:26,470 - DSN - INFO - DSN GPU Solver: n=2000, edges=11778
2026-01-14 18:57:26,470 - DSN - INFO - DSN GPU: T=500, η=0.003, LS=True
2026-01-14 18:57:26,529 - DSN - INFO - t=000: B=-26911.21, Cut=7323, Best=7323 [LS]
2026-01-14 18:57:27,064 - DSN - INFO - t=040: B=-12533.34, Cut=6375, Best=7323
2026-01-14 18:57:27,624 - DSN - INFO - t=080: B=-12075.59, Cut=6465, Best=7323
2026-01-14 18:57:28,179 - DSN - INFO - t=120: B=-11939.81, Cut=6540, Best=7323
2026-01-14 18:57:28,742 - DSN - INFO - t=160: B=-11880.60, Cut=6537, Best=7323
2026-01-14 18:57:29,300 - DSN - INFO - t=200: B=-11848.96, Cut=7306, Best=7323 [LS]
2026-01-14 18:57:29,834 - DSN - INFO - t=240: B=-11829.92, Cut=4779, Best=7323
2026-01-14 18:57:30,388 - DSN - INFO - t=280: B=-11817.54, Cut=5920, Best=7323
2026-01-14 18:57:30,978 - DSN - INFO - t=320: B=-11809.02, Cut=6226, Best=7370
2026-01-14 18:57:31,529 - DSN - INFO - t=360: B=-11802.92, Cut=5795, Best=7370
2026-01-14 18:57:32,084 - DSN - INFO - t=400: B=-11798.41, Cut=7312, Best=7370 [LS]
2026-01-14 18:57:32,613 - DSN - INFO - t=440: B=-11794.99, Cut=3680, Best=7370
2026-01-14 18:57:33,176 - DSN - INFO - t=480: B=-11792.33, Cut=6475, Best=7370
2026-01-14 18:57:33,460 - DSN - INFO - DSN GPU done in 6.99s | Cut=7370
2026-01-14 18:57:33,464 - DSN - INFO - Results saved to: results/Gset/DSN_thorough/G35.csv
2026-01-14 18:57:33,464 - DSN - INFO - Cut: 7370 | Bound: -11791.28 | Time: 6.99s
2026-01-14 18:57:33,481 - DSN - INFO - Initialized DSN_thorough | preset=thorough | GPU=True
2026-01-14 18:57:33,482 - DSN - INFO - Params: η=0.003, T=500, init=degree, LS=True
2026-01-14 18:57:33,482 - DSN - INFO - Using GPU solver (CuPy)
2026-01-14 18:57:33,483 - DSN - INFO - DSN GPU Solver: n=2000, edges=11766
2026-01-14 18:57:33,483 - DSN - INFO - DSN GPU: T=500, η=0.003, LS=True
2026-01-14 18:57:33,544 - DSN - INFO - t=000: B=-26954.82, Cut=7347, Best=7347 [LS]
2026-01-14 18:57:34,063 - DSN - INFO - t=040: B=-12425.33, Cut=6398, Best=7347
2026-01-14 18:57:34,625 - DSN - INFO - t=080: B=-12013.90, Cut=8, Best=7347
2026-01-14 18:57:35,192 - DSN - INFO - t=120: B=-11898.40, Cut=5445, Best=7347
2026-01-14 18:57:35,755 - DSN - INFO - t=160: B=-11849.64, Cut=4677, Best=7347
2026-01-14 18:57:36,317 - DSN - INFO - t=200: B=-11824.09, Cut=7288, Best=7347 [LS]
2026-01-14 18:57:36,840 - DSN - INFO - t=240: B=-11808.88, Cut=178, Best=7347
2026-01-14 18:57:37,407 - DSN - INFO - t=280: B=-11799.06, Cut=6474, Best=7347
2026-01-14 18:57:37,966 - DSN - INFO - t=320: B=-11792.33, Cut=6036, Best=7347
2026-01-14 18:57:38,537 - DSN - INFO - t=360: B=-11787.51, Cut=2992, Best=7356
2026-01-14 18:57:39,091 - DSN - INFO - t=400: B=-11783.94, Cut=7307, Best=7356 [LS]
2026-01-14 18:57:39,621 - DSN - INFO - t=440: B=-11781.22, Cut=5920, Best=7356
2026-01-14 18:57:40,200 - DSN - INFO - t=480: B=-11779.10, Cut=6088, Best=7356
2026-01-14 18:57:40,500 - DSN - INFO - DSN GPU done in 7.02s | Cut=7356
2026-01-14 18:57:40,502 - DSN - INFO - Results saved to: results/Gset/DSN_thorough/G36.csv
2026-01-14 18:57:40,502 - DSN - INFO - Cut: 7356 | Bound: -11778.25 | Time: 7.02s
2026-01-14 18:57:40,502 - DSN - INFO - Initialized DSN_thorough | preset=thorough | GPU=True
2026-01-14 18:57:40,502 - DSN - INFO - Params: η=0.003, T=500, init=degree, LS=True
2026-01-14 18:57:40,502 - DSN - INFO - Using GPU solver (CuPy)
2026-01-14 18:57:40,504 - DSN - INFO - DSN GPU Solver: n=2000, edges=11766
2026-01-14 18:57:40,504 - DSN - INFO - DSN GPU: T=500, η=0.003, LS=True
2026-01-14 18:57:40,567 - DSN - INFO - t=000: B=-26954.82, Cut=7341, Best=7341 [LS]
2026-01-14 18:57:41,087 - DSN - INFO - t=040: B=-12425.33, Cut=6396, Best=7341
2026-01-14 18:57:41,645 - DSN - INFO - t=080: B=-12013.89, Cut=6456, Best=7341
2026-01-14 18:57:42,212 - DSN - INFO - t=120: B=-11898.40, Cut=3445, Best=7341
2026-01-14 18:57:42,771 - DSN - INFO - t=160: B=-11849.65, Cut=6425, Best=7341
2026-01-14 18:57:43,331 - DSN - INFO - t=200: B=-11824.09, Cut=7351, Best=7351 [LS]
2026-01-14 18:57:43,848 - DSN - INFO - t=240: B=-11808.89, Cut=6318, Best=7351
2026-01-14 18:57:44,421 - DSN - INFO - t=280: B=-11799.06, Cut=6464, Best=7351
2026-01-14 18:57:44,986 - DSN - INFO - t=320: B=-11792.33, Cut=6480, Best=7351
2026-01-14 18:57:45,552 - DSN - INFO - t=360: B=-11787.51, Cut=5810, Best=7351
2026-01-14 18:57:46,130 - DSN - INFO - t=400: B=-11783.94, Cut=7354, Best=7354 [LS]
2026-01-14 18:57:46,654 - DSN - INFO - t=440: B=-11781.22, Cut=6358, Best=7354
2026-01-14 18:57:47,215 - DSN - INFO - t=480: B=-11779.10, Cut=178, Best=7354
2026-01-14 18:57:47,524 - DSN - INFO - DSN GPU done in 7.02s | Cut=7354
2026-01-14 18:57:47,527 - DSN - INFO - Results saved to: results/Gset/DSN_thorough/G36.csv
2026-01-14 18:57:47,528 - DSN - INFO - Cut: 7354 | Bound: -11778.25 | Time: 7.02s
2026-01-14 18:57:47,528 - DSN - INFO - Initialized DSN_thorough | preset=thorough | GPU=True
2026-01-14 18:57:47,528 - DSN - INFO - Params: η=0.003, T=500, init=degree, LS=True
2026-01-14 18:57:47,528 - DSN - INFO - Using GPU solver (CuPy)
2026-01-14 18:57:47,530 - DSN - INFO - DSN GPU Solver: n=2000, edges=11766
2026-01-14 18:57:47,530 - DSN - INFO - DSN GPU: T=500, η=0.003, LS=True
2026-01-14 18:57:47,593 - DSN - INFO - t=000: B=-26954.82, Cut=7361, Best=7361 [LS]
2026-01-14 18:57:48,111 - DSN - INFO - t=040: B=-12425.33, Cut=5762, Best=7361
2026-01-14 18:57:48,675 - DSN - INFO - t=080: B=-12013.90, Cut=5760, Best=7361
2026-01-14 18:57:49,238 - DSN - INFO - t=120: B=-11898.40, Cut=5623, Best=7361
2026-01-14 18:57:49,799 - DSN - INFO - t=160: B=-11849.65, Cut=6364, Best=7361
2026-01-14 18:57:50,357 - DSN - INFO - t=200: B=-11824.09, Cut=7355, Best=7361 [LS]
2026-01-14 18:57:50,879 - DSN - INFO - t=240: B=-11808.88, Cut=6067, Best=7361
2026-01-14 18:57:51,444 - DSN - INFO - t=280: B=-11799.06, Cut=4815, Best=7361
2026-01-14 18:57:52,009 - DSN - INFO - t=320: B=-11792.33, Cut=5629, Best=7361
2026-01-14 18:57:52,577 - DSN - INFO - t=360: B=-11787.51, Cut=173, Best=7361
2026-01-14 18:57:53,135 - DSN - INFO - t=400: B=-11783.94, Cut=7337, Best=7361 [LS]
2026-01-14 18:57:53,660 - DSN - INFO - t=440: B=-11781.22, Cut=6474, Best=7361
2026-01-14 18:57:54,249 - DSN - INFO - t=480: B=-11779.10, Cut=5629, Best=7366
2026-01-14 18:57:54,575 - DSN - INFO - DSN GPU done in 7.05s | Cut=7366
2026-01-14 18:57:54,578 - DSN - INFO - Results saved to: results/Gset/DSN_thorough/G36.csv
2026-01-14 18:57:54,578 - DSN - INFO - Cut: 7366 | Bound: -11778.25 | Time: 7.05s
2026-01-14 18:57:54,578 - DSN - INFO - Initialized DSN_thorough | preset=thorough | GPU=True
2026-01-14 18:57:54,579 - DSN - INFO - Params: η=0.003, T=500, init=degree, LS=True
2026-01-14 18:57:54,579 - DSN - INFO - Using GPU solver (CuPy)
2026-01-14 18:57:54,580 - DSN - INFO - DSN GPU Solver: n=2000, edges=11766
2026-01-14 18:57:54,581 - DSN - INFO - DSN GPU: T=500, η=0.003, LS=True
2026-01-14 18:57:54,642 - DSN - INFO - t=000: B=-26954.82, Cut=7361, Best=7361 [LS]
2026-01-14 18:57:55,161 - DSN - INFO - t=040: B=-12425.33, Cut=6176, Best=7361
2026-01-14 18:57:55,718 - DSN - INFO - t=080: B=-12013.90, Cut=6426, Best=7361
2026-01-14 18:57:56,279 - DSN - INFO - t=120: B=-11898.40, Cut=6397, Best=7361
2026-01-14 18:57:56,840 - DSN - INFO - t=160: B=-11849.64, Cut=5948, Best=7361
2026-01-14 18:57:57,399 - DSN - INFO - t=200: B=-11824.09, Cut=7296, Best=7361 [LS]
2026-01-14 18:57:57,924 - DSN - INFO - t=240: B=-11808.88, Cut=178, Best=7361
2026-01-14 18:57:58,493 - DSN - INFO - t=280: B=-11799.06, Cut=6244, Best=7361
2026-01-14 18:57:59,060 - DSN - INFO - t=320: B=-11792.33, Cut=178, Best=7361
2026-01-14 18:57:59,631 - DSN - INFO - t=360: B=-11787.51, Cut=0, Best=7361
2026-01-14 18:58:00,193 - DSN - INFO - t=400: B=-11783.94, Cut=7358, Best=7361 [LS]
2026-01-14 18:58:00,720 - DSN - INFO - t=440: B=-11781.22, Cut=6085, Best=7361
2026-01-14 18:58:01,288 - DSN - INFO - t=480: B=-11779.10, Cut=6480, Best=7361
2026-01-14 18:58:01,599 - DSN - INFO - DSN GPU done in 7.02s | Cut=7361
2026-01-14 18:58:01,602 - DSN - INFO - Results saved to: results/Gset/DSN_thorough/G36.csv
2026-01-14 18:58:01,603 - DSN - INFO - Cut: 7361 | Bound: -11778.25 | Time: 7.02s
2026-01-14 18:58:01,603 - DSN - INFO - Initialized DSN_thorough | preset=thorough | GPU=True
2026-01-14 18:58:01,603 - DSN - INFO - Params: η=0.003, T=500, init=degree, LS=True
2026-01-14 18:58:01,603 - DSN - INFO - Using GPU solver (CuPy)
2026-01-14 18:58:01,605 - DSN - INFO - DSN GPU Solver: n=2000, edges=11766
2026-01-14 18:58:01,605 - DSN - INFO - DSN GPU: T=500, η=0.003, LS=True
2026-01-14 18:58:01,668 - DSN - INFO - t=000: B=-26954.82, Cut=7365, Best=7365 [LS]
2026-01-14 18:58:02,186 - DSN - INFO - t=040: B=-12425.33, Cut=6374, Best=7365
2026-01-14 18:58:02,751 - DSN - INFO - t=080: B=-12013.89, Cut=6388, Best=7365
2026-01-14 18:58:03,312 - DSN - INFO - t=120: B=-11898.40, Cut=6429, Best=7365
2026-01-14 18:58:03,875 - DSN - INFO - t=160: B=-11849.65, Cut=5654, Best=7365
2026-01-14 18:58:04,431 - DSN - INFO - t=200: B=-11824.09, Cut=7337, Best=7365 [LS]
2026-01-14 18:58:04,956 - DSN - INFO - t=240: B=-11808.89, Cut=5019, Best=7365
2026-01-14 18:58:05,546 - DSN - INFO - t=280: B=-11799.06, Cut=6466, Best=7365
2026-01-14 18:58:06,117 - DSN - INFO - t=320: B=-11792.33, Cut=178, Best=7365
2026-01-14 18:58:06,690 - DSN - INFO - t=360: B=-11787.51, Cut=4731, Best=7365
2026-01-14 18:58:07,247 - DSN - INFO - t=400: B=-11783.94, Cut=7296, Best=7365 [LS]
2026-01-14 18:58:07,772 - DSN - INFO - t=440: B=-11781.22, Cut=6210, Best=7365
2026-01-14 18:58:08,334 - DSN - INFO - t=480: B=-11779.10, Cut=4724, Best=7365
2026-01-14 18:58:08,635 - DSN - INFO - DSN GPU done in 7.03s | Cut=7365
2026-01-14 18:58:08,639 - DSN - INFO - Results saved to: results/Gset/DSN_thorough/G36.csv
2026-01-14 18:58:08,639 - DSN - INFO - Cut: 7365 | Bound: -11778.25 | Time: 7.03s
2026-01-14 18:58:08,639 - DSN - INFO - Initialized DSN_thorough | preset=thorough | GPU=True
2026-01-14 18:58:08,639 - DSN - INFO - Params: η=0.003, T=500, init=degree, LS=True
2026-01-14 18:58:08,639 - DSN - INFO - Using GPU solver (CuPy)
2026-01-14 18:58:08,641 - DSN - INFO - DSN GPU Solver: n=2000, edges=11766
2026-01-14 18:58:08,641 - DSN - INFO - DSN GPU: T=500, η=0.003, LS=True
2026-01-14 18:58:08,703 - DSN - INFO - t=000: B=-26954.82, Cut=7354, Best=7354 [LS]
2026-01-14 18:58:09,221 - DSN - INFO - t=040: B=-12425.33, Cut=5728, Best=7354
2026-01-14 18:58:09,779 - DSN - INFO - t=080: B=-12013.90, Cut=5735, Best=7354
2026-01-14 18:58:10,341 - DSN - INFO - t=120: B=-11898.40, Cut=5571, Best=7354
2026-01-14 18:58:10,898 - DSN - INFO - t=160: B=-11849.65, Cut=2944, Best=7354
2026-01-14 18:58:11,458 - DSN - INFO - t=200: B=-11824.09, Cut=7330, Best=7354 [LS]
2026-01-14 18:58:11,982 - DSN - INFO - t=240: B=-11808.89, Cut=4869, Best=7354
2026-01-14 18:58:12,546 - DSN - INFO - t=280: B=-11799.06, Cut=5629, Best=7354
2026-01-14 18:58:13,110 - DSN - INFO - t=320: B=-11792.33, Cut=6470, Best=7354
2026-01-14 18:58:13,679 - DSN - INFO - t=360: B=-11787.51, Cut=5889, Best=7354
2026-01-14 18:58:14,236 - DSN - INFO - t=400: B=-11783.94, Cut=7363, Best=7363 [LS]
2026-01-14 18:58:14,763 - DSN - INFO - t=440: B=-11781.22, Cut=6472, Best=7363
2026-01-14 18:58:15,330 - DSN - INFO - t=480: B=-11779.10, Cut=5627, Best=7363
2026-01-14 18:58:15,638 - DSN - INFO - DSN GPU done in 7.00s | Cut=7363
2026-01-14 18:58:15,642 - DSN - INFO - Results saved to: results/Gset/DSN_thorough/G36.csv
2026-01-14 18:58:15,642 - DSN - INFO - Cut: 7363 | Bound: -11778.25 | Time: 7.00s
2026-01-14 18:58:15,642 - DSN - INFO - Initialized DSN_thorough | preset=thorough | GPU=True
2026-01-14 18:58:15,642 - DSN - INFO - Params: η=0.003, T=500, init=degree, LS=True
2026-01-14 18:58:15,642 - DSN - INFO - Using GPU solver (CuPy)
2026-01-14 18:58:15,644 - DSN - INFO - DSN GPU Solver: n=2000, edges=11766
2026-01-14 18:58:15,644 - DSN - INFO - DSN GPU: T=500, η=0.003, LS=True
2026-01-14 18:58:15,706 - DSN - INFO - t=000: B=-26954.82, Cut=7329, Best=7329 [LS]
2026-01-14 18:58:16,227 - DSN - INFO - t=040: B=-12425.33, Cut=5946, Best=7329
2026-01-14 18:58:16,786 - DSN - INFO - t=080: B=-12013.90, Cut=6447, Best=7334
2026-01-14 18:58:17,345 - DSN - INFO - t=120: B=-11898.40, Cut=5967, Best=7334
2026-01-14 18:58:17,907 - DSN - INFO - t=160: B=-11849.64, Cut=6320, Best=7334
2026-01-14 18:58:18,465 - DSN - INFO - t=200: B=-11824.09, Cut=7296, Best=7334 [LS]
2026-01-14 18:58:18,991 - DSN - INFO - t=240: B=-11808.88, Cut=0, Best=7334
2026-01-14 18:58:19,560 - DSN - INFO - t=280: B=-11799.06, Cut=5629, Best=7334
2026-01-14 18:58:20,119 - DSN - INFO - t=320: B=-11792.33, Cut=0, Best=7363
2026-01-14 18:58:20,715 - DSN - INFO - t=360: B=-11787.51, Cut=4731, Best=7366
2026-01-14 18:58:21,274 - DSN - INFO - t=400: B=-11783.94, Cut=7343, Best=7366 [LS]
2026-01-14 18:58:21,795 - DSN - INFO - t=440: B=-11781.22, Cut=6364, Best=7366
2026-01-14 18:58:22,370 - DSN - INFO - t=480: B=-11779.10, Cut=4731, Best=7366
2026-01-14 18:58:22,662 - DSN - INFO - DSN GPU done in 7.02s | Cut=7366
2026-01-14 18:58:22,666 - DSN - INFO - Results saved to: results/Gset/DSN_thorough/G36.csv
2026-01-14 18:58:22,666 - DSN - INFO - Cut: 7366 | Bound: -11778.25 | Time: 7.02s
2026-01-14 18:58:22,666 - DSN - INFO - Initialized DSN_thorough | preset=thorough | GPU=True
2026-01-14 18:58:22,666 - DSN - INFO - Params: η=0.003, T=500, init=degree, LS=True
2026-01-14 18:58:22,666 - DSN - INFO - Using GPU solver (CuPy)
2026-01-14 18:58:22,668 - DSN - INFO - DSN GPU Solver: n=2000, edges=11766
2026-01-14 18:58:22,668 - DSN - INFO - DSN GPU: T=500, η=0.003, LS=True
2026-01-14 18:58:22,732 - DSN - INFO - t=000: B=-26954.82, Cut=7364, Best=7364 [LS]
2026-01-14 18:58:23,253 - DSN - INFO - t=040: B=-12425.33, Cut=6387, Best=7364
2026-01-14 18:58:23,812 - DSN - INFO - t=080: B=-12013.89, Cut=6401, Best=7364
2026-01-14 18:58:24,374 - DSN - INFO - t=120: B=-11898.40, Cut=5567, Best=7364
2026-01-14 18:58:24,933 - DSN - INFO - t=160: B=-11849.64, Cut=6462, Best=7364
2026-01-14 18:58:25,486 - DSN - INFO - t=200: B=-11824.09, Cut=7293, Best=7364 [LS]
2026-01-14 18:58:26,010 - DSN - INFO - t=240: B=-11808.88, Cut=4381, Best=7364
2026-01-14 18:58:26,581 - DSN - INFO - t=280: B=-11799.06, Cut=3004, Best=7364
2026-01-14 18:58:27,159 - DSN - INFO - t=320: B=-11792.33, Cut=6085, Best=7364
2026-01-14 18:58:27,753 - DSN - INFO - t=360: B=-11787.51, Cut=6196, Best=7373
2026-01-14 18:58:28,316 - DSN - INFO - t=400: B=-11783.94, Cut=7348, Best=7373 [LS]
2026-01-14 18:58:28,841 - DSN - INFO - t=440: B=-11781.22, Cut=4540, Best=7373
2026-01-14 18:58:29,403 - DSN - INFO - t=480: B=-11779.10, Cut=6480, Best=7373
2026-01-14 18:58:29,724 - DSN - INFO - DSN GPU done in 7.06s | Cut=7373
2026-01-14 18:58:29,727 - DSN - INFO - Results saved to: results/Gset/DSN_thorough/G36.csv
2026-01-14 18:58:29,727 - DSN - INFO - Cut: 7373 | Bound: -11778.25 | Time: 7.06s
2026-01-14 18:58:29,727 - DSN - INFO - Initialized DSN_thorough | preset=thorough | GPU=True
2026-01-14 18:58:29,727 - DSN - INFO - Params: η=0.003, T=500, init=degree, LS=True
2026-01-14 18:58:29,727 - DSN - INFO - Using GPU solver (CuPy)
2026-01-14 18:58:29,729 - DSN - INFO - DSN GPU Solver: n=2000, edges=11766
2026-01-14 18:58:29,729 - DSN - INFO - DSN GPU: T=500, η=0.003, LS=True
2026-01-14 18:58:29,792 - DSN - INFO - t=000: B=-26954.82, Cut=7341, Best=7341 [LS]
2026-01-14 18:58:30,310 - DSN - INFO - t=040: B=-12425.33, Cut=6426, Best=7341
2026-01-14 18:58:30,871 - DSN - INFO - t=080: B=-12013.89, Cut=6434, Best=7341
2026-01-14 18:58:31,440 - DSN - INFO - t=120: B=-11898.40, Cut=6368, Best=7341
2026-01-14 18:58:31,995 - DSN - INFO - t=160: B=-11849.64, Cut=6369, Best=7341
2026-01-14 18:58:32,554 - DSN - INFO - t=200: B=-11824.09, Cut=7296, Best=7341 [LS]
2026-01-14 18:58:33,081 - DSN - INFO - t=240: B=-11808.88, Cut=5389, Best=7341
2026-01-14 18:58:33,639 - DSN - INFO - t=280: B=-11799.06, Cut=5285, Best=7341
2026-01-14 18:58:34,209 - DSN - INFO - t=320: B=-11792.33, Cut=4731, Best=7363
2026-01-14 18:58:34,799 - DSN - INFO - t=360: B=-11787.51, Cut=178, Best=7376
2026-01-14 18:58:35,357 - DSN - INFO - t=400: B=-11783.94, Cut=7348, Best=7376 [LS]
2026-01-14 18:58:35,888 - DSN - INFO - t=440: B=-11781.22, Cut=6384, Best=7376
2026-01-14 18:58:36,450 - DSN - INFO - t=480: B=-11779.10, Cut=4608, Best=7376
2026-01-14 18:58:36,750 - DSN - INFO - DSN GPU done in 7.02s | Cut=7376
2026-01-14 18:58:36,754 - DSN - INFO - Results saved to: results/Gset/DSN_thorough/G36.csv
2026-01-14 18:58:36,754 - DSN - INFO - Cut: 7376 | Bound: -11778.25 | Time: 7.02s
2026-01-14 18:58:36,755 - DSN - INFO - Initialized DSN_thorough | preset=thorough | GPU=True
2026-01-14 18:58:36,755 - DSN - INFO - Params: η=0.003, T=500, init=degree, LS=True
2026-01-14 18:58:36,755 - DSN - INFO - Using GPU solver (CuPy)
2026-01-14 18:58:36,757 - DSN - INFO - DSN GPU Solver: n=2000, edges=11766
2026-01-14 18:58:36,757 - DSN - INFO - DSN GPU: T=500, η=0.003, LS=True
2026-01-14 18:58:36,818 - DSN - INFO - t=000: B=-26954.82, Cut=7340, Best=7340 [LS]
2026-01-14 18:58:37,336 - DSN - INFO - t=040: B=-12425.33, Cut=6093, Best=7340
2026-01-14 18:58:37,900 - DSN - INFO - t=080: B=-12013.90, Cut=6141, Best=7340
2026-01-14 18:58:38,465 - DSN - INFO - t=120: B=-11898.40, Cut=6352, Best=7340
2026-01-14 18:58:39,024 - DSN - INFO - t=160: B=-11849.65, Cut=6352, Best=7340
2026-01-14 18:58:39,581 - DSN - INFO - t=200: B=-11824.09, Cut=7281, Best=7340 [LS]
2026-01-14 18:58:40,100 - DSN - INFO - t=240: B=-11808.88, Cut=4203, Best=7340
2026-01-14 18:58:40,658 - DSN - INFO - t=280: B=-11799.06, Cut=5627, Best=7340
2026-01-14 18:58:41,256 - DSN - INFO - t=320: B=-11792.33, Cut=5629, Best=7373
2026-01-14 18:58:41,826 - DSN - INFO - t=360: B=-11787.51, Cut=5507, Best=7373
2026-01-14 18:58:42,384 - DSN - INFO - t=400: B=-11783.94, Cut=7291, Best=7373 [LS]
2026-01-14 18:58:42,911 - DSN - INFO - t=440: B=-11781.22, Cut=3004, Best=7373
2026-01-14 18:58:43,474 - DSN - INFO - t=480: B=-11779.10, Cut=6182, Best=7373
2026-01-14 18:58:43,768 - DSN - INFO - DSN GPU done in 7.01s | Cut=7373
2026-01-14 18:58:43,772 - DSN - INFO - Results saved to: results/Gset/DSN_thorough/G36.csv
2026-01-14 18:58:43,772 - DSN - INFO - Cut: 7373 | Bound: -11778.25 | Time: 7.01s
2026-01-14 18:58:43,790 - DSN - INFO - Initialized DSN_thorough | preset=thorough | GPU=True
2026-01-14 18:58:43,790 - DSN - INFO - Params: η=0.003, T=500, init=degree, LS=True
2026-01-14 18:58:43,790 - DSN - INFO - Using GPU solver (CuPy)
2026-01-14 18:58:43,792 - DSN - INFO - DSN GPU Solver: n=2000, edges=11785
2026-01-14 18:58:43,792 - DSN - INFO - DSN GPU: T=500, η=0.003, LS=True
2026-01-14 18:58:43,854 - DSN - INFO - t=000: B=-27146.53, Cut=7328, Best=7328 [LS]
2026-01-14 18:58:44,381 - DSN - INFO - t=040: B=-12524.33, Cut=6432, Best=7328
2026-01-14 18:58:44,944 - DSN - INFO - t=080: B=-12079.90, Cut=73, Best=7328
2026-01-14 18:58:45,508 - DSN - INFO - t=120: B=-11947.51, Cut=5750, Best=7354
2026-01-14 18:58:46,063 - DSN - INFO - t=160: B=-11889.35, Cut=4983, Best=7354
2026-01-14 18:58:46,628 - DSN - INFO - t=200: B=-11858.09, Cut=7299, Best=7354 [LS]
2026-01-14 18:58:47,157 - DSN - INFO - t=240: B=-11839.18, Cut=1629, Best=7354
2026-01-14 18:58:47,719 - DSN - INFO - t=280: B=-11826.82, Cut=6496, Best=7354
2026-01-14 18:58:48,278 - DSN - INFO - t=320: B=-11818.28, Cut=6219, Best=7354
2026-01-14 18:58:48,833 - DSN - INFO - t=360: B=-11812.13, Cut=3107, Best=7354
2026-01-14 18:58:49,394 - DSN - INFO - t=400: B=-11807.54, Cut=7332, Best=7354 [LS]
2026-01-14 18:58:49,916 - DSN - INFO - t=440: B=-11804.04, Cut=6219, Best=7354
2026-01-14 18:58:50,486 - DSN - INFO - t=480: B=-11801.30, Cut=6435, Best=7354
2026-01-14 18:58:50,772 - DSN - INFO - DSN GPU done in 6.98s | Cut=7354
2026-01-14 18:58:50,774 - DSN - INFO - Results saved to: results/Gset/DSN_thorough/G37.csv
2026-01-14 18:58:50,774 - DSN - INFO - Cut: 7354 | Bound: -11800.21 | Time: 6.98s
2026-01-14 18:58:50,774 - DSN - INFO - Initialized DSN_thorough | preset=thorough | GPU=True
2026-01-14 18:58:50,774 - DSN - INFO - Params: η=0.003, T=500, init=degree, LS=True
2026-01-14 18:58:50,774 - DSN - INFO - Using GPU solver (CuPy)
2026-01-14 18:58:50,776 - DSN - INFO - DSN GPU Solver: n=2000, edges=11785
2026-01-14 18:58:50,776 - DSN - INFO - DSN GPU: T=500, η=0.003, LS=True
2026-01-14 18:58:50,839 - DSN - INFO - t=000: B=-27146.53, Cut=7313, Best=7313 [LS]
2026-01-14 18:58:51,367 - DSN - INFO - t=040: B=-12524.33, Cut=6465, Best=7313
2026-01-14 18:58:51,928 - DSN - INFO - t=080: B=-12079.90, Cut=6506, Best=7343
2026-01-14 18:58:52,493 - DSN - INFO - t=120: B=-11947.51, Cut=4333, Best=7345
2026-01-14 18:58:53,062 - DSN - INFO - t=160: B=-11889.35, Cut=6517, Best=7345
2026-01-14 18:58:53,614 - DSN - INFO - t=200: B=-11858.09, Cut=7301, Best=7345 [LS]
2026-01-14 18:58:54,137 - DSN - INFO - t=240: B=-11839.18, Cut=6435, Best=7345
2026-01-14 18:58:54,705 - DSN - INFO - t=280: B=-11826.82, Cut=6493, Best=7345
2026-01-14 18:58:55,266 - DSN - INFO - t=320: B=-11818.28, Cut=6516, Best=7345
2026-01-14 18:58:55,824 - DSN - INFO - t=360: B=-11812.13, Cut=6219, Best=7345
2026-01-14 18:58:56,397 - DSN - INFO - t=400: B=-11807.54, Cut=7317, Best=7345 [LS]
2026-01-14 18:58:56,923 - DSN - INFO - t=440: B=-11804.04, Cut=6435, Best=7345
2026-01-14 18:58:57,487 - DSN - INFO - t=480: B=-11801.30, Cut=2711, Best=7345
2026-01-14 18:58:57,792 - DSN - INFO - DSN GPU done in 7.02s | Cut=7345
2026-01-14 18:58:57,796 - DSN - INFO - Results saved to: results/Gset/DSN_thorough/G37.csv
2026-01-14 18:58:57,796 - DSN - INFO - Cut: 7345 | Bound: -11800.21 | Time: 7.02s
2026-01-14 18:58:57,796 - DSN - INFO - Initialized DSN_thorough | preset=thorough | GPU=True
2026-01-14 18:58:57,796 - DSN - INFO - Params: η=0.003, T=500, init=degree, LS=True
2026-01-14 18:58:57,796 - DSN - INFO - Using GPU solver (CuPy)
2026-01-14 18:58:57,798 - DSN - INFO - DSN GPU Solver: n=2000, edges=11785
2026-01-14 18:58:57,798 - DSN - INFO - DSN GPU: T=500, η=0.003, LS=True
2026-01-14 18:58:57,860 - DSN - INFO - t=000: B=-27146.53, Cut=7331, Best=7331 [LS]
2026-01-14 18:58:58,394 - DSN - INFO - t=040: B=-12524.33, Cut=5689, Best=7331
2026-01-14 18:58:58,956 - DSN - INFO - t=080: B=-12079.90, Cut=6129, Best=7343
2026-01-14 18:58:59,526 - DSN - INFO - t=120: B=-11947.51, Cut=6022, Best=7343
2026-01-14 18:59:00,094 - DSN - INFO - t=160: B=-11889.35, Cut=6495, Best=7343
2026-01-14 18:59:00,654 - DSN - INFO - t=200: B=-11858.09, Cut=7300, Best=7343 [LS]
2026-01-14 18:59:01,180 - DSN - INFO - t=240: B=-11839.18, Cut=6265, Best=7343
2026-01-14 18:59:01,741 - DSN - INFO - t=280: B=-11826.82, Cut=5622, Best=7343
2026-01-14 18:59:02,302 - DSN - INFO - t=320: B=-11818.28, Cut=6146, Best=7343
2026-01-14 18:59:02,855 - DSN - INFO - t=360: B=-11812.13, Cut=153, Best=7343
2026-01-14 18:59:03,419 - DSN - INFO - t=400: B=-11807.54, Cut=7296, Best=7343 [LS]
2026-01-14 18:59:03,945 - DSN - INFO - t=440: B=-11804.04, Cut=6518, Best=7343
2026-01-14 18:59:04,537 - DSN - INFO - t=480: B=-11801.30, Cut=5981, Best=7382
2026-01-14 18:59:04,846 - DSN - INFO - DSN GPU done in 7.05s | Cut=7382
2026-01-14 18:59:04,850 - DSN - INFO - Results saved to: results/Gset/DSN_thorough/G37.csv
2026-01-14 18:59:04,850 - DSN - INFO - Cut: 7382 | Bound: -11800.21 | Time: 7.05s
2026-01-14 18:59:04,850 - DSN - INFO - Initialized DSN_thorough | preset=thorough | GPU=True
2026-01-14 18:59:04,850 - DSN - INFO - Params: η=0.003, T=500, init=degree, LS=True
2026-01-14 18:59:04,850 - DSN - INFO - Using GPU solver (CuPy)
2026-01-14 18:59:04,852 - DSN - INFO - DSN GPU Solver: n=2000, edges=11785
2026-01-14 18:59:04,852 - DSN - INFO - DSN GPU: T=500, η=0.003, LS=True
2026-01-14 18:59:04,913 - DSN - INFO - t=000: B=-27146.53, Cut=7319, Best=7319 [LS]
2026-01-14 18:59:05,444 - DSN - INFO - t=040: B=-12524.33, Cut=6361, Best=7319
2026-01-14 18:59:06,001 - DSN - INFO - t=080: B=-12079.90, Cut=6459, Best=7319
2026-01-14 18:59:06,565 - DSN - INFO - t=120: B=-11947.51, Cut=6410, Best=7319
2026-01-14 18:59:07,129 - DSN - INFO - t=160: B=-11889.35, Cut=6216, Best=7319
2026-01-14 18:59:07,692 - DSN - INFO - t=200: B=-11858.09, Cut=7328, Best=7328 [LS]
2026-01-14 18:59:08,222 - DSN - INFO - t=240: B=-11839.18, Cut=1359, Best=7328
2026-01-14 18:59:08,794 - DSN - INFO - t=280: B=-11826.82, Cut=6275, Best=7332
2026-01-14 18:59:09,360 - DSN - INFO - t=320: B=-11818.28, Cut=1531, Best=7332
2026-01-14 18:59:09,922 - DSN - INFO - t=360: B=-11812.13, Cut=4, Best=7332
2026-01-14 18:59:10,483 - DSN - INFO - t=400: B=-11807.54, Cut=7313, Best=7332 [LS]
2026-01-14 18:59:11,010 - DSN - INFO - t=440: B=-11804.04, Cut=6219, Best=7332
2026-01-14 18:59:11,581 - DSN - INFO - t=480: B=-11801.30, Cut=6502, Best=7332
2026-01-14 18:59:11,873 - DSN - INFO - DSN GPU done in 7.02s | Cut=7332
2026-01-14 18:59:11,876 - DSN - INFO - Results saved to: results/Gset/DSN_thorough/G37.csv
2026-01-14 18:59:11,876 - DSN - INFO - Cut: 7332 | Bound: -11800.21 | Time: 7.02s
2026-01-14 18:59:11,876 - DSN - INFO - Initialized DSN_thorough | preset=thorough | GPU=True
2026-01-14 18:59:11,877 - DSN - INFO - Params: η=0.003, T=500, init=degree, LS=True
2026-01-14 18:59:11,877 - DSN - INFO - Using GPU solver (CuPy)
2026-01-14 18:59:11,878 - DSN - INFO - DSN GPU Solver: n=2000, edges=11785
2026-01-14 18:59:11,879 - DSN - INFO - DSN GPU: T=500, η=0.003, LS=True
2026-01-14 18:59:11,941 - DSN - INFO - t=000: B=-27146.53, Cut=7326, Best=7326 [LS]
2026-01-14 18:59:12,469 - DSN - INFO - t=040: B=-12524.33, Cut=6375, Best=7326
2026-01-14 18:59:13,027 - DSN - INFO - t=080: B=-12079.90, Cut=6394, Best=7328
2026-01-14 18:59:13,591 - DSN - INFO - t=120: B=-11947.51, Cut=6516, Best=7328
2026-01-14 18:59:14,152 - DSN - INFO - t=160: B=-11889.35, Cut=6157, Best=7328
2026-01-14 18:59:14,713 - DSN - INFO - t=200: B=-11858.09, Cut=7315, Best=7328 [LS]
2026-01-14 18:59:15,238 - DSN - INFO - t=240: B=-11839.18, Cut=5622, Best=7328
2026-01-14 18:59:15,824 - DSN - INFO - t=280: B=-11826.82, Cut=6518, Best=7377
2026-01-14 18:59:16,395 - DSN - INFO - t=320: B=-11818.28, Cut=153, Best=7377
2026-01-14 18:59:16,949 - DSN - INFO - t=360: B=-11812.13, Cut=5370, Best=7377
2026-01-14 18:59:17,513 - DSN - INFO - t=400: B=-11807.54, Cut=7328, Best=7377 [LS]
2026-01-14 18:59:18,037 - DSN - INFO - t=440: B=-11804.04, Cut=6435, Best=7377
2026-01-14 18:59:18,592 - DSN - INFO - t=480: B=-11801.30, Cut=4704, Best=7377
2026-01-14 18:59:18,884 - DSN - INFO - DSN GPU done in 7.01s | Cut=7377
2026-01-14 18:59:18,888 - DSN - INFO - Results saved to: results/Gset/DSN_thorough/G37.csv
2026-01-14 18:59:18,888 - DSN - INFO - Cut: 7377 | Bound: -11800.21 | Time: 7.01s
2026-01-14 18:59:18,888 - DSN - INFO - Initialized DSN_thorough | preset=thorough | GPU=True
2026-01-14 18:59:18,888 - DSN - INFO - Params: η=0.003, T=500, init=degree, LS=True
2026-01-14 18:59:18,888 - DSN - INFO - Using GPU solver (CuPy)
2026-01-14 18:59:18,890 - DSN - INFO - DSN GPU Solver: n=2000, edges=11785
2026-01-14 18:59:18,890 - DSN - INFO - DSN GPU: T=500, η=0.003, LS=True
2026-01-14 18:59:18,951 - DSN - INFO - t=000: B=-27146.53, Cut=7313, Best=7313 [LS]
2026-01-14 18:59:19,478 - DSN - INFO - t=040: B=-12524.33, Cut=5694, Best=7313
2026-01-14 18:59:20,043 - DSN - INFO - t=080: B=-12079.90, Cut=6129, Best=7343
2026-01-14 18:59:20,603 - DSN - INFO - t=120: B=-11947.51, Cut=5869, Best=7343
2026-01-14 18:59:21,168 - DSN - INFO - t=160: B=-11889.35, Cut=3671, Best=7343
2026-01-14 18:59:21,731 - DSN - INFO - t=200: B=-11858.09, Cut=7318, Best=7343 [LS]
2026-01-14 18:59:22,254 - DSN - INFO - t=240: B=-11839.18, Cut=5606, Best=7343
2026-01-14 18:59:22,820 - DSN - INFO - t=280: B=-11826.82, Cut=6163, Best=7343
2026-01-14 18:59:23,384 - DSN - INFO - t=320: B=-11818.28, Cut=6435, Best=7343
2026-01-14 18:59:23,942 - DSN - INFO - t=360: B=-11812.13, Cut=6219, Best=7343
2026-01-14 18:59:24,502 - DSN - INFO - t=400: B=-11807.54, Cut=7313, Best=7343 [LS]
2026-01-14 18:59:25,023 - DSN - INFO - t=440: B=-11804.04, Cut=6518, Best=7343
2026-01-14 18:59:25,583 - DSN - INFO - t=480: B=-11801.30, Cut=5684, Best=7343
2026-01-14 18:59:25,883 - DSN - INFO - DSN GPU done in 6.99s | Cut=7343
2026-01-14 18:59:25,887 - DSN - INFO - Results saved to: results/Gset/DSN_thorough/G37.csv
2026-01-14 18:59:25,887 - DSN - INFO - Cut: 7343 | Bound: -11800.21 | Time: 7.00s
2026-01-14 18:59:25,887 - DSN - INFO - Initialized DSN_thorough | preset=thorough | GPU=True
2026-01-14 18:59:25,887 - DSN - INFO - Params: η=0.003, T=500, init=degree, LS=True
2026-01-14 18:59:25,887 - DSN - INFO - Using GPU solver (CuPy)
2026-01-14 18:59:25,889 - DSN - INFO - DSN GPU Solver: n=2000, edges=11785
2026-01-14 18:59:25,889 - DSN - INFO - DSN GPU: T=500, η=0.003, LS=True
2026-01-14 18:59:25,950 - DSN - INFO - t=000: B=-27146.53, Cut=7321, Best=7321 [LS]
2026-01-14 18:59:26,480 - DSN - INFO - t=040: B=-12524.33, Cut=6232, Best=7321
2026-01-14 18:59:27,044 - DSN - INFO - t=080: B=-12079.90, Cut=6508, Best=7328
2026-01-14 18:59:27,603 - DSN - INFO - t=120: B=-11947.51, Cut=6258, Best=7328
2026-01-14 18:59:28,162 - DSN - INFO - t=160: B=-11889.35, Cut=6459, Best=7344
2026-01-14 18:59:28,718 - DSN - INFO - t=200: B=-11858.09, Cut=7311, Best=7344 [LS]
2026-01-14 18:59:29,241 - DSN - INFO - t=240: B=-11839.18, Cut=0, Best=7344
2026-01-14 18:59:29,808 - DSN - INFO - t=280: B=-11826.82, Cut=6167, Best=7344
2026-01-14 18:59:30,362 - DSN - INFO - t=320: B=-11818.28, Cut=0, Best=7344
2026-01-14 18:59:30,949 - DSN - INFO - t=360: B=-11812.13, Cut=5496, Best=7383
2026-01-14 18:59:31,514 - DSN - INFO - t=400: B=-11807.54, Cut=7313, Best=7383 [LS]
2026-01-14 18:59:32,043 - DSN - INFO - t=440: B=-11804.04, Cut=6491, Best=7383
2026-01-14 18:59:32,613 - DSN - INFO - t=480: B=-11801.30, Cut=5480, Best=7383
2026-01-14 18:59:32,897 - DSN - INFO - DSN GPU done in 7.01s | Cut=7383
2026-01-14 18:59:32,901 - DSN - INFO - Results saved to: results/Gset/DSN_thorough/G37.csv
2026-01-14 18:59:32,901 - DSN - INFO - Cut: 7383 | Bound: -11800.21 | Time: 7.01s
2026-01-14 18:59:32,901 - DSN - INFO - Initialized DSN_thorough | preset=thorough | GPU=True
2026-01-14 18:59:32,901 - DSN - INFO - Params: η=0.003, T=500, init=degree, LS=True
2026-01-14 18:59:32,901 - DSN - INFO - Using GPU solver (CuPy)
2026-01-14 18:59:32,903 - DSN - INFO - DSN GPU Solver: n=2000, edges=11785
2026-01-14 18:59:32,903 - DSN - INFO - DSN GPU: T=500, η=0.003, LS=True
2026-01-14 18:59:32,964 - DSN - INFO - t=000: B=-27146.53, Cut=7315, Best=7315 [LS]
2026-01-14 18:59:33,497 - DSN - INFO - t=040: B=-12524.33, Cut=6460, Best=7315
2026-01-14 18:59:34,056 - DSN - INFO - t=080: B=-12079.90, Cut=6498, Best=7320
2026-01-14 18:59:34,619 - DSN - INFO - t=120: B=-11947.51, Cut=5860, Best=7344
2026-01-14 18:59:35,185 - DSN - INFO - t=160: B=-11889.35, Cut=6512, Best=7344
2026-01-14 18:59:35,744 - DSN - INFO - t=200: B=-11858.09, Cut=7329, Best=7344 [LS]
2026-01-14 18:59:36,269 - DSN - INFO - t=240: B=-11839.18, Cut=4657, Best=7344
2026-01-14 18:59:36,831 - DSN - INFO - t=280: B=-11826.82, Cut=4365, Best=7344
2026-01-14 18:59:37,393 - DSN - INFO - t=320: B=-11818.28, Cut=6301, Best=7351
2026-01-14 18:59:37,978 - DSN - INFO - t=360: B=-11812.13, Cut=6435, Best=7384
2026-01-14 18:59:38,538 - DSN - INFO - t=400: B=-11807.54, Cut=7313, Best=7384 [LS]
2026-01-14 18:59:39,064 - DSN - INFO - t=440: B=-11804.04, Cut=4704, Best=7384
2026-01-14 18:59:39,621 - DSN - INFO - t=480: B=-11801.30, Cut=6492, Best=7384
2026-01-14 18:59:39,934 - DSN - INFO - DSN GPU done in 7.03s | Cut=7384
2026-01-14 18:59:39,937 - DSN - INFO - Results saved to: results/Gset/DSN_thorough/G37.csv
2026-01-14 18:59:39,937 - DSN - INFO - Cut: 7384 | Bound: -11800.21 | Time: 7.03s
2026-01-14 18:59:39,937 - DSN - INFO - Initialized DSN_thorough | preset=thorough | GPU=True
2026-01-14 18:59:39,937 - DSN - INFO - Params: η=0.003, T=500, init=degree, LS=True
2026-01-14 18:59:39,937 - DSN - INFO - Using GPU solver (CuPy)
2026-01-14 18:59:39,939 - DSN - INFO - DSN GPU Solver: n=2000, edges=11785
2026-01-14 18:59:39,939 - DSN - INFO - DSN GPU: T=500, η=0.003, LS=True
2026-01-14 18:59:39,999 - DSN - INFO - t=000: B=-27146.53, Cut=7320, Best=7320 [LS]
2026-01-14 18:59:40,528 - DSN - INFO - t=040: B=-12524.33, Cut=6470, Best=7320
2026-01-14 18:59:41,085 - DSN - INFO - t=080: B=-12079.90, Cut=6425, Best=7320
2026-01-14 18:59:41,646 - DSN - INFO - t=120: B=-11947.51, Cut=6510, Best=7320
2026-01-14 18:59:42,204 - DSN - INFO - t=160: B=-11889.35, Cut=6511, Best=7332
2026-01-14 18:59:42,760 - DSN - INFO - t=200: B=-11858.09, Cut=7322, Best=7332 [LS]
2026-01-14 18:59:43,289 - DSN - INFO - t=240: B=-11839.18, Cut=5680, Best=7332
2026-01-14 18:59:43,849 - DSN - INFO - t=280: B=-11826.82, Cut=5666, Best=7332
2026-01-14 18:59:44,405 - DSN - INFO - t=320: B=-11818.28, Cut=5606, Best=7332
2026-01-14 18:59:44,979 - DSN - INFO - t=360: B=-11812.13, Cut=153, Best=7345
2026-01-14 18:59:45,537 - DSN - INFO - t=400: B=-11807.54, Cut=7313, Best=7345 [LS]
2026-01-14 18:59:46,064 - DSN - INFO - t=440: B=-11804.04, Cut=6313, Best=7345
2026-01-14 18:59:46,625 - DSN - INFO - t=480: B=-11801.30, Cut=4704, Best=7345
2026-01-14 18:59:46,915 - DSN - INFO - DSN GPU done in 6.98s | Cut=7345
2026-01-14 18:59:46,919 - DSN - INFO - Results saved to: results/Gset/DSN_thorough/G37.csv
2026-01-14 18:59:46,919 - DSN - INFO - Cut: 7345 | Bound: -11800.21 | Time: 6.98s
2026-01-14 18:59:46,919 - DSN - INFO - Initialized DSN_thorough | preset=thorough | GPU=True
2026-01-14 18:59:46,919 - DSN - INFO - Params: η=0.003, T=500, init=degree, LS=True
2026-01-14 18:59:46,919 - DSN - INFO - Using GPU solver (CuPy)
2026-01-14 18:59:46,921 - DSN - INFO - DSN GPU Solver: n=2000, edges=11785
2026-01-14 18:59:46,921 - DSN - INFO - DSN GPU: T=500, η=0.003, LS=True
2026-01-14 18:59:46,982 - DSN - INFO - t=000: B=-27146.53, Cut=7320, Best=7320 [LS]
2026-01-14 18:59:47,511 - DSN - INFO - t=040: B=-12524.33, Cut=6307, Best=7320
2026-01-14 18:59:48,075 - DSN - INFO - t=080: B=-12079.90, Cut=6405, Best=7320
2026-01-14 18:59:48,636 - DSN - INFO - t=120: B=-11947.51, Cut=6475, Best=7320
2026-01-14 18:59:49,200 - DSN - INFO - t=160: B=-11889.35, Cut=6469, Best=7320
2026-01-14 18:59:49,757 - DSN - INFO - t=200: B=-11858.09, Cut=7316, Best=7320 [LS]
2026-01-14 18:59:50,281 - DSN - INFO - t=240: B=-11839.18, Cut=4650, Best=7320
2026-01-14 18:59:50,844 - DSN - INFO - t=280: B=-11826.82, Cut=5754, Best=7320
2026-01-14 18:59:51,431 - DSN - INFO - t=320: B=-11818.28, Cut=6155, Best=7381
2026-01-14 18:59:51,988 - DSN - INFO - t=360: B=-11812.13, Cut=5684, Best=7381
2026-01-14 18:59:52,552 - DSN - INFO - t=400: B=-11807.54, Cut=7334, Best=7381 [LS]
2026-01-14 18:59:53,083 - DSN - INFO - t=440: B=-11804.04, Cut=3107, Best=7381
2026-01-14 18:59:53,644 - DSN - INFO - t=480: B=-11801.30, Cut=6435, Best=7381
2026-01-14 18:59:53,926 - DSN - INFO - DSN GPU done in 7.00s | Cut=7381
2026-01-14 18:59:53,930 - DSN - INFO - Results saved to: results/Gset/DSN_thorough/G37.csv
2026-01-14 18:59:53,930 - DSN - INFO - Cut: 7381 | Bound: -11800.21 | Time: 7.01s
2026-01-14 18:59:53,948 - DSN - INFO - Initialized DSN_thorough | preset=thorough | GPU=True
2026-01-14 18:59:53,948 - DSN - INFO - Params: η=0.003, T=500, init=degree, LS=True
2026-01-14 18:59:53,948 - DSN - INFO - Using GPU solver (CuPy)
2026-01-14 18:59:53,950 - DSN - INFO - DSN GPU Solver: n=2000, edges=11779
2026-01-14 18:59:53,950 - DSN - INFO - DSN GPU: T=500, η=0.003, LS=True
2026-01-14 18:59:54,015 - DSN - INFO - t=000: B=-27098.17, Cut=7367, Best=7367 [LS]
2026-01-14 18:59:54,536 - DSN - INFO - t=040: B=-12529.32, Cut=6480, Best=7367
2026-01-14 18:59:55,093 - DSN - INFO - t=080: B=-12078.08, Cut=88, Best=7367
2026-01-14 18:59:55,653 - DSN - INFO - t=120: B=-11943.92, Cut=5788, Best=7367
2026-01-14 18:59:56,210 - DSN - INFO - t=160: B=-11884.78, Cut=5145, Best=7367
2026-01-14 18:59:56,773 - DSN - INFO - t=200: B=-11852.80, Cut=7315, Best=7367 [LS]
2026-01-14 18:59:57,298 - DSN - INFO - t=240: B=-11833.34, Cut=1603, Best=7367
2026-01-14 18:59:57,854 - DSN - INFO - t=280: B=-11820.58, Cut=6553, Best=7367
2026-01-14 18:59:58,413 - DSN - INFO - t=320: B=-11811.75, Cut=6205, Best=7367
2026-01-14 18:59:58,975 - DSN - INFO - t=360: B=-11805.39, Cut=3175, Best=7367
2026-01-14 18:59:59,536 - DSN - INFO - t=400: B=-11800.67, Cut=7301, Best=7367 [LS]
2026-01-14 19:00:00,066 - DSN - INFO - t=440: B=-11797.08, Cut=6202, Best=7367
2026-01-14 19:00:00,642 - DSN - INFO - t=480: B=-11794.29, Cut=6449, Best=7367
2026-01-14 19:00:00,933 - DSN - INFO - DSN GPU done in 6.98s | Cut=7367
2026-01-14 19:00:00,934 - DSN - INFO - Results saved to: results/Gset/DSN_thorough/G38.csv
2026-01-14 19:00:00,934 - DSN - INFO - Cut: 7367 | Bound: -11793.18 | Time: 6.98s
2026-01-14 19:00:00,935 - DSN - INFO - Initialized DSN_thorough | preset=thorough | GPU=True
2026-01-14 19:00:00,935 - DSN - INFO - Params: η=0.003, T=500, init=degree, LS=True
2026-01-14 19:00:00,935 - DSN - INFO - Using GPU solver (CuPy)
2026-01-14 19:00:00,937 - DSN - INFO - DSN GPU Solver: n=2000, edges=11779
2026-01-14 19:00:00,937 - DSN - INFO - DSN GPU: T=500, η=0.003, LS=True
2026-01-14 19:00:00,999 - DSN - INFO - t=000: B=-27098.18, Cut=7338, Best=7338 [LS]
2026-01-14 19:00:01,525 - DSN - INFO - t=040: B=-12529.32, Cut=6503, Best=7338
2026-01-14 19:00:02,094 - DSN - INFO - t=080: B=-12078.08, Cut=6548, Best=7338
2026-01-14 19:00:02,657 - DSN - INFO - t=120: B=-11943.92, Cut=4578, Best=7338
2026-01-14 19:00:03,215 - DSN - INFO - t=160: B=-11884.78, Cut=6550, Best=7338
2026-01-14 19:00:03,776 - DSN - INFO - t=200: B=-11852.80, Cut=7294, Best=7338 [LS]
2026-01-14 19:00:04,307 - DSN - INFO - t=240: B=-11833.34, Cut=6449, Best=7338
2026-01-14 19:00:04,872 - DSN - INFO - t=280: B=-11820.58, Cut=6498, Best=7338
2026-01-14 19:00:05,429 - DSN - INFO - t=320: B=-11811.75, Cut=6549, Best=7338
2026-01-14 19:00:05,992 - DSN - INFO - t=360: B=-11805.39, Cut=6191, Best=7338
2026-01-14 19:00:06,569 - DSN - INFO - t=400: B=-11800.67, Cut=7336, Best=7338 [LS]
2026-01-14 19:00:07,095 - DSN - INFO - t=440: B=-11797.08, Cut=6449, Best=7338
2026-01-14 19:00:07,655 - DSN - INFO - t=480: B=-11794.29, Cut=2733, Best=7338
2026-01-14 19:00:07,957 - DSN - INFO - DSN GPU done in 7.02s | Cut=7338
2026-01-14 19:00:07,961 - DSN - INFO - Results saved to: results/Gset/DSN_thorough/G38.csv
2026-01-14 19:00:07,961 - DSN - INFO - Cut: 7338 | Bound: -11793.18 | Time: 7.02s
2026-01-14 19:00:07,961 - DSN - INFO - Initialized DSN_thorough | preset=thorough | GPU=True
2026-01-14 19:00:07,961 - DSN - INFO - Params: η=0.003, T=500, init=degree, LS=True
2026-01-14 19:00:07,961 - DSN - INFO - Using GPU solver (CuPy)
2026-01-14 19:00:07,963 - DSN - INFO - DSN GPU Solver: n=2000, edges=11779
2026-01-14 19:00:07,963 - DSN - INFO - DSN GPU: T=500, η=0.003, LS=True
2026-01-14 19:00:08,026 - DSN - INFO - t=000: B=-27098.18, Cut=7358, Best=7358 [LS]
2026-01-14 19:00:08,552 - DSN - INFO - t=040: B=-12529.32, Cut=5678, Best=7358
2026-01-14 19:00:09,111 - DSN - INFO - t=080: B=-12078.08, Cut=6132, Best=7358
2026-01-14 19:00:09,675 - DSN - INFO - t=120: B=-11943.92, Cut=6006, Best=7358
2026-01-14 19:00:10,230 - DSN - INFO - t=160: B=-11884.78, Cut=6541, Best=7358
2026-01-14 19:00:10,788 - DSN - INFO - t=200: B=-11852.80, Cut=7287, Best=7358 [LS]
2026-01-14 19:00:11,315 - DSN - INFO - t=240: B=-11833.34, Cut=6233, Best=7358
2026-01-14 19:00:11,875 - DSN - INFO - t=280: B=-11820.58, Cut=5675, Best=7358
2026-01-14 19:00:12,441 - DSN - INFO - t=320: B=-11811.75, Cut=6136, Best=7358
2026-01-14 19:00:12,999 - DSN - INFO - t=360: B=-11805.39, Cut=163, Best=7358
2026-01-14 19:00:13,558 - DSN - INFO - t=400: B=-11800.67, Cut=7322, Best=7358 [LS]
2026-01-14 19:00:14,084 - DSN - INFO - t=440: B=-11797.08, Cut=6549, Best=7358
2026-01-14 19:00:14,668 - DSN - INFO - t=480: B=-11794.29, Cut=5925, Best=7358
2026-01-14 19:00:14,985 - DSN - INFO - DSN GPU done in 7.02s | Cut=7358
2026-01-14 19:00:14,989 - DSN - INFO - Results saved to: results/Gset/DSN_thorough/G38.csv
2026-01-14 19:00:14,989 - DSN - INFO - Cut: 7358 | Bound: -11793.18 | Time: 7.02s
2026-01-14 19:00:14,989 - DSN - INFO - Initialized DSN_thorough | preset=thorough | GPU=True
2026-01-14 19:00:14,989 - DSN - INFO - Params: η=0.003, T=500, init=degree, LS=True
2026-01-14 19:00:14,989 - DSN - INFO - Using GPU solver (CuPy)
2026-01-14 19:00:14,991 - DSN - INFO - DSN GPU Solver: n=2000, edges=11779
2026-01-14 19:00:14,991 - DSN - INFO - DSN GPU: T=500, η=0.003, LS=True
2026-01-14 19:00:15,055 - DSN - INFO - t=000: B=-27098.18, Cut=7367, Best=7367 [LS]
2026-01-14 19:00:15,583 - DSN - INFO - t=040: B=-12529.32, Cut=6388, Best=7367
2026-01-14 19:00:16,139 - DSN - INFO - t=080: B=-12078.08, Cut=6488, Best=7367
2026-01-14 19:00:16,696 - DSN - INFO - t=120: B=-11943.92, Cut=6449, Best=7367
2026-01-14 19:00:17,250 - DSN - INFO - t=160: B=-11884.78, Cut=6191, Best=7367
2026-01-14 19:00:17,811 - DSN - INFO - t=200: B=-11852.80, Cut=7319, Best=7367 [LS]
2026-01-14 19:00:18,334 - DSN - INFO - t=240: B=-11833.34, Cut=1403, Best=7367
2026-01-14 19:00:18,903 - DSN - INFO - t=280: B=-11820.58, Cut=6258, Best=7367
2026-01-14 19:00:19,473 - DSN - INFO - t=320: B=-11811.75, Cut=1473, Best=7367
2026-01-14 19:00:20,039 - DSN - INFO - t=360: B=-11805.39, Cut=8, Best=7367
2026-01-14 19:00:20,599 - DSN - INFO - t=400: B=-11800.67, Cut=7307, Best=7367 [LS]
2026-01-14 19:00:21,126 - DSN - INFO - t=440: B=-11797.08, Cut=6205, Best=7367
2026-01-14 19:00:21,691 - DSN - INFO - t=480: B=-11794.29, Cut=6561, Best=7367
2026-01-14 19:00:21,987 - DSN - INFO - DSN GPU done in 7.00s | Cut=7367
2026-01-14 19:00:21,990 - DSN - INFO - Results saved to: results/Gset/DSN_thorough/G38.csv
2026-01-14 19:00:21,990 - DSN - INFO - Cut: 7367 | Bound: -11793.18 | Time: 7.00s
2026-01-14 19:00:21,991 - DSN - INFO - Initialized DSN_thorough | preset=thorough | GPU=True
2026-01-14 19:00:21,991 - DSN - INFO - Params: η=0.003, T=500, init=degree, LS=True
2026-01-14 19:00:21,991 - DSN - INFO - Using GPU solver (CuPy)
2026-01-14 19:00:21,993 - DSN - INFO - DSN GPU Solver: n=2000, edges=11779
2026-01-14 19:00:21,993 - DSN - INFO - DSN GPU: T=500, η=0.003, LS=True
2026-01-14 19:00:22,056 - DSN - INFO - t=000: B=-27098.17, Cut=7342, Best=7342 [LS]
2026-01-14 19:00:22,583 - DSN - INFO - t=040: B=-12529.32, Cut=6400, Best=7342
2026-01-14 19:00:23,143 - DSN - INFO - t=080: B=-12078.08, Cut=6425, Best=7342
2026-01-14 19:00:23,702 - DSN - INFO - t=120: B=-11943.92, Cut=6548, Best=7342
2026-01-14 19:00:24,267 - DSN - INFO - t=160: B=-11884.78, Cut=6141, Best=7342
2026-01-14 19:00:24,832 - DSN - INFO - t=200: B=-11852.80, Cut=7301, Best=7342 [LS]
2026-01-14 19:00:25,362 - DSN - INFO - t=240: B=-11833.34, Cut=5669, Best=7342
2026-01-14 19:00:25,952 - DSN - INFO - t=280: B=-11820.58, Cut=6549, Best=7342
2026-01-14 19:00:26,518 - DSN - INFO - t=320: B=-11811.75, Cut=163, Best=7342
2026-01-14 19:00:27,080 - DSN - INFO - t=360: B=-11805.39, Cut=5403, Best=7342
2026-01-14 19:00:27,644 - DSN - INFO - t=400: B=-11800.67, Cut=7315, Best=7342 [LS]
2026-01-14 19:00:28,171 - DSN - INFO - t=440: B=-11797.08, Cut=6449, Best=7342
2026-01-14 19:00:28,725 - DSN - INFO - t=480: B=-11794.29, Cut=4851, Best=7342
2026-01-14 19:00:29,019 - DSN - INFO - DSN GPU done in 7.03s | Cut=7342
2026-01-14 19:00:29,023 - DSN - INFO - Results saved to: results/Gset/DSN_thorough/G38.csv
2026-01-14 19:00:29,023 - DSN - INFO - Cut: 7342 | Bound: -11793.18 | Time: 7.03s
2026-01-14 19:00:29,023 - DSN - INFO - Initialized DSN_thorough | preset=thorough | GPU=True
2026-01-14 19:00:29,023 - DSN - INFO - Params: η=0.003, T=500, init=degree, LS=True
2026-01-14 19:00:29,023 - DSN - INFO - Using GPU solver (CuPy)
2026-01-14 19:00:29,025 - DSN - INFO - DSN GPU Solver: n=2000, edges=11779
2026-01-14 19:00:29,025 - DSN - INFO - DSN GPU: T=500, η=0.003, LS=True
2026-01-14 19:00:29,089 - DSN - INFO - t=000: B=-27098.18, Cut=7366, Best=7366 [LS]
2026-01-14 19:00:29,615 - DSN - INFO - t=040: B=-12529.32, Cut=5757, Best=7366
2026-01-14 19:00:30,178 - DSN - INFO - t=080: B=-12078.08, Cut=6126, Best=7366
2026-01-14 19:00:30,743 - DSN - INFO - t=120: B=-11943.92, Cut=5898, Best=7366
2026-01-14 19:00:31,300 - DSN - INFO - t=160: B=-11884.78, Cut=3759, Best=7366
2026-01-14 19:00:31,862 - DSN - INFO - t=200: B=-11852.80, Cut=7309, Best=7366 [LS]
2026-01-14 19:00:32,386 - DSN - INFO - t=240: B=-11833.34, Cut=5647, Best=7366
2026-01-14 19:00:32,943 - DSN - INFO - t=280: B=-11820.58, Cut=6158, Best=7366
2026-01-14 19:00:33,499 - DSN - INFO - t=320: B=-11811.75, Cut=6465, Best=7366
2026-01-14 19:00:34,059 - DSN - INFO - t=360: B=-11805.39, Cut=6202, Best=7366
2026-01-14 19:00:34,618 - DSN - INFO - t=400: B=-11800.67, Cut=7285, Best=7366 [LS]
2026-01-14 19:00:35,142 - DSN - INFO - t=440: B=-11797.08, Cut=6549, Best=7366
2026-01-14 19:00:35,703 - DSN - INFO - t=480: B=-11794.29, Cut=5747, Best=7366
2026-01-14 19:00:36,011 - DSN - INFO - DSN GPU done in 6.99s | Cut=7366
2026-01-14 19:00:36,014 - DSN - INFO - Results saved to: results/Gset/DSN_thorough/G38.csv
2026-01-14 19:00:36,015 - DSN - INFO - Cut: 7366 | Bound: -11793.18 | Time: 6.99s
2026-01-14 19:00:36,015 - DSN - INFO - Initialized DSN_thorough | preset=thorough | GPU=True
2026-01-14 19:00:36,015 - DSN - INFO - Params: η=0.003, T=500, init=degree, LS=True
2026-01-14 19:00:36,015 - DSN - INFO - Using GPU solver (CuPy)
2026-01-14 19:00:36,017 - DSN - INFO - DSN GPU Solver: n=2000, edges=11779
2026-01-14 19:00:36,017 - DSN - INFO - DSN GPU: T=500, η=0.003, LS=True
2026-01-14 19:00:36,082 - DSN - INFO - t=000: B=-27098.17, Cut=7348, Best=7348 [LS]
2026-01-14 19:00:36,609 - DSN - INFO - t=040: B=-12529.32, Cut=6197, Best=7348
2026-01-14 19:00:37,173 - DSN - INFO - t=080: B=-12078.08, Cut=6548, Best=7348
2026-01-14 19:00:37,733 - DSN - INFO - t=120: B=-11943.92, Cut=6213, Best=7348
2026-01-14 19:00:38,298 - DSN - INFO - t=160: B=-11884.78, Cut=6484, Best=7348
2026-01-14 19:00:38,856 - DSN - INFO - t=200: B=-11852.80, Cut=7291, Best=7348 [LS]
2026-01-14 19:00:39,381 - DSN - INFO - t=240: B=-11833.34, Cut=0, Best=7348
2026-01-14 19:00:39,945 - DSN - INFO - t=280: B=-11820.58, Cut=6158, Best=7348
2026-01-14 19:00:40,501 - DSN - INFO - t=320: B=-11811.75, Cut=0, Best=7348
2026-01-14 19:00:41,089 - DSN - INFO - t=360: B=-11805.39, Cut=5537, Best=7348
2026-01-14 19:00:41,649 - DSN - INFO - t=400: B=-11800.67, Cut=7306, Best=7348 [LS]
2026-01-14 19:00:42,178 - DSN - INFO - t=440: B=-11797.08, Cut=6536, Best=7348
2026-01-14 19:00:42,750 - DSN - INFO - t=480: B=-11794.29, Cut=5475, Best=7349
2026-01-14 19:00:43,038 - DSN - INFO - DSN GPU done in 7.02s | Cut=7349
2026-01-14 19:00:43,042 - DSN - INFO - Results saved to: results/Gset/DSN_thorough/G38.csv
2026-01-14 19:00:43,042 - DSN - INFO - Cut: 7349 | Bound: -11793.18 | Time: 7.02s
2026-01-14 19:00:43,042 - DSN - INFO - Initialized DSN_thorough | preset=thorough | GPU=True
2026-01-14 19:00:43,042 - DSN - INFO - Params: η=0.003, T=500, init=degree, LS=True
2026-01-14 19:00:43,042 - DSN - INFO - Using GPU solver (CuPy)
2026-01-14 19:00:43,044 - DSN - INFO - DSN GPU Solver: n=2000, edges=11779
2026-01-14 19:00:43,044 - DSN - INFO - DSN GPU: T=500, η=0.003, LS=True
2026-01-14 19:00:43,108 - DSN - INFO - t=000: B=-27098.18, Cut=7344, Best=7344 [LS]
2026-01-14 19:00:43,633 - DSN - INFO - t=040: B=-12529.32, Cut=6496, Best=7344
2026-01-14 19:00:44,189 - DSN - INFO - t=080: B=-12078.08, Cut=6541, Best=7344
2026-01-14 19:00:44,748 - DSN - INFO - t=120: B=-11943.92, Cut=5885, Best=7344
2026-01-14 19:00:45,306 - DSN - INFO - t=160: B=-11884.78, Cut=6552, Best=7344
2026-01-14 19:00:45,870 - DSN - INFO - t=200: B=-11852.80, Cut=7315, Best=7344 [LS]
2026-01-14 19:00:46,398 - DSN - INFO - t=240: B=-11833.34, Cut=4836, Best=7344
2026-01-14 19:00:46,946 - DSN - INFO - t=280: B=-11820.58, Cut=4579, Best=7344
2026-01-14 19:00:47,510 - DSN - INFO - t=320: B=-11811.75, Cut=6281, Best=7344
2026-01-14 19:00:48,097 - DSN - INFO - t=360: B=-11805.39, Cut=6449, Best=7347
2026-01-14 19:00:48,663 - DSN - INFO - t=400: B=-11800.67, Cut=7307, Best=7347 [LS]
2026-01-14 19:00:49,194 - DSN - INFO - t=440: B=-11797.08, Cut=4851, Best=7347
2026-01-14 19:00:49,750 - DSN - INFO - t=480: B=-11794.29, Cut=6549, Best=7347
2026-01-14 19:00:50,070 - DSN - INFO - DSN GPU done in 7.03s | Cut=7347
2026-01-14 19:00:50,073 - DSN - INFO - Results saved to: results/Gset/DSN_thorough/G38.csv
2026-01-14 19:00:50,074 - DSN - INFO - Cut: 7347 | Bound: -11793.18 | Time: 7.03s
2026-01-14 19:00:50,074 - DSN - INFO - Initialized DSN_thorough | preset=thorough | GPU=True
2026-01-14 19:00:50,074 - DSN - INFO - Params: η=0.003, T=500, init=degree, LS=True
2026-01-14 19:00:50,074 - DSN - INFO - Using GPU solver (CuPy)
2026-01-14 19:00:50,076 - DSN - INFO - DSN GPU Solver: n=2000, edges=11779
2026-01-14 19:00:50,076 - DSN - INFO - DSN GPU: T=500, η=0.003, LS=True
2026-01-14 19:00:50,140 - DSN - INFO - t=000: B=-27098.18, Cut=7332, Best=7332 [LS]
2026-01-14 19:00:50,662 - DSN - INFO - t=040: B=-12529.32, Cut=6513, Best=7332
2026-01-14 19:00:51,216 - DSN - INFO - t=080: B=-12078.08, Cut=6452, Best=7332
2026-01-14 19:00:51,776 - DSN - INFO - t=120: B=-11943.92, Cut=6544, Best=7332
2026-01-14 19:00:52,332 - DSN - INFO - t=160: B=-11884.78, Cut=6546, Best=7332
2026-01-14 19:00:52,886 - DSN - INFO - t=200: B=-11852.80, Cut=7323, Best=7332 [LS]
2026-01-14 19:00:53,416 - DSN - INFO - t=240: B=-11833.34, Cut=5737, Best=7332
2026-01-14 19:00:53,971 - DSN - INFO - t=280: B=-11820.58, Cut=5737, Best=7332
2026-01-14 19:00:54,535 - DSN - INFO - t=320: B=-11811.75, Cut=5639, Best=7332
2026-01-14 19:00:55,111 - DSN - INFO - t=360: B=-11805.39, Cut=163, Best=7332
2026-01-14 19:00:55,672 - DSN - INFO - t=400: B=-11800.67, Cut=7307, Best=7332 [LS]
2026-01-14 19:00:56,199 - DSN - INFO - t=440: B=-11797.08, Cut=6359, Best=7332
2026-01-14 19:00:56,756 - DSN - INFO - t=480: B=-11794.29, Cut=4851, Best=7332
2026-01-14 19:00:57,051 - DSN - INFO - DSN GPU done in 6.98s | Cut=7332
2026-01-14 19:00:57,055 - DSN - INFO - Results saved to: results/Gset/DSN_thorough/G38.csv
2026-01-14 19:00:57,055 - DSN - INFO - Cut: 7332 | Bound: -11793.18 | Time: 6.98s
2026-01-14 19:00:57,055 - DSN - INFO - Initialized DSN_thorough | preset=thorough | GPU=True
2026-01-14 19:00:57,055 - DSN - INFO - Params: η=0.003, T=500, init=degree, LS=True
2026-01-14 19:00:57,055 - DSN - INFO - Using GPU solver (CuPy)
2026-01-14 19:00:57,057 - DSN - INFO - DSN GPU Solver: n=2000, edges=11779
2026-01-14 19:00:57,057 - DSN - INFO - DSN GPU: T=500, η=0.003, LS=True
2026-01-14 19:00:57,121 - DSN - INFO - t=000: B=-27098.18, Cut=7342, Best=7342 [LS]
2026-01-14 19:00:57,644 - DSN - INFO - t=040: B=-12529.32, Cut=6342, Best=7342
2026-01-14 19:00:58,205 - DSN - INFO - t=080: B=-12078.08, Cut=6419, Best=7342
2026-01-14 19:00:58,767 - DSN - INFO - t=120: B=-11943.92, Cut=6538, Best=7342
2026-01-14 19:00:59,321 - DSN - INFO - t=160: B=-11884.78, Cut=6521, Best=7342
2026-01-14 19:00:59,886 - DSN - INFO - t=200: B=-11852.80, Cut=7324, Best=7342 [LS]
2026-01-14 19:01:00,414 - DSN - INFO - t=240: B=-11833.34, Cut=4826, Best=7342
2026-01-14 19:01:00,972 - DSN - INFO - t=280: B=-11820.58, Cut=5758, Best=7342
2026-01-14 19:01:01,557 - DSN - INFO - t=320: B=-11811.75, Cut=6147, Best=7344
2026-01-14 19:01:02,110 - DSN - INFO - t=360: B=-11805.39, Cut=5747, Best=7344
2026-01-14 19:01:02,674 - DSN - INFO - t=400: B=-11800.67, Cut=7305, Best=7344 [LS]
2026-01-14 19:01:03,198 - DSN - INFO - t=440: B=-11797.08, Cut=3175, Best=7344
2026-01-14 19:01:03,755 - DSN - INFO - t=480: B=-11794.29, Cut=6449, Best=7344
2026-01-14 19:01:04,044 - DSN - INFO - DSN GPU done in 6.99s | Cut=7344
2026-01-14 19:01:04,048 - DSN - INFO - Results saved to: results/Gset/DSN_thorough/G38.csv
2026-01-14 19:01:04,048 - DSN - INFO - Cut: 7344 | Bound: -11793.18 | Time: 6.99s
2026-01-14 19:01:04,066 - DSN - INFO - Initialized DSN_thorough | preset=thorough | GPU=True
2026-01-14 19:01:04,066 - DSN - INFO - Params: η=0.003, T=500, init=degree, LS=True
2026-01-14 19:01:04,066 - DSN - INFO - Using GPU solver (CuPy)
2026-01-14 19:01:04,068 - DSN - INFO - DSN GPU Solver: n=2000, edges=11778
2026-01-14 19:01:04,068 - DSN - INFO - DSN GPU: T=500, η=0.003, LS=True
2026-01-14 19:01:04,149 - DSN - INFO - t=000: B=-16060.55, Cut=1952, Best=1952 [LS]
2026-01-14 19:01:06,037 - DSN - INFO - t=040: B=-6282.45, Cut=-37, Best=1952
2026-01-14 19:01:08,639 - DSN - INFO - t=080: B=-5971.90, Cut=-66, Best=1981
2026-01-14 19:01:11,253 - DSN - INFO - t=120: B=-5876.99, Cut=-102, Best=1981
2026-01-14 19:01:13,878 - DSN - INFO - t=160: B=-5839.84, Cut=-11, Best=1981
2026-01-14 19:01:16,497 - DSN - INFO - t=200: B=-5816.79, Cut=1963, Best=1981 [LS]
2026-01-14 19:01:19,061 - DSN - INFO - t=240: B=-5805.25, Cut=-4, Best=1981
2026-01-14 19:01:21,677 - DSN - INFO - t=280: B=-5796.38, Cut=-3, Best=1981
2026-01-14 19:01:24,304 - DSN - INFO - t=320: B=-5787.72, Cut=-14, Best=1981
2026-01-14 19:01:26,929 - DSN - INFO - t=360: B=-5786.07, Cut=-35, Best=1981
2026-01-14 19:01:29,542 - DSN - INFO - t=400: B=-5768.66, Cut=1992, Best=1992 [LS]
2026-01-14 19:01:32,100 - DSN - INFO - t=440: B=-5768.93, Cut=-44, Best=1992
2026-01-14 19:01:34,710 - DSN - INFO - t=480: B=-5760.62, Cut=29, Best=1992
2026-01-14 19:01:35,994 - DSN - INFO - DSN GPU done in 31.93s | Cut=2020
2026-01-14 19:01:35,996 - DSN - INFO - Results saved to: results/Gset/DSN_thorough/G39.csv
2026-01-14 19:01:35,996 - DSN - INFO - Cut: 2020 | Bound: -5758.25 | Time: 31.93s
2026-01-14 19:01:35,996 - DSN - INFO - Initialized DSN_thorough | preset=thorough | GPU=True
2026-01-14 19:01:35,996 - DSN - INFO - Params: η=0.003, T=500, init=degree, LS=True
2026-01-14 19:01:35,996 - DSN - INFO - Using GPU solver (CuPy)
2026-01-14 19:01:35,998 - DSN - INFO - DSN GPU Solver: n=2000, edges=11778
2026-01-14 19:01:35,998 - DSN - INFO - DSN GPU: T=500, η=0.003, LS=True
2026-01-14 19:01:36,082 - DSN - INFO - t=000: B=-16060.55, Cut=1967, Best=1967 [LS]
2026-01-14 19:01:37,957 - DSN - INFO - t=040: B=-6283.64, Cut=-32, Best=1967
2026-01-14 19:01:40,571 - DSN - INFO - t=080: B=-5980.40, Cut=-104, Best=1981
2026-01-14 19:01:43,193 - DSN - INFO - t=120: B=-5876.65, Cut=-60, Best=1981
2026-01-14 19:01:45,797 - DSN - INFO - t=160: B=-5835.78, Cut=-29, Best=1981
2026-01-14 19:01:48,422 - DSN - INFO - t=200: B=-5818.69, Cut=1982, Best=1982 [LS]
2026-01-14 19:01:50,983 - DSN - INFO - t=240: B=-5806.54, Cut=1, Best=1982
2026-01-14 19:01:53,596 - DSN - INFO - t=280: B=-5799.47, Cut=32, Best=1982
2026-01-14 19:01:56,213 - DSN - INFO - t=320: B=-5778.68, Cut=-1, Best=1982
2026-01-14 19:01:58,821 - DSN - INFO - t=360: B=-5772.43, Cut=3, Best=1982
2026-01-14 19:02:01,446 - DSN - INFO - t=400: B=-5768.53, Cut=1937, Best=1982 [LS]
2026-01-14 19:02:04,015 - DSN - INFO - t=440: B=-5766.61, Cut=1, Best=1982
2026-01-14 19:02:06,645 - DSN - INFO - t=480: B=-5767.38, Cut=-1, Best=1982
2026-01-14 19:02:07,919 - DSN - INFO - DSN GPU done in 31.92s | Cut=1982
2026-01-14 19:02:07,923 - DSN - INFO - Results saved to: results/Gset/DSN_thorough/G39.csv
2026-01-14 19:02:07,923 - DSN - INFO - Cut: 1982 | Bound: -5765.17 | Time: 31.92s
2026-01-14 19:02:07,923 - DSN - INFO - Initialized DSN_thorough | preset=thorough | GPU=True
2026-01-14 19:02:07,923 - DSN - INFO - Params: η=0.003, T=500, init=degree, LS=True
2026-01-14 19:02:07,923 - DSN - INFO - Using GPU solver (CuPy)
2026-01-14 19:02:07,925 - DSN - INFO - DSN GPU Solver: n=2000, edges=11778
2026-01-14 19:02:07,925 - DSN - INFO - DSN GPU: T=500, η=0.003, LS=True
2026-01-14 19:02:08,007 - DSN - INFO - t=000: B=-16060.55, Cut=1975, Best=1975 [LS]
2026-01-14 19:02:09,887 - DSN - INFO - t=040: B=-6283.40, Cut=1, Best=1975
2026-01-14 19:02:12,493 - DSN - INFO - t=080: B=-5982.22, Cut=7, Best=1975
2026-01-14 19:02:15,101 - DSN - INFO - t=120: B=-5879.27, Cut=-133, Best=1979
2026-01-14 19:02:17,728 - DSN - INFO - t=160: B=-5841.48, Cut=-10, Best=1979
2026-01-14 19:02:20,360 - DSN - INFO - t=200: B=-5821.19, Cut=1979, Best=1979 [LS]
2026-01-14 19:02:22,929 - DSN - INFO - t=240: B=-5809.44, Cut=-42, Best=1979
2026-01-14 19:02:25,547 - DSN - INFO - t=280: B=-5800.12, Cut=-33, Best=1985
2026-01-14 19:02:28,165 - DSN - INFO - t=320: B=-5792.59, Cut=36, Best=1985
2026-01-14 19:02:30,779 - DSN - INFO - t=360: B=-5773.71, Cut=-73, Best=1985
2026-01-14 19:02:33,397 - DSN - INFO - t=400: B=-5766.29, Cut=1934, Best=1985 [LS]
2026-01-14 19:02:35,952 - DSN - INFO - t=440: B=-5766.02, Cut=-3, Best=1985
2026-01-14 19:02:38,568 - DSN - INFO - t=480: B=-5762.74, Cut=-29, Best=1985
2026-01-14 19:02:39,839 - DSN - INFO - DSN GPU done in 31.91s | Cut=1985
2026-01-14 19:02:39,843 - DSN - INFO - Results saved to: results/Gset/DSN_thorough/G39.csv
2026-01-14 19:02:39,843 - DSN - INFO - Cut: 1985 | Bound: -5760.73 | Time: 31.92s
2026-01-14 19:02:39,843 - DSN - INFO - Initialized DSN_thorough | preset=thorough | GPU=True
2026-01-14 19:02:39,843 - DSN - INFO - Params: η=0.003, T=500, init=degree, LS=True
2026-01-14 19:02:39,843 - DSN - INFO - Using GPU solver (CuPy)
2026-01-14 19:02:39,845 - DSN - INFO - DSN GPU Solver: n=2000, edges=11778
2026-01-14 19:02:39,845 - DSN - INFO - DSN GPU: T=500, η=0.003, LS=True
2026-01-14 19:02:39,926 - DSN - INFO - t=000: B=-16060.55, Cut=1952, Best=1952 [LS]
2026-01-14 19:02:41,795 - DSN - INFO - t=040: B=-6283.73, Cut=-1, Best=1952
2026-01-14 19:02:44,400 - DSN - INFO - t=080: B=-5976.67, Cut=-61, Best=1952
2026-01-14 19:02:47,017 - DSN - INFO - t=120: B=-5878.22, Cut=-3, Best=1996
2026-01-14 19:02:49,629 - DSN - INFO - t=160: B=-5838.21, Cut=-44, Best=1996
2026-01-14 19:02:52,232 - DSN - INFO - t=200: B=-5810.82, Cut=1963, Best=1996 [LS]
2026-01-14 19:02:54,800 - DSN - INFO - t=240: B=-5801.17, Cut=-90, Best=1996
2026-01-14 19:02:57,415 - DSN - INFO - t=280: B=-5802.27, Cut=3, Best=1996
2026-01-14 19:03:00,041 - DSN - INFO - t=320: B=-5796.86, Cut=-170, Best=1996
2026-01-14 19:03:02,659 - DSN - INFO - t=360: B=-5773.24, Cut=-68, Best=1996
2026-01-14 19:03:05,282 - DSN - INFO - t=400: B=-5768.54, Cut=1945, Best=1996 [LS]
2026-01-14 19:03:07,839 - DSN - INFO - t=440: B=-5765.43, Cut=-37, Best=1996
2026-01-14 19:03:10,454 - DSN - INFO - t=480: B=-5761.46, Cut=-37, Best=1996
2026-01-14 19:03:11,732 - DSN - INFO - DSN GPU done in 31.89s | Cut=1996
2026-01-14 19:03:11,736 - DSN - INFO - Results saved to: results/Gset/DSN_thorough/G39.csv
2026-01-14 19:03:11,736 - DSN - INFO - Cut: 1996 | Bound: -5761.46 | Time: 31.89s
2026-01-14 19:03:11,736 - DSN - INFO - Initialized DSN_thorough | preset=thorough | GPU=True
2026-01-14 19:03:11,736 - DSN - INFO - Params: η=0.003, T=500, init=degree, LS=True
2026-01-14 19:03:11,736 - DSN - INFO - Using GPU solver (CuPy)
2026-01-14 19:03:11,738 - DSN - INFO - DSN GPU Solver: n=2000, edges=11778
2026-01-14 19:03:11,739 - DSN - INFO - DSN GPU: T=500, η=0.003, LS=True
2026-01-14 19:03:11,822 - DSN - INFO - t=000: B=-16060.55, Cut=1942, Best=1942 [LS]
2026-01-14 19:03:13,698 - DSN - INFO - t=040: B=-6283.72, Cut=-27, Best=1942
2026-01-14 19:03:16,303 - DSN - INFO - t=080: B=-5982.60, Cut=-9, Best=2031
2026-01-14 19:03:18,914 - DSN - INFO - t=120: B=-5881.22, Cut=-2, Best=2031
2026-01-14 19:03:21,533 - DSN - INFO - t=160: B=-5836.68, Cut=-18, Best=2031
2026-01-14 19:03:24,151 - DSN - INFO - t=200: B=-5823.17, Cut=2014, Best=2031 [LS]
2026-01-14 19:03:26,710 - DSN - INFO - t=240: B=-5807.52, Cut=-42, Best=2031
2026-01-14 19:03:29,325 - DSN - INFO - t=280: B=-5801.05, Cut=-7, Best=2031
2026-01-14 19:03:31,949 - DSN - INFO - t=320: B=-5786.92, Cut=-107, Best=2031
2026-01-14 19:03:34,567 - DSN - INFO - t=360: B=-5773.31, Cut=-11, Best=2031
2026-01-14 19:03:37,188 - DSN - INFO - t=400: B=-5773.99, Cut=1975, Best=2031 [LS]
2026-01-14 19:03:39,739 - DSN - INFO - t=440: B=-5771.08, Cut=-61, Best=2031
2026-01-14 19:03:42,345 - DSN - INFO - t=480: B=-5764.69, Cut=-51, Best=2031
2026-01-14 19:03:43,623 - DSN - INFO - DSN GPU done in 31.88s | Cut=2031
2026-01-14 19:03:43,628 - DSN - INFO - Results saved to: results/Gset/DSN_thorough/G39.csv
2026-01-14 19:03:43,628 - DSN - INFO - Cut: 2031 | Bound: -5761.21 | Time: 31.89s
2026-01-14 19:03:43,628 - DSN - INFO - Initialized DSN_thorough | preset=thorough | GPU=True
2026-01-14 19:03:43,628 - DSN - INFO - Params: η=0.003, T=500, init=degree, LS=True
2026-01-14 19:03:43,628 - DSN - INFO - Using GPU solver (CuPy)
2026-01-14 19:03:43,631 - DSN - INFO - DSN GPU Solver: n=2000, edges=11778
2026-01-14 19:03:43,631 - DSN - INFO - DSN GPU: T=500, η=0.003, LS=True
2026-01-14 19:03:43,712 - DSN - INFO - t=000: B=-16060.55, Cut=1952, Best=1952 [LS]
2026-01-14 19:03:45,586 - DSN - INFO - t=040: B=-6283.37, Cut=1, Best=1952
2026-01-14 19:03:48,179 - DSN - INFO - t=080: B=-5979.81, Cut=-40, Best=1998
2026-01-14 19:03:50,804 - DSN - INFO - t=120: B=-5881.19, Cut=-14, Best=1998
2026-01-14 19:03:53,417 - DSN - INFO - t=160: B=-5839.15, Cut=-48, Best=1998
2026-01-14 19:03:56,052 - DSN - INFO - t=200: B=-5818.93, Cut=1927, Best=1998 [LS]
2026-01-14 19:03:58,615 - DSN - INFO - t=240: B=-5806.33, Cut=-14, Best=1998
2026-01-14 19:04:01,240 - DSN - INFO - t=280: B=-5799.59, Cut=22, Best=1998
2026-01-14 19:04:03,861 - DSN - INFO - t=320: B=-5778.86, Cut=24, Best=2026
2026-01-14 19:04:06,479 - DSN - INFO - t=360: B=-5775.82, Cut=-23, Best=2026
2026-01-14 19:04:09,101 - DSN - INFO - t=400: B=-5767.67, Cut=1965, Best=2026 [LS]
2026-01-14 19:04:11,655 - DSN - INFO - t=440: B=-5765.53, Cut=-28, Best=2026
2026-01-14 19:04:14,276 - DSN - INFO - t=480: B=-5763.78, Cut=-63, Best=2026
2026-01-14 19:04:15,560 - DSN - INFO - DSN GPU done in 31.93s | Cut=2026
2026-01-14 19:04:15,564 - DSN - INFO - Results saved to: results/Gset/DSN_thorough/G39.csv
2026-01-14 19:04:15,564 - DSN - INFO - Cut: 2026 | Bound: -5762.02 | Time: 31.93s
2026-01-14 19:04:15,564 - DSN - INFO - Initialized DSN_thorough | preset=thorough | GPU=True
2026-01-14 19:04:15,564 - DSN - INFO - Params: η=0.003, T=500, init=degree, LS=True
2026-01-14 19:04:15,564 - DSN - INFO - Using GPU solver (CuPy)
2026-01-14 19:04:15,566 - DSN - INFO - DSN GPU Solver: n=2000, edges=11778
2026-01-14 19:04:15,567 - DSN - INFO - DSN GPU: T=500, η=0.003, LS=True
2026-01-14 19:04:15,650 - DSN - INFO - t=000: B=-16060.55, Cut=1971, Best=1971 [LS]
2026-01-14 19:04:17,532 - DSN - INFO - t=040: B=-6283.20, Cut=1, Best=1971
2026-01-14 19:04:20,135 - DSN - INFO - t=080: B=-5979.10, Cut=-15, Best=1981
2026-01-14 19:04:22,749 - DSN - INFO - t=120: B=-5882.66, Cut=-40, Best=1981
2026-01-14 19:04:25,368 - DSN - INFO - t=160: B=-5841.06, Cut=-38, Best=1981
2026-01-14 19:04:27,987 - DSN - INFO - t=200: B=-5819.39, Cut=1972, Best=1981 [LS]
2026-01-14 19:04:30,541 - DSN - INFO - t=240: B=-5793.07, Cut=-60, Best=1981
2026-01-14 19:04:33,159 - DSN - INFO - t=280: B=-5786.60, Cut=-47, Best=1988
2026-01-14 19:04:35,782 - DSN - INFO - t=320: B=-5784.73, Cut=-6, Best=1994
2026-01-14 19:04:38,405 - DSN - INFO - t=360: B=-5782.79, Cut=-5, Best=1994
2026-01-14 19:04:41,029 - DSN - INFO - t=400: B=-5777.64, Cut=1985, Best=1994 [LS]
2026-01-14 19:04:43,592 - DSN - INFO - t=440: B=-5777.44, Cut=17, Best=1994
2026-01-14 19:04:46,223 - DSN - INFO - t=480: B=-5774.76, Cut=-76, Best=1994
2026-01-14 19:04:47,498 - DSN - INFO - DSN GPU done in 31.93s | Cut=1994
2026-01-14 19:04:47,503 - DSN - INFO - Results saved to: results/Gset/DSN_thorough/G39.csv
2026-01-14 19:04:47,503 - DSN - INFO - Cut: 1994 | Bound: -5773.50 | Time: 31.93s
2026-01-14 19:04:47,503 - DSN - INFO - Initialized DSN_thorough | preset=thorough | GPU=True
2026-01-14 19:04:47,503 - DSN - INFO - Params: η=0.003, T=500, init=degree, LS=True
2026-01-14 19:04:47,503 - DSN - INFO - Using GPU solver (CuPy)
2026-01-14 19:04:47,505 - DSN - INFO - DSN GPU Solver: n=2000, edges=11778
2026-01-14 19:04:47,505 - DSN - INFO - DSN GPU: T=500, η=0.003, LS=True
2026-01-14 19:04:47,587 - DSN - INFO - t=000: B=-16060.55, Cut=1961, Best=1961 [LS]
2026-01-14 19:04:49,473 - DSN - INFO - t=040: B=-6282.68, Cut=-36, Best=1961
2026-01-14 19:04:52,086 - DSN - INFO - t=080: B=-5976.96, Cut=15, Best=2017
2026-01-14 19:04:54,706 - DSN - INFO - t=120: B=-5884.85, Cut=-67, Best=2017
2026-01-14 19:04:57,320 - DSN - INFO - t=160: B=-5840.18, Cut=-52, Best=2017
2026-01-14 19:04:59,948 - DSN - INFO - t=200: B=-5823.43, Cut=1959, Best=2017 [LS]
2026-01-14 19:05:02,507 - DSN - INFO - t=240: B=-5801.58, Cut=-58, Best=2017
2026-01-14 19:05:05,125 - DSN - INFO - t=280: B=-5799.34, Cut=-36, Best=2017
2026-01-14 19:05:07,748 - DSN - INFO - t=320: B=-5779.49, Cut=0, Best=2023
2026-01-14 19:05:10,371 - DSN - INFO - t=360: B=-5776.23, Cut=16, Best=2023
2026-01-14 19:05:12,998 - DSN - INFO - t=400: B=-5774.00, Cut=1990, Best=2023 [LS]
2026-01-14 19:05:15,572 - DSN - INFO - t=440: B=-5765.99, Cut=-62, Best=2023
2026-01-14 19:05:18,189 - DSN - INFO - t=480: B=-5766.25, Cut=-109, Best=2023
2026-01-14 19:05:19,470 - DSN - INFO - DSN GPU done in 31.96s | Cut=2023
2026-01-14 19:05:19,473 - DSN - INFO - Results saved to: results/Gset/DSN_thorough/G39.csv
2026-01-14 19:05:19,473 - DSN - INFO - Cut: 2023 | Bound: -5762.71 | Time: 31.97s
2026-01-14 19:05:19,473 - DSN - INFO - Initialized DSN_thorough | preset=thorough | GPU=True
2026-01-14 19:05:19,474 - DSN - INFO - Params: η=0.003, T=500, init=degree, LS=True
2026-01-14 19:05:19,474 - DSN - INFO - Using GPU solver (CuPy)
2026-01-14 19:05:19,476 - DSN - INFO - DSN GPU Solver: n=2000, edges=11778
2026-01-14 19:05:19,476 - DSN - INFO - DSN GPU: T=500, η=0.003, LS=True
2026-01-14 19:05:19,558 - DSN - INFO - t=000: B=-16060.55, Cut=1973, Best=1973 [LS]
2026-01-14 19:05:21,429 - DSN - INFO - t=040: B=-6283.38, Cut=-13, Best=1973
2026-01-14 19:05:24,040 - DSN - INFO - t=080: B=-5976.91, Cut=-4, Best=2001
2026-01-14 19:05:26,662 - DSN - INFO - t=120: B=-5878.50, Cut=-2, Best=2001
2026-01-14 19:05:29,283 - DSN - INFO - t=160: B=-5842.52, Cut=-40, Best=2001
2026-01-14 19:05:31,904 - DSN - INFO - t=200: B=-5816.56, Cut=1978, Best=2001 [LS]
2026-01-14 19:05:34,472 - DSN - INFO - t=240: B=-5807.04, Cut=24, Best=2001
2026-01-14 19:05:37,098 - DSN - INFO - t=280: B=-5802.19, Cut=-37, Best=2004
2026-01-14 19:05:39,724 - DSN - INFO - t=320: B=-5777.81, Cut=-9, Best=2004
2026-01-14 19:05:42,342 - DSN - INFO - t=360: B=-5770.80, Cut=-67, Best=2004
2026-01-14 19:05:44,975 - DSN - INFO - t=400: B=-5767.52, Cut=1989, Best=2004 [LS]
2026-01-14 19:05:47,533 - DSN - INFO - t=440: B=-5764.85, Cut=-31, Best=2004
2026-01-14 19:05:50,154 - DSN - INFO - t=480: B=-5763.51, Cut=-39, Best=2004
2026-01-14 19:05:51,438 - DSN - INFO - DSN GPU done in 31.96s | Cut=2004
2026-01-14 19:05:51,442 - DSN - INFO - Results saved to: results/Gset/DSN_thorough/G39.csv
2026-01-14 19:05:51,442 - DSN - INFO - Cut: 2004 | Bound: -5762.03 | Time: 31.96s
2026-01-14 19:05:51,442 - DSN - INFO - Initialized DSN_thorough | preset=thorough | GPU=True
2026-01-14 19:05:51,442 - DSN - INFO - Params: η=0.003, T=500, init=degree, LS=True
2026-01-14 19:05:51,442 - DSN - INFO - Using GPU solver (CuPy)
2026-01-14 19:05:51,444 - DSN - INFO - DSN GPU Solver: n=2000, edges=11778
2026-01-14 19:05:51,444 - DSN - INFO - DSN GPU: T=500, η=0.003, LS=True
2026-01-14 19:05:51,526 - DSN - INFO - t=000: B=-16060.55, Cut=1973, Best=1973 [LS]
2026-01-14 19:05:53,405 - DSN - INFO - t=040: B=-6283.53, Cut=1, Best=1973
2026-01-14 19:05:56,000 - DSN - INFO - t=080: B=-5981.15, Cut=-45, Best=1973
2026-01-14 19:05:58,624 - DSN - INFO - t=120: B=-5886.59, Cut=-40, Best=1981
2026-01-14 19:06:01,261 - DSN - INFO - t=160: B=-5841.59, Cut=-15, Best=1981
2026-01-14 19:06:03,888 - DSN - INFO - t=200: B=-5827.94, Cut=1960, Best=1981 [LS]
2026-01-14 19:06:06,455 - DSN - INFO - t=240: B=-5805.23, Cut=-21, Best=1981
2026-01-14 19:06:09,069 - DSN - INFO - t=280: B=-5800.38, Cut=10, Best=1981
2026-01-14 19:06:11,692 - DSN - INFO - t=320: B=-5794.07, Cut=-7, Best=1981
2026-01-14 19:06:14,312 - DSN - INFO - t=360: B=-5776.34, Cut=16, Best=1981
2026-01-14 19:06:16,926 - DSN - INFO - t=400: B=-5774.80, Cut=1976, Best=1981 [LS]
2026-01-14 19:06:19,493 - DSN - INFO - t=440: B=-5769.90, Cut=-23, Best=1981
2026-01-14 19:06:22,123 - DSN - INFO - t=480: B=-5769.98, Cut=24, Best=1982
2026-01-14 19:06:23,404 - DSN - INFO - DSN GPU done in 31.96s | Cut=2005
2026-01-14 19:06:23,408 - DSN - INFO - Results saved to: results/Gset/DSN_thorough/G39.csv
2026-01-14 19:06:23,408 - DSN - INFO - Cut: 2005 | Bound: -5762.85 | Time: 31.96s
2026-01-14 19:06:23,437 - DSN - INFO - Initialized DSN_thorough | preset=thorough | GPU=True
2026-01-14 19:06:23,437 - DSN - INFO - Params: η=0.003, T=500, init=degree, LS=True
2026-01-14 19:06:23,437 - DSN - INFO - Using GPU solver (CuPy)
2026-01-14 19:06:23,440 - DSN - INFO - DSN GPU Solver: n=800, edges=19176
2026-01-14 19:06:23,440 - DSN - INFO - DSN GPU: T=500, η=0.003, LS=True
2026-01-14 19:06:23,496 - DSN - INFO - t=000: B=-19556.28, Cut=11384, Best=11384 [LS]
2026-01-14 19:06:24,025 - DSN - INFO - t=040: B=-19176.01, Cut=0, Best=11384
2026-01-14 19:06:24,600 - DSN - INFO - t=080: B=-19176.00, Cut=0, Best=11384
2026-01-14 19:06:25,192 - DSN - INFO - t=120: B=-19176.00, Cut=0, Best=11384
2026-01-14 19:06:25,768 - DSN - INFO - t=160: B=-19176.00, Cut=0, Best=11384
2026-01-14 19:06:26,347 - DSN - INFO - t=200: B=-19176.00, Cut=11384, Best=11384 [LS]
2026-01-14 19:06:26,871 - DSN - INFO - t=240: B=-19176.00, Cut=0, Best=11384
2026-01-14 19:06:27,423 - DSN - INFO - t=280: B=-19176.00, Cut=0, Best=11384
2026-01-14 19:06:27,979 - DSN - INFO - t=320: B=-19176.00, Cut=0, Best=11384
2026-01-14 19:06:28,535 - DSN - INFO - t=360: B=-19176.00, Cut=0, Best=11384
2026-01-14 19:06:29,084 - DSN - INFO - t=400: B=-19176.00, Cut=11384, Best=11384 [LS]
2026-01-14 19:06:29,596 - DSN - INFO - t=440: B=-19176.00, Cut=0, Best=11384
2026-01-14 19:06:30,146 - DSN - INFO - t=480: B=-19176.00, Cut=0, Best=11384
2026-01-14 19:06:30,431 - DSN - INFO - DSN GPU done in 6.99s | Cut=11384
2026-01-14 19:06:30,433 - DSN - INFO - Results saved to: results/Gset/DSN_thorough/G4.csv
2026-01-14 19:06:30,433 - DSN - INFO - Cut: 11384 | Bound: -19176.00 | Time: 6.99s
2026-01-14 19:06:30,433 - DSN - INFO - Initialized DSN_thorough | preset=thorough | GPU=True
2026-01-14 19:06:30,433 - DSN - INFO - Params: η=0.003, T=500, init=degree, LS=True
2026-01-14 19:06:30,433 - DSN - INFO - Using GPU solver (CuPy)
2026-01-14 19:06:30,435 - DSN - INFO - DSN GPU Solver: n=800, edges=19176
2026-01-14 19:06:30,435 - DSN - INFO - DSN GPU: T=500, η=0.003, LS=True
2026-01-14 19:06:30,491 - DSN - INFO - t=000: B=-19556.28, Cut=11384, Best=11384 [LS]
2026-01-14 19:06:31,023 - DSN - INFO - t=040: B=-19176.01, Cut=0, Best=11384
2026-01-14 19:06:31,599 - DSN - INFO - t=080: B=-19176.00, Cut=0, Best=11384
2026-01-14 19:06:32,172 - DSN - INFO - t=120: B=-19176.00, Cut=0, Best=11384
2026-01-14 19:06:32,753 - DSN - INFO - t=160: B=-19176.00, Cut=0, Best=11384
2026-01-14 19:06:33,318 - DSN - INFO - t=200: B=-19176.00, Cut=11384, Best=11384 [LS]
2026-01-14 19:06:33,835 - DSN - INFO - t=240: B=-19176.00, Cut=0, Best=11384
2026-01-14 19:06:34,392 - DSN - INFO - t=280: B=-19176.00, Cut=0, Best=11384
2026-01-14 19:06:34,943 - DSN - INFO - t=320: B=-19176.00, Cut=0, Best=11384
2026-01-14 19:06:35,499 - DSN - INFO - t=360: B=-19176.00, Cut=0, Best=11384
2026-01-14 19:06:36,056 - DSN - INFO - t=400: B=-19176.00, Cut=11384, Best=11384 [LS]
2026-01-14 19:06:36,573 - DSN - INFO - t=440: B=-19176.00, Cut=0, Best=11384
2026-01-14 19:06:37,128 - DSN - INFO - t=480: B=-19176.00, Cut=0, Best=11384
2026-01-14 19:06:37,417 - DSN - INFO - DSN GPU done in 6.98s | Cut=11384
2026-01-14 19:06:37,420 - DSN - INFO - Results saved to: results/Gset/DSN_thorough/G4.csv
2026-01-14 19:06:37,420 - DSN - INFO - Cut: 11384 | Bound: -19176.00 | Time: 6.98s
2026-01-14 19:06:37,420 - DSN - INFO - Initialized DSN_thorough | preset=thorough | GPU=True
2026-01-14 19:06:37,420 - DSN - INFO - Params: η=0.003, T=500, init=degree, LS=True
2026-01-14 19:06:37,420 - DSN - INFO - Using GPU solver (CuPy)
2026-01-14 19:06:37,423 - DSN - INFO - DSN GPU Solver: n=800, edges=19176
2026-01-14 19:06:37,423 - DSN - INFO - DSN GPU: T=500, η=0.003, LS=True
2026-01-14 19:06:37,479 - DSN - INFO - t=000: B=-19556.28, Cut=11384, Best=11384 [LS]
2026-01-14 19:06:38,011 - DSN - INFO - t=040: B=-19176.01, Cut=0, Best=11384
2026-01-14 19:06:38,575 - DSN - INFO - t=080: B=-19176.00, Cut=0, Best=11384
2026-01-14 19:06:39,139 - DSN - INFO - t=120: B=-19176.00, Cut=0, Best=11384
2026-01-14 19:06:39,706 - DSN - INFO - t=160: B=-19176.00, Cut=0, Best=11384
2026-01-14 19:06:40,278 - DSN - INFO - t=200: B=-19176.00, Cut=11384, Best=11384 [LS]
2026-01-14 19:06:40,799 - DSN - INFO - t=240: B=-19176.00, Cut=0, Best=11384
2026-01-14 19:06:41,355 - DSN - INFO - t=280: B=-19176.00, Cut=0, Best=11384
2026-01-14 19:06:41,903 - DSN - INFO - t=320: B=-19176.00, Cut=0, Best=11384
2026-01-14 19:06:42,453 - DSN - INFO - t=360: B=-19176.00, Cut=0, Best=11384
2026-01-14 19:06:43,001 - DSN - INFO - t=400: B=-19176.00, Cut=11384, Best=11384 [LS]
2026-01-14 19:06:43,512 - DSN - INFO - t=440: B=-19176.00, Cut=0, Best=11384
2026-01-14 19:06:44,060 - DSN - INFO - t=480: B=-19176.00, Cut=0, Best=11384
2026-01-14 19:06:44,344 - DSN - INFO - DSN GPU done in 6.92s | Cut=11384
2026-01-14 19:06:44,348 - DSN - INFO - Results saved to: results/Gset/DSN_thorough/G4.csv
2026-01-14 19:06:44,348 - DSN - INFO - Cut: 11384 | Bound: -19176.00 | Time: 6.92s
2026-01-14 19:06:44,348 - DSN - INFO - Initialized DSN_thorough | preset=thorough | GPU=True
2026-01-14 19:06:44,348 - DSN - INFO - Params: η=0.003, T=500, init=degree, LS=True
2026-01-14 19:06:44,348 - DSN - INFO - Using GPU solver (CuPy)
2026-01-14 19:06:44,351 - DSN - INFO - DSN GPU Solver: n=800, edges=19176
2026-01-14 19:06:44,351 - DSN - INFO - DSN GPU: T=500, η=0.003, LS=True
2026-01-14 19:06:44,408 - DSN - INFO - t=000: B=-19556.28, Cut=11384, Best=11384 [LS]
2026-01-14 19:06:44,938 - DSN - INFO - t=040: B=-19176.01, Cut=0, Best=11384
2026-01-14 19:06:45,508 - DSN - INFO - t=080: B=-19176.00, Cut=0, Best=11384
2026-01-14 19:06:46,075 - DSN - INFO - t=120: B=-19176.00, Cut=0, Best=11384
2026-01-14 19:06:46,642 - DSN - INFO - t=160: B=-19176.00, Cut=0, Best=11384
2026-01-14 19:06:47,214 - DSN - INFO - t=200: B=-19176.00, Cut=11384, Best=11384 [LS]
2026-01-14 19:06:47,740 - DSN - INFO - t=240: B=-19176.00, Cut=0, Best=11384
2026-01-14 19:06:48,296 - DSN - INFO - t=280: B=-19176.00, Cut=0, Best=11384
2026-01-14 19:06:48,851 - DSN - INFO - t=320: B=-19176.00, Cut=0, Best=11384
2026-01-14 19:06:49,409 - DSN - INFO - t=360: B=-19176.00, Cut=0, Best=11384
2026-01-14 19:06:49,969 - DSN - INFO - t=400: B=-19176.00, Cut=11384, Best=11384 [LS]
2026-01-14 19:06:50,491 - DSN - INFO - t=440: B=-19176.00, Cut=0, Best=11384
2026-01-14 19:06:51,050 - DSN - INFO - t=480: B=-19176.00, Cut=0, Best=11384
2026-01-14 19:06:51,339 - DSN - INFO - DSN GPU done in 6.99s | Cut=11384
2026-01-14 19:06:51,342 - DSN - INFO - Results saved to: results/Gset/DSN_thorough/G4.csv
2026-01-14 19:06:51,343 - DSN - INFO - Cut: 11384 | Bound: -19176.00 | Time: 6.99s
2026-01-14 19:06:51,343 - DSN - INFO - Initialized DSN_thorough | preset=thorough | GPU=True
2026-01-14 19:06:51,343 - DSN - INFO - Params: η=0.003, T=500, init=degree, LS=True
2026-01-14 19:06:51,343 - DSN - INFO - Using GPU solver (CuPy)
2026-01-14 19:06:51,345 - DSN - INFO - DSN GPU Solver: n=800, edges=19176
2026-01-14 19:06:51,345 - DSN - INFO - DSN GPU: T=500, η=0.003, LS=True
2026-01-14 19:06:51,401 - DSN - INFO - t=000: B=-19556.28, Cut=11384, Best=11384 [LS]
2026-01-14 19:06:51,933 - DSN - INFO - t=040: B=-19176.01, Cut=0, Best=11384
2026-01-14 19:06:52,505 - DSN - INFO - t=080: B=-19176.00, Cut=0, Best=11384
2026-01-14 19:06:53,100 - DSN - INFO - t=120: B=-19176.00, Cut=0, Best=11384
2026-01-14 19:06:53,692 - DSN - INFO - t=160: B=-19176.00, Cut=0, Best=11384
2026-01-14 19:06:54,248 - DSN - INFO - t=200: B=-19176.00, Cut=11384, Best=11384 [LS]
2026-01-14 19:06:54,764 - DSN - INFO - t=240: B=-19176.00, Cut=0, Best=11384
2026-01-14 19:06:55,318 - DSN - INFO - t=280: B=-19176.00, Cut=0, Best=11384
2026-01-14 19:06:55,873 - DSN - INFO - t=320: B=-19176.00, Cut=0, Best=11384
2026-01-14 19:06:56,433 - DSN - INFO - t=360: B=-19176.00, Cut=0, Best=11384
2026-01-14 19:06:56,993 - DSN - INFO - t=400: B=-19176.00, Cut=11384, Best=11384 [LS]
2026-01-14 19:06:57,514 - DSN - INFO - t=440: B=-19176.00, Cut=0, Best=11384
2026-01-14 19:06:58,076 - DSN - INFO - t=480: B=-19176.00, Cut=0, Best=11384
2026-01-14 19:06:58,367 - DSN - INFO - DSN GPU done in 7.02s | Cut=11384
2026-01-14 19:06:58,370 - DSN - INFO - Results saved to: results/Gset/DSN_thorough/G4.csv
2026-01-14 19:06:58,370 - DSN - INFO - Cut: 11384 | Bound: -19176.00 | Time: 7.02s
2026-01-14 19:06:58,370 - DSN - INFO - Initialized DSN_thorough | preset=thorough | GPU=True
2026-01-14 19:06:58,370 - DSN - INFO - Params: η=0.003, T=500, init=degree, LS=True
2026-01-14 19:06:58,371 - DSN - INFO - Using GPU solver (CuPy)
2026-01-14 19:06:58,373 - DSN - INFO - DSN GPU Solver: n=800, edges=19176
2026-01-14 19:06:58,373 - DSN - INFO - DSN GPU: T=500, η=0.003, LS=True
2026-01-14 19:06:58,429 - DSN - INFO - t=000: B=-19556.28, Cut=11384, Best=11384 [LS]
2026-01-14 19:06:58,962 - DSN - INFO - t=040: B=-19176.01, Cut=0, Best=11384
2026-01-14 19:06:59,536 - DSN - INFO - t=080: B=-19176.00, Cut=0, Best=11384
2026-01-14 19:07:00,139 - DSN - INFO - t=120: B=-19176.00, Cut=0, Best=11384
2026-01-14 19:07:00,707 - DSN - INFO - t=160: B=-19176.00, Cut=0, Best=11384
2026-01-14 19:07:01,286 - DSN - INFO - t=200: B=-19176.00, Cut=11384, Best=11384 [LS]
2026-01-14 19:07:01,815 - DSN - INFO - t=240: B=-19176.00, Cut=0, Best=11384
2026-01-14 19:07:02,369 - DSN - INFO - t=280: B=-19176.00, Cut=0, Best=11384
2026-01-14 19:07:02,920 - DSN - INFO - t=320: B=-19176.00, Cut=0, Best=11384
2026-01-14 19:07:03,472 - DSN - INFO - t=360: B=-19176.00, Cut=0, Best=11384
2026-01-14 19:07:04,022 - DSN - INFO - t=400: B=-19176.00, Cut=11384, Best=11384 [LS]
2026-01-14 19:07:04,537 - DSN - INFO - t=440: B=-19176.00, Cut=0, Best=11384
2026-01-14 19:07:05,088 - DSN - INFO - t=480: B=-19176.00, Cut=0, Best=11384
2026-01-14 19:07:05,377 - DSN - INFO - DSN GPU done in 7.00s | Cut=11384
2026-01-14 19:07:05,380 - DSN - INFO - Results saved to: results/Gset/DSN_thorough/G4.csv
2026-01-14 19:07:05,380 - DSN - INFO - Cut: 11384 | Bound: -19176.00 | Time: 7.01s
2026-01-14 19:07:05,380 - DSN - INFO - Initialized DSN_thorough | preset=thorough | GPU=True
2026-01-14 19:07:05,380 - DSN - INFO - Params: η=0.003, T=500, init=degree, LS=True
2026-01-14 19:07:05,380 - DSN - INFO - Using GPU solver (CuPy)
2026-01-14 19:07:05,383 - DSN - INFO - DSN GPU Solver: n=800, edges=19176
2026-01-14 19:07:05,383 - DSN - INFO - DSN GPU: T=500, η=0.003, LS=True
2026-01-14 19:07:05,439 - DSN - INFO - t=000: B=-19556.28, Cut=11384, Best=11384 [LS]
2026-01-14 19:07:05,970 - DSN - INFO - t=040: B=-19176.01, Cut=0, Best=11384
2026-01-14 19:07:06,542 - DSN - INFO - t=080: B=-19176.00, Cut=0, Best=11384
2026-01-14 19:07:07,115 - DSN - INFO - t=120: B=-19176.00, Cut=0, Best=11384
2026-01-14 19:07:07,679 - DSN - INFO - t=160: B=-19176.00, Cut=0, Best=11384
2026-01-14 19:07:08,243 - DSN - INFO - t=200: B=-19176.00, Cut=11384, Best=11384 [LS]
2026-01-14 19:07:08,756 - DSN - INFO - t=240: B=-19176.00, Cut=0, Best=11384
2026-01-14 19:07:09,308 - DSN - INFO - t=280: B=-19176.00, Cut=0, Best=11384
2026-01-14 19:07:09,862 - DSN - INFO - t=320: B=-19176.00, Cut=0, Best=11384
2026-01-14 19:07:10,418 - DSN - INFO - t=360: B=-19176.00, Cut=0, Best=11384
2026-01-14 19:07:10,974 - DSN - INFO - t=400: B=-19176.00, Cut=11384, Best=11384 [LS]
2026-01-14 19:07:11,492 - DSN - INFO - t=440: B=-19176.00, Cut=0, Best=11384
2026-01-14 19:07:12,047 - DSN - INFO - t=480: B=-19176.00, Cut=0, Best=11384
2026-01-14 19:07:12,337 - DSN - INFO - DSN GPU done in 6.95s | Cut=11384
2026-01-14 19:07:12,341 - DSN - INFO - Results saved to: results/Gset/DSN_thorough/G4.csv
2026-01-14 19:07:12,341 - DSN - INFO - Cut: 11384 | Bound: -19176.00 | Time: 6.96s
2026-01-14 19:07:12,341 - DSN - INFO - Initialized DSN_thorough | preset=thorough | GPU=True
2026-01-14 19:07:12,341 - DSN - INFO - Params: η=0.003, T=500, init=degree, LS=True
2026-01-14 19:07:12,341 - DSN - INFO - Using GPU solver (CuPy)
2026-01-14 19:07:12,344 - DSN - INFO - DSN GPU Solver: n=800, edges=19176
2026-01-14 19:07:12,344 - DSN - INFO - DSN GPU: T=500, η=0.003, LS=True
2026-01-14 19:07:12,400 - DSN - INFO - t=000: B=-19556.28, Cut=11384, Best=11384 [LS]
2026-01-14 19:07:12,933 - DSN - INFO - t=040: B=-19176.01, Cut=0, Best=11384
2026-01-14 19:07:13,507 - DSN - INFO - t=080: B=-19176.00, Cut=0, Best=11384
2026-01-14 19:07:14,107 - DSN - INFO - t=120: B=-19176.00, Cut=0, Best=11384
2026-01-14 19:07:14,659 - DSN - INFO - t=160: B=-19176.00, Cut=0, Best=11384
2026-01-14 19:07:15,210 - DSN - INFO - t=200: B=-19176.00, Cut=11384, Best=11384 [LS]
2026-01-14 19:07:15,726 - DSN - INFO - t=240: B=-19176.00, Cut=0, Best=11384
2026-01-14 19:07:16,280 - DSN - INFO - t=280: B=-19176.00, Cut=0, Best=11384
2026-01-14 19:07:16,835 - DSN - INFO - t=320: B=-19176.00, Cut=0, Best=11384
2026-01-14 19:07:17,387 - DSN - INFO - t=360: B=-19176.00, Cut=0, Best=11384
2026-01-14 19:07:17,938 - DSN - INFO - t=400: B=-19176.00, Cut=11384, Best=11384 [LS]
2026-01-14 19:07:18,453 - DSN - INFO - t=440: B=-19176.00, Cut=0, Best=11384
2026-01-14 19:07:19,005 - DSN - INFO - t=480: B=-19176.00, Cut=0, Best=11384
2026-01-14 19:07:19,292 - DSN - INFO - DSN GPU done in 6.95s | Cut=11384
2026-01-14 19:07:19,296 - DSN - INFO - Results saved to: results/Gset/DSN_thorough/G4.csv
2026-01-14 19:07:19,296 - DSN - INFO - Cut: 11384 | Bound: -19176.00 | Time: 6.95s
2026-01-14 19:07:19,296 - DSN - INFO - Initialized DSN_thorough | preset=thorough | GPU=True
2026-01-14 19:07:19,296 - DSN - INFO - Params: η=0.003, T=500, init=degree, LS=True
2026-01-14 19:07:19,296 - DSN - INFO - Using GPU solver (CuPy)
2026-01-14 19:07:19,299 - DSN - INFO - DSN GPU Solver: n=800, edges=19176
2026-01-14 19:07:19,299 - DSN - INFO - DSN GPU: T=500, η=0.003, LS=True
2026-01-14 19:07:19,355 - DSN - INFO - t=000: B=-19556.29, Cut=11384, Best=11384 [LS]
2026-01-14 19:07:19,888 - DSN - INFO - t=040: B=-19176.01, Cut=0, Best=11384
2026-01-14 19:07:20,465 - DSN - INFO - t=080: B=-19176.00, Cut=0, Best=11384
2026-01-14 19:07:21,033 - DSN - INFO - t=120: B=-19176.00, Cut=0, Best=11384
2026-01-14 19:07:21,598 - DSN - INFO - t=160: B=-19176.00, Cut=0, Best=11384
2026-01-14 19:07:22,160 - DSN - INFO - t=200: B=-19176.00, Cut=11384, Best=11384 [LS]
2026-01-14 19:07:22,679 - DSN - INFO - t=240: B=-19176.00, Cut=0, Best=11384
2026-01-14 19:07:23,232 - DSN - INFO - t=280: B=-19176.00, Cut=0, Best=11384
2026-01-14 19:07:23,783 - DSN - INFO - t=320: B=-19176.00, Cut=0, Best=11384
2026-01-14 19:07:24,336 - DSN - INFO - t=360: B=-19176.00, Cut=0, Best=11384
2026-01-14 19:07:24,887 - DSN - INFO - t=400: B=-19176.00, Cut=11384, Best=11384 [LS]
2026-01-14 19:07:25,401 - DSN - INFO - t=440: B=-19176.00, Cut=0, Best=11384
2026-01-14 19:07:25,954 - DSN - INFO - t=480: B=-19176.00, Cut=0, Best=11384
2026-01-14 19:07:26,243 - DSN - INFO - DSN GPU done in 6.94s | Cut=11384
2026-01-14 19:07:26,247 - DSN - INFO - Results saved to: results/Gset/DSN_thorough/G4.csv
2026-01-14 19:07:26,247 - DSN - INFO - Cut: 11384 | Bound: -19176.00 | Time: 6.95s
2026-01-14 19:07:26,247 - DSN - INFO - Initialized DSN_thorough | preset=thorough | GPU=True
2026-01-14 19:07:26,247 - DSN - INFO - Params: η=0.003, T=500, init=degree, LS=True
2026-01-14 19:07:26,247 - DSN - INFO - Using GPU solver (CuPy)
2026-01-14 19:07:26,249 - DSN - INFO - DSN GPU Solver: n=800, edges=19176
2026-01-14 19:07:26,249 - DSN - INFO - DSN GPU: T=500, η=0.003, LS=True
2026-01-14 19:07:26,306 - DSN - INFO - t=000: B=-19556.28, Cut=11384, Best=11384 [LS]
2026-01-14 19:07:26,839 - DSN - INFO - t=040: B=-19176.01, Cut=0, Best=11384
2026-01-14 19:07:27,414 - DSN - INFO - t=080: B=-19176.00, Cut=0, Best=11384
2026-01-14 19:07:27,981 - DSN - INFO - t=120: B=-19176.00, Cut=0, Best=11384
2026-01-14 19:07:28,559 - DSN - INFO - t=160: B=-19176.00, Cut=0, Best=11384
2026-01-14 19:07:29,133 - DSN - INFO - t=200: B=-19176.00, Cut=11384, Best=11384 [LS]
2026-01-14 19:07:29,649 - DSN - INFO - t=240: B=-19176.00, Cut=0, Best=11384
2026-01-14 19:07:30,203 - DSN - INFO - t=280: B=-19176.00, Cut=0, Best=11384
2026-01-14 19:07:30,758 - DSN - INFO - t=320: B=-19176.00, Cut=0, Best=11384
2026-01-14 19:07:31,315 - DSN - INFO - t=360: B=-19176.00, Cut=0, Best=11384
2026-01-14 19:07:31,870 - DSN - INFO - t=400: B=-19176.00, Cut=11384, Best=11384 [LS]
2026-01-14 19:07:32,388 - DSN - INFO - t=440: B=-19176.00, Cut=0, Best=11384
2026-01-14 19:07:32,943 - DSN - INFO - t=480: B=-19176.00, Cut=0, Best=11384
2026-01-14 19:07:33,230 - DSN - INFO - DSN GPU done in 6.98s | Cut=11384
2026-01-14 19:07:33,234 - DSN - INFO - Results saved to: results/Gset/DSN_thorough/G4.csv
2026-01-14 19:07:33,234 - DSN - INFO - Cut: 11384 | Bound: -19176.00 | Time: 6.98s
2026-01-14 19:07:33,252 - DSN - INFO - Initialized DSN_thorough | preset=thorough | GPU=True
2026-01-14 19:07:33,252 - DSN - INFO - Params: η=0.003, T=500, init=degree, LS=True
2026-01-14 19:07:33,252 - DSN - INFO - Using GPU solver (CuPy)
2026-01-14 19:07:33,254 - DSN - INFO - DSN GPU Solver: n=2000, edges=11766
2026-01-14 19:07:33,254 - DSN - INFO - DSN GPU: T=500, η=0.003, LS=True
2026-01-14 19:07:33,334 - DSN - INFO - t=000: B=-18601.08, Cut=2095, Best=2095 [LS]
2026-01-14 19:07:35,251 - DSN - INFO - t=040: B=-6336.86, Cut=-6, Best=2095
2026-01-14 19:07:37,856 - DSN - INFO - t=080: B=-6024.98, Cut=-40, Best=2148
2026-01-14 19:07:40,478 - DSN - INFO - t=120: B=-5945.49, Cut=-51, Best=2148
2026-01-14 19:07:43,102 - DSN - INFO - t=160: B=-5919.53, Cut=-37, Best=2148
2026-01-14 19:07:45,723 - DSN - INFO - t=200: B=-5901.19, Cut=2048, Best=2148 [LS]
2026-01-14 19:07:48,289 - DSN - INFO - t=240: B=-5882.18, Cut=-55, Best=2148
2026-01-14 19:07:50,917 - DSN - INFO - t=280: B=-5871.43, Cut=-4, Best=2148
2026-01-14 19:07:53,534 - DSN - INFO - t=320: B=-5863.51, Cut=-15, Best=2148
2026-01-14 19:07:56,161 - DSN - INFO - t=360: B=-5861.76, Cut=-6, Best=2148
2026-01-14 19:07:58,789 - DSN - INFO - t=400: B=-5857.98, Cut=2065, Best=2148 [LS]
2026-01-14 19:08:01,358 - DSN - INFO - t=440: B=-5856.00, Cut=5, Best=2148
2026-01-14 19:08:03,992 - DSN - INFO - t=480: B=-5855.79, Cut=-25, Best=2148
2026-01-14 19:08:05,273 - DSN - INFO - DSN GPU done in 32.02s | Cut=2148
2026-01-14 19:08:05,275 - DSN - INFO - Results saved to: results/Gset/DSN_thorough/G40.csv
2026-01-14 19:08:05,275 - DSN - INFO - Cut: 2148 | Bound: -5854.12 | Time: 32.02s
2026-01-14 19:08:05,275 - DSN - INFO - Initialized DSN_thorough | preset=thorough | GPU=True
2026-01-14 19:08:05,275 - DSN - INFO - Params: η=0.003, T=500, init=degree, LS=True
2026-01-14 19:08:05,275 - DSN - INFO - Using GPU solver (CuPy)
2026-01-14 19:08:05,277 - DSN - INFO - DSN GPU Solver: n=2000, edges=11766
2026-01-14 19:08:05,277 - DSN - INFO - DSN GPU: T=500, η=0.003, LS=True
2026-01-14 19:08:05,354 - DSN - INFO - t=000: B=-18601.08, Cut=2057, Best=2057 [LS]
2026-01-14 19:08:07,286 - DSN - INFO - t=040: B=-6338.86, Cut=0, Best=2057
2026-01-14 19:08:09,878 - DSN - INFO - t=080: B=-6036.70, Cut=-86, Best=2057
2026-01-14 19:08:12,510 - DSN - INFO - t=120: B=-5942.68, Cut=-95, Best=2090
2026-01-14 19:08:15,132 - DSN - INFO - t=160: B=-5914.70, Cut=16, Best=2090
2026-01-14 19:08:17,755 - DSN - INFO - t=200: B=-5900.98, Cut=2075, Best=2090 [LS]
2026-01-14 19:08:20,322 - DSN - INFO - t=240: B=-5889.44, Cut=-14, Best=2090
2026-01-14 19:08:22,952 - DSN - INFO - t=280: B=-5885.70, Cut=4, Best=2090
2026-01-14 19:08:25,577 - DSN - INFO - t=320: B=-5866.90, Cut=-19, Best=2090
2026-01-14 19:08:28,206 - DSN - INFO - t=360: B=-5858.78, Cut=-11, Best=2090
2026-01-14 19:08:30,832 - DSN - INFO - t=400: B=-5856.14, Cut=2068, Best=2090 [LS]
2026-01-14 19:08:33,388 - DSN - INFO - t=440: B=-5853.35, Cut=-19, Best=2090
2026-01-14 19:08:36,017 - DSN - INFO - t=480: B=-5852.38, Cut=-2, Best=2090
2026-01-14 19:08:37,309 - DSN - INFO - DSN GPU done in 32.03s | Cut=2090
2026-01-14 19:08:37,313 - DSN - INFO - Results saved to: results/Gset/DSN_thorough/G40.csv
2026-01-14 19:08:37,313 - DSN - INFO - Cut: 2090 | Bound: -5849.68 | Time: 32.03s
2026-01-14 19:08:37,313 - DSN - INFO - Initialized DSN_thorough | preset=thorough | GPU=True
2026-01-14 19:08:37,313 - DSN - INFO - Params: η=0.003, T=500, init=degree, LS=True
2026-01-14 19:08:37,313 - DSN - INFO - Using GPU solver (CuPy)
2026-01-14 19:08:37,315 - DSN - INFO - DSN GPU Solver: n=2000, edges=11766
2026-01-14 19:08:37,315 - DSN - INFO - DSN GPU: T=500, η=0.003, LS=True
2026-01-14 19:08:37,394 - DSN - INFO - t=000: B=-18601.08, Cut=2095, Best=2095 [LS]
2026-01-14 19:08:39,296 - DSN - INFO - t=040: B=-6337.21, Cut=-22, Best=2095
2026-01-14 19:08:41,918 - DSN - INFO - t=080: B=-6038.08, Cut=-52, Best=2095
2026-01-14 19:08:44,538 - DSN - INFO - t=120: B=-5945.89, Cut=-27, Best=2095
2026-01-14 19:08:47,167 - DSN - INFO - t=160: B=-5918.57, Cut=-21, Best=2095
2026-01-14 19:08:49,805 - DSN - INFO - t=200: B=-5903.92, Cut=2119, Best=2119 [LS]
2026-01-14 19:08:52,374 - DSN - INFO - t=240: B=-5895.62, Cut=-6, Best=2119
2026-01-14 19:08:55,016 - DSN - INFO - t=280: B=-5883.29, Cut=10, Best=2119
2026-01-14 19:08:57,637 - DSN - INFO - t=320: B=-5879.13, Cut=-17, Best=2119
2026-01-14 19:09:00,274 - DSN - INFO - t=360: B=-5857.90, Cut=-15, Best=2119
2026-01-14 19:09:02,891 - DSN - INFO - t=400: B=-5854.28, Cut=2014, Best=2119 [LS]
2026-01-14 19:09:05,467 - DSN - INFO - t=440: B=-5850.49, Cut=16, Best=2119
2026-01-14 19:09:08,096 - DSN - INFO - t=480: B=-5849.08, Cut=-43, Best=2119
2026-01-14 19:09:09,381 - DSN - INFO - DSN GPU done in 32.07s | Cut=2119
2026-01-14 19:09:09,385 - DSN - INFO - Results saved to: results/Gset/DSN_thorough/G40.csv
2026-01-14 19:09:09,385 - DSN - INFO - Cut: 2119 | Bound: -5848.16 | Time: 32.07s
2026-01-14 19:09:09,385 - DSN - INFO - Initialized DSN_thorough | preset=thorough | GPU=True
2026-01-14 19:09:09,385 - DSN - INFO - Params: η=0.003, T=500, init=degree, LS=True
2026-01-14 19:09:09,385 - DSN - INFO - Using GPU solver (CuPy)
2026-01-14 19:09:09,388 - DSN - INFO - DSN GPU Solver: n=2000, edges=11766
2026-01-14 19:09:09,388 - DSN - INFO - DSN GPU: T=500, η=0.003, LS=True
2026-01-14 19:09:09,468 - DSN - INFO - t=000: B=-18601.08, Cut=2095, Best=2095 [LS]
2026-01-14 19:09:11,373 - DSN - INFO - t=040: B=-6336.04, Cut=-1, Best=2095
2026-01-14 19:09:13,966 - DSN - INFO - t=080: B=-6031.94, Cut=18, Best=2097
2026-01-14 19:09:16,599 - DSN - INFO - t=120: B=-5956.23, Cut=-31, Best=2097
2026-01-14 19:09:19,234 - DSN - INFO - t=160: B=-5914.77, Cut=-50, Best=2097
2026-01-14 19:09:21,859 - DSN - INFO - t=200: B=-5893.53, Cut=2084, Best=2097 [LS]
2026-01-14 19:09:24,428 - DSN - INFO - t=240: B=-5881.12, Cut=-53, Best=2097
2026-01-14 19:09:27,047 - DSN - INFO - t=280: B=-5878.18, Cut=4, Best=2097
2026-01-14 19:09:29,671 - DSN - INFO - t=320: B=-5868.72, Cut=-45, Best=2097
2026-01-14 19:09:32,295 - DSN - INFO - t=360: B=-5868.95, Cut=-6, Best=2097
2026-01-14 19:09:34,926 - DSN - INFO - t=400: B=-5864.77, Cut=2068, Best=2097 [LS]
2026-01-14 19:09:37,480 - DSN - INFO - t=440: B=-5861.42, Cut=-12, Best=2097
2026-01-14 19:09:40,112 - DSN - INFO - t=480: B=-5859.18, Cut=-14, Best=2124
2026-01-14 19:09:41,400 - DSN - INFO - DSN GPU done in 32.01s | Cut=2124
2026-01-14 19:09:41,405 - DSN - INFO - Results saved to: results/Gset/DSN_thorough/G40.csv
2026-01-14 19:09:41,405 - DSN - INFO - Cut: 2124 | Bound: -5857.48 | Time: 32.02s
2026-01-14 19:09:41,405 - DSN - INFO - Initialized DSN_thorough | preset=thorough | GPU=True
2026-01-14 19:09:41,405 - DSN - INFO - Params: η=0.003, T=500, init=degree, LS=True
2026-01-14 19:09:41,405 - DSN - INFO - Using GPU solver (CuPy)
2026-01-14 19:09:41,407 - DSN - INFO - DSN GPU Solver: n=2000, edges=11766
2026-01-14 19:09:41,408 - DSN - INFO - DSN GPU: T=500, η=0.003, LS=True
2026-01-14 19:09:41,487 - DSN - INFO - t=000: B=-18601.08, Cut=2095, Best=2095 [LS]
2026-01-14 19:09:43,421 - DSN - INFO - t=040: B=-6333.81, Cut=-25, Best=2095
2026-01-14 19:09:46,015 - DSN - INFO - t=080: B=-6040.50, Cut=-34, Best=2095
2026-01-14 19:09:48,621 - DSN - INFO - t=120: B=-5950.71, Cut=12, Best=2095
2026-01-14 19:09:51,247 - DSN - INFO - t=160: B=-5918.89, Cut=-11, Best=2095
2026-01-14 19:09:53,869 - DSN - INFO - t=200: B=-5894.99, Cut=2022, Best=2095 [LS]
2026-01-14 19:09:56,431 - DSN - INFO - t=240: B=-5890.36, Cut=2, Best=2095
2026-01-14 19:09:59,050 - DSN - INFO - t=280: B=-5870.84, Cut=-15, Best=2095
2026-01-14 19:10:01,681 - DSN - INFO - t=320: B=-5866.24, Cut=-85, Best=2095
2026-01-14 19:10:04,305 - DSN - INFO - t=360: B=-5855.65, Cut=-11, Best=2095
2026-01-14 19:10:06,934 - DSN - INFO - t=400: B=-5855.09, Cut=2073, Best=2095 [LS]
2026-01-14 19:10:09,500 - DSN - INFO - t=440: B=-5853.88, Cut=-40, Best=2095
2026-01-14 19:10:12,126 - DSN - INFO - t=480: B=-5851.85, Cut=-14, Best=2095
2026-01-14 19:10:13,401 - DSN - INFO - DSN GPU done in 31.99s | Cut=2095
2026-01-14 19:10:13,405 - DSN - INFO - Results saved to: results/Gset/DSN_thorough/G40.csv
2026-01-14 19:10:13,405 - DSN - INFO - Cut: 2095 | Bound: -5850.57 | Time: 32.00s
2026-01-14 19:10:13,405 - DSN - INFO - Initialized DSN_thorough | preset=thorough | GPU=True
2026-01-14 19:10:13,405 - DSN - INFO - Params: η=0.003, T=500, init=degree, LS=True
2026-01-14 19:10:13,405 - DSN - INFO - Using GPU solver (CuPy)
2026-01-14 19:10:13,407 - DSN - INFO - DSN GPU Solver: n=2000, edges=11766
2026-01-14 19:10:13,407 - DSN - INFO - DSN GPU: T=500, η=0.003, LS=True
2026-01-14 19:10:13,487 - DSN - INFO - t=000: B=-18601.08, Cut=2095, Best=2095 [LS]
2026-01-14 19:10:15,424 - DSN - INFO - t=040: B=-6330.32, Cut=-28, Best=2095
2026-01-14 19:10:18,010 - DSN - INFO - t=080: B=-6025.63, Cut=12, Best=2095
2026-01-14 19:10:20,634 - DSN - INFO - t=120: B=-5946.92, Cut=2, Best=2095
2026-01-14 19:10:23,254 - DSN - INFO - t=160: B=-5916.91, Cut=-8, Best=2095
2026-01-14 19:10:25,881 - DSN - INFO - t=200: B=-5902.13, Cut=2068, Best=2095 [LS]
2026-01-14 19:10:28,447 - DSN - INFO - t=240: B=-5895.19, Cut=-1, Best=2095
2026-01-14 19:10:31,071 - DSN - INFO - t=280: B=-5870.23, Cut=-11, Best=2095
2026-01-14 19:10:33,704 - DSN - INFO - t=320: B=-5868.07, Cut=20, Best=2095
2026-01-14 19:10:36,321 - DSN - INFO - t=360: B=-5860.58, Cut=-2, Best=2095
2026-01-14 19:10:38,942 - DSN - INFO - t=400: B=-5855.55, Cut=2083, Best=2095 [LS]
2026-01-14 19:10:41,501 - DSN - INFO - t=440: B=-5853.94, Cut=13, Best=2095
2026-01-14 19:10:44,134 - DSN - INFO - t=480: B=-5852.54, Cut=-2, Best=2095
2026-01-14 19:10:45,411 - DSN - INFO - DSN GPU done in 32.00s | Cut=2095
2026-01-14 19:10:45,416 - DSN - INFO - Results saved to: results/Gset/DSN_thorough/G40.csv
2026-01-14 19:10:45,416 - DSN - INFO - Cut: 2095 | Bound: -5851.49 | Time: 32.01s
2026-01-14 19:10:45,416 - DSN - INFO - Initialized DSN_thorough | preset=thorough | GPU=True
2026-01-14 19:10:45,416 - DSN - INFO - Params: η=0.003, T=500, init=degree, LS=True
2026-01-14 19:10:45,416 - DSN - INFO - Using GPU solver (CuPy)
2026-01-14 19:10:45,419 - DSN - INFO - DSN GPU Solver: n=2000, edges=11766
2026-01-14 19:10:45,419 - DSN - INFO - DSN GPU: T=500, η=0.003, LS=True
2026-01-14 19:10:45,495 - DSN - INFO - t=000: B=-18601.08, Cut=2041, Best=2041 [LS]
2026-01-14 19:10:47,405 - DSN - INFO - t=040: B=-6326.80, Cut=-13, Best=2041
2026-01-14 19:10:50,033 - DSN - INFO - t=080: B=-6026.37, Cut=-20, Best=2062
2026-01-14 19:10:52,638 - DSN - INFO - t=120: B=-5945.61, Cut=-35, Best=2062
2026-01-14 19:10:55,274 - DSN - INFO - t=160: B=-5913.30, Cut=-12, Best=2062
2026-01-14 19:10:57,898 - DSN - INFO - t=200: B=-5902.41, Cut=2098, Best=2098 [LS]
2026-01-14 19:11:00,467 - DSN - INFO - t=240: B=-5889.35, Cut=-4, Best=2098
2026-01-14 19:11:03,093 - DSN - INFO - t=280: B=-5886.75, Cut=-47, Best=2103
2026-01-14 19:11:05,723 - DSN - INFO - t=320: B=-5864.97, Cut=-24, Best=2103
2026-01-14 19:11:08,343 - DSN - INFO - t=360: B=-5863.95, Cut=5, Best=2103
2026-01-14 19:11:10,971 - DSN - INFO - t=400: B=-5860.59, Cut=2101, Best=2103 [LS]
2026-01-14 19:11:13,531 - DSN - INFO - t=440: B=-5855.37, Cut=28, Best=2103
2026-01-14 19:11:16,160 - DSN - INFO - t=480: B=-5852.36, Cut=29, Best=2103
2026-01-14 19:11:17,450 - DSN - INFO - DSN GPU done in 32.03s | Cut=2131
2026-01-14 19:11:17,454 - DSN - INFO - Results saved to: results/Gset/DSN_thorough/G40.csv
2026-01-14 19:11:17,454 - DSN - INFO - Cut: 2131 | Bound: -5849.83 | Time: 32.03s
2026-01-14 19:11:17,454 - DSN - INFO - Initialized DSN_thorough | preset=thorough | GPU=True
2026-01-14 19:11:17,454 - DSN - INFO - Params: η=0.003, T=500, init=degree, LS=True
2026-01-14 19:11:17,454 - DSN - INFO - Using GPU solver (CuPy)
2026-01-14 19:11:17,457 - DSN - INFO - DSN GPU Solver: n=2000, edges=11766
2026-01-14 19:11:17,457 - DSN - INFO - DSN GPU: T=500, η=0.003, LS=True
2026-01-14 19:11:17,535 - DSN - INFO - t=000: B=-18601.08, Cut=2078, Best=2078 [LS]
2026-01-14 19:11:19,451 - DSN - INFO - t=040: B=-6329.07, Cut=-46, Best=2078
2026-01-14 19:11:22,059 - DSN - INFO - t=080: B=-6035.04, Cut=-15, Best=2090
2026-01-14 19:11:24,672 - DSN - INFO - t=120: B=-5945.68, Cut=-52, Best=2090
2026-01-14 19:11:27,304 - DSN - INFO - t=160: B=-5917.41, Cut=-34, Best=2090
2026-01-14 19:11:29,935 - DSN - INFO - t=200: B=-5903.66, Cut=2072, Best=2090 [LS]
2026-01-14 19:11:32,505 - DSN - INFO - t=240: B=-5878.15, Cut=-15, Best=2090
2026-01-14 19:11:35,129 - DSN - INFO - t=280: B=-5877.15, Cut=-25, Best=2090
2026-01-14 19:11:37,766 - DSN - INFO - t=320: B=-5870.43, Cut=1, Best=2090
2026-01-14 19:11:40,393 - DSN - INFO - t=360: B=-5869.77, Cut=0, Best=2090
2026-01-14 19:11:43,016 - DSN - INFO - t=400: B=-5860.03, Cut=2084, Best=2090 [LS]
2026-01-14 19:11:45,573 - DSN - INFO - t=440: B=-5856.21, Cut=-40, Best=2090
2026-01-14 19:11:48,206 - DSN - INFO - t=480: B=-5854.46, Cut=1, Best=2101
2026-01-14 19:11:49,491 - DSN - INFO - DSN GPU done in 32.03s | Cut=2101
2026-01-14 19:11:49,495 - DSN - INFO - Results saved to: results/Gset/DSN_thorough/G40.csv
2026-01-14 19:11:49,495 - DSN - INFO - Cut: 2101 | Bound: -5851.91 | Time: 32.04s
2026-01-14 19:11:49,495 - DSN - INFO - Initialized DSN_thorough | preset=thorough | GPU=True
2026-01-14 19:11:49,495 - DSN - INFO - Params: η=0.003, T=500, init=degree, LS=True
2026-01-14 19:11:49,495 - DSN - INFO - Using GPU solver (CuPy)
2026-01-14 19:11:49,497 - DSN - INFO - DSN GPU Solver: n=2000, edges=11766
2026-01-14 19:11:49,497 - DSN - INFO - DSN GPU: T=500, η=0.003, LS=True
2026-01-14 19:11:49,576 - DSN - INFO - t=000: B=-18601.08, Cut=2095, Best=2095 [LS]
2026-01-14 19:11:51,496 - DSN - INFO - t=040: B=-6333.38, Cut=-5, Best=2095
2026-01-14 19:11:54,079 - DSN - INFO - t=080: B=-6031.65, Cut=39, Best=2095
2026-01-14 19:11:56,697 - DSN - INFO - t=120: B=-5947.77, Cut=10, Best=2102
2026-01-14 19:11:59,321 - DSN - INFO - t=160: B=-5919.60, Cut=-21, Best=2102
2026-01-14 19:12:01,948 - DSN - INFO - t=200: B=-5906.97, Cut=2014, Best=2102 [LS]
2026-01-14 19:12:04,499 - DSN - INFO - t=240: B=-5893.62, Cut=-12, Best=2102
2026-01-14 19:12:07,127 - DSN - INFO - t=280: B=-5887.61, Cut=-76, Best=2107
2026-01-14 19:12:09,755 - DSN - INFO - t=320: B=-5868.05, Cut=8, Best=2107
2026-01-14 19:12:12,370 - DSN - INFO - t=360: B=-5858.94, Cut=9, Best=2107
2026-01-14 19:12:15,003 - DSN - INFO - t=400: B=-5854.57, Cut=2057, Best=2107 [LS]
2026-01-14 19:12:17,561 - DSN - INFO - t=440: B=-5853.31, Cut=-3, Best=2107
2026-01-14 19:12:20,183 - DSN - INFO - t=480: B=-5850.56, Cut=-2, Best=2107
2026-01-14 19:12:21,465 - DSN - INFO - DSN GPU done in 31.97s | Cut=2107
2026-01-14 19:12:21,469 - DSN - INFO - Results saved to: results/Gset/DSN_thorough/G40.csv
2026-01-14 19:12:21,469 - DSN - INFO - Cut: 2107 | Bound: -5849.78 | Time: 31.97s
2026-01-14 19:12:21,469 - DSN - INFO - Initialized DSN_thorough | preset=thorough | GPU=True
2026-01-14 19:12:21,469 - DSN - INFO - Params: η=0.003, T=500, init=degree, LS=True
2026-01-14 19:12:21,469 - DSN - INFO - Using GPU solver (CuPy)
2026-01-14 19:12:21,471 - DSN - INFO - DSN GPU Solver: n=2000, edges=11766
2026-01-14 19:12:21,471 - DSN - INFO - DSN GPU: T=500, η=0.003, LS=True
2026-01-14 19:12:21,551 - DSN - INFO - t=000: B=-18601.08, Cut=2095, Best=2095 [LS]
2026-01-14 19:12:23,458 - DSN - INFO - t=040: B=-6332.45, Cut=7, Best=2095
2026-01-14 19:12:26,066 - DSN - INFO - t=080: B=-6030.50, Cut=-8, Best=2095
2026-01-14 19:12:28,691 - DSN - INFO - t=120: B=-5952.21, Cut=-16, Best=2095
2026-01-14 19:12:31,314 - DSN - INFO - t=160: B=-5919.26, Cut=-48, Best=2095
2026-01-14 19:12:33,939 - DSN - INFO - t=200: B=-5905.97, Cut=2083, Best=2095 [LS]
2026-01-14 19:12:36,505 - DSN - INFO - t=240: B=-5882.46, Cut=-65, Best=2095
2026-01-14 19:12:39,120 - DSN - INFO - t=280: B=-5876.19, Cut=9, Best=2095
2026-01-14 19:12:41,748 - DSN - INFO - t=320: B=-5871.20, Cut=-18, Best=2095
2026-01-14 19:12:44,368 - DSN - INFO - t=360: B=-5867.21, Cut=-12, Best=2113
2026-01-14 19:12:46,997 - DSN - INFO - t=400: B=-5860.51, Cut=2067, Best=2113 [LS]
2026-01-14 19:12:49,549 - DSN - INFO - t=440: B=-5857.77, Cut=-31, Best=2113
2026-01-14 19:12:52,182 - DSN - INFO - t=480: B=-5854.94, Cut=-15, Best=2113
2026-01-14 19:12:53,465 - DSN - INFO - DSN GPU done in 31.99s | Cut=2113
2026-01-14 19:12:53,468 - DSN - INFO - Results saved to: results/Gset/DSN_thorough/G40.csv
2026-01-14 19:12:53,468 - DSN - INFO - Cut: 2113 | Bound: -5853.09 | Time: 32.00s
2026-01-14 19:12:53,487 - DSN - INFO - Initialized DSN_thorough | preset=thorough | GPU=True
2026-01-14 19:12:53,487 - DSN - INFO - Params: η=0.003, T=500, init=degree, LS=True
2026-01-14 19:12:53,487 - DSN - INFO - Using GPU solver (CuPy)
2026-01-14 19:12:53,489 - DSN - INFO - DSN GPU Solver: n=2000, edges=11785
2026-01-14 19:12:53,489 - DSN - INFO - DSN GPU: T=500, η=0.003, LS=True
2026-01-14 19:12:53,559 - DSN - INFO - t=000: B=-17162.64, Cut=1976, Best=1976 [LS]
2026-01-14 19:12:55,347 - DSN - INFO - t=040: B=-6308.02, Cut=-41, Best=1976
2026-01-14 19:12:57,935 - DSN - INFO - t=080: B=-5972.64, Cut=7, Best=2014
2026-01-14 19:13:00,550 - DSN - INFO - t=120: B=-5878.21, Cut=40, Best=2014
2026-01-14 19:13:03,174 - DSN - INFO - t=160: B=-5841.48, Cut=3, Best=2014
2026-01-14 19:13:05,788 - DSN - INFO - t=200: B=-5825.20, Cut=1966, Best=2014 [LS]
2026-01-14 19:13:08,349 - DSN - INFO - t=240: B=-5808.83, Cut=-52, Best=2014
2026-01-14 19:13:10,972 - DSN - INFO - t=280: B=-5802.32, Cut=30, Best=2014
2026-01-14 19:13:13,581 - DSN - INFO - t=320: B=-5784.44, Cut=3, Best=2014
2026-01-14 19:13:16,191 - DSN - INFO - t=360: B=-5780.49, Cut=-3, Best=2014
2026-01-14 19:13:18,808 - DSN - INFO - t=400: B=-5774.79, Cut=1987, Best=2014 [LS]
2026-01-14 19:13:21,370 - DSN - INFO - t=440: B=-5770.78, Cut=-2, Best=2014
2026-01-14 19:13:23,987 - DSN - INFO - t=480: B=-5768.77, Cut=1, Best=2014
2026-01-14 19:13:25,263 - DSN - INFO - DSN GPU done in 31.77s | Cut=2014
2026-01-14 19:13:25,264 - DSN - INFO - Results saved to: results/Gset/DSN_thorough/G41.csv
2026-01-14 19:13:25,264 - DSN - INFO - Cut: 2014 | Bound: -5767.03 | Time: 31.78s
2026-01-14 19:13:25,265 - DSN - INFO - Initialized DSN_thorough | preset=thorough | GPU=True
2026-01-14 19:13:25,265 - DSN - INFO - Params: η=0.003, T=500, init=degree, LS=True
2026-01-14 19:13:25,265 - DSN - INFO - Using GPU solver (CuPy)
2026-01-14 19:13:25,267 - DSN - INFO - DSN GPU Solver: n=2000, edges=11785
2026-01-14 19:13:25,267 - DSN - INFO - DSN GPU: T=500, η=0.003, LS=True
2026-01-14 19:13:25,339 - DSN - INFO - t=000: B=-17162.64, Cut=2009, Best=2009 [LS]
2026-01-14 19:13:27,133 - DSN - INFO - t=040: B=-6307.06, Cut=-25, Best=2009
2026-01-14 19:13:29,730 - DSN - INFO - t=080: B=-5977.04, Cut=-17, Best=2009
2026-01-14 19:13:32,343 - DSN - INFO - t=120: B=-5876.45, Cut=-82, Best=2009
2026-01-14 19:13:34,942 - DSN - INFO - t=160: B=-5837.75, Cut=20, Best=2009
2026-01-14 19:13:37,570 - DSN - INFO - t=200: B=-5824.45, Cut=2001, Best=2009 [LS]
2026-01-14 19:13:40,123 - DSN - INFO - t=240: B=-5814.20, Cut=-23, Best=2009
2026-01-14 19:13:42,743 - DSN - INFO - t=280: B=-5806.30, Cut=7, Best=2009
2026-01-14 19:13:45,364 - DSN - INFO - t=320: B=-5800.28, Cut=18, Best=2009
2026-01-14 19:13:47,987 - DSN - INFO - t=360: B=-5794.20, Cut=-9, Best=2009
2026-01-14 19:13:50,594 - DSN - INFO - t=400: B=-5786.12, Cut=1976, Best=2009 [LS]
2026-01-14 19:13:53,157 - DSN - INFO - t=440: B=-5775.90, Cut=-19, Best=2009
2026-01-14 19:13:55,767 - DSN - INFO - t=480: B=-5767.61, Cut=-12, Best=2009
2026-01-14 19:13:57,047 - DSN - INFO - DSN GPU done in 31.78s | Cut=2009
2026-01-14 19:13:57,050 - DSN - INFO - Results saved to: results/Gset/DSN_thorough/G41.csv
2026-01-14 19:13:57,050 - DSN - INFO - Cut: 2009 | Bound: -5764.72 | Time: 31.78s
2026-01-14 19:13:57,050 - DSN - INFO - Initialized DSN_thorough | preset=thorough | GPU=True
2026-01-14 19:13:57,051 - DSN - INFO - Params: η=0.003, T=500, init=degree, LS=True
2026-01-14 19:13:57,051 - DSN - INFO - Using GPU solver (CuPy)
2026-01-14 19:13:57,053 - DSN - INFO - DSN GPU Solver: n=2000, edges=11785
2026-01-14 19:13:57,053 - DSN - INFO - DSN GPU: T=500, η=0.003, LS=True
2026-01-14 19:13:57,124 - DSN - INFO - t=000: B=-17162.64, Cut=1976, Best=1976 [LS]
2026-01-14 19:13:58,915 - DSN - INFO - t=040: B=-6293.24, Cut=-7, Best=1976
2026-01-14 19:14:01,536 - DSN - INFO - t=080: B=-5974.63, Cut=-55, Best=1983
2026-01-14 19:14:04,144 - DSN - INFO - t=120: B=-5879.50, Cut=-28, Best=1983
2026-01-14 19:14:06,761 - DSN - INFO - t=160: B=-5846.10, Cut=-1, Best=1995
2026-01-14 19:14:09,384 - DSN - INFO - t=200: B=-5822.32, Cut=1944, Best=1995 [LS]
2026-01-14 19:14:11,943 - DSN - INFO - t=240: B=-5806.46, Cut=-10, Best=1995
2026-01-14 19:14:14,560 - DSN - INFO - t=280: B=-5809.50, Cut=-13, Best=1995
2026-01-14 19:14:17,171 - DSN - INFO - t=320: B=-5786.00, Cut=30, Best=1995
2026-01-14 19:14:19,798 - DSN - INFO - t=360: B=-5781.57, Cut=-7, Best=1995
2026-01-14 19:14:22,423 - DSN - INFO - t=400: B=-5781.80, Cut=2010, Best=2010 [LS]
2026-01-14 19:14:24,981 - DSN - INFO - t=440: B=-5773.44, Cut=15, Best=2010
2026-01-14 19:14:27,595 - DSN - INFO - t=480: B=-5767.56, Cut=-27, Best=2010
2026-01-14 19:14:28,869 - DSN - INFO - DSN GPU done in 31.82s | Cut=2010
2026-01-14 19:14:28,873 - DSN - INFO - Results saved to: results/Gset/DSN_thorough/G41.csv
2026-01-14 19:14:28,873 - DSN - INFO - Cut: 2010 | Bound: -5767.56 | Time: 31.82s
2026-01-14 19:14:28,873 - DSN - INFO - Initialized DSN_thorough | preset=thorough | GPU=True
2026-01-14 19:14:28,873 - DSN - INFO - Params: η=0.003, T=500, init=degree, LS=True
2026-01-14 19:14:28,873 - DSN - INFO - Using GPU solver (CuPy)
2026-01-14 19:14:28,875 - DSN - INFO - DSN GPU Solver: n=2000, edges=11785
2026-01-14 19:14:28,875 - DSN - INFO - DSN GPU: T=500, η=0.003, LS=True
2026-01-14 19:14:28,948 - DSN - INFO - t=000: B=-17162.64, Cut=2009, Best=2009 [LS]
2026-01-14 19:14:30,736 - DSN - INFO - t=040: B=-6303.38, Cut=11, Best=2009
2026-01-14 19:14:33,337 - DSN - INFO - t=080: B=-5972.58, Cut=-8, Best=2009
2026-01-14 19:14:35,960 - DSN - INFO - t=120: B=-5879.27, Cut=-34, Best=2009
2026-01-14 19:14:38,565 - DSN - INFO - t=160: B=-5843.15, Cut=-19, Best=2015
2026-01-14 19:14:41,186 - DSN - INFO - t=200: B=-5823.18, Cut=1985, Best=2015 [LS]
2026-01-14 19:14:43,749 - DSN - INFO - t=240: B=-5805.34, Cut=-3, Best=2015
2026-01-14 19:14:46,366 - DSN - INFO - t=280: B=-5810.58, Cut=11, Best=2015
2026-01-14 19:14:48,984 - DSN - INFO - t=320: B=-5798.34, Cut=-62, Best=2021
2026-01-14 19:14:51,587 - DSN - INFO - t=360: B=-5781.56, Cut=-3, Best=2021
2026-01-14 19:14:54,205 - DSN - INFO - t=400: B=-5773.67, Cut=1961, Best=2021 [LS]
2026-01-14 19:14:56,776 - DSN - INFO - t=440: B=-5770.84, Cut=-3, Best=2021
2026-01-14 19:14:59,396 - DSN - INFO - t=480: B=-5768.14, Cut=-24, Best=2021
2026-01-14 19:15:00,678 - DSN - INFO - DSN GPU done in 31.80s | Cut=2021
2026-01-14 19:15:00,684 - DSN - INFO - Results saved to: results/Gset/DSN_thorough/G41.csv
2026-01-14 19:15:00,684 - DSN - INFO - Cut: 2021 | Bound: -5765.52 | Time: 31.81s
2026-01-14 19:15:00,684 - DSN - INFO - Initialized DSN_thorough | preset=thorough | GPU=True
2026-01-14 19:15:00,684 - DSN - INFO - Params: η=0.003, T=500, init=degree, LS=True
2026-01-14 19:15:00,684 - DSN - INFO - Using GPU solver (CuPy)
2026-01-14 19:15:00,686 - DSN - INFO - DSN GPU Solver: n=2000, edges=11785
2026-01-14 19:15:00,686 - DSN - INFO - DSN GPU: T=500, η=0.003, LS=True
2026-01-14 19:15:00,758 - DSN - INFO - t=000: B=-17162.64, Cut=1976, Best=1976 [LS]
2026-01-14 19:15:02,595 - DSN - INFO - t=040: B=-6299.85, Cut=16, Best=1976
2026-01-14 19:15:05,177 - DSN - INFO - t=080: B=-5970.14, Cut=-12, Best=1976
2026-01-14 19:15:07,794 - DSN - INFO - t=120: B=-5879.84, Cut=4, Best=1977
2026-01-14 19:15:10,416 - DSN - INFO - t=160: B=-5841.18, Cut=14, Best=1995
2026-01-14 19:15:13,036 - DSN - INFO - t=200: B=-5825.28, Cut=2004, Best=2004 [LS]
2026-01-14 19:15:15,594 - DSN - INFO - t=240: B=-5814.76, Cut=-3, Best=2004
2026-01-14 19:15:18,217 - DSN - INFO - t=280: B=-5804.21, Cut=15, Best=2004
2026-01-14 19:15:20,834 - DSN - INFO - t=320: B=-5799.06, Cut=-26, Best=2004
2026-01-14 19:15:23,447 - DSN - INFO - t=360: B=-5779.00, Cut=-3, Best=2004
2026-01-14 19:15:26,063 - DSN - INFO - t=400: B=-5777.94, Cut=1949, Best=2004 [LS]
2026-01-14 19:15:28,619 - DSN - INFO - t=440: B=-5769.87, Cut=14, Best=2004
2026-01-14 19:15:31,243 - DSN - INFO - t=480: B=-5769.97, Cut=-9, Best=2004
2026-01-14 19:15:32,518 - DSN - INFO - DSN GPU done in 31.83s | Cut=2004
2026-01-14 19:15:32,521 - DSN - INFO - Results saved to: results/Gset/DSN_thorough/G41.csv
2026-01-14 19:15:32,522 - DSN - INFO - Cut: 2004 | Bound: -5765.93 | Time: 31.83s
2026-01-14 19:15:32,522 - DSN - INFO - Initialized DSN_thorough | preset=thorough | GPU=True
2026-01-14 19:15:32,522 - DSN - INFO - Params: η=0.003, T=500, init=degree, LS=True
2026-01-14 19:15:32,522 - DSN - INFO - Using GPU solver (CuPy)
2026-01-14 19:15:32,524 - DSN - INFO - DSN GPU Solver: n=2000, edges=11785
2026-01-14 19:15:32,524 - DSN - INFO - DSN GPU: T=500, η=0.003, LS=True
2026-01-14 19:15:32,594 - DSN - INFO - t=000: B=-17162.64, Cut=1970, Best=1970 [LS]
2026-01-14 19:15:34,369 - DSN - INFO - t=040: B=-6309.40, Cut=-68, Best=1970
2026-01-14 19:15:36,979 - DSN - INFO - t=080: B=-5976.33, Cut=20, Best=1975
2026-01-14 19:15:39,597 - DSN - INFO - t=120: B=-5884.09, Cut=20, Best=1975
2026-01-14 19:15:42,202 - DSN - INFO - t=160: B=-5845.82, Cut=-21, Best=1975
2026-01-14 19:15:44,819 - DSN - INFO - t=200: B=-5816.01, Cut=1981, Best=1981 [LS]
2026-01-14 19:15:47,377 - DSN - INFO - t=240: B=-5806.61, Cut=3, Best=1981
2026-01-14 19:15:49,992 - DSN - INFO - t=280: B=-5799.72, Cut=-3, Best=1981
2026-01-14 19:15:52,624 - DSN - INFO - t=320: B=-5795.44, Cut=3, Best=1981
2026-01-14 19:15:55,231 - DSN - INFO - t=360: B=-5790.73, Cut=-11, Best=1981
2026-01-14 19:15:57,847 - DSN - INFO - t=400: B=-5782.17, Cut=1973, Best=1981 [LS]
2026-01-14 19:16:00,416 - DSN - INFO - t=440: B=-5780.75, Cut=3, Best=1981
2026-01-14 19:16:03,036 - DSN - INFO - t=480: B=-5778.56, Cut=-7, Best=2015
2026-01-14 19:16:04,305 - DSN - INFO - DSN GPU done in 31.78s | Cut=2015
2026-01-14 19:16:04,310 - DSN - INFO - Results saved to: results/Gset/DSN_thorough/G41.csv
2026-01-14 19:16:04,310 - DSN - INFO - Cut: 2015 | Bound: -5775.98 | Time: 31.78s
2026-01-14 19:16:04,310 - DSN - INFO - Initialized DSN_thorough | preset=thorough | GPU=True
2026-01-14 19:16:04,310 - DSN - INFO - Params: η=0.003, T=500, init=degree, LS=True
2026-01-14 19:16:04,311 - DSN - INFO - Using GPU solver (CuPy)
2026-01-14 19:16:04,313 - DSN - INFO - DSN GPU Solver: n=2000, edges=11785
2026-01-14 19:16:04,313 - DSN - INFO - DSN GPU: T=500, η=0.003, LS=True
2026-01-14 19:16:04,384 - DSN - INFO - t=000: B=-17162.64, Cut=1976, Best=1976 [LS]
2026-01-14 19:16:06,155 - DSN - INFO - t=040: B=-6307.96, Cut=-39, Best=1976
2026-01-14 19:16:08,759 - DSN - INFO - t=080: B=-5978.20, Cut=-8, Best=1976
2026-01-14 19:16:11,373 - DSN - INFO - t=120: B=-5878.21, Cut=-4, Best=1976
2026-01-14 19:16:13,995 - DSN - INFO - t=160: B=-5839.93, Cut=-32, Best=1976
2026-01-14 19:16:16,619 - DSN - INFO - t=200: B=-5825.22, Cut=2000, Best=2000 [LS]
2026-01-14 19:16:19,186 - DSN - INFO - t=240: B=-5813.18, Cut=-24, Best=2000
2026-01-14 19:16:21,808 - DSN - INFO - t=280: B=-5806.72, Cut=-6, Best=2009
2026-01-14 19:16:24,428 - DSN - INFO - t=320: B=-5784.95, Cut=-9, Best=2009
2026-01-14 19:16:27,064 - DSN - INFO - t=360: B=-5781.96, Cut=-24, Best=2009
2026-01-14 19:16:29,680 - DSN - INFO - t=400: B=-5774.47, Cut=1974, Best=2009 [LS]
2026-01-14 19:16:32,244 - DSN - INFO - t=440: B=-5770.82, Cut=9, Best=2009
2026-01-14 19:16:34,865 - DSN - INFO - t=480: B=-5768.18, Cut=-28, Best=2009
2026-01-14 19:16:36,143 - DSN - INFO - DSN GPU done in 31.83s | Cut=2009
2026-01-14 19:16:36,147 - DSN - INFO - Results saved to: results/Gset/DSN_thorough/G41.csv
2026-01-14 19:16:36,147 - DSN - INFO - Cut: 2009 | Bound: -5766.98 | Time: 31.83s
2026-01-14 19:16:36,147 - DSN - INFO - Initialized DSN_thorough | preset=thorough | GPU=True
2026-01-14 19:16:36,147 - DSN - INFO - Params: η=0.003, T=500, init=degree, LS=True
2026-01-14 19:16:36,147 - DSN - INFO - Using GPU solver (CuPy)
2026-01-14 19:16:36,149 - DSN - INFO - DSN GPU Solver: n=2000, edges=11785
2026-01-14 19:16:36,149 - DSN - INFO - DSN GPU: T=500, η=0.003, LS=True
2026-01-14 19:16:36,222 - DSN - INFO - t=000: B=-17162.64, Cut=1998, Best=1998 [LS]
2026-01-14 19:16:38,030 - DSN - INFO - t=040: B=-6301.24, Cut=-39, Best=1998
2026-01-14 19:16:40,629 - DSN - INFO - t=080: B=-5980.56, Cut=1, Best=2022
2026-01-14 19:16:43,250 - DSN - INFO - t=120: B=-5875.55, Cut=-47, Best=2022
2026-01-14 19:16:45,853 - DSN - INFO - t=160: B=-5842.98, Cut=24, Best=2035
2026-01-14 19:16:48,474 - DSN - INFO - t=200: B=-5827.60, Cut=1993, Best=2035 [LS]
2026-01-14 19:16:51,033 - DSN - INFO - t=240: B=-5815.01, Cut=-12, Best=2035
2026-01-14 19:16:53,642 - DSN - INFO - t=280: B=-5793.52, Cut=-17, Best=2035
2026-01-14 19:16:56,257 - DSN - INFO - t=320: B=-5789.38, Cut=-11, Best=2035
2026-01-14 19:16:58,874 - DSN - INFO - t=360: B=-5777.69, Cut=8, Best=2035
2026-01-14 19:17:01,500 - DSN - INFO - t=400: B=-5777.54, Cut=1975, Best=2035 [LS]
2026-01-14 19:17:04,050 - DSN - INFO - t=440: B=-5772.54, Cut=-35, Best=2035
2026-01-14 19:17:06,671 - DSN - INFO - t=480: B=-5770.93, Cut=2, Best=2035
2026-01-14 19:17:07,943 - DSN - INFO - DSN GPU done in 31.79s | Cut=2035
2026-01-14 19:17:07,947 - DSN - INFO - Results saved to: results/Gset/DSN_thorough/G41.csv
2026-01-14 19:17:07,947 - DSN - INFO - Cut: 2035 | Bound: -5770.03 | Time: 31.80s
2026-01-14 19:17:07,947 - DSN - INFO - Initialized DSN_thorough | preset=thorough | GPU=True
2026-01-14 19:17:07,947 - DSN - INFO - Params: η=0.003, T=500, init=degree, LS=True
2026-01-14 19:17:07,947 - DSN - INFO - Using GPU solver (CuPy)
2026-01-14 19:17:07,949 - DSN - INFO - DSN GPU Solver: n=2000, edges=11785
2026-01-14 19:17:07,949 - DSN - INFO - DSN GPU: T=500, η=0.003, LS=True
2026-01-14 19:17:08,019 - DSN - INFO - t=000: B=-17162.64, Cut=1976, Best=1976 [LS]
2026-01-14 19:17:09,806 - DSN - INFO - t=040: B=-6294.45, Cut=-14, Best=1976
2026-01-14 19:17:12,427 - DSN - INFO - t=080: B=-5970.24, Cut=-17, Best=1997
2026-01-14 19:17:15,031 - DSN - INFO - t=120: B=-5876.38, Cut=21, Best=2008
2026-01-14 19:17:17,650 - DSN - INFO - t=160: B=-5844.61, Cut=-7, Best=2008
2026-01-14 19:17:20,275 - DSN - INFO - t=200: B=-5825.52, Cut=1997, Best=2008 [LS]
2026-01-14 19:17:22,825 - DSN - INFO - t=240: B=-5813.82, Cut=7, Best=2008
2026-01-14 19:17:25,438 - DSN - INFO - t=280: B=-5793.30, Cut=-32, Best=2008
2026-01-14 19:17:28,063 - DSN - INFO - t=320: B=-5788.89, Cut=-20, Best=2008
2026-01-14 19:17:30,681 - DSN - INFO - t=360: B=-5783.90, Cut=-90, Best=2008
2026-01-14 19:17:33,292 - DSN - INFO - t=400: B=-5782.50, Cut=1956, Best=2008 [LS]
2026-01-14 19:17:35,848 - DSN - INFO - t=440: B=-5777.06, Cut=24, Best=2008
2026-01-14 19:17:38,461 - DSN - INFO - t=480: B=-5774.14, Cut=21, Best=2008
2026-01-14 19:17:39,742 - DSN - INFO - DSN GPU done in 31.79s | Cut=2008
2026-01-14 19:17:39,746 - DSN - INFO - Results saved to: results/Gset/DSN_thorough/G41.csv
2026-01-14 19:17:39,746 - DSN - INFO - Cut: 2008 | Bound: -5771.82 | Time: 31.80s
2026-01-14 19:17:39,746 - DSN - INFO - Initialized DSN_thorough | preset=thorough | GPU=True
2026-01-14 19:17:39,746 - DSN - INFO - Params: η=0.003, T=500, init=degree, LS=True
2026-01-14 19:17:39,746 - DSN - INFO - Using GPU solver (CuPy)
2026-01-14 19:17:39,748 - DSN - INFO - DSN GPU Solver: n=2000, edges=11785
2026-01-14 19:17:39,748 - DSN - INFO - DSN GPU: T=500, η=0.003, LS=True
2026-01-14 19:17:39,818 - DSN - INFO - t=000: B=-17162.64, Cut=1976, Best=1976 [LS]
2026-01-14 19:17:41,619 - DSN - INFO - t=040: B=-6293.79, Cut=-25, Best=1976
2026-01-14 19:17:44,211 - DSN - INFO - t=080: B=-5969.31, Cut=-6, Best=1976
2026-01-14 19:17:46,831 - DSN - INFO - t=120: B=-5885.39, Cut=-6, Best=1976
2026-01-14 19:17:49,442 - DSN - INFO - t=160: B=-5841.67, Cut=-20, Best=1987
2026-01-14 19:17:52,062 - DSN - INFO - t=200: B=-5823.71, Cut=1992, Best=1992 [LS]
2026-01-14 19:17:54,607 - DSN - INFO - t=240: B=-5814.25, Cut=-77, Best=1992
2026-01-14 19:17:57,221 - DSN - INFO - t=280: B=-5800.25, Cut=-36, Best=1992
2026-01-14 19:17:59,838 - DSN - INFO - t=320: B=-5783.21, Cut=32, Best=1992
2026-01-14 19:18:02,464 - DSN - INFO - t=360: B=-5779.62, Cut=0, Best=1992
2026-01-14 19:18:05,078 - DSN - INFO - t=400: B=-5772.18, Cut=1983, Best=1992 [LS]
2026-01-14 19:18:07,637 - DSN - INFO - t=440: B=-5772.22, Cut=3, Best=1992
2026-01-14 19:18:10,250 - DSN - INFO - t=480: B=-5768.16, Cut=-16, Best=1992
2026-01-14 19:18:11,527 - DSN - INFO - DSN GPU done in 31.78s | Cut=1992
2026-01-14 19:18:11,531 - DSN - INFO - Results saved to: results/Gset/DSN_thorough/G41.csv
2026-01-14 19:18:11,531 - DSN - INFO - Cut: 1992 | Bound: -5767.06 | Time: 31.78s
2026-01-14 19:18:11,550 - DSN - INFO - Initialized DSN_thorough | preset=thorough | GPU=True
2026-01-14 19:18:11,550 - DSN - INFO - Params: η=0.003, T=500, init=degree, LS=True
2026-01-14 19:18:11,550 - DSN - INFO - Using GPU solver (CuPy)
2026-01-14 19:18:11,552 - DSN - INFO - DSN GPU Solver: n=2000, edges=11779
2026-01-14 19:18:11,552 - DSN - INFO - DSN GPU: T=500, η=0.003, LS=True
2026-01-14 19:18:11,628 - DSN - INFO - t=000: B=-16434.16, Cut=2121, Best=2121 [LS]
2026-01-14 19:18:13,449 - DSN - INFO - t=040: B=-6232.40, Cut=-14, Best=2121
2026-01-14 19:18:16,058 - DSN - INFO - t=080: B=-5946.10, Cut=-51, Best=2121
2026-01-14 19:18:18,675 - DSN - INFO - t=120: B=-5877.42, Cut=-7, Best=2136
2026-01-14 19:18:21,297 - DSN - INFO - t=160: B=-5828.50, Cut=-5, Best=2136
2026-01-14 19:18:23,914 - DSN - INFO - t=200: B=-5814.64, Cut=2108, Best=2136 [LS]
2026-01-14 19:18:26,476 - DSN - INFO - t=240: B=-5803.77, Cut=-29, Best=2136
2026-01-14 19:18:29,107 - DSN - INFO - t=280: B=-5799.74, Cut=11, Best=2136
2026-01-14 19:18:31,730 - DSN - INFO - t=320: B=-5786.13, Cut=17, Best=2136
2026-01-14 19:18:34,347 - DSN - INFO - t=360: B=-5779.54, Cut=-41, Best=2136
2026-01-14 19:18:36,985 - DSN - INFO - t=400: B=-5777.86, Cut=2105, Best=2136 [LS]
2026-01-14 19:18:39,544 - DSN - INFO - t=440: B=-5777.14, Cut=-11, Best=2136
2026-01-14 19:18:42,162 - DSN - INFO - t=480: B=-5767.45, Cut=2, Best=2136
2026-01-14 19:18:43,443 - DSN - INFO - DSN GPU done in 31.89s | Cut=2136
2026-01-14 19:18:43,445 - DSN - INFO - Results saved to: results/Gset/DSN_thorough/G42.csv
2026-01-14 19:18:43,445 - DSN - INFO - Cut: 2136 | Bound: -5766.64 | Time: 31.89s
2026-01-14 19:18:43,445 - DSN - INFO - Initialized DSN_thorough | preset=thorough | GPU=True
2026-01-14 19:18:43,445 - DSN - INFO - Params: η=0.003, T=500, init=degree, LS=True
2026-01-14 19:18:43,445 - DSN - INFO - Using GPU solver (CuPy)
2026-01-14 19:18:43,447 - DSN - INFO - DSN GPU Solver: n=2000, edges=11779
2026-01-14 19:18:43,447 - DSN - INFO - DSN GPU: T=500, η=0.003, LS=True
2026-01-14 19:18:43,525 - DSN - INFO - t=000: B=-16434.17, Cut=2129, Best=2129 [LS]
2026-01-14 19:18:45,329 - DSN - INFO - t=040: B=-6228.49, Cut=-22, Best=2129
2026-01-14 19:18:47,930 - DSN - INFO - t=080: B=-5940.98, Cut=6, Best=2129
2026-01-14 19:18:50,530 - DSN - INFO - t=120: B=-5866.61, Cut=-45, Best=2129
2026-01-14 19:18:53,156 - DSN - INFO - t=160: B=-5837.59, Cut=22, Best=2129
2026-01-14 19:18:55,772 - DSN - INFO - t=200: B=-5818.26, Cut=2074, Best=2129 [LS]
2026-01-14 19:18:58,334 - DSN - INFO - t=240: B=-5806.03, Cut=5, Best=2129
2026-01-14 19:19:00,957 - DSN - INFO - t=280: B=-5788.24, Cut=12, Best=2129
2026-01-14 19:19:03,579 - DSN - INFO - t=320: B=-5784.83, Cut=23, Best=2129
2026-01-14 19:19:06,197 - DSN - INFO - t=360: B=-5778.08, Cut=-6, Best=2129
2026-01-14 19:19:08,819 - DSN - INFO - t=400: B=-5777.59, Cut=2041, Best=2129 [LS]
2026-01-14 19:19:11,380 - DSN - INFO - t=440: B=-5772.76, Cut=-21, Best=2129
2026-01-14 19:19:14,007 - DSN - INFO - t=480: B=-5771.05, Cut=-17, Best=2129
2026-01-14 19:19:15,283 - DSN - INFO - DSN GPU done in 31.84s | Cut=2129
2026-01-14 19:19:15,286 - DSN - INFO - Results saved to: results/Gset/DSN_thorough/G42.csv
2026-01-14 19:19:15,287 - DSN - INFO - Cut: 2129 | Bound: -5768.88 | Time: 31.84s
2026-01-14 19:19:15,287 - DSN - INFO - Initialized DSN_thorough | preset=thorough | GPU=True
2026-01-14 19:19:15,287 - DSN - INFO - Params: η=0.003, T=500, init=degree, LS=True
2026-01-14 19:19:15,287 - DSN - INFO - Using GPU solver (CuPy)
2026-01-14 19:19:15,289 - DSN - INFO - DSN GPU Solver: n=2000, edges=11779
2026-01-14 19:19:15,289 - DSN - INFO - DSN GPU: T=500, η=0.003, LS=True
2026-01-14 19:19:15,363 - DSN - INFO - t=000: B=-16434.17, Cut=2061, Best=2061 [LS]
2026-01-14 19:19:17,169 - DSN - INFO - t=040: B=-6224.62, Cut=-18, Best=2061
2026-01-14 19:19:19,794 - DSN - INFO - t=080: B=-5945.35, Cut=-54, Best=2086
2026-01-14 19:19:22,414 - DSN - INFO - t=120: B=-5865.87, Cut=-26, Best=2090
2026-01-14 19:19:25,047 - DSN - INFO - t=160: B=-5831.94, Cut=-35, Best=2096
2026-01-14 19:19:27,662 - DSN - INFO - t=200: B=-5817.27, Cut=2087, Best=2096 [LS]
2026-01-14 19:19:30,207 - DSN - INFO - t=240: B=-5806.34, Cut=-28, Best=2096
2026-01-14 19:19:32,835 - DSN - INFO - t=280: B=-5795.63, Cut=-23, Best=2119
2026-01-14 19:19:35,460 - DSN - INFO - t=320: B=-5797.56, Cut=8, Best=2119
2026-01-14 19:19:38,081 - DSN - INFO - t=360: B=-5776.14, Cut=-24, Best=2119
2026-01-14 19:19:40,706 - DSN - INFO - t=400: B=-5771.13, Cut=2070, Best=2119 [LS]
2026-01-14 19:19:43,273 - DSN - INFO - t=440: B=-5767.60, Cut=19, Best=2119
2026-01-14 19:19:45,887 - DSN - INFO - t=480: B=-5765.84, Cut=8, Best=2119
2026-01-14 19:19:47,177 - DSN - INFO - DSN GPU done in 31.89s | Cut=2119
2026-01-14 19:19:47,181 - DSN - INFO - Results saved to: results/Gset/DSN_thorough/G42.csv
2026-01-14 19:19:47,181 - DSN - INFO - Cut: 2119 | Bound: -5763.88 | Time: 31.89s
2026-01-14 19:19:47,181 - DSN - INFO - Initialized DSN_thorough | preset=thorough | GPU=True
2026-01-14 19:19:47,181 - DSN - INFO - Params: η=0.003, T=500, init=degree, LS=True
2026-01-14 19:19:47,181 - DSN - INFO - Using GPU solver (CuPy)
2026-01-14 19:19:47,183 - DSN - INFO - DSN GPU Solver: n=2000, edges=11779
2026-01-14 19:19:47,183 - DSN - INFO - DSN GPU: T=500, η=0.003, LS=True
2026-01-14 19:19:47,259 - DSN - INFO - t=000: B=-16434.16, Cut=2083, Best=2083 [LS]
2026-01-14 19:19:49,053 - DSN - INFO - t=040: B=-6226.60, Cut=-12, Best=2083
2026-01-14 19:19:51,649 - DSN - INFO - t=080: B=-5946.51, Cut=4, Best=2105
2026-01-14 19:19:54,272 - DSN - INFO - t=120: B=-5864.90, Cut=5, Best=2105
2026-01-14 19:19:56,896 - DSN - INFO - t=160: B=-5831.13, Cut=9, Best=2105
2026-01-14 19:19:59,537 - DSN - INFO - t=200: B=-5816.38, Cut=2128, Best=2128 [LS]
2026-01-14 19:20:02,106 - DSN - INFO - t=240: B=-5805.09, Cut=-66, Best=2128
2026-01-14 19:20:04,731 - DSN - INFO - t=280: B=-5802.00, Cut=13, Best=2128
2026-01-14 19:20:07,359 - DSN - INFO - t=320: B=-5793.73, Cut=-28, Best=2128
2026-01-14 19:20:09,979 - DSN - INFO - t=360: B=-5796.09, Cut=-11, Best=2128
2026-01-14 19:20:12,602 - DSN - INFO - t=400: B=-5773.94, Cut=2048, Best=2128 [LS]
2026-01-14 19:20:15,160 - DSN - INFO - t=440: B=-5765.48, Cut=11, Best=2128
2026-01-14 19:20:17,783 - DSN - INFO - t=480: B=-5764.28, Cut=-50, Best=2128
2026-01-14 19:20:19,069 - DSN - INFO - DSN GPU done in 31.89s | Cut=2128
2026-01-14 19:20:19,073 - DSN - INFO - Results saved to: results/Gset/DSN_thorough/G42.csv
2026-01-14 19:20:19,073 - DSN - INFO - Cut: 2128 | Bound: -5763.31 | Time: 31.89s
2026-01-14 19:20:19,073 - DSN - INFO - Initialized DSN_thorough | preset=thorough | GPU=True
2026-01-14 19:20:19,073 - DSN - INFO - Params: η=0.003, T=500, init=degree, LS=True
2026-01-14 19:20:19,073 - DSN - INFO - Using GPU solver (CuPy)
2026-01-14 19:20:19,076 - DSN - INFO - DSN GPU Solver: n=2000, edges=11779
2026-01-14 19:20:19,076 - DSN - INFO - DSN GPU: T=500, η=0.003, LS=True
2026-01-14 19:20:19,151 - DSN - INFO - t=000: B=-16434.16, Cut=2121, Best=2121 [LS]
2026-01-14 19:20:20,963 - DSN - INFO - t=040: B=-6233.51, Cut=-28, Best=2121
2026-01-14 19:20:23,561 - DSN - INFO - t=080: B=-5941.00, Cut=-1, Best=2121
2026-01-14 19:20:26,174 - DSN - INFO - t=120: B=-5872.71, Cut=6, Best=2121
2026-01-14 19:20:28,797 - DSN - INFO - t=160: B=-5844.84, Cut=8, Best=2121
2026-01-14 19:20:31,414 - DSN - INFO - t=200: B=-5818.52, Cut=2072, Best=2121 [LS]
2026-01-14 19:20:33,977 - DSN - INFO - t=240: B=-5806.33, Cut=3, Best=2121
2026-01-14 19:20:36,593 - DSN - INFO - t=280: B=-5796.73, Cut=-14, Best=2138
2026-01-14 19:20:39,214 - DSN - INFO - t=320: B=-5796.73, Cut=-46, Best=2138
2026-01-14 19:20:41,830 - DSN - INFO - t=360: B=-5776.42, Cut=-10, Best=2138
2026-01-14 19:20:44,451 - DSN - INFO - t=400: B=-5770.92, Cut=2066, Best=2138 [LS]
2026-01-14 19:20:47,008 - DSN - INFO - t=440: B=-5767.73, Cut=-5, Best=2138
2026-01-14 19:20:49,623 - DSN - INFO - t=480: B=-5765.76, Cut=-49, Best=2138
2026-01-14 19:20:50,900 - DSN - INFO - DSN GPU done in 31.82s | Cut=2138
2026-01-14 19:20:50,905 - DSN - INFO - Results saved to: results/Gset/DSN_thorough/G42.csv
2026-01-14 19:20:50,905 - DSN - INFO - Cut: 2138 | Bound: -5764.24 | Time: 31.83s
2026-01-14 19:20:50,905 - DSN - INFO - Initialized DSN_thorough | preset=thorough | GPU=True
2026-01-14 19:20:50,905 - DSN - INFO - Params: η=0.003, T=500, init=degree, LS=True
2026-01-14 19:20:50,905 - DSN - INFO - Using GPU solver (CuPy)
2026-01-14 19:20:50,907 - DSN - INFO - DSN GPU Solver: n=2000, edges=11779
2026-01-14 19:20:50,907 - DSN - INFO - DSN GPU: T=500, η=0.003, LS=True
2026-01-14 19:20:50,984 - DSN - INFO - t=000: B=-16434.16, Cut=2083, Best=2083 [LS]
2026-01-14 19:20:52,813 - DSN - INFO - t=040: B=-6225.52, Cut=2, Best=2083
2026-01-14 19:20:55,413 - DSN - INFO - t=080: B=-5944.36, Cut=-17, Best=2085
2026-01-14 19:20:58,039 - DSN - INFO - t=120: B=-5865.51, Cut=-27, Best=2085
2026-01-14 19:21:00,663 - DSN - INFO - t=160: B=-5836.33, Cut=-14, Best=2085
2026-01-14 19:21:03,278 - DSN - INFO - t=200: B=-5815.59, Cut=2072, Best=2085 [LS]
2026-01-14 19:21:05,829 - DSN - INFO - t=240: B=-5798.44, Cut=-6, Best=2085
2026-01-14 19:21:08,445 - DSN - INFO - t=280: B=-5792.65, Cut=-24, Best=2085
2026-01-14 19:21:11,065 - DSN - INFO - t=320: B=-5787.34, Cut=9, Best=2106
2026-01-14 19:21:13,686 - DSN - INFO - t=360: B=-5785.93, Cut=-17, Best=2106
2026-01-14 19:21:16,308 - DSN - INFO - t=400: B=-5777.16, Cut=2058, Best=2106 [LS]
2026-01-14 19:21:18,874 - DSN - INFO - t=440: B=-5775.69, Cut=2, Best=2106
2026-01-14 19:21:21,490 - DSN - INFO - t=480: B=-5771.91, Cut=-13, Best=2106
2026-01-14 19:21:22,771 - DSN - INFO - DSN GPU done in 31.86s | Cut=2106
2026-01-14 19:21:22,775 - DSN - INFO - Results saved to: results/Gset/DSN_thorough/G42.csv
2026-01-14 19:21:22,775 - DSN - INFO - Cut: 2106 | Bound: -5769.99 | Time: 31.87s
2026-01-14 19:21:22,775 - DSN - INFO - Initialized DSN_thorough | preset=thorough | GPU=True
2026-01-14 19:21:22,775 - DSN - INFO - Params: η=0.003, T=500, init=degree, LS=True
2026-01-14 19:21:22,775 - DSN - INFO - Using GPU solver (CuPy)
2026-01-14 19:21:22,777 - DSN - INFO - DSN GPU Solver: n=2000, edges=11779
2026-01-14 19:21:22,777 - DSN - INFO - DSN GPU: T=500, η=0.003, LS=True
2026-01-14 19:21:22,855 - DSN - INFO - t=000: B=-16434.16, Cut=2109, Best=2109 [LS]
2026-01-14 19:21:24,664 - DSN - INFO - t=040: B=-6222.37, Cut=-43, Best=2109
2026-01-14 19:21:27,242 - DSN - INFO - t=080: B=-5945.09, Cut=13, Best=2109
2026-01-14 19:21:29,866 - DSN - INFO - t=120: B=-5864.87, Cut=0, Best=2109
2026-01-14 19:21:32,486 - DSN - INFO - t=160: B=-5830.32, Cut=4, Best=2109
2026-01-14 19:21:35,112 - DSN - INFO - t=200: B=-5819.45, Cut=2113, Best=2113 [LS]
2026-01-14 19:21:37,670 - DSN - INFO - t=240: B=-5803.56, Cut=11, Best=2113
2026-01-14 19:21:40,288 - DSN - INFO - t=280: B=-5788.55, Cut=-3, Best=2113
2026-01-14 19:21:42,905 - DSN - INFO - t=320: B=-5786.83, Cut=2, Best=2113
2026-01-14 19:21:45,523 - DSN - INFO - t=360: B=-5777.58, Cut=17, Best=2113
2026-01-14 19:21:48,140 - DSN - INFO - t=400: B=-5774.10, Cut=2100, Best=2113 [LS]
2026-01-14 19:21:50,692 - DSN - INFO - t=440: B=-5770.82, Cut=-13, Best=2113
2026-01-14 19:21:53,308 - DSN - INFO - t=480: B=-5771.29, Cut=-1, Best=2113
2026-01-14 19:21:54,590 - DSN - INFO - DSN GPU done in 31.81s | Cut=2113
2026-01-14 19:21:54,594 - DSN - INFO - Results saved to: results/Gset/DSN_thorough/G42.csv
2026-01-14 19:21:54,594 - DSN - INFO - Cut: 2113 | Bound: -5770.45 | Time: 31.81s
2026-01-14 19:21:54,594 - DSN - INFO - Initialized DSN_thorough | preset=thorough | GPU=True
2026-01-14 19:21:54,594 - DSN - INFO - Params: η=0.003, T=500, init=degree, LS=True
2026-01-14 19:21:54,594 - DSN - INFO - Using GPU solver (CuPy)
2026-01-14 19:21:54,597 - DSN - INFO - DSN GPU Solver: n=2000, edges=11779
2026-01-14 19:21:54,597 - DSN - INFO - DSN GPU: T=500, η=0.003, LS=True
2026-01-14 19:21:54,675 - DSN - INFO - t=000: B=-16434.17, Cut=2128, Best=2128 [LS]
2026-01-14 19:21:56,478 - DSN - INFO - t=040: B=-6229.78, Cut=-55, Best=2128
2026-01-14 19:21:59,085 - DSN - INFO - t=080: B=-5948.56, Cut=-16, Best=2128
2026-01-14 19:22:01,715 - DSN - INFO - t=120: B=-5859.90, Cut=-46, Best=2128
2026-01-14 19:22:04,326 - DSN - INFO - t=160: B=-5829.63, Cut=34, Best=2128
2026-01-14 19:22:06,946 - DSN - INFO - t=200: B=-5815.11, Cut=2059, Best=2128 [LS]
2026-01-14 19:22:09,495 - DSN - INFO - t=240: B=-5813.29, Cut=-11, Best=2128
2026-01-14 19:22:12,115 - DSN - INFO - t=280: B=-5797.53, Cut=-26, Best=2128
2026-01-14 19:22:14,732 - DSN - INFO - t=320: B=-5780.54, Cut=-32, Best=2128
2026-01-14 19:22:17,362 - DSN - INFO - t=360: B=-5777.94, Cut=11, Best=2128
2026-01-14 19:22:19,986 - DSN - INFO - t=400: B=-5771.10, Cut=2106, Best=2128 [LS]
2026-01-14 19:22:22,548 - DSN - INFO - t=440: B=-5768.67, Cut=-5, Best=2128
2026-01-14 19:22:25,155 - DSN - INFO - t=480: B=-5766.42, Cut=-9, Best=2128
2026-01-14 19:22:26,435 - DSN - INFO - DSN GPU done in 31.84s | Cut=2128
2026-01-14 19:22:26,439 - DSN - INFO - Results saved to: results/Gset/DSN_thorough/G42.csv
2026-01-14 19:22:26,439 - DSN - INFO - Cut: 2128 | Bound: -5765.41 | Time: 31.84s
2026-01-14 19:22:26,439 - DSN - INFO - Initialized DSN_thorough | preset=thorough | GPU=True
2026-01-14 19:22:26,439 - DSN - INFO - Params: η=0.003, T=500, init=degree, LS=True
2026-01-14 19:22:26,439 - DSN - INFO - Using GPU solver (CuPy)
2026-01-14 19:22:26,441 - DSN - INFO - DSN GPU Solver: n=2000, edges=11779
2026-01-14 19:22:26,441 - DSN - INFO - DSN GPU: T=500, η=0.003, LS=True
2026-01-14 19:22:26,516 - DSN - INFO - t=000: B=-16434.17, Cut=2066, Best=2066 [LS]
2026-01-14 19:22:28,321 - DSN - INFO - t=040: B=-6225.69, Cut=4, Best=2066
2026-01-14 19:22:30,928 - DSN - INFO - t=080: B=-5938.76, Cut=8, Best=2088
2026-01-14 19:22:33,545 - DSN - INFO - t=120: B=-5872.62, Cut=7, Best=2124
2026-01-14 19:22:36,167 - DSN - INFO - t=160: B=-5833.60, Cut=-15, Best=2124
2026-01-14 19:22:38,785 - DSN - INFO - t=200: B=-5815.16, Cut=2101, Best=2124 [LS]
2026-01-14 19:22:41,332 - DSN - INFO - t=240: B=-5803.90, Cut=-10, Best=2124
2026-01-14 19:22:43,951 - DSN - INFO - t=280: B=-5796.90, Cut=-78, Best=2137
2026-01-14 19:22:46,560 - DSN - INFO - t=320: B=-5777.90, Cut=9, Best=2137
2026-01-14 19:22:49,177 - DSN - INFO - t=360: B=-5772.21, Cut=-43, Best=2137
2026-01-14 19:22:51,801 - DSN - INFO - t=400: B=-5773.17, Cut=2081, Best=2137 [LS]
2026-01-14 19:22:54,355 - DSN - INFO - t=440: B=-5768.91, Cut=40, Best=2137
2026-01-14 19:22:56,969 - DSN - INFO - t=480: B=-5768.00, Cut=2, Best=2137
2026-01-14 19:22:58,252 - DSN - INFO - DSN GPU done in 31.81s | Cut=2137
2026-01-14 19:22:58,255 - DSN - INFO - Results saved to: results/Gset/DSN_thorough/G42.csv
2026-01-14 19:22:58,256 - DSN - INFO - Cut: 2137 | Bound: -5766.53 | Time: 31.81s
2026-01-14 19:22:58,256 - DSN - INFO - Initialized DSN_thorough | preset=thorough | GPU=True
2026-01-14 19:22:58,256 - DSN - INFO - Params: η=0.003, T=500, init=degree, LS=True
2026-01-14 19:22:58,256 - DSN - INFO - Using GPU solver (CuPy)
2026-01-14 19:22:58,258 - DSN - INFO - DSN GPU Solver: n=2000, edges=11779
2026-01-14 19:22:58,258 - DSN - INFO - DSN GPU: T=500, η=0.003, LS=True
2026-01-14 19:22:58,332 - DSN - INFO - t=000: B=-16434.16, Cut=2066, Best=2066 [LS]
2026-01-14 19:23:00,155 - DSN - INFO - t=040: B=-6221.44, Cut=-31, Best=2066
2026-01-14 19:23:02,729 - DSN - INFO - t=080: B=-5945.42, Cut=-4, Best=2082
2026-01-14 19:23:05,355 - DSN - INFO - t=120: B=-5861.96, Cut=-19, Best=2106
2026-01-14 19:23:07,976 - DSN - INFO - t=160: B=-5839.70, Cut=13, Best=2106
2026-01-14 19:23:10,594 - DSN - INFO - t=200: B=-5815.64, Cut=2098, Best=2106 [LS]
2026-01-14 19:23:13,155 - DSN - INFO - t=240: B=-5805.63, Cut=12, Best=2106
2026-01-14 19:23:15,780 - DSN - INFO - t=280: B=-5801.13, Cut=17, Best=2106
2026-01-14 19:23:18,389 - DSN - INFO - t=320: B=-5786.25, Cut=0, Best=2106
2026-01-14 19:23:21,019 - DSN - INFO - t=360: B=-5777.99, Cut=14, Best=2106
2026-01-14 19:23:23,639 - DSN - INFO - t=400: B=-5775.07, Cut=2060, Best=2106 [LS]
2026-01-14 19:23:26,200 - DSN - INFO - t=440: B=-5776.50, Cut=-14, Best=2106
2026-01-14 19:23:28,817 - DSN - INFO - t=480: B=-5767.26, Cut=39, Best=2106
2026-01-14 19:23:30,089 - DSN - INFO - DSN GPU done in 31.83s | Cut=2106
2026-01-14 19:23:30,093 - DSN - INFO - Results saved to: results/Gset/DSN_thorough/G42.csv
2026-01-14 19:23:30,093 - DSN - INFO - Cut: 2106 | Bound: -5766.23 | Time: 31.83s
2026-01-14 19:23:30,108 - DSN - INFO - Initialized DSN_thorough | preset=thorough | GPU=True
2026-01-14 19:23:30,108 - DSN - INFO - Params: η=0.003, T=500, init=degree, LS=True
2026-01-14 19:23:30,108 - DSN - INFO - Using GPU solver (CuPy)
2026-01-14 19:23:30,110 - DSN - INFO - DSN GPU Solver: n=1000, edges=9990
2026-01-14 19:23:30,110 - DSN - INFO - DSN GPU: T=500, η=0.003, LS=True
2026-01-14 19:23:30,159 - DSN - INFO - t=000: B=-10508.01, Cut=6458, Best=6458 [LS]
2026-01-14 19:23:30,688 - DSN - INFO - t=040: B=-9994.25, Cut=0, Best=6458
2026-01-14 19:23:31,254 - DSN - INFO - t=080: B=-9990.12, Cut=0, Best=6458
2026-01-14 19:23:31,816 - DSN - INFO - t=120: B=-9990.01, Cut=0, Best=6458
2026-01-14 19:23:32,382 - DSN - INFO - t=160: B=-9990.00, Cut=0, Best=6458
2026-01-14 19:23:32,951 - DSN - INFO - t=200: B=-9990.00, Cut=6453, Best=6458 [LS]
2026-01-14 19:23:33,475 - DSN - INFO - t=240: B=-9990.00, Cut=0, Best=6458
2026-01-14 19:23:34,029 - DSN - INFO - t=280: B=-9990.00, Cut=0, Best=6458
2026-01-14 19:23:34,595 - DSN - INFO - t=320: B=-9990.00, Cut=0, Best=6458
2026-01-14 19:23:35,160 - DSN - INFO - t=360: B=-9990.00, Cut=0, Best=6458
2026-01-14 19:23:35,705 - DSN - INFO - t=400: B=-9990.00, Cut=6453, Best=6458 [LS]
2026-01-14 19:23:36,213 - DSN - INFO - t=440: B=-9990.00, Cut=0, Best=6458
2026-01-14 19:23:36,756 - DSN - INFO - t=480: B=-9990.00, Cut=0, Best=6458
2026-01-14 19:23:37,035 - DSN - INFO - DSN GPU done in 6.92s | Cut=6458
2026-01-14 19:23:37,036 - DSN - INFO - Results saved to: results/Gset/DSN_thorough/G43.csv
2026-01-14 19:23:37,036 - DSN - INFO - Cut: 6458 | Bound: -9990.00 | Time: 6.93s
2026-01-14 19:23:37,036 - DSN - INFO - Initialized DSN_thorough | preset=thorough | GPU=True
2026-01-14 19:23:37,036 - DSN - INFO - Params: η=0.003, T=500, init=degree, LS=True
2026-01-14 19:23:37,036 - DSN - INFO - Using GPU solver (CuPy)
2026-01-14 19:23:37,038 - DSN - INFO - DSN GPU Solver: n=1000, edges=9990
2026-01-14 19:23:37,038 - DSN - INFO - DSN GPU: T=500, η=0.003, LS=True
2026-01-14 19:23:37,089 - DSN - INFO - t=000: B=-10508.01, Cut=6416, Best=6416 [LS]
2026-01-14 19:23:37,622 - DSN - INFO - t=040: B=-9994.25, Cut=0, Best=6416
2026-01-14 19:23:38,191 - DSN - INFO - t=080: B=-9990.12, Cut=0, Best=6453
2026-01-14 19:23:38,754 - DSN - INFO - t=120: B=-9990.01, Cut=0, Best=6453
2026-01-14 19:23:39,316 - DSN - INFO - t=160: B=-9990.00, Cut=0, Best=6453
2026-01-14 19:23:39,884 - DSN - INFO - t=200: B=-9990.00, Cut=6453, Best=6453 [LS]
2026-01-14 19:23:40,408 - DSN - INFO - t=240: B=-9990.00, Cut=0, Best=6453
2026-01-14 19:23:40,962 - DSN - INFO - t=280: B=-9990.00, Cut=0, Best=6453
2026-01-14 19:23:41,513 - DSN - INFO - t=320: B=-9990.00, Cut=0, Best=6453
2026-01-14 19:23:42,062 - DSN - INFO - t=360: B=-9990.00, Cut=0, Best=6453
2026-01-14 19:23:42,605 - DSN - INFO - t=400: B=-9990.00, Cut=6453, Best=6453 [LS]
2026-01-14 19:23:43,138 - DSN - INFO - t=440: B=-9990.00, Cut=0, Best=6453
2026-01-14 19:23:43,723 - DSN - INFO - t=480: B=-9990.00, Cut=0, Best=6453
2026-01-14 19:23:44,026 - DSN - INFO - DSN GPU done in 6.99s | Cut=6453
2026-01-14 19:23:44,029 - DSN - INFO - Results saved to: results/Gset/DSN_thorough/G43.csv
2026-01-14 19:23:44,029 - DSN - INFO - Cut: 6453 | Bound: -9990.00 | Time: 6.99s
2026-01-14 19:23:44,029 - DSN - INFO - Initialized DSN_thorough | preset=thorough | GPU=True
2026-01-14 19:23:44,029 - DSN - INFO - Params: η=0.003, T=500, init=degree, LS=True
2026-01-14 19:23:44,029 - DSN - INFO - Using GPU solver (CuPy)
2026-01-14 19:23:44,031 - DSN - INFO - DSN GPU Solver: n=1000, edges=9990
2026-01-14 19:23:44,031 - DSN - INFO - DSN GPU: T=500, η=0.003, LS=True
2026-01-14 19:23:44,078 - DSN - INFO - t=000: B=-10508.01, Cut=6342, Best=6342 [LS]
2026-01-14 19:23:44,608 - DSN - INFO - t=040: B=-9994.25, Cut=0, Best=6342
2026-01-14 19:23:45,177 - DSN - INFO - t=080: B=-9990.12, Cut=0, Best=6453
2026-01-14 19:23:45,737 - DSN - INFO - t=120: B=-9990.01, Cut=0, Best=6453
2026-01-14 19:23:46,302 - DSN - INFO - t=160: B=-9990.00, Cut=0, Best=6453
2026-01-14 19:23:46,871 - DSN - INFO - t=200: B=-9990.00, Cut=6453, Best=6453 [LS]
2026-01-14 19:23:47,397 - DSN - INFO - t=240: B=-9990.00, Cut=0, Best=6453
2026-01-14 19:23:47,958 - DSN - INFO - t=280: B=-9990.00, Cut=0, Best=6453
2026-01-14 19:23:48,526 - DSN - INFO - t=320: B=-9990.00, Cut=0, Best=6453
2026-01-14 19:23:49,099 - DSN - INFO - t=360: B=-9990.00, Cut=0, Best=6453
2026-01-14 19:23:49,684 - DSN - INFO - t=400: B=-9990.00, Cut=6453, Best=6453 [LS]
2026-01-14 19:23:50,268 - DSN - INFO - t=440: B=-9990.00, Cut=0, Best=6453
2026-01-14 19:23:50,883 - DSN - INFO - t=480: B=-9990.00, Cut=0, Best=6453
2026-01-14 19:23:51,203 - DSN - INFO - DSN GPU done in 7.17s | Cut=6453
2026-01-14 19:23:51,207 - DSN - INFO - Results saved to: results/Gset/DSN_thorough/G43.csv
2026-01-14 19:23:51,207 - DSN - INFO - Cut: 6453 | Bound: -9990.00 | Time: 7.17s
2026-01-14 19:23:51,207 - DSN - INFO - Initialized DSN_thorough | preset=thorough | GPU=True
2026-01-14 19:23:51,207 - DSN - INFO - Params: η=0.003, T=500, init=degree, LS=True
2026-01-14 19:23:51,207 - DSN - INFO - Using GPU solver (CuPy)
2026-01-14 19:23:51,209 - DSN - INFO - DSN GPU Solver: n=1000, edges=9990
2026-01-14 19:23:51,209 - DSN - INFO - DSN GPU: T=500, η=0.003, LS=True
2026-01-14 19:23:51,257 - DSN - INFO - t=000: B=-10508.01, Cut=6443, Best=6443 [LS]
2026-01-14 19:23:51,789 - DSN - INFO - t=040: B=-9994.25, Cut=0, Best=6443
2026-01-14 19:23:52,355 - DSN - INFO - t=080: B=-9990.12, Cut=0, Best=6453
2026-01-14 19:23:52,917 - DSN - INFO - t=120: B=-9990.01, Cut=0, Best=6453
2026-01-14 19:23:53,482 - DSN - INFO - t=160: B=-9990.00, Cut=0, Best=6453
2026-01-14 19:23:54,054 - DSN - INFO - t=200: B=-9990.00, Cut=6453, Best=6453 [LS]
2026-01-14 19:23:54,581 - DSN - INFO - t=240: B=-9990.00, Cut=0, Best=6453
2026-01-14 19:23:55,153 - DSN - INFO - t=280: B=-9990.00, Cut=0, Best=6453
2026-01-14 19:23:55,719 - DSN - INFO - t=320: B=-9990.00, Cut=0, Best=6453
2026-01-14 19:23:56,272 - DSN - INFO - t=360: B=-9990.00, Cut=0, Best=6453
2026-01-14 19:23:56,846 - DSN - INFO - t=400: B=-9990.00, Cut=6453, Best=6453 [LS]
2026-01-14 19:23:57,422 - DSN - INFO - t=440: B=-9990.00, Cut=0, Best=6453
2026-01-14 19:23:58,022 - DSN - INFO - t=480: B=-9990.00, Cut=0, Best=6453
2026-01-14 19:23:58,340 - DSN - INFO - DSN GPU done in 7.13s | Cut=6453
2026-01-14 19:23:58,344 - DSN - INFO - Results saved to: results/Gset/DSN_thorough/G43.csv
2026-01-14 19:23:58,344 - DSN - INFO - Cut: 6453 | Bound: -9990.00 | Time: 7.13s
2026-01-14 19:23:58,344 - DSN - INFO - Initialized DSN_thorough | preset=thorough | GPU=True
2026-01-14 19:23:58,344 - DSN - INFO - Params: η=0.003, T=500, init=degree, LS=True
2026-01-14 19:23:58,344 - DSN - INFO - Using GPU solver (CuPy)
2026-01-14 19:23:58,345 - DSN - INFO - DSN GPU Solver: n=1000, edges=9990
2026-01-14 19:23:58,346 - DSN - INFO - DSN GPU: T=500, η=0.003, LS=True
2026-01-14 19:23:58,393 - DSN - INFO - t=000: B=-10508.01, Cut=6424, Best=6424 [LS]
2026-01-14 19:23:58,922 - DSN - INFO - t=040: B=-9994.25, Cut=0, Best=6424
2026-01-14 19:23:59,488 - DSN - INFO - t=080: B=-9990.12, Cut=0, Best=6453
2026-01-14 19:24:00,052 - DSN - INFO - t=120: B=-9990.01, Cut=0, Best=6453
2026-01-14 19:24:00,615 - DSN - INFO - t=160: B=-9990.00, Cut=0, Best=6453
2026-01-14 19:24:01,184 - DSN - INFO - t=200: B=-9990.00, Cut=6453, Best=6453 [LS]
2026-01-14 19:24:01,718 - DSN - INFO - t=240: B=-9990.00, Cut=0, Best=6453
2026-01-14 19:24:02,290 - DSN - INFO - t=280: B=-9990.00, Cut=0, Best=6453
2026-01-14 19:24:02,857 - DSN - INFO - t=320: B=-9990.00, Cut=0, Best=6453
2026-01-14 19:24:03,438 - DSN - INFO - t=360: B=-9990.00, Cut=0, Best=6453
2026-01-14 19:24:03,989 - DSN - INFO - t=400: B=-9990.00, Cut=6453, Best=6453 [LS]
2026-01-14 19:24:04,510 - DSN - INFO - t=440: B=-9990.00, Cut=0, Best=6453
2026-01-14 19:24:05,078 - DSN - INFO - t=480: B=-9990.00, Cut=0, Best=6453
2026-01-14 19:24:05,360 - DSN - INFO - DSN GPU done in 7.01s | Cut=6453
2026-01-14 19:24:05,363 - DSN - INFO - Results saved to: results/Gset/DSN_thorough/G43.csv
2026-01-14 19:24:05,363 - DSN - INFO - Cut: 6453 | Bound: -9990.00 | Time: 7.02s
2026-01-14 19:24:05,363 - DSN - INFO - Initialized DSN_thorough | preset=thorough | GPU=True
2026-01-14 19:24:05,363 - DSN - INFO - Params: η=0.003, T=500, init=degree, LS=True
2026-01-14 19:24:05,363 - DSN - INFO - Using GPU solver (CuPy)
2026-01-14 19:24:05,365 - DSN - INFO - DSN GPU Solver: n=1000, edges=9990
2026-01-14 19:24:05,365 - DSN - INFO - DSN GPU: T=500, η=0.003, LS=True
2026-01-14 19:24:05,417 - DSN - INFO - t=000: B=-10508.01, Cut=6474, Best=6474 [LS]
2026-01-14 19:24:05,946 - DSN - INFO - t=040: B=-9994.25, Cut=0, Best=6474
2026-01-14 19:24:06,515 - DSN - INFO - t=080: B=-9990.12, Cut=0, Best=6474
2026-01-14 19:24:07,078 - DSN - INFO - t=120: B=-9990.01, Cut=0, Best=6474
2026-01-14 19:24:07,644 - DSN - INFO - t=160: B=-9990.00, Cut=0, Best=6474
2026-01-14 19:24:08,219 - DSN - INFO - t=200: B=-9990.00, Cut=6453, Best=6474 [LS]
2026-01-14 19:24:08,748 - DSN - INFO - t=240: B=-9990.00, Cut=0, Best=6474
2026-01-14 19:24:09,314 - DSN - INFO - t=280: B=-9990.00, Cut=0, Best=6474
2026-01-14 19:24:09,876 - DSN - INFO - t=320: B=-9990.00, Cut=0, Best=6474
2026-01-14 19:24:10,422 - DSN - INFO - t=360: B=-9990.00, Cut=0, Best=6474
2026-01-14 19:24:10,965 - DSN - INFO - t=400: B=-9990.00, Cut=6453, Best=6474 [LS]
2026-01-14 19:24:11,472 - DSN - INFO - t=440: B=-9990.00, Cut=0, Best=6474
2026-01-14 19:24:12,015 - DSN - INFO - t=480: B=-9990.00, Cut=0, Best=6474
2026-01-14 19:24:12,299 - DSN - INFO - DSN GPU done in 6.93s | Cut=6474
2026-01-14 19:24:12,302 - DSN - INFO - Results saved to: results/Gset/DSN_thorough/G43.csv
2026-01-14 19:24:12,303 - DSN - INFO - Cut: 6474 | Bound: -9990.00 | Time: 6.94s
2026-01-14 19:24:12,303 - DSN - INFO - Initialized DSN_thorough | preset=thorough | GPU=True
2026-01-14 19:24:12,303 - DSN - INFO - Params: η=0.003, T=500, init=degree, LS=True
2026-01-14 19:24:12,303 - DSN - INFO - Using GPU solver (CuPy)
2026-01-14 19:24:12,304 - DSN - INFO - DSN GPU Solver: n=1000, edges=9990
2026-01-14 19:24:12,304 - DSN - INFO - DSN GPU: T=500, η=0.003, LS=True
2026-01-14 19:24:12,356 - DSN - INFO - t=000: B=-10508.01, Cut=6416, Best=6416 [LS]
2026-01-14 19:24:12,887 - DSN - INFO - t=040: B=-9994.25, Cut=0, Best=6416
2026-01-14 19:24:13,463 - DSN - INFO - t=080: B=-9990.12, Cut=0, Best=6453
2026-01-14 19:24:14,020 - DSN - INFO - t=120: B=-9990.01, Cut=0, Best=6453
2026-01-14 19:24:14,586 - DSN - INFO - t=160: B=-9990.00, Cut=0, Best=6453
2026-01-14 19:24:15,158 - DSN - INFO - t=200: B=-9990.00, Cut=6453, Best=6453 [LS]
2026-01-14 19:24:15,688 - DSN - INFO - t=240: B=-9990.00, Cut=0, Best=6453
2026-01-14 19:24:16,247 - DSN - INFO - t=280: B=-9990.00, Cut=0, Best=6453
2026-01-14 19:24:16,795 - DSN - INFO - t=320: B=-9990.00, Cut=0, Best=6453
2026-01-14 19:24:17,360 - DSN - INFO - t=360: B=-9990.00, Cut=0, Best=6453
2026-01-14 19:24:17,932 - DSN - INFO - t=400: B=-9990.00, Cut=6453, Best=6453 [LS]
2026-01-14 19:24:18,505 - DSN - INFO - t=440: B=-9990.00, Cut=0, Best=6453
2026-01-14 19:24:19,123 - DSN - INFO - t=480: B=-9990.00, Cut=0, Best=6453
2026-01-14 19:24:19,444 - DSN - INFO - DSN GPU done in 7.14s | Cut=6453
2026-01-14 19:24:19,448 - DSN - INFO - Results saved to: results/Gset/DSN_thorough/G43.csv
2026-01-14 19:24:19,448 - DSN - INFO - Cut: 6453 | Bound: -9990.00 | Time: 7.14s
2026-01-14 19:24:19,448 - DSN - INFO - Initialized DSN_thorough | preset=thorough | GPU=True
2026-01-14 19:24:19,448 - DSN - INFO - Params: η=0.003, T=500, init=degree, LS=True
2026-01-14 19:24:19,448 - DSN - INFO - Using GPU solver (CuPy)
2026-01-14 19:24:19,449 - DSN - INFO - DSN GPU Solver: n=1000, edges=9990
2026-01-14 19:24:19,450 - DSN - INFO - DSN GPU: T=500, η=0.003, LS=True
2026-01-14 19:24:19,499 - DSN - INFO - t=000: B=-10508.01, Cut=6394, Best=6394 [LS]
2026-01-14 19:24:20,031 - DSN - INFO - t=040: B=-9994.25, Cut=0, Best=6394
2026-01-14 19:24:20,599 - DSN - INFO - t=080: B=-9990.12, Cut=0, Best=6453
2026-01-14 19:24:21,158 - DSN - INFO - t=120: B=-9990.01, Cut=0, Best=6453
2026-01-14 19:24:21,726 - DSN - INFO - t=160: B=-9990.00, Cut=0, Best=6453
2026-01-14 19:24:22,298 - DSN - INFO - t=200: B=-9990.00, Cut=6453, Best=6453 [LS]
2026-01-14 19:24:22,828 - DSN - INFO - t=240: B=-9990.00, Cut=0, Best=6453
2026-01-14 19:24:23,414 - DSN - INFO - t=280: B=-9990.00, Cut=0, Best=6453
2026-01-14 19:24:23,981 - DSN - INFO - t=320: B=-9990.00, Cut=0, Best=6453
2026-01-14 19:24:24,530 - DSN - INFO - t=360: B=-9990.00, Cut=0, Best=6453
2026-01-14 19:24:25,074 - DSN - INFO - t=400: B=-9990.00, Cut=6453, Best=6453 [LS]
2026-01-14 19:24:25,586 - DSN - INFO - t=440: B=-9990.00, Cut=0, Best=6453
2026-01-14 19:24:26,130 - DSN - INFO - t=480: B=-9990.00, Cut=0, Best=6453
2026-01-14 19:24:26,413 - DSN - INFO - DSN GPU done in 6.96s | Cut=6453
2026-01-14 19:24:26,417 - DSN - INFO - Results saved to: results/Gset/DSN_thorough/G43.csv
2026-01-14 19:24:26,417 - DSN - INFO - Cut: 6453 | Bound: -9990.00 | Time: 6.97s
2026-01-14 19:24:26,417 - DSN - INFO - Initialized DSN_thorough | preset=thorough | GPU=True
2026-01-14 19:24:26,417 - DSN - INFO - Params: η=0.003, T=500, init=degree, LS=True
2026-01-14 19:24:26,417 - DSN - INFO - Using GPU solver (CuPy)
2026-01-14 19:24:26,419 - DSN - INFO - DSN GPU Solver: n=1000, edges=9990
2026-01-14 19:24:26,419 - DSN - INFO - DSN GPU: T=500, η=0.003, LS=True
2026-01-14 19:24:26,461 - DSN - INFO - t=000: B=-10508.01, Cut=6381, Best=6381 [LS]
2026-01-14 19:24:26,995 - DSN - INFO - t=040: B=-9994.25, Cut=0, Best=6381
2026-01-14 19:24:27,567 - DSN - INFO - t=080: B=-9990.12, Cut=0, Best=6453
2026-01-14 19:24:28,131 - DSN - INFO - t=120: B=-9990.01, Cut=0, Best=6453
2026-01-14 19:24:28,696 - DSN - INFO - t=160: B=-9990.00, Cut=0, Best=6453
2026-01-14 19:24:29,259 - DSN - INFO - t=200: B=-9990.00, Cut=6453, Best=6453 [LS]
2026-01-14 19:24:29,783 - DSN - INFO - t=240: B=-9990.00, Cut=0, Best=6453
2026-01-14 19:24:30,336 - DSN - INFO - t=280: B=-9990.00, Cut=0, Best=6453
2026-01-14 19:24:30,912 - DSN - INFO - t=320: B=-9990.00, Cut=0, Best=6453
2026-01-14 19:24:31,489 - DSN - INFO - t=360: B=-9990.00, Cut=0, Best=6453
2026-01-14 19:24:32,079 - DSN - INFO - t=400: B=-9990.00, Cut=6453, Best=6453 [LS]
2026-01-14 19:24:32,631 - DSN - INFO - t=440: B=-9990.00, Cut=0, Best=6453
2026-01-14 19:24:33,210 - DSN - INFO - t=480: B=-9990.00, Cut=0, Best=6453
2026-01-14 19:24:33,525 - DSN - INFO - DSN GPU done in 7.11s | Cut=6453
2026-01-14 19:24:33,529 - DSN - INFO - Results saved to: results/Gset/DSN_thorough/G43.csv
2026-01-14 19:24:33,529 - DSN - INFO - Cut: 6453 | Bound: -9990.00 | Time: 7.11s
2026-01-14 19:24:33,529 - DSN - INFO - Initialized DSN_thorough | preset=thorough | GPU=True
2026-01-14 19:24:33,529 - DSN - INFO - Params: η=0.003, T=500, init=degree, LS=True
2026-01-14 19:24:33,529 - DSN - INFO - Using GPU solver (CuPy)
2026-01-14 19:24:33,531 - DSN - INFO - DSN GPU Solver: n=1000, edges=9990
2026-01-14 19:24:33,531 - DSN - INFO - DSN GPU: T=500, η=0.003, LS=True
2026-01-14 19:24:33,576 - DSN - INFO - t=000: B=-10508.01, Cut=6431, Best=6431 [LS]
2026-01-14 19:24:34,105 - DSN - INFO - t=040: B=-9994.25, Cut=0, Best=6431
2026-01-14 19:24:34,671 - DSN - INFO - t=080: B=-9990.12, Cut=0, Best=6453
2026-01-14 19:24:35,233 - DSN - INFO - t=120: B=-9990.01, Cut=0, Best=6453
2026-01-14 19:24:35,800 - DSN - INFO - t=160: B=-9990.00, Cut=0, Best=6453
2026-01-14 19:24:36,365 - DSN - INFO - t=200: B=-9990.00, Cut=6453, Best=6453 [LS]
2026-01-14 19:24:36,894 - DSN - INFO - t=240: B=-9990.00, Cut=0, Best=6453
2026-01-14 19:24:37,455 - DSN - INFO - t=280: B=-9990.00, Cut=0, Best=6453
2026-01-14 19:24:38,002 - DSN - INFO - t=320: B=-9990.00, Cut=0, Best=6453
2026-01-14 19:24:38,553 - DSN - INFO - t=360: B=-9990.00, Cut=0, Best=6453
2026-01-14 19:24:39,101 - DSN - INFO - t=400: B=-9990.00, Cut=6453, Best=6453 [LS]
2026-01-14 19:24:39,604 - DSN - INFO - t=440: B=-9990.00, Cut=0, Best=6453
2026-01-14 19:24:40,143 - DSN - INFO - t=480: B=-9990.00, Cut=0, Best=6453
2026-01-14 19:24:40,423 - DSN - INFO - DSN GPU done in 6.89s | Cut=6453
2026-01-14 19:24:40,426 - DSN - INFO - Results saved to: results/Gset/DSN_thorough/G43.csv
2026-01-14 19:24:40,426 - DSN - INFO - Cut: 6453 | Bound: -9990.00 | Time: 6.89s
2026-01-14 19:24:40,442 - DSN - INFO - Initialized DSN_thorough | preset=thorough | GPU=True
2026-01-14 19:24:40,442 - DSN - INFO - Params: η=0.003, T=500, init=degree, LS=True
2026-01-14 19:24:40,442 - DSN - INFO - Using GPU solver (CuPy)
2026-01-14 19:24:40,444 - DSN - INFO - DSN GPU Solver: n=1000, edges=9990
2026-01-14 19:24:40,444 - DSN - INFO - DSN GPU: T=500, η=0.003, LS=True
2026-01-14 19:24:40,493 - DSN - INFO - t=000: B=-10515.46, Cut=6414, Best=6414 [LS]
2026-01-14 19:24:41,019 - DSN - INFO - t=040: B=-9994.41, Cut=0, Best=6414
2026-01-14 19:24:41,583 - DSN - INFO - t=080: B=-9990.12, Cut=0, Best=6432
2026-01-14 19:24:42,153 - DSN - INFO - t=120: B=-9990.01, Cut=0, Best=6432
2026-01-14 19:24:42,717 - DSN - INFO - t=160: B=-9990.00, Cut=0, Best=6432
2026-01-14 19:24:43,277 - DSN - INFO - t=200: B=-9990.00, Cut=6432, Best=6432 [LS]
2026-01-14 19:24:43,814 - DSN - INFO - t=240: B=-9990.00, Cut=0, Best=6432
2026-01-14 19:24:44,374 - DSN - INFO - t=280: B=-9990.00, Cut=0, Best=6432
2026-01-14 19:24:44,931 - DSN - INFO - t=320: B=-9990.00, Cut=0, Best=6432
2026-01-14 19:24:45,475 - DSN - INFO - t=360: B=-9990.00, Cut=0, Best=6432
2026-01-14 19:24:46,024 - DSN - INFO - t=400: B=-9990.00, Cut=6432, Best=6432 [LS]
2026-01-14 19:24:46,530 - DSN - INFO - t=440: B=-9990.00, Cut=0, Best=6432
2026-01-14 19:24:47,067 - DSN - INFO - t=480: B=-9990.00, Cut=0, Best=6432
2026-01-14 19:24:47,343 - DSN - INFO - DSN GPU done in 6.90s | Cut=6432
2026-01-14 19:24:47,344 - DSN - INFO - Results saved to: results/Gset/DSN_thorough/G44.csv
2026-01-14 19:24:47,344 - DSN - INFO - Cut: 6432 | Bound: -9990.00 | Time: 6.90s
2026-01-14 19:24:47,344 - DSN - INFO - Initialized DSN_thorough | preset=thorough | GPU=True
2026-01-14 19:24:47,344 - DSN - INFO - Params: η=0.003, T=500, init=degree, LS=True
2026-01-14 19:24:47,344 - DSN - INFO - Using GPU solver (CuPy)
2026-01-14 19:24:47,346 - DSN - INFO - DSN GPU Solver: n=1000, edges=9990
2026-01-14 19:24:47,346 - DSN - INFO - DSN GPU: T=500, η=0.003, LS=True
2026-01-14 19:24:47,398 - DSN - INFO - t=000: B=-10515.46, Cut=6427, Best=6427 [LS]
2026-01-14 19:24:47,932 - DSN - INFO - t=040: B=-9994.41, Cut=0, Best=6427
2026-01-14 19:24:48,492 - DSN - INFO - t=080: B=-9990.13, Cut=0, Best=6432
2026-01-14 19:24:49,058 - DSN - INFO - t=120: B=-9990.01, Cut=0, Best=6432
2026-01-14 19:24:49,623 - DSN - INFO - t=160: B=-9990.00, Cut=0, Best=6432
2026-01-14 19:24:50,192 - DSN - INFO - t=200: B=-9990.00, Cut=6432, Best=6432 [LS]
2026-01-14 19:24:50,728 - DSN - INFO - t=240: B=-9990.00, Cut=0, Best=6432
2026-01-14 19:24:51,297 - DSN - INFO - t=280: B=-9990.00, Cut=0, Best=6432
2026-01-14 19:24:51,852 - DSN - INFO - t=320: B=-9990.00, Cut=0, Best=6432
2026-01-14 19:24:52,425 - DSN - INFO - t=360: B=-9990.00, Cut=0, Best=6432
2026-01-14 19:24:52,987 - DSN - INFO - t=400: B=-9990.00, Cut=6432, Best=6432 [LS]
2026-01-14 19:24:53,548 - DSN - INFO - t=440: B=-9990.00, Cut=0, Best=6432
2026-01-14 19:24:54,158 - DSN - INFO - t=480: B=-9990.00, Cut=0, Best=6432
2026-01-14 19:24:54,443 - DSN - INFO - DSN GPU done in 7.10s | Cut=6432
2026-01-14 19:24:54,447 - DSN - INFO - Results saved to: results/Gset/DSN_thorough/G44.csv
2026-01-14 19:24:54,447 - DSN - INFO - Cut: 6432 | Bound: -9990.00 | Time: 7.10s
2026-01-14 19:24:54,447 - DSN - INFO - Initialized DSN_thorough | preset=thorough | GPU=True
2026-01-14 19:24:54,447 - DSN - INFO - Params: η=0.003, T=500, init=degree, LS=True
2026-01-14 19:24:54,447 - DSN - INFO - Using GPU solver (CuPy)
2026-01-14 19:24:54,449 - DSN - INFO - DSN GPU Solver: n=1000, edges=9990
2026-01-14 19:24:54,449 - DSN - INFO - DSN GPU: T=500, η=0.003, LS=True
2026-01-14 19:24:54,495 - DSN - INFO - t=000: B=-10515.46, Cut=6383, Best=6383 [LS]
2026-01-14 19:24:55,024 - DSN - INFO - t=040: B=-9994.41, Cut=0, Best=6383
2026-01-14 19:24:55,584 - DSN - INFO - t=080: B=-9990.13, Cut=0, Best=6432
2026-01-14 19:24:56,152 - DSN - INFO - t=120: B=-9990.01, Cut=0, Best=6432
2026-01-14 19:24:56,715 - DSN - INFO - t=160: B=-9990.00, Cut=0, Best=6432
2026-01-14 19:24:57,281 - DSN - INFO - t=200: B=-9990.00, Cut=6432, Best=6432 [LS]
2026-01-14 19:24:57,809 - DSN - INFO - t=240: B=-9990.00, Cut=0, Best=6432
2026-01-14 19:24:58,373 - DSN - INFO - t=280: B=-9990.00, Cut=0, Best=6432
2026-01-14 19:24:58,945 - DSN - INFO - t=320: B=-9990.00, Cut=0, Best=6432
2026-01-14 19:24:59,514 - DSN - INFO - t=360: B=-9990.00, Cut=0, Best=6432
2026-01-14 19:25:00,090 - DSN - INFO - t=400: B=-9990.00, Cut=6432, Best=6432 [LS]
2026-01-14 19:25:00,608 - DSN - INFO - t=440: B=-9990.00, Cut=0, Best=6432
2026-01-14 19:25:01,186 - DSN - INFO - t=480: B=-9990.00, Cut=0, Best=6432
2026-01-14 19:25:01,487 - DSN - INFO - DSN GPU done in 7.04s | Cut=6432
2026-01-14 19:25:01,490 - DSN - INFO - Results saved to: results/Gset/DSN_thorough/G44.csv
2026-01-14 19:25:01,490 - DSN - INFO - Cut: 6432 | Bound: -9990.00 | Time: 7.04s
2026-01-14 19:25:01,490 - DSN - INFO - Initialized DSN_thorough | preset=thorough | GPU=True
2026-01-14 19:25:01,490 - DSN - INFO - Params: η=0.003, T=500, init=degree, LS=True
2026-01-14 19:25:01,491 - DSN - INFO - Using GPU solver (CuPy)
2026-01-14 19:25:01,492 - DSN - INFO - DSN GPU Solver: n=1000, edges=9990
2026-01-14 19:25:01,492 - DSN - INFO - DSN GPU: T=500, η=0.003, LS=True
2026-01-14 19:25:01,542 - DSN - INFO - t=000: B=-10515.46, Cut=6415, Best=6415 [LS]
2026-01-14 19:25:02,068 - DSN - INFO - t=040: B=-9994.41, Cut=0, Best=6415
2026-01-14 19:25:02,631 - DSN - INFO - t=080: B=-9990.13, Cut=0, Best=6432
2026-01-14 19:25:03,199 - DSN - INFO - t=120: B=-9990.01, Cut=0, Best=6432
2026-01-14 19:25:03,765 - DSN - INFO - t=160: B=-9990.00, Cut=0, Best=6432
2026-01-14 19:25:04,327 - DSN - INFO - t=200: B=-9990.00, Cut=6432, Best=6432 [LS]
2026-01-14 19:25:04,852 - DSN - INFO - t=240: B=-9990.00, Cut=0, Best=6432
2026-01-14 19:25:05,429 - DSN - INFO - t=280: B=-9990.00, Cut=0, Best=6432
2026-01-14 19:25:06,011 - DSN - INFO - t=320: B=-9990.00, Cut=0, Best=6432
2026-01-14 19:25:06,613 - DSN - INFO - t=360: B=-9990.00, Cut=0, Best=6432
2026-01-14 19:25:07,217 - DSN - INFO - t=400: B=-9990.00, Cut=6432, Best=6432 [LS]
2026-01-14 19:25:07,765 - DSN - INFO - t=440: B=-9990.00, Cut=0, Best=6432
2026-01-14 19:25:08,336 - DSN - INFO - t=480: B=-9990.00, Cut=0, Best=6432
2026-01-14 19:25:08,621 - DSN - INFO - DSN GPU done in 7.13s | Cut=6432
2026-01-14 19:25:08,624 - DSN - INFO - Results saved to: results/Gset/DSN_thorough/G44.csv
2026-01-14 19:25:08,624 - DSN - INFO - Cut: 6432 | Bound: -9990.00 | Time: 7.13s
2026-01-14 19:25:08,625 - DSN - INFO - Initialized DSN_thorough | preset=thorough | GPU=True
2026-01-14 19:25:08,625 - DSN - INFO - Params: η=0.003, T=500, init=degree, LS=True
2026-01-14 19:25:08,625 - DSN - INFO - Using GPU solver (CuPy)
2026-01-14 19:25:08,626 - DSN - INFO - DSN GPU Solver: n=1000, edges=9990
2026-01-14 19:25:08,626 - DSN - INFO - DSN GPU: T=500, η=0.003, LS=True
2026-01-14 19:25:08,676 - DSN - INFO - t=000: B=-10515.46, Cut=6411, Best=6411 [LS]
2026-01-14 19:25:09,203 - DSN - INFO - t=040: B=-9994.41, Cut=0, Best=6411
2026-01-14 19:25:09,765 - DSN - INFO - t=080: B=-9990.13, Cut=0, Best=6432
2026-01-14 19:25:10,333 - DSN - INFO - t=120: B=-9990.01, Cut=0, Best=6432
2026-01-14 19:25:10,902 - DSN - INFO - t=160: B=-9990.00, Cut=0, Best=6432
2026-01-14 19:25:11,469 - DSN - INFO - t=200: B=-9990.00, Cut=6432, Best=6432 [LS]
2026-01-14 19:25:12,006 - DSN - INFO - t=240: B=-9990.00, Cut=0, Best=6432
2026-01-14 19:25:12,563 - DSN - INFO - t=280: B=-9990.00, Cut=0, Best=6432
2026-01-14 19:25:13,120 - DSN - INFO - t=320: B=-9990.00, Cut=0, Best=6432
2026-01-14 19:25:13,666 - DSN - INFO - t=360: B=-9990.00, Cut=0, Best=6432
2026-01-14 19:25:14,215 - DSN - INFO - t=400: B=-9990.00, Cut=6432, Best=6432 [LS]
2026-01-14 19:25:14,718 - DSN - INFO - t=440: B=-9990.00, Cut=0, Best=6432
2026-01-14 19:25:15,264 - DSN - INFO - t=480: B=-9990.00, Cut=0, Best=6432
2026-01-14 19:25:15,547 - DSN - INFO - DSN GPU done in 6.92s | Cut=6432
2026-01-14 19:25:15,550 - DSN - INFO - Results saved to: results/Gset/DSN_thorough/G44.csv
2026-01-14 19:25:15,550 - DSN - INFO - Cut: 6432 | Bound: -9990.00 | Time: 6.92s
2026-01-14 19:25:15,550 - DSN - INFO - Initialized DSN_thorough | preset=thorough | GPU=True
2026-01-14 19:25:15,550 - DSN - INFO - Params: η=0.003, T=500, init=degree, LS=True
2026-01-14 19:25:15,550 - DSN - INFO - Using GPU solver (CuPy)
2026-01-14 19:25:15,552 - DSN - INFO - DSN GPU Solver: n=1000, edges=9990
2026-01-14 19:25:15,552 - DSN - INFO - DSN GPU: T=500, η=0.003, LS=True
2026-01-14 19:25:15,602 - DSN - INFO - t=000: B=-10515.46, Cut=6421, Best=6421 [LS]
2026-01-14 19:25:16,127 - DSN - INFO - t=040: B=-9994.41, Cut=0, Best=6421
2026-01-14 19:25:16,688 - DSN - INFO - t=080: B=-9990.13, Cut=0, Best=6432
2026-01-14 19:25:17,258 - DSN - INFO - t=120: B=-9990.01, Cut=0, Best=6432
2026-01-14 19:25:17,824 - DSN - INFO - t=160: B=-9990.00, Cut=0, Best=6432
2026-01-14 19:25:18,396 - DSN - INFO - t=200: B=-9990.00, Cut=6432, Best=6432 [LS]
2026-01-14 19:25:18,916 - DSN - INFO - t=240: B=-9990.00, Cut=0, Best=6432
2026-01-14 19:25:19,479 - DSN - INFO - t=280: B=-9990.00, Cut=0, Best=6432
2026-01-14 19:25:20,054 - DSN - INFO - t=320: B=-9990.00, Cut=0, Best=6432
2026-01-14 19:25:20,610 - DSN - INFO - t=360: B=-9990.00, Cut=0, Best=6432
2026-01-14 19:25:21,153 - DSN - INFO - t=400: B=-9990.00, Cut=6432, Best=6432 [LS]
2026-01-14 19:25:21,660 - DSN - INFO - t=440: B=-9990.00, Cut=0, Best=6432
2026-01-14 19:25:22,207 - DSN - INFO - t=480: B=-9990.00, Cut=0, Best=6432
2026-01-14 19:25:22,488 - DSN - INFO - DSN GPU done in 6.94s | Cut=6432
2026-01-14 19:25:22,492 - DSN - INFO - Results saved to: results/Gset/DSN_thorough/G44.csv
2026-01-14 19:25:22,492 - DSN - INFO - Cut: 6432 | Bound: -9990.00 | Time: 6.94s
2026-01-14 19:25:22,492 - DSN - INFO - Initialized DSN_thorough | preset=thorough | GPU=True
2026-01-14 19:25:22,492 - DSN - INFO - Params: η=0.003, T=500, init=degree, LS=True
2026-01-14 19:25:22,492 - DSN - INFO - Using GPU solver (CuPy)
2026-01-14 19:25:22,494 - DSN - INFO - DSN GPU Solver: n=1000, edges=9990
2026-01-14 19:25:22,494 - DSN - INFO - DSN GPU: T=500, η=0.003, LS=True
2026-01-14 19:25:22,544 - DSN - INFO - t=000: B=-10515.46, Cut=6430, Best=6430 [LS]
2026-01-14 19:25:23,069 - DSN - INFO - t=040: B=-9994.41, Cut=0, Best=6430
2026-01-14 19:25:23,634 - DSN - INFO - t=080: B=-9990.13, Cut=0, Best=6432
2026-01-14 19:25:24,206 - DSN - INFO - t=120: B=-9990.01, Cut=0, Best=6432
2026-01-14 19:25:24,778 - DSN - INFO - t=160: B=-9990.00, Cut=0, Best=6432
2026-01-14 19:25:25,346 - DSN - INFO - t=200: B=-9990.00, Cut=6432, Best=6432 [LS]
2026-01-14 19:25:25,879 - DSN - INFO - t=240: B=-9990.00, Cut=0, Best=6432
2026-01-14 19:25:26,436 - DSN - INFO - t=280: B=-9990.00, Cut=0, Best=6432
2026-01-14 19:25:26,979 - DSN - INFO - t=320: B=-9990.00, Cut=0, Best=6432
2026-01-14 19:25:27,518 - DSN - INFO - t=360: B=-9990.00, Cut=0, Best=6432
2026-01-14 19:25:28,061 - DSN - INFO - t=400: B=-9990.00, Cut=6432, Best=6432 [LS]
2026-01-14 19:25:28,566 - DSN - INFO - t=440: B=-9990.00, Cut=0, Best=6432
2026-01-14 19:25:29,110 - DSN - INFO - t=480: B=-9990.00, Cut=0, Best=6432
2026-01-14 19:25:29,394 - DSN - INFO - DSN GPU done in 6.90s | Cut=6432
2026-01-14 19:25:29,397 - DSN - INFO - Results saved to: results/Gset/DSN_thorough/G44.csv
2026-01-14 19:25:29,397 - DSN - INFO - Cut: 6432 | Bound: -9990.00 | Time: 6.90s
2026-01-14 19:25:29,397 - DSN - INFO - Initialized DSN_thorough | preset=thorough | GPU=True
2026-01-14 19:25:29,397 - DSN - INFO - Params: η=0.003, T=500, init=degree, LS=True
2026-01-14 19:25:29,398 - DSN - INFO - Using GPU solver (CuPy)
2026-01-14 19:25:29,399 - DSN - INFO - DSN GPU Solver: n=1000, edges=9990
2026-01-14 19:25:29,399 - DSN - INFO - DSN GPU: T=500, η=0.003, LS=True
2026-01-14 19:25:29,450 - DSN - INFO - t=000: B=-10515.46, Cut=6400, Best=6400 [LS]
2026-01-14 19:25:29,979 - DSN - INFO - t=040: B=-9994.41, Cut=0, Best=6400
2026-01-14 19:25:30,539 - DSN - INFO - t=080: B=-9990.13, Cut=0, Best=6432
2026-01-14 19:25:31,106 - DSN - INFO - t=120: B=-9990.01, Cut=0, Best=6432
2026-01-14 19:25:31,672 - DSN - INFO - t=160: B=-9990.00, Cut=0, Best=6432
2026-01-14 19:25:32,227 - DSN - INFO - t=200: B=-9990.00, Cut=6432, Best=6432 [LS]
2026-01-14 19:25:32,758 - DSN - INFO - t=240: B=-9990.00, Cut=0, Best=6432
2026-01-14 19:25:33,311 - DSN - INFO - t=280: B=-9990.00, Cut=0, Best=6432
2026-01-14 19:25:33,851 - DSN - INFO - t=320: B=-9990.00, Cut=0, Best=6432
2026-01-14 19:25:34,391 - DSN - INFO - t=360: B=-9990.00, Cut=0, Best=6432
2026-01-14 19:25:34,926 - DSN - INFO - t=400: B=-9990.00, Cut=6432, Best=6432 [LS]
2026-01-14 19:25:35,416 - DSN - INFO - t=440: B=-9990.00, Cut=0, Best=6432
2026-01-14 19:25:35,939 - DSN - INFO - t=480: B=-9990.00, Cut=0, Best=6432
2026-01-14 19:25:36,211 - DSN - INFO - DSN GPU done in 6.81s | Cut=6432
2026-01-14 19:25:36,214 - DSN - INFO - Results saved to: results/Gset/DSN_thorough/G44.csv
2026-01-14 19:25:36,215 - DSN - INFO - Cut: 6432 | Bound: -9990.00 | Time: 6.81s
2026-01-14 19:25:36,215 - DSN - INFO - Initialized DSN_thorough | preset=thorough | GPU=True
2026-01-14 19:25:36,215 - DSN - INFO - Params: η=0.003, T=500, init=degree, LS=True
2026-01-14 19:25:36,215 - DSN - INFO - Using GPU solver (CuPy)
2026-01-14 19:25:36,216 - DSN - INFO - DSN GPU Solver: n=1000, edges=9990
2026-01-14 19:25:36,216 - DSN - INFO - DSN GPU: T=500, η=0.003, LS=True
2026-01-14 19:25:36,257 - DSN - INFO - t=000: B=-10515.46, Cut=6335, Best=6335 [LS]
2026-01-14 19:25:36,781 - DSN - INFO - t=040: B=-9994.41, Cut=0, Best=6335
2026-01-14 19:25:37,343 - DSN - INFO - t=080: B=-9990.12, Cut=0, Best=6432
2026-01-14 19:25:37,910 - DSN - INFO - t=120: B=-9990.01, Cut=0, Best=6432
2026-01-14 19:25:38,472 - DSN - INFO - t=160: B=-9990.00, Cut=0, Best=6432
2026-01-14 19:25:39,040 - DSN - INFO - t=200: B=-9990.00, Cut=6432, Best=6432 [LS]
2026-01-14 19:25:39,563 - DSN - INFO - t=240: B=-9990.00, Cut=0, Best=6432
2026-01-14 19:25:40,127 - DSN - INFO - t=280: B=-9990.00, Cut=0, Best=6432
2026-01-14 19:25:40,688 - DSN - INFO - t=320: B=-9990.00, Cut=0, Best=6432
2026-01-14 19:25:41,282 - DSN - INFO - t=360: B=-9990.00, Cut=0, Best=6432
2026-01-14 19:25:41,897 - DSN - INFO - t=400: B=-9990.00, Cut=6432, Best=6432 [LS]
2026-01-14 19:25:42,480 - DSN - INFO - t=440: B=-9990.00, Cut=0, Best=6432
2026-01-14 19:25:43,098 - DSN - INFO - t=480: B=-9990.00, Cut=0, Best=6432
2026-01-14 19:25:43,417 - DSN - INFO - DSN GPU done in 7.20s | Cut=6432
2026-01-14 19:25:43,421 - DSN - INFO - Results saved to: results/Gset/DSN_thorough/G44.csv
2026-01-14 19:25:43,421 - DSN - INFO - Cut: 6432 | Bound: -9990.00 | Time: 7.20s
2026-01-14 19:25:43,421 - DSN - INFO - Initialized DSN_thorough | preset=thorough | GPU=True
2026-01-14 19:25:43,421 - DSN - INFO - Params: η=0.003, T=500, init=degree, LS=True
2026-01-14 19:25:43,421 - DSN - INFO - Using GPU solver (CuPy)
2026-01-14 19:25:43,422 - DSN - INFO - DSN GPU Solver: n=1000, edges=9990
2026-01-14 19:25:43,423 - DSN - INFO - DSN GPU: T=500, η=0.003, LS=True
2026-01-14 19:25:43,466 - DSN - INFO - t=000: B=-10515.46, Cut=6364, Best=6364 [LS]
2026-01-14 19:25:43,991 - DSN - INFO - t=040: B=-9994.41, Cut=0, Best=6364
2026-01-14 19:25:44,555 - DSN - INFO - t=080: B=-9990.12, Cut=0, Best=6432
2026-01-14 19:25:45,122 - DSN - INFO - t=120: B=-9990.01, Cut=0, Best=6432
2026-01-14 19:25:45,688 - DSN - INFO - t=160: B=-9990.00, Cut=0, Best=6432
2026-01-14 19:25:46,258 - DSN - INFO - t=200: B=-9990.00, Cut=6432, Best=6432 [LS]
2026-01-14 19:25:46,783 - DSN - INFO - t=240: B=-9990.00, Cut=0, Best=6432
2026-01-14 19:25:47,346 - DSN - INFO - t=280: B=-9990.00, Cut=0, Best=6432
2026-01-14 19:25:47,892 - DSN - INFO - t=320: B=-9990.00, Cut=0, Best=6432
2026-01-14 19:25:48,432 - DSN - INFO - t=360: B=-9990.00, Cut=0, Best=6432
2026-01-14 19:25:48,970 - DSN - INFO - t=400: B=-9990.00, Cut=6432, Best=6432 [LS]
2026-01-14 19:25:49,473 - DSN - INFO - t=440: B=-9990.00, Cut=0, Best=6432
2026-01-14 19:25:50,014 - DSN - INFO - t=480: B=-9990.00, Cut=0, Best=6432
2026-01-14 19:25:50,296 - DSN - INFO - DSN GPU done in 6.87s | Cut=6432
2026-01-14 19:25:50,300 - DSN - INFO - Results saved to: results/Gset/DSN_thorough/G44.csv
2026-01-14 19:25:50,300 - DSN - INFO - Cut: 6432 | Bound: -9990.00 | Time: 6.88s
2026-01-14 19:25:50,315 - DSN - INFO - Initialized DSN_thorough | preset=thorough | GPU=True
2026-01-14 19:25:50,315 - DSN - INFO - Params: η=0.003, T=500, init=degree, LS=True
2026-01-14 19:25:50,315 - DSN - INFO - Using GPU solver (CuPy)
2026-01-14 19:25:50,317 - DSN - INFO - DSN GPU Solver: n=1000, edges=9990
2026-01-14 19:25:50,317 - DSN - INFO - DSN GPU: T=500, η=0.003, LS=True
2026-01-14 19:25:50,369 - DSN - INFO - t=000: B=-10486.35, Cut=6459, Best=6459 [LS]
2026-01-14 19:25:50,900 - DSN - INFO - t=040: B=-9994.08, Cut=0, Best=6459
2026-01-14 19:25:51,466 - DSN - INFO - t=080: B=-9990.11, Cut=0, Best=6459
2026-01-14 19:25:52,021 - DSN - INFO - t=120: B=-9990.01, Cut=0, Best=6459
2026-01-14 19:25:52,595 - DSN - INFO - t=160: B=-9990.00, Cut=0, Best=6459
2026-01-14 19:25:53,158 - DSN - INFO - t=200: B=-9990.00, Cut=6445, Best=6459 [LS]
2026-01-14 19:25:53,685 - DSN - INFO - t=240: B=-9990.00, Cut=0, Best=6459
2026-01-14 19:25:54,250 - DSN - INFO - t=280: B=-9990.00, Cut=0, Best=6459
2026-01-14 19:25:54,827 - DSN - INFO - t=320: B=-9990.00, Cut=0, Best=6459
2026-01-14 19:25:55,402 - DSN - INFO - t=360: B=-9990.00, Cut=0, Best=6459
2026-01-14 19:25:56,013 - DSN - INFO - t=400: B=-9990.00, Cut=6445, Best=6459 [LS]
2026-01-14 19:25:56,556 - DSN - INFO - t=440: B=-9990.00, Cut=0, Best=6459
2026-01-14 19:25:57,162 - DSN - INFO - t=480: B=-9990.00, Cut=0, Best=6459
2026-01-14 19:25:57,483 - DSN - INFO - DSN GPU done in 7.17s | Cut=6459
2026-01-14 19:25:57,486 - DSN - INFO - Results saved to: results/Gset/DSN_thorough/G45.csv
2026-01-14 19:25:57,486 - DSN - INFO - Cut: 6459 | Bound: -9990.00 | Time: 7.17s
2026-01-14 19:25:57,486 - DSN - INFO - Initialized DSN_thorough | preset=thorough | GPU=True
2026-01-14 19:25:57,486 - DSN - INFO - Params: η=0.003, T=500, init=degree, LS=True
2026-01-14 19:25:57,486 - DSN - INFO - Using GPU solver (CuPy)
2026-01-14 19:25:57,488 - DSN - INFO - DSN GPU Solver: n=1000, edges=9990
2026-01-14 19:25:57,488 - DSN - INFO - DSN GPU: T=500, η=0.003, LS=True
2026-01-14 19:25:57,539 - DSN - INFO - t=000: B=-10486.35, Cut=6375, Best=6375 [LS]
2026-01-14 19:25:58,073 - DSN - INFO - t=040: B=-9994.08, Cut=0, Best=6375
2026-01-14 19:25:58,640 - DSN - INFO - t=080: B=-9990.11, Cut=0, Best=6445
2026-01-14 19:25:59,197 - DSN - INFO - t=120: B=-9990.01, Cut=0, Best=6445
2026-01-14 19:25:59,777 - DSN - INFO - t=160: B=-9990.00, Cut=0, Best=6445
2026-01-14 19:26:00,346 - DSN - INFO - t=200: B=-9990.00, Cut=6445, Best=6445 [LS]
2026-01-14 19:26:00,871 - DSN - INFO - t=240: B=-9990.00, Cut=0, Best=6445
2026-01-14 19:26:01,435 - DSN - INFO - t=280: B=-9990.00, Cut=0, Best=6445
2026-01-14 19:26:01,981 - DSN - INFO - t=320: B=-9990.00, Cut=0, Best=6445
2026-01-14 19:26:02,544 - DSN - INFO - t=360: B=-9990.00, Cut=0, Best=6445
2026-01-14 19:26:03,086 - DSN - INFO - t=400: B=-9990.00, Cut=6445, Best=6445 [LS]
2026-01-14 19:26:03,590 - DSN - INFO - t=440: B=-9990.00, Cut=0, Best=6445
2026-01-14 19:26:04,131 - DSN - INFO - t=480: B=-9990.00, Cut=0, Best=6445
2026-01-14 19:26:04,417 - DSN - INFO - DSN GPU done in 6.93s | Cut=6445
2026-01-14 19:26:04,421 - DSN - INFO - Results saved to: results/Gset/DSN_thorough/G45.csv
2026-01-14 19:26:04,421 - DSN - INFO - Cut: 6445 | Bound: -9990.00 | Time: 6.93s
2026-01-14 19:26:04,421 - DSN - INFO - Initialized DSN_thorough | preset=thorough | GPU=True
2026-01-14 19:26:04,421 - DSN - INFO - Params: η=0.003, T=500, init=degree, LS=True
2026-01-14 19:26:04,421 - DSN - INFO - Using GPU solver (CuPy)
2026-01-14 19:26:04,423 - DSN - INFO - DSN GPU Solver: n=1000, edges=9990
2026-01-14 19:26:04,423 - DSN - INFO - DSN GPU: T=500, η=0.003, LS=True
2026-01-14 19:26:04,472 - DSN - INFO - t=000: B=-10486.35, Cut=6431, Best=6431 [LS]
2026-01-14 19:26:04,998 - DSN - INFO - t=040: B=-9994.08, Cut=0, Best=6431
2026-01-14 19:26:05,560 - DSN - INFO - t=080: B=-9990.11, Cut=0, Best=6445
2026-01-14 19:26:06,122 - DSN - INFO - t=120: B=-9990.00, Cut=0, Best=6445
2026-01-14 19:26:06,704 - DSN - INFO - t=160: B=-9990.00, Cut=0, Best=6445
2026-01-14 19:26:07,259 - DSN - INFO - t=200: B=-9990.00, Cut=6445, Best=6445 [LS]
2026-01-14 19:26:07,787 - DSN - INFO - t=240: B=-9990.00, Cut=0, Best=6445
2026-01-14 19:26:08,345 - DSN - INFO - t=280: B=-9990.00, Cut=0, Best=6445
2026-01-14 19:26:08,895 - DSN - INFO - t=320: B=-9990.00, Cut=0, Best=6445
2026-01-14 19:26:09,436 - DSN - INFO - t=360: B=-9990.00, Cut=0, Best=6445
2026-01-14 19:26:09,981 - DSN - INFO - t=400: B=-9990.00, Cut=6445, Best=6445 [LS]
2026-01-14 19:26:10,487 - DSN - INFO - t=440: B=-9990.00, Cut=0, Best=6445
2026-01-14 19:26:11,031 - DSN - INFO - t=480: B=-9990.00, Cut=0, Best=6445
2026-01-14 19:26:11,313 - DSN - INFO - DSN GPU done in 6.89s | Cut=6445
2026-01-14 19:26:11,316 - DSN - INFO - Results saved to: results/Gset/DSN_thorough/G45.csv
2026-01-14 19:26:11,316 - DSN - INFO - Cut: 6445 | Bound: -9990.00 | Time: 6.89s
2026-01-14 19:26:11,316 - DSN - INFO - Initialized DSN_thorough | preset=thorough | GPU=True
2026-01-14 19:26:11,316 - DSN - INFO - Params: η=0.003, T=500, init=degree, LS=True
2026-01-14 19:26:11,316 - DSN - INFO - Using GPU solver (CuPy)
2026-01-14 19:26:11,318 - DSN - INFO - DSN GPU Solver: n=1000, edges=9990
2026-01-14 19:26:11,318 - DSN - INFO - DSN GPU: T=500, η=0.003, LS=True
2026-01-14 19:26:11,368 - DSN - INFO - t=000: B=-10486.35, Cut=6392, Best=6392 [LS]
2026-01-14 19:26:11,894 - DSN - INFO - t=040: B=-9994.08, Cut=0, Best=6392
2026-01-14 19:26:12,459 - DSN - INFO - t=080: B=-9990.11, Cut=0, Best=6445
2026-01-14 19:26:13,018 - DSN - INFO - t=120: B=-9990.01, Cut=0, Best=6445
2026-01-14 19:26:13,600 - DSN - INFO - t=160: B=-9990.00, Cut=0, Best=6445
2026-01-14 19:26:14,165 - DSN - INFO - t=200: B=-9990.00, Cut=6445, Best=6445 [LS]
2026-01-14 19:26:14,697 - DSN - INFO - t=240: B=-9990.00, Cut=0, Best=6445
2026-01-14 19:26:15,264 - DSN - INFO - t=280: B=-9990.00, Cut=0, Best=6445
2026-01-14 19:26:15,835 - DSN - INFO - t=320: B=-9990.00, Cut=0, Best=6445
2026-01-14 19:26:16,380 - DSN - INFO - t=360: B=-9990.00, Cut=0, Best=6445
2026-01-14 19:26:16,924 - DSN - INFO - t=400: B=-9990.00, Cut=6445, Best=6445 [LS]
2026-01-14 19:26:17,428 - DSN - INFO - t=440: B=-9990.00, Cut=0, Best=6445
2026-01-14 19:26:17,975 - DSN - INFO - t=480: B=-9990.00, Cut=0, Best=6445
2026-01-14 19:26:18,256 - DSN - INFO - DSN GPU done in 6.94s | Cut=6445
2026-01-14 19:26:18,259 - DSN - INFO - Results saved to: results/Gset/DSN_thorough/G45.csv
2026-01-14 19:26:18,259 - DSN - INFO - Cut: 6445 | Bound: -9990.00 | Time: 6.94s
2026-01-14 19:26:18,259 - DSN - INFO - Initialized DSN_thorough | preset=thorough | GPU=True
2026-01-14 19:26:18,259 - DSN - INFO - Params: η=0.003, T=500, init=degree, LS=True
2026-01-14 19:26:18,259 - DSN - INFO - Using GPU solver (CuPy)
2026-01-14 19:26:18,261 - DSN - INFO - DSN GPU Solver: n=1000, edges=9990
2026-01-14 19:26:18,261 - DSN - INFO - DSN GPU: T=500, η=0.003, LS=True
2026-01-14 19:26:18,310 - DSN - INFO - t=000: B=-10486.35, Cut=6422, Best=6422 [LS]
2026-01-14 19:26:18,833 - DSN - INFO - t=040: B=-9994.08, Cut=0, Best=6422
2026-01-14 19:26:19,398 - DSN - INFO - t=080: B=-9990.11, Cut=0, Best=6445
2026-01-14 19:26:19,955 - DSN - INFO - t=120: B=-9990.00, Cut=0, Best=6445
2026-01-14 19:26:20,534 - DSN - INFO - t=160: B=-9990.00, Cut=0, Best=6445
2026-01-14 19:26:21,091 - DSN - INFO - t=200: B=-9990.00, Cut=6445, Best=6445 [LS]
2026-01-14 19:26:21,621 - DSN - INFO - t=240: B=-9990.00, Cut=0, Best=6445
2026-01-14 19:26:22,184 - DSN - INFO - t=280: B=-9990.00, Cut=0, Best=6445
2026-01-14 19:26:22,768 - DSN - INFO - t=320: B=-9990.00, Cut=0, Best=6445
2026-01-14 19:26:23,325 - DSN - INFO - t=360: B=-9990.00, Cut=0, Best=6445
2026-01-14 19:26:23,893 - DSN - INFO - t=400: B=-9990.00, Cut=6445, Best=6445 [LS]
2026-01-14 19:26:24,406 - DSN - INFO - t=440: B=-9990.00, Cut=0, Best=6445
2026-01-14 19:26:24,953 - DSN - INFO - t=480: B=-9990.00, Cut=0, Best=6445
2026-01-14 19:26:25,237 - DSN - INFO - DSN GPU done in 6.98s | Cut=6445
2026-01-14 19:26:25,240 - DSN - INFO - Results saved to: results/Gset/DSN_thorough/G45.csv
2026-01-14 19:26:25,240 - DSN - INFO - Cut: 6445 | Bound: -9990.00 | Time: 6.98s
2026-01-14 19:26:25,241 - DSN - INFO - Initialized DSN_thorough | preset=thorough | GPU=True
2026-01-14 19:26:25,241 - DSN - INFO - Params: η=0.003, T=500, init=degree, LS=True
2026-01-14 19:26:25,241 - DSN - INFO - Using GPU solver (CuPy)
2026-01-14 19:26:25,242 - DSN - INFO - DSN GPU Solver: n=1000, edges=9990
2026-01-14 19:26:25,242 - DSN - INFO - DSN GPU: T=500, η=0.003, LS=True
2026-01-14 19:26:25,292 - DSN - INFO - t=000: B=-10486.35, Cut=6399, Best=6399 [LS]
2026-01-14 19:26:25,818 - DSN - INFO - t=040: B=-9994.08, Cut=0, Best=6399
2026-01-14 19:26:26,383 - DSN - INFO - t=080: B=-9990.11, Cut=0, Best=6445
2026-01-14 19:26:26,943 - DSN - INFO - t=120: B=-9990.00, Cut=0, Best=6445
2026-01-14 19:26:27,515 - DSN - INFO - t=160: B=-9990.00, Cut=0, Best=6445
2026-01-14 19:26:28,081 - DSN - INFO - t=200: B=-9990.00, Cut=6445, Best=6445 [LS]
2026-01-14 19:26:28,601 - DSN - INFO - t=240: B=-9990.00, Cut=0, Best=6445
2026-01-14 19:26:29,157 - DSN - INFO - t=280: B=-9990.00, Cut=0, Best=6445
2026-01-14 19:26:29,712 - DSN - INFO - t=320: B=-9990.00, Cut=0, Best=6445
2026-01-14 19:26:30,278 - DSN - INFO - t=360: B=-9990.00, Cut=0, Best=6445
2026-01-14 19:26:30,871 - DSN - INFO - t=400: B=-9990.00, Cut=6445, Best=6445 [LS]
2026-01-14 19:26:31,450 - DSN - INFO - t=440: B=-9990.00, Cut=0, Best=6445
2026-01-14 19:26:32,071 - DSN - INFO - t=480: B=-9990.00, Cut=0, Best=6445
2026-01-14 19:26:32,392 - DSN - INFO - DSN GPU done in 7.15s | Cut=6445
2026-01-14 19:26:32,396 - DSN - INFO - Results saved to: results/Gset/DSN_thorough/G45.csv
2026-01-14 19:26:32,396 - DSN - INFO - Cut: 6445 | Bound: -9990.00 | Time: 7.15s
2026-01-14 19:26:32,396 - DSN - INFO - Initialized DSN_thorough | preset=thorough | GPU=True
2026-01-14 19:26:32,396 - DSN - INFO - Params: η=0.003, T=500, init=degree, LS=True
2026-01-14 19:26:32,396 - DSN - INFO - Using GPU solver (CuPy)
2026-01-14 19:26:32,398 - DSN - INFO - DSN GPU Solver: n=1000, edges=9990
2026-01-14 19:26:32,398 - DSN - INFO - DSN GPU: T=500, η=0.003, LS=True
2026-01-14 19:26:32,451 - DSN - INFO - t=000: B=-10486.35, Cut=6453, Best=6453 [LS]
2026-01-14 19:26:32,979 - DSN - INFO - t=040: B=-9994.08, Cut=0, Best=6453
2026-01-14 19:26:33,543 - DSN - INFO - t=080: B=-9990.11, Cut=0, Best=6453
2026-01-14 19:26:34,102 - DSN - INFO - t=120: B=-9990.00, Cut=0, Best=6453
2026-01-14 19:26:34,677 - DSN - INFO - t=160: B=-9990.00, Cut=0, Best=6453
2026-01-14 19:26:35,243 - DSN - INFO - t=200: B=-9990.00, Cut=6445, Best=6453 [LS]
2026-01-14 19:26:35,763 - DSN - INFO - t=240: B=-9990.00, Cut=0, Best=6453
2026-01-14 19:26:36,334 - DSN - INFO - t=280: B=-9990.00, Cut=0, Best=6453
2026-01-14 19:26:36,899 - DSN - INFO - t=320: B=-9990.00, Cut=0, Best=6453
2026-01-14 19:26:37,440 - DSN - INFO - t=360: B=-9990.00, Cut=0, Best=6453
2026-01-14 19:26:37,986 - DSN - INFO - t=400: B=-9990.00, Cut=6445, Best=6453 [LS]
2026-01-14 19:26:38,489 - DSN - INFO - t=440: B=-9990.00, Cut=0, Best=6453
2026-01-14 19:26:39,032 - DSN - INFO - t=480: B=-9990.00, Cut=0, Best=6453
2026-01-14 19:26:39,314 - DSN - INFO - DSN GPU done in 6.92s | Cut=6453
2026-01-14 19:26:39,318 - DSN - INFO - Results saved to: results/Gset/DSN_thorough/G45.csv
2026-01-14 19:26:39,318 - DSN - INFO - Cut: 6453 | Bound: -9990.00 | Time: 6.92s
2026-01-14 19:26:39,318 - DSN - INFO - Initialized DSN_thorough | preset=thorough | GPU=True
2026-01-14 19:26:39,318 - DSN - INFO - Params: η=0.003, T=500, init=degree, LS=True
2026-01-14 19:26:39,318 - DSN - INFO - Using GPU solver (CuPy)
2026-01-14 19:26:39,320 - DSN - INFO - DSN GPU Solver: n=1000, edges=9990
2026-01-14 19:26:39,320 - DSN - INFO - DSN GPU: T=500, η=0.003, LS=True
2026-01-14 19:26:39,371 - DSN - INFO - t=000: B=-10486.35, Cut=6398, Best=6398 [LS]
2026-01-14 19:26:39,899 - DSN - INFO - t=040: B=-9994.08, Cut=0, Best=6398
2026-01-14 19:26:40,457 - DSN - INFO - t=080: B=-9990.11, Cut=0, Best=6445
2026-01-14 19:26:41,014 - DSN - INFO - t=120: B=-9990.01, Cut=0, Best=6445
2026-01-14 19:26:41,595 - DSN - INFO - t=160: B=-9990.00, Cut=0, Best=6445
2026-01-14 19:26:42,158 - DSN - INFO - t=200: B=-9990.00, Cut=6445, Best=6445 [LS]
2026-01-14 19:26:42,687 - DSN - INFO - t=240: B=-9990.00, Cut=0, Best=6445
2026-01-14 19:26:43,241 - DSN - INFO - t=280: B=-9990.00, Cut=0, Best=6445
2026-01-14 19:26:43,810 - DSN - INFO - t=320: B=-9990.00, Cut=0, Best=6445
2026-01-14 19:26:44,373 - DSN - INFO - t=360: B=-9990.00, Cut=0, Best=6445
2026-01-14 19:26:44,936 - DSN - INFO - t=400: B=-9990.00, Cut=6445, Best=6445 [LS]
2026-01-14 19:26:45,444 - DSN - INFO - t=440: B=-9990.00, Cut=0, Best=6445
2026-01-14 19:26:45,990 - DSN - INFO - t=480: B=-9990.00, Cut=0, Best=6445
2026-01-14 19:26:46,272 - DSN - INFO - DSN GPU done in 6.95s | Cut=6445
2026-01-14 19:26:46,276 - DSN - INFO - Results saved to: results/Gset/DSN_thorough/G45.csv
2026-01-14 19:26:46,276 - DSN - INFO - Cut: 6445 | Bound: -9990.00 | Time: 6.95s
2026-01-14 19:26:46,276 - DSN - INFO - Initialized DSN_thorough | preset=thorough | GPU=True
2026-01-14 19:26:46,276 - DSN - INFO - Params: η=0.003, T=500, init=degree, LS=True
2026-01-14 19:26:46,276 - DSN - INFO - Using GPU solver (CuPy)
2026-01-14 19:26:46,278 - DSN - INFO - DSN GPU Solver: n=1000, edges=9990
2026-01-14 19:26:46,278 - DSN - INFO - DSN GPU: T=500, η=0.003, LS=True
2026-01-14 19:26:46,322 - DSN - INFO - t=000: B=-10486.35, Cut=6383, Best=6383 [LS]
2026-01-14 19:26:46,853 - DSN - INFO - t=040: B=-9994.08, Cut=0, Best=6383
2026-01-14 19:26:47,420 - DSN - INFO - t=080: B=-9990.11, Cut=0, Best=6445
2026-01-14 19:26:47,975 - DSN - INFO - t=120: B=-9990.01, Cut=0, Best=6445
2026-01-14 19:26:48,553 - DSN - INFO - t=160: B=-9990.00, Cut=0, Best=6445
2026-01-14 19:26:49,114 - DSN - INFO - t=200: B=-9990.00, Cut=6445, Best=6445 [LS]
2026-01-14 19:26:49,638 - DSN - INFO - t=240: B=-9990.00, Cut=0, Best=6445
2026-01-14 19:26:50,204 - DSN - INFO - t=280: B=-9990.00, Cut=0, Best=6445
2026-01-14 19:26:50,781 - DSN - INFO - t=320: B=-9990.00, Cut=0, Best=6445
2026-01-14 19:26:51,338 - DSN - INFO - t=360: B=-9990.00, Cut=0, Best=6445
2026-01-14 19:26:51,895 - DSN - INFO - t=400: B=-9990.00, Cut=6445, Best=6445 [LS]
2026-01-14 19:26:52,401 - DSN - INFO - t=440: B=-9990.00, Cut=0, Best=6445
2026-01-14 19:26:52,940 - DSN - INFO - t=480: B=-9990.00, Cut=0, Best=6445
2026-01-14 19:26:53,223 - DSN - INFO - DSN GPU done in 6.94s | Cut=6445
2026-01-14 19:26:53,226 - DSN - INFO - Results saved to: results/Gset/DSN_thorough/G45.csv
2026-01-14 19:26:53,226 - DSN - INFO - Cut: 6445 | Bound: -9990.00 | Time: 6.95s
2026-01-14 19:26:53,227 - DSN - INFO - Initialized DSN_thorough | preset=thorough | GPU=True
2026-01-14 19:26:53,227 - DSN - INFO - Params: η=0.003, T=500, init=degree, LS=True
2026-01-14 19:26:53,227 - DSN - INFO - Using GPU solver (CuPy)
2026-01-14 19:26:53,228 - DSN - INFO - DSN GPU Solver: n=1000, edges=9990
2026-01-14 19:26:53,228 - DSN - INFO - DSN GPU: T=500, η=0.003, LS=True
2026-01-14 19:26:53,274 - DSN - INFO - t=000: B=-10486.35, Cut=6435, Best=6435 [LS]
2026-01-14 19:26:53,798 - DSN - INFO - t=040: B=-9994.08, Cut=0, Best=6435
2026-01-14 19:26:54,365 - DSN - INFO - t=080: B=-9990.11, Cut=0, Best=6445
2026-01-14 19:26:54,924 - DSN - INFO - t=120: B=-9990.00, Cut=0, Best=6445
2026-01-14 19:26:55,502 - DSN - INFO - t=160: B=-9990.00, Cut=0, Best=6445
2026-01-14 19:26:56,067 - DSN - INFO - t=200: B=-9990.00, Cut=6445, Best=6445 [LS]
2026-01-14 19:26:56,596 - DSN - INFO - t=240: B=-9990.00, Cut=0, Best=6445
2026-01-14 19:26:57,163 - DSN - INFO - t=280: B=-9990.00, Cut=0, Best=6445
2026-01-14 19:26:57,745 - DSN - INFO - t=320: B=-9990.00, Cut=0, Best=6445
2026-01-14 19:26:58,324 - DSN - INFO - t=360: B=-9990.00, Cut=0, Best=6445
2026-01-14 19:26:58,900 - DSN - INFO - t=400: B=-9990.00, Cut=6445, Best=6445 [LS]
2026-01-14 19:26:59,473 - DSN - INFO - t=440: B=-9990.00, Cut=0, Best=6445
2026-01-14 19:27:00,090 - DSN - INFO - t=480: B=-9990.00, Cut=0, Best=6445
2026-01-14 19:27:00,414 - DSN - INFO - DSN GPU done in 7.19s | Cut=6445
2026-01-14 19:27:00,418 - DSN - INFO - Results saved to: results/Gset/DSN_thorough/G45.csv
2026-01-14 19:27:00,418 - DSN - INFO - Cut: 6445 | Bound: -9990.00 | Time: 7.19s
2026-01-14 19:27:00,434 - DSN - INFO - Initialized DSN_thorough | preset=thorough | GPU=True
2026-01-14 19:27:00,434 - DSN - INFO - Params: η=0.003, T=500, init=degree, LS=True
2026-01-14 19:27:00,434 - DSN - INFO - Using GPU solver (CuPy)
2026-01-14 19:27:00,435 - DSN - INFO - DSN GPU Solver: n=1000, edges=9990
2026-01-14 19:27:00,435 - DSN - INFO - DSN GPU: T=500, η=0.003, LS=True
2026-01-14 19:27:00,485 - DSN - INFO - t=000: B=-10469.43, Cut=6461, Best=6461 [LS]
2026-01-14 19:27:01,007 - DSN - INFO - t=040: B=-9993.99, Cut=0, Best=6461
2026-01-14 19:27:01,567 - DSN - INFO - t=080: B=-9990.11, Cut=0, Best=6461
2026-01-14 19:27:02,124 - DSN - INFO - t=120: B=-9990.00, Cut=0, Best=6461
2026-01-14 19:27:02,685 - DSN - INFO - t=160: B=-9990.00, Cut=0, Best=6461
2026-01-14 19:27:03,248 - DSN - INFO - t=200: B=-9990.00, Cut=6421, Best=6461 [LS]
2026-01-14 19:27:03,767 - DSN - INFO - t=240: B=-9990.00, Cut=0, Best=6461
2026-01-14 19:27:04,320 - DSN - INFO - t=280: B=-9990.00, Cut=0, Best=6461
2026-01-14 19:27:04,866 - DSN - INFO - t=320: B=-9990.00, Cut=0, Best=6461
2026-01-14 19:27:05,408 - DSN - INFO - t=360: B=-9990.00, Cut=0, Best=6461
2026-01-14 19:27:05,950 - DSN - INFO - t=400: B=-9990.00, Cut=6421, Best=6461 [LS]
2026-01-14 19:27:06,456 - DSN - INFO - t=440: B=-9990.00, Cut=0, Best=6461
2026-01-14 19:27:06,998 - DSN - INFO - t=480: B=-9990.00, Cut=0, Best=6461
2026-01-14 19:27:07,280 - DSN - INFO - DSN GPU done in 6.84s | Cut=6461
2026-01-14 19:27:07,282 - DSN - INFO - Results saved to: results/Gset/DSN_thorough/G46.csv
2026-01-14 19:27:07,282 - DSN - INFO - Cut: 6461 | Bound: -9990.00 | Time: 6.85s
2026-01-14 19:27:07,282 - DSN - INFO - Initialized DSN_thorough | preset=thorough | GPU=True
2026-01-14 19:27:07,282 - DSN - INFO - Params: η=0.003, T=500, init=degree, LS=True
2026-01-14 19:27:07,282 - DSN - INFO - Using GPU solver (CuPy)
2026-01-14 19:27:07,284 - DSN - INFO - DSN GPU Solver: n=1000, edges=9990
2026-01-14 19:27:07,284 - DSN - INFO - DSN GPU: T=500, η=0.003, LS=True
2026-01-14 19:27:07,335 - DSN - INFO - t=000: B=-10469.43, Cut=6432, Best=6432 [LS]
2026-01-14 19:27:07,856 - DSN - INFO - t=040: B=-9993.99, Cut=0, Best=6432
2026-01-14 19:27:08,419 - DSN - INFO - t=080: B=-9990.11, Cut=0, Best=6432
2026-01-14 19:27:08,980 - DSN - INFO - t=120: B=-9990.00, Cut=0, Best=6432
2026-01-14 19:27:09,537 - DSN - INFO - t=160: B=-9990.00, Cut=0, Best=6432
2026-01-14 19:27:10,096 - DSN - INFO - t=200: B=-9990.00, Cut=6421, Best=6432 [LS]
2026-01-14 19:27:10,623 - DSN - INFO - t=240: B=-9990.00, Cut=0, Best=6432
2026-01-14 19:27:11,182 - DSN - INFO - t=280: B=-9990.00, Cut=0, Best=6432
2026-01-14 19:27:11,744 - DSN - INFO - t=320: B=-9990.00, Cut=0, Best=6432
2026-01-14 19:27:12,299 - DSN - INFO - t=360: B=-9990.00, Cut=0, Best=6432
2026-01-14 19:27:12,872 - DSN - INFO - t=400: B=-9990.00, Cut=6421, Best=6432 [LS]
2026-01-14 19:27:13,383 - DSN - INFO - t=440: B=-9990.00, Cut=0, Best=6432
2026-01-14 19:27:13,927 - DSN - INFO - t=480: B=-9990.00, Cut=0, Best=6432
2026-01-14 19:27:14,210 - DSN - INFO - DSN GPU done in 6.93s | Cut=6432
2026-01-14 19:27:14,213 - DSN - INFO - Results saved to: results/Gset/DSN_thorough/G46.csv
2026-01-14 19:27:14,213 - DSN - INFO - Cut: 6432 | Bound: -9990.00 | Time: 6.93s
2026-01-14 19:27:14,213 - DSN - INFO - Initialized DSN_thorough | preset=thorough | GPU=True
2026-01-14 19:27:14,213 - DSN - INFO - Params: η=0.003, T=500, init=degree, LS=True
2026-01-14 19:27:14,213 - DSN - INFO - Using GPU solver (CuPy)
2026-01-14 19:27:14,215 - DSN - INFO - DSN GPU Solver: n=1000, edges=9990
2026-01-14 19:27:14,215 - DSN - INFO - DSN GPU: T=500, η=0.003, LS=True
2026-01-14 19:27:14,265 - DSN - INFO - t=000: B=-10469.43, Cut=6466, Best=6466 [LS]
2026-01-14 19:27:14,785 - DSN - INFO - t=040: B=-9993.99, Cut=0, Best=6466
2026-01-14 19:27:15,346 - DSN - INFO - t=080: B=-9990.11, Cut=0, Best=6466
2026-01-14 19:27:15,905 - DSN - INFO - t=120: B=-9990.01, Cut=0, Best=6466
2026-01-14 19:27:16,462 - DSN - INFO - t=160: B=-9990.00, Cut=0, Best=6466
2026-01-14 19:27:17,022 - DSN - INFO - t=200: B=-9990.00, Cut=6421, Best=6466 [LS]
2026-01-14 19:27:17,541 - DSN - INFO - t=240: B=-9990.00, Cut=0, Best=6466
2026-01-14 19:27:18,100 - DSN - INFO - t=280: B=-9990.00, Cut=0, Best=6466
2026-01-14 19:27:18,654 - DSN - INFO - t=320: B=-9990.00, Cut=0, Best=6466
2026-01-14 19:27:19,205 - DSN - INFO - t=360: B=-9990.00, Cut=0, Best=6466
2026-01-14 19:27:19,774 - DSN - INFO - t=400: B=-9990.00, Cut=6421, Best=6466 [LS]
2026-01-14 19:27:20,284 - DSN - INFO - t=440: B=-9990.00, Cut=0, Best=6466
2026-01-14 19:27:20,830 - DSN - INFO - t=480: B=-9990.00, Cut=0, Best=6466
2026-01-14 19:27:21,111 - DSN - INFO - DSN GPU done in 6.90s | Cut=6466
2026-01-14 19:27:21,115 - DSN - INFO - Results saved to: results/Gset/DSN_thorough/G46.csv
2026-01-14 19:27:21,115 - DSN - INFO - Cut: 6466 | Bound: -9990.00 | Time: 6.90s
2026-01-14 19:27:21,115 - DSN - INFO - Initialized DSN_thorough | preset=thorough | GPU=True
2026-01-14 19:27:21,115 - DSN - INFO - Params: η=0.003, T=500, init=degree, LS=True
2026-01-14 19:27:21,115 - DSN - INFO - Using GPU solver (CuPy)
2026-01-14 19:27:21,117 - DSN - INFO - DSN GPU Solver: n=1000, edges=9990
2026-01-14 19:27:21,117 - DSN - INFO - DSN GPU: T=500, η=0.003, LS=True
2026-01-14 19:27:21,168 - DSN - INFO - t=000: B=-10469.43, Cut=6457, Best=6457 [LS]
2026-01-14 19:27:21,686 - DSN - INFO - t=040: B=-9993.99, Cut=0, Best=6457
2026-01-14 19:27:22,243 - DSN - INFO - t=080: B=-9990.11, Cut=0, Best=6457
2026-01-14 19:27:22,807 - DSN - INFO - t=120: B=-9990.01, Cut=0, Best=6457
2026-01-14 19:27:23,367 - DSN - INFO - t=160: B=-9990.00, Cut=0, Best=6457
2026-01-14 19:27:23,933 - DSN - INFO - t=200: B=-9990.00, Cut=6421, Best=6457 [LS]
2026-01-14 19:27:24,464 - DSN - INFO - t=240: B=-9990.00, Cut=0, Best=6457
2026-01-14 19:27:25,026 - DSN - INFO - t=280: B=-9990.00, Cut=0, Best=6457
2026-01-14 19:27:25,592 - DSN - INFO - t=320: B=-9990.00, Cut=0, Best=6457
2026-01-14 19:27:26,138 - DSN - INFO - t=360: B=-9990.00, Cut=0, Best=6457
2026-01-14 19:27:26,726 - DSN - INFO - t=400: B=-9990.00, Cut=6421, Best=6457 [LS]
2026-01-14 19:27:27,282 - DSN - INFO - t=440: B=-9990.00, Cut=0, Best=6457
2026-01-14 19:27:27,903 - DSN - INFO - t=480: B=-9990.00, Cut=0, Best=6457
2026-01-14 19:27:28,222 - DSN - INFO - DSN GPU done in 7.10s | Cut=6457
2026-01-14 19:27:28,226 - DSN - INFO - Results saved to: results/Gset/DSN_thorough/G46.csv
2026-01-14 19:27:28,226 - DSN - INFO - Cut: 6457 | Bound: -9990.00 | Time: 7.11s
2026-01-14 19:27:28,226 - DSN - INFO - Initialized DSN_thorough | preset=thorough | GPU=True
2026-01-14 19:27:28,226 - DSN - INFO - Params: η=0.003, T=500, init=degree, LS=True
2026-01-14 19:27:28,226 - DSN - INFO - Using GPU solver (CuPy)
2026-01-14 19:27:28,228 - DSN - INFO - DSN GPU Solver: n=1000, edges=9990
2026-01-14 19:27:28,228 - DSN - INFO - DSN GPU: T=500, η=0.003, LS=True
2026-01-14 19:27:28,279 - DSN - INFO - t=000: B=-10469.43, Cut=6448, Best=6448 [LS]
2026-01-14 19:27:28,793 - DSN - INFO - t=040: B=-9993.99, Cut=0, Best=6448
2026-01-14 19:27:29,356 - DSN - INFO - t=080: B=-9990.11, Cut=0, Best=6448
2026-01-14 19:27:29,911 - DSN - INFO - t=120: B=-9990.01, Cut=0, Best=6448
2026-01-14 19:27:30,474 - DSN - INFO - t=160: B=-9990.00, Cut=0, Best=6448
2026-01-14 19:27:31,041 - DSN - INFO - t=200: B=-9990.00, Cut=6421, Best=6448 [LS]
2026-01-14 19:27:31,564 - DSN - INFO - t=240: B=-9990.00, Cut=0, Best=6448
2026-01-14 19:27:32,119 - DSN - INFO - t=280: B=-9990.00, Cut=0, Best=6448
2026-01-14 19:27:32,662 - DSN - INFO - t=320: B=-9990.00, Cut=0, Best=6448
2026-01-14 19:27:33,215 - DSN - INFO - t=360: B=-9990.00, Cut=0, Best=6448
2026-01-14 19:27:33,765 - DSN - INFO - t=400: B=-9990.00, Cut=6421, Best=6448 [LS]
2026-01-14 19:27:34,336 - DSN - INFO - t=440: B=-9990.00, Cut=0, Best=6448
2026-01-14 19:27:34,958 - DSN - INFO - t=480: B=-9990.00, Cut=0, Best=6448
2026-01-14 19:27:35,277 - DSN - INFO - DSN GPU done in 7.05s | Cut=6448
2026-01-14 19:27:35,281 - DSN - INFO - Results saved to: results/Gset/DSN_thorough/G46.csv
2026-01-14 19:27:35,281 - DSN - INFO - Cut: 6448 | Bound: -9990.00 | Time: 7.05s
2026-01-14 19:27:35,281 - DSN - INFO - Initialized DSN_thorough | preset=thorough | GPU=True
2026-01-14 19:27:35,281 - DSN - INFO - Params: η=0.003, T=500, init=degree, LS=True
2026-01-14 19:27:35,281 - DSN - INFO - Using GPU solver (CuPy)
2026-01-14 19:27:35,283 - DSN - INFO - DSN GPU Solver: n=1000, edges=9990
2026-01-14 19:27:35,283 - DSN - INFO - DSN GPU: T=500, η=0.003, LS=True
2026-01-14 19:27:35,334 - DSN - INFO - t=000: B=-10469.43, Cut=6468, Best=6468 [LS]
2026-01-14 19:27:35,853 - DSN - INFO - t=040: B=-9993.99, Cut=0, Best=6468
2026-01-14 19:27:36,417 - DSN - INFO - t=080: B=-9990.11, Cut=0, Best=6468
2026-01-14 19:27:36,978 - DSN - INFO - t=120: B=-9990.01, Cut=0, Best=6468
2026-01-14 19:27:37,534 - DSN - INFO - t=160: B=-9990.00, Cut=0, Best=6468
2026-01-14 19:27:38,100 - DSN - INFO - t=200: B=-9990.00, Cut=6421, Best=6468 [LS]
2026-01-14 19:27:38,636 - DSN - INFO - t=240: B=-9990.00, Cut=0, Best=6468
2026-01-14 19:27:39,198 - DSN - INFO - t=280: B=-9990.00, Cut=0, Best=6468
2026-01-14 19:27:39,761 - DSN - INFO - t=320: B=-9990.00, Cut=0, Best=6468
2026-01-14 19:27:40,324 - DSN - INFO - t=360: B=-9990.00, Cut=0, Best=6468
2026-01-14 19:27:40,872 - DSN - INFO - t=400: B=-9990.00, Cut=6421, Best=6468 [LS]
2026-01-14 19:27:41,382 - DSN - INFO - t=440: B=-9990.00, Cut=0, Best=6468
2026-01-14 19:27:41,926 - DSN - INFO - t=480: B=-9990.00, Cut=0, Best=6468
2026-01-14 19:27:42,209 - DSN - INFO - DSN GPU done in 6.93s | Cut=6468
2026-01-14 19:27:42,213 - DSN - INFO - Results saved to: results/Gset/DSN_thorough/G46.csv
2026-01-14 19:27:42,213 - DSN - INFO - Cut: 6468 | Bound: -9990.00 | Time: 6.93s
2026-01-14 19:27:42,213 - DSN - INFO - Initialized DSN_thorough | preset=thorough | GPU=True
2026-01-14 19:27:42,213 - DSN - INFO - Params: η=0.003, T=500, init=degree, LS=True
2026-01-14 19:27:42,213 - DSN - INFO - Using GPU solver (CuPy)
2026-01-14 19:27:42,215 - DSN - INFO - DSN GPU Solver: n=1000, edges=9990
2026-01-14 19:27:42,215 - DSN - INFO - DSN GPU: T=500, η=0.003, LS=True
2026-01-14 19:27:42,267 - DSN - INFO - t=000: B=-10469.43, Cut=6454, Best=6454 [LS]
2026-01-14 19:27:42,789 - DSN - INFO - t=040: B=-9993.99, Cut=0, Best=6454
2026-01-14 19:27:43,346 - DSN - INFO - t=080: B=-9990.11, Cut=0, Best=6454
2026-01-14 19:27:43,905 - DSN - INFO - t=120: B=-9990.01, Cut=0, Best=6454
2026-01-14 19:27:44,464 - DSN - INFO - t=160: B=-9990.00, Cut=0, Best=6454
2026-01-14 19:27:45,027 - DSN - INFO - t=200: B=-9990.00, Cut=6421, Best=6454 [LS]
2026-01-14 19:27:45,545 - DSN - INFO - t=240: B=-9990.00, Cut=0, Best=6454
2026-01-14 19:27:46,104 - DSN - INFO - t=280: B=-9990.00, Cut=0, Best=6454
2026-01-14 19:27:46,648 - DSN - INFO - t=320: B=-9990.00, Cut=0, Best=6454
2026-01-14 19:27:47,202 - DSN - INFO - t=360: B=-9990.00, Cut=0, Best=6454
2026-01-14 19:27:47,775 - DSN - INFO - t=400: B=-9990.00, Cut=6421, Best=6454 [LS]
2026-01-14 19:27:48,285 - DSN - INFO - t=440: B=-9990.00, Cut=0, Best=6454
2026-01-14 19:27:48,837 - DSN - INFO - t=480: B=-9990.00, Cut=0, Best=6454
2026-01-14 19:27:49,120 - DSN - INFO - DSN GPU done in 6.91s | Cut=6454
2026-01-14 19:27:49,124 - DSN - INFO - Results saved to: results/Gset/DSN_thorough/G46.csv
2026-01-14 19:27:49,124 - DSN - INFO - Cut: 6454 | Bound: -9990.00 | Time: 6.91s
2026-01-14 19:27:49,124 - DSN - INFO - Initialized DSN_thorough | preset=thorough | GPU=True
2026-01-14 19:27:49,124 - DSN - INFO - Params: η=0.003, T=500, init=degree, LS=True
2026-01-14 19:27:49,124 - DSN - INFO - Using GPU solver (CuPy)
2026-01-14 19:27:49,126 - DSN - INFO - DSN GPU Solver: n=1000, edges=9990
2026-01-14 19:27:49,126 - DSN - INFO - DSN GPU: T=500, η=0.003, LS=True
2026-01-14 19:27:49,178 - DSN - INFO - t=000: B=-10469.43, Cut=6431, Best=6431 [LS]
2026-01-14 19:27:49,698 - DSN - INFO - t=040: B=-9993.99, Cut=0, Best=6431
2026-01-14 19:27:50,263 - DSN - INFO - t=080: B=-9990.11, Cut=0, Best=6431
2026-01-14 19:27:50,828 - DSN - INFO - t=120: B=-9990.01, Cut=0, Best=6431
2026-01-14 19:27:51,382 - DSN - INFO - t=160: B=-9990.00, Cut=0, Best=6431
2026-01-14 19:27:51,942 - DSN - INFO - t=200: B=-9990.00, Cut=6421, Best=6431 [LS]
2026-01-14 19:27:52,459 - DSN - INFO - t=240: B=-9990.00, Cut=0, Best=6431
2026-01-14 19:27:53,014 - DSN - INFO - t=280: B=-9990.00, Cut=0, Best=6431
2026-01-14 19:27:53,567 - DSN - INFO - t=320: B=-9990.00, Cut=0, Best=6431
2026-01-14 19:27:54,107 - DSN - INFO - t=360: B=-9990.00, Cut=0, Best=6431
2026-01-14 19:27:54,647 - DSN - INFO - t=400: B=-9990.00, Cut=6421, Best=6431 [LS]
2026-01-14 19:27:55,156 - DSN - INFO - t=440: B=-9990.00, Cut=0, Best=6431
2026-01-14 19:27:55,696 - DSN - INFO - t=480: B=-9990.00, Cut=0, Best=6431
2026-01-14 19:27:55,978 - DSN - INFO - DSN GPU done in 6.85s | Cut=6431
2026-01-14 19:27:55,981 - DSN - INFO - Results saved to: results/Gset/DSN_thorough/G46.csv
2026-01-14 19:27:55,981 - DSN - INFO - Cut: 6431 | Bound: -9990.00 | Time: 6.85s
2026-01-14 19:27:55,982 - DSN - INFO - Initialized DSN_thorough | preset=thorough | GPU=True
2026-01-14 19:27:55,982 - DSN - INFO - Params: η=0.003, T=500, init=degree, LS=True
2026-01-14 19:27:55,982 - DSN - INFO - Using GPU solver (CuPy)
2026-01-14 19:27:55,983 - DSN - INFO - DSN GPU Solver: n=1000, edges=9990
2026-01-14 19:27:55,983 - DSN - INFO - DSN GPU: T=500, η=0.003, LS=True
2026-01-14 19:27:56,027 - DSN - INFO - t=000: B=-10469.43, Cut=6400, Best=6400 [LS]
2026-01-14 19:27:56,546 - DSN - INFO - t=040: B=-9993.99, Cut=0, Best=6400
2026-01-14 19:27:57,104 - DSN - INFO - t=080: B=-9990.11, Cut=0, Best=6421
2026-01-14 19:27:57,666 - DSN - INFO - t=120: B=-9990.01, Cut=0, Best=6421
2026-01-14 19:27:58,220 - DSN - INFO - t=160: B=-9990.00, Cut=0, Best=6421
2026-01-14 19:27:58,781 - DSN - INFO - t=200: B=-9990.00, Cut=6421, Best=6421 [LS]
2026-01-14 19:27:59,305 - DSN - INFO - t=240: B=-9990.00, Cut=0, Best=6421
2026-01-14 19:27:59,858 - DSN - INFO - t=280: B=-9990.00, Cut=0, Best=6421
2026-01-14 19:28:00,399 - DSN - INFO - t=320: B=-9990.00, Cut=0, Best=6421
2026-01-14 19:28:00,949 - DSN - INFO - t=360: B=-9990.00, Cut=0, Best=6421
2026-01-14 19:28:01,501 - DSN - INFO - t=400: B=-9990.00, Cut=6421, Best=6421 [LS]
2026-01-14 19:28:02,078 - DSN - INFO - t=440: B=-9990.00, Cut=0, Best=6421
2026-01-14 19:28:02,690 - DSN - INFO - t=480: B=-9990.00, Cut=0, Best=6421
2026-01-14 19:28:03,011 - DSN - INFO - DSN GPU done in 7.03s | Cut=6421
2026-01-14 19:28:03,014 - DSN - INFO - Results saved to: results/Gset/DSN_thorough/G46.csv
2026-01-14 19:28:03,014 - DSN - INFO - Cut: 6421 | Bound: -9990.00 | Time: 7.03s
2026-01-14 19:28:03,014 - DSN - INFO - Initialized DSN_thorough | preset=thorough | GPU=True
2026-01-14 19:28:03,014 - DSN - INFO - Params: η=0.003, T=500, init=degree, LS=True
2026-01-14 19:28:03,014 - DSN - INFO - Using GPU solver (CuPy)
2026-01-14 19:28:03,016 - DSN - INFO - DSN GPU Solver: n=1000, edges=9990
2026-01-14 19:28:03,016 - DSN - INFO - DSN GPU: T=500, η=0.003, LS=True
2026-01-14 19:28:03,062 - DSN - INFO - t=000: B=-10469.43, Cut=6454, Best=6454 [LS]
2026-01-14 19:28:03,581 - DSN - INFO - t=040: B=-9993.99, Cut=0, Best=6454
2026-01-14 19:28:04,136 - DSN - INFO - t=080: B=-9990.11, Cut=0, Best=6454
2026-01-14 19:28:04,691 - DSN - INFO - t=120: B=-9990.01, Cut=0, Best=6454
2026-01-14 19:28:05,253 - DSN - INFO - t=160: B=-9990.00, Cut=0, Best=6454
2026-01-14 19:28:05,823 - DSN - INFO - t=200: B=-9990.00, Cut=6421, Best=6454 [LS]
2026-01-14 19:28:06,354 - DSN - INFO - t=240: B=-9990.00, Cut=0, Best=6454
2026-01-14 19:28:06,917 - DSN - INFO - t=280: B=-9990.00, Cut=0, Best=6454
2026-01-14 19:28:07,481 - DSN - INFO - t=320: B=-9990.00, Cut=0, Best=6454
2026-01-14 19:28:08,042 - DSN - INFO - t=360: B=-9990.00, Cut=0, Best=6454
2026-01-14 19:28:08,606 - DSN - INFO - t=400: B=-9990.00, Cut=6421, Best=6454 [LS]
2026-01-14 19:28:09,147 - DSN - INFO - t=440: B=-9990.00, Cut=0, Best=6454
2026-01-14 19:28:09,720 - DSN - INFO - t=480: B=-9990.00, Cut=0, Best=6454
2026-01-14 19:28:10,023 - DSN - INFO - DSN GPU done in 7.01s | Cut=6454
2026-01-14 19:28:10,027 - DSN - INFO - Results saved to: results/Gset/DSN_thorough/G46.csv
2026-01-14 19:28:10,027 - DSN - INFO - Cut: 6454 | Bound: -9990.00 | Time: 7.01s
2026-01-14 19:28:10,042 - DSN - INFO - Initialized DSN_thorough | preset=thorough | GPU=True
2026-01-14 19:28:10,042 - DSN - INFO - Params: η=0.003, T=500, init=degree, LS=True
2026-01-14 19:28:10,042 - DSN - INFO - Using GPU solver (CuPy)
2026-01-14 19:28:10,044 - DSN - INFO - DSN GPU Solver: n=1000, edges=9990
2026-01-14 19:28:10,044 - DSN - INFO - DSN GPU: T=500, η=0.003, LS=True
2026-01-14 19:28:10,093 - DSN - INFO - t=000: B=-10493.12, Cut=6451, Best=6451 [LS]
2026-01-14 19:28:10,617 - DSN - INFO - t=040: B=-9994.38, Cut=0, Best=6451
2026-01-14 19:28:11,178 - DSN - INFO - t=080: B=-9990.12, Cut=0, Best=6451
2026-01-14 19:28:11,737 - DSN - INFO - t=120: B=-9990.01, Cut=0, Best=6451
2026-01-14 19:28:12,298 - DSN - INFO - t=160: B=-9990.00, Cut=0, Best=6451
2026-01-14 19:28:12,870 - DSN - INFO - t=200: B=-9990.00, Cut=6422, Best=6451 [LS]
2026-01-14 19:28:13,391 - DSN - INFO - t=240: B=-9990.00, Cut=0, Best=6451
2026-01-14 19:28:13,948 - DSN - INFO - t=280: B=-9990.00, Cut=0, Best=6451
2026-01-14 19:28:14,499 - DSN - INFO - t=320: B=-9990.00, Cut=0, Best=6451
2026-01-14 19:28:15,042 - DSN - INFO - t=360: B=-9990.00, Cut=0, Best=6451
2026-01-14 19:28:15,582 - DSN - INFO - t=400: B=-9990.00, Cut=6422, Best=6451 [LS]
2026-01-14 19:28:16,087 - DSN - INFO - t=440: B=-9990.00, Cut=0, Best=6451
2026-01-14 19:28:16,625 - DSN - INFO - t=480: B=-9990.00, Cut=0, Best=6451
2026-01-14 19:28:16,905 - DSN - INFO - DSN GPU done in 6.86s | Cut=6451
2026-01-14 19:28:16,906 - DSN - INFO - Results saved to: results/Gset/DSN_thorough/G47.csv
2026-01-14 19:28:16,906 - DSN - INFO - Cut: 6451 | Bound: -9990.00 | Time: 6.86s
2026-01-14 19:28:16,906 - DSN - INFO - Initialized DSN_thorough | preset=thorough | GPU=True
2026-01-14 19:28:16,906 - DSN - INFO - Params: η=0.003, T=500, init=degree, LS=True
2026-01-14 19:28:16,906 - DSN - INFO - Using GPU solver (CuPy)
2026-01-14 19:28:16,908 - DSN - INFO - DSN GPU Solver: n=1000, edges=9990
2026-01-14 19:28:16,908 - DSN - INFO - DSN GPU: T=500, η=0.003, LS=True
2026-01-14 19:28:16,961 - DSN - INFO - t=000: B=-10493.12, Cut=6463, Best=6463 [LS]
2026-01-14 19:28:17,484 - DSN - INFO - t=040: B=-9994.38, Cut=0, Best=6463
2026-01-14 19:28:18,044 - DSN - INFO - t=080: B=-9990.12, Cut=0, Best=6463
2026-01-14 19:28:18,601 - DSN - INFO - t=120: B=-9990.01, Cut=0, Best=6463
2026-01-14 19:28:19,166 - DSN - INFO - t=160: B=-9990.00, Cut=0, Best=6463
2026-01-14 19:28:19,731 - DSN - INFO - t=200: B=-9990.00, Cut=6422, Best=6463 [LS]
2026-01-14 19:28:20,252 - DSN - INFO - t=240: B=-9990.00, Cut=0, Best=6463
2026-01-14 19:28:20,805 - DSN - INFO - t=280: B=-9990.00, Cut=0, Best=6463
2026-01-14 19:28:21,357 - DSN - INFO - t=320: B=-9990.00, Cut=0, Best=6463
2026-01-14 19:28:21,904 - DSN - INFO - t=360: B=-9990.00, Cut=0, Best=6463
2026-01-14 19:28:22,463 - DSN - INFO - t=400: B=-9990.00, Cut=6422, Best=6463 [LS]
2026-01-14 19:28:22,995 - DSN - INFO - t=440: B=-9990.00, Cut=0, Best=6463
2026-01-14 19:28:23,582 - DSN - INFO - t=480: B=-9990.00, Cut=0, Best=6463
2026-01-14 19:28:23,885 - DSN - INFO - DSN GPU done in 6.98s | Cut=6463
2026-01-14 19:28:23,888 - DSN - INFO - Results saved to: results/Gset/DSN_thorough/G47.csv
2026-01-14 19:28:23,888 - DSN - INFO - Cut: 6463 | Bound: -9990.00 | Time: 6.98s
2026-01-14 19:28:23,889 - DSN - INFO - Initialized DSN_thorough | preset=thorough | GPU=True
2026-01-14 19:28:23,889 - DSN - INFO - Params: η=0.003, T=500, init=degree, LS=True
2026-01-14 19:28:23,889 - DSN - INFO - Using GPU solver (CuPy)
2026-01-14 19:28:23,890 - DSN - INFO - DSN GPU Solver: n=1000, edges=9990
2026-01-14 19:28:23,890 - DSN - INFO - DSN GPU: T=500, η=0.003, LS=True
2026-01-14 19:28:23,938 - DSN - INFO - t=000: B=-10493.12, Cut=6446, Best=6446 [LS]
2026-01-14 19:28:24,464 - DSN - INFO - t=040: B=-9994.38, Cut=0, Best=6446
2026-01-14 19:28:25,033 - DSN - INFO - t=080: B=-9990.12, Cut=0, Best=6446
2026-01-14 19:28:25,589 - DSN - INFO - t=120: B=-9990.01, Cut=0, Best=6446
2026-01-14 19:28:26,149 - DSN - INFO - t=160: B=-9990.00, Cut=0, Best=6446
2026-01-14 19:28:26,717 - DSN - INFO - t=200: B=-9990.00, Cut=6422, Best=6446 [LS]
2026-01-14 19:28:27,247 - DSN - INFO - t=240: B=-9990.00, Cut=0, Best=6446
2026-01-14 19:28:27,806 - DSN - INFO - t=280: B=-9990.00, Cut=0, Best=6446
2026-01-14 19:28:28,376 - DSN - INFO - t=320: B=-9990.00, Cut=0, Best=6446
2026-01-14 19:28:28,931 - DSN - INFO - t=360: B=-9990.00, Cut=0, Best=6446
2026-01-14 19:28:29,491 - DSN - INFO - t=400: B=-9990.00, Cut=6422, Best=6446 [LS]
2026-01-14 19:28:30,035 - DSN - INFO - t=440: B=-9990.00, Cut=0, Best=6446
2026-01-14 19:28:30,582 - DSN - INFO - t=480: B=-9990.00, Cut=0, Best=6446
2026-01-14 19:28:30,863 - DSN - INFO - DSN GPU done in 6.97s | Cut=6446
2026-01-14 19:28:30,867 - DSN - INFO - Results saved to: results/Gset/DSN_thorough/G47.csv
2026-01-14 19:28:30,867 - DSN - INFO - Cut: 6446 | Bound: -9990.00 | Time: 6.97s
2026-01-14 19:28:30,867 - DSN - INFO - Initialized DSN_thorough | preset=thorough | GPU=True
2026-01-14 19:28:30,867 - DSN - INFO - Params: η=0.003, T=500, init=degree, LS=True
2026-01-14 19:28:30,867 - DSN - INFO - Using GPU solver (CuPy)
2026-01-14 19:28:30,868 - DSN - INFO - DSN GPU Solver: n=1000, edges=9990
2026-01-14 19:28:30,868 - DSN - INFO - DSN GPU: T=500, η=0.003, LS=True
2026-01-14 19:28:30,919 - DSN - INFO - t=000: B=-10493.12, Cut=6476, Best=6476 [LS]
2026-01-14 19:28:31,446 - DSN - INFO - t=040: B=-9994.38, Cut=0, Best=6476
2026-01-14 19:28:32,011 - DSN - INFO - t=080: B=-9990.12, Cut=0, Best=6476
2026-01-14 19:28:32,572 - DSN - INFO - t=120: B=-9990.00, Cut=0, Best=6476
2026-01-14 19:28:33,131 - DSN - INFO - t=160: B=-9990.00, Cut=0, Best=6476
2026-01-14 19:28:33,695 - DSN - INFO - t=200: B=-9990.00, Cut=6422, Best=6476 [LS]
2026-01-14 19:28:34,219 - DSN - INFO - t=240: B=-9990.00, Cut=0, Best=6476
2026-01-14 19:28:34,781 - DSN - INFO - t=280: B=-9990.00, Cut=0, Best=6476
2026-01-14 19:28:35,351 - DSN - INFO - t=320: B=-9990.00, Cut=0, Best=6476
2026-01-14 19:28:35,904 - DSN - INFO - t=360: B=-9990.00, Cut=0, Best=6476
2026-01-14 19:28:36,445 - DSN - INFO - t=400: B=-9990.00, Cut=6422, Best=6476 [LS]
2026-01-14 19:28:36,954 - DSN - INFO - t=440: B=-9990.00, Cut=0, Best=6476
2026-01-14 19:28:37,493 - DSN - INFO - t=480: B=-9990.00, Cut=0, Best=6476
2026-01-14 19:28:37,773 - DSN - INFO - DSN GPU done in 6.90s | Cut=6476
2026-01-14 19:28:37,776 - DSN - INFO - Results saved to: results/Gset/DSN_thorough/G47.csv
2026-01-14 19:28:37,777 - DSN - INFO - Cut: 6476 | Bound: -9990.00 | Time: 6.91s
2026-01-14 19:28:37,777 - DSN - INFO - Initialized DSN_thorough | preset=thorough | GPU=True
2026-01-14 19:28:37,777 - DSN - INFO - Params: η=0.003, T=500, init=degree, LS=True
2026-01-14 19:28:37,777 - DSN - INFO - Using GPU solver (CuPy)
2026-01-14 19:28:37,778 - DSN - INFO - DSN GPU Solver: n=1000, edges=9990
2026-01-14 19:28:37,778 - DSN - INFO - DSN GPU: T=500, η=0.003, LS=True
2026-01-14 19:28:37,828 - DSN - INFO - t=000: B=-10493.12, Cut=6447, Best=6447 [LS]
2026-01-14 19:28:38,354 - DSN - INFO - t=040: B=-9994.38, Cut=0, Best=6447
2026-01-14 19:28:38,916 - DSN - INFO - t=080: B=-9990.12, Cut=0, Best=6447
2026-01-14 19:28:39,479 - DSN - INFO - t=120: B=-9990.01, Cut=0, Best=6447
2026-01-14 19:28:40,040 - DSN - INFO - t=160: B=-9990.00, Cut=0, Best=6447
2026-01-14 19:28:40,606 - DSN - INFO - t=200: B=-9990.00, Cut=6422, Best=6447 [LS]
2026-01-14 19:28:41,126 - DSN - INFO - t=240: B=-9990.00, Cut=0, Best=6447
2026-01-14 19:28:41,682 - DSN - INFO - t=280: B=-9990.00, Cut=0, Best=6447
2026-01-14 19:28:42,249 - DSN - INFO - t=320: B=-9990.00, Cut=0, Best=6447
2026-01-14 19:28:42,802 - DSN - INFO - t=360: B=-9990.00, Cut=0, Best=6447
2026-01-14 19:28:43,380 - DSN - INFO - t=400: B=-9990.00, Cut=6422, Best=6447 [LS]
2026-01-14 19:28:43,931 - DSN - INFO - t=440: B=-9990.00, Cut=0, Best=6447
2026-01-14 19:28:44,483 - DSN - INFO - t=480: B=-9990.00, Cut=0, Best=6447
2026-01-14 19:28:44,768 - DSN - INFO - DSN GPU done in 6.99s | Cut=6447
2026-01-14 19:28:44,772 - DSN - INFO - Results saved to: results/Gset/DSN_thorough/G47.csv
2026-01-14 19:28:44,772 - DSN - INFO - Cut: 6447 | Bound: -9990.00 | Time: 6.99s
2026-01-14 19:28:44,772 - DSN - INFO - Initialized DSN_thorough | preset=thorough | GPU=True
2026-01-14 19:28:44,772 - DSN - INFO - Params: η=0.003, T=500, init=degree, LS=True
2026-01-14 19:28:44,772 - DSN - INFO - Using GPU solver (CuPy)
2026-01-14 19:28:44,774 - DSN - INFO - DSN GPU Solver: n=1000, edges=9990
2026-01-14 19:28:44,774 - DSN - INFO - DSN GPU: T=500, η=0.003, LS=True
2026-01-14 19:28:44,823 - DSN - INFO - t=000: B=-10493.12, Cut=6458, Best=6458 [LS]
2026-01-14 19:28:45,350 - DSN - INFO - t=040: B=-9994.38, Cut=0, Best=6458
2026-01-14 19:28:45,916 - DSN - INFO - t=080: B=-9990.12, Cut=0, Best=6458
2026-01-14 19:28:46,477 - DSN - INFO - t=120: B=-9990.01, Cut=0, Best=6458
2026-01-14 19:28:47,037 - DSN - INFO - t=160: B=-9990.00, Cut=0, Best=6458
2026-01-14 19:28:47,602 - DSN - INFO - t=200: B=-9990.00, Cut=6422, Best=6458 [LS]
2026-01-14 19:28:48,125 - DSN - INFO - t=240: B=-9990.00, Cut=0, Best=6458
2026-01-14 19:28:48,695 - DSN - INFO - t=280: B=-9990.00, Cut=0, Best=6458
2026-01-14 19:28:49,276 - DSN - INFO - t=320: B=-9990.00, Cut=0, Best=6458
2026-01-14 19:28:49,874 - DSN - INFO - t=360: B=-9990.00, Cut=0, Best=6458
2026-01-14 19:28:50,466 - DSN - INFO - t=400: B=-9990.00, Cut=6422, Best=6458 [LS]
2026-01-14 19:28:51,048 - DSN - INFO - t=440: B=-9990.00, Cut=0, Best=6458
2026-01-14 19:28:51,667 - DSN - INFO - t=480: B=-9990.00, Cut=0, Best=6458
2026-01-14 19:28:51,966 - DSN - INFO - DSN GPU done in 7.19s | Cut=6458
2026-01-14 19:28:51,970 - DSN - INFO - Results saved to: results/Gset/DSN_thorough/G47.csv
2026-01-14 19:28:51,970 - DSN - INFO - Cut: 6458 | Bound: -9990.00 | Time: 7.19s
2026-01-14 19:28:51,970 - DSN - INFO - Initialized DSN_thorough | preset=thorough | GPU=True
2026-01-14 19:28:51,970 - DSN - INFO - Params: η=0.003, T=500, init=degree, LS=True
2026-01-14 19:28:51,970 - DSN - INFO - Using GPU solver (CuPy)
2026-01-14 19:28:51,972 - DSN - INFO - DSN GPU Solver: n=1000, edges=9990
2026-01-14 19:28:51,972 - DSN - INFO - DSN GPU: T=500, η=0.003, LS=True
2026-01-14 19:28:52,023 - DSN - INFO - t=000: B=-10493.12, Cut=6463, Best=6463 [LS]
2026-01-14 19:28:52,550 - DSN - INFO - t=040: B=-9994.38, Cut=0, Best=6463
2026-01-14 19:28:53,109 - DSN - INFO - t=080: B=-9990.12, Cut=0, Best=6463
2026-01-14 19:28:53,672 - DSN - INFO - t=120: B=-9990.01, Cut=0, Best=6463
2026-01-14 19:28:54,227 - DSN - INFO - t=160: B=-9990.00, Cut=0, Best=6463
2026-01-14 19:28:54,797 - DSN - INFO - t=200: B=-9990.00, Cut=6422, Best=6463 [LS]
2026-01-14 19:28:55,315 - DSN - INFO - t=240: B=-9990.00, Cut=0, Best=6463
2026-01-14 19:28:55,873 - DSN - INFO - t=280: B=-9990.00, Cut=0, Best=6463
2026-01-14 19:28:56,439 - DSN - INFO - t=320: B=-9990.00, Cut=0, Best=6463
2026-01-14 19:28:57,014 - DSN - INFO - t=360: B=-9990.00, Cut=0, Best=6463
2026-01-14 19:28:57,584 - DSN - INFO - t=400: B=-9990.00, Cut=6422, Best=6463 [LS]
2026-01-14 19:28:58,153 - DSN - INFO - t=440: B=-9990.00, Cut=0, Best=6463
2026-01-14 19:28:58,771 - DSN - INFO - t=480: B=-9990.00, Cut=0, Best=6463
2026-01-14 19:28:59,081 - DSN - INFO - DSN GPU done in 7.11s | Cut=6463
2026-01-14 19:28:59,085 - DSN - INFO - Results saved to: results/Gset/DSN_thorough/G47.csv
2026-01-14 19:28:59,085 - DSN - INFO - Cut: 6463 | Bound: -9990.00 | Time: 7.11s
2026-01-14 19:28:59,085 - DSN - INFO - Initialized DSN_thorough | preset=thorough | GPU=True
2026-01-14 19:28:59,085 - DSN - INFO - Params: η=0.003, T=500, init=degree, LS=True
2026-01-14 19:28:59,085 - DSN - INFO - Using GPU solver (CuPy)
2026-01-14 19:28:59,087 - DSN - INFO - DSN GPU Solver: n=1000, edges=9990
2026-01-14 19:28:59,087 - DSN - INFO - DSN GPU: T=500, η=0.003, LS=True
2026-01-14 19:28:59,138 - DSN - INFO - t=000: B=-10493.12, Cut=6459, Best=6459 [LS]
2026-01-14 19:28:59,663 - DSN - INFO - t=040: B=-9994.38, Cut=0, Best=6459
2026-01-14 19:29:00,227 - DSN - INFO - t=080: B=-9990.12, Cut=0, Best=6459
2026-01-14 19:29:00,788 - DSN - INFO - t=120: B=-9990.01, Cut=0, Best=6459
2026-01-14 19:29:01,353 - DSN - INFO - t=160: B=-9990.00, Cut=0, Best=6459
2026-01-14 19:29:01,917 - DSN - INFO - t=200: B=-9990.00, Cut=6422, Best=6459 [LS]
2026-01-14 19:29:02,446 - DSN - INFO - t=240: B=-9990.00, Cut=0, Best=6459
2026-01-14 19:29:03,014 - DSN - INFO - t=280: B=-9990.00, Cut=0, Best=6459
2026-01-14 19:29:03,566 - DSN - INFO - t=320: B=-9990.00, Cut=0, Best=6459
2026-01-14 19:29:04,124 - DSN - INFO - t=360: B=-9990.00, Cut=0, Best=6459
2026-01-14 19:29:04,665 - DSN - INFO - t=400: B=-9990.00, Cut=6422, Best=6459 [LS]
2026-01-14 19:29:05,169 - DSN - INFO - t=440: B=-9990.00, Cut=0, Best=6459
2026-01-14 19:29:05,707 - DSN - INFO - t=480: B=-9990.00, Cut=0, Best=6459
2026-01-14 19:29:05,985 - DSN - INFO - DSN GPU done in 6.90s | Cut=6459
2026-01-14 19:29:05,989 - DSN - INFO - Results saved to: results/Gset/DSN_thorough/G47.csv
2026-01-14 19:29:05,989 - DSN - INFO - Cut: 6459 | Bound: -9990.00 | Time: 6.90s
2026-01-14 19:29:05,989 - DSN - INFO - Initialized DSN_thorough | preset=thorough | GPU=True
2026-01-14 19:29:05,989 - DSN - INFO - Params: η=0.003, T=500, init=degree, LS=True
2026-01-14 19:29:05,989 - DSN - INFO - Using GPU solver (CuPy)
2026-01-14 19:29:05,991 - DSN - INFO - DSN GPU Solver: n=1000, edges=9990
2026-01-14 19:29:05,991 - DSN - INFO - DSN GPU: T=500, η=0.003, LS=True
2026-01-14 19:29:06,034 - DSN - INFO - t=000: B=-10493.12, Cut=6400, Best=6400 [LS]
2026-01-14 19:29:06,559 - DSN - INFO - t=040: B=-9994.38, Cut=0, Best=6400
2026-01-14 19:29:07,121 - DSN - INFO - t=080: B=-9990.12, Cut=0, Best=6422
2026-01-14 19:29:07,684 - DSN - INFO - t=120: B=-9990.01, Cut=0, Best=6422
2026-01-14 19:29:08,243 - DSN - INFO - t=160: B=-9990.00, Cut=0, Best=6422
2026-01-14 19:29:08,801 - DSN - INFO - t=200: B=-9990.00, Cut=6422, Best=6422 [LS]
2026-01-14 19:29:09,325 - DSN - INFO - t=240: B=-9990.00, Cut=0, Best=6422
2026-01-14 19:29:09,885 - DSN - INFO - t=280: B=-9990.00, Cut=0, Best=6422
2026-01-14 19:29:10,446 - DSN - INFO - t=320: B=-9990.00, Cut=0, Best=6422
2026-01-14 19:29:11,040 - DSN - INFO - t=360: B=-9990.00, Cut=0, Best=6422
2026-01-14 19:29:11,645 - DSN - INFO - t=400: B=-9990.00, Cut=6422, Best=6422 [LS]
2026-01-14 19:29:12,223 - DSN - INFO - t=440: B=-9990.00, Cut=0, Best=6422
2026-01-14 19:29:12,843 - DSN - INFO - t=480: B=-9990.00, Cut=0, Best=6422
2026-01-14 19:29:13,162 - DSN - INFO - DSN GPU done in 7.17s | Cut=6422
2026-01-14 19:29:13,165 - DSN - INFO - Results saved to: results/Gset/DSN_thorough/G47.csv
2026-01-14 19:29:13,165 - DSN - INFO - Cut: 6422 | Bound: -9990.00 | Time: 7.17s
2026-01-14 19:29:13,165 - DSN - INFO - Initialized DSN_thorough | preset=thorough | GPU=True
2026-01-14 19:29:13,165 - DSN - INFO - Params: η=0.003, T=500, init=degree, LS=True
2026-01-14 19:29:13,165 - DSN - INFO - Using GPU solver (CuPy)
2026-01-14 19:29:13,167 - DSN - INFO - DSN GPU Solver: n=1000, edges=9990
2026-01-14 19:29:13,167 - DSN - INFO - DSN GPU: T=500, η=0.003, LS=True
2026-01-14 19:29:13,211 - DSN - INFO - t=000: B=-10493.12, Cut=6459, Best=6459 [LS]
2026-01-14 19:29:13,738 - DSN - INFO - t=040: B=-9994.38, Cut=0, Best=6459
2026-01-14 19:29:14,301 - DSN - INFO - t=080: B=-9990.12, Cut=0, Best=6459
2026-01-14 19:29:14,867 - DSN - INFO - t=120: B=-9990.01, Cut=0, Best=6459
2026-01-14 19:29:15,429 - DSN - INFO - t=160: B=-9990.00, Cut=0, Best=6459
2026-01-14 19:29:15,998 - DSN - INFO - t=200: B=-9990.00, Cut=6422, Best=6459 [LS]
2026-01-14 19:29:16,526 - DSN - INFO - t=240: B=-9990.00, Cut=0, Best=6459
2026-01-14 19:29:17,083 - DSN - INFO - t=280: B=-9990.00, Cut=0, Best=6459
2026-01-14 19:29:17,637 - DSN - INFO - t=320: B=-9990.00, Cut=0, Best=6459
2026-01-14 19:29:18,181 - DSN - INFO - t=360: B=-9990.00, Cut=0, Best=6459
2026-01-14 19:29:18,736 - DSN - INFO - t=400: B=-9990.00, Cut=6422, Best=6459 [LS]
2026-01-14 19:29:19,318 - DSN - INFO - t=440: B=-9990.00, Cut=0, Best=6459
2026-01-14 19:29:19,938 - DSN - INFO - t=480: B=-9990.00, Cut=0, Best=6459
2026-01-14 19:29:20,256 - DSN - INFO - DSN GPU done in 7.09s | Cut=6459
2026-01-14 19:29:20,259 - DSN - INFO - Results saved to: results/Gset/DSN_thorough/G47.csv
2026-01-14 19:29:20,260 - DSN - INFO - Cut: 6459 | Bound: -9990.00 | Time: 7.09s
2026-01-14 19:29:20,269 - DSN - INFO - Initialized DSN_thorough | preset=thorough | GPU=True
2026-01-14 19:29:20,269 - DSN - INFO - Params: η=0.003, T=500, init=degree, LS=True
2026-01-14 19:29:20,269 - DSN - INFO - Using GPU solver (CuPy)
2026-01-14 19:29:20,270 - DSN - INFO - DSN GPU Solver: n=3000, edges=6000
2026-01-14 19:29:20,270 - DSN - INFO - DSN GPU: T=500, η=0.003, LS=True
2026-01-14 19:29:20,395 - DSN - INFO - t=000: B=-6000.00, Cut=6000, Best=6000 [LS]
2026-01-14 19:29:21,195 - DSN - INFO - t=040: B=-6000.00, Cut=0, Best=6000
2026-01-14 19:29:21,796 - DSN - INFO - t=080: B=-6000.00, Cut=0, Best=6000
2026-01-14 19:29:22,378 - DSN - INFO - t=120: B=-6000.00, Cut=0, Best=6000
2026-01-14 19:29:22,961 - DSN - INFO - t=160: B=-6000.00, Cut=0, Best=6000
2026-01-14 19:29:23,546 - DSN - INFO - t=200: B=-6000.00, Cut=6000, Best=6000 [LS]
2026-01-14 19:29:24,047 - DSN - INFO - t=240: B=-6000.00, Cut=0, Best=6000
2026-01-14 19:29:24,631 - DSN - INFO - t=280: B=-6000.00, Cut=0, Best=6000
2026-01-14 19:29:25,215 - DSN - INFO - t=320: B=-6000.00, Cut=0, Best=6000
2026-01-14 19:29:25,842 - DSN - INFO - t=360: B=-6000.00, Cut=0, Best=6000
2026-01-14 19:29:26,426 - DSN - INFO - t=400: B=-6000.00, Cut=6000, Best=6000 [LS]
2026-01-14 19:29:26,927 - DSN - INFO - t=440: B=-6000.00, Cut=0, Best=6000
2026-01-14 19:29:27,511 - DSN - INFO - t=480: B=-6000.00, Cut=0, Best=6000
2026-01-14 19:29:27,837 - DSN - INFO - DSN GPU done in 7.57s | Cut=6000
2026-01-14 19:29:27,839 - DSN - INFO - Results saved to: results/Gset/DSN_thorough/G48.csv
2026-01-14 19:29:27,839 - DSN - INFO - Cut: 6000 | Bound: -6000.00 | Time: 7.57s
2026-01-14 19:29:27,839 - DSN - INFO - Initialized DSN_thorough | preset=thorough | GPU=True
2026-01-14 19:29:27,839 - DSN - INFO - Params: η=0.003, T=500, init=degree, LS=True
2026-01-14 19:29:27,839 - DSN - INFO - Using GPU solver (CuPy)
2026-01-14 19:29:27,841 - DSN - INFO - DSN GPU Solver: n=3000, edges=6000
2026-01-14 19:29:27,841 - DSN - INFO - DSN GPU: T=500, η=0.003, LS=True
2026-01-14 19:29:27,965 - DSN - INFO - t=000: B=-6000.00, Cut=6000, Best=6000 [LS]
2026-01-14 19:29:28,660 - DSN - INFO - t=040: B=-6000.00, Cut=0, Best=6000
2026-01-14 19:29:29,273 - DSN - INFO - t=080: B=-6000.00, Cut=0, Best=6000
2026-01-14 19:29:29,883 - DSN - INFO - t=120: B=-6000.00, Cut=0, Best=6000
2026-01-14 19:29:30,492 - DSN - INFO - t=160: B=-6000.00, Cut=0, Best=6000
2026-01-14 19:29:31,134 - DSN - INFO - t=200: B=-6000.00, Cut=6000, Best=6000 [LS]
2026-01-14 19:29:31,691 - DSN - INFO - t=240: B=-6000.00, Cut=0, Best=6000
2026-01-14 19:29:32,308 - DSN - INFO - t=280: B=-6000.00, Cut=0, Best=6000
2026-01-14 19:29:32,940 - DSN - INFO - t=320: B=-6000.00, Cut=0, Best=6000
2026-01-14 19:29:33,558 - DSN - INFO - t=360: B=-6000.00, Cut=0, Best=6000
2026-01-14 19:29:34,199 - DSN - INFO - t=400: B=-6000.00, Cut=6000, Best=6000 [LS]
2026-01-14 19:29:34,710 - DSN - INFO - t=440: B=-6000.00, Cut=0, Best=6000
2026-01-14 19:29:35,327 - DSN - INFO - t=480: B=-6000.00, Cut=0, Best=6000
2026-01-14 19:29:35,681 - DSN - INFO - DSN GPU done in 7.84s | Cut=6000
2026-01-14 19:29:35,685 - DSN - INFO - Results saved to: results/Gset/DSN_thorough/G48.csv
2026-01-14 19:29:35,685 - DSN - INFO - Cut: 6000 | Bound: -6000.00 | Time: 7.84s
2026-01-14 19:29:35,685 - DSN - INFO - Initialized DSN_thorough | preset=thorough | GPU=True
2026-01-14 19:29:35,685 - DSN - INFO - Params: η=0.003, T=500, init=degree, LS=True
2026-01-14 19:29:35,685 - DSN - INFO - Using GPU solver (CuPy)
2026-01-14 19:29:35,686 - DSN - INFO - DSN GPU Solver: n=3000, edges=6000
2026-01-14 19:29:35,686 - DSN - INFO - DSN GPU: T=500, η=0.003, LS=True
2026-01-14 19:29:35,801 - DSN - INFO - t=000: B=-6000.00, Cut=6000, Best=6000 [LS]
2026-01-14 19:29:36,519 - DSN - INFO - t=040: B=-6000.00, Cut=0, Best=6000
2026-01-14 19:29:37,129 - DSN - INFO - t=080: B=-6000.00, Cut=0, Best=6000
2026-01-14 19:29:37,715 - DSN - INFO - t=120: B=-6000.00, Cut=0, Best=6000
2026-01-14 19:29:38,302 - DSN - INFO - t=160: B=-6000.00, Cut=0, Best=6000
2026-01-14 19:29:38,890 - DSN - INFO - t=200: B=-6000.00, Cut=6000, Best=6000 [LS]
2026-01-14 19:29:39,393 - DSN - INFO - t=240: B=-6000.00, Cut=0, Best=6000
2026-01-14 19:29:39,982 - DSN - INFO - t=280: B=-6000.00, Cut=0, Best=6000
2026-01-14 19:29:40,569 - DSN - INFO - t=320: B=-6000.00, Cut=0, Best=6000
2026-01-14 19:29:41,157 - DSN - INFO - t=360: B=-6000.00, Cut=0, Best=6000
2026-01-14 19:29:41,745 - DSN - INFO - t=400: B=-6000.00, Cut=6000, Best=6000 [LS]
2026-01-14 19:29:42,250 - DSN - INFO - t=440: B=-6000.00, Cut=0, Best=6000
2026-01-14 19:29:42,836 - DSN - INFO - t=480: B=-6000.00, Cut=0, Best=6000
2026-01-14 19:29:43,163 - DSN - INFO - DSN GPU done in 7.48s | Cut=6000
2026-01-14 19:29:43,166 - DSN - INFO - Results saved to: results/Gset/DSN_thorough/G48.csv
2026-01-14 19:29:43,166 - DSN - INFO - Cut: 6000 | Bound: -6000.00 | Time: 7.48s
2026-01-14 19:29:43,166 - DSN - INFO - Initialized DSN_thorough | preset=thorough | GPU=True
2026-01-14 19:29:43,166 - DSN - INFO - Params: η=0.003, T=500, init=degree, LS=True
2026-01-14 19:29:43,166 - DSN - INFO - Using GPU solver (CuPy)
2026-01-14 19:29:43,168 - DSN - INFO - DSN GPU Solver: n=3000, edges=6000
2026-01-14 19:29:43,168 - DSN - INFO - DSN GPU: T=500, η=0.003, LS=True
2026-01-14 19:29:43,291 - DSN - INFO - t=000: B=-6000.00, Cut=6000, Best=6000 [LS]
2026-01-14 19:29:44,046 - DSN - INFO - t=040: B=-6000.00, Cut=0, Best=6000
2026-01-14 19:29:44,653 - DSN - INFO - t=080: B=-6000.00, Cut=0, Best=6000
2026-01-14 19:29:45,238 - DSN - INFO - t=120: B=-6000.00, Cut=0, Best=6000
2026-01-14 19:29:45,821 - DSN - INFO - t=160: B=-6000.00, Cut=0, Best=6000
2026-01-14 19:29:46,406 - DSN - INFO - t=200: B=-6000.00, Cut=6000, Best=6000 [LS]
2026-01-14 19:29:46,907 - DSN - INFO - t=240: B=-6000.00, Cut=0, Best=6000
2026-01-14 19:29:47,491 - DSN - INFO - t=280: B=-6000.00, Cut=0, Best=6000
2026-01-14 19:29:48,076 - DSN - INFO - t=320: B=-6000.00, Cut=0, Best=6000
2026-01-14 19:29:48,660 - DSN - INFO - t=360: B=-6000.00, Cut=0, Best=6000
2026-01-14 19:29:49,244 - DSN - INFO - t=400: B=-6000.00, Cut=6000, Best=6000 [LS]
2026-01-14 19:29:49,744 - DSN - INFO - t=440: B=-6000.00, Cut=0, Best=6000
2026-01-14 19:29:50,328 - DSN - INFO - t=480: B=-6000.00, Cut=0, Best=6000
2026-01-14 19:29:50,652 - DSN - INFO - DSN GPU done in 7.48s | Cut=6000
2026-01-14 19:29:50,656 - DSN - INFO - Results saved to: results/Gset/DSN_thorough/G48.csv
2026-01-14 19:29:50,656 - DSN - INFO - Cut: 6000 | Bound: -6000.00 | Time: 7.49s
2026-01-14 19:29:50,656 - DSN - INFO - Initialized DSN_thorough | preset=thorough | GPU=True
2026-01-14 19:29:50,656 - DSN - INFO - Params: η=0.003, T=500, init=degree, LS=True
2026-01-14 19:29:50,656 - DSN - INFO - Using GPU solver (CuPy)
2026-01-14 19:29:50,657 - DSN - INFO - DSN GPU Solver: n=3000, edges=6000
2026-01-14 19:29:50,657 - DSN - INFO - DSN GPU: T=500, η=0.003, LS=True
2026-01-14 19:29:50,780 - DSN - INFO - t=000: B=-6000.00, Cut=6000, Best=6000 [LS]
2026-01-14 19:29:51,546 - DSN - INFO - t=040: B=-6000.00, Cut=0, Best=6000
2026-01-14 19:29:52,181 - DSN - INFO - t=080: B=-6000.00, Cut=0, Best=6000
2026-01-14 19:29:52,787 - DSN - INFO - t=120: B=-6000.00, Cut=0, Best=6000
2026-01-14 19:29:53,393 - DSN - INFO - t=160: B=-6000.00, Cut=0, Best=6000
2026-01-14 19:29:54,001 - DSN - INFO - t=200: B=-6000.00, Cut=6000, Best=6000 [LS]
2026-01-14 19:29:54,548 - DSN - INFO - t=240: B=-6000.00, Cut=0, Best=6000
2026-01-14 19:29:55,177 - DSN - INFO - t=280: B=-6000.00, Cut=0, Best=6000
2026-01-14 19:29:55,807 - DSN - INFO - t=320: B=-6000.00, Cut=0, Best=6000
2026-01-14 19:29:56,438 - DSN - INFO - t=360: B=-6000.00, Cut=0, Best=6000
2026-01-14 19:29:57,067 - DSN - INFO - t=400: B=-6000.00, Cut=6000, Best=6000 [LS]
2026-01-14 19:29:57,615 - DSN - INFO - t=440: B=-6000.00, Cut=0, Best=6000
2026-01-14 19:29:58,245 - DSN - INFO - t=480: B=-6000.00, Cut=0, Best=6000
2026-01-14 19:29:58,569 - DSN - INFO - DSN GPU done in 7.91s | Cut=6000
2026-01-14 19:29:58,573 - DSN - INFO - Results saved to: results/Gset/DSN_thorough/G48.csv
2026-01-14 19:29:58,573 - DSN - INFO - Cut: 6000 | Bound: -6000.00 | Time: 7.91s
2026-01-14 19:29:58,573 - DSN - INFO - Initialized DSN_thorough | preset=thorough | GPU=True
2026-01-14 19:29:58,573 - DSN - INFO - Params: η=0.003, T=500, init=degree, LS=True
2026-01-14 19:29:58,573 - DSN - INFO - Using GPU solver (CuPy)
2026-01-14 19:29:58,574 - DSN - INFO - DSN GPU Solver: n=3000, edges=6000
2026-01-14 19:29:58,574 - DSN - INFO - DSN GPU: T=500, η=0.003, LS=True
2026-01-14 19:29:58,697 - DSN - INFO - t=000: B=-6000.00, Cut=6000, Best=6000 [LS]
2026-01-14 19:29:59,386 - DSN - INFO - t=040: B=-6000.00, Cut=0, Best=6000
2026-01-14 19:29:59,996 - DSN - INFO - t=080: B=-6000.00, Cut=0, Best=6000
2026-01-14 19:30:00,605 - DSN - INFO - t=120: B=-6000.00, Cut=0, Best=6000
2026-01-14 19:30:01,218 - DSN - INFO - t=160: B=-6000.00, Cut=0, Best=6000
2026-01-14 19:30:01,829 - DSN - INFO - t=200: B=-6000.00, Cut=6000, Best=6000 [LS]
2026-01-14 19:30:02,356 - DSN - INFO - t=240: B=-6000.00, Cut=0, Best=6000
2026-01-14 19:30:02,988 - DSN - INFO - t=280: B=-6000.00, Cut=0, Best=6000
2026-01-14 19:30:03,600 - DSN - INFO - t=320: B=-6000.00, Cut=0, Best=6000
2026-01-14 19:30:04,212 - DSN - INFO - t=360: B=-6000.00, Cut=0, Best=6000
2026-01-14 19:30:04,822 - DSN - INFO - t=400: B=-6000.00, Cut=6000, Best=6000 [LS]
2026-01-14 19:30:05,372 - DSN - INFO - t=440: B=-6000.00, Cut=0, Best=6000
2026-01-14 19:30:05,959 - DSN - INFO - t=480: B=-6000.00, Cut=0, Best=6000
2026-01-14 19:30:06,287 - DSN - INFO - DSN GPU done in 7.71s | Cut=6000
2026-01-14 19:30:06,291 - DSN - INFO - Results saved to: results/Gset/DSN_thorough/G48.csv
2026-01-14 19:30:06,291 - DSN - INFO - Cut: 6000 | Bound: -6000.00 | Time: 7.71s
2026-01-14 19:30:06,291 - DSN - INFO - Initialized DSN_thorough | preset=thorough | GPU=True
2026-01-14 19:30:06,291 - DSN - INFO - Params: η=0.003, T=500, init=degree, LS=True
2026-01-14 19:30:06,291 - DSN - INFO - Using GPU solver (CuPy)
2026-01-14 19:30:06,292 - DSN - INFO - DSN GPU Solver: n=3000, edges=6000
2026-01-14 19:30:06,292 - DSN - INFO - DSN GPU: T=500, η=0.003, LS=True
2026-01-14 19:30:06,416 - DSN - INFO - t=000: B=-6000.00, Cut=6000, Best=6000 [LS]
2026-01-14 19:30:07,094 - DSN - INFO - t=040: B=-6000.00, Cut=0, Best=6000
2026-01-14 19:30:07,705 - DSN - INFO - t=080: B=-6000.00, Cut=0, Best=6000
2026-01-14 19:30:08,292 - DSN - INFO - t=120: B=-6000.00, Cut=0, Best=6000
2026-01-14 19:30:08,878 - DSN - INFO - t=160: B=-6000.00, Cut=0, Best=6000
2026-01-14 19:30:09,465 - DSN - INFO - t=200: B=-6000.00, Cut=6000, Best=6000 [LS]
2026-01-14 19:30:09,971 - DSN - INFO - t=240: B=-6000.00, Cut=0, Best=6000
2026-01-14 19:30:10,558 - DSN - INFO - t=280: B=-6000.00, Cut=0, Best=6000
2026-01-14 19:30:11,145 - DSN - INFO - t=320: B=-6000.00, Cut=0, Best=6000
2026-01-14 19:30:11,734 - DSN - INFO - t=360: B=-6000.00, Cut=0, Best=6000
2026-01-14 19:30:12,323 - DSN - INFO - t=400: B=-6000.00, Cut=6000, Best=6000 [LS]
2026-01-14 19:30:12,827 - DSN - INFO - t=440: B=-6000.00, Cut=0, Best=6000
2026-01-14 19:30:13,416 - DSN - INFO - t=480: B=-6000.00, Cut=0, Best=6000
2026-01-14 19:30:13,745 - DSN - INFO - DSN GPU done in 7.45s | Cut=6000
2026-01-14 19:30:13,748 - DSN - INFO - Results saved to: results/Gset/DSN_thorough/G48.csv
2026-01-14 19:30:13,748 - DSN - INFO - Cut: 6000 | Bound: -6000.00 | Time: 7.45s
2026-01-14 19:30:13,748 - DSN - INFO - Initialized DSN_thorough | preset=thorough | GPU=True
2026-01-14 19:30:13,748 - DSN - INFO - Params: η=0.003, T=500, init=degree, LS=True
2026-01-14 19:30:13,748 - DSN - INFO - Using GPU solver (CuPy)
2026-01-14 19:30:13,750 - DSN - INFO - DSN GPU Solver: n=3000, edges=6000
2026-01-14 19:30:13,750 - DSN - INFO - DSN GPU: T=500, η=0.003, LS=True
2026-01-14 19:30:13,874 - DSN - INFO - t=000: B=-6000.00, Cut=6000, Best=6000 [LS]
2026-01-14 19:30:14,682 - DSN - INFO - t=040: B=-6000.00, Cut=0, Best=6000
2026-01-14 19:30:15,290 - DSN - INFO - t=080: B=-6000.00, Cut=0, Best=6000
2026-01-14 19:30:15,919 - DSN - INFO - t=120: B=-6000.00, Cut=0, Best=6000
2026-01-14 19:30:16,524 - DSN - INFO - t=160: B=-6000.00, Cut=0, Best=6000
2026-01-14 19:30:17,107 - DSN - INFO - t=200: B=-6000.00, Cut=6000, Best=6000 [LS]
2026-01-14 19:30:17,607 - DSN - INFO - t=240: B=-6000.00, Cut=0, Best=6000
2026-01-14 19:30:18,192 - DSN - INFO - t=280: B=-6000.00, Cut=0, Best=6000
2026-01-14 19:30:18,776 - DSN - INFO - t=320: B=-6000.00, Cut=0, Best=6000
2026-01-14 19:30:19,359 - DSN - INFO - t=360: B=-6000.00, Cut=0, Best=6000
2026-01-14 19:30:19,943 - DSN - INFO - t=400: B=-6000.00, Cut=6000, Best=6000 [LS]
2026-01-14 19:30:20,444 - DSN - INFO - t=440: B=-6000.00, Cut=0, Best=6000
2026-01-14 19:30:21,027 - DSN - INFO - t=480: B=-6000.00, Cut=0, Best=6000
2026-01-14 19:30:21,351 - DSN - INFO - DSN GPU done in 7.60s | Cut=6000
2026-01-14 19:30:21,355 - DSN - INFO - Results saved to: results/Gset/DSN_thorough/G48.csv
2026-01-14 19:30:21,355 - DSN - INFO - Cut: 6000 | Bound: -6000.00 | Time: 7.60s
2026-01-14 19:30:21,355 - DSN - INFO - Initialized DSN_thorough | preset=thorough | GPU=True
2026-01-14 19:30:21,355 - DSN - INFO - Params: η=0.003, T=500, init=degree, LS=True
2026-01-14 19:30:21,355 - DSN - INFO - Using GPU solver (CuPy)
2026-01-14 19:30:21,356 - DSN - INFO - DSN GPU Solver: n=3000, edges=6000
2026-01-14 19:30:21,356 - DSN - INFO - DSN GPU: T=500, η=0.003, LS=True
2026-01-14 19:30:21,481 - DSN - INFO - t=000: B=-6000.00, Cut=6000, Best=6000 [LS]
2026-01-14 19:30:22,209 - DSN - INFO - t=040: B=-6000.00, Cut=0, Best=6000
2026-01-14 19:30:22,818 - DSN - INFO - t=080: B=-6000.00, Cut=0, Best=6000
2026-01-14 19:30:23,404 - DSN - INFO - t=120: B=-6000.00, Cut=0, Best=6000
2026-01-14 19:30:23,991 - DSN - INFO - t=160: B=-6000.00, Cut=0, Best=6000
2026-01-14 19:30:24,580 - DSN - INFO - t=200: B=-6000.00, Cut=6000, Best=6000 [LS]
2026-01-14 19:30:25,107 - DSN - INFO - t=240: B=-6000.00, Cut=0, Best=6000
2026-01-14 19:30:25,743 - DSN - INFO - t=280: B=-6000.00, Cut=0, Best=6000
2026-01-14 19:30:26,385 - DSN - INFO - t=320: B=-6000.00, Cut=0, Best=6000
2026-01-14 19:30:27,026 - DSN - INFO - t=360: B=-6000.00, Cut=0, Best=6000
2026-01-14 19:30:27,644 - DSN - INFO - t=400: B=-6000.00, Cut=6000, Best=6000 [LS]
2026-01-14 19:30:28,200 - DSN - INFO - t=440: B=-6000.00, Cut=0, Best=6000
2026-01-14 19:30:28,839 - DSN - INFO - t=480: B=-6000.00, Cut=0, Best=6000
2026-01-14 19:30:29,193 - DSN - INFO - DSN GPU done in 7.84s | Cut=6000
2026-01-14 19:30:29,196 - DSN - INFO - Results saved to: results/Gset/DSN_thorough/G48.csv
2026-01-14 19:30:29,196 - DSN - INFO - Cut: 6000 | Bound: -6000.00 | Time: 7.84s
2026-01-14 19:30:29,197 - DSN - INFO - Initialized DSN_thorough | preset=thorough | GPU=True
2026-01-14 19:30:29,197 - DSN - INFO - Params: η=0.003, T=500, init=degree, LS=True
2026-01-14 19:30:29,197 - DSN - INFO - Using GPU solver (CuPy)
2026-01-14 19:30:29,198 - DSN - INFO - DSN GPU Solver: n=3000, edges=6000
2026-01-14 19:30:29,198 - DSN - INFO - DSN GPU: T=500, η=0.003, LS=True
2026-01-14 19:30:29,322 - DSN - INFO - t=000: B=-6000.00, Cut=6000, Best=6000 [LS]
2026-01-14 19:30:30,054 - DSN - INFO - t=040: B=-6000.00, Cut=0, Best=6000
2026-01-14 19:30:30,664 - DSN - INFO - t=080: B=-6000.00, Cut=0, Best=6000
2026-01-14 19:30:31,294 - DSN - INFO - t=120: B=-6000.00, Cut=0, Best=6000
2026-01-14 19:30:31,909 - DSN - INFO - t=160: B=-6000.00, Cut=0, Best=6000
2026-01-14 19:30:32,547 - DSN - INFO - t=200: B=-6000.00, Cut=6000, Best=6000 [LS]
2026-01-14 19:30:33,101 - DSN - INFO - t=240: B=-6000.00, Cut=0, Best=6000
2026-01-14 19:30:33,739 - DSN - INFO - t=280: B=-6000.00, Cut=0, Best=6000
2026-01-14 19:30:34,376 - DSN - INFO - t=320: B=-6000.00, Cut=0, Best=6000
2026-01-14 19:30:35,014 - DSN - INFO - t=360: B=-6000.00, Cut=0, Best=6000
2026-01-14 19:30:35,654 - DSN - INFO - t=400: B=-6000.00, Cut=6000, Best=6000 [LS]
2026-01-14 19:30:36,208 - DSN - INFO - t=440: B=-6000.00, Cut=0, Best=6000
2026-01-14 19:30:36,815 - DSN - INFO - t=480: B=-6000.00, Cut=0, Best=6000
2026-01-14 19:30:37,166 - DSN - INFO - DSN GPU done in 7.97s | Cut=6000
2026-01-14 19:30:37,170 - DSN - INFO - Results saved to: results/Gset/DSN_thorough/G48.csv
2026-01-14 19:30:37,170 - DSN - INFO - Cut: 6000 | Bound: -6000.00 | Time: 7.97s
2026-01-14 19:30:37,179 - DSN - INFO - Initialized DSN_thorough | preset=thorough | GPU=True
2026-01-14 19:30:37,179 - DSN - INFO - Params: η=0.003, T=500, init=degree, LS=True
2026-01-14 19:30:37,179 - DSN - INFO - Using GPU solver (CuPy)
2026-01-14 19:30:37,180 - DSN - INFO - DSN GPU Solver: n=3000, edges=6000
2026-01-14 19:30:37,180 - DSN - INFO - DSN GPU: T=500, η=0.003, LS=True
2026-01-14 19:30:37,311 - DSN - INFO - t=000: B=-6000.00, Cut=6000, Best=6000 [LS]
2026-01-14 19:30:38,931 - DSN - INFO - t=040: B=-6012.20, Cut=60, Best=6000
2026-01-14 19:30:39,887 - DSN - INFO - t=080: B=-6000.00, Cut=0, Best=6000
2026-01-14 19:30:40,536 - DSN - INFO - t=120: B=-6000.00, Cut=0, Best=6000
2026-01-14 19:30:41,206 - DSN - INFO - t=160: B=-6000.00, Cut=0, Best=6000
2026-01-14 19:30:41,869 - DSN - INFO - t=200: B=-6000.00, Cut=6000, Best=6000 [LS]
2026-01-14 19:30:42,409 - DSN - INFO - t=240: B=-6000.00, Cut=0, Best=6000
2026-01-14 19:30:43,054 - DSN - INFO - t=280: B=-6000.00, Cut=0, Best=6000
2026-01-14 19:30:43,723 - DSN - INFO - t=320: B=-6000.00, Cut=0, Best=6000
2026-01-14 19:30:44,376 - DSN - INFO - t=360: B=-6000.00, Cut=0, Best=6000
2026-01-14 19:30:45,028 - DSN - INFO - t=400: B=-6000.00, Cut=6000, Best=6000 [LS]
2026-01-14 19:30:45,608 - DSN - INFO - t=440: B=-6000.00, Cut=0, Best=6000
2026-01-14 19:30:46,263 - DSN - INFO - t=480: B=-6000.00, Cut=0, Best=6000
2026-01-14 19:30:46,629 - DSN - INFO - DSN GPU done in 9.45s | Cut=6000
2026-01-14 19:30:46,631 - DSN - INFO - Results saved to: results/Gset/DSN_thorough/G49.csv
2026-01-14 19:30:46,631 - DSN - INFO - Cut: 6000 | Bound: -6000.00 | Time: 9.45s
2026-01-14 19:30:46,631 - DSN - INFO - Initialized DSN_thorough | preset=thorough | GPU=True
2026-01-14 19:30:46,631 - DSN - INFO - Params: η=0.003, T=500, init=degree, LS=True
2026-01-14 19:30:46,631 - DSN - INFO - Using GPU solver (CuPy)
2026-01-14 19:30:46,632 - DSN - INFO - DSN GPU Solver: n=3000, edges=6000
2026-01-14 19:30:46,632 - DSN - INFO - DSN GPU: T=500, η=0.003, LS=True
2026-01-14 19:30:46,773 - DSN - INFO - t=000: B=-6000.00, Cut=6000, Best=6000 [LS]
2026-01-14 19:30:48,357 - DSN - INFO - t=040: B=-6013.62, Cut=60, Best=6000
2026-01-14 19:30:49,236 - DSN - INFO - t=080: B=-6000.00, Cut=0, Best=6000
2026-01-14 19:30:49,824 - DSN - INFO - t=120: B=-6000.00, Cut=0, Best=6000
2026-01-14 19:30:50,413 - DSN - INFO - t=160: B=-6000.00, Cut=0, Best=6000
2026-01-14 19:30:51,004 - DSN - INFO - t=200: B=-6000.00, Cut=6000, Best=6000 [LS]
2026-01-14 19:30:51,511 - DSN - INFO - t=240: B=-6000.00, Cut=0, Best=6000
2026-01-14 19:30:52,102 - DSN - INFO - t=280: B=-6000.00, Cut=0, Best=6000
2026-01-14 19:30:52,690 - DSN - INFO - t=320: B=-6000.00, Cut=0, Best=6000
2026-01-14 19:30:53,279 - DSN - INFO - t=360: B=-6000.00, Cut=0, Best=6000
2026-01-14 19:30:53,869 - DSN - INFO - t=400: B=-6000.00, Cut=6000, Best=6000 [LS]
2026-01-14 19:30:54,377 - DSN - INFO - t=440: B=-6000.00, Cut=0, Best=6000
2026-01-14 19:30:54,966 - DSN - INFO - t=480: B=-6000.00, Cut=0, Best=6000
2026-01-14 19:30:55,292 - DSN - INFO - DSN GPU done in 8.66s | Cut=6000
2026-01-14 19:30:55,295 - DSN - INFO - Results saved to: results/Gset/DSN_thorough/G49.csv
2026-01-14 19:30:55,295 - DSN - INFO - Cut: 6000 | Bound: -6000.00 | Time: 8.66s
2026-01-14 19:30:55,295 - DSN - INFO - Initialized DSN_thorough | preset=thorough | GPU=True
2026-01-14 19:30:55,295 - DSN - INFO - Params: η=0.003, T=500, init=degree, LS=True
2026-01-14 19:30:55,295 - DSN - INFO - Using GPU solver (CuPy)
2026-01-14 19:30:55,297 - DSN - INFO - DSN GPU Solver: n=3000, edges=6000
2026-01-14 19:30:55,297 - DSN - INFO - DSN GPU: T=500, η=0.003, LS=True
2026-01-14 19:30:55,418 - DSN - INFO - t=000: B=-6000.00, Cut=6000, Best=6000 [LS]
2026-01-14 19:30:57,014 - DSN - INFO - t=040: B=-6016.04, Cut=60, Best=6000
2026-01-14 19:30:58,099 - DSN - INFO - t=080: B=-6000.00, Cut=0, Best=6000
2026-01-14 19:30:58,684 - DSN - INFO - t=120: B=-6000.00, Cut=0, Best=6000
2026-01-14 19:30:59,270 - DSN - INFO - t=160: B=-6000.00, Cut=0, Best=6000
2026-01-14 19:30:59,861 - DSN - INFO - t=200: B=-6000.00, Cut=6000, Best=6000 [LS]
2026-01-14 19:31:00,369 - DSN - INFO - t=240: B=-6000.00, Cut=0, Best=6000
2026-01-14 19:31:00,958 - DSN - INFO - t=280: B=-6000.00, Cut=0, Best=6000
2026-01-14 19:31:01,546 - DSN - INFO - t=320: B=-6000.00, Cut=0, Best=6000
2026-01-14 19:31:02,136 - DSN - INFO - t=360: B=-6000.00, Cut=0, Best=6000
2026-01-14 19:31:02,724 - DSN - INFO - t=400: B=-6000.00, Cut=6000, Best=6000 [LS]
2026-01-14 19:31:03,232 - DSN - INFO - t=440: B=-6000.00, Cut=0, Best=6000
2026-01-14 19:31:03,819 - DSN - INFO - t=480: B=-6000.00, Cut=0, Best=6000
2026-01-14 19:31:04,147 - DSN - INFO - DSN GPU done in 8.85s | Cut=6000
2026-01-14 19:31:04,150 - DSN - INFO - Results saved to: results/Gset/DSN_thorough/G49.csv
2026-01-14 19:31:04,150 - DSN - INFO - Cut: 6000 | Bound: -6000.00 | Time: 8.85s
2026-01-14 19:31:04,150 - DSN - INFO - Initialized DSN_thorough | preset=thorough | GPU=True
2026-01-14 19:31:04,150 - DSN - INFO - Params: η=0.003, T=500, init=degree, LS=True
2026-01-14 19:31:04,150 - DSN - INFO - Using GPU solver (CuPy)
2026-01-14 19:31:04,152 - DSN - INFO - DSN GPU Solver: n=3000, edges=6000
2026-01-14 19:31:04,152 - DSN - INFO - DSN GPU: T=500, η=0.003, LS=True
2026-01-14 19:31:04,289 - DSN - INFO - t=000: B=-6000.00, Cut=6000, Best=6000 [LS]
2026-01-14 19:31:05,947 - DSN - INFO - t=040: B=-6014.47, Cut=60, Best=6000
2026-01-14 19:31:06,874 - DSN - INFO - t=080: B=-6000.00, Cut=0, Best=6000
2026-01-14 19:31:07,462 - DSN - INFO - t=120: B=-6000.00, Cut=0, Best=6000
2026-01-14 19:31:08,051 - DSN - INFO - t=160: B=-6000.00, Cut=0, Best=6000
2026-01-14 19:31:08,642 - DSN - INFO - t=200: B=-6000.00, Cut=6000, Best=6000 [LS]
2026-01-14 19:31:09,150 - DSN - INFO - t=240: B=-6000.00, Cut=0, Best=6000
2026-01-14 19:31:09,738 - DSN - INFO - t=280: B=-6000.00, Cut=0, Best=6000
2026-01-14 19:31:10,330 - DSN - INFO - t=320: B=-6000.00, Cut=0, Best=6000
2026-01-14 19:31:10,917 - DSN - INFO - t=360: B=-6000.00, Cut=0, Best=6000
2026-01-14 19:31:11,508 - DSN - INFO - t=400: B=-6000.00, Cut=6000, Best=6000 [LS]
2026-01-14 19:31:12,016 - DSN - INFO - t=440: B=-6000.00, Cut=0, Best=6000
2026-01-14 19:31:12,605 - DSN - INFO - t=480: B=-6000.00, Cut=0, Best=6000
2026-01-14 19:31:12,931 - DSN - INFO - DSN GPU done in 8.78s | Cut=6000
2026-01-14 19:31:12,934 - DSN - INFO - Results saved to: results/Gset/DSN_thorough/G49.csv
2026-01-14 19:31:12,934 - DSN - INFO - Cut: 6000 | Bound: -6000.00 | Time: 8.78s
2026-01-14 19:31:12,934 - DSN - INFO - Initialized DSN_thorough | preset=thorough | GPU=True
2026-01-14 19:31:12,934 - DSN - INFO - Params: η=0.003, T=500, init=degree, LS=True
2026-01-14 19:31:12,934 - DSN - INFO - Using GPU solver (CuPy)
2026-01-14 19:31:12,936 - DSN - INFO - DSN GPU Solver: n=3000, edges=6000
2026-01-14 19:31:12,936 - DSN - INFO - DSN GPU: T=500, η=0.003, LS=True
2026-01-14 19:31:13,067 - DSN - INFO - t=000: B=-6000.00, Cut=6000, Best=6000 [LS]
2026-01-14 19:31:14,684 - DSN - INFO - t=040: B=-6013.91, Cut=60, Best=6000
2026-01-14 19:31:15,633 - DSN - INFO - t=080: B=-6000.00, Cut=0, Best=6000
2026-01-14 19:31:16,222 - DSN - INFO - t=120: B=-6000.00, Cut=0, Best=6000
2026-01-14 19:31:16,809 - DSN - INFO - t=160: B=-6000.00, Cut=0, Best=6000
2026-01-14 19:31:17,397 - DSN - INFO - t=200: B=-6000.00, Cut=6000, Best=6000 [LS]
2026-01-14 19:31:17,904 - DSN - INFO - t=240: B=-6000.00, Cut=0, Best=6000
2026-01-14 19:31:18,493 - DSN - INFO - t=280: B=-6000.00, Cut=0, Best=6000
2026-01-14 19:31:19,082 - DSN - INFO - t=320: B=-6000.00, Cut=0, Best=6000
2026-01-14 19:31:19,669 - DSN - INFO - t=360: B=-6000.00, Cut=0, Best=6000
2026-01-14 19:31:20,260 - DSN - INFO - t=400: B=-6000.00, Cut=6000, Best=6000 [LS]
2026-01-14 19:31:20,767 - DSN - INFO - t=440: B=-6000.00, Cut=0, Best=6000
2026-01-14 19:31:21,355 - DSN - INFO - t=480: B=-6000.00, Cut=0, Best=6000
2026-01-14 19:31:21,680 - DSN - INFO - DSN GPU done in 8.74s | Cut=6000
2026-01-14 19:31:21,684 - DSN - INFO - Results saved to: results/Gset/DSN_thorough/G49.csv
2026-01-14 19:31:21,684 - DSN - INFO - Cut: 6000 | Bound: -6000.00 | Time: 8.75s
2026-01-14 19:31:21,684 - DSN - INFO - Initialized DSN_thorough | preset=thorough | GPU=True
2026-01-14 19:31:21,684 - DSN - INFO - Params: η=0.003, T=500, init=degree, LS=True
2026-01-14 19:31:21,684 - DSN - INFO - Using GPU solver (CuPy)
2026-01-14 19:31:21,686 - DSN - INFO - DSN GPU Solver: n=3000, edges=6000
2026-01-14 19:31:21,686 - DSN - INFO - DSN GPU: T=500, η=0.003, LS=True
2026-01-14 19:31:21,816 - DSN - INFO - t=000: B=-6000.00, Cut=6000, Best=6000 [LS]
2026-01-14 19:31:23,372 - DSN - INFO - t=040: B=-6015.56, Cut=60, Best=6000
2026-01-14 19:31:24,304 - DSN - INFO - t=080: B=-6000.00, Cut=0, Best=6000
2026-01-14 19:31:24,890 - DSN - INFO - t=120: B=-6000.00, Cut=0, Best=6000
2026-01-14 19:31:25,478 - DSN - INFO - t=160: B=-6000.00, Cut=0, Best=6000
2026-01-14 19:31:26,067 - DSN - INFO - t=200: B=-6000.00, Cut=6000, Best=6000 [LS]
2026-01-14 19:31:26,577 - DSN - INFO - t=240: B=-6000.00, Cut=0, Best=6000
2026-01-14 19:31:27,166 - DSN - INFO - t=280: B=-6000.00, Cut=0, Best=6000
2026-01-14 19:31:27,755 - DSN - INFO - t=320: B=-6000.00, Cut=0, Best=6000
2026-01-14 19:31:28,346 - DSN - INFO - t=360: B=-6000.00, Cut=0, Best=6000
2026-01-14 19:31:28,934 - DSN - INFO - t=400: B=-6000.00, Cut=6000, Best=6000 [LS]
2026-01-14 19:31:29,442 - DSN - INFO - t=440: B=-6000.00, Cut=0, Best=6000
2026-01-14 19:31:30,030 - DSN - INFO - t=480: B=-6000.00, Cut=0, Best=6000
2026-01-14 19:31:30,358 - DSN - INFO - DSN GPU done in 8.67s | Cut=6000
2026-01-14 19:31:30,362 - DSN - INFO - Results saved to: results/Gset/DSN_thorough/G49.csv
2026-01-14 19:31:30,362 - DSN - INFO - Cut: 6000 | Bound: -6000.00 | Time: 8.67s
2026-01-14 19:31:30,362 - DSN - INFO - Initialized DSN_thorough | preset=thorough | GPU=True
2026-01-14 19:31:30,362 - DSN - INFO - Params: η=0.003, T=500, init=degree, LS=True
2026-01-14 19:31:30,362 - DSN - INFO - Using GPU solver (CuPy)
2026-01-14 19:31:30,363 - DSN - INFO - DSN GPU Solver: n=3000, edges=6000
2026-01-14 19:31:30,363 - DSN - INFO - DSN GPU: T=500, η=0.003, LS=True
2026-01-14 19:31:30,503 - DSN - INFO - t=000: B=-6000.00, Cut=6000, Best=6000 [LS]
2026-01-14 19:31:32,131 - DSN - INFO - t=040: B=-6007.00, Cut=60, Best=6000
2026-01-14 19:31:33,054 - DSN - INFO - t=080: B=-6000.00, Cut=0, Best=6000
2026-01-14 19:31:33,719 - DSN - INFO - t=120: B=-6000.00, Cut=0, Best=6000
2026-01-14 19:31:34,350 - DSN - INFO - t=160: B=-6000.00, Cut=0, Best=6000
2026-01-14 19:31:34,969 - DSN - INFO - t=200: B=-6000.00, Cut=6000, Best=6000 [LS]
2026-01-14 19:31:35,533 - DSN - INFO - t=240: B=-6000.00, Cut=0, Best=6000
2026-01-14 19:31:36,175 - DSN - INFO - t=280: B=-6000.00, Cut=0, Best=6000
2026-01-14 19:31:36,818 - DSN - INFO - t=320: B=-6000.00, Cut=0, Best=6000
2026-01-14 19:31:37,463 - DSN - INFO - t=360: B=-6000.00, Cut=0, Best=6000
2026-01-14 19:31:38,106 - DSN - INFO - t=400: B=-6000.00, Cut=6000, Best=6000 [LS]
2026-01-14 19:31:38,668 - DSN - INFO - t=440: B=-6000.00, Cut=0, Best=6000
2026-01-14 19:31:39,311 - DSN - INFO - t=480: B=-6000.00, Cut=0, Best=6000
2026-01-14 19:31:39,669 - DSN - INFO - DSN GPU done in 9.31s | Cut=6000
2026-01-14 19:31:39,673 - DSN - INFO - Results saved to: results/Gset/DSN_thorough/G49.csv
2026-01-14 19:31:39,673 - DSN - INFO - Cut: 6000 | Bound: -6000.00 | Time: 9.31s
2026-01-14 19:31:39,673 - DSN - INFO - Initialized DSN_thorough | preset=thorough | GPU=True
2026-01-14 19:31:39,673 - DSN - INFO - Params: η=0.003, T=500, init=degree, LS=True
2026-01-14 19:31:39,673 - DSN - INFO - Using GPU solver (CuPy)
2026-01-14 19:31:39,674 - DSN - INFO - DSN GPU Solver: n=3000, edges=6000
2026-01-14 19:31:39,674 - DSN - INFO - DSN GPU: T=500, η=0.003, LS=True
2026-01-14 19:31:39,804 - DSN - INFO - t=000: B=-6000.00, Cut=6000, Best=6000 [LS]
2026-01-14 19:31:41,389 - DSN - INFO - t=040: B=-6017.92, Cut=60, Best=6000
2026-01-14 19:31:42,411 - DSN - INFO - t=080: B=-6000.00, Cut=0, Best=6000
2026-01-14 19:31:43,073 - DSN - INFO - t=120: B=-6000.00, Cut=0, Best=6000
2026-01-14 19:31:43,716 - DSN - INFO - t=160: B=-6000.00, Cut=0, Best=6000
2026-01-14 19:31:44,338 - DSN - INFO - t=200: B=-6000.00, Cut=6000, Best=6000 [LS]
2026-01-14 19:31:44,919 - DSN - INFO - t=240: B=-6000.00, Cut=0, Best=6000
2026-01-14 19:31:45,554 - DSN - INFO - t=280: B=-6000.00, Cut=0, Best=6000
2026-01-14 19:31:46,207 - DSN - INFO - t=320: B=-6000.00, Cut=0, Best=6000
2026-01-14 19:31:46,870 - DSN - INFO - t=360: B=-6000.00, Cut=0, Best=6000
2026-01-14 19:31:47,508 - DSN - INFO - t=400: B=-6000.00, Cut=6000, Best=6000 [LS]
2026-01-14 19:31:48,054 - DSN - INFO - t=440: B=-6000.00, Cut=0, Best=6000
2026-01-14 19:31:48,691 - DSN - INFO - t=480: B=-6000.00, Cut=0, Best=6000
2026-01-14 19:31:49,036 - DSN - INFO - DSN GPU done in 9.36s | Cut=6000
2026-01-14 19:31:49,040 - DSN - INFO - Results saved to: results/Gset/DSN_thorough/G49.csv
2026-01-14 19:31:49,040 - DSN - INFO - Cut: 6000 | Bound: -6000.00 | Time: 9.36s
2026-01-14 19:31:49,040 - DSN - INFO - Initialized DSN_thorough | preset=thorough | GPU=True
2026-01-14 19:31:49,040 - DSN - INFO - Params: η=0.003, T=500, init=degree, LS=True
2026-01-14 19:31:49,040 - DSN - INFO - Using GPU solver (CuPy)
2026-01-14 19:31:49,041 - DSN - INFO - DSN GPU Solver: n=3000, edges=6000
2026-01-14 19:31:49,041 - DSN - INFO - DSN GPU: T=500, η=0.003, LS=True
2026-01-14 19:31:49,171 - DSN - INFO - t=000: B=-6000.00, Cut=6000, Best=6000 [LS]
2026-01-14 19:31:50,827 - DSN - INFO - t=040: B=-6009.74, Cut=60, Best=6000
2026-01-14 19:31:51,759 - DSN - INFO - t=080: B=-6000.00, Cut=0, Best=6000
2026-01-14 19:31:52,421 - DSN - INFO - t=120: B=-6000.00, Cut=0, Best=6000
2026-01-14 19:31:53,087 - DSN - INFO - t=160: B=-6000.00, Cut=0, Best=6000
2026-01-14 19:31:53,698 - DSN - INFO - t=200: B=-6000.00, Cut=6000, Best=6000 [LS]
2026-01-14 19:31:54,258 - DSN - INFO - t=240: B=-6000.00, Cut=0, Best=6000
2026-01-14 19:31:54,902 - DSN - INFO - t=280: B=-6000.00, Cut=0, Best=6000
2026-01-14 19:31:55,553 - DSN - INFO - t=320: B=-6000.00, Cut=0, Best=6000
2026-01-14 19:31:56,202 - DSN - INFO - t=360: B=-6000.00, Cut=0, Best=6000
2026-01-14 19:31:56,853 - DSN - INFO - t=400: B=-6000.00, Cut=6000, Best=6000 [LS]
2026-01-14 19:31:57,420 - DSN - INFO - t=440: B=-6000.00, Cut=0, Best=6000
2026-01-14 19:31:58,039 - DSN - INFO - t=480: B=-6000.00, Cut=0, Best=6000
2026-01-14 19:31:58,394 - DSN - INFO - DSN GPU done in 9.35s | Cut=6000
2026-01-14 19:31:58,398 - DSN - INFO - Results saved to: results/Gset/DSN_thorough/G49.csv
2026-01-14 19:31:58,398 - DSN - INFO - Cut: 6000 | Bound: -6000.00 | Time: 9.35s
2026-01-14 19:31:58,398 - DSN - INFO - Initialized DSN_thorough | preset=thorough | GPU=True
2026-01-14 19:31:58,398 - DSN - INFO - Params: η=0.003, T=500, init=degree, LS=True
2026-01-14 19:31:58,398 - DSN - INFO - Using GPU solver (CuPy)
2026-01-14 19:31:58,400 - DSN - INFO - DSN GPU Solver: n=3000, edges=6000
2026-01-14 19:31:58,400 - DSN - INFO - DSN GPU: T=500, η=0.003, LS=True
2026-01-14 19:31:58,541 - DSN - INFO - t=000: B=-6000.00, Cut=6000, Best=6000 [LS]
2026-01-14 19:32:00,051 - DSN - INFO - t=040: B=-6006.35, Cut=60, Best=6000
2026-01-14 19:32:00,969 - DSN - INFO - t=080: B=-6000.00, Cut=0, Best=6000
2026-01-14 19:32:01,557 - DSN - INFO - t=120: B=-6000.00, Cut=0, Best=6000
2026-01-14 19:32:02,145 - DSN - INFO - t=160: B=-6000.00, Cut=0, Best=6000
2026-01-14 19:32:02,734 - DSN - INFO - t=200: B=-6000.00, Cut=6000, Best=6000 [LS]
2026-01-14 19:32:03,243 - DSN - INFO - t=240: B=-6000.00, Cut=0, Best=6000
2026-01-14 19:32:03,832 - DSN - INFO - t=280: B=-6000.00, Cut=0, Best=6000
2026-01-14 19:32:04,421 - DSN - INFO - t=320: B=-6000.00, Cut=0, Best=6000
2026-01-14 19:32:05,012 - DSN - INFO - t=360: B=-6000.00, Cut=0, Best=6000
2026-01-14 19:32:05,603 - DSN - INFO - t=400: B=-6000.00, Cut=6000, Best=6000 [LS]
2026-01-14 19:32:06,151 - DSN - INFO - t=440: B=-6000.00, Cut=0, Best=6000
2026-01-14 19:32:06,783 - DSN - INFO - t=480: B=-6000.00, Cut=0, Best=6000
2026-01-14 19:32:07,149 - DSN - INFO - DSN GPU done in 8.75s | Cut=6000
2026-01-14 19:32:07,153 - DSN - INFO - Results saved to: results/Gset/DSN_thorough/G49.csv
2026-01-14 19:32:07,153 - DSN - INFO - Cut: 6000 | Bound: -6000.00 | Time: 8.75s
2026-01-14 19:32:07,183 - DSN - INFO - Initialized DSN_thorough | preset=thorough | GPU=True
2026-01-14 19:32:07,183 - DSN - INFO - Params: η=0.003, T=500, init=degree, LS=True
2026-01-14 19:32:07,183 - DSN - INFO - Using GPU solver (CuPy)
2026-01-14 19:32:07,185 - DSN - INFO - DSN GPU Solver: n=800, edges=19176
2026-01-14 19:32:07,185 - DSN - INFO - DSN GPU: T=500, η=0.003, LS=True
2026-01-14 19:32:07,239 - DSN - INFO - t=000: B=-19547.30, Cut=11418, Best=11418 [LS]
2026-01-14 19:32:07,765 - DSN - INFO - t=040: B=-19176.01, Cut=0, Best=11418
2026-01-14 19:32:08,328 - DSN - INFO - t=080: B=-19176.00, Cut=0, Best=11418
2026-01-14 19:32:08,886 - DSN - INFO - t=120: B=-19176.00, Cut=0, Best=11418
2026-01-14 19:32:09,445 - DSN - INFO - t=160: B=-19176.00, Cut=0, Best=11418
2026-01-14 19:32:09,995 - DSN - INFO - t=200: B=-19176.00, Cut=11418, Best=11418 [LS]
2026-01-14 19:32:10,508 - DSN - INFO - t=240: B=-19176.00, Cut=0, Best=11418
2026-01-14 19:32:11,061 - DSN - INFO - t=280: B=-19176.00, Cut=0, Best=11418
2026-01-14 19:32:11,608 - DSN - INFO - t=320: B=-19176.00, Cut=0, Best=11418
2026-01-14 19:32:12,156 - DSN - INFO - t=360: B=-19176.00, Cut=0, Best=11418
2026-01-14 19:32:12,706 - DSN - INFO - t=400: B=-19176.00, Cut=11418, Best=11418 [LS]
2026-01-14 19:32:13,221 - DSN - INFO - t=440: B=-19176.00, Cut=0, Best=11418
2026-01-14 19:32:13,768 - DSN - INFO - t=480: B=-19176.00, Cut=0, Best=11418
2026-01-14 19:32:14,051 - DSN - INFO - DSN GPU done in 6.87s | Cut=11418
2026-01-14 19:32:14,053 - DSN - INFO - Results saved to: results/Gset/DSN_thorough/G5.csv
2026-01-14 19:32:14,053 - DSN - INFO - Cut: 11418 | Bound: -19176.00 | Time: 6.87s
2026-01-14 19:32:14,053 - DSN - INFO - Initialized DSN_thorough | preset=thorough | GPU=True
2026-01-14 19:32:14,053 - DSN - INFO - Params: η=0.003, T=500, init=degree, LS=True
2026-01-14 19:32:14,053 - DSN - INFO - Using GPU solver (CuPy)
2026-01-14 19:32:14,056 - DSN - INFO - DSN GPU Solver: n=800, edges=19176
2026-01-14 19:32:14,056 - DSN - INFO - DSN GPU: T=500, η=0.003, LS=True
2026-01-14 19:32:14,110 - DSN - INFO - t=000: B=-19547.30, Cut=11418, Best=11418 [LS]
2026-01-14 19:32:14,641 - DSN - INFO - t=040: B=-19176.01, Cut=0, Best=11418
2026-01-14 19:32:15,205 - DSN - INFO - t=080: B=-19176.00, Cut=0, Best=11418
2026-01-14 19:32:15,765 - DSN - INFO - t=120: B=-19176.00, Cut=0, Best=11418
2026-01-14 19:32:16,331 - DSN - INFO - t=160: B=-19176.00, Cut=0, Best=11418
2026-01-14 19:32:16,891 - DSN - INFO - t=200: B=-19176.00, Cut=11418, Best=11418 [LS]
2026-01-14 19:32:17,408 - DSN - INFO - t=240: B=-19176.00, Cut=0, Best=11418
2026-01-14 19:32:17,956 - DSN - INFO - t=280: B=-19176.00, Cut=0, Best=11418
2026-01-14 19:32:18,505 - DSN - INFO - t=320: B=-19176.00, Cut=0, Best=11418
2026-01-14 19:32:19,055 - DSN - INFO - t=360: B=-19176.00, Cut=0, Best=11418
2026-01-14 19:32:19,604 - DSN - INFO - t=400: B=-19176.00, Cut=11418, Best=11418 [LS]
2026-01-14 19:32:20,119 - DSN - INFO - t=440: B=-19176.00, Cut=0, Best=11418
2026-01-14 19:32:20,673 - DSN - INFO - t=480: B=-19176.00, Cut=0, Best=11418
2026-01-14 19:32:20,957 - DSN - INFO - DSN GPU done in 6.90s | Cut=11418
2026-01-14 19:32:20,961 - DSN - INFO - Results saved to: results/Gset/DSN_thorough/G5.csv
2026-01-14 19:32:20,961 - DSN - INFO - Cut: 11418 | Bound: -19176.00 | Time: 6.90s
2026-01-14 19:32:20,961 - DSN - INFO - Initialized DSN_thorough | preset=thorough | GPU=True
2026-01-14 19:32:20,961 - DSN - INFO - Params: η=0.003, T=500, init=degree, LS=True
2026-01-14 19:32:20,961 - DSN - INFO - Using GPU solver (CuPy)
2026-01-14 19:32:20,964 - DSN - INFO - DSN GPU Solver: n=800, edges=19176
2026-01-14 19:32:20,964 - DSN - INFO - DSN GPU: T=500, η=0.003, LS=True
2026-01-14 19:32:21,018 - DSN - INFO - t=000: B=-19547.30, Cut=11418, Best=11418 [LS]
2026-01-14 19:32:21,546 - DSN - INFO - t=040: B=-19176.01, Cut=0, Best=11418
2026-01-14 19:32:22,114 - DSN - INFO - t=080: B=-19176.00, Cut=0, Best=11418
2026-01-14 19:32:22,665 - DSN - INFO - t=120: B=-19176.00, Cut=0, Best=11418
2026-01-14 19:32:23,236 - DSN - INFO - t=160: B=-19176.00, Cut=0, Best=11418
2026-01-14 19:32:23,790 - DSN - INFO - t=200: B=-19176.00, Cut=11418, Best=11418 [LS]
2026-01-14 19:32:24,321 - DSN - INFO - t=240: B=-19176.00, Cut=0, Best=11418
2026-01-14 19:32:24,888 - DSN - INFO - t=280: B=-19176.00, Cut=0, Best=11418
2026-01-14 19:32:25,517 - DSN - INFO - t=320: B=-19176.00, Cut=0, Best=11418
2026-01-14 19:32:26,104 - DSN - INFO - t=360: B=-19176.00, Cut=0, Best=11418
2026-01-14 19:32:26,732 - DSN - INFO - t=400: B=-19176.00, Cut=11418, Best=11418 [LS]
2026-01-14 19:32:27,324 - DSN - INFO - t=440: B=-19176.00, Cut=0, Best=11418
2026-01-14 19:32:27,953 - DSN - INFO - t=480: B=-19176.00, Cut=0, Best=11418
2026-01-14 19:32:28,277 - DSN - INFO - DSN GPU done in 7.31s | Cut=11418
2026-01-14 19:32:28,281 - DSN - INFO - Results saved to: results/Gset/DSN_thorough/G5.csv
2026-01-14 19:32:28,281 - DSN - INFO - Cut: 11418 | Bound: -19176.00 | Time: 7.32s
2026-01-14 19:32:28,281 - DSN - INFO - Initialized DSN_thorough | preset=thorough | GPU=True
2026-01-14 19:32:28,281 - DSN - INFO - Params: η=0.003, T=500, init=degree, LS=True
2026-01-14 19:32:28,281 - DSN - INFO - Using GPU solver (CuPy)
2026-01-14 19:32:28,283 - DSN - INFO - DSN GPU Solver: n=800, edges=19176
2026-01-14 19:32:28,283 - DSN - INFO - DSN GPU: T=500, η=0.003, LS=True
2026-01-14 19:32:28,337 - DSN - INFO - t=000: B=-19547.30, Cut=11418, Best=11418 [LS]
2026-01-14 19:32:28,871 - DSN - INFO - t=040: B=-19176.01, Cut=0, Best=11418
2026-01-14 19:32:29,434 - DSN - INFO - t=080: B=-19176.00, Cut=0, Best=11418
2026-01-14 19:32:29,998 - DSN - INFO - t=120: B=-19176.00, Cut=0, Best=11418
2026-01-14 19:32:30,559 - DSN - INFO - t=160: B=-19176.00, Cut=0, Best=11418
2026-01-14 19:32:31,118 - DSN - INFO - t=200: B=-19176.00, Cut=11418, Best=11418 [LS]
2026-01-14 19:32:31,631 - DSN - INFO - t=240: B=-19176.00, Cut=0, Best=11418
2026-01-14 19:32:32,181 - DSN - INFO - t=280: B=-19176.00, Cut=0, Best=11418
2026-01-14 19:32:32,728 - DSN - INFO - t=320: B=-19176.00, Cut=0, Best=11418
2026-01-14 19:32:33,277 - DSN - INFO - t=360: B=-19176.00, Cut=0, Best=11418
2026-01-14 19:32:33,825 - DSN - INFO - t=400: B=-19176.00, Cut=11418, Best=11418 [LS]
2026-01-14 19:32:34,337 - DSN - INFO - t=440: B=-19176.00, Cut=0, Best=11418
2026-01-14 19:32:34,886 - DSN - INFO - t=480: B=-19176.00, Cut=0, Best=11418
2026-01-14 19:32:35,170 - DSN - INFO - DSN GPU done in 6.89s | Cut=11418
2026-01-14 19:32:35,174 - DSN - INFO - Results saved to: results/Gset/DSN_thorough/G5.csv
2026-01-14 19:32:35,174 - DSN - INFO - Cut: 11418 | Bound: -19176.00 | Time: 6.89s
2026-01-14 19:32:35,174 - DSN - INFO - Initialized DSN_thorough | preset=thorough | GPU=True
2026-01-14 19:32:35,174 - DSN - INFO - Params: η=0.003, T=500, init=degree, LS=True
2026-01-14 19:32:35,174 - DSN - INFO - Using GPU solver (CuPy)
2026-01-14 19:32:35,176 - DSN - INFO - DSN GPU Solver: n=800, edges=19176
2026-01-14 19:32:35,176 - DSN - INFO - DSN GPU: T=500, η=0.003, LS=True
2026-01-14 19:32:35,230 - DSN - INFO - t=000: B=-19547.30, Cut=11418, Best=11418 [LS]
2026-01-14 19:32:35,757 - DSN - INFO - t=040: B=-19176.01, Cut=0, Best=11418
2026-01-14 19:32:36,323 - DSN - INFO - t=080: B=-19176.00, Cut=0, Best=11418
2026-01-14 19:32:36,884 - DSN - INFO - t=120: B=-19176.00, Cut=0, Best=11418
2026-01-14 19:32:37,439 - DSN - INFO - t=160: B=-19176.00, Cut=0, Best=11418
2026-01-14 19:32:37,994 - DSN - INFO - t=200: B=-19176.00, Cut=11418, Best=11418 [LS]
2026-01-14 19:32:38,515 - DSN - INFO - t=240: B=-19176.00, Cut=0, Best=11418
2026-01-14 19:32:39,067 - DSN - INFO - t=280: B=-19176.00, Cut=0, Best=11418
2026-01-14 19:32:39,619 - DSN - INFO - t=320: B=-19176.00, Cut=0, Best=11418
2026-01-14 19:32:40,174 - DSN - INFO - t=360: B=-19176.00, Cut=0, Best=11418
2026-01-14 19:32:40,730 - DSN - INFO - t=400: B=-19176.00, Cut=11418, Best=11418 [LS]
2026-01-14 19:32:41,251 - DSN - INFO - t=440: B=-19176.00, Cut=0, Best=11418
2026-01-14 19:32:41,805 - DSN - INFO - t=480: B=-19176.00, Cut=0, Best=11418
2026-01-14 19:32:42,092 - DSN - INFO - DSN GPU done in 6.92s | Cut=11418
2026-01-14 19:32:42,096 - DSN - INFO - Results saved to: results/Gset/DSN_thorough/G5.csv
2026-01-14 19:32:42,096 - DSN - INFO - Cut: 11418 | Bound: -19176.00 | Time: 6.92s
2026-01-14 19:32:42,096 - DSN - INFO - Initialized DSN_thorough | preset=thorough | GPU=True
2026-01-14 19:32:42,096 - DSN - INFO - Params: η=0.003, T=500, init=degree, LS=True
2026-01-14 19:32:42,096 - DSN - INFO - Using GPU solver (CuPy)
2026-01-14 19:32:42,099 - DSN - INFO - DSN GPU Solver: n=800, edges=19176
2026-01-14 19:32:42,099 - DSN - INFO - DSN GPU: T=500, η=0.003, LS=True
2026-01-14 19:32:42,153 - DSN - INFO - t=000: B=-19547.30, Cut=11418, Best=11418 [LS]
2026-01-14 19:32:42,681 - DSN - INFO - t=040: B=-19176.01, Cut=0, Best=11418
2026-01-14 19:32:43,248 - DSN - INFO - t=080: B=-19176.00, Cut=0, Best=11418
2026-01-14 19:32:43,806 - DSN - INFO - t=120: B=-19176.00, Cut=0, Best=11418
2026-01-14 19:32:44,369 - DSN - INFO - t=160: B=-19176.00, Cut=0, Best=11418
2026-01-14 19:32:44,931 - DSN - INFO - t=200: B=-19176.00, Cut=11418, Best=11418 [LS]
2026-01-14 19:32:45,456 - DSN - INFO - t=240: B=-19176.00, Cut=0, Best=11418
2026-01-14 19:32:46,023 - DSN - INFO - t=280: B=-19176.00, Cut=0, Best=11418
2026-01-14 19:32:46,582 - DSN - INFO - t=320: B=-19176.00, Cut=0, Best=11418
2026-01-14 19:32:47,132 - DSN - INFO - t=360: B=-19176.00, Cut=0, Best=11418
2026-01-14 19:32:47,677 - DSN - INFO - t=400: B=-19176.00, Cut=11418, Best=11418 [LS]
2026-01-14 19:32:48,184 - DSN - INFO - t=440: B=-19176.00, Cut=0, Best=11418
2026-01-14 19:32:48,728 - DSN - INFO - t=480: B=-19176.00, Cut=0, Best=11418
2026-01-14 19:32:49,010 - DSN - INFO - DSN GPU done in 6.91s | Cut=11418
2026-01-14 19:32:49,014 - DSN - INFO - Results saved to: results/Gset/DSN_thorough/G5.csv
2026-01-14 19:32:49,014 - DSN - INFO - Cut: 11418 | Bound: -19176.00 | Time: 6.91s
2026-01-14 19:32:49,014 - DSN - INFO - Initialized DSN_thorough | preset=thorough | GPU=True
2026-01-14 19:32:49,014 - DSN - INFO - Params: η=0.003, T=500, init=degree, LS=True
2026-01-14 19:32:49,014 - DSN - INFO - Using GPU solver (CuPy)
2026-01-14 19:32:49,016 - DSN - INFO - DSN GPU Solver: n=800, edges=19176
2026-01-14 19:32:49,016 - DSN - INFO - DSN GPU: T=500, η=0.003, LS=True
2026-01-14 19:32:49,071 - DSN - INFO - t=000: B=-19547.30, Cut=11418, Best=11418 [LS]
2026-01-14 19:32:49,600 - DSN - INFO - t=040: B=-19176.01, Cut=0, Best=11418
2026-01-14 19:32:50,163 - DSN - INFO - t=080: B=-19176.00, Cut=0, Best=11418
2026-01-14 19:32:50,718 - DSN - INFO - t=120: B=-19176.00, Cut=0, Best=11418
2026-01-14 19:32:51,294 - DSN - INFO - t=160: B=-19176.00, Cut=0, Best=11418
2026-01-14 19:32:51,845 - DSN - INFO - t=200: B=-19176.00, Cut=11418, Best=11418 [LS]
2026-01-14 19:32:52,358 - DSN - INFO - t=240: B=-19176.00, Cut=0, Best=11418
2026-01-14 19:32:52,906 - DSN - INFO - t=280: B=-19176.00, Cut=0, Best=11418
2026-01-14 19:32:53,455 - DSN - INFO - t=320: B=-19176.00, Cut=0, Best=11418
2026-01-14 19:32:54,005 - DSN - INFO - t=360: B=-19176.00, Cut=0, Best=11418
2026-01-14 19:32:54,554 - DSN - INFO - t=400: B=-19176.00, Cut=11418, Best=11418 [LS]
2026-01-14 19:32:55,068 - DSN - INFO - t=440: B=-19176.00, Cut=0, Best=11418
2026-01-14 19:32:55,616 - DSN - INFO - t=480: B=-19176.00, Cut=0, Best=11418
2026-01-14 19:32:55,899 - DSN - INFO - DSN GPU done in 6.88s | Cut=11418
2026-01-14 19:32:55,903 - DSN - INFO - Results saved to: results/Gset/DSN_thorough/G5.csv
2026-01-14 19:32:55,903 - DSN - INFO - Cut: 11418 | Bound: -19176.00 | Time: 6.89s
2026-01-14 19:32:55,903 - DSN - INFO - Initialized DSN_thorough | preset=thorough | GPU=True
2026-01-14 19:32:55,903 - DSN - INFO - Params: η=0.003, T=500, init=degree, LS=True
2026-01-14 19:32:55,903 - DSN - INFO - Using GPU solver (CuPy)
2026-01-14 19:32:55,905 - DSN - INFO - DSN GPU Solver: n=800, edges=19176
2026-01-14 19:32:55,905 - DSN - INFO - DSN GPU: T=500, η=0.003, LS=True
2026-01-14 19:32:55,959 - DSN - INFO - t=000: B=-19547.30, Cut=11418, Best=11418 [LS]
2026-01-14 19:32:56,490 - DSN - INFO - t=040: B=-19176.01, Cut=0, Best=11418
2026-01-14 19:32:57,055 - DSN - INFO - t=080: B=-19176.00, Cut=0, Best=11418
2026-01-14 19:32:57,612 - DSN - INFO - t=120: B=-19176.00, Cut=0, Best=11418
2026-01-14 19:32:58,184 - DSN - INFO - t=160: B=-19176.00, Cut=0, Best=11418
2026-01-14 19:32:58,734 - DSN - INFO - t=200: B=-19176.00, Cut=11418, Best=11418 [LS]
2026-01-14 19:32:59,248 - DSN - INFO - t=240: B=-19176.00, Cut=0, Best=11418
2026-01-14 19:32:59,798 - DSN - INFO - t=280: B=-19176.00, Cut=0, Best=11418
2026-01-14 19:33:00,351 - DSN - INFO - t=320: B=-19176.00, Cut=0, Best=11418
2026-01-14 19:33:00,902 - DSN - INFO - t=360: B=-19176.00, Cut=0, Best=11418
2026-01-14 19:33:01,454 - DSN - INFO - t=400: B=-19176.00, Cut=11418, Best=11418 [LS]
2026-01-14 19:33:01,970 - DSN - INFO - t=440: B=-19176.00, Cut=0, Best=11418
2026-01-14 19:33:02,522 - DSN - INFO - t=480: B=-19176.00, Cut=0, Best=11418
2026-01-14 19:33:02,807 - DSN - INFO - DSN GPU done in 6.90s | Cut=11418
2026-01-14 19:33:02,811 - DSN - INFO - Results saved to: results/Gset/DSN_thorough/G5.csv
2026-01-14 19:33:02,811 - DSN - INFO - Cut: 11418 | Bound: -19176.00 | Time: 6.90s
2026-01-14 19:33:02,811 - DSN - INFO - Initialized DSN_thorough | preset=thorough | GPU=True
2026-01-14 19:33:02,811 - DSN - INFO - Params: η=0.003, T=500, init=degree, LS=True
2026-01-14 19:33:02,811 - DSN - INFO - Using GPU solver (CuPy)
2026-01-14 19:33:02,813 - DSN - INFO - DSN GPU Solver: n=800, edges=19176
2026-01-14 19:33:02,813 - DSN - INFO - DSN GPU: T=500, η=0.003, LS=True
2026-01-14 19:33:02,868 - DSN - INFO - t=000: B=-19547.30, Cut=11418, Best=11418 [LS]
2026-01-14 19:33:03,398 - DSN - INFO - t=040: B=-19176.01, Cut=0, Best=11418
2026-01-14 19:33:03,960 - DSN - INFO - t=080: B=-19176.00, Cut=0, Best=11418
2026-01-14 19:33:04,518 - DSN - INFO - t=120: B=-19176.00, Cut=0, Best=11418
2026-01-14 19:33:05,073 - DSN - INFO - t=160: B=-19176.00, Cut=0, Best=11418
2026-01-14 19:33:05,636 - DSN - INFO - t=200: B=-19176.00, Cut=11418, Best=11418 [LS]
2026-01-14 19:33:06,161 - DSN - INFO - t=240: B=-19176.00, Cut=0, Best=11418
2026-01-14 19:33:06,714 - DSN - INFO - t=280: B=-19176.00, Cut=0, Best=11418
2026-01-14 19:33:07,264 - DSN - INFO - t=320: B=-19176.00, Cut=0, Best=11418
2026-01-14 19:33:07,816 - DSN - INFO - t=360: B=-19176.00, Cut=0, Best=11418
2026-01-14 19:33:08,369 - DSN - INFO - t=400: B=-19176.00, Cut=11418, Best=11418 [LS]
2026-01-14 19:33:08,884 - DSN - INFO - t=440: B=-19176.00, Cut=0, Best=11418
2026-01-14 19:33:09,437 - DSN - INFO - t=480: B=-19176.00, Cut=0, Best=11418
2026-01-14 19:33:09,722 - DSN - INFO - DSN GPU done in 6.91s | Cut=11418
2026-01-14 19:33:09,726 - DSN - INFO - Results saved to: results/Gset/DSN_thorough/G5.csv
2026-01-14 19:33:09,726 - DSN - INFO - Cut: 11418 | Bound: -19176.00 | Time: 6.91s
2026-01-14 19:33:09,726 - DSN - INFO - Initialized DSN_thorough | preset=thorough | GPU=True
2026-01-14 19:33:09,726 - DSN - INFO - Params: η=0.003, T=500, init=degree, LS=True
2026-01-14 19:33:09,726 - DSN - INFO - Using GPU solver (CuPy)
2026-01-14 19:33:09,729 - DSN - INFO - DSN GPU Solver: n=800, edges=19176
2026-01-14 19:33:09,729 - DSN - INFO - DSN GPU: T=500, η=0.003, LS=True
2026-01-14 19:33:09,782 - DSN - INFO - t=000: B=-19547.30, Cut=11418, Best=11418 [LS]
2026-01-14 19:33:10,319 - DSN - INFO - t=040: B=-19176.01, Cut=0, Best=11418
2026-01-14 19:33:10,886 - DSN - INFO - t=080: B=-19176.00, Cut=0, Best=11418
2026-01-14 19:33:11,443 - DSN - INFO - t=120: B=-19176.00, Cut=0, Best=11418
2026-01-14 19:33:12,000 - DSN - INFO - t=160: B=-19176.00, Cut=0, Best=11418
2026-01-14 19:33:12,572 - DSN - INFO - t=200: B=-19176.00, Cut=11418, Best=11418 [LS]
2026-01-14 19:33:13,086 - DSN - INFO - t=240: B=-19176.00, Cut=0, Best=11418
2026-01-14 19:33:13,637 - DSN - INFO - t=280: B=-19176.00, Cut=0, Best=11418
2026-01-14 19:33:14,185 - DSN - INFO - t=320: B=-19176.00, Cut=0, Best=11418
2026-01-14 19:33:14,734 - DSN - INFO - t=360: B=-19176.00, Cut=0, Best=11418
2026-01-14 19:33:15,285 - DSN - INFO - t=400: B=-19176.00, Cut=11418, Best=11418 [LS]
2026-01-14 19:33:15,800 - DSN - INFO - t=440: B=-19176.00, Cut=0, Best=11418
2026-01-14 19:33:16,351 - DSN - INFO - t=480: B=-19176.00, Cut=0, Best=11418
2026-01-14 19:33:16,636 - DSN - INFO - DSN GPU done in 6.91s | Cut=11418
2026-01-14 19:33:16,640 - DSN - INFO - Results saved to: results/Gset/DSN_thorough/G5.csv
2026-01-14 19:33:16,640 - DSN - INFO - Cut: 11418 | Bound: -19176.00 | Time: 6.91s
2026-01-14 19:33:16,650 - DSN - INFO - Initialized DSN_thorough | preset=thorough | GPU=True
2026-01-14 19:33:16,650 - DSN - INFO - Params: η=0.003, T=500, init=degree, LS=True
2026-01-14 19:33:16,650 - DSN - INFO - Using GPU solver (CuPy)
2026-01-14 19:33:16,651 - DSN - INFO - DSN GPU Solver: n=3000, edges=6000
2026-01-14 19:33:16,651 - DSN - INFO - DSN GPU: T=500, η=0.003, LS=True
2026-01-14 19:33:16,782 - DSN - INFO - t=000: B=-6000.00, Cut=5880, Best=5880 [LS]
2026-01-14 19:33:18,634 - DSN - INFO - t=040: B=-6028.93, Cut=50, Best=5880
2026-01-14 19:33:19,768 - DSN - INFO - t=080: B=-6000.00, Cut=0, Best=5880
2026-01-14 19:33:20,355 - DSN - INFO - t=120: B=-6000.00, Cut=0, Best=5880
2026-01-14 19:33:20,942 - DSN - INFO - t=160: B=-6000.00, Cut=0, Best=5880
2026-01-14 19:33:21,533 - DSN - INFO - t=200: B=-6000.00, Cut=5880, Best=5880 [LS]
2026-01-14 19:33:22,040 - DSN - INFO - t=240: B=-6000.00, Cut=0, Best=5880
2026-01-14 19:33:22,630 - DSN - INFO - t=280: B=-6000.00, Cut=0, Best=5880
2026-01-14 19:33:23,219 - DSN - INFO - t=320: B=-6000.00, Cut=0, Best=5880
2026-01-14 19:33:23,810 - DSN - INFO - t=360: B=-6000.00, Cut=0, Best=5880
2026-01-14 19:33:24,398 - DSN - INFO - t=400: B=-6000.00, Cut=5880, Best=5880 [LS]
2026-01-14 19:33:24,905 - DSN - INFO - t=440: B=-6000.00, Cut=0, Best=5880
2026-01-14 19:33:25,494 - DSN - INFO - t=480: B=-6000.00, Cut=0, Best=5880
2026-01-14 19:33:25,821 - DSN - INFO - DSN GPU done in 9.17s | Cut=5880
2026-01-14 19:33:25,823 - DSN - INFO - Results saved to: results/Gset/DSN_thorough/G50.csv
2026-01-14 19:33:25,823 - DSN - INFO - Cut: 5880 | Bound: -6000.00 | Time: 9.17s
2026-01-14 19:33:25,823 - DSN - INFO - Initialized DSN_thorough | preset=thorough | GPU=True
2026-01-14 19:33:25,823 - DSN - INFO - Params: η=0.003, T=500, init=degree, LS=True
2026-01-14 19:33:25,823 - DSN - INFO - Using GPU solver (CuPy)
2026-01-14 19:33:25,824 - DSN - INFO - DSN GPU Solver: n=3000, edges=6000
2026-01-14 19:33:25,824 - DSN - INFO - DSN GPU: T=500, η=0.003, LS=True
2026-01-14 19:33:25,973 - DSN - INFO - t=000: B=-6000.00, Cut=5880, Best=5880 [LS]
2026-01-14 19:33:27,828 - DSN - INFO - t=040: B=-6019.33, Cut=50, Best=5880
2026-01-14 19:33:29,025 - DSN - INFO - t=080: B=-6000.00, Cut=0, Best=5880
2026-01-14 19:33:29,661 - DSN - INFO - t=120: B=-6000.00, Cut=0, Best=5880
2026-01-14 19:33:30,250 - DSN - INFO - t=160: B=-6000.00, Cut=0, Best=5880
2026-01-14 19:33:30,840 - DSN - INFO - t=200: B=-6000.00, Cut=5880, Best=5880 [LS]
2026-01-14 19:33:31,348 - DSN - INFO - t=240: B=-6000.00, Cut=0, Best=5880
2026-01-14 19:33:31,938 - DSN - INFO - t=280: B=-6000.00, Cut=0, Best=5880
2026-01-14 19:33:32,527 - DSN - INFO - t=320: B=-6000.00, Cut=0, Best=5880
2026-01-14 19:33:33,118 - DSN - INFO - t=360: B=-6000.00, Cut=0, Best=5880
2026-01-14 19:33:33,709 - DSN - INFO - t=400: B=-6000.00, Cut=5880, Best=5880 [LS]
2026-01-14 19:33:34,215 - DSN - INFO - t=440: B=-6000.00, Cut=0, Best=5880
2026-01-14 19:33:34,804 - DSN - INFO - t=480: B=-6000.00, Cut=0, Best=5880
2026-01-14 19:33:35,133 - DSN - INFO - DSN GPU done in 9.31s | Cut=5880
2026-01-14 19:33:35,137 - DSN - INFO - Results saved to: results/Gset/DSN_thorough/G50.csv
2026-01-14 19:33:35,137 - DSN - INFO - Cut: 5880 | Bound: -6000.00 | Time: 9.31s
2026-01-14 19:33:35,137 - DSN - INFO - Initialized DSN_thorough | preset=thorough | GPU=True
2026-01-14 19:33:35,137 - DSN - INFO - Params: η=0.003, T=500, init=degree, LS=True
2026-01-14 19:33:35,137 - DSN - INFO - Using GPU solver (CuPy)
2026-01-14 19:33:35,139 - DSN - INFO - DSN GPU Solver: n=3000, edges=6000
2026-01-14 19:33:35,139 - DSN - INFO - DSN GPU: T=500, η=0.003, LS=True
2026-01-14 19:33:35,286 - DSN - INFO - t=000: B=-6000.00, Cut=5880, Best=5880 [LS]
2026-01-14 19:33:37,183 - DSN - INFO - t=040: B=-6020.10, Cut=50, Best=5880
2026-01-14 19:33:38,316 - DSN - INFO - t=080: B=-6000.00, Cut=0, Best=5880
2026-01-14 19:33:38,941 - DSN - INFO - t=120: B=-6000.00, Cut=0, Best=5880
2026-01-14 19:33:39,575 - DSN - INFO - t=160: B=-6000.00, Cut=0, Best=5880
2026-01-14 19:33:40,250 - DSN - INFO - t=200: B=-6000.00, Cut=5880, Best=5880 [LS]
2026-01-14 19:33:40,840 - DSN - INFO - t=240: B=-6000.00, Cut=0, Best=5880
2026-01-14 19:33:41,530 - DSN - INFO - t=280: B=-6000.00, Cut=0, Best=5880
2026-01-14 19:33:42,172 - DSN - INFO - t=320: B=-6000.00, Cut=0, Best=5880
2026-01-14 19:33:42,845 - DSN - INFO - t=360: B=-6000.00, Cut=0, Best=5880
2026-01-14 19:33:43,518 - DSN - INFO - t=400: B=-6000.00, Cut=5880, Best=5880 [LS]
2026-01-14 19:33:44,099 - DSN - INFO - t=440: B=-6000.00, Cut=0, Best=5880
2026-01-14 19:33:44,780 - DSN - INFO - t=480: B=-6000.00, Cut=0, Best=5880
2026-01-14 19:33:45,157 - DSN - INFO - DSN GPU done in 10.02s | Cut=5880
2026-01-14 19:33:45,161 - DSN - INFO - Results saved to: results/Gset/DSN_thorough/G50.csv
2026-01-14 19:33:45,161 - DSN - INFO - Cut: 5880 | Bound: -6000.00 | Time: 10.02s
2026-01-14 19:33:45,161 - DSN - INFO - Initialized DSN_thorough | preset=thorough | GPU=True
2026-01-14 19:33:45,161 - DSN - INFO - Params: η=0.003, T=500, init=degree, LS=True
2026-01-14 19:33:45,161 - DSN - INFO - Using GPU solver (CuPy)
2026-01-14 19:33:45,162 - DSN - INFO - DSN GPU Solver: n=3000, edges=6000
2026-01-14 19:33:45,162 - DSN - INFO - DSN GPU: T=500, η=0.003, LS=True
2026-01-14 19:33:45,302 - DSN - INFO - t=000: B=-6000.00, Cut=5880, Best=5880 [LS]
2026-01-14 19:33:47,219 - DSN - INFO - t=040: B=-6025.76, Cut=56, Best=5880
2026-01-14 19:33:48,433 - DSN - INFO - t=080: B=-6000.00, Cut=0, Best=5880
2026-01-14 19:33:49,102 - DSN - INFO - t=120: B=-6000.00, Cut=0, Best=5880
2026-01-14 19:33:49,731 - DSN - INFO - t=160: B=-6000.00, Cut=0, Best=5880
2026-01-14 19:33:50,361 - DSN - INFO - t=200: B=-6000.00, Cut=5880, Best=5880 [LS]
2026-01-14 19:33:50,862 - DSN - INFO - t=240: B=-6000.00, Cut=0, Best=5880
2026-01-14 19:33:51,525 - DSN - INFO - t=280: B=-6000.00, Cut=0, Best=5880
2026-01-14 19:33:52,148 - DSN - INFO - t=320: B=-6000.00, Cut=0, Best=5880
2026-01-14 19:33:52,729 - DSN - INFO - t=360: B=-6000.00, Cut=0, Best=5880
2026-01-14 19:33:53,313 - DSN - INFO - t=400: B=-6000.00, Cut=5880, Best=5880 [LS]
2026-01-14 19:33:53,854 - DSN - INFO - t=440: B=-6000.00, Cut=0, Best=5880
2026-01-14 19:33:54,436 - DSN - INFO - t=480: B=-6000.00, Cut=0, Best=5880
2026-01-14 19:33:54,759 - DSN - INFO - DSN GPU done in 9.60s | Cut=5880
2026-01-14 19:33:54,762 - DSN - INFO - Results saved to: results/Gset/DSN_thorough/G50.csv
2026-01-14 19:33:54,763 - DSN - INFO - Cut: 5880 | Bound: -6000.00 | Time: 9.60s
2026-01-14 19:33:54,763 - DSN - INFO - Initialized DSN_thorough | preset=thorough | GPU=True
2026-01-14 19:33:54,763 - DSN - INFO - Params: η=0.003, T=500, init=degree, LS=True
2026-01-14 19:33:54,763 - DSN - INFO - Using GPU solver (CuPy)
2026-01-14 19:33:54,764 - DSN - INFO - DSN GPU Solver: n=3000, edges=6000
2026-01-14 19:33:54,764 - DSN - INFO - DSN GPU: T=500, η=0.003, LS=True
2026-01-14 19:33:54,914 - DSN - INFO - t=000: B=-6000.00, Cut=5880, Best=5880 [LS]
2026-01-14 19:33:56,730 - DSN - INFO - t=040: B=-6036.29, Cut=50, Best=5880
2026-01-14 19:33:57,968 - DSN - INFO - t=080: B=-6000.00, Cut=0, Best=5880
2026-01-14 19:33:58,602 - DSN - INFO - t=120: B=-6000.00, Cut=0, Best=5880
2026-01-14 19:33:59,186 - DSN - INFO - t=160: B=-6000.00, Cut=0, Best=5880
2026-01-14 19:33:59,772 - DSN - INFO - t=200: B=-6000.00, Cut=5880, Best=5880 [LS]
2026-01-14 19:34:00,316 - DSN - INFO - t=240: B=-6000.00, Cut=0, Best=5880
2026-01-14 19:34:00,900 - DSN - INFO - t=280: B=-6000.00, Cut=0, Best=5880
2026-01-14 19:34:01,487 - DSN - INFO - t=320: B=-6000.00, Cut=0, Best=5880
2026-01-14 19:34:02,073 - DSN - INFO - t=360: B=-6000.00, Cut=0, Best=5880
2026-01-14 19:34:02,660 - DSN - INFO - t=400: B=-6000.00, Cut=5880, Best=5880 [LS]
2026-01-14 19:34:03,164 - DSN - INFO - t=440: B=-6000.00, Cut=0, Best=5880
2026-01-14 19:34:03,749 - DSN - INFO - t=480: B=-6000.00, Cut=0, Best=5880
2026-01-14 19:34:04,074 - DSN - INFO - DSN GPU done in 9.31s | Cut=5880
2026-01-14 19:34:04,078 - DSN - INFO - Results saved to: results/Gset/DSN_thorough/G50.csv
2026-01-14 19:34:04,078 - DSN - INFO - Cut: 5880 | Bound: -6000.00 | Time: 9.31s
2026-01-14 19:34:04,078 - DSN - INFO - Initialized DSN_thorough | preset=thorough | GPU=True
2026-01-14 19:34:04,078 - DSN - INFO - Params: η=0.003, T=500, init=degree, LS=True
2026-01-14 19:34:04,078 - DSN - INFO - Using GPU solver (CuPy)
2026-01-14 19:34:04,080 - DSN - INFO - DSN GPU Solver: n=3000, edges=6000
2026-01-14 19:34:04,080 - DSN - INFO - DSN GPU: T=500, η=0.003, LS=True
2026-01-14 19:34:04,228 - DSN - INFO - t=000: B=-6000.00, Cut=5880, Best=5880 [LS]
2026-01-14 19:34:06,040 - DSN - INFO - t=040: B=-6036.58, Cut=50, Best=5880
2026-01-14 19:34:07,250 - DSN - INFO - t=080: B=-6000.00, Cut=0, Best=5880
2026-01-14 19:34:07,920 - DSN - INFO - t=120: B=-6000.00, Cut=0, Best=5880
2026-01-14 19:34:08,504 - DSN - INFO - t=160: B=-6000.00, Cut=0, Best=5880
2026-01-14 19:34:09,089 - DSN - INFO - t=200: B=-6000.00, Cut=5880, Best=5880 [LS]
2026-01-14 19:34:09,594 - DSN - INFO - t=240: B=-6000.00, Cut=0, Best=5880
2026-01-14 19:34:10,180 - DSN - INFO - t=280: B=-6000.00, Cut=0, Best=5880
2026-01-14 19:34:10,764 - DSN - INFO - t=320: B=-6000.00, Cut=0, Best=5880
2026-01-14 19:34:11,351 - DSN - INFO - t=360: B=-6000.00, Cut=0, Best=5880
2026-01-14 19:34:11,937 - DSN - INFO - t=400: B=-6000.00, Cut=5880, Best=5880 [LS]
2026-01-14 19:34:12,441 - DSN - INFO - t=440: B=-6000.00, Cut=0, Best=5880
2026-01-14 19:34:13,026 - DSN - INFO - t=480: B=-6000.00, Cut=0, Best=5880
2026-01-14 19:34:13,351 - DSN - INFO - DSN GPU done in 9.27s | Cut=5880
2026-01-14 19:34:13,355 - DSN - INFO - Results saved to: results/Gset/DSN_thorough/G50.csv
2026-01-14 19:34:13,355 - DSN - INFO - Cut: 5880 | Bound: -6000.00 | Time: 9.27s
2026-01-14 19:34:13,355 - DSN - INFO - Initialized DSN_thorough | preset=thorough | GPU=True
2026-01-14 19:34:13,355 - DSN - INFO - Params: η=0.003, T=500, init=degree, LS=True
2026-01-14 19:34:13,355 - DSN - INFO - Using GPU solver (CuPy)
2026-01-14 19:34:13,356 - DSN - INFO - DSN GPU Solver: n=3000, edges=6000
2026-01-14 19:34:13,357 - DSN - INFO - DSN GPU: T=500, η=0.003, LS=True
2026-01-14 19:34:13,496 - DSN - INFO - t=000: B=-6000.00, Cut=5880, Best=5880 [LS]
2026-01-14 19:34:15,426 - DSN - INFO - t=040: B=-6017.77, Cut=110, Best=5880
2026-01-14 19:34:16,654 - DSN - INFO - t=080: B=-6000.00, Cut=0, Best=5880
2026-01-14 19:34:17,288 - DSN - INFO - t=120: B=-6000.00, Cut=0, Best=5880
2026-01-14 19:34:17,875 - DSN - INFO - t=160: B=-6000.00, Cut=0, Best=5880
2026-01-14 19:34:18,463 - DSN - INFO - t=200: B=-6000.00, Cut=5880, Best=5880 [LS]
2026-01-14 19:34:18,970 - DSN - INFO - t=240: B=-6000.00, Cut=0, Best=5880
2026-01-14 19:34:19,561 - DSN - INFO - t=280: B=-6000.00, Cut=0, Best=5880
2026-01-14 19:34:20,149 - DSN - INFO - t=320: B=-6000.00, Cut=0, Best=5880
2026-01-14 19:34:20,739 - DSN - INFO - t=360: B=-6000.00, Cut=0, Best=5880
2026-01-14 19:34:21,328 - DSN - INFO - t=400: B=-6000.00, Cut=5880, Best=5880 [LS]
2026-01-14 19:34:21,836 - DSN - INFO - t=440: B=-6000.00, Cut=0, Best=5880
2026-01-14 19:34:22,425 - DSN - INFO - t=480: B=-6000.00, Cut=0, Best=5880
2026-01-14 19:34:22,752 - DSN - INFO - DSN GPU done in 9.40s | Cut=5880
2026-01-14 19:34:22,755 - DSN - INFO - Results saved to: results/Gset/DSN_thorough/G50.csv
2026-01-14 19:34:22,755 - DSN - INFO - Cut: 5880 | Bound: -6000.00 | Time: 9.40s
2026-01-14 19:34:22,755 - DSN - INFO - Initialized DSN_thorough | preset=thorough | GPU=True
2026-01-14 19:34:22,755 - DSN - INFO - Params: η=0.003, T=500, init=degree, LS=True
2026-01-14 19:34:22,755 - DSN - INFO - Using GPU solver (CuPy)
2026-01-14 19:34:22,757 - DSN - INFO - DSN GPU Solver: n=3000, edges=6000
2026-01-14 19:34:22,757 - DSN - INFO - DSN GPU: T=500, η=0.003, LS=True
2026-01-14 19:34:22,897 - DSN - INFO - t=000: B=-6000.00, Cut=5880, Best=5880 [LS]
2026-01-14 19:34:24,772 - DSN - INFO - t=040: B=-6024.33, Cut=50, Best=5880
2026-01-14 19:34:26,035 - DSN - INFO - t=080: B=-6000.00, Cut=0, Best=5880
2026-01-14 19:34:26,665 - DSN - INFO - t=120: B=-6000.00, Cut=0, Best=5880
2026-01-14 19:34:27,337 - DSN - INFO - t=160: B=-6000.00, Cut=0, Best=5880
2026-01-14 19:34:27,967 - DSN - INFO - t=200: B=-6000.00, Cut=5880, Best=5880 [LS]
2026-01-14 19:34:28,468 - DSN - INFO - t=240: B=-6000.00, Cut=0, Best=5880
2026-01-14 19:34:29,098 - DSN - INFO - t=280: B=-6000.00, Cut=0, Best=5880
2026-01-14 19:34:29,680 - DSN - INFO - t=320: B=-6000.00, Cut=0, Best=5880
2026-01-14 19:34:30,302 - DSN - INFO - t=360: B=-6000.00, Cut=0, Best=5880
2026-01-14 19:34:30,883 - DSN - INFO - t=400: B=-6000.00, Cut=5880, Best=5880 [LS]
2026-01-14 19:34:31,434 - DSN - INFO - t=440: B=-6000.00, Cut=0, Best=5880
2026-01-14 19:34:32,015 - DSN - INFO - t=480: B=-6000.00, Cut=0, Best=5880
2026-01-14 19:34:32,338 - DSN - INFO - DSN GPU done in 9.58s | Cut=5880
2026-01-14 19:34:32,342 - DSN - INFO - Results saved to: results/Gset/DSN_thorough/G50.csv
2026-01-14 19:34:32,342 - DSN - INFO - Cut: 5880 | Bound: -6000.00 | Time: 9.58s
2026-01-14 19:34:32,342 - DSN - INFO - Initialized DSN_thorough | preset=thorough | GPU=True
2026-01-14 19:34:32,342 - DSN - INFO - Params: η=0.003, T=500, init=degree, LS=True
2026-01-14 19:34:32,342 - DSN - INFO - Using GPU solver (CuPy)
2026-01-14 19:34:32,344 - DSN - INFO - DSN GPU Solver: n=3000, edges=6000
2026-01-14 19:34:32,344 - DSN - INFO - DSN GPU: T=500, η=0.003, LS=True
2026-01-14 19:34:32,483 - DSN - INFO - t=000: B=-6000.00, Cut=5880, Best=5880 [LS]
2026-01-14 19:34:34,340 - DSN - INFO - t=040: B=-6016.98, Cut=50, Best=5880
2026-01-14 19:34:35,518 - DSN - INFO - t=080: B=-6000.00, Cut=0, Best=5880
2026-01-14 19:34:36,105 - DSN - INFO - t=120: B=-6000.00, Cut=0, Best=5880
2026-01-14 19:34:36,721 - DSN - INFO - t=160: B=-6000.00, Cut=0, Best=5880
2026-01-14 19:34:37,307 - DSN - INFO - t=200: B=-6000.00, Cut=5880, Best=5880 [LS]
2026-01-14 19:34:37,813 - DSN - INFO - t=240: B=-6000.00, Cut=0, Best=5880
2026-01-14 19:34:38,398 - DSN - INFO - t=280: B=-6000.00, Cut=0, Best=5880
2026-01-14 19:34:38,984 - DSN - INFO - t=320: B=-6000.00, Cut=0, Best=5880
2026-01-14 19:34:39,571 - DSN - INFO - t=360: B=-6000.00, Cut=0, Best=5880
2026-01-14 19:34:40,157 - DSN - INFO - t=400: B=-6000.00, Cut=5880, Best=5880 [LS]
2026-01-14 19:34:40,662 - DSN - INFO - t=440: B=-6000.00, Cut=0, Best=5880
2026-01-14 19:34:41,247 - DSN - INFO - t=480: B=-6000.00, Cut=0, Best=5880
2026-01-14 19:34:41,575 - DSN - INFO - DSN GPU done in 9.23s | Cut=5880
2026-01-14 19:34:41,579 - DSN - INFO - Results saved to: results/Gset/DSN_thorough/G50.csv
2026-01-14 19:34:41,579 - DSN - INFO - Cut: 5880 | Bound: -6000.00 | Time: 9.23s
2026-01-14 19:34:41,579 - DSN - INFO - Initialized DSN_thorough | preset=thorough | GPU=True
2026-01-14 19:34:41,579 - DSN - INFO - Params: η=0.003, T=500, init=degree, LS=True
2026-01-14 19:34:41,579 - DSN - INFO - Using GPU solver (CuPy)
2026-01-14 19:34:41,581 - DSN - INFO - DSN GPU Solver: n=3000, edges=6000
2026-01-14 19:34:41,581 - DSN - INFO - DSN GPU: T=500, η=0.003, LS=True
2026-01-14 19:34:41,703 - DSN - INFO - t=000: B=-6000.00, Cut=5880, Best=5880 [LS]
2026-01-14 19:34:43,534 - DSN - INFO - t=040: B=-6028.05, Cut=50, Best=5880
2026-01-14 19:34:44,812 - DSN - INFO - t=080: B=-6000.00, Cut=0, Best=5880
2026-01-14 19:34:45,517 - DSN - INFO - t=120: B=-6000.00, Cut=0, Best=5880
2026-01-14 19:34:46,188 - DSN - INFO - t=160: B=-6000.00, Cut=0, Best=5880
2026-01-14 19:34:46,874 - DSN - INFO - t=200: B=-6000.00, Cut=5880, Best=5880 [LS]
2026-01-14 19:34:47,434 - DSN - INFO - t=240: B=-6000.00, Cut=0, Best=5880
2026-01-14 19:34:48,181 - DSN - INFO - t=280: B=-6000.00, Cut=0, Best=5880
2026-01-14 19:34:48,928 - DSN - INFO - t=320: B=-6000.00, Cut=0, Best=5880
2026-01-14 19:34:49,684 - DSN - INFO - t=360: B=-6000.00, Cut=0, Best=5880
2026-01-14 19:34:50,439 - DSN - INFO - t=400: B=-6000.00, Cut=5880, Best=5880 [LS]
2026-01-14 19:34:51,096 - DSN - INFO - t=440: B=-6000.00, Cut=0, Best=5880
2026-01-14 19:34:51,797 - DSN - INFO - t=480: B=-6000.00, Cut=0, Best=5880
2026-01-14 19:34:52,206 - DSN - INFO - DSN GPU done in 10.63s | Cut=5880
2026-01-14 19:34:52,210 - DSN - INFO - Results saved to: results/Gset/DSN_thorough/G50.csv
2026-01-14 19:34:52,210 - DSN - INFO - Cut: 5880 | Bound: -6000.00 | Time: 10.63s
2026-01-14 19:34:52,219 - DSN - INFO - Initialized DSN_thorough | preset=thorough | GPU=True
2026-01-14 19:34:52,219 - DSN - INFO - Params: η=0.003, T=500, init=degree, LS=True
2026-01-14 19:34:52,219 - DSN - INFO - Using GPU solver (CuPy)
2026-01-14 19:34:52,220 - DSN - INFO - DSN GPU Solver: n=1000, edges=5909
2026-01-14 19:34:52,220 - DSN - INFO - DSN GPU: T=500, η=0.003, LS=True
2026-01-14 19:34:52,248 - DSN - INFO - t=000: B=-12248.60, Cut=3660, Best=3660 [LS]
2026-01-14 19:34:52,778 - DSN - INFO - t=040: B=-6277.87, Cut=3265, Best=3660
2026-01-14 19:34:53,305 - DSN - INFO - t=080: B=-6048.20, Cut=5, Best=3660
2026-01-14 19:34:53,844 - DSN - INFO - t=120: B=-5981.13, Cut=2856, Best=3660
2026-01-14 19:34:54,377 - DSN - INFO - t=160: B=-5952.47, Cut=2436, Best=3661
2026-01-14 19:34:54,910 - DSN - INFO - t=200: B=-5937.53, Cut=3645, Best=3661 [LS]
2026-01-14 19:34:55,434 - DSN - INFO - t=240: B=-5928.81, Cut=35, Best=3661
2026-01-14 19:34:55,969 - DSN - INFO - t=280: B=-5923.32, Cut=3300, Best=3661
2026-01-14 19:34:56,498 - DSN - INFO - t=320: B=-5919.68, Cut=3116, Best=3661
2026-01-14 19:34:57,034 - DSN - INFO - t=360: B=-5917.17, Cut=1505, Best=3678
2026-01-14 19:34:57,567 - DSN - INFO - t=400: B=-5915.38, Cut=3661, Best=3678 [LS]
2026-01-14 19:34:58,093 - DSN - INFO - t=440: B=-5914.07, Cut=3098, Best=3678
2026-01-14 19:34:58,634 - DSN - INFO - t=480: B=-5913.09, Cut=3192, Best=3678
2026-01-14 19:34:58,907 - DSN - INFO - DSN GPU done in 6.69s | Cut=3679
2026-01-14 19:34:58,908 - DSN - INFO - Results saved to: results/Gset/DSN_thorough/G51.csv
2026-01-14 19:34:58,909 - DSN - INFO - Cut: 3679 | Bound: -5912.72 | Time: 6.69s
2026-01-14 19:34:58,909 - DSN - INFO - Initialized DSN_thorough | preset=thorough | GPU=True
2026-01-14 19:34:58,909 - DSN - INFO - Params: η=0.003, T=500, init=degree, LS=True
2026-01-14 19:34:58,909 - DSN - INFO - Using GPU solver (CuPy)
2026-01-14 19:34:58,910 - DSN - INFO - DSN GPU Solver: n=1000, edges=5909
2026-01-14 19:34:58,910 - DSN - INFO - DSN GPU: T=500, η=0.003, LS=True
2026-01-14 19:34:58,937 - DSN - INFO - t=000: B=-12248.60, Cut=3655, Best=3655 [LS]
2026-01-14 19:34:59,467 - DSN - INFO - t=040: B=-6277.87, Cut=3269, Best=3655
2026-01-14 19:34:59,997 - DSN - INFO - t=080: B=-6048.20, Cut=3299, Best=3655
2026-01-14 19:35:00,534 - DSN - INFO - t=120: B=-5981.13, Cut=1898, Best=3655
2026-01-14 19:35:01,069 - DSN - INFO - t=160: B=-5952.47, Cut=3295, Best=3655
2026-01-14 19:35:01,602 - DSN - INFO - t=200: B=-5937.53, Cut=3682, Best=3682 [LS]
2026-01-14 19:35:02,127 - DSN - INFO - t=240: B=-5928.81, Cut=3256, Best=3682
2026-01-14 19:35:02,664 - DSN - INFO - t=280: B=-5923.32, Cut=3302, Best=3682
2026-01-14 19:35:03,194 - DSN - INFO - t=320: B=-5919.68, Cut=3292, Best=3682
2026-01-14 19:35:03,733 - DSN - INFO - t=360: B=-5917.17, Cut=3068, Best=3682
2026-01-14 19:35:04,272 - DSN - INFO - t=400: B=-5915.38, Cut=3663, Best=3682 [LS]
2026-01-14 19:35:04,792 - DSN - INFO - t=440: B=-5914.07, Cut=3256, Best=3682
2026-01-14 19:35:05,330 - DSN - INFO - t=480: B=-5913.09, Cut=35, Best=3682
2026-01-14 19:35:05,604 - DSN - INFO - DSN GPU done in 6.69s | Cut=3682
2026-01-14 19:35:05,608 - DSN - INFO - Results saved to: results/Gset/DSN_thorough/G51.csv
2026-01-14 19:35:05,608 - DSN - INFO - Cut: 3682 | Bound: -5912.72 | Time: 6.70s
2026-01-14 19:35:05,608 - DSN - INFO - Initialized DSN_thorough | preset=thorough | GPU=True
2026-01-14 19:35:05,608 - DSN - INFO - Params: η=0.003, T=500, init=degree, LS=True
2026-01-14 19:35:05,608 - DSN - INFO - Using GPU solver (CuPy)
2026-01-14 19:35:05,609 - DSN - INFO - DSN GPU Solver: n=1000, edges=5909
2026-01-14 19:35:05,609 - DSN - INFO - DSN GPU: T=500, η=0.003, LS=True
2026-01-14 19:35:05,636 - DSN - INFO - t=000: B=-12248.60, Cut=3680, Best=3680 [LS]
2026-01-14 19:35:06,161 - DSN - INFO - t=040: B=-6277.87, Cut=2873, Best=3680
2026-01-14 19:35:06,689 - DSN - INFO - t=080: B=-6048.20, Cut=3038, Best=3680
2026-01-14 19:35:07,225 - DSN - INFO - t=120: B=-5981.13, Cut=2911, Best=3680
2026-01-14 19:35:07,766 - DSN - INFO - t=160: B=-5952.47, Cut=3265, Best=3680
2026-01-14 19:35:08,296 - DSN - INFO - t=200: B=-5937.53, Cut=3662, Best=3680 [LS]
2026-01-14 19:35:08,819 - DSN - INFO - t=240: B=-5928.81, Cut=3116, Best=3680
2026-01-14 19:35:09,351 - DSN - INFO - t=280: B=-5923.32, Cut=2664, Best=3680
2026-01-14 19:35:09,883 - DSN - INFO - t=320: B=-5919.68, Cut=2886, Best=3680
2026-01-14 19:35:10,415 - DSN - INFO - t=360: B=-5917.17, Cut=35, Best=3680
2026-01-14 19:35:10,956 - DSN - INFO - t=400: B=-5915.38, Cut=3679, Best=3680 [LS]
2026-01-14 19:35:11,483 - DSN - INFO - t=440: B=-5914.07, Cut=3300, Best=3680
2026-01-14 19:35:12,027 - DSN - INFO - t=480: B=-5913.09, Cut=2886, Best=3683
2026-01-14 19:35:12,303 - DSN - INFO - DSN GPU done in 6.69s | Cut=3685
2026-01-14 19:35:12,306 - DSN - INFO - Results saved to: results/Gset/DSN_thorough/G51.csv
2026-01-14 19:35:12,306 - DSN - INFO - Cut: 3685 | Bound: -5912.72 | Time: 6.69s
2026-01-14 19:35:12,306 - DSN - INFO - Initialized DSN_thorough | preset=thorough | GPU=True
2026-01-14 19:35:12,306 - DSN - INFO - Params: η=0.003, T=500, init=degree, LS=True
2026-01-14 19:35:12,306 - DSN - INFO - Using GPU solver (CuPy)
2026-01-14 19:35:12,308 - DSN - INFO - DSN GPU Solver: n=1000, edges=5909
2026-01-14 19:35:12,308 - DSN - INFO - DSN GPU: T=500, η=0.003, LS=True
2026-01-14 19:35:12,335 - DSN - INFO - t=000: B=-12248.60, Cut=3690, Best=3690 [LS]
2026-01-14 19:35:12,865 - DSN - INFO - t=040: B=-6277.87, Cut=3208, Best=3690
2026-01-14 19:35:13,389 - DSN - INFO - t=080: B=-6048.20, Cut=3272, Best=3690
2026-01-14 19:35:13,926 - DSN - INFO - t=120: B=-5981.13, Cut=3270, Best=3690
2026-01-14 19:35:14,458 - DSN - INFO - t=160: B=-5952.47, Cut=3095, Best=3690
2026-01-14 19:35:14,987 - DSN - INFO - t=200: B=-5937.53, Cut=3652, Best=3690 [LS]
2026-01-14 19:35:15,516 - DSN - INFO - t=240: B=-5928.81, Cut=35, Best=3690
2026-01-14 19:35:16,051 - DSN - INFO - t=280: B=-5923.32, Cut=3197, Best=3690
2026-01-14 19:35:16,579 - DSN - INFO - t=320: B=-5919.68, Cut=35, Best=3690
2026-01-14 19:35:17,108 - DSN - INFO - t=360: B=-5917.17, Cut=0, Best=3690
2026-01-14 19:35:17,650 - DSN - INFO - t=400: B=-5915.38, Cut=3678, Best=3690 [LS]
2026-01-14 19:35:18,171 - DSN - INFO - t=440: B=-5914.07, Cut=3116, Best=3690
2026-01-14 19:35:18,706 - DSN - INFO - t=480: B=-5913.09, Cut=3300, Best=3690
2026-01-14 19:35:18,977 - DSN - INFO - DSN GPU done in 6.67s | Cut=3690
2026-01-14 19:35:18,981 - DSN - INFO - Results saved to: results/Gset/DSN_thorough/G51.csv
2026-01-14 19:35:18,981 - DSN - INFO - Cut: 3690 | Bound: -5912.72 | Time: 6.67s
2026-01-14 19:35:18,981 - DSN - INFO - Initialized DSN_thorough | preset=thorough | GPU=True
2026-01-14 19:35:18,981 - DSN - INFO - Params: η=0.003, T=500, init=degree, LS=True
2026-01-14 19:35:18,981 - DSN - INFO - Using GPU solver (CuPy)
2026-01-14 19:35:18,982 - DSN - INFO - DSN GPU Solver: n=1000, edges=5909
2026-01-14 19:35:18,982 - DSN - INFO - DSN GPU: T=500, η=0.003, LS=True
2026-01-14 19:35:19,009 - DSN - INFO - t=000: B=-12248.60, Cut=3675, Best=3675 [LS]
2026-01-14 19:35:19,535 - DSN - INFO - t=040: B=-6277.87, Cut=3261, Best=3675
2026-01-14 19:35:20,067 - DSN - INFO - t=080: B=-6048.20, Cut=3266, Best=3675
2026-01-14 19:35:20,606 - DSN - INFO - t=120: B=-5981.13, Cut=3298, Best=3678
2026-01-14 19:35:21,141 - DSN - INFO - t=160: B=-5952.47, Cut=2985, Best=3678
2026-01-14 19:35:21,672 - DSN - INFO - t=200: B=-5937.53, Cut=3674, Best=3678 [LS]
2026-01-14 19:35:22,201 - DSN - INFO - t=240: B=-5928.81, Cut=2686, Best=3678
2026-01-14 19:35:22,741 - DSN - INFO - t=280: B=-5923.32, Cut=3300, Best=3683
2026-01-14 19:35:23,270 - DSN - INFO - t=320: B=-5919.68, Cut=35, Best=3683
2026-01-14 19:35:23,797 - DSN - INFO - t=360: B=-5917.17, Cut=2446, Best=3683
2026-01-14 19:35:24,336 - DSN - INFO - t=400: B=-5915.38, Cut=3656, Best=3683 [LS]
2026-01-14 19:35:24,856 - DSN - INFO - t=440: B=-5914.07, Cut=3240, Best=3683
2026-01-14 19:35:25,387 - DSN - INFO - t=480: B=-5913.09, Cut=2446, Best=3683
2026-01-14 19:35:25,655 - DSN - INFO - DSN GPU done in 6.67s | Cut=3683
2026-01-14 19:35:25,658 - DSN - INFO - Results saved to: results/Gset/DSN_thorough/G51.csv
2026-01-14 19:35:25,658 - DSN - INFO - Cut: 3683 | Bound: -5912.72 | Time: 6.67s
2026-01-14 19:35:25,659 - DSN - INFO - Initialized DSN_thorough | preset=thorough | GPU=True
2026-01-14 19:35:25,659 - DSN - INFO - Params: η=0.003, T=500, init=degree, LS=True
2026-01-14 19:35:25,659 - DSN - INFO - Using GPU solver (CuPy)
2026-01-14 19:35:25,660 - DSN - INFO - DSN GPU Solver: n=1000, edges=5909
2026-01-14 19:35:25,660 - DSN - INFO - DSN GPU: T=500, η=0.003, LS=True
2026-01-14 19:35:25,687 - DSN - INFO - t=000: B=-12248.60, Cut=3675, Best=3675 [LS]
2026-01-14 19:35:26,217 - DSN - INFO - t=040: B=-6277.87, Cut=2873, Best=3675
2026-01-14 19:35:26,750 - DSN - INFO - t=080: B=-6048.20, Cut=3029, Best=3675
2026-01-14 19:35:27,297 - DSN - INFO - t=120: B=-5981.13, Cut=2876, Best=3679
2026-01-14 19:35:27,834 - DSN - INFO - t=160: B=-5952.47, Cut=1499, Best=3679
2026-01-14 19:35:28,365 - DSN - INFO - t=200: B=-5937.53, Cut=3679, Best=3679 [LS]
2026-01-14 19:35:28,893 - DSN - INFO - t=240: B=-5928.81, Cut=2664, Best=3679
2026-01-14 19:35:29,421 - DSN - INFO - t=280: B=-5923.32, Cut=2943, Best=3679
2026-01-14 19:35:29,954 - DSN - INFO - t=320: B=-5919.68, Cut=3284, Best=3679
2026-01-14 19:35:30,486 - DSN - INFO - t=360: B=-5917.17, Cut=3089, Best=3679
2026-01-14 19:35:31,025 - DSN - INFO - t=400: B=-5915.38, Cut=3682, Best=3682 [LS]
2026-01-14 19:35:31,544 - DSN - INFO - t=440: B=-5914.07, Cut=3300, Best=3682
2026-01-14 19:35:32,092 - DSN - INFO - t=480: B=-5913.09, Cut=2886, Best=3682
2026-01-14 19:35:32,362 - DSN - INFO - DSN GPU done in 6.70s | Cut=3682
2026-01-14 19:35:32,366 - DSN - INFO - Results saved to: results/Gset/DSN_thorough/G51.csv
2026-01-14 19:35:32,366 - DSN - INFO - Cut: 3682 | Bound: -5912.72 | Time: 6.70s
2026-01-14 19:35:32,366 - DSN - INFO - Initialized DSN_thorough | preset=thorough | GPU=True
2026-01-14 19:35:32,366 - DSN - INFO - Params: η=0.003, T=500, init=degree, LS=True
2026-01-14 19:35:32,366 - DSN - INFO - Using GPU solver (CuPy)
2026-01-14 19:35:32,367 - DSN - INFO - DSN GPU Solver: n=1000, edges=5909
2026-01-14 19:35:32,368 - DSN - INFO - DSN GPU: T=500, η=0.003, LS=True
2026-01-14 19:35:32,394 - DSN - INFO - t=000: B=-12248.60, Cut=3673, Best=3673 [LS]
2026-01-14 19:35:32,921 - DSN - INFO - t=040: B=-6277.87, Cut=3103, Best=3673
2026-01-14 19:35:33,452 - DSN - INFO - t=080: B=-6048.20, Cut=3301, Best=3677
2026-01-14 19:35:33,993 - DSN - INFO - t=120: B=-5981.13, Cut=3107, Best=3677
2026-01-14 19:35:34,531 - DSN - INFO - t=160: B=-5952.47, Cut=3256, Best=3677
2026-01-14 19:35:35,066 - DSN - INFO - t=200: B=-5937.53, Cut=3655, Best=3677 [LS]
2026-01-14 19:35:35,593 - DSN - INFO - t=240: B=-5928.81, Cut=0, Best=3677
2026-01-14 19:35:36,130 - DSN - INFO - t=280: B=-5923.32, Cut=2954, Best=3677
2026-01-14 19:35:36,658 - DSN - INFO - t=320: B=-5919.68, Cut=0, Best=3677
2026-01-14 19:35:37,200 - DSN - INFO - t=360: B=-5917.17, Cut=2446, Best=3683
2026-01-14 19:35:37,736 - DSN - INFO - t=400: B=-5915.38, Cut=3679, Best=3683 [LS]
2026-01-14 19:35:38,265 - DSN - INFO - t=440: B=-5914.07, Cut=3256, Best=3683
2026-01-14 19:35:38,804 - DSN - INFO - t=480: B=-5913.09, Cut=2446, Best=3683
2026-01-14 19:35:39,071 - DSN - INFO - DSN GPU done in 6.70s | Cut=3683
2026-01-14 19:35:39,074 - DSN - INFO - Results saved to: results/Gset/DSN_thorough/G51.csv
2026-01-14 19:35:39,074 - DSN - INFO - Cut: 3683 | Bound: -5912.72 | Time: 6.70s
2026-01-14 19:35:39,074 - DSN - INFO - Initialized DSN_thorough | preset=thorough | GPU=True
2026-01-14 19:35:39,074 - DSN - INFO - Params: η=0.003, T=500, init=degree, LS=True
2026-01-14 19:35:39,074 - DSN - INFO - Using GPU solver (CuPy)
2026-01-14 19:35:39,076 - DSN - INFO - DSN GPU Solver: n=1000, edges=5909
2026-01-14 19:35:39,076 - DSN - INFO - DSN GPU: T=500, η=0.003, LS=True
2026-01-14 19:35:39,104 - DSN - INFO - t=000: B=-12248.60, Cut=3675, Best=3675 [LS]
2026-01-14 19:35:39,625 - DSN - INFO - t=040: B=-6277.87, Cut=3269, Best=3675
2026-01-14 19:35:40,158 - DSN - INFO - t=080: B=-6048.20, Cut=3286, Best=3675
2026-01-14 19:35:40,690 - DSN - INFO - t=120: B=-5981.13, Cut=2866, Best=3675
2026-01-14 19:35:41,226 - DSN - INFO - t=160: B=-5952.47, Cut=3300, Best=3675
2026-01-14 19:35:41,761 - DSN - INFO - t=200: B=-5937.53, Cut=3658, Best=3675 [LS]
2026-01-14 19:35:42,291 - DSN - INFO - t=240: B=-5928.81, Cut=2356, Best=3675
2026-01-14 19:35:42,828 - DSN - INFO - t=280: B=-5923.32, Cut=1683, Best=3681
2026-01-14 19:35:43,360 - DSN - INFO - t=320: B=-5919.68, Cut=3116, Best=3685
2026-01-14 19:35:43,903 - DSN - INFO - t=360: B=-5917.17, Cut=3230, Best=3685
2026-01-14 19:35:44,441 - DSN - INFO - t=400: B=-5915.38, Cut=3678, Best=3685 [LS]
2026-01-14 19:35:44,958 - DSN - INFO - t=440: B=-5914.07, Cut=2436, Best=3685
2026-01-14 19:35:45,491 - DSN - INFO - t=480: B=-5913.09, Cut=3300, Best=3685
2026-01-14 19:35:45,766 - DSN - INFO - DSN GPU done in 6.69s | Cut=3685
2026-01-14 19:35:45,769 - DSN - INFO - Results saved to: results/Gset/DSN_thorough/G51.csv
2026-01-14 19:35:45,770 - DSN - INFO - Cut: 3685 | Bound: -5912.72 | Time: 6.69s
2026-01-14 19:35:45,770 - DSN - INFO - Initialized DSN_thorough | preset=thorough | GPU=True
2026-01-14 19:35:45,770 - DSN - INFO - Params: η=0.003, T=500, init=degree, LS=True
2026-01-14 19:35:45,770 - DSN - INFO - Using GPU solver (CuPy)
2026-01-14 19:35:45,771 - DSN - INFO - DSN GPU Solver: n=1000, edges=5909
2026-01-14 19:35:45,771 - DSN - INFO - DSN GPU: T=500, η=0.003, LS=True
2026-01-14 19:35:45,798 - DSN - INFO - t=000: B=-12248.60, Cut=3652, Best=3652 [LS]
2026-01-14 19:35:46,322 - DSN - INFO - t=040: B=-6277.87, Cut=3282, Best=3652
2026-01-14 19:35:46,853 - DSN - INFO - t=080: B=-6048.20, Cut=3269, Best=3652
2026-01-14 19:35:47,390 - DSN - INFO - t=120: B=-5981.13, Cut=3277, Best=3655
2026-01-14 19:35:47,921 - DSN - INFO - t=160: B=-5952.47, Cut=3277, Best=3655
2026-01-14 19:35:48,452 - DSN - INFO - t=200: B=-5937.53, Cut=3656, Best=3656 [LS]
2026-01-14 19:35:48,978 - DSN - INFO - t=240: B=-5928.81, Cut=2850, Best=3656
2026-01-14 19:35:49,511 - DSN - INFO - t=280: B=-5923.32, Cut=2810, Best=3659
2026-01-14 19:35:50,042 - DSN - INFO - t=320: B=-5919.68, Cut=2614, Best=3678
2026-01-14 19:35:50,581 - DSN - INFO - t=360: B=-5917.17, Cut=35, Best=3680
2026-01-14 19:35:51,115 - DSN - INFO - t=400: B=-5915.38, Cut=3678, Best=3680 [LS]
2026-01-14 19:35:51,636 - DSN - INFO - t=440: B=-5914.07, Cut=3211, Best=3680
2026-01-14 19:35:52,165 - DSN - INFO - t=480: B=-5913.09, Cut=2441, Best=3680
2026-01-14 19:35:52,432 - DSN - INFO - DSN GPU done in 6.66s | Cut=3680
2026-01-14 19:35:52,436 - DSN - INFO - Results saved to: results/Gset/DSN_thorough/G51.csv
2026-01-14 19:35:52,436 - DSN - INFO - Cut: 3680 | Bound: -5912.72 | Time: 6.66s
2026-01-14 19:35:52,436 - DSN - INFO - Initialized DSN_thorough | preset=thorough | GPU=True
2026-01-14 19:35:52,436 - DSN - INFO - Params: η=0.003, T=500, init=degree, LS=True
2026-01-14 19:35:52,436 - DSN - INFO - Using GPU solver (CuPy)
2026-01-14 19:35:52,437 - DSN - INFO - DSN GPU Solver: n=1000, edges=5909
2026-01-14 19:35:52,437 - DSN - INFO - DSN GPU: T=500, η=0.003, LS=True
2026-01-14 19:35:52,464 - DSN - INFO - t=000: B=-12248.60, Cut=3673, Best=3673 [LS]
2026-01-14 19:35:52,992 - DSN - INFO - t=040: B=-6277.87, Cut=3169, Best=3673
2026-01-14 19:35:53,524 - DSN - INFO - t=080: B=-6048.20, Cut=3210, Best=3680
2026-01-14 19:35:54,059 - DSN - INFO - t=120: B=-5981.13, Cut=3265, Best=3680
2026-01-14 19:35:54,600 - DSN - INFO - t=160: B=-5952.47, Cut=3256, Best=3680
2026-01-14 19:35:55,132 - DSN - INFO - t=200: B=-5937.53, Cut=3656, Best=3680 [LS]
2026-01-14 19:35:55,657 - DSN - INFO - t=240: B=-5928.81, Cut=2300, Best=3680
2026-01-14 19:35:56,186 - DSN - INFO - t=280: B=-5923.32, Cut=2886, Best=3680
2026-01-14 19:35:56,723 - DSN - INFO - t=320: B=-5919.68, Cut=2886, Best=3684
2026-01-14 19:35:57,254 - DSN - INFO - t=360: B=-5917.17, Cut=2880, Best=3684
2026-01-14 19:35:57,789 - DSN - INFO - t=400: B=-5915.38, Cut=3661, Best=3684 [LS]
2026-01-14 19:35:58,311 - DSN - INFO - t=440: B=-5914.07, Cut=1505, Best=3684
2026-01-14 19:35:58,844 - DSN - INFO - t=480: B=-5913.09, Cut=3232, Best=3684
2026-01-14 19:35:59,111 - DSN - INFO - DSN GPU done in 6.67s | Cut=3684
2026-01-14 19:35:59,115 - DSN - INFO - Results saved to: results/Gset/DSN_thorough/G51.csv
2026-01-14 19:35:59,115 - DSN - INFO - Cut: 3684 | Bound: -5912.72 | Time: 6.67s
2026-01-14 19:35:59,124 - DSN - INFO - Initialized DSN_thorough | preset=thorough | GPU=True
2026-01-14 19:35:59,124 - DSN - INFO - Params: η=0.003, T=500, init=degree, LS=True
2026-01-14 19:35:59,124 - DSN - INFO - Using GPU solver (CuPy)
2026-01-14 19:35:59,125 - DSN - INFO - DSN GPU Solver: n=1000, edges=5916
2026-01-14 19:35:59,125 - DSN - INFO - DSN GPU: T=500, η=0.003, LS=True
2026-01-14 19:35:59,154 - DSN - INFO - t=000: B=-11848.18, Cut=3679, Best=3679 [LS]
2026-01-14 19:35:59,668 - DSN - INFO - t=040: B=-6254.01, Cut=3272, Best=3679
2026-01-14 19:36:00,197 - DSN - INFO - t=080: B=-6038.85, Cut=0, Best=3679
2026-01-14 19:36:00,732 - DSN - INFO - t=120: B=-5978.39, Cut=2578, Best=3679
2026-01-14 19:36:01,257 - DSN - INFO - t=160: B=-5953.27, Cut=2247, Best=3679
2026-01-14 19:36:01,796 - DSN - INFO - t=200: B=-5940.43, Cut=3655, Best=3679 [LS]
2026-01-14 19:36:02,319 - DSN - INFO - t=240: B=-5933.03, Cut=20, Best=3679
2026-01-14 19:36:02,851 - DSN - INFO - t=280: B=-5928.40, Cut=3257, Best=3679
2026-01-14 19:36:03,388 - DSN - INFO - t=320: B=-5925.33, Cut=2848, Best=3679
2026-01-14 19:36:03,920 - DSN - INFO - t=360: B=-5923.21, Cut=1398, Best=3679
2026-01-14 19:36:04,447 - DSN - INFO - t=400: B=-5921.70, Cut=3658, Best=3679 [LS]
2026-01-14 19:36:04,974 - DSN - INFO - t=440: B=-5920.59, Cut=2848, Best=3679
2026-01-14 19:36:05,516 - DSN - INFO - t=480: B=-5919.75, Cut=3091, Best=3680
2026-01-14 19:36:05,788 - DSN - INFO - DSN GPU done in 6.66s | Cut=3680
2026-01-14 19:36:05,789 - DSN - INFO - Results saved to: results/Gset/DSN_thorough/G52.csv
2026-01-14 19:36:05,789 - DSN - INFO - Cut: 3680 | Bound: -5919.42 | Time: 6.66s
2026-01-14 19:36:05,789 - DSN - INFO - Initialized DSN_thorough | preset=thorough | GPU=True
2026-01-14 19:36:05,789 - DSN - INFO - Params: η=0.003, T=500, init=degree, LS=True
2026-01-14 19:36:05,789 - DSN - INFO - Using GPU solver (CuPy)
2026-01-14 19:36:05,791 - DSN - INFO - DSN GPU Solver: n=1000, edges=5916
2026-01-14 19:36:05,791 - DSN - INFO - DSN GPU: T=500, η=0.003, LS=True
2026-01-14 19:36:05,820 - DSN - INFO - t=000: B=-11848.18, Cut=3669, Best=3669 [LS]
2026-01-14 19:36:06,333 - DSN - INFO - t=040: B=-6254.01, Cut=3227, Best=3669
2026-01-14 19:36:06,869 - DSN - INFO - t=080: B=-6038.85, Cut=3241, Best=3669
2026-01-14 19:36:07,408 - DSN - INFO - t=120: B=-5978.39, Cut=1450, Best=3669
2026-01-14 19:36:07,940 - DSN - INFO - t=160: B=-5953.27, Cut=3227, Best=3670
2026-01-14 19:36:08,480 - DSN - INFO - t=200: B=-5940.43, Cut=3694, Best=3694 [LS]
2026-01-14 19:36:08,997 - DSN - INFO - t=240: B=-5933.03, Cut=3115, Best=3694
2026-01-14 19:36:09,533 - DSN - INFO - t=280: B=-5928.40, Cut=3282, Best=3694
2026-01-14 19:36:10,068 - DSN - INFO - t=320: B=-5925.33, Cut=3286, Best=3694
2026-01-14 19:36:10,606 - DSN - INFO - t=360: B=-5923.21, Cut=2848, Best=3694
2026-01-14 19:36:11,143 - DSN - INFO - t=400: B=-5921.70, Cut=3695, Best=3695 [LS]
2026-01-14 19:36:11,667 - DSN - INFO - t=440: B=-5920.59, Cut=3129, Best=3695
2026-01-14 19:36:12,203 - DSN - INFO - t=480: B=-5919.75, Cut=20, Best=3695
2026-01-14 19:36:12,479 - DSN - INFO - DSN GPU done in 6.69s | Cut=3695
2026-01-14 19:36:12,483 - DSN - INFO - Results saved to: results/Gset/DSN_thorough/G52.csv
2026-01-14 19:36:12,483 - DSN - INFO - Cut: 3695 | Bound: -5919.42 | Time: 6.69s
2026-01-14 19:36:12,483 - DSN - INFO - Initialized DSN_thorough | preset=thorough | GPU=True
2026-01-14 19:36:12,483 - DSN - INFO - Params: η=0.003, T=500, init=degree, LS=True
2026-01-14 19:36:12,483 - DSN - INFO - Using GPU solver (CuPy)
2026-01-14 19:36:12,484 - DSN - INFO - DSN GPU Solver: n=1000, edges=5916
2026-01-14 19:36:12,484 - DSN - INFO - DSN GPU: T=500, η=0.003, LS=True
2026-01-14 19:36:12,515 - DSN - INFO - t=000: B=-11848.17, Cut=3688, Best=3688 [LS]
2026-01-14 19:36:13,031 - DSN - INFO - t=040: B=-6254.01, Cut=2941, Best=3688
2026-01-14 19:36:13,570 - DSN - INFO - t=080: B=-6038.85, Cut=2835, Best=3688
2026-01-14 19:36:14,104 - DSN - INFO - t=120: B=-5978.39, Cut=2764, Best=3688
2026-01-14 19:36:14,639 - DSN - INFO - t=160: B=-5953.27, Cut=3223, Best=3688
2026-01-14 19:36:15,172 - DSN - INFO - t=200: B=-5940.43, Cut=3674, Best=3688 [LS]
2026-01-14 19:36:15,696 - DSN - INFO - t=240: B=-5933.03, Cut=2952, Best=3688
2026-01-14 19:36:16,231 - DSN - INFO - t=280: B=-5928.40, Cut=2410, Best=3688
2026-01-14 19:36:16,761 - DSN - INFO - t=320: B=-5925.33, Cut=2848, Best=3690
2026-01-14 19:36:17,294 - DSN - INFO - t=360: B=-5923.21, Cut=20, Best=3694
2026-01-14 19:36:17,824 - DSN - INFO - t=400: B=-5921.70, Cut=3674, Best=3694 [LS]
2026-01-14 19:36:18,350 - DSN - INFO - t=440: B=-5920.59, Cut=3227, Best=3694
2026-01-14 19:36:18,894 - DSN - INFO - t=480: B=-5919.75, Cut=2848, Best=3694
2026-01-14 19:36:19,173 - DSN - INFO - DSN GPU done in 6.69s | Cut=3694
2026-01-14 19:36:19,176 - DSN - INFO - Results saved to: results/Gset/DSN_thorough/G52.csv
2026-01-14 19:36:19,176 - DSN - INFO - Cut: 3694 | Bound: -5919.42 | Time: 6.69s
2026-01-14 19:36:19,176 - DSN - INFO - Initialized DSN_thorough | preset=thorough | GPU=True
2026-01-14 19:36:19,176 - DSN - INFO - Params: η=0.003, T=500, init=degree, LS=True
2026-01-14 19:36:19,177 - DSN - INFO - Using GPU solver (CuPy)
2026-01-14 19:36:19,178 - DSN - INFO - DSN GPU Solver: n=1000, edges=5916
2026-01-14 19:36:19,178 - DSN - INFO - DSN GPU: T=500, η=0.003, LS=True
2026-01-14 19:36:19,207 - DSN - INFO - t=000: B=-11848.18, Cut=3674, Best=3674 [LS]
2026-01-14 19:36:19,721 - DSN - INFO - t=040: B=-6254.02, Cut=3111, Best=3674
2026-01-14 19:36:20,255 - DSN - INFO - t=080: B=-6038.85, Cut=3284, Best=3674
2026-01-14 19:36:20,786 - DSN - INFO - t=120: B=-5978.39, Cut=3286, Best=3688
2026-01-14 19:36:21,309 - DSN - INFO - t=160: B=-5953.27, Cut=2866, Best=3688
2026-01-14 19:36:21,847 - DSN - INFO - t=200: B=-5940.43, Cut=3658, Best=3688 [LS]
2026-01-14 19:36:22,367 - DSN - INFO - t=240: B=-5933.03, Cut=20, Best=3688
2026-01-14 19:36:22,904 - DSN - INFO - t=280: B=-5928.40, Cut=3243, Best=3688
2026-01-14 19:36:23,441 - DSN - INFO - t=320: B=-5925.33, Cut=20, Best=3688
2026-01-14 19:36:23,973 - DSN - INFO - t=360: B=-5923.21, Cut=0, Best=3688
2026-01-14 19:36:24,506 - DSN - INFO - t=400: B=-5921.70, Cut=3672, Best=3688 [LS]
2026-01-14 19:36:25,033 - DSN - INFO - t=440: B=-5920.59, Cut=2959, Best=3688
2026-01-14 19:36:25,567 - DSN - INFO - t=480: B=-5919.75, Cut=3281, Best=3688
2026-01-14 19:36:25,845 - DSN - INFO - DSN GPU done in 6.67s | Cut=3688
2026-01-14 19:36:25,848 - DSN - INFO - Results saved to: results/Gset/DSN_thorough/G52.csv
2026-01-14 19:36:25,848 - DSN - INFO - Cut: 3688 | Bound: -5919.42 | Time: 6.67s
2026-01-14 19:36:25,848 - DSN - INFO - Initialized DSN_thorough | preset=thorough | GPU=True
2026-01-14 19:36:25,849 - DSN - INFO - Params: η=0.003, T=500, init=degree, LS=True
2026-01-14 19:36:25,849 - DSN - INFO - Using GPU solver (CuPy)
2026-01-14 19:36:25,850 - DSN - INFO - DSN GPU Solver: n=1000, edges=5916
2026-01-14 19:36:25,850 - DSN - INFO - DSN GPU: T=500, η=0.003, LS=True
2026-01-14 19:36:25,880 - DSN - INFO - t=000: B=-11848.18, Cut=3691, Best=3691 [LS]
2026-01-14 19:36:26,394 - DSN - INFO - t=040: B=-6254.01, Cut=3269, Best=3691
2026-01-14 19:36:26,930 - DSN - INFO - t=080: B=-6038.85, Cut=3280, Best=3691
2026-01-14 19:36:27,459 - DSN - INFO - t=120: B=-5978.39, Cut=3227, Best=3691
2026-01-14 19:36:27,988 - DSN - INFO - t=160: B=-5953.27, Cut=2832, Best=3691
2026-01-14 19:36:28,528 - DSN - INFO - t=200: B=-5940.43, Cut=3676, Best=3691 [LS]
2026-01-14 19:36:29,052 - DSN - INFO - t=240: B=-5933.03, Cut=2410, Best=3691
2026-01-14 19:36:29,599 - DSN - INFO - t=280: B=-5928.40, Cut=3227, Best=3691
2026-01-14 19:36:30,136 - DSN - INFO - t=320: B=-5925.33, Cut=20, Best=3691
2026-01-14 19:36:30,673 - DSN - INFO - t=360: B=-5923.21, Cut=2403, Best=3691
2026-01-14 19:36:31,204 - DSN - INFO - t=400: B=-5921.70, Cut=3654, Best=3691 [LS]
2026-01-14 19:36:31,730 - DSN - INFO - t=440: B=-5920.59, Cut=3091, Best=3691
2026-01-14 19:36:32,268 - DSN - INFO - t=480: B=-5919.75, Cut=2353, Best=3693
2026-01-14 19:36:32,538 - DSN - INFO - DSN GPU done in 6.69s | Cut=3693
2026-01-14 19:36:32,542 - DSN - INFO - Results saved to: results/Gset/DSN_thorough/G52.csv
2026-01-14 19:36:32,542 - DSN - INFO - Cut: 3693 | Bound: -5919.42 | Time: 6.69s
2026-01-14 19:36:32,542 - DSN - INFO - Initialized DSN_thorough | preset=thorough | GPU=True
2026-01-14 19:36:32,542 - DSN - INFO - Params: η=0.003, T=500, init=degree, LS=True
2026-01-14 19:36:32,542 - DSN - INFO - Using GPU solver (CuPy)
2026-01-14 19:36:32,544 - DSN - INFO - DSN GPU Solver: n=1000, edges=5916
2026-01-14 19:36:32,544 - DSN - INFO - DSN GPU: T=500, η=0.003, LS=True
2026-01-14 19:36:32,573 - DSN - INFO - t=000: B=-11848.18, Cut=3692, Best=3692 [LS]
2026-01-14 19:36:33,086 - DSN - INFO - t=040: B=-6254.01, Cut=2917, Best=3692
2026-01-14 19:36:33,620 - DSN - INFO - t=080: B=-6038.85, Cut=2835, Best=3692
2026-01-14 19:36:34,152 - DSN - INFO - t=120: B=-5978.39, Cut=2670, Best=3693
2026-01-14 19:36:34,680 - DSN - INFO - t=160: B=-5953.27, Cut=1376, Best=3693
2026-01-14 19:36:35,216 - DSN - INFO - t=200: B=-5940.43, Cut=3686, Best=3693 [LS]
2026-01-14 19:36:35,733 - DSN - INFO - t=240: B=-5933.03, Cut=2403, Best=3693
2026-01-14 19:36:36,260 - DSN - INFO - t=280: B=-5928.40, Cut=2848, Best=3693
2026-01-14 19:36:36,800 - DSN - INFO - t=320: B=-5925.33, Cut=3286, Best=3693
2026-01-14 19:36:37,332 - DSN - INFO - t=360: B=-5923.21, Cut=2848, Best=3693
2026-01-14 19:36:37,867 - DSN - INFO - t=400: B=-5921.70, Cut=3672, Best=3693 [LS]
2026-01-14 19:36:38,388 - DSN - INFO - t=440: B=-5920.59, Cut=3227, Best=3693
2026-01-14 19:36:38,927 - DSN - INFO - t=480: B=-5919.75, Cut=2664, Best=3693
2026-01-14 19:36:39,207 - DSN - INFO - DSN GPU done in 6.66s | Cut=3693
2026-01-14 19:36:39,211 - DSN - INFO - Results saved to: results/Gset/DSN_thorough/G52.csv
2026-01-14 19:36:39,211 - DSN - INFO - Cut: 3693 | Bound: -5919.42 | Time: 6.66s
2026-01-14 19:36:39,211 - DSN - INFO - Initialized DSN_thorough | preset=thorough | GPU=True
2026-01-14 19:36:39,211 - DSN - INFO - Params: η=0.003, T=500, init=degree, LS=True
2026-01-14 19:36:39,211 - DSN - INFO - Using GPU solver (CuPy)
2026-01-14 19:36:39,212 - DSN - INFO - DSN GPU Solver: n=1000, edges=5916
2026-01-14 19:36:39,212 - DSN - INFO - DSN GPU: T=500, η=0.003, LS=True
2026-01-14 19:36:39,242 - DSN - INFO - t=000: B=-11848.18, Cut=3679, Best=3679 [LS]
2026-01-14 19:36:39,758 - DSN - INFO - t=040: B=-6254.01, Cut=2964, Best=3679
2026-01-14 19:36:40,289 - DSN - INFO - t=080: B=-6038.85, Cut=3277, Best=3691
2026-01-14 19:36:40,818 - DSN - INFO - t=120: B=-5978.39, Cut=2912, Best=3691
2026-01-14 19:36:41,347 - DSN - INFO - t=160: B=-5953.27, Cut=3149, Best=3691
2026-01-14 19:36:41,886 - DSN - INFO - t=200: B=-5940.43, Cut=3693, Best=3693 [LS]
2026-01-14 19:36:42,404 - DSN - INFO - t=240: B=-5933.03, Cut=0, Best=3693
2026-01-14 19:36:42,943 - DSN - INFO - t=280: B=-5928.40, Cut=2848, Best=3693
2026-01-14 19:36:43,480 - DSN - INFO - t=320: B=-5925.33, Cut=0, Best=3694
2026-01-14 19:36:44,023 - DSN - INFO - t=360: B=-5923.21, Cut=2410, Best=3694
2026-01-14 19:36:44,557 - DSN - INFO - t=400: B=-5921.70, Cut=3684, Best=3694 [LS]
2026-01-14 19:36:45,084 - DSN - INFO - t=440: B=-5920.59, Cut=3227, Best=3694
2026-01-14 19:36:45,625 - DSN - INFO - t=480: B=-5919.75, Cut=2410, Best=3694
2026-01-14 19:36:45,889 - DSN - INFO - DSN GPU done in 6.68s | Cut=3694
2026-01-14 19:36:45,893 - DSN - INFO - Results saved to: results/Gset/DSN_thorough/G52.csv
2026-01-14 19:36:45,893 - DSN - INFO - Cut: 3694 | Bound: -5919.42 | Time: 6.68s
2026-01-14 19:36:45,893 - DSN - INFO - Initialized DSN_thorough | preset=thorough | GPU=True
2026-01-14 19:36:45,893 - DSN - INFO - Params: η=0.003, T=500, init=degree, LS=True
2026-01-14 19:36:45,893 - DSN - INFO - Using GPU solver (CuPy)
2026-01-14 19:36:45,895 - DSN - INFO - DSN GPU Solver: n=1000, edges=5916
2026-01-14 19:36:45,895 - DSN - INFO - DSN GPU: T=500, η=0.003, LS=True
2026-01-14 19:36:45,924 - DSN - INFO - t=000: B=-11848.17, Cut=3691, Best=3691 [LS]
2026-01-14 19:36:46,440 - DSN - INFO - t=040: B=-6254.01, Cut=3222, Best=3691
2026-01-14 19:36:46,979 - DSN - INFO - t=080: B=-6038.85, Cut=3224, Best=3691
2026-01-14 19:36:47,504 - DSN - INFO - t=120: B=-5978.39, Cut=2658, Best=3691
2026-01-14 19:36:48,034 - DSN - INFO - t=160: B=-5953.27, Cut=3243, Best=3691
2026-01-14 19:36:48,569 - DSN - INFO - t=200: B=-5940.44, Cut=3654, Best=3691 [LS]
2026-01-14 19:36:49,090 - DSN - INFO - t=240: B=-5933.03, Cut=1468, Best=3691
2026-01-14 19:36:49,625 - DSN - INFO - t=280: B=-5928.40, Cut=1468, Best=3694
2026-01-14 19:36:50,160 - DSN - INFO - t=320: B=-5925.33, Cut=3057, Best=3694
2026-01-14 19:36:50,700 - DSN - INFO - t=360: B=-5923.21, Cut=3091, Best=3694
2026-01-14 19:36:51,240 - DSN - INFO - t=400: B=-5921.70, Cut=3672, Best=3694 [LS]
2026-01-14 19:36:51,761 - DSN - INFO - t=440: B=-5920.59, Cut=1468, Best=3694
2026-01-14 19:36:52,296 - DSN - INFO - t=480: B=-5919.75, Cut=3282, Best=3694
2026-01-14 19:36:52,575 - DSN - INFO - DSN GPU done in 6.68s | Cut=3694
2026-01-14 19:36:52,578 - DSN - INFO - Results saved to: results/Gset/DSN_thorough/G52.csv
2026-01-14 19:36:52,578 - DSN - INFO - Cut: 3694 | Bound: -5919.42 | Time: 6.68s
2026-01-14 19:36:52,579 - DSN - INFO - Initialized DSN_thorough | preset=thorough | GPU=True
2026-01-14 19:36:52,579 - DSN - INFO - Params: η=0.003, T=500, init=degree, LS=True
2026-01-14 19:36:52,579 - DSN - INFO - Using GPU solver (CuPy)
2026-01-14 19:36:52,580 - DSN - INFO - DSN GPU Solver: n=1000, edges=5916
2026-01-14 19:36:52,580 - DSN - INFO - DSN GPU: T=500, η=0.003, LS=True
2026-01-14 19:36:52,610 - DSN - INFO - t=000: B=-11848.17, Cut=3673, Best=3673 [LS]
2026-01-14 19:36:53,126 - DSN - INFO - t=040: B=-6254.01, Cut=3278, Best=3673
2026-01-14 19:36:53,658 - DSN - INFO - t=080: B=-6038.85, Cut=3284, Best=3673
2026-01-14 19:36:54,188 - DSN - INFO - t=120: B=-5978.39, Cut=3223, Best=3673
2026-01-14 19:36:54,719 - DSN - INFO - t=160: B=-5953.27, Cut=3227, Best=3673
2026-01-14 19:36:55,256 - DSN - INFO - t=200: B=-5940.43, Cut=3652, Best=3673 [LS]
2026-01-14 19:36:55,778 - DSN - INFO - t=240: B=-5933.03, Cut=2410, Best=3673
2026-01-14 19:36:56,317 - DSN - INFO - t=280: B=-5928.40, Cut=2410, Best=3694
2026-01-14 19:36:56,857 - DSN - INFO - t=320: B=-5925.33, Cut=2410, Best=3694
2026-01-14 19:36:57,402 - DSN - INFO - t=360: B=-5923.21, Cut=20, Best=3694
2026-01-14 19:36:57,931 - DSN - INFO - t=400: B=-5921.70, Cut=3672, Best=3694 [LS]
2026-01-14 19:36:58,457 - DSN - INFO - t=440: B=-5920.59, Cut=3243, Best=3694
2026-01-14 19:36:58,995 - DSN - INFO - t=480: B=-5919.75, Cut=1473, Best=3694
2026-01-14 19:36:59,265 - DSN - INFO - DSN GPU done in 6.68s | Cut=3694
2026-01-14 19:36:59,268 - DSN - INFO - Results saved to: results/Gset/DSN_thorough/G52.csv
2026-01-14 19:36:59,268 - DSN - INFO - Cut: 3694 | Bound: -5919.42 | Time: 6.69s
2026-01-14 19:36:59,269 - DSN - INFO - Initialized DSN_thorough | preset=thorough | GPU=True
2026-01-14 19:36:59,269 - DSN - INFO - Params: η=0.003, T=500, init=degree, LS=True
2026-01-14 19:36:59,269 - DSN - INFO - Using GPU solver (CuPy)
2026-01-14 19:36:59,270 - DSN - INFO - DSN GPU Solver: n=1000, edges=5916
2026-01-14 19:36:59,270 - DSN - INFO - DSN GPU: T=500, η=0.003, LS=True
2026-01-14 19:36:59,300 - DSN - INFO - t=000: B=-11848.18, Cut=3692, Best=3692 [LS]
2026-01-14 19:36:59,811 - DSN - INFO - t=040: B=-6254.01, Cut=3060, Best=3692
2026-01-14 19:37:00,345 - DSN - INFO - t=080: B=-6038.85, Cut=3082, Best=3692
2026-01-14 19:37:00,875 - DSN - INFO - t=120: B=-5978.39, Cut=3201, Best=3692
2026-01-14 19:37:01,402 - DSN - INFO - t=160: B=-5953.27, Cut=3195, Best=3692
2026-01-14 19:37:01,936 - DSN - INFO - t=200: B=-5940.43, Cut=3658, Best=3692 [LS]
2026-01-14 19:37:02,452 - DSN - INFO - t=240: B=-5933.03, Cut=1468, Best=3692
2026-01-14 19:37:02,987 - DSN - INFO - t=280: B=-5928.40, Cut=2738, Best=3692
2026-01-14 19:37:03,525 - DSN - INFO - t=320: B=-5925.33, Cut=2848, Best=3692
2026-01-14 19:37:04,060 - DSN - INFO - t=360: B=-5923.21, Cut=2410, Best=3694
2026-01-14 19:37:04,601 - DSN - INFO - t=400: B=-5921.70, Cut=3658, Best=3694 [LS]
2026-01-14 19:37:05,124 - DSN - INFO - t=440: B=-5920.59, Cut=1468, Best=3694
2026-01-14 19:37:05,665 - DSN - INFO - t=480: B=-5919.75, Cut=3091, Best=3694
2026-01-14 19:37:05,934 - DSN - INFO - DSN GPU done in 6.66s | Cut=3694
2026-01-14 19:37:05,938 - DSN - INFO - Results saved to: results/Gset/DSN_thorough/G52.csv
2026-01-14 19:37:05,938 - DSN - INFO - Cut: 3694 | Bound: -5919.42 | Time: 6.67s
2026-01-14 19:37:05,947 - DSN - INFO - Initialized DSN_thorough | preset=thorough | GPU=True
2026-01-14 19:37:05,947 - DSN - INFO - Params: η=0.003, T=500, init=degree, LS=True
2026-01-14 19:37:05,947 - DSN - INFO - Using GPU solver (CuPy)
2026-01-14 19:37:05,948 - DSN - INFO - DSN GPU Solver: n=1000, edges=5914
2026-01-14 19:37:05,948 - DSN - INFO - DSN GPU: T=500, η=0.003, LS=True
2026-01-14 19:37:05,977 - DSN - INFO - t=000: B=-11926.82, Cut=3684, Best=3684 [LS]
2026-01-14 19:37:06,496 - DSN - INFO - t=040: B=-6255.78, Cut=3222, Best=3684
2026-01-14 19:37:07,028 - DSN - INFO - t=080: B=-6038.77, Cut=0, Best=3684
2026-01-14 19:37:07,562 - DSN - INFO - t=120: B=-5977.33, Cut=2582, Best=3684
2026-01-14 19:37:08,092 - DSN - INFO - t=160: B=-5951.62, Cut=2237, Best=3684
2026-01-14 19:37:08,622 - DSN - INFO - t=200: B=-5938.42, Cut=3672, Best=3684 [LS]
2026-01-14 19:37:09,141 - DSN - INFO - t=240: B=-5930.80, Cut=20, Best=3684
2026-01-14 19:37:09,683 - DSN - INFO - t=280: B=-5926.05, Cut=3205, Best=3684
2026-01-14 19:37:10,211 - DSN - INFO - t=320: B=-5922.92, Cut=2893, Best=3684
2026-01-14 19:37:10,753 - DSN - INFO - t=360: B=-5920.77, Cut=1394, Best=3684
2026-01-14 19:37:11,279 - DSN - INFO - t=400: B=-5919.25, Cut=3664, Best=3684 [LS]
2026-01-14 19:37:11,798 - DSN - INFO - t=440: B=-5918.14, Cut=2848, Best=3684
2026-01-14 19:37:12,332 - DSN - INFO - t=480: B=-5917.32, Cut=3084, Best=3684
2026-01-14 19:37:12,597 - DSN - INFO - DSN GPU done in 6.65s | Cut=3684
2026-01-14 19:37:12,599 - DSN - INFO - Results saved to: results/Gset/DSN_thorough/G53.csv
2026-01-14 19:37:12,599 - DSN - INFO - Cut: 3684 | Bound: -5917.00 | Time: 6.65s
2026-01-14 19:37:12,599 - DSN - INFO - Initialized DSN_thorough | preset=thorough | GPU=True
2026-01-14 19:37:12,599 - DSN - INFO - Params: η=0.003, T=500, init=degree, LS=True
2026-01-14 19:37:12,599 - DSN - INFO - Using GPU solver (CuPy)
2026-01-14 19:37:12,600 - DSN - INFO - DSN GPU Solver: n=1000, edges=5914
2026-01-14 19:37:12,600 - DSN - INFO - DSN GPU: T=500, η=0.003, LS=True
2026-01-14 19:37:12,630 - DSN - INFO - t=000: B=-11926.82, Cut=3693, Best=3693 [LS]
2026-01-14 19:37:13,149 - DSN - INFO - t=040: B=-6255.77, Cut=3194, Best=3693
2026-01-14 19:37:13,686 - DSN - INFO - t=080: B=-6038.77, Cut=3199, Best=3693
2026-01-14 19:37:14,218 - DSN - INFO - t=120: B=-5977.33, Cut=1442, Best=3693
2026-01-14 19:37:14,761 - DSN - INFO - t=160: B=-5951.62, Cut=3186, Best=3693
2026-01-14 19:37:15,300 - DSN - INFO - t=200: B=-5938.42, Cut=3663, Best=3693 [LS]
2026-01-14 19:37:15,820 - DSN - INFO - t=240: B=-5930.80, Cut=3100, Best=3693
2026-01-14 19:37:16,359 - DSN - INFO - t=280: B=-5926.05, Cut=3234, Best=3693
2026-01-14 19:37:16,899 - DSN - INFO - t=320: B=-5922.92, Cut=3244, Best=3693
2026-01-14 19:37:17,439 - DSN - INFO - t=360: B=-5920.77, Cut=2848, Best=3693
2026-01-14 19:37:17,978 - DSN - INFO - t=400: B=-5919.25, Cut=3686, Best=3693 [LS]
2026-01-14 19:37:18,497 - DSN - INFO - t=440: B=-5918.14, Cut=3100, Best=3693
2026-01-14 19:37:19,029 - DSN - INFO - t=480: B=-5917.32, Cut=20, Best=3693
2026-01-14 19:37:19,300 - DSN - INFO - DSN GPU done in 6.70s | Cut=3693
2026-01-14 19:37:19,303 - DSN - INFO - Results saved to: results/Gset/DSN_thorough/G53.csv
2026-01-14 19:37:19,303 - DSN - INFO - Cut: 3693 | Bound: -5917.00 | Time: 6.70s
2026-01-14 19:37:19,303 - DSN - INFO - Initialized DSN_thorough | preset=thorough | GPU=True
2026-01-14 19:37:19,303 - DSN - INFO - Params: η=0.003, T=500, init=degree, LS=True
2026-01-14 19:37:19,303 - DSN - INFO - Using GPU solver (CuPy)
2026-01-14 19:37:19,305 - DSN - INFO - DSN GPU Solver: n=1000, edges=5914
2026-01-14 19:37:19,305 - DSN - INFO - DSN GPU: T=500, η=0.003, LS=True
2026-01-14 19:37:19,333 - DSN - INFO - t=000: B=-11926.82, Cut=3690, Best=3690 [LS]
2026-01-14 19:37:19,849 - DSN - INFO - t=040: B=-6255.78, Cut=2911, Best=3690
2026-01-14 19:37:20,384 - DSN - INFO - t=080: B=-6038.77, Cut=2853, Best=3690
2026-01-14 19:37:20,914 - DSN - INFO - t=120: B=-5977.33, Cut=2814, Best=3690
2026-01-14 19:37:21,440 - DSN - INFO - t=160: B=-5951.62, Cut=3184, Best=3690
2026-01-14 19:37:21,964 - DSN - INFO - t=200: B=-5938.42, Cut=3663, Best=3690 [LS]
2026-01-14 19:37:22,491 - DSN - INFO - t=240: B=-5930.80, Cut=2991, Best=3690
2026-01-14 19:37:23,020 - DSN - INFO - t=280: B=-5926.05, Cut=2346, Best=3690
2026-01-14 19:37:23,557 - DSN - INFO - t=320: B=-5922.92, Cut=2848, Best=3690
2026-01-14 19:37:24,095 - DSN - INFO - t=360: B=-5920.77, Cut=20, Best=3690
2026-01-14 19:37:24,622 - DSN - INFO - t=400: B=-5919.25, Cut=3673, Best=3690 [LS]
2026-01-14 19:37:25,140 - DSN - INFO - t=440: B=-5918.14, Cut=3186, Best=3690
2026-01-14 19:37:25,681 - DSN - INFO - t=480: B=-5917.32, Cut=2848, Best=3690
2026-01-14 19:37:25,958 - DSN - INFO - DSN GPU done in 6.65s | Cut=3690
2026-01-14 19:37:25,961 - DSN - INFO - Results saved to: results/Gset/DSN_thorough/G53.csv
2026-01-14 19:37:25,961 - DSN - INFO - Cut: 3690 | Bound: -5917.00 | Time: 6.65s
2026-01-14 19:37:25,961 - DSN - INFO - Initialized DSN_thorough | preset=thorough | GPU=True
2026-01-14 19:37:25,961 - DSN - INFO - Params: η=0.003, T=500, init=degree, LS=True
2026-01-14 19:37:25,961 - DSN - INFO - Using GPU solver (CuPy)
2026-01-14 19:37:25,963 - DSN - INFO - DSN GPU Solver: n=1000, edges=5914
2026-01-14 19:37:25,963 - DSN - INFO - DSN GPU: T=500, η=0.003, LS=True
2026-01-14 19:37:25,991 - DSN - INFO - t=000: B=-11926.82, Cut=3695, Best=3695 [LS]
2026-01-14 19:37:26,510 - DSN - INFO - t=040: B=-6255.77, Cut=3101, Best=3695
2026-01-14 19:37:27,046 - DSN - INFO - t=080: B=-6038.77, Cut=3240, Best=3695
2026-01-14 19:37:27,579 - DSN - INFO - t=120: B=-5977.33, Cut=3244, Best=3695
2026-01-14 19:37:28,111 - DSN - INFO - t=160: B=-5951.62, Cut=2893, Best=3695
2026-01-14 19:37:28,641 - DSN - INFO - t=200: B=-5938.42, Cut=3664, Best=3695 [LS]
2026-01-14 19:37:29,161 - DSN - INFO - t=240: B=-5930.80, Cut=20, Best=3695
2026-01-14 19:37:29,700 - DSN - INFO - t=280: B=-5926.05, Cut=3192, Best=3695
2026-01-14 19:37:30,237 - DSN - INFO - t=320: B=-5922.92, Cut=20, Best=3695
2026-01-14 19:37:30,771 - DSN - INFO - t=360: B=-5920.77, Cut=0, Best=3695
2026-01-14 19:37:31,301 - DSN - INFO - t=400: B=-5919.25, Cut=3686, Best=3695 [LS]
2026-01-14 19:37:31,821 - DSN - INFO - t=440: B=-5918.14, Cut=2975, Best=3695
2026-01-14 19:37:32,360 - DSN - INFO - t=480: B=-5917.32, Cut=3236, Best=3695
2026-01-14 19:37:32,633 - DSN - INFO - DSN GPU done in 6.67s | Cut=3695
2026-01-14 19:37:32,637 - DSN - INFO - Results saved to: results/Gset/DSN_thorough/G53.csv
2026-01-14 19:37:32,637 - DSN - INFO - Cut: 3695 | Bound: -5917.00 | Time: 6.67s
2026-01-14 19:37:32,637 - DSN - INFO - Initialized DSN_thorough | preset=thorough | GPU=True
2026-01-14 19:37:32,637 - DSN - INFO - Params: η=0.003, T=500, init=degree, LS=True
2026-01-14 19:37:32,637 - DSN - INFO - Using GPU solver (CuPy)
2026-01-14 19:37:32,638 - DSN - INFO - DSN GPU Solver: n=1000, edges=5914
2026-01-14 19:37:32,638 - DSN - INFO - DSN GPU: T=500, η=0.003, LS=True
2026-01-14 19:37:32,667 - DSN - INFO - t=000: B=-11926.82, Cut=3696, Best=3696 [LS]
2026-01-14 19:37:33,186 - DSN - INFO - t=040: B=-6255.77, Cut=3214, Best=3696
2026-01-14 19:37:33,715 - DSN - INFO - t=080: B=-6038.77, Cut=3240, Best=3696
2026-01-14 19:37:34,249 - DSN - INFO - t=120: B=-5977.33, Cut=3190, Best=3696
2026-01-14 19:37:34,791 - DSN - INFO - t=160: B=-5951.62, Cut=2842, Best=3696
2026-01-14 19:37:35,320 - DSN - INFO - t=200: B=-5938.43, Cut=3679, Best=3696 [LS]
2026-01-14 19:37:35,843 - DSN - INFO - t=240: B=-5930.80, Cut=2346, Best=3696
2026-01-14 19:37:36,387 - DSN - INFO - t=280: B=-5926.05, Cut=3190, Best=3696
2026-01-14 19:37:36,929 - DSN - INFO - t=320: B=-5922.92, Cut=20, Best=3696
2026-01-14 19:37:37,464 - DSN - INFO - t=360: B=-5920.77, Cut=2346, Best=3696
2026-01-14 19:37:37,995 - DSN - INFO - t=400: B=-5919.25, Cut=3670, Best=3696 [LS]
2026-01-14 19:37:38,512 - DSN - INFO - t=440: B=-5918.14, Cut=3084, Best=3696
2026-01-14 19:37:39,041 - DSN - INFO - t=480: B=-5917.32, Cut=2326, Best=3696
2026-01-14 19:37:39,314 - DSN - INFO - DSN GPU done in 6.68s | Cut=3696
2026-01-14 19:37:39,317 - DSN - INFO - Results saved to: results/Gset/DSN_thorough/G53.csv
2026-01-14 19:37:39,317 - DSN - INFO - Cut: 3696 | Bound: -5917.00 | Time: 6.68s
2026-01-14 19:37:39,317 - DSN - INFO - Initialized DSN_thorough | preset=thorough | GPU=True
2026-01-14 19:37:39,317 - DSN - INFO - Params: η=0.003, T=500, init=degree, LS=True
2026-01-14 19:37:39,317 - DSN - INFO - Using GPU solver (CuPy)
2026-01-14 19:37:39,319 - DSN - INFO - DSN GPU Solver: n=1000, edges=5914
2026-01-14 19:37:39,319 - DSN - INFO - DSN GPU: T=500, η=0.003, LS=True
2026-01-14 19:37:39,347 - DSN - INFO - t=000: B=-11926.82, Cut=3698, Best=3698 [LS]
2026-01-14 19:37:39,867 - DSN - INFO - t=040: B=-6255.77, Cut=2903, Best=3698
2026-01-14 19:37:40,399 - DSN - INFO - t=080: B=-6038.77, Cut=2848, Best=3698
2026-01-14 19:37:40,929 - DSN - INFO - t=120: B=-5977.33, Cut=2710, Best=3698
2026-01-14 19:37:41,469 - DSN - INFO - t=160: B=-5951.62, Cut=1366, Best=3698
2026-01-14 19:37:42,004 - DSN - INFO - t=200: B=-5938.43, Cut=3656, Best=3698 [LS]
2026-01-14 19:37:42,527 - DSN - INFO - t=240: B=-5930.80, Cut=2346, Best=3698
2026-01-14 19:37:43,067 - DSN - INFO - t=280: B=-5926.05, Cut=2848, Best=3698
2026-01-14 19:37:43,603 - DSN - INFO - t=320: B=-5922.92, Cut=3244, Best=3698
2026-01-14 19:37:44,143 - DSN - INFO - t=360: B=-5920.77, Cut=2848, Best=3698
2026-01-14 19:37:44,676 - DSN - INFO - t=400: B=-5919.25, Cut=3673, Best=3698 [LS]
2026-01-14 19:37:45,200 - DSN - INFO - t=440: B=-5918.14, Cut=3186, Best=3698
2026-01-14 19:37:45,745 - DSN - INFO - t=480: B=-5917.32, Cut=2638, Best=3698
2026-01-14 19:37:46,017 - DSN - INFO - DSN GPU done in 6.70s | Cut=3698
2026-01-14 19:37:46,020 - DSN - INFO - Results saved to: results/Gset/DSN_thorough/G53.csv
2026-01-14 19:37:46,021 - DSN - INFO - Cut: 3698 | Bound: -5917.00 | Time: 6.70s
2026-01-14 19:37:46,021 - DSN - INFO - Initialized DSN_thorough | preset=thorough | GPU=True
2026-01-14 19:37:46,021 - DSN - INFO - Params: η=0.003, T=500, init=degree, LS=True
2026-01-14 19:37:46,021 - DSN - INFO - Using GPU solver (CuPy)
2026-01-14 19:37:46,022 - DSN - INFO - DSN GPU Solver: n=1000, edges=5914
2026-01-14 19:37:46,022 - DSN - INFO - DSN GPU: T=500, η=0.003, LS=True
2026-01-14 19:37:46,050 - DSN - INFO - t=000: B=-11926.82, Cut=3688, Best=3688 [LS]
2026-01-14 19:37:46,567 - DSN - INFO - t=040: B=-6255.77, Cut=2981, Best=3688
2026-01-14 19:37:47,104 - DSN - INFO - t=080: B=-6038.77, Cut=3239, Best=3688
2026-01-14 19:37:47,641 - DSN - INFO - t=120: B=-5977.33, Cut=2930, Best=3688
2026-01-14 19:37:48,181 - DSN - INFO - t=160: B=-5951.62, Cut=3126, Best=3692
2026-01-14 19:37:48,722 - DSN - INFO - t=200: B=-5938.43, Cut=3652, Best=3692 [LS]
2026-01-14 19:37:49,243 - DSN - INFO - t=240: B=-5930.80, Cut=0, Best=3692
2026-01-14 19:37:49,787 - DSN - INFO - t=280: B=-5926.05, Cut=2848, Best=3692
2026-01-14 19:37:50,325 - DSN - INFO - t=320: B=-5922.92, Cut=0, Best=3692
2026-01-14 19:37:50,875 - DSN - INFO - t=360: B=-5920.77, Cut=2346, Best=3692
2026-01-14 19:37:51,410 - DSN - INFO - t=400: B=-5919.25, Cut=3687, Best=3692 [LS]
2026-01-14 19:37:51,936 - DSN - INFO - t=440: B=-5918.14, Cut=3186, Best=3692
2026-01-14 19:37:52,474 - DSN - INFO - t=480: B=-5917.32, Cut=2346, Best=3692
2026-01-14 19:37:52,738 - DSN - INFO - DSN GPU done in 6.72s | Cut=3692
2026-01-14 19:37:52,742 - DSN - INFO - Results saved to: results/Gset/DSN_thorough/G53.csv
2026-01-14 19:37:52,742 - DSN - INFO - Cut: 3692 | Bound: -5917.00 | Time: 6.72s
2026-01-14 19:37:52,742 - DSN - INFO - Initialized DSN_thorough | preset=thorough | GPU=True
2026-01-14 19:37:52,742 - DSN - INFO - Params: η=0.003, T=500, init=degree, LS=True
2026-01-14 19:37:52,742 - DSN - INFO - Using GPU solver (CuPy)
2026-01-14 19:37:52,743 - DSN - INFO - DSN GPU Solver: n=1000, edges=5914
2026-01-14 19:37:52,743 - DSN - INFO - DSN GPU: T=500, η=0.003, LS=True
2026-01-14 19:37:52,772 - DSN - INFO - t=000: B=-11926.82, Cut=3700, Best=3700 [LS]
2026-01-14 19:37:53,289 - DSN - INFO - t=040: B=-6255.77, Cut=3193, Best=3700
2026-01-14 19:37:53,821 - DSN - INFO - t=080: B=-6038.77, Cut=3194, Best=3700
2026-01-14 19:37:54,353 - DSN - INFO - t=120: B=-5977.33, Cut=2698, Best=3700
2026-01-14 19:37:54,890 - DSN - INFO - t=160: B=-5951.62, Cut=3203, Best=3700
2026-01-14 19:37:55,423 - DSN - INFO - t=200: B=-5938.42, Cut=3670, Best=3700 [LS]
2026-01-14 19:37:55,942 - DSN - INFO - t=240: B=-5930.80, Cut=1457, Best=3700
2026-01-14 19:37:56,474 - DSN - INFO - t=280: B=-5926.05, Cut=1442, Best=3700
2026-01-14 19:37:57,022 - DSN - INFO - t=320: B=-5922.92, Cut=3072, Best=3700
2026-01-14 19:37:57,567 - DSN - INFO - t=360: B=-5920.77, Cut=3084, Best=3700
2026-01-14 19:37:58,098 - DSN - INFO - t=400: B=-5919.25, Cut=3673, Best=3700 [LS]
2026-01-14 19:37:58,622 - DSN - INFO - t=440: B=-5918.14, Cut=1442, Best=3700
2026-01-14 19:37:59,165 - DSN - INFO - t=480: B=-5917.32, Cut=3222, Best=3700
2026-01-14 19:37:59,438 - DSN - INFO - DSN GPU done in 6.69s | Cut=3700
2026-01-14 19:37:59,442 - DSN - INFO - Results saved to: results/Gset/DSN_thorough/G53.csv
2026-01-14 19:37:59,442 - DSN - INFO - Cut: 3700 | Bound: -5917.00 | Time: 6.70s
2026-01-14 19:37:59,442 - DSN - INFO - Initialized DSN_thorough | preset=thorough | GPU=True
2026-01-14 19:37:59,442 - DSN - INFO - Params: η=0.003, T=500, init=degree, LS=True
2026-01-14 19:37:59,442 - DSN - INFO - Using GPU solver (CuPy)
2026-01-14 19:37:59,443 - DSN - INFO - DSN GPU Solver: n=1000, edges=5914
2026-01-14 19:37:59,444 - DSN - INFO - DSN GPU: T=500, η=0.003, LS=True
2026-01-14 19:37:59,472 - DSN - INFO - t=000: B=-11926.82, Cut=3676, Best=3676 [LS]
2026-01-14 19:37:59,992 - DSN - INFO - t=040: B=-6255.77, Cut=3226, Best=3676
2026-01-14 19:38:00,522 - DSN - INFO - t=080: B=-6038.77, Cut=3240, Best=3676
2026-01-14 19:38:01,054 - DSN - INFO - t=120: B=-5977.33, Cut=3184, Best=3676
2026-01-14 19:38:01,587 - DSN - INFO - t=160: B=-5951.62, Cut=3186, Best=3676
2026-01-14 19:38:02,122 - DSN - INFO - t=200: B=-5938.42, Cut=3653, Best=3676 [LS]
2026-01-14 19:38:02,640 - DSN - INFO - t=240: B=-5930.80, Cut=2346, Best=3676
2026-01-14 19:38:03,176 - DSN - INFO - t=280: B=-5926.05, Cut=2346, Best=3676
2026-01-14 19:38:03,701 - DSN - INFO - t=320: B=-5922.92, Cut=2346, Best=3676
2026-01-14 19:38:04,245 - DSN - INFO - t=360: B=-5920.77, Cut=20, Best=3681
2026-01-14 19:38:04,772 - DSN - INFO - t=400: B=-5919.25, Cut=3673, Best=3681 [LS]
2026-01-14 19:38:05,293 - DSN - INFO - t=440: B=-5918.14, Cut=3192, Best=3681
2026-01-14 19:38:05,823 - DSN - INFO - t=480: B=-5917.32, Cut=1502, Best=3681
2026-01-14 19:38:06,095 - DSN - INFO - DSN GPU done in 6.65s | Cut=3681
2026-01-14 19:38:06,099 - DSN - INFO - Results saved to: results/Gset/DSN_thorough/G53.csv
2026-01-14 19:38:06,099 - DSN - INFO - Cut: 3681 | Bound: -5917.00 | Time: 6.65s
2026-01-14 19:38:06,099 - DSN - INFO - Initialized DSN_thorough | preset=thorough | GPU=True
2026-01-14 19:38:06,099 - DSN - INFO - Params: η=0.003, T=500, init=degree, LS=True
2026-01-14 19:38:06,099 - DSN - INFO - Using GPU solver (CuPy)
2026-01-14 19:38:06,100 - DSN - INFO - DSN GPU Solver: n=1000, edges=5914
2026-01-14 19:38:06,101 - DSN - INFO - DSN GPU: T=500, η=0.003, LS=True
2026-01-14 19:38:06,128 - DSN - INFO - t=000: B=-11926.82, Cut=3681, Best=3681 [LS]
2026-01-14 19:38:06,647 - DSN - INFO - t=040: B=-6255.77, Cut=3066, Best=3681
2026-01-14 19:38:07,180 - DSN - INFO - t=080: B=-6038.77, Cut=3084, Best=3681
2026-01-14 19:38:07,713 - DSN - INFO - t=120: B=-5977.33, Cut=3168, Best=3681
2026-01-14 19:38:08,247 - DSN - INFO - t=160: B=-5951.62, Cut=3162, Best=3681
2026-01-14 19:38:08,781 - DSN - INFO - t=200: B=-5938.43, Cut=3662, Best=3681 [LS]
2026-01-14 19:38:09,300 - DSN - INFO - t=240: B=-5930.80, Cut=1442, Best=3681
2026-01-14 19:38:09,835 - DSN - INFO - t=280: B=-5926.05, Cut=2786, Best=3681
2026-01-14 19:38:10,380 - DSN - INFO - t=320: B=-5922.91, Cut=2848, Best=3684
2026-01-14 19:38:10,920 - DSN - INFO - t=360: B=-5920.77, Cut=2346, Best=3684
2026-01-14 19:38:11,452 - DSN - INFO - t=400: B=-5919.25, Cut=3664, Best=3684 [LS]
2026-01-14 19:38:11,980 - DSN - INFO - t=440: B=-5918.14, Cut=1442, Best=3684
2026-01-14 19:38:12,518 - DSN - INFO - t=480: B=-5917.32, Cut=3084, Best=3684
2026-01-14 19:38:12,783 - DSN - INFO - DSN GPU done in 6.68s | Cut=3684
2026-01-14 19:38:12,786 - DSN - INFO - Results saved to: results/Gset/DSN_thorough/G53.csv
2026-01-14 19:38:12,786 - DSN - INFO - Cut: 3684 | Bound: -5917.00 | Time: 6.68s
2026-01-14 19:38:12,795 - DSN - INFO - Initialized DSN_thorough | preset=thorough | GPU=True
2026-01-14 19:38:12,795 - DSN - INFO - Params: η=0.003, T=500, init=degree, LS=True
2026-01-14 19:38:12,795 - DSN - INFO - Using GPU solver (CuPy)
2026-01-14 19:38:12,796 - DSN - INFO - DSN GPU Solver: n=1000, edges=5916
2026-01-14 19:38:12,797 - DSN - INFO - DSN GPU: T=500, η=0.003, LS=True
2026-01-14 19:38:12,825 - DSN - INFO - t=000: B=-11954.10, Cut=3667, Best=3667 [LS]
2026-01-14 19:38:13,345 - DSN - INFO - t=040: B=-6258.26, Cut=3250, Best=3667
2026-01-14 19:38:13,872 - DSN - INFO - t=080: B=-6039.88, Cut=0, Best=3667
2026-01-14 19:38:14,400 - DSN - INFO - t=120: B=-5977.99, Cut=2585, Best=3673
2026-01-14 19:38:14,938 - DSN - INFO - t=160: B=-5952.21, Cut=2187, Best=3673
2026-01-14 19:38:15,476 - DSN - INFO - t=200: B=-5939.12, Cut=3656, Best=3673 [LS]
2026-01-14 19:38:15,999 - DSN - INFO - t=240: B=-5931.66, Cut=45, Best=3673
2026-01-14 19:38:16,535 - DSN - INFO - t=280: B=-5927.07, Cut=3239, Best=3675
2026-01-14 19:38:17,070 - DSN - INFO - t=320: B=-5924.09, Cut=2899, Best=3675
2026-01-14 19:38:17,597 - DSN - INFO - t=360: B=-5922.07, Cut=1479, Best=3675
2026-01-14 19:38:18,133 - DSN - INFO - t=400: B=-5920.65, Cut=3658, Best=3675 [LS]
2026-01-14 19:38:18,655 - DSN - INFO - t=440: B=-5919.64, Cut=2805, Best=3675
2026-01-14 19:38:19,194 - DSN - INFO - t=480: B=-5918.89, Cut=3068, Best=3677
2026-01-14 19:38:19,459 - DSN - INFO - DSN GPU done in 6.66s | Cut=3677
2026-01-14 19:38:19,460 - DSN - INFO - Results saved to: results/Gset/DSN_thorough/G54.csv
2026-01-14 19:38:19,460 - DSN - INFO - Cut: 3677 | Bound: -5918.61 | Time: 6.66s
2026-01-14 19:38:19,461 - DSN - INFO - Initialized DSN_thorough | preset=thorough | GPU=True
2026-01-14 19:38:19,461 - DSN - INFO - Params: η=0.003, T=500, init=degree, LS=True
2026-01-14 19:38:19,461 - DSN - INFO - Using GPU solver (CuPy)
2026-01-14 19:38:19,462 - DSN - INFO - DSN GPU Solver: n=1000, edges=5916
2026-01-14 19:38:19,462 - DSN - INFO - DSN GPU: T=500, η=0.003, LS=True
2026-01-14 19:38:19,490 - DSN - INFO - t=000: B=-11954.10, Cut=3672, Best=3672 [LS]
2026-01-14 19:38:20,009 - DSN - INFO - t=040: B=-6258.26, Cut=3217, Best=3672
2026-01-14 19:38:20,544 - DSN - INFO - t=080: B=-6039.87, Cut=3228, Best=3672
2026-01-14 19:38:21,073 - DSN - INFO - t=120: B=-5977.99, Cut=1491, Best=3672
2026-01-14 19:38:21,602 - DSN - INFO - t=160: B=-5952.21, Cut=3206, Best=3675
2026-01-14 19:38:22,137 - DSN - INFO - t=200: B=-5939.12, Cut=3659, Best=3675 [LS]
2026-01-14 19:38:22,652 - DSN - INFO - t=240: B=-5931.66, Cut=3128, Best=3675
2026-01-14 19:38:23,192 - DSN - INFO - t=280: B=-5927.07, Cut=3267, Best=3675
2026-01-14 19:38:23,718 - DSN - INFO - t=320: B=-5924.09, Cut=3273, Best=3675
2026-01-14 19:38:24,255 - DSN - INFO - t=360: B=-5922.07, Cut=2805, Best=3675
2026-01-14 19:38:24,798 - DSN - INFO - t=400: B=-5920.66, Cut=3708, Best=3708 [LS]
2026-01-14 19:38:25,324 - DSN - INFO - t=440: B=-5919.64, Cut=3140, Best=3708
2026-01-14 19:38:25,855 - DSN - INFO - t=480: B=-5918.89, Cut=45, Best=3708
2026-01-14 19:38:26,123 - DSN - INFO - DSN GPU done in 6.66s | Cut=3708
2026-01-14 19:38:26,127 - DSN - INFO - Results saved to: results/Gset/DSN_thorough/G54.csv
2026-01-14 19:38:26,127 - DSN - INFO - Cut: 3708 | Bound: -5918.60 | Time: 6.66s
2026-01-14 19:38:26,127 - DSN - INFO - Initialized DSN_thorough | preset=thorough | GPU=True
2026-01-14 19:38:26,127 - DSN - INFO - Params: η=0.003, T=500, init=degree, LS=True
2026-01-14 19:38:26,127 - DSN - INFO - Using GPU solver (CuPy)
2026-01-14 19:38:26,128 - DSN - INFO - DSN GPU Solver: n=1000, edges=5916
2026-01-14 19:38:26,128 - DSN - INFO - DSN GPU: T=500, η=0.003, LS=True
2026-01-14 19:38:26,158 - DSN - INFO - t=000: B=-11954.10, Cut=3672, Best=3672 [LS]
2026-01-14 19:38:26,673 - DSN - INFO - t=040: B=-6258.26, Cut=2861, Best=3672
2026-01-14 19:38:27,204 - DSN - INFO - t=080: B=-6039.88, Cut=2802, Best=3672
2026-01-14 19:38:27,728 - DSN - INFO - t=120: B=-5977.98, Cut=2779, Best=3672
2026-01-14 19:38:28,265 - DSN - INFO - t=160: B=-5952.21, Cut=3206, Best=3672
2026-01-14 19:38:28,795 - DSN - INFO - t=200: B=-5939.12, Cut=3659, Best=3672 [LS]
2026-01-14 19:38:29,310 - DSN - INFO - t=240: B=-5931.66, Cut=2996, Best=3672
2026-01-14 19:38:29,840 - DSN - INFO - t=280: B=-5927.07, Cut=2273, Best=3672
2026-01-14 19:38:30,372 - DSN - INFO - t=320: B=-5924.09, Cut=2805, Best=3672
2026-01-14 19:38:30,907 - DSN - INFO - t=360: B=-5922.07, Cut=40, Best=3672
2026-01-14 19:38:31,446 - DSN - INFO - t=400: B=-5920.66, Cut=3650, Best=3672 [LS]
2026-01-14 19:38:31,969 - DSN - INFO - t=440: B=-5919.64, Cut=3206, Best=3672
2026-01-14 19:38:32,511 - DSN - INFO - t=480: B=-5918.89, Cut=2805, Best=3702
2026-01-14 19:38:32,790 - DSN - INFO - DSN GPU done in 6.66s | Cut=3702
2026-01-14 19:38:32,794 - DSN - INFO - Results saved to: results/Gset/DSN_thorough/G54.csv
2026-01-14 19:38:32,794 - DSN - INFO - Cut: 3702 | Bound: -5918.61 | Time: 6.66s
2026-01-14 19:38:32,794 - DSN - INFO - Initialized DSN_thorough | preset=thorough | GPU=True
2026-01-14 19:38:32,794 - DSN - INFO - Params: η=0.003, T=500, init=degree, LS=True
2026-01-14 19:38:32,794 - DSN - INFO - Using GPU solver (CuPy)
2026-01-14 19:38:32,795 - DSN - INFO - DSN GPU Solver: n=1000, edges=5916
2026-01-14 19:38:32,795 - DSN - INFO - DSN GPU: T=500, η=0.003, LS=True
2026-01-14 19:38:32,826 - DSN - INFO - t=000: B=-11954.10, Cut=3691, Best=3691 [LS]
2026-01-14 19:38:33,343 - DSN - INFO - t=040: B=-6258.26, Cut=3134, Best=3691
2026-01-14 19:38:33,877 - DSN - INFO - t=080: B=-6039.88, Cut=3273, Best=3691
2026-01-14 19:38:34,406 - DSN - INFO - t=120: B=-5977.99, Cut=3275, Best=3691
2026-01-14 19:38:34,943 - DSN - INFO - t=160: B=-5952.21, Cut=2884, Best=3691
2026-01-14 19:38:35,481 - DSN - INFO - t=200: B=-5939.12, Cut=3662, Best=3691 [LS]
2026-01-14 19:38:36,009 - DSN - INFO - t=240: B=-5931.66, Cut=45, Best=3691
2026-01-14 19:38:36,546 - DSN - INFO - t=280: B=-5927.07, Cut=3232, Best=3691
2026-01-14 19:38:37,084 - DSN - INFO - t=320: B=-5924.09, Cut=45, Best=3691
2026-01-14 19:38:37,614 - DSN - INFO - t=360: B=-5922.07, Cut=0, Best=3691
2026-01-14 19:38:38,147 - DSN - INFO - t=400: B=-5920.65, Cut=3627, Best=3691 [LS]
2026-01-14 19:38:38,676 - DSN - INFO - t=440: B=-5919.64, Cut=2987, Best=3691
2026-01-14 19:38:39,209 - DSN - INFO - t=480: B=-5918.89, Cut=3255, Best=3691
2026-01-14 19:38:39,479 - DSN - INFO - DSN GPU done in 6.68s | Cut=3691
2026-01-14 19:38:39,483 - DSN - INFO - Results saved to: results/Gset/DSN_thorough/G54.csv
2026-01-14 19:38:39,483 - DSN - INFO - Cut: 3691 | Bound: -5918.61 | Time: 6.69s
2026-01-14 19:38:39,483 - DSN - INFO - Initialized DSN_thorough | preset=thorough | GPU=True
2026-01-14 19:38:39,483 - DSN - INFO - Params: η=0.003, T=500, init=degree, LS=True
2026-01-14 19:38:39,483 - DSN - INFO - Using GPU solver (CuPy)
2026-01-14 19:38:39,484 - DSN - INFO - DSN GPU Solver: n=1000, edges=5916
2026-01-14 19:38:39,484 - DSN - INFO - DSN GPU: T=500, η=0.003, LS=True
2026-01-14 19:38:39,513 - DSN - INFO - t=000: B=-11954.10, Cut=3667, Best=3667 [LS]
2026-01-14 19:38:40,032 - DSN - INFO - t=040: B=-6258.26, Cut=3238, Best=3667
2026-01-14 19:38:40,568 - DSN - INFO - t=080: B=-6039.88, Cut=3255, Best=3667
2026-01-14 19:38:41,099 - DSN - INFO - t=120: B=-5977.99, Cut=3215, Best=3672
2026-01-14 19:38:41,635 - DSN - INFO - t=160: B=-5952.21, Cut=2799, Best=3672
2026-01-14 19:38:42,182 - DSN - INFO - t=200: B=-5939.12, Cut=3662, Best=3672 [LS]
2026-01-14 19:38:42,710 - DSN - INFO - t=240: B=-5931.66, Cut=2273, Best=3672
2026-01-14 19:38:43,255 - DSN - INFO - t=280: B=-5927.07, Cut=3214, Best=3702
2026-01-14 19:38:43,790 - DSN - INFO - t=320: B=-5924.09, Cut=45, Best=3702
2026-01-14 19:38:44,325 - DSN - INFO - t=360: B=-5922.07, Cut=2273, Best=3702
2026-01-14 19:38:44,863 - DSN - INFO - t=400: B=-5920.66, Cut=3654, Best=3702 [LS]
2026-01-14 19:38:45,398 - DSN - INFO - t=440: B=-5919.64, Cut=3068, Best=3702
2026-01-14 19:38:45,935 - DSN - INFO - t=480: B=-5918.89, Cut=2268, Best=3702
2026-01-14 19:38:46,205 - DSN - INFO - DSN GPU done in 6.72s | Cut=3702
2026-01-14 19:38:46,209 - DSN - INFO - Results saved to: results/Gset/DSN_thorough/G54.csv
2026-01-14 19:38:46,209 - DSN - INFO - Cut: 3702 | Bound: -5918.61 | Time: 6.72s
2026-01-14 19:38:46,209 - DSN - INFO - Initialized DSN_thorough | preset=thorough | GPU=True
2026-01-14 19:38:46,209 - DSN - INFO - Params: η=0.003, T=500, init=degree, LS=True
2026-01-14 19:38:46,209 - DSN - INFO - Using GPU solver (CuPy)
2026-01-14 19:38:46,210 - DSN - INFO - DSN GPU Solver: n=1000, edges=5916
2026-01-14 19:38:46,210 - DSN - INFO - DSN GPU: T=500, η=0.003, LS=True
2026-01-14 19:38:46,238 - DSN - INFO - t=000: B=-11954.10, Cut=3672, Best=3672 [LS]
2026-01-14 19:38:46,755 - DSN - INFO - t=040: B=-6258.26, Cut=2843, Best=3672
2026-01-14 19:38:47,284 - DSN - INFO - t=080: B=-6039.88, Cut=2798, Best=3672
2026-01-14 19:38:47,810 - DSN - INFO - t=120: B=-5977.99, Cut=2647, Best=3672
2026-01-14 19:38:48,348 - DSN - INFO - t=160: B=-5952.21, Cut=1449, Best=3672
2026-01-14 19:38:48,888 - DSN - INFO - t=200: B=-5939.12, Cut=3664, Best=3672 [LS]
2026-01-14 19:38:49,415 - DSN - INFO - t=240: B=-5931.66, Cut=2273, Best=3672
2026-01-14 19:38:49,948 - DSN - INFO - t=280: B=-5927.07, Cut=2805, Best=3672
2026-01-14 19:38:50,488 - DSN - INFO - t=320: B=-5924.09, Cut=3275, Best=3672
2026-01-14 19:38:51,011 - DSN - INFO - t=360: B=-5922.07, Cut=2805, Best=3672
2026-01-14 19:38:51,552 - DSN - INFO - t=400: B=-5920.66, Cut=3650, Best=3672 [LS]
2026-01-14 19:38:52,082 - DSN - INFO - t=440: B=-5919.64, Cut=3206, Best=3672
2026-01-14 19:38:52,619 - DSN - INFO - t=480: B=-5918.89, Cut=2647, Best=3673
2026-01-14 19:38:52,891 - DSN - INFO - DSN GPU done in 6.68s | Cut=3708
2026-01-14 19:38:52,895 - DSN - INFO - Results saved to: results/Gset/DSN_thorough/G54.csv
2026-01-14 19:38:52,895 - DSN - INFO - Cut: 3708 | Bound: -5918.60 | Time: 6.68s
2026-01-14 19:38:52,895 - DSN - INFO - Initialized DSN_thorough | preset=thorough | GPU=True
2026-01-14 19:38:52,895 - DSN - INFO - Params: η=0.003, T=500, init=degree, LS=True
2026-01-14 19:38:52,895 - DSN - INFO - Using GPU solver (CuPy)
2026-01-14 19:38:52,896 - DSN - INFO - DSN GPU Solver: n=1000, edges=5916
2026-01-14 19:38:52,896 - DSN - INFO - DSN GPU: T=500, η=0.003, LS=True
2026-01-14 19:38:52,925 - DSN - INFO - t=000: B=-11954.10, Cut=3667, Best=3667 [LS]
2026-01-14 19:38:53,444 - DSN - INFO - t=040: B=-6258.26, Cut=2974, Best=3667
2026-01-14 19:38:53,978 - DSN - INFO - t=080: B=-6039.88, Cut=3252, Best=3667
2026-01-14 19:38:54,503 - DSN - INFO - t=120: B=-5977.99, Cut=2940, Best=3667
2026-01-14 19:38:55,039 - DSN - INFO - t=160: B=-5952.21, Cut=3166, Best=3677
2026-01-14 19:38:55,584 - DSN - INFO - t=200: B=-5939.12, Cut=3672, Best=3677 [LS]
2026-01-14 19:38:56,111 - DSN - INFO - t=240: B=-5931.66, Cut=0, Best=3677
2026-01-14 19:38:56,655 - DSN - INFO - t=280: B=-5927.07, Cut=2805, Best=3677
2026-01-14 19:38:57,190 - DSN - INFO - t=320: B=-5924.09, Cut=0, Best=3677
2026-01-14 19:38:57,732 - DSN - INFO - t=360: B=-5922.07, Cut=2273, Best=3702
2026-01-14 19:38:58,270 - DSN - INFO - t=400: B=-5920.65, Cut=3657, Best=3702 [LS]
2026-01-14 19:38:58,797 - DSN - INFO - t=440: B=-5919.64, Cut=3206, Best=3702
2026-01-14 19:38:59,333 - DSN - INFO - t=480: B=-5918.89, Cut=2273, Best=3702
2026-01-14 19:38:59,600 - DSN - INFO - DSN GPU done in 6.70s | Cut=3702
2026-01-14 19:38:59,604 - DSN - INFO - Results saved to: results/Gset/DSN_thorough/G54.csv
2026-01-14 19:38:59,604 - DSN - INFO - Cut: 3702 | Bound: -5918.60 | Time: 6.71s
2026-01-14 19:38:59,604 - DSN - INFO - Initialized DSN_thorough | preset=thorough | GPU=True
2026-01-14 19:38:59,604 - DSN - INFO - Params: η=0.003, T=500, init=degree, LS=True
2026-01-14 19:38:59,604 - DSN - INFO - Using GPU solver (CuPy)
2026-01-14 19:38:59,606 - DSN - INFO - DSN GPU Solver: n=1000, edges=5916
2026-01-14 19:38:59,606 - DSN - INFO - DSN GPU: T=500, η=0.003, LS=True
2026-01-14 19:38:59,634 - DSN - INFO - t=000: B=-11954.10, Cut=3667, Best=3667 [LS]
2026-01-14 19:39:00,151 - DSN - INFO - t=040: B=-6258.26, Cut=3216, Best=3667
2026-01-14 19:39:00,685 - DSN - INFO - t=080: B=-6039.88, Cut=3215, Best=3667
2026-01-14 19:39:01,217 - DSN - INFO - t=120: B=-5977.99, Cut=2639, Best=3667
2026-01-14 19:39:01,756 - DSN - INFO - t=160: B=-5952.21, Cut=3232, Best=3667
2026-01-14 19:39:02,290 - DSN - INFO - t=200: B=-5939.12, Cut=3654, Best=3667 [LS]
2026-01-14 19:39:02,814 - DSN - INFO - t=240: B=-5931.66, Cut=1639, Best=3667
2026-01-14 19:39:03,350 - DSN - INFO - t=280: B=-5927.07, Cut=1491, Best=3667
2026-01-14 19:39:03,881 - DSN - INFO - t=320: B=-5924.09, Cut=3053, Best=3709
2026-01-14 19:39:04,428 - DSN - INFO - t=360: B=-5922.07, Cut=3068, Best=3709
2026-01-14 19:39:04,962 - DSN - INFO - t=400: B=-5920.65, Cut=3650, Best=3709 [LS]
2026-01-14 19:39:05,484 - DSN - INFO - t=440: B=-5919.64, Cut=1590, Best=3709
2026-01-14 19:39:06,021 - DSN - INFO - t=480: B=-5918.89, Cut=3256, Best=3709
2026-01-14 19:39:06,295 - DSN - INFO - DSN GPU done in 6.69s | Cut=3709
2026-01-14 19:39:06,299 - DSN - INFO - Results saved to: results/Gset/DSN_thorough/G54.csv
2026-01-14 19:39:06,299 - DSN - INFO - Cut: 3709 | Bound: -5918.61 | Time: 6.69s
2026-01-14 19:39:06,299 - DSN - INFO - Initialized DSN_thorough | preset=thorough | GPU=True
2026-01-14 19:39:06,299 - DSN - INFO - Params: η=0.003, T=500, init=degree, LS=True
2026-01-14 19:39:06,299 - DSN - INFO - Using GPU solver (CuPy)
2026-01-14 19:39:06,300 - DSN - INFO - DSN GPU Solver: n=1000, edges=5916
2026-01-14 19:39:06,300 - DSN - INFO - DSN GPU: T=500, η=0.003, LS=True
2026-01-14 19:39:06,330 - DSN - INFO - t=000: B=-11954.10, Cut=3684, Best=3684 [LS]
2026-01-14 19:39:06,848 - DSN - INFO - t=040: B=-6258.26, Cut=3253, Best=3684
2026-01-14 19:39:07,382 - DSN - INFO - t=080: B=-6039.88, Cut=3274, Best=3684
2026-01-14 19:39:07,904 - DSN - INFO - t=120: B=-5977.99, Cut=3206, Best=3684
2026-01-14 19:39:08,442 - DSN - INFO - t=160: B=-5952.21, Cut=3206, Best=3684
2026-01-14 19:39:08,980 - DSN - INFO - t=200: B=-5939.12, Cut=3643, Best=3684 [LS]
2026-01-14 19:39:09,503 - DSN - INFO - t=240: B=-5931.66, Cut=2345, Best=3684
2026-01-14 19:39:10,038 - DSN - INFO - t=280: B=-5927.07, Cut=2273, Best=3684
2026-01-14 19:39:10,574 - DSN - INFO - t=320: B=-5924.09, Cut=2273, Best=3684
2026-01-14 19:39:11,117 - DSN - INFO - t=360: B=-5922.07, Cut=45, Best=3708
2026-01-14 19:39:11,654 - DSN - INFO - t=400: B=-5920.65, Cut=3650, Best=3708 [LS]
2026-01-14 19:39:12,176 - DSN - INFO - t=440: B=-5919.64, Cut=3232, Best=3708
2026-01-14 19:39:12,714 - DSN - INFO - t=480: B=-5918.89, Cut=1760, Best=3708
2026-01-14 19:39:12,986 - DSN - INFO - DSN GPU done in 6.69s | Cut=3708
2026-01-14 19:39:12,990 - DSN - INFO - Results saved to: results/Gset/DSN_thorough/G54.csv
2026-01-14 19:39:12,990 - DSN - INFO - Cut: 3708 | Bound: -5918.60 | Time: 6.69s
2026-01-14 19:39:12,990 - DSN - INFO - Initialized DSN_thorough | preset=thorough | GPU=True
2026-01-14 19:39:12,990 - DSN - INFO - Params: η=0.003, T=500, init=degree, LS=True
2026-01-14 19:39:12,990 - DSN - INFO - Using GPU solver (CuPy)
2026-01-14 19:39:12,991 - DSN - INFO - DSN GPU Solver: n=1000, edges=5916
2026-01-14 19:39:12,992 - DSN - INFO - DSN GPU: T=500, η=0.003, LS=True
2026-01-14 19:39:13,020 - DSN - INFO - t=000: B=-11954.10, Cut=3672, Best=3672 [LS]
2026-01-14 19:39:13,540 - DSN - INFO - t=040: B=-6258.26, Cut=3079, Best=3672
2026-01-14 19:39:14,071 - DSN - INFO - t=080: B=-6039.88, Cut=3065, Best=3672
2026-01-14 19:39:14,598 - DSN - INFO - t=120: B=-5977.99, Cut=3200, Best=3675
2026-01-14 19:39:15,131 - DSN - INFO - t=160: B=-5952.21, Cut=3192, Best=3675
2026-01-14 19:39:15,669 - DSN - INFO - t=200: B=-5939.12, Cut=3646, Best=3675 [LS]
2026-01-14 19:39:16,191 - DSN - INFO - t=240: B=-5931.66, Cut=1491, Best=3675
2026-01-14 19:39:16,724 - DSN - INFO - t=280: B=-5927.07, Cut=2761, Best=3675
2026-01-14 19:39:17,271 - DSN - INFO - t=320: B=-5924.09, Cut=2805, Best=3702
2026-01-14 19:39:17,829 - DSN - INFO - t=360: B=-5922.07, Cut=2389, Best=3702
2026-01-14 19:39:18,361 - DSN - INFO - t=400: B=-5920.65, Cut=3658, Best=3702 [LS]
2026-01-14 19:39:18,887 - DSN - INFO - t=440: B=-5919.64, Cut=1491, Best=3702
2026-01-14 19:39:19,420 - DSN - INFO - t=480: B=-5918.89, Cut=3068, Best=3702
2026-01-14 19:39:19,684 - DSN - INFO - DSN GPU done in 6.69s | Cut=3702
2026-01-14 19:39:19,688 - DSN - INFO - Results saved to: results/Gset/DSN_thorough/G54.csv
2026-01-14 19:39:19,688 - DSN - INFO - Cut: 3702 | Bound: -5918.60 | Time: 6.69s
2026-01-14 19:39:19,704 - DSN - INFO - Initialized DSN_thorough | preset=thorough | GPU=True
2026-01-14 19:39:19,704 - DSN - INFO - Params: η=0.003, T=500, init=degree, LS=True
2026-01-14 19:39:19,704 - DSN - INFO - Using GPU solver (CuPy)
2026-01-14 19:39:19,706 - DSN - INFO - DSN GPU Solver: n=5000, edges=10000
2026-01-14 19:39:19,706 - DSN - INFO - DSN GPU: T=500, η=0.003, LS=True
2026-01-14 19:39:19,846 - DSN - INFO - t=000: B=-8891.55, Cut=2632, Best=2632 [LS]
2026-01-14 19:39:21,994 - DSN - INFO - t=040: B=-8929.86, Cut=-70, Best=2632
2026-01-14 19:39:24,516 - DSN - INFO - t=080: B=-8779.59, Cut=-44, Best=2640
2026-01-14 19:39:27,006 - DSN - INFO - t=120: B=-8620.92, Cut=-38, Best=2640
2026-01-14 19:39:29,583 - DSN - INFO - t=160: B=-8532.03, Cut=-42, Best=2640
2026-01-14 19:39:32,173 - DSN - INFO - t=200: B=-8401.68, Cut=2626, Best=2640 [LS]
2026-01-14 19:39:34,715 - DSN - INFO - t=240: B=-8299.68, Cut=-34, Best=2640
2026-01-14 19:39:37,331 - DSN - INFO - t=280: B=-8185.51, Cut=-12, Best=2640
2026-01-14 19:39:39,961 - DSN - INFO - t=320: B=-8118.96, Cut=-82, Best=2640
2026-01-14 19:39:42,595 - DSN - INFO - t=360: B=-8059.17, Cut=-60, Best=2646
2026-01-14 19:39:45,227 - DSN - INFO - t=400: B=-8010.70, Cut=2656, Best=2656 [LS]
2026-01-14 19:39:47,785 - DSN - INFO - t=440: B=-7967.91, Cut=-116, Best=2656
2026-01-14 19:39:50,413 - DSN - INFO - t=480: B=-7943.75, Cut=-84, Best=2656
2026-01-14 19:39:51,712 - DSN - INFO - DSN GPU done in 32.01s | Cut=2656
2026-01-14 19:39:51,715 - DSN - INFO - Results saved to: results/Gset/DSN_thorough/G57.csv
2026-01-14 19:39:51,715 - DSN - INFO - Cut: 2656 | Bound: -7932.46 | Time: 32.01s
2026-01-14 19:39:51,715 - DSN - INFO - Initialized DSN_thorough | preset=thorough | GPU=True
2026-01-14 19:39:51,715 - DSN - INFO - Params: η=0.003, T=500, init=degree, LS=True
2026-01-14 19:39:51,715 - DSN - INFO - Using GPU solver (CuPy)
2026-01-14 19:39:51,717 - DSN - INFO - DSN GPU Solver: n=5000, edges=10000
2026-01-14 19:39:51,717 - DSN - INFO - DSN GPU: T=500, η=0.003, LS=True
2026-01-14 19:39:51,858 - DSN - INFO - t=000: B=-8891.55, Cut=2632, Best=2632 [LS]
2026-01-14 19:39:54,007 - DSN - INFO - t=040: B=-8932.51, Cut=-92, Best=2632
2026-01-14 19:39:56,465 - DSN - INFO - t=080: B=-8772.47, Cut=-50, Best=2640
2026-01-14 19:39:58,950 - DSN - INFO - t=120: B=-8686.62, Cut=-38, Best=2642
2026-01-14 19:40:01,495 - DSN - INFO - t=160: B=-8547.00, Cut=-70, Best=2642
2026-01-14 19:40:04,041 - DSN - INFO - t=200: B=-8427.25, Cut=2636, Best=2642 [LS]
2026-01-14 19:40:06,586 - DSN - INFO - t=240: B=-8344.88, Cut=-22, Best=2642
2026-01-14 19:40:09,218 - DSN - INFO - t=280: B=-8213.84, Cut=-62, Best=2642
2026-01-14 19:40:11,847 - DSN - INFO - t=320: B=-8149.67, Cut=-68, Best=2642
2026-01-14 19:40:14,476 - DSN - INFO - t=360: B=-8066.24, Cut=-92, Best=2642
2026-01-14 19:40:17,103 - DSN - INFO - t=400: B=-8013.39, Cut=2630, Best=2642 [LS]
2026-01-14 19:40:19,658 - DSN - INFO - t=440: B=-7968.35, Cut=-112, Best=2642
2026-01-14 19:40:22,285 - DSN - INFO - t=480: B=-7940.47, Cut=-78, Best=2642
2026-01-14 19:40:23,577 - DSN - INFO - DSN GPU done in 31.86s | Cut=2642
2026-01-14 19:40:23,581 - DSN - INFO - Results saved to: results/Gset/DSN_thorough/G57.csv
2026-01-14 19:40:23,581 - DSN - INFO - Cut: 2642 | Bound: -7922.98 | Time: 31.86s
2026-01-14 19:40:23,581 - DSN - INFO - Initialized DSN_thorough | preset=thorough | GPU=True
2026-01-14 19:40:23,581 - DSN - INFO - Params: η=0.003, T=500, init=degree, LS=True
2026-01-14 19:40:23,581 - DSN - INFO - Using GPU solver (CuPy)
2026-01-14 19:40:23,583 - DSN - INFO - DSN GPU Solver: n=5000, edges=10000
2026-01-14 19:40:23,583 - DSN - INFO - DSN GPU: T=500, η=0.003, LS=True
2026-01-14 19:40:23,723 - DSN - INFO - t=000: B=-8891.55, Cut=2630, Best=2630 [LS]
2026-01-14 19:40:25,869 - DSN - INFO - t=040: B=-8941.10, Cut=-56, Best=2630
2026-01-14 19:40:28,361 - DSN - INFO - t=080: B=-8807.93, Cut=-50, Best=2640
2026-01-14 19:40:30,887 - DSN - INFO - t=120: B=-8634.53, Cut=-24, Best=2640
2026-01-14 19:40:33,348 - DSN - INFO - t=160: B=-8545.74, Cut=-56, Best=2640
2026-01-14 19:40:35,938 - DSN - INFO - t=200: B=-8400.78, Cut=2638, Best=2640 [LS]
2026-01-14 19:40:38,457 - DSN - INFO - t=240: B=-8314.35, Cut=-60, Best=2640
2026-01-14 19:40:41,067 - DSN - INFO - t=280: B=-8214.25, Cut=-34, Best=2640
2026-01-14 19:40:43,698 - DSN - INFO - t=320: B=-8144.39, Cut=-50, Best=2640
2026-01-14 19:40:46,330 - DSN - INFO - t=360: B=-8081.90, Cut=-84, Best=2640
2026-01-14 19:40:48,962 - DSN - INFO - t=400: B=-8029.26, Cut=2642, Best=2642 [LS]
2026-01-14 19:40:51,516 - DSN - INFO - t=440: B=-7989.68, Cut=-74, Best=2642
2026-01-14 19:40:54,152 - DSN - INFO - t=480: B=-7948.46, Cut=-78, Best=2642
2026-01-14 19:40:55,447 - DSN - INFO - DSN GPU done in 31.86s | Cut=2642
2026-01-14 19:40:55,451 - DSN - INFO - Results saved to: results/Gset/DSN_thorough/G57.csv
2026-01-14 19:40:55,451 - DSN - INFO - Cut: 2642 | Bound: -7936.88 | Time: 31.87s
2026-01-14 19:40:55,451 - DSN - INFO - Initialized DSN_thorough | preset=thorough | GPU=True
2026-01-14 19:40:55,451 - DSN - INFO - Params: η=0.003, T=500, init=degree, LS=True
2026-01-14 19:40:55,451 - DSN - INFO - Using GPU solver (CuPy)
2026-01-14 19:40:55,453 - DSN - INFO - DSN GPU Solver: n=5000, edges=10000
2026-01-14 19:40:55,453 - DSN - INFO - DSN GPU: T=500, η=0.003, LS=True
2026-01-14 19:40:55,593 - DSN - INFO - t=000: B=-8891.55, Cut=2626, Best=2626 [LS]
2026-01-14 19:40:57,709 - DSN - INFO - t=040: B=-8939.98, Cut=-56, Best=2626
2026-01-14 19:41:00,112 - DSN - INFO - t=080: B=-8769.04, Cut=-42, Best=2640
2026-01-14 19:41:02,653 - DSN - INFO - t=120: B=-8706.91, Cut=-22, Best=2640
2026-01-14 19:41:05,211 - DSN - INFO - t=160: B=-8564.37, Cut=-30, Best=2640
2026-01-14 19:41:07,700 - DSN - INFO - t=200: B=-8489.22, Cut=2644, Best=2644 [LS]
2026-01-14 19:41:10,226 - DSN - INFO - t=240: B=-8382.36, Cut=-46, Best=2644
2026-01-14 19:41:12,805 - DSN - INFO - t=280: B=-8264.68, Cut=-22, Best=2644
2026-01-14 19:41:15,424 - DSN - INFO - t=320: B=-8162.69, Cut=-66, Best=2644
2026-01-14 19:41:18,062 - DSN - INFO - t=360: B=-8105.98, Cut=-58, Best=2676
2026-01-14 19:41:20,693 - DSN - INFO - t=400: B=-8023.42, Cut=2648, Best=2676 [LS]
2026-01-14 19:41:23,252 - DSN - INFO - t=440: B=-7983.33, Cut=-126, Best=2676
2026-01-14 19:41:25,885 - DSN - INFO - t=480: B=-7940.55, Cut=-104, Best=2676
2026-01-14 19:41:27,187 - DSN - INFO - DSN GPU done in 31.73s | Cut=2676
2026-01-14 19:41:27,191 - DSN - INFO - Results saved to: results/Gset/DSN_thorough/G57.csv
2026-01-14 19:41:27,191 - DSN - INFO - Cut: 2676 | Bound: -7929.89 | Time: 31.74s
2026-01-14 19:41:27,192 - DSN - INFO - Initialized DSN_thorough | preset=thorough | GPU=True
2026-01-14 19:41:27,192 - DSN - INFO - Params: η=0.003, T=500, init=degree, LS=True
2026-01-14 19:41:27,192 - DSN - INFO - Using GPU solver (CuPy)
2026-01-14 19:41:27,193 - DSN - INFO - DSN GPU Solver: n=5000, edges=10000
2026-01-14 19:41:27,194 - DSN - INFO - DSN GPU: T=500, η=0.003, LS=True
2026-01-14 19:41:27,334 - DSN - INFO - t=000: B=-8891.55, Cut=2634, Best=2634 [LS]
2026-01-14 19:41:29,444 - DSN - INFO - t=040: B=-8939.24, Cut=-60, Best=2634
2026-01-14 19:41:31,905 - DSN - INFO - t=080: B=-8803.91, Cut=-46, Best=2640
2026-01-14 19:41:34,413 - DSN - INFO - t=120: B=-8601.89, Cut=-24, Best=2640
2026-01-14 19:41:36,963 - DSN - INFO - t=160: B=-8498.41, Cut=-66, Best=2640
2026-01-14 19:41:39,482 - DSN - INFO - t=200: B=-8402.78, Cut=2636, Best=2640 [LS]
2026-01-14 19:41:42,011 - DSN - INFO - t=240: B=-8317.74, Cut=-24, Best=2640
2026-01-14 19:41:44,634 - DSN - INFO - t=280: B=-8215.66, Cut=-88, Best=2640
2026-01-14 19:41:47,267 - DSN - INFO - t=320: B=-8147.18, Cut=-44, Best=2640
2026-01-14 19:41:49,898 - DSN - INFO - t=360: B=-8067.93, Cut=-140, Best=2640
2026-01-14 19:41:52,535 - DSN - INFO - t=400: B=-8009.75, Cut=2622, Best=2640 [LS]
2026-01-14 19:41:55,092 - DSN - INFO - t=440: B=-7970.89, Cut=-156, Best=2640
2026-01-14 19:41:57,723 - DSN - INFO - t=480: B=-7938.61, Cut=-158, Best=2640
2026-01-14 19:41:59,016 - DSN - INFO - DSN GPU done in 31.82s | Cut=2640
2026-01-14 19:41:59,020 - DSN - INFO - Results saved to: results/Gset/DSN_thorough/G57.csv
2026-01-14 19:41:59,020 - DSN - INFO - Cut: 2640 | Bound: -7928.75 | Time: 31.82s
2026-01-14 19:41:59,020 - DSN - INFO - Initialized DSN_thorough | preset=thorough | GPU=True
2026-01-14 19:41:59,020 - DSN - INFO - Params: η=0.003, T=500, init=degree, LS=True
2026-01-14 19:41:59,020 - DSN - INFO - Using GPU solver (CuPy)
2026-01-14 19:41:59,022 - DSN - INFO - DSN GPU Solver: n=5000, edges=10000
2026-01-14 19:41:59,022 - DSN - INFO - DSN GPU: T=500, η=0.003, LS=True
2026-01-14 19:41:59,163 - DSN - INFO - t=000: B=-8891.55, Cut=2634, Best=2634 [LS]
2026-01-14 19:42:01,277 - DSN - INFO - t=040: B=-8941.73, Cut=-54, Best=2634
2026-01-14 19:42:03,730 - DSN - INFO - t=080: B=-8808.58, Cut=-42, Best=2640
2026-01-14 19:42:06,171 - DSN - INFO - t=120: B=-8724.71, Cut=-42, Best=2640
2026-01-14 19:42:08,713 - DSN - INFO - t=160: B=-8564.89, Cut=-18, Best=2640
2026-01-14 19:42:11,267 - DSN - INFO - t=200: B=-8440.92, Cut=2634, Best=2640 [LS]
2026-01-14 19:42:13,799 - DSN - INFO - t=240: B=-8341.81, Cut=-44, Best=2640
2026-01-14 19:42:16,380 - DSN - INFO - t=280: B=-8263.21, Cut=-38, Best=2640
2026-01-14 19:42:19,017 - DSN - INFO - t=320: B=-8157.33, Cut=-44, Best=2640
2026-01-14 19:42:21,635 - DSN - INFO - t=360: B=-8078.41, Cut=-32, Best=2640
2026-01-14 19:42:24,268 - DSN - INFO - t=400: B=-8022.61, Cut=2652, Best=2652 [LS]
2026-01-14 19:42:26,820 - DSN - INFO - t=440: B=-7981.08, Cut=-68, Best=2652
2026-01-14 19:42:29,456 - DSN - INFO - t=480: B=-7943.96, Cut=-54, Best=2652
2026-01-14 19:42:30,747 - DSN - INFO - DSN GPU done in 31.73s | Cut=2652
2026-01-14 19:42:30,751 - DSN - INFO - Results saved to: results/Gset/DSN_thorough/G57.csv
2026-01-14 19:42:30,751 - DSN - INFO - Cut: 2652 | Bound: -7933.89 | Time: 31.73s
2026-01-14 19:42:30,751 - DSN - INFO - Initialized DSN_thorough | preset=thorough | GPU=True
2026-01-14 19:42:30,751 - DSN - INFO - Params: η=0.003, T=500, init=degree, LS=True
2026-01-14 19:42:30,751 - DSN - INFO - Using GPU solver (CuPy)
2026-01-14 19:42:30,753 - DSN - INFO - DSN GPU Solver: n=5000, edges=10000
2026-01-14 19:42:30,753 - DSN - INFO - DSN GPU: T=500, η=0.003, LS=True
2026-01-14 19:42:30,895 - DSN - INFO - t=000: B=-8891.55, Cut=2632, Best=2632 [LS]
2026-01-14 19:42:33,013 - DSN - INFO - t=040: B=-8948.44, Cut=-56, Best=2632
2026-01-14 19:42:35,414 - DSN - INFO - t=080: B=-8816.56, Cut=-28, Best=2640
2026-01-14 19:42:37,946 - DSN - INFO - t=120: B=-8633.52, Cut=-38, Best=2640
2026-01-14 19:42:40,510 - DSN - INFO - t=160: B=-8504.62, Cut=-18, Best=2640
2026-01-14 19:42:43,110 - DSN - INFO - t=200: B=-8413.28, Cut=2634, Best=2640 [LS]
2026-01-14 19:42:45,638 - DSN - INFO - t=240: B=-8301.35, Cut=-34, Best=2640
2026-01-14 19:42:48,243 - DSN - INFO - t=280: B=-8212.88, Cut=-40, Best=2640
2026-01-14 19:42:50,876 - DSN - INFO - t=320: B=-8146.72, Cut=-62, Best=2642
2026-01-14 19:42:53,510 - DSN - INFO - t=360: B=-8071.68, Cut=-102, Best=2646
2026-01-14 19:42:56,143 - DSN - INFO - t=400: B=-8020.80, Cut=2628, Best=2646 [LS]
2026-01-14 19:42:58,696 - DSN - INFO - t=440: B=-7976.30, Cut=-170, Best=2646
2026-01-14 19:43:01,328 - DSN - INFO - t=480: B=-7949.38, Cut=-146, Best=2650
2026-01-14 19:43:02,620 - DSN - INFO - DSN GPU done in 31.87s | Cut=2654
2026-01-14 19:43:02,624 - DSN - INFO - Results saved to: results/Gset/DSN_thorough/G57.csv
2026-01-14 19:43:02,624 - DSN - INFO - Cut: 2654 | Bound: -7937.65 | Time: 31.87s
2026-01-14 19:43:02,624 - DSN - INFO - Initialized DSN_thorough | preset=thorough | GPU=True
2026-01-14 19:43:02,624 - DSN - INFO - Params: η=0.003, T=500, init=degree, LS=True
2026-01-14 19:43:02,624 - DSN - INFO - Using GPU solver (CuPy)
2026-01-14 19:43:02,626 - DSN - INFO - DSN GPU Solver: n=5000, edges=10000
2026-01-14 19:43:02,626 - DSN - INFO - DSN GPU: T=500, η=0.003, LS=True
2026-01-14 19:43:02,767 - DSN - INFO - t=000: B=-8891.55, Cut=2634, Best=2634 [LS]
2026-01-14 19:43:04,891 - DSN - INFO - t=040: B=-8933.91, Cut=-76, Best=2634
2026-01-14 19:43:07,329 - DSN - INFO - t=080: B=-8796.18, Cut=-48, Best=2640
2026-01-14 19:43:09,874 - DSN - INFO - t=120: B=-8616.43, Cut=-108, Best=2640
2026-01-14 19:43:12,455 - DSN - INFO - t=160: B=-8504.41, Cut=-32, Best=2640
2026-01-14 19:43:15,025 - DSN - INFO - t=200: B=-8413.54, Cut=2626, Best=2640 [LS]
2026-01-14 19:43:17,530 - DSN - INFO - t=240: B=-8297.43, Cut=-58, Best=2640
2026-01-14 19:43:20,147 - DSN - INFO - t=280: B=-8193.99, Cut=-86, Best=2640
2026-01-14 19:43:22,773 - DSN - INFO - t=320: B=-8091.75, Cut=-132, Best=2640
2026-01-14 19:43:25,399 - DSN - INFO - t=360: B=-8033.94, Cut=-74, Best=2640
2026-01-14 19:43:28,030 - DSN - INFO - t=400: B=-7988.63, Cut=2638, Best=2640 [LS]
2026-01-14 19:43:30,582 - DSN - INFO - t=440: B=-7964.20, Cut=-202, Best=2640
2026-01-14 19:43:33,209 - DSN - INFO - t=480: B=-7936.08, Cut=-122, Best=2640
2026-01-14 19:43:34,506 - DSN - INFO - DSN GPU done in 31.88s | Cut=2646
2026-01-14 19:43:34,509 - DSN - INFO - Results saved to: results/Gset/DSN_thorough/G57.csv
2026-01-14 19:43:34,510 - DSN - INFO - Cut: 2646 | Bound: -7928.88 | Time: 31.88s
2026-01-14 19:43:34,510 - DSN - INFO - Initialized DSN_thorough | preset=thorough | GPU=True
2026-01-14 19:43:34,510 - DSN - INFO - Params: η=0.003, T=500, init=degree, LS=True
2026-01-14 19:43:34,510 - DSN - INFO - Using GPU solver (CuPy)
2026-01-14 19:43:34,511 - DSN - INFO - DSN GPU Solver: n=5000, edges=10000
2026-01-14 19:43:34,511 - DSN - INFO - DSN GPU: T=500, η=0.003, LS=True
2026-01-14 19:43:34,653 - DSN - INFO - t=000: B=-8891.55, Cut=2628, Best=2628 [LS]
2026-01-14 19:43:36,836 - DSN - INFO - t=040: B=-8947.27, Cut=-54, Best=2628
2026-01-14 19:43:39,188 - DSN - INFO - t=080: B=-8796.96, Cut=-34, Best=2640
2026-01-14 19:43:41,682 - DSN - INFO - t=120: B=-8631.26, Cut=-20, Best=2640
2026-01-14 19:43:44,236 - DSN - INFO - t=160: B=-8488.80, Cut=-36, Best=2640
2026-01-14 19:43:46,836 - DSN - INFO - t=200: B=-8421.56, Cut=2634, Best=2640 [LS]
2026-01-14 19:43:49,368 - DSN - INFO - t=240: B=-8298.59, Cut=-44, Best=2640
2026-01-14 19:43:51,985 - DSN - INFO - t=280: B=-8192.64, Cut=-78, Best=2642
2026-01-14 19:43:54,600 - DSN - INFO - t=320: B=-8119.68, Cut=-44, Best=2642
2026-01-14 19:43:57,231 - DSN - INFO - t=360: B=-8076.89, Cut=-164, Best=2642
2026-01-14 19:43:59,854 - DSN - INFO - t=400: B=-8016.47, Cut=2642, Best=2642 [LS]
2026-01-14 19:44:02,411 - DSN - INFO - t=440: B=-7973.43, Cut=-72, Best=2642
2026-01-14 19:44:05,042 - DSN - INFO - t=480: B=-7940.10, Cut=-100, Best=2642
2026-01-14 19:44:06,333 - DSN - INFO - DSN GPU done in 31.82s | Cut=2642
2026-01-14 19:44:06,337 - DSN - INFO - Results saved to: results/Gset/DSN_thorough/G57.csv
2026-01-14 19:44:06,337 - DSN - INFO - Cut: 2642 | Bound: -7928.82 | Time: 31.82s
2026-01-14 19:44:06,337 - DSN - INFO - Initialized DSN_thorough | preset=thorough | GPU=True
2026-01-14 19:44:06,337 - DSN - INFO - Params: η=0.003, T=500, init=degree, LS=True
2026-01-14 19:44:06,337 - DSN - INFO - Using GPU solver (CuPy)
2026-01-14 19:44:06,339 - DSN - INFO - DSN GPU Solver: n=5000, edges=10000
2026-01-14 19:44:06,339 - DSN - INFO - DSN GPU: T=500, η=0.003, LS=True
2026-01-14 19:44:06,479 - DSN - INFO - t=000: B=-8891.55, Cut=2628, Best=2628 [LS]
2026-01-14 19:44:08,618 - DSN - INFO - t=040: B=-8941.94, Cut=-56, Best=2628
2026-01-14 19:44:11,075 - DSN - INFO - t=080: B=-8815.76, Cut=-50, Best=2640
2026-01-14 19:44:13,590 - DSN - INFO - t=120: B=-8639.19, Cut=-68, Best=2640
2026-01-14 19:44:16,159 - DSN - INFO - t=160: B=-8518.56, Cut=-56, Best=2640
2026-01-14 19:44:18,762 - DSN - INFO - t=200: B=-8414.77, Cut=2630, Best=2640 [LS]
2026-01-14 19:44:21,307 - DSN - INFO - t=240: B=-8325.32, Cut=-82, Best=2640
2026-01-14 19:44:23,926 - DSN - INFO - t=280: B=-8217.57, Cut=-86, Best=2640
2026-01-14 19:44:26,559 - DSN - INFO - t=320: B=-8131.13, Cut=-48, Best=2656
2026-01-14 19:44:29,188 - DSN - INFO - t=360: B=-8072.18, Cut=-116, Best=2656
2026-01-14 19:44:31,824 - DSN - INFO - t=400: B=-8017.84, Cut=2648, Best=2656 [LS]
2026-01-14 19:44:34,382 - DSN - INFO - t=440: B=-7979.18, Cut=-132, Best=2656
2026-01-14 19:44:37,011 - DSN - INFO - t=480: B=-7954.11, Cut=-138, Best=2656
2026-01-14 19:44:38,306 - DSN - INFO - DSN GPU done in 31.97s | Cut=2656
2026-01-14 19:44:38,310 - DSN - INFO - Results saved to: results/Gset/DSN_thorough/G57.csv
2026-01-14 19:44:38,310 - DSN - INFO - Cut: 2656 | Bound: -7933.10 | Time: 31.97s
2026-01-14 19:44:38,355 - DSN - INFO - Initialized DSN_thorough | preset=thorough | GPU=True
2026-01-14 19:44:38,355 - DSN - INFO - Params: η=0.003, T=500, init=degree, LS=True
2026-01-14 19:44:38,355 - DSN - INFO - Using GPU solver (CuPy)
2026-01-14 19:44:38,359 - DSN - INFO - DSN GPU Solver: n=5000, edges=29570
2026-01-14 19:44:38,359 - DSN - INFO - DSN GPU: T=500, η=0.003, LS=True
2026-01-14 19:44:38,627 - DSN - INFO - t=000: B=-80298.19, Cut=18491, Best=18491 [LS]
2026-01-14 19:44:39,178 - DSN - INFO - t=040: B=-31381.85, Cut=16212, Best=18491
2026-01-14 19:44:39,915 - DSN - INFO - t=080: B=-30285.38, Cut=236, Best=18491
2026-01-14 19:44:40,673 - DSN - INFO - t=120: B=-29963.50, Cut=14703, Best=18491
2026-01-14 19:44:41,405 - DSN - INFO - t=160: B=-29822.97, Cut=13190, Best=18491
2026-01-14 19:44:42,127 - DSN - INFO - t=200: B=-29747.58, Cut=18303, Best=18491 [LS]
2026-01-14 19:44:42,677 - DSN - INFO - t=240: B=-29701.98, Cut=5667, Best=18491
2026-01-14 19:44:43,409 - DSN - INFO - t=280: B=-29672.13, Cut=16357, Best=18491
2026-01-14 19:44:44,146 - DSN - INFO - t=320: B=-29651.46, Cut=15606, Best=18491
2026-01-14 19:44:44,891 - DSN - INFO - t=360: B=-29636.54, Cut=7805, Best=18491
2026-01-14 19:44:45,617 - DSN - INFO - t=400: B=-29625.40, Cut=18308, Best=18491 [LS]
2026-01-14 19:44:46,172 - DSN - INFO - t=440: B=-29616.88, Cut=15560, Best=18491
2026-01-14 19:44:46,964 - DSN - INFO - t=480: B=-29610.20, Cut=16178, Best=18491
2026-01-14 19:44:47,438 - DSN - INFO - DSN GPU done in 9.08s | Cut=18491
2026-01-14 19:44:47,440 - DSN - INFO - Results saved to: results/Gset/DSN_thorough/G58.csv
2026-01-14 19:44:47,440 - DSN - INFO - Cut: 18491 | Bound: -29607.52 | Time: 9.08s
2026-01-14 19:44:47,440 - DSN - INFO - Initialized DSN_thorough | preset=thorough | GPU=True
2026-01-14 19:44:47,440 - DSN - INFO - Params: η=0.003, T=500, init=degree, LS=True
2026-01-14 19:44:47,440 - DSN - INFO - Using GPU solver (CuPy)
2026-01-14 19:44:47,444 - DSN - INFO - DSN GPU Solver: n=5000, edges=29570
2026-01-14 19:44:47,444 - DSN - INFO - DSN GPU: T=500, η=0.003, LS=True
2026-01-14 19:44:47,714 - DSN - INFO - t=000: B=-80298.19, Cut=18470, Best=18470 [LS]
2026-01-14 19:44:48,263 - DSN - INFO - t=040: B=-31381.85, Cut=16273, Best=18470
2026-01-14 19:44:49,011 - DSN - INFO - t=080: B=-30285.38, Cut=16332, Best=18470
2026-01-14 19:44:49,761 - DSN - INFO - t=120: B=-29963.50, Cut=11463, Best=18470
2026-01-14 19:44:50,490 - DSN - INFO - t=160: B=-29822.97, Cut=16363, Best=18470
2026-01-14 19:44:51,225 - DSN - INFO - t=200: B=-29747.58, Cut=18382, Best=18470 [LS]
2026-01-14 19:44:51,774 - DSN - INFO - t=240: B=-29701.98, Cut=16283, Best=18470
2026-01-14 19:44:52,525 - DSN - INFO - t=280: B=-29672.13, Cut=16174, Best=18470
2026-01-14 19:44:53,252 - DSN - INFO - t=320: B=-29651.47, Cut=16361, Best=18470
2026-01-14 19:44:53,999 - DSN - INFO - t=360: B=-29636.54, Cut=15560, Best=18470
2026-01-14 19:44:54,836 - DSN - INFO - t=400: B=-29625.41, Cut=18339, Best=18470 [LS]
2026-01-14 19:44:55,384 - DSN - INFO - t=440: B=-29616.88, Cut=16308, Best=18470
2026-01-14 19:44:56,134 - DSN - INFO - t=480: B=-29610.21, Cut=7659, Best=18470
2026-01-14 19:44:56,640 - DSN - INFO - DSN GPU done in 9.20s | Cut=18470
2026-01-14 19:44:56,644 - DSN - INFO - Results saved to: results/Gset/DSN_thorough/G58.csv
2026-01-14 19:44:56,644 - DSN - INFO - Cut: 18470 | Bound: -29607.53 | Time: 9.20s
2026-01-14 19:44:56,644 - DSN - INFO - Initialized DSN_thorough | preset=thorough | GPU=True
2026-01-14 19:44:56,644 - DSN - INFO - Params: η=0.003, T=500, init=degree, LS=True
2026-01-14 19:44:56,644 - DSN - INFO - Using GPU solver (CuPy)
2026-01-14 19:44:56,648 - DSN - INFO - DSN GPU Solver: n=5000, edges=29570
2026-01-14 19:44:56,648 - DSN - INFO - DSN GPU: T=500, η=0.003, LS=True
2026-01-14 19:44:56,911 - DSN - INFO - t=000: B=-80298.19, Cut=18463, Best=18463 [LS]
2026-01-14 19:44:57,458 - DSN - INFO - t=040: B=-31381.85, Cut=14233, Best=18463
2026-01-14 19:44:58,211 - DSN - INFO - t=080: B=-30285.38, Cut=15414, Best=18463
2026-01-14 19:44:58,941 - DSN - INFO - t=120: B=-29963.50, Cut=15254, Best=18463
2026-01-14 19:44:59,682 - DSN - INFO - t=160: B=-29822.97, Cut=16378, Best=18463
2026-01-14 19:45:00,417 - DSN - INFO - t=200: B=-29747.58, Cut=18362, Best=18463 [LS]
2026-01-14 19:45:00,968 - DSN - INFO - t=240: B=-29701.98, Cut=15904, Best=18463
2026-01-14 19:45:01,690 - DSN - INFO - t=280: B=-29672.13, Cut=14275, Best=18463
2026-01-14 19:45:02,435 - DSN - INFO - t=320: B=-29651.46, Cut=15501, Best=18463
2026-01-14 19:45:03,166 - DSN - INFO - t=360: B=-29636.54, Cut=411, Best=18463
2026-01-14 19:45:03,908 - DSN - INFO - t=400: B=-29625.40, Cut=18399, Best=18463 [LS]
2026-01-14 19:45:04,459 - DSN - INFO - t=440: B=-29616.88, Cut=16359, Best=18463
2026-01-14 19:45:05,348 - DSN - INFO - t=480: B=-29610.20, Cut=15453, Best=18463
2026-01-14 19:45:05,957 - DSN - INFO - DSN GPU done in 9.31s | Cut=18463
2026-01-14 19:45:05,961 - DSN - INFO - Results saved to: results/Gset/DSN_thorough/G58.csv
2026-01-14 19:45:05,961 - DSN - INFO - Cut: 18463 | Bound: -29607.53 | Time: 9.31s
2026-01-14 19:45:05,961 - DSN - INFO - Initialized DSN_thorough | preset=thorough | GPU=True
2026-01-14 19:45:05,961 - DSN - INFO - Params: η=0.003, T=500, init=degree, LS=True
2026-01-14 19:45:05,961 - DSN - INFO - Using GPU solver (CuPy)
2026-01-14 19:45:05,965 - DSN - INFO - DSN GPU Solver: n=5000, edges=29570
2026-01-14 19:45:05,965 - DSN - INFO - DSN GPU: T=500, η=0.003, LS=True
2026-01-14 19:45:06,231 - DSN - INFO - t=000: B=-80298.19, Cut=18444, Best=18444 [LS]
2026-01-14 19:45:06,781 - DSN - INFO - t=040: B=-31381.85, Cut=15977, Best=18444
2026-01-14 19:45:07,513 - DSN - INFO - t=080: B=-30285.38, Cut=16309, Best=18444
2026-01-14 19:45:08,258 - DSN - INFO - t=120: B=-29963.50, Cut=16007, Best=18444
2026-01-14 19:45:08,992 - DSN - INFO - t=160: B=-29822.96, Cut=15640, Best=18444
2026-01-14 19:45:09,719 - DSN - INFO - t=200: B=-29747.58, Cut=18333, Best=18444 [LS]
2026-01-14 19:45:10,269 - DSN - INFO - t=240: B=-29701.98, Cut=5219, Best=18444
2026-01-14 19:45:11,039 - DSN - INFO - t=280: B=-29672.13, Cut=15548, Best=18444
2026-01-14 19:45:11,797 - DSN - INFO - t=320: B=-29651.47, Cut=5905, Best=18444
2026-01-14 19:45:12,546 - DSN - INFO - t=360: B=-29636.54, Cut=8, Best=18444
2026-01-14 19:45:13,287 - DSN - INFO - t=400: B=-29625.40, Cut=18340, Best=18444 [LS]
2026-01-14 19:45:13,840 - DSN - INFO - t=440: B=-29616.88, Cut=15850, Best=18444
2026-01-14 19:45:14,629 - DSN - INFO - t=480: B=-29610.20, Cut=16365, Best=18444
2026-01-14 19:45:15,133 - DSN - INFO - DSN GPU done in 9.17s | Cut=18444
2026-01-14 19:45:15,137 - DSN - INFO - Results saved to: results/Gset/DSN_thorough/G58.csv
2026-01-14 19:45:15,137 - DSN - INFO - Cut: 18444 | Bound: -29607.53 | Time: 9.17s
2026-01-14 19:45:15,137 - DSN - INFO - Initialized DSN_thorough | preset=thorough | GPU=True
2026-01-14 19:45:15,137 - DSN - INFO - Params: η=0.003, T=500, init=degree, LS=True
2026-01-14 19:45:15,137 - DSN - INFO - Using GPU solver (CuPy)
2026-01-14 19:45:15,141 - DSN - INFO - DSN GPU Solver: n=5000, edges=29570
2026-01-14 19:45:15,141 - DSN - INFO - DSN GPU: T=500, η=0.003, LS=True
2026-01-14 19:45:15,404 - DSN - INFO - t=000: B=-80298.19, Cut=18463, Best=18463 [LS]
2026-01-14 19:45:15,953 - DSN - INFO - t=040: B=-31381.85, Cut=16021, Best=18463
2026-01-14 19:45:16,684 - DSN - INFO - t=080: B=-30285.39, Cut=15994, Best=18463
2026-01-14 19:45:17,411 - DSN - INFO - t=120: B=-29963.50, Cut=16345, Best=18463
2026-01-14 19:45:18,139 - DSN - INFO - t=160: B=-29822.96, Cut=15476, Best=18463
2026-01-14 19:45:18,884 - DSN - INFO - t=200: B=-29747.58, Cut=18385, Best=18463 [LS]
2026-01-14 19:45:19,430 - DSN - INFO - t=240: B=-29701.98, Cut=14267, Best=18463
2026-01-14 19:45:20,319 - DSN - INFO - t=280: B=-29672.13, Cut=16367, Best=18463
2026-01-14 19:45:21,105 - DSN - INFO - t=320: B=-29651.46, Cut=1243, Best=18463
2026-01-14 19:45:21,830 - DSN - INFO - t=360: B=-29636.54, Cut=14123, Best=18463
2026-01-14 19:45:22,554 - DSN - INFO - t=400: B=-29625.40, Cut=18317, Best=18463 [LS]
2026-01-14 19:45:23,103 - DSN - INFO - t=440: B=-29616.87, Cut=16178, Best=18463
2026-01-14 19:45:23,823 - DSN - INFO - t=480: B=-29610.20, Cut=11923, Best=18463
2026-01-14 19:45:24,283 - DSN - INFO - DSN GPU done in 9.14s | Cut=18463
2026-01-14 19:45:24,287 - DSN - INFO - Results saved to: results/Gset/DSN_thorough/G58.csv
2026-01-14 19:45:24,287 - DSN - INFO - Cut: 18463 | Bound: -29607.53 | Time: 9.15s
2026-01-14 19:45:24,287 - DSN - INFO - Initialized DSN_thorough | preset=thorough | GPU=True
2026-01-14 19:45:24,287 - DSN - INFO - Params: η=0.003, T=500, init=degree, LS=True
2026-01-14 19:45:24,287 - DSN - INFO - Using GPU solver (CuPy)
2026-01-14 19:45:24,291 - DSN - INFO - DSN GPU Solver: n=5000, edges=29570
2026-01-14 19:45:24,291 - DSN - INFO - DSN GPU: T=500, η=0.003, LS=True
2026-01-14 19:45:24,559 - DSN - INFO - t=000: B=-80298.19, Cut=18480, Best=18480 [LS]
2026-01-14 19:45:25,106 - DSN - INFO - t=040: B=-31381.85, Cut=14305, Best=18480
2026-01-14 19:45:25,855 - DSN - INFO - t=080: B=-30285.39, Cut=15406, Best=18480
2026-01-14 19:45:26,602 - DSN - INFO - t=120: B=-29963.50, Cut=14970, Best=18480
2026-01-14 19:45:27,330 - DSN - INFO - t=160: B=-29822.96, Cut=10223, Best=18480
2026-01-14 19:45:28,073 - DSN - INFO - t=200: B=-29747.58, Cut=18383, Best=18480 [LS]
2026-01-14 19:45:28,619 - DSN - INFO - t=240: B=-29701.98, Cut=14247, Best=18480
2026-01-14 19:45:29,338 - DSN - INFO - t=280: B=-29672.15, Cut=15522, Best=18480
2026-01-14 19:45:30,072 - DSN - INFO - t=320: B=-29651.46, Cut=16153, Best=18480
2026-01-14 19:45:30,805 - DSN - INFO - t=360: B=-29636.54, Cut=15560, Best=18480
2026-01-14 19:45:31,548 - DSN - INFO - t=400: B=-29625.40, Cut=18396, Best=18480 [LS]
2026-01-14 19:45:32,097 - DSN - INFO - t=440: B=-29616.88, Cut=16355, Best=18480
2026-01-14 19:45:32,842 - DSN - INFO - t=480: B=-29610.20, Cut=14321, Best=18480
2026-01-14 19:45:33,391 - DSN - INFO - DSN GPU done in 9.10s | Cut=18480
2026-01-14 19:45:33,394 - DSN - INFO - Results saved to: results/Gset/DSN_thorough/G58.csv
2026-01-14 19:45:33,394 - DSN - INFO - Cut: 18480 | Bound: -29607.52 | Time: 9.10s
2026-01-14 19:45:33,395 - DSN - INFO - Initialized DSN_thorough | preset=thorough | GPU=True
2026-01-14 19:45:33,395 - DSN - INFO - Params: η=0.003, T=500, init=degree, LS=True
2026-01-14 19:45:33,395 - DSN - INFO - Using GPU solver (CuPy)
2026-01-14 19:45:33,398 - DSN - INFO - DSN GPU Solver: n=5000, edges=29570
2026-01-14 19:45:33,398 - DSN - INFO - DSN GPU: T=500, η=0.003, LS=True
2026-01-14 19:45:33,666 - DSN - INFO - t=000: B=-80298.19, Cut=18477, Best=18477 [LS]
2026-01-14 19:45:34,214 - DSN - INFO - t=040: B=-31381.85, Cut=15561, Best=18477
2026-01-14 19:45:34,967 - DSN - INFO - t=080: B=-30285.39, Cut=16356, Best=18477
2026-01-14 19:45:35,700 - DSN - INFO - t=120: B=-29963.50, Cut=15752, Best=18477
2026-01-14 19:45:36,463 - DSN - INFO - t=160: B=-29822.97, Cut=16321, Best=18477
2026-01-14 19:45:37,183 - DSN - INFO - t=200: B=-29747.58, Cut=18290, Best=18477 [LS]
2026-01-14 19:45:37,731 - DSN - INFO - t=240: B=-29701.98, Cut=0, Best=18477
2026-01-14 19:45:38,484 - DSN - INFO - t=280: B=-29672.13, Cut=15525, Best=18477
2026-01-14 19:45:39,229 - DSN - INFO - t=320: B=-29651.46, Cut=0, Best=18477
2026-01-14 19:45:40,116 - DSN - INFO - t=360: B=-29636.54, Cut=14237, Best=18477
2026-01-14 19:45:40,857 - DSN - INFO - t=400: B=-29625.40, Cut=18384, Best=18477 [LS]
2026-01-14 19:45:41,411 - DSN - INFO - t=440: B=-29616.88, Cut=16389, Best=18477
2026-01-14 19:45:42,191 - DSN - INFO - t=480: B=-29610.20, Cut=14261, Best=18477
2026-01-14 19:45:42,639 - DSN - INFO - DSN GPU done in 9.24s | Cut=18477
2026-01-14 19:45:42,644 - DSN - INFO - Results saved to: results/Gset/DSN_thorough/G58.csv
2026-01-14 19:45:42,644 - DSN - INFO - Cut: 18477 | Bound: -29607.52 | Time: 9.24s
2026-01-14 19:45:42,644 - DSN - INFO - Initialized DSN_thorough | preset=thorough | GPU=True
2026-01-14 19:45:42,644 - DSN - INFO - Params: η=0.003, T=500, init=degree, LS=True
2026-01-14 19:45:42,644 - DSN - INFO - Using GPU solver (CuPy)
2026-01-14 19:45:42,648 - DSN - INFO - DSN GPU Solver: n=5000, edges=29570
2026-01-14 19:45:42,648 - DSN - INFO - DSN GPU: T=500, η=0.003, LS=True
2026-01-14 19:45:42,916 - DSN - INFO - t=000: B=-80298.19, Cut=18443, Best=18443 [LS]
2026-01-14 19:45:43,461 - DSN - INFO - t=040: B=-31381.85, Cut=16270, Best=18443
2026-01-14 19:45:44,194 - DSN - INFO - t=080: B=-30285.38, Cut=16361, Best=18443
2026-01-14 19:45:44,940 - DSN - INFO - t=120: B=-29963.50, Cut=14936, Best=18443
2026-01-14 19:45:45,670 - DSN - INFO - t=160: B=-29822.97, Cut=16359, Best=18443
2026-01-14 19:45:46,397 - DSN - INFO - t=200: B=-29747.59, Cut=18287, Best=18443 [LS]
2026-01-14 19:45:46,947 - DSN - INFO - t=240: B=-29701.98, Cut=11889, Best=18443
2026-01-14 19:45:47,678 - DSN - INFO - t=280: B=-29672.13, Cut=11739, Best=18443
2026-01-14 19:45:48,479 - DSN - INFO - t=320: B=-29651.46, Cut=16030, Best=18443
2026-01-14 19:45:49,371 - DSN - INFO - t=360: B=-29636.54, Cut=16178, Best=18443
2026-01-14 19:45:50,109 - DSN - INFO - t=400: B=-29625.40, Cut=18396, Best=18443 [LS]
2026-01-14 19:45:50,666 - DSN - INFO - t=440: B=-29616.88, Cut=11923, Best=18443
2026-01-14 19:45:51,400 - DSN - INFO - t=480: B=-29610.20, Cut=16365, Best=18443
2026-01-14 19:45:51,963 - DSN - INFO - DSN GPU done in 9.31s | Cut=18443
2026-01-14 19:45:51,966 - DSN - INFO - Results saved to: results/Gset/DSN_thorough/G58.csv
2026-01-14 19:45:51,967 - DSN - INFO - Cut: 18443 | Bound: -29607.53 | Time: 9.32s
2026-01-14 19:45:51,967 - DSN - INFO - Initialized DSN_thorough | preset=thorough | GPU=True
2026-01-14 19:45:51,967 - DSN - INFO - Params: η=0.003, T=500, init=degree, LS=True
2026-01-14 19:45:51,967 - DSN - INFO - Using GPU solver (CuPy)
2026-01-14 19:45:51,970 - DSN - INFO - DSN GPU Solver: n=5000, edges=29570
2026-01-14 19:45:51,971 - DSN - INFO - DSN GPU: T=500, η=0.003, LS=True
2026-01-14 19:45:52,241 - DSN - INFO - t=000: B=-80298.19, Cut=18463, Best=18463 [LS]
2026-01-14 19:45:52,789 - DSN - INFO - t=040: B=-31381.85, Cut=16265, Best=18463
2026-01-14 19:45:53,524 - DSN - INFO - t=080: B=-30285.39, Cut=16087, Best=18463
2026-01-14 19:45:54,256 - DSN - INFO - t=120: B=-29963.50, Cut=16376, Best=18463
2026-01-14 19:45:54,982 - DSN - INFO - t=160: B=-29822.96, Cut=16379, Best=18463
2026-01-14 19:45:55,714 - DSN - INFO - t=200: B=-29747.58, Cut=18303, Best=18463 [LS]
2026-01-14 19:45:56,266 - DSN - INFO - t=240: B=-29701.98, Cut=14311, Best=18463
2026-01-14 19:45:56,992 - DSN - INFO - t=280: B=-29672.13, Cut=14311, Best=18463
2026-01-14 19:45:57,731 - DSN - INFO - t=320: B=-29651.46, Cut=14275, Best=18463
2026-01-14 19:45:58,558 - DSN - INFO - t=360: B=-29636.54, Cut=411, Best=18463
2026-01-14 19:45:59,292 - DSN - INFO - t=400: B=-29625.41, Cut=18396, Best=18463 [LS]
2026-01-14 19:45:59,844 - DSN - INFO - t=440: B=-29616.88, Cut=15802, Best=18463
2026-01-14 19:46:00,575 - DSN - INFO - t=480: B=-29610.20, Cut=11923, Best=18463
2026-01-14 19:46:01,039 - DSN - INFO - DSN GPU done in 9.07s | Cut=18463
2026-01-14 19:46:01,043 - DSN - INFO - Results saved to: results/Gset/DSN_thorough/G58.csv
2026-01-14 19:46:01,043 - DSN - INFO - Cut: 18463 | Bound: -29607.52 | Time: 9.07s
2026-01-14 19:46:01,043 - DSN - INFO - Initialized DSN_thorough | preset=thorough | GPU=True
2026-01-14 19:46:01,043 - DSN - INFO - Params: η=0.003, T=500, init=degree, LS=True
2026-01-14 19:46:01,043 - DSN - INFO - Using GPU solver (CuPy)
2026-01-14 19:46:01,047 - DSN - INFO - DSN GPU Solver: n=5000, edges=29570
2026-01-14 19:46:01,047 - DSN - INFO - DSN GPU: T=500, η=0.003, LS=True
2026-01-14 19:46:01,313 - DSN - INFO - t=000: B=-80298.19, Cut=18443, Best=18443 [LS]
2026-01-14 19:46:01,861 - DSN - INFO - t=040: B=-31381.85, Cut=15848, Best=18443
2026-01-14 19:46:02,597 - DSN - INFO - t=080: B=-30285.39, Cut=16085, Best=18443
2026-01-14 19:46:03,325 - DSN - INFO - t=120: B=-29963.50, Cut=16366, Best=18443
2026-01-14 19:46:04,056 - DSN - INFO - t=160: B=-29822.97, Cut=16367, Best=18443
2026-01-14 19:46:04,779 - DSN - INFO - t=200: B=-29747.58, Cut=18318, Best=18443 [LS]
2026-01-14 19:46:05,331 - DSN - INFO - t=240: B=-29701.98, Cut=11884, Best=18443
2026-01-14 19:46:06,050 - DSN - INFO - t=280: B=-29672.13, Cut=15130, Best=18443
2026-01-14 19:46:06,942 - DSN - INFO - t=320: B=-29651.46, Cut=15507, Best=18443
2026-01-14 19:46:07,677 - DSN - INFO - t=360: B=-29636.54, Cut=14321, Best=18443
2026-01-14 19:46:08,404 - DSN - INFO - t=400: B=-29625.40, Cut=18308, Best=18443 [LS]
2026-01-14 19:46:08,959 - DSN - INFO - t=440: B=-29616.88, Cut=10914, Best=18443
2026-01-14 19:46:09,692 - DSN - INFO - t=480: B=-29610.20, Cut=16178, Best=18443
2026-01-14 19:46:10,141 - DSN - INFO - DSN GPU done in 9.09s | Cut=18443
2026-01-14 19:46:10,145 - DSN - INFO - Results saved to: results/Gset/DSN_thorough/G58.csv
2026-01-14 19:46:10,145 - DSN - INFO - Cut: 18443 | Bound: -29607.53 | Time: 9.10s
2026-01-14 19:46:10,191 - DSN - INFO - Initialized DSN_thorough | preset=thorough | GPU=True
2026-01-14 19:46:10,191 - DSN - INFO - Params: η=0.003, T=500, init=degree, LS=True
2026-01-14 19:46:10,191 - DSN - INFO - Using GPU solver (CuPy)
2026-01-14 19:46:10,195 - DSN - INFO - DSN GPU Solver: n=5000, edges=29570
2026-01-14 19:46:10,195 - DSN - INFO - DSN GPU: T=500, η=0.003, LS=True
2026-01-14 19:46:10,543 - DSN - INFO - t=000: B=-60912.03, Cut=5052, Best=5052 [LS]
2026-01-14 19:46:12,568 - DSN - INFO - t=040: B=-16148.36, Cut=-46, Best=5052
2026-01-14 19:46:15,475 - DSN - INFO - t=080: B=-15278.02, Cut=-167, Best=5052
2026-01-14 19:46:18,391 - DSN - INFO - t=120: B=-15029.33, Cut=-55, Best=5052
2026-01-14 19:46:21,298 - DSN - INFO - t=160: B=-14940.70, Cut=0, Best=5052
2026-01-14 19:46:24,211 - DSN - INFO - t=200: B=-14900.63, Cut=5081, Best=5081 [LS]
2026-01-14 19:46:26,805 - DSN - INFO - t=240: B=-14861.20, Cut=-177, Best=5081
2026-01-14 19:46:29,715 - DSN - INFO - t=280: B=-14791.48, Cut=-14, Best=5081
2026-01-14 19:46:32,620 - DSN - INFO - t=320: B=-14789.66, Cut=-19, Best=5081
2026-01-14 19:46:35,539 - DSN - INFO - t=360: B=-14773.86, Cut=-127, Best=5081
2026-01-14 19:46:38,456 - DSN - INFO - t=400: B=-14771.80, Cut=5098, Best=5098 [LS]
2026-01-14 19:46:41,041 - DSN - INFO - t=440: B=-14747.44, Cut=-43, Best=5098
2026-01-14 19:46:43,955 - DSN - INFO - t=480: B=-14739.54, Cut=-60, Best=5098
2026-01-14 19:46:45,511 - DSN - INFO - DSN GPU done in 35.32s | Cut=5098
2026-01-14 19:46:45,513 - DSN - INFO - Results saved to: results/Gset/DSN_thorough/G59.csv
2026-01-14 19:46:45,513 - DSN - INFO - Cut: 5098 | Bound: -14736.95 | Time: 35.32s
2026-01-14 19:46:45,513 - DSN - INFO - Initialized DSN_thorough | preset=thorough | GPU=True
2026-01-14 19:46:45,513 - DSN - INFO - Params: η=0.003, T=500, init=degree, LS=True
2026-01-14 19:46:45,513 - DSN - INFO - Using GPU solver (CuPy)
2026-01-14 19:46:45,517 - DSN - INFO - DSN GPU Solver: n=5000, edges=29570
2026-01-14 19:46:45,517 - DSN - INFO - DSN GPU: T=500, η=0.003, LS=True
2026-01-14 19:46:45,858 - DSN - INFO - t=000: B=-60912.03, Cut=4981, Best=4981 [LS]
2026-01-14 19:46:47,886 - DSN - INFO - t=040: B=-16166.00, Cut=-78, Best=4981
2026-01-14 19:46:50,790 - DSN - INFO - t=080: B=-15284.56, Cut=-125, Best=5036
2026-01-14 19:46:53,698 - DSN - INFO - t=120: B=-15032.75, Cut=-304, Best=5036
2026-01-14 19:46:56,614 - DSN - INFO - t=160: B=-14940.76, Cut=-25, Best=5043
2026-01-14 19:46:59,527 - DSN - INFO - t=200: B=-14878.55, Cut=5085, Best=5085 [LS]
2026-01-14 19:47:02,118 - DSN - INFO - t=240: B=-14853.62, Cut=-65, Best=5085
2026-01-14 19:47:05,045 - DSN - INFO - t=280: B=-14834.95, Cut=-47, Best=5190
2026-01-14 19:47:07,954 - DSN - INFO - t=320: B=-14774.18, Cut=-73, Best=5190
2026-01-14 19:47:10,876 - DSN - INFO - t=360: B=-14771.28, Cut=-22, Best=5190
2026-01-14 19:47:13,790 - DSN - INFO - t=400: B=-14761.16, Cut=5096, Best=5190 [LS]
2026-01-14 19:47:16,379 - DSN - INFO - t=440: B=-14753.73, Cut=-48, Best=5190
2026-01-14 19:47:19,300 - DSN - INFO - t=480: B=-14748.70, Cut=-75, Best=5190
2026-01-14 19:47:20,864 - DSN - INFO - DSN GPU done in 35.35s | Cut=5190
2026-01-14 19:47:20,868 - DSN - INFO - Results saved to: results/Gset/DSN_thorough/G59.csv
2026-01-14 19:47:20,868 - DSN - INFO - Cut: 5190 | Bound: -14740.82 | Time: 35.35s
2026-01-14 19:47:20,868 - DSN - INFO - Initialized DSN_thorough | preset=thorough | GPU=True
2026-01-14 19:47:20,868 - DSN - INFO - Params: η=0.003, T=500, init=degree, LS=True
2026-01-14 19:47:20,869 - DSN - INFO - Using GPU solver (CuPy)
2026-01-14 19:47:20,873 - DSN - INFO - DSN GPU Solver: n=5000, edges=29570
2026-01-14 19:47:20,873 - DSN - INFO - DSN GPU: T=500, η=0.003, LS=True
2026-01-14 19:47:21,219 - DSN - INFO - t=000: B=-60912.03, Cut=5063, Best=5063 [LS]
2026-01-14 19:47:23,186 - DSN - INFO - t=040: B=-16179.42, Cut=-143, Best=5063
2026-01-14 19:47:26,091 - DSN - INFO - t=080: B=-15295.14, Cut=-150, Best=5063
2026-01-14 19:47:29,006 - DSN - INFO - t=120: B=-15029.25, Cut=-242, Best=5063
2026-01-14 19:47:31,921 - DSN - INFO - t=160: B=-14955.05, Cut=-126, Best=5071
2026-01-14 19:47:34,837 - DSN - INFO - t=200: B=-14887.76, Cut=5096, Best=5096 [LS]
2026-01-14 19:47:37,421 - DSN - INFO - t=240: B=-14866.10, Cut=-64, Best=5096
2026-01-14 19:47:40,346 - DSN - INFO - t=280: B=-14838.73, Cut=-71, Best=5096
2026-01-14 19:47:43,268 - DSN - INFO - t=320: B=-14819.95, Cut=-49, Best=5098
2026-01-14 19:47:46,196 - DSN - INFO - t=360: B=-14799.22, Cut=-32, Best=5098
2026-01-14 19:47:49,105 - DSN - INFO - t=400: B=-14788.76, Cut=5097, Best=5098 [LS]
2026-01-14 19:47:51,694 - DSN - INFO - t=440: B=-14774.45, Cut=-35, Best=5098
2026-01-14 19:47:54,606 - DSN - INFO - t=480: B=-14731.60, Cut=-118, Best=5098
2026-01-14 19:47:56,164 - DSN - INFO - DSN GPU done in 35.29s | Cut=5098
2026-01-14 19:47:56,167 - DSN - INFO - Results saved to: results/Gset/DSN_thorough/G59.csv
2026-01-14 19:47:56,167 - DSN - INFO - Cut: 5098 | Bound: -14716.71 | Time: 35.30s
2026-01-14 19:47:56,167 - DSN - INFO - Initialized DSN_thorough | preset=thorough | GPU=True
2026-01-14 19:47:56,167 - DSN - INFO - Params: η=0.003, T=500, init=degree, LS=True
2026-01-14 19:47:56,168 - DSN - INFO - Using GPU solver (CuPy)
2026-01-14 19:47:56,172 - DSN - INFO - DSN GPU Solver: n=5000, edges=29570
2026-01-14 19:47:56,172 - DSN - INFO - DSN GPU: T=500, η=0.003, LS=True
2026-01-14 19:47:56,519 - DSN - INFO - t=000: B=-60912.03, Cut=5088, Best=5088 [LS]
2026-01-14 19:47:58,526 - DSN - INFO - t=040: B=-16155.77, Cut=-50, Best=5088
2026-01-14 19:48:01,429 - DSN - INFO - t=080: B=-15306.06, Cut=-28, Best=5088
2026-01-14 19:48:04,346 - DSN - INFO - t=120: B=-15043.55, Cut=-39, Best=5088
2026-01-14 19:48:07,261 - DSN - INFO - t=160: B=-14930.06, Cut=-46, Best=5088
2026-01-14 19:48:10,166 - DSN - INFO - t=200: B=-14899.78, Cut=5026, Best=5088 [LS]
2026-01-14 19:48:12,763 - DSN - INFO - t=240: B=-14858.09, Cut=-228, Best=5088
2026-01-14 19:48:15,667 - DSN - INFO - t=280: B=-14833.41, Cut=-42, Best=5088
2026-01-14 19:48:18,595 - DSN - INFO - t=320: B=-14812.39, Cut=-163, Best=5144
2026-01-14 19:48:21,501 - DSN - INFO - t=360: B=-14799.44, Cut=-90, Best=5144
2026-01-14 19:48:24,421 - DSN - INFO - t=400: B=-14748.29, Cut=5056, Best=5144 [LS]
2026-01-14 19:48:27,002 - DSN - INFO - t=440: B=-14731.17, Cut=-32, Best=5144
2026-01-14 19:48:29,917 - DSN - INFO - t=480: B=-14722.41, Cut=-48, Best=5144
2026-01-14 19:48:31,472 - DSN - INFO - DSN GPU done in 35.30s | Cut=5144
2026-01-14 19:48:31,476 - DSN - INFO - Results saved to: results/Gset/DSN_thorough/G59.csv
2026-01-14 19:48:31,476 - DSN - INFO - Cut: 5144 | Bound: -14718.86 | Time: 35.30s
2026-01-14 19:48:31,476 - DSN - INFO - Initialized DSN_thorough | preset=thorough | GPU=True
2026-01-14 19:48:31,476 - DSN - INFO - Params: η=0.003, T=500, init=degree, LS=True
2026-01-14 19:48:31,476 - DSN - INFO - Using GPU solver (CuPy)
2026-01-14 19:48:31,480 - DSN - INFO - DSN GPU Solver: n=5000, edges=29570
2026-01-14 19:48:31,480 - DSN - INFO - DSN GPU: T=500, η=0.003, LS=True
2026-01-14 19:48:31,821 - DSN - INFO - t=000: B=-60912.03, Cut=5021, Best=5021 [LS]
2026-01-14 19:48:33,838 - DSN - INFO - t=040: B=-16152.48, Cut=-87, Best=5021
2026-01-14 19:48:36,735 - DSN - INFO - t=080: B=-15291.00, Cut=7, Best=5064
2026-01-14 19:48:39,642 - DSN - INFO - t=120: B=-15034.47, Cut=-51, Best=5064
2026-01-14 19:48:42,561 - DSN - INFO - t=160: B=-14944.97, Cut=-16, Best=5159
2026-01-14 19:48:45,477 - DSN - INFO - t=200: B=-14894.07, Cut=5042, Best=5159 [LS]
2026-01-14 19:48:48,070 - DSN - INFO - t=240: B=-14850.69, Cut=-62, Best=5159
2026-01-14 19:48:50,978 - DSN - INFO - t=280: B=-14830.24, Cut=-21, Best=5159
2026-01-14 19:48:53,893 - DSN - INFO - t=320: B=-14824.15, Cut=-145, Best=5159
2026-01-14 19:48:56,818 - DSN - INFO - t=360: B=-14800.61, Cut=-66, Best=5207
2026-01-14 19:48:59,735 - DSN - INFO - t=400: B=-14803.81, Cut=5118, Best=5207 [LS]
2026-01-14 19:49:02,321 - DSN - INFO - t=440: B=-14785.45, Cut=-8, Best=5207
2026-01-14 19:49:05,237 - DSN - INFO - t=480: B=-14733.85, Cut=-157, Best=5207
2026-01-14 19:49:06,789 - DSN - INFO - DSN GPU done in 35.31s | Cut=5207
2026-01-14 19:49:06,793 - DSN - INFO - Results saved to: results/Gset/DSN_thorough/G59.csv
2026-01-14 19:49:06,793 - DSN - INFO - Cut: 5207 | Bound: -14728.32 | Time: 35.31s
2026-01-14 19:49:06,793 - DSN - INFO - Initialized DSN_thorough | preset=thorough | GPU=True
2026-01-14 19:49:06,793 - DSN - INFO - Params: η=0.003, T=500, init=degree, LS=True
2026-01-14 19:49:06,793 - DSN - INFO - Using GPU solver (CuPy)
2026-01-14 19:49:06,797 - DSN - INFO - DSN GPU Solver: n=5000, edges=29570
2026-01-14 19:49:06,797 - DSN - INFO - DSN GPU: T=500, η=0.003, LS=True
2026-01-14 19:49:07,151 - DSN - INFO - t=000: B=-60912.03, Cut=5079, Best=5079 [LS]
2026-01-14 19:49:09,137 - DSN - INFO - t=040: B=-16164.53, Cut=-80, Best=5079
2026-01-14 19:49:12,057 - DSN - INFO - t=080: B=-15262.78, Cut=-108, Best=5097
2026-01-14 19:49:14,982 - DSN - INFO - t=120: B=-15038.95, Cut=-55, Best=5128
2026-01-14 19:49:17,904 - DSN - INFO - t=160: B=-14936.87, Cut=23, Best=5128
2026-01-14 19:49:20,819 - DSN - INFO - t=200: B=-14886.48, Cut=5053, Best=5128 [LS]
2026-01-14 19:49:23,414 - DSN - INFO - t=240: B=-14854.82, Cut=-44, Best=5128
2026-01-14 19:49:26,318 - DSN - INFO - t=280: B=-14833.36, Cut=-110, Best=5128
2026-01-14 19:49:29,234 - DSN - INFO - t=320: B=-14810.53, Cut=3, Best=5128
2026-01-14 19:49:32,146 - DSN - INFO - t=360: B=-14764.15, Cut=-94, Best=5128
2026-01-14 19:49:35,067 - DSN - INFO - t=400: B=-14755.39, Cut=5073, Best=5128 [LS]
2026-01-14 19:49:37,645 - DSN - INFO - t=440: B=-14733.43, Cut=-27, Best=5128
2026-01-14 19:49:40,564 - DSN - INFO - t=480: B=-14731.95, Cut=1, Best=5128
2026-01-14 19:49:42,112 - DSN - INFO - DSN GPU done in 35.31s | Cut=5128
2026-01-14 19:49:42,116 - DSN - INFO - Results saved to: results/Gset/DSN_thorough/G59.csv
2026-01-14 19:49:42,116 - DSN - INFO - Cut: 5128 | Bound: -14723.82 | Time: 35.32s
2026-01-14 19:49:42,116 - DSN - INFO - Initialized DSN_thorough | preset=thorough | GPU=True
2026-01-14 19:49:42,116 - DSN - INFO - Params: η=0.003, T=500, init=degree, LS=True
2026-01-14 19:49:42,116 - DSN - INFO - Using GPU solver (CuPy)
2026-01-14 19:49:42,120 - DSN - INFO - DSN GPU Solver: n=5000, edges=29570
2026-01-14 19:49:42,120 - DSN - INFO - DSN GPU: T=500, η=0.003, LS=True
2026-01-14 19:49:42,467 - DSN - INFO - t=000: B=-60912.03, Cut=5085, Best=5085 [LS]
2026-01-14 19:49:44,466 - DSN - INFO - t=040: B=-16181.96, Cut=-30, Best=5085
2026-01-14 19:49:47,365 - DSN - INFO - t=080: B=-15286.91, Cut=-71, Best=5087
2026-01-14 19:49:50,274 - DSN - INFO - t=120: B=-15040.21, Cut=-47, Best=5087
2026-01-14 19:49:53,188 - DSN - INFO - t=160: B=-14932.25, Cut=-98, Best=5128
2026-01-14 19:49:56,108 - DSN - INFO - t=200: B=-14878.43, Cut=5045, Best=5128 [LS]
2026-01-14 19:49:58,697 - DSN - INFO - t=240: B=-14858.27, Cut=-29, Best=5128
2026-01-14 19:50:01,612 - DSN - INFO - t=280: B=-14830.88, Cut=-145, Best=5128
2026-01-14 19:50:04,532 - DSN - INFO - t=320: B=-14787.73, Cut=22, Best=5128
2026-01-14 19:50:07,445 - DSN - INFO - t=360: B=-14754.53, Cut=-76, Best=5128
2026-01-14 19:50:10,372 - DSN - INFO - t=400: B=-14744.91, Cut=5186, Best=5186 [LS]
2026-01-14 19:50:12,959 - DSN - INFO - t=440: B=-14740.84, Cut=-29, Best=5186
2026-01-14 19:50:15,871 - DSN - INFO - t=480: B=-14733.82, Cut=-118, Best=5186
2026-01-14 19:50:17,426 - DSN - INFO - DSN GPU done in 35.31s | Cut=5186
2026-01-14 19:50:17,429 - DSN - INFO - Results saved to: results/Gset/DSN_thorough/G59.csv
2026-01-14 19:50:17,430 - DSN - INFO - Cut: 5186 | Bound: -14730.84 | Time: 35.31s
2026-01-14 19:50:17,430 - DSN - INFO - Initialized DSN_thorough | preset=thorough | GPU=True
2026-01-14 19:50:17,430 - DSN - INFO - Params: η=0.003, T=500, init=degree, LS=True
2026-01-14 19:50:17,430 - DSN - INFO - Using GPU solver (CuPy)
2026-01-14 19:50:17,434 - DSN - INFO - DSN GPU Solver: n=5000, edges=29570
2026-01-14 19:50:17,434 - DSN - INFO - DSN GPU: T=500, η=0.003, LS=True
2026-01-14 19:50:17,783 - DSN - INFO - t=000: B=-60912.03, Cut=5121, Best=5121 [LS]
2026-01-14 19:50:19,790 - DSN - INFO - t=040: B=-16176.26, Cut=-177, Best=5121
2026-01-14 19:50:22,697 - DSN - INFO - t=080: B=-15284.07, Cut=-97, Best=5122
2026-01-14 19:50:25,614 - DSN - INFO - t=120: B=-15035.51, Cut=-144, Best=5122
2026-01-14 19:50:28,536 - DSN - INFO - t=160: B=-14941.16, Cut=-38, Best=5122
2026-01-14 19:50:31,446 - DSN - INFO - t=200: B=-14889.68, Cut=5150, Best=5150 [LS]
2026-01-14 19:50:34,040 - DSN - INFO - t=240: B=-14860.95, Cut=-76, Best=5150
2026-01-14 19:50:36,950 - DSN - INFO - t=280: B=-14834.60, Cut=-140, Best=5150
2026-01-14 19:50:39,875 - DSN - INFO - t=320: B=-14824.24, Cut=-117, Best=5150
2026-01-14 19:50:42,786 - DSN - INFO - t=360: B=-14796.69, Cut=-24, Best=5150
2026-01-14 19:50:45,700 - DSN - INFO - t=400: B=-14748.83, Cut=5047, Best=5150 [LS]
2026-01-14 19:50:48,288 - DSN - INFO - t=440: B=-14745.93, Cut=-168, Best=5150
2026-01-14 19:50:51,210 - DSN - INFO - t=480: B=-14724.67, Cut=-45, Best=5150
2026-01-14 19:50:52,766 - DSN - INFO - DSN GPU done in 35.33s | Cut=5150
2026-01-14 19:50:52,770 - DSN - INFO - Results saved to: results/Gset/DSN_thorough/G59.csv
2026-01-14 19:50:52,770 - DSN - INFO - Cut: 5150 | Bound: -14718.76 | Time: 35.34s
2026-01-14 19:50:52,770 - DSN - INFO - Initialized DSN_thorough | preset=thorough | GPU=True
2026-01-14 19:50:52,770 - DSN - INFO - Params: η=0.003, T=500, init=degree, LS=True
2026-01-14 19:50:52,770 - DSN - INFO - Using GPU solver (CuPy)
2026-01-14 19:50:52,774 - DSN - INFO - DSN GPU Solver: n=5000, edges=29570
2026-01-14 19:50:52,774 - DSN - INFO - DSN GPU: T=500, η=0.003, LS=True
2026-01-14 19:50:53,121 - DSN - INFO - t=000: B=-60912.03, Cut=5063, Best=5063 [LS]
2026-01-14 19:50:55,122 - DSN - INFO - t=040: B=-16147.16, Cut=-80, Best=5063
2026-01-14 19:50:58,035 - DSN - INFO - t=080: B=-15266.89, Cut=-29, Best=5063
2026-01-14 19:51:00,942 - DSN - INFO - t=120: B=-15031.20, Cut=-87, Best=5100
2026-01-14 19:51:03,860 - DSN - INFO - t=160: B=-14947.54, Cut=-106, Best=5100
2026-01-14 19:51:06,769 - DSN - INFO - t=200: B=-14897.96, Cut=5157, Best=5157 [LS]
2026-01-14 19:51:09,358 - DSN - INFO - t=240: B=-14855.04, Cut=-17, Best=5157
2026-01-14 19:51:12,260 - DSN - INFO - t=280: B=-14835.47, Cut=-91, Best=5157
2026-01-14 19:51:15,163 - DSN - INFO - t=320: B=-14767.79, Cut=-45, Best=5157
2026-01-14 19:51:18,071 - DSN - INFO - t=360: B=-14772.41, Cut=-91, Best=5157
2026-01-14 19:51:20,973 - DSN - INFO - t=400: B=-14744.03, Cut=5057, Best=5157 [LS]
2026-01-14 19:51:23,549 - DSN - INFO - t=440: B=-14734.11, Cut=-16, Best=5157
2026-01-14 19:51:26,451 - DSN - INFO - t=480: B=-14733.52, Cut=-100, Best=5157
2026-01-14 19:51:27,995 - DSN - INFO - DSN GPU done in 35.22s | Cut=5157
2026-01-14 19:51:28,000 - DSN - INFO - Results saved to: results/Gset/DSN_thorough/G59.csv
2026-01-14 19:51:28,000 - DSN - INFO - Cut: 5157 | Bound: -14728.17 | Time: 35.23s
2026-01-14 19:51:28,000 - DSN - INFO - Initialized DSN_thorough | preset=thorough | GPU=True
2026-01-14 19:51:28,000 - DSN - INFO - Params: η=0.003, T=500, init=degree, LS=True
2026-01-14 19:51:28,000 - DSN - INFO - Using GPU solver (CuPy)
2026-01-14 19:51:28,005 - DSN - INFO - DSN GPU Solver: n=5000, edges=29570
2026-01-14 19:51:28,005 - DSN - INFO - DSN GPU: T=500, η=0.003, LS=True
2026-01-14 19:51:28,352 - DSN - INFO - t=000: B=-60912.03, Cut=5063, Best=5063 [LS]
2026-01-14 19:51:30,325 - DSN - INFO - t=040: B=-16165.22, Cut=-33, Best=5063
2026-01-14 19:51:33,247 - DSN - INFO - t=080: B=-15275.06, Cut=-138, Best=5111
2026-01-14 19:51:36,147 - DSN - INFO - t=120: B=-15020.08, Cut=-22, Best=5111
2026-01-14 19:51:39,058 - DSN - INFO - t=160: B=-14928.13, Cut=-191, Best=5111
2026-01-14 19:51:41,962 - DSN - INFO - t=200: B=-14890.33, Cut=5016, Best=5111 [LS]
2026-01-14 19:51:44,550 - DSN - INFO - t=240: B=-14859.80, Cut=-157, Best=5111
2026-01-14 19:51:47,462 - DSN - INFO - t=280: B=-14838.51, Cut=-96, Best=5111
2026-01-14 19:51:50,376 - DSN - INFO - t=320: B=-14801.16, Cut=-37, Best=5117
2026-01-14 19:51:53,286 - DSN - INFO - t=360: B=-14758.75, Cut=-72, Best=5117
2026-01-14 19:51:56,192 - DSN - INFO - t=400: B=-14746.62, Cut=5082, Best=5117 [LS]
2026-01-14 19:51:58,767 - DSN - INFO - t=440: B=-14733.21, Cut=38, Best=5117
2026-01-14 19:52:01,676 - DSN - INFO - t=480: B=-14725.09, Cut=-86, Best=5123
2026-01-14 19:52:03,238 - DSN - INFO - DSN GPU done in 35.23s | Cut=5123
2026-01-14 19:52:03,241 - DSN - INFO - Results saved to: results/Gset/DSN_thorough/G59.csv
2026-01-14 19:52:03,241 - DSN - INFO - Cut: 5123 | Bound: -14719.12 | Time: 35.24s
2026-01-14 19:52:03,270 - DSN - INFO - Initialized DSN_thorough | preset=thorough | GPU=True
2026-01-14 19:52:03,270 - DSN - INFO - Params: η=0.003, T=500, init=degree, LS=True
2026-01-14 19:52:03,270 - DSN - INFO - Using GPU solver (CuPy)
2026-01-14 19:52:03,273 - DSN - INFO - DSN GPU Solver: n=800, edges=19176
2026-01-14 19:52:03,273 - DSN - INFO - DSN GPU: T=500, η=0.003, LS=True
2026-01-14 19:52:03,334 - DSN - INFO - t=000: B=-5524.52, Cut=1952, Best=1952 [LS]
2026-01-14 19:52:05,477 - DSN - INFO - t=040: B=-5230.89, Cut=63, Best=1952
2026-01-14 19:52:07,951 - DSN - INFO - t=080: B=-5189.54, Cut=3, Best=1952
2026-01-14 19:52:10,535 - DSN - INFO - t=120: B=-5166.51, Cut=17, Best=1952
2026-01-14 19:52:13,132 - DSN - INFO - t=160: B=-5155.78, Cut=18, Best=1952
2026-01-14 19:52:15,734 - DSN - INFO - t=200: B=-5151.62, Cut=1912, Best=1952 [LS]
2026-01-14 19:52:18,308 - DSN - INFO - t=240: B=-5149.54, Cut=4, Best=1952
2026-01-14 19:52:20,906 - DSN - INFO - t=280: B=-5148.06, Cut=11, Best=1964
2026-01-14 19:52:23,506 - DSN - INFO - t=320: B=-5147.10, Cut=20, Best=1964
2026-01-14 19:52:26,097 - DSN - INFO - t=360: B=-5147.07, Cut=19, Best=1964
2026-01-14 19:52:28,698 - DSN - INFO - t=400: B=-5147.33, Cut=1940, Best=1964 [LS]
2026-01-14 19:52:31,265 - DSN - INFO - t=440: B=-5147.38, Cut=7, Best=1964
2026-01-14 19:52:33,852 - DSN - INFO - t=480: B=-5147.38, Cut=11, Best=1978
2026-01-14 19:52:35,106 - DSN - INFO - DSN GPU done in 31.83s | Cut=1991
2026-01-14 19:52:35,108 - DSN - INFO - Results saved to: results/Gset/DSN_thorough/G6.csv
2026-01-14 19:52:35,108 - DSN - INFO - Cut: 1991 | Bound: -5146.45 | Time: 31.84s
2026-01-14 19:52:35,108 - DSN - INFO - Initialized DSN_thorough | preset=thorough | GPU=True
2026-01-14 19:52:35,108 - DSN - INFO - Params: η=0.003, T=500, init=degree, LS=True
2026-01-14 19:52:35,108 - DSN - INFO - Using GPU solver (CuPy)
2026-01-14 19:52:35,111 - DSN - INFO - DSN GPU Solver: n=800, edges=19176
2026-01-14 19:52:35,111 - DSN - INFO - DSN GPU: T=500, η=0.003, LS=True
2026-01-14 19:52:35,173 - DSN - INFO - t=000: B=-5524.52, Cut=1917, Best=1917 [LS]
2026-01-14 19:52:37,319 - DSN - INFO - t=040: B=-5230.91, Cut=62, Best=1917
2026-01-14 19:52:39,807 - DSN - INFO - t=080: B=-5188.75, Cut=-10, Best=1964
2026-01-14 19:52:42,391 - DSN - INFO - t=120: B=-5167.32, Cut=-2, Best=1964
2026-01-14 19:52:44,983 - DSN - INFO - t=160: B=-5155.56, Cut=5, Best=1964
2026-01-14 19:52:47,586 - DSN - INFO - t=200: B=-5155.28, Cut=1981, Best=1981 [LS]
2026-01-14 19:52:50,161 - DSN - INFO - t=240: B=-5151.99, Cut=2, Best=1981
2026-01-14 19:52:52,755 - DSN - INFO - t=280: B=-5148.93, Cut=10, Best=1994
2026-01-14 19:52:55,352 - DSN - INFO - t=320: B=-5147.62, Cut=66, Best=1994
2026-01-14 19:52:57,948 - DSN - INFO - t=360: B=-5146.75, Cut=9, Best=1994
2026-01-14 19:53:00,542 - DSN - INFO - t=400: B=-5147.10, Cut=1953, Best=1994 [LS]
2026-01-14 19:53:03,113 - DSN - INFO - t=440: B=-5147.14, Cut=12, Best=1994
2026-01-14 19:53:05,710 - DSN - INFO - t=480: B=-5147.43, Cut=50, Best=1994
2026-01-14 19:53:06,958 - DSN - INFO - DSN GPU done in 31.85s | Cut=1994
2026-01-14 19:53:06,963 - DSN - INFO - Results saved to: results/Gset/DSN_thorough/G6.csv
2026-01-14 19:53:06,963 - DSN - INFO - Cut: 1994 | Bound: -5146.40 | Time: 31.85s
2026-01-14 19:53:06,963 - DSN - INFO - Initialized DSN_thorough | preset=thorough | GPU=True
2026-01-14 19:53:06,963 - DSN - INFO - Params: η=0.003, T=500, init=degree, LS=True
2026-01-14 19:53:06,963 - DSN - INFO - Using GPU solver (CuPy)
2026-01-14 19:53:06,966 - DSN - INFO - DSN GPU Solver: n=800, edges=19176
2026-01-14 19:53:06,966 - DSN - INFO - DSN GPU: T=500, η=0.003, LS=True
2026-01-14 19:53:07,029 - DSN - INFO - t=000: B=-5524.52, Cut=1941, Best=1941 [LS]
2026-01-14 19:53:09,175 - DSN - INFO - t=040: B=-5230.95, Cut=20, Best=1941
2026-01-14 19:53:11,672 - DSN - INFO - t=080: B=-5189.40, Cut=-21, Best=1953
2026-01-14 19:53:14,267 - DSN - INFO - t=120: B=-5166.03, Cut=0, Best=1953
2026-01-14 19:53:16,856 - DSN - INFO - t=160: B=-5154.17, Cut=12, Best=1953
2026-01-14 19:53:19,447 - DSN - INFO - t=200: B=-5149.52, Cut=1873, Best=1953 [LS]
2026-01-14 19:53:22,016 - DSN - INFO - t=240: B=-5151.82, Cut=58, Best=1953
2026-01-14 19:53:24,606 - DSN - INFO - t=280: B=-5148.68, Cut=25, Best=1953
2026-01-14 19:53:27,200 - DSN - INFO - t=320: B=-5147.34, Cut=12, Best=1953
2026-01-14 19:53:29,789 - DSN - INFO - t=360: B=-5147.39, Cut=33, Best=1965
2026-01-14 19:53:32,388 - DSN - INFO - t=400: B=-5147.04, Cut=2002, Best=2002 [LS]
2026-01-14 19:53:34,955 - DSN - INFO - t=440: B=-5147.04, Cut=34, Best=2002
2026-01-14 19:53:37,552 - DSN - INFO - t=480: B=-5147.20, Cut=36, Best=2002
2026-01-14 19:53:38,792 - DSN - INFO - DSN GPU done in 31.83s | Cut=2002
2026-01-14 19:53:38,796 - DSN - INFO - Results saved to: results/Gset/DSN_thorough/G6.csv
2026-01-14 19:53:38,796 - DSN - INFO - Cut: 2002 | Bound: -5146.61 | Time: 31.83s
2026-01-14 19:53:38,796 - DSN - INFO - Initialized DSN_thorough | preset=thorough | GPU=True
2026-01-14 19:53:38,796 - DSN - INFO - Params: η=0.003, T=500, init=degree, LS=True
2026-01-14 19:53:38,796 - DSN - INFO - Using GPU solver (CuPy)
2026-01-14 19:53:38,799 - DSN - INFO - DSN GPU Solver: n=800, edges=19176
2026-01-14 19:53:38,799 - DSN - INFO - DSN GPU: T=500, η=0.003, LS=True
2026-01-14 19:53:38,859 - DSN - INFO - t=000: B=-5524.52, Cut=1952, Best=1952 [LS]
2026-01-14 19:53:40,994 - DSN - INFO - t=040: B=-5230.83, Cut=54, Best=1952
2026-01-14 19:53:43,474 - DSN - INFO - t=080: B=-5189.01, Cut=16, Best=2009
2026-01-14 19:53:46,067 - DSN - INFO - t=120: B=-5165.78, Cut=35, Best=2009
2026-01-14 19:53:48,657 - DSN - INFO - t=160: B=-5154.95, Cut=33, Best=2009
2026-01-14 19:53:51,250 - DSN - INFO - t=200: B=-5150.92, Cut=1982, Best=2009 [LS]
2026-01-14 19:53:53,823 - DSN - INFO - t=240: B=-5148.10, Cut=-37, Best=2009
2026-01-14 19:53:56,423 - DSN - INFO - t=280: B=-5147.89, Cut=4, Best=2009
2026-01-14 19:53:59,023 - DSN - INFO - t=320: B=-5147.66, Cut=-29, Best=2009
2026-01-14 19:54:01,615 - DSN - INFO - t=360: B=-5147.70, Cut=1, Best=2009
2026-01-14 19:54:04,215 - DSN - INFO - t=400: B=-5147.69, Cut=2021, Best=2021 [LS]
2026-01-14 19:54:06,786 - DSN - INFO - t=440: B=-5147.40, Cut=7, Best=2021
2026-01-14 19:54:09,377 - DSN - INFO - t=480: B=-5147.70, Cut=4, Best=2021
2026-01-14 19:54:10,629 - DSN - INFO - DSN GPU done in 31.83s | Cut=2021
2026-01-14 19:54:10,632 - DSN - INFO - Results saved to: results/Gset/DSN_thorough/G6.csv
2026-01-14 19:54:10,632 - DSN - INFO - Cut: 2021 | Bound: -5146.63 | Time: 31.83s
2026-01-14 19:54:10,632 - DSN - INFO - Initialized DSN_thorough | preset=thorough | GPU=True
2026-01-14 19:54:10,632 - DSN - INFO - Params: η=0.003, T=500, init=degree, LS=True
2026-01-14 19:54:10,632 - DSN - INFO - Using GPU solver (CuPy)
2026-01-14 19:54:10,635 - DSN - INFO - DSN GPU Solver: n=800, edges=19176
2026-01-14 19:54:10,635 - DSN - INFO - DSN GPU: T=500, η=0.003, LS=True
2026-01-14 19:54:10,695 - DSN - INFO - t=000: B=-5524.52, Cut=1935, Best=1935 [LS]
2026-01-14 19:54:12,836 - DSN - INFO - t=040: B=-5230.89, Cut=35, Best=1935
2026-01-14 19:54:15,360 - DSN - INFO - t=080: B=-5186.84, Cut=5, Best=1935
2026-01-14 19:54:17,946 - DSN - INFO - t=120: B=-5158.61, Cut=0, Best=1935
2026-01-14 19:54:20,536 - DSN - INFO - t=160: B=-5158.24, Cut=4, Best=1946
2026-01-14 19:54:23,129 - DSN - INFO - t=200: B=-5153.02, Cut=1929, Best=1946 [LS]
2026-01-14 19:54:25,695 - DSN - INFO - t=240: B=-5150.32, Cut=12, Best=1946
2026-01-14 19:54:28,293 - DSN - INFO - t=280: B=-5148.44, Cut=0, Best=1946
2026-01-14 19:54:30,878 - DSN - INFO - t=320: B=-5146.90, Cut=-2, Best=1951
2026-01-14 19:54:33,464 - DSN - INFO - t=360: B=-5147.99, Cut=9, Best=1951
2026-01-14 19:54:36,065 - DSN - INFO - t=400: B=-5148.33, Cut=1953, Best=1953 [LS]
2026-01-14 19:54:38,436 - DSN - INFO - t=440: B=-5147.93, Cut=14, Best=1953
2026-01-14 19:54:39,887 - DSN - INFO - t=480: B=-5148.28, Cut=19, Best=1953
2026-01-14 19:54:40,514 - DSN - INFO - DSN GPU done in 29.88s | Cut=1953
2026-01-14 19:54:40,518 - DSN - INFO - Results saved to: results/Gset/DSN_thorough/G6.csv
2026-01-14 19:54:40,518 - DSN - INFO - Cut: 1953 | Bound: -5146.55 | Time: 29.88s
2026-01-14 19:54:40,518 - DSN - INFO - Initialized DSN_thorough | preset=thorough | GPU=True
2026-01-14 19:54:40,518 - DSN - INFO - Params: η=0.003, T=500, init=degree, LS=True
2026-01-14 19:54:40,518 - DSN - INFO - Using GPU solver (CuPy)
2026-01-14 19:54:40,520 - DSN - INFO - DSN GPU Solver: n=800, edges=19176
2026-01-14 19:54:40,521 - DSN - INFO - DSN GPU: T=500, η=0.003, LS=True
2026-01-14 19:54:40,582 - DSN - INFO - t=000: B=-5524.52, Cut=1976, Best=1976 [LS]
2026-01-14 19:54:42,717 - DSN - INFO - t=040: B=-5231.06, Cut=49, Best=1976
2026-01-14 19:54:45,201 - DSN - INFO - t=080: B=-5189.21, Cut=-5, Best=1980
2026-01-14 19:54:47,798 - DSN - INFO - t=120: B=-5163.96, Cut=29, Best=1980
2026-01-14 19:54:50,388 - DSN - INFO - t=160: B=-5155.48, Cut=27, Best=1980
2026-01-14 19:54:52,999 - DSN - INFO - t=200: B=-5154.69, Cut=1952, Best=1980 [LS]
2026-01-14 19:54:55,568 - DSN - INFO - t=240: B=-5154.07, Cut=0, Best=1980
2026-01-14 19:54:58,165 - DSN - INFO - t=280: B=-5149.80, Cut=11, Best=1980
2026-01-14 19:55:00,758 - DSN - INFO - t=320: B=-5147.84, Cut=13, Best=1980
2026-01-14 19:55:03,353 - DSN - INFO - t=360: B=-5146.80, Cut=9, Best=1980
2026-01-14 19:55:05,955 - DSN - INFO - t=400: B=-5147.23, Cut=1957, Best=1980 [LS]
2026-01-14 19:55:08,519 - DSN - INFO - t=440: B=-5146.54, Cut=23, Best=1980
2026-01-14 19:55:11,108 - DSN - INFO - t=480: B=-5146.52, Cut=17, Best=1980
2026-01-14 19:55:12,360 - DSN - INFO - DSN GPU done in 31.84s | Cut=1980
2026-01-14 19:55:12,364 - DSN - INFO - Results saved to: results/Gset/DSN_thorough/G6.csv
2026-01-14 19:55:12,364 - DSN - INFO - Cut: 1980 | Bound: -5146.22 | Time: 31.84s
2026-01-14 19:55:12,364 - DSN - INFO - Initialized DSN_thorough | preset=thorough | GPU=True
2026-01-14 19:55:12,364 - DSN - INFO - Params: η=0.003, T=500, init=degree, LS=True
2026-01-14 19:55:12,364 - DSN - INFO - Using GPU solver (CuPy)
2026-01-14 19:55:12,367 - DSN - INFO - DSN GPU Solver: n=800, edges=19176
2026-01-14 19:55:12,367 - DSN - INFO - DSN GPU: T=500, η=0.003, LS=True
2026-01-14 19:55:12,431 - DSN - INFO - t=000: B=-5524.52, Cut=1980, Best=1980 [LS]
2026-01-14 19:55:14,573 - DSN - INFO - t=040: B=-5230.94, Cut=34, Best=1980
2026-01-14 19:55:17,069 - DSN - INFO - t=080: B=-5188.83, Cut=0, Best=1980
2026-01-14 19:55:19,660 - DSN - INFO - t=120: B=-5166.27, Cut=1, Best=1980
2026-01-14 19:55:22,254 - DSN - INFO - t=160: B=-5155.75, Cut=20, Best=1980
2026-01-14 19:55:24,852 - DSN - INFO - t=200: B=-5150.79, Cut=1920, Best=1980 [LS]
2026-01-14 19:55:27,406 - DSN - INFO - t=240: B=-5149.77, Cut=12, Best=1980
2026-01-14 19:55:29,996 - DSN - INFO - t=280: B=-5148.19, Cut=29, Best=1980
2026-01-14 19:55:32,583 - DSN - INFO - t=320: B=-5147.82, Cut=0, Best=1980
2026-01-14 19:55:35,168 - DSN - INFO - t=360: B=-5147.89, Cut=51, Best=1980
2026-01-14 19:55:37,761 - DSN - INFO - t=400: B=-5147.23, Cut=1928, Best=1980 [LS]
2026-01-14 19:55:40,323 - DSN - INFO - t=440: B=-5147.50, Cut=0, Best=1980
2026-01-14 19:55:42,870 - DSN - INFO - t=480: B=-5147.99, Cut=11, Best=1980
2026-01-14 19:55:43,867 - DSN - INFO - DSN GPU done in 31.50s | Cut=1980
2026-01-14 19:55:43,870 - DSN - INFO - Results saved to: results/Gset/DSN_thorough/G6.csv
2026-01-14 19:55:43,871 - DSN - INFO - Cut: 1980 | Bound: -5146.76 | Time: 31.50s
2026-01-14 19:55:43,871 - DSN - INFO - Initialized DSN_thorough | preset=thorough | GPU=True
2026-01-14 19:55:43,871 - DSN - INFO - Params: η=0.003, T=500, init=degree, LS=True
2026-01-14 19:55:43,871 - DSN - INFO - Using GPU solver (CuPy)
2026-01-14 19:55:43,873 - DSN - INFO - DSN GPU Solver: n=800, edges=19176
2026-01-14 19:55:43,873 - DSN - INFO - DSN GPU: T=500, η=0.003, LS=True
2026-01-14 19:55:43,937 - DSN - INFO - t=000: B=-5524.52, Cut=1980, Best=1980 [LS]
2026-01-14 19:55:46,081 - DSN - INFO - t=040: B=-5230.91, Cut=36, Best=1980
2026-01-14 19:55:48,566 - DSN - INFO - t=080: B=-5188.72, Cut=5, Best=1980
2026-01-14 19:55:51,158 - DSN - INFO - t=120: B=-5163.98, Cut=44, Best=1980
2026-01-14 19:55:53,742 - DSN - INFO - t=160: B=-5155.14, Cut=12, Best=1980
2026-01-14 19:55:56,326 - DSN - INFO - t=200: B=-5151.54, Cut=1924, Best=1980 [LS]
2026-01-14 19:55:58,890 - DSN - INFO - t=240: B=-5149.09, Cut=15, Best=1980
2026-01-14 19:56:01,489 - DSN - INFO - t=280: B=-5149.05, Cut=2, Best=1980
2026-01-14 19:56:04,087 - DSN - INFO - t=320: B=-5148.29, Cut=37, Best=1980
2026-01-14 19:56:06,674 - DSN - INFO - t=360: B=-5147.43, Cut=9, Best=1980
2026-01-14 19:56:09,265 - DSN - INFO - t=400: B=-5147.59, Cut=1982, Best=1982 [LS]
2026-01-14 19:56:11,828 - DSN - INFO - t=440: B=-5147.41, Cut=-5, Best=1982
2026-01-14 19:56:14,417 - DSN - INFO - t=480: B=-5147.51, Cut=0, Best=2021
2026-01-14 19:56:15,663 - DSN - INFO - DSN GPU done in 31.79s | Cut=2021
2026-01-14 19:56:15,667 - DSN - INFO - Results saved to: results/Gset/DSN_thorough/G6.csv
2026-01-14 19:56:15,667 - DSN - INFO - Cut: 2021 | Bound: -5147.11 | Time: 31.79s
2026-01-14 19:56:15,667 - DSN - INFO - Initialized DSN_thorough | preset=thorough | GPU=True
2026-01-14 19:56:15,667 - DSN - INFO - Params: η=0.003, T=500, init=degree, LS=True
2026-01-14 19:56:15,667 - DSN - INFO - Using GPU solver (CuPy)
2026-01-14 19:56:15,670 - DSN - INFO - DSN GPU Solver: n=800, edges=19176
2026-01-14 19:56:15,670 - DSN - INFO - DSN GPU: T=500, η=0.003, LS=True
2026-01-14 19:56:15,731 - DSN - INFO - t=000: B=-5524.52, Cut=1976, Best=1976 [LS]
2026-01-14 19:56:17,869 - DSN - INFO - t=040: B=-5230.73, Cut=-5, Best=1976
2026-01-14 19:56:20,338 - DSN - INFO - t=080: B=-5188.85, Cut=14, Best=1976
2026-01-14 19:56:22,932 - DSN - INFO - t=120: B=-5164.85, Cut=0, Best=1976
2026-01-14 19:56:25,529 - DSN - INFO - t=160: B=-5156.77, Cut=0, Best=1976
2026-01-14 19:56:28,121 - DSN - INFO - t=200: B=-5153.82, Cut=1967, Best=1976 [LS]
2026-01-14 19:56:30,689 - DSN - INFO - t=240: B=-5151.35, Cut=28, Best=1976
2026-01-14 19:56:33,279 - DSN - INFO - t=280: B=-5149.61, Cut=-9, Best=1976
2026-01-14 19:56:35,863 - DSN - INFO - t=320: B=-5147.17, Cut=4, Best=1976
2026-01-14 19:56:38,452 - DSN - INFO - t=360: B=-5147.13, Cut=22, Best=1976
2026-01-14 19:56:41,049 - DSN - INFO - t=400: B=-5146.68, Cut=1930, Best=1976 [LS]
2026-01-14 19:56:43,606 - DSN - INFO - t=440: B=-5147.12, Cut=0, Best=1976
2026-01-14 19:56:46,208 - DSN - INFO - t=480: B=-5147.31, Cut=2, Best=1976
2026-01-14 19:56:47,466 - DSN - INFO - DSN GPU done in 31.80s | Cut=1976
2026-01-14 19:56:47,470 - DSN - INFO - Results saved to: results/Gset/DSN_thorough/G6.csv
2026-01-14 19:56:47,470 - DSN - INFO - Cut: 1976 | Bound: -5146.50 | Time: 31.80s
2026-01-14 19:56:47,470 - DSN - INFO - Initialized DSN_thorough | preset=thorough | GPU=True
2026-01-14 19:56:47,470 - DSN - INFO - Params: η=0.003, T=500, init=degree, LS=True
2026-01-14 19:56:47,470 - DSN - INFO - Using GPU solver (CuPy)
2026-01-14 19:56:47,473 - DSN - INFO - DSN GPU Solver: n=800, edges=19176
2026-01-14 19:56:47,473 - DSN - INFO - DSN GPU: T=500, η=0.003, LS=True
2026-01-14 19:56:47,535 - DSN - INFO - t=000: B=-5524.52, Cut=1953, Best=1953 [LS]
2026-01-14 19:56:49,674 - DSN - INFO - t=040: B=-5230.97, Cut=62, Best=1953
2026-01-14 19:56:52,151 - DSN - INFO - t=080: B=-5188.64, Cut=-9, Best=1953
2026-01-14 19:56:54,743 - DSN - INFO - t=120: B=-5163.28, Cut=-7, Best=1953
2026-01-14 19:56:57,334 - DSN - INFO - t=160: B=-5159.43, Cut=0, Best=1953
2026-01-14 19:56:59,926 - DSN - INFO - t=200: B=-5156.07, Cut=1953, Best=1953 [LS]
2026-01-14 19:57:02,489 - DSN - INFO - t=240: B=-5150.09, Cut=-37, Best=1953
2026-01-14 19:57:05,084 - DSN - INFO - t=280: B=-5149.18, Cut=49, Best=1955
2026-01-14 19:57:07,687 - DSN - INFO - t=320: B=-5147.81, Cut=8, Best=1982
2026-01-14 19:57:10,290 - DSN - INFO - t=360: B=-5146.94, Cut=0, Best=1982
2026-01-14 19:57:12,878 - DSN - INFO - t=400: B=-5146.83, Cut=1927, Best=1982 [LS]
2026-01-14 19:57:15,447 - DSN - INFO - t=440: B=-5147.24, Cut=1, Best=1982
2026-01-14 19:57:18,034 - DSN - INFO - t=480: B=-5147.33, Cut=15, Best=1982
2026-01-14 19:57:19,280 - DSN - INFO - DSN GPU done in 31.81s | Cut=2001
2026-01-14 19:57:19,285 - DSN - INFO - Results saved to: results/Gset/DSN_thorough/G6.csv
2026-01-14 19:57:19,285 - DSN - INFO - Cut: 2001 | Bound: -5146.38 | Time: 31.81s
2026-01-14 19:57:19,308 - DSN - INFO - Initialized DSN_thorough | preset=thorough | GPU=True
2026-01-14 19:57:19,308 - DSN - INFO - Params: η=0.003, T=500, init=degree, LS=True
2026-01-14 19:57:19,308 - DSN - INFO - Using GPU solver (CuPy)
2026-01-14 19:57:19,310 - DSN - INFO - DSN GPU Solver: n=7000, edges=14000
2026-01-14 19:57:19,310 - DSN - INFO - DSN GPU: T=500, η=0.003, LS=True
2026-01-14 19:57:19,491 - DSN - INFO - t=000: B=-12536.96, Cut=3664, Best=3664 [LS]
2026-01-14 19:57:21,696 - DSN - INFO - t=040: B=-12650.66, Cut=-42, Best=3664
2026-01-14 19:57:24,188 - DSN - INFO - t=080: B=-12457.77, Cut=-36, Best=3664
2026-01-14 19:57:26,789 - DSN - INFO - t=120: B=-12267.50, Cut=-42, Best=3664
2026-01-14 19:57:29,352 - DSN - INFO - t=160: B=-12193.80, Cut=-50, Best=3664
2026-01-14 19:57:32,019 - DSN - INFO - t=200: B=-12090.16, Cut=3644, Best=3664 [LS]
2026-01-14 19:57:34,553 - DSN - INFO - t=240: B=-11967.10, Cut=-48, Best=3664
2026-01-14 19:57:37,234 - DSN - INFO - t=280: B=-11925.94, Cut=-30, Best=3664
2026-01-14 19:57:39,895 - DSN - INFO - t=320: B=-11788.14, Cut=-30, Best=3664
2026-01-14 19:57:42,578 - DSN - INFO - t=360: B=-11652.09, Cut=-48, Best=3664
2026-01-14 19:57:45,266 - DSN - INFO - t=400: B=-11527.61, Cut=3642, Best=3664 [LS]
2026-01-14 19:57:47,824 - DSN - INFO - t=440: B=-11417.22, Cut=-166, Best=3664
2026-01-14 19:57:50,514 - DSN - INFO - t=480: B=-11333.27, Cut=-96, Best=3670
2026-01-14 19:57:51,867 - DSN - INFO - DSN GPU done in 32.56s | Cut=3670
2026-01-14 19:57:51,869 - DSN - INFO - Results saved to: results/Gset/DSN_thorough/G62.csv
2026-01-14 19:57:51,869 - DSN - INFO - Cut: 3670 | Bound: -11303.67 | Time: 32.56s
2026-01-14 19:57:51,869 - DSN - INFO - Initialized DSN_thorough | preset=thorough | GPU=True
2026-01-14 19:57:51,869 - DSN - INFO - Params: η=0.003, T=500, init=degree, LS=True
2026-01-14 19:57:51,869 - DSN - INFO - Using GPU solver (CuPy)
2026-01-14 19:57:51,871 - DSN - INFO - DSN GPU Solver: n=7000, edges=14000
2026-01-14 19:57:51,871 - DSN - INFO - DSN GPU: T=500, η=0.003, LS=True
2026-01-14 19:57:52,051 - DSN - INFO - t=000: B=-12536.97, Cut=3666, Best=3666 [LS]
2026-01-14 19:57:54,197 - DSN - INFO - t=040: B=-12650.80, Cut=-42, Best=3666
2026-01-14 19:57:56,664 - DSN - INFO - t=080: B=-12467.09, Cut=-26, Best=3666
2026-01-14 19:57:59,243 - DSN - INFO - t=120: B=-12146.21, Cut=-48, Best=3666
2026-01-14 19:58:01,893 - DSN - INFO - t=160: B=-12098.51, Cut=-16, Best=3666
2026-01-14 19:58:04,550 - DSN - INFO - t=200: B=-11988.15, Cut=3670, Best=3670 [LS]
2026-01-14 19:58:07,092 - DSN - INFO - t=240: B=-11872.63, Cut=-14, Best=3670
2026-01-14 19:58:09,724 - DSN - INFO - t=280: B=-11809.14, Cut=-28, Best=3670
2026-01-14 19:58:12,405 - DSN - INFO - t=320: B=-11706.20, Cut=-56, Best=3670
2026-01-14 19:58:15,093 - DSN - INFO - t=360: B=-11614.23, Cut=-68, Best=3670
2026-01-14 19:58:17,759 - DSN - INFO - t=400: B=-11544.07, Cut=3650, Best=3670 [LS]
2026-01-14 19:58:20,320 - DSN - INFO - t=440: B=-11456.05, Cut=-62, Best=3670
2026-01-14 19:58:23,006 - DSN - INFO - t=480: B=-11411.63, Cut=-82, Best=3670
2026-01-14 19:58:24,355 - DSN - INFO - DSN GPU done in 32.48s | Cut=3670
2026-01-14 19:58:24,359 - DSN - INFO - Results saved to: results/Gset/DSN_thorough/G62.csv
2026-01-14 19:58:24,359 - DSN - INFO - Cut: 3670 | Bound: -11374.98 | Time: 32.49s
2026-01-14 19:58:24,359 - DSN - INFO - Initialized DSN_thorough | preset=thorough | GPU=True
2026-01-14 19:58:24,359 - DSN - INFO - Params: η=0.003, T=500, init=degree, LS=True
2026-01-14 19:58:24,359 - DSN - INFO - Using GPU solver (CuPy)
2026-01-14 19:58:24,361 - DSN - INFO - DSN GPU Solver: n=7000, edges=14000
2026-01-14 19:58:24,361 - DSN - INFO - DSN GPU: T=500, η=0.003, LS=True
2026-01-14 19:58:24,532 - DSN - INFO - t=000: B=-12536.97, Cut=3664, Best=3664 [LS]
2026-01-14 19:58:26,772 - DSN - INFO - t=040: B=-12641.24, Cut=-60, Best=3664
2026-01-14 19:58:29,235 - DSN - INFO - t=080: B=-12392.91, Cut=-36, Best=3664
2026-01-14 19:58:31,872 - DSN - INFO - t=120: B=-12227.40, Cut=-66, Best=3664
2026-01-14 19:58:34,525 - DSN - INFO - t=160: B=-12118.03, Cut=-26, Best=3664
2026-01-14 19:58:37,139 - DSN - INFO - t=200: B=-12024.60, Cut=3646, Best=3664 [LS]
2026-01-14 19:58:39,621 - DSN - INFO - t=240: B=-11953.18, Cut=-60, Best=3664
2026-01-14 19:58:42,253 - DSN - INFO - t=280: B=-11905.34, Cut=-82, Best=3664
2026-01-14 19:58:44,898 - DSN - INFO - t=320: B=-11792.26, Cut=-36, Best=3664
2026-01-14 19:58:47,575 - DSN - INFO - t=360: B=-11721.20, Cut=-50, Best=3664
2026-01-14 19:58:50,257 - DSN - INFO - t=400: B=-11627.57, Cut=3648, Best=3664 [LS]
2026-01-14 19:58:52,803 - DSN - INFO - t=440: B=-11567.55, Cut=-50, Best=3664
2026-01-14 19:58:55,492 - DSN - INFO - t=480: B=-11466.97, Cut=-56, Best=3664
2026-01-14 19:58:56,840 - DSN - INFO - DSN GPU done in 32.48s | Cut=3664
2026-01-14 19:58:56,844 - DSN - INFO - Results saved to: results/Gset/DSN_thorough/G62.csv
2026-01-14 19:58:56,844 - DSN - INFO - Cut: 3664 | Bound: -11432.52 | Time: 32.48s
2026-01-14 19:58:56,845 - DSN - INFO - Initialized DSN_thorough | preset=thorough | GPU=True
2026-01-14 19:58:56,845 - DSN - INFO - Params: η=0.003, T=500, init=degree, LS=True
2026-01-14 19:58:56,845 - DSN - INFO - Using GPU solver (CuPy)
2026-01-14 19:58:56,847 - DSN - INFO - DSN GPU Solver: n=7000, edges=14000
2026-01-14 19:58:56,847 - DSN - INFO - DSN GPU: T=500, η=0.003, LS=True
2026-01-14 19:58:57,026 - DSN - INFO - t=000: B=-12536.97, Cut=3664, Best=3664 [LS]
2026-01-14 19:58:59,255 - DSN - INFO - t=040: B=-12650.01, Cut=-42, Best=3664
2026-01-14 19:59:01,716 - DSN - INFO - t=080: B=-12419.97, Cut=-28, Best=3664
2026-01-14 19:59:04,250 - DSN - INFO - t=120: B=-12222.35, Cut=-42, Best=3664
2026-01-14 19:59:06,845 - DSN - INFO - t=160: B=-12142.58, Cut=-36, Best=3664
2026-01-14 19:59:09,514 - DSN - INFO - t=200: B=-12069.88, Cut=3638, Best=3664 [LS]
2026-01-14 19:59:12,035 - DSN - INFO - t=240: B=-11940.85, Cut=-48, Best=3664
2026-01-14 19:59:14,719 - DSN - INFO - t=280: B=-11859.78, Cut=-24, Best=3664
2026-01-14 19:59:17,392 - DSN - INFO - t=320: B=-11786.76, Cut=-34, Best=3664
2026-01-14 19:59:20,074 - DSN - INFO - t=360: B=-11703.62, Cut=-72, Best=3664
2026-01-14 19:59:22,760 - DSN - INFO - t=400: B=-11653.88, Cut=3634, Best=3664 [LS]
2026-01-14 19:59:25,315 - DSN - INFO - t=440: B=-11528.16, Cut=-86, Best=3664
2026-01-14 19:59:27,978 - DSN - INFO - t=480: B=-11471.36, Cut=-98, Best=3664
2026-01-14 19:59:29,330 - DSN - INFO - DSN GPU done in 32.48s | Cut=3664
2026-01-14 19:59:29,334 - DSN - INFO - Results saved to: results/Gset/DSN_thorough/G62.csv
2026-01-14 19:59:29,334 - DSN - INFO - Cut: 3664 | Bound: -11449.02 | Time: 32.49s
2026-01-14 19:59:29,334 - DSN - INFO - Initialized DSN_thorough | preset=thorough | GPU=True
2026-01-14 19:59:29,334 - DSN - INFO - Params: η=0.003, T=500, init=degree, LS=True
2026-01-14 19:59:29,334 - DSN - INFO - Using GPU solver (CuPy)
2026-01-14 19:59:29,336 - DSN - INFO - DSN GPU Solver: n=7000, edges=14000
2026-01-14 19:59:29,336 - DSN - INFO - DSN GPU: T=500, η=0.003, LS=True
2026-01-14 19:59:29,516 - DSN - INFO - t=000: B=-12536.97, Cut=3664, Best=3664 [LS]
2026-01-14 19:59:31,749 - DSN - INFO - t=040: B=-12631.01, Cut=-66, Best=3664
2026-01-14 19:59:34,213 - DSN - INFO - t=080: B=-12437.84, Cut=-32, Best=3664
2026-01-14 19:59:36,737 - DSN - INFO - t=120: B=-12219.59, Cut=-28, Best=3664
2026-01-14 19:59:39,366 - DSN - INFO - t=160: B=-12148.99, Cut=-38, Best=3664
2026-01-14 19:59:41,994 - DSN - INFO - t=200: B=-12037.63, Cut=3644, Best=3664 [LS]
2026-01-14 19:59:44,512 - DSN - INFO - t=240: B=-11970.36, Cut=-32, Best=3664
2026-01-14 19:59:47,167 - DSN - INFO - t=280: B=-11906.68, Cut=-50, Best=3664
2026-01-14 19:59:49,825 - DSN - INFO - t=320: B=-11838.05, Cut=-48, Best=3664
2026-01-14 19:59:52,451 - DSN - INFO - t=360: B=-11710.07, Cut=-56, Best=3664
2026-01-14 19:59:55,127 - DSN - INFO - t=400: B=-11630.95, Cut=3666, Best=3666 [LS]
2026-01-14 19:59:57,689 - DSN - INFO - t=440: B=-11557.39, Cut=-14, Best=3666
2026-01-14 20:00:00,367 - DSN - INFO - t=480: B=-11497.81, Cut=-68, Best=3666
2026-01-14 20:00:01,712 - DSN - INFO - DSN GPU done in 32.38s | Cut=3666
2026-01-14 20:00:01,716 - DSN - INFO - Results saved to: results/Gset/DSN_thorough/G62.csv
2026-01-14 20:00:01,716 - DSN - INFO - Cut: 3666 | Bound: -11462.17 | Time: 32.38s
2026-01-14 20:00:01,716 - DSN - INFO - Initialized DSN_thorough | preset=thorough | GPU=True
2026-01-14 20:00:01,716 - DSN - INFO - Params: η=0.003, T=500, init=degree, LS=True
2026-01-14 20:00:01,716 - DSN - INFO - Using GPU solver (CuPy)
2026-01-14 20:00:01,718 - DSN - INFO - DSN GPU Solver: n=7000, edges=14000
2026-01-14 20:00:01,718 - DSN - INFO - DSN GPU: T=500, η=0.003, LS=True
2026-01-14 20:00:01,897 - DSN - INFO - t=000: B=-12536.97, Cut=3664, Best=3664 [LS]
2026-01-14 20:00:04,077 - DSN - INFO - t=040: B=-12636.35, Cut=-60, Best=3664
2026-01-14 20:00:06,465 - DSN - INFO - t=080: B=-12416.26, Cut=-48, Best=3664
2026-01-14 20:00:09,028 - DSN - INFO - t=120: B=-12237.58, Cut=-46, Best=3664
2026-01-14 20:00:11,634 - DSN - INFO - t=160: B=-12155.93, Cut=-68, Best=3664
2026-01-14 20:00:14,268 - DSN - INFO - t=200: B=-12030.96, Cut=3646, Best=3664 [LS]
2026-01-14 20:00:16,752 - DSN - INFO - t=240: B=-11966.12, Cut=-52, Best=3664
2026-01-14 20:00:19,400 - DSN - INFO - t=280: B=-11925.15, Cut=-36, Best=3664
2026-01-14 20:00:22,053 - DSN - INFO - t=320: B=-11874.59, Cut=-22, Best=3664
2026-01-14 20:00:24,683 - DSN - INFO - t=360: B=-11769.78, Cut=-84, Best=3664
2026-01-14 20:00:27,374 - DSN - INFO - t=400: B=-11699.81, Cut=3654, Best=3664 [LS]
2026-01-14 20:00:29,925 - DSN - INFO - t=440: B=-11624.21, Cut=-24, Best=3664
2026-01-14 20:00:32,613 - DSN - INFO - t=480: B=-11522.76, Cut=-74, Best=3664
2026-01-14 20:00:33,969 - DSN - INFO - DSN GPU done in 32.25s | Cut=3664
2026-01-14 20:00:33,973 - DSN - INFO - Results saved to: results/Gset/DSN_thorough/G62.csv
2026-01-14 20:00:33,973 - DSN - INFO - Cut: 3664 | Bound: -11489.06 | Time: 32.25s
2026-01-14 20:00:33,973 - DSN - INFO - Initialized DSN_thorough | preset=thorough | GPU=True
2026-01-14 20:00:33,973 - DSN - INFO - Params: η=0.003, T=500, init=degree, LS=True
2026-01-14 20:00:33,973 - DSN - INFO - Using GPU solver (CuPy)
2026-01-14 20:00:33,975 - DSN - INFO - DSN GPU Solver: n=7000, edges=14000
2026-01-14 20:00:33,975 - DSN - INFO - DSN GPU: T=500, η=0.003, LS=True
2026-01-14 20:00:34,154 - DSN - INFO - t=000: B=-12536.96, Cut=3666, Best=3666 [LS]
2026-01-14 20:00:36,381 - DSN - INFO - t=040: B=-12625.86, Cut=-98, Best=3666
2026-01-14 20:00:38,883 - DSN - INFO - t=080: B=-12416.71, Cut=-24, Best=3666
2026-01-14 20:00:41,373 - DSN - INFO - t=120: B=-12229.12, Cut=-74, Best=3666
2026-01-14 20:00:43,976 - DSN - INFO - t=160: B=-12193.01, Cut=-36, Best=3666
2026-01-14 20:00:46,598 - DSN - INFO - t=200: B=-12071.39, Cut=3644, Best=3666 [LS]
2026-01-14 20:00:49,137 - DSN - INFO - t=240: B=-11872.12, Cut=-58, Best=3666
2026-01-14 20:00:51,834 - DSN - INFO - t=280: B=-11727.33, Cut=-114, Best=3666
2026-01-14 20:00:54,526 - DSN - INFO - t=320: B=-11598.51, Cut=-110, Best=3666
2026-01-14 20:00:57,223 - DSN - INFO - t=360: B=-11485.73, Cut=-128, Best=3666
2026-01-14 20:00:59,921 - DSN - INFO - t=400: B=-11406.51, Cut=3658, Best=3666 [LS]
2026-01-14 20:01:02,482 - DSN - INFO - t=440: B=-11332.83, Cut=-170, Best=3666
2026-01-14 20:01:05,184 - DSN - INFO - t=480: B=-11286.34, Cut=-218, Best=3672
2026-01-14 20:01:06,541 - DSN - INFO - DSN GPU done in 32.57s | Cut=3674
2026-01-14 20:01:06,545 - DSN - INFO - Results saved to: results/Gset/DSN_thorough/G62.csv
2026-01-14 20:01:06,545 - DSN - INFO - Cut: 3674 | Bound: -11269.15 | Time: 32.57s
2026-01-14 20:01:06,545 - DSN - INFO - Initialized DSN_thorough | preset=thorough | GPU=True
2026-01-14 20:01:06,545 - DSN - INFO - Params: η=0.003, T=500, init=degree, LS=True
2026-01-14 20:01:06,545 - DSN - INFO - Using GPU solver (CuPy)
2026-01-14 20:01:06,547 - DSN - INFO - DSN GPU Solver: n=7000, edges=14000
2026-01-14 20:01:06,547 - DSN - INFO - DSN GPU: T=500, η=0.003, LS=True
2026-01-14 20:01:06,728 - DSN - INFO - t=000: B=-12536.96, Cut=3664, Best=3664 [LS]
2026-01-14 20:01:08,912 - DSN - INFO - t=040: B=-12629.05, Cut=-114, Best=3664
2026-01-14 20:01:11,302 - DSN - INFO - t=080: B=-12474.04, Cut=-44, Best=3664
2026-01-14 20:01:13,889 - DSN - INFO - t=120: B=-12267.80, Cut=-54, Best=3664
2026-01-14 20:01:16,532 - DSN - INFO - t=160: B=-12164.74, Cut=-64, Best=3664
2026-01-14 20:01:19,212 - DSN - INFO - t=200: B=-12110.01, Cut=3646, Best=3664 [LS]
2026-01-14 20:01:21,725 - DSN - INFO - t=240: B=-11998.22, Cut=-32, Best=3664
2026-01-14 20:01:24,396 - DSN - INFO - t=280: B=-11903.74, Cut=-60, Best=3664
2026-01-14 20:01:27,069 - DSN - INFO - t=320: B=-11834.40, Cut=-30, Best=3664
2026-01-14 20:01:29,764 - DSN - INFO - t=360: B=-11772.98, Cut=-50, Best=3664
2026-01-14 20:01:32,435 - DSN - INFO - t=400: B=-11672.75, Cut=3658, Best=3664 [LS]
2026-01-14 20:01:34,997 - DSN - INFO - t=440: B=-11558.70, Cut=-94, Best=3664
2026-01-14 20:01:37,690 - DSN - INFO - t=480: B=-11483.94, Cut=-80, Best=3664
2026-01-14 20:01:39,041 - DSN - INFO - DSN GPU done in 32.49s | Cut=3664
2026-01-14 20:01:39,045 - DSN - INFO - Results saved to: results/Gset/DSN_thorough/G62.csv
2026-01-14 20:01:39,045 - DSN - INFO - Cut: 3664 | Bound: -11457.94 | Time: 32.50s
2026-01-14 20:01:39,045 - DSN - INFO - Initialized DSN_thorough | preset=thorough | GPU=True
2026-01-14 20:01:39,045 - DSN - INFO - Params: η=0.003, T=500, init=degree, LS=True
2026-01-14 20:01:39,045 - DSN - INFO - Using GPU solver (CuPy)
2026-01-14 20:01:39,047 - DSN - INFO - DSN GPU Solver: n=7000, edges=14000
2026-01-14 20:01:39,047 - DSN - INFO - DSN GPU: T=500, η=0.003, LS=True
2026-01-14 20:01:39,219 - DSN - INFO - t=000: B=-12536.96, Cut=3658, Best=3658 [LS]
2026-01-14 20:01:41,372 - DSN - INFO - t=040: B=-12640.69, Cut=-60, Best=3658
2026-01-14 20:01:43,815 - DSN - INFO - t=080: B=-12420.25, Cut=-28, Best=3658
2026-01-14 20:01:46,419 - DSN - INFO - t=120: B=-12176.38, Cut=-30, Best=3658
2026-01-14 20:01:49,026 - DSN - INFO - t=160: B=-12123.02, Cut=-18, Best=3658
2026-01-14 20:01:51,663 - DSN - INFO - t=200: B=-11967.47, Cut=3650, Best=3658 [LS]
2026-01-14 20:01:54,201 - DSN - INFO - t=240: B=-11890.52, Cut=-48, Best=3658
2026-01-14 20:01:56,876 - DSN - INFO - t=280: B=-11792.59, Cut=-110, Best=3658
2026-01-14 20:01:59,545 - DSN - INFO - t=320: B=-11693.38, Cut=-40, Best=3658
2026-01-14 20:02:02,217 - DSN - INFO - t=360: B=-11608.95, Cut=-66, Best=3658
2026-01-14 20:02:04,917 - DSN - INFO - t=400: B=-11508.49, Cut=3646, Best=3658 [LS]
2026-01-14 20:02:07,480 - DSN - INFO - t=440: B=-11447.22, Cut=-104, Best=3658
2026-01-14 20:02:10,175 - DSN - INFO - t=480: B=-11367.86, Cut=-32, Best=3668
2026-01-14 20:02:11,536 - DSN - INFO - DSN GPU done in 32.49s | Cut=3672
2026-01-14 20:02:11,540 - DSN - INFO - Results saved to: results/Gset/DSN_thorough/G62.csv
2026-01-14 20:02:11,540 - DSN - INFO - Cut: 3672 | Bound: -11320.92 | Time: 32.49s
2026-01-14 20:02:11,540 - DSN - INFO - Initialized DSN_thorough | preset=thorough | GPU=True
2026-01-14 20:02:11,540 - DSN - INFO - Params: η=0.003, T=500, init=degree, LS=True
2026-01-14 20:02:11,540 - DSN - INFO - Using GPU solver (CuPy)
2026-01-14 20:02:11,542 - DSN - INFO - DSN GPU Solver: n=7000, edges=14000
2026-01-14 20:02:11,542 - DSN - INFO - DSN GPU: T=500, η=0.003, LS=True
2026-01-14 20:02:11,722 - DSN - INFO - t=000: B=-12536.96, Cut=3668, Best=3668 [LS]
2026-01-14 20:02:13,998 - DSN - INFO - t=040: B=-12640.88, Cut=-60, Best=3668
2026-01-14 20:02:16,484 - DSN - INFO - t=080: B=-12467.06, Cut=-20, Best=3668
2026-01-14 20:02:18,989 - DSN - INFO - t=120: B=-12223.75, Cut=-54, Best=3668
2026-01-14 20:02:21,586 - DSN - INFO - t=160: B=-12118.99, Cut=-48, Best=3668
2026-01-14 20:02:24,268 - DSN - INFO - t=200: B=-12004.89, Cut=3624, Best=3668 [LS]
2026-01-14 20:02:26,827 - DSN - INFO - t=240: B=-11825.52, Cut=-156, Best=3668
2026-01-14 20:02:29,512 - DSN - INFO - t=280: B=-11695.95, Cut=-48, Best=3668
2026-01-14 20:02:32,210 - DSN - INFO - t=320: B=-11557.57, Cut=-42, Best=3668
2026-01-14 20:02:34,906 - DSN - INFO - t=360: B=-11455.72, Cut=-86, Best=3674
2026-01-14 20:02:37,605 - DSN - INFO - t=400: B=-11375.76, Cut=3668, Best=3674 [LS]
2026-01-14 20:02:40,180 - DSN - INFO - t=440: B=-11303.31, Cut=-172, Best=3674
2026-01-14 20:02:42,876 - DSN - INFO - t=480: B=-11252.10, Cut=-200, Best=3674
2026-01-14 20:02:44,229 - DSN - INFO - DSN GPU done in 32.69s | Cut=3674
2026-01-14 20:02:44,233 - DSN - INFO - Results saved to: results/Gset/DSN_thorough/G62.csv
2026-01-14 20:02:44,233 - DSN - INFO - Cut: 3674 | Bound: -11238.16 | Time: 32.69s
2026-01-14 20:02:44,295 - DSN - INFO - Initialized DSN_thorough | preset=thorough | GPU=True
2026-01-14 20:02:44,295 - DSN - INFO - Params: η=0.003, T=500, init=degree, LS=True
2026-01-14 20:02:44,295 - DSN - INFO - Using GPU solver (CuPy)
2026-01-14 20:02:44,299 - DSN - INFO - DSN GPU Solver: n=7000, edges=41459
2026-01-14 20:02:44,299 - DSN - INFO - DSN GPU: T=500, η=0.003, LS=True
2026-01-14 20:02:44,789 - DSN - INFO - t=000: B=-116837.03, Cut=25939, Best=25939 [LS]
2026-01-14 20:02:45,361 - DSN - INFO - t=040: B=-43994.07, Cut=22879, Best=25939
2026-01-14 20:02:46,270 - DSN - INFO - t=080: B=-42479.37, Cut=272, Best=25939
2026-01-14 20:02:47,236 - DSN - INFO - t=120: B=-42033.66, Cut=21184, Best=25939
2026-01-14 20:02:48,152 - DSN - INFO - t=160: B=-41837.39, Cut=19368, Best=25939
2026-01-14 20:02:49,061 - DSN - INFO - t=200: B=-41730.73, Cut=25768, Best=25939 [LS]
2026-01-14 20:02:49,628 - DSN - INFO - t=240: B=-41665.28, Cut=9462, Best=25939
2026-01-14 20:02:50,516 - DSN - INFO - t=280: B=-41621.82, Cut=23032, Best=25939
2026-01-14 20:02:51,441 - DSN - INFO - t=320: B=-41591.33, Cut=22504, Best=25939
2026-01-14 20:02:52,355 - DSN - INFO - t=360: B=-41569.03, Cut=14619, Best=25939
2026-01-14 20:02:53,243 - DSN - INFO - t=400: B=-41552.18, Cut=25666, Best=25939 [LS]
2026-01-14 20:02:53,811 - DSN - INFO - t=440: B=-41539.12, Cut=22052, Best=25939
2026-01-14 20:02:54,826 - DSN - INFO - t=480: B=-41528.79, Cut=22794, Best=25939
2026-01-14 20:02:55,461 - DSN - INFO - DSN GPU done in 11.16s | Cut=25939
2026-01-14 20:02:55,463 - DSN - INFO - Results saved to: results/Gset/DSN_thorough/G63.csv
2026-01-14 20:02:55,463 - DSN - INFO - Cut: 25939 | Bound: -41524.62 | Time: 11.17s
2026-01-14 20:02:55,463 - DSN - INFO - Initialized DSN_thorough | preset=thorough | GPU=True
2026-01-14 20:02:55,463 - DSN - INFO - Params: η=0.003, T=500, init=degree, LS=True
2026-01-14 20:02:55,463 - DSN - INFO - Using GPU solver (CuPy)
2026-01-14 20:02:55,468 - DSN - INFO - DSN GPU Solver: n=7000, edges=41459
2026-01-14 20:02:55,468 - DSN - INFO - DSN GPU: T=500, η=0.003, LS=True
2026-01-14 20:02:55,967 - DSN - INFO - t=000: B=-116837.03, Cut=25905, Best=25905 [LS]
2026-01-14 20:02:56,539 - DSN - INFO - t=040: B=-43994.07, Cut=22901, Best=25905
2026-01-14 20:02:57,504 - DSN - INFO - t=080: B=-42479.37, Cut=22990, Best=25905
2026-01-14 20:02:58,461 - DSN - INFO - t=120: B=-42033.66, Cut=16585, Best=25905
2026-01-14 20:02:59,369 - DSN - INFO - t=160: B=-41837.39, Cut=23018, Best=25905
2026-01-14 20:03:00,284 - DSN - INFO - t=200: B=-41730.73, Cut=25749, Best=25905 [LS]
2026-01-14 20:03:00,853 - DSN - INFO - t=240: B=-41665.28, Cut=23023, Best=25905
2026-01-14 20:03:01,807 - DSN - INFO - t=280: B=-41621.82, Cut=22735, Best=25905
2026-01-14 20:03:02,706 - DSN - INFO - t=320: B=-41591.33, Cut=22969, Best=25905
2026-01-14 20:03:03,637 - DSN - INFO - t=360: B=-41569.03, Cut=22046, Best=25905
2026-01-14 20:03:04,736 - DSN - INFO - t=400: B=-41552.18, Cut=25808, Best=25905 [LS]
2026-01-14 20:03:05,302 - DSN - INFO - t=440: B=-41539.12, Cut=23052, Best=25905
2026-01-14 20:03:06,256 - DSN - INFO - t=480: B=-41528.79, Cut=10916, Best=25905
2026-01-14 20:03:06,981 - DSN - INFO - DSN GPU done in 11.51s | Cut=25905
2026-01-14 20:03:06,985 - DSN - INFO - Results saved to: results/Gset/DSN_thorough/G63.csv
2026-01-14 20:03:06,986 - DSN - INFO - Cut: 25905 | Bound: -41524.62 | Time: 11.52s
2026-01-14 20:03:06,986 - DSN - INFO - Initialized DSN_thorough | preset=thorough | GPU=True
2026-01-14 20:03:06,986 - DSN - INFO - Params: η=0.003, T=500, init=degree, LS=True
2026-01-14 20:03:06,986 - DSN - INFO - Using GPU solver (CuPy)
2026-01-14 20:03:06,992 - DSN - INFO - DSN GPU Solver: n=7000, edges=41459
2026-01-14 20:03:06,992 - DSN - INFO - DSN GPU: T=500, η=0.003, LS=True
2026-01-14 20:03:07,492 - DSN - INFO - t=000: B=-116837.03, Cut=25949, Best=25949 [LS]
2026-01-14 20:03:08,061 - DSN - INFO - t=040: B=-43994.07, Cut=20170, Best=25949
2026-01-14 20:03:08,975 - DSN - INFO - t=080: B=-42479.37, Cut=21925, Best=25949
2026-01-14 20:03:09,904 - DSN - INFO - t=120: B=-42033.67, Cut=21767, Best=25949
2026-01-14 20:03:10,837 - DSN - INFO - t=160: B=-41837.38, Cut=23063, Best=25949
2026-01-14 20:03:11,744 - DSN - INFO - t=200: B=-41730.73, Cut=25752, Best=25949 [LS]
2026-01-14 20:03:12,312 - DSN - INFO - t=240: B=-41665.28, Cut=22662, Best=25949
2026-01-14 20:03:13,222 - DSN - INFO - t=280: B=-41621.82, Cut=20310, Best=25949
2026-01-14 20:03:14,145 - DSN - INFO - t=320: B=-41591.33, Cut=22030, Best=25949
2026-01-14 20:03:15,043 - DSN - INFO - t=360: B=-41569.03, Cut=840, Best=25949
2026-01-14 20:03:15,970 - DSN - INFO - t=400: B=-41552.18, Cut=25794, Best=25949 [LS]
2026-01-14 20:03:16,536 - DSN - INFO - t=440: B=-41539.12, Cut=23030, Best=25949
2026-01-14 20:03:17,756 - DSN - INFO - t=480: B=-41528.79, Cut=22022, Best=25949
2026-01-14 20:03:18,690 - DSN - INFO - DSN GPU done in 11.70s | Cut=25949
2026-01-14 20:03:18,694 - DSN - INFO - Results saved to: results/Gset/DSN_thorough/G63.csv
2026-01-14 20:03:18,694 - DSN - INFO - Cut: 25949 | Bound: -41524.62 | Time: 11.70s
2026-01-14 20:03:18,694 - DSN - INFO - Initialized DSN_thorough | preset=thorough | GPU=True
2026-01-14 20:03:18,694 - DSN - INFO - Params: η=0.003, T=500, init=degree, LS=True
2026-01-14 20:03:18,694 - DSN - INFO - Using GPU solver (CuPy)
2026-01-14 20:03:18,699 - DSN - INFO - DSN GPU Solver: n=7000, edges=41459
2026-01-14 20:03:18,699 - DSN - INFO - DSN GPU: T=500, η=0.003, LS=True
2026-01-14 20:03:19,186 - DSN - INFO - t=000: B=-116837.03, Cut=25904, Best=25904 [LS]
2026-01-14 20:03:19,755 - DSN - INFO - t=040: B=-43994.07, Cut=22600, Best=25904
2026-01-14 20:03:20,655 - DSN - INFO - t=080: B=-42479.37, Cut=22975, Best=25904
2026-01-14 20:03:21,572 - DSN - INFO - t=120: B=-42033.66, Cut=22480, Best=25904
2026-01-14 20:03:22,519 - DSN - INFO - t=160: B=-41837.39, Cut=22392, Best=25904
2026-01-14 20:03:23,418 - DSN - INFO - t=200: B=-41730.73, Cut=25708, Best=25904 [LS]
2026-01-14 20:03:23,990 - DSN - INFO - t=240: B=-41665.28, Cut=9020, Best=25904
2026-01-14 20:03:24,946 - DSN - INFO - t=280: B=-41621.82, Cut=21853, Best=25904
2026-01-14 20:03:25,897 - DSN - INFO - t=320: B=-41591.33, Cut=9852, Best=25904
2026-01-14 20:03:26,841 - DSN - INFO - t=360: B=-41569.03, Cut=12, Best=25904
2026-01-14 20:03:27,747 - DSN - INFO - t=400: B=-41552.18, Cut=25742, Best=25904 [LS]
2026-01-14 20:03:28,318 - DSN - INFO - t=440: B=-41539.12, Cut=22694, Best=25904
2026-01-14 20:03:29,335 - DSN - INFO - t=480: B=-41528.79, Cut=23038, Best=25904
2026-01-14 20:03:30,052 - DSN - INFO - DSN GPU done in 11.35s | Cut=25904
2026-01-14 20:03:30,056 - DSN - INFO - Results saved to: results/Gset/DSN_thorough/G63.csv
2026-01-14 20:03:30,056 - DSN - INFO - Cut: 25904 | Bound: -41524.62 | Time: 11.36s
2026-01-14 20:03:30,056 - DSN - INFO - Initialized DSN_thorough | preset=thorough | GPU=True
2026-01-14 20:03:30,056 - DSN - INFO - Params: η=0.003, T=500, init=degree, LS=True
2026-01-14 20:03:30,056 - DSN - INFO - Using GPU solver (CuPy)
2026-01-14 20:03:30,061 - DSN - INFO - DSN GPU Solver: n=7000, edges=41459
2026-01-14 20:03:30,061 - DSN - INFO - DSN GPU: T=500, η=0.003, LS=True
2026-01-14 20:03:30,548 - DSN - INFO - t=000: B=-116837.03, Cut=25904, Best=25904 [LS]
2026-01-14 20:03:31,120 - DSN - INFO - t=040: B=-43994.07, Cut=22487, Best=25904
2026-01-14 20:03:32,027 - DSN - INFO - t=080: B=-42479.37, Cut=22488, Best=25904
2026-01-14 20:03:32,940 - DSN - INFO - t=120: B=-42033.67, Cut=23020, Best=25904
2026-01-14 20:03:33,852 - DSN - INFO - t=160: B=-41837.39, Cut=22003, Best=25904
2026-01-14 20:03:34,778 - DSN - INFO - t=200: B=-41730.72, Cut=25783, Best=25904 [LS]
2026-01-14 20:03:35,348 - DSN - INFO - t=240: B=-41665.28, Cut=20294, Best=25904
2026-01-14 20:03:36,567 - DSN - INFO - t=280: B=-41621.82, Cut=23065, Best=25904
2026-01-14 20:03:37,577 - DSN - INFO - t=320: B=-41591.33, Cut=7618, Best=25904
2026-01-14 20:03:38,480 - DSN - INFO - t=360: B=-41569.02, Cut=20228, Best=25904
2026-01-14 20:03:39,369 - DSN - INFO - t=400: B=-41552.18, Cut=25678, Best=25904 [LS]
2026-01-14 20:03:39,937 - DSN - INFO - t=440: B=-41539.12, Cut=22877, Best=25904
2026-01-14 20:03:40,831 - DSN - INFO - t=480: B=-41528.79, Cut=19268, Best=25904
2026-01-14 20:03:41,467 - DSN - INFO - DSN GPU done in 11.41s | Cut=25904
2026-01-14 20:03:41,471 - DSN - INFO - Results saved to: results/Gset/DSN_thorough/G63.csv
2026-01-14 20:03:41,471 - DSN - INFO - Cut: 25904 | Bound: -41524.62 | Time: 11.41s
2026-01-14 20:03:41,471 - DSN - INFO - Initialized DSN_thorough | preset=thorough | GPU=True
2026-01-14 20:03:41,471 - DSN - INFO - Params: η=0.003, T=500, init=degree, LS=True
2026-01-14 20:03:41,471 - DSN - INFO - Using GPU solver (CuPy)
2026-01-14 20:03:41,476 - DSN - INFO - DSN GPU Solver: n=7000, edges=41459
2026-01-14 20:03:41,476 - DSN - INFO - DSN GPU: T=500, η=0.003, LS=True
2026-01-14 20:03:41,982 - DSN - INFO - t=000: B=-116837.03, Cut=25931, Best=25931 [LS]
2026-01-14 20:03:42,552 - DSN - INFO - t=040: B=-43994.08, Cut=20391, Best=25931
2026-01-14 20:03:43,469 - DSN - INFO - t=080: B=-42479.37, Cut=21913, Best=25931
2026-01-14 20:03:44,384 - DSN - INFO - t=120: B=-42033.67, Cut=21441, Best=25931
2026-01-14 20:03:45,303 - DSN - INFO - t=160: B=-41837.39, Cut=15366, Best=25931
2026-01-14 20:03:46,232 - DSN - INFO - t=200: B=-41730.73, Cut=25826, Best=25931 [LS]
2026-01-14 20:03:46,800 - DSN - INFO - t=240: B=-41665.28, Cut=20282, Best=25931
2026-01-14 20:03:47,696 - DSN - INFO - t=280: B=-41621.83, Cut=22030, Best=25931
2026-01-14 20:03:48,611 - DSN - INFO - t=320: B=-41591.33, Cut=22494, Best=25931
2026-01-14 20:03:49,490 - DSN - INFO - t=360: B=-41569.02, Cut=22052, Best=25931
2026-01-14 20:03:50,413 - DSN - INFO - t=400: B=-41552.17, Cut=25808, Best=25931 [LS]
2026-01-14 20:03:50,983 - DSN - INFO - t=440: B=-41539.12, Cut=23018, Best=25931
2026-01-14 20:03:51,936 - DSN - INFO - t=480: B=-41528.79, Cut=21463, Best=25931
2026-01-14 20:03:52,733 - DSN - INFO - DSN GPU done in 11.26s | Cut=25931
2026-01-14 20:03:52,736 - DSN - INFO - Results saved to: results/Gset/DSN_thorough/G63.csv
2026-01-14 20:03:52,736 - DSN - INFO - Cut: 25931 | Bound: -41524.62 | Time: 11.26s
2026-01-14 20:03:52,736 - DSN - INFO - Initialized DSN_thorough | preset=thorough | GPU=True
2026-01-14 20:03:52,736 - DSN - INFO - Params: η=0.003, T=500, init=degree, LS=True
2026-01-14 20:03:52,737 - DSN - INFO - Using GPU solver (CuPy)
2026-01-14 20:03:52,741 - DSN - INFO - DSN GPU Solver: n=7000, edges=41459
2026-01-14 20:03:52,741 - DSN - INFO - DSN GPU: T=500, η=0.003, LS=True
2026-01-14 20:03:53,240 - DSN - INFO - t=000: B=-116837.03, Cut=25981, Best=25981 [LS]
2026-01-14 20:03:53,810 - DSN - INFO - t=040: B=-43994.07, Cut=22102, Best=25981
2026-01-14 20:03:54,745 - DSN - INFO - t=080: B=-42479.37, Cut=23021, Best=25981
2026-01-14 20:03:55,629 - DSN - INFO - t=120: B=-42033.67, Cut=22432, Best=25981
2026-01-14 20:03:56,627 - DSN - INFO - t=160: B=-41837.39, Cut=23041, Best=25981
2026-01-14 20:03:57,512 - DSN - INFO - t=200: B=-41730.73, Cut=25684, Best=25981 [LS]
2026-01-14 20:03:58,082 - DSN - INFO - t=240: B=-41665.28, Cut=8, Best=25981
2026-01-14 20:03:59,036 - DSN - INFO - t=280: B=-41621.83, Cut=22030, Best=25981
2026-01-14 20:03:59,928 - DSN - INFO - t=320: B=-41591.33, Cut=0, Best=25981
2026-01-14 20:04:01,140 - DSN - INFO - t=360: B=-41569.03, Cut=20292, Best=25981
2026-01-14 20:04:02,075 - DSN - INFO - t=400: B=-41552.18, Cut=25835, Best=25981 [LS]
2026-01-14 20:04:02,643 - DSN - INFO - t=440: B=-41539.12, Cut=23074, Best=25981
2026-01-14 20:04:03,651 - DSN - INFO - t=480: B=-41528.79, Cut=20310, Best=25981
2026-01-14 20:04:04,264 - DSN - INFO - DSN GPU done in 11.52s | Cut=25981
2026-01-14 20:04:04,268 - DSN - INFO - Results saved to: results/Gset/DSN_thorough/G63.csv
2026-01-14 20:04:04,268 - DSN - INFO - Cut: 25981 | Bound: -41524.62 | Time: 11.53s
2026-01-14 20:04:04,268 - DSN - INFO - Initialized DSN_thorough | preset=thorough | GPU=True
2026-01-14 20:04:04,268 - DSN - INFO - Params: η=0.003, T=500, init=degree, LS=True
2026-01-14 20:04:04,268 - DSN - INFO - Using GPU solver (CuPy)
2026-01-14 20:04:04,274 - DSN - INFO - DSN GPU Solver: n=7000, edges=41459
2026-01-14 20:04:04,274 - DSN - INFO - DSN GPU: T=500, η=0.003, LS=True
2026-01-14 20:04:04,783 - DSN - INFO - t=000: B=-116837.03, Cut=25933, Best=25933 [LS]
2026-01-14 20:04:05,354 - DSN - INFO - t=040: B=-43994.08, Cut=22907, Best=25933
2026-01-14 20:04:06,260 - DSN - INFO - t=080: B=-42479.37, Cut=23021, Best=25933
2026-01-14 20:04:07,215 - DSN - INFO - t=120: B=-42033.67, Cut=21422, Best=25933
2026-01-14 20:04:08,119 - DSN - INFO - t=160: B=-41837.39, Cut=23022, Best=25933
2026-01-14 20:04:09,054 - DSN - INFO - t=200: B=-41730.72, Cut=25753, Best=25933 [LS]
2026-01-14 20:04:09,627 - DSN - INFO - t=240: B=-41665.28, Cut=16916, Best=25933
2026-01-14 20:04:10,528 - DSN - INFO - t=280: B=-41621.83, Cut=16789, Best=25933
2026-01-14 20:04:11,579 - DSN - INFO - t=320: B=-41591.33, Cut=22756, Best=25933
2026-01-14 20:04:12,723 - DSN - INFO - t=360: B=-41569.02, Cut=22884, Best=25957
2026-01-14 20:04:13,635 - DSN - INFO - t=400: B=-41552.18, Cut=25768, Best=25957 [LS]
2026-01-14 20:04:14,209 - DSN - INFO - t=440: B=-41539.12, Cut=16874, Best=25957
2026-01-14 20:04:15,102 - DSN - INFO - t=480: B=-41528.79, Cut=23036, Best=25957
2026-01-14 20:04:15,906 - DSN - INFO - DSN GPU done in 11.63s | Cut=25957
2026-01-14 20:04:15,910 - DSN - INFO - Results saved to: results/Gset/DSN_thorough/G63.csv
2026-01-14 20:04:15,910 - DSN - INFO - Cut: 25957 | Bound: -41524.62 | Time: 11.64s
2026-01-14 20:04:15,910 - DSN - INFO - Initialized DSN_thorough | preset=thorough | GPU=True
2026-01-14 20:04:15,911 - DSN - INFO - Params: η=0.003, T=500, init=degree, LS=True
2026-01-14 20:04:15,911 - DSN - INFO - Using GPU solver (CuPy)
2026-01-14 20:04:15,915 - DSN - INFO - DSN GPU Solver: n=7000, edges=41459
2026-01-14 20:04:15,916 - DSN - INFO - DSN GPU: T=500, η=0.003, LS=True
2026-01-14 20:04:16,422 - DSN - INFO - t=000: B=-116837.03, Cut=25995, Best=25995 [LS]
2026-01-14 20:04:16,991 - DSN - INFO - t=040: B=-43994.07, Cut=22914, Best=25995
2026-01-14 20:04:17,899 - DSN - INFO - t=080: B=-42479.37, Cut=22564, Best=25995
2026-01-14 20:04:18,794 - DSN - INFO - t=120: B=-42033.67, Cut=23028, Best=25995
2026-01-14 20:04:19,713 - DSN - INFO - t=160: B=-41837.39, Cut=23040, Best=25995
2026-01-14 20:04:20,645 - DSN - INFO - t=200: B=-41730.72, Cut=25754, Best=25995 [LS]
2026-01-14 20:04:21,218 - DSN - INFO - t=240: B=-41665.28, Cut=20889, Best=25995
2026-01-14 20:04:22,119 - DSN - INFO - t=280: B=-41621.83, Cut=20381, Best=25995
2026-01-14 20:04:23,026 - DSN - INFO - t=320: B=-41591.33, Cut=20310, Best=25995
2026-01-14 20:04:24,108 - DSN - INFO - t=360: B=-41569.03, Cut=4364, Best=25995
2026-01-14 20:04:25,016 - DSN - INFO - t=400: B=-41552.18, Cut=25763, Best=25995 [LS]
2026-01-14 20:04:25,584 - DSN - INFO - t=440: B=-41539.12, Cut=21978, Best=25995
2026-01-14 20:04:26,498 - DSN - INFO - t=480: B=-41528.79, Cut=16952, Best=25995
2026-01-14 20:04:27,156 - DSN - INFO - DSN GPU done in 11.24s | Cut=25995
2026-01-14 20:04:27,160 - DSN - INFO - Results saved to: results/Gset/DSN_thorough/G63.csv
2026-01-14 20:04:27,160 - DSN - INFO - Cut: 25995 | Bound: -41524.62 | Time: 11.25s
2026-01-14 20:04:27,160 - DSN - INFO - Initialized DSN_thorough | preset=thorough | GPU=True
2026-01-14 20:04:27,160 - DSN - INFO - Params: η=0.003, T=500, init=degree, LS=True
2026-01-14 20:04:27,160 - DSN - INFO - Using GPU solver (CuPy)
2026-01-14 20:04:27,165 - DSN - INFO - DSN GPU Solver: n=7000, edges=41459
2026-01-14 20:04:27,165 - DSN - INFO - DSN GPU: T=500, η=0.003, LS=True
2026-01-14 20:04:27,666 - DSN - INFO - t=000: B=-116837.03, Cut=25930, Best=25930 [LS]
2026-01-14 20:04:28,234 - DSN - INFO - t=040: B=-43994.07, Cut=22411, Best=25930
2026-01-14 20:04:29,142 - DSN - INFO - t=080: B=-42479.38, Cut=22748, Best=25930
2026-01-14 20:04:30,027 - DSN - INFO - t=120: B=-42033.67, Cut=23055, Best=25930
2026-01-14 20:04:30,917 - DSN - INFO - t=160: B=-41837.38, Cut=23054, Best=25930
2026-01-14 20:04:31,835 - DSN - INFO - t=200: B=-41730.73, Cut=25757, Best=25930 [LS]
2026-01-14 20:04:32,411 - DSN - INFO - t=240: B=-41665.28, Cut=16862, Best=25930
2026-01-14 20:04:33,316 - DSN - INFO - t=280: B=-41621.82, Cut=21747, Best=25930
2026-01-14 20:04:34,552 - DSN - INFO - t=320: B=-41591.33, Cut=22030, Best=25930
2026-01-14 20:04:35,453 - DSN - INFO - t=360: B=-41569.03, Cut=21136, Best=25930
2026-01-14 20:04:36,358 - DSN - INFO - t=400: B=-41552.18, Cut=25709, Best=25930 [LS]
2026-01-14 20:04:36,923 - DSN - INFO - t=440: B=-41539.12, Cut=16531, Best=25930
2026-01-14 20:04:37,828 - DSN - INFO - t=480: B=-41528.79, Cut=22817, Best=25930
2026-01-14 20:04:38,439 - DSN - INFO - DSN GPU done in 11.27s | Cut=25930
2026-01-14 20:04:38,443 - DSN - INFO - Results saved to: results/Gset/DSN_thorough/G63.csv
2026-01-14 20:04:38,443 - DSN - INFO - Cut: 25930 | Bound: -41524.62 | Time: 11.28s
2026-01-14 20:04:38,505 - DSN - INFO - Initialized DSN_thorough | preset=thorough | GPU=True
2026-01-14 20:04:38,505 - DSN - INFO - Params: η=0.003, T=500, init=degree, LS=True
2026-01-14 20:04:38,505 - DSN - INFO - Using GPU solver (CuPy)
2026-01-14 20:04:38,511 - DSN - INFO - DSN GPU Solver: n=7000, edges=41459
2026-01-14 20:04:38,511 - DSN - INFO - DSN GPU: T=500, η=0.003, LS=True
2026-01-14 20:04:39,155 - DSN - INFO - t=000: B=-86783.48, Cut=7278, Best=7278 [LS]
2026-01-14 20:04:41,213 - DSN - INFO - t=040: B=-22839.11, Cut=27, Best=7278
2026-01-14 20:04:44,450 - DSN - INFO - t=080: B=-21528.32, Cut=-160, Best=7278
2026-01-14 20:04:47,699 - DSN - INFO - t=120: B=-21168.88, Cut=-16, Best=7278
2026-01-14 20:04:50,929 - DSN - INFO - t=160: B=-21053.53, Cut=4, Best=7280
2026-01-14 20:04:54,147 - DSN - INFO - t=200: B=-20978.94, Cut=7196, Best=7280 [LS]
2026-01-14 20:04:56,758 - DSN - INFO - t=240: B=-20928.02, Cut=-77, Best=7280
2026-01-14 20:04:59,994 - DSN - INFO - t=280: B=-20899.38, Cut=11, Best=7292
2026-01-14 20:05:03,217 - DSN - INFO - t=320: B=-20862.24, Cut=-5, Best=7292
2026-01-14 20:05:06,458 - DSN - INFO - t=360: B=-20792.94, Cut=-43, Best=7323
2026-01-14 20:05:09,700 - DSN - INFO - t=400: B=-20774.93, Cut=7289, Best=7323 [LS]
2026-01-14 20:05:12,305 - DSN - INFO - t=440: B=-20760.21, Cut=-17, Best=7323
2026-01-14 20:05:15,525 - DSN - INFO - t=480: B=-20741.91, Cut=-10, Best=7323
2026-01-14 20:05:17,394 - DSN - INFO - DSN GPU done in 38.88s | Cut=7323
2026-01-14 20:05:17,396 - DSN - INFO - Results saved to: results/Gset/DSN_thorough/G64.csv
2026-01-14 20:05:17,396 - DSN - INFO - Cut: 7323 | Bound: -20735.27 | Time: 38.89s
2026-01-14 20:05:17,396 - DSN - INFO - Initialized DSN_thorough | preset=thorough | GPU=True
2026-01-14 20:05:17,396 - DSN - INFO - Params: η=0.003, T=500, init=degree, LS=True
2026-01-14 20:05:17,396 - DSN - INFO - Using GPU solver (CuPy)
2026-01-14 20:05:17,402 - DSN - INFO - DSN GPU Solver: n=7000, edges=41459
2026-01-14 20:05:17,402 - DSN - INFO - DSN GPU: T=500, η=0.003, LS=True
2026-01-14 20:05:18,036 - DSN - INFO - t=000: B=-86783.48, Cut=7344, Best=7344 [LS]
2026-01-14 20:05:20,066 - DSN - INFO - t=040: B=-22817.82, Cut=-76, Best=7344
2026-01-14 20:05:23,293 - DSN - INFO - t=080: B=-21522.77, Cut=-92, Best=7344
2026-01-14 20:05:26,529 - DSN - INFO - t=120: B=-21180.48, Cut=-320, Best=7344
2026-01-14 20:05:29,758 - DSN - INFO - t=160: B=-21076.23, Cut=-21, Best=7344
2026-01-14 20:05:32,979 - DSN - INFO - t=200: B=-20979.79, Cut=7233, Best=7344 [LS]
2026-01-14 20:05:35,589 - DSN - INFO - t=240: B=-20931.95, Cut=-29, Best=7344
2026-01-14 20:05:38,818 - DSN - INFO - t=280: B=-20885.12, Cut=19, Best=7344
2026-01-14 20:05:42,048 - DSN - INFO - t=320: B=-20811.11, Cut=32, Best=7344
2026-01-14 20:05:45,275 - DSN - INFO - t=360: B=-20806.31, Cut=-22, Best=7344
2026-01-14 20:05:48,502 - DSN - INFO - t=400: B=-20796.32, Cut=7272, Best=7344 [LS]
2026-01-14 20:05:51,098 - DSN - INFO - t=440: B=-20761.22, Cut=-6, Best=7344
2026-01-14 20:05:54,316 - DSN - INFO - t=480: B=-20747.29, Cut=9, Best=7344
2026-01-14 20:05:56,185 - DSN - INFO - DSN GPU done in 38.78s | Cut=7344
2026-01-14 20:05:56,188 - DSN - INFO - Results saved to: results/Gset/DSN_thorough/G64.csv
2026-01-14 20:05:56,188 - DSN - INFO - Cut: 7344 | Bound: -20741.99 | Time: 38.79s
2026-01-14 20:05:56,188 - DSN - INFO - Initialized DSN_thorough | preset=thorough | GPU=True
2026-01-14 20:05:56,188 - DSN - INFO - Params: η=0.003, T=500, init=degree, LS=True
2026-01-14 20:05:56,188 - DSN - INFO - Using GPU solver (CuPy)
2026-01-14 20:05:56,194 - DSN - INFO - DSN GPU Solver: n=7000, edges=41459
2026-01-14 20:05:56,194 - DSN - INFO - DSN GPU: T=500, η=0.003, LS=True
2026-01-14 20:05:56,837 - DSN - INFO - t=000: B=-86783.48, Cut=7200, Best=7200 [LS]
2026-01-14 20:05:58,901 - DSN - INFO - t=040: B=-22887.68, Cut=-49, Best=7200
2026-01-14 20:06:02,125 - DSN - INFO - t=080: B=-21519.16, Cut=-144, Best=7200
2026-01-14 20:06:05,359 - DSN - INFO - t=120: B=-21166.52, Cut=-134, Best=7200
2026-01-14 20:06:08,588 - DSN - INFO - t=160: B=-21056.24, Cut=-31, Best=7206
2026-01-14 20:06:11,809 - DSN - INFO - t=200: B=-20979.98, Cut=7265, Best=7265 [LS]
2026-01-14 20:06:14,423 - DSN - INFO - t=240: B=-20943.24, Cut=-32, Best=7265
2026-01-14 20:06:17,647 - DSN - INFO - t=280: B=-20894.36, Cut=-58, Best=7265
2026-01-14 20:06:20,888 - DSN - INFO - t=320: B=-20862.49, Cut=-19, Best=7265
2026-01-14 20:06:24,123 - DSN - INFO - t=360: B=-20853.94, Cut=-84, Best=7265
2026-01-14 20:06:27,350 - DSN - INFO - t=400: B=-20827.49, Cut=7247, Best=7265 [LS]
2026-01-14 20:06:29,951 - DSN - INFO - t=440: B=-20807.55, Cut=43, Best=7265
2026-01-14 20:06:33,175 - DSN - INFO - t=480: B=-20757.06, Cut=-124, Best=7265
2026-01-14 20:06:35,056 - DSN - INFO - DSN GPU done in 38.86s | Cut=7322
2026-01-14 20:06:35,060 - DSN - INFO - Results saved to: results/Gset/DSN_thorough/G64.csv
2026-01-14 20:06:35,060 - DSN - INFO - Cut: 7322 | Bound: -20727.26 | Time: 38.87s
2026-01-14 20:06:35,060 - DSN - INFO - Initialized DSN_thorough | preset=thorough | GPU=True
2026-01-14 20:06:35,060 - DSN - INFO - Params: η=0.003, T=500, init=degree, LS=True
2026-01-14 20:06:35,060 - DSN - INFO - Using GPU solver (CuPy)
2026-01-14 20:06:35,065 - DSN - INFO - DSN GPU Solver: n=7000, edges=41459
2026-01-14 20:06:35,065 - DSN - INFO - DSN GPU: T=500, η=0.003, LS=True
2026-01-14 20:06:35,727 - DSN - INFO - t=000: B=-86783.48, Cut=7260, Best=7260 [LS]
2026-01-14 20:06:37,819 - DSN - INFO - t=040: B=-22815.12, Cut=51, Best=7260
2026-01-14 20:06:41,041 - DSN - INFO - t=080: B=-21526.32, Cut=-45, Best=7260
2026-01-14 20:06:44,262 - DSN - INFO - t=120: B=-21177.14, Cut=-25, Best=7260
2026-01-14 20:06:47,475 - DSN - INFO - t=160: B=-21049.27, Cut=4, Best=7260
2026-01-14 20:06:50,689 - DSN - INFO - t=200: B=-20983.83, Cut=7166, Best=7260 [LS]
2026-01-14 20:06:53,302 - DSN - INFO - t=240: B=-20936.93, Cut=-257, Best=7260
2026-01-14 20:06:56,513 - DSN - INFO - t=280: B=-20900.61, Cut=12, Best=7260
2026-01-14 20:06:59,735 - DSN - INFO - t=320: B=-20816.17, Cut=-176, Best=7260
2026-01-14 20:07:02,968 - DSN - INFO - t=360: B=-20803.37, Cut=-24, Best=7260
2026-01-14 20:07:06,202 - DSN - INFO - t=400: B=-20796.54, Cut=7244, Best=7260 [LS]
2026-01-14 20:07:08,806 - DSN - INFO - t=440: B=-20773.90, Cut=44, Best=7260
2026-01-14 20:07:12,036 - DSN - INFO - t=480: B=-20756.92, Cut=-3, Best=7260
2026-01-14 20:07:13,884 - DSN - INFO - DSN GPU done in 38.82s | Cut=7260
2026-01-14 20:07:13,888 - DSN - INFO - Results saved to: results/Gset/DSN_thorough/G64.csv
2026-01-14 20:07:13,888 - DSN - INFO - Cut: 7260 | Bound: -20741.45 | Time: 38.82s
2026-01-14 20:07:13,888 - DSN - INFO - Initialized DSN_thorough | preset=thorough | GPU=True
2026-01-14 20:07:13,888 - DSN - INFO - Params: η=0.003, T=500, init=degree, LS=True
2026-01-14 20:07:13,888 - DSN - INFO - Using GPU solver (CuPy)
2026-01-14 20:07:13,894 - DSN - INFO - DSN GPU Solver: n=7000, edges=41459
2026-01-14 20:07:13,894 - DSN - INFO - DSN GPU: T=500, η=0.003, LS=True
2026-01-14 20:07:14,534 - DSN - INFO - t=000: B=-86783.48, Cut=7199, Best=7199 [LS]
2026-01-14 20:07:16,562 - DSN - INFO - t=040: B=-22989.04, Cut=32, Best=7199
2026-01-14 20:07:19,759 - DSN - INFO - t=080: B=-21591.29, Cut=-5, Best=7228
2026-01-14 20:07:22,998 - DSN - INFO - t=120: B=-21198.84, Cut=54, Best=7348
2026-01-14 20:07:26,227 - DSN - INFO - t=160: B=-21045.58, Cut=-17, Best=7348
2026-01-14 20:07:29,446 - DSN - INFO - t=200: B=-20993.12, Cut=7216, Best=7348 [LS]
2026-01-14 20:07:32,046 - DSN - INFO - t=240: B=-20939.27, Cut=-14, Best=7348
2026-01-14 20:07:35,282 - DSN - INFO - t=280: B=-20909.46, Cut=39, Best=7348
2026-01-14 20:07:38,519 - DSN - INFO - t=320: B=-20880.27, Cut=-116, Best=7348
2026-01-14 20:07:41,744 - DSN - INFO - t=360: B=-20806.59, Cut=22, Best=7348
2026-01-14 20:07:44,960 - DSN - INFO - t=400: B=-20793.26, Cut=7217, Best=7348 [LS]
2026-01-14 20:07:47,560 - DSN - INFO - t=440: B=-20778.68, Cut=-77, Best=7348
2026-01-14 20:07:50,781 - DSN - INFO - t=480: B=-20766.49, Cut=-74, Best=7348
2026-01-14 20:07:52,643 - DSN - INFO - DSN GPU done in 38.75s | Cut=7348
2026-01-14 20:07:52,647 - DSN - INFO - Results saved to: results/Gset/DSN_thorough/G64.csv
2026-01-14 20:07:52,647 - DSN - INFO - Cut: 7348 | Bound: -20760.25 | Time: 38.76s
2026-01-14 20:07:52,647 - DSN - INFO - Initialized DSN_thorough | preset=thorough | GPU=True
2026-01-14 20:07:52,647 - DSN - INFO - Params: η=0.003, T=500, init=degree, LS=True
2026-01-14 20:07:52,647 - DSN - INFO - Using GPU solver (CuPy)
2026-01-14 20:07:52,653 - DSN - INFO - DSN GPU Solver: n=7000, edges=41459
2026-01-14 20:07:52,653 - DSN - INFO - DSN GPU: T=500, η=0.003, LS=True
2026-01-14 20:07:53,295 - DSN - INFO - t=000: B=-86783.48, Cut=7257, Best=7257 [LS]
2026-01-14 20:07:55,401 - DSN - INFO - t=040: B=-22788.87, Cut=-84, Best=7257
2026-01-14 20:07:58,625 - DSN - INFO - t=080: B=-21524.56, Cut=-25, Best=7257
2026-01-14 20:08:01,870 - DSN - INFO - t=120: B=-21166.64, Cut=-52, Best=7269
2026-01-14 20:08:05,103 - DSN - INFO - t=160: B=-21042.85, Cut=-56, Best=7275
2026-01-14 20:08:08,339 - DSN - INFO - t=200: B=-20968.30, Cut=7152, Best=7275 [LS]
2026-01-14 20:08:10,952 - DSN - INFO - t=240: B=-20930.96, Cut=-12, Best=7275
2026-01-14 20:08:14,173 - DSN - INFO - t=280: B=-20892.61, Cut=-104, Best=7275
2026-01-14 20:08:17,399 - DSN - INFO - t=320: B=-20822.52, Cut=13, Best=7275
2026-01-14 20:08:20,630 - DSN - INFO - t=360: B=-20803.91, Cut=-59, Best=7307
2026-01-14 20:08:23,846 - DSN - INFO - t=400: B=-20808.01, Cut=7197, Best=7307 [LS]
2026-01-14 20:08:26,446 - DSN - INFO - t=440: B=-20786.86, Cut=8, Best=7307
2026-01-14 20:08:29,677 - DSN - INFO - t=480: B=-20780.42, Cut=36, Best=7307
2026-01-14 20:08:31,529 - DSN - INFO - DSN GPU done in 38.88s | Cut=7307
2026-01-14 20:08:31,533 - DSN - INFO - Results saved to: results/Gset/DSN_thorough/G64.csv
2026-01-14 20:08:31,533 - DSN - INFO - Cut: 7307 | Bound: -20766.61 | Time: 38.88s
2026-01-14 20:08:31,533 - DSN - INFO - Initialized DSN_thorough | preset=thorough | GPU=True
2026-01-14 20:08:31,533 - DSN - INFO - Params: η=0.003, T=500, init=degree, LS=True
2026-01-14 20:08:31,533 - DSN - INFO - Using GPU solver (CuPy)
2026-01-14 20:08:31,539 - DSN - INFO - DSN GPU Solver: n=7000, edges=41459
2026-01-14 20:08:31,539 - DSN - INFO - DSN GPU: T=500, η=0.003, LS=True
2026-01-14 20:08:32,179 - DSN - INFO - t=000: B=-86783.48, Cut=7173, Best=7173 [LS]
2026-01-14 20:08:34,216 - DSN - INFO - t=040: B=-22841.79, Cut=-50, Best=7173
2026-01-14 20:08:37,464 - DSN - INFO - t=080: B=-21524.37, Cut=-30, Best=7279
2026-01-14 20:08:40,699 - DSN - INFO - t=120: B=-21184.90, Cut=-34, Best=7289
2026-01-14 20:08:43,927 - DSN - INFO - t=160: B=-21046.74, Cut=35, Best=7289
2026-01-14 20:08:47,157 - DSN - INFO - t=200: B=-20958.87, Cut=7166, Best=7289 [LS]
2026-01-14 20:08:49,764 - DSN - INFO - t=240: B=-20931.57, Cut=-4, Best=7289
2026-01-14 20:08:52,987 - DSN - INFO - t=280: B=-20891.01, Cut=-55, Best=7289
2026-01-14 20:08:56,209 - DSN - INFO - t=320: B=-20867.75, Cut=5, Best=7289
2026-01-14 20:08:59,455 - DSN - INFO - t=360: B=-20864.25, Cut=-73, Best=7341
2026-01-14 20:09:02,691 - DSN - INFO - t=400: B=-20816.96, Cut=7282, Best=7341 [LS]
2026-01-14 20:09:05,299 - DSN - INFO - t=440: B=-20771.24, Cut=-12, Best=7341
2026-01-14 20:09:08,531 - DSN - INFO - t=480: B=-20743.99, Cut=-39, Best=7341
2026-01-14 20:09:10,406 - DSN - INFO - DSN GPU done in 38.87s | Cut=7341
2026-01-14 20:09:10,410 - DSN - INFO - Results saved to: results/Gset/DSN_thorough/G64.csv
2026-01-14 20:09:10,410 - DSN - INFO - Cut: 7341 | Bound: -20727.74 | Time: 38.87s
2026-01-14 20:09:10,410 - DSN - INFO - Initialized DSN_thorough | preset=thorough | GPU=True
2026-01-14 20:09:10,410 - DSN - INFO - Params: η=0.003, T=500, init=degree, LS=True
2026-01-14 20:09:10,410 - DSN - INFO - Using GPU solver (CuPy)
2026-01-14 20:09:10,416 - DSN - INFO - DSN GPU Solver: n=7000, edges=41459
2026-01-14 20:09:10,416 - DSN - INFO - DSN GPU: T=500, η=0.003, LS=True
2026-01-14 20:09:11,045 - DSN - INFO - t=000: B=-86783.48, Cut=7366, Best=7366 [LS]
2026-01-14 20:09:13,104 - DSN - INFO - t=040: B=-22823.89, Cut=-60, Best=7366
2026-01-14 20:09:16,338 - DSN - INFO - t=080: B=-21526.74, Cut=-6, Best=7366
2026-01-14 20:09:19,572 - DSN - INFO - t=120: B=-21185.22, Cut=-130, Best=7366
2026-01-14 20:09:22,799 - DSN - INFO - t=160: B=-21044.36, Cut=26, Best=7366
2026-01-14 20:09:26,040 - DSN - INFO - t=200: B=-20973.29, Cut=7237, Best=7366 [LS]
2026-01-14 20:09:28,650 - DSN - INFO - t=240: B=-20940.72, Cut=43, Best=7366
2026-01-14 20:09:31,867 - DSN - INFO - t=280: B=-20896.52, Cut=-90, Best=7366
2026-01-14 20:09:35,091 - DSN - INFO - t=320: B=-20873.04, Cut=-54, Best=7366
2026-01-14 20:09:38,305 - DSN - INFO - t=360: B=-20850.92, Cut=5, Best=7366
2026-01-14 20:09:41,536 - DSN - INFO - t=400: B=-20834.01, Cut=7181, Best=7366 [LS]
2026-01-14 20:09:44,137 - DSN - INFO - t=440: B=-20789.57, Cut=-99, Best=7366
2026-01-14 20:09:47,370 - DSN - INFO - t=480: B=-20758.05, Cut=-9, Best=7366
2026-01-14 20:09:49,249 - DSN - INFO - DSN GPU done in 38.83s | Cut=7366
2026-01-14 20:09:49,253 - DSN - INFO - Results saved to: results/Gset/DSN_thorough/G64.csv
2026-01-14 20:09:49,253 - DSN - INFO - Cut: 7366 | Bound: -20729.16 | Time: 38.84s
2026-01-14 20:09:49,253 - DSN - INFO - Initialized DSN_thorough | preset=thorough | GPU=True
2026-01-14 20:09:49,253 - DSN - INFO - Params: η=0.003, T=500, init=degree, LS=True
2026-01-14 20:09:49,253 - DSN - INFO - Using GPU solver (CuPy)
2026-01-14 20:09:49,259 - DSN - INFO - DSN GPU Solver: n=7000, edges=41459
2026-01-14 20:09:49,259 - DSN - INFO - DSN GPU: T=500, η=0.003, LS=True
2026-01-14 20:09:49,913 - DSN - INFO - t=000: B=-86783.48, Cut=7218, Best=7218 [LS]
2026-01-14 20:09:51,980 - DSN - INFO - t=040: B=-22811.34, Cut=-56, Best=7218
2026-01-14 20:09:55,238 - DSN - INFO - t=080: B=-21517.25, Cut=-13, Best=7258
2026-01-14 20:09:58,478 - DSN - INFO - t=120: B=-21203.17, Cut=1, Best=7261
2026-01-14 20:10:01,727 - DSN - INFO - t=160: B=-21038.12, Cut=-83, Best=7261
2026-01-14 20:10:04,960 - DSN - INFO - t=200: B=-20957.96, Cut=7251, Best=7261 [LS]
2026-01-14 20:10:07,562 - DSN - INFO - t=240: B=-20921.72, Cut=-50, Best=7261
2026-01-14 20:10:10,797 - DSN - INFO - t=280: B=-20903.28, Cut=-187, Best=7281
2026-01-14 20:10:14,011 - DSN - INFO - t=320: B=-20819.71, Cut=9, Best=7281
2026-01-14 20:10:17,270 - DSN - INFO - t=360: B=-20801.58, Cut=-115, Best=7281
2026-01-14 20:10:20,503 - DSN - INFO - t=400: B=-20779.12, Cut=7342, Best=7342 [LS]
2026-01-14 20:10:23,102 - DSN - INFO - t=440: B=-20761.63, Cut=38, Best=7342
2026-01-14 20:10:26,348 - DSN - INFO - t=480: B=-20748.97, Cut=13, Best=7342
2026-01-14 20:10:28,224 - DSN - INFO - DSN GPU done in 38.97s | Cut=7342
2026-01-14 20:10:28,229 - DSN - INFO - Results saved to: results/Gset/DSN_thorough/G64.csv
2026-01-14 20:10:28,229 - DSN - INFO - Cut: 7342 | Bound: -20742.95 | Time: 38.97s
2026-01-14 20:10:28,229 - DSN - INFO - Initialized DSN_thorough | preset=thorough | GPU=True
2026-01-14 20:10:28,229 - DSN - INFO - Params: η=0.003, T=500, init=degree, LS=True
2026-01-14 20:10:28,229 - DSN - INFO - Using GPU solver (CuPy)
2026-01-14 20:10:28,236 - DSN - INFO - DSN GPU Solver: n=7000, edges=41459
2026-01-14 20:10:28,236 - DSN - INFO - DSN GPU: T=500, η=0.003, LS=True
2026-01-14 20:10:28,879 - DSN - INFO - t=000: B=-86783.48, Cut=7139, Best=7139 [LS]
2026-01-14 20:10:30,946 - DSN - INFO - t=040: B=-22840.48, Cut=17, Best=7139
2026-01-14 20:10:34,164 - DSN - INFO - t=080: B=-21530.11, Cut=-77, Best=7278
2026-01-14 20:10:37,418 - DSN - INFO - t=120: B=-21191.02, Cut=-107, Best=7337
2026-01-14 20:10:40,643 - DSN - INFO - t=160: B=-21082.23, Cut=-124, Best=7337
2026-01-14 20:10:43,861 - DSN - INFO - t=200: B=-20966.43, Cut=7240, Best=7337 [LS]
2026-01-14 20:10:46,465 - DSN - INFO - t=240: B=-20943.01, Cut=-173, Best=7337
2026-01-14 20:10:49,707 - DSN - INFO - t=280: B=-20848.75, Cut=-28, Best=7352
2026-01-14 20:10:52,948 - DSN - INFO - t=320: B=-20828.71, Cut=36, Best=7352
2026-01-14 20:10:56,178 - DSN - INFO - t=360: B=-20819.63, Cut=44, Best=7352
2026-01-14 20:10:59,408 - DSN - INFO - t=400: B=-20810.07, Cut=7241, Best=7352 [LS]
2026-01-14 20:11:02,014 - DSN - INFO - t=440: B=-20803.43, Cut=-89, Best=7352
2026-01-14 20:11:05,238 - DSN - INFO - t=480: B=-20782.64, Cut=-24, Best=7352
2026-01-14 20:11:07,110 - DSN - INFO - DSN GPU done in 38.87s | Cut=7352
2026-01-14 20:11:07,114 - DSN - INFO - Results saved to: results/Gset/DSN_thorough/G64.csv
2026-01-14 20:11:07,114 - DSN - INFO - Cut: 7352 | Bound: -20762.01 | Time: 38.88s
2026-01-14 20:11:07,139 - DSN - INFO - Initialized DSN_thorough | preset=thorough | GPU=True
2026-01-14 20:11:07,139 - DSN - INFO - Params: η=0.003, T=500, init=degree, LS=True
2026-01-14 20:11:07,139 - DSN - INFO - Using GPU solver (CuPy)
2026-01-14 20:11:07,141 - DSN - INFO - DSN GPU Solver: n=8000, edges=16000
2026-01-14 20:11:07,141 - DSN - INFO - DSN GPU: T=500, η=0.003, LS=True
2026-01-14 20:11:07,358 - DSN - INFO - t=000: B=-14170.68, Cut=4190, Best=4190 [LS]
2026-01-14 20:11:09,719 - DSN - INFO - t=040: B=-14484.35, Cut=-36, Best=4190
2026-01-14 20:11:12,276 - DSN - INFO - t=080: B=-14075.71, Cut=-38, Best=4194
2026-01-14 20:11:14,903 - DSN - INFO - t=120: B=-13917.35, Cut=-56, Best=4194
2026-01-14 20:11:17,590 - DSN - INFO - t=160: B=-13857.19, Cut=-26, Best=4198
2026-01-14 20:11:20,306 - DSN - INFO - t=200: B=-13784.47, Cut=4196, Best=4198 [LS]
2026-01-14 20:11:22,855 - DSN - INFO - t=240: B=-13619.32, Cut=-70, Best=4198
2026-01-14 20:11:25,553 - DSN - INFO - t=280: B=-13497.40, Cut=-32, Best=4198
2026-01-14 20:11:28,275 - DSN - INFO - t=320: B=-13344.83, Cut=-90, Best=4198
2026-01-14 20:11:31,008 - DSN - INFO - t=360: B=-13191.65, Cut=-44, Best=4198
2026-01-14 20:11:33,743 - DSN - INFO - t=400: B=-13081.11, Cut=4196, Best=4198 [LS]
2026-01-14 20:11:36,304 - DSN - INFO - t=440: B=-12981.99, Cut=-126, Best=4198
2026-01-14 20:11:39,040 - DSN - INFO - t=480: B=-12904.80, Cut=-198, Best=4206
2026-01-14 20:11:40,439 - DSN - INFO - DSN GPU done in 33.30s | Cut=4232
2026-01-14 20:11:40,441 - DSN - INFO - Results saved to: results/Gset/DSN_thorough/G65.csv
2026-01-14 20:11:40,441 - DSN - INFO - Cut: 4232 | Bound: -12872.58 | Time: 33.30s
2026-01-14 20:11:40,441 - DSN - INFO - Initialized DSN_thorough | preset=thorough | GPU=True
2026-01-14 20:11:40,441 - DSN - INFO - Params: η=0.003, T=500, init=degree, LS=True
2026-01-14 20:11:40,441 - DSN - INFO - Using GPU solver (CuPy)
2026-01-14 20:11:40,443 - DSN - INFO - DSN GPU Solver: n=8000, edges=16000
2026-01-14 20:11:40,443 - DSN - INFO - DSN GPU: T=500, η=0.003, LS=True
2026-01-14 20:11:40,659 - DSN - INFO - t=000: B=-14170.68, Cut=4192, Best=4192 [LS]
2026-01-14 20:11:42,985 - DSN - INFO - t=040: B=-14486.06, Cut=-44, Best=4192
2026-01-14 20:11:45,515 - DSN - INFO - t=080: B=-14075.71, Cut=-32, Best=4194
2026-01-14 20:11:48,125 - DSN - INFO - t=120: B=-13896.79, Cut=-38, Best=4194
2026-01-14 20:11:50,850 - DSN - INFO - t=160: B=-13825.10, Cut=-50, Best=4204
2026-01-14 20:11:53,538 - DSN - INFO - t=200: B=-13821.93, Cut=4194, Best=4204 [LS]
2026-01-14 20:11:56,083 - DSN - INFO - t=240: B=-13752.67, Cut=-42, Best=4204
2026-01-14 20:11:58,764 - DSN - INFO - t=280: B=-13709.46, Cut=-32, Best=4204
2026-01-14 20:12:01,431 - DSN - INFO - t=320: B=-13599.23, Cut=-52, Best=4204
2026-01-14 20:12:04,122 - DSN - INFO - t=360: B=-13546.82, Cut=-46, Best=4204
2026-01-14 20:12:06,847 - DSN - INFO - t=400: B=-13465.20, Cut=4198, Best=4204 [LS]
2026-01-14 20:12:09,397 - DSN - INFO - t=440: B=-13393.48, Cut=-72, Best=4204
2026-01-14 20:12:12,127 - DSN - INFO - t=480: B=-13298.78, Cut=-38, Best=4204
2026-01-14 20:12:13,516 - DSN - INFO - DSN GPU done in 33.07s | Cut=4204
2026-01-14 20:12:13,520 - DSN - INFO - Results saved to: results/Gset/DSN_thorough/G65.csv
2026-01-14 20:12:13,520 - DSN - INFO - Cut: 4204 | Bound: -13232.19 | Time: 33.08s
2026-01-14 20:12:13,520 - DSN - INFO - Initialized DSN_thorough | preset=thorough | GPU=True
2026-01-14 20:12:13,520 - DSN - INFO - Params: η=0.003, T=500, init=degree, LS=True
2026-01-14 20:12:13,520 - DSN - INFO - Using GPU solver (CuPy)
2026-01-14 20:12:13,522 - DSN - INFO - DSN GPU Solver: n=8000, edges=16000
2026-01-14 20:12:13,522 - DSN - INFO - DSN GPU: T=500, η=0.003, LS=True
2026-01-14 20:12:13,735 - DSN - INFO - t=000: B=-14170.68, Cut=4190, Best=4190 [LS]
2026-01-14 20:12:16,123 - DSN - INFO - t=040: B=-14507.17, Cut=-76, Best=4190
2026-01-14 20:12:18,679 - DSN - INFO - t=080: B=-14075.70, Cut=-30, Best=4192
2026-01-14 20:12:21,309 - DSN - INFO - t=120: B=-13891.31, Cut=-80, Best=4194
2026-01-14 20:12:23,983 - DSN - INFO - t=160: B=-13871.00, Cut=-34, Best=4194
2026-01-14 20:12:26,673 - DSN - INFO - t=200: B=-13770.91, Cut=4194, Best=4194 [LS]
2026-01-14 20:12:29,209 - DSN - INFO - t=240: B=-13747.82, Cut=-38, Best=4194
2026-01-14 20:12:31,893 - DSN - INFO - t=280: B=-13668.11, Cut=-52, Best=4194
2026-01-14 20:12:34,605 - DSN - INFO - t=320: B=-13579.09, Cut=-108, Best=4208
2026-01-14 20:12:37,293 - DSN - INFO - t=360: B=-13516.15, Cut=-76, Best=4208
2026-01-14 20:12:40,010 - DSN - INFO - t=400: B=-13389.56, Cut=4204, Best=4208 [LS]
2026-01-14 20:12:42,552 - DSN - INFO - t=440: B=-13338.87, Cut=-102, Best=4208
2026-01-14 20:12:45,253 - DSN - INFO - t=480: B=-13279.59, Cut=-54, Best=4208
2026-01-14 20:12:46,643 - DSN - INFO - DSN GPU done in 33.12s | Cut=4208
2026-01-14 20:12:46,647 - DSN - INFO - Results saved to: results/Gset/DSN_thorough/G65.csv
2026-01-14 20:12:46,647 - DSN - INFO - Cut: 4208 | Bound: -13223.73 | Time: 33.12s
2026-01-14 20:12:46,647 - DSN - INFO - Initialized DSN_thorough | preset=thorough | GPU=True
2026-01-14 20:12:46,647 - DSN - INFO - Params: η=0.003, T=500, init=degree, LS=True
2026-01-14 20:12:46,647 - DSN - INFO - Using GPU solver (CuPy)
2026-01-14 20:12:46,649 - DSN - INFO - DSN GPU Solver: n=8000, edges=16000
2026-01-14 20:12:46,649 - DSN - INFO - DSN GPU: T=500, η=0.003, LS=True
2026-01-14 20:12:46,871 - DSN - INFO - t=000: B=-14170.68, Cut=4192, Best=4192 [LS]
2026-01-14 20:12:49,204 - DSN - INFO - t=040: B=-14485.10, Cut=-48, Best=4192
2026-01-14 20:12:51,819 - DSN - INFO - t=080: B=-14176.28, Cut=-36, Best=4192
2026-01-14 20:12:54,488 - DSN - INFO - t=120: B=-13923.75, Cut=-66, Best=4192
2026-01-14 20:12:57,171 - DSN - INFO - t=160: B=-13865.54, Cut=-74, Best=4192
2026-01-14 20:12:59,889 - DSN - INFO - t=200: B=-13724.83, Cut=4202, Best=4202 [LS]
2026-01-14 20:13:02,419 - DSN - INFO - t=240: B=-13558.59, Cut=-56, Best=4202
2026-01-14 20:13:05,149 - DSN - INFO - t=280: B=-13399.35, Cut=-52, Best=4202
2026-01-14 20:13:07,877 - DSN - INFO - t=320: B=-13227.19, Cut=-202, Best=4214
2026-01-14 20:13:10,612 - DSN - INFO - t=360: B=-13122.40, Cut=-116, Best=4214
2026-01-14 20:13:13,344 - DSN - INFO - t=400: B=-13024.91, Cut=4182, Best=4214 [LS]
2026-01-14 20:13:15,915 - DSN - INFO - t=440: B=-12949.03, Cut=-122, Best=4214
2026-01-14 20:13:18,651 - DSN - INFO - t=480: B=-12882.00, Cut=-158, Best=4214
2026-01-14 20:13:20,044 - DSN - INFO - DSN GPU done in 33.39s | Cut=4238
2026-01-14 20:13:20,047 - DSN - INFO - Results saved to: results/Gset/DSN_thorough/G65.csv
2026-01-14 20:13:20,047 - DSN - INFO - Cut: 4238 | Bound: -12862.20 | Time: 33.40s
2026-01-14 20:13:20,047 - DSN - INFO - Initialized DSN_thorough | preset=thorough | GPU=True
2026-01-14 20:13:20,047 - DSN - INFO - Params: η=0.003, T=500, init=degree, LS=True
2026-01-14 20:13:20,047 - DSN - INFO - Using GPU solver (CuPy)
2026-01-14 20:13:20,050 - DSN - INFO - DSN GPU Solver: n=8000, edges=16000
2026-01-14 20:13:20,050 - DSN - INFO - DSN GPU: T=500, η=0.003, LS=True
2026-01-14 20:13:20,262 - DSN - INFO - t=000: B=-14170.68, Cut=4190, Best=4190 [LS]
2026-01-14 20:13:22,631 - DSN - INFO - t=040: B=-14507.15, Cut=-72, Best=4190
2026-01-14 20:13:25,139 - DSN - INFO - t=080: B=-14075.69, Cut=-26, Best=4196
2026-01-14 20:13:27,793 - DSN - INFO - t=120: B=-13931.87, Cut=-22, Best=4196
2026-01-14 20:13:30,473 - DSN - INFO - t=160: B=-13851.04, Cut=-62, Best=4210
2026-01-14 20:13:33,167 - DSN - INFO - t=200: B=-13827.29, Cut=4190, Best=4210 [LS]
2026-01-14 20:13:35,655 - DSN - INFO - t=240: B=-13752.26, Cut=-20, Best=4210
2026-01-14 20:13:38,310 - DSN - INFO - t=280: B=-13696.35, Cut=-30, Best=4210
2026-01-14 20:13:40,966 - DSN - INFO - t=320: B=-13623.26, Cut=-32, Best=4210
2026-01-14 20:13:43,648 - DSN - INFO - t=360: B=-13587.39, Cut=-56, Best=4210
2026-01-14 20:13:46,374 - DSN - INFO - t=400: B=-13493.15, Cut=4198, Best=4210 [LS]
2026-01-14 20:13:48,932 - DSN - INFO - t=440: B=-13384.64, Cut=-66, Best=4210
2026-01-14 20:13:51,660 - DSN - INFO - t=480: B=-13288.25, Cut=-34, Best=4210
2026-01-14 20:13:53,036 - DSN - INFO - DSN GPU done in 32.99s | Cut=4210
2026-01-14 20:13:53,039 - DSN - INFO - Results saved to: results/Gset/DSN_thorough/G65.csv
2026-01-14 20:13:53,039 - DSN - INFO - Cut: 4210 | Bound: -13235.80 | Time: 32.99s
2026-01-14 20:13:53,039 - DSN - INFO - Initialized DSN_thorough | preset=thorough | GPU=True
2026-01-14 20:13:53,039 - DSN - INFO - Params: η=0.003, T=500, init=degree, LS=True
2026-01-14 20:13:53,039 - DSN - INFO - Using GPU solver (CuPy)
2026-01-14 20:13:53,042 - DSN - INFO - DSN GPU Solver: n=8000, edges=16000
2026-01-14 20:13:53,042 - DSN - INFO - DSN GPU: T=500, η=0.003, LS=True
2026-01-14 20:13:53,256 - DSN - INFO - t=000: B=-14170.68, Cut=4192, Best=4192 [LS]
2026-01-14 20:13:55,614 - DSN - INFO - t=040: B=-14484.37, Cut=-28, Best=4192
2026-01-14 20:13:58,163 - DSN - INFO - t=080: B=-14216.19, Cut=-48, Best=4196
2026-01-14 20:14:00,767 - DSN - INFO - t=120: B=-13967.25, Cut=-36, Best=4196
2026-01-14 20:14:03,484 - DSN - INFO - t=160: B=-13904.96, Cut=-22, Best=4208
2026-01-14 20:14:06,208 - DSN - INFO - t=200: B=-13865.83, Cut=4200, Best=4208 [LS]
2026-01-14 20:14:08,761 - DSN - INFO - t=240: B=-13673.53, Cut=-58, Best=4208
2026-01-14 20:14:11,458 - DSN - INFO - t=280: B=-13473.79, Cut=-86, Best=4208
2026-01-14 20:14:14,181 - DSN - INFO - t=320: B=-13364.66, Cut=-32, Best=4208
2026-01-14 20:14:16,922 - DSN - INFO - t=360: B=-13218.98, Cut=-168, Best=4208
2026-01-14 20:14:19,664 - DSN - INFO - t=400: B=-13117.07, Cut=4230, Best=4230 [LS]
2026-01-14 20:14:22,239 - DSN - INFO - t=440: B=-13016.94, Cut=-110, Best=4230
2026-01-14 20:14:24,977 - DSN - INFO - t=480: B=-12934.42, Cut=-128, Best=4230
2026-01-14 20:14:26,365 - DSN - INFO - DSN GPU done in 33.32s | Cut=4230
2026-01-14 20:14:26,368 - DSN - INFO - Results saved to: results/Gset/DSN_thorough/G65.csv
2026-01-14 20:14:26,369 - DSN - INFO - Cut: 4230 | Bound: -12902.05 | Time: 33.33s
2026-01-14 20:14:26,369 - DSN - INFO - Initialized DSN_thorough | preset=thorough | GPU=True
2026-01-14 20:14:26,369 - DSN - INFO - Params: η=0.003, T=500, init=degree, LS=True
2026-01-14 20:14:26,369 - DSN - INFO - Using GPU solver (CuPy)
2026-01-14 20:14:26,371 - DSN - INFO - DSN GPU Solver: n=8000, edges=16000
2026-01-14 20:14:26,371 - DSN - INFO - DSN GPU: T=500, η=0.003, LS=True
2026-01-14 20:14:26,585 - DSN - INFO - t=000: B=-14170.68, Cut=4192, Best=4192 [LS]
2026-01-14 20:14:28,934 - DSN - INFO - t=040: B=-14432.48, Cut=-48, Best=4192
2026-01-14 20:14:31,490 - DSN - INFO - t=080: B=-14075.72, Cut=-30, Best=4194
2026-01-14 20:14:34,159 - DSN - INFO - t=120: B=-13896.84, Cut=-38, Best=4196
2026-01-14 20:14:36,841 - DSN - INFO - t=160: B=-13833.02, Cut=-82, Best=4196
2026-01-14 20:14:39,558 - DSN - INFO - t=200: B=-13809.54, Cut=4196, Best=4196 [LS]
2026-01-14 20:14:42,088 - DSN - INFO - t=240: B=-13676.84, Cut=-64, Best=4196
2026-01-14 20:14:44,764 - DSN - INFO - t=280: B=-13506.60, Cut=-46, Best=4200
2026-01-14 20:14:47,491 - DSN - INFO - t=320: B=-13393.47, Cut=-44, Best=4200
2026-01-14 20:14:50,220 - DSN - INFO - t=360: B=-13254.45, Cut=-76, Best=4212
2026-01-14 20:14:52,925 - DSN - INFO - t=400: B=-13119.23, Cut=4178, Best=4212 [LS]
2026-01-14 20:14:55,493 - DSN - INFO - t=440: B=-13018.16, Cut=-124, Best=4212
2026-01-14 20:14:58,226 - DSN - INFO - t=480: B=-12925.75, Cut=-278, Best=4212
2026-01-14 20:14:59,618 - DSN - INFO - DSN GPU done in 33.25s | Cut=4212
2026-01-14 20:14:59,622 - DSN - INFO - Results saved to: results/Gset/DSN_thorough/G65.csv
2026-01-14 20:14:59,622 - DSN - INFO - Cut: 4212 | Bound: -12890.57 | Time: 33.25s
2026-01-14 20:14:59,622 - DSN - INFO - Initialized DSN_thorough | preset=thorough | GPU=True
2026-01-14 20:14:59,622 - DSN - INFO - Params: η=0.003, T=500, init=degree, LS=True
2026-01-14 20:14:59,622 - DSN - INFO - Using GPU solver (CuPy)
2026-01-14 20:14:59,624 - DSN - INFO - DSN GPU Solver: n=8000, edges=16000
2026-01-14 20:14:59,625 - DSN - INFO - DSN GPU: T=500, η=0.003, LS=True
2026-01-14 20:14:59,841 - DSN - INFO - t=000: B=-14170.68, Cut=4190, Best=4190 [LS]
2026-01-14 20:15:02,227 - DSN - INFO - t=040: B=-14486.08, Cut=-48, Best=4190
2026-01-14 20:15:04,772 - DSN - INFO - t=080: B=-14075.72, Cut=-30, Best=4194
2026-01-14 20:15:07,399 - DSN - INFO - t=120: B=-13905.15, Cut=-64, Best=4194
2026-01-14 20:15:10,052 - DSN - INFO - t=160: B=-13806.84, Cut=-34, Best=4200
2026-01-14 20:15:12,752 - DSN - INFO - t=200: B=-13724.63, Cut=4190, Best=4200 [LS]
2026-01-14 20:15:15,315 - DSN - INFO - t=240: B=-13607.50, Cut=-50, Best=4200
2026-01-14 20:15:18,020 - DSN - INFO - t=280: B=-13427.53, Cut=-100, Best=4200
2026-01-14 20:15:20,747 - DSN - INFO - t=320: B=-13305.56, Cut=-48, Best=4200
2026-01-14 20:15:23,474 - DSN - INFO - t=360: B=-13170.28, Cut=-148, Best=4216
2026-01-14 20:15:26,212 - DSN - INFO - t=400: B=-13063.99, Cut=4216, Best=4216 [LS]
2026-01-14 20:15:28,777 - DSN - INFO - t=440: B=-12976.73, Cut=-160, Best=4216
2026-01-14 20:15:31,518 - DSN - INFO - t=480: B=-12890.51, Cut=-162, Best=4216
2026-01-14 20:15:32,911 - DSN - INFO - DSN GPU done in 33.29s | Cut=4218
2026-01-14 20:15:32,915 - DSN - INFO - Results saved to: results/Gset/DSN_thorough/G65.csv
2026-01-14 20:15:32,915 - DSN - INFO - Cut: 4218 | Bound: -12869.07 | Time: 33.29s
2026-01-14 20:15:32,915 - DSN - INFO - Initialized DSN_thorough | preset=thorough | GPU=True
2026-01-14 20:15:32,915 - DSN - INFO - Params: η=0.003, T=500, init=degree, LS=True
2026-01-14 20:15:32,915 - DSN - INFO - Using GPU solver (CuPy)
2026-01-14 20:15:32,917 - DSN - INFO - DSN GPU Solver: n=8000, edges=16000
2026-01-14 20:15:32,917 - DSN - INFO - DSN GPU: T=500, η=0.003, LS=True
2026-01-14 20:15:33,134 - DSN - INFO - t=000: B=-14170.68, Cut=4188, Best=4188 [LS]
2026-01-14 20:15:35,511 - DSN - INFO - t=040: B=-14507.16, Cut=-74, Best=4188
2026-01-14 20:15:38,031 - DSN - INFO - t=080: B=-14075.72, Cut=-26, Best=4194
2026-01-14 20:15:40,656 - DSN - INFO - t=120: B=-13945.70, Cut=-24, Best=4194
2026-01-14 20:15:43,386 - DSN - INFO - t=160: B=-13874.30, Cut=-92, Best=4200
2026-01-14 20:15:46,116 - DSN - INFO - t=200: B=-13758.59, Cut=4192, Best=4200 [LS]
2026-01-14 20:15:48,643 - DSN - INFO - t=240: B=-13663.81, Cut=-44, Best=4200
2026-01-14 20:15:51,337 - DSN - INFO - t=280: B=-13584.61, Cut=-54, Best=4200
2026-01-14 20:15:54,015 - DSN - INFO - t=320: B=-13394.20, Cut=-96, Best=4200
2026-01-14 20:15:56,755 - DSN - INFO - t=360: B=-13292.90, Cut=-70, Best=4200
2026-01-14 20:15:59,486 - DSN - INFO - t=400: B=-13169.23, Cut=4192, Best=4200 [LS]
2026-01-14 20:16:02,053 - DSN - INFO - t=440: B=-13046.36, Cut=-128, Best=4200
2026-01-14 20:16:04,783 - DSN - INFO - t=480: B=-12961.79, Cut=-104, Best=4208
2026-01-14 20:16:06,180 - DSN - INFO - DSN GPU done in 33.26s | Cut=4220
2026-01-14 20:16:06,185 - DSN - INFO - Results saved to: results/Gset/DSN_thorough/G65.csv
2026-01-14 20:16:06,185 - DSN - INFO - Cut: 4220 | Bound: -12911.16 | Time: 33.27s
2026-01-14 20:16:06,185 - DSN - INFO - Initialized DSN_thorough | preset=thorough | GPU=True
2026-01-14 20:16:06,185 - DSN - INFO - Params: η=0.003, T=500, init=degree, LS=True
2026-01-14 20:16:06,185 - DSN - INFO - Using GPU solver (CuPy)
2026-01-14 20:16:06,188 - DSN - INFO - DSN GPU Solver: n=8000, edges=16000
2026-01-14 20:16:06,188 - DSN - INFO - DSN GPU: T=500, η=0.003, LS=True
2026-01-14 20:16:06,403 - DSN - INFO - t=000: B=-14170.68, Cut=4192, Best=4192 [LS]
2026-01-14 20:16:08,750 - DSN - INFO - t=040: B=-14486.92, Cut=-38, Best=4192
2026-01-14 20:16:11,255 - DSN - INFO - t=080: B=-14075.71, Cut=-30, Best=4194
2026-01-14 20:16:13,915 - DSN - INFO - t=120: B=-13880.79, Cut=-72, Best=4194
2026-01-14 20:16:16,586 - DSN - INFO - t=160: B=-13802.65, Cut=-70, Best=4194
2026-01-14 20:16:19,256 - DSN - INFO - t=200: B=-13723.46, Cut=4198, Best=4198 [LS]
2026-01-14 20:16:21,781 - DSN - INFO - t=240: B=-13667.10, Cut=-50, Best=4198
2026-01-14 20:16:24,515 - DSN - INFO - t=280: B=-13500.88, Cut=-72, Best=4200
2026-01-14 20:16:27,245 - DSN - INFO - t=320: B=-13371.91, Cut=-48, Best=4200
2026-01-14 20:16:29,964 - DSN - INFO - t=360: B=-13216.72, Cut=-98, Best=4200
2026-01-14 20:16:32,690 - DSN - INFO - t=400: B=-13087.06, Cut=4188, Best=4200 [LS]
2026-01-14 20:16:35,257 - DSN - INFO - t=440: B=-13000.82, Cut=-198, Best=4200
2026-01-14 20:16:37,988 - DSN - INFO - t=480: B=-12915.27, Cut=-136, Best=4200
2026-01-14 20:16:39,376 - DSN - INFO - DSN GPU done in 33.19s | Cut=4208
2026-01-14 20:16:39,380 - DSN - INFO - Results saved to: results/Gset/DSN_thorough/G65.csv
2026-01-14 20:16:39,381 - DSN - INFO - Cut: 4208 | Bound: -12871.64 | Time: 33.19s
2026-01-14 20:16:39,409 - DSN - INFO - Initialized DSN_thorough | preset=thorough | GPU=True
2026-01-14 20:16:39,409 - DSN - INFO - Params: η=0.003, T=500, init=degree, LS=True
2026-01-14 20:16:39,409 - DSN - INFO - Using GPU solver (CuPy)
2026-01-14 20:16:39,411 - DSN - INFO - DSN GPU Solver: n=9000, edges=18000
2026-01-14 20:16:39,411 - DSN - INFO - DSN GPU: T=500, η=0.003, LS=True
2026-01-14 20:16:39,660 - DSN - INFO - t=000: B=-16119.31, Cut=4692, Best=4692 [LS]
2026-01-14 20:16:41,976 - DSN - INFO - t=040: B=-16315.40, Cut=-30, Best=4692
2026-01-14 20:16:44,530 - DSN - INFO - t=080: B=-16041.05, Cut=-46, Best=4692
2026-01-14 20:16:47,236 - DSN - INFO - t=120: B=-15880.79, Cut=-44, Best=4692
2026-01-14 20:16:49,984 - DSN - INFO - t=160: B=-15816.32, Cut=-80, Best=4692
2026-01-14 20:16:52,714 - DSN - INFO - t=200: B=-15572.88, Cut=4704, Best=4704 [LS]
2026-01-14 20:16:55,269 - DSN - INFO - t=240: B=-15401.11, Cut=-42, Best=4704
2026-01-14 20:16:58,012 - DSN - INFO - t=280: B=-15292.95, Cut=-38, Best=4704
2026-01-14 20:17:00,768 - DSN - INFO - t=320: B=-15141.60, Cut=-40, Best=4704
2026-01-14 20:17:03,529 - DSN - INFO - t=360: B=-15025.48, Cut=-146, Best=4704
2026-01-14 20:17:06,292 - DSN - INFO - t=400: B=-14906.16, Cut=4686, Best=4704 [LS]
2026-01-14 20:17:08,857 - DSN - INFO - t=440: B=-14795.02, Cut=-96, Best=4704
2026-01-14 20:17:11,624 - DSN - INFO - t=480: B=-14705.91, Cut=-106, Best=4704
2026-01-14 20:17:13,038 - DSN - INFO - DSN GPU done in 33.63s | Cut=4704
2026-01-14 20:17:13,040 - DSN - INFO - Results saved to: results/Gset/DSN_thorough/G66.csv
2026-01-14 20:17:13,041 - DSN - INFO - Cut: 4704 | Bound: -14670.33 | Time: 33.63s
2026-01-14 20:17:13,041 - DSN - INFO - Initialized DSN_thorough | preset=thorough | GPU=True
2026-01-14 20:17:13,041 - DSN - INFO - Params: η=0.003, T=500, init=degree, LS=True
2026-01-14 20:17:13,041 - DSN - INFO - Using GPU solver (CuPy)
2026-01-14 20:17:13,043 - DSN - INFO - DSN GPU Solver: n=9000, edges=18000
2026-01-14 20:17:13,043 - DSN - INFO - DSN GPU: T=500, η=0.003, LS=True
2026-01-14 20:17:13,282 - DSN - INFO - t=000: B=-16119.31, Cut=4692, Best=4692 [LS]
2026-01-14 20:17:15,521 - DSN - INFO - t=040: B=-16314.59, Cut=-64, Best=4692
2026-01-14 20:17:18,176 - DSN - INFO - t=080: B=-16035.21, Cut=-32, Best=4692
2026-01-14 20:17:20,852 - DSN - INFO - t=120: B=-15894.71, Cut=-70, Best=4692
2026-01-14 20:17:23,584 - DSN - INFO - t=160: B=-15830.71, Cut=-18, Best=4692
2026-01-14 20:17:26,282 - DSN - INFO - t=200: B=-15638.83, Cut=4690, Best=4692 [LS]
2026-01-14 20:17:28,816 - DSN - INFO - t=240: B=-15485.78, Cut=-42, Best=4692
2026-01-14 20:17:31,565 - DSN - INFO - t=280: B=-15334.34, Cut=-30, Best=4692
2026-01-14 20:17:34,320 - DSN - INFO - t=320: B=-15194.48, Cut=-58, Best=4692
2026-01-14 20:17:37,074 - DSN - INFO - t=360: B=-15093.70, Cut=-152, Best=4692
2026-01-14 20:17:39,827 - DSN - INFO - t=400: B=-14961.34, Cut=4718, Best=4718 [LS]
2026-01-14 20:17:42,393 - DSN - INFO - t=440: B=-14838.91, Cut=-78, Best=4718
2026-01-14 20:17:45,153 - DSN - INFO - t=480: B=-14741.97, Cut=-66, Best=4718
2026-01-14 20:17:46,579 - DSN - INFO - DSN GPU done in 33.54s | Cut=4734
2026-01-14 20:17:46,582 - DSN - INFO - Results saved to: results/Gset/DSN_thorough/G66.csv
2026-01-14 20:17:46,582 - DSN - INFO - Cut: 4734 | Bound: -14691.71 | Time: 33.54s
2026-01-14 20:17:46,583 - DSN - INFO - Initialized DSN_thorough | preset=thorough | GPU=True
2026-01-14 20:17:46,583 - DSN - INFO - Params: η=0.003, T=500, init=degree, LS=True
2026-01-14 20:17:46,583 - DSN - INFO - Using GPU solver (CuPy)
2026-01-14 20:17:46,585 - DSN - INFO - DSN GPU Solver: n=9000, edges=18000
2026-01-14 20:17:46,585 - DSN - INFO - DSN GPU: T=500, η=0.003, LS=True
2026-01-14 20:17:46,831 - DSN - INFO - t=000: B=-16119.31, Cut=4698, Best=4698 [LS]
2026-01-14 20:17:49,103 - DSN - INFO - t=040: B=-16317.63, Cut=-36, Best=4698
2026-01-14 20:17:51,674 - DSN - INFO - t=080: B=-16075.30, Cut=-44, Best=4698
2026-01-14 20:17:54,311 - DSN - INFO - t=120: B=-15983.56, Cut=-26, Best=4698
2026-01-14 20:17:57,013 - DSN - INFO - t=160: B=-15887.24, Cut=-18, Best=4698
2026-01-14 20:17:59,777 - DSN - INFO - t=200: B=-15844.33, Cut=4674, Best=4698 [LS]
2026-01-14 20:18:02,261 - DSN - INFO - t=240: B=-15683.91, Cut=-76, Best=4698
2026-01-14 20:18:05,032 - DSN - INFO - t=280: B=-15434.43, Cut=-84, Best=4698
2026-01-14 20:18:07,766 - DSN - INFO - t=320: B=-15234.75, Cut=-70, Best=4710
2026-01-14 20:18:10,535 - DSN - INFO - t=360: B=-15149.62, Cut=-36, Best=4710
2026-01-14 20:18:13,297 - DSN - INFO - t=400: B=-14998.16, Cut=4684, Best=4710 [LS]
2026-01-14 20:18:15,865 - DSN - INFO - t=440: B=-14895.42, Cut=-104, Best=4710
2026-01-14 20:18:18,632 - DSN - INFO - t=480: B=-14760.97, Cut=-256, Best=4710
2026-01-14 20:18:20,059 - DSN - INFO - DSN GPU done in 33.47s | Cut=4710
2026-01-14 20:18:20,062 - DSN - INFO - Results saved to: results/Gset/DSN_thorough/G66.csv
2026-01-14 20:18:20,062 - DSN - INFO - Cut: 4710 | Bound: -14725.14 | Time: 33.48s
2026-01-14 20:18:20,062 - DSN - INFO - Initialized DSN_thorough | preset=thorough | GPU=True
2026-01-14 20:18:20,062 - DSN - INFO - Params: η=0.003, T=500, init=degree, LS=True
2026-01-14 20:18:20,062 - DSN - INFO - Using GPU solver (CuPy)
2026-01-14 20:18:20,065 - DSN - INFO - DSN GPU Solver: n=9000, edges=18000
2026-01-14 20:18:20,065 - DSN - INFO - DSN GPU: T=500, η=0.003, LS=True
2026-01-14 20:18:20,315 - DSN - INFO - t=000: B=-16119.31, Cut=4692, Best=4692 [LS]
2026-01-14 20:18:22,544 - DSN - INFO - t=040: B=-16316.08, Cut=-28, Best=4692
2026-01-14 20:18:25,143 - DSN - INFO - t=080: B=-16075.29, Cut=-36, Best=4692
2026-01-14 20:18:27,780 - DSN - INFO - t=120: B=-15910.75, Cut=-38, Best=4692
2026-01-14 20:18:30,474 - DSN - INFO - t=160: B=-15881.77, Cut=-24, Best=4692
2026-01-14 20:18:33,167 - DSN - INFO - t=200: B=-15800.93, Cut=4686, Best=4692 [LS]
2026-01-14 20:18:35,696 - DSN - INFO - t=240: B=-15601.40, Cut=-80, Best=4692
2026-01-14 20:18:38,423 - DSN - INFO - t=280: B=-15418.78, Cut=-64, Best=4692
2026-01-14 20:18:41,189 - DSN - INFO - t=320: B=-15287.24, Cut=-92, Best=4692
2026-01-14 20:18:43,948 - DSN - INFO - t=360: B=-15154.90, Cut=-92, Best=4692
2026-01-14 20:18:46,712 - DSN - INFO - t=400: B=-15053.93, Cut=4692, Best=4692 [LS]
2026-01-14 20:18:49,274 - DSN - INFO - t=440: B=-14921.96, Cut=-76, Best=4692
2026-01-14 20:18:52,038 - DSN - INFO - t=480: B=-14812.47, Cut=-62, Best=4692
2026-01-14 20:18:53,461 - DSN - INFO - DSN GPU done in 33.40s | Cut=4720
2026-01-14 20:18:53,465 - DSN - INFO - Results saved to: results/Gset/DSN_thorough/G66.csv
2026-01-14 20:18:53,465 - DSN - INFO - Cut: 4720 | Bound: -14762.35 | Time: 33.40s
2026-01-14 20:18:53,465 - DSN - INFO - Initialized DSN_thorough | preset=thorough | GPU=True
2026-01-14 20:18:53,465 - DSN - INFO - Params: η=0.003, T=500, init=degree, LS=True
2026-01-14 20:18:53,465 - DSN - INFO - Using GPU solver (CuPy)
2026-01-14 20:18:53,468 - DSN - INFO - DSN GPU Solver: n=9000, edges=18000
2026-01-14 20:18:53,468 - DSN - INFO - DSN GPU: T=500, η=0.003, LS=True
2026-01-14 20:18:53,717 - DSN - INFO - t=000: B=-16119.31, Cut=4692, Best=4692 [LS]
2026-01-14 20:18:55,910 - DSN - INFO - t=040: B=-16363.09, Cut=-50, Best=4692
2026-01-14 20:18:58,483 - DSN - INFO - t=080: B=-16103.21, Cut=-34, Best=4692
2026-01-14 20:19:01,210 - DSN - INFO - t=120: B=-15915.01, Cut=-50, Best=4692
2026-01-14 20:19:03,955 - DSN - INFO - t=160: B=-15857.86, Cut=-30, Best=4692
2026-01-14 20:19:06,644 - DSN - INFO - t=200: B=-15839.08, Cut=4682, Best=4692 [LS]
2026-01-14 20:19:09,145 - DSN - INFO - t=240: B=-15799.59, Cut=-44, Best=4692
2026-01-14 20:19:11,865 - DSN - INFO - t=280: B=-15712.10, Cut=-28, Best=4692
2026-01-14 20:19:14,626 - DSN - INFO - t=320: B=-15657.35, Cut=-32, Best=4692
2026-01-14 20:19:17,364 - DSN - INFO - t=360: B=-15489.75, Cut=-56, Best=4692
2026-01-14 20:19:20,108 - DSN - INFO - t=400: B=-15335.28, Cut=4684, Best=4692 [LS]
2026-01-14 20:19:22,662 - DSN - INFO - t=440: B=-15177.76, Cut=-38, Best=4692
2026-01-14 20:19:25,420 - DSN - INFO - t=480: B=-15046.43, Cut=-40, Best=4692
2026-01-14 20:19:26,838 - DSN - INFO - DSN GPU done in 33.37s | Cut=4692
2026-01-14 20:19:26,841 - DSN - INFO - Results saved to: results/Gset/DSN_thorough/G66.csv
2026-01-14 20:19:26,841 - DSN - INFO - Cut: 4692 | Bound: -14964.58 | Time: 33.37s
2026-01-14 20:19:26,841 - DSN - INFO - Initialized DSN_thorough | preset=thorough | GPU=True
2026-01-14 20:19:26,841 - DSN - INFO - Params: η=0.003, T=500, init=degree, LS=True
2026-01-14 20:19:26,841 - DSN - INFO - Using GPU solver (CuPy)
2026-01-14 20:19:26,844 - DSN - INFO - DSN GPU Solver: n=9000, edges=18000
2026-01-14 20:19:26,844 - DSN - INFO - DSN GPU: T=500, η=0.003, LS=True
2026-01-14 20:19:27,093 - DSN - INFO - t=000: B=-16119.31, Cut=4692, Best=4692 [LS]
2026-01-14 20:19:29,393 - DSN - INFO - t=040: B=-16294.56, Cut=-58, Best=4692
2026-01-14 20:19:31,991 - DSN - INFO - t=080: B=-16075.31, Cut=-36, Best=4692
2026-01-14 20:19:34,693 - DSN - INFO - t=120: B=-15931.57, Cut=-62, Best=4694
2026-01-14 20:19:37,399 - DSN - INFO - t=160: B=-15912.98, Cut=-68, Best=4694
2026-01-14 20:19:40,054 - DSN - INFO - t=200: B=-15710.52, Cut=4688, Best=4694 [LS]
2026-01-14 20:19:42,612 - DSN - INFO - t=240: B=-15508.83, Cut=-52, Best=4694
2026-01-14 20:19:45,363 - DSN - INFO - t=280: B=-15343.08, Cut=-90, Best=4694
2026-01-14 20:19:48,119 - DSN - INFO - t=320: B=-15231.46, Cut=-38, Best=4694
2026-01-14 20:19:50,864 - DSN - INFO - t=360: B=-15063.61, Cut=-82, Best=4694
2026-01-14 20:19:53,624 - DSN - INFO - t=400: B=-14933.57, Cut=4668, Best=4694 [LS]
2026-01-14 20:19:56,184 - DSN - INFO - t=440: B=-14831.52, Cut=-116, Best=4694
2026-01-14 20:19:58,954 - DSN - INFO - t=480: B=-14739.64, Cut=-198, Best=4694
2026-01-14 20:20:00,375 - DSN - INFO - DSN GPU done in 33.53s | Cut=4694
2026-01-14 20:20:00,379 - DSN - INFO - Results saved to: results/Gset/DSN_thorough/G66.csv
2026-01-14 20:20:00,379 - DSN - INFO - Cut: 4694 | Bound: -14702.01 | Time: 33.53s
2026-01-14 20:20:00,379 - DSN - INFO - Initialized DSN_thorough | preset=thorough | GPU=True
2026-01-14 20:20:00,379 - DSN - INFO - Params: η=0.003, T=500, init=degree, LS=True
2026-01-14 20:20:00,379 - DSN - INFO - Using GPU solver (CuPy)
2026-01-14 20:20:00,382 - DSN - INFO - DSN GPU Solver: n=9000, edges=18000
2026-01-14 20:20:00,382 - DSN - INFO - DSN GPU: T=500, η=0.003, LS=True
2026-01-14 20:20:00,630 - DSN - INFO - t=000: B=-16119.31, Cut=4686, Best=4686 [LS]
2026-01-14 20:20:02,897 - DSN - INFO - t=040: B=-16313.03, Cut=-32, Best=4686
2026-01-14 20:20:05,465 - DSN - INFO - t=080: B=-16075.34, Cut=-42, Best=4686
2026-01-14 20:20:08,010 - DSN - INFO - t=120: B=-15876.15, Cut=-104, Best=4686
2026-01-14 20:20:10,745 - DSN - INFO - t=160: B=-15841.81, Cut=-28, Best=4686
2026-01-14 20:20:13,458 - DSN - INFO - t=200: B=-15650.40, Cut=4684, Best=4686 [LS]
2026-01-14 20:20:15,988 - DSN - INFO - t=240: B=-15457.26, Cut=-92, Best=4686
2026-01-14 20:20:18,739 - DSN - INFO - t=280: B=-15308.67, Cut=-92, Best=4686
2026-01-14 20:20:21,494 - DSN - INFO - t=320: B=-15157.92, Cut=-66, Best=4688
2026-01-14 20:20:24,254 - DSN - INFO - t=360: B=-15053.28, Cut=-58, Best=4688
2026-01-14 20:20:27,014 - DSN - INFO - t=400: B=-14915.01, Cut=4688, Best=4688 [LS]
2026-01-14 20:20:29,576 - DSN - INFO - t=440: B=-14811.86, Cut=-148, Best=4688
2026-01-14 20:20:32,343 - DSN - INFO - t=480: B=-14737.08, Cut=-112, Best=4716
2026-01-14 20:20:33,763 - DSN - INFO - DSN GPU done in 33.38s | Cut=4716
2026-01-14 20:20:33,767 - DSN - INFO - Results saved to: results/Gset/DSN_thorough/G66.csv
2026-01-14 20:20:33,767 - DSN - INFO - Cut: 4716 | Bound: -14700.20 | Time: 33.38s
2026-01-14 20:20:33,767 - DSN - INFO - Initialized DSN_thorough | preset=thorough | GPU=True
2026-01-14 20:20:33,767 - DSN - INFO - Params: η=0.003, T=500, init=degree, LS=True
2026-01-14 20:20:33,767 - DSN - INFO - Using GPU solver (CuPy)
2026-01-14 20:20:33,769 - DSN - INFO - DSN GPU Solver: n=9000, edges=18000
2026-01-14 20:20:33,769 - DSN - INFO - DSN GPU: T=500, η=0.003, LS=True
2026-01-14 20:20:34,018 - DSN - INFO - t=000: B=-16119.31, Cut=4694, Best=4694 [LS]
2026-01-14 20:20:36,240 - DSN - INFO - t=040: B=-16362.97, Cut=-54, Best=4694
2026-01-14 20:20:38,788 - DSN - INFO - t=080: B=-16075.72, Cut=-36, Best=4694
2026-01-14 20:20:41,500 - DSN - INFO - t=120: B=-15948.11, Cut=-46, Best=4694
2026-01-14 20:20:44,226 - DSN - INFO - t=160: B=-15872.47, Cut=-36, Best=4694
2026-01-14 20:20:46,968 - DSN - INFO - t=200: B=-15673.19, Cut=4682, Best=4694 [LS]
2026-01-14 20:20:49,539 - DSN - INFO - t=240: B=-15500.91, Cut=-28, Best=4694
2026-01-14 20:20:52,270 - DSN - INFO - t=280: B=-15343.81, Cut=-76, Best=4694
2026-01-14 20:20:55,018 - DSN - INFO - t=320: B=-15204.71, Cut=-148, Best=4694
2026-01-14 20:20:57,776 - DSN - INFO - t=360: B=-15073.74, Cut=-38, Best=4716
2026-01-14 20:21:00,542 - DSN - INFO - t=400: B=-14943.96, Cut=4694, Best=4716 [LS]
2026-01-14 20:21:03,101 - DSN - INFO - t=440: B=-14839.13, Cut=-168, Best=4716
2026-01-14 20:21:05,869 - DSN - INFO - t=480: B=-14741.63, Cut=-184, Best=4716
2026-01-14 20:21:07,293 - DSN - INFO - DSN GPU done in 33.52s | Cut=4716
2026-01-14 20:21:07,296 - DSN - INFO - Results saved to: results/Gset/DSN_thorough/G66.csv
2026-01-14 20:21:07,296 - DSN - INFO - Cut: 4716 | Bound: -14700.55 | Time: 33.53s
2026-01-14 20:21:07,296 - DSN - INFO - Initialized DSN_thorough | preset=thorough | GPU=True
2026-01-14 20:21:07,296 - DSN - INFO - Params: η=0.003, T=500, init=degree, LS=True
2026-01-14 20:21:07,296 - DSN - INFO - Using GPU solver (CuPy)
2026-01-14 20:21:07,299 - DSN - INFO - DSN GPU Solver: n=9000, edges=18000
2026-01-14 20:21:07,299 - DSN - INFO - DSN GPU: T=500, η=0.003, LS=True
2026-01-14 20:21:07,549 - DSN - INFO - t=000: B=-16119.31, Cut=4690, Best=4690 [LS]
2026-01-14 20:21:09,798 - DSN - INFO - t=040: B=-16362.19, Cut=-46, Best=4690
2026-01-14 20:21:12,301 - DSN - INFO - t=080: B=-15991.16, Cut=-30, Best=4692
2026-01-14 20:21:14,979 - DSN - INFO - t=120: B=-15892.50, Cut=-30, Best=4692
2026-01-14 20:21:17,712 - DSN - INFO - t=160: B=-15812.48, Cut=-60, Best=4692
2026-01-14 20:21:20,402 - DSN - INFO - t=200: B=-15601.10, Cut=4680, Best=4692 [LS]
2026-01-14 20:21:22,945 - DSN - INFO - t=240: B=-15392.27, Cut=-56, Best=4692
2026-01-14 20:21:25,693 - DSN - INFO - t=280: B=-15214.36, Cut=-46, Best=4696
2026-01-14 20:21:28,431 - DSN - INFO - t=320: B=-15116.98, Cut=-50, Best=4696
2026-01-14 20:21:31,189 - DSN - INFO - t=360: B=-14963.98, Cut=-90, Best=4696
2026-01-14 20:21:33,956 - DSN - INFO - t=400: B=-14835.23, Cut=4722, Best=4722 [LS]
2026-01-14 20:21:36,514 - DSN - INFO - t=440: B=-14727.15, Cut=-128, Best=4722
2026-01-14 20:21:39,285 - DSN - INFO - t=480: B=-14634.18, Cut=-218, Best=4722
2026-01-14 20:21:40,706 - DSN - INFO - DSN GPU done in 33.41s | Cut=4722
2026-01-14 20:21:40,711 - DSN - INFO - Results saved to: results/Gset/DSN_thorough/G66.csv
2026-01-14 20:21:40,711 - DSN - INFO - Cut: 4722 | Bound: -14604.80 | Time: 33.41s
2026-01-14 20:21:40,712 - DSN - INFO - Initialized DSN_thorough | preset=thorough | GPU=True
2026-01-14 20:21:40,712 - DSN - INFO - Params: η=0.003, T=500, init=degree, LS=True
2026-01-14 20:21:40,712 - DSN - INFO - Using GPU solver (CuPy)
2026-01-14 20:21:40,715 - DSN - INFO - DSN GPU Solver: n=9000, edges=18000
2026-01-14 20:21:40,715 - DSN - INFO - DSN GPU: T=500, η=0.003, LS=True
2026-01-14 20:21:40,963 - DSN - INFO - t=000: B=-16119.31, Cut=4690, Best=4690 [LS]
2026-01-14 20:21:43,180 - DSN - INFO - t=040: B=-16362.46, Cut=-34, Best=4690
2026-01-14 20:21:45,729 - DSN - INFO - t=080: B=-16075.32, Cut=-40, Best=4690
2026-01-14 20:21:48,432 - DSN - INFO - t=120: B=-15931.52, Cut=-40, Best=4696
2026-01-14 20:21:51,133 - DSN - INFO - t=160: B=-15760.47, Cut=-84, Best=4696
2026-01-14 20:21:53,834 - DSN - INFO - t=200: B=-15520.37, Cut=4694, Best=4696 [LS]
2026-01-14 20:21:56,379 - DSN - INFO - t=240: B=-15344.96, Cut=-126, Best=4696
2026-01-14 20:21:59,137 - DSN - INFO - t=280: B=-15247.91, Cut=-46, Best=4696
2026-01-14 20:22:01,904 - DSN - INFO - t=320: B=-15140.56, Cut=-104, Best=4696
2026-01-14 20:22:04,666 - DSN - INFO - t=360: B=-15036.56, Cut=-68, Best=4702
2026-01-14 20:22:07,420 - DSN - INFO - t=400: B=-14919.24, Cut=4686, Best=4702 [LS]
2026-01-14 20:22:09,981 - DSN - INFO - t=440: B=-14773.40, Cut=-78, Best=4702
2026-01-14 20:22:12,744 - DSN - INFO - t=480: B=-14688.69, Cut=-104, Best=4702
2026-01-14 20:22:14,167 - DSN - INFO - DSN GPU done in 33.45s | Cut=4718
2026-01-14 20:22:14,171 - DSN - INFO - Results saved to: results/Gset/DSN_thorough/G66.csv
2026-01-14 20:22:14,171 - DSN - INFO - Cut: 4718 | Bound: -14639.66 | Time: 33.46s
2026-01-14 20:22:14,202 - DSN - INFO - Initialized DSN_thorough | preset=thorough | GPU=True
2026-01-14 20:22:14,202 - DSN - INFO - Params: η=0.003, T=500, init=degree, LS=True
2026-01-14 20:22:14,202 - DSN - INFO - Using GPU solver (CuPy)
2026-01-14 20:22:14,205 - DSN - INFO - DSN GPU Solver: n=10000, edges=20000
2026-01-14 20:22:14,205 - DSN - INFO - DSN GPU: T=500, η=0.003, LS=True
2026-01-14 20:22:14,533 - DSN - INFO - t=000: B=-17829.42, Cut=5314, Best=5314 [LS]
2026-01-14 20:22:16,849 - DSN - INFO - t=040: B=-18296.56, Cut=-30, Best=5314
2026-01-14 20:22:19,436 - DSN - INFO - t=080: B=-17771.05, Cut=-50, Best=5318
2026-01-14 20:22:22,118 - DSN - INFO - t=120: B=-17578.21, Cut=-82, Best=5318
2026-01-14 20:22:24,926 - DSN - INFO - t=160: B=-17510.67, Cut=-48, Best=5324
2026-01-14 20:22:27,703 - DSN - INFO - t=200: B=-17347.65, Cut=5310, Best=5324 [LS]
2026-01-14 20:22:30,247 - DSN - INFO - t=240: B=-17197.64, Cut=-34, Best=5324
2026-01-14 20:22:33,069 - DSN - INFO - t=280: B=-17018.76, Cut=-56, Best=5328
2026-01-14 20:22:35,887 - DSN - INFO - t=320: B=-16844.66, Cut=-144, Best=5328
2026-01-14 20:22:38,705 - DSN - INFO - t=360: B=-16709.35, Cut=-82, Best=5334
2026-01-14 20:22:41,519 - DSN - INFO - t=400: B=-16582.74, Cut=5322, Best=5334 [LS]
2026-01-14 20:22:44,085 - DSN - INFO - t=440: B=-16455.13, Cut=-136, Best=5334
2026-01-14 20:22:46,905 - DSN - INFO - t=480: B=-16336.78, Cut=-84, Best=5334
2026-01-14 20:22:48,384 - DSN - INFO - DSN GPU done in 34.18s | Cut=5362
2026-01-14 20:22:48,386 - DSN - INFO - Results saved to: results/Gset/DSN_thorough/G67.csv
2026-01-14 20:22:48,386 - DSN - INFO - Cut: 5362 | Bound: -16280.76 | Time: 34.18s
2026-01-14 20:22:48,386 - DSN - INFO - Initialized DSN_thorough | preset=thorough | GPU=True
2026-01-14 20:22:48,386 - DSN - INFO - Params: η=0.003, T=500, init=degree, LS=True
2026-01-14 20:22:48,386 - DSN - INFO - Using GPU solver (CuPy)
2026-01-14 20:22:48,389 - DSN - INFO - DSN GPU Solver: n=10000, edges=20000
2026-01-14 20:22:48,389 - DSN - INFO - DSN GPU: T=500, η=0.003, LS=True
2026-01-14 20:22:48,709 - DSN - INFO - t=000: B=-17829.42, Cut=5326, Best=5326 [LS]
2026-01-14 20:22:51,035 - DSN - INFO - t=040: B=-18231.07, Cut=-24, Best=5326
2026-01-14 20:22:53,658 - DSN - INFO - t=080: B=-17776.92, Cut=-50, Best=5326
2026-01-14 20:22:56,330 - DSN - INFO - t=120: B=-17598.12, Cut=-94, Best=5328
2026-01-14 20:22:59,131 - DSN - INFO - t=160: B=-17545.51, Cut=-34, Best=5328
2026-01-14 20:23:01,919 - DSN - INFO - t=200: B=-17315.28, Cut=5328, Best=5328 [LS]
2026-01-14 20:23:04,458 - DSN - INFO - t=240: B=-17163.46, Cut=-62, Best=5328
2026-01-14 20:23:07,274 - DSN - INFO - t=280: B=-16976.73, Cut=-60, Best=5336
2026-01-14 20:23:10,092 - DSN - INFO - t=320: B=-16839.28, Cut=-112, Best=5336
2026-01-14 20:23:12,905 - DSN - INFO - t=360: B=-16681.23, Cut=-206, Best=5336
2026-01-14 20:23:15,719 - DSN - INFO - t=400: B=-16545.02, Cut=5346, Best=5346 [LS]
2026-01-14 20:23:18,286 - DSN - INFO - t=440: B=-16436.52, Cut=-86, Best=5346
2026-01-14 20:23:21,101 - DSN - INFO - t=480: B=-16329.99, Cut=-124, Best=5346
2026-01-14 20:23:22,582 - DSN - INFO - DSN GPU done in 34.19s | Cut=5364
2026-01-14 20:23:22,586 - DSN - INFO - Results saved to: results/Gset/DSN_thorough/G67.csv
2026-01-14 20:23:22,586 - DSN - INFO - Cut: 5364 | Bound: -16282.65 | Time: 34.20s
2026-01-14 20:23:22,586 - DSN - INFO - Initialized DSN_thorough | preset=thorough | GPU=True
2026-01-14 20:23:22,586 - DSN - INFO - Params: η=0.003, T=500, init=degree, LS=True
2026-01-14 20:23:22,586 - DSN - INFO - Using GPU solver (CuPy)
2026-01-14 20:23:22,589 - DSN - INFO - DSN GPU Solver: n=10000, edges=20000
2026-01-14 20:23:22,589 - DSN - INFO - DSN GPU: T=500, η=0.003, LS=True
2026-01-14 20:23:22,908 - DSN - INFO - t=000: B=-17829.43, Cut=5308, Best=5308 [LS]
2026-01-14 20:23:25,223 - DSN - INFO - t=040: B=-18314.30, Cut=-74, Best=5308
2026-01-14 20:23:27,862 - DSN - INFO - t=080: B=-17923.25, Cut=-36, Best=5320
2026-01-14 20:23:30,519 - DSN - INFO - t=120: B=-17649.54, Cut=-52, Best=5326
2026-01-14 20:23:33,317 - DSN - INFO - t=160: B=-17604.26, Cut=-76, Best=5336
2026-01-14 20:23:36,120 - DSN - INFO - t=200: B=-17478.79, Cut=5320, Best=5336 [LS]
2026-01-14 20:23:38,663 - DSN - INFO - t=240: B=-17268.41, Cut=-52, Best=5336
2026-01-14 20:23:41,445 - DSN - INFO - t=280: B=-17153.04, Cut=-82, Best=5336
2026-01-14 20:23:44,230 - DSN - INFO - t=320: B=-16984.83, Cut=-78, Best=5336
2026-01-14 20:23:47,011 - DSN - INFO - t=360: B=-16859.72, Cut=-64, Best=5336
2026-01-14 20:23:49,822 - DSN - INFO - t=400: B=-16727.41, Cut=5330, Best=5336 [LS]
2026-01-14 20:23:52,390 - DSN - INFO - t=440: B=-16573.28, Cut=-116, Best=5336
2026-01-14 20:23:55,207 - DSN - INFO - t=480: B=-16422.54, Cut=-142, Best=5336
2026-01-14 20:23:56,693 - DSN - INFO - DSN GPU done in 34.10s | Cut=5372
2026-01-14 20:23:56,696 - DSN - INFO - Results saved to: results/Gset/DSN_thorough/G67.csv
2026-01-14 20:23:56,697 - DSN - INFO - Cut: 5372 | Bound: -16358.39 | Time: 34.11s
2026-01-14 20:23:56,697 - DSN - INFO - Initialized DSN_thorough | preset=thorough | GPU=True
2026-01-14 20:23:56,697 - DSN - INFO - Params: η=0.003, T=500, init=degree, LS=True
2026-01-14 20:23:56,697 - DSN - INFO - Using GPU solver (CuPy)
2026-01-14 20:23:56,699 - DSN - INFO - DSN GPU Solver: n=10000, edges=20000
2026-01-14 20:23:56,699 - DSN - INFO - DSN GPU: T=500, η=0.003, LS=True
2026-01-14 20:23:57,019 - DSN - INFO - t=000: B=-17829.42, Cut=5314, Best=5314 [LS]
2026-01-14 20:23:59,299 - DSN - INFO - t=040: B=-18256.27, Cut=-26, Best=5314
2026-01-14 20:24:01,946 - DSN - INFO - t=080: B=-17743.39, Cut=-30, Best=5318
2026-01-14 20:24:04,666 - DSN - INFO - t=120: B=-17556.02, Cut=-44, Best=5326
2026-01-14 20:24:07,472 - DSN - INFO - t=160: B=-17384.96, Cut=-16, Best=5326
2026-01-14 20:24:10,282 - DSN - INFO - t=200: B=-17195.45, Cut=5330, Best=5330 [LS]
2026-01-14 20:24:12,845 - DSN - INFO - t=240: B=-17060.27, Cut=-68, Best=5330
2026-01-14 20:24:15,644 - DSN - INFO - t=280: B=-16925.38, Cut=-34, Best=5340
2026-01-14 20:24:18,461 - DSN - INFO - t=320: B=-16785.01, Cut=-60, Best=5340
2026-01-14 20:24:21,307 - DSN - INFO - t=360: B=-16648.92, Cut=-88, Best=5340
2026-01-14 20:24:24,142 - DSN - INFO - t=400: B=-16534.26, Cut=5326, Best=5340 [LS]
2026-01-14 20:24:26,722 - DSN - INFO - t=440: B=-16427.21, Cut=-58, Best=5340
2026-01-14 20:24:29,548 - DSN - INFO - t=480: B=-16322.00, Cut=-220, Best=5340
2026-01-14 20:24:31,028 - DSN - INFO - DSN GPU done in 34.33s | Cut=5340
2026-01-14 20:24:31,032 - DSN - INFO - Results saved to: results/Gset/DSN_thorough/G67.csv
2026-01-14 20:24:31,032 - DSN - INFO - Cut: 5340 | Bound: -16284.31 | Time: 34.33s
2026-01-14 20:24:31,032 - DSN - INFO - Initialized DSN_thorough | preset=thorough | GPU=True
2026-01-14 20:24:31,032 - DSN - INFO - Params: η=0.003, T=500, init=degree, LS=True
2026-01-14 20:24:31,032 - DSN - INFO - Using GPU solver (CuPy)
2026-01-14 20:24:31,035 - DSN - INFO - DSN GPU Solver: n=10000, edges=20000
2026-01-14 20:24:31,035 - DSN - INFO - DSN GPU: T=500, η=0.003, LS=True
2026-01-14 20:24:31,351 - DSN - INFO - t=000: B=-17829.43, Cut=5314, Best=5314 [LS]
2026-01-14 20:24:33,607 - DSN - INFO - t=040: B=-18302.42, Cut=-38, Best=5314
2026-01-14 20:24:36,217 - DSN - INFO - t=080: B=-17887.44, Cut=-46, Best=5320
2026-01-14 20:24:38,998 - DSN - INFO - t=120: B=-17578.46, Cut=-48, Best=5324
2026-01-14 20:24:41,776 - DSN - INFO - t=160: B=-17436.25, Cut=-40, Best=5324
2026-01-14 20:24:44,539 - DSN - INFO - t=200: B=-17252.12, Cut=5322, Best=5324 [LS]
2026-01-14 20:24:47,097 - DSN - INFO - t=240: B=-17097.71, Cut=-58, Best=5324
2026-01-14 20:24:49,918 - DSN - INFO - t=280: B=-16974.81, Cut=-64, Best=5328
2026-01-14 20:24:52,747 - DSN - INFO - t=320: B=-16791.37, Cut=-116, Best=5336
2026-01-14 20:24:55,578 - DSN - INFO - t=360: B=-16675.02, Cut=-86, Best=5336
2026-01-14 20:24:58,401 - DSN - INFO - t=400: B=-16531.12, Cut=5308, Best=5336 [LS]
2026-01-14 20:25:00,984 - DSN - INFO - t=440: B=-16402.95, Cut=-148, Best=5336
2026-01-14 20:25:03,806 - DSN - INFO - t=480: B=-16296.85, Cut=-308, Best=5336
