Running solver: onlyLS
Dataset: barabasi_albert_10ins_m20
[GENERAL] Dataset: barabasi_albert_10ins_m20, -----------------------------------------------------------
Running: onlyLS
Solver: onlyLS
Dataset: barabasi_albert_10ins_m20
==================================================
Processing instance: ba_1024_1_0.txt
  Seed 1/10 (seed=42)
Initialized onlyLS solver (GPU local search only). Results will be saved under 'onlyLS'.
Parameters:
  instance_name: ba_1024_1_0.txt
  dataset: barabasi_albert_10ins_m20
  random_seed: 42
  n_random_solutions: 128
  max_local_iterations: 1000
  precision: 32 bits (<class 'numpy.float32'>)
  run_name: onlyLS
--------------------------------------------------
Generating 128 random solutions...
Applying local search to 128 solutions...
Results saved to: results/barabasi_albert_10ins_m20/onlyLS/ba_1024_1_0.csv
Best energy: -256317.000000
Total time: 0.3175s
Local search iterations: 71
----------------------------------------
  Seed 2/10 (seed=43)
Initialized onlyLS solver (GPU local search only). Results will be saved under 'onlyLS'.
Parameters:
  instance_name: ba_1024_1_0.txt
  dataset: barabasi_albert_10ins_m20
  random_seed: 43
  n_random_solutions: 128
  max_local_iterations: 1000
  precision: 32 bits (<class 'numpy.float32'>)
  run_name: onlyLS
--------------------------------------------------
Generating 128 random solutions...
Applying local search to 128 solutions...
Results saved to: results/barabasi_albert_10ins_m20/onlyLS/ba_1024_1_0.csv
Best energy: -260677.000000
Total time: 0.1137s
Local search iterations: 76
----------------------------------------
  Seed 3/10 (seed=44)
Initialized onlyLS solver (GPU local search only). Results will be saved under 'onlyLS'.
Parameters:
  instance_name: ba_1024_1_0.txt
  dataset: barabasi_albert_10ins_m20
  random_seed: 44
  n_random_solutions: 128
  max_local_iterations: 1000
  precision: 32 bits (<class 'numpy.float32'>)
  run_name: onlyLS
--------------------------------------------------
Generating 128 random solutions...
Applying local search to 128 solutions...
Results saved to: results/barabasi_albert_10ins_m20/onlyLS/ba_1024_1_0.csv
Best energy: -258061.000000
Total time: 0.1106s
Local search iterations: 68
----------------------------------------
  Seed 4/10 (seed=45)
Initialized onlyLS solver (GPU local search only). Results will be saved under 'onlyLS'.
Parameters:
  instance_name: ba_1024_1_0.txt
  dataset: barabasi_albert_10ins_m20
  random_seed: 45
  n_random_solutions: 128
  max_local_iterations: 1000
  precision: 32 bits (<class 'numpy.float32'>)
  run_name: onlyLS
--------------------------------------------------
Generating 128 random solutions...
Applying local search to 128 solutions...
Results saved to: results/barabasi_albert_10ins_m20/onlyLS/ba_1024_1_0.csv
Best energy: -259135.000000
Total time: 0.1087s
Local search iterations: 61
----------------------------------------
  Seed 5/10 (seed=46)
Initialized onlyLS solver (GPU local search only). Results will be saved under 'onlyLS'.
Parameters:
  instance_name: ba_1024_1_0.txt
  dataset: barabasi_albert_10ins_m20
  random_seed: 46
  n_random_solutions: 128
  max_local_iterations: 1000
  precision: 32 bits (<class 'numpy.float32'>)
  run_name: onlyLS
--------------------------------------------------
Generating 128 random solutions...
Applying local search to 128 solutions...
Results saved to: results/barabasi_albert_10ins_m20/onlyLS/ba_1024_1_0.csv
Best energy: -261985.000000
Total time: 0.1178s
Local search iterations: 74
----------------------------------------
  Seed 6/10 (seed=47)
Initialized onlyLS solver (GPU local search only). Results will be saved under 'onlyLS'.
Parameters:
  instance_name: ba_1024_1_0.txt
  dataset: barabasi_albert_10ins_m20
  random_seed: 47
  n_random_solutions: 128
  max_local_iterations: 1000
  precision: 32 bits (<class 'numpy.float32'>)
  run_name: onlyLS
--------------------------------------------------
Generating 128 random solutions...
Applying local search to 128 solutions...
Results saved to: results/barabasi_albert_10ins_m20/onlyLS/ba_1024_1_0.csv
Best energy: -258753.000000
Total time: 0.1115s
Local search iterations: 71
----------------------------------------
  Seed 7/10 (seed=48)
Initialized onlyLS solver (GPU local search only). Results will be saved under 'onlyLS'.
Parameters:
  instance_name: ba_1024_1_0.txt
  dataset: barabasi_albert_10ins_m20
  random_seed: 48
  n_random_solutions: 128
  max_local_iterations: 1000
  precision: 32 bits (<class 'numpy.float32'>)
  run_name: onlyLS
--------------------------------------------------
Generating 128 random solutions...
Applying local search to 128 solutions...
Results saved to: results/barabasi_albert_10ins_m20/onlyLS/ba_1024_1_0.csv
Best energy: -257999.000000
Total time: 0.1139s
Local search iterations: 79
----------------------------------------
  Seed 8/10 (seed=49)
Initialized onlyLS solver (GPU local search only). Results will be saved under 'onlyLS'.
Parameters:
  instance_name: ba_1024_1_0.txt
  dataset: barabasi_albert_10ins_m20
  random_seed: 49
  n_random_solutions: 128
  max_local_iterations: 1000
  precision: 32 bits (<class 'numpy.float32'>)
  run_name: onlyLS
--------------------------------------------------
Generating 128 random solutions...
Applying local search to 128 solutions...
Results saved to: results/barabasi_albert_10ins_m20/onlyLS/ba_1024_1_0.csv
Best energy: -262837.000000
Total time: 0.1147s
Local search iterations: 81
----------------------------------------
  Seed 9/10 (seed=50)
Initialized onlyLS solver (GPU local search only). Results will be saved under 'onlyLS'.
Parameters:
  instance_name: ba_1024_1_0.txt
  dataset: barabasi_albert_10ins_m20
  random_seed: 50
  n_random_solutions: 128
  max_local_iterations: 1000
  precision: 32 bits (<class 'numpy.float32'>)
  run_name: onlyLS
--------------------------------------------------
Generating 128 random solutions...
Applying local search to 128 solutions...
Results saved to: results/barabasi_albert_10ins_m20/onlyLS/ba_1024_1_0.csv
Best energy: -258497.000000
Total time: 0.1091s
Local search iterations: 64
----------------------------------------
  Seed 10/10 (seed=51)
Initialized onlyLS solver (GPU local search only). Results will be saved under 'onlyLS'.
Parameters:
  instance_name: ba_1024_1_0.txt
  dataset: barabasi_albert_10ins_m20
  random_seed: 51
  n_random_solutions: 128
  max_local_iterations: 1000
  precision: 32 bits (<class 'numpy.float32'>)
  run_name: onlyLS
--------------------------------------------------
Generating 128 random solutions...
Applying local search to 128 solutions...
Results saved to: results/barabasi_albert_10ins_m20/onlyLS/ba_1024_1_0.csv
Best energy: -260655.000000
Total time: 0.1200s
Local search iterations: 87
----------------------------------------
Processing instance: ba_1024_1_1.txt
  Seed 1/10 (seed=42)
Initialized onlyLS solver (GPU local search only). Results will be saved under 'onlyLS'.
Parameters:
  instance_name: ba_1024_1_1.txt
  dataset: barabasi_albert_10ins_m20
  random_seed: 42
  n_random_solutions: 128
  max_local_iterations: 1000
  precision: 32 bits (<class 'numpy.float32'>)
  run_name: onlyLS
--------------------------------------------------
Generating 128 random solutions...
Applying local search to 128 solutions...
Results saved to: results/barabasi_albert_10ins_m20/onlyLS/ba_1024_1_1.csv
Best energy: -260036.000000
Total time: 0.1146s
Local search iterations: 81
----------------------------------------
  Seed 2/10 (seed=43)
Initialized onlyLS solver (GPU local search only). Results will be saved under 'onlyLS'.
Parameters:
  instance_name: ba_1024_1_1.txt
  dataset: barabasi_albert_10ins_m20
  random_seed: 43
  n_random_solutions: 128
  max_local_iterations: 1000
  precision: 32 bits (<class 'numpy.float32'>)
  run_name: onlyLS
--------------------------------------------------
Generating 128 random solutions...
Applying local search to 128 solutions...
Results saved to: results/barabasi_albert_10ins_m20/onlyLS/ba_1024_1_1.csv
Best energy: -260904.000000
Total time: 0.1144s
Local search iterations: 82
----------------------------------------
  Seed 3/10 (seed=44)
Initialized onlyLS solver (GPU local search only). Results will be saved under 'onlyLS'.
Parameters:
  instance_name: ba_1024_1_1.txt
  dataset: barabasi_albert_10ins_m20
  random_seed: 44
  n_random_solutions: 128
  max_local_iterations: 1000
  precision: 32 bits (<class 'numpy.float32'>)
  run_name: onlyLS
--------------------------------------------------
Generating 128 random solutions...
Applying local search to 128 solutions...
Results saved to: results/barabasi_albert_10ins_m20/onlyLS/ba_1024_1_1.csv
Best energy: -259324.000000
Total time: 0.1135s
Local search iterations: 79
----------------------------------------
  Seed 4/10 (seed=45)
Initialized onlyLS solver (GPU local search only). Results will be saved under 'onlyLS'.
Parameters:
  instance_name: ba_1024_1_1.txt
  dataset: barabasi_albert_10ins_m20
  random_seed: 45
  n_random_solutions: 128
  max_local_iterations: 1000
  precision: 32 bits (<class 'numpy.float32'>)
  run_name: onlyLS
--------------------------------------------------
Generating 128 random solutions...
Applying local search to 128 solutions...
Results saved to: results/barabasi_albert_10ins_m20/onlyLS/ba_1024_1_1.csv
Best energy: -258812.000000
Total time: 0.1106s
Local search iterations: 69
----------------------------------------
  Seed 5/10 (seed=46)
Initialized onlyLS solver (GPU local search only). Results will be saved under 'onlyLS'.
Parameters:
  instance_name: ba_1024_1_1.txt
  dataset: barabasi_albert_10ins_m20
  random_seed: 46
  n_random_solutions: 128
  max_local_iterations: 1000
  precision: 32 bits (<class 'numpy.float32'>)
  run_name: onlyLS
--------------------------------------------------
Generating 128 random solutions...
Applying local search to 128 solutions...
Results saved to: results/barabasi_albert_10ins_m20/onlyLS/ba_1024_1_1.csv
Best energy: -261548.000000
Total time: 0.1096s
Local search iterations: 66
----------------------------------------
  Seed 6/10 (seed=47)
Initialized onlyLS solver (GPU local search only). Results will be saved under 'onlyLS'.
Parameters:
  instance_name: ba_1024_1_1.txt
  dataset: barabasi_albert_10ins_m20
  random_seed: 47
  n_random_solutions: 128
  max_local_iterations: 1000
  precision: 32 bits (<class 'numpy.float32'>)
  run_name: onlyLS
--------------------------------------------------
Generating 128 random solutions...
Applying local search to 128 solutions...
Results saved to: results/barabasi_albert_10ins_m20/onlyLS/ba_1024_1_1.csv
Best energy: -259700.000000
Total time: 0.1125s
Local search iterations: 73
----------------------------------------
  Seed 7/10 (seed=48)
Initialized onlyLS solver (GPU local search only). Results will be saved under 'onlyLS'.
Parameters:
  instance_name: ba_1024_1_1.txt
  dataset: barabasi_albert_10ins_m20
  random_seed: 48
  n_random_solutions: 128
  max_local_iterations: 1000
  precision: 32 bits (<class 'numpy.float32'>)
  run_name: onlyLS
--------------------------------------------------
Generating 128 random solutions...
Applying local search to 128 solutions...
Results saved to: results/barabasi_albert_10ins_m20/onlyLS/ba_1024_1_1.csv
Best energy: -258002.000000
Total time: 0.1109s
Local search iterations: 71
----------------------------------------
  Seed 8/10 (seed=49)
Initialized onlyLS solver (GPU local search only). Results will be saved under 'onlyLS'.
Parameters:
  instance_name: ba_1024_1_1.txt
  dataset: barabasi_albert_10ins_m20
  random_seed: 49
  n_random_solutions: 128
  max_local_iterations: 1000
  precision: 32 bits (<class 'numpy.float32'>)
  run_name: onlyLS
--------------------------------------------------
Generating 128 random solutions...
Applying local search to 128 solutions...
Results saved to: results/barabasi_albert_10ins_m20/onlyLS/ba_1024_1_1.csv
Best energy: -261840.000000
Total time: 0.1138s
Local search iterations: 81
----------------------------------------
  Seed 9/10 (seed=50)
Initialized onlyLS solver (GPU local search only). Results will be saved under 'onlyLS'.
Parameters:
  instance_name: ba_1024_1_1.txt
  dataset: barabasi_albert_10ins_m20
  random_seed: 50
  n_random_solutions: 128
  max_local_iterations: 1000
  precision: 32 bits (<class 'numpy.float32'>)
  run_name: onlyLS
--------------------------------------------------
Generating 128 random solutions...
Applying local search to 128 solutions...
Results saved to: results/barabasi_albert_10ins_m20/onlyLS/ba_1024_1_1.csv
Best energy: -261694.000000
Total time: 0.1146s
Local search iterations: 83
----------------------------------------
  Seed 10/10 (seed=51)
Initialized onlyLS solver (GPU local search only). Results will be saved under 'onlyLS'.
Parameters:
  instance_name: ba_1024_1_1.txt
  dataset: barabasi_albert_10ins_m20
  random_seed: 51
  n_random_solutions: 128
  max_local_iterations: 1000
  precision: 32 bits (<class 'numpy.float32'>)
  run_name: onlyLS
--------------------------------------------------
Generating 128 random solutions...
Applying local search to 128 solutions...
Results saved to: results/barabasi_albert_10ins_m20/onlyLS/ba_1024_1_1.csv
Best energy: -257512.000000
Total time: 0.1131s
Local search iterations: 78
----------------------------------------
Processing instance: ba_1024_1_2.txt
  Seed 1/10 (seed=42)
Initialized onlyLS solver (GPU local search only). Results will be saved under 'onlyLS'.
Parameters:
  instance_name: ba_1024_1_2.txt
  dataset: barabasi_albert_10ins_m20
  random_seed: 42
  n_random_solutions: 128
  max_local_iterations: 1000
  precision: 32 bits (<class 'numpy.float32'>)
  run_name: onlyLS
--------------------------------------------------
Generating 128 random solutions...
Applying local search to 128 solutions...
Results saved to: results/barabasi_albert_10ins_m20/onlyLS/ba_1024_1_2.csv
Best energy: -259299.000000
Total time: 0.1107s
Local search iterations: 70
----------------------------------------
  Seed 2/10 (seed=43)
Initialized onlyLS solver (GPU local search only). Results will be saved under 'onlyLS'.
Parameters:
  instance_name: ba_1024_1_2.txt
  dataset: barabasi_albert_10ins_m20
  random_seed: 43
  n_random_solutions: 128
  max_local_iterations: 1000
  precision: 32 bits (<class 'numpy.float32'>)
  run_name: onlyLS
--------------------------------------------------
Generating 128 random solutions...
Applying local search to 128 solutions...
Results saved to: results/barabasi_albert_10ins_m20/onlyLS/ba_1024_1_2.csv
Best energy: -256861.000000
Total time: 0.1119s
Local search iterations: 74
----------------------------------------
  Seed 3/10 (seed=44)
Initialized onlyLS solver (GPU local search only). Results will be saved under 'onlyLS'.
Parameters:
  instance_name: ba_1024_1_2.txt
  dataset: barabasi_albert_10ins_m20
  random_seed: 44
  n_random_solutions: 128
  max_local_iterations: 1000
  precision: 32 bits (<class 'numpy.float32'>)
  run_name: onlyLS
--------------------------------------------------
Generating 128 random solutions...
Applying local search to 128 solutions...
Results saved to: results/barabasi_albert_10ins_m20/onlyLS/ba_1024_1_2.csv
Best energy: -257605.000000
Total time: 0.1181s
Local search iterations: 88
----------------------------------------
  Seed 4/10 (seed=45)
Initialized onlyLS solver (GPU local search only). Results will be saved under 'onlyLS'.
Parameters:
  instance_name: ba_1024_1_2.txt
  dataset: barabasi_albert_10ins_m20
  random_seed: 45
  n_random_solutions: 128
  max_local_iterations: 1000
  precision: 32 bits (<class 'numpy.float32'>)
  run_name: onlyLS
--------------------------------------------------
Generating 128 random solutions...
Applying local search to 128 solutions...
Results saved to: results/barabasi_albert_10ins_m20/onlyLS/ba_1024_1_2.csv
Best energy: -259129.000000
Total time: 0.1145s
Local search iterations: 77
----------------------------------------
  Seed 5/10 (seed=46)
Initialized onlyLS solver (GPU local search only). Results will be saved under 'onlyLS'.
Parameters:
  instance_name: ba_1024_1_2.txt
  dataset: barabasi_albert_10ins_m20
  random_seed: 46
  n_random_solutions: 128
  max_local_iterations: 1000
  precision: 32 bits (<class 'numpy.float32'>)
  run_name: onlyLS
--------------------------------------------------
Generating 128 random solutions...
Applying local search to 128 solutions...
Results saved to: results/barabasi_albert_10ins_m20/onlyLS/ba_1024_1_2.csv
Best energy: -259183.000000
Total time: 0.1092s
Local search iterations: 64
----------------------------------------
  Seed 6/10 (seed=47)
Initialized onlyLS solver (GPU local search only). Results will be saved under 'onlyLS'.
Parameters:
  instance_name: ba_1024_1_2.txt
  dataset: barabasi_albert_10ins_m20
  random_seed: 47
  n_random_solutions: 128
  max_local_iterations: 1000
  precision: 32 bits (<class 'numpy.float32'>)
  run_name: onlyLS
--------------------------------------------------
Generating 128 random solutions...
Applying local search to 128 solutions...
Results saved to: results/barabasi_albert_10ins_m20/onlyLS/ba_1024_1_2.csv
Best energy: -258199.000000
Total time: 0.1166s
Local search iterations: 88
----------------------------------------
  Seed 7/10 (seed=48)
Initialized onlyLS solver (GPU local search only). Results will be saved under 'onlyLS'.
Parameters:
  instance_name: ba_1024_1_2.txt
  dataset: barabasi_albert_10ins_m20
  random_seed: 48
  n_random_solutions: 128
  max_local_iterations: 1000
  precision: 32 bits (<class 'numpy.float32'>)
  run_name: onlyLS
--------------------------------------------------
Generating 128 random solutions...
Applying local search to 128 solutions...
Results saved to: results/barabasi_albert_10ins_m20/onlyLS/ba_1024_1_2.csv
Best energy: -260145.000000
Total time: 0.1114s
Local search iterations: 70
----------------------------------------
  Seed 8/10 (seed=49)
Initialized onlyLS solver (GPU local search only). Results will be saved under 'onlyLS'.
Parameters:
  instance_name: ba_1024_1_2.txt
  dataset: barabasi_albert_10ins_m20
  random_seed: 49
  n_random_solutions: 128
  max_local_iterations: 1000
  precision: 32 bits (<class 'numpy.float32'>)
  run_name: onlyLS
--------------------------------------------------
Generating 128 random solutions...
Applying local search to 128 solutions...
Results saved to: results/barabasi_albert_10ins_m20/onlyLS/ba_1024_1_2.csv
Best energy: -258795.000000
Total time: 0.1098s
Local search iterations: 65
----------------------------------------
  Seed 9/10 (seed=50)
Initialized onlyLS solver (GPU local search only). Results will be saved under 'onlyLS'.
Parameters:
  instance_name: ba_1024_1_2.txt
  dataset: barabasi_albert_10ins_m20
  random_seed: 50
  n_random_solutions: 128
  max_local_iterations: 1000
  precision: 32 bits (<class 'numpy.float32'>)
  run_name: onlyLS
--------------------------------------------------
Generating 128 random solutions...
Applying local search to 128 solutions...
Results saved to: results/barabasi_albert_10ins_m20/onlyLS/ba_1024_1_2.csv
Best energy: -258701.000000
Total time: 0.1122s
Local search iterations: 74
----------------------------------------
  Seed 10/10 (seed=51)
Initialized onlyLS solver (GPU local search only). Results will be saved under 'onlyLS'.
Parameters:
  instance_name: ba_1024_1_2.txt
  dataset: barabasi_albert_10ins_m20
  random_seed: 51
  n_random_solutions: 128
  max_local_iterations: 1000
  precision: 32 bits (<class 'numpy.float32'>)
  run_name: onlyLS
--------------------------------------------------
Generating 128 random solutions...
Applying local search to 128 solutions...
Results saved to: results/barabasi_albert_10ins_m20/onlyLS/ba_1024_1_2.csv
Best energy: -259467.000000
Total time: 0.1082s
Local search iterations: 62
----------------------------------------
Processing instance: ba_1024_1_3.txt
  Seed 1/10 (seed=42)
Initialized onlyLS solver (GPU local search only). Results will be saved under 'onlyLS'.
Parameters:
  instance_name: ba_1024_1_3.txt
  dataset: barabasi_albert_10ins_m20
  random_seed: 42
  n_random_solutions: 128
  max_local_iterations: 1000
  precision: 32 bits (<class 'numpy.float32'>)
  run_name: onlyLS
--------------------------------------------------
Generating 128 random solutions...
Applying local search to 128 solutions...
Results saved to: results/barabasi_albert_10ins_m20/onlyLS/ba_1024_1_3.csv
Best energy: -261137.000000
Total time: 0.1121s
Local search iterations: 73
----------------------------------------
  Seed 2/10 (seed=43)
Initialized onlyLS solver (GPU local search only). Results will be saved under 'onlyLS'.
Parameters:
  instance_name: ba_1024_1_3.txt
  dataset: barabasi_albert_10ins_m20
  random_seed: 43
  n_random_solutions: 128
  max_local_iterations: 1000
  precision: 32 bits (<class 'numpy.float32'>)
  run_name: onlyLS
--------------------------------------------------
Generating 128 random solutions...
Applying local search to 128 solutions...
Results saved to: results/barabasi_albert_10ins_m20/onlyLS/ba_1024_1_3.csv
Best energy: -260301.000000
Total time: 0.1090s
Local search iterations: 65
----------------------------------------
  Seed 3/10 (seed=44)
Initialized onlyLS solver (GPU local search only). Results will be saved under 'onlyLS'.
Parameters:
  instance_name: ba_1024_1_3.txt
  dataset: barabasi_albert_10ins_m20
  random_seed: 44
  n_random_solutions: 128
  max_local_iterations: 1000
  precision: 32 bits (<class 'numpy.float32'>)
  run_name: onlyLS
--------------------------------------------------
Generating 128 random solutions...
Applying local search to 128 solutions...
Results saved to: results/barabasi_albert_10ins_m20/onlyLS/ba_1024_1_3.csv
Best energy: -264269.000000
Total time: 0.1109s
Local search iterations: 71
----------------------------------------
  Seed 4/10 (seed=45)
Initialized onlyLS solver (GPU local search only). Results will be saved under 'onlyLS'.
Parameters:
  instance_name: ba_1024_1_3.txt
  dataset: barabasi_albert_10ins_m20
  random_seed: 45
  n_random_solutions: 128
  max_local_iterations: 1000
  precision: 32 bits (<class 'numpy.float32'>)
  run_name: onlyLS
--------------------------------------------------
Generating 128 random solutions...
Applying local search to 128 solutions...
Results saved to: results/barabasi_albert_10ins_m20/onlyLS/ba_1024_1_3.csv
Best energy: -266045.000000
Total time: 0.1121s
Local search iterations: 75
----------------------------------------
  Seed 5/10 (seed=46)
Initialized onlyLS solver (GPU local search only). Results will be saved under 'onlyLS'.
Parameters:
  instance_name: ba_1024_1_3.txt
  dataset: barabasi_albert_10ins_m20
  random_seed: 46
  n_random_solutions: 128
  max_local_iterations: 1000
  precision: 32 bits (<class 'numpy.float32'>)
  run_name: onlyLS
--------------------------------------------------
Generating 128 random solutions...
Applying local search to 128 solutions...
Results saved to: results/barabasi_albert_10ins_m20/onlyLS/ba_1024_1_3.csv
Best energy: -260397.000000
Total time: 0.1115s
Local search iterations: 73
----------------------------------------
  Seed 6/10 (seed=47)
Initialized onlyLS solver (GPU local search only). Results will be saved under 'onlyLS'.
Parameters:
  instance_name: ba_1024_1_3.txt
  dataset: barabasi_albert_10ins_m20
  random_seed: 47
  n_random_solutions: 128
  max_local_iterations: 1000
  precision: 32 bits (<class 'numpy.float32'>)
  run_name: onlyLS
--------------------------------------------------
Generating 128 random solutions...
Applying local search to 128 solutions...
Results saved to: results/barabasi_albert_10ins_m20/onlyLS/ba_1024_1_3.csv
Best energy: -262321.000000
Total time: 0.1097s
Local search iterations: 66
----------------------------------------
  Seed 7/10 (seed=48)
Initialized onlyLS solver (GPU local search only). Results will be saved under 'onlyLS'.
Parameters:
  instance_name: ba_1024_1_3.txt
  dataset: barabasi_albert_10ins_m20
  random_seed: 48
  n_random_solutions: 128
  max_local_iterations: 1000
  precision: 32 bits (<class 'numpy.float32'>)
  run_name: onlyLS
--------------------------------------------------
Generating 128 random solutions...
Applying local search to 128 solutions...
Results saved to: results/barabasi_albert_10ins_m20/onlyLS/ba_1024_1_3.csv
Best energy: -260137.000000
Total time: 0.1120s
Local search iterations: 74
----------------------------------------
  Seed 8/10 (seed=49)
Initialized onlyLS solver (GPU local search only). Results will be saved under 'onlyLS'.
Parameters:
  instance_name: ba_1024_1_3.txt
  dataset: barabasi_albert_10ins_m20
  random_seed: 49
  n_random_solutions: 128
  max_local_iterations: 1000
  precision: 32 bits (<class 'numpy.float32'>)
  run_name: onlyLS
--------------------------------------------------
Generating 128 random solutions...
Applying local search to 128 solutions...
Results saved to: results/barabasi_albert_10ins_m20/onlyLS/ba_1024_1_3.csv
Best energy: -265851.000000
Total time: 0.1085s
Local search iterations: 63
----------------------------------------
  Seed 9/10 (seed=50)
Initialized onlyLS solver (GPU local search only). Results will be saved under 'onlyLS'.
Parameters:
  instance_name: ba_1024_1_3.txt
  dataset: barabasi_albert_10ins_m20
  random_seed: 50
  n_random_solutions: 128
  max_local_iterations: 1000
  precision: 32 bits (<class 'numpy.float32'>)
  run_name: onlyLS
--------------------------------------------------
Generating 128 random solutions...
Applying local search to 128 solutions...
Results saved to: results/barabasi_albert_10ins_m20/onlyLS/ba_1024_1_3.csv
Best energy: -261455.000000
Total time: 0.1118s
Local search iterations: 75
----------------------------------------
  Seed 10/10 (seed=51)
Initialized onlyLS solver (GPU local search only). Results will be saved under 'onlyLS'.
Parameters:
  instance_name: ba_1024_1_3.txt
  dataset: barabasi_albert_10ins_m20
  random_seed: 51
  n_random_solutions: 128
  max_local_iterations: 1000
  precision: 32 bits (<class 'numpy.float32'>)
  run_name: onlyLS
--------------------------------------------------
Generating 128 random solutions...
Applying local search to 128 solutions...
Results saved to: results/barabasi_albert_10ins_m20/onlyLS/ba_1024_1_3.csv
Best energy: -258971.000000
Total time: 0.1094s
Local search iterations: 65
----------------------------------------
Processing instance: ba_1024_1_4.txt
  Seed 1/10 (seed=42)
Initialized onlyLS solver (GPU local search only). Results will be saved under 'onlyLS'.
Parameters:
  instance_name: ba_1024_1_4.txt
  dataset: barabasi_albert_10ins_m20
  random_seed: 42
  n_random_solutions: 128
  max_local_iterations: 1000
  precision: 32 bits (<class 'numpy.float32'>)
  run_name: onlyLS
--------------------------------------------------
Generating 128 random solutions...
Applying local search to 128 solutions...
Results saved to: results/barabasi_albert_10ins_m20/onlyLS/ba_1024_1_4.csv
Best energy: -263572.000000
Total time: 0.1111s
Local search iterations: 68
----------------------------------------
  Seed 2/10 (seed=43)
Initialized onlyLS solver (GPU local search only). Results will be saved under 'onlyLS'.
Parameters:
  instance_name: ba_1024_1_4.txt
  dataset: barabasi_albert_10ins_m20
  random_seed: 43
  n_random_solutions: 128
  max_local_iterations: 1000
  precision: 32 bits (<class 'numpy.float32'>)
  run_name: onlyLS
--------------------------------------------------
Generating 128 random solutions...
Applying local search to 128 solutions...
Results saved to: results/barabasi_albert_10ins_m20/onlyLS/ba_1024_1_4.csv
Best energy: -261900.000000
Total time: 0.1123s
Local search iterations: 73
----------------------------------------
  Seed 3/10 (seed=44)
Initialized onlyLS solver (GPU local search only). Results will be saved under 'onlyLS'.
Parameters:
  instance_name: ba_1024_1_4.txt
  dataset: barabasi_albert_10ins_m20
  random_seed: 44
  n_random_solutions: 128
  max_local_iterations: 1000
  precision: 32 bits (<class 'numpy.float32'>)
  run_name: onlyLS
--------------------------------------------------
Generating 128 random solutions...
Applying local search to 128 solutions...
Results saved to: results/barabasi_albert_10ins_m20/onlyLS/ba_1024_1_4.csv
Best energy: -261582.000000
Total time: 0.1173s
Local search iterations: 90
----------------------------------------
  Seed 4/10 (seed=45)
Initialized onlyLS solver (GPU local search only). Results will be saved under 'onlyLS'.
Parameters:
  instance_name: ba_1024_1_4.txt
  dataset: barabasi_albert_10ins_m20
  random_seed: 45
  n_random_solutions: 128
  max_local_iterations: 1000
  precision: 32 bits (<class 'numpy.float32'>)
  run_name: onlyLS
--------------------------------------------------
Generating 128 random solutions...
Applying local search to 128 solutions...
Results saved to: results/barabasi_albert_10ins_m20/onlyLS/ba_1024_1_4.csv
Best energy: -262980.000000
Total time: 0.1349s
Local search iterations: 72
----------------------------------------
  Seed 5/10 (seed=46)
Initialized onlyLS solver (GPU local search only). Results will be saved under 'onlyLS'.
Parameters:
  instance_name: ba_1024_1_4.txt
  dataset: barabasi_albert_10ins_m20
  random_seed: 46
  n_random_solutions: 128
  max_local_iterations: 1000
  precision: 32 bits (<class 'numpy.float32'>)
  run_name: onlyLS
--------------------------------------------------
Generating 128 random solutions...
Applying local search to 128 solutions...
Results saved to: results/barabasi_albert_10ins_m20/onlyLS/ba_1024_1_4.csv
Best energy: -263058.000000
Total time: 0.1115s
Local search iterations: 71
----------------------------------------
  Seed 6/10 (seed=47)
Initialized onlyLS solver (GPU local search only). Results will be saved under 'onlyLS'.
Parameters:
  instance_name: ba_1024_1_4.txt
  dataset: barabasi_albert_10ins_m20
  random_seed: 47
  n_random_solutions: 128
  max_local_iterations: 1000
  precision: 32 bits (<class 'numpy.float32'>)
  run_name: onlyLS
--------------------------------------------------
Generating 128 random solutions...
Applying local search to 128 solutions...
Results saved to: results/barabasi_albert_10ins_m20/onlyLS/ba_1024_1_4.csv
Best energy: -261176.000000
Total time: 0.1101s
Local search iterations: 65
----------------------------------------
  Seed 7/10 (seed=48)
Initialized onlyLS solver (GPU local search only). Results will be saved under 'onlyLS'.
Parameters:
  instance_name: ba_1024_1_4.txt
  dataset: barabasi_albert_10ins_m20
  random_seed: 48
  n_random_solutions: 128
  max_local_iterations: 1000
  precision: 32 bits (<class 'numpy.float32'>)
  run_name: onlyLS
--------------------------------------------------
Generating 128 random solutions...
Applying local search to 128 solutions...
Results saved to: results/barabasi_albert_10ins_m20/onlyLS/ba_1024_1_4.csv
Best energy: -263662.000000
Total time: 0.1151s
Local search iterations: 76
----------------------------------------
  Seed 8/10 (seed=49)
Initialized onlyLS solver (GPU local search only). Results will be saved under 'onlyLS'.
Parameters:
  instance_name: ba_1024_1_4.txt
  dataset: barabasi_albert_10ins_m20
  random_seed: 49
  n_random_solutions: 128
  max_local_iterations: 1000
  precision: 32 bits (<class 'numpy.float32'>)
  run_name: onlyLS
--------------------------------------------------
Generating 128 random solutions...
Applying local search to 128 solutions...
Results saved to: results/barabasi_albert_10ins_m20/onlyLS/ba_1024_1_4.csv
Best energy: -261646.000000
Total time: 0.1138s
Local search iterations: 76
----------------------------------------
  Seed 9/10 (seed=50)
Initialized onlyLS solver (GPU local search only). Results will be saved under 'onlyLS'.
Parameters:
  instance_name: ba_1024_1_4.txt
  dataset: barabasi_albert_10ins_m20
  random_seed: 50
  n_random_solutions: 128
  max_local_iterations: 1000
  precision: 32 bits (<class 'numpy.float32'>)
  run_name: onlyLS
--------------------------------------------------
Generating 128 random solutions...
Applying local search to 128 solutions...
Results saved to: results/barabasi_albert_10ins_m20/onlyLS/ba_1024_1_4.csv
Best energy: -264764.000000
Total time: 0.1144s
Local search iterations: 79
----------------------------------------
  Seed 10/10 (seed=51)
Initialized onlyLS solver (GPU local search only). Results will be saved under 'onlyLS'.
Parameters:
  instance_name: ba_1024_1_4.txt
  dataset: barabasi_albert_10ins_m20
  random_seed: 51
  n_random_solutions: 128
  max_local_iterations: 1000
  precision: 32 bits (<class 'numpy.float32'>)
  run_name: onlyLS
--------------------------------------------------
Generating 128 random solutions...
Applying local search to 128 solutions...
Results saved to: results/barabasi_albert_10ins_m20/onlyLS/ba_1024_1_4.csv
Best energy: -261100.000000
Total time: 0.1093s
Local search iterations: 63
----------------------------------------
Processing instance: ba_1024_1_5.txt
  Seed 1/10 (seed=42)
Initialized onlyLS solver (GPU local search only). Results will be saved under 'onlyLS'.
Parameters:
  instance_name: ba_1024_1_5.txt
  dataset: barabasi_albert_10ins_m20
  random_seed: 42
  n_random_solutions: 128
  max_local_iterations: 1000
  precision: 32 bits (<class 'numpy.float32'>)
  run_name: onlyLS
--------------------------------------------------
Generating 128 random solutions...
Applying local search to 128 solutions...
Results saved to: results/barabasi_albert_10ins_m20/onlyLS/ba_1024_1_5.csv
Best energy: -262926.000000
Total time: 0.1113s
Local search iterations: 71
----------------------------------------
  Seed 2/10 (seed=43)
Initialized onlyLS solver (GPU local search only). Results will be saved under 'onlyLS'.
Parameters:
  instance_name: ba_1024_1_5.txt
  dataset: barabasi_albert_10ins_m20
  random_seed: 43
  n_random_solutions: 128
  max_local_iterations: 1000
  precision: 32 bits (<class 'numpy.float32'>)
  run_name: onlyLS
--------------------------------------------------
Generating 128 random solutions...
Applying local search to 128 solutions...
Results saved to: results/barabasi_albert_10ins_m20/onlyLS/ba_1024_1_5.csv
Best energy: -262238.000000
Total time: 0.1104s
Local search iterations: 70
----------------------------------------
  Seed 3/10 (seed=44)
Initialized onlyLS solver (GPU local search only). Results will be saved under 'onlyLS'.
Parameters:
  instance_name: ba_1024_1_5.txt
  dataset: barabasi_albert_10ins_m20
  random_seed: 44
  n_random_solutions: 128
  max_local_iterations: 1000
  precision: 32 bits (<class 'numpy.float32'>)
  run_name: onlyLS
--------------------------------------------------
Generating 128 random solutions...
Applying local search to 128 solutions...
Results saved to: results/barabasi_albert_10ins_m20/onlyLS/ba_1024_1_5.csv
Best energy: -263826.000000
Total time: 0.1129s
Local search iterations: 76
----------------------------------------
  Seed 4/10 (seed=45)
Initialized onlyLS solver (GPU local search only). Results will be saved under 'onlyLS'.
Parameters:
  instance_name: ba_1024_1_5.txt
  dataset: barabasi_albert_10ins_m20
  random_seed: 45
  n_random_solutions: 128
  max_local_iterations: 1000
  precision: 32 bits (<class 'numpy.float32'>)
  run_name: onlyLS
--------------------------------------------------
Generating 128 random solutions...
Applying local search to 128 solutions...
Results saved to: results/barabasi_albert_10ins_m20/onlyLS/ba_1024_1_5.csv
Best energy: -264682.000000
Total time: 0.1135s
Local search iterations: 79
----------------------------------------
  Seed 5/10 (seed=46)
Initialized onlyLS solver (GPU local search only). Results will be saved under 'onlyLS'.
Parameters:
  instance_name: ba_1024_1_5.txt
  dataset: barabasi_albert_10ins_m20
  random_seed: 46
  n_random_solutions: 128
  max_local_iterations: 1000
  precision: 32 bits (<class 'numpy.float32'>)
  run_name: onlyLS
--------------------------------------------------
Generating 128 random solutions...
Applying local search to 128 solutions...
Results saved to: results/barabasi_albert_10ins_m20/onlyLS/ba_1024_1_5.csv
Best energy: -265428.000000
Total time: 0.1107s
Local search iterations: 70
----------------------------------------
  Seed 6/10 (seed=47)
Initialized onlyLS solver (GPU local search only). Results will be saved under 'onlyLS'.
Parameters:
  instance_name: ba_1024_1_5.txt
  dataset: barabasi_albert_10ins_m20
  random_seed: 47
  n_random_solutions: 128
  max_local_iterations: 1000
  precision: 32 bits (<class 'numpy.float32'>)
  run_name: onlyLS
--------------------------------------------------
Generating 128 random solutions...
Applying local search to 128 solutions...
Results saved to: results/barabasi_albert_10ins_m20/onlyLS/ba_1024_1_5.csv
Best energy: -264976.000000
Total time: 0.1114s
Local search iterations: 73
----------------------------------------
  Seed 7/10 (seed=48)
Initialized onlyLS solver (GPU local search only). Results will be saved under 'onlyLS'.
Parameters:
  instance_name: ba_1024_1_5.txt
  dataset: barabasi_albert_10ins_m20
  random_seed: 48
  n_random_solutions: 128
  max_local_iterations: 1000
  precision: 32 bits (<class 'numpy.float32'>)
  run_name: onlyLS
--------------------------------------------------
Generating 128 random solutions...
Applying local search to 128 solutions...
Results saved to: results/barabasi_albert_10ins_m20/onlyLS/ba_1024_1_5.csv
Best energy: -263508.000000
Total time: 0.1105s
Local search iterations: 68
----------------------------------------
  Seed 8/10 (seed=49)
Initialized onlyLS solver (GPU local search only). Results will be saved under 'onlyLS'.
Parameters:
  instance_name: ba_1024_1_5.txt
  dataset: barabasi_albert_10ins_m20
  random_seed: 49
  n_random_solutions: 128
  max_local_iterations: 1000
  precision: 32 bits (<class 'numpy.float32'>)
  run_name: onlyLS
--------------------------------------------------
Generating 128 random solutions...
Applying local search to 128 solutions...
Results saved to: results/barabasi_albert_10ins_m20/onlyLS/ba_1024_1_5.csv
Best energy: -260864.000000
Total time: 0.1112s
Local search iterations: 72
----------------------------------------
  Seed 9/10 (seed=50)
Initialized onlyLS solver (GPU local search only). Results will be saved under 'onlyLS'.
Parameters:
  instance_name: ba_1024_1_5.txt
  dataset: barabasi_albert_10ins_m20
  random_seed: 50
  n_random_solutions: 128
  max_local_iterations: 1000
  precision: 32 bits (<class 'numpy.float32'>)
  run_name: onlyLS
--------------------------------------------------
Generating 128 random solutions...
Applying local search to 128 solutions...
Results saved to: results/barabasi_albert_10ins_m20/onlyLS/ba_1024_1_5.csv
Best energy: -263720.000000
Total time: 0.1124s
Local search iterations: 77
----------------------------------------
  Seed 10/10 (seed=51)
Initialized onlyLS solver (GPU local search only). Results will be saved under 'onlyLS'.
Parameters:
  instance_name: ba_1024_1_5.txt
  dataset: barabasi_albert_10ins_m20
  random_seed: 51
  n_random_solutions: 128
  max_local_iterations: 1000
  precision: 32 bits (<class 'numpy.float32'>)
  run_name: onlyLS
--------------------------------------------------
Generating 128 random solutions...
Applying local search to 128 solutions...
Results saved to: results/barabasi_albert_10ins_m20/onlyLS/ba_1024_1_5.csv
Best energy: -260414.000000
Total time: 0.1117s
Local search iterations: 73
----------------------------------------
Processing instance: ba_1024_1_6.txt
  Seed 1/10 (seed=42)
Initialized onlyLS solver (GPU local search only). Results will be saved under 'onlyLS'.
Parameters:
  instance_name: ba_1024_1_6.txt
  dataset: barabasi_albert_10ins_m20
  random_seed: 42
  n_random_solutions: 128
  max_local_iterations: 1000
  precision: 32 bits (<class 'numpy.float32'>)
  run_name: onlyLS
--------------------------------------------------
Generating 128 random solutions...
Applying local search to 128 solutions...
Results saved to: results/barabasi_albert_10ins_m20/onlyLS/ba_1024_1_6.csv
Best energy: -264397.000000
Total time: 0.1131s
Local search iterations: 75
----------------------------------------
  Seed 2/10 (seed=43)
Initialized onlyLS solver (GPU local search only). Results will be saved under 'onlyLS'.
Parameters:
  instance_name: ba_1024_1_6.txt
  dataset: barabasi_albert_10ins_m20
  random_seed: 43
  n_random_solutions: 128
  max_local_iterations: 1000
  precision: 32 bits (<class 'numpy.float32'>)
  run_name: onlyLS
--------------------------------------------------
Generating 128 random solutions...
Applying local search to 128 solutions...
Results saved to: results/barabasi_albert_10ins_m20/onlyLS/ba_1024_1_6.csv
Best energy: -261895.000000
Total time: 0.1140s
Local search iterations: 78
----------------------------------------
  Seed 3/10 (seed=44)
Initialized onlyLS solver (GPU local search only). Results will be saved under 'onlyLS'.
Parameters:
  instance_name: ba_1024_1_6.txt
  dataset: barabasi_albert_10ins_m20
  random_seed: 44
  n_random_solutions: 128
  max_local_iterations: 1000
  precision: 32 bits (<class 'numpy.float32'>)
  run_name: onlyLS
--------------------------------------------------
Generating 128 random solutions...
Applying local search to 128 solutions...
Results saved to: results/barabasi_albert_10ins_m20/onlyLS/ba_1024_1_6.csv
Best energy: -259095.000000
Total time: 0.1104s
Local search iterations: 67
----------------------------------------
  Seed 4/10 (seed=45)
Initialized onlyLS solver (GPU local search only). Results will be saved under 'onlyLS'.
Parameters:
  instance_name: ba_1024_1_6.txt
  dataset: barabasi_albert_10ins_m20
  random_seed: 45
  n_random_solutions: 128
  max_local_iterations: 1000
  precision: 32 bits (<class 'numpy.float32'>)
  run_name: onlyLS
--------------------------------------------------
Generating 128 random solutions...
Applying local search to 128 solutions...
Results saved to: results/barabasi_albert_10ins_m20/onlyLS/ba_1024_1_6.csv
Best energy: -261659.000000
Total time: 0.1117s
Local search iterations: 69
----------------------------------------
  Seed 5/10 (seed=46)
Initialized onlyLS solver (GPU local search only). Results will be saved under 'onlyLS'.
Parameters:
  instance_name: ba_1024_1_6.txt
  dataset: barabasi_albert_10ins_m20
  random_seed: 46
  n_random_solutions: 128
  max_local_iterations: 1000
  precision: 32 bits (<class 'numpy.float32'>)
  run_name: onlyLS
--------------------------------------------------
Generating 128 random solutions...
Applying local search to 128 solutions...
Results saved to: results/barabasi_albert_10ins_m20/onlyLS/ba_1024_1_6.csv
Best energy: -259975.000000
Total time: 0.1102s
Local search iterations: 65
----------------------------------------
  Seed 6/10 (seed=47)
Initialized onlyLS solver (GPU local search only). Results will be saved under 'onlyLS'.
Parameters:
  instance_name: ba_1024_1_6.txt
  dataset: barabasi_albert_10ins_m20
  random_seed: 47
  n_random_solutions: 128
  max_local_iterations: 1000
  precision: 32 bits (<class 'numpy.float32'>)
  run_name: onlyLS
--------------------------------------------------
Generating 128 random solutions...
Applying local search to 128 solutions...
Results saved to: results/barabasi_albert_10ins_m20/onlyLS/ba_1024_1_6.csv
Best energy: -261457.000000
Total time: 0.1121s
Local search iterations: 72
----------------------------------------
  Seed 7/10 (seed=48)
Initialized onlyLS solver (GPU local search only). Results will be saved under 'onlyLS'.
Parameters:
  instance_name: ba_1024_1_6.txt
  dataset: barabasi_albert_10ins_m20
  random_seed: 48
  n_random_solutions: 128
  max_local_iterations: 1000
  precision: 32 bits (<class 'numpy.float32'>)
  run_name: onlyLS
--------------------------------------------------
Generating 128 random solutions...
Applying local search to 128 solutions...
Results saved to: results/barabasi_albert_10ins_m20/onlyLS/ba_1024_1_6.csv
Best energy: -262087.000000
Total time: 0.1125s
Local search iterations: 73
----------------------------------------
  Seed 8/10 (seed=49)
Initialized onlyLS solver (GPU local search only). Results will be saved under 'onlyLS'.
Parameters:
  instance_name: ba_1024_1_6.txt
  dataset: barabasi_albert_10ins_m20
  random_seed: 49
  n_random_solutions: 128
  max_local_iterations: 1000
  precision: 32 bits (<class 'numpy.float32'>)
  run_name: onlyLS
--------------------------------------------------
Generating 128 random solutions...
Applying local search to 128 solutions...
Results saved to: results/barabasi_albert_10ins_m20/onlyLS/ba_1024_1_6.csv
Best energy: -260533.000000
Total time: 0.1108s
Local search iterations: 69
----------------------------------------
  Seed 9/10 (seed=50)
Initialized onlyLS solver (GPU local search only). Results will be saved under 'onlyLS'.
Parameters:
  instance_name: ba_1024_1_6.txt
  dataset: barabasi_albert_10ins_m20
  random_seed: 50
  n_random_solutions: 128
  max_local_iterations: 1000
  precision: 32 bits (<class 'numpy.float32'>)
  run_name: onlyLS
--------------------------------------------------
Generating 128 random solutions...
Applying local search to 128 solutions...
Results saved to: results/barabasi_albert_10ins_m20/onlyLS/ba_1024_1_6.csv
Best energy: -261373.000000
Total time: 0.1227s
Local search iterations: 107
----------------------------------------
  Seed 10/10 (seed=51)
Initialized onlyLS solver (GPU local search only). Results will be saved under 'onlyLS'.
Parameters:
  instance_name: ba_1024_1_6.txt
  dataset: barabasi_albert_10ins_m20
  random_seed: 51
  n_random_solutions: 128
  max_local_iterations: 1000
  precision: 32 bits (<class 'numpy.float32'>)
  run_name: onlyLS
--------------------------------------------------
Generating 128 random solutions...
Applying local search to 128 solutions...
Results saved to: results/barabasi_albert_10ins_m20/onlyLS/ba_1024_1_6.csv
Best energy: -260075.000000
Total time: 0.1160s
Local search iterations: 85
----------------------------------------
Processing instance: ba_1024_1_7.txt
  Seed 1/10 (seed=42)
Initialized onlyLS solver (GPU local search only). Results will be saved under 'onlyLS'.
Parameters:
  instance_name: ba_1024_1_7.txt
  dataset: barabasi_albert_10ins_m20
  random_seed: 42
  n_random_solutions: 128
  max_local_iterations: 1000
  precision: 32 bits (<class 'numpy.float32'>)
  run_name: onlyLS
--------------------------------------------------
Generating 128 random solutions...
Applying local search to 128 solutions...
Results saved to: results/barabasi_albert_10ins_m20/onlyLS/ba_1024_1_7.csv
Best energy: -262204.000000
Total time: 0.1100s
Local search iterations: 68
----------------------------------------
  Seed 2/10 (seed=43)
Initialized onlyLS solver (GPU local search only). Results will be saved under 'onlyLS'.
Parameters:
  instance_name: ba_1024_1_7.txt
  dataset: barabasi_albert_10ins_m20
  random_seed: 43
  n_random_solutions: 128
  max_local_iterations: 1000
  precision: 32 bits (<class 'numpy.float32'>)
  run_name: onlyLS
--------------------------------------------------
Generating 128 random solutions...
Applying local search to 128 solutions...
Results saved to: results/barabasi_albert_10ins_m20/onlyLS/ba_1024_1_7.csv
Best energy: -257874.000000
Total time: 0.1112s
Local search iterations: 71
----------------------------------------
  Seed 3/10 (seed=44)
Initialized onlyLS solver (GPU local search only). Results will be saved under 'onlyLS'.
Parameters:
  instance_name: ba_1024_1_7.txt
  dataset: barabasi_albert_10ins_m20
  random_seed: 44
  n_random_solutions: 128
  max_local_iterations: 1000
  precision: 32 bits (<class 'numpy.float32'>)
  run_name: onlyLS
--------------------------------------------------
Generating 128 random solutions...
Applying local search to 128 solutions...
Results saved to: results/barabasi_albert_10ins_m20/onlyLS/ba_1024_1_7.csv
Best energy: -261550.000000
Total time: 0.1137s
Local search iterations: 79
----------------------------------------
  Seed 4/10 (seed=45)
Initialized onlyLS solver (GPU local search only). Results will be saved under 'onlyLS'.
Parameters:
  instance_name: ba_1024_1_7.txt
  dataset: barabasi_albert_10ins_m20
  random_seed: 45
  n_random_solutions: 128
  max_local_iterations: 1000
  precision: 32 bits (<class 'numpy.float32'>)
  run_name: onlyLS
--------------------------------------------------
Generating 128 random solutions...
Applying local search to 128 solutions...
Results saved to: results/barabasi_albert_10ins_m20/onlyLS/ba_1024_1_7.csv
Best energy: -259490.000000
Total time: 0.1105s
Local search iterations: 70
----------------------------------------
  Seed 5/10 (seed=46)
Initialized onlyLS solver (GPU local search only). Results will be saved under 'onlyLS'.
Parameters:
  instance_name: ba_1024_1_7.txt
  dataset: barabasi_albert_10ins_m20
  random_seed: 46
  n_random_solutions: 128
  max_local_iterations: 1000
  precision: 32 bits (<class 'numpy.float32'>)
  run_name: onlyLS
--------------------------------------------------
Generating 128 random solutions...
Applying local search to 128 solutions...
Results saved to: results/barabasi_albert_10ins_m20/onlyLS/ba_1024_1_7.csv
Best energy: -258978.000000
Total time: 0.1113s
Local search iterations: 71
----------------------------------------
  Seed 6/10 (seed=47)
Initialized onlyLS solver (GPU local search only). Results will be saved under 'onlyLS'.
Parameters:
  instance_name: ba_1024_1_7.txt
  dataset: barabasi_albert_10ins_m20
  random_seed: 47
  n_random_solutions: 128
  max_local_iterations: 1000
  precision: 32 bits (<class 'numpy.float32'>)
  run_name: onlyLS
--------------------------------------------------
Generating 128 random solutions...
Applying local search to 128 solutions...
Results saved to: results/barabasi_albert_10ins_m20/onlyLS/ba_1024_1_7.csv
Best energy: -256954.000000
Total time: 0.1137s
Local search iterations: 80
----------------------------------------
  Seed 7/10 (seed=48)
Initialized onlyLS solver (GPU local search only). Results will be saved under 'onlyLS'.
Parameters:
  instance_name: ba_1024_1_7.txt
  dataset: barabasi_albert_10ins_m20
  random_seed: 48
  n_random_solutions: 128
  max_local_iterations: 1000
  precision: 32 bits (<class 'numpy.float32'>)
  run_name: onlyLS
--------------------------------------------------
Generating 128 random solutions...
Applying local search to 128 solutions...
Results saved to: results/barabasi_albert_10ins_m20/onlyLS/ba_1024_1_7.csv
Best energy: -259496.000000
Total time: 0.1196s
Local search iterations: 99
----------------------------------------
  Seed 8/10 (seed=49)
Initialized onlyLS solver (GPU local search only). Results will be saved under 'onlyLS'.
Parameters:
  instance_name: ba_1024_1_7.txt
  dataset: barabasi_albert_10ins_m20
  random_seed: 49
  n_random_solutions: 128
  max_local_iterations: 1000
  precision: 32 bits (<class 'numpy.float32'>)
  run_name: onlyLS
--------------------------------------------------
Generating 128 random solutions...
Applying local search to 128 solutions...
Results saved to: results/barabasi_albert_10ins_m20/onlyLS/ba_1024_1_7.csv
Best energy: -261560.000000
Total time: 0.1819s
Local search iterations: 70
----------------------------------------
  Seed 9/10 (seed=50)
Initialized onlyLS solver (GPU local search only). Results will be saved under 'onlyLS'.
Parameters:
  instance_name: ba_1024_1_7.txt
  dataset: barabasi_albert_10ins_m20
  random_seed: 50
  n_random_solutions: 128
  max_local_iterations: 1000
  precision: 32 bits (<class 'numpy.float32'>)
  run_name: onlyLS
--------------------------------------------------
Generating 128 random solutions...
Applying local search to 128 solutions...
Results saved to: results/barabasi_albert_10ins_m20/onlyLS/ba_1024_1_7.csv
Best energy: -257464.000000
Total time: 0.1146s
Local search iterations: 81
----------------------------------------
  Seed 10/10 (seed=51)
Initialized onlyLS solver (GPU local search only). Results will be saved under 'onlyLS'.
Parameters:
  instance_name: ba_1024_1_7.txt
  dataset: barabasi_albert_10ins_m20
  random_seed: 51
  n_random_solutions: 128
  max_local_iterations: 1000
  precision: 32 bits (<class 'numpy.float32'>)
  run_name: onlyLS
--------------------------------------------------
Generating 128 random solutions...
Applying local search to 128 solutions...
Results saved to: results/barabasi_albert_10ins_m20/onlyLS/ba_1024_1_7.csv
Best energy: -258612.000000
Total time: 0.1125s
Local search iterations: 77
----------------------------------------
Processing instance: ba_1024_1_8.txt
  Seed 1/10 (seed=42)
Initialized onlyLS solver (GPU local search only). Results will be saved under 'onlyLS'.
Parameters:
  instance_name: ba_1024_1_8.txt
  dataset: barabasi_albert_10ins_m20
  random_seed: 42
  n_random_solutions: 128
  max_local_iterations: 1000
  precision: 32 bits (<class 'numpy.float32'>)
  run_name: onlyLS
--------------------------------------------------
Generating 128 random solutions...
Applying local search to 128 solutions...
Results saved to: results/barabasi_albert_10ins_m20/onlyLS/ba_1024_1_8.csv
Best energy: -260734.000000
Total time: 0.1097s
Local search iterations: 64
----------------------------------------
  Seed 2/10 (seed=43)
Initialized onlyLS solver (GPU local search only). Results will be saved under 'onlyLS'.
Parameters:
  instance_name: ba_1024_1_8.txt
  dataset: barabasi_albert_10ins_m20
  random_seed: 43
  n_random_solutions: 128
  max_local_iterations: 1000
  precision: 32 bits (<class 'numpy.float32'>)
  run_name: onlyLS
--------------------------------------------------
Generating 128 random solutions...
Applying local search to 128 solutions...
Results saved to: results/barabasi_albert_10ins_m20/onlyLS/ba_1024_1_8.csv
Best energy: -260946.000000
Total time: 0.1098s
Local search iterations: 65
----------------------------------------
  Seed 3/10 (seed=44)
Initialized onlyLS solver (GPU local search only). Results will be saved under 'onlyLS'.
Parameters:
  instance_name: ba_1024_1_8.txt
  dataset: barabasi_albert_10ins_m20
  random_seed: 44
  n_random_solutions: 128
  max_local_iterations: 1000
  precision: 32 bits (<class 'numpy.float32'>)
  run_name: onlyLS
--------------------------------------------------
Generating 128 random solutions...
Applying local search to 128 solutions...
Results saved to: results/barabasi_albert_10ins_m20/onlyLS/ba_1024_1_8.csv
Best energy: -261384.000000
Total time: 0.1140s
Local search iterations: 80
----------------------------------------
  Seed 4/10 (seed=45)
Initialized onlyLS solver (GPU local search only). Results will be saved under 'onlyLS'.
Parameters:
  instance_name: ba_1024_1_8.txt
  dataset: barabasi_albert_10ins_m20
  random_seed: 45
  n_random_solutions: 128
  max_local_iterations: 1000
  precision: 32 bits (<class 'numpy.float32'>)
  run_name: onlyLS
--------------------------------------------------
Generating 128 random solutions...
Applying local search to 128 solutions...
Results saved to: results/barabasi_albert_10ins_m20/onlyLS/ba_1024_1_8.csv
Best energy: -259072.000000
Total time: 0.1094s
Local search iterations: 64
----------------------------------------
  Seed 5/10 (seed=46)
Initialized onlyLS solver (GPU local search only). Results will be saved under 'onlyLS'.
Parameters:
  instance_name: ba_1024_1_8.txt
  dataset: barabasi_albert_10ins_m20
  random_seed: 46
  n_random_solutions: 128
  max_local_iterations: 1000
  precision: 32 bits (<class 'numpy.float32'>)
  run_name: onlyLS
--------------------------------------------------
Generating 128 random solutions...
Applying local search to 128 solutions...
Results saved to: results/barabasi_albert_10ins_m20/onlyLS/ba_1024_1_8.csv
Best energy: -260134.000000
Total time: 0.1148s
Local search iterations: 83
----------------------------------------
  Seed 6/10 (seed=47)
Initialized onlyLS solver (GPU local search only). Results will be saved under 'onlyLS'.
Parameters:
  instance_name: ba_1024_1_8.txt
  dataset: barabasi_albert_10ins_m20
  random_seed: 47
  n_random_solutions: 128
  max_local_iterations: 1000
  precision: 32 bits (<class 'numpy.float32'>)
  run_name: onlyLS
--------------------------------------------------
Generating 128 random solutions...
Applying local search to 128 solutions...
Results saved to: results/barabasi_albert_10ins_m20/onlyLS/ba_1024_1_8.csv
Best energy: -259198.000000
Total time: 0.1117s
Local search iterations: 73
----------------------------------------
  Seed 7/10 (seed=48)
Initialized onlyLS solver (GPU local search only). Results will be saved under 'onlyLS'.
Parameters:
  instance_name: ba_1024_1_8.txt
  dataset: barabasi_albert_10ins_m20
  random_seed: 48
  n_random_solutions: 128
  max_local_iterations: 1000
  precision: 32 bits (<class 'numpy.float32'>)
  run_name: onlyLS
--------------------------------------------------
Generating 128 random solutions...
Applying local search to 128 solutions...
Results saved to: results/barabasi_albert_10ins_m20/onlyLS/ba_1024_1_8.csv
Best energy: -259864.000000
Total time: 0.1133s
Local search iterations: 78
----------------------------------------
  Seed 8/10 (seed=49)
Initialized onlyLS solver (GPU local search only). Results will be saved under 'onlyLS'.
Parameters:
  instance_name: ba_1024_1_8.txt
  dataset: barabasi_albert_10ins_m20
  random_seed: 49
  n_random_solutions: 128
  max_local_iterations: 1000
  precision: 32 bits (<class 'numpy.float32'>)
  run_name: onlyLS
--------------------------------------------------
Generating 128 random solutions...
Applying local search to 128 solutions...
Results saved to: results/barabasi_albert_10ins_m20/onlyLS/ba_1024_1_8.csv
Best energy: -260084.000000
Total time: 0.1101s
Local search iterations: 67
----------------------------------------
  Seed 9/10 (seed=50)
Initialized onlyLS solver (GPU local search only). Results will be saved under 'onlyLS'.
Parameters:
  instance_name: ba_1024_1_8.txt
  dataset: barabasi_albert_10ins_m20
  random_seed: 50
  n_random_solutions: 128
  max_local_iterations: 1000
  precision: 32 bits (<class 'numpy.float32'>)
  run_name: onlyLS
--------------------------------------------------
Generating 128 random solutions...
Applying local search to 128 solutions...
Results saved to: results/barabasi_albert_10ins_m20/onlyLS/ba_1024_1_8.csv
Best energy: -264318.000000
Total time: 0.1087s
Local search iterations: 62
----------------------------------------
  Seed 10/10 (seed=51)
Initialized onlyLS solver (GPU local search only). Results will be saved under 'onlyLS'.
Parameters:
  instance_name: ba_1024_1_8.txt
  dataset: barabasi_albert_10ins_m20
  random_seed: 51
  n_random_solutions: 128
  max_local_iterations: 1000
  precision: 32 bits (<class 'numpy.float32'>)
  run_name: onlyLS
--------------------------------------------------
Generating 128 random solutions...
Applying local search to 128 solutions...
Results saved to: results/barabasi_albert_10ins_m20/onlyLS/ba_1024_1_8.csv
Best energy: -261774.000000
Total time: 0.1115s
Local search iterations: 70
----------------------------------------
Processing instance: ba_1024_1_9.txt
  Seed 1/10 (seed=42)
Initialized onlyLS solver (GPU local search only). Results will be saved under 'onlyLS'.
Parameters:
  instance_name: ba_1024_1_9.txt
  dataset: barabasi_albert_10ins_m20
  random_seed: 42
  n_random_solutions: 128
  max_local_iterations: 1000
  precision: 32 bits (<class 'numpy.float32'>)
  run_name: onlyLS
--------------------------------------------------
Generating 128 random solutions...
Applying local search to 128 solutions...
Results saved to: results/barabasi_albert_10ins_m20/onlyLS/ba_1024_1_9.csv
Best energy: -260724.000000
Total time: 0.1099s
Local search iterations: 67
----------------------------------------
  Seed 2/10 (seed=43)
Initialized onlyLS solver (GPU local search only). Results will be saved under 'onlyLS'.
Parameters:
  instance_name: ba_1024_1_9.txt
  dataset: barabasi_albert_10ins_m20
  random_seed: 43
  n_random_solutions: 128
  max_local_iterations: 1000
  precision: 32 bits (<class 'numpy.float32'>)
  run_name: onlyLS
--------------------------------------------------
Generating 128 random solutions...
Applying local search to 128 solutions...
Results saved to: results/barabasi_albert_10ins_m20/onlyLS/ba_1024_1_9.csv
Best energy: -261406.000000
Total time: 0.1134s
Local search iterations: 80
----------------------------------------
  Seed 3/10 (seed=44)
Initialized onlyLS solver (GPU local search only). Results will be saved under 'onlyLS'.
Parameters:
  instance_name: ba_1024_1_9.txt
  dataset: barabasi_albert_10ins_m20
  random_seed: 44
  n_random_solutions: 128
  max_local_iterations: 1000
  precision: 32 bits (<class 'numpy.float32'>)
  run_name: onlyLS
--------------------------------------------------
Generating 128 random solutions...
Applying local search to 128 solutions...
Results saved to: results/barabasi_albert_10ins_m20/onlyLS/ba_1024_1_9.csv
Best energy: -259326.000000
Total time: 0.1106s
Local search iterations: 71
----------------------------------------
  Seed 4/10 (seed=45)
Initialized onlyLS solver (GPU local search only). Results will be saved under 'onlyLS'.
Parameters:
  instance_name: ba_1024_1_9.txt
  dataset: barabasi_albert_10ins_m20
  random_seed: 45
  n_random_solutions: 128
  max_local_iterations: 1000
  precision: 32 bits (<class 'numpy.float32'>)
  run_name: onlyLS
--------------------------------------------------
Generating 128 random solutions...
Applying local search to 128 solutions...
Results saved to: results/barabasi_albert_10ins_m20/onlyLS/ba_1024_1_9.csv
Best energy: -260280.000000
Total time: 0.1113s
Local search iterations: 73
----------------------------------------
  Seed 5/10 (seed=46)
Initialized onlyLS solver (GPU local search only). Results will be saved under 'onlyLS'.
Parameters:
  instance_name: ba_1024_1_9.txt
  dataset: barabasi_albert_10ins_m20
  random_seed: 46
  n_random_solutions: 128
  max_local_iterations: 1000
  precision: 32 bits (<class 'numpy.float32'>)
  run_name: onlyLS
--------------------------------------------------
Generating 128 random solutions...
Applying local search to 128 solutions...
Results saved to: results/barabasi_albert_10ins_m20/onlyLS/ba_1024_1_9.csv
Best energy: -263336.000000
Total time: 0.1116s
Local search iterations: 73
----------------------------------------
  Seed 6/10 (seed=47)
Initialized onlyLS solver (GPU local search only). Results will be saved under 'onlyLS'.
Parameters:
  instance_name: ba_1024_1_9.txt
  dataset: barabasi_albert_10ins_m20
  random_seed: 47
  n_random_solutions: 128
  max_local_iterations: 1000
  precision: 32 bits (<class 'numpy.float32'>)
  run_name: onlyLS
--------------------------------------------------
Generating 128 random solutions...
Applying local search to 128 solutions...
Results saved to: results/barabasi_albert_10ins_m20/onlyLS/ba_1024_1_9.csv
Best energy: -258734.000000
Total time: 0.1189s
Local search iterations: 97
----------------------------------------
  Seed 7/10 (seed=48)
Initialized onlyLS solver (GPU local search only). Results will be saved under 'onlyLS'.
Parameters:
  instance_name: ba_1024_1_9.txt
  dataset: barabasi_albert_10ins_m20
  random_seed: 48
  n_random_solutions: 128
  max_local_iterations: 1000
  precision: 32 bits (<class 'numpy.float32'>)
  run_name: onlyLS
--------------------------------------------------
Generating 128 random solutions...
Applying local search to 128 solutions...
Results saved to: results/barabasi_albert_10ins_m20/onlyLS/ba_1024_1_9.csv
Best energy: -263794.000000
Total time: 0.1140s
Local search iterations: 80
----------------------------------------
  Seed 8/10 (seed=49)
Initialized onlyLS solver (GPU local search only). Results will be saved under 'onlyLS'.
Parameters:
  instance_name: ba_1024_1_9.txt
  dataset: barabasi_albert_10ins_m20
  random_seed: 49
  n_random_solutions: 128
  max_local_iterations: 1000
  precision: 32 bits (<class 'numpy.float32'>)
  run_name: onlyLS
--------------------------------------------------
Generating 128 random solutions...
Applying local search to 128 solutions...
Results saved to: results/barabasi_albert_10ins_m20/onlyLS/ba_1024_1_9.csv
Best energy: -260246.000000
Total time: 0.1173s
Local search iterations: 91
----------------------------------------
  Seed 9/10 (seed=50)
Initialized onlyLS solver (GPU local search only). Results will be saved under 'onlyLS'.
Parameters:
  instance_name: ba_1024_1_9.txt
  dataset: barabasi_albert_10ins_m20
  random_seed: 50
  n_random_solutions: 128
  max_local_iterations: 1000
  precision: 32 bits (<class 'numpy.float32'>)
  run_name: onlyLS
--------------------------------------------------
Generating 128 random solutions...
Applying local search to 128 solutions...
Results saved to: results/barabasi_albert_10ins_m20/onlyLS/ba_1024_1_9.csv
Best energy: -265738.000000
Total time: 0.1114s
Local search iterations: 71
----------------------------------------
  Seed 10/10 (seed=51)
Initialized onlyLS solver (GPU local search only). Results will be saved under 'onlyLS'.
Parameters:
  instance_name: ba_1024_1_9.txt
  dataset: barabasi_albert_10ins_m20
  random_seed: 51
  n_random_solutions: 128
  max_local_iterations: 1000
  precision: 32 bits (<class 'numpy.float32'>)
  run_name: onlyLS
--------------------------------------------------
Generating 128 random solutions...
Applying local search to 128 solutions...
Results saved to: results/barabasi_albert_10ins_m20/onlyLS/ba_1024_1_9.csv
Best energy: -265062.000000
Total time: 0.1136s
Local search iterations: 79
----------------------------------------
Processing instance: ba_1048576_1_0.txt
  Seed 1/10 (seed=42)
Initialized onlyLS solver (GPU local search only). Results will be saved under 'onlyLS'.
Parameters:
  instance_name: ba_1048576_1_0.txt
  dataset: barabasi_albert_10ins_m20
  random_seed: 42
  n_random_solutions: 128
  max_local_iterations: 1000
  precision: 32 bits (<class 'numpy.float32'>)
  run_name: onlyLS
--------------------------------------------------
Generating 128 random solutions...
Applying local search to 128 solutions...
Results saved to: results/barabasi_albert_10ins_m20/onlyLS/ba_1048576_1_0.csv
Best energy: -246793320.000000
Total time: 7.3752s
Local search iterations: 47
----------------------------------------
  Seed 2/10 (seed=43)
Initialized onlyLS solver (GPU local search only). Results will be saved under 'onlyLS'.
Parameters:
  instance_name: ba_1048576_1_0.txt
  dataset: barabasi_albert_10ins_m20
  random_seed: 43
  n_random_solutions: 128
  max_local_iterations: 1000
  precision: 32 bits (<class 'numpy.float32'>)
  run_name: onlyLS
--------------------------------------------------
Generating 128 random solutions...
Applying local search to 128 solutions...
Results saved to: results/barabasi_albert_10ins_m20/onlyLS/ba_1048576_1_0.csv
Best energy: -246832724.000000
Total time: 7.0302s
Local search iterations: 46
----------------------------------------
  Seed 3/10 (seed=44)
Initialized onlyLS solver (GPU local search only). Results will be saved under 'onlyLS'.
Parameters:
  instance_name: ba_1048576_1_0.txt
  dataset: barabasi_albert_10ins_m20
  random_seed: 44
  n_random_solutions: 128
  max_local_iterations: 1000
  precision: 32 bits (<class 'numpy.float32'>)
  run_name: onlyLS
--------------------------------------------------
Generating 128 random solutions...
Applying local search to 128 solutions...
Results saved to: results/barabasi_albert_10ins_m20/onlyLS/ba_1048576_1_0.csv
Best energy: -246656082.000000
Total time: 7.2271s
Local search iterations: 48
----------------------------------------
  Seed 4/10 (seed=45)
Initialized onlyLS solver (GPU local search only). Results will be saved under 'onlyLS'.
Parameters:
  instance_name: ba_1048576_1_0.txt
  dataset: barabasi_albert_10ins_m20
  random_seed: 45
  n_random_solutions: 128
  max_local_iterations: 1000
  precision: 32 bits (<class 'numpy.float32'>)
  run_name: onlyLS
--------------------------------------------------
Generating 128 random solutions...
Applying local search to 128 solutions...
Results saved to: results/barabasi_albert_10ins_m20/onlyLS/ba_1048576_1_0.csv
Best energy: -246655056.000000
Total time: 7.5015s
Local search iterations: 51
----------------------------------------
  Seed 5/10 (seed=46)
Initialized onlyLS solver (GPU local search only). Results will be saved under 'onlyLS'.
Parameters:
  instance_name: ba_1048576_1_0.txt
  dataset: barabasi_albert_10ins_m20
  random_seed: 46
  n_random_solutions: 128
  max_local_iterations: 1000
  precision: 32 bits (<class 'numpy.float32'>)
  run_name: onlyLS
--------------------------------------------------
Generating 128 random solutions...
Applying local search to 128 solutions...
Results saved to: results/barabasi_albert_10ins_m20/onlyLS/ba_1048576_1_0.csv
Best energy: -246671422.000000
Total time: 6.9893s
Local search iterations: 45
----------------------------------------
  Seed 6/10 (seed=47)
Initialized onlyLS solver (GPU local search only). Results will be saved under 'onlyLS'.
Parameters:
  instance_name: ba_1048576_1_0.txt
  dataset: barabasi_albert_10ins_m20
  random_seed: 47
  n_random_solutions: 128
  max_local_iterations: 1000
  precision: 32 bits (<class 'numpy.float32'>)
  run_name: onlyLS
--------------------------------------------------
Generating 128 random solutions...
Applying local search to 128 solutions...
Results saved to: results/barabasi_albert_10ins_m20/onlyLS/ba_1048576_1_0.csv
Best energy: -246681540.000000
Total time: 7.1922s
Local search iterations: 47
----------------------------------------
  Seed 7/10 (seed=48)
Initialized onlyLS solver (GPU local search only). Results will be saved under 'onlyLS'.
Parameters:
  instance_name: ba_1048576_1_0.txt
  dataset: barabasi_albert_10ins_m20
  random_seed: 48
  n_random_solutions: 128
  max_local_iterations: 1000
  precision: 32 bits (<class 'numpy.float32'>)
  run_name: onlyLS
--------------------------------------------------
Generating 128 random solutions...
Applying local search to 128 solutions...
Results saved to: results/barabasi_albert_10ins_m20/onlyLS/ba_1048576_1_0.csv
Best energy: -246769684.000000
Total time: 7.0357s
Local search iterations: 45
----------------------------------------
  Seed 8/10 (seed=49)
Initialized onlyLS solver (GPU local search only). Results will be saved under 'onlyLS'.
Parameters:
  instance_name: ba_1048576_1_0.txt
  dataset: barabasi_albert_10ins_m20
  random_seed: 49
  n_random_solutions: 128
  max_local_iterations: 1000
  precision: 32 bits (<class 'numpy.float32'>)
  run_name: onlyLS
--------------------------------------------------
Generating 128 random solutions...
Applying local search to 128 solutions...
Results saved to: results/barabasi_albert_10ins_m20/onlyLS/ba_1048576_1_0.csv
Best energy: -246662844.000000
Total time: 7.2262s
Local search iterations: 47
----------------------------------------
  Seed 9/10 (seed=50)
Initialized onlyLS solver (GPU local search only). Results will be saved under 'onlyLS'.
Parameters:
  instance_name: ba_1048576_1_0.txt
  dataset: barabasi_albert_10ins_m20
  random_seed: 50
  n_random_solutions: 128
  max_local_iterations: 1000
  precision: 32 bits (<class 'numpy.float32'>)
  run_name: onlyLS
--------------------------------------------------
Generating 128 random solutions...
Applying local search to 128 solutions...
Results saved to: results/barabasi_albert_10ins_m20/onlyLS/ba_1048576_1_0.csv
Best energy: -246791786.000000
Total time: 7.1474s
Local search iterations: 45
----------------------------------------
  Seed 10/10 (seed=51)
Initialized onlyLS solver (GPU local search only). Results will be saved under 'onlyLS'.
Parameters:
  instance_name: ba_1048576_1_0.txt
  dataset: barabasi_albert_10ins_m20
  random_seed: 51
  n_random_solutions: 128
  max_local_iterations: 1000
  precision: 32 bits (<class 'numpy.float32'>)
  run_name: onlyLS
--------------------------------------------------
Generating 128 random solutions...
Applying local search to 128 solutions...
Results saved to: results/barabasi_albert_10ins_m20/onlyLS/ba_1048576_1_0.csv
Best energy: -246810956.000000
Total time: 7.8713s
Local search iterations: 54
----------------------------------------
Processing instance: ba_1048576_1_1.txt
  Seed 1/10 (seed=42)
Initialized onlyLS solver (GPU local search only). Results will be saved under 'onlyLS'.
Parameters:
  instance_name: ba_1048576_1_1.txt
  dataset: barabasi_albert_10ins_m20
  random_seed: 42
  n_random_solutions: 128
  max_local_iterations: 1000
  precision: 32 bits (<class 'numpy.float32'>)
  run_name: onlyLS
--------------------------------------------------
Generating 128 random solutions...
Applying local search to 128 solutions...
Results saved to: results/barabasi_albert_10ins_m20/onlyLS/ba_1048576_1_1.csv
Best energy: -246711715.000000
Total time: 7.6988s
Local search iterations: 52
----------------------------------------
  Seed 2/10 (seed=43)
Initialized onlyLS solver (GPU local search only). Results will be saved under 'onlyLS'.
Parameters:
  instance_name: ba_1048576_1_1.txt
  dataset: barabasi_albert_10ins_m20
  random_seed: 43
  n_random_solutions: 128
  max_local_iterations: 1000
  precision: 32 bits (<class 'numpy.float32'>)
  run_name: onlyLS
--------------------------------------------------
Generating 128 random solutions...
Applying local search to 128 solutions...
Results saved to: results/barabasi_albert_10ins_m20/onlyLS/ba_1048576_1_1.csv
Best energy: -246691113.000000
Total time: 7.7519s
Local search iterations: 53
----------------------------------------
  Seed 3/10 (seed=44)
Initialized onlyLS solver (GPU local search only). Results will be saved under 'onlyLS'.
Parameters:
  instance_name: ba_1048576_1_1.txt
  dataset: barabasi_albert_10ins_m20
  random_seed: 44
  n_random_solutions: 128
  max_local_iterations: 1000
  precision: 32 bits (<class 'numpy.float32'>)
  run_name: onlyLS
--------------------------------------------------
Generating 128 random solutions...
Applying local search to 128 solutions...
Results saved to: results/barabasi_albert_10ins_m20/onlyLS/ba_1048576_1_1.csv
Best energy: -246779289.000000
Total time: 7.3309s
Local search iterations: 48
----------------------------------------
  Seed 4/10 (seed=45)
Initialized onlyLS solver (GPU local search only). Results will be saved under 'onlyLS'.
Parameters:
  instance_name: ba_1048576_1_1.txt
  dataset: barabasi_albert_10ins_m20
  random_seed: 45
  n_random_solutions: 128
  max_local_iterations: 1000
  precision: 32 bits (<class 'numpy.float32'>)
  run_name: onlyLS
--------------------------------------------------
Generating 128 random solutions...
Applying local search to 128 solutions...
Results saved to: results/barabasi_albert_10ins_m20/onlyLS/ba_1048576_1_1.csv
Best energy: -246738093.000000
Total time: 7.1532s
Local search iterations: 46
----------------------------------------
  Seed 5/10 (seed=46)
Initialized onlyLS solver (GPU local search only). Results will be saved under 'onlyLS'.
Parameters:
  instance_name: ba_1048576_1_1.txt
  dataset: barabasi_albert_10ins_m20
  random_seed: 46
  n_random_solutions: 128
  max_local_iterations: 1000
  precision: 32 bits (<class 'numpy.float32'>)
  run_name: onlyLS
--------------------------------------------------
Generating 128 random solutions...
Applying local search to 128 solutions...
Results saved to: results/barabasi_albert_10ins_m20/onlyLS/ba_1048576_1_1.csv
Best energy: -246692473.000000
Total time: 7.1570s
Local search iterations: 46
----------------------------------------
  Seed 6/10 (seed=47)
Initialized onlyLS solver (GPU local search only). Results will be saved under 'onlyLS'.
Parameters:
  instance_name: ba_1048576_1_1.txt
  dataset: barabasi_albert_10ins_m20
  random_seed: 47
  n_random_solutions: 128
  max_local_iterations: 1000
  precision: 32 bits (<class 'numpy.float32'>)
  run_name: onlyLS
--------------------------------------------------
Generating 128 random solutions...
Applying local search to 128 solutions...
Results saved to: results/barabasi_albert_10ins_m20/onlyLS/ba_1048576_1_1.csv
Best energy: -246854839.000000
Total time: 7.6131s
Local search iterations: 51
----------------------------------------
  Seed 7/10 (seed=48)
Initialized onlyLS solver (GPU local search only). Results will be saved under 'onlyLS'.
Parameters:
  instance_name: ba_1048576_1_1.txt
  dataset: barabasi_albert_10ins_m20
  random_seed: 48
  n_random_solutions: 128
  max_local_iterations: 1000
  precision: 32 bits (<class 'numpy.float32'>)
  run_name: onlyLS
--------------------------------------------------
Generating 128 random solutions...
Applying local search to 128 solutions...
Results saved to: results/barabasi_albert_10ins_m20/onlyLS/ba_1048576_1_1.csv
Best energy: -246736321.000000
Total time: 7.8085s
Local search iterations: 53
----------------------------------------
  Seed 8/10 (seed=49)
Initialized onlyLS solver (GPU local search only). Results will be saved under 'onlyLS'.
Parameters:
  instance_name: ba_1048576_1_1.txt
  dataset: barabasi_albert_10ins_m20
  random_seed: 49
  n_random_solutions: 128
  max_local_iterations: 1000
  precision: 32 bits (<class 'numpy.float32'>)
  run_name: onlyLS
--------------------------------------------------
Generating 128 random solutions...
Applying local search to 128 solutions...
Results saved to: results/barabasi_albert_10ins_m20/onlyLS/ba_1048576_1_1.csv
Best energy: -246678421.000000
Total time: 7.5273s
Local search iterations: 50
----------------------------------------
  Seed 9/10 (seed=50)
Initialized onlyLS solver (GPU local search only). Results will be saved under 'onlyLS'.
Parameters:
  instance_name: ba_1048576_1_1.txt
  dataset: barabasi_albert_10ins_m20
  random_seed: 50
  n_random_solutions: 128
  max_local_iterations: 1000
  precision: 32 bits (<class 'numpy.float32'>)
  run_name: onlyLS
--------------------------------------------------
Generating 128 random solutions...
Applying local search to 128 solutions...
Results saved to: results/barabasi_albert_10ins_m20/onlyLS/ba_1048576_1_1.csv
Best energy: -246697203.000000
Total time: 8.0045s
Local search iterations: 53
----------------------------------------
  Seed 10/10 (seed=51)
Initialized onlyLS solver (GPU local search only). Results will be saved under 'onlyLS'.
Parameters:
  instance_name: ba_1048576_1_1.txt
  dataset: barabasi_albert_10ins_m20
  random_seed: 51
  n_random_solutions: 128
  max_local_iterations: 1000
  precision: 32 bits (<class 'numpy.float32'>)
  run_name: onlyLS
--------------------------------------------------
Generating 128 random solutions...
Applying local search to 128 solutions...
Results saved to: results/barabasi_albert_10ins_m20/onlyLS/ba_1048576_1_1.csv
Best energy: -246735825.000000
Total time: 7.8064s
Local search iterations: 53
----------------------------------------
Processing instance: ba_1048576_1_2.txt
  Seed 1/10 (seed=42)
Initialized onlyLS solver (GPU local search only). Results will be saved under 'onlyLS'.
Parameters:
  instance_name: ba_1048576_1_2.txt
  dataset: barabasi_albert_10ins_m20
  random_seed: 42
  n_random_solutions: 128
  max_local_iterations: 1000
  precision: 32 bits (<class 'numpy.float32'>)
  run_name: onlyLS
--------------------------------------------------
Generating 128 random solutions...
Applying local search to 128 solutions...
Results saved to: results/barabasi_albert_10ins_m20/onlyLS/ba_1048576_1_2.csv
Best energy: -246718712.000000
Total time: 7.5081s
Local search iterations: 49
----------------------------------------
  Seed 2/10 (seed=43)
Initialized onlyLS solver (GPU local search only). Results will be saved under 'onlyLS'.
Parameters:
  instance_name: ba_1048576_1_2.txt
  dataset: barabasi_albert_10ins_m20
  random_seed: 43
  n_random_solutions: 128
  max_local_iterations: 1000
  precision: 32 bits (<class 'numpy.float32'>)
  run_name: onlyLS
--------------------------------------------------
Generating 128 random solutions...
Applying local search to 128 solutions...
Results saved to: results/barabasi_albert_10ins_m20/onlyLS/ba_1048576_1_2.csv
Best energy: -246761518.000000
Total time: 7.1740s
Local search iterations: 47
----------------------------------------
  Seed 3/10 (seed=44)
Initialized onlyLS solver (GPU local search only). Results will be saved under 'onlyLS'.
Parameters:
  instance_name: ba_1048576_1_2.txt
  dataset: barabasi_albert_10ins_m20
  random_seed: 44
  n_random_solutions: 128
  max_local_iterations: 1000
  precision: 32 bits (<class 'numpy.float32'>)
  run_name: onlyLS
--------------------------------------------------
Generating 128 random solutions...
Applying local search to 128 solutions...
Results saved to: results/barabasi_albert_10ins_m20/onlyLS/ba_1048576_1_2.csv
Best energy: -246834164.000000
Total time: 7.6299s
Local search iterations: 52
----------------------------------------
  Seed 4/10 (seed=45)
Initialized onlyLS solver (GPU local search only). Results will be saved under 'onlyLS'.
Parameters:
  instance_name: ba_1048576_1_2.txt
  dataset: barabasi_albert_10ins_m20
  random_seed: 45
  n_random_solutions: 128
  max_local_iterations: 1000
  precision: 32 bits (<class 'numpy.float32'>)
  run_name: onlyLS
--------------------------------------------------
Generating 128 random solutions...
Applying local search to 128 solutions...
Results saved to: results/barabasi_albert_10ins_m20/onlyLS/ba_1048576_1_2.csv
Best energy: -246834068.000000
Total time: 7.4605s
Local search iterations: 50
----------------------------------------
  Seed 5/10 (seed=46)
Initialized onlyLS solver (GPU local search only). Results will be saved under 'onlyLS'.
Parameters:
  instance_name: ba_1048576_1_2.txt
  dataset: barabasi_albert_10ins_m20
  random_seed: 46
  n_random_solutions: 128
  max_local_iterations: 1000
  precision: 32 bits (<class 'numpy.float32'>)
  run_name: onlyLS
--------------------------------------------------
Generating 128 random solutions...
Applying local search to 128 solutions...
Results saved to: results/barabasi_albert_10ins_m20/onlyLS/ba_1048576_1_2.csv
Best energy: -246719526.000000
Total time: 7.4795s
Local search iterations: 50
----------------------------------------
  Seed 6/10 (seed=47)
Initialized onlyLS solver (GPU local search only). Results will be saved under 'onlyLS'.
Parameters:
  instance_name: ba_1048576_1_2.txt
  dataset: barabasi_albert_10ins_m20
  random_seed: 47
  n_random_solutions: 128
  max_local_iterations: 1000
  precision: 32 bits (<class 'numpy.float32'>)
  run_name: onlyLS
--------------------------------------------------
Generating 128 random solutions...
Applying local search to 128 solutions...
Results saved to: results/barabasi_albert_10ins_m20/onlyLS/ba_1048576_1_2.csv
Best energy: -246726528.000000
Total time: 7.6727s
Local search iterations: 52
----------------------------------------
  Seed 7/10 (seed=48)
Initialized onlyLS solver (GPU local search only). Results will be saved under 'onlyLS'.
Parameters:
  instance_name: ba_1048576_1_2.txt
  dataset: barabasi_albert_10ins_m20
  random_seed: 48
  n_random_solutions: 128
  max_local_iterations: 1000
  precision: 32 bits (<class 'numpy.float32'>)
  run_name: onlyLS
--------------------------------------------------
Generating 128 random solutions...
Applying local search to 128 solutions...
Results saved to: results/barabasi_albert_10ins_m20/onlyLS/ba_1048576_1_2.csv
Best energy: -246741804.000000
Total time: 7.5208s
Local search iterations: 50
----------------------------------------
  Seed 8/10 (seed=49)
Initialized onlyLS solver (GPU local search only). Results will be saved under 'onlyLS'.
Parameters:
  instance_name: ba_1048576_1_2.txt
  dataset: barabasi_albert_10ins_m20
  random_seed: 49
  n_random_solutions: 128
  max_local_iterations: 1000
  precision: 32 bits (<class 'numpy.float32'>)
  run_name: onlyLS
--------------------------------------------------
Generating 128 random solutions...
Applying local search to 128 solutions...
Results saved to: results/barabasi_albert_10ins_m20/onlyLS/ba_1048576_1_2.csv
Best energy: -246738232.000000
Total time: 7.2441s
Local search iterations: 47
----------------------------------------
  Seed 9/10 (seed=50)
Initialized onlyLS solver (GPU local search only). Results will be saved under 'onlyLS'.
Parameters:
  instance_name: ba_1048576_1_2.txt
  dataset: barabasi_albert_10ins_m20
  random_seed: 50
  n_random_solutions: 128
  max_local_iterations: 1000
  precision: 32 bits (<class 'numpy.float32'>)
  run_name: onlyLS
--------------------------------------------------
Generating 128 random solutions...
Applying local search to 128 solutions...
Results saved to: results/barabasi_albert_10ins_m20/onlyLS/ba_1048576_1_2.csv
Best energy: -246618090.000000
Total time: 7.5119s
Local search iterations: 50
----------------------------------------
  Seed 10/10 (seed=51)
Initialized onlyLS solver (GPU local search only). Results will be saved under 'onlyLS'.
Parameters:
  instance_name: ba_1048576_1_2.txt
  dataset: barabasi_albert_10ins_m20
  random_seed: 51
  n_random_solutions: 128
  max_local_iterations: 1000
  precision: 32 bits (<class 'numpy.float32'>)
  run_name: onlyLS
--------------------------------------------------
Generating 128 random solutions...
Applying local search to 128 solutions...
Results saved to: results/barabasi_albert_10ins_m20/onlyLS/ba_1048576_1_2.csv
Best energy: -246692158.000000
Total time: 7.6164s
Local search iterations: 51
----------------------------------------
Processing instance: ba_1048576_1_3.txt
  Seed 1/10 (seed=42)
Initialized onlyLS solver (GPU local search only). Results will be saved under 'onlyLS'.
Parameters:
  instance_name: ba_1048576_1_3.txt
  dataset: barabasi_albert_10ins_m20
  random_seed: 42
  n_random_solutions: 128
  max_local_iterations: 1000
  precision: 32 bits (<class 'numpy.float32'>)
  run_name: onlyLS
--------------------------------------------------
Generating 128 random solutions...
Applying local search to 128 solutions...
Results saved to: results/barabasi_albert_10ins_m20/onlyLS/ba_1048576_1_3.csv
Best energy: -246666037.000000
Total time: 7.2391s
Local search iterations: 46
----------------------------------------
  Seed 2/10 (seed=43)
Initialized onlyLS solver (GPU local search only). Results will be saved under 'onlyLS'.
Parameters:
  instance_name: ba_1048576_1_3.txt
  dataset: barabasi_albert_10ins_m20
  random_seed: 43
  n_random_solutions: 128
  max_local_iterations: 1000
  precision: 32 bits (<class 'numpy.float32'>)
  run_name: onlyLS
--------------------------------------------------
Generating 128 random solutions...
Applying local search to 128 solutions...
Results saved to: results/barabasi_albert_10ins_m20/onlyLS/ba_1048576_1_3.csv
Best energy: -246642863.000000
Total time: 8.3161s
Local search iterations: 60
----------------------------------------
  Seed 3/10 (seed=44)
Initialized onlyLS solver (GPU local search only). Results will be saved under 'onlyLS'.
Parameters:
  instance_name: ba_1048576_1_3.txt
  dataset: barabasi_albert_10ins_m20
  random_seed: 44
  n_random_solutions: 128
  max_local_iterations: 1000
  precision: 32 bits (<class 'numpy.float32'>)
  run_name: onlyLS
--------------------------------------------------
Generating 128 random solutions...
Applying local search to 128 solutions...
Results saved to: results/barabasi_albert_10ins_m20/onlyLS/ba_1048576_1_3.csv
Best energy: -246836381.000000
Total time: 7.7195s
Local search iterations: 53
----------------------------------------
  Seed 4/10 (seed=45)
Initialized onlyLS solver (GPU local search only). Results will be saved under 'onlyLS'.
Parameters:
  instance_name: ba_1048576_1_3.txt
  dataset: barabasi_albert_10ins_m20
  random_seed: 45
  n_random_solutions: 128
  max_local_iterations: 1000
  precision: 32 bits (<class 'numpy.float32'>)
  run_name: onlyLS
--------------------------------------------------
Generating 128 random solutions...
Applying local search to 128 solutions...
Results saved to: results/barabasi_albert_10ins_m20/onlyLS/ba_1048576_1_3.csv
Best energy: -246645817.000000
Total time: 7.4612s
Local search iterations: 50
----------------------------------------
  Seed 5/10 (seed=46)
Initialized onlyLS solver (GPU local search only). Results will be saved under 'onlyLS'.
Parameters:
  instance_name: ba_1048576_1_3.txt
  dataset: barabasi_albert_10ins_m20
  random_seed: 46
  n_random_solutions: 128
  max_local_iterations: 1000
  precision: 32 bits (<class 'numpy.float32'>)
  run_name: onlyLS
--------------------------------------------------
Generating 128 random solutions...
Applying local search to 128 solutions...
Results saved to: results/barabasi_albert_10ins_m20/onlyLS/ba_1048576_1_3.csv
Best energy: -246679491.000000
Total time: 7.2864s
Local search iterations: 48
----------------------------------------
  Seed 6/10 (seed=47)
Initialized onlyLS solver (GPU local search only). Results will be saved under 'onlyLS'.
Parameters:
  instance_name: ba_1048576_1_3.txt
  dataset: barabasi_albert_10ins_m20
  random_seed: 47
  n_random_solutions: 128
  max_local_iterations: 1000
  precision: 32 bits (<class 'numpy.float32'>)
  run_name: onlyLS
--------------------------------------------------
Generating 128 random solutions...
Applying local search to 128 solutions...
Results saved to: results/barabasi_albert_10ins_m20/onlyLS/ba_1048576_1_3.csv
Best energy: -246695691.000000
Total time: 7.3009s
Local search iterations: 47
----------------------------------------
  Seed 7/10 (seed=48)
Initialized onlyLS solver (GPU local search only). Results will be saved under 'onlyLS'.
Parameters:
  instance_name: ba_1048576_1_3.txt
  dataset: barabasi_albert_10ins_m20
  random_seed: 48
  n_random_solutions: 128
  max_local_iterations: 1000
  precision: 32 bits (<class 'numpy.float32'>)
  run_name: onlyLS
--------------------------------------------------
Generating 128 random solutions...
Applying local search to 128 solutions...
Results saved to: results/barabasi_albert_10ins_m20/onlyLS/ba_1048576_1_3.csv
Best energy: -246571643.000000
Total time: 7.2323s
Local search iterations: 45
----------------------------------------
  Seed 8/10 (seed=49)
Initialized onlyLS solver (GPU local search only). Results will be saved under 'onlyLS'.
Parameters:
  instance_name: ba_1048576_1_3.txt
  dataset: barabasi_albert_10ins_m20
  random_seed: 49
  n_random_solutions: 128
  max_local_iterations: 1000
  precision: 32 bits (<class 'numpy.float32'>)
  run_name: onlyLS
--------------------------------------------------
Generating 128 random solutions...
Applying local search to 128 solutions...
Results saved to: results/barabasi_albert_10ins_m20/onlyLS/ba_1048576_1_3.csv
Best energy: -246578541.000000
Total time: 7.7569s
Local search iterations: 53
----------------------------------------
  Seed 9/10 (seed=50)
Initialized onlyLS solver (GPU local search only). Results will be saved under 'onlyLS'.
Parameters:
  instance_name: ba_1048576_1_3.txt
  dataset: barabasi_albert_10ins_m20
  random_seed: 50
  n_random_solutions: 128
  max_local_iterations: 1000
  precision: 32 bits (<class 'numpy.float32'>)
  run_name: onlyLS
--------------------------------------------------
Generating 128 random solutions...
Applying local search to 128 solutions...
Results saved to: results/barabasi_albert_10ins_m20/onlyLS/ba_1048576_1_3.csv
Best energy: -246732369.000000
Total time: 7.9305s
Local search iterations: 55
----------------------------------------
  Seed 10/10 (seed=51)
Initialized onlyLS solver (GPU local search only). Results will be saved under 'onlyLS'.
Parameters:
  instance_name: ba_1048576_1_3.txt
  dataset: barabasi_albert_10ins_m20
  random_seed: 51
  n_random_solutions: 128
  max_local_iterations: 1000
  precision: 32 bits (<class 'numpy.float32'>)
  run_name: onlyLS
--------------------------------------------------
Generating 128 random solutions...
Applying local search to 128 solutions...
Results saved to: results/barabasi_albert_10ins_m20/onlyLS/ba_1048576_1_3.csv
Best energy: -246699863.000000
Total time: 7.1307s
Local search iterations: 46
----------------------------------------
Processing instance: ba_1048576_1_4.txt
  Seed 1/10 (seed=42)
Initialized onlyLS solver (GPU local search only). Results will be saved under 'onlyLS'.
Parameters:
  instance_name: ba_1048576_1_4.txt
  dataset: barabasi_albert_10ins_m20
  random_seed: 42
  n_random_solutions: 128
  max_local_iterations: 1000
  precision: 32 bits (<class 'numpy.float32'>)
  run_name: onlyLS
--------------------------------------------------
Generating 128 random solutions...
Applying local search to 128 solutions...
Results saved to: results/barabasi_albert_10ins_m20/onlyLS/ba_1048576_1_4.csv
Best energy: -246862484.000000
Total time: 7.4107s
Local search iterations: 49
----------------------------------------
  Seed 2/10 (seed=43)
Initialized onlyLS solver (GPU local search only). Results will be saved under 'onlyLS'.
Parameters:
  instance_name: ba_1048576_1_4.txt
  dataset: barabasi_albert_10ins_m20
  random_seed: 43
  n_random_solutions: 128
  max_local_iterations: 1000
  precision: 32 bits (<class 'numpy.float32'>)
  run_name: onlyLS
--------------------------------------------------
Generating 128 random solutions...
Applying local search to 128 solutions...
Results saved to: results/barabasi_albert_10ins_m20/onlyLS/ba_1048576_1_4.csv
Best energy: -246731792.000000
Total time: 7.7814s
Local search iterations: 54
----------------------------------------
  Seed 3/10 (seed=44)
Initialized onlyLS solver (GPU local search only). Results will be saved under 'onlyLS'.
Parameters:
  instance_name: ba_1048576_1_4.txt
  dataset: barabasi_albert_10ins_m20
  random_seed: 44
  n_random_solutions: 128
  max_local_iterations: 1000
  precision: 32 bits (<class 'numpy.float32'>)
  run_name: onlyLS
--------------------------------------------------
Generating 128 random solutions...
Applying local search to 128 solutions...
Results saved to: results/barabasi_albert_10ins_m20/onlyLS/ba_1048576_1_4.csv
Best energy: -246789920.000000
Total time: 6.9304s
Local search iterations: 44
----------------------------------------
  Seed 4/10 (seed=45)
Initialized onlyLS solver (GPU local search only). Results will be saved under 'onlyLS'.
Parameters:
  instance_name: ba_1048576_1_4.txt
  dataset: barabasi_albert_10ins_m20
  random_seed: 45
  n_random_solutions: 128
  max_local_iterations: 1000
  precision: 32 bits (<class 'numpy.float32'>)
  run_name: onlyLS
--------------------------------------------------
Generating 128 random solutions...
Applying local search to 128 solutions...
Results saved to: results/barabasi_albert_10ins_m20/onlyLS/ba_1048576_1_4.csv
Best energy: -246783928.000000
Total time: 8.1921s
Local search iterations: 57
----------------------------------------
  Seed 5/10 (seed=46)
Initialized onlyLS solver (GPU local search only). Results will be saved under 'onlyLS'.
Parameters:
  instance_name: ba_1048576_1_4.txt
  dataset: barabasi_albert_10ins_m20
  random_seed: 46
  n_random_solutions: 128
  max_local_iterations: 1000
  precision: 32 bits (<class 'numpy.float32'>)
  run_name: onlyLS
--------------------------------------------------
Generating 128 random solutions...
Applying local search to 128 solutions...
Results saved to: results/barabasi_albert_10ins_m20/onlyLS/ba_1048576_1_4.csv
Best energy: -246929434.000000
Total time: 7.2447s
Local search iterations: 44
----------------------------------------
  Seed 6/10 (seed=47)
Initialized onlyLS solver (GPU local search only). Results will be saved under 'onlyLS'.
Parameters:
  instance_name: ba_1048576_1_4.txt
  dataset: barabasi_albert_10ins_m20
  random_seed: 47
  n_random_solutions: 128
  max_local_iterations: 1000
  precision: 32 bits (<class 'numpy.float32'>)
  run_name: onlyLS
--------------------------------------------------
Generating 128 random solutions...
Applying local search to 128 solutions...
Results saved to: results/barabasi_albert_10ins_m20/onlyLS/ba_1048576_1_4.csv
Best energy: -246712960.000000
Total time: 7.5551s
Local search iterations: 45
----------------------------------------
  Seed 7/10 (seed=48)
Initialized onlyLS solver (GPU local search only). Results will be saved under 'onlyLS'.
Parameters:
  instance_name: ba_1048576_1_4.txt
  dataset: barabasi_albert_10ins_m20
  random_seed: 48
  n_random_solutions: 128
  max_local_iterations: 1000
  precision: 32 bits (<class 'numpy.float32'>)
  run_name: onlyLS
--------------------------------------------------
Generating 128 random solutions...
Applying local search to 128 solutions...
Results saved to: results/barabasi_albert_10ins_m20/onlyLS/ba_1048576_1_4.csv
Best energy: -246757298.000000
Total time: 7.5204s
Local search iterations: 50
----------------------------------------
  Seed 8/10 (seed=49)
Initialized onlyLS solver (GPU local search only). Results will be saved under 'onlyLS'.
Parameters:
  instance_name: ba_1048576_1_4.txt
  dataset: barabasi_albert_10ins_m20
  random_seed: 49
  n_random_solutions: 128
  max_local_iterations: 1000
  precision: 32 bits (<class 'numpy.float32'>)
  run_name: onlyLS
--------------------------------------------------
Generating 128 random solutions...
Applying local search to 128 solutions...
Results saved to: results/barabasi_albert_10ins_m20/onlyLS/ba_1048576_1_4.csv
Best energy: -246750728.000000
Total time: 7.2590s
Local search iterations: 47
----------------------------------------
  Seed 9/10 (seed=50)
Initialized onlyLS solver (GPU local search only). Results will be saved under 'onlyLS'.
Parameters:
  instance_name: ba_1048576_1_4.txt
  dataset: barabasi_albert_10ins_m20
  random_seed: 50
  n_random_solutions: 128
  max_local_iterations: 1000
  precision: 32 bits (<class 'numpy.float32'>)
  run_name: onlyLS
--------------------------------------------------
Generating 128 random solutions...
Applying local search to 128 solutions...
Results saved to: results/barabasi_albert_10ins_m20/onlyLS/ba_1048576_1_4.csv
Best energy: -246765164.000000
Total time: 7.8748s
Local search iterations: 54
----------------------------------------
  Seed 10/10 (seed=51)
Initialized onlyLS solver (GPU local search only). Results will be saved under 'onlyLS'.
Parameters:
  instance_name: ba_1048576_1_4.txt
  dataset: barabasi_albert_10ins_m20
  random_seed: 51
  n_random_solutions: 128
  max_local_iterations: 1000
  precision: 32 bits (<class 'numpy.float32'>)
  run_name: onlyLS
--------------------------------------------------
Generating 128 random solutions...
Applying local search to 128 solutions...
Results saved to: results/barabasi_albert_10ins_m20/onlyLS/ba_1048576_1_4.csv
Best energy: -246804678.000000
Total time: 7.1673s
Local search iterations: 46
----------------------------------------
Processing instance: ba_1048576_1_5.txt
  Seed 1/10 (seed=42)
Initialized onlyLS solver (GPU local search only). Results will be saved under 'onlyLS'.
Parameters:
  instance_name: ba_1048576_1_5.txt
  dataset: barabasi_albert_10ins_m20
  random_seed: 42
  n_random_solutions: 128
  max_local_iterations: 1000
  precision: 32 bits (<class 'numpy.float32'>)
  run_name: onlyLS
--------------------------------------------------
Generating 128 random solutions...
Applying local search to 128 solutions...
Results saved to: results/barabasi_albert_10ins_m20/onlyLS/ba_1048576_1_5.csv
Best energy: -246849080.000000
Total time: 7.1369s
Local search iterations: 45
----------------------------------------
  Seed 2/10 (seed=43)
Initialized onlyLS solver (GPU local search only). Results will be saved under 'onlyLS'.
Parameters:
  instance_name: ba_1048576_1_5.txt
  dataset: barabasi_albert_10ins_m20
  random_seed: 43
  n_random_solutions: 128
  max_local_iterations: 1000
  precision: 32 bits (<class 'numpy.float32'>)
  run_name: onlyLS
--------------------------------------------------
Generating 128 random solutions...
Applying local search to 128 solutions...
Results saved to: results/barabasi_albert_10ins_m20/onlyLS/ba_1048576_1_5.csv
Best energy: -246627026.000000
Total time: 7.6809s
Local search iterations: 53
----------------------------------------
  Seed 3/10 (seed=44)
Initialized onlyLS solver (GPU local search only). Results will be saved under 'onlyLS'.
Parameters:
  instance_name: ba_1048576_1_5.txt
  dataset: barabasi_albert_10ins_m20
  random_seed: 44
  n_random_solutions: 128
  max_local_iterations: 1000
  precision: 32 bits (<class 'numpy.float32'>)
  run_name: onlyLS
--------------------------------------------------
Generating 128 random solutions...
Applying local search to 128 solutions...
Results saved to: results/barabasi_albert_10ins_m20/onlyLS/ba_1048576_1_5.csv
Best energy: -246708738.000000
Total time: 6.9988s
Local search iterations: 45
----------------------------------------
  Seed 4/10 (seed=45)
Initialized onlyLS solver (GPU local search only). Results will be saved under 'onlyLS'.
Parameters:
  instance_name: ba_1048576_1_5.txt
  dataset: barabasi_albert_10ins_m20
  random_seed: 45
  n_random_solutions: 128
  max_local_iterations: 1000
  precision: 32 bits (<class 'numpy.float32'>)
  run_name: onlyLS
--------------------------------------------------
Generating 128 random solutions...
Applying local search to 128 solutions...
Results saved to: results/barabasi_albert_10ins_m20/onlyLS/ba_1048576_1_5.csv
Best energy: -246765176.000000
Total time: 6.9147s
Local search iterations: 44
----------------------------------------
  Seed 5/10 (seed=46)
Initialized onlyLS solver (GPU local search only). Results will be saved under 'onlyLS'.
Parameters:
  instance_name: ba_1048576_1_5.txt
  dataset: barabasi_albert_10ins_m20
  random_seed: 46
  n_random_solutions: 128
  max_local_iterations: 1000
  precision: 32 bits (<class 'numpy.float32'>)
  run_name: onlyLS
--------------------------------------------------
Generating 128 random solutions...
Applying local search to 128 solutions...
Results saved to: results/barabasi_albert_10ins_m20/onlyLS/ba_1048576_1_5.csv
Best energy: -246758232.000000
Total time: 7.1762s
Local search iterations: 47
----------------------------------------
  Seed 6/10 (seed=47)
Initialized onlyLS solver (GPU local search only). Results will be saved under 'onlyLS'.
Parameters:
  instance_name: ba_1048576_1_5.txt
  dataset: barabasi_albert_10ins_m20
  random_seed: 47
  n_random_solutions: 128
  max_local_iterations: 1000
  precision: 32 bits (<class 'numpy.float32'>)
  run_name: onlyLS
--------------------------------------------------
Generating 128 random solutions...
Applying local search to 128 solutions...
Results saved to: results/barabasi_albert_10ins_m20/onlyLS/ba_1048576_1_5.csv
Best energy: -246614030.000000
Total time: 7.3664s
Local search iterations: 49
----------------------------------------
  Seed 7/10 (seed=48)
Initialized onlyLS solver (GPU local search only). Results will be saved under 'onlyLS'.
Parameters:
  instance_name: ba_1048576_1_5.txt
  dataset: barabasi_albert_10ins_m20
  random_seed: 48
  n_random_solutions: 128
  max_local_iterations: 1000
  precision: 32 bits (<class 'numpy.float32'>)
  run_name: onlyLS
--------------------------------------------------
Generating 128 random solutions...
Applying local search to 128 solutions...
Results saved to: results/barabasi_albert_10ins_m20/onlyLS/ba_1048576_1_5.csv
Best energy: -246805966.000000
Total time: 7.2925s
Local search iterations: 48
----------------------------------------
  Seed 8/10 (seed=49)
Initialized onlyLS solver (GPU local search only). Results will be saved under 'onlyLS'.
Parameters:
  instance_name: ba_1048576_1_5.txt
  dataset: barabasi_albert_10ins_m20
  random_seed: 49
  n_random_solutions: 128
  max_local_iterations: 1000
  precision: 32 bits (<class 'numpy.float32'>)
  run_name: onlyLS
--------------------------------------------------
Generating 128 random solutions...
Applying local search to 128 solutions...
Results saved to: results/barabasi_albert_10ins_m20/onlyLS/ba_1048576_1_5.csv
Best energy: -246748178.000000
Total time: 8.1878s
Local search iterations: 58
----------------------------------------
  Seed 9/10 (seed=50)
Initialized onlyLS solver (GPU local search only). Results will be saved under 'onlyLS'.
Parameters:
  instance_name: ba_1048576_1_5.txt
  dataset: barabasi_albert_10ins_m20
  random_seed: 50
  n_random_solutions: 128
  max_local_iterations: 1000
  precision: 32 bits (<class 'numpy.float32'>)
  run_name: onlyLS
--------------------------------------------------
Generating 128 random solutions...
Applying local search to 128 solutions...
Results saved to: results/barabasi_albert_10ins_m20/onlyLS/ba_1048576_1_5.csv
Best energy: -246712998.000000
Total time: 7.2891s
Local search iterations: 48
----------------------------------------
  Seed 10/10 (seed=51)
Initialized onlyLS solver (GPU local search only). Results will be saved under 'onlyLS'.
Parameters:
  instance_name: ba_1048576_1_5.txt
  dataset: barabasi_albert_10ins_m20
  random_seed: 51
  n_random_solutions: 128
  max_local_iterations: 1000
  precision: 32 bits (<class 'numpy.float32'>)
  run_name: onlyLS
--------------------------------------------------
Generating 128 random solutions...
Applying local search to 128 solutions...
Results saved to: results/barabasi_albert_10ins_m20/onlyLS/ba_1048576_1_5.csv
Best energy: -246873260.000000
Total time: 7.5713s
Local search iterations: 51
----------------------------------------
Processing instance: ba_1048576_1_6.txt
  Seed 1/10 (seed=42)
Initialized onlyLS solver (GPU local search only). Results will be saved under 'onlyLS'.
Parameters:
  instance_name: ba_1048576_1_6.txt
  dataset: barabasi_albert_10ins_m20
  random_seed: 42
  n_random_solutions: 128
  max_local_iterations: 1000
  precision: 32 bits (<class 'numpy.float32'>)
  run_name: onlyLS
--------------------------------------------------
Generating 128 random solutions...
Applying local search to 128 solutions...
Results saved to: results/barabasi_albert_10ins_m20/onlyLS/ba_1048576_1_6.csv
Best energy: -246628679.000000
Total time: 7.1595s
Local search iterations: 46
----------------------------------------
  Seed 2/10 (seed=43)
Initialized onlyLS solver (GPU local search only). Results will be saved under 'onlyLS'.
Parameters:
  instance_name: ba_1048576_1_6.txt
  dataset: barabasi_albert_10ins_m20
  random_seed: 43
  n_random_solutions: 128
  max_local_iterations: 1000
  precision: 32 bits (<class 'numpy.float32'>)
  run_name: onlyLS
--------------------------------------------------
Generating 128 random solutions...
Applying local search to 128 solutions...
Results saved to: results/barabasi_albert_10ins_m20/onlyLS/ba_1048576_1_6.csv
Best energy: -246971287.000000
Total time: 7.5519s
Local search iterations: 51
----------------------------------------
  Seed 3/10 (seed=44)
Initialized onlyLS solver (GPU local search only). Results will be saved under 'onlyLS'.
Parameters:
  instance_name: ba_1048576_1_6.txt
  dataset: barabasi_albert_10ins_m20
  random_seed: 44
  n_random_solutions: 128
  max_local_iterations: 1000
  precision: 32 bits (<class 'numpy.float32'>)
  run_name: onlyLS
--------------------------------------------------
Generating 128 random solutions...
Applying local search to 128 solutions...
Results saved to: results/barabasi_albert_10ins_m20/onlyLS/ba_1048576_1_6.csv
Best energy: -246814709.000000
Total time: 7.0303s
Local search iterations: 45
----------------------------------------
  Seed 4/10 (seed=45)
Initialized onlyLS solver (GPU local search only). Results will be saved under 'onlyLS'.
Parameters:
  instance_name: ba_1048576_1_6.txt
  dataset: barabasi_albert_10ins_m20
  random_seed: 45
  n_random_solutions: 128
  max_local_iterations: 1000
  precision: 32 bits (<class 'numpy.float32'>)
  run_name: onlyLS
--------------------------------------------------
Generating 128 random solutions...
Applying local search to 128 solutions...
Results saved to: results/barabasi_albert_10ins_m20/onlyLS/ba_1048576_1_6.csv
Best energy: -246624409.000000
Total time: 7.9266s
Local search iterations: 55
----------------------------------------
  Seed 5/10 (seed=46)
Initialized onlyLS solver (GPU local search only). Results will be saved under 'onlyLS'.
Parameters:
  instance_name: ba_1048576_1_6.txt
  dataset: barabasi_albert_10ins_m20
  random_seed: 46
  n_random_solutions: 128
  max_local_iterations: 1000
  precision: 32 bits (<class 'numpy.float32'>)
  run_name: onlyLS
--------------------------------------------------
Generating 128 random solutions...
Applying local search to 128 solutions...
Results saved to: results/barabasi_albert_10ins_m20/onlyLS/ba_1048576_1_6.csv
Best energy: -246667583.000000
Total time: 8.1055s
Local search iterations: 57
----------------------------------------
  Seed 6/10 (seed=47)
Initialized onlyLS solver (GPU local search only). Results will be saved under 'onlyLS'.
Parameters:
  instance_name: ba_1048576_1_6.txt
  dataset: barabasi_albert_10ins_m20
  random_seed: 47
  n_random_solutions: 128
  max_local_iterations: 1000
  precision: 32 bits (<class 'numpy.float32'>)
  run_name: onlyLS
--------------------------------------------------
Generating 128 random solutions...
Applying local search to 128 solutions...
Results saved to: results/barabasi_albert_10ins_m20/onlyLS/ba_1048576_1_6.csv
Best energy: -246696393.000000
Total time: 7.1375s
Local search iterations: 46
----------------------------------------
  Seed 7/10 (seed=48)
Initialized onlyLS solver (GPU local search only). Results will be saved under 'onlyLS'.
Parameters:
  instance_name: ba_1048576_1_6.txt
  dataset: barabasi_albert_10ins_m20
  random_seed: 48
  n_random_solutions: 128
  max_local_iterations: 1000
  precision: 32 bits (<class 'numpy.float32'>)
  run_name: onlyLS
--------------------------------------------------
Generating 128 random solutions...
Applying local search to 128 solutions...
Results saved to: results/barabasi_albert_10ins_m20/onlyLS/ba_1048576_1_6.csv
Best energy: -246745637.000000
Total time: 7.0554s
Local search iterations: 45
----------------------------------------
  Seed 8/10 (seed=49)
Initialized onlyLS solver (GPU local search only). Results will be saved under 'onlyLS'.
Parameters:
  instance_name: ba_1048576_1_6.txt
  dataset: barabasi_albert_10ins_m20
  random_seed: 49
  n_random_solutions: 128
  max_local_iterations: 1000
  precision: 32 bits (<class 'numpy.float32'>)
  run_name: onlyLS
--------------------------------------------------
Generating 128 random solutions...
Applying local search to 128 solutions...
Results saved to: results/barabasi_albert_10ins_m20/onlyLS/ba_1048576_1_6.csv
Best energy: -246665235.000000
Total time: 7.4133s
Local search iterations: 49
----------------------------------------
  Seed 9/10 (seed=50)
Initialized onlyLS solver (GPU local search only). Results will be saved under 'onlyLS'.
Parameters:
  instance_name: ba_1048576_1_6.txt
  dataset: barabasi_albert_10ins_m20
  random_seed: 50
  n_random_solutions: 128
  max_local_iterations: 1000
  precision: 32 bits (<class 'numpy.float32'>)
  run_name: onlyLS
--------------------------------------------------
Generating 128 random solutions...
Applying local search to 128 solutions...
Results saved to: results/barabasi_albert_10ins_m20/onlyLS/ba_1048576_1_6.csv
Best energy: -246665967.000000
Total time: 7.2300s
Local search iterations: 47
----------------------------------------
  Seed 10/10 (seed=51)
Initialized onlyLS solver (GPU local search only). Results will be saved under 'onlyLS'.
Parameters:
  instance_name: ba_1048576_1_6.txt
  dataset: barabasi_albert_10ins_m20
  random_seed: 51
  n_random_solutions: 128
  max_local_iterations: 1000
  precision: 32 bits (<class 'numpy.float32'>)
  run_name: onlyLS
--------------------------------------------------
Generating 128 random solutions...
Applying local search to 128 solutions...
Results saved to: results/barabasi_albert_10ins_m20/onlyLS/ba_1048576_1_6.csv
Best energy: -246707145.000000
Total time: 7.2421s
Local search iterations: 47
----------------------------------------
Processing instance: ba_1048576_1_7.txt
  Seed 1/10 (seed=42)
Initialized onlyLS solver (GPU local search only). Results will be saved under 'onlyLS'.
Parameters:
  instance_name: ba_1048576_1_7.txt
  dataset: barabasi_albert_10ins_m20
  random_seed: 42
  n_random_solutions: 128
  max_local_iterations: 1000
  precision: 32 bits (<class 'numpy.float32'>)
  run_name: onlyLS
--------------------------------------------------
Generating 128 random solutions...
Applying local search to 128 solutions...
Results saved to: results/barabasi_albert_10ins_m20/onlyLS/ba_1048576_1_7.csv
Best energy: -246676154.000000
Total time: 8.0253s
Local search iterations: 56
----------------------------------------
  Seed 2/10 (seed=43)
Initialized onlyLS solver (GPU local search only). Results will be saved under 'onlyLS'.
Parameters:
  instance_name: ba_1048576_1_7.txt
  dataset: barabasi_albert_10ins_m20
  random_seed: 43
  n_random_solutions: 128
  max_local_iterations: 1000
  precision: 32 bits (<class 'numpy.float32'>)
  run_name: onlyLS
--------------------------------------------------
Generating 128 random solutions...
Applying local search to 128 solutions...
Results saved to: results/barabasi_albert_10ins_m20/onlyLS/ba_1048576_1_7.csv
Best energy: -246662238.000000
Total time: 7.4198s
Local search iterations: 50
----------------------------------------
  Seed 3/10 (seed=44)
Initialized onlyLS solver (GPU local search only). Results will be saved under 'onlyLS'.
Parameters:
  instance_name: ba_1048576_1_7.txt
  dataset: barabasi_albert_10ins_m20
  random_seed: 44
  n_random_solutions: 128
  max_local_iterations: 1000
  precision: 32 bits (<class 'numpy.float32'>)
  run_name: onlyLS
--------------------------------------------------
Generating 128 random solutions...
Applying local search to 128 solutions...
Results saved to: results/barabasi_albert_10ins_m20/onlyLS/ba_1048576_1_7.csv
Best energy: -246693110.000000
Total time: 7.7778s
Local search iterations: 54
----------------------------------------
  Seed 4/10 (seed=45)
Initialized onlyLS solver (GPU local search only). Results will be saved under 'onlyLS'.
Parameters:
  instance_name: ba_1048576_1_7.txt
  dataset: barabasi_albert_10ins_m20
  random_seed: 45
  n_random_solutions: 128
  max_local_iterations: 1000
  precision: 32 bits (<class 'numpy.float32'>)
  run_name: onlyLS
--------------------------------------------------
Generating 128 random solutions...
Applying local search to 128 solutions...
Results saved to: results/barabasi_albert_10ins_m20/onlyLS/ba_1048576_1_7.csv
Best energy: -246624044.000000
Total time: 7.7927s
Local search iterations: 54
----------------------------------------
  Seed 5/10 (seed=46)
Initialized onlyLS solver (GPU local search only). Results will be saved under 'onlyLS'.
Parameters:
  instance_name: ba_1048576_1_7.txt
  dataset: barabasi_albert_10ins_m20
  random_seed: 46
  n_random_solutions: 128
  max_local_iterations: 1000
  precision: 32 bits (<class 'numpy.float32'>)
  run_name: onlyLS
--------------------------------------------------
Generating 128 random solutions...
Applying local search to 128 solutions...
Results saved to: results/barabasi_albert_10ins_m20/onlyLS/ba_1048576_1_7.csv
Best energy: -246703054.000000
Total time: 7.0046s
Local search iterations: 45
----------------------------------------
  Seed 6/10 (seed=47)
Initialized onlyLS solver (GPU local search only). Results will be saved under 'onlyLS'.
Parameters:
  instance_name: ba_1048576_1_7.txt
  dataset: barabasi_albert_10ins_m20
  random_seed: 47
  n_random_solutions: 128
  max_local_iterations: 1000
  precision: 32 bits (<class 'numpy.float32'>)
  run_name: onlyLS
--------------------------------------------------
Generating 128 random solutions...
Applying local search to 128 solutions...
Results saved to: results/barabasi_albert_10ins_m20/onlyLS/ba_1048576_1_7.csv
Best energy: -246679754.000000
Total time: 7.4855s
Local search iterations: 48
----------------------------------------
  Seed 7/10 (seed=48)
Initialized onlyLS solver (GPU local search only). Results will be saved under 'onlyLS'.
Parameters:
  instance_name: ba_1048576_1_7.txt
  dataset: barabasi_albert_10ins_m20
  random_seed: 48
  n_random_solutions: 128
  max_local_iterations: 1000
  precision: 32 bits (<class 'numpy.float32'>)
  run_name: onlyLS
--------------------------------------------------
Generating 128 random solutions...
Applying local search to 128 solutions...
Results saved to: results/barabasi_albert_10ins_m20/onlyLS/ba_1048576_1_7.csv
Best energy: -246719838.000000
Total time: 7.7585s
Local search iterations: 53
----------------------------------------
  Seed 8/10 (seed=49)
Initialized onlyLS solver (GPU local search only). Results will be saved under 'onlyLS'.
Parameters:
  instance_name: ba_1048576_1_7.txt
  dataset: barabasi_albert_10ins_m20
  random_seed: 49
  n_random_solutions: 128
  max_local_iterations: 1000
  precision: 32 bits (<class 'numpy.float32'>)
  run_name: onlyLS
--------------------------------------------------
Generating 128 random solutions...
Applying local search to 128 solutions...
Results saved to: results/barabasi_albert_10ins_m20/onlyLS/ba_1048576_1_7.csv
Best energy: -246650484.000000
Total time: 7.8110s
Local search iterations: 48
----------------------------------------
  Seed 9/10 (seed=50)
Initialized onlyLS solver (GPU local search only). Results will be saved under 'onlyLS'.
Parameters:
  instance_name: ba_1048576_1_7.txt
  dataset: barabasi_albert_10ins_m20
  random_seed: 50
  n_random_solutions: 128
  max_local_iterations: 1000
  precision: 32 bits (<class 'numpy.float32'>)
  run_name: onlyLS
--------------------------------------------------
Generating 128 random solutions...
Applying local search to 128 solutions...
Results saved to: results/barabasi_albert_10ins_m20/onlyLS/ba_1048576_1_7.csv
Best energy: -246835044.000000
Total time: 7.2270s
Local search iterations: 47
----------------------------------------
  Seed 10/10 (seed=51)
Initialized onlyLS solver (GPU local search only). Results will be saved under 'onlyLS'.
Parameters:
  instance_name: ba_1048576_1_7.txt
  dataset: barabasi_albert_10ins_m20
  random_seed: 51
  n_random_solutions: 128
  max_local_iterations: 1000
  precision: 32 bits (<class 'numpy.float32'>)
  run_name: onlyLS
--------------------------------------------------
Generating 128 random solutions...
Applying local search to 128 solutions...
Results saved to: results/barabasi_albert_10ins_m20/onlyLS/ba_1048576_1_7.csv
Best energy: -246637236.000000
Total time: 7.3309s
Local search iterations: 48
----------------------------------------
Processing instance: ba_1048576_1_8.txt
  Seed 1/10 (seed=42)
Initialized onlyLS solver (GPU local search only). Results will be saved under 'onlyLS'.
Parameters:
  instance_name: ba_1048576_1_8.txt
  dataset: barabasi_albert_10ins_m20
  random_seed: 42
  n_random_solutions: 128
  max_local_iterations: 1000
  precision: 32 bits (<class 'numpy.float32'>)
  run_name: onlyLS
--------------------------------------------------
Generating 128 random solutions...
Applying local search to 128 solutions...
Results saved to: results/barabasi_albert_10ins_m20/onlyLS/ba_1048576_1_8.csv
Best energy: -246673759.000000
Total time: 8.0171s
Local search iterations: 56
----------------------------------------
  Seed 2/10 (seed=43)
Initialized onlyLS solver (GPU local search only). Results will be saved under 'onlyLS'.
Parameters:
  instance_name: ba_1048576_1_8.txt
  dataset: barabasi_albert_10ins_m20
  random_seed: 43
  n_random_solutions: 128
  max_local_iterations: 1000
  precision: 32 bits (<class 'numpy.float32'>)
  run_name: onlyLS
--------------------------------------------------
Generating 128 random solutions...
Applying local search to 128 solutions...
Results saved to: results/barabasi_albert_10ins_m20/onlyLS/ba_1048576_1_8.csv
Best energy: -246688555.000000
Total time: 7.2528s
Local search iterations: 48
----------------------------------------
  Seed 3/10 (seed=44)
Initialized onlyLS solver (GPU local search only). Results will be saved under 'onlyLS'.
Parameters:
  instance_name: ba_1048576_1_8.txt
  dataset: barabasi_albert_10ins_m20
  random_seed: 44
  n_random_solutions: 128
  max_local_iterations: 1000
  precision: 32 bits (<class 'numpy.float32'>)
  run_name: onlyLS
--------------------------------------------------
Generating 128 random solutions...
Applying local search to 128 solutions...
Results saved to: results/barabasi_albert_10ins_m20/onlyLS/ba_1048576_1_8.csv
Best energy: -246753305.000000
Total time: 7.6166s
Local search iterations: 52
----------------------------------------
  Seed 4/10 (seed=45)
Initialized onlyLS solver (GPU local search only). Results will be saved under 'onlyLS'.
Parameters:
  instance_name: ba_1048576_1_8.txt
  dataset: barabasi_albert_10ins_m20
  random_seed: 45
  n_random_solutions: 128
  max_local_iterations: 1000
  precision: 32 bits (<class 'numpy.float32'>)
  run_name: onlyLS
--------------------------------------------------
Generating 128 random solutions...
Applying local search to 128 solutions...
Results saved to: results/barabasi_albert_10ins_m20/onlyLS/ba_1048576_1_8.csv
Best energy: -246778235.000000
Total time: 7.5338s
Local search iterations: 51
----------------------------------------
  Seed 5/10 (seed=46)
Initialized onlyLS solver (GPU local search only). Results will be saved under 'onlyLS'.
Parameters:
  instance_name: ba_1048576_1_8.txt
  dataset: barabasi_albert_10ins_m20
  random_seed: 46
  n_random_solutions: 128
  max_local_iterations: 1000
  precision: 32 bits (<class 'numpy.float32'>)
  run_name: onlyLS
--------------------------------------------------
Generating 128 random solutions...
Applying local search to 128 solutions...
Results saved to: results/barabasi_albert_10ins_m20/onlyLS/ba_1048576_1_8.csv
Best energy: -246797943.000000
Total time: 6.9104s
Local search iterations: 44
----------------------------------------
  Seed 6/10 (seed=47)
Initialized onlyLS solver (GPU local search only). Results will be saved under 'onlyLS'.
Parameters:
  instance_name: ba_1048576_1_8.txt
  dataset: barabasi_albert_10ins_m20
  random_seed: 47
  n_random_solutions: 128
  max_local_iterations: 1000
  precision: 32 bits (<class 'numpy.float32'>)
  run_name: onlyLS
--------------------------------------------------
Generating 128 random solutions...
Applying local search to 128 solutions...
Results saved to: results/barabasi_albert_10ins_m20/onlyLS/ba_1048576_1_8.csv
Best energy: -246643425.000000
Total time: 7.7209s
Local search iterations: 53
----------------------------------------
  Seed 7/10 (seed=48)
Initialized onlyLS solver (GPU local search only). Results will be saved under 'onlyLS'.
Parameters:
  instance_name: ba_1048576_1_8.txt
  dataset: barabasi_albert_10ins_m20
  random_seed: 48
  n_random_solutions: 128
  max_local_iterations: 1000
  precision: 32 bits (<class 'numpy.float32'>)
  run_name: onlyLS
--------------------------------------------------
Generating 128 random solutions...
Applying local search to 128 solutions...
Results saved to: results/barabasi_albert_10ins_m20/onlyLS/ba_1048576_1_8.csv
Best energy: -246679505.000000
Total time: 7.9167s
Local search iterations: 55
----------------------------------------
  Seed 8/10 (seed=49)
Initialized onlyLS solver (GPU local search only). Results will be saved under 'onlyLS'.
Parameters:
  instance_name: ba_1048576_1_8.txt
  dataset: barabasi_albert_10ins_m20
  random_seed: 49
  n_random_solutions: 128
  max_local_iterations: 1000
  precision: 32 bits (<class 'numpy.float32'>)
  run_name: onlyLS
--------------------------------------------------
Generating 128 random solutions...
Applying local search to 128 solutions...
Results saved to: results/barabasi_albert_10ins_m20/onlyLS/ba_1048576_1_8.csv
Best energy: -246695295.000000
Total time: 7.1202s
Local search iterations: 46
----------------------------------------
  Seed 9/10 (seed=50)
Initialized onlyLS solver (GPU local search only). Results will be saved under 'onlyLS'.
Parameters:
  instance_name: ba_1048576_1_8.txt
  dataset: barabasi_albert_10ins_m20
  random_seed: 50
  n_random_solutions: 128
  max_local_iterations: 1000
  precision: 32 bits (<class 'numpy.float32'>)
  run_name: onlyLS
--------------------------------------------------
Generating 128 random solutions...
Applying local search to 128 solutions...
Results saved to: results/barabasi_albert_10ins_m20/onlyLS/ba_1048576_1_8.csv
Best energy: -246793699.000000
Total time: 7.2900s
Local search iterations: 48
----------------------------------------
  Seed 10/10 (seed=51)
Initialized onlyLS solver (GPU local search only). Results will be saved under 'onlyLS'.
Parameters:
  instance_name: ba_1048576_1_8.txt
  dataset: barabasi_albert_10ins_m20
  random_seed: 51
  n_random_solutions: 128
  max_local_iterations: 1000
  precision: 32 bits (<class 'numpy.float32'>)
  run_name: onlyLS
--------------------------------------------------
Generating 128 random solutions...
Applying local search to 128 solutions...
Results saved to: results/barabasi_albert_10ins_m20/onlyLS/ba_1048576_1_8.csv
Best energy: -246697499.000000
Total time: 7.7445s
Local search iterations: 53
----------------------------------------
Processing instance: ba_1048576_1_9.txt
  Seed 1/10 (seed=42)
Initialized onlyLS solver (GPU local search only). Results will be saved under 'onlyLS'.
Parameters:
  instance_name: ba_1048576_1_9.txt
  dataset: barabasi_albert_10ins_m20
  random_seed: 42
  n_random_solutions: 128
  max_local_iterations: 1000
  precision: 32 bits (<class 'numpy.float32'>)
  run_name: onlyLS
--------------------------------------------------
Generating 128 random solutions...
Applying local search to 128 solutions...
Results saved to: results/barabasi_albert_10ins_m20/onlyLS/ba_1048576_1_9.csv
Best energy: -246719127.000000
Total time: 7.4684s
Local search iterations: 50
----------------------------------------
  Seed 2/10 (seed=43)
Initialized onlyLS solver (GPU local search only). Results will be saved under 'onlyLS'.
Parameters:
  instance_name: ba_1048576_1_9.txt
  dataset: barabasi_albert_10ins_m20
  random_seed: 43
  n_random_solutions: 128
  max_local_iterations: 1000
  precision: 32 bits (<class 'numpy.float32'>)
  run_name: onlyLS
--------------------------------------------------
Generating 128 random solutions...
Applying local search to 128 solutions...
Results saved to: results/barabasi_albert_10ins_m20/onlyLS/ba_1048576_1_9.csv
Best energy: -246871717.000000
Total time: 7.1841s
Local search iterations: 45
----------------------------------------
  Seed 3/10 (seed=44)
Initialized onlyLS solver (GPU local search only). Results will be saved under 'onlyLS'.
Parameters:
  instance_name: ba_1048576_1_9.txt
  dataset: barabasi_albert_10ins_m20
  random_seed: 44
  n_random_solutions: 128
  max_local_iterations: 1000
  precision: 32 bits (<class 'numpy.float32'>)
  run_name: onlyLS
--------------------------------------------------
Generating 128 random solutions...
Applying local search to 128 solutions...
Results saved to: results/barabasi_albert_10ins_m20/onlyLS/ba_1048576_1_9.csv
Best energy: -246628623.000000
Total time: 7.3677s
Local search iterations: 49
----------------------------------------
  Seed 4/10 (seed=45)
Initialized onlyLS solver (GPU local search only). Results will be saved under 'onlyLS'.
Parameters:
  instance_name: ba_1048576_1_9.txt
  dataset: barabasi_albert_10ins_m20
  random_seed: 45
  n_random_solutions: 128
  max_local_iterations: 1000
  precision: 32 bits (<class 'numpy.float32'>)
  run_name: onlyLS
--------------------------------------------------
Generating 128 random solutions...
Applying local search to 128 solutions...
Results saved to: results/barabasi_albert_10ins_m20/onlyLS/ba_1048576_1_9.csv
Best energy: -246620163.000000
Total time: 7.2018s
Local search iterations: 47
----------------------------------------
  Seed 5/10 (seed=46)
Initialized onlyLS solver (GPU local search only). Results will be saved under 'onlyLS'.
Parameters:
  instance_name: ba_1048576_1_9.txt
  dataset: barabasi_albert_10ins_m20
  random_seed: 46
  n_random_solutions: 128
  max_local_iterations: 1000
  precision: 32 bits (<class 'numpy.float32'>)
  run_name: onlyLS
--------------------------------------------------
Generating 128 random solutions...
Applying local search to 128 solutions...
Results saved to: results/barabasi_albert_10ins_m20/onlyLS/ba_1048576_1_9.csv
Best energy: -246724877.000000
Total time: 7.2094s
Local search iterations: 47
----------------------------------------
  Seed 6/10 (seed=47)
Initialized onlyLS solver (GPU local search only). Results will be saved under 'onlyLS'.
Parameters:
  instance_name: ba_1048576_1_9.txt
  dataset: barabasi_albert_10ins_m20
  random_seed: 47
  n_random_solutions: 128
  max_local_iterations: 1000
  precision: 32 bits (<class 'numpy.float32'>)
  run_name: onlyLS
--------------------------------------------------
Generating 128 random solutions...
Applying local search to 128 solutions...
Results saved to: results/barabasi_albert_10ins_m20/onlyLS/ba_1048576_1_9.csv
Best energy: -246684213.000000
Total time: 7.9330s
Local search iterations: 46
----------------------------------------
  Seed 7/10 (seed=48)
Initialized onlyLS solver (GPU local search only). Results will be saved under 'onlyLS'.
Parameters:
  instance_name: ba_1048576_1_9.txt
  dataset: barabasi_albert_10ins_m20
  random_seed: 48
  n_random_solutions: 128
  max_local_iterations: 1000
  precision: 32 bits (<class 'numpy.float32'>)
  run_name: onlyLS
--------------------------------------------------
Generating 128 random solutions...
Applying local search to 128 solutions...
Results saved to: results/barabasi_albert_10ins_m20/onlyLS/ba_1048576_1_9.csv
Best energy: -246631239.000000
Total time: 7.6896s
Local search iterations: 52
----------------------------------------
  Seed 8/10 (seed=49)
Initialized onlyLS solver (GPU local search only). Results will be saved under 'onlyLS'.
Parameters:
  instance_name: ba_1048576_1_9.txt
  dataset: barabasi_albert_10ins_m20
  random_seed: 49
  n_random_solutions: 128
  max_local_iterations: 1000
  precision: 32 bits (<class 'numpy.float32'>)
  run_name: onlyLS
--------------------------------------------------
Generating 128 random solutions...
Applying local search to 128 solutions...
Results saved to: results/barabasi_albert_10ins_m20/onlyLS/ba_1048576_1_9.csv
Best energy: -246713773.000000
Total time: 8.0579s
Local search iterations: 56
----------------------------------------
  Seed 9/10 (seed=50)
Initialized onlyLS solver (GPU local search only). Results will be saved under 'onlyLS'.
Parameters:
  instance_name: ba_1048576_1_9.txt
  dataset: barabasi_albert_10ins_m20
  random_seed: 50
  n_random_solutions: 128
  max_local_iterations: 1000
  precision: 32 bits (<class 'numpy.float32'>)
  run_name: onlyLS
--------------------------------------------------
Generating 128 random solutions...
Applying local search to 128 solutions...
Results saved to: results/barabasi_albert_10ins_m20/onlyLS/ba_1048576_1_9.csv
Best energy: -246698843.000000
Total time: 7.4296s
Local search iterations: 47
----------------------------------------
  Seed 10/10 (seed=51)
Initialized onlyLS solver (GPU local search only). Results will be saved under 'onlyLS'.
Parameters:
  instance_name: ba_1048576_1_9.txt
  dataset: barabasi_albert_10ins_m20
  random_seed: 51
  n_random_solutions: 128
  max_local_iterations: 1000
  precision: 32 bits (<class 'numpy.float32'>)
  run_name: onlyLS
--------------------------------------------------
Generating 128 random solutions...
Applying local search to 128 solutions...
Results saved to: results/barabasi_albert_10ins_m20/onlyLS/ba_1048576_1_9.csv
Best energy: -246682435.000000
Total time: 7.2442s
Local search iterations: 47
----------------------------------------
Processing instance: ba_128_1_0.txt
  Seed 1/10 (seed=42)
Initialized onlyLS solver (GPU local search only). Results will be saved under 'onlyLS'.
Parameters:
  instance_name: ba_128_1_0.txt
  dataset: barabasi_albert_10ins_m20
  random_seed: 42
  n_random_solutions: 128
  max_local_iterations: 1000
  precision: 32 bits (<class 'numpy.float32'>)
  run_name: onlyLS
--------------------------------------------------
Generating 128 random solutions...
Applying local search to 128 solutions...
Results saved to: results/barabasi_albert_10ins_m20/onlyLS/ba_128_1_0.csv
Best energy: -30427.000000
Total time: 0.1092s
Local search iterations: 75
----------------------------------------
  Seed 2/10 (seed=43)
Initialized onlyLS solver (GPU local search only). Results will be saved under 'onlyLS'.
Parameters:
  instance_name: ba_128_1_0.txt
  dataset: barabasi_albert_10ins_m20
  random_seed: 43
  n_random_solutions: 128
  max_local_iterations: 1000
  precision: 32 bits (<class 'numpy.float32'>)
  run_name: onlyLS
--------------------------------------------------
Generating 128 random solutions...
Applying local search to 128 solutions...
Results saved to: results/barabasi_albert_10ins_m20/onlyLS/ba_128_1_0.csv
Best energy: -30445.000000
Total time: 0.1181s
Local search iterations: 131
----------------------------------------
  Seed 3/10 (seed=44)
Initialized onlyLS solver (GPU local search only). Results will be saved under 'onlyLS'.
Parameters:
  instance_name: ba_128_1_0.txt
  dataset: barabasi_albert_10ins_m20
  random_seed: 44
  n_random_solutions: 128
  max_local_iterations: 1000
  precision: 32 bits (<class 'numpy.float32'>)
  run_name: onlyLS
--------------------------------------------------
Generating 128 random solutions...
Applying local search to 128 solutions...
Results saved to: results/barabasi_albert_10ins_m20/onlyLS/ba_128_1_0.csv
Best energy: -30327.000000
Total time: 0.1031s
Local search iterations: 75
----------------------------------------
  Seed 4/10 (seed=45)
Initialized onlyLS solver (GPU local search only). Results will be saved under 'onlyLS'.
Parameters:
  instance_name: ba_128_1_0.txt
  dataset: barabasi_albert_10ins_m20
  random_seed: 45
  n_random_solutions: 128
  max_local_iterations: 1000
  precision: 32 bits (<class 'numpy.float32'>)
  run_name: onlyLS
--------------------------------------------------
Generating 128 random solutions...
Applying local search to 128 solutions...
Results saved to: results/barabasi_albert_10ins_m20/onlyLS/ba_128_1_0.csv
Best energy: -30477.000000
Total time: 0.1165s
Local search iterations: 123
----------------------------------------
  Seed 5/10 (seed=46)
Initialized onlyLS solver (GPU local search only). Results will be saved under 'onlyLS'.
Parameters:
  instance_name: ba_128_1_0.txt
  dataset: barabasi_albert_10ins_m20
  random_seed: 46
  n_random_solutions: 128
  max_local_iterations: 1000
  precision: 32 bits (<class 'numpy.float32'>)
  run_name: onlyLS
--------------------------------------------------
Generating 128 random solutions...
Applying local search to 128 solutions...
Results saved to: results/barabasi_albert_10ins_m20/onlyLS/ba_128_1_0.csv
Best energy: -30477.000000
Total time: 0.1035s
Local search iterations: 77
----------------------------------------
  Seed 6/10 (seed=47)
Initialized onlyLS solver (GPU local search only). Results will be saved under 'onlyLS'.
Parameters:
  instance_name: ba_128_1_0.txt
  dataset: barabasi_albert_10ins_m20
  random_seed: 47
  n_random_solutions: 128
  max_local_iterations: 1000
  precision: 32 bits (<class 'numpy.float32'>)
  run_name: onlyLS
--------------------------------------------------
Generating 128 random solutions...
Applying local search to 128 solutions...
Results saved to: results/barabasi_albert_10ins_m20/onlyLS/ba_128_1_0.csv
Best energy: -30415.000000
Total time: 0.1111s
Local search iterations: 105
----------------------------------------
  Seed 7/10 (seed=48)
Initialized onlyLS solver (GPU local search only). Results will be saved under 'onlyLS'.
Parameters:
  instance_name: ba_128_1_0.txt
  dataset: barabasi_albert_10ins_m20
  random_seed: 48
  n_random_solutions: 128
  max_local_iterations: 1000
  precision: 32 bits (<class 'numpy.float32'>)
  run_name: onlyLS
--------------------------------------------------
Generating 128 random solutions...
Applying local search to 128 solutions...
Results saved to: results/barabasi_albert_10ins_m20/onlyLS/ba_128_1_0.csv
Best energy: -30557.000000
Total time: 0.1054s
Local search iterations: 86
----------------------------------------
  Seed 8/10 (seed=49)
Initialized onlyLS solver (GPU local search only). Results will be saved under 'onlyLS'.
Parameters:
  instance_name: ba_128_1_0.txt
  dataset: barabasi_albert_10ins_m20
  random_seed: 49
  n_random_solutions: 128
  max_local_iterations: 1000
  precision: 32 bits (<class 'numpy.float32'>)
  run_name: onlyLS
--------------------------------------------------
Generating 128 random solutions...
Applying local search to 128 solutions...
Results saved to: results/barabasi_albert_10ins_m20/onlyLS/ba_128_1_0.csv
Best energy: -30427.000000
Total time: 0.1148s
Local search iterations: 118
----------------------------------------
  Seed 9/10 (seed=50)
Initialized onlyLS solver (GPU local search only). Results will be saved under 'onlyLS'.
Parameters:
  instance_name: ba_128_1_0.txt
  dataset: barabasi_albert_10ins_m20
  random_seed: 50
  n_random_solutions: 128
  max_local_iterations: 1000
  precision: 32 bits (<class 'numpy.float32'>)
  run_name: onlyLS
--------------------------------------------------
Generating 128 random solutions...
Applying local search to 128 solutions...
Results saved to: results/barabasi_albert_10ins_m20/onlyLS/ba_128_1_0.csv
Best energy: -30557.000000
Total time: 0.1044s
Local search iterations: 79
----------------------------------------
  Seed 10/10 (seed=51)
Initialized onlyLS solver (GPU local search only). Results will be saved under 'onlyLS'.
Parameters:
  instance_name: ba_128_1_0.txt
  dataset: barabasi_albert_10ins_m20
  random_seed: 51
  n_random_solutions: 128
  max_local_iterations: 1000
  precision: 32 bits (<class 'numpy.float32'>)
  run_name: onlyLS
--------------------------------------------------
Generating 128 random solutions...
Applying local search to 128 solutions...
Results saved to: results/barabasi_albert_10ins_m20/onlyLS/ba_128_1_0.csv
Best energy: -30419.000000
Total time: 0.1145s
Local search iterations: 116
----------------------------------------
Processing instance: ba_128_1_1.txt
  Seed 1/10 (seed=42)
Initialized onlyLS solver (GPU local search only). Results will be saved under 'onlyLS'.
Parameters:
  instance_name: ba_128_1_1.txt
  dataset: barabasi_albert_10ins_m20
  random_seed: 42
  n_random_solutions: 128
  max_local_iterations: 1000
  precision: 32 bits (<class 'numpy.float32'>)
  run_name: onlyLS
--------------------------------------------------
Generating 128 random solutions...
Applying local search to 128 solutions...
Results saved to: results/barabasi_albert_10ins_m20/onlyLS/ba_128_1_1.csv
Best energy: -31588.000000
Total time: 0.1070s
Local search iterations: 88
----------------------------------------
  Seed 2/10 (seed=43)
Initialized onlyLS solver (GPU local search only). Results will be saved under 'onlyLS'.
Parameters:
  instance_name: ba_128_1_1.txt
  dataset: barabasi_albert_10ins_m20
  random_seed: 43
  n_random_solutions: 128
  max_local_iterations: 1000
  precision: 32 bits (<class 'numpy.float32'>)
  run_name: onlyLS
--------------------------------------------------
Generating 128 random solutions...
Applying local search to 128 solutions...
Results saved to: results/barabasi_albert_10ins_m20/onlyLS/ba_128_1_1.csv
Best energy: -31438.000000
Total time: 0.1021s
Local search iterations: 69
----------------------------------------
  Seed 3/10 (seed=44)
Initialized onlyLS solver (GPU local search only). Results will be saved under 'onlyLS'.
Parameters:
  instance_name: ba_128_1_1.txt
  dataset: barabasi_albert_10ins_m20
  random_seed: 44
  n_random_solutions: 128
  max_local_iterations: 1000
  precision: 32 bits (<class 'numpy.float32'>)
  run_name: onlyLS
--------------------------------------------------
Generating 128 random solutions...
Applying local search to 128 solutions...
Results saved to: results/barabasi_albert_10ins_m20/onlyLS/ba_128_1_1.csv
Best energy: -31604.000000
Total time: 0.1025s
Local search iterations: 73
----------------------------------------
  Seed 4/10 (seed=45)
Initialized onlyLS solver (GPU local search only). Results will be saved under 'onlyLS'.
Parameters:
  instance_name: ba_128_1_1.txt
  dataset: barabasi_albert_10ins_m20
  random_seed: 45
  n_random_solutions: 128
  max_local_iterations: 1000
  precision: 32 bits (<class 'numpy.float32'>)
  run_name: onlyLS
--------------------------------------------------
Generating 128 random solutions...
Applying local search to 128 solutions...
Results saved to: results/barabasi_albert_10ins_m20/onlyLS/ba_128_1_1.csv
Best energy: -31642.000000
Total time: 0.1006s
Local search iterations: 66
----------------------------------------
  Seed 5/10 (seed=46)
Initialized onlyLS solver (GPU local search only). Results will be saved under 'onlyLS'.
Parameters:
  instance_name: ba_128_1_1.txt
  dataset: barabasi_albert_10ins_m20
  random_seed: 46
  n_random_solutions: 128
  max_local_iterations: 1000
  precision: 32 bits (<class 'numpy.float32'>)
  run_name: onlyLS
--------------------------------------------------
Generating 128 random solutions...
Applying local search to 128 solutions...
Results saved to: results/barabasi_albert_10ins_m20/onlyLS/ba_128_1_1.csv
Best energy: -31642.000000
Total time: 0.1024s
Local search iterations: 73
----------------------------------------
  Seed 6/10 (seed=47)
Initialized onlyLS solver (GPU local search only). Results will be saved under 'onlyLS'.
Parameters:
  instance_name: ba_128_1_1.txt
  dataset: barabasi_albert_10ins_m20
  random_seed: 47
  n_random_solutions: 128
  max_local_iterations: 1000
  precision: 32 bits (<class 'numpy.float32'>)
  run_name: onlyLS
--------------------------------------------------
Generating 128 random solutions...
Applying local search to 128 solutions...
Results saved to: results/barabasi_albert_10ins_m20/onlyLS/ba_128_1_1.csv
Best energy: -31642.000000
Total time: 0.1115s
Local search iterations: 106
----------------------------------------
  Seed 7/10 (seed=48)
Initialized onlyLS solver (GPU local search only). Results will be saved under 'onlyLS'.
Parameters:
  instance_name: ba_128_1_1.txt
  dataset: barabasi_albert_10ins_m20
  random_seed: 48
  n_random_solutions: 128
  max_local_iterations: 1000
  precision: 32 bits (<class 'numpy.float32'>)
  run_name: onlyLS
--------------------------------------------------
Generating 128 random solutions...
Applying local search to 128 solutions...
Results saved to: results/barabasi_albert_10ins_m20/onlyLS/ba_128_1_1.csv
Best energy: -31588.000000
Total time: 0.1063s
Local search iterations: 76
----------------------------------------
  Seed 8/10 (seed=49)
Initialized onlyLS solver (GPU local search only). Results will be saved under 'onlyLS'.
Parameters:
  instance_name: ba_128_1_1.txt
  dataset: barabasi_albert_10ins_m20
  random_seed: 49
  n_random_solutions: 128
  max_local_iterations: 1000
  precision: 32 bits (<class 'numpy.float32'>)
  run_name: onlyLS
--------------------------------------------------
Generating 128 random solutions...
Applying local search to 128 solutions...
Results saved to: results/barabasi_albert_10ins_m20/onlyLS/ba_128_1_1.csv
Best energy: -31418.000000
Total time: 0.1092s
Local search iterations: 84
----------------------------------------
  Seed 9/10 (seed=50)
Initialized onlyLS solver (GPU local search only). Results will be saved under 'onlyLS'.
Parameters:
  instance_name: ba_128_1_1.txt
  dataset: barabasi_albert_10ins_m20
  random_seed: 50
  n_random_solutions: 128
  max_local_iterations: 1000
  precision: 32 bits (<class 'numpy.float32'>)
  run_name: onlyLS
--------------------------------------------------
Generating 128 random solutions...
Applying local search to 128 solutions...
Results saved to: results/barabasi_albert_10ins_m20/onlyLS/ba_128_1_1.csv
Best energy: -30936.000000
Total time: 0.1063s
Local search iterations: 74
----------------------------------------
  Seed 10/10 (seed=51)
Initialized onlyLS solver (GPU local search only). Results will be saved under 'onlyLS'.
Parameters:
  instance_name: ba_128_1_1.txt
  dataset: barabasi_albert_10ins_m20
  random_seed: 51
  n_random_solutions: 128
  max_local_iterations: 1000
  precision: 32 bits (<class 'numpy.float32'>)
  run_name: onlyLS
--------------------------------------------------
Generating 128 random solutions...
Applying local search to 128 solutions...
Results saved to: results/barabasi_albert_10ins_m20/onlyLS/ba_128_1_1.csv
Best energy: -31642.000000
Total time: 0.1049s
Local search iterations: 70
----------------------------------------
Processing instance: ba_128_1_2.txt
  Seed 1/10 (seed=42)
Initialized onlyLS solver (GPU local search only). Results will be saved under 'onlyLS'.
Parameters:
  instance_name: ba_128_1_2.txt
  dataset: barabasi_albert_10ins_m20
  random_seed: 42
  n_random_solutions: 128
  max_local_iterations: 1000
  precision: 32 bits (<class 'numpy.float32'>)
  run_name: onlyLS
--------------------------------------------------
Generating 128 random solutions...
Applying local search to 128 solutions...
Results saved to: results/barabasi_albert_10ins_m20/onlyLS/ba_128_1_2.csv
Best energy: -31062.000000
Total time: 0.1068s
Local search iterations: 77
----------------------------------------
  Seed 2/10 (seed=43)
Initialized onlyLS solver (GPU local search only). Results will be saved under 'onlyLS'.
Parameters:
  instance_name: ba_128_1_2.txt
  dataset: barabasi_albert_10ins_m20
  random_seed: 43
  n_random_solutions: 128
  max_local_iterations: 1000
  precision: 32 bits (<class 'numpy.float32'>)
  run_name: onlyLS
--------------------------------------------------
Generating 128 random solutions...
Applying local search to 128 solutions...
Results saved to: results/barabasi_albert_10ins_m20/onlyLS/ba_128_1_2.csv
Best energy: -31062.000000
Total time: 0.1763s
Local search iterations: 104
----------------------------------------
  Seed 3/10 (seed=44)
Initialized onlyLS solver (GPU local search only). Results will be saved under 'onlyLS'.
Parameters:
  instance_name: ba_128_1_2.txt
  dataset: barabasi_albert_10ins_m20
  random_seed: 44
  n_random_solutions: 128
  max_local_iterations: 1000
  precision: 32 bits (<class 'numpy.float32'>)
  run_name: onlyLS
--------------------------------------------------
Generating 128 random solutions...
Applying local search to 128 solutions...
Results saved to: results/barabasi_albert_10ins_m20/onlyLS/ba_128_1_2.csv
Best energy: -31044.000000
Total time: 0.1054s
Local search iterations: 72
----------------------------------------
  Seed 4/10 (seed=45)
Initialized onlyLS solver (GPU local search only). Results will be saved under 'onlyLS'.
Parameters:
  instance_name: ba_128_1_2.txt
  dataset: barabasi_albert_10ins_m20
  random_seed: 45
  n_random_solutions: 128
  max_local_iterations: 1000
  precision: 32 bits (<class 'numpy.float32'>)
  run_name: onlyLS
--------------------------------------------------
Generating 128 random solutions...
Applying local search to 128 solutions...
Results saved to: results/barabasi_albert_10ins_m20/onlyLS/ba_128_1_2.csv
Best energy: -31062.000000
Total time: 0.1097s
Local search iterations: 84
----------------------------------------
  Seed 5/10 (seed=46)
Initialized onlyLS solver (GPU local search only). Results will be saved under 'onlyLS'.
Parameters:
  instance_name: ba_128_1_2.txt
  dataset: barabasi_albert_10ins_m20
  random_seed: 46
  n_random_solutions: 128
  max_local_iterations: 1000
  precision: 32 bits (<class 'numpy.float32'>)
  run_name: onlyLS
--------------------------------------------------
Generating 128 random solutions...
Applying local search to 128 solutions...
Results saved to: results/barabasi_albert_10ins_m20/onlyLS/ba_128_1_2.csv
Best energy: -30864.000000
Total time: 0.1050s
Local search iterations: 63
----------------------------------------
  Seed 6/10 (seed=47)
Initialized onlyLS solver (GPU local search only). Results will be saved under 'onlyLS'.
Parameters:
  instance_name: ba_128_1_2.txt
  dataset: barabasi_albert_10ins_m20
  random_seed: 47
  n_random_solutions: 128
  max_local_iterations: 1000
  precision: 32 bits (<class 'numpy.float32'>)
  run_name: onlyLS
--------------------------------------------------
Generating 128 random solutions...
Applying local search to 128 solutions...
Results saved to: results/barabasi_albert_10ins_m20/onlyLS/ba_128_1_2.csv
Best energy: -31006.000000
Total time: 0.1104s
Local search iterations: 82
----------------------------------------
  Seed 7/10 (seed=48)
Initialized onlyLS solver (GPU local search only). Results will be saved under 'onlyLS'.
Parameters:
  instance_name: ba_128_1_2.txt
  dataset: barabasi_albert_10ins_m20
  random_seed: 48
  n_random_solutions: 128
  max_local_iterations: 1000
  precision: 32 bits (<class 'numpy.float32'>)
  run_name: onlyLS
--------------------------------------------------
Generating 128 random solutions...
Applying local search to 128 solutions...
Results saved to: results/barabasi_albert_10ins_m20/onlyLS/ba_128_1_2.csv
Best energy: -30940.000000
Total time: 0.1096s
Local search iterations: 84
----------------------------------------
  Seed 8/10 (seed=49)
Initialized onlyLS solver (GPU local search only). Results will be saved under 'onlyLS'.
Parameters:
  instance_name: ba_128_1_2.txt
  dataset: barabasi_albert_10ins_m20
  random_seed: 49
  n_random_solutions: 128
  max_local_iterations: 1000
  precision: 32 bits (<class 'numpy.float32'>)
  run_name: onlyLS
--------------------------------------------------
Generating 128 random solutions...
Applying local search to 128 solutions...
Results saved to: results/barabasi_albert_10ins_m20/onlyLS/ba_128_1_2.csv
Best energy: -30764.000000
Total time: 0.1094s
Local search iterations: 84
----------------------------------------
  Seed 9/10 (seed=50)
Initialized onlyLS solver (GPU local search only). Results will be saved under 'onlyLS'.
Parameters:
  instance_name: ba_128_1_2.txt
  dataset: barabasi_albert_10ins_m20
  random_seed: 50
  n_random_solutions: 128
  max_local_iterations: 1000
  precision: 32 bits (<class 'numpy.float32'>)
  run_name: onlyLS
--------------------------------------------------
Generating 128 random solutions...
Applying local search to 128 solutions...
Results saved to: results/barabasi_albert_10ins_m20/onlyLS/ba_128_1_2.csv
Best energy: -31044.000000
Total time: 0.1042s
Local search iterations: 68
----------------------------------------
  Seed 10/10 (seed=51)
Initialized onlyLS solver (GPU local search only). Results will be saved under 'onlyLS'.
Parameters:
  instance_name: ba_128_1_2.txt
  dataset: barabasi_albert_10ins_m20
  random_seed: 51
  n_random_solutions: 128
  max_local_iterations: 1000
  precision: 32 bits (<class 'numpy.float32'>)
  run_name: onlyLS
--------------------------------------------------
Generating 128 random solutions...
Applying local search to 128 solutions...
Results saved to: results/barabasi_albert_10ins_m20/onlyLS/ba_128_1_2.csv
Best energy: -31020.000000
Total time: 0.1137s
Local search iterations: 99
----------------------------------------
Processing instance: ba_128_1_3.txt
  Seed 1/10 (seed=42)
Initialized onlyLS solver (GPU local search only). Results will be saved under 'onlyLS'.
Parameters:
  instance_name: ba_128_1_3.txt
  dataset: barabasi_albert_10ins_m20
  random_seed: 42
  n_random_solutions: 128
  max_local_iterations: 1000
  precision: 32 bits (<class 'numpy.float32'>)
  run_name: onlyLS
--------------------------------------------------
Generating 128 random solutions...
Applying local search to 128 solutions...
Results saved to: results/barabasi_albert_10ins_m20/onlyLS/ba_128_1_3.csv
Best energy: -31945.000000
Total time: 0.1137s
Local search iterations: 101
----------------------------------------
  Seed 2/10 (seed=43)
Initialized onlyLS solver (GPU local search only). Results will be saved under 'onlyLS'.
Parameters:
  instance_name: ba_128_1_3.txt
  dataset: barabasi_albert_10ins_m20
  random_seed: 43
  n_random_solutions: 128
  max_local_iterations: 1000
  precision: 32 bits (<class 'numpy.float32'>)
  run_name: onlyLS
--------------------------------------------------
Generating 128 random solutions...
Applying local search to 128 solutions...
Results saved to: results/barabasi_albert_10ins_m20/onlyLS/ba_128_1_3.csv
Best energy: -31589.000000
Total time: 0.1186s
Local search iterations: 119
----------------------------------------
  Seed 3/10 (seed=44)
Initialized onlyLS solver (GPU local search only). Results will be saved under 'onlyLS'.
Parameters:
  instance_name: ba_128_1_3.txt
  dataset: barabasi_albert_10ins_m20
  random_seed: 44
  n_random_solutions: 128
  max_local_iterations: 1000
  precision: 32 bits (<class 'numpy.float32'>)
  run_name: onlyLS
--------------------------------------------------
Generating 128 random solutions...
Applying local search to 128 solutions...
Results saved to: results/barabasi_albert_10ins_m20/onlyLS/ba_128_1_3.csv
Best energy: -31801.000000
Total time: 0.1053s
Local search iterations: 71
----------------------------------------
  Seed 4/10 (seed=45)
Initialized onlyLS solver (GPU local search only). Results will be saved under 'onlyLS'.
Parameters:
  instance_name: ba_128_1_3.txt
  dataset: barabasi_albert_10ins_m20
  random_seed: 45
  n_random_solutions: 128
  max_local_iterations: 1000
  precision: 32 bits (<class 'numpy.float32'>)
  run_name: onlyLS
--------------------------------------------------
Generating 128 random solutions...
Applying local search to 128 solutions...
Results saved to: results/barabasi_albert_10ins_m20/onlyLS/ba_128_1_3.csv
Best energy: -31801.000000
Total time: 0.1103s
Local search iterations: 88
----------------------------------------
  Seed 5/10 (seed=46)
Initialized onlyLS solver (GPU local search only). Results will be saved under 'onlyLS'.
Parameters:
  instance_name: ba_128_1_3.txt
  dataset: barabasi_albert_10ins_m20
  random_seed: 46
  n_random_solutions: 128
  max_local_iterations: 1000
  precision: 32 bits (<class 'numpy.float32'>)
  run_name: onlyLS
--------------------------------------------------
Generating 128 random solutions...
Applying local search to 128 solutions...
Results saved to: results/barabasi_albert_10ins_m20/onlyLS/ba_128_1_3.csv
Best energy: -31945.000000
Total time: 0.1127s
Local search iterations: 96
----------------------------------------
  Seed 6/10 (seed=47)
Initialized onlyLS solver (GPU local search only). Results will be saved under 'onlyLS'.
Parameters:
  instance_name: ba_128_1_3.txt
  dataset: barabasi_albert_10ins_m20
  random_seed: 47
  n_random_solutions: 128
  max_local_iterations: 1000
  precision: 32 bits (<class 'numpy.float32'>)
  run_name: onlyLS
--------------------------------------------------
Generating 128 random solutions...
Applying local search to 128 solutions...
Results saved to: results/barabasi_albert_10ins_m20/onlyLS/ba_128_1_3.csv
Best energy: -31801.000000
Total time: 0.1094s
Local search iterations: 85
----------------------------------------
  Seed 7/10 (seed=48)
Initialized onlyLS solver (GPU local search only). Results will be saved under 'onlyLS'.
Parameters:
  instance_name: ba_128_1_3.txt
  dataset: barabasi_albert_10ins_m20
  random_seed: 48
  n_random_solutions: 128
  max_local_iterations: 1000
  precision: 32 bits (<class 'numpy.float32'>)
  run_name: onlyLS
--------------------------------------------------
Generating 128 random solutions...
Applying local search to 128 solutions...
Results saved to: results/barabasi_albert_10ins_m20/onlyLS/ba_128_1_3.csv
Best energy: -31801.000000
Total time: 0.1103s
Local search iterations: 86
----------------------------------------
  Seed 8/10 (seed=49)
Initialized onlyLS solver (GPU local search only). Results will be saved under 'onlyLS'.
Parameters:
  instance_name: ba_128_1_3.txt
  dataset: barabasi_albert_10ins_m20
  random_seed: 49
  n_random_solutions: 128
  max_local_iterations: 1000
  precision: 32 bits (<class 'numpy.float32'>)
  run_name: onlyLS
--------------------------------------------------
Generating 128 random solutions...
Applying local search to 128 solutions...
Results saved to: results/barabasi_albert_10ins_m20/onlyLS/ba_128_1_3.csv
Best energy: -31693.000000
Total time: 0.1096s
Local search iterations: 85
----------------------------------------
  Seed 9/10 (seed=50)
Initialized onlyLS solver (GPU local search only). Results will be saved under 'onlyLS'.
Parameters:
  instance_name: ba_128_1_3.txt
  dataset: barabasi_albert_10ins_m20
  random_seed: 50
  n_random_solutions: 128
  max_local_iterations: 1000
  precision: 32 bits (<class 'numpy.float32'>)
  run_name: onlyLS
--------------------------------------------------
Generating 128 random solutions...
Applying local search to 128 solutions...
Results saved to: results/barabasi_albert_10ins_m20/onlyLS/ba_128_1_3.csv
Best energy: -31883.000000
Total time: 0.1080s
Local search iterations: 80
----------------------------------------
  Seed 10/10 (seed=51)
Initialized onlyLS solver (GPU local search only). Results will be saved under 'onlyLS'.
Parameters:
  instance_name: ba_128_1_3.txt
  dataset: barabasi_albert_10ins_m20
  random_seed: 51
  n_random_solutions: 128
  max_local_iterations: 1000
  precision: 32 bits (<class 'numpy.float32'>)
  run_name: onlyLS
--------------------------------------------------
Generating 128 random solutions...
Applying local search to 128 solutions...
Results saved to: results/barabasi_albert_10ins_m20/onlyLS/ba_128_1_3.csv
Best energy: -31801.000000
Total time: 0.1194s
Local search iterations: 119
----------------------------------------
Processing instance: ba_128_1_4.txt
  Seed 1/10 (seed=42)
Initialized onlyLS solver (GPU local search only). Results will be saved under 'onlyLS'.
Parameters:
  instance_name: ba_128_1_4.txt
  dataset: barabasi_albert_10ins_m20
  random_seed: 42
  n_random_solutions: 128
  max_local_iterations: 1000
  precision: 32 bits (<class 'numpy.float32'>)
  run_name: onlyLS
--------------------------------------------------
Generating 128 random solutions...
Applying local search to 128 solutions...
Results saved to: results/barabasi_albert_10ins_m20/onlyLS/ba_128_1_4.csv
Best energy: -32187.000000
Total time: 0.1147s
Local search iterations: 103
----------------------------------------
  Seed 2/10 (seed=43)
Initialized onlyLS solver (GPU local search only). Results will be saved under 'onlyLS'.
Parameters:
  instance_name: ba_128_1_4.txt
  dataset: barabasi_albert_10ins_m20
  random_seed: 43
  n_random_solutions: 128
  max_local_iterations: 1000
  precision: 32 bits (<class 'numpy.float32'>)
  run_name: onlyLS
--------------------------------------------------
Generating 128 random solutions...
Applying local search to 128 solutions...
Results saved to: results/barabasi_albert_10ins_m20/onlyLS/ba_128_1_4.csv
Best energy: -32187.000000
Total time: 0.1136s
Local search iterations: 100
----------------------------------------
  Seed 3/10 (seed=44)
Initialized onlyLS solver (GPU local search only). Results will be saved under 'onlyLS'.
Parameters:
  instance_name: ba_128_1_4.txt
  dataset: barabasi_albert_10ins_m20
  random_seed: 44
  n_random_solutions: 128
  max_local_iterations: 1000
  precision: 32 bits (<class 'numpy.float32'>)
  run_name: onlyLS
--------------------------------------------------
Generating 128 random solutions...
Applying local search to 128 solutions...
Results saved to: results/barabasi_albert_10ins_m20/onlyLS/ba_128_1_4.csv
Best energy: -32187.000000
Total time: 0.1128s
Local search iterations: 97
----------------------------------------
  Seed 4/10 (seed=45)
Initialized onlyLS solver (GPU local search only). Results will be saved under 'onlyLS'.
Parameters:
  instance_name: ba_128_1_4.txt
  dataset: barabasi_albert_10ins_m20
  random_seed: 45
  n_random_solutions: 128
  max_local_iterations: 1000
  precision: 32 bits (<class 'numpy.float32'>)
  run_name: onlyLS
--------------------------------------------------
Generating 128 random solutions...
Applying local search to 128 solutions...
Results saved to: results/barabasi_albert_10ins_m20/onlyLS/ba_128_1_4.csv
Best energy: -32187.000000
Total time: 0.1084s
Local search iterations: 82
----------------------------------------
  Seed 5/10 (seed=46)
Initialized onlyLS solver (GPU local search only). Results will be saved under 'onlyLS'.
Parameters:
  instance_name: ba_128_1_4.txt
  dataset: barabasi_albert_10ins_m20
  random_seed: 46
  n_random_solutions: 128
  max_local_iterations: 1000
  precision: 32 bits (<class 'numpy.float32'>)
  run_name: onlyLS
--------------------------------------------------
Generating 128 random solutions...
Applying local search to 128 solutions...
Results saved to: results/barabasi_albert_10ins_m20/onlyLS/ba_128_1_4.csv
Best energy: -32171.000000
Total time: 0.1029s
Local search iterations: 63
----------------------------------------
  Seed 6/10 (seed=47)
Initialized onlyLS solver (GPU local search only). Results will be saved under 'onlyLS'.
Parameters:
  instance_name: ba_128_1_4.txt
  dataset: barabasi_albert_10ins_m20
  random_seed: 47
  n_random_solutions: 128
  max_local_iterations: 1000
  precision: 32 bits (<class 'numpy.float32'>)
  run_name: onlyLS
--------------------------------------------------
Generating 128 random solutions...
Applying local search to 128 solutions...
Results saved to: results/barabasi_albert_10ins_m20/onlyLS/ba_128_1_4.csv
Best energy: -32187.000000
Total time: 0.1084s
Local search iterations: 81
----------------------------------------
  Seed 7/10 (seed=48)
Initialized onlyLS solver (GPU local search only). Results will be saved under 'onlyLS'.
Parameters:
  instance_name: ba_128_1_4.txt
  dataset: barabasi_albert_10ins_m20
  random_seed: 48
  n_random_solutions: 128
  max_local_iterations: 1000
  precision: 32 bits (<class 'numpy.float32'>)
  run_name: onlyLS
--------------------------------------------------
Generating 128 random solutions...
Applying local search to 128 solutions...
Results saved to: results/barabasi_albert_10ins_m20/onlyLS/ba_128_1_4.csv
Best energy: -32187.000000
Total time: 0.1085s
Local search iterations: 81
----------------------------------------
  Seed 8/10 (seed=49)
Initialized onlyLS solver (GPU local search only). Results will be saved under 'onlyLS'.
Parameters:
  instance_name: ba_128_1_4.txt
  dataset: barabasi_albert_10ins_m20
  random_seed: 49
  n_random_solutions: 128
  max_local_iterations: 1000
  precision: 32 bits (<class 'numpy.float32'>)
  run_name: onlyLS
--------------------------------------------------
Generating 128 random solutions...
Applying local search to 128 solutions...
Results saved to: results/barabasi_albert_10ins_m20/onlyLS/ba_128_1_4.csv
Best energy: -32011.000000
Total time: 0.1132s
Local search iterations: 98
----------------------------------------
  Seed 9/10 (seed=50)
Initialized onlyLS solver (GPU local search only). Results will be saved under 'onlyLS'.
Parameters:
  instance_name: ba_128_1_4.txt
  dataset: barabasi_albert_10ins_m20
  random_seed: 50
  n_random_solutions: 128
  max_local_iterations: 1000
  precision: 32 bits (<class 'numpy.float32'>)
  run_name: onlyLS
--------------------------------------------------
Generating 128 random solutions...
Applying local search to 128 solutions...
Results saved to: results/barabasi_albert_10ins_m20/onlyLS/ba_128_1_4.csv
Best energy: -32171.000000
Total time: 0.1111s
Local search iterations: 92
----------------------------------------
  Seed 10/10 (seed=51)
Initialized onlyLS solver (GPU local search only). Results will be saved under 'onlyLS'.
Parameters:
  instance_name: ba_128_1_4.txt
  dataset: barabasi_albert_10ins_m20
  random_seed: 51
  n_random_solutions: 128
  max_local_iterations: 1000
  precision: 32 bits (<class 'numpy.float32'>)
  run_name: onlyLS
--------------------------------------------------
Generating 128 random solutions...
Applying local search to 128 solutions...
Results saved to: results/barabasi_albert_10ins_m20/onlyLS/ba_128_1_4.csv
Best energy: -32187.000000
Total time: 0.1071s
Local search iterations: 76
----------------------------------------
Processing instance: ba_128_1_5.txt
  Seed 1/10 (seed=42)
Initialized onlyLS solver (GPU local search only). Results will be saved under 'onlyLS'.
Parameters:
  instance_name: ba_128_1_5.txt
  dataset: barabasi_albert_10ins_m20
  random_seed: 42
  n_random_solutions: 128
  max_local_iterations: 1000
  precision: 32 bits (<class 'numpy.float32'>)
  run_name: onlyLS
--------------------------------------------------
Generating 128 random solutions...
Applying local search to 128 solutions...
Results saved to: results/barabasi_albert_10ins_m20/onlyLS/ba_128_1_5.csv
Best energy: -31139.000000
Total time: 0.1108s
Local search iterations: 89
----------------------------------------
  Seed 2/10 (seed=43)
Initialized onlyLS solver (GPU local search only). Results will be saved under 'onlyLS'.
Parameters:
  instance_name: ba_128_1_5.txt
  dataset: barabasi_albert_10ins_m20
  random_seed: 43
  n_random_solutions: 128
  max_local_iterations: 1000
  precision: 32 bits (<class 'numpy.float32'>)
  run_name: onlyLS
--------------------------------------------------
Generating 128 random solutions...
Applying local search to 128 solutions...
Results saved to: results/barabasi_albert_10ins_m20/onlyLS/ba_128_1_5.csv
Best energy: -31127.000000
Total time: 0.1158s
Local search iterations: 106
----------------------------------------
  Seed 3/10 (seed=44)
Initialized onlyLS solver (GPU local search only). Results will be saved under 'onlyLS'.
Parameters:
  instance_name: ba_128_1_5.txt
  dataset: barabasi_albert_10ins_m20
  random_seed: 44
  n_random_solutions: 128
  max_local_iterations: 1000
  precision: 32 bits (<class 'numpy.float32'>)
  run_name: onlyLS
--------------------------------------------------
Generating 128 random solutions...
Applying local search to 128 solutions...
Results saved to: results/barabasi_albert_10ins_m20/onlyLS/ba_128_1_5.csv
Best energy: -31155.000000
Total time: 0.1102s
Local search iterations: 88
----------------------------------------
  Seed 4/10 (seed=45)
Initialized onlyLS solver (GPU local search only). Results will be saved under 'onlyLS'.
Parameters:
  instance_name: ba_128_1_5.txt
  dataset: barabasi_albert_10ins_m20
  random_seed: 45
  n_random_solutions: 128
  max_local_iterations: 1000
  precision: 32 bits (<class 'numpy.float32'>)
  run_name: onlyLS
--------------------------------------------------
Generating 128 random solutions...
Applying local search to 128 solutions...
Results saved to: results/barabasi_albert_10ins_m20/onlyLS/ba_128_1_5.csv
Best energy: -31155.000000
Total time: 0.1173s
Local search iterations: 110
----------------------------------------
  Seed 5/10 (seed=46)
Initialized onlyLS solver (GPU local search only). Results will be saved under 'onlyLS'.
Parameters:
  instance_name: ba_128_1_5.txt
  dataset: barabasi_albert_10ins_m20
  random_seed: 46
  n_random_solutions: 128
  max_local_iterations: 1000
  precision: 32 bits (<class 'numpy.float32'>)
  run_name: onlyLS
--------------------------------------------------
Generating 128 random solutions...
Applying local search to 128 solutions...
Results saved to: results/barabasi_albert_10ins_m20/onlyLS/ba_128_1_5.csv
Best energy: -31171.000000
Total time: 0.1133s
Local search iterations: 98
----------------------------------------
  Seed 6/10 (seed=47)
Initialized onlyLS solver (GPU local search only). Results will be saved under 'onlyLS'.
Parameters:
  instance_name: ba_128_1_5.txt
  dataset: barabasi_albert_10ins_m20
  random_seed: 47
  n_random_solutions: 128
  max_local_iterations: 1000
  precision: 32 bits (<class 'numpy.float32'>)
  run_name: onlyLS
--------------------------------------------------
Generating 128 random solutions...
Applying local search to 128 solutions...
Results saved to: results/barabasi_albert_10ins_m20/onlyLS/ba_128_1_5.csv
Best energy: -31215.000000
Total time: 0.1158s
Local search iterations: 106
----------------------------------------
  Seed 7/10 (seed=48)
Initialized onlyLS solver (GPU local search only). Results will be saved under 'onlyLS'.
Parameters:
  instance_name: ba_128_1_5.txt
  dataset: barabasi_albert_10ins_m20
  random_seed: 48
  n_random_solutions: 128
  max_local_iterations: 1000
  precision: 32 bits (<class 'numpy.float32'>)
  run_name: onlyLS
--------------------------------------------------
Generating 128 random solutions...
Applying local search to 128 solutions...
Results saved to: results/barabasi_albert_10ins_m20/onlyLS/ba_128_1_5.csv
Best energy: -31303.000000
Total time: 0.1096s
Local search iterations: 86
----------------------------------------
  Seed 8/10 (seed=49)
Initialized onlyLS solver (GPU local search only). Results will be saved under 'onlyLS'.
Parameters:
  instance_name: ba_128_1_5.txt
  dataset: barabasi_albert_10ins_m20
  random_seed: 49
  n_random_solutions: 128
  max_local_iterations: 1000
  precision: 32 bits (<class 'numpy.float32'>)
  run_name: onlyLS
--------------------------------------------------
Generating 128 random solutions...
Applying local search to 128 solutions...
Results saved to: results/barabasi_albert_10ins_m20/onlyLS/ba_128_1_5.csv
Best energy: -31303.000000
Total time: 0.1055s
Local search iterations: 72
----------------------------------------
  Seed 9/10 (seed=50)
Initialized onlyLS solver (GPU local search only). Results will be saved under 'onlyLS'.
Parameters:
  instance_name: ba_128_1_5.txt
  dataset: barabasi_albert_10ins_m20
  random_seed: 50
  n_random_solutions: 128
  max_local_iterations: 1000
  precision: 32 bits (<class 'numpy.float32'>)
  run_name: onlyLS
--------------------------------------------------
Generating 128 random solutions...
Applying local search to 128 solutions...
Results saved to: results/barabasi_albert_10ins_m20/onlyLS/ba_128_1_5.csv
Best energy: -31155.000000
Total time: 0.1036s
Local search iterations: 66
----------------------------------------
  Seed 10/10 (seed=51)
Initialized onlyLS solver (GPU local search only). Results will be saved under 'onlyLS'.
Parameters:
  instance_name: ba_128_1_5.txt
  dataset: barabasi_albert_10ins_m20
  random_seed: 51
  n_random_solutions: 128
  max_local_iterations: 1000
  precision: 32 bits (<class 'numpy.float32'>)
  run_name: onlyLS
--------------------------------------------------
Generating 128 random solutions...
Applying local search to 128 solutions...
Results saved to: results/barabasi_albert_10ins_m20/onlyLS/ba_128_1_5.csv
Best energy: -31215.000000
Total time: 0.1111s
Local search iterations: 91
----------------------------------------
Processing instance: ba_128_1_6.txt
  Seed 1/10 (seed=42)
Initialized onlyLS solver (GPU local search only). Results will be saved under 'onlyLS'.
Parameters:
  instance_name: ba_128_1_6.txt
  dataset: barabasi_albert_10ins_m20
  random_seed: 42
  n_random_solutions: 128
  max_local_iterations: 1000
  precision: 32 bits (<class 'numpy.float32'>)
  run_name: onlyLS
--------------------------------------------------
Generating 128 random solutions...
Applying local search to 128 solutions...
Results saved to: results/barabasi_albert_10ins_m20/onlyLS/ba_128_1_6.csv
Best energy: -31516.000000
Total time: 0.1086s
Local search iterations: 82
----------------------------------------
  Seed 2/10 (seed=43)
Initialized onlyLS solver (GPU local search only). Results will be saved under 'onlyLS'.
Parameters:
  instance_name: ba_128_1_6.txt
  dataset: barabasi_albert_10ins_m20
  random_seed: 43
  n_random_solutions: 128
  max_local_iterations: 1000
  precision: 32 bits (<class 'numpy.float32'>)
  run_name: onlyLS
--------------------------------------------------
Generating 128 random solutions...
Applying local search to 128 solutions...
Results saved to: results/barabasi_albert_10ins_m20/onlyLS/ba_128_1_6.csv
Best energy: -31762.000000
Total time: 0.1162s
Local search iterations: 107
----------------------------------------
  Seed 3/10 (seed=44)
Initialized onlyLS solver (GPU local search only). Results will be saved under 'onlyLS'.
Parameters:
  instance_name: ba_128_1_6.txt
  dataset: barabasi_albert_10ins_m20
  random_seed: 44
  n_random_solutions: 128
  max_local_iterations: 1000
  precision: 32 bits (<class 'numpy.float32'>)
  run_name: onlyLS
--------------------------------------------------
Generating 128 random solutions...
Applying local search to 128 solutions...
Results saved to: results/barabasi_albert_10ins_m20/onlyLS/ba_128_1_6.csv
Best energy: -31762.000000
Total time: 0.1146s
Local search iterations: 103
----------------------------------------
  Seed 4/10 (seed=45)
Initialized onlyLS solver (GPU local search only). Results will be saved under 'onlyLS'.
Parameters:
  instance_name: ba_128_1_6.txt
  dataset: barabasi_albert_10ins_m20
  random_seed: 45
  n_random_solutions: 128
  max_local_iterations: 1000
  precision: 32 bits (<class 'numpy.float32'>)
  run_name: onlyLS
--------------------------------------------------
Generating 128 random solutions...
Applying local search to 128 solutions...
Results saved to: results/barabasi_albert_10ins_m20/onlyLS/ba_128_1_6.csv
Best energy: -31626.000000
Total time: 0.1106s
Local search iterations: 89
----------------------------------------
  Seed 5/10 (seed=46)
Initialized onlyLS solver (GPU local search only). Results will be saved under 'onlyLS'.
Parameters:
  instance_name: ba_128_1_6.txt
  dataset: barabasi_albert_10ins_m20
  random_seed: 46
  n_random_solutions: 128
  max_local_iterations: 1000
  precision: 32 bits (<class 'numpy.float32'>)
  run_name: onlyLS
--------------------------------------------------
Generating 128 random solutions...
Applying local search to 128 solutions...
Results saved to: results/barabasi_albert_10ins_m20/onlyLS/ba_128_1_6.csv
Best energy: -31516.000000
Total time: 0.1053s
Local search iterations: 70
----------------------------------------
  Seed 6/10 (seed=47)
Initialized onlyLS solver (GPU local search only). Results will be saved under 'onlyLS'.
Parameters:
  instance_name: ba_128_1_6.txt
  dataset: barabasi_albert_10ins_m20
  random_seed: 47
  n_random_solutions: 128
  max_local_iterations: 1000
  precision: 32 bits (<class 'numpy.float32'>)
  run_name: onlyLS
--------------------------------------------------
Generating 128 random solutions...
Applying local search to 128 solutions...
Results saved to: results/barabasi_albert_10ins_m20/onlyLS/ba_128_1_6.csv
Best energy: -31762.000000
Total time: 0.1213s
Local search iterations: 125
----------------------------------------
  Seed 7/10 (seed=48)
Initialized onlyLS solver (GPU local search only). Results will be saved under 'onlyLS'.
Parameters:
  instance_name: ba_128_1_6.txt
  dataset: barabasi_albert_10ins_m20
  random_seed: 48
  n_random_solutions: 128
  max_local_iterations: 1000
  precision: 32 bits (<class 'numpy.float32'>)
  run_name: onlyLS
--------------------------------------------------
Generating 128 random solutions...
Applying local search to 128 solutions...
Results saved to: results/barabasi_albert_10ins_m20/onlyLS/ba_128_1_6.csv
Best energy: -31626.000000
Total time: 0.1090s
Local search iterations: 84
----------------------------------------
  Seed 8/10 (seed=49)
Initialized onlyLS solver (GPU local search only). Results will be saved under 'onlyLS'.
Parameters:
  instance_name: ba_128_1_6.txt
  dataset: barabasi_albert_10ins_m20
  random_seed: 49
  n_random_solutions: 128
  max_local_iterations: 1000
  precision: 32 bits (<class 'numpy.float32'>)
  run_name: onlyLS
--------------------------------------------------
Generating 128 random solutions...
Applying local search to 128 solutions...
Results saved to: results/barabasi_albert_10ins_m20/onlyLS/ba_128_1_6.csv
Best energy: -31762.000000
Total time: 0.1069s
Local search iterations: 76
----------------------------------------
  Seed 9/10 (seed=50)
Initialized onlyLS solver (GPU local search only). Results will be saved under 'onlyLS'.
Parameters:
  instance_name: ba_128_1_6.txt
  dataset: barabasi_albert_10ins_m20
  random_seed: 50
  n_random_solutions: 128
  max_local_iterations: 1000
  precision: 32 bits (<class 'numpy.float32'>)
  run_name: onlyLS
--------------------------------------------------
Generating 128 random solutions...
Applying local search to 128 solutions...
Results saved to: results/barabasi_albert_10ins_m20/onlyLS/ba_128_1_6.csv
Best energy: -31762.000000
Total time: 0.1049s
Local search iterations: 70
----------------------------------------
  Seed 10/10 (seed=51)
Initialized onlyLS solver (GPU local search only). Results will be saved under 'onlyLS'.
Parameters:
  instance_name: ba_128_1_6.txt
  dataset: barabasi_albert_10ins_m20
  random_seed: 51
  n_random_solutions: 128
  max_local_iterations: 1000
  precision: 32 bits (<class 'numpy.float32'>)
  run_name: onlyLS
--------------------------------------------------
Generating 128 random solutions...
Applying local search to 128 solutions...
Results saved to: results/barabasi_albert_10ins_m20/onlyLS/ba_128_1_6.csv
Best energy: -31762.000000
Total time: 0.1097s
Local search iterations: 86
----------------------------------------
Processing instance: ba_128_1_7.txt
  Seed 1/10 (seed=42)
Initialized onlyLS solver (GPU local search only). Results will be saved under 'onlyLS'.
Parameters:
  instance_name: ba_128_1_7.txt
  dataset: barabasi_albert_10ins_m20
  random_seed: 42
  n_random_solutions: 128
  max_local_iterations: 1000
  precision: 32 bits (<class 'numpy.float32'>)
  run_name: onlyLS
--------------------------------------------------
Generating 128 random solutions...
Applying local search to 128 solutions...
Results saved to: results/barabasi_albert_10ins_m20/onlyLS/ba_128_1_7.csv
Best energy: -31776.000000
Total time: 0.1043s
Local search iterations: 69
----------------------------------------
  Seed 2/10 (seed=43)
Initialized onlyLS solver (GPU local search only). Results will be saved under 'onlyLS'.
Parameters:
  instance_name: ba_128_1_7.txt
  dataset: barabasi_albert_10ins_m20
  random_seed: 43
  n_random_solutions: 128
  max_local_iterations: 1000
  precision: 32 bits (<class 'numpy.float32'>)
  run_name: onlyLS
--------------------------------------------------
Generating 128 random solutions...
Applying local search to 128 solutions...
Results saved to: results/barabasi_albert_10ins_m20/onlyLS/ba_128_1_7.csv
Best energy: -31586.000000
Total time: 0.1235s
Local search iterations: 133
----------------------------------------
  Seed 3/10 (seed=44)
Initialized onlyLS solver (GPU local search only). Results will be saved under 'onlyLS'.
Parameters:
  instance_name: ba_128_1_7.txt
  dataset: barabasi_albert_10ins_m20
  random_seed: 44
  n_random_solutions: 128
  max_local_iterations: 1000
  precision: 32 bits (<class 'numpy.float32'>)
  run_name: onlyLS
--------------------------------------------------
Generating 128 random solutions...
Applying local search to 128 solutions...
Results saved to: results/barabasi_albert_10ins_m20/onlyLS/ba_128_1_7.csv
Best energy: -31590.000000
Total time: 0.1052s
Local search iterations: 70
----------------------------------------
  Seed 4/10 (seed=45)
Initialized onlyLS solver (GPU local search only). Results will be saved under 'onlyLS'.
Parameters:
  instance_name: ba_128_1_7.txt
  dataset: barabasi_albert_10ins_m20
  random_seed: 45
  n_random_solutions: 128
  max_local_iterations: 1000
  precision: 32 bits (<class 'numpy.float32'>)
  run_name: onlyLS
--------------------------------------------------
Generating 128 random solutions...
Applying local search to 128 solutions...
Results saved to: results/barabasi_albert_10ins_m20/onlyLS/ba_128_1_7.csv
Best energy: -31934.000000
Total time: 0.1074s
Local search iterations: 79
----------------------------------------
  Seed 5/10 (seed=46)
Initialized onlyLS solver (GPU local search only). Results will be saved under 'onlyLS'.
Parameters:
  instance_name: ba_128_1_7.txt
  dataset: barabasi_albert_10ins_m20
  random_seed: 46
  n_random_solutions: 128
  max_local_iterations: 1000
  precision: 32 bits (<class 'numpy.float32'>)
  run_name: onlyLS
--------------------------------------------------
Generating 128 random solutions...
Applying local search to 128 solutions...
Results saved to: results/barabasi_albert_10ins_m20/onlyLS/ba_128_1_7.csv
Best energy: -31934.000000
Total time: 0.1094s
Local search iterations: 84
----------------------------------------
  Seed 6/10 (seed=47)
Initialized onlyLS solver (GPU local search only). Results will be saved under 'onlyLS'.
Parameters:
  instance_name: ba_128_1_7.txt
  dataset: barabasi_albert_10ins_m20
  random_seed: 47
  n_random_solutions: 128
  max_local_iterations: 1000
  precision: 32 bits (<class 'numpy.float32'>)
  run_name: onlyLS
--------------------------------------------------
Generating 128 random solutions...
Applying local search to 128 solutions...
Results saved to: results/barabasi_albert_10ins_m20/onlyLS/ba_128_1_7.csv
Best energy: -31836.000000
Total time: 0.1085s
Local search iterations: 82
----------------------------------------
  Seed 7/10 (seed=48)
Initialized onlyLS solver (GPU local search only). Results will be saved under 'onlyLS'.
Parameters:
  instance_name: ba_128_1_7.txt
  dataset: barabasi_albert_10ins_m20
  random_seed: 48
  n_random_solutions: 128
  max_local_iterations: 1000
  precision: 32 bits (<class 'numpy.float32'>)
  run_name: onlyLS
--------------------------------------------------
Generating 128 random solutions...
Applying local search to 128 solutions...
Results saved to: results/barabasi_albert_10ins_m20/onlyLS/ba_128_1_7.csv
Best energy: -31934.000000
Total time: 0.1041s
Local search iterations: 67
----------------------------------------
  Seed 8/10 (seed=49)
Initialized onlyLS solver (GPU local search only). Results will be saved under 'onlyLS'.
Parameters:
  instance_name: ba_128_1_7.txt
  dataset: barabasi_albert_10ins_m20
  random_seed: 49
  n_random_solutions: 128
  max_local_iterations: 1000
  precision: 32 bits (<class 'numpy.float32'>)
  run_name: onlyLS
--------------------------------------------------
Generating 128 random solutions...
Applying local search to 128 solutions...
Results saved to: results/barabasi_albert_10ins_m20/onlyLS/ba_128_1_7.csv
Best energy: -31782.000000
Total time: 0.1045s
Local search iterations: 68
----------------------------------------
  Seed 9/10 (seed=50)
Initialized onlyLS solver (GPU local search only). Results will be saved under 'onlyLS'.
Parameters:
  instance_name: ba_128_1_7.txt
  dataset: barabasi_albert_10ins_m20
  random_seed: 50
  n_random_solutions: 128
  max_local_iterations: 1000
  precision: 32 bits (<class 'numpy.float32'>)
  run_name: onlyLS
--------------------------------------------------
Generating 128 random solutions...
Applying local search to 128 solutions...
Results saved to: results/barabasi_albert_10ins_m20/onlyLS/ba_128_1_7.csv
Best energy: -31836.000000
Total time: 0.1087s
Local search iterations: 82
----------------------------------------
  Seed 10/10 (seed=51)
Initialized onlyLS solver (GPU local search only). Results will be saved under 'onlyLS'.
Parameters:
  instance_name: ba_128_1_7.txt
  dataset: barabasi_albert_10ins_m20
  random_seed: 51
  n_random_solutions: 128
  max_local_iterations: 1000
  precision: 32 bits (<class 'numpy.float32'>)
  run_name: onlyLS
--------------------------------------------------
Generating 128 random solutions...
Applying local search to 128 solutions...
Results saved to: results/barabasi_albert_10ins_m20/onlyLS/ba_128_1_7.csv
Best energy: -31782.000000
Total time: 0.1124s
Local search iterations: 95
----------------------------------------
Processing instance: ba_128_1_8.txt
  Seed 1/10 (seed=42)
Initialized onlyLS solver (GPU local search only). Results will be saved under 'onlyLS'.
Parameters:
  instance_name: ba_128_1_8.txt
  dataset: barabasi_albert_10ins_m20
  random_seed: 42
  n_random_solutions: 128
  max_local_iterations: 1000
  precision: 32 bits (<class 'numpy.float32'>)
  run_name: onlyLS
--------------------------------------------------
Generating 128 random solutions...
Applying local search to 128 solutions...
Results saved to: results/barabasi_albert_10ins_m20/onlyLS/ba_128_1_8.csv
Best energy: -32395.000000
Total time: 0.1045s
Local search iterations: 67
----------------------------------------
  Seed 2/10 (seed=43)
Initialized onlyLS solver (GPU local search only). Results will be saved under 'onlyLS'.
Parameters:
  instance_name: ba_128_1_8.txt
  dataset: barabasi_albert_10ins_m20
  random_seed: 43
  n_random_solutions: 128
  max_local_iterations: 1000
  precision: 32 bits (<class 'numpy.float32'>)
  run_name: onlyLS
--------------------------------------------------
Generating 128 random solutions...
Applying local search to 128 solutions...
Results saved to: results/barabasi_albert_10ins_m20/onlyLS/ba_128_1_8.csv
Best energy: -32443.000000
Total time: 0.1135s
Local search iterations: 99
----------------------------------------
  Seed 3/10 (seed=44)
Initialized onlyLS solver (GPU local search only). Results will be saved under 'onlyLS'.
Parameters:
  instance_name: ba_128_1_8.txt
  dataset: barabasi_albert_10ins_m20
  random_seed: 44
  n_random_solutions: 128
  max_local_iterations: 1000
  precision: 32 bits (<class 'numpy.float32'>)
  run_name: onlyLS
--------------------------------------------------
Generating 128 random solutions...
Applying local search to 128 solutions...
Results saved to: results/barabasi_albert_10ins_m20/onlyLS/ba_128_1_8.csv
Best energy: -32443.000000
Total time: 0.1147s
Local search iterations: 96
----------------------------------------
  Seed 4/10 (seed=45)
Initialized onlyLS solver (GPU local search only). Results will be saved under 'onlyLS'.
Parameters:
  instance_name: ba_128_1_8.txt
  dataset: barabasi_albert_10ins_m20
  random_seed: 45
  n_random_solutions: 128
  max_local_iterations: 1000
  precision: 32 bits (<class 'numpy.float32'>)
  run_name: onlyLS
--------------------------------------------------
Generating 128 random solutions...
Applying local search to 128 solutions...
Results saved to: results/barabasi_albert_10ins_m20/onlyLS/ba_128_1_8.csv
Best energy: -32197.000000
Total time: 0.1147s
Local search iterations: 96
----------------------------------------
  Seed 5/10 (seed=46)
Initialized onlyLS solver (GPU local search only). Results will be saved under 'onlyLS'.
Parameters:
  instance_name: ba_128_1_8.txt
  dataset: barabasi_albert_10ins_m20
  random_seed: 46
  n_random_solutions: 128
  max_local_iterations: 1000
  precision: 32 bits (<class 'numpy.float32'>)
  run_name: onlyLS
--------------------------------------------------
Generating 128 random solutions...
Applying local search to 128 solutions...
Results saved to: results/barabasi_albert_10ins_m20/onlyLS/ba_128_1_8.csv
Best energy: -32317.000000
Total time: 0.1121s
Local search iterations: 88
----------------------------------------
  Seed 6/10 (seed=47)
Initialized onlyLS solver (GPU local search only). Results will be saved under 'onlyLS'.
Parameters:
  instance_name: ba_128_1_8.txt
  dataset: barabasi_albert_10ins_m20
  random_seed: 47
  n_random_solutions: 128
  max_local_iterations: 1000
  precision: 32 bits (<class 'numpy.float32'>)
  run_name: onlyLS
--------------------------------------------------
Generating 128 random solutions...
Applying local search to 128 solutions...
Results saved to: results/barabasi_albert_10ins_m20/onlyLS/ba_128_1_8.csv
Best energy: -32443.000000
Total time: 0.1217s
Local search iterations: 126
----------------------------------------
  Seed 7/10 (seed=48)
Initialized onlyLS solver (GPU local search only). Results will be saved under 'onlyLS'.
Parameters:
  instance_name: ba_128_1_8.txt
  dataset: barabasi_albert_10ins_m20
  random_seed: 48
  n_random_solutions: 128
  max_local_iterations: 1000
  precision: 32 bits (<class 'numpy.float32'>)
  run_name: onlyLS
--------------------------------------------------
Generating 128 random solutions...
Applying local search to 128 solutions...
Results saved to: results/barabasi_albert_10ins_m20/onlyLS/ba_128_1_8.csv
Best energy: -32395.000000
Total time: 0.1071s
Local search iterations: 78
----------------------------------------
  Seed 8/10 (seed=49)
Initialized onlyLS solver (GPU local search only). Results will be saved under 'onlyLS'.
Parameters:
  instance_name: ba_128_1_8.txt
  dataset: barabasi_albert_10ins_m20
  random_seed: 49
  n_random_solutions: 128
  max_local_iterations: 1000
  precision: 32 bits (<class 'numpy.float32'>)
  run_name: onlyLS
--------------------------------------------------
Generating 128 random solutions...
Applying local search to 128 solutions...
Results saved to: results/barabasi_albert_10ins_m20/onlyLS/ba_128_1_8.csv
Best energy: -32395.000000
Total time: 0.1153s
Local search iterations: 105
----------------------------------------
  Seed 9/10 (seed=50)
Initialized onlyLS solver (GPU local search only). Results will be saved under 'onlyLS'.
Parameters:
  instance_name: ba_128_1_8.txt
  dataset: barabasi_albert_10ins_m20
  random_seed: 50
  n_random_solutions: 128
  max_local_iterations: 1000
  precision: 32 bits (<class 'numpy.float32'>)
  run_name: onlyLS
--------------------------------------------------
Generating 128 random solutions...
Applying local search to 128 solutions...
Results saved to: results/barabasi_albert_10ins_m20/onlyLS/ba_128_1_8.csv
Best energy: -32293.000000
Total time: 0.1113s
Local search iterations: 92
----------------------------------------
  Seed 10/10 (seed=51)
Initialized onlyLS solver (GPU local search only). Results will be saved under 'onlyLS'.
Parameters:
  instance_name: ba_128_1_8.txt
  dataset: barabasi_albert_10ins_m20
  random_seed: 51
  n_random_solutions: 128
  max_local_iterations: 1000
  precision: 32 bits (<class 'numpy.float32'>)
  run_name: onlyLS
--------------------------------------------------
Generating 128 random solutions...
Applying local search to 128 solutions...
Results saved to: results/barabasi_albert_10ins_m20/onlyLS/ba_128_1_8.csv
Best energy: -32317.000000
Total time: 0.1159s
Local search iterations: 106
----------------------------------------
Processing instance: ba_128_1_9.txt
  Seed 1/10 (seed=42)
Initialized onlyLS solver (GPU local search only). Results will be saved under 'onlyLS'.
Parameters:
  instance_name: ba_128_1_9.txt
  dataset: barabasi_albert_10ins_m20
  random_seed: 42
  n_random_solutions: 128
  max_local_iterations: 1000
  precision: 32 bits (<class 'numpy.float32'>)
  run_name: onlyLS
--------------------------------------------------
Generating 128 random solutions...
Applying local search to 128 solutions...
Results saved to: results/barabasi_albert_10ins_m20/onlyLS/ba_128_1_9.csv
Best energy: -31918.000000
Total time: 0.1076s
Local search iterations: 78
----------------------------------------
  Seed 2/10 (seed=43)
Initialized onlyLS solver (GPU local search only). Results will be saved under 'onlyLS'.
Parameters:
  instance_name: ba_128_1_9.txt
  dataset: barabasi_albert_10ins_m20
  random_seed: 43
  n_random_solutions: 128
  max_local_iterations: 1000
  precision: 32 bits (<class 'numpy.float32'>)
  run_name: onlyLS
--------------------------------------------------
Generating 128 random solutions...
Applying local search to 128 solutions...
Results saved to: results/barabasi_albert_10ins_m20/onlyLS/ba_128_1_9.csv
Best energy: -31400.000000
Total time: 0.1108s
Local search iterations: 88
----------------------------------------
  Seed 3/10 (seed=44)
Initialized onlyLS solver (GPU local search only). Results will be saved under 'onlyLS'.
Parameters:
  instance_name: ba_128_1_9.txt
  dataset: barabasi_albert_10ins_m20
  random_seed: 44
  n_random_solutions: 128
  max_local_iterations: 1000
  precision: 32 bits (<class 'numpy.float32'>)
  run_name: onlyLS
--------------------------------------------------
Generating 128 random solutions...
Applying local search to 128 solutions...
Results saved to: results/barabasi_albert_10ins_m20/onlyLS/ba_128_1_9.csv
Best energy: -31594.000000
Total time: 0.1110s
Local search iterations: 91
----------------------------------------
  Seed 4/10 (seed=45)
Initialized onlyLS solver (GPU local search only). Results will be saved under 'onlyLS'.
Parameters:
  instance_name: ba_128_1_9.txt
  dataset: barabasi_albert_10ins_m20
  random_seed: 45
  n_random_solutions: 128
  max_local_iterations: 1000
  precision: 32 bits (<class 'numpy.float32'>)
  run_name: onlyLS
--------------------------------------------------
Generating 128 random solutions...
Applying local search to 128 solutions...
Results saved to: results/barabasi_albert_10ins_m20/onlyLS/ba_128_1_9.csv
Best energy: -31918.000000
Total time: 0.1128s
Local search iterations: 96
----------------------------------------
  Seed 5/10 (seed=46)
Initialized onlyLS solver (GPU local search only). Results will be saved under 'onlyLS'.
Parameters:
  instance_name: ba_128_1_9.txt
  dataset: barabasi_albert_10ins_m20
  random_seed: 46
  n_random_solutions: 128
  max_local_iterations: 1000
  precision: 32 bits (<class 'numpy.float32'>)
  run_name: onlyLS
--------------------------------------------------
Generating 128 random solutions...
Applying local search to 128 solutions...
Results saved to: results/barabasi_albert_10ins_m20/onlyLS/ba_128_1_9.csv
Best energy: -31698.000000
Total time: 0.1175s
Local search iterations: 113
----------------------------------------
  Seed 6/10 (seed=47)
Initialized onlyLS solver (GPU local search only). Results will be saved under 'onlyLS'.
Parameters:
  instance_name: ba_128_1_9.txt
  dataset: barabasi_albert_10ins_m20
  random_seed: 47
  n_random_solutions: 128
  max_local_iterations: 1000
  precision: 32 bits (<class 'numpy.float32'>)
  run_name: onlyLS
--------------------------------------------------
Generating 128 random solutions...
Applying local search to 128 solutions...
Results saved to: results/barabasi_albert_10ins_m20/onlyLS/ba_128_1_9.csv
Best energy: -31918.000000
Total time: 0.1060s
Local search iterations: 73
----------------------------------------
  Seed 7/10 (seed=48)
Initialized onlyLS solver (GPU local search only). Results will be saved under 'onlyLS'.
Parameters:
  instance_name: ba_128_1_9.txt
  dataset: barabasi_albert_10ins_m20
  random_seed: 48
  n_random_solutions: 128
  max_local_iterations: 1000
  precision: 32 bits (<class 'numpy.float32'>)
  run_name: onlyLS
--------------------------------------------------
Generating 128 random solutions...
Applying local search to 128 solutions...
Results saved to: results/barabasi_albert_10ins_m20/onlyLS/ba_128_1_9.csv
Best energy: -31594.000000
Total time: 0.1086s
Local search iterations: 82
----------------------------------------
  Seed 8/10 (seed=49)
Initialized onlyLS solver (GPU local search only). Results will be saved under 'onlyLS'.
Parameters:
  instance_name: ba_128_1_9.txt
  dataset: barabasi_albert_10ins_m20
  random_seed: 49
  n_random_solutions: 128
  max_local_iterations: 1000
  precision: 32 bits (<class 'numpy.float32'>)
  run_name: onlyLS
--------------------------------------------------
Generating 128 random solutions...
Applying local search to 128 solutions...
Results saved to: results/barabasi_albert_10ins_m20/onlyLS/ba_128_1_9.csv
Best energy: -31698.000000
Total time: 0.1111s
Local search iterations: 90
----------------------------------------
  Seed 9/10 (seed=50)
Initialized onlyLS solver (GPU local search only). Results will be saved under 'onlyLS'.
Parameters:
  instance_name: ba_128_1_9.txt
  dataset: barabasi_albert_10ins_m20
  random_seed: 50
  n_random_solutions: 128
  max_local_iterations: 1000
  precision: 32 bits (<class 'numpy.float32'>)
  run_name: onlyLS
--------------------------------------------------
Generating 128 random solutions...
Applying local search to 128 solutions...
Results saved to: results/barabasi_albert_10ins_m20/onlyLS/ba_128_1_9.csv
Best energy: -31918.000000
Total time: 0.1101s
Local search iterations: 87
----------------------------------------
  Seed 10/10 (seed=51)
Initialized onlyLS solver (GPU local search only). Results will be saved under 'onlyLS'.
Parameters:
  instance_name: ba_128_1_9.txt
  dataset: barabasi_albert_10ins_m20
  random_seed: 51
  n_random_solutions: 128
  max_local_iterations: 1000
  precision: 32 bits (<class 'numpy.float32'>)
  run_name: onlyLS
--------------------------------------------------
Generating 128 random solutions...
Applying local search to 128 solutions...
Results saved to: results/barabasi_albert_10ins_m20/onlyLS/ba_128_1_9.csv
Best energy: -31444.000000
Total time: 0.1108s
Local search iterations: 88
----------------------------------------
Processing instance: ba_131072_1_0.txt
  Seed 1/10 (seed=42)
Initialized onlyLS solver (GPU local search only). Results will be saved under 'onlyLS'.
Parameters:
  instance_name: ba_131072_1_0.txt
  dataset: barabasi_albert_10ins_m20
  random_seed: 42
  n_random_solutions: 128
  max_local_iterations: 1000
  precision: 32 bits (<class 'numpy.float32'>)
  run_name: onlyLS
--------------------------------------------------
Generating 128 random solutions...
Applying local search to 128 solutions...
Results saved to: results/barabasi_albert_10ins_m20/onlyLS/ba_131072_1_0.csv
Best energy: -31174388.000000
Total time: 0.8302s
Local search iterations: 39
----------------------------------------
  Seed 2/10 (seed=43)
Initialized onlyLS solver (GPU local search only). Results will be saved under 'onlyLS'.
Parameters:
  instance_name: ba_131072_1_0.txt
  dataset: barabasi_albert_10ins_m20
  random_seed: 43
  n_random_solutions: 128
  max_local_iterations: 1000
  precision: 32 bits (<class 'numpy.float32'>)
  run_name: onlyLS
--------------------------------------------------
Generating 128 random solutions...
Applying local search to 128 solutions...
Results saved to: results/barabasi_albert_10ins_m20/onlyLS/ba_131072_1_0.csv
Best energy: -31194022.000000
Total time: 0.7727s
Local search iterations: 42
----------------------------------------
  Seed 3/10 (seed=44)
Initialized onlyLS solver (GPU local search only). Results will be saved under 'onlyLS'.
Parameters:
  instance_name: ba_131072_1_0.txt
  dataset: barabasi_albert_10ins_m20
  random_seed: 44
  n_random_solutions: 128
  max_local_iterations: 1000
  precision: 32 bits (<class 'numpy.float32'>)
  run_name: onlyLS
--------------------------------------------------
Generating 128 random solutions...
Applying local search to 128 solutions...
Results saved to: results/barabasi_albert_10ins_m20/onlyLS/ba_131072_1_0.csv
Best energy: -31161406.000000
Total time: 0.7848s
Local search iterations: 43
----------------------------------------
  Seed 4/10 (seed=45)
Initialized onlyLS solver (GPU local search only). Results will be saved under 'onlyLS'.
Parameters:
  instance_name: ba_131072_1_0.txt
  dataset: barabasi_albert_10ins_m20
  random_seed: 45
  n_random_solutions: 128
  max_local_iterations: 1000
  precision: 32 bits (<class 'numpy.float32'>)
  run_name: onlyLS
--------------------------------------------------
Generating 128 random solutions...
Applying local search to 128 solutions...
Results saved to: results/barabasi_albert_10ins_m20/onlyLS/ba_131072_1_0.csv
Best energy: -31185418.000000
Total time: 0.7666s
Local search iterations: 41
----------------------------------------
  Seed 5/10 (seed=46)
Initialized onlyLS solver (GPU local search only). Results will be saved under 'onlyLS'.
Parameters:
  instance_name: ba_131072_1_0.txt
  dataset: barabasi_albert_10ins_m20
  random_seed: 46
  n_random_solutions: 128
  max_local_iterations: 1000
  precision: 32 bits (<class 'numpy.float32'>)
  run_name: onlyLS
--------------------------------------------------
Generating 128 random solutions...
Applying local search to 128 solutions...
Results saved to: results/barabasi_albert_10ins_m20/onlyLS/ba_131072_1_0.csv
Best energy: -31171440.000000
Total time: 0.7654s
Local search iterations: 41
----------------------------------------
  Seed 6/10 (seed=47)
Initialized onlyLS solver (GPU local search only). Results will be saved under 'onlyLS'.
Parameters:
  instance_name: ba_131072_1_0.txt
  dataset: barabasi_albert_10ins_m20
  random_seed: 47
  n_random_solutions: 128
  max_local_iterations: 1000
  precision: 32 bits (<class 'numpy.float32'>)
  run_name: onlyLS
--------------------------------------------------
Generating 128 random solutions...
Applying local search to 128 solutions...
Results saved to: results/barabasi_albert_10ins_m20/onlyLS/ba_131072_1_0.csv
Best energy: -31199050.000000
Total time: 0.7280s
Local search iterations: 37
----------------------------------------
  Seed 7/10 (seed=48)
Initialized onlyLS solver (GPU local search only). Results will be saved under 'onlyLS'.
Parameters:
  instance_name: ba_131072_1_0.txt
  dataset: barabasi_albert_10ins_m20
  random_seed: 48
  n_random_solutions: 128
  max_local_iterations: 1000
  precision: 32 bits (<class 'numpy.float32'>)
  run_name: onlyLS
--------------------------------------------------
Generating 128 random solutions...
Applying local search to 128 solutions...
Results saved to: results/barabasi_albert_10ins_m20/onlyLS/ba_131072_1_0.csv
Best energy: -31182372.000000
Total time: 0.7563s
Local search iterations: 40
----------------------------------------
  Seed 8/10 (seed=49)
Initialized onlyLS solver (GPU local search only). Results will be saved under 'onlyLS'.
Parameters:
  instance_name: ba_131072_1_0.txt
  dataset: barabasi_albert_10ins_m20
  random_seed: 49
  n_random_solutions: 128
  max_local_iterations: 1000
  precision: 32 bits (<class 'numpy.float32'>)
  run_name: onlyLS
--------------------------------------------------
Generating 128 random solutions...
Applying local search to 128 solutions...
Results saved to: results/barabasi_albert_10ins_m20/onlyLS/ba_131072_1_0.csv
Best energy: -31220520.000000
Total time: 0.8040s
Local search iterations: 43
----------------------------------------
  Seed 9/10 (seed=50)
Initialized onlyLS solver (GPU local search only). Results will be saved under 'onlyLS'.
Parameters:
  instance_name: ba_131072_1_0.txt
  dataset: barabasi_albert_10ins_m20
  random_seed: 50
  n_random_solutions: 128
  max_local_iterations: 1000
  precision: 32 bits (<class 'numpy.float32'>)
  run_name: onlyLS
--------------------------------------------------
Generating 128 random solutions...
Applying local search to 128 solutions...
Results saved to: results/barabasi_albert_10ins_m20/onlyLS/ba_131072_1_0.csv
Best energy: -31210194.000000
Total time: 0.8520s
Local search iterations: 49
----------------------------------------
  Seed 10/10 (seed=51)
Initialized onlyLS solver (GPU local search only). Results will be saved under 'onlyLS'.
Parameters:
  instance_name: ba_131072_1_0.txt
  dataset: barabasi_albert_10ins_m20
  random_seed: 51
  n_random_solutions: 128
  max_local_iterations: 1000
  precision: 32 bits (<class 'numpy.float32'>)
  run_name: onlyLS
--------------------------------------------------
Generating 128 random solutions...
Applying local search to 128 solutions...
Results saved to: results/barabasi_albert_10ins_m20/onlyLS/ba_131072_1_0.csv
Best energy: -31181054.000000
Total time: 0.7580s
Local search iterations: 40
----------------------------------------
Processing instance: ba_131072_1_1.txt
  Seed 1/10 (seed=42)
Initialized onlyLS solver (GPU local search only). Results will be saved under 'onlyLS'.
Parameters:
  instance_name: ba_131072_1_1.txt
  dataset: barabasi_albert_10ins_m20
  random_seed: 42
  n_random_solutions: 128
  max_local_iterations: 1000
  precision: 32 bits (<class 'numpy.float32'>)
  run_name: onlyLS
--------------------------------------------------
Generating 128 random solutions...
Applying local search to 128 solutions...
Results saved to: results/barabasi_albert_10ins_m20/onlyLS/ba_131072_1_1.csv
Best energy: -31132693.000000
Total time: 0.8561s
Local search iterations: 44
----------------------------------------
  Seed 2/10 (seed=43)
Initialized onlyLS solver (GPU local search only). Results will be saved under 'onlyLS'.
Parameters:
  instance_name: ba_131072_1_1.txt
  dataset: barabasi_albert_10ins_m20
  random_seed: 43
  n_random_solutions: 128
  max_local_iterations: 1000
  precision: 32 bits (<class 'numpy.float32'>)
  run_name: onlyLS
--------------------------------------------------
Generating 128 random solutions...
Applying local search to 128 solutions...
Results saved to: results/barabasi_albert_10ins_m20/onlyLS/ba_131072_1_1.csv
Best energy: -31178015.000000
Total time: 0.7382s
Local search iterations: 38
----------------------------------------
  Seed 3/10 (seed=44)
Initialized onlyLS solver (GPU local search only). Results will be saved under 'onlyLS'.
Parameters:
  instance_name: ba_131072_1_1.txt
  dataset: barabasi_albert_10ins_m20
  random_seed: 44
  n_random_solutions: 128
  max_local_iterations: 1000
  precision: 32 bits (<class 'numpy.float32'>)
  run_name: onlyLS
--------------------------------------------------
Generating 128 random solutions...
Applying local search to 128 solutions...
Results saved to: results/barabasi_albert_10ins_m20/onlyLS/ba_131072_1_1.csv
Best energy: -31131201.000000
Total time: 0.7588s
Local search iterations: 40
----------------------------------------
  Seed 4/10 (seed=45)
Initialized onlyLS solver (GPU local search only). Results will be saved under 'onlyLS'.
Parameters:
  instance_name: ba_131072_1_1.txt
  dataset: barabasi_albert_10ins_m20
  random_seed: 45
  n_random_solutions: 128
  max_local_iterations: 1000
  precision: 32 bits (<class 'numpy.float32'>)
  run_name: onlyLS
--------------------------------------------------
Generating 128 random solutions...
Applying local search to 128 solutions...
Results saved to: results/barabasi_albert_10ins_m20/onlyLS/ba_131072_1_1.csv
Best energy: -31175623.000000
Total time: 0.8429s
Local search iterations: 49
----------------------------------------
  Seed 5/10 (seed=46)
Initialized onlyLS solver (GPU local search only). Results will be saved under 'onlyLS'.
Parameters:
  instance_name: ba_131072_1_1.txt
  dataset: barabasi_albert_10ins_m20
  random_seed: 46
  n_random_solutions: 128
  max_local_iterations: 1000
  precision: 32 bits (<class 'numpy.float32'>)
  run_name: onlyLS
--------------------------------------------------
Generating 128 random solutions...
Applying local search to 128 solutions...
Results saved to: results/barabasi_albert_10ins_m20/onlyLS/ba_131072_1_1.csv
Best energy: -31172907.000000
Total time: 0.8695s
Local search iterations: 52
----------------------------------------
  Seed 6/10 (seed=47)
Initialized onlyLS solver (GPU local search only). Results will be saved under 'onlyLS'.
Parameters:
  instance_name: ba_131072_1_1.txt
  dataset: barabasi_albert_10ins_m20
  random_seed: 47
  n_random_solutions: 128
  max_local_iterations: 1000
  precision: 32 bits (<class 'numpy.float32'>)
  run_name: onlyLS
--------------------------------------------------
Generating 128 random solutions...
Applying local search to 128 solutions...
Results saved to: results/barabasi_albert_10ins_m20/onlyLS/ba_131072_1_1.csv
Best energy: -31121809.000000
Total time: 0.8317s
Local search iterations: 48
----------------------------------------
  Seed 7/10 (seed=48)
Initialized onlyLS solver (GPU local search only). Results will be saved under 'onlyLS'.
Parameters:
  instance_name: ba_131072_1_1.txt
  dataset: barabasi_albert_10ins_m20
  random_seed: 48
  n_random_solutions: 128
  max_local_iterations: 1000
  precision: 32 bits (<class 'numpy.float32'>)
  run_name: onlyLS
--------------------------------------------------
Generating 128 random solutions...
Applying local search to 128 solutions...
Results saved to: results/barabasi_albert_10ins_m20/onlyLS/ba_131072_1_1.csv
Best energy: -31163891.000000
Total time: 0.7681s
Local search iterations: 41
----------------------------------------
  Seed 8/10 (seed=49)
Initialized onlyLS solver (GPU local search only). Results will be saved under 'onlyLS'.
Parameters:
  instance_name: ba_131072_1_1.txt
  dataset: barabasi_albert_10ins_m20
  random_seed: 49
  n_random_solutions: 128
  max_local_iterations: 1000
  precision: 32 bits (<class 'numpy.float32'>)
  run_name: onlyLS
--------------------------------------------------
Generating 128 random solutions...
Applying local search to 128 solutions...
Results saved to: results/barabasi_albert_10ins_m20/onlyLS/ba_131072_1_1.csv
Best energy: -31168845.000000
Total time: 0.7687s
Local search iterations: 41
----------------------------------------
  Seed 9/10 (seed=50)
Initialized onlyLS solver (GPU local search only). Results will be saved under 'onlyLS'.
Parameters:
  instance_name: ba_131072_1_1.txt
  dataset: barabasi_albert_10ins_m20
  random_seed: 50
  n_random_solutions: 128
  max_local_iterations: 1000
  precision: 32 bits (<class 'numpy.float32'>)
  run_name: onlyLS
--------------------------------------------------
Generating 128 random solutions...
Applying local search to 128 solutions...
Results saved to: results/barabasi_albert_10ins_m20/onlyLS/ba_131072_1_1.csv
Best energy: -31162613.000000
Total time: 0.7978s
Local search iterations: 42
----------------------------------------
  Seed 10/10 (seed=51)
Initialized onlyLS solver (GPU local search only). Results will be saved under 'onlyLS'.
Parameters:
  instance_name: ba_131072_1_1.txt
  dataset: barabasi_albert_10ins_m20
  random_seed: 51
  n_random_solutions: 128
  max_local_iterations: 1000
  precision: 32 bits (<class 'numpy.float32'>)
  run_name: onlyLS
--------------------------------------------------
Generating 128 random solutions...
Applying local search to 128 solutions...
Results saved to: results/barabasi_albert_10ins_m20/onlyLS/ba_131072_1_1.csv
Best energy: -31181485.000000
Total time: 0.7293s
Local search iterations: 37
----------------------------------------
Processing instance: ba_131072_1_2.txt
  Seed 1/10 (seed=42)
Initialized onlyLS solver (GPU local search only). Results will be saved under 'onlyLS'.
Parameters:
  instance_name: ba_131072_1_2.txt
  dataset: barabasi_albert_10ins_m20
  random_seed: 42
  n_random_solutions: 128
  max_local_iterations: 1000
  precision: 32 bits (<class 'numpy.float32'>)
  run_name: onlyLS
--------------------------------------------------
Generating 128 random solutions...
Applying local search to 128 solutions...
Results saved to: results/barabasi_albert_10ins_m20/onlyLS/ba_131072_1_2.csv
Best energy: -31163250.000000
Total time: 0.8662s
Local search iterations: 46
----------------------------------------
  Seed 2/10 (seed=43)
Initialized onlyLS solver (GPU local search only). Results will be saved under 'onlyLS'.
Parameters:
  instance_name: ba_131072_1_2.txt
  dataset: barabasi_albert_10ins_m20
  random_seed: 43
  n_random_solutions: 128
  max_local_iterations: 1000
  precision: 32 bits (<class 'numpy.float32'>)
  run_name: onlyLS
--------------------------------------------------
Generating 128 random solutions...
Applying local search to 128 solutions...
Results saved to: results/barabasi_albert_10ins_m20/onlyLS/ba_131072_1_2.csv
Best energy: -31154386.000000
Total time: 0.7752s
Local search iterations: 42
----------------------------------------
  Seed 3/10 (seed=44)
Initialized onlyLS solver (GPU local search only). Results will be saved under 'onlyLS'.
Parameters:
  instance_name: ba_131072_1_2.txt
  dataset: barabasi_albert_10ins_m20
  random_seed: 44
  n_random_solutions: 128
  max_local_iterations: 1000
  precision: 32 bits (<class 'numpy.float32'>)
  run_name: onlyLS
--------------------------------------------------
Generating 128 random solutions...
Applying local search to 128 solutions...
Results saved to: results/barabasi_albert_10ins_m20/onlyLS/ba_131072_1_2.csv
Best energy: -31187380.000000
Total time: 0.7942s
Local search iterations: 43
----------------------------------------
  Seed 4/10 (seed=45)
Initialized onlyLS solver (GPU local search only). Results will be saved under 'onlyLS'.
Parameters:
  instance_name: ba_131072_1_2.txt
  dataset: barabasi_albert_10ins_m20
  random_seed: 45
  n_random_solutions: 128
  max_local_iterations: 1000
  precision: 32 bits (<class 'numpy.float32'>)
  run_name: onlyLS
--------------------------------------------------
Generating 128 random solutions...
Applying local search to 128 solutions...
Results saved to: results/barabasi_albert_10ins_m20/onlyLS/ba_131072_1_2.csv
Best energy: -31179064.000000
Total time: 0.7578s
Local search iterations: 40
----------------------------------------
  Seed 5/10 (seed=46)
Initialized onlyLS solver (GPU local search only). Results will be saved under 'onlyLS'.
Parameters:
  instance_name: ba_131072_1_2.txt
  dataset: barabasi_albert_10ins_m20
  random_seed: 46
  n_random_solutions: 128
  max_local_iterations: 1000
  precision: 32 bits (<class 'numpy.float32'>)
  run_name: onlyLS
--------------------------------------------------
Generating 128 random solutions...
Applying local search to 128 solutions...
Results saved to: results/barabasi_albert_10ins_m20/onlyLS/ba_131072_1_2.csv
Best energy: -31180100.000000
Total time: 0.7653s
Local search iterations: 41
----------------------------------------
  Seed 6/10 (seed=47)
Initialized onlyLS solver (GPU local search only). Results will be saved under 'onlyLS'.
Parameters:
  instance_name: ba_131072_1_2.txt
  dataset: barabasi_albert_10ins_m20
  random_seed: 47
  n_random_solutions: 128
  max_local_iterations: 1000
  precision: 32 bits (<class 'numpy.float32'>)
  run_name: onlyLS
--------------------------------------------------
Generating 128 random solutions...
Applying local search to 128 solutions...
Results saved to: results/barabasi_albert_10ins_m20/onlyLS/ba_131072_1_2.csv
Best energy: -31148558.000000
Total time: 0.8034s
Local search iterations: 45
----------------------------------------
  Seed 7/10 (seed=48)
Initialized onlyLS solver (GPU local search only). Results will be saved under 'onlyLS'.
Parameters:
  instance_name: ba_131072_1_2.txt
  dataset: barabasi_albert_10ins_m20
  random_seed: 48
  n_random_solutions: 128
  max_local_iterations: 1000
  precision: 32 bits (<class 'numpy.float32'>)
  run_name: onlyLS
--------------------------------------------------
Generating 128 random solutions...
Applying local search to 128 solutions...
Results saved to: results/barabasi_albert_10ins_m20/onlyLS/ba_131072_1_2.csv
Best energy: -31185274.000000
Total time: 0.7745s
Local search iterations: 42
----------------------------------------
  Seed 8/10 (seed=49)
Initialized onlyLS solver (GPU local search only). Results will be saved under 'onlyLS'.
Parameters:
  instance_name: ba_131072_1_2.txt
  dataset: barabasi_albert_10ins_m20
  random_seed: 49
  n_random_solutions: 128
  max_local_iterations: 1000
  precision: 32 bits (<class 'numpy.float32'>)
  run_name: onlyLS
--------------------------------------------------
Generating 128 random solutions...
Applying local search to 128 solutions...
Results saved to: results/barabasi_albert_10ins_m20/onlyLS/ba_131072_1_2.csv
Best energy: -31154146.000000
Total time: 0.7950s
Local search iterations: 43
----------------------------------------
  Seed 9/10 (seed=50)
Initialized onlyLS solver (GPU local search only). Results will be saved under 'onlyLS'.
Parameters:
  instance_name: ba_131072_1_2.txt
  dataset: barabasi_albert_10ins_m20
  random_seed: 50
  n_random_solutions: 128
  max_local_iterations: 1000
  precision: 32 bits (<class 'numpy.float32'>)
  run_name: onlyLS
--------------------------------------------------
Generating 128 random solutions...
Applying local search to 128 solutions...
Results saved to: results/barabasi_albert_10ins_m20/onlyLS/ba_131072_1_2.csv
Best energy: -31168806.000000
Total time: 0.7475s
Local search iterations: 39
----------------------------------------
  Seed 10/10 (seed=51)
Initialized onlyLS solver (GPU local search only). Results will be saved under 'onlyLS'.
Parameters:
  instance_name: ba_131072_1_2.txt
  dataset: barabasi_albert_10ins_m20
  random_seed: 51
  n_random_solutions: 128
  max_local_iterations: 1000
  precision: 32 bits (<class 'numpy.float32'>)
  run_name: onlyLS
--------------------------------------------------
Generating 128 random solutions...
Applying local search to 128 solutions...
Results saved to: results/barabasi_albert_10ins_m20/onlyLS/ba_131072_1_2.csv
Best energy: -31150708.000000
Total time: 0.7377s
Local search iterations: 38
----------------------------------------
Processing instance: ba_131072_1_3.txt
  Seed 1/10 (seed=42)
Initialized onlyLS solver (GPU local search only). Results will be saved under 'onlyLS'.
Parameters:
  instance_name: ba_131072_1_3.txt
  dataset: barabasi_albert_10ins_m20
  random_seed: 42
  n_random_solutions: 128
  max_local_iterations: 1000
  precision: 32 bits (<class 'numpy.float32'>)
  run_name: onlyLS
--------------------------------------------------
Generating 128 random solutions...
Applying local search to 128 solutions...
Results saved to: results/barabasi_albert_10ins_m20/onlyLS/ba_131072_1_3.csv
Best energy: -31157500.000000
Total time: 0.8600s
Local search iterations: 43
----------------------------------------
  Seed 2/10 (seed=43)
Initialized onlyLS solver (GPU local search only). Results will be saved under 'onlyLS'.
Parameters:
  instance_name: ba_131072_1_3.txt
  dataset: barabasi_albert_10ins_m20
  random_seed: 43
  n_random_solutions: 128
  max_local_iterations: 1000
  precision: 32 bits (<class 'numpy.float32'>)
  run_name: onlyLS
--------------------------------------------------
Generating 128 random solutions...
Applying local search to 128 solutions...
Results saved to: results/barabasi_albert_10ins_m20/onlyLS/ba_131072_1_3.csv
Best energy: -31182194.000000
Total time: 0.8029s
Local search iterations: 45
----------------------------------------
  Seed 3/10 (seed=44)
Initialized onlyLS solver (GPU local search only). Results will be saved under 'onlyLS'.
Parameters:
  instance_name: ba_131072_1_3.txt
  dataset: barabasi_albert_10ins_m20
  random_seed: 44
  n_random_solutions: 128
  max_local_iterations: 1000
  precision: 32 bits (<class 'numpy.float32'>)
  run_name: onlyLS
--------------------------------------------------
Generating 128 random solutions...
Applying local search to 128 solutions...
Results saved to: results/barabasi_albert_10ins_m20/onlyLS/ba_131072_1_3.csv
Best energy: -31129700.000000
Total time: 0.8125s
Local search iterations: 46
----------------------------------------
  Seed 4/10 (seed=45)
Initialized onlyLS solver (GPU local search only). Results will be saved under 'onlyLS'.
Parameters:
  instance_name: ba_131072_1_3.txt
  dataset: barabasi_albert_10ins_m20
  random_seed: 45
  n_random_solutions: 128
  max_local_iterations: 1000
  precision: 32 bits (<class 'numpy.float32'>)
  run_name: onlyLS
--------------------------------------------------
Generating 128 random solutions...
Applying local search to 128 solutions...
Results saved to: results/barabasi_albert_10ins_m20/onlyLS/ba_131072_1_3.csv
Best energy: -31170274.000000
Total time: 0.7941s
Local search iterations: 44
----------------------------------------
  Seed 5/10 (seed=46)
Initialized onlyLS solver (GPU local search only). Results will be saved under 'onlyLS'.
Parameters:
  instance_name: ba_131072_1_3.txt
  dataset: barabasi_albert_10ins_m20
  random_seed: 46
  n_random_solutions: 128
  max_local_iterations: 1000
  precision: 32 bits (<class 'numpy.float32'>)
  run_name: onlyLS
--------------------------------------------------
Generating 128 random solutions...
Applying local search to 128 solutions...
Results saved to: results/barabasi_albert_10ins_m20/onlyLS/ba_131072_1_3.csv
Best energy: -31152560.000000
Total time: 0.7781s
Local search iterations: 40
----------------------------------------
  Seed 6/10 (seed=47)
Initialized onlyLS solver (GPU local search only). Results will be saved under 'onlyLS'.
Parameters:
  instance_name: ba_131072_1_3.txt
  dataset: barabasi_albert_10ins_m20
  random_seed: 47
  n_random_solutions: 128
  max_local_iterations: 1000
  precision: 32 bits (<class 'numpy.float32'>)
  run_name: onlyLS
--------------------------------------------------
Generating 128 random solutions...
Applying local search to 128 solutions...
Results saved to: results/barabasi_albert_10ins_m20/onlyLS/ba_131072_1_3.csv
Best energy: -31148240.000000
Total time: 0.7466s
Local search iterations: 39
----------------------------------------
  Seed 7/10 (seed=48)
Initialized onlyLS solver (GPU local search only). Results will be saved under 'onlyLS'.
Parameters:
  instance_name: ba_131072_1_3.txt
  dataset: barabasi_albert_10ins_m20
  random_seed: 48
  n_random_solutions: 128
  max_local_iterations: 1000
  precision: 32 bits (<class 'numpy.float32'>)
  run_name: onlyLS
--------------------------------------------------
Generating 128 random solutions...
Applying local search to 128 solutions...
Results saved to: results/barabasi_albert_10ins_m20/onlyLS/ba_131072_1_3.csv
Best energy: -31240012.000000
Total time: 0.7385s
Local search iterations: 38
----------------------------------------
  Seed 8/10 (seed=49)
Initialized onlyLS solver (GPU local search only). Results will be saved under 'onlyLS'.
Parameters:
  instance_name: ba_131072_1_3.txt
  dataset: barabasi_albert_10ins_m20
  random_seed: 49
  n_random_solutions: 128
  max_local_iterations: 1000
  precision: 32 bits (<class 'numpy.float32'>)
  run_name: onlyLS
--------------------------------------------------
Generating 128 random solutions...
Applying local search to 128 solutions...
Results saved to: results/barabasi_albert_10ins_m20/onlyLS/ba_131072_1_3.csv
Best energy: -31184064.000000
Total time: 0.8138s
Local search iterations: 46
----------------------------------------
  Seed 9/10 (seed=50)
Initialized onlyLS solver (GPU local search only). Results will be saved under 'onlyLS'.
Parameters:
  instance_name: ba_131072_1_3.txt
  dataset: barabasi_albert_10ins_m20
  random_seed: 50
  n_random_solutions: 128
  max_local_iterations: 1000
  precision: 32 bits (<class 'numpy.float32'>)
  run_name: onlyLS
--------------------------------------------------
Generating 128 random solutions...
Applying local search to 128 solutions...
Results saved to: results/barabasi_albert_10ins_m20/onlyLS/ba_131072_1_3.csv
Best energy: -31142832.000000
Total time: 0.8950s
Local search iterations: 47
----------------------------------------
  Seed 10/10 (seed=51)
Initialized onlyLS solver (GPU local search only). Results will be saved under 'onlyLS'.
Parameters:
  instance_name: ba_131072_1_3.txt
  dataset: barabasi_albert_10ins_m20
  random_seed: 51
  n_random_solutions: 128
  max_local_iterations: 1000
  precision: 32 bits (<class 'numpy.float32'>)
  run_name: onlyLS
--------------------------------------------------
Generating 128 random solutions...
Applying local search to 128 solutions...
Results saved to: results/barabasi_albert_10ins_m20/onlyLS/ba_131072_1_3.csv
Best energy: -31175658.000000
Total time: 0.7576s
Local search iterations: 40
----------------------------------------
Processing instance: ba_131072_1_4.txt
  Seed 1/10 (seed=42)
Initialized onlyLS solver (GPU local search only). Results will be saved under 'onlyLS'.
Parameters:
  instance_name: ba_131072_1_4.txt
  dataset: barabasi_albert_10ins_m20
  random_seed: 42
  n_random_solutions: 128
  max_local_iterations: 1000
  precision: 32 bits (<class 'numpy.float32'>)
  run_name: onlyLS
--------------------------------------------------
Generating 128 random solutions...
Applying local search to 128 solutions...
Results saved to: results/barabasi_albert_10ins_m20/onlyLS/ba_131072_1_4.csv
Best energy: -31153796.000000
Total time: 0.8534s
Local search iterations: 44
----------------------------------------
  Seed 2/10 (seed=43)
Initialized onlyLS solver (GPU local search only). Results will be saved under 'onlyLS'.
Parameters:
  instance_name: ba_131072_1_4.txt
  dataset: barabasi_albert_10ins_m20
  random_seed: 43
  n_random_solutions: 128
  max_local_iterations: 1000
  precision: 32 bits (<class 'numpy.float32'>)
  run_name: onlyLS
--------------------------------------------------
Generating 128 random solutions...
Applying local search to 128 solutions...
Results saved to: results/barabasi_albert_10ins_m20/onlyLS/ba_131072_1_4.csv
Best energy: -31137338.000000
Total time: 0.8273s
Local search iterations: 43
----------------------------------------
  Seed 3/10 (seed=44)
Initialized onlyLS solver (GPU local search only). Results will be saved under 'onlyLS'.
Parameters:
  instance_name: ba_131072_1_4.txt
  dataset: barabasi_albert_10ins_m20
  random_seed: 44
  n_random_solutions: 128
  max_local_iterations: 1000
  precision: 32 bits (<class 'numpy.float32'>)
  run_name: onlyLS
--------------------------------------------------
Generating 128 random solutions...
Applying local search to 128 solutions...
Results saved to: results/barabasi_albert_10ins_m20/onlyLS/ba_131072_1_4.csv
Best energy: -31138076.000000
Total time: 0.7771s
Local search iterations: 39
----------------------------------------
  Seed 4/10 (seed=45)
Initialized onlyLS solver (GPU local search only). Results will be saved under 'onlyLS'.
Parameters:
  instance_name: ba_131072_1_4.txt
  dataset: barabasi_albert_10ins_m20
  random_seed: 45
  n_random_solutions: 128
  max_local_iterations: 1000
  precision: 32 bits (<class 'numpy.float32'>)
  run_name: onlyLS
--------------------------------------------------
Generating 128 random solutions...
Applying local search to 128 solutions...
Results saved to: results/barabasi_albert_10ins_m20/onlyLS/ba_131072_1_4.csv
Best energy: -31188000.000000
Total time: 0.8039s
Local search iterations: 45
----------------------------------------
  Seed 5/10 (seed=46)
Initialized onlyLS solver (GPU local search only). Results will be saved under 'onlyLS'.
Parameters:
  instance_name: ba_131072_1_4.txt
  dataset: barabasi_albert_10ins_m20
  random_seed: 46
  n_random_solutions: 128
  max_local_iterations: 1000
  precision: 32 bits (<class 'numpy.float32'>)
  run_name: onlyLS
--------------------------------------------------
Generating 128 random solutions...
Applying local search to 128 solutions...
Results saved to: results/barabasi_albert_10ins_m20/onlyLS/ba_131072_1_4.csv
Best energy: -31167218.000000
Total time: 0.8410s
Local search iterations: 49
----------------------------------------
  Seed 6/10 (seed=47)
Initialized onlyLS solver (GPU local search only). Results will be saved under 'onlyLS'.
Parameters:
  instance_name: ba_131072_1_4.txt
  dataset: barabasi_albert_10ins_m20
  random_seed: 47
  n_random_solutions: 128
  max_local_iterations: 1000
  precision: 32 bits (<class 'numpy.float32'>)
  run_name: onlyLS
--------------------------------------------------
Generating 128 random solutions...
Applying local search to 128 solutions...
Results saved to: results/barabasi_albert_10ins_m20/onlyLS/ba_131072_1_4.csv
Best energy: -31169886.000000
Total time: 0.7969s
Local search iterations: 39
----------------------------------------
  Seed 7/10 (seed=48)
Initialized onlyLS solver (GPU local search only). Results will be saved under 'onlyLS'.
Parameters:
  instance_name: ba_131072_1_4.txt
  dataset: barabasi_albert_10ins_m20
  random_seed: 48
  n_random_solutions: 128
  max_local_iterations: 1000
  precision: 32 bits (<class 'numpy.float32'>)
  run_name: onlyLS
--------------------------------------------------
Generating 128 random solutions...
Applying local search to 128 solutions...
Results saved to: results/barabasi_albert_10ins_m20/onlyLS/ba_131072_1_4.csv
Best energy: -31142730.000000
Total time: 0.7390s
Local search iterations: 38
----------------------------------------
  Seed 8/10 (seed=49)
Initialized onlyLS solver (GPU local search only). Results will be saved under 'onlyLS'.
Parameters:
  instance_name: ba_131072_1_4.txt
  dataset: barabasi_albert_10ins_m20
  random_seed: 49
  n_random_solutions: 128
  max_local_iterations: 1000
  precision: 32 bits (<class 'numpy.float32'>)
  run_name: onlyLS
--------------------------------------------------
Generating 128 random solutions...
Applying local search to 128 solutions...
Results saved to: results/barabasi_albert_10ins_m20/onlyLS/ba_131072_1_4.csv
Best energy: -31148410.000000
Total time: 0.8226s
Local search iterations: 47
----------------------------------------
  Seed 9/10 (seed=50)
Initialized onlyLS solver (GPU local search only). Results will be saved under 'onlyLS'.
Parameters:
  instance_name: ba_131072_1_4.txt
  dataset: barabasi_albert_10ins_m20
  random_seed: 50
  n_random_solutions: 128
  max_local_iterations: 1000
  precision: 32 bits (<class 'numpy.float32'>)
  run_name: onlyLS
--------------------------------------------------
Generating 128 random solutions...
Applying local search to 128 solutions...
Results saved to: results/barabasi_albert_10ins_m20/onlyLS/ba_131072_1_4.csv
Best energy: -31180618.000000
Total time: 0.7862s
Local search iterations: 42
----------------------------------------
  Seed 10/10 (seed=51)
Initialized onlyLS solver (GPU local search only). Results will be saved under 'onlyLS'.
Parameters:
  instance_name: ba_131072_1_4.txt
  dataset: barabasi_albert_10ins_m20
  random_seed: 51
  n_random_solutions: 128
  max_local_iterations: 1000
  precision: 32 bits (<class 'numpy.float32'>)
  run_name: onlyLS
--------------------------------------------------
Generating 128 random solutions...
Applying local search to 128 solutions...
Results saved to: results/barabasi_albert_10ins_m20/onlyLS/ba_131072_1_4.csv
Best energy: -31135594.000000
Total time: 0.7575s
Local search iterations: 40
----------------------------------------
Processing instance: ba_131072_1_5.txt
  Seed 1/10 (seed=42)
Initialized onlyLS solver (GPU local search only). Results will be saved under 'onlyLS'.
Parameters:
  instance_name: ba_131072_1_5.txt
  dataset: barabasi_albert_10ins_m20
  random_seed: 42
  n_random_solutions: 128
  max_local_iterations: 1000
  precision: 32 bits (<class 'numpy.float32'>)
  run_name: onlyLS
--------------------------------------------------
Generating 128 random solutions...
Applying local search to 128 solutions...
Results saved to: results/barabasi_albert_10ins_m20/onlyLS/ba_131072_1_5.csv
Best energy: -31237130.000000
Total time: 0.8289s
Local search iterations: 42
----------------------------------------
  Seed 2/10 (seed=43)
Initialized onlyLS solver (GPU local search only). Results will be saved under 'onlyLS'.
Parameters:
  instance_name: ba_131072_1_5.txt
  dataset: barabasi_albert_10ins_m20
  random_seed: 43
  n_random_solutions: 128
  max_local_iterations: 1000
  precision: 32 bits (<class 'numpy.float32'>)
  run_name: onlyLS
--------------------------------------------------
Generating 128 random solutions...
Applying local search to 128 solutions...
Results saved to: results/barabasi_albert_10ins_m20/onlyLS/ba_131072_1_5.csv
Best energy: -31176066.000000
Total time: 0.8287s
Local search iterations: 48
----------------------------------------
  Seed 3/10 (seed=44)
Initialized onlyLS solver (GPU local search only). Results will be saved under 'onlyLS'.
Parameters:
  instance_name: ba_131072_1_5.txt
  dataset: barabasi_albert_10ins_m20
  random_seed: 44
  n_random_solutions: 128
  max_local_iterations: 1000
  precision: 32 bits (<class 'numpy.float32'>)
  run_name: onlyLS
--------------------------------------------------
Generating 128 random solutions...
Applying local search to 128 solutions...
Results saved to: results/barabasi_albert_10ins_m20/onlyLS/ba_131072_1_5.csv
Best energy: -31154564.000000
Total time: 0.8127s
Local search iterations: 45
----------------------------------------
  Seed 4/10 (seed=45)
Initialized onlyLS solver (GPU local search only). Results will be saved under 'onlyLS'.
Parameters:
  instance_name: ba_131072_1_5.txt
  dataset: barabasi_albert_10ins_m20
  random_seed: 45
  n_random_solutions: 128
  max_local_iterations: 1000
  precision: 32 bits (<class 'numpy.float32'>)
  run_name: onlyLS
--------------------------------------------------
Generating 128 random solutions...
Applying local search to 128 solutions...
Results saved to: results/barabasi_albert_10ins_m20/onlyLS/ba_131072_1_5.csv
Best energy: -31179722.000000
Total time: 0.8581s
Local search iterations: 51
----------------------------------------
  Seed 5/10 (seed=46)
Initialized onlyLS solver (GPU local search only). Results will be saved under 'onlyLS'.
Parameters:
  instance_name: ba_131072_1_5.txt
  dataset: barabasi_albert_10ins_m20
  random_seed: 46
  n_random_solutions: 128
  max_local_iterations: 1000
  precision: 32 bits (<class 'numpy.float32'>)
  run_name: onlyLS
--------------------------------------------------
Generating 128 random solutions...
Applying local search to 128 solutions...
Results saved to: results/barabasi_albert_10ins_m20/onlyLS/ba_131072_1_5.csv
Best energy: -31276964.000000
Total time: 0.7576s
Local search iterations: 40
----------------------------------------
  Seed 6/10 (seed=47)
Initialized onlyLS solver (GPU local search only). Results will be saved under 'onlyLS'.
Parameters:
  instance_name: ba_131072_1_5.txt
  dataset: barabasi_albert_10ins_m20
  random_seed: 47
  n_random_solutions: 128
  max_local_iterations: 1000
  precision: 32 bits (<class 'numpy.float32'>)
  run_name: onlyLS
--------------------------------------------------
Generating 128 random solutions...
Applying local search to 128 solutions...
Results saved to: results/barabasi_albert_10ins_m20/onlyLS/ba_131072_1_5.csv
Best energy: -31189318.000000
Total time: 0.7465s
Local search iterations: 39
----------------------------------------
  Seed 7/10 (seed=48)
Initialized onlyLS solver (GPU local search only). Results will be saved under 'onlyLS'.
Parameters:
  instance_name: ba_131072_1_5.txt
  dataset: barabasi_albert_10ins_m20
  random_seed: 48
  n_random_solutions: 128
  max_local_iterations: 1000
  precision: 32 bits (<class 'numpy.float32'>)
  run_name: onlyLS
--------------------------------------------------
Generating 128 random solutions...
Applying local search to 128 solutions...
Results saved to: results/barabasi_albert_10ins_m20/onlyLS/ba_131072_1_5.csv
Best energy: -31166140.000000
Total time: 0.7453s
Local search iterations: 39
----------------------------------------
  Seed 8/10 (seed=49)
Initialized onlyLS solver (GPU local search only). Results will be saved under 'onlyLS'.
Parameters:
  instance_name: ba_131072_1_5.txt
  dataset: barabasi_albert_10ins_m20
  random_seed: 49
  n_random_solutions: 128
  max_local_iterations: 1000
  precision: 32 bits (<class 'numpy.float32'>)
  run_name: onlyLS
--------------------------------------------------
Generating 128 random solutions...
Applying local search to 128 solutions...
Results saved to: results/barabasi_albert_10ins_m20/onlyLS/ba_131072_1_5.csv
Best energy: -31171354.000000
Total time: 0.7950s
Local search iterations: 44
----------------------------------------
  Seed 9/10 (seed=50)
Initialized onlyLS solver (GPU local search only). Results will be saved under 'onlyLS'.
Parameters:
  instance_name: ba_131072_1_5.txt
  dataset: barabasi_albert_10ins_m20
  random_seed: 50
  n_random_solutions: 128
  max_local_iterations: 1000
  precision: 32 bits (<class 'numpy.float32'>)
  run_name: onlyLS
--------------------------------------------------
Generating 128 random solutions...
Applying local search to 128 solutions...
Results saved to: results/barabasi_albert_10ins_m20/onlyLS/ba_131072_1_5.csv
Best energy: -31183612.000000
Total time: 0.8146s
Local search iterations: 46
----------------------------------------
  Seed 10/10 (seed=51)
Initialized onlyLS solver (GPU local search only). Results will be saved under 'onlyLS'.
Parameters:
  instance_name: ba_131072_1_5.txt
  dataset: barabasi_albert_10ins_m20
  random_seed: 51
  n_random_solutions: 128
  max_local_iterations: 1000
  precision: 32 bits (<class 'numpy.float32'>)
  run_name: onlyLS
--------------------------------------------------
Generating 128 random solutions...
Applying local search to 128 solutions...
Results saved to: results/barabasi_albert_10ins_m20/onlyLS/ba_131072_1_5.csv
Best energy: -31157898.000000
Total time: 0.7491s
Local search iterations: 39
----------------------------------------
Processing instance: ba_131072_1_6.txt
  Seed 1/10 (seed=42)
Initialized onlyLS solver (GPU local search only). Results will be saved under 'onlyLS'.
Parameters:
  instance_name: ba_131072_1_6.txt
  dataset: barabasi_albert_10ins_m20
  random_seed: 42
  n_random_solutions: 128
  max_local_iterations: 1000
  precision: 32 bits (<class 'numpy.float32'>)
  run_name: onlyLS
--------------------------------------------------
Generating 128 random solutions...
Applying local search to 128 solutions...
Results saved to: results/barabasi_albert_10ins_m20/onlyLS/ba_131072_1_6.csv
Best energy: -31126965.000000
Total time: 0.7949s
Local search iterations: 38
----------------------------------------
  Seed 2/10 (seed=43)
Initialized onlyLS solver (GPU local search only). Results will be saved under 'onlyLS'.
Parameters:
  instance_name: ba_131072_1_6.txt
  dataset: barabasi_albert_10ins_m20
  random_seed: 43
  n_random_solutions: 128
  max_local_iterations: 1000
  precision: 32 bits (<class 'numpy.float32'>)
  run_name: onlyLS
--------------------------------------------------
Generating 128 random solutions...
Applying local search to 128 solutions...
Results saved to: results/barabasi_albert_10ins_m20/onlyLS/ba_131072_1_6.csv
Best energy: -31140071.000000
Total time: 0.7559s
Local search iterations: 38
----------------------------------------
  Seed 3/10 (seed=44)
Initialized onlyLS solver (GPU local search only). Results will be saved under 'onlyLS'.
Parameters:
  instance_name: ba_131072_1_6.txt
  dataset: barabasi_albert_10ins_m20
  random_seed: 44
  n_random_solutions: 128
  max_local_iterations: 1000
  precision: 32 bits (<class 'numpy.float32'>)
  run_name: onlyLS
--------------------------------------------------
Generating 128 random solutions...
Applying local search to 128 solutions...
Results saved to: results/barabasi_albert_10ins_m20/onlyLS/ba_131072_1_6.csv
Best energy: -31160263.000000
Total time: 0.7674s
Local search iterations: 41
----------------------------------------
  Seed 4/10 (seed=45)
Initialized onlyLS solver (GPU local search only). Results will be saved under 'onlyLS'.
Parameters:
  instance_name: ba_131072_1_6.txt
  dataset: barabasi_albert_10ins_m20
  random_seed: 45
  n_random_solutions: 128
  max_local_iterations: 1000
  precision: 32 bits (<class 'numpy.float32'>)
  run_name: onlyLS
--------------------------------------------------
Generating 128 random solutions...
Applying local search to 128 solutions...
Results saved to: results/barabasi_albert_10ins_m20/onlyLS/ba_131072_1_6.csv
Best energy: -31169873.000000
Total time: 0.7941s
Local search iterations: 43
----------------------------------------
  Seed 5/10 (seed=46)
Initialized onlyLS solver (GPU local search only). Results will be saved under 'onlyLS'.
Parameters:
  instance_name: ba_131072_1_6.txt
  dataset: barabasi_albert_10ins_m20
  random_seed: 46
  n_random_solutions: 128
  max_local_iterations: 1000
  precision: 32 bits (<class 'numpy.float32'>)
  run_name: onlyLS
--------------------------------------------------
Generating 128 random solutions...
Applying local search to 128 solutions...
Results saved to: results/barabasi_albert_10ins_m20/onlyLS/ba_131072_1_6.csv
Best energy: -31140947.000000
Total time: 0.7470s
Local search iterations: 39
----------------------------------------
  Seed 6/10 (seed=47)
Initialized onlyLS solver (GPU local search only). Results will be saved under 'onlyLS'.
Parameters:
  instance_name: ba_131072_1_6.txt
  dataset: barabasi_albert_10ins_m20
  random_seed: 47
  n_random_solutions: 128
  max_local_iterations: 1000
  precision: 32 bits (<class 'numpy.float32'>)
  run_name: onlyLS
--------------------------------------------------
Generating 128 random solutions...
Applying local search to 128 solutions...
Results saved to: results/barabasi_albert_10ins_m20/onlyLS/ba_131072_1_6.csv
Best energy: -31143899.000000
Total time: 0.7202s
Local search iterations: 36
----------------------------------------
  Seed 7/10 (seed=48)
Initialized onlyLS solver (GPU local search only). Results will be saved under 'onlyLS'.
Parameters:
  instance_name: ba_131072_1_6.txt
  dataset: barabasi_albert_10ins_m20
  random_seed: 48
  n_random_solutions: 128
  max_local_iterations: 1000
  precision: 32 bits (<class 'numpy.float32'>)
  run_name: onlyLS
--------------------------------------------------
Generating 128 random solutions...
Applying local search to 128 solutions...
Results saved to: results/barabasi_albert_10ins_m20/onlyLS/ba_131072_1_6.csv
Best energy: -31139805.000000
Total time: 0.7741s
Local search iterations: 42
----------------------------------------
  Seed 8/10 (seed=49)
Initialized onlyLS solver (GPU local search only). Results will be saved under 'onlyLS'.
Parameters:
  instance_name: ba_131072_1_6.txt
  dataset: barabasi_albert_10ins_m20
  random_seed: 49
  n_random_solutions: 128
  max_local_iterations: 1000
  precision: 32 bits (<class 'numpy.float32'>)
  run_name: onlyLS
--------------------------------------------------
Generating 128 random solutions...
Applying local search to 128 solutions...
Results saved to: results/barabasi_albert_10ins_m20/onlyLS/ba_131072_1_6.csv
Best energy: -31151693.000000
Total time: 0.8590s
Local search iterations: 51
----------------------------------------
  Seed 9/10 (seed=50)
Initialized onlyLS solver (GPU local search only). Results will be saved under 'onlyLS'.
Parameters:
  instance_name: ba_131072_1_6.txt
  dataset: barabasi_albert_10ins_m20
  random_seed: 50
  n_random_solutions: 128
  max_local_iterations: 1000
  precision: 32 bits (<class 'numpy.float32'>)
  run_name: onlyLS
--------------------------------------------------
Generating 128 random solutions...
Applying local search to 128 solutions...
Results saved to: results/barabasi_albert_10ins_m20/onlyLS/ba_131072_1_6.csv
Best energy: -31194877.000000
Total time: 0.7478s
Local search iterations: 39
----------------------------------------
  Seed 10/10 (seed=51)
Initialized onlyLS solver (GPU local search only). Results will be saved under 'onlyLS'.
Parameters:
  instance_name: ba_131072_1_6.txt
  dataset: barabasi_albert_10ins_m20
  random_seed: 51
  n_random_solutions: 128
  max_local_iterations: 1000
  precision: 32 bits (<class 'numpy.float32'>)
  run_name: onlyLS
--------------------------------------------------
Generating 128 random solutions...
Applying local search to 128 solutions...
Results saved to: results/barabasi_albert_10ins_m20/onlyLS/ba_131072_1_6.csv
Best energy: -31177353.000000
Total time: 0.7678s
Local search iterations: 41
----------------------------------------
Processing instance: ba_131072_1_7.txt
  Seed 1/10 (seed=42)
Initialized onlyLS solver (GPU local search only). Results will be saved under 'onlyLS'.
Parameters:
  instance_name: ba_131072_1_7.txt
  dataset: barabasi_albert_10ins_m20
  random_seed: 42
  n_random_solutions: 128
  max_local_iterations: 1000
  precision: 32 bits (<class 'numpy.float32'>)
  run_name: onlyLS
--------------------------------------------------
Generating 128 random solutions...
Applying local search to 128 solutions...
Results saved to: results/barabasi_albert_10ins_m20/onlyLS/ba_131072_1_7.csv
Best energy: -31143326.000000
Total time: 0.8519s
Local search iterations: 42
----------------------------------------
  Seed 2/10 (seed=43)
Initialized onlyLS solver (GPU local search only). Results will be saved under 'onlyLS'.
Parameters:
  instance_name: ba_131072_1_7.txt
  dataset: barabasi_albert_10ins_m20
  random_seed: 43
  n_random_solutions: 128
  max_local_iterations: 1000
  precision: 32 bits (<class 'numpy.float32'>)
  run_name: onlyLS
--------------------------------------------------
Generating 128 random solutions...
Applying local search to 128 solutions...
Results saved to: results/barabasi_albert_10ins_m20/onlyLS/ba_131072_1_7.csv
Best energy: -31175628.000000
Total time: 0.7540s
Local search iterations: 40
----------------------------------------
  Seed 3/10 (seed=44)
Initialized onlyLS solver (GPU local search only). Results will be saved under 'onlyLS'.
Parameters:
  instance_name: ba_131072_1_7.txt
  dataset: barabasi_albert_10ins_m20
  random_seed: 44
  n_random_solutions: 128
  max_local_iterations: 1000
  precision: 32 bits (<class 'numpy.float32'>)
  run_name: onlyLS
--------------------------------------------------
Generating 128 random solutions...
Applying local search to 128 solutions...
Results saved to: results/barabasi_albert_10ins_m20/onlyLS/ba_131072_1_7.csv
Best energy: -31138074.000000
Total time: 0.8044s
Local search iterations: 43
----------------------------------------
  Seed 4/10 (seed=45)
Initialized onlyLS solver (GPU local search only). Results will be saved under 'onlyLS'.
Parameters:
  instance_name: ba_131072_1_7.txt
  dataset: barabasi_albert_10ins_m20
  random_seed: 45
  n_random_solutions: 128
  max_local_iterations: 1000
  precision: 32 bits (<class 'numpy.float32'>)
  run_name: onlyLS
--------------------------------------------------
Generating 128 random solutions...
Applying local search to 128 solutions...
Results saved to: results/barabasi_albert_10ins_m20/onlyLS/ba_131072_1_7.csv
Best energy: -31162330.000000
Total time: 0.7846s
Local search iterations: 43
----------------------------------------
  Seed 5/10 (seed=46)
Initialized onlyLS solver (GPU local search only). Results will be saved under 'onlyLS'.
Parameters:
  instance_name: ba_131072_1_7.txt
  dataset: barabasi_albert_10ins_m20
  random_seed: 46
  n_random_solutions: 128
  max_local_iterations: 1000
  precision: 32 bits (<class 'numpy.float32'>)
  run_name: onlyLS
--------------------------------------------------
Generating 128 random solutions...
Applying local search to 128 solutions...
Results saved to: results/barabasi_albert_10ins_m20/onlyLS/ba_131072_1_7.csv
Best energy: -31175396.000000
Total time: 0.7474s
Local search iterations: 39
----------------------------------------
  Seed 6/10 (seed=47)
Initialized onlyLS solver (GPU local search only). Results will be saved under 'onlyLS'.
Parameters:
  instance_name: ba_131072_1_7.txt
  dataset: barabasi_albert_10ins_m20
  random_seed: 47
  n_random_solutions: 128
  max_local_iterations: 1000
  precision: 32 bits (<class 'numpy.float32'>)
  run_name: onlyLS
--------------------------------------------------
Generating 128 random solutions...
Applying local search to 128 solutions...
Results saved to: results/barabasi_albert_10ins_m20/onlyLS/ba_131072_1_7.csv
Best energy: -31158248.000000
Total time: 0.8490s
Local search iterations: 50
----------------------------------------
  Seed 7/10 (seed=48)
Initialized onlyLS solver (GPU local search only). Results will be saved under 'onlyLS'.
Parameters:
  instance_name: ba_131072_1_7.txt
  dataset: barabasi_albert_10ins_m20
  random_seed: 48
  n_random_solutions: 128
  max_local_iterations: 1000
  precision: 32 bits (<class 'numpy.float32'>)
  run_name: onlyLS
--------------------------------------------------
Generating 128 random solutions...
Applying local search to 128 solutions...
Results saved to: results/barabasi_albert_10ins_m20/onlyLS/ba_131072_1_7.csv
Best energy: -31150710.000000
Total time: 0.7557s
Local search iterations: 40
----------------------------------------
  Seed 8/10 (seed=49)
Initialized onlyLS solver (GPU local search only). Results will be saved under 'onlyLS'.
Parameters:
  instance_name: ba_131072_1_7.txt
  dataset: barabasi_albert_10ins_m20
  random_seed: 49
  n_random_solutions: 128
  max_local_iterations: 1000
  precision: 32 bits (<class 'numpy.float32'>)
  run_name: onlyLS
--------------------------------------------------
Generating 128 random solutions...
Applying local search to 128 solutions...
Results saved to: results/barabasi_albert_10ins_m20/onlyLS/ba_131072_1_7.csv
Best energy: -31218292.000000
Total time: 0.7674s
Local search iterations: 39
----------------------------------------
  Seed 9/10 (seed=50)
Initialized onlyLS solver (GPU local search only). Results will be saved under 'onlyLS'.
Parameters:
  instance_name: ba_131072_1_7.txt
  dataset: barabasi_albert_10ins_m20
  random_seed: 50
  n_random_solutions: 128
  max_local_iterations: 1000
  precision: 32 bits (<class 'numpy.float32'>)
  run_name: onlyLS
--------------------------------------------------
Generating 128 random solutions...
Applying local search to 128 solutions...
Results saved to: results/barabasi_albert_10ins_m20/onlyLS/ba_131072_1_7.csv
Best energy: -31187966.000000
Total time: 0.8043s
Local search iterations: 45
----------------------------------------
  Seed 10/10 (seed=51)
Initialized onlyLS solver (GPU local search only). Results will be saved under 'onlyLS'.
Parameters:
  instance_name: ba_131072_1_7.txt
  dataset: barabasi_albert_10ins_m20
  random_seed: 51
  n_random_solutions: 128
  max_local_iterations: 1000
  precision: 32 bits (<class 'numpy.float32'>)
  run_name: onlyLS
--------------------------------------------------
Generating 128 random solutions...
Applying local search to 128 solutions...
Results saved to: results/barabasi_albert_10ins_m20/onlyLS/ba_131072_1_7.csv
Best energy: -31161770.000000
Total time: 0.7855s
Local search iterations: 43
----------------------------------------
Processing instance: ba_131072_1_8.txt
  Seed 1/10 (seed=42)
Initialized onlyLS solver (GPU local search only). Results will be saved under 'onlyLS'.
Parameters:
  instance_name: ba_131072_1_8.txt
  dataset: barabasi_albert_10ins_m20
  random_seed: 42
  n_random_solutions: 128
  max_local_iterations: 1000
  precision: 32 bits (<class 'numpy.float32'>)
  run_name: onlyLS
--------------------------------------------------
Generating 128 random solutions...
Applying local search to 128 solutions...
Results saved to: results/barabasi_albert_10ins_m20/onlyLS/ba_131072_1_8.csv
Best energy: -31168533.000000
Total time: 0.8063s
Local search iterations: 40
----------------------------------------
  Seed 2/10 (seed=43)
Initialized onlyLS solver (GPU local search only). Results will be saved under 'onlyLS'.
Parameters:
  instance_name: ba_131072_1_8.txt
  dataset: barabasi_albert_10ins_m20
  random_seed: 43
  n_random_solutions: 128
  max_local_iterations: 1000
  precision: 32 bits (<class 'numpy.float32'>)
  run_name: onlyLS
--------------------------------------------------
Generating 128 random solutions...
Applying local search to 128 solutions...
Results saved to: results/barabasi_albert_10ins_m20/onlyLS/ba_131072_1_8.csv
Best energy: -31156243.000000
Total time: 0.8030s
Local search iterations: 45
----------------------------------------
  Seed 3/10 (seed=44)
Initialized onlyLS solver (GPU local search only). Results will be saved under 'onlyLS'.
Parameters:
  instance_name: ba_131072_1_8.txt
  dataset: barabasi_albert_10ins_m20
  random_seed: 44
  n_random_solutions: 128
  max_local_iterations: 1000
  precision: 32 bits (<class 'numpy.float32'>)
  run_name: onlyLS
--------------------------------------------------
Generating 128 random solutions...
Applying local search to 128 solutions...
Results saved to: results/barabasi_albert_10ins_m20/onlyLS/ba_131072_1_8.csv
Best energy: -31159733.000000
Total time: 0.7860s
Local search iterations: 43
----------------------------------------
  Seed 4/10 (seed=45)
Initialized onlyLS solver (GPU local search only). Results will be saved under 'onlyLS'.
Parameters:
  instance_name: ba_131072_1_8.txt
  dataset: barabasi_albert_10ins_m20
  random_seed: 45
  n_random_solutions: 128
  max_local_iterations: 1000
  precision: 32 bits (<class 'numpy.float32'>)
  run_name: onlyLS
--------------------------------------------------
Generating 128 random solutions...
Applying local search to 128 solutions...
Results saved to: results/barabasi_albert_10ins_m20/onlyLS/ba_131072_1_8.csv
Best energy: -31183063.000000
Total time: 0.7656s
Local search iterations: 41
----------------------------------------
  Seed 5/10 (seed=46)
Initialized onlyLS solver (GPU local search only). Results will be saved under 'onlyLS'.
Parameters:
  instance_name: ba_131072_1_8.txt
  dataset: barabasi_albert_10ins_m20
  random_seed: 46
  n_random_solutions: 128
  max_local_iterations: 1000
  precision: 32 bits (<class 'numpy.float32'>)
  run_name: onlyLS
--------------------------------------------------
Generating 128 random solutions...
Applying local search to 128 solutions...
Results saved to: results/barabasi_albert_10ins_m20/onlyLS/ba_131072_1_8.csv
Best energy: -31146395.000000
Total time: 0.7569s
Local search iterations: 40
----------------------------------------
  Seed 6/10 (seed=47)
Initialized onlyLS solver (GPU local search only). Results will be saved under 'onlyLS'.
Parameters:
  instance_name: ba_131072_1_8.txt
  dataset: barabasi_albert_10ins_m20
  random_seed: 47
  n_random_solutions: 128
  max_local_iterations: 1000
  precision: 32 bits (<class 'numpy.float32'>)
  run_name: onlyLS
--------------------------------------------------
Generating 128 random solutions...
Applying local search to 128 solutions...
Results saved to: results/barabasi_albert_10ins_m20/onlyLS/ba_131072_1_8.csv
Best energy: -31160041.000000
Total time: 0.7751s
Local search iterations: 42
----------------------------------------
  Seed 7/10 (seed=48)
Initialized onlyLS solver (GPU local search only). Results will be saved under 'onlyLS'.
Parameters:
  instance_name: ba_131072_1_8.txt
  dataset: barabasi_albert_10ins_m20
  random_seed: 48
  n_random_solutions: 128
  max_local_iterations: 1000
  precision: 32 bits (<class 'numpy.float32'>)
  run_name: onlyLS
--------------------------------------------------
Generating 128 random solutions...
Applying local search to 128 solutions...
Results saved to: results/barabasi_albert_10ins_m20/onlyLS/ba_131072_1_8.csv
Best energy: -31172059.000000
Total time: 0.7932s
Local search iterations: 44
----------------------------------------
  Seed 8/10 (seed=49)
Initialized onlyLS solver (GPU local search only). Results will be saved under 'onlyLS'.
Parameters:
  instance_name: ba_131072_1_8.txt
  dataset: barabasi_albert_10ins_m20
  random_seed: 49
  n_random_solutions: 128
  max_local_iterations: 1000
  precision: 32 bits (<class 'numpy.float32'>)
  run_name: onlyLS
--------------------------------------------------
Generating 128 random solutions...
Applying local search to 128 solutions...
Results saved to: results/barabasi_albert_10ins_m20/onlyLS/ba_131072_1_8.csv
Best energy: -31177011.000000
Total time: 0.7390s
Local search iterations: 37
----------------------------------------
  Seed 9/10 (seed=50)
Initialized onlyLS solver (GPU local search only). Results will be saved under 'onlyLS'.
Parameters:
  instance_name: ba_131072_1_8.txt
  dataset: barabasi_albert_10ins_m20
  random_seed: 50
  n_random_solutions: 128
  max_local_iterations: 1000
  precision: 32 bits (<class 'numpy.float32'>)
  run_name: onlyLS
--------------------------------------------------
Generating 128 random solutions...
Applying local search to 128 solutions...
Results saved to: results/barabasi_albert_10ins_m20/onlyLS/ba_131072_1_8.csv
Best energy: -31162725.000000
Total time: 0.8059s
Local search iterations: 45
----------------------------------------
  Seed 10/10 (seed=51)
Initialized onlyLS solver (GPU local search only). Results will be saved under 'onlyLS'.
Parameters:
  instance_name: ba_131072_1_8.txt
  dataset: barabasi_albert_10ins_m20
  random_seed: 51
  n_random_solutions: 128
  max_local_iterations: 1000
  precision: 32 bits (<class 'numpy.float32'>)
  run_name: onlyLS
--------------------------------------------------
Generating 128 random solutions...
Applying local search to 128 solutions...
Results saved to: results/barabasi_albert_10ins_m20/onlyLS/ba_131072_1_8.csv
Best energy: -31130857.000000
Total time: 0.7684s
Local search iterations: 41
----------------------------------------
Processing instance: ba_131072_1_9.txt
  Seed 1/10 (seed=42)
Initialized onlyLS solver (GPU local search only). Results will be saved under 'onlyLS'.
Parameters:
  instance_name: ba_131072_1_9.txt
  dataset: barabasi_albert_10ins_m20
  random_seed: 42
  n_random_solutions: 128
  max_local_iterations: 1000
  precision: 32 bits (<class 'numpy.float32'>)
  run_name: onlyLS
--------------------------------------------------
Generating 128 random solutions...
Applying local search to 128 solutions...
Results saved to: results/barabasi_albert_10ins_m20/onlyLS/ba_131072_1_9.csv
Best energy: -31145275.000000
Total time: 0.8648s
Local search iterations: 43
----------------------------------------
  Seed 2/10 (seed=43)
Initialized onlyLS solver (GPU local search only). Results will be saved under 'onlyLS'.
Parameters:
  instance_name: ba_131072_1_9.txt
  dataset: barabasi_albert_10ins_m20
  random_seed: 43
  n_random_solutions: 128
  max_local_iterations: 1000
  precision: 32 bits (<class 'numpy.float32'>)
  run_name: onlyLS
--------------------------------------------------
Generating 128 random solutions...
Applying local search to 128 solutions...
Results saved to: results/barabasi_albert_10ins_m20/onlyLS/ba_131072_1_9.csv
Best energy: -31155151.000000
Total time: 0.7933s
Local search iterations: 44
----------------------------------------
  Seed 3/10 (seed=44)
Initialized onlyLS solver (GPU local search only). Results will be saved under 'onlyLS'.
Parameters:
  instance_name: ba_131072_1_9.txt
  dataset: barabasi_albert_10ins_m20
  random_seed: 44
  n_random_solutions: 128
  max_local_iterations: 1000
  precision: 32 bits (<class 'numpy.float32'>)
  run_name: onlyLS
--------------------------------------------------
Generating 128 random solutions...
Applying local search to 128 solutions...
Results saved to: results/barabasi_albert_10ins_m20/onlyLS/ba_131072_1_9.csv
Best energy: -31126533.000000
Total time: 0.7697s
Local search iterations: 40
----------------------------------------
  Seed 4/10 (seed=45)
Initialized onlyLS solver (GPU local search only). Results will be saved under 'onlyLS'.
Parameters:
  instance_name: ba_131072_1_9.txt
  dataset: barabasi_albert_10ins_m20
  random_seed: 45
  n_random_solutions: 128
  max_local_iterations: 1000
  precision: 32 bits (<class 'numpy.float32'>)
  run_name: onlyLS
--------------------------------------------------
Generating 128 random solutions...
Applying local search to 128 solutions...
Results saved to: results/barabasi_albert_10ins_m20/onlyLS/ba_131072_1_9.csv
Best energy: -31127911.000000
Total time: 0.8179s
Local search iterations: 46
----------------------------------------
  Seed 5/10 (seed=46)
Initialized onlyLS solver (GPU local search only). Results will be saved under 'onlyLS'.
Parameters:
  instance_name: ba_131072_1_9.txt
  dataset: barabasi_albert_10ins_m20
  random_seed: 46
  n_random_solutions: 128
  max_local_iterations: 1000
  precision: 32 bits (<class 'numpy.float32'>)
  run_name: onlyLS
--------------------------------------------------
Generating 128 random solutions...
Applying local search to 128 solutions...
Results saved to: results/barabasi_albert_10ins_m20/onlyLS/ba_131072_1_9.csv
Best energy: -31140613.000000
Total time: 0.7964s
Local search iterations: 44
----------------------------------------
  Seed 6/10 (seed=47)
Initialized onlyLS solver (GPU local search only). Results will be saved under 'onlyLS'.
Parameters:
  instance_name: ba_131072_1_9.txt
  dataset: barabasi_albert_10ins_m20
  random_seed: 47
  n_random_solutions: 128
  max_local_iterations: 1000
  precision: 32 bits (<class 'numpy.float32'>)
  run_name: onlyLS
--------------------------------------------------
Generating 128 random solutions...
Applying local search to 128 solutions...
Results saved to: results/barabasi_albert_10ins_m20/onlyLS/ba_131072_1_9.csv
Best energy: -31135283.000000
Total time: 0.8569s
Local search iterations: 50
----------------------------------------
  Seed 7/10 (seed=48)
Initialized onlyLS solver (GPU local search only). Results will be saved under 'onlyLS'.
Parameters:
  instance_name: ba_131072_1_9.txt
  dataset: barabasi_albert_10ins_m20
  random_seed: 48
  n_random_solutions: 128
  max_local_iterations: 1000
  precision: 32 bits (<class 'numpy.float32'>)
  run_name: onlyLS
--------------------------------------------------
Generating 128 random solutions...
Applying local search to 128 solutions...
Results saved to: results/barabasi_albert_10ins_m20/onlyLS/ba_131072_1_9.csv
Best energy: -31170025.000000
Total time: 0.7700s
Local search iterations: 41
----------------------------------------
  Seed 8/10 (seed=49)
Initialized onlyLS solver (GPU local search only). Results will be saved under 'onlyLS'.
Parameters:
  instance_name: ba_131072_1_9.txt
  dataset: barabasi_albert_10ins_m20
  random_seed: 49
  n_random_solutions: 128
  max_local_iterations: 1000
  precision: 32 bits (<class 'numpy.float32'>)
  run_name: onlyLS
--------------------------------------------------
Generating 128 random solutions...
Applying local search to 128 solutions...
Results saved to: results/barabasi_albert_10ins_m20/onlyLS/ba_131072_1_9.csv
Best energy: -31130205.000000
Total time: 0.7871s
Local search iterations: 43
----------------------------------------
  Seed 9/10 (seed=50)
Initialized onlyLS solver (GPU local search only). Results will be saved under 'onlyLS'.
Parameters:
  instance_name: ba_131072_1_9.txt
  dataset: barabasi_albert_10ins_m20
  random_seed: 50
  n_random_solutions: 128
  max_local_iterations: 1000
  precision: 32 bits (<class 'numpy.float32'>)
  run_name: onlyLS
--------------------------------------------------
Generating 128 random solutions...
Applying local search to 128 solutions...
Results saved to: results/barabasi_albert_10ins_m20/onlyLS/ba_131072_1_9.csv
Best energy: -31162169.000000
Total time: 0.8388s
Local search iterations: 45
----------------------------------------
  Seed 10/10 (seed=51)
Initialized onlyLS solver (GPU local search only). Results will be saved under 'onlyLS'.
Parameters:
  instance_name: ba_131072_1_9.txt
  dataset: barabasi_albert_10ins_m20
  random_seed: 51
  n_random_solutions: 128
  max_local_iterations: 1000
  precision: 32 bits (<class 'numpy.float32'>)
  run_name: onlyLS
--------------------------------------------------
Generating 128 random solutions...
Applying local search to 128 solutions...
Results saved to: results/barabasi_albert_10ins_m20/onlyLS/ba_131072_1_9.csv
Best energy: -31189287.000000
Total time: 0.8169s
Local search iterations: 43
----------------------------------------
Processing instance: ba_16384_1_0.txt
  Seed 1/10 (seed=42)
Initialized onlyLS solver (GPU local search only). Results will be saved under 'onlyLS'.
Parameters:
  instance_name: ba_16384_1_0.txt
  dataset: barabasi_albert_10ins_m20
  random_seed: 42
  n_random_solutions: 128
  max_local_iterations: 1000
  precision: 32 bits (<class 'numpy.float32'>)
  run_name: onlyLS
--------------------------------------------------
Generating 128 random solutions...
Applying local search to 128 solutions...
Results saved to: results/barabasi_albert_10ins_m20/onlyLS/ba_16384_1_0.csv
Best energy: -4061036.000000
Total time: 0.1667s
Local search iterations: 64
----------------------------------------
  Seed 2/10 (seed=43)
Initialized onlyLS solver (GPU local search only). Results will be saved under 'onlyLS'.
Parameters:
  instance_name: ba_16384_1_0.txt
  dataset: barabasi_albert_10ins_m20
  random_seed: 43
  n_random_solutions: 128
  max_local_iterations: 1000
  precision: 32 bits (<class 'numpy.float32'>)
  run_name: onlyLS
--------------------------------------------------
Generating 128 random solutions...
Applying local search to 128 solutions...
Results saved to: results/barabasi_albert_10ins_m20/onlyLS/ba_16384_1_0.csv
Best energy: -4058856.000000
Total time: 0.1733s
Local search iterations: 78
----------------------------------------
  Seed 3/10 (seed=44)
Initialized onlyLS solver (GPU local search only). Results will be saved under 'onlyLS'.
Parameters:
  instance_name: ba_16384_1_0.txt
  dataset: barabasi_albert_10ins_m20
  random_seed: 44
  n_random_solutions: 128
  max_local_iterations: 1000
  precision: 32 bits (<class 'numpy.float32'>)
  run_name: onlyLS
--------------------------------------------------
Generating 128 random solutions...
Applying local search to 128 solutions...
Results saved to: results/barabasi_albert_10ins_m20/onlyLS/ba_16384_1_0.csv
Best energy: -4046420.000000
Total time: 0.1739s
Local search iterations: 79
----------------------------------------
  Seed 4/10 (seed=45)
Initialized onlyLS solver (GPU local search only). Results will be saved under 'onlyLS'.
Parameters:
  instance_name: ba_16384_1_0.txt
  dataset: barabasi_albert_10ins_m20
  random_seed: 45
  n_random_solutions: 128
  max_local_iterations: 1000
  precision: 32 bits (<class 'numpy.float32'>)
  run_name: onlyLS
--------------------------------------------------
Generating 128 random solutions...
Applying local search to 128 solutions...
Results saved to: results/barabasi_albert_10ins_m20/onlyLS/ba_16384_1_0.csv
Best energy: -4055680.000000
Total time: 0.1693s
Local search iterations: 73
----------------------------------------
  Seed 5/10 (seed=46)
Initialized onlyLS solver (GPU local search only). Results will be saved under 'onlyLS'.
Parameters:
  instance_name: ba_16384_1_0.txt
  dataset: barabasi_albert_10ins_m20
  random_seed: 46
  n_random_solutions: 128
  max_local_iterations: 1000
  precision: 32 bits (<class 'numpy.float32'>)
  run_name: onlyLS
--------------------------------------------------
Generating 128 random solutions...
Applying local search to 128 solutions...
Results saved to: results/barabasi_albert_10ins_m20/onlyLS/ba_16384_1_0.csv
Best energy: -4057014.000000
Total time: 0.1808s
Local search iterations: 88
----------------------------------------
  Seed 6/10 (seed=47)
Initialized onlyLS solver (GPU local search only). Results will be saved under 'onlyLS'.
Parameters:
  instance_name: ba_16384_1_0.txt
  dataset: barabasi_albert_10ins_m20
  random_seed: 47
  n_random_solutions: 128
  max_local_iterations: 1000
  precision: 32 bits (<class 'numpy.float32'>)
  run_name: onlyLS
--------------------------------------------------
Generating 128 random solutions...
Applying local search to 128 solutions...
Results saved to: results/barabasi_albert_10ins_m20/onlyLS/ba_16384_1_0.csv
Best energy: -4047652.000000
Total time: 0.1691s
Local search iterations: 73
----------------------------------------
  Seed 7/10 (seed=48)
Initialized onlyLS solver (GPU local search only). Results will be saved under 'onlyLS'.
Parameters:
  instance_name: ba_16384_1_0.txt
  dataset: barabasi_albert_10ins_m20
  random_seed: 48
  n_random_solutions: 128
  max_local_iterations: 1000
  precision: 32 bits (<class 'numpy.float32'>)
  run_name: onlyLS
--------------------------------------------------
Generating 128 random solutions...
Applying local search to 128 solutions...
Results saved to: results/barabasi_albert_10ins_m20/onlyLS/ba_16384_1_0.csv
Best energy: -4060418.000000
Total time: 0.1653s
Local search iterations: 68
----------------------------------------
  Seed 8/10 (seed=49)
Initialized onlyLS solver (GPU local search only). Results will be saved under 'onlyLS'.
Parameters:
  instance_name: ba_16384_1_0.txt
  dataset: barabasi_albert_10ins_m20
  random_seed: 49
  n_random_solutions: 128
  max_local_iterations: 1000
  precision: 32 bits (<class 'numpy.float32'>)
  run_name: onlyLS
--------------------------------------------------
Generating 128 random solutions...
Applying local search to 128 solutions...
Results saved to: results/barabasi_albert_10ins_m20/onlyLS/ba_16384_1_0.csv
Best energy: -4054256.000000
Total time: 0.1683s
Local search iterations: 72
----------------------------------------
  Seed 9/10 (seed=50)
Initialized onlyLS solver (GPU local search only). Results will be saved under 'onlyLS'.
Parameters:
  instance_name: ba_16384_1_0.txt
  dataset: barabasi_albert_10ins_m20
  random_seed: 50
  n_random_solutions: 128
  max_local_iterations: 1000
  precision: 32 bits (<class 'numpy.float32'>)
  run_name: onlyLS
--------------------------------------------------
Generating 128 random solutions...
Applying local search to 128 solutions...
Results saved to: results/barabasi_albert_10ins_m20/onlyLS/ba_16384_1_0.csv
Best energy: -4057518.000000
Total time: 0.1613s
Local search iterations: 63
----------------------------------------
  Seed 10/10 (seed=51)
Initialized onlyLS solver (GPU local search only). Results will be saved under 'onlyLS'.
Parameters:
  instance_name: ba_16384_1_0.txt
  dataset: barabasi_albert_10ins_m20
  random_seed: 51
  n_random_solutions: 128
  max_local_iterations: 1000
  precision: 32 bits (<class 'numpy.float32'>)
  run_name: onlyLS
--------------------------------------------------
Generating 128 random solutions...
Applying local search to 128 solutions...
Results saved to: results/barabasi_albert_10ins_m20/onlyLS/ba_16384_1_0.csv
Best energy: -4054694.000000
Total time: 0.1724s
Local search iterations: 77
----------------------------------------
Processing instance: ba_16384_1_1.txt
  Seed 1/10 (seed=42)
Initialized onlyLS solver (GPU local search only). Results will be saved under 'onlyLS'.
Parameters:
  instance_name: ba_16384_1_1.txt
  dataset: barabasi_albert_10ins_m20
  random_seed: 42
  n_random_solutions: 128
  max_local_iterations: 1000
  precision: 32 bits (<class 'numpy.float32'>)
  run_name: onlyLS
--------------------------------------------------
Generating 128 random solutions...
Applying local search to 128 solutions...
Results saved to: results/barabasi_albert_10ins_m20/onlyLS/ba_16384_1_1.csv
Best energy: -4049872.000000
Total time: 0.1691s
Local search iterations: 72
----------------------------------------
  Seed 2/10 (seed=43)
Initialized onlyLS solver (GPU local search only). Results will be saved under 'onlyLS'.
Parameters:
  instance_name: ba_16384_1_1.txt
  dataset: barabasi_albert_10ins_m20
  random_seed: 43
  n_random_solutions: 128
  max_local_iterations: 1000
  precision: 32 bits (<class 'numpy.float32'>)
  run_name: onlyLS
--------------------------------------------------
Generating 128 random solutions...
Applying local search to 128 solutions...
Results saved to: results/barabasi_albert_10ins_m20/onlyLS/ba_16384_1_1.csv
Best energy: -4049446.000000
Total time: 0.1776s
Local search iterations: 83
----------------------------------------
  Seed 3/10 (seed=44)
Initialized onlyLS solver (GPU local search only). Results will be saved under 'onlyLS'.
Parameters:
  instance_name: ba_16384_1_1.txt
  dataset: barabasi_albert_10ins_m20
  random_seed: 44
  n_random_solutions: 128
  max_local_iterations: 1000
  precision: 32 bits (<class 'numpy.float32'>)
  run_name: onlyLS
--------------------------------------------------
Generating 128 random solutions...
Applying local search to 128 solutions...
Results saved to: results/barabasi_albert_10ins_m20/onlyLS/ba_16384_1_1.csv
Best energy: -4056534.000000
Total time: 0.1714s
Local search iterations: 76
----------------------------------------
  Seed 4/10 (seed=45)
Initialized onlyLS solver (GPU local search only). Results will be saved under 'onlyLS'.
Parameters:
  instance_name: ba_16384_1_1.txt
  dataset: barabasi_albert_10ins_m20
  random_seed: 45
  n_random_solutions: 128
  max_local_iterations: 1000
  precision: 32 bits (<class 'numpy.float32'>)
  run_name: onlyLS
--------------------------------------------------
Generating 128 random solutions...
Applying local search to 128 solutions...
Results saved to: results/barabasi_albert_10ins_m20/onlyLS/ba_16384_1_1.csv
Best energy: -4066376.000000
Total time: 0.1652s
Local search iterations: 68
----------------------------------------
  Seed 5/10 (seed=46)
Initialized onlyLS solver (GPU local search only). Results will be saved under 'onlyLS'.
Parameters:
  instance_name: ba_16384_1_1.txt
  dataset: barabasi_albert_10ins_m20
  random_seed: 46
  n_random_solutions: 128
  max_local_iterations: 1000
  precision: 32 bits (<class 'numpy.float32'>)
  run_name: onlyLS
--------------------------------------------------
Generating 128 random solutions...
Applying local search to 128 solutions...
Results saved to: results/barabasi_albert_10ins_m20/onlyLS/ba_16384_1_1.csv
Best energy: -4055692.000000
Total time: 0.1621s
Local search iterations: 64
----------------------------------------
  Seed 6/10 (seed=47)
Initialized onlyLS solver (GPU local search only). Results will be saved under 'onlyLS'.
Parameters:
  instance_name: ba_16384_1_1.txt
  dataset: barabasi_albert_10ins_m20
  random_seed: 47
  n_random_solutions: 128
  max_local_iterations: 1000
  precision: 32 bits (<class 'numpy.float32'>)
  run_name: onlyLS
--------------------------------------------------
Generating 128 random solutions...
Applying local search to 128 solutions...
Results saved to: results/barabasi_albert_10ins_m20/onlyLS/ba_16384_1_1.csv
Best energy: -4054346.000000
Total time: 0.1648s
Local search iterations: 68
----------------------------------------
  Seed 7/10 (seed=48)
Initialized onlyLS solver (GPU local search only). Results will be saved under 'onlyLS'.
Parameters:
  instance_name: ba_16384_1_1.txt
  dataset: barabasi_albert_10ins_m20
  random_seed: 48
  n_random_solutions: 128
  max_local_iterations: 1000
  precision: 32 bits (<class 'numpy.float32'>)
  run_name: onlyLS
--------------------------------------------------
Generating 128 random solutions...
Applying local search to 128 solutions...
Results saved to: results/barabasi_albert_10ins_m20/onlyLS/ba_16384_1_1.csv
Best energy: -4073262.000000
Total time: 0.1644s
Local search iterations: 68
----------------------------------------
  Seed 8/10 (seed=49)
Initialized onlyLS solver (GPU local search only). Results will be saved under 'onlyLS'.
Parameters:
  instance_name: ba_16384_1_1.txt
  dataset: barabasi_albert_10ins_m20
  random_seed: 49
  n_random_solutions: 128
  max_local_iterations: 1000
  precision: 32 bits (<class 'numpy.float32'>)
  run_name: onlyLS
--------------------------------------------------
Generating 128 random solutions...
Applying local search to 128 solutions...
Results saved to: results/barabasi_albert_10ins_m20/onlyLS/ba_16384_1_1.csv
Best energy: -4053556.000000
Total time: 0.1672s
Local search iterations: 71
----------------------------------------
  Seed 9/10 (seed=50)
Initialized onlyLS solver (GPU local search only). Results will be saved under 'onlyLS'.
Parameters:
  instance_name: ba_16384_1_1.txt
  dataset: barabasi_albert_10ins_m20
  random_seed: 50
  n_random_solutions: 128
  max_local_iterations: 1000
  precision: 32 bits (<class 'numpy.float32'>)
  run_name: onlyLS
--------------------------------------------------
Generating 128 random solutions...
Applying local search to 128 solutions...
Results saved to: results/barabasi_albert_10ins_m20/onlyLS/ba_16384_1_1.csv
Best energy: -4041600.000000
Total time: 0.1649s
Local search iterations: 68
----------------------------------------
  Seed 10/10 (seed=51)
Initialized onlyLS solver (GPU local search only). Results will be saved under 'onlyLS'.
Parameters:
  instance_name: ba_16384_1_1.txt
  dataset: barabasi_albert_10ins_m20
  random_seed: 51
  n_random_solutions: 128
  max_local_iterations: 1000
  precision: 32 bits (<class 'numpy.float32'>)
  run_name: onlyLS
--------------------------------------------------
Generating 128 random solutions...
Applying local search to 128 solutions...
Results saved to: results/barabasi_albert_10ins_m20/onlyLS/ba_16384_1_1.csv
Best energy: -4058040.000000
Total time: 0.1730s
Local search iterations: 78
----------------------------------------
Processing instance: ba_16384_1_2.txt
  Seed 1/10 (seed=42)
Initialized onlyLS solver (GPU local search only). Results will be saved under 'onlyLS'.
Parameters:
  instance_name: ba_16384_1_2.txt
  dataset: barabasi_albert_10ins_m20
  random_seed: 42
  n_random_solutions: 128
  max_local_iterations: 1000
  precision: 32 bits (<class 'numpy.float32'>)
  run_name: onlyLS
--------------------------------------------------
Generating 128 random solutions...
Applying local search to 128 solutions...
Results saved to: results/barabasi_albert_10ins_m20/onlyLS/ba_16384_1_2.csv
Best energy: -4046792.000000
Total time: 0.1681s
Local search iterations: 71
----------------------------------------
  Seed 2/10 (seed=43)
Initialized onlyLS solver (GPU local search only). Results will be saved under 'onlyLS'.
Parameters:
  instance_name: ba_16384_1_2.txt
  dataset: barabasi_albert_10ins_m20
  random_seed: 43
  n_random_solutions: 128
  max_local_iterations: 1000
  precision: 32 bits (<class 'numpy.float32'>)
  run_name: onlyLS
--------------------------------------------------
Generating 128 random solutions...
Applying local search to 128 solutions...
Results saved to: results/barabasi_albert_10ins_m20/onlyLS/ba_16384_1_2.csv
Best energy: -4037436.000000
Total time: 0.1671s
Local search iterations: 71
----------------------------------------
  Seed 3/10 (seed=44)
Initialized onlyLS solver (GPU local search only). Results will be saved under 'onlyLS'.
Parameters:
  instance_name: ba_16384_1_2.txt
  dataset: barabasi_albert_10ins_m20
  random_seed: 44
  n_random_solutions: 128
  max_local_iterations: 1000
  precision: 32 bits (<class 'numpy.float32'>)
  run_name: onlyLS
--------------------------------------------------
Generating 128 random solutions...
Applying local search to 128 solutions...
Results saved to: results/barabasi_albert_10ins_m20/onlyLS/ba_16384_1_2.csv
Best energy: -4059852.000000
Total time: 0.1701s
Local search iterations: 75
----------------------------------------
  Seed 4/10 (seed=45)
Initialized onlyLS solver (GPU local search only). Results will be saved under 'onlyLS'.
Parameters:
  instance_name: ba_16384_1_2.txt
  dataset: barabasi_albert_10ins_m20
  random_seed: 45
  n_random_solutions: 128
  max_local_iterations: 1000
  precision: 32 bits (<class 'numpy.float32'>)
  run_name: onlyLS
--------------------------------------------------
Generating 128 random solutions...
Applying local search to 128 solutions...
Results saved to: results/barabasi_albert_10ins_m20/onlyLS/ba_16384_1_2.csv
Best energy: -4037694.000000
Total time: 0.1757s
Local search iterations: 81
----------------------------------------
  Seed 5/10 (seed=46)
Initialized onlyLS solver (GPU local search only). Results will be saved under 'onlyLS'.
Parameters:
  instance_name: ba_16384_1_2.txt
  dataset: barabasi_albert_10ins_m20
  random_seed: 46
  n_random_solutions: 128
  max_local_iterations: 1000
  precision: 32 bits (<class 'numpy.float32'>)
  run_name: onlyLS
--------------------------------------------------
Generating 128 random solutions...
Applying local search to 128 solutions...
Results saved to: results/barabasi_albert_10ins_m20/onlyLS/ba_16384_1_2.csv
Best energy: -4041990.000000
Total time: 0.2128s
Local search iterations: 68
----------------------------------------
  Seed 6/10 (seed=47)
Initialized onlyLS solver (GPU local search only). Results will be saved under 'onlyLS'.
Parameters:
  instance_name: ba_16384_1_2.txt
  dataset: barabasi_albert_10ins_m20
  random_seed: 47
  n_random_solutions: 128
  max_local_iterations: 1000
  precision: 32 bits (<class 'numpy.float32'>)
  run_name: onlyLS
--------------------------------------------------
Generating 128 random solutions...
Applying local search to 128 solutions...
Results saved to: results/barabasi_albert_10ins_m20/onlyLS/ba_16384_1_2.csv
Best energy: -4030264.000000
Total time: 0.1691s
Local search iterations: 73
----------------------------------------
  Seed 7/10 (seed=48)
Initialized onlyLS solver (GPU local search only). Results will be saved under 'onlyLS'.
Parameters:
  instance_name: ba_16384_1_2.txt
  dataset: barabasi_albert_10ins_m20
  random_seed: 48
  n_random_solutions: 128
  max_local_iterations: 1000
  precision: 32 bits (<class 'numpy.float32'>)
  run_name: onlyLS
--------------------------------------------------
Generating 128 random solutions...
Applying local search to 128 solutions...
Results saved to: results/barabasi_albert_10ins_m20/onlyLS/ba_16384_1_2.csv
Best energy: -4047554.000000
Total time: 0.1674s
Local search iterations: 71
----------------------------------------
  Seed 8/10 (seed=49)
Initialized onlyLS solver (GPU local search only). Results will be saved under 'onlyLS'.
Parameters:
  instance_name: ba_16384_1_2.txt
  dataset: barabasi_albert_10ins_m20
  random_seed: 49
  n_random_solutions: 128
  max_local_iterations: 1000
  precision: 32 bits (<class 'numpy.float32'>)
  run_name: onlyLS
--------------------------------------------------
Generating 128 random solutions...
Applying local search to 128 solutions...
Results saved to: results/barabasi_albert_10ins_m20/onlyLS/ba_16384_1_2.csv
Best energy: -4050390.000000
Total time: 0.1606s
Local search iterations: 62
----------------------------------------
  Seed 9/10 (seed=50)
Initialized onlyLS solver (GPU local search only). Results will be saved under 'onlyLS'.
Parameters:
  instance_name: ba_16384_1_2.txt
  dataset: barabasi_albert_10ins_m20
  random_seed: 50
  n_random_solutions: 128
  max_local_iterations: 1000
  precision: 32 bits (<class 'numpy.float32'>)
  run_name: onlyLS
--------------------------------------------------
Generating 128 random solutions...
Applying local search to 128 solutions...
Results saved to: results/barabasi_albert_10ins_m20/onlyLS/ba_16384_1_2.csv
Best energy: -4044466.000000
Total time: 0.1728s
Local search iterations: 76
----------------------------------------
  Seed 10/10 (seed=51)
Initialized onlyLS solver (GPU local search only). Results will be saved under 'onlyLS'.
Parameters:
  instance_name: ba_16384_1_2.txt
  dataset: barabasi_albert_10ins_m20
  random_seed: 51
  n_random_solutions: 128
  max_local_iterations: 1000
  precision: 32 bits (<class 'numpy.float32'>)
  run_name: onlyLS
--------------------------------------------------
Generating 128 random solutions...
Applying local search to 128 solutions...
Results saved to: results/barabasi_albert_10ins_m20/onlyLS/ba_16384_1_2.csv
Best energy: -4047036.000000
Total time: 0.1696s
Local search iterations: 73
----------------------------------------
Processing instance: ba_16384_1_3.txt
  Seed 1/10 (seed=42)
Initialized onlyLS solver (GPU local search only). Results will be saved under 'onlyLS'.
Parameters:
  instance_name: ba_16384_1_3.txt
  dataset: barabasi_albert_10ins_m20
  random_seed: 42
  n_random_solutions: 128
  max_local_iterations: 1000
  precision: 32 bits (<class 'numpy.float32'>)
  run_name: onlyLS
--------------------------------------------------
Generating 128 random solutions...
Applying local search to 128 solutions...
Results saved to: results/barabasi_albert_10ins_m20/onlyLS/ba_16384_1_3.csv
Best energy: -4035248.000000
Total time: 0.1697s
Local search iterations: 73
----------------------------------------
  Seed 2/10 (seed=43)
Initialized onlyLS solver (GPU local search only). Results will be saved under 'onlyLS'.
Parameters:
  instance_name: ba_16384_1_3.txt
  dataset: barabasi_albert_10ins_m20
  random_seed: 43
  n_random_solutions: 128
  max_local_iterations: 1000
  precision: 32 bits (<class 'numpy.float32'>)
  run_name: onlyLS
--------------------------------------------------
Generating 128 random solutions...
Applying local search to 128 solutions...
Results saved to: results/barabasi_albert_10ins_m20/onlyLS/ba_16384_1_3.csv
Best energy: -4048518.000000
Total time: 0.1649s
Local search iterations: 68
----------------------------------------
  Seed 3/10 (seed=44)
Initialized onlyLS solver (GPU local search only). Results will be saved under 'onlyLS'.
Parameters:
  instance_name: ba_16384_1_3.txt
  dataset: barabasi_albert_10ins_m20
  random_seed: 44
  n_random_solutions: 128
  max_local_iterations: 1000
  precision: 32 bits (<class 'numpy.float32'>)
  run_name: onlyLS
--------------------------------------------------
Generating 128 random solutions...
Applying local search to 128 solutions...
Results saved to: results/barabasi_albert_10ins_m20/onlyLS/ba_16384_1_3.csv
Best energy: -4046722.000000
Total time: 0.1704s
Local search iterations: 74
----------------------------------------
  Seed 4/10 (seed=45)
Initialized onlyLS solver (GPU local search only). Results will be saved under 'onlyLS'.
Parameters:
  instance_name: ba_16384_1_3.txt
  dataset: barabasi_albert_10ins_m20
  random_seed: 45
  n_random_solutions: 128
  max_local_iterations: 1000
  precision: 32 bits (<class 'numpy.float32'>)
  run_name: onlyLS
--------------------------------------------------
Generating 128 random solutions...
Applying local search to 128 solutions...
Results saved to: results/barabasi_albert_10ins_m20/onlyLS/ba_16384_1_3.csv
Best energy: -4052914.000000
Total time: 0.2117s
Local search iterations: 68
----------------------------------------
  Seed 5/10 (seed=46)
Initialized onlyLS solver (GPU local search only). Results will be saved under 'onlyLS'.
Parameters:
  instance_name: ba_16384_1_3.txt
  dataset: barabasi_albert_10ins_m20
  random_seed: 46
  n_random_solutions: 128
  max_local_iterations: 1000
  precision: 32 bits (<class 'numpy.float32'>)
  run_name: onlyLS
--------------------------------------------------
Generating 128 random solutions...
Applying local search to 128 solutions...
Results saved to: results/barabasi_albert_10ins_m20/onlyLS/ba_16384_1_3.csv
Best energy: -4042996.000000
Total time: 0.1667s
Local search iterations: 70
----------------------------------------
  Seed 6/10 (seed=47)
Initialized onlyLS solver (GPU local search only). Results will be saved under 'onlyLS'.
Parameters:
  instance_name: ba_16384_1_3.txt
  dataset: barabasi_albert_10ins_m20
  random_seed: 47
  n_random_solutions: 128
  max_local_iterations: 1000
  precision: 32 bits (<class 'numpy.float32'>)
  run_name: onlyLS
--------------------------------------------------
Generating 128 random solutions...
Applying local search to 128 solutions...
Results saved to: results/barabasi_albert_10ins_m20/onlyLS/ba_16384_1_3.csv
Best energy: -4050626.000000
Total time: 0.1673s
Local search iterations: 71
----------------------------------------
  Seed 7/10 (seed=48)
Initialized onlyLS solver (GPU local search only). Results will be saved under 'onlyLS'.
Parameters:
  instance_name: ba_16384_1_3.txt
  dataset: barabasi_albert_10ins_m20
  random_seed: 48
  n_random_solutions: 128
  max_local_iterations: 1000
  precision: 32 bits (<class 'numpy.float32'>)
  run_name: onlyLS
--------------------------------------------------
Generating 128 random solutions...
Applying local search to 128 solutions...
Results saved to: results/barabasi_albert_10ins_m20/onlyLS/ba_16384_1_3.csv
Best energy: -4045098.000000
Total time: 0.1689s
Local search iterations: 73
----------------------------------------
  Seed 8/10 (seed=49)
Initialized onlyLS solver (GPU local search only). Results will be saved under 'onlyLS'.
Parameters:
  instance_name: ba_16384_1_3.txt
  dataset: barabasi_albert_10ins_m20
  random_seed: 49
  n_random_solutions: 128
  max_local_iterations: 1000
  precision: 32 bits (<class 'numpy.float32'>)
  run_name: onlyLS
--------------------------------------------------
Generating 128 random solutions...
Applying local search to 128 solutions...
Results saved to: results/barabasi_albert_10ins_m20/onlyLS/ba_16384_1_3.csv
Best energy: -4054826.000000
Total time: 0.1723s
Local search iterations: 77
----------------------------------------
  Seed 9/10 (seed=50)
Initialized onlyLS solver (GPU local search only). Results will be saved under 'onlyLS'.
Parameters:
  instance_name: ba_16384_1_3.txt
  dataset: barabasi_albert_10ins_m20
  random_seed: 50
  n_random_solutions: 128
  max_local_iterations: 1000
  precision: 32 bits (<class 'numpy.float32'>)
  run_name: onlyLS
--------------------------------------------------
Generating 128 random solutions...
Applying local search to 128 solutions...
Results saved to: results/barabasi_albert_10ins_m20/onlyLS/ba_16384_1_3.csv
Best energy: -4043410.000000
Total time: 0.1667s
Local search iterations: 70
----------------------------------------
  Seed 10/10 (seed=51)
Initialized onlyLS solver (GPU local search only). Results will be saved under 'onlyLS'.
Parameters:
  instance_name: ba_16384_1_3.txt
  dataset: barabasi_albert_10ins_m20
  random_seed: 51
  n_random_solutions: 128
  max_local_iterations: 1000
  precision: 32 bits (<class 'numpy.float32'>)
  run_name: onlyLS
--------------------------------------------------
Generating 128 random solutions...
Applying local search to 128 solutions...
Results saved to: results/barabasi_albert_10ins_m20/onlyLS/ba_16384_1_3.csv
Best energy: -4047620.000000
Total time: 0.1709s
Local search iterations: 76
----------------------------------------
Processing instance: ba_16384_1_4.txt
  Seed 1/10 (seed=42)
Initialized onlyLS solver (GPU local search only). Results will be saved under 'onlyLS'.
Parameters:
  instance_name: ba_16384_1_4.txt
  dataset: barabasi_albert_10ins_m20
  random_seed: 42
  n_random_solutions: 128
  max_local_iterations: 1000
  precision: 32 bits (<class 'numpy.float32'>)
  run_name: onlyLS
--------------------------------------------------
Generating 128 random solutions...
Applying local search to 128 solutions...
Results saved to: results/barabasi_albert_10ins_m20/onlyLS/ba_16384_1_4.csv
Best energy: -4052833.000000
Total time: 0.1704s
Local search iterations: 74
----------------------------------------
  Seed 2/10 (seed=43)
Initialized onlyLS solver (GPU local search only). Results will be saved under 'onlyLS'.
Parameters:
  instance_name: ba_16384_1_4.txt
  dataset: barabasi_albert_10ins_m20
  random_seed: 43
  n_random_solutions: 128
  max_local_iterations: 1000
  precision: 32 bits (<class 'numpy.float32'>)
  run_name: onlyLS
--------------------------------------------------
Generating 128 random solutions...
Applying local search to 128 solutions...
Results saved to: results/barabasi_albert_10ins_m20/onlyLS/ba_16384_1_4.csv
Best energy: -4046419.000000
Total time: 0.1754s
Local search iterations: 64
----------------------------------------
  Seed 3/10 (seed=44)
Initialized onlyLS solver (GPU local search only). Results will be saved under 'onlyLS'.
Parameters:
  instance_name: ba_16384_1_4.txt
  dataset: barabasi_albert_10ins_m20
  random_seed: 44
  n_random_solutions: 128
  max_local_iterations: 1000
  precision: 32 bits (<class 'numpy.float32'>)
  run_name: onlyLS
--------------------------------------------------
Generating 128 random solutions...
Applying local search to 128 solutions...
Results saved to: results/barabasi_albert_10ins_m20/onlyLS/ba_16384_1_4.csv
Best energy: -4046653.000000
Total time: 0.1774s
Local search iterations: 84
----------------------------------------
  Seed 4/10 (seed=45)
Initialized onlyLS solver (GPU local search only). Results will be saved under 'onlyLS'.
Parameters:
  instance_name: ba_16384_1_4.txt
  dataset: barabasi_albert_10ins_m20
  random_seed: 45
  n_random_solutions: 128
  max_local_iterations: 1000
  precision: 32 bits (<class 'numpy.float32'>)
  run_name: onlyLS
--------------------------------------------------
Generating 128 random solutions...
Applying local search to 128 solutions...
Results saved to: results/barabasi_albert_10ins_m20/onlyLS/ba_16384_1_4.csv
Best energy: -4061669.000000
Total time: 0.1693s
Local search iterations: 73
----------------------------------------
  Seed 5/10 (seed=46)
Initialized onlyLS solver (GPU local search only). Results will be saved under 'onlyLS'.
Parameters:
  instance_name: ba_16384_1_4.txt
  dataset: barabasi_albert_10ins_m20
  random_seed: 46
  n_random_solutions: 128
  max_local_iterations: 1000
  precision: 32 bits (<class 'numpy.float32'>)
  run_name: onlyLS
--------------------------------------------------
Generating 128 random solutions...
Applying local search to 128 solutions...
Results saved to: results/barabasi_albert_10ins_m20/onlyLS/ba_16384_1_4.csv
Best energy: -4062533.000000
Total time: 0.1656s
Local search iterations: 69
----------------------------------------
  Seed 6/10 (seed=47)
Initialized onlyLS solver (GPU local search only). Results will be saved under 'onlyLS'.
Parameters:
  instance_name: ba_16384_1_4.txt
  dataset: barabasi_albert_10ins_m20
  random_seed: 47
  n_random_solutions: 128
  max_local_iterations: 1000
  precision: 32 bits (<class 'numpy.float32'>)
  run_name: onlyLS
--------------------------------------------------
Generating 128 random solutions...
Applying local search to 128 solutions...
Results saved to: results/barabasi_albert_10ins_m20/onlyLS/ba_16384_1_4.csv
Best energy: -4049125.000000
Total time: 0.1681s
Local search iterations: 72
----------------------------------------
  Seed 7/10 (seed=48)
Initialized onlyLS solver (GPU local search only). Results will be saved under 'onlyLS'.
Parameters:
  instance_name: ba_16384_1_4.txt
  dataset: barabasi_albert_10ins_m20
  random_seed: 48
  n_random_solutions: 128
  max_local_iterations: 1000
  precision: 32 bits (<class 'numpy.float32'>)
  run_name: onlyLS
--------------------------------------------------
Generating 128 random solutions...
Applying local search to 128 solutions...
Results saved to: results/barabasi_albert_10ins_m20/onlyLS/ba_16384_1_4.csv
Best energy: -4047147.000000
Total time: 0.1670s
Local search iterations: 69
----------------------------------------
  Seed 8/10 (seed=49)
Initialized onlyLS solver (GPU local search only). Results will be saved under 'onlyLS'.
Parameters:
  instance_name: ba_16384_1_4.txt
  dataset: barabasi_albert_10ins_m20
  random_seed: 49
  n_random_solutions: 128
  max_local_iterations: 1000
  precision: 32 bits (<class 'numpy.float32'>)
  run_name: onlyLS
--------------------------------------------------
Generating 128 random solutions...
Applying local search to 128 solutions...
Results saved to: results/barabasi_albert_10ins_m20/onlyLS/ba_16384_1_4.csv
Best energy: -4060231.000000
Total time: 0.1688s
Local search iterations: 71
----------------------------------------
  Seed 9/10 (seed=50)
Initialized onlyLS solver (GPU local search only). Results will be saved under 'onlyLS'.
Parameters:
  instance_name: ba_16384_1_4.txt
  dataset: barabasi_albert_10ins_m20
  random_seed: 50
  n_random_solutions: 128
  max_local_iterations: 1000
  precision: 32 bits (<class 'numpy.float32'>)
  run_name: onlyLS
--------------------------------------------------
Generating 128 random solutions...
Applying local search to 128 solutions...
Results saved to: results/barabasi_albert_10ins_m20/onlyLS/ba_16384_1_4.csv
Best energy: -4043113.000000
Total time: 0.1823s
Local search iterations: 90
----------------------------------------
  Seed 10/10 (seed=51)
Initialized onlyLS solver (GPU local search only). Results will be saved under 'onlyLS'.
Parameters:
  instance_name: ba_16384_1_4.txt
  dataset: barabasi_albert_10ins_m20
  random_seed: 51
  n_random_solutions: 128
  max_local_iterations: 1000
  precision: 32 bits (<class 'numpy.float32'>)
  run_name: onlyLS
--------------------------------------------------
Generating 128 random solutions...
Applying local search to 128 solutions...
Results saved to: results/barabasi_albert_10ins_m20/onlyLS/ba_16384_1_4.csv
Best energy: -4056985.000000
Total time: 0.1684s
Local search iterations: 72
----------------------------------------
Processing instance: ba_16384_1_5.txt
  Seed 1/10 (seed=42)
Initialized onlyLS solver (GPU local search only). Results will be saved under 'onlyLS'.
Parameters:
  instance_name: ba_16384_1_5.txt
  dataset: barabasi_albert_10ins_m20
  random_seed: 42
  n_random_solutions: 128
  max_local_iterations: 1000
  precision: 32 bits (<class 'numpy.float32'>)
  run_name: onlyLS
--------------------------------------------------
Generating 128 random solutions...
Applying local search to 128 solutions...
Results saved to: results/barabasi_albert_10ins_m20/onlyLS/ba_16384_1_5.csv
Best energy: -4042732.000000
Total time: 0.1642s
Local search iterations: 66
----------------------------------------
  Seed 2/10 (seed=43)
Initialized onlyLS solver (GPU local search only). Results will be saved under 'onlyLS'.
Parameters:
  instance_name: ba_16384_1_5.txt
  dataset: barabasi_albert_10ins_m20
  random_seed: 43
  n_random_solutions: 128
  max_local_iterations: 1000
  precision: 32 bits (<class 'numpy.float32'>)
  run_name: onlyLS
--------------------------------------------------
Generating 128 random solutions...
Applying local search to 128 solutions...
Results saved to: results/barabasi_albert_10ins_m20/onlyLS/ba_16384_1_5.csv
Best energy: -4057078.000000
Total time: 0.1901s
Local search iterations: 100
----------------------------------------
  Seed 3/10 (seed=44)
Initialized onlyLS solver (GPU local search only). Results will be saved under 'onlyLS'.
Parameters:
  instance_name: ba_16384_1_5.txt
  dataset: barabasi_albert_10ins_m20
  random_seed: 44
  n_random_solutions: 128
  max_local_iterations: 1000
  precision: 32 bits (<class 'numpy.float32'>)
  run_name: onlyLS
--------------------------------------------------
Generating 128 random solutions...
Applying local search to 128 solutions...
Results saved to: results/barabasi_albert_10ins_m20/onlyLS/ba_16384_1_5.csv
Best energy: -4060492.000000
Total time: 0.1706s
Local search iterations: 75
----------------------------------------
  Seed 4/10 (seed=45)
Initialized onlyLS solver (GPU local search only). Results will be saved under 'onlyLS'.
Parameters:
  instance_name: ba_16384_1_5.txt
  dataset: barabasi_albert_10ins_m20
  random_seed: 45
  n_random_solutions: 128
  max_local_iterations: 1000
  precision: 32 bits (<class 'numpy.float32'>)
  run_name: onlyLS
--------------------------------------------------
Generating 128 random solutions...
Applying local search to 128 solutions...
Results saved to: results/barabasi_albert_10ins_m20/onlyLS/ba_16384_1_5.csv
Best energy: -4049318.000000
Total time: 0.1642s
Local search iterations: 67
----------------------------------------
  Seed 5/10 (seed=46)
Initialized onlyLS solver (GPU local search only). Results will be saved under 'onlyLS'.
Parameters:
  instance_name: ba_16384_1_5.txt
  dataset: barabasi_albert_10ins_m20
  random_seed: 46
  n_random_solutions: 128
  max_local_iterations: 1000
  precision: 32 bits (<class 'numpy.float32'>)
  run_name: onlyLS
--------------------------------------------------
Generating 128 random solutions...
Applying local search to 128 solutions...
Results saved to: results/barabasi_albert_10ins_m20/onlyLS/ba_16384_1_5.csv
Best energy: -4061740.000000
Total time: 0.1738s
Local search iterations: 79
----------------------------------------
  Seed 6/10 (seed=47)
Initialized onlyLS solver (GPU local search only). Results will be saved under 'onlyLS'.
Parameters:
  instance_name: ba_16384_1_5.txt
  dataset: barabasi_albert_10ins_m20
  random_seed: 47
  n_random_solutions: 128
  max_local_iterations: 1000
  precision: 32 bits (<class 'numpy.float32'>)
  run_name: onlyLS
--------------------------------------------------
Generating 128 random solutions...
Applying local search to 128 solutions...
Results saved to: results/barabasi_albert_10ins_m20/onlyLS/ba_16384_1_5.csv
Best energy: -4048512.000000
Total time: 0.1691s
Local search iterations: 73
----------------------------------------
  Seed 7/10 (seed=48)
Initialized onlyLS solver (GPU local search only). Results will be saved under 'onlyLS'.
Parameters:
  instance_name: ba_16384_1_5.txt
  dataset: barabasi_albert_10ins_m20
  random_seed: 48
  n_random_solutions: 128
  max_local_iterations: 1000
  precision: 32 bits (<class 'numpy.float32'>)
  run_name: onlyLS
--------------------------------------------------
Generating 128 random solutions...
Applying local search to 128 solutions...
Results saved to: results/barabasi_albert_10ins_m20/onlyLS/ba_16384_1_5.csv
Best energy: -4068426.000000
Total time: 0.1679s
Local search iterations: 72
----------------------------------------
  Seed 8/10 (seed=49)
Initialized onlyLS solver (GPU local search only). Results will be saved under 'onlyLS'.
Parameters:
  instance_name: ba_16384_1_5.txt
  dataset: barabasi_albert_10ins_m20
  random_seed: 49
  n_random_solutions: 128
  max_local_iterations: 1000
  precision: 32 bits (<class 'numpy.float32'>)
  run_name: onlyLS
--------------------------------------------------
Generating 128 random solutions...
Applying local search to 128 solutions...
Results saved to: results/barabasi_albert_10ins_m20/onlyLS/ba_16384_1_5.csv
Best energy: -4056156.000000
Total time: 0.1686s
Local search iterations: 73
----------------------------------------
  Seed 9/10 (seed=50)
Initialized onlyLS solver (GPU local search only). Results will be saved under 'onlyLS'.
Parameters:
  instance_name: ba_16384_1_5.txt
  dataset: barabasi_albert_10ins_m20
  random_seed: 50
  n_random_solutions: 128
  max_local_iterations: 1000
  precision: 32 bits (<class 'numpy.float32'>)
  run_name: onlyLS
--------------------------------------------------
Generating 128 random solutions...
Applying local search to 128 solutions...
Results saved to: results/barabasi_albert_10ins_m20/onlyLS/ba_16384_1_5.csv
Best energy: -4059890.000000
Total time: 0.1672s
Local search iterations: 71
----------------------------------------
  Seed 10/10 (seed=51)
Initialized onlyLS solver (GPU local search only). Results will be saved under 'onlyLS'.
Parameters:
  instance_name: ba_16384_1_5.txt
  dataset: barabasi_albert_10ins_m20
  random_seed: 51
  n_random_solutions: 128
  max_local_iterations: 1000
  precision: 32 bits (<class 'numpy.float32'>)
  run_name: onlyLS
--------------------------------------------------
Generating 128 random solutions...
Applying local search to 128 solutions...
Results saved to: results/barabasi_albert_10ins_m20/onlyLS/ba_16384_1_5.csv
Best energy: -4064266.000000
Total time: 0.1676s
Local search iterations: 71
----------------------------------------
Processing instance: ba_16384_1_6.txt
  Seed 1/10 (seed=42)
Initialized onlyLS solver (GPU local search only). Results will be saved under 'onlyLS'.
Parameters:
  instance_name: ba_16384_1_6.txt
  dataset: barabasi_albert_10ins_m20
  random_seed: 42
  n_random_solutions: 128
  max_local_iterations: 1000
  precision: 32 bits (<class 'numpy.float32'>)
  run_name: onlyLS
--------------------------------------------------
Generating 128 random solutions...
Applying local search to 128 solutions...
Results saved to: results/barabasi_albert_10ins_m20/onlyLS/ba_16384_1_6.csv
Best energy: -4048230.000000
Total time: 0.1673s
Local search iterations: 67
----------------------------------------
  Seed 2/10 (seed=43)
Initialized onlyLS solver (GPU local search only). Results will be saved under 'onlyLS'.
Parameters:
  instance_name: ba_16384_1_6.txt
  dataset: barabasi_albert_10ins_m20
  random_seed: 43
  n_random_solutions: 128
  max_local_iterations: 1000
  precision: 32 bits (<class 'numpy.float32'>)
  run_name: onlyLS
--------------------------------------------------
Generating 128 random solutions...
Applying local search to 128 solutions...
Results saved to: results/barabasi_albert_10ins_m20/onlyLS/ba_16384_1_6.csv
Best energy: -4059342.000000
Total time: 0.1629s
Local search iterations: 63
----------------------------------------
  Seed 3/10 (seed=44)
Initialized onlyLS solver (GPU local search only). Results will be saved under 'onlyLS'.
Parameters:
  instance_name: ba_16384_1_6.txt
  dataset: barabasi_albert_10ins_m20
  random_seed: 44
  n_random_solutions: 128
  max_local_iterations: 1000
  precision: 32 bits (<class 'numpy.float32'>)
  run_name: onlyLS
--------------------------------------------------
Generating 128 random solutions...
Applying local search to 128 solutions...
Results saved to: results/barabasi_albert_10ins_m20/onlyLS/ba_16384_1_6.csv
Best energy: -4044374.000000
Total time: 0.1863s
Local search iterations: 93
----------------------------------------
  Seed 4/10 (seed=45)
Initialized onlyLS solver (GPU local search only). Results will be saved under 'onlyLS'.
Parameters:
  instance_name: ba_16384_1_6.txt
  dataset: barabasi_albert_10ins_m20
  random_seed: 45
  n_random_solutions: 128
  max_local_iterations: 1000
  precision: 32 bits (<class 'numpy.float32'>)
  run_name: onlyLS
--------------------------------------------------
Generating 128 random solutions...
Applying local search to 128 solutions...
Results saved to: results/barabasi_albert_10ins_m20/onlyLS/ba_16384_1_6.csv
Best energy: -4053822.000000
Total time: 0.1637s
Local search iterations: 65
----------------------------------------
  Seed 5/10 (seed=46)
Initialized onlyLS solver (GPU local search only). Results will be saved under 'onlyLS'.
Parameters:
  instance_name: ba_16384_1_6.txt
  dataset: barabasi_albert_10ins_m20
  random_seed: 46
  n_random_solutions: 128
  max_local_iterations: 1000
  precision: 32 bits (<class 'numpy.float32'>)
  run_name: onlyLS
--------------------------------------------------
Generating 128 random solutions...
Applying local search to 128 solutions...
Results saved to: results/barabasi_albert_10ins_m20/onlyLS/ba_16384_1_6.csv
Best energy: -4055786.000000
Total time: 0.1729s
Local search iterations: 77
----------------------------------------
  Seed 6/10 (seed=47)
Initialized onlyLS solver (GPU local search only). Results will be saved under 'onlyLS'.
Parameters:
  instance_name: ba_16384_1_6.txt
  dataset: barabasi_albert_10ins_m20
  random_seed: 47
  n_random_solutions: 128
  max_local_iterations: 1000
  precision: 32 bits (<class 'numpy.float32'>)
  run_name: onlyLS
--------------------------------------------------
Generating 128 random solutions...
Applying local search to 128 solutions...
Results saved to: results/barabasi_albert_10ins_m20/onlyLS/ba_16384_1_6.csv
Best energy: -4040154.000000
Total time: 0.1697s
Local search iterations: 73
----------------------------------------
  Seed 7/10 (seed=48)
Initialized onlyLS solver (GPU local search only). Results will be saved under 'onlyLS'.
Parameters:
  instance_name: ba_16384_1_6.txt
  dataset: barabasi_albert_10ins_m20
  random_seed: 48
  n_random_solutions: 128
  max_local_iterations: 1000
  precision: 32 bits (<class 'numpy.float32'>)
  run_name: onlyLS
--------------------------------------------------
Generating 128 random solutions...
Applying local search to 128 solutions...
Results saved to: results/barabasi_albert_10ins_m20/onlyLS/ba_16384_1_6.csv
Best energy: -4053608.000000
Total time: 0.1771s
Local search iterations: 83
----------------------------------------
  Seed 8/10 (seed=49)
Initialized onlyLS solver (GPU local search only). Results will be saved under 'onlyLS'.
Parameters:
  instance_name: ba_16384_1_6.txt
  dataset: barabasi_albert_10ins_m20
  random_seed: 49
  n_random_solutions: 128
  max_local_iterations: 1000
  precision: 32 bits (<class 'numpy.float32'>)
  run_name: onlyLS
--------------------------------------------------
Generating 128 random solutions...
Applying local search to 128 solutions...
Results saved to: results/barabasi_albert_10ins_m20/onlyLS/ba_16384_1_6.csv
Best energy: -4060436.000000
Total time: 0.1650s
Local search iterations: 67
----------------------------------------
  Seed 9/10 (seed=50)
Initialized onlyLS solver (GPU local search only). Results will be saved under 'onlyLS'.
Parameters:
  instance_name: ba_16384_1_6.txt
  dataset: barabasi_albert_10ins_m20
  random_seed: 50
  n_random_solutions: 128
  max_local_iterations: 1000
  precision: 32 bits (<class 'numpy.float32'>)
  run_name: onlyLS
--------------------------------------------------
Generating 128 random solutions...
Applying local search to 128 solutions...
Results saved to: results/barabasi_albert_10ins_m20/onlyLS/ba_16384_1_6.csv
Best energy: -4053796.000000
Total time: 0.1631s
Local search iterations: 65
----------------------------------------
  Seed 10/10 (seed=51)
Initialized onlyLS solver (GPU local search only). Results will be saved under 'onlyLS'.
Parameters:
  instance_name: ba_16384_1_6.txt
  dataset: barabasi_albert_10ins_m20
  random_seed: 51
  n_random_solutions: 128
  max_local_iterations: 1000
  precision: 32 bits (<class 'numpy.float32'>)
  run_name: onlyLS
--------------------------------------------------
Generating 128 random solutions...
Applying local search to 128 solutions...
Results saved to: results/barabasi_albert_10ins_m20/onlyLS/ba_16384_1_6.csv
Best energy: -4075598.000000
Total time: 0.1789s
Local search iterations: 85
----------------------------------------
Processing instance: ba_16384_1_7.txt
  Seed 1/10 (seed=42)
Initialized onlyLS solver (GPU local search only). Results will be saved under 'onlyLS'.
Parameters:
  instance_name: ba_16384_1_7.txt
  dataset: barabasi_albert_10ins_m20
  random_seed: 42
  n_random_solutions: 128
  max_local_iterations: 1000
  precision: 32 bits (<class 'numpy.float32'>)
  run_name: onlyLS
--------------------------------------------------
Generating 128 random solutions...
Applying local search to 128 solutions...
Results saved to: results/barabasi_albert_10ins_m20/onlyLS/ba_16384_1_7.csv
Best energy: -4048662.000000
Total time: 0.1684s
Local search iterations: 71
----------------------------------------
  Seed 2/10 (seed=43)
Initialized onlyLS solver (GPU local search only). Results will be saved under 'onlyLS'.
Parameters:
  instance_name: ba_16384_1_7.txt
  dataset: barabasi_albert_10ins_m20
  random_seed: 43
  n_random_solutions: 128
  max_local_iterations: 1000
  precision: 32 bits (<class 'numpy.float32'>)
  run_name: onlyLS
--------------------------------------------------
Generating 128 random solutions...
Applying local search to 128 solutions...
Results saved to: results/barabasi_albert_10ins_m20/onlyLS/ba_16384_1_7.csv
Best energy: -4051758.000000
Total time: 0.1758s
Local search iterations: 81
----------------------------------------
  Seed 3/10 (seed=44)
Initialized onlyLS solver (GPU local search only). Results will be saved under 'onlyLS'.
Parameters:
  instance_name: ba_16384_1_7.txt
  dataset: barabasi_albert_10ins_m20
  random_seed: 44
  n_random_solutions: 128
  max_local_iterations: 1000
  precision: 32 bits (<class 'numpy.float32'>)
  run_name: onlyLS
--------------------------------------------------
Generating 128 random solutions...
Applying local search to 128 solutions...
Results saved to: results/barabasi_albert_10ins_m20/onlyLS/ba_16384_1_7.csv
Best energy: -4053546.000000
Total time: 0.1714s
Local search iterations: 76
----------------------------------------
  Seed 4/10 (seed=45)
Initialized onlyLS solver (GPU local search only). Results will be saved under 'onlyLS'.
Parameters:
  instance_name: ba_16384_1_7.txt
  dataset: barabasi_albert_10ins_m20
  random_seed: 45
  n_random_solutions: 128
  max_local_iterations: 1000
  precision: 32 bits (<class 'numpy.float32'>)
  run_name: onlyLS
--------------------------------------------------
Generating 128 random solutions...
Applying local search to 128 solutions...
Results saved to: results/barabasi_albert_10ins_m20/onlyLS/ba_16384_1_7.csv
Best energy: -4046346.000000
Total time: 0.1657s
Local search iterations: 68
----------------------------------------
  Seed 5/10 (seed=46)
Initialized onlyLS solver (GPU local search only). Results will be saved under 'onlyLS'.
Parameters:
  instance_name: ba_16384_1_7.txt
  dataset: barabasi_albert_10ins_m20
  random_seed: 46
  n_random_solutions: 128
  max_local_iterations: 1000
  precision: 32 bits (<class 'numpy.float32'>)
  run_name: onlyLS
--------------------------------------------------
Generating 128 random solutions...
Applying local search to 128 solutions...
Results saved to: results/barabasi_albert_10ins_m20/onlyLS/ba_16384_1_7.csv
Best energy: -4046198.000000
Total time: 0.1684s
Local search iterations: 72
----------------------------------------
  Seed 6/10 (seed=47)
Initialized onlyLS solver (GPU local search only). Results will be saved under 'onlyLS'.
Parameters:
  instance_name: ba_16384_1_7.txt
  dataset: barabasi_albert_10ins_m20
  random_seed: 47
  n_random_solutions: 128
  max_local_iterations: 1000
  precision: 32 bits (<class 'numpy.float32'>)
  run_name: onlyLS
--------------------------------------------------
Generating 128 random solutions...
Applying local search to 128 solutions...
Results saved to: results/barabasi_albert_10ins_m20/onlyLS/ba_16384_1_7.csv
Best energy: -4047790.000000
Total time: 0.1695s
Local search iterations: 73
----------------------------------------
  Seed 7/10 (seed=48)
Initialized onlyLS solver (GPU local search only). Results will be saved under 'onlyLS'.
Parameters:
  instance_name: ba_16384_1_7.txt
  dataset: barabasi_albert_10ins_m20
  random_seed: 48
  n_random_solutions: 128
  max_local_iterations: 1000
  precision: 32 bits (<class 'numpy.float32'>)
  run_name: onlyLS
--------------------------------------------------
Generating 128 random solutions...
Applying local search to 128 solutions...
Results saved to: results/barabasi_albert_10ins_m20/onlyLS/ba_16384_1_7.csv
Best energy: -4056368.000000
Total time: 0.1640s
Local search iterations: 66
----------------------------------------
  Seed 8/10 (seed=49)
Initialized onlyLS solver (GPU local search only). Results will be saved under 'onlyLS'.
Parameters:
  instance_name: ba_16384_1_7.txt
  dataset: barabasi_albert_10ins_m20
  random_seed: 49
  n_random_solutions: 128
  max_local_iterations: 1000
  precision: 32 bits (<class 'numpy.float32'>)
  run_name: onlyLS
--------------------------------------------------
Generating 128 random solutions...
Applying local search to 128 solutions...
Results saved to: results/barabasi_albert_10ins_m20/onlyLS/ba_16384_1_7.csv
Best energy: -4059044.000000
Total time: 0.1645s
Local search iterations: 67
----------------------------------------
  Seed 9/10 (seed=50)
Initialized onlyLS solver (GPU local search only). Results will be saved under 'onlyLS'.
Parameters:
  instance_name: ba_16384_1_7.txt
  dataset: barabasi_albert_10ins_m20
  random_seed: 50
  n_random_solutions: 128
  max_local_iterations: 1000
  precision: 32 bits (<class 'numpy.float32'>)
  run_name: onlyLS
--------------------------------------------------
Generating 128 random solutions...
Applying local search to 128 solutions...
Results saved to: results/barabasi_albert_10ins_m20/onlyLS/ba_16384_1_7.csv
Best energy: -4050088.000000
Total time: 0.1638s
Local search iterations: 66
----------------------------------------
  Seed 10/10 (seed=51)
Initialized onlyLS solver (GPU local search only). Results will be saved under 'onlyLS'.
Parameters:
  instance_name: ba_16384_1_7.txt
  dataset: barabasi_albert_10ins_m20
  random_seed: 51
  n_random_solutions: 128
  max_local_iterations: 1000
  precision: 32 bits (<class 'numpy.float32'>)
  run_name: onlyLS
--------------------------------------------------
Generating 128 random solutions...
Applying local search to 128 solutions...
Results saved to: results/barabasi_albert_10ins_m20/onlyLS/ba_16384_1_7.csv
Best energy: -4052420.000000
Total time: 0.1726s
Local search iterations: 77
----------------------------------------
Processing instance: ba_16384_1_8.txt
  Seed 1/10 (seed=42)
Initialized onlyLS solver (GPU local search only). Results will be saved under 'onlyLS'.
Parameters:
  instance_name: ba_16384_1_8.txt
  dataset: barabasi_albert_10ins_m20
  random_seed: 42
  n_random_solutions: 128
  max_local_iterations: 1000
  precision: 32 bits (<class 'numpy.float32'>)
  run_name: onlyLS
--------------------------------------------------
Generating 128 random solutions...
Applying local search to 128 solutions...
Results saved to: results/barabasi_albert_10ins_m20/onlyLS/ba_16384_1_8.csv
Best energy: -4036700.000000
Total time: 0.1684s
Local search iterations: 71
----------------------------------------
  Seed 2/10 (seed=43)
Initialized onlyLS solver (GPU local search only). Results will be saved under 'onlyLS'.
Parameters:
  instance_name: ba_16384_1_8.txt
  dataset: barabasi_albert_10ins_m20
  random_seed: 43
  n_random_solutions: 128
  max_local_iterations: 1000
  precision: 32 bits (<class 'numpy.float32'>)
  run_name: onlyLS
--------------------------------------------------
Generating 128 random solutions...
Applying local search to 128 solutions...
Results saved to: results/barabasi_albert_10ins_m20/onlyLS/ba_16384_1_8.csv
Best energy: -4046528.000000
Total time: 0.1648s
Local search iterations: 68
----------------------------------------
  Seed 3/10 (seed=44)
Initialized onlyLS solver (GPU local search only). Results will be saved under 'onlyLS'.
Parameters:
  instance_name: ba_16384_1_8.txt
  dataset: barabasi_albert_10ins_m20
  random_seed: 44
  n_random_solutions: 128
  max_local_iterations: 1000
  precision: 32 bits (<class 'numpy.float32'>)
  run_name: onlyLS
--------------------------------------------------
Generating 128 random solutions...
Applying local search to 128 solutions...
Results saved to: results/barabasi_albert_10ins_m20/onlyLS/ba_16384_1_8.csv
Best energy: -4046420.000000
Total time: 0.1695s
Local search iterations: 74
----------------------------------------
  Seed 4/10 (seed=45)
Initialized onlyLS solver (GPU local search only). Results will be saved under 'onlyLS'.
Parameters:
  instance_name: ba_16384_1_8.txt
  dataset: barabasi_albert_10ins_m20
  random_seed: 45
  n_random_solutions: 128
  max_local_iterations: 1000
  precision: 32 bits (<class 'numpy.float32'>)
  run_name: onlyLS
--------------------------------------------------
Generating 128 random solutions...
Applying local search to 128 solutions...
Results saved to: results/barabasi_albert_10ins_m20/onlyLS/ba_16384_1_8.csv
Best energy: -4050808.000000
Total time: 0.1768s
Local search iterations: 83
----------------------------------------
  Seed 5/10 (seed=46)
Initialized onlyLS solver (GPU local search only). Results will be saved under 'onlyLS'.
Parameters:
  instance_name: ba_16384_1_8.txt
  dataset: barabasi_albert_10ins_m20
  random_seed: 46
  n_random_solutions: 128
  max_local_iterations: 1000
  precision: 32 bits (<class 'numpy.float32'>)
  run_name: onlyLS
--------------------------------------------------
Generating 128 random solutions...
Applying local search to 128 solutions...
Results saved to: results/barabasi_albert_10ins_m20/onlyLS/ba_16384_1_8.csv
Best energy: -4044498.000000
Total time: 0.1668s
Local search iterations: 69
----------------------------------------
  Seed 6/10 (seed=47)
Initialized onlyLS solver (GPU local search only). Results will be saved under 'onlyLS'.
Parameters:
  instance_name: ba_16384_1_8.txt
  dataset: barabasi_albert_10ins_m20
  random_seed: 47
  n_random_solutions: 128
  max_local_iterations: 1000
  precision: 32 bits (<class 'numpy.float32'>)
  run_name: onlyLS
--------------------------------------------------
Generating 128 random solutions...
Applying local search to 128 solutions...
Results saved to: results/barabasi_albert_10ins_m20/onlyLS/ba_16384_1_8.csv
Best energy: -4044624.000000
Total time: 0.1694s
Local search iterations: 72
----------------------------------------
  Seed 7/10 (seed=48)
Initialized onlyLS solver (GPU local search only). Results will be saved under 'onlyLS'.
Parameters:
  instance_name: ba_16384_1_8.txt
  dataset: barabasi_albert_10ins_m20
  random_seed: 48
  n_random_solutions: 128
  max_local_iterations: 1000
  precision: 32 bits (<class 'numpy.float32'>)
  run_name: onlyLS
--------------------------------------------------
Generating 128 random solutions...
Applying local search to 128 solutions...
Results saved to: results/barabasi_albert_10ins_m20/onlyLS/ba_16384_1_8.csv
Best energy: -4052492.000000
Total time: 0.1700s
Local search iterations: 73
----------------------------------------
  Seed 8/10 (seed=49)
Initialized onlyLS solver (GPU local search only). Results will be saved under 'onlyLS'.
Parameters:
  instance_name: ba_16384_1_8.txt
  dataset: barabasi_albert_10ins_m20
  random_seed: 49
  n_random_solutions: 128
  max_local_iterations: 1000
  precision: 32 bits (<class 'numpy.float32'>)
  run_name: onlyLS
--------------------------------------------------
Generating 128 random solutions...
Applying local search to 128 solutions...
Results saved to: results/barabasi_albert_10ins_m20/onlyLS/ba_16384_1_8.csv
Best energy: -4056592.000000
Total time: 0.1763s
Local search iterations: 81
----------------------------------------
  Seed 9/10 (seed=50)
Initialized onlyLS solver (GPU local search only). Results will be saved under 'onlyLS'.
Parameters:
  instance_name: ba_16384_1_8.txt
  dataset: barabasi_albert_10ins_m20
  random_seed: 50
  n_random_solutions: 128
  max_local_iterations: 1000
  precision: 32 bits (<class 'numpy.float32'>)
  run_name: onlyLS
--------------------------------------------------
Generating 128 random solutions...
Applying local search to 128 solutions...
Results saved to: results/barabasi_albert_10ins_m20/onlyLS/ba_16384_1_8.csv
Best energy: -4042208.000000
Total time: 0.1651s
Local search iterations: 67
----------------------------------------
  Seed 10/10 (seed=51)
Initialized onlyLS solver (GPU local search only). Results will be saved under 'onlyLS'.
Parameters:
  instance_name: ba_16384_1_8.txt
  dataset: barabasi_albert_10ins_m20
  random_seed: 51
  n_random_solutions: 128
  max_local_iterations: 1000
  precision: 32 bits (<class 'numpy.float32'>)
  run_name: onlyLS
--------------------------------------------------
Generating 128 random solutions...
Applying local search to 128 solutions...
Results saved to: results/barabasi_albert_10ins_m20/onlyLS/ba_16384_1_8.csv
Best energy: -4068456.000000
Total time: 0.1648s
Local search iterations: 67
----------------------------------------
Processing instance: ba_16384_1_9.txt
  Seed 1/10 (seed=42)
Initialized onlyLS solver (GPU local search only). Results will be saved under 'onlyLS'.
Parameters:
  instance_name: ba_16384_1_9.txt
  dataset: barabasi_albert_10ins_m20
  random_seed: 42
  n_random_solutions: 128
  max_local_iterations: 1000
  precision: 32 bits (<class 'numpy.float32'>)
  run_name: onlyLS
--------------------------------------------------
Generating 128 random solutions...
Applying local search to 128 solutions...
Results saved to: results/barabasi_albert_10ins_m20/onlyLS/ba_16384_1_9.csv
Best energy: -4043686.000000
Total time: 0.1691s
Local search iterations: 71
----------------------------------------
  Seed 2/10 (seed=43)
Initialized onlyLS solver (GPU local search only). Results will be saved under 'onlyLS'.
Parameters:
  instance_name: ba_16384_1_9.txt
  dataset: barabasi_albert_10ins_m20
  random_seed: 43
  n_random_solutions: 128
  max_local_iterations: 1000
  precision: 32 bits (<class 'numpy.float32'>)
  run_name: onlyLS
--------------------------------------------------
Generating 128 random solutions...
Applying local search to 128 solutions...
Results saved to: results/barabasi_albert_10ins_m20/onlyLS/ba_16384_1_9.csv
Best energy: -4048908.000000
Total time: 0.1659s
Local search iterations: 67
----------------------------------------
  Seed 3/10 (seed=44)
Initialized onlyLS solver (GPU local search only). Results will be saved under 'onlyLS'.
Parameters:
  instance_name: ba_16384_1_9.txt
  dataset: barabasi_albert_10ins_m20
  random_seed: 44
  n_random_solutions: 128
  max_local_iterations: 1000
  precision: 32 bits (<class 'numpy.float32'>)
  run_name: onlyLS
--------------------------------------------------
Generating 128 random solutions...
Applying local search to 128 solutions...
Results saved to: results/barabasi_albert_10ins_m20/onlyLS/ba_16384_1_9.csv
Best energy: -4051890.000000
Total time: 0.1716s
Local search iterations: 74
----------------------------------------
  Seed 4/10 (seed=45)
Initialized onlyLS solver (GPU local search only). Results will be saved under 'onlyLS'.
Parameters:
  instance_name: ba_16384_1_9.txt
  dataset: barabasi_albert_10ins_m20
  random_seed: 45
  n_random_solutions: 128
  max_local_iterations: 1000
  precision: 32 bits (<class 'numpy.float32'>)
  run_name: onlyLS
--------------------------------------------------
Generating 128 random solutions...
Applying local search to 128 solutions...
Results saved to: results/barabasi_albert_10ins_m20/onlyLS/ba_16384_1_9.csv
Best energy: -4055320.000000
Total time: 0.1666s
Local search iterations: 68
----------------------------------------
  Seed 5/10 (seed=46)
Initialized onlyLS solver (GPU local search only). Results will be saved under 'onlyLS'.
Parameters:
  instance_name: ba_16384_1_9.txt
  dataset: barabasi_albert_10ins_m20
  random_seed: 46
  n_random_solutions: 128
  max_local_iterations: 1000
  precision: 32 bits (<class 'numpy.float32'>)
  run_name: onlyLS
--------------------------------------------------
Generating 128 random solutions...
Applying local search to 128 solutions...
Results saved to: results/barabasi_albert_10ins_m20/onlyLS/ba_16384_1_9.csv
Best energy: -4055888.000000
Total time: 0.1606s
Local search iterations: 61
----------------------------------------
  Seed 6/10 (seed=47)
Initialized onlyLS solver (GPU local search only). Results will be saved under 'onlyLS'.
Parameters:
  instance_name: ba_16384_1_9.txt
  dataset: barabasi_albert_10ins_m20
  random_seed: 47
  n_random_solutions: 128
  max_local_iterations: 1000
  precision: 32 bits (<class 'numpy.float32'>)
  run_name: onlyLS
--------------------------------------------------
Generating 128 random solutions...
Applying local search to 128 solutions...
Results saved to: results/barabasi_albert_10ins_m20/onlyLS/ba_16384_1_9.csv
Best energy: -4055820.000000
Total time: 0.1681s
Local search iterations: 71
----------------------------------------
  Seed 7/10 (seed=48)
Initialized onlyLS solver (GPU local search only). Results will be saved under 'onlyLS'.
Parameters:
  instance_name: ba_16384_1_9.txt
  dataset: barabasi_albert_10ins_m20
  random_seed: 48
  n_random_solutions: 128
  max_local_iterations: 1000
  precision: 32 bits (<class 'numpy.float32'>)
  run_name: onlyLS
--------------------------------------------------
Generating 128 random solutions...
Applying local search to 128 solutions...
Results saved to: results/barabasi_albert_10ins_m20/onlyLS/ba_16384_1_9.csv
Best energy: -4052122.000000
Total time: 0.1658s
Local search iterations: 68
----------------------------------------
  Seed 8/10 (seed=49)
Initialized onlyLS solver (GPU local search only). Results will be saved under 'onlyLS'.
Parameters:
  instance_name: ba_16384_1_9.txt
  dataset: barabasi_albert_10ins_m20
  random_seed: 49
  n_random_solutions: 128
  max_local_iterations: 1000
  precision: 32 bits (<class 'numpy.float32'>)
  run_name: onlyLS
--------------------------------------------------
Generating 128 random solutions...
Applying local search to 128 solutions...
Results saved to: results/barabasi_albert_10ins_m20/onlyLS/ba_16384_1_9.csv
Best energy: -4050182.000000
Total time: 0.1673s
Local search iterations: 70
----------------------------------------
  Seed 9/10 (seed=50)
Initialized onlyLS solver (GPU local search only). Results will be saved under 'onlyLS'.
Parameters:
  instance_name: ba_16384_1_9.txt
  dataset: barabasi_albert_10ins_m20
  random_seed: 50
  n_random_solutions: 128
  max_local_iterations: 1000
  precision: 32 bits (<class 'numpy.float32'>)
  run_name: onlyLS
--------------------------------------------------
Generating 128 random solutions...
Applying local search to 128 solutions...
Results saved to: results/barabasi_albert_10ins_m20/onlyLS/ba_16384_1_9.csv
Best energy: -4055098.000000
Total time: 0.1719s
Local search iterations: 76
----------------------------------------
  Seed 10/10 (seed=51)
Initialized onlyLS solver (GPU local search only). Results will be saved under 'onlyLS'.
Parameters:
  instance_name: ba_16384_1_9.txt
  dataset: barabasi_albert_10ins_m20
  random_seed: 51
  n_random_solutions: 128
  max_local_iterations: 1000
  precision: 32 bits (<class 'numpy.float32'>)
  run_name: onlyLS
--------------------------------------------------
Generating 128 random solutions...
Applying local search to 128 solutions...
Results saved to: results/barabasi_albert_10ins_m20/onlyLS/ba_16384_1_9.csv
Best energy: -4055766.000000
Total time: 0.5701s
Local search iterations: 71
----------------------------------------
Processing instance: ba_2048_1_0.txt
  Seed 1/10 (seed=42)
Initialized onlyLS solver (GPU local search only). Results will be saved under 'onlyLS'.
Parameters:
  instance_name: ba_2048_1_0.txt
  dataset: barabasi_albert_10ins_m20
  random_seed: 42
  n_random_solutions: 128
  max_local_iterations: 1000
  precision: 32 bits (<class 'numpy.float32'>)
  run_name: onlyLS
--------------------------------------------------
Generating 128 random solutions...
Applying local search to 128 solutions...
Results saved to: results/barabasi_albert_10ins_m20/onlyLS/ba_2048_1_0.csv
Best energy: -513559.000000
Total time: 0.1115s
Local search iterations: 73
----------------------------------------
  Seed 2/10 (seed=43)
Initialized onlyLS solver (GPU local search only). Results will be saved under 'onlyLS'.
Parameters:
  instance_name: ba_2048_1_0.txt
  dataset: barabasi_albert_10ins_m20
  random_seed: 43
  n_random_solutions: 128
  max_local_iterations: 1000
  precision: 32 bits (<class 'numpy.float32'>)
  run_name: onlyLS
--------------------------------------------------
Generating 128 random solutions...
Applying local search to 128 solutions...
Results saved to: results/barabasi_albert_10ins_m20/onlyLS/ba_2048_1_0.csv
Best energy: -518097.000000
Total time: 0.1115s
Local search iterations: 75
----------------------------------------
  Seed 3/10 (seed=44)
Initialized onlyLS solver (GPU local search only). Results will be saved under 'onlyLS'.
Parameters:
  instance_name: ba_2048_1_0.txt
  dataset: barabasi_albert_10ins_m20
  random_seed: 44
  n_random_solutions: 128
  max_local_iterations: 1000
  precision: 32 bits (<class 'numpy.float32'>)
  run_name: onlyLS
--------------------------------------------------
Generating 128 random solutions...
Applying local search to 128 solutions...
Results saved to: results/barabasi_albert_10ins_m20/onlyLS/ba_2048_1_0.csv
Best energy: -520995.000000
Total time: 0.1126s
Local search iterations: 80
----------------------------------------
  Seed 4/10 (seed=45)
Initialized onlyLS solver (GPU local search only). Results will be saved under 'onlyLS'.
Parameters:
  instance_name: ba_2048_1_0.txt
  dataset: barabasi_albert_10ins_m20
  random_seed: 45
  n_random_solutions: 128
  max_local_iterations: 1000
  precision: 32 bits (<class 'numpy.float32'>)
  run_name: onlyLS
--------------------------------------------------
Generating 128 random solutions...
Applying local search to 128 solutions...
Results saved to: results/barabasi_albert_10ins_m20/onlyLS/ba_2048_1_0.csv
Best energy: -516041.000000
Total time: 0.1113s
Local search iterations: 76
----------------------------------------
  Seed 5/10 (seed=46)
Initialized onlyLS solver (GPU local search only). Results will be saved under 'onlyLS'.
Parameters:
  instance_name: ba_2048_1_0.txt
  dataset: barabasi_albert_10ins_m20
  random_seed: 46
  n_random_solutions: 128
  max_local_iterations: 1000
  precision: 32 bits (<class 'numpy.float32'>)
  run_name: onlyLS
--------------------------------------------------
Generating 128 random solutions...
Applying local search to 128 solutions...
Results saved to: results/barabasi_albert_10ins_m20/onlyLS/ba_2048_1_0.csv
Best energy: -513523.000000
Total time: 0.1098s
Local search iterations: 66
----------------------------------------
  Seed 6/10 (seed=47)
Initialized onlyLS solver (GPU local search only). Results will be saved under 'onlyLS'.
Parameters:
  instance_name: ba_2048_1_0.txt
  dataset: barabasi_albert_10ins_m20
  random_seed: 47
  n_random_solutions: 128
  max_local_iterations: 1000
  precision: 32 bits (<class 'numpy.float32'>)
  run_name: onlyLS
--------------------------------------------------
Generating 128 random solutions...
Applying local search to 128 solutions...
Results saved to: results/barabasi_albert_10ins_m20/onlyLS/ba_2048_1_0.csv
Best energy: -516255.000000
Total time: 0.1110s
Local search iterations: 75
----------------------------------------
  Seed 7/10 (seed=48)
Initialized onlyLS solver (GPU local search only). Results will be saved under 'onlyLS'.
Parameters:
  instance_name: ba_2048_1_0.txt
  dataset: barabasi_albert_10ins_m20
  random_seed: 48
  n_random_solutions: 128
  max_local_iterations: 1000
  precision: 32 bits (<class 'numpy.float32'>)
  run_name: onlyLS
--------------------------------------------------
Generating 128 random solutions...
Applying local search to 128 solutions...
Results saved to: results/barabasi_albert_10ins_m20/onlyLS/ba_2048_1_0.csv
Best energy: -519855.000000
Total time: 0.1087s
Local search iterations: 67
----------------------------------------
  Seed 8/10 (seed=49)
Initialized onlyLS solver (GPU local search only). Results will be saved under 'onlyLS'.
Parameters:
  instance_name: ba_2048_1_0.txt
  dataset: barabasi_albert_10ins_m20
  random_seed: 49
  n_random_solutions: 128
  max_local_iterations: 1000
  precision: 32 bits (<class 'numpy.float32'>)
  run_name: onlyLS
--------------------------------------------------
Generating 128 random solutions...
Applying local search to 128 solutions...
Results saved to: results/barabasi_albert_10ins_m20/onlyLS/ba_2048_1_0.csv
Best energy: -516487.000000
Total time: 0.1077s
Local search iterations: 64
----------------------------------------
  Seed 9/10 (seed=50)
Initialized onlyLS solver (GPU local search only). Results will be saved under 'onlyLS'.
Parameters:
  instance_name: ba_2048_1_0.txt
  dataset: barabasi_albert_10ins_m20
  random_seed: 50
  n_random_solutions: 128
  max_local_iterations: 1000
  precision: 32 bits (<class 'numpy.float32'>)
  run_name: onlyLS
--------------------------------------------------
Generating 128 random solutions...
Applying local search to 128 solutions...
Results saved to: results/barabasi_albert_10ins_m20/onlyLS/ba_2048_1_0.csv
Best energy: -518863.000000
Total time: 0.1084s
Local search iterations: 65
----------------------------------------
  Seed 10/10 (seed=51)
Initialized onlyLS solver (GPU local search only). Results will be saved under 'onlyLS'.
Parameters:
  instance_name: ba_2048_1_0.txt
  dataset: barabasi_albert_10ins_m20
  random_seed: 51
  n_random_solutions: 128
  max_local_iterations: 1000
  precision: 32 bits (<class 'numpy.float32'>)
  run_name: onlyLS
--------------------------------------------------
Generating 128 random solutions...
Applying local search to 128 solutions...
Results saved to: results/barabasi_albert_10ins_m20/onlyLS/ba_2048_1_0.csv
Best energy: -512621.000000
Total time: 0.1079s
Local search iterations: 63
----------------------------------------
Processing instance: ba_2048_1_1.txt
  Seed 1/10 (seed=42)
Initialized onlyLS solver (GPU local search only). Results will be saved under 'onlyLS'.
Parameters:
  instance_name: ba_2048_1_1.txt
  dataset: barabasi_albert_10ins_m20
  random_seed: 42
  n_random_solutions: 128
  max_local_iterations: 1000
  precision: 32 bits (<class 'numpy.float32'>)
  run_name: onlyLS
--------------------------------------------------
Generating 128 random solutions...
Applying local search to 128 solutions...
Results saved to: results/barabasi_albert_10ins_m20/onlyLS/ba_2048_1_1.csv
Best energy: -512941.000000
Total time: 0.1109s
Local search iterations: 73
----------------------------------------
  Seed 2/10 (seed=43)
Initialized onlyLS solver (GPU local search only). Results will be saved under 'onlyLS'.
Parameters:
  instance_name: ba_2048_1_1.txt
  dataset: barabasi_albert_10ins_m20
  random_seed: 43
  n_random_solutions: 128
  max_local_iterations: 1000
  precision: 32 bits (<class 'numpy.float32'>)
  run_name: onlyLS
--------------------------------------------------
Generating 128 random solutions...
Applying local search to 128 solutions...
Results saved to: results/barabasi_albert_10ins_m20/onlyLS/ba_2048_1_1.csv
Best energy: -519699.000000
Total time: 0.1140s
Local search iterations: 84
----------------------------------------
  Seed 3/10 (seed=44)
Initialized onlyLS solver (GPU local search only). Results will be saved under 'onlyLS'.
Parameters:
  instance_name: ba_2048_1_1.txt
  dataset: barabasi_albert_10ins_m20
  random_seed: 44
  n_random_solutions: 128
  max_local_iterations: 1000
  precision: 32 bits (<class 'numpy.float32'>)
  run_name: onlyLS
--------------------------------------------------
Generating 128 random solutions...
Applying local search to 128 solutions...
Results saved to: results/barabasi_albert_10ins_m20/onlyLS/ba_2048_1_1.csv
Best energy: -519429.000000
Total time: 0.1094s
Local search iterations: 66
----------------------------------------
  Seed 4/10 (seed=45)
Initialized onlyLS solver (GPU local search only). Results will be saved under 'onlyLS'.
Parameters:
  instance_name: ba_2048_1_1.txt
  dataset: barabasi_albert_10ins_m20
  random_seed: 45
  n_random_solutions: 128
  max_local_iterations: 1000
  precision: 32 bits (<class 'numpy.float32'>)
  run_name: onlyLS
--------------------------------------------------
Generating 128 random solutions...
Applying local search to 128 solutions...
Results saved to: results/barabasi_albert_10ins_m20/onlyLS/ba_2048_1_1.csv
Best energy: -514297.000000
Total time: 0.1126s
Local search iterations: 79
----------------------------------------
  Seed 5/10 (seed=46)
Initialized onlyLS solver (GPU local search only). Results will be saved under 'onlyLS'.
Parameters:
  instance_name: ba_2048_1_1.txt
  dataset: barabasi_albert_10ins_m20
  random_seed: 46
  n_random_solutions: 128
  max_local_iterations: 1000
  precision: 32 bits (<class 'numpy.float32'>)
  run_name: onlyLS
--------------------------------------------------
Generating 128 random solutions...
Applying local search to 128 solutions...
Results saved to: results/barabasi_albert_10ins_m20/onlyLS/ba_2048_1_1.csv
Best energy: -512169.000000
Total time: 0.1085s
Local search iterations: 66
----------------------------------------
  Seed 6/10 (seed=47)
Initialized onlyLS solver (GPU local search only). Results will be saved under 'onlyLS'.
Parameters:
  instance_name: ba_2048_1_1.txt
  dataset: barabasi_albert_10ins_m20
  random_seed: 47
  n_random_solutions: 128
  max_local_iterations: 1000
  precision: 32 bits (<class 'numpy.float32'>)
  run_name: onlyLS
--------------------------------------------------
Generating 128 random solutions...
Applying local search to 128 solutions...
Results saved to: results/barabasi_albert_10ins_m20/onlyLS/ba_2048_1_1.csv
Best energy: -513335.000000
Total time: 0.1101s
Local search iterations: 62
----------------------------------------
  Seed 7/10 (seed=48)
Initialized onlyLS solver (GPU local search only). Results will be saved under 'onlyLS'.
Parameters:
  instance_name: ba_2048_1_1.txt
  dataset: barabasi_albert_10ins_m20
  random_seed: 48
  n_random_solutions: 128
  max_local_iterations: 1000
  precision: 32 bits (<class 'numpy.float32'>)
  run_name: onlyLS
--------------------------------------------------
Generating 128 random solutions...
Applying local search to 128 solutions...
Results saved to: results/barabasi_albert_10ins_m20/onlyLS/ba_2048_1_1.csv
Best energy: -516259.000000
Total time: 0.1131s
Local search iterations: 64
----------------------------------------
  Seed 8/10 (seed=49)
Initialized onlyLS solver (GPU local search only). Results will be saved under 'onlyLS'.
Parameters:
  instance_name: ba_2048_1_1.txt
  dataset: barabasi_albert_10ins_m20
  random_seed: 49
  n_random_solutions: 128
  max_local_iterations: 1000
  precision: 32 bits (<class 'numpy.float32'>)
  run_name: onlyLS
--------------------------------------------------
Generating 128 random solutions...
Applying local search to 128 solutions...
Results saved to: results/barabasi_albert_10ins_m20/onlyLS/ba_2048_1_1.csv
Best energy: -512745.000000
Total time: 0.1193s
Local search iterations: 82
----------------------------------------
  Seed 9/10 (seed=50)
Initialized onlyLS solver (GPU local search only). Results will be saved under 'onlyLS'.
Parameters:
  instance_name: ba_2048_1_1.txt
  dataset: barabasi_albert_10ins_m20
  random_seed: 50
  n_random_solutions: 128
  max_local_iterations: 1000
  precision: 32 bits (<class 'numpy.float32'>)
  run_name: onlyLS
--------------------------------------------------
Generating 128 random solutions...
Applying local search to 128 solutions...
Results saved to: results/barabasi_albert_10ins_m20/onlyLS/ba_2048_1_1.csv
Best energy: -513113.000000
Total time: 0.1283s
Local search iterations: 108
----------------------------------------
  Seed 10/10 (seed=51)
Initialized onlyLS solver (GPU local search only). Results will be saved under 'onlyLS'.
Parameters:
  instance_name: ba_2048_1_1.txt
  dataset: barabasi_albert_10ins_m20
  random_seed: 51
  n_random_solutions: 128
  max_local_iterations: 1000
  precision: 32 bits (<class 'numpy.float32'>)
  run_name: onlyLS
--------------------------------------------------
Generating 128 random solutions...
Applying local search to 128 solutions...
Results saved to: results/barabasi_albert_10ins_m20/onlyLS/ba_2048_1_1.csv
Best energy: -513549.000000
Total time: 0.1159s
Local search iterations: 69
----------------------------------------
Processing instance: ba_2048_1_2.txt
  Seed 1/10 (seed=42)
Initialized onlyLS solver (GPU local search only). Results will be saved under 'onlyLS'.
Parameters:
  instance_name: ba_2048_1_2.txt
  dataset: barabasi_albert_10ins_m20
  random_seed: 42
  n_random_solutions: 128
  max_local_iterations: 1000
  precision: 32 bits (<class 'numpy.float32'>)
  run_name: onlyLS
--------------------------------------------------
Generating 128 random solutions...
Applying local search to 128 solutions...
Results saved to: results/barabasi_albert_10ins_m20/onlyLS/ba_2048_1_2.csv
Best energy: -515695.000000
Total time: 0.1150s
Local search iterations: 62
----------------------------------------
  Seed 2/10 (seed=43)
Initialized onlyLS solver (GPU local search only). Results will be saved under 'onlyLS'.
Parameters:
  instance_name: ba_2048_1_2.txt
  dataset: barabasi_albert_10ins_m20
  random_seed: 43
  n_random_solutions: 128
  max_local_iterations: 1000
  precision: 32 bits (<class 'numpy.float32'>)
  run_name: onlyLS
--------------------------------------------------
Generating 128 random solutions...
Applying local search to 128 solutions...
Results saved to: results/barabasi_albert_10ins_m20/onlyLS/ba_2048_1_2.csv
Best energy: -515997.000000
Total time: 0.1237s
Local search iterations: 88
----------------------------------------
  Seed 3/10 (seed=44)
Initialized onlyLS solver (GPU local search only). Results will be saved under 'onlyLS'.
Parameters:
  instance_name: ba_2048_1_2.txt
  dataset: barabasi_albert_10ins_m20
  random_seed: 44
  n_random_solutions: 128
  max_local_iterations: 1000
  precision: 32 bits (<class 'numpy.float32'>)
  run_name: onlyLS
--------------------------------------------------
Generating 128 random solutions...
Applying local search to 128 solutions...
Results saved to: results/barabasi_albert_10ins_m20/onlyLS/ba_2048_1_2.csv
Best energy: -515285.000000
Total time: 0.1154s
Local search iterations: 64
----------------------------------------
  Seed 4/10 (seed=45)
Initialized onlyLS solver (GPU local search only). Results will be saved under 'onlyLS'.
Parameters:
  instance_name: ba_2048_1_2.txt
  dataset: barabasi_albert_10ins_m20
  random_seed: 45
  n_random_solutions: 128
  max_local_iterations: 1000
  precision: 32 bits (<class 'numpy.float32'>)
  run_name: onlyLS
--------------------------------------------------
Generating 128 random solutions...
Applying local search to 128 solutions...
Results saved to: results/barabasi_albert_10ins_m20/onlyLS/ba_2048_1_2.csv
Best energy: -513729.000000
Total time: 0.1159s
Local search iterations: 65
----------------------------------------
  Seed 5/10 (seed=46)
Initialized onlyLS solver (GPU local search only). Results will be saved under 'onlyLS'.
Parameters:
  instance_name: ba_2048_1_2.txt
  dataset: barabasi_albert_10ins_m20
  random_seed: 46
  n_random_solutions: 128
  max_local_iterations: 1000
  precision: 32 bits (<class 'numpy.float32'>)
  run_name: onlyLS
--------------------------------------------------
Generating 128 random solutions...
Applying local search to 128 solutions...
Results saved to: results/barabasi_albert_10ins_m20/onlyLS/ba_2048_1_2.csv
Best energy: -516699.000000
Total time: 0.1183s
Local search iterations: 70
----------------------------------------
  Seed 6/10 (seed=47)
Initialized onlyLS solver (GPU local search only). Results will be saved under 'onlyLS'.
Parameters:
  instance_name: ba_2048_1_2.txt
  dataset: barabasi_albert_10ins_m20
  random_seed: 47
  n_random_solutions: 128
  max_local_iterations: 1000
  precision: 32 bits (<class 'numpy.float32'>)
  run_name: onlyLS
--------------------------------------------------
Generating 128 random solutions...
Applying local search to 128 solutions...
Results saved to: results/barabasi_albert_10ins_m20/onlyLS/ba_2048_1_2.csv
Best energy: -515765.000000
Total time: 0.1187s
Local search iterations: 74
----------------------------------------
  Seed 7/10 (seed=48)
Initialized onlyLS solver (GPU local search only). Results will be saved under 'onlyLS'.
Parameters:
  instance_name: ba_2048_1_2.txt
  dataset: barabasi_albert_10ins_m20
  random_seed: 48
  n_random_solutions: 128
  max_local_iterations: 1000
  precision: 32 bits (<class 'numpy.float32'>)
  run_name: onlyLS
--------------------------------------------------
Generating 128 random solutions...
Applying local search to 128 solutions...
Results saved to: results/barabasi_albert_10ins_m20/onlyLS/ba_2048_1_2.csv
Best energy: -512291.000000
Total time: 0.1166s
Local search iterations: 68
----------------------------------------
  Seed 8/10 (seed=49)
Initialized onlyLS solver (GPU local search only). Results will be saved under 'onlyLS'.
Parameters:
  instance_name: ba_2048_1_2.txt
  dataset: barabasi_albert_10ins_m20
  random_seed: 49
  n_random_solutions: 128
  max_local_iterations: 1000
  precision: 32 bits (<class 'numpy.float32'>)
  run_name: onlyLS
--------------------------------------------------
Generating 128 random solutions...
Applying local search to 128 solutions...
Results saved to: results/barabasi_albert_10ins_m20/onlyLS/ba_2048_1_2.csv
Best energy: -516119.000000
Total time: 0.1194s
Local search iterations: 73
----------------------------------------
  Seed 9/10 (seed=50)
Initialized onlyLS solver (GPU local search only). Results will be saved under 'onlyLS'.
Parameters:
  instance_name: ba_2048_1_2.txt
  dataset: barabasi_albert_10ins_m20
  random_seed: 50
  n_random_solutions: 128
  max_local_iterations: 1000
  precision: 32 bits (<class 'numpy.float32'>)
  run_name: onlyLS
--------------------------------------------------
Generating 128 random solutions...
Applying local search to 128 solutions...
Results saved to: results/barabasi_albert_10ins_m20/onlyLS/ba_2048_1_2.csv
Best energy: -514601.000000
Total time: 0.1178s
Local search iterations: 66
----------------------------------------
  Seed 10/10 (seed=51)
Initialized onlyLS solver (GPU local search only). Results will be saved under 'onlyLS'.
Parameters:
  instance_name: ba_2048_1_2.txt
  dataset: barabasi_albert_10ins_m20
  random_seed: 51
  n_random_solutions: 128
  max_local_iterations: 1000
  precision: 32 bits (<class 'numpy.float32'>)
  run_name: onlyLS
--------------------------------------------------
Generating 128 random solutions...
Applying local search to 128 solutions...
Results saved to: results/barabasi_albert_10ins_m20/onlyLS/ba_2048_1_2.csv
Best energy: -515369.000000
Total time: 0.1191s
Local search iterations: 72
----------------------------------------
Processing instance: ba_2048_1_3.txt
  Seed 1/10 (seed=42)
Initialized onlyLS solver (GPU local search only). Results will be saved under 'onlyLS'.
Parameters:
  instance_name: ba_2048_1_3.txt
  dataset: barabasi_albert_10ins_m20
  random_seed: 42
  n_random_solutions: 128
  max_local_iterations: 1000
  precision: 32 bits (<class 'numpy.float32'>)
  run_name: onlyLS
--------------------------------------------------
Generating 128 random solutions...
Applying local search to 128 solutions...
Results saved to: results/barabasi_albert_10ins_m20/onlyLS/ba_2048_1_3.csv
Best energy: -512669.000000
Total time: 0.1209s
Local search iterations: 76
----------------------------------------
  Seed 2/10 (seed=43)
Initialized onlyLS solver (GPU local search only). Results will be saved under 'onlyLS'.
Parameters:
  instance_name: ba_2048_1_3.txt
  dataset: barabasi_albert_10ins_m20
  random_seed: 43
  n_random_solutions: 128
  max_local_iterations: 1000
  precision: 32 bits (<class 'numpy.float32'>)
  run_name: onlyLS
--------------------------------------------------
Generating 128 random solutions...
Applying local search to 128 solutions...
Results saved to: results/barabasi_albert_10ins_m20/onlyLS/ba_2048_1_3.csv
Best energy: -513857.000000
Total time: 0.1206s
Local search iterations: 75
----------------------------------------
  Seed 3/10 (seed=44)
Initialized onlyLS solver (GPU local search only). Results will be saved under 'onlyLS'.
Parameters:
  instance_name: ba_2048_1_3.txt
  dataset: barabasi_albert_10ins_m20
  random_seed: 44
  n_random_solutions: 128
  max_local_iterations: 1000
  precision: 32 bits (<class 'numpy.float32'>)
  run_name: onlyLS
--------------------------------------------------
Generating 128 random solutions...
Applying local search to 128 solutions...
Results saved to: results/barabasi_albert_10ins_m20/onlyLS/ba_2048_1_3.csv
Best energy: -516811.000000
Total time: 0.1172s
Local search iterations: 64
----------------------------------------
  Seed 4/10 (seed=45)
Initialized onlyLS solver (GPU local search only). Results will be saved under 'onlyLS'.
Parameters:
  instance_name: ba_2048_1_3.txt
  dataset: barabasi_albert_10ins_m20
  random_seed: 45
  n_random_solutions: 128
  max_local_iterations: 1000
  precision: 32 bits (<class 'numpy.float32'>)
  run_name: onlyLS
--------------------------------------------------
Generating 128 random solutions...
Applying local search to 128 solutions...
Results saved to: results/barabasi_albert_10ins_m20/onlyLS/ba_2048_1_3.csv
Best energy: -513583.000000
Total time: 0.1188s
Local search iterations: 69
----------------------------------------
  Seed 5/10 (seed=46)
Initialized onlyLS solver (GPU local search only). Results will be saved under 'onlyLS'.
Parameters:
  instance_name: ba_2048_1_3.txt
  dataset: barabasi_albert_10ins_m20
  random_seed: 46
  n_random_solutions: 128
  max_local_iterations: 1000
  precision: 32 bits (<class 'numpy.float32'>)
  run_name: onlyLS
--------------------------------------------------
Generating 128 random solutions...
Applying local search to 128 solutions...
Results saved to: results/barabasi_albert_10ins_m20/onlyLS/ba_2048_1_3.csv
Best energy: -516379.000000
Total time: 0.1165s
Local search iterations: 63
----------------------------------------
  Seed 6/10 (seed=47)
Initialized onlyLS solver (GPU local search only). Results will be saved under 'onlyLS'.
Parameters:
  instance_name: ba_2048_1_3.txt
  dataset: barabasi_albert_10ins_m20
  random_seed: 47
  n_random_solutions: 128
  max_local_iterations: 1000
  precision: 32 bits (<class 'numpy.float32'>)
  run_name: onlyLS
--------------------------------------------------
Generating 128 random solutions...
Applying local search to 128 solutions...
Results saved to: results/barabasi_albert_10ins_m20/onlyLS/ba_2048_1_3.csv
Best energy: -518175.000000
Total time: 0.1187s
Local search iterations: 69
----------------------------------------
  Seed 7/10 (seed=48)
Initialized onlyLS solver (GPU local search only). Results will be saved under 'onlyLS'.
Parameters:
  instance_name: ba_2048_1_3.txt
  dataset: barabasi_albert_10ins_m20
  random_seed: 48
  n_random_solutions: 128
  max_local_iterations: 1000
  precision: 32 bits (<class 'numpy.float32'>)
  run_name: onlyLS
--------------------------------------------------
Generating 128 random solutions...
Applying local search to 128 solutions...
Results saved to: results/barabasi_albert_10ins_m20/onlyLS/ba_2048_1_3.csv
Best energy: -514803.000000
Total time: 0.1190s
Local search iterations: 67
----------------------------------------
  Seed 8/10 (seed=49)
Initialized onlyLS solver (GPU local search only). Results will be saved under 'onlyLS'.
Parameters:
  instance_name: ba_2048_1_3.txt
  dataset: barabasi_albert_10ins_m20
  random_seed: 49
  n_random_solutions: 128
  max_local_iterations: 1000
  precision: 32 bits (<class 'numpy.float32'>)
  run_name: onlyLS
--------------------------------------------------
Generating 128 random solutions...
Applying local search to 128 solutions...
Results saved to: results/barabasi_albert_10ins_m20/onlyLS/ba_2048_1_3.csv
Best energy: -513589.000000
Total time: 0.1182s
Local search iterations: 67
----------------------------------------
  Seed 9/10 (seed=50)
Initialized onlyLS solver (GPU local search only). Results will be saved under 'onlyLS'.
Parameters:
  instance_name: ba_2048_1_3.txt
  dataset: barabasi_albert_10ins_m20
  random_seed: 50
  n_random_solutions: 128
  max_local_iterations: 1000
  precision: 32 bits (<class 'numpy.float32'>)
  run_name: onlyLS
--------------------------------------------------
Generating 128 random solutions...
Applying local search to 128 solutions...
Results saved to: results/barabasi_albert_10ins_m20/onlyLS/ba_2048_1_3.csv
Best energy: -514547.000000
Total time: 0.1200s
Local search iterations: 70
----------------------------------------
  Seed 10/10 (seed=51)
Initialized onlyLS solver (GPU local search only). Results will be saved under 'onlyLS'.
Parameters:
  instance_name: ba_2048_1_3.txt
  dataset: barabasi_albert_10ins_m20
  random_seed: 51
  n_random_solutions: 128
  max_local_iterations: 1000
  precision: 32 bits (<class 'numpy.float32'>)
  run_name: onlyLS
--------------------------------------------------
Generating 128 random solutions...
Applying local search to 128 solutions...
Results saved to: results/barabasi_albert_10ins_m20/onlyLS/ba_2048_1_3.csv
Best energy: -515033.000000
Total time: 0.1217s
Local search iterations: 73
----------------------------------------
Processing instance: ba_2048_1_4.txt
  Seed 1/10 (seed=42)
Initialized onlyLS solver (GPU local search only). Results will be saved under 'onlyLS'.
Parameters:
  instance_name: ba_2048_1_4.txt
  dataset: barabasi_albert_10ins_m20
  random_seed: 42
  n_random_solutions: 128
  max_local_iterations: 1000
  precision: 32 bits (<class 'numpy.float32'>)
  run_name: onlyLS
--------------------------------------------------
Generating 128 random solutions...
Applying local search to 128 solutions...
Results saved to: results/barabasi_albert_10ins_m20/onlyLS/ba_2048_1_4.csv
Best energy: -511084.000000
Total time: 0.1183s
Local search iterations: 64
----------------------------------------
  Seed 2/10 (seed=43)
Initialized onlyLS solver (GPU local search only). Results will be saved under 'onlyLS'.
Parameters:
  instance_name: ba_2048_1_4.txt
  dataset: barabasi_albert_10ins_m20
  random_seed: 43
  n_random_solutions: 128
  max_local_iterations: 1000
  precision: 32 bits (<class 'numpy.float32'>)
  run_name: onlyLS
--------------------------------------------------
Generating 128 random solutions...
Applying local search to 128 solutions...
Results saved to: results/barabasi_albert_10ins_m20/onlyLS/ba_2048_1_4.csv
Best energy: -517764.000000
Total time: 0.1225s
Local search iterations: 77
----------------------------------------
  Seed 3/10 (seed=44)
Initialized onlyLS solver (GPU local search only). Results will be saved under 'onlyLS'.
Parameters:
  instance_name: ba_2048_1_4.txt
  dataset: barabasi_albert_10ins_m20
  random_seed: 44
  n_random_solutions: 128
  max_local_iterations: 1000
  precision: 32 bits (<class 'numpy.float32'>)
  run_name: onlyLS
--------------------------------------------------
Generating 128 random solutions...
Applying local search to 128 solutions...
Results saved to: results/barabasi_albert_10ins_m20/onlyLS/ba_2048_1_4.csv
Best energy: -516580.000000
Total time: 0.1204s
Local search iterations: 72
----------------------------------------
  Seed 4/10 (seed=45)
Initialized onlyLS solver (GPU local search only). Results will be saved under 'onlyLS'.
Parameters:
  instance_name: ba_2048_1_4.txt
  dataset: barabasi_albert_10ins_m20
  random_seed: 45
  n_random_solutions: 128
  max_local_iterations: 1000
  precision: 32 bits (<class 'numpy.float32'>)
  run_name: onlyLS
--------------------------------------------------
Generating 128 random solutions...
Applying local search to 128 solutions...
Results saved to: results/barabasi_albert_10ins_m20/onlyLS/ba_2048_1_4.csv
Best energy: -515536.000000
Total time: 0.1206s
Local search iterations: 72
----------------------------------------
  Seed 5/10 (seed=46)
Initialized onlyLS solver (GPU local search only). Results will be saved under 'onlyLS'.
Parameters:
  instance_name: ba_2048_1_4.txt
  dataset: barabasi_albert_10ins_m20
  random_seed: 46
  n_random_solutions: 128
  max_local_iterations: 1000
  precision: 32 bits (<class 'numpy.float32'>)
  run_name: onlyLS
--------------------------------------------------
Generating 128 random solutions...
Applying local search to 128 solutions...
Results saved to: results/barabasi_albert_10ins_m20/onlyLS/ba_2048_1_4.csv
Best energy: -514372.000000
Total time: 0.1208s
Local search iterations: 74
----------------------------------------
  Seed 6/10 (seed=47)
Initialized onlyLS solver (GPU local search only). Results will be saved under 'onlyLS'.
Parameters:
  instance_name: ba_2048_1_4.txt
  dataset: barabasi_albert_10ins_m20
  random_seed: 47
  n_random_solutions: 128
  max_local_iterations: 1000
  precision: 32 bits (<class 'numpy.float32'>)
  run_name: onlyLS
--------------------------------------------------
Generating 128 random solutions...
Applying local search to 128 solutions...
Results saved to: results/barabasi_albert_10ins_m20/onlyLS/ba_2048_1_4.csv
Best energy: -519180.000000
Total time: 0.1162s
Local search iterations: 61
----------------------------------------
  Seed 7/10 (seed=48)
Initialized onlyLS solver (GPU local search only). Results will be saved under 'onlyLS'.
Parameters:
  instance_name: ba_2048_1_4.txt
  dataset: barabasi_albert_10ins_m20
  random_seed: 48
  n_random_solutions: 128
  max_local_iterations: 1000
  precision: 32 bits (<class 'numpy.float32'>)
  run_name: onlyLS
--------------------------------------------------
Generating 128 random solutions...
Applying local search to 128 solutions...
Results saved to: results/barabasi_albert_10ins_m20/onlyLS/ba_2048_1_4.csv
Best energy: -518566.000000
Total time: 0.1181s
Local search iterations: 63
----------------------------------------
  Seed 8/10 (seed=49)
Initialized onlyLS solver (GPU local search only). Results will be saved under 'onlyLS'.
Parameters:
  instance_name: ba_2048_1_4.txt
  dataset: barabasi_albert_10ins_m20
  random_seed: 49
  n_random_solutions: 128
  max_local_iterations: 1000
  precision: 32 bits (<class 'numpy.float32'>)
  run_name: onlyLS
--------------------------------------------------
Generating 128 random solutions...
Applying local search to 128 solutions...
Results saved to: results/barabasi_albert_10ins_m20/onlyLS/ba_2048_1_4.csv
Best energy: -513406.000000
Total time: 0.1220s
Local search iterations: 72
----------------------------------------
  Seed 9/10 (seed=50)
Initialized onlyLS solver (GPU local search only). Results will be saved under 'onlyLS'.
Parameters:
  instance_name: ba_2048_1_4.txt
  dataset: barabasi_albert_10ins_m20
  random_seed: 50
  n_random_solutions: 128
  max_local_iterations: 1000
  precision: 32 bits (<class 'numpy.float32'>)
  run_name: onlyLS
--------------------------------------------------
Generating 128 random solutions...
Applying local search to 128 solutions...
Results saved to: results/barabasi_albert_10ins_m20/onlyLS/ba_2048_1_4.csv
Best energy: -513586.000000
Total time: 0.1198s
Local search iterations: 70
----------------------------------------
  Seed 10/10 (seed=51)
Initialized onlyLS solver (GPU local search only). Results will be saved under 'onlyLS'.
Parameters:
  instance_name: ba_2048_1_4.txt
  dataset: barabasi_albert_10ins_m20
  random_seed: 51
  n_random_solutions: 128
  max_local_iterations: 1000
  precision: 32 bits (<class 'numpy.float32'>)
  run_name: onlyLS
--------------------------------------------------
Generating 128 random solutions...
Applying local search to 128 solutions...
Results saved to: results/barabasi_albert_10ins_m20/onlyLS/ba_2048_1_4.csv
Best energy: -515886.000000
Total time: 0.1196s
Local search iterations: 74
----------------------------------------
Processing instance: ba_2048_1_5.txt
  Seed 1/10 (seed=42)
Initialized onlyLS solver (GPU local search only). Results will be saved under 'onlyLS'.
Parameters:
  instance_name: ba_2048_1_5.txt
  dataset: barabasi_albert_10ins_m20
  random_seed: 42
  n_random_solutions: 128
  max_local_iterations: 1000
  precision: 32 bits (<class 'numpy.float32'>)
  run_name: onlyLS
--------------------------------------------------
Generating 128 random solutions...
Applying local search to 128 solutions...
Results saved to: results/barabasi_albert_10ins_m20/onlyLS/ba_2048_1_5.csv
Best energy: -514780.000000
Total time: 0.1168s
Local search iterations: 67
----------------------------------------
  Seed 2/10 (seed=43)
Initialized onlyLS solver (GPU local search only). Results will be saved under 'onlyLS'.
Parameters:
  instance_name: ba_2048_1_5.txt
  dataset: barabasi_albert_10ins_m20
  random_seed: 43
  n_random_solutions: 128
  max_local_iterations: 1000
  precision: 32 bits (<class 'numpy.float32'>)
  run_name: onlyLS
--------------------------------------------------
Generating 128 random solutions...
Applying local search to 128 solutions...
Results saved to: results/barabasi_albert_10ins_m20/onlyLS/ba_2048_1_5.csv
Best energy: -515966.000000
Total time: 0.1208s
Local search iterations: 78
----------------------------------------
  Seed 3/10 (seed=44)
Initialized onlyLS solver (GPU local search only). Results will be saved under 'onlyLS'.
Parameters:
  instance_name: ba_2048_1_5.txt
  dataset: barabasi_albert_10ins_m20
  random_seed: 44
  n_random_solutions: 128
  max_local_iterations: 1000
  precision: 32 bits (<class 'numpy.float32'>)
  run_name: onlyLS
--------------------------------------------------
Generating 128 random solutions...
Applying local search to 128 solutions...
Results saved to: results/barabasi_albert_10ins_m20/onlyLS/ba_2048_1_5.csv
Best energy: -512212.000000
Total time: 0.1208s
Local search iterations: 78
----------------------------------------
  Seed 4/10 (seed=45)
Initialized onlyLS solver (GPU local search only). Results will be saved under 'onlyLS'.
Parameters:
  instance_name: ba_2048_1_5.txt
  dataset: barabasi_albert_10ins_m20
  random_seed: 45
  n_random_solutions: 128
  max_local_iterations: 1000
  precision: 32 bits (<class 'numpy.float32'>)
  run_name: onlyLS
--------------------------------------------------
Generating 128 random solutions...
Applying local search to 128 solutions...
Results saved to: results/barabasi_albert_10ins_m20/onlyLS/ba_2048_1_5.csv
Best energy: -515610.000000
Total time: 0.1184s
Local search iterations: 70
----------------------------------------
  Seed 5/10 (seed=46)
Initialized onlyLS solver (GPU local search only). Results will be saved under 'onlyLS'.
Parameters:
  instance_name: ba_2048_1_5.txt
  dataset: barabasi_albert_10ins_m20
  random_seed: 46
  n_random_solutions: 128
  max_local_iterations: 1000
  precision: 32 bits (<class 'numpy.float32'>)
  run_name: onlyLS
--------------------------------------------------
Generating 128 random solutions...
Applying local search to 128 solutions...
Results saved to: results/barabasi_albert_10ins_m20/onlyLS/ba_2048_1_5.csv
Best energy: -513758.000000
Total time: 0.1258s
Local search iterations: 59
----------------------------------------
  Seed 6/10 (seed=47)
Initialized onlyLS solver (GPU local search only). Results will be saved under 'onlyLS'.
Parameters:
  instance_name: ba_2048_1_5.txt
  dataset: barabasi_albert_10ins_m20
  random_seed: 47
  n_random_solutions: 128
  max_local_iterations: 1000
  precision: 32 bits (<class 'numpy.float32'>)
  run_name: onlyLS
--------------------------------------------------
Generating 128 random solutions...
Applying local search to 128 solutions...
Results saved to: results/barabasi_albert_10ins_m20/onlyLS/ba_2048_1_5.csv
Best energy: -512978.000000
Total time: 0.1310s
Local search iterations: 99
----------------------------------------
  Seed 7/10 (seed=48)
Initialized onlyLS solver (GPU local search only). Results will be saved under 'onlyLS'.
Parameters:
  instance_name: ba_2048_1_5.txt
  dataset: barabasi_albert_10ins_m20
  random_seed: 48
  n_random_solutions: 128
  max_local_iterations: 1000
  precision: 32 bits (<class 'numpy.float32'>)
  run_name: onlyLS
--------------------------------------------------
Generating 128 random solutions...
Applying local search to 128 solutions...
Results saved to: results/barabasi_albert_10ins_m20/onlyLS/ba_2048_1_5.csv
Best energy: -512056.000000
Total time: 0.1205s
Local search iterations: 72
----------------------------------------
  Seed 8/10 (seed=49)
Initialized onlyLS solver (GPU local search only). Results will be saved under 'onlyLS'.
Parameters:
  instance_name: ba_2048_1_5.txt
  dataset: barabasi_albert_10ins_m20
  random_seed: 49
  n_random_solutions: 128
  max_local_iterations: 1000
  precision: 32 bits (<class 'numpy.float32'>)
  run_name: onlyLS
--------------------------------------------------
Generating 128 random solutions...
Applying local search to 128 solutions...
Results saved to: results/barabasi_albert_10ins_m20/onlyLS/ba_2048_1_5.csv
Best energy: -512110.000000
Total time: 0.1198s
Local search iterations: 72
----------------------------------------
  Seed 9/10 (seed=50)
Initialized onlyLS solver (GPU local search only). Results will be saved under 'onlyLS'.
Parameters:
  instance_name: ba_2048_1_5.txt
  dataset: barabasi_albert_10ins_m20
  random_seed: 50
  n_random_solutions: 128
  max_local_iterations: 1000
  precision: 32 bits (<class 'numpy.float32'>)
  run_name: onlyLS
--------------------------------------------------
Generating 128 random solutions...
Applying local search to 128 solutions...
Results saved to: results/barabasi_albert_10ins_m20/onlyLS/ba_2048_1_5.csv
Best energy: -516874.000000
Total time: 0.1184s
Local search iterations: 69
----------------------------------------
  Seed 10/10 (seed=51)
Initialized onlyLS solver (GPU local search only). Results will be saved under 'onlyLS'.
Parameters:
  instance_name: ba_2048_1_5.txt
  dataset: barabasi_albert_10ins_m20
  random_seed: 51
  n_random_solutions: 128
  max_local_iterations: 1000
  precision: 32 bits (<class 'numpy.float32'>)
  run_name: onlyLS
--------------------------------------------------
Generating 128 random solutions...
Applying local search to 128 solutions...
Results saved to: results/barabasi_albert_10ins_m20/onlyLS/ba_2048_1_5.csv
Best energy: -519854.000000
Total time: 0.1202s
Local search iterations: 73
----------------------------------------
Processing instance: ba_2048_1_6.txt
  Seed 1/10 (seed=42)
Initialized onlyLS solver (GPU local search only). Results will be saved under 'onlyLS'.
Parameters:
  instance_name: ba_2048_1_6.txt
  dataset: barabasi_albert_10ins_m20
  random_seed: 42
  n_random_solutions: 128
  max_local_iterations: 1000
  precision: 32 bits (<class 'numpy.float32'>)
  run_name: onlyLS
--------------------------------------------------
Generating 128 random solutions...
Applying local search to 128 solutions...
Results saved to: results/barabasi_albert_10ins_m20/onlyLS/ba_2048_1_6.csv
Best energy: -514324.000000
Total time: 0.1193s
Local search iterations: 71
----------------------------------------
  Seed 2/10 (seed=43)
Initialized onlyLS solver (GPU local search only). Results will be saved under 'onlyLS'.
Parameters:
  instance_name: ba_2048_1_6.txt
  dataset: barabasi_albert_10ins_m20
  random_seed: 43
  n_random_solutions: 128
  max_local_iterations: 1000
  precision: 32 bits (<class 'numpy.float32'>)
  run_name: onlyLS
--------------------------------------------------
Generating 128 random solutions...
Applying local search to 128 solutions...
Results saved to: results/barabasi_albert_10ins_m20/onlyLS/ba_2048_1_6.csv
Best energy: -512636.000000
Total time: 0.1205s
Local search iterations: 72
----------------------------------------
  Seed 3/10 (seed=44)
Initialized onlyLS solver (GPU local search only). Results will be saved under 'onlyLS'.
Parameters:
  instance_name: ba_2048_1_6.txt
  dataset: barabasi_albert_10ins_m20
  random_seed: 44
  n_random_solutions: 128
  max_local_iterations: 1000
  precision: 32 bits (<class 'numpy.float32'>)
  run_name: onlyLS
--------------------------------------------------
Generating 128 random solutions...
Applying local search to 128 solutions...
Results saved to: results/barabasi_albert_10ins_m20/onlyLS/ba_2048_1_6.csv
Best energy: -516910.000000
Total time: 0.1256s
Local search iterations: 89
----------------------------------------
  Seed 4/10 (seed=45)
Initialized onlyLS solver (GPU local search only). Results will be saved under 'onlyLS'.
Parameters:
  instance_name: ba_2048_1_6.txt
  dataset: barabasi_albert_10ins_m20
  random_seed: 45
  n_random_solutions: 128
  max_local_iterations: 1000
  precision: 32 bits (<class 'numpy.float32'>)
  run_name: onlyLS
--------------------------------------------------
Generating 128 random solutions...
Applying local search to 128 solutions...
Results saved to: results/barabasi_albert_10ins_m20/onlyLS/ba_2048_1_6.csv
Best energy: -513436.000000
Total time: 0.1348s
Local search iterations: 73
----------------------------------------
  Seed 5/10 (seed=46)
Initialized onlyLS solver (GPU local search only). Results will be saved under 'onlyLS'.
Parameters:
  instance_name: ba_2048_1_6.txt
  dataset: barabasi_albert_10ins_m20
  random_seed: 46
  n_random_solutions: 128
  max_local_iterations: 1000
  precision: 32 bits (<class 'numpy.float32'>)
  run_name: onlyLS
--------------------------------------------------
Generating 128 random solutions...
Applying local search to 128 solutions...
Results saved to: results/barabasi_albert_10ins_m20/onlyLS/ba_2048_1_6.csv
Best energy: -521102.000000
Total time: 0.1170s
Local search iterations: 65
----------------------------------------
  Seed 6/10 (seed=47)
Initialized onlyLS solver (GPU local search only). Results will be saved under 'onlyLS'.
Parameters:
  instance_name: ba_2048_1_6.txt
  dataset: barabasi_albert_10ins_m20
  random_seed: 47
  n_random_solutions: 128
  max_local_iterations: 1000
  precision: 32 bits (<class 'numpy.float32'>)
  run_name: onlyLS
--------------------------------------------------
Generating 128 random solutions...
Applying local search to 128 solutions...
Results saved to: results/barabasi_albert_10ins_m20/onlyLS/ba_2048_1_6.csv
Best energy: -512552.000000
Total time: 0.1332s
Local search iterations: 73
----------------------------------------
  Seed 7/10 (seed=48)
Initialized onlyLS solver (GPU local search only). Results will be saved under 'onlyLS'.
Parameters:
  instance_name: ba_2048_1_6.txt
  dataset: barabasi_albert_10ins_m20
  random_seed: 48
  n_random_solutions: 128
  max_local_iterations: 1000
  precision: 32 bits (<class 'numpy.float32'>)
  run_name: onlyLS
--------------------------------------------------
Generating 128 random solutions...
Applying local search to 128 solutions...
Results saved to: results/barabasi_albert_10ins_m20/onlyLS/ba_2048_1_6.csv
Best energy: -515590.000000
Total time: 0.1170s
Local search iterations: 65
----------------------------------------
  Seed 8/10 (seed=49)
Initialized onlyLS solver (GPU local search only). Results will be saved under 'onlyLS'.
Parameters:
  instance_name: ba_2048_1_6.txt
  dataset: barabasi_albert_10ins_m20
  random_seed: 49
  n_random_solutions: 128
  max_local_iterations: 1000
  precision: 32 bits (<class 'numpy.float32'>)
  run_name: onlyLS
--------------------------------------------------
Generating 128 random solutions...
Applying local search to 128 solutions...
Results saved to: results/barabasi_albert_10ins_m20/onlyLS/ba_2048_1_6.csv
Best energy: -517328.000000
Total time: 0.1191s
Local search iterations: 69
----------------------------------------
  Seed 9/10 (seed=50)
Initialized onlyLS solver (GPU local search only). Results will be saved under 'onlyLS'.
Parameters:
  instance_name: ba_2048_1_6.txt
  dataset: barabasi_albert_10ins_m20
  random_seed: 50
  n_random_solutions: 128
  max_local_iterations: 1000
  precision: 32 bits (<class 'numpy.float32'>)
  run_name: onlyLS
--------------------------------------------------
Generating 128 random solutions...
Applying local search to 128 solutions...
Results saved to: results/barabasi_albert_10ins_m20/onlyLS/ba_2048_1_6.csv
Best energy: -515072.000000
Total time: 0.1171s
Local search iterations: 65
----------------------------------------
  Seed 10/10 (seed=51)
Initialized onlyLS solver (GPU local search only). Results will be saved under 'onlyLS'.
Parameters:
  instance_name: ba_2048_1_6.txt
  dataset: barabasi_albert_10ins_m20
  random_seed: 51
  n_random_solutions: 128
  max_local_iterations: 1000
  precision: 32 bits (<class 'numpy.float32'>)
  run_name: onlyLS
--------------------------------------------------
Generating 128 random solutions...
Applying local search to 128 solutions...
Results saved to: results/barabasi_albert_10ins_m20/onlyLS/ba_2048_1_6.csv
Best energy: -513230.000000
Total time: 0.1212s
Local search iterations: 78
----------------------------------------
Processing instance: ba_2048_1_7.txt
  Seed 1/10 (seed=42)
Initialized onlyLS solver (GPU local search only). Results will be saved under 'onlyLS'.
Parameters:
  instance_name: ba_2048_1_7.txt
  dataset: barabasi_albert_10ins_m20
  random_seed: 42
  n_random_solutions: 128
  max_local_iterations: 1000
  precision: 32 bits (<class 'numpy.float32'>)
  run_name: onlyLS
--------------------------------------------------
Generating 128 random solutions...
Applying local search to 128 solutions...
Results saved to: results/barabasi_albert_10ins_m20/onlyLS/ba_2048_1_7.csv
Best energy: -515355.000000
Total time: 0.1182s
Local search iterations: 68
----------------------------------------
  Seed 2/10 (seed=43)
Initialized onlyLS solver (GPU local search only). Results will be saved under 'onlyLS'.
Parameters:
  instance_name: ba_2048_1_7.txt
  dataset: barabasi_albert_10ins_m20
  random_seed: 43
  n_random_solutions: 128
  max_local_iterations: 1000
  precision: 32 bits (<class 'numpy.float32'>)
  run_name: onlyLS
--------------------------------------------------
Generating 128 random solutions...
Applying local search to 128 solutions...
Results saved to: results/barabasi_albert_10ins_m20/onlyLS/ba_2048_1_7.csv
Best energy: -516157.000000
Total time: 0.1264s
Local search iterations: 91
----------------------------------------
  Seed 3/10 (seed=44)
Initialized onlyLS solver (GPU local search only). Results will be saved under 'onlyLS'.
Parameters:
  instance_name: ba_2048_1_7.txt
  dataset: barabasi_albert_10ins_m20
  random_seed: 44
  n_random_solutions: 128
  max_local_iterations: 1000
  precision: 32 bits (<class 'numpy.float32'>)
  run_name: onlyLS
--------------------------------------------------
Generating 128 random solutions...
Applying local search to 128 solutions...
Results saved to: results/barabasi_albert_10ins_m20/onlyLS/ba_2048_1_7.csv
Best energy: -513343.000000
Total time: 0.1219s
Local search iterations: 74
----------------------------------------
  Seed 4/10 (seed=45)
Initialized onlyLS solver (GPU local search only). Results will be saved under 'onlyLS'.
Parameters:
  instance_name: ba_2048_1_7.txt
  dataset: barabasi_albert_10ins_m20
  random_seed: 45
  n_random_solutions: 128
  max_local_iterations: 1000
  precision: 32 bits (<class 'numpy.float32'>)
  run_name: onlyLS
--------------------------------------------------
Generating 128 random solutions...
Applying local search to 128 solutions...
Results saved to: results/barabasi_albert_10ins_m20/onlyLS/ba_2048_1_7.csv
Best energy: -519707.000000
Total time: 0.1196s
Local search iterations: 71
----------------------------------------
  Seed 5/10 (seed=46)
Initialized onlyLS solver (GPU local search only). Results will be saved under 'onlyLS'.
Parameters:
  instance_name: ba_2048_1_7.txt
  dataset: barabasi_albert_10ins_m20
  random_seed: 46
  n_random_solutions: 128
  max_local_iterations: 1000
  precision: 32 bits (<class 'numpy.float32'>)
  run_name: onlyLS
--------------------------------------------------
Generating 128 random solutions...
Applying local search to 128 solutions...
Results saved to: results/barabasi_albert_10ins_m20/onlyLS/ba_2048_1_7.csv
Best energy: -514707.000000
Total time: 0.1203s
Local search iterations: 76
----------------------------------------
  Seed 6/10 (seed=47)
Initialized onlyLS solver (GPU local search only). Results will be saved under 'onlyLS'.
Parameters:
  instance_name: ba_2048_1_7.txt
  dataset: barabasi_albert_10ins_m20
  random_seed: 47
  n_random_solutions: 128
  max_local_iterations: 1000
  precision: 32 bits (<class 'numpy.float32'>)
  run_name: onlyLS
--------------------------------------------------
Generating 128 random solutions...
Applying local search to 128 solutions...
Results saved to: results/barabasi_albert_10ins_m20/onlyLS/ba_2048_1_7.csv
Best energy: -517163.000000
Total time: 0.1160s
Local search iterations: 64
----------------------------------------
  Seed 7/10 (seed=48)
Initialized onlyLS solver (GPU local search only). Results will be saved under 'onlyLS'.
Parameters:
  instance_name: ba_2048_1_7.txt
  dataset: barabasi_albert_10ins_m20
  random_seed: 48
  n_random_solutions: 128
  max_local_iterations: 1000
  precision: 32 bits (<class 'numpy.float32'>)
  run_name: onlyLS
--------------------------------------------------
Generating 128 random solutions...
Applying local search to 128 solutions...
Results saved to: results/barabasi_albert_10ins_m20/onlyLS/ba_2048_1_7.csv
Best energy: -517977.000000
Total time: 0.1197s
Local search iterations: 74
----------------------------------------
  Seed 8/10 (seed=49)
Initialized onlyLS solver (GPU local search only). Results will be saved under 'onlyLS'.
Parameters:
  instance_name: ba_2048_1_7.txt
  dataset: barabasi_albert_10ins_m20
  random_seed: 49
  n_random_solutions: 128
  max_local_iterations: 1000
  precision: 32 bits (<class 'numpy.float32'>)
  run_name: onlyLS
--------------------------------------------------
Generating 128 random solutions...
Applying local search to 128 solutions...
Results saved to: results/barabasi_albert_10ins_m20/onlyLS/ba_2048_1_7.csv
Best energy: -511695.000000
Total time: 0.1207s
Local search iterations: 77
----------------------------------------
  Seed 9/10 (seed=50)
Initialized onlyLS solver (GPU local search only). Results will be saved under 'onlyLS'.
Parameters:
  instance_name: ba_2048_1_7.txt
  dataset: barabasi_albert_10ins_m20
  random_seed: 50
  n_random_solutions: 128
  max_local_iterations: 1000
  precision: 32 bits (<class 'numpy.float32'>)
  run_name: onlyLS
--------------------------------------------------
Generating 128 random solutions...
Applying local search to 128 solutions...
Results saved to: results/barabasi_albert_10ins_m20/onlyLS/ba_2048_1_7.csv
Best energy: -513647.000000
Total time: 0.1192s
Local search iterations: 73
----------------------------------------
  Seed 10/10 (seed=51)
Initialized onlyLS solver (GPU local search only). Results will be saved under 'onlyLS'.
Parameters:
  instance_name: ba_2048_1_7.txt
  dataset: barabasi_albert_10ins_m20
  random_seed: 51
  n_random_solutions: 128
  max_local_iterations: 1000
  precision: 32 bits (<class 'numpy.float32'>)
  run_name: onlyLS
--------------------------------------------------
Generating 128 random solutions...
Applying local search to 128 solutions...
Results saved to: results/barabasi_albert_10ins_m20/onlyLS/ba_2048_1_7.csv
Best energy: -516083.000000
Total time: 0.1157s
Local search iterations: 63
----------------------------------------
Processing instance: ba_2048_1_8.txt
  Seed 1/10 (seed=42)
Initialized onlyLS solver (GPU local search only). Results will be saved under 'onlyLS'.
Parameters:
  instance_name: ba_2048_1_8.txt
  dataset: barabasi_albert_10ins_m20
  random_seed: 42
  n_random_solutions: 128
  max_local_iterations: 1000
  precision: 32 bits (<class 'numpy.float32'>)
  run_name: onlyLS
--------------------------------------------------
Generating 128 random solutions...
Applying local search to 128 solutions...
Results saved to: results/barabasi_albert_10ins_m20/onlyLS/ba_2048_1_8.csv
Best energy: -520618.000000
Total time: 0.1214s
Local search iterations: 80
----------------------------------------
  Seed 2/10 (seed=43)
Initialized onlyLS solver (GPU local search only). Results will be saved under 'onlyLS'.
Parameters:
  instance_name: ba_2048_1_8.txt
  dataset: barabasi_albert_10ins_m20
  random_seed: 43
  n_random_solutions: 128
  max_local_iterations: 1000
  precision: 32 bits (<class 'numpy.float32'>)
  run_name: onlyLS
--------------------------------------------------
Generating 128 random solutions...
Applying local search to 128 solutions...
Results saved to: results/barabasi_albert_10ins_m20/onlyLS/ba_2048_1_8.csv
Best energy: -524482.000000
Total time: 0.1261s
Local search iterations: 95
----------------------------------------
  Seed 3/10 (seed=44)
Initialized onlyLS solver (GPU local search only). Results will be saved under 'onlyLS'.
Parameters:
  instance_name: ba_2048_1_8.txt
  dataset: barabasi_albert_10ins_m20
  random_seed: 44
  n_random_solutions: 128
  max_local_iterations: 1000
  precision: 32 bits (<class 'numpy.float32'>)
  run_name: onlyLS
--------------------------------------------------
Generating 128 random solutions...
Applying local search to 128 solutions...
Results saved to: results/barabasi_albert_10ins_m20/onlyLS/ba_2048_1_8.csv
Best energy: -521408.000000
Total time: 0.1156s
Local search iterations: 64
----------------------------------------
  Seed 4/10 (seed=45)
Initialized onlyLS solver (GPU local search only). Results will be saved under 'onlyLS'.
Parameters:
  instance_name: ba_2048_1_8.txt
  dataset: barabasi_albert_10ins_m20
  random_seed: 45
  n_random_solutions: 128
  max_local_iterations: 1000
  precision: 32 bits (<class 'numpy.float32'>)
  run_name: onlyLS
--------------------------------------------------
Generating 128 random solutions...
Applying local search to 128 solutions...
Results saved to: results/barabasi_albert_10ins_m20/onlyLS/ba_2048_1_8.csv
Best energy: -521350.000000
Total time: 0.1160s
Local search iterations: 66
----------------------------------------
  Seed 5/10 (seed=46)
Initialized onlyLS solver (GPU local search only). Results will be saved under 'onlyLS'.
Parameters:
  instance_name: ba_2048_1_8.txt
  dataset: barabasi_albert_10ins_m20
  random_seed: 46
  n_random_solutions: 128
  max_local_iterations: 1000
  precision: 32 bits (<class 'numpy.float32'>)
  run_name: onlyLS
--------------------------------------------------
Generating 128 random solutions...
Applying local search to 128 solutions...
Results saved to: results/barabasi_albert_10ins_m20/onlyLS/ba_2048_1_8.csv
Best energy: -518068.000000
Total time: 0.1208s
Local search iterations: 78
----------------------------------------
  Seed 6/10 (seed=47)
Initialized onlyLS solver (GPU local search only). Results will be saved under 'onlyLS'.
Parameters:
  instance_name: ba_2048_1_8.txt
  dataset: barabasi_albert_10ins_m20
  random_seed: 47
  n_random_solutions: 128
  max_local_iterations: 1000
  precision: 32 bits (<class 'numpy.float32'>)
  run_name: onlyLS
--------------------------------------------------
Generating 128 random solutions...
Applying local search to 128 solutions...
Results saved to: results/barabasi_albert_10ins_m20/onlyLS/ba_2048_1_8.csv
Best energy: -521188.000000
Total time: 0.1166s
Local search iterations: 66
----------------------------------------
  Seed 7/10 (seed=48)
Initialized onlyLS solver (GPU local search only). Results will be saved under 'onlyLS'.
Parameters:
  instance_name: ba_2048_1_8.txt
  dataset: barabasi_albert_10ins_m20
  random_seed: 48
  n_random_solutions: 128
  max_local_iterations: 1000
  precision: 32 bits (<class 'numpy.float32'>)
  run_name: onlyLS
--------------------------------------------------
Generating 128 random solutions...
Applying local search to 128 solutions...
Results saved to: results/barabasi_albert_10ins_m20/onlyLS/ba_2048_1_8.csv
Best energy: -517008.000000
Total time: 0.1167s
Local search iterations: 67
----------------------------------------
  Seed 8/10 (seed=49)
Initialized onlyLS solver (GPU local search only). Results will be saved under 'onlyLS'.
Parameters:
  instance_name: ba_2048_1_8.txt
  dataset: barabasi_albert_10ins_m20
  random_seed: 49
  n_random_solutions: 128
  max_local_iterations: 1000
  precision: 32 bits (<class 'numpy.float32'>)
  run_name: onlyLS
--------------------------------------------------
Generating 128 random solutions...
Applying local search to 128 solutions...
Results saved to: results/barabasi_albert_10ins_m20/onlyLS/ba_2048_1_8.csv
Best energy: -519502.000000
Total time: 0.1188s
Local search iterations: 73
----------------------------------------
  Seed 9/10 (seed=50)
Initialized onlyLS solver (GPU local search only). Results will be saved under 'onlyLS'.
Parameters:
  instance_name: ba_2048_1_8.txt
  dataset: barabasi_albert_10ins_m20
  random_seed: 50
  n_random_solutions: 128
  max_local_iterations: 1000
  precision: 32 bits (<class 'numpy.float32'>)
  run_name: onlyLS
--------------------------------------------------
Generating 128 random solutions...
Applying local search to 128 solutions...
Results saved to: results/barabasi_albert_10ins_m20/onlyLS/ba_2048_1_8.csv
Best energy: -521222.000000
Total time: 0.1235s
Local search iterations: 86
----------------------------------------
  Seed 10/10 (seed=51)
Initialized onlyLS solver (GPU local search only). Results will be saved under 'onlyLS'.
Parameters:
  instance_name: ba_2048_1_8.txt
  dataset: barabasi_albert_10ins_m20
  random_seed: 51
  n_random_solutions: 128
  max_local_iterations: 1000
  precision: 32 bits (<class 'numpy.float32'>)
  run_name: onlyLS
--------------------------------------------------
Generating 128 random solutions...
Applying local search to 128 solutions...
Results saved to: results/barabasi_albert_10ins_m20/onlyLS/ba_2048_1_8.csv
Best energy: -516536.000000
Total time: 0.1229s
Local search iterations: 84
----------------------------------------
Processing instance: ba_2048_1_9.txt
  Seed 1/10 (seed=42)
Initialized onlyLS solver (GPU local search only). Results will be saved under 'onlyLS'.
Parameters:
  instance_name: ba_2048_1_9.txt
  dataset: barabasi_albert_10ins_m20
  random_seed: 42
  n_random_solutions: 128
  max_local_iterations: 1000
  precision: 32 bits (<class 'numpy.float32'>)
  run_name: onlyLS
--------------------------------------------------
Generating 128 random solutions...
Applying local search to 128 solutions...
Results saved to: results/barabasi_albert_10ins_m20/onlyLS/ba_2048_1_9.csv
Best energy: -512015.000000
Total time: 0.1171s
Local search iterations: 66
----------------------------------------
  Seed 2/10 (seed=43)
Initialized onlyLS solver (GPU local search only). Results will be saved under 'onlyLS'.
Parameters:
  instance_name: ba_2048_1_9.txt
  dataset: barabasi_albert_10ins_m20
  random_seed: 43
  n_random_solutions: 128
  max_local_iterations: 1000
  precision: 32 bits (<class 'numpy.float32'>)
  run_name: onlyLS
--------------------------------------------------
Generating 128 random solutions...
Applying local search to 128 solutions...
Results saved to: results/barabasi_albert_10ins_m20/onlyLS/ba_2048_1_9.csv
Best energy: -513693.000000
Total time: 0.1230s
Local search iterations: 84
----------------------------------------
  Seed 3/10 (seed=44)
Initialized onlyLS solver (GPU local search only). Results will be saved under 'onlyLS'.
Parameters:
  instance_name: ba_2048_1_9.txt
  dataset: barabasi_albert_10ins_m20
  random_seed: 44
  n_random_solutions: 128
  max_local_iterations: 1000
  precision: 32 bits (<class 'numpy.float32'>)
  run_name: onlyLS
--------------------------------------------------
Generating 128 random solutions...
Applying local search to 128 solutions...
Results saved to: results/barabasi_albert_10ins_m20/onlyLS/ba_2048_1_9.csv
Best energy: -517849.000000
Total time: 0.1242s
Local search iterations: 90
----------------------------------------
  Seed 4/10 (seed=45)
Initialized onlyLS solver (GPU local search only). Results will be saved under 'onlyLS'.
Parameters:
  instance_name: ba_2048_1_9.txt
  dataset: barabasi_albert_10ins_m20
  random_seed: 45
  n_random_solutions: 128
  max_local_iterations: 1000
  precision: 32 bits (<class 'numpy.float32'>)
  run_name: onlyLS
--------------------------------------------------
Generating 128 random solutions...
Applying local search to 128 solutions...
Results saved to: results/barabasi_albert_10ins_m20/onlyLS/ba_2048_1_9.csv
Best energy: -512075.000000
Total time: 0.1174s
Local search iterations: 69
----------------------------------------
  Seed 5/10 (seed=46)
Initialized onlyLS solver (GPU local search only). Results will be saved under 'onlyLS'.
Parameters:
  instance_name: ba_2048_1_9.txt
  dataset: barabasi_albert_10ins_m20
  random_seed: 46
  n_random_solutions: 128
  max_local_iterations: 1000
  precision: 32 bits (<class 'numpy.float32'>)
  run_name: onlyLS
--------------------------------------------------
Generating 128 random solutions...
Applying local search to 128 solutions...
Results saved to: results/barabasi_albert_10ins_m20/onlyLS/ba_2048_1_9.csv
Best energy: -512153.000000
Total time: 0.1166s
Local search iterations: 68
----------------------------------------
  Seed 6/10 (seed=47)
Initialized onlyLS solver (GPU local search only). Results will be saved under 'onlyLS'.
Parameters:
  instance_name: ba_2048_1_9.txt
  dataset: barabasi_albert_10ins_m20
  random_seed: 47
  n_random_solutions: 128
  max_local_iterations: 1000
  precision: 32 bits (<class 'numpy.float32'>)
  run_name: onlyLS
--------------------------------------------------
Generating 128 random solutions...
Applying local search to 128 solutions...
Results saved to: results/barabasi_albert_10ins_m20/onlyLS/ba_2048_1_9.csv
Best energy: -517041.000000
Total time: 0.1266s
Local search iterations: 95
----------------------------------------
  Seed 7/10 (seed=48)
Initialized onlyLS solver (GPU local search only). Results will be saved under 'onlyLS'.
Parameters:
  instance_name: ba_2048_1_9.txt
  dataset: barabasi_albert_10ins_m20
  random_seed: 48
  n_random_solutions: 128
  max_local_iterations: 1000
  precision: 32 bits (<class 'numpy.float32'>)
  run_name: onlyLS
--------------------------------------------------
Generating 128 random solutions...
Applying local search to 128 solutions...
Results saved to: results/barabasi_albert_10ins_m20/onlyLS/ba_2048_1_9.csv
Best energy: -512939.000000
Total time: 0.1173s
Local search iterations: 70
----------------------------------------
  Seed 8/10 (seed=49)
Initialized onlyLS solver (GPU local search only). Results will be saved under 'onlyLS'.
Parameters:
  instance_name: ba_2048_1_9.txt
  dataset: barabasi_albert_10ins_m20
  random_seed: 49
  n_random_solutions: 128
  max_local_iterations: 1000
  precision: 32 bits (<class 'numpy.float32'>)
  run_name: onlyLS
--------------------------------------------------
Generating 128 random solutions...
Applying local search to 128 solutions...
Results saved to: results/barabasi_albert_10ins_m20/onlyLS/ba_2048_1_9.csv
Best energy: -516261.000000
Total time: 0.1223s
Local search iterations: 83
----------------------------------------
  Seed 9/10 (seed=50)
Initialized onlyLS solver (GPU local search only). Results will be saved under 'onlyLS'.
Parameters:
  instance_name: ba_2048_1_9.txt
  dataset: barabasi_albert_10ins_m20
  random_seed: 50
  n_random_solutions: 128
  max_local_iterations: 1000
  precision: 32 bits (<class 'numpy.float32'>)
  run_name: onlyLS
--------------------------------------------------
Generating 128 random solutions...
Applying local search to 128 solutions...
Results saved to: results/barabasi_albert_10ins_m20/onlyLS/ba_2048_1_9.csv
Best energy: -512329.000000
Total time: 0.1210s
Local search iterations: 64
----------------------------------------
  Seed 10/10 (seed=51)
Initialized onlyLS solver (GPU local search only). Results will be saved under 'onlyLS'.
Parameters:
  instance_name: ba_2048_1_9.txt
  dataset: barabasi_albert_10ins_m20
  random_seed: 51
  n_random_solutions: 128
  max_local_iterations: 1000
  precision: 32 bits (<class 'numpy.float32'>)
  run_name: onlyLS
--------------------------------------------------
Generating 128 random solutions...
Applying local search to 128 solutions...
Results saved to: results/barabasi_albert_10ins_m20/onlyLS/ba_2048_1_9.csv
Best energy: -518647.000000
Total time: 0.1189s
Local search iterations: 74
----------------------------------------
Processing instance: ba_256_1_0.txt
  Seed 1/10 (seed=42)
Initialized onlyLS solver (GPU local search only). Results will be saved under 'onlyLS'.
Parameters:
  instance_name: ba_256_1_0.txt
  dataset: barabasi_albert_10ins_m20
  random_seed: 42
  n_random_solutions: 128
  max_local_iterations: 1000
  precision: 32 bits (<class 'numpy.float32'>)
  run_name: onlyLS
--------------------------------------------------
Generating 128 random solutions...
Applying local search to 128 solutions...
Results saved to: results/barabasi_albert_10ins_m20/onlyLS/ba_256_1_0.csv
Best energy: -65546.000000
Total time: 0.1248s
Local search iterations: 115
----------------------------------------
  Seed 2/10 (seed=43)
Initialized onlyLS solver (GPU local search only). Results will be saved under 'onlyLS'.
Parameters:
  instance_name: ba_256_1_0.txt
  dataset: barabasi_albert_10ins_m20
  random_seed: 43
  n_random_solutions: 128
  max_local_iterations: 1000
  precision: 32 bits (<class 'numpy.float32'>)
  run_name: onlyLS
--------------------------------------------------
Generating 128 random solutions...
Applying local search to 128 solutions...
Results saved to: results/barabasi_albert_10ins_m20/onlyLS/ba_256_1_0.csv
Best energy: -65694.000000
Total time: 0.1234s
Local search iterations: 128
----------------------------------------
  Seed 3/10 (seed=44)
Initialized onlyLS solver (GPU local search only). Results will be saved under 'onlyLS'.
Parameters:
  instance_name: ba_256_1_0.txt
  dataset: barabasi_albert_10ins_m20
  random_seed: 44
  n_random_solutions: 128
  max_local_iterations: 1000
  precision: 32 bits (<class 'numpy.float32'>)
  run_name: onlyLS
--------------------------------------------------
Generating 128 random solutions...
Applying local search to 128 solutions...
Results saved to: results/barabasi_albert_10ins_m20/onlyLS/ba_256_1_0.csv
Best energy: -65594.000000
Total time: 0.1098s
Local search iterations: 82
----------------------------------------
  Seed 4/10 (seed=45)
Initialized onlyLS solver (GPU local search only). Results will be saved under 'onlyLS'.
Parameters:
  instance_name: ba_256_1_0.txt
  dataset: barabasi_albert_10ins_m20
  random_seed: 45
  n_random_solutions: 128
  max_local_iterations: 1000
  precision: 32 bits (<class 'numpy.float32'>)
  run_name: onlyLS
--------------------------------------------------
Generating 128 random solutions...
Applying local search to 128 solutions...
Results saved to: results/barabasi_albert_10ins_m20/onlyLS/ba_256_1_0.csv
Best energy: -64778.000000
Total time: 0.1127s
Local search iterations: 90
----------------------------------------
  Seed 5/10 (seed=46)
Initialized onlyLS solver (GPU local search only). Results will be saved under 'onlyLS'.
Parameters:
  instance_name: ba_256_1_0.txt
  dataset: barabasi_albert_10ins_m20
  random_seed: 46
  n_random_solutions: 128
  max_local_iterations: 1000
  precision: 32 bits (<class 'numpy.float32'>)
  run_name: onlyLS
--------------------------------------------------
Generating 128 random solutions...
Applying local search to 128 solutions...
Results saved to: results/barabasi_albert_10ins_m20/onlyLS/ba_256_1_0.csv
Best energy: -66104.000000
Total time: 0.1104s
Local search iterations: 86
----------------------------------------
  Seed 6/10 (seed=47)
Initialized onlyLS solver (GPU local search only). Results will be saved under 'onlyLS'.
Parameters:
  instance_name: ba_256_1_0.txt
  dataset: barabasi_albert_10ins_m20
  random_seed: 47
  n_random_solutions: 128
  max_local_iterations: 1000
  precision: 32 bits (<class 'numpy.float32'>)
  run_name: onlyLS
--------------------------------------------------
Generating 128 random solutions...
Applying local search to 128 solutions...
Results saved to: results/barabasi_albert_10ins_m20/onlyLS/ba_256_1_0.csv
Best energy: -66048.000000
Total time: 0.1120s
Local search iterations: 89
----------------------------------------
  Seed 7/10 (seed=48)
Initialized onlyLS solver (GPU local search only). Results will be saved under 'onlyLS'.
Parameters:
  instance_name: ba_256_1_0.txt
  dataset: barabasi_albert_10ins_m20
  random_seed: 48
  n_random_solutions: 128
  max_local_iterations: 1000
  precision: 32 bits (<class 'numpy.float32'>)
  run_name: onlyLS
--------------------------------------------------
Generating 128 random solutions...
Applying local search to 128 solutions...
Results saved to: results/barabasi_albert_10ins_m20/onlyLS/ba_256_1_0.csv
Best energy: -65844.000000
Total time: 0.1143s
Local search iterations: 97
----------------------------------------
  Seed 8/10 (seed=49)
Initialized onlyLS solver (GPU local search only). Results will be saved under 'onlyLS'.
Parameters:
  instance_name: ba_256_1_0.txt
  dataset: barabasi_albert_10ins_m20
  random_seed: 49
  n_random_solutions: 128
  max_local_iterations: 1000
  precision: 32 bits (<class 'numpy.float32'>)
  run_name: onlyLS
--------------------------------------------------
Generating 128 random solutions...
Applying local search to 128 solutions...
Results saved to: results/barabasi_albert_10ins_m20/onlyLS/ba_256_1_0.csv
Best energy: -65602.000000
Total time: 0.1121s
Local search iterations: 89
----------------------------------------
  Seed 9/10 (seed=50)
Initialized onlyLS solver (GPU local search only). Results will be saved under 'onlyLS'.
Parameters:
  instance_name: ba_256_1_0.txt
  dataset: barabasi_albert_10ins_m20
  random_seed: 50
  n_random_solutions: 128
  max_local_iterations: 1000
  precision: 32 bits (<class 'numpy.float32'>)
  run_name: onlyLS
--------------------------------------------------
Generating 128 random solutions...
Applying local search to 128 solutions...
Results saved to: results/barabasi_albert_10ins_m20/onlyLS/ba_256_1_0.csv
Best energy: -65394.000000
Total time: 0.1184s
Local search iterations: 112
----------------------------------------
  Seed 10/10 (seed=51)
Initialized onlyLS solver (GPU local search only). Results will be saved under 'onlyLS'.
Parameters:
  instance_name: ba_256_1_0.txt
  dataset: barabasi_albert_10ins_m20
  random_seed: 51
  n_random_solutions: 128
  max_local_iterations: 1000
  precision: 32 bits (<class 'numpy.float32'>)
  run_name: onlyLS
--------------------------------------------------
Generating 128 random solutions...
Applying local search to 128 solutions...
Results saved to: results/barabasi_albert_10ins_m20/onlyLS/ba_256_1_0.csv
Best energy: -65984.000000
Total time: 0.1162s
Local search iterations: 104
----------------------------------------
Processing instance: ba_256_1_1.txt
  Seed 1/10 (seed=42)
Initialized onlyLS solver (GPU local search only). Results will be saved under 'onlyLS'.
Parameters:
  instance_name: ba_256_1_1.txt
  dataset: barabasi_albert_10ins_m20
  random_seed: 42
  n_random_solutions: 128
  max_local_iterations: 1000
  precision: 32 bits (<class 'numpy.float32'>)
  run_name: onlyLS
--------------------------------------------------
Generating 128 random solutions...
Applying local search to 128 solutions...
Results saved to: results/barabasi_albert_10ins_m20/onlyLS/ba_256_1_1.csv
Best energy: -67260.000000
Total time: 0.1120s
Local search iterations: 92
----------------------------------------
  Seed 2/10 (seed=43)
Initialized onlyLS solver (GPU local search only). Results will be saved under 'onlyLS'.
Parameters:
  instance_name: ba_256_1_1.txt
  dataset: barabasi_albert_10ins_m20
  random_seed: 43
  n_random_solutions: 128
  max_local_iterations: 1000
  precision: 32 bits (<class 'numpy.float32'>)
  run_name: onlyLS
--------------------------------------------------
Generating 128 random solutions...
Applying local search to 128 solutions...
Results saved to: results/barabasi_albert_10ins_m20/onlyLS/ba_256_1_1.csv
Best energy: -66398.000000
Total time: 0.1225s
Local search iterations: 127
----------------------------------------
  Seed 3/10 (seed=44)
Initialized onlyLS solver (GPU local search only). Results will be saved under 'onlyLS'.
Parameters:
  instance_name: ba_256_1_1.txt
  dataset: barabasi_albert_10ins_m20
  random_seed: 44
  n_random_solutions: 128
  max_local_iterations: 1000
  precision: 32 bits (<class 'numpy.float32'>)
  run_name: onlyLS
--------------------------------------------------
Generating 128 random solutions...
Applying local search to 128 solutions...
Results saved to: results/barabasi_albert_10ins_m20/onlyLS/ba_256_1_1.csv
Best energy: -66584.000000
Total time: 0.1101s
Local search iterations: 84
----------------------------------------
  Seed 4/10 (seed=45)
Initialized onlyLS solver (GPU local search only). Results will be saved under 'onlyLS'.
Parameters:
  instance_name: ba_256_1_1.txt
  dataset: barabasi_albert_10ins_m20
  random_seed: 45
  n_random_solutions: 128
  max_local_iterations: 1000
  precision: 32 bits (<class 'numpy.float32'>)
  run_name: onlyLS
--------------------------------------------------
Generating 128 random solutions...
Applying local search to 128 solutions...
Results saved to: results/barabasi_albert_10ins_m20/onlyLS/ba_256_1_1.csv
Best energy: -66924.000000
Total time: 0.1052s
Local search iterations: 67
----------------------------------------
  Seed 5/10 (seed=46)
Initialized onlyLS solver (GPU local search only). Results will be saved under 'onlyLS'.
Parameters:
  instance_name: ba_256_1_1.txt
  dataset: barabasi_albert_10ins_m20
  random_seed: 46
  n_random_solutions: 128
  max_local_iterations: 1000
  precision: 32 bits (<class 'numpy.float32'>)
  run_name: onlyLS
--------------------------------------------------
Generating 128 random solutions...
Applying local search to 128 solutions...
Results saved to: results/barabasi_albert_10ins_m20/onlyLS/ba_256_1_1.csv
Best energy: -65830.000000
Total time: 0.1093s
Local search iterations: 80
----------------------------------------
  Seed 6/10 (seed=47)
Initialized onlyLS solver (GPU local search only). Results will be saved under 'onlyLS'.
Parameters:
  instance_name: ba_256_1_1.txt
  dataset: barabasi_albert_10ins_m20
  random_seed: 47
  n_random_solutions: 128
  max_local_iterations: 1000
  precision: 32 bits (<class 'numpy.float32'>)
  run_name: onlyLS
--------------------------------------------------
Generating 128 random solutions...
Applying local search to 128 solutions...
Results saved to: results/barabasi_albert_10ins_m20/onlyLS/ba_256_1_1.csv
Best energy: -66952.000000
Total time: 0.1136s
Local search iterations: 95
----------------------------------------
  Seed 7/10 (seed=48)
Initialized onlyLS solver (GPU local search only). Results will be saved under 'onlyLS'.
Parameters:
  instance_name: ba_256_1_1.txt
  dataset: barabasi_albert_10ins_m20
  random_seed: 48
  n_random_solutions: 128
  max_local_iterations: 1000
  precision: 32 bits (<class 'numpy.float32'>)
  run_name: onlyLS
--------------------------------------------------
Generating 128 random solutions...
Applying local search to 128 solutions...
Results saved to: results/barabasi_albert_10ins_m20/onlyLS/ba_256_1_1.csv
Best energy: -66522.000000
Total time: 0.1050s
Local search iterations: 67
----------------------------------------
  Seed 8/10 (seed=49)
Initialized onlyLS solver (GPU local search only). Results will be saved under 'onlyLS'.
Parameters:
  instance_name: ba_256_1_1.txt
  dataset: barabasi_albert_10ins_m20
  random_seed: 49
  n_random_solutions: 128
  max_local_iterations: 1000
  precision: 32 bits (<class 'numpy.float32'>)
  run_name: onlyLS
--------------------------------------------------
Generating 128 random solutions...
Applying local search to 128 solutions...
Results saved to: results/barabasi_albert_10ins_m20/onlyLS/ba_256_1_1.csv
Best energy: -67242.000000
Total time: 0.1124s
Local search iterations: 92
----------------------------------------
  Seed 9/10 (seed=50)
Initialized onlyLS solver (GPU local search only). Results will be saved under 'onlyLS'.
Parameters:
  instance_name: ba_256_1_1.txt
  dataset: barabasi_albert_10ins_m20
  random_seed: 50
  n_random_solutions: 128
  max_local_iterations: 1000
  precision: 32 bits (<class 'numpy.float32'>)
  run_name: onlyLS
--------------------------------------------------
Generating 128 random solutions...
Applying local search to 128 solutions...
Results saved to: results/barabasi_albert_10ins_m20/onlyLS/ba_256_1_1.csv
Best energy: -66900.000000
Total time: 0.1098s
Local search iterations: 83
----------------------------------------
  Seed 10/10 (seed=51)
Initialized onlyLS solver (GPU local search only). Results will be saved under 'onlyLS'.
Parameters:
  instance_name: ba_256_1_1.txt
  dataset: barabasi_albert_10ins_m20
  random_seed: 51
  n_random_solutions: 128
  max_local_iterations: 1000
  precision: 32 bits (<class 'numpy.float32'>)
  run_name: onlyLS
--------------------------------------------------
Generating 128 random solutions...
Applying local search to 128 solutions...
Results saved to: results/barabasi_albert_10ins_m20/onlyLS/ba_256_1_1.csv
Best energy: -66840.000000
Total time: 0.1116s
Local search iterations: 83
----------------------------------------
Processing instance: ba_256_1_2.txt
  Seed 1/10 (seed=42)
Initialized onlyLS solver (GPU local search only). Results will be saved under 'onlyLS'.
Parameters:
  instance_name: ba_256_1_2.txt
  dataset: barabasi_albert_10ins_m20
  random_seed: 42
  n_random_solutions: 128
  max_local_iterations: 1000
  precision: 32 bits (<class 'numpy.float32'>)
  run_name: onlyLS
--------------------------------------------------
Generating 128 random solutions...
Applying local search to 128 solutions...
Results saved to: results/barabasi_albert_10ins_m20/onlyLS/ba_256_1_2.csv
Best energy: -65229.000000
Total time: 0.1214s
Local search iterations: 122
----------------------------------------
  Seed 2/10 (seed=43)
Initialized onlyLS solver (GPU local search only). Results will be saved under 'onlyLS'.
Parameters:
  instance_name: ba_256_1_2.txt
  dataset: barabasi_albert_10ins_m20
  random_seed: 43
  n_random_solutions: 128
  max_local_iterations: 1000
  precision: 32 bits (<class 'numpy.float32'>)
  run_name: onlyLS
--------------------------------------------------
Generating 128 random solutions...
Applying local search to 128 solutions...
Results saved to: results/barabasi_albert_10ins_m20/onlyLS/ba_256_1_2.csv
Best energy: -64321.000000
Total time: 0.1138s
Local search iterations: 97
----------------------------------------
  Seed 3/10 (seed=44)
Initialized onlyLS solver (GPU local search only). Results will be saved under 'onlyLS'.
Parameters:
  instance_name: ba_256_1_2.txt
  dataset: barabasi_albert_10ins_m20
  random_seed: 44
  n_random_solutions: 128
  max_local_iterations: 1000
  precision: 32 bits (<class 'numpy.float32'>)
  run_name: onlyLS
--------------------------------------------------
Generating 128 random solutions...
Applying local search to 128 solutions...
Results saved to: results/barabasi_albert_10ins_m20/onlyLS/ba_256_1_2.csv
Best energy: -65437.000000
Total time: 0.1103s
Local search iterations: 86
----------------------------------------
  Seed 4/10 (seed=45)
Initialized onlyLS solver (GPU local search only). Results will be saved under 'onlyLS'.
Parameters:
  instance_name: ba_256_1_2.txt
  dataset: barabasi_albert_10ins_m20
  random_seed: 45
  n_random_solutions: 128
  max_local_iterations: 1000
  precision: 32 bits (<class 'numpy.float32'>)
  run_name: onlyLS
--------------------------------------------------
Generating 128 random solutions...
Applying local search to 128 solutions...
Results saved to: results/barabasi_albert_10ins_m20/onlyLS/ba_256_1_2.csv
Best energy: -64835.000000
Total time: 0.1154s
Local search iterations: 102
----------------------------------------
  Seed 5/10 (seed=46)
Initialized onlyLS solver (GPU local search only). Results will be saved under 'onlyLS'.
Parameters:
  instance_name: ba_256_1_2.txt
  dataset: barabasi_albert_10ins_m20
  random_seed: 46
  n_random_solutions: 128
  max_local_iterations: 1000
  precision: 32 bits (<class 'numpy.float32'>)
  run_name: onlyLS
--------------------------------------------------
Generating 128 random solutions...
Applying local search to 128 solutions...
Results saved to: results/barabasi_albert_10ins_m20/onlyLS/ba_256_1_2.csv
Best energy: -65415.000000
Total time: 0.1091s
Local search iterations: 81
----------------------------------------
  Seed 6/10 (seed=47)
Initialized onlyLS solver (GPU local search only). Results will be saved under 'onlyLS'.
Parameters:
  instance_name: ba_256_1_2.txt
  dataset: barabasi_albert_10ins_m20
  random_seed: 47
  n_random_solutions: 128
  max_local_iterations: 1000
  precision: 32 bits (<class 'numpy.float32'>)
  run_name: onlyLS
--------------------------------------------------
Generating 128 random solutions...
Applying local search to 128 solutions...
Results saved to: results/barabasi_albert_10ins_m20/onlyLS/ba_256_1_2.csv
Best energy: -64835.000000
Total time: 0.1132s
Local search iterations: 94
----------------------------------------
  Seed 7/10 (seed=48)
Initialized onlyLS solver (GPU local search only). Results will be saved under 'onlyLS'.
Parameters:
  instance_name: ba_256_1_2.txt
  dataset: barabasi_albert_10ins_m20
  random_seed: 48
  n_random_solutions: 128
  max_local_iterations: 1000
  precision: 32 bits (<class 'numpy.float32'>)
  run_name: onlyLS
--------------------------------------------------
Generating 128 random solutions...
Applying local search to 128 solutions...
Results saved to: results/barabasi_albert_10ins_m20/onlyLS/ba_256_1_2.csv
Best energy: -64271.000000
Total time: 0.1160s
Local search iterations: 104
----------------------------------------
  Seed 8/10 (seed=49)
Initialized onlyLS solver (GPU local search only). Results will be saved under 'onlyLS'.
Parameters:
  instance_name: ba_256_1_2.txt
  dataset: barabasi_albert_10ins_m20
  random_seed: 49
  n_random_solutions: 128
  max_local_iterations: 1000
  precision: 32 bits (<class 'numpy.float32'>)
  run_name: onlyLS
--------------------------------------------------
Generating 128 random solutions...
Applying local search to 128 solutions...
Results saved to: results/barabasi_albert_10ins_m20/onlyLS/ba_256_1_2.csv
Best energy: -64221.000000
Total time: 0.1077s
Local search iterations: 77
----------------------------------------
  Seed 9/10 (seed=50)
Initialized onlyLS solver (GPU local search only). Results will be saved under 'onlyLS'.
Parameters:
  instance_name: ba_256_1_2.txt
  dataset: barabasi_albert_10ins_m20
  random_seed: 50
  n_random_solutions: 128
  max_local_iterations: 1000
  precision: 32 bits (<class 'numpy.float32'>)
  run_name: onlyLS
--------------------------------------------------
Generating 128 random solutions...
Applying local search to 128 solutions...
Results saved to: results/barabasi_albert_10ins_m20/onlyLS/ba_256_1_2.csv
Best energy: -64673.000000
Total time: 0.1104s
Local search iterations: 86
----------------------------------------
  Seed 10/10 (seed=51)
Initialized onlyLS solver (GPU local search only). Results will be saved under 'onlyLS'.
Parameters:
  instance_name: ba_256_1_2.txt
  dataset: barabasi_albert_10ins_m20
  random_seed: 51
  n_random_solutions: 128
  max_local_iterations: 1000
  precision: 32 bits (<class 'numpy.float32'>)
  run_name: onlyLS
--------------------------------------------------
Generating 128 random solutions...
Applying local search to 128 solutions...
Results saved to: results/barabasi_albert_10ins_m20/onlyLS/ba_256_1_2.csv
Best energy: -64725.000000
Total time: 0.1160s
Local search iterations: 104
----------------------------------------
Processing instance: ba_256_1_3.txt
  Seed 1/10 (seed=42)
Initialized onlyLS solver (GPU local search only). Results will be saved under 'onlyLS'.
Parameters:
  instance_name: ba_256_1_3.txt
  dataset: barabasi_albert_10ins_m20
  random_seed: 42
  n_random_solutions: 128
  max_local_iterations: 1000
  precision: 32 bits (<class 'numpy.float32'>)
  run_name: onlyLS
--------------------------------------------------
Generating 128 random solutions...
Applying local search to 128 solutions...
Results saved to: results/barabasi_albert_10ins_m20/onlyLS/ba_256_1_3.csv
Best energy: -67439.000000
Total time: 0.1106s
Local search iterations: 84
----------------------------------------
  Seed 2/10 (seed=43)
Initialized onlyLS solver (GPU local search only). Results will be saved under 'onlyLS'.
Parameters:
  instance_name: ba_256_1_3.txt
  dataset: barabasi_albert_10ins_m20
  random_seed: 43
  n_random_solutions: 128
  max_local_iterations: 1000
  precision: 32 bits (<class 'numpy.float32'>)
  run_name: onlyLS
--------------------------------------------------
Generating 128 random solutions...
Applying local search to 128 solutions...
Results saved to: results/barabasi_albert_10ins_m20/onlyLS/ba_256_1_3.csv
Best energy: -66397.000000
Total time: 0.1263s
Local search iterations: 135
----------------------------------------
  Seed 3/10 (seed=44)
Initialized onlyLS solver (GPU local search only). Results will be saved under 'onlyLS'.
Parameters:
  instance_name: ba_256_1_3.txt
  dataset: barabasi_albert_10ins_m20
  random_seed: 44
  n_random_solutions: 128
  max_local_iterations: 1000
  precision: 32 bits (<class 'numpy.float32'>)
  run_name: onlyLS
--------------------------------------------------
Generating 128 random solutions...
Applying local search to 128 solutions...
Results saved to: results/barabasi_albert_10ins_m20/onlyLS/ba_256_1_3.csv
Best energy: -66243.000000
Total time: 0.1127s
Local search iterations: 92
----------------------------------------
  Seed 4/10 (seed=45)
Initialized onlyLS solver (GPU local search only). Results will be saved under 'onlyLS'.
Parameters:
  instance_name: ba_256_1_3.txt
  dataset: barabasi_albert_10ins_m20
  random_seed: 45
  n_random_solutions: 128
  max_local_iterations: 1000
  precision: 32 bits (<class 'numpy.float32'>)
  run_name: onlyLS
--------------------------------------------------
Generating 128 random solutions...
Applying local search to 128 solutions...
Results saved to: results/barabasi_albert_10ins_m20/onlyLS/ba_256_1_3.csv
Best energy: -66871.000000
Total time: 0.1118s
Local search iterations: 83
----------------------------------------
  Seed 5/10 (seed=46)
Initialized onlyLS solver (GPU local search only). Results will be saved under 'onlyLS'.
Parameters:
  instance_name: ba_256_1_3.txt
  dataset: barabasi_albert_10ins_m20
  random_seed: 46
  n_random_solutions: 128
  max_local_iterations: 1000
  precision: 32 bits (<class 'numpy.float32'>)
  run_name: onlyLS
--------------------------------------------------
Generating 128 random solutions...
Applying local search to 128 solutions...
Results saved to: results/barabasi_albert_10ins_m20/onlyLS/ba_256_1_3.csv
Best energy: -66579.000000
Total time: 0.1165s
Local search iterations: 99
----------------------------------------
  Seed 6/10 (seed=47)
Initialized onlyLS solver (GPU local search only). Results will be saved under 'onlyLS'.
Parameters:
  instance_name: ba_256_1_3.txt
  dataset: barabasi_albert_10ins_m20
  random_seed: 47
  n_random_solutions: 128
  max_local_iterations: 1000
  precision: 32 bits (<class 'numpy.float32'>)
  run_name: onlyLS
--------------------------------------------------
Generating 128 random solutions...
Applying local search to 128 solutions...
Results saved to: results/barabasi_albert_10ins_m20/onlyLS/ba_256_1_3.csv
Best energy: -66223.000000
Total time: 0.1202s
Local search iterations: 110
----------------------------------------
  Seed 7/10 (seed=48)
Initialized onlyLS solver (GPU local search only). Results will be saved under 'onlyLS'.
Parameters:
  instance_name: ba_256_1_3.txt
  dataset: barabasi_albert_10ins_m20
  random_seed: 48
  n_random_solutions: 128
  max_local_iterations: 1000
  precision: 32 bits (<class 'numpy.float32'>)
  run_name: onlyLS
--------------------------------------------------
Generating 128 random solutions...
Applying local search to 128 solutions...
Results saved to: results/barabasi_albert_10ins_m20/onlyLS/ba_256_1_3.csv
Best energy: -66587.000000
Total time: 0.1282s
Local search iterations: 142
----------------------------------------
  Seed 8/10 (seed=49)
Initialized onlyLS solver (GPU local search only). Results will be saved under 'onlyLS'.
Parameters:
  instance_name: ba_256_1_3.txt
  dataset: barabasi_albert_10ins_m20
  random_seed: 49
  n_random_solutions: 128
  max_local_iterations: 1000
  precision: 32 bits (<class 'numpy.float32'>)
  run_name: onlyLS
--------------------------------------------------
Generating 128 random solutions...
Applying local search to 128 solutions...
Results saved to: results/barabasi_albert_10ins_m20/onlyLS/ba_256_1_3.csv
Best energy: -66923.000000
Total time: 0.1103s
Local search iterations: 82
----------------------------------------
  Seed 9/10 (seed=50)
Initialized onlyLS solver (GPU local search only). Results will be saved under 'onlyLS'.
Parameters:
  instance_name: ba_256_1_3.txt
  dataset: barabasi_albert_10ins_m20
  random_seed: 50
  n_random_solutions: 128
  max_local_iterations: 1000
  precision: 32 bits (<class 'numpy.float32'>)
  run_name: onlyLS
--------------------------------------------------
Generating 128 random solutions...
Applying local search to 128 solutions...
Results saved to: results/barabasi_albert_10ins_m20/onlyLS/ba_256_1_3.csv
Best energy: -66243.000000
Total time: 0.1191s
Local search iterations: 112
----------------------------------------
  Seed 10/10 (seed=51)
Initialized onlyLS solver (GPU local search only). Results will be saved under 'onlyLS'.
Parameters:
  instance_name: ba_256_1_3.txt
  dataset: barabasi_albert_10ins_m20
  random_seed: 51
  n_random_solutions: 128
  max_local_iterations: 1000
  precision: 32 bits (<class 'numpy.float32'>)
  run_name: onlyLS
--------------------------------------------------
Generating 128 random solutions...
Applying local search to 128 solutions...
Results saved to: results/barabasi_albert_10ins_m20/onlyLS/ba_256_1_3.csv
Best energy: -66741.000000
Total time: 0.1070s
Local search iterations: 71
----------------------------------------
Processing instance: ba_256_1_4.txt
  Seed 1/10 (seed=42)
Initialized onlyLS solver (GPU local search only). Results will be saved under 'onlyLS'.
Parameters:
  instance_name: ba_256_1_4.txt
  dataset: barabasi_albert_10ins_m20
  random_seed: 42
  n_random_solutions: 128
  max_local_iterations: 1000
  precision: 32 bits (<class 'numpy.float32'>)
  run_name: onlyLS
--------------------------------------------------
Generating 128 random solutions...
Applying local search to 128 solutions...
Results saved to: results/barabasi_albert_10ins_m20/onlyLS/ba_256_1_4.csv
Best energy: -65809.000000
Total time: 0.1154s
Local search iterations: 103
----------------------------------------
  Seed 2/10 (seed=43)
Initialized onlyLS solver (GPU local search only). Results will be saved under 'onlyLS'.
Parameters:
  instance_name: ba_256_1_4.txt
  dataset: barabasi_albert_10ins_m20
  random_seed: 43
  n_random_solutions: 128
  max_local_iterations: 1000
  precision: 32 bits (<class 'numpy.float32'>)
  run_name: onlyLS
--------------------------------------------------
Generating 128 random solutions...
Applying local search to 128 solutions...
Results saved to: results/barabasi_albert_10ins_m20/onlyLS/ba_256_1_4.csv
Best energy: -65115.000000
Total time: 0.1119s
Local search iterations: 91
----------------------------------------
  Seed 3/10 (seed=44)
Initialized onlyLS solver (GPU local search only). Results will be saved under 'onlyLS'.
Parameters:
  instance_name: ba_256_1_4.txt
  dataset: barabasi_albert_10ins_m20
  random_seed: 44
  n_random_solutions: 128
  max_local_iterations: 1000
  precision: 32 bits (<class 'numpy.float32'>)
  run_name: onlyLS
--------------------------------------------------
Generating 128 random solutions...
Applying local search to 128 solutions...
Results saved to: results/barabasi_albert_10ins_m20/onlyLS/ba_256_1_4.csv
Best energy: -65333.000000
Total time: 0.1144s
Local search iterations: 98
----------------------------------------
  Seed 4/10 (seed=45)
Initialized onlyLS solver (GPU local search only). Results will be saved under 'onlyLS'.
Parameters:
  instance_name: ba_256_1_4.txt
  dataset: barabasi_albert_10ins_m20
  random_seed: 45
  n_random_solutions: 128
  max_local_iterations: 1000
  precision: 32 bits (<class 'numpy.float32'>)
  run_name: onlyLS
--------------------------------------------------
Generating 128 random solutions...
Applying local search to 128 solutions...
Results saved to: results/barabasi_albert_10ins_m20/onlyLS/ba_256_1_4.csv
Best energy: -65213.000000
Total time: 0.1080s
Local search iterations: 79
----------------------------------------
  Seed 5/10 (seed=46)
Initialized onlyLS solver (GPU local search only). Results will be saved under 'onlyLS'.
Parameters:
  instance_name: ba_256_1_4.txt
  dataset: barabasi_albert_10ins_m20
  random_seed: 46
  n_random_solutions: 128
  max_local_iterations: 1000
  precision: 32 bits (<class 'numpy.float32'>)
  run_name: onlyLS
--------------------------------------------------
Generating 128 random solutions...
Applying local search to 128 solutions...
Results saved to: results/barabasi_albert_10ins_m20/onlyLS/ba_256_1_4.csv
Best energy: -64851.000000
Total time: 0.1088s
Local search iterations: 81
----------------------------------------
  Seed 6/10 (seed=47)
Initialized onlyLS solver (GPU local search only). Results will be saved under 'onlyLS'.
Parameters:
  instance_name: ba_256_1_4.txt
  dataset: barabasi_albert_10ins_m20
  random_seed: 47
  n_random_solutions: 128
  max_local_iterations: 1000
  precision: 32 bits (<class 'numpy.float32'>)
  run_name: onlyLS
--------------------------------------------------
Generating 128 random solutions...
Applying local search to 128 solutions...
Results saved to: results/barabasi_albert_10ins_m20/onlyLS/ba_256_1_4.csv
Best energy: -64785.000000
Total time: 0.1056s
Local search iterations: 68
----------------------------------------
  Seed 7/10 (seed=48)
Initialized onlyLS solver (GPU local search only). Results will be saved under 'onlyLS'.
Parameters:
  instance_name: ba_256_1_4.txt
  dataset: barabasi_albert_10ins_m20
  random_seed: 48
  n_random_solutions: 128
  max_local_iterations: 1000
  precision: 32 bits (<class 'numpy.float32'>)
  run_name: onlyLS
--------------------------------------------------
Generating 128 random solutions...
Applying local search to 128 solutions...
Results saved to: results/barabasi_albert_10ins_m20/onlyLS/ba_256_1_4.csv
Best energy: -64927.000000
Total time: 0.1094s
Local search iterations: 81
----------------------------------------
  Seed 8/10 (seed=49)
Initialized onlyLS solver (GPU local search only). Results will be saved under 'onlyLS'.
Parameters:
  instance_name: ba_256_1_4.txt
  dataset: barabasi_albert_10ins_m20
  random_seed: 49
  n_random_solutions: 128
  max_local_iterations: 1000
  precision: 32 bits (<class 'numpy.float32'>)
  run_name: onlyLS
--------------------------------------------------
Generating 128 random solutions...
Applying local search to 128 solutions...
Results saved to: results/barabasi_albert_10ins_m20/onlyLS/ba_256_1_4.csv
Best energy: -65225.000000
Total time: 0.1150s
Local search iterations: 101
----------------------------------------
  Seed 9/10 (seed=50)
Initialized onlyLS solver (GPU local search only). Results will be saved under 'onlyLS'.
Parameters:
  instance_name: ba_256_1_4.txt
  dataset: barabasi_albert_10ins_m20
  random_seed: 50
  n_random_solutions: 128
  max_local_iterations: 1000
  precision: 32 bits (<class 'numpy.float32'>)
  run_name: onlyLS
--------------------------------------------------
Generating 128 random solutions...
Applying local search to 128 solutions...
Results saved to: results/barabasi_albert_10ins_m20/onlyLS/ba_256_1_4.csv
Best energy: -66051.000000
Total time: 0.1121s
Local search iterations: 91
----------------------------------------
  Seed 10/10 (seed=51)
Initialized onlyLS solver (GPU local search only). Results will be saved under 'onlyLS'.
Parameters:
  instance_name: ba_256_1_4.txt
  dataset: barabasi_albert_10ins_m20
  random_seed: 51
  n_random_solutions: 128
  max_local_iterations: 1000
  precision: 32 bits (<class 'numpy.float32'>)
  run_name: onlyLS
--------------------------------------------------
Generating 128 random solutions...
Applying local search to 128 solutions...
Results saved to: results/barabasi_albert_10ins_m20/onlyLS/ba_256_1_4.csv
Best energy: -65533.000000
Total time: 0.1133s
Local search iterations: 94
----------------------------------------
Processing instance: ba_256_1_5.txt
  Seed 1/10 (seed=42)
Initialized onlyLS solver (GPU local search only). Results will be saved under 'onlyLS'.
Parameters:
  instance_name: ba_256_1_5.txt
  dataset: barabasi_albert_10ins_m20
  random_seed: 42
  n_random_solutions: 128
  max_local_iterations: 1000
  precision: 32 bits (<class 'numpy.float32'>)
  run_name: onlyLS
--------------------------------------------------
Generating 128 random solutions...
Applying local search to 128 solutions...
Results saved to: results/barabasi_albert_10ins_m20/onlyLS/ba_256_1_5.csv
Best energy: -65412.000000
Total time: 0.1071s
Local search iterations: 74
----------------------------------------
  Seed 2/10 (seed=43)
Initialized onlyLS solver (GPU local search only). Results will be saved under 'onlyLS'.
Parameters:
  instance_name: ba_256_1_5.txt
  dataset: barabasi_albert_10ins_m20
  random_seed: 43
  n_random_solutions: 128
  max_local_iterations: 1000
  precision: 32 bits (<class 'numpy.float32'>)
  run_name: onlyLS
--------------------------------------------------
Generating 128 random solutions...
Applying local search to 128 solutions...
Results saved to: results/barabasi_albert_10ins_m20/onlyLS/ba_256_1_5.csv
Best energy: -65856.000000
Total time: 0.1103s
Local search iterations: 84
----------------------------------------
  Seed 3/10 (seed=44)
Initialized onlyLS solver (GPU local search only). Results will be saved under 'onlyLS'.
Parameters:
  instance_name: ba_256_1_5.txt
  dataset: barabasi_albert_10ins_m20
  random_seed: 44
  n_random_solutions: 128
  max_local_iterations: 1000
  precision: 32 bits (<class 'numpy.float32'>)
  run_name: onlyLS
--------------------------------------------------
Generating 128 random solutions...
Applying local search to 128 solutions...
Results saved to: results/barabasi_albert_10ins_m20/onlyLS/ba_256_1_5.csv
Best energy: -65352.000000
Total time: 0.1317s
Local search iterations: 156
----------------------------------------
  Seed 4/10 (seed=45)
Initialized onlyLS solver (GPU local search only). Results will be saved under 'onlyLS'.
Parameters:
  instance_name: ba_256_1_5.txt
  dataset: barabasi_albert_10ins_m20
  random_seed: 45
  n_random_solutions: 128
  max_local_iterations: 1000
  precision: 32 bits (<class 'numpy.float32'>)
  run_name: onlyLS
--------------------------------------------------
Generating 128 random solutions...
Applying local search to 128 solutions...
Results saved to: results/barabasi_albert_10ins_m20/onlyLS/ba_256_1_5.csv
Best energy: -65550.000000
Total time: 0.1170s
Local search iterations: 106
----------------------------------------
  Seed 5/10 (seed=46)
Initialized onlyLS solver (GPU local search only). Results will be saved under 'onlyLS'.
Parameters:
  instance_name: ba_256_1_5.txt
  dataset: barabasi_albert_10ins_m20
  random_seed: 46
  n_random_solutions: 128
  max_local_iterations: 1000
  precision: 32 bits (<class 'numpy.float32'>)
  run_name: onlyLS
--------------------------------------------------
Generating 128 random solutions...
Applying local search to 128 solutions...
Results saved to: results/barabasi_albert_10ins_m20/onlyLS/ba_256_1_5.csv
Best energy: -65710.000000
Total time: 0.1070s
Local search iterations: 73
----------------------------------------
  Seed 6/10 (seed=47)
Initialized onlyLS solver (GPU local search only). Results will be saved under 'onlyLS'.
Parameters:
  instance_name: ba_256_1_5.txt
  dataset: barabasi_albert_10ins_m20
  random_seed: 47
  n_random_solutions: 128
  max_local_iterations: 1000
  precision: 32 bits (<class 'numpy.float32'>)
  run_name: onlyLS
--------------------------------------------------
Generating 128 random solutions...
Applying local search to 128 solutions...
Results saved to: results/barabasi_albert_10ins_m20/onlyLS/ba_256_1_5.csv
Best energy: -66250.000000
Total time: 0.1170s
Local search iterations: 106
----------------------------------------
  Seed 7/10 (seed=48)
Initialized onlyLS solver (GPU local search only). Results will be saved under 'onlyLS'.
Parameters:
  instance_name: ba_256_1_5.txt
  dataset: barabasi_albert_10ins_m20
  random_seed: 48
  n_random_solutions: 128
  max_local_iterations: 1000
  precision: 32 bits (<class 'numpy.float32'>)
  run_name: onlyLS
--------------------------------------------------
Generating 128 random solutions...
Applying local search to 128 solutions...
Results saved to: results/barabasi_albert_10ins_m20/onlyLS/ba_256_1_5.csv
Best energy: -65318.000000
Total time: 0.1284s
Local search iterations: 84
----------------------------------------
  Seed 8/10 (seed=49)
Initialized onlyLS solver (GPU local search only). Results will be saved under 'onlyLS'.
Parameters:
  instance_name: ba_256_1_5.txt
  dataset: barabasi_albert_10ins_m20
  random_seed: 49
  n_random_solutions: 128
  max_local_iterations: 1000
  precision: 32 bits (<class 'numpy.float32'>)
  run_name: onlyLS
--------------------------------------------------
Generating 128 random solutions...
Applying local search to 128 solutions...
Results saved to: results/barabasi_albert_10ins_m20/onlyLS/ba_256_1_5.csv
Best energy: -65598.000000
Total time: 0.1107s
Local search iterations: 85
----------------------------------------
  Seed 9/10 (seed=50)
Initialized onlyLS solver (GPU local search only). Results will be saved under 'onlyLS'.
Parameters:
  instance_name: ba_256_1_5.txt
  dataset: barabasi_albert_10ins_m20
  random_seed: 50
  n_random_solutions: 128
  max_local_iterations: 1000
  precision: 32 bits (<class 'numpy.float32'>)
  run_name: onlyLS
--------------------------------------------------
Generating 128 random solutions...
Applying local search to 128 solutions...
Results saved to: results/barabasi_albert_10ins_m20/onlyLS/ba_256_1_5.csv
Best energy: -65538.000000
Total time: 0.1101s
Local search iterations: 84
----------------------------------------
  Seed 10/10 (seed=51)
Initialized onlyLS solver (GPU local search only). Results will be saved under 'onlyLS'.
Parameters:
  instance_name: ba_256_1_5.txt
  dataset: barabasi_albert_10ins_m20
  random_seed: 51
  n_random_solutions: 128
  max_local_iterations: 1000
  precision: 32 bits (<class 'numpy.float32'>)
  run_name: onlyLS
--------------------------------------------------
Generating 128 random solutions...
Applying local search to 128 solutions...
Results saved to: results/barabasi_albert_10ins_m20/onlyLS/ba_256_1_5.csv
Best energy: -65890.000000
Total time: 0.1094s
Local search iterations: 81
----------------------------------------
Processing instance: ba_256_1_6.txt
  Seed 1/10 (seed=42)
Initialized onlyLS solver (GPU local search only). Results will be saved under 'onlyLS'.
Parameters:
  instance_name: ba_256_1_6.txt
  dataset: barabasi_albert_10ins_m20
  random_seed: 42
  n_random_solutions: 128
  max_local_iterations: 1000
  precision: 32 bits (<class 'numpy.float32'>)
  run_name: onlyLS
--------------------------------------------------
Generating 128 random solutions...
Applying local search to 128 solutions...
Results saved to: results/barabasi_albert_10ins_m20/onlyLS/ba_256_1_6.csv
Best energy: -65731.000000
Total time: 0.1081s
Local search iterations: 78
----------------------------------------
  Seed 2/10 (seed=43)
Initialized onlyLS solver (GPU local search only). Results will be saved under 'onlyLS'.
Parameters:
  instance_name: ba_256_1_6.txt
  dataset: barabasi_albert_10ins_m20
  random_seed: 43
  n_random_solutions: 128
  max_local_iterations: 1000
  precision: 32 bits (<class 'numpy.float32'>)
  run_name: onlyLS
--------------------------------------------------
Generating 128 random solutions...
Applying local search to 128 solutions...
Results saved to: results/barabasi_albert_10ins_m20/onlyLS/ba_256_1_6.csv
Best energy: -65709.000000
Total time: 0.1167s
Local search iterations: 105
----------------------------------------
  Seed 3/10 (seed=44)
Initialized onlyLS solver (GPU local search only). Results will be saved under 'onlyLS'.
Parameters:
  instance_name: ba_256_1_6.txt
  dataset: barabasi_albert_10ins_m20
  random_seed: 44
  n_random_solutions: 128
  max_local_iterations: 1000
  precision: 32 bits (<class 'numpy.float32'>)
  run_name: onlyLS
--------------------------------------------------
Generating 128 random solutions...
Applying local search to 128 solutions...
Results saved to: results/barabasi_albert_10ins_m20/onlyLS/ba_256_1_6.csv
Best energy: -66117.000000
Total time: 0.1144s
Local search iterations: 98
----------------------------------------
  Seed 4/10 (seed=45)
Initialized onlyLS solver (GPU local search only). Results will be saved under 'onlyLS'.
Parameters:
  instance_name: ba_256_1_6.txt
  dataset: barabasi_albert_10ins_m20
  random_seed: 45
  n_random_solutions: 128
  max_local_iterations: 1000
  precision: 32 bits (<class 'numpy.float32'>)
  run_name: onlyLS
--------------------------------------------------
Generating 128 random solutions...
Applying local search to 128 solutions...
Results saved to: results/barabasi_albert_10ins_m20/onlyLS/ba_256_1_6.csv
Best energy: -65495.000000
Total time: 0.1096s
Local search iterations: 83
----------------------------------------
  Seed 5/10 (seed=46)
Initialized onlyLS solver (GPU local search only). Results will be saved under 'onlyLS'.
Parameters:
  instance_name: ba_256_1_6.txt
  dataset: barabasi_albert_10ins_m20
  random_seed: 46
  n_random_solutions: 128
  max_local_iterations: 1000
  precision: 32 bits (<class 'numpy.float32'>)
  run_name: onlyLS
--------------------------------------------------
Generating 128 random solutions...
Applying local search to 128 solutions...
Results saved to: results/barabasi_albert_10ins_m20/onlyLS/ba_256_1_6.csv
Best energy: -65573.000000
Total time: 0.1120s
Local search iterations: 91
----------------------------------------
  Seed 6/10 (seed=47)
Initialized onlyLS solver (GPU local search only). Results will be saved under 'onlyLS'.
Parameters:
  instance_name: ba_256_1_6.txt
  dataset: barabasi_albert_10ins_m20
  random_seed: 47
  n_random_solutions: 128
  max_local_iterations: 1000
  precision: 32 bits (<class 'numpy.float32'>)
  run_name: onlyLS
--------------------------------------------------
Generating 128 random solutions...
Applying local search to 128 solutions...
Results saved to: results/barabasi_albert_10ins_m20/onlyLS/ba_256_1_6.csv
Best energy: -65309.000000
Total time: 0.1070s
Local search iterations: 75
----------------------------------------
  Seed 7/10 (seed=48)
Initialized onlyLS solver (GPU local search only). Results will be saved under 'onlyLS'.
Parameters:
  instance_name: ba_256_1_6.txt
  dataset: barabasi_albert_10ins_m20
  random_seed: 48
  n_random_solutions: 128
  max_local_iterations: 1000
  precision: 32 bits (<class 'numpy.float32'>)
  run_name: onlyLS
--------------------------------------------------
Generating 128 random solutions...
Applying local search to 128 solutions...
Results saved to: results/barabasi_albert_10ins_m20/onlyLS/ba_256_1_6.csv
Best energy: -66217.000000
Total time: 0.1098s
Local search iterations: 82
----------------------------------------
  Seed 8/10 (seed=49)
Initialized onlyLS solver (GPU local search only). Results will be saved under 'onlyLS'.
Parameters:
  instance_name: ba_256_1_6.txt
  dataset: barabasi_albert_10ins_m20
  random_seed: 49
  n_random_solutions: 128
  max_local_iterations: 1000
  precision: 32 bits (<class 'numpy.float32'>)
  run_name: onlyLS
--------------------------------------------------
Generating 128 random solutions...
Applying local search to 128 solutions...
Results saved to: results/barabasi_albert_10ins_m20/onlyLS/ba_256_1_6.csv
Best energy: -65301.000000
Total time: 0.1091s
Local search iterations: 81
----------------------------------------
  Seed 9/10 (seed=50)
Initialized onlyLS solver (GPU local search only). Results will be saved under 'onlyLS'.
Parameters:
  instance_name: ba_256_1_6.txt
  dataset: barabasi_albert_10ins_m20
  random_seed: 50
  n_random_solutions: 128
  max_local_iterations: 1000
  precision: 32 bits (<class 'numpy.float32'>)
  run_name: onlyLS
--------------------------------------------------
Generating 128 random solutions...
Applying local search to 128 solutions...
Results saved to: results/barabasi_albert_10ins_m20/onlyLS/ba_256_1_6.csv
Best energy: -65663.000000
Total time: 0.1146s
Local search iterations: 100
----------------------------------------
  Seed 10/10 (seed=51)
Initialized onlyLS solver (GPU local search only). Results will be saved under 'onlyLS'.
Parameters:
  instance_name: ba_256_1_6.txt
  dataset: barabasi_albert_10ins_m20
  random_seed: 51
  n_random_solutions: 128
  max_local_iterations: 1000
  precision: 32 bits (<class 'numpy.float32'>)
  run_name: onlyLS
--------------------------------------------------
Generating 128 random solutions...
Applying local search to 128 solutions...
Results saved to: results/barabasi_albert_10ins_m20/onlyLS/ba_256_1_6.csv
Best energy: -65201.000000
Total time: 0.1114s
Local search iterations: 90
----------------------------------------
Processing instance: ba_256_1_7.txt
  Seed 1/10 (seed=42)
Initialized onlyLS solver (GPU local search only). Results will be saved under 'onlyLS'.
Parameters:
  instance_name: ba_256_1_7.txt
  dataset: barabasi_albert_10ins_m20
  random_seed: 42
  n_random_solutions: 128
  max_local_iterations: 1000
  precision: 32 bits (<class 'numpy.float32'>)
  run_name: onlyLS
--------------------------------------------------
Generating 128 random solutions...
Applying local search to 128 solutions...
Results saved to: results/barabasi_albert_10ins_m20/onlyLS/ba_256_1_7.csv
Best energy: -64242.000000
Total time: 0.1193s
Local search iterations: 106
----------------------------------------
  Seed 2/10 (seed=43)
Initialized onlyLS solver (GPU local search only). Results will be saved under 'onlyLS'.
Parameters:
  instance_name: ba_256_1_7.txt
  dataset: barabasi_albert_10ins_m20
  random_seed: 43
  n_random_solutions: 128
  max_local_iterations: 1000
  precision: 32 bits (<class 'numpy.float32'>)
  run_name: onlyLS
--------------------------------------------------
Generating 128 random solutions...
Applying local search to 128 solutions...
Results saved to: results/barabasi_albert_10ins_m20/onlyLS/ba_256_1_7.csv
Best energy: -64840.000000
Total time: 0.1151s
Local search iterations: 96
----------------------------------------
  Seed 3/10 (seed=44)
Initialized onlyLS solver (GPU local search only). Results will be saved under 'onlyLS'.
Parameters:
  instance_name: ba_256_1_7.txt
  dataset: barabasi_albert_10ins_m20
  random_seed: 44
  n_random_solutions: 128
  max_local_iterations: 1000
  precision: 32 bits (<class 'numpy.float32'>)
  run_name: onlyLS
--------------------------------------------------
Generating 128 random solutions...
Applying local search to 128 solutions...
Results saved to: results/barabasi_albert_10ins_m20/onlyLS/ba_256_1_7.csv
Best energy: -64236.000000
Total time: 0.1190s
Local search iterations: 109
----------------------------------------
  Seed 4/10 (seed=45)
Initialized onlyLS solver (GPU local search only). Results will be saved under 'onlyLS'.
Parameters:
  instance_name: ba_256_1_7.txt
  dataset: barabasi_albert_10ins_m20
  random_seed: 45
  n_random_solutions: 128
  max_local_iterations: 1000
  precision: 32 bits (<class 'numpy.float32'>)
  run_name: onlyLS
--------------------------------------------------
Generating 128 random solutions...
Applying local search to 128 solutions...
Results saved to: results/barabasi_albert_10ins_m20/onlyLS/ba_256_1_7.csv
Best energy: -65200.000000
Total time: 0.1088s
Local search iterations: 80
----------------------------------------
  Seed 5/10 (seed=46)
Initialized onlyLS solver (GPU local search only). Results will be saved under 'onlyLS'.
Parameters:
  instance_name: ba_256_1_7.txt
  dataset: barabasi_albert_10ins_m20
  random_seed: 46
  n_random_solutions: 128
  max_local_iterations: 1000
  precision: 32 bits (<class 'numpy.float32'>)
  run_name: onlyLS
--------------------------------------------------
Generating 128 random solutions...
Applying local search to 128 solutions...
Results saved to: results/barabasi_albert_10ins_m20/onlyLS/ba_256_1_7.csv
Best energy: -64526.000000
Total time: 0.1121s
Local search iterations: 90
----------------------------------------
  Seed 6/10 (seed=47)
Initialized onlyLS solver (GPU local search only). Results will be saved under 'onlyLS'.
Parameters:
  instance_name: ba_256_1_7.txt
  dataset: barabasi_albert_10ins_m20
  random_seed: 47
  n_random_solutions: 128
  max_local_iterations: 1000
  precision: 32 bits (<class 'numpy.float32'>)
  run_name: onlyLS
--------------------------------------------------
Generating 128 random solutions...
Applying local search to 128 solutions...
Results saved to: results/barabasi_albert_10ins_m20/onlyLS/ba_256_1_7.csv
Best energy: -63834.000000
Total time: 0.1100s
Local search iterations: 83
----------------------------------------
  Seed 7/10 (seed=48)
Initialized onlyLS solver (GPU local search only). Results will be saved under 'onlyLS'.
Parameters:
  instance_name: ba_256_1_7.txt
  dataset: barabasi_albert_10ins_m20
  random_seed: 48
  n_random_solutions: 128
  max_local_iterations: 1000
  precision: 32 bits (<class 'numpy.float32'>)
  run_name: onlyLS
--------------------------------------------------
Generating 128 random solutions...
Applying local search to 128 solutions...
Results saved to: results/barabasi_albert_10ins_m20/onlyLS/ba_256_1_7.csv
Best energy: -64742.000000
Total time: 0.1214s
Local search iterations: 120
----------------------------------------
  Seed 8/10 (seed=49)
Initialized onlyLS solver (GPU local search only). Results will be saved under 'onlyLS'.
Parameters:
  instance_name: ba_256_1_7.txt
  dataset: barabasi_albert_10ins_m20
  random_seed: 49
  n_random_solutions: 128
  max_local_iterations: 1000
  precision: 32 bits (<class 'numpy.float32'>)
  run_name: onlyLS
--------------------------------------------------
Generating 128 random solutions...
Applying local search to 128 solutions...
Results saved to: results/barabasi_albert_10ins_m20/onlyLS/ba_256_1_7.csv
Best energy: -64292.000000
Total time: 0.1094s
Local search iterations: 81
----------------------------------------
  Seed 9/10 (seed=50)
Initialized onlyLS solver (GPU local search only). Results will be saved under 'onlyLS'.
Parameters:
  instance_name: ba_256_1_7.txt
  dataset: barabasi_albert_10ins_m20
  random_seed: 50
  n_random_solutions: 128
  max_local_iterations: 1000
  precision: 32 bits (<class 'numpy.float32'>)
  run_name: onlyLS
--------------------------------------------------
Generating 128 random solutions...
Applying local search to 128 solutions...
Results saved to: results/barabasi_albert_10ins_m20/onlyLS/ba_256_1_7.csv
Best energy: -65108.000000
Total time: 0.1109s
Local search iterations: 87
----------------------------------------
  Seed 10/10 (seed=51)
Initialized onlyLS solver (GPU local search only). Results will be saved under 'onlyLS'.
Parameters:
  instance_name: ba_256_1_7.txt
  dataset: barabasi_albert_10ins_m20
  random_seed: 51
  n_random_solutions: 128
  max_local_iterations: 1000
  precision: 32 bits (<class 'numpy.float32'>)
  run_name: onlyLS
--------------------------------------------------
Generating 128 random solutions...
Applying local search to 128 solutions...
Results saved to: results/barabasi_albert_10ins_m20/onlyLS/ba_256_1_7.csv
Best energy: -64430.000000
Total time: 0.1090s
Local search iterations: 80
----------------------------------------
Processing instance: ba_256_1_8.txt
  Seed 1/10 (seed=42)
Initialized onlyLS solver (GPU local search only). Results will be saved under 'onlyLS'.
Parameters:
  instance_name: ba_256_1_8.txt
  dataset: barabasi_albert_10ins_m20
  random_seed: 42
  n_random_solutions: 128
  max_local_iterations: 1000
  precision: 32 bits (<class 'numpy.float32'>)
  run_name: onlyLS
--------------------------------------------------
Generating 128 random solutions...
Applying local search to 128 solutions...
Results saved to: results/barabasi_albert_10ins_m20/onlyLS/ba_256_1_8.csv
Best energy: -66435.000000
Total time: 0.1082s
Local search iterations: 78
----------------------------------------
  Seed 2/10 (seed=43)
Initialized onlyLS solver (GPU local search only). Results will be saved under 'onlyLS'.
Parameters:
  instance_name: ba_256_1_8.txt
  dataset: barabasi_albert_10ins_m20
  random_seed: 43
  n_random_solutions: 128
  max_local_iterations: 1000
  precision: 32 bits (<class 'numpy.float32'>)
  run_name: onlyLS
--------------------------------------------------
Generating 128 random solutions...
Applying local search to 128 solutions...
Results saved to: results/barabasi_albert_10ins_m20/onlyLS/ba_256_1_8.csv
Best energy: -66093.000000
Total time: 0.1119s
Local search iterations: 90
----------------------------------------
  Seed 3/10 (seed=44)
Initialized onlyLS solver (GPU local search only). Results will be saved under 'onlyLS'.
Parameters:
  instance_name: ba_256_1_8.txt
  dataset: barabasi_albert_10ins_m20
  random_seed: 44
  n_random_solutions: 128
  max_local_iterations: 1000
  precision: 32 bits (<class 'numpy.float32'>)
  run_name: onlyLS
--------------------------------------------------
Generating 128 random solutions...
Applying local search to 128 solutions...
Results saved to: results/barabasi_albert_10ins_m20/onlyLS/ba_256_1_8.csv
Best energy: -65893.000000
Total time: 0.1071s
Local search iterations: 75
----------------------------------------
  Seed 4/10 (seed=45)
Initialized onlyLS solver (GPU local search only). Results will be saved under 'onlyLS'.
Parameters:
  instance_name: ba_256_1_8.txt
  dataset: barabasi_albert_10ins_m20
  random_seed: 45
  n_random_solutions: 128
  max_local_iterations: 1000
  precision: 32 bits (<class 'numpy.float32'>)
  run_name: onlyLS
--------------------------------------------------
Generating 128 random solutions...
Applying local search to 128 solutions...
Results saved to: results/barabasi_albert_10ins_m20/onlyLS/ba_256_1_8.csv
Best energy: -66131.000000
Total time: 0.1109s
Local search iterations: 86
----------------------------------------
  Seed 5/10 (seed=46)
Initialized onlyLS solver (GPU local search only). Results will be saved under 'onlyLS'.
Parameters:
  instance_name: ba_256_1_8.txt
  dataset: barabasi_albert_10ins_m20
  random_seed: 46
  n_random_solutions: 128
  max_local_iterations: 1000
  precision: 32 bits (<class 'numpy.float32'>)
  run_name: onlyLS
--------------------------------------------------
Generating 128 random solutions...
Applying local search to 128 solutions...
Results saved to: results/barabasi_albert_10ins_m20/onlyLS/ba_256_1_8.csv
Best energy: -66307.000000
Total time: 0.1698s
Local search iterations: 74
----------------------------------------
  Seed 6/10 (seed=47)
Initialized onlyLS solver (GPU local search only). Results will be saved under 'onlyLS'.
Parameters:
  instance_name: ba_256_1_8.txt
  dataset: barabasi_albert_10ins_m20
  random_seed: 47
  n_random_solutions: 128
  max_local_iterations: 1000
  precision: 32 bits (<class 'numpy.float32'>)
  run_name: onlyLS
--------------------------------------------------
Generating 128 random solutions...
Applying local search to 128 solutions...
Results saved to: results/barabasi_albert_10ins_m20/onlyLS/ba_256_1_8.csv
Best energy: -66607.000000
Total time: 0.1151s
Local search iterations: 100
----------------------------------------
  Seed 7/10 (seed=48)
Initialized onlyLS solver (GPU local search only). Results will be saved under 'onlyLS'.
Parameters:
  instance_name: ba_256_1_8.txt
  dataset: barabasi_albert_10ins_m20
  random_seed: 48
  n_random_solutions: 128
  max_local_iterations: 1000
  precision: 32 bits (<class 'numpy.float32'>)
  run_name: onlyLS
--------------------------------------------------
Generating 128 random solutions...
Applying local search to 128 solutions...
Results saved to: results/barabasi_albert_10ins_m20/onlyLS/ba_256_1_8.csv
Best energy: -65373.000000
Total time: 0.1099s
Local search iterations: 81
----------------------------------------
  Seed 8/10 (seed=49)
Initialized onlyLS solver (GPU local search only). Results will be saved under 'onlyLS'.
Parameters:
  instance_name: ba_256_1_8.txt
  dataset: barabasi_albert_10ins_m20
  random_seed: 49
  n_random_solutions: 128
  max_local_iterations: 1000
  precision: 32 bits (<class 'numpy.float32'>)
  run_name: onlyLS
--------------------------------------------------
Generating 128 random solutions...
Applying local search to 128 solutions...
Results saved to: results/barabasi_albert_10ins_m20/onlyLS/ba_256_1_8.csv
Best energy: -65757.000000
Total time: 0.1132s
Local search iterations: 95
----------------------------------------
  Seed 9/10 (seed=50)
Initialized onlyLS solver (GPU local search only). Results will be saved under 'onlyLS'.
Parameters:
  instance_name: ba_256_1_8.txt
  dataset: barabasi_albert_10ins_m20
  random_seed: 50
  n_random_solutions: 128
  max_local_iterations: 1000
  precision: 32 bits (<class 'numpy.float32'>)
  run_name: onlyLS
--------------------------------------------------
Generating 128 random solutions...
Applying local search to 128 solutions...
Results saved to: results/barabasi_albert_10ins_m20/onlyLS/ba_256_1_8.csv
Best energy: -65685.000000
Total time: 0.1074s
Local search iterations: 73
----------------------------------------
  Seed 10/10 (seed=51)
Initialized onlyLS solver (GPU local search only). Results will be saved under 'onlyLS'.
Parameters:
  instance_name: ba_256_1_8.txt
  dataset: barabasi_albert_10ins_m20
  random_seed: 51
  n_random_solutions: 128
  max_local_iterations: 1000
  precision: 32 bits (<class 'numpy.float32'>)
  run_name: onlyLS
--------------------------------------------------
Generating 128 random solutions...
Applying local search to 128 solutions...
Results saved to: results/barabasi_albert_10ins_m20/onlyLS/ba_256_1_8.csv
Best energy: -65907.000000
Total time: 0.1092s
Local search iterations: 79
----------------------------------------
Processing instance: ba_256_1_9.txt
  Seed 1/10 (seed=42)
Initialized onlyLS solver (GPU local search only). Results will be saved under 'onlyLS'.
Parameters:
  instance_name: ba_256_1_9.txt
  dataset: barabasi_albert_10ins_m20
  random_seed: 42
  n_random_solutions: 128
  max_local_iterations: 1000
  precision: 32 bits (<class 'numpy.float32'>)
  run_name: onlyLS
--------------------------------------------------
Generating 128 random solutions...
Applying local search to 128 solutions...
Results saved to: results/barabasi_albert_10ins_m20/onlyLS/ba_256_1_9.csv
Best energy: -64935.000000
Total time: 0.1099s
Local search iterations: 82
----------------------------------------
  Seed 2/10 (seed=43)
Initialized onlyLS solver (GPU local search only). Results will be saved under 'onlyLS'.
Parameters:
  instance_name: ba_256_1_9.txt
  dataset: barabasi_albert_10ins_m20
  random_seed: 43
  n_random_solutions: 128
  max_local_iterations: 1000
  precision: 32 bits (<class 'numpy.float32'>)
  run_name: onlyLS
--------------------------------------------------
Generating 128 random solutions...
Applying local search to 128 solutions...
Results saved to: results/barabasi_albert_10ins_m20/onlyLS/ba_256_1_9.csv
Best energy: -65411.000000
Total time: 0.1065s
Local search iterations: 71
----------------------------------------
  Seed 3/10 (seed=44)
Initialized onlyLS solver (GPU local search only). Results will be saved under 'onlyLS'.
Parameters:
  instance_name: ba_256_1_9.txt
  dataset: barabasi_albert_10ins_m20
  random_seed: 44
  n_random_solutions: 128
  max_local_iterations: 1000
  precision: 32 bits (<class 'numpy.float32'>)
  run_name: onlyLS
--------------------------------------------------
Generating 128 random solutions...
Applying local search to 128 solutions...
Results saved to: results/barabasi_albert_10ins_m20/onlyLS/ba_256_1_9.csv
Best energy: -64687.000000
Total time: 0.1062s
Local search iterations: 71
----------------------------------------
  Seed 4/10 (seed=45)
Initialized onlyLS solver (GPU local search only). Results will be saved under 'onlyLS'.
Parameters:
  instance_name: ba_256_1_9.txt
  dataset: barabasi_albert_10ins_m20
  random_seed: 45
  n_random_solutions: 128
  max_local_iterations: 1000
  precision: 32 bits (<class 'numpy.float32'>)
  run_name: onlyLS
--------------------------------------------------
Generating 128 random solutions...
Applying local search to 128 solutions...
Results saved to: results/barabasi_albert_10ins_m20/onlyLS/ba_256_1_9.csv
Best energy: -65091.000000
Total time: 0.1062s
Local search iterations: 60
----------------------------------------
  Seed 5/10 (seed=46)
Initialized onlyLS solver (GPU local search only). Results will be saved under 'onlyLS'.
Parameters:
  instance_name: ba_256_1_9.txt
  dataset: barabasi_albert_10ins_m20
  random_seed: 46
  n_random_solutions: 128
  max_local_iterations: 1000
  precision: 32 bits (<class 'numpy.float32'>)
  run_name: onlyLS
--------------------------------------------------
Generating 128 random solutions...
Applying local search to 128 solutions...
Results saved to: results/barabasi_albert_10ins_m20/onlyLS/ba_256_1_9.csv
Best energy: -64521.000000
Total time: 0.1105s
Local search iterations: 80
----------------------------------------
  Seed 6/10 (seed=47)
Initialized onlyLS solver (GPU local search only). Results will be saved under 'onlyLS'.
Parameters:
  instance_name: ba_256_1_9.txt
  dataset: barabasi_albert_10ins_m20
  random_seed: 47
  n_random_solutions: 128
  max_local_iterations: 1000
  precision: 32 bits (<class 'numpy.float32'>)
  run_name: onlyLS
--------------------------------------------------
Generating 128 random solutions...
Applying local search to 128 solutions...
Results saved to: results/barabasi_albert_10ins_m20/onlyLS/ba_256_1_9.csv
Best energy: -64747.000000
Total time: 0.1148s
Local search iterations: 95
----------------------------------------
  Seed 7/10 (seed=48)
Initialized onlyLS solver (GPU local search only). Results will be saved under 'onlyLS'.
Parameters:
  instance_name: ba_256_1_9.txt
  dataset: barabasi_albert_10ins_m20
  random_seed: 48
  n_random_solutions: 128
  max_local_iterations: 1000
  precision: 32 bits (<class 'numpy.float32'>)
  run_name: onlyLS
--------------------------------------------------
Generating 128 random solutions...
Applying local search to 128 solutions...
Results saved to: results/barabasi_albert_10ins_m20/onlyLS/ba_256_1_9.csv
Best energy: -65037.000000
Total time: 0.1119s
Local search iterations: 90
----------------------------------------
  Seed 8/10 (seed=49)
Initialized onlyLS solver (GPU local search only). Results will be saved under 'onlyLS'.
Parameters:
  instance_name: ba_256_1_9.txt
  dataset: barabasi_albert_10ins_m20
  random_seed: 49
  n_random_solutions: 128
  max_local_iterations: 1000
  precision: 32 bits (<class 'numpy.float32'>)
  run_name: onlyLS
--------------------------------------------------
Generating 128 random solutions...
Applying local search to 128 solutions...
Results saved to: results/barabasi_albert_10ins_m20/onlyLS/ba_256_1_9.csv
Best energy: -64907.000000
Total time: 0.1163s
Local search iterations: 106
----------------------------------------
  Seed 9/10 (seed=50)
Initialized onlyLS solver (GPU local search only). Results will be saved under 'onlyLS'.
Parameters:
  instance_name: ba_256_1_9.txt
  dataset: barabasi_albert_10ins_m20
  random_seed: 50
  n_random_solutions: 128
  max_local_iterations: 1000
  precision: 32 bits (<class 'numpy.float32'>)
  run_name: onlyLS
--------------------------------------------------
Generating 128 random solutions...
Applying local search to 128 solutions...
Results saved to: results/barabasi_albert_10ins_m20/onlyLS/ba_256_1_9.csv
Best energy: -65027.000000
Total time: 0.1072s
Local search iterations: 74
----------------------------------------
  Seed 10/10 (seed=51)
Initialized onlyLS solver (GPU local search only). Results will be saved under 'onlyLS'.
Parameters:
  instance_name: ba_256_1_9.txt
  dataset: barabasi_albert_10ins_m20
  random_seed: 51
  n_random_solutions: 128
  max_local_iterations: 1000
  precision: 32 bits (<class 'numpy.float32'>)
  run_name: onlyLS
--------------------------------------------------
Generating 128 random solutions...
Applying local search to 128 solutions...
Results saved to: results/barabasi_albert_10ins_m20/onlyLS/ba_256_1_9.csv
Best energy: -65249.000000
Total time: 0.1251s
Local search iterations: 132
----------------------------------------
Processing instance: ba_262144_1_0.txt
  Seed 1/10 (seed=42)
Initialized onlyLS solver (GPU local search only). Results will be saved under 'onlyLS'.
Parameters:
  instance_name: ba_262144_1_0.txt
  dataset: barabasi_albert_10ins_m20
  random_seed: 42
  n_random_solutions: 128
  max_local_iterations: 1000
  precision: 32 bits (<class 'numpy.float32'>)
  run_name: onlyLS
--------------------------------------------------
Generating 128 random solutions...
Applying local search to 128 solutions...
Results saved to: results/barabasi_albert_10ins_m20/onlyLS/ba_262144_1_0.csv
Best energy: -61850091.000000
Total time: 1.9171s
Local search iterations: 51
----------------------------------------
  Seed 2/10 (seed=43)
Initialized onlyLS solver (GPU local search only). Results will be saved under 'onlyLS'.
Parameters:
  instance_name: ba_262144_1_0.txt
  dataset: barabasi_albert_10ins_m20
  random_seed: 43
  n_random_solutions: 128
  max_local_iterations: 1000
  precision: 32 bits (<class 'numpy.float32'>)
  run_name: onlyLS
--------------------------------------------------
Generating 128 random solutions...
Applying local search to 128 solutions...
Results saved to: results/barabasi_albert_10ins_m20/onlyLS/ba_262144_1_0.csv
Best energy: -61842857.000000
Total time: 1.6372s
Local search iterations: 44
----------------------------------------
  Seed 3/10 (seed=44)
Initialized onlyLS solver (GPU local search only). Results will be saved under 'onlyLS'.
Parameters:
  instance_name: ba_262144_1_0.txt
  dataset: barabasi_albert_10ins_m20
  random_seed: 44
  n_random_solutions: 128
  max_local_iterations: 1000
  precision: 32 bits (<class 'numpy.float32'>)
  run_name: onlyLS
--------------------------------------------------
Generating 128 random solutions...
Applying local search to 128 solutions...
Results saved to: results/barabasi_albert_10ins_m20/onlyLS/ba_262144_1_0.csv
Best energy: -61851177.000000
Total time: 1.6371s
Local search iterations: 44
----------------------------------------
  Seed 4/10 (seed=45)
Initialized onlyLS solver (GPU local search only). Results will be saved under 'onlyLS'.
Parameters:
  instance_name: ba_262144_1_0.txt
  dataset: barabasi_albert_10ins_m20
  random_seed: 45
  n_random_solutions: 128
  max_local_iterations: 1000
  precision: 32 bits (<class 'numpy.float32'>)
  run_name: onlyLS
--------------------------------------------------
Generating 128 random solutions...
Applying local search to 128 solutions...
Results saved to: results/barabasi_albert_10ins_m20/onlyLS/ba_262144_1_0.csv
Best energy: -61870835.000000
Total time: 1.5847s
Local search iterations: 39
----------------------------------------
  Seed 5/10 (seed=46)
Initialized onlyLS solver (GPU local search only). Results will be saved under 'onlyLS'.
Parameters:
  instance_name: ba_262144_1_0.txt
  dataset: barabasi_albert_10ins_m20
  random_seed: 46
  n_random_solutions: 128
  max_local_iterations: 1000
  precision: 32 bits (<class 'numpy.float32'>)
  run_name: onlyLS
--------------------------------------------------
Generating 128 random solutions...
Applying local search to 128 solutions...
Results saved to: results/barabasi_albert_10ins_m20/onlyLS/ba_262144_1_0.csv
Best energy: -61812673.000000
Total time: 1.5987s
Local search iterations: 42
----------------------------------------
  Seed 6/10 (seed=47)
Initialized onlyLS solver (GPU local search only). Results will be saved under 'onlyLS'.
Parameters:
  instance_name: ba_262144_1_0.txt
  dataset: barabasi_albert_10ins_m20
  random_seed: 47
  n_random_solutions: 128
  max_local_iterations: 1000
  precision: 32 bits (<class 'numpy.float32'>)
  run_name: onlyLS
--------------------------------------------------
Generating 128 random solutions...
Applying local search to 128 solutions...
Results saved to: results/barabasi_albert_10ins_m20/onlyLS/ba_262144_1_0.csv
Best energy: -61820681.000000
Total time: 1.7260s
Local search iterations: 48
----------------------------------------
  Seed 7/10 (seed=48)
Initialized onlyLS solver (GPU local search only). Results will be saved under 'onlyLS'.
Parameters:
  instance_name: ba_262144_1_0.txt
  dataset: barabasi_albert_10ins_m20
  random_seed: 48
  n_random_solutions: 128
  max_local_iterations: 1000
  precision: 32 bits (<class 'numpy.float32'>)
  run_name: onlyLS
--------------------------------------------------
Generating 128 random solutions...
Applying local search to 128 solutions...
Results saved to: results/barabasi_albert_10ins_m20/onlyLS/ba_262144_1_0.csv
Best energy: -61885501.000000
Total time: 1.5971s
Local search iterations: 42
----------------------------------------
  Seed 8/10 (seed=49)
Initialized onlyLS solver (GPU local search only). Results will be saved under 'onlyLS'.
Parameters:
  instance_name: ba_262144_1_0.txt
  dataset: barabasi_albert_10ins_m20
  random_seed: 49
  n_random_solutions: 128
  max_local_iterations: 1000
  precision: 32 bits (<class 'numpy.float32'>)
  run_name: onlyLS
--------------------------------------------------
Generating 128 random solutions...
Applying local search to 128 solutions...
Results saved to: results/barabasi_albert_10ins_m20/onlyLS/ba_262144_1_0.csv
Best energy: -61907899.000000
Total time: 1.5988s
Local search iterations: 42
----------------------------------------
  Seed 9/10 (seed=50)
Initialized onlyLS solver (GPU local search only). Results will be saved under 'onlyLS'.
Parameters:
  instance_name: ba_262144_1_0.txt
  dataset: barabasi_albert_10ins_m20
  random_seed: 50
  n_random_solutions: 128
  max_local_iterations: 1000
  precision: 32 bits (<class 'numpy.float32'>)
  run_name: onlyLS
--------------------------------------------------
Generating 128 random solutions...
Applying local search to 128 solutions...
Results saved to: results/barabasi_albert_10ins_m20/onlyLS/ba_262144_1_0.csv
Best energy: -61929325.000000
Total time: 1.7237s
Local search iterations: 48
----------------------------------------
  Seed 10/10 (seed=51)
Initialized onlyLS solver (GPU local search only). Results will be saved under 'onlyLS'.
Parameters:
  instance_name: ba_262144_1_0.txt
  dataset: barabasi_albert_10ins_m20
  random_seed: 51
  n_random_solutions: 128
  max_local_iterations: 1000
  precision: 32 bits (<class 'numpy.float32'>)
  run_name: onlyLS
--------------------------------------------------
Generating 128 random solutions...
Applying local search to 128 solutions...
Results saved to: results/barabasi_albert_10ins_m20/onlyLS/ba_262144_1_0.csv
Best energy: -61831727.000000
Total time: 1.6689s
Local search iterations: 44
----------------------------------------
Processing instance: ba_262144_1_1.txt
  Seed 1/10 (seed=42)
Initialized onlyLS solver (GPU local search only). Results will be saved under 'onlyLS'.
Parameters:
  instance_name: ba_262144_1_1.txt
  dataset: barabasi_albert_10ins_m20
  random_seed: 42
  n_random_solutions: 128
  max_local_iterations: 1000
  precision: 32 bits (<class 'numpy.float32'>)
  run_name: onlyLS
--------------------------------------------------
Generating 128 random solutions...
Applying local search to 128 solutions...
Results saved to: results/barabasi_albert_10ins_m20/onlyLS/ba_262144_1_1.csv
Best energy: -61887261.000000
Total time: 1.7532s
Local search iterations: 46
----------------------------------------
  Seed 2/10 (seed=43)
Initialized onlyLS solver (GPU local search only). Results will be saved under 'onlyLS'.
Parameters:
  instance_name: ba_262144_1_1.txt
  dataset: barabasi_albert_10ins_m20
  random_seed: 43
  n_random_solutions: 128
  max_local_iterations: 1000
  precision: 32 bits (<class 'numpy.float32'>)
  run_name: onlyLS
--------------------------------------------------
Generating 128 random solutions...
Applying local search to 128 solutions...
Results saved to: results/barabasi_albert_10ins_m20/onlyLS/ba_262144_1_1.csv
Best energy: -61869053.000000
Total time: 1.6179s
Local search iterations: 40
----------------------------------------
  Seed 3/10 (seed=44)
Initialized onlyLS solver (GPU local search only). Results will be saved under 'onlyLS'.
Parameters:
  instance_name: ba_262144_1_1.txt
  dataset: barabasi_albert_10ins_m20
  random_seed: 44
  n_random_solutions: 128
  max_local_iterations: 1000
  precision: 32 bits (<class 'numpy.float32'>)
  run_name: onlyLS
--------------------------------------------------
Generating 128 random solutions...
Applying local search to 128 solutions...
Results saved to: results/barabasi_albert_10ins_m20/onlyLS/ba_262144_1_1.csv
Best energy: -61793441.000000
Total time: 1.7168s
Local search iterations: 48
----------------------------------------
  Seed 4/10 (seed=45)
Initialized onlyLS solver (GPU local search only). Results will be saved under 'onlyLS'.
Parameters:
  instance_name: ba_262144_1_1.txt
  dataset: barabasi_albert_10ins_m20
  random_seed: 45
  n_random_solutions: 128
  max_local_iterations: 1000
  precision: 32 bits (<class 'numpy.float32'>)
  run_name: onlyLS
--------------------------------------------------
Generating 128 random solutions...
Applying local search to 128 solutions...
Results saved to: results/barabasi_albert_10ins_m20/onlyLS/ba_262144_1_1.csv
Best energy: -61868307.000000
Total time: 1.5536s
Local search iterations: 40
----------------------------------------
  Seed 5/10 (seed=46)
Initialized onlyLS solver (GPU local search only). Results will be saved under 'onlyLS'.
Parameters:
  instance_name: ba_262144_1_1.txt
  dataset: barabasi_albert_10ins_m20
  random_seed: 46
  n_random_solutions: 128
  max_local_iterations: 1000
  precision: 32 bits (<class 'numpy.float32'>)
  run_name: onlyLS
--------------------------------------------------
Generating 128 random solutions...
Applying local search to 128 solutions...
Results saved to: results/barabasi_albert_10ins_m20/onlyLS/ba_262144_1_1.csv
Best energy: -61825561.000000
Total time: 1.6738s
Local search iterations: 46
----------------------------------------
  Seed 6/10 (seed=47)
Initialized onlyLS solver (GPU local search only). Results will be saved under 'onlyLS'.
Parameters:
  instance_name: ba_262144_1_1.txt
  dataset: barabasi_albert_10ins_m20
  random_seed: 47
  n_random_solutions: 128
  max_local_iterations: 1000
  precision: 32 bits (<class 'numpy.float32'>)
  run_name: onlyLS
--------------------------------------------------
Generating 128 random solutions...
Applying local search to 128 solutions...
Results saved to: results/barabasi_albert_10ins_m20/onlyLS/ba_262144_1_1.csv
Best energy: -61838963.000000
Total time: 1.7200s
Local search iterations: 48
----------------------------------------
  Seed 7/10 (seed=48)
Initialized onlyLS solver (GPU local search only). Results will be saved under 'onlyLS'.
Parameters:
  instance_name: ba_262144_1_1.txt
  dataset: barabasi_albert_10ins_m20
  random_seed: 48
  n_random_solutions: 128
  max_local_iterations: 1000
  precision: 32 bits (<class 'numpy.float32'>)
  run_name: onlyLS
--------------------------------------------------
Generating 128 random solutions...
Applying local search to 128 solutions...
Results saved to: results/barabasi_albert_10ins_m20/onlyLS/ba_262144_1_1.csv
Best energy: -61890355.000000
Total time: 1.6570s
Local search iterations: 44
----------------------------------------
  Seed 8/10 (seed=49)
Initialized onlyLS solver (GPU local search only). Results will be saved under 'onlyLS'.
Parameters:
  instance_name: ba_262144_1_1.txt
  dataset: barabasi_albert_10ins_m20
  random_seed: 49
  n_random_solutions: 128
  max_local_iterations: 1000
  precision: 32 bits (<class 'numpy.float32'>)
  run_name: onlyLS
--------------------------------------------------
Generating 128 random solutions...
Applying local search to 128 solutions...
Results saved to: results/barabasi_albert_10ins_m20/onlyLS/ba_262144_1_1.csv
Best energy: -61868917.000000
Total time: 1.6738s
Local search iterations: 46
----------------------------------------
  Seed 9/10 (seed=50)
Initialized onlyLS solver (GPU local search only). Results will be saved under 'onlyLS'.
Parameters:
  instance_name: ba_262144_1_1.txt
  dataset: barabasi_albert_10ins_m20
  random_seed: 50
  n_random_solutions: 128
  max_local_iterations: 1000
  precision: 32 bits (<class 'numpy.float32'>)
  run_name: onlyLS
--------------------------------------------------
Generating 128 random solutions...
Applying local search to 128 solutions...
Results saved to: results/barabasi_albert_10ins_m20/onlyLS/ba_262144_1_1.csv
Best energy: -61839823.000000
Total time: 1.6830s
Local search iterations: 45
----------------------------------------
  Seed 10/10 (seed=51)
Initialized onlyLS solver (GPU local search only). Results will be saved under 'onlyLS'.
Parameters:
  instance_name: ba_262144_1_1.txt
  dataset: barabasi_albert_10ins_m20
  random_seed: 51
  n_random_solutions: 128
  max_local_iterations: 1000
  precision: 32 bits (<class 'numpy.float32'>)
  run_name: onlyLS
--------------------------------------------------
Generating 128 random solutions...
Applying local search to 128 solutions...
Results saved to: results/barabasi_albert_10ins_m20/onlyLS/ba_262144_1_1.csv
Best energy: -61828781.000000
Total time: 1.5772s
Local search iterations: 41
----------------------------------------
Processing instance: ba_262144_1_2.txt
  Seed 1/10 (seed=42)
Initialized onlyLS solver (GPU local search only). Results will be saved under 'onlyLS'.
Parameters:
  instance_name: ba_262144_1_2.txt
  dataset: barabasi_albert_10ins_m20
  random_seed: 42
  n_random_solutions: 128
  max_local_iterations: 1000
  precision: 32 bits (<class 'numpy.float32'>)
  run_name: onlyLS
--------------------------------------------------
Generating 128 random solutions...
Applying local search to 128 solutions...
Results saved to: results/barabasi_albert_10ins_m20/onlyLS/ba_262144_1_2.csv
Best energy: -61852680.000000
Total time: 1.6582s
Local search iterations: 42
----------------------------------------
  Seed 2/10 (seed=43)
Initialized onlyLS solver (GPU local search only). Results will be saved under 'onlyLS'.
Parameters:
  instance_name: ba_262144_1_2.txt
  dataset: barabasi_albert_10ins_m20
  random_seed: 43
  n_random_solutions: 128
  max_local_iterations: 1000
  precision: 32 bits (<class 'numpy.float32'>)
  run_name: onlyLS
--------------------------------------------------
Generating 128 random solutions...
Applying local search to 128 solutions...
Results saved to: results/barabasi_albert_10ins_m20/onlyLS/ba_262144_1_2.csv
Best energy: -61841772.000000
Total time: 1.5817s
Local search iterations: 41
----------------------------------------
  Seed 3/10 (seed=44)
Initialized onlyLS solver (GPU local search only). Results will be saved under 'onlyLS'.
Parameters:
  instance_name: ba_262144_1_2.txt
  dataset: barabasi_albert_10ins_m20
  random_seed: 44
  n_random_solutions: 128
  max_local_iterations: 1000
  precision: 32 bits (<class 'numpy.float32'>)
  run_name: onlyLS
--------------------------------------------------
Generating 128 random solutions...
Applying local search to 128 solutions...
Results saved to: results/barabasi_albert_10ins_m20/onlyLS/ba_262144_1_2.csv
Best energy: -61853702.000000
Total time: 1.6473s
Local search iterations: 41
----------------------------------------
  Seed 4/10 (seed=45)
Initialized onlyLS solver (GPU local search only). Results will be saved under 'onlyLS'.
Parameters:
  instance_name: ba_262144_1_2.txt
  dataset: barabasi_albert_10ins_m20
  random_seed: 45
  n_random_solutions: 128
  max_local_iterations: 1000
  precision: 32 bits (<class 'numpy.float32'>)
  run_name: onlyLS
--------------------------------------------------
Generating 128 random solutions...
Applying local search to 128 solutions...
Results saved to: results/barabasi_albert_10ins_m20/onlyLS/ba_262144_1_2.csv
Best energy: -61846418.000000
Total time: 1.6000s
Local search iterations: 42
----------------------------------------
  Seed 5/10 (seed=46)
Initialized onlyLS solver (GPU local search only). Results will be saved under 'onlyLS'.
Parameters:
  instance_name: ba_262144_1_2.txt
  dataset: barabasi_albert_10ins_m20
  random_seed: 46
  n_random_solutions: 128
  max_local_iterations: 1000
  precision: 32 bits (<class 'numpy.float32'>)
  run_name: onlyLS
--------------------------------------------------
Generating 128 random solutions...
Applying local search to 128 solutions...
Results saved to: results/barabasi_albert_10ins_m20/onlyLS/ba_262144_1_2.csv
Best energy: -61915798.000000
Total time: 1.6855s
Local search iterations: 46
----------------------------------------
  Seed 6/10 (seed=47)
Initialized onlyLS solver (GPU local search only). Results will be saved under 'onlyLS'.
Parameters:
  instance_name: ba_262144_1_2.txt
  dataset: barabasi_albert_10ins_m20
  random_seed: 47
  n_random_solutions: 128
  max_local_iterations: 1000
  precision: 32 bits (<class 'numpy.float32'>)
  run_name: onlyLS
--------------------------------------------------
Generating 128 random solutions...
Applying local search to 128 solutions...
Results saved to: results/barabasi_albert_10ins_m20/onlyLS/ba_262144_1_2.csv
Best energy: -61932866.000000
Total time: 1.6632s
Local search iterations: 45
----------------------------------------
  Seed 7/10 (seed=48)
Initialized onlyLS solver (GPU local search only). Results will be saved under 'onlyLS'.
Parameters:
  instance_name: ba_262144_1_2.txt
  dataset: barabasi_albert_10ins_m20
  random_seed: 48
  n_random_solutions: 128
  max_local_iterations: 1000
  precision: 32 bits (<class 'numpy.float32'>)
  run_name: onlyLS
--------------------------------------------------
Generating 128 random solutions...
Applying local search to 128 solutions...
Results saved to: results/barabasi_albert_10ins_m20/onlyLS/ba_262144_1_2.csv
Best energy: -61879166.000000
Total time: 1.6812s
Local search iterations: 46
----------------------------------------
  Seed 8/10 (seed=49)
Initialized onlyLS solver (GPU local search only). Results will be saved under 'onlyLS'.
Parameters:
  instance_name: ba_262144_1_2.txt
  dataset: barabasi_albert_10ins_m20
  random_seed: 49
  n_random_solutions: 128
  max_local_iterations: 1000
  precision: 32 bits (<class 'numpy.float32'>)
  run_name: onlyLS
--------------------------------------------------
Generating 128 random solutions...
Applying local search to 128 solutions...
Results saved to: results/barabasi_albert_10ins_m20/onlyLS/ba_262144_1_2.csv
Best energy: -61870676.000000
Total time: 1.6038s
Local search iterations: 42
----------------------------------------
  Seed 9/10 (seed=50)
Initialized onlyLS solver (GPU local search only). Results will be saved under 'onlyLS'.
Parameters:
  instance_name: ba_262144_1_2.txt
  dataset: barabasi_albert_10ins_m20
  random_seed: 50
  n_random_solutions: 128
  max_local_iterations: 1000
  precision: 32 bits (<class 'numpy.float32'>)
  run_name: onlyLS
--------------------------------------------------
Generating 128 random solutions...
Applying local search to 128 solutions...
Results saved to: results/barabasi_albert_10ins_m20/onlyLS/ba_262144_1_2.csv
Best energy: -61832926.000000
Total time: 1.6687s
Local search iterations: 44
----------------------------------------
  Seed 10/10 (seed=51)
Initialized onlyLS solver (GPU local search only). Results will be saved under 'onlyLS'.
Parameters:
  instance_name: ba_262144_1_2.txt
  dataset: barabasi_albert_10ins_m20
  random_seed: 51
  n_random_solutions: 128
  max_local_iterations: 1000
  precision: 32 bits (<class 'numpy.float32'>)
  run_name: onlyLS
--------------------------------------------------
Generating 128 random solutions...
Applying local search to 128 solutions...
Results saved to: results/barabasi_albert_10ins_m20/onlyLS/ba_262144_1_2.csv
Best energy: -61867758.000000
Total time: 1.7142s
Local search iterations: 44
----------------------------------------
Processing instance: ba_262144_1_3.txt
  Seed 1/10 (seed=42)
Initialized onlyLS solver (GPU local search only). Results will be saved under 'onlyLS'.
Parameters:
  instance_name: ba_262144_1_3.txt
  dataset: barabasi_albert_10ins_m20
  random_seed: 42
  n_random_solutions: 128
  max_local_iterations: 1000
  precision: 32 bits (<class 'numpy.float32'>)
  run_name: onlyLS
--------------------------------------------------
Generating 128 random solutions...
Applying local search to 128 solutions...
Results saved to: results/barabasi_albert_10ins_m20/onlyLS/ba_262144_1_3.csv
Best energy: -61829291.000000
Total time: 1.8139s
Local search iterations: 49
----------------------------------------
  Seed 2/10 (seed=43)
Initialized onlyLS solver (GPU local search only). Results will be saved under 'onlyLS'.
Parameters:
  instance_name: ba_262144_1_3.txt
  dataset: barabasi_albert_10ins_m20
  random_seed: 43
  n_random_solutions: 128
  max_local_iterations: 1000
  precision: 32 bits (<class 'numpy.float32'>)
  run_name: onlyLS
--------------------------------------------------
Generating 128 random solutions...
Applying local search to 128 solutions...
Results saved to: results/barabasi_albert_10ins_m20/onlyLS/ba_262144_1_3.csv
Best energy: -61868671.000000
Total time: 1.6056s
Local search iterations: 42
----------------------------------------
  Seed 3/10 (seed=44)
Initialized onlyLS solver (GPU local search only). Results will be saved under 'onlyLS'.
Parameters:
  instance_name: ba_262144_1_3.txt
  dataset: barabasi_albert_10ins_m20
  random_seed: 44
  n_random_solutions: 128
  max_local_iterations: 1000
  precision: 32 bits (<class 'numpy.float32'>)
  run_name: onlyLS
--------------------------------------------------
Generating 128 random solutions...
Applying local search to 128 solutions...
Results saved to: results/barabasi_albert_10ins_m20/onlyLS/ba_262144_1_3.csv
Best energy: -61819347.000000
Total time: 1.6412s
Local search iterations: 44
----------------------------------------
  Seed 4/10 (seed=45)
Initialized onlyLS solver (GPU local search only). Results will be saved under 'onlyLS'.
Parameters:
  instance_name: ba_262144_1_3.txt
  dataset: barabasi_albert_10ins_m20
  random_seed: 45
  n_random_solutions: 128
  max_local_iterations: 1000
  precision: 32 bits (<class 'numpy.float32'>)
  run_name: onlyLS
--------------------------------------------------
Generating 128 random solutions...
Applying local search to 128 solutions...
Results saved to: results/barabasi_albert_10ins_m20/onlyLS/ba_262144_1_3.csv
Best energy: -61812193.000000
Total time: 1.7255s
Local search iterations: 48
----------------------------------------
  Seed 5/10 (seed=46)
Initialized onlyLS solver (GPU local search only). Results will be saved under 'onlyLS'.
Parameters:
  instance_name: ba_262144_1_3.txt
  dataset: barabasi_albert_10ins_m20
  random_seed: 46
  n_random_solutions: 128
  max_local_iterations: 1000
  precision: 32 bits (<class 'numpy.float32'>)
  run_name: onlyLS
--------------------------------------------------
Generating 128 random solutions...
Applying local search to 128 solutions...
Results saved to: results/barabasi_albert_10ins_m20/onlyLS/ba_262144_1_3.csv
Best energy: -61865611.000000
Total time: 1.6230s
Local search iterations: 43
----------------------------------------
  Seed 6/10 (seed=47)
Initialized onlyLS solver (GPU local search only). Results will be saved under 'onlyLS'.
Parameters:
  instance_name: ba_262144_1_3.txt
  dataset: barabasi_albert_10ins_m20
  random_seed: 47
  n_random_solutions: 128
  max_local_iterations: 1000
  precision: 32 bits (<class 'numpy.float32'>)
  run_name: onlyLS
--------------------------------------------------
Generating 128 random solutions...
Applying local search to 128 solutions...
Results saved to: results/barabasi_albert_10ins_m20/onlyLS/ba_262144_1_3.csv
Best energy: -61833215.000000
Total time: 1.6024s
Local search iterations: 42
----------------------------------------
  Seed 7/10 (seed=48)
Initialized onlyLS solver (GPU local search only). Results will be saved under 'onlyLS'.
Parameters:
  instance_name: ba_262144_1_3.txt
  dataset: barabasi_albert_10ins_m20
  random_seed: 48
  n_random_solutions: 128
  max_local_iterations: 1000
  precision: 32 bits (<class 'numpy.float32'>)
  run_name: onlyLS
--------------------------------------------------
Generating 128 random solutions...
Applying local search to 128 solutions...
Results saved to: results/barabasi_albert_10ins_m20/onlyLS/ba_262144_1_3.csv
Best energy: -61823317.000000
Total time: 1.6226s
Local search iterations: 43
----------------------------------------
  Seed 8/10 (seed=49)
Initialized onlyLS solver (GPU local search only). Results will be saved under 'onlyLS'.
Parameters:
  instance_name: ba_262144_1_3.txt
  dataset: barabasi_albert_10ins_m20
  random_seed: 49
  n_random_solutions: 128
  max_local_iterations: 1000
  precision: 32 bits (<class 'numpy.float32'>)
  run_name: onlyLS
--------------------------------------------------
Generating 128 random solutions...
Applying local search to 128 solutions...
Results saved to: results/barabasi_albert_10ins_m20/onlyLS/ba_262144_1_3.csv
Best energy: -61883679.000000
Total time: 1.7972s
Local search iterations: 48
----------------------------------------
  Seed 9/10 (seed=50)
Initialized onlyLS solver (GPU local search only). Results will be saved under 'onlyLS'.
Parameters:
  instance_name: ba_262144_1_3.txt
  dataset: barabasi_albert_10ins_m20
  random_seed: 50
  n_random_solutions: 128
  max_local_iterations: 1000
  precision: 32 bits (<class 'numpy.float32'>)
  run_name: onlyLS
--------------------------------------------------
Generating 128 random solutions...
Applying local search to 128 solutions...
Results saved to: results/barabasi_albert_10ins_m20/onlyLS/ba_262144_1_3.csv
Best energy: -61838183.000000
Total time: 1.7934s
Local search iterations: 47
----------------------------------------
  Seed 10/10 (seed=51)
Initialized onlyLS solver (GPU local search only). Results will be saved under 'onlyLS'.
Parameters:
  instance_name: ba_262144_1_3.txt
  dataset: barabasi_albert_10ins_m20
  random_seed: 51
  n_random_solutions: 128
  max_local_iterations: 1000
  precision: 32 bits (<class 'numpy.float32'>)
  run_name: onlyLS
--------------------------------------------------
Generating 128 random solutions...
Applying local search to 128 solutions...
Results saved to: results/barabasi_albert_10ins_m20/onlyLS/ba_262144_1_3.csv
Best energy: -61833561.000000
Total time: 1.9007s
Local search iterations: 54
----------------------------------------
Processing instance: ba_262144_1_4.txt
  Seed 1/10 (seed=42)
Initialized onlyLS solver (GPU local search only). Results will be saved under 'onlyLS'.
Parameters:
  instance_name: ba_262144_1_4.txt
  dataset: barabasi_albert_10ins_m20
  random_seed: 42
  n_random_solutions: 128
  max_local_iterations: 1000
  precision: 32 bits (<class 'numpy.float32'>)
  run_name: onlyLS
--------------------------------------------------
Generating 128 random solutions...
Applying local search to 128 solutions...
Results saved to: results/barabasi_albert_10ins_m20/onlyLS/ba_262144_1_4.csv
Best energy: -61858299.000000
Total time: 1.7473s
Local search iterations: 46
----------------------------------------
  Seed 2/10 (seed=43)
Initialized onlyLS solver (GPU local search only). Results will be saved under 'onlyLS'.
Parameters:
  instance_name: ba_262144_1_4.txt
  dataset: barabasi_albert_10ins_m20
  random_seed: 43
  n_random_solutions: 128
  max_local_iterations: 1000
  precision: 32 bits (<class 'numpy.float32'>)
  run_name: onlyLS
--------------------------------------------------
Generating 128 random solutions...
Applying local search to 128 solutions...
Results saved to: results/barabasi_albert_10ins_m20/onlyLS/ba_262144_1_4.csv
Best energy: -61814545.000000
Total time: 1.6434s
Local search iterations: 44
----------------------------------------
  Seed 3/10 (seed=44)
Initialized onlyLS solver (GPU local search only). Results will be saved under 'onlyLS'.
Parameters:
  instance_name: ba_262144_1_4.txt
  dataset: barabasi_albert_10ins_m20
  random_seed: 44
  n_random_solutions: 128
  max_local_iterations: 1000
  precision: 32 bits (<class 'numpy.float32'>)
  run_name: onlyLS
--------------------------------------------------
Generating 128 random solutions...
Applying local search to 128 solutions...
Results saved to: results/barabasi_albert_10ins_m20/onlyLS/ba_262144_1_4.csv
Best energy: -61886563.000000
Total time: 2.1720s
Local search iterations: 70
----------------------------------------
  Seed 4/10 (seed=45)
Initialized onlyLS solver (GPU local search only). Results will be saved under 'onlyLS'.
Parameters:
  instance_name: ba_262144_1_4.txt
  dataset: barabasi_albert_10ins_m20
  random_seed: 45
  n_random_solutions: 128
  max_local_iterations: 1000
  precision: 32 bits (<class 'numpy.float32'>)
  run_name: onlyLS
--------------------------------------------------
Generating 128 random solutions...
Applying local search to 128 solutions...
Results saved to: results/barabasi_albert_10ins_m20/onlyLS/ba_262144_1_4.csv
Best energy: -61793231.000000
Total time: 1.6660s
Local search iterations: 44
----------------------------------------
  Seed 5/10 (seed=46)
Initialized onlyLS solver (GPU local search only). Results will be saved under 'onlyLS'.
Parameters:
  instance_name: ba_262144_1_4.txt
  dataset: barabasi_albert_10ins_m20
  random_seed: 46
  n_random_solutions: 128
  max_local_iterations: 1000
  precision: 32 bits (<class 'numpy.float32'>)
  run_name: onlyLS
--------------------------------------------------
Generating 128 random solutions...
Applying local search to 128 solutions...
Results saved to: results/barabasi_albert_10ins_m20/onlyLS/ba_262144_1_4.csv
Best energy: -61833981.000000
Total time: 1.7496s
Local search iterations: 49
----------------------------------------
  Seed 6/10 (seed=47)
Initialized onlyLS solver (GPU local search only). Results will be saved under 'onlyLS'.
Parameters:
  instance_name: ba_262144_1_4.txt
  dataset: barabasi_albert_10ins_m20
  random_seed: 47
  n_random_solutions: 128
  max_local_iterations: 1000
  precision: 32 bits (<class 'numpy.float32'>)
  run_name: onlyLS
--------------------------------------------------
Generating 128 random solutions...
Applying local search to 128 solutions...
Results saved to: results/barabasi_albert_10ins_m20/onlyLS/ba_262144_1_4.csv
Best energy: -61822289.000000
Total time: 1.5697s
Local search iterations: 40
----------------------------------------
  Seed 7/10 (seed=48)
Initialized onlyLS solver (GPU local search only). Results will be saved under 'onlyLS'.
Parameters:
  instance_name: ba_262144_1_4.txt
  dataset: barabasi_albert_10ins_m20
  random_seed: 48
  n_random_solutions: 128
  max_local_iterations: 1000
  precision: 32 bits (<class 'numpy.float32'>)
  run_name: onlyLS
--------------------------------------------------
Generating 128 random solutions...
Applying local search to 128 solutions...
Results saved to: results/barabasi_albert_10ins_m20/onlyLS/ba_262144_1_4.csv
Best energy: -61840009.000000
Total time: 1.6086s
Local search iterations: 42
----------------------------------------
  Seed 8/10 (seed=49)
Initialized onlyLS solver (GPU local search only). Results will be saved under 'onlyLS'.
Parameters:
  instance_name: ba_262144_1_4.txt
  dataset: barabasi_albert_10ins_m20
  random_seed: 49
  n_random_solutions: 128
  max_local_iterations: 1000
  precision: 32 bits (<class 'numpy.float32'>)
  run_name: onlyLS
--------------------------------------------------
Generating 128 random solutions...
Applying local search to 128 solutions...
Results saved to: results/barabasi_albert_10ins_m20/onlyLS/ba_262144_1_4.csv
Best energy: -61845077.000000
Total time: 1.7714s
Local search iterations: 50
----------------------------------------
  Seed 9/10 (seed=50)
Initialized onlyLS solver (GPU local search only). Results will be saved under 'onlyLS'.
Parameters:
  instance_name: ba_262144_1_4.txt
  dataset: barabasi_albert_10ins_m20
  random_seed: 50
  n_random_solutions: 128
  max_local_iterations: 1000
  precision: 32 bits (<class 'numpy.float32'>)
  run_name: onlyLS
--------------------------------------------------
Generating 128 random solutions...
Applying local search to 128 solutions...
Results saved to: results/barabasi_albert_10ins_m20/onlyLS/ba_262144_1_4.csv
Best energy: -61828633.000000
Total time: 1.6525s
Local search iterations: 44
----------------------------------------
  Seed 10/10 (seed=51)
Initialized onlyLS solver (GPU local search only). Results will be saved under 'onlyLS'.
Parameters:
  instance_name: ba_262144_1_4.txt
  dataset: barabasi_albert_10ins_m20
  random_seed: 51
  n_random_solutions: 128
  max_local_iterations: 1000
  precision: 32 bits (<class 'numpy.float32'>)
  run_name: onlyLS
--------------------------------------------------
Generating 128 random solutions...
Applying local search to 128 solutions...
Results saved to: results/barabasi_albert_10ins_m20/onlyLS/ba_262144_1_4.csv
Best energy: -61829725.000000
Total time: 1.5908s
Local search iterations: 41
----------------------------------------
Processing instance: ba_262144_1_5.txt
  Seed 1/10 (seed=42)
Initialized onlyLS solver (GPU local search only). Results will be saved under 'onlyLS'.
Parameters:
  instance_name: ba_262144_1_5.txt
  dataset: barabasi_albert_10ins_m20
  random_seed: 42
  n_random_solutions: 128
  max_local_iterations: 1000
  precision: 32 bits (<class 'numpy.float32'>)
  run_name: onlyLS
--------------------------------------------------
Generating 128 random solutions...
Applying local search to 128 solutions...
Results saved to: results/barabasi_albert_10ins_m20/onlyLS/ba_262144_1_5.csv
Best energy: -61832418.000000
Total time: 1.7255s
Local search iterations: 45
----------------------------------------
  Seed 2/10 (seed=43)
Initialized onlyLS solver (GPU local search only). Results will be saved under 'onlyLS'.
Parameters:
  instance_name: ba_262144_1_5.txt
  dataset: barabasi_albert_10ins_m20
  random_seed: 43
  n_random_solutions: 128
  max_local_iterations: 1000
  precision: 32 bits (<class 'numpy.float32'>)
  run_name: onlyLS
--------------------------------------------------
Generating 128 random solutions...
Applying local search to 128 solutions...
Results saved to: results/barabasi_albert_10ins_m20/onlyLS/ba_262144_1_5.csv
Best energy: -61772000.000000
Total time: 1.5890s
Local search iterations: 41
----------------------------------------
  Seed 3/10 (seed=44)
Initialized onlyLS solver (GPU local search only). Results will be saved under 'onlyLS'.
Parameters:
  instance_name: ba_262144_1_5.txt
  dataset: barabasi_albert_10ins_m20
  random_seed: 44
  n_random_solutions: 128
  max_local_iterations: 1000
  precision: 32 bits (<class 'numpy.float32'>)
  run_name: onlyLS
--------------------------------------------------
Generating 128 random solutions...
Applying local search to 128 solutions...
Results saved to: results/barabasi_albert_10ins_m20/onlyLS/ba_262144_1_5.csv
Best energy: -61796034.000000
Total time: 1.6329s
Local search iterations: 42
----------------------------------------
  Seed 4/10 (seed=45)
Initialized onlyLS solver (GPU local search only). Results will be saved under 'onlyLS'.
Parameters:
  instance_name: ba_262144_1_5.txt
  dataset: barabasi_albert_10ins_m20
  random_seed: 45
  n_random_solutions: 128
  max_local_iterations: 1000
  precision: 32 bits (<class 'numpy.float32'>)
  run_name: onlyLS
--------------------------------------------------
Generating 128 random solutions...
Applying local search to 128 solutions...
Results saved to: results/barabasi_albert_10ins_m20/onlyLS/ba_262144_1_5.csv
Best energy: -61888240.000000
Total time: 1.6720s
Local search iterations: 44
----------------------------------------
  Seed 5/10 (seed=46)
Initialized onlyLS solver (GPU local search only). Results will be saved under 'onlyLS'.
Parameters:
  instance_name: ba_262144_1_5.txt
  dataset: barabasi_albert_10ins_m20
  random_seed: 46
  n_random_solutions: 128
  max_local_iterations: 1000
  precision: 32 bits (<class 'numpy.float32'>)
  run_name: onlyLS
--------------------------------------------------
Generating 128 random solutions...
Applying local search to 128 solutions...
Results saved to: results/barabasi_albert_10ins_m20/onlyLS/ba_262144_1_5.csv
Best energy: -61787626.000000
Total time: 1.6303s
Local search iterations: 43
----------------------------------------
  Seed 6/10 (seed=47)
Initialized onlyLS solver (GPU local search only). Results will be saved under 'onlyLS'.
Parameters:
  instance_name: ba_262144_1_5.txt
  dataset: barabasi_albert_10ins_m20
  random_seed: 47
  n_random_solutions: 128
  max_local_iterations: 1000
  precision: 32 bits (<class 'numpy.float32'>)
  run_name: onlyLS
--------------------------------------------------
Generating 128 random solutions...
Applying local search to 128 solutions...
Results saved to: results/barabasi_albert_10ins_m20/onlyLS/ba_262144_1_5.csv
Best energy: -61791966.000000
Total time: 1.6742s
Local search iterations: 45
----------------------------------------
  Seed 7/10 (seed=48)
Initialized onlyLS solver (GPU local search only). Results will be saved under 'onlyLS'.
Parameters:
  instance_name: ba_262144_1_5.txt
  dataset: barabasi_albert_10ins_m20
  random_seed: 48
  n_random_solutions: 128
  max_local_iterations: 1000
  precision: 32 bits (<class 'numpy.float32'>)
  run_name: onlyLS
--------------------------------------------------
Generating 128 random solutions...
Applying local search to 128 solutions...
Results saved to: results/barabasi_albert_10ins_m20/onlyLS/ba_262144_1_5.csv
Best energy: -61803862.000000
Total time: 1.5678s
Local search iterations: 40
----------------------------------------
  Seed 8/10 (seed=49)
Initialized onlyLS solver (GPU local search only). Results will be saved under 'onlyLS'.
Parameters:
  instance_name: ba_262144_1_5.txt
  dataset: barabasi_albert_10ins_m20
  random_seed: 49
  n_random_solutions: 128
  max_local_iterations: 1000
  precision: 32 bits (<class 'numpy.float32'>)
  run_name: onlyLS
--------------------------------------------------
Generating 128 random solutions...
Applying local search to 128 solutions...
Results saved to: results/barabasi_albert_10ins_m20/onlyLS/ba_262144_1_5.csv
Best energy: -61810676.000000
Total time: 1.6128s
Local search iterations: 42
----------------------------------------
  Seed 9/10 (seed=50)
Initialized onlyLS solver (GPU local search only). Results will be saved under 'onlyLS'.
Parameters:
  instance_name: ba_262144_1_5.txt
  dataset: barabasi_albert_10ins_m20
  random_seed: 50
  n_random_solutions: 128
  max_local_iterations: 1000
  precision: 32 bits (<class 'numpy.float32'>)
  run_name: onlyLS
--------------------------------------------------
Generating 128 random solutions...
Applying local search to 128 solutions...
Results saved to: results/barabasi_albert_10ins_m20/onlyLS/ba_262144_1_5.csv
Best energy: -61804890.000000
Total time: 1.7229s
Local search iterations: 45
----------------------------------------
  Seed 10/10 (seed=51)
Initialized onlyLS solver (GPU local search only). Results will be saved under 'onlyLS'.
Parameters:
  instance_name: ba_262144_1_5.txt
  dataset: barabasi_albert_10ins_m20
  random_seed: 51
  n_random_solutions: 128
  max_local_iterations: 1000
  precision: 32 bits (<class 'numpy.float32'>)
  run_name: onlyLS
--------------------------------------------------
Generating 128 random solutions...
Applying local search to 128 solutions...
Results saved to: results/barabasi_albert_10ins_m20/onlyLS/ba_262144_1_5.csv
Best energy: -61837466.000000
Total time: 1.5967s
Local search iterations: 41
----------------------------------------
Processing instance: ba_262144_1_6.txt
  Seed 1/10 (seed=42)
Initialized onlyLS solver (GPU local search only). Results will be saved under 'onlyLS'.
Parameters:
  instance_name: ba_262144_1_6.txt
  dataset: barabasi_albert_10ins_m20
  random_seed: 42
  n_random_solutions: 128
  max_local_iterations: 1000
  precision: 32 bits (<class 'numpy.float32'>)
  run_name: onlyLS
--------------------------------------------------
Generating 128 random solutions...
Applying local search to 128 solutions...
Results saved to: results/barabasi_albert_10ins_m20/onlyLS/ba_262144_1_6.csv
Best energy: -61803087.000000
Total time: 1.7281s
Local search iterations: 45
----------------------------------------
  Seed 2/10 (seed=43)
Initialized onlyLS solver (GPU local search only). Results will be saved under 'onlyLS'.
Parameters:
  instance_name: ba_262144_1_6.txt
  dataset: barabasi_albert_10ins_m20
  random_seed: 43
  n_random_solutions: 128
  max_local_iterations: 1000
  precision: 32 bits (<class 'numpy.float32'>)
  run_name: onlyLS
--------------------------------------------------
Generating 128 random solutions...
Applying local search to 128 solutions...
Results saved to: results/barabasi_albert_10ins_m20/onlyLS/ba_262144_1_6.csv
Best energy: -61812971.000000
Total time: 1.6717s
Local search iterations: 45
----------------------------------------
  Seed 3/10 (seed=44)
Initialized onlyLS solver (GPU local search only). Results will be saved under 'onlyLS'.
Parameters:
  instance_name: ba_262144_1_6.txt
  dataset: barabasi_albert_10ins_m20
  random_seed: 44
  n_random_solutions: 128
  max_local_iterations: 1000
  precision: 32 bits (<class 'numpy.float32'>)
  run_name: onlyLS
--------------------------------------------------
Generating 128 random solutions...
Applying local search to 128 solutions...
Results saved to: results/barabasi_albert_10ins_m20/onlyLS/ba_262144_1_6.csv
Best energy: -61849165.000000
Total time: 1.7571s
Local search iterations: 49
----------------------------------------
  Seed 4/10 (seed=45)
Initialized onlyLS solver (GPU local search only). Results will be saved under 'onlyLS'.
Parameters:
  instance_name: ba_262144_1_6.txt
  dataset: barabasi_albert_10ins_m20
  random_seed: 45
  n_random_solutions: 128
  max_local_iterations: 1000
  precision: 32 bits (<class 'numpy.float32'>)
  run_name: onlyLS
--------------------------------------------------
Generating 128 random solutions...
Applying local search to 128 solutions...
Results saved to: results/barabasi_albert_10ins_m20/onlyLS/ba_262144_1_6.csv
Best energy: -61845195.000000
Total time: 1.7129s
Local search iterations: 47
----------------------------------------
  Seed 5/10 (seed=46)
Initialized onlyLS solver (GPU local search only). Results will be saved under 'onlyLS'.
Parameters:
  instance_name: ba_262144_1_6.txt
  dataset: barabasi_albert_10ins_m20
  random_seed: 46
  n_random_solutions: 128
  max_local_iterations: 1000
  precision: 32 bits (<class 'numpy.float32'>)
  run_name: onlyLS
--------------------------------------------------
Generating 128 random solutions...
Applying local search to 128 solutions...
Results saved to: results/barabasi_albert_10ins_m20/onlyLS/ba_262144_1_6.csv
Best energy: -61824703.000000
Total time: 1.7313s
Local search iterations: 48
----------------------------------------
  Seed 6/10 (seed=47)
Initialized onlyLS solver (GPU local search only). Results will be saved under 'onlyLS'.
Parameters:
  instance_name: ba_262144_1_6.txt
  dataset: barabasi_albert_10ins_m20
  random_seed: 47
  n_random_solutions: 128
  max_local_iterations: 1000
  precision: 32 bits (<class 'numpy.float32'>)
  run_name: onlyLS
--------------------------------------------------
Generating 128 random solutions...
Applying local search to 128 solutions...
Results saved to: results/barabasi_albert_10ins_m20/onlyLS/ba_262144_1_6.csv
Best energy: -61841059.000000
Total time: 1.6097s
Local search iterations: 42
----------------------------------------
  Seed 7/10 (seed=48)
Initialized onlyLS solver (GPU local search only). Results will be saved under 'onlyLS'.
Parameters:
  instance_name: ba_262144_1_6.txt
  dataset: barabasi_albert_10ins_m20
  random_seed: 48
  n_random_solutions: 128
  max_local_iterations: 1000
  precision: 32 bits (<class 'numpy.float32'>)
  run_name: onlyLS
--------------------------------------------------
Generating 128 random solutions...
Applying local search to 128 solutions...
Results saved to: results/barabasi_albert_10ins_m20/onlyLS/ba_262144_1_6.csv
Best energy: -61924493.000000
Total time: 1.7522s
Local search iterations: 49
----------------------------------------
  Seed 8/10 (seed=49)
Initialized onlyLS solver (GPU local search only). Results will be saved under 'onlyLS'.
Parameters:
  instance_name: ba_262144_1_6.txt
  dataset: barabasi_albert_10ins_m20
  random_seed: 49
  n_random_solutions: 128
  max_local_iterations: 1000
  precision: 32 bits (<class 'numpy.float32'>)
  run_name: onlyLS
--------------------------------------------------
Generating 128 random solutions...
Applying local search to 128 solutions...
Results saved to: results/barabasi_albert_10ins_m20/onlyLS/ba_262144_1_6.csv
Best energy: -61818417.000000
Total time: 1.6108s
Local search iterations: 42
----------------------------------------
  Seed 9/10 (seed=50)
Initialized onlyLS solver (GPU local search only). Results will be saved under 'onlyLS'.
Parameters:
  instance_name: ba_262144_1_6.txt
  dataset: barabasi_albert_10ins_m20
  random_seed: 50
  n_random_solutions: 128
  max_local_iterations: 1000
  precision: 32 bits (<class 'numpy.float32'>)
  run_name: onlyLS
--------------------------------------------------
Generating 128 random solutions...
Applying local search to 128 solutions...
Results saved to: results/barabasi_albert_10ins_m20/onlyLS/ba_262144_1_6.csv
Best energy: -61780297.000000
Total time: 1.7320s
Local search iterations: 48
----------------------------------------
  Seed 10/10 (seed=51)
Initialized onlyLS solver (GPU local search only). Results will be saved under 'onlyLS'.
Parameters:
  instance_name: ba_262144_1_6.txt
  dataset: barabasi_albert_10ins_m20
  random_seed: 51
  n_random_solutions: 128
  max_local_iterations: 1000
  precision: 32 bits (<class 'numpy.float32'>)
  run_name: onlyLS
--------------------------------------------------
Generating 128 random solutions...
Applying local search to 128 solutions...
Results saved to: results/barabasi_albert_10ins_m20/onlyLS/ba_262144_1_6.csv
Best energy: -61832105.000000
Total time: 1.7958s
Local search iterations: 45
----------------------------------------
Processing instance: ba_262144_1_7.txt
  Seed 1/10 (seed=42)
Initialized onlyLS solver (GPU local search only). Results will be saved under 'onlyLS'.
Parameters:
  instance_name: ba_262144_1_7.txt
  dataset: barabasi_albert_10ins_m20
  random_seed: 42
  n_random_solutions: 128
  max_local_iterations: 1000
  precision: 32 bits (<class 'numpy.float32'>)
  run_name: onlyLS
--------------------------------------------------
Generating 128 random solutions...
Applying local search to 128 solutions...
Results saved to: results/barabasi_albert_10ins_m20/onlyLS/ba_262144_1_7.csv
Best energy: -61803278.000000
Total time: 1.6394s
Local search iterations: 41
----------------------------------------
  Seed 2/10 (seed=43)
Initialized onlyLS solver (GPU local search only). Results will be saved under 'onlyLS'.
Parameters:
  instance_name: ba_262144_1_7.txt
  dataset: barabasi_albert_10ins_m20
  random_seed: 43
  n_random_solutions: 128
  max_local_iterations: 1000
  precision: 32 bits (<class 'numpy.float32'>)
  run_name: onlyLS
--------------------------------------------------
Generating 128 random solutions...
Applying local search to 128 solutions...
Results saved to: results/barabasi_albert_10ins_m20/onlyLS/ba_262144_1_7.csv
Best energy: -61810738.000000
Total time: 1.7649s
Local search iterations: 50
----------------------------------------
  Seed 3/10 (seed=44)
Initialized onlyLS solver (GPU local search only). Results will be saved under 'onlyLS'.
Parameters:
  instance_name: ba_262144_1_7.txt
  dataset: barabasi_albert_10ins_m20
  random_seed: 44
  n_random_solutions: 128
  max_local_iterations: 1000
  precision: 32 bits (<class 'numpy.float32'>)
  run_name: onlyLS
--------------------------------------------------
Generating 128 random solutions...
Applying local search to 128 solutions...
Results saved to: results/barabasi_albert_10ins_m20/onlyLS/ba_262144_1_7.csv
Best energy: -61799606.000000
Total time: 1.7293s
Local search iterations: 46
----------------------------------------
  Seed 4/10 (seed=45)
Initialized onlyLS solver (GPU local search only). Results will be saved under 'onlyLS'.
Parameters:
  instance_name: ba_262144_1_7.txt
  dataset: barabasi_albert_10ins_m20
  random_seed: 45
  n_random_solutions: 128
  max_local_iterations: 1000
  precision: 32 bits (<class 'numpy.float32'>)
  run_name: onlyLS
--------------------------------------------------
Generating 128 random solutions...
Applying local search to 128 solutions...
Results saved to: results/barabasi_albert_10ins_m20/onlyLS/ba_262144_1_7.csv
Best energy: -61791740.000000
Total time: 1.6066s
Local search iterations: 42
----------------------------------------
  Seed 5/10 (seed=46)
Initialized onlyLS solver (GPU local search only). Results will be saved under 'onlyLS'.
Parameters:
  instance_name: ba_262144_1_7.txt
  dataset: barabasi_albert_10ins_m20
  random_seed: 46
  n_random_solutions: 128
  max_local_iterations: 1000
  precision: 32 bits (<class 'numpy.float32'>)
  run_name: onlyLS
--------------------------------------------------
Generating 128 random solutions...
Applying local search to 128 solutions...
Results saved to: results/barabasi_albert_10ins_m20/onlyLS/ba_262144_1_7.csv
Best energy: -61827120.000000
Total time: 1.6420s
Local search iterations: 44
----------------------------------------
  Seed 6/10 (seed=47)
Initialized onlyLS solver (GPU local search only). Results will be saved under 'onlyLS'.
Parameters:
  instance_name: ba_262144_1_7.txt
  dataset: barabasi_albert_10ins_m20
  random_seed: 47
  n_random_solutions: 128
  max_local_iterations: 1000
  precision: 32 bits (<class 'numpy.float32'>)
  run_name: onlyLS
--------------------------------------------------
Generating 128 random solutions...
Applying local search to 128 solutions...
Results saved to: results/barabasi_albert_10ins_m20/onlyLS/ba_262144_1_7.csv
Best energy: -61823946.000000
Total time: 1.5401s
Local search iterations: 39
----------------------------------------
  Seed 7/10 (seed=48)
Initialized onlyLS solver (GPU local search only). Results will be saved under 'onlyLS'.
Parameters:
  instance_name: ba_262144_1_7.txt
  dataset: barabasi_albert_10ins_m20
  random_seed: 48
  n_random_solutions: 128
  max_local_iterations: 1000
  precision: 32 bits (<class 'numpy.float32'>)
  run_name: onlyLS
--------------------------------------------------
Generating 128 random solutions...
Applying local search to 128 solutions...
Results saved to: results/barabasi_albert_10ins_m20/onlyLS/ba_262144_1_7.csv
Best energy: -61847886.000000
Total time: 1.6221s
Local search iterations: 43
----------------------------------------
  Seed 8/10 (seed=49)
Initialized onlyLS solver (GPU local search only). Results will be saved under 'onlyLS'.
Parameters:
  instance_name: ba_262144_1_7.txt
  dataset: barabasi_albert_10ins_m20
  random_seed: 49
  n_random_solutions: 128
  max_local_iterations: 1000
  precision: 32 bits (<class 'numpy.float32'>)
  run_name: onlyLS
--------------------------------------------------
Generating 128 random solutions...
Applying local search to 128 solutions...
Results saved to: results/barabasi_albert_10ins_m20/onlyLS/ba_262144_1_7.csv
Best energy: -61860788.000000
Total time: 1.5398s
Local search iterations: 39
----------------------------------------
  Seed 9/10 (seed=50)
Initialized onlyLS solver (GPU local search only). Results will be saved under 'onlyLS'.
Parameters:
  instance_name: ba_262144_1_7.txt
  dataset: barabasi_albert_10ins_m20
  random_seed: 50
  n_random_solutions: 128
  max_local_iterations: 1000
  precision: 32 bits (<class 'numpy.float32'>)
  run_name: onlyLS
--------------------------------------------------
Generating 128 random solutions...
Applying local search to 128 solutions...
Results saved to: results/barabasi_albert_10ins_m20/onlyLS/ba_262144_1_7.csv
Best energy: -61827712.000000
Total time: 1.6050s
Local search iterations: 42
----------------------------------------
  Seed 10/10 (seed=51)
Initialized onlyLS solver (GPU local search only). Results will be saved under 'onlyLS'.
Parameters:
  instance_name: ba_262144_1_7.txt
  dataset: barabasi_albert_10ins_m20
  random_seed: 51
  n_random_solutions: 128
  max_local_iterations: 1000
  precision: 32 bits (<class 'numpy.float32'>)
  run_name: onlyLS
--------------------------------------------------
Generating 128 random solutions...
Applying local search to 128 solutions...
Results saved to: results/barabasi_albert_10ins_m20/onlyLS/ba_262144_1_7.csv
Best energy: -61872910.000000
Total time: 1.7465s
Local search iterations: 49
----------------------------------------
Processing instance: ba_262144_1_8.txt
  Seed 1/10 (seed=42)
Initialized onlyLS solver (GPU local search only). Results will be saved under 'onlyLS'.
Parameters:
  instance_name: ba_262144_1_8.txt
  dataset: barabasi_albert_10ins_m20
  random_seed: 42
  n_random_solutions: 128
  max_local_iterations: 1000
  precision: 32 bits (<class 'numpy.float32'>)
  run_name: onlyLS
--------------------------------------------------
Generating 128 random solutions...
Applying local search to 128 solutions...
Results saved to: results/barabasi_albert_10ins_m20/onlyLS/ba_262144_1_8.csv
Best energy: -61819323.000000
Total time: 1.6349s
Local search iterations: 41
----------------------------------------
  Seed 2/10 (seed=43)
Initialized onlyLS solver (GPU local search only). Results will be saved under 'onlyLS'.
Parameters:
  instance_name: ba_262144_1_8.txt
  dataset: barabasi_albert_10ins_m20
  random_seed: 43
  n_random_solutions: 128
  max_local_iterations: 1000
  precision: 32 bits (<class 'numpy.float32'>)
  run_name: onlyLS
--------------------------------------------------
Generating 128 random solutions...
Applying local search to 128 solutions...
Results saved to: results/barabasi_albert_10ins_m20/onlyLS/ba_262144_1_8.csv
Best energy: -61825283.000000
Total time: 1.6460s
Local search iterations: 44
----------------------------------------
  Seed 3/10 (seed=44)
Initialized onlyLS solver (GPU local search only). Results will be saved under 'onlyLS'.
Parameters:
  instance_name: ba_262144_1_8.txt
  dataset: barabasi_albert_10ins_m20
  random_seed: 44
  n_random_solutions: 128
  max_local_iterations: 1000
  precision: 32 bits (<class 'numpy.float32'>)
  run_name: onlyLS
--------------------------------------------------
Generating 128 random solutions...
Applying local search to 128 solutions...
Results saved to: results/barabasi_albert_10ins_m20/onlyLS/ba_262144_1_8.csv
Best energy: -61823057.000000
Total time: 1.6872s
Local search iterations: 46
----------------------------------------
  Seed 4/10 (seed=45)
Initialized onlyLS solver (GPU local search only). Results will be saved under 'onlyLS'.
Parameters:
  instance_name: ba_262144_1_8.txt
  dataset: barabasi_albert_10ins_m20
  random_seed: 45
  n_random_solutions: 128
  max_local_iterations: 1000
  precision: 32 bits (<class 'numpy.float32'>)
  run_name: onlyLS
--------------------------------------------------
Generating 128 random solutions...
Applying local search to 128 solutions...
Results saved to: results/barabasi_albert_10ins_m20/onlyLS/ba_262144_1_8.csv
Best energy: -61847775.000000
Total time: 1.6673s
Local search iterations: 44
----------------------------------------
  Seed 5/10 (seed=46)
Initialized onlyLS solver (GPU local search only). Results will be saved under 'onlyLS'.
Parameters:
  instance_name: ba_262144_1_8.txt
  dataset: barabasi_albert_10ins_m20
  random_seed: 46
  n_random_solutions: 128
  max_local_iterations: 1000
  precision: 32 bits (<class 'numpy.float32'>)
  run_name: onlyLS
--------------------------------------------------
Generating 128 random solutions...
Applying local search to 128 solutions...
Results saved to: results/barabasi_albert_10ins_m20/onlyLS/ba_262144_1_8.csv
Best energy: -61798285.000000
Total time: 1.6898s
Local search iterations: 45
----------------------------------------
  Seed 6/10 (seed=47)
Initialized onlyLS solver (GPU local search only). Results will be saved under 'onlyLS'.
Parameters:
  instance_name: ba_262144_1_8.txt
  dataset: barabasi_albert_10ins_m20
  random_seed: 47
  n_random_solutions: 128
  max_local_iterations: 1000
  precision: 32 bits (<class 'numpy.float32'>)
  run_name: onlyLS
--------------------------------------------------
Generating 128 random solutions...
Applying local search to 128 solutions...
Results saved to: results/barabasi_albert_10ins_m20/onlyLS/ba_262144_1_8.csv
Best energy: -61833583.000000
Total time: 1.6250s
Local search iterations: 43
----------------------------------------
  Seed 7/10 (seed=48)
Initialized onlyLS solver (GPU local search only). Results will be saved under 'onlyLS'.
Parameters:
  instance_name: ba_262144_1_8.txt
  dataset: barabasi_albert_10ins_m20
  random_seed: 48
  n_random_solutions: 128
  max_local_iterations: 1000
  precision: 32 bits (<class 'numpy.float32'>)
  run_name: onlyLS
--------------------------------------------------
Generating 128 random solutions...
Applying local search to 128 solutions...
Results saved to: results/barabasi_albert_10ins_m20/onlyLS/ba_262144_1_8.csv
Best energy: -61802701.000000
Total time: 1.7906s
Local search iterations: 51
----------------------------------------
  Seed 8/10 (seed=49)
Initialized onlyLS solver (GPU local search only). Results will be saved under 'onlyLS'.
Parameters:
  instance_name: ba_262144_1_8.txt
  dataset: barabasi_albert_10ins_m20
  random_seed: 49
  n_random_solutions: 128
  max_local_iterations: 1000
  precision: 32 bits (<class 'numpy.float32'>)
  run_name: onlyLS
--------------------------------------------------
Generating 128 random solutions...
Applying local search to 128 solutions...
Results saved to: results/barabasi_albert_10ins_m20/onlyLS/ba_262144_1_8.csv
Best energy: -61809805.000000
Total time: 1.7924s
Local search iterations: 51
----------------------------------------
  Seed 9/10 (seed=50)
Initialized onlyLS solver (GPU local search only). Results will be saved under 'onlyLS'.
Parameters:
  instance_name: ba_262144_1_8.txt
  dataset: barabasi_albert_10ins_m20
  random_seed: 50
  n_random_solutions: 128
  max_local_iterations: 1000
  precision: 32 bits (<class 'numpy.float32'>)
  run_name: onlyLS
--------------------------------------------------
Generating 128 random solutions...
Applying local search to 128 solutions...
Results saved to: results/barabasi_albert_10ins_m20/onlyLS/ba_262144_1_8.csv
Best energy: -61809199.000000
Total time: 1.5493s
Local search iterations: 39
----------------------------------------
  Seed 10/10 (seed=51)
Initialized onlyLS solver (GPU local search only). Results will be saved under 'onlyLS'.
Parameters:
  instance_name: ba_262144_1_8.txt
  dataset: barabasi_albert_10ins_m20
  random_seed: 51
  n_random_solutions: 128
  max_local_iterations: 1000
  precision: 32 bits (<class 'numpy.float32'>)
  run_name: onlyLS
--------------------------------------------------
Generating 128 random solutions...
Applying local search to 128 solutions...
Results saved to: results/barabasi_albert_10ins_m20/onlyLS/ba_262144_1_8.csv
Best energy: -61828817.000000
Total time: 1.6917s
Local search iterations: 46
----------------------------------------
Processing instance: ba_262144_1_9.txt
  Seed 1/10 (seed=42)
Initialized onlyLS solver (GPU local search only). Results will be saved under 'onlyLS'.
Parameters:
  instance_name: ba_262144_1_9.txt
  dataset: barabasi_albert_10ins_m20
  random_seed: 42
  n_random_solutions: 128
  max_local_iterations: 1000
  precision: 32 bits (<class 'numpy.float32'>)
  run_name: onlyLS
--------------------------------------------------
Generating 128 random solutions...
Applying local search to 128 solutions...
Results saved to: results/barabasi_albert_10ins_m20/onlyLS/ba_262144_1_9.csv
Best energy: -61811964.000000
Total time: 1.7404s
Local search iterations: 46
----------------------------------------
  Seed 2/10 (seed=43)
Initialized onlyLS solver (GPU local search only). Results will be saved under 'onlyLS'.
Parameters:
  instance_name: ba_262144_1_9.txt
  dataset: barabasi_albert_10ins_m20
  random_seed: 43
  n_random_solutions: 128
  max_local_iterations: 1000
  precision: 32 bits (<class 'numpy.float32'>)
  run_name: onlyLS
--------------------------------------------------
Generating 128 random solutions...
Applying local search to 128 solutions...
Results saved to: results/barabasi_albert_10ins_m20/onlyLS/ba_262144_1_9.csv
Best energy: -61815970.000000
Total time: 1.6260s
Local search iterations: 42
----------------------------------------
  Seed 3/10 (seed=44)
Initialized onlyLS solver (GPU local search only). Results will be saved under 'onlyLS'.
Parameters:
  instance_name: ba_262144_1_9.txt
  dataset: barabasi_albert_10ins_m20
  random_seed: 44
  n_random_solutions: 128
  max_local_iterations: 1000
  precision: 32 bits (<class 'numpy.float32'>)
  run_name: onlyLS
--------------------------------------------------
Generating 128 random solutions...
Applying local search to 128 solutions...
Results saved to: results/barabasi_albert_10ins_m20/onlyLS/ba_262144_1_9.csv
Best energy: -61795234.000000
Total time: 1.5656s
Local search iterations: 40
----------------------------------------
  Seed 4/10 (seed=45)
Initialized onlyLS solver (GPU local search only). Results will be saved under 'onlyLS'.
Parameters:
  instance_name: ba_262144_1_9.txt
  dataset: barabasi_albert_10ins_m20
  random_seed: 45
  n_random_solutions: 128
  max_local_iterations: 1000
  precision: 32 bits (<class 'numpy.float32'>)
  run_name: onlyLS
--------------------------------------------------
Generating 128 random solutions...
Applying local search to 128 solutions...
Results saved to: results/barabasi_albert_10ins_m20/onlyLS/ba_262144_1_9.csv
Best energy: -61862308.000000
Total time: 1.6290s
Local search iterations: 42
----------------------------------------
  Seed 5/10 (seed=46)
Initialized onlyLS solver (GPU local search only). Results will be saved under 'onlyLS'.
Parameters:
  instance_name: ba_262144_1_9.txt
  dataset: barabasi_albert_10ins_m20
  random_seed: 46
  n_random_solutions: 128
  max_local_iterations: 1000
  precision: 32 bits (<class 'numpy.float32'>)
  run_name: onlyLS
--------------------------------------------------
Generating 128 random solutions...
Applying local search to 128 solutions...
Results saved to: results/barabasi_albert_10ins_m20/onlyLS/ba_262144_1_9.csv
Best energy: -61853022.000000
Total time: 1.6668s
Local search iterations: 43
----------------------------------------
  Seed 6/10 (seed=47)
Initialized onlyLS solver (GPU local search only). Results will be saved under 'onlyLS'.
Parameters:
  instance_name: ba_262144_1_9.txt
  dataset: barabasi_albert_10ins_m20
  random_seed: 47
  n_random_solutions: 128
  max_local_iterations: 1000
  precision: 32 bits (<class 'numpy.float32'>)
  run_name: onlyLS
--------------------------------------------------
Generating 128 random solutions...
Applying local search to 128 solutions...
Results saved to: results/barabasi_albert_10ins_m20/onlyLS/ba_262144_1_9.csv
Best energy: -61779432.000000
Total time: 1.6432s
Local search iterations: 44
----------------------------------------
  Seed 7/10 (seed=48)
Initialized onlyLS solver (GPU local search only). Results will be saved under 'onlyLS'.
Parameters:
  instance_name: ba_262144_1_9.txt
  dataset: barabasi_albert_10ins_m20
  random_seed: 48
  n_random_solutions: 128
  max_local_iterations: 1000
  precision: 32 bits (<class 'numpy.float32'>)
  run_name: onlyLS
--------------------------------------------------
Generating 128 random solutions...
Applying local search to 128 solutions...
Results saved to: results/barabasi_albert_10ins_m20/onlyLS/ba_262144_1_9.csv
Best energy: -61790354.000000
Total time: 1.5858s
Local search iterations: 41
----------------------------------------
  Seed 8/10 (seed=49)
Initialized onlyLS solver (GPU local search only). Results will be saved under 'onlyLS'.
Parameters:
  instance_name: ba_262144_1_9.txt
  dataset: barabasi_albert_10ins_m20
  random_seed: 49
  n_random_solutions: 128
  max_local_iterations: 1000
  precision: 32 bits (<class 'numpy.float32'>)
  run_name: onlyLS
--------------------------------------------------
Generating 128 random solutions...
Applying local search to 128 solutions...
Results saved to: results/barabasi_albert_10ins_m20/onlyLS/ba_262144_1_9.csv
Best energy: -61843658.000000
Total time: 1.8874s
Local search iterations: 56
----------------------------------------
  Seed 9/10 (seed=50)
Initialized onlyLS solver (GPU local search only). Results will be saved under 'onlyLS'.
Parameters:
  instance_name: ba_262144_1_9.txt
  dataset: barabasi_albert_10ins_m20
  random_seed: 50
  n_random_solutions: 128
  max_local_iterations: 1000
  precision: 32 bits (<class 'numpy.float32'>)
  run_name: onlyLS
--------------------------------------------------
Generating 128 random solutions...
Applying local search to 128 solutions...
Results saved to: results/barabasi_albert_10ins_m20/onlyLS/ba_262144_1_9.csv
Best energy: -61841992.000000
Total time: 1.5464s
Local search iterations: 39
----------------------------------------
  Seed 10/10 (seed=51)
Initialized onlyLS solver (GPU local search only). Results will be saved under 'onlyLS'.
Parameters:
  instance_name: ba_262144_1_9.txt
  dataset: barabasi_albert_10ins_m20
  random_seed: 51
  n_random_solutions: 128
  max_local_iterations: 1000
  precision: 32 bits (<class 'numpy.float32'>)
  run_name: onlyLS
--------------------------------------------------
Generating 128 random solutions...
Applying local search to 128 solutions...
Results saved to: results/barabasi_albert_10ins_m20/onlyLS/ba_262144_1_9.csv
Best energy: -61856936.000000
Total time: 1.6966s
Local search iterations: 43
----------------------------------------
Processing instance: ba_32768_1_0.txt
  Seed 1/10 (seed=42)
Initialized onlyLS solver (GPU local search only). Results will be saved under 'onlyLS'.
Parameters:
  instance_name: ba_32768_1_0.txt
  dataset: barabasi_albert_10ins_m20
  random_seed: 42
  n_random_solutions: 128
  max_local_iterations: 1000
  precision: 32 bits (<class 'numpy.float32'>)
  run_name: onlyLS
--------------------------------------------------
Generating 128 random solutions...
Applying local search to 128 solutions...
Results saved to: results/barabasi_albert_10ins_m20/onlyLS/ba_32768_1_0.csv
Best energy: -8055685.000000
Total time: 0.2198s
Local search iterations: 60
----------------------------------------
  Seed 2/10 (seed=43)
Initialized onlyLS solver (GPU local search only). Results will be saved under 'onlyLS'.
Parameters:
  instance_name: ba_32768_1_0.txt
  dataset: barabasi_albert_10ins_m20
  random_seed: 43
  n_random_solutions: 128
  max_local_iterations: 1000
  precision: 32 bits (<class 'numpy.float32'>)
  run_name: onlyLS
--------------------------------------------------
Generating 128 random solutions...
Applying local search to 128 solutions...
Results saved to: results/barabasi_albert_10ins_m20/onlyLS/ba_32768_1_0.csv
Best energy: -8058059.000000
Total time: 0.2214s
Local search iterations: 64
----------------------------------------
  Seed 3/10 (seed=44)
Initialized onlyLS solver (GPU local search only). Results will be saved under 'onlyLS'.
Parameters:
  instance_name: ba_32768_1_0.txt
  dataset: barabasi_albert_10ins_m20
  random_seed: 44
  n_random_solutions: 128
  max_local_iterations: 1000
  precision: 32 bits (<class 'numpy.float32'>)
  run_name: onlyLS
--------------------------------------------------
Generating 128 random solutions...
Applying local search to 128 solutions...
Results saved to: results/barabasi_albert_10ins_m20/onlyLS/ba_32768_1_0.csv
Best energy: -8073505.000000
Total time: 0.2336s
Local search iterations: 73
----------------------------------------
  Seed 4/10 (seed=45)
Initialized onlyLS solver (GPU local search only). Results will be saved under 'onlyLS'.
Parameters:
  instance_name: ba_32768_1_0.txt
  dataset: barabasi_albert_10ins_m20
  random_seed: 45
  n_random_solutions: 128
  max_local_iterations: 1000
  precision: 32 bits (<class 'numpy.float32'>)
  run_name: onlyLS
--------------------------------------------------
Generating 128 random solutions...
Applying local search to 128 solutions...
Results saved to: results/barabasi_albert_10ins_m20/onlyLS/ba_32768_1_0.csv
Best energy: -8057689.000000
Total time: 0.2285s
Local search iterations: 69
----------------------------------------
  Seed 5/10 (seed=46)
Initialized onlyLS solver (GPU local search only). Results will be saved under 'onlyLS'.
Parameters:
  instance_name: ba_32768_1_0.txt
  dataset: barabasi_albert_10ins_m20
  random_seed: 46
  n_random_solutions: 128
  max_local_iterations: 1000
  precision: 32 bits (<class 'numpy.float32'>)
  run_name: onlyLS
--------------------------------------------------
Generating 128 random solutions...
Applying local search to 128 solutions...
Results saved to: results/barabasi_albert_10ins_m20/onlyLS/ba_32768_1_0.csv
Best energy: -8077585.000000
Total time: 0.2226s
Local search iterations: 65
----------------------------------------
  Seed 6/10 (seed=47)
Initialized onlyLS solver (GPU local search only). Results will be saved under 'onlyLS'.
Parameters:
  instance_name: ba_32768_1_0.txt
  dataset: barabasi_albert_10ins_m20
  random_seed: 47
  n_random_solutions: 128
  max_local_iterations: 1000
  precision: 32 bits (<class 'numpy.float32'>)
  run_name: onlyLS
--------------------------------------------------
Generating 128 random solutions...
Applying local search to 128 solutions...
Results saved to: results/barabasi_albert_10ins_m20/onlyLS/ba_32768_1_0.csv
Best energy: -8070177.000000
Total time: 0.2457s
Local search iterations: 81
----------------------------------------
  Seed 7/10 (seed=48)
Initialized onlyLS solver (GPU local search only). Results will be saved under 'onlyLS'.
Parameters:
  instance_name: ba_32768_1_0.txt
  dataset: barabasi_albert_10ins_m20
  random_seed: 48
  n_random_solutions: 128
  max_local_iterations: 1000
  precision: 32 bits (<class 'numpy.float32'>)
  run_name: onlyLS
--------------------------------------------------
Generating 128 random solutions...
Applying local search to 128 solutions...
Results saved to: results/barabasi_albert_10ins_m20/onlyLS/ba_32768_1_0.csv
Best energy: -8086535.000000
Total time: 0.2437s
Local search iterations: 81
----------------------------------------
  Seed 8/10 (seed=49)
Initialized onlyLS solver (GPU local search only). Results will be saved under 'onlyLS'.
Parameters:
  instance_name: ba_32768_1_0.txt
  dataset: barabasi_albert_10ins_m20
  random_seed: 49
  n_random_solutions: 128
  max_local_iterations: 1000
  precision: 32 bits (<class 'numpy.float32'>)
  run_name: onlyLS
--------------------------------------------------
Generating 128 random solutions...
Applying local search to 128 solutions...
Results saved to: results/barabasi_albert_10ins_m20/onlyLS/ba_32768_1_0.csv
Best energy: -8058261.000000
Total time: 0.2272s
Local search iterations: 68
----------------------------------------
  Seed 9/10 (seed=50)
Initialized onlyLS solver (GPU local search only). Results will be saved under 'onlyLS'.
Parameters:
  instance_name: ba_32768_1_0.txt
  dataset: barabasi_albert_10ins_m20
  random_seed: 50
  n_random_solutions: 128
  max_local_iterations: 1000
  precision: 32 bits (<class 'numpy.float32'>)
  run_name: onlyLS
--------------------------------------------------
Generating 128 random solutions...
Applying local search to 128 solutions...
Results saved to: results/barabasi_albert_10ins_m20/onlyLS/ba_32768_1_0.csv
Best energy: -8063637.000000
Total time: 0.2253s
Local search iterations: 67
----------------------------------------
  Seed 10/10 (seed=51)
Initialized onlyLS solver (GPU local search only). Results will be saved under 'onlyLS'.
Parameters:
  instance_name: ba_32768_1_0.txt
  dataset: barabasi_albert_10ins_m20
  random_seed: 51
  n_random_solutions: 128
  max_local_iterations: 1000
  precision: 32 bits (<class 'numpy.float32'>)
  run_name: onlyLS
--------------------------------------------------
Generating 128 random solutions...
Applying local search to 128 solutions...
Results saved to: results/barabasi_albert_10ins_m20/onlyLS/ba_32768_1_0.csv
Best energy: -8064481.000000
Total time: 0.2278s
Local search iterations: 69
----------------------------------------
Processing instance: ba_32768_1_1.txt
  Seed 1/10 (seed=42)
Initialized onlyLS solver (GPU local search only). Results will be saved under 'onlyLS'.
Parameters:
  instance_name: ba_32768_1_1.txt
  dataset: barabasi_albert_10ins_m20
  random_seed: 42
  n_random_solutions: 128
  max_local_iterations: 1000
  precision: 32 bits (<class 'numpy.float32'>)
  run_name: onlyLS
--------------------------------------------------
Generating 128 random solutions...
Applying local search to 128 solutions...
Results saved to: results/barabasi_albert_10ins_m20/onlyLS/ba_32768_1_1.csv
Best energy: -8064161.000000
Total time: 0.2242s
Local search iterations: 66
----------------------------------------
  Seed 2/10 (seed=43)
Initialized onlyLS solver (GPU local search only). Results will be saved under 'onlyLS'.
Parameters:
  instance_name: ba_32768_1_1.txt
  dataset: barabasi_albert_10ins_m20
  random_seed: 43
  n_random_solutions: 128
  max_local_iterations: 1000
  precision: 32 bits (<class 'numpy.float32'>)
  run_name: onlyLS
--------------------------------------------------
Generating 128 random solutions...
Applying local search to 128 solutions...
Results saved to: results/barabasi_albert_10ins_m20/onlyLS/ba_32768_1_1.csv
Best energy: -8071519.000000
Total time: 0.2324s
Local search iterations: 72
----------------------------------------
  Seed 3/10 (seed=44)
Initialized onlyLS solver (GPU local search only). Results will be saved under 'onlyLS'.
Parameters:
  instance_name: ba_32768_1_1.txt
  dataset: barabasi_albert_10ins_m20
  random_seed: 44
  n_random_solutions: 128
  max_local_iterations: 1000
  precision: 32 bits (<class 'numpy.float32'>)
  run_name: onlyLS
--------------------------------------------------
Generating 128 random solutions...
Applying local search to 128 solutions...
Results saved to: results/barabasi_albert_10ins_m20/onlyLS/ba_32768_1_1.csv
Best energy: -8050329.000000
Total time: 0.2351s
Local search iterations: 74
----------------------------------------
  Seed 4/10 (seed=45)
Initialized onlyLS solver (GPU local search only). Results will be saved under 'onlyLS'.
Parameters:
  instance_name: ba_32768_1_1.txt
  dataset: barabasi_albert_10ins_m20
  random_seed: 45
  n_random_solutions: 128
  max_local_iterations: 1000
  precision: 32 bits (<class 'numpy.float32'>)
  run_name: onlyLS
--------------------------------------------------
Generating 128 random solutions...
Applying local search to 128 solutions...
Results saved to: results/barabasi_albert_10ins_m20/onlyLS/ba_32768_1_1.csv
Best energy: -8061163.000000
Total time: 0.2348s
Local search iterations: 74
----------------------------------------
  Seed 5/10 (seed=46)
Initialized onlyLS solver (GPU local search only). Results will be saved under 'onlyLS'.
Parameters:
  instance_name: ba_32768_1_1.txt
  dataset: barabasi_albert_10ins_m20
  random_seed: 46
  n_random_solutions: 128
  max_local_iterations: 1000
  precision: 32 bits (<class 'numpy.float32'>)
  run_name: onlyLS
--------------------------------------------------
Generating 128 random solutions...
Applying local search to 128 solutions...
Results saved to: results/barabasi_albert_10ins_m20/onlyLS/ba_32768_1_1.csv
Best energy: -8060989.000000
Total time: 0.2188s
Local search iterations: 62
----------------------------------------
  Seed 6/10 (seed=47)
Initialized onlyLS solver (GPU local search only). Results will be saved under 'onlyLS'.
Parameters:
  instance_name: ba_32768_1_1.txt
  dataset: barabasi_albert_10ins_m20
  random_seed: 47
  n_random_solutions: 128
  max_local_iterations: 1000
  precision: 32 bits (<class 'numpy.float32'>)
  run_name: onlyLS
--------------------------------------------------
Generating 128 random solutions...
Applying local search to 128 solutions...
Results saved to: results/barabasi_albert_10ins_m20/onlyLS/ba_32768_1_1.csv
Best energy: -8080837.000000
Total time: 0.2239s
Local search iterations: 66
----------------------------------------
  Seed 7/10 (seed=48)
Initialized onlyLS solver (GPU local search only). Results will be saved under 'onlyLS'.
Parameters:
  instance_name: ba_32768_1_1.txt
  dataset: barabasi_albert_10ins_m20
  random_seed: 48
  n_random_solutions: 128
  max_local_iterations: 1000
  precision: 32 bits (<class 'numpy.float32'>)
  run_name: onlyLS
--------------------------------------------------
Generating 128 random solutions...
Applying local search to 128 solutions...
Results saved to: results/barabasi_albert_10ins_m20/onlyLS/ba_32768_1_1.csv
Best energy: -8077287.000000
Total time: 0.2223s
Local search iterations: 65
----------------------------------------
  Seed 8/10 (seed=49)
Initialized onlyLS solver (GPU local search only). Results will be saved under 'onlyLS'.
Parameters:
  instance_name: ba_32768_1_1.txt
  dataset: barabasi_albert_10ins_m20
  random_seed: 49
  n_random_solutions: 128
  max_local_iterations: 1000
  precision: 32 bits (<class 'numpy.float32'>)
  run_name: onlyLS
--------------------------------------------------
Generating 128 random solutions...
Applying local search to 128 solutions...
Results saved to: results/barabasi_albert_10ins_m20/onlyLS/ba_32768_1_1.csv
Best energy: -8063301.000000
Total time: 0.2298s
Local search iterations: 70
----------------------------------------
  Seed 9/10 (seed=50)
Initialized onlyLS solver (GPU local search only). Results will be saved under 'onlyLS'.
Parameters:
  instance_name: ba_32768_1_1.txt
  dataset: barabasi_albert_10ins_m20
  random_seed: 50
  n_random_solutions: 128
  max_local_iterations: 1000
  precision: 32 bits (<class 'numpy.float32'>)
  run_name: onlyLS
--------------------------------------------------
Generating 128 random solutions...
Applying local search to 128 solutions...
Results saved to: results/barabasi_albert_10ins_m20/onlyLS/ba_32768_1_1.csv
Best energy: -8081403.000000
Total time: 0.2479s
Local search iterations: 83
----------------------------------------
  Seed 10/10 (seed=51)
Initialized onlyLS solver (GPU local search only). Results will be saved under 'onlyLS'.
Parameters:
  instance_name: ba_32768_1_1.txt
  dataset: barabasi_albert_10ins_m20
  random_seed: 51
  n_random_solutions: 128
  max_local_iterations: 1000
  precision: 32 bits (<class 'numpy.float32'>)
  run_name: onlyLS
--------------------------------------------------
Generating 128 random solutions...
Applying local search to 128 solutions...
Results saved to: results/barabasi_albert_10ins_m20/onlyLS/ba_32768_1_1.csv
Best energy: -8067859.000000
Total time: 0.2265s
Local search iterations: 68
----------------------------------------
Processing instance: ba_32768_1_2.txt
  Seed 1/10 (seed=42)
Initialized onlyLS solver (GPU local search only). Results will be saved under 'onlyLS'.
Parameters:
  instance_name: ba_32768_1_2.txt
  dataset: barabasi_albert_10ins_m20
  random_seed: 42
  n_random_solutions: 128
  max_local_iterations: 1000
  precision: 32 bits (<class 'numpy.float32'>)
  run_name: onlyLS
--------------------------------------------------
Generating 128 random solutions...
Applying local search to 128 solutions...
Results saved to: results/barabasi_albert_10ins_m20/onlyLS/ba_32768_1_2.csv
Best energy: -8080381.000000
Total time: 0.2541s
Local search iterations: 88
----------------------------------------
  Seed 2/10 (seed=43)
Initialized onlyLS solver (GPU local search only). Results will be saved under 'onlyLS'.
Parameters:
  instance_name: ba_32768_1_2.txt
  dataset: barabasi_albert_10ins_m20
  random_seed: 43
  n_random_solutions: 128
  max_local_iterations: 1000
  precision: 32 bits (<class 'numpy.float32'>)
  run_name: onlyLS
--------------------------------------------------
Generating 128 random solutions...
Applying local search to 128 solutions...
Results saved to: results/barabasi_albert_10ins_m20/onlyLS/ba_32768_1_2.csv
Best energy: -8055327.000000
Total time: 0.2227s
Local search iterations: 65
----------------------------------------
  Seed 3/10 (seed=44)
Initialized onlyLS solver (GPU local search only). Results will be saved under 'onlyLS'.
Parameters:
  instance_name: ba_32768_1_2.txt
  dataset: barabasi_albert_10ins_m20
  random_seed: 44
  n_random_solutions: 128
  max_local_iterations: 1000
  precision: 32 bits (<class 'numpy.float32'>)
  run_name: onlyLS
--------------------------------------------------
Generating 128 random solutions...
Applying local search to 128 solutions...
Results saved to: results/barabasi_albert_10ins_m20/onlyLS/ba_32768_1_2.csv
Best energy: -8076165.000000
Total time: 0.2253s
Local search iterations: 67
----------------------------------------
  Seed 4/10 (seed=45)
Initialized onlyLS solver (GPU local search only). Results will be saved under 'onlyLS'.
Parameters:
  instance_name: ba_32768_1_2.txt
  dataset: barabasi_albert_10ins_m20
  random_seed: 45
  n_random_solutions: 128
  max_local_iterations: 1000
  precision: 32 bits (<class 'numpy.float32'>)
  run_name: onlyLS
--------------------------------------------------
Generating 128 random solutions...
Applying local search to 128 solutions...
Results saved to: results/barabasi_albert_10ins_m20/onlyLS/ba_32768_1_2.csv
Best energy: -8070783.000000
Total time: 0.2323s
Local search iterations: 72
----------------------------------------
  Seed 5/10 (seed=46)
Initialized onlyLS solver (GPU local search only). Results will be saved under 'onlyLS'.
Parameters:
  instance_name: ba_32768_1_2.txt
  dataset: barabasi_albert_10ins_m20
  random_seed: 46
  n_random_solutions: 128
  max_local_iterations: 1000
  precision: 32 bits (<class 'numpy.float32'>)
  run_name: onlyLS
--------------------------------------------------
Generating 128 random solutions...
Applying local search to 128 solutions...
Results saved to: results/barabasi_albert_10ins_m20/onlyLS/ba_32768_1_2.csv
Best energy: -8073757.000000
Total time: 0.2389s
Local search iterations: 77
----------------------------------------
  Seed 6/10 (seed=47)
Initialized onlyLS solver (GPU local search only). Results will be saved under 'onlyLS'.
Parameters:
  instance_name: ba_32768_1_2.txt
  dataset: barabasi_albert_10ins_m20
  random_seed: 47
  n_random_solutions: 128
  max_local_iterations: 1000
  precision: 32 bits (<class 'numpy.float32'>)
  run_name: onlyLS
--------------------------------------------------
Generating 128 random solutions...
Applying local search to 128 solutions...
Results saved to: results/barabasi_albert_10ins_m20/onlyLS/ba_32768_1_2.csv
Best energy: -8086445.000000
Total time: 0.2458s
Local search iterations: 82
----------------------------------------
  Seed 7/10 (seed=48)
Initialized onlyLS solver (GPU local search only). Results will be saved under 'onlyLS'.
Parameters:
  instance_name: ba_32768_1_2.txt
  dataset: barabasi_albert_10ins_m20
  random_seed: 48
  n_random_solutions: 128
  max_local_iterations: 1000
  precision: 32 bits (<class 'numpy.float32'>)
  run_name: onlyLS
--------------------------------------------------
Generating 128 random solutions...
Applying local search to 128 solutions...
Results saved to: results/barabasi_albert_10ins_m20/onlyLS/ba_32768_1_2.csv
Best energy: -8065105.000000
Total time: 0.2241s
Local search iterations: 66
----------------------------------------
  Seed 8/10 (seed=49)
Initialized onlyLS solver (GPU local search only). Results will be saved under 'onlyLS'.
Parameters:
  instance_name: ba_32768_1_2.txt
  dataset: barabasi_albert_10ins_m20
  random_seed: 49
  n_random_solutions: 128
  max_local_iterations: 1000
  precision: 32 bits (<class 'numpy.float32'>)
  run_name: onlyLS
--------------------------------------------------
Generating 128 random solutions...
Applying local search to 128 solutions...
Results saved to: results/barabasi_albert_10ins_m20/onlyLS/ba_32768_1_2.csv
Best energy: -8055223.000000
Total time: 0.2269s
Local search iterations: 68
----------------------------------------
  Seed 9/10 (seed=50)
Initialized onlyLS solver (GPU local search only). Results will be saved under 'onlyLS'.
Parameters:
  instance_name: ba_32768_1_2.txt
  dataset: barabasi_albert_10ins_m20
  random_seed: 50
  n_random_solutions: 128
  max_local_iterations: 1000
  precision: 32 bits (<class 'numpy.float32'>)
  run_name: onlyLS
--------------------------------------------------
Generating 128 random solutions...
Applying local search to 128 solutions...
Results saved to: results/barabasi_albert_10ins_m20/onlyLS/ba_32768_1_2.csv
Best energy: -8083117.000000
Total time: 0.2481s
Local search iterations: 84
----------------------------------------
  Seed 10/10 (seed=51)
Initialized onlyLS solver (GPU local search only). Results will be saved under 'onlyLS'.
Parameters:
  instance_name: ba_32768_1_2.txt
  dataset: barabasi_albert_10ins_m20
  random_seed: 51
  n_random_solutions: 128
  max_local_iterations: 1000
  precision: 32 bits (<class 'numpy.float32'>)
  run_name: onlyLS
--------------------------------------------------
Generating 128 random solutions...
Applying local search to 128 solutions...
Results saved to: results/barabasi_albert_10ins_m20/onlyLS/ba_32768_1_2.csv
Best energy: -8065467.000000
Total time: 0.2321s
Local search iterations: 72
----------------------------------------
Processing instance: ba_32768_1_3.txt
  Seed 1/10 (seed=42)
Initialized onlyLS solver (GPU local search only). Results will be saved under 'onlyLS'.
Parameters:
  instance_name: ba_32768_1_3.txt
  dataset: barabasi_albert_10ins_m20
  random_seed: 42
  n_random_solutions: 128
  max_local_iterations: 1000
  precision: 32 bits (<class 'numpy.float32'>)
  run_name: onlyLS
--------------------------------------------------
Generating 128 random solutions...
Applying local search to 128 solutions...
Results saved to: results/barabasi_albert_10ins_m20/onlyLS/ba_32768_1_3.csv
Best energy: -8077786.000000
Total time: 0.2187s
Local search iterations: 62
----------------------------------------
  Seed 2/10 (seed=43)
Initialized onlyLS solver (GPU local search only). Results will be saved under 'onlyLS'.
Parameters:
  instance_name: ba_32768_1_3.txt
  dataset: barabasi_albert_10ins_m20
  random_seed: 43
  n_random_solutions: 128
  max_local_iterations: 1000
  precision: 32 bits (<class 'numpy.float32'>)
  run_name: onlyLS
--------------------------------------------------
Generating 128 random solutions...
Applying local search to 128 solutions...
Results saved to: results/barabasi_albert_10ins_m20/onlyLS/ba_32768_1_3.csv
Best energy: -8068790.000000
Total time: 0.2231s
Local search iterations: 65
----------------------------------------
  Seed 3/10 (seed=44)
Initialized onlyLS solver (GPU local search only). Results will be saved under 'onlyLS'.
Parameters:
  instance_name: ba_32768_1_3.txt
  dataset: barabasi_albert_10ins_m20
  random_seed: 44
  n_random_solutions: 128
  max_local_iterations: 1000
  precision: 32 bits (<class 'numpy.float32'>)
  run_name: onlyLS
--------------------------------------------------
Generating 128 random solutions...
Applying local search to 128 solutions...
Results saved to: results/barabasi_albert_10ins_m20/onlyLS/ba_32768_1_3.csv
Best energy: -8069166.000000
Total time: 0.2217s
Local search iterations: 64
----------------------------------------
  Seed 4/10 (seed=45)
Initialized onlyLS solver (GPU local search only). Results will be saved under 'onlyLS'.
Parameters:
  instance_name: ba_32768_1_3.txt
  dataset: barabasi_albert_10ins_m20
  random_seed: 45
  n_random_solutions: 128
  max_local_iterations: 1000
  precision: 32 bits (<class 'numpy.float32'>)
  run_name: onlyLS
--------------------------------------------------
Generating 128 random solutions...
Applying local search to 128 solutions...
Results saved to: results/barabasi_albert_10ins_m20/onlyLS/ba_32768_1_3.csv
Best energy: -8074524.000000
Total time: 0.2240s
Local search iterations: 66
----------------------------------------
  Seed 5/10 (seed=46)
Initialized onlyLS solver (GPU local search only). Results will be saved under 'onlyLS'.
Parameters:
  instance_name: ba_32768_1_3.txt
  dataset: barabasi_albert_10ins_m20
  random_seed: 46
  n_random_solutions: 128
  max_local_iterations: 1000
  precision: 32 bits (<class 'numpy.float32'>)
  run_name: onlyLS
--------------------------------------------------
Generating 128 random solutions...
Applying local search to 128 solutions...
Results saved to: results/barabasi_albert_10ins_m20/onlyLS/ba_32768_1_3.csv
Best energy: -8082766.000000
Total time: 0.2196s
Local search iterations: 63
----------------------------------------
  Seed 6/10 (seed=47)
Initialized onlyLS solver (GPU local search only). Results will be saved under 'onlyLS'.
Parameters:
  instance_name: ba_32768_1_3.txt
  dataset: barabasi_albert_10ins_m20
  random_seed: 47
  n_random_solutions: 128
  max_local_iterations: 1000
  precision: 32 bits (<class 'numpy.float32'>)
  run_name: onlyLS
--------------------------------------------------
Generating 128 random solutions...
Applying local search to 128 solutions...
Results saved to: results/barabasi_albert_10ins_m20/onlyLS/ba_32768_1_3.csv
Best energy: -8077216.000000
Total time: 0.2458s
Local search iterations: 82
----------------------------------------
  Seed 7/10 (seed=48)
Initialized onlyLS solver (GPU local search only). Results will be saved under 'onlyLS'.
Parameters:
  instance_name: ba_32768_1_3.txt
  dataset: barabasi_albert_10ins_m20
  random_seed: 48
  n_random_solutions: 128
  max_local_iterations: 1000
  precision: 32 bits (<class 'numpy.float32'>)
  run_name: onlyLS
--------------------------------------------------
Generating 128 random solutions...
Applying local search to 128 solutions...
Results saved to: results/barabasi_albert_10ins_m20/onlyLS/ba_32768_1_3.csv
Best energy: -8080192.000000
Total time: 0.2339s
Local search iterations: 73
----------------------------------------
  Seed 8/10 (seed=49)
Initialized onlyLS solver (GPU local search only). Results will be saved under 'onlyLS'.
Parameters:
  instance_name: ba_32768_1_3.txt
  dataset: barabasi_albert_10ins_m20
  random_seed: 49
  n_random_solutions: 128
  max_local_iterations: 1000
  precision: 32 bits (<class 'numpy.float32'>)
  run_name: onlyLS
--------------------------------------------------
Generating 128 random solutions...
Applying local search to 128 solutions...
Results saved to: results/barabasi_albert_10ins_m20/onlyLS/ba_32768_1_3.csv
Best energy: -8080346.000000
Total time: 0.2352s
Local search iterations: 74
----------------------------------------
  Seed 9/10 (seed=50)
Initialized onlyLS solver (GPU local search only). Results will be saved under 'onlyLS'.
Parameters:
  instance_name: ba_32768_1_3.txt
  dataset: barabasi_albert_10ins_m20
  random_seed: 50
  n_random_solutions: 128
  max_local_iterations: 1000
  precision: 32 bits (<class 'numpy.float32'>)
  run_name: onlyLS
--------------------------------------------------
Generating 128 random solutions...
Applying local search to 128 solutions...
Results saved to: results/barabasi_albert_10ins_m20/onlyLS/ba_32768_1_3.csv
Best energy: -8086160.000000
Total time: 0.2453s
Local search iterations: 81
----------------------------------------
  Seed 10/10 (seed=51)
Initialized onlyLS solver (GPU local search only). Results will be saved under 'onlyLS'.
Parameters:
  instance_name: ba_32768_1_3.txt
  dataset: barabasi_albert_10ins_m20
  random_seed: 51
  n_random_solutions: 128
  max_local_iterations: 1000
  precision: 32 bits (<class 'numpy.float32'>)
  run_name: onlyLS
--------------------------------------------------
Generating 128 random solutions...
Applying local search to 128 solutions...
Results saved to: results/barabasi_albert_10ins_m20/onlyLS/ba_32768_1_3.csv
Best energy: -8083912.000000
Total time: 0.2282s
Local search iterations: 68
----------------------------------------
Processing instance: ba_32768_1_4.txt
  Seed 1/10 (seed=42)
Initialized onlyLS solver (GPU local search only). Results will be saved under 'onlyLS'.
Parameters:
  instance_name: ba_32768_1_4.txt
  dataset: barabasi_albert_10ins_m20
  random_seed: 42
  n_random_solutions: 128
  max_local_iterations: 1000
  precision: 32 bits (<class 'numpy.float32'>)
  run_name: onlyLS
--------------------------------------------------
Generating 128 random solutions...
Applying local search to 128 solutions...
Results saved to: results/barabasi_albert_10ins_m20/onlyLS/ba_32768_1_4.csv
Best energy: -8064020.000000
Total time: 0.2250s
Local search iterations: 66
----------------------------------------
  Seed 2/10 (seed=43)
Initialized onlyLS solver (GPU local search only). Results will be saved under 'onlyLS'.
Parameters:
  instance_name: ba_32768_1_4.txt
  dataset: barabasi_albert_10ins_m20
  random_seed: 43
  n_random_solutions: 128
  max_local_iterations: 1000
  precision: 32 bits (<class 'numpy.float32'>)
  run_name: onlyLS
--------------------------------------------------
Generating 128 random solutions...
Applying local search to 128 solutions...
Results saved to: results/barabasi_albert_10ins_m20/onlyLS/ba_32768_1_4.csv
Best energy: -8078156.000000
Total time: 0.2448s
Local search iterations: 81
----------------------------------------
  Seed 3/10 (seed=44)
Initialized onlyLS solver (GPU local search only). Results will be saved under 'onlyLS'.
Parameters:
  instance_name: ba_32768_1_4.txt
  dataset: barabasi_albert_10ins_m20
  random_seed: 44
  n_random_solutions: 128
  max_local_iterations: 1000
  precision: 32 bits (<class 'numpy.float32'>)
  run_name: onlyLS
--------------------------------------------------
Generating 128 random solutions...
Applying local search to 128 solutions...
Results saved to: results/barabasi_albert_10ins_m20/onlyLS/ba_32768_1_4.csv
Best energy: -8069304.000000
Total time: 0.2376s
Local search iterations: 75
----------------------------------------
  Seed 4/10 (seed=45)
Initialized onlyLS solver (GPU local search only). Results will be saved under 'onlyLS'.
Parameters:
  instance_name: ba_32768_1_4.txt
  dataset: barabasi_albert_10ins_m20
  random_seed: 45
  n_random_solutions: 128
  max_local_iterations: 1000
  precision: 32 bits (<class 'numpy.float32'>)
  run_name: onlyLS
--------------------------------------------------
Generating 128 random solutions...
Applying local search to 128 solutions...
Results saved to: results/barabasi_albert_10ins_m20/onlyLS/ba_32768_1_4.csv
Best energy: -8065474.000000
Total time: 0.2173s
Local search iterations: 60
----------------------------------------
  Seed 5/10 (seed=46)
Initialized onlyLS solver (GPU local search only). Results will be saved under 'onlyLS'.
Parameters:
  instance_name: ba_32768_1_4.txt
  dataset: barabasi_albert_10ins_m20
  random_seed: 46
  n_random_solutions: 128
  max_local_iterations: 1000
  precision: 32 bits (<class 'numpy.float32'>)
  run_name: onlyLS
--------------------------------------------------
Generating 128 random solutions...
Applying local search to 128 solutions...
Results saved to: results/barabasi_albert_10ins_m20/onlyLS/ba_32768_1_4.csv
Best energy: -8068440.000000
Total time: 0.2401s
Local search iterations: 77
----------------------------------------
  Seed 6/10 (seed=47)
Initialized onlyLS solver (GPU local search only). Results will be saved under 'onlyLS'.
Parameters:
  instance_name: ba_32768_1_4.txt
  dataset: barabasi_albert_10ins_m20
  random_seed: 47
  n_random_solutions: 128
  max_local_iterations: 1000
  precision: 32 bits (<class 'numpy.float32'>)
  run_name: onlyLS
--------------------------------------------------
Generating 128 random solutions...
Applying local search to 128 solutions...
Results saved to: results/barabasi_albert_10ins_m20/onlyLS/ba_32768_1_4.csv
Best energy: -8073000.000000
Total time: 0.2458s
Local search iterations: 81
----------------------------------------
  Seed 7/10 (seed=48)
Initialized onlyLS solver (GPU local search only). Results will be saved under 'onlyLS'.
Parameters:
  instance_name: ba_32768_1_4.txt
  dataset: barabasi_albert_10ins_m20
  random_seed: 48
  n_random_solutions: 128
  max_local_iterations: 1000
  precision: 32 bits (<class 'numpy.float32'>)
  run_name: onlyLS
--------------------------------------------------
Generating 128 random solutions...
Applying local search to 128 solutions...
Results saved to: results/barabasi_albert_10ins_m20/onlyLS/ba_32768_1_4.csv
Best energy: -8066072.000000
Total time: 0.2277s
Local search iterations: 68
----------------------------------------
  Seed 8/10 (seed=49)
Initialized onlyLS solver (GPU local search only). Results will be saved under 'onlyLS'.
Parameters:
  instance_name: ba_32768_1_4.txt
  dataset: barabasi_albert_10ins_m20
  random_seed: 49
  n_random_solutions: 128
  max_local_iterations: 1000
  precision: 32 bits (<class 'numpy.float32'>)
  run_name: onlyLS
--------------------------------------------------
Generating 128 random solutions...
Applying local search to 128 solutions...
Results saved to: results/barabasi_albert_10ins_m20/onlyLS/ba_32768_1_4.csv
Best energy: -8070540.000000
Total time: 0.2290s
Local search iterations: 68
----------------------------------------
  Seed 9/10 (seed=50)
Initialized onlyLS solver (GPU local search only). Results will be saved under 'onlyLS'.
Parameters:
  instance_name: ba_32768_1_4.txt
  dataset: barabasi_albert_10ins_m20
  random_seed: 50
  n_random_solutions: 128
  max_local_iterations: 1000
  precision: 32 bits (<class 'numpy.float32'>)
  run_name: onlyLS
--------------------------------------------------
Generating 128 random solutions...
Applying local search to 128 solutions...
Results saved to: results/barabasi_albert_10ins_m20/onlyLS/ba_32768_1_4.csv
Best energy: -8067484.000000
Total time: 0.2466s
Local search iterations: 82
----------------------------------------
  Seed 10/10 (seed=51)
Initialized onlyLS solver (GPU local search only). Results will be saved under 'onlyLS'.
Parameters:
  instance_name: ba_32768_1_4.txt
  dataset: barabasi_albert_10ins_m20
  random_seed: 51
  n_random_solutions: 128
  max_local_iterations: 1000
  precision: 32 bits (<class 'numpy.float32'>)
  run_name: onlyLS
--------------------------------------------------
Generating 128 random solutions...
Applying local search to 128 solutions...
Results saved to: results/barabasi_albert_10ins_m20/onlyLS/ba_32768_1_4.csv
Best energy: -8060896.000000
Total time: 0.2282s
Local search iterations: 68
----------------------------------------
Processing instance: ba_32768_1_5.txt
  Seed 1/10 (seed=42)
Initialized onlyLS solver (GPU local search only). Results will be saved under 'onlyLS'.
Parameters:
  instance_name: ba_32768_1_5.txt
  dataset: barabasi_albert_10ins_m20
  random_seed: 42
  n_random_solutions: 128
  max_local_iterations: 1000
  precision: 32 bits (<class 'numpy.float32'>)
  run_name: onlyLS
--------------------------------------------------
Generating 128 random solutions...
Applying local search to 128 solutions...
Results saved to: results/barabasi_albert_10ins_m20/onlyLS/ba_32768_1_5.csv
Best energy: -8071636.000000
Total time: 0.2261s
Local search iterations: 67
----------------------------------------
  Seed 2/10 (seed=43)
Initialized onlyLS solver (GPU local search only). Results will be saved under 'onlyLS'.
Parameters:
  instance_name: ba_32768_1_5.txt
  dataset: barabasi_albert_10ins_m20
  random_seed: 43
  n_random_solutions: 128
  max_local_iterations: 1000
  precision: 32 bits (<class 'numpy.float32'>)
  run_name: onlyLS
--------------------------------------------------
Generating 128 random solutions...
Applying local search to 128 solutions...
Results saved to: results/barabasi_albert_10ins_m20/onlyLS/ba_32768_1_5.csv
Best energy: -8092494.000000
Total time: 0.2182s
Local search iterations: 61
----------------------------------------
  Seed 3/10 (seed=44)
Initialized onlyLS solver (GPU local search only). Results will be saved under 'onlyLS'.
Parameters:
  instance_name: ba_32768_1_5.txt
  dataset: barabasi_albert_10ins_m20
  random_seed: 44
  n_random_solutions: 128
  max_local_iterations: 1000
  precision: 32 bits (<class 'numpy.float32'>)
  run_name: onlyLS
--------------------------------------------------
Generating 128 random solutions...
Applying local search to 128 solutions...
Results saved to: results/barabasi_albert_10ins_m20/onlyLS/ba_32768_1_5.csv
Best energy: -8059536.000000
Total time: 0.2167s
Local search iterations: 60
----------------------------------------
  Seed 4/10 (seed=45)
Initialized onlyLS solver (GPU local search only). Results will be saved under 'onlyLS'.
Parameters:
  instance_name: ba_32768_1_5.txt
  dataset: barabasi_albert_10ins_m20
  random_seed: 45
  n_random_solutions: 128
  max_local_iterations: 1000
  precision: 32 bits (<class 'numpy.float32'>)
  run_name: onlyLS
--------------------------------------------------
Generating 128 random solutions...
Applying local search to 128 solutions...
Results saved to: results/barabasi_albert_10ins_m20/onlyLS/ba_32768_1_5.csv
Best energy: -8065914.000000
Total time: 0.2369s
Local search iterations: 75
----------------------------------------
  Seed 5/10 (seed=46)
Initialized onlyLS solver (GPU local search only). Results will be saved under 'onlyLS'.
Parameters:
  instance_name: ba_32768_1_5.txt
  dataset: barabasi_albert_10ins_m20
  random_seed: 46
  n_random_solutions: 128
  max_local_iterations: 1000
  precision: 32 bits (<class 'numpy.float32'>)
  run_name: onlyLS
--------------------------------------------------
Generating 128 random solutions...
Applying local search to 128 solutions...
Results saved to: results/barabasi_albert_10ins_m20/onlyLS/ba_32768_1_5.csv
Best energy: -8068960.000000
Total time: 0.2220s
Local search iterations: 64
----------------------------------------
  Seed 6/10 (seed=47)
Initialized onlyLS solver (GPU local search only). Results will be saved under 'onlyLS'.
Parameters:
  instance_name: ba_32768_1_5.txt
  dataset: barabasi_albert_10ins_m20
  random_seed: 47
  n_random_solutions: 128
  max_local_iterations: 1000
  precision: 32 bits (<class 'numpy.float32'>)
  run_name: onlyLS
--------------------------------------------------
Generating 128 random solutions...
Applying local search to 128 solutions...
Results saved to: results/barabasi_albert_10ins_m20/onlyLS/ba_32768_1_5.csv
Best energy: -8062658.000000
Total time: 0.2477s
Local search iterations: 83
----------------------------------------
  Seed 7/10 (seed=48)
Initialized onlyLS solver (GPU local search only). Results will be saved under 'onlyLS'.
Parameters:
  instance_name: ba_32768_1_5.txt
  dataset: barabasi_albert_10ins_m20
  random_seed: 48
  n_random_solutions: 128
  max_local_iterations: 1000
  precision: 32 bits (<class 'numpy.float32'>)
  run_name: onlyLS
--------------------------------------------------
Generating 128 random solutions...
Applying local search to 128 solutions...
Results saved to: results/barabasi_albert_10ins_m20/onlyLS/ba_32768_1_5.csv
Best energy: -8073284.000000
Total time: 0.2582s
Local search iterations: 91
----------------------------------------
  Seed 8/10 (seed=49)
Initialized onlyLS solver (GPU local search only). Results will be saved under 'onlyLS'.
Parameters:
  instance_name: ba_32768_1_5.txt
  dataset: barabasi_albert_10ins_m20
  random_seed: 49
  n_random_solutions: 128
  max_local_iterations: 1000
  precision: 32 bits (<class 'numpy.float32'>)
  run_name: onlyLS
--------------------------------------------------
Generating 128 random solutions...
Applying local search to 128 solutions...
Results saved to: results/barabasi_albert_10ins_m20/onlyLS/ba_32768_1_5.csv
Best energy: -8077738.000000
Total time: 0.2269s
Local search iterations: 68
----------------------------------------
  Seed 9/10 (seed=50)
Initialized onlyLS solver (GPU local search only). Results will be saved under 'onlyLS'.
Parameters:
  instance_name: ba_32768_1_5.txt
  dataset: barabasi_albert_10ins_m20
  random_seed: 50
  n_random_solutions: 128
  max_local_iterations: 1000
  precision: 32 bits (<class 'numpy.float32'>)
  run_name: onlyLS
--------------------------------------------------
Generating 128 random solutions...
Applying local search to 128 solutions...
Results saved to: results/barabasi_albert_10ins_m20/onlyLS/ba_32768_1_5.csv
Best energy: -8070236.000000
Total time: 0.2459s
Local search iterations: 82
----------------------------------------
  Seed 10/10 (seed=51)
Initialized onlyLS solver (GPU local search only). Results will be saved under 'onlyLS'.
Parameters:
  instance_name: ba_32768_1_5.txt
  dataset: barabasi_albert_10ins_m20
  random_seed: 51
  n_random_solutions: 128
  max_local_iterations: 1000
  precision: 32 bits (<class 'numpy.float32'>)
  run_name: onlyLS
--------------------------------------------------
Generating 128 random solutions...
Applying local search to 128 solutions...
Results saved to: results/barabasi_albert_10ins_m20/onlyLS/ba_32768_1_5.csv
Best energy: -8074560.000000
Total time: 0.2345s
Local search iterations: 73
----------------------------------------
Processing instance: ba_32768_1_6.txt
  Seed 1/10 (seed=42)
Initialized onlyLS solver (GPU local search only). Results will be saved under 'onlyLS'.
Parameters:
  instance_name: ba_32768_1_6.txt
  dataset: barabasi_albert_10ins_m20
  random_seed: 42
  n_random_solutions: 128
  max_local_iterations: 1000
  precision: 32 bits (<class 'numpy.float32'>)
  run_name: onlyLS
--------------------------------------------------
Generating 128 random solutions...
Applying local search to 128 solutions...
Results saved to: results/barabasi_albert_10ins_m20/onlyLS/ba_32768_1_6.csv
Best energy: -8076162.000000
Total time: 0.2262s
Local search iterations: 67
----------------------------------------
  Seed 2/10 (seed=43)
Initialized onlyLS solver (GPU local search only). Results will be saved under 'onlyLS'.
Parameters:
  instance_name: ba_32768_1_6.txt
  dataset: barabasi_albert_10ins_m20
  random_seed: 43
  n_random_solutions: 128
  max_local_iterations: 1000
  precision: 32 bits (<class 'numpy.float32'>)
  run_name: onlyLS
--------------------------------------------------
Generating 128 random solutions...
Applying local search to 128 solutions...
Results saved to: results/barabasi_albert_10ins_m20/onlyLS/ba_32768_1_6.csv
Best energy: -8060960.000000
Total time: 0.2379s
Local search iterations: 75
----------------------------------------
  Seed 3/10 (seed=44)
Initialized onlyLS solver (GPU local search only). Results will be saved under 'onlyLS'.
Parameters:
  instance_name: ba_32768_1_6.txt
  dataset: barabasi_albert_10ins_m20
  random_seed: 44
  n_random_solutions: 128
  max_local_iterations: 1000
  precision: 32 bits (<class 'numpy.float32'>)
  run_name: onlyLS
--------------------------------------------------
Generating 128 random solutions...
Applying local search to 128 solutions...
Results saved to: results/barabasi_albert_10ins_m20/onlyLS/ba_32768_1_6.csv
Best energy: -8064264.000000
Total time: 0.2214s
Local search iterations: 63
----------------------------------------
  Seed 4/10 (seed=45)
Initialized onlyLS solver (GPU local search only). Results will be saved under 'onlyLS'.
Parameters:
  instance_name: ba_32768_1_6.txt
  dataset: barabasi_albert_10ins_m20
  random_seed: 45
  n_random_solutions: 128
  max_local_iterations: 1000
  precision: 32 bits (<class 'numpy.float32'>)
  run_name: onlyLS
--------------------------------------------------
Generating 128 random solutions...
Applying local search to 128 solutions...
Results saved to: results/barabasi_albert_10ins_m20/onlyLS/ba_32768_1_6.csv
Best energy: -8045404.000000
Total time: 0.2504s
Local search iterations: 84
----------------------------------------
  Seed 5/10 (seed=46)
Initialized onlyLS solver (GPU local search only). Results will be saved under 'onlyLS'.
Parameters:
  instance_name: ba_32768_1_6.txt
  dataset: barabasi_albert_10ins_m20
  random_seed: 46
  n_random_solutions: 128
  max_local_iterations: 1000
  precision: 32 bits (<class 'numpy.float32'>)
  run_name: onlyLS
--------------------------------------------------
Generating 128 random solutions...
Applying local search to 128 solutions...
Results saved to: results/barabasi_albert_10ins_m20/onlyLS/ba_32768_1_6.csv
Best energy: -8051866.000000
Total time: 0.2154s
Local search iterations: 59
----------------------------------------
  Seed 6/10 (seed=47)
Initialized onlyLS solver (GPU local search only). Results will be saved under 'onlyLS'.
Parameters:
  instance_name: ba_32768_1_6.txt
  dataset: barabasi_albert_10ins_m20
  random_seed: 47
  n_random_solutions: 128
  max_local_iterations: 1000
  precision: 32 bits (<class 'numpy.float32'>)
  run_name: onlyLS
--------------------------------------------------
Generating 128 random solutions...
Applying local search to 128 solutions...
Results saved to: results/barabasi_albert_10ins_m20/onlyLS/ba_32768_1_6.csv
Best energy: -8067916.000000
Total time: 0.2461s
Local search iterations: 82
----------------------------------------
  Seed 7/10 (seed=48)
Initialized onlyLS solver (GPU local search only). Results will be saved under 'onlyLS'.
Parameters:
  instance_name: ba_32768_1_6.txt
  dataset: barabasi_albert_10ins_m20
  random_seed: 48
  n_random_solutions: 128
  max_local_iterations: 1000
  precision: 32 bits (<class 'numpy.float32'>)
  run_name: onlyLS
--------------------------------------------------
Generating 128 random solutions...
Applying local search to 128 solutions...
Results saved to: results/barabasi_albert_10ins_m20/onlyLS/ba_32768_1_6.csv
Best energy: -8058756.000000
Total time: 0.2266s
Local search iterations: 68
----------------------------------------
  Seed 8/10 (seed=49)
Initialized onlyLS solver (GPU local search only). Results will be saved under 'onlyLS'.
Parameters:
  instance_name: ba_32768_1_6.txt
  dataset: barabasi_albert_10ins_m20
  random_seed: 49
  n_random_solutions: 128
  max_local_iterations: 1000
  precision: 32 bits (<class 'numpy.float32'>)
  run_name: onlyLS
--------------------------------------------------
Generating 128 random solutions...
Applying local search to 128 solutions...
Results saved to: results/barabasi_albert_10ins_m20/onlyLS/ba_32768_1_6.csv
Best energy: -8053246.000000
Total time: 0.2365s
Local search iterations: 75
----------------------------------------
  Seed 9/10 (seed=50)
Initialized onlyLS solver (GPU local search only). Results will be saved under 'onlyLS'.
Parameters:
  instance_name: ba_32768_1_6.txt
  dataset: barabasi_albert_10ins_m20
  random_seed: 50
  n_random_solutions: 128
  max_local_iterations: 1000
  precision: 32 bits (<class 'numpy.float32'>)
  run_name: onlyLS
--------------------------------------------------
Generating 128 random solutions...
Applying local search to 128 solutions...
Results saved to: results/barabasi_albert_10ins_m20/onlyLS/ba_32768_1_6.csv
Best energy: -8064506.000000
Total time: 0.2471s
Local search iterations: 82
----------------------------------------
  Seed 10/10 (seed=51)
Initialized onlyLS solver (GPU local search only). Results will be saved under 'onlyLS'.
Parameters:
  instance_name: ba_32768_1_6.txt
  dataset: barabasi_albert_10ins_m20
  random_seed: 51
  n_random_solutions: 128
  max_local_iterations: 1000
  precision: 32 bits (<class 'numpy.float32'>)
  run_name: onlyLS
--------------------------------------------------
Generating 128 random solutions...
Applying local search to 128 solutions...
Results saved to: results/barabasi_albert_10ins_m20/onlyLS/ba_32768_1_6.csv
Best energy: -8064056.000000
Total time: 0.2281s
Local search iterations: 68
----------------------------------------
Processing instance: ba_32768_1_7.txt
  Seed 1/10 (seed=42)
Initialized onlyLS solver (GPU local search only). Results will be saved under 'onlyLS'.
Parameters:
  instance_name: ba_32768_1_7.txt
  dataset: barabasi_albert_10ins_m20
  random_seed: 42
  n_random_solutions: 128
  max_local_iterations: 1000
  precision: 32 bits (<class 'numpy.float32'>)
  run_name: onlyLS
--------------------------------------------------
Generating 128 random solutions...
Applying local search to 128 solutions...
Results saved to: results/barabasi_albert_10ins_m20/onlyLS/ba_32768_1_7.csv
Best energy: -8088373.000000
Total time: 0.2300s
Local search iterations: 70
----------------------------------------
  Seed 2/10 (seed=43)
Initialized onlyLS solver (GPU local search only). Results will be saved under 'onlyLS'.
Parameters:
  instance_name: ba_32768_1_7.txt
  dataset: barabasi_albert_10ins_m20
  random_seed: 43
  n_random_solutions: 128
  max_local_iterations: 1000
  precision: 32 bits (<class 'numpy.float32'>)
  run_name: onlyLS
--------------------------------------------------
Generating 128 random solutions...
Applying local search to 128 solutions...
Results saved to: results/barabasi_albert_10ins_m20/onlyLS/ba_32768_1_7.csv
Best energy: -8062619.000000
Total time: 0.2204s
Local search iterations: 63
----------------------------------------
  Seed 3/10 (seed=44)
Initialized onlyLS solver (GPU local search only). Results will be saved under 'onlyLS'.
Parameters:
  instance_name: ba_32768_1_7.txt
  dataset: barabasi_albert_10ins_m20
  random_seed: 44
  n_random_solutions: 128
  max_local_iterations: 1000
  precision: 32 bits (<class 'numpy.float32'>)
  run_name: onlyLS
--------------------------------------------------
Generating 128 random solutions...
Applying local search to 128 solutions...
Results saved to: results/barabasi_albert_10ins_m20/onlyLS/ba_32768_1_7.csv
Best energy: -8075405.000000
Total time: 0.2493s
Local search iterations: 84
----------------------------------------
  Seed 4/10 (seed=45)
Initialized onlyLS solver (GPU local search only). Results will be saved under 'onlyLS'.
Parameters:
  instance_name: ba_32768_1_7.txt
  dataset: barabasi_albert_10ins_m20
  random_seed: 45
  n_random_solutions: 128
  max_local_iterations: 1000
  precision: 32 bits (<class 'numpy.float32'>)
  run_name: onlyLS
--------------------------------------------------
Generating 128 random solutions...
Applying local search to 128 solutions...
Results saved to: results/barabasi_albert_10ins_m20/onlyLS/ba_32768_1_7.csv
Best energy: -8057811.000000
Total time: 0.2233s
Local search iterations: 65
----------------------------------------
  Seed 5/10 (seed=46)
Initialized onlyLS solver (GPU local search only). Results will be saved under 'onlyLS'.
Parameters:
  instance_name: ba_32768_1_7.txt
  dataset: barabasi_albert_10ins_m20
  random_seed: 46
  n_random_solutions: 128
  max_local_iterations: 1000
  precision: 32 bits (<class 'numpy.float32'>)
  run_name: onlyLS
--------------------------------------------------
Generating 128 random solutions...
Applying local search to 128 solutions...
Results saved to: results/barabasi_albert_10ins_m20/onlyLS/ba_32768_1_7.csv
Best energy: -8081471.000000
Total time: 0.2208s
Local search iterations: 63
----------------------------------------
  Seed 6/10 (seed=47)
Initialized onlyLS solver (GPU local search only). Results will be saved under 'onlyLS'.
Parameters:
  instance_name: ba_32768_1_7.txt
  dataset: barabasi_albert_10ins_m20
  random_seed: 47
  n_random_solutions: 128
  max_local_iterations: 1000
  precision: 32 bits (<class 'numpy.float32'>)
  run_name: onlyLS
--------------------------------------------------
Generating 128 random solutions...
Applying local search to 128 solutions...
Results saved to: results/barabasi_albert_10ins_m20/onlyLS/ba_32768_1_7.csv
Best energy: -8076569.000000
Total time: 0.2484s
Local search iterations: 83
----------------------------------------
  Seed 7/10 (seed=48)
Initialized onlyLS solver (GPU local search only). Results will be saved under 'onlyLS'.
Parameters:
  instance_name: ba_32768_1_7.txt
  dataset: barabasi_albert_10ins_m20
  random_seed: 48
  n_random_solutions: 128
  max_local_iterations: 1000
  precision: 32 bits (<class 'numpy.float32'>)
  run_name: onlyLS
--------------------------------------------------
Generating 128 random solutions...
Applying local search to 128 solutions...
Results saved to: results/barabasi_albert_10ins_m20/onlyLS/ba_32768_1_7.csv
Best energy: -8076347.000000
Total time: 0.2476s
Local search iterations: 83
----------------------------------------
  Seed 8/10 (seed=49)
Initialized onlyLS solver (GPU local search only). Results will be saved under 'onlyLS'.
Parameters:
  instance_name: ba_32768_1_7.txt
  dataset: barabasi_albert_10ins_m20
  random_seed: 49
  n_random_solutions: 128
  max_local_iterations: 1000
  precision: 32 bits (<class 'numpy.float32'>)
  run_name: onlyLS
--------------------------------------------------
Generating 128 random solutions...
Applying local search to 128 solutions...
Results saved to: results/barabasi_albert_10ins_m20/onlyLS/ba_32768_1_7.csv
Best energy: -8070925.000000
Total time: 0.2370s
Local search iterations: 75
----------------------------------------
  Seed 9/10 (seed=50)
Initialized onlyLS solver (GPU local search only). Results will be saved under 'onlyLS'.
Parameters:
  instance_name: ba_32768_1_7.txt
  dataset: barabasi_albert_10ins_m20
  random_seed: 50
  n_random_solutions: 128
  max_local_iterations: 1000
  precision: 32 bits (<class 'numpy.float32'>)
  run_name: onlyLS
--------------------------------------------------
Generating 128 random solutions...
Applying local search to 128 solutions...
Results saved to: results/barabasi_albert_10ins_m20/onlyLS/ba_32768_1_7.csv
Best energy: -8063869.000000
Total time: 0.2463s
Local search iterations: 82
----------------------------------------
  Seed 10/10 (seed=51)
Initialized onlyLS solver (GPU local search only). Results will be saved under 'onlyLS'.
Parameters:
  instance_name: ba_32768_1_7.txt
  dataset: barabasi_albert_10ins_m20
  random_seed: 51
  n_random_solutions: 128
  max_local_iterations: 1000
  precision: 32 bits (<class 'numpy.float32'>)
  run_name: onlyLS
--------------------------------------------------
Generating 128 random solutions...
Applying local search to 128 solutions...
Results saved to: results/barabasi_albert_10ins_m20/onlyLS/ba_32768_1_7.csv
Best energy: -8070927.000000
Total time: 0.2502s
Local search iterations: 85
----------------------------------------
Processing instance: ba_32768_1_8.txt
  Seed 1/10 (seed=42)
Initialized onlyLS solver (GPU local search only). Results will be saved under 'onlyLS'.
Parameters:
  instance_name: ba_32768_1_8.txt
  dataset: barabasi_albert_10ins_m20
  random_seed: 42
  n_random_solutions: 128
  max_local_iterations: 1000
  precision: 32 bits (<class 'numpy.float32'>)
  run_name: onlyLS
--------------------------------------------------
Generating 128 random solutions...
Applying local search to 128 solutions...
Results saved to: results/barabasi_albert_10ins_m20/onlyLS/ba_32768_1_8.csv
Best energy: -8071595.000000
Total time: 0.2240s
Local search iterations: 65
----------------------------------------
  Seed 2/10 (seed=43)
Initialized onlyLS solver (GPU local search only). Results will be saved under 'onlyLS'.
Parameters:
  instance_name: ba_32768_1_8.txt
  dataset: barabasi_albert_10ins_m20
  random_seed: 43
  n_random_solutions: 128
  max_local_iterations: 1000
  precision: 32 bits (<class 'numpy.float32'>)
  run_name: onlyLS
--------------------------------------------------
Generating 128 random solutions...
Applying local search to 128 solutions...
Results saved to: results/barabasi_albert_10ins_m20/onlyLS/ba_32768_1_8.csv
Best energy: -8051203.000000
Total time: 0.2209s
Local search iterations: 63
----------------------------------------
  Seed 3/10 (seed=44)
Initialized onlyLS solver (GPU local search only). Results will be saved under 'onlyLS'.
Parameters:
  instance_name: ba_32768_1_8.txt
  dataset: barabasi_albert_10ins_m20
  random_seed: 44
  n_random_solutions: 128
  max_local_iterations: 1000
  precision: 32 bits (<class 'numpy.float32'>)
  run_name: onlyLS
--------------------------------------------------
Generating 128 random solutions...
Applying local search to 128 solutions...
Results saved to: results/barabasi_albert_10ins_m20/onlyLS/ba_32768_1_8.csv
Best energy: -8080525.000000
Total time: 0.2319s
Local search iterations: 71
----------------------------------------
  Seed 4/10 (seed=45)
Initialized onlyLS solver (GPU local search only). Results will be saved under 'onlyLS'.
Parameters:
  instance_name: ba_32768_1_8.txt
  dataset: barabasi_albert_10ins_m20
  random_seed: 45
  n_random_solutions: 128
  max_local_iterations: 1000
  precision: 32 bits (<class 'numpy.float32'>)
  run_name: onlyLS
--------------------------------------------------
Generating 128 random solutions...
Applying local search to 128 solutions...
Results saved to: results/barabasi_albert_10ins_m20/onlyLS/ba_32768_1_8.csv
Best energy: -8067363.000000
Total time: 0.2359s
Local search iterations: 74
----------------------------------------
  Seed 5/10 (seed=46)
Initialized onlyLS solver (GPU local search only). Results will be saved under 'onlyLS'.
Parameters:
  instance_name: ba_32768_1_8.txt
  dataset: barabasi_albert_10ins_m20
  random_seed: 46
  n_random_solutions: 128
  max_local_iterations: 1000
  precision: 32 bits (<class 'numpy.float32'>)
  run_name: onlyLS
--------------------------------------------------
Generating 128 random solutions...
Applying local search to 128 solutions...
Results saved to: results/barabasi_albert_10ins_m20/onlyLS/ba_32768_1_8.csv
Best energy: -8061551.000000
Total time: 0.2243s
Local search iterations: 66
----------------------------------------
  Seed 6/10 (seed=47)
Initialized onlyLS solver (GPU local search only). Results will be saved under 'onlyLS'.
Parameters:
  instance_name: ba_32768_1_8.txt
  dataset: barabasi_albert_10ins_m20
  random_seed: 47
  n_random_solutions: 128
  max_local_iterations: 1000
  precision: 32 bits (<class 'numpy.float32'>)
  run_name: onlyLS
--------------------------------------------------
Generating 128 random solutions...
Applying local search to 128 solutions...
Results saved to: results/barabasi_albert_10ins_m20/onlyLS/ba_32768_1_8.csv
Best energy: -8071741.000000
Total time: 0.2453s
Local search iterations: 81
----------------------------------------
  Seed 7/10 (seed=48)
Initialized onlyLS solver (GPU local search only). Results will be saved under 'onlyLS'.
Parameters:
  instance_name: ba_32768_1_8.txt
  dataset: barabasi_albert_10ins_m20
  random_seed: 48
  n_random_solutions: 128
  max_local_iterations: 1000
  precision: 32 bits (<class 'numpy.float32'>)
  run_name: onlyLS
--------------------------------------------------
Generating 128 random solutions...
Applying local search to 128 solutions...
Results saved to: results/barabasi_albert_10ins_m20/onlyLS/ba_32768_1_8.csv
Best energy: -8060127.000000
Total time: 0.2254s
Local search iterations: 67
----------------------------------------
  Seed 8/10 (seed=49)
Initialized onlyLS solver (GPU local search only). Results will be saved under 'onlyLS'.
Parameters:
  instance_name: ba_32768_1_8.txt
  dataset: barabasi_albert_10ins_m20
  random_seed: 49
  n_random_solutions: 128
  max_local_iterations: 1000
  precision: 32 bits (<class 'numpy.float32'>)
  run_name: onlyLS
--------------------------------------------------
Generating 128 random solutions...
Applying local search to 128 solutions...
Results saved to: results/barabasi_albert_10ins_m20/onlyLS/ba_32768_1_8.csv
Best energy: -8068325.000000
Total time: 0.2234s
Local search iterations: 65
----------------------------------------
  Seed 9/10 (seed=50)
Initialized onlyLS solver (GPU local search only). Results will be saved under 'onlyLS'.
Parameters:
  instance_name: ba_32768_1_8.txt
  dataset: barabasi_albert_10ins_m20
  random_seed: 50
  n_random_solutions: 128
  max_local_iterations: 1000
  precision: 32 bits (<class 'numpy.float32'>)
  run_name: onlyLS
--------------------------------------------------
Generating 128 random solutions...
Applying local search to 128 solutions...
Results saved to: results/barabasi_albert_10ins_m20/onlyLS/ba_32768_1_8.csv
Best energy: -8054765.000000
Total time: 0.2451s
Local search iterations: 81
----------------------------------------
  Seed 10/10 (seed=51)
Initialized onlyLS solver (GPU local search only). Results will be saved under 'onlyLS'.
Parameters:
  instance_name: ba_32768_1_8.txt
  dataset: barabasi_albert_10ins_m20
  random_seed: 51
  n_random_solutions: 128
  max_local_iterations: 1000
  precision: 32 bits (<class 'numpy.float32'>)
  run_name: onlyLS
--------------------------------------------------
Generating 128 random solutions...
Applying local search to 128 solutions...
Results saved to: results/barabasi_albert_10ins_m20/onlyLS/ba_32768_1_8.csv
Best energy: -8058745.000000
Total time: 0.2291s
Local search iterations: 68
----------------------------------------
Processing instance: ba_32768_1_9.txt
  Seed 1/10 (seed=42)
Initialized onlyLS solver (GPU local search only). Results will be saved under 'onlyLS'.
Parameters:
  instance_name: ba_32768_1_9.txt
  dataset: barabasi_albert_10ins_m20
  random_seed: 42
  n_random_solutions: 128
  max_local_iterations: 1000
  precision: 32 bits (<class 'numpy.float32'>)
  run_name: onlyLS
--------------------------------------------------
Generating 128 random solutions...
Applying local search to 128 solutions...
Results saved to: results/barabasi_albert_10ins_m20/onlyLS/ba_32768_1_9.csv
Best energy: -8070040.000000
Total time: 0.2169s
Local search iterations: 60
----------------------------------------
  Seed 2/10 (seed=43)
Initialized onlyLS solver (GPU local search only). Results will be saved under 'onlyLS'.
Parameters:
  instance_name: ba_32768_1_9.txt
  dataset: barabasi_albert_10ins_m20
  random_seed: 43
  n_random_solutions: 128
  max_local_iterations: 1000
  precision: 32 bits (<class 'numpy.float32'>)
  run_name: onlyLS
--------------------------------------------------
Generating 128 random solutions...
Applying local search to 128 solutions...
Results saved to: results/barabasi_albert_10ins_m20/onlyLS/ba_32768_1_9.csv
Best energy: -8064858.000000
Total time: 0.2232s
Local search iterations: 65
----------------------------------------
  Seed 3/10 (seed=44)
Initialized onlyLS solver (GPU local search only). Results will be saved under 'onlyLS'.
Parameters:
  instance_name: ba_32768_1_9.txt
  dataset: barabasi_albert_10ins_m20
  random_seed: 44
  n_random_solutions: 128
  max_local_iterations: 1000
  precision: 32 bits (<class 'numpy.float32'>)
  run_name: onlyLS
--------------------------------------------------
Generating 128 random solutions...
Applying local search to 128 solutions...
Results saved to: results/barabasi_albert_10ins_m20/onlyLS/ba_32768_1_9.csv
Best energy: -8083718.000000
Total time: 0.2180s
Local search iterations: 61
----------------------------------------
  Seed 4/10 (seed=45)
Initialized onlyLS solver (GPU local search only). Results will be saved under 'onlyLS'.
Parameters:
  instance_name: ba_32768_1_9.txt
  dataset: barabasi_albert_10ins_m20
  random_seed: 45
  n_random_solutions: 128
  max_local_iterations: 1000
  precision: 32 bits (<class 'numpy.float32'>)
  run_name: onlyLS
--------------------------------------------------
Generating 128 random solutions...
Applying local search to 128 solutions...
Results saved to: results/barabasi_albert_10ins_m20/onlyLS/ba_32768_1_9.csv
Best energy: -8062496.000000
Total time: 0.2226s
Local search iterations: 64
----------------------------------------
  Seed 5/10 (seed=46)
Initialized onlyLS solver (GPU local search only). Results will be saved under 'onlyLS'.
Parameters:
  instance_name: ba_32768_1_9.txt
  dataset: barabasi_albert_10ins_m20
  random_seed: 46
  n_random_solutions: 128
  max_local_iterations: 1000
  precision: 32 bits (<class 'numpy.float32'>)
  run_name: onlyLS
--------------------------------------------------
Generating 128 random solutions...
Applying local search to 128 solutions...
Results saved to: results/barabasi_albert_10ins_m20/onlyLS/ba_32768_1_9.csv
Best energy: -8070962.000000
Total time: 0.2505s
Local search iterations: 82
----------------------------------------
  Seed 6/10 (seed=47)
Initialized onlyLS solver (GPU local search only). Results will be saved under 'onlyLS'.
Parameters:
  instance_name: ba_32768_1_9.txt
  dataset: barabasi_albert_10ins_m20
  random_seed: 47
  n_random_solutions: 128
  max_local_iterations: 1000
  precision: 32 bits (<class 'numpy.float32'>)
  run_name: onlyLS
--------------------------------------------------
Generating 128 random solutions...
Applying local search to 128 solutions...
Results saved to: results/barabasi_albert_10ins_m20/onlyLS/ba_32768_1_9.csv
Best energy: -8074478.000000
Total time: 0.2491s
Local search iterations: 83
----------------------------------------
  Seed 7/10 (seed=48)
Initialized onlyLS solver (GPU local search only). Results will be saved under 'onlyLS'.
Parameters:
  instance_name: ba_32768_1_9.txt
  dataset: barabasi_albert_10ins_m20
  random_seed: 48
  n_random_solutions: 128
  max_local_iterations: 1000
  precision: 32 bits (<class 'numpy.float32'>)
  run_name: onlyLS
--------------------------------------------------
Generating 128 random solutions...
Applying local search to 128 solutions...
Results saved to: results/barabasi_albert_10ins_m20/onlyLS/ba_32768_1_9.csv
Best energy: -8065856.000000
Total time: 0.2213s
Local search iterations: 64
----------------------------------------
  Seed 8/10 (seed=49)
Initialized onlyLS solver (GPU local search only). Results will be saved under 'onlyLS'.
Parameters:
  instance_name: ba_32768_1_9.txt
  dataset: barabasi_albert_10ins_m20
  random_seed: 49
  n_random_solutions: 128
  max_local_iterations: 1000
  precision: 32 bits (<class 'numpy.float32'>)
  run_name: onlyLS
--------------------------------------------------
Generating 128 random solutions...
Applying local search to 128 solutions...
Results saved to: results/barabasi_albert_10ins_m20/onlyLS/ba_32768_1_9.csv
Best energy: -8065434.000000
Total time: 0.2250s
Local search iterations: 67
----------------------------------------
  Seed 9/10 (seed=50)
Initialized onlyLS solver (GPU local search only). Results will be saved under 'onlyLS'.
Parameters:
  instance_name: ba_32768_1_9.txt
  dataset: barabasi_albert_10ins_m20
  random_seed: 50
  n_random_solutions: 128
  max_local_iterations: 1000
  precision: 32 bits (<class 'numpy.float32'>)
  run_name: onlyLS
--------------------------------------------------
Generating 128 random solutions...
Applying local search to 128 solutions...
Results saved to: results/barabasi_albert_10ins_m20/onlyLS/ba_32768_1_9.csv
Best energy: -8057162.000000
Total time: 0.2470s
Local search iterations: 82
----------------------------------------
  Seed 10/10 (seed=51)
Initialized onlyLS solver (GPU local search only). Results will be saved under 'onlyLS'.
Parameters:
  instance_name: ba_32768_1_9.txt
  dataset: barabasi_albert_10ins_m20
  random_seed: 51
  n_random_solutions: 128
  max_local_iterations: 1000
  precision: 32 bits (<class 'numpy.float32'>)
  run_name: onlyLS
--------------------------------------------------
Generating 128 random solutions...
Applying local search to 128 solutions...
Results saved to: results/barabasi_albert_10ins_m20/onlyLS/ba_32768_1_9.csv
Best energy: -8070492.000000
Total time: 0.2205s
Local search iterations: 63
----------------------------------------
Processing instance: ba_4096_1_0.txt
  Seed 1/10 (seed=42)
Initialized onlyLS solver (GPU local search only). Results will be saved under 'onlyLS'.
Parameters:
  instance_name: ba_4096_1_0.txt
  dataset: barabasi_albert_10ins_m20
  random_seed: 42
  n_random_solutions: 128
  max_local_iterations: 1000
  precision: 32 bits (<class 'numpy.float32'>)
  run_name: onlyLS
--------------------------------------------------
Generating 128 random solutions...
Applying local search to 128 solutions...
Results saved to: results/barabasi_albert_10ins_m20/onlyLS/ba_4096_1_0.csv
Best energy: -1024694.000000
Total time: 0.1186s
Local search iterations: 69
----------------------------------------
  Seed 2/10 (seed=43)
Initialized onlyLS solver (GPU local search only). Results will be saved under 'onlyLS'.
Parameters:
  instance_name: ba_4096_1_0.txt
  dataset: barabasi_albert_10ins_m20
  random_seed: 43
  n_random_solutions: 128
  max_local_iterations: 1000
  precision: 32 bits (<class 'numpy.float32'>)
  run_name: onlyLS
--------------------------------------------------
Generating 128 random solutions...
Applying local search to 128 solutions...
Results saved to: results/barabasi_albert_10ins_m20/onlyLS/ba_4096_1_0.csv
Best energy: -1020064.000000
Total time: 0.1283s
Local search iterations: 71
----------------------------------------
  Seed 3/10 (seed=44)
Initialized onlyLS solver (GPU local search only). Results will be saved under 'onlyLS'.
Parameters:
  instance_name: ba_4096_1_0.txt
  dataset: barabasi_albert_10ins_m20
  random_seed: 44
  n_random_solutions: 128
  max_local_iterations: 1000
  precision: 32 bits (<class 'numpy.float32'>)
  run_name: onlyLS
--------------------------------------------------
Generating 128 random solutions...
Applying local search to 128 solutions...
Results saved to: results/barabasi_albert_10ins_m20/onlyLS/ba_4096_1_0.csv
Best energy: -1017660.000000
Total time: 0.1158s
Local search iterations: 62
----------------------------------------
  Seed 4/10 (seed=45)
Initialized onlyLS solver (GPU local search only). Results will be saved under 'onlyLS'.
Parameters:
  instance_name: ba_4096_1_0.txt
  dataset: barabasi_albert_10ins_m20
  random_seed: 45
  n_random_solutions: 128
  max_local_iterations: 1000
  precision: 32 bits (<class 'numpy.float32'>)
  run_name: onlyLS
--------------------------------------------------
Generating 128 random solutions...
Applying local search to 128 solutions...
Results saved to: results/barabasi_albert_10ins_m20/onlyLS/ba_4096_1_0.csv
Best energy: -1020978.000000
Total time: 0.1153s
Local search iterations: 61
----------------------------------------
  Seed 5/10 (seed=46)
Initialized onlyLS solver (GPU local search only). Results will be saved under 'onlyLS'.
Parameters:
  instance_name: ba_4096_1_0.txt
  dataset: barabasi_albert_10ins_m20
  random_seed: 46
  n_random_solutions: 128
  max_local_iterations: 1000
  precision: 32 bits (<class 'numpy.float32'>)
  run_name: onlyLS
--------------------------------------------------
Generating 128 random solutions...
Applying local search to 128 solutions...
Results saved to: results/barabasi_albert_10ins_m20/onlyLS/ba_4096_1_0.csv
Best energy: -1019610.000000
Total time: 0.1187s
Local search iterations: 71
----------------------------------------
  Seed 6/10 (seed=47)
Initialized onlyLS solver (GPU local search only). Results will be saved under 'onlyLS'.
Parameters:
  instance_name: ba_4096_1_0.txt
  dataset: barabasi_albert_10ins_m20
  random_seed: 47
  n_random_solutions: 128
  max_local_iterations: 1000
  precision: 32 bits (<class 'numpy.float32'>)
  run_name: onlyLS
--------------------------------------------------
Generating 128 random solutions...
Applying local search to 128 solutions...
Results saved to: results/barabasi_albert_10ins_m20/onlyLS/ba_4096_1_0.csv
Best energy: -1019000.000000
Total time: 0.1157s
Local search iterations: 63
----------------------------------------
  Seed 7/10 (seed=48)
Initialized onlyLS solver (GPU local search only). Results will be saved under 'onlyLS'.
Parameters:
  instance_name: ba_4096_1_0.txt
  dataset: barabasi_albert_10ins_m20
  random_seed: 48
  n_random_solutions: 128
  max_local_iterations: 1000
  precision: 32 bits (<class 'numpy.float32'>)
  run_name: onlyLS
--------------------------------------------------
Generating 128 random solutions...
Applying local search to 128 solutions...
Results saved to: results/barabasi_albert_10ins_m20/onlyLS/ba_4096_1_0.csv
Best energy: -1024412.000000
Total time: 0.1172s
Local search iterations: 68
----------------------------------------
  Seed 8/10 (seed=49)
Initialized onlyLS solver (GPU local search only). Results will be saved under 'onlyLS'.
Parameters:
  instance_name: ba_4096_1_0.txt
  dataset: barabasi_albert_10ins_m20
  random_seed: 49
  n_random_solutions: 128
  max_local_iterations: 1000
  precision: 32 bits (<class 'numpy.float32'>)
  run_name: onlyLS
--------------------------------------------------
Generating 128 random solutions...
Applying local search to 128 solutions...
Results saved to: results/barabasi_albert_10ins_m20/onlyLS/ba_4096_1_0.csv
Best energy: -1021368.000000
Total time: 0.1160s
Local search iterations: 64
----------------------------------------
  Seed 9/10 (seed=50)
Initialized onlyLS solver (GPU local search only). Results will be saved under 'onlyLS'.
Parameters:
  instance_name: ba_4096_1_0.txt
  dataset: barabasi_albert_10ins_m20
  random_seed: 50
  n_random_solutions: 128
  max_local_iterations: 1000
  precision: 32 bits (<class 'numpy.float32'>)
  run_name: onlyLS
--------------------------------------------------
Generating 128 random solutions...
Applying local search to 128 solutions...
Results saved to: results/barabasi_albert_10ins_m20/onlyLS/ba_4096_1_0.csv
Best energy: -1027220.000000
Total time: 0.1168s
Local search iterations: 66
----------------------------------------
  Seed 10/10 (seed=51)
Initialized onlyLS solver (GPU local search only). Results will be saved under 'onlyLS'.
Parameters:
  instance_name: ba_4096_1_0.txt
  dataset: barabasi_albert_10ins_m20
  random_seed: 51
  n_random_solutions: 128
  max_local_iterations: 1000
  precision: 32 bits (<class 'numpy.float32'>)
  run_name: onlyLS
--------------------------------------------------
Generating 128 random solutions...
Applying local search to 128 solutions...
Results saved to: results/barabasi_albert_10ins_m20/onlyLS/ba_4096_1_0.csv
Best energy: -1025740.000000
Total time: 0.1150s
Local search iterations: 61
----------------------------------------
Processing instance: ba_4096_1_1.txt
  Seed 1/10 (seed=42)
Initialized onlyLS solver (GPU local search only). Results will be saved under 'onlyLS'.
Parameters:
  instance_name: ba_4096_1_1.txt
  dataset: barabasi_albert_10ins_m20
  random_seed: 42
  n_random_solutions: 128
  max_local_iterations: 1000
  precision: 32 bits (<class 'numpy.float32'>)
  run_name: onlyLS
--------------------------------------------------
Generating 128 random solutions...
Applying local search to 128 solutions...
Results saved to: results/barabasi_albert_10ins_m20/onlyLS/ba_4096_1_1.csv
Best energy: -1022577.000000
Total time: 0.1203s
Local search iterations: 74
----------------------------------------
  Seed 2/10 (seed=43)
Initialized onlyLS solver (GPU local search only). Results will be saved under 'onlyLS'.
Parameters:
  instance_name: ba_4096_1_1.txt
  dataset: barabasi_albert_10ins_m20
  random_seed: 43
  n_random_solutions: 128
  max_local_iterations: 1000
  precision: 32 bits (<class 'numpy.float32'>)
  run_name: onlyLS
--------------------------------------------------
Generating 128 random solutions...
Applying local search to 128 solutions...
Results saved to: results/barabasi_albert_10ins_m20/onlyLS/ba_4096_1_1.csv
Best energy: -1022583.000000
Total time: 0.1193s
Local search iterations: 73
----------------------------------------
  Seed 3/10 (seed=44)
Initialized onlyLS solver (GPU local search only). Results will be saved under 'onlyLS'.
Parameters:
  instance_name: ba_4096_1_1.txt
  dataset: barabasi_albert_10ins_m20
  random_seed: 44
  n_random_solutions: 128
  max_local_iterations: 1000
  precision: 32 bits (<class 'numpy.float32'>)
  run_name: onlyLS
--------------------------------------------------
Generating 128 random solutions...
Applying local search to 128 solutions...
Results saved to: results/barabasi_albert_10ins_m20/onlyLS/ba_4096_1_1.csv
Best energy: -1023627.000000
Total time: 0.1288s
Local search iterations: 80
----------------------------------------
  Seed 4/10 (seed=45)
Initialized onlyLS solver (GPU local search only). Results will be saved under 'onlyLS'.
Parameters:
  instance_name: ba_4096_1_1.txt
  dataset: barabasi_albert_10ins_m20
  random_seed: 45
  n_random_solutions: 128
  max_local_iterations: 1000
  precision: 32 bits (<class 'numpy.float32'>)
  run_name: onlyLS
--------------------------------------------------
Generating 128 random solutions...
Applying local search to 128 solutions...
Results saved to: results/barabasi_albert_10ins_m20/onlyLS/ba_4096_1_1.csv
Best energy: -1019013.000000
Total time: 0.1252s
Local search iterations: 71
----------------------------------------
  Seed 5/10 (seed=46)
Initialized onlyLS solver (GPU local search only). Results will be saved under 'onlyLS'.
Parameters:
  instance_name: ba_4096_1_1.txt
  dataset: barabasi_albert_10ins_m20
  random_seed: 46
  n_random_solutions: 128
  max_local_iterations: 1000
  precision: 32 bits (<class 'numpy.float32'>)
  run_name: onlyLS
--------------------------------------------------
Generating 128 random solutions...
Applying local search to 128 solutions...
Results saved to: results/barabasi_albert_10ins_m20/onlyLS/ba_4096_1_1.csv
Best energy: -1028069.000000
Total time: 0.1229s
Local search iterations: 67
----------------------------------------
  Seed 6/10 (seed=47)
Initialized onlyLS solver (GPU local search only). Results will be saved under 'onlyLS'.
Parameters:
  instance_name: ba_4096_1_1.txt
  dataset: barabasi_albert_10ins_m20
  random_seed: 47
  n_random_solutions: 128
  max_local_iterations: 1000
  precision: 32 bits (<class 'numpy.float32'>)
  run_name: onlyLS
--------------------------------------------------
Generating 128 random solutions...
Applying local search to 128 solutions...
Results saved to: results/barabasi_albert_10ins_m20/onlyLS/ba_4096_1_1.csv
Best energy: -1018421.000000
Total time: 0.1252s
Local search iterations: 72
----------------------------------------
  Seed 7/10 (seed=48)
Initialized onlyLS solver (GPU local search only). Results will be saved under 'onlyLS'.
Parameters:
  instance_name: ba_4096_1_1.txt
  dataset: barabasi_albert_10ins_m20
  random_seed: 48
  n_random_solutions: 128
  max_local_iterations: 1000
  precision: 32 bits (<class 'numpy.float32'>)
  run_name: onlyLS
--------------------------------------------------
Generating 128 random solutions...
Applying local search to 128 solutions...
Results saved to: results/barabasi_albert_10ins_m20/onlyLS/ba_4096_1_1.csv
Best energy: -1029611.000000
Total time: 0.1230s
Local search iterations: 68
----------------------------------------
  Seed 8/10 (seed=49)
Initialized onlyLS solver (GPU local search only). Results will be saved under 'onlyLS'.
Parameters:
  instance_name: ba_4096_1_1.txt
  dataset: barabasi_albert_10ins_m20
  random_seed: 49
  n_random_solutions: 128
  max_local_iterations: 1000
  precision: 32 bits (<class 'numpy.float32'>)
  run_name: onlyLS
--------------------------------------------------
Generating 128 random solutions...
Applying local search to 128 solutions...
Results saved to: results/barabasi_albert_10ins_m20/onlyLS/ba_4096_1_1.csv
Best energy: -1024945.000000
Total time: 0.1204s
Local search iterations: 60
----------------------------------------
  Seed 9/10 (seed=50)
Initialized onlyLS solver (GPU local search only). Results will be saved under 'onlyLS'.
Parameters:
  instance_name: ba_4096_1_1.txt
  dataset: barabasi_albert_10ins_m20
  random_seed: 50
  n_random_solutions: 128
  max_local_iterations: 1000
  precision: 32 bits (<class 'numpy.float32'>)
  run_name: onlyLS
--------------------------------------------------
Generating 128 random solutions...
Applying local search to 128 solutions...
Results saved to: results/barabasi_albert_10ins_m20/onlyLS/ba_4096_1_1.csv
Best energy: -1019219.000000
Total time: 0.1244s
Local search iterations: 70
----------------------------------------
  Seed 10/10 (seed=51)
Initialized onlyLS solver (GPU local search only). Results will be saved under 'onlyLS'.
Parameters:
  instance_name: ba_4096_1_1.txt
  dataset: barabasi_albert_10ins_m20
  random_seed: 51
  n_random_solutions: 128
  max_local_iterations: 1000
  precision: 32 bits (<class 'numpy.float32'>)
  run_name: onlyLS
--------------------------------------------------
Generating 128 random solutions...
Applying local search to 128 solutions...
Results saved to: results/barabasi_albert_10ins_m20/onlyLS/ba_4096_1_1.csv
Best energy: -1018355.000000
Total time: 0.1238s
Local search iterations: 69
----------------------------------------
Processing instance: ba_4096_1_2.txt
  Seed 1/10 (seed=42)
Initialized onlyLS solver (GPU local search only). Results will be saved under 'onlyLS'.
Parameters:
  instance_name: ba_4096_1_2.txt
  dataset: barabasi_albert_10ins_m20
  random_seed: 42
  n_random_solutions: 128
  max_local_iterations: 1000
  precision: 32 bits (<class 'numpy.float32'>)
  run_name: onlyLS
--------------------------------------------------
Generating 128 random solutions...
Applying local search to 128 solutions...
Results saved to: results/barabasi_albert_10ins_m20/onlyLS/ba_4096_1_2.csv
Best energy: -1024120.000000
Total time: 0.1306s
Local search iterations: 84
----------------------------------------
  Seed 2/10 (seed=43)
Initialized onlyLS solver (GPU local search only). Results will be saved under 'onlyLS'.
Parameters:
  instance_name: ba_4096_1_2.txt
  dataset: barabasi_albert_10ins_m20
  random_seed: 43
  n_random_solutions: 128
  max_local_iterations: 1000
  precision: 32 bits (<class 'numpy.float32'>)
  run_name: onlyLS
--------------------------------------------------
Generating 128 random solutions...
Applying local search to 128 solutions...
Results saved to: results/barabasi_albert_10ins_m20/onlyLS/ba_4096_1_2.csv
Best energy: -1020056.000000
Total time: 0.2499s
Local search iterations: 69
----------------------------------------
  Seed 3/10 (seed=44)
Initialized onlyLS solver (GPU local search only). Results will be saved under 'onlyLS'.
Parameters:
  instance_name: ba_4096_1_2.txt
  dataset: barabasi_albert_10ins_m20
  random_seed: 44
  n_random_solutions: 128
  max_local_iterations: 1000
  precision: 32 bits (<class 'numpy.float32'>)
  run_name: onlyLS
--------------------------------------------------
Generating 128 random solutions...
Applying local search to 128 solutions...
Results saved to: results/barabasi_albert_10ins_m20/onlyLS/ba_4096_1_2.csv
Best energy: -1020054.000000
Total time: 0.1170s
Local search iterations: 67
----------------------------------------
  Seed 4/10 (seed=45)
Initialized onlyLS solver (GPU local search only). Results will be saved under 'onlyLS'.
Parameters:
  instance_name: ba_4096_1_2.txt
  dataset: barabasi_albert_10ins_m20
  random_seed: 45
  n_random_solutions: 128
  max_local_iterations: 1000
  precision: 32 bits (<class 'numpy.float32'>)
  run_name: onlyLS
--------------------------------------------------
Generating 128 random solutions...
Applying local search to 128 solutions...
Results saved to: results/barabasi_albert_10ins_m20/onlyLS/ba_4096_1_2.csv
Best energy: -1016922.000000
Total time: 0.1195s
Local search iterations: 73
----------------------------------------
  Seed 5/10 (seed=46)
Initialized onlyLS solver (GPU local search only). Results will be saved under 'onlyLS'.
Parameters:
  instance_name: ba_4096_1_2.txt
  dataset: barabasi_albert_10ins_m20
  random_seed: 46
  n_random_solutions: 128
  max_local_iterations: 1000
  precision: 32 bits (<class 'numpy.float32'>)
  run_name: onlyLS
--------------------------------------------------
Generating 128 random solutions...
Applying local search to 128 solutions...
Results saved to: results/barabasi_albert_10ins_m20/onlyLS/ba_4096_1_2.csv
Best energy: -1021868.000000
Total time: 0.1216s
Local search iterations: 80
----------------------------------------
  Seed 6/10 (seed=47)
Initialized onlyLS solver (GPU local search only). Results will be saved under 'onlyLS'.
Parameters:
  instance_name: ba_4096_1_2.txt
  dataset: barabasi_albert_10ins_m20
  random_seed: 47
  n_random_solutions: 128
  max_local_iterations: 1000
  precision: 32 bits (<class 'numpy.float32'>)
  run_name: onlyLS
--------------------------------------------------
Generating 128 random solutions...
Applying local search to 128 solutions...
Results saved to: results/barabasi_albert_10ins_m20/onlyLS/ba_4096_1_2.csv
Best energy: -1021202.000000
Total time: 0.1240s
Local search iterations: 87
----------------------------------------
  Seed 7/10 (seed=48)
Initialized onlyLS solver (GPU local search only). Results will be saved under 'onlyLS'.
Parameters:
  instance_name: ba_4096_1_2.txt
  dataset: barabasi_albert_10ins_m20
  random_seed: 48
  n_random_solutions: 128
  max_local_iterations: 1000
  precision: 32 bits (<class 'numpy.float32'>)
  run_name: onlyLS
--------------------------------------------------
Generating 128 random solutions...
Applying local search to 128 solutions...
Results saved to: results/barabasi_albert_10ins_m20/onlyLS/ba_4096_1_2.csv
Best energy: -1017496.000000
Total time: 0.1183s
Local search iterations: 70
----------------------------------------
  Seed 8/10 (seed=49)
Initialized onlyLS solver (GPU local search only). Results will be saved under 'onlyLS'.
Parameters:
  instance_name: ba_4096_1_2.txt
  dataset: barabasi_albert_10ins_m20
  random_seed: 49
  n_random_solutions: 128
  max_local_iterations: 1000
  precision: 32 bits (<class 'numpy.float32'>)
  run_name: onlyLS
--------------------------------------------------
Generating 128 random solutions...
Applying local search to 128 solutions...
Results saved to: results/barabasi_albert_10ins_m20/onlyLS/ba_4096_1_2.csv
Best energy: -1023302.000000
Total time: 0.1211s
Local search iterations: 80
----------------------------------------
  Seed 9/10 (seed=50)
Initialized onlyLS solver (GPU local search only). Results will be saved under 'onlyLS'.
Parameters:
  instance_name: ba_4096_1_2.txt
  dataset: barabasi_albert_10ins_m20
  random_seed: 50
  n_random_solutions: 128
  max_local_iterations: 1000
  precision: 32 bits (<class 'numpy.float32'>)
  run_name: onlyLS
--------------------------------------------------
Generating 128 random solutions...
Applying local search to 128 solutions...
Results saved to: results/barabasi_albert_10ins_m20/onlyLS/ba_4096_1_2.csv
Best energy: -1018234.000000
Total time: 0.1168s
Local search iterations: 67
----------------------------------------
  Seed 10/10 (seed=51)
Initialized onlyLS solver (GPU local search only). Results will be saved under 'onlyLS'.
Parameters:
  instance_name: ba_4096_1_2.txt
  dataset: barabasi_albert_10ins_m20
  random_seed: 51
  n_random_solutions: 128
  max_local_iterations: 1000
  precision: 32 bits (<class 'numpy.float32'>)
  run_name: onlyLS
--------------------------------------------------
Generating 128 random solutions...
Applying local search to 128 solutions...
Results saved to: results/barabasi_albert_10ins_m20/onlyLS/ba_4096_1_2.csv
Best energy: -1015998.000000
Total time: 0.1163s
Local search iterations: 65
----------------------------------------
Processing instance: ba_4096_1_3.txt
  Seed 1/10 (seed=42)
Initialized onlyLS solver (GPU local search only). Results will be saved under 'onlyLS'.
Parameters:
  instance_name: ba_4096_1_3.txt
  dataset: barabasi_albert_10ins_m20
  random_seed: 42
  n_random_solutions: 128
  max_local_iterations: 1000
  precision: 32 bits (<class 'numpy.float32'>)
  run_name: onlyLS
--------------------------------------------------
Generating 128 random solutions...
Applying local search to 128 solutions...
Results saved to: results/barabasi_albert_10ins_m20/onlyLS/ba_4096_1_3.csv
Best energy: -1026186.000000
Total time: 0.1174s
Local search iterations: 66
----------------------------------------
  Seed 2/10 (seed=43)
Initialized onlyLS solver (GPU local search only). Results will be saved under 'onlyLS'.
Parameters:
  instance_name: ba_4096_1_3.txt
  dataset: barabasi_albert_10ins_m20
  random_seed: 43
  n_random_solutions: 128
  max_local_iterations: 1000
  precision: 32 bits (<class 'numpy.float32'>)
  run_name: onlyLS
--------------------------------------------------
Generating 128 random solutions...
Applying local search to 128 solutions...
Results saved to: results/barabasi_albert_10ins_m20/onlyLS/ba_4096_1_3.csv
Best energy: -1019170.000000
Total time: 0.1192s
Local search iterations: 73
----------------------------------------
  Seed 3/10 (seed=44)
Initialized onlyLS solver (GPU local search only). Results will be saved under 'onlyLS'.
Parameters:
  instance_name: ba_4096_1_3.txt
  dataset: barabasi_albert_10ins_m20
  random_seed: 44
  n_random_solutions: 128
  max_local_iterations: 1000
  precision: 32 bits (<class 'numpy.float32'>)
  run_name: onlyLS
--------------------------------------------------
Generating 128 random solutions...
Applying local search to 128 solutions...
Results saved to: results/barabasi_albert_10ins_m20/onlyLS/ba_4096_1_3.csv
Best energy: -1022608.000000
Total time: 0.1184s
Local search iterations: 70
----------------------------------------
  Seed 4/10 (seed=45)
Initialized onlyLS solver (GPU local search only). Results will be saved under 'onlyLS'.
Parameters:
  instance_name: ba_4096_1_3.txt
  dataset: barabasi_albert_10ins_m20
  random_seed: 45
  n_random_solutions: 128
  max_local_iterations: 1000
  precision: 32 bits (<class 'numpy.float32'>)
  run_name: onlyLS
--------------------------------------------------
Generating 128 random solutions...
Applying local search to 128 solutions...
Results saved to: results/barabasi_albert_10ins_m20/onlyLS/ba_4096_1_3.csv
Best energy: -1020956.000000
Total time: 0.1188s
Local search iterations: 72
----------------------------------------
  Seed 5/10 (seed=46)
Initialized onlyLS solver (GPU local search only). Results will be saved under 'onlyLS'.
Parameters:
  instance_name: ba_4096_1_3.txt
  dataset: barabasi_albert_10ins_m20
  random_seed: 46
  n_random_solutions: 128
  max_local_iterations: 1000
  precision: 32 bits (<class 'numpy.float32'>)
  run_name: onlyLS
--------------------------------------------------
Generating 128 random solutions...
Applying local search to 128 solutions...
Results saved to: results/barabasi_albert_10ins_m20/onlyLS/ba_4096_1_3.csv
Best energy: -1021384.000000
Total time: 0.1189s
Local search iterations: 71
----------------------------------------
  Seed 6/10 (seed=47)
Initialized onlyLS solver (GPU local search only). Results will be saved under 'onlyLS'.
Parameters:
  instance_name: ba_4096_1_3.txt
  dataset: barabasi_albert_10ins_m20
  random_seed: 47
  n_random_solutions: 128
  max_local_iterations: 1000
  precision: 32 bits (<class 'numpy.float32'>)
  run_name: onlyLS
--------------------------------------------------
Generating 128 random solutions...
Applying local search to 128 solutions...
Results saved to: results/barabasi_albert_10ins_m20/onlyLS/ba_4096_1_3.csv
Best energy: -1028018.000000
Total time: 0.1250s
Local search iterations: 88
----------------------------------------
  Seed 7/10 (seed=48)
Initialized onlyLS solver (GPU local search only). Results will be saved under 'onlyLS'.
Parameters:
  instance_name: ba_4096_1_3.txt
  dataset: barabasi_albert_10ins_m20
  random_seed: 48
  n_random_solutions: 128
  max_local_iterations: 1000
  precision: 32 bits (<class 'numpy.float32'>)
  run_name: onlyLS
--------------------------------------------------
Generating 128 random solutions...
Applying local search to 128 solutions...
Results saved to: results/barabasi_albert_10ins_m20/onlyLS/ba_4096_1_3.csv
Best energy: -1021496.000000
Total time: 0.1219s
Local search iterations: 71
----------------------------------------
  Seed 8/10 (seed=49)
Initialized onlyLS solver (GPU local search only). Results will be saved under 'onlyLS'.
Parameters:
  instance_name: ba_4096_1_3.txt
  dataset: barabasi_albert_10ins_m20
  random_seed: 49
  n_random_solutions: 128
  max_local_iterations: 1000
  precision: 32 bits (<class 'numpy.float32'>)
  run_name: onlyLS
--------------------------------------------------
Generating 128 random solutions...
Applying local search to 128 solutions...
Results saved to: results/barabasi_albert_10ins_m20/onlyLS/ba_4096_1_3.csv
Best energy: -1018270.000000
Total time: 0.1320s
Local search iterations: 94
----------------------------------------
  Seed 9/10 (seed=50)
Initialized onlyLS solver (GPU local search only). Results will be saved under 'onlyLS'.
Parameters:
  instance_name: ba_4096_1_3.txt
  dataset: barabasi_albert_10ins_m20
  random_seed: 50
  n_random_solutions: 128
  max_local_iterations: 1000
  precision: 32 bits (<class 'numpy.float32'>)
  run_name: onlyLS
--------------------------------------------------
Generating 128 random solutions...
Applying local search to 128 solutions...
Results saved to: results/barabasi_albert_10ins_m20/onlyLS/ba_4096_1_3.csv
Best energy: -1023084.000000
Total time: 0.1238s
Local search iterations: 72
----------------------------------------
  Seed 10/10 (seed=51)
Initialized onlyLS solver (GPU local search only). Results will be saved under 'onlyLS'.
Parameters:
  instance_name: ba_4096_1_3.txt
  dataset: barabasi_albert_10ins_m20
  random_seed: 51
  n_random_solutions: 128
  max_local_iterations: 1000
  precision: 32 bits (<class 'numpy.float32'>)
  run_name: onlyLS
--------------------------------------------------
Generating 128 random solutions...
Applying local search to 128 solutions...
Results saved to: results/barabasi_albert_10ins_m20/onlyLS/ba_4096_1_3.csv
Best energy: -1017986.000000
Total time: 0.1205s
Local search iterations: 62
----------------------------------------
Processing instance: ba_4096_1_4.txt
  Seed 1/10 (seed=42)
Initialized onlyLS solver (GPU local search only). Results will be saved under 'onlyLS'.
Parameters:
  instance_name: ba_4096_1_4.txt
  dataset: barabasi_albert_10ins_m20
  random_seed: 42
  n_random_solutions: 128
  max_local_iterations: 1000
  precision: 32 bits (<class 'numpy.float32'>)
  run_name: onlyLS
--------------------------------------------------
Generating 128 random solutions...
Applying local search to 128 solutions...
Results saved to: results/barabasi_albert_10ins_m20/onlyLS/ba_4096_1_4.csv
Best energy: -1017304.000000
Total time: 0.1239s
Local search iterations: 66
----------------------------------------
  Seed 2/10 (seed=43)
Initialized onlyLS solver (GPU local search only). Results will be saved under 'onlyLS'.
Parameters:
  instance_name: ba_4096_1_4.txt
  dataset: barabasi_albert_10ins_m20
  random_seed: 43
  n_random_solutions: 128
  max_local_iterations: 1000
  precision: 32 bits (<class 'numpy.float32'>)
  run_name: onlyLS
--------------------------------------------------
Generating 128 random solutions...
Applying local search to 128 solutions...
Results saved to: results/barabasi_albert_10ins_m20/onlyLS/ba_4096_1_4.csv
Best energy: -1013434.000000
Total time: 0.1226s
Local search iterations: 63
----------------------------------------
  Seed 3/10 (seed=44)
Initialized onlyLS solver (GPU local search only). Results will be saved under 'onlyLS'.
Parameters:
  instance_name: ba_4096_1_4.txt
  dataset: barabasi_albert_10ins_m20
  random_seed: 44
  n_random_solutions: 128
  max_local_iterations: 1000
  precision: 32 bits (<class 'numpy.float32'>)
  run_name: onlyLS
--------------------------------------------------
Generating 128 random solutions...
Applying local search to 128 solutions...
Results saved to: results/barabasi_albert_10ins_m20/onlyLS/ba_4096_1_4.csv
Best energy: -1024898.000000
Total time: 0.1224s
Local search iterations: 64
----------------------------------------
  Seed 4/10 (seed=45)
Initialized onlyLS solver (GPU local search only). Results will be saved under 'onlyLS'.
Parameters:
  instance_name: ba_4096_1_4.txt
  dataset: barabasi_albert_10ins_m20
  random_seed: 45
  n_random_solutions: 128
  max_local_iterations: 1000
  precision: 32 bits (<class 'numpy.float32'>)
  run_name: onlyLS
--------------------------------------------------
Generating 128 random solutions...
Applying local search to 128 solutions...
Results saved to: results/barabasi_albert_10ins_m20/onlyLS/ba_4096_1_4.csv
Best energy: -1016716.000000
Total time: 0.1204s
Local search iterations: 57
----------------------------------------
  Seed 5/10 (seed=46)
Initialized onlyLS solver (GPU local search only). Results will be saved under 'onlyLS'.
Parameters:
  instance_name: ba_4096_1_4.txt
  dataset: barabasi_albert_10ins_m20
  random_seed: 46
  n_random_solutions: 128
  max_local_iterations: 1000
  precision: 32 bits (<class 'numpy.float32'>)
  run_name: onlyLS
--------------------------------------------------
Generating 128 random solutions...
Applying local search to 128 solutions...
Results saved to: results/barabasi_albert_10ins_m20/onlyLS/ba_4096_1_4.csv
Best energy: -1019388.000000
Total time: 0.1266s
Local search iterations: 72
----------------------------------------
  Seed 6/10 (seed=47)
Initialized onlyLS solver (GPU local search only). Results will be saved under 'onlyLS'.
Parameters:
  instance_name: ba_4096_1_4.txt
  dataset: barabasi_albert_10ins_m20
  random_seed: 47
  n_random_solutions: 128
  max_local_iterations: 1000
  precision: 32 bits (<class 'numpy.float32'>)
  run_name: onlyLS
--------------------------------------------------
Generating 128 random solutions...
Applying local search to 128 solutions...
Results saved to: results/barabasi_albert_10ins_m20/onlyLS/ba_4096_1_4.csv
Best energy: -1025626.000000
Total time: 0.1230s
Local search iterations: 64
----------------------------------------
  Seed 7/10 (seed=48)
Initialized onlyLS solver (GPU local search only). Results will be saved under 'onlyLS'.
Parameters:
  instance_name: ba_4096_1_4.txt
  dataset: barabasi_albert_10ins_m20
  random_seed: 48
  n_random_solutions: 128
  max_local_iterations: 1000
  precision: 32 bits (<class 'numpy.float32'>)
  run_name: onlyLS
--------------------------------------------------
Generating 128 random solutions...
Applying local search to 128 solutions...
Results saved to: results/barabasi_albert_10ins_m20/onlyLS/ba_4096_1_4.csv
Best energy: -1024838.000000
Total time: 0.1222s
Local search iterations: 62
----------------------------------------
  Seed 8/10 (seed=49)
Initialized onlyLS solver (GPU local search only). Results will be saved under 'onlyLS'.
Parameters:
  instance_name: ba_4096_1_4.txt
  dataset: barabasi_albert_10ins_m20
  random_seed: 49
  n_random_solutions: 128
  max_local_iterations: 1000
  precision: 32 bits (<class 'numpy.float32'>)
  run_name: onlyLS
--------------------------------------------------
Generating 128 random solutions...
Applying local search to 128 solutions...
Results saved to: results/barabasi_albert_10ins_m20/onlyLS/ba_4096_1_4.csv
Best energy: -1013644.000000
Total time: 0.2500s
Local search iterations: 65
----------------------------------------
  Seed 9/10 (seed=50)
Initialized onlyLS solver (GPU local search only). Results will be saved under 'onlyLS'.
Parameters:
  instance_name: ba_4096_1_4.txt
  dataset: barabasi_albert_10ins_m20
  random_seed: 50
  n_random_solutions: 128
  max_local_iterations: 1000
  precision: 32 bits (<class 'numpy.float32'>)
  run_name: onlyLS
--------------------------------------------------
Generating 128 random solutions...
Applying local search to 128 solutions...
Results saved to: results/barabasi_albert_10ins_m20/onlyLS/ba_4096_1_4.csv
Best energy: -1017582.000000
Total time: 0.1160s
Local search iterations: 64
----------------------------------------
  Seed 10/10 (seed=51)
Initialized onlyLS solver (GPU local search only). Results will be saved under 'onlyLS'.
Parameters:
  instance_name: ba_4096_1_4.txt
  dataset: barabasi_albert_10ins_m20
  random_seed: 51
  n_random_solutions: 128
  max_local_iterations: 1000
  precision: 32 bits (<class 'numpy.float32'>)
  run_name: onlyLS
--------------------------------------------------
Generating 128 random solutions...
Applying local search to 128 solutions...
Results saved to: results/barabasi_albert_10ins_m20/onlyLS/ba_4096_1_4.csv
Best energy: -1015232.000000
Total time: 0.1215s
Local search iterations: 79
----------------------------------------
Processing instance: ba_4096_1_5.txt
  Seed 1/10 (seed=42)
Initialized onlyLS solver (GPU local search only). Results will be saved under 'onlyLS'.
Parameters:
  instance_name: ba_4096_1_5.txt
  dataset: barabasi_albert_10ins_m20
  random_seed: 42
  n_random_solutions: 128
  max_local_iterations: 1000
  precision: 32 bits (<class 'numpy.float32'>)
  run_name: onlyLS
--------------------------------------------------
Generating 128 random solutions...
Applying local search to 128 solutions...
Results saved to: results/barabasi_albert_10ins_m20/onlyLS/ba_4096_1_5.csv
Best energy: -1014416.000000
Total time: 0.1227s
Local search iterations: 82
----------------------------------------
  Seed 2/10 (seed=43)
Initialized onlyLS solver (GPU local search only). Results will be saved under 'onlyLS'.
Parameters:
  instance_name: ba_4096_1_5.txt
  dataset: barabasi_albert_10ins_m20
  random_seed: 43
  n_random_solutions: 128
  max_local_iterations: 1000
  precision: 32 bits (<class 'numpy.float32'>)
  run_name: onlyLS
--------------------------------------------------
Generating 128 random solutions...
Applying local search to 128 solutions...
Results saved to: results/barabasi_albert_10ins_m20/onlyLS/ba_4096_1_5.csv
Best energy: -1031604.000000
Total time: 0.1185s
Local search iterations: 72
----------------------------------------
  Seed 3/10 (seed=44)
Initialized onlyLS solver (GPU local search only). Results will be saved under 'onlyLS'.
Parameters:
  instance_name: ba_4096_1_5.txt
  dataset: barabasi_albert_10ins_m20
  random_seed: 44
  n_random_solutions: 128
  max_local_iterations: 1000
  precision: 32 bits (<class 'numpy.float32'>)
  run_name: onlyLS
--------------------------------------------------
Generating 128 random solutions...
Applying local search to 128 solutions...
Results saved to: results/barabasi_albert_10ins_m20/onlyLS/ba_4096_1_5.csv
Best energy: -1020296.000000
Total time: 0.1263s
Local search iterations: 62
----------------------------------------
  Seed 4/10 (seed=45)
Initialized onlyLS solver (GPU local search only). Results will be saved under 'onlyLS'.
Parameters:
  instance_name: ba_4096_1_5.txt
  dataset: barabasi_albert_10ins_m20
  random_seed: 45
  n_random_solutions: 128
  max_local_iterations: 1000
  precision: 32 bits (<class 'numpy.float32'>)
  run_name: onlyLS
--------------------------------------------------
Generating 128 random solutions...
Applying local search to 128 solutions...
Results saved to: results/barabasi_albert_10ins_m20/onlyLS/ba_4096_1_5.csv
Best energy: -1014134.000000
Total time: 0.1160s
Local search iterations: 65
----------------------------------------
  Seed 5/10 (seed=46)
Initialized onlyLS solver (GPU local search only). Results will be saved under 'onlyLS'.
Parameters:
  instance_name: ba_4096_1_5.txt
  dataset: barabasi_albert_10ins_m20
  random_seed: 46
  n_random_solutions: 128
  max_local_iterations: 1000
  precision: 32 bits (<class 'numpy.float32'>)
  run_name: onlyLS
--------------------------------------------------
Generating 128 random solutions...
Applying local search to 128 solutions...
Results saved to: results/barabasi_albert_10ins_m20/onlyLS/ba_4096_1_5.csv
Best energy: -1018390.000000
Total time: 0.1198s
Local search iterations: 75
----------------------------------------
  Seed 6/10 (seed=47)
Initialized onlyLS solver (GPU local search only). Results will be saved under 'onlyLS'.
Parameters:
  instance_name: ba_4096_1_5.txt
  dataset: barabasi_albert_10ins_m20
  random_seed: 47
  n_random_solutions: 128
  max_local_iterations: 1000
  precision: 32 bits (<class 'numpy.float32'>)
  run_name: onlyLS
--------------------------------------------------
Generating 128 random solutions...
Applying local search to 128 solutions...
Results saved to: results/barabasi_albert_10ins_m20/onlyLS/ba_4096_1_5.csv
Best energy: -1014952.000000
Total time: 0.1226s
Local search iterations: 83
----------------------------------------
  Seed 7/10 (seed=48)
Initialized onlyLS solver (GPU local search only). Results will be saved under 'onlyLS'.
Parameters:
  instance_name: ba_4096_1_5.txt
  dataset: barabasi_albert_10ins_m20
  random_seed: 48
  n_random_solutions: 128
  max_local_iterations: 1000
  precision: 32 bits (<class 'numpy.float32'>)
  run_name: onlyLS
--------------------------------------------------
Generating 128 random solutions...
Applying local search to 128 solutions...
Results saved to: results/barabasi_albert_10ins_m20/onlyLS/ba_4096_1_5.csv
Best energy: -1020256.000000
Total time: 0.2283s
Local search iterations: 59
----------------------------------------
  Seed 8/10 (seed=49)
Initialized onlyLS solver (GPU local search only). Results will be saved under 'onlyLS'.
Parameters:
  instance_name: ba_4096_1_5.txt
  dataset: barabasi_albert_10ins_m20
  random_seed: 49
  n_random_solutions: 128
  max_local_iterations: 1000
  precision: 32 bits (<class 'numpy.float32'>)
  run_name: onlyLS
--------------------------------------------------
Generating 128 random solutions...
Applying local search to 128 solutions...
Results saved to: results/barabasi_albert_10ins_m20/onlyLS/ba_4096_1_5.csv
Best energy: -1022140.000000
Total time: 0.1169s
Local search iterations: 67
----------------------------------------
  Seed 9/10 (seed=50)
Initialized onlyLS solver (GPU local search only). Results will be saved under 'onlyLS'.
Parameters:
  instance_name: ba_4096_1_5.txt
  dataset: barabasi_albert_10ins_m20
  random_seed: 50
  n_random_solutions: 128
  max_local_iterations: 1000
  precision: 32 bits (<class 'numpy.float32'>)
  run_name: onlyLS
--------------------------------------------------
Generating 128 random solutions...
Applying local search to 128 solutions...
Results saved to: results/barabasi_albert_10ins_m20/onlyLS/ba_4096_1_5.csv
Best energy: -1024394.000000
Total time: 0.1177s
Local search iterations: 69
----------------------------------------
  Seed 10/10 (seed=51)
Initialized onlyLS solver (GPU local search only). Results will be saved under 'onlyLS'.
Parameters:
  instance_name: ba_4096_1_5.txt
  dataset: barabasi_albert_10ins_m20
  random_seed: 51
  n_random_solutions: 128
  max_local_iterations: 1000
  precision: 32 bits (<class 'numpy.float32'>)
  run_name: onlyLS
--------------------------------------------------
Generating 128 random solutions...
Applying local search to 128 solutions...
Results saved to: results/barabasi_albert_10ins_m20/onlyLS/ba_4096_1_5.csv
Best energy: -1021596.000000
Total time: 0.1149s
Local search iterations: 60
----------------------------------------
Processing instance: ba_4096_1_6.txt
  Seed 1/10 (seed=42)
Initialized onlyLS solver (GPU local search only). Results will be saved under 'onlyLS'.
Parameters:
  instance_name: ba_4096_1_6.txt
  dataset: barabasi_albert_10ins_m20
  random_seed: 42
  n_random_solutions: 128
  max_local_iterations: 1000
  precision: 32 bits (<class 'numpy.float32'>)
  run_name: onlyLS
--------------------------------------------------
Generating 128 random solutions...
Applying local search to 128 solutions...
Results saved to: results/barabasi_albert_10ins_m20/onlyLS/ba_4096_1_6.csv
Best energy: -1022163.000000
Total time: 0.1318s
Local search iterations: 67
----------------------------------------
  Seed 2/10 (seed=43)
Initialized onlyLS solver (GPU local search only). Results will be saved under 'onlyLS'.
Parameters:
  instance_name: ba_4096_1_6.txt
  dataset: barabasi_albert_10ins_m20
  random_seed: 43
  n_random_solutions: 128
  max_local_iterations: 1000
  precision: 32 bits (<class 'numpy.float32'>)
  run_name: onlyLS
--------------------------------------------------
Generating 128 random solutions...
Applying local search to 128 solutions...
Results saved to: results/barabasi_albert_10ins_m20/onlyLS/ba_4096_1_6.csv
Best energy: -1022083.000000
Total time: 0.1195s
Local search iterations: 73
----------------------------------------
  Seed 3/10 (seed=44)
Initialized onlyLS solver (GPU local search only). Results will be saved under 'onlyLS'.
Parameters:
  instance_name: ba_4096_1_6.txt
  dataset: barabasi_albert_10ins_m20
  random_seed: 44
  n_random_solutions: 128
  max_local_iterations: 1000
  precision: 32 bits (<class 'numpy.float32'>)
  run_name: onlyLS
--------------------------------------------------
Generating 128 random solutions...
Applying local search to 128 solutions...
Results saved to: results/barabasi_albert_10ins_m20/onlyLS/ba_4096_1_6.csv
Best energy: -1018929.000000
Total time: 0.1172s
Local search iterations: 68
----------------------------------------
  Seed 4/10 (seed=45)
Initialized onlyLS solver (GPU local search only). Results will be saved under 'onlyLS'.
Parameters:
  instance_name: ba_4096_1_6.txt
  dataset: barabasi_albert_10ins_m20
  random_seed: 45
  n_random_solutions: 128
  max_local_iterations: 1000
  precision: 32 bits (<class 'numpy.float32'>)
  run_name: onlyLS
--------------------------------------------------
Generating 128 random solutions...
Applying local search to 128 solutions...
Results saved to: results/barabasi_albert_10ins_m20/onlyLS/ba_4096_1_6.csv
Best energy: -1023903.000000
Total time: 0.1158s
Local search iterations: 63
----------------------------------------
  Seed 5/10 (seed=46)
Initialized onlyLS solver (GPU local search only). Results will be saved under 'onlyLS'.
Parameters:
  instance_name: ba_4096_1_6.txt
  dataset: barabasi_albert_10ins_m20
  random_seed: 46
  n_random_solutions: 128
  max_local_iterations: 1000
  precision: 32 bits (<class 'numpy.float32'>)
  run_name: onlyLS
--------------------------------------------------
Generating 128 random solutions...
Applying local search to 128 solutions...
Results saved to: results/barabasi_albert_10ins_m20/onlyLS/ba_4096_1_6.csv
Best energy: -1024609.000000
Total time: 0.1202s
Local search iterations: 76
----------------------------------------
  Seed 6/10 (seed=47)
Initialized onlyLS solver (GPU local search only). Results will be saved under 'onlyLS'.
Parameters:
  instance_name: ba_4096_1_6.txt
  dataset: barabasi_albert_10ins_m20
  random_seed: 47
  n_random_solutions: 128
  max_local_iterations: 1000
  precision: 32 bits (<class 'numpy.float32'>)
  run_name: onlyLS
--------------------------------------------------
Generating 128 random solutions...
Applying local search to 128 solutions...
Results saved to: results/barabasi_albert_10ins_m20/onlyLS/ba_4096_1_6.csv
Best energy: -1022427.000000
Total time: 0.1142s
Local search iterations: 59
----------------------------------------
  Seed 7/10 (seed=48)
Initialized onlyLS solver (GPU local search only). Results will be saved under 'onlyLS'.
Parameters:
  instance_name: ba_4096_1_6.txt
  dataset: barabasi_albert_10ins_m20
  random_seed: 48
  n_random_solutions: 128
  max_local_iterations: 1000
  precision: 32 bits (<class 'numpy.float32'>)
  run_name: onlyLS
--------------------------------------------------
Generating 128 random solutions...
Applying local search to 128 solutions...
Results saved to: results/barabasi_albert_10ins_m20/onlyLS/ba_4096_1_6.csv
Best energy: -1017355.000000
Total time: 0.1194s
Local search iterations: 74
----------------------------------------
  Seed 8/10 (seed=49)
Initialized onlyLS solver (GPU local search only). Results will be saved under 'onlyLS'.
Parameters:
  instance_name: ba_4096_1_6.txt
  dataset: barabasi_albert_10ins_m20
  random_seed: 49
  n_random_solutions: 128
  max_local_iterations: 1000
  precision: 32 bits (<class 'numpy.float32'>)
  run_name: onlyLS
--------------------------------------------------
Generating 128 random solutions...
Applying local search to 128 solutions...
Results saved to: results/barabasi_albert_10ins_m20/onlyLS/ba_4096_1_6.csv
Best energy: -1021965.000000
Total time: 0.1227s
Local search iterations: 83
----------------------------------------
  Seed 9/10 (seed=50)
Initialized onlyLS solver (GPU local search only). Results will be saved under 'onlyLS'.
Parameters:
  instance_name: ba_4096_1_6.txt
  dataset: barabasi_albert_10ins_m20
  random_seed: 50
  n_random_solutions: 128
  max_local_iterations: 1000
  precision: 32 bits (<class 'numpy.float32'>)
  run_name: onlyLS
--------------------------------------------------
Generating 128 random solutions...
Applying local search to 128 solutions...
Results saved to: results/barabasi_albert_10ins_m20/onlyLS/ba_4096_1_6.csv
Best energy: -1024001.000000
Total time: 0.1180s
Local search iterations: 70
----------------------------------------
  Seed 10/10 (seed=51)
Initialized onlyLS solver (GPU local search only). Results will be saved under 'onlyLS'.
Parameters:
  instance_name: ba_4096_1_6.txt
  dataset: barabasi_albert_10ins_m20
  random_seed: 51
  n_random_solutions: 128
  max_local_iterations: 1000
  precision: 32 bits (<class 'numpy.float32'>)
  run_name: onlyLS
--------------------------------------------------
Generating 128 random solutions...
Applying local search to 128 solutions...
Results saved to: results/barabasi_albert_10ins_m20/onlyLS/ba_4096_1_6.csv
Best energy: -1030323.000000
Total time: 0.1203s
Local search iterations: 76
----------------------------------------
Processing instance: ba_4096_1_7.txt
  Seed 1/10 (seed=42)
Initialized onlyLS solver (GPU local search only). Results will be saved under 'onlyLS'.
Parameters:
  instance_name: ba_4096_1_7.txt
  dataset: barabasi_albert_10ins_m20
  random_seed: 42
  n_random_solutions: 128
  max_local_iterations: 1000
  precision: 32 bits (<class 'numpy.float32'>)
  run_name: onlyLS
--------------------------------------------------
Generating 128 random solutions...
Applying local search to 128 solutions...
Results saved to: results/barabasi_albert_10ins_m20/onlyLS/ba_4096_1_7.csv
Best energy: -1018632.000000
Total time: 0.1248s
Local search iterations: 74
----------------------------------------
  Seed 2/10 (seed=43)
Initialized onlyLS solver (GPU local search only). Results will be saved under 'onlyLS'.
Parameters:
  instance_name: ba_4096_1_7.txt
  dataset: barabasi_albert_10ins_m20
  random_seed: 43
  n_random_solutions: 128
  max_local_iterations: 1000
  precision: 32 bits (<class 'numpy.float32'>)
  run_name: onlyLS
--------------------------------------------------
Generating 128 random solutions...
Applying local search to 128 solutions...
Results saved to: results/barabasi_albert_10ins_m20/onlyLS/ba_4096_1_7.csv
Best energy: -1020788.000000
Total time: 0.1257s
Local search iterations: 73
----------------------------------------
  Seed 3/10 (seed=44)
Initialized onlyLS solver (GPU local search only). Results will be saved under 'onlyLS'.
Parameters:
  instance_name: ba_4096_1_7.txt
  dataset: barabasi_albert_10ins_m20
  random_seed: 44
  n_random_solutions: 128
  max_local_iterations: 1000
  precision: 32 bits (<class 'numpy.float32'>)
  run_name: onlyLS
--------------------------------------------------
Generating 128 random solutions...
Applying local search to 128 solutions...
Results saved to: results/barabasi_albert_10ins_m20/onlyLS/ba_4096_1_7.csv
Best energy: -1015408.000000
Total time: 0.1240s
Local search iterations: 68
----------------------------------------
  Seed 4/10 (seed=45)
Initialized onlyLS solver (GPU local search only). Results will be saved under 'onlyLS'.
Parameters:
  instance_name: ba_4096_1_7.txt
  dataset: barabasi_albert_10ins_m20
  random_seed: 45
  n_random_solutions: 128
  max_local_iterations: 1000
  precision: 32 bits (<class 'numpy.float32'>)
  run_name: onlyLS
--------------------------------------------------
Generating 128 random solutions...
Applying local search to 128 solutions...
Results saved to: results/barabasi_albert_10ins_m20/onlyLS/ba_4096_1_7.csv
Best energy: -1020040.000000
Total time: 0.1255s
Local search iterations: 70
----------------------------------------
  Seed 5/10 (seed=46)
Initialized onlyLS solver (GPU local search only). Results will be saved under 'onlyLS'.
Parameters:
  instance_name: ba_4096_1_7.txt
  dataset: barabasi_albert_10ins_m20
  random_seed: 46
  n_random_solutions: 128
  max_local_iterations: 1000
  precision: 32 bits (<class 'numpy.float32'>)
  run_name: onlyLS
--------------------------------------------------
Generating 128 random solutions...
Applying local search to 128 solutions...
Results saved to: results/barabasi_albert_10ins_m20/onlyLS/ba_4096_1_7.csv
Best energy: -1017884.000000
Total time: 0.1230s
Local search iterations: 65
----------------------------------------
  Seed 6/10 (seed=47)
Initialized onlyLS solver (GPU local search only). Results will be saved under 'onlyLS'.
Parameters:
  instance_name: ba_4096_1_7.txt
  dataset: barabasi_albert_10ins_m20
  random_seed: 47
  n_random_solutions: 128
  max_local_iterations: 1000
  precision: 32 bits (<class 'numpy.float32'>)
  run_name: onlyLS
--------------------------------------------------
Generating 128 random solutions...
Applying local search to 128 solutions...
Results saved to: results/barabasi_albert_10ins_m20/onlyLS/ba_4096_1_7.csv
Best energy: -1021072.000000
Total time: 0.1210s
Local search iterations: 59
----------------------------------------
  Seed 7/10 (seed=48)
Initialized onlyLS solver (GPU local search only). Results will be saved under 'onlyLS'.
Parameters:
  instance_name: ba_4096_1_7.txt
  dataset: barabasi_albert_10ins_m20
  random_seed: 48
  n_random_solutions: 128
  max_local_iterations: 1000
  precision: 32 bits (<class 'numpy.float32'>)
  run_name: onlyLS
--------------------------------------------------
Generating 128 random solutions...
Applying local search to 128 solutions...
Results saved to: results/barabasi_albert_10ins_m20/onlyLS/ba_4096_1_7.csv
Best energy: -1015498.000000
Total time: 0.1258s
Local search iterations: 71
----------------------------------------
  Seed 8/10 (seed=49)
Initialized onlyLS solver (GPU local search only). Results will be saved under 'onlyLS'.
Parameters:
  instance_name: ba_4096_1_7.txt
  dataset: barabasi_albert_10ins_m20
  random_seed: 49
  n_random_solutions: 128
  max_local_iterations: 1000
  precision: 32 bits (<class 'numpy.float32'>)
  run_name: onlyLS
--------------------------------------------------
Generating 128 random solutions...
Applying local search to 128 solutions...
Results saved to: results/barabasi_albert_10ins_m20/onlyLS/ba_4096_1_7.csv
Best energy: -1020426.000000
Total time: 0.1302s
Local search iterations: 81
----------------------------------------
  Seed 9/10 (seed=50)
Initialized onlyLS solver (GPU local search only). Results will be saved under 'onlyLS'.
Parameters:
  instance_name: ba_4096_1_7.txt
  dataset: barabasi_albert_10ins_m20
  random_seed: 50
  n_random_solutions: 128
  max_local_iterations: 1000
  precision: 32 bits (<class 'numpy.float32'>)
  run_name: onlyLS
--------------------------------------------------
Generating 128 random solutions...
Applying local search to 128 solutions...
Results saved to: results/barabasi_albert_10ins_m20/onlyLS/ba_4096_1_7.csv
Best energy: -1018890.000000
Total time: 0.1256s
Local search iterations: 70
----------------------------------------
  Seed 10/10 (seed=51)
Initialized onlyLS solver (GPU local search only). Results will be saved under 'onlyLS'.
Parameters:
  instance_name: ba_4096_1_7.txt
  dataset: barabasi_albert_10ins_m20
  random_seed: 51
  n_random_solutions: 128
  max_local_iterations: 1000
  precision: 32 bits (<class 'numpy.float32'>)
  run_name: onlyLS
--------------------------------------------------
Generating 128 random solutions...
Applying local search to 128 solutions...
Results saved to: results/barabasi_albert_10ins_m20/onlyLS/ba_4096_1_7.csv
Best energy: -1016894.000000
Total time: 0.1256s
Local search iterations: 70
----------------------------------------
Processing instance: ba_4096_1_8.txt
  Seed 1/10 (seed=42)
Initialized onlyLS solver (GPU local search only). Results will be saved under 'onlyLS'.
Parameters:
  instance_name: ba_4096_1_8.txt
  dataset: barabasi_albert_10ins_m20
  random_seed: 42
  n_random_solutions: 128
  max_local_iterations: 1000
  precision: 32 bits (<class 'numpy.float32'>)
  run_name: onlyLS
--------------------------------------------------
Generating 128 random solutions...
Applying local search to 128 solutions...
Results saved to: results/barabasi_albert_10ins_m20/onlyLS/ba_4096_1_8.csv
Best energy: -1024684.000000
Total time: 0.1225s
Local search iterations: 60
----------------------------------------
  Seed 2/10 (seed=43)
Initialized onlyLS solver (GPU local search only). Results will be saved under 'onlyLS'.
Parameters:
  instance_name: ba_4096_1_8.txt
  dataset: barabasi_albert_10ins_m20
  random_seed: 43
  n_random_solutions: 128
  max_local_iterations: 1000
  precision: 32 bits (<class 'numpy.float32'>)
  run_name: onlyLS
--------------------------------------------------
Generating 128 random solutions...
Applying local search to 128 solutions...
Results saved to: results/barabasi_albert_10ins_m20/onlyLS/ba_4096_1_8.csv
Best energy: -1022100.000000
Total time: 0.1291s
Local search iterations: 73
----------------------------------------
  Seed 3/10 (seed=44)
Initialized onlyLS solver (GPU local search only). Results will be saved under 'onlyLS'.
Parameters:
  instance_name: ba_4096_1_8.txt
  dataset: barabasi_albert_10ins_m20
  random_seed: 44
  n_random_solutions: 128
  max_local_iterations: 1000
  precision: 32 bits (<class 'numpy.float32'>)
  run_name: onlyLS
--------------------------------------------------
Generating 128 random solutions...
Applying local search to 128 solutions...
Results saved to: results/barabasi_albert_10ins_m20/onlyLS/ba_4096_1_8.csv
Best energy: -1031662.000000
Total time: 0.1262s
Local search iterations: 62
----------------------------------------
  Seed 4/10 (seed=45)
Initialized onlyLS solver (GPU local search only). Results will be saved under 'onlyLS'.
Parameters:
  instance_name: ba_4096_1_8.txt
  dataset: barabasi_albert_10ins_m20
  random_seed: 45
  n_random_solutions: 128
  max_local_iterations: 1000
  precision: 32 bits (<class 'numpy.float32'>)
  run_name: onlyLS
--------------------------------------------------
Generating 128 random solutions...
Applying local search to 128 solutions...
Results saved to: results/barabasi_albert_10ins_m20/onlyLS/ba_4096_1_8.csv
Best energy: -1022274.000000
Total time: 0.1300s
Local search iterations: 72
----------------------------------------
  Seed 5/10 (seed=46)
Initialized onlyLS solver (GPU local search only). Results will be saved under 'onlyLS'.
Parameters:
  instance_name: ba_4096_1_8.txt
  dataset: barabasi_albert_10ins_m20
  random_seed: 46
  n_random_solutions: 128
  max_local_iterations: 1000
  precision: 32 bits (<class 'numpy.float32'>)
  run_name: onlyLS
--------------------------------------------------
Generating 128 random solutions...
Applying local search to 128 solutions...
Results saved to: results/barabasi_albert_10ins_m20/onlyLS/ba_4096_1_8.csv
Best energy: -1025288.000000
Total time: 0.1258s
Local search iterations: 65
----------------------------------------
  Seed 6/10 (seed=47)
Initialized onlyLS solver (GPU local search only). Results will be saved under 'onlyLS'.
Parameters:
  instance_name: ba_4096_1_8.txt
  dataset: barabasi_albert_10ins_m20
  random_seed: 47
  n_random_solutions: 128
  max_local_iterations: 1000
  precision: 32 bits (<class 'numpy.float32'>)
  run_name: onlyLS
--------------------------------------------------
Generating 128 random solutions...
Applying local search to 128 solutions...
Results saved to: results/barabasi_albert_10ins_m20/onlyLS/ba_4096_1_8.csv
Best energy: -1022284.000000
Total time: 0.1284s
Local search iterations: 75
----------------------------------------
  Seed 7/10 (seed=48)
Initialized onlyLS solver (GPU local search only). Results will be saved under 'onlyLS'.
Parameters:
  instance_name: ba_4096_1_8.txt
  dataset: barabasi_albert_10ins_m20
  random_seed: 48
  n_random_solutions: 128
  max_local_iterations: 1000
  precision: 32 bits (<class 'numpy.float32'>)
  run_name: onlyLS
--------------------------------------------------
Generating 128 random solutions...
Applying local search to 128 solutions...
Results saved to: results/barabasi_albert_10ins_m20/onlyLS/ba_4096_1_8.csv
Best energy: -1025422.000000
Total time: 0.1258s
Local search iterations: 68
----------------------------------------
  Seed 8/10 (seed=49)
Initialized onlyLS solver (GPU local search only). Results will be saved under 'onlyLS'.
Parameters:
  instance_name: ba_4096_1_8.txt
  dataset: barabasi_albert_10ins_m20
  random_seed: 49
  n_random_solutions: 128
  max_local_iterations: 1000
  precision: 32 bits (<class 'numpy.float32'>)
  run_name: onlyLS
--------------------------------------------------
Generating 128 random solutions...
Applying local search to 128 solutions...
Results saved to: results/barabasi_albert_10ins_m20/onlyLS/ba_4096_1_8.csv
Best energy: -1027024.000000
Total time: 0.1247s
Local search iterations: 68
----------------------------------------
  Seed 9/10 (seed=50)
Initialized onlyLS solver (GPU local search only). Results will be saved under 'onlyLS'.
Parameters:
  instance_name: ba_4096_1_8.txt
  dataset: barabasi_albert_10ins_m20
  random_seed: 50
  n_random_solutions: 128
  max_local_iterations: 1000
  precision: 32 bits (<class 'numpy.float32'>)
  run_name: onlyLS
--------------------------------------------------
Generating 128 random solutions...
Applying local search to 128 solutions...
Results saved to: results/barabasi_albert_10ins_m20/onlyLS/ba_4096_1_8.csv
Best energy: -1021360.000000
Total time: 0.1249s
Local search iterations: 69
----------------------------------------
  Seed 10/10 (seed=51)
Initialized onlyLS solver (GPU local search only). Results will be saved under 'onlyLS'.
Parameters:
  instance_name: ba_4096_1_8.txt
  dataset: barabasi_albert_10ins_m20
  random_seed: 51
  n_random_solutions: 128
  max_local_iterations: 1000
  precision: 32 bits (<class 'numpy.float32'>)
  run_name: onlyLS
--------------------------------------------------
Generating 128 random solutions...
Applying local search to 128 solutions...
Results saved to: results/barabasi_albert_10ins_m20/onlyLS/ba_4096_1_8.csv
Best energy: -1027278.000000
Total time: 0.1232s
Local search iterations: 65
----------------------------------------
Processing instance: ba_4096_1_9.txt
  Seed 1/10 (seed=42)
Initialized onlyLS solver (GPU local search only). Results will be saved under 'onlyLS'.
Parameters:
  instance_name: ba_4096_1_9.txt
  dataset: barabasi_albert_10ins_m20
  random_seed: 42
  n_random_solutions: 128
  max_local_iterations: 1000
  precision: 32 bits (<class 'numpy.float32'>)
  run_name: onlyLS
--------------------------------------------------
Generating 128 random solutions...
Applying local search to 128 solutions...
Results saved to: results/barabasi_albert_10ins_m20/onlyLS/ba_4096_1_9.csv
Best energy: -1021172.000000
Total time: 0.1311s
Local search iterations: 83
----------------------------------------
  Seed 2/10 (seed=43)
Initialized onlyLS solver (GPU local search only). Results will be saved under 'onlyLS'.
Parameters:
  instance_name: ba_4096_1_9.txt
  dataset: barabasi_albert_10ins_m20
  random_seed: 43
  n_random_solutions: 128
  max_local_iterations: 1000
  precision: 32 bits (<class 'numpy.float32'>)
  run_name: onlyLS
--------------------------------------------------
Generating 128 random solutions...
Applying local search to 128 solutions...
Results saved to: results/barabasi_albert_10ins_m20/onlyLS/ba_4096_1_9.csv
Best energy: -1018470.000000
Total time: 0.1238s
Local search iterations: 68
----------------------------------------
  Seed 3/10 (seed=44)
Initialized onlyLS solver (GPU local search only). Results will be saved under 'onlyLS'.
Parameters:
  instance_name: ba_4096_1_9.txt
  dataset: barabasi_albert_10ins_m20
  random_seed: 44
  n_random_solutions: 128
  max_local_iterations: 1000
  precision: 32 bits (<class 'numpy.float32'>)
  run_name: onlyLS
--------------------------------------------------
Generating 128 random solutions...
Applying local search to 128 solutions...
Results saved to: results/barabasi_albert_10ins_m20/onlyLS/ba_4096_1_9.csv
Best energy: -1019368.000000
Total time: 0.1285s
Local search iterations: 78
----------------------------------------
  Seed 4/10 (seed=45)
Initialized onlyLS solver (GPU local search only). Results will be saved under 'onlyLS'.
Parameters:
  instance_name: ba_4096_1_9.txt
  dataset: barabasi_albert_10ins_m20
  random_seed: 45
  n_random_solutions: 128
  max_local_iterations: 1000
  precision: 32 bits (<class 'numpy.float32'>)
  run_name: onlyLS
--------------------------------------------------
Generating 128 random solutions...
Applying local search to 128 solutions...
Results saved to: results/barabasi_albert_10ins_m20/onlyLS/ba_4096_1_9.csv
Best energy: -1020216.000000
Total time: 0.1312s
Local search iterations: 86
----------------------------------------
  Seed 5/10 (seed=46)
Initialized onlyLS solver (GPU local search only). Results will be saved under 'onlyLS'.
Parameters:
  instance_name: ba_4096_1_9.txt
  dataset: barabasi_albert_10ins_m20
  random_seed: 46
  n_random_solutions: 128
  max_local_iterations: 1000
  precision: 32 bits (<class 'numpy.float32'>)
  run_name: onlyLS
--------------------------------------------------
Generating 128 random solutions...
Applying local search to 128 solutions...
Results saved to: results/barabasi_albert_10ins_m20/onlyLS/ba_4096_1_9.csv
Best energy: -1020598.000000
Total time: 0.1244s
Local search iterations: 69
----------------------------------------
  Seed 6/10 (seed=47)
Initialized onlyLS solver (GPU local search only). Results will be saved under 'onlyLS'.
Parameters:
  instance_name: ba_4096_1_9.txt
  dataset: barabasi_albert_10ins_m20
  random_seed: 47
  n_random_solutions: 128
  max_local_iterations: 1000
  precision: 32 bits (<class 'numpy.float32'>)
  run_name: onlyLS
--------------------------------------------------
Generating 128 random solutions...
Applying local search to 128 solutions...
Results saved to: results/barabasi_albert_10ins_m20/onlyLS/ba_4096_1_9.csv
Best energy: -1020638.000000
Total time: 0.1313s
Local search iterations: 67
----------------------------------------
  Seed 7/10 (seed=48)
Initialized onlyLS solver (GPU local search only). Results will be saved under 'onlyLS'.
Parameters:
  instance_name: ba_4096_1_9.txt
  dataset: barabasi_albert_10ins_m20
  random_seed: 48
  n_random_solutions: 128
  max_local_iterations: 1000
  precision: 32 bits (<class 'numpy.float32'>)
  run_name: onlyLS
--------------------------------------------------
Generating 128 random solutions...
Applying local search to 128 solutions...
Results saved to: results/barabasi_albert_10ins_m20/onlyLS/ba_4096_1_9.csv
Best energy: -1024624.000000
Total time: 0.1233s
Local search iterations: 66
----------------------------------------
  Seed 8/10 (seed=49)
Initialized onlyLS solver (GPU local search only). Results will be saved under 'onlyLS'.
Parameters:
  instance_name: ba_4096_1_9.txt
  dataset: barabasi_albert_10ins_m20
  random_seed: 49
  n_random_solutions: 128
  max_local_iterations: 1000
  precision: 32 bits (<class 'numpy.float32'>)
  run_name: onlyLS
--------------------------------------------------
Generating 128 random solutions...
Applying local search to 128 solutions...
Results saved to: results/barabasi_albert_10ins_m20/onlyLS/ba_4096_1_9.csv
Best energy: -1019910.000000
Total time: 0.1261s
Local search iterations: 74
----------------------------------------
  Seed 9/10 (seed=50)
Initialized onlyLS solver (GPU local search only). Results will be saved under 'onlyLS'.
Parameters:
  instance_name: ba_4096_1_9.txt
  dataset: barabasi_albert_10ins_m20
  random_seed: 50
  n_random_solutions: 128
  max_local_iterations: 1000
  precision: 32 bits (<class 'numpy.float32'>)
  run_name: onlyLS
--------------------------------------------------
Generating 128 random solutions...
Applying local search to 128 solutions...
Results saved to: results/barabasi_albert_10ins_m20/onlyLS/ba_4096_1_9.csv
Best energy: -1025612.000000
Total time: 0.1278s
Local search iterations: 77
----------------------------------------
  Seed 10/10 (seed=51)
Initialized onlyLS solver (GPU local search only). Results will be saved under 'onlyLS'.
Parameters:
  instance_name: ba_4096_1_9.txt
  dataset: barabasi_albert_10ins_m20
  random_seed: 51
  n_random_solutions: 128
  max_local_iterations: 1000
  precision: 32 bits (<class 'numpy.float32'>)
  run_name: onlyLS
--------------------------------------------------
Generating 128 random solutions...
Applying local search to 128 solutions...
Results saved to: results/barabasi_albert_10ins_m20/onlyLS/ba_4096_1_9.csv
Best energy: -1018976.000000
Total time: 0.1225s
Local search iterations: 64
----------------------------------------
Processing instance: ba_512_1_0.txt
  Seed 1/10 (seed=42)
Initialized onlyLS solver (GPU local search only). Results will be saved under 'onlyLS'.
Parameters:
  instance_name: ba_512_1_0.txt
  dataset: barabasi_albert_10ins_m20
  random_seed: 42
  n_random_solutions: 128
  max_local_iterations: 1000
  precision: 32 bits (<class 'numpy.float32'>)
  run_name: onlyLS
--------------------------------------------------
Generating 128 random solutions...
Applying local search to 128 solutions...
Results saved to: results/barabasi_albert_10ins_m20/onlyLS/ba_512_1_0.csv
Best energy: -131788.000000
Total time: 0.1158s
Local search iterations: 74
----------------------------------------
  Seed 2/10 (seed=43)
Initialized onlyLS solver (GPU local search only). Results will be saved under 'onlyLS'.
Parameters:
  instance_name: ba_512_1_0.txt
  dataset: barabasi_albert_10ins_m20
  random_seed: 43
  n_random_solutions: 128
  max_local_iterations: 1000
  precision: 32 bits (<class 'numpy.float32'>)
  run_name: onlyLS
--------------------------------------------------
Generating 128 random solutions...
Applying local search to 128 solutions...
Results saved to: results/barabasi_albert_10ins_m20/onlyLS/ba_512_1_0.csv
Best energy: -132146.000000
Total time: 0.1095s
Local search iterations: 70
----------------------------------------
  Seed 3/10 (seed=44)
Initialized onlyLS solver (GPU local search only). Results will be saved under 'onlyLS'.
Parameters:
  instance_name: ba_512_1_0.txt
  dataset: barabasi_albert_10ins_m20
  random_seed: 44
  n_random_solutions: 128
  max_local_iterations: 1000
  precision: 32 bits (<class 'numpy.float32'>)
  run_name: onlyLS
--------------------------------------------------
Generating 128 random solutions...
Applying local search to 128 solutions...
Results saved to: results/barabasi_albert_10ins_m20/onlyLS/ba_512_1_0.csv
Best energy: -132372.000000
Total time: 0.1141s
Local search iterations: 85
----------------------------------------
  Seed 4/10 (seed=45)
Initialized onlyLS solver (GPU local search only). Results will be saved under 'onlyLS'.
Parameters:
  instance_name: ba_512_1_0.txt
  dataset: barabasi_albert_10ins_m20
  random_seed: 45
  n_random_solutions: 128
  max_local_iterations: 1000
  precision: 32 bits (<class 'numpy.float32'>)
  run_name: onlyLS
--------------------------------------------------
Generating 128 random solutions...
Applying local search to 128 solutions...
Results saved to: results/barabasi_albert_10ins_m20/onlyLS/ba_512_1_0.csv
Best energy: -133582.000000
Total time: 0.1149s
Local search iterations: 92
----------------------------------------
  Seed 5/10 (seed=46)
Initialized onlyLS solver (GPU local search only). Results will be saved under 'onlyLS'.
Parameters:
  instance_name: ba_512_1_0.txt
  dataset: barabasi_albert_10ins_m20
  random_seed: 46
  n_random_solutions: 128
  max_local_iterations: 1000
  precision: 32 bits (<class 'numpy.float32'>)
  run_name: onlyLS
--------------------------------------------------
Generating 128 random solutions...
Applying local search to 128 solutions...
Results saved to: results/barabasi_albert_10ins_m20/onlyLS/ba_512_1_0.csv
Best energy: -131748.000000
Total time: 0.1065s
Local search iterations: 63
----------------------------------------
  Seed 6/10 (seed=47)
Initialized onlyLS solver (GPU local search only). Results will be saved under 'onlyLS'.
Parameters:
  instance_name: ba_512_1_0.txt
  dataset: barabasi_albert_10ins_m20
  random_seed: 47
  n_random_solutions: 128
  max_local_iterations: 1000
  precision: 32 bits (<class 'numpy.float32'>)
  run_name: onlyLS
--------------------------------------------------
Generating 128 random solutions...
Applying local search to 128 solutions...
Results saved to: results/barabasi_albert_10ins_m20/onlyLS/ba_512_1_0.csv
Best energy: -131056.000000
Total time: 0.1078s
Local search iterations: 69
----------------------------------------
  Seed 7/10 (seed=48)
Initialized onlyLS solver (GPU local search only). Results will be saved under 'onlyLS'.
Parameters:
  instance_name: ba_512_1_0.txt
  dataset: barabasi_albert_10ins_m20
  random_seed: 48
  n_random_solutions: 128
  max_local_iterations: 1000
  precision: 32 bits (<class 'numpy.float32'>)
  run_name: onlyLS
--------------------------------------------------
Generating 128 random solutions...
Applying local search to 128 solutions...
Results saved to: results/barabasi_albert_10ins_m20/onlyLS/ba_512_1_0.csv
Best energy: -131194.000000
Total time: 0.1132s
Local search iterations: 87
----------------------------------------
  Seed 8/10 (seed=49)
Initialized onlyLS solver (GPU local search only). Results will be saved under 'onlyLS'.
Parameters:
  instance_name: ba_512_1_0.txt
  dataset: barabasi_albert_10ins_m20
  random_seed: 49
  n_random_solutions: 128
  max_local_iterations: 1000
  precision: 32 bits (<class 'numpy.float32'>)
  run_name: onlyLS
--------------------------------------------------
Generating 128 random solutions...
Applying local search to 128 solutions...
Results saved to: results/barabasi_albert_10ins_m20/onlyLS/ba_512_1_0.csv
Best energy: -131806.000000
Total time: 0.1146s
Local search iterations: 92
----------------------------------------
  Seed 9/10 (seed=50)
Initialized onlyLS solver (GPU local search only). Results will be saved under 'onlyLS'.
Parameters:
  instance_name: ba_512_1_0.txt
  dataset: barabasi_albert_10ins_m20
  random_seed: 50
  n_random_solutions: 128
  max_local_iterations: 1000
  precision: 32 bits (<class 'numpy.float32'>)
  run_name: onlyLS
--------------------------------------------------
Generating 128 random solutions...
Applying local search to 128 solutions...
Results saved to: results/barabasi_albert_10ins_m20/onlyLS/ba_512_1_0.csv
Best energy: -132544.000000
Total time: 0.1120s
Local search iterations: 82
----------------------------------------
  Seed 10/10 (seed=51)
Initialized onlyLS solver (GPU local search only). Results will be saved under 'onlyLS'.
Parameters:
  instance_name: ba_512_1_0.txt
  dataset: barabasi_albert_10ins_m20
  random_seed: 51
  n_random_solutions: 128
  max_local_iterations: 1000
  precision: 32 bits (<class 'numpy.float32'>)
  run_name: onlyLS
--------------------------------------------------
Generating 128 random solutions...
Applying local search to 128 solutions...
Results saved to: results/barabasi_albert_10ins_m20/onlyLS/ba_512_1_0.csv
Best energy: -132048.000000
Total time: 0.1112s
Local search iterations: 80
----------------------------------------
Processing instance: ba_512_1_1.txt
  Seed 1/10 (seed=42)
Initialized onlyLS solver (GPU local search only). Results will be saved under 'onlyLS'.
Parameters:
  instance_name: ba_512_1_1.txt
  dataset: barabasi_albert_10ins_m20
  random_seed: 42
  n_random_solutions: 128
  max_local_iterations: 1000
  precision: 32 bits (<class 'numpy.float32'>)
  run_name: onlyLS
--------------------------------------------------
Generating 128 random solutions...
Applying local search to 128 solutions...
Results saved to: results/barabasi_albert_10ins_m20/onlyLS/ba_512_1_1.csv
Best energy: -134482.000000
Total time: 0.1157s
Local search iterations: 96
----------------------------------------
  Seed 2/10 (seed=43)
Initialized onlyLS solver (GPU local search only). Results will be saved under 'onlyLS'.
Parameters:
  instance_name: ba_512_1_1.txt
  dataset: barabasi_albert_10ins_m20
  random_seed: 43
  n_random_solutions: 128
  max_local_iterations: 1000
  precision: 32 bits (<class 'numpy.float32'>)
  run_name: onlyLS
--------------------------------------------------
Generating 128 random solutions...
Applying local search to 128 solutions...
Results saved to: results/barabasi_albert_10ins_m20/onlyLS/ba_512_1_1.csv
Best energy: -130604.000000
Total time: 0.1112s
Local search iterations: 77
----------------------------------------
  Seed 3/10 (seed=44)
Initialized onlyLS solver (GPU local search only). Results will be saved under 'onlyLS'.
Parameters:
  instance_name: ba_512_1_1.txt
  dataset: barabasi_albert_10ins_m20
  random_seed: 44
  n_random_solutions: 128
  max_local_iterations: 1000
  precision: 32 bits (<class 'numpy.float32'>)
  run_name: onlyLS
--------------------------------------------------
Generating 128 random solutions...
Applying local search to 128 solutions...
Results saved to: results/barabasi_albert_10ins_m20/onlyLS/ba_512_1_1.csv
Best energy: -132562.000000
Total time: 0.1179s
Local search iterations: 95
----------------------------------------
  Seed 4/10 (seed=45)
Initialized onlyLS solver (GPU local search only). Results will be saved under 'onlyLS'.
Parameters:
  instance_name: ba_512_1_1.txt
  dataset: barabasi_albert_10ins_m20
  random_seed: 45
  n_random_solutions: 128
  max_local_iterations: 1000
  precision: 32 bits (<class 'numpy.float32'>)
  run_name: onlyLS
--------------------------------------------------
Generating 128 random solutions...
Applying local search to 128 solutions...
Results saved to: results/barabasi_albert_10ins_m20/onlyLS/ba_512_1_1.csv
Best energy: -131708.000000
Total time: 0.1159s
Local search iterations: 87
----------------------------------------
  Seed 5/10 (seed=46)
Initialized onlyLS solver (GPU local search only). Results will be saved under 'onlyLS'.
Parameters:
  instance_name: ba_512_1_1.txt
  dataset: barabasi_albert_10ins_m20
  random_seed: 46
  n_random_solutions: 128
  max_local_iterations: 1000
  precision: 32 bits (<class 'numpy.float32'>)
  run_name: onlyLS
--------------------------------------------------
Generating 128 random solutions...
Applying local search to 128 solutions...
Results saved to: results/barabasi_albert_10ins_m20/onlyLS/ba_512_1_1.csv
Best energy: -131594.000000
Total time: 0.1102s
Local search iterations: 70
----------------------------------------
  Seed 6/10 (seed=47)
Initialized onlyLS solver (GPU local search only). Results will be saved under 'onlyLS'.
Parameters:
  instance_name: ba_512_1_1.txt
  dataset: barabasi_albert_10ins_m20
  random_seed: 47
  n_random_solutions: 128
  max_local_iterations: 1000
  precision: 32 bits (<class 'numpy.float32'>)
  run_name: onlyLS
--------------------------------------------------
Generating 128 random solutions...
Applying local search to 128 solutions...
Results saved to: results/barabasi_albert_10ins_m20/onlyLS/ba_512_1_1.csv
Best energy: -131394.000000
Total time: 0.1115s
Local search iterations: 75
----------------------------------------
  Seed 7/10 (seed=48)
Initialized onlyLS solver (GPU local search only). Results will be saved under 'onlyLS'.
Parameters:
  instance_name: ba_512_1_1.txt
  dataset: barabasi_albert_10ins_m20
  random_seed: 48
  n_random_solutions: 128
  max_local_iterations: 1000
  precision: 32 bits (<class 'numpy.float32'>)
  run_name: onlyLS
--------------------------------------------------
Generating 128 random solutions...
Applying local search to 128 solutions...
Results saved to: results/barabasi_albert_10ins_m20/onlyLS/ba_512_1_1.csv
Best energy: -131500.000000
Total time: 0.1129s
Local search iterations: 80
----------------------------------------
  Seed 8/10 (seed=49)
Initialized onlyLS solver (GPU local search only). Results will be saved under 'onlyLS'.
Parameters:
  instance_name: ba_512_1_1.txt
  dataset: barabasi_albert_10ins_m20
  random_seed: 49
  n_random_solutions: 128
  max_local_iterations: 1000
  precision: 32 bits (<class 'numpy.float32'>)
  run_name: onlyLS
--------------------------------------------------
Generating 128 random solutions...
Applying local search to 128 solutions...
Results saved to: results/barabasi_albert_10ins_m20/onlyLS/ba_512_1_1.csv
Best energy: -131376.000000
Total time: 0.1108s
Local search iterations: 72
----------------------------------------
  Seed 9/10 (seed=50)
Initialized onlyLS solver (GPU local search only). Results will be saved under 'onlyLS'.
Parameters:
  instance_name: ba_512_1_1.txt
  dataset: barabasi_albert_10ins_m20
  random_seed: 50
  n_random_solutions: 128
  max_local_iterations: 1000
  precision: 32 bits (<class 'numpy.float32'>)
  run_name: onlyLS
--------------------------------------------------
Generating 128 random solutions...
Applying local search to 128 solutions...
Results saved to: results/barabasi_albert_10ins_m20/onlyLS/ba_512_1_1.csv
Best energy: -131914.000000
Total time: 0.1131s
Local search iterations: 81
----------------------------------------
  Seed 10/10 (seed=51)
Initialized onlyLS solver (GPU local search only). Results will be saved under 'onlyLS'.
Parameters:
  instance_name: ba_512_1_1.txt
  dataset: barabasi_albert_10ins_m20
  random_seed: 51
  n_random_solutions: 128
  max_local_iterations: 1000
  precision: 32 bits (<class 'numpy.float32'>)
  run_name: onlyLS
--------------------------------------------------
Generating 128 random solutions...
Applying local search to 128 solutions...
Results saved to: results/barabasi_albert_10ins_m20/onlyLS/ba_512_1_1.csv
Best energy: -130926.000000
Total time: 0.1102s
Local search iterations: 70
----------------------------------------
Processing instance: ba_512_1_2.txt
  Seed 1/10 (seed=42)
Initialized onlyLS solver (GPU local search only). Results will be saved under 'onlyLS'.
Parameters:
  instance_name: ba_512_1_2.txt
  dataset: barabasi_albert_10ins_m20
  random_seed: 42
  n_random_solutions: 128
  max_local_iterations: 1000
  precision: 32 bits (<class 'numpy.float32'>)
  run_name: onlyLS
--------------------------------------------------
Generating 128 random solutions...
Applying local search to 128 solutions...
Results saved to: results/barabasi_albert_10ins_m20/onlyLS/ba_512_1_2.csv
Best energy: -131698.000000
Total time: 0.1135s
Local search iterations: 80
----------------------------------------
  Seed 2/10 (seed=43)
Initialized onlyLS solver (GPU local search only). Results will be saved under 'onlyLS'.
Parameters:
  instance_name: ba_512_1_2.txt
  dataset: barabasi_albert_10ins_m20
  random_seed: 43
  n_random_solutions: 128
  max_local_iterations: 1000
  precision: 32 bits (<class 'numpy.float32'>)
  run_name: onlyLS
--------------------------------------------------
Generating 128 random solutions...
Applying local search to 128 solutions...
Results saved to: results/barabasi_albert_10ins_m20/onlyLS/ba_512_1_2.csv
Best energy: -132978.000000
Total time: 0.1115s
Local search iterations: 73
----------------------------------------
  Seed 3/10 (seed=44)
Initialized onlyLS solver (GPU local search only). Results will be saved under 'onlyLS'.
Parameters:
  instance_name: ba_512_1_2.txt
  dataset: barabasi_albert_10ins_m20
  random_seed: 44
  n_random_solutions: 128
  max_local_iterations: 1000
  precision: 32 bits (<class 'numpy.float32'>)
  run_name: onlyLS
--------------------------------------------------
Generating 128 random solutions...
Applying local search to 128 solutions...
Results saved to: results/barabasi_albert_10ins_m20/onlyLS/ba_512_1_2.csv
Best energy: -135750.000000
Total time: 0.1105s
Local search iterations: 69
----------------------------------------
  Seed 4/10 (seed=45)
Initialized onlyLS solver (GPU local search only). Results will be saved under 'onlyLS'.
Parameters:
  instance_name: ba_512_1_2.txt
  dataset: barabasi_albert_10ins_m20
  random_seed: 45
  n_random_solutions: 128
  max_local_iterations: 1000
  precision: 32 bits (<class 'numpy.float32'>)
  run_name: onlyLS
--------------------------------------------------
Generating 128 random solutions...
Applying local search to 128 solutions...
Results saved to: results/barabasi_albert_10ins_m20/onlyLS/ba_512_1_2.csv
Best energy: -132224.000000
Total time: 0.1116s
Local search iterations: 72
----------------------------------------
  Seed 5/10 (seed=46)
Initialized onlyLS solver (GPU local search only). Results will be saved under 'onlyLS'.
Parameters:
  instance_name: ba_512_1_2.txt
  dataset: barabasi_albert_10ins_m20
  random_seed: 46
  n_random_solutions: 128
  max_local_iterations: 1000
  precision: 32 bits (<class 'numpy.float32'>)
  run_name: onlyLS
--------------------------------------------------
Generating 128 random solutions...
Applying local search to 128 solutions...
Results saved to: results/barabasi_albert_10ins_m20/onlyLS/ba_512_1_2.csv
Best energy: -132336.000000
Total time: 0.1124s
Local search iterations: 75
----------------------------------------
  Seed 6/10 (seed=47)
Initialized onlyLS solver (GPU local search only). Results will be saved under 'onlyLS'.
Parameters:
  instance_name: ba_512_1_2.txt
  dataset: barabasi_albert_10ins_m20
  random_seed: 47
  n_random_solutions: 128
  max_local_iterations: 1000
  precision: 32 bits (<class 'numpy.float32'>)
  run_name: onlyLS
--------------------------------------------------
Generating 128 random solutions...
Applying local search to 128 solutions...
Results saved to: results/barabasi_albert_10ins_m20/onlyLS/ba_512_1_2.csv
Best energy: -131950.000000
Total time: 0.1113s
Local search iterations: 71
----------------------------------------
  Seed 7/10 (seed=48)
Initialized onlyLS solver (GPU local search only). Results will be saved under 'onlyLS'.
Parameters:
  instance_name: ba_512_1_2.txt
  dataset: barabasi_albert_10ins_m20
  random_seed: 48
  n_random_solutions: 128
  max_local_iterations: 1000
  precision: 32 bits (<class 'numpy.float32'>)
  run_name: onlyLS
--------------------------------------------------
Generating 128 random solutions...
Applying local search to 128 solutions...
Results saved to: results/barabasi_albert_10ins_m20/onlyLS/ba_512_1_2.csv
Best energy: -133506.000000
Total time: 0.1149s
Local search iterations: 83
----------------------------------------
  Seed 8/10 (seed=49)
Initialized onlyLS solver (GPU local search only). Results will be saved under 'onlyLS'.
Parameters:
  instance_name: ba_512_1_2.txt
  dataset: barabasi_albert_10ins_m20
  random_seed: 49
  n_random_solutions: 128
  max_local_iterations: 1000
  precision: 32 bits (<class 'numpy.float32'>)
  run_name: onlyLS
--------------------------------------------------
Generating 128 random solutions...
Applying local search to 128 solutions...
Results saved to: results/barabasi_albert_10ins_m20/onlyLS/ba_512_1_2.csv
Best energy: -133570.000000
Total time: 0.1154s
Local search iterations: 85
----------------------------------------
  Seed 9/10 (seed=50)
Initialized onlyLS solver (GPU local search only). Results will be saved under 'onlyLS'.
Parameters:
  instance_name: ba_512_1_2.txt
  dataset: barabasi_albert_10ins_m20
  random_seed: 50
  n_random_solutions: 128
  max_local_iterations: 1000
  precision: 32 bits (<class 'numpy.float32'>)
  run_name: onlyLS
--------------------------------------------------
Generating 128 random solutions...
Applying local search to 128 solutions...
Results saved to: results/barabasi_albert_10ins_m20/onlyLS/ba_512_1_2.csv
Best energy: -134202.000000
Total time: 0.1727s
Local search iterations: 70
----------------------------------------
  Seed 10/10 (seed=51)
Initialized onlyLS solver (GPU local search only). Results will be saved under 'onlyLS'.
Parameters:
  instance_name: ba_512_1_2.txt
  dataset: barabasi_albert_10ins_m20
  random_seed: 51
  n_random_solutions: 128
  max_local_iterations: 1000
  precision: 32 bits (<class 'numpy.float32'>)
  run_name: onlyLS
--------------------------------------------------
Generating 128 random solutions...
Applying local search to 128 solutions...
Results saved to: results/barabasi_albert_10ins_m20/onlyLS/ba_512_1_2.csv
Best energy: -131662.000000
Total time: 0.1111s
Local search iterations: 72
----------------------------------------
Processing instance: ba_512_1_3.txt
  Seed 1/10 (seed=42)
Initialized onlyLS solver (GPU local search only). Results will be saved under 'onlyLS'.
Parameters:
  instance_name: ba_512_1_3.txt
  dataset: barabasi_albert_10ins_m20
  random_seed: 42
  n_random_solutions: 128
  max_local_iterations: 1000
  precision: 32 bits (<class 'numpy.float32'>)
  run_name: onlyLS
--------------------------------------------------
Generating 128 random solutions...
Applying local search to 128 solutions...
Results saved to: results/barabasi_albert_10ins_m20/onlyLS/ba_512_1_3.csv
Best energy: -132720.000000
Total time: 0.1157s
Local search iterations: 67
----------------------------------------
  Seed 2/10 (seed=43)
Initialized onlyLS solver (GPU local search only). Results will be saved under 'onlyLS'.
Parameters:
  instance_name: ba_512_1_3.txt
  dataset: barabasi_albert_10ins_m20
  random_seed: 43
  n_random_solutions: 128
  max_local_iterations: 1000
  precision: 32 bits (<class 'numpy.float32'>)
  run_name: onlyLS
--------------------------------------------------
Generating 128 random solutions...
Applying local search to 128 solutions...
Results saved to: results/barabasi_albert_10ins_m20/onlyLS/ba_512_1_3.csv
Best energy: -133674.000000
Total time: 0.1091s
Local search iterations: 66
----------------------------------------
  Seed 3/10 (seed=44)
Initialized onlyLS solver (GPU local search only). Results will be saved under 'onlyLS'.
Parameters:
  instance_name: ba_512_1_3.txt
  dataset: barabasi_albert_10ins_m20
  random_seed: 44
  n_random_solutions: 128
  max_local_iterations: 1000
  precision: 32 bits (<class 'numpy.float32'>)
  run_name: onlyLS
--------------------------------------------------
Generating 128 random solutions...
Applying local search to 128 solutions...
Results saved to: results/barabasi_albert_10ins_m20/onlyLS/ba_512_1_3.csv
Best energy: -132260.000000
Total time: 0.1149s
Local search iterations: 85
----------------------------------------
  Seed 4/10 (seed=45)
Initialized onlyLS solver (GPU local search only). Results will be saved under 'onlyLS'.
Parameters:
  instance_name: ba_512_1_3.txt
  dataset: barabasi_albert_10ins_m20
  random_seed: 45
  n_random_solutions: 128
  max_local_iterations: 1000
  precision: 32 bits (<class 'numpy.float32'>)
  run_name: onlyLS
--------------------------------------------------
Generating 128 random solutions...
Applying local search to 128 solutions...
Results saved to: results/barabasi_albert_10ins_m20/onlyLS/ba_512_1_3.csv
Best energy: -132666.000000
Total time: 0.1109s
Local search iterations: 71
----------------------------------------
  Seed 5/10 (seed=46)
Initialized onlyLS solver (GPU local search only). Results will be saved under 'onlyLS'.
Parameters:
  instance_name: ba_512_1_3.txt
  dataset: barabasi_albert_10ins_m20
  random_seed: 46
  n_random_solutions: 128
  max_local_iterations: 1000
  precision: 32 bits (<class 'numpy.float32'>)
  run_name: onlyLS
--------------------------------------------------
Generating 128 random solutions...
Applying local search to 128 solutions...
Results saved to: results/barabasi_albert_10ins_m20/onlyLS/ba_512_1_3.csv
Best energy: -131082.000000
Total time: 0.1121s
Local search iterations: 74
----------------------------------------
  Seed 6/10 (seed=47)
Initialized onlyLS solver (GPU local search only). Results will be saved under 'onlyLS'.
Parameters:
  instance_name: ba_512_1_3.txt
  dataset: barabasi_albert_10ins_m20
  random_seed: 47
  n_random_solutions: 128
  max_local_iterations: 1000
  precision: 32 bits (<class 'numpy.float32'>)
  run_name: onlyLS
--------------------------------------------------
Generating 128 random solutions...
Applying local search to 128 solutions...
Results saved to: results/barabasi_albert_10ins_m20/onlyLS/ba_512_1_3.csv
Best energy: -132788.000000
Total time: 0.1119s
Local search iterations: 71
----------------------------------------
  Seed 7/10 (seed=48)
Initialized onlyLS solver (GPU local search only). Results will be saved under 'onlyLS'.
Parameters:
  instance_name: ba_512_1_3.txt
  dataset: barabasi_albert_10ins_m20
  random_seed: 48
  n_random_solutions: 128
  max_local_iterations: 1000
  precision: 32 bits (<class 'numpy.float32'>)
  run_name: onlyLS
--------------------------------------------------
Generating 128 random solutions...
Applying local search to 128 solutions...
Results saved to: results/barabasi_albert_10ins_m20/onlyLS/ba_512_1_3.csv
Best energy: -131384.000000
Total time: 0.1120s
Local search iterations: 70
----------------------------------------
  Seed 8/10 (seed=49)
Initialized onlyLS solver (GPU local search only). Results will be saved under 'onlyLS'.
Parameters:
  instance_name: ba_512_1_3.txt
  dataset: barabasi_albert_10ins_m20
  random_seed: 49
  n_random_solutions: 128
  max_local_iterations: 1000
  precision: 32 bits (<class 'numpy.float32'>)
  run_name: onlyLS
--------------------------------------------------
Generating 128 random solutions...
Applying local search to 128 solutions...
Results saved to: results/barabasi_albert_10ins_m20/onlyLS/ba_512_1_3.csv
Best energy: -132302.000000
Total time: 0.1146s
Local search iterations: 77
----------------------------------------
  Seed 9/10 (seed=50)
Initialized onlyLS solver (GPU local search only). Results will be saved under 'onlyLS'.
Parameters:
  instance_name: ba_512_1_3.txt
  dataset: barabasi_albert_10ins_m20
  random_seed: 50
  n_random_solutions: 128
  max_local_iterations: 1000
  precision: 32 bits (<class 'numpy.float32'>)
  run_name: onlyLS
--------------------------------------------------
Generating 128 random solutions...
Applying local search to 128 solutions...
Results saved to: results/barabasi_albert_10ins_m20/onlyLS/ba_512_1_3.csv
Best energy: -132712.000000
Total time: 0.1163s
Local search iterations: 83
----------------------------------------
  Seed 10/10 (seed=51)
Initialized onlyLS solver (GPU local search only). Results will be saved under 'onlyLS'.
Parameters:
  instance_name: ba_512_1_3.txt
  dataset: barabasi_albert_10ins_m20
  random_seed: 51
  n_random_solutions: 128
  max_local_iterations: 1000
  precision: 32 bits (<class 'numpy.float32'>)
  run_name: onlyLS
--------------------------------------------------
Generating 128 random solutions...
Applying local search to 128 solutions...
Results saved to: results/barabasi_albert_10ins_m20/onlyLS/ba_512_1_3.csv
Best energy: -132316.000000
Total time: 0.1194s
Local search iterations: 95
----------------------------------------
Processing instance: ba_512_1_4.txt
  Seed 1/10 (seed=42)
Initialized onlyLS solver (GPU local search only). Results will be saved under 'onlyLS'.
Parameters:
  instance_name: ba_512_1_4.txt
  dataset: barabasi_albert_10ins_m20
  random_seed: 42
  n_random_solutions: 128
  max_local_iterations: 1000
  precision: 32 bits (<class 'numpy.float32'>)
  run_name: onlyLS
--------------------------------------------------
Generating 128 random solutions...
Applying local search to 128 solutions...
Results saved to: results/barabasi_albert_10ins_m20/onlyLS/ba_512_1_4.csv
Best energy: -134600.000000
Total time: 0.1130s
Local search iterations: 78
----------------------------------------
  Seed 2/10 (seed=43)
Initialized onlyLS solver (GPU local search only). Results will be saved under 'onlyLS'.
Parameters:
  instance_name: ba_512_1_4.txt
  dataset: barabasi_albert_10ins_m20
  random_seed: 43
  n_random_solutions: 128
  max_local_iterations: 1000
  precision: 32 bits (<class 'numpy.float32'>)
  run_name: onlyLS
--------------------------------------------------
Generating 128 random solutions...
Applying local search to 128 solutions...
Results saved to: results/barabasi_albert_10ins_m20/onlyLS/ba_512_1_4.csv
Best energy: -131576.000000
Total time: 0.1162s
Local search iterations: 88
----------------------------------------
  Seed 3/10 (seed=44)
Initialized onlyLS solver (GPU local search only). Results will be saved under 'onlyLS'.
Parameters:
  instance_name: ba_512_1_4.txt
  dataset: barabasi_albert_10ins_m20
  random_seed: 44
  n_random_solutions: 128
  max_local_iterations: 1000
  precision: 32 bits (<class 'numpy.float32'>)
  run_name: onlyLS
--------------------------------------------------
Generating 128 random solutions...
Applying local search to 128 solutions...
Results saved to: results/barabasi_albert_10ins_m20/onlyLS/ba_512_1_4.csv
Best energy: -132392.000000
Total time: 0.1155s
Local search iterations: 87
----------------------------------------
  Seed 4/10 (seed=45)
Initialized onlyLS solver (GPU local search only). Results will be saved under 'onlyLS'.
Parameters:
  instance_name: ba_512_1_4.txt
  dataset: barabasi_albert_10ins_m20
  random_seed: 45
  n_random_solutions: 128
  max_local_iterations: 1000
  precision: 32 bits (<class 'numpy.float32'>)
  run_name: onlyLS
--------------------------------------------------
Generating 128 random solutions...
Applying local search to 128 solutions...
Results saved to: results/barabasi_albert_10ins_m20/onlyLS/ba_512_1_4.csv
Best energy: -132148.000000
Total time: 0.1141s
Local search iterations: 84
----------------------------------------
  Seed 5/10 (seed=46)
Initialized onlyLS solver (GPU local search only). Results will be saved under 'onlyLS'.
Parameters:
  instance_name: ba_512_1_4.txt
  dataset: barabasi_albert_10ins_m20
  random_seed: 46
  n_random_solutions: 128
  max_local_iterations: 1000
  precision: 32 bits (<class 'numpy.float32'>)
  run_name: onlyLS
--------------------------------------------------
Generating 128 random solutions...
Applying local search to 128 solutions...
Results saved to: results/barabasi_albert_10ins_m20/onlyLS/ba_512_1_4.csv
Best energy: -133710.000000
Total time: 0.1103s
Local search iterations: 72
----------------------------------------
  Seed 6/10 (seed=47)
Initialized onlyLS solver (GPU local search only). Results will be saved under 'onlyLS'.
Parameters:
  instance_name: ba_512_1_4.txt
  dataset: barabasi_albert_10ins_m20
  random_seed: 47
  n_random_solutions: 128
  max_local_iterations: 1000
  precision: 32 bits (<class 'numpy.float32'>)
  run_name: onlyLS
--------------------------------------------------
Generating 128 random solutions...
Applying local search to 128 solutions...
Results saved to: results/barabasi_albert_10ins_m20/onlyLS/ba_512_1_4.csv
Best energy: -133376.000000
Total time: 0.1111s
Local search iterations: 74
----------------------------------------
  Seed 7/10 (seed=48)
Initialized onlyLS solver (GPU local search only). Results will be saved under 'onlyLS'.
Parameters:
  instance_name: ba_512_1_4.txt
  dataset: barabasi_albert_10ins_m20
  random_seed: 48
  n_random_solutions: 128
  max_local_iterations: 1000
  precision: 32 bits (<class 'numpy.float32'>)
  run_name: onlyLS
--------------------------------------------------
Generating 128 random solutions...
Applying local search to 128 solutions...
Results saved to: results/barabasi_albert_10ins_m20/onlyLS/ba_512_1_4.csv
Best energy: -133834.000000
Total time: 0.1164s
Local search iterations: 89
----------------------------------------
  Seed 8/10 (seed=49)
Initialized onlyLS solver (GPU local search only). Results will be saved under 'onlyLS'.
Parameters:
  instance_name: ba_512_1_4.txt
  dataset: barabasi_albert_10ins_m20
  random_seed: 49
  n_random_solutions: 128
  max_local_iterations: 1000
  precision: 32 bits (<class 'numpy.float32'>)
  run_name: onlyLS
--------------------------------------------------
Generating 128 random solutions...
Applying local search to 128 solutions...
Results saved to: results/barabasi_albert_10ins_m20/onlyLS/ba_512_1_4.csv
Best energy: -132702.000000
Total time: 0.1126s
Local search iterations: 80
----------------------------------------
  Seed 9/10 (seed=50)
Initialized onlyLS solver (GPU local search only). Results will be saved under 'onlyLS'.
Parameters:
  instance_name: ba_512_1_4.txt
  dataset: barabasi_albert_10ins_m20
  random_seed: 50
  n_random_solutions: 128
  max_local_iterations: 1000
  precision: 32 bits (<class 'numpy.float32'>)
  run_name: onlyLS
--------------------------------------------------
Generating 128 random solutions...
Applying local search to 128 solutions...
Results saved to: results/barabasi_albert_10ins_m20/onlyLS/ba_512_1_4.csv
Best energy: -132856.000000
Total time: 0.1136s
Local search iterations: 81
----------------------------------------
  Seed 10/10 (seed=51)
Initialized onlyLS solver (GPU local search only). Results will be saved under 'onlyLS'.
Parameters:
  instance_name: ba_512_1_4.txt
  dataset: barabasi_albert_10ins_m20
  random_seed: 51
  n_random_solutions: 128
  max_local_iterations: 1000
  precision: 32 bits (<class 'numpy.float32'>)
  run_name: onlyLS
--------------------------------------------------
Generating 128 random solutions...
Applying local search to 128 solutions...
Results saved to: results/barabasi_albert_10ins_m20/onlyLS/ba_512_1_4.csv
Best energy: -132464.000000
Total time: 0.1139s
Local search iterations: 78
----------------------------------------
Processing instance: ba_512_1_5.txt
  Seed 1/10 (seed=42)
Initialized onlyLS solver (GPU local search only). Results will be saved under 'onlyLS'.
Parameters:
  instance_name: ba_512_1_5.txt
  dataset: barabasi_albert_10ins_m20
  random_seed: 42
  n_random_solutions: 128
  max_local_iterations: 1000
  precision: 32 bits (<class 'numpy.float32'>)
  run_name: onlyLS
--------------------------------------------------
Generating 128 random solutions...
Applying local search to 128 solutions...
Results saved to: results/barabasi_albert_10ins_m20/onlyLS/ba_512_1_5.csv
Best energy: -133402.000000
Total time: 0.1172s
Local search iterations: 91
----------------------------------------
  Seed 2/10 (seed=43)
Initialized onlyLS solver (GPU local search only). Results will be saved under 'onlyLS'.
Parameters:
  instance_name: ba_512_1_5.txt
  dataset: barabasi_albert_10ins_m20
  random_seed: 43
  n_random_solutions: 128
  max_local_iterations: 1000
  precision: 32 bits (<class 'numpy.float32'>)
  run_name: onlyLS
--------------------------------------------------
Generating 128 random solutions...
Applying local search to 128 solutions...
Results saved to: results/barabasi_albert_10ins_m20/onlyLS/ba_512_1_5.csv
Best energy: -133468.000000
Total time: 0.1125s
Local search iterations: 75
----------------------------------------
  Seed 3/10 (seed=44)
Initialized onlyLS solver (GPU local search only). Results will be saved under 'onlyLS'.
Parameters:
  instance_name: ba_512_1_5.txt
  dataset: barabasi_albert_10ins_m20
  random_seed: 44
  n_random_solutions: 128
  max_local_iterations: 1000
  precision: 32 bits (<class 'numpy.float32'>)
  run_name: onlyLS
--------------------------------------------------
Generating 128 random solutions...
Applying local search to 128 solutions...
Results saved to: results/barabasi_albert_10ins_m20/onlyLS/ba_512_1_5.csv
Best energy: -132054.000000
Total time: 0.1182s
Local search iterations: 93
----------------------------------------
  Seed 4/10 (seed=45)
Initialized onlyLS solver (GPU local search only). Results will be saved under 'onlyLS'.
Parameters:
  instance_name: ba_512_1_5.txt
  dataset: barabasi_albert_10ins_m20
  random_seed: 45
  n_random_solutions: 128
  max_local_iterations: 1000
  precision: 32 bits (<class 'numpy.float32'>)
  run_name: onlyLS
--------------------------------------------------
Generating 128 random solutions...
Applying local search to 128 solutions...
Results saved to: results/barabasi_albert_10ins_m20/onlyLS/ba_512_1_5.csv
Best energy: -132944.000000
Total time: 0.1132s
Local search iterations: 77
----------------------------------------
  Seed 5/10 (seed=46)
Initialized onlyLS solver (GPU local search only). Results will be saved under 'onlyLS'.
Parameters:
  instance_name: ba_512_1_5.txt
  dataset: barabasi_albert_10ins_m20
  random_seed: 46
  n_random_solutions: 128
  max_local_iterations: 1000
  precision: 32 bits (<class 'numpy.float32'>)
  run_name: onlyLS
--------------------------------------------------
Generating 128 random solutions...
Applying local search to 128 solutions...
Results saved to: results/barabasi_albert_10ins_m20/onlyLS/ba_512_1_5.csv
Best energy: -134388.000000
Total time: 0.1112s
Local search iterations: 70
----------------------------------------
  Seed 6/10 (seed=47)
Initialized onlyLS solver (GPU local search only). Results will be saved under 'onlyLS'.
Parameters:
  instance_name: ba_512_1_5.txt
  dataset: barabasi_albert_10ins_m20
  random_seed: 47
  n_random_solutions: 128
  max_local_iterations: 1000
  precision: 32 bits (<class 'numpy.float32'>)
  run_name: onlyLS
--------------------------------------------------
Generating 128 random solutions...
Applying local search to 128 solutions...
Results saved to: results/barabasi_albert_10ins_m20/onlyLS/ba_512_1_5.csv
Best energy: -134006.000000
Total time: 0.1101s
Local search iterations: 68
----------------------------------------
  Seed 7/10 (seed=48)
Initialized onlyLS solver (GPU local search only). Results will be saved under 'onlyLS'.
Parameters:
  instance_name: ba_512_1_5.txt
  dataset: barabasi_albert_10ins_m20
  random_seed: 48
  n_random_solutions: 128
  max_local_iterations: 1000
  precision: 32 bits (<class 'numpy.float32'>)
  run_name: onlyLS
--------------------------------------------------
Generating 128 random solutions...
Applying local search to 128 solutions...
Results saved to: results/barabasi_albert_10ins_m20/onlyLS/ba_512_1_5.csv
Best energy: -132858.000000
Total time: 0.1110s
Local search iterations: 73
----------------------------------------
  Seed 8/10 (seed=49)
Initialized onlyLS solver (GPU local search only). Results will be saved under 'onlyLS'.
Parameters:
  instance_name: ba_512_1_5.txt
  dataset: barabasi_albert_10ins_m20
  random_seed: 49
  n_random_solutions: 128
  max_local_iterations: 1000
  precision: 32 bits (<class 'numpy.float32'>)
  run_name: onlyLS
--------------------------------------------------
Generating 128 random solutions...
Applying local search to 128 solutions...
Results saved to: results/barabasi_albert_10ins_m20/onlyLS/ba_512_1_5.csv
Best energy: -132218.000000
Total time: 0.1125s
Local search iterations: 79
----------------------------------------
  Seed 9/10 (seed=50)
Initialized onlyLS solver (GPU local search only). Results will be saved under 'onlyLS'.
Parameters:
  instance_name: ba_512_1_5.txt
  dataset: barabasi_albert_10ins_m20
  random_seed: 50
  n_random_solutions: 128
  max_local_iterations: 1000
  precision: 32 bits (<class 'numpy.float32'>)
  run_name: onlyLS
--------------------------------------------------
Generating 128 random solutions...
Applying local search to 128 solutions...
Results saved to: results/barabasi_albert_10ins_m20/onlyLS/ba_512_1_5.csv
Best energy: -131732.000000
Total time: 0.1137s
Local search iterations: 83
----------------------------------------
  Seed 10/10 (seed=51)
Initialized onlyLS solver (GPU local search only). Results will be saved under 'onlyLS'.
Parameters:
  instance_name: ba_512_1_5.txt
  dataset: barabasi_albert_10ins_m20
  random_seed: 51
  n_random_solutions: 128
  max_local_iterations: 1000
  precision: 32 bits (<class 'numpy.float32'>)
  run_name: onlyLS
--------------------------------------------------
Generating 128 random solutions...
Applying local search to 128 solutions...
Results saved to: results/barabasi_albert_10ins_m20/onlyLS/ba_512_1_5.csv
Best energy: -134062.000000
Total time: 0.1095s
Local search iterations: 67
----------------------------------------
Processing instance: ba_512_1_6.txt
  Seed 1/10 (seed=42)
Initialized onlyLS solver (GPU local search only). Results will be saved under 'onlyLS'.
Parameters:
  instance_name: ba_512_1_6.txt
  dataset: barabasi_albert_10ins_m20
  random_seed: 42
  n_random_solutions: 128
  max_local_iterations: 1000
  precision: 32 bits (<class 'numpy.float32'>)
  run_name: onlyLS
--------------------------------------------------
Generating 128 random solutions...
Applying local search to 128 solutions...
Results saved to: results/barabasi_albert_10ins_m20/onlyLS/ba_512_1_6.csv
Best energy: -131381.000000
Total time: 0.1126s
Local search iterations: 77
----------------------------------------
  Seed 2/10 (seed=43)
Initialized onlyLS solver (GPU local search only). Results will be saved under 'onlyLS'.
Parameters:
  instance_name: ba_512_1_6.txt
  dataset: barabasi_albert_10ins_m20
  random_seed: 43
  n_random_solutions: 128
  max_local_iterations: 1000
  precision: 32 bits (<class 'numpy.float32'>)
  run_name: onlyLS
--------------------------------------------------
Generating 128 random solutions...
Applying local search to 128 solutions...
Results saved to: results/barabasi_albert_10ins_m20/onlyLS/ba_512_1_6.csv
Best energy: -131225.000000
Total time: 0.1106s
Local search iterations: 70
----------------------------------------
  Seed 3/10 (seed=44)
Initialized onlyLS solver (GPU local search only). Results will be saved under 'onlyLS'.
Parameters:
  instance_name: ba_512_1_6.txt
  dataset: barabasi_albert_10ins_m20
  random_seed: 44
  n_random_solutions: 128
  max_local_iterations: 1000
  precision: 32 bits (<class 'numpy.float32'>)
  run_name: onlyLS
--------------------------------------------------
Generating 128 random solutions...
Applying local search to 128 solutions...
Results saved to: results/barabasi_albert_10ins_m20/onlyLS/ba_512_1_6.csv
Best energy: -129885.000000
Total time: 0.1133s
Local search iterations: 77
----------------------------------------
  Seed 4/10 (seed=45)
Initialized onlyLS solver (GPU local search only). Results will be saved under 'onlyLS'.
Parameters:
  instance_name: ba_512_1_6.txt
  dataset: barabasi_albert_10ins_m20
  random_seed: 45
  n_random_solutions: 128
  max_local_iterations: 1000
  precision: 32 bits (<class 'numpy.float32'>)
  run_name: onlyLS
--------------------------------------------------
Generating 128 random solutions...
Applying local search to 128 solutions...
Results saved to: results/barabasi_albert_10ins_m20/onlyLS/ba_512_1_6.csv
Best energy: -130661.000000
Total time: 0.1113s
Local search iterations: 71
----------------------------------------
  Seed 5/10 (seed=46)
Initialized onlyLS solver (GPU local search only). Results will be saved under 'onlyLS'.
Parameters:
  instance_name: ba_512_1_6.txt
  dataset: barabasi_albert_10ins_m20
  random_seed: 46
  n_random_solutions: 128
  max_local_iterations: 1000
  precision: 32 bits (<class 'numpy.float32'>)
  run_name: onlyLS
--------------------------------------------------
Generating 128 random solutions...
Applying local search to 128 solutions...
Results saved to: results/barabasi_albert_10ins_m20/onlyLS/ba_512_1_6.csv
Best energy: -130601.000000
Total time: 0.1154s
Local search iterations: 85
----------------------------------------
  Seed 6/10 (seed=47)
Initialized onlyLS solver (GPU local search only). Results will be saved under 'onlyLS'.
Parameters:
  instance_name: ba_512_1_6.txt
  dataset: barabasi_albert_10ins_m20
  random_seed: 47
  n_random_solutions: 128
  max_local_iterations: 1000
  precision: 32 bits (<class 'numpy.float32'>)
  run_name: onlyLS
--------------------------------------------------
Generating 128 random solutions...
Applying local search to 128 solutions...
Results saved to: results/barabasi_albert_10ins_m20/onlyLS/ba_512_1_6.csv
Best energy: -130419.000000
Total time: 0.1123s
Local search iterations: 76
----------------------------------------
  Seed 7/10 (seed=48)
Initialized onlyLS solver (GPU local search only). Results will be saved under 'onlyLS'.
Parameters:
  instance_name: ba_512_1_6.txt
  dataset: barabasi_albert_10ins_m20
  random_seed: 48
  n_random_solutions: 128
  max_local_iterations: 1000
  precision: 32 bits (<class 'numpy.float32'>)
  run_name: onlyLS
--------------------------------------------------
Generating 128 random solutions...
Applying local search to 128 solutions...
Results saved to: results/barabasi_albert_10ins_m20/onlyLS/ba_512_1_6.csv
Best energy: -129203.000000
Total time: 0.1152s
Local search iterations: 86
----------------------------------------
  Seed 8/10 (seed=49)
Initialized onlyLS solver (GPU local search only). Results will be saved under 'onlyLS'.
Parameters:
  instance_name: ba_512_1_6.txt
  dataset: barabasi_albert_10ins_m20
  random_seed: 49
  n_random_solutions: 128
  max_local_iterations: 1000
  precision: 32 bits (<class 'numpy.float32'>)
  run_name: onlyLS
--------------------------------------------------
Generating 128 random solutions...
Applying local search to 128 solutions...
Results saved to: results/barabasi_albert_10ins_m20/onlyLS/ba_512_1_6.csv
Best energy: -131785.000000
Total time: 0.1176s
Local search iterations: 94
----------------------------------------
  Seed 9/10 (seed=50)
Initialized onlyLS solver (GPU local search only). Results will be saved under 'onlyLS'.
Parameters:
  instance_name: ba_512_1_6.txt
  dataset: barabasi_albert_10ins_m20
  random_seed: 50
  n_random_solutions: 128
  max_local_iterations: 1000
  precision: 32 bits (<class 'numpy.float32'>)
  run_name: onlyLS
--------------------------------------------------
Generating 128 random solutions...
Applying local search to 128 solutions...
Results saved to: results/barabasi_albert_10ins_m20/onlyLS/ba_512_1_6.csv
Best energy: -129379.000000
Total time: 0.1089s
Local search iterations: 66
----------------------------------------
  Seed 10/10 (seed=51)
Initialized onlyLS solver (GPU local search only). Results will be saved under 'onlyLS'.
Parameters:
  instance_name: ba_512_1_6.txt
  dataset: barabasi_albert_10ins_m20
  random_seed: 51
  n_random_solutions: 128
  max_local_iterations: 1000
  precision: 32 bits (<class 'numpy.float32'>)
  run_name: onlyLS
--------------------------------------------------
Generating 128 random solutions...
Applying local search to 128 solutions...
Results saved to: results/barabasi_albert_10ins_m20/onlyLS/ba_512_1_6.csv
Best energy: -131189.000000
Total time: 0.1130s
Local search iterations: 79
----------------------------------------
Processing instance: ba_512_1_7.txt
  Seed 1/10 (seed=42)
Initialized onlyLS solver (GPU local search only). Results will be saved under 'onlyLS'.
Parameters:
  instance_name: ba_512_1_7.txt
  dataset: barabasi_albert_10ins_m20
  random_seed: 42
  n_random_solutions: 128
  max_local_iterations: 1000
  precision: 32 bits (<class 'numpy.float32'>)
  run_name: onlyLS
--------------------------------------------------
Generating 128 random solutions...
Applying local search to 128 solutions...
Results saved to: results/barabasi_albert_10ins_m20/onlyLS/ba_512_1_7.csv
Best energy: -131458.000000
Total time: 0.1119s
Local search iterations: 76
----------------------------------------
  Seed 2/10 (seed=43)
Initialized onlyLS solver (GPU local search only). Results will be saved under 'onlyLS'.
Parameters:
  instance_name: ba_512_1_7.txt
  dataset: barabasi_albert_10ins_m20
  random_seed: 43
  n_random_solutions: 128
  max_local_iterations: 1000
  precision: 32 bits (<class 'numpy.float32'>)
  run_name: onlyLS
--------------------------------------------------
Generating 128 random solutions...
Applying local search to 128 solutions...
Results saved to: results/barabasi_albert_10ins_m20/onlyLS/ba_512_1_7.csv
Best energy: -132002.000000
Total time: 0.1132s
Local search iterations: 79
----------------------------------------
  Seed 3/10 (seed=44)
Initialized onlyLS solver (GPU local search only). Results will be saved under 'onlyLS'.
Parameters:
  instance_name: ba_512_1_7.txt
  dataset: barabasi_albert_10ins_m20
  random_seed: 44
  n_random_solutions: 128
  max_local_iterations: 1000
  precision: 32 bits (<class 'numpy.float32'>)
  run_name: onlyLS
--------------------------------------------------
Generating 128 random solutions...
Applying local search to 128 solutions...
Results saved to: results/barabasi_albert_10ins_m20/onlyLS/ba_512_1_7.csv
Best energy: -130014.000000
Total time: 0.1158s
Local search iterations: 88
----------------------------------------
  Seed 4/10 (seed=45)
Initialized onlyLS solver (GPU local search only). Results will be saved under 'onlyLS'.
Parameters:
  instance_name: ba_512_1_7.txt
  dataset: barabasi_albert_10ins_m20
  random_seed: 45
  n_random_solutions: 128
  max_local_iterations: 1000
  precision: 32 bits (<class 'numpy.float32'>)
  run_name: onlyLS
--------------------------------------------------
Generating 128 random solutions...
Applying local search to 128 solutions...
Results saved to: results/barabasi_albert_10ins_m20/onlyLS/ba_512_1_7.csv
Best energy: -130174.000000
Total time: 0.1093s
Local search iterations: 67
----------------------------------------
  Seed 5/10 (seed=46)
Initialized onlyLS solver (GPU local search only). Results will be saved under 'onlyLS'.
Parameters:
  instance_name: ba_512_1_7.txt
  dataset: barabasi_albert_10ins_m20
  random_seed: 46
  n_random_solutions: 128
  max_local_iterations: 1000
  precision: 32 bits (<class 'numpy.float32'>)
  run_name: onlyLS
--------------------------------------------------
Generating 128 random solutions...
Applying local search to 128 solutions...
Results saved to: results/barabasi_albert_10ins_m20/onlyLS/ba_512_1_7.csv
Best energy: -133128.000000
Total time: 0.1124s
Local search iterations: 76
----------------------------------------
  Seed 6/10 (seed=47)
Initialized onlyLS solver (GPU local search only). Results will be saved under 'onlyLS'.
Parameters:
  instance_name: ba_512_1_7.txt
  dataset: barabasi_albert_10ins_m20
  random_seed: 47
  n_random_solutions: 128
  max_local_iterations: 1000
  precision: 32 bits (<class 'numpy.float32'>)
  run_name: onlyLS
--------------------------------------------------
Generating 128 random solutions...
Applying local search to 128 solutions...
Results saved to: results/barabasi_albert_10ins_m20/onlyLS/ba_512_1_7.csv
Best energy: -131880.000000
Total time: 0.1123s
Local search iterations: 74
----------------------------------------
  Seed 7/10 (seed=48)
Initialized onlyLS solver (GPU local search only). Results will be saved under 'onlyLS'.
Parameters:
  instance_name: ba_512_1_7.txt
  dataset: barabasi_albert_10ins_m20
  random_seed: 48
  n_random_solutions: 128
  max_local_iterations: 1000
  precision: 32 bits (<class 'numpy.float32'>)
  run_name: onlyLS
--------------------------------------------------
Generating 128 random solutions...
Applying local search to 128 solutions...
Results saved to: results/barabasi_albert_10ins_m20/onlyLS/ba_512_1_7.csv
Best energy: -131332.000000
Total time: 0.1092s
Local search iterations: 66
----------------------------------------
  Seed 8/10 (seed=49)
Initialized onlyLS solver (GPU local search only). Results will be saved under 'onlyLS'.
Parameters:
  instance_name: ba_512_1_7.txt
  dataset: barabasi_albert_10ins_m20
  random_seed: 49
  n_random_solutions: 128
  max_local_iterations: 1000
  precision: 32 bits (<class 'numpy.float32'>)
  run_name: onlyLS
--------------------------------------------------
Generating 128 random solutions...
Applying local search to 128 solutions...
Results saved to: results/barabasi_albert_10ins_m20/onlyLS/ba_512_1_7.csv
Best energy: -129168.000000
Total time: 0.1137s
Local search iterations: 80
----------------------------------------
  Seed 9/10 (seed=50)
Initialized onlyLS solver (GPU local search only). Results will be saved under 'onlyLS'.
Parameters:
  instance_name: ba_512_1_7.txt
  dataset: barabasi_albert_10ins_m20
  random_seed: 50
  n_random_solutions: 128
  max_local_iterations: 1000
  precision: 32 bits (<class 'numpy.float32'>)
  run_name: onlyLS
--------------------------------------------------
Generating 128 random solutions...
Applying local search to 128 solutions...
Results saved to: results/barabasi_albert_10ins_m20/onlyLS/ba_512_1_7.csv
Best energy: -128862.000000
Total time: 0.1804s
Local search iterations: 94
----------------------------------------
  Seed 10/10 (seed=51)
Initialized onlyLS solver (GPU local search only). Results will be saved under 'onlyLS'.
Parameters:
  instance_name: ba_512_1_7.txt
  dataset: barabasi_albert_10ins_m20
  random_seed: 51
  n_random_solutions: 128
  max_local_iterations: 1000
  precision: 32 bits (<class 'numpy.float32'>)
  run_name: onlyLS
--------------------------------------------------
Generating 128 random solutions...
Applying local search to 128 solutions...
Results saved to: results/barabasi_albert_10ins_m20/onlyLS/ba_512_1_7.csv
Best energy: -128398.000000
Total time: 0.1127s
Local search iterations: 79
----------------------------------------
Processing instance: ba_512_1_8.txt
  Seed 1/10 (seed=42)
Initialized onlyLS solver (GPU local search only). Results will be saved under 'onlyLS'.
Parameters:
  instance_name: ba_512_1_8.txt
  dataset: barabasi_albert_10ins_m20
  random_seed: 42
  n_random_solutions: 128
  max_local_iterations: 1000
  precision: 32 bits (<class 'numpy.float32'>)
  run_name: onlyLS
--------------------------------------------------
Generating 128 random solutions...
Applying local search to 128 solutions...
Results saved to: results/barabasi_albert_10ins_m20/onlyLS/ba_512_1_8.csv
Best energy: -132443.000000
Total time: 0.1138s
Local search iterations: 81
----------------------------------------
  Seed 2/10 (seed=43)
Initialized onlyLS solver (GPU local search only). Results will be saved under 'onlyLS'.
Parameters:
  instance_name: ba_512_1_8.txt
  dataset: barabasi_albert_10ins_m20
  random_seed: 43
  n_random_solutions: 128
  max_local_iterations: 1000
  precision: 32 bits (<class 'numpy.float32'>)
  run_name: onlyLS
--------------------------------------------------
Generating 128 random solutions...
Applying local search to 128 solutions...
Results saved to: results/barabasi_albert_10ins_m20/onlyLS/ba_512_1_8.csv
Best energy: -133745.000000
Total time: 0.1095s
Local search iterations: 68
----------------------------------------
  Seed 3/10 (seed=44)
Initialized onlyLS solver (GPU local search only). Results will be saved under 'onlyLS'.
Parameters:
  instance_name: ba_512_1_8.txt
  dataset: barabasi_albert_10ins_m20
  random_seed: 44
  n_random_solutions: 128
  max_local_iterations: 1000
  precision: 32 bits (<class 'numpy.float32'>)
  run_name: onlyLS
--------------------------------------------------
Generating 128 random solutions...
Applying local search to 128 solutions...
Results saved to: results/barabasi_albert_10ins_m20/onlyLS/ba_512_1_8.csv
Best energy: -135279.000000
Total time: 0.1105s
Local search iterations: 72
----------------------------------------
  Seed 4/10 (seed=45)
Initialized onlyLS solver (GPU local search only). Results will be saved under 'onlyLS'.
Parameters:
  instance_name: ba_512_1_8.txt
  dataset: barabasi_albert_10ins_m20
  random_seed: 45
  n_random_solutions: 128
  max_local_iterations: 1000
  precision: 32 bits (<class 'numpy.float32'>)
  run_name: onlyLS
--------------------------------------------------
Generating 128 random solutions...
Applying local search to 128 solutions...
Results saved to: results/barabasi_albert_10ins_m20/onlyLS/ba_512_1_8.csv
Best energy: -133237.000000
Total time: 0.1141s
Local search iterations: 85
----------------------------------------
  Seed 5/10 (seed=46)
Initialized onlyLS solver (GPU local search only). Results will be saved under 'onlyLS'.
Parameters:
  instance_name: ba_512_1_8.txt
  dataset: barabasi_albert_10ins_m20
  random_seed: 46
  n_random_solutions: 128
  max_local_iterations: 1000
  precision: 32 bits (<class 'numpy.float32'>)
  run_name: onlyLS
--------------------------------------------------
Generating 128 random solutions...
Applying local search to 128 solutions...
Results saved to: results/barabasi_albert_10ins_m20/onlyLS/ba_512_1_8.csv
Best energy: -132671.000000
Total time: 0.1130s
Local search iterations: 79
----------------------------------------
  Seed 6/10 (seed=47)
Initialized onlyLS solver (GPU local search only). Results will be saved under 'onlyLS'.
Parameters:
  instance_name: ba_512_1_8.txt
  dataset: barabasi_albert_10ins_m20
  random_seed: 47
  n_random_solutions: 128
  max_local_iterations: 1000
  precision: 32 bits (<class 'numpy.float32'>)
  run_name: onlyLS
--------------------------------------------------
Generating 128 random solutions...
Applying local search to 128 solutions...
Results saved to: results/barabasi_albert_10ins_m20/onlyLS/ba_512_1_8.csv
Best energy: -132831.000000
Total time: 0.1099s
Local search iterations: 68
----------------------------------------
  Seed 7/10 (seed=48)
Initialized onlyLS solver (GPU local search only). Results will be saved under 'onlyLS'.
Parameters:
  instance_name: ba_512_1_8.txt
  dataset: barabasi_albert_10ins_m20
  random_seed: 48
  n_random_solutions: 128
  max_local_iterations: 1000
  precision: 32 bits (<class 'numpy.float32'>)
  run_name: onlyLS
--------------------------------------------------
Generating 128 random solutions...
Applying local search to 128 solutions...
Results saved to: results/barabasi_albert_10ins_m20/onlyLS/ba_512_1_8.csv
Best energy: -132543.000000
Total time: 0.1123s
Local search iterations: 75
----------------------------------------
  Seed 8/10 (seed=49)
Initialized onlyLS solver (GPU local search only). Results will be saved under 'onlyLS'.
Parameters:
  instance_name: ba_512_1_8.txt
  dataset: barabasi_albert_10ins_m20
  random_seed: 49
  n_random_solutions: 128
  max_local_iterations: 1000
  precision: 32 bits (<class 'numpy.float32'>)
  run_name: onlyLS
--------------------------------------------------
Generating 128 random solutions...
Applying local search to 128 solutions...
Results saved to: results/barabasi_albert_10ins_m20/onlyLS/ba_512_1_8.csv
Best energy: -135315.000000
Total time: 0.1098s
Local search iterations: 65
----------------------------------------
  Seed 9/10 (seed=50)
Initialized onlyLS solver (GPU local search only). Results will be saved under 'onlyLS'.
Parameters:
  instance_name: ba_512_1_8.txt
  dataset: barabasi_albert_10ins_m20
  random_seed: 50
  n_random_solutions: 128
  max_local_iterations: 1000
  precision: 32 bits (<class 'numpy.float32'>)
  run_name: onlyLS
--------------------------------------------------
Generating 128 random solutions...
Applying local search to 128 solutions...
Results saved to: results/barabasi_albert_10ins_m20/onlyLS/ba_512_1_8.csv
Best energy: -132239.000000
Total time: 0.1101s
Local search iterations: 66
----------------------------------------
  Seed 10/10 (seed=51)
Initialized onlyLS solver (GPU local search only). Results will be saved under 'onlyLS'.
Parameters:
  instance_name: ba_512_1_8.txt
  dataset: barabasi_albert_10ins_m20
  random_seed: 51
  n_random_solutions: 128
  max_local_iterations: 1000
  precision: 32 bits (<class 'numpy.float32'>)
  run_name: onlyLS
--------------------------------------------------
Generating 128 random solutions...
Applying local search to 128 solutions...
Results saved to: results/barabasi_albert_10ins_m20/onlyLS/ba_512_1_8.csv
Best energy: -132091.000000
Total time: 0.1147s
Local search iterations: 84
----------------------------------------
Processing instance: ba_512_1_9.txt
  Seed 1/10 (seed=42)
Initialized onlyLS solver (GPU local search only). Results will be saved under 'onlyLS'.
Parameters:
  instance_name: ba_512_1_9.txt
  dataset: barabasi_albert_10ins_m20
  random_seed: 42
  n_random_solutions: 128
  max_local_iterations: 1000
  precision: 32 bits (<class 'numpy.float32'>)
  run_name: onlyLS
--------------------------------------------------
Generating 128 random solutions...
Applying local search to 128 solutions...
Results saved to: results/barabasi_albert_10ins_m20/onlyLS/ba_512_1_9.csv
Best energy: -131034.000000
Total time: 0.1143s
Local search iterations: 80
----------------------------------------
  Seed 2/10 (seed=43)
Initialized onlyLS solver (GPU local search only). Results will be saved under 'onlyLS'.
Parameters:
  instance_name: ba_512_1_9.txt
  dataset: barabasi_albert_10ins_m20
  random_seed: 43
  n_random_solutions: 128
  max_local_iterations: 1000
  precision: 32 bits (<class 'numpy.float32'>)
  run_name: onlyLS
--------------------------------------------------
Generating 128 random solutions...
Applying local search to 128 solutions...
Results saved to: results/barabasi_albert_10ins_m20/onlyLS/ba_512_1_9.csv
Best energy: -131550.000000
Total time: 0.1109s
Local search iterations: 70
----------------------------------------
  Seed 3/10 (seed=44)
Initialized onlyLS solver (GPU local search only). Results will be saved under 'onlyLS'.
Parameters:
  instance_name: ba_512_1_9.txt
  dataset: barabasi_albert_10ins_m20
  random_seed: 44
  n_random_solutions: 128
  max_local_iterations: 1000
  precision: 32 bits (<class 'numpy.float32'>)
  run_name: onlyLS
--------------------------------------------------
Generating 128 random solutions...
Applying local search to 128 solutions...
Results saved to: results/barabasi_albert_10ins_m20/onlyLS/ba_512_1_9.csv
Best energy: -131758.000000
Total time: 0.1103s
Local search iterations: 68
----------------------------------------
  Seed 4/10 (seed=45)
Initialized onlyLS solver (GPU local search only). Results will be saved under 'onlyLS'.
Parameters:
  instance_name: ba_512_1_9.txt
  dataset: barabasi_albert_10ins_m20
  random_seed: 45
  n_random_solutions: 128
  max_local_iterations: 1000
  precision: 32 bits (<class 'numpy.float32'>)
  run_name: onlyLS
--------------------------------------------------
Generating 128 random solutions...
Applying local search to 128 solutions...
Results saved to: results/barabasi_albert_10ins_m20/onlyLS/ba_512_1_9.csv
Best energy: -131868.000000
Total time: 0.1134s
Local search iterations: 76
----------------------------------------
  Seed 5/10 (seed=46)
Initialized onlyLS solver (GPU local search only). Results will be saved under 'onlyLS'.
Parameters:
  instance_name: ba_512_1_9.txt
  dataset: barabasi_albert_10ins_m20
  random_seed: 46
  n_random_solutions: 128
  max_local_iterations: 1000
  precision: 32 bits (<class 'numpy.float32'>)
  run_name: onlyLS
--------------------------------------------------
Generating 128 random solutions...
Applying local search to 128 solutions...
Results saved to: results/barabasi_albert_10ins_m20/onlyLS/ba_512_1_9.csv
Best energy: -130870.000000
Total time: 0.1157s
Local search iterations: 82
----------------------------------------
  Seed 6/10 (seed=47)
Initialized onlyLS solver (GPU local search only). Results will be saved under 'onlyLS'.
Parameters:
  instance_name: ba_512_1_9.txt
  dataset: barabasi_albert_10ins_m20
  random_seed: 47
  n_random_solutions: 128
  max_local_iterations: 1000
  precision: 32 bits (<class 'numpy.float32'>)
  run_name: onlyLS
--------------------------------------------------
Generating 128 random solutions...
Applying local search to 128 solutions...
Results saved to: results/barabasi_albert_10ins_m20/onlyLS/ba_512_1_9.csv
Best energy: -132026.000000
Total time: 0.1119s
Local search iterations: 71
----------------------------------------
  Seed 7/10 (seed=48)
Initialized onlyLS solver (GPU local search only). Results will be saved under 'onlyLS'.
Parameters:
  instance_name: ba_512_1_9.txt
  dataset: barabasi_albert_10ins_m20
  random_seed: 48
  n_random_solutions: 128
  max_local_iterations: 1000
  precision: 32 bits (<class 'numpy.float32'>)
  run_name: onlyLS
--------------------------------------------------
Generating 128 random solutions...
Applying local search to 128 solutions...
Results saved to: results/barabasi_albert_10ins_m20/onlyLS/ba_512_1_9.csv
Best energy: -132584.000000
Total time: 0.1112s
Local search iterations: 69
----------------------------------------
  Seed 8/10 (seed=49)
Initialized onlyLS solver (GPU local search only). Results will be saved under 'onlyLS'.
Parameters:
  instance_name: ba_512_1_9.txt
  dataset: barabasi_albert_10ins_m20
  random_seed: 49
  n_random_solutions: 128
  max_local_iterations: 1000
  precision: 32 bits (<class 'numpy.float32'>)
  run_name: onlyLS
--------------------------------------------------
Generating 128 random solutions...
Applying local search to 128 solutions...
Results saved to: results/barabasi_albert_10ins_m20/onlyLS/ba_512_1_9.csv
Best energy: -131030.000000
Total time: 0.1176s
Local search iterations: 89
----------------------------------------
  Seed 9/10 (seed=50)
Initialized onlyLS solver (GPU local search only). Results will be saved under 'onlyLS'.
Parameters:
  instance_name: ba_512_1_9.txt
  dataset: barabasi_albert_10ins_m20
  random_seed: 50
  n_random_solutions: 128
  max_local_iterations: 1000
  precision: 32 bits (<class 'numpy.float32'>)
  run_name: onlyLS
--------------------------------------------------
Generating 128 random solutions...
Applying local search to 128 solutions...
Results saved to: results/barabasi_albert_10ins_m20/onlyLS/ba_512_1_9.csv
Best energy: -131988.000000
Total time: 0.1176s
Local search iterations: 91
----------------------------------------
  Seed 10/10 (seed=51)
Initialized onlyLS solver (GPU local search only). Results will be saved under 'onlyLS'.
Parameters:
  instance_name: ba_512_1_9.txt
  dataset: barabasi_albert_10ins_m20
  random_seed: 51
  n_random_solutions: 128
  max_local_iterations: 1000
  precision: 32 bits (<class 'numpy.float32'>)
  run_name: onlyLS
--------------------------------------------------
Generating 128 random solutions...
Applying local search to 128 solutions...
Results saved to: results/barabasi_albert_10ins_m20/onlyLS/ba_512_1_9.csv
Best energy: -130972.000000
Total time: 0.1172s
Local search iterations: 89
----------------------------------------
Processing instance: ba_524288_1_0.txt
  Seed 1/10 (seed=42)
Initialized onlyLS solver (GPU local search only). Results will be saved under 'onlyLS'.
Parameters:
  instance_name: ba_524288_1_0.txt
  dataset: barabasi_albert_10ins_m20
  random_seed: 42
  n_random_solutions: 128
  max_local_iterations: 1000
  precision: 32 bits (<class 'numpy.float32'>)
  run_name: onlyLS
--------------------------------------------------
Generating 128 random solutions...
Applying local search to 128 solutions...
Results saved to: results/barabasi_albert_10ins_m20/onlyLS/ba_524288_1_0.csv
Best energy: -123428958.000000
Total time: 3.5340s
Local search iterations: 42
----------------------------------------
  Seed 2/10 (seed=43)
Initialized onlyLS solver (GPU local search only). Results will be saved under 'onlyLS'.
Parameters:
  instance_name: ba_524288_1_0.txt
  dataset: barabasi_albert_10ins_m20
  random_seed: 43
  n_random_solutions: 128
  max_local_iterations: 1000
  precision: 32 bits (<class 'numpy.float32'>)
  run_name: onlyLS
--------------------------------------------------
Generating 128 random solutions...
Applying local search to 128 solutions...
Results saved to: results/barabasi_albert_10ins_m20/onlyLS/ba_524288_1_0.csv
Best energy: -123455056.000000
Total time: 3.6109s
Local search iterations: 50
----------------------------------------
  Seed 3/10 (seed=44)
Initialized onlyLS solver (GPU local search only). Results will be saved under 'onlyLS'.
Parameters:
  instance_name: ba_524288_1_0.txt
  dataset: barabasi_albert_10ins_m20
  random_seed: 44
  n_random_solutions: 128
  max_local_iterations: 1000
  precision: 32 bits (<class 'numpy.float32'>)
  run_name: onlyLS
--------------------------------------------------
Generating 128 random solutions...
Applying local search to 128 solutions...
Results saved to: results/barabasi_albert_10ins_m20/onlyLS/ba_524288_1_0.csv
Best energy: -123446318.000000
Total time: 3.5003s
Local search iterations: 46
----------------------------------------
  Seed 4/10 (seed=45)
Initialized onlyLS solver (GPU local search only). Results will be saved under 'onlyLS'.
Parameters:
  instance_name: ba_524288_1_0.txt
  dataset: barabasi_albert_10ins_m20
  random_seed: 45
  n_random_solutions: 128
  max_local_iterations: 1000
  precision: 32 bits (<class 'numpy.float32'>)
  run_name: onlyLS
--------------------------------------------------
Generating 128 random solutions...
Applying local search to 128 solutions...
Results saved to: results/barabasi_albert_10ins_m20/onlyLS/ba_524288_1_0.csv
Best energy: -123539648.000000
Total time: 3.4132s
Local search iterations: 45
----------------------------------------
  Seed 5/10 (seed=46)
Initialized onlyLS solver (GPU local search only). Results will be saved under 'onlyLS'.
Parameters:
  instance_name: ba_524288_1_0.txt
  dataset: barabasi_albert_10ins_m20
  random_seed: 46
  n_random_solutions: 128
  max_local_iterations: 1000
  precision: 32 bits (<class 'numpy.float32'>)
  run_name: onlyLS
--------------------------------------------------
Generating 128 random solutions...
Applying local search to 128 solutions...
Results saved to: results/barabasi_albert_10ins_m20/onlyLS/ba_524288_1_0.csv
Best energy: -123513104.000000
Total time: 3.3259s
Local search iterations: 42
----------------------------------------
  Seed 6/10 (seed=47)
Initialized onlyLS solver (GPU local search only). Results will be saved under 'onlyLS'.
Parameters:
  instance_name: ba_524288_1_0.txt
  dataset: barabasi_albert_10ins_m20
  random_seed: 47
  n_random_solutions: 128
  max_local_iterations: 1000
  precision: 32 bits (<class 'numpy.float32'>)
  run_name: onlyLS
--------------------------------------------------
Generating 128 random solutions...
Applying local search to 128 solutions...
Results saved to: results/barabasi_albert_10ins_m20/onlyLS/ba_524288_1_0.csv
Best energy: -123416362.000000
Total time: 3.3226s
Local search iterations: 43
----------------------------------------
  Seed 7/10 (seed=48)
Initialized onlyLS solver (GPU local search only). Results will be saved under 'onlyLS'.
Parameters:
  instance_name: ba_524288_1_0.txt
  dataset: barabasi_albert_10ins_m20
  random_seed: 48
  n_random_solutions: 128
  max_local_iterations: 1000
  precision: 32 bits (<class 'numpy.float32'>)
  run_name: onlyLS
--------------------------------------------------
Generating 128 random solutions...
Applying local search to 128 solutions...
Results saved to: results/barabasi_albert_10ins_m20/onlyLS/ba_524288_1_0.csv
Best energy: -123529762.000000
Total time: 3.5412s
Local search iterations: 48
----------------------------------------
  Seed 8/10 (seed=49)
Initialized onlyLS solver (GPU local search only). Results will be saved under 'onlyLS'.
Parameters:
  instance_name: ba_524288_1_0.txt
  dataset: barabasi_albert_10ins_m20
  random_seed: 49
  n_random_solutions: 128
  max_local_iterations: 1000
  precision: 32 bits (<class 'numpy.float32'>)
  run_name: onlyLS
--------------------------------------------------
Generating 128 random solutions...
Applying local search to 128 solutions...
Results saved to: results/barabasi_albert_10ins_m20/onlyLS/ba_524288_1_0.csv
Best energy: -123439650.000000
Total time: 3.4148s
Local search iterations: 45
----------------------------------------
  Seed 9/10 (seed=50)
Initialized onlyLS solver (GPU local search only). Results will be saved under 'onlyLS'.
Parameters:
  instance_name: ba_524288_1_0.txt
  dataset: barabasi_albert_10ins_m20
  random_seed: 50
  n_random_solutions: 128
  max_local_iterations: 1000
  precision: 32 bits (<class 'numpy.float32'>)
  run_name: onlyLS
--------------------------------------------------
Generating 128 random solutions...
Applying local search to 128 solutions...
Results saved to: results/barabasi_albert_10ins_m20/onlyLS/ba_524288_1_0.csv
Best energy: -123470886.000000
Total time: 3.4661s
Local search iterations: 45
----------------------------------------
  Seed 10/10 (seed=51)
Initialized onlyLS solver (GPU local search only). Results will be saved under 'onlyLS'.
Parameters:
  instance_name: ba_524288_1_0.txt
  dataset: barabasi_albert_10ins_m20
  random_seed: 51
  n_random_solutions: 128
  max_local_iterations: 1000
  precision: 32 bits (<class 'numpy.float32'>)
  run_name: onlyLS
--------------------------------------------------
Generating 128 random solutions...
Applying local search to 128 solutions...
Results saved to: results/barabasi_albert_10ins_m20/onlyLS/ba_524288_1_0.csv
Best energy: -123415132.000000
Total time: 3.4304s
Local search iterations: 43
----------------------------------------
Processing instance: ba_524288_1_1.txt
  Seed 1/10 (seed=42)
Initialized onlyLS solver (GPU local search only). Results will be saved under 'onlyLS'.
Parameters:
  instance_name: ba_524288_1_1.txt
  dataset: barabasi_albert_10ins_m20
  random_seed: 42
  n_random_solutions: 128
  max_local_iterations: 1000
  precision: 32 bits (<class 'numpy.float32'>)
  run_name: onlyLS
--------------------------------------------------
Generating 128 random solutions...
Applying local search to 128 solutions...
Results saved to: results/barabasi_albert_10ins_m20/onlyLS/ba_524288_1_1.csv
Best energy: -123490234.000000
Total time: 3.3262s
Local search iterations: 42
----------------------------------------
  Seed 2/10 (seed=43)
Initialized onlyLS solver (GPU local search only). Results will be saved under 'onlyLS'.
Parameters:
  instance_name: ba_524288_1_1.txt
  dataset: barabasi_albert_10ins_m20
  random_seed: 43
  n_random_solutions: 128
  max_local_iterations: 1000
  precision: 32 bits (<class 'numpy.float32'>)
  run_name: onlyLS
--------------------------------------------------
Generating 128 random solutions...
Applying local search to 128 solutions...
Results saved to: results/barabasi_albert_10ins_m20/onlyLS/ba_524288_1_1.csv
Best energy: -123518442.000000
Total time: 3.3122s
Local search iterations: 43
----------------------------------------
  Seed 3/10 (seed=44)
Initialized onlyLS solver (GPU local search only). Results will be saved under 'onlyLS'.
Parameters:
  instance_name: ba_524288_1_1.txt
  dataset: barabasi_albert_10ins_m20
  random_seed: 44
  n_random_solutions: 128
  max_local_iterations: 1000
  precision: 32 bits (<class 'numpy.float32'>)
  run_name: onlyLS
--------------------------------------------------
Generating 128 random solutions...
Applying local search to 128 solutions...
Results saved to: results/barabasi_albert_10ins_m20/onlyLS/ba_524288_1_1.csv
Best energy: -123475946.000000
Total time: 3.3666s
Local search iterations: 44
----------------------------------------
  Seed 4/10 (seed=45)
Initialized onlyLS solver (GPU local search only). Results will be saved under 'onlyLS'.
Parameters:
  instance_name: ba_524288_1_1.txt
  dataset: barabasi_albert_10ins_m20
  random_seed: 45
  n_random_solutions: 128
  max_local_iterations: 1000
  precision: 32 bits (<class 'numpy.float32'>)
  run_name: onlyLS
--------------------------------------------------
Generating 128 random solutions...
Applying local search to 128 solutions...
Results saved to: results/barabasi_albert_10ins_m20/onlyLS/ba_524288_1_1.csv
Best energy: -123474172.000000
Total time: 3.4080s
Local search iterations: 45
----------------------------------------
  Seed 5/10 (seed=46)
Initialized onlyLS solver (GPU local search only). Results will be saved under 'onlyLS'.
Parameters:
  instance_name: ba_524288_1_1.txt
  dataset: barabasi_albert_10ins_m20
  random_seed: 46
  n_random_solutions: 128
  max_local_iterations: 1000
  precision: 32 bits (<class 'numpy.float32'>)
  run_name: onlyLS
--------------------------------------------------
Generating 128 random solutions...
Applying local search to 128 solutions...
Results saved to: results/barabasi_albert_10ins_m20/onlyLS/ba_524288_1_1.csv
Best energy: -123429742.000000
Total time: 3.3220s
Local search iterations: 42
----------------------------------------
  Seed 6/10 (seed=47)
Initialized onlyLS solver (GPU local search only). Results will be saved under 'onlyLS'.
Parameters:
  instance_name: ba_524288_1_1.txt
  dataset: barabasi_albert_10ins_m20
  random_seed: 47
  n_random_solutions: 128
  max_local_iterations: 1000
  precision: 32 bits (<class 'numpy.float32'>)
  run_name: onlyLS
--------------------------------------------------
Generating 128 random solutions...
Applying local search to 128 solutions...
Results saved to: results/barabasi_albert_10ins_m20/onlyLS/ba_524288_1_1.csv
Best energy: -123476794.000000
Total time: 3.3235s
Local search iterations: 43
----------------------------------------
  Seed 7/10 (seed=48)
Initialized onlyLS solver (GPU local search only). Results will be saved under 'onlyLS'.
Parameters:
  instance_name: ba_524288_1_1.txt
  dataset: barabasi_albert_10ins_m20
  random_seed: 48
  n_random_solutions: 128
  max_local_iterations: 1000
  precision: 32 bits (<class 'numpy.float32'>)
  run_name: onlyLS
--------------------------------------------------
Generating 128 random solutions...
Applying local search to 128 solutions...
Results saved to: results/barabasi_albert_10ins_m20/onlyLS/ba_524288_1_1.csv
Best energy: -123476106.000000
Total time: 3.4574s
Local search iterations: 46
----------------------------------------
  Seed 8/10 (seed=49)
Initialized onlyLS solver (GPU local search only). Results will be saved under 'onlyLS'.
Parameters:
  instance_name: ba_524288_1_1.txt
  dataset: barabasi_albert_10ins_m20
  random_seed: 49
  n_random_solutions: 128
  max_local_iterations: 1000
  precision: 32 bits (<class 'numpy.float32'>)
  run_name: onlyLS
--------------------------------------------------
Generating 128 random solutions...
Applying local search to 128 solutions...
Results saved to: results/barabasi_albert_10ins_m20/onlyLS/ba_524288_1_1.csv
Best energy: -123458950.000000
Total time: 3.6338s
Local search iterations: 50
----------------------------------------
  Seed 9/10 (seed=50)
Initialized onlyLS solver (GPU local search only). Results will be saved under 'onlyLS'.
Parameters:
  instance_name: ba_524288_1_1.txt
  dataset: barabasi_albert_10ins_m20
  random_seed: 50
  n_random_solutions: 128
  max_local_iterations: 1000
  precision: 32 bits (<class 'numpy.float32'>)
  run_name: onlyLS
--------------------------------------------------
Generating 128 random solutions...
Applying local search to 128 solutions...
Results saved to: results/barabasi_albert_10ins_m20/onlyLS/ba_524288_1_1.csv
Best energy: -123431462.000000
Total time: 3.6828s
Local search iterations: 49
----------------------------------------
  Seed 10/10 (seed=51)
Initialized onlyLS solver (GPU local search only). Results will be saved under 'onlyLS'.
Parameters:
  instance_name: ba_524288_1_1.txt
  dataset: barabasi_albert_10ins_m20
  random_seed: 51
  n_random_solutions: 128
  max_local_iterations: 1000
  precision: 32 bits (<class 'numpy.float32'>)
  run_name: onlyLS
--------------------------------------------------
Generating 128 random solutions...
Applying local search to 128 solutions...
Results saved to: results/barabasi_albert_10ins_m20/onlyLS/ba_524288_1_1.csv
Best energy: -123500902.000000
Total time: 3.2883s
Local search iterations: 42
----------------------------------------
Processing instance: ba_524288_1_2.txt
  Seed 1/10 (seed=42)
Initialized onlyLS solver (GPU local search only). Results will be saved under 'onlyLS'.
Parameters:
  instance_name: ba_524288_1_2.txt
  dataset: barabasi_albert_10ins_m20
  random_seed: 42
  n_random_solutions: 128
  max_local_iterations: 1000
  precision: 32 bits (<class 'numpy.float32'>)
  run_name: onlyLS
--------------------------------------------------
Generating 128 random solutions...
Applying local search to 128 solutions...
Results saved to: results/barabasi_albert_10ins_m20/onlyLS/ba_524288_1_2.csv
Best energy: -123521760.000000
Total time: 3.5079s
Local search iterations: 46
----------------------------------------
  Seed 2/10 (seed=43)
Initialized onlyLS solver (GPU local search only). Results will be saved under 'onlyLS'.
Parameters:
  instance_name: ba_524288_1_2.txt
  dataset: barabasi_albert_10ins_m20
  random_seed: 43
  n_random_solutions: 128
  max_local_iterations: 1000
  precision: 32 bits (<class 'numpy.float32'>)
  run_name: onlyLS
--------------------------------------------------
Generating 128 random solutions...
Applying local search to 128 solutions...
Results saved to: results/barabasi_albert_10ins_m20/onlyLS/ba_524288_1_2.csv
Best energy: -123571398.000000
Total time: 3.2269s
Local search iterations: 41
----------------------------------------
  Seed 3/10 (seed=44)
Initialized onlyLS solver (GPU local search only). Results will be saved under 'onlyLS'.
Parameters:
  instance_name: ba_524288_1_2.txt
  dataset: barabasi_albert_10ins_m20
  random_seed: 44
  n_random_solutions: 128
  max_local_iterations: 1000
  precision: 32 bits (<class 'numpy.float32'>)
  run_name: onlyLS
--------------------------------------------------
Generating 128 random solutions...
Applying local search to 128 solutions...
Results saved to: results/barabasi_albert_10ins_m20/onlyLS/ba_524288_1_2.csv
Best energy: -123545584.000000
Total time: 3.4494s
Local search iterations: 46
----------------------------------------
  Seed 4/10 (seed=45)
Initialized onlyLS solver (GPU local search only). Results will be saved under 'onlyLS'.
Parameters:
  instance_name: ba_524288_1_2.txt
  dataset: barabasi_albert_10ins_m20
  random_seed: 45
  n_random_solutions: 128
  max_local_iterations: 1000
  precision: 32 bits (<class 'numpy.float32'>)
  run_name: onlyLS
--------------------------------------------------
Generating 128 random solutions...
Applying local search to 128 solutions...
Results saved to: results/barabasi_albert_10ins_m20/onlyLS/ba_524288_1_2.csv
Best energy: -123423004.000000
Total time: 3.4884s
Local search iterations: 47
----------------------------------------
  Seed 5/10 (seed=46)
Initialized onlyLS solver (GPU local search only). Results will be saved under 'onlyLS'.
Parameters:
  instance_name: ba_524288_1_2.txt
  dataset: barabasi_albert_10ins_m20
  random_seed: 46
  n_random_solutions: 128
  max_local_iterations: 1000
  precision: 32 bits (<class 'numpy.float32'>)
  run_name: onlyLS
--------------------------------------------------
Generating 128 random solutions...
Applying local search to 128 solutions...
Results saved to: results/barabasi_albert_10ins_m20/onlyLS/ba_524288_1_2.csv
Best energy: -123400432.000000
Total time: 3.3610s
Local search iterations: 44
----------------------------------------
  Seed 6/10 (seed=47)
Initialized onlyLS solver (GPU local search only). Results will be saved under 'onlyLS'.
Parameters:
  instance_name: ba_524288_1_2.txt
  dataset: barabasi_albert_10ins_m20
  random_seed: 47
  n_random_solutions: 128
  max_local_iterations: 1000
  precision: 32 bits (<class 'numpy.float32'>)
  run_name: onlyLS
--------------------------------------------------
Generating 128 random solutions...
Applying local search to 128 solutions...
Results saved to: results/barabasi_albert_10ins_m20/onlyLS/ba_524288_1_2.csv
Best energy: -123489852.000000
Total time: 3.7927s
Local search iterations: 54
----------------------------------------
  Seed 7/10 (seed=48)
Initialized onlyLS solver (GPU local search only). Results will be saved under 'onlyLS'.
Parameters:
  instance_name: ba_524288_1_2.txt
  dataset: barabasi_albert_10ins_m20
  random_seed: 48
  n_random_solutions: 128
  max_local_iterations: 1000
  precision: 32 bits (<class 'numpy.float32'>)
  run_name: onlyLS
--------------------------------------------------
Generating 128 random solutions...
Applying local search to 128 solutions...
Results saved to: results/barabasi_albert_10ins_m20/onlyLS/ba_524288_1_2.csv
Best energy: -123504100.000000
Total time: 3.4598s
Local search iterations: 46
----------------------------------------
  Seed 8/10 (seed=49)
Initialized onlyLS solver (GPU local search only). Results will be saved under 'onlyLS'.
Parameters:
  instance_name: ba_524288_1_2.txt
  dataset: barabasi_albert_10ins_m20
  random_seed: 49
  n_random_solutions: 128
  max_local_iterations: 1000
  precision: 32 bits (<class 'numpy.float32'>)
  run_name: onlyLS
--------------------------------------------------
Generating 128 random solutions...
Applying local search to 128 solutions...
Results saved to: results/barabasi_albert_10ins_m20/onlyLS/ba_524288_1_2.csv
Best energy: -123442042.000000
Total time: 3.7180s
Local search iterations: 52
----------------------------------------
  Seed 9/10 (seed=50)
Initialized onlyLS solver (GPU local search only). Results will be saved under 'onlyLS'.
Parameters:
  instance_name: ba_524288_1_2.txt
  dataset: barabasi_albert_10ins_m20
  random_seed: 50
  n_random_solutions: 128
  max_local_iterations: 1000
  precision: 32 bits (<class 'numpy.float32'>)
  run_name: onlyLS
--------------------------------------------------
Generating 128 random solutions...
Applying local search to 128 solutions...
Results saved to: results/barabasi_albert_10ins_m20/onlyLS/ba_524288_1_2.csv
Best energy: -123488538.000000
Total time: 3.6891s
Local search iterations: 48
----------------------------------------
  Seed 10/10 (seed=51)
Initialized onlyLS solver (GPU local search only). Results will be saved under 'onlyLS'.
Parameters:
  instance_name: ba_524288_1_2.txt
  dataset: barabasi_albert_10ins_m20
  random_seed: 51
  n_random_solutions: 128
  max_local_iterations: 1000
  precision: 32 bits (<class 'numpy.float32'>)
  run_name: onlyLS
--------------------------------------------------
Generating 128 random solutions...
Applying local search to 128 solutions...
Results saved to: results/barabasi_albert_10ins_m20/onlyLS/ba_524288_1_2.csv
Best energy: -123457672.000000
Total time: 3.5068s
Local search iterations: 47
----------------------------------------
Processing instance: ba_524288_1_3.txt
  Seed 1/10 (seed=42)
Initialized onlyLS solver (GPU local search only). Results will be saved under 'onlyLS'.
Parameters:
  instance_name: ba_524288_1_3.txt
  dataset: barabasi_albert_10ins_m20
  random_seed: 42
  n_random_solutions: 128
  max_local_iterations: 1000
  precision: 32 bits (<class 'numpy.float32'>)
  run_name: onlyLS
--------------------------------------------------
Generating 128 random solutions...
Applying local search to 128 solutions...
Results saved to: results/barabasi_albert_10ins_m20/onlyLS/ba_524288_1_3.csv
Best energy: -123421057.000000
Total time: 3.5703s
Local search iterations: 47
----------------------------------------
  Seed 2/10 (seed=43)
Initialized onlyLS solver (GPU local search only). Results will be saved under 'onlyLS'.
Parameters:
  instance_name: ba_524288_1_3.txt
  dataset: barabasi_albert_10ins_m20
  random_seed: 43
  n_random_solutions: 128
  max_local_iterations: 1000
  precision: 32 bits (<class 'numpy.float32'>)
  run_name: onlyLS
--------------------------------------------------
Generating 128 random solutions...
Applying local search to 128 solutions...
Results saved to: results/barabasi_albert_10ins_m20/onlyLS/ba_524288_1_3.csv
Best energy: -123454975.000000
Total time: 3.4587s
Local search iterations: 46
----------------------------------------
  Seed 3/10 (seed=44)
Initialized onlyLS solver (GPU local search only). Results will be saved under 'onlyLS'.
Parameters:
  instance_name: ba_524288_1_3.txt
  dataset: barabasi_albert_10ins_m20
  random_seed: 44
  n_random_solutions: 128
  max_local_iterations: 1000
  precision: 32 bits (<class 'numpy.float32'>)
  run_name: onlyLS
--------------------------------------------------
Generating 128 random solutions...
Applying local search to 128 solutions...
Results saved to: results/barabasi_albert_10ins_m20/onlyLS/ba_524288_1_3.csv
Best energy: -123424707.000000
Total time: 3.8146s
Local search iterations: 54
----------------------------------------
  Seed 4/10 (seed=45)
Initialized onlyLS solver (GPU local search only). Results will be saved under 'onlyLS'.
Parameters:
  instance_name: ba_524288_1_3.txt
  dataset: barabasi_albert_10ins_m20
  random_seed: 45
  n_random_solutions: 128
  max_local_iterations: 1000
  precision: 32 bits (<class 'numpy.float32'>)
  run_name: onlyLS
--------------------------------------------------
Generating 128 random solutions...
Applying local search to 128 solutions...
Results saved to: results/barabasi_albert_10ins_m20/onlyLS/ba_524288_1_3.csv
Best energy: -123439555.000000
Total time: 3.7297s
Local search iterations: 52
----------------------------------------
  Seed 5/10 (seed=46)
Initialized onlyLS solver (GPU local search only). Results will be saved under 'onlyLS'.
Parameters:
  instance_name: ba_524288_1_3.txt
  dataset: barabasi_albert_10ins_m20
  random_seed: 46
  n_random_solutions: 128
  max_local_iterations: 1000
  precision: 32 bits (<class 'numpy.float32'>)
  run_name: onlyLS
--------------------------------------------------
Generating 128 random solutions...
Applying local search to 128 solutions...
Results saved to: results/barabasi_albert_10ins_m20/onlyLS/ba_524288_1_3.csv
Best energy: -123412153.000000
Total time: 3.3796s
Local search iterations: 44
----------------------------------------
  Seed 6/10 (seed=47)
Initialized onlyLS solver (GPU local search only). Results will be saved under 'onlyLS'.
Parameters:
  instance_name: ba_524288_1_3.txt
  dataset: barabasi_albert_10ins_m20
  random_seed: 47
  n_random_solutions: 128
  max_local_iterations: 1000
  precision: 32 bits (<class 'numpy.float32'>)
  run_name: onlyLS
--------------------------------------------------
Generating 128 random solutions...
Applying local search to 128 solutions...
Results saved to: results/barabasi_albert_10ins_m20/onlyLS/ba_524288_1_3.csv
Best energy: -123373277.000000
Total time: 3.5183s
Local search iterations: 47
----------------------------------------
  Seed 7/10 (seed=48)
Initialized onlyLS solver (GPU local search only). Results will be saved under 'onlyLS'.
Parameters:
  instance_name: ba_524288_1_3.txt
  dataset: barabasi_albert_10ins_m20
  random_seed: 48
  n_random_solutions: 128
  max_local_iterations: 1000
  precision: 32 bits (<class 'numpy.float32'>)
  run_name: onlyLS
--------------------------------------------------
Generating 128 random solutions...
Applying local search to 128 solutions...
Results saved to: results/barabasi_albert_10ins_m20/onlyLS/ba_524288_1_3.csv
Best energy: -123391455.000000
Total time: 3.4797s
Local search iterations: 46
----------------------------------------
  Seed 8/10 (seed=49)
Initialized onlyLS solver (GPU local search only). Results will be saved under 'onlyLS'.
Parameters:
  instance_name: ba_524288_1_3.txt
  dataset: barabasi_albert_10ins_m20
  random_seed: 49
  n_random_solutions: 128
  max_local_iterations: 1000
  precision: 32 bits (<class 'numpy.float32'>)
  run_name: onlyLS
--------------------------------------------------
Generating 128 random solutions...
Applying local search to 128 solutions...
Results saved to: results/barabasi_albert_10ins_m20/onlyLS/ba_524288_1_3.csv
Best energy: -123433101.000000
Total time: 3.5703s
Local search iterations: 48
----------------------------------------
  Seed 9/10 (seed=50)
Initialized onlyLS solver (GPU local search only). Results will be saved under 'onlyLS'.
Parameters:
  instance_name: ba_524288_1_3.txt
  dataset: barabasi_albert_10ins_m20
  random_seed: 50
  n_random_solutions: 128
  max_local_iterations: 1000
  precision: 32 bits (<class 'numpy.float32'>)
  run_name: onlyLS
--------------------------------------------------
Generating 128 random solutions...
Applying local search to 128 solutions...
Results saved to: results/barabasi_albert_10ins_m20/onlyLS/ba_524288_1_3.csv
Best energy: -123489183.000000
Total time: 3.6561s
Local search iterations: 50
----------------------------------------
  Seed 10/10 (seed=51)
Initialized onlyLS solver (GPU local search only). Results will be saved under 'onlyLS'.
Parameters:
  instance_name: ba_524288_1_3.txt
  dataset: barabasi_albert_10ins_m20
  random_seed: 51
  n_random_solutions: 128
  max_local_iterations: 1000
  precision: 32 bits (<class 'numpy.float32'>)
  run_name: onlyLS
--------------------------------------------------
Generating 128 random solutions...
Applying local search to 128 solutions...
Results saved to: results/barabasi_albert_10ins_m20/onlyLS/ba_524288_1_3.csv
Best energy: -123493199.000000
Total time: 3.4400s
Local search iterations: 45
----------------------------------------
Processing instance: ba_524288_1_4.txt
  Seed 1/10 (seed=42)
Initialized onlyLS solver (GPU local search only). Results will be saved under 'onlyLS'.
Parameters:
  instance_name: ba_524288_1_4.txt
  dataset: barabasi_albert_10ins_m20
  random_seed: 42
  n_random_solutions: 128
  max_local_iterations: 1000
  precision: 32 bits (<class 'numpy.float32'>)
  run_name: onlyLS
--------------------------------------------------
Generating 128 random solutions...
Applying local search to 128 solutions...
Results saved to: results/barabasi_albert_10ins_m20/onlyLS/ba_524288_1_4.csv
Best energy: -123423481.000000
Total time: 3.3858s
Local search iterations: 43
----------------------------------------
  Seed 2/10 (seed=43)
Initialized onlyLS solver (GPU local search only). Results will be saved under 'onlyLS'.
Parameters:
  instance_name: ba_524288_1_4.txt
  dataset: barabasi_albert_10ins_m20
  random_seed: 43
  n_random_solutions: 128
  max_local_iterations: 1000
  precision: 32 bits (<class 'numpy.float32'>)
  run_name: onlyLS
--------------------------------------------------
Generating 128 random solutions...
Applying local search to 128 solutions...
Results saved to: results/barabasi_albert_10ins_m20/onlyLS/ba_524288_1_4.csv
Best energy: -123461415.000000
Total time: 3.6285s
Local search iterations: 50
----------------------------------------
  Seed 3/10 (seed=44)
Initialized onlyLS solver (GPU local search only). Results will be saved under 'onlyLS'.
Parameters:
  instance_name: ba_524288_1_4.txt
  dataset: barabasi_albert_10ins_m20
  random_seed: 44
  n_random_solutions: 128
  max_local_iterations: 1000
  precision: 32 bits (<class 'numpy.float32'>)
  run_name: onlyLS
--------------------------------------------------
Generating 128 random solutions...
Applying local search to 128 solutions...
Results saved to: results/barabasi_albert_10ins_m20/onlyLS/ba_524288_1_4.csv
Best energy: -123505407.000000
Total time: 4.0680s
Local search iterations: 60
----------------------------------------
  Seed 4/10 (seed=45)
Initialized onlyLS solver (GPU local search only). Results will be saved under 'onlyLS'.
Parameters:
  instance_name: ba_524288_1_4.txt
  dataset: barabasi_albert_10ins_m20
  random_seed: 45
  n_random_solutions: 128
  max_local_iterations: 1000
  precision: 32 bits (<class 'numpy.float32'>)
  run_name: onlyLS
--------------------------------------------------
Generating 128 random solutions...
Applying local search to 128 solutions...
Results saved to: results/barabasi_albert_10ins_m20/onlyLS/ba_524288_1_4.csv
Best energy: -123683701.000000
Total time: 3.3817s
Local search iterations: 44
----------------------------------------
  Seed 5/10 (seed=46)
Initialized onlyLS solver (GPU local search only). Results will be saved under 'onlyLS'.
Parameters:
  instance_name: ba_524288_1_4.txt
  dataset: barabasi_albert_10ins_m20
  random_seed: 46
  n_random_solutions: 128
  max_local_iterations: 1000
  precision: 32 bits (<class 'numpy.float32'>)
  run_name: onlyLS
--------------------------------------------------
Generating 128 random solutions...
Applying local search to 128 solutions...
Results saved to: results/barabasi_albert_10ins_m20/onlyLS/ba_524288_1_4.csv
Best energy: -123461657.000000
Total time: 3.8490s
Local search iterations: 55
----------------------------------------
  Seed 6/10 (seed=47)
Initialized onlyLS solver (GPU local search only). Results will be saved under 'onlyLS'.
Parameters:
  instance_name: ba_524288_1_4.txt
  dataset: barabasi_albert_10ins_m20
  random_seed: 47
  n_random_solutions: 128
  max_local_iterations: 1000
  precision: 32 bits (<class 'numpy.float32'>)
  run_name: onlyLS
--------------------------------------------------
Generating 128 random solutions...
Applying local search to 128 solutions...
Results saved to: results/barabasi_albert_10ins_m20/onlyLS/ba_524288_1_4.csv
Best energy: -123492349.000000
Total time: 3.4289s
Local search iterations: 45
----------------------------------------
  Seed 7/10 (seed=48)
Initialized onlyLS solver (GPU local search only). Results will be saved under 'onlyLS'.
Parameters:
  instance_name: ba_524288_1_4.txt
  dataset: barabasi_albert_10ins_m20
  random_seed: 48
  n_random_solutions: 128
  max_local_iterations: 1000
  precision: 32 bits (<class 'numpy.float32'>)
  run_name: onlyLS
--------------------------------------------------
Generating 128 random solutions...
Applying local search to 128 solutions...
Results saved to: results/barabasi_albert_10ins_m20/onlyLS/ba_524288_1_4.csv
Best energy: -123510141.000000
Total time: 3.3887s
Local search iterations: 44
----------------------------------------
  Seed 8/10 (seed=49)
Initialized onlyLS solver (GPU local search only). Results will be saved under 'onlyLS'.
Parameters:
  instance_name: ba_524288_1_4.txt
  dataset: barabasi_albert_10ins_m20
  random_seed: 49
  n_random_solutions: 128
  max_local_iterations: 1000
  precision: 32 bits (<class 'numpy.float32'>)
  run_name: onlyLS
--------------------------------------------------
Generating 128 random solutions...
Applying local search to 128 solutions...
Results saved to: results/barabasi_albert_10ins_m20/onlyLS/ba_524288_1_4.csv
Best energy: -123435179.000000
Total time: 3.4782s
Local search iterations: 46
----------------------------------------
  Seed 9/10 (seed=50)
Initialized onlyLS solver (GPU local search only). Results will be saved under 'onlyLS'.
Parameters:
  instance_name: ba_524288_1_4.txt
  dataset: barabasi_albert_10ins_m20
  random_seed: 50
  n_random_solutions: 128
  max_local_iterations: 1000
  precision: 32 bits (<class 'numpy.float32'>)
  run_name: onlyLS
--------------------------------------------------
Generating 128 random solutions...
Applying local search to 128 solutions...
Results saved to: results/barabasi_albert_10ins_m20/onlyLS/ba_524288_1_4.csv
Best energy: -123511673.000000
Total time: 3.6482s
Local search iterations: 50
----------------------------------------
  Seed 10/10 (seed=51)
Initialized onlyLS solver (GPU local search only). Results will be saved under 'onlyLS'.
Parameters:
  instance_name: ba_524288_1_4.txt
  dataset: barabasi_albert_10ins_m20
  random_seed: 51
  n_random_solutions: 128
  max_local_iterations: 1000
  precision: 32 bits (<class 'numpy.float32'>)
  run_name: onlyLS
--------------------------------------------------
Generating 128 random solutions...
Applying local search to 128 solutions...
Results saved to: results/barabasi_albert_10ins_m20/onlyLS/ba_524288_1_4.csv
Best energy: -123480897.000000
Total time: 4.0438s
Local search iterations: 47
----------------------------------------
Processing instance: ba_524288_1_5.txt
  Seed 1/10 (seed=42)
Initialized onlyLS solver (GPU local search only). Results will be saved under 'onlyLS'.
Parameters:
  instance_name: ba_524288_1_5.txt
  dataset: barabasi_albert_10ins_m20
  random_seed: 42
  n_random_solutions: 128
  max_local_iterations: 1000
  precision: 32 bits (<class 'numpy.float32'>)
  run_name: onlyLS
--------------------------------------------------
Generating 128 random solutions...
Applying local search to 128 solutions...
Results saved to: results/barabasi_albert_10ins_m20/onlyLS/ba_524288_1_5.csv
Best energy: -123375885.000000
Total time: 3.4231s
Local search iterations: 39
----------------------------------------
  Seed 2/10 (seed=43)
Initialized onlyLS solver (GPU local search only). Results will be saved under 'onlyLS'.
Parameters:
  instance_name: ba_524288_1_5.txt
  dataset: barabasi_albert_10ins_m20
  random_seed: 43
  n_random_solutions: 128
  max_local_iterations: 1000
  precision: 32 bits (<class 'numpy.float32'>)
  run_name: onlyLS
--------------------------------------------------
Generating 128 random solutions...
Applying local search to 128 solutions...
Results saved to: results/barabasi_albert_10ins_m20/onlyLS/ba_524288_1_5.csv
Best energy: -123488195.000000
Total time: 3.6247s
Local search iterations: 50
----------------------------------------
  Seed 3/10 (seed=44)
Initialized onlyLS solver (GPU local search only). Results will be saved under 'onlyLS'.
Parameters:
  instance_name: ba_524288_1_5.txt
  dataset: barabasi_albert_10ins_m20
  random_seed: 44
  n_random_solutions: 128
  max_local_iterations: 1000
  precision: 32 bits (<class 'numpy.float32'>)
  run_name: onlyLS
--------------------------------------------------
Generating 128 random solutions...
Applying local search to 128 solutions...
Results saved to: results/barabasi_albert_10ins_m20/onlyLS/ba_524288_1_5.csv
Best energy: -123367819.000000
Total time: 3.5873s
Local search iterations: 49
----------------------------------------
  Seed 4/10 (seed=45)
Initialized onlyLS solver (GPU local search only). Results will be saved under 'onlyLS'.
Parameters:
  instance_name: ba_524288_1_5.txt
  dataset: barabasi_albert_10ins_m20
  random_seed: 45
  n_random_solutions: 128
  max_local_iterations: 1000
  precision: 32 bits (<class 'numpy.float32'>)
  run_name: onlyLS
--------------------------------------------------
Generating 128 random solutions...
Applying local search to 128 solutions...
Results saved to: results/barabasi_albert_10ins_m20/onlyLS/ba_524288_1_5.csv
Best energy: -123428293.000000
Total time: 3.6728s
Local search iterations: 51
----------------------------------------
  Seed 5/10 (seed=46)
Initialized onlyLS solver (GPU local search only). Results will be saved under 'onlyLS'.
Parameters:
  instance_name: ba_524288_1_5.txt
  dataset: barabasi_albert_10ins_m20
  random_seed: 46
  n_random_solutions: 128
  max_local_iterations: 1000
  precision: 32 bits (<class 'numpy.float32'>)
  run_name: onlyLS
--------------------------------------------------
Generating 128 random solutions...
Applying local search to 128 solutions...
Results saved to: results/barabasi_albert_10ins_m20/onlyLS/ba_524288_1_5.csv
Best energy: -123349967.000000
Total time: 3.8809s
Local search iterations: 56
----------------------------------------
  Seed 6/10 (seed=47)
Initialized onlyLS solver (GPU local search only). Results will be saved under 'onlyLS'.
Parameters:
  instance_name: ba_524288_1_5.txt
  dataset: barabasi_albert_10ins_m20
  random_seed: 47
  n_random_solutions: 128
  max_local_iterations: 1000
  precision: 32 bits (<class 'numpy.float32'>)
  run_name: onlyLS
--------------------------------------------------
Generating 128 random solutions...
Applying local search to 128 solutions...
Results saved to: results/barabasi_albert_10ins_m20/onlyLS/ba_524288_1_5.csv
Best energy: -123405411.000000
Total time: 3.2476s
Local search iterations: 41
----------------------------------------
  Seed 7/10 (seed=48)
Initialized onlyLS solver (GPU local search only). Results will be saved under 'onlyLS'.
Parameters:
  instance_name: ba_524288_1_5.txt
  dataset: barabasi_albert_10ins_m20
  random_seed: 48
  n_random_solutions: 128
  max_local_iterations: 1000
  precision: 32 bits (<class 'numpy.float32'>)
  run_name: onlyLS
--------------------------------------------------
Generating 128 random solutions...
Applying local search to 128 solutions...
Results saved to: results/barabasi_albert_10ins_m20/onlyLS/ba_524288_1_5.csv
Best energy: -123381981.000000
Total time: 3.5098s
Local search iterations: 47
----------------------------------------
  Seed 8/10 (seed=49)
Initialized onlyLS solver (GPU local search only). Results will be saved under 'onlyLS'.
Parameters:
  instance_name: ba_524288_1_5.txt
  dataset: barabasi_albert_10ins_m20
  random_seed: 49
  n_random_solutions: 128
  max_local_iterations: 1000
  precision: 32 bits (<class 'numpy.float32'>)
  run_name: onlyLS
--------------------------------------------------
Generating 128 random solutions...
Applying local search to 128 solutions...
Results saved to: results/barabasi_albert_10ins_m20/onlyLS/ba_524288_1_5.csv
Best energy: -123372147.000000
Total time: 3.4712s
Local search iterations: 46
----------------------------------------
  Seed 9/10 (seed=50)
Initialized onlyLS solver (GPU local search only). Results will be saved under 'onlyLS'.
Parameters:
  instance_name: ba_524288_1_5.txt
  dataset: barabasi_albert_10ins_m20
  random_seed: 50
  n_random_solutions: 128
  max_local_iterations: 1000
  precision: 32 bits (<class 'numpy.float32'>)
  run_name: onlyLS
--------------------------------------------------
Generating 128 random solutions...
Applying local search to 128 solutions...
Results saved to: results/barabasi_albert_10ins_m20/onlyLS/ba_524288_1_5.csv
Best energy: -123434505.000000
Total time: 3.4748s
Local search iterations: 46
----------------------------------------
  Seed 10/10 (seed=51)
Initialized onlyLS solver (GPU local search only). Results will be saved under 'onlyLS'.
Parameters:
  instance_name: ba_524288_1_5.txt
  dataset: barabasi_albert_10ins_m20
  random_seed: 51
  n_random_solutions: 128
  max_local_iterations: 1000
  precision: 32 bits (<class 'numpy.float32'>)
  run_name: onlyLS
--------------------------------------------------
Generating 128 random solutions...
Applying local search to 128 solutions...
Results saved to: results/barabasi_albert_10ins_m20/onlyLS/ba_524288_1_5.csv
Best energy: -123581653.000000
Total time: 3.5317s
Local search iterations: 43
----------------------------------------
Processing instance: ba_524288_1_6.txt
  Seed 1/10 (seed=42)
Initialized onlyLS solver (GPU local search only). Results will be saved under 'onlyLS'.
Parameters:
  instance_name: ba_524288_1_6.txt
  dataset: barabasi_albert_10ins_m20
  random_seed: 42
  n_random_solutions: 128
  max_local_iterations: 1000
  precision: 32 bits (<class 'numpy.float32'>)
  run_name: onlyLS
--------------------------------------------------
Generating 128 random solutions...
Applying local search to 128 solutions...
Results saved to: results/barabasi_albert_10ins_m20/onlyLS/ba_524288_1_6.csv
Best energy: -123482179.000000
Total time: 3.6928s
Local search iterations: 50
----------------------------------------
  Seed 2/10 (seed=43)
Initialized onlyLS solver (GPU local search only). Results will be saved under 'onlyLS'.
Parameters:
  instance_name: ba_524288_1_6.txt
  dataset: barabasi_albert_10ins_m20
  random_seed: 43
  n_random_solutions: 128
  max_local_iterations: 1000
  precision: 32 bits (<class 'numpy.float32'>)
  run_name: onlyLS
--------------------------------------------------
Generating 128 random solutions...
Applying local search to 128 solutions...
Results saved to: results/barabasi_albert_10ins_m20/onlyLS/ba_524288_1_6.csv
Best energy: -123474169.000000
Total time: 3.2783s
Local search iterations: 42
----------------------------------------
  Seed 3/10 (seed=44)
Initialized onlyLS solver (GPU local search only). Results will be saved under 'onlyLS'.
Parameters:
  instance_name: ba_524288_1_6.txt
  dataset: barabasi_albert_10ins_m20
  random_seed: 44
  n_random_solutions: 128
  max_local_iterations: 1000
  precision: 32 bits (<class 'numpy.float32'>)
  run_name: onlyLS
--------------------------------------------------
Generating 128 random solutions...
Applying local search to 128 solutions...
Results saved to: results/barabasi_albert_10ins_m20/onlyLS/ba_524288_1_6.csv
Best energy: -123451097.000000
Total time: 3.5957s
Local search iterations: 47
----------------------------------------
  Seed 4/10 (seed=45)
Initialized onlyLS solver (GPU local search only). Results will be saved under 'onlyLS'.
Parameters:
  instance_name: ba_524288_1_6.txt
  dataset: barabasi_albert_10ins_m20
  random_seed: 45
  n_random_solutions: 128
  max_local_iterations: 1000
  precision: 32 bits (<class 'numpy.float32'>)
  run_name: onlyLS
--------------------------------------------------
Generating 128 random solutions...
Applying local search to 128 solutions...
Results saved to: results/barabasi_albert_10ins_m20/onlyLS/ba_524288_1_6.csv
Best energy: -123373761.000000
Total time: 3.6738s
Local search iterations: 51
----------------------------------------
  Seed 5/10 (seed=46)
Initialized onlyLS solver (GPU local search only). Results will be saved under 'onlyLS'.
Parameters:
  instance_name: ba_524288_1_6.txt
  dataset: barabasi_albert_10ins_m20
  random_seed: 46
  n_random_solutions: 128
  max_local_iterations: 1000
  precision: 32 bits (<class 'numpy.float32'>)
  run_name: onlyLS
--------------------------------------------------
Generating 128 random solutions...
Applying local search to 128 solutions...
Results saved to: results/barabasi_albert_10ins_m20/onlyLS/ba_524288_1_6.csv
Best energy: -123341873.000000
Total time: 3.5476s
Local search iterations: 48
----------------------------------------
  Seed 6/10 (seed=47)
Initialized onlyLS solver (GPU local search only). Results will be saved under 'onlyLS'.
Parameters:
  instance_name: ba_524288_1_6.txt
  dataset: barabasi_albert_10ins_m20
  random_seed: 47
  n_random_solutions: 128
  max_local_iterations: 1000
  precision: 32 bits (<class 'numpy.float32'>)
  run_name: onlyLS
--------------------------------------------------
Generating 128 random solutions...
Applying local search to 128 solutions...
Results saved to: results/barabasi_albert_10ins_m20/onlyLS/ba_524288_1_6.csv
Best energy: -123389213.000000
Total time: 3.7346s
Local search iterations: 52
----------------------------------------
  Seed 7/10 (seed=48)
Initialized onlyLS solver (GPU local search only). Results will be saved under 'onlyLS'.
Parameters:
  instance_name: ba_524288_1_6.txt
  dataset: barabasi_albert_10ins_m20
  random_seed: 48
  n_random_solutions: 128
  max_local_iterations: 1000
  precision: 32 bits (<class 'numpy.float32'>)
  run_name: onlyLS
--------------------------------------------------
Generating 128 random solutions...
Applying local search to 128 solutions...
Results saved to: results/barabasi_albert_10ins_m20/onlyLS/ba_524288_1_6.csv
Best energy: -123374617.000000
Total time: 3.7388s
Local search iterations: 52
----------------------------------------
  Seed 8/10 (seed=49)
Initialized onlyLS solver (GPU local search only). Results will be saved under 'onlyLS'.
Parameters:
  instance_name: ba_524288_1_6.txt
  dataset: barabasi_albert_10ins_m20
  random_seed: 49
  n_random_solutions: 128
  max_local_iterations: 1000
  precision: 32 bits (<class 'numpy.float32'>)
  run_name: onlyLS
--------------------------------------------------
Generating 128 random solutions...
Applying local search to 128 solutions...
Results saved to: results/barabasi_albert_10ins_m20/onlyLS/ba_524288_1_6.csv
Best energy: -123371639.000000
Total time: 3.5712s
Local search iterations: 48
----------------------------------------
  Seed 9/10 (seed=50)
Initialized onlyLS solver (GPU local search only). Results will be saved under 'onlyLS'.
Parameters:
  instance_name: ba_524288_1_6.txt
  dataset: barabasi_albert_10ins_m20
  random_seed: 50
  n_random_solutions: 128
  max_local_iterations: 1000
  precision: 32 bits (<class 'numpy.float32'>)
  run_name: onlyLS
--------------------------------------------------
Generating 128 random solutions...
Applying local search to 128 solutions...
Results saved to: results/barabasi_albert_10ins_m20/onlyLS/ba_524288_1_6.csv
Best energy: -123378181.000000
Total time: 3.3128s
Local search iterations: 42
----------------------------------------
  Seed 10/10 (seed=51)
Initialized onlyLS solver (GPU local search only). Results will be saved under 'onlyLS'.
Parameters:
  instance_name: ba_524288_1_6.txt
  dataset: barabasi_albert_10ins_m20
  random_seed: 51
  n_random_solutions: 128
  max_local_iterations: 1000
  precision: 32 bits (<class 'numpy.float32'>)
  run_name: onlyLS
--------------------------------------------------
Generating 128 random solutions...
Applying local search to 128 solutions...
Results saved to: results/barabasi_albert_10ins_m20/onlyLS/ba_524288_1_6.csv
Best energy: -123378027.000000
Total time: 3.2642s
Local search iterations: 40
----------------------------------------
Processing instance: ba_524288_1_7.txt
  Seed 1/10 (seed=42)
Initialized onlyLS solver (GPU local search only). Results will be saved under 'onlyLS'.
Parameters:
  instance_name: ba_524288_1_7.txt
  dataset: barabasi_albert_10ins_m20
  random_seed: 42
  n_random_solutions: 128
  max_local_iterations: 1000
  precision: 32 bits (<class 'numpy.float32'>)
  run_name: onlyLS
--------------------------------------------------
Generating 128 random solutions...
Applying local search to 128 solutions...
Results saved to: results/barabasi_albert_10ins_m20/onlyLS/ba_524288_1_7.csv
Best energy: -123385077.000000
Total time: 3.4963s
Local search iterations: 45
----------------------------------------
  Seed 2/10 (seed=43)
Initialized onlyLS solver (GPU local search only). Results will be saved under 'onlyLS'.
Parameters:
  instance_name: ba_524288_1_7.txt
  dataset: barabasi_albert_10ins_m20
  random_seed: 43
  n_random_solutions: 128
  max_local_iterations: 1000
  precision: 32 bits (<class 'numpy.float32'>)
  run_name: onlyLS
--------------------------------------------------
Generating 128 random solutions...
Applying local search to 128 solutions...
Results saved to: results/barabasi_albert_10ins_m20/onlyLS/ba_524288_1_7.csv
Best energy: -123410019.000000
Total time: 3.5135s
Local search iterations: 47
----------------------------------------
  Seed 3/10 (seed=44)
Initialized onlyLS solver (GPU local search only). Results will be saved under 'onlyLS'.
Parameters:
  instance_name: ba_524288_1_7.txt
  dataset: barabasi_albert_10ins_m20
  random_seed: 44
  n_random_solutions: 128
  max_local_iterations: 1000
  precision: 32 bits (<class 'numpy.float32'>)
  run_name: onlyLS
--------------------------------------------------
Generating 128 random solutions...
Applying local search to 128 solutions...
Results saved to: results/barabasi_albert_10ins_m20/onlyLS/ba_524288_1_7.csv
Best energy: -123607231.000000
Total time: 3.4759s
Local search iterations: 46
----------------------------------------
  Seed 4/10 (seed=45)
Initialized onlyLS solver (GPU local search only). Results will be saved under 'onlyLS'.
Parameters:
  instance_name: ba_524288_1_7.txt
  dataset: barabasi_albert_10ins_m20
  random_seed: 45
  n_random_solutions: 128
  max_local_iterations: 1000
  precision: 32 bits (<class 'numpy.float32'>)
  run_name: onlyLS
--------------------------------------------------
Generating 128 random solutions...
Applying local search to 128 solutions...
Results saved to: results/barabasi_albert_10ins_m20/onlyLS/ba_524288_1_7.csv
Best energy: -123448143.000000
Total time: 3.4337s
Local search iterations: 45
----------------------------------------
  Seed 5/10 (seed=46)
Initialized onlyLS solver (GPU local search only). Results will be saved under 'onlyLS'.
Parameters:
  instance_name: ba_524288_1_7.txt
  dataset: barabasi_albert_10ins_m20
  random_seed: 46
  n_random_solutions: 128
  max_local_iterations: 1000
  precision: 32 bits (<class 'numpy.float32'>)
  run_name: onlyLS
--------------------------------------------------
Generating 128 random solutions...
Applying local search to 128 solutions...
Results saved to: results/barabasi_albert_10ins_m20/onlyLS/ba_524288_1_7.csv
Best energy: -123436745.000000
Total time: 3.5643s
Local search iterations: 48
----------------------------------------
  Seed 6/10 (seed=47)
Initialized onlyLS solver (GPU local search only). Results will be saved under 'onlyLS'.
Parameters:
  instance_name: ba_524288_1_7.txt
  dataset: barabasi_albert_10ins_m20
  random_seed: 47
  n_random_solutions: 128
  max_local_iterations: 1000
  precision: 32 bits (<class 'numpy.float32'>)
  run_name: onlyLS
--------------------------------------------------
Generating 128 random solutions...
Applying local search to 128 solutions...
Results saved to: results/barabasi_albert_10ins_m20/onlyLS/ba_524288_1_7.csv
Best energy: -123424825.000000
Total time: 3.9631s
Local search iterations: 57
----------------------------------------
  Seed 7/10 (seed=48)
Initialized onlyLS solver (GPU local search only). Results will be saved under 'onlyLS'.
Parameters:
  instance_name: ba_524288_1_7.txt
  dataset: barabasi_albert_10ins_m20
  random_seed: 48
  n_random_solutions: 128
  max_local_iterations: 1000
  precision: 32 bits (<class 'numpy.float32'>)
  run_name: onlyLS
--------------------------------------------------
Generating 128 random solutions...
Applying local search to 128 solutions...
Results saved to: results/barabasi_albert_10ins_m20/onlyLS/ba_524288_1_7.csv
Best energy: -123464487.000000
Total time: 3.4089s
Local search iterations: 44
----------------------------------------
  Seed 8/10 (seed=49)
Initialized onlyLS solver (GPU local search only). Results will be saved under 'onlyLS'.
Parameters:
  instance_name: ba_524288_1_7.txt
  dataset: barabasi_albert_10ins_m20
  random_seed: 49
  n_random_solutions: 128
  max_local_iterations: 1000
  precision: 32 bits (<class 'numpy.float32'>)
  run_name: onlyLS
--------------------------------------------------
Generating 128 random solutions...
Applying local search to 128 solutions...
Results saved to: results/barabasi_albert_10ins_m20/onlyLS/ba_524288_1_7.csv
Best energy: -123438771.000000
Total time: 3.6294s
Local search iterations: 49
----------------------------------------
  Seed 9/10 (seed=50)
Initialized onlyLS solver (GPU local search only). Results will be saved under 'onlyLS'.
Parameters:
  instance_name: ba_524288_1_7.txt
  dataset: barabasi_albert_10ins_m20
  random_seed: 50
  n_random_solutions: 128
  max_local_iterations: 1000
  precision: 32 bits (<class 'numpy.float32'>)
  run_name: onlyLS
--------------------------------------------------
Generating 128 random solutions...
Applying local search to 128 solutions...
Results saved to: results/barabasi_albert_10ins_m20/onlyLS/ba_524288_1_7.csv
Best energy: -123455441.000000
Total time: 3.8828s
Local search iterations: 55
----------------------------------------
  Seed 10/10 (seed=51)
Initialized onlyLS solver (GPU local search only). Results will be saved under 'onlyLS'.
Parameters:
  instance_name: ba_524288_1_7.txt
  dataset: barabasi_albert_10ins_m20
  random_seed: 51
  n_random_solutions: 128
  max_local_iterations: 1000
  precision: 32 bits (<class 'numpy.float32'>)
  run_name: onlyLS
--------------------------------------------------
Generating 128 random solutions...
Applying local search to 128 solutions...
Results saved to: results/barabasi_albert_10ins_m20/onlyLS/ba_524288_1_7.csv
Best energy: -123402391.000000
Total time: 3.7964s
Local search iterations: 53
----------------------------------------
Processing instance: ba_524288_1_8.txt
  Seed 1/10 (seed=42)
Initialized onlyLS solver (GPU local search only). Results will be saved under 'onlyLS'.
Parameters:
  instance_name: ba_524288_1_8.txt
  dataset: barabasi_albert_10ins_m20
  random_seed: 42
  n_random_solutions: 128
  max_local_iterations: 1000
  precision: 32 bits (<class 'numpy.float32'>)
  run_name: onlyLS
--------------------------------------------------
Generating 128 random solutions...
Applying local search to 128 solutions...
Results saved to: results/barabasi_albert_10ins_m20/onlyLS/ba_524288_1_8.csv
Best energy: -123541162.000000
Total time: 3.5598s
Local search iterations: 46
----------------------------------------
  Seed 2/10 (seed=43)
Initialized onlyLS solver (GPU local search only). Results will be saved under 'onlyLS'.
Parameters:
  instance_name: ba_524288_1_8.txt
  dataset: barabasi_albert_10ins_m20
  random_seed: 43
  n_random_solutions: 128
  max_local_iterations: 1000
  precision: 32 bits (<class 'numpy.float32'>)
  run_name: onlyLS
--------------------------------------------------
Generating 128 random solutions...
Applying local search to 128 solutions...
Results saved to: results/barabasi_albert_10ins_m20/onlyLS/ba_524288_1_8.csv
Best energy: -123549720.000000
Total time: 3.6591s
Local search iterations: 47
----------------------------------------
  Seed 3/10 (seed=44)
Initialized onlyLS solver (GPU local search only). Results will be saved under 'onlyLS'.
Parameters:
  instance_name: ba_524288_1_8.txt
  dataset: barabasi_albert_10ins_m20
  random_seed: 44
  n_random_solutions: 128
  max_local_iterations: 1000
  precision: 32 bits (<class 'numpy.float32'>)
  run_name: onlyLS
--------------------------------------------------
Generating 128 random solutions...
Applying local search to 128 solutions...
Results saved to: results/barabasi_albert_10ins_m20/onlyLS/ba_524288_1_8.csv
Best energy: -123522736.000000
Total time: 3.7712s
Local search iterations: 45
----------------------------------------
  Seed 4/10 (seed=45)
Initialized onlyLS solver (GPU local search only). Results will be saved under 'onlyLS'.
Parameters:
  instance_name: ba_524288_1_8.txt
  dataset: barabasi_albert_10ins_m20
  random_seed: 45
  n_random_solutions: 128
  max_local_iterations: 1000
  precision: 32 bits (<class 'numpy.float32'>)
  run_name: onlyLS
--------------------------------------------------
Generating 128 random solutions...
Applying local search to 128 solutions...
Results saved to: results/barabasi_albert_10ins_m20/onlyLS/ba_524288_1_8.csv
Best energy: -123409150.000000
Total time: 3.5675s
Local search iterations: 48
----------------------------------------
  Seed 5/10 (seed=46)
Initialized onlyLS solver (GPU local search only). Results will be saved under 'onlyLS'.
Parameters:
  instance_name: ba_524288_1_8.txt
  dataset: barabasi_albert_10ins_m20
  random_seed: 46
  n_random_solutions: 128
  max_local_iterations: 1000
  precision: 32 bits (<class 'numpy.float32'>)
  run_name: onlyLS
--------------------------------------------------
Generating 128 random solutions...
Applying local search to 128 solutions...
Results saved to: results/barabasi_albert_10ins_m20/onlyLS/ba_524288_1_8.csv
Best energy: -123367036.000000
Total time: 4.0461s
Local search iterations: 59
----------------------------------------
  Seed 6/10 (seed=47)
Initialized onlyLS solver (GPU local search only). Results will be saved under 'onlyLS'.
Parameters:
  instance_name: ba_524288_1_8.txt
  dataset: barabasi_albert_10ins_m20
  random_seed: 47
  n_random_solutions: 128
  max_local_iterations: 1000
  precision: 32 bits (<class 'numpy.float32'>)
  run_name: onlyLS
--------------------------------------------------
Generating 128 random solutions...
Applying local search to 128 solutions...
Results saved to: results/barabasi_albert_10ins_m20/onlyLS/ba_524288_1_8.csv
Best energy: -123482996.000000
Total time: 3.4952s
Local search iterations: 46
----------------------------------------
  Seed 7/10 (seed=48)
Initialized onlyLS solver (GPU local search only). Results will be saved under 'onlyLS'.
Parameters:
  instance_name: ba_524288_1_8.txt
  dataset: barabasi_albert_10ins_m20
  random_seed: 48
  n_random_solutions: 128
  max_local_iterations: 1000
  precision: 32 bits (<class 'numpy.float32'>)
  run_name: onlyLS
--------------------------------------------------
Generating 128 random solutions...
Applying local search to 128 solutions...
Results saved to: results/barabasi_albert_10ins_m20/onlyLS/ba_524288_1_8.csv
Best energy: -123431758.000000
Total time: 3.4514s
Local search iterations: 45
----------------------------------------
  Seed 8/10 (seed=49)
Initialized onlyLS solver (GPU local search only). Results will be saved under 'onlyLS'.
Parameters:
  instance_name: ba_524288_1_8.txt
  dataset: barabasi_albert_10ins_m20
  random_seed: 49
  n_random_solutions: 128
  max_local_iterations: 1000
  precision: 32 bits (<class 'numpy.float32'>)
  run_name: onlyLS
--------------------------------------------------
Generating 128 random solutions...
Applying local search to 128 solutions...
Results saved to: results/barabasi_albert_10ins_m20/onlyLS/ba_524288_1_8.csv
Best energy: -123482638.000000
Total time: 3.5858s
Local search iterations: 48
----------------------------------------
  Seed 9/10 (seed=50)
Initialized onlyLS solver (GPU local search only). Results will be saved under 'onlyLS'.
Parameters:
  instance_name: ba_524288_1_8.txt
  dataset: barabasi_albert_10ins_m20
  random_seed: 50
  n_random_solutions: 128
  max_local_iterations: 1000
  precision: 32 bits (<class 'numpy.float32'>)
  run_name: onlyLS
--------------------------------------------------
Generating 128 random solutions...
Applying local search to 128 solutions...
Results saved to: results/barabasi_albert_10ins_m20/onlyLS/ba_524288_1_8.csv
Best energy: -123383202.000000
Total time: 4.0619s
Local search iterations: 59
----------------------------------------
  Seed 10/10 (seed=51)
Initialized onlyLS solver (GPU local search only). Results will be saved under 'onlyLS'.
Parameters:
  instance_name: ba_524288_1_8.txt
  dataset: barabasi_albert_10ins_m20
  random_seed: 51
  n_random_solutions: 128
  max_local_iterations: 1000
  precision: 32 bits (<class 'numpy.float32'>)
  run_name: onlyLS
--------------------------------------------------
Generating 128 random solutions...
Applying local search to 128 solutions...
Results saved to: results/barabasi_albert_10ins_m20/onlyLS/ba_524288_1_8.csv
Best energy: -123443350.000000
Total time: 3.3643s
Local search iterations: 43
----------------------------------------
Processing instance: ba_524288_1_9.txt
  Seed 1/10 (seed=42)
Initialized onlyLS solver (GPU local search only). Results will be saved under 'onlyLS'.
Parameters:
  instance_name: ba_524288_1_9.txt
  dataset: barabasi_albert_10ins_m20
  random_seed: 42
  n_random_solutions: 128
  max_local_iterations: 1000
  precision: 32 bits (<class 'numpy.float32'>)
  run_name: onlyLS
--------------------------------------------------
Generating 128 random solutions...
Applying local search to 128 solutions...
Results saved to: results/barabasi_albert_10ins_m20/onlyLS/ba_524288_1_9.csv
Best energy: -123491937.000000
Total time: 3.8229s
Local search iterations: 50
----------------------------------------
  Seed 2/10 (seed=43)
Initialized onlyLS solver (GPU local search only). Results will be saved under 'onlyLS'.
Parameters:
  instance_name: ba_524288_1_9.txt
  dataset: barabasi_albert_10ins_m20
  random_seed: 43
  n_random_solutions: 128
  max_local_iterations: 1000
  precision: 32 bits (<class 'numpy.float32'>)
  run_name: onlyLS
--------------------------------------------------
Generating 128 random solutions...
Applying local search to 128 solutions...
Results saved to: results/barabasi_albert_10ins_m20/onlyLS/ba_524288_1_9.csv
Best energy: -123335581.000000
Total time: 3.7740s
Local search iterations: 53
----------------------------------------
  Seed 3/10 (seed=44)
Initialized onlyLS solver (GPU local search only). Results will be saved under 'onlyLS'.
Parameters:
  instance_name: ba_524288_1_9.txt
  dataset: barabasi_albert_10ins_m20
  random_seed: 44
  n_random_solutions: 128
  max_local_iterations: 1000
  precision: 32 bits (<class 'numpy.float32'>)
  run_name: onlyLS
--------------------------------------------------
Generating 128 random solutions...
Applying local search to 128 solutions...
Results saved to: results/barabasi_albert_10ins_m20/onlyLS/ba_524288_1_9.csv
Best energy: -123411647.000000
Total time: 3.5875s
Local search iterations: 41
----------------------------------------
  Seed 4/10 (seed=45)
Initialized onlyLS solver (GPU local search only). Results will be saved under 'onlyLS'.
Parameters:
  instance_name: ba_524288_1_9.txt
  dataset: barabasi_albert_10ins_m20
  random_seed: 45
  n_random_solutions: 128
  max_local_iterations: 1000
  precision: 32 bits (<class 'numpy.float32'>)
  run_name: onlyLS
--------------------------------------------------
Generating 128 random solutions...
Applying local search to 128 solutions...
Results saved to: results/barabasi_albert_10ins_m20/onlyLS/ba_524288_1_9.csv
Best energy: -123480299.000000
Total time: 3.5267s
Local search iterations: 47
----------------------------------------
  Seed 5/10 (seed=46)
Initialized onlyLS solver (GPU local search only). Results will be saved under 'onlyLS'.
Parameters:
  instance_name: ba_524288_1_9.txt
  dataset: barabasi_albert_10ins_m20
  random_seed: 46
  n_random_solutions: 128
  max_local_iterations: 1000
  precision: 32 bits (<class 'numpy.float32'>)
  run_name: onlyLS
--------------------------------------------------
Generating 128 random solutions...
Applying local search to 128 solutions...
Results saved to: results/barabasi_albert_10ins_m20/onlyLS/ba_524288_1_9.csv
Best energy: -123516215.000000
Total time: 3.3534s
Local search iterations: 43
----------------------------------------
  Seed 6/10 (seed=47)
Initialized onlyLS solver (GPU local search only). Results will be saved under 'onlyLS'.
Parameters:
  instance_name: ba_524288_1_9.txt
  dataset: barabasi_albert_10ins_m20
  random_seed: 47
  n_random_solutions: 128
  max_local_iterations: 1000
  precision: 32 bits (<class 'numpy.float32'>)
  run_name: onlyLS
--------------------------------------------------
Generating 128 random solutions...
Applying local search to 128 solutions...
Results saved to: results/barabasi_albert_10ins_m20/onlyLS/ba_524288_1_9.csv
Best energy: -123508033.000000
Total time: 3.5810s
Local search iterations: 47
----------------------------------------
  Seed 7/10 (seed=48)
Initialized onlyLS solver (GPU local search only). Results will be saved under 'onlyLS'.
Parameters:
  instance_name: ba_524288_1_9.txt
  dataset: barabasi_albert_10ins_m20
  random_seed: 48
  n_random_solutions: 128
  max_local_iterations: 1000
  precision: 32 bits (<class 'numpy.float32'>)
  run_name: onlyLS
--------------------------------------------------
Generating 128 random solutions...
Applying local search to 128 solutions...
Results saved to: results/barabasi_albert_10ins_m20/onlyLS/ba_524288_1_9.csv
Best energy: -123464893.000000
Total time: 3.6273s
Local search iterations: 49
----------------------------------------
  Seed 8/10 (seed=49)
Initialized onlyLS solver (GPU local search only). Results will be saved under 'onlyLS'.
Parameters:
  instance_name: ba_524288_1_9.txt
  dataset: barabasi_albert_10ins_m20
  random_seed: 49
  n_random_solutions: 128
  max_local_iterations: 1000
  precision: 32 bits (<class 'numpy.float32'>)
  run_name: onlyLS
--------------------------------------------------
Generating 128 random solutions...
Applying local search to 128 solutions...
Results saved to: results/barabasi_albert_10ins_m20/onlyLS/ba_524288_1_9.csv
Best energy: -123426049.000000
Total time: 3.3746s
Local search iterations: 42
----------------------------------------
  Seed 9/10 (seed=50)
Initialized onlyLS solver (GPU local search only). Results will be saved under 'onlyLS'.
Parameters:
  instance_name: ba_524288_1_9.txt
  dataset: barabasi_albert_10ins_m20
  random_seed: 50
  n_random_solutions: 128
  max_local_iterations: 1000
  precision: 32 bits (<class 'numpy.float32'>)
  run_name: onlyLS
--------------------------------------------------
Generating 128 random solutions...
Applying local search to 128 solutions...
Results saved to: results/barabasi_albert_10ins_m20/onlyLS/ba_524288_1_9.csv
Best energy: -123500923.000000
Total time: 3.9182s
Local search iterations: 48
----------------------------------------
  Seed 10/10 (seed=51)
Initialized onlyLS solver (GPU local search only). Results will be saved under 'onlyLS'.
Parameters:
  instance_name: ba_524288_1_9.txt
  dataset: barabasi_albert_10ins_m20
  random_seed: 51
  n_random_solutions: 128
  max_local_iterations: 1000
  precision: 32 bits (<class 'numpy.float32'>)
  run_name: onlyLS
--------------------------------------------------
Generating 128 random solutions...
Applying local search to 128 solutions...
Results saved to: results/barabasi_albert_10ins_m20/onlyLS/ba_524288_1_9.csv
Best energy: -123425265.000000
Total time: 3.6688s
Local search iterations: 50
----------------------------------------
Processing instance: ba_64_1_0.txt
  Seed 1/10 (seed=42)
Initialized onlyLS solver (GPU local search only). Results will be saved under 'onlyLS'.
Parameters:
  instance_name: ba_64_1_0.txt
  dataset: barabasi_albert_10ins_m20
  random_seed: 42
  n_random_solutions: 128
  max_local_iterations: 1000
  precision: 32 bits (<class 'numpy.float32'>)
  run_name: onlyLS
--------------------------------------------------
Generating 128 random solutions...
Applying local search to 128 solutions...
Results saved to: results/barabasi_albert_10ins_m20/onlyLS/ba_64_1_0.csv
Best energy: -13882.000000
Total time: 0.1423s
Local search iterations: 199
----------------------------------------
  Seed 2/10 (seed=43)
Initialized onlyLS solver (GPU local search only). Results will be saved under 'onlyLS'.
Parameters:
  instance_name: ba_64_1_0.txt
  dataset: barabasi_albert_10ins_m20
  random_seed: 43
  n_random_solutions: 128
  max_local_iterations: 1000
  precision: 32 bits (<class 'numpy.float32'>)
  run_name: onlyLS
--------------------------------------------------
Generating 128 random solutions...
Applying local search to 128 solutions...
Results saved to: results/barabasi_albert_10ins_m20/onlyLS/ba_64_1_0.csv
Best energy: -13882.000000
Total time: 0.1241s
Local search iterations: 152
----------------------------------------
  Seed 3/10 (seed=44)
Initialized onlyLS solver (GPU local search only). Results will be saved under 'onlyLS'.
Parameters:
  instance_name: ba_64_1_0.txt
  dataset: barabasi_albert_10ins_m20
  random_seed: 44
  n_random_solutions: 128
  max_local_iterations: 1000
  precision: 32 bits (<class 'numpy.float32'>)
  run_name: onlyLS
--------------------------------------------------
Generating 128 random solutions...
Applying local search to 128 solutions...
Results saved to: results/barabasi_albert_10ins_m20/onlyLS/ba_64_1_0.csv
Best energy: -13882.000000
Total time: 0.1309s
Local search iterations: 178
----------------------------------------
  Seed 4/10 (seed=45)
Initialized onlyLS solver (GPU local search only). Results will be saved under 'onlyLS'.
Parameters:
  instance_name: ba_64_1_0.txt
  dataset: barabasi_albert_10ins_m20
  random_seed: 45
  n_random_solutions: 128
  max_local_iterations: 1000
  precision: 32 bits (<class 'numpy.float32'>)
  run_name: onlyLS
--------------------------------------------------
Generating 128 random solutions...
Applying local search to 128 solutions...
Results saved to: results/barabasi_albert_10ins_m20/onlyLS/ba_64_1_0.csv
Best energy: -13882.000000
Total time: 0.1247s
Local search iterations: 154
----------------------------------------
  Seed 5/10 (seed=46)
Initialized onlyLS solver (GPU local search only). Results will be saved under 'onlyLS'.
Parameters:
  instance_name: ba_64_1_0.txt
  dataset: barabasi_albert_10ins_m20
  random_seed: 46
  n_random_solutions: 128
  max_local_iterations: 1000
  precision: 32 bits (<class 'numpy.float32'>)
  run_name: onlyLS
--------------------------------------------------
Generating 128 random solutions...
Applying local search to 128 solutions...
Results saved to: results/barabasi_albert_10ins_m20/onlyLS/ba_64_1_0.csv
Best energy: -13882.000000
Total time: 0.1519s
Local search iterations: 257
----------------------------------------
  Seed 6/10 (seed=47)
Initialized onlyLS solver (GPU local search only). Results will be saved under 'onlyLS'.
Parameters:
  instance_name: ba_64_1_0.txt
  dataset: barabasi_albert_10ins_m20
  random_seed: 47
  n_random_solutions: 128
  max_local_iterations: 1000
  precision: 32 bits (<class 'numpy.float32'>)
  run_name: onlyLS
--------------------------------------------------
Generating 128 random solutions...
Applying local search to 128 solutions...
Results saved to: results/barabasi_albert_10ins_m20/onlyLS/ba_64_1_0.csv
Best energy: -13882.000000
Total time: 0.1359s
Local search iterations: 196
----------------------------------------
  Seed 7/10 (seed=48)
Initialized onlyLS solver (GPU local search only). Results will be saved under 'onlyLS'.
Parameters:
  instance_name: ba_64_1_0.txt
  dataset: barabasi_albert_10ins_m20
  random_seed: 48
  n_random_solutions: 128
  max_local_iterations: 1000
  precision: 32 bits (<class 'numpy.float32'>)
  run_name: onlyLS
--------------------------------------------------
Generating 128 random solutions...
Applying local search to 128 solutions...
Results saved to: results/barabasi_albert_10ins_m20/onlyLS/ba_64_1_0.csv
Best energy: -13882.000000
Total time: 0.1238s
Local search iterations: 152
----------------------------------------
  Seed 8/10 (seed=49)
Initialized onlyLS solver (GPU local search only). Results will be saved under 'onlyLS'.
Parameters:
  instance_name: ba_64_1_0.txt
  dataset: barabasi_albert_10ins_m20
  random_seed: 49
  n_random_solutions: 128
  max_local_iterations: 1000
  precision: 32 bits (<class 'numpy.float32'>)
  run_name: onlyLS
--------------------------------------------------
Generating 128 random solutions...
Applying local search to 128 solutions...
Results saved to: results/barabasi_albert_10ins_m20/onlyLS/ba_64_1_0.csv
Best energy: -13882.000000
Total time: 0.1215s
Local search iterations: 145
----------------------------------------
  Seed 9/10 (seed=50)
Initialized onlyLS solver (GPU local search only). Results will be saved under 'onlyLS'.
Parameters:
  instance_name: ba_64_1_0.txt
  dataset: barabasi_albert_10ins_m20
  random_seed: 50
  n_random_solutions: 128
  max_local_iterations: 1000
  precision: 32 bits (<class 'numpy.float32'>)
  run_name: onlyLS
--------------------------------------------------
Generating 128 random solutions...
Applying local search to 128 solutions...
Results saved to: results/barabasi_albert_10ins_m20/onlyLS/ba_64_1_0.csv
Best energy: -13868.000000
Total time: 0.1334s
Local search iterations: 189
----------------------------------------
  Seed 10/10 (seed=51)
Initialized onlyLS solver (GPU local search only). Results will be saved under 'onlyLS'.
Parameters:
  instance_name: ba_64_1_0.txt
  dataset: barabasi_albert_10ins_m20
  random_seed: 51
  n_random_solutions: 128
  max_local_iterations: 1000
  precision: 32 bits (<class 'numpy.float32'>)
  run_name: onlyLS
--------------------------------------------------
Generating 128 random solutions...
Applying local search to 128 solutions...
Results saved to: results/barabasi_albert_10ins_m20/onlyLS/ba_64_1_0.csv
Best energy: -13882.000000
Total time: 0.1378s
Local search iterations: 206
----------------------------------------
Processing instance: ba_64_1_1.txt
  Seed 1/10 (seed=42)
Initialized onlyLS solver (GPU local search only). Results will be saved under 'onlyLS'.
Parameters:
  instance_name: ba_64_1_1.txt
  dataset: barabasi_albert_10ins_m20
  random_seed: 42
  n_random_solutions: 128
  max_local_iterations: 1000
  precision: 32 bits (<class 'numpy.float32'>)
  run_name: onlyLS
--------------------------------------------------
Generating 128 random solutions...
Applying local search to 128 solutions...
Results saved to: results/barabasi_albert_10ins_m20/onlyLS/ba_64_1_1.csv
Best energy: -13775.000000
Total time: 0.1066s
Local search iterations: 85
----------------------------------------
  Seed 2/10 (seed=43)
Initialized onlyLS solver (GPU local search only). Results will be saved under 'onlyLS'.
Parameters:
  instance_name: ba_64_1_1.txt
  dataset: barabasi_albert_10ins_m20
  random_seed: 43
  n_random_solutions: 128
  max_local_iterations: 1000
  precision: 32 bits (<class 'numpy.float32'>)
  run_name: onlyLS
--------------------------------------------------
Generating 128 random solutions...
Applying local search to 128 solutions...
Results saved to: results/barabasi_albert_10ins_m20/onlyLS/ba_64_1_1.csv
Best energy: -13775.000000
Total time: 0.1103s
Local search iterations: 100
----------------------------------------
  Seed 3/10 (seed=44)
Initialized onlyLS solver (GPU local search only). Results will be saved under 'onlyLS'.
Parameters:
  instance_name: ba_64_1_1.txt
  dataset: barabasi_albert_10ins_m20
  random_seed: 44
  n_random_solutions: 128
  max_local_iterations: 1000
  precision: 32 bits (<class 'numpy.float32'>)
  run_name: onlyLS
--------------------------------------------------
Generating 128 random solutions...
Applying local search to 128 solutions...
Results saved to: results/barabasi_albert_10ins_m20/onlyLS/ba_64_1_1.csv
Best energy: -13775.000000
Total time: 0.0981s
Local search iterations: 56
----------------------------------------
  Seed 4/10 (seed=45)
Initialized onlyLS solver (GPU local search only). Results will be saved under 'onlyLS'.
Parameters:
  instance_name: ba_64_1_1.txt
  dataset: barabasi_albert_10ins_m20
  random_seed: 45
  n_random_solutions: 128
  max_local_iterations: 1000
  precision: 32 bits (<class 'numpy.float32'>)
  run_name: onlyLS
--------------------------------------------------
Generating 128 random solutions...
Applying local search to 128 solutions...
Results saved to: results/barabasi_albert_10ins_m20/onlyLS/ba_64_1_1.csv
Best energy: -13775.000000
Total time: 0.1151s
Local search iterations: 109
----------------------------------------
  Seed 5/10 (seed=46)
Initialized onlyLS solver (GPU local search only). Results will be saved under 'onlyLS'.
Parameters:
  instance_name: ba_64_1_1.txt
  dataset: barabasi_albert_10ins_m20
  random_seed: 46
  n_random_solutions: 128
  max_local_iterations: 1000
  precision: 32 bits (<class 'numpy.float32'>)
  run_name: onlyLS
--------------------------------------------------
Generating 128 random solutions...
Applying local search to 128 solutions...
Results saved to: results/barabasi_albert_10ins_m20/onlyLS/ba_64_1_1.csv
Best energy: -13775.000000
Total time: 0.1115s
Local search iterations: 94
----------------------------------------
  Seed 6/10 (seed=47)
Initialized onlyLS solver (GPU local search only). Results will be saved under 'onlyLS'.
Parameters:
  instance_name: ba_64_1_1.txt
  dataset: barabasi_albert_10ins_m20
  random_seed: 47
  n_random_solutions: 128
  max_local_iterations: 1000
  precision: 32 bits (<class 'numpy.float32'>)
  run_name: onlyLS
--------------------------------------------------
Generating 128 random solutions...
Applying local search to 128 solutions...
Results saved to: results/barabasi_albert_10ins_m20/onlyLS/ba_64_1_1.csv
Best energy: -13775.000000
Total time: 0.1105s
Local search iterations: 90
----------------------------------------
  Seed 7/10 (seed=48)
Initialized onlyLS solver (GPU local search only). Results will be saved under 'onlyLS'.
Parameters:
  instance_name: ba_64_1_1.txt
  dataset: barabasi_albert_10ins_m20
  random_seed: 48
  n_random_solutions: 128
  max_local_iterations: 1000
  precision: 32 bits (<class 'numpy.float32'>)
  run_name: onlyLS
--------------------------------------------------
Generating 128 random solutions...
Applying local search to 128 solutions...
Results saved to: results/barabasi_albert_10ins_m20/onlyLS/ba_64_1_1.csv
Best energy: -13775.000000
Total time: 0.1037s
Local search iterations: 68
----------------------------------------
  Seed 8/10 (seed=49)
Initialized onlyLS solver (GPU local search only). Results will be saved under 'onlyLS'.
Parameters:
  instance_name: ba_64_1_1.txt
  dataset: barabasi_albert_10ins_m20
  random_seed: 49
  n_random_solutions: 128
  max_local_iterations: 1000
  precision: 32 bits (<class 'numpy.float32'>)
  run_name: onlyLS
--------------------------------------------------
Generating 128 random solutions...
Applying local search to 128 solutions...
Results saved to: results/barabasi_albert_10ins_m20/onlyLS/ba_64_1_1.csv
Best energy: -13775.000000
Total time: 0.1095s
Local search iterations: 87
----------------------------------------
  Seed 9/10 (seed=50)
Initialized onlyLS solver (GPU local search only). Results will be saved under 'onlyLS'.
Parameters:
  instance_name: ba_64_1_1.txt
  dataset: barabasi_albert_10ins_m20
  random_seed: 50
  n_random_solutions: 128
  max_local_iterations: 1000
  precision: 32 bits (<class 'numpy.float32'>)
  run_name: onlyLS
--------------------------------------------------
Generating 128 random solutions...
Applying local search to 128 solutions...
Results saved to: results/barabasi_albert_10ins_m20/onlyLS/ba_64_1_1.csv
Best energy: -13775.000000
Total time: 0.1152s
Local search iterations: 107
----------------------------------------
  Seed 10/10 (seed=51)
Initialized onlyLS solver (GPU local search only). Results will be saved under 'onlyLS'.
Parameters:
  instance_name: ba_64_1_1.txt
  dataset: barabasi_albert_10ins_m20
  random_seed: 51
  n_random_solutions: 128
  max_local_iterations: 1000
  precision: 32 bits (<class 'numpy.float32'>)
  run_name: onlyLS
--------------------------------------------------
Generating 128 random solutions...
Applying local search to 128 solutions...
Results saved to: results/barabasi_albert_10ins_m20/onlyLS/ba_64_1_1.csv
Best energy: -13775.000000
Total time: 0.1056s
Local search iterations: 74
----------------------------------------
Processing instance: ba_64_1_2.txt
  Seed 1/10 (seed=42)
Initialized onlyLS solver (GPU local search only). Results will be saved under 'onlyLS'.
Parameters:
  instance_name: ba_64_1_2.txt
  dataset: barabasi_albert_10ins_m20
  random_seed: 42
  n_random_solutions: 128
  max_local_iterations: 1000
  precision: 32 bits (<class 'numpy.float32'>)
  run_name: onlyLS
--------------------------------------------------
Generating 128 random solutions...
Applying local search to 128 solutions...
Results saved to: results/barabasi_albert_10ins_m20/onlyLS/ba_64_1_2.csv
Best energy: -14803.000000
Total time: 0.1167s
Local search iterations: 111
----------------------------------------
  Seed 2/10 (seed=43)
Initialized onlyLS solver (GPU local search only). Results will be saved under 'onlyLS'.
Parameters:
  instance_name: ba_64_1_2.txt
  dataset: barabasi_albert_10ins_m20
  random_seed: 43
  n_random_solutions: 128
  max_local_iterations: 1000
  precision: 32 bits (<class 'numpy.float32'>)
  run_name: onlyLS
--------------------------------------------------
Generating 128 random solutions...
Applying local search to 128 solutions...
Results saved to: results/barabasi_albert_10ins_m20/onlyLS/ba_64_1_2.csv
Best energy: -14803.000000
Total time: 0.1050s
Local search iterations: 73
----------------------------------------
  Seed 3/10 (seed=44)
Initialized onlyLS solver (GPU local search only). Results will be saved under 'onlyLS'.
Parameters:
  instance_name: ba_64_1_2.txt
  dataset: barabasi_albert_10ins_m20
  random_seed: 44
  n_random_solutions: 128
  max_local_iterations: 1000
  precision: 32 bits (<class 'numpy.float32'>)
  run_name: onlyLS
--------------------------------------------------
Generating 128 random solutions...
Applying local search to 128 solutions...
Results saved to: results/barabasi_albert_10ins_m20/onlyLS/ba_64_1_2.csv
Best energy: -14803.000000
Total time: 0.1192s
Local search iterations: 120
----------------------------------------
  Seed 4/10 (seed=45)
Initialized onlyLS solver (GPU local search only). Results will be saved under 'onlyLS'.
Parameters:
  instance_name: ba_64_1_2.txt
  dataset: barabasi_albert_10ins_m20
  random_seed: 45
  n_random_solutions: 128
  max_local_iterations: 1000
  precision: 32 bits (<class 'numpy.float32'>)
  run_name: onlyLS
--------------------------------------------------
Generating 128 random solutions...
Applying local search to 128 solutions...
Results saved to: results/barabasi_albert_10ins_m20/onlyLS/ba_64_1_2.csv
Best energy: -14803.000000
Total time: 0.1064s
Local search iterations: 77
----------------------------------------
  Seed 5/10 (seed=46)
Initialized onlyLS solver (GPU local search only). Results will be saved under 'onlyLS'.
Parameters:
  instance_name: ba_64_1_2.txt
  dataset: barabasi_albert_10ins_m20
  random_seed: 46
  n_random_solutions: 128
  max_local_iterations: 1000
  precision: 32 bits (<class 'numpy.float32'>)
  run_name: onlyLS
--------------------------------------------------
Generating 128 random solutions...
Applying local search to 128 solutions...
Results saved to: results/barabasi_albert_10ins_m20/onlyLS/ba_64_1_2.csv
Best energy: -14803.000000
Total time: 0.1024s
Local search iterations: 63
----------------------------------------
  Seed 6/10 (seed=47)
Initialized onlyLS solver (GPU local search only). Results will be saved under 'onlyLS'.
Parameters:
  instance_name: ba_64_1_2.txt
  dataset: barabasi_albert_10ins_m20
  random_seed: 47
  n_random_solutions: 128
  max_local_iterations: 1000
  precision: 32 bits (<class 'numpy.float32'>)
  run_name: onlyLS
--------------------------------------------------
Generating 128 random solutions...
Applying local search to 128 solutions...
Results saved to: results/barabasi_albert_10ins_m20/onlyLS/ba_64_1_2.csv
Best energy: -14803.000000
Total time: 0.1068s
Local search iterations: 76
----------------------------------------
  Seed 7/10 (seed=48)
Initialized onlyLS solver (GPU local search only). Results will be saved under 'onlyLS'.
Parameters:
  instance_name: ba_64_1_2.txt
  dataset: barabasi_albert_10ins_m20
  random_seed: 48
  n_random_solutions: 128
  max_local_iterations: 1000
  precision: 32 bits (<class 'numpy.float32'>)
  run_name: onlyLS
--------------------------------------------------
Generating 128 random solutions...
Applying local search to 128 solutions...
Results saved to: results/barabasi_albert_10ins_m20/onlyLS/ba_64_1_2.csv
Best energy: -14803.000000
Total time: 0.1098s
Local search iterations: 87
----------------------------------------
  Seed 8/10 (seed=49)
Initialized onlyLS solver (GPU local search only). Results will be saved under 'onlyLS'.
Parameters:
  instance_name: ba_64_1_2.txt
  dataset: barabasi_albert_10ins_m20
  random_seed: 49
  n_random_solutions: 128
  max_local_iterations: 1000
  precision: 32 bits (<class 'numpy.float32'>)
  run_name: onlyLS
--------------------------------------------------
Generating 128 random solutions...
Applying local search to 128 solutions...
Results saved to: results/barabasi_albert_10ins_m20/onlyLS/ba_64_1_2.csv
Best energy: -14803.000000
Total time: 0.1005s
Local search iterations: 54
----------------------------------------
  Seed 9/10 (seed=50)
Initialized onlyLS solver (GPU local search only). Results will be saved under 'onlyLS'.
Parameters:
  instance_name: ba_64_1_2.txt
  dataset: barabasi_albert_10ins_m20
  random_seed: 50
  n_random_solutions: 128
  max_local_iterations: 1000
  precision: 32 bits (<class 'numpy.float32'>)
  run_name: onlyLS
--------------------------------------------------
Generating 128 random solutions...
Applying local search to 128 solutions...
Results saved to: results/barabasi_albert_10ins_m20/onlyLS/ba_64_1_2.csv
Best energy: -14803.000000
Total time: 0.1702s
Local search iterations: 81
----------------------------------------
  Seed 10/10 (seed=51)
Initialized onlyLS solver (GPU local search only). Results will be saved under 'onlyLS'.
Parameters:
  instance_name: ba_64_1_2.txt
  dataset: barabasi_albert_10ins_m20
  random_seed: 51
  n_random_solutions: 128
  max_local_iterations: 1000
  precision: 32 bits (<class 'numpy.float32'>)
  run_name: onlyLS
--------------------------------------------------
Generating 128 random solutions...
Applying local search to 128 solutions...
Results saved to: results/barabasi_albert_10ins_m20/onlyLS/ba_64_1_2.csv
Best energy: -14803.000000
Total time: 0.0990s
Local search iterations: 51
----------------------------------------
Processing instance: ba_64_1_3.txt
  Seed 1/10 (seed=42)
Initialized onlyLS solver (GPU local search only). Results will be saved under 'onlyLS'.
Parameters:
  instance_name: ba_64_1_3.txt
  dataset: barabasi_albert_10ins_m20
  random_seed: 42
  n_random_solutions: 128
  max_local_iterations: 1000
  precision: 32 bits (<class 'numpy.float32'>)
  run_name: onlyLS
--------------------------------------------------
Generating 128 random solutions...
Applying local search to 128 solutions...
Results saved to: results/barabasi_albert_10ins_m20/onlyLS/ba_64_1_3.csv
Best energy: -14190.000000
Total time: 0.1042s
Local search iterations: 69
----------------------------------------
  Seed 2/10 (seed=43)
Initialized onlyLS solver (GPU local search only). Results will be saved under 'onlyLS'.
Parameters:
  instance_name: ba_64_1_3.txt
  dataset: barabasi_albert_10ins_m20
  random_seed: 43
  n_random_solutions: 128
  max_local_iterations: 1000
  precision: 32 bits (<class 'numpy.float32'>)
  run_name: onlyLS
--------------------------------------------------
Generating 128 random solutions...
Applying local search to 128 solutions...
Results saved to: results/barabasi_albert_10ins_m20/onlyLS/ba_64_1_3.csv
Best energy: -14190.000000
Total time: 0.1100s
Local search iterations: 87
----------------------------------------
  Seed 3/10 (seed=44)
Initialized onlyLS solver (GPU local search only). Results will be saved under 'onlyLS'.
Parameters:
  instance_name: ba_64_1_3.txt
  dataset: barabasi_albert_10ins_m20
  random_seed: 44
  n_random_solutions: 128
  max_local_iterations: 1000
  precision: 32 bits (<class 'numpy.float32'>)
  run_name: onlyLS
--------------------------------------------------
Generating 128 random solutions...
Applying local search to 128 solutions...
Results saved to: results/barabasi_albert_10ins_m20/onlyLS/ba_64_1_3.csv
Best energy: -14190.000000
Total time: 0.1028s
Local search iterations: 62
----------------------------------------
  Seed 4/10 (seed=45)
Initialized onlyLS solver (GPU local search only). Results will be saved under 'onlyLS'.
Parameters:
  instance_name: ba_64_1_3.txt
  dataset: barabasi_albert_10ins_m20
  random_seed: 45
  n_random_solutions: 128
  max_local_iterations: 1000
  precision: 32 bits (<class 'numpy.float32'>)
  run_name: onlyLS
--------------------------------------------------
Generating 128 random solutions...
Applying local search to 128 solutions...
Results saved to: results/barabasi_albert_10ins_m20/onlyLS/ba_64_1_3.csv
Best energy: -14190.000000
Total time: 0.1034s
Local search iterations: 66
----------------------------------------
  Seed 5/10 (seed=46)
Initialized onlyLS solver (GPU local search only). Results will be saved under 'onlyLS'.
Parameters:
  instance_name: ba_64_1_3.txt
  dataset: barabasi_albert_10ins_m20
  random_seed: 46
  n_random_solutions: 128
  max_local_iterations: 1000
  precision: 32 bits (<class 'numpy.float32'>)
  run_name: onlyLS
--------------------------------------------------
Generating 128 random solutions...
Applying local search to 128 solutions...
Results saved to: results/barabasi_albert_10ins_m20/onlyLS/ba_64_1_3.csv
Best energy: -14190.000000
Total time: 0.1028s
Local search iterations: 64
----------------------------------------
  Seed 6/10 (seed=47)
Initialized onlyLS solver (GPU local search only). Results will be saved under 'onlyLS'.
Parameters:
  instance_name: ba_64_1_3.txt
  dataset: barabasi_albert_10ins_m20
  random_seed: 47
  n_random_solutions: 128
  max_local_iterations: 1000
  precision: 32 bits (<class 'numpy.float32'>)
  run_name: onlyLS
--------------------------------------------------
Generating 128 random solutions...
Applying local search to 128 solutions...
Results saved to: results/barabasi_albert_10ins_m20/onlyLS/ba_64_1_3.csv
Best energy: -14190.000000
Total time: 0.1164s
Local search iterations: 108
----------------------------------------
  Seed 7/10 (seed=48)
Initialized onlyLS solver (GPU local search only). Results will be saved under 'onlyLS'.
Parameters:
  instance_name: ba_64_1_3.txt
  dataset: barabasi_albert_10ins_m20
  random_seed: 48
  n_random_solutions: 128
  max_local_iterations: 1000
  precision: 32 bits (<class 'numpy.float32'>)
  run_name: onlyLS
--------------------------------------------------
Generating 128 random solutions...
Applying local search to 128 solutions...
Results saved to: results/barabasi_albert_10ins_m20/onlyLS/ba_64_1_3.csv
Best energy: -14190.000000
Total time: 0.1081s
Local search iterations: 82
----------------------------------------
  Seed 8/10 (seed=49)
Initialized onlyLS solver (GPU local search only). Results will be saved under 'onlyLS'.
Parameters:
  instance_name: ba_64_1_3.txt
  dataset: barabasi_albert_10ins_m20
  random_seed: 49
  n_random_solutions: 128
  max_local_iterations: 1000
  precision: 32 bits (<class 'numpy.float32'>)
  run_name: onlyLS
--------------------------------------------------
Generating 128 random solutions...
Applying local search to 128 solutions...
Results saved to: results/barabasi_albert_10ins_m20/onlyLS/ba_64_1_3.csv
Best energy: -14190.000000
Total time: 0.1035s
Local search iterations: 66
----------------------------------------
  Seed 9/10 (seed=50)
Initialized onlyLS solver (GPU local search only). Results will be saved under 'onlyLS'.
Parameters:
  instance_name: ba_64_1_3.txt
  dataset: barabasi_albert_10ins_m20
  random_seed: 50
  n_random_solutions: 128
  max_local_iterations: 1000
  precision: 32 bits (<class 'numpy.float32'>)
  run_name: onlyLS
--------------------------------------------------
Generating 128 random solutions...
Applying local search to 128 solutions...
Results saved to: results/barabasi_albert_10ins_m20/onlyLS/ba_64_1_3.csv
Best energy: -14190.000000
Total time: 0.1075s
Local search iterations: 77
----------------------------------------
  Seed 10/10 (seed=51)
Initialized onlyLS solver (GPU local search only). Results will be saved under 'onlyLS'.
Parameters:
  instance_name: ba_64_1_3.txt
  dataset: barabasi_albert_10ins_m20
  random_seed: 51
  n_random_solutions: 128
  max_local_iterations: 1000
  precision: 32 bits (<class 'numpy.float32'>)
  run_name: onlyLS
--------------------------------------------------
Generating 128 random solutions...
Applying local search to 128 solutions...
Results saved to: results/barabasi_albert_10ins_m20/onlyLS/ba_64_1_3.csv
Best energy: -14190.000000
Total time: 0.1051s
Local search iterations: 70
----------------------------------------
Processing instance: ba_64_1_4.txt
  Seed 1/10 (seed=42)
Initialized onlyLS solver (GPU local search only). Results will be saved under 'onlyLS'.
Parameters:
  instance_name: ba_64_1_4.txt
  dataset: barabasi_albert_10ins_m20
  random_seed: 42
  n_random_solutions: 128
  max_local_iterations: 1000
  precision: 32 bits (<class 'numpy.float32'>)
  run_name: onlyLS
--------------------------------------------------
Generating 128 random solutions...
Applying local search to 128 solutions...
Results saved to: results/barabasi_albert_10ins_m20/onlyLS/ba_64_1_4.csv
Best energy: -14545.000000
Total time: 0.1078s
Local search iterations: 80
----------------------------------------
  Seed 2/10 (seed=43)
Initialized onlyLS solver (GPU local search only). Results will be saved under 'onlyLS'.
Parameters:
  instance_name: ba_64_1_4.txt
  dataset: barabasi_albert_10ins_m20
  random_seed: 43
  n_random_solutions: 128
  max_local_iterations: 1000
  precision: 32 bits (<class 'numpy.float32'>)
  run_name: onlyLS
--------------------------------------------------
Generating 128 random solutions...
Applying local search to 128 solutions...
Results saved to: results/barabasi_albert_10ins_m20/onlyLS/ba_64_1_4.csv
Best energy: -14545.000000
Total time: 0.1057s
Local search iterations: 74
----------------------------------------
  Seed 3/10 (seed=44)
Initialized onlyLS solver (GPU local search only). Results will be saved under 'onlyLS'.
Parameters:
  instance_name: ba_64_1_4.txt
  dataset: barabasi_albert_10ins_m20
  random_seed: 44
  n_random_solutions: 128
  max_local_iterations: 1000
  precision: 32 bits (<class 'numpy.float32'>)
  run_name: onlyLS
--------------------------------------------------
Generating 128 random solutions...
Applying local search to 128 solutions...
Results saved to: results/barabasi_albert_10ins_m20/onlyLS/ba_64_1_4.csv
Best energy: -14545.000000
Total time: 0.1036s
Local search iterations: 65
----------------------------------------
  Seed 4/10 (seed=45)
Initialized onlyLS solver (GPU local search only). Results will be saved under 'onlyLS'.
Parameters:
  instance_name: ba_64_1_4.txt
  dataset: barabasi_albert_10ins_m20
  random_seed: 45
  n_random_solutions: 128
  max_local_iterations: 1000
  precision: 32 bits (<class 'numpy.float32'>)
  run_name: onlyLS
--------------------------------------------------
Generating 128 random solutions...
Applying local search to 128 solutions...
Results saved to: results/barabasi_albert_10ins_m20/onlyLS/ba_64_1_4.csv
Best energy: -14545.000000
Total time: 0.1027s
Local search iterations: 63
----------------------------------------
  Seed 5/10 (seed=46)
Initialized onlyLS solver (GPU local search only). Results will be saved under 'onlyLS'.
Parameters:
  instance_name: ba_64_1_4.txt
  dataset: barabasi_albert_10ins_m20
  random_seed: 46
  n_random_solutions: 128
  max_local_iterations: 1000
  precision: 32 bits (<class 'numpy.float32'>)
  run_name: onlyLS
--------------------------------------------------
Generating 128 random solutions...
Applying local search to 128 solutions...
Results saved to: results/barabasi_albert_10ins_m20/onlyLS/ba_64_1_4.csv
Best energy: -14545.000000
Total time: 0.0997s
Local search iterations: 52
----------------------------------------
  Seed 6/10 (seed=47)
Initialized onlyLS solver (GPU local search only). Results will be saved under 'onlyLS'.
Parameters:
  instance_name: ba_64_1_4.txt
  dataset: barabasi_albert_10ins_m20
  random_seed: 47
  n_random_solutions: 128
  max_local_iterations: 1000
  precision: 32 bits (<class 'numpy.float32'>)
  run_name: onlyLS
--------------------------------------------------
Generating 128 random solutions...
Applying local search to 128 solutions...
Results saved to: results/barabasi_albert_10ins_m20/onlyLS/ba_64_1_4.csv
Best energy: -14545.000000
Total time: 0.1023s
Local search iterations: 61
----------------------------------------
  Seed 7/10 (seed=48)
Initialized onlyLS solver (GPU local search only). Results will be saved under 'onlyLS'.
Parameters:
  instance_name: ba_64_1_4.txt
  dataset: barabasi_albert_10ins_m20
  random_seed: 48
  n_random_solutions: 128
  max_local_iterations: 1000
  precision: 32 bits (<class 'numpy.float32'>)
  run_name: onlyLS
--------------------------------------------------
Generating 128 random solutions...
Applying local search to 128 solutions...
Results saved to: results/barabasi_albert_10ins_m20/onlyLS/ba_64_1_4.csv
Best energy: -14545.000000
Total time: 0.1094s
Local search iterations: 85
----------------------------------------
  Seed 8/10 (seed=49)
Initialized onlyLS solver (GPU local search only). Results will be saved under 'onlyLS'.
Parameters:
  instance_name: ba_64_1_4.txt
  dataset: barabasi_albert_10ins_m20
  random_seed: 49
  n_random_solutions: 128
  max_local_iterations: 1000
  precision: 32 bits (<class 'numpy.float32'>)
  run_name: onlyLS
--------------------------------------------------
Generating 128 random solutions...
Applying local search to 128 solutions...
Results saved to: results/barabasi_albert_10ins_m20/onlyLS/ba_64_1_4.csv
Best energy: -14545.000000
Total time: 0.0996s
Local search iterations: 53
----------------------------------------
  Seed 9/10 (seed=50)
Initialized onlyLS solver (GPU local search only). Results will be saved under 'onlyLS'.
Parameters:
  instance_name: ba_64_1_4.txt
  dataset: barabasi_albert_10ins_m20
  random_seed: 50
  n_random_solutions: 128
  max_local_iterations: 1000
  precision: 32 bits (<class 'numpy.float32'>)
  run_name: onlyLS
--------------------------------------------------
Generating 128 random solutions...
Applying local search to 128 solutions...
Results saved to: results/barabasi_albert_10ins_m20/onlyLS/ba_64_1_4.csv
Best energy: -14545.000000
Total time: 0.1060s
Local search iterations: 74
----------------------------------------
  Seed 10/10 (seed=51)
Initialized onlyLS solver (GPU local search only). Results will be saved under 'onlyLS'.
Parameters:
  instance_name: ba_64_1_4.txt
  dataset: barabasi_albert_10ins_m20
  random_seed: 51
  n_random_solutions: 128
  max_local_iterations: 1000
  precision: 32 bits (<class 'numpy.float32'>)
  run_name: onlyLS
--------------------------------------------------
Generating 128 random solutions...
Applying local search to 128 solutions...
Results saved to: results/barabasi_albert_10ins_m20/onlyLS/ba_64_1_4.csv
Best energy: -14545.000000
Total time: 0.1100s
Local search iterations: 84
----------------------------------------
Processing instance: ba_64_1_5.txt
  Seed 1/10 (seed=42)
Initialized onlyLS solver (GPU local search only). Results will be saved under 'onlyLS'.
Parameters:
  instance_name: ba_64_1_5.txt
  dataset: barabasi_albert_10ins_m20
  random_seed: 42
  n_random_solutions: 128
  max_local_iterations: 1000
  precision: 32 bits (<class 'numpy.float32'>)
  run_name: onlyLS
--------------------------------------------------
Generating 128 random solutions...
Applying local search to 128 solutions...
Results saved to: results/barabasi_albert_10ins_m20/onlyLS/ba_64_1_5.csv
Best energy: -15304.000000
Total time: 0.1018s
Local search iterations: 58
----------------------------------------
  Seed 2/10 (seed=43)
Initialized onlyLS solver (GPU local search only). Results will be saved under 'onlyLS'.
Parameters:
  instance_name: ba_64_1_5.txt
  dataset: barabasi_albert_10ins_m20
  random_seed: 43
  n_random_solutions: 128
  max_local_iterations: 1000
  precision: 32 bits (<class 'numpy.float32'>)
  run_name: onlyLS
--------------------------------------------------
Generating 128 random solutions...
Applying local search to 128 solutions...
Results saved to: results/barabasi_albert_10ins_m20/onlyLS/ba_64_1_5.csv
Best energy: -15304.000000
Total time: 0.0996s
Local search iterations: 50
----------------------------------------
  Seed 3/10 (seed=44)
Initialized onlyLS solver (GPU local search only). Results will be saved under 'onlyLS'.
Parameters:
  instance_name: ba_64_1_5.txt
  dataset: barabasi_albert_10ins_m20
  random_seed: 44
  n_random_solutions: 128
  max_local_iterations: 1000
  precision: 32 bits (<class 'numpy.float32'>)
  run_name: onlyLS
--------------------------------------------------
Generating 128 random solutions...
Applying local search to 128 solutions...
Results saved to: results/barabasi_albert_10ins_m20/onlyLS/ba_64_1_5.csv
Best energy: -15304.000000
Total time: 0.1070s
Local search iterations: 76
----------------------------------------
  Seed 4/10 (seed=45)
Initialized onlyLS solver (GPU local search only). Results will be saved under 'onlyLS'.
Parameters:
  instance_name: ba_64_1_5.txt
  dataset: barabasi_albert_10ins_m20
  random_seed: 45
  n_random_solutions: 128
  max_local_iterations: 1000
  precision: 32 bits (<class 'numpy.float32'>)
  run_name: onlyLS
--------------------------------------------------
Generating 128 random solutions...
Applying local search to 128 solutions...
Results saved to: results/barabasi_albert_10ins_m20/onlyLS/ba_64_1_5.csv
Best energy: -15304.000000
Total time: 0.0990s
Local search iterations: 47
----------------------------------------
  Seed 5/10 (seed=46)
Initialized onlyLS solver (GPU local search only). Results will be saved under 'onlyLS'.
Parameters:
  instance_name: ba_64_1_5.txt
  dataset: barabasi_albert_10ins_m20
  random_seed: 46
  n_random_solutions: 128
  max_local_iterations: 1000
  precision: 32 bits (<class 'numpy.float32'>)
  run_name: onlyLS
--------------------------------------------------
Generating 128 random solutions...
Applying local search to 128 solutions...
Results saved to: results/barabasi_albert_10ins_m20/onlyLS/ba_64_1_5.csv
Best energy: -15304.000000
Total time: 0.1083s
Local search iterations: 80
----------------------------------------
  Seed 6/10 (seed=47)
Initialized onlyLS solver (GPU local search only). Results will be saved under 'onlyLS'.
Parameters:
  instance_name: ba_64_1_5.txt
  dataset: barabasi_albert_10ins_m20
  random_seed: 47
  n_random_solutions: 128
  max_local_iterations: 1000
  precision: 32 bits (<class 'numpy.float32'>)
  run_name: onlyLS
--------------------------------------------------
Generating 128 random solutions...
Applying local search to 128 solutions...
Results saved to: results/barabasi_albert_10ins_m20/onlyLS/ba_64_1_5.csv
Best energy: -15304.000000
Total time: 0.1096s
Local search iterations: 81
----------------------------------------
  Seed 7/10 (seed=48)
Initialized onlyLS solver (GPU local search only). Results will be saved under 'onlyLS'.
Parameters:
  instance_name: ba_64_1_5.txt
  dataset: barabasi_albert_10ins_m20
  random_seed: 48
  n_random_solutions: 128
  max_local_iterations: 1000
  precision: 32 bits (<class 'numpy.float32'>)
  run_name: onlyLS
--------------------------------------------------
Generating 128 random solutions...
Applying local search to 128 solutions...
Results saved to: results/barabasi_albert_10ins_m20/onlyLS/ba_64_1_5.csv
Best energy: -15304.000000
Total time: 0.1006s
Local search iterations: 51
----------------------------------------
  Seed 8/10 (seed=49)
Initialized onlyLS solver (GPU local search only). Results will be saved under 'onlyLS'.
Parameters:
  instance_name: ba_64_1_5.txt
  dataset: barabasi_albert_10ins_m20
  random_seed: 49
  n_random_solutions: 128
  max_local_iterations: 1000
  precision: 32 bits (<class 'numpy.float32'>)
  run_name: onlyLS
--------------------------------------------------
Generating 128 random solutions...
Applying local search to 128 solutions...
Results saved to: results/barabasi_albert_10ins_m20/onlyLS/ba_64_1_5.csv
Best energy: -15304.000000
Total time: 0.1033s
Local search iterations: 61
----------------------------------------
  Seed 9/10 (seed=50)
Initialized onlyLS solver (GPU local search only). Results will be saved under 'onlyLS'.
Parameters:
  instance_name: ba_64_1_5.txt
  dataset: barabasi_albert_10ins_m20
  random_seed: 50
  n_random_solutions: 128
  max_local_iterations: 1000
  precision: 32 bits (<class 'numpy.float32'>)
  run_name: onlyLS
--------------------------------------------------
Generating 128 random solutions...
Applying local search to 128 solutions...
Results saved to: results/barabasi_albert_10ins_m20/onlyLS/ba_64_1_5.csv
Best energy: -15304.000000
Total time: 0.1044s
Local search iterations: 65
----------------------------------------
  Seed 10/10 (seed=51)
Initialized onlyLS solver (GPU local search only). Results will be saved under 'onlyLS'.
Parameters:
  instance_name: ba_64_1_5.txt
  dataset: barabasi_albert_10ins_m20
  random_seed: 51
  n_random_solutions: 128
  max_local_iterations: 1000
  precision: 32 bits (<class 'numpy.float32'>)
  run_name: onlyLS
--------------------------------------------------
Generating 128 random solutions...
Applying local search to 128 solutions...
Results saved to: results/barabasi_albert_10ins_m20/onlyLS/ba_64_1_5.csv
Best energy: -15304.000000
Total time: 0.1060s
Local search iterations: 70
----------------------------------------
Processing instance: ba_64_1_6.txt
  Seed 1/10 (seed=42)
Initialized onlyLS solver (GPU local search only). Results will be saved under 'onlyLS'.
Parameters:
  instance_name: ba_64_1_6.txt
  dataset: barabasi_albert_10ins_m20
  random_seed: 42
  n_random_solutions: 128
  max_local_iterations: 1000
  precision: 32 bits (<class 'numpy.float32'>)
  run_name: onlyLS
--------------------------------------------------
Generating 128 random solutions...
Applying local search to 128 solutions...
Results saved to: results/barabasi_albert_10ins_m20/onlyLS/ba_64_1_6.csv
Best energy: -14296.000000
Total time: 0.0967s
Local search iterations: 40
----------------------------------------
  Seed 2/10 (seed=43)
Initialized onlyLS solver (GPU local search only). Results will be saved under 'onlyLS'.
Parameters:
  instance_name: ba_64_1_6.txt
  dataset: barabasi_albert_10ins_m20
  random_seed: 43
  n_random_solutions: 128
  max_local_iterations: 1000
  precision: 32 bits (<class 'numpy.float32'>)
  run_name: onlyLS
--------------------------------------------------
Generating 128 random solutions...
Applying local search to 128 solutions...
Results saved to: results/barabasi_albert_10ins_m20/onlyLS/ba_64_1_6.csv
Best energy: -14296.000000
Total time: 0.1147s
Local search iterations: 100
----------------------------------------
  Seed 3/10 (seed=44)
Initialized onlyLS solver (GPU local search only). Results will be saved under 'onlyLS'.
Parameters:
  instance_name: ba_64_1_6.txt
  dataset: barabasi_albert_10ins_m20
  random_seed: 44
  n_random_solutions: 128
  max_local_iterations: 1000
  precision: 32 bits (<class 'numpy.float32'>)
  run_name: onlyLS
--------------------------------------------------
Generating 128 random solutions...
Applying local search to 128 solutions...
Results saved to: results/barabasi_albert_10ins_m20/onlyLS/ba_64_1_6.csv
Best energy: -14296.000000
Total time: 0.1026s
Local search iterations: 58
----------------------------------------
  Seed 4/10 (seed=45)
Initialized onlyLS solver (GPU local search only). Results will be saved under 'onlyLS'.
Parameters:
  instance_name: ba_64_1_6.txt
  dataset: barabasi_albert_10ins_m20
  random_seed: 45
  n_random_solutions: 128
  max_local_iterations: 1000
  precision: 32 bits (<class 'numpy.float32'>)
  run_name: onlyLS
--------------------------------------------------
Generating 128 random solutions...
Applying local search to 128 solutions...
Results saved to: results/barabasi_albert_10ins_m20/onlyLS/ba_64_1_6.csv
Best energy: -14296.000000
Total time: 0.1056s
Local search iterations: 68
----------------------------------------
  Seed 5/10 (seed=46)
Initialized onlyLS solver (GPU local search only). Results will be saved under 'onlyLS'.
Parameters:
  instance_name: ba_64_1_6.txt
  dataset: barabasi_albert_10ins_m20
  random_seed: 46
  n_random_solutions: 128
  max_local_iterations: 1000
  precision: 32 bits (<class 'numpy.float32'>)
  run_name: onlyLS
--------------------------------------------------
Generating 128 random solutions...
Applying local search to 128 solutions...
Results saved to: results/barabasi_albert_10ins_m20/onlyLS/ba_64_1_6.csv
Best energy: -14296.000000
Total time: 0.1047s
Local search iterations: 63
----------------------------------------
  Seed 6/10 (seed=47)
Initialized onlyLS solver (GPU local search only). Results will be saved under 'onlyLS'.
Parameters:
  instance_name: ba_64_1_6.txt
  dataset: barabasi_albert_10ins_m20
  random_seed: 47
  n_random_solutions: 128
  max_local_iterations: 1000
  precision: 32 bits (<class 'numpy.float32'>)
  run_name: onlyLS
--------------------------------------------------
Generating 128 random solutions...
Applying local search to 128 solutions...
Results saved to: results/barabasi_albert_10ins_m20/onlyLS/ba_64_1_6.csv
Best energy: -14296.000000
Total time: 0.1147s
Local search iterations: 98
----------------------------------------
  Seed 7/10 (seed=48)
Initialized onlyLS solver (GPU local search only). Results will be saved under 'onlyLS'.
Parameters:
  instance_name: ba_64_1_6.txt
  dataset: barabasi_albert_10ins_m20
  random_seed: 48
  n_random_solutions: 128
  max_local_iterations: 1000
  precision: 32 bits (<class 'numpy.float32'>)
  run_name: onlyLS
--------------------------------------------------
Generating 128 random solutions...
Applying local search to 128 solutions...
Results saved to: results/barabasi_albert_10ins_m20/onlyLS/ba_64_1_6.csv
Best energy: -14296.000000
Total time: 0.1139s
Local search iterations: 95
----------------------------------------
  Seed 8/10 (seed=49)
Initialized onlyLS solver (GPU local search only). Results will be saved under 'onlyLS'.
Parameters:
  instance_name: ba_64_1_6.txt
  dataset: barabasi_albert_10ins_m20
  random_seed: 49
  n_random_solutions: 128
  max_local_iterations: 1000
  precision: 32 bits (<class 'numpy.float32'>)
  run_name: onlyLS
--------------------------------------------------
Generating 128 random solutions...
Applying local search to 128 solutions...
Results saved to: results/barabasi_albert_10ins_m20/onlyLS/ba_64_1_6.csv
Best energy: -14296.000000
Total time: 0.1102s
Local search iterations: 83
----------------------------------------
  Seed 9/10 (seed=50)
Initialized onlyLS solver (GPU local search only). Results will be saved under 'onlyLS'.
Parameters:
  instance_name: ba_64_1_6.txt
  dataset: barabasi_albert_10ins_m20
  random_seed: 50
  n_random_solutions: 128
  max_local_iterations: 1000
  precision: 32 bits (<class 'numpy.float32'>)
  run_name: onlyLS
--------------------------------------------------
Generating 128 random solutions...
Applying local search to 128 solutions...
Results saved to: results/barabasi_albert_10ins_m20/onlyLS/ba_64_1_6.csv
Best energy: -14296.000000
Total time: 0.1039s
Local search iterations: 63
----------------------------------------
  Seed 10/10 (seed=51)
Initialized onlyLS solver (GPU local search only). Results will be saved under 'onlyLS'.
Parameters:
  instance_name: ba_64_1_6.txt
  dataset: barabasi_albert_10ins_m20
  random_seed: 51
  n_random_solutions: 128
  max_local_iterations: 1000
  precision: 32 bits (<class 'numpy.float32'>)
  run_name: onlyLS
--------------------------------------------------
Generating 128 random solutions...
Applying local search to 128 solutions...
Results saved to: results/barabasi_albert_10ins_m20/onlyLS/ba_64_1_6.csv
Best energy: -14296.000000
Total time: 0.1183s
Local search iterations: 111
----------------------------------------
Processing instance: ba_64_1_7.txt
  Seed 1/10 (seed=42)
Initialized onlyLS solver (GPU local search only). Results will be saved under 'onlyLS'.
Parameters:
  instance_name: ba_64_1_7.txt
  dataset: barabasi_albert_10ins_m20
  random_seed: 42
  n_random_solutions: 128
  max_local_iterations: 1000
  precision: 32 bits (<class 'numpy.float32'>)
  run_name: onlyLS
--------------------------------------------------
Generating 128 random solutions...
Applying local search to 128 solutions...
Results saved to: results/barabasi_albert_10ins_m20/onlyLS/ba_64_1_7.csv
Best energy: -14578.000000
Total time: 0.1069s
Local search iterations: 76
----------------------------------------
  Seed 2/10 (seed=43)
Initialized onlyLS solver (GPU local search only). Results will be saved under 'onlyLS'.
Parameters:
  instance_name: ba_64_1_7.txt
  dataset: barabasi_albert_10ins_m20
  random_seed: 43
  n_random_solutions: 128
  max_local_iterations: 1000
  precision: 32 bits (<class 'numpy.float32'>)
  run_name: onlyLS
--------------------------------------------------
Generating 128 random solutions...
Applying local search to 128 solutions...
Results saved to: results/barabasi_albert_10ins_m20/onlyLS/ba_64_1_7.csv
Best energy: -14578.000000
Total time: 0.0976s
Local search iterations: 45
----------------------------------------
  Seed 3/10 (seed=44)
Initialized onlyLS solver (GPU local search only). Results will be saved under 'onlyLS'.
Parameters:
  instance_name: ba_64_1_7.txt
  dataset: barabasi_albert_10ins_m20
  random_seed: 44
  n_random_solutions: 128
  max_local_iterations: 1000
  precision: 32 bits (<class 'numpy.float32'>)
  run_name: onlyLS
--------------------------------------------------
Generating 128 random solutions...
Applying local search to 128 solutions...
Results saved to: results/barabasi_albert_10ins_m20/onlyLS/ba_64_1_7.csv
Best energy: -14578.000000
Total time: 0.1050s
Local search iterations: 70
----------------------------------------
  Seed 4/10 (seed=45)
Initialized onlyLS solver (GPU local search only). Results will be saved under 'onlyLS'.
Parameters:
  instance_name: ba_64_1_7.txt
  dataset: barabasi_albert_10ins_m20
  random_seed: 45
  n_random_solutions: 128
  max_local_iterations: 1000
  precision: 32 bits (<class 'numpy.float32'>)
  run_name: onlyLS
--------------------------------------------------
Generating 128 random solutions...
Applying local search to 128 solutions...
Results saved to: results/barabasi_albert_10ins_m20/onlyLS/ba_64_1_7.csv
Best energy: -14578.000000
Total time: 0.1005s
Local search iterations: 54
----------------------------------------
  Seed 5/10 (seed=46)
Initialized onlyLS solver (GPU local search only). Results will be saved under 'onlyLS'.
Parameters:
  instance_name: ba_64_1_7.txt
  dataset: barabasi_albert_10ins_m20
  random_seed: 46
  n_random_solutions: 128
  max_local_iterations: 1000
  precision: 32 bits (<class 'numpy.float32'>)
  run_name: onlyLS
--------------------------------------------------
Generating 128 random solutions...
Applying local search to 128 solutions...
Results saved to: results/barabasi_albert_10ins_m20/onlyLS/ba_64_1_7.csv
Best energy: -14578.000000
Total time: 0.1044s
Local search iterations: 67
----------------------------------------
  Seed 6/10 (seed=47)
Initialized onlyLS solver (GPU local search only). Results will be saved under 'onlyLS'.
Parameters:
  instance_name: ba_64_1_7.txt
  dataset: barabasi_albert_10ins_m20
  random_seed: 47
  n_random_solutions: 128
  max_local_iterations: 1000
  precision: 32 bits (<class 'numpy.float32'>)
  run_name: onlyLS
--------------------------------------------------
Generating 128 random solutions...
Applying local search to 128 solutions...
Results saved to: results/barabasi_albert_10ins_m20/onlyLS/ba_64_1_7.csv
Best energy: -14578.000000
Total time: 0.0991s
Local search iterations: 48
----------------------------------------
  Seed 7/10 (seed=48)
Initialized onlyLS solver (GPU local search only). Results will be saved under 'onlyLS'.
Parameters:
  instance_name: ba_64_1_7.txt
  dataset: barabasi_albert_10ins_m20
  random_seed: 48
  n_random_solutions: 128
  max_local_iterations: 1000
  precision: 32 bits (<class 'numpy.float32'>)
  run_name: onlyLS
--------------------------------------------------
Generating 128 random solutions...
Applying local search to 128 solutions...
Results saved to: results/barabasi_albert_10ins_m20/onlyLS/ba_64_1_7.csv
Best energy: -14578.000000
Total time: 0.0984s
Local search iterations: 46
----------------------------------------
  Seed 8/10 (seed=49)
Initialized onlyLS solver (GPU local search only). Results will be saved under 'onlyLS'.
Parameters:
  instance_name: ba_64_1_7.txt
  dataset: barabasi_albert_10ins_m20
  random_seed: 49
  n_random_solutions: 128
  max_local_iterations: 1000
  precision: 32 bits (<class 'numpy.float32'>)
  run_name: onlyLS
--------------------------------------------------
Generating 128 random solutions...
Applying local search to 128 solutions...
Results saved to: results/barabasi_albert_10ins_m20/onlyLS/ba_64_1_7.csv
Best energy: -14578.000000
Total time: 0.0996s
Local search iterations: 50
----------------------------------------
  Seed 9/10 (seed=50)
Initialized onlyLS solver (GPU local search only). Results will be saved under 'onlyLS'.
Parameters:
  instance_name: ba_64_1_7.txt
  dataset: barabasi_albert_10ins_m20
  random_seed: 50
  n_random_solutions: 128
  max_local_iterations: 1000
  precision: 32 bits (<class 'numpy.float32'>)
  run_name: onlyLS
--------------------------------------------------
Generating 128 random solutions...
Applying local search to 128 solutions...
Results saved to: results/barabasi_albert_10ins_m20/onlyLS/ba_64_1_7.csv
Best energy: -14578.000000
Total time: 0.0995s
Local search iterations: 51
----------------------------------------
  Seed 10/10 (seed=51)
Initialized onlyLS solver (GPU local search only). Results will be saved under 'onlyLS'.
Parameters:
  instance_name: ba_64_1_7.txt
  dataset: barabasi_albert_10ins_m20
  random_seed: 51
  n_random_solutions: 128
  max_local_iterations: 1000
  precision: 32 bits (<class 'numpy.float32'>)
  run_name: onlyLS
--------------------------------------------------
Generating 128 random solutions...
Applying local search to 128 solutions...
Results saved to: results/barabasi_albert_10ins_m20/onlyLS/ba_64_1_7.csv
Best energy: -14578.000000
Total time: 0.1065s
Local search iterations: 75
----------------------------------------
Processing instance: ba_64_1_8.txt
  Seed 1/10 (seed=42)
Initialized onlyLS solver (GPU local search only). Results will be saved under 'onlyLS'.
Parameters:
  instance_name: ba_64_1_8.txt
  dataset: barabasi_albert_10ins_m20
  random_seed: 42
  n_random_solutions: 128
  max_local_iterations: 1000
  precision: 32 bits (<class 'numpy.float32'>)
  run_name: onlyLS
--------------------------------------------------
Generating 128 random solutions...
Applying local search to 128 solutions...
Results saved to: results/barabasi_albert_10ins_m20/onlyLS/ba_64_1_8.csv
Best energy: -14387.000000
Total time: 0.1028s
Local search iterations: 63
----------------------------------------
  Seed 2/10 (seed=43)
Initialized onlyLS solver (GPU local search only). Results will be saved under 'onlyLS'.
Parameters:
  instance_name: ba_64_1_8.txt
  dataset: barabasi_albert_10ins_m20
  random_seed: 43
  n_random_solutions: 128
  max_local_iterations: 1000
  precision: 32 bits (<class 'numpy.float32'>)
  run_name: onlyLS
--------------------------------------------------
Generating 128 random solutions...
Applying local search to 128 solutions...
Results saved to: results/barabasi_albert_10ins_m20/onlyLS/ba_64_1_8.csv
Best energy: -14387.000000
Total time: 0.1025s
Local search iterations: 61
----------------------------------------
  Seed 3/10 (seed=44)
Initialized onlyLS solver (GPU local search only). Results will be saved under 'onlyLS'.
Parameters:
  instance_name: ba_64_1_8.txt
  dataset: barabasi_albert_10ins_m20
  random_seed: 44
  n_random_solutions: 128
  max_local_iterations: 1000
  precision: 32 bits (<class 'numpy.float32'>)
  run_name: onlyLS
--------------------------------------------------
Generating 128 random solutions...
Applying local search to 128 solutions...
Results saved to: results/barabasi_albert_10ins_m20/onlyLS/ba_64_1_8.csv
Best energy: -14387.000000
Total time: 0.1098s
Local search iterations: 86
----------------------------------------
  Seed 4/10 (seed=45)
Initialized onlyLS solver (GPU local search only). Results will be saved under 'onlyLS'.
Parameters:
  instance_name: ba_64_1_8.txt
  dataset: barabasi_albert_10ins_m20
  random_seed: 45
  n_random_solutions: 128
  max_local_iterations: 1000
  precision: 32 bits (<class 'numpy.float32'>)
  run_name: onlyLS
--------------------------------------------------
Generating 128 random solutions...
Applying local search to 128 solutions...
Results saved to: results/barabasi_albert_10ins_m20/onlyLS/ba_64_1_8.csv
Best energy: -14387.000000
Total time: 0.0981s
Local search iterations: 47
----------------------------------------
  Seed 5/10 (seed=46)
Initialized onlyLS solver (GPU local search only). Results will be saved under 'onlyLS'.
Parameters:
  instance_name: ba_64_1_8.txt
  dataset: barabasi_albert_10ins_m20
  random_seed: 46
  n_random_solutions: 128
  max_local_iterations: 1000
  precision: 32 bits (<class 'numpy.float32'>)
  run_name: onlyLS
--------------------------------------------------
Generating 128 random solutions...
Applying local search to 128 solutions...
Results saved to: results/barabasi_albert_10ins_m20/onlyLS/ba_64_1_8.csv
Best energy: -14385.000000
Total time: 0.1002s
Local search iterations: 54
----------------------------------------
  Seed 6/10 (seed=47)
Initialized onlyLS solver (GPU local search only). Results will be saved under 'onlyLS'.
Parameters:
  instance_name: ba_64_1_8.txt
  dataset: barabasi_albert_10ins_m20
  random_seed: 47
  n_random_solutions: 128
  max_local_iterations: 1000
  precision: 32 bits (<class 'numpy.float32'>)
  run_name: onlyLS
--------------------------------------------------
Generating 128 random solutions...
Applying local search to 128 solutions...
Results saved to: results/barabasi_albert_10ins_m20/onlyLS/ba_64_1_8.csv
Best energy: -14387.000000
Total time: 0.1100s
Local search iterations: 86
----------------------------------------
  Seed 7/10 (seed=48)
Initialized onlyLS solver (GPU local search only). Results will be saved under 'onlyLS'.
Parameters:
  instance_name: ba_64_1_8.txt
  dataset: barabasi_albert_10ins_m20
  random_seed: 48
  n_random_solutions: 128
  max_local_iterations: 1000
  precision: 32 bits (<class 'numpy.float32'>)
  run_name: onlyLS
--------------------------------------------------
Generating 128 random solutions...
Applying local search to 128 solutions...
Results saved to: results/barabasi_albert_10ins_m20/onlyLS/ba_64_1_8.csv
Best energy: -14387.000000
Total time: 0.1052s
Local search iterations: 70
----------------------------------------
  Seed 8/10 (seed=49)
Initialized onlyLS solver (GPU local search only). Results will be saved under 'onlyLS'.
Parameters:
  instance_name: ba_64_1_8.txt
  dataset: barabasi_albert_10ins_m20
  random_seed: 49
  n_random_solutions: 128
  max_local_iterations: 1000
  precision: 32 bits (<class 'numpy.float32'>)
  run_name: onlyLS
--------------------------------------------------
Generating 128 random solutions...
Applying local search to 128 solutions...
Results saved to: results/barabasi_albert_10ins_m20/onlyLS/ba_64_1_8.csv
Best energy: -14387.000000
Total time: 0.1200s
Local search iterations: 121
----------------------------------------
  Seed 9/10 (seed=50)
Initialized onlyLS solver (GPU local search only). Results will be saved under 'onlyLS'.
Parameters:
  instance_name: ba_64_1_8.txt
  dataset: barabasi_albert_10ins_m20
  random_seed: 50
  n_random_solutions: 128
  max_local_iterations: 1000
  precision: 32 bits (<class 'numpy.float32'>)
  run_name: onlyLS
--------------------------------------------------
Generating 128 random solutions...
Applying local search to 128 solutions...
Results saved to: results/barabasi_albert_10ins_m20/onlyLS/ba_64_1_8.csv
Best energy: -14387.000000
Total time: 0.1033s
Local search iterations: 62
----------------------------------------
  Seed 10/10 (seed=51)
Initialized onlyLS solver (GPU local search only). Results will be saved under 'onlyLS'.
Parameters:
  instance_name: ba_64_1_8.txt
  dataset: barabasi_albert_10ins_m20
  random_seed: 51
  n_random_solutions: 128
  max_local_iterations: 1000
  precision: 32 bits (<class 'numpy.float32'>)
  run_name: onlyLS
--------------------------------------------------
Generating 128 random solutions...
Applying local search to 128 solutions...
Results saved to: results/barabasi_albert_10ins_m20/onlyLS/ba_64_1_8.csv
Best energy: -14387.000000
Total time: 0.1106s
Local search iterations: 88
----------------------------------------
Processing instance: ba_64_1_9.txt
  Seed 1/10 (seed=42)
Initialized onlyLS solver (GPU local search only). Results will be saved under 'onlyLS'.
Parameters:
  instance_name: ba_64_1_9.txt
  dataset: barabasi_albert_10ins_m20
  random_seed: 42
  n_random_solutions: 128
  max_local_iterations: 1000
  precision: 32 bits (<class 'numpy.float32'>)
  run_name: onlyLS
--------------------------------------------------
Generating 128 random solutions...
Applying local search to 128 solutions...
Results saved to: results/barabasi_albert_10ins_m20/onlyLS/ba_64_1_9.csv
Best energy: -14005.000000
Total time: 0.1045s
Local search iterations: 67
----------------------------------------
  Seed 2/10 (seed=43)
Initialized onlyLS solver (GPU local search only). Results will be saved under 'onlyLS'.
Parameters:
  instance_name: ba_64_1_9.txt
  dataset: barabasi_albert_10ins_m20
  random_seed: 43
  n_random_solutions: 128
  max_local_iterations: 1000
  precision: 32 bits (<class 'numpy.float32'>)
  run_name: onlyLS
--------------------------------------------------
Generating 128 random solutions...
Applying local search to 128 solutions...
Results saved to: results/barabasi_albert_10ins_m20/onlyLS/ba_64_1_9.csv
Best energy: -14005.000000
Total time: 0.1054s
Local search iterations: 71
----------------------------------------
  Seed 3/10 (seed=44)
Initialized onlyLS solver (GPU local search only). Results will be saved under 'onlyLS'.
Parameters:
  instance_name: ba_64_1_9.txt
  dataset: barabasi_albert_10ins_m20
  random_seed: 44
  n_random_solutions: 128
  max_local_iterations: 1000
  precision: 32 bits (<class 'numpy.float32'>)
  run_name: onlyLS
--------------------------------------------------
Generating 128 random solutions...
Applying local search to 128 solutions...
Results saved to: results/barabasi_albert_10ins_m20/onlyLS/ba_64_1_9.csv
Best energy: -14011.000000
Total time: 0.1069s
Local search iterations: 76
----------------------------------------
  Seed 4/10 (seed=45)
Initialized onlyLS solver (GPU local search only). Results will be saved under 'onlyLS'.
Parameters:
  instance_name: ba_64_1_9.txt
  dataset: barabasi_albert_10ins_m20
  random_seed: 45
  n_random_solutions: 128
  max_local_iterations: 1000
  precision: 32 bits (<class 'numpy.float32'>)
  run_name: onlyLS
--------------------------------------------------
Generating 128 random solutions...
Applying local search to 128 solutions...
Results saved to: results/barabasi_albert_10ins_m20/onlyLS/ba_64_1_9.csv
Best energy: -14011.000000
Total time: 0.1086s
Local search iterations: 83
----------------------------------------
  Seed 5/10 (seed=46)
Initialized onlyLS solver (GPU local search only). Results will be saved under 'onlyLS'.
Parameters:
  instance_name: ba_64_1_9.txt
  dataset: barabasi_albert_10ins_m20
  random_seed: 46
  n_random_solutions: 128
  max_local_iterations: 1000
  precision: 32 bits (<class 'numpy.float32'>)
  run_name: onlyLS
--------------------------------------------------
Generating 128 random solutions...
Applying local search to 128 solutions...
Results saved to: results/barabasi_albert_10ins_m20/onlyLS/ba_64_1_9.csv
Best energy: -14011.000000
Total time: 0.0987s
Local search iterations: 49
----------------------------------------
  Seed 6/10 (seed=47)
Initialized onlyLS solver (GPU local search only). Results will be saved under 'onlyLS'.
Parameters:
  instance_name: ba_64_1_9.txt
  dataset: barabasi_albert_10ins_m20
  random_seed: 47
  n_random_solutions: 128
  max_local_iterations: 1000
  precision: 32 bits (<class 'numpy.float32'>)
  run_name: onlyLS
--------------------------------------------------
Generating 128 random solutions...
Applying local search to 128 solutions...
Results saved to: results/barabasi_albert_10ins_m20/onlyLS/ba_64_1_9.csv
Best energy: -14011.000000
Total time: 0.1064s
Local search iterations: 73
----------------------------------------
  Seed 7/10 (seed=48)
Initialized onlyLS solver (GPU local search only). Results will be saved under 'onlyLS'.
Parameters:
  instance_name: ba_64_1_9.txt
  dataset: barabasi_albert_10ins_m20
  random_seed: 48
  n_random_solutions: 128
  max_local_iterations: 1000
  precision: 32 bits (<class 'numpy.float32'>)
  run_name: onlyLS
--------------------------------------------------
Generating 128 random solutions...
Applying local search to 128 solutions...
Results saved to: results/barabasi_albert_10ins_m20/onlyLS/ba_64_1_9.csv
Best energy: -14011.000000
Total time: 0.0991s
Local search iterations: 49
----------------------------------------
  Seed 8/10 (seed=49)
Initialized onlyLS solver (GPU local search only). Results will be saved under 'onlyLS'.
Parameters:
  instance_name: ba_64_1_9.txt
  dataset: barabasi_albert_10ins_m20
  random_seed: 49
  n_random_solutions: 128
  max_local_iterations: 1000
  precision: 32 bits (<class 'numpy.float32'>)
  run_name: onlyLS
--------------------------------------------------
Generating 128 random solutions...
Applying local search to 128 solutions...
Results saved to: results/barabasi_albert_10ins_m20/onlyLS/ba_64_1_9.csv
Best energy: -14011.000000
Total time: 0.1126s
Local search iterations: 98
----------------------------------------
  Seed 9/10 (seed=50)
Initialized onlyLS solver (GPU local search only). Results will be saved under 'onlyLS'.
Parameters:
  instance_name: ba_64_1_9.txt
  dataset: barabasi_albert_10ins_m20
  random_seed: 50
  n_random_solutions: 128
  max_local_iterations: 1000
  precision: 32 bits (<class 'numpy.float32'>)
  run_name: onlyLS
--------------------------------------------------
Generating 128 random solutions...
Applying local search to 128 solutions...
Results saved to: results/barabasi_albert_10ins_m20/onlyLS/ba_64_1_9.csv
Best energy: -14005.000000
Total time: 0.1040s
Local search iterations: 66
----------------------------------------
  Seed 10/10 (seed=51)
Initialized onlyLS solver (GPU local search only). Results will be saved under 'onlyLS'.
Parameters:
  instance_name: ba_64_1_9.txt
  dataset: barabasi_albert_10ins_m20
  random_seed: 51
  n_random_solutions: 128
  max_local_iterations: 1000
  precision: 32 bits (<class 'numpy.float32'>)
  run_name: onlyLS
--------------------------------------------------
Generating 128 random solutions...
Applying local search to 128 solutions...
Results saved to: results/barabasi_albert_10ins_m20/onlyLS/ba_64_1_9.csv
Best energy: -14011.000000
Total time: 0.1121s
Local search iterations: 94
----------------------------------------
Processing instance: ba_65536_1_0.txt
  Seed 1/10 (seed=42)
Initialized onlyLS solver (GPU local search only). Results will be saved under 'onlyLS'.
Parameters:
  instance_name: ba_65536_1_0.txt
  dataset: barabasi_albert_10ins_m20
  random_seed: 42
  n_random_solutions: 128
  max_local_iterations: 1000
  precision: 32 bits (<class 'numpy.float32'>)
  run_name: onlyLS
--------------------------------------------------
Generating 128 random solutions...
Applying local search to 128 solutions...
Results saved to: results/barabasi_albert_10ins_m20/onlyLS/ba_65536_1_0.csv
Best energy: -16023259.000000
Total time: 0.4984s
Local search iterations: 55
----------------------------------------
  Seed 2/10 (seed=43)
Initialized onlyLS solver (GPU local search only). Results will be saved under 'onlyLS'.
Parameters:
  instance_name: ba_65536_1_0.txt
  dataset: barabasi_albert_10ins_m20
  random_seed: 43
  n_random_solutions: 128
  max_local_iterations: 1000
  precision: 32 bits (<class 'numpy.float32'>)
  run_name: onlyLS
--------------------------------------------------
Generating 128 random solutions...
Applying local search to 128 solutions...
Results saved to: results/barabasi_albert_10ins_m20/onlyLS/ba_65536_1_0.csv
Best energy: -16013785.000000
Total time: 0.4168s
Local search iterations: 66
----------------------------------------
  Seed 3/10 (seed=44)
Initialized onlyLS solver (GPU local search only). Results will be saved under 'onlyLS'.
Parameters:
  instance_name: ba_65536_1_0.txt
  dataset: barabasi_albert_10ins_m20
  random_seed: 44
  n_random_solutions: 128
  max_local_iterations: 1000
  precision: 32 bits (<class 'numpy.float32'>)
  run_name: onlyLS
--------------------------------------------------
Generating 128 random solutions...
Applying local search to 128 solutions...
Results saved to: results/barabasi_albert_10ins_m20/onlyLS/ba_65536_1_0.csv
Best energy: -16015947.000000
Total time: 0.3965s
Local search iterations: 60
----------------------------------------
  Seed 4/10 (seed=45)
Initialized onlyLS solver (GPU local search only). Results will be saved under 'onlyLS'.
Parameters:
  instance_name: ba_65536_1_0.txt
  dataset: barabasi_albert_10ins_m20
  random_seed: 45
  n_random_solutions: 128
  max_local_iterations: 1000
  precision: 32 bits (<class 'numpy.float32'>)
  run_name: onlyLS
--------------------------------------------------
Generating 128 random solutions...
Applying local search to 128 solutions...
Results saved to: results/barabasi_albert_10ins_m20/onlyLS/ba_65536_1_0.csv
Best energy: -16018157.000000
Total time: 0.3808s
Local search iterations: 57
----------------------------------------
  Seed 5/10 (seed=46)
Initialized onlyLS solver (GPU local search only). Results will be saved under 'onlyLS'.
Parameters:
  instance_name: ba_65536_1_0.txt
  dataset: barabasi_albert_10ins_m20
  random_seed: 46
  n_random_solutions: 128
  max_local_iterations: 1000
  precision: 32 bits (<class 'numpy.float32'>)
  run_name: onlyLS
--------------------------------------------------
Generating 128 random solutions...
Applying local search to 128 solutions...
Results saved to: results/barabasi_albert_10ins_m20/onlyLS/ba_65536_1_0.csv
Best energy: -16019859.000000
Total time: 0.4115s
Local search iterations: 65
----------------------------------------
  Seed 6/10 (seed=47)
Initialized onlyLS solver (GPU local search only). Results will be saved under 'onlyLS'.
Parameters:
  instance_name: ba_65536_1_0.txt
  dataset: barabasi_albert_10ins_m20
  random_seed: 47
  n_random_solutions: 128
  max_local_iterations: 1000
  precision: 32 bits (<class 'numpy.float32'>)
  run_name: onlyLS
--------------------------------------------------
Generating 128 random solutions...
Applying local search to 128 solutions...
Results saved to: results/barabasi_albert_10ins_m20/onlyLS/ba_65536_1_0.csv
Best energy: -16042501.000000
Total time: 0.4153s
Local search iterations: 66
----------------------------------------
  Seed 7/10 (seed=48)
Initialized onlyLS solver (GPU local search only). Results will be saved under 'onlyLS'.
Parameters:
  instance_name: ba_65536_1_0.txt
  dataset: barabasi_albert_10ins_m20
  random_seed: 48
  n_random_solutions: 128
  max_local_iterations: 1000
  precision: 32 bits (<class 'numpy.float32'>)
  run_name: onlyLS
--------------------------------------------------
Generating 128 random solutions...
Applying local search to 128 solutions...
Results saved to: results/barabasi_albert_10ins_m20/onlyLS/ba_65536_1_0.csv
Best energy: -16002781.000000
Total time: 0.3865s
Local search iterations: 58
----------------------------------------
  Seed 8/10 (seed=49)
Initialized onlyLS solver (GPU local search only). Results will be saved under 'onlyLS'.
Parameters:
  instance_name: ba_65536_1_0.txt
  dataset: barabasi_albert_10ins_m20
  random_seed: 49
  n_random_solutions: 128
  max_local_iterations: 1000
  precision: 32 bits (<class 'numpy.float32'>)
  run_name: onlyLS
--------------------------------------------------
Generating 128 random solutions...
Applying local search to 128 solutions...
Results saved to: results/barabasi_albert_10ins_m20/onlyLS/ba_65536_1_0.csv
Best energy: -16030971.000000
Total time: 0.3751s
Local search iterations: 54
----------------------------------------
  Seed 9/10 (seed=50)
Initialized onlyLS solver (GPU local search only). Results will be saved under 'onlyLS'.
Parameters:
  instance_name: ba_65536_1_0.txt
  dataset: barabasi_albert_10ins_m20
  random_seed: 50
  n_random_solutions: 128
  max_local_iterations: 1000
  precision: 32 bits (<class 'numpy.float32'>)
  run_name: onlyLS
--------------------------------------------------
Generating 128 random solutions...
Applying local search to 128 solutions...
Results saved to: results/barabasi_albert_10ins_m20/onlyLS/ba_65536_1_0.csv
Best energy: -16033651.000000
Total time: 0.3838s
Local search iterations: 58
----------------------------------------
  Seed 10/10 (seed=51)
Initialized onlyLS solver (GPU local search only). Results will be saved under 'onlyLS'.
Parameters:
  instance_name: ba_65536_1_0.txt
  dataset: barabasi_albert_10ins_m20
  random_seed: 51
  n_random_solutions: 128
  max_local_iterations: 1000
  precision: 32 bits (<class 'numpy.float32'>)
  run_name: onlyLS
--------------------------------------------------
Generating 128 random solutions...
Applying local search to 128 solutions...
Results saved to: results/barabasi_albert_10ins_m20/onlyLS/ba_65536_1_0.csv
Best energy: -16022845.000000
Total time: 0.3986s
Local search iterations: 62
----------------------------------------
Processing instance: ba_65536_1_1.txt
  Seed 1/10 (seed=42)
Initialized onlyLS solver (GPU local search only). Results will be saved under 'onlyLS'.
Parameters:
  instance_name: ba_65536_1_1.txt
  dataset: barabasi_albert_10ins_m20
  random_seed: 42
  n_random_solutions: 128
  max_local_iterations: 1000
  precision: 32 bits (<class 'numpy.float32'>)
  run_name: onlyLS
--------------------------------------------------
Generating 128 random solutions...
Applying local search to 128 solutions...
Results saved to: results/barabasi_albert_10ins_m20/onlyLS/ba_65536_1_1.csv
Best energy: -16029915.000000
Total time: 0.4747s
Local search iterations: 63
----------------------------------------
  Seed 2/10 (seed=43)
Initialized onlyLS solver (GPU local search only). Results will be saved under 'onlyLS'.
Parameters:
  instance_name: ba_65536_1_1.txt
  dataset: barabasi_albert_10ins_m20
  random_seed: 43
  n_random_solutions: 128
  max_local_iterations: 1000
  precision: 32 bits (<class 'numpy.float32'>)
  run_name: onlyLS
--------------------------------------------------
Generating 128 random solutions...
Applying local search to 128 solutions...
Results saved to: results/barabasi_albert_10ins_m20/onlyLS/ba_65536_1_1.csv
Best energy: -16023587.000000
Total time: 0.3954s
Local search iterations: 61
----------------------------------------
  Seed 3/10 (seed=44)
Initialized onlyLS solver (GPU local search only). Results will be saved under 'onlyLS'.
Parameters:
  instance_name: ba_65536_1_1.txt
  dataset: barabasi_albert_10ins_m20
  random_seed: 44
  n_random_solutions: 128
  max_local_iterations: 1000
  precision: 32 bits (<class 'numpy.float32'>)
  run_name: onlyLS
--------------------------------------------------
Generating 128 random solutions...
Applying local search to 128 solutions...
Results saved to: results/barabasi_albert_10ins_m20/onlyLS/ba_65536_1_1.csv
Best energy: -16023081.000000
Total time: 0.3749s
Local search iterations: 53
----------------------------------------
  Seed 4/10 (seed=45)
Initialized onlyLS solver (GPU local search only). Results will be saved under 'onlyLS'.
Parameters:
  instance_name: ba_65536_1_1.txt
  dataset: barabasi_albert_10ins_m20
  random_seed: 45
  n_random_solutions: 128
  max_local_iterations: 1000
  precision: 32 bits (<class 'numpy.float32'>)
  run_name: onlyLS
--------------------------------------------------
Generating 128 random solutions...
Applying local search to 128 solutions...
Results saved to: results/barabasi_albert_10ins_m20/onlyLS/ba_65536_1_1.csv
Best energy: -16010803.000000
Total time: 0.3819s
Local search iterations: 55
----------------------------------------
  Seed 5/10 (seed=46)
Initialized onlyLS solver (GPU local search only). Results will be saved under 'onlyLS'.
Parameters:
  instance_name: ba_65536_1_1.txt
  dataset: barabasi_albert_10ins_m20
  random_seed: 46
  n_random_solutions: 128
  max_local_iterations: 1000
  precision: 32 bits (<class 'numpy.float32'>)
  run_name: onlyLS
--------------------------------------------------
Generating 128 random solutions...
Applying local search to 128 solutions...
Results saved to: results/barabasi_albert_10ins_m20/onlyLS/ba_65536_1_1.csv
Best energy: -16039399.000000
Total time: 0.4147s
Local search iterations: 65
----------------------------------------
  Seed 6/10 (seed=47)
Initialized onlyLS solver (GPU local search only). Results will be saved under 'onlyLS'.
Parameters:
  instance_name: ba_65536_1_1.txt
  dataset: barabasi_albert_10ins_m20
  random_seed: 47
  n_random_solutions: 128
  max_local_iterations: 1000
  precision: 32 bits (<class 'numpy.float32'>)
  run_name: onlyLS
--------------------------------------------------
Generating 128 random solutions...
Applying local search to 128 solutions...
Results saved to: results/barabasi_albert_10ins_m20/onlyLS/ba_65536_1_1.csv
Best energy: -16038659.000000
Total time: 0.4968s
Local search iterations: 92
----------------------------------------
  Seed 7/10 (seed=48)
Initialized onlyLS solver (GPU local search only). Results will be saved under 'onlyLS'.
Parameters:
  instance_name: ba_65536_1_1.txt
  dataset: barabasi_albert_10ins_m20
  random_seed: 48
  n_random_solutions: 128
  max_local_iterations: 1000
  precision: 32 bits (<class 'numpy.float32'>)
  run_name: onlyLS
--------------------------------------------------
Generating 128 random solutions...
Applying local search to 128 solutions...
Results saved to: results/barabasi_albert_10ins_m20/onlyLS/ba_65536_1_1.csv
Best energy: -16018917.000000
Total time: 0.3781s
Local search iterations: 54
----------------------------------------
  Seed 8/10 (seed=49)
Initialized onlyLS solver (GPU local search only). Results will be saved under 'onlyLS'.
Parameters:
  instance_name: ba_65536_1_1.txt
  dataset: barabasi_albert_10ins_m20
  random_seed: 49
  n_random_solutions: 128
  max_local_iterations: 1000
  precision: 32 bits (<class 'numpy.float32'>)
  run_name: onlyLS
--------------------------------------------------
Generating 128 random solutions...
Applying local search to 128 solutions...
Results saved to: results/barabasi_albert_10ins_m20/onlyLS/ba_65536_1_1.csv
Best energy: -16011081.000000
Total time: 0.4490s
Local search iterations: 76
----------------------------------------
  Seed 9/10 (seed=50)
Initialized onlyLS solver (GPU local search only). Results will be saved under 'onlyLS'.
Parameters:
  instance_name: ba_65536_1_1.txt
  dataset: barabasi_albert_10ins_m20
  random_seed: 50
  n_random_solutions: 128
  max_local_iterations: 1000
  precision: 32 bits (<class 'numpy.float32'>)
  run_name: onlyLS
--------------------------------------------------
Generating 128 random solutions...
Applying local search to 128 solutions...
Results saved to: results/barabasi_albert_10ins_m20/onlyLS/ba_65536_1_1.csv
Best energy: -16038311.000000
Total time: 0.3826s
Local search iterations: 57
----------------------------------------
  Seed 10/10 (seed=51)
Initialized onlyLS solver (GPU local search only). Results will be saved under 'onlyLS'.
Parameters:
  instance_name: ba_65536_1_1.txt
  dataset: barabasi_albert_10ins_m20
  random_seed: 51
  n_random_solutions: 128
  max_local_iterations: 1000
  precision: 32 bits (<class 'numpy.float32'>)
  run_name: onlyLS
--------------------------------------------------
Generating 128 random solutions...
Applying local search to 128 solutions...
Results saved to: results/barabasi_albert_10ins_m20/onlyLS/ba_65536_1_1.csv
Best energy: -16021029.000000
Total time: 0.3858s
Local search iterations: 55
----------------------------------------
Processing instance: ba_65536_1_2.txt
  Seed 1/10 (seed=42)
Initialized onlyLS solver (GPU local search only). Results will be saved under 'onlyLS'.
Parameters:
  instance_name: ba_65536_1_2.txt
  dataset: barabasi_albert_10ins_m20
  random_seed: 42
  n_random_solutions: 128
  max_local_iterations: 1000
  precision: 32 bits (<class 'numpy.float32'>)
  run_name: onlyLS
--------------------------------------------------
Generating 128 random solutions...
Applying local search to 128 solutions...
Results saved to: results/barabasi_albert_10ins_m20/onlyLS/ba_65536_1_2.csv
Best energy: -16058840.000000
Total time: 0.5188s
Local search iterations: 64
----------------------------------------
  Seed 2/10 (seed=43)
Initialized onlyLS solver (GPU local search only). Results will be saved under 'onlyLS'.
Parameters:
  instance_name: ba_65536_1_2.txt
  dataset: barabasi_albert_10ins_m20
  random_seed: 43
  n_random_solutions: 128
  max_local_iterations: 1000
  precision: 32 bits (<class 'numpy.float32'>)
  run_name: onlyLS
--------------------------------------------------
Generating 128 random solutions...
Applying local search to 128 solutions...
Results saved to: results/barabasi_albert_10ins_m20/onlyLS/ba_65536_1_2.csv
Best energy: -16022348.000000
Total time: 0.4091s
Local search iterations: 66
----------------------------------------
  Seed 3/10 (seed=44)
Initialized onlyLS solver (GPU local search only). Results will be saved under 'onlyLS'.
Parameters:
  instance_name: ba_65536_1_2.txt
  dataset: barabasi_albert_10ins_m20
  random_seed: 44
  n_random_solutions: 128
  max_local_iterations: 1000
  precision: 32 bits (<class 'numpy.float32'>)
  run_name: onlyLS
--------------------------------------------------
Generating 128 random solutions...
Applying local search to 128 solutions...
Results saved to: results/barabasi_albert_10ins_m20/onlyLS/ba_65536_1_2.csv
Best energy: -16066228.000000
Total time: 0.3811s
Local search iterations: 54
----------------------------------------
  Seed 4/10 (seed=45)
Initialized onlyLS solver (GPU local search only). Results will be saved under 'onlyLS'.
Parameters:
  instance_name: ba_65536_1_2.txt
  dataset: barabasi_albert_10ins_m20
  random_seed: 45
  n_random_solutions: 128
  max_local_iterations: 1000
  precision: 32 bits (<class 'numpy.float32'>)
  run_name: onlyLS
--------------------------------------------------
Generating 128 random solutions...
Applying local search to 128 solutions...
Results saved to: results/barabasi_albert_10ins_m20/onlyLS/ba_65536_1_2.csv
Best energy: -16043692.000000
Total time: 0.3776s
Local search iterations: 54
----------------------------------------
  Seed 5/10 (seed=46)
Initialized onlyLS solver (GPU local search only). Results will be saved under 'onlyLS'.
Parameters:
  instance_name: ba_65536_1_2.txt
  dataset: barabasi_albert_10ins_m20
  random_seed: 46
  n_random_solutions: 128
  max_local_iterations: 1000
  precision: 32 bits (<class 'numpy.float32'>)
  run_name: onlyLS
--------------------------------------------------
Generating 128 random solutions...
Applying local search to 128 solutions...
Results saved to: results/barabasi_albert_10ins_m20/onlyLS/ba_65536_1_2.csv
Best energy: -16023238.000000
Total time: 0.3903s
Local search iterations: 60
----------------------------------------
  Seed 6/10 (seed=47)
Initialized onlyLS solver (GPU local search only). Results will be saved under 'onlyLS'.
Parameters:
  instance_name: ba_65536_1_2.txt
  dataset: barabasi_albert_10ins_m20
  random_seed: 47
  n_random_solutions: 128
  max_local_iterations: 1000
  precision: 32 bits (<class 'numpy.float32'>)
  run_name: onlyLS
--------------------------------------------------
Generating 128 random solutions...
Applying local search to 128 solutions...
Results saved to: results/barabasi_albert_10ins_m20/onlyLS/ba_65536_1_2.csv
Best energy: -16015778.000000
Total time: 0.5222s
Local search iterations: 100
----------------------------------------
  Seed 7/10 (seed=48)
Initialized onlyLS solver (GPU local search only). Results will be saved under 'onlyLS'.
Parameters:
  instance_name: ba_65536_1_2.txt
  dataset: barabasi_albert_10ins_m20
  random_seed: 48
  n_random_solutions: 128
  max_local_iterations: 1000
  precision: 32 bits (<class 'numpy.float32'>)
  run_name: onlyLS
--------------------------------------------------
Generating 128 random solutions...
Applying local search to 128 solutions...
Results saved to: results/barabasi_albert_10ins_m20/onlyLS/ba_65536_1_2.csv
Best energy: -16025586.000000
Total time: 0.3909s
Local search iterations: 59
----------------------------------------
  Seed 8/10 (seed=49)
Initialized onlyLS solver (GPU local search only). Results will be saved under 'onlyLS'.
Parameters:
  instance_name: ba_65536_1_2.txt
  dataset: barabasi_albert_10ins_m20
  random_seed: 49
  n_random_solutions: 128
  max_local_iterations: 1000
  precision: 32 bits (<class 'numpy.float32'>)
  run_name: onlyLS
--------------------------------------------------
Generating 128 random solutions...
Applying local search to 128 solutions...
Results saved to: results/barabasi_albert_10ins_m20/onlyLS/ba_65536_1_2.csv
Best energy: -16029138.000000
Total time: 0.4003s
Local search iterations: 63
----------------------------------------
  Seed 9/10 (seed=50)
Initialized onlyLS solver (GPU local search only). Results will be saved under 'onlyLS'.
Parameters:
  instance_name: ba_65536_1_2.txt
  dataset: barabasi_albert_10ins_m20
  random_seed: 50
  n_random_solutions: 128
  max_local_iterations: 1000
  precision: 32 bits (<class 'numpy.float32'>)
  run_name: onlyLS
--------------------------------------------------
Generating 128 random solutions...
Applying local search to 128 solutions...
Results saved to: results/barabasi_albert_10ins_m20/onlyLS/ba_65536_1_2.csv
Best energy: -16040402.000000
Total time: 0.3772s
Local search iterations: 55
----------------------------------------
  Seed 10/10 (seed=51)
Initialized onlyLS solver (GPU local search only). Results will be saved under 'onlyLS'.
Parameters:
  instance_name: ba_65536_1_2.txt
  dataset: barabasi_albert_10ins_m20
  random_seed: 51
  n_random_solutions: 128
  max_local_iterations: 1000
  precision: 32 bits (<class 'numpy.float32'>)
  run_name: onlyLS
--------------------------------------------------
Generating 128 random solutions...
Applying local search to 128 solutions...
Results saved to: results/barabasi_albert_10ins_m20/onlyLS/ba_65536_1_2.csv
Best energy: -16018914.000000
Total time: 0.4053s
Local search iterations: 64
----------------------------------------
Processing instance: ba_65536_1_3.txt
  Seed 1/10 (seed=42)
Initialized onlyLS solver (GPU local search only). Results will be saved under 'onlyLS'.
Parameters:
  instance_name: ba_65536_1_3.txt
  dataset: barabasi_albert_10ins_m20
  random_seed: 42
  n_random_solutions: 128
  max_local_iterations: 1000
  precision: 32 bits (<class 'numpy.float32'>)
  run_name: onlyLS
--------------------------------------------------
Generating 128 random solutions...
Applying local search to 128 solutions...
Results saved to: results/barabasi_albert_10ins_m20/onlyLS/ba_65536_1_3.csv
Best energy: -16049632.000000
Total time: 0.6728s
Local search iterations: 64
----------------------------------------
  Seed 2/10 (seed=43)
Initialized onlyLS solver (GPU local search only). Results will be saved under 'onlyLS'.
Parameters:
  instance_name: ba_65536_1_3.txt
  dataset: barabasi_albert_10ins_m20
  random_seed: 43
  n_random_solutions: 128
  max_local_iterations: 1000
  precision: 32 bits (<class 'numpy.float32'>)
  run_name: onlyLS
--------------------------------------------------
Generating 128 random solutions...
Applying local search to 128 solutions...
Results saved to: results/barabasi_albert_10ins_m20/onlyLS/ba_65536_1_3.csv
Best energy: -16026174.000000
Total time: 0.4033s
Local search iterations: 62
----------------------------------------
  Seed 3/10 (seed=44)
Initialized onlyLS solver (GPU local search only). Results will be saved under 'onlyLS'.
Parameters:
  instance_name: ba_65536_1_3.txt
  dataset: barabasi_albert_10ins_m20
  random_seed: 44
  n_random_solutions: 128
  max_local_iterations: 1000
  precision: 32 bits (<class 'numpy.float32'>)
  run_name: onlyLS
--------------------------------------------------
Generating 128 random solutions...
Applying local search to 128 solutions...
Results saved to: results/barabasi_albert_10ins_m20/onlyLS/ba_65536_1_3.csv
Best energy: -16030572.000000
Total time: 0.3735s
Local search iterations: 52
----------------------------------------
  Seed 4/10 (seed=45)
Initialized onlyLS solver (GPU local search only). Results will be saved under 'onlyLS'.
Parameters:
  instance_name: ba_65536_1_3.txt
  dataset: barabasi_albert_10ins_m20
  random_seed: 45
  n_random_solutions: 128
  max_local_iterations: 1000
  precision: 32 bits (<class 'numpy.float32'>)
  run_name: onlyLS
--------------------------------------------------
Generating 128 random solutions...
Applying local search to 128 solutions...
Results saved to: results/barabasi_albert_10ins_m20/onlyLS/ba_65536_1_3.csv
Best energy: -16029390.000000
Total time: 0.3640s
Local search iterations: 52
----------------------------------------
  Seed 5/10 (seed=46)
Initialized onlyLS solver (GPU local search only). Results will be saved under 'onlyLS'.
Parameters:
  instance_name: ba_65536_1_3.txt
  dataset: barabasi_albert_10ins_m20
  random_seed: 46
  n_random_solutions: 128
  max_local_iterations: 1000
  precision: 32 bits (<class 'numpy.float32'>)
  run_name: onlyLS
--------------------------------------------------
Generating 128 random solutions...
Applying local search to 128 solutions...
Results saved to: results/barabasi_albert_10ins_m20/onlyLS/ba_65536_1_3.csv
Best energy: -16045980.000000
Total time: 0.4095s
Local search iterations: 63
----------------------------------------
  Seed 6/10 (seed=47)
Initialized onlyLS solver (GPU local search only). Results will be saved under 'onlyLS'.
Parameters:
  instance_name: ba_65536_1_3.txt
  dataset: barabasi_albert_10ins_m20
  random_seed: 47
  n_random_solutions: 128
  max_local_iterations: 1000
  precision: 32 bits (<class 'numpy.float32'>)
  run_name: onlyLS
--------------------------------------------------
Generating 128 random solutions...
Applying local search to 128 solutions...
Results saved to: results/barabasi_albert_10ins_m20/onlyLS/ba_65536_1_3.csv
Best energy: -16009662.000000
Total time: 0.4900s
Local search iterations: 91
----------------------------------------
  Seed 7/10 (seed=48)
Initialized onlyLS solver (GPU local search only). Results will be saved under 'onlyLS'.
Parameters:
  instance_name: ba_65536_1_3.txt
  dataset: barabasi_albert_10ins_m20
  random_seed: 48
  n_random_solutions: 128
  max_local_iterations: 1000
  precision: 32 bits (<class 'numpy.float32'>)
  run_name: onlyLS
--------------------------------------------------
Generating 128 random solutions...
Applying local search to 128 solutions...
Results saved to: results/barabasi_albert_10ins_m20/onlyLS/ba_65536_1_3.csv
Best energy: -16025524.000000
Total time: 0.4022s
Local search iterations: 62
----------------------------------------
  Seed 8/10 (seed=49)
Initialized onlyLS solver (GPU local search only). Results will be saved under 'onlyLS'.
Parameters:
  instance_name: ba_65536_1_3.txt
  dataset: barabasi_albert_10ins_m20
  random_seed: 49
  n_random_solutions: 128
  max_local_iterations: 1000
  precision: 32 bits (<class 'numpy.float32'>)
  run_name: onlyLS
--------------------------------------------------
Generating 128 random solutions...
Applying local search to 128 solutions...
Results saved to: results/barabasi_albert_10ins_m20/onlyLS/ba_65536_1_3.csv
Best energy: -16030308.000000
Total time: 0.3883s
Local search iterations: 58
----------------------------------------
  Seed 9/10 (seed=50)
Initialized onlyLS solver (GPU local search only). Results will be saved under 'onlyLS'.
Parameters:
  instance_name: ba_65536_1_3.txt
  dataset: barabasi_albert_10ins_m20
  random_seed: 50
  n_random_solutions: 128
  max_local_iterations: 1000
  precision: 32 bits (<class 'numpy.float32'>)
  run_name: onlyLS
--------------------------------------------------
Generating 128 random solutions...
Applying local search to 128 solutions...
Results saved to: results/barabasi_albert_10ins_m20/onlyLS/ba_65536_1_3.csv
Best energy: -16035296.000000
Total time: 0.4429s
Local search iterations: 73
----------------------------------------
  Seed 10/10 (seed=51)
Initialized onlyLS solver (GPU local search only). Results will be saved under 'onlyLS'.
Parameters:
  instance_name: ba_65536_1_3.txt
  dataset: barabasi_albert_10ins_m20
  random_seed: 51
  n_random_solutions: 128
  max_local_iterations: 1000
  precision: 32 bits (<class 'numpy.float32'>)
  run_name: onlyLS
--------------------------------------------------
Generating 128 random solutions...
Applying local search to 128 solutions...
Results saved to: results/barabasi_albert_10ins_m20/onlyLS/ba_65536_1_3.csv
Best energy: -16063158.000000
Total time: 0.3861s
Local search iterations: 59
----------------------------------------
Processing instance: ba_65536_1_4.txt
  Seed 1/10 (seed=42)
Initialized onlyLS solver (GPU local search only). Results will be saved under 'onlyLS'.
Parameters:
  instance_name: ba_65536_1_4.txt
  dataset: barabasi_albert_10ins_m20
  random_seed: 42
  n_random_solutions: 128
  max_local_iterations: 1000
  precision: 32 bits (<class 'numpy.float32'>)
  run_name: onlyLS
--------------------------------------------------
Generating 128 random solutions...
Applying local search to 128 solutions...
Results saved to: results/barabasi_albert_10ins_m20/onlyLS/ba_65536_1_4.csv
Best energy: -16015976.000000
Total time: 0.4952s
Local search iterations: 56
----------------------------------------
  Seed 2/10 (seed=43)
Initialized onlyLS solver (GPU local search only). Results will be saved under 'onlyLS'.
Parameters:
  instance_name: ba_65536_1_4.txt
  dataset: barabasi_albert_10ins_m20
  random_seed: 43
  n_random_solutions: 128
  max_local_iterations: 1000
  precision: 32 bits (<class 'numpy.float32'>)
  run_name: onlyLS
--------------------------------------------------
Generating 128 random solutions...
Applying local search to 128 solutions...
Results saved to: results/barabasi_albert_10ins_m20/onlyLS/ba_65536_1_4.csv
Best energy: -16010068.000000
Total time: 0.4116s
Local search iterations: 64
----------------------------------------
  Seed 3/10 (seed=44)
Initialized onlyLS solver (GPU local search only). Results will be saved under 'onlyLS'.
Parameters:
  instance_name: ba_65536_1_4.txt
  dataset: barabasi_albert_10ins_m20
  random_seed: 44
  n_random_solutions: 128
  max_local_iterations: 1000
  precision: 32 bits (<class 'numpy.float32'>)
  run_name: onlyLS
--------------------------------------------------
Generating 128 random solutions...
Applying local search to 128 solutions...
Results saved to: results/barabasi_albert_10ins_m20/onlyLS/ba_65536_1_4.csv
Best energy: -16045146.000000
Total time: 0.3593s
Local search iterations: 50
----------------------------------------
  Seed 4/10 (seed=45)
Initialized onlyLS solver (GPU local search only). Results will be saved under 'onlyLS'.
Parameters:
  instance_name: ba_65536_1_4.txt
  dataset: barabasi_albert_10ins_m20
  random_seed: 45
  n_random_solutions: 128
  max_local_iterations: 1000
  precision: 32 bits (<class 'numpy.float32'>)
  run_name: onlyLS
--------------------------------------------------
Generating 128 random solutions...
Applying local search to 128 solutions...
Results saved to: results/barabasi_albert_10ins_m20/onlyLS/ba_65536_1_4.csv
Best energy: -16024470.000000
Total time: 0.3869s
Local search iterations: 58
----------------------------------------
  Seed 5/10 (seed=46)
Initialized onlyLS solver (GPU local search only). Results will be saved under 'onlyLS'.
Parameters:
  instance_name: ba_65536_1_4.txt
  dataset: barabasi_albert_10ins_m20
  random_seed: 46
  n_random_solutions: 128
  max_local_iterations: 1000
  precision: 32 bits (<class 'numpy.float32'>)
  run_name: onlyLS
--------------------------------------------------
Generating 128 random solutions...
Applying local search to 128 solutions...
Results saved to: results/barabasi_albert_10ins_m20/onlyLS/ba_65536_1_4.csv
Best energy: -16025448.000000
Total time: 0.4095s
Local search iterations: 65
----------------------------------------
  Seed 6/10 (seed=47)
Initialized onlyLS solver (GPU local search only). Results will be saved under 'onlyLS'.
Parameters:
  instance_name: ba_65536_1_4.txt
  dataset: barabasi_albert_10ins_m20
  random_seed: 47
  n_random_solutions: 128
  max_local_iterations: 1000
  precision: 32 bits (<class 'numpy.float32'>)
  run_name: onlyLS
--------------------------------------------------
Generating 128 random solutions...
Applying local search to 128 solutions...
Results saved to: results/barabasi_albert_10ins_m20/onlyLS/ba_65536_1_4.csv
Best energy: -16033330.000000
Total time: 0.3597s
Local search iterations: 50
----------------------------------------
  Seed 7/10 (seed=48)
Initialized onlyLS solver (GPU local search only). Results will be saved under 'onlyLS'.
Parameters:
  instance_name: ba_65536_1_4.txt
  dataset: barabasi_albert_10ins_m20
  random_seed: 48
  n_random_solutions: 128
  max_local_iterations: 1000
  precision: 32 bits (<class 'numpy.float32'>)
  run_name: onlyLS
--------------------------------------------------
Generating 128 random solutions...
Applying local search to 128 solutions...
Results saved to: results/barabasi_albert_10ins_m20/onlyLS/ba_65536_1_4.csv
Best energy: -15994936.000000
Total time: 0.4031s
Local search iterations: 62
----------------------------------------
  Seed 8/10 (seed=49)
Initialized onlyLS solver (GPU local search only). Results will be saved under 'onlyLS'.
Parameters:
  instance_name: ba_65536_1_4.txt
  dataset: barabasi_albert_10ins_m20
  random_seed: 49
  n_random_solutions: 128
  max_local_iterations: 1000
  precision: 32 bits (<class 'numpy.float32'>)
  run_name: onlyLS
--------------------------------------------------
Generating 128 random solutions...
Applying local search to 128 solutions...
Results saved to: results/barabasi_albert_10ins_m20/onlyLS/ba_65536_1_4.csv
Best energy: -16008932.000000
Total time: 0.3778s
Local search iterations: 56
----------------------------------------
  Seed 9/10 (seed=50)
Initialized onlyLS solver (GPU local search only). Results will be saved under 'onlyLS'.
Parameters:
  instance_name: ba_65536_1_4.txt
  dataset: barabasi_albert_10ins_m20
  random_seed: 50
  n_random_solutions: 128
  max_local_iterations: 1000
  precision: 32 bits (<class 'numpy.float32'>)
  run_name: onlyLS
--------------------------------------------------
Generating 128 random solutions...
Applying local search to 128 solutions...
Results saved to: results/barabasi_albert_10ins_m20/onlyLS/ba_65536_1_4.csv
Best energy: -16009134.000000
Total time: 0.4060s
Local search iterations: 65
----------------------------------------
  Seed 10/10 (seed=51)
Initialized onlyLS solver (GPU local search only). Results will be saved under 'onlyLS'.
Parameters:
  instance_name: ba_65536_1_4.txt
  dataset: barabasi_albert_10ins_m20
  random_seed: 51
  n_random_solutions: 128
  max_local_iterations: 1000
  precision: 32 bits (<class 'numpy.float32'>)
  run_name: onlyLS
--------------------------------------------------
Generating 128 random solutions...
Applying local search to 128 solutions...
Results saved to: results/barabasi_albert_10ins_m20/onlyLS/ba_65536_1_4.csv
Best energy: -16019068.000000
Total time: 0.3838s
Local search iterations: 55
----------------------------------------
Processing instance: ba_65536_1_5.txt
  Seed 1/10 (seed=42)
Initialized onlyLS solver (GPU local search only). Results will be saved under 'onlyLS'.
Parameters:
  instance_name: ba_65536_1_5.txt
  dataset: barabasi_albert_10ins_m20
  random_seed: 42
  n_random_solutions: 128
  max_local_iterations: 1000
  precision: 32 bits (<class 'numpy.float32'>)
  run_name: onlyLS
--------------------------------------------------
Generating 128 random solutions...
Applying local search to 128 solutions...
Results saved to: results/barabasi_albert_10ins_m20/onlyLS/ba_65536_1_5.csv
Best energy: -16027687.000000
Total time: 0.4413s
Local search iterations: 55
----------------------------------------
  Seed 2/10 (seed=43)
Initialized onlyLS solver (GPU local search only). Results will be saved under 'onlyLS'.
Parameters:
  instance_name: ba_65536_1_5.txt
  dataset: barabasi_albert_10ins_m20
  random_seed: 43
  n_random_solutions: 128
  max_local_iterations: 1000
  precision: 32 bits (<class 'numpy.float32'>)
  run_name: onlyLS
--------------------------------------------------
Generating 128 random solutions...
Applying local search to 128 solutions...
Results saved to: results/barabasi_albert_10ins_m20/onlyLS/ba_65536_1_5.csv
Best energy: -16016031.000000
Total time: 0.3977s
Local search iterations: 62
----------------------------------------
  Seed 3/10 (seed=44)
Initialized onlyLS solver (GPU local search only). Results will be saved under 'onlyLS'.
Parameters:
  instance_name: ba_65536_1_5.txt
  dataset: barabasi_albert_10ins_m20
  random_seed: 44
  n_random_solutions: 128
  max_local_iterations: 1000
  precision: 32 bits (<class 'numpy.float32'>)
  run_name: onlyLS
--------------------------------------------------
Generating 128 random solutions...
Applying local search to 128 solutions...
Results saved to: results/barabasi_albert_10ins_m20/onlyLS/ba_65536_1_5.csv
Best energy: -16022849.000000
Total time: 0.4239s
Local search iterations: 67
----------------------------------------
  Seed 4/10 (seed=45)
Initialized onlyLS solver (GPU local search only). Results will be saved under 'onlyLS'.
Parameters:
  instance_name: ba_65536_1_5.txt
  dataset: barabasi_albert_10ins_m20
  random_seed: 45
  n_random_solutions: 128
  max_local_iterations: 1000
  precision: 32 bits (<class 'numpy.float32'>)
  run_name: onlyLS
--------------------------------------------------
Generating 128 random solutions...
Applying local search to 128 solutions...
Results saved to: results/barabasi_albert_10ins_m20/onlyLS/ba_65536_1_5.csv
Best energy: -16012511.000000
Total time: 0.3787s
Local search iterations: 55
----------------------------------------
  Seed 5/10 (seed=46)
Initialized onlyLS solver (GPU local search only). Results will be saved under 'onlyLS'.
Parameters:
  instance_name: ba_65536_1_5.txt
  dataset: barabasi_albert_10ins_m20
  random_seed: 46
  n_random_solutions: 128
  max_local_iterations: 1000
  precision: 32 bits (<class 'numpy.float32'>)
  run_name: onlyLS
--------------------------------------------------
Generating 128 random solutions...
Applying local search to 128 solutions...
Results saved to: results/barabasi_albert_10ins_m20/onlyLS/ba_65536_1_5.csv
Best energy: -16021363.000000
Total time: 0.3990s
Local search iterations: 63
----------------------------------------
  Seed 6/10 (seed=47)
Initialized onlyLS solver (GPU local search only). Results will be saved under 'onlyLS'.
Parameters:
  instance_name: ba_65536_1_5.txt
  dataset: barabasi_albert_10ins_m20
  random_seed: 47
  n_random_solutions: 128
  max_local_iterations: 1000
  precision: 32 bits (<class 'numpy.float32'>)
  run_name: onlyLS
--------------------------------------------------
Generating 128 random solutions...
Applying local search to 128 solutions...
Results saved to: results/barabasi_albert_10ins_m20/onlyLS/ba_65536_1_5.csv
Best energy: -16029423.000000
Total time: 0.4183s
Local search iterations: 66
----------------------------------------
  Seed 7/10 (seed=48)
Initialized onlyLS solver (GPU local search only). Results will be saved under 'onlyLS'.
Parameters:
  instance_name: ba_65536_1_5.txt
  dataset: barabasi_albert_10ins_m20
  random_seed: 48
  n_random_solutions: 128
  max_local_iterations: 1000
  precision: 32 bits (<class 'numpy.float32'>)
  run_name: onlyLS
--------------------------------------------------
Generating 128 random solutions...
Applying local search to 128 solutions...
Results saved to: results/barabasi_albert_10ins_m20/onlyLS/ba_65536_1_5.csv
Best energy: -16028365.000000
Total time: 0.3650s
Local search iterations: 51
----------------------------------------
  Seed 8/10 (seed=49)
Initialized onlyLS solver (GPU local search only). Results will be saved under 'onlyLS'.
Parameters:
  instance_name: ba_65536_1_5.txt
  dataset: barabasi_albert_10ins_m20
  random_seed: 49
  n_random_solutions: 128
  max_local_iterations: 1000
  precision: 32 bits (<class 'numpy.float32'>)
  run_name: onlyLS
--------------------------------------------------
Generating 128 random solutions...
Applying local search to 128 solutions...
Results saved to: results/barabasi_albert_10ins_m20/onlyLS/ba_65536_1_5.csv
Best energy: -16048695.000000
Total time: 0.3893s
Local search iterations: 60
----------------------------------------
  Seed 9/10 (seed=50)
Initialized onlyLS solver (GPU local search only). Results will be saved under 'onlyLS'.
Parameters:
  instance_name: ba_65536_1_5.txt
  dataset: barabasi_albert_10ins_m20
  random_seed: 50
  n_random_solutions: 128
  max_local_iterations: 1000
  precision: 32 bits (<class 'numpy.float32'>)
  run_name: onlyLS
--------------------------------------------------
Generating 128 random solutions...
Applying local search to 128 solutions...
Results saved to: results/barabasi_albert_10ins_m20/onlyLS/ba_65536_1_5.csv
Best energy: -16021425.000000
Total time: 0.4331s
Local search iterations: 70
----------------------------------------
  Seed 10/10 (seed=51)
Initialized onlyLS solver (GPU local search only). Results will be saved under 'onlyLS'.
Parameters:
  instance_name: ba_65536_1_5.txt
  dataset: barabasi_albert_10ins_m20
  random_seed: 51
  n_random_solutions: 128
  max_local_iterations: 1000
  precision: 32 bits (<class 'numpy.float32'>)
  run_name: onlyLS
--------------------------------------------------
Generating 128 random solutions...
Applying local search to 128 solutions...
Results saved to: results/barabasi_albert_10ins_m20/onlyLS/ba_65536_1_5.csv
Best energy: -16043985.000000
Total time: 0.3910s
Local search iterations: 58
----------------------------------------
Processing instance: ba_65536_1_6.txt
  Seed 1/10 (seed=42)
Initialized onlyLS solver (GPU local search only). Results will be saved under 'onlyLS'.
Parameters:
  instance_name: ba_65536_1_6.txt
  dataset: barabasi_albert_10ins_m20
  random_seed: 42
  n_random_solutions: 128
  max_local_iterations: 1000
  precision: 32 bits (<class 'numpy.float32'>)
  run_name: onlyLS
--------------------------------------------------
Generating 128 random solutions...
Applying local search to 128 solutions...
Results saved to: results/barabasi_albert_10ins_m20/onlyLS/ba_65536_1_6.csv
Best energy: -16005772.000000
Total time: 0.4686s
Local search iterations: 59
----------------------------------------
  Seed 2/10 (seed=43)
Initialized onlyLS solver (GPU local search only). Results will be saved under 'onlyLS'.
Parameters:
  instance_name: ba_65536_1_6.txt
  dataset: barabasi_albert_10ins_m20
  random_seed: 43
  n_random_solutions: 128
  max_local_iterations: 1000
  precision: 32 bits (<class 'numpy.float32'>)
  run_name: onlyLS
--------------------------------------------------
Generating 128 random solutions...
Applying local search to 128 solutions...
Results saved to: results/barabasi_albert_10ins_m20/onlyLS/ba_65536_1_6.csv
Best energy: -16005622.000000
Total time: 0.4047s
Local search iterations: 62
----------------------------------------
  Seed 3/10 (seed=44)
Initialized onlyLS solver (GPU local search only). Results will be saved under 'onlyLS'.
Parameters:
  instance_name: ba_65536_1_6.txt
  dataset: barabasi_albert_10ins_m20
  random_seed: 44
  n_random_solutions: 128
  max_local_iterations: 1000
  precision: 32 bits (<class 'numpy.float32'>)
  run_name: onlyLS
--------------------------------------------------
Generating 128 random solutions...
Applying local search to 128 solutions...
Results saved to: results/barabasi_albert_10ins_m20/onlyLS/ba_65536_1_6.csv
Best energy: -16004334.000000
Total time: 0.3984s
Local search iterations: 61
----------------------------------------
  Seed 4/10 (seed=45)
Initialized onlyLS solver (GPU local search only). Results will be saved under 'onlyLS'.
Parameters:
  instance_name: ba_65536_1_6.txt
  dataset: barabasi_albert_10ins_m20
  random_seed: 45
  n_random_solutions: 128
  max_local_iterations: 1000
  precision: 32 bits (<class 'numpy.float32'>)
  run_name: onlyLS
--------------------------------------------------
Generating 128 random solutions...
Applying local search to 128 solutions...
Results saved to: results/barabasi_albert_10ins_m20/onlyLS/ba_65536_1_6.csv
Best energy: -16012248.000000
Total time: 0.3845s
Local search iterations: 58
----------------------------------------
  Seed 5/10 (seed=46)
Initialized onlyLS solver (GPU local search only). Results will be saved under 'onlyLS'.
Parameters:
  instance_name: ba_65536_1_6.txt
  dataset: barabasi_albert_10ins_m20
  random_seed: 46
  n_random_solutions: 128
  max_local_iterations: 1000
  precision: 32 bits (<class 'numpy.float32'>)
  run_name: onlyLS
--------------------------------------------------
Generating 128 random solutions...
Applying local search to 128 solutions...
Results saved to: results/barabasi_albert_10ins_m20/onlyLS/ba_65536_1_6.csv
Best energy: -15998946.000000
Total time: 0.3857s
Local search iterations: 58
----------------------------------------
  Seed 6/10 (seed=47)
Initialized onlyLS solver (GPU local search only). Results will be saved under 'onlyLS'.
Parameters:
  instance_name: ba_65536_1_6.txt
  dataset: barabasi_albert_10ins_m20
  random_seed: 47
  n_random_solutions: 128
  max_local_iterations: 1000
  precision: 32 bits (<class 'numpy.float32'>)
  run_name: onlyLS
--------------------------------------------------
Generating 128 random solutions...
Applying local search to 128 solutions...
Results saved to: results/barabasi_albert_10ins_m20/onlyLS/ba_65536_1_6.csv
Best energy: -16064712.000000
Total time: 0.4865s
Local search iterations: 89
----------------------------------------
  Seed 7/10 (seed=48)
Initialized onlyLS solver (GPU local search only). Results will be saved under 'onlyLS'.
Parameters:
  instance_name: ba_65536_1_6.txt
  dataset: barabasi_albert_10ins_m20
  random_seed: 48
  n_random_solutions: 128
  max_local_iterations: 1000
  precision: 32 bits (<class 'numpy.float32'>)
  run_name: onlyLS
--------------------------------------------------
Generating 128 random solutions...
Applying local search to 128 solutions...
Results saved to: results/barabasi_albert_10ins_m20/onlyLS/ba_65536_1_6.csv
Best energy: -16032152.000000
Total time: 0.3669s
Local search iterations: 53
----------------------------------------
  Seed 8/10 (seed=49)
Initialized onlyLS solver (GPU local search only). Results will be saved under 'onlyLS'.
Parameters:
  instance_name: ba_65536_1_6.txt
  dataset: barabasi_albert_10ins_m20
  random_seed: 49
  n_random_solutions: 128
  max_local_iterations: 1000
  precision: 32 bits (<class 'numpy.float32'>)
  run_name: onlyLS
--------------------------------------------------
Generating 128 random solutions...
Applying local search to 128 solutions...
Results saved to: results/barabasi_albert_10ins_m20/onlyLS/ba_65536_1_6.csv
Best energy: -16026686.000000
Total time: 0.4036s
Local search iterations: 62
----------------------------------------
  Seed 9/10 (seed=50)
Initialized onlyLS solver (GPU local search only). Results will be saved under 'onlyLS'.
Parameters:
  instance_name: ba_65536_1_6.txt
  dataset: barabasi_albert_10ins_m20
  random_seed: 50
  n_random_solutions: 128
  max_local_iterations: 1000
  precision: 32 bits (<class 'numpy.float32'>)
  run_name: onlyLS
--------------------------------------------------
Generating 128 random solutions...
Applying local search to 128 solutions...
Results saved to: results/barabasi_albert_10ins_m20/onlyLS/ba_65536_1_6.csv
Best energy: -15981162.000000
Total time: 0.4166s
Local search iterations: 65
----------------------------------------
  Seed 10/10 (seed=51)
Initialized onlyLS solver (GPU local search only). Results will be saved under 'onlyLS'.
Parameters:
  instance_name: ba_65536_1_6.txt
  dataset: barabasi_albert_10ins_m20
  random_seed: 51
  n_random_solutions: 128
  max_local_iterations: 1000
  precision: 32 bits (<class 'numpy.float32'>)
  run_name: onlyLS
--------------------------------------------------
Generating 128 random solutions...
Applying local search to 128 solutions...
Results saved to: results/barabasi_albert_10ins_m20/onlyLS/ba_65536_1_6.csv
Best energy: -16005470.000000
Total time: 0.3950s
Local search iterations: 62
----------------------------------------
Processing instance: ba_65536_1_7.txt
  Seed 1/10 (seed=42)
Initialized onlyLS solver (GPU local search only). Results will be saved under 'onlyLS'.
Parameters:
  instance_name: ba_65536_1_7.txt
  dataset: barabasi_albert_10ins_m20
  random_seed: 42
  n_random_solutions: 128
  max_local_iterations: 1000
  precision: 32 bits (<class 'numpy.float32'>)
  run_name: onlyLS
--------------------------------------------------
Generating 128 random solutions...
Applying local search to 128 solutions...
Results saved to: results/barabasi_albert_10ins_m20/onlyLS/ba_65536_1_7.csv
Best energy: -16054316.000000
Total time: 0.4655s
Local search iterations: 59
----------------------------------------
  Seed 2/10 (seed=43)
Initialized onlyLS solver (GPU local search only). Results will be saved under 'onlyLS'.
Parameters:
  instance_name: ba_65536_1_7.txt
  dataset: barabasi_albert_10ins_m20
  random_seed: 43
  n_random_solutions: 128
  max_local_iterations: 1000
  precision: 32 bits (<class 'numpy.float32'>)
  run_name: onlyLS
--------------------------------------------------
Generating 128 random solutions...
Applying local search to 128 solutions...
Results saved to: results/barabasi_albert_10ins_m20/onlyLS/ba_65536_1_7.csv
Best energy: -16026022.000000
Total time: 0.3814s
Local search iterations: 57
----------------------------------------
  Seed 3/10 (seed=44)
Initialized onlyLS solver (GPU local search only). Results will be saved under 'onlyLS'.
Parameters:
  instance_name: ba_65536_1_7.txt
  dataset: barabasi_albert_10ins_m20
  random_seed: 44
  n_random_solutions: 128
  max_local_iterations: 1000
  precision: 32 bits (<class 'numpy.float32'>)
  run_name: onlyLS
--------------------------------------------------
Generating 128 random solutions...
Applying local search to 128 solutions...
Results saved to: results/barabasi_albert_10ins_m20/onlyLS/ba_65536_1_7.csv
Best energy: -16082050.000000
Total time: 0.4103s
Local search iterations: 64
----------------------------------------
  Seed 4/10 (seed=45)
Initialized onlyLS solver (GPU local search only). Results will be saved under 'onlyLS'.
Parameters:
  instance_name: ba_65536_1_7.txt
  dataset: barabasi_albert_10ins_m20
  random_seed: 45
  n_random_solutions: 128
  max_local_iterations: 1000
  precision: 32 bits (<class 'numpy.float32'>)
  run_name: onlyLS
--------------------------------------------------
Generating 128 random solutions...
Applying local search to 128 solutions...
Results saved to: results/barabasi_albert_10ins_m20/onlyLS/ba_65536_1_7.csv
Best energy: -16015356.000000
Total time: 0.3915s
Local search iterations: 60
----------------------------------------
  Seed 5/10 (seed=46)
Initialized onlyLS solver (GPU local search only). Results will be saved under 'onlyLS'.
Parameters:
  instance_name: ba_65536_1_7.txt
  dataset: barabasi_albert_10ins_m20
  random_seed: 46
  n_random_solutions: 128
  max_local_iterations: 1000
  precision: 32 bits (<class 'numpy.float32'>)
  run_name: onlyLS
--------------------------------------------------
Generating 128 random solutions...
Applying local search to 128 solutions...
Results saved to: results/barabasi_albert_10ins_m20/onlyLS/ba_65536_1_7.csv
Best energy: -16016306.000000
Total time: 0.4147s
Local search iterations: 65
----------------------------------------
  Seed 6/10 (seed=47)
Initialized onlyLS solver (GPU local search only). Results will be saved under 'onlyLS'.
Parameters:
  instance_name: ba_65536_1_7.txt
  dataset: barabasi_albert_10ins_m20
  random_seed: 47
  n_random_solutions: 128
  max_local_iterations: 1000
  precision: 32 bits (<class 'numpy.float32'>)
  run_name: onlyLS
--------------------------------------------------
Generating 128 random solutions...
Applying local search to 128 solutions...
Results saved to: results/barabasi_albert_10ins_m20/onlyLS/ba_65536_1_7.csv
Best energy: -16037534.000000
Total time: 0.3973s
Local search iterations: 61
----------------------------------------
  Seed 7/10 (seed=48)
Initialized onlyLS solver (GPU local search only). Results will be saved under 'onlyLS'.
Parameters:
  instance_name: ba_65536_1_7.txt
  dataset: barabasi_albert_10ins_m20
  random_seed: 48
  n_random_solutions: 128
  max_local_iterations: 1000
  precision: 32 bits (<class 'numpy.float32'>)
  run_name: onlyLS
--------------------------------------------------
Generating 128 random solutions...
Applying local search to 128 solutions...
Results saved to: results/barabasi_albert_10ins_m20/onlyLS/ba_65536_1_7.csv
Best energy: -16017900.000000
Total time: 0.4119s
Local search iterations: 64
----------------------------------------
  Seed 8/10 (seed=49)
Initialized onlyLS solver (GPU local search only). Results will be saved under 'onlyLS'.
Parameters:
  instance_name: ba_65536_1_7.txt
  dataset: barabasi_albert_10ins_m20
  random_seed: 49
  n_random_solutions: 128
  max_local_iterations: 1000
  precision: 32 bits (<class 'numpy.float32'>)
  run_name: onlyLS
--------------------------------------------------
Generating 128 random solutions...
Applying local search to 128 solutions...
Results saved to: results/barabasi_albert_10ins_m20/onlyLS/ba_65536_1_7.csv
Best energy: -16019362.000000
Total time: 0.3920s
Local search iterations: 60
----------------------------------------
  Seed 9/10 (seed=50)
Initialized onlyLS solver (GPU local search only). Results will be saved under 'onlyLS'.
Parameters:
  instance_name: ba_65536_1_7.txt
  dataset: barabasi_albert_10ins_m20
  random_seed: 50
  n_random_solutions: 128
  max_local_iterations: 1000
  precision: 32 bits (<class 'numpy.float32'>)
  run_name: onlyLS
--------------------------------------------------
Generating 128 random solutions...
Applying local search to 128 solutions...
Results saved to: results/barabasi_albert_10ins_m20/onlyLS/ba_65536_1_7.csv
Best energy: -16027664.000000
Total time: 0.4095s
Local search iterations: 65
----------------------------------------
  Seed 10/10 (seed=51)
Initialized onlyLS solver (GPU local search only). Results will be saved under 'onlyLS'.
Parameters:
  instance_name: ba_65536_1_7.txt
  dataset: barabasi_albert_10ins_m20
  random_seed: 51
  n_random_solutions: 128
  max_local_iterations: 1000
  precision: 32 bits (<class 'numpy.float32'>)
  run_name: onlyLS
--------------------------------------------------
Generating 128 random solutions...
Applying local search to 128 solutions...
Results saved to: results/barabasi_albert_10ins_m20/onlyLS/ba_65536_1_7.csv
Best energy: -16037710.000000
Total time: 0.3730s
Local search iterations: 54
----------------------------------------
Processing instance: ba_65536_1_8.txt
  Seed 1/10 (seed=42)
Initialized onlyLS solver (GPU local search only). Results will be saved under 'onlyLS'.
Parameters:
  instance_name: ba_65536_1_8.txt
  dataset: barabasi_albert_10ins_m20
  random_seed: 42
  n_random_solutions: 128
  max_local_iterations: 1000
  precision: 32 bits (<class 'numpy.float32'>)
  run_name: onlyLS
--------------------------------------------------
Generating 128 random solutions...
Applying local search to 128 solutions...
Results saved to: results/barabasi_albert_10ins_m20/onlyLS/ba_65536_1_8.csv
Best energy: -16020732.000000
Total time: 0.4487s
Local search iterations: 51
----------------------------------------
  Seed 2/10 (seed=43)
Initialized onlyLS solver (GPU local search only). Results will be saved under 'onlyLS'.
Parameters:
  instance_name: ba_65536_1_8.txt
  dataset: barabasi_albert_10ins_m20
  random_seed: 43
  n_random_solutions: 128
  max_local_iterations: 1000
  precision: 32 bits (<class 'numpy.float32'>)
  run_name: onlyLS
--------------------------------------------------
Generating 128 random solutions...
Applying local search to 128 solutions...
Results saved to: results/barabasi_albert_10ins_m20/onlyLS/ba_65536_1_8.csv
Best energy: -16014968.000000
Total time: 0.4083s
Local search iterations: 64
----------------------------------------
  Seed 3/10 (seed=44)
Initialized onlyLS solver (GPU local search only). Results will be saved under 'onlyLS'.
Parameters:
  instance_name: ba_65536_1_8.txt
  dataset: barabasi_albert_10ins_m20
  random_seed: 44
  n_random_solutions: 128
  max_local_iterations: 1000
  precision: 32 bits (<class 'numpy.float32'>)
  run_name: onlyLS
--------------------------------------------------
Generating 128 random solutions...
Applying local search to 128 solutions...
Results saved to: results/barabasi_albert_10ins_m20/onlyLS/ba_65536_1_8.csv
Best energy: -16011444.000000
Total time: 0.3826s
Local search iterations: 56
----------------------------------------
  Seed 4/10 (seed=45)
Initialized onlyLS solver (GPU local search only). Results will be saved under 'onlyLS'.
Parameters:
  instance_name: ba_65536_1_8.txt
  dataset: barabasi_albert_10ins_m20
  random_seed: 45
  n_random_solutions: 128
  max_local_iterations: 1000
  precision: 32 bits (<class 'numpy.float32'>)
  run_name: onlyLS
--------------------------------------------------
Generating 128 random solutions...
Applying local search to 128 solutions...
Results saved to: results/barabasi_albert_10ins_m20/onlyLS/ba_65536_1_8.csv
Best energy: -16032662.000000
Total time: 0.3643s
Local search iterations: 50
----------------------------------------
  Seed 5/10 (seed=46)
Initialized onlyLS solver (GPU local search only). Results will be saved under 'onlyLS'.
Parameters:
  instance_name: ba_65536_1_8.txt
  dataset: barabasi_albert_10ins_m20
  random_seed: 46
  n_random_solutions: 128
  max_local_iterations: 1000
  precision: 32 bits (<class 'numpy.float32'>)
  run_name: onlyLS
--------------------------------------------------
Generating 128 random solutions...
Applying local search to 128 solutions...
Results saved to: results/barabasi_albert_10ins_m20/onlyLS/ba_65536_1_8.csv
Best energy: -16041448.000000
Total time: 0.3865s
Local search iterations: 57
----------------------------------------
  Seed 6/10 (seed=47)
Initialized onlyLS solver (GPU local search only). Results will be saved under 'onlyLS'.
Parameters:
  instance_name: ba_65536_1_8.txt
  dataset: barabasi_albert_10ins_m20
  random_seed: 47
  n_random_solutions: 128
  max_local_iterations: 1000
  precision: 32 bits (<class 'numpy.float32'>)
  run_name: onlyLS
--------------------------------------------------
Generating 128 random solutions...
Applying local search to 128 solutions...
Results saved to: results/barabasi_albert_10ins_m20/onlyLS/ba_65536_1_8.csv
Best energy: -16013828.000000
Total time: 0.4125s
Local search iterations: 66
----------------------------------------
  Seed 7/10 (seed=48)
Initialized onlyLS solver (GPU local search only). Results will be saved under 'onlyLS'.
Parameters:
  instance_name: ba_65536_1_8.txt
  dataset: barabasi_albert_10ins_m20
  random_seed: 48
  n_random_solutions: 128
  max_local_iterations: 1000
  precision: 32 bits (<class 'numpy.float32'>)
  run_name: onlyLS
--------------------------------------------------
Generating 128 random solutions...
Applying local search to 128 solutions...
Results saved to: results/barabasi_albert_10ins_m20/onlyLS/ba_65536_1_8.csv
Best energy: -16042436.000000
Total time: 0.3707s
Local search iterations: 51
----------------------------------------
  Seed 8/10 (seed=49)
Initialized onlyLS solver (GPU local search only). Results will be saved under 'onlyLS'.
Parameters:
  instance_name: ba_65536_1_8.txt
  dataset: barabasi_albert_10ins_m20
  random_seed: 49
  n_random_solutions: 128
  max_local_iterations: 1000
  precision: 32 bits (<class 'numpy.float32'>)
  run_name: onlyLS
--------------------------------------------------
Generating 128 random solutions...
Applying local search to 128 solutions...
Results saved to: results/barabasi_albert_10ins_m20/onlyLS/ba_65536_1_8.csv
Best energy: -16040536.000000
Total time: 0.4016s
Local search iterations: 64
----------------------------------------
  Seed 9/10 (seed=50)
Initialized onlyLS solver (GPU local search only). Results will be saved under 'onlyLS'.
Parameters:
  instance_name: ba_65536_1_8.txt
  dataset: barabasi_albert_10ins_m20
  random_seed: 50
  n_random_solutions: 128
  max_local_iterations: 1000
  precision: 32 bits (<class 'numpy.float32'>)
  run_name: onlyLS
--------------------------------------------------
Generating 128 random solutions...
Applying local search to 128 solutions...
Results saved to: results/barabasi_albert_10ins_m20/onlyLS/ba_65536_1_8.csv
Best energy: -16015600.000000
Total time: 0.4156s
Local search iterations: 65
----------------------------------------
  Seed 10/10 (seed=51)
Initialized onlyLS solver (GPU local search only). Results will be saved under 'onlyLS'.
Parameters:
  instance_name: ba_65536_1_8.txt
  dataset: barabasi_albert_10ins_m20
  random_seed: 51
  n_random_solutions: 128
  max_local_iterations: 1000
  precision: 32 bits (<class 'numpy.float32'>)
  run_name: onlyLS
--------------------------------------------------
Generating 128 random solutions...
Applying local search to 128 solutions...
Results saved to: results/barabasi_albert_10ins_m20/onlyLS/ba_65536_1_8.csv
Best energy: -16025688.000000
Total time: 0.3957s
Local search iterations: 59
----------------------------------------
Processing instance: ba_65536_1_9.txt
  Seed 1/10 (seed=42)
Initialized onlyLS solver (GPU local search only). Results will be saved under 'onlyLS'.
Parameters:
  instance_name: ba_65536_1_9.txt
  dataset: barabasi_albert_10ins_m20
  random_seed: 42
  n_random_solutions: 128
  max_local_iterations: 1000
  precision: 32 bits (<class 'numpy.float32'>)
  run_name: onlyLS
--------------------------------------------------
Generating 128 random solutions...
Applying local search to 128 solutions...
Results saved to: results/barabasi_albert_10ins_m20/onlyLS/ba_65536_1_9.csv
Best energy: -16024125.000000
Total time: 0.5504s
Local search iterations: 76
----------------------------------------
  Seed 2/10 (seed=43)
Initialized onlyLS solver (GPU local search only). Results will be saved under 'onlyLS'.
Parameters:
  instance_name: ba_65536_1_9.txt
  dataset: barabasi_albert_10ins_m20
  random_seed: 43
  n_random_solutions: 128
  max_local_iterations: 1000
  precision: 32 bits (<class 'numpy.float32'>)
  run_name: onlyLS
--------------------------------------------------
Generating 128 random solutions...
Applying local search to 128 solutions...
Results saved to: results/barabasi_albert_10ins_m20/onlyLS/ba_65536_1_9.csv
Best energy: -16006483.000000
Total time: 0.4070s
Local search iterations: 65
----------------------------------------
  Seed 3/10 (seed=44)
Initialized onlyLS solver (GPU local search only). Results will be saved under 'onlyLS'.
Parameters:
  instance_name: ba_65536_1_9.txt
  dataset: barabasi_albert_10ins_m20
  random_seed: 44
  n_random_solutions: 128
  max_local_iterations: 1000
  precision: 32 bits (<class 'numpy.float32'>)
  run_name: onlyLS
--------------------------------------------------
Generating 128 random solutions...
Applying local search to 128 solutions...
Results saved to: results/barabasi_albert_10ins_m20/onlyLS/ba_65536_1_9.csv
Best energy: -16022893.000000
Total time: 0.3704s
Local search iterations: 53
----------------------------------------
  Seed 4/10 (seed=45)
Initialized onlyLS solver (GPU local search only). Results will be saved under 'onlyLS'.
Parameters:
  instance_name: ba_65536_1_9.txt
  dataset: barabasi_albert_10ins_m20
  random_seed: 45
  n_random_solutions: 128
  max_local_iterations: 1000
  precision: 32 bits (<class 'numpy.float32'>)
  run_name: onlyLS
--------------------------------------------------
Generating 128 random solutions...
Applying local search to 128 solutions...
Results saved to: results/barabasi_albert_10ins_m20/onlyLS/ba_65536_1_9.csv
Best energy: -16023321.000000
Total time: 0.3759s
Local search iterations: 54
----------------------------------------
  Seed 5/10 (seed=46)
Initialized onlyLS solver (GPU local search only). Results will be saved under 'onlyLS'.
Parameters:
  instance_name: ba_65536_1_9.txt
  dataset: barabasi_albert_10ins_m20
  random_seed: 46
  n_random_solutions: 128
  max_local_iterations: 1000
  precision: 32 bits (<class 'numpy.float32'>)
  run_name: onlyLS
--------------------------------------------------
Generating 128 random solutions...
Applying local search to 128 solutions...
Results saved to: results/barabasi_albert_10ins_m20/onlyLS/ba_65536_1_9.csv
Best energy: -16061975.000000
Total time: 0.4125s
Local search iterations: 66
----------------------------------------
  Seed 6/10 (seed=47)
Initialized onlyLS solver (GPU local search only). Results will be saved under 'onlyLS'.
Parameters:
  instance_name: ba_65536_1_9.txt
  dataset: barabasi_albert_10ins_m20
  random_seed: 47
  n_random_solutions: 128
  max_local_iterations: 1000
  precision: 32 bits (<class 'numpy.float32'>)
  run_name: onlyLS
--------------------------------------------------
Generating 128 random solutions...
Applying local search to 128 solutions...
Results saved to: results/barabasi_albert_10ins_m20/onlyLS/ba_65536_1_9.csv
Best energy: -16012819.000000
Total time: 0.5286s
Local search iterations: 101
----------------------------------------
  Seed 7/10 (seed=48)
Initialized onlyLS solver (GPU local search only). Results will be saved under 'onlyLS'.
Parameters:
  instance_name: ba_65536_1_9.txt
  dataset: barabasi_albert_10ins_m20
  random_seed: 48
  n_random_solutions: 128
  max_local_iterations: 1000
  precision: 32 bits (<class 'numpy.float32'>)
  run_name: onlyLS
--------------------------------------------------
Generating 128 random solutions...
Applying local search to 128 solutions...
Results saved to: results/barabasi_albert_10ins_m20/onlyLS/ba_65536_1_9.csv
Best energy: -16055905.000000
Total time: 0.4216s
Local search iterations: 69
----------------------------------------
  Seed 8/10 (seed=49)
Initialized onlyLS solver (GPU local search only). Results will be saved under 'onlyLS'.
Parameters:
  instance_name: ba_65536_1_9.txt
  dataset: barabasi_albert_10ins_m20
  random_seed: 49
  n_random_solutions: 128
  max_local_iterations: 1000
  precision: 32 bits (<class 'numpy.float32'>)
  run_name: onlyLS
--------------------------------------------------
Generating 128 random solutions...
Applying local search to 128 solutions...
Results saved to: results/barabasi_albert_10ins_m20/onlyLS/ba_65536_1_9.csv
Best energy: -16020731.000000
Total time: 0.3947s
Local search iterations: 59
----------------------------------------
  Seed 9/10 (seed=50)
Initialized onlyLS solver (GPU local search only). Results will be saved under 'onlyLS'.
Parameters:
  instance_name: ba_65536_1_9.txt
  dataset: barabasi_albert_10ins_m20
  random_seed: 50
  n_random_solutions: 128
  max_local_iterations: 1000
  precision: 32 bits (<class 'numpy.float32'>)
  run_name: onlyLS
--------------------------------------------------
Generating 128 random solutions...
Applying local search to 128 solutions...
Results saved to: results/barabasi_albert_10ins_m20/onlyLS/ba_65536_1_9.csv
Best energy: -16023519.000000
Total time: 0.4122s
Local search iterations: 65
----------------------------------------
  Seed 10/10 (seed=51)
Initialized onlyLS solver (GPU local search only). Results will be saved under 'onlyLS'.
Parameters:
  instance_name: ba_65536_1_9.txt
  dataset: barabasi_albert_10ins_m20
  random_seed: 51
  n_random_solutions: 128
  max_local_iterations: 1000
  precision: 32 bits (<class 'numpy.float32'>)
  run_name: onlyLS
--------------------------------------------------
Generating 128 random solutions...
Applying local search to 128 solutions...
Results saved to: results/barabasi_albert_10ins_m20/onlyLS/ba_65536_1_9.csv
Best energy: -16038027.000000
Total time: 0.3981s
Local search iterations: 62
----------------------------------------
Processing instance: ba_8192_1_0.txt
  Seed 1/10 (seed=42)
Initialized onlyLS solver (GPU local search only). Results will be saved under 'onlyLS'.
Parameters:
  instance_name: ba_8192_1_0.txt
  dataset: barabasi_albert_10ins_m20
  random_seed: 42
  n_random_solutions: 128
  max_local_iterations: 1000
  precision: 32 bits (<class 'numpy.float32'>)
  run_name: onlyLS
--------------------------------------------------
Generating 128 random solutions...
Applying local search to 128 solutions...
Results saved to: results/barabasi_albert_10ins_m20/onlyLS/ba_8192_1_0.csv
Best energy: -2026063.000000
Total time: 0.1325s
Local search iterations: 57
----------------------------------------
  Seed 2/10 (seed=43)
Initialized onlyLS solver (GPU local search only). Results will be saved under 'onlyLS'.
Parameters:
  instance_name: ba_8192_1_0.txt
  dataset: barabasi_albert_10ins_m20
  random_seed: 43
  n_random_solutions: 128
  max_local_iterations: 1000
  precision: 32 bits (<class 'numpy.float32'>)
  run_name: onlyLS
--------------------------------------------------
Generating 128 random solutions...
Applying local search to 128 solutions...
Results saved to: results/barabasi_albert_10ins_m20/onlyLS/ba_8192_1_0.csv
Best energy: -2023677.000000
Total time: 0.1311s
Local search iterations: 60
----------------------------------------
  Seed 3/10 (seed=44)
Initialized onlyLS solver (GPU local search only). Results will be saved under 'onlyLS'.
Parameters:
  instance_name: ba_8192_1_0.txt
  dataset: barabasi_albert_10ins_m20
  random_seed: 44
  n_random_solutions: 128
  max_local_iterations: 1000
  precision: 32 bits (<class 'numpy.float32'>)
  run_name: onlyLS
--------------------------------------------------
Generating 128 random solutions...
Applying local search to 128 solutions...
Results saved to: results/barabasi_albert_10ins_m20/onlyLS/ba_8192_1_0.csv
Best energy: -2023925.000000
Total time: 0.1337s
Local search iterations: 65
----------------------------------------
  Seed 4/10 (seed=45)
Initialized onlyLS solver (GPU local search only). Results will be saved under 'onlyLS'.
Parameters:
  instance_name: ba_8192_1_0.txt
  dataset: barabasi_albert_10ins_m20
  random_seed: 45
  n_random_solutions: 128
  max_local_iterations: 1000
  precision: 32 bits (<class 'numpy.float32'>)
  run_name: onlyLS
--------------------------------------------------
Generating 128 random solutions...
Applying local search to 128 solutions...
Results saved to: results/barabasi_albert_10ins_m20/onlyLS/ba_8192_1_0.csv
Best energy: -2028811.000000
Total time: 0.1539s
Local search iterations: 58
----------------------------------------
  Seed 5/10 (seed=46)
Initialized onlyLS solver (GPU local search only). Results will be saved under 'onlyLS'.
Parameters:
  instance_name: ba_8192_1_0.txt
  dataset: barabasi_albert_10ins_m20
  random_seed: 46
  n_random_solutions: 128
  max_local_iterations: 1000
  precision: 32 bits (<class 'numpy.float32'>)
  run_name: onlyLS
--------------------------------------------------
Generating 128 random solutions...
Applying local search to 128 solutions...
Results saved to: results/barabasi_albert_10ins_m20/onlyLS/ba_8192_1_0.csv
Best energy: -2020767.000000
Total time: 0.1424s
Local search iterations: 55
----------------------------------------
  Seed 6/10 (seed=47)
Initialized onlyLS solver (GPU local search only). Results will be saved under 'onlyLS'.
Parameters:
  instance_name: ba_8192_1_0.txt
  dataset: barabasi_albert_10ins_m20
  random_seed: 47
  n_random_solutions: 128
  max_local_iterations: 1000
  precision: 32 bits (<class 'numpy.float32'>)
  run_name: onlyLS
--------------------------------------------------
Generating 128 random solutions...
Applying local search to 128 solutions...
Results saved to: results/barabasi_albert_10ins_m20/onlyLS/ba_8192_1_0.csv
Best energy: -2024279.000000
Total time: 0.1313s
Local search iterations: 60
----------------------------------------
  Seed 7/10 (seed=48)
Initialized onlyLS solver (GPU local search only). Results will be saved under 'onlyLS'.
Parameters:
  instance_name: ba_8192_1_0.txt
  dataset: barabasi_albert_10ins_m20
  random_seed: 48
  n_random_solutions: 128
  max_local_iterations: 1000
  precision: 32 bits (<class 'numpy.float32'>)
  run_name: onlyLS
--------------------------------------------------
Generating 128 random solutions...
Applying local search to 128 solutions...
Results saved to: results/barabasi_albert_10ins_m20/onlyLS/ba_8192_1_0.csv
Best energy: -2027427.000000
Total time: 0.1302s
Local search iterations: 59
----------------------------------------
  Seed 8/10 (seed=49)
Initialized onlyLS solver (GPU local search only). Results will be saved under 'onlyLS'.
Parameters:
  instance_name: ba_8192_1_0.txt
  dataset: barabasi_albert_10ins_m20
  random_seed: 49
  n_random_solutions: 128
  max_local_iterations: 1000
  precision: 32 bits (<class 'numpy.float32'>)
  run_name: onlyLS
--------------------------------------------------
Generating 128 random solutions...
Applying local search to 128 solutions...
Results saved to: results/barabasi_albert_10ins_m20/onlyLS/ba_8192_1_0.csv
Best energy: -2027267.000000
Total time: 0.1293s
Local search iterations: 57
----------------------------------------
  Seed 9/10 (seed=50)
Initialized onlyLS solver (GPU local search only). Results will be saved under 'onlyLS'.
Parameters:
  instance_name: ba_8192_1_0.txt
  dataset: barabasi_albert_10ins_m20
  random_seed: 50
  n_random_solutions: 128
  max_local_iterations: 1000
  precision: 32 bits (<class 'numpy.float32'>)
  run_name: onlyLS
--------------------------------------------------
Generating 128 random solutions...
Applying local search to 128 solutions...
Results saved to: results/barabasi_albert_10ins_m20/onlyLS/ba_8192_1_0.csv
Best energy: -2038971.000000
Total time: 0.1341s
Local search iterations: 66
----------------------------------------
  Seed 10/10 (seed=51)
Initialized onlyLS solver (GPU local search only). Results will be saved under 'onlyLS'.
Parameters:
  instance_name: ba_8192_1_0.txt
  dataset: barabasi_albert_10ins_m20
  random_seed: 51
  n_random_solutions: 128
  max_local_iterations: 1000
  precision: 32 bits (<class 'numpy.float32'>)
  run_name: onlyLS
--------------------------------------------------
Generating 128 random solutions...
Applying local search to 128 solutions...
Results saved to: results/barabasi_albert_10ins_m20/onlyLS/ba_8192_1_0.csv
Best energy: -2034443.000000
Total time: 0.1297s
Local search iterations: 57
----------------------------------------
Processing instance: ba_8192_1_1.txt
  Seed 1/10 (seed=42)
Initialized onlyLS solver (GPU local search only). Results will be saved under 'onlyLS'.
Parameters:
  instance_name: ba_8192_1_1.txt
  dataset: barabasi_albert_10ins_m20
  random_seed: 42
  n_random_solutions: 128
  max_local_iterations: 1000
  precision: 32 bits (<class 'numpy.float32'>)
  run_name: onlyLS
--------------------------------------------------
Generating 128 random solutions...
Applying local search to 128 solutions...
Results saved to: results/barabasi_albert_10ins_m20/onlyLS/ba_8192_1_1.csv
Best energy: -2031515.000000
Total time: 0.1321s
Local search iterations: 60
----------------------------------------
  Seed 2/10 (seed=43)
Initialized onlyLS solver (GPU local search only). Results will be saved under 'onlyLS'.
Parameters:
  instance_name: ba_8192_1_1.txt
  dataset: barabasi_albert_10ins_m20
  random_seed: 43
  n_random_solutions: 128
  max_local_iterations: 1000
  precision: 32 bits (<class 'numpy.float32'>)
  run_name: onlyLS
--------------------------------------------------
Generating 128 random solutions...
Applying local search to 128 solutions...
Results saved to: results/barabasi_albert_10ins_m20/onlyLS/ba_8192_1_1.csv
Best energy: -2023239.000000
Total time: 0.1332s
Local search iterations: 63
----------------------------------------
  Seed 3/10 (seed=44)
Initialized onlyLS solver (GPU local search only). Results will be saved under 'onlyLS'.
Parameters:
  instance_name: ba_8192_1_1.txt
  dataset: barabasi_albert_10ins_m20
  random_seed: 44
  n_random_solutions: 128
  max_local_iterations: 1000
  precision: 32 bits (<class 'numpy.float32'>)
  run_name: onlyLS
--------------------------------------------------
Generating 128 random solutions...
Applying local search to 128 solutions...
Results saved to: results/barabasi_albert_10ins_m20/onlyLS/ba_8192_1_1.csv
Best energy: -2025051.000000
Total time: 0.1373s
Local search iterations: 72
----------------------------------------
  Seed 4/10 (seed=45)
Initialized onlyLS solver (GPU local search only). Results will be saved under 'onlyLS'.
Parameters:
  instance_name: ba_8192_1_1.txt
  dataset: barabasi_albert_10ins_m20
  random_seed: 45
  n_random_solutions: 128
  max_local_iterations: 1000
  precision: 32 bits (<class 'numpy.float32'>)
  run_name: onlyLS
--------------------------------------------------
Generating 128 random solutions...
Applying local search to 128 solutions...
Results saved to: results/barabasi_albert_10ins_m20/onlyLS/ba_8192_1_1.csv
Best energy: -2022657.000000
Total time: 0.1499s
Local search iterations: 94
----------------------------------------
  Seed 5/10 (seed=46)
Initialized onlyLS solver (GPU local search only). Results will be saved under 'onlyLS'.
Parameters:
  instance_name: ba_8192_1_1.txt
  dataset: barabasi_albert_10ins_m20
  random_seed: 46
  n_random_solutions: 128
  max_local_iterations: 1000
  precision: 32 bits (<class 'numpy.float32'>)
  run_name: onlyLS
--------------------------------------------------
Generating 128 random solutions...
Applying local search to 128 solutions...
Results saved to: results/barabasi_albert_10ins_m20/onlyLS/ba_8192_1_1.csv
Best energy: -2022045.000000
Total time: 0.1298s
Local search iterations: 56
----------------------------------------
  Seed 6/10 (seed=47)
Initialized onlyLS solver (GPU local search only). Results will be saved under 'onlyLS'.
Parameters:
  instance_name: ba_8192_1_1.txt
  dataset: barabasi_albert_10ins_m20
  random_seed: 47
  n_random_solutions: 128
  max_local_iterations: 1000
  precision: 32 bits (<class 'numpy.float32'>)
  run_name: onlyLS
--------------------------------------------------
Generating 128 random solutions...
Applying local search to 128 solutions...
Results saved to: results/barabasi_albert_10ins_m20/onlyLS/ba_8192_1_1.csv
Best energy: -2039543.000000
Total time: 0.1420s
Local search iterations: 79
----------------------------------------
  Seed 7/10 (seed=48)
Initialized onlyLS solver (GPU local search only). Results will be saved under 'onlyLS'.
Parameters:
  instance_name: ba_8192_1_1.txt
  dataset: barabasi_albert_10ins_m20
  random_seed: 48
  n_random_solutions: 128
  max_local_iterations: 1000
  precision: 32 bits (<class 'numpy.float32'>)
  run_name: onlyLS
--------------------------------------------------
Generating 128 random solutions...
Applying local search to 128 solutions...
Results saved to: results/barabasi_albert_10ins_m20/onlyLS/ba_8192_1_1.csv
Best energy: -2018993.000000
Total time: 0.1312s
Local search iterations: 59
----------------------------------------
  Seed 8/10 (seed=49)
Initialized onlyLS solver (GPU local search only). Results will be saved under 'onlyLS'.
Parameters:
  instance_name: ba_8192_1_1.txt
  dataset: barabasi_albert_10ins_m20
  random_seed: 49
  n_random_solutions: 128
  max_local_iterations: 1000
  precision: 32 bits (<class 'numpy.float32'>)
  run_name: onlyLS
--------------------------------------------------
Generating 128 random solutions...
Applying local search to 128 solutions...
Results saved to: results/barabasi_albert_10ins_m20/onlyLS/ba_8192_1_1.csv
Best energy: -2028271.000000
Total time: 0.1355s
Local search iterations: 68
----------------------------------------
  Seed 9/10 (seed=50)
Initialized onlyLS solver (GPU local search only). Results will be saved under 'onlyLS'.
Parameters:
  instance_name: ba_8192_1_1.txt
  dataset: barabasi_albert_10ins_m20
  random_seed: 50
  n_random_solutions: 128
  max_local_iterations: 1000
  precision: 32 bits (<class 'numpy.float32'>)
  run_name: onlyLS
--------------------------------------------------
Generating 128 random solutions...
Applying local search to 128 solutions...
Results saved to: results/barabasi_albert_10ins_m20/onlyLS/ba_8192_1_1.csv
Best energy: -2030105.000000
Total time: 0.1332s
Local search iterations: 62
----------------------------------------
  Seed 10/10 (seed=51)
Initialized onlyLS solver (GPU local search only). Results will be saved under 'onlyLS'.
Parameters:
  instance_name: ba_8192_1_1.txt
  dataset: barabasi_albert_10ins_m20
  random_seed: 51
  n_random_solutions: 128
  max_local_iterations: 1000
  precision: 32 bits (<class 'numpy.float32'>)
  run_name: onlyLS
--------------------------------------------------
Generating 128 random solutions...
Applying local search to 128 solutions...
Results saved to: results/barabasi_albert_10ins_m20/onlyLS/ba_8192_1_1.csv
Best energy: -2035553.000000
Total time: 0.1325s
Local search iterations: 63
----------------------------------------
Processing instance: ba_8192_1_2.txt
  Seed 1/10 (seed=42)
Initialized onlyLS solver (GPU local search only). Results will be saved under 'onlyLS'.
Parameters:
  instance_name: ba_8192_1_2.txt
  dataset: barabasi_albert_10ins_m20
  random_seed: 42
  n_random_solutions: 128
  max_local_iterations: 1000
  precision: 32 bits (<class 'numpy.float32'>)
  run_name: onlyLS
--------------------------------------------------
Generating 128 random solutions...
Applying local search to 128 solutions...
Results saved to: results/barabasi_albert_10ins_m20/onlyLS/ba_8192_1_2.csv
Best energy: -2021946.000000
Total time: 0.1365s
Local search iterations: 69
----------------------------------------
  Seed 2/10 (seed=43)
Initialized onlyLS solver (GPU local search only). Results will be saved under 'onlyLS'.
Parameters:
  instance_name: ba_8192_1_2.txt
  dataset: barabasi_albert_10ins_m20
  random_seed: 43
  n_random_solutions: 128
  max_local_iterations: 1000
  precision: 32 bits (<class 'numpy.float32'>)
  run_name: onlyLS
--------------------------------------------------
Generating 128 random solutions...
Applying local search to 128 solutions...
Results saved to: results/barabasi_albert_10ins_m20/onlyLS/ba_8192_1_2.csv
Best energy: -2017890.000000
Total time: 0.1334s
Local search iterations: 64
----------------------------------------
  Seed 3/10 (seed=44)
Initialized onlyLS solver (GPU local search only). Results will be saved under 'onlyLS'.
Parameters:
  instance_name: ba_8192_1_2.txt
  dataset: barabasi_albert_10ins_m20
  random_seed: 44
  n_random_solutions: 128
  max_local_iterations: 1000
  precision: 32 bits (<class 'numpy.float32'>)
  run_name: onlyLS
--------------------------------------------------
Generating 128 random solutions...
Applying local search to 128 solutions...
Results saved to: results/barabasi_albert_10ins_m20/onlyLS/ba_8192_1_2.csv
Best energy: -2022344.000000
Total time: 0.1308s
Local search iterations: 59
----------------------------------------
  Seed 4/10 (seed=45)
Initialized onlyLS solver (GPU local search only). Results will be saved under 'onlyLS'.
Parameters:
  instance_name: ba_8192_1_2.txt
  dataset: barabasi_albert_10ins_m20
  random_seed: 45
  n_random_solutions: 128
  max_local_iterations: 1000
  precision: 32 bits (<class 'numpy.float32'>)
  run_name: onlyLS
--------------------------------------------------
Generating 128 random solutions...
Applying local search to 128 solutions...
Results saved to: results/barabasi_albert_10ins_m20/onlyLS/ba_8192_1_2.csv
Best energy: -2020354.000000
Total time: 0.1351s
Local search iterations: 65
----------------------------------------
  Seed 5/10 (seed=46)
Initialized onlyLS solver (GPU local search only). Results will be saved under 'onlyLS'.
Parameters:
  instance_name: ba_8192_1_2.txt
  dataset: barabasi_albert_10ins_m20
  random_seed: 46
  n_random_solutions: 128
  max_local_iterations: 1000
  precision: 32 bits (<class 'numpy.float32'>)
  run_name: onlyLS
--------------------------------------------------
Generating 128 random solutions...
Applying local search to 128 solutions...
Results saved to: results/barabasi_albert_10ins_m20/onlyLS/ba_8192_1_2.csv
Best energy: -2021844.000000
Total time: 0.1311s
Local search iterations: 58
----------------------------------------
  Seed 6/10 (seed=47)
Initialized onlyLS solver (GPU local search only). Results will be saved under 'onlyLS'.
Parameters:
  instance_name: ba_8192_1_2.txt
  dataset: barabasi_albert_10ins_m20
  random_seed: 47
  n_random_solutions: 128
  max_local_iterations: 1000
  precision: 32 bits (<class 'numpy.float32'>)
  run_name: onlyLS
--------------------------------------------------
Generating 128 random solutions...
Applying local search to 128 solutions...
Results saved to: results/barabasi_albert_10ins_m20/onlyLS/ba_8192_1_2.csv
Best energy: -2018640.000000
Total time: 0.1415s
Local search iterations: 77
----------------------------------------
  Seed 7/10 (seed=48)
Initialized onlyLS solver (GPU local search only). Results will be saved under 'onlyLS'.
Parameters:
  instance_name: ba_8192_1_2.txt
  dataset: barabasi_albert_10ins_m20
  random_seed: 48
  n_random_solutions: 128
  max_local_iterations: 1000
  precision: 32 bits (<class 'numpy.float32'>)
  run_name: onlyLS
--------------------------------------------------
Generating 128 random solutions...
Applying local search to 128 solutions...
Results saved to: results/barabasi_albert_10ins_m20/onlyLS/ba_8192_1_2.csv
Best energy: -2028182.000000
Total time: 0.1321s
Local search iterations: 60
----------------------------------------
  Seed 8/10 (seed=49)
Initialized onlyLS solver (GPU local search only). Results will be saved under 'onlyLS'.
Parameters:
  instance_name: ba_8192_1_2.txt
  dataset: barabasi_albert_10ins_m20
  random_seed: 49
  n_random_solutions: 128
  max_local_iterations: 1000
  precision: 32 bits (<class 'numpy.float32'>)
  run_name: onlyLS
--------------------------------------------------
Generating 128 random solutions...
Applying local search to 128 solutions...
Results saved to: results/barabasi_albert_10ins_m20/onlyLS/ba_8192_1_2.csv
Best energy: -2020516.000000
Total time: 0.1357s
Local search iterations: 66
----------------------------------------
  Seed 9/10 (seed=50)
Initialized onlyLS solver (GPU local search only). Results will be saved under 'onlyLS'.
Parameters:
  instance_name: ba_8192_1_2.txt
  dataset: barabasi_albert_10ins_m20
  random_seed: 50
  n_random_solutions: 128
  max_local_iterations: 1000
  precision: 32 bits (<class 'numpy.float32'>)
  run_name: onlyLS
--------------------------------------------------
Generating 128 random solutions...
Applying local search to 128 solutions...
Results saved to: results/barabasi_albert_10ins_m20/onlyLS/ba_8192_1_2.csv
Best energy: -2021848.000000
Total time: 0.1372s
Local search iterations: 69
----------------------------------------
  Seed 10/10 (seed=51)
Initialized onlyLS solver (GPU local search only). Results will be saved under 'onlyLS'.
Parameters:
  instance_name: ba_8192_1_2.txt
  dataset: barabasi_albert_10ins_m20
  random_seed: 51
  n_random_solutions: 128
  max_local_iterations: 1000
  precision: 32 bits (<class 'numpy.float32'>)
  run_name: onlyLS
--------------------------------------------------
Generating 128 random solutions...
Applying local search to 128 solutions...
Results saved to: results/barabasi_albert_10ins_m20/onlyLS/ba_8192_1_2.csv
Best energy: -2012198.000000
Total time: 0.1324s
Local search iterations: 59
----------------------------------------
Processing instance: ba_8192_1_3.txt
  Seed 1/10 (seed=42)
Initialized onlyLS solver (GPU local search only). Results will be saved under 'onlyLS'.
Parameters:
  instance_name: ba_8192_1_3.txt
  dataset: barabasi_albert_10ins_m20
  random_seed: 42
  n_random_solutions: 128
  max_local_iterations: 1000
  precision: 32 bits (<class 'numpy.float32'>)
  run_name: onlyLS
--------------------------------------------------
Generating 128 random solutions...
Applying local search to 128 solutions...
Results saved to: results/barabasi_albert_10ins_m20/onlyLS/ba_8192_1_3.csv
Best energy: -2032779.000000
Total time: 0.1375s
Local search iterations: 69
----------------------------------------
  Seed 2/10 (seed=43)
Initialized onlyLS solver (GPU local search only). Results will be saved under 'onlyLS'.
Parameters:
  instance_name: ba_8192_1_3.txt
  dataset: barabasi_albert_10ins_m20
  random_seed: 43
  n_random_solutions: 128
  max_local_iterations: 1000
  precision: 32 bits (<class 'numpy.float32'>)
  run_name: onlyLS
--------------------------------------------------
Generating 128 random solutions...
Applying local search to 128 solutions...
Results saved to: results/barabasi_albert_10ins_m20/onlyLS/ba_8192_1_3.csv
Best energy: -2044251.000000
Total time: 0.1444s
Local search iterations: 84
----------------------------------------
  Seed 3/10 (seed=44)
Initialized onlyLS solver (GPU local search only). Results will be saved under 'onlyLS'.
Parameters:
  instance_name: ba_8192_1_3.txt
  dataset: barabasi_albert_10ins_m20
  random_seed: 44
  n_random_solutions: 128
  max_local_iterations: 1000
  precision: 32 bits (<class 'numpy.float32'>)
  run_name: onlyLS
--------------------------------------------------
Generating 128 random solutions...
Applying local search to 128 solutions...
Results saved to: results/barabasi_albert_10ins_m20/onlyLS/ba_8192_1_3.csv
Best energy: -2024211.000000
Total time: 0.1377s
Local search iterations: 70
----------------------------------------
  Seed 4/10 (seed=45)
Initialized onlyLS solver (GPU local search only). Results will be saved under 'onlyLS'.
Parameters:
  instance_name: ba_8192_1_3.txt
  dataset: barabasi_albert_10ins_m20
  random_seed: 45
  n_random_solutions: 128
  max_local_iterations: 1000
  precision: 32 bits (<class 'numpy.float32'>)
  run_name: onlyLS
--------------------------------------------------
Generating 128 random solutions...
Applying local search to 128 solutions...
Results saved to: results/barabasi_albert_10ins_m20/onlyLS/ba_8192_1_3.csv
Best energy: -2023783.000000
Total time: 0.1357s
Local search iterations: 64
----------------------------------------
  Seed 5/10 (seed=46)
Initialized onlyLS solver (GPU local search only). Results will be saved under 'onlyLS'.
Parameters:
  instance_name: ba_8192_1_3.txt
  dataset: barabasi_albert_10ins_m20
  random_seed: 46
  n_random_solutions: 128
  max_local_iterations: 1000
  precision: 32 bits (<class 'numpy.float32'>)
  run_name: onlyLS
--------------------------------------------------
Generating 128 random solutions...
Applying local search to 128 solutions...
Results saved to: results/barabasi_albert_10ins_m20/onlyLS/ba_8192_1_3.csv
Best energy: -2020539.000000
Total time: 0.1348s
Local search iterations: 63
----------------------------------------
  Seed 6/10 (seed=47)
Initialized onlyLS solver (GPU local search only). Results will be saved under 'onlyLS'.
Parameters:
  instance_name: ba_8192_1_3.txt
  dataset: barabasi_albert_10ins_m20
  random_seed: 47
  n_random_solutions: 128
  max_local_iterations: 1000
  precision: 32 bits (<class 'numpy.float32'>)
  run_name: onlyLS
--------------------------------------------------
Generating 128 random solutions...
Applying local search to 128 solutions...
Results saved to: results/barabasi_albert_10ins_m20/onlyLS/ba_8192_1_3.csv
Best energy: -2040073.000000
Total time: 0.1337s
Local search iterations: 61
----------------------------------------
  Seed 7/10 (seed=48)
Initialized onlyLS solver (GPU local search only). Results will be saved under 'onlyLS'.
Parameters:
  instance_name: ba_8192_1_3.txt
  dataset: barabasi_albert_10ins_m20
  random_seed: 48
  n_random_solutions: 128
  max_local_iterations: 1000
  precision: 32 bits (<class 'numpy.float32'>)
  run_name: onlyLS
--------------------------------------------------
Generating 128 random solutions...
Applying local search to 128 solutions...
Results saved to: results/barabasi_albert_10ins_m20/onlyLS/ba_8192_1_3.csv
Best energy: -2019523.000000
Total time: 0.1360s
Local search iterations: 67
----------------------------------------
  Seed 8/10 (seed=49)
Initialized onlyLS solver (GPU local search only). Results will be saved under 'onlyLS'.
Parameters:
  instance_name: ba_8192_1_3.txt
  dataset: barabasi_albert_10ins_m20
  random_seed: 49
  n_random_solutions: 128
  max_local_iterations: 1000
  precision: 32 bits (<class 'numpy.float32'>)
  run_name: onlyLS
--------------------------------------------------
Generating 128 random solutions...
Applying local search to 128 solutions...
Results saved to: results/barabasi_albert_10ins_m20/onlyLS/ba_8192_1_3.csv
Best energy: -2022419.000000
Total time: 0.1309s
Local search iterations: 58
----------------------------------------
  Seed 9/10 (seed=50)
Initialized onlyLS solver (GPU local search only). Results will be saved under 'onlyLS'.
Parameters:
  instance_name: ba_8192_1_3.txt
  dataset: barabasi_albert_10ins_m20
  random_seed: 50
  n_random_solutions: 128
  max_local_iterations: 1000
  precision: 32 bits (<class 'numpy.float32'>)
  run_name: onlyLS
--------------------------------------------------
Generating 128 random solutions...
Applying local search to 128 solutions...
Results saved to: results/barabasi_albert_10ins_m20/onlyLS/ba_8192_1_3.csv
Best energy: -2027579.000000
Total time: 0.1317s
Local search iterations: 60
----------------------------------------
  Seed 10/10 (seed=51)
Initialized onlyLS solver (GPU local search only). Results will be saved under 'onlyLS'.
Parameters:
  instance_name: ba_8192_1_3.txt
  dataset: barabasi_albert_10ins_m20
  random_seed: 51
  n_random_solutions: 128
  max_local_iterations: 1000
  precision: 32 bits (<class 'numpy.float32'>)
  run_name: onlyLS
--------------------------------------------------
Generating 128 random solutions...
Applying local search to 128 solutions...
Results saved to: results/barabasi_albert_10ins_m20/onlyLS/ba_8192_1_3.csv
Best energy: -2020549.000000
Total time: 0.1301s
Local search iterations: 58
----------------------------------------
Processing instance: ba_8192_1_4.txt
  Seed 1/10 (seed=42)
Initialized onlyLS solver (GPU local search only). Results will be saved under 'onlyLS'.
Parameters:
  instance_name: ba_8192_1_4.txt
  dataset: barabasi_albert_10ins_m20
  random_seed: 42
  n_random_solutions: 128
  max_local_iterations: 1000
  precision: 32 bits (<class 'numpy.float32'>)
  run_name: onlyLS
--------------------------------------------------
Generating 128 random solutions...
Applying local search to 128 solutions...
Results saved to: results/barabasi_albert_10ins_m20/onlyLS/ba_8192_1_4.csv
Best energy: -2019338.000000
Total time: 0.1577s
Local search iterations: 55
----------------------------------------
  Seed 2/10 (seed=43)
Initialized onlyLS solver (GPU local search only). Results will be saved under 'onlyLS'.
Parameters:
  instance_name: ba_8192_1_4.txt
  dataset: barabasi_albert_10ins_m20
  random_seed: 43
  n_random_solutions: 128
  max_local_iterations: 1000
  precision: 32 bits (<class 'numpy.float32'>)
  run_name: onlyLS
--------------------------------------------------
Generating 128 random solutions...
Applying local search to 128 solutions...
Results saved to: results/barabasi_albert_10ins_m20/onlyLS/ba_8192_1_4.csv
Best energy: -2025926.000000
Total time: 0.1349s
Local search iterations: 67
----------------------------------------
  Seed 3/10 (seed=44)
Initialized onlyLS solver (GPU local search only). Results will be saved under 'onlyLS'.
Parameters:
  instance_name: ba_8192_1_4.txt
  dataset: barabasi_albert_10ins_m20
  random_seed: 44
  n_random_solutions: 128
  max_local_iterations: 1000
  precision: 32 bits (<class 'numpy.float32'>)
  run_name: onlyLS
--------------------------------------------------
Generating 128 random solutions...
Applying local search to 128 solutions...
Results saved to: results/barabasi_albert_10ins_m20/onlyLS/ba_8192_1_4.csv
Best energy: -2018650.000000
Total time: 0.1350s
Local search iterations: 67
----------------------------------------
  Seed 4/10 (seed=45)
Initialized onlyLS solver (GPU local search only). Results will be saved under 'onlyLS'.
Parameters:
  instance_name: ba_8192_1_4.txt
  dataset: barabasi_albert_10ins_m20
  random_seed: 45
  n_random_solutions: 128
  max_local_iterations: 1000
  precision: 32 bits (<class 'numpy.float32'>)
  run_name: onlyLS
--------------------------------------------------
Generating 128 random solutions...
Applying local search to 128 solutions...
Results saved to: results/barabasi_albert_10ins_m20/onlyLS/ba_8192_1_4.csv
Best energy: -2012380.000000
Total time: 0.1319s
Local search iterations: 61
----------------------------------------
  Seed 5/10 (seed=46)
Initialized onlyLS solver (GPU local search only). Results will be saved under 'onlyLS'.
Parameters:
  instance_name: ba_8192_1_4.txt
  dataset: barabasi_albert_10ins_m20
  random_seed: 46
  n_random_solutions: 128
  max_local_iterations: 1000
  precision: 32 bits (<class 'numpy.float32'>)
  run_name: onlyLS
--------------------------------------------------
Generating 128 random solutions...
Applying local search to 128 solutions...
Results saved to: results/barabasi_albert_10ins_m20/onlyLS/ba_8192_1_4.csv
Best energy: -2019320.000000
Total time: 0.1336s
Local search iterations: 64
----------------------------------------
  Seed 6/10 (seed=47)
Initialized onlyLS solver (GPU local search only). Results will be saved under 'onlyLS'.
Parameters:
  instance_name: ba_8192_1_4.txt
  dataset: barabasi_albert_10ins_m20
  random_seed: 47
  n_random_solutions: 128
  max_local_iterations: 1000
  precision: 32 bits (<class 'numpy.float32'>)
  run_name: onlyLS
--------------------------------------------------
Generating 128 random solutions...
Applying local search to 128 solutions...
Results saved to: results/barabasi_albert_10ins_m20/onlyLS/ba_8192_1_4.csv
Best energy: -2020708.000000
Total time: 0.1316s
Local search iterations: 61
----------------------------------------
  Seed 7/10 (seed=48)
Initialized onlyLS solver (GPU local search only). Results will be saved under 'onlyLS'.
Parameters:
  instance_name: ba_8192_1_4.txt
  dataset: barabasi_albert_10ins_m20
  random_seed: 48
  n_random_solutions: 128
  max_local_iterations: 1000
  precision: 32 bits (<class 'numpy.float32'>)
  run_name: onlyLS
--------------------------------------------------
Generating 128 random solutions...
Applying local search to 128 solutions...
Results saved to: results/barabasi_albert_10ins_m20/onlyLS/ba_8192_1_4.csv
Best energy: -2023172.000000
Total time: 0.1413s
Local search iterations: 80
----------------------------------------
  Seed 8/10 (seed=49)
Initialized onlyLS solver (GPU local search only). Results will be saved under 'onlyLS'.
Parameters:
  instance_name: ba_8192_1_4.txt
  dataset: barabasi_albert_10ins_m20
  random_seed: 49
  n_random_solutions: 128
  max_local_iterations: 1000
  precision: 32 bits (<class 'numpy.float32'>)
  run_name: onlyLS
--------------------------------------------------
Generating 128 random solutions...
Applying local search to 128 solutions...
Results saved to: results/barabasi_albert_10ins_m20/onlyLS/ba_8192_1_4.csv
Best energy: -2016728.000000
Total time: 0.1345s
Local search iterations: 67
----------------------------------------
  Seed 9/10 (seed=50)
Initialized onlyLS solver (GPU local search only). Results will be saved under 'onlyLS'.
Parameters:
  instance_name: ba_8192_1_4.txt
  dataset: barabasi_albert_10ins_m20
  random_seed: 50
  n_random_solutions: 128
  max_local_iterations: 1000
  precision: 32 bits (<class 'numpy.float32'>)
  run_name: onlyLS
--------------------------------------------------
Generating 128 random solutions...
Applying local search to 128 solutions...
Results saved to: results/barabasi_albert_10ins_m20/onlyLS/ba_8192_1_4.csv
Best energy: -2024014.000000
Total time: 0.1412s
Local search iterations: 80
----------------------------------------
  Seed 10/10 (seed=51)
Initialized onlyLS solver (GPU local search only). Results will be saved under 'onlyLS'.
Parameters:
  instance_name: ba_8192_1_4.txt
  dataset: barabasi_albert_10ins_m20
  random_seed: 51
  n_random_solutions: 128
  max_local_iterations: 1000
  precision: 32 bits (<class 'numpy.float32'>)
  run_name: onlyLS
--------------------------------------------------
Generating 128 random solutions...
Applying local search to 128 solutions...
Results saved to: results/barabasi_albert_10ins_m20/onlyLS/ba_8192_1_4.csv
Best energy: -2017538.000000
Total time: 0.1324s
Local search iterations: 63
----------------------------------------
Processing instance: ba_8192_1_5.txt
  Seed 1/10 (seed=42)
Initialized onlyLS solver (GPU local search only). Results will be saved under 'onlyLS'.
Parameters:
  instance_name: ba_8192_1_5.txt
  dataset: barabasi_albert_10ins_m20
  random_seed: 42
  n_random_solutions: 128
  max_local_iterations: 1000
  precision: 32 bits (<class 'numpy.float32'>)
  run_name: onlyLS
--------------------------------------------------
Generating 128 random solutions...
Applying local search to 128 solutions...
Results saved to: results/barabasi_albert_10ins_m20/onlyLS/ba_8192_1_5.csv
Best energy: -2028895.000000
Total time: 0.1357s
Local search iterations: 67
----------------------------------------
  Seed 2/10 (seed=43)
Initialized onlyLS solver (GPU local search only). Results will be saved under 'onlyLS'.
Parameters:
  instance_name: ba_8192_1_5.txt
  dataset: barabasi_albert_10ins_m20
  random_seed: 43
  n_random_solutions: 128
  max_local_iterations: 1000
  precision: 32 bits (<class 'numpy.float32'>)
  run_name: onlyLS
--------------------------------------------------
Generating 128 random solutions...
Applying local search to 128 solutions...
Results saved to: results/barabasi_albert_10ins_m20/onlyLS/ba_8192_1_5.csv
Best energy: -2034053.000000
Total time: 0.1315s
Local search iterations: 60
----------------------------------------
  Seed 3/10 (seed=44)
Initialized onlyLS solver (GPU local search only). Results will be saved under 'onlyLS'.
Parameters:
  instance_name: ba_8192_1_5.txt
  dataset: barabasi_albert_10ins_m20
  random_seed: 44
  n_random_solutions: 128
  max_local_iterations: 1000
  precision: 32 bits (<class 'numpy.float32'>)
  run_name: onlyLS
--------------------------------------------------
Generating 128 random solutions...
Applying local search to 128 solutions...
Results saved to: results/barabasi_albert_10ins_m20/onlyLS/ba_8192_1_5.csv
Best energy: -2040587.000000
Total time: 0.1719s
Local search iterations: 64
----------------------------------------
  Seed 4/10 (seed=45)
Initialized onlyLS solver (GPU local search only). Results will be saved under 'onlyLS'.
Parameters:
  instance_name: ba_8192_1_5.txt
  dataset: barabasi_albert_10ins_m20
  random_seed: 45
  n_random_solutions: 128
  max_local_iterations: 1000
  precision: 32 bits (<class 'numpy.float32'>)
  run_name: onlyLS
--------------------------------------------------
Generating 128 random solutions...
Applying local search to 128 solutions...
Results saved to: results/barabasi_albert_10ins_m20/onlyLS/ba_8192_1_5.csv
Best energy: -2037169.000000
Total time: 0.1345s
Local search iterations: 67
----------------------------------------
  Seed 5/10 (seed=46)
Initialized onlyLS solver (GPU local search only). Results will be saved under 'onlyLS'.
Parameters:
  instance_name: ba_8192_1_5.txt
  dataset: barabasi_albert_10ins_m20
  random_seed: 46
  n_random_solutions: 128
  max_local_iterations: 1000
  precision: 32 bits (<class 'numpy.float32'>)
  run_name: onlyLS
--------------------------------------------------
Generating 128 random solutions...
Applying local search to 128 solutions...
Results saved to: results/barabasi_albert_10ins_m20/onlyLS/ba_8192_1_5.csv
Best energy: -2037299.000000
Total time: 0.1315s
Local search iterations: 61
----------------------------------------
  Seed 6/10 (seed=47)
Initialized onlyLS solver (GPU local search only). Results will be saved under 'onlyLS'.
Parameters:
  instance_name: ba_8192_1_5.txt
  dataset: barabasi_albert_10ins_m20
  random_seed: 47
  n_random_solutions: 128
  max_local_iterations: 1000
  precision: 32 bits (<class 'numpy.float32'>)
  run_name: onlyLS
--------------------------------------------------
Generating 128 random solutions...
Applying local search to 128 solutions...
Results saved to: results/barabasi_albert_10ins_m20/onlyLS/ba_8192_1_5.csv
Best energy: -2032785.000000
Total time: 0.1329s
Local search iterations: 65
----------------------------------------
  Seed 7/10 (seed=48)
Initialized onlyLS solver (GPU local search only). Results will be saved under 'onlyLS'.
Parameters:
  instance_name: ba_8192_1_5.txt
  dataset: barabasi_albert_10ins_m20
  random_seed: 48
  n_random_solutions: 128
  max_local_iterations: 1000
  precision: 32 bits (<class 'numpy.float32'>)
  run_name: onlyLS
--------------------------------------------------
Generating 128 random solutions...
Applying local search to 128 solutions...
Results saved to: results/barabasi_albert_10ins_m20/onlyLS/ba_8192_1_5.csv
Best energy: -2031809.000000
Total time: 0.1293s
Local search iterations: 57
----------------------------------------
  Seed 8/10 (seed=49)
Initialized onlyLS solver (GPU local search only). Results will be saved under 'onlyLS'.
Parameters:
  instance_name: ba_8192_1_5.txt
  dataset: barabasi_albert_10ins_m20
  random_seed: 49
  n_random_solutions: 128
  max_local_iterations: 1000
  precision: 32 bits (<class 'numpy.float32'>)
  run_name: onlyLS
--------------------------------------------------
Generating 128 random solutions...
Applying local search to 128 solutions...
Results saved to: results/barabasi_albert_10ins_m20/onlyLS/ba_8192_1_5.csv
Best energy: -2025121.000000
Total time: 0.1312s
Local search iterations: 61
----------------------------------------
  Seed 9/10 (seed=50)
Initialized onlyLS solver (GPU local search only). Results will be saved under 'onlyLS'.
Parameters:
  instance_name: ba_8192_1_5.txt
  dataset: barabasi_albert_10ins_m20
  random_seed: 50
  n_random_solutions: 128
  max_local_iterations: 1000
  precision: 32 bits (<class 'numpy.float32'>)
  run_name: onlyLS
--------------------------------------------------
Generating 128 random solutions...
Applying local search to 128 solutions...
Results saved to: results/barabasi_albert_10ins_m20/onlyLS/ba_8192_1_5.csv
Best energy: -2028821.000000
Total time: 0.1378s
Local search iterations: 73
----------------------------------------
  Seed 10/10 (seed=51)
Initialized onlyLS solver (GPU local search only). Results will be saved under 'onlyLS'.
Parameters:
  instance_name: ba_8192_1_5.txt
  dataset: barabasi_albert_10ins_m20
  random_seed: 51
  n_random_solutions: 128
  max_local_iterations: 1000
  precision: 32 bits (<class 'numpy.float32'>)
  run_name: onlyLS
--------------------------------------------------
Generating 128 random solutions...
Applying local search to 128 solutions...
Results saved to: results/barabasi_albert_10ins_m20/onlyLS/ba_8192_1_5.csv
Best energy: -2023407.000000
Total time: 0.1322s
Local search iterations: 61
----------------------------------------
Processing instance: ba_8192_1_6.txt
  Seed 1/10 (seed=42)
Initialized onlyLS solver (GPU local search only). Results will be saved under 'onlyLS'.
Parameters:
  instance_name: ba_8192_1_6.txt
  dataset: barabasi_albert_10ins_m20
  random_seed: 42
  n_random_solutions: 128
  max_local_iterations: 1000
  precision: 32 bits (<class 'numpy.float32'>)
  run_name: onlyLS
--------------------------------------------------
Generating 128 random solutions...
Applying local search to 128 solutions...
Results saved to: results/barabasi_albert_10ins_m20/onlyLS/ba_8192_1_6.csv
Best energy: -2030784.000000
Total time: 0.1351s
Local search iterations: 66
----------------------------------------
  Seed 2/10 (seed=43)
Initialized onlyLS solver (GPU local search only). Results will be saved under 'onlyLS'.
Parameters:
  instance_name: ba_8192_1_6.txt
  dataset: barabasi_albert_10ins_m20
  random_seed: 43
  n_random_solutions: 128
  max_local_iterations: 1000
  precision: 32 bits (<class 'numpy.float32'>)
  run_name: onlyLS
--------------------------------------------------
Generating 128 random solutions...
Applying local search to 128 solutions...
Results saved to: results/barabasi_albert_10ins_m20/onlyLS/ba_8192_1_6.csv
Best energy: -2025978.000000
Total time: 0.1337s
Local search iterations: 64
----------------------------------------
  Seed 3/10 (seed=44)
Initialized onlyLS solver (GPU local search only). Results will be saved under 'onlyLS'.
Parameters:
  instance_name: ba_8192_1_6.txt
  dataset: barabasi_albert_10ins_m20
  random_seed: 44
  n_random_solutions: 128
  max_local_iterations: 1000
  precision: 32 bits (<class 'numpy.float32'>)
  run_name: onlyLS
--------------------------------------------------
Generating 128 random solutions...
Applying local search to 128 solutions...
Results saved to: results/barabasi_albert_10ins_m20/onlyLS/ba_8192_1_6.csv
Best energy: -2025118.000000
Total time: 0.1333s
Local search iterations: 63
----------------------------------------
  Seed 4/10 (seed=45)
Initialized onlyLS solver (GPU local search only). Results will be saved under 'onlyLS'.
Parameters:
  instance_name: ba_8192_1_6.txt
  dataset: barabasi_albert_10ins_m20
  random_seed: 45
  n_random_solutions: 128
  max_local_iterations: 1000
  precision: 32 bits (<class 'numpy.float32'>)
  run_name: onlyLS
--------------------------------------------------
Generating 128 random solutions...
Applying local search to 128 solutions...
Results saved to: results/barabasi_albert_10ins_m20/onlyLS/ba_8192_1_6.csv
Best energy: -2041542.000000
Total time: 0.1316s
Local search iterations: 60
----------------------------------------
  Seed 5/10 (seed=46)
Initialized onlyLS solver (GPU local search only). Results will be saved under 'onlyLS'.
Parameters:
  instance_name: ba_8192_1_6.txt
  dataset: barabasi_albert_10ins_m20
  random_seed: 46
  n_random_solutions: 128
  max_local_iterations: 1000
  precision: 32 bits (<class 'numpy.float32'>)
  run_name: onlyLS
--------------------------------------------------
Generating 128 random solutions...
Applying local search to 128 solutions...
Results saved to: results/barabasi_albert_10ins_m20/onlyLS/ba_8192_1_6.csv
Best energy: -2034826.000000
Total time: 0.1346s
Local search iterations: 67
----------------------------------------
  Seed 6/10 (seed=47)
Initialized onlyLS solver (GPU local search only). Results will be saved under 'onlyLS'.
Parameters:
  instance_name: ba_8192_1_6.txt
  dataset: barabasi_albert_10ins_m20
  random_seed: 47
  n_random_solutions: 128
  max_local_iterations: 1000
  precision: 32 bits (<class 'numpy.float32'>)
  run_name: onlyLS
--------------------------------------------------
Generating 128 random solutions...
Applying local search to 128 solutions...
Results saved to: results/barabasi_albert_10ins_m20/onlyLS/ba_8192_1_6.csv
Best energy: -2029520.000000
Total time: 0.1304s
Local search iterations: 59
----------------------------------------
  Seed 7/10 (seed=48)
Initialized onlyLS solver (GPU local search only). Results will be saved under 'onlyLS'.
Parameters:
  instance_name: ba_8192_1_6.txt
  dataset: barabasi_albert_10ins_m20
  random_seed: 48
  n_random_solutions: 128
  max_local_iterations: 1000
  precision: 32 bits (<class 'numpy.float32'>)
  run_name: onlyLS
--------------------------------------------------
Generating 128 random solutions...
Applying local search to 128 solutions...
Results saved to: results/barabasi_albert_10ins_m20/onlyLS/ba_8192_1_6.csv
Best energy: -2027882.000000
Total time: 0.1332s
Local search iterations: 64
----------------------------------------
  Seed 8/10 (seed=49)
Initialized onlyLS solver (GPU local search only). Results will be saved under 'onlyLS'.
Parameters:
  instance_name: ba_8192_1_6.txt
  dataset: barabasi_albert_10ins_m20
  random_seed: 49
  n_random_solutions: 128
  max_local_iterations: 1000
  precision: 32 bits (<class 'numpy.float32'>)
  run_name: onlyLS
--------------------------------------------------
Generating 128 random solutions...
Applying local search to 128 solutions...
Results saved to: results/barabasi_albert_10ins_m20/onlyLS/ba_8192_1_6.csv
Best energy: -2022204.000000
Total time: 0.1349s
Local search iterations: 67
----------------------------------------
  Seed 9/10 (seed=50)
Initialized onlyLS solver (GPU local search only). Results will be saved under 'onlyLS'.
Parameters:
  instance_name: ba_8192_1_6.txt
  dataset: barabasi_albert_10ins_m20
  random_seed: 50
  n_random_solutions: 128
  max_local_iterations: 1000
  precision: 32 bits (<class 'numpy.float32'>)
  run_name: onlyLS
--------------------------------------------------
Generating 128 random solutions...
Applying local search to 128 solutions...
Results saved to: results/barabasi_albert_10ins_m20/onlyLS/ba_8192_1_6.csv
Best energy: -2034284.000000
Total time: 0.1335s
Local search iterations: 65
----------------------------------------
  Seed 10/10 (seed=51)
Initialized onlyLS solver (GPU local search only). Results will be saved under 'onlyLS'.
Parameters:
  instance_name: ba_8192_1_6.txt
  dataset: barabasi_albert_10ins_m20
  random_seed: 51
  n_random_solutions: 128
  max_local_iterations: 1000
  precision: 32 bits (<class 'numpy.float32'>)
  run_name: onlyLS
--------------------------------------------------
Generating 128 random solutions...
Applying local search to 128 solutions...
Results saved to: results/barabasi_albert_10ins_m20/onlyLS/ba_8192_1_6.csv
Best energy: -2030070.000000
Total time: 0.1290s
Local search iterations: 56
----------------------------------------
Processing instance: ba_8192_1_7.txt
  Seed 1/10 (seed=42)
Initialized onlyLS solver (GPU local search only). Results will be saved under 'onlyLS'.
Parameters:
  instance_name: ba_8192_1_7.txt
  dataset: barabasi_albert_10ins_m20
  random_seed: 42
  n_random_solutions: 128
  max_local_iterations: 1000
  precision: 32 bits (<class 'numpy.float32'>)
  run_name: onlyLS
--------------------------------------------------
Generating 128 random solutions...
Applying local search to 128 solutions...
Results saved to: results/barabasi_albert_10ins_m20/onlyLS/ba_8192_1_7.csv
Best energy: -2024625.000000
Total time: 0.1346s
Local search iterations: 65
----------------------------------------
  Seed 2/10 (seed=43)
Initialized onlyLS solver (GPU local search only). Results will be saved under 'onlyLS'.
Parameters:
  instance_name: ba_8192_1_7.txt
  dataset: barabasi_albert_10ins_m20
  random_seed: 43
  n_random_solutions: 128
  max_local_iterations: 1000
  precision: 32 bits (<class 'numpy.float32'>)
  run_name: onlyLS
--------------------------------------------------
Generating 128 random solutions...
Applying local search to 128 solutions...
Results saved to: results/barabasi_albert_10ins_m20/onlyLS/ba_8192_1_7.csv
Best energy: -2015765.000000
Total time: 0.1316s
Local search iterations: 61
----------------------------------------
  Seed 3/10 (seed=44)
Initialized onlyLS solver (GPU local search only). Results will be saved under 'onlyLS'.
Parameters:
  instance_name: ba_8192_1_7.txt
  dataset: barabasi_albert_10ins_m20
  random_seed: 44
  n_random_solutions: 128
  max_local_iterations: 1000
  precision: 32 bits (<class 'numpy.float32'>)
  run_name: onlyLS
--------------------------------------------------
Generating 128 random solutions...
Applying local search to 128 solutions...
Results saved to: results/barabasi_albert_10ins_m20/onlyLS/ba_8192_1_7.csv
Best energy: -2019109.000000
Total time: 0.1332s
Local search iterations: 64
----------------------------------------
  Seed 4/10 (seed=45)
Initialized onlyLS solver (GPU local search only). Results will be saved under 'onlyLS'.
Parameters:
  instance_name: ba_8192_1_7.txt
  dataset: barabasi_albert_10ins_m20
  random_seed: 45
  n_random_solutions: 128
  max_local_iterations: 1000
  precision: 32 bits (<class 'numpy.float32'>)
  run_name: onlyLS
--------------------------------------------------
Generating 128 random solutions...
Applying local search to 128 solutions...
Results saved to: results/barabasi_albert_10ins_m20/onlyLS/ba_8192_1_7.csv
Best energy: -2025479.000000
Total time: 0.1310s
Local search iterations: 60
----------------------------------------
  Seed 5/10 (seed=46)
Initialized onlyLS solver (GPU local search only). Results will be saved under 'onlyLS'.
Parameters:
  instance_name: ba_8192_1_7.txt
  dataset: barabasi_albert_10ins_m20
  random_seed: 46
  n_random_solutions: 128
  max_local_iterations: 1000
  precision: 32 bits (<class 'numpy.float32'>)
  run_name: onlyLS
--------------------------------------------------
Generating 128 random solutions...
Applying local search to 128 solutions...
Results saved to: results/barabasi_albert_10ins_m20/onlyLS/ba_8192_1_7.csv
Best energy: -2040299.000000
Total time: 0.1303s
Local search iterations: 58
----------------------------------------
  Seed 6/10 (seed=47)
Initialized onlyLS solver (GPU local search only). Results will be saved under 'onlyLS'.
Parameters:
  instance_name: ba_8192_1_7.txt
  dataset: barabasi_albert_10ins_m20
  random_seed: 47
  n_random_solutions: 128
  max_local_iterations: 1000
  precision: 32 bits (<class 'numpy.float32'>)
  run_name: onlyLS
--------------------------------------------------
Generating 128 random solutions...
Applying local search to 128 solutions...
Results saved to: results/barabasi_albert_10ins_m20/onlyLS/ba_8192_1_7.csv
Best energy: -2027273.000000
Total time: 0.1321s
Local search iterations: 62
----------------------------------------
  Seed 7/10 (seed=48)
Initialized onlyLS solver (GPU local search only). Results will be saved under 'onlyLS'.
Parameters:
  instance_name: ba_8192_1_7.txt
  dataset: barabasi_albert_10ins_m20
  random_seed: 48
  n_random_solutions: 128
  max_local_iterations: 1000
  precision: 32 bits (<class 'numpy.float32'>)
  run_name: onlyLS
--------------------------------------------------
Generating 128 random solutions...
Applying local search to 128 solutions...
Results saved to: results/barabasi_albert_10ins_m20/onlyLS/ba_8192_1_7.csv
Best energy: -2020499.000000
Total time: 0.1412s
Local search iterations: 79
----------------------------------------
  Seed 8/10 (seed=49)
Initialized onlyLS solver (GPU local search only). Results will be saved under 'onlyLS'.
Parameters:
  instance_name: ba_8192_1_7.txt
  dataset: barabasi_albert_10ins_m20
  random_seed: 49
  n_random_solutions: 128
  max_local_iterations: 1000
  precision: 32 bits (<class 'numpy.float32'>)
  run_name: onlyLS
--------------------------------------------------
Generating 128 random solutions...
Applying local search to 128 solutions...
Results saved to: results/barabasi_albert_10ins_m20/onlyLS/ba_8192_1_7.csv
Best energy: -2025353.000000
Total time: 0.1369s
Local search iterations: 70
----------------------------------------
  Seed 9/10 (seed=50)
Initialized onlyLS solver (GPU local search only). Results will be saved under 'onlyLS'.
Parameters:
  instance_name: ba_8192_1_7.txt
  dataset: barabasi_albert_10ins_m20
  random_seed: 50
  n_random_solutions: 128
  max_local_iterations: 1000
  precision: 32 bits (<class 'numpy.float32'>)
  run_name: onlyLS
--------------------------------------------------
Generating 128 random solutions...
Applying local search to 128 solutions...
Results saved to: results/barabasi_albert_10ins_m20/onlyLS/ba_8192_1_7.csv
Best energy: -2032249.000000
Total time: 0.1308s
Local search iterations: 59
----------------------------------------
  Seed 10/10 (seed=51)
Initialized onlyLS solver (GPU local search only). Results will be saved under 'onlyLS'.
Parameters:
  instance_name: ba_8192_1_7.txt
  dataset: barabasi_albert_10ins_m20
  random_seed: 51
  n_random_solutions: 128
  max_local_iterations: 1000
  precision: 32 bits (<class 'numpy.float32'>)
  run_name: onlyLS
--------------------------------------------------
Generating 128 random solutions...
Applying local search to 128 solutions...
Results saved to: results/barabasi_albert_10ins_m20/onlyLS/ba_8192_1_7.csv
Best energy: -2021219.000000
Total time: 0.1316s
Local search iterations: 60
----------------------------------------
Processing instance: ba_8192_1_8.txt
  Seed 1/10 (seed=42)
Initialized onlyLS solver (GPU local search only). Results will be saved under 'onlyLS'.
Parameters:
  instance_name: ba_8192_1_8.txt
  dataset: barabasi_albert_10ins_m20
  random_seed: 42
  n_random_solutions: 128
  max_local_iterations: 1000
  precision: 32 bits (<class 'numpy.float32'>)
  run_name: onlyLS
--------------------------------------------------
Generating 128 random solutions...
Applying local search to 128 solutions...
Results saved to: results/barabasi_albert_10ins_m20/onlyLS/ba_8192_1_8.csv
Best energy: -2027800.000000
Total time: 0.1318s
Local search iterations: 60
----------------------------------------
  Seed 2/10 (seed=43)
Initialized onlyLS solver (GPU local search only). Results will be saved under 'onlyLS'.
Parameters:
  instance_name: ba_8192_1_8.txt
  dataset: barabasi_albert_10ins_m20
  random_seed: 43
  n_random_solutions: 128
  max_local_iterations: 1000
  precision: 32 bits (<class 'numpy.float32'>)
  run_name: onlyLS
--------------------------------------------------
Generating 128 random solutions...
Applying local search to 128 solutions...
Results saved to: results/barabasi_albert_10ins_m20/onlyLS/ba_8192_1_8.csv
Best energy: -2039558.000000
Total time: 0.1326s
Local search iterations: 63
----------------------------------------
  Seed 3/10 (seed=44)
Initialized onlyLS solver (GPU local search only). Results will be saved under 'onlyLS'.
Parameters:
  instance_name: ba_8192_1_8.txt
  dataset: barabasi_albert_10ins_m20
  random_seed: 44
  n_random_solutions: 128
  max_local_iterations: 1000
  precision: 32 bits (<class 'numpy.float32'>)
  run_name: onlyLS
--------------------------------------------------
Generating 128 random solutions...
Applying local search to 128 solutions...
Results saved to: results/barabasi_albert_10ins_m20/onlyLS/ba_8192_1_8.csv
Best energy: -2028190.000000
Total time: 0.1334s
Local search iterations: 65
----------------------------------------
  Seed 4/10 (seed=45)
Initialized onlyLS solver (GPU local search only). Results will be saved under 'onlyLS'.
Parameters:
  instance_name: ba_8192_1_8.txt
  dataset: barabasi_albert_10ins_m20
  random_seed: 45
  n_random_solutions: 128
  max_local_iterations: 1000
  precision: 32 bits (<class 'numpy.float32'>)
  run_name: onlyLS
--------------------------------------------------
Generating 128 random solutions...
Applying local search to 128 solutions...
Results saved to: results/barabasi_albert_10ins_m20/onlyLS/ba_8192_1_8.csv
Best energy: -2017640.000000
Total time: 0.1373s
Local search iterations: 73
----------------------------------------
  Seed 5/10 (seed=46)
Initialized onlyLS solver (GPU local search only). Results will be saved under 'onlyLS'.
Parameters:
  instance_name: ba_8192_1_8.txt
  dataset: barabasi_albert_10ins_m20
  random_seed: 46
  n_random_solutions: 128
  max_local_iterations: 1000
  precision: 32 bits (<class 'numpy.float32'>)
  run_name: onlyLS
--------------------------------------------------
Generating 128 random solutions...
Applying local search to 128 solutions...
Results saved to: results/barabasi_albert_10ins_m20/onlyLS/ba_8192_1_8.csv
Best energy: -2017768.000000
Total time: 0.1322s
Local search iterations: 63
----------------------------------------
  Seed 6/10 (seed=47)
Initialized onlyLS solver (GPU local search only). Results will be saved under 'onlyLS'.
Parameters:
  instance_name: ba_8192_1_8.txt
  dataset: barabasi_albert_10ins_m20
  random_seed: 47
  n_random_solutions: 128
  max_local_iterations: 1000
  precision: 32 bits (<class 'numpy.float32'>)
  run_name: onlyLS
--------------------------------------------------
Generating 128 random solutions...
Applying local search to 128 solutions...
Results saved to: results/barabasi_albert_10ins_m20/onlyLS/ba_8192_1_8.csv
Best energy: -2022212.000000
Total time: 0.1288s
Local search iterations: 55
----------------------------------------
  Seed 7/10 (seed=48)
Initialized onlyLS solver (GPU local search only). Results will be saved under 'onlyLS'.
Parameters:
  instance_name: ba_8192_1_8.txt
  dataset: barabasi_albert_10ins_m20
  random_seed: 48
  n_random_solutions: 128
  max_local_iterations: 1000
  precision: 32 bits (<class 'numpy.float32'>)
  run_name: onlyLS
--------------------------------------------------
Generating 128 random solutions...
Applying local search to 128 solutions...
Results saved to: results/barabasi_albert_10ins_m20/onlyLS/ba_8192_1_8.csv
Best energy: -2039158.000000
Total time: 0.1318s
Local search iterations: 61
----------------------------------------
  Seed 8/10 (seed=49)
Initialized onlyLS solver (GPU local search only). Results will be saved under 'onlyLS'.
Parameters:
  instance_name: ba_8192_1_8.txt
  dataset: barabasi_albert_10ins_m20
  random_seed: 49
  n_random_solutions: 128
  max_local_iterations: 1000
  precision: 32 bits (<class 'numpy.float32'>)
  run_name: onlyLS
--------------------------------------------------
Generating 128 random solutions...
Applying local search to 128 solutions...
Results saved to: results/barabasi_albert_10ins_m20/onlyLS/ba_8192_1_8.csv
Best energy: -2023870.000000
Total time: 0.1328s
Local search iterations: 63
----------------------------------------
  Seed 9/10 (seed=50)
Initialized onlyLS solver (GPU local search only). Results will be saved under 'onlyLS'.
Parameters:
  instance_name: ba_8192_1_8.txt
  dataset: barabasi_albert_10ins_m20
  random_seed: 50
  n_random_solutions: 128
  max_local_iterations: 1000
  precision: 32 bits (<class 'numpy.float32'>)
  run_name: onlyLS
--------------------------------------------------
Generating 128 random solutions...
Applying local search to 128 solutions...
Results saved to: results/barabasi_albert_10ins_m20/onlyLS/ba_8192_1_8.csv
Best energy: -2022212.000000
Total time: 0.1329s
Local search iterations: 63
----------------------------------------
  Seed 10/10 (seed=51)
Initialized onlyLS solver (GPU local search only). Results will be saved under 'onlyLS'.
Parameters:
  instance_name: ba_8192_1_8.txt
  dataset: barabasi_albert_10ins_m20
  random_seed: 51
  n_random_solutions: 128
  max_local_iterations: 1000
  precision: 32 bits (<class 'numpy.float32'>)
  run_name: onlyLS
--------------------------------------------------
Generating 128 random solutions...
Applying local search to 128 solutions...
Results saved to: results/barabasi_albert_10ins_m20/onlyLS/ba_8192_1_8.csv
Best energy: -2030558.000000
Total time: 0.1280s
Local search iterations: 54
----------------------------------------
Processing instance: ba_8192_1_9.txt
  Seed 1/10 (seed=42)
Initialized onlyLS solver (GPU local search only). Results will be saved under 'onlyLS'.
Parameters:
  instance_name: ba_8192_1_9.txt
  dataset: barabasi_albert_10ins_m20
  random_seed: 42
  n_random_solutions: 128
  max_local_iterations: 1000
  precision: 32 bits (<class 'numpy.float32'>)
  run_name: onlyLS
--------------------------------------------------
Generating 128 random solutions...
Applying local search to 128 solutions...
Results saved to: results/barabasi_albert_10ins_m20/onlyLS/ba_8192_1_9.csv
Best energy: -2025570.000000
Total time: 0.1474s
Local search iterations: 78
----------------------------------------
  Seed 2/10 (seed=43)
Initialized onlyLS solver (GPU local search only). Results will be saved under 'onlyLS'.
Parameters:
  instance_name: ba_8192_1_9.txt
  dataset: barabasi_albert_10ins_m20
  random_seed: 43
  n_random_solutions: 128
  max_local_iterations: 1000
  precision: 32 bits (<class 'numpy.float32'>)
  run_name: onlyLS
--------------------------------------------------
Generating 128 random solutions...
Applying local search to 128 solutions...
Results saved to: results/barabasi_albert_10ins_m20/onlyLS/ba_8192_1_9.csv
Best energy: -2026358.000000
Total time: 0.1388s
Local search iterations: 62
----------------------------------------
  Seed 3/10 (seed=44)
Initialized onlyLS solver (GPU local search only). Results will be saved under 'onlyLS'.
Parameters:
  instance_name: ba_8192_1_9.txt
  dataset: barabasi_albert_10ins_m20
  random_seed: 44
  n_random_solutions: 128
  max_local_iterations: 1000
  precision: 32 bits (<class 'numpy.float32'>)
  run_name: onlyLS
--------------------------------------------------
Generating 128 random solutions...
Applying local search to 128 solutions...
Results saved to: results/barabasi_albert_10ins_m20/onlyLS/ba_8192_1_9.csv
Best energy: -2027186.000000
Total time: 0.1416s
Local search iterations: 66
----------------------------------------
  Seed 4/10 (seed=45)
Initialized onlyLS solver (GPU local search only). Results will be saved under 'onlyLS'.
Parameters:
  instance_name: ba_8192_1_9.txt
  dataset: barabasi_albert_10ins_m20
  random_seed: 45
  n_random_solutions: 128
  max_local_iterations: 1000
  precision: 32 bits (<class 'numpy.float32'>)
  run_name: onlyLS
--------------------------------------------------
Generating 128 random solutions...
Applying local search to 128 solutions...
Results saved to: results/barabasi_albert_10ins_m20/onlyLS/ba_8192_1_9.csv
Best energy: -2029010.000000
Total time: 0.1410s
Local search iterations: 69
----------------------------------------
  Seed 5/10 (seed=46)
Initialized onlyLS solver (GPU local search only). Results will be saved under 'onlyLS'.
Parameters:
  instance_name: ba_8192_1_9.txt
  dataset: barabasi_albert_10ins_m20
  random_seed: 46
  n_random_solutions: 128
  max_local_iterations: 1000
  precision: 32 bits (<class 'numpy.float32'>)
  run_name: onlyLS
--------------------------------------------------
Generating 128 random solutions...
Applying local search to 128 solutions...
Results saved to: results/barabasi_albert_10ins_m20/onlyLS/ba_8192_1_9.csv
Best energy: -2016088.000000
Total time: 0.1337s
Local search iterations: 65
----------------------------------------
  Seed 6/10 (seed=47)
Initialized onlyLS solver (GPU local search only). Results will be saved under 'onlyLS'.
Parameters:
  instance_name: ba_8192_1_9.txt
  dataset: barabasi_albert_10ins_m20
  random_seed: 47
  n_random_solutions: 128
  max_local_iterations: 1000
  precision: 32 bits (<class 'numpy.float32'>)
  run_name: onlyLS
--------------------------------------------------
Generating 128 random solutions...
Applying local search to 128 solutions...
Results saved to: results/barabasi_albert_10ins_m20/onlyLS/ba_8192_1_9.csv
Best energy: -2029144.000000
Total time: 0.1291s
Local search iterations: 57
----------------------------------------
  Seed 7/10 (seed=48)
Initialized onlyLS solver (GPU local search only). Results will be saved under 'onlyLS'.
Parameters:
  instance_name: ba_8192_1_9.txt
  dataset: barabasi_albert_10ins_m20
  random_seed: 48
  n_random_solutions: 128
  max_local_iterations: 1000
  precision: 32 bits (<class 'numpy.float32'>)
  run_name: onlyLS
--------------------------------------------------
Generating 128 random solutions...
Applying local search to 128 solutions...
Results saved to: results/barabasi_albert_10ins_m20/onlyLS/ba_8192_1_9.csv
Best energy: -2021224.000000
Total time: 0.1315s
Local search iterations: 61
----------------------------------------
  Seed 8/10 (seed=49)
Initialized onlyLS solver (GPU local search only). Results will be saved under 'onlyLS'.
Parameters:
  instance_name: ba_8192_1_9.txt
  dataset: barabasi_albert_10ins_m20
  random_seed: 49
  n_random_solutions: 128
  max_local_iterations: 1000
  precision: 32 bits (<class 'numpy.float32'>)
  run_name: onlyLS
--------------------------------------------------
Generating 128 random solutions...
Applying local search to 128 solutions...
Results saved to: results/barabasi_albert_10ins_m20/onlyLS/ba_8192_1_9.csv
Best energy: -2022554.000000
Total time: 0.1351s
Local search iterations: 67
----------------------------------------
  Seed 9/10 (seed=50)
Initialized onlyLS solver (GPU local search only). Results will be saved under 'onlyLS'.
Parameters:
  instance_name: ba_8192_1_9.txt
  dataset: barabasi_albert_10ins_m20
  random_seed: 50
  n_random_solutions: 128
  max_local_iterations: 1000
  precision: 32 bits (<class 'numpy.float32'>)
  run_name: onlyLS
--------------------------------------------------
Generating 128 random solutions...
Applying local search to 128 solutions...
Results saved to: results/barabasi_albert_10ins_m20/onlyLS/ba_8192_1_9.csv
Best energy: -2033036.000000
Total time: 0.1359s
Local search iterations: 70
----------------------------------------
  Seed 10/10 (seed=51)
Initialized onlyLS solver (GPU local search only). Results will be saved under 'onlyLS'.
Parameters:
  instance_name: ba_8192_1_9.txt
  dataset: barabasi_albert_10ins_m20
  random_seed: 51
  n_random_solutions: 128
  max_local_iterations: 1000
  precision: 32 bits (<class 'numpy.float32'>)
  run_name: onlyLS
--------------------------------------------------
Generating 128 random solutions...
Applying local search to 128 solutions...
Results saved to: results/barabasi_albert_10ins_m20/onlyLS/ba_8192_1_9.csv
Best energy: -2020380.000000
Total time: 0.1342s
Local search iterations: 66
----------------------------------------
==================================================
Execution Finished.
✓ onlyLS on barabasi_albert_10ins_m20 SUCCESS
Completed 1 experiments in 2296 seconds
