Running solver: QQA
Dataset: barabasi_albert_10ins_m20
[GENERAL] Dataset: barabasi_albert_10ins_m20, -----------------------------------------------------------
Running: QQA
Solver: qqa
Dataset: barabasi_albert_10ins_m20
==================================================
Processing instance: ba_1024_1_0.txt
  Seed 1/1 (seed=42)
Initialized QQA solver (QQA). Results will be saved under 'QQA'.
Parameters:
  instance_name: ba_1024_1_0.txt
  dataset: barabasi_albert_10ins_m20
  random_seed: 42
  device: cuda
  sol_size: 100
  learning_rate: 1.0
  temp: 0.001
  min_bg: -3.0
  max_bg: 0.1
  curve_rate: 4.0
  div_param: 0.2
  num_epochs: 3000
  check_interval: 500
  plot_dynamics: False
  run_name: QQA
--------------------------------------------------
[DEBUG] Starting QQA with n=1025, sol_size=100, device=cuda

============================== [LOG] ===============================
[ EPOCH 0 ]
  Best Loss So Far : -52335.0000
  Mean(Loss)       : -475.6483
  Mean(Penalty)    : 820.8723
  BG               : -3.0000
  DIV Value        : 295.0523
  div_param        : 0.2000
====================================================================

============================== [LOG] ===============================
[ EPOCH 500 ]
  Best Loss So Far : -249137.0000
  Mean(Loss)       : -239300.0938
  Mean(Penalty)    : 0.2769
  BG               : -2.4833
  DIV Value        : 512.9727
  div_param        : 0.2000
====================================================================

============================== [LOG] ===============================
[ EPOCH 1000 ]
  Best Loss So Far : -249137.0000
  Mean(Loss)       : -239357.7656
  Mean(Penalty)    : 0.0166
  BG               : -1.9667
  DIV Value        : 513.0075
  div_param        : 0.2000
====================================================================

============================== [LOG] ===============================
[ EPOCH 1500 ]
  Best Loss So Far : -249137.0000
  Mean(Loss)       : -239357.7656
  Mean(Penalty)    : 0.0000
  BG               : -1.4500
  DIV Value        : 513.0096
  div_param        : 0.2000
====================================================================

============================== [LOG] ===============================
[ EPOCH 2000 ]
  Best Loss So Far : -249137.0000
  Mean(Loss)       : -239357.7656
  Mean(Penalty)    : 0.0000
  BG               : -0.9333
  DIV Value        : 513.0096
  div_param        : 0.2000
====================================================================

============================== [LOG] ===============================
[ EPOCH 2500 ]
  Best Loss So Far : -249137.0000
  Mean(Loss)       : -239357.7656
  Mean(Penalty)    : 0.0000
  BG               : -0.4167
  DIV Value        : 513.0096
  div_param        : 0.2000
====================================================================

============================== [LOG] ===============================
[ EPOCH 2999 ]
  Best Loss So Far : -249137.0000
  Mean(Loss)       : -239357.7656
  Mean(Penalty)    : 0.0000
  BG               : 0.0990
  DIV Value        : 513.0096
  div_param        : 0.2000
====================================================================

============================== [FINAL] ==============================
FINAL BEST LOSS : -249137.0000
RUNTIME         : 8.29 s
====================================================================
sol_size:100, lr:1.0, temp:0.001, min_bg:-3.0, max_bg:0.1, curve_rate:4.0, div_param:0.2
[DEBUG] x_batch shape: torch.Size([100, 1025]), dtype: torch.float32, device: cuda:0
[DEBUG] x_batch range: [0.0000, 1.0000]
[DEBUG] x_round range: [0.0000, 1.0000]
[DEBUG] Best solution index: 18
[DEBUG] Best loss (from rounded): -249137.000000
[DEBUG] QQA reported best_obj: -249137.000000
[DEBUG] spins_tensor range: [-1.0000, 1.0000]
[DEBUG] Unique spin values: [-1.0, 1.0]
[DEBUG] Final energy: -249137.000000
QQA finished. Best energy: -249137.000000
Best objective (QQA loss): -249137.000000
Runtime reported by QQA: 8.2934s
Total wall-clock time: 8.5985s
Results saved to: results/barabasi_albert_10ins_m20/QQA/ba_1024_1_0.csv
Energy: -249137.000000
Time: 8.5985s
----------------------------------------
Processing instance: ba_1024_1_1.txt
  Seed 1/1 (seed=42)
Initialized QQA solver (QQA). Results will be saved under 'QQA'.
Parameters:
  instance_name: ba_1024_1_1.txt
  dataset: barabasi_albert_10ins_m20
  random_seed: 42
  device: cuda
  sol_size: 100
  learning_rate: 1.0
  temp: 0.001
  min_bg: -3.0
  max_bg: 0.1
  curve_rate: 4.0
  div_param: 0.2
  num_epochs: 3000
  check_interval: 500
  plot_dynamics: False
  run_name: QQA
--------------------------------------------------
[DEBUG] Starting QQA with n=1025, sol_size=100, device=cuda

============================== [LOG] ===============================
[ EPOCH 0 ]
  Best Loss So Far : -47342.0000
  Mean(Loss)       : 89.1841
  Mean(Penalty)    : 820.8723
  BG               : -3.0000
  DIV Value        : 295.0523
  div_param        : 0.2000
====================================================================

============================== [LOG] ===============================
[ EPOCH 500 ]
  Best Loss So Far : -250392.0000
  Mean(Loss)       : -239194.1562
  Mean(Penalty)    : 0.2868
  BG               : -2.4833
  DIV Value        : 512.5212
  div_param        : 0.2000
====================================================================

============================== [LOG] ===============================
[ EPOCH 1000 ]
  Best Loss So Far : -250392.0000
  Mean(Loss)       : -239202.8750
  Mean(Penalty)    : 0.0304
  BG               : -1.9667
  DIV Value        : 512.5646
  div_param        : 0.2000
====================================================================

============================== [LOG] ===============================
[ EPOCH 1500 ]
  Best Loss So Far : -250392.0000
  Mean(Loss)       : -239202.8594
  Mean(Penalty)    : 0.0028
  BG               : -1.4500
  DIV Value        : 512.5683
  div_param        : 0.2000
====================================================================

============================== [LOG] ===============================
[ EPOCH 2000 ]
  Best Loss So Far : -250392.0000
  Mean(Loss)       : -239202.8594
  Mean(Penalty)    : 0.0000
  BG               : -0.9333
  DIV Value        : 512.5687
  div_param        : 0.2000
====================================================================

============================== [LOG] ===============================
[ EPOCH 2500 ]
  Best Loss So Far : -250392.0000
  Mean(Loss)       : -239202.8594
  Mean(Penalty)    : 0.0000
  BG               : -0.4167
  DIV Value        : 512.5687
  div_param        : 0.2000
====================================================================

============================== [LOG] ===============================
[ EPOCH 2999 ]
  Best Loss So Far : -250392.0000
  Mean(Loss)       : -239202.8594
  Mean(Penalty)    : 0.0000
  BG               : 0.0990
  DIV Value        : 512.5687
  div_param        : 0.2000
====================================================================

============================== [FINAL] ==============================
FINAL BEST LOSS : -250392.0000
RUNTIME         : 5.84 s
====================================================================
sol_size:100, lr:1.0, temp:0.001, min_bg:-3.0, max_bg:0.1, curve_rate:4.0, div_param:0.2
[DEBUG] x_batch shape: torch.Size([100, 1025]), dtype: torch.float32, device: cuda:0
[DEBUG] x_batch range: [0.0000, 1.0000]
[DEBUG] x_round range: [0.0000, 1.0000]
[DEBUG] Best solution index: 64
[DEBUG] Best loss (from rounded): -250392.000000
[DEBUG] QQA reported best_obj: -250392.000000
[DEBUG] spins_tensor range: [-1.0000, 1.0000]
[DEBUG] Unique spin values: [-1.0, 1.0]
[DEBUG] Final energy: -250392.000000
QQA finished. Best energy: -250392.000000
Best objective (QQA loss): -250392.000000
Runtime reported by QQA: 5.8367s
Total wall-clock time: 5.8391s
Results saved to: results/barabasi_albert_10ins_m20/QQA/ba_1024_1_1.csv
Energy: -250392.000000
Time: 5.8391s
----------------------------------------
Processing instance: ba_1024_1_2.txt
  Seed 1/1 (seed=42)
Initialized QQA solver (QQA). Results will be saved under 'QQA'.
Parameters:
  instance_name: ba_1024_1_2.txt
  dataset: barabasi_albert_10ins_m20
  random_seed: 42
  device: cuda
  sol_size: 100
  learning_rate: 1.0
  temp: 0.001
  min_bg: -3.0
  max_bg: 0.1
  curve_rate: 4.0
  div_param: 0.2
  num_epochs: 3000
  check_interval: 500
  plot_dynamics: False
  run_name: QQA
--------------------------------------------------
[DEBUG] Starting QQA with n=1025, sol_size=100, device=cuda

============================== [LOG] ===============================
[ EPOCH 0 ]
  Best Loss So Far : -44447.0000
  Mean(Loss)       : 486.2343
  Mean(Penalty)    : 820.8723
  BG               : -3.0000
  DIV Value        : 295.0523
  div_param        : 0.2000
====================================================================

============================== [LOG] ===============================
[ EPOCH 500 ]
  Best Loss So Far : -249757.0000
  Mean(Loss)       : -238718.5469
  Mean(Penalty)    : 0.3321
  BG               : -2.4833
  DIV Value        : 513.0596
  div_param        : 0.2000
====================================================================

============================== [LOG] ===============================
[ EPOCH 1000 ]
  Best Loss So Far : -249757.0000
  Mean(Loss)       : -238774.5156
  Mean(Penalty)    : 0.0355
  BG               : -1.9667
  DIV Value        : 513.1106
  div_param        : 0.2000
====================================================================

============================== [LOG] ===============================
[ EPOCH 1500 ]
  Best Loss So Far : -249757.0000
  Mean(Loss)       : -238774.5156
  Mean(Penalty)    : 0.0021
  BG               : -1.4500
  DIV Value        : 513.1152
  div_param        : 0.2000
====================================================================

============================== [LOG] ===============================
[ EPOCH 2000 ]
  Best Loss So Far : -249757.0000
  Mean(Loss)       : -238774.5156
  Mean(Penalty)    : 0.0000
  BG               : -0.9333
  DIV Value        : 513.1155
  div_param        : 0.2000
====================================================================

============================== [LOG] ===============================
[ EPOCH 2500 ]
  Best Loss So Far : -249757.0000
  Mean(Loss)       : -238774.5156
  Mean(Penalty)    : 0.0000
  BG               : -0.4167
  DIV Value        : 513.1155
  div_param        : 0.2000
====================================================================

============================== [LOG] ===============================
[ EPOCH 2999 ]
  Best Loss So Far : -249757.0000
  Mean(Loss)       : -238774.5156
  Mean(Penalty)    : 0.0000
  BG               : 0.0990
  DIV Value        : 513.1155
  div_param        : 0.2000
====================================================================

============================== [FINAL] ==============================
FINAL BEST LOSS : -249757.0000
RUNTIME         : 5.84 s
====================================================================
sol_size:100, lr:1.0, temp:0.001, min_bg:-3.0, max_bg:0.1, curve_rate:4.0, div_param:0.2
[DEBUG] x_batch shape: torch.Size([100, 1025]), dtype: torch.float32, device: cuda:0
[DEBUG] x_batch range: [0.0000, 1.0000]
[DEBUG] x_round range: [0.0000, 1.0000]
[DEBUG] Best solution index: 64
[DEBUG] Best loss (from rounded): -249757.000000
[DEBUG] QQA reported best_obj: -249757.000000
[DEBUG] spins_tensor range: [-1.0000, 1.0000]
[DEBUG] Unique spin values: [-1.0, 1.0]
[DEBUG] Final energy: -249757.000000
QQA finished. Best energy: -249757.000000
Best objective (QQA loss): -249757.000000
Runtime reported by QQA: 5.8400s
Total wall-clock time: 5.8423s
Results saved to: results/barabasi_albert_10ins_m20/QQA/ba_1024_1_2.csv
Energy: -249757.000000
Time: 5.8423s
----------------------------------------
Processing instance: ba_1024_1_3.txt
  Seed 1/1 (seed=42)
Initialized QQA solver (QQA). Results will be saved under 'QQA'.
Parameters:
  instance_name: ba_1024_1_3.txt
  dataset: barabasi_albert_10ins_m20
  random_seed: 42
  device: cuda
  sol_size: 100
  learning_rate: 1.0
  temp: 0.001
  min_bg: -3.0
  max_bg: 0.1
  curve_rate: 4.0
  div_param: 0.2
  num_epochs: 3000
  check_interval: 500
  plot_dynamics: False
  run_name: QQA
--------------------------------------------------
[DEBUG] Starting QQA with n=1025, sol_size=100, device=cuda

============================== [LOG] ===============================
[ EPOCH 0 ]
  Best Loss So Far : -58693.0000
  Mean(Loss)       : -302.1742
  Mean(Penalty)    : 820.8723
  BG               : -3.0000
  DIV Value        : 295.0523
  div_param        : 0.2000
====================================================================

============================== [LOG] ===============================
[ EPOCH 500 ]
  Best Loss So Far : -252323.0000
  Mean(Loss)       : -239175.2969
  Mean(Penalty)    : 0.4189
  BG               : -2.4833
  DIV Value        : 512.7300
  div_param        : 0.2000
====================================================================

============================== [LOG] ===============================
[ EPOCH 1000 ]
  Best Loss So Far : -252323.0000
  Mean(Loss)       : -239284.5938
  Mean(Penalty)    : 0.0228
  BG               : -1.9667
  DIV Value        : 512.7791
  div_param        : 0.2000
====================================================================

============================== [LOG] ===============================
[ EPOCH 1500 ]
  Best Loss So Far : -252323.0000
  Mean(Loss)       : -239284.5625
  Mean(Penalty)    : 0.0029
  BG               : -1.4500
  DIV Value        : 512.7817
  div_param        : 0.2000
====================================================================

============================== [LOG] ===============================
[ EPOCH 2000 ]
  Best Loss So Far : -252323.0000
  Mean(Loss)       : -239284.5625
  Mean(Penalty)    : 0.0000
  BG               : -0.9333
  DIV Value        : 512.7820
  div_param        : 0.2000
====================================================================

============================== [LOG] ===============================
[ EPOCH 2500 ]
  Best Loss So Far : -252323.0000
  Mean(Loss)       : -239284.5625
  Mean(Penalty)    : 0.0000
  BG               : -0.4167
  DIV Value        : 512.7820
  div_param        : 0.2000
====================================================================

============================== [LOG] ===============================
[ EPOCH 2999 ]
  Best Loss So Far : -252323.0000
  Mean(Loss)       : -239284.5625
  Mean(Penalty)    : 0.0000
  BG               : 0.0990
  DIV Value        : 512.7820
  div_param        : 0.2000
====================================================================

============================== [FINAL] ==============================
FINAL BEST LOSS : -252323.0000
RUNTIME         : 5.84 s
====================================================================
sol_size:100, lr:1.0, temp:0.001, min_bg:-3.0, max_bg:0.1, curve_rate:4.0, div_param:0.2
[DEBUG] x_batch shape: torch.Size([100, 1025]), dtype: torch.float32, device: cuda:0
[DEBUG] x_batch range: [0.0000, 1.0000]
[DEBUG] x_round range: [0.0000, 1.0000]
[DEBUG] Best solution index: 92
[DEBUG] Best loss (from rounded): -252323.000000
[DEBUG] QQA reported best_obj: -252323.000000
[DEBUG] spins_tensor range: [-1.0000, 1.0000]
[DEBUG] Unique spin values: [-1.0, 1.0]
[DEBUG] Final energy: -252323.000000
QQA finished. Best energy: -252323.000000
Best objective (QQA loss): -252323.000000
Runtime reported by QQA: 5.8358s
Total wall-clock time: 5.8381s
Results saved to: results/barabasi_albert_10ins_m20/QQA/ba_1024_1_3.csv
Energy: -252323.000000
Time: 5.8381s
----------------------------------------
Processing instance: ba_1024_1_4.txt
  Seed 1/1 (seed=42)
Initialized QQA solver (QQA). Results will be saved under 'QQA'.
Parameters:
  instance_name: ba_1024_1_4.txt
  dataset: barabasi_albert_10ins_m20
  random_seed: 42
  device: cuda
  sol_size: 100
  learning_rate: 1.0
  temp: 0.001
  min_bg: -3.0
  max_bg: 0.1
  curve_rate: 4.0
  div_param: 0.2
  num_epochs: 3000
  check_interval: 500
  plot_dynamics: False
  run_name: QQA
--------------------------------------------------
[DEBUG] Starting QQA with n=1025, sol_size=100, device=cuda

============================== [LOG] ===============================
[ EPOCH 0 ]
  Best Loss So Far : -44302.0000
  Mean(Loss)       : 222.1801
  Mean(Penalty)    : 820.8723
  BG               : -3.0000
  DIV Value        : 295.0523
  div_param        : 0.2000
====================================================================

============================== [LOG] ===============================
[ EPOCH 500 ]
  Best Loss So Far : -254396.0000
  Mean(Loss)       : -241859.9062
  Mean(Penalty)    : 0.2958
  BG               : -2.4833
  DIV Value        : 513.1139
  div_param        : 0.2000
====================================================================

============================== [LOG] ===============================
[ EPOCH 1000 ]
  Best Loss So Far : -254396.0000
  Mean(Loss)       : -241874.1875
  Mean(Penalty)    : 0.0279
  BG               : -1.9667
  DIV Value        : 513.1543
  div_param        : 0.2000
====================================================================

============================== [LOG] ===============================
[ EPOCH 1500 ]
  Best Loss So Far : -254396.0000
  Mean(Loss)       : -241874.1875
  Mean(Penalty)    : 0.0020
  BG               : -1.4500
  DIV Value        : 513.1578
  div_param        : 0.2000
====================================================================

============================== [LOG] ===============================
[ EPOCH 2000 ]
  Best Loss So Far : -254396.0000
  Mean(Loss)       : -241874.1875
  Mean(Penalty)    : 0.0000
  BG               : -0.9333
  DIV Value        : 513.1581
  div_param        : 0.2000
====================================================================

============================== [LOG] ===============================
[ EPOCH 2500 ]
  Best Loss So Far : -254396.0000
  Mean(Loss)       : -241874.1875
  Mean(Penalty)    : 0.0000
  BG               : -0.4167
  DIV Value        : 513.1581
  div_param        : 0.2000
====================================================================

============================== [LOG] ===============================
[ EPOCH 2999 ]
  Best Loss So Far : -254396.0000
  Mean(Loss)       : -241874.1875
  Mean(Penalty)    : 0.0000
  BG               : 0.0990
  DIV Value        : 513.1581
  div_param        : 0.2000
====================================================================

============================== [FINAL] ==============================
FINAL BEST LOSS : -254396.0000
RUNTIME         : 5.84 s
====================================================================
sol_size:100, lr:1.0, temp:0.001, min_bg:-3.0, max_bg:0.1, curve_rate:4.0, div_param:0.2
[DEBUG] x_batch shape: torch.Size([100, 1025]), dtype: torch.float32, device: cuda:0
[DEBUG] x_batch range: [0.0000, 1.0000]
[DEBUG] x_round range: [0.0000, 1.0000]
[DEBUG] Best solution index: 7
[DEBUG] Best loss (from rounded): -254396.000000
[DEBUG] QQA reported best_obj: -254396.000000
[DEBUG] spins_tensor range: [-1.0000, 1.0000]
[DEBUG] Unique spin values: [-1.0, 1.0]
[DEBUG] Final energy: -254396.000000
QQA finished. Best energy: -254396.000000
Best objective (QQA loss): -254396.000000
Runtime reported by QQA: 5.8447s
Total wall-clock time: 5.8470s
Results saved to: results/barabasi_albert_10ins_m20/QQA/ba_1024_1_4.csv
Energy: -254396.000000
Time: 5.8470s
----------------------------------------
Processing instance: ba_1024_1_5.txt
  Seed 1/1 (seed=42)
Initialized QQA solver (QQA). Results will be saved under 'QQA'.
Parameters:
  instance_name: ba_1024_1_5.txt
  dataset: barabasi_albert_10ins_m20
  random_seed: 42
  device: cuda
  sol_size: 100
  learning_rate: 1.0
  temp: 0.001
  min_bg: -3.0
  max_bg: 0.1
  curve_rate: 4.0
  div_param: 0.2
  num_epochs: 3000
  check_interval: 500
  plot_dynamics: False
  run_name: QQA
--------------------------------------------------
[DEBUG] Starting QQA with n=1025, sol_size=100, device=cuda

============================== [LOG] ===============================
[ EPOCH 0 ]
  Best Loss So Far : -50574.0000
  Mean(Loss)       : -474.9703
  Mean(Penalty)    : 820.8723
  BG               : -3.0000
  DIV Value        : 295.0523
  div_param        : 0.2000
====================================================================

============================== [LOG] ===============================
[ EPOCH 500 ]
  Best Loss So Far : -255610.0000
  Mean(Loss)       : -241373.5156
  Mean(Penalty)    : 0.3260
  BG               : -2.4833
  DIV Value        : 513.4283
  div_param        : 0.2000
====================================================================

============================== [LOG] ===============================
[ EPOCH 1000 ]
  Best Loss So Far : -255610.0000
  Mean(Loss)       : -241384.2188
  Mean(Penalty)    : 0.0224
  BG               : -1.9667
  DIV Value        : 513.4717
  div_param        : 0.2000
====================================================================

============================== [LOG] ===============================
[ EPOCH 1500 ]
  Best Loss So Far : -255610.0000
  Mean(Loss)       : -241384.2031
  Mean(Penalty)    : 0.0006
  BG               : -1.4500
  DIV Value        : 513.4746
  div_param        : 0.2000
====================================================================

============================== [LOG] ===============================
[ EPOCH 2000 ]
  Best Loss So Far : -255610.0000
  Mean(Loss)       : -241384.2031
  Mean(Penalty)    : 0.0000
  BG               : -0.9333
  DIV Value        : 513.4747
  div_param        : 0.2000
====================================================================

============================== [LOG] ===============================
[ EPOCH 2500 ]
  Best Loss So Far : -255610.0000
  Mean(Loss)       : -241384.2031
  Mean(Penalty)    : 0.0000
  BG               : -0.4167
  DIV Value        : 513.4747
  div_param        : 0.2000
====================================================================

============================== [LOG] ===============================
[ EPOCH 2999 ]
  Best Loss So Far : -255610.0000
  Mean(Loss)       : -241384.2031
  Mean(Penalty)    : 0.0000
  BG               : 0.0990
  DIV Value        : 513.4747
  div_param        : 0.2000
====================================================================

============================== [FINAL] ==============================
FINAL BEST LOSS : -255610.0000
RUNTIME         : 5.83 s
====================================================================
sol_size:100, lr:1.0, temp:0.001, min_bg:-3.0, max_bg:0.1, curve_rate:4.0, div_param:0.2
[DEBUG] x_batch shape: torch.Size([100, 1025]), dtype: torch.float32, device: cuda:0
[DEBUG] x_batch range: [0.0000, 1.0000]
[DEBUG] x_round range: [0.0000, 1.0000]
[DEBUG] Best solution index: 93
[DEBUG] Best loss (from rounded): -255610.000000
[DEBUG] QQA reported best_obj: -255610.000000
[DEBUG] spins_tensor range: [-1.0000, 1.0000]
[DEBUG] Unique spin values: [-1.0, 1.0]
[DEBUG] Final energy: -255610.000000
QQA finished. Best energy: -255610.000000
Best objective (QQA loss): -255610.000000
Runtime reported by QQA: 5.8290s
Total wall-clock time: 5.8313s
Results saved to: results/barabasi_albert_10ins_m20/QQA/ba_1024_1_5.csv
Energy: -255610.000000
Time: 5.8313s
----------------------------------------
Processing instance: ba_1024_1_6.txt
  Seed 1/1 (seed=42)
Initialized QQA solver (QQA). Results will be saved under 'QQA'.
Parameters:
  instance_name: ba_1024_1_6.txt
  dataset: barabasi_albert_10ins_m20
  random_seed: 42
  device: cuda
  sol_size: 100
  learning_rate: 1.0
  temp: 0.001
  min_bg: -3.0
  max_bg: 0.1
  curve_rate: 4.0
  div_param: 0.2
  num_epochs: 3000
  check_interval: 500
  plot_dynamics: False
  run_name: QQA
--------------------------------------------------
[DEBUG] Starting QQA with n=1025, sol_size=100, device=cuda

============================== [LOG] ===============================
[ EPOCH 0 ]
  Best Loss So Far : -55693.0000
  Mean(Loss)       : 108.2887
  Mean(Penalty)    : 820.8723
  BG               : -3.0000
  DIV Value        : 295.0523
  div_param        : 0.2000
====================================================================

============================== [LOG] ===============================
[ EPOCH 500 ]
  Best Loss So Far : -250911.0000
  Mean(Loss)       : -240756.7656
  Mean(Penalty)    : 0.3093
  BG               : -2.4833
  DIV Value        : 512.7809
  div_param        : 0.2000
====================================================================

============================== [LOG] ===============================
[ EPOCH 1000 ]
  Best Loss So Far : -250911.0000
  Mean(Loss)       : -240763.4062
  Mean(Penalty)    : 0.0305
  BG               : -1.9667
  DIV Value        : 512.8284
  div_param        : 0.2000
====================================================================

============================== [LOG] ===============================
[ EPOCH 1500 ]
  Best Loss So Far : -250911.0000
  Mean(Loss)       : -240763.4062
  Mean(Penalty)    : 0.0009
  BG               : -1.4500
  DIV Value        : 512.8326
  div_param        : 0.2000
====================================================================

============================== [LOG] ===============================
[ EPOCH 2000 ]
  Best Loss So Far : -250911.0000
  Mean(Loss)       : -240763.4062
  Mean(Penalty)    : 0.0000
  BG               : -0.9333
  DIV Value        : 512.8328
  div_param        : 0.2000
====================================================================

============================== [LOG] ===============================
[ EPOCH 2500 ]
  Best Loss So Far : -250911.0000
  Mean(Loss)       : -240763.4062
  Mean(Penalty)    : 0.0000
  BG               : -0.4167
  DIV Value        : 512.8328
  div_param        : 0.2000
====================================================================

============================== [LOG] ===============================
[ EPOCH 2999 ]
  Best Loss So Far : -250911.0000
  Mean(Loss)       : -240763.4062
  Mean(Penalty)    : 0.0000
  BG               : 0.0990
  DIV Value        : 512.8328
  div_param        : 0.2000
====================================================================

============================== [FINAL] ==============================
FINAL BEST LOSS : -250911.0000
RUNTIME         : 5.85 s
====================================================================
sol_size:100, lr:1.0, temp:0.001, min_bg:-3.0, max_bg:0.1, curve_rate:4.0, div_param:0.2
[DEBUG] x_batch shape: torch.Size([100, 1025]), dtype: torch.float32, device: cuda:0
[DEBUG] x_batch range: [0.0000, 1.0000]
[DEBUG] x_round range: [0.0000, 1.0000]
[DEBUG] Best solution index: 6
[DEBUG] Best loss (from rounded): -250911.000000
[DEBUG] QQA reported best_obj: -250911.000000
[DEBUG] spins_tensor range: [-1.0000, 1.0000]
[DEBUG] Unique spin values: [-1.0, 1.0]
[DEBUG] Final energy: -250911.000000
QQA finished. Best energy: -250911.000000
Best objective (QQA loss): -250911.000000
Runtime reported by QQA: 5.8541s
Total wall-clock time: 5.8563s
Results saved to: results/barabasi_albert_10ins_m20/QQA/ba_1024_1_6.csv
Energy: -250911.000000
Time: 5.8563s
----------------------------------------
Processing instance: ba_1024_1_7.txt
  Seed 1/1 (seed=42)
Initialized QQA solver (QQA). Results will be saved under 'QQA'.
Parameters:
  instance_name: ba_1024_1_7.txt
  dataset: barabasi_albert_10ins_m20
  random_seed: 42
  device: cuda
  sol_size: 100
  learning_rate: 1.0
  temp: 0.001
  min_bg: -3.0
  max_bg: 0.1
  curve_rate: 4.0
  div_param: 0.2
  num_epochs: 3000
  check_interval: 500
  plot_dynamics: False
  run_name: QQA
--------------------------------------------------
[DEBUG] Starting QQA with n=1025, sol_size=100, device=cuda

============================== [LOG] ===============================
[ EPOCH 0 ]
  Best Loss So Far : -61554.0000
  Mean(Loss)       : -356.4323
  Mean(Penalty)    : 820.8723
  BG               : -3.0000
  DIV Value        : 295.0523
  div_param        : 0.2000
====================================================================

============================== [LOG] ===============================
[ EPOCH 500 ]
  Best Loss So Far : -253910.0000
  Mean(Loss)       : -238402.2969
  Mean(Penalty)    : 0.2473
  BG               : -2.4833
  DIV Value        : 512.9098
  div_param        : 0.2000
====================================================================

============================== [LOG] ===============================
[ EPOCH 1000 ]
  Best Loss So Far : -253910.0000
  Mean(Loss)       : -238420.0156
  Mean(Penalty)    : 0.0289
  BG               : -1.9667
  DIV Value        : 512.9430
  div_param        : 0.2000
====================================================================

============================== [LOG] ===============================
[ EPOCH 1500 ]
  Best Loss So Far : -253910.0000
  Mean(Loss)       : -238420.0156
  Mean(Penalty)    : 0.0010
  BG               : -1.4500
  DIV Value        : 512.9468
  div_param        : 0.2000
====================================================================

============================== [LOG] ===============================
[ EPOCH 2000 ]
  Best Loss So Far : -253910.0000
  Mean(Loss)       : -238420.0156
  Mean(Penalty)    : 0.0000
  BG               : -0.9333
  DIV Value        : 512.9469
  div_param        : 0.2000
====================================================================

============================== [LOG] ===============================
[ EPOCH 2500 ]
  Best Loss So Far : -253910.0000
  Mean(Loss)       : -238420.0156
  Mean(Penalty)    : 0.0000
  BG               : -0.4167
  DIV Value        : 512.9469
  div_param        : 0.2000
====================================================================

============================== [LOG] ===============================
[ EPOCH 2999 ]
  Best Loss So Far : -253910.0000
  Mean(Loss)       : -238420.0156
  Mean(Penalty)    : 0.0000
  BG               : 0.0990
  DIV Value        : 512.9469
  div_param        : 0.2000
====================================================================

============================== [FINAL] ==============================
FINAL BEST LOSS : -253910.0000
RUNTIME         : 5.85 s
====================================================================
sol_size:100, lr:1.0, temp:0.001, min_bg:-3.0, max_bg:0.1, curve_rate:4.0, div_param:0.2
[DEBUG] x_batch shape: torch.Size([100, 1025]), dtype: torch.float32, device: cuda:0
[DEBUG] x_batch range: [0.0000, 1.0000]
[DEBUG] x_round range: [0.0000, 1.0000]
[DEBUG] Best solution index: 8
[DEBUG] Best loss (from rounded): -253910.000000
[DEBUG] QQA reported best_obj: -253910.000000
[DEBUG] spins_tensor range: [-1.0000, 1.0000]
[DEBUG] Unique spin values: [-1.0, 1.0]
[DEBUG] Final energy: -253910.000000
QQA finished. Best energy: -253910.000000
Best objective (QQA loss): -253910.000000
Runtime reported by QQA: 5.8538s
Total wall-clock time: 5.8560s
Results saved to: results/barabasi_albert_10ins_m20/QQA/ba_1024_1_7.csv
Energy: -253910.000000
Time: 5.8560s
----------------------------------------
Processing instance: ba_1024_1_8.txt
  Seed 1/1 (seed=42)
Initialized QQA solver (QQA). Results will be saved under 'QQA'.
Parameters:
  instance_name: ba_1024_1_8.txt
  dataset: barabasi_albert_10ins_m20
  random_seed: 42
  device: cuda
  sol_size: 100
  learning_rate: 1.0
  temp: 0.001
  min_bg: -3.0
  max_bg: 0.1
  curve_rate: 4.0
  div_param: 0.2
  num_epochs: 3000
  check_interval: 500
  plot_dynamics: False
  run_name: QQA
--------------------------------------------------
[DEBUG] Starting QQA with n=1025, sol_size=100, device=cuda

============================== [LOG] ===============================
[ EPOCH 0 ]
  Best Loss So Far : -47456.0000
  Mean(Loss)       : 863.3332
  Mean(Penalty)    : 820.8723
  BG               : -3.0000
  DIV Value        : 295.0523
  div_param        : 0.2000
====================================================================

============================== [LOG] ===============================
[ EPOCH 500 ]
  Best Loss So Far : -253114.0000
  Mean(Loss)       : -240283.9062
  Mean(Penalty)    : 0.2309
  BG               : -2.4833
  DIV Value        : 513.0737
  div_param        : 0.2000
====================================================================

============================== [LOG] ===============================
[ EPOCH 1000 ]
  Best Loss So Far : -253114.0000
  Mean(Loss)       : -240287.1406
  Mean(Penalty)    : 0.0250
  BG               : -1.9667
  DIV Value        : 513.1078
  div_param        : 0.2000
====================================================================

============================== [LOG] ===============================
[ EPOCH 1500 ]
  Best Loss So Far : -253114.0000
  Mean(Loss)       : -240287.1250
  Mean(Penalty)    : 0.0000
  BG               : -1.4500
  DIV Value        : 513.1113
  div_param        : 0.2000
====================================================================

============================== [LOG] ===============================
[ EPOCH 2000 ]
  Best Loss So Far : -253114.0000
  Mean(Loss)       : -240287.1250
  Mean(Penalty)    : 0.0000
  BG               : -0.9333
  DIV Value        : 513.1113
  div_param        : 0.2000
====================================================================

============================== [LOG] ===============================
[ EPOCH 2500 ]
  Best Loss So Far : -253114.0000
  Mean(Loss)       : -240287.1250
  Mean(Penalty)    : 0.0000
  BG               : -0.4167
  DIV Value        : 513.1113
  div_param        : 0.2000
====================================================================

============================== [LOG] ===============================
[ EPOCH 2999 ]
  Best Loss So Far : -253114.0000
  Mean(Loss)       : -240287.1250
  Mean(Penalty)    : 0.0000
  BG               : 0.0990
  DIV Value        : 513.1113
  div_param        : 0.2000
====================================================================

============================== [FINAL] ==============================
FINAL BEST LOSS : -253114.0000
RUNTIME         : 5.87 s
====================================================================
sol_size:100, lr:1.0, temp:0.001, min_bg:-3.0, max_bg:0.1, curve_rate:4.0, div_param:0.2
[DEBUG] x_batch shape: torch.Size([100, 1025]), dtype: torch.float32, device: cuda:0
[DEBUG] x_batch range: [0.0000, 1.0000]
[DEBUG] x_round range: [0.0000, 1.0000]
[DEBUG] Best solution index: 72
[DEBUG] Best loss (from rounded): -253114.000000
[DEBUG] QQA reported best_obj: -253114.000000
[DEBUG] spins_tensor range: [-1.0000, 1.0000]
[DEBUG] Unique spin values: [-1.0, 1.0]
[DEBUG] Final energy: -253114.000000
QQA finished. Best energy: -253114.000000
Best objective (QQA loss): -253114.000000
Runtime reported by QQA: 5.8676s
Total wall-clock time: 5.8697s
Results saved to: results/barabasi_albert_10ins_m20/QQA/ba_1024_1_8.csv
Energy: -253114.000000
Time: 5.8697s
----------------------------------------
Processing instance: ba_1024_1_9.txt
  Seed 1/1 (seed=42)
Initialized QQA solver (QQA). Results will be saved under 'QQA'.
Parameters:
  instance_name: ba_1024_1_9.txt
  dataset: barabasi_albert_10ins_m20
  random_seed: 42
  device: cuda
  sol_size: 100
  learning_rate: 1.0
  temp: 0.001
  min_bg: -3.0
  max_bg: 0.1
  curve_rate: 4.0
  div_param: 0.2
  num_epochs: 3000
  check_interval: 500
  plot_dynamics: False
  run_name: QQA
--------------------------------------------------
[DEBUG] Starting QQA with n=1025, sol_size=100, device=cuda

============================== [LOG] ===============================
[ EPOCH 0 ]
  Best Loss So Far : -58112.0000
  Mean(Loss)       : 134.1371
  Mean(Penalty)    : 820.8723
  BG               : -3.0000
  DIV Value        : 295.0523
  div_param        : 0.2000
====================================================================

============================== [LOG] ===============================
[ EPOCH 500 ]
  Best Loss So Far : -252092.0000
  Mean(Loss)       : -239534.4375
  Mean(Penalty)    : 0.2675
  BG               : -2.4833
  DIV Value        : 512.8306
  div_param        : 0.2000
====================================================================

============================== [LOG] ===============================
[ EPOCH 1000 ]
  Best Loss So Far : -252092.0000
  Mean(Loss)       : -239535.2188
  Mean(Penalty)    : 0.0246
  BG               : -1.9667
  DIV Value        : 512.8665
  div_param        : 0.2000
====================================================================

============================== [LOG] ===============================
[ EPOCH 1500 ]
  Best Loss So Far : -252092.0000
  Mean(Loss)       : -239535.2031
  Mean(Penalty)    : 0.0029
  BG               : -1.4500
  DIV Value        : 512.8694
  div_param        : 0.2000
====================================================================

============================== [LOG] ===============================
[ EPOCH 2000 ]
  Best Loss So Far : -252092.0000
  Mean(Loss)       : -239535.2031
  Mean(Penalty)    : 0.0000
  BG               : -0.9333
  DIV Value        : 512.8699
  div_param        : 0.2000
====================================================================

============================== [LOG] ===============================
[ EPOCH 2500 ]
  Best Loss So Far : -252092.0000
  Mean(Loss)       : -239535.2031
  Mean(Penalty)    : 0.0000
  BG               : -0.4167
  DIV Value        : 512.8699
  div_param        : 0.2000
====================================================================

============================== [LOG] ===============================
[ EPOCH 2999 ]
  Best Loss So Far : -252092.0000
  Mean(Loss)       : -239535.2031
  Mean(Penalty)    : 0.0000
  BG               : 0.0990
  DIV Value        : 512.8699
  div_param        : 0.2000
====================================================================

============================== [FINAL] ==============================
FINAL BEST LOSS : -252092.0000
RUNTIME         : 5.84 s
====================================================================
sol_size:100, lr:1.0, temp:0.001, min_bg:-3.0, max_bg:0.1, curve_rate:4.0, div_param:0.2
[DEBUG] x_batch shape: torch.Size([100, 1025]), dtype: torch.float32, device: cuda:0
[DEBUG] x_batch range: [0.0000, 1.0000]
[DEBUG] x_round range: [0.0000, 1.0000]
[DEBUG] Best solution index: 13
[DEBUG] Best loss (from rounded): -252092.000000
[DEBUG] QQA reported best_obj: -252092.000000
[DEBUG] spins_tensor range: [-1.0000, 1.0000]
[DEBUG] Unique spin values: [-1.0, 1.0]
[DEBUG] Final energy: -252092.000000
QQA finished. Best energy: -252092.000000
Best objective (QQA loss): -252092.000000
Runtime reported by QQA: 5.8399s
Total wall-clock time: 5.8421s
Results saved to: results/barabasi_albert_10ins_m20/QQA/ba_1024_1_9.csv
Energy: -252092.000000
Time: 5.8421s
----------------------------------------
Processing instance: ba_1048576_1_0.txt
  Seed 1/1 (seed=42)
Initialized QQA solver (QQA). Results will be saved under 'QQA'.
Parameters:
  instance_name: ba_1048576_1_0.txt
  dataset: barabasi_albert_10ins_m20
  random_seed: 42
  device: cuda
  sol_size: 100
  learning_rate: 1.0
  temp: 0.001
  min_bg: -3.0
  max_bg: 0.1
  curve_rate: 4.0
  div_param: 0.2
  num_epochs: 3000
  check_interval: 500
  plot_dynamics: False
  run_name: QQA
--------------------------------------------------
[DEBUG] Starting QQA with n=1048577, sol_size=100, device=cuda

============================== [LOG] ===============================
[ EPOCH 0 ]
  Best Loss So Far : -22901232.0000
  Mean(Loss)       : 12111.1348
  Mean(Penalty)    : 838902.6250
  BG               : -3.0000
  DIV Value        : 302364.0000
  div_param        : 0.2000
====================================================================

============================== [LOG] ===============================
[ EPOCH 500 ]
  Best Loss So Far : -247201952.0000
  Mean(Loss)       : -246055840.0000
  Mean(Penalty)    : 346.1152
  BG               : -2.4833
  DIV Value        : 524599.0625
  div_param        : 0.2000
====================================================================

============================== [LOG] ===============================
[ EPOCH 1000 ]
  Best Loss So Far : -247263648.0000
  Mean(Loss)       : -246109120.0000
  Mean(Penalty)    : 36.2754
  BG               : -1.9667
  DIV Value        : 524649.1875
  div_param        : 0.2000
====================================================================

============================== [LOG] ===============================
[ EPOCH 1500 ]
  Best Loss So Far : -247268608.0000
  Mean(Loss)       : -246109984.0000
  Mean(Penalty)    : 2.3517
  BG               : -1.4500
  DIV Value        : 524654.0625
  div_param        : 0.2000
====================================================================

============================== [LOG] ===============================
[ EPOCH 2000 ]
  Best Loss So Far : -247268608.0000
  Mean(Loss)       : -246110000.0000
  Mean(Penalty)    : 0.0897
  BG               : -0.9333
  DIV Value        : 524654.3750
  div_param        : 0.2000
====================================================================

============================== [LOG] ===============================
[ EPOCH 2500 ]
  Best Loss So Far : -247268608.0000
  Mean(Loss)       : -246110000.0000
  Mean(Penalty)    : 0.0010
  BG               : -0.4167
  DIV Value        : 524654.3750
  div_param        : 0.2000
====================================================================

============================== [LOG] ===============================
[ EPOCH 2999 ]
  Best Loss So Far : -247268608.0000
  Mean(Loss)       : -246110000.0000
  Mean(Penalty)    : 0.0000
  BG               : 0.0990
  DIV Value        : 524654.3750
  div_param        : 0.2000
====================================================================

============================== [FINAL] ==============================
FINAL BEST LOSS : -247268608.0000
RUNTIME         : 1758.77 s
====================================================================
sol_size:100, lr:1.0, temp:0.001, min_bg:-3.0, max_bg:0.1, curve_rate:4.0, div_param:0.2
[DEBUG] x_batch shape: torch.Size([100, 1048577]), dtype: torch.float32, device: cuda:0
[DEBUG] x_batch range: [0.0000, 1.0000]
[DEBUG] x_round range: [0.0000, 1.0000]
[DEBUG] Best solution index: 85
[DEBUG] Best loss (from rounded): -247268608.000000
[DEBUG] QQA reported best_obj: -247268608.000000
[DEBUG] spins_tensor range: [-1.0000, 1.0000]
[DEBUG] Unique spin values: [-1.0, 1.0]
[DEBUG] Final energy: -247268624.000000
QQA finished. Best energy: -247268624.000000
Best objective (QQA loss): -247268608.000000
Runtime reported by QQA: 1758.7722s
Total wall-clock time: 1759.9769s
Results saved to: results/barabasi_albert_10ins_m20/QQA/ba_1048576_1_0.csv
Energy: -247268624.000000
Time: 1759.9769s
----------------------------------------
Processing instance: ba_1048576_1_1.txt
  Seed 1/1 (seed=42)
Initialized QQA solver (QQA). Results will be saved under 'QQA'.
Parameters:
  instance_name: ba_1048576_1_1.txt
  dataset: barabasi_albert_10ins_m20
  random_seed: 42
  device: cuda
  sol_size: 100
  learning_rate: 1.0
  temp: 0.001
  min_bg: -3.0
  max_bg: 0.1
  curve_rate: 4.0
  div_param: 0.2
  num_epochs: 3000
  check_interval: 500
  plot_dynamics: False
  run_name: QQA
--------------------------------------------------
[DEBUG] Starting QQA with n=1048577, sol_size=100, device=cuda

============================== [LOG] ===============================
[ EPOCH 0 ]
  Best Loss So Far : -22943458.0000
  Mean(Loss)       : 12795.5322
  Mean(Penalty)    : 838902.6250
  BG               : -3.0000
  DIV Value        : 302364.0000
  div_param        : 0.2000
====================================================================

============================== [LOG] ===============================
[ EPOCH 500 ]
  Best Loss So Far : -247015600.0000
  Mean(Loss)       : -246092800.0000
  Mean(Penalty)    : 347.3885
  BG               : -2.4833
  DIV Value        : 524508.8750
  div_param        : 0.2000
====================================================================

============================== [LOG] ===============================
[ EPOCH 1000 ]
  Best Loss So Far : -247089952.0000
  Mean(Loss)       : -246148816.0000
  Mean(Penalty)    : 36.2063
  BG               : -1.9667
  DIV Value        : 524558.7500
  div_param        : 0.2000
====================================================================

============================== [LOG] ===============================
[ EPOCH 1500 ]
  Best Loss So Far : -247090272.0000
  Mean(Loss)       : -246149728.0000
  Mean(Penalty)    : 2.2610
  BG               : -1.4500
  DIV Value        : 524563.6250
  div_param        : 0.2000
====================================================================

============================== [LOG] ===============================
[ EPOCH 2000 ]
  Best Loss So Far : -247090272.0000
  Mean(Loss)       : -246149728.0000
  Mean(Penalty)    : 0.0557
  BG               : -0.9333
  DIV Value        : 524563.8750
  div_param        : 0.2000
====================================================================

============================== [LOG] ===============================
[ EPOCH 2500 ]
  Best Loss So Far : -247090272.0000
  Mean(Loss)       : -246149728.0000
  Mean(Penalty)    : 0.0004
  BG               : -0.4167
  DIV Value        : 524563.8750
  div_param        : 0.2000
====================================================================

============================== [LOG] ===============================
[ EPOCH 2999 ]
  Best Loss So Far : -247090272.0000
  Mean(Loss)       : -246149728.0000
  Mean(Penalty)    : 0.0000
  BG               : 0.0990
  DIV Value        : 524563.8750
  div_param        : 0.2000
====================================================================

============================== [FINAL] ==============================
FINAL BEST LOSS : -247090272.0000
RUNTIME         : 1764.30 s
====================================================================
sol_size:100, lr:1.0, temp:0.001, min_bg:-3.0, max_bg:0.1, curve_rate:4.0, div_param:0.2
[DEBUG] x_batch shape: torch.Size([100, 1048577]), dtype: torch.float32, device: cuda:0
[DEBUG] x_batch range: [0.0000, 1.0000]
[DEBUG] x_round range: [0.0000, 1.0000]
[DEBUG] Best solution index: 90
[DEBUG] Best loss (from rounded): -247090272.000000
[DEBUG] QQA reported best_obj: -247090272.000000
[DEBUG] spins_tensor range: [-1.0000, 1.0000]
[DEBUG] Unique spin values: [-1.0, 1.0]
[DEBUG] Final energy: -247090240.000000
QQA finished. Best energy: -247090240.000000
Best objective (QQA loss): -247090272.000000
Runtime reported by QQA: 1764.3044s
Total wall-clock time: 1765.5026s
Results saved to: results/barabasi_albert_10ins_m20/QQA/ba_1048576_1_1.csv
Energy: -247090240.000000
Time: 1765.5026s
----------------------------------------
Processing instance: ba_1048576_1_2.txt
  Seed 1/1 (seed=42)
Initialized QQA solver (QQA). Results will be saved under 'QQA'.
Parameters:
  instance_name: ba_1048576_1_2.txt
  dataset: barabasi_albert_10ins_m20
  random_seed: 42
  device: cuda
  sol_size: 100
  learning_rate: 1.0
  temp: 0.001
  min_bg: -3.0
  max_bg: 0.1
  curve_rate: 4.0
  div_param: 0.2
  num_epochs: 3000
  check_interval: 500
  plot_dynamics: False
  run_name: QQA
--------------------------------------------------
[DEBUG] Starting QQA with n=1048577, sol_size=100, device=cuda

============================== [LOG] ===============================
[ EPOCH 0 ]
  Best Loss So Far : -22716664.0000
  Mean(Loss)       : 19265.7500
  Mean(Penalty)    : 838902.6250
  BG               : -3.0000
  DIV Value        : 302364.0000
  div_param        : 0.2000
====================================================================

============================== [LOG] ===============================
[ EPOCH 500 ]
  Best Loss So Far : -247187712.0000
  Mean(Loss)       : -246061520.0000
  Mean(Penalty)    : 343.8164
  BG               : -2.4833
  DIV Value        : 524595.6250
  div_param        : 0.2000
====================================================================

============================== [LOG] ===============================
[ EPOCH 1000 ]
  Best Loss So Far : -247231488.0000
  Mean(Loss)       : -246116112.0000
  Mean(Penalty)    : 36.0478
  BG               : -1.9667
  DIV Value        : 524644.6875
  div_param        : 0.2000
====================================================================

============================== [LOG] ===============================
[ EPOCH 1500 ]
  Best Loss So Far : -247232560.0000
  Mean(Loss)       : -246116912.0000
  Mean(Penalty)    : 2.1998
  BG               : -1.4500
  DIV Value        : 524649.6250
  div_param        : 0.2000
====================================================================

============================== [LOG] ===============================
[ EPOCH 2000 ]
  Best Loss So Far : -247232560.0000
  Mean(Loss)       : -246116912.0000
  Mean(Penalty)    : 0.0792
  BG               : -0.9333
  DIV Value        : 524649.8750
  div_param        : 0.2000
====================================================================

============================== [LOG] ===============================
[ EPOCH 2500 ]
  Best Loss So Far : -247232560.0000
  Mean(Loss)       : -246116912.0000
  Mean(Penalty)    : 0.0011
  BG               : -0.4167
  DIV Value        : 524649.8750
  div_param        : 0.2000
====================================================================

============================== [LOG] ===============================
[ EPOCH 2999 ]
  Best Loss So Far : -247232560.0000
  Mean(Loss)       : -246116912.0000
  Mean(Penalty)    : 0.0000
  BG               : 0.0990
  DIV Value        : 524649.8750
  div_param        : 0.2000
====================================================================

============================== [FINAL] ==============================
FINAL BEST LOSS : -247232560.0000
RUNTIME         : 1763.79 s
====================================================================
sol_size:100, lr:1.0, temp:0.001, min_bg:-3.0, max_bg:0.1, curve_rate:4.0, div_param:0.2
[DEBUG] x_batch shape: torch.Size([100, 1048577]), dtype: torch.float32, device: cuda:0
[DEBUG] x_batch range: [0.0000, 1.0000]
[DEBUG] x_round range: [0.0000, 1.0000]
[DEBUG] Best solution index: 35
[DEBUG] Best loss (from rounded): -247232560.000000
[DEBUG] QQA reported best_obj: -247232560.000000
[DEBUG] spins_tensor range: [-1.0000, 1.0000]
[DEBUG] Unique spin values: [-1.0, 1.0]
[DEBUG] Final energy: -247232544.000000
QQA finished. Best energy: -247232544.000000
Best objective (QQA loss): -247232560.000000
Runtime reported by QQA: 1763.7861s
Total wall-clock time: 1764.9846s
Results saved to: results/barabasi_albert_10ins_m20/QQA/ba_1048576_1_2.csv
Energy: -247232544.000000
Time: 1764.9846s
----------------------------------------
Processing instance: ba_1048576_1_3.txt
  Seed 1/1 (seed=42)
Initialized QQA solver (QQA). Results will be saved under 'QQA'.
Parameters:
  instance_name: ba_1048576_1_3.txt
  dataset: barabasi_albert_10ins_m20
  random_seed: 42
  device: cuda
  sol_size: 100
  learning_rate: 1.0
  temp: 0.001
  min_bg: -3.0
  max_bg: 0.1
  curve_rate: 4.0
  div_param: 0.2
  num_epochs: 3000
  check_interval: 500
  plot_dynamics: False
  run_name: QQA
--------------------------------------------------
[DEBUG] Starting QQA with n=1048577, sol_size=100, device=cuda

============================== [LOG] ===============================
[ EPOCH 0 ]
  Best Loss So Far : -22688558.0000
  Mean(Loss)       : 1096.2990
  Mean(Penalty)    : 838902.6250
  BG               : -3.0000
  DIV Value        : 302364.0000
  div_param        : 0.2000
====================================================================

============================== [LOG] ===============================
[ EPOCH 500 ]
  Best Loss So Far : -247194432.0000
  Mean(Loss)       : -246001104.0000
  Mean(Penalty)    : 347.7788
  BG               : -2.4833
  DIV Value        : 524599.3750
  div_param        : 0.2000
====================================================================

============================== [LOG] ===============================
[ EPOCH 1000 ]
  Best Loss So Far : -247227008.0000
  Mean(Loss)       : -246059472.0000
  Mean(Penalty)    : 35.8553
  BG               : -1.9667
  DIV Value        : 524649.4375
  div_param        : 0.2000
====================================================================

============================== [LOG] ===============================
[ EPOCH 1500 ]
  Best Loss So Far : -247227008.0000
  Mean(Loss)       : -246060224.0000
  Mean(Penalty)    : 2.2568
  BG               : -1.4500
  DIV Value        : 524654.2500
  div_param        : 0.2000
====================================================================

============================== [LOG] ===============================
[ EPOCH 2000 ]
  Best Loss So Far : -247227008.0000
  Mean(Loss)       : -246060336.0000
  Mean(Penalty)    : 0.0818
  BG               : -0.9333
  DIV Value        : 524654.5000
  div_param        : 0.2000
====================================================================

============================== [LOG] ===============================
[ EPOCH 2500 ]
  Best Loss So Far : -247227008.0000
  Mean(Loss)       : -246060336.0000
  Mean(Penalty)    : 0.0008
  BG               : -0.4167
  DIV Value        : 524654.5000
  div_param        : 0.2000
====================================================================

============================== [LOG] ===============================
[ EPOCH 2999 ]
  Best Loss So Far : -247227008.0000
  Mean(Loss)       : -246060336.0000
  Mean(Penalty)    : 0.0011
  BG               : 0.0990
  DIV Value        : 524654.5000
  div_param        : 0.2000
====================================================================

============================== [FINAL] ==============================
FINAL BEST LOSS : -247227008.0000
RUNTIME         : 1765.08 s
====================================================================
sol_size:100, lr:1.0, temp:0.001, min_bg:-3.0, max_bg:0.1, curve_rate:4.0, div_param:0.2
[DEBUG] x_batch shape: torch.Size([100, 1048577]), dtype: torch.float32, device: cuda:0
[DEBUG] x_batch range: [0.0000, 1.0000]
[DEBUG] x_round range: [0.0000, 1.0000]
[DEBUG] Best solution index: 3
[DEBUG] Best loss (from rounded): -247227008.000000
[DEBUG] QQA reported best_obj: -247227008.000000
[DEBUG] spins_tensor range: [-1.0000, 1.0000]
[DEBUG] Unique spin values: [-1.0, 1.0]
[DEBUG] Final energy: -247227008.000000
QQA finished. Best energy: -247227008.000000
Best objective (QQA loss): -247227008.000000
Runtime reported by QQA: 1765.0835s
Total wall-clock time: 1766.2813s
Results saved to: results/barabasi_albert_10ins_m20/QQA/ba_1048576_1_3.csv
Energy: -247227008.000000
Time: 1766.2813s
----------------------------------------
Processing instance: ba_1048576_1_4.txt
  Seed 1/1 (seed=42)
Initialized QQA solver (QQA). Results will be saved under 'QQA'.
Parameters:
  instance_name: ba_1048576_1_4.txt
  dataset: barabasi_albert_10ins_m20
  random_seed: 42
  device: cuda
  sol_size: 100
  learning_rate: 1.0
  temp: 0.001
  min_bg: -3.0
  max_bg: 0.1
  curve_rate: 4.0
  div_param: 0.2
  num_epochs: 3000
  check_interval: 500
  plot_dynamics: False
  run_name: QQA
--------------------------------------------------
[DEBUG] Starting QQA with n=1048577, sol_size=100, device=cuda

============================== [LOG] ===============================
[ EPOCH 0 ]
  Best Loss So Far : -22788532.0000
  Mean(Loss)       : -12849.8223
  Mean(Penalty)    : 838902.6250
  BG               : -3.0000
  DIV Value        : 302364.0000
  div_param        : 0.2000
====================================================================

============================== [LOG] ===============================
[ EPOCH 500 ]
  Best Loss So Far : -247005120.0000
  Mean(Loss)       : -246056224.0000
  Mean(Penalty)    : 346.9954
  BG               : -2.4833
  DIV Value        : 524586.7500
  div_param        : 0.2000
====================================================================

============================== [LOG] ===============================
[ EPOCH 1000 ]
  Best Loss So Far : -247033392.0000
  Mean(Loss)       : -246111696.0000
  Mean(Penalty)    : 35.5363
  BG               : -1.9667
  DIV Value        : 524636.7500
  div_param        : 0.2000
====================================================================

============================== [LOG] ===============================
[ EPOCH 1500 ]
  Best Loss So Far : -247033392.0000
  Mean(Loss)       : -246112816.0000
  Mean(Penalty)    : 2.1409
  BG               : -1.4500
  DIV Value        : 524641.5000
  div_param        : 0.2000
====================================================================

============================== [LOG] ===============================
[ EPOCH 2000 ]
  Best Loss So Far : -247033392.0000
  Mean(Loss)       : -246112816.0000
  Mean(Penalty)    : 0.1116
  BG               : -0.9333
  DIV Value        : 524641.7500
  div_param        : 0.2000
====================================================================

============================== [LOG] ===============================
[ EPOCH 2500 ]
  Best Loss So Far : -247033392.0000
  Mean(Loss)       : -246112816.0000
  Mean(Penalty)    : 0.0002
  BG               : -0.4167
  DIV Value        : 524641.7500
  div_param        : 0.2000
====================================================================

============================== [LOG] ===============================
[ EPOCH 2999 ]
  Best Loss So Far : -247033392.0000
  Mean(Loss)       : -246112816.0000
  Mean(Penalty)    : 0.0000
  BG               : 0.0990
  DIV Value        : 524641.7500
  div_param        : 0.2000
====================================================================

============================== [FINAL] ==============================
FINAL BEST LOSS : -247033392.0000
RUNTIME         : 1764.50 s
====================================================================
sol_size:100, lr:1.0, temp:0.001, min_bg:-3.0, max_bg:0.1, curve_rate:4.0, div_param:0.2
[DEBUG] x_batch shape: torch.Size([100, 1048577]), dtype: torch.float32, device: cuda:0
[DEBUG] x_batch range: [0.0000, 1.0000]
[DEBUG] x_round range: [0.0000, 1.0000]
[DEBUG] Best solution index: 6
[DEBUG] Best loss (from rounded): -247033392.000000
[DEBUG] QQA reported best_obj: -247033392.000000
[DEBUG] spins_tensor range: [-1.0000, 1.0000]
[DEBUG] Unique spin values: [-1.0, 1.0]
[DEBUG] Final energy: -247033376.000000
QQA finished. Best energy: -247033376.000000
Best objective (QQA loss): -247033392.000000
Runtime reported by QQA: 1764.4979s
Total wall-clock time: 1765.6966s
Results saved to: results/barabasi_albert_10ins_m20/QQA/ba_1048576_1_4.csv
Energy: -247033376.000000
Time: 1765.6966s
----------------------------------------
Processing instance: ba_1048576_1_5.txt
  Seed 1/1 (seed=42)
Initialized QQA solver (QQA). Results will be saved under 'QQA'.
Parameters:
  instance_name: ba_1048576_1_5.txt
  dataset: barabasi_albert_10ins_m20
  random_seed: 42
  device: cuda
  sol_size: 100
  learning_rate: 1.0
  temp: 0.001
  min_bg: -3.0
  max_bg: 0.1
  curve_rate: 4.0
  div_param: 0.2
  num_epochs: 3000
  check_interval: 500
  plot_dynamics: False
  run_name: QQA
--------------------------------------------------
[DEBUG] Starting QQA with n=1048577, sol_size=100, device=cuda

============================== [LOG] ===============================
[ EPOCH 0 ]
  Best Loss So Far : -22870232.0000
  Mean(Loss)       : -12899.6426
  Mean(Penalty)    : 838902.6250
  BG               : -3.0000
  DIV Value        : 302364.0000
  div_param        : 0.2000
====================================================================

============================== [LOG] ===============================
[ EPOCH 500 ]
  Best Loss So Far : -247161952.0000
  Mean(Loss)       : -246014448.0000
  Mean(Penalty)    : 346.3804
  BG               : -2.4833
  DIV Value        : 524519.2500
  div_param        : 0.2000
====================================================================

============================== [LOG] ===============================
[ EPOCH 1000 ]
  Best Loss So Far : -247220224.0000
  Mean(Loss)       : -246070416.0000
  Mean(Penalty)    : 35.9597
  BG               : -1.9667
  DIV Value        : 524569.1250
  div_param        : 0.2000
====================================================================

============================== [LOG] ===============================
[ EPOCH 1500 ]
  Best Loss So Far : -247220224.0000
  Mean(Loss)       : -246071200.0000
  Mean(Penalty)    : 2.1415
  BG               : -1.4500
  DIV Value        : 524574.0000
  div_param        : 0.2000
====================================================================

============================== [LOG] ===============================
[ EPOCH 2000 ]
  Best Loss So Far : -247220224.0000
  Mean(Loss)       : -246071200.0000
  Mean(Penalty)    : 0.0837
  BG               : -0.9333
  DIV Value        : 524574.2500
  div_param        : 0.2000
====================================================================

============================== [LOG] ===============================
[ EPOCH 2500 ]
  Best Loss So Far : -247220224.0000
  Mean(Loss)       : -246071200.0000
  Mean(Penalty)    : 0.0028
  BG               : -0.4167
  DIV Value        : 524574.3125
  div_param        : 0.2000
====================================================================

============================== [LOG] ===============================
[ EPOCH 2999 ]
  Best Loss So Far : -247220224.0000
  Mean(Loss)       : -246071200.0000
  Mean(Penalty)    : 0.0000
  BG               : 0.0990
  DIV Value        : 524574.3125
  div_param        : 0.2000
====================================================================

============================== [FINAL] ==============================
FINAL BEST LOSS : -247220224.0000
RUNTIME         : 1764.04 s
====================================================================
sol_size:100, lr:1.0, temp:0.001, min_bg:-3.0, max_bg:0.1, curve_rate:4.0, div_param:0.2
[DEBUG] x_batch shape: torch.Size([100, 1048577]), dtype: torch.float32, device: cuda:0
[DEBUG] x_batch range: [0.0000, 1.0000]
[DEBUG] x_round range: [0.0000, 1.0000]
[DEBUG] Best solution index: 73
[DEBUG] Best loss (from rounded): -247220208.000000
[DEBUG] QQA reported best_obj: -247220224.000000
[DEBUG] spins_tensor range: [-1.0000, 1.0000]
[DEBUG] Unique spin values: [-1.0, 1.0]
[DEBUG] Final energy: -247220224.000000
QQA finished. Best energy: -247220224.000000
Best objective (QQA loss): -247220224.000000
Runtime reported by QQA: 1764.0377s
Total wall-clock time: 1765.2364s
Results saved to: results/barabasi_albert_10ins_m20/QQA/ba_1048576_1_5.csv
Energy: -247220224.000000
Time: 1765.2364s
----------------------------------------
Processing instance: ba_1048576_1_6.txt
  Seed 1/1 (seed=42)
Initialized QQA solver (QQA). Results will be saved under 'QQA'.
Parameters:
  instance_name: ba_1048576_1_6.txt
  dataset: barabasi_albert_10ins_m20
  random_seed: 42
  device: cuda
  sol_size: 100
  learning_rate: 1.0
  temp: 0.001
  min_bg: -3.0
  max_bg: 0.1
  curve_rate: 4.0
  div_param: 0.2
  num_epochs: 3000
  check_interval: 500
  plot_dynamics: False
  run_name: QQA
--------------------------------------------------
[DEBUG] Starting QQA with n=1048577, sol_size=100, device=cuda

============================== [LOG] ===============================
[ EPOCH 0 ]
  Best Loss So Far : -22914962.0000
  Mean(Loss)       : -2512.3315
  Mean(Penalty)    : 838902.6250
  BG               : -3.0000
  DIV Value        : 302364.0000
  div_param        : 0.2000
====================================================================

============================== [LOG] ===============================
[ EPOCH 500 ]
  Best Loss So Far : -247121920.0000
  Mean(Loss)       : -246067264.0000
  Mean(Penalty)    : 346.4376
  BG               : -2.4833
  DIV Value        : 524562.2500
  div_param        : 0.2000
====================================================================

============================== [LOG] ===============================
[ EPOCH 1000 ]
  Best Loss So Far : -247178848.0000
  Mean(Loss)       : -246123872.0000
  Mean(Penalty)    : 36.3468
  BG               : -1.9667
  DIV Value        : 524612.3750
  div_param        : 0.2000
====================================================================

============================== [LOG] ===============================
[ EPOCH 1500 ]
  Best Loss So Far : -247178848.0000
  Mean(Loss)       : -246124560.0000
  Mean(Penalty)    : 2.2309
  BG               : -1.4500
  DIV Value        : 524617.2500
  div_param        : 0.2000
====================================================================

============================== [LOG] ===============================
[ EPOCH 2000 ]
  Best Loss So Far : -247178848.0000
  Mean(Loss)       : -246124560.0000
  Mean(Penalty)    : 0.1031
  BG               : -0.9333
  DIV Value        : 524617.5625
  div_param        : 0.2000
====================================================================

============================== [LOG] ===============================
[ EPOCH 2500 ]
  Best Loss So Far : -247178848.0000
  Mean(Loss)       : -246124560.0000
  Mean(Penalty)    : 0.0021
  BG               : -0.4167
  DIV Value        : 524617.5625
  div_param        : 0.2000
====================================================================

============================== [LOG] ===============================
[ EPOCH 2999 ]
  Best Loss So Far : -247178848.0000
  Mean(Loss)       : -246124560.0000
  Mean(Penalty)    : 0.0000
  BG               : 0.0990
  DIV Value        : 524617.5625
  div_param        : 0.2000
====================================================================

============================== [FINAL] ==============================
FINAL BEST LOSS : -247178848.0000
RUNTIME         : 1764.15 s
====================================================================
sol_size:100, lr:1.0, temp:0.001, min_bg:-3.0, max_bg:0.1, curve_rate:4.0, div_param:0.2
[DEBUG] x_batch shape: torch.Size([100, 1048577]), dtype: torch.float32, device: cuda:0
[DEBUG] x_batch range: [0.0000, 1.0000]
[DEBUG] x_round range: [0.0000, 1.0000]
[DEBUG] Best solution index: 48
[DEBUG] Best loss (from rounded): -247178848.000000
[DEBUG] QQA reported best_obj: -247178848.000000
[DEBUG] spins_tensor range: [-1.0000, 1.0000]
[DEBUG] Unique spin values: [-1.0, 1.0]
[DEBUG] Final energy: -247178848.000000
QQA finished. Best energy: -247178848.000000
Best objective (QQA loss): -247178848.000000
Runtime reported by QQA: 1764.1471s
Total wall-clock time: 1765.3468s
Results saved to: results/barabasi_albert_10ins_m20/QQA/ba_1048576_1_6.csv
Energy: -247178848.000000
Time: 1765.3468s
----------------------------------------
Processing instance: ba_1048576_1_7.txt
  Seed 1/1 (seed=42)
Initialized QQA solver (QQA). Results will be saved under 'QQA'.
Parameters:
  instance_name: ba_1048576_1_7.txt
  dataset: barabasi_albert_10ins_m20
  random_seed: 42
  device: cuda
  sol_size: 100
  learning_rate: 1.0
  temp: 0.001
  min_bg: -3.0
  max_bg: 0.1
  curve_rate: 4.0
  div_param: 0.2
  num_epochs: 3000
  check_interval: 500
  plot_dynamics: False
  run_name: QQA
--------------------------------------------------
[DEBUG] Starting QQA with n=1048577, sol_size=100, device=cuda

============================== [LOG] ===============================
[ EPOCH 0 ]
  Best Loss So Far : -22591212.0000
  Mean(Loss)       : -5275.3105
  Mean(Penalty)    : 838902.6250
  BG               : -3.0000
  DIV Value        : 302364.0000
  div_param        : 0.2000
====================================================================

============================== [LOG] ===============================
[ EPOCH 500 ]
  Best Loss So Far : -247001584.0000
  Mean(Loss)       : -246029536.0000
  Mean(Penalty)    : 342.3881
  BG               : -2.4833
  DIV Value        : 524581.6250
  div_param        : 0.2000
====================================================================

============================== [LOG] ===============================
[ EPOCH 1000 ]
  Best Loss So Far : -247050688.0000
  Mean(Loss)       : -246085312.0000
  Mean(Penalty)    : 35.4857
  BG               : -1.9667
  DIV Value        : 524630.8750
  div_param        : 0.2000
====================================================================

============================== [LOG] ===============================
[ EPOCH 1500 ]
  Best Loss So Far : -247054560.0000
  Mean(Loss)       : -246086240.0000
  Mean(Penalty)    : 2.2222
  BG               : -1.4500
  DIV Value        : 524635.6250
  div_param        : 0.2000
====================================================================

============================== [LOG] ===============================
[ EPOCH 2000 ]
  Best Loss So Far : -247054560.0000
  Mean(Loss)       : -246086224.0000
  Mean(Penalty)    : 0.0768
  BG               : -0.9333
  DIV Value        : 524635.9375
  div_param        : 0.2000
====================================================================

============================== [LOG] ===============================
[ EPOCH 2500 ]
  Best Loss So Far : -247054560.0000
  Mean(Loss)       : -246086224.0000
  Mean(Penalty)    : 0.0029
  BG               : -0.4167
  DIV Value        : 524635.9375
  div_param        : 0.2000
====================================================================

============================== [LOG] ===============================
[ EPOCH 2999 ]
  Best Loss So Far : -247054560.0000
  Mean(Loss)       : -246086224.0000
  Mean(Penalty)    : 0.0000
  BG               : 0.0990
  DIV Value        : 524635.9375
  div_param        : 0.2000
====================================================================

============================== [FINAL] ==============================
FINAL BEST LOSS : -247054560.0000
RUNTIME         : 1763.00 s
====================================================================
sol_size:100, lr:1.0, temp:0.001, min_bg:-3.0, max_bg:0.1, curve_rate:4.0, div_param:0.2
[DEBUG] x_batch shape: torch.Size([100, 1048577]), dtype: torch.float32, device: cuda:0
[DEBUG] x_batch range: [0.0000, 1.0000]
[DEBUG] x_round range: [0.0000, 1.0000]
[DEBUG] Best solution index: 79
[DEBUG] Best loss (from rounded): -247054560.000000
[DEBUG] QQA reported best_obj: -247054560.000000
[DEBUG] spins_tensor range: [-1.0000, 1.0000]
[DEBUG] Unique spin values: [-1.0, 1.0]
[DEBUG] Final energy: -247054544.000000
QQA finished. Best energy: -247054544.000000
Best objective (QQA loss): -247054560.000000
Runtime reported by QQA: 1763.0005s
Total wall-clock time: 1764.1991s
Results saved to: results/barabasi_albert_10ins_m20/QQA/ba_1048576_1_7.csv
Energy: -247054544.000000
Time: 1764.1991s
----------------------------------------
Processing instance: ba_1048576_1_8.txt
  Seed 1/1 (seed=42)
Initialized QQA solver (QQA). Results will be saved under 'QQA'.
Parameters:
  instance_name: ba_1048576_1_8.txt
  dataset: barabasi_albert_10ins_m20
  random_seed: 42
  device: cuda
  sol_size: 100
  learning_rate: 1.0
  temp: 0.001
  min_bg: -3.0
  max_bg: 0.1
  curve_rate: 4.0
  div_param: 0.2
  num_epochs: 3000
  check_interval: 500
  plot_dynamics: False
  run_name: QQA
--------------------------------------------------
[DEBUG] Starting QQA with n=1048577, sol_size=100, device=cuda

============================== [LOG] ===============================
[ EPOCH 0 ]
  Best Loss So Far : -22303318.0000
  Mean(Loss)       : 140.0663
  Mean(Penalty)    : 838902.6250
  BG               : -3.0000
  DIV Value        : 302364.0000
  div_param        : 0.2000
====================================================================

============================== [LOG] ===============================
[ EPOCH 500 ]
  Best Loss So Far : -247021888.0000
  Mean(Loss)       : -245979856.0000
  Mean(Penalty)    : 347.8680
  BG               : -2.4833
  DIV Value        : 524577.0000
  div_param        : 0.2000
====================================================================

============================== [LOG] ===============================
[ EPOCH 1000 ]
  Best Loss So Far : -247061824.0000
  Mean(Loss)       : -246037888.0000
  Mean(Penalty)    : 36.4502
  BG               : -1.9667
  DIV Value        : 524627.6250
  div_param        : 0.2000
====================================================================

============================== [LOG] ===============================
[ EPOCH 1500 ]
  Best Loss So Far : -247067744.0000
  Mean(Loss)       : -246038880.0000
  Mean(Penalty)    : 2.1875
  BG               : -1.4500
  DIV Value        : 524632.5625
  div_param        : 0.2000
====================================================================

============================== [LOG] ===============================
[ EPOCH 2000 ]
  Best Loss So Far : -247067744.0000
  Mean(Loss)       : -246038880.0000
  Mean(Penalty)    : 0.0737
  BG               : -0.9333
  DIV Value        : 524632.8750
  div_param        : 0.2000
====================================================================

============================== [LOG] ===============================
[ EPOCH 2500 ]
  Best Loss So Far : -247067744.0000
  Mean(Loss)       : -246038880.0000
  Mean(Penalty)    : 0.0030
  BG               : -0.4167
  DIV Value        : 524632.8750
  div_param        : 0.2000
====================================================================

============================== [LOG] ===============================
[ EPOCH 2999 ]
  Best Loss So Far : -247067744.0000
  Mean(Loss)       : -246038880.0000
  Mean(Penalty)    : 0.0000
  BG               : 0.0990
  DIV Value        : 524632.8750
  div_param        : 0.2000
====================================================================

============================== [FINAL] ==============================
FINAL BEST LOSS : -247067744.0000
RUNTIME         : 1764.24 s
====================================================================
sol_size:100, lr:1.0, temp:0.001, min_bg:-3.0, max_bg:0.1, curve_rate:4.0, div_param:0.2
[DEBUG] x_batch shape: torch.Size([100, 1048577]), dtype: torch.float32, device: cuda:0
[DEBUG] x_batch range: [0.0000, 1.0000]
[DEBUG] x_round range: [0.0000, 1.0000]
[DEBUG] Best solution index: 3
[DEBUG] Best loss (from rounded): -247067744.000000
[DEBUG] QQA reported best_obj: -247067744.000000
[DEBUG] spins_tensor range: [-1.0000, 1.0000]
[DEBUG] Unique spin values: [-1.0, 1.0]
[DEBUG] Final energy: -247067744.000000
QQA finished. Best energy: -247067744.000000
Best objective (QQA loss): -247067744.000000
Runtime reported by QQA: 1764.2447s
Total wall-clock time: 1765.4440s
Results saved to: results/barabasi_albert_10ins_m20/QQA/ba_1048576_1_8.csv
Energy: -247067744.000000
Time: 1765.4440s
----------------------------------------
Processing instance: ba_1048576_1_9.txt
  Seed 1/1 (seed=42)
Initialized QQA solver (QQA). Results will be saved under 'QQA'.
Parameters:
  instance_name: ba_1048576_1_9.txt
  dataset: barabasi_albert_10ins_m20
  random_seed: 42
  device: cuda
  sol_size: 100
  learning_rate: 1.0
  temp: 0.001
  min_bg: -3.0
  max_bg: 0.1
  curve_rate: 4.0
  div_param: 0.2
  num_epochs: 3000
  check_interval: 500
  plot_dynamics: False
  run_name: QQA
--------------------------------------------------
[DEBUG] Starting QQA with n=1048577, sol_size=100, device=cuda

============================== [LOG] ===============================
[ EPOCH 0 ]
  Best Loss So Far : -22217732.0000
  Mean(Loss)       : -5641.1450
  Mean(Penalty)    : 838902.6250
  BG               : -3.0000
  DIV Value        : 302364.0000
  div_param        : 0.2000
====================================================================

============================== [LOG] ===============================
[ EPOCH 500 ]
  Best Loss So Far : -247091120.0000
  Mean(Loss)       : -246029536.0000
  Mean(Penalty)    : 346.8439
  BG               : -2.4833
  DIV Value        : 524591.3125
  div_param        : 0.2000
====================================================================

============================== [LOG] ===============================
[ EPOCH 1000 ]
  Best Loss So Far : -247164352.0000
  Mean(Loss)       : -246087168.0000
  Mean(Penalty)    : 35.7681
  BG               : -1.9667
  DIV Value        : 524641.5000
  div_param        : 0.2000
====================================================================

============================== [LOG] ===============================
[ EPOCH 1500 ]
  Best Loss So Far : -247165120.0000
  Mean(Loss)       : -246087808.0000
  Mean(Penalty)    : 2.3477
  BG               : -1.4500
  DIV Value        : 524646.3750
  div_param        : 0.2000
====================================================================

============================== [LOG] ===============================
[ EPOCH 2000 ]
  Best Loss So Far : -247165120.0000
  Mean(Loss)       : -246087808.0000
  Mean(Penalty)    : 0.1082
  BG               : -0.9333
  DIV Value        : 524646.6250
  div_param        : 0.2000
====================================================================

============================== [LOG] ===============================
[ EPOCH 2500 ]
  Best Loss So Far : -247165120.0000
  Mean(Loss)       : -246087824.0000
  Mean(Penalty)    : 0.0043
  BG               : -0.4167
  DIV Value        : 524646.6250
  div_param        : 0.2000
====================================================================

============================== [LOG] ===============================
[ EPOCH 2999 ]
  Best Loss So Far : -247165120.0000
  Mean(Loss)       : -246087824.0000
  Mean(Penalty)    : 0.0000
  BG               : 0.0990
  DIV Value        : 524646.6250
  div_param        : 0.2000
====================================================================

============================== [FINAL] ==============================
FINAL BEST LOSS : -247165120.0000
RUNTIME         : 1763.24 s
====================================================================
sol_size:100, lr:1.0, temp:0.001, min_bg:-3.0, max_bg:0.1, curve_rate:4.0, div_param:0.2
[DEBUG] x_batch shape: torch.Size([100, 1048577]), dtype: torch.float32, device: cuda:0
[DEBUG] x_batch range: [0.0000, 1.0000]
[DEBUG] x_round range: [0.0000, 1.0000]
[DEBUG] Best solution index: 74
[DEBUG] Best loss (from rounded): -247165120.000000
[DEBUG] QQA reported best_obj: -247165120.000000
[DEBUG] spins_tensor range: [-1.0000, 1.0000]
[DEBUG] Unique spin values: [-1.0, 1.0]
[DEBUG] Final energy: -247165104.000000
QQA finished. Best energy: -247165104.000000
Best objective (QQA loss): -247165120.000000
Runtime reported by QQA: 1763.2421s
Total wall-clock time: 1764.4413s
Results saved to: results/barabasi_albert_10ins_m20/QQA/ba_1048576_1_9.csv
Energy: -247165104.000000
Time: 1764.4413s
----------------------------------------
Processing instance: ba_128_1_0.txt
  Seed 1/1 (seed=42)
Initialized QQA solver (QQA). Results will be saved under 'QQA'.
Parameters:
  instance_name: ba_128_1_0.txt
  dataset: barabasi_albert_10ins_m20
  random_seed: 42
  device: cuda
  sol_size: 100
  learning_rate: 1.0
  temp: 0.001
  min_bg: -3.0
  max_bg: 0.1
  curve_rate: 4.0
  div_param: 0.2
  num_epochs: 3000
  check_interval: 500
  plot_dynamics: False
  run_name: QQA
--------------------------------------------------
[DEBUG] Starting QQA with n=129, sol_size=100, device=cuda

============================== [LOG] ===============================
[ EPOCH 0 ]
  Best Loss So Far : -12007.0000
  Mean(Loss)       : -9.2885
  Mean(Penalty)    : 103.3528
  BG               : -3.0000
  DIV Value        : 37.0730
  div_param        : 0.2000
====================================================================

============================== [LOG] ===============================
[ EPOCH 500 ]
  Best Loss So Far : -30557.0000
  Mean(Loss)       : -27364.8574
  Mean(Penalty)    : 0.0298
  BG               : -2.4833
  DIV Value        : 64.5673
  div_param        : 0.2000
====================================================================

============================== [LOG] ===============================
[ EPOCH 1000 ]
  Best Loss So Far : -30557.0000
  Mean(Loss)       : -27364.8203
  Mean(Penalty)    : 0.0000
  BG               : -1.9667
  DIV Value        : 64.5723
  div_param        : 0.2000
====================================================================

============================== [LOG] ===============================
[ EPOCH 1500 ]
  Best Loss So Far : -30557.0000
  Mean(Loss)       : -27364.8203
  Mean(Penalty)    : 0.0000
  BG               : -1.4500
  DIV Value        : 64.5723
  div_param        : 0.2000
====================================================================

============================== [LOG] ===============================
[ EPOCH 2000 ]
  Best Loss So Far : -30557.0000
  Mean(Loss)       : -27364.8203
  Mean(Penalty)    : 0.0000
  BG               : -0.9333
  DIV Value        : 64.5723
  div_param        : 0.2000
====================================================================

============================== [LOG] ===============================
[ EPOCH 2500 ]
  Best Loss So Far : -30557.0000
  Mean(Loss)       : -27364.8203
  Mean(Penalty)    : 0.0000
  BG               : -0.4167
  DIV Value        : 64.5723
  div_param        : 0.2000
====================================================================

============================== [LOG] ===============================
[ EPOCH 2999 ]
  Best Loss So Far : -30557.0000
  Mean(Loss)       : -27364.8203
  Mean(Penalty)    : 0.0000
  BG               : 0.0990
  DIV Value        : 64.5723
  div_param        : 0.2000
====================================================================

============================== [FINAL] ==============================
FINAL BEST LOSS : -30557.0000
RUNTIME         : 5.71 s
====================================================================
sol_size:100, lr:1.0, temp:0.001, min_bg:-3.0, max_bg:0.1, curve_rate:4.0, div_param:0.2
[DEBUG] x_batch shape: torch.Size([100, 129]), dtype: torch.float32, device: cuda:0
[DEBUG] x_batch range: [0.0000, 1.0000]
[DEBUG] x_round range: [0.0000, 1.0000]
[DEBUG] Best solution index: 56
[DEBUG] Best loss (from rounded): -30557.000000
[DEBUG] QQA reported best_obj: -30557.000000
[DEBUG] spins_tensor range: [-1.0000, 1.0000]
[DEBUG] Unique spin values: [-1.0, 1.0]
[DEBUG] Final energy: -30557.000000
QQA finished. Best energy: -30557.000000
Best objective (QQA loss): -30557.000000
Runtime reported by QQA: 5.7084s
Total wall-clock time: 5.7103s
Results saved to: results/barabasi_albert_10ins_m20/QQA/ba_128_1_0.csv
Energy: -30557.000000
Time: 5.7103s
----------------------------------------
Processing instance: ba_128_1_1.txt
  Seed 1/1 (seed=42)
Initialized QQA solver (QQA). Results will be saved under 'QQA'.
Parameters:
  instance_name: ba_128_1_1.txt
  dataset: barabasi_albert_10ins_m20
  random_seed: 42
  device: cuda
  sol_size: 100
  learning_rate: 1.0
  temp: 0.001
  min_bg: -3.0
  max_bg: 0.1
  curve_rate: 4.0
  div_param: 0.2
  num_epochs: 3000
  check_interval: 500
  plot_dynamics: False
  run_name: QQA
--------------------------------------------------
[DEBUG] Starting QQA with n=129, sol_size=100, device=cuda

============================== [LOG] ===============================
[ EPOCH 0 ]
  Best Loss So Far : -14278.0000
  Mean(Loss)       : -24.4736
  Mean(Penalty)    : 103.3528
  BG               : -3.0000
  DIV Value        : 37.0730
  div_param        : 0.2000
====================================================================

============================== [LOG] ===============================
[ EPOCH 500 ]
  Best Loss So Far : -31368.0000
  Mean(Loss)       : -28016.0547
  Mean(Penalty)    : 0.0222
  BG               : -2.4833
  DIV Value        : 64.4965
  div_param        : 0.2000
====================================================================

============================== [LOG] ===============================
[ EPOCH 1000 ]
  Best Loss So Far : -31368.0000
  Mean(Loss)       : -28016.0391
  Mean(Penalty)    : 0.0013
  BG               : -1.9667
  DIV Value        : 64.4994
  div_param        : 0.2000
====================================================================

============================== [LOG] ===============================
[ EPOCH 1500 ]
  Best Loss So Far : -31368.0000
  Mean(Loss)       : -28016.0391
  Mean(Penalty)    : 0.0000
  BG               : -1.4500
  DIV Value        : 64.4995
  div_param        : 0.2000
====================================================================

============================== [LOG] ===============================
[ EPOCH 2000 ]
  Best Loss So Far : -31368.0000
  Mean(Loss)       : -28016.0391
  Mean(Penalty)    : 0.0000
  BG               : -0.9333
  DIV Value        : 64.4995
  div_param        : 0.2000
====================================================================

============================== [LOG] ===============================
[ EPOCH 2500 ]
  Best Loss So Far : -31368.0000
  Mean(Loss)       : -28016.0391
  Mean(Penalty)    : 0.0000
  BG               : -0.4167
  DIV Value        : 64.4995
  div_param        : 0.2000
====================================================================

============================== [LOG] ===============================
[ EPOCH 2999 ]
  Best Loss So Far : -31368.0000
  Mean(Loss)       : -28016.0391
  Mean(Penalty)    : 0.0000
  BG               : 0.0990
  DIV Value        : 64.4995
  div_param        : 0.2000
====================================================================

============================== [FINAL] ==============================
FINAL BEST LOSS : -31368.0000
RUNTIME         : 5.76 s
====================================================================
sol_size:100, lr:1.0, temp:0.001, min_bg:-3.0, max_bg:0.1, curve_rate:4.0, div_param:0.2
[DEBUG] x_batch shape: torch.Size([100, 129]), dtype: torch.float32, device: cuda:0
[DEBUG] x_batch range: [0.0000, 1.0000]
[DEBUG] x_round range: [0.0000, 1.0000]
[DEBUG] Best solution index: 2
[DEBUG] Best loss (from rounded): -31368.000000
[DEBUG] QQA reported best_obj: -31368.000000
[DEBUG] spins_tensor range: [-1.0000, 1.0000]
[DEBUG] Unique spin values: [-1.0, 1.0]
[DEBUG] Final energy: -31368.000000
QQA finished. Best energy: -31368.000000
Best objective (QQA loss): -31368.000000
Runtime reported by QQA: 5.7624s
Total wall-clock time: 5.7641s
Results saved to: results/barabasi_albert_10ins_m20/QQA/ba_128_1_1.csv
Energy: -31368.000000
Time: 5.7641s
----------------------------------------
Processing instance: ba_128_1_2.txt
  Seed 1/1 (seed=42)
Initialized QQA solver (QQA). Results will be saved under 'QQA'.
Parameters:
  instance_name: ba_128_1_2.txt
  dataset: barabasi_albert_10ins_m20
  random_seed: 42
  device: cuda
  sol_size: 100
  learning_rate: 1.0
  temp: 0.001
  min_bg: -3.0
  max_bg: 0.1
  curve_rate: 4.0
  div_param: 0.2
  num_epochs: 3000
  check_interval: 500
  plot_dynamics: False
  run_name: QQA
--------------------------------------------------
[DEBUG] Starting QQA with n=129, sol_size=100, device=cuda

============================== [LOG] ===============================
[ EPOCH 0 ]
  Best Loss So Far : -9204.0000
  Mean(Loss)       : 69.9809
  Mean(Penalty)    : 103.3528
  BG               : -3.0000
  DIV Value        : 37.0730
  div_param        : 0.2000
====================================================================

============================== [LOG] ===============================
[ EPOCH 500 ]
  Best Loss So Far : -31026.0000
  Mean(Loss)       : -27571.6445
  Mean(Penalty)    : 0.0419
  BG               : -2.4833
  DIV Value        : 64.5322
  div_param        : 0.2000
====================================================================

============================== [LOG] ===============================
[ EPOCH 1000 ]
  Best Loss So Far : -31026.0000
  Mean(Loss)       : -27575.0469
  Mean(Penalty)    : 0.0068
  BG               : -1.9667
  DIV Value        : 64.5376
  div_param        : 0.2000
====================================================================

============================== [LOG] ===============================
[ EPOCH 1500 ]
  Best Loss So Far : -31026.0000
  Mean(Loss)       : -27575.0391
  Mean(Penalty)    : 0.0000
  BG               : -1.4500
  DIV Value        : 64.5386
  div_param        : 0.2000
====================================================================

============================== [LOG] ===============================
[ EPOCH 2000 ]
  Best Loss So Far : -31026.0000
  Mean(Loss)       : -27575.0391
  Mean(Penalty)    : 0.0000
  BG               : -0.9333
  DIV Value        : 64.5386
  div_param        : 0.2000
====================================================================

============================== [LOG] ===============================
[ EPOCH 2500 ]
  Best Loss So Far : -31026.0000
  Mean(Loss)       : -27575.0391
  Mean(Penalty)    : 0.0000
  BG               : -0.4167
  DIV Value        : 64.5386
  div_param        : 0.2000
====================================================================

============================== [LOG] ===============================
[ EPOCH 2999 ]
  Best Loss So Far : -31026.0000
  Mean(Loss)       : -27575.0391
  Mean(Penalty)    : 0.0000
  BG               : 0.0990
  DIV Value        : 64.5386
  div_param        : 0.2000
====================================================================

============================== [FINAL] ==============================
FINAL BEST LOSS : -31026.0000
RUNTIME         : 5.75 s
====================================================================
sol_size:100, lr:1.0, temp:0.001, min_bg:-3.0, max_bg:0.1, curve_rate:4.0, div_param:0.2
[DEBUG] x_batch shape: torch.Size([100, 129]), dtype: torch.float32, device: cuda:0
[DEBUG] x_batch range: [0.0000, 1.0000]
[DEBUG] x_round range: [0.0000, 1.0000]
[DEBUG] Best solution index: 28
[DEBUG] Best loss (from rounded): -31026.000000
[DEBUG] QQA reported best_obj: -31026.000000
[DEBUG] spins_tensor range: [-1.0000, 1.0000]
[DEBUG] Unique spin values: [-1.0, 1.0]
[DEBUG] Final energy: -31026.000000
QQA finished. Best energy: -31026.000000
Best objective (QQA loss): -31026.000000
Runtime reported by QQA: 5.7548s
Total wall-clock time: 5.7565s
Results saved to: results/barabasi_albert_10ins_m20/QQA/ba_128_1_2.csv
Energy: -31026.000000
Time: 5.7565s
----------------------------------------
Processing instance: ba_128_1_3.txt
  Seed 1/1 (seed=42)
Initialized QQA solver (QQA). Results will be saved under 'QQA'.
Parameters:
  instance_name: ba_128_1_3.txt
  dataset: barabasi_albert_10ins_m20
  random_seed: 42
  device: cuda
  sol_size: 100
  learning_rate: 1.0
  temp: 0.001
  min_bg: -3.0
  max_bg: 0.1
  curve_rate: 4.0
  div_param: 0.2
  num_epochs: 3000
  check_interval: 500
  plot_dynamics: False
  run_name: QQA
--------------------------------------------------
[DEBUG] Starting QQA with n=129, sol_size=100, device=cuda

============================== [LOG] ===============================
[ EPOCH 0 ]
  Best Loss So Far : -18501.0000
  Mean(Loss)       : -140.5553
  Mean(Penalty)    : 103.3528
  BG               : -3.0000
  DIV Value        : 37.0730
  div_param        : 0.2000
====================================================================

============================== [LOG] ===============================
[ EPOCH 500 ]
  Best Loss So Far : -31267.0000
  Mean(Loss)       : -28597.7207
  Mean(Penalty)    : 0.0053
  BG               : -2.4833
  DIV Value        : 64.6616
  div_param        : 0.2000
====================================================================

============================== [LOG] ===============================
[ EPOCH 1000 ]
  Best Loss So Far : -31267.0000
  Mean(Loss)       : -28597.7207
  Mean(Penalty)    : 0.0000
  BG               : -1.9667
  DIV Value        : 64.6623
  div_param        : 0.2000
====================================================================

============================== [LOG] ===============================
[ EPOCH 1500 ]
  Best Loss So Far : -31267.0000
  Mean(Loss)       : -28597.7207
  Mean(Penalty)    : 0.0000
  BG               : -1.4500
  DIV Value        : 64.6623
  div_param        : 0.2000
====================================================================

============================== [LOG] ===============================
[ EPOCH 2000 ]
  Best Loss So Far : -31267.0000
  Mean(Loss)       : -28597.7207
  Mean(Penalty)    : 0.0000
  BG               : -0.9333
  DIV Value        : 64.6623
  div_param        : 0.2000
====================================================================

============================== [LOG] ===============================
[ EPOCH 2500 ]
  Best Loss So Far : -31267.0000
  Mean(Loss)       : -28597.7207
  Mean(Penalty)    : 0.0000
  BG               : -0.4167
  DIV Value        : 64.6623
  div_param        : 0.2000
====================================================================

============================== [LOG] ===============================
[ EPOCH 2999 ]
  Best Loss So Far : -31267.0000
  Mean(Loss)       : -28597.7207
  Mean(Penalty)    : 0.0000
  BG               : 0.0990
  DIV Value        : 64.6623
  div_param        : 0.2000
====================================================================

============================== [FINAL] ==============================
FINAL BEST LOSS : -31267.0000
RUNTIME         : 5.76 s
====================================================================
sol_size:100, lr:1.0, temp:0.001, min_bg:-3.0, max_bg:0.1, curve_rate:4.0, div_param:0.2
[DEBUG] x_batch shape: torch.Size([100, 129]), dtype: torch.float32, device: cuda:0
[DEBUG] x_batch range: [0.0000, 1.0000]
[DEBUG] x_round range: [0.0000, 1.0000]
[DEBUG] Best solution index: 91
[DEBUG] Best loss (from rounded): -31267.000000
[DEBUG] QQA reported best_obj: -31267.000000
[DEBUG] spins_tensor range: [-1.0000, 1.0000]
[DEBUG] Unique spin values: [-1.0, 1.0]
[DEBUG] Final energy: -31267.000000
QQA finished. Best energy: -31267.000000
Best objective (QQA loss): -31267.000000
Runtime reported by QQA: 5.7552s
Total wall-clock time: 5.7568s
Results saved to: results/barabasi_albert_10ins_m20/QQA/ba_128_1_3.csv
Energy: -31267.000000
Time: 5.7568s
----------------------------------------
Processing instance: ba_128_1_4.txt
  Seed 1/1 (seed=42)
Initialized QQA solver (QQA). Results will be saved under 'QQA'.
Parameters:
  instance_name: ba_128_1_4.txt
  dataset: barabasi_albert_10ins_m20
  random_seed: 42
  device: cuda
  sol_size: 100
  learning_rate: 1.0
  temp: 0.001
  min_bg: -3.0
  max_bg: 0.1
  curve_rate: 4.0
  div_param: 0.2
  num_epochs: 3000
  check_interval: 500
  plot_dynamics: False
  run_name: QQA
--------------------------------------------------
[DEBUG] Starting QQA with n=129, sol_size=100, device=cuda

============================== [LOG] ===============================
[ EPOCH 0 ]
  Best Loss So Far : -17057.0000
  Mean(Loss)       : -144.7607
  Mean(Penalty)    : 103.3528
  BG               : -3.0000
  DIV Value        : 37.0730
  div_param        : 0.2000
====================================================================

============================== [LOG] ===============================
[ EPOCH 500 ]
  Best Loss So Far : -31663.0000
  Mean(Loss)       : -28836.5645
  Mean(Penalty)    : 0.0179
  BG               : -2.4833
  DIV Value        : 64.5900
  div_param        : 0.2000
====================================================================

============================== [LOG] ===============================
[ EPOCH 1000 ]
  Best Loss So Far : -31663.0000
  Mean(Loss)       : -28836.5566
  Mean(Penalty)    : 0.0037
  BG               : -1.9667
  DIV Value        : 64.5921
  div_param        : 0.2000
====================================================================

============================== [LOG] ===============================
[ EPOCH 1500 ]
  Best Loss So Far : -31663.0000
  Mean(Loss)       : -28836.5605
  Mean(Penalty)    : 0.0000
  BG               : -1.4500
  DIV Value        : 64.5925
  div_param        : 0.2000
====================================================================

============================== [LOG] ===============================
[ EPOCH 2000 ]
  Best Loss So Far : -31663.0000
  Mean(Loss)       : -28836.5605
  Mean(Penalty)    : 0.0000
  BG               : -0.9333
  DIV Value        : 64.5925
  div_param        : 0.2000
====================================================================

============================== [LOG] ===============================
[ EPOCH 2500 ]
  Best Loss So Far : -31663.0000
  Mean(Loss)       : -28836.5605
  Mean(Penalty)    : 0.0000
  BG               : -0.4167
  DIV Value        : 64.5925
  div_param        : 0.2000
====================================================================

============================== [LOG] ===============================
[ EPOCH 2999 ]
  Best Loss So Far : -31663.0000
  Mean(Loss)       : -28836.5605
  Mean(Penalty)    : 0.0000
  BG               : 0.0990
  DIV Value        : 64.5925
  div_param        : 0.2000
====================================================================

============================== [FINAL] ==============================
FINAL BEST LOSS : -31663.0000
RUNTIME         : 5.76 s
====================================================================
sol_size:100, lr:1.0, temp:0.001, min_bg:-3.0, max_bg:0.1, curve_rate:4.0, div_param:0.2
[DEBUG] x_batch shape: torch.Size([100, 129]), dtype: torch.float32, device: cuda:0
[DEBUG] x_batch range: [0.0000, 1.0000]
[DEBUG] x_round range: [0.0000, 1.0000]
[DEBUG] Best solution index: 76
[DEBUG] Best loss (from rounded): -31663.000000
[DEBUG] QQA reported best_obj: -31663.000000
[DEBUG] spins_tensor range: [-1.0000, 1.0000]
[DEBUG] Unique spin values: [-1.0, 1.0]
[DEBUG] Final energy: -31663.000000
QQA finished. Best energy: -31663.000000
Best objective (QQA loss): -31663.000000
Runtime reported by QQA: 5.7565s
Total wall-clock time: 5.7581s
Results saved to: results/barabasi_albert_10ins_m20/QQA/ba_128_1_4.csv
Energy: -31663.000000
Time: 5.7581s
----------------------------------------
Processing instance: ba_128_1_5.txt
  Seed 1/1 (seed=42)
Initialized QQA solver (QQA). Results will be saved under 'QQA'.
Parameters:
  instance_name: ba_128_1_5.txt
  dataset: barabasi_albert_10ins_m20
  random_seed: 42
  device: cuda
  sol_size: 100
  learning_rate: 1.0
  temp: 0.001
  min_bg: -3.0
  max_bg: 0.1
  curve_rate: 4.0
  div_param: 0.2
  num_epochs: 3000
  check_interval: 500
  plot_dynamics: False
  run_name: QQA
--------------------------------------------------
[DEBUG] Starting QQA with n=129, sol_size=100, device=cuda

============================== [LOG] ===============================
[ EPOCH 0 ]
  Best Loss So Far : -10749.0000
  Mean(Loss)       : 91.2128
  Mean(Penalty)    : 103.3528
  BG               : -3.0000
  DIV Value        : 37.0730
  div_param        : 0.2000
====================================================================

============================== [LOG] ===============================
[ EPOCH 500 ]
  Best Loss So Far : -30637.0000
  Mean(Loss)       : -27494.0391
  Mean(Penalty)    : 0.0302
  BG               : -2.4833
  DIV Value        : 64.5836
  div_param        : 0.2000
====================================================================

============================== [LOG] ===============================
[ EPOCH 1000 ]
  Best Loss So Far : -30637.0000
  Mean(Loss)       : -27494.0195
  Mean(Penalty)    : 0.0009
  BG               : -1.9667
  DIV Value        : 64.5877
  div_param        : 0.2000
====================================================================

============================== [LOG] ===============================
[ EPOCH 1500 ]
  Best Loss So Far : -30637.0000
  Mean(Loss)       : -27494.0195
  Mean(Penalty)    : 0.0000
  BG               : -1.4500
  DIV Value        : 64.5878
  div_param        : 0.2000
====================================================================

============================== [LOG] ===============================
[ EPOCH 2000 ]
  Best Loss So Far : -30637.0000
  Mean(Loss)       : -27494.0195
  Mean(Penalty)    : 0.0000
  BG               : -0.9333
  DIV Value        : 64.5878
  div_param        : 0.2000
====================================================================

============================== [LOG] ===============================
[ EPOCH 2500 ]
  Best Loss So Far : -30637.0000
  Mean(Loss)       : -27494.0195
  Mean(Penalty)    : 0.0000
  BG               : -0.4167
  DIV Value        : 64.5878
  div_param        : 0.2000
====================================================================

============================== [LOG] ===============================
[ EPOCH 2999 ]
  Best Loss So Far : -30637.0000
  Mean(Loss)       : -27494.0195
  Mean(Penalty)    : 0.0000
  BG               : 0.0990
  DIV Value        : 64.5878
  div_param        : 0.2000
====================================================================

============================== [FINAL] ==============================
FINAL BEST LOSS : -30637.0000
RUNTIME         : 5.76 s
====================================================================
sol_size:100, lr:1.0, temp:0.001, min_bg:-3.0, max_bg:0.1, curve_rate:4.0, div_param:0.2
[DEBUG] x_batch shape: torch.Size([100, 129]), dtype: torch.float32, device: cuda:0
[DEBUG] x_batch range: [0.0000, 1.0000]
[DEBUG] x_round range: [0.0000, 1.0000]
[DEBUG] Best solution index: 11
[DEBUG] Best loss (from rounded): -30637.000000
[DEBUG] QQA reported best_obj: -30637.000000
[DEBUG] spins_tensor range: [-1.0000, 1.0000]
[DEBUG] Unique spin values: [-1.0, 1.0]
[DEBUG] Final energy: -30637.000000
QQA finished. Best energy: -30637.000000
Best objective (QQA loss): -30637.000000
Runtime reported by QQA: 5.7649s
Total wall-clock time: 5.7666s
Results saved to: results/barabasi_albert_10ins_m20/QQA/ba_128_1_5.csv
Energy: -30637.000000
Time: 5.7666s
----------------------------------------
Processing instance: ba_128_1_6.txt
  Seed 1/1 (seed=42)
Initialized QQA solver (QQA). Results will be saved under 'QQA'.
Parameters:
  instance_name: ba_128_1_6.txt
  dataset: barabasi_albert_10ins_m20
  random_seed: 42
  device: cuda
  sol_size: 100
  learning_rate: 1.0
  temp: 0.001
  min_bg: -3.0
  max_bg: 0.1
  curve_rate: 4.0
  div_param: 0.2
  num_epochs: 3000
  check_interval: 500
  plot_dynamics: False
  run_name: QQA
--------------------------------------------------
[DEBUG] Starting QQA with n=129, sol_size=100, device=cuda

============================== [LOG] ===============================
[ EPOCH 0 ]
  Best Loss So Far : -11232.0000
  Mean(Loss)       : 29.6728
  Mean(Penalty)    : 103.3528
  BG               : -3.0000
  DIV Value        : 37.0730
  div_param        : 0.2000
====================================================================

============================== [LOG] ===============================
[ EPOCH 500 ]
  Best Loss So Far : -31376.0000
  Mean(Loss)       : -28376.6406
  Mean(Penalty)    : 0.0204
  BG               : -2.4833
  DIV Value        : 64.4561
  div_param        : 0.2000
====================================================================

============================== [LOG] ===============================
[ EPOCH 1000 ]
  Best Loss So Far : -31376.0000
  Mean(Loss)       : -28376.6406
  Mean(Penalty)    : 0.0000
  BG               : -1.9667
  DIV Value        : 64.4591
  div_param        : 0.2000
====================================================================

============================== [LOG] ===============================
[ EPOCH 1500 ]
  Best Loss So Far : -31376.0000
  Mean(Loss)       : -28376.6406
  Mean(Penalty)    : 0.0000
  BG               : -1.4500
  DIV Value        : 64.4591
  div_param        : 0.2000
====================================================================

============================== [LOG] ===============================
[ EPOCH 2000 ]
  Best Loss So Far : -31376.0000
  Mean(Loss)       : -28376.6406
  Mean(Penalty)    : 0.0000
  BG               : -0.9333
  DIV Value        : 64.4591
  div_param        : 0.2000
====================================================================

============================== [LOG] ===============================
[ EPOCH 2500 ]
  Best Loss So Far : -31376.0000
  Mean(Loss)       : -28376.6406
  Mean(Penalty)    : 0.0000
  BG               : -0.4167
  DIV Value        : 64.4591
  div_param        : 0.2000
====================================================================

============================== [LOG] ===============================
[ EPOCH 2999 ]
  Best Loss So Far : -31376.0000
  Mean(Loss)       : -28376.6406
  Mean(Penalty)    : 0.0000
  BG               : 0.0990
  DIV Value        : 64.4591
  div_param        : 0.2000
====================================================================

============================== [FINAL] ==============================
FINAL BEST LOSS : -31376.0000
RUNTIME         : 5.75 s
====================================================================
sol_size:100, lr:1.0, temp:0.001, min_bg:-3.0, max_bg:0.1, curve_rate:4.0, div_param:0.2
[DEBUG] x_batch shape: torch.Size([100, 129]), dtype: torch.float32, device: cuda:0
[DEBUG] x_batch range: [0.0000, 1.0000]
[DEBUG] x_round range: [0.0000, 1.0000]
[DEBUG] Best solution index: 23
[DEBUG] Best loss (from rounded): -31376.000000
[DEBUG] QQA reported best_obj: -31376.000000
[DEBUG] spins_tensor range: [-1.0000, 1.0000]
[DEBUG] Unique spin values: [-1.0, 1.0]
[DEBUG] Final energy: -31376.000000
QQA finished. Best energy: -31376.000000
Best objective (QQA loss): -31376.000000
Runtime reported by QQA: 5.7531s
Total wall-clock time: 5.7548s
Results saved to: results/barabasi_albert_10ins_m20/QQA/ba_128_1_6.csv
Energy: -31376.000000
Time: 5.7548s
----------------------------------------
Processing instance: ba_128_1_7.txt
  Seed 1/1 (seed=42)
Initialized QQA solver (QQA). Results will be saved under 'QQA'.
Parameters:
  instance_name: ba_128_1_7.txt
  dataset: barabasi_albert_10ins_m20
  random_seed: 42
  device: cuda
  sol_size: 100
  learning_rate: 1.0
  temp: 0.001
  min_bg: -3.0
  max_bg: 0.1
  curve_rate: 4.0
  div_param: 0.2
  num_epochs: 3000
  check_interval: 500
  plot_dynamics: False
  run_name: QQA
--------------------------------------------------
[DEBUG] Starting QQA with n=129, sol_size=100, device=cuda

============================== [LOG] ===============================
[ EPOCH 0 ]
  Best Loss So Far : -18004.0000
  Mean(Loss)       : -56.3107
  Mean(Penalty)    : 103.3528
  BG               : -3.0000
  DIV Value        : 37.0730
  div_param        : 0.2000
====================================================================

============================== [LOG] ===============================
[ EPOCH 500 ]
  Best Loss So Far : -31732.0000
  Mean(Loss)       : -28372.8770
  Mean(Penalty)    : 0.0185
  BG               : -2.4833
  DIV Value        : 64.3549
  div_param        : 0.2000
====================================================================

============================== [LOG] ===============================
[ EPOCH 1000 ]
  Best Loss So Far : -31732.0000
  Mean(Loss)       : -28372.8594
  Mean(Penalty)    : 0.0013
  BG               : -1.9667
  DIV Value        : 64.3575
  div_param        : 0.2000
====================================================================

============================== [LOG] ===============================
[ EPOCH 1500 ]
  Best Loss So Far : -31732.0000
  Mean(Loss)       : -28372.8594
  Mean(Penalty)    : 0.0000
  BG               : -1.4500
  DIV Value        : 64.3577
  div_param        : 0.2000
====================================================================

============================== [LOG] ===============================
[ EPOCH 2000 ]
  Best Loss So Far : -31732.0000
  Mean(Loss)       : -28372.8594
  Mean(Penalty)    : 0.0000
  BG               : -0.9333
  DIV Value        : 64.3577
  div_param        : 0.2000
====================================================================

============================== [LOG] ===============================
[ EPOCH 2500 ]
  Best Loss So Far : -31732.0000
  Mean(Loss)       : -28372.8594
  Mean(Penalty)    : 0.0000
  BG               : -0.4167
  DIV Value        : 64.3577
  div_param        : 0.2000
====================================================================

============================== [LOG] ===============================
[ EPOCH 2999 ]
  Best Loss So Far : -31732.0000
  Mean(Loss)       : -28372.8594
  Mean(Penalty)    : 0.0000
  BG               : 0.0990
  DIV Value        : 64.3577
  div_param        : 0.2000
====================================================================

============================== [FINAL] ==============================
FINAL BEST LOSS : -31732.0000
RUNTIME         : 5.76 s
====================================================================
sol_size:100, lr:1.0, temp:0.001, min_bg:-3.0, max_bg:0.1, curve_rate:4.0, div_param:0.2
[DEBUG] x_batch shape: torch.Size([100, 129]), dtype: torch.float32, device: cuda:0
[DEBUG] x_batch range: [0.0000, 1.0000]
[DEBUG] x_round range: [0.0000, 1.0000]
[DEBUG] Best solution index: 87
[DEBUG] Best loss (from rounded): -31732.000000
[DEBUG] QQA reported best_obj: -31732.000000
[DEBUG] spins_tensor range: [-1.0000, 1.0000]
[DEBUG] Unique spin values: [-1.0, 1.0]
[DEBUG] Final energy: -31732.000000
QQA finished. Best energy: -31732.000000
Best objective (QQA loss): -31732.000000
Runtime reported by QQA: 5.7625s
Total wall-clock time: 5.7642s
Results saved to: results/barabasi_albert_10ins_m20/QQA/ba_128_1_7.csv
Energy: -31732.000000
Time: 5.7642s
----------------------------------------
Processing instance: ba_128_1_8.txt
  Seed 1/1 (seed=42)
Initialized QQA solver (QQA). Results will be saved under 'QQA'.
Parameters:
  instance_name: ba_128_1_8.txt
  dataset: barabasi_albert_10ins_m20
  random_seed: 42
  device: cuda
  sol_size: 100
  learning_rate: 1.0
  temp: 0.001
  min_bg: -3.0
  max_bg: 0.1
  curve_rate: 4.0
  div_param: 0.2
  num_epochs: 3000
  check_interval: 500
  plot_dynamics: False
  run_name: QQA
--------------------------------------------------
[DEBUG] Starting QQA with n=129, sol_size=100, device=cuda

============================== [LOG] ===============================
[ EPOCH 0 ]
  Best Loss So Far : -11737.0000
  Mean(Loss)       : 151.8527
  Mean(Penalty)    : 103.3528
  BG               : -3.0000
  DIV Value        : 37.0730
  div_param        : 0.2000
====================================================================

============================== [LOG] ===============================
[ EPOCH 500 ]
  Best Loss So Far : -32215.0000
  Mean(Loss)       : -28146.2109
  Mean(Penalty)    : 0.0215
  BG               : -2.4833
  DIV Value        : 64.4645
  div_param        : 0.2000
====================================================================

============================== [LOG] ===============================
[ EPOCH 1000 ]
  Best Loss So Far : -32215.0000
  Mean(Loss)       : -28152.3008
  Mean(Penalty)    : 0.0000
  BG               : -1.9667
  DIV Value        : 64.4650
  div_param        : 0.2000
====================================================================

============================== [LOG] ===============================
[ EPOCH 1500 ]
  Best Loss So Far : -32215.0000
  Mean(Loss)       : -28152.3008
  Mean(Penalty)    : 0.0000
  BG               : -1.4500
  DIV Value        : 64.4650
  div_param        : 0.2000
====================================================================

============================== [LOG] ===============================
[ EPOCH 2000 ]
  Best Loss So Far : -32215.0000
  Mean(Loss)       : -28152.3008
  Mean(Penalty)    : 0.0000
  BG               : -0.9333
  DIV Value        : 64.4650
  div_param        : 0.2000
====================================================================

============================== [LOG] ===============================
[ EPOCH 2500 ]
  Best Loss So Far : -32215.0000
  Mean(Loss)       : -28152.3008
  Mean(Penalty)    : 0.0000
  BG               : -0.4167
  DIV Value        : 64.4650
  div_param        : 0.2000
====================================================================

============================== [LOG] ===============================
[ EPOCH 2999 ]
  Best Loss So Far : -32215.0000
  Mean(Loss)       : -28152.3008
  Mean(Penalty)    : 0.0000
  BG               : 0.0990
  DIV Value        : 64.4650
  div_param        : 0.2000
====================================================================

============================== [FINAL] ==============================
FINAL BEST LOSS : -32215.0000
RUNTIME         : 5.75 s
====================================================================
sol_size:100, lr:1.0, temp:0.001, min_bg:-3.0, max_bg:0.1, curve_rate:4.0, div_param:0.2
[DEBUG] x_batch shape: torch.Size([100, 129]), dtype: torch.float32, device: cuda:0
[DEBUG] x_batch range: [0.0000, 1.0000]
[DEBUG] x_round range: [0.0000, 1.0000]
[DEBUG] Best solution index: 3
[DEBUG] Best loss (from rounded): -32215.000000
[DEBUG] QQA reported best_obj: -32215.000000
[DEBUG] spins_tensor range: [-1.0000, 1.0000]
[DEBUG] Unique spin values: [-1.0, 1.0]
[DEBUG] Final energy: -32215.000000
QQA finished. Best energy: -32215.000000
Best objective (QQA loss): -32215.000000
Runtime reported by QQA: 5.7520s
Total wall-clock time: 5.7537s
Results saved to: results/barabasi_albert_10ins_m20/QQA/ba_128_1_8.csv
Energy: -32215.000000
Time: 5.7537s
----------------------------------------
Processing instance: ba_128_1_9.txt
  Seed 1/1 (seed=42)
Initialized QQA solver (QQA). Results will be saved under 'QQA'.
Parameters:
  instance_name: ba_128_1_9.txt
  dataset: barabasi_albert_10ins_m20
  random_seed: 42
  device: cuda
  sol_size: 100
  learning_rate: 1.0
  temp: 0.001
  min_bg: -3.0
  max_bg: 0.1
  curve_rate: 4.0
  div_param: 0.2
  num_epochs: 3000
  check_interval: 500
  plot_dynamics: False
  run_name: QQA
--------------------------------------------------
[DEBUG] Starting QQA with n=129, sol_size=100, device=cuda

============================== [LOG] ===============================
[ EPOCH 0 ]
  Best Loss So Far : -14260.0000
  Mean(Loss)       : 102.4251
  Mean(Penalty)    : 103.3528
  BG               : -3.0000
  DIV Value        : 37.0730
  div_param        : 0.2000
====================================================================

============================== [LOG] ===============================
[ EPOCH 500 ]
  Best Loss So Far : -31244.0000
  Mean(Loss)       : -28665.2773
  Mean(Penalty)    : 0.0424
  BG               : -2.4833
  DIV Value        : 64.5880
  div_param        : 0.2000
====================================================================

============================== [LOG] ===============================
[ EPOCH 1000 ]
  Best Loss So Far : -31244.0000
  Mean(Loss)       : -28671.8398
  Mean(Penalty)    : 0.0000
  BG               : -1.9667
  DIV Value        : 64.5913
  div_param        : 0.2000
====================================================================

============================== [LOG] ===============================
[ EPOCH 1500 ]
  Best Loss So Far : -31244.0000
  Mean(Loss)       : -28671.8398
  Mean(Penalty)    : 0.0000
  BG               : -1.4500
  DIV Value        : 64.5913
  div_param        : 0.2000
====================================================================

============================== [LOG] ===============================
[ EPOCH 2000 ]
  Best Loss So Far : -31244.0000
  Mean(Loss)       : -28671.8398
  Mean(Penalty)    : 0.0000
  BG               : -0.9333
  DIV Value        : 64.5913
  div_param        : 0.2000
====================================================================

============================== [LOG] ===============================
[ EPOCH 2500 ]
  Best Loss So Far : -31244.0000
  Mean(Loss)       : -28671.8398
  Mean(Penalty)    : 0.0000
  BG               : -0.4167
  DIV Value        : 64.5913
  div_param        : 0.2000
====================================================================

============================== [LOG] ===============================
[ EPOCH 2999 ]
  Best Loss So Far : -31244.0000
  Mean(Loss)       : -28671.8398
  Mean(Penalty)    : 0.0000
  BG               : 0.0990
  DIV Value        : 64.5913
  div_param        : 0.2000
====================================================================

============================== [FINAL] ==============================
FINAL BEST LOSS : -31244.0000
RUNTIME         : 5.76 s
====================================================================
sol_size:100, lr:1.0, temp:0.001, min_bg:-3.0, max_bg:0.1, curve_rate:4.0, div_param:0.2
[DEBUG] x_batch shape: torch.Size([100, 129]), dtype: torch.float32, device: cuda:0
[DEBUG] x_batch range: [0.0000, 1.0000]
[DEBUG] x_round range: [0.0000, 1.0000]
[DEBUG] Best solution index: 81
[DEBUG] Best loss (from rounded): -31244.000000
[DEBUG] QQA reported best_obj: -31244.000000
[DEBUG] spins_tensor range: [-1.0000, 1.0000]
[DEBUG] Unique spin values: [-1.0, 1.0]
[DEBUG] Final energy: -31244.000000
QQA finished. Best energy: -31244.000000
Best objective (QQA loss): -31244.000000
Runtime reported by QQA: 5.7595s
Total wall-clock time: 5.7611s
Results saved to: results/barabasi_albert_10ins_m20/QQA/ba_128_1_9.csv
Energy: -31244.000000
Time: 5.7611s
----------------------------------------
Processing instance: ba_131072_1_0.txt
  Seed 1/1 (seed=42)
Initialized QQA solver (QQA). Results will be saved under 'QQA'.
Parameters:
  instance_name: ba_131072_1_0.txt
  dataset: barabasi_albert_10ins_m20
  random_seed: 42
  device: cuda
  sol_size: 100
  learning_rate: 1.0
  temp: 0.001
  min_bg: -3.0
  max_bg: 0.1
  curve_rate: 4.0
  div_param: 0.2
  num_epochs: 3000
  check_interval: 500
  plot_dynamics: False
  run_name: QQA
--------------------------------------------------
[DEBUG] Starting QQA with n=131073, sol_size=100, device=cuda

============================== [LOG] ===============================
[ EPOCH 0 ]
  Best Loss So Far : -2878882.0000
  Mean(Loss)       : 1754.9537
  Mean(Penalty)    : 104884.7188
  BG               : -3.0000
  DIV Value        : 37786.7305
  div_param        : 0.2000
====================================================================

============================== [LOG] ===============================
[ EPOCH 500 ]
  Best Loss So Far : -30965364.0000
  Mean(Loss)       : -30767514.0000
  Mean(Penalty)    : 42.7847
  BG               : -2.4833
  DIV Value        : 65554.3516
  div_param        : 0.2000
====================================================================

============================== [LOG] ===============================
[ EPOCH 1000 ]
  Best Loss So Far : -30979762.0000
  Mean(Loss)       : -30773936.0000
  Mean(Penalty)    : 4.4576
  BG               : -1.9667
  DIV Value        : 65560.5781
  div_param        : 0.2000
====================================================================

============================== [LOG] ===============================
[ EPOCH 1500 ]
  Best Loss So Far : -30980496.0000
  Mean(Loss)       : -30774090.0000
  Mean(Penalty)    : 0.2619
  BG               : -1.4500
  DIV Value        : 65561.1562
  div_param        : 0.2000
====================================================================

============================== [LOG] ===============================
[ EPOCH 2000 ]
  Best Loss So Far : -30980496.0000
  Mean(Loss)       : -30774090.0000
  Mean(Penalty)    : 0.0082
  BG               : -0.9333
  DIV Value        : 65561.1953
  div_param        : 0.2000
====================================================================

============================== [LOG] ===============================
[ EPOCH 2500 ]
  Best Loss So Far : -30980496.0000
  Mean(Loss)       : -30774090.0000
  Mean(Penalty)    : 0.0000
  BG               : -0.4167
  DIV Value        : 65561.1953
  div_param        : 0.2000
====================================================================

============================== [LOG] ===============================
[ EPOCH 2999 ]
  Best Loss So Far : -30980496.0000
  Mean(Loss)       : -30774090.0000
  Mean(Penalty)    : 0.0000
  BG               : 0.0990
  DIV Value        : 65561.1953
  div_param        : 0.2000
====================================================================

============================== [FINAL] ==============================
FINAL BEST LOSS : -30980496.0000
RUNTIME         : 86.01 s
====================================================================
sol_size:100, lr:1.0, temp:0.001, min_bg:-3.0, max_bg:0.1, curve_rate:4.0, div_param:0.2
[DEBUG] x_batch shape: torch.Size([100, 131073]), dtype: torch.float32, device: cuda:0
[DEBUG] x_batch range: [0.0000, 1.0000]
[DEBUG] x_round range: [0.0000, 1.0000]
[DEBUG] Best solution index: 7
[DEBUG] Best loss (from rounded): -30980496.000000
[DEBUG] QQA reported best_obj: -30980496.000000
[DEBUG] spins_tensor range: [-1.0000, 1.0000]
[DEBUG] Unique spin values: [-1.0, 1.0]
[DEBUG] Final energy: -30980492.000000
QQA finished. Best energy: -30980492.000000
Best objective (QQA loss): -30980496.000000
Runtime reported by QQA: 86.0064s
Total wall-clock time: 86.1330s
Results saved to: results/barabasi_albert_10ins_m20/QQA/ba_131072_1_0.csv
Energy: -30980492.000000
Time: 86.1330s
----------------------------------------
Processing instance: ba_131072_1_1.txt
  Seed 1/1 (seed=42)
Initialized QQA solver (QQA). Results will be saved under 'QQA'.
Parameters:
  instance_name: ba_131072_1_1.txt
  dataset: barabasi_albert_10ins_m20
  random_seed: 42
  device: cuda
  sol_size: 100
  learning_rate: 1.0
  temp: 0.001
  min_bg: -3.0
  max_bg: 0.1
  curve_rate: 4.0
  div_param: 0.2
  num_epochs: 3000
  check_interval: 500
  plot_dynamics: False
  run_name: QQA
--------------------------------------------------
[DEBUG] Starting QQA with n=131073, sol_size=100, device=cuda

============================== [LOG] ===============================
[ EPOCH 0 ]
  Best Loss So Far : -2778655.0000
  Mean(Loss)       : -4355.8936
  Mean(Penalty)    : 104884.7188
  BG               : -3.0000
  DIV Value        : 37786.7305
  div_param        : 0.2000
====================================================================

============================== [LOG] ===============================
[ EPOCH 500 ]
  Best Loss So Far : -30889264.0000
  Mean(Loss)       : -30730406.0000
  Mean(Penalty)    : 42.8273
  BG               : -2.4833
  DIV Value        : 65559.5078
  div_param        : 0.2000
====================================================================

============================== [LOG] ===============================
[ EPOCH 1000 ]
  Best Loss So Far : -30891522.0000
  Mean(Loss)       : -30737214.0000
  Mean(Penalty)    : 4.4067
  BG               : -1.9667
  DIV Value        : 65565.7656
  div_param        : 0.2000
====================================================================

============================== [LOG] ===============================
[ EPOCH 1500 ]
  Best Loss So Far : -30891522.0000
  Mean(Loss)       : -30737260.0000
  Mean(Penalty)    : 0.2961
  BG               : -1.4500
  DIV Value        : 65566.3438
  div_param        : 0.2000
====================================================================

============================== [LOG] ===============================
[ EPOCH 2000 ]
  Best Loss So Far : -30891522.0000
  Mean(Loss)       : -30737262.0000
  Mean(Penalty)    : 0.0105
  BG               : -0.9333
  DIV Value        : 65566.3828
  div_param        : 0.2000
====================================================================

============================== [LOG] ===============================
[ EPOCH 2500 ]
  Best Loss So Far : -30891522.0000
  Mean(Loss)       : -30737262.0000
  Mean(Penalty)    : 0.0000
  BG               : -0.4167
  DIV Value        : 65566.3828
  div_param        : 0.2000
====================================================================

============================== [LOG] ===============================
[ EPOCH 2999 ]
  Best Loss So Far : -30891522.0000
  Mean(Loss)       : -30737262.0000
  Mean(Penalty)    : 0.0000
  BG               : 0.0990
  DIV Value        : 65566.3828
  div_param        : 0.2000
====================================================================

============================== [FINAL] ==============================
FINAL BEST LOSS : -30891522.0000
RUNTIME         : 86.52 s
====================================================================
sol_size:100, lr:1.0, temp:0.001, min_bg:-3.0, max_bg:0.1, curve_rate:4.0, div_param:0.2
[DEBUG] x_batch shape: torch.Size([100, 131073]), dtype: torch.float32, device: cuda:0
[DEBUG] x_batch range: [0.0000, 1.0000]
[DEBUG] x_round range: [0.0000, 1.0000]
[DEBUG] Best solution index: 63
[DEBUG] Best loss (from rounded): -30891522.000000
[DEBUG] QQA reported best_obj: -30891522.000000
[DEBUG] spins_tensor range: [-1.0000, 1.0000]
[DEBUG] Unique spin values: [-1.0, 1.0]
[DEBUG] Final energy: -30891522.000000
QQA finished. Best energy: -30891522.000000
Best objective (QQA loss): -30891522.000000
Runtime reported by QQA: 86.5206s
Total wall-clock time: 86.6351s
Results saved to: results/barabasi_albert_10ins_m20/QQA/ba_131072_1_1.csv
Energy: -30891522.000000
Time: 86.6351s
----------------------------------------
Processing instance: ba_131072_1_2.txt
  Seed 1/1 (seed=42)
Initialized QQA solver (QQA). Results will be saved under 'QQA'.
Parameters:
  instance_name: ba_131072_1_2.txt
  dataset: barabasi_albert_10ins_m20
  random_seed: 42
  device: cuda
  sol_size: 100
  learning_rate: 1.0
  temp: 0.001
  min_bg: -3.0
  max_bg: 0.1
  curve_rate: 4.0
  div_param: 0.2
  num_epochs: 3000
  check_interval: 500
  plot_dynamics: False
  run_name: QQA
--------------------------------------------------
[DEBUG] Starting QQA with n=131073, sol_size=100, device=cuda

============================== [LOG] ===============================
[ EPOCH 0 ]
  Best Loss So Far : -3059864.0000
  Mean(Loss)       : 2413.9600
  Mean(Penalty)    : 104884.7188
  BG               : -3.0000
  DIV Value        : 37786.7305
  div_param        : 0.2000
====================================================================

============================== [LOG] ===============================
[ EPOCH 500 ]
  Best Loss So Far : -30994074.0000
  Mean(Loss)       : -30774336.0000
  Mean(Penalty)    : 43.2544
  BG               : -2.4833
  DIV Value        : 65568.4375
  div_param        : 0.2000
====================================================================

============================== [LOG] ===============================
[ EPOCH 1000 ]
  Best Loss So Far : -30997780.0000
  Mean(Loss)       : -30781368.0000
  Mean(Penalty)    : 4.4977
  BG               : -1.9667
  DIV Value        : 65574.8125
  div_param        : 0.2000
====================================================================

============================== [LOG] ===============================
[ EPOCH 1500 ]
  Best Loss So Far : -30997780.0000
  Mean(Loss)       : -30781470.0000
  Mean(Penalty)    : 0.2287
  BG               : -1.4500
  DIV Value        : 65575.4219
  div_param        : 0.2000
====================================================================

============================== [LOG] ===============================
[ EPOCH 2000 ]
  Best Loss So Far : -30997780.0000
  Mean(Loss)       : -30781470.0000
  Mean(Penalty)    : 0.0059
  BG               : -0.9333
  DIV Value        : 65575.4531
  div_param        : 0.2000
====================================================================

============================== [LOG] ===============================
[ EPOCH 2500 ]
  Best Loss So Far : -30997780.0000
  Mean(Loss)       : -30781470.0000
  Mean(Penalty)    : 0.0000
  BG               : -0.4167
  DIV Value        : 65575.4531
  div_param        : 0.2000
====================================================================

============================== [LOG] ===============================
[ EPOCH 2999 ]
  Best Loss So Far : -30997780.0000
  Mean(Loss)       : -30781470.0000
  Mean(Penalty)    : 0.0000
  BG               : 0.0990
  DIV Value        : 65575.4531
  div_param        : 0.2000
====================================================================

============================== [FINAL] ==============================
FINAL BEST LOSS : -30997780.0000
RUNTIME         : 86.43 s
====================================================================
sol_size:100, lr:1.0, temp:0.001, min_bg:-3.0, max_bg:0.1, curve_rate:4.0, div_param:0.2
[DEBUG] x_batch shape: torch.Size([100, 131073]), dtype: torch.float32, device: cuda:0
[DEBUG] x_batch range: [0.0000, 1.0000]
[DEBUG] x_round range: [0.0000, 1.0000]
[DEBUG] Best solution index: 17
[DEBUG] Best loss (from rounded): -30997780.000000
[DEBUG] QQA reported best_obj: -30997780.000000
[DEBUG] spins_tensor range: [-1.0000, 1.0000]
[DEBUG] Unique spin values: [-1.0, 1.0]
[DEBUG] Final energy: -30997780.000000
QQA finished. Best energy: -30997780.000000
Best objective (QQA loss): -30997780.000000
Runtime reported by QQA: 86.4256s
Total wall-clock time: 86.5488s
Results saved to: results/barabasi_albert_10ins_m20/QQA/ba_131072_1_2.csv
Energy: -30997780.000000
Time: 86.5488s
----------------------------------------
Processing instance: ba_131072_1_3.txt
  Seed 1/1 (seed=42)
Initialized QQA solver (QQA). Results will be saved under 'QQA'.
Parameters:
  instance_name: ba_131072_1_3.txt
  dataset: barabasi_albert_10ins_m20
  random_seed: 42
  device: cuda
  sol_size: 100
  learning_rate: 1.0
  temp: 0.001
  min_bg: -3.0
  max_bg: 0.1
  curve_rate: 4.0
  div_param: 0.2
  num_epochs: 3000
  check_interval: 500
  plot_dynamics: False
  run_name: QQA
--------------------------------------------------
[DEBUG] Starting QQA with n=131073, sol_size=100, device=cuda

============================== [LOG] ===============================
[ EPOCH 0 ]
  Best Loss So Far : -2866356.0000
  Mean(Loss)       : 1242.1525
  Mean(Penalty)    : 104884.7188
  BG               : -3.0000
  DIV Value        : 37786.7305
  div_param        : 0.2000
====================================================================

============================== [LOG] ===============================
[ EPOCH 500 ]
  Best Loss So Far : -30935282.0000
  Mean(Loss)       : -30736126.0000
  Mean(Penalty)    : 43.0667
  BG               : -2.4833
  DIV Value        : 65550.1094
  div_param        : 0.2000
====================================================================

============================== [LOG] ===============================
[ EPOCH 1000 ]
  Best Loss So Far : -30944408.0000
  Mean(Loss)       : -30742690.0000
  Mean(Penalty)    : 4.3384
  BG               : -1.9667
  DIV Value        : 65556.3750
  div_param        : 0.2000
====================================================================

============================== [LOG] ===============================
[ EPOCH 1500 ]
  Best Loss So Far : -30944408.0000
  Mean(Loss)       : -30742702.0000
  Mean(Penalty)    : 0.2848
  BG               : -1.4500
  DIV Value        : 65556.9688
  div_param        : 0.2000
====================================================================

============================== [LOG] ===============================
[ EPOCH 2000 ]
  Best Loss So Far : -30944408.0000
  Mean(Loss)       : -30742702.0000
  Mean(Penalty)    : 0.0057
  BG               : -0.9333
  DIV Value        : 65557.0078
  div_param        : 0.2000
====================================================================

============================== [LOG] ===============================
[ EPOCH 2500 ]
  Best Loss So Far : -30944408.0000
  Mean(Loss)       : -30742702.0000
  Mean(Penalty)    : 0.0000
  BG               : -0.4167
  DIV Value        : 65557.0078
  div_param        : 0.2000
====================================================================

============================== [LOG] ===============================
[ EPOCH 2999 ]
  Best Loss So Far : -30944408.0000
  Mean(Loss)       : -30742702.0000
  Mean(Penalty)    : 0.0000
  BG               : 0.0990
  DIV Value        : 65557.0078
  div_param        : 0.2000
====================================================================

============================== [FINAL] ==============================
FINAL BEST LOSS : -30944408.0000
RUNTIME         : 86.42 s
====================================================================
sol_size:100, lr:1.0, temp:0.001, min_bg:-3.0, max_bg:0.1, curve_rate:4.0, div_param:0.2
[DEBUG] x_batch shape: torch.Size([100, 131073]), dtype: torch.float32, device: cuda:0
[DEBUG] x_batch range: [0.0000, 1.0000]
[DEBUG] x_round range: [0.0000, 1.0000]
[DEBUG] Best solution index: 34
[DEBUG] Best loss (from rounded): -30944408.000000
[DEBUG] QQA reported best_obj: -30944408.000000
[DEBUG] spins_tensor range: [-1.0000, 1.0000]
[DEBUG] Unique spin values: [-1.0, 1.0]
[DEBUG] Final energy: -30944410.000000
QQA finished. Best energy: -30944410.000000
Best objective (QQA loss): -30944408.000000
Runtime reported by QQA: 86.4169s
Total wall-clock time: 86.5307s
Results saved to: results/barabasi_albert_10ins_m20/QQA/ba_131072_1_3.csv
Energy: -30944410.000000
Time: 86.5307s
----------------------------------------
Processing instance: ba_131072_1_4.txt
  Seed 1/1 (seed=42)
Initialized QQA solver (QQA). Results will be saved under 'QQA'.
Parameters:
  instance_name: ba_131072_1_4.txt
  dataset: barabasi_albert_10ins_m20
  random_seed: 42
  device: cuda
  sol_size: 100
  learning_rate: 1.0
  temp: 0.001
  min_bg: -3.0
  max_bg: 0.1
  curve_rate: 4.0
  div_param: 0.2
  num_epochs: 3000
  check_interval: 500
  plot_dynamics: False
  run_name: QQA
--------------------------------------------------
[DEBUG] Starting QQA with n=131073, sol_size=100, device=cuda

============================== [LOG] ===============================
[ EPOCH 0 ]
  Best Loss So Far : -2893344.0000
  Mean(Loss)       : 2669.0566
  Mean(Penalty)    : 104884.7188
  BG               : -3.0000
  DIV Value        : 37786.7305
  div_param        : 0.2000
====================================================================

============================== [LOG] ===============================
[ EPOCH 500 ]
  Best Loss So Far : -30945744.0000
  Mean(Loss)       : -30757352.0000
  Mean(Penalty)    : 43.6810
  BG               : -2.4833
  DIV Value        : 65574.8750
  div_param        : 0.2000
====================================================================

============================== [LOG] ===============================
[ EPOCH 1000 ]
  Best Loss So Far : -30951004.0000
  Mean(Loss)       : -30764132.0000
  Mean(Penalty)    : 4.5899
  BG               : -1.9667
  DIV Value        : 65581.0156
  div_param        : 0.2000
====================================================================

============================== [LOG] ===============================
[ EPOCH 1500 ]
  Best Loss So Far : -30951004.0000
  Mean(Loss)       : -30764172.0000
  Mean(Penalty)    : 0.3047
  BG               : -1.4500
  DIV Value        : 65581.6328
  div_param        : 0.2000
====================================================================

============================== [LOG] ===============================
[ EPOCH 2000 ]
  Best Loss So Far : -30951004.0000
  Mean(Loss)       : -30764168.0000
  Mean(Penalty)    : 0.0112
  BG               : -0.9333
  DIV Value        : 65581.6719
  div_param        : 0.2000
====================================================================

============================== [LOG] ===============================
[ EPOCH 2500 ]
  Best Loss So Far : -30951004.0000
  Mean(Loss)       : -30764168.0000
  Mean(Penalty)    : 0.0000
  BG               : -0.4167
  DIV Value        : 65581.6797
  div_param        : 0.2000
====================================================================

============================== [LOG] ===============================
[ EPOCH 2999 ]
  Best Loss So Far : -30951004.0000
  Mean(Loss)       : -30764168.0000
  Mean(Penalty)    : 0.0000
  BG               : 0.0990
  DIV Value        : 65581.6797
  div_param        : 0.2000
====================================================================

============================== [FINAL] ==============================
FINAL BEST LOSS : -30951004.0000
RUNTIME         : 86.35 s
====================================================================
sol_size:100, lr:1.0, temp:0.001, min_bg:-3.0, max_bg:0.1, curve_rate:4.0, div_param:0.2
[DEBUG] x_batch shape: torch.Size([100, 131073]), dtype: torch.float32, device: cuda:0
[DEBUG] x_batch range: [0.0000, 1.0000]
[DEBUG] x_round range: [0.0000, 1.0000]
[DEBUG] Best solution index: 65
[DEBUG] Best loss (from rounded): -30951004.000000
[DEBUG] QQA reported best_obj: -30951004.000000
[DEBUG] spins_tensor range: [-1.0000, 1.0000]
[DEBUG] Unique spin values: [-1.0, 1.0]
[DEBUG] Final energy: -30951002.000000
QQA finished. Best energy: -30951002.000000
Best objective (QQA loss): -30951004.000000
Runtime reported by QQA: 86.3460s
Total wall-clock time: 86.4502s
Results saved to: results/barabasi_albert_10ins_m20/QQA/ba_131072_1_4.csv
Energy: -30951002.000000
Time: 86.4502s
----------------------------------------
Processing instance: ba_131072_1_5.txt
  Seed 1/1 (seed=42)
Initialized QQA solver (QQA). Results will be saved under 'QQA'.
Parameters:
  instance_name: ba_131072_1_5.txt
  dataset: barabasi_albert_10ins_m20
  random_seed: 42
  device: cuda
  sol_size: 100
  learning_rate: 1.0
  temp: 0.001
  min_bg: -3.0
  max_bg: 0.1
  curve_rate: 4.0
  div_param: 0.2
  num_epochs: 3000
  check_interval: 500
  plot_dynamics: False
  run_name: QQA
--------------------------------------------------
[DEBUG] Starting QQA with n=131073, sol_size=100, device=cuda

============================== [LOG] ===============================
[ EPOCH 0 ]
  Best Loss So Far : -3263230.0000
  Mean(Loss)       : -2392.6963
  Mean(Penalty)    : 104884.7188
  BG               : -3.0000
  DIV Value        : 37786.7305
  div_param        : 0.2000
====================================================================

============================== [LOG] ===============================
[ EPOCH 500 ]
  Best Loss So Far : -31033500.0000
  Mean(Loss)       : -30759408.0000
  Mean(Penalty)    : 43.2624
  BG               : -2.4833
  DIV Value        : 65565.6797
  div_param        : 0.2000
====================================================================

============================== [LOG] ===============================
[ EPOCH 1000 ]
  Best Loss So Far : -31038494.0000
  Mean(Loss)       : -30766042.0000
  Mean(Penalty)    : 4.4204
  BG               : -1.9667
  DIV Value        : 65572.0078
  div_param        : 0.2000
====================================================================

============================== [LOG] ===============================
[ EPOCH 1500 ]
  Best Loss So Far : -31038494.0000
  Mean(Loss)       : -30766054.0000
  Mean(Penalty)    : 0.2779
  BG               : -1.4500
  DIV Value        : 65572.6016
  div_param        : 0.2000
====================================================================

============================== [LOG] ===============================
[ EPOCH 2000 ]
  Best Loss So Far : -31038494.0000
  Mean(Loss)       : -30766054.0000
  Mean(Penalty)    : 0.0113
  BG               : -0.9333
  DIV Value        : 65572.6328
  div_param        : 0.2000
====================================================================

============================== [LOG] ===============================
[ EPOCH 2500 ]
  Best Loss So Far : -31038494.0000
  Mean(Loss)       : -30766054.0000
  Mean(Penalty)    : 0.0000
  BG               : -0.4167
  DIV Value        : 65572.6328
  div_param        : 0.2000
====================================================================

============================== [LOG] ===============================
[ EPOCH 2999 ]
  Best Loss So Far : -31038494.0000
  Mean(Loss)       : -30766054.0000
  Mean(Penalty)    : 0.0000
  BG               : 0.0990
  DIV Value        : 65572.6328
  div_param        : 0.2000
====================================================================

============================== [FINAL] ==============================
FINAL BEST LOSS : -31038494.0000
RUNTIME         : 86.34 s
====================================================================
sol_size:100, lr:1.0, temp:0.001, min_bg:-3.0, max_bg:0.1, curve_rate:4.0, div_param:0.2
[DEBUG] x_batch shape: torch.Size([100, 131073]), dtype: torch.float32, device: cuda:0
[DEBUG] x_batch range: [0.0000, 1.0000]
[DEBUG] x_round range: [0.0000, 1.0000]
[DEBUG] Best solution index: 9
[DEBUG] Best loss (from rounded): -31038494.000000
[DEBUG] QQA reported best_obj: -31038494.000000
[DEBUG] spins_tensor range: [-1.0000, 1.0000]
[DEBUG] Unique spin values: [-1.0, 1.0]
[DEBUG] Final energy: -31038494.000000
QQA finished. Best energy: -31038494.000000
Best objective (QQA loss): -31038494.000000
Runtime reported by QQA: 86.3372s
Total wall-clock time: 86.4410s
Results saved to: results/barabasi_albert_10ins_m20/QQA/ba_131072_1_5.csv
Energy: -31038494.000000
Time: 86.4410s
----------------------------------------
Processing instance: ba_131072_1_6.txt
  Seed 1/1 (seed=42)
Initialized QQA solver (QQA). Results will be saved under 'QQA'.
Parameters:
  instance_name: ba_131072_1_6.txt
  dataset: barabasi_albert_10ins_m20
  random_seed: 42
  device: cuda
  sol_size: 100
  learning_rate: 1.0
  temp: 0.001
  min_bg: -3.0
  max_bg: 0.1
  curve_rate: 4.0
  div_param: 0.2
  num_epochs: 3000
  check_interval: 500
  plot_dynamics: False
  run_name: QQA
--------------------------------------------------
[DEBUG] Starting QQA with n=131073, sol_size=100, device=cuda

============================== [LOG] ===============================
[ EPOCH 0 ]
  Best Loss So Far : -2678981.0000
  Mean(Loss)       : -68.3017
  Mean(Penalty)    : 104884.7188
  BG               : -3.0000
  DIV Value        : 37786.7305
  div_param        : 0.2000
====================================================================

============================== [LOG] ===============================
[ EPOCH 500 ]
  Best Loss So Far : -30915706.0000
  Mean(Loss)       : -30729620.0000
  Mean(Penalty)    : 43.1285
  BG               : -2.4833
  DIV Value        : 65567.8047
  div_param        : 0.2000
====================================================================

============================== [LOG] ===============================
[ EPOCH 1000 ]
  Best Loss So Far : -30917492.0000
  Mean(Loss)       : -30736484.0000
  Mean(Penalty)    : 4.4659
  BG               : -1.9667
  DIV Value        : 65574.0625
  div_param        : 0.2000
====================================================================

============================== [LOG] ===============================
[ EPOCH 1500 ]
  Best Loss So Far : -30917492.0000
  Mean(Loss)       : -30736540.0000
  Mean(Penalty)    : 0.2673
  BG               : -1.4500
  DIV Value        : 65574.6641
  div_param        : 0.2000
====================================================================

============================== [LOG] ===============================
[ EPOCH 2000 ]
  Best Loss So Far : -30917492.0000
  Mean(Loss)       : -30736538.0000
  Mean(Penalty)    : 0.0049
  BG               : -0.9333
  DIV Value        : 65574.6875
  div_param        : 0.2000
====================================================================

============================== [LOG] ===============================
[ EPOCH 2500 ]
  Best Loss So Far : -30917492.0000
  Mean(Loss)       : -30736538.0000
  Mean(Penalty)    : 0.0016
  BG               : -0.4167
  DIV Value        : 65574.6875
  div_param        : 0.2000
====================================================================

============================== [LOG] ===============================
[ EPOCH 2999 ]
  Best Loss So Far : -30917492.0000
  Mean(Loss)       : -30736538.0000
  Mean(Penalty)    : 0.0000
  BG               : 0.0990
  DIV Value        : 65574.6875
  div_param        : 0.2000
====================================================================

============================== [FINAL] ==============================
FINAL BEST LOSS : -30917492.0000
RUNTIME         : 86.30 s
====================================================================
sol_size:100, lr:1.0, temp:0.001, min_bg:-3.0, max_bg:0.1, curve_rate:4.0, div_param:0.2
[DEBUG] x_batch shape: torch.Size([100, 131073]), dtype: torch.float32, device: cuda:0
[DEBUG] x_batch range: [0.0000, 1.0000]
[DEBUG] x_round range: [0.0000, 1.0000]
[DEBUG] Best solution index: 23
[DEBUG] Best loss (from rounded): -30917492.000000
[DEBUG] QQA reported best_obj: -30917492.000000
[DEBUG] spins_tensor range: [-1.0000, 1.0000]
[DEBUG] Unique spin values: [-1.0, 1.0]
[DEBUG] Final energy: -30917492.000000
QQA finished. Best energy: -30917492.000000
Best objective (QQA loss): -30917492.000000
Runtime reported by QQA: 86.2958s
Total wall-clock time: 86.3998s
Results saved to: results/barabasi_albert_10ins_m20/QQA/ba_131072_1_6.csv
Energy: -30917492.000000
Time: 86.3998s
----------------------------------------
Processing instance: ba_131072_1_7.txt
  Seed 1/1 (seed=42)
Initialized QQA solver (QQA). Results will be saved under 'QQA'.
Parameters:
  instance_name: ba_131072_1_7.txt
  dataset: barabasi_albert_10ins_m20
  random_seed: 42
  device: cuda
  sol_size: 100
  learning_rate: 1.0
  temp: 0.001
  min_bg: -3.0
  max_bg: 0.1
  curve_rate: 4.0
  div_param: 0.2
  num_epochs: 3000
  check_interval: 500
  plot_dynamics: False
  run_name: QQA
--------------------------------------------------
[DEBUG] Starting QQA with n=131073, sol_size=100, device=cuda

============================== [LOG] ===============================
[ EPOCH 0 ]
  Best Loss So Far : -3015960.0000
  Mean(Loss)       : 8399.3809
  Mean(Penalty)    : 104884.7188
  BG               : -3.0000
  DIV Value        : 37786.7305
  div_param        : 0.2000
====================================================================

============================== [LOG] ===============================
[ EPOCH 500 ]
  Best Loss So Far : -30936440.0000
  Mean(Loss)       : -30747554.0000
  Mean(Penalty)    : 43.9483
  BG               : -2.4833
  DIV Value        : 65554.2422
  div_param        : 0.2000
====================================================================

============================== [LOG] ===============================
[ EPOCH 1000 ]
  Best Loss So Far : -30944832.0000
  Mean(Loss)       : -30755618.0000
  Mean(Penalty)    : 4.6647
  BG               : -1.9667
  DIV Value        : 65560.4844
  div_param        : 0.2000
====================================================================

============================== [LOG] ===============================
[ EPOCH 1500 ]
  Best Loss So Far : -30944832.0000
  Mean(Loss)       : -30755770.0000
  Mean(Penalty)    : 0.2884
  BG               : -1.4500
  DIV Value        : 65561.1172
  div_param        : 0.2000
====================================================================

============================== [LOG] ===============================
[ EPOCH 2000 ]
  Best Loss So Far : -30944832.0000
  Mean(Loss)       : -30755768.0000
  Mean(Penalty)    : 0.0095
  BG               : -0.9333
  DIV Value        : 65561.1641
  div_param        : 0.2000
====================================================================

============================== [LOG] ===============================
[ EPOCH 2500 ]
  Best Loss So Far : -30944832.0000
  Mean(Loss)       : -30755768.0000
  Mean(Penalty)    : 0.0000
  BG               : -0.4167
  DIV Value        : 65561.1641
  div_param        : 0.2000
====================================================================

============================== [LOG] ===============================
[ EPOCH 2999 ]
  Best Loss So Far : -30944832.0000
  Mean(Loss)       : -30755768.0000
  Mean(Penalty)    : 0.0000
  BG               : 0.0990
  DIV Value        : 65561.1641
  div_param        : 0.2000
====================================================================

============================== [FINAL] ==============================
FINAL BEST LOSS : -30944832.0000
RUNTIME         : 86.37 s
====================================================================
sol_size:100, lr:1.0, temp:0.001, min_bg:-3.0, max_bg:0.1, curve_rate:4.0, div_param:0.2
[DEBUG] x_batch shape: torch.Size([100, 131073]), dtype: torch.float32, device: cuda:0
[DEBUG] x_batch range: [0.0000, 1.0000]
[DEBUG] x_round range: [0.0000, 1.0000]
[DEBUG] Best solution index: 46
[DEBUG] Best loss (from rounded): -30944832.000000
[DEBUG] QQA reported best_obj: -30944832.000000
[DEBUG] spins_tensor range: [-1.0000, 1.0000]
[DEBUG] Unique spin values: [-1.0, 1.0]
[DEBUG] Final energy: -30944832.000000
QQA finished. Best energy: -30944832.000000
Best objective (QQA loss): -30944832.000000
Runtime reported by QQA: 86.3730s
Total wall-clock time: 86.4780s
Results saved to: results/barabasi_albert_10ins_m20/QQA/ba_131072_1_7.csv
Energy: -30944832.000000
Time: 86.4780s
----------------------------------------
Processing instance: ba_131072_1_8.txt
  Seed 1/1 (seed=42)
Initialized QQA solver (QQA). Results will be saved under 'QQA'.
Parameters:
  instance_name: ba_131072_1_8.txt
  dataset: barabasi_albert_10ins_m20
  random_seed: 42
  device: cuda
  sol_size: 100
  learning_rate: 1.0
  temp: 0.001
  min_bg: -3.0
  max_bg: 0.1
  curve_rate: 4.0
  div_param: 0.2
  num_epochs: 3000
  check_interval: 500
  plot_dynamics: False
  run_name: QQA
--------------------------------------------------
[DEBUG] Starting QQA with n=131073, sol_size=100, device=cuda

============================== [LOG] ===============================
[ EPOCH 0 ]
  Best Loss So Far : -2758737.0000
  Mean(Loss)       : -5623.9702
  Mean(Penalty)    : 104884.7188
  BG               : -3.0000
  DIV Value        : 37786.7305
  div_param        : 0.2000
====================================================================

============================== [LOG] ===============================
[ EPOCH 500 ]
  Best Loss So Far : -30988508.0000
  Mean(Loss)       : -30760926.0000
  Mean(Penalty)    : 43.6759
  BG               : -2.4833
  DIV Value        : 65546.5156
  div_param        : 0.2000
====================================================================

============================== [LOG] ===============================
[ EPOCH 1000 ]
  Best Loss So Far : -31002480.0000
  Mean(Loss)       : -30767842.0000
  Mean(Penalty)    : 4.4948
  BG               : -1.9667
  DIV Value        : 65552.8047
  div_param        : 0.2000
====================================================================

============================== [LOG] ===============================
[ EPOCH 1500 ]
  Best Loss So Far : -31002480.0000
  Mean(Loss)       : -30767960.0000
  Mean(Penalty)    : 0.2938
  BG               : -1.4500
  DIV Value        : 65553.3984
  div_param        : 0.2000
====================================================================

============================== [LOG] ===============================
[ EPOCH 2000 ]
  Best Loss So Far : -31002480.0000
  Mean(Loss)       : -30767960.0000
  Mean(Penalty)    : 0.0027
  BG               : -0.9333
  DIV Value        : 65553.4375
  div_param        : 0.2000
====================================================================

============================== [LOG] ===============================
[ EPOCH 2500 ]
  Best Loss So Far : -31002480.0000
  Mean(Loss)       : -30767960.0000
  Mean(Penalty)    : 0.0000
  BG               : -0.4167
  DIV Value        : 65553.4375
  div_param        : 0.2000
====================================================================

============================== [LOG] ===============================
[ EPOCH 2999 ]
  Best Loss So Far : -31002480.0000
  Mean(Loss)       : -30767960.0000
  Mean(Penalty)    : 0.0000
  BG               : 0.0990
  DIV Value        : 65553.4375
  div_param        : 0.2000
====================================================================

============================== [FINAL] ==============================
FINAL BEST LOSS : -31002480.0000
RUNTIME         : 86.42 s
====================================================================
sol_size:100, lr:1.0, temp:0.001, min_bg:-3.0, max_bg:0.1, curve_rate:4.0, div_param:0.2
[DEBUG] x_batch shape: torch.Size([100, 131073]), dtype: torch.float32, device: cuda:0
[DEBUG] x_batch range: [0.0000, 1.0000]
[DEBUG] x_round range: [0.0000, 1.0000]
[DEBUG] Best solution index: 7
[DEBUG] Best loss (from rounded): -31002480.000000
[DEBUG] QQA reported best_obj: -31002480.000000
[DEBUG] spins_tensor range: [-1.0000, 1.0000]
[DEBUG] Unique spin values: [-1.0, 1.0]
[DEBUG] Final energy: -31002480.000000
QQA finished. Best energy: -31002480.000000
Best objective (QQA loss): -31002480.000000
Runtime reported by QQA: 86.4218s
Total wall-clock time: 86.5127s
Results saved to: results/barabasi_albert_10ins_m20/QQA/ba_131072_1_8.csv
Energy: -31002480.000000
Time: 86.5127s
----------------------------------------
Processing instance: ba_131072_1_9.txt
  Seed 1/1 (seed=42)
Initialized QQA solver (QQA). Results will be saved under 'QQA'.
Parameters:
  instance_name: ba_131072_1_9.txt
  dataset: barabasi_albert_10ins_m20
  random_seed: 42
  device: cuda
  sol_size: 100
  learning_rate: 1.0
  temp: 0.001
  min_bg: -3.0
  max_bg: 0.1
  curve_rate: 4.0
  div_param: 0.2
  num_epochs: 3000
  check_interval: 500
  plot_dynamics: False
  run_name: QQA
--------------------------------------------------
[DEBUG] Starting QQA with n=131073, sol_size=100, device=cuda

============================== [LOG] ===============================
[ EPOCH 0 ]
  Best Loss So Far : -3231981.0000
  Mean(Loss)       : -2050.1155
  Mean(Penalty)    : 104884.7188
  BG               : -3.0000
  DIV Value        : 37786.7305
  div_param        : 0.2000
====================================================================

============================== [LOG] ===============================
[ EPOCH 500 ]
  Best Loss So Far : -30887748.0000
  Mean(Loss)       : -30737350.0000
  Mean(Penalty)    : 42.6253
  BG               : -2.4833
  DIV Value        : 65564.6250
  div_param        : 0.2000
====================================================================

============================== [LOG] ===============================
[ EPOCH 1000 ]
  Best Loss So Far : -30891492.0000
  Mean(Loss)       : -30744872.0000
  Mean(Penalty)    : 4.5594
  BG               : -1.9667
  DIV Value        : 65570.6875
  div_param        : 0.2000
====================================================================

============================== [LOG] ===============================
[ EPOCH 1500 ]
  Best Loss So Far : -30891492.0000
  Mean(Loss)       : -30744978.0000
  Mean(Penalty)    : 0.2528
  BG               : -1.4500
  DIV Value        : 65571.2891
  div_param        : 0.2000
====================================================================

============================== [LOG] ===============================
[ EPOCH 2000 ]
  Best Loss So Far : -30891492.0000
  Mean(Loss)       : -30744978.0000
  Mean(Penalty)    : 0.0087
  BG               : -0.9333
  DIV Value        : 65571.3203
  div_param        : 0.2000
====================================================================

============================== [LOG] ===============================
[ EPOCH 2500 ]
  Best Loss So Far : -30891492.0000
  Mean(Loss)       : -30744978.0000
  Mean(Penalty)    : 0.0000
  BG               : -0.4167
  DIV Value        : 65571.3203
  div_param        : 0.2000
====================================================================

============================== [LOG] ===============================
[ EPOCH 2999 ]
  Best Loss So Far : -30891492.0000
  Mean(Loss)       : -30744978.0000
  Mean(Penalty)    : 0.0000
  BG               : 0.0990
  DIV Value        : 65571.3203
  div_param        : 0.2000
====================================================================

============================== [FINAL] ==============================
FINAL BEST LOSS : -30891492.0000
RUNTIME         : 86.42 s
====================================================================
sol_size:100, lr:1.0, temp:0.001, min_bg:-3.0, max_bg:0.1, curve_rate:4.0, div_param:0.2
[DEBUG] x_batch shape: torch.Size([100, 131073]), dtype: torch.float32, device: cuda:0
[DEBUG] x_batch range: [0.0000, 1.0000]
[DEBUG] x_round range: [0.0000, 1.0000]
[DEBUG] Best solution index: 34
[DEBUG] Best loss (from rounded): -30891492.000000
[DEBUG] QQA reported best_obj: -30891492.000000
[DEBUG] spins_tensor range: [-1.0000, 1.0000]
[DEBUG] Unique spin values: [-1.0, 1.0]
[DEBUG] Final energy: -30891492.000000
QQA finished. Best energy: -30891492.000000
Best objective (QQA loss): -30891492.000000
Runtime reported by QQA: 86.4240s
Total wall-clock time: 86.5144s
Results saved to: results/barabasi_albert_10ins_m20/QQA/ba_131072_1_9.csv
Energy: -30891492.000000
Time: 86.5144s
----------------------------------------
Processing instance: ba_16384_1_0.txt
  Seed 1/1 (seed=42)
Initialized QQA solver (QQA). Results will be saved under 'QQA'.
Parameters:
  instance_name: ba_16384_1_0.txt
  dataset: barabasi_albert_10ins_m20
  random_seed: 42
  device: cuda
  sol_size: 100
  learning_rate: 1.0
  temp: 0.001
  min_bg: -3.0
  max_bg: 0.1
  curve_rate: 4.0
  div_param: 0.2
  num_epochs: 3000
  check_interval: 500
  plot_dynamics: False
  run_name: QQA
--------------------------------------------------
[DEBUG] Starting QQA with n=16385, sol_size=100, device=cuda

============================== [LOG] ===============================
[ EPOCH 0 ]
  Best Loss So Far : -481014.0000
  Mean(Loss)       : 322.7454
  Mean(Penalty)    : 13115.8828
  BG               : -3.0000
  DIV Value        : 4721.2388
  div_param        : 0.2000
====================================================================

============================== [LOG] ===============================
[ EPOCH 500 ]
  Best Loss So Far : -3914012.0000
  Mean(Loss)       : -3847637.7500
  Mean(Penalty)    : 5.7321
  BG               : -2.4833
  DIV Value        : 8196.1357
  div_param        : 0.2000
====================================================================

============================== [LOG] ===============================
[ EPOCH 1000 ]
  Best Loss So Far : -3914846.0000
  Mean(Loss)       : -3848445.5000
  Mean(Penalty)    : 0.5308
  BG               : -1.9667
  DIV Value        : 8196.9883
  div_param        : 0.2000
====================================================================

============================== [LOG] ===============================
[ EPOCH 1500 ]
  Best Loss So Far : -3914846.0000
  Mean(Loss)       : -3848445.7500
  Mean(Penalty)    : 0.0369
  BG               : -1.4500
  DIV Value        : 8197.0547
  div_param        : 0.2000
====================================================================

============================== [LOG] ===============================
[ EPOCH 2000 ]
  Best Loss So Far : -3914846.0000
  Mean(Loss)       : -3848445.5000
  Mean(Penalty)    : 0.0000
  BG               : -0.9333
  DIV Value        : 8197.0605
  div_param        : 0.2000
====================================================================

============================== [LOG] ===============================
[ EPOCH 2500 ]
  Best Loss So Far : -3914846.0000
  Mean(Loss)       : -3848445.5000
  Mean(Penalty)    : 0.0000
  BG               : -0.4167
  DIV Value        : 8197.0605
  div_param        : 0.2000
====================================================================

============================== [LOG] ===============================
[ EPOCH 2999 ]
  Best Loss So Far : -3914846.0000
  Mean(Loss)       : -3848445.5000
  Mean(Penalty)    : 0.0000
  BG               : 0.0990
  DIV Value        : 8197.0605
  div_param        : 0.2000
====================================================================

============================== [FINAL] ==============================
FINAL BEST LOSS : -3914846.0000
RUNTIME         : 11.11 s
====================================================================
sol_size:100, lr:1.0, temp:0.001, min_bg:-3.0, max_bg:0.1, curve_rate:4.0, div_param:0.2
[DEBUG] x_batch shape: torch.Size([100, 16385]), dtype: torch.float32, device: cuda:0
[DEBUG] x_batch range: [0.0000, 1.0000]
[DEBUG] x_round range: [0.0000, 1.0000]
[DEBUG] Best solution index: 0
[DEBUG] Best loss (from rounded): -3914846.000000
[DEBUG] QQA reported best_obj: -3914846.000000
[DEBUG] spins_tensor range: [-1.0000, 1.0000]
[DEBUG] Unique spin values: [-1.0, 1.0]
[DEBUG] Final energy: -3914846.000000
QQA finished. Best energy: -3914846.000000
Best objective (QQA loss): -3914846.000000
Runtime reported by QQA: 11.1107s
Total wall-clock time: 11.1230s
Results saved to: results/barabasi_albert_10ins_m20/QQA/ba_16384_1_0.csv
Energy: -3914846.000000
Time: 11.1230s
----------------------------------------
Processing instance: ba_16384_1_1.txt
  Seed 1/1 (seed=42)
Initialized QQA solver (QQA). Results will be saved under 'QQA'.
Parameters:
  instance_name: ba_16384_1_1.txt
  dataset: barabasi_albert_10ins_m20
  random_seed: 42
  device: cuda
  sol_size: 100
  learning_rate: 1.0
  temp: 0.001
  min_bg: -3.0
  max_bg: 0.1
  curve_rate: 4.0
  div_param: 0.2
  num_epochs: 3000
  check_interval: 500
  plot_dynamics: False
  run_name: QQA
--------------------------------------------------
[DEBUG] Starting QQA with n=16385, sol_size=100, device=cuda

============================== [LOG] ===============================
[ EPOCH 0 ]
  Best Loss So Far : -371442.0000
  Mean(Loss)       : 575.8683
  Mean(Penalty)    : 13115.8828
  BG               : -3.0000
  DIV Value        : 4721.2388
  div_param        : 0.2000
====================================================================

============================== [LOG] ===============================
[ EPOCH 500 ]
  Best Loss So Far : -3903126.0000
  Mean(Loss)       : -3848179.0000
  Mean(Penalty)    : 5.4700
  BG               : -2.4833
  DIV Value        : 8196.9883
  div_param        : 0.2000
====================================================================

============================== [LOG] ===============================
[ EPOCH 1000 ]
  Best Loss So Far : -3903126.0000
  Mean(Loss)       : -3849032.0000
  Mean(Penalty)    : 0.5790
  BG               : -1.9667
  DIV Value        : 8197.7871
  div_param        : 0.2000
====================================================================

============================== [LOG] ===============================
[ EPOCH 1500 ]
  Best Loss So Far : -3903126.0000
  Mean(Loss)       : -3849035.7500
  Mean(Penalty)    : 0.0294
  BG               : -1.4500
  DIV Value        : 8197.8672
  div_param        : 0.2000
====================================================================

============================== [LOG] ===============================
[ EPOCH 2000 ]
  Best Loss So Far : -3903126.0000
  Mean(Loss)       : -3849035.7500
  Mean(Penalty)    : 0.0000
  BG               : -0.9333
  DIV Value        : 8197.8711
  div_param        : 0.2000
====================================================================

============================== [LOG] ===============================
[ EPOCH 2500 ]
  Best Loss So Far : -3903126.0000
  Mean(Loss)       : -3849035.7500
  Mean(Penalty)    : 0.0000
  BG               : -0.4167
  DIV Value        : 8197.8711
  div_param        : 0.2000
====================================================================

============================== [LOG] ===============================
[ EPOCH 2999 ]
  Best Loss So Far : -3903126.0000
  Mean(Loss)       : -3849035.7500
  Mean(Penalty)    : 0.0000
  BG               : 0.0990
  DIV Value        : 8197.8711
  div_param        : 0.2000
====================================================================

============================== [FINAL] ==============================
FINAL BEST LOSS : -3903126.0000
RUNTIME         : 11.13 s
====================================================================
sol_size:100, lr:1.0, temp:0.001, min_bg:-3.0, max_bg:0.1, curve_rate:4.0, div_param:0.2
[DEBUG] x_batch shape: torch.Size([100, 16385]), dtype: torch.float32, device: cuda:0
[DEBUG] x_batch range: [0.0000, 1.0000]
[DEBUG] x_round range: [0.0000, 1.0000]
[DEBUG] Best solution index: 35
[DEBUG] Best loss (from rounded): -3903126.000000
[DEBUG] QQA reported best_obj: -3903126.000000
[DEBUG] spins_tensor range: [-1.0000, 1.0000]
[DEBUG] Unique spin values: [-1.0, 1.0]
[DEBUG] Final energy: -3903126.000000
QQA finished. Best energy: -3903126.000000
Best objective (QQA loss): -3903126.000000
Runtime reported by QQA: 11.1278s
Total wall-clock time: 11.1402s
Results saved to: results/barabasi_albert_10ins_m20/QQA/ba_16384_1_1.csv
Energy: -3903126.000000
Time: 11.1402s
----------------------------------------
Processing instance: ba_16384_1_2.txt
  Seed 1/1 (seed=42)
Initialized QQA solver (QQA). Results will be saved under 'QQA'.
Parameters:
  instance_name: ba_16384_1_2.txt
  dataset: barabasi_albert_10ins_m20
  random_seed: 42
  device: cuda
  sol_size: 100
  learning_rate: 1.0
  temp: 0.001
  min_bg: -3.0
  max_bg: 0.1
  curve_rate: 4.0
  div_param: 0.2
  num_epochs: 3000
  check_interval: 500
  plot_dynamics: False
  run_name: QQA
--------------------------------------------------
[DEBUG] Starting QQA with n=16385, sol_size=100, device=cuda

============================== [LOG] ===============================
[ EPOCH 0 ]
  Best Loss So Far : -494960.0000
  Mean(Loss)       : -726.8307
  Mean(Penalty)    : 13115.8828
  BG               : -3.0000
  DIV Value        : 4721.2388
  div_param        : 0.2000
====================================================================

============================== [LOG] ===============================
[ EPOCH 500 ]
  Best Loss So Far : -3903838.0000
  Mean(Loss)       : -3838085.0000
  Mean(Penalty)    : 5.4721
  BG               : -2.4833
  DIV Value        : 8196.2158
  div_param        : 0.2000
====================================================================

============================== [LOG] ===============================
[ EPOCH 1000 ]
  Best Loss So Far : -3904124.0000
  Mean(Loss)       : -3838952.2500
  Mean(Penalty)    : 0.6252
  BG               : -1.9667
  DIV Value        : 8197.0352
  div_param        : 0.2000
====================================================================

============================== [LOG] ===============================
[ EPOCH 1500 ]
  Best Loss So Far : -3904124.0000
  Mean(Loss)       : -3838955.7500
  Mean(Penalty)    : 0.0370
  BG               : -1.4500
  DIV Value        : 8197.1191
  div_param        : 0.2000
====================================================================

============================== [LOG] ===============================
[ EPOCH 2000 ]
  Best Loss So Far : -3904124.0000
  Mean(Loss)       : -3838955.7500
  Mean(Penalty)    : 0.0006
  BG               : -0.9333
  DIV Value        : 8197.1250
  div_param        : 0.2000
====================================================================

============================== [LOG] ===============================
[ EPOCH 2500 ]
  Best Loss So Far : -3904124.0000
  Mean(Loss)       : -3838955.7500
  Mean(Penalty)    : 0.0000
  BG               : -0.4167
  DIV Value        : 8197.1250
  div_param        : 0.2000
====================================================================

============================== [LOG] ===============================
[ EPOCH 2999 ]
  Best Loss So Far : -3904124.0000
  Mean(Loss)       : -3838955.7500
  Mean(Penalty)    : 0.0000
  BG               : 0.0990
  DIV Value        : 8197.1250
  div_param        : 0.2000
====================================================================

============================== [FINAL] ==============================
FINAL BEST LOSS : -3904124.0000
RUNTIME         : 11.09 s
====================================================================
sol_size:100, lr:1.0, temp:0.001, min_bg:-3.0, max_bg:0.1, curve_rate:4.0, div_param:0.2
[DEBUG] x_batch shape: torch.Size([100, 16385]), dtype: torch.float32, device: cuda:0
[DEBUG] x_batch range: [0.0000, 1.0000]
[DEBUG] x_round range: [0.0000, 1.0000]
[DEBUG] Best solution index: 47
[DEBUG] Best loss (from rounded): -3904124.000000
[DEBUG] QQA reported best_obj: -3904124.000000
[DEBUG] spins_tensor range: [-1.0000, 1.0000]
[DEBUG] Unique spin values: [-1.0, 1.0]
[DEBUG] Final energy: -3904124.000000
QQA finished. Best energy: -3904124.000000
Best objective (QQA loss): -3904124.000000
Runtime reported by QQA: 11.0880s
Total wall-clock time: 11.1001s
Results saved to: results/barabasi_albert_10ins_m20/QQA/ba_16384_1_2.csv
Energy: -3904124.000000
Time: 11.1001s
----------------------------------------
Processing instance: ba_16384_1_3.txt
  Seed 1/1 (seed=42)
Initialized QQA solver (QQA). Results will be saved under 'QQA'.
Parameters:
  instance_name: ba_16384_1_3.txt
  dataset: barabasi_albert_10ins_m20
  random_seed: 42
  device: cuda
  sol_size: 100
  learning_rate: 1.0
  temp: 0.001
  min_bg: -3.0
  max_bg: 0.1
  curve_rate: 4.0
  div_param: 0.2
  num_epochs: 3000
  check_interval: 500
  plot_dynamics: False
  run_name: QQA
--------------------------------------------------
[DEBUG] Starting QQA with n=16385, sol_size=100, device=cuda

============================== [LOG] ===============================
[ EPOCH 0 ]
  Best Loss So Far : -427244.0000
  Mean(Loss)       : 96.4637
  Mean(Penalty)    : 13115.8828
  BG               : -3.0000
  DIV Value        : 4721.2388
  div_param        : 0.2000
====================================================================

============================== [LOG] ===============================
[ EPOCH 500 ]
  Best Loss So Far : -3886408.0000
  Mean(Loss)       : -3839304.7500
  Mean(Penalty)    : 5.6017
  BG               : -2.4833
  DIV Value        : 8195.7832
  div_param        : 0.2000
====================================================================

============================== [LOG] ===============================
[ EPOCH 1000 ]
  Best Loss So Far : -3889520.0000
  Mean(Loss)       : -3839891.5000
  Mean(Penalty)    : 0.5385
  BG               : -1.9667
  DIV Value        : 8196.6670
  div_param        : 0.2000
====================================================================

============================== [LOG] ===============================
[ EPOCH 1500 ]
  Best Loss So Far : -3889520.0000
  Mean(Loss)       : -3839932.5000
  Mean(Penalty)    : 0.0269
  BG               : -1.4500
  DIV Value        : 8196.7344
  div_param        : 0.2000
====================================================================

============================== [LOG] ===============================
[ EPOCH 2000 ]
  Best Loss So Far : -3889520.0000
  Mean(Loss)       : -3839932.5000
  Mean(Penalty)    : 0.0055
  BG               : -0.9333
  DIV Value        : 8196.7363
  div_param        : 0.2000
====================================================================

============================== [LOG] ===============================
[ EPOCH 2500 ]
  Best Loss So Far : -3889520.0000
  Mean(Loss)       : -3839932.5000
  Mean(Penalty)    : 0.0000
  BG               : -0.4167
  DIV Value        : 8196.7383
  div_param        : 0.2000
====================================================================

============================== [LOG] ===============================
[ EPOCH 2999 ]
  Best Loss So Far : -3889520.0000
  Mean(Loss)       : -3839932.5000
  Mean(Penalty)    : 0.0000
  BG               : 0.0990
  DIV Value        : 8196.7383
  div_param        : 0.2000
====================================================================

============================== [FINAL] ==============================
FINAL BEST LOSS : -3889520.0000
RUNTIME         : 11.09 s
====================================================================
sol_size:100, lr:1.0, temp:0.001, min_bg:-3.0, max_bg:0.1, curve_rate:4.0, div_param:0.2
[DEBUG] x_batch shape: torch.Size([100, 16385]), dtype: torch.float32, device: cuda:0
[DEBUG] x_batch range: [0.0000, 1.0000]
[DEBUG] x_round range: [0.0000, 1.0000]
[DEBUG] Best solution index: 4
[DEBUG] Best loss (from rounded): -3889520.000000
[DEBUG] QQA reported best_obj: -3889520.000000
[DEBUG] spins_tensor range: [-1.0000, 1.0000]
[DEBUG] Unique spin values: [-1.0, 1.0]
[DEBUG] Final energy: -3889520.000000
QQA finished. Best energy: -3889520.000000
Best objective (QQA loss): -3889520.000000
Runtime reported by QQA: 11.0918s
Total wall-clock time: 11.1040s
Results saved to: results/barabasi_albert_10ins_m20/QQA/ba_16384_1_3.csv
Energy: -3889520.000000
Time: 11.1040s
----------------------------------------
Processing instance: ba_16384_1_4.txt
  Seed 1/1 (seed=42)
Initialized QQA solver (QQA). Results will be saved under 'QQA'.
Parameters:
  instance_name: ba_16384_1_4.txt
  dataset: barabasi_albert_10ins_m20
  random_seed: 42
  device: cuda
  sol_size: 100
  learning_rate: 1.0
  temp: 0.001
  min_bg: -3.0
  max_bg: 0.1
  curve_rate: 4.0
  div_param: 0.2
  num_epochs: 3000
  check_interval: 500
  plot_dynamics: False
  run_name: QQA
--------------------------------------------------
[DEBUG] Starting QQA with n=16385, sol_size=100, device=cuda

============================== [LOG] ===============================
[ EPOCH 0 ]
  Best Loss So Far : -458831.0000
  Mean(Loss)       : 1341.8618
  Mean(Penalty)    : 13115.8828
  BG               : -3.0000
  DIV Value        : 4721.2388
  div_param        : 0.2000
====================================================================

============================== [LOG] ===============================
[ EPOCH 500 ]
  Best Loss So Far : -3922937.0000
  Mean(Loss)       : -3843581.0000
  Mean(Penalty)    : 5.5249
  BG               : -2.4833
  DIV Value        : 8196.1426
  div_param        : 0.2000
====================================================================

============================== [LOG] ===============================
[ EPOCH 1000 ]
  Best Loss So Far : -3926529.0000
  Mean(Loss)       : -3844459.2500
  Mean(Penalty)    : 0.5896
  BG               : -1.9667
  DIV Value        : 8196.9160
  div_param        : 0.2000
====================================================================

============================== [LOG] ===============================
[ EPOCH 1500 ]
  Best Loss So Far : -3926529.0000
  Mean(Loss)       : -3844473.2500
  Mean(Penalty)    : 0.0555
  BG               : -1.4500
  DIV Value        : 8196.9863
  div_param        : 0.2000
====================================================================

============================== [LOG] ===============================
[ EPOCH 2000 ]
  Best Loss So Far : -3926529.0000
  Mean(Loss)       : -3844473.2500
  Mean(Penalty)    : 0.0005
  BG               : -0.9333
  DIV Value        : 8196.9941
  div_param        : 0.2000
====================================================================

============================== [LOG] ===============================
[ EPOCH 2500 ]
  Best Loss So Far : -3926529.0000
  Mean(Loss)       : -3844473.2500
  Mean(Penalty)    : 0.0013
  BG               : -0.4167
  DIV Value        : 8196.9941
  div_param        : 0.2000
====================================================================

============================== [LOG] ===============================
[ EPOCH 2999 ]
  Best Loss So Far : -3926529.0000
  Mean(Loss)       : -3844473.2500
  Mean(Penalty)    : 0.0000
  BG               : 0.0990
  DIV Value        : 8196.9941
  div_param        : 0.2000
====================================================================

============================== [FINAL] ==============================
FINAL BEST LOSS : -3926529.0000
RUNTIME         : 11.10 s
====================================================================
sol_size:100, lr:1.0, temp:0.001, min_bg:-3.0, max_bg:0.1, curve_rate:4.0, div_param:0.2
[DEBUG] x_batch shape: torch.Size([100, 16385]), dtype: torch.float32, device: cuda:0
[DEBUG] x_batch range: [0.0000, 1.0000]
[DEBUG] x_round range: [0.0000, 1.0000]
[DEBUG] Best solution index: 13
[DEBUG] Best loss (from rounded): -3926529.000000
[DEBUG] QQA reported best_obj: -3926529.000000
[DEBUG] spins_tensor range: [-1.0000, 1.0000]
[DEBUG] Unique spin values: [-1.0, 1.0]
[DEBUG] Final energy: -3926529.000000
QQA finished. Best energy: -3926529.000000
Best objective (QQA loss): -3926529.000000
Runtime reported by QQA: 11.0993s
Total wall-clock time: 11.1116s
Results saved to: results/barabasi_albert_10ins_m20/QQA/ba_16384_1_4.csv
Energy: -3926529.000000
Time: 11.1116s
----------------------------------------
Processing instance: ba_16384_1_5.txt
  Seed 1/1 (seed=42)
Initialized QQA solver (QQA). Results will be saved under 'QQA'.
Parameters:
  instance_name: ba_16384_1_5.txt
  dataset: barabasi_albert_10ins_m20
  random_seed: 42
  device: cuda
  sol_size: 100
  learning_rate: 1.0
  temp: 0.001
  min_bg: -3.0
  max_bg: 0.1
  curve_rate: 4.0
  div_param: 0.2
  num_epochs: 3000
  check_interval: 500
  plot_dynamics: False
  run_name: QQA
--------------------------------------------------
[DEBUG] Starting QQA with n=16385, sol_size=100, device=cuda

============================== [LOG] ===============================
[ EPOCH 0 ]
  Best Loss So Far : -500618.0000
  Mean(Loss)       : 2106.3604
  Mean(Penalty)    : 13115.8828
  BG               : -3.0000
  DIV Value        : 4721.2388
  div_param        : 0.2000
====================================================================

============================== [LOG] ===============================
[ EPOCH 500 ]
  Best Loss So Far : -3905856.0000
  Mean(Loss)       : -3845660.5000
  Mean(Penalty)    : 5.2058
  BG               : -2.4833
  DIV Value        : 8196.8613
  div_param        : 0.2000
====================================================================

============================== [LOG] ===============================
[ EPOCH 1000 ]
  Best Loss So Far : -3905858.0000
  Mean(Loss)       : -3846258.5000
  Mean(Penalty)    : 0.5159
  BG               : -1.9667
  DIV Value        : 8197.5752
  div_param        : 0.2000
====================================================================

============================== [LOG] ===============================
[ EPOCH 1500 ]
  Best Loss So Far : -3905858.0000
  Mean(Loss)       : -3846258.2500
  Mean(Penalty)    : 0.0283
  BG               : -1.4500
  DIV Value        : 8197.6455
  div_param        : 0.2000
====================================================================

============================== [LOG] ===============================
[ EPOCH 2000 ]
  Best Loss So Far : -3905858.0000
  Mean(Loss)       : -3846258.2500
  Mean(Penalty)    : 0.0000
  BG               : -0.9333
  DIV Value        : 8197.6494
  div_param        : 0.2000
====================================================================

============================== [LOG] ===============================
[ EPOCH 2500 ]
  Best Loss So Far : -3905858.0000
  Mean(Loss)       : -3846258.2500
  Mean(Penalty)    : 0.0000
  BG               : -0.4167
  DIV Value        : 8197.6494
  div_param        : 0.2000
====================================================================

============================== [LOG] ===============================
[ EPOCH 2999 ]
  Best Loss So Far : -3905858.0000
  Mean(Loss)       : -3846258.2500
  Mean(Penalty)    : 0.0000
  BG               : 0.0990
  DIV Value        : 8197.6494
  div_param        : 0.2000
====================================================================

============================== [FINAL] ==============================
FINAL BEST LOSS : -3905858.0000
RUNTIME         : 11.10 s
====================================================================
sol_size:100, lr:1.0, temp:0.001, min_bg:-3.0, max_bg:0.1, curve_rate:4.0, div_param:0.2
[DEBUG] x_batch shape: torch.Size([100, 16385]), dtype: torch.float32, device: cuda:0
[DEBUG] x_batch range: [0.0000, 1.0000]
[DEBUG] x_round range: [0.0000, 1.0000]
[DEBUG] Best solution index: 15
[DEBUG] Best loss (from rounded): -3905856.000000
[DEBUG] QQA reported best_obj: -3905858.000000
[DEBUG] spins_tensor range: [-1.0000, 1.0000]
[DEBUG] Unique spin values: [-1.0, 1.0]
[DEBUG] Final energy: -3905856.000000
QQA finished. Best energy: -3905856.000000
Best objective (QQA loss): -3905858.000000
Runtime reported by QQA: 11.0961s
Total wall-clock time: 11.1082s
Results saved to: results/barabasi_albert_10ins_m20/QQA/ba_16384_1_5.csv
Energy: -3905856.000000
Time: 11.1082s
----------------------------------------
Processing instance: ba_16384_1_6.txt
  Seed 1/1 (seed=42)
Initialized QQA solver (QQA). Results will be saved under 'QQA'.
Parameters:
  instance_name: ba_16384_1_6.txt
  dataset: barabasi_albert_10ins_m20
  random_seed: 42
  device: cuda
  sol_size: 100
  learning_rate: 1.0
  temp: 0.001
  min_bg: -3.0
  max_bg: 0.1
  curve_rate: 4.0
  div_param: 0.2
  num_epochs: 3000
  check_interval: 500
  plot_dynamics: False
  run_name: QQA
--------------------------------------------------
[DEBUG] Starting QQA with n=16385, sol_size=100, device=cuda

============================== [LOG] ===============================
[ EPOCH 0 ]
  Best Loss So Far : -420866.0000
  Mean(Loss)       : -621.4131
  Mean(Penalty)    : 13115.8828
  BG               : -3.0000
  DIV Value        : 4721.2388
  div_param        : 0.2000
====================================================================

============================== [LOG] ===============================
[ EPOCH 500 ]
  Best Loss So Far : -3889400.0000
  Mean(Loss)       : -3845233.0000
  Mean(Penalty)    : 5.4209
  BG               : -2.4833
  DIV Value        : 8194.2754
  div_param        : 0.2000
====================================================================

============================== [LOG] ===============================
[ EPOCH 1000 ]
  Best Loss So Far : -3889582.0000
  Mean(Loss)       : -3845943.2500
  Mean(Penalty)    : 0.5178
  BG               : -1.9667
  DIV Value        : 8195.0684
  div_param        : 0.2000
====================================================================

============================== [LOG] ===============================
[ EPOCH 1500 ]
  Best Loss So Far : -3889582.0000
  Mean(Loss)       : -3845961.2500
  Mean(Penalty)    : 0.0397
  BG               : -1.4500
  DIV Value        : 8195.1387
  div_param        : 0.2000
====================================================================

============================== [LOG] ===============================
[ EPOCH 2000 ]
  Best Loss So Far : -3889582.0000
  Mean(Loss)       : -3845961.2500
  Mean(Penalty)    : 0.0010
  BG               : -0.9333
  DIV Value        : 8195.1445
  div_param        : 0.2000
====================================================================

============================== [LOG] ===============================
[ EPOCH 2500 ]
  Best Loss So Far : -3889582.0000
  Mean(Loss)       : -3845961.2500
  Mean(Penalty)    : 0.0000
  BG               : -0.4167
  DIV Value        : 8195.1445
  div_param        : 0.2000
====================================================================

============================== [LOG] ===============================
[ EPOCH 2999 ]
  Best Loss So Far : -3889582.0000
  Mean(Loss)       : -3845961.2500
  Mean(Penalty)    : 0.0000
  BG               : 0.0990
  DIV Value        : 8195.1445
  div_param        : 0.2000
====================================================================

============================== [FINAL] ==============================
FINAL BEST LOSS : -3889582.0000
RUNTIME         : 11.13 s
====================================================================
sol_size:100, lr:1.0, temp:0.001, min_bg:-3.0, max_bg:0.1, curve_rate:4.0, div_param:0.2
[DEBUG] x_batch shape: torch.Size([100, 16385]), dtype: torch.float32, device: cuda:0
[DEBUG] x_batch range: [0.0000, 1.0000]
[DEBUG] x_round range: [0.0000, 1.0000]
[DEBUG] Best solution index: 63
[DEBUG] Best loss (from rounded): -3889582.000000
[DEBUG] QQA reported best_obj: -3889582.000000
[DEBUG] spins_tensor range: [-1.0000, 1.0000]
[DEBUG] Unique spin values: [-1.0, 1.0]
[DEBUG] Final energy: -3889582.000000
QQA finished. Best energy: -3889582.000000
Best objective (QQA loss): -3889582.000000
Runtime reported by QQA: 11.1295s
Total wall-clock time: 11.1416s
Results saved to: results/barabasi_albert_10ins_m20/QQA/ba_16384_1_6.csv
Energy: -3889582.000000
Time: 11.1416s
----------------------------------------
Processing instance: ba_16384_1_7.txt
  Seed 1/1 (seed=42)
Initialized QQA solver (QQA). Results will be saved under 'QQA'.
Parameters:
  instance_name: ba_16384_1_7.txt
  dataset: barabasi_albert_10ins_m20
  random_seed: 42
  device: cuda
  sol_size: 100
  learning_rate: 1.0
  temp: 0.001
  min_bg: -3.0
  max_bg: 0.1
  curve_rate: 4.0
  div_param: 0.2
  num_epochs: 3000
  check_interval: 500
  plot_dynamics: False
  run_name: QQA
--------------------------------------------------
[DEBUG] Starting QQA with n=16385, sol_size=100, device=cuda

============================== [LOG] ===============================
[ EPOCH 0 ]
  Best Loss So Far : -505050.0000
  Mean(Loss)       : -320.7165
  Mean(Penalty)    : 13115.8828
  BG               : -3.0000
  DIV Value        : 4721.2388
  div_param        : 0.2000
====================================================================

============================== [LOG] ===============================
[ EPOCH 500 ]
  Best Loss So Far : -3884954.0000
  Mean(Loss)       : -3842099.2500
  Mean(Penalty)    : 5.4470
  BG               : -2.4833
  DIV Value        : 8197.3154
  div_param        : 0.2000
====================================================================

============================== [LOG] ===============================
[ EPOCH 1000 ]
  Best Loss So Far : -3884954.0000
  Mean(Loss)       : -3842894.7500
  Mean(Penalty)    : 0.5356
  BG               : -1.9667
  DIV Value        : 8198.1406
  div_param        : 0.2000
====================================================================

============================== [LOG] ===============================
[ EPOCH 1500 ]
  Best Loss So Far : -3884954.0000
  Mean(Loss)       : -3842894.7500
  Mean(Penalty)    : 0.0253
  BG               : -1.4500
  DIV Value        : 8198.2119
  div_param        : 0.2000
====================================================================

============================== [LOG] ===============================
[ EPOCH 2000 ]
  Best Loss So Far : -3884954.0000
  Mean(Loss)       : -3842894.7500
  Mean(Penalty)    : 0.0000
  BG               : -0.9333
  DIV Value        : 8198.2148
  div_param        : 0.2000
====================================================================

============================== [LOG] ===============================
[ EPOCH 2500 ]
  Best Loss So Far : -3884954.0000
  Mean(Loss)       : -3842894.7500
  Mean(Penalty)    : 0.0000
  BG               : -0.4167
  DIV Value        : 8198.2148
  div_param        : 0.2000
====================================================================

============================== [LOG] ===============================
[ EPOCH 2999 ]
  Best Loss So Far : -3884954.0000
  Mean(Loss)       : -3842894.7500
  Mean(Penalty)    : 0.0000
  BG               : 0.0990
  DIV Value        : 8198.2148
  div_param        : 0.2000
====================================================================

============================== [FINAL] ==============================
FINAL BEST LOSS : -3884954.0000
RUNTIME         : 11.09 s
====================================================================
sol_size:100, lr:1.0, temp:0.001, min_bg:-3.0, max_bg:0.1, curve_rate:4.0, div_param:0.2
[DEBUG] x_batch shape: torch.Size([100, 16385]), dtype: torch.float32, device: cuda:0
[DEBUG] x_batch range: [0.0000, 1.0000]
[DEBUG] x_round range: [0.0000, 1.0000]
[DEBUG] Best solution index: 66
[DEBUG] Best loss (from rounded): -3884954.000000
[DEBUG] QQA reported best_obj: -3884954.000000
[DEBUG] spins_tensor range: [-1.0000, 1.0000]
[DEBUG] Unique spin values: [-1.0, 1.0]
[DEBUG] Final energy: -3884954.000000
QQA finished. Best energy: -3884954.000000
Best objective (QQA loss): -3884954.000000
Runtime reported by QQA: 11.0927s
Total wall-clock time: 11.1044s
Results saved to: results/barabasi_albert_10ins_m20/QQA/ba_16384_1_7.csv
Energy: -3884954.000000
Time: 11.1044s
----------------------------------------
Processing instance: ba_16384_1_8.txt
  Seed 1/1 (seed=42)
Initialized QQA solver (QQA). Results will be saved under 'QQA'.
Parameters:
  instance_name: ba_16384_1_8.txt
  dataset: barabasi_albert_10ins_m20
  random_seed: 42
  device: cuda
  sol_size: 100
  learning_rate: 1.0
  temp: 0.001
  min_bg: -3.0
  max_bg: 0.1
  curve_rate: 4.0
  div_param: 0.2
  num_epochs: 3000
  check_interval: 500
  plot_dynamics: False
  run_name: QQA
--------------------------------------------------
[DEBUG] Starting QQA with n=16385, sol_size=100, device=cuda

============================== [LOG] ===============================
[ EPOCH 0 ]
  Best Loss So Far : -470676.0000
  Mean(Loss)       : 2289.9651
  Mean(Penalty)    : 13115.8828
  BG               : -3.0000
  DIV Value        : 4721.2388
  div_param        : 0.2000
====================================================================

============================== [LOG] ===============================
[ EPOCH 500 ]
  Best Loss So Far : -3886568.0000
  Mean(Loss)       : -3840577.2500
  Mean(Penalty)    : 5.4802
  BG               : -2.4833
  DIV Value        : 8194.9844
  div_param        : 0.2000
====================================================================

============================== [LOG] ===============================
[ EPOCH 1000 ]
  Best Loss So Far : -3886568.0000
  Mean(Loss)       : -3842156.2500
  Mean(Penalty)    : 0.7110
  BG               : -1.9667
  DIV Value        : 8195.7490
  div_param        : 0.2000
====================================================================

============================== [LOG] ===============================
[ EPOCH 1500 ]
  Best Loss So Far : -3886568.0000
  Mean(Loss)       : -3842191.2500
  Mean(Penalty)    : 0.0419
  BG               : -1.4500
  DIV Value        : 8195.8584
  div_param        : 0.2000
====================================================================

============================== [LOG] ===============================
[ EPOCH 2000 ]
  Best Loss So Far : -3886568.0000
  Mean(Loss)       : -3842191.2500
  Mean(Penalty)    : 0.0048
  BG               : -0.9333
  DIV Value        : 8195.8633
  div_param        : 0.2000
====================================================================

============================== [LOG] ===============================
[ EPOCH 2500 ]
  Best Loss So Far : -3886568.0000
  Mean(Loss)       : -3842191.2500
  Mean(Penalty)    : 0.0000
  BG               : -0.4167
  DIV Value        : 8195.8633
  div_param        : 0.2000
====================================================================

============================== [LOG] ===============================
[ EPOCH 2999 ]
  Best Loss So Far : -3886568.0000
  Mean(Loss)       : -3842191.2500
  Mean(Penalty)    : 0.0000
  BG               : 0.0990
  DIV Value        : 8195.8633
  div_param        : 0.2000
====================================================================

============================== [FINAL] ==============================
FINAL BEST LOSS : -3886568.0000
RUNTIME         : 11.10 s
====================================================================
sol_size:100, lr:1.0, temp:0.001, min_bg:-3.0, max_bg:0.1, curve_rate:4.0, div_param:0.2
[DEBUG] x_batch shape: torch.Size([100, 16385]), dtype: torch.float32, device: cuda:0
[DEBUG] x_batch range: [0.0000, 1.0000]
[DEBUG] x_round range: [0.0000, 1.0000]
[DEBUG] Best solution index: 69
[DEBUG] Best loss (from rounded): -3886568.000000
[DEBUG] QQA reported best_obj: -3886568.000000
[DEBUG] spins_tensor range: [-1.0000, 1.0000]
[DEBUG] Unique spin values: [-1.0, 1.0]
[DEBUG] Final energy: -3886568.000000
QQA finished. Best energy: -3886568.000000
Best objective (QQA loss): -3886568.000000
Runtime reported by QQA: 11.0995s
Total wall-clock time: 11.1116s
Results saved to: results/barabasi_albert_10ins_m20/QQA/ba_16384_1_8.csv
Energy: -3886568.000000
Time: 11.1116s
----------------------------------------
Processing instance: ba_16384_1_9.txt
  Seed 1/1 (seed=42)
Initialized QQA solver (QQA). Results will be saved under 'QQA'.
Parameters:
  instance_name: ba_16384_1_9.txt
  dataset: barabasi_albert_10ins_m20
  random_seed: 42
  device: cuda
  sol_size: 100
  learning_rate: 1.0
  temp: 0.001
  min_bg: -3.0
  max_bg: 0.1
  curve_rate: 4.0
  div_param: 0.2
  num_epochs: 3000
  check_interval: 500
  plot_dynamics: False
  run_name: QQA
--------------------------------------------------
[DEBUG] Starting QQA with n=16385, sol_size=100, device=cuda

============================== [LOG] ===============================
[ EPOCH 0 ]
  Best Loss So Far : -406374.0000
  Mean(Loss)       : 639.9261
  Mean(Penalty)    : 13115.8828
  BG               : -3.0000
  DIV Value        : 4721.2388
  div_param        : 0.2000
====================================================================

============================== [LOG] ===============================
[ EPOCH 500 ]
  Best Loss So Far : -3913270.0000
  Mean(Loss)       : -3845702.5000
  Mean(Penalty)    : 5.3595
  BG               : -2.4833
  DIV Value        : 8195.5029
  div_param        : 0.2000
====================================================================

============================== [LOG] ===============================
[ EPOCH 1000 ]
  Best Loss So Far : -3916830.0000
  Mean(Loss)       : -3846434.0000
  Mean(Penalty)    : 0.5503
  BG               : -1.9667
  DIV Value        : 8196.2822
  div_param        : 0.2000
====================================================================

============================== [LOG] ===============================
[ EPOCH 1500 ]
  Best Loss So Far : -3916830.0000
  Mean(Loss)       : -3846434.2500
  Mean(Penalty)    : 0.0259
  BG               : -1.4500
  DIV Value        : 8196.3564
  div_param        : 0.2000
====================================================================

============================== [LOG] ===============================
[ EPOCH 2000 ]
  Best Loss So Far : -3916830.0000
  Mean(Loss)       : -3846434.2500
  Mean(Penalty)    : 0.0035
  BG               : -0.9333
  DIV Value        : 8196.3594
  div_param        : 0.2000
====================================================================

============================== [LOG] ===============================
[ EPOCH 2500 ]
  Best Loss So Far : -3916830.0000
  Mean(Loss)       : -3846434.2500
  Mean(Penalty)    : 0.0000
  BG               : -0.4167
  DIV Value        : 8196.3604
  div_param        : 0.2000
====================================================================

============================== [LOG] ===============================
[ EPOCH 2999 ]
  Best Loss So Far : -3916830.0000
  Mean(Loss)       : -3846434.2500
  Mean(Penalty)    : 0.0000
  BG               : 0.0990
  DIV Value        : 8196.3604
  div_param        : 0.2000
====================================================================

============================== [FINAL] ==============================
FINAL BEST LOSS : -3916830.0000
RUNTIME         : 11.12 s
====================================================================
sol_size:100, lr:1.0, temp:0.001, min_bg:-3.0, max_bg:0.1, curve_rate:4.0, div_param:0.2
[DEBUG] x_batch shape: torch.Size([100, 16385]), dtype: torch.float32, device: cuda:0
[DEBUG] x_batch range: [0.0000, 1.0000]
[DEBUG] x_round range: [0.0000, 1.0000]
[DEBUG] Best solution index: 14
[DEBUG] Best loss (from rounded): -3916830.000000
[DEBUG] QQA reported best_obj: -3916830.000000
[DEBUG] spins_tensor range: [-1.0000, 1.0000]
[DEBUG] Unique spin values: [-1.0, 1.0]
[DEBUG] Final energy: -3916830.000000
QQA finished. Best energy: -3916830.000000
Best objective (QQA loss): -3916830.000000
Runtime reported by QQA: 11.1247s
Total wall-clock time: 11.1370s
Results saved to: results/barabasi_albert_10ins_m20/QQA/ba_16384_1_9.csv
Energy: -3916830.000000
Time: 11.1370s
----------------------------------------
Processing instance: ba_2048_1_0.txt
  Seed 1/1 (seed=42)
Initialized QQA solver (QQA). Results will be saved under 'QQA'.
Parameters:
  instance_name: ba_2048_1_0.txt
  dataset: barabasi_albert_10ins_m20
  random_seed: 42
  device: cuda
  sol_size: 100
  learning_rate: 1.0
  temp: 0.001
  min_bg: -3.0
  max_bg: 0.1
  curve_rate: 4.0
  div_param: 0.2
  num_epochs: 3000
  check_interval: 500
  plot_dynamics: False
  run_name: QQA
--------------------------------------------------
[DEBUG] Starting QQA with n=2049, sol_size=100, device=cuda

============================== [LOG] ===============================
[ EPOCH 0 ]
  Best Loss So Far : -83725.0000
  Mean(Loss)       : -215.1052
  Mean(Penalty)    : 1640.5725
  BG               : -3.0000
  DIV Value        : 590.0806
  div_param        : 0.2000
====================================================================

============================== [LOG] ===============================
[ EPOCH 500 ]
  Best Loss So Far : -502603.0000
  Mean(Loss)       : -480225.7500
  Mean(Penalty)    : 0.6008
  BG               : -2.4833
  DIV Value        : 1025.5510
  div_param        : 0.2000
====================================================================

============================== [LOG] ===============================
[ EPOCH 1000 ]
  Best Loss So Far : -502603.0000
  Mean(Loss)       : -480292.8438
  Mean(Penalty)    : 0.0642
  BG               : -1.9667
  DIV Value        : 1025.6405
  div_param        : 0.2000
====================================================================

============================== [LOG] ===============================
[ EPOCH 1500 ]
  Best Loss So Far : -502603.0000
  Mean(Loss)       : -480292.8125
  Mean(Penalty)    : 0.0038
  BG               : -1.4500
  DIV Value        : 1025.6499
  div_param        : 0.2000
====================================================================

============================== [LOG] ===============================
[ EPOCH 2000 ]
  Best Loss So Far : -502603.0000
  Mean(Loss)       : -480292.8125
  Mean(Penalty)    : 0.0000
  BG               : -0.9333
  DIV Value        : 1025.6504
  div_param        : 0.2000
====================================================================

============================== [LOG] ===============================
[ EPOCH 2500 ]
  Best Loss So Far : -502603.0000
  Mean(Loss)       : -480292.8125
  Mean(Penalty)    : 0.0000
  BG               : -0.4167
  DIV Value        : 1025.6504
  div_param        : 0.2000
====================================================================

============================== [LOG] ===============================
[ EPOCH 2999 ]
  Best Loss So Far : -502603.0000
  Mean(Loss)       : -480292.8125
  Mean(Penalty)    : 0.0000
  BG               : 0.0990
  DIV Value        : 1025.6504
  div_param        : 0.2000
====================================================================

============================== [FINAL] ==============================
FINAL BEST LOSS : -502603.0000
RUNTIME         : 5.89 s
====================================================================
sol_size:100, lr:1.0, temp:0.001, min_bg:-3.0, max_bg:0.1, curve_rate:4.0, div_param:0.2
[DEBUG] x_batch shape: torch.Size([100, 2049]), dtype: torch.float32, device: cuda:0
[DEBUG] x_batch range: [0.0000, 1.0000]
[DEBUG] x_round range: [0.0000, 1.0000]
[DEBUG] Best solution index: 10
[DEBUG] Best loss (from rounded): -502603.000000
[DEBUG] QQA reported best_obj: -502603.000000
[DEBUG] spins_tensor range: [-1.0000, 1.0000]
[DEBUG] Unique spin values: [-1.0, 1.0]
[DEBUG] Final energy: -502603.000000
QQA finished. Best energy: -502603.000000
Best objective (QQA loss): -502603.000000
Runtime reported by QQA: 5.8928s
Total wall-clock time: 5.8954s
Results saved to: results/barabasi_albert_10ins_m20/QQA/ba_2048_1_0.csv
Energy: -502603.000000
Time: 5.8954s
----------------------------------------
Processing instance: ba_2048_1_1.txt
  Seed 1/1 (seed=42)
Initialized QQA solver (QQA). Results will be saved under 'QQA'.
Parameters:
  instance_name: ba_2048_1_1.txt
  dataset: barabasi_albert_10ins_m20
  random_seed: 42
  device: cuda
  sol_size: 100
  learning_rate: 1.0
  temp: 0.001
  min_bg: -3.0
  max_bg: 0.1
  curve_rate: 4.0
  div_param: 0.2
  num_epochs: 3000
  check_interval: 500
  plot_dynamics: False
  run_name: QQA
--------------------------------------------------
[DEBUG] Starting QQA with n=2049, sol_size=100, device=cuda

============================== [LOG] ===============================
[ EPOCH 0 ]
  Best Loss So Far : -84525.0000
  Mean(Loss)       : 75.6560
  Mean(Penalty)    : 1640.5725
  BG               : -3.0000
  DIV Value        : 590.0806
  div_param        : 0.2000
====================================================================

============================== [LOG] ===============================
[ EPOCH 500 ]
  Best Loss So Far : -493933.0000
  Mean(Loss)       : -481102.4688
  Mean(Penalty)    : 0.5638
  BG               : -2.4833
  DIV Value        : 1024.7267
  div_param        : 0.2000
====================================================================

============================== [LOG] ===============================
[ EPOCH 1000 ]
  Best Loss So Far : -493933.0000
  Mean(Loss)       : -481215.4062
  Mean(Penalty)    : 0.0738
  BG               : -1.9667
  DIV Value        : 1024.7777
  div_param        : 0.2000
====================================================================

============================== [LOG] ===============================
[ EPOCH 1500 ]
  Best Loss So Far : -493933.0000
  Mean(Loss)       : -481215.4062
  Mean(Penalty)    : 0.0081
  BG               : -1.4500
  DIV Value        : 1024.7888
  div_param        : 0.2000
====================================================================

============================== [LOG] ===============================
[ EPOCH 2000 ]
  Best Loss So Far : -493933.0000
  Mean(Loss)       : -481215.4062
  Mean(Penalty)    : 0.0000
  BG               : -0.9333
  DIV Value        : 1024.7898
  div_param        : 0.2000
====================================================================

============================== [LOG] ===============================
[ EPOCH 2500 ]
  Best Loss So Far : -493933.0000
  Mean(Loss)       : -481215.4062
  Mean(Penalty)    : 0.0000
  BG               : -0.4167
  DIV Value        : 1024.7898
  div_param        : 0.2000
====================================================================

============================== [LOG] ===============================
[ EPOCH 2999 ]
  Best Loss So Far : -493933.0000
  Mean(Loss)       : -481215.4062
  Mean(Penalty)    : 0.0000
  BG               : 0.0990
  DIV Value        : 1024.7898
  div_param        : 0.2000
====================================================================

============================== [FINAL] ==============================
FINAL BEST LOSS : -493933.0000
RUNTIME         : 5.88 s
====================================================================
sol_size:100, lr:1.0, temp:0.001, min_bg:-3.0, max_bg:0.1, curve_rate:4.0, div_param:0.2
[DEBUG] x_batch shape: torch.Size([100, 2049]), dtype: torch.float32, device: cuda:0
[DEBUG] x_batch range: [0.0000, 1.0000]
[DEBUG] x_round range: [0.0000, 1.0000]
[DEBUG] Best solution index: 17
[DEBUG] Best loss (from rounded): -493933.000000
[DEBUG] QQA reported best_obj: -493933.000000
[DEBUG] spins_tensor range: [-1.0000, 1.0000]
[DEBUG] Unique spin values: [-1.0, 1.0]
[DEBUG] Final energy: -493933.000000
QQA finished. Best energy: -493933.000000
Best objective (QQA loss): -493933.000000
Runtime reported by QQA: 5.8834s
Total wall-clock time: 5.8861s
Results saved to: results/barabasi_albert_10ins_m20/QQA/ba_2048_1_1.csv
Energy: -493933.000000
Time: 5.8861s
----------------------------------------
Processing instance: ba_2048_1_2.txt
  Seed 1/1 (seed=42)
Initialized QQA solver (QQA). Results will be saved under 'QQA'.
Parameters:
  instance_name: ba_2048_1_2.txt
  dataset: barabasi_albert_10ins_m20
  random_seed: 42
  device: cuda
  sol_size: 100
  learning_rate: 1.0
  temp: 0.001
  min_bg: -3.0
  max_bg: 0.1
  curve_rate: 4.0
  div_param: 0.2
  num_epochs: 3000
  check_interval: 500
  plot_dynamics: False
  run_name: QQA
--------------------------------------------------
[DEBUG] Starting QQA with n=2049, sol_size=100, device=cuda

============================== [LOG] ===============================
[ EPOCH 0 ]
  Best Loss So Far : -89403.0000
  Mean(Loss)       : -345.8286
  Mean(Penalty)    : 1640.5725
  BG               : -3.0000
  DIV Value        : 590.0806
  div_param        : 0.2000
====================================================================

============================== [LOG] ===============================
[ EPOCH 500 ]
  Best Loss So Far : -499297.0000
  Mean(Loss)       : -479633.2500
  Mean(Penalty)    : 0.7038
  BG               : -2.4833
  DIV Value        : 1024.4608
  div_param        : 0.2000
====================================================================

============================== [LOG] ===============================
[ EPOCH 1000 ]
  Best Loss So Far : -499297.0000
  Mean(Loss)       : -479666.2500
  Mean(Penalty)    : 0.0607
  BG               : -1.9667
  DIV Value        : 1024.5784
  div_param        : 0.2000
====================================================================

============================== [LOG] ===============================
[ EPOCH 1500 ]
  Best Loss So Far : -499297.0000
  Mean(Loss)       : -479666.1562
  Mean(Penalty)    : 0.0056
  BG               : -1.4500
  DIV Value        : 1024.5861
  div_param        : 0.2000
====================================================================

============================== [LOG] ===============================
[ EPOCH 2000 ]
  Best Loss So Far : -499297.0000
  Mean(Loss)       : -479666.1562
  Mean(Penalty)    : 0.0000
  BG               : -0.9333
  DIV Value        : 1024.5868
  div_param        : 0.2000
====================================================================

============================== [LOG] ===============================
[ EPOCH 2500 ]
  Best Loss So Far : -499297.0000
  Mean(Loss)       : -479666.1562
  Mean(Penalty)    : 0.0000
  BG               : -0.4167
  DIV Value        : 1024.5868
  div_param        : 0.2000
====================================================================

============================== [LOG] ===============================
[ EPOCH 2999 ]
  Best Loss So Far : -499297.0000
  Mean(Loss)       : -479666.1562
  Mean(Penalty)    : 0.0000
  BG               : 0.0990
  DIV Value        : 1024.5868
  div_param        : 0.2000
====================================================================

============================== [FINAL] ==============================
FINAL BEST LOSS : -499297.0000
RUNTIME         : 5.89 s
====================================================================
sol_size:100, lr:1.0, temp:0.001, min_bg:-3.0, max_bg:0.1, curve_rate:4.0, div_param:0.2
[DEBUG] x_batch shape: torch.Size([100, 2049]), dtype: torch.float32, device: cuda:0
[DEBUG] x_batch range: [0.0000, 1.0000]
[DEBUG] x_round range: [0.0000, 1.0000]
[DEBUG] Best solution index: 35
[DEBUG] Best loss (from rounded): -499297.000000
[DEBUG] QQA reported best_obj: -499297.000000
[DEBUG] spins_tensor range: [-1.0000, 1.0000]
[DEBUG] Unique spin values: [-1.0, 1.0]
[DEBUG] Final energy: -499297.000000
QQA finished. Best energy: -499297.000000
Best objective (QQA loss): -499297.000000
Runtime reported by QQA: 5.8928s
Total wall-clock time: 5.8953s
Results saved to: results/barabasi_albert_10ins_m20/QQA/ba_2048_1_2.csv
Energy: -499297.000000
Time: 5.8953s
----------------------------------------
Processing instance: ba_2048_1_3.txt
  Seed 1/1 (seed=42)
Initialized QQA solver (QQA). Results will be saved under 'QQA'.
Parameters:
  instance_name: ba_2048_1_3.txt
  dataset: barabasi_albert_10ins_m20
  random_seed: 42
  device: cuda
  sol_size: 100
  learning_rate: 1.0
  temp: 0.001
  min_bg: -3.0
  max_bg: 0.1
  curve_rate: 4.0
  div_param: 0.2
  num_epochs: 3000
  check_interval: 500
  plot_dynamics: False
  run_name: QQA
--------------------------------------------------
[DEBUG] Starting QQA with n=2049, sol_size=100, device=cuda

============================== [LOG] ===============================
[ EPOCH 0 ]
  Best Loss So Far : -92743.0000
  Mean(Loss)       : -29.3131
  Mean(Penalty)    : 1640.5725
  BG               : -3.0000
  DIV Value        : 590.0806
  div_param        : 0.2000
====================================================================

============================== [LOG] ===============================
[ EPOCH 500 ]
  Best Loss So Far : -496835.0000
  Mean(Loss)       : -480487.8125
  Mean(Penalty)    : 0.6770
  BG               : -2.4833
  DIV Value        : 1025.8268
  div_param        : 0.2000
====================================================================

============================== [LOG] ===============================
[ EPOCH 1000 ]
  Best Loss So Far : -496835.0000
  Mean(Loss)       : -480501.7188
  Mean(Penalty)    : 0.0654
  BG               : -1.9667
  DIV Value        : 1025.9175
  div_param        : 0.2000
====================================================================

============================== [LOG] ===============================
[ EPOCH 1500 ]
  Best Loss So Far : -496835.0000
  Mean(Loss)       : -480501.7188
  Mean(Penalty)    : 0.0014
  BG               : -1.4500
  DIV Value        : 1025.9265
  div_param        : 0.2000
====================================================================

============================== [LOG] ===============================
[ EPOCH 2000 ]
  Best Loss So Far : -496835.0000
  Mean(Loss)       : -480501.7188
  Mean(Penalty)    : 0.0000
  BG               : -0.9333
  DIV Value        : 1025.9268
  div_param        : 0.2000
====================================================================

============================== [LOG] ===============================
[ EPOCH 2500 ]
  Best Loss So Far : -496835.0000
  Mean(Loss)       : -480501.7188
  Mean(Penalty)    : 0.0000
  BG               : -0.4167
  DIV Value        : 1025.9268
  div_param        : 0.2000
====================================================================

============================== [LOG] ===============================
[ EPOCH 2999 ]
  Best Loss So Far : -496835.0000
  Mean(Loss)       : -480501.7188
  Mean(Penalty)    : 0.0000
  BG               : 0.0990
  DIV Value        : 1025.9268
  div_param        : 0.2000
====================================================================

============================== [FINAL] ==============================
FINAL BEST LOSS : -496835.0000
RUNTIME         : 5.89 s
====================================================================
sol_size:100, lr:1.0, temp:0.001, min_bg:-3.0, max_bg:0.1, curve_rate:4.0, div_param:0.2
[DEBUG] x_batch shape: torch.Size([100, 2049]), dtype: torch.float32, device: cuda:0
[DEBUG] x_batch range: [0.0000, 1.0000]
[DEBUG] x_round range: [0.0000, 1.0000]
[DEBUG] Best solution index: 47
[DEBUG] Best loss (from rounded): -496835.000000
[DEBUG] QQA reported best_obj: -496835.000000
[DEBUG] spins_tensor range: [-1.0000, 1.0000]
[DEBUG] Unique spin values: [-1.0, 1.0]
[DEBUG] Final energy: -496835.000000
QQA finished. Best energy: -496835.000000
Best objective (QQA loss): -496835.000000
Runtime reported by QQA: 5.8939s
Total wall-clock time: 5.8964s
Results saved to: results/barabasi_albert_10ins_m20/QQA/ba_2048_1_3.csv
Energy: -496835.000000
Time: 5.8964s
----------------------------------------
Processing instance: ba_2048_1_4.txt
  Seed 1/1 (seed=42)
Initialized QQA solver (QQA). Results will be saved under 'QQA'.
Parameters:
  instance_name: ba_2048_1_4.txt
  dataset: barabasi_albert_10ins_m20
  random_seed: 42
  device: cuda
  sol_size: 100
  learning_rate: 1.0
  temp: 0.001
  min_bg: -3.0
  max_bg: 0.1
  curve_rate: 4.0
  div_param: 0.2
  num_epochs: 3000
  check_interval: 500
  plot_dynamics: False
  run_name: QQA
--------------------------------------------------
[DEBUG] Starting QQA with n=2049, sol_size=100, device=cuda

============================== [LOG] ===============================
[ EPOCH 0 ]
  Best Loss So Far : -68112.0000
  Mean(Loss)       : -155.3960
  Mean(Penalty)    : 1640.5725
  BG               : -3.0000
  DIV Value        : 590.0806
  div_param        : 0.2000
====================================================================

============================== [LOG] ===============================
[ EPOCH 500 ]
  Best Loss So Far : -498714.0000
  Mean(Loss)       : -480486.6875
  Mean(Penalty)    : 0.5733
  BG               : -2.4833
  DIV Value        : 1025.1870
  div_param        : 0.2000
====================================================================

============================== [LOG] ===============================
[ EPOCH 1000 ]
  Best Loss So Far : -498714.0000
  Mean(Loss)       : -480561.6250
  Mean(Penalty)    : 0.0500
  BG               : -1.9667
  DIV Value        : 1025.2798
  div_param        : 0.2000
====================================================================

============================== [LOG] ===============================
[ EPOCH 1500 ]
  Best Loss So Far : -498714.0000
  Mean(Loss)       : -480561.6250
  Mean(Penalty)    : 0.0001
  BG               : -1.4500
  DIV Value        : 1025.2864
  div_param        : 0.2000
====================================================================

============================== [LOG] ===============================
[ EPOCH 2000 ]
  Best Loss So Far : -498714.0000
  Mean(Loss)       : -480561.6250
  Mean(Penalty)    : 0.0000
  BG               : -0.9333
  DIV Value        : 1025.2864
  div_param        : 0.2000
====================================================================

============================== [LOG] ===============================
[ EPOCH 2500 ]
  Best Loss So Far : -498714.0000
  Mean(Loss)       : -480561.6250
  Mean(Penalty)    : 0.0000
  BG               : -0.4167
  DIV Value        : 1025.2864
  div_param        : 0.2000
====================================================================

============================== [LOG] ===============================
[ EPOCH 2999 ]
  Best Loss So Far : -498714.0000
  Mean(Loss)       : -480561.6250
  Mean(Penalty)    : 0.0000
  BG               : 0.0990
  DIV Value        : 1025.2864
  div_param        : 0.2000
====================================================================

============================== [FINAL] ==============================
FINAL BEST LOSS : -498714.0000
RUNTIME         : 5.90 s
====================================================================
sol_size:100, lr:1.0, temp:0.001, min_bg:-3.0, max_bg:0.1, curve_rate:4.0, div_param:0.2
[DEBUG] x_batch shape: torch.Size([100, 2049]), dtype: torch.float32, device: cuda:0
[DEBUG] x_batch range: [0.0000, 1.0000]
[DEBUG] x_round range: [0.0000, 1.0000]
[DEBUG] Best solution index: 82
[DEBUG] Best loss (from rounded): -498714.000000
[DEBUG] QQA reported best_obj: -498714.000000
[DEBUG] spins_tensor range: [-1.0000, 1.0000]
[DEBUG] Unique spin values: [-1.0, 1.0]
[DEBUG] Final energy: -498714.000000
QQA finished. Best energy: -498714.000000
Best objective (QQA loss): -498714.000000
Runtime reported by QQA: 5.9029s
Total wall-clock time: 5.9053s
Results saved to: results/barabasi_albert_10ins_m20/QQA/ba_2048_1_4.csv
Energy: -498714.000000
Time: 5.9053s
----------------------------------------
Processing instance: ba_2048_1_5.txt
  Seed 1/1 (seed=42)
Initialized QQA solver (QQA). Results will be saved under 'QQA'.
Parameters:
  instance_name: ba_2048_1_5.txt
  dataset: barabasi_albert_10ins_m20
  random_seed: 42
  device: cuda
  sol_size: 100
  learning_rate: 1.0
  temp: 0.001
  min_bg: -3.0
  max_bg: 0.1
  curve_rate: 4.0
  div_param: 0.2
  num_epochs: 3000
  check_interval: 500
  plot_dynamics: False
  run_name: QQA
--------------------------------------------------
[DEBUG] Starting QQA with n=2049, sol_size=100, device=cuda

============================== [LOG] ===============================
[ EPOCH 0 ]
  Best Loss So Far : -88132.0000
  Mean(Loss)       : 253.9174
  Mean(Penalty)    : 1640.5725
  BG               : -3.0000
  DIV Value        : 590.0806
  div_param        : 0.2000
====================================================================

============================== [LOG] ===============================
[ EPOCH 500 ]
  Best Loss So Far : -499284.0000
  Mean(Loss)       : -478866.0938
  Mean(Penalty)    : 0.6122
  BG               : -2.4833
  DIV Value        : 1024.5671
  div_param        : 0.2000
====================================================================

============================== [LOG] ===============================
[ EPOCH 1000 ]
  Best Loss So Far : -499284.0000
  Mean(Loss)       : -478911.0312
  Mean(Penalty)    : 0.0966
  BG               : -1.9667
  DIV Value        : 1024.6399
  div_param        : 0.2000
====================================================================

============================== [LOG] ===============================
[ EPOCH 1500 ]
  Best Loss So Far : -499284.0000
  Mean(Loss)       : -478910.9688
  Mean(Penalty)    : 0.0026
  BG               : -1.4500
  DIV Value        : 1024.6552
  div_param        : 0.2000
====================================================================

============================== [LOG] ===============================
[ EPOCH 2000 ]
  Best Loss So Far : -499284.0000
  Mean(Loss)       : -478910.9688
  Mean(Penalty)    : 0.0000
  BG               : -0.9333
  DIV Value        : 1024.6554
  div_param        : 0.2000
====================================================================

============================== [LOG] ===============================
[ EPOCH 2500 ]
  Best Loss So Far : -499284.0000
  Mean(Loss)       : -478910.9688
  Mean(Penalty)    : 0.0000
  BG               : -0.4167
  DIV Value        : 1024.6554
  div_param        : 0.2000
====================================================================

============================== [LOG] ===============================
[ EPOCH 2999 ]
  Best Loss So Far : -499284.0000
  Mean(Loss)       : -478910.9688
  Mean(Penalty)    : 0.0000
  BG               : 0.0990
  DIV Value        : 1024.6554
  div_param        : 0.2000
====================================================================

============================== [FINAL] ==============================
FINAL BEST LOSS : -499284.0000
RUNTIME         : 5.89 s
====================================================================
sol_size:100, lr:1.0, temp:0.001, min_bg:-3.0, max_bg:0.1, curve_rate:4.0, div_param:0.2
[DEBUG] x_batch shape: torch.Size([100, 2049]), dtype: torch.float32, device: cuda:0
[DEBUG] x_batch range: [0.0000, 1.0000]
[DEBUG] x_round range: [0.0000, 1.0000]
[DEBUG] Best solution index: 27
[DEBUG] Best loss (from rounded): -499284.000000
[DEBUG] QQA reported best_obj: -499284.000000
[DEBUG] spins_tensor range: [-1.0000, 1.0000]
[DEBUG] Unique spin values: [-1.0, 1.0]
[DEBUG] Final energy: -499284.000000
QQA finished. Best energy: -499284.000000
Best objective (QQA loss): -499284.000000
Runtime reported by QQA: 5.8891s
Total wall-clock time: 5.8915s
Results saved to: results/barabasi_albert_10ins_m20/QQA/ba_2048_1_5.csv
Energy: -499284.000000
Time: 5.8915s
----------------------------------------
Processing instance: ba_2048_1_6.txt
  Seed 1/1 (seed=42)
Initialized QQA solver (QQA). Results will be saved under 'QQA'.
Parameters:
  instance_name: ba_2048_1_6.txt
  dataset: barabasi_albert_10ins_m20
  random_seed: 42
  device: cuda
  sol_size: 100
  learning_rate: 1.0
  temp: 0.001
  min_bg: -3.0
  max_bg: 0.1
  curve_rate: 4.0
  div_param: 0.2
  num_epochs: 3000
  check_interval: 500
  plot_dynamics: False
  run_name: QQA
--------------------------------------------------
[DEBUG] Starting QQA with n=2049, sol_size=100, device=cuda

============================== [LOG] ===============================
[ EPOCH 0 ]
  Best Loss So Far : -80434.0000
  Mean(Loss)       : -41.3588
  Mean(Penalty)    : 1640.5725
  BG               : -3.0000
  DIV Value        : 590.0806
  div_param        : 0.2000
====================================================================

============================== [LOG] ===============================
[ EPOCH 500 ]
  Best Loss So Far : -501666.0000
  Mean(Loss)       : -480562.6250
  Mean(Penalty)    : 0.6031
  BG               : -2.4833
  DIV Value        : 1024.2668
  div_param        : 0.2000
====================================================================

============================== [LOG] ===============================
[ EPOCH 1000 ]
  Best Loss So Far : -501666.0000
  Mean(Loss)       : -480633.7500
  Mean(Penalty)    : 0.0604
  BG               : -1.9667
  DIV Value        : 1024.3434
  div_param        : 0.2000
====================================================================

============================== [LOG] ===============================
[ EPOCH 1500 ]
  Best Loss So Far : -501666.0000
  Mean(Loss)       : -480633.7500
  Mean(Penalty)    : 0.0000
  BG               : -1.4500
  DIV Value        : 1024.3521
  div_param        : 0.2000
====================================================================

============================== [LOG] ===============================
[ EPOCH 2000 ]
  Best Loss So Far : -501666.0000
  Mean(Loss)       : -480633.7500
  Mean(Penalty)    : 0.0000
  BG               : -0.9333
  DIV Value        : 1024.3521
  div_param        : 0.2000
====================================================================

============================== [LOG] ===============================
[ EPOCH 2500 ]
  Best Loss So Far : -501666.0000
  Mean(Loss)       : -480633.7500
  Mean(Penalty)    : 0.0000
  BG               : -0.4167
  DIV Value        : 1024.3521
  div_param        : 0.2000
====================================================================

============================== [LOG] ===============================
[ EPOCH 2999 ]
  Best Loss So Far : -501666.0000
  Mean(Loss)       : -480633.7500
  Mean(Penalty)    : 0.0000
  BG               : 0.0990
  DIV Value        : 1024.3521
  div_param        : 0.2000
====================================================================

============================== [FINAL] ==============================
FINAL BEST LOSS : -501666.0000
RUNTIME         : 5.89 s
====================================================================
sol_size:100, lr:1.0, temp:0.001, min_bg:-3.0, max_bg:0.1, curve_rate:4.0, div_param:0.2
[DEBUG] x_batch shape: torch.Size([100, 2049]), dtype: torch.float32, device: cuda:0
[DEBUG] x_batch range: [0.0000, 1.0000]
[DEBUG] x_round range: [0.0000, 1.0000]
[DEBUG] Best solution index: 94
[DEBUG] Best loss (from rounded): -501666.000000
[DEBUG] QQA reported best_obj: -501666.000000
[DEBUG] spins_tensor range: [-1.0000, 1.0000]
[DEBUG] Unique spin values: [-1.0, 1.0]
[DEBUG] Final energy: -501666.000000
QQA finished. Best energy: -501666.000000
Best objective (QQA loss): -501666.000000
Runtime reported by QQA: 5.8927s
Total wall-clock time: 5.8951s
Results saved to: results/barabasi_albert_10ins_m20/QQA/ba_2048_1_6.csv
Energy: -501666.000000
Time: 5.8951s
----------------------------------------
Processing instance: ba_2048_1_7.txt
  Seed 1/1 (seed=42)
Initialized QQA solver (QQA). Results will be saved under 'QQA'.
Parameters:
  instance_name: ba_2048_1_7.txt
  dataset: barabasi_albert_10ins_m20
  random_seed: 42
  device: cuda
  sol_size: 100
  learning_rate: 1.0
  temp: 0.001
  min_bg: -3.0
  max_bg: 0.1
  curve_rate: 4.0
  div_param: 0.2
  num_epochs: 3000
  check_interval: 500
  plot_dynamics: False
  run_name: QQA
--------------------------------------------------
[DEBUG] Starting QQA with n=2049, sol_size=100, device=cuda

============================== [LOG] ===============================
[ EPOCH 0 ]
  Best Loss So Far : -81597.0000
  Mean(Loss)       : 264.6785
  Mean(Penalty)    : 1640.5725
  BG               : -3.0000
  DIV Value        : 590.0806
  div_param        : 0.2000
====================================================================

============================== [LOG] ===============================
[ EPOCH 500 ]
  Best Loss So Far : -498081.0000
  Mean(Loss)       : -479588.1250
  Mean(Penalty)    : 0.5198
  BG               : -2.4833
  DIV Value        : 1024.9465
  div_param        : 0.2000
====================================================================

============================== [LOG] ===============================
[ EPOCH 1000 ]
  Best Loss So Far : -498081.0000
  Mean(Loss)       : -479684.2812
  Mean(Penalty)    : 0.0705
  BG               : -1.9667
  DIV Value        : 1025.0049
  div_param        : 0.2000
====================================================================

============================== [LOG] ===============================
[ EPOCH 1500 ]
  Best Loss So Far : -498081.0000
  Mean(Loss)       : -479684.2812
  Mean(Penalty)    : 0.0090
  BG               : -1.4500
  DIV Value        : 1025.0137
  div_param        : 0.2000
====================================================================

============================== [LOG] ===============================
[ EPOCH 2000 ]
  Best Loss So Far : -498081.0000
  Mean(Loss)       : -479684.2812
  Mean(Penalty)    : 0.0000
  BG               : -0.9333
  DIV Value        : 1025.0149
  div_param        : 0.2000
====================================================================

============================== [LOG] ===============================
[ EPOCH 2500 ]
  Best Loss So Far : -498081.0000
  Mean(Loss)       : -479684.2812
  Mean(Penalty)    : 0.0000
  BG               : -0.4167
  DIV Value        : 1025.0149
  div_param        : 0.2000
====================================================================

============================== [LOG] ===============================
[ EPOCH 2999 ]
  Best Loss So Far : -498081.0000
  Mean(Loss)       : -479684.2812
  Mean(Penalty)    : 0.0000
  BG               : 0.0990
  DIV Value        : 1025.0149
  div_param        : 0.2000
====================================================================

============================== [FINAL] ==============================
FINAL BEST LOSS : -498081.0000
RUNTIME         : 5.89 s
====================================================================
sol_size:100, lr:1.0, temp:0.001, min_bg:-3.0, max_bg:0.1, curve_rate:4.0, div_param:0.2
[DEBUG] x_batch shape: torch.Size([100, 2049]), dtype: torch.float32, device: cuda:0
[DEBUG] x_batch range: [0.0000, 1.0000]
[DEBUG] x_round range: [0.0000, 1.0000]
[DEBUG] Best solution index: 8
[DEBUG] Best loss (from rounded): -498081.000000
[DEBUG] QQA reported best_obj: -498081.000000
[DEBUG] spins_tensor range: [-1.0000, 1.0000]
[DEBUG] Unique spin values: [-1.0, 1.0]
[DEBUG] Final energy: -498081.000000
QQA finished. Best energy: -498081.000000
Best objective (QQA loss): -498081.000000
Runtime reported by QQA: 5.8892s
Total wall-clock time: 5.8916s
Results saved to: results/barabasi_albert_10ins_m20/QQA/ba_2048_1_7.csv
Energy: -498081.000000
Time: 5.8916s
----------------------------------------
Processing instance: ba_2048_1_8.txt
  Seed 1/1 (seed=42)
Initialized QQA solver (QQA). Results will be saved under 'QQA'.
Parameters:
  instance_name: ba_2048_1_8.txt
  dataset: barabasi_albert_10ins_m20
  random_seed: 42
  device: cuda
  sol_size: 100
  learning_rate: 1.0
  temp: 0.001
  min_bg: -3.0
  max_bg: 0.1
  curve_rate: 4.0
  div_param: 0.2
  num_epochs: 3000
  check_interval: 500
  plot_dynamics: False
  run_name: QQA
--------------------------------------------------
[DEBUG] Starting QQA with n=2049, sol_size=100, device=cuda

============================== [LOG] ===============================
[ EPOCH 0 ]
  Best Loss So Far : -89716.0000
  Mean(Loss)       : -338.7314
  Mean(Penalty)    : 1640.5725
  BG               : -3.0000
  DIV Value        : 590.0806
  div_param        : 0.2000
====================================================================

============================== [LOG] ===============================
[ EPOCH 500 ]
  Best Loss So Far : -501524.0000
  Mean(Loss)       : -482193.6875
  Mean(Penalty)    : 0.5917
  BG               : -2.4833
  DIV Value        : 1024.8510
  div_param        : 0.2000
====================================================================

============================== [LOG] ===============================
[ EPOCH 1000 ]
  Best Loss So Far : -502058.0000
  Mean(Loss)       : -482244.4062
  Mean(Penalty)    : 0.0626
  BG               : -1.9667
  DIV Value        : 1024.9373
  div_param        : 0.2000
====================================================================

============================== [LOG] ===============================
[ EPOCH 1500 ]
  Best Loss So Far : -502058.0000
  Mean(Loss)       : -482244.3125
  Mean(Penalty)    : 0.0014
  BG               : -1.4500
  DIV Value        : 1024.9463
  div_param        : 0.2000
====================================================================

============================== [LOG] ===============================
[ EPOCH 2000 ]
  Best Loss So Far : -502058.0000
  Mean(Loss)       : -482244.3125
  Mean(Penalty)    : 0.0000
  BG               : -0.9333
  DIV Value        : 1024.9465
  div_param        : 0.2000
====================================================================

============================== [LOG] ===============================
[ EPOCH 2500 ]
  Best Loss So Far : -502058.0000
  Mean(Loss)       : -482244.3125
  Mean(Penalty)    : 0.0000
  BG               : -0.4167
  DIV Value        : 1024.9465
  div_param        : 0.2000
====================================================================

============================== [LOG] ===============================
[ EPOCH 2999 ]
  Best Loss So Far : -502058.0000
  Mean(Loss)       : -482244.3125
  Mean(Penalty)    : 0.0000
  BG               : 0.0990
  DIV Value        : 1024.9465
  div_param        : 0.2000
====================================================================

============================== [FINAL] ==============================
FINAL BEST LOSS : -502058.0000
RUNTIME         : 5.89 s
====================================================================
sol_size:100, lr:1.0, temp:0.001, min_bg:-3.0, max_bg:0.1, curve_rate:4.0, div_param:0.2
[DEBUG] x_batch shape: torch.Size([100, 2049]), dtype: torch.float32, device: cuda:0
[DEBUG] x_batch range: [0.0000, 1.0000]
[DEBUG] x_round range: [0.0000, 1.0000]
[DEBUG] Best solution index: 5
[DEBUG] Best loss (from rounded): -502058.000000
[DEBUG] QQA reported best_obj: -502058.000000
[DEBUG] spins_tensor range: [-1.0000, 1.0000]
[DEBUG] Unique spin values: [-1.0, 1.0]
[DEBUG] Final energy: -502058.000000
QQA finished. Best energy: -502058.000000
Best objective (QQA loss): -502058.000000
Runtime reported by QQA: 5.8905s
Total wall-clock time: 5.8930s
Results saved to: results/barabasi_albert_10ins_m20/QQA/ba_2048_1_8.csv
Energy: -502058.000000
Time: 5.8930s
----------------------------------------
Processing instance: ba_2048_1_9.txt
  Seed 1/1 (seed=42)
Initialized QQA solver (QQA). Results will be saved under 'QQA'.
Parameters:
  instance_name: ba_2048_1_9.txt
  dataset: barabasi_albert_10ins_m20
  random_seed: 42
  device: cuda
  sol_size: 100
  learning_rate: 1.0
  temp: 0.001
  min_bg: -3.0
  max_bg: 0.1
  curve_rate: 4.0
  div_param: 0.2
  num_epochs: 3000
  check_interval: 500
  plot_dynamics: False
  run_name: QQA
--------------------------------------------------
[DEBUG] Starting QQA with n=2049, sol_size=100, device=cuda

============================== [LOG] ===============================
[ EPOCH 0 ]
  Best Loss So Far : -97863.0000
  Mean(Loss)       : 623.0688
  Mean(Penalty)    : 1640.5725
  BG               : -3.0000
  DIV Value        : 590.0806
  div_param        : 0.2000
====================================================================

============================== [LOG] ===============================
[ EPOCH 500 ]
  Best Loss So Far : -499691.0000
  Mean(Loss)       : -480226.3750
  Mean(Penalty)    : 0.6350
  BG               : -2.4833
  DIV Value        : 1025.1597
  div_param        : 0.2000
====================================================================

============================== [LOG] ===============================
[ EPOCH 1000 ]
  Best Loss So Far : -499691.0000
  Mean(Loss)       : -480306.5938
  Mean(Penalty)    : 0.0568
  BG               : -1.9667
  DIV Value        : 1025.2527
  div_param        : 0.2000
====================================================================

============================== [LOG] ===============================
[ EPOCH 1500 ]
  Best Loss So Far : -499691.0000
  Mean(Loss)       : -480306.5625
  Mean(Penalty)    : 0.0016
  BG               : -1.4500
  DIV Value        : 1025.2601
  div_param        : 0.2000
====================================================================

============================== [LOG] ===============================
[ EPOCH 2000 ]
  Best Loss So Far : -499691.0000
  Mean(Loss)       : -480306.5625
  Mean(Penalty)    : 0.0000
  BG               : -0.9333
  DIV Value        : 1025.2604
  div_param        : 0.2000
====================================================================

============================== [LOG] ===============================
[ EPOCH 2500 ]
  Best Loss So Far : -499691.0000
  Mean(Loss)       : -480306.5625
  Mean(Penalty)    : 0.0000
  BG               : -0.4167
  DIV Value        : 1025.2604
  div_param        : 0.2000
====================================================================

============================== [LOG] ===============================
[ EPOCH 2999 ]
  Best Loss So Far : -499691.0000
  Mean(Loss)       : -480306.5625
  Mean(Penalty)    : 0.0000
  BG               : 0.0990
  DIV Value        : 1025.2604
  div_param        : 0.2000
====================================================================

============================== [FINAL] ==============================
FINAL BEST LOSS : -499691.0000
RUNTIME         : 5.88 s
====================================================================
sol_size:100, lr:1.0, temp:0.001, min_bg:-3.0, max_bg:0.1, curve_rate:4.0, div_param:0.2
[DEBUG] x_batch shape: torch.Size([100, 2049]), dtype: torch.float32, device: cuda:0
[DEBUG] x_batch range: [0.0000, 1.0000]
[DEBUG] x_round range: [0.0000, 1.0000]
[DEBUG] Best solution index: 37
[DEBUG] Best loss (from rounded): -499691.000000
[DEBUG] QQA reported best_obj: -499691.000000
[DEBUG] spins_tensor range: [-1.0000, 1.0000]
[DEBUG] Unique spin values: [-1.0, 1.0]
[DEBUG] Final energy: -499691.000000
QQA finished. Best energy: -499691.000000
Best objective (QQA loss): -499691.000000
Runtime reported by QQA: 5.8825s
Total wall-clock time: 5.8850s
Results saved to: results/barabasi_albert_10ins_m20/QQA/ba_2048_1_9.csv
Energy: -499691.000000
Time: 5.8850s
----------------------------------------
Processing instance: ba_256_1_0.txt
  Seed 1/1 (seed=42)
Initialized QQA solver (QQA). Results will be saved under 'QQA'.
Parameters:
  instance_name: ba_256_1_0.txt
  dataset: barabasi_albert_10ins_m20
  random_seed: 42
  device: cuda
  sol_size: 100
  learning_rate: 1.0
  temp: 0.001
  min_bg: -3.0
  max_bg: 0.1
  curve_rate: 4.0
  div_param: 0.2
  num_epochs: 3000
  check_interval: 500
  plot_dynamics: False
  run_name: QQA
--------------------------------------------------
[DEBUG] Starting QQA with n=257, sol_size=100, device=cuda

============================== [LOG] ===============================
[ EPOCH 0 ]
  Best Loss So Far : -19914.0000
  Mean(Loss)       : -229.5561
  Mean(Penalty)    : 205.8813
  BG               : -3.0000
  DIV Value        : 73.9058
  div_param        : 0.2000
====================================================================

============================== [LOG] ===============================
[ EPOCH 500 ]
  Best Loss So Far : -62868.0000
  Mean(Loss)       : -58890.1250
  Mean(Penalty)    : 0.0509
  BG               : -2.4833
  DIV Value        : 128.7140
  div_param        : 0.2000
====================================================================

============================== [LOG] ===============================
[ EPOCH 1000 ]
  Best Loss So Far : -62868.0000
  Mean(Loss)       : -58890.1016
  Mean(Penalty)    : 0.0117
  BG               : -1.9667
  DIV Value        : 128.7201
  div_param        : 0.2000
====================================================================

============================== [LOG] ===============================
[ EPOCH 1500 ]
  Best Loss So Far : -62868.0000
  Mean(Loss)       : -58890.1016
  Mean(Penalty)    : 0.0000
  BG               : -1.4500
  DIV Value        : 128.7218
  div_param        : 0.2000
====================================================================

============================== [LOG] ===============================
[ EPOCH 2000 ]
  Best Loss So Far : -62868.0000
  Mean(Loss)       : -58890.1016
  Mean(Penalty)    : 0.0000
  BG               : -0.9333
  DIV Value        : 128.7218
  div_param        : 0.2000
====================================================================

============================== [LOG] ===============================
[ EPOCH 2500 ]
  Best Loss So Far : -62868.0000
  Mean(Loss)       : -58890.1016
  Mean(Penalty)    : 0.0000
  BG               : -0.4167
  DIV Value        : 128.7218
  div_param        : 0.2000
====================================================================

============================== [LOG] ===============================
[ EPOCH 2999 ]
  Best Loss So Far : -62868.0000
  Mean(Loss)       : -58890.1016
  Mean(Penalty)    : 0.0000
  BG               : 0.0990
  DIV Value        : 128.7218
  div_param        : 0.2000
====================================================================

============================== [FINAL] ==============================
FINAL BEST LOSS : -62868.0000
RUNTIME         : 5.76 s
====================================================================
sol_size:100, lr:1.0, temp:0.001, min_bg:-3.0, max_bg:0.1, curve_rate:4.0, div_param:0.2
[DEBUG] x_batch shape: torch.Size([100, 257]), dtype: torch.float32, device: cuda:0
[DEBUG] x_batch range: [0.0000, 1.0000]
[DEBUG] x_round range: [0.0000, 1.0000]
[DEBUG] Best solution index: 12
[DEBUG] Best loss (from rounded): -62868.000000
[DEBUG] QQA reported best_obj: -62868.000000
[DEBUG] spins_tensor range: [-1.0000, 1.0000]
[DEBUG] Unique spin values: [-1.0, 1.0]
[DEBUG] Final energy: -62868.000000
QQA finished. Best energy: -62868.000000
Best objective (QQA loss): -62868.000000
Runtime reported by QQA: 5.7558s
Total wall-clock time: 5.7575s
Results saved to: results/barabasi_albert_10ins_m20/QQA/ba_256_1_0.csv
Energy: -62868.000000
Time: 5.7575s
----------------------------------------
Processing instance: ba_256_1_1.txt
  Seed 1/1 (seed=42)
Initialized QQA solver (QQA). Results will be saved under 'QQA'.
Parameters:
  instance_name: ba_256_1_1.txt
  dataset: barabasi_albert_10ins_m20
  random_seed: 42
  device: cuda
  sol_size: 100
  learning_rate: 1.0
  temp: 0.001
  min_bg: -3.0
  max_bg: 0.1
  curve_rate: 4.0
  div_param: 0.2
  num_epochs: 3000
  check_interval: 500
  plot_dynamics: False
  run_name: QQA
--------------------------------------------------
[DEBUG] Starting QQA with n=257, sol_size=100, device=cuda

============================== [LOG] ===============================
[ EPOCH 0 ]
  Best Loss So Far : -17770.0000
  Mean(Loss)       : 146.5544
  Mean(Penalty)    : 205.8813
  BG               : -3.0000
  DIV Value        : 73.9058
  div_param        : 0.2000
====================================================================

============================== [LOG] ===============================
[ EPOCH 500 ]
  Best Loss So Far : -65466.0000
  Mean(Loss)       : -58735.0195
  Mean(Penalty)    : 0.1174
  BG               : -2.4833
  DIV Value        : 128.7198
  div_param        : 0.2000
====================================================================

============================== [LOG] ===============================
[ EPOCH 1000 ]
  Best Loss So Far : -65466.0000
  Mean(Loss)       : -58758.9258
  Mean(Penalty)    : 0.0078
  BG               : -1.9667
  DIV Value        : 128.7397
  div_param        : 0.2000
====================================================================

============================== [LOG] ===============================
[ EPOCH 1500 ]
  Best Loss So Far : -65466.0000
  Mean(Loss)       : -58758.9219
  Mean(Penalty)    : 0.0000
  BG               : -1.4500
  DIV Value        : 128.7409
  div_param        : 0.2000
====================================================================

============================== [LOG] ===============================
[ EPOCH 2000 ]
  Best Loss So Far : -65466.0000
  Mean(Loss)       : -58758.9219
  Mean(Penalty)    : 0.0000
  BG               : -0.9333
  DIV Value        : 128.7409
  div_param        : 0.2000
====================================================================

============================== [LOG] ===============================
[ EPOCH 2500 ]
  Best Loss So Far : -65466.0000
  Mean(Loss)       : -58758.9219
  Mean(Penalty)    : 0.0000
  BG               : -0.4167
  DIV Value        : 128.7409
  div_param        : 0.2000
====================================================================

============================== [LOG] ===============================
[ EPOCH 2999 ]
  Best Loss So Far : -65466.0000
  Mean(Loss)       : -58758.9219
  Mean(Penalty)    : 0.0000
  BG               : 0.0990
  DIV Value        : 128.7409
  div_param        : 0.2000
====================================================================

============================== [FINAL] ==============================
FINAL BEST LOSS : -65466.0000
RUNTIME         : 5.79 s
====================================================================
sol_size:100, lr:1.0, temp:0.001, min_bg:-3.0, max_bg:0.1, curve_rate:4.0, div_param:0.2
[DEBUG] x_batch shape: torch.Size([100, 257]), dtype: torch.float32, device: cuda:0
[DEBUG] x_batch range: [0.0000, 1.0000]
[DEBUG] x_round range: [0.0000, 1.0000]
[DEBUG] Best solution index: 38
[DEBUG] Best loss (from rounded): -65466.000000
[DEBUG] QQA reported best_obj: -65466.000000
[DEBUG] spins_tensor range: [-1.0000, 1.0000]
[DEBUG] Unique spin values: [-1.0, 1.0]
[DEBUG] Final energy: -65466.000000
QQA finished. Best energy: -65466.000000
Best objective (QQA loss): -65466.000000
Runtime reported by QQA: 5.7894s
Total wall-clock time: 5.7911s
Results saved to: results/barabasi_albert_10ins_m20/QQA/ba_256_1_1.csv
Energy: -65466.000000
Time: 5.7911s
----------------------------------------
Processing instance: ba_256_1_2.txt
  Seed 1/1 (seed=42)
Initialized QQA solver (QQA). Results will be saved under 'QQA'.
Parameters:
  instance_name: ba_256_1_2.txt
  dataset: barabasi_albert_10ins_m20
  random_seed: 42
  device: cuda
  sol_size: 100
  learning_rate: 1.0
  temp: 0.001
  min_bg: -3.0
  max_bg: 0.1
  curve_rate: 4.0
  div_param: 0.2
  num_epochs: 3000
  check_interval: 500
  plot_dynamics: False
  run_name: QQA
--------------------------------------------------
[DEBUG] Starting QQA with n=257, sol_size=100, device=cuda

============================== [LOG] ===============================
[ EPOCH 0 ]
  Best Loss So Far : -20143.0000
  Mean(Loss)       : -79.6719
  Mean(Penalty)    : 205.8813
  BG               : -3.0000
  DIV Value        : 73.9058
  div_param        : 0.2000
====================================================================

============================== [LOG] ===============================
[ EPOCH 500 ]
  Best Loss So Far : -63943.0000
  Mean(Loss)       : -57904.8047
  Mean(Penalty)    : 0.0409
  BG               : -2.4833
  DIV Value        : 128.6084
  div_param        : 0.2000
====================================================================

============================== [LOG] ===============================
[ EPOCH 1000 ]
  Best Loss So Far : -63943.0000
  Mean(Loss)       : -57904.8398
  Mean(Penalty)    : 0.0036
  BG               : -1.9667
  DIV Value        : 128.6133
  div_param        : 0.2000
====================================================================

============================== [LOG] ===============================
[ EPOCH 1500 ]
  Best Loss So Far : -63943.0000
  Mean(Loss)       : -57904.8398
  Mean(Penalty)    : 0.0000
  BG               : -1.4500
  DIV Value        : 128.6137
  div_param        : 0.2000
====================================================================

============================== [LOG] ===============================
[ EPOCH 2000 ]
  Best Loss So Far : -63943.0000
  Mean(Loss)       : -57904.8398
  Mean(Penalty)    : 0.0000
  BG               : -0.9333
  DIV Value        : 128.6137
  div_param        : 0.2000
====================================================================

============================== [LOG] ===============================
[ EPOCH 2500 ]
  Best Loss So Far : -63943.0000
  Mean(Loss)       : -57904.8398
  Mean(Penalty)    : 0.0000
  BG               : -0.4167
  DIV Value        : 128.6137
  div_param        : 0.2000
====================================================================

============================== [LOG] ===============================
[ EPOCH 2999 ]
  Best Loss So Far : -63943.0000
  Mean(Loss)       : -57904.8398
  Mean(Penalty)    : 0.0000
  BG               : 0.0990
  DIV Value        : 128.6137
  div_param        : 0.2000
====================================================================

============================== [FINAL] ==============================
FINAL BEST LOSS : -63943.0000
RUNTIME         : 5.79 s
====================================================================
sol_size:100, lr:1.0, temp:0.001, min_bg:-3.0, max_bg:0.1, curve_rate:4.0, div_param:0.2
[DEBUG] x_batch shape: torch.Size([100, 257]), dtype: torch.float32, device: cuda:0
[DEBUG] x_batch range: [0.0000, 1.0000]
[DEBUG] x_round range: [0.0000, 1.0000]
[DEBUG] Best solution index: 42
[DEBUG] Best loss (from rounded): -63943.000000
[DEBUG] QQA reported best_obj: -63943.000000
[DEBUG] spins_tensor range: [-1.0000, 1.0000]
[DEBUG] Unique spin values: [-1.0, 1.0]
[DEBUG] Final energy: -63943.000000
QQA finished. Best energy: -63943.000000
Best objective (QQA loss): -63943.000000
Runtime reported by QQA: 5.7923s
Total wall-clock time: 5.7940s
Results saved to: results/barabasi_albert_10ins_m20/QQA/ba_256_1_2.csv
Energy: -63943.000000
Time: 5.7940s
----------------------------------------
Processing instance: ba_256_1_3.txt
  Seed 1/1 (seed=42)
Initialized QQA solver (QQA). Results will be saved under 'QQA'.
Parameters:
  instance_name: ba_256_1_3.txt
  dataset: barabasi_albert_10ins_m20
  random_seed: 42
  device: cuda
  sol_size: 100
  learning_rate: 1.0
  temp: 0.001
  min_bg: -3.0
  max_bg: 0.1
  curve_rate: 4.0
  div_param: 0.2
  num_epochs: 3000
  check_interval: 500
  plot_dynamics: False
  run_name: QQA
--------------------------------------------------
[DEBUG] Starting QQA with n=257, sol_size=100, device=cuda

============================== [LOG] ===============================
[ EPOCH 0 ]
  Best Loss So Far : -16433.0000
  Mean(Loss)       : 128.3586
  Mean(Penalty)    : 205.8813
  BG               : -3.0000
  DIV Value        : 73.9058
  div_param        : 0.2000
====================================================================

============================== [LOG] ===============================
[ EPOCH 500 ]
  Best Loss So Far : -64859.0000
  Mean(Loss)       : -58977.2383
  Mean(Penalty)    : 0.0652
  BG               : -2.4833
  DIV Value        : 128.6987
  div_param        : 0.2000
====================================================================

============================== [LOG] ===============================
[ EPOCH 1000 ]
  Best Loss So Far : -64859.0000
  Mean(Loss)       : -58977.2031
  Mean(Penalty)    : 0.0088
  BG               : -1.9667
  DIV Value        : 128.7073
  div_param        : 0.2000
====================================================================

============================== [LOG] ===============================
[ EPOCH 1500 ]
  Best Loss So Far : -64859.0000
  Mean(Loss)       : -58977.1992
  Mean(Penalty)    : 0.0014
  BG               : -1.4500
  DIV Value        : 128.7084
  div_param        : 0.2000
====================================================================

============================== [LOG] ===============================
[ EPOCH 2000 ]
  Best Loss So Far : -64859.0000
  Mean(Loss)       : -58977.1992
  Mean(Penalty)    : 0.0000
  BG               : -0.9333
  DIV Value        : 128.7086
  div_param        : 0.2000
====================================================================

============================== [LOG] ===============================
[ EPOCH 2500 ]
  Best Loss So Far : -64859.0000
  Mean(Loss)       : -58977.1992
  Mean(Penalty)    : 0.0000
  BG               : -0.4167
  DIV Value        : 128.7086
  div_param        : 0.2000
====================================================================

============================== [LOG] ===============================
[ EPOCH 2999 ]
  Best Loss So Far : -64859.0000
  Mean(Loss)       : -58977.1992
  Mean(Penalty)    : 0.0000
  BG               : 0.0990
  DIV Value        : 128.7086
  div_param        : 0.2000
====================================================================

============================== [FINAL] ==============================
FINAL BEST LOSS : -64859.0000
RUNTIME         : 5.80 s
====================================================================
sol_size:100, lr:1.0, temp:0.001, min_bg:-3.0, max_bg:0.1, curve_rate:4.0, div_param:0.2
[DEBUG] x_batch shape: torch.Size([100, 257]), dtype: torch.float32, device: cuda:0
[DEBUG] x_batch range: [0.0000, 1.0000]
[DEBUG] x_round range: [0.0000, 1.0000]
[DEBUG] Best solution index: 90
[DEBUG] Best loss (from rounded): -64859.000000
[DEBUG] QQA reported best_obj: -64859.000000
[DEBUG] spins_tensor range: [-1.0000, 1.0000]
[DEBUG] Unique spin values: [-1.0, 1.0]
[DEBUG] Final energy: -64859.000000
QQA finished. Best energy: -64859.000000
Best objective (QQA loss): -64859.000000
Runtime reported by QQA: 5.7991s
Total wall-clock time: 5.8008s
Results saved to: results/barabasi_albert_10ins_m20/QQA/ba_256_1_3.csv
Energy: -64859.000000
Time: 5.8008s
----------------------------------------
Processing instance: ba_256_1_4.txt
  Seed 1/1 (seed=42)
Initialized QQA solver (QQA). Results will be saved under 'QQA'.
Parameters:
  instance_name: ba_256_1_4.txt
  dataset: barabasi_albert_10ins_m20
  random_seed: 42
  device: cuda
  sol_size: 100
  learning_rate: 1.0
  temp: 0.001
  min_bg: -3.0
  max_bg: 0.1
  curve_rate: 4.0
  div_param: 0.2
  num_epochs: 3000
  check_interval: 500
  plot_dynamics: False
  run_name: QQA
--------------------------------------------------
[DEBUG] Starting QQA with n=257, sol_size=100, device=cuda

============================== [LOG] ===============================
[ EPOCH 0 ]
  Best Loss So Far : -21427.0000
  Mean(Loss)       : -295.8875
  Mean(Penalty)    : 205.8813
  BG               : -3.0000
  DIV Value        : 73.9058
  div_param        : 0.2000
====================================================================

============================== [LOG] ===============================
[ EPOCH 500 ]
  Best Loss So Far : -63539.0000
  Mean(Loss)       : -59017.7031
  Mean(Penalty)    : 0.0317
  BG               : -2.4833
  DIV Value        : 128.4989
  div_param        : 0.2000
====================================================================

============================== [LOG] ===============================
[ EPOCH 1000 ]
  Best Loss So Far : -63539.0000
  Mean(Loss)       : -59017.6797
  Mean(Penalty)    : 0.0024
  BG               : -1.9667
  DIV Value        : 128.5035
  div_param        : 0.2000
====================================================================

============================== [LOG] ===============================
[ EPOCH 1500 ]
  Best Loss So Far : -63539.0000
  Mean(Loss)       : -59017.6797
  Mean(Penalty)    : 0.0000
  BG               : -1.4500
  DIV Value        : 128.5039
  div_param        : 0.2000
====================================================================

============================== [LOG] ===============================
[ EPOCH 2000 ]
  Best Loss So Far : -63539.0000
  Mean(Loss)       : -59017.6797
  Mean(Penalty)    : 0.0000
  BG               : -0.9333
  DIV Value        : 128.5039
  div_param        : 0.2000
====================================================================

============================== [LOG] ===============================
[ EPOCH 2500 ]
  Best Loss So Far : -63539.0000
  Mean(Loss)       : -59017.6797
  Mean(Penalty)    : 0.0000
  BG               : -0.4167
  DIV Value        : 128.5039
  div_param        : 0.2000
====================================================================

============================== [LOG] ===============================
[ EPOCH 2999 ]
  Best Loss So Far : -63539.0000
  Mean(Loss)       : -59017.6797
  Mean(Penalty)    : 0.0000
  BG               : 0.0990
  DIV Value        : 128.5039
  div_param        : 0.2000
====================================================================

============================== [FINAL] ==============================
FINAL BEST LOSS : -63539.0000
RUNTIME         : 5.80 s
====================================================================
sol_size:100, lr:1.0, temp:0.001, min_bg:-3.0, max_bg:0.1, curve_rate:4.0, div_param:0.2
[DEBUG] x_batch shape: torch.Size([100, 257]), dtype: torch.float32, device: cuda:0
[DEBUG] x_batch range: [0.0000, 1.0000]
[DEBUG] x_round range: [0.0000, 1.0000]
[DEBUG] Best solution index: 29
[DEBUG] Best loss (from rounded): -63539.000000
[DEBUG] QQA reported best_obj: -63539.000000
[DEBUG] spins_tensor range: [-1.0000, 1.0000]
[DEBUG] Unique spin values: [-1.0, 1.0]
[DEBUG] Final energy: -63539.000000
QQA finished. Best energy: -63539.000000
Best objective (QQA loss): -63539.000000
Runtime reported by QQA: 5.8012s
Total wall-clock time: 5.8031s
Results saved to: results/barabasi_albert_10ins_m20/QQA/ba_256_1_4.csv
Energy: -63539.000000
Time: 5.8031s
----------------------------------------
Processing instance: ba_256_1_5.txt
  Seed 1/1 (seed=42)
Initialized QQA solver (QQA). Results will be saved under 'QQA'.
Parameters:
  instance_name: ba_256_1_5.txt
  dataset: barabasi_albert_10ins_m20
  random_seed: 42
  device: cuda
  sol_size: 100
  learning_rate: 1.0
  temp: 0.001
  min_bg: -3.0
  max_bg: 0.1
  curve_rate: 4.0
  div_param: 0.2
  num_epochs: 3000
  check_interval: 500
  plot_dynamics: False
  run_name: QQA
--------------------------------------------------
[DEBUG] Starting QQA with n=257, sol_size=100, device=cuda

============================== [LOG] ===============================
[ EPOCH 0 ]
  Best Loss So Far : -19068.0000
  Mean(Loss)       : 89.0696
  Mean(Penalty)    : 205.8813
  BG               : -3.0000
  DIV Value        : 73.9058
  div_param        : 0.2000
====================================================================

============================== [LOG] ===============================
[ EPOCH 500 ]
  Best Loss So Far : -63410.0000
  Mean(Loss)       : -58837.1953
  Mean(Penalty)    : 0.0398
  BG               : -2.4833
  DIV Value        : 128.5734
  div_param        : 0.2000
====================================================================

============================== [LOG] ===============================
[ EPOCH 1000 ]
  Best Loss So Far : -63410.0000
  Mean(Loss)       : -58837.1797
  Mean(Penalty)    : 0.0035
  BG               : -1.9667
  DIV Value        : 128.5786
  div_param        : 0.2000
====================================================================

============================== [LOG] ===============================
[ EPOCH 1500 ]
  Best Loss So Far : -63410.0000
  Mean(Loss)       : -58837.1797
  Mean(Penalty)    : 0.0000
  BG               : -1.4500
  DIV Value        : 128.5791
  div_param        : 0.2000
====================================================================

============================== [LOG] ===============================
[ EPOCH 2000 ]
  Best Loss So Far : -63410.0000
  Mean(Loss)       : -58837.1797
  Mean(Penalty)    : 0.0000
  BG               : -0.9333
  DIV Value        : 128.5791
  div_param        : 0.2000
====================================================================

============================== [LOG] ===============================
[ EPOCH 2500 ]
  Best Loss So Far : -63410.0000
  Mean(Loss)       : -58837.1797
  Mean(Penalty)    : 0.0000
  BG               : -0.4167
  DIV Value        : 128.5791
  div_param        : 0.2000
====================================================================

============================== [LOG] ===============================
[ EPOCH 2999 ]
  Best Loss So Far : -63410.0000
  Mean(Loss)       : -58837.1797
  Mean(Penalty)    : 0.0000
  BG               : 0.0990
  DIV Value        : 128.5791
  div_param        : 0.2000
====================================================================

============================== [FINAL] ==============================
FINAL BEST LOSS : -63410.0000
RUNTIME         : 5.80 s
====================================================================
sol_size:100, lr:1.0, temp:0.001, min_bg:-3.0, max_bg:0.1, curve_rate:4.0, div_param:0.2
[DEBUG] x_batch shape: torch.Size([100, 257]), dtype: torch.float32, device: cuda:0
[DEBUG] x_batch range: [0.0000, 1.0000]
[DEBUG] x_round range: [0.0000, 1.0000]
[DEBUG] Best solution index: 78
[DEBUG] Best loss (from rounded): -63410.000000
[DEBUG] QQA reported best_obj: -63410.000000
[DEBUG] spins_tensor range: [-1.0000, 1.0000]
[DEBUG] Unique spin values: [-1.0, 1.0]
[DEBUG] Final energy: -63410.000000
QQA finished. Best energy: -63410.000000
Best objective (QQA loss): -63410.000000
Runtime reported by QQA: 5.8011s
Total wall-clock time: 5.8027s
Results saved to: results/barabasi_albert_10ins_m20/QQA/ba_256_1_5.csv
Energy: -63410.000000
Time: 5.8027s
----------------------------------------
Processing instance: ba_256_1_6.txt
  Seed 1/1 (seed=42)
Initialized QQA solver (QQA). Results will be saved under 'QQA'.
Parameters:
  instance_name: ba_256_1_6.txt
  dataset: barabasi_albert_10ins_m20
  random_seed: 42
  device: cuda
  sol_size: 100
  learning_rate: 1.0
  temp: 0.001
  min_bg: -3.0
  max_bg: 0.1
  curve_rate: 4.0
  div_param: 0.2
  num_epochs: 3000
  check_interval: 500
  plot_dynamics: False
  run_name: QQA
--------------------------------------------------
[DEBUG] Starting QQA with n=257, sol_size=100, device=cuda

============================== [LOG] ===============================
[ EPOCH 0 ]
  Best Loss So Far : -21853.0000
  Mean(Loss)       : -97.9864
  Mean(Penalty)    : 205.8813
  BG               : -3.0000
  DIV Value        : 73.9058
  div_param        : 0.2000
====================================================================

============================== [LOG] ===============================
[ EPOCH 500 ]
  Best Loss So Far : -63487.0000
  Mean(Loss)       : -57680.7383
  Mean(Penalty)    : 0.0920
  BG               : -2.4833
  DIV Value        : 128.6953
  div_param        : 0.2000
====================================================================

============================== [LOG] ===============================
[ EPOCH 1000 ]
  Best Loss So Far : -63487.0000
  Mean(Loss)       : -57680.8008
  Mean(Penalty)    : 0.0067
  BG               : -1.9667
  DIV Value        : 128.7079
  div_param        : 0.2000
====================================================================

============================== [LOG] ===============================
[ EPOCH 1500 ]
  Best Loss So Far : -63487.0000
  Mean(Loss)       : -57680.8008
  Mean(Penalty)    : 0.0000
  BG               : -1.4500
  DIV Value        : 128.7088
  div_param        : 0.2000
====================================================================

============================== [LOG] ===============================
[ EPOCH 2000 ]
  Best Loss So Far : -63487.0000
  Mean(Loss)       : -57680.8008
  Mean(Penalty)    : 0.0000
  BG               : -0.9333
  DIV Value        : 128.7088
  div_param        : 0.2000
====================================================================

============================== [LOG] ===============================
[ EPOCH 2500 ]
  Best Loss So Far : -63487.0000
  Mean(Loss)       : -57680.8008
  Mean(Penalty)    : 0.0000
  BG               : -0.4167
  DIV Value        : 128.7088
  div_param        : 0.2000
====================================================================

============================== [LOG] ===============================
[ EPOCH 2999 ]
  Best Loss So Far : -63487.0000
  Mean(Loss)       : -57680.8008
  Mean(Penalty)    : 0.0000
  BG               : 0.0990
  DIV Value        : 128.7088
  div_param        : 0.2000
====================================================================

============================== [FINAL] ==============================
FINAL BEST LOSS : -63487.0000
RUNTIME         : 5.80 s
====================================================================
sol_size:100, lr:1.0, temp:0.001, min_bg:-3.0, max_bg:0.1, curve_rate:4.0, div_param:0.2
[DEBUG] x_batch shape: torch.Size([100, 257]), dtype: torch.float32, device: cuda:0
[DEBUG] x_batch range: [0.0000, 1.0000]
[DEBUG] x_round range: [0.0000, 1.0000]
[DEBUG] Best solution index: 94
[DEBUG] Best loss (from rounded): -63487.000000
[DEBUG] QQA reported best_obj: -63487.000000
[DEBUG] spins_tensor range: [-1.0000, 1.0000]
[DEBUG] Unique spin values: [-1.0, 1.0]
[DEBUG] Final energy: -63487.000000
QQA finished. Best energy: -63487.000000
Best objective (QQA loss): -63487.000000
Runtime reported by QQA: 5.8003s
Total wall-clock time: 5.8019s
Results saved to: results/barabasi_albert_10ins_m20/QQA/ba_256_1_6.csv
Energy: -63487.000000
Time: 5.8019s
----------------------------------------
Processing instance: ba_256_1_7.txt
  Seed 1/1 (seed=42)
Initialized QQA solver (QQA). Results will be saved under 'QQA'.
Parameters:
  instance_name: ba_256_1_7.txt
  dataset: barabasi_albert_10ins_m20
  random_seed: 42
  device: cuda
  sol_size: 100
  learning_rate: 1.0
  temp: 0.001
  min_bg: -3.0
  max_bg: 0.1
  curve_rate: 4.0
  div_param: 0.2
  num_epochs: 3000
  check_interval: 500
  plot_dynamics: False
  run_name: QQA
--------------------------------------------------
[DEBUG] Starting QQA with n=257, sol_size=100, device=cuda

============================== [LOG] ===============================
[ EPOCH 0 ]
  Best Loss So Far : -24564.0000
  Mean(Loss)       : -165.5836
  Mean(Penalty)    : 205.8813
  BG               : -3.0000
  DIV Value        : 73.9058
  div_param        : 0.2000
====================================================================

============================== [LOG] ===============================
[ EPOCH 500 ]
  Best Loss So Far : -62288.0000
  Mean(Loss)       : -57901.8281
  Mean(Penalty)    : 0.0746
  BG               : -2.4833
  DIV Value        : 128.5752
  div_param        : 0.2000
====================================================================

============================== [LOG] ===============================
[ EPOCH 1000 ]
  Best Loss So Far : -62288.0000
  Mean(Loss)       : -57901.7891
  Mean(Penalty)    : 0.0154
  BG               : -1.9667
  DIV Value        : 128.5840
  div_param        : 0.2000
====================================================================

============================== [LOG] ===============================
[ EPOCH 1500 ]
  Best Loss So Far : -62288.0000
  Mean(Loss)       : -57901.7812
  Mean(Penalty)    : 0.0000
  BG               : -1.4500
  DIV Value        : 128.5862
  div_param        : 0.2000
====================================================================

============================== [LOG] ===============================
[ EPOCH 2000 ]
  Best Loss So Far : -62288.0000
  Mean(Loss)       : -57901.7812
  Mean(Penalty)    : 0.0000
  BG               : -0.9333
  DIV Value        : 128.5862
  div_param        : 0.2000
====================================================================

============================== [LOG] ===============================
[ EPOCH 2500 ]
  Best Loss So Far : -62288.0000
  Mean(Loss)       : -57901.7812
  Mean(Penalty)    : 0.0000
  BG               : -0.4167
  DIV Value        : 128.5862
  div_param        : 0.2000
====================================================================

============================== [LOG] ===============================
[ EPOCH 2999 ]
  Best Loss So Far : -62288.0000
  Mean(Loss)       : -57901.7812
  Mean(Penalty)    : 0.0000
  BG               : 0.0990
  DIV Value        : 128.5862
  div_param        : 0.2000
====================================================================

============================== [FINAL] ==============================
FINAL BEST LOSS : -62288.0000
RUNTIME         : 5.79 s
====================================================================
sol_size:100, lr:1.0, temp:0.001, min_bg:-3.0, max_bg:0.1, curve_rate:4.0, div_param:0.2
[DEBUG] x_batch shape: torch.Size([100, 257]), dtype: torch.float32, device: cuda:0
[DEBUG] x_batch range: [0.0000, 1.0000]
[DEBUG] x_round range: [0.0000, 1.0000]
[DEBUG] Best solution index: 90
[DEBUG] Best loss (from rounded): -62288.000000
[DEBUG] QQA reported best_obj: -62288.000000
[DEBUG] spins_tensor range: [-1.0000, 1.0000]
[DEBUG] Unique spin values: [-1.0, 1.0]
[DEBUG] Final energy: -62288.000000
QQA finished. Best energy: -62288.000000
Best objective (QQA loss): -62288.000000
Runtime reported by QQA: 5.7948s
Total wall-clock time: 5.7964s
Results saved to: results/barabasi_albert_10ins_m20/QQA/ba_256_1_7.csv
Energy: -62288.000000
Time: 5.7964s
----------------------------------------
Processing instance: ba_256_1_8.txt
  Seed 1/1 (seed=42)
Initialized QQA solver (QQA). Results will be saved under 'QQA'.
Parameters:
  instance_name: ba_256_1_8.txt
  dataset: barabasi_albert_10ins_m20
  random_seed: 42
  device: cuda
  sol_size: 100
  learning_rate: 1.0
  temp: 0.001
  min_bg: -3.0
  max_bg: 0.1
  curve_rate: 4.0
  div_param: 0.2
  num_epochs: 3000
  check_interval: 500
  plot_dynamics: False
  run_name: QQA
--------------------------------------------------
[DEBUG] Starting QQA with n=257, sol_size=100, device=cuda

============================== [LOG] ===============================
[ EPOCH 0 ]
  Best Loss So Far : -21349.0000
  Mean(Loss)       : -297.0227
  Mean(Penalty)    : 205.8813
  BG               : -3.0000
  DIV Value        : 73.9058
  div_param        : 0.2000
====================================================================

============================== [LOG] ===============================
[ EPOCH 500 ]
  Best Loss So Far : -63181.0000
  Mean(Loss)       : -59059.2305
  Mean(Penalty)    : 0.0712
  BG               : -2.4833
  DIV Value        : 128.6768
  div_param        : 0.2000
====================================================================

============================== [LOG] ===============================
[ EPOCH 1000 ]
  Best Loss So Far : -63181.0000
  Mean(Loss)       : -59062.1445
  Mean(Penalty)    : 0.0043
  BG               : -1.9667
  DIV Value        : 128.6859
  div_param        : 0.2000
====================================================================

============================== [LOG] ===============================
[ EPOCH 1500 ]
  Best Loss So Far : -63181.0000
  Mean(Loss)       : -59062.1406
  Mean(Penalty)    : 0.0000
  BG               : -1.4500
  DIV Value        : 128.6867
  div_param        : 0.2000
====================================================================

============================== [LOG] ===============================
[ EPOCH 2000 ]
  Best Loss So Far : -63181.0000
  Mean(Loss)       : -59062.1406
  Mean(Penalty)    : 0.0000
  BG               : -0.9333
  DIV Value        : 128.6867
  div_param        : 0.2000
====================================================================

============================== [LOG] ===============================
[ EPOCH 2500 ]
  Best Loss So Far : -63181.0000
  Mean(Loss)       : -59062.1406
  Mean(Penalty)    : 0.0000
  BG               : -0.4167
  DIV Value        : 128.6867
  div_param        : 0.2000
====================================================================

============================== [LOG] ===============================
[ EPOCH 2999 ]
  Best Loss So Far : -63181.0000
  Mean(Loss)       : -59062.1406
  Mean(Penalty)    : 0.0000
  BG               : 0.0990
  DIV Value        : 128.6867
  div_param        : 0.2000
====================================================================

============================== [FINAL] ==============================
FINAL BEST LOSS : -63181.0000
RUNTIME         : 5.79 s
====================================================================
sol_size:100, lr:1.0, temp:0.001, min_bg:-3.0, max_bg:0.1, curve_rate:4.0, div_param:0.2
[DEBUG] x_batch shape: torch.Size([100, 257]), dtype: torch.float32, device: cuda:0
[DEBUG] x_batch range: [0.0000, 1.0000]
[DEBUG] x_round range: [0.0000, 1.0000]
[DEBUG] Best solution index: 35
[DEBUG] Best loss (from rounded): -63181.000000
[DEBUG] QQA reported best_obj: -63181.000000
[DEBUG] spins_tensor range: [-1.0000, 1.0000]
[DEBUG] Unique spin values: [-1.0, 1.0]
[DEBUG] Final energy: -63181.000000
QQA finished. Best energy: -63181.000000
Best objective (QQA loss): -63181.000000
Runtime reported by QQA: 5.7900s
Total wall-clock time: 5.7916s
Results saved to: results/barabasi_albert_10ins_m20/QQA/ba_256_1_8.csv
Energy: -63181.000000
Time: 5.7916s
----------------------------------------
Processing instance: ba_256_1_9.txt
  Seed 1/1 (seed=42)
Initialized QQA solver (QQA). Results will be saved under 'QQA'.
Parameters:
  instance_name: ba_256_1_9.txt
  dataset: barabasi_albert_10ins_m20
  random_seed: 42
  device: cuda
  sol_size: 100
  learning_rate: 1.0
  temp: 0.001
  min_bg: -3.0
  max_bg: 0.1
  curve_rate: 4.0
  div_param: 0.2
  num_epochs: 3000
  check_interval: 500
  plot_dynamics: False
  run_name: QQA
--------------------------------------------------
[DEBUG] Starting QQA with n=257, sol_size=100, device=cuda

============================== [LOG] ===============================
[ EPOCH 0 ]
  Best Loss So Far : -28325.0000
  Mean(Loss)       : -213.8414
  Mean(Penalty)    : 205.8813
  BG               : -3.0000
  DIV Value        : 73.9058
  div_param        : 0.2000
====================================================================

============================== [LOG] ===============================
[ EPOCH 500 ]
  Best Loss So Far : -63909.0000
  Mean(Loss)       : -59086.6484
  Mean(Penalty)    : 0.0701
  BG               : -2.4833
  DIV Value        : 128.4352
  div_param        : 0.2000
====================================================================

============================== [LOG] ===============================
[ EPOCH 1000 ]
  Best Loss So Far : -63909.0000
  Mean(Loss)       : -59086.6797
  Mean(Penalty)    : 0.0074
  BG               : -1.9667
  DIV Value        : 128.4435
  div_param        : 0.2000
====================================================================

============================== [LOG] ===============================
[ EPOCH 1500 ]
  Best Loss So Far : -63909.0000
  Mean(Loss)       : -59086.6797
  Mean(Penalty)    : 0.0000
  BG               : -1.4500
  DIV Value        : 128.4444
  div_param        : 0.2000
====================================================================

============================== [LOG] ===============================
[ EPOCH 2000 ]
  Best Loss So Far : -63909.0000
  Mean(Loss)       : -59086.6797
  Mean(Penalty)    : 0.0000
  BG               : -0.9333
  DIV Value        : 128.4444
  div_param        : 0.2000
====================================================================

============================== [LOG] ===============================
[ EPOCH 2500 ]
  Best Loss So Far : -63909.0000
  Mean(Loss)       : -59086.6797
  Mean(Penalty)    : 0.0000
  BG               : -0.4167
  DIV Value        : 128.4444
  div_param        : 0.2000
====================================================================

============================== [LOG] ===============================
[ EPOCH 2999 ]
  Best Loss So Far : -63909.0000
  Mean(Loss)       : -59086.6797
  Mean(Penalty)    : 0.0000
  BG               : 0.0990
  DIV Value        : 128.4444
  div_param        : 0.2000
====================================================================

============================== [FINAL] ==============================
FINAL BEST LOSS : -63909.0000
RUNTIME         : 5.80 s
====================================================================
sol_size:100, lr:1.0, temp:0.001, min_bg:-3.0, max_bg:0.1, curve_rate:4.0, div_param:0.2
[DEBUG] x_batch shape: torch.Size([100, 257]), dtype: torch.float32, device: cuda:0
[DEBUG] x_batch range: [0.0000, 1.0000]
[DEBUG] x_round range: [0.0000, 1.0000]
[DEBUG] Best solution index: 78
[DEBUG] Best loss (from rounded): -63909.000000
[DEBUG] QQA reported best_obj: -63909.000000
[DEBUG] spins_tensor range: [-1.0000, 1.0000]
[DEBUG] Unique spin values: [-1.0, 1.0]
[DEBUG] Final energy: -63909.000000
QQA finished. Best energy: -63909.000000
Best objective (QQA loss): -63909.000000
Runtime reported by QQA: 5.7977s
Total wall-clock time: 5.7994s
Results saved to: results/barabasi_albert_10ins_m20/QQA/ba_256_1_9.csv
Energy: -63909.000000
Time: 5.7994s
----------------------------------------
Processing instance: ba_262144_1_0.txt
  Seed 1/1 (seed=42)
Initialized QQA solver (QQA). Results will be saved under 'QQA'.
Parameters:
  instance_name: ba_262144_1_0.txt
  dataset: barabasi_albert_10ins_m20
  random_seed: 42
  device: cuda
  sol_size: 100
  learning_rate: 1.0
  temp: 0.001
  min_bg: -3.0
  max_bg: 0.1
  curve_rate: 4.0
  div_param: 0.2
  num_epochs: 3000
  check_interval: 500
  plot_dynamics: False
  run_name: QQA
--------------------------------------------------
[DEBUG] Starting QQA with n=262145, sol_size=100, device=cuda

============================== [LOG] ===============================
[ EPOCH 0 ]
  Best Loss So Far : -5654943.0000
  Mean(Loss)       : -3498.5334
  Mean(Penalty)    : 209728.5625
  BG               : -3.0000
  DIV Value        : 75588.6094
  div_param        : 0.2000
====================================================================

============================== [LOG] ===============================
[ EPOCH 500 ]
  Best Loss So Far : -61837788.0000
  Mean(Loss)       : -61494924.0000
  Mean(Penalty)    : 86.2965
  BG               : -2.4833
  DIV Value        : 131109.9688
  div_param        : 0.2000
====================================================================

============================== [LOG] ===============================
[ EPOCH 1000 ]
  Best Loss So Far : -61843648.0000
  Mean(Loss)       : -61509068.0000
  Mean(Penalty)    : 8.9813
  BG               : -1.9667
  DIV Value        : 131122.5781
  div_param        : 0.2000
====================================================================

============================== [LOG] ===============================
[ EPOCH 1500 ]
  Best Loss So Far : -61843652.0000
  Mean(Loss)       : -61509272.0000
  Mean(Penalty)    : 0.5211
  BG               : -1.4500
  DIV Value        : 131123.7812
  div_param        : 0.2000
====================================================================

============================== [LOG] ===============================
[ EPOCH 2000 ]
  Best Loss So Far : -61843652.0000
  Mean(Loss)       : -61509272.0000
  Mean(Penalty)    : 0.0093
  BG               : -0.9333
  DIV Value        : 131123.8438
  div_param        : 0.2000
====================================================================

============================== [LOG] ===============================
[ EPOCH 2500 ]
  Best Loss So Far : -61843652.0000
  Mean(Loss)       : -61509272.0000
  Mean(Penalty)    : 0.0000
  BG               : -0.4167
  DIV Value        : 131123.8438
  div_param        : 0.2000
====================================================================

============================== [LOG] ===============================
[ EPOCH 2999 ]
  Best Loss So Far : -61843652.0000
  Mean(Loss)       : -61509272.0000
  Mean(Penalty)    : 0.0000
  BG               : 0.0990
  DIV Value        : 131123.8438
  div_param        : 0.2000
====================================================================

============================== [FINAL] ==============================
FINAL BEST LOSS : -61843652.0000
RUNTIME         : 185.84 s
====================================================================
sol_size:100, lr:1.0, temp:0.001, min_bg:-3.0, max_bg:0.1, curve_rate:4.0, div_param:0.2
[DEBUG] x_batch shape: torch.Size([100, 262145]), dtype: torch.float32, device: cuda:0
[DEBUG] x_batch range: [0.0000, 1.0000]
[DEBUG] x_round range: [0.0000, 1.0000]
[DEBUG] Best solution index: 56
[DEBUG] Best loss (from rounded): -61843652.000000
[DEBUG] QQA reported best_obj: -61843652.000000
[DEBUG] spins_tensor range: [-1.0000, 1.0000]
[DEBUG] Unique spin values: [-1.0, 1.0]
[DEBUG] Final energy: -61843656.000000
QQA finished. Best energy: -61843656.000000
Best objective (QQA loss): -61843652.000000
Runtime reported by QQA: 185.8394s
Total wall-clock time: 186.1154s
Results saved to: results/barabasi_albert_10ins_m20/QQA/ba_262144_1_0.csv
Energy: -61843656.000000
Time: 186.1154s
----------------------------------------
Processing instance: ba_262144_1_1.txt
  Seed 1/1 (seed=42)
Initialized QQA solver (QQA). Results will be saved under 'QQA'.
Parameters:
  instance_name: ba_262144_1_1.txt
  dataset: barabasi_albert_10ins_m20
  random_seed: 42
  device: cuda
  sol_size: 100
  learning_rate: 1.0
  temp: 0.001
  min_bg: -3.0
  max_bg: 0.1
  curve_rate: 4.0
  div_param: 0.2
  num_epochs: 3000
  check_interval: 500
  plot_dynamics: False
  run_name: QQA
--------------------------------------------------
[DEBUG] Starting QQA with n=262145, sol_size=100, device=cuda

============================== [LOG] ===============================
[ EPOCH 0 ]
  Best Loss So Far : -5965625.0000
  Mean(Loss)       : -12708.6133
  Mean(Penalty)    : 209728.5625
  BG               : -3.0000
  DIV Value        : 75588.6094
  div_param        : 0.2000
====================================================================

============================== [LOG] ===============================
[ EPOCH 500 ]
  Best Loss So Far : -61848912.0000
  Mean(Loss)       : -61519032.0000
  Mean(Penalty)    : 86.4557
  BG               : -2.4833
  DIV Value        : 131151.0312
  div_param        : 0.2000
====================================================================

============================== [LOG] ===============================
[ EPOCH 1000 ]
  Best Loss So Far : -61869188.0000
  Mean(Loss)       : -61531460.0000
  Mean(Penalty)    : 9.2932
  BG               : -1.9667
  DIV Value        : 131163.4219
  div_param        : 0.2000
====================================================================

============================== [LOG] ===============================
[ EPOCH 1500 ]
  Best Loss So Far : -61869188.0000
  Mean(Loss)       : -61531588.0000
  Mean(Penalty)    : 0.5724
  BG               : -1.4500
  DIV Value        : 131164.6875
  div_param        : 0.2000
====================================================================

============================== [LOG] ===============================
[ EPOCH 2000 ]
  Best Loss So Far : -61869188.0000
  Mean(Loss)       : -61531588.0000
  Mean(Penalty)    : 0.0150
  BG               : -0.9333
  DIV Value        : 131164.7656
  div_param        : 0.2000
====================================================================

============================== [LOG] ===============================
[ EPOCH 2500 ]
  Best Loss So Far : -61869188.0000
  Mean(Loss)       : -61531588.0000
  Mean(Penalty)    : 0.0017
  BG               : -0.4167
  DIV Value        : 131164.7656
  div_param        : 0.2000
====================================================================

============================== [LOG] ===============================
[ EPOCH 2999 ]
  Best Loss So Far : -61869188.0000
  Mean(Loss)       : -61531588.0000
  Mean(Penalty)    : 0.0000
  BG               : 0.0990
  DIV Value        : 131164.7656
  div_param        : 0.2000
====================================================================

============================== [FINAL] ==============================
FINAL BEST LOSS : -61869188.0000
RUNTIME         : 186.24 s
====================================================================
sol_size:100, lr:1.0, temp:0.001, min_bg:-3.0, max_bg:0.1, curve_rate:4.0, div_param:0.2
[DEBUG] x_batch shape: torch.Size([100, 262145]), dtype: torch.float32, device: cuda:0
[DEBUG] x_batch range: [0.0000, 1.0000]
[DEBUG] x_round range: [0.0000, 1.0000]
[DEBUG] Best solution index: 17
[DEBUG] Best loss (from rounded): -61869188.000000
[DEBUG] QQA reported best_obj: -61869188.000000
[DEBUG] spins_tensor range: [-1.0000, 1.0000]
[DEBUG] Unique spin values: [-1.0, 1.0]
[DEBUG] Final energy: -61869192.000000
QQA finished. Best energy: -61869192.000000
Best objective (QQA loss): -61869188.000000
Runtime reported by QQA: 186.2377s
Total wall-clock time: 186.5143s
Results saved to: results/barabasi_albert_10ins_m20/QQA/ba_262144_1_1.csv
Energy: -61869192.000000
Time: 186.5143s
----------------------------------------
Processing instance: ba_262144_1_2.txt
  Seed 1/1 (seed=42)
Initialized QQA solver (QQA). Results will be saved under 'QQA'.
Parameters:
  instance_name: ba_262144_1_2.txt
  dataset: barabasi_albert_10ins_m20
  random_seed: 42
  device: cuda
  sol_size: 100
  learning_rate: 1.0
  temp: 0.001
  min_bg: -3.0
  max_bg: 0.1
  curve_rate: 4.0
  div_param: 0.2
  num_epochs: 3000
  check_interval: 500
  plot_dynamics: False
  run_name: QQA
--------------------------------------------------
[DEBUG] Starting QQA with n=262145, sol_size=100, device=cuda

============================== [LOG] ===============================
[ EPOCH 0 ]
  Best Loss So Far : -5688604.0000
  Mean(Loss)       : -6374.2275
  Mean(Penalty)    : 209728.5625
  BG               : -3.0000
  DIV Value        : 75588.6094
  div_param        : 0.2000
====================================================================

============================== [LOG] ===============================
[ EPOCH 500 ]
  Best Loss So Far : -61814416.0000
  Mean(Loss)       : -61527484.0000
  Mean(Penalty)    : 87.2372
  BG               : -2.4833
  DIV Value        : 131107.1875
  div_param        : 0.2000
====================================================================

============================== [LOG] ===============================
[ EPOCH 1000 ]
  Best Loss So Far : -61836028.0000
  Mean(Loss)       : -61541960.0000
  Mean(Penalty)    : 9.1530
  BG               : -1.9667
  DIV Value        : 131119.5938
  div_param        : 0.2000
====================================================================

============================== [LOG] ===============================
[ EPOCH 1500 ]
  Best Loss So Far : -61836028.0000
  Mean(Loss)       : -61542376.0000
  Mean(Penalty)    : 0.5429
  BG               : -1.4500
  DIV Value        : 131120.8281
  div_param        : 0.2000
====================================================================

============================== [LOG] ===============================
[ EPOCH 2000 ]
  Best Loss So Far : -61836028.0000
  Mean(Loss)       : -61542396.0000
  Mean(Penalty)    : 0.0274
  BG               : -0.9333
  DIV Value        : 131120.8906
  div_param        : 0.2000
====================================================================

============================== [LOG] ===============================
[ EPOCH 2500 ]
  Best Loss So Far : -61836028.0000
  Mean(Loss)       : -61542396.0000
  Mean(Penalty)    : 0.0000
  BG               : -0.4167
  DIV Value        : 131120.8906
  div_param        : 0.2000
====================================================================

============================== [LOG] ===============================
[ EPOCH 2999 ]
  Best Loss So Far : -61836028.0000
  Mean(Loss)       : -61542396.0000
  Mean(Penalty)    : 0.0000
  BG               : 0.0990
  DIV Value        : 131120.8906
  div_param        : 0.2000
====================================================================

============================== [FINAL] ==============================
FINAL BEST LOSS : -61836028.0000
RUNTIME         : 186.10 s
====================================================================
sol_size:100, lr:1.0, temp:0.001, min_bg:-3.0, max_bg:0.1, curve_rate:4.0, div_param:0.2
[DEBUG] x_batch shape: torch.Size([100, 262145]), dtype: torch.float32, device: cuda:0
[DEBUG] x_batch range: [0.0000, 1.0000]
[DEBUG] x_round range: [0.0000, 1.0000]
[DEBUG] Best solution index: 20
[DEBUG] Best loss (from rounded): -61836028.000000
[DEBUG] QQA reported best_obj: -61836028.000000
[DEBUG] spins_tensor range: [-1.0000, 1.0000]
[DEBUG] Unique spin values: [-1.0, 1.0]
[DEBUG] Final energy: -61836024.000000
QQA finished. Best energy: -61836024.000000
Best objective (QQA loss): -61836028.000000
Runtime reported by QQA: 186.0993s
Total wall-clock time: 186.3750s
Results saved to: results/barabasi_albert_10ins_m20/QQA/ba_262144_1_2.csv
Energy: -61836024.000000
Time: 186.3750s
----------------------------------------
Processing instance: ba_262144_1_3.txt
  Seed 1/1 (seed=42)
Initialized QQA solver (QQA). Results will be saved under 'QQA'.
Parameters:
  instance_name: ba_262144_1_3.txt
  dataset: barabasi_albert_10ins_m20
  random_seed: 42
  device: cuda
  sol_size: 100
  learning_rate: 1.0
  temp: 0.001
  min_bg: -3.0
  max_bg: 0.1
  curve_rate: 4.0
  div_param: 0.2
  num_epochs: 3000
  check_interval: 500
  plot_dynamics: False
  run_name: QQA
--------------------------------------------------
[DEBUG] Starting QQA with n=262145, sol_size=100, device=cuda

============================== [LOG] ===============================
[ EPOCH 0 ]
  Best Loss So Far : -5851975.0000
  Mean(Loss)       : -5625.6299
  Mean(Penalty)    : 209728.5625
  BG               : -3.0000
  DIV Value        : 75588.6094
  div_param        : 0.2000
====================================================================

============================== [LOG] ===============================
[ EPOCH 500 ]
  Best Loss So Far : -61855712.0000
  Mean(Loss)       : -61512580.0000
  Mean(Penalty)    : 86.6072
  BG               : -2.4833
  DIV Value        : 131142.9531
  div_param        : 0.2000
====================================================================

============================== [LOG] ===============================
[ EPOCH 1000 ]
  Best Loss So Far : -61867032.0000
  Mean(Loss)       : -61526340.0000
  Mean(Penalty)    : 9.2913
  BG               : -1.9667
  DIV Value        : 131155.3750
  div_param        : 0.2000
====================================================================

============================== [LOG] ===============================
[ EPOCH 1500 ]
  Best Loss So Far : -61867032.0000
  Mean(Loss)       : -61526540.0000
  Mean(Penalty)    : 0.5391
  BG               : -1.4500
  DIV Value        : 131156.6406
  div_param        : 0.2000
====================================================================

============================== [LOG] ===============================
[ EPOCH 2000 ]
  Best Loss So Far : -61867032.0000
  Mean(Loss)       : -61526544.0000
  Mean(Penalty)    : 0.0253
  BG               : -0.9333
  DIV Value        : 131156.7031
  div_param        : 0.2000
====================================================================

============================== [LOG] ===============================
[ EPOCH 2500 ]
  Best Loss So Far : -61867032.0000
  Mean(Loss)       : -61526544.0000
  Mean(Penalty)    : 0.0021
  BG               : -0.4167
  DIV Value        : 131156.7188
  div_param        : 0.2000
====================================================================

============================== [LOG] ===============================
[ EPOCH 2999 ]
  Best Loss So Far : -61867032.0000
  Mean(Loss)       : -61526544.0000
  Mean(Penalty)    : 0.0000
  BG               : 0.0990
  DIV Value        : 131156.7188
  div_param        : 0.2000
====================================================================

============================== [FINAL] ==============================
FINAL BEST LOSS : -61867032.0000
RUNTIME         : 186.11 s
====================================================================
sol_size:100, lr:1.0, temp:0.001, min_bg:-3.0, max_bg:0.1, curve_rate:4.0, div_param:0.2
[DEBUG] x_batch shape: torch.Size([100, 262145]), dtype: torch.float32, device: cuda:0
[DEBUG] x_batch range: [0.0000, 1.0000]
[DEBUG] x_round range: [0.0000, 1.0000]
[DEBUG] Best solution index: 36
[DEBUG] Best loss (from rounded): -61867032.000000
[DEBUG] QQA reported best_obj: -61867032.000000
[DEBUG] spins_tensor range: [-1.0000, 1.0000]
[DEBUG] Unique spin values: [-1.0, 1.0]
[DEBUG] Final energy: -61867032.000000
QQA finished. Best energy: -61867032.000000
Best objective (QQA loss): -61867032.000000
Runtime reported by QQA: 186.1097s
Total wall-clock time: 186.3858s
Results saved to: results/barabasi_albert_10ins_m20/QQA/ba_262144_1_3.csv
Energy: -61867032.000000
Time: 186.3858s
----------------------------------------
Processing instance: ba_262144_1_4.txt
  Seed 1/1 (seed=42)
Initialized QQA solver (QQA). Results will be saved under 'QQA'.
Parameters:
  instance_name: ba_262144_1_4.txt
  dataset: barabasi_albert_10ins_m20
  random_seed: 42
  device: cuda
  sol_size: 100
  learning_rate: 1.0
  temp: 0.001
  min_bg: -3.0
  max_bg: 0.1
  curve_rate: 4.0
  div_param: 0.2
  num_epochs: 3000
  check_interval: 500
  plot_dynamics: False
  run_name: QQA
--------------------------------------------------
[DEBUG] Starting QQA with n=262145, sol_size=100, device=cuda

============================== [LOG] ===============================
[ EPOCH 0 ]
  Best Loss So Far : -5788613.0000
  Mean(Loss)       : -3146.1309
  Mean(Penalty)    : 209728.5625
  BG               : -3.0000
  DIV Value        : 75588.6094
  div_param        : 0.2000
====================================================================

============================== [LOG] ===============================
[ EPOCH 500 ]
  Best Loss So Far : -61844500.0000
  Mean(Loss)       : -61531116.0000
  Mean(Penalty)    : 85.5332
  BG               : -2.4833
  DIV Value        : 131129.9219
  div_param        : 0.2000
====================================================================

============================== [LOG] ===============================
[ EPOCH 1000 ]
  Best Loss So Far : -61853756.0000
  Mean(Loss)       : -61544464.0000
  Mean(Penalty)    : 8.9008
  BG               : -1.9667
  DIV Value        : 131142.1875
  div_param        : 0.2000
====================================================================

============================== [LOG] ===============================
[ EPOCH 1500 ]
  Best Loss So Far : -61853756.0000
  Mean(Loss)       : -61544644.0000
  Mean(Penalty)    : 0.5257
  BG               : -1.4500
  DIV Value        : 131143.4062
  div_param        : 0.2000
====================================================================

============================== [LOG] ===============================
[ EPOCH 2000 ]
  Best Loss So Far : -61853756.0000
  Mean(Loss)       : -61544636.0000
  Mean(Penalty)    : 0.0138
  BG               : -0.9333
  DIV Value        : 131143.4688
  div_param        : 0.2000
====================================================================

============================== [LOG] ===============================
[ EPOCH 2500 ]
  Best Loss So Far : -61853756.0000
  Mean(Loss)       : -61544636.0000
  Mean(Penalty)    : 0.0007
  BG               : -0.4167
  DIV Value        : 131143.4688
  div_param        : 0.2000
====================================================================

============================== [LOG] ===============================
[ EPOCH 2999 ]
  Best Loss So Far : -61853756.0000
  Mean(Loss)       : -61544636.0000
  Mean(Penalty)    : 0.0000
  BG               : 0.0990
  DIV Value        : 131143.4688
  div_param        : 0.2000
====================================================================

============================== [FINAL] ==============================
FINAL BEST LOSS : -61853756.0000
RUNTIME         : 186.27 s
====================================================================
sol_size:100, lr:1.0, temp:0.001, min_bg:-3.0, max_bg:0.1, curve_rate:4.0, div_param:0.2
[DEBUG] x_batch shape: torch.Size([100, 262145]), dtype: torch.float32, device: cuda:0
[DEBUG] x_batch range: [0.0000, 1.0000]
[DEBUG] x_round range: [0.0000, 1.0000]
[DEBUG] Best solution index: 5
[DEBUG] Best loss (from rounded): -61853756.000000
[DEBUG] QQA reported best_obj: -61853756.000000
[DEBUG] spins_tensor range: [-1.0000, 1.0000]
[DEBUG] Unique spin values: [-1.0, 1.0]
[DEBUG] Final energy: -61853760.000000
QQA finished. Best energy: -61853760.000000
Best objective (QQA loss): -61853756.000000
Runtime reported by QQA: 186.2676s
Total wall-clock time: 186.5432s
Results saved to: results/barabasi_albert_10ins_m20/QQA/ba_262144_1_4.csv
Energy: -61853760.000000
Time: 186.5432s
----------------------------------------
Processing instance: ba_262144_1_5.txt
  Seed 1/1 (seed=42)
Initialized QQA solver (QQA). Results will be saved under 'QQA'.
Parameters:
  instance_name: ba_262144_1_5.txt
  dataset: barabasi_albert_10ins_m20
  random_seed: 42
  device: cuda
  sol_size: 100
  learning_rate: 1.0
  temp: 0.001
  min_bg: -3.0
  max_bg: 0.1
  curve_rate: 4.0
  div_param: 0.2
  num_epochs: 3000
  check_interval: 500
  plot_dynamics: False
  run_name: QQA
--------------------------------------------------
[DEBUG] Starting QQA with n=262145, sol_size=100, device=cuda

============================== [LOG] ===============================
[ EPOCH 0 ]
  Best Loss So Far : -6385746.0000
  Mean(Loss)       : -10317.0996
  Mean(Penalty)    : 209728.5625
  BG               : -3.0000
  DIV Value        : 75588.6094
  div_param        : 0.2000
====================================================================

============================== [LOG] ===============================
[ EPOCH 500 ]
  Best Loss So Far : -61820160.0000
  Mean(Loss)       : -61481984.0000
  Mean(Penalty)    : 85.4105
  BG               : -2.4833
  DIV Value        : 131127.4844
  div_param        : 0.2000
====================================================================

============================== [LOG] ===============================
[ EPOCH 1000 ]
  Best Loss So Far : -61821560.0000
  Mean(Loss)       : -61494236.0000
  Mean(Penalty)    : 8.9421
  BG               : -1.9667
  DIV Value        : 131139.5156
  div_param        : 0.2000
====================================================================

============================== [LOG] ===============================
[ EPOCH 1500 ]
  Best Loss So Far : -61821560.0000
  Mean(Loss)       : -61494348.0000
  Mean(Penalty)    : 0.5489
  BG               : -1.4500
  DIV Value        : 131140.7188
  div_param        : 0.2000
====================================================================

============================== [LOG] ===============================
[ EPOCH 2000 ]
  Best Loss So Far : -61821560.0000
  Mean(Loss)       : -61494348.0000
  Mean(Penalty)    : 0.0133
  BG               : -0.9333
  DIV Value        : 131140.7969
  div_param        : 0.2000
====================================================================

============================== [LOG] ===============================
[ EPOCH 2500 ]
  Best Loss So Far : -61821560.0000
  Mean(Loss)       : -61494348.0000
  Mean(Penalty)    : 0.0000
  BG               : -0.4167
  DIV Value        : 131140.7969
  div_param        : 0.2000
====================================================================

============================== [LOG] ===============================
[ EPOCH 2999 ]
  Best Loss So Far : -61821560.0000
  Mean(Loss)       : -61494348.0000
  Mean(Penalty)    : 0.0000
  BG               : 0.0990
  DIV Value        : 131140.7969
  div_param        : 0.2000
====================================================================

============================== [FINAL] ==============================
FINAL BEST LOSS : -61821560.0000
RUNTIME         : 186.10 s
====================================================================
sol_size:100, lr:1.0, temp:0.001, min_bg:-3.0, max_bg:0.1, curve_rate:4.0, div_param:0.2
[DEBUG] x_batch shape: torch.Size([100, 262145]), dtype: torch.float32, device: cuda:0
[DEBUG] x_batch range: [0.0000, 1.0000]
[DEBUG] x_round range: [0.0000, 1.0000]
[DEBUG] Best solution index: 20
[DEBUG] Best loss (from rounded): -61821560.000000
[DEBUG] QQA reported best_obj: -61821560.000000
[DEBUG] spins_tensor range: [-1.0000, 1.0000]
[DEBUG] Unique spin values: [-1.0, 1.0]
[DEBUG] Final energy: -61821560.000000
QQA finished. Best energy: -61821560.000000
Best objective (QQA loss): -61821560.000000
Runtime reported by QQA: 186.1032s
Total wall-clock time: 186.3792s
Results saved to: results/barabasi_albert_10ins_m20/QQA/ba_262144_1_5.csv
Energy: -61821560.000000
Time: 186.3792s
----------------------------------------
Processing instance: ba_262144_1_6.txt
  Seed 1/1 (seed=42)
Initialized QQA solver (QQA). Results will be saved under 'QQA'.
Parameters:
  instance_name: ba_262144_1_6.txt
  dataset: barabasi_albert_10ins_m20
  random_seed: 42
  device: cuda
  sol_size: 100
  learning_rate: 1.0
  temp: 0.001
  min_bg: -3.0
  max_bg: 0.1
  curve_rate: 4.0
  div_param: 0.2
  num_epochs: 3000
  check_interval: 500
  plot_dynamics: False
  run_name: QQA
--------------------------------------------------
[DEBUG] Starting QQA with n=262145, sol_size=100, device=cuda

============================== [LOG] ===============================
[ EPOCH 0 ]
  Best Loss So Far : -5760597.0000
  Mean(Loss)       : 1459.8209
  Mean(Penalty)    : 209728.5625
  BG               : -3.0000
  DIV Value        : 75588.6094
  div_param        : 0.2000
====================================================================

============================== [LOG] ===============================
[ EPOCH 500 ]
  Best Loss So Far : -61907500.0000
  Mean(Loss)       : -61510880.0000
  Mean(Penalty)    : 86.6998
  BG               : -2.4833
  DIV Value        : 131133.5156
  div_param        : 0.2000
====================================================================

============================== [LOG] ===============================
[ EPOCH 1000 ]
  Best Loss So Far : -61910060.0000
  Mean(Loss)       : -61524584.0000
  Mean(Penalty)    : 9.2741
  BG               : -1.9667
  DIV Value        : 131146.2188
  div_param        : 0.2000
====================================================================

============================== [LOG] ===============================
[ EPOCH 1500 ]
  Best Loss So Far : -61910060.0000
  Mean(Loss)       : -61524740.0000
  Mean(Penalty)    : 0.5107
  BG               : -1.4500
  DIV Value        : 131147.4688
  div_param        : 0.2000
====================================================================

============================== [LOG] ===============================
[ EPOCH 2000 ]
  Best Loss So Far : -61910060.0000
  Mean(Loss)       : -61524740.0000
  Mean(Penalty)    : 0.0375
  BG               : -0.9333
  DIV Value        : 131147.5312
  div_param        : 0.2000
====================================================================

============================== [LOG] ===============================
[ EPOCH 2500 ]
  Best Loss So Far : -61910060.0000
  Mean(Loss)       : -61524740.0000
  Mean(Penalty)    : 0.0000
  BG               : -0.4167
  DIV Value        : 131147.5312
  div_param        : 0.2000
====================================================================

============================== [LOG] ===============================
[ EPOCH 2999 ]
  Best Loss So Far : -61910060.0000
  Mean(Loss)       : -61524740.0000
  Mean(Penalty)    : 0.0000
  BG               : 0.0990
  DIV Value        : 131147.5312
  div_param        : 0.2000
====================================================================

============================== [FINAL] ==============================
FINAL BEST LOSS : -61910060.0000
RUNTIME         : 186.18 s
====================================================================
sol_size:100, lr:1.0, temp:0.001, min_bg:-3.0, max_bg:0.1, curve_rate:4.0, div_param:0.2
[DEBUG] x_batch shape: torch.Size([100, 262145]), dtype: torch.float32, device: cuda:0
[DEBUG] x_batch range: [0.0000, 1.0000]
[DEBUG] x_round range: [0.0000, 1.0000]
[DEBUG] Best solution index: 75
[DEBUG] Best loss (from rounded): -61910060.000000
[DEBUG] QQA reported best_obj: -61910060.000000
[DEBUG] spins_tensor range: [-1.0000, 1.0000]
[DEBUG] Unique spin values: [-1.0, 1.0]
[DEBUG] Final energy: -61910060.000000
QQA finished. Best energy: -61910060.000000
Best objective (QQA loss): -61910060.000000
Runtime reported by QQA: 186.1773s
Total wall-clock time: 186.4528s
Results saved to: results/barabasi_albert_10ins_m20/QQA/ba_262144_1_6.csv
Energy: -61910060.000000
Time: 186.4528s
----------------------------------------
Processing instance: ba_262144_1_7.txt
  Seed 1/1 (seed=42)
Initialized QQA solver (QQA). Results will be saved under 'QQA'.
Parameters:
  instance_name: ba_262144_1_7.txt
  dataset: barabasi_albert_10ins_m20
  random_seed: 42
  device: cuda
  sol_size: 100
  learning_rate: 1.0
  temp: 0.001
  min_bg: -3.0
  max_bg: 0.1
  curve_rate: 4.0
  div_param: 0.2
  num_epochs: 3000
  check_interval: 500
  plot_dynamics: False
  run_name: QQA
--------------------------------------------------
[DEBUG] Starting QQA with n=262145, sol_size=100, device=cuda

============================== [LOG] ===============================
[ EPOCH 0 ]
  Best Loss So Far : -6128060.0000
  Mean(Loss)       : -2304.4692
  Mean(Penalty)    : 209728.5625
  BG               : -3.0000
  DIV Value        : 75588.6094
  div_param        : 0.2000
====================================================================

============================== [LOG] ===============================
[ EPOCH 500 ]
  Best Loss So Far : -61809916.0000
  Mean(Loss)       : -61495920.0000
  Mean(Penalty)    : 87.6363
  BG               : -2.4833
  DIV Value        : 131142.5156
  div_param        : 0.2000
====================================================================

============================== [LOG] ===============================
[ EPOCH 1000 ]
  Best Loss So Far : -61837460.0000
  Mean(Loss)       : -61510344.0000
  Mean(Penalty)    : 9.2708
  BG               : -1.9667
  DIV Value        : 131155.1562
  div_param        : 0.2000
====================================================================

============================== [LOG] ===============================
[ EPOCH 1500 ]
  Best Loss So Far : -61837468.0000
  Mean(Loss)       : -61510544.0000
  Mean(Penalty)    : 0.6146
  BG               : -1.4500
  DIV Value        : 131156.3906
  div_param        : 0.2000
====================================================================

============================== [LOG] ===============================
[ EPOCH 2000 ]
  Best Loss So Far : -61837468.0000
  Mean(Loss)       : -61510544.0000
  Mean(Penalty)    : 0.0204
  BG               : -0.9333
  DIV Value        : 131156.4688
  div_param        : 0.2000
====================================================================

============================== [LOG] ===============================
[ EPOCH 2500 ]
  Best Loss So Far : -61837468.0000
  Mean(Loss)       : -61510540.0000
  Mean(Penalty)    : 0.0000
  BG               : -0.4167
  DIV Value        : 131156.4688
  div_param        : 0.2000
====================================================================

============================== [LOG] ===============================
[ EPOCH 2999 ]
  Best Loss So Far : -61837468.0000
  Mean(Loss)       : -61510540.0000
  Mean(Penalty)    : 0.0000
  BG               : 0.0990
  DIV Value        : 131156.4688
  div_param        : 0.2000
====================================================================

============================== [FINAL] ==============================
FINAL BEST LOSS : -61837468.0000
RUNTIME         : 186.27 s
====================================================================
sol_size:100, lr:1.0, temp:0.001, min_bg:-3.0, max_bg:0.1, curve_rate:4.0, div_param:0.2
[DEBUG] x_batch shape: torch.Size([100, 262145]), dtype: torch.float32, device: cuda:0
[DEBUG] x_batch range: [0.0000, 1.0000]
[DEBUG] x_round range: [0.0000, 1.0000]
[DEBUG] Best solution index: 35
[DEBUG] Best loss (from rounded): -61837468.000000
[DEBUG] QQA reported best_obj: -61837468.000000
[DEBUG] spins_tensor range: [-1.0000, 1.0000]
[DEBUG] Unique spin values: [-1.0, 1.0]
[DEBUG] Final energy: -61837464.000000
QQA finished. Best energy: -61837464.000000
Best objective (QQA loss): -61837468.000000
Runtime reported by QQA: 186.2713s
Total wall-clock time: 186.5472s
Results saved to: results/barabasi_albert_10ins_m20/QQA/ba_262144_1_7.csv
Energy: -61837464.000000
Time: 186.5472s
----------------------------------------
Processing instance: ba_262144_1_8.txt
  Seed 1/1 (seed=42)
Initialized QQA solver (QQA). Results will be saved under 'QQA'.
Parameters:
  instance_name: ba_262144_1_8.txt
  dataset: barabasi_albert_10ins_m20
  random_seed: 42
  device: cuda
  sol_size: 100
  learning_rate: 1.0
  temp: 0.001
  min_bg: -3.0
  max_bg: 0.1
  curve_rate: 4.0
  div_param: 0.2
  num_epochs: 3000
  check_interval: 500
  plot_dynamics: False
  run_name: QQA
--------------------------------------------------
[DEBUG] Starting QQA with n=262145, sol_size=100, device=cuda

============================== [LOG] ===============================
[ EPOCH 0 ]
  Best Loss So Far : -5836867.0000
  Mean(Loss)       : -929.3558
  Mean(Penalty)    : 209728.5625
  BG               : -3.0000
  DIV Value        : 75588.6094
  div_param        : 0.2000
====================================================================

============================== [LOG] ===============================
[ EPOCH 500 ]
  Best Loss So Far : -61902172.0000
  Mean(Loss)       : -61482124.0000
  Mean(Penalty)    : 84.8556
  BG               : -2.4833
  DIV Value        : 131127.0156
  div_param        : 0.2000
====================================================================

============================== [LOG] ===============================
[ EPOCH 1000 ]
  Best Loss So Far : -61907000.0000
  Mean(Loss)       : -61495772.0000
  Mean(Penalty)    : 8.8244
  BG               : -1.9667
  DIV Value        : 131139.1719
  div_param        : 0.2000
====================================================================

============================== [LOG] ===============================
[ EPOCH 1500 ]
  Best Loss So Far : -61907188.0000
  Mean(Loss)       : -61495956.0000
  Mean(Penalty)    : 0.4864
  BG               : -1.4500
  DIV Value        : 131140.3438
  div_param        : 0.2000
====================================================================

============================== [LOG] ===============================
[ EPOCH 2000 ]
  Best Loss So Far : -61907188.0000
  Mean(Loss)       : -61495960.0000
  Mean(Penalty)    : 0.0230
  BG               : -0.9333
  DIV Value        : 131140.4062
  div_param        : 0.2000
====================================================================

============================== [LOG] ===============================
[ EPOCH 2500 ]
  Best Loss So Far : -61907188.0000
  Mean(Loss)       : -61495960.0000
  Mean(Penalty)    : 0.0013
  BG               : -0.4167
  DIV Value        : 131140.4062
  div_param        : 0.2000
====================================================================

============================== [LOG] ===============================
[ EPOCH 2999 ]
  Best Loss So Far : -61907188.0000
  Mean(Loss)       : -61495960.0000
  Mean(Penalty)    : 0.0000
  BG               : 0.0990
  DIV Value        : 131140.4062
  div_param        : 0.2000
====================================================================

============================== [FINAL] ==============================
FINAL BEST LOSS : -61907188.0000
RUNTIME         : 186.14 s
====================================================================
sol_size:100, lr:1.0, temp:0.001, min_bg:-3.0, max_bg:0.1, curve_rate:4.0, div_param:0.2
[DEBUG] x_batch shape: torch.Size([100, 262145]), dtype: torch.float32, device: cuda:0
[DEBUG] x_batch range: [0.0000, 1.0000]
[DEBUG] x_round range: [0.0000, 1.0000]
[DEBUG] Best solution index: 44
[DEBUG] Best loss (from rounded): -61907188.000000
[DEBUG] QQA reported best_obj: -61907188.000000
[DEBUG] spins_tensor range: [-1.0000, 1.0000]
[DEBUG] Unique spin values: [-1.0, 1.0]
[DEBUG] Final energy: -61907188.000000
QQA finished. Best energy: -61907188.000000
Best objective (QQA loss): -61907188.000000
Runtime reported by QQA: 186.1380s
Total wall-clock time: 186.4135s
Results saved to: results/barabasi_albert_10ins_m20/QQA/ba_262144_1_8.csv
Energy: -61907188.000000
Time: 186.4135s
----------------------------------------
Processing instance: ba_262144_1_9.txt
  Seed 1/1 (seed=42)
Initialized QQA solver (QQA). Results will be saved under 'QQA'.
Parameters:
  instance_name: ba_262144_1_9.txt
  dataset: barabasi_albert_10ins_m20
  random_seed: 42
  device: cuda
  sol_size: 100
  learning_rate: 1.0
  temp: 0.001
  min_bg: -3.0
  max_bg: 0.1
  curve_rate: 4.0
  div_param: 0.2
  num_epochs: 3000
  check_interval: 500
  plot_dynamics: False
  run_name: QQA
--------------------------------------------------
[DEBUG] Starting QQA with n=262145, sol_size=100, device=cuda

============================== [LOG] ===============================
[ EPOCH 0 ]
  Best Loss So Far : -5884090.0000
  Mean(Loss)       : 3129.9468
  Mean(Penalty)    : 209728.5625
  BG               : -3.0000
  DIV Value        : 75588.6094
  div_param        : 0.2000
====================================================================

============================== [LOG] ===============================
[ EPOCH 500 ]
  Best Loss So Far : -61807296.0000
  Mean(Loss)       : -61489632.0000
  Mean(Penalty)    : 86.1042
  BG               : -2.4833
  DIV Value        : 131113.2969
  div_param        : 0.2000
====================================================================

============================== [LOG] ===============================
[ EPOCH 1000 ]
  Best Loss So Far : -61810472.0000
  Mean(Loss)       : -61503200.0000
  Mean(Penalty)    : 9.2880
  BG               : -1.9667
  DIV Value        : 131125.6719
  div_param        : 0.2000
====================================================================

============================== [LOG] ===============================
[ EPOCH 1500 ]
  Best Loss So Far : -61810472.0000
  Mean(Loss)       : -61503812.0000
  Mean(Penalty)    : 0.5929
  BG               : -1.4500
  DIV Value        : 131126.8906
  div_param        : 0.2000
====================================================================

============================== [LOG] ===============================
[ EPOCH 2000 ]
  Best Loss So Far : -61810472.0000
  Mean(Loss)       : -61503832.0000
  Mean(Penalty)    : 0.0358
  BG               : -0.9333
  DIV Value        : 131126.9688
  div_param        : 0.2000
====================================================================

============================== [LOG] ===============================
[ EPOCH 2500 ]
  Best Loss So Far : -61810472.0000
  Mean(Loss)       : -61503832.0000
  Mean(Penalty)    : 0.0000
  BG               : -0.4167
  DIV Value        : 131126.9688
  div_param        : 0.2000
====================================================================

============================== [LOG] ===============================
[ EPOCH 2999 ]
  Best Loss So Far : -61810472.0000
  Mean(Loss)       : -61503832.0000
  Mean(Penalty)    : 0.0000
  BG               : 0.0990
  DIV Value        : 131126.9688
  div_param        : 0.2000
====================================================================

============================== [FINAL] ==============================
FINAL BEST LOSS : -61810472.0000
RUNTIME         : 186.09 s
====================================================================
sol_size:100, lr:1.0, temp:0.001, min_bg:-3.0, max_bg:0.1, curve_rate:4.0, div_param:0.2
[DEBUG] x_batch shape: torch.Size([100, 262145]), dtype: torch.float32, device: cuda:0
[DEBUG] x_batch range: [0.0000, 1.0000]
[DEBUG] x_round range: [0.0000, 1.0000]
[DEBUG] Best solution index: 35
[DEBUG] Best loss (from rounded): -61810472.000000
[DEBUG] QQA reported best_obj: -61810472.000000
[DEBUG] spins_tensor range: [-1.0000, 1.0000]
[DEBUG] Unique spin values: [-1.0, 1.0]
[DEBUG] Final energy: -61810468.000000
QQA finished. Best energy: -61810468.000000
Best objective (QQA loss): -61810472.000000
Runtime reported by QQA: 186.0908s
Total wall-clock time: 186.3666s
Results saved to: results/barabasi_albert_10ins_m20/QQA/ba_262144_1_9.csv
Energy: -61810468.000000
Time: 186.3666s
----------------------------------------
Processing instance: ba_32768_1_0.txt
  Seed 1/1 (seed=42)
Initialized QQA solver (QQA). Results will be saved under 'QQA'.
Parameters:
  instance_name: ba_32768_1_0.txt
  dataset: barabasi_albert_10ins_m20
  random_seed: 42
  device: cuda
  sol_size: 100
  learning_rate: 1.0
  temp: 0.001
  min_bg: -3.0
  max_bg: 0.1
  curve_rate: 4.0
  div_param: 0.2
  num_epochs: 3000
  check_interval: 500
  plot_dynamics: False
  run_name: QQA
--------------------------------------------------
[DEBUG] Starting QQA with n=32769, sol_size=100, device=cuda

============================== [LOG] ===============================
[ EPOCH 0 ]
  Best Loss So Far : -852057.0000
  Mean(Loss)       : 2337.6106
  Mean(Penalty)    : 26222.2500
  BG               : -3.0000
  DIV Value        : 9446.9766
  div_param        : 0.2000
====================================================================

============================== [LOG] ===============================
[ EPOCH 500 ]
  Best Loss So Far : -7765123.0000
  Mean(Loss)       : -7683866.0000
  Mean(Penalty)    : 10.7932
  BG               : -2.4833
  DIV Value        : 16392.3359
  div_param        : 0.2000
====================================================================

============================== [LOG] ===============================
[ EPOCH 1000 ]
  Best Loss So Far : -7765993.0000
  Mean(Loss)       : -7685144.5000
  Mean(Penalty)    : 1.1882
  BG               : -1.9667
  DIV Value        : 16393.8398
  div_param        : 0.2000
====================================================================

============================== [LOG] ===============================
[ EPOCH 1500 ]
  Best Loss So Far : -7765993.0000
  Mean(Loss)       : -7685153.5000
  Mean(Penalty)    : 0.0519
  BG               : -1.4500
  DIV Value        : 16394.0039
  div_param        : 0.2000
====================================================================

============================== [LOG] ===============================
[ EPOCH 2000 ]
  Best Loss So Far : -7765993.0000
  Mean(Loss)       : -7685153.5000
  Mean(Penalty)    : 0.0105
  BG               : -0.9333
  DIV Value        : 16394.0078
  div_param        : 0.2000
====================================================================

============================== [LOG] ===============================
[ EPOCH 2500 ]
  Best Loss So Far : -7765993.0000
  Mean(Loss)       : -7685153.5000
  Mean(Penalty)    : 0.0000
  BG               : -0.4167
  DIV Value        : 16394.0098
  div_param        : 0.2000
====================================================================

============================== [LOG] ===============================
[ EPOCH 2999 ]
  Best Loss So Far : -7765993.0000
  Mean(Loss)       : -7685153.5000
  Mean(Penalty)    : 0.0000
  BG               : 0.0990
  DIV Value        : 16394.0098
  div_param        : 0.2000
====================================================================

============================== [FINAL] ==============================
FINAL BEST LOSS : -7765993.0000
RUNTIME         : 20.71 s
====================================================================
sol_size:100, lr:1.0, temp:0.001, min_bg:-3.0, max_bg:0.1, curve_rate:4.0, div_param:0.2
[DEBUG] x_batch shape: torch.Size([100, 32769]), dtype: torch.float32, device: cuda:0
[DEBUG] x_batch range: [0.0000, 1.0000]
[DEBUG] x_round range: [0.0000, 1.0000]
[DEBUG] Best solution index: 90
[DEBUG] Best loss (from rounded): -7765993.000000
[DEBUG] QQA reported best_obj: -7765993.000000
[DEBUG] spins_tensor range: [-1.0000, 1.0000]
[DEBUG] Unique spin values: [-1.0, 1.0]
[DEBUG] Final energy: -7765993.000000
QQA finished. Best energy: -7765993.000000
Best objective (QQA loss): -7765993.000000
Runtime reported by QQA: 20.7084s
Total wall-clock time: 20.7312s
Results saved to: results/barabasi_albert_10ins_m20/QQA/ba_32768_1_0.csv
Energy: -7765993.000000
Time: 20.7312s
----------------------------------------
Processing instance: ba_32768_1_1.txt
  Seed 1/1 (seed=42)
Initialized QQA solver (QQA). Results will be saved under 'QQA'.
Parameters:
  instance_name: ba_32768_1_1.txt
  dataset: barabasi_albert_10ins_m20
  random_seed: 42
  device: cuda
  sol_size: 100
  learning_rate: 1.0
  temp: 0.001
  min_bg: -3.0
  max_bg: 0.1
  curve_rate: 4.0
  div_param: 0.2
  num_epochs: 3000
  check_interval: 500
  plot_dynamics: False
  run_name: QQA
--------------------------------------------------
[DEBUG] Starting QQA with n=32769, sol_size=100, device=cuda

============================== [LOG] ===============================
[ EPOCH 0 ]
  Best Loss So Far : -845621.0000
  Mean(Loss)       : 734.8118
  Mean(Penalty)    : 26222.2500
  BG               : -3.0000
  DIV Value        : 9446.9766
  div_param        : 0.2000
====================================================================

============================== [LOG] ===============================
[ EPOCH 500 ]
  Best Loss So Far : -7770799.0000
  Mean(Loss)       : -7684490.0000
  Mean(Penalty)    : 10.7604
  BG               : -2.4833
  DIV Value        : 16393.1641
  div_param        : 0.2000
====================================================================

============================== [LOG] ===============================
[ EPOCH 1000 ]
  Best Loss So Far : -7770801.0000
  Mean(Loss)       : -7686033.5000
  Mean(Penalty)    : 1.1615
  BG               : -1.9667
  DIV Value        : 16394.7480
  div_param        : 0.2000
====================================================================

============================== [LOG] ===============================
[ EPOCH 1500 ]
  Best Loss So Far : -7770801.0000
  Mean(Loss)       : -7686058.0000
  Mean(Penalty)    : 0.0620
  BG               : -1.4500
  DIV Value        : 16394.8984
  div_param        : 0.2000
====================================================================

============================== [LOG] ===============================
[ EPOCH 2000 ]
  Best Loss So Far : -7770801.0000
  Mean(Loss)       : -7686058.0000
  Mean(Penalty)    : 0.0030
  BG               : -0.9333
  DIV Value        : 16394.9062
  div_param        : 0.2000
====================================================================

============================== [LOG] ===============================
[ EPOCH 2500 ]
  Best Loss So Far : -7770801.0000
  Mean(Loss)       : -7686058.0000
  Mean(Penalty)    : 0.0000
  BG               : -0.4167
  DIV Value        : 16394.9062
  div_param        : 0.2000
====================================================================

============================== [LOG] ===============================
[ EPOCH 2999 ]
  Best Loss So Far : -7770801.0000
  Mean(Loss)       : -7686058.0000
  Mean(Penalty)    : 0.0000
  BG               : 0.0990
  DIV Value        : 16394.9062
  div_param        : 0.2000
====================================================================

============================== [FINAL] ==============================
FINAL BEST LOSS : -7770801.0000
RUNTIME         : 20.69 s
====================================================================
sol_size:100, lr:1.0, temp:0.001, min_bg:-3.0, max_bg:0.1, curve_rate:4.0, div_param:0.2
[DEBUG] x_batch shape: torch.Size([100, 32769]), dtype: torch.float32, device: cuda:0
[DEBUG] x_batch range: [0.0000, 1.0000]
[DEBUG] x_round range: [0.0000, 1.0000]
[DEBUG] Best solution index: 59
[DEBUG] Best loss (from rounded): -7770801.000000
[DEBUG] QQA reported best_obj: -7770801.000000
[DEBUG] spins_tensor range: [-1.0000, 1.0000]
[DEBUG] Unique spin values: [-1.0, 1.0]
[DEBUG] Final energy: -7770801.000000
QQA finished. Best energy: -7770801.000000
Best objective (QQA loss): -7770801.000000
Runtime reported by QQA: 20.6930s
Total wall-clock time: 20.7162s
Results saved to: results/barabasi_albert_10ins_m20/QQA/ba_32768_1_1.csv
Energy: -7770801.000000
Time: 20.7162s
----------------------------------------
Processing instance: ba_32768_1_2.txt
  Seed 1/1 (seed=42)
Initialized QQA solver (QQA). Results will be saved under 'QQA'.
Parameters:
  instance_name: ba_32768_1_2.txt
  dataset: barabasi_albert_10ins_m20
  random_seed: 42
  device: cuda
  sol_size: 100
  learning_rate: 1.0
  temp: 0.001
  min_bg: -3.0
  max_bg: 0.1
  curve_rate: 4.0
  div_param: 0.2
  num_epochs: 3000
  check_interval: 500
  plot_dynamics: False
  run_name: QQA
--------------------------------------------------
[DEBUG] Starting QQA with n=32769, sol_size=100, device=cuda

============================== [LOG] ===============================
[ EPOCH 0 ]
  Best Loss So Far : -815293.0000
  Mean(Loss)       : -862.9740
  Mean(Penalty)    : 26222.2500
  BG               : -3.0000
  DIV Value        : 9446.9766
  div_param        : 0.2000
====================================================================

============================== [LOG] ===============================
[ EPOCH 500 ]
  Best Loss So Far : -7760483.0000
  Mean(Loss)       : -7686089.5000
  Mean(Penalty)    : 10.5870
  BG               : -2.4833
  DIV Value        : 16393.8379
  div_param        : 0.2000
====================================================================

============================== [LOG] ===============================
[ EPOCH 1000 ]
  Best Loss So Far : -7760483.0000
  Mean(Loss)       : -7687627.5000
  Mean(Penalty)    : 1.0252
  BG               : -1.9667
  DIV Value        : 16395.3340
  div_param        : 0.2000
====================================================================

============================== [LOG] ===============================
[ EPOCH 1500 ]
  Best Loss So Far : -7760483.0000
  Mean(Loss)       : -7687627.5000
  Mean(Penalty)    : 0.0503
  BG               : -1.4500
  DIV Value        : 16395.4707
  div_param        : 0.2000
====================================================================

============================== [LOG] ===============================
[ EPOCH 2000 ]
  Best Loss So Far : -7760483.0000
  Mean(Loss)       : -7687627.5000
  Mean(Penalty)    : 0.0000
  BG               : -0.9333
  DIV Value        : 16395.4766
  div_param        : 0.2000
====================================================================

============================== [LOG] ===============================
[ EPOCH 2500 ]
  Best Loss So Far : -7760483.0000
  Mean(Loss)       : -7687627.5000
  Mean(Penalty)    : 0.0000
  BG               : -0.4167
  DIV Value        : 16395.4766
  div_param        : 0.2000
====================================================================

============================== [LOG] ===============================
[ EPOCH 2999 ]
  Best Loss So Far : -7760483.0000
  Mean(Loss)       : -7687627.5000
  Mean(Penalty)    : 0.0000
  BG               : 0.0990
  DIV Value        : 16395.4766
  div_param        : 0.2000
====================================================================

============================== [FINAL] ==============================
FINAL BEST LOSS : -7760483.0000
RUNTIME         : 20.75 s
====================================================================
sol_size:100, lr:1.0, temp:0.001, min_bg:-3.0, max_bg:0.1, curve_rate:4.0, div_param:0.2
[DEBUG] x_batch shape: torch.Size([100, 32769]), dtype: torch.float32, device: cuda:0
[DEBUG] x_batch range: [0.0000, 1.0000]
[DEBUG] x_round range: [0.0000, 1.0000]
[DEBUG] Best solution index: 35
[DEBUG] Best loss (from rounded): -7760483.000000
[DEBUG] QQA reported best_obj: -7760483.000000
[DEBUG] spins_tensor range: [-1.0000, 1.0000]
[DEBUG] Unique spin values: [-1.0, 1.0]
[DEBUG] Final energy: -7760483.000000
QQA finished. Best energy: -7760483.000000
Best objective (QQA loss): -7760483.000000
Runtime reported by QQA: 20.7459s
Total wall-clock time: 20.7689s
Results saved to: results/barabasi_albert_10ins_m20/QQA/ba_32768_1_2.csv
Energy: -7760483.000000
Time: 20.7689s
----------------------------------------
Processing instance: ba_32768_1_3.txt
  Seed 1/1 (seed=42)
Initialized QQA solver (QQA). Results will be saved under 'QQA'.
Parameters:
  instance_name: ba_32768_1_3.txt
  dataset: barabasi_albert_10ins_m20
  random_seed: 42
  device: cuda
  sol_size: 100
  learning_rate: 1.0
  temp: 0.001
  min_bg: -3.0
  max_bg: 0.1
  curve_rate: 4.0
  div_param: 0.2
  num_epochs: 3000
  check_interval: 500
  plot_dynamics: False
  run_name: QQA
--------------------------------------------------
[DEBUG] Starting QQA with n=32769, sol_size=100, device=cuda

============================== [LOG] ===============================
[ EPOCH 0 ]
  Best Loss So Far : -884380.0000
  Mean(Loss)       : 759.4472
  Mean(Penalty)    : 26222.2500
  BG               : -3.0000
  DIV Value        : 9446.9766
  div_param        : 0.2000
====================================================================

============================== [LOG] ===============================
[ EPOCH 500 ]
  Best Loss So Far : -7791840.0000
  Mean(Loss)       : -7689660.0000
  Mean(Penalty)    : 10.0695
  BG               : -2.4833
  DIV Value        : 16391.6445
  div_param        : 0.2000
====================================================================

============================== [LOG] ===============================
[ EPOCH 1000 ]
  Best Loss So Far : -7791964.0000
  Mean(Loss)       : -7690682.0000
  Mean(Penalty)    : 1.0077
  BG               : -1.9667
  DIV Value        : 16393.0391
  div_param        : 0.2000
====================================================================

============================== [LOG] ===============================
[ EPOCH 1500 ]
  Best Loss So Far : -7791964.0000
  Mean(Loss)       : -7690735.5000
  Mean(Penalty)    : 0.0745
  BG               : -1.4500
  DIV Value        : 16393.1699
  div_param        : 0.2000
====================================================================

============================== [LOG] ===============================
[ EPOCH 2000 ]
  Best Loss So Far : -7791964.0000
  Mean(Loss)       : -7690735.5000
  Mean(Penalty)    : 0.0014
  BG               : -0.9333
  DIV Value        : 16393.1797
  div_param        : 0.2000
====================================================================

============================== [LOG] ===============================
[ EPOCH 2500 ]
  Best Loss So Far : -7791964.0000
  Mean(Loss)       : -7690735.5000
  Mean(Penalty)    : 0.0000
  BG               : -0.4167
  DIV Value        : 16393.1797
  div_param        : 0.2000
====================================================================

============================== [LOG] ===============================
[ EPOCH 2999 ]
  Best Loss So Far : -7791964.0000
  Mean(Loss)       : -7690735.5000
  Mean(Penalty)    : 0.0000
  BG               : 0.0990
  DIV Value        : 16393.1797
  div_param        : 0.2000
====================================================================

============================== [FINAL] ==============================
FINAL BEST LOSS : -7791964.0000
RUNTIME         : 20.67 s
====================================================================
sol_size:100, lr:1.0, temp:0.001, min_bg:-3.0, max_bg:0.1, curve_rate:4.0, div_param:0.2
[DEBUG] x_batch shape: torch.Size([100, 32769]), dtype: torch.float32, device: cuda:0
[DEBUG] x_batch range: [0.0000, 1.0000]
[DEBUG] x_round range: [0.0000, 1.0000]
[DEBUG] Best solution index: 88
[DEBUG] Best loss (from rounded): -7791964.000000
[DEBUG] QQA reported best_obj: -7791964.000000
[DEBUG] spins_tensor range: [-1.0000, 1.0000]
[DEBUG] Unique spin values: [-1.0, 1.0]
[DEBUG] Final energy: -7791964.000000
QQA finished. Best energy: -7791964.000000
Best objective (QQA loss): -7791964.000000
Runtime reported by QQA: 20.6723s
Total wall-clock time: 20.6949s
Results saved to: results/barabasi_albert_10ins_m20/QQA/ba_32768_1_3.csv
Energy: -7791964.000000
Time: 20.6949s
----------------------------------------
Processing instance: ba_32768_1_4.txt
  Seed 1/1 (seed=42)
Initialized QQA solver (QQA). Results will be saved under 'QQA'.
Parameters:
  instance_name: ba_32768_1_4.txt
  dataset: barabasi_albert_10ins_m20
  random_seed: 42
  device: cuda
  sol_size: 100
  learning_rate: 1.0
  temp: 0.001
  min_bg: -3.0
  max_bg: 0.1
  curve_rate: 4.0
  div_param: 0.2
  num_epochs: 3000
  check_interval: 500
  plot_dynamics: False
  run_name: QQA
--------------------------------------------------
[DEBUG] Starting QQA with n=32769, sol_size=100, device=cuda

============================== [LOG] ===============================
[ EPOCH 0 ]
  Best Loss So Far : -813416.0000
  Mean(Loss)       : 632.7081
  Mean(Penalty)    : 26222.2500
  BG               : -3.0000
  DIV Value        : 9446.9766
  div_param        : 0.2000
====================================================================

============================== [LOG] ===============================
[ EPOCH 500 ]
  Best Loss So Far : -7764600.0000
  Mean(Loss)       : -7683491.0000
  Mean(Penalty)    : 10.6482
  BG               : -2.4833
  DIV Value        : 16384.1738
  div_param        : 0.2000
====================================================================

============================== [LOG] ===============================
[ EPOCH 1000 ]
  Best Loss So Far : -7764600.0000
  Mean(Loss)       : -7685118.5000
  Mean(Penalty)    : 1.1094
  BG               : -1.9667
  DIV Value        : 16385.7188
  div_param        : 0.2000
====================================================================

============================== [LOG] ===============================
[ EPOCH 1500 ]
  Best Loss So Far : -7764600.0000
  Mean(Loss)       : -7685154.0000
  Mean(Penalty)    : 0.0690
  BG               : -1.4500
  DIV Value        : 16385.8672
  div_param        : 0.2000
====================================================================

============================== [LOG] ===============================
[ EPOCH 2000 ]
  Best Loss So Far : -7764600.0000
  Mean(Loss)       : -7685154.0000
  Mean(Penalty)    : 0.0004
  BG               : -0.9333
  DIV Value        : 16385.8770
  div_param        : 0.2000
====================================================================

============================== [LOG] ===============================
[ EPOCH 2500 ]
  Best Loss So Far : -7764600.0000
  Mean(Loss)       : -7685154.0000
  Mean(Penalty)    : 0.0000
  BG               : -0.4167
  DIV Value        : 16385.8770
  div_param        : 0.2000
====================================================================

============================== [LOG] ===============================
[ EPOCH 2999 ]
  Best Loss So Far : -7764600.0000
  Mean(Loss)       : -7685154.0000
  Mean(Penalty)    : 0.0000
  BG               : 0.0990
  DIV Value        : 16385.8770
  div_param        : 0.2000
====================================================================

============================== [FINAL] ==============================
FINAL BEST LOSS : -7764600.0000
RUNTIME         : 20.68 s
====================================================================
sol_size:100, lr:1.0, temp:0.001, min_bg:-3.0, max_bg:0.1, curve_rate:4.0, div_param:0.2
[DEBUG] x_batch shape: torch.Size([100, 32769]), dtype: torch.float32, device: cuda:0
[DEBUG] x_batch range: [0.0000, 1.0000]
[DEBUG] x_round range: [0.0000, 1.0000]
[DEBUG] Best solution index: 97
[DEBUG] Best loss (from rounded): -7764600.000000
[DEBUG] QQA reported best_obj: -7764600.000000
[DEBUG] spins_tensor range: [-1.0000, 1.0000]
[DEBUG] Unique spin values: [-1.0, 1.0]
[DEBUG] Final energy: -7764600.000000
QQA finished. Best energy: -7764600.000000
Best objective (QQA loss): -7764600.000000
Runtime reported by QQA: 20.6820s
Total wall-clock time: 20.7051s
Results saved to: results/barabasi_albert_10ins_m20/QQA/ba_32768_1_4.csv
Energy: -7764600.000000
Time: 20.7051s
----------------------------------------
Processing instance: ba_32768_1_5.txt
  Seed 1/1 (seed=42)
Initialized QQA solver (QQA). Results will be saved under 'QQA'.
Parameters:
  instance_name: ba_32768_1_5.txt
  dataset: barabasi_albert_10ins_m20
  random_seed: 42
  device: cuda
  sol_size: 100
  learning_rate: 1.0
  temp: 0.001
  min_bg: -3.0
  max_bg: 0.1
  curve_rate: 4.0
  div_param: 0.2
  num_epochs: 3000
  check_interval: 500
  plot_dynamics: False
  run_name: QQA
--------------------------------------------------
[DEBUG] Starting QQA with n=32769, sol_size=100, device=cuda

============================== [LOG] ===============================
[ EPOCH 0 ]
  Best Loss So Far : -795340.0000
  Mean(Loss)       : -2249.8225
  Mean(Penalty)    : 26222.2500
  BG               : -3.0000
  DIV Value        : 9446.9766
  div_param        : 0.2000
====================================================================

============================== [LOG] ===============================
[ EPOCH 500 ]
  Best Loss So Far : -7780910.0000
  Mean(Loss)       : -7693185.5000
  Mean(Penalty)    : 10.7019
  BG               : -2.4833
  DIV Value        : 16393.1270
  div_param        : 0.2000
====================================================================

============================== [LOG] ===============================
[ EPOCH 1000 ]
  Best Loss So Far : -7782036.0000
  Mean(Loss)       : -7694730.0000
  Mean(Penalty)    : 1.1014
  BG               : -1.9667
  DIV Value        : 16394.7891
  div_param        : 0.2000
====================================================================

============================== [LOG] ===============================
[ EPOCH 1500 ]
  Best Loss So Far : -7782036.0000
  Mean(Loss)       : -7694750.5000
  Mean(Penalty)    : 0.0744
  BG               : -1.4500
  DIV Value        : 16394.9453
  div_param        : 0.2000
====================================================================

============================== [LOG] ===============================
[ EPOCH 2000 ]
  Best Loss So Far : -7782036.0000
  Mean(Loss)       : -7694750.5000
  Mean(Penalty)    : 0.0053
  BG               : -0.9333
  DIV Value        : 16394.9531
  div_param        : 0.2000
====================================================================

============================== [LOG] ===============================
[ EPOCH 2500 ]
  Best Loss So Far : -7782036.0000
  Mean(Loss)       : -7694750.5000
  Mean(Penalty)    : 0.0000
  BG               : -0.4167
  DIV Value        : 16394.9531
  div_param        : 0.2000
====================================================================

============================== [LOG] ===============================
[ EPOCH 2999 ]
  Best Loss So Far : -7782036.0000
  Mean(Loss)       : -7694750.5000
  Mean(Penalty)    : 0.0000
  BG               : 0.0990
  DIV Value        : 16394.9531
  div_param        : 0.2000
====================================================================

============================== [FINAL] ==============================
FINAL BEST LOSS : -7782036.0000
RUNTIME         : 20.76 s
====================================================================
sol_size:100, lr:1.0, temp:0.001, min_bg:-3.0, max_bg:0.1, curve_rate:4.0, div_param:0.2
[DEBUG] x_batch shape: torch.Size([100, 32769]), dtype: torch.float32, device: cuda:0
[DEBUG] x_batch range: [0.0000, 1.0000]
[DEBUG] x_round range: [0.0000, 1.0000]
[DEBUG] Best solution index: 71
[DEBUG] Best loss (from rounded): -7782036.000000
[DEBUG] QQA reported best_obj: -7782036.000000
[DEBUG] spins_tensor range: [-1.0000, 1.0000]
[DEBUG] Unique spin values: [-1.0, 1.0]
[DEBUG] Final energy: -7782036.000000
QQA finished. Best energy: -7782036.000000
Best objective (QQA loss): -7782036.000000
Runtime reported by QQA: 20.7597s
Total wall-clock time: 20.7826s
Results saved to: results/barabasi_albert_10ins_m20/QQA/ba_32768_1_5.csv
Energy: -7782036.000000
Time: 20.7826s
----------------------------------------
Processing instance: ba_32768_1_6.txt
  Seed 1/1 (seed=42)
Initialized QQA solver (QQA). Results will be saved under 'QQA'.
Parameters:
  instance_name: ba_32768_1_6.txt
  dataset: barabasi_albert_10ins_m20
  random_seed: 42
  device: cuda
  sol_size: 100
  learning_rate: 1.0
  temp: 0.001
  min_bg: -3.0
  max_bg: 0.1
  curve_rate: 4.0
  div_param: 0.2
  num_epochs: 3000
  check_interval: 500
  plot_dynamics: False
  run_name: QQA
--------------------------------------------------
[DEBUG] Starting QQA with n=32769, sol_size=100, device=cuda

============================== [LOG] ===============================
[ EPOCH 0 ]
  Best Loss So Far : -779288.0000
  Mean(Loss)       : 1707.8804
  Mean(Penalty)    : 26222.2500
  BG               : -3.0000
  DIV Value        : 9446.9766
  div_param        : 0.2000
====================================================================

============================== [LOG] ===============================
[ EPOCH 500 ]
  Best Loss So Far : -7748124.0000
  Mean(Loss)       : -7672512.5000
  Mean(Penalty)    : 10.6275
  BG               : -2.4833
  DIV Value        : 16390.6680
  div_param        : 0.2000
====================================================================

============================== [LOG] ===============================
[ EPOCH 1000 ]
  Best Loss So Far : -7748772.0000
  Mean(Loss)       : -7674621.0000
  Mean(Penalty)    : 1.0763
  BG               : -1.9667
  DIV Value        : 16392.1914
  div_param        : 0.2000
====================================================================

============================== [LOG] ===============================
[ EPOCH 1500 ]
  Best Loss So Far : -7748772.0000
  Mean(Loss)       : -7674646.0000
  Mean(Penalty)    : 0.0759
  BG               : -1.4500
  DIV Value        : 16392.3438
  div_param        : 0.2000
====================================================================

============================== [LOG] ===============================
[ EPOCH 2000 ]
  Best Loss So Far : -7748772.0000
  Mean(Loss)       : -7674646.0000
  Mean(Penalty)    : 0.0000
  BG               : -0.9333
  DIV Value        : 16392.3516
  div_param        : 0.2000
====================================================================

============================== [LOG] ===============================
[ EPOCH 2500 ]
  Best Loss So Far : -7748772.0000
  Mean(Loss)       : -7674646.0000
  Mean(Penalty)    : 0.0000
  BG               : -0.4167
  DIV Value        : 16392.3516
  div_param        : 0.2000
====================================================================

============================== [LOG] ===============================
[ EPOCH 2999 ]
  Best Loss So Far : -7748772.0000
  Mean(Loss)       : -7674646.0000
  Mean(Penalty)    : 0.0000
  BG               : 0.0990
  DIV Value        : 16392.3516
  div_param        : 0.2000
====================================================================

============================== [FINAL] ==============================
FINAL BEST LOSS : -7748772.0000
RUNTIME         : 20.71 s
====================================================================
sol_size:100, lr:1.0, temp:0.001, min_bg:-3.0, max_bg:0.1, curve_rate:4.0, div_param:0.2
[DEBUG] x_batch shape: torch.Size([100, 32769]), dtype: torch.float32, device: cuda:0
[DEBUG] x_batch range: [0.0000, 1.0000]
[DEBUG] x_round range: [0.0000, 1.0000]
[DEBUG] Best solution index: 58
[DEBUG] Best loss (from rounded): -7748772.000000
[DEBUG] QQA reported best_obj: -7748772.000000
[DEBUG] spins_tensor range: [-1.0000, 1.0000]
[DEBUG] Unique spin values: [-1.0, 1.0]
[DEBUG] Final energy: -7748772.000000
QQA finished. Best energy: -7748772.000000
Best objective (QQA loss): -7748772.000000
Runtime reported by QQA: 20.7057s
Total wall-clock time: 20.7284s
Results saved to: results/barabasi_albert_10ins_m20/QQA/ba_32768_1_6.csv
Energy: -7748772.000000
Time: 20.7284s
----------------------------------------
Processing instance: ba_32768_1_7.txt
  Seed 1/1 (seed=42)
Initialized QQA solver (QQA). Results will be saved under 'QQA'.
Parameters:
  instance_name: ba_32768_1_7.txt
  dataset: barabasi_albert_10ins_m20
  random_seed: 42
  device: cuda
  sol_size: 100
  learning_rate: 1.0
  temp: 0.001
  min_bg: -3.0
  max_bg: 0.1
  curve_rate: 4.0
  div_param: 0.2
  num_epochs: 3000
  check_interval: 500
  plot_dynamics: False
  run_name: QQA
--------------------------------------------------
[DEBUG] Starting QQA with n=32769, sol_size=100, device=cuda

============================== [LOG] ===============================
[ EPOCH 0 ]
  Best Loss So Far : -760623.0000
  Mean(Loss)       : 2806.0337
  Mean(Penalty)    : 26222.2500
  BG               : -3.0000
  DIV Value        : 9446.9766
  div_param        : 0.2000
====================================================================

============================== [LOG] ===============================
[ EPOCH 500 ]
  Best Loss So Far : -7745975.0000
  Mean(Loss)       : -7688699.0000
  Mean(Penalty)    : 10.8054
  BG               : -2.4833
  DIV Value        : 16389.4141
  div_param        : 0.2000
====================================================================

============================== [LOG] ===============================
[ EPOCH 1000 ]
  Best Loss So Far : -7748257.0000
  Mean(Loss)       : -7690174.0000
  Mean(Penalty)    : 1.1317
  BG               : -1.9667
  DIV Value        : 16391.0410
  div_param        : 0.2000
====================================================================

============================== [LOG] ===============================
[ EPOCH 1500 ]
  Best Loss So Far : -7748257.0000
  Mean(Loss)       : -7690189.0000
  Mean(Penalty)    : 0.0616
  BG               : -1.4500
  DIV Value        : 16391.1953
  div_param        : 0.2000
====================================================================

============================== [LOG] ===============================
[ EPOCH 2000 ]
  Best Loss So Far : -7748257.0000
  Mean(Loss)       : -7690189.0000
  Mean(Penalty)    : 0.0035
  BG               : -0.9333
  DIV Value        : 16391.2031
  div_param        : 0.2000
====================================================================

============================== [LOG] ===============================
[ EPOCH 2500 ]
  Best Loss So Far : -7748257.0000
  Mean(Loss)       : -7690189.0000
  Mean(Penalty)    : 0.0000
  BG               : -0.4167
  DIV Value        : 16391.2031
  div_param        : 0.2000
====================================================================

============================== [LOG] ===============================
[ EPOCH 2999 ]
  Best Loss So Far : -7748257.0000
  Mean(Loss)       : -7690189.0000
  Mean(Penalty)    : 0.0000
  BG               : 0.0990
  DIV Value        : 16391.2031
  div_param        : 0.2000
====================================================================

============================== [FINAL] ==============================
FINAL BEST LOSS : -7748257.0000
RUNTIME         : 20.67 s
====================================================================
sol_size:100, lr:1.0, temp:0.001, min_bg:-3.0, max_bg:0.1, curve_rate:4.0, div_param:0.2
[DEBUG] x_batch shape: torch.Size([100, 32769]), dtype: torch.float32, device: cuda:0
[DEBUG] x_batch range: [0.0000, 1.0000]
[DEBUG] x_round range: [0.0000, 1.0000]
[DEBUG] Best solution index: 12
[DEBUG] Best loss (from rounded): -7748257.000000
[DEBUG] QQA reported best_obj: -7748257.000000
[DEBUG] spins_tensor range: [-1.0000, 1.0000]
[DEBUG] Unique spin values: [-1.0, 1.0]
[DEBUG] Final energy: -7748257.000000
QQA finished. Best energy: -7748257.000000
Best objective (QQA loss): -7748257.000000
Runtime reported by QQA: 20.6684s
Total wall-clock time: 20.6917s
Results saved to: results/barabasi_albert_10ins_m20/QQA/ba_32768_1_7.csv
Energy: -7748257.000000
Time: 20.6917s
----------------------------------------
Processing instance: ba_32768_1_8.txt
  Seed 1/1 (seed=42)
Initialized QQA solver (QQA). Results will be saved under 'QQA'.
Parameters:
  instance_name: ba_32768_1_8.txt
  dataset: barabasi_albert_10ins_m20
  random_seed: 42
  device: cuda
  sol_size: 100
  learning_rate: 1.0
  temp: 0.001
  min_bg: -3.0
  max_bg: 0.1
  curve_rate: 4.0
  div_param: 0.2
  num_epochs: 3000
  check_interval: 500
  plot_dynamics: False
  run_name: QQA
--------------------------------------------------
[DEBUG] Starting QQA with n=32769, sol_size=100, device=cuda

============================== [LOG] ===============================
[ EPOCH 0 ]
  Best Loss So Far : -859373.0000
  Mean(Loss)       : 2303.6560
  Mean(Penalty)    : 26222.2500
  BG               : -3.0000
  DIV Value        : 9446.9766
  div_param        : 0.2000
====================================================================

============================== [LOG] ===============================
[ EPOCH 500 ]
  Best Loss So Far : -7761173.0000
  Mean(Loss)       : -7681901.5000
  Mean(Penalty)    : 10.8628
  BG               : -2.4833
  DIV Value        : 16390.3398
  div_param        : 0.2000
====================================================================

============================== [LOG] ===============================
[ EPOCH 1000 ]
  Best Loss So Far : -7774661.0000
  Mean(Loss)       : -7683326.5000
  Mean(Penalty)    : 1.1209
  BG               : -1.9667
  DIV Value        : 16391.8965
  div_param        : 0.2000
====================================================================

============================== [LOG] ===============================
[ EPOCH 1500 ]
  Best Loss So Far : -7774661.0000
  Mean(Loss)       : -7683360.0000
  Mean(Penalty)    : 0.0540
  BG               : -1.4500
  DIV Value        : 16392.0527
  div_param        : 0.2000
====================================================================

============================== [LOG] ===============================
[ EPOCH 2000 ]
  Best Loss So Far : -7774661.0000
  Mean(Loss)       : -7683360.0000
  Mean(Penalty)    : 0.0091
  BG               : -0.9333
  DIV Value        : 16392.0566
  div_param        : 0.2000
====================================================================

============================== [LOG] ===============================
[ EPOCH 2500 ]
  Best Loss So Far : -7774661.0000
  Mean(Loss)       : -7683360.0000
  Mean(Penalty)    : 0.0000
  BG               : -0.4167
  DIV Value        : 16392.0586
  div_param        : 0.2000
====================================================================

============================== [LOG] ===============================
[ EPOCH 2999 ]
  Best Loss So Far : -7774661.0000
  Mean(Loss)       : -7683360.0000
  Mean(Penalty)    : 0.0000
  BG               : 0.0990
  DIV Value        : 16392.0586
  div_param        : 0.2000
====================================================================

============================== [FINAL] ==============================
FINAL BEST LOSS : -7774661.0000
RUNTIME         : 20.68 s
====================================================================
sol_size:100, lr:1.0, temp:0.001, min_bg:-3.0, max_bg:0.1, curve_rate:4.0, div_param:0.2
[DEBUG] x_batch shape: torch.Size([100, 32769]), dtype: torch.float32, device: cuda:0
[DEBUG] x_batch range: [0.0000, 1.0000]
[DEBUG] x_round range: [0.0000, 1.0000]
[DEBUG] Best solution index: 89
[DEBUG] Best loss (from rounded): -7774661.000000
[DEBUG] QQA reported best_obj: -7774661.000000
[DEBUG] spins_tensor range: [-1.0000, 1.0000]
[DEBUG] Unique spin values: [-1.0, 1.0]
[DEBUG] Final energy: -7774661.000000
QQA finished. Best energy: -7774661.000000
Best objective (QQA loss): -7774661.000000
Runtime reported by QQA: 20.6835s
Total wall-clock time: 20.7064s
Results saved to: results/barabasi_albert_10ins_m20/QQA/ba_32768_1_8.csv
Energy: -7774661.000000
Time: 20.7064s
----------------------------------------
Processing instance: ba_32768_1_9.txt
  Seed 1/1 (seed=42)
Initialized QQA solver (QQA). Results will be saved under 'QQA'.
Parameters:
  instance_name: ba_32768_1_9.txt
  dataset: barabasi_albert_10ins_m20
  random_seed: 42
  device: cuda
  sol_size: 100
  learning_rate: 1.0
  temp: 0.001
  min_bg: -3.0
  max_bg: 0.1
  curve_rate: 4.0
  div_param: 0.2
  num_epochs: 3000
  check_interval: 500
  plot_dynamics: False
  run_name: QQA
--------------------------------------------------
[DEBUG] Starting QQA with n=32769, sol_size=100, device=cuda

============================== [LOG] ===============================
[ EPOCH 0 ]
  Best Loss So Far : -789748.0000
  Mean(Loss)       : 3515.9622
  Mean(Penalty)    : 26222.2500
  BG               : -3.0000
  DIV Value        : 9446.9766
  div_param        : 0.2000
====================================================================

============================== [LOG] ===============================
[ EPOCH 500 ]
  Best Loss So Far : -7744572.0000
  Mean(Loss)       : -7680131.0000
  Mean(Penalty)    : 10.9154
  BG               : -2.4833
  DIV Value        : 16390.5820
  div_param        : 0.2000
====================================================================

============================== [LOG] ===============================
[ EPOCH 1000 ]
  Best Loss So Far : -7747880.0000
  Mean(Loss)       : -7682272.5000
  Mean(Penalty)    : 0.9803
  BG               : -1.9667
  DIV Value        : 16392.2441
  div_param        : 0.2000
====================================================================

============================== [LOG] ===============================
[ EPOCH 1500 ]
  Best Loss So Far : -7747880.0000
  Mean(Loss)       : -7682290.5000
  Mean(Penalty)    : 0.0603
  BG               : -1.4500
  DIV Value        : 16392.3730
  div_param        : 0.2000
====================================================================

============================== [LOG] ===============================
[ EPOCH 2000 ]
  Best Loss So Far : -7747880.0000
  Mean(Loss)       : -7682290.5000
  Mean(Penalty)    : 0.0026
  BG               : -0.9333
  DIV Value        : 16392.3809
  div_param        : 0.2000
====================================================================

============================== [LOG] ===============================
[ EPOCH 2500 ]
  Best Loss So Far : -7747880.0000
  Mean(Loss)       : -7682290.5000
  Mean(Penalty)    : 0.0000
  BG               : -0.4167
  DIV Value        : 16392.3809
  div_param        : 0.2000
====================================================================

============================== [LOG] ===============================
[ EPOCH 2999 ]
  Best Loss So Far : -7747880.0000
  Mean(Loss)       : -7682290.5000
  Mean(Penalty)    : 0.0000
  BG               : 0.0990
  DIV Value        : 16392.3809
  div_param        : 0.2000
====================================================================

============================== [FINAL] ==============================
FINAL BEST LOSS : -7747880.0000
RUNTIME         : 20.71 s
====================================================================
sol_size:100, lr:1.0, temp:0.001, min_bg:-3.0, max_bg:0.1, curve_rate:4.0, div_param:0.2
[DEBUG] x_batch shape: torch.Size([100, 32769]), dtype: torch.float32, device: cuda:0
[DEBUG] x_batch range: [0.0000, 1.0000]
[DEBUG] x_round range: [0.0000, 1.0000]
[DEBUG] Best solution index: 71
[DEBUG] Best loss (from rounded): -7747880.000000
[DEBUG] QQA reported best_obj: -7747880.000000
[DEBUG] spins_tensor range: [-1.0000, 1.0000]
[DEBUG] Unique spin values: [-1.0, 1.0]
[DEBUG] Final energy: -7747880.000000
QQA finished. Best energy: -7747880.000000
Best objective (QQA loss): -7747880.000000
Runtime reported by QQA: 20.7100s
Total wall-clock time: 20.7329s
Results saved to: results/barabasi_albert_10ins_m20/QQA/ba_32768_1_9.csv
Energy: -7747880.000000
Time: 20.7329s
----------------------------------------
Processing instance: ba_4096_1_0.txt
  Seed 1/1 (seed=42)
Initialized QQA solver (QQA). Results will be saved under 'QQA'.
Parameters:
  instance_name: ba_4096_1_0.txt
  dataset: barabasi_albert_10ins_m20
  random_seed: 42
  device: cuda
  sol_size: 100
  learning_rate: 1.0
  temp: 0.001
  min_bg: -3.0
  max_bg: 0.1
  curve_rate: 4.0
  div_param: 0.2
  num_epochs: 3000
  check_interval: 500
  plot_dynamics: False
  run_name: QQA
--------------------------------------------------
[DEBUG] Starting QQA with n=4097, sol_size=100, device=cuda

============================== [LOG] ===============================
[ EPOCH 0 ]
  Best Loss So Far : -165090.0000
  Mean(Loss)       : -464.5245
  Mean(Penalty)    : 3278.5378
  BG               : -3.0000
  DIV Value        : 1181.0166
  div_param        : 0.2000
====================================================================

============================== [LOG] ===============================
[ EPOCH 500 ]
  Best Loss So Far : -980970.0000
  Mean(Loss)       : -961806.3750
  Mean(Penalty)    : 1.4455
  BG               : -2.4833
  DIV Value        : 2049.3538
  div_param        : 0.2000
====================================================================

============================== [LOG] ===============================
[ EPOCH 1000 ]
  Best Loss So Far : -981490.0000
  Mean(Loss)       : -962017.9375
  Mean(Penalty)    : 0.1317
  BG               : -1.9667
  DIV Value        : 2049.5854
  div_param        : 0.2000
====================================================================

============================== [LOG] ===============================
[ EPOCH 1500 ]
  Best Loss So Far : -981490.0000
  Mean(Loss)       : -962075.0625
  Mean(Penalty)    : 0.0070
  BG               : -1.4500
  DIV Value        : 2049.6045
  div_param        : 0.2000
====================================================================

============================== [LOG] ===============================
[ EPOCH 2000 ]
  Best Loss So Far : -981490.0000
  Mean(Loss)       : -962075.0625
  Mean(Penalty)    : 0.0000
  BG               : -0.9333
  DIV Value        : 2049.6055
  div_param        : 0.2000
====================================================================

============================== [LOG] ===============================
[ EPOCH 2500 ]
  Best Loss So Far : -981490.0000
  Mean(Loss)       : -962075.0625
  Mean(Penalty)    : 0.0000
  BG               : -0.4167
  DIV Value        : 2049.6055
  div_param        : 0.2000
====================================================================

============================== [LOG] ===============================
[ EPOCH 2999 ]
  Best Loss So Far : -981490.0000
  Mean(Loss)       : -962075.0625
  Mean(Penalty)    : 0.0000
  BG               : 0.0990
  DIV Value        : 2049.6055
  div_param        : 0.2000
====================================================================

============================== [FINAL] ==============================
FINAL BEST LOSS : -981490.0000
RUNTIME         : 6.19 s
====================================================================
sol_size:100, lr:1.0, temp:0.001, min_bg:-3.0, max_bg:0.1, curve_rate:4.0, div_param:0.2
[DEBUG] x_batch shape: torch.Size([100, 4097]), dtype: torch.float32, device: cuda:0
[DEBUG] x_batch range: [0.0000, 1.0000]
[DEBUG] x_round range: [0.0000, 1.0000]
[DEBUG] Best solution index: 87
[DEBUG] Best loss (from rounded): -981490.000000
[DEBUG] QQA reported best_obj: -981490.000000
[DEBUG] spins_tensor range: [-1.0000, 1.0000]
[DEBUG] Unique spin values: [-1.0, 1.0]
[DEBUG] Final energy: -981490.000000
QQA finished. Best energy: -981490.000000
Best objective (QQA loss): -981490.000000
Runtime reported by QQA: 6.1922s
Total wall-clock time: 6.1960s
Results saved to: results/barabasi_albert_10ins_m20/QQA/ba_4096_1_0.csv
Energy: -981490.000000
Time: 6.1960s
----------------------------------------
Processing instance: ba_4096_1_1.txt
  Seed 1/1 (seed=42)
Initialized QQA solver (QQA). Results will be saved under 'QQA'.
Parameters:
  instance_name: ba_4096_1_1.txt
  dataset: barabasi_albert_10ins_m20
  random_seed: 42
  device: cuda
  sol_size: 100
  learning_rate: 1.0
  temp: 0.001
  min_bg: -3.0
  max_bg: 0.1
  curve_rate: 4.0
  div_param: 0.2
  num_epochs: 3000
  check_interval: 500
  plot_dynamics: False
  run_name: QQA
--------------------------------------------------
[DEBUG] Starting QQA with n=4097, sol_size=100, device=cuda

============================== [LOG] ===============================
[ EPOCH 0 ]
  Best Loss So Far : -137887.0000
  Mean(Loss)       : 215.6077
  Mean(Penalty)    : 3278.5378
  BG               : -3.0000
  DIV Value        : 1181.0166
  div_param        : 0.2000
====================================================================

============================== [LOG] ===============================
[ EPOCH 500 ]
  Best Loss So Far : -990879.0000
  Mean(Loss)       : -961503.3750
  Mean(Penalty)    : 1.2298
  BG               : -2.4833
  DIV Value        : 2050.8706
  div_param        : 0.2000
====================================================================

============================== [LOG] ===============================
[ EPOCH 1000 ]
  Best Loss So Far : -991957.0000
  Mean(Loss)       : -961689.0625
  Mean(Penalty)    : 0.1373
  BG               : -1.9667
  DIV Value        : 2051.0176
  div_param        : 0.2000
====================================================================

============================== [LOG] ===============================
[ EPOCH 1500 ]
  Best Loss So Far : -991957.0000
  Mean(Loss)       : -961689.0625
  Mean(Penalty)    : 0.0036
  BG               : -1.4500
  DIV Value        : 2051.0369
  div_param        : 0.2000
====================================================================

============================== [LOG] ===============================
[ EPOCH 2000 ]
  Best Loss So Far : -991957.0000
  Mean(Loss)       : -961689.0625
  Mean(Penalty)    : 0.0000
  BG               : -0.9333
  DIV Value        : 2051.0374
  div_param        : 0.2000
====================================================================

============================== [LOG] ===============================
[ EPOCH 2500 ]
  Best Loss So Far : -991957.0000
  Mean(Loss)       : -961689.0625
  Mean(Penalty)    : 0.0000
  BG               : -0.4167
  DIV Value        : 2051.0374
  div_param        : 0.2000
====================================================================

============================== [LOG] ===============================
[ EPOCH 2999 ]
  Best Loss So Far : -991957.0000
  Mean(Loss)       : -961689.0625
  Mean(Penalty)    : 0.0000
  BG               : 0.0990
  DIV Value        : 2051.0374
  div_param        : 0.2000
====================================================================

============================== [FINAL] ==============================
FINAL BEST LOSS : -991957.0000
RUNTIME         : 6.19 s
====================================================================
sol_size:100, lr:1.0, temp:0.001, min_bg:-3.0, max_bg:0.1, curve_rate:4.0, div_param:0.2
[DEBUG] x_batch shape: torch.Size([100, 4097]), dtype: torch.float32, device: cuda:0
[DEBUG] x_batch range: [0.0000, 1.0000]
[DEBUG] x_round range: [0.0000, 1.0000]
[DEBUG] Best solution index: 92
[DEBUG] Best loss (from rounded): -991957.000000
[DEBUG] QQA reported best_obj: -991957.000000
[DEBUG] spins_tensor range: [-1.0000, 1.0000]
[DEBUG] Unique spin values: [-1.0, 1.0]
[DEBUG] Final energy: -991957.000000
QQA finished. Best energy: -991957.000000
Best objective (QQA loss): -991957.000000
Runtime reported by QQA: 6.1865s
Total wall-clock time: 6.1906s
Results saved to: results/barabasi_albert_10ins_m20/QQA/ba_4096_1_1.csv
Energy: -991957.000000
Time: 6.1906s
----------------------------------------
Processing instance: ba_4096_1_2.txt
  Seed 1/1 (seed=42)
Initialized QQA solver (QQA). Results will be saved under 'QQA'.
Parameters:
  instance_name: ba_4096_1_2.txt
  dataset: barabasi_albert_10ins_m20
  random_seed: 42
  device: cuda
  sol_size: 100
  learning_rate: 1.0
  temp: 0.001
  min_bg: -3.0
  max_bg: 0.1
  curve_rate: 4.0
  div_param: 0.2
  num_epochs: 3000
  check_interval: 500
  plot_dynamics: False
  run_name: QQA
--------------------------------------------------
[DEBUG] Starting QQA with n=4097, sol_size=100, device=cuda

============================== [LOG] ===============================
[ EPOCH 0 ]
  Best Loss So Far : -129198.0000
  Mean(Loss)       : 389.4943
  Mean(Penalty)    : 3278.5378
  BG               : -3.0000
  DIV Value        : 1181.0166
  div_param        : 0.2000
====================================================================

============================== [LOG] ===============================
[ EPOCH 500 ]
  Best Loss So Far : -982570.0000
  Mean(Loss)       : -959614.0625
  Mean(Penalty)    : 1.3102
  BG               : -2.4833
  DIV Value        : 2049.8535
  div_param        : 0.2000
====================================================================

============================== [LOG] ===============================
[ EPOCH 1000 ]
  Best Loss So Far : -982570.0000
  Mean(Loss)       : -959885.4375
  Mean(Penalty)    : 0.1403
  BG               : -1.9667
  DIV Value        : 2050.0327
  div_param        : 0.2000
====================================================================

============================== [LOG] ===============================
[ EPOCH 1500 ]
  Best Loss So Far : -982570.0000
  Mean(Loss)       : -959885.6250
  Mean(Penalty)    : 0.0118
  BG               : -1.4500
  DIV Value        : 2050.0508
  div_param        : 0.2000
====================================================================

============================== [LOG] ===============================
[ EPOCH 2000 ]
  Best Loss So Far : -982570.0000
  Mean(Loss)       : -959885.6250
  Mean(Penalty)    : 0.0000
  BG               : -0.9333
  DIV Value        : 2050.0527
  div_param        : 0.2000
====================================================================

============================== [LOG] ===============================
[ EPOCH 2500 ]
  Best Loss So Far : -982570.0000
  Mean(Loss)       : -959885.6250
  Mean(Penalty)    : 0.0000
  BG               : -0.4167
  DIV Value        : 2050.0527
  div_param        : 0.2000
====================================================================

============================== [LOG] ===============================
[ EPOCH 2999 ]
  Best Loss So Far : -982570.0000
  Mean(Loss)       : -959885.6250
  Mean(Penalty)    : 0.0000
  BG               : 0.0990
  DIV Value        : 2050.0527
  div_param        : 0.2000
====================================================================

============================== [FINAL] ==============================
FINAL BEST LOSS : -982570.0000
RUNTIME         : 6.19 s
====================================================================
sol_size:100, lr:1.0, temp:0.001, min_bg:-3.0, max_bg:0.1, curve_rate:4.0, div_param:0.2
[DEBUG] x_batch shape: torch.Size([100, 4097]), dtype: torch.float32, device: cuda:0
[DEBUG] x_batch range: [0.0000, 1.0000]
[DEBUG] x_round range: [0.0000, 1.0000]
[DEBUG] Best solution index: 11
[DEBUG] Best loss (from rounded): -982564.000000
[DEBUG] QQA reported best_obj: -982570.000000
[DEBUG] spins_tensor range: [-1.0000, 1.0000]
[DEBUG] Unique spin values: [-1.0, 1.0]
[DEBUG] Final energy: -982564.000000
QQA finished. Best energy: -982564.000000
Best objective (QQA loss): -982570.000000
Runtime reported by QQA: 6.1928s
Total wall-clock time: 6.1964s
Results saved to: results/barabasi_albert_10ins_m20/QQA/ba_4096_1_2.csv
Energy: -982564.000000
Time: 6.1964s
----------------------------------------
Processing instance: ba_4096_1_3.txt
  Seed 1/1 (seed=42)
Initialized QQA solver (QQA). Results will be saved under 'QQA'.
Parameters:
  instance_name: ba_4096_1_3.txt
  dataset: barabasi_albert_10ins_m20
  random_seed: 42
  device: cuda
  sol_size: 100
  learning_rate: 1.0
  temp: 0.001
  min_bg: -3.0
  max_bg: 0.1
  curve_rate: 4.0
  div_param: 0.2
  num_epochs: 3000
  check_interval: 500
  plot_dynamics: False
  run_name: QQA
--------------------------------------------------
[DEBUG] Starting QQA with n=4097, sol_size=100, device=cuda

============================== [LOG] ===============================
[ EPOCH 0 ]
  Best Loss So Far : -141946.0000
  Mean(Loss)       : 381.4803
  Mean(Penalty)    : 3278.5378
  BG               : -3.0000
  DIV Value        : 1181.0166
  div_param        : 0.2000
====================================================================

============================== [LOG] ===============================
[ EPOCH 500 ]
  Best Loss So Far : -984568.0000
  Mean(Loss)       : -960471.3750
  Mean(Penalty)    : 1.4137
  BG               : -2.4833
  DIV Value        : 2050.4949
  div_param        : 0.2000
====================================================================

============================== [LOG] ===============================
[ EPOCH 1000 ]
  Best Loss So Far : -984568.0000
  Mean(Loss)       : -960608.6250
  Mean(Penalty)    : 0.0952
  BG               : -1.9667
  DIV Value        : 2050.7207
  div_param        : 0.2000
====================================================================

============================== [LOG] ===============================
[ EPOCH 1500 ]
  Best Loss So Far : -984568.0000
  Mean(Loss)       : -960608.6250
  Mean(Penalty)    : 0.0124
  BG               : -1.4500
  DIV Value        : 2050.7324
  div_param        : 0.2000
====================================================================

============================== [LOG] ===============================
[ EPOCH 2000 ]
  Best Loss So Far : -984568.0000
  Mean(Loss)       : -960608.6250
  Mean(Penalty)    : 0.0029
  BG               : -0.9333
  DIV Value        : 2050.7336
  div_param        : 0.2000
====================================================================

============================== [LOG] ===============================
[ EPOCH 2500 ]
  Best Loss So Far : -984568.0000
  Mean(Loss)       : -960608.6250
  Mean(Penalty)    : 0.0000
  BG               : -0.4167
  DIV Value        : 2050.7339
  div_param        : 0.2000
====================================================================

============================== [LOG] ===============================
[ EPOCH 2999 ]
  Best Loss So Far : -984568.0000
  Mean(Loss)       : -960608.6250
  Mean(Penalty)    : 0.0000
  BG               : 0.0990
  DIV Value        : 2050.7339
  div_param        : 0.2000
====================================================================

============================== [FINAL] ==============================
FINAL BEST LOSS : -984568.0000
RUNTIME         : 6.19 s
====================================================================
sol_size:100, lr:1.0, temp:0.001, min_bg:-3.0, max_bg:0.1, curve_rate:4.0, div_param:0.2
[DEBUG] x_batch shape: torch.Size([100, 4097]), dtype: torch.float32, device: cuda:0
[DEBUG] x_batch range: [0.0000, 1.0000]
[DEBUG] x_round range: [0.0000, 1.0000]
[DEBUG] Best solution index: 68
[DEBUG] Best loss (from rounded): -984568.000000
[DEBUG] QQA reported best_obj: -984568.000000
[DEBUG] spins_tensor range: [-1.0000, 1.0000]
[DEBUG] Unique spin values: [-1.0, 1.0]
[DEBUG] Final energy: -984568.000000
QQA finished. Best energy: -984568.000000
Best objective (QQA loss): -984568.000000
Runtime reported by QQA: 6.1905s
Total wall-clock time: 6.1943s
Results saved to: results/barabasi_albert_10ins_m20/QQA/ba_4096_1_3.csv
Energy: -984568.000000
Time: 6.1943s
----------------------------------------
Processing instance: ba_4096_1_4.txt
  Seed 1/1 (seed=42)
Initialized QQA solver (QQA). Results will be saved under 'QQA'.
Parameters:
  instance_name: ba_4096_1_4.txt
  dataset: barabasi_albert_10ins_m20
  random_seed: 42
  device: cuda
  sol_size: 100
  learning_rate: 1.0
  temp: 0.001
  min_bg: -3.0
  max_bg: 0.1
  curve_rate: 4.0
  div_param: 0.2
  num_epochs: 3000
  check_interval: 500
  plot_dynamics: False
  run_name: QQA
--------------------------------------------------
[DEBUG] Starting QQA with n=4097, sol_size=100, device=cuda

============================== [LOG] ===============================
[ EPOCH 0 ]
  Best Loss So Far : -137596.0000
  Mean(Loss)       : 589.0546
  Mean(Penalty)    : 3278.5378
  BG               : -3.0000
  DIV Value        : 1181.0166
  div_param        : 0.2000
====================================================================

============================== [LOG] ===============================
[ EPOCH 500 ]
  Best Loss So Far : -985994.0000
  Mean(Loss)       : -959748.3125
  Mean(Penalty)    : 1.3693
  BG               : -2.4833
  DIV Value        : 2048.5530
  div_param        : 0.2000
====================================================================

============================== [LOG] ===============================
[ EPOCH 1000 ]
  Best Loss So Far : -986000.0000
  Mean(Loss)       : -959921.1250
  Mean(Penalty)    : 0.1503
  BG               : -1.9667
  DIV Value        : 2048.7515
  div_param        : 0.2000
====================================================================

============================== [LOG] ===============================
[ EPOCH 1500 ]
  Best Loss So Far : -986000.0000
  Mean(Loss)       : -959921.1250
  Mean(Penalty)    : 0.0160
  BG               : -1.4500
  DIV Value        : 2048.7710
  div_param        : 0.2000
====================================================================

============================== [LOG] ===============================
[ EPOCH 2000 ]
  Best Loss So Far : -986000.0000
  Mean(Loss)       : -959921.1250
  Mean(Penalty)    : 0.0000
  BG               : -0.9333
  DIV Value        : 2048.7732
  div_param        : 0.2000
====================================================================

============================== [LOG] ===============================
[ EPOCH 2500 ]
  Best Loss So Far : -986000.0000
  Mean(Loss)       : -959921.1250
  Mean(Penalty)    : 0.0000
  BG               : -0.4167
  DIV Value        : 2048.7732
  div_param        : 0.2000
====================================================================

============================== [LOG] ===============================
[ EPOCH 2999 ]
  Best Loss So Far : -986000.0000
  Mean(Loss)       : -959921.1250
  Mean(Penalty)    : 0.0000
  BG               : 0.0990
  DIV Value        : 2048.7732
  div_param        : 0.2000
====================================================================

============================== [FINAL] ==============================
FINAL BEST LOSS : -986000.0000
RUNTIME         : 6.19 s
====================================================================
sol_size:100, lr:1.0, temp:0.001, min_bg:-3.0, max_bg:0.1, curve_rate:4.0, div_param:0.2
[DEBUG] x_batch shape: torch.Size([100, 4097]), dtype: torch.float32, device: cuda:0
[DEBUG] x_batch range: [0.0000, 1.0000]
[DEBUG] x_round range: [0.0000, 1.0000]
[DEBUG] Best solution index: 20
[DEBUG] Best loss (from rounded): -986000.000000
[DEBUG] QQA reported best_obj: -986000.000000
[DEBUG] spins_tensor range: [-1.0000, 1.0000]
[DEBUG] Unique spin values: [-1.0, 1.0]
[DEBUG] Final energy: -986000.000000
QQA finished. Best energy: -986000.000000
Best objective (QQA loss): -986000.000000
Runtime reported by QQA: 6.1918s
Total wall-clock time: 6.1956s
Results saved to: results/barabasi_albert_10ins_m20/QQA/ba_4096_1_4.csv
Energy: -986000.000000
Time: 6.1956s
----------------------------------------
Processing instance: ba_4096_1_5.txt
  Seed 1/1 (seed=42)
Initialized QQA solver (QQA). Results will be saved under 'QQA'.
Parameters:
  instance_name: ba_4096_1_5.txt
  dataset: barabasi_albert_10ins_m20
  random_seed: 42
  device: cuda
  sol_size: 100
  learning_rate: 1.0
  temp: 0.001
  min_bg: -3.0
  max_bg: 0.1
  curve_rate: 4.0
  div_param: 0.2
  num_epochs: 3000
  check_interval: 500
  plot_dynamics: False
  run_name: QQA
--------------------------------------------------
[DEBUG] Starting QQA with n=4097, sol_size=100, device=cuda

============================== [LOG] ===============================
[ EPOCH 0 ]
  Best Loss So Far : -140564.0000
  Mean(Loss)       : -636.3022
  Mean(Penalty)    : 3278.5378
  BG               : -3.0000
  DIV Value        : 1181.0166
  div_param        : 0.2000
====================================================================

============================== [LOG] ===============================
[ EPOCH 500 ]
  Best Loss So Far : -990490.0000
  Mean(Loss)       : -960765.2500
  Mean(Penalty)    : 1.4993
  BG               : -2.4833
  DIV Value        : 2047.8429
  div_param        : 0.2000
====================================================================

============================== [LOG] ===============================
[ EPOCH 1000 ]
  Best Loss So Far : -990490.0000
  Mean(Loss)       : -960975.6250
  Mean(Penalty)    : 0.1035
  BG               : -1.9667
  DIV Value        : 2048.0889
  div_param        : 0.2000
====================================================================

============================== [LOG] ===============================
[ EPOCH 1500 ]
  Best Loss So Far : -990490.0000
  Mean(Loss)       : -960975.6250
  Mean(Penalty)    : 0.0096
  BG               : -1.4500
  DIV Value        : 2048.1016
  div_param        : 0.2000
====================================================================

============================== [LOG] ===============================
[ EPOCH 2000 ]
  Best Loss So Far : -990490.0000
  Mean(Loss)       : -960975.6250
  Mean(Penalty)    : 0.0012
  BG               : -0.9333
  DIV Value        : 2048.1028
  div_param        : 0.2000
====================================================================

============================== [LOG] ===============================
[ EPOCH 2500 ]
  Best Loss So Far : -990490.0000
  Mean(Loss)       : -960975.6250
  Mean(Penalty)    : 0.0000
  BG               : -0.4167
  DIV Value        : 2048.1030
  div_param        : 0.2000
====================================================================

============================== [LOG] ===============================
[ EPOCH 2999 ]
  Best Loss So Far : -990490.0000
  Mean(Loss)       : -960975.6250
  Mean(Penalty)    : 0.0000
  BG               : 0.0990
  DIV Value        : 2048.1030
  div_param        : 0.2000
====================================================================

============================== [FINAL] ==============================
FINAL BEST LOSS : -990490.0000
RUNTIME         : 6.19 s
====================================================================
sol_size:100, lr:1.0, temp:0.001, min_bg:-3.0, max_bg:0.1, curve_rate:4.0, div_param:0.2
[DEBUG] x_batch shape: torch.Size([100, 4097]), dtype: torch.float32, device: cuda:0
[DEBUG] x_batch range: [0.0000, 1.0000]
[DEBUG] x_round range: [0.0000, 1.0000]
[DEBUG] Best solution index: 56
[DEBUG] Best loss (from rounded): -990490.000000
[DEBUG] QQA reported best_obj: -990490.000000
[DEBUG] spins_tensor range: [-1.0000, 1.0000]
[DEBUG] Unique spin values: [-1.0, 1.0]
[DEBUG] Final energy: -990490.000000
QQA finished. Best energy: -990490.000000
Best objective (QQA loss): -990490.000000
Runtime reported by QQA: 6.1867s
Total wall-clock time: 6.1904s
Results saved to: results/barabasi_albert_10ins_m20/QQA/ba_4096_1_5.csv
Energy: -990490.000000
Time: 6.1904s
----------------------------------------
Processing instance: ba_4096_1_6.txt
  Seed 1/1 (seed=42)
Initialized QQA solver (QQA). Results will be saved under 'QQA'.
Parameters:
  instance_name: ba_4096_1_6.txt
  dataset: barabasi_albert_10ins_m20
  random_seed: 42
  device: cuda
  sol_size: 100
  learning_rate: 1.0
  temp: 0.001
  min_bg: -3.0
  max_bg: 0.1
  curve_rate: 4.0
  div_param: 0.2
  num_epochs: 3000
  check_interval: 500
  plot_dynamics: False
  run_name: QQA
--------------------------------------------------
[DEBUG] Starting QQA with n=4097, sol_size=100, device=cuda

============================== [LOG] ===============================
[ EPOCH 0 ]
  Best Loss So Far : -135747.0000
  Mean(Loss)       : -952.7152
  Mean(Penalty)    : 3278.5378
  BG               : -3.0000
  DIV Value        : 1181.0166
  div_param        : 0.2000
====================================================================

============================== [LOG] ===============================
[ EPOCH 500 ]
  Best Loss So Far : -989281.0000
  Mean(Loss)       : -961912.3750
  Mean(Penalty)    : 1.2536
  BG               : -2.4833
  DIV Value        : 2049.1255
  div_param        : 0.2000
====================================================================

============================== [LOG] ===============================
[ EPOCH 1000 ]
  Best Loss So Far : -989843.0000
  Mean(Loss)       : -962050.9375
  Mean(Penalty)    : 0.1219
  BG               : -1.9667
  DIV Value        : 2049.3052
  div_param        : 0.2000
====================================================================

============================== [LOG] ===============================
[ EPOCH 1500 ]
  Best Loss So Far : -989843.0000
  Mean(Loss)       : -962051.0625
  Mean(Penalty)    : 0.0135
  BG               : -1.4500
  DIV Value        : 2049.3206
  div_param        : 0.2000
====================================================================

============================== [LOG] ===============================
[ EPOCH 2000 ]
  Best Loss So Far : -989843.0000
  Mean(Loss)       : -962051.0625
  Mean(Penalty)    : 0.0031
  BG               : -0.9333
  DIV Value        : 2049.3223
  div_param        : 0.2000
====================================================================

============================== [LOG] ===============================
[ EPOCH 2500 ]
  Best Loss So Far : -989843.0000
  Mean(Loss)       : -962051.0625
  Mean(Penalty)    : 0.0000
  BG               : -0.4167
  DIV Value        : 2049.3225
  div_param        : 0.2000
====================================================================

============================== [LOG] ===============================
[ EPOCH 2999 ]
  Best Loss So Far : -989843.0000
  Mean(Loss)       : -962051.0625
  Mean(Penalty)    : 0.0000
  BG               : 0.0990
  DIV Value        : 2049.3225
  div_param        : 0.2000
====================================================================

============================== [FINAL] ==============================
FINAL BEST LOSS : -989843.0000
RUNTIME         : 6.19 s
====================================================================
sol_size:100, lr:1.0, temp:0.001, min_bg:-3.0, max_bg:0.1, curve_rate:4.0, div_param:0.2
[DEBUG] x_batch shape: torch.Size([100, 4097]), dtype: torch.float32, device: cuda:0
[DEBUG] x_batch range: [0.0000, 1.0000]
[DEBUG] x_round range: [0.0000, 1.0000]
[DEBUG] Best solution index: 39
[DEBUG] Best loss (from rounded): -989843.000000
[DEBUG] QQA reported best_obj: -989843.000000
[DEBUG] spins_tensor range: [-1.0000, 1.0000]
[DEBUG] Unique spin values: [-1.0, 1.0]
[DEBUG] Final energy: -989843.000000
QQA finished. Best energy: -989843.000000
Best objective (QQA loss): -989843.000000
Runtime reported by QQA: 6.1905s
Total wall-clock time: 6.1942s
Results saved to: results/barabasi_albert_10ins_m20/QQA/ba_4096_1_6.csv
Energy: -989843.000000
Time: 6.1942s
----------------------------------------
Processing instance: ba_4096_1_7.txt
  Seed 1/1 (seed=42)
Initialized QQA solver (QQA). Results will be saved under 'QQA'.
Parameters:
  instance_name: ba_4096_1_7.txt
  dataset: barabasi_albert_10ins_m20
  random_seed: 42
  device: cuda
  sol_size: 100
  learning_rate: 1.0
  temp: 0.001
  min_bg: -3.0
  max_bg: 0.1
  curve_rate: 4.0
  div_param: 0.2
  num_epochs: 3000
  check_interval: 500
  plot_dynamics: False
  run_name: QQA
--------------------------------------------------
[DEBUG] Starting QQA with n=4097, sol_size=100, device=cuda

============================== [LOG] ===============================
[ EPOCH 0 ]
  Best Loss So Far : -137410.0000
  Mean(Loss)       : 307.0449
  Mean(Penalty)    : 3278.5378
  BG               : -3.0000
  DIV Value        : 1181.0166
  div_param        : 0.2000
====================================================================

============================== [LOG] ===============================
[ EPOCH 500 ]
  Best Loss So Far : -984080.0000
  Mean(Loss)       : -959705.6250
  Mean(Penalty)    : 1.3281
  BG               : -2.4833
  DIV Value        : 2049.2935
  div_param        : 0.2000
====================================================================

============================== [LOG] ===============================
[ EPOCH 1000 ]
  Best Loss So Far : -984080.0000
  Mean(Loss)       : -959833.1875
  Mean(Penalty)    : 0.1357
  BG               : -1.9667
  DIV Value        : 2049.5010
  div_param        : 0.2000
====================================================================

============================== [LOG] ===============================
[ EPOCH 1500 ]
  Best Loss So Far : -984080.0000
  Mean(Loss)       : -959833.1250
  Mean(Penalty)    : 0.0069
  BG               : -1.4500
  DIV Value        : 2049.5190
  div_param        : 0.2000
====================================================================

============================== [LOG] ===============================
[ EPOCH 2000 ]
  Best Loss So Far : -984080.0000
  Mean(Loss)       : -959833.1250
  Mean(Penalty)    : 0.0000
  BG               : -0.9333
  DIV Value        : 2049.5198
  div_param        : 0.2000
====================================================================

============================== [LOG] ===============================
[ EPOCH 2500 ]
  Best Loss So Far : -984080.0000
  Mean(Loss)       : -959833.1250
  Mean(Penalty)    : 0.0000
  BG               : -0.4167
  DIV Value        : 2049.5198
  div_param        : 0.2000
====================================================================

============================== [LOG] ===============================
[ EPOCH 2999 ]
  Best Loss So Far : -984080.0000
  Mean(Loss)       : -959833.1250
  Mean(Penalty)    : 0.0000
  BG               : 0.0990
  DIV Value        : 2049.5198
  div_param        : 0.2000
====================================================================

============================== [FINAL] ==============================
FINAL BEST LOSS : -984080.0000
RUNTIME         : 6.19 s
====================================================================
sol_size:100, lr:1.0, temp:0.001, min_bg:-3.0, max_bg:0.1, curve_rate:4.0, div_param:0.2
[DEBUG] x_batch shape: torch.Size([100, 4097]), dtype: torch.float32, device: cuda:0
[DEBUG] x_batch range: [0.0000, 1.0000]
[DEBUG] x_round range: [0.0000, 1.0000]
[DEBUG] Best solution index: 59
[DEBUG] Best loss (from rounded): -984080.000000
[DEBUG] QQA reported best_obj: -984080.000000
[DEBUG] spins_tensor range: [-1.0000, 1.0000]
[DEBUG] Unique spin values: [-1.0, 1.0]
[DEBUG] Final energy: -984080.000000
QQA finished. Best energy: -984080.000000
Best objective (QQA loss): -984080.000000
Runtime reported by QQA: 6.1861s
Total wall-clock time: 6.1898s
Results saved to: results/barabasi_albert_10ins_m20/QQA/ba_4096_1_7.csv
Energy: -984080.000000
Time: 6.1898s
----------------------------------------
Processing instance: ba_4096_1_8.txt
  Seed 1/1 (seed=42)
Initialized QQA solver (QQA). Results will be saved under 'QQA'.
Parameters:
  instance_name: ba_4096_1_8.txt
  dataset: barabasi_albert_10ins_m20
  random_seed: 42
  device: cuda
  sol_size: 100
  learning_rate: 1.0
  temp: 0.001
  min_bg: -3.0
  max_bg: 0.1
  curve_rate: 4.0
  div_param: 0.2
  num_epochs: 3000
  check_interval: 500
  plot_dynamics: False
  run_name: QQA
--------------------------------------------------
[DEBUG] Starting QQA with n=4097, sol_size=100, device=cuda

============================== [LOG] ===============================
[ EPOCH 0 ]
  Best Loss So Far : -144108.0000
  Mean(Loss)       : -627.6749
  Mean(Penalty)    : 3278.5378
  BG               : -3.0000
  DIV Value        : 1181.0166
  div_param        : 0.2000
====================================================================

============================== [LOG] ===============================
[ EPOCH 500 ]
  Best Loss So Far : -983194.0000
  Mean(Loss)       : -963153.5000
  Mean(Penalty)    : 1.1687
  BG               : -2.4833
  DIV Value        : 2050.5708
  div_param        : 0.2000
====================================================================

============================== [LOG] ===============================
[ EPOCH 1000 ]
  Best Loss So Far : -983194.0000
  Mean(Loss)       : -963228.8125
  Mean(Penalty)    : 0.0968
  BG               : -1.9667
  DIV Value        : 2050.7351
  div_param        : 0.2000
====================================================================

============================== [LOG] ===============================
[ EPOCH 1500 ]
  Best Loss So Far : -983194.0000
  Mean(Loss)       : -963228.9375
  Mean(Penalty)    : 0.0074
  BG               : -1.4500
  DIV Value        : 2050.7483
  div_param        : 0.2000
====================================================================

============================== [LOG] ===============================
[ EPOCH 2000 ]
  Best Loss So Far : -983194.0000
  Mean(Loss)       : -963228.9375
  Mean(Penalty)    : 0.0000
  BG               : -0.9333
  DIV Value        : 2050.7495
  div_param        : 0.2000
====================================================================

============================== [LOG] ===============================
[ EPOCH 2500 ]
  Best Loss So Far : -983194.0000
  Mean(Loss)       : -963228.9375
  Mean(Penalty)    : 0.0000
  BG               : -0.4167
  DIV Value        : 2050.7495
  div_param        : 0.2000
====================================================================

============================== [LOG] ===============================
[ EPOCH 2999 ]
  Best Loss So Far : -983194.0000
  Mean(Loss)       : -963228.9375
  Mean(Penalty)    : 0.0000
  BG               : 0.0990
  DIV Value        : 2050.7495
  div_param        : 0.2000
====================================================================

============================== [FINAL] ==============================
FINAL BEST LOSS : -983194.0000
RUNTIME         : 6.19 s
====================================================================
sol_size:100, lr:1.0, temp:0.001, min_bg:-3.0, max_bg:0.1, curve_rate:4.0, div_param:0.2
[DEBUG] x_batch shape: torch.Size([100, 4097]), dtype: torch.float32, device: cuda:0
[DEBUG] x_batch range: [0.0000, 1.0000]
[DEBUG] x_round range: [0.0000, 1.0000]
[DEBUG] Best solution index: 36
[DEBUG] Best loss (from rounded): -983194.000000
[DEBUG] QQA reported best_obj: -983194.000000
[DEBUG] spins_tensor range: [-1.0000, 1.0000]
[DEBUG] Unique spin values: [-1.0, 1.0]
[DEBUG] Final energy: -983194.000000
QQA finished. Best energy: -983194.000000
Best objective (QQA loss): -983194.000000
Runtime reported by QQA: 6.1903s
Total wall-clock time: 6.1941s
Results saved to: results/barabasi_albert_10ins_m20/QQA/ba_4096_1_8.csv
Energy: -983194.000000
Time: 6.1941s
----------------------------------------
Processing instance: ba_4096_1_9.txt
  Seed 1/1 (seed=42)
Initialized QQA solver (QQA). Results will be saved under 'QQA'.
Parameters:
  instance_name: ba_4096_1_9.txt
  dataset: barabasi_albert_10ins_m20
  random_seed: 42
  device: cuda
  sol_size: 100
  learning_rate: 1.0
  temp: 0.001
  min_bg: -3.0
  max_bg: 0.1
  curve_rate: 4.0
  div_param: 0.2
  num_epochs: 3000
  check_interval: 500
  plot_dynamics: False
  run_name: QQA
--------------------------------------------------
[DEBUG] Starting QQA with n=4097, sol_size=100, device=cuda

============================== [LOG] ===============================
[ EPOCH 0 ]
  Best Loss So Far : -124688.0000
  Mean(Loss)       : -40.2624
  Mean(Penalty)    : 3278.5378
  BG               : -3.0000
  DIV Value        : 1181.0166
  div_param        : 0.2000
====================================================================

============================== [LOG] ===============================
[ EPOCH 500 ]
  Best Loss So Far : -996420.0000
  Mean(Loss)       : -960892.0625
  Mean(Penalty)    : 1.3500
  BG               : -2.4833
  DIV Value        : 2049.5725
  div_param        : 0.2000
====================================================================

============================== [LOG] ===============================
[ EPOCH 1000 ]
  Best Loss So Far : -996828.0000
  Mean(Loss)       : -961110.3125
  Mean(Penalty)    : 0.1418
  BG               : -1.9667
  DIV Value        : 2049.7632
  div_param        : 0.2000
====================================================================

============================== [LOG] ===============================
[ EPOCH 1500 ]
  Best Loss So Far : -996828.0000
  Mean(Loss)       : -961150.5625
  Mean(Penalty)    : 0.0075
  BG               : -1.4500
  DIV Value        : 2049.7815
  div_param        : 0.2000
====================================================================

============================== [LOG] ===============================
[ EPOCH 2000 ]
  Best Loss So Far : -996828.0000
  Mean(Loss)       : -961150.5625
  Mean(Penalty)    : 0.0000
  BG               : -0.9333
  DIV Value        : 2049.7827
  div_param        : 0.2000
====================================================================

============================== [LOG] ===============================
[ EPOCH 2500 ]
  Best Loss So Far : -996828.0000
  Mean(Loss)       : -961150.5625
  Mean(Penalty)    : 0.0000
  BG               : -0.4167
  DIV Value        : 2049.7827
  div_param        : 0.2000
====================================================================

============================== [LOG] ===============================
[ EPOCH 2999 ]
  Best Loss So Far : -996828.0000
  Mean(Loss)       : -961150.5625
  Mean(Penalty)    : 0.0000
  BG               : 0.0990
  DIV Value        : 2049.7827
  div_param        : 0.2000
====================================================================

============================== [FINAL] ==============================
FINAL BEST LOSS : -996828.0000
RUNTIME         : 6.19 s
====================================================================
sol_size:100, lr:1.0, temp:0.001, min_bg:-3.0, max_bg:0.1, curve_rate:4.0, div_param:0.2
[DEBUG] x_batch shape: torch.Size([100, 4097]), dtype: torch.float32, device: cuda:0
[DEBUG] x_batch range: [0.0000, 1.0000]
[DEBUG] x_round range: [0.0000, 1.0000]
[DEBUG] Best solution index: 46
[DEBUG] Best loss (from rounded): -996828.000000
[DEBUG] QQA reported best_obj: -996828.000000
[DEBUG] spins_tensor range: [-1.0000, 1.0000]
[DEBUG] Unique spin values: [-1.0, 1.0]
[DEBUG] Final energy: -996828.000000
QQA finished. Best energy: -996828.000000
Best objective (QQA loss): -996828.000000
Runtime reported by QQA: 6.1860s
Total wall-clock time: 6.1897s
Results saved to: results/barabasi_albert_10ins_m20/QQA/ba_4096_1_9.csv
Energy: -996828.000000
Time: 6.1897s
----------------------------------------
Processing instance: ba_512_1_0.txt
  Seed 1/1 (seed=42)
Initialized QQA solver (QQA). Results will be saved under 'QQA'.
Parameters:
  instance_name: ba_512_1_0.txt
  dataset: barabasi_albert_10ins_m20
  random_seed: 42
  device: cuda
  sol_size: 100
  learning_rate: 1.0
  temp: 0.001
  min_bg: -3.0
  max_bg: 0.1
  curve_rate: 4.0
  div_param: 0.2
  num_epochs: 3000
  check_interval: 500
  plot_dynamics: False
  run_name: QQA
--------------------------------------------------
[DEBUG] Starting QQA with n=513, sol_size=100, device=cuda

============================== [LOG] ===============================
[ EPOCH 0 ]
  Best Loss So Far : -28000.0000
  Mean(Loss)       : -33.1066
  Mean(Penalty)    : 410.5082
  BG               : -3.0000
  DIV Value        : 147.7721
  div_param        : 0.2000
====================================================================

============================== [LOG] ===============================
[ EPOCH 500 ]
  Best Loss So Far : -128620.0000
  Mean(Loss)       : -119362.8594
  Mean(Penalty)    : 0.1313
  BG               : -2.4833
  DIV Value        : 256.4827
  div_param        : 0.2000
====================================================================

============================== [LOG] ===============================
[ EPOCH 1000 ]
  Best Loss So Far : -128620.0000
  Mean(Loss)       : -119362.9609
  Mean(Penalty)    : 0.0147
  BG               : -1.9667
  DIV Value        : 256.5014
  div_param        : 0.2000
====================================================================

============================== [LOG] ===============================
[ EPOCH 1500 ]
  Best Loss So Far : -128620.0000
  Mean(Loss)       : -119362.9375
  Mean(Penalty)    : 0.0000
  BG               : -1.4500
  DIV Value        : 256.5034
  div_param        : 0.2000
====================================================================

============================== [LOG] ===============================
[ EPOCH 2000 ]
  Best Loss So Far : -128620.0000
  Mean(Loss)       : -119362.9375
  Mean(Penalty)    : 0.0000
  BG               : -0.9333
  DIV Value        : 256.5034
  div_param        : 0.2000
====================================================================

============================== [LOG] ===============================
[ EPOCH 2500 ]
  Best Loss So Far : -128620.0000
  Mean(Loss)       : -119362.9375
  Mean(Penalty)    : 0.0000
  BG               : -0.4167
  DIV Value        : 256.5034
  div_param        : 0.2000
====================================================================

============================== [LOG] ===============================
[ EPOCH 2999 ]
  Best Loss So Far : -128620.0000
  Mean(Loss)       : -119362.9375
  Mean(Penalty)    : 0.0000
  BG               : 0.0990
  DIV Value        : 256.5034
  div_param        : 0.2000
====================================================================

============================== [FINAL] ==============================
FINAL BEST LOSS : -128620.0000
RUNTIME         : 5.80 s
====================================================================
sol_size:100, lr:1.0, temp:0.001, min_bg:-3.0, max_bg:0.1, curve_rate:4.0, div_param:0.2
[DEBUG] x_batch shape: torch.Size([100, 513]), dtype: torch.float32, device: cuda:0
[DEBUG] x_batch range: [0.0000, 1.0000]
[DEBUG] x_round range: [0.0000, 1.0000]
[DEBUG] Best solution index: 6
[DEBUG] Best loss (from rounded): -128620.000000
[DEBUG] QQA reported best_obj: -128620.000000
[DEBUG] spins_tensor range: [-1.0000, 1.0000]
[DEBUG] Unique spin values: [-1.0, 1.0]
[DEBUG] Final energy: -128620.000000
QQA finished. Best energy: -128620.000000
Best objective (QQA loss): -128620.000000
Runtime reported by QQA: 5.8027s
Total wall-clock time: 5.8046s
Results saved to: results/barabasi_albert_10ins_m20/QQA/ba_512_1_0.csv
Energy: -128620.000000
Time: 5.8046s
----------------------------------------
Processing instance: ba_512_1_1.txt
  Seed 1/1 (seed=42)
Initialized QQA solver (QQA). Results will be saved under 'QQA'.
Parameters:
  instance_name: ba_512_1_1.txt
  dataset: barabasi_albert_10ins_m20
  random_seed: 42
  device: cuda
  sol_size: 100
  learning_rate: 1.0
  temp: 0.001
  min_bg: -3.0
  max_bg: 0.1
  curve_rate: 4.0
  div_param: 0.2
  num_epochs: 3000
  check_interval: 500
  plot_dynamics: False
  run_name: QQA
--------------------------------------------------
[DEBUG] Starting QQA with n=513, sol_size=100, device=cuda

============================== [LOG] ===============================
[ EPOCH 0 ]
  Best Loss So Far : -40382.0000
  Mean(Loss)       : -147.2551
  Mean(Penalty)    : 410.5082
  BG               : -3.0000
  DIV Value        : 147.7721
  div_param        : 0.2000
====================================================================

============================== [LOG] ===============================
[ EPOCH 500 ]
  Best Loss So Far : -128654.0000
  Mean(Loss)       : -120003.3438
  Mean(Penalty)    : 0.1779
  BG               : -2.4833
  DIV Value        : 256.7219
  div_param        : 0.2000
====================================================================

============================== [LOG] ===============================
[ EPOCH 1000 ]
  Best Loss So Far : -129324.0000
  Mean(Loss)       : -120027.9297
  Mean(Penalty)    : 0.0120
  BG               : -1.9667
  DIV Value        : 256.7430
  div_param        : 0.2000
====================================================================

============================== [LOG] ===============================
[ EPOCH 1500 ]
  Best Loss So Far : -129324.0000
  Mean(Loss)       : -120027.9219
  Mean(Penalty)    : 0.0016
  BG               : -1.4500
  DIV Value        : 256.7446
  div_param        : 0.2000
====================================================================

============================== [LOG] ===============================
[ EPOCH 2000 ]
  Best Loss So Far : -129324.0000
  Mean(Loss)       : -120027.9219
  Mean(Penalty)    : 0.0000
  BG               : -0.9333
  DIV Value        : 256.7448
  div_param        : 0.2000
====================================================================

============================== [LOG] ===============================
[ EPOCH 2500 ]
  Best Loss So Far : -129324.0000
  Mean(Loss)       : -120027.9219
  Mean(Penalty)    : 0.0000
  BG               : -0.4167
  DIV Value        : 256.7448
  div_param        : 0.2000
====================================================================

============================== [LOG] ===============================
[ EPOCH 2999 ]
  Best Loss So Far : -129324.0000
  Mean(Loss)       : -120027.9219
  Mean(Penalty)    : 0.0000
  BG               : 0.0990
  DIV Value        : 256.7448
  div_param        : 0.2000
====================================================================

============================== [FINAL] ==============================
FINAL BEST LOSS : -129324.0000
RUNTIME         : 5.82 s
====================================================================
sol_size:100, lr:1.0, temp:0.001, min_bg:-3.0, max_bg:0.1, curve_rate:4.0, div_param:0.2
[DEBUG] x_batch shape: torch.Size([100, 513]), dtype: torch.float32, device: cuda:0
[DEBUG] x_batch range: [0.0000, 1.0000]
[DEBUG] x_round range: [0.0000, 1.0000]
[DEBUG] Best solution index: 2
[DEBUG] Best loss (from rounded): -129324.000000
[DEBUG] QQA reported best_obj: -129324.000000
[DEBUG] spins_tensor range: [-1.0000, 1.0000]
[DEBUG] Unique spin values: [-1.0, 1.0]
[DEBUG] Final energy: -129324.000000
QQA finished. Best energy: -129324.000000
Best objective (QQA loss): -129324.000000
Runtime reported by QQA: 5.8211s
Total wall-clock time: 5.8229s
Results saved to: results/barabasi_albert_10ins_m20/QQA/ba_512_1_1.csv
Energy: -129324.000000
Time: 5.8229s
----------------------------------------
Processing instance: ba_512_1_2.txt
  Seed 1/1 (seed=42)
Initialized QQA solver (QQA). Results will be saved under 'QQA'.
Parameters:
  instance_name: ba_512_1_2.txt
  dataset: barabasi_albert_10ins_m20
  random_seed: 42
  device: cuda
  sol_size: 100
  learning_rate: 1.0
  temp: 0.001
  min_bg: -3.0
  max_bg: 0.1
  curve_rate: 4.0
  div_param: 0.2
  num_epochs: 3000
  check_interval: 500
  plot_dynamics: False
  run_name: QQA
--------------------------------------------------
[DEBUG] Starting QQA with n=513, sol_size=100, device=cuda

============================== [LOG] ===============================
[ EPOCH 0 ]
  Best Loss So Far : -39326.0000
  Mean(Loss)       : -170.0008
  Mean(Penalty)    : 410.5082
  BG               : -3.0000
  DIV Value        : 147.7721
  div_param        : 0.2000
====================================================================

============================== [LOG] ===============================
[ EPOCH 500 ]
  Best Loss So Far : -125512.0000
  Mean(Loss)       : -118915.9766
  Mean(Penalty)    : 0.1861
  BG               : -2.4833
  DIV Value        : 256.6428
  div_param        : 0.2000
====================================================================

============================== [LOG] ===============================
[ EPOCH 1000 ]
  Best Loss So Far : -125512.0000
  Mean(Loss)       : -118916.2578
  Mean(Penalty)    : 0.0084
  BG               : -1.9667
  DIV Value        : 256.6703
  div_param        : 0.2000
====================================================================

============================== [LOG] ===============================
[ EPOCH 1500 ]
  Best Loss So Far : -125512.0000
  Mean(Loss)       : -118916.2578
  Mean(Penalty)    : 0.0000
  BG               : -1.4500
  DIV Value        : 256.6713
  div_param        : 0.2000
====================================================================

============================== [LOG] ===============================
[ EPOCH 2000 ]
  Best Loss So Far : -125512.0000
  Mean(Loss)       : -118916.2578
  Mean(Penalty)    : 0.0000
  BG               : -0.9333
  DIV Value        : 256.6713
  div_param        : 0.2000
====================================================================

============================== [LOG] ===============================
[ EPOCH 2500 ]
  Best Loss So Far : -125512.0000
  Mean(Loss)       : -118916.2578
  Mean(Penalty)    : 0.0000
  BG               : -0.4167
  DIV Value        : 256.6713
  div_param        : 0.2000
====================================================================

============================== [LOG] ===============================
[ EPOCH 2999 ]
  Best Loss So Far : -125512.0000
  Mean(Loss)       : -118916.2578
  Mean(Penalty)    : 0.0000
  BG               : 0.0990
  DIV Value        : 256.6713
  div_param        : 0.2000
====================================================================

============================== [FINAL] ==============================
FINAL BEST LOSS : -125512.0000
RUNTIME         : 5.83 s
====================================================================
sol_size:100, lr:1.0, temp:0.001, min_bg:-3.0, max_bg:0.1, curve_rate:4.0, div_param:0.2
[DEBUG] x_batch shape: torch.Size([100, 513]), dtype: torch.float32, device: cuda:0
[DEBUG] x_batch range: [0.0000, 1.0000]
[DEBUG] x_round range: [0.0000, 1.0000]
[DEBUG] Best solution index: 26
[DEBUG] Best loss (from rounded): -125512.000000
[DEBUG] QQA reported best_obj: -125512.000000
[DEBUG] spins_tensor range: [-1.0000, 1.0000]
[DEBUG] Unique spin values: [-1.0, 1.0]
[DEBUG] Final energy: -125512.000000
QQA finished. Best energy: -125512.000000
Best objective (QQA loss): -125512.000000
Runtime reported by QQA: 5.8284s
Total wall-clock time: 5.8302s
Results saved to: results/barabasi_albert_10ins_m20/QQA/ba_512_1_2.csv
Energy: -125512.000000
Time: 5.8302s
----------------------------------------
Processing instance: ba_512_1_3.txt
  Seed 1/1 (seed=42)
Initialized QQA solver (QQA). Results will be saved under 'QQA'.
Parameters:
  instance_name: ba_512_1_3.txt
  dataset: barabasi_albert_10ins_m20
  random_seed: 42
  device: cuda
  sol_size: 100
  learning_rate: 1.0
  temp: 0.001
  min_bg: -3.0
  max_bg: 0.1
  curve_rate: 4.0
  div_param: 0.2
  num_epochs: 3000
  check_interval: 500
  plot_dynamics: False
  run_name: QQA
--------------------------------------------------
[DEBUG] Starting QQA with n=513, sol_size=100, device=cuda

============================== [LOG] ===============================
[ EPOCH 0 ]
  Best Loss So Far : -37060.0000
  Mean(Loss)       : -458.3735
  Mean(Penalty)    : 410.5082
  BG               : -3.0000
  DIV Value        : 147.7721
  div_param        : 0.2000
====================================================================

============================== [LOG] ===============================
[ EPOCH 500 ]
  Best Loss So Far : -126904.0000
  Mean(Loss)       : -119878.3281
  Mean(Penalty)    : 0.1634
  BG               : -2.4833
  DIV Value        : 256.7035
  div_param        : 0.2000
====================================================================

============================== [LOG] ===============================
[ EPOCH 1000 ]
  Best Loss So Far : -126904.0000
  Mean(Loss)       : -119884.1094
  Mean(Penalty)    : 0.0329
  BG               : -1.9667
  DIV Value        : 256.7225
  div_param        : 0.2000
====================================================================

============================== [LOG] ===============================
[ EPOCH 1500 ]
  Best Loss So Far : -126904.0000
  Mean(Loss)       : -119884.1016
  Mean(Penalty)    : 0.0003
  BG               : -1.4500
  DIV Value        : 256.7272
  div_param        : 0.2000
====================================================================

============================== [LOG] ===============================
[ EPOCH 2000 ]
  Best Loss So Far : -126904.0000
  Mean(Loss)       : -119884.1016
  Mean(Penalty)    : 0.0040
  BG               : -0.9333
  DIV Value        : 256.7266
  div_param        : 0.2000
====================================================================

============================== [LOG] ===============================
[ EPOCH 2500 ]
  Best Loss So Far : -126904.0000
  Mean(Loss)       : -119884.1016
  Mean(Penalty)    : 0.0000
  BG               : -0.4167
  DIV Value        : 256.7272
  div_param        : 0.2000
====================================================================

============================== [LOG] ===============================
[ EPOCH 2999 ]
  Best Loss So Far : -126904.0000
  Mean(Loss)       : -119884.1016
  Mean(Penalty)    : 0.0000
  BG               : 0.0990
  DIV Value        : 256.7272
  div_param        : 0.2000
====================================================================

============================== [FINAL] ==============================
FINAL BEST LOSS : -126904.0000
RUNTIME         : 5.82 s
====================================================================
sol_size:100, lr:1.0, temp:0.001, min_bg:-3.0, max_bg:0.1, curve_rate:4.0, div_param:0.2
[DEBUG] x_batch shape: torch.Size([100, 513]), dtype: torch.float32, device: cuda:0
[DEBUG] x_batch range: [0.0000, 1.0000]
[DEBUG] x_round range: [0.0000, 1.0000]
[DEBUG] Best solution index: 22
[DEBUG] Best loss (from rounded): -126904.000000
[DEBUG] QQA reported best_obj: -126904.000000
[DEBUG] spins_tensor range: [-1.0000, 1.0000]
[DEBUG] Unique spin values: [-1.0, 1.0]
[DEBUG] Final energy: -126904.000000
QQA finished. Best energy: -126904.000000
Best objective (QQA loss): -126904.000000
Runtime reported by QQA: 5.8211s
Total wall-clock time: 5.8229s
Results saved to: results/barabasi_albert_10ins_m20/QQA/ba_512_1_3.csv
Energy: -126904.000000
Time: 5.8229s
----------------------------------------
Processing instance: ba_512_1_4.txt
  Seed 1/1 (seed=42)
Initialized QQA solver (QQA). Results will be saved under 'QQA'.
Parameters:
  instance_name: ba_512_1_4.txt
  dataset: barabasi_albert_10ins_m20
  random_seed: 42
  device: cuda
  sol_size: 100
  learning_rate: 1.0
  temp: 0.001
  min_bg: -3.0
  max_bg: 0.1
  curve_rate: 4.0
  div_param: 0.2
  num_epochs: 3000
  check_interval: 500
  plot_dynamics: False
  run_name: QQA
--------------------------------------------------
[DEBUG] Starting QQA with n=513, sol_size=100, device=cuda

============================== [LOG] ===============================
[ EPOCH 0 ]
  Best Loss So Far : -28878.0000
  Mean(Loss)       : -129.3091
  Mean(Penalty)    : 410.5082
  BG               : -3.0000
  DIV Value        : 147.7721
  div_param        : 0.2000
====================================================================

============================== [LOG] ===============================
[ EPOCH 500 ]
  Best Loss So Far : -130356.0000
  Mean(Loss)       : -120228.8828
  Mean(Penalty)    : 0.1506
  BG               : -2.4833
  DIV Value        : 256.8829
  div_param        : 0.2000
====================================================================

============================== [LOG] ===============================
[ EPOCH 1000 ]
  Best Loss So Far : -130356.0000
  Mean(Loss)       : -120251.9219
  Mean(Penalty)    : 0.0214
  BG               : -1.9667
  DIV Value        : 256.9050
  div_param        : 0.2000
====================================================================

============================== [LOG] ===============================
[ EPOCH 1500 ]
  Best Loss So Far : -130356.0000
  Mean(Loss)       : -120251.9219
  Mean(Penalty)    : 0.0000
  BG               : -1.4500
  DIV Value        : 256.9081
  div_param        : 0.2000
====================================================================

============================== [LOG] ===============================
[ EPOCH 2000 ]
  Best Loss So Far : -130356.0000
  Mean(Loss)       : -120251.9219
  Mean(Penalty)    : 0.0000
  BG               : -0.9333
  DIV Value        : 256.9081
  div_param        : 0.2000
====================================================================

============================== [LOG] ===============================
[ EPOCH 2500 ]
  Best Loss So Far : -130356.0000
  Mean(Loss)       : -120251.9219
  Mean(Penalty)    : 0.0000
  BG               : -0.4167
  DIV Value        : 256.9081
  div_param        : 0.2000
====================================================================

============================== [LOG] ===============================
[ EPOCH 2999 ]
  Best Loss So Far : -130356.0000
  Mean(Loss)       : -120251.9219
  Mean(Penalty)    : 0.0000
  BG               : 0.0990
  DIV Value        : 256.9081
  div_param        : 0.2000
====================================================================

============================== [FINAL] ==============================
FINAL BEST LOSS : -130356.0000
RUNTIME         : 5.81 s
====================================================================
sol_size:100, lr:1.0, temp:0.001, min_bg:-3.0, max_bg:0.1, curve_rate:4.0, div_param:0.2
[DEBUG] x_batch shape: torch.Size([100, 513]), dtype: torch.float32, device: cuda:0
[DEBUG] x_batch range: [0.0000, 1.0000]
[DEBUG] x_round range: [0.0000, 1.0000]
[DEBUG] Best solution index: 62
[DEBUG] Best loss (from rounded): -130356.000000
[DEBUG] QQA reported best_obj: -130356.000000
[DEBUG] spins_tensor range: [-1.0000, 1.0000]
[DEBUG] Unique spin values: [-1.0, 1.0]
[DEBUG] Final energy: -130356.000000
QQA finished. Best energy: -130356.000000
Best objective (QQA loss): -130356.000000
Runtime reported by QQA: 5.8138s
Total wall-clock time: 5.8156s
Results saved to: results/barabasi_albert_10ins_m20/QQA/ba_512_1_4.csv
Energy: -130356.000000
Time: 5.8156s
----------------------------------------
Processing instance: ba_512_1_5.txt
  Seed 1/1 (seed=42)
Initialized QQA solver (QQA). Results will be saved under 'QQA'.
Parameters:
  instance_name: ba_512_1_5.txt
  dataset: barabasi_albert_10ins_m20
  random_seed: 42
  device: cuda
  sol_size: 100
  learning_rate: 1.0
  temp: 0.001
  min_bg: -3.0
  max_bg: 0.1
  curve_rate: 4.0
  div_param: 0.2
  num_epochs: 3000
  check_interval: 500
  plot_dynamics: False
  run_name: QQA
--------------------------------------------------
[DEBUG] Starting QQA with n=513, sol_size=100, device=cuda

============================== [LOG] ===============================
[ EPOCH 0 ]
  Best Loss So Far : -28470.0000
  Mean(Loss)       : -126.0842
  Mean(Penalty)    : 410.5082
  BG               : -3.0000
  DIV Value        : 147.7721
  div_param        : 0.2000
====================================================================

============================== [LOG] ===============================
[ EPOCH 500 ]
  Best Loss So Far : -127786.0000
  Mean(Loss)       : -119410.8203
  Mean(Penalty)    : 0.1638
  BG               : -2.4833
  DIV Value        : 256.9038
  div_param        : 0.2000
====================================================================

============================== [LOG] ===============================
[ EPOCH 1000 ]
  Best Loss So Far : -127786.0000
  Mean(Loss)       : -119419.2109
  Mean(Penalty)    : 0.0221
  BG               : -1.9667
  DIV Value        : 256.9261
  div_param        : 0.2000
====================================================================

============================== [LOG] ===============================
[ EPOCH 1500 ]
  Best Loss So Far : -127786.0000
  Mean(Loss)       : -119419.2031
  Mean(Penalty)    : 0.0034
  BG               : -1.4500
  DIV Value        : 256.9286
  div_param        : 0.2000
====================================================================

============================== [LOG] ===============================
[ EPOCH 2000 ]
  Best Loss So Far : -127786.0000
  Mean(Loss)       : -119419.2031
  Mean(Penalty)    : 0.0000
  BG               : -0.9333
  DIV Value        : 256.9291
  div_param        : 0.2000
====================================================================

============================== [LOG] ===============================
[ EPOCH 2500 ]
  Best Loss So Far : -127786.0000
  Mean(Loss)       : -119419.2031
  Mean(Penalty)    : 0.0000
  BG               : -0.4167
  DIV Value        : 256.9291
  div_param        : 0.2000
====================================================================

============================== [LOG] ===============================
[ EPOCH 2999 ]
  Best Loss So Far : -127786.0000
  Mean(Loss)       : -119419.2031
  Mean(Penalty)    : 0.0000
  BG               : 0.0990
  DIV Value        : 256.9291
  div_param        : 0.2000
====================================================================

============================== [FINAL] ==============================
FINAL BEST LOSS : -127786.0000
RUNTIME         : 5.82 s
====================================================================
sol_size:100, lr:1.0, temp:0.001, min_bg:-3.0, max_bg:0.1, curve_rate:4.0, div_param:0.2
[DEBUG] x_batch shape: torch.Size([100, 513]), dtype: torch.float32, device: cuda:0
[DEBUG] x_batch range: [0.0000, 1.0000]
[DEBUG] x_round range: [0.0000, 1.0000]
[DEBUG] Best solution index: 55
[DEBUG] Best loss (from rounded): -127786.000000
[DEBUG] QQA reported best_obj: -127786.000000
[DEBUG] spins_tensor range: [-1.0000, 1.0000]
[DEBUG] Unique spin values: [-1.0, 1.0]
[DEBUG] Final energy: -127786.000000
QQA finished. Best energy: -127786.000000
Best objective (QQA loss): -127786.000000
Runtime reported by QQA: 5.8193s
Total wall-clock time: 5.8211s
Results saved to: results/barabasi_albert_10ins_m20/QQA/ba_512_1_5.csv
Energy: -127786.000000
Time: 5.8211s
----------------------------------------
Processing instance: ba_512_1_6.txt
  Seed 1/1 (seed=42)
Initialized QQA solver (QQA). Results will be saved under 'QQA'.
Parameters:
  instance_name: ba_512_1_6.txt
  dataset: barabasi_albert_10ins_m20
  random_seed: 42
  device: cuda
  sol_size: 100
  learning_rate: 1.0
  temp: 0.001
  min_bg: -3.0
  max_bg: 0.1
  curve_rate: 4.0
  div_param: 0.2
  num_epochs: 3000
  check_interval: 500
  plot_dynamics: False
  run_name: QQA
--------------------------------------------------
[DEBUG] Starting QQA with n=513, sol_size=100, device=cuda

============================== [LOG] ===============================
[ EPOCH 0 ]
  Best Loss So Far : -28749.0000
  Mean(Loss)       : -15.5856
  Mean(Penalty)    : 410.5082
  BG               : -3.0000
  DIV Value        : 147.7721
  div_param        : 0.2000
====================================================================

============================== [LOG] ===============================
[ EPOCH 500 ]
  Best Loss So Far : -125723.0000
  Mean(Loss)       : -118445.3594
  Mean(Penalty)    : 0.1830
  BG               : -2.4833
  DIV Value        : 256.5347
  div_param        : 0.2000
====================================================================

============================== [LOG] ===============================
[ EPOCH 1000 ]
  Best Loss So Far : -125723.0000
  Mean(Loss)       : -118455.5000
  Mean(Penalty)    : 0.0105
  BG               : -1.9667
  DIV Value        : 256.5563
  div_param        : 0.2000
====================================================================

============================== [LOG] ===============================
[ EPOCH 1500 ]
  Best Loss So Far : -125723.0000
  Mean(Loss)       : -118455.5000
  Mean(Penalty)    : 0.0000
  BG               : -1.4500
  DIV Value        : 256.5577
  div_param        : 0.2000
====================================================================

============================== [LOG] ===============================
[ EPOCH 2000 ]
  Best Loss So Far : -125723.0000
  Mean(Loss)       : -118455.5000
  Mean(Penalty)    : 0.0000
  BG               : -0.9333
  DIV Value        : 256.5577
  div_param        : 0.2000
====================================================================

============================== [LOG] ===============================
[ EPOCH 2500 ]
  Best Loss So Far : -125723.0000
  Mean(Loss)       : -118455.5000
  Mean(Penalty)    : 0.0000
  BG               : -0.4167
  DIV Value        : 256.5577
  div_param        : 0.2000
====================================================================

============================== [LOG] ===============================
[ EPOCH 2999 ]
  Best Loss So Far : -125723.0000
  Mean(Loss)       : -118455.5000
  Mean(Penalty)    : 0.0000
  BG               : 0.0990
  DIV Value        : 256.5577
  div_param        : 0.2000
====================================================================

============================== [FINAL] ==============================
FINAL BEST LOSS : -125723.0000
RUNTIME         : 5.82 s
====================================================================
sol_size:100, lr:1.0, temp:0.001, min_bg:-3.0, max_bg:0.1, curve_rate:4.0, div_param:0.2
[DEBUG] x_batch shape: torch.Size([100, 513]), dtype: torch.float32, device: cuda:0
[DEBUG] x_batch range: [0.0000, 1.0000]
[DEBUG] x_round range: [0.0000, 1.0000]
[DEBUG] Best solution index: 58
[DEBUG] Best loss (from rounded): -125723.000000
[DEBUG] QQA reported best_obj: -125723.000000
[DEBUG] spins_tensor range: [-1.0000, 1.0000]
[DEBUG] Unique spin values: [-1.0, 1.0]
[DEBUG] Final energy: -125723.000000
QQA finished. Best energy: -125723.000000
Best objective (QQA loss): -125723.000000
Runtime reported by QQA: 5.8238s
Total wall-clock time: 5.8256s
Results saved to: results/barabasi_albert_10ins_m20/QQA/ba_512_1_6.csv
Energy: -125723.000000
Time: 5.8256s
----------------------------------------
Processing instance: ba_512_1_7.txt
  Seed 1/1 (seed=42)
Initialized QQA solver (QQA). Results will be saved under 'QQA'.
Parameters:
  instance_name: ba_512_1_7.txt
  dataset: barabasi_albert_10ins_m20
  random_seed: 42
  device: cuda
  sol_size: 100
  learning_rate: 1.0
  temp: 0.001
  min_bg: -3.0
  max_bg: 0.1
  curve_rate: 4.0
  div_param: 0.2
  num_epochs: 3000
  check_interval: 500
  plot_dynamics: False
  run_name: QQA
--------------------------------------------------
[DEBUG] Starting QQA with n=513, sol_size=100, device=cuda

============================== [LOG] ===============================
[ EPOCH 0 ]
  Best Loss So Far : -36816.0000
  Mean(Loss)       : -117.7699
  Mean(Penalty)    : 410.5082
  BG               : -3.0000
  DIV Value        : 147.7721
  div_param        : 0.2000
====================================================================

============================== [LOG] ===============================
[ EPOCH 500 ]
  Best Loss So Far : -125898.0000
  Mean(Loss)       : -117152.5312
  Mean(Penalty)    : 0.1263
  BG               : -2.4833
  DIV Value        : 256.5688
  div_param        : 0.2000
====================================================================

============================== [LOG] ===============================
[ EPOCH 1000 ]
  Best Loss So Far : -125898.0000
  Mean(Loss)       : -117153.2422
  Mean(Penalty)    : 0.0074
  BG               : -1.9667
  DIV Value        : 256.5868
  div_param        : 0.2000
====================================================================

============================== [LOG] ===============================
[ EPOCH 1500 ]
  Best Loss So Far : -125898.0000
  Mean(Loss)       : -117153.2422
  Mean(Penalty)    : 0.0000
  BG               : -1.4500
  DIV Value        : 256.5878
  div_param        : 0.2000
====================================================================

============================== [LOG] ===============================
[ EPOCH 2000 ]
  Best Loss So Far : -125898.0000
  Mean(Loss)       : -117153.2422
  Mean(Penalty)    : 0.0000
  BG               : -0.9333
  DIV Value        : 256.5878
  div_param        : 0.2000
====================================================================

============================== [LOG] ===============================
[ EPOCH 2500 ]
  Best Loss So Far : -125898.0000
  Mean(Loss)       : -117153.2422
  Mean(Penalty)    : 0.0000
  BG               : -0.4167
  DIV Value        : 256.5878
  div_param        : 0.2000
====================================================================

============================== [LOG] ===============================
[ EPOCH 2999 ]
  Best Loss So Far : -125898.0000
  Mean(Loss)       : -117153.2422
  Mean(Penalty)    : 0.0000
  BG               : 0.0990
  DIV Value        : 256.5878
  div_param        : 0.2000
====================================================================

============================== [FINAL] ==============================
FINAL BEST LOSS : -125898.0000
RUNTIME         : 5.83 s
====================================================================
sol_size:100, lr:1.0, temp:0.001, min_bg:-3.0, max_bg:0.1, curve_rate:4.0, div_param:0.2
[DEBUG] x_batch shape: torch.Size([100, 513]), dtype: torch.float32, device: cuda:0
[DEBUG] x_batch range: [0.0000, 1.0000]
[DEBUG] x_round range: [0.0000, 1.0000]
[DEBUG] Best solution index: 99
[DEBUG] Best loss (from rounded): -125898.000000
[DEBUG] QQA reported best_obj: -125898.000000
[DEBUG] spins_tensor range: [-1.0000, 1.0000]
[DEBUG] Unique spin values: [-1.0, 1.0]
[DEBUG] Final energy: -125898.000000
QQA finished. Best energy: -125898.000000
Best objective (QQA loss): -125898.000000
Runtime reported by QQA: 5.8260s
Total wall-clock time: 5.8277s
Results saved to: results/barabasi_albert_10ins_m20/QQA/ba_512_1_7.csv
Energy: -125898.000000
Time: 5.8277s
----------------------------------------
Processing instance: ba_512_1_8.txt
  Seed 1/1 (seed=42)
Initialized QQA solver (QQA). Results will be saved under 'QQA'.
Parameters:
  instance_name: ba_512_1_8.txt
  dataset: barabasi_albert_10ins_m20
  random_seed: 42
  device: cuda
  sol_size: 100
  learning_rate: 1.0
  temp: 0.001
  min_bg: -3.0
  max_bg: 0.1
  curve_rate: 4.0
  div_param: 0.2
  num_epochs: 3000
  check_interval: 500
  plot_dynamics: False
  run_name: QQA
--------------------------------------------------
[DEBUG] Starting QQA with n=513, sol_size=100, device=cuda

============================== [LOG] ===============================
[ EPOCH 0 ]
  Best Loss So Far : -32761.0000
  Mean(Loss)       : 186.0604
  Mean(Penalty)    : 410.5082
  BG               : -3.0000
  DIV Value        : 147.7721
  div_param        : 0.2000
====================================================================

============================== [LOG] ===============================
[ EPOCH 500 ]
  Best Loss So Far : -128375.0000
  Mean(Loss)       : -119662.7500
  Mean(Penalty)    : 0.1251
  BG               : -2.4833
  DIV Value        : 256.5287
  div_param        : 0.2000
====================================================================

============================== [LOG] ===============================
[ EPOCH 1000 ]
  Best Loss So Far : -128375.0000
  Mean(Loss)       : -119663.5234
  Mean(Penalty)    : 0.0078
  BG               : -1.9667
  DIV Value        : 256.5465
  div_param        : 0.2000
====================================================================

============================== [LOG] ===============================
[ EPOCH 1500 ]
  Best Loss So Far : -128375.0000
  Mean(Loss)       : -119663.5234
  Mean(Penalty)    : 0.0000
  BG               : -1.4500
  DIV Value        : 256.5476
  div_param        : 0.2000
====================================================================

============================== [LOG] ===============================
[ EPOCH 2000 ]
  Best Loss So Far : -128375.0000
  Mean(Loss)       : -119663.5234
  Mean(Penalty)    : 0.0000
  BG               : -0.9333
  DIV Value        : 256.5476
  div_param        : 0.2000
====================================================================

============================== [LOG] ===============================
[ EPOCH 2500 ]
  Best Loss So Far : -128375.0000
  Mean(Loss)       : -119663.5234
  Mean(Penalty)    : 0.0000
  BG               : -0.4167
  DIV Value        : 256.5476
  div_param        : 0.2000
====================================================================

============================== [LOG] ===============================
[ EPOCH 2999 ]
  Best Loss So Far : -128375.0000
  Mean(Loss)       : -119663.5234
  Mean(Penalty)    : 0.0000
  BG               : 0.0990
  DIV Value        : 256.5476
  div_param        : 0.2000
====================================================================

============================== [FINAL] ==============================
FINAL BEST LOSS : -128375.0000
RUNTIME         : 5.82 s
====================================================================
sol_size:100, lr:1.0, temp:0.001, min_bg:-3.0, max_bg:0.1, curve_rate:4.0, div_param:0.2
[DEBUG] x_batch shape: torch.Size([100, 513]), dtype: torch.float32, device: cuda:0
[DEBUG] x_batch range: [0.0000, 1.0000]
[DEBUG] x_round range: [0.0000, 1.0000]
[DEBUG] Best solution index: 65
[DEBUG] Best loss (from rounded): -128375.000000
[DEBUG] QQA reported best_obj: -128375.000000
[DEBUG] spins_tensor range: [-1.0000, 1.0000]
[DEBUG] Unique spin values: [-1.0, 1.0]
[DEBUG] Final energy: -128375.000000
QQA finished. Best energy: -128375.000000
Best objective (QQA loss): -128375.000000
Runtime reported by QQA: 5.8226s
Total wall-clock time: 5.8245s
Results saved to: results/barabasi_albert_10ins_m20/QQA/ba_512_1_8.csv
Energy: -128375.000000
Time: 5.8245s
----------------------------------------
Processing instance: ba_512_1_9.txt
  Seed 1/1 (seed=42)
Initialized QQA solver (QQA). Results will be saved under 'QQA'.
Parameters:
  instance_name: ba_512_1_9.txt
  dataset: barabasi_albert_10ins_m20
  random_seed: 42
  device: cuda
  sol_size: 100
  learning_rate: 1.0
  temp: 0.001
  min_bg: -3.0
  max_bg: 0.1
  curve_rate: 4.0
  div_param: 0.2
  num_epochs: 3000
  check_interval: 500
  plot_dynamics: False
  run_name: QQA
--------------------------------------------------
[DEBUG] Starting QQA with n=513, sol_size=100, device=cuda

============================== [LOG] ===============================
[ EPOCH 0 ]
  Best Loss So Far : -29210.0000
  Mean(Loss)       : -94.1477
  Mean(Penalty)    : 410.5082
  BG               : -3.0000
  DIV Value        : 147.7721
  div_param        : 0.2000
====================================================================

============================== [LOG] ===============================
[ EPOCH 500 ]
  Best Loss So Far : -126076.0000
  Mean(Loss)       : -120179.6797
  Mean(Penalty)    : 0.1043
  BG               : -2.4833
  DIV Value        : 256.8563
  div_param        : 0.2000
====================================================================

============================== [LOG] ===============================
[ EPOCH 1000 ]
  Best Loss So Far : -126076.0000
  Mean(Loss)       : -120228.9531
  Mean(Penalty)    : 0.0217
  BG               : -1.9667
  DIV Value        : 256.8712
  div_param        : 0.2000
====================================================================

============================== [LOG] ===============================
[ EPOCH 1500 ]
  Best Loss So Far : -126076.0000
  Mean(Loss)       : -120228.9375
  Mean(Penalty)    : 0.0023
  BG               : -1.4500
  DIV Value        : 256.8744
  div_param        : 0.2000
====================================================================

============================== [LOG] ===============================
[ EPOCH 2000 ]
  Best Loss So Far : -126076.0000
  Mean(Loss)       : -120228.9375
  Mean(Penalty)    : 0.0000
  BG               : -0.9333
  DIV Value        : 256.8747
  div_param        : 0.2000
====================================================================

============================== [LOG] ===============================
[ EPOCH 2500 ]
  Best Loss So Far : -126076.0000
  Mean(Loss)       : -120228.9375
  Mean(Penalty)    : 0.0000
  BG               : -0.4167
  DIV Value        : 256.8747
  div_param        : 0.2000
====================================================================

============================== [LOG] ===============================
[ EPOCH 2999 ]
  Best Loss So Far : -126076.0000
  Mean(Loss)       : -120228.9375
  Mean(Penalty)    : 0.0000
  BG               : 0.0990
  DIV Value        : 256.8747
  div_param        : 0.2000
====================================================================

============================== [FINAL] ==============================
FINAL BEST LOSS : -126076.0000
RUNTIME         : 5.83 s
====================================================================
sol_size:100, lr:1.0, temp:0.001, min_bg:-3.0, max_bg:0.1, curve_rate:4.0, div_param:0.2
[DEBUG] x_batch shape: torch.Size([100, 513]), dtype: torch.float32, device: cuda:0
[DEBUG] x_batch range: [0.0000, 1.0000]
[DEBUG] x_round range: [0.0000, 1.0000]
[DEBUG] Best solution index: 37
[DEBUG] Best loss (from rounded): -126076.000000
[DEBUG] QQA reported best_obj: -126076.000000
[DEBUG] spins_tensor range: [-1.0000, 1.0000]
[DEBUG] Unique spin values: [-1.0, 1.0]
[DEBUG] Final energy: -126076.000000
QQA finished. Best energy: -126076.000000
Best objective (QQA loss): -126076.000000
Runtime reported by QQA: 5.8294s
Total wall-clock time: 5.8312s
Results saved to: results/barabasi_albert_10ins_m20/QQA/ba_512_1_9.csv
Energy: -126076.000000
Time: 5.8312s
----------------------------------------
Processing instance: ba_524288_1_0.txt
  Seed 1/1 (seed=42)
Initialized QQA solver (QQA). Results will be saved under 'QQA'.
Parameters:
  instance_name: ba_524288_1_0.txt
  dataset: barabasi_albert_10ins_m20
  random_seed: 42
  device: cuda
  sol_size: 100
  learning_rate: 1.0
  temp: 0.001
  min_bg: -3.0
  max_bg: 0.1
  curve_rate: 4.0
  div_param: 0.2
  num_epochs: 3000
  check_interval: 500
  plot_dynamics: False
  run_name: QQA
--------------------------------------------------
[DEBUG] Starting QQA with n=524289, sol_size=100, device=cuda

============================== [LOG] ===============================
[ EPOCH 0 ]
  Best Loss So Far : -11682138.0000
  Mean(Loss)       : -508.7029
  Mean(Penalty)    : 419469.5312
  BG               : -3.0000
  DIV Value        : 151173.5312
  div_param        : 0.2000
====================================================================

============================== [LOG] ===============================
[ EPOCH 500 ]
  Best Loss So Far : -123646016.0000
  Mean(Loss)       : -123038792.0000
  Mean(Penalty)    : 171.3213
  BG               : -2.4833
  DIV Value        : 262163.3750
  div_param        : 0.2000
====================================================================

============================== [LOG] ===============================
[ EPOCH 1000 ]
  Best Loss So Far : -123688744.0000
  Mean(Loss)       : -123065424.0000
  Mean(Penalty)    : 17.9093
  BG               : -1.9667
  DIV Value        : 262188.0938
  div_param        : 0.2000
====================================================================

============================== [LOG] ===============================
[ EPOCH 1500 ]
  Best Loss So Far : -123691440.0000
  Mean(Loss)       : -123065864.0000
  Mean(Penalty)    : 1.0123
  BG               : -1.4500
  DIV Value        : 262190.5000
  div_param        : 0.2000
====================================================================

============================== [LOG] ===============================
[ EPOCH 2000 ]
  Best Loss So Far : -123691440.0000
  Mean(Loss)       : -123065864.0000
  Mean(Penalty)    : 0.0448
  BG               : -0.9333
  DIV Value        : 262190.6250
  div_param        : 0.2000
====================================================================

============================== [LOG] ===============================
[ EPOCH 2500 ]
  Best Loss So Far : -123691440.0000
  Mean(Loss)       : -123065864.0000
  Mean(Penalty)    : 0.0008
  BG               : -0.4167
  DIV Value        : 262190.6250
  div_param        : 0.2000
====================================================================

============================== [LOG] ===============================
[ EPOCH 2999 ]
  Best Loss So Far : -123691440.0000
  Mean(Loss)       : -123065864.0000
  Mean(Penalty)    : 0.0000
  BG               : 0.0990
  DIV Value        : 262190.6250
  div_param        : 0.2000
====================================================================

============================== [FINAL] ==============================
FINAL BEST LOSS : -123691440.0000
RUNTIME         : 482.85 s
====================================================================
sol_size:100, lr:1.0, temp:0.001, min_bg:-3.0, max_bg:0.1, curve_rate:4.0, div_param:0.2
[DEBUG] x_batch shape: torch.Size([100, 524289]), dtype: torch.float32, device: cuda:0
[DEBUG] x_batch range: [0.0000, 1.0000]
[DEBUG] x_round range: [0.0000, 1.0000]
[DEBUG] Best solution index: 67
[DEBUG] Best loss (from rounded): -123691440.000000
[DEBUG] QQA reported best_obj: -123691440.000000
[DEBUG] spins_tensor range: [-1.0000, 1.0000]
[DEBUG] Unique spin values: [-1.0, 1.0]
[DEBUG] Final energy: -123691440.000000
QQA finished. Best energy: -123691440.000000
Best objective (QQA loss): -123691440.000000
Runtime reported by QQA: 482.8496s
Total wall-clock time: 483.4077s
Results saved to: results/barabasi_albert_10ins_m20/QQA/ba_524288_1_0.csv
Energy: -123691440.000000
Time: 483.4077s
----------------------------------------
Processing instance: ba_524288_1_1.txt
  Seed 1/1 (seed=42)
Initialized QQA solver (QQA). Results will be saved under 'QQA'.
Parameters:
  instance_name: ba_524288_1_1.txt
  dataset: barabasi_albert_10ins_m20
  random_seed: 42
  device: cuda
  sol_size: 100
  learning_rate: 1.0
  temp: 0.001
  min_bg: -3.0
  max_bg: 0.1
  curve_rate: 4.0
  div_param: 0.2
  num_epochs: 3000
  check_interval: 500
  plot_dynamics: False
  run_name: QQA
--------------------------------------------------
[DEBUG] Starting QQA with n=524289, sol_size=100, device=cuda

============================== [LOG] ===============================
[ EPOCH 0 ]
  Best Loss So Far : -11079616.0000
  Mean(Loss)       : -9406.5215
  Mean(Penalty)    : 419469.5312
  BG               : -3.0000
  DIV Value        : 151173.5312
  div_param        : 0.2000
====================================================================

============================== [LOG] ===============================
[ EPOCH 500 ]
  Best Loss So Far : -123574488.0000
  Mean(Loss)       : -123015400.0000
  Mean(Penalty)    : 171.7304
  BG               : -2.4833
  DIV Value        : 262066.3438
  div_param        : 0.2000
====================================================================

============================== [LOG] ===============================
[ EPOCH 1000 ]
  Best Loss So Far : -123608800.0000
  Mean(Loss)       : -123043104.0000
  Mean(Penalty)    : 18.0201
  BG               : -1.9667
  DIV Value        : 262090.9688
  div_param        : 0.2000
====================================================================

============================== [LOG] ===============================
[ EPOCH 1500 ]
  Best Loss So Far : -123609984.0000
  Mean(Loss)       : -123043688.0000
  Mean(Penalty)    : 1.1148
  BG               : -1.4500
  DIV Value        : 262093.3750
  div_param        : 0.2000
====================================================================

============================== [LOG] ===============================
[ EPOCH 2000 ]
  Best Loss So Far : -123609984.0000
  Mean(Loss)       : -123043688.0000
  Mean(Penalty)    : 0.0441
  BG               : -0.9333
  DIV Value        : 262093.5156
  div_param        : 0.2000
====================================================================

============================== [LOG] ===============================
[ EPOCH 2500 ]
  Best Loss So Far : -123609984.0000
  Mean(Loss)       : -123043688.0000
  Mean(Penalty)    : 0.0009
  BG               : -0.4167
  DIV Value        : 262093.5312
  div_param        : 0.2000
====================================================================

============================== [LOG] ===============================
[ EPOCH 2999 ]
  Best Loss So Far : -123609984.0000
  Mean(Loss)       : -123043688.0000
  Mean(Penalty)    : 0.0000
  BG               : 0.0990
  DIV Value        : 262093.5312
  div_param        : 0.2000
====================================================================

============================== [FINAL] ==============================
FINAL BEST LOSS : -123609984.0000
RUNTIME         : 483.14 s
====================================================================
sol_size:100, lr:1.0, temp:0.001, min_bg:-3.0, max_bg:0.1, curve_rate:4.0, div_param:0.2
[DEBUG] x_batch shape: torch.Size([100, 524289]), dtype: torch.float32, device: cuda:0
[DEBUG] x_batch range: [0.0000, 1.0000]
[DEBUG] x_round range: [0.0000, 1.0000]
[DEBUG] Best solution index: 32
[DEBUG] Best loss (from rounded): -123609984.000000
[DEBUG] QQA reported best_obj: -123609984.000000
[DEBUG] spins_tensor range: [-1.0000, 1.0000]
[DEBUG] Unique spin values: [-1.0, 1.0]
[DEBUG] Final energy: -123609984.000000
QQA finished. Best energy: -123609984.000000
Best objective (QQA loss): -123609984.000000
Runtime reported by QQA: 483.1378s
Total wall-clock time: 483.6968s
Results saved to: results/barabasi_albert_10ins_m20/QQA/ba_524288_1_1.csv
Energy: -123609984.000000
Time: 483.6968s
----------------------------------------
Processing instance: ba_524288_1_2.txt
  Seed 1/1 (seed=42)
Initialized QQA solver (QQA). Results will be saved under 'QQA'.
Parameters:
  instance_name: ba_524288_1_2.txt
  dataset: barabasi_albert_10ins_m20
  random_seed: 42
  device: cuda
  sol_size: 100
  learning_rate: 1.0
  temp: 0.001
  min_bg: -3.0
  max_bg: 0.1
  curve_rate: 4.0
  div_param: 0.2
  num_epochs: 3000
  check_interval: 500
  plot_dynamics: False
  run_name: QQA
--------------------------------------------------
[DEBUG] Starting QQA with n=524289, sol_size=100, device=cuda

============================== [LOG] ===============================
[ EPOCH 0 ]
  Best Loss So Far : -11213316.0000
  Mean(Loss)       : 1188.9912
  Mean(Penalty)    : 419469.5312
  BG               : -3.0000
  DIV Value        : 151173.5312
  div_param        : 0.2000
====================================================================

============================== [LOG] ===============================
[ EPOCH 500 ]
  Best Loss So Far : -123664624.0000
  Mean(Loss)       : -123037448.0000
  Mean(Penalty)    : 173.0672
  BG               : -2.4833
  DIV Value        : 262114.1719
  div_param        : 0.2000
====================================================================

============================== [LOG] ===============================
[ EPOCH 1000 ]
  Best Loss So Far : -123684912.0000
  Mean(Loss)       : -123064800.0000
  Mean(Penalty)    : 17.5553
  BG               : -1.9667
  DIV Value        : 262139.2656
  div_param        : 0.2000
====================================================================

============================== [LOG] ===============================
[ EPOCH 1500 ]
  Best Loss So Far : -123684912.0000
  Mean(Loss)       : -123065208.0000
  Mean(Penalty)    : 1.0424
  BG               : -1.4500
  DIV Value        : 262141.5938
  div_param        : 0.2000
====================================================================

============================== [LOG] ===============================
[ EPOCH 2000 ]
  Best Loss So Far : -123684912.0000
  Mean(Loss)       : -123065200.0000
  Mean(Penalty)    : 0.0238
  BG               : -0.9333
  DIV Value        : 262141.7188
  div_param        : 0.2000
====================================================================

============================== [LOG] ===============================
[ EPOCH 2500 ]
  Best Loss So Far : -123684912.0000
  Mean(Loss)       : -123065200.0000
  Mean(Penalty)    : 0.0000
  BG               : -0.4167
  DIV Value        : 262141.7188
  div_param        : 0.2000
====================================================================

============================== [LOG] ===============================
[ EPOCH 2999 ]
  Best Loss So Far : -123684912.0000
  Mean(Loss)       : -123065200.0000
  Mean(Penalty)    : 0.0000
  BG               : 0.0990
  DIV Value        : 262141.7188
  div_param        : 0.2000
====================================================================

============================== [FINAL] ==============================
FINAL BEST LOSS : -123684912.0000
RUNTIME         : 483.27 s
====================================================================
sol_size:100, lr:1.0, temp:0.001, min_bg:-3.0, max_bg:0.1, curve_rate:4.0, div_param:0.2
[DEBUG] x_batch shape: torch.Size([100, 524289]), dtype: torch.float32, device: cuda:0
[DEBUG] x_batch range: [0.0000, 1.0000]
[DEBUG] x_round range: [0.0000, 1.0000]
[DEBUG] Best solution index: 32
[DEBUG] Best loss (from rounded): -123684912.000000
[DEBUG] QQA reported best_obj: -123684912.000000
[DEBUG] spins_tensor range: [-1.0000, 1.0000]
[DEBUG] Unique spin values: [-1.0, 1.0]
[DEBUG] Final energy: -123684912.000000
QQA finished. Best energy: -123684912.000000
Best objective (QQA loss): -123684912.000000
Runtime reported by QQA: 483.2653s
Total wall-clock time: 483.8238s
Results saved to: results/barabasi_albert_10ins_m20/QQA/ba_524288_1_2.csv
Energy: -123684912.000000
Time: 483.8238s
----------------------------------------
Processing instance: ba_524288_1_3.txt
  Seed 1/1 (seed=42)
Initialized QQA solver (QQA). Results will be saved under 'QQA'.
Parameters:
  instance_name: ba_524288_1_3.txt
  dataset: barabasi_albert_10ins_m20
  random_seed: 42
  device: cuda
  sol_size: 100
  learning_rate: 1.0
  temp: 0.001
  min_bg: -3.0
  max_bg: 0.1
  curve_rate: 4.0
  div_param: 0.2
  num_epochs: 3000
  check_interval: 500
  plot_dynamics: False
  run_name: QQA
--------------------------------------------------
[DEBUG] Starting QQA with n=524289, sol_size=100, device=cuda

============================== [LOG] ===============================
[ EPOCH 0 ]
  Best Loss So Far : -11696594.0000
  Mean(Loss)       : -5433.2349
  Mean(Penalty)    : 419469.5312
  BG               : -3.0000
  DIV Value        : 151173.5312
  div_param        : 0.2000
====================================================================

============================== [LOG] ===============================
[ EPOCH 500 ]
  Best Loss So Far : -123626600.0000
  Mean(Loss)       : -123023904.0000
  Mean(Penalty)    : 171.3303
  BG               : -2.4833
  DIV Value        : 262113.2188
  div_param        : 0.2000
====================================================================

============================== [LOG] ===============================
[ EPOCH 1000 ]
  Best Loss So Far : -123654384.0000
  Mean(Loss)       : -123051496.0000
  Mean(Penalty)    : 17.6244
  BG               : -1.9667
  DIV Value        : 262137.6094
  div_param        : 0.2000
====================================================================

============================== [LOG] ===============================
[ EPOCH 1500 ]
  Best Loss So Far : -123654480.0000
  Mean(Loss)       : -123051776.0000
  Mean(Penalty)    : 1.0486
  BG               : -1.4500
  DIV Value        : 262139.9375
  div_param        : 0.2000
====================================================================

============================== [LOG] ===============================
[ EPOCH 2000 ]
  Best Loss So Far : -123654480.0000
  Mean(Loss)       : -123051784.0000
  Mean(Penalty)    : 0.0309
  BG               : -0.9333
  DIV Value        : 262140.0781
  div_param        : 0.2000
====================================================================

============================== [LOG] ===============================
[ EPOCH 2500 ]
  Best Loss So Far : -123654480.0000
  Mean(Loss)       : -123051784.0000
  Mean(Penalty)    : 0.0001
  BG               : -0.4167
  DIV Value        : 262140.0938
  div_param        : 0.2000
====================================================================

============================== [LOG] ===============================
[ EPOCH 2999 ]
  Best Loss So Far : -123654480.0000
  Mean(Loss)       : -123051784.0000
  Mean(Penalty)    : 0.0000
  BG               : 0.0990
  DIV Value        : 262140.0938
  div_param        : 0.2000
====================================================================

============================== [FINAL] ==============================
FINAL BEST LOSS : -123654480.0000
RUNTIME         : 482.96 s
====================================================================
sol_size:100, lr:1.0, temp:0.001, min_bg:-3.0, max_bg:0.1, curve_rate:4.0, div_param:0.2
[DEBUG] x_batch shape: torch.Size([100, 524289]), dtype: torch.float32, device: cuda:0
[DEBUG] x_batch range: [0.0000, 1.0000]
[DEBUG] x_round range: [0.0000, 1.0000]
[DEBUG] Best solution index: 27
[DEBUG] Best loss (from rounded): -123654480.000000
[DEBUG] QQA reported best_obj: -123654480.000000
[DEBUG] spins_tensor range: [-1.0000, 1.0000]
[DEBUG] Unique spin values: [-1.0, 1.0]
[DEBUG] Final energy: -123654472.000000
QQA finished. Best energy: -123654472.000000
Best objective (QQA loss): -123654480.000000
Runtime reported by QQA: 482.9571s
Total wall-clock time: 483.5139s
Results saved to: results/barabasi_albert_10ins_m20/QQA/ba_524288_1_3.csv
Energy: -123654472.000000
Time: 483.5139s
----------------------------------------
Processing instance: ba_524288_1_4.txt
  Seed 1/1 (seed=42)
Initialized QQA solver (QQA). Results will be saved under 'QQA'.
Parameters:
  instance_name: ba_524288_1_4.txt
  dataset: barabasi_albert_10ins_m20
  random_seed: 42
  device: cuda
  sol_size: 100
  learning_rate: 1.0
  temp: 0.001
  min_bg: -3.0
  max_bg: 0.1
  curve_rate: 4.0
  div_param: 0.2
  num_epochs: 3000
  check_interval: 500
  plot_dynamics: False
  run_name: QQA
--------------------------------------------------
[DEBUG] Starting QQA with n=524289, sol_size=100, device=cuda

============================== [LOG] ===============================
[ EPOCH 0 ]
  Best Loss So Far : -11656596.0000
  Mean(Loss)       : 337.9555
  Mean(Penalty)    : 419469.5312
  BG               : -3.0000
  DIV Value        : 151173.5312
  div_param        : 0.2000
====================================================================

============================== [LOG] ===============================
[ EPOCH 500 ]
  Best Loss So Far : -123598288.0000
  Mean(Loss)       : -123043352.0000
  Mean(Penalty)    : 173.7369
  BG               : -2.4833
  DIV Value        : 262131.3750
  div_param        : 0.2000
====================================================================

============================== [LOG] ===============================
[ EPOCH 1000 ]
  Best Loss So Far : -123630880.0000
  Mean(Loss)       : -123071776.0000
  Mean(Penalty)    : 18.2331
  BG               : -1.9667
  DIV Value        : 262156.4375
  div_param        : 0.2000
====================================================================

============================== [LOG] ===============================
[ EPOCH 1500 ]
  Best Loss So Far : -123632680.0000
  Mean(Loss)       : -123072256.0000
  Mean(Penalty)    : 1.0460
  BG               : -1.4500
  DIV Value        : 262158.8750
  div_param        : 0.2000
====================================================================

============================== [LOG] ===============================
[ EPOCH 2000 ]
  Best Loss So Far : -123632680.0000
  Mean(Loss)       : -123072256.0000
  Mean(Penalty)    : 0.0555
  BG               : -0.9333
  DIV Value        : 262159.0625
  div_param        : 0.2000
====================================================================

============================== [LOG] ===============================
[ EPOCH 2500 ]
  Best Loss So Far : -123632680.0000
  Mean(Loss)       : -123072256.0000
  Mean(Penalty)    : 0.0000
  BG               : -0.4167
  DIV Value        : 262159.0625
  div_param        : 0.2000
====================================================================

============================== [LOG] ===============================
[ EPOCH 2999 ]
  Best Loss So Far : -123632680.0000
  Mean(Loss)       : -123072256.0000
  Mean(Penalty)    : 0.0000
  BG               : 0.0990
  DIV Value        : 262159.0625
  div_param        : 0.2000
====================================================================

============================== [FINAL] ==============================
FINAL BEST LOSS : -123632680.0000
RUNTIME         : 483.13 s
====================================================================
sol_size:100, lr:1.0, temp:0.001, min_bg:-3.0, max_bg:0.1, curve_rate:4.0, div_param:0.2
[DEBUG] x_batch shape: torch.Size([100, 524289]), dtype: torch.float32, device: cuda:0
[DEBUG] x_batch range: [0.0000, 1.0000]
[DEBUG] x_round range: [0.0000, 1.0000]
[DEBUG] Best solution index: 27
[DEBUG] Best loss (from rounded): -123632680.000000
[DEBUG] QQA reported best_obj: -123632680.000000
[DEBUG] spins_tensor range: [-1.0000, 1.0000]
[DEBUG] Unique spin values: [-1.0, 1.0]
[DEBUG] Final energy: -123632680.000000
QQA finished. Best energy: -123632680.000000
Best objective (QQA loss): -123632680.000000
Runtime reported by QQA: 483.1270s
Total wall-clock time: 483.6843s
Results saved to: results/barabasi_albert_10ins_m20/QQA/ba_524288_1_4.csv
Energy: -123632680.000000
Time: 483.6843s
----------------------------------------
Processing instance: ba_524288_1_5.txt
  Seed 1/1 (seed=42)
Initialized QQA solver (QQA). Results will be saved under 'QQA'.
Parameters:
  instance_name: ba_524288_1_5.txt
  dataset: barabasi_albert_10ins_m20
  random_seed: 42
  device: cuda
  sol_size: 100
  learning_rate: 1.0
  temp: 0.001
  min_bg: -3.0
  max_bg: 0.1
  curve_rate: 4.0
  div_param: 0.2
  num_epochs: 3000
  check_interval: 500
  plot_dynamics: False
  run_name: QQA
--------------------------------------------------
[DEBUG] Starting QQA with n=524289, sol_size=100, device=cuda

============================== [LOG] ===============================
[ EPOCH 0 ]
  Best Loss So Far : -11240271.0000
  Mean(Loss)       : 2260.7991
  Mean(Penalty)    : 419469.5312
  BG               : -3.0000
  DIV Value        : 151173.5312
  div_param        : 0.2000
====================================================================

============================== [LOG] ===============================
[ EPOCH 500 ]
  Best Loss So Far : -123430320.0000
  Mean(Loss)       : -122962616.0000
  Mean(Penalty)    : 172.9788
  BG               : -2.4833
  DIV Value        : 262145.9688
  div_param        : 0.2000
====================================================================

============================== [LOG] ===============================
[ EPOCH 1000 ]
  Best Loss So Far : -123452384.0000
  Mean(Loss)       : -122989392.0000
  Mean(Penalty)    : 18.2431
  BG               : -1.9667
  DIV Value        : 262170.3438
  div_param        : 0.2000
====================================================================

============================== [LOG] ===============================
[ EPOCH 1500 ]
  Best Loss So Far : -123452384.0000
  Mean(Loss)       : -122989816.0000
  Mean(Penalty)    : 1.1230
  BG               : -1.4500
  DIV Value        : 262172.8125
  div_param        : 0.2000
====================================================================

============================== [LOG] ===============================
[ EPOCH 2000 ]
  Best Loss So Far : -123452384.0000
  Mean(Loss)       : -122989816.0000
  Mean(Penalty)    : 0.0462
  BG               : -0.9333
  DIV Value        : 262172.9375
  div_param        : 0.2000
====================================================================

============================== [LOG] ===============================
[ EPOCH 2500 ]
  Best Loss So Far : -123452384.0000
  Mean(Loss)       : -122989816.0000
  Mean(Penalty)    : 0.0001
  BG               : -0.4167
  DIV Value        : 262172.9375
  div_param        : 0.2000
====================================================================

============================== [LOG] ===============================
[ EPOCH 2999 ]
  Best Loss So Far : -123452384.0000
  Mean(Loss)       : -122989816.0000
  Mean(Penalty)    : 0.0000
  BG               : 0.0990
  DIV Value        : 262172.9375
  div_param        : 0.2000
====================================================================

============================== [FINAL] ==============================
FINAL BEST LOSS : -123452384.0000
RUNTIME         : 483.07 s
====================================================================
sol_size:100, lr:1.0, temp:0.001, min_bg:-3.0, max_bg:0.1, curve_rate:4.0, div_param:0.2
[DEBUG] x_batch shape: torch.Size([100, 524289]), dtype: torch.float32, device: cuda:0
[DEBUG] x_batch range: [0.0000, 1.0000]
[DEBUG] x_round range: [0.0000, 1.0000]
[DEBUG] Best solution index: 84
[DEBUG] Best loss (from rounded): -123452384.000000
[DEBUG] QQA reported best_obj: -123452384.000000
[DEBUG] spins_tensor range: [-1.0000, 1.0000]
[DEBUG] Unique spin values: [-1.0, 1.0]
[DEBUG] Final energy: -123452384.000000
QQA finished. Best energy: -123452384.000000
Best objective (QQA loss): -123452384.000000
Runtime reported by QQA: 483.0650s
Total wall-clock time: 483.6211s
Results saved to: results/barabasi_albert_10ins_m20/QQA/ba_524288_1_5.csv
Energy: -123452384.000000
Time: 483.6211s
----------------------------------------
Processing instance: ba_524288_1_6.txt
  Seed 1/1 (seed=42)
Initialized QQA solver (QQA). Results will be saved under 'QQA'.
Parameters:
  instance_name: ba_524288_1_6.txt
  dataset: barabasi_albert_10ins_m20
  random_seed: 42
  device: cuda
  sol_size: 100
  learning_rate: 1.0
  temp: 0.001
  min_bg: -3.0
  max_bg: 0.1
  curve_rate: 4.0
  div_param: 0.2
  num_epochs: 3000
  check_interval: 500
  plot_dynamics: False
  run_name: QQA
--------------------------------------------------
[DEBUG] Starting QQA with n=524289, sol_size=100, device=cuda

============================== [LOG] ===============================
[ EPOCH 0 ]
  Best Loss So Far : -11470912.0000
  Mean(Loss)       : 1824.2908
  Mean(Penalty)    : 419469.5312
  BG               : -3.0000
  DIV Value        : 151173.5312
  div_param        : 0.2000
====================================================================

============================== [LOG] ===============================
[ EPOCH 500 ]
  Best Loss So Far : -123651856.0000
  Mean(Loss)       : -122991656.0000
  Mean(Penalty)    : 173.9684
  BG               : -2.4833
  DIV Value        : 262211.5938
  div_param        : 0.2000
====================================================================

============================== [LOG] ===============================
[ EPOCH 1000 ]
  Best Loss So Far : -123716392.0000
  Mean(Loss)       : -123018264.0000
  Mean(Penalty)    : 17.9017
  BG               : -1.9667
  DIV Value        : 262236.2812
  div_param        : 0.2000
====================================================================

============================== [LOG] ===============================
[ EPOCH 1500 ]
  Best Loss So Far : -123717048.0000
  Mean(Loss)       : -123018640.0000
  Mean(Penalty)    : 1.1547
  BG               : -1.4500
  DIV Value        : 262238.6875
  div_param        : 0.2000
====================================================================

============================== [LOG] ===============================
[ EPOCH 2000 ]
  Best Loss So Far : -123717048.0000
  Mean(Loss)       : -123018640.0000
  Mean(Penalty)    : 0.0393
  BG               : -0.9333
  DIV Value        : 262238.8438
  div_param        : 0.2000
====================================================================

============================== [LOG] ===============================
[ EPOCH 2500 ]
  Best Loss So Far : -123717048.0000
  Mean(Loss)       : -123018640.0000
  Mean(Penalty)    : 0.0000
  BG               : -0.4167
  DIV Value        : 262238.8438
  div_param        : 0.2000
====================================================================

============================== [LOG] ===============================
[ EPOCH 2999 ]
  Best Loss So Far : -123717048.0000
  Mean(Loss)       : -123018640.0000
  Mean(Penalty)    : 0.0000
  BG               : 0.0990
  DIV Value        : 262238.8438
  div_param        : 0.2000
====================================================================

============================== [FINAL] ==============================
FINAL BEST LOSS : -123717048.0000
RUNTIME         : 483.60 s
====================================================================
sol_size:100, lr:1.0, temp:0.001, min_bg:-3.0, max_bg:0.1, curve_rate:4.0, div_param:0.2
[DEBUG] x_batch shape: torch.Size([100, 524289]), dtype: torch.float32, device: cuda:0
[DEBUG] x_batch range: [0.0000, 1.0000]
[DEBUG] x_round range: [0.0000, 1.0000]
[DEBUG] Best solution index: 37
[DEBUG] Best loss (from rounded): -123717048.000000
[DEBUG] QQA reported best_obj: -123717048.000000
[DEBUG] spins_tensor range: [-1.0000, 1.0000]
[DEBUG] Unique spin values: [-1.0, 1.0]
[DEBUG] Final energy: -123717056.000000
QQA finished. Best energy: -123717056.000000
Best objective (QQA loss): -123717048.000000
Runtime reported by QQA: 483.5995s
Total wall-clock time: 484.1555s
Results saved to: results/barabasi_albert_10ins_m20/QQA/ba_524288_1_6.csv
Energy: -123717056.000000
Time: 484.1555s
----------------------------------------
Processing instance: ba_524288_1_7.txt
  Seed 1/1 (seed=42)
Initialized QQA solver (QQA). Results will be saved under 'QQA'.
Parameters:
  instance_name: ba_524288_1_7.txt
  dataset: barabasi_albert_10ins_m20
  random_seed: 42
  device: cuda
  sol_size: 100
  learning_rate: 1.0
  temp: 0.001
  min_bg: -3.0
  max_bg: 0.1
  curve_rate: 4.0
  div_param: 0.2
  num_epochs: 3000
  check_interval: 500
  plot_dynamics: False
  run_name: QQA
--------------------------------------------------
[DEBUG] Starting QQA with n=524289, sol_size=100, device=cuda

============================== [LOG] ===============================
[ EPOCH 0 ]
  Best Loss So Far : -11589489.0000
  Mean(Loss)       : -1583.5503
  Mean(Penalty)    : 419469.5312
  BG               : -3.0000
  DIV Value        : 151173.5312
  div_param        : 0.2000
====================================================================

============================== [LOG] ===============================
[ EPOCH 500 ]
  Best Loss So Far : -123495784.0000
  Mean(Loss)       : -123041288.0000
  Mean(Penalty)    : 169.7513
  BG               : -2.4833
  DIV Value        : 262140.0312
  div_param        : 0.2000
====================================================================

============================== [LOG] ===============================
[ EPOCH 1000 ]
  Best Loss So Far : -123520272.0000
  Mean(Loss)       : -123067296.0000
  Mean(Penalty)    : 18.1417
  BG               : -1.9667
  DIV Value        : 262164.2188
  div_param        : 0.2000
====================================================================

============================== [LOG] ===============================
[ EPOCH 1500 ]
  Best Loss So Far : -123520272.0000
  Mean(Loss)       : -123067768.0000
  Mean(Penalty)    : 1.0191
  BG               : -1.4500
  DIV Value        : 262166.6250
  div_param        : 0.2000
====================================================================

============================== [LOG] ===============================
[ EPOCH 2000 ]
  Best Loss So Far : -123520272.0000
  Mean(Loss)       : -123067768.0000
  Mean(Penalty)    : 0.0393
  BG               : -0.9333
  DIV Value        : 262166.7812
  div_param        : 0.2000
====================================================================

============================== [LOG] ===============================
[ EPOCH 2500 ]
  Best Loss So Far : -123520272.0000
  Mean(Loss)       : -123067768.0000
  Mean(Penalty)    : 0.0000
  BG               : -0.4167
  DIV Value        : 262166.7812
  div_param        : 0.2000
====================================================================

============================== [LOG] ===============================
[ EPOCH 2999 ]
  Best Loss So Far : -123520272.0000
  Mean(Loss)       : -123067768.0000
  Mean(Penalty)    : 0.0000
  BG               : 0.0990
  DIV Value        : 262166.7812
  div_param        : 0.2000
====================================================================

============================== [FINAL] ==============================
FINAL BEST LOSS : -123520272.0000
RUNTIME         : 483.30 s
====================================================================
sol_size:100, lr:1.0, temp:0.001, min_bg:-3.0, max_bg:0.1, curve_rate:4.0, div_param:0.2
[DEBUG] x_batch shape: torch.Size([100, 524289]), dtype: torch.float32, device: cuda:0
[DEBUG] x_batch range: [0.0000, 1.0000]
[DEBUG] x_round range: [0.0000, 1.0000]
[DEBUG] Best solution index: 59
[DEBUG] Best loss (from rounded): -123520272.000000
[DEBUG] QQA reported best_obj: -123520272.000000
[DEBUG] spins_tensor range: [-1.0000, 1.0000]
[DEBUG] Unique spin values: [-1.0, 1.0]
[DEBUG] Final energy: -123520264.000000
QQA finished. Best energy: -123520264.000000
Best objective (QQA loss): -123520272.000000
Runtime reported by QQA: 483.2966s
Total wall-clock time: 483.8545s
Results saved to: results/barabasi_albert_10ins_m20/QQA/ba_524288_1_7.csv
Energy: -123520264.000000
Time: 483.8545s
----------------------------------------
Processing instance: ba_524288_1_8.txt
  Seed 1/1 (seed=42)
Initialized QQA solver (QQA). Results will be saved under 'QQA'.
Parameters:
  instance_name: ba_524288_1_8.txt
  dataset: barabasi_albert_10ins_m20
  random_seed: 42
  device: cuda
  sol_size: 100
  learning_rate: 1.0
  temp: 0.001
  min_bg: -3.0
  max_bg: 0.1
  curve_rate: 4.0
  div_param: 0.2
  num_epochs: 3000
  check_interval: 500
  plot_dynamics: False
  run_name: QQA
--------------------------------------------------
[DEBUG] Starting QQA with n=524289, sol_size=100, device=cuda

============================== [LOG] ===============================
[ EPOCH 0 ]
  Best Loss So Far : -11903718.0000
  Mean(Loss)       : 2182.4751
  Mean(Penalty)    : 419469.5312
  BG               : -3.0000
  DIV Value        : 151173.5312
  div_param        : 0.2000
====================================================================

============================== [LOG] ===============================
[ EPOCH 500 ]
  Best Loss So Far : -123594736.0000
  Mean(Loss)       : -122997936.0000
  Mean(Penalty)    : 172.6303
  BG               : -2.4833
  DIV Value        : 262191.9062
  div_param        : 0.2000
====================================================================

============================== [LOG] ===============================
[ EPOCH 1000 ]
  Best Loss So Far : -123613664.0000
  Mean(Loss)       : -123026200.0000
  Mean(Penalty)    : 17.8185
  BG               : -1.9667
  DIV Value        : 262216.8750
  div_param        : 0.2000
====================================================================

============================== [LOG] ===============================
[ EPOCH 1500 ]
  Best Loss So Far : -123613664.0000
  Mean(Loss)       : -123026680.0000
  Mean(Penalty)    : 1.0918
  BG               : -1.4500
  DIV Value        : 262219.2812
  div_param        : 0.2000
====================================================================

============================== [LOG] ===============================
[ EPOCH 2000 ]
  Best Loss So Far : -123613664.0000
  Mean(Loss)       : -123026680.0000
  Mean(Penalty)    : 0.0498
  BG               : -0.9333
  DIV Value        : 262219.4375
  div_param        : 0.2000
====================================================================

============================== [LOG] ===============================
[ EPOCH 2500 ]
  Best Loss So Far : -123613664.0000
  Mean(Loss)       : -123026680.0000
  Mean(Penalty)    : 0.0000
  BG               : -0.4167
  DIV Value        : 262219.4375
  div_param        : 0.2000
====================================================================

============================== [LOG] ===============================
[ EPOCH 2999 ]
  Best Loss So Far : -123613664.0000
  Mean(Loss)       : -123026680.0000
  Mean(Penalty)    : 0.0000
  BG               : 0.0990
  DIV Value        : 262219.4375
  div_param        : 0.2000
====================================================================

============================== [FINAL] ==============================
FINAL BEST LOSS : -123613664.0000
RUNTIME         : 483.30 s
====================================================================
sol_size:100, lr:1.0, temp:0.001, min_bg:-3.0, max_bg:0.1, curve_rate:4.0, div_param:0.2
[DEBUG] x_batch shape: torch.Size([100, 524289]), dtype: torch.float32, device: cuda:0
[DEBUG] x_batch range: [0.0000, 1.0000]
[DEBUG] x_round range: [0.0000, 1.0000]
[DEBUG] Best solution index: 37
[DEBUG] Best loss (from rounded): -123613664.000000
[DEBUG] QQA reported best_obj: -123613664.000000
[DEBUG] spins_tensor range: [-1.0000, 1.0000]
[DEBUG] Unique spin values: [-1.0, 1.0]
[DEBUG] Final energy: -123613664.000000
QQA finished. Best energy: -123613664.000000
Best objective (QQA loss): -123613664.000000
Runtime reported by QQA: 483.2964s
Total wall-clock time: 483.8539s
Results saved to: results/barabasi_albert_10ins_m20/QQA/ba_524288_1_8.csv
Energy: -123613664.000000
Time: 483.8539s
----------------------------------------
Processing instance: ba_524288_1_9.txt
  Seed 1/1 (seed=42)
Initialized QQA solver (QQA). Results will be saved under 'QQA'.
Parameters:
  instance_name: ba_524288_1_9.txt
  dataset: barabasi_albert_10ins_m20
  random_seed: 42
  device: cuda
  sol_size: 100
  learning_rate: 1.0
  temp: 0.001
  min_bg: -3.0
  max_bg: 0.1
  curve_rate: 4.0
  div_param: 0.2
  num_epochs: 3000
  check_interval: 500
  plot_dynamics: False
  run_name: QQA
--------------------------------------------------
[DEBUG] Starting QQA with n=524289, sol_size=100, device=cuda

============================== [LOG] ===============================
[ EPOCH 0 ]
  Best Loss So Far : -11333062.0000
  Mean(Loss)       : -161.4138
  Mean(Penalty)    : 419469.5312
  BG               : -3.0000
  DIV Value        : 151173.5312
  div_param        : 0.2000
====================================================================

============================== [LOG] ===============================
[ EPOCH 500 ]
  Best Loss So Far : -123573328.0000
  Mean(Loss)       : -123021960.0000
  Mean(Penalty)    : 173.1796
  BG               : -2.4833
  DIV Value        : 262147.0312
  div_param        : 0.2000
====================================================================

============================== [LOG] ===============================
[ EPOCH 1000 ]
  Best Loss So Far : -123584208.0000
  Mean(Loss)       : -123050672.0000
  Mean(Penalty)    : 17.4449
  BG               : -1.9667
  DIV Value        : 262172.4375
  div_param        : 0.2000
====================================================================

============================== [LOG] ===============================
[ EPOCH 1500 ]
  Best Loss So Far : -123584208.0000
  Mean(Loss)       : -123050984.0000
  Mean(Penalty)    : 1.0466
  BG               : -1.4500
  DIV Value        : 262174.7500
  div_param        : 0.2000
====================================================================

============================== [LOG] ===============================
[ EPOCH 2000 ]
  Best Loss So Far : -123584208.0000
  Mean(Loss)       : -123050984.0000
  Mean(Penalty)    : 0.0363
  BG               : -0.9333
  DIV Value        : 262174.9062
  div_param        : 0.2000
====================================================================

============================== [LOG] ===============================
[ EPOCH 2500 ]
  Best Loss So Far : -123584208.0000
  Mean(Loss)       : -123050984.0000
  Mean(Penalty)    : 0.0000
  BG               : -0.4167
  DIV Value        : 262174.9062
  div_param        : 0.2000
====================================================================

============================== [LOG] ===============================
[ EPOCH 2999 ]
  Best Loss So Far : -123584208.0000
  Mean(Loss)       : -123050984.0000
  Mean(Penalty)    : 0.0000
  BG               : 0.0990
  DIV Value        : 262174.9062
  div_param        : 0.2000
====================================================================

============================== [FINAL] ==============================
FINAL BEST LOSS : -123584208.0000
RUNTIME         : 482.48 s
====================================================================
sol_size:100, lr:1.0, temp:0.001, min_bg:-3.0, max_bg:0.1, curve_rate:4.0, div_param:0.2
[DEBUG] x_batch shape: torch.Size([100, 524289]), dtype: torch.float32, device: cuda:0
[DEBUG] x_batch range: [0.0000, 1.0000]
[DEBUG] x_round range: [0.0000, 1.0000]
[DEBUG] Best solution index: 84
[DEBUG] Best loss (from rounded): -123584208.000000
[DEBUG] QQA reported best_obj: -123584208.000000
[DEBUG] spins_tensor range: [-1.0000, 1.0000]
[DEBUG] Unique spin values: [-1.0, 1.0]
[DEBUG] Final energy: -123584208.000000
QQA finished. Best energy: -123584208.000000
Best objective (QQA loss): -123584208.000000
Runtime reported by QQA: 482.4843s
Total wall-clock time: 483.0437s
Results saved to: results/barabasi_albert_10ins_m20/QQA/ba_524288_1_9.csv
Energy: -123584208.000000
Time: 483.0437s
----------------------------------------
Processing instance: ba_64_1_0.txt
  Seed 1/1 (seed=42)
Initialized QQA solver (QQA). Results will be saved under 'QQA'.
Parameters:
  instance_name: ba_64_1_0.txt
  dataset: barabasi_albert_10ins_m20
  random_seed: 42
  device: cuda
  sol_size: 100
  learning_rate: 1.0
  temp: 0.001
  min_bg: -3.0
  max_bg: 0.1
  curve_rate: 4.0
  div_param: 0.2
  num_epochs: 3000
  check_interval: 500
  plot_dynamics: False
  run_name: QQA
--------------------------------------------------
[DEBUG] Starting QQA with n=65, sol_size=100, device=cuda

============================== [LOG] ===============================
[ EPOCH 0 ]
  Best Loss So Far : -7404.0000
  Mean(Loss)       : -133.8973
  Mean(Penalty)    : 51.9494
  BG               : -3.0000
  DIV Value        : 18.7071
  div_param        : 0.2000
====================================================================

============================== [LOG] ===============================
[ EPOCH 500 ]
  Best Loss So Far : -13868.0000
  Mean(Loss)       : -12355.0576
  Mean(Penalty)    : 0.0162
  BG               : -2.4833
  DIV Value        : 32.5265
  div_param        : 0.2000
====================================================================

============================== [LOG] ===============================
[ EPOCH 1000 ]
  Best Loss So Far : -13868.0000
  Mean(Loss)       : -12355.0576
  Mean(Penalty)    : 0.0033
  BG               : -1.9667
  DIV Value        : 32.5286
  div_param        : 0.2000
====================================================================

============================== [LOG] ===============================
[ EPOCH 1500 ]
  Best Loss So Far : -13868.0000
  Mean(Loss)       : -12355.0596
  Mean(Penalty)    : 0.0000
  BG               : -1.4500
  DIV Value        : 32.5291
  div_param        : 0.2000
====================================================================

============================== [LOG] ===============================
[ EPOCH 2000 ]
  Best Loss So Far : -13868.0000
  Mean(Loss)       : -12355.0596
  Mean(Penalty)    : 0.0000
  BG               : -0.9333
  DIV Value        : 32.5291
  div_param        : 0.2000
====================================================================

============================== [LOG] ===============================
[ EPOCH 2500 ]
  Best Loss So Far : -13868.0000
  Mean(Loss)       : -12355.0596
  Mean(Penalty)    : 0.0000
  BG               : -0.4167
  DIV Value        : 32.5291
  div_param        : 0.2000
====================================================================

============================== [LOG] ===============================
[ EPOCH 2999 ]
  Best Loss So Far : -13868.0000
  Mean(Loss)       : -12355.0596
  Mean(Penalty)    : 0.0000
  BG               : 0.0990
  DIV Value        : 32.5291
  div_param        : 0.2000
====================================================================

============================== [FINAL] ==============================
FINAL BEST LOSS : -13868.0000
RUNTIME         : 5.65 s
====================================================================
sol_size:100, lr:1.0, temp:0.001, min_bg:-3.0, max_bg:0.1, curve_rate:4.0, div_param:0.2
[DEBUG] x_batch shape: torch.Size([100, 65]), dtype: torch.float32, device: cuda:0
[DEBUG] x_batch range: [0.0000, 1.0000]
[DEBUG] x_round range: [0.0000, 1.0000]
[DEBUG] Best solution index: 15
[DEBUG] Best loss (from rounded): -13868.000000
[DEBUG] QQA reported best_obj: -13868.000000
[DEBUG] spins_tensor range: [-1.0000, 1.0000]
[DEBUG] Unique spin values: [-1.0, 1.0]
[DEBUG] Final energy: -13868.000000
QQA finished. Best energy: -13868.000000
Best objective (QQA loss): -13868.000000
Runtime reported by QQA: 5.6454s
Total wall-clock time: 5.6471s
Results saved to: results/barabasi_albert_10ins_m20/QQA/ba_64_1_0.csv
Energy: -13868.000000
Time: 5.6471s
----------------------------------------
Processing instance: ba_64_1_1.txt
  Seed 1/1 (seed=42)
Initialized QQA solver (QQA). Results will be saved under 'QQA'.
Parameters:
  instance_name: ba_64_1_1.txt
  dataset: barabasi_albert_10ins_m20
  random_seed: 42
  device: cuda
  sol_size: 100
  learning_rate: 1.0
  temp: 0.001
  min_bg: -3.0
  max_bg: 0.1
  curve_rate: 4.0
  div_param: 0.2
  num_epochs: 3000
  check_interval: 500
  plot_dynamics: False
  run_name: QQA
--------------------------------------------------
[DEBUG] Starting QQA with n=65, sol_size=100, device=cuda

============================== [LOG] ===============================
[ EPOCH 0 ]
  Best Loss So Far : -8887.0000
  Mean(Loss)       : -66.8704
  Mean(Penalty)    : 51.9494
  BG               : -3.0000
  DIV Value        : 18.7071
  div_param        : 0.2000
====================================================================

============================== [LOG] ===============================
[ EPOCH 500 ]
  Best Loss So Far : -13775.0000
  Mean(Loss)       : -12337.8037
  Mean(Penalty)    : 0.0294
  BG               : -2.4833
  DIV Value        : 32.5298
  div_param        : 0.2000
====================================================================

============================== [LOG] ===============================
[ EPOCH 1000 ]
  Best Loss So Far : -13775.0000
  Mean(Loss)       : -12337.7803
  Mean(Penalty)    : 0.0001
  BG               : -1.9667
  DIV Value        : 32.5339
  div_param        : 0.2000
====================================================================

============================== [LOG] ===============================
[ EPOCH 1500 ]
  Best Loss So Far : -13775.0000
  Mean(Loss)       : -12337.7803
  Mean(Penalty)    : 0.0000
  BG               : -1.4500
  DIV Value        : 32.5339
  div_param        : 0.2000
====================================================================

============================== [LOG] ===============================
[ EPOCH 2000 ]
  Best Loss So Far : -13775.0000
  Mean(Loss)       : -12337.7803
  Mean(Penalty)    : 0.0000
  BG               : -0.9333
  DIV Value        : 32.5339
  div_param        : 0.2000
====================================================================

============================== [LOG] ===============================
[ EPOCH 2500 ]
  Best Loss So Far : -13775.0000
  Mean(Loss)       : -12337.7803
  Mean(Penalty)    : 0.0000
  BG               : -0.4167
  DIV Value        : 32.5339
  div_param        : 0.2000
====================================================================

============================== [LOG] ===============================
[ EPOCH 2999 ]
  Best Loss So Far : -13775.0000
  Mean(Loss)       : -12337.7803
  Mean(Penalty)    : 0.0000
  BG               : 0.0990
  DIV Value        : 32.5339
  div_param        : 0.2000
====================================================================

============================== [FINAL] ==============================
FINAL BEST LOSS : -13775.0000
RUNTIME         : 5.70 s
====================================================================
sol_size:100, lr:1.0, temp:0.001, min_bg:-3.0, max_bg:0.1, curve_rate:4.0, div_param:0.2
[DEBUG] x_batch shape: torch.Size([100, 65]), dtype: torch.float32, device: cuda:0
[DEBUG] x_batch range: [0.0000, 1.0000]
[DEBUG] x_round range: [0.0000, 1.0000]
[DEBUG] Best solution index: 91
[DEBUG] Best loss (from rounded): -13775.000000
[DEBUG] QQA reported best_obj: -13775.000000
[DEBUG] spins_tensor range: [-1.0000, 1.0000]
[DEBUG] Unique spin values: [-1.0, 1.0]
[DEBUG] Final energy: -13775.000000
QQA finished. Best energy: -13775.000000
Best objective (QQA loss): -13775.000000
Runtime reported by QQA: 5.6955s
Total wall-clock time: 5.6972s
Results saved to: results/barabasi_albert_10ins_m20/QQA/ba_64_1_1.csv
Energy: -13775.000000
Time: 5.6972s
----------------------------------------
Processing instance: ba_64_1_2.txt
  Seed 1/1 (seed=42)
Initialized QQA solver (QQA). Results will be saved under 'QQA'.
Parameters:
  instance_name: ba_64_1_2.txt
  dataset: barabasi_albert_10ins_m20
  random_seed: 42
  device: cuda
  sol_size: 100
  learning_rate: 1.0
  temp: 0.001
  min_bg: -3.0
  max_bg: 0.1
  curve_rate: 4.0
  div_param: 0.2
  num_epochs: 3000
  check_interval: 500
  plot_dynamics: False
  run_name: QQA
--------------------------------------------------
[DEBUG] Starting QQA with n=65, sol_size=100, device=cuda

============================== [LOG] ===============================
[ EPOCH 0 ]
  Best Loss So Far : -6681.0000
  Mean(Loss)       : -1.2239
  Mean(Penalty)    : 51.9494
  BG               : -3.0000
  DIV Value        : 18.7071
  div_param        : 0.2000
====================================================================

============================== [LOG] ===============================
[ EPOCH 500 ]
  Best Loss So Far : -14803.0000
  Mean(Loss)       : -12668.6025
  Mean(Penalty)    : 0.0117
  BG               : -2.4833
  DIV Value        : 32.5330
  div_param        : 0.2000
====================================================================

============================== [LOG] ===============================
[ EPOCH 1000 ]
  Best Loss So Far : -14803.0000
  Mean(Loss)       : -12668.5996
  Mean(Penalty)    : 0.0000
  BG               : -1.9667
  DIV Value        : 32.5348
  div_param        : 0.2000
====================================================================

============================== [LOG] ===============================
[ EPOCH 1500 ]
  Best Loss So Far : -14803.0000
  Mean(Loss)       : -12668.5996
  Mean(Penalty)    : 0.0000
  BG               : -1.4500
  DIV Value        : 32.5348
  div_param        : 0.2000
====================================================================

============================== [LOG] ===============================
[ EPOCH 2000 ]
  Best Loss So Far : -14803.0000
  Mean(Loss)       : -12668.5996
  Mean(Penalty)    : 0.0000
  BG               : -0.9333
  DIV Value        : 32.5348
  div_param        : 0.2000
====================================================================

============================== [LOG] ===============================
[ EPOCH 2500 ]
  Best Loss So Far : -14803.0000
  Mean(Loss)       : -12668.5996
  Mean(Penalty)    : 0.0000
  BG               : -0.4167
  DIV Value        : 32.5348
  div_param        : 0.2000
====================================================================

============================== [LOG] ===============================
[ EPOCH 2999 ]
  Best Loss So Far : -14803.0000
  Mean(Loss)       : -12668.5996
  Mean(Penalty)    : 0.0000
  BG               : 0.0990
  DIV Value        : 32.5348
  div_param        : 0.2000
====================================================================

============================== [FINAL] ==============================
FINAL BEST LOSS : -14803.0000
RUNTIME         : 5.70 s
====================================================================
sol_size:100, lr:1.0, temp:0.001, min_bg:-3.0, max_bg:0.1, curve_rate:4.0, div_param:0.2
[DEBUG] x_batch shape: torch.Size([100, 65]), dtype: torch.float32, device: cuda:0
[DEBUG] x_batch range: [0.0000, 1.0000]
[DEBUG] x_round range: [0.0000, 1.0000]
[DEBUG] Best solution index: 27
[DEBUG] Best loss (from rounded): -14803.000000
[DEBUG] QQA reported best_obj: -14803.000000
[DEBUG] spins_tensor range: [-1.0000, 1.0000]
[DEBUG] Unique spin values: [-1.0, 1.0]
[DEBUG] Final energy: -14803.000000
QQA finished. Best energy: -14803.000000
Best objective (QQA loss): -14803.000000
Runtime reported by QQA: 5.6985s
Total wall-clock time: 5.7000s
Results saved to: results/barabasi_albert_10ins_m20/QQA/ba_64_1_2.csv
Energy: -14803.000000
Time: 5.7000s
----------------------------------------
Processing instance: ba_64_1_3.txt
  Seed 1/1 (seed=42)
Initialized QQA solver (QQA). Results will be saved under 'QQA'.
Parameters:
  instance_name: ba_64_1_3.txt
  dataset: barabasi_albert_10ins_m20
  random_seed: 42
  device: cuda
  sol_size: 100
  learning_rate: 1.0
  temp: 0.001
  min_bg: -3.0
  max_bg: 0.1
  curve_rate: 4.0
  div_param: 0.2
  num_epochs: 3000
  check_interval: 500
  plot_dynamics: False
  run_name: QQA
--------------------------------------------------
[DEBUG] Starting QQA with n=65, sol_size=100, device=cuda

============================== [LOG] ===============================
[ EPOCH 0 ]
  Best Loss So Far : -6930.0000
  Mean(Loss)       : -134.1251
  Mean(Penalty)    : 51.9494
  BG               : -3.0000
  DIV Value        : 18.7071
  div_param        : 0.2000
====================================================================

============================== [LOG] ===============================
[ EPOCH 500 ]
  Best Loss So Far : -14190.0000
  Mean(Loss)       : -12581.3652
  Mean(Penalty)    : 0.0074
  BG               : -2.4833
  DIV Value        : 32.5779
  div_param        : 0.2000
====================================================================

============================== [LOG] ===============================
[ EPOCH 1000 ]
  Best Loss So Far : -14190.0000
  Mean(Loss)       : -12581.3604
  Mean(Penalty)    : 0.0000
  BG               : -1.9667
  DIV Value        : 32.5789
  div_param        : 0.2000
====================================================================

============================== [LOG] ===============================
[ EPOCH 1500 ]
  Best Loss So Far : -14190.0000
  Mean(Loss)       : -12581.3604
  Mean(Penalty)    : 0.0000
  BG               : -1.4500
  DIV Value        : 32.5789
  div_param        : 0.2000
====================================================================

============================== [LOG] ===============================
[ EPOCH 2000 ]
  Best Loss So Far : -14190.0000
  Mean(Loss)       : -12581.3604
  Mean(Penalty)    : 0.0000
  BG               : -0.9333
  DIV Value        : 32.5789
  div_param        : 0.2000
====================================================================

============================== [LOG] ===============================
[ EPOCH 2500 ]
  Best Loss So Far : -14190.0000
  Mean(Loss)       : -12581.3604
  Mean(Penalty)    : 0.0000
  BG               : -0.4167
  DIV Value        : 32.5789
  div_param        : 0.2000
====================================================================

============================== [LOG] ===============================
[ EPOCH 2999 ]
  Best Loss So Far : -14190.0000
  Mean(Loss)       : -12581.3604
  Mean(Penalty)    : 0.0000
  BG               : 0.0990
  DIV Value        : 32.5789
  div_param        : 0.2000
====================================================================

============================== [FINAL] ==============================
FINAL BEST LOSS : -14190.0000
RUNTIME         : 5.70 s
====================================================================
sol_size:100, lr:1.0, temp:0.001, min_bg:-3.0, max_bg:0.1, curve_rate:4.0, div_param:0.2
[DEBUG] x_batch shape: torch.Size([100, 65]), dtype: torch.float32, device: cuda:0
[DEBUG] x_batch range: [0.0000, 1.0000]
[DEBUG] x_round range: [0.0000, 1.0000]
[DEBUG] Best solution index: 9
[DEBUG] Best loss (from rounded): -14190.000000
[DEBUG] QQA reported best_obj: -14190.000000
[DEBUG] spins_tensor range: [-1.0000, 1.0000]
[DEBUG] Unique spin values: [-1.0, 1.0]
[DEBUG] Final energy: -14190.000000
QQA finished. Best energy: -14190.000000
Best objective (QQA loss): -14190.000000
Runtime reported by QQA: 5.6993s
Total wall-clock time: 5.7008s
Results saved to: results/barabasi_albert_10ins_m20/QQA/ba_64_1_3.csv
Energy: -14190.000000
Time: 5.7008s
----------------------------------------
Processing instance: ba_64_1_4.txt
  Seed 1/1 (seed=42)
Initialized QQA solver (QQA). Results will be saved under 'QQA'.
Parameters:
  instance_name: ba_64_1_4.txt
  dataset: barabasi_albert_10ins_m20
  random_seed: 42
  device: cuda
  sol_size: 100
  learning_rate: 1.0
  temp: 0.001
  min_bg: -3.0
  max_bg: 0.1
  curve_rate: 4.0
  div_param: 0.2
  num_epochs: 3000
  check_interval: 500
  plot_dynamics: False
  run_name: QQA
--------------------------------------------------
[DEBUG] Starting QQA with n=65, sol_size=100, device=cuda

============================== [LOG] ===============================
[ EPOCH 0 ]
  Best Loss So Far : -7009.0000
  Mean(Loss)       : -3.4870
  Mean(Penalty)    : 51.9494
  BG               : -3.0000
  DIV Value        : 18.7071
  div_param        : 0.2000
====================================================================

============================== [LOG] ===============================
[ EPOCH 500 ]
  Best Loss So Far : -14545.0000
  Mean(Loss)       : -12814.8008
  Mean(Penalty)    : 0.0037
  BG               : -2.4833
  DIV Value        : 32.4555
  div_param        : 0.2000
====================================================================

============================== [LOG] ===============================
[ EPOCH 1000 ]
  Best Loss So Far : -14545.0000
  Mean(Loss)       : -12814.7998
  Mean(Penalty)    : 0.0000
  BG               : -1.9667
  DIV Value        : 32.4560
  div_param        : 0.2000
====================================================================

============================== [LOG] ===============================
[ EPOCH 1500 ]
  Best Loss So Far : -14545.0000
  Mean(Loss)       : -12814.7998
  Mean(Penalty)    : 0.0000
  BG               : -1.4500
  DIV Value        : 32.4560
  div_param        : 0.2000
====================================================================

============================== [LOG] ===============================
[ EPOCH 2000 ]
  Best Loss So Far : -14545.0000
  Mean(Loss)       : -12814.7998
  Mean(Penalty)    : 0.0000
  BG               : -0.9333
  DIV Value        : 32.4560
  div_param        : 0.2000
====================================================================

============================== [LOG] ===============================
[ EPOCH 2500 ]
  Best Loss So Far : -14545.0000
  Mean(Loss)       : -12814.7998
  Mean(Penalty)    : 0.0000
  BG               : -0.4167
  DIV Value        : 32.4560
  div_param        : 0.2000
====================================================================

============================== [LOG] ===============================
[ EPOCH 2999 ]
  Best Loss So Far : -14545.0000
  Mean(Loss)       : -12814.7998
  Mean(Penalty)    : 0.0000
  BG               : 0.0990
  DIV Value        : 32.4560
  div_param        : 0.2000
====================================================================

============================== [FINAL] ==============================
FINAL BEST LOSS : -14545.0000
RUNTIME         : 5.70 s
====================================================================
sol_size:100, lr:1.0, temp:0.001, min_bg:-3.0, max_bg:0.1, curve_rate:4.0, div_param:0.2
[DEBUG] x_batch shape: torch.Size([100, 65]), dtype: torch.float32, device: cuda:0
[DEBUG] x_batch range: [0.0000, 1.0000]
[DEBUG] x_round range: [0.0000, 1.0000]
[DEBUG] Best solution index: 67
[DEBUG] Best loss (from rounded): -14545.000000
[DEBUG] QQA reported best_obj: -14545.000000
[DEBUG] spins_tensor range: [-1.0000, 1.0000]
[DEBUG] Unique spin values: [-1.0, 1.0]
[DEBUG] Final energy: -14545.000000
QQA finished. Best energy: -14545.000000
Best objective (QQA loss): -14545.000000
Runtime reported by QQA: 5.6959s
Total wall-clock time: 5.6975s
Results saved to: results/barabasi_albert_10ins_m20/QQA/ba_64_1_4.csv
Energy: -14545.000000
Time: 5.6975s
----------------------------------------
Processing instance: ba_64_1_5.txt
  Seed 1/1 (seed=42)
Initialized QQA solver (QQA). Results will be saved under 'QQA'.
Parameters:
  instance_name: ba_64_1_5.txt
  dataset: barabasi_albert_10ins_m20
  random_seed: 42
  device: cuda
  sol_size: 100
  learning_rate: 1.0
  temp: 0.001
  min_bg: -3.0
  max_bg: 0.1
  curve_rate: 4.0
  div_param: 0.2
  num_epochs: 3000
  check_interval: 500
  plot_dynamics: False
  run_name: QQA
--------------------------------------------------
[DEBUG] Starting QQA with n=65, sol_size=100, device=cuda

============================== [LOG] ===============================
[ EPOCH 0 ]
  Best Loss So Far : -8226.0000
  Mean(Loss)       : 47.8301
  Mean(Penalty)    : 51.9494
  BG               : -3.0000
  DIV Value        : 18.7071
  div_param        : 0.2000
====================================================================

============================== [LOG] ===============================
[ EPOCH 500 ]
  Best Loss So Far : -15304.0000
  Mean(Loss)       : -13566.8965
  Mean(Penalty)    : 0.0196
  BG               : -2.4833
  DIV Value        : 32.4267
  div_param        : 0.2000
====================================================================

============================== [LOG] ===============================
[ EPOCH 1000 ]
  Best Loss So Far : -15304.0000
  Mean(Loss)       : -13566.8789
  Mean(Penalty)    : 0.0016
  BG               : -1.9667
  DIV Value        : 32.4297
  div_param        : 0.2000
====================================================================

============================== [LOG] ===============================
[ EPOCH 1500 ]
  Best Loss So Far : -15304.0000
  Mean(Loss)       : -13566.8799
  Mean(Penalty)    : 0.0000
  BG               : -1.4500
  DIV Value        : 32.4299
  div_param        : 0.2000
====================================================================

============================== [LOG] ===============================
[ EPOCH 2000 ]
  Best Loss So Far : -15304.0000
  Mean(Loss)       : -13566.8799
  Mean(Penalty)    : 0.0000
  BG               : -0.9333
  DIV Value        : 32.4299
  div_param        : 0.2000
====================================================================

============================== [LOG] ===============================
[ EPOCH 2500 ]
  Best Loss So Far : -15304.0000
  Mean(Loss)       : -13566.8799
  Mean(Penalty)    : 0.0000
  BG               : -0.4167
  DIV Value        : 32.4299
  div_param        : 0.2000
====================================================================

============================== [LOG] ===============================
[ EPOCH 2999 ]
  Best Loss So Far : -15304.0000
  Mean(Loss)       : -13566.8799
  Mean(Penalty)    : 0.0000
  BG               : 0.0990
  DIV Value        : 32.4299
  div_param        : 0.2000
====================================================================

============================== [FINAL] ==============================
FINAL BEST LOSS : -15304.0000
RUNTIME         : 5.71 s
====================================================================
sol_size:100, lr:1.0, temp:0.001, min_bg:-3.0, max_bg:0.1, curve_rate:4.0, div_param:0.2
[DEBUG] x_batch shape: torch.Size([100, 65]), dtype: torch.float32, device: cuda:0
[DEBUG] x_batch range: [0.0000, 1.0000]
[DEBUG] x_round range: [0.0000, 1.0000]
[DEBUG] Best solution index: 6
[DEBUG] Best loss (from rounded): -15304.000000
[DEBUG] QQA reported best_obj: -15304.000000
[DEBUG] spins_tensor range: [-1.0000, 1.0000]
[DEBUG] Unique spin values: [-1.0, 1.0]
[DEBUG] Final energy: -15304.000000
QQA finished. Best energy: -15304.000000
Best objective (QQA loss): -15304.000000
Runtime reported by QQA: 5.7073s
Total wall-clock time: 5.7089s
Results saved to: results/barabasi_albert_10ins_m20/QQA/ba_64_1_5.csv
Energy: -15304.000000
Time: 5.7089s
----------------------------------------
Processing instance: ba_64_1_6.txt
  Seed 1/1 (seed=42)
Initialized QQA solver (QQA). Results will be saved under 'QQA'.
Parameters:
  instance_name: ba_64_1_6.txt
  dataset: barabasi_albert_10ins_m20
  random_seed: 42
  device: cuda
  sol_size: 100
  learning_rate: 1.0
  temp: 0.001
  min_bg: -3.0
  max_bg: 0.1
  curve_rate: 4.0
  div_param: 0.2
  num_epochs: 3000
  check_interval: 500
  plot_dynamics: False
  run_name: QQA
--------------------------------------------------
[DEBUG] Starting QQA with n=65, sol_size=100, device=cuda

============================== [LOG] ===============================
[ EPOCH 0 ]
  Best Loss So Far : -6216.0000
  Mean(Loss)       : 0.6672
  Mean(Penalty)    : 51.9494
  BG               : -3.0000
  DIV Value        : 18.7071
  div_param        : 0.2000
====================================================================

============================== [LOG] ===============================
[ EPOCH 500 ]
  Best Loss So Far : -14172.0000
  Mean(Loss)       : -12490.4502
  Mean(Penalty)    : 0.0345
  BG               : -2.4833
  DIV Value        : 32.5170
  div_param        : 0.2000
====================================================================

============================== [LOG] ===============================
[ EPOCH 1000 ]
  Best Loss So Far : -14172.0000
  Mean(Loss)       : -12490.4248
  Mean(Penalty)    : 0.0038
  BG               : -1.9667
  DIV Value        : 32.5218
  div_param        : 0.2000
====================================================================

============================== [LOG] ===============================
[ EPOCH 1500 ]
  Best Loss So Far : -14172.0000
  Mean(Loss)       : -12490.4199
  Mean(Penalty)    : 0.0001
  BG               : -1.4500
  DIV Value        : 32.5223
  div_param        : 0.2000
====================================================================

============================== [LOG] ===============================
[ EPOCH 2000 ]
  Best Loss So Far : -14172.0000
  Mean(Loss)       : -12490.4199
  Mean(Penalty)    : 0.0000
  BG               : -0.9333
  DIV Value        : 32.5223
  div_param        : 0.2000
====================================================================

============================== [LOG] ===============================
[ EPOCH 2500 ]
  Best Loss So Far : -14172.0000
  Mean(Loss)       : -12490.4199
  Mean(Penalty)    : 0.0000
  BG               : -0.4167
  DIV Value        : 32.5223
  div_param        : 0.2000
====================================================================

============================== [LOG] ===============================
[ EPOCH 2999 ]
  Best Loss So Far : -14172.0000
  Mean(Loss)       : -12490.4199
  Mean(Penalty)    : 0.0000
  BG               : 0.0990
  DIV Value        : 32.5223
  div_param        : 0.2000
====================================================================

============================== [FINAL] ==============================
FINAL BEST LOSS : -14172.0000
RUNTIME         : 5.69 s
====================================================================
sol_size:100, lr:1.0, temp:0.001, min_bg:-3.0, max_bg:0.1, curve_rate:4.0, div_param:0.2
[DEBUG] x_batch shape: torch.Size([100, 65]), dtype: torch.float32, device: cuda:0
[DEBUG] x_batch range: [0.0000, 1.0000]
[DEBUG] x_round range: [0.0000, 1.0000]
[DEBUG] Best solution index: 55
[DEBUG] Best loss (from rounded): -14172.000000
[DEBUG] QQA reported best_obj: -14172.000000
[DEBUG] spins_tensor range: [-1.0000, 1.0000]
[DEBUG] Unique spin values: [-1.0, 1.0]
[DEBUG] Final energy: -14172.000000
QQA finished. Best energy: -14172.000000
Best objective (QQA loss): -14172.000000
Runtime reported by QQA: 5.6922s
Total wall-clock time: 5.6938s
Results saved to: results/barabasi_albert_10ins_m20/QQA/ba_64_1_6.csv
Energy: -14172.000000
Time: 5.6938s
----------------------------------------
Processing instance: ba_64_1_7.txt
  Seed 1/1 (seed=42)
Initialized QQA solver (QQA). Results will be saved under 'QQA'.
Parameters:
  instance_name: ba_64_1_7.txt
  dataset: barabasi_albert_10ins_m20
  random_seed: 42
  device: cuda
  sol_size: 100
  learning_rate: 1.0
  temp: 0.001
  min_bg: -3.0
  max_bg: 0.1
  curve_rate: 4.0
  div_param: 0.2
  num_epochs: 3000
  check_interval: 500
  plot_dynamics: False
  run_name: QQA
--------------------------------------------------
[DEBUG] Starting QQA with n=65, sol_size=100, device=cuda

============================== [LOG] ===============================
[ EPOCH 0 ]
  Best Loss So Far : -6708.0000
  Mean(Loss)       : 41.2528
  Mean(Penalty)    : 51.9494
  BG               : -3.0000
  DIV Value        : 18.7071
  div_param        : 0.2000
====================================================================

============================== [LOG] ===============================
[ EPOCH 500 ]
  Best Loss So Far : -14578.0000
  Mean(Loss)       : -12618.1602
  Mean(Penalty)    : 0.0010
  BG               : -2.4833
  DIV Value        : 32.6070
  div_param        : 0.2000
====================================================================

============================== [LOG] ===============================
[ EPOCH 1000 ]
  Best Loss So Far : -14578.0000
  Mean(Loss)       : -12618.1602
  Mean(Penalty)    : 0.0000
  BG               : -1.9667
  DIV Value        : 32.6071
  div_param        : 0.2000
====================================================================

============================== [LOG] ===============================
[ EPOCH 1500 ]
  Best Loss So Far : -14578.0000
  Mean(Loss)       : -12618.1602
  Mean(Penalty)    : 0.0000
  BG               : -1.4500
  DIV Value        : 32.6071
  div_param        : 0.2000
====================================================================

============================== [LOG] ===============================
[ EPOCH 2000 ]
  Best Loss So Far : -14578.0000
  Mean(Loss)       : -12618.1602
  Mean(Penalty)    : 0.0000
  BG               : -0.9333
  DIV Value        : 32.6071
  div_param        : 0.2000
====================================================================

============================== [LOG] ===============================
[ EPOCH 2500 ]
  Best Loss So Far : -14578.0000
  Mean(Loss)       : -12618.1602
  Mean(Penalty)    : 0.0000
  BG               : -0.4167
  DIV Value        : 32.6071
  div_param        : 0.2000
====================================================================

============================== [LOG] ===============================
[ EPOCH 2999 ]
  Best Loss So Far : -14578.0000
  Mean(Loss)       : -12618.1602
  Mean(Penalty)    : 0.0000
  BG               : 0.0990
  DIV Value        : 32.6071
  div_param        : 0.2000
====================================================================

============================== [FINAL] ==============================
FINAL BEST LOSS : -14578.0000
RUNTIME         : 5.69 s
====================================================================
sol_size:100, lr:1.0, temp:0.001, min_bg:-3.0, max_bg:0.1, curve_rate:4.0, div_param:0.2
[DEBUG] x_batch shape: torch.Size([100, 65]), dtype: torch.float32, device: cuda:0
[DEBUG] x_batch range: [0.0000, 1.0000]
[DEBUG] x_round range: [0.0000, 1.0000]
[DEBUG] Best solution index: 11
[DEBUG] Best loss (from rounded): -14578.000000
[DEBUG] QQA reported best_obj: -14578.000000
[DEBUG] spins_tensor range: [-1.0000, 1.0000]
[DEBUG] Unique spin values: [-1.0, 1.0]
[DEBUG] Final energy: -14578.000000
QQA finished. Best energy: -14578.000000
Best objective (QQA loss): -14578.000000
Runtime reported by QQA: 5.6936s
Total wall-clock time: 5.6952s
Results saved to: results/barabasi_albert_10ins_m20/QQA/ba_64_1_7.csv
Energy: -14578.000000
Time: 5.6952s
----------------------------------------
Processing instance: ba_64_1_8.txt
  Seed 1/1 (seed=42)
Initialized QQA solver (QQA). Results will be saved under 'QQA'.
Parameters:
  instance_name: ba_64_1_8.txt
  dataset: barabasi_albert_10ins_m20
  random_seed: 42
  device: cuda
  sol_size: 100
  learning_rate: 1.0
  temp: 0.001
  min_bg: -3.0
  max_bg: 0.1
  curve_rate: 4.0
  div_param: 0.2
  num_epochs: 3000
  check_interval: 500
  plot_dynamics: False
  run_name: QQA
--------------------------------------------------
[DEBUG] Starting QQA with n=65, sol_size=100, device=cuda

============================== [LOG] ===============================
[ EPOCH 0 ]
  Best Loss So Far : -7603.0000
  Mean(Loss)       : 9.9307
  Mean(Penalty)    : 51.9494
  BG               : -3.0000
  DIV Value        : 18.7071
  div_param        : 0.2000
====================================================================

============================== [LOG] ===============================
[ EPOCH 500 ]
  Best Loss So Far : -14387.0000
  Mean(Loss)       : -12502.7852
  Mean(Penalty)    : 0.0131
  BG               : -2.4833
  DIV Value        : 32.5571
  div_param        : 0.2000
====================================================================

============================== [LOG] ===============================
[ EPOCH 1000 ]
  Best Loss So Far : -14387.0000
  Mean(Loss)       : -12502.7803
  Mean(Penalty)    : 0.0000
  BG               : -1.9667
  DIV Value        : 32.5589
  div_param        : 0.2000
====================================================================

============================== [LOG] ===============================
[ EPOCH 1500 ]
  Best Loss So Far : -14387.0000
  Mean(Loss)       : -12502.7803
  Mean(Penalty)    : 0.0000
  BG               : -1.4500
  DIV Value        : 32.5589
  div_param        : 0.2000
====================================================================

============================== [LOG] ===============================
[ EPOCH 2000 ]
  Best Loss So Far : -14387.0000
  Mean(Loss)       : -12502.7803
  Mean(Penalty)    : 0.0000
  BG               : -0.9333
  DIV Value        : 32.5589
  div_param        : 0.2000
====================================================================

============================== [LOG] ===============================
[ EPOCH 2500 ]
  Best Loss So Far : -14387.0000
  Mean(Loss)       : -12502.7803
  Mean(Penalty)    : 0.0000
  BG               : -0.4167
  DIV Value        : 32.5589
  div_param        : 0.2000
====================================================================

============================== [LOG] ===============================
[ EPOCH 2999 ]
  Best Loss So Far : -14387.0000
  Mean(Loss)       : -12502.7803
  Mean(Penalty)    : 0.0000
  BG               : 0.0990
  DIV Value        : 32.5589
  div_param        : 0.2000
====================================================================

============================== [FINAL] ==============================
FINAL BEST LOSS : -14387.0000
RUNTIME         : 5.70 s
====================================================================
sol_size:100, lr:1.0, temp:0.001, min_bg:-3.0, max_bg:0.1, curve_rate:4.0, div_param:0.2
[DEBUG] x_batch shape: torch.Size([100, 65]), dtype: torch.float32, device: cuda:0
[DEBUG] x_batch range: [0.0000, 1.0000]
[DEBUG] x_round range: [0.0000, 1.0000]
[DEBUG] Best solution index: 98
[DEBUG] Best loss (from rounded): -14387.000000
[DEBUG] QQA reported best_obj: -14387.000000
[DEBUG] spins_tensor range: [-1.0000, 1.0000]
[DEBUG] Unique spin values: [-1.0, 1.0]
[DEBUG] Final energy: -14387.000000
QQA finished. Best energy: -14387.000000
Best objective (QQA loss): -14387.000000
Runtime reported by QQA: 5.7016s
Total wall-clock time: 5.7032s
Results saved to: results/barabasi_albert_10ins_m20/QQA/ba_64_1_8.csv
Energy: -14387.000000
Time: 5.7032s
----------------------------------------
Processing instance: ba_64_1_9.txt
  Seed 1/1 (seed=42)
Initialized QQA solver (QQA). Results will be saved under 'QQA'.
Parameters:
  instance_name: ba_64_1_9.txt
  dataset: barabasi_albert_10ins_m20
  random_seed: 42
  device: cuda
  sol_size: 100
  learning_rate: 1.0
  temp: 0.001
  min_bg: -3.0
  max_bg: 0.1
  curve_rate: 4.0
  div_param: 0.2
  num_epochs: 3000
  check_interval: 500
  plot_dynamics: False
  run_name: QQA
--------------------------------------------------
[DEBUG] Starting QQA with n=65, sol_size=100, device=cuda

============================== [LOG] ===============================
[ EPOCH 0 ]
  Best Loss So Far : -7295.0000
  Mean(Loss)       : 17.8485
  Mean(Penalty)    : 51.9494
  BG               : -3.0000
  DIV Value        : 18.7071
  div_param        : 0.2000
====================================================================

============================== [LOG] ===============================
[ EPOCH 500 ]
  Best Loss So Far : -14005.0000
  Mean(Loss)       : -12722.5752
  Mean(Penalty)    : 0.0132
  BG               : -2.4833
  DIV Value        : 32.5427
  div_param        : 0.2000
====================================================================

============================== [LOG] ===============================
[ EPOCH 1000 ]
  Best Loss So Far : -14005.0000
  Mean(Loss)       : -12722.5596
  Mean(Penalty)    : 0.0000
  BG               : -1.9667
  DIV Value        : 32.5447
  div_param        : 0.2000
====================================================================

============================== [LOG] ===============================
[ EPOCH 1500 ]
  Best Loss So Far : -14005.0000
  Mean(Loss)       : -12722.5596
  Mean(Penalty)    : 0.0000
  BG               : -1.4500
  DIV Value        : 32.5447
  div_param        : 0.2000
====================================================================

============================== [LOG] ===============================
[ EPOCH 2000 ]
  Best Loss So Far : -14005.0000
  Mean(Loss)       : -12722.5596
  Mean(Penalty)    : 0.0000
  BG               : -0.9333
  DIV Value        : 32.5447
  div_param        : 0.2000
====================================================================

============================== [LOG] ===============================
[ EPOCH 2500 ]
  Best Loss So Far : -14005.0000
  Mean(Loss)       : -12722.5596
  Mean(Penalty)    : 0.0000
  BG               : -0.4167
  DIV Value        : 32.5447
  div_param        : 0.2000
====================================================================

============================== [LOG] ===============================
[ EPOCH 2999 ]
  Best Loss So Far : -14005.0000
  Mean(Loss)       : -12722.5596
  Mean(Penalty)    : 0.0000
  BG               : 0.0990
  DIV Value        : 32.5447
  div_param        : 0.2000
====================================================================

============================== [FINAL] ==============================
FINAL BEST LOSS : -14005.0000
RUNTIME         : 5.69 s
====================================================================
sol_size:100, lr:1.0, temp:0.001, min_bg:-3.0, max_bg:0.1, curve_rate:4.0, div_param:0.2
[DEBUG] x_batch shape: torch.Size([100, 65]), dtype: torch.float32, device: cuda:0
[DEBUG] x_batch range: [0.0000, 1.0000]
[DEBUG] x_round range: [0.0000, 1.0000]
[DEBUG] Best solution index: 16
[DEBUG] Best loss (from rounded): -14005.000000
[DEBUG] QQA reported best_obj: -14005.000000
[DEBUG] spins_tensor range: [-1.0000, 1.0000]
[DEBUG] Unique spin values: [-1.0, 1.0]
[DEBUG] Final energy: -14005.000000
QQA finished. Best energy: -14005.000000
Best objective (QQA loss): -14005.000000
Runtime reported by QQA: 5.6934s
Total wall-clock time: 5.6950s
Results saved to: results/barabasi_albert_10ins_m20/QQA/ba_64_1_9.csv
Energy: -14005.000000
Time: 5.6950s
----------------------------------------
Processing instance: ba_65536_1_0.txt
  Seed 1/1 (seed=42)
Initialized QQA solver (QQA). Results will be saved under 'QQA'.
Parameters:
  instance_name: ba_65536_1_0.txt
  dataset: barabasi_albert_10ins_m20
  random_seed: 42
  device: cuda
  sol_size: 100
  learning_rate: 1.0
  temp: 0.001
  min_bg: -3.0
  max_bg: 0.1
  curve_rate: 4.0
  div_param: 0.2
  num_epochs: 3000
  check_interval: 500
  plot_dynamics: False
  run_name: QQA
--------------------------------------------------
[DEBUG] Starting QQA with n=65537, sol_size=100, device=cuda

============================== [LOG] ===============================
[ EPOCH 0 ]
  Best Loss So Far : -1548515.0000
  Mean(Loss)       : 740.7089
  Mean(Penalty)    : 52442.8281
  BG               : -3.0000
  DIV Value        : 18893.2891
  div_param        : 0.2000
====================================================================

============================== [LOG] ===============================
[ EPOCH 500 ]
  Best Loss So Far : -15472369.0000
  Mean(Loss)       : -15377999.0000
  Mean(Penalty)    : 21.1186
  BG               : -2.4833
  DIV Value        : 32783.0273
  div_param        : 0.2000
====================================================================

============================== [LOG] ===============================
[ EPOCH 1000 ]
  Best Loss So Far : -15476057.0000
  Mean(Loss)       : -15380626.0000
  Mean(Penalty)    : 2.2903
  BG               : -1.9667
  DIV Value        : 32786.0547
  div_param        : 0.2000
====================================================================

============================== [LOG] ===============================
[ EPOCH 1500 ]
  Best Loss So Far : -15476057.0000
  Mean(Loss)       : -15380636.0000
  Mean(Penalty)    : 0.1195
  BG               : -1.4500
  DIV Value        : 32786.3633
  div_param        : 0.2000
====================================================================

============================== [LOG] ===============================
[ EPOCH 2000 ]
  Best Loss So Far : -15476057.0000
  Mean(Loss)       : -15380635.0000
  Mean(Penalty)    : 0.0000
  BG               : -0.9333
  DIV Value        : 32786.3828
  div_param        : 0.2000
====================================================================

============================== [LOG] ===============================
[ EPOCH 2500 ]
  Best Loss So Far : -15476057.0000
  Mean(Loss)       : -15380635.0000
  Mean(Penalty)    : 0.0000
  BG               : -0.4167
  DIV Value        : 32786.3828
  div_param        : 0.2000
====================================================================

============================== [LOG] ===============================
[ EPOCH 2999 ]
  Best Loss So Far : -15476057.0000
  Mean(Loss)       : -15380635.0000
  Mean(Penalty)    : 0.0000
  BG               : 0.0990
  DIV Value        : 32786.3828
  div_param        : 0.2000
====================================================================

============================== [FINAL] ==============================
FINAL BEST LOSS : -15476057.0000
RUNTIME         : 42.46 s
====================================================================
sol_size:100, lr:1.0, temp:0.001, min_bg:-3.0, max_bg:0.1, curve_rate:4.0, div_param:0.2
[DEBUG] x_batch shape: torch.Size([100, 65537]), dtype: torch.float32, device: cuda:0
[DEBUG] x_batch range: [0.0000, 1.0000]
[DEBUG] x_round range: [0.0000, 1.0000]
[DEBUG] Best solution index: 84
[DEBUG] Best loss (from rounded): -15476057.000000
[DEBUG] QQA reported best_obj: -15476057.000000
[DEBUG] spins_tensor range: [-1.0000, 1.0000]
[DEBUG] Unique spin values: [-1.0, 1.0]
[DEBUG] Final energy: -15476057.000000
QQA finished. Best energy: -15476057.000000
Best objective (QQA loss): -15476057.000000
Runtime reported by QQA: 42.4558s
Total wall-clock time: 42.5014s
Results saved to: results/barabasi_albert_10ins_m20/QQA/ba_65536_1_0.csv
Energy: -15476057.000000
Time: 42.5014s
----------------------------------------
Processing instance: ba_65536_1_1.txt
  Seed 1/1 (seed=42)
Initialized QQA solver (QQA). Results will be saved under 'QQA'.
Parameters:
  instance_name: ba_65536_1_1.txt
  dataset: barabasi_albert_10ins_m20
  random_seed: 42
  device: cuda
  sol_size: 100
  learning_rate: 1.0
  temp: 0.001
  min_bg: -3.0
  max_bg: 0.1
  curve_rate: 4.0
  div_param: 0.2
  num_epochs: 3000
  check_interval: 500
  plot_dynamics: False
  run_name: QQA
--------------------------------------------------
[DEBUG] Starting QQA with n=65537, sol_size=100, device=cuda

============================== [LOG] ===============================
[ EPOCH 0 ]
  Best Loss So Far : -1457903.0000
  Mean(Loss)       : 76.5602
  Mean(Penalty)    : 52442.8281
  BG               : -3.0000
  DIV Value        : 18893.2891
  div_param        : 0.2000
====================================================================

============================== [LOG] ===============================
[ EPOCH 500 ]
  Best Loss So Far : -15504019.0000
  Mean(Loss)       : -15378427.0000
  Mean(Penalty)    : 21.3920
  BG               : -2.4833
  DIV Value        : 32788.5469
  div_param        : 0.2000
====================================================================

============================== [LOG] ===============================
[ EPOCH 1000 ]
  Best Loss So Far : -15506891.0000
  Mean(Loss)       : -15382088.0000
  Mean(Penalty)    : 2.0878
  BG               : -1.9667
  DIV Value        : 32791.5664
  div_param        : 0.2000
====================================================================

============================== [LOG] ===============================
[ EPOCH 1500 ]
  Best Loss So Far : -15506891.0000
  Mean(Loss)       : -15382144.0000
  Mean(Penalty)    : 0.1700
  BG               : -1.4500
  DIV Value        : 32791.8359
  div_param        : 0.2000
====================================================================

============================== [LOG] ===============================
[ EPOCH 2000 ]
  Best Loss So Far : -15506891.0000
  Mean(Loss)       : -15382144.0000
  Mean(Penalty)    : 0.0132
  BG               : -0.9333
  DIV Value        : 32791.8633
  div_param        : 0.2000
====================================================================

============================== [LOG] ===============================
[ EPOCH 2500 ]
  Best Loss So Far : -15506891.0000
  Mean(Loss)       : -15382144.0000
  Mean(Penalty)    : 0.0000
  BG               : -0.4167
  DIV Value        : 32791.8633
  div_param        : 0.2000
====================================================================

============================== [LOG] ===============================
[ EPOCH 2999 ]
  Best Loss So Far : -15506891.0000
  Mean(Loss)       : -15382144.0000
  Mean(Penalty)    : 0.0000
  BG               : 0.0990
  DIV Value        : 32791.8633
  div_param        : 0.2000
====================================================================

============================== [FINAL] ==============================
FINAL BEST LOSS : -15506891.0000
RUNTIME         : 42.50 s
====================================================================
sol_size:100, lr:1.0, temp:0.001, min_bg:-3.0, max_bg:0.1, curve_rate:4.0, div_param:0.2
[DEBUG] x_batch shape: torch.Size([100, 65537]), dtype: torch.float32, device: cuda:0
[DEBUG] x_batch range: [0.0000, 1.0000]
[DEBUG] x_round range: [0.0000, 1.0000]
[DEBUG] Best solution index: 60
[DEBUG] Best loss (from rounded): -15506891.000000
[DEBUG] QQA reported best_obj: -15506891.000000
[DEBUG] spins_tensor range: [-1.0000, 1.0000]
[DEBUG] Unique spin values: [-1.0, 1.0]
[DEBUG] Final energy: -15506891.000000
QQA finished. Best energy: -15506891.000000
Best objective (QQA loss): -15506891.000000
Runtime reported by QQA: 42.4961s
Total wall-clock time: 42.5413s
Results saved to: results/barabasi_albert_10ins_m20/QQA/ba_65536_1_1.csv
Energy: -15506891.000000
Time: 42.5413s
----------------------------------------
Processing instance: ba_65536_1_2.txt
  Seed 1/1 (seed=42)
Initialized QQA solver (QQA). Results will be saved under 'QQA'.
Parameters:
  instance_name: ba_65536_1_2.txt
  dataset: barabasi_albert_10ins_m20
  random_seed: 42
  device: cuda
  sol_size: 100
  learning_rate: 1.0
  temp: 0.001
  min_bg: -3.0
  max_bg: 0.1
  curve_rate: 4.0
  div_param: 0.2
  num_epochs: 3000
  check_interval: 500
  plot_dynamics: False
  run_name: QQA
--------------------------------------------------
[DEBUG] Starting QQA with n=65537, sol_size=100, device=cuda

============================== [LOG] ===============================
[ EPOCH 0 ]
  Best Loss So Far : -1599260.0000
  Mean(Loss)       : -996.8329
  Mean(Penalty)    : 52442.8281
  BG               : -3.0000
  DIV Value        : 18893.2891
  div_param        : 0.2000
====================================================================

============================== [LOG] ===============================
[ EPOCH 500 ]
  Best Loss So Far : -15529284.0000
  Mean(Loss)       : -15381876.0000
  Mean(Penalty)    : 21.6446
  BG               : -2.4833
  DIV Value        : 32787.2383
  div_param        : 0.2000
====================================================================

============================== [LOG] ===============================
[ EPOCH 1000 ]
  Best Loss So Far : -15532248.0000
  Mean(Loss)       : -15385183.0000
  Mean(Penalty)    : 2.1120
  BG               : -1.9667
  DIV Value        : 32790.3594
  div_param        : 0.2000
====================================================================

============================== [LOG] ===============================
[ EPOCH 1500 ]
  Best Loss So Far : -15532248.0000
  Mean(Loss)       : -15385193.0000
  Mean(Penalty)    : 0.1669
  BG               : -1.4500
  DIV Value        : 32790.6328
  div_param        : 0.2000
====================================================================

============================== [LOG] ===============================
[ EPOCH 2000 ]
  Best Loss So Far : -15532248.0000
  Mean(Loss)       : -15385193.0000
  Mean(Penalty)    : 0.0023
  BG               : -0.9333
  DIV Value        : 32790.6562
  div_param        : 0.2000
====================================================================

============================== [LOG] ===============================
[ EPOCH 2500 ]
  Best Loss So Far : -15532248.0000
  Mean(Loss)       : -15385193.0000
  Mean(Penalty)    : 0.0000
  BG               : -0.4167
  DIV Value        : 32790.6562
  div_param        : 0.2000
====================================================================

============================== [LOG] ===============================
[ EPOCH 2999 ]
  Best Loss So Far : -15532248.0000
  Mean(Loss)       : -15385193.0000
  Mean(Penalty)    : 0.0000
  BG               : 0.0990
  DIV Value        : 32790.6562
  div_param        : 0.2000
====================================================================

============================== [FINAL] ==============================
FINAL BEST LOSS : -15532248.0000
RUNTIME         : 42.54 s
====================================================================
sol_size:100, lr:1.0, temp:0.001, min_bg:-3.0, max_bg:0.1, curve_rate:4.0, div_param:0.2
[DEBUG] x_batch shape: torch.Size([100, 65537]), dtype: torch.float32, device: cuda:0
[DEBUG] x_batch range: [0.0000, 1.0000]
[DEBUG] x_round range: [0.0000, 1.0000]
[DEBUG] Best solution index: 56
[DEBUG] Best loss (from rounded): -15532248.000000
[DEBUG] QQA reported best_obj: -15532248.000000
[DEBUG] spins_tensor range: [-1.0000, 1.0000]
[DEBUG] Unique spin values: [-1.0, 1.0]
[DEBUG] Final energy: -15532248.000000
QQA finished. Best energy: -15532248.000000
Best objective (QQA loss): -15532248.000000
Runtime reported by QQA: 42.5412s
Total wall-clock time: 42.5868s
Results saved to: results/barabasi_albert_10ins_m20/QQA/ba_65536_1_2.csv
Energy: -15532248.000000
Time: 42.5868s
----------------------------------------
Processing instance: ba_65536_1_3.txt
  Seed 1/1 (seed=42)
Initialized QQA solver (QQA). Results will be saved under 'QQA'.
Parameters:
  instance_name: ba_65536_1_3.txt
  dataset: barabasi_albert_10ins_m20
  random_seed: 42
  device: cuda
  sol_size: 100
  learning_rate: 1.0
  temp: 0.001
  min_bg: -3.0
  max_bg: 0.1
  curve_rate: 4.0
  div_param: 0.2
  num_epochs: 3000
  check_interval: 500
  plot_dynamics: False
  run_name: QQA
--------------------------------------------------
[DEBUG] Starting QQA with n=65537, sol_size=100, device=cuda

============================== [LOG] ===============================
[ EPOCH 0 ]
  Best Loss So Far : -1607016.0000
  Mean(Loss)       : -353.3168
  Mean(Penalty)    : 52442.8281
  BG               : -3.0000
  DIV Value        : 18893.2891
  div_param        : 0.2000
====================================================================

============================== [LOG] ===============================
[ EPOCH 500 ]
  Best Loss So Far : -15482512.0000
  Mean(Loss)       : -15381701.0000
  Mean(Penalty)    : 21.6810
  BG               : -2.4833
  DIV Value        : 32786.6797
  div_param        : 0.2000
====================================================================

============================== [LOG] ===============================
[ EPOCH 1000 ]
  Best Loss So Far : -15482868.0000
  Mean(Loss)       : -15385588.0000
  Mean(Penalty)    : 2.2258
  BG               : -1.9667
  DIV Value        : 32789.8672
  div_param        : 0.2000
====================================================================

============================== [LOG] ===============================
[ EPOCH 1500 ]
  Best Loss So Far : -15482868.0000
  Mean(Loss)       : -15385647.0000
  Mean(Penalty)    : 0.1373
  BG               : -1.4500
  DIV Value        : 32790.1758
  div_param        : 0.2000
====================================================================

============================== [LOG] ===============================
[ EPOCH 2000 ]
  Best Loss So Far : -15482868.0000
  Mean(Loss)       : -15385647.0000
  Mean(Penalty)    : 0.0051
  BG               : -0.9333
  DIV Value        : 32790.1953
  div_param        : 0.2000
====================================================================

============================== [LOG] ===============================
[ EPOCH 2500 ]
  Best Loss So Far : -15482868.0000
  Mean(Loss)       : -15385647.0000
  Mean(Penalty)    : 0.0000
  BG               : -0.4167
  DIV Value        : 32790.1953
  div_param        : 0.2000
====================================================================

============================== [LOG] ===============================
[ EPOCH 2999 ]
  Best Loss So Far : -15482868.0000
  Mean(Loss)       : -15385647.0000
  Mean(Penalty)    : 0.0000
  BG               : 0.0990
  DIV Value        : 32790.1953
  div_param        : 0.2000
====================================================================

============================== [FINAL] ==============================
FINAL BEST LOSS : -15482868.0000
RUNTIME         : 42.67 s
====================================================================
sol_size:100, lr:1.0, temp:0.001, min_bg:-3.0, max_bg:0.1, curve_rate:4.0, div_param:0.2
[DEBUG] x_batch shape: torch.Size([100, 65537]), dtype: torch.float32, device: cuda:0
[DEBUG] x_batch range: [0.0000, 1.0000]
[DEBUG] x_round range: [0.0000, 1.0000]
[DEBUG] Best solution index: 85
[DEBUG] Best loss (from rounded): -15482868.000000
[DEBUG] QQA reported best_obj: -15482868.000000
[DEBUG] spins_tensor range: [-1.0000, 1.0000]
[DEBUG] Unique spin values: [-1.0, 1.0]
[DEBUG] Final energy: -15482868.000000
QQA finished. Best energy: -15482868.000000
Best objective (QQA loss): -15482868.000000
Runtime reported by QQA: 42.6729s
Total wall-clock time: 42.7215s
Results saved to: results/barabasi_albert_10ins_m20/QQA/ba_65536_1_3.csv
Energy: -15482868.000000
Time: 42.7215s
----------------------------------------
Processing instance: ba_65536_1_4.txt
  Seed 1/1 (seed=42)
Initialized QQA solver (QQA). Results will be saved under 'QQA'.
Parameters:
  instance_name: ba_65536_1_4.txt
  dataset: barabasi_albert_10ins_m20
  random_seed: 42
  device: cuda
  sol_size: 100
  learning_rate: 1.0
  temp: 0.001
  min_bg: -3.0
  max_bg: 0.1
  curve_rate: 4.0
  div_param: 0.2
  num_epochs: 3000
  check_interval: 500
  plot_dynamics: False
  run_name: QQA
--------------------------------------------------
[DEBUG] Starting QQA with n=65537, sol_size=100, device=cuda

============================== [LOG] ===============================
[ EPOCH 0 ]
  Best Loss So Far : -1515552.0000
  Mean(Loss)       : -763.1805
  Mean(Penalty)    : 52442.8281
  BG               : -3.0000
  DIV Value        : 18893.2891
  div_param        : 0.2000
====================================================================

============================== [LOG] ===============================
[ EPOCH 500 ]
  Best Loss So Far : -15487968.0000
  Mean(Loss)       : -15374728.0000
  Mean(Penalty)    : 20.8129
  BG               : -2.4833
  DIV Value        : 32786.7852
  div_param        : 0.2000
====================================================================

============================== [LOG] ===============================
[ EPOCH 1000 ]
  Best Loss So Far : -15491760.0000
  Mean(Loss)       : -15377709.0000
  Mean(Penalty)    : 2.2512
  BG               : -1.9667
  DIV Value        : 32789.8047
  div_param        : 0.2000
====================================================================

============================== [LOG] ===============================
[ EPOCH 1500 ]
  Best Loss So Far : -15491760.0000
  Mean(Loss)       : -15377741.0000
  Mean(Penalty)    : 0.1507
  BG               : -1.4500
  DIV Value        : 32790.1250
  div_param        : 0.2000
====================================================================

============================== [LOG] ===============================
[ EPOCH 2000 ]
  Best Loss So Far : -15491760.0000
  Mean(Loss)       : -15377740.0000
  Mean(Penalty)    : 0.0085
  BG               : -0.9333
  DIV Value        : 32790.1484
  div_param        : 0.2000
====================================================================

============================== [LOG] ===============================
[ EPOCH 2500 ]
  Best Loss So Far : -15491760.0000
  Mean(Loss)       : -15377740.0000
  Mean(Penalty)    : 0.0000
  BG               : -0.4167
  DIV Value        : 32790.1484
  div_param        : 0.2000
====================================================================

============================== [LOG] ===============================
[ EPOCH 2999 ]
  Best Loss So Far : -15491760.0000
  Mean(Loss)       : -15377740.0000
  Mean(Penalty)    : 0.0000
  BG               : 0.0990
  DIV Value        : 32790.1484
  div_param        : 0.2000
====================================================================

============================== [FINAL] ==============================
FINAL BEST LOSS : -15491760.0000
RUNTIME         : 42.67 s
====================================================================
sol_size:100, lr:1.0, temp:0.001, min_bg:-3.0, max_bg:0.1, curve_rate:4.0, div_param:0.2
[DEBUG] x_batch shape: torch.Size([100, 65537]), dtype: torch.float32, device: cuda:0
[DEBUG] x_batch range: [0.0000, 1.0000]
[DEBUG] x_round range: [0.0000, 1.0000]
[DEBUG] Best solution index: 50
[DEBUG] Best loss (from rounded): -15491760.000000
[DEBUG] QQA reported best_obj: -15491760.000000
[DEBUG] spins_tensor range: [-1.0000, 1.0000]
[DEBUG] Unique spin values: [-1.0, 1.0]
[DEBUG] Final energy: -15491760.000000
QQA finished. Best energy: -15491760.000000
Best objective (QQA loss): -15491760.000000
Runtime reported by QQA: 42.6732s
Total wall-clock time: 42.7186s
Results saved to: results/barabasi_albert_10ins_m20/QQA/ba_65536_1_4.csv
Energy: -15491760.000000
Time: 42.7186s
----------------------------------------
Processing instance: ba_65536_1_5.txt
  Seed 1/1 (seed=42)
Initialized QQA solver (QQA). Results will be saved under 'QQA'.
Parameters:
  instance_name: ba_65536_1_5.txt
  dataset: barabasi_albert_10ins_m20
  random_seed: 42
  device: cuda
  sol_size: 100
  learning_rate: 1.0
  temp: 0.001
  min_bg: -3.0
  max_bg: 0.1
  curve_rate: 4.0
  div_param: 0.2
  num_epochs: 3000
  check_interval: 500
  plot_dynamics: False
  run_name: QQA
--------------------------------------------------
[DEBUG] Starting QQA with n=65537, sol_size=100, device=cuda

============================== [LOG] ===============================
[ EPOCH 0 ]
  Best Loss So Far : -1613007.0000
  Mean(Loss)       : -2224.9348
  Mean(Penalty)    : 52442.8281
  BG               : -3.0000
  DIV Value        : 18893.2891
  div_param        : 0.2000
====================================================================

============================== [LOG] ===============================
[ EPOCH 500 ]
  Best Loss So Far : -15506411.0000
  Mean(Loss)       : -15370436.0000
  Mean(Penalty)    : 20.9319
  BG               : -2.4833
  DIV Value        : 32784.7266
  div_param        : 0.2000
====================================================================

============================== [LOG] ===============================
[ EPOCH 1000 ]
  Best Loss So Far : -15509183.0000
  Mean(Loss)       : -15372919.0000
  Mean(Penalty)    : 2.0625
  BG               : -1.9667
  DIV Value        : 32787.6406
  div_param        : 0.2000
====================================================================

============================== [LOG] ===============================
[ EPOCH 1500 ]
  Best Loss So Far : -15509183.0000
  Mean(Loss)       : -15372936.0000
  Mean(Penalty)    : 0.1211
  BG               : -1.4500
  DIV Value        : 32787.9141
  div_param        : 0.2000
====================================================================

============================== [LOG] ===============================
[ EPOCH 2000 ]
  Best Loss So Far : -15509183.0000
  Mean(Loss)       : -15372934.0000
  Mean(Penalty)    : 0.0039
  BG               : -0.9333
  DIV Value        : 32787.9297
  div_param        : 0.2000
====================================================================

============================== [LOG] ===============================
[ EPOCH 2500 ]
  Best Loss So Far : -15509183.0000
  Mean(Loss)       : -15372934.0000
  Mean(Penalty)    : 0.0000
  BG               : -0.4167
  DIV Value        : 32787.9297
  div_param        : 0.2000
====================================================================

============================== [LOG] ===============================
[ EPOCH 2999 ]
  Best Loss So Far : -15509183.0000
  Mean(Loss)       : -15372934.0000
  Mean(Penalty)    : 0.0000
  BG               : 0.0990
  DIV Value        : 32787.9297
  div_param        : 0.2000
====================================================================

============================== [FINAL] ==============================
FINAL BEST LOSS : -15509183.0000
RUNTIME         : 42.55 s
====================================================================
sol_size:100, lr:1.0, temp:0.001, min_bg:-3.0, max_bg:0.1, curve_rate:4.0, div_param:0.2
[DEBUG] x_batch shape: torch.Size([100, 65537]), dtype: torch.float32, device: cuda:0
[DEBUG] x_batch range: [0.0000, 1.0000]
[DEBUG] x_round range: [0.0000, 1.0000]
[DEBUG] Best solution index: 93
[DEBUG] Best loss (from rounded): -15509183.000000
[DEBUG] QQA reported best_obj: -15509183.000000
[DEBUG] spins_tensor range: [-1.0000, 1.0000]
[DEBUG] Unique spin values: [-1.0, 1.0]
[DEBUG] Final energy: -15509183.000000
QQA finished. Best energy: -15509183.000000
Best objective (QQA loss): -15509183.000000
Runtime reported by QQA: 42.5470s
Total wall-clock time: 42.5998s
Results saved to: results/barabasi_albert_10ins_m20/QQA/ba_65536_1_5.csv
Energy: -15509183.000000
Time: 42.5998s
----------------------------------------
Processing instance: ba_65536_1_6.txt
  Seed 1/1 (seed=42)
Initialized QQA solver (QQA). Results will be saved under 'QQA'.
Parameters:
  instance_name: ba_65536_1_6.txt
  dataset: barabasi_albert_10ins_m20
  random_seed: 42
  device: cuda
  sol_size: 100
  learning_rate: 1.0
  temp: 0.001
  min_bg: -3.0
  max_bg: 0.1
  curve_rate: 4.0
  div_param: 0.2
  num_epochs: 3000
  check_interval: 500
  plot_dynamics: False
  run_name: QQA
--------------------------------------------------
[DEBUG] Starting QQA with n=65537, sol_size=100, device=cuda

============================== [LOG] ===============================
[ EPOCH 0 ]
  Best Loss So Far : -1549412.0000
  Mean(Loss)       : -213.6787
  Mean(Penalty)    : 52442.8281
  BG               : -3.0000
  DIV Value        : 18893.2891
  div_param        : 0.2000
====================================================================

============================== [LOG] ===============================
[ EPOCH 500 ]
  Best Loss So Far : -15500400.0000
  Mean(Loss)       : -15365920.0000
  Mean(Penalty)    : 21.6569
  BG               : -2.4833
  DIV Value        : 32787.0469
  div_param        : 0.2000
====================================================================

============================== [LOG] ===============================
[ EPOCH 1000 ]
  Best Loss So Far : -15506460.0000
  Mean(Loss)       : -15369764.0000
  Mean(Penalty)    : 2.1921
  BG               : -1.9667
  DIV Value        : 32790.2656
  div_param        : 0.2000
====================================================================

============================== [LOG] ===============================
[ EPOCH 1500 ]
  Best Loss So Far : -15506460.0000
  Mean(Loss)       : -15369777.0000
  Mean(Penalty)    : 0.1546
  BG               : -1.4500
  DIV Value        : 32790.5547
  div_param        : 0.2000
====================================================================

============================== [LOG] ===============================
[ EPOCH 2000 ]
  Best Loss So Far : -15506460.0000
  Mean(Loss)       : -15369777.0000
  Mean(Penalty)    : 0.0056
  BG               : -0.9333
  DIV Value        : 32790.5781
  div_param        : 0.2000
====================================================================

============================== [LOG] ===============================
[ EPOCH 2500 ]
  Best Loss So Far : -15506460.0000
  Mean(Loss)       : -15369777.0000
  Mean(Penalty)    : 0.0000
  BG               : -0.4167
  DIV Value        : 32790.5781
  div_param        : 0.2000
====================================================================

============================== [LOG] ===============================
[ EPOCH 2999 ]
  Best Loss So Far : -15506460.0000
  Mean(Loss)       : -15369777.0000
  Mean(Penalty)    : 0.0000
  BG               : 0.0990
  DIV Value        : 32790.5781
  div_param        : 0.2000
====================================================================

============================== [FINAL] ==============================
FINAL BEST LOSS : -15506460.0000
RUNTIME         : 42.67 s
====================================================================
sol_size:100, lr:1.0, temp:0.001, min_bg:-3.0, max_bg:0.1, curve_rate:4.0, div_param:0.2
[DEBUG] x_batch shape: torch.Size([100, 65537]), dtype: torch.float32, device: cuda:0
[DEBUG] x_batch range: [0.0000, 1.0000]
[DEBUG] x_round range: [0.0000, 1.0000]
[DEBUG] Best solution index: 93
[DEBUG] Best loss (from rounded): -15506460.000000
[DEBUG] QQA reported best_obj: -15506460.000000
[DEBUG] spins_tensor range: [-1.0000, 1.0000]
[DEBUG] Unique spin values: [-1.0, 1.0]
[DEBUG] Final energy: -15506460.000000
QQA finished. Best energy: -15506460.000000
Best objective (QQA loss): -15506460.000000
Runtime reported by QQA: 42.6747s
Total wall-clock time: 42.7198s
Results saved to: results/barabasi_albert_10ins_m20/QQA/ba_65536_1_6.csv
Energy: -15506460.000000
Time: 42.7198s
----------------------------------------
Processing instance: ba_65536_1_7.txt
  Seed 1/1 (seed=42)
Initialized QQA solver (QQA). Results will be saved under 'QQA'.
Parameters:
  instance_name: ba_65536_1_7.txt
  dataset: barabasi_albert_10ins_m20
  random_seed: 42
  device: cuda
  sol_size: 100
  learning_rate: 1.0
  temp: 0.001
  min_bg: -3.0
  max_bg: 0.1
  curve_rate: 4.0
  div_param: 0.2
  num_epochs: 3000
  check_interval: 500
  plot_dynamics: False
  run_name: QQA
--------------------------------------------------
[DEBUG] Starting QQA with n=65537, sol_size=100, device=cuda

============================== [LOG] ===============================
[ EPOCH 0 ]
  Best Loss So Far : -1641064.0000
  Mean(Loss)       : -677.7812
  Mean(Penalty)    : 52442.8281
  BG               : -3.0000
  DIV Value        : 18893.2891
  div_param        : 0.2000
====================================================================

============================== [LOG] ===============================
[ EPOCH 500 ]
  Best Loss So Far : -15480470.0000
  Mean(Loss)       : -15368352.0000
  Mean(Penalty)    : 22.0297
  BG               : -2.4833
  DIV Value        : 32782.8984
  div_param        : 0.2000
====================================================================

============================== [LOG] ===============================
[ EPOCH 1000 ]
  Best Loss So Far : -15483238.0000
  Mean(Loss)       : -15371548.0000
  Mean(Penalty)    : 2.2152
  BG               : -1.9667
  DIV Value        : 32786.1133
  div_param        : 0.2000
====================================================================

============================== [LOG] ===============================
[ EPOCH 1500 ]
  Best Loss So Far : -15483238.0000
  Mean(Loss)       : -15371552.0000
  Mean(Penalty)    : 0.1161
  BG               : -1.4500
  DIV Value        : 32786.4180
  div_param        : 0.2000
====================================================================

============================== [LOG] ===============================
[ EPOCH 2000 ]
  Best Loss So Far : -15483238.0000
  Mean(Loss)       : -15371551.0000
  Mean(Penalty)    : 0.0048
  BG               : -0.9333
  DIV Value        : 32786.4336
  div_param        : 0.2000
====================================================================

============================== [LOG] ===============================
[ EPOCH 2500 ]
  Best Loss So Far : -15483238.0000
  Mean(Loss)       : -15371551.0000
  Mean(Penalty)    : 0.0000
  BG               : -0.4167
  DIV Value        : 32786.4336
  div_param        : 0.2000
====================================================================

============================== [LOG] ===============================
[ EPOCH 2999 ]
  Best Loss So Far : -15483238.0000
  Mean(Loss)       : -15371551.0000
  Mean(Penalty)    : 0.0000
  BG               : 0.0990
  DIV Value        : 32786.4336
  div_param        : 0.2000
====================================================================

============================== [FINAL] ==============================
FINAL BEST LOSS : -15483238.0000
RUNTIME         : 42.65 s
====================================================================
sol_size:100, lr:1.0, temp:0.001, min_bg:-3.0, max_bg:0.1, curve_rate:4.0, div_param:0.2
[DEBUG] x_batch shape: torch.Size([100, 65537]), dtype: torch.float32, device: cuda:0
[DEBUG] x_batch range: [0.0000, 1.0000]
[DEBUG] x_round range: [0.0000, 1.0000]
[DEBUG] Best solution index: 88
[DEBUG] Best loss (from rounded): -15483238.000000
[DEBUG] QQA reported best_obj: -15483238.000000
[DEBUG] spins_tensor range: [-1.0000, 1.0000]
[DEBUG] Unique spin values: [-1.0, 1.0]
[DEBUG] Final energy: -15483238.000000
QQA finished. Best energy: -15483238.000000
Best objective (QQA loss): -15483238.000000
Runtime reported by QQA: 42.6478s
Total wall-clock time: 42.6931s
Results saved to: results/barabasi_albert_10ins_m20/QQA/ba_65536_1_7.csv
Energy: -15483238.000000
Time: 42.6931s
----------------------------------------
Processing instance: ba_65536_1_8.txt
  Seed 1/1 (seed=42)
Initialized QQA solver (QQA). Results will be saved under 'QQA'.
Parameters:
  instance_name: ba_65536_1_8.txt
  dataset: barabasi_albert_10ins_m20
  random_seed: 42
  device: cuda
  sol_size: 100
  learning_rate: 1.0
  temp: 0.001
  min_bg: -3.0
  max_bg: 0.1
  curve_rate: 4.0
  div_param: 0.2
  num_epochs: 3000
  check_interval: 500
  plot_dynamics: False
  run_name: QQA
--------------------------------------------------
[DEBUG] Starting QQA with n=65537, sol_size=100, device=cuda

============================== [LOG] ===============================
[ EPOCH 0 ]
  Best Loss So Far : -1522702.0000
  Mean(Loss)       : -2722.1238
  Mean(Penalty)    : 52442.8281
  BG               : -3.0000
  DIV Value        : 18893.2891
  div_param        : 0.2000
====================================================================

============================== [LOG] ===============================
[ EPOCH 500 ]
  Best Loss So Far : -15492418.0000
  Mean(Loss)       : -15380682.0000
  Mean(Penalty)    : 20.8267
  BG               : -2.4833
  DIV Value        : 32786.1484
  div_param        : 0.2000
====================================================================

============================== [LOG] ===============================
[ EPOCH 1000 ]
  Best Loss So Far : -15495366.0000
  Mean(Loss)       : -15383891.0000
  Mean(Penalty)    : 2.1208
  BG               : -1.9667
  DIV Value        : 32789.1250
  div_param        : 0.2000
====================================================================

============================== [LOG] ===============================
[ EPOCH 1500 ]
  Best Loss So Far : -15495366.0000
  Mean(Loss)       : -15383996.0000
  Mean(Penalty)    : 0.1361
  BG               : -1.4500
  DIV Value        : 32789.3984
  div_param        : 0.2000
====================================================================

============================== [LOG] ===============================
[ EPOCH 2000 ]
  Best Loss So Far : -15495366.0000
  Mean(Loss)       : -15383996.0000
  Mean(Penalty)    : 0.0073
  BG               : -0.9333
  DIV Value        : 32789.4141
  div_param        : 0.2000
====================================================================

============================== [LOG] ===============================
[ EPOCH 2500 ]
  Best Loss So Far : -15495366.0000
  Mean(Loss)       : -15383996.0000
  Mean(Penalty)    : 0.0000
  BG               : -0.4167
  DIV Value        : 32789.4141
  div_param        : 0.2000
====================================================================

============================== [LOG] ===============================
[ EPOCH 2999 ]
  Best Loss So Far : -15495366.0000
  Mean(Loss)       : -15383996.0000
  Mean(Penalty)    : 0.0000
  BG               : 0.0990
  DIV Value        : 32789.4141
  div_param        : 0.2000
====================================================================

============================== [FINAL] ==============================
FINAL BEST LOSS : -15495366.0000
RUNTIME         : 42.69 s
====================================================================
sol_size:100, lr:1.0, temp:0.001, min_bg:-3.0, max_bg:0.1, curve_rate:4.0, div_param:0.2
[DEBUG] x_batch shape: torch.Size([100, 65537]), dtype: torch.float32, device: cuda:0
[DEBUG] x_batch range: [0.0000, 1.0000]
[DEBUG] x_round range: [0.0000, 1.0000]
[DEBUG] Best solution index: 95
[DEBUG] Best loss (from rounded): -15495366.000000
[DEBUG] QQA reported best_obj: -15495366.000000
[DEBUG] spins_tensor range: [-1.0000, 1.0000]
[DEBUG] Unique spin values: [-1.0, 1.0]
[DEBUG] Final energy: -15495366.000000
QQA finished. Best energy: -15495366.000000
Best objective (QQA loss): -15495366.000000
Runtime reported by QQA: 42.6860s
Total wall-clock time: 42.7307s
Results saved to: results/barabasi_albert_10ins_m20/QQA/ba_65536_1_8.csv
Energy: -15495366.000000
Time: 42.7307s
----------------------------------------
Processing instance: ba_65536_1_9.txt
  Seed 1/1 (seed=42)
Initialized QQA solver (QQA). Results will be saved under 'QQA'.
Parameters:
  instance_name: ba_65536_1_9.txt
  dataset: barabasi_albert_10ins_m20
  random_seed: 42
  device: cuda
  sol_size: 100
  learning_rate: 1.0
  temp: 0.001
  min_bg: -3.0
  max_bg: 0.1
  curve_rate: 4.0
  div_param: 0.2
  num_epochs: 3000
  check_interval: 500
  plot_dynamics: False
  run_name: QQA
--------------------------------------------------
[DEBUG] Starting QQA with n=65537, sol_size=100, device=cuda

============================== [LOG] ===============================
[ EPOCH 0 ]
  Best Loss So Far : -1566909.0000
  Mean(Loss)       : 3309.0125
  Mean(Penalty)    : 52442.8281
  BG               : -3.0000
  DIV Value        : 18893.2891
  div_param        : 0.2000
====================================================================

============================== [LOG] ===============================
[ EPOCH 500 ]
  Best Loss So Far : -15479101.0000
  Mean(Loss)       : -15369349.0000
  Mean(Penalty)    : 21.6718
  BG               : -2.4833
  DIV Value        : 32780.0781
  div_param        : 0.2000
====================================================================

============================== [LOG] ===============================
[ EPOCH 1000 ]
  Best Loss So Far : -15484489.0000
  Mean(Loss)       : -15372786.0000
  Mean(Penalty)    : 2.2930
  BG               : -1.9667
  DIV Value        : 32783.1875
  div_param        : 0.2000
====================================================================

============================== [LOG] ===============================
[ EPOCH 1500 ]
  Best Loss So Far : -15484489.0000
  Mean(Loss)       : -15372788.0000
  Mean(Penalty)    : 0.1577
  BG               : -1.4500
  DIV Value        : 32783.4883
  div_param        : 0.2000
====================================================================

============================== [LOG] ===============================
[ EPOCH 2000 ]
  Best Loss So Far : -15484489.0000
  Mean(Loss)       : -15372788.0000
  Mean(Penalty)    : 0.0017
  BG               : -0.9333
  DIV Value        : 32783.5117
  div_param        : 0.2000
====================================================================

============================== [LOG] ===============================
[ EPOCH 2500 ]
  Best Loss So Far : -15484489.0000
  Mean(Loss)       : -15372788.0000
  Mean(Penalty)    : 0.0000
  BG               : -0.4167
  DIV Value        : 32783.5117
  div_param        : 0.2000
====================================================================

============================== [LOG] ===============================
[ EPOCH 2999 ]
  Best Loss So Far : -15484489.0000
  Mean(Loss)       : -15372788.0000
  Mean(Penalty)    : 0.0000
  BG               : 0.0990
  DIV Value        : 32783.5117
  div_param        : 0.2000
====================================================================

============================== [FINAL] ==============================
FINAL BEST LOSS : -15484489.0000
RUNTIME         : 42.71 s
====================================================================
sol_size:100, lr:1.0, temp:0.001, min_bg:-3.0, max_bg:0.1, curve_rate:4.0, div_param:0.2
[DEBUG] x_batch shape: torch.Size([100, 65537]), dtype: torch.float32, device: cuda:0
[DEBUG] x_batch range: [0.0000, 1.0000]
[DEBUG] x_round range: [0.0000, 1.0000]
[DEBUG] Best solution index: 64
[DEBUG] Best loss (from rounded): -15484489.000000
[DEBUG] QQA reported best_obj: -15484489.000000
[DEBUG] spins_tensor range: [-1.0000, 1.0000]
[DEBUG] Unique spin values: [-1.0, 1.0]
[DEBUG] Final energy: -15484489.000000
QQA finished. Best energy: -15484489.000000
Best objective (QQA loss): -15484489.000000
Runtime reported by QQA: 42.7094s
Total wall-clock time: 42.7649s
Results saved to: results/barabasi_albert_10ins_m20/QQA/ba_65536_1_9.csv
Energy: -15484489.000000
Time: 42.7649s
----------------------------------------
Processing instance: ba_8192_1_0.txt
  Seed 1/1 (seed=42)
Initialized QQA solver (QQA). Results will be saved under 'QQA'.
Parameters:
  instance_name: ba_8192_1_0.txt
  dataset: barabasi_albert_10ins_m20
  random_seed: 42
  device: cuda
  sol_size: 100
  learning_rate: 1.0
  temp: 0.001
  min_bg: -3.0
  max_bg: 0.1
  curve_rate: 4.0
  div_param: 0.2
  num_epochs: 3000
  check_interval: 500
  plot_dynamics: False
  run_name: QQA
--------------------------------------------------
[DEBUG] Starting QQA with n=8193, sol_size=100, device=cuda

============================== [LOG] ===============================
[ EPOCH 0 ]
  Best Loss So Far : -296697.0000
  Mean(Loss)       : 25.6215
  Mean(Penalty)    : 6558.6069
  BG               : -3.0000
  DIV Value        : 2360.6655
  div_param        : 0.2000
====================================================================

============================== [LOG] ===============================
[ EPOCH 500 ]
  Best Loss So Far : -1957819.0000
  Mean(Loss)       : -1919437.2500
  Mean(Penalty)    : 2.5778
  BG               : -2.4833
  DIV Value        : 4098.1616
  div_param        : 0.2000
====================================================================

============================== [LOG] ===============================
[ EPOCH 1000 ]
  Best Loss So Far : -1958577.0000
  Mean(Loss)       : -1919773.0000
  Mean(Penalty)    : 0.2829
  BG               : -1.9667
  DIV Value        : 4098.5566
  div_param        : 0.2000
====================================================================

============================== [LOG] ===============================
[ EPOCH 1500 ]
  Best Loss So Far : -1958577.0000
  Mean(Loss)       : -1919773.0000
  Mean(Penalty)    : 0.0268
  BG               : -1.4500
  DIV Value        : 4098.5942
  div_param        : 0.2000
====================================================================

============================== [LOG] ===============================
[ EPOCH 2000 ]
  Best Loss So Far : -1958577.0000
  Mean(Loss)       : -1919773.0000
  Mean(Penalty)    : 0.0000
  BG               : -0.9333
  DIV Value        : 4098.5977
  div_param        : 0.2000
====================================================================

============================== [LOG] ===============================
[ EPOCH 2500 ]
  Best Loss So Far : -1958577.0000
  Mean(Loss)       : -1919773.0000
  Mean(Penalty)    : 0.0000
  BG               : -0.4167
  DIV Value        : 4098.5977
  div_param        : 0.2000
====================================================================

============================== [LOG] ===============================
[ EPOCH 2999 ]
  Best Loss So Far : -1958577.0000
  Mean(Loss)       : -1919773.0000
  Mean(Penalty)    : 0.0000
  BG               : 0.0990
  DIV Value        : 4098.5977
  div_param        : 0.2000
====================================================================

============================== [FINAL] ==============================
FINAL BEST LOSS : -1958577.0000
RUNTIME         : 7.17 s
====================================================================
sol_size:100, lr:1.0, temp:0.001, min_bg:-3.0, max_bg:0.1, curve_rate:4.0, div_param:0.2
[DEBUG] x_batch shape: torch.Size([100, 8193]), dtype: torch.float32, device: cuda:0
[DEBUG] x_batch range: [0.0000, 1.0000]
[DEBUG] x_round range: [0.0000, 1.0000]
[DEBUG] Best solution index: 27
[DEBUG] Best loss (from rounded): -1958577.000000
[DEBUG] QQA reported best_obj: -1958577.000000
[DEBUG] spins_tensor range: [-1.0000, 1.0000]
[DEBUG] Unique spin values: [-1.0, 1.0]
[DEBUG] Final energy: -1958577.000000
QQA finished. Best energy: -1958577.000000
Best objective (QQA loss): -1958577.000000
Runtime reported by QQA: 7.1664s
Total wall-clock time: 7.1734s
Results saved to: results/barabasi_albert_10ins_m20/QQA/ba_8192_1_0.csv
Energy: -1958577.000000
Time: 7.1734s
----------------------------------------
Processing instance: ba_8192_1_1.txt
  Seed 1/1 (seed=42)
Initialized QQA solver (QQA). Results will be saved under 'QQA'.
Parameters:
  instance_name: ba_8192_1_1.txt
  dataset: barabasi_albert_10ins_m20
  random_seed: 42
  device: cuda
  sol_size: 100
  learning_rate: 1.0
  temp: 0.001
  min_bg: -3.0
  max_bg: 0.1
  curve_rate: 4.0
  div_param: 0.2
  num_epochs: 3000
  check_interval: 500
  plot_dynamics: False
  run_name: QQA
--------------------------------------------------
[DEBUG] Starting QQA with n=8193, sol_size=100, device=cuda

============================== [LOG] ===============================
[ EPOCH 0 ]
  Best Loss So Far : -232981.0000
  Mean(Loss)       : -1038.8994
  Mean(Penalty)    : 6558.6069
  BG               : -3.0000
  DIV Value        : 2360.6655
  div_param        : 0.2000
====================================================================

============================== [LOG] ===============================
[ EPOCH 500 ]
  Best Loss So Far : -1964659.0000
  Mean(Loss)       : -1924794.2500
  Mean(Penalty)    : 2.6417
  BG               : -2.4833
  DIV Value        : 4097.2559
  div_param        : 0.2000
====================================================================

============================== [LOG] ===============================
[ EPOCH 1000 ]
  Best Loss So Far : -1964659.0000
  Mean(Loss)       : -1925012.5000
  Mean(Penalty)    : 0.2956
  BG               : -1.9667
  DIV Value        : 4097.5957
  div_param        : 0.2000
====================================================================

============================== [LOG] ===============================
[ EPOCH 1500 ]
  Best Loss So Far : -1964659.0000
  Mean(Loss)       : -1925049.0000
  Mean(Penalty)    : 0.0151
  BG               : -1.4500
  DIV Value        : 4097.6392
  div_param        : 0.2000
====================================================================

============================== [LOG] ===============================
[ EPOCH 2000 ]
  Best Loss So Far : -1964659.0000
  Mean(Loss)       : -1925049.0000
  Mean(Penalty)    : 0.0000
  BG               : -0.9333
  DIV Value        : 4097.6411
  div_param        : 0.2000
====================================================================

============================== [LOG] ===============================
[ EPOCH 2500 ]
  Best Loss So Far : -1964659.0000
  Mean(Loss)       : -1925049.0000
  Mean(Penalty)    : 0.0000
  BG               : -0.4167
  DIV Value        : 4097.6411
  div_param        : 0.2000
====================================================================

============================== [LOG] ===============================
[ EPOCH 2999 ]
  Best Loss So Far : -1964659.0000
  Mean(Loss)       : -1925049.0000
  Mean(Penalty)    : 0.0000
  BG               : 0.0990
  DIV Value        : 4097.6411
  div_param        : 0.2000
====================================================================

============================== [FINAL] ==============================
FINAL BEST LOSS : -1964659.0000
RUNTIME         : 7.16 s
====================================================================
sol_size:100, lr:1.0, temp:0.001, min_bg:-3.0, max_bg:0.1, curve_rate:4.0, div_param:0.2
[DEBUG] x_batch shape: torch.Size([100, 8193]), dtype: torch.float32, device: cuda:0
[DEBUG] x_batch range: [0.0000, 1.0000]
[DEBUG] x_round range: [0.0000, 1.0000]
[DEBUG] Best solution index: 75
[DEBUG] Best loss (from rounded): -1964659.000000
[DEBUG] QQA reported best_obj: -1964659.000000
[DEBUG] spins_tensor range: [-1.0000, 1.0000]
[DEBUG] Unique spin values: [-1.0, 1.0]
[DEBUG] Final energy: -1964659.000000
QQA finished. Best energy: -1964659.000000
Best objective (QQA loss): -1964659.000000
Runtime reported by QQA: 7.1617s
Total wall-clock time: 7.1684s
Results saved to: results/barabasi_albert_10ins_m20/QQA/ba_8192_1_1.csv
Energy: -1964659.000000
Time: 7.1684s
----------------------------------------
Processing instance: ba_8192_1_2.txt
  Seed 1/1 (seed=42)
Initialized QQA solver (QQA). Results will be saved under 'QQA'.
Parameters:
  instance_name: ba_8192_1_2.txt
  dataset: barabasi_albert_10ins_m20
  random_seed: 42
  device: cuda
  sol_size: 100
  learning_rate: 1.0
  temp: 0.001
  min_bg: -3.0
  max_bg: 0.1
  curve_rate: 4.0
  div_param: 0.2
  num_epochs: 3000
  check_interval: 500
  plot_dynamics: False
  run_name: QQA
--------------------------------------------------
[DEBUG] Starting QQA with n=8193, sol_size=100, device=cuda

============================== [LOG] ===============================
[ EPOCH 0 ]
  Best Loss So Far : -232680.0000
  Mean(Loss)       : 647.5378
  Mean(Penalty)    : 6558.6069
  BG               : -3.0000
  DIV Value        : 2360.6655
  div_param        : 0.2000
====================================================================

============================== [LOG] ===============================
[ EPOCH 500 ]
  Best Loss So Far : -1943582.0000
  Mean(Loss)       : -1916568.0000
  Mean(Penalty)    : 2.5102
  BG               : -2.4833
  DIV Value        : 4098.7412
  div_param        : 0.2000
====================================================================

============================== [LOG] ===============================
[ EPOCH 1000 ]
  Best Loss So Far : -1943582.0000
  Mean(Loss)       : -1916830.1250
  Mean(Penalty)    : 0.2532
  BG               : -1.9667
  DIV Value        : 4099.1147
  div_param        : 0.2000
====================================================================

============================== [LOG] ===============================
[ EPOCH 1500 ]
  Best Loss So Far : -1943582.0000
  Mean(Loss)       : -1916830.1250
  Mean(Penalty)    : 0.0153
  BG               : -1.4500
  DIV Value        : 4099.1475
  div_param        : 0.2000
====================================================================

============================== [LOG] ===============================
[ EPOCH 2000 ]
  Best Loss So Far : -1943582.0000
  Mean(Loss)       : -1916830.1250
  Mean(Penalty)    : 0.0024
  BG               : -0.9333
  DIV Value        : 4099.1494
  div_param        : 0.2000
====================================================================

============================== [LOG] ===============================
[ EPOCH 2500 ]
  Best Loss So Far : -1943582.0000
  Mean(Loss)       : -1916830.1250
  Mean(Penalty)    : 0.0000
  BG               : -0.4167
  DIV Value        : 4099.1499
  div_param        : 0.2000
====================================================================

============================== [LOG] ===============================
[ EPOCH 2999 ]
  Best Loss So Far : -1943582.0000
  Mean(Loss)       : -1916830.1250
  Mean(Penalty)    : 0.0000
  BG               : 0.0990
  DIV Value        : 4099.1499
  div_param        : 0.2000
====================================================================

============================== [FINAL] ==============================
FINAL BEST LOSS : -1943582.0000
RUNTIME         : 7.16 s
====================================================================
sol_size:100, lr:1.0, temp:0.001, min_bg:-3.0, max_bg:0.1, curve_rate:4.0, div_param:0.2
[DEBUG] x_batch shape: torch.Size([100, 8193]), dtype: torch.float32, device: cuda:0
[DEBUG] x_batch range: [0.0000, 1.0000]
[DEBUG] x_round range: [0.0000, 1.0000]
[DEBUG] Best solution index: 62
[DEBUG] Best loss (from rounded): -1943582.000000
[DEBUG] QQA reported best_obj: -1943582.000000
[DEBUG] spins_tensor range: [-1.0000, 1.0000]
[DEBUG] Unique spin values: [-1.0, 1.0]
[DEBUG] Final energy: -1943582.000000
QQA finished. Best energy: -1943582.000000
Best objective (QQA loss): -1943582.000000
Runtime reported by QQA: 7.1638s
Total wall-clock time: 7.1708s
Results saved to: results/barabasi_albert_10ins_m20/QQA/ba_8192_1_2.csv
Energy: -1943582.000000
Time: 7.1708s
----------------------------------------
Processing instance: ba_8192_1_3.txt
  Seed 1/1 (seed=42)
Initialized QQA solver (QQA). Results will be saved under 'QQA'.
Parameters:
  instance_name: ba_8192_1_3.txt
  dataset: barabasi_albert_10ins_m20
  random_seed: 42
  device: cuda
  sol_size: 100
  learning_rate: 1.0
  temp: 0.001
  min_bg: -3.0
  max_bg: 0.1
  curve_rate: 4.0
  div_param: 0.2
  num_epochs: 3000
  check_interval: 500
  plot_dynamics: False
  run_name: QQA
--------------------------------------------------
[DEBUG] Starting QQA with n=8193, sol_size=100, device=cuda

============================== [LOG] ===============================
[ EPOCH 0 ]
  Best Loss So Far : -235017.0000
  Mean(Loss)       : 726.9587
  Mean(Penalty)    : 6558.6069
  BG               : -3.0000
  DIV Value        : 2360.6655
  div_param        : 0.2000
====================================================================

============================== [LOG] ===============================
[ EPOCH 500 ]
  Best Loss So Far : -1958027.0000
  Mean(Loss)       : -1922838.7500
  Mean(Penalty)    : 2.5284
  BG               : -2.4833
  DIV Value        : 4097.7114
  div_param        : 0.2000
====================================================================

============================== [LOG] ===============================
[ EPOCH 1000 ]
  Best Loss So Far : -1960829.0000
  Mean(Loss)       : -1923120.6250
  Mean(Penalty)    : 0.2072
  BG               : -1.9667
  DIV Value        : 4098.0659
  div_param        : 0.2000
====================================================================

============================== [LOG] ===============================
[ EPOCH 1500 ]
  Best Loss So Far : -1960829.0000
  Mean(Loss)       : -1923120.5000
  Mean(Penalty)    : 0.0135
  BG               : -1.4500
  DIV Value        : 4098.0938
  div_param        : 0.2000
====================================================================

============================== [LOG] ===============================
[ EPOCH 2000 ]
  Best Loss So Far : -1960829.0000
  Mean(Loss)       : -1923120.5000
  Mean(Penalty)    : 0.0000
  BG               : -0.9333
  DIV Value        : 4098.0947
  div_param        : 0.2000
====================================================================

============================== [LOG] ===============================
[ EPOCH 2500 ]
  Best Loss So Far : -1960829.0000
  Mean(Loss)       : -1923120.5000
  Mean(Penalty)    : 0.0000
  BG               : -0.4167
  DIV Value        : 4098.0947
  div_param        : 0.2000
====================================================================

============================== [LOG] ===============================
[ EPOCH 2999 ]
  Best Loss So Far : -1960829.0000
  Mean(Loss)       : -1923120.5000
  Mean(Penalty)    : 0.0000
  BG               : 0.0990
  DIV Value        : 4098.0947
  div_param        : 0.2000
====================================================================

============================== [FINAL] ==============================
FINAL BEST LOSS : -1960829.0000
RUNTIME         : 7.16 s
====================================================================
sol_size:100, lr:1.0, temp:0.001, min_bg:-3.0, max_bg:0.1, curve_rate:4.0, div_param:0.2
[DEBUG] x_batch shape: torch.Size([100, 8193]), dtype: torch.float32, device: cuda:0
[DEBUG] x_batch range: [0.0000, 1.0000]
[DEBUG] x_round range: [0.0000, 1.0000]
[DEBUG] Best solution index: 80
[DEBUG] Best loss (from rounded): -1960829.000000
[DEBUG] QQA reported best_obj: -1960829.000000
[DEBUG] spins_tensor range: [-1.0000, 1.0000]
[DEBUG] Unique spin values: [-1.0, 1.0]
[DEBUG] Final energy: -1960829.000000
QQA finished. Best energy: -1960829.000000
Best objective (QQA loss): -1960829.000000
Runtime reported by QQA: 7.1612s
Total wall-clock time: 7.1679s
Results saved to: results/barabasi_albert_10ins_m20/QQA/ba_8192_1_3.csv
Energy: -1960829.000000
Time: 7.1679s
----------------------------------------
Processing instance: ba_8192_1_4.txt
  Seed 1/1 (seed=42)
Initialized QQA solver (QQA). Results will be saved under 'QQA'.
Parameters:
  instance_name: ba_8192_1_4.txt
  dataset: barabasi_albert_10ins_m20
  random_seed: 42
  device: cuda
  sol_size: 100
  learning_rate: 1.0
  temp: 0.001
  min_bg: -3.0
  max_bg: 0.1
  curve_rate: 4.0
  div_param: 0.2
  num_epochs: 3000
  check_interval: 500
  plot_dynamics: False
  run_name: QQA
--------------------------------------------------
[DEBUG] Starting QQA with n=8193, sol_size=100, device=cuda

============================== [LOG] ===============================
[ EPOCH 0 ]
  Best Loss So Far : -251486.0000
  Mean(Loss)       : 1494.1288
  Mean(Penalty)    : 6558.6069
  BG               : -3.0000
  DIV Value        : 2360.6655
  div_param        : 0.2000
====================================================================

============================== [LOG] ===============================
[ EPOCH 500 ]
  Best Loss So Far : -1953934.0000
  Mean(Loss)       : -1921677.2500
  Mean(Penalty)    : 2.6446
  BG               : -2.4833
  DIV Value        : 4097.2671
  div_param        : 0.2000
====================================================================

============================== [LOG] ===============================
[ EPOCH 1000 ]
  Best Loss So Far : -1953934.0000
  Mean(Loss)       : -1922113.7500
  Mean(Penalty)    : 0.3154
  BG               : -1.9667
  DIV Value        : 4097.6133
  div_param        : 0.2000
====================================================================

============================== [LOG] ===============================
[ EPOCH 1500 ]
  Best Loss So Far : -1953934.0000
  Mean(Loss)       : -1922113.6250
  Mean(Penalty)    : 0.0304
  BG               : -1.4500
  DIV Value        : 4097.6562
  div_param        : 0.2000
====================================================================

============================== [LOG] ===============================
[ EPOCH 2000 ]
  Best Loss So Far : -1953934.0000
  Mean(Loss)       : -1922113.6250
  Mean(Penalty)    : 0.0000
  BG               : -0.9333
  DIV Value        : 4097.6602
  div_param        : 0.2000
====================================================================

============================== [LOG] ===============================
[ EPOCH 2500 ]
  Best Loss So Far : -1953934.0000
  Mean(Loss)       : -1922113.6250
  Mean(Penalty)    : 0.0000
  BG               : -0.4167
  DIV Value        : 4097.6602
  div_param        : 0.2000
====================================================================

============================== [LOG] ===============================
[ EPOCH 2999 ]
  Best Loss So Far : -1953934.0000
  Mean(Loss)       : -1922113.6250
  Mean(Penalty)    : 0.0000
  BG               : 0.0990
  DIV Value        : 4097.6602
  div_param        : 0.2000
====================================================================

============================== [FINAL] ==============================
FINAL BEST LOSS : -1953934.0000
RUNTIME         : 7.17 s
====================================================================
sol_size:100, lr:1.0, temp:0.001, min_bg:-3.0, max_bg:0.1, curve_rate:4.0, div_param:0.2
[DEBUG] x_batch shape: torch.Size([100, 8193]), dtype: torch.float32, device: cuda:0
[DEBUG] x_batch range: [0.0000, 1.0000]
[DEBUG] x_round range: [0.0000, 1.0000]
[DEBUG] Best solution index: 66
[DEBUG] Best loss (from rounded): -1953934.000000
[DEBUG] QQA reported best_obj: -1953934.000000
[DEBUG] spins_tensor range: [-1.0000, 1.0000]
[DEBUG] Unique spin values: [-1.0, 1.0]
[DEBUG] Final energy: -1953934.000000
QQA finished. Best energy: -1953934.000000
Best objective (QQA loss): -1953934.000000
Runtime reported by QQA: 7.1660s
Total wall-clock time: 7.1729s
Results saved to: results/barabasi_albert_10ins_m20/QQA/ba_8192_1_4.csv
Energy: -1953934.000000
Time: 7.1729s
----------------------------------------
Processing instance: ba_8192_1_5.txt
  Seed 1/1 (seed=42)
Initialized QQA solver (QQA). Results will be saved under 'QQA'.
Parameters:
  instance_name: ba_8192_1_5.txt
  dataset: barabasi_albert_10ins_m20
  random_seed: 42
  device: cuda
  sol_size: 100
  learning_rate: 1.0
  temp: 0.001
  min_bg: -3.0
  max_bg: 0.1
  curve_rate: 4.0
  div_param: 0.2
  num_epochs: 3000
  check_interval: 500
  plot_dynamics: False
  run_name: QQA
--------------------------------------------------
[DEBUG] Starting QQA with n=8193, sol_size=100, device=cuda

============================== [LOG] ===============================
[ EPOCH 0 ]
  Best Loss So Far : -232815.0000
  Mean(Loss)       : 218.7261
  Mean(Penalty)    : 6558.6069
  BG               : -3.0000
  DIV Value        : 2360.6655
  div_param        : 0.2000
====================================================================

============================== [LOG] ===============================
[ EPOCH 500 ]
  Best Loss So Far : -1970115.0000
  Mean(Loss)       : -1922597.5000
  Mean(Penalty)    : 2.5240
  BG               : -2.4833
  DIV Value        : 4098.9404
  div_param        : 0.2000
====================================================================

============================== [LOG] ===============================
[ EPOCH 1000 ]
  Best Loss So Far : -1970827.0000
  Mean(Loss)       : -1922918.3750
  Mean(Penalty)    : 0.2705
  BG               : -1.9667
  DIV Value        : 4099.2676
  div_param        : 0.2000
====================================================================

============================== [LOG] ===============================
[ EPOCH 1500 ]
  Best Loss So Far : -1970827.0000
  Mean(Loss)       : -1922951.3750
  Mean(Penalty)    : 0.0099
  BG               : -1.4500
  DIV Value        : 4099.3008
  div_param        : 0.2000
====================================================================

============================== [LOG] ===============================
[ EPOCH 2000 ]
  Best Loss So Far : -1970827.0000
  Mean(Loss)       : -1922951.3750
  Mean(Penalty)    : 0.0001
  BG               : -0.9333
  DIV Value        : 4099.3027
  div_param        : 0.2000
====================================================================

============================== [LOG] ===============================
[ EPOCH 2500 ]
  Best Loss So Far : -1970827.0000
  Mean(Loss)       : -1922951.3750
  Mean(Penalty)    : 0.0000
  BG               : -0.4167
  DIV Value        : 4099.3027
  div_param        : 0.2000
====================================================================

============================== [LOG] ===============================
[ EPOCH 2999 ]
  Best Loss So Far : -1970827.0000
  Mean(Loss)       : -1922951.3750
  Mean(Penalty)    : 0.0000
  BG               : 0.0990
  DIV Value        : 4099.3027
  div_param        : 0.2000
====================================================================

============================== [FINAL] ==============================
FINAL BEST LOSS : -1970827.0000
RUNTIME         : 7.16 s
====================================================================
sol_size:100, lr:1.0, temp:0.001, min_bg:-3.0, max_bg:0.1, curve_rate:4.0, div_param:0.2
[DEBUG] x_batch shape: torch.Size([100, 8193]), dtype: torch.float32, device: cuda:0
[DEBUG] x_batch range: [0.0000, 1.0000]
[DEBUG] x_round range: [0.0000, 1.0000]
[DEBUG] Best solution index: 14
[DEBUG] Best loss (from rounded): -1970827.000000
[DEBUG] QQA reported best_obj: -1970827.000000
[DEBUG] spins_tensor range: [-1.0000, 1.0000]
[DEBUG] Unique spin values: [-1.0, 1.0]
[DEBUG] Final energy: -1970827.000000
QQA finished. Best energy: -1970827.000000
Best objective (QQA loss): -1970827.000000
Runtime reported by QQA: 7.1578s
Total wall-clock time: 7.1644s
Results saved to: results/barabasi_albert_10ins_m20/QQA/ba_8192_1_5.csv
Energy: -1970827.000000
Time: 7.1644s
----------------------------------------
Processing instance: ba_8192_1_6.txt
  Seed 1/1 (seed=42)
Initialized QQA solver (QQA). Results will be saved under 'QQA'.
Parameters:
  instance_name: ba_8192_1_6.txt
  dataset: barabasi_albert_10ins_m20
  random_seed: 42
  device: cuda
  sol_size: 100
  learning_rate: 1.0
  temp: 0.001
  min_bg: -3.0
  max_bg: 0.1
  curve_rate: 4.0
  div_param: 0.2
  num_epochs: 3000
  check_interval: 500
  plot_dynamics: False
  run_name: QQA
--------------------------------------------------
[DEBUG] Starting QQA with n=8193, sol_size=100, device=cuda

============================== [LOG] ===============================
[ EPOCH 0 ]
  Best Loss So Far : -258972.0000
  Mean(Loss)       : -503.3217
  Mean(Penalty)    : 6558.6069
  BG               : -3.0000
  DIV Value        : 2360.6655
  div_param        : 0.2000
====================================================================

============================== [LOG] ===============================
[ EPOCH 500 ]
  Best Loss So Far : -1959542.0000
  Mean(Loss)       : -1925199.3750
  Mean(Penalty)    : 2.7478
  BG               : -2.4833
  DIV Value        : 4096.4067
  div_param        : 0.2000
====================================================================

============================== [LOG] ===============================
[ EPOCH 1000 ]
  Best Loss So Far : -1966082.0000
  Mean(Loss)       : -1925562.1250
  Mean(Penalty)    : 0.2167
  BG               : -1.9667
  DIV Value        : 4096.8027
  div_param        : 0.2000
====================================================================

============================== [LOG] ===============================
[ EPOCH 1500 ]
  Best Loss So Far : -1966082.0000
  Mean(Loss)       : -1925561.8750
  Mean(Penalty)    : 0.0120
  BG               : -1.4500
  DIV Value        : 4096.8320
  div_param        : 0.2000
====================================================================

============================== [LOG] ===============================
[ EPOCH 2000 ]
  Best Loss So Far : -1966082.0000
  Mean(Loss)       : -1925561.8750
  Mean(Penalty)    : 0.0000
  BG               : -0.9333
  DIV Value        : 4096.8340
  div_param        : 0.2000
====================================================================

============================== [LOG] ===============================
[ EPOCH 2500 ]
  Best Loss So Far : -1966082.0000
  Mean(Loss)       : -1925561.8750
  Mean(Penalty)    : 0.0000
  BG               : -0.4167
  DIV Value        : 4096.8340
  div_param        : 0.2000
====================================================================

============================== [LOG] ===============================
[ EPOCH 2999 ]
  Best Loss So Far : -1966082.0000
  Mean(Loss)       : -1925561.8750
  Mean(Penalty)    : 0.0000
  BG               : 0.0990
  DIV Value        : 4096.8340
  div_param        : 0.2000
====================================================================

============================== [FINAL] ==============================
FINAL BEST LOSS : -1966082.0000
RUNTIME         : 7.16 s
====================================================================
sol_size:100, lr:1.0, temp:0.001, min_bg:-3.0, max_bg:0.1, curve_rate:4.0, div_param:0.2
[DEBUG] x_batch shape: torch.Size([100, 8193]), dtype: torch.float32, device: cuda:0
[DEBUG] x_batch range: [0.0000, 1.0000]
[DEBUG] x_round range: [0.0000, 1.0000]
[DEBUG] Best solution index: 84
[DEBUG] Best loss (from rounded): -1966082.000000
[DEBUG] QQA reported best_obj: -1966082.000000
[DEBUG] spins_tensor range: [-1.0000, 1.0000]
[DEBUG] Unique spin values: [-1.0, 1.0]
[DEBUG] Final energy: -1966082.000000
QQA finished. Best energy: -1966082.000000
Best objective (QQA loss): -1966082.000000
Runtime reported by QQA: 7.1623s
Total wall-clock time: 7.1693s
Results saved to: results/barabasi_albert_10ins_m20/QQA/ba_8192_1_6.csv
Energy: -1966082.000000
Time: 7.1693s
----------------------------------------
Processing instance: ba_8192_1_7.txt
  Seed 1/1 (seed=42)
Initialized QQA solver (QQA). Results will be saved under 'QQA'.
Parameters:
  instance_name: ba_8192_1_7.txt
  dataset: barabasi_albert_10ins_m20
  random_seed: 42
  device: cuda
  sol_size: 100
  learning_rate: 1.0
  temp: 0.001
  min_bg: -3.0
  max_bg: 0.1
  curve_rate: 4.0
  div_param: 0.2
  num_epochs: 3000
  check_interval: 500
  plot_dynamics: False
  run_name: QQA
--------------------------------------------------
[DEBUG] Starting QQA with n=8193, sol_size=100, device=cuda

============================== [LOG] ===============================
[ EPOCH 0 ]
  Best Loss So Far : -236837.0000
  Mean(Loss)       : 1982.9250
  Mean(Penalty)    : 6558.6069
  BG               : -3.0000
  DIV Value        : 2360.6655
  div_param        : 0.2000
====================================================================

============================== [LOG] ===============================
[ EPOCH 500 ]
  Best Loss So Far : -1970631.0000
  Mean(Loss)       : -1918077.7500
  Mean(Penalty)    : 2.5592
  BG               : -2.4833
  DIV Value        : 4098.5234
  div_param        : 0.2000
====================================================================

============================== [LOG] ===============================
[ EPOCH 1000 ]
  Best Loss So Far : -1970637.0000
  Mean(Loss)       : -1918237.5000
  Mean(Penalty)    : 0.2547
  BG               : -1.9667
  DIV Value        : 4098.9097
  div_param        : 0.2000
====================================================================

============================== [LOG] ===============================
[ EPOCH 1500 ]
  Best Loss So Far : -1970637.0000
  Mean(Loss)       : -1918237.6250
  Mean(Penalty)    : 0.0190
  BG               : -1.4500
  DIV Value        : 4098.9409
  div_param        : 0.2000
====================================================================

============================== [LOG] ===============================
[ EPOCH 2000 ]
  Best Loss So Far : -1970637.0000
  Mean(Loss)       : -1918237.6250
  Mean(Penalty)    : 0.0009
  BG               : -0.9333
  DIV Value        : 4098.9434
  div_param        : 0.2000
====================================================================

============================== [LOG] ===============================
[ EPOCH 2500 ]
  Best Loss So Far : -1970637.0000
  Mean(Loss)       : -1918237.6250
  Mean(Penalty)    : 0.0000
  BG               : -0.4167
  DIV Value        : 4098.9434
  div_param        : 0.2000
====================================================================

============================== [LOG] ===============================
[ EPOCH 2999 ]
  Best Loss So Far : -1970637.0000
  Mean(Loss)       : -1918237.6250
  Mean(Penalty)    : 0.0000
  BG               : 0.0990
  DIV Value        : 4098.9434
  div_param        : 0.2000
====================================================================

============================== [FINAL] ==============================
FINAL BEST LOSS : -1970637.0000
RUNTIME         : 7.17 s
====================================================================
sol_size:100, lr:1.0, temp:0.001, min_bg:-3.0, max_bg:0.1, curve_rate:4.0, div_param:0.2
[DEBUG] x_batch shape: torch.Size([100, 8193]), dtype: torch.float32, device: cuda:0
[DEBUG] x_batch range: [0.0000, 1.0000]
[DEBUG] x_round range: [0.0000, 1.0000]
[DEBUG] Best solution index: 86
[DEBUG] Best loss (from rounded): -1970637.000000
[DEBUG] QQA reported best_obj: -1970637.000000
[DEBUG] spins_tensor range: [-1.0000, 1.0000]
[DEBUG] Unique spin values: [-1.0, 1.0]
[DEBUG] Final energy: -1970637.000000
QQA finished. Best energy: -1970637.000000
Best objective (QQA loss): -1970637.000000
Runtime reported by QQA: 7.1714s
Total wall-clock time: 7.1780s
Results saved to: results/barabasi_albert_10ins_m20/QQA/ba_8192_1_7.csv
Energy: -1970637.000000
Time: 7.1780s
----------------------------------------
Processing instance: ba_8192_1_8.txt
  Seed 1/1 (seed=42)
Initialized QQA solver (QQA). Results will be saved under 'QQA'.
Parameters:
  instance_name: ba_8192_1_8.txt
  dataset: barabasi_albert_10ins_m20
  random_seed: 42
  device: cuda
  sol_size: 100
  learning_rate: 1.0
  temp: 0.001
  min_bg: -3.0
  max_bg: 0.1
  curve_rate: 4.0
  div_param: 0.2
  num_epochs: 3000
  check_interval: 500
  plot_dynamics: False
  run_name: QQA
--------------------------------------------------
[DEBUG] Starting QQA with n=8193, sol_size=100, device=cuda

============================== [LOG] ===============================
[ EPOCH 0 ]
  Best Loss So Far : -239058.0000
  Mean(Loss)       : -428.2824
  Mean(Penalty)    : 6558.6069
  BG               : -3.0000
  DIV Value        : 2360.6655
  div_param        : 0.2000
====================================================================

============================== [LOG] ===============================
[ EPOCH 500 ]
  Best Loss So Far : -1960858.0000
  Mean(Loss)       : -1923870.5000
  Mean(Penalty)    : 2.6498
  BG               : -2.4833
  DIV Value        : 4096.1279
  div_param        : 0.2000
====================================================================

============================== [LOG] ===============================
[ EPOCH 1000 ]
  Best Loss So Far : -1960858.0000
  Mean(Loss)       : -1924240.1250
  Mean(Penalty)    : 0.3080
  BG               : -1.9667
  DIV Value        : 4096.5127
  div_param        : 0.2000
====================================================================

============================== [LOG] ===============================
[ EPOCH 1500 ]
  Best Loss So Far : -1960858.0000
  Mean(Loss)       : -1924240.0000
  Mean(Penalty)    : 0.0153
  BG               : -1.4500
  DIV Value        : 4096.5547
  div_param        : 0.2000
====================================================================

============================== [LOG] ===============================
[ EPOCH 2000 ]
  Best Loss So Far : -1960858.0000
  Mean(Loss)       : -1924240.0000
  Mean(Penalty)    : 0.0000
  BG               : -0.9333
  DIV Value        : 4096.5562
  div_param        : 0.2000
====================================================================

============================== [LOG] ===============================
[ EPOCH 2500 ]
  Best Loss So Far : -1960858.0000
  Mean(Loss)       : -1924240.0000
  Mean(Penalty)    : 0.0000
  BG               : -0.4167
  DIV Value        : 4096.5562
  div_param        : 0.2000
====================================================================

============================== [LOG] ===============================
[ EPOCH 2999 ]
  Best Loss So Far : -1960858.0000
  Mean(Loss)       : -1924240.0000
  Mean(Penalty)    : 0.0000
  BG               : 0.0990
  DIV Value        : 4096.5562
  div_param        : 0.2000
====================================================================

============================== [FINAL] ==============================
FINAL BEST LOSS : -1960858.0000
RUNTIME         : 7.16 s
====================================================================
sol_size:100, lr:1.0, temp:0.001, min_bg:-3.0, max_bg:0.1, curve_rate:4.0, div_param:0.2
[DEBUG] x_batch shape: torch.Size([100, 8193]), dtype: torch.float32, device: cuda:0
[DEBUG] x_batch range: [0.0000, 1.0000]
[DEBUG] x_round range: [0.0000, 1.0000]
[DEBUG] Best solution index: 73
[DEBUG] Best loss (from rounded): -1960858.000000
[DEBUG] QQA reported best_obj: -1960858.000000
[DEBUG] spins_tensor range: [-1.0000, 1.0000]
[DEBUG] Unique spin values: [-1.0, 1.0]
[DEBUG] Final energy: -1960858.000000
QQA finished. Best energy: -1960858.000000
Best objective (QQA loss): -1960858.000000
Runtime reported by QQA: 7.1630s
Total wall-clock time: 7.1699s
Results saved to: results/barabasi_albert_10ins_m20/QQA/ba_8192_1_8.csv
Energy: -1960858.000000
Time: 7.1699s
----------------------------------------
Processing instance: ba_8192_1_9.txt
  Seed 1/1 (seed=42)
Initialized QQA solver (QQA). Results will be saved under 'QQA'.
Parameters:
  instance_name: ba_8192_1_9.txt
  dataset: barabasi_albert_10ins_m20
  random_seed: 42
  device: cuda
  sol_size: 100
  learning_rate: 1.0
  temp: 0.001
  min_bg: -3.0
  max_bg: 0.1
  curve_rate: 4.0
  div_param: 0.2
  num_epochs: 3000
  check_interval: 500
  plot_dynamics: False
  run_name: QQA
--------------------------------------------------
[DEBUG] Starting QQA with n=8193, sol_size=100, device=cuda

============================== [LOG] ===============================
[ EPOCH 0 ]
  Best Loss So Far : -283590.0000
  Mean(Loss)       : 1290.7456
  Mean(Penalty)    : 6558.6069
  BG               : -3.0000
  DIV Value        : 2360.6655
  div_param        : 0.2000
====================================================================

============================== [LOG] ===============================
[ EPOCH 500 ]
  Best Loss So Far : -1961356.0000
  Mean(Loss)       : -1921313.8750
  Mean(Penalty)    : 2.6196
  BG               : -2.4833
  DIV Value        : 4097.2319
  div_param        : 0.2000
====================================================================

============================== [LOG] ===============================
[ EPOCH 1000 ]
  Best Loss So Far : -1961362.0000
  Mean(Loss)       : -1921607.8750
  Mean(Penalty)    : 0.2896
  BG               : -1.9667
  DIV Value        : 4097.5869
  div_param        : 0.2000
====================================================================

============================== [LOG] ===============================
[ EPOCH 1500 ]
  Best Loss So Far : -1961362.0000
  Mean(Loss)       : -1921634.8750
  Mean(Penalty)    : 0.0179
  BG               : -1.4500
  DIV Value        : 4097.6240
  div_param        : 0.2000
====================================================================

============================== [LOG] ===============================
[ EPOCH 2000 ]
  Best Loss So Far : -1961362.0000
  Mean(Loss)       : -1921634.8750
  Mean(Penalty)    : 0.0034
  BG               : -0.9333
  DIV Value        : 4097.6260
  div_param        : 0.2000
====================================================================

============================== [LOG] ===============================
[ EPOCH 2500 ]
  Best Loss So Far : -1961362.0000
  Mean(Loss)       : -1921634.8750
  Mean(Penalty)    : 0.0000
  BG               : -0.4167
  DIV Value        : 4097.6270
  div_param        : 0.2000
====================================================================

============================== [LOG] ===============================
[ EPOCH 2999 ]
  Best Loss So Far : -1961362.0000
  Mean(Loss)       : -1921634.8750
  Mean(Penalty)    : 0.0000
  BG               : 0.0990
  DIV Value        : 4097.6270
  div_param        : 0.2000
====================================================================

============================== [FINAL] ==============================
FINAL BEST LOSS : -1961362.0000
RUNTIME         : 7.17 s
====================================================================
sol_size:100, lr:1.0, temp:0.001, min_bg:-3.0, max_bg:0.1, curve_rate:4.0, div_param:0.2
[DEBUG] x_batch shape: torch.Size([100, 8193]), dtype: torch.float32, device: cuda:0
[DEBUG] x_batch range: [0.0000, 1.0000]
[DEBUG] x_round range: [0.0000, 1.0000]
[DEBUG] Best solution index: 58
[DEBUG] Best loss (from rounded): -1961362.000000
[DEBUG] QQA reported best_obj: -1961362.000000
[DEBUG] spins_tensor range: [-1.0000, 1.0000]
[DEBUG] Unique spin values: [-1.0, 1.0]
[DEBUG] Final energy: -1961362.000000
QQA finished. Best energy: -1961362.000000
Best objective (QQA loss): -1961362.000000
Runtime reported by QQA: 7.1667s
Total wall-clock time: 7.1734s
Results saved to: results/barabasi_albert_10ins_m20/QQA/ba_8192_1_9.csv
Energy: -1961362.000000
Time: 7.1734s
----------------------------------------
==================================================
Execution Finished.
✓ QQA on barabasi_albert_10ins_m20 SUCCESS
Completed 1 experiments in 27190 seconds
