Running solver: SpecAdj
Dataset: Gset
[GENERAL] Dataset: Gset, -----------------------------------------------------------
Running: SpecAdj
Solver: spec_adj
Dataset: Gset
==================================================
Processing instance: G1.txt
  Seed 1/10 (seed=42)
Initialized SpecAdj solver (GPU sparse). Results will be saved under 'SpecAdj'.
Parameters:
  instance_name: G1.txt
  dataset: Gset
  random_seed: 42
  mode: 0
  beta: None
  alpha: 0
  use_local_search: True
  max_local_iterations: 1000
  eigsh_tol: 1e-06
  eigsh_maxiter: 1000
  run_name: SpecAdj
--------------------------------------------------
Using local search with 1000 iterations
Local search did not improve energy to -3354.0000000000005
Results saved to: results/Gset/SpecAdj/G1.csv
  Seed 2/10 (seed=43)
Initialized SpecAdj solver (GPU sparse). Results will be saved under 'SpecAdj'.
Parameters:
  instance_name: G1.txt
  dataset: Gset
  random_seed: 43
  mode: 0
  beta: None
  alpha: 0
  use_local_search: True
  max_local_iterations: 1000
  eigsh_tol: 1e-06
  eigsh_maxiter: 1000
  run_name: SpecAdj
--------------------------------------------------
Using local search with 1000 iterations
Local search did not improve energy to -3354.0000000000005
Results saved to: results/Gset/SpecAdj/G1.csv
  Seed 3/10 (seed=44)
Initialized SpecAdj solver (GPU sparse). Results will be saved under 'SpecAdj'.
Parameters:
  instance_name: G1.txt
  dataset: Gset
  random_seed: 44
  mode: 0
  beta: None
  alpha: 0
  use_local_search: True
  max_local_iterations: 1000
  eigsh_tol: 1e-06
  eigsh_maxiter: 1000
  run_name: SpecAdj
--------------------------------------------------
Using local search with 1000 iterations
Local search did not improve energy to -3354.0000000000005
Results saved to: results/Gset/SpecAdj/G1.csv
  Seed 4/10 (seed=45)
Initialized SpecAdj solver (GPU sparse). Results will be saved under 'SpecAdj'.
Parameters:
  instance_name: G1.txt
  dataset: Gset
  random_seed: 45
  mode: 0
  beta: None
  alpha: 0
  use_local_search: True
  max_local_iterations: 1000
  eigsh_tol: 1e-06
  eigsh_maxiter: 1000
  run_name: SpecAdj
--------------------------------------------------
Using local search with 1000 iterations
Local search did not improve energy to -3354.0000000000005
Results saved to: results/Gset/SpecAdj/G1.csv
  Seed 5/10 (seed=46)
Initialized SpecAdj solver (GPU sparse). Results will be saved under 'SpecAdj'.
Parameters:
  instance_name: G1.txt
  dataset: Gset
  random_seed: 46
  mode: 0
  beta: None
  alpha: 0
  use_local_search: True
  max_local_iterations: 1000
  eigsh_tol: 1e-06
  eigsh_maxiter: 1000
  run_name: SpecAdj
--------------------------------------------------
Using local search with 1000 iterations
Local search did not improve energy to -3354.0000000000005
Results saved to: results/Gset/SpecAdj/G1.csv
  Seed 6/10 (seed=47)
Initialized SpecAdj solver (GPU sparse). Results will be saved under 'SpecAdj'.
Parameters:
  instance_name: G1.txt
  dataset: Gset
  random_seed: 47
  mode: 0
  beta: None
  alpha: 0
  use_local_search: True
  max_local_iterations: 1000
  eigsh_tol: 1e-06
  eigsh_maxiter: 1000
  run_name: SpecAdj
--------------------------------------------------
Using local search with 1000 iterations
Local search did not improve energy to -3354.0000000000005
Results saved to: results/Gset/SpecAdj/G1.csv
  Seed 7/10 (seed=48)
Initialized SpecAdj solver (GPU sparse). Results will be saved under 'SpecAdj'.
Parameters:
  instance_name: G1.txt
  dataset: Gset
  random_seed: 48
  mode: 0
  beta: None
  alpha: 0
  use_local_search: True
  max_local_iterations: 1000
  eigsh_tol: 1e-06
  eigsh_maxiter: 1000
  run_name: SpecAdj
--------------------------------------------------
Using local search with 1000 iterations
Local search did not improve energy to -3354.0000000000005
Results saved to: results/Gset/SpecAdj/G1.csv
  Seed 8/10 (seed=49)
Initialized SpecAdj solver (GPU sparse). Results will be saved under 'SpecAdj'.
Parameters:
  instance_name: G1.txt
  dataset: Gset
  random_seed: 49
  mode: 0
  beta: None
  alpha: 0
  use_local_search: True
  max_local_iterations: 1000
  eigsh_tol: 1e-06
  eigsh_maxiter: 1000
  run_name: SpecAdj
--------------------------------------------------
Using local search with 1000 iterations
Local search did not improve energy to -3354.0000000000005
Results saved to: results/Gset/SpecAdj/G1.csv
  Seed 9/10 (seed=50)
Initialized SpecAdj solver (GPU sparse). Results will be saved under 'SpecAdj'.
Parameters:
  instance_name: G1.txt
  dataset: Gset
  random_seed: 50
  mode: 0
  beta: None
  alpha: 0
  use_local_search: True
  max_local_iterations: 1000
  eigsh_tol: 1e-06
  eigsh_maxiter: 1000
  run_name: SpecAdj
--------------------------------------------------
Using local search with 1000 iterations
Local search did not improve energy to -3354.0000000000005
Results saved to: results/Gset/SpecAdj/G1.csv
  Seed 10/10 (seed=51)
Initialized SpecAdj solver (GPU sparse). Results will be saved under 'SpecAdj'.
Parameters:
  instance_name: G1.txt
  dataset: Gset
  random_seed: 51
  mode: 0
  beta: None
  alpha: 0
  use_local_search: True
  max_local_iterations: 1000
  eigsh_tol: 1e-06
  eigsh_maxiter: 1000
  run_name: SpecAdj
--------------------------------------------------
Using local search with 1000 iterations
Local search did not improve energy to -3354.0000000000005
Results saved to: results/Gset/SpecAdj/G1.csv
Processing instance: G10.txt
  Seed 1/10 (seed=42)
Initialized SpecAdj solver (GPU sparse). Results will be saved under 'SpecAdj'.
Parameters:
  instance_name: G10.txt
  dataset: Gset
  random_seed: 42
  mode: 0
  beta: None
  alpha: 0
  use_local_search: True
  max_local_iterations: 1000
  eigsh_tol: 1e-06
  eigsh_maxiter: 1000
  run_name: SpecAdj
--------------------------------------------------
Using local search with 1000 iterations
Local search improved energy to -3921.9999999999995
Results saved to: results/Gset/SpecAdj/G10.csv
  Seed 2/10 (seed=43)
Initialized SpecAdj solver (GPU sparse). Results will be saved under 'SpecAdj'.
Parameters:
  instance_name: G10.txt
  dataset: Gset
  random_seed: 43
  mode: 0
  beta: None
  alpha: 0
  use_local_search: True
  max_local_iterations: 1000
  eigsh_tol: 1e-06
  eigsh_maxiter: 1000
  run_name: SpecAdj
--------------------------------------------------
Using local search with 1000 iterations
Local search improved energy to -3937.9999999999995
Results saved to: results/Gset/SpecAdj/G10.csv
  Seed 3/10 (seed=44)
Initialized SpecAdj solver (GPU sparse). Results will be saved under 'SpecAdj'.
Parameters:
  instance_name: G10.txt
  dataset: Gset
  random_seed: 44
  mode: 0
  beta: None
  alpha: 0
  use_local_search: True
  max_local_iterations: 1000
  eigsh_tol: 1e-06
  eigsh_maxiter: 1000
  run_name: SpecAdj
--------------------------------------------------
Using local search with 1000 iterations
Local search improved energy to -3954.0
Results saved to: results/Gset/SpecAdj/G10.csv
  Seed 4/10 (seed=45)
Initialized SpecAdj solver (GPU sparse). Results will be saved under 'SpecAdj'.
Parameters:
  instance_name: G10.txt
  dataset: Gset
  random_seed: 45
  mode: 0
  beta: None
  alpha: 0
  use_local_search: True
  max_local_iterations: 1000
  eigsh_tol: 1e-06
  eigsh_maxiter: 1000
  run_name: SpecAdj
--------------------------------------------------
Using local search with 1000 iterations
Local search improved energy to -3976.0
Results saved to: results/Gset/SpecAdj/G10.csv
  Seed 5/10 (seed=46)
Initialized SpecAdj solver (GPU sparse). Results will be saved under 'SpecAdj'.
Parameters:
  instance_name: G10.txt
  dataset: Gset
  random_seed: 46
  mode: 0
  beta: None
  alpha: 0
  use_local_search: True
  max_local_iterations: 1000
  eigsh_tol: 1e-06
  eigsh_maxiter: 1000
  run_name: SpecAdj
--------------------------------------------------
Using local search with 1000 iterations
Local search improved energy to -3968.0000000000005
Results saved to: results/Gset/SpecAdj/G10.csv
  Seed 6/10 (seed=47)
Initialized SpecAdj solver (GPU sparse). Results will be saved under 'SpecAdj'.
Parameters:
  instance_name: G10.txt
  dataset: Gset
  random_seed: 47
  mode: 0
  beta: None
  alpha: 0
  use_local_search: True
  max_local_iterations: 1000
  eigsh_tol: 1e-06
  eigsh_maxiter: 1000
  run_name: SpecAdj
--------------------------------------------------
Using local search with 1000 iterations
Local search improved energy to -3939.9999999999995
Results saved to: results/Gset/SpecAdj/G10.csv
  Seed 7/10 (seed=48)
Initialized SpecAdj solver (GPU sparse). Results will be saved under 'SpecAdj'.
Parameters:
  instance_name: G10.txt
  dataset: Gset
  random_seed: 48
  mode: 0
  beta: None
  alpha: 0
  use_local_search: True
  max_local_iterations: 1000
  eigsh_tol: 1e-06
  eigsh_maxiter: 1000
  run_name: SpecAdj
--------------------------------------------------
Using local search with 1000 iterations
Local search improved energy to -3912.0
Results saved to: results/Gset/SpecAdj/G10.csv
  Seed 8/10 (seed=49)
Initialized SpecAdj solver (GPU sparse). Results will be saved under 'SpecAdj'.
Parameters:
  instance_name: G10.txt
  dataset: Gset
  random_seed: 49
  mode: 0
  beta: None
  alpha: 0
  use_local_search: True
  max_local_iterations: 1000
  eigsh_tol: 1e-06
  eigsh_maxiter: 1000
  run_name: SpecAdj
--------------------------------------------------
Using local search with 1000 iterations
Local search improved energy to -3936.0000000000005
Results saved to: results/Gset/SpecAdj/G10.csv
  Seed 9/10 (seed=50)
Initialized SpecAdj solver (GPU sparse). Results will be saved under 'SpecAdj'.
Parameters:
  instance_name: G10.txt
  dataset: Gset
  random_seed: 50
  mode: 0
  beta: None
  alpha: 0
  use_local_search: True
  max_local_iterations: 1000
  eigsh_tol: 1e-06
  eigsh_maxiter: 1000
  run_name: SpecAdj
--------------------------------------------------
Using local search with 1000 iterations
Local search improved energy to -3976.0
Results saved to: results/Gset/SpecAdj/G10.csv
  Seed 10/10 (seed=51)
Initialized SpecAdj solver (GPU sparse). Results will be saved under 'SpecAdj'.
Parameters:
  instance_name: G10.txt
  dataset: Gset
  random_seed: 51
  mode: 0
  beta: None
  alpha: 0
  use_local_search: True
  max_local_iterations: 1000
  eigsh_tol: 1e-06
  eigsh_maxiter: 1000
  run_name: SpecAdj
--------------------------------------------------
Using local search with 1000 iterations
Local search improved energy to -3944.0
Results saved to: results/Gset/SpecAdj/G10.csv
Processing instance: G11.txt
  Seed 1/10 (seed=42)
Initialized SpecAdj solver (GPU sparse). Results will be saved under 'SpecAdj'.
Parameters:
  instance_name: G11.txt
  dataset: Gset
  random_seed: 42
  mode: 0
  beta: None
  alpha: 0
  use_local_search: True
  max_local_iterations: 1000
  eigsh_tol: 1e-06
  eigsh_maxiter: 1000
  run_name: SpecAdj
--------------------------------------------------
Using local search with 1000 iterations
Local search improved energy to -1002.0
Results saved to: results/Gset/SpecAdj/G11.csv
  Seed 2/10 (seed=43)
Initialized SpecAdj solver (GPU sparse). Results will be saved under 'SpecAdj'.
Parameters:
  instance_name: G11.txt
  dataset: Gset
  random_seed: 43
  mode: 0
  beta: None
  alpha: 0
  use_local_search: True
  max_local_iterations: 1000
  eigsh_tol: 1e-06
  eigsh_maxiter: 1000
  run_name: SpecAdj
--------------------------------------------------
Using local search with 1000 iterations
Local search improved energy to -990.0
Results saved to: results/Gset/SpecAdj/G11.csv
  Seed 3/10 (seed=44)
Initialized SpecAdj solver (GPU sparse). Results will be saved under 'SpecAdj'.
Parameters:
  instance_name: G11.txt
  dataset: Gset
  random_seed: 44
  mode: 0
  beta: None
  alpha: 0
  use_local_search: True
  max_local_iterations: 1000
  eigsh_tol: 1e-06
  eigsh_maxiter: 1000
  run_name: SpecAdj
--------------------------------------------------
Using local search with 1000 iterations
Local search improved energy to -1002.0
Results saved to: results/Gset/SpecAdj/G11.csv
  Seed 4/10 (seed=45)
Initialized SpecAdj solver (GPU sparse). Results will be saved under 'SpecAdj'.
Parameters:
  instance_name: G11.txt
  dataset: Gset
  random_seed: 45
  mode: 0
  beta: None
  alpha: 0
  use_local_search: True
  max_local_iterations: 1000
  eigsh_tol: 1e-06
  eigsh_maxiter: 1000
  run_name: SpecAdj
--------------------------------------------------
Using local search with 1000 iterations
Local search improved energy to -1006.0
Results saved to: results/Gset/SpecAdj/G11.csv
  Seed 5/10 (seed=46)
Initialized SpecAdj solver (GPU sparse). Results will be saved under 'SpecAdj'.
Parameters:
  instance_name: G11.txt
  dataset: Gset
  random_seed: 46
  mode: 0
  beta: None
  alpha: 0
  use_local_search: True
  max_local_iterations: 1000
  eigsh_tol: 1e-06
  eigsh_maxiter: 1000
  run_name: SpecAdj
--------------------------------------------------
Using local search with 1000 iterations
Local search improved energy to -994.0
Results saved to: results/Gset/SpecAdj/G11.csv
  Seed 6/10 (seed=47)
Initialized SpecAdj solver (GPU sparse). Results will be saved under 'SpecAdj'.
Parameters:
  instance_name: G11.txt
  dataset: Gset
  random_seed: 47
  mode: 0
  beta: None
  alpha: 0
  use_local_search: True
  max_local_iterations: 1000
  eigsh_tol: 1e-06
  eigsh_maxiter: 1000
  run_name: SpecAdj
--------------------------------------------------
Using local search with 1000 iterations
Local search improved energy to -1006.0
Results saved to: results/Gset/SpecAdj/G11.csv
  Seed 7/10 (seed=48)
Initialized SpecAdj solver (GPU sparse). Results will be saved under 'SpecAdj'.
Parameters:
  instance_name: G11.txt
  dataset: Gset
  random_seed: 48
  mode: 0
  beta: None
  alpha: 0
  use_local_search: True
  max_local_iterations: 1000
  eigsh_tol: 1e-06
  eigsh_maxiter: 1000
  run_name: SpecAdj
--------------------------------------------------
Using local search with 1000 iterations
Local search improved energy to -1006.0
Results saved to: results/Gset/SpecAdj/G11.csv
  Seed 8/10 (seed=49)
Initialized SpecAdj solver (GPU sparse). Results will be saved under 'SpecAdj'.
Parameters:
  instance_name: G11.txt
  dataset: Gset
  random_seed: 49
  mode: 0
  beta: None
  alpha: 0
  use_local_search: True
  max_local_iterations: 1000
  eigsh_tol: 1e-06
  eigsh_maxiter: 1000
  run_name: SpecAdj
--------------------------------------------------
Using local search with 1000 iterations
Local search improved energy to -1014.0
Results saved to: results/Gset/SpecAdj/G11.csv
  Seed 9/10 (seed=50)
Initialized SpecAdj solver (GPU sparse). Results will be saved under 'SpecAdj'.
Parameters:
  instance_name: G11.txt
  dataset: Gset
  random_seed: 50
  mode: 0
  beta: None
  alpha: 0
  use_local_search: True
  max_local_iterations: 1000
  eigsh_tol: 1e-06
  eigsh_maxiter: 1000
  run_name: SpecAdj
--------------------------------------------------
Using local search with 1000 iterations
Local search improved energy to -962.0
Results saved to: results/Gset/SpecAdj/G11.csv
  Seed 10/10 (seed=51)
Initialized SpecAdj solver (GPU sparse). Results will be saved under 'SpecAdj'.
Parameters:
  instance_name: G11.txt
  dataset: Gset
  random_seed: 51
  mode: 0
  beta: None
  alpha: 0
  use_local_search: True
  max_local_iterations: 1000
  eigsh_tol: 1e-06
  eigsh_maxiter: 1000
  run_name: SpecAdj
--------------------------------------------------
Using local search with 1000 iterations
Local search improved energy to -994.0
Results saved to: results/Gset/SpecAdj/G11.csv
Processing instance: G12.txt
  Seed 1/10 (seed=42)
Initialized SpecAdj solver (GPU sparse). Results will be saved under 'SpecAdj'.
Parameters:
  instance_name: G12.txt
  dataset: Gset
  random_seed: 42
  mode: 0
  beta: None
  alpha: 0
  use_local_search: True
  max_local_iterations: 1000
  eigsh_tol: 1e-06
  eigsh_maxiter: 1000
  run_name: SpecAdj
--------------------------------------------------
Using local search with 1000 iterations
Local search improved energy to -1040.0
Results saved to: results/Gset/SpecAdj/G12.csv
  Seed 2/10 (seed=43)
Initialized SpecAdj solver (GPU sparse). Results will be saved under 'SpecAdj'.
Parameters:
  instance_name: G12.txt
  dataset: Gset
  random_seed: 43
  mode: 0
  beta: None
  alpha: 0
  use_local_search: True
  max_local_iterations: 1000
  eigsh_tol: 1e-06
  eigsh_maxiter: 1000
  run_name: SpecAdj
--------------------------------------------------
Using local search with 1000 iterations
Local search improved energy to -1032.0
Results saved to: results/Gset/SpecAdj/G12.csv
  Seed 3/10 (seed=44)
Initialized SpecAdj solver (GPU sparse). Results will be saved under 'SpecAdj'.
Parameters:
  instance_name: G12.txt
  dataset: Gset
  random_seed: 44
  mode: 0
  beta: None
  alpha: 0
  use_local_search: True
  max_local_iterations: 1000
  eigsh_tol: 1e-06
  eigsh_maxiter: 1000
  run_name: SpecAdj
--------------------------------------------------
Using local search with 1000 iterations
Local search improved energy to -1044.0
Results saved to: results/Gset/SpecAdj/G12.csv
  Seed 4/10 (seed=45)
Initialized SpecAdj solver (GPU sparse). Results will be saved under 'SpecAdj'.
Parameters:
  instance_name: G12.txt
  dataset: Gset
  random_seed: 45
  mode: 0
  beta: None
  alpha: 0
  use_local_search: True
  max_local_iterations: 1000
  eigsh_tol: 1e-06
  eigsh_maxiter: 1000
  run_name: SpecAdj
--------------------------------------------------
Using local search with 1000 iterations
Local search improved energy to -1040.0
Results saved to: results/Gset/SpecAdj/G12.csv
  Seed 5/10 (seed=46)
Initialized SpecAdj solver (GPU sparse). Results will be saved under 'SpecAdj'.
Parameters:
  instance_name: G12.txt
  dataset: Gset
  random_seed: 46
  mode: 0
  beta: None
  alpha: 0
  use_local_search: True
  max_local_iterations: 1000
  eigsh_tol: 1e-06
  eigsh_maxiter: 1000
  run_name: SpecAdj
--------------------------------------------------
Using local search with 1000 iterations
Local search improved energy to -1040.0
Results saved to: results/Gset/SpecAdj/G12.csv
  Seed 6/10 (seed=47)
Initialized SpecAdj solver (GPU sparse). Results will be saved under 'SpecAdj'.
Parameters:
  instance_name: G12.txt
  dataset: Gset
  random_seed: 47
  mode: 0
  beta: None
  alpha: 0
  use_local_search: True
  max_local_iterations: 1000
  eigsh_tol: 1e-06
  eigsh_maxiter: 1000
  run_name: SpecAdj
--------------------------------------------------
Using local search with 1000 iterations
Local search improved energy to -1036.0
Results saved to: results/Gset/SpecAdj/G12.csv
  Seed 7/10 (seed=48)
Initialized SpecAdj solver (GPU sparse). Results will be saved under 'SpecAdj'.
Parameters:
  instance_name: G12.txt
  dataset: Gset
  random_seed: 48
  mode: 0
  beta: None
  alpha: 0
  use_local_search: True
  max_local_iterations: 1000
  eigsh_tol: 1e-06
  eigsh_maxiter: 1000
  run_name: SpecAdj
--------------------------------------------------
Using local search with 1000 iterations
Local search improved energy to -1040.0
Results saved to: results/Gset/SpecAdj/G12.csv
  Seed 8/10 (seed=49)
Initialized SpecAdj solver (GPU sparse). Results will be saved under 'SpecAdj'.
Parameters:
  instance_name: G12.txt
  dataset: Gset
  random_seed: 49
  mode: 0
  beta: None
  alpha: 0
  use_local_search: True
  max_local_iterations: 1000
  eigsh_tol: 1e-06
  eigsh_maxiter: 1000
  run_name: SpecAdj
--------------------------------------------------
Using local search with 1000 iterations
Local search improved energy to -1016.0
Results saved to: results/Gset/SpecAdj/G12.csv
  Seed 9/10 (seed=50)
Initialized SpecAdj solver (GPU sparse). Results will be saved under 'SpecAdj'.
Parameters:
  instance_name: G12.txt
  dataset: Gset
  random_seed: 50
  mode: 0
  beta: None
  alpha: 0
  use_local_search: True
  max_local_iterations: 1000
  eigsh_tol: 1e-06
  eigsh_maxiter: 1000
  run_name: SpecAdj
--------------------------------------------------
Using local search with 1000 iterations
Local search improved energy to -1040.0
Results saved to: results/Gset/SpecAdj/G12.csv
  Seed 10/10 (seed=51)
Initialized SpecAdj solver (GPU sparse). Results will be saved under 'SpecAdj'.
Parameters:
  instance_name: G12.txt
  dataset: Gset
  random_seed: 51
  mode: 0
  beta: None
  alpha: 0
  use_local_search: True
  max_local_iterations: 1000
  eigsh_tol: 1e-06
  eigsh_maxiter: 1000
  run_name: SpecAdj
--------------------------------------------------
Using local search with 1000 iterations
Local search improved energy to -1044.0
Results saved to: results/Gset/SpecAdj/G12.csv
Processing instance: G13.txt
  Seed 1/10 (seed=42)
Initialized SpecAdj solver (GPU sparse). Results will be saved under 'SpecAdj'.
Parameters:
  instance_name: G13.txt
  dataset: Gset
  random_seed: 42
  mode: 0
  beta: None
  alpha: 0
  use_local_search: True
  max_local_iterations: 1000
  eigsh_tol: 1e-06
  eigsh_maxiter: 1000
  run_name: SpecAdj
--------------------------------------------------
Using local search with 1000 iterations
Local search improved energy to -1046.0
Results saved to: results/Gset/SpecAdj/G13.csv
  Seed 2/10 (seed=43)
Initialized SpecAdj solver (GPU sparse). Results will be saved under 'SpecAdj'.
Parameters:
  instance_name: G13.txt
  dataset: Gset
  random_seed: 43
  mode: 0
  beta: None
  alpha: 0
  use_local_search: True
  max_local_iterations: 1000
  eigsh_tol: 1e-06
  eigsh_maxiter: 1000
  run_name: SpecAdj
--------------------------------------------------
Using local search with 1000 iterations
Local search improved energy to -1046.0
Results saved to: results/Gset/SpecAdj/G13.csv
  Seed 3/10 (seed=44)
Initialized SpecAdj solver (GPU sparse). Results will be saved under 'SpecAdj'.
Parameters:
  instance_name: G13.txt
  dataset: Gset
  random_seed: 44
  mode: 0
  beta: None
  alpha: 0
  use_local_search: True
  max_local_iterations: 1000
  eigsh_tol: 1e-06
  eigsh_maxiter: 1000
  run_name: SpecAdj
--------------------------------------------------
Using local search with 1000 iterations
Local search improved energy to -1046.0
Results saved to: results/Gset/SpecAdj/G13.csv
  Seed 4/10 (seed=45)
Initialized SpecAdj solver (GPU sparse). Results will be saved under 'SpecAdj'.
Parameters:
  instance_name: G13.txt
  dataset: Gset
  random_seed: 45
  mode: 0
  beta: None
  alpha: 0
  use_local_search: True
  max_local_iterations: 1000
  eigsh_tol: 1e-06
  eigsh_maxiter: 1000
  run_name: SpecAdj
--------------------------------------------------
Using local search with 1000 iterations
Local search improved energy to -1046.0
Results saved to: results/Gset/SpecAdj/G13.csv
  Seed 5/10 (seed=46)
Initialized SpecAdj solver (GPU sparse). Results will be saved under 'SpecAdj'.
Parameters:
  instance_name: G13.txt
  dataset: Gset
  random_seed: 46
  mode: 0
  beta: None
  alpha: 0
  use_local_search: True
  max_local_iterations: 1000
  eigsh_tol: 1e-06
  eigsh_maxiter: 1000
  run_name: SpecAdj
--------------------------------------------------
Using local search with 1000 iterations
Local search improved energy to -1046.0
Results saved to: results/Gset/SpecAdj/G13.csv
  Seed 6/10 (seed=47)
Initialized SpecAdj solver (GPU sparse). Results will be saved under 'SpecAdj'.
Parameters:
  instance_name: G13.txt
  dataset: Gset
  random_seed: 47
  mode: 0
  beta: None
  alpha: 0
  use_local_search: True
  max_local_iterations: 1000
  eigsh_tol: 1e-06
  eigsh_maxiter: 1000
  run_name: SpecAdj
--------------------------------------------------
Using local search with 1000 iterations
Local search improved energy to -1046.0
Results saved to: results/Gset/SpecAdj/G13.csv
  Seed 7/10 (seed=48)
Initialized SpecAdj solver (GPU sparse). Results will be saved under 'SpecAdj'.
Parameters:
  instance_name: G13.txt
  dataset: Gset
  random_seed: 48
  mode: 0
  beta: None
  alpha: 0
  use_local_search: True
  max_local_iterations: 1000
  eigsh_tol: 1e-06
  eigsh_maxiter: 1000
  run_name: SpecAdj
--------------------------------------------------
Using local search with 1000 iterations
Local search improved energy to -1046.0
Results saved to: results/Gset/SpecAdj/G13.csv
  Seed 8/10 (seed=49)
Initialized SpecAdj solver (GPU sparse). Results will be saved under 'SpecAdj'.
Parameters:
  instance_name: G13.txt
  dataset: Gset
  random_seed: 49
  mode: 0
  beta: None
  alpha: 0
  use_local_search: True
  max_local_iterations: 1000
  eigsh_tol: 1e-06
  eigsh_maxiter: 1000
  run_name: SpecAdj
--------------------------------------------------
Using local search with 1000 iterations
Local search improved energy to -1046.0
Results saved to: results/Gset/SpecAdj/G13.csv
  Seed 9/10 (seed=50)
Initialized SpecAdj solver (GPU sparse). Results will be saved under 'SpecAdj'.
Parameters:
  instance_name: G13.txt
  dataset: Gset
  random_seed: 50
  mode: 0
  beta: None
  alpha: 0
  use_local_search: True
  max_local_iterations: 1000
  eigsh_tol: 1e-06
  eigsh_maxiter: 1000
  run_name: SpecAdj
--------------------------------------------------
Using local search with 1000 iterations
Local search improved energy to -1046.0
Results saved to: results/Gset/SpecAdj/G13.csv
  Seed 10/10 (seed=51)
Initialized SpecAdj solver (GPU sparse). Results will be saved under 'SpecAdj'.
Parameters:
  instance_name: G13.txt
  dataset: Gset
  random_seed: 51
  mode: 0
  beta: None
  alpha: 0
  use_local_search: True
  max_local_iterations: 1000
  eigsh_tol: 1e-06
  eigsh_maxiter: 1000
  run_name: SpecAdj
--------------------------------------------------
Using local search with 1000 iterations
Local search improved energy to -1046.0
Results saved to: results/Gset/SpecAdj/G13.csv
Processing instance: G14.txt
  Seed 1/10 (seed=42)
Initialized SpecAdj solver (GPU sparse). Results will be saved under 'SpecAdj'.
Parameters:
  instance_name: G14.txt
  dataset: Gset
  random_seed: 42
  mode: 0
  beta: None
  alpha: 0
  use_local_search: True
  max_local_iterations: 1000
  eigsh_tol: 1e-06
  eigsh_maxiter: 1000
  run_name: SpecAdj
--------------------------------------------------
Using local search with 1000 iterations
Local search did not improve energy to -576.0000000000001
Results saved to: results/Gset/SpecAdj/G14.csv
  Seed 2/10 (seed=43)
Initialized SpecAdj solver (GPU sparse). Results will be saved under 'SpecAdj'.
Parameters:
  instance_name: G14.txt
  dataset: Gset
  random_seed: 43
  mode: 0
  beta: None
  alpha: 0
  use_local_search: True
  max_local_iterations: 1000
  eigsh_tol: 1e-06
  eigsh_maxiter: 1000
  run_name: SpecAdj
--------------------------------------------------
Using local search with 1000 iterations
Local search did not improve energy to -576.0000000000001
Results saved to: results/Gset/SpecAdj/G14.csv
  Seed 3/10 (seed=44)
Initialized SpecAdj solver (GPU sparse). Results will be saved under 'SpecAdj'.
Parameters:
  instance_name: G14.txt
  dataset: Gset
  random_seed: 44
  mode: 0
  beta: None
  alpha: 0
  use_local_search: True
  max_local_iterations: 1000
  eigsh_tol: 1e-06
  eigsh_maxiter: 1000
  run_name: SpecAdj
--------------------------------------------------
Using local search with 1000 iterations
Local search did not improve energy to -576.0000000000001
Results saved to: results/Gset/SpecAdj/G14.csv
  Seed 4/10 (seed=45)
Initialized SpecAdj solver (GPU sparse). Results will be saved under 'SpecAdj'.
Parameters:
  instance_name: G14.txt
  dataset: Gset
  random_seed: 45
  mode: 0
  beta: None
  alpha: 0
  use_local_search: True
  max_local_iterations: 1000
  eigsh_tol: 1e-06
  eigsh_maxiter: 1000
  run_name: SpecAdj
--------------------------------------------------
Using local search with 1000 iterations
Local search did not improve energy to -576.0000000000001
Results saved to: results/Gset/SpecAdj/G14.csv
  Seed 5/10 (seed=46)
Initialized SpecAdj solver (GPU sparse). Results will be saved under 'SpecAdj'.
Parameters:
  instance_name: G14.txt
  dataset: Gset
  random_seed: 46
  mode: 0
  beta: None
  alpha: 0
  use_local_search: True
  max_local_iterations: 1000
  eigsh_tol: 1e-06
  eigsh_maxiter: 1000
  run_name: SpecAdj
--------------------------------------------------
Using local search with 1000 iterations
Local search did not improve energy to -576.0000000000001
Results saved to: results/Gset/SpecAdj/G14.csv
  Seed 6/10 (seed=47)
Initialized SpecAdj solver (GPU sparse). Results will be saved under 'SpecAdj'.
Parameters:
  instance_name: G14.txt
  dataset: Gset
  random_seed: 47
  mode: 0
  beta: None
  alpha: 0
  use_local_search: True
  max_local_iterations: 1000
  eigsh_tol: 1e-06
  eigsh_maxiter: 1000
  run_name: SpecAdj
--------------------------------------------------
Using local search with 1000 iterations
Local search did not improve energy to -576.0000000000001
Results saved to: results/Gset/SpecAdj/G14.csv
  Seed 7/10 (seed=48)
Initialized SpecAdj solver (GPU sparse). Results will be saved under 'SpecAdj'.
Parameters:
  instance_name: G14.txt
  dataset: Gset
  random_seed: 48
  mode: 0
  beta: None
  alpha: 0
  use_local_search: True
  max_local_iterations: 1000
  eigsh_tol: 1e-06
  eigsh_maxiter: 1000
  run_name: SpecAdj
--------------------------------------------------
Using local search with 1000 iterations
Local search did not improve energy to -576.0000000000001
Results saved to: results/Gset/SpecAdj/G14.csv
  Seed 8/10 (seed=49)
Initialized SpecAdj solver (GPU sparse). Results will be saved under 'SpecAdj'.
Parameters:
  instance_name: G14.txt
  dataset: Gset
  random_seed: 49
  mode: 0
  beta: None
  alpha: 0
  use_local_search: True
  max_local_iterations: 1000
  eigsh_tol: 1e-06
  eigsh_maxiter: 1000
  run_name: SpecAdj
--------------------------------------------------
Using local search with 1000 iterations
Local search did not improve energy to -576.0000000000001
Results saved to: results/Gset/SpecAdj/G14.csv
  Seed 9/10 (seed=50)
Initialized SpecAdj solver (GPU sparse). Results will be saved under 'SpecAdj'.
Parameters:
  instance_name: G14.txt
  dataset: Gset
  random_seed: 50
  mode: 0
  beta: None
  alpha: 0
  use_local_search: True
  max_local_iterations: 1000
  eigsh_tol: 1e-06
  eigsh_maxiter: 1000
  run_name: SpecAdj
--------------------------------------------------
Using local search with 1000 iterations
Local search did not improve energy to -576.0000000000001
Results saved to: results/Gset/SpecAdj/G14.csv
  Seed 10/10 (seed=51)
Initialized SpecAdj solver (GPU sparse). Results will be saved under 'SpecAdj'.
Parameters:
  instance_name: G14.txt
  dataset: Gset
  random_seed: 51
  mode: 0
  beta: None
  alpha: 0
  use_local_search: True
  max_local_iterations: 1000
  eigsh_tol: 1e-06
  eigsh_maxiter: 1000
  run_name: SpecAdj
--------------------------------------------------
Using local search with 1000 iterations
Local search did not improve energy to -576.0000000000001
Results saved to: results/Gset/SpecAdj/G14.csv
Processing instance: G15.txt
  Seed 1/10 (seed=42)
Initialized SpecAdj solver (GPU sparse). Results will be saved under 'SpecAdj'.
Parameters:
  instance_name: G15.txt
  dataset: Gset
  random_seed: 42
  mode: 0
  beta: None
  alpha: 0
  use_local_search: True
  max_local_iterations: 1000
  eigsh_tol: 1e-06
  eigsh_maxiter: 1000
  run_name: SpecAdj
--------------------------------------------------
Using local search with 1000 iterations
Local search did not improve energy to -438.99999999999994
Results saved to: results/Gset/SpecAdj/G15.csv
  Seed 2/10 (seed=43)
Initialized SpecAdj solver (GPU sparse). Results will be saved under 'SpecAdj'.
Parameters:
  instance_name: G15.txt
  dataset: Gset
  random_seed: 43
  mode: 0
  beta: None
  alpha: 0
  use_local_search: True
  max_local_iterations: 1000
  eigsh_tol: 1e-06
  eigsh_maxiter: 1000
  run_name: SpecAdj
--------------------------------------------------
Using local search with 1000 iterations
Local search did not improve energy to -438.99999999999994
Results saved to: results/Gset/SpecAdj/G15.csv
  Seed 3/10 (seed=44)
Initialized SpecAdj solver (GPU sparse). Results will be saved under 'SpecAdj'.
Parameters:
  instance_name: G15.txt
  dataset: Gset
  random_seed: 44
  mode: 0
  beta: None
  alpha: 0
  use_local_search: True
  max_local_iterations: 1000
  eigsh_tol: 1e-06
  eigsh_maxiter: 1000
  run_name: SpecAdj
--------------------------------------------------
Using local search with 1000 iterations
Local search did not improve energy to -438.99999999999994
Results saved to: results/Gset/SpecAdj/G15.csv
  Seed 4/10 (seed=45)
Initialized SpecAdj solver (GPU sparse). Results will be saved under 'SpecAdj'.
Parameters:
  instance_name: G15.txt
  dataset: Gset
  random_seed: 45
  mode: 0
  beta: None
  alpha: 0
  use_local_search: True
  max_local_iterations: 1000
  eigsh_tol: 1e-06
  eigsh_maxiter: 1000
  run_name: SpecAdj
--------------------------------------------------
Using local search with 1000 iterations
Local search did not improve energy to -438.99999999999994
Results saved to: results/Gset/SpecAdj/G15.csv
  Seed 5/10 (seed=46)
Initialized SpecAdj solver (GPU sparse). Results will be saved under 'SpecAdj'.
Parameters:
  instance_name: G15.txt
  dataset: Gset
  random_seed: 46
  mode: 0
  beta: None
  alpha: 0
  use_local_search: True
  max_local_iterations: 1000
  eigsh_tol: 1e-06
  eigsh_maxiter: 1000
  run_name: SpecAdj
--------------------------------------------------
Using local search with 1000 iterations
Local search did not improve energy to -438.99999999999994
Results saved to: results/Gset/SpecAdj/G15.csv
  Seed 6/10 (seed=47)
Initialized SpecAdj solver (GPU sparse). Results will be saved under 'SpecAdj'.
Parameters:
  instance_name: G15.txt
  dataset: Gset
  random_seed: 47
  mode: 0
  beta: None
  alpha: 0
  use_local_search: True
  max_local_iterations: 1000
  eigsh_tol: 1e-06
  eigsh_maxiter: 1000
  run_name: SpecAdj
--------------------------------------------------
Using local search with 1000 iterations
Local search did not improve energy to -438.99999999999994
Results saved to: results/Gset/SpecAdj/G15.csv
  Seed 7/10 (seed=48)
Initialized SpecAdj solver (GPU sparse). Results will be saved under 'SpecAdj'.
Parameters:
  instance_name: G15.txt
  dataset: Gset
  random_seed: 48
  mode: 0
  beta: None
  alpha: 0
  use_local_search: True
  max_local_iterations: 1000
  eigsh_tol: 1e-06
  eigsh_maxiter: 1000
  run_name: SpecAdj
--------------------------------------------------
Using local search with 1000 iterations
Local search did not improve energy to -438.99999999999994
Results saved to: results/Gset/SpecAdj/G15.csv
  Seed 8/10 (seed=49)
Initialized SpecAdj solver (GPU sparse). Results will be saved under 'SpecAdj'.
Parameters:
  instance_name: G15.txt
  dataset: Gset
  random_seed: 49
  mode: 0
  beta: None
  alpha: 0
  use_local_search: True
  max_local_iterations: 1000
  eigsh_tol: 1e-06
  eigsh_maxiter: 1000
  run_name: SpecAdj
--------------------------------------------------
Using local search with 1000 iterations
Local search did not improve energy to -438.99999999999994
Results saved to: results/Gset/SpecAdj/G15.csv
  Seed 9/10 (seed=50)
Initialized SpecAdj solver (GPU sparse). Results will be saved under 'SpecAdj'.
Parameters:
  instance_name: G15.txt
  dataset: Gset
  random_seed: 50
  mode: 0
  beta: None
  alpha: 0
  use_local_search: True
  max_local_iterations: 1000
  eigsh_tol: 1e-06
  eigsh_maxiter: 1000
  run_name: SpecAdj
--------------------------------------------------
Using local search with 1000 iterations
Local search did not improve energy to -438.99999999999994
Results saved to: results/Gset/SpecAdj/G15.csv
  Seed 10/10 (seed=51)
Initialized SpecAdj solver (GPU sparse). Results will be saved under 'SpecAdj'.
Parameters:
  instance_name: G15.txt
  dataset: Gset
  random_seed: 51
  mode: 0
  beta: None
  alpha: 0
  use_local_search: True
  max_local_iterations: 1000
  eigsh_tol: 1e-06
  eigsh_maxiter: 1000
  run_name: SpecAdj
--------------------------------------------------
Using local search with 1000 iterations
Local search did not improve energy to -438.99999999999994
Results saved to: results/Gset/SpecAdj/G15.csv
Processing instance: G16.txt
  Seed 1/10 (seed=42)
Initialized SpecAdj solver (GPU sparse). Results will be saved under 'SpecAdj'.
Parameters:
  instance_name: G16.txt
  dataset: Gset
  random_seed: 42
  mode: 0
  beta: None
  alpha: 0
  use_local_search: True
  max_local_iterations: 1000
  eigsh_tol: 1e-06
  eigsh_maxiter: 1000
  run_name: SpecAdj
--------------------------------------------------
Using local search with 1000 iterations
Local search did not improve energy to -616.0000000000001
Results saved to: results/Gset/SpecAdj/G16.csv
  Seed 2/10 (seed=43)
Initialized SpecAdj solver (GPU sparse). Results will be saved under 'SpecAdj'.
Parameters:
  instance_name: G16.txt
  dataset: Gset
  random_seed: 43
  mode: 0
  beta: None
  alpha: 0
  use_local_search: True
  max_local_iterations: 1000
  eigsh_tol: 1e-06
  eigsh_maxiter: 1000
  run_name: SpecAdj
--------------------------------------------------
Using local search with 1000 iterations
Local search did not improve energy to -616.0000000000001
Results saved to: results/Gset/SpecAdj/G16.csv
  Seed 3/10 (seed=44)
Initialized SpecAdj solver (GPU sparse). Results will be saved under 'SpecAdj'.
Parameters:
  instance_name: G16.txt
  dataset: Gset
  random_seed: 44
  mode: 0
  beta: None
  alpha: 0
  use_local_search: True
  max_local_iterations: 1000
  eigsh_tol: 1e-06
  eigsh_maxiter: 1000
  run_name: SpecAdj
--------------------------------------------------
Using local search with 1000 iterations
Local search did not improve energy to -616.0000000000001
Results saved to: results/Gset/SpecAdj/G16.csv
  Seed 4/10 (seed=45)
Initialized SpecAdj solver (GPU sparse). Results will be saved under 'SpecAdj'.
Parameters:
  instance_name: G16.txt
  dataset: Gset
  random_seed: 45
  mode: 0
  beta: None
  alpha: 0
  use_local_search: True
  max_local_iterations: 1000
  eigsh_tol: 1e-06
  eigsh_maxiter: 1000
  run_name: SpecAdj
--------------------------------------------------
Using local search with 1000 iterations
Local search did not improve energy to -616.0000000000001
Results saved to: results/Gset/SpecAdj/G16.csv
  Seed 5/10 (seed=46)
Initialized SpecAdj solver (GPU sparse). Results will be saved under 'SpecAdj'.
Parameters:
  instance_name: G16.txt
  dataset: Gset
  random_seed: 46
  mode: 0
  beta: None
  alpha: 0
  use_local_search: True
  max_local_iterations: 1000
  eigsh_tol: 1e-06
  eigsh_maxiter: 1000
  run_name: SpecAdj
--------------------------------------------------
Using local search with 1000 iterations
Local search did not improve energy to -616.0000000000001
Results saved to: results/Gset/SpecAdj/G16.csv
  Seed 6/10 (seed=47)
Initialized SpecAdj solver (GPU sparse). Results will be saved under 'SpecAdj'.
Parameters:
  instance_name: G16.txt
  dataset: Gset
  random_seed: 47
  mode: 0
  beta: None
  alpha: 0
  use_local_search: True
  max_local_iterations: 1000
  eigsh_tol: 1e-06
  eigsh_maxiter: 1000
  run_name: SpecAdj
--------------------------------------------------
Using local search with 1000 iterations
Local search did not improve energy to -616.0000000000001
Results saved to: results/Gset/SpecAdj/G16.csv
  Seed 7/10 (seed=48)
Initialized SpecAdj solver (GPU sparse). Results will be saved under 'SpecAdj'.
Parameters:
  instance_name: G16.txt
  dataset: Gset
  random_seed: 48
  mode: 0
  beta: None
  alpha: 0
  use_local_search: True
  max_local_iterations: 1000
  eigsh_tol: 1e-06
  eigsh_maxiter: 1000
  run_name: SpecAdj
--------------------------------------------------
Using local search with 1000 iterations
Local search did not improve energy to -616.0000000000001
Results saved to: results/Gset/SpecAdj/G16.csv
  Seed 8/10 (seed=49)
Initialized SpecAdj solver (GPU sparse). Results will be saved under 'SpecAdj'.
Parameters:
  instance_name: G16.txt
  dataset: Gset
  random_seed: 49
  mode: 0
  beta: None
  alpha: 0
  use_local_search: True
  max_local_iterations: 1000
  eigsh_tol: 1e-06
  eigsh_maxiter: 1000
  run_name: SpecAdj
--------------------------------------------------
Using local search with 1000 iterations
Local search did not improve energy to -616.0000000000001
Results saved to: results/Gset/SpecAdj/G16.csv
  Seed 9/10 (seed=50)
Initialized SpecAdj solver (GPU sparse). Results will be saved under 'SpecAdj'.
Parameters:
  instance_name: G16.txt
  dataset: Gset
  random_seed: 50
  mode: 0
  beta: None
  alpha: 0
  use_local_search: True
  max_local_iterations: 1000
  eigsh_tol: 1e-06
  eigsh_maxiter: 1000
  run_name: SpecAdj
--------------------------------------------------
Using local search with 1000 iterations
Local search did not improve energy to -616.0000000000001
Results saved to: results/Gset/SpecAdj/G16.csv
  Seed 10/10 (seed=51)
Initialized SpecAdj solver (GPU sparse). Results will be saved under 'SpecAdj'.
Parameters:
  instance_name: G16.txt
  dataset: Gset
  random_seed: 51
  mode: 0
  beta: None
  alpha: 0
  use_local_search: True
  max_local_iterations: 1000
  eigsh_tol: 1e-06
  eigsh_maxiter: 1000
  run_name: SpecAdj
--------------------------------------------------
Using local search with 1000 iterations
Local search did not improve energy to -616.0000000000001
Results saved to: results/Gset/SpecAdj/G16.csv
Processing instance: G17.txt
  Seed 1/10 (seed=42)
Initialized SpecAdj solver (GPU sparse). Results will be saved under 'SpecAdj'.
Parameters:
  instance_name: G17.txt
  dataset: Gset
  random_seed: 42
  mode: 0
  beta: None
  alpha: 0
  use_local_search: True
  max_local_iterations: 1000
  eigsh_tol: 1e-06
  eigsh_maxiter: 1000
  run_name: SpecAdj
--------------------------------------------------
Using local search with 1000 iterations
Local search did not improve energy to -319.0
Results saved to: results/Gset/SpecAdj/G17.csv
  Seed 2/10 (seed=43)
Initialized SpecAdj solver (GPU sparse). Results will be saved under 'SpecAdj'.
Parameters:
  instance_name: G17.txt
  dataset: Gset
  random_seed: 43
  mode: 0
  beta: None
  alpha: 0
  use_local_search: True
  max_local_iterations: 1000
  eigsh_tol: 1e-06
  eigsh_maxiter: 1000
  run_name: SpecAdj
--------------------------------------------------
Using local search with 1000 iterations
Local search did not improve energy to -319.0
Results saved to: results/Gset/SpecAdj/G17.csv
  Seed 3/10 (seed=44)
Initialized SpecAdj solver (GPU sparse). Results will be saved under 'SpecAdj'.
Parameters:
  instance_name: G17.txt
  dataset: Gset
  random_seed: 44
  mode: 0
  beta: None
  alpha: 0
  use_local_search: True
  max_local_iterations: 1000
  eigsh_tol: 1e-06
  eigsh_maxiter: 1000
  run_name: SpecAdj
--------------------------------------------------
Using local search with 1000 iterations
Local search did not improve energy to -319.0
Results saved to: results/Gset/SpecAdj/G17.csv
  Seed 4/10 (seed=45)
Initialized SpecAdj solver (GPU sparse). Results will be saved under 'SpecAdj'.
Parameters:
  instance_name: G17.txt
  dataset: Gset
  random_seed: 45
  mode: 0
  beta: None
  alpha: 0
  use_local_search: True
  max_local_iterations: 1000
  eigsh_tol: 1e-06
  eigsh_maxiter: 1000
  run_name: SpecAdj
--------------------------------------------------
Using local search with 1000 iterations
Local search did not improve energy to -319.0
Results saved to: results/Gset/SpecAdj/G17.csv
  Seed 5/10 (seed=46)
Initialized SpecAdj solver (GPU sparse). Results will be saved under 'SpecAdj'.
Parameters:
  instance_name: G17.txt
  dataset: Gset
  random_seed: 46
  mode: 0
  beta: None
  alpha: 0
  use_local_search: True
  max_local_iterations: 1000
  eigsh_tol: 1e-06
  eigsh_maxiter: 1000
  run_name: SpecAdj
--------------------------------------------------
Using local search with 1000 iterations
Local search did not improve energy to -319.0
Results saved to: results/Gset/SpecAdj/G17.csv
  Seed 6/10 (seed=47)
Initialized SpecAdj solver (GPU sparse). Results will be saved under 'SpecAdj'.
Parameters:
  instance_name: G17.txt
  dataset: Gset
  random_seed: 47
  mode: 0
  beta: None
  alpha: 0
  use_local_search: True
  max_local_iterations: 1000
  eigsh_tol: 1e-06
  eigsh_maxiter: 1000
  run_name: SpecAdj
--------------------------------------------------
Using local search with 1000 iterations
Local search did not improve energy to -319.0
Results saved to: results/Gset/SpecAdj/G17.csv
  Seed 7/10 (seed=48)
Initialized SpecAdj solver (GPU sparse). Results will be saved under 'SpecAdj'.
Parameters:
  instance_name: G17.txt
  dataset: Gset
  random_seed: 48
  mode: 0
  beta: None
  alpha: 0
  use_local_search: True
  max_local_iterations: 1000
  eigsh_tol: 1e-06
  eigsh_maxiter: 1000
  run_name: SpecAdj
--------------------------------------------------
Using local search with 1000 iterations
Local search did not improve energy to -319.0
Results saved to: results/Gset/SpecAdj/G17.csv
  Seed 8/10 (seed=49)
Initialized SpecAdj solver (GPU sparse). Results will be saved under 'SpecAdj'.
Parameters:
  instance_name: G17.txt
  dataset: Gset
  random_seed: 49
  mode: 0
  beta: None
  alpha: 0
  use_local_search: True
  max_local_iterations: 1000
  eigsh_tol: 1e-06
  eigsh_maxiter: 1000
  run_name: SpecAdj
--------------------------------------------------
Using local search with 1000 iterations
Local search did not improve energy to -319.0
Results saved to: results/Gset/SpecAdj/G17.csv
  Seed 9/10 (seed=50)
Initialized SpecAdj solver (GPU sparse). Results will be saved under 'SpecAdj'.
Parameters:
  instance_name: G17.txt
  dataset: Gset
  random_seed: 50
  mode: 0
  beta: None
  alpha: 0
  use_local_search: True
  max_local_iterations: 1000
  eigsh_tol: 1e-06
  eigsh_maxiter: 1000
  run_name: SpecAdj
--------------------------------------------------
Using local search with 1000 iterations
Local search did not improve energy to -319.0
Results saved to: results/Gset/SpecAdj/G17.csv
  Seed 10/10 (seed=51)
Initialized SpecAdj solver (GPU sparse). Results will be saved under 'SpecAdj'.
Parameters:
  instance_name: G17.txt
  dataset: Gset
  random_seed: 51
  mode: 0
  beta: None
  alpha: 0
  use_local_search: True
  max_local_iterations: 1000
  eigsh_tol: 1e-06
  eigsh_maxiter: 1000
  run_name: SpecAdj
--------------------------------------------------
Using local search with 1000 iterations
Local search did not improve energy to -319.0
Results saved to: results/Gset/SpecAdj/G17.csv
Processing instance: G18.txt
  Seed 1/10 (seed=42)
Initialized SpecAdj solver (GPU sparse). Results will be saved under 'SpecAdj'.
Parameters:
  instance_name: G18.txt
  dataset: Gset
  random_seed: 42
  mode: 0
  beta: None
  alpha: 0
  use_local_search: True
  max_local_iterations: 1000
  eigsh_tol: 1e-06
  eigsh_maxiter: 1000
  run_name: SpecAdj
--------------------------------------------------
Using local search with 1000 iterations
Local search improved energy to -1755.9999999999998
Results saved to: results/Gset/SpecAdj/G18.csv
  Seed 2/10 (seed=43)
Initialized SpecAdj solver (GPU sparse). Results will be saved under 'SpecAdj'.
Parameters:
  instance_name: G18.txt
  dataset: Gset
  random_seed: 43
  mode: 0
  beta: None
  alpha: 0
  use_local_search: True
  max_local_iterations: 1000
  eigsh_tol: 1e-06
  eigsh_maxiter: 1000
  run_name: SpecAdj
--------------------------------------------------
Using local search with 1000 iterations
Local search improved energy to -1743.9999999999998
Results saved to: results/Gset/SpecAdj/G18.csv
  Seed 3/10 (seed=44)
Initialized SpecAdj solver (GPU sparse). Results will be saved under 'SpecAdj'.
Parameters:
  instance_name: G18.txt
  dataset: Gset
  random_seed: 44
  mode: 0
  beta: None
  alpha: 0
  use_local_search: True
  max_local_iterations: 1000
  eigsh_tol: 1e-06
  eigsh_maxiter: 1000
  run_name: SpecAdj
--------------------------------------------------
Using local search with 1000 iterations
Local search improved energy to -1722.0000000000002
Results saved to: results/Gset/SpecAdj/G18.csv
  Seed 4/10 (seed=45)
Initialized SpecAdj solver (GPU sparse). Results will be saved under 'SpecAdj'.
Parameters:
  instance_name: G18.txt
  dataset: Gset
  random_seed: 45
  mode: 0
  beta: None
  alpha: 0
  use_local_search: True
  max_local_iterations: 1000
  eigsh_tol: 1e-06
  eigsh_maxiter: 1000
  run_name: SpecAdj
--------------------------------------------------
Using local search with 1000 iterations
Local search improved energy to -1739.9999999999998
Results saved to: results/Gset/SpecAdj/G18.csv
  Seed 5/10 (seed=46)
Initialized SpecAdj solver (GPU sparse). Results will be saved under 'SpecAdj'.
Parameters:
  instance_name: G18.txt
  dataset: Gset
  random_seed: 46
  mode: 0
  beta: None
  alpha: 0
  use_local_search: True
  max_local_iterations: 1000
  eigsh_tol: 1e-06
  eigsh_maxiter: 1000
  run_name: SpecAdj
--------------------------------------------------
Using local search with 1000 iterations
Local search improved energy to -1732.0
Results saved to: results/Gset/SpecAdj/G18.csv
  Seed 6/10 (seed=47)
Initialized SpecAdj solver (GPU sparse). Results will be saved under 'SpecAdj'.
Parameters:
  instance_name: G18.txt
  dataset: Gset
  random_seed: 47
  mode: 0
  beta: None
  alpha: 0
  use_local_search: True
  max_local_iterations: 1000
  eigsh_tol: 1e-06
  eigsh_maxiter: 1000
  run_name: SpecAdj
--------------------------------------------------
Using local search with 1000 iterations
Local search improved energy to -1753.9999999999998
Results saved to: results/Gset/SpecAdj/G18.csv
  Seed 7/10 (seed=48)
Initialized SpecAdj solver (GPU sparse). Results will be saved under 'SpecAdj'.
Parameters:
  instance_name: G18.txt
  dataset: Gset
  random_seed: 48
  mode: 0
  beta: None
  alpha: 0
  use_local_search: True
  max_local_iterations: 1000
  eigsh_tol: 1e-06
  eigsh_maxiter: 1000
  run_name: SpecAdj
--------------------------------------------------
Using local search with 1000 iterations
Local search improved energy to -1742.0
Results saved to: results/Gset/SpecAdj/G18.csv
  Seed 8/10 (seed=49)
Initialized SpecAdj solver (GPU sparse). Results will be saved under 'SpecAdj'.
Parameters:
  instance_name: G18.txt
  dataset: Gset
  random_seed: 49
  mode: 0
  beta: None
  alpha: 0
  use_local_search: True
  max_local_iterations: 1000
  eigsh_tol: 1e-06
  eigsh_maxiter: 1000
  run_name: SpecAdj
--------------------------------------------------
Using local search with 1000 iterations
Local search improved energy to -1709.9999999999995
Results saved to: results/Gset/SpecAdj/G18.csv
  Seed 9/10 (seed=50)
Initialized SpecAdj solver (GPU sparse). Results will be saved under 'SpecAdj'.
Parameters:
  instance_name: G18.txt
  dataset: Gset
  random_seed: 50
  mode: 0
  beta: None
  alpha: 0
  use_local_search: True
  max_local_iterations: 1000
  eigsh_tol: 1e-06
  eigsh_maxiter: 1000
  run_name: SpecAdj
--------------------------------------------------
Using local search with 1000 iterations
Local search improved energy to -1732.0
Results saved to: results/Gset/SpecAdj/G18.csv
  Seed 10/10 (seed=51)
Initialized SpecAdj solver (GPU sparse). Results will be saved under 'SpecAdj'.
Parameters:
  instance_name: G18.txt
  dataset: Gset
  random_seed: 51
  mode: 0
  beta: None
  alpha: 0
  use_local_search: True
  max_local_iterations: 1000
  eigsh_tol: 1e-06
  eigsh_maxiter: 1000
  run_name: SpecAdj
--------------------------------------------------
Using local search with 1000 iterations
Local search improved energy to -1742.0
Results saved to: results/Gset/SpecAdj/G18.csv
Processing instance: G19.txt
  Seed 1/10 (seed=42)
Initialized SpecAdj solver (GPU sparse). Results will be saved under 'SpecAdj'.
Parameters:
  instance_name: G19.txt
  dataset: Gset
  random_seed: 42
  mode: 0
  beta: None
  alpha: 0
  use_local_search: True
  max_local_iterations: 1000
  eigsh_tol: 1e-06
  eigsh_maxiter: 1000
  run_name: SpecAdj
--------------------------------------------------
Using local search with 1000 iterations
Local search improved energy to -1701.0
Results saved to: results/Gset/SpecAdj/G19.csv
  Seed 2/10 (seed=43)
Initialized SpecAdj solver (GPU sparse). Results will be saved under 'SpecAdj'.
Parameters:
  instance_name: G19.txt
  dataset: Gset
  random_seed: 43
  mode: 0
  beta: None
  alpha: 0
  use_local_search: True
  max_local_iterations: 1000
  eigsh_tol: 1e-06
  eigsh_maxiter: 1000
  run_name: SpecAdj
--------------------------------------------------
Using local search with 1000 iterations
Local search improved energy to -1731.0
Results saved to: results/Gset/SpecAdj/G19.csv
  Seed 3/10 (seed=44)
Initialized SpecAdj solver (GPU sparse). Results will be saved under 'SpecAdj'.
Parameters:
  instance_name: G19.txt
  dataset: Gset
  random_seed: 44
  mode: 0
  beta: None
  alpha: 0
  use_local_search: True
  max_local_iterations: 1000
  eigsh_tol: 1e-06
  eigsh_maxiter: 1000
  run_name: SpecAdj
--------------------------------------------------
Using local search with 1000 iterations
Local search improved energy to -1732.9999999999998
Results saved to: results/Gset/SpecAdj/G19.csv
  Seed 4/10 (seed=45)
Initialized SpecAdj solver (GPU sparse). Results will be saved under 'SpecAdj'.
Parameters:
  instance_name: G19.txt
  dataset: Gset
  random_seed: 45
  mode: 0
  beta: None
  alpha: 0
  use_local_search: True
  max_local_iterations: 1000
  eigsh_tol: 1e-06
  eigsh_maxiter: 1000
  run_name: SpecAdj
--------------------------------------------------
Using local search with 1000 iterations
Local search improved energy to -1699.0
Results saved to: results/Gset/SpecAdj/G19.csv
  Seed 5/10 (seed=46)
Initialized SpecAdj solver (GPU sparse). Results will be saved under 'SpecAdj'.
Parameters:
  instance_name: G19.txt
  dataset: Gset
  random_seed: 46
  mode: 0
  beta: None
  alpha: 0
  use_local_search: True
  max_local_iterations: 1000
  eigsh_tol: 1e-06
  eigsh_maxiter: 1000
  run_name: SpecAdj
--------------------------------------------------
Using local search with 1000 iterations
Local search improved energy to -1736.9999999999998
Results saved to: results/Gset/SpecAdj/G19.csv
  Seed 6/10 (seed=47)
Initialized SpecAdj solver (GPU sparse). Results will be saved under 'SpecAdj'.
Parameters:
  instance_name: G19.txt
  dataset: Gset
  random_seed: 47
  mode: 0
  beta: None
  alpha: 0
  use_local_search: True
  max_local_iterations: 1000
  eigsh_tol: 1e-06
  eigsh_maxiter: 1000
  run_name: SpecAdj
--------------------------------------------------
Using local search with 1000 iterations
Local search improved energy to -1718.9999999999998
Results saved to: results/Gset/SpecAdj/G19.csv
  Seed 7/10 (seed=48)
Initialized SpecAdj solver (GPU sparse). Results will be saved under 'SpecAdj'.
Parameters:
  instance_name: G19.txt
  dataset: Gset
  random_seed: 48
  mode: 0
  beta: None
  alpha: 0
  use_local_search: True
  max_local_iterations: 1000
  eigsh_tol: 1e-06
  eigsh_maxiter: 1000
  run_name: SpecAdj
--------------------------------------------------
Using local search with 1000 iterations
Local search improved energy to -1722.9999999999998
Results saved to: results/Gset/SpecAdj/G19.csv
  Seed 8/10 (seed=49)
Initialized SpecAdj solver (GPU sparse). Results will be saved under 'SpecAdj'.
Parameters:
  instance_name: G19.txt
  dataset: Gset
  random_seed: 49
  mode: 0
  beta: None
  alpha: 0
  use_local_search: True
  max_local_iterations: 1000
  eigsh_tol: 1e-06
  eigsh_maxiter: 1000
  run_name: SpecAdj
--------------------------------------------------
Using local search with 1000 iterations
Local search improved energy to -1736.9999999999998
Results saved to: results/Gset/SpecAdj/G19.csv
  Seed 9/10 (seed=50)
Initialized SpecAdj solver (GPU sparse). Results will be saved under 'SpecAdj'.
Parameters:
  instance_name: G19.txt
  dataset: Gset
  random_seed: 50
  mode: 0
  beta: None
  alpha: 0
  use_local_search: True
  max_local_iterations: 1000
  eigsh_tol: 1e-06
  eigsh_maxiter: 1000
  run_name: SpecAdj
--------------------------------------------------
Using local search with 1000 iterations
Local search improved energy to -1703.0
Results saved to: results/Gset/SpecAdj/G19.csv
  Seed 10/10 (seed=51)
Initialized SpecAdj solver (GPU sparse). Results will be saved under 'SpecAdj'.
Parameters:
  instance_name: G19.txt
  dataset: Gset
  random_seed: 51
  mode: 0
  beta: None
  alpha: 0
  use_local_search: True
  max_local_iterations: 1000
  eigsh_tol: 1e-06
  eigsh_maxiter: 1000
  run_name: SpecAdj
--------------------------------------------------
Using local search with 1000 iterations
Local search improved energy to -1717.0000000000002
Results saved to: results/Gset/SpecAdj/G19.csv
Processing instance: G2.txt
  Seed 1/10 (seed=42)
Initialized SpecAdj solver (GPU sparse). Results will be saved under 'SpecAdj'.
Parameters:
  instance_name: G2.txt
  dataset: Gset
  random_seed: 42
  mode: 0
  beta: None
  alpha: 0
  use_local_search: True
  max_local_iterations: 1000
  eigsh_tol: 1e-06
  eigsh_maxiter: 1000
  run_name: SpecAdj
--------------------------------------------------
Using local search with 1000 iterations
Local search did not improve energy to -3319.9999999999995
Results saved to: results/Gset/SpecAdj/G2.csv
  Seed 2/10 (seed=43)
Initialized SpecAdj solver (GPU sparse). Results will be saved under 'SpecAdj'.
Parameters:
  instance_name: G2.txt
  dataset: Gset
  random_seed: 43
  mode: 0
  beta: None
  alpha: 0
  use_local_search: True
  max_local_iterations: 1000
  eigsh_tol: 1e-06
  eigsh_maxiter: 1000
  run_name: SpecAdj
--------------------------------------------------
Using local search with 1000 iterations
Local search did not improve energy to -3319.9999999999995
Results saved to: results/Gset/SpecAdj/G2.csv
  Seed 3/10 (seed=44)
Initialized SpecAdj solver (GPU sparse). Results will be saved under 'SpecAdj'.
Parameters:
  instance_name: G2.txt
  dataset: Gset
  random_seed: 44
  mode: 0
  beta: None
  alpha: 0
  use_local_search: True
  max_local_iterations: 1000
  eigsh_tol: 1e-06
  eigsh_maxiter: 1000
  run_name: SpecAdj
--------------------------------------------------
Using local search with 1000 iterations
Local search did not improve energy to -3319.9999999999995
Results saved to: results/Gset/SpecAdj/G2.csv
  Seed 4/10 (seed=45)
Initialized SpecAdj solver (GPU sparse). Results will be saved under 'SpecAdj'.
Parameters:
  instance_name: G2.txt
  dataset: Gset
  random_seed: 45
  mode: 0
  beta: None
  alpha: 0
  use_local_search: True
  max_local_iterations: 1000
  eigsh_tol: 1e-06
  eigsh_maxiter: 1000
  run_name: SpecAdj
--------------------------------------------------
Using local search with 1000 iterations
Local search did not improve energy to -3319.9999999999995
Results saved to: results/Gset/SpecAdj/G2.csv
  Seed 5/10 (seed=46)
Initialized SpecAdj solver (GPU sparse). Results will be saved under 'SpecAdj'.
Parameters:
  instance_name: G2.txt
  dataset: Gset
  random_seed: 46
  mode: 0
  beta: None
  alpha: 0
  use_local_search: True
  max_local_iterations: 1000
  eigsh_tol: 1e-06
  eigsh_maxiter: 1000
  run_name: SpecAdj
--------------------------------------------------
Using local search with 1000 iterations
Local search did not improve energy to -3319.9999999999995
Results saved to: results/Gset/SpecAdj/G2.csv
  Seed 6/10 (seed=47)
Initialized SpecAdj solver (GPU sparse). Results will be saved under 'SpecAdj'.
Parameters:
  instance_name: G2.txt
  dataset: Gset
  random_seed: 47
  mode: 0
  beta: None
  alpha: 0
  use_local_search: True
  max_local_iterations: 1000
  eigsh_tol: 1e-06
  eigsh_maxiter: 1000
  run_name: SpecAdj
--------------------------------------------------
Using local search with 1000 iterations
Local search did not improve energy to -3319.9999999999995
Results saved to: results/Gset/SpecAdj/G2.csv
  Seed 7/10 (seed=48)
Initialized SpecAdj solver (GPU sparse). Results will be saved under 'SpecAdj'.
Parameters:
  instance_name: G2.txt
  dataset: Gset
  random_seed: 48
  mode: 0
  beta: None
  alpha: 0
  use_local_search: True
  max_local_iterations: 1000
  eigsh_tol: 1e-06
  eigsh_maxiter: 1000
  run_name: SpecAdj
--------------------------------------------------
Using local search with 1000 iterations
Local search did not improve energy to -3319.9999999999995
Results saved to: results/Gset/SpecAdj/G2.csv
  Seed 8/10 (seed=49)
Initialized SpecAdj solver (GPU sparse). Results will be saved under 'SpecAdj'.
Parameters:
  instance_name: G2.txt
  dataset: Gset
  random_seed: 49
  mode: 0
  beta: None
  alpha: 0
  use_local_search: True
  max_local_iterations: 1000
  eigsh_tol: 1e-06
  eigsh_maxiter: 1000
  run_name: SpecAdj
--------------------------------------------------
Using local search with 1000 iterations
Local search did not improve energy to -3319.9999999999995
Results saved to: results/Gset/SpecAdj/G2.csv
  Seed 9/10 (seed=50)
Initialized SpecAdj solver (GPU sparse). Results will be saved under 'SpecAdj'.
Parameters:
  instance_name: G2.txt
  dataset: Gset
  random_seed: 50
  mode: 0
  beta: None
  alpha: 0
  use_local_search: True
  max_local_iterations: 1000
  eigsh_tol: 1e-06
  eigsh_maxiter: 1000
  run_name: SpecAdj
--------------------------------------------------
Using local search with 1000 iterations
Local search did not improve energy to -3319.9999999999995
Results saved to: results/Gset/SpecAdj/G2.csv
  Seed 10/10 (seed=51)
Initialized SpecAdj solver (GPU sparse). Results will be saved under 'SpecAdj'.
Parameters:
  instance_name: G2.txt
  dataset: Gset
  random_seed: 51
  mode: 0
  beta: None
  alpha: 0
  use_local_search: True
  max_local_iterations: 1000
  eigsh_tol: 1e-06
  eigsh_maxiter: 1000
  run_name: SpecAdj
--------------------------------------------------
Using local search with 1000 iterations
Local search did not improve energy to -3319.9999999999995
Results saved to: results/Gset/SpecAdj/G2.csv
Processing instance: G20.txt
  Seed 1/10 (seed=42)
Initialized SpecAdj solver (GPU sparse). Results will be saved under 'SpecAdj'.
Parameters:
  instance_name: G20.txt
  dataset: Gset
  random_seed: 42
  mode: 0
  beta: None
  alpha: 0
  use_local_search: True
  max_local_iterations: 1000
  eigsh_tol: 1e-06
  eigsh_maxiter: 1000
  run_name: SpecAdj
--------------------------------------------------
Using local search with 1000 iterations
Local search improved energy to -1728.0000000000002
Results saved to: results/Gset/SpecAdj/G20.csv
  Seed 2/10 (seed=43)
Initialized SpecAdj solver (GPU sparse). Results will be saved under 'SpecAdj'.
Parameters:
  instance_name: G20.txt
  dataset: Gset
  random_seed: 43
  mode: 0
  beta: None
  alpha: 0
  use_local_search: True
  max_local_iterations: 1000
  eigsh_tol: 1e-06
  eigsh_maxiter: 1000
  run_name: SpecAdj
--------------------------------------------------
Using local search with 1000 iterations
Local search improved energy to -1736.0000000000002
Results saved to: results/Gset/SpecAdj/G20.csv
  Seed 3/10 (seed=44)
Initialized SpecAdj solver (GPU sparse). Results will be saved under 'SpecAdj'.
Parameters:
  instance_name: G20.txt
  dataset: Gset
  random_seed: 44
  mode: 0
  beta: None
  alpha: 0
  use_local_search: True
  max_local_iterations: 1000
  eigsh_tol: 1e-06
  eigsh_maxiter: 1000
  run_name: SpecAdj
--------------------------------------------------
Using local search with 1000 iterations
Local search improved energy to -1724.0000000000002
Results saved to: results/Gset/SpecAdj/G20.csv
  Seed 4/10 (seed=45)
Initialized SpecAdj solver (GPU sparse). Results will be saved under 'SpecAdj'.
Parameters:
  instance_name: G20.txt
  dataset: Gset
  random_seed: 45
  mode: 0
  beta: None
  alpha: 0
  use_local_search: True
  max_local_iterations: 1000
  eigsh_tol: 1e-06
  eigsh_maxiter: 1000
  run_name: SpecAdj
--------------------------------------------------
Using local search with 1000 iterations
Local search improved energy to -1738.0000000000002
Results saved to: results/Gset/SpecAdj/G20.csv
  Seed 5/10 (seed=46)
Initialized SpecAdj solver (GPU sparse). Results will be saved under 'SpecAdj'.
Parameters:
  instance_name: G20.txt
  dataset: Gset
  random_seed: 46
  mode: 0
  beta: None
  alpha: 0
  use_local_search: True
  max_local_iterations: 1000
  eigsh_tol: 1e-06
  eigsh_maxiter: 1000
  run_name: SpecAdj
--------------------------------------------------
Using local search with 1000 iterations
Local search improved energy to -1756.0
Results saved to: results/Gset/SpecAdj/G20.csv
  Seed 6/10 (seed=47)
Initialized SpecAdj solver (GPU sparse). Results will be saved under 'SpecAdj'.
Parameters:
  instance_name: G20.txt
  dataset: Gset
  random_seed: 47
  mode: 0
  beta: None
  alpha: 0
  use_local_search: True
  max_local_iterations: 1000
  eigsh_tol: 1e-06
  eigsh_maxiter: 1000
  run_name: SpecAdj
--------------------------------------------------
Using local search with 1000 iterations
Local search improved energy to -1744.0
Results saved to: results/Gset/SpecAdj/G20.csv
  Seed 7/10 (seed=48)
Initialized SpecAdj solver (GPU sparse). Results will be saved under 'SpecAdj'.
Parameters:
  instance_name: G20.txt
  dataset: Gset
  random_seed: 48
  mode: 0
  beta: None
  alpha: 0
  use_local_search: True
  max_local_iterations: 1000
  eigsh_tol: 1e-06
  eigsh_maxiter: 1000
  run_name: SpecAdj
--------------------------------------------------
Using local search with 1000 iterations
Local search improved energy to -1736.0000000000002
Results saved to: results/Gset/SpecAdj/G20.csv
  Seed 8/10 (seed=49)
Initialized SpecAdj solver (GPU sparse). Results will be saved under 'SpecAdj'.
Parameters:
  instance_name: G20.txt
  dataset: Gset
  random_seed: 49
  mode: 0
  beta: None
  alpha: 0
  use_local_search: True
  max_local_iterations: 1000
  eigsh_tol: 1e-06
  eigsh_maxiter: 1000
  run_name: SpecAdj
--------------------------------------------------
Using local search with 1000 iterations
Local search improved energy to -1740.0000000000005
Results saved to: results/Gset/SpecAdj/G20.csv
  Seed 9/10 (seed=50)
Initialized SpecAdj solver (GPU sparse). Results will be saved under 'SpecAdj'.
Parameters:
  instance_name: G20.txt
  dataset: Gset
  random_seed: 50
  mode: 0
  beta: None
  alpha: 0
  use_local_search: True
  max_local_iterations: 1000
  eigsh_tol: 1e-06
  eigsh_maxiter: 1000
  run_name: SpecAdj
--------------------------------------------------
Using local search with 1000 iterations
Local search improved energy to -1728.0
Results saved to: results/Gset/SpecAdj/G20.csv
  Seed 10/10 (seed=51)
Initialized SpecAdj solver (GPU sparse). Results will be saved under 'SpecAdj'.
Parameters:
  instance_name: G20.txt
  dataset: Gset
  random_seed: 51
  mode: 0
  beta: None
  alpha: 0
  use_local_search: True
  max_local_iterations: 1000
  eigsh_tol: 1e-06
  eigsh_maxiter: 1000
  run_name: SpecAdj
--------------------------------------------------
Using local search with 1000 iterations
Local search improved energy to -1749.9999999999998
Results saved to: results/Gset/SpecAdj/G20.csv
Processing instance: G21.txt
  Seed 1/10 (seed=42)
Initialized SpecAdj solver (GPU sparse). Results will be saved under 'SpecAdj'.
Parameters:
  instance_name: G21.txt
  dataset: Gset
  random_seed: 42
  mode: 0
  beta: None
  alpha: 0
  use_local_search: True
  max_local_iterations: 1000
  eigsh_tol: 1e-06
  eigsh_maxiter: 1000
  run_name: SpecAdj
--------------------------------------------------
Using local search with 1000 iterations
Local search improved energy to -1721.0
Results saved to: results/Gset/SpecAdj/G21.csv
  Seed 2/10 (seed=43)
Initialized SpecAdj solver (GPU sparse). Results will be saved under 'SpecAdj'.
Parameters:
  instance_name: G21.txt
  dataset: Gset
  random_seed: 43
  mode: 0
  beta: None
  alpha: 0
  use_local_search: True
  max_local_iterations: 1000
  eigsh_tol: 1e-06
  eigsh_maxiter: 1000
  run_name: SpecAdj
--------------------------------------------------
Using local search with 1000 iterations
Local search improved energy to -1701.0
Results saved to: results/Gset/SpecAdj/G21.csv
  Seed 3/10 (seed=44)
Initialized SpecAdj solver (GPU sparse). Results will be saved under 'SpecAdj'.
Parameters:
  instance_name: G21.txt
  dataset: Gset
  random_seed: 44
  mode: 0
  beta: None
  alpha: 0
  use_local_search: True
  max_local_iterations: 1000
  eigsh_tol: 1e-06
  eigsh_maxiter: 1000
  run_name: SpecAdj
--------------------------------------------------
Using local search with 1000 iterations
Local search improved energy to -1711.0000000000002
Results saved to: results/Gset/SpecAdj/G21.csv
  Seed 4/10 (seed=45)
Initialized SpecAdj solver (GPU sparse). Results will be saved under 'SpecAdj'.
Parameters:
  instance_name: G21.txt
  dataset: Gset
  random_seed: 45
  mode: 0
  beta: None
  alpha: 0
  use_local_search: True
  max_local_iterations: 1000
  eigsh_tol: 1e-06
  eigsh_maxiter: 1000
  run_name: SpecAdj
--------------------------------------------------
Using local search with 1000 iterations
Local search improved energy to -1713.0000000000002
Results saved to: results/Gset/SpecAdj/G21.csv
  Seed 5/10 (seed=46)
Initialized SpecAdj solver (GPU sparse). Results will be saved under 'SpecAdj'.
Parameters:
  instance_name: G21.txt
  dataset: Gset
  random_seed: 46
  mode: 0
  beta: None
  alpha: 0
  use_local_search: True
  max_local_iterations: 1000
  eigsh_tol: 1e-06
  eigsh_maxiter: 1000
  run_name: SpecAdj
--------------------------------------------------
Using local search with 1000 iterations
Local search improved energy to -1713.0000000000002
Results saved to: results/Gset/SpecAdj/G21.csv
  Seed 6/10 (seed=47)
Initialized SpecAdj solver (GPU sparse). Results will be saved under 'SpecAdj'.
Parameters:
  instance_name: G21.txt
  dataset: Gset
  random_seed: 47
  mode: 0
  beta: None
  alpha: 0
  use_local_search: True
  max_local_iterations: 1000
  eigsh_tol: 1e-06
  eigsh_maxiter: 1000
  run_name: SpecAdj
--------------------------------------------------
Using local search with 1000 iterations
Local search improved energy to -1710.9999999999998
Results saved to: results/Gset/SpecAdj/G21.csv
  Seed 7/10 (seed=48)
Initialized SpecAdj solver (GPU sparse). Results will be saved under 'SpecAdj'.
Parameters:
  instance_name: G21.txt
  dataset: Gset
  random_seed: 48
  mode: 0
  beta: None
  alpha: 0
  use_local_search: True
  max_local_iterations: 1000
  eigsh_tol: 1e-06
  eigsh_maxiter: 1000
  run_name: SpecAdj
--------------------------------------------------
Using local search with 1000 iterations
Local search improved energy to -1705.0
Results saved to: results/Gset/SpecAdj/G21.csv
  Seed 8/10 (seed=49)
Initialized SpecAdj solver (GPU sparse). Results will be saved under 'SpecAdj'.
Parameters:
  instance_name: G21.txt
  dataset: Gset
  random_seed: 49
  mode: 0
  beta: None
  alpha: 0
  use_local_search: True
  max_local_iterations: 1000
  eigsh_tol: 1e-06
  eigsh_maxiter: 1000
  run_name: SpecAdj
--------------------------------------------------
Using local search with 1000 iterations
Local search improved energy to -1721.0000000000002
Results saved to: results/Gset/SpecAdj/G21.csv
  Seed 9/10 (seed=50)
Initialized SpecAdj solver (GPU sparse). Results will be saved under 'SpecAdj'.
Parameters:
  instance_name: G21.txt
  dataset: Gset
  random_seed: 50
  mode: 0
  beta: None
  alpha: 0
  use_local_search: True
  max_local_iterations: 1000
  eigsh_tol: 1e-06
  eigsh_maxiter: 1000
  run_name: SpecAdj
--------------------------------------------------
Using local search with 1000 iterations
Local search improved energy to -1719.0
Results saved to: results/Gset/SpecAdj/G21.csv
  Seed 10/10 (seed=51)
Initialized SpecAdj solver (GPU sparse). Results will be saved under 'SpecAdj'.
Parameters:
  instance_name: G21.txt
  dataset: Gset
  random_seed: 51
  mode: 0
  beta: None
  alpha: 0
  use_local_search: True
  max_local_iterations: 1000
  eigsh_tol: 1e-06
  eigsh_maxiter: 1000
  run_name: SpecAdj
--------------------------------------------------
Using local search with 1000 iterations
Local search improved energy to -1711.0000000000002
Results saved to: results/Gset/SpecAdj/G21.csv
Processing instance: G22.txt
  Seed 1/10 (seed=42)
Initialized SpecAdj solver (GPU sparse). Results will be saved under 'SpecAdj'.
Parameters:
  instance_name: G22.txt
  dataset: Gset
  random_seed: 42
  mode: 0
  beta: None
  alpha: 0
  use_local_search: True
  max_local_iterations: 1000
  eigsh_tol: 1e-06
  eigsh_maxiter: 1000
  run_name: SpecAdj
--------------------------------------------------
Using local search with 1000 iterations
Local search improved energy to -6336.000000000002
Results saved to: results/Gset/SpecAdj/G22.csv
  Seed 2/10 (seed=43)
Initialized SpecAdj solver (GPU sparse). Results will be saved under 'SpecAdj'.
Parameters:
  instance_name: G22.txt
  dataset: Gset
  random_seed: 43
  mode: 0
  beta: None
  alpha: 0
  use_local_search: True
  max_local_iterations: 1000
  eigsh_tol: 1e-06
  eigsh_maxiter: 1000
  run_name: SpecAdj
--------------------------------------------------
Using local search with 1000 iterations
Local search improved energy to -6290.000000000001
Results saved to: results/Gset/SpecAdj/G22.csv
  Seed 3/10 (seed=44)
Initialized SpecAdj solver (GPU sparse). Results will be saved under 'SpecAdj'.
Parameters:
  instance_name: G22.txt
  dataset: Gset
  random_seed: 44
  mode: 0
  beta: None
  alpha: 0
  use_local_search: True
  max_local_iterations: 1000
  eigsh_tol: 1e-06
  eigsh_maxiter: 1000
  run_name: SpecAdj
--------------------------------------------------
Using local search with 1000 iterations
Local search improved energy to -6321.999999999999
Results saved to: results/Gset/SpecAdj/G22.csv
  Seed 4/10 (seed=45)
Initialized SpecAdj solver (GPU sparse). Results will be saved under 'SpecAdj'.
Parameters:
  instance_name: G22.txt
  dataset: Gset
  random_seed: 45
  mode: 0
  beta: None
  alpha: 0
  use_local_search: True
  max_local_iterations: 1000
  eigsh_tol: 1e-06
  eigsh_maxiter: 1000
  run_name: SpecAdj
--------------------------------------------------
Using local search with 1000 iterations
Local search improved energy to -6306.0
Results saved to: results/Gset/SpecAdj/G22.csv
  Seed 5/10 (seed=46)
Initialized SpecAdj solver (GPU sparse). Results will be saved under 'SpecAdj'.
Parameters:
  instance_name: G22.txt
  dataset: Gset
  random_seed: 46
  mode: 0
  beta: None
  alpha: 0
  use_local_search: True
  max_local_iterations: 1000
  eigsh_tol: 1e-06
  eigsh_maxiter: 1000
  run_name: SpecAdj
--------------------------------------------------
Using local search with 1000 iterations
Local search improved energy to -6296.0
Results saved to: results/Gset/SpecAdj/G22.csv
  Seed 6/10 (seed=47)
Initialized SpecAdj solver (GPU sparse). Results will be saved under 'SpecAdj'.
Parameters:
  instance_name: G22.txt
  dataset: Gset
  random_seed: 47
  mode: 0
  beta: None
  alpha: 0
  use_local_search: True
  max_local_iterations: 1000
  eigsh_tol: 1e-06
  eigsh_maxiter: 1000
  run_name: SpecAdj
--------------------------------------------------
Using local search with 1000 iterations
Local search improved energy to -6282.000000000001
Results saved to: results/Gset/SpecAdj/G22.csv
  Seed 7/10 (seed=48)
Initialized SpecAdj solver (GPU sparse). Results will be saved under 'SpecAdj'.
Parameters:
  instance_name: G22.txt
  dataset: Gset
  random_seed: 48
  mode: 0
  beta: None
  alpha: 0
  use_local_search: True
  max_local_iterations: 1000
  eigsh_tol: 1e-06
  eigsh_maxiter: 1000
  run_name: SpecAdj
--------------------------------------------------
Using local search with 1000 iterations
Local search improved energy to -6296.0
Results saved to: results/Gset/SpecAdj/G22.csv
  Seed 8/10 (seed=49)
Initialized SpecAdj solver (GPU sparse). Results will be saved under 'SpecAdj'.
Parameters:
  instance_name: G22.txt
  dataset: Gset
  random_seed: 49
  mode: 0
  beta: None
  alpha: 0
  use_local_search: True
  max_local_iterations: 1000
  eigsh_tol: 1e-06
  eigsh_maxiter: 1000
  run_name: SpecAdj
--------------------------------------------------
Using local search with 1000 iterations
Local search improved energy to -6304.0
Results saved to: results/Gset/SpecAdj/G22.csv
  Seed 9/10 (seed=50)
Initialized SpecAdj solver (GPU sparse). Results will be saved under 'SpecAdj'.
Parameters:
  instance_name: G22.txt
  dataset: Gset
  random_seed: 50
  mode: 0
  beta: None
  alpha: 0
  use_local_search: True
  max_local_iterations: 1000
  eigsh_tol: 1e-06
  eigsh_maxiter: 1000
  run_name: SpecAdj
--------------------------------------------------
Using local search with 1000 iterations
Local search improved energy to -6282.000000000001
Results saved to: results/Gset/SpecAdj/G22.csv
  Seed 10/10 (seed=51)
Initialized SpecAdj solver (GPU sparse). Results will be saved under 'SpecAdj'.
Parameters:
  instance_name: G22.txt
  dataset: Gset
  random_seed: 51
  mode: 0
  beta: None
  alpha: 0
  use_local_search: True
  max_local_iterations: 1000
  eigsh_tol: 1e-06
  eigsh_maxiter: 1000
  run_name: SpecAdj
--------------------------------------------------
Using local search with 1000 iterations
Local search improved energy to -6314.0
Results saved to: results/Gset/SpecAdj/G22.csv
Processing instance: G23.txt
  Seed 1/10 (seed=42)
Initialized SpecAdj solver (GPU sparse). Results will be saved under 'SpecAdj'.
Parameters:
  instance_name: G23.txt
  dataset: Gset
  random_seed: 42
  mode: 0
  beta: None
  alpha: 0
  use_local_search: True
  max_local_iterations: 1000
  eigsh_tol: 1e-06
  eigsh_maxiter: 1000
  run_name: SpecAdj
--------------------------------------------------
Using local search with 1000 iterations
Local search improved energy to -6336.0
Results saved to: results/Gset/SpecAdj/G23.csv
  Seed 2/10 (seed=43)
Initialized SpecAdj solver (GPU sparse). Results will be saved under 'SpecAdj'.
Parameters:
  instance_name: G23.txt
  dataset: Gset
  random_seed: 43
  mode: 0
  beta: None
  alpha: 0
  use_local_search: True
  max_local_iterations: 1000
  eigsh_tol: 1e-06
  eigsh_maxiter: 1000
  run_name: SpecAdj
--------------------------------------------------
Using local search with 1000 iterations
Local search improved energy to -6355.999999999999
Results saved to: results/Gset/SpecAdj/G23.csv
  Seed 3/10 (seed=44)
Initialized SpecAdj solver (GPU sparse). Results will be saved under 'SpecAdj'.
Parameters:
  instance_name: G23.txt
  dataset: Gset
  random_seed: 44
  mode: 0
  beta: None
  alpha: 0
  use_local_search: True
  max_local_iterations: 1000
  eigsh_tol: 1e-06
  eigsh_maxiter: 1000
  run_name: SpecAdj
--------------------------------------------------
Using local search with 1000 iterations
Local search improved energy to -6335.999999999999
Results saved to: results/Gset/SpecAdj/G23.csv
  Seed 4/10 (seed=45)
Initialized SpecAdj solver (GPU sparse). Results will be saved under 'SpecAdj'.
Parameters:
  instance_name: G23.txt
  dataset: Gset
  random_seed: 45
  mode: 0
  beta: None
  alpha: 0
  use_local_search: True
  max_local_iterations: 1000
  eigsh_tol: 1e-06
  eigsh_maxiter: 1000
  run_name: SpecAdj
--------------------------------------------------
Using local search with 1000 iterations
Local search improved energy to -6322.0
Results saved to: results/Gset/SpecAdj/G23.csv
  Seed 5/10 (seed=46)
Initialized SpecAdj solver (GPU sparse). Results will be saved under 'SpecAdj'.
Parameters:
  instance_name: G23.txt
  dataset: Gset
  random_seed: 46
  mode: 0
  beta: None
  alpha: 0
  use_local_search: True
  max_local_iterations: 1000
  eigsh_tol: 1e-06
  eigsh_maxiter: 1000
  run_name: SpecAdj
--------------------------------------------------
Using local search with 1000 iterations
Local search improved energy to -6311.999999999999
Results saved to: results/Gset/SpecAdj/G23.csv
  Seed 6/10 (seed=47)
Initialized SpecAdj solver (GPU sparse). Results will be saved under 'SpecAdj'.
Parameters:
  instance_name: G23.txt
  dataset: Gset
  random_seed: 47
  mode: 0
  beta: None
  alpha: 0
  use_local_search: True
  max_local_iterations: 1000
  eigsh_tol: 1e-06
  eigsh_maxiter: 1000
  run_name: SpecAdj
--------------------------------------------------
Using local search with 1000 iterations
Local search improved energy to -6326.0
Results saved to: results/Gset/SpecAdj/G23.csv
  Seed 7/10 (seed=48)
Initialized SpecAdj solver (GPU sparse). Results will be saved under 'SpecAdj'.
Parameters:
  instance_name: G23.txt
  dataset: Gset
  random_seed: 48
  mode: 0
  beta: None
  alpha: 0
  use_local_search: True
  max_local_iterations: 1000
  eigsh_tol: 1e-06
  eigsh_maxiter: 1000
  run_name: SpecAdj
--------------------------------------------------
Using local search with 1000 iterations
Local search improved energy to -6305.999999999999
Results saved to: results/Gset/SpecAdj/G23.csv
  Seed 8/10 (seed=49)
Initialized SpecAdj solver (GPU sparse). Results will be saved under 'SpecAdj'.
Parameters:
  instance_name: G23.txt
  dataset: Gset
  random_seed: 49
  mode: 0
  beta: None
  alpha: 0
  use_local_search: True
  max_local_iterations: 1000
  eigsh_tol: 1e-06
  eigsh_maxiter: 1000
  run_name: SpecAdj
--------------------------------------------------
Using local search with 1000 iterations
Local search improved energy to -6335.999999999999
Results saved to: results/Gset/SpecAdj/G23.csv
  Seed 9/10 (seed=50)
Initialized SpecAdj solver (GPU sparse). Results will be saved under 'SpecAdj'.
Parameters:
  instance_name: G23.txt
  dataset: Gset
  random_seed: 50
  mode: 0
  beta: None
  alpha: 0
  use_local_search: True
  max_local_iterations: 1000
  eigsh_tol: 1e-06
  eigsh_maxiter: 1000
  run_name: SpecAdj
--------------------------------------------------
Using local search with 1000 iterations
Local search improved energy to -6348.0
Results saved to: results/Gset/SpecAdj/G23.csv
  Seed 10/10 (seed=51)
Initialized SpecAdj solver (GPU sparse). Results will be saved under 'SpecAdj'.
Parameters:
  instance_name: G23.txt
  dataset: Gset
  random_seed: 51
  mode: 0
  beta: None
  alpha: 0
  use_local_search: True
  max_local_iterations: 1000
  eigsh_tol: 1e-06
  eigsh_maxiter: 1000
  run_name: SpecAdj
--------------------------------------------------
Using local search with 1000 iterations
Local search improved energy to -6307.999999999999
Results saved to: results/Gset/SpecAdj/G23.csv
Processing instance: G24.txt
  Seed 1/10 (seed=42)
Initialized SpecAdj solver (GPU sparse). Results will be saved under 'SpecAdj'.
Parameters:
  instance_name: G24.txt
  dataset: Gset
  random_seed: 42
  mode: 0
  beta: None
  alpha: 0
  use_local_search: True
  max_local_iterations: 1000
  eigsh_tol: 1e-06
  eigsh_maxiter: 1000
  run_name: SpecAdj
--------------------------------------------------
Using local search with 1000 iterations
Local search improved energy to -6316.0
Results saved to: results/Gset/SpecAdj/G24.csv
  Seed 2/10 (seed=43)
Initialized SpecAdj solver (GPU sparse). Results will be saved under 'SpecAdj'.
Parameters:
  instance_name: G24.txt
  dataset: Gset
  random_seed: 43
  mode: 0
  beta: None
  alpha: 0
  use_local_search: True
  max_local_iterations: 1000
  eigsh_tol: 1e-06
  eigsh_maxiter: 1000
  run_name: SpecAdj
--------------------------------------------------
Using local search with 1000 iterations
Local search improved energy to -6348.0
Results saved to: results/Gset/SpecAdj/G24.csv
  Seed 3/10 (seed=44)
Initialized SpecAdj solver (GPU sparse). Results will be saved under 'SpecAdj'.
Parameters:
  instance_name: G24.txt
  dataset: Gset
  random_seed: 44
  mode: 0
  beta: None
  alpha: 0
  use_local_search: True
  max_local_iterations: 1000
  eigsh_tol: 1e-06
  eigsh_maxiter: 1000
  run_name: SpecAdj
--------------------------------------------------
Using local search with 1000 iterations
Local search improved energy to -6332.0
Results saved to: results/Gset/SpecAdj/G24.csv
  Seed 4/10 (seed=45)
Initialized SpecAdj solver (GPU sparse). Results will be saved under 'SpecAdj'.
Parameters:
  instance_name: G24.txt
  dataset: Gset
  random_seed: 45
  mode: 0
  beta: None
  alpha: 0
  use_local_search: True
  max_local_iterations: 1000
  eigsh_tol: 1e-06
  eigsh_maxiter: 1000
  run_name: SpecAdj
--------------------------------------------------
Using local search with 1000 iterations
Local search improved energy to -6311.999999999999
Results saved to: results/Gset/SpecAdj/G24.csv
  Seed 5/10 (seed=46)
Initialized SpecAdj solver (GPU sparse). Results will be saved under 'SpecAdj'.
Parameters:
  instance_name: G24.txt
  dataset: Gset
  random_seed: 46
  mode: 0
  beta: None
  alpha: 0
  use_local_search: True
  max_local_iterations: 1000
  eigsh_tol: 1e-06
  eigsh_maxiter: 1000
  run_name: SpecAdj
--------------------------------------------------
Using local search with 1000 iterations
Local search improved energy to -6312.0
Results saved to: results/Gset/SpecAdj/G24.csv
  Seed 6/10 (seed=47)
Initialized SpecAdj solver (GPU sparse). Results will be saved under 'SpecAdj'.
Parameters:
  instance_name: G24.txt
  dataset: Gset
  random_seed: 47
  mode: 0
  beta: None
  alpha: 0
  use_local_search: True
  max_local_iterations: 1000
  eigsh_tol: 1e-06
  eigsh_maxiter: 1000
  run_name: SpecAdj
--------------------------------------------------
Using local search with 1000 iterations
Local search improved energy to -6354.0
Results saved to: results/Gset/SpecAdj/G24.csv
  Seed 7/10 (seed=48)
Initialized SpecAdj solver (GPU sparse). Results will be saved under 'SpecAdj'.
Parameters:
  instance_name: G24.txt
  dataset: Gset
  random_seed: 48
  mode: 0
  beta: None
  alpha: 0
  use_local_search: True
  max_local_iterations: 1000
  eigsh_tol: 1e-06
  eigsh_maxiter: 1000
  run_name: SpecAdj
--------------------------------------------------
Using local search with 1000 iterations
Local search improved energy to -6347.999999999999
Results saved to: results/Gset/SpecAdj/G24.csv
  Seed 8/10 (seed=49)
Initialized SpecAdj solver (GPU sparse). Results will be saved under 'SpecAdj'.
Parameters:
  instance_name: G24.txt
  dataset: Gset
  random_seed: 49
  mode: 0
  beta: None
  alpha: 0
  use_local_search: True
  max_local_iterations: 1000
  eigsh_tol: 1e-06
  eigsh_maxiter: 1000
  run_name: SpecAdj
--------------------------------------------------
Using local search with 1000 iterations
Local search improved energy to -6321.999999999999
Results saved to: results/Gset/SpecAdj/G24.csv
  Seed 9/10 (seed=50)
Initialized SpecAdj solver (GPU sparse). Results will be saved under 'SpecAdj'.
Parameters:
  instance_name: G24.txt
  dataset: Gset
  random_seed: 50
  mode: 0
  beta: None
  alpha: 0
  use_local_search: True
  max_local_iterations: 1000
  eigsh_tol: 1e-06
  eigsh_maxiter: 1000
  run_name: SpecAdj
--------------------------------------------------
Using local search with 1000 iterations
Local search improved energy to -6321.999999999999
Results saved to: results/Gset/SpecAdj/G24.csv
  Seed 10/10 (seed=51)
Initialized SpecAdj solver (GPU sparse). Results will be saved under 'SpecAdj'.
Parameters:
  instance_name: G24.txt
  dataset: Gset
  random_seed: 51
  mode: 0
  beta: None
  alpha: 0
  use_local_search: True
  max_local_iterations: 1000
  eigsh_tol: 1e-06
  eigsh_maxiter: 1000
  run_name: SpecAdj
--------------------------------------------------
Using local search with 1000 iterations
Local search improved energy to -6361.999999999999
Results saved to: results/Gset/SpecAdj/G24.csv
Processing instance: G25.txt
  Seed 1/10 (seed=42)
Initialized SpecAdj solver (GPU sparse). Results will be saved under 'SpecAdj'.
Parameters:
  instance_name: G25.txt
  dataset: Gset
  random_seed: 42
  mode: 0
  beta: None
  alpha: 0
  use_local_search: True
  max_local_iterations: 1000
  eigsh_tol: 1e-06
  eigsh_maxiter: 1000
  run_name: SpecAdj
--------------------------------------------------
Using local search with 1000 iterations
Local search improved energy to -6264.0
Results saved to: results/Gset/SpecAdj/G25.csv
  Seed 2/10 (seed=43)
Initialized SpecAdj solver (GPU sparse). Results will be saved under 'SpecAdj'.
Parameters:
  instance_name: G25.txt
  dataset: Gset
  random_seed: 43
  mode: 0
  beta: None
  alpha: 0
  use_local_search: True
  max_local_iterations: 1000
  eigsh_tol: 1e-06
  eigsh_maxiter: 1000
  run_name: SpecAdj
--------------------------------------------------
Using local search with 1000 iterations
Local search improved energy to -6288.000000000001
Results saved to: results/Gset/SpecAdj/G25.csv
  Seed 3/10 (seed=44)
Initialized SpecAdj solver (GPU sparse). Results will be saved under 'SpecAdj'.
Parameters:
  instance_name: G25.txt
  dataset: Gset
  random_seed: 44
  mode: 0
  beta: None
  alpha: 0
  use_local_search: True
  max_local_iterations: 1000
  eigsh_tol: 1e-06
  eigsh_maxiter: 1000
  run_name: SpecAdj
--------------------------------------------------
Using local search with 1000 iterations
Local search improved energy to -6297.999999999999
Results saved to: results/Gset/SpecAdj/G25.csv
  Seed 4/10 (seed=45)
Initialized SpecAdj solver (GPU sparse). Results will be saved under 'SpecAdj'.
Parameters:
  instance_name: G25.txt
  dataset: Gset
  random_seed: 45
  mode: 0
  beta: None
  alpha: 0
  use_local_search: True
  max_local_iterations: 1000
  eigsh_tol: 1e-06
  eigsh_maxiter: 1000
  run_name: SpecAdj
--------------------------------------------------
Using local search with 1000 iterations
Local search improved energy to -6290.0
Results saved to: results/Gset/SpecAdj/G25.csv
  Seed 5/10 (seed=46)
Initialized SpecAdj solver (GPU sparse). Results will be saved under 'SpecAdj'.
Parameters:
  instance_name: G25.txt
  dataset: Gset
  random_seed: 46
  mode: 0
  beta: None
  alpha: 0
  use_local_search: True
  max_local_iterations: 1000
  eigsh_tol: 1e-06
  eigsh_maxiter: 1000
  run_name: SpecAdj
--------------------------------------------------
Using local search with 1000 iterations
Local search improved energy to -6286.0
Results saved to: results/Gset/SpecAdj/G25.csv
  Seed 6/10 (seed=47)
Initialized SpecAdj solver (GPU sparse). Results will be saved under 'SpecAdj'.
Parameters:
  instance_name: G25.txt
  dataset: Gset
  random_seed: 47
  mode: 0
  beta: None
  alpha: 0
  use_local_search: True
  max_local_iterations: 1000
  eigsh_tol: 1e-06
  eigsh_maxiter: 1000
  run_name: SpecAdj
--------------------------------------------------
Using local search with 1000 iterations
Local search improved energy to -6283.999999999999
Results saved to: results/Gset/SpecAdj/G25.csv
  Seed 7/10 (seed=48)
Initialized SpecAdj solver (GPU sparse). Results will be saved under 'SpecAdj'.
Parameters:
  instance_name: G25.txt
  dataset: Gset
  random_seed: 48
  mode: 0
  beta: None
  alpha: 0
  use_local_search: True
  max_local_iterations: 1000
  eigsh_tol: 1e-06
  eigsh_maxiter: 1000
  run_name: SpecAdj
--------------------------------------------------
Using local search with 1000 iterations
Local search improved energy to -6282.0
Results saved to: results/Gset/SpecAdj/G25.csv
  Seed 8/10 (seed=49)
Initialized SpecAdj solver (GPU sparse). Results will be saved under 'SpecAdj'.
Parameters:
  instance_name: G25.txt
  dataset: Gset
  random_seed: 49
  mode: 0
  beta: None
  alpha: 0
  use_local_search: True
  max_local_iterations: 1000
  eigsh_tol: 1e-06
  eigsh_maxiter: 1000
  run_name: SpecAdj
--------------------------------------------------
Using local search with 1000 iterations
Local search improved energy to -6320.0
Results saved to: results/Gset/SpecAdj/G25.csv
  Seed 9/10 (seed=50)
Initialized SpecAdj solver (GPU sparse). Results will be saved under 'SpecAdj'.
Parameters:
  instance_name: G25.txt
  dataset: Gset
  random_seed: 50
  mode: 0
  beta: None
  alpha: 0
  use_local_search: True
  max_local_iterations: 1000
  eigsh_tol: 1e-06
  eigsh_maxiter: 1000
  run_name: SpecAdj
--------------------------------------------------
Using local search with 1000 iterations
Local search improved energy to -6270.0
Results saved to: results/Gset/SpecAdj/G25.csv
  Seed 10/10 (seed=51)
Initialized SpecAdj solver (GPU sparse). Results will be saved under 'SpecAdj'.
Parameters:
  instance_name: G25.txt
  dataset: Gset
  random_seed: 51
  mode: 0
  beta: None
  alpha: 0
  use_local_search: True
  max_local_iterations: 1000
  eigsh_tol: 1e-06
  eigsh_maxiter: 1000
  run_name: SpecAdj
--------------------------------------------------
Using local search with 1000 iterations
Local search improved energy to -6286.0
Results saved to: results/Gset/SpecAdj/G25.csv
Processing instance: G26.txt
  Seed 1/10 (seed=42)
Initialized SpecAdj solver (GPU sparse). Results will be saved under 'SpecAdj'.
Parameters:
  instance_name: G26.txt
  dataset: Gset
  random_seed: 42
  mode: 0
  beta: None
  alpha: 0
  use_local_search: True
  max_local_iterations: 1000
  eigsh_tol: 1e-06
  eigsh_maxiter: 1000
  run_name: SpecAdj
--------------------------------------------------
Using local search with 1000 iterations
Local search improved energy to -6216.0
Results saved to: results/Gset/SpecAdj/G26.csv
  Seed 2/10 (seed=43)
Initialized SpecAdj solver (GPU sparse). Results will be saved under 'SpecAdj'.
Parameters:
  instance_name: G26.txt
  dataset: Gset
  random_seed: 43
  mode: 0
  beta: None
  alpha: 0
  use_local_search: True
  max_local_iterations: 1000
  eigsh_tol: 1e-06
  eigsh_maxiter: 1000
  run_name: SpecAdj
--------------------------------------------------
Using local search with 1000 iterations
Local search improved energy to -6244.000000000001
Results saved to: results/Gset/SpecAdj/G26.csv
  Seed 3/10 (seed=44)
Initialized SpecAdj solver (GPU sparse). Results will be saved under 'SpecAdj'.
Parameters:
  instance_name: G26.txt
  dataset: Gset
  random_seed: 44
  mode: 0
  beta: None
  alpha: 0
  use_local_search: True
  max_local_iterations: 1000
  eigsh_tol: 1e-06
  eigsh_maxiter: 1000
  run_name: SpecAdj
--------------------------------------------------
Using local search with 1000 iterations
Local search improved energy to -6244.0
Results saved to: results/Gset/SpecAdj/G26.csv
  Seed 4/10 (seed=45)
Initialized SpecAdj solver (GPU sparse). Results will be saved under 'SpecAdj'.
Parameters:
  instance_name: G26.txt
  dataset: Gset
  random_seed: 45
  mode: 0
  beta: None
  alpha: 0
  use_local_search: True
  max_local_iterations: 1000
  eigsh_tol: 1e-06
  eigsh_maxiter: 1000
  run_name: SpecAdj
--------------------------------------------------
Using local search with 1000 iterations
Local search improved energy to -6236.0
Results saved to: results/Gset/SpecAdj/G26.csv
  Seed 5/10 (seed=46)
Initialized SpecAdj solver (GPU sparse). Results will be saved under 'SpecAdj'.
Parameters:
  instance_name: G26.txt
  dataset: Gset
  random_seed: 46
  mode: 0
  beta: None
  alpha: 0
  use_local_search: True
  max_local_iterations: 1000
  eigsh_tol: 1e-06
  eigsh_maxiter: 1000
  run_name: SpecAdj
--------------------------------------------------
Using local search with 1000 iterations
Local search improved energy to -6236.0
Results saved to: results/Gset/SpecAdj/G26.csv
  Seed 6/10 (seed=47)
Initialized SpecAdj solver (GPU sparse). Results will be saved under 'SpecAdj'.
Parameters:
  instance_name: G26.txt
  dataset: Gset
  random_seed: 47
  mode: 0
  beta: None
  alpha: 0
  use_local_search: True
  max_local_iterations: 1000
  eigsh_tol: 1e-06
  eigsh_maxiter: 1000
  run_name: SpecAdj
--------------------------------------------------
Using local search with 1000 iterations
Local search improved energy to -6230.0
Results saved to: results/Gset/SpecAdj/G26.csv
  Seed 7/10 (seed=48)
Initialized SpecAdj solver (GPU sparse). Results will be saved under 'SpecAdj'.
Parameters:
  instance_name: G26.txt
  dataset: Gset
  random_seed: 48
  mode: 0
  beta: None
  alpha: 0
  use_local_search: True
  max_local_iterations: 1000
  eigsh_tol: 1e-06
  eigsh_maxiter: 1000
  run_name: SpecAdj
--------------------------------------------------
Using local search with 1000 iterations
Local search improved energy to -6252.0
Results saved to: results/Gset/SpecAdj/G26.csv
  Seed 8/10 (seed=49)
Initialized SpecAdj solver (GPU sparse). Results will be saved under 'SpecAdj'.
Parameters:
  instance_name: G26.txt
  dataset: Gset
  random_seed: 49
  mode: 0
  beta: None
  alpha: 0
  use_local_search: True
  max_local_iterations: 1000
  eigsh_tol: 1e-06
  eigsh_maxiter: 1000
  run_name: SpecAdj
--------------------------------------------------
Using local search with 1000 iterations
Local search improved energy to -6220.000000000001
Results saved to: results/Gset/SpecAdj/G26.csv
  Seed 9/10 (seed=50)
Initialized SpecAdj solver (GPU sparse). Results will be saved under 'SpecAdj'.
Parameters:
  instance_name: G26.txt
  dataset: Gset
  random_seed: 50
  mode: 0
  beta: None
  alpha: 0
  use_local_search: True
  max_local_iterations: 1000
  eigsh_tol: 1e-06
  eigsh_maxiter: 1000
  run_name: SpecAdj
--------------------------------------------------
Using local search with 1000 iterations
Local search improved energy to -6274.000000000001
Results saved to: results/Gset/SpecAdj/G26.csv
  Seed 10/10 (seed=51)
Initialized SpecAdj solver (GPU sparse). Results will be saved under 'SpecAdj'.
Parameters:
  instance_name: G26.txt
  dataset: Gset
  random_seed: 51
  mode: 0
  beta: None
  alpha: 0
  use_local_search: True
  max_local_iterations: 1000
  eigsh_tol: 1e-06
  eigsh_maxiter: 1000
  run_name: SpecAdj
--------------------------------------------------
Using local search with 1000 iterations
Local search improved energy to -6242.0
Results saved to: results/Gset/SpecAdj/G26.csv
Processing instance: G27.txt
  Seed 1/10 (seed=42)
Initialized SpecAdj solver (GPU sparse). Results will be saved under 'SpecAdj'.
Parameters:
  instance_name: G27.txt
  dataset: Gset
  random_seed: 42
  mode: 0
  beta: None
  alpha: 0
  use_local_search: True
  max_local_iterations: 1000
  eigsh_tol: 1e-06
  eigsh_maxiter: 1000
  run_name: SpecAdj
--------------------------------------------------
Using local search with 1000 iterations
Local search improved energy to -6368.000000000001
Results saved to: results/Gset/SpecAdj/G27.csv
  Seed 2/10 (seed=43)
Initialized SpecAdj solver (GPU sparse). Results will be saved under 'SpecAdj'.
Parameters:
  instance_name: G27.txt
  dataset: Gset
  random_seed: 43
  mode: 0
  beta: None
  alpha: 0
  use_local_search: True
  max_local_iterations: 1000
  eigsh_tol: 1e-06
  eigsh_maxiter: 1000
  run_name: SpecAdj
--------------------------------------------------
Using local search with 1000 iterations
Local search improved energy to -6364.000000000001
Results saved to: results/Gset/SpecAdj/G27.csv
  Seed 3/10 (seed=44)
Initialized SpecAdj solver (GPU sparse). Results will be saved under 'SpecAdj'.
Parameters:
  instance_name: G27.txt
  dataset: Gset
  random_seed: 44
  mode: 0
  beta: None
  alpha: 0
  use_local_search: True
  max_local_iterations: 1000
  eigsh_tol: 1e-06
  eigsh_maxiter: 1000
  run_name: SpecAdj
--------------------------------------------------
Using local search with 1000 iterations
Local search improved energy to -6386.0
Results saved to: results/Gset/SpecAdj/G27.csv
  Seed 4/10 (seed=45)
Initialized SpecAdj solver (GPU sparse). Results will be saved under 'SpecAdj'.
Parameters:
  instance_name: G27.txt
  dataset: Gset
  random_seed: 45
  mode: 0
  beta: None
  alpha: 0
  use_local_search: True
  max_local_iterations: 1000
  eigsh_tol: 1e-06
  eigsh_maxiter: 1000
  run_name: SpecAdj
--------------------------------------------------
Using local search with 1000 iterations
Local search improved energy to -6364.000000000001
Results saved to: results/Gset/SpecAdj/G27.csv
  Seed 5/10 (seed=46)
Initialized SpecAdj solver (GPU sparse). Results will be saved under 'SpecAdj'.
Parameters:
  instance_name: G27.txt
  dataset: Gset
  random_seed: 46
  mode: 0
  beta: None
  alpha: 0
  use_local_search: True
  max_local_iterations: 1000
  eigsh_tol: 1e-06
  eigsh_maxiter: 1000
  run_name: SpecAdj
--------------------------------------------------
Using local search with 1000 iterations
Local search improved energy to -6318.000000000001
Results saved to: results/Gset/SpecAdj/G27.csv
  Seed 6/10 (seed=47)
Initialized SpecAdj solver (GPU sparse). Results will be saved under 'SpecAdj'.
Parameters:
  instance_name: G27.txt
  dataset: Gset
  random_seed: 47
  mode: 0
  beta: None
  alpha: 0
  use_local_search: True
  max_local_iterations: 1000
  eigsh_tol: 1e-06
  eigsh_maxiter: 1000
  run_name: SpecAdj
--------------------------------------------------
Using local search with 1000 iterations
Local search improved energy to -6326.000000000001
Results saved to: results/Gset/SpecAdj/G27.csv
  Seed 7/10 (seed=48)
Initialized SpecAdj solver (GPU sparse). Results will be saved under 'SpecAdj'.
Parameters:
  instance_name: G27.txt
  dataset: Gset
  random_seed: 48
  mode: 0
  beta: None
  alpha: 0
  use_local_search: True
  max_local_iterations: 1000
  eigsh_tol: 1e-06
  eigsh_maxiter: 1000
  run_name: SpecAdj
--------------------------------------------------
Using local search with 1000 iterations
Local search improved energy to -6380.000000000001
Results saved to: results/Gset/SpecAdj/G27.csv
  Seed 8/10 (seed=49)
Initialized SpecAdj solver (GPU sparse). Results will be saved under 'SpecAdj'.
Parameters:
  instance_name: G27.txt
  dataset: Gset
  random_seed: 49
  mode: 0
  beta: None
  alpha: 0
  use_local_search: True
  max_local_iterations: 1000
  eigsh_tol: 1e-06
  eigsh_maxiter: 1000
  run_name: SpecAdj
--------------------------------------------------
Using local search with 1000 iterations
Local search improved energy to -6386.000000000001
Results saved to: results/Gset/SpecAdj/G27.csv
  Seed 9/10 (seed=50)
Initialized SpecAdj solver (GPU sparse). Results will be saved under 'SpecAdj'.
Parameters:
  instance_name: G27.txt
  dataset: Gset
  random_seed: 50
  mode: 0
  beta: None
  alpha: 0
  use_local_search: True
  max_local_iterations: 1000
  eigsh_tol: 1e-06
  eigsh_maxiter: 1000
  run_name: SpecAdj
--------------------------------------------------
Using local search with 1000 iterations
Local search improved energy to -6346.000000000001
Results saved to: results/Gset/SpecAdj/G27.csv
  Seed 10/10 (seed=51)
Initialized SpecAdj solver (GPU sparse). Results will be saved under 'SpecAdj'.
Parameters:
  instance_name: G27.txt
  dataset: Gset
  random_seed: 51
  mode: 0
  beta: None
  alpha: 0
  use_local_search: True
  max_local_iterations: 1000
  eigsh_tol: 1e-06
  eigsh_maxiter: 1000
  run_name: SpecAdj
--------------------------------------------------
Using local search with 1000 iterations
Local search improved energy to -6406.0
Results saved to: results/Gset/SpecAdj/G27.csv
Processing instance: G28.txt
  Seed 1/10 (seed=42)
Initialized SpecAdj solver (GPU sparse). Results will be saved under 'SpecAdj'.
Parameters:
  instance_name: G28.txt
  dataset: Gset
  random_seed: 42
  mode: 0
  beta: None
  alpha: 0
  use_local_search: True
  max_local_iterations: 1000
  eigsh_tol: 1e-06
  eigsh_maxiter: 1000
  run_name: SpecAdj
--------------------------------------------------
Using local search with 1000 iterations
Local search improved energy to -6376.0
Results saved to: results/Gset/SpecAdj/G28.csv
  Seed 2/10 (seed=43)
Initialized SpecAdj solver (GPU sparse). Results will be saved under 'SpecAdj'.
Parameters:
  instance_name: G28.txt
  dataset: Gset
  random_seed: 43
  mode: 0
  beta: None
  alpha: 0
  use_local_search: True
  max_local_iterations: 1000
  eigsh_tol: 1e-06
  eigsh_maxiter: 1000
  run_name: SpecAdj
--------------------------------------------------
Using local search with 1000 iterations
Local search improved energy to -6413.999999999999
Results saved to: results/Gset/SpecAdj/G28.csv
  Seed 3/10 (seed=44)
Initialized SpecAdj solver (GPU sparse). Results will be saved under 'SpecAdj'.
Parameters:
  instance_name: G28.txt
  dataset: Gset
  random_seed: 44
  mode: 0
  beta: None
  alpha: 0
  use_local_search: True
  max_local_iterations: 1000
  eigsh_tol: 1e-06
  eigsh_maxiter: 1000
  run_name: SpecAdj
--------------------------------------------------
Using local search with 1000 iterations
Local search improved energy to -6374.000000000001
Results saved to: results/Gset/SpecAdj/G28.csv
  Seed 4/10 (seed=45)
Initialized SpecAdj solver (GPU sparse). Results will be saved under 'SpecAdj'.
Parameters:
  instance_name: G28.txt
  dataset: Gset
  random_seed: 45
  mode: 0
  beta: None
  alpha: 0
  use_local_search: True
  max_local_iterations: 1000
  eigsh_tol: 1e-06
  eigsh_maxiter: 1000
  run_name: SpecAdj
--------------------------------------------------
Using local search with 1000 iterations
Local search improved energy to -6418.0
Results saved to: results/Gset/SpecAdj/G28.csv
  Seed 5/10 (seed=46)
Initialized SpecAdj solver (GPU sparse). Results will be saved under 'SpecAdj'.
Parameters:
  instance_name: G28.txt
  dataset: Gset
  random_seed: 46
  mode: 0
  beta: None
  alpha: 0
  use_local_search: True
  max_local_iterations: 1000
  eigsh_tol: 1e-06
  eigsh_maxiter: 1000
  run_name: SpecAdj
--------------------------------------------------
Using local search with 1000 iterations
Local search improved energy to -6367.999999999999
Results saved to: results/Gset/SpecAdj/G28.csv
  Seed 6/10 (seed=47)
Initialized SpecAdj solver (GPU sparse). Results will be saved under 'SpecAdj'.
Parameters:
  instance_name: G28.txt
  dataset: Gset
  random_seed: 47
  mode: 0
  beta: None
  alpha: 0
  use_local_search: True
  max_local_iterations: 1000
  eigsh_tol: 1e-06
  eigsh_maxiter: 1000
  run_name: SpecAdj
--------------------------------------------------
Using local search with 1000 iterations
Local search improved energy to -6446.0
Results saved to: results/Gset/SpecAdj/G28.csv
  Seed 7/10 (seed=48)
Initialized SpecAdj solver (GPU sparse). Results will be saved under 'SpecAdj'.
Parameters:
  instance_name: G28.txt
  dataset: Gset
  random_seed: 48
  mode: 0
  beta: None
  alpha: 0
  use_local_search: True
  max_local_iterations: 1000
  eigsh_tol: 1e-06
  eigsh_maxiter: 1000
  run_name: SpecAdj
--------------------------------------------------
Using local search with 1000 iterations
Local search improved energy to -6386.0
Results saved to: results/Gset/SpecAdj/G28.csv
  Seed 8/10 (seed=49)
Initialized SpecAdj solver (GPU sparse). Results will be saved under 'SpecAdj'.
Parameters:
  instance_name: G28.txt
  dataset: Gset
  random_seed: 49
  mode: 0
  beta: None
  alpha: 0
  use_local_search: True
  max_local_iterations: 1000
  eigsh_tol: 1e-06
  eigsh_maxiter: 1000
  run_name: SpecAdj
--------------------------------------------------
Using local search with 1000 iterations
Local search improved energy to -6388.000000000001
Results saved to: results/Gset/SpecAdj/G28.csv
  Seed 9/10 (seed=50)
Initialized SpecAdj solver (GPU sparse). Results will be saved under 'SpecAdj'.
Parameters:
  instance_name: G28.txt
  dataset: Gset
  random_seed: 50
  mode: 0
  beta: None
  alpha: 0
  use_local_search: True
  max_local_iterations: 1000
  eigsh_tol: 1e-06
  eigsh_maxiter: 1000
  run_name: SpecAdj
--------------------------------------------------
Using local search with 1000 iterations
Local search improved energy to -6360.0
Results saved to: results/Gset/SpecAdj/G28.csv
  Seed 10/10 (seed=51)
Initialized SpecAdj solver (GPU sparse). Results will be saved under 'SpecAdj'.
Parameters:
  instance_name: G28.txt
  dataset: Gset
  random_seed: 51
  mode: 0
  beta: None
  alpha: 0
  use_local_search: True
  max_local_iterations: 1000
  eigsh_tol: 1e-06
  eigsh_maxiter: 1000
  run_name: SpecAdj
--------------------------------------------------
Using local search with 1000 iterations
Local search improved energy to -6420.000000000001
Results saved to: results/Gset/SpecAdj/G28.csv
Processing instance: G29.txt
  Seed 1/10 (seed=42)
Initialized SpecAdj solver (GPU sparse). Results will be saved under 'SpecAdj'.
Parameters:
  instance_name: G29.txt
  dataset: Gset
  random_seed: 42
  mode: 0
  beta: None
  alpha: 0
  use_local_search: True
  max_local_iterations: 1000
  eigsh_tol: 1e-06
  eigsh_maxiter: 1000
  run_name: SpecAdj
--------------------------------------------------
Using local search with 1000 iterations
Local search improved energy to -6314.0
Results saved to: results/Gset/SpecAdj/G29.csv
  Seed 2/10 (seed=43)
Initialized SpecAdj solver (GPU sparse). Results will be saved under 'SpecAdj'.
Parameters:
  instance_name: G29.txt
  dataset: Gset
  random_seed: 43
  mode: 0
  beta: None
  alpha: 0
  use_local_search: True
  max_local_iterations: 1000
  eigsh_tol: 1e-06
  eigsh_maxiter: 1000
  run_name: SpecAdj
--------------------------------------------------
Using local search with 1000 iterations
Local search improved energy to -6313.999999999999
Results saved to: results/Gset/SpecAdj/G29.csv
  Seed 3/10 (seed=44)
Initialized SpecAdj solver (GPU sparse). Results will be saved under 'SpecAdj'.
Parameters:
  instance_name: G29.txt
  dataset: Gset
  random_seed: 44
  mode: 0
  beta: None
  alpha: 0
  use_local_search: True
  max_local_iterations: 1000
  eigsh_tol: 1e-06
  eigsh_maxiter: 1000
  run_name: SpecAdj
--------------------------------------------------
Using local search with 1000 iterations
Local search improved energy to -6263.999999999999
Results saved to: results/Gset/SpecAdj/G29.csv
  Seed 4/10 (seed=45)
Initialized SpecAdj solver (GPU sparse). Results will be saved under 'SpecAdj'.
Parameters:
  instance_name: G29.txt
  dataset: Gset
  random_seed: 45
  mode: 0
  beta: None
  alpha: 0
  use_local_search: True
  max_local_iterations: 1000
  eigsh_tol: 1e-06
  eigsh_maxiter: 1000
  run_name: SpecAdj
--------------------------------------------------
Using local search with 1000 iterations
Local search improved energy to -6289.999999999999
Results saved to: results/Gset/SpecAdj/G29.csv
  Seed 5/10 (seed=46)
Initialized SpecAdj solver (GPU sparse). Results will be saved under 'SpecAdj'.
Parameters:
  instance_name: G29.txt
  dataset: Gset
  random_seed: 46
  mode: 0
  beta: None
  alpha: 0
  use_local_search: True
  max_local_iterations: 1000
  eigsh_tol: 1e-06
  eigsh_maxiter: 1000
  run_name: SpecAdj
--------------------------------------------------
Using local search with 1000 iterations
Local search improved energy to -6292.0
Results saved to: results/Gset/SpecAdj/G29.csv
  Seed 6/10 (seed=47)
Initialized SpecAdj solver (GPU sparse). Results will be saved under 'SpecAdj'.
Parameters:
  instance_name: G29.txt
  dataset: Gset
  random_seed: 47
  mode: 0
  beta: None
  alpha: 0
  use_local_search: True
  max_local_iterations: 1000
  eigsh_tol: 1e-06
  eigsh_maxiter: 1000
  run_name: SpecAdj
--------------------------------------------------
Using local search with 1000 iterations
Local search improved energy to -6292.0
Results saved to: results/Gset/SpecAdj/G29.csv
  Seed 7/10 (seed=48)
Initialized SpecAdj solver (GPU sparse). Results will be saved under 'SpecAdj'.
Parameters:
  instance_name: G29.txt
  dataset: Gset
  random_seed: 48
  mode: 0
  beta: None
  alpha: 0
  use_local_search: True
  max_local_iterations: 1000
  eigsh_tol: 1e-06
  eigsh_maxiter: 1000
  run_name: SpecAdj
--------------------------------------------------
Using local search with 1000 iterations
Local search improved energy to -6292.0
Results saved to: results/Gset/SpecAdj/G29.csv
  Seed 8/10 (seed=49)
Initialized SpecAdj solver (GPU sparse). Results will be saved under 'SpecAdj'.
Parameters:
  instance_name: G29.txt
  dataset: Gset
  random_seed: 49
  mode: 0
  beta: None
  alpha: 0
  use_local_search: True
  max_local_iterations: 1000
  eigsh_tol: 1e-06
  eigsh_maxiter: 1000
  run_name: SpecAdj
--------------------------------------------------
Using local search with 1000 iterations
Local search improved energy to -6298.0
Results saved to: results/Gset/SpecAdj/G29.csv
  Seed 9/10 (seed=50)
Initialized SpecAdj solver (GPU sparse). Results will be saved under 'SpecAdj'.
Parameters:
  instance_name: G29.txt
  dataset: Gset
  random_seed: 50
  mode: 0
  beta: None
  alpha: 0
  use_local_search: True
  max_local_iterations: 1000
  eigsh_tol: 1e-06
  eigsh_maxiter: 1000
  run_name: SpecAdj
--------------------------------------------------
Using local search with 1000 iterations
Local search improved energy to -6284.0
Results saved to: results/Gset/SpecAdj/G29.csv
  Seed 10/10 (seed=51)
Initialized SpecAdj solver (GPU sparse). Results will be saved under 'SpecAdj'.
Parameters:
  instance_name: G29.txt
  dataset: Gset
  random_seed: 51
  mode: 0
  beta: None
  alpha: 0
  use_local_search: True
  max_local_iterations: 1000
  eigsh_tol: 1e-06
  eigsh_maxiter: 1000
  run_name: SpecAdj
--------------------------------------------------
Using local search with 1000 iterations
Local search improved energy to -6306.000000000001
Results saved to: results/Gset/SpecAdj/G29.csv
Processing instance: G3.txt
  Seed 1/10 (seed=42)
Initialized SpecAdj solver (GPU sparse). Results will be saved under 'SpecAdj'.
Parameters:
  instance_name: G3.txt
  dataset: Gset
  random_seed: 42
  mode: 0
  beta: None
  alpha: 0
  use_local_search: True
  max_local_iterations: 1000
  eigsh_tol: 1e-06
  eigsh_maxiter: 1000
  run_name: SpecAdj
--------------------------------------------------
Using local search with 1000 iterations
Local search did not improve energy to -3351.9999999999995
Results saved to: results/Gset/SpecAdj/G3.csv
  Seed 2/10 (seed=43)
Initialized SpecAdj solver (GPU sparse). Results will be saved under 'SpecAdj'.
Parameters:
  instance_name: G3.txt
  dataset: Gset
  random_seed: 43
  mode: 0
  beta: None
  alpha: 0
  use_local_search: True
  max_local_iterations: 1000
  eigsh_tol: 1e-06
  eigsh_maxiter: 1000
  run_name: SpecAdj
--------------------------------------------------
Using local search with 1000 iterations
Local search did not improve energy to -3351.9999999999995
Results saved to: results/Gset/SpecAdj/G3.csv
  Seed 3/10 (seed=44)
Initialized SpecAdj solver (GPU sparse). Results will be saved under 'SpecAdj'.
Parameters:
  instance_name: G3.txt
  dataset: Gset
  random_seed: 44
  mode: 0
  beta: None
  alpha: 0
  use_local_search: True
  max_local_iterations: 1000
  eigsh_tol: 1e-06
  eigsh_maxiter: 1000
  run_name: SpecAdj
--------------------------------------------------
Using local search with 1000 iterations
Local search did not improve energy to -3351.9999999999995
Results saved to: results/Gset/SpecAdj/G3.csv
  Seed 4/10 (seed=45)
Initialized SpecAdj solver (GPU sparse). Results will be saved under 'SpecAdj'.
Parameters:
  instance_name: G3.txt
  dataset: Gset
  random_seed: 45
  mode: 0
  beta: None
  alpha: 0
  use_local_search: True
  max_local_iterations: 1000
  eigsh_tol: 1e-06
  eigsh_maxiter: 1000
  run_name: SpecAdj
--------------------------------------------------
Using local search with 1000 iterations
Local search did not improve energy to -3351.9999999999995
Results saved to: results/Gset/SpecAdj/G3.csv
  Seed 5/10 (seed=46)
Initialized SpecAdj solver (GPU sparse). Results will be saved under 'SpecAdj'.
Parameters:
  instance_name: G3.txt
  dataset: Gset
  random_seed: 46
  mode: 0
  beta: None
  alpha: 0
  use_local_search: True
  max_local_iterations: 1000
  eigsh_tol: 1e-06
  eigsh_maxiter: 1000
  run_name: SpecAdj
--------------------------------------------------
Using local search with 1000 iterations
Local search did not improve energy to -3351.9999999999995
Results saved to: results/Gset/SpecAdj/G3.csv
  Seed 6/10 (seed=47)
Initialized SpecAdj solver (GPU sparse). Results will be saved under 'SpecAdj'.
Parameters:
  instance_name: G3.txt
  dataset: Gset
  random_seed: 47
  mode: 0
  beta: None
  alpha: 0
  use_local_search: True
  max_local_iterations: 1000
  eigsh_tol: 1e-06
  eigsh_maxiter: 1000
  run_name: SpecAdj
--------------------------------------------------
Using local search with 1000 iterations
Local search did not improve energy to -3351.9999999999995
Results saved to: results/Gset/SpecAdj/G3.csv
  Seed 7/10 (seed=48)
Initialized SpecAdj solver (GPU sparse). Results will be saved under 'SpecAdj'.
Parameters:
  instance_name: G3.txt
  dataset: Gset
  random_seed: 48
  mode: 0
  beta: None
  alpha: 0
  use_local_search: True
  max_local_iterations: 1000
  eigsh_tol: 1e-06
  eigsh_maxiter: 1000
  run_name: SpecAdj
--------------------------------------------------
Using local search with 1000 iterations
Local search did not improve energy to -3351.9999999999995
Results saved to: results/Gset/SpecAdj/G3.csv
  Seed 8/10 (seed=49)
Initialized SpecAdj solver (GPU sparse). Results will be saved under 'SpecAdj'.
Parameters:
  instance_name: G3.txt
  dataset: Gset
  random_seed: 49
  mode: 0
  beta: None
  alpha: 0
  use_local_search: True
  max_local_iterations: 1000
  eigsh_tol: 1e-06
  eigsh_maxiter: 1000
  run_name: SpecAdj
--------------------------------------------------
Using local search with 1000 iterations
Local search did not improve energy to -3351.9999999999995
Results saved to: results/Gset/SpecAdj/G3.csv
  Seed 9/10 (seed=50)
Initialized SpecAdj solver (GPU sparse). Results will be saved under 'SpecAdj'.
Parameters:
  instance_name: G3.txt
  dataset: Gset
  random_seed: 50
  mode: 0
  beta: None
  alpha: 0
  use_local_search: True
  max_local_iterations: 1000
  eigsh_tol: 1e-06
  eigsh_maxiter: 1000
  run_name: SpecAdj
--------------------------------------------------
Using local search with 1000 iterations
Local search did not improve energy to -3351.9999999999995
Results saved to: results/Gset/SpecAdj/G3.csv
  Seed 10/10 (seed=51)
Initialized SpecAdj solver (GPU sparse). Results will be saved under 'SpecAdj'.
Parameters:
  instance_name: G3.txt
  dataset: Gset
  random_seed: 51
  mode: 0
  beta: None
  alpha: 0
  use_local_search: True
  max_local_iterations: 1000
  eigsh_tol: 1e-06
  eigsh_maxiter: 1000
  run_name: SpecAdj
--------------------------------------------------
Using local search with 1000 iterations
Local search did not improve energy to -3351.9999999999995
Results saved to: results/Gset/SpecAdj/G3.csv
Processing instance: G30.txt
  Seed 1/10 (seed=42)
Initialized SpecAdj solver (GPU sparse). Results will be saved under 'SpecAdj'.
Parameters:
  instance_name: G30.txt
  dataset: Gset
  random_seed: 42
  mode: 0
  beta: None
  alpha: 0
  use_local_search: True
  max_local_iterations: 1000
  eigsh_tol: 1e-06
  eigsh_maxiter: 1000
  run_name: SpecAdj
--------------------------------------------------
Using local search with 1000 iterations
Local search improved energy to -6277.999999999999
Results saved to: results/Gset/SpecAdj/G30.csv
  Seed 2/10 (seed=43)
Initialized SpecAdj solver (GPU sparse). Results will be saved under 'SpecAdj'.
Parameters:
  instance_name: G30.txt
  dataset: Gset
  random_seed: 43
  mode: 0
  beta: None
  alpha: 0
  use_local_search: True
  max_local_iterations: 1000
  eigsh_tol: 1e-06
  eigsh_maxiter: 1000
  run_name: SpecAdj
--------------------------------------------------
Using local search with 1000 iterations
Local search improved energy to -6326.0
Results saved to: results/Gset/SpecAdj/G30.csv
  Seed 3/10 (seed=44)
Initialized SpecAdj solver (GPU sparse). Results will be saved under 'SpecAdj'.
Parameters:
  instance_name: G30.txt
  dataset: Gset
  random_seed: 44
  mode: 0
  beta: None
  alpha: 0
  use_local_search: True
  max_local_iterations: 1000
  eigsh_tol: 1e-06
  eigsh_maxiter: 1000
  run_name: SpecAdj
--------------------------------------------------
Using local search with 1000 iterations
Local search improved energy to -6326.0
Results saved to: results/Gset/SpecAdj/G30.csv
  Seed 4/10 (seed=45)
Initialized SpecAdj solver (GPU sparse). Results will be saved under 'SpecAdj'.
Parameters:
  instance_name: G30.txt
  dataset: Gset
  random_seed: 45
  mode: 0
  beta: None
  alpha: 0
  use_local_search: True
  max_local_iterations: 1000
  eigsh_tol: 1e-06
  eigsh_maxiter: 1000
  run_name: SpecAdj
--------------------------------------------------
Using local search with 1000 iterations
Local search improved energy to -6331.999999999999
Results saved to: results/Gset/SpecAdj/G30.csv
  Seed 5/10 (seed=46)
Initialized SpecAdj solver (GPU sparse). Results will be saved under 'SpecAdj'.
Parameters:
  instance_name: G30.txt
  dataset: Gset
  random_seed: 46
  mode: 0
  beta: None
  alpha: 0
  use_local_search: True
  max_local_iterations: 1000
  eigsh_tol: 1e-06
  eigsh_maxiter: 1000
  run_name: SpecAdj
--------------------------------------------------
Using local search with 1000 iterations
Local search improved energy to -6297.999999999999
Results saved to: results/Gset/SpecAdj/G30.csv
  Seed 6/10 (seed=47)
Initialized SpecAdj solver (GPU sparse). Results will be saved under 'SpecAdj'.
Parameters:
  instance_name: G30.txt
  dataset: Gset
  random_seed: 47
  mode: 0
  beta: None
  alpha: 0
  use_local_search: True
  max_local_iterations: 1000
  eigsh_tol: 1e-06
  eigsh_maxiter: 1000
  run_name: SpecAdj
--------------------------------------------------
Using local search with 1000 iterations
Local search improved energy to -6326.0
Results saved to: results/Gset/SpecAdj/G30.csv
  Seed 7/10 (seed=48)
Initialized SpecAdj solver (GPU sparse). Results will be saved under 'SpecAdj'.
Parameters:
  instance_name: G30.txt
  dataset: Gset
  random_seed: 48
  mode: 0
  beta: None
  alpha: 0
  use_local_search: True
  max_local_iterations: 1000
  eigsh_tol: 1e-06
  eigsh_maxiter: 1000
  run_name: SpecAdj
--------------------------------------------------
Using local search with 1000 iterations
Local search improved energy to -6297.999999999999
Results saved to: results/Gset/SpecAdj/G30.csv
  Seed 8/10 (seed=49)
Initialized SpecAdj solver (GPU sparse). Results will be saved under 'SpecAdj'.
Parameters:
  instance_name: G30.txt
  dataset: Gset
  random_seed: 49
  mode: 0
  beta: None
  alpha: 0
  use_local_search: True
  max_local_iterations: 1000
  eigsh_tol: 1e-06
  eigsh_maxiter: 1000
  run_name: SpecAdj
--------------------------------------------------
Using local search with 1000 iterations
Local search improved energy to -6328.000000000001
Results saved to: results/Gset/SpecAdj/G30.csv
  Seed 9/10 (seed=50)
Initialized SpecAdj solver (GPU sparse). Results will be saved under 'SpecAdj'.
Parameters:
  instance_name: G30.txt
  dataset: Gset
  random_seed: 50
  mode: 0
  beta: None
  alpha: 0
  use_local_search: True
  max_local_iterations: 1000
  eigsh_tol: 1e-06
  eigsh_maxiter: 1000
  run_name: SpecAdj
--------------------------------------------------
Using local search with 1000 iterations
Local search improved energy to -6266.0
Results saved to: results/Gset/SpecAdj/G30.csv
  Seed 10/10 (seed=51)
Initialized SpecAdj solver (GPU sparse). Results will be saved under 'SpecAdj'.
Parameters:
  instance_name: G30.txt
  dataset: Gset
  random_seed: 51
  mode: 0
  beta: None
  alpha: 0
  use_local_search: True
  max_local_iterations: 1000
  eigsh_tol: 1e-06
  eigsh_maxiter: 1000
  run_name: SpecAdj
--------------------------------------------------
Using local search with 1000 iterations
Local search improved energy to -6280.0
Results saved to: results/Gset/SpecAdj/G30.csv
Processing instance: G31.txt
  Seed 1/10 (seed=42)
Initialized SpecAdj solver (GPU sparse). Results will be saved under 'SpecAdj'.
Parameters:
  instance_name: G31.txt
  dataset: Gset
  random_seed: 42
  mode: 0
  beta: None
  alpha: 0
  use_local_search: True
  max_local_iterations: 1000
  eigsh_tol: 1e-06
  eigsh_maxiter: 1000
  run_name: SpecAdj
--------------------------------------------------
Using local search with 1000 iterations
Local search improved energy to -6428.0
Results saved to: results/Gset/SpecAdj/G31.csv
  Seed 2/10 (seed=43)
Initialized SpecAdj solver (GPU sparse). Results will be saved under 'SpecAdj'.
Parameters:
  instance_name: G31.txt
  dataset: Gset
  random_seed: 43
  mode: 0
  beta: None
  alpha: 0
  use_local_search: True
  max_local_iterations: 1000
  eigsh_tol: 1e-06
  eigsh_maxiter: 1000
  run_name: SpecAdj
--------------------------------------------------
Using local search with 1000 iterations
Local search improved energy to -6442.0
Results saved to: results/Gset/SpecAdj/G31.csv
  Seed 3/10 (seed=44)
Initialized SpecAdj solver (GPU sparse). Results will be saved under 'SpecAdj'.
Parameters:
  instance_name: G31.txt
  dataset: Gset
  random_seed: 44
  mode: 0
  beta: None
  alpha: 0
  use_local_search: True
  max_local_iterations: 1000
  eigsh_tol: 1e-06
  eigsh_maxiter: 1000
  run_name: SpecAdj
--------------------------------------------------
Using local search with 1000 iterations
Local search improved energy to -6364.000000000001
Results saved to: results/Gset/SpecAdj/G31.csv
  Seed 4/10 (seed=45)
Initialized SpecAdj solver (GPU sparse). Results will be saved under 'SpecAdj'.
Parameters:
  instance_name: G31.txt
  dataset: Gset
  random_seed: 45
  mode: 0
  beta: None
  alpha: 0
  use_local_search: True
  max_local_iterations: 1000
  eigsh_tol: 1e-06
  eigsh_maxiter: 1000
  run_name: SpecAdj
--------------------------------------------------
Using local search with 1000 iterations
Local search improved energy to -6374.0
Results saved to: results/Gset/SpecAdj/G31.csv
  Seed 5/10 (seed=46)
Initialized SpecAdj solver (GPU sparse). Results will be saved under 'SpecAdj'.
Parameters:
  instance_name: G31.txt
  dataset: Gset
  random_seed: 46
  mode: 0
  beta: None
  alpha: 0
  use_local_search: True
  max_local_iterations: 1000
  eigsh_tol: 1e-06
  eigsh_maxiter: 1000
  run_name: SpecAdj
--------------------------------------------------
Using local search with 1000 iterations
Local search improved energy to -6368.000000000001
Results saved to: results/Gset/SpecAdj/G31.csv
  Seed 6/10 (seed=47)
Initialized SpecAdj solver (GPU sparse). Results will be saved under 'SpecAdj'.
Parameters:
  instance_name: G31.txt
  dataset: Gset
  random_seed: 47
  mode: 0
  beta: None
  alpha: 0
  use_local_search: True
  max_local_iterations: 1000
  eigsh_tol: 1e-06
  eigsh_maxiter: 1000
  run_name: SpecAdj
--------------------------------------------------
Using local search with 1000 iterations
Local search improved energy to -6412.0
Results saved to: results/Gset/SpecAdj/G31.csv
  Seed 7/10 (seed=48)
Initialized SpecAdj solver (GPU sparse). Results will be saved under 'SpecAdj'.
Parameters:
  instance_name: G31.txt
  dataset: Gset
  random_seed: 48
  mode: 0
  beta: None
  alpha: 0
  use_local_search: True
  max_local_iterations: 1000
  eigsh_tol: 1e-06
  eigsh_maxiter: 1000
  run_name: SpecAdj
--------------------------------------------------
Using local search with 1000 iterations
Local search improved energy to -6392.0
Results saved to: results/Gset/SpecAdj/G31.csv
  Seed 8/10 (seed=49)
Initialized SpecAdj solver (GPU sparse). Results will be saved under 'SpecAdj'.
Parameters:
  instance_name: G31.txt
  dataset: Gset
  random_seed: 49
  mode: 0
  beta: None
  alpha: 0
  use_local_search: True
  max_local_iterations: 1000
  eigsh_tol: 1e-06
  eigsh_maxiter: 1000
  run_name: SpecAdj
--------------------------------------------------
Using local search with 1000 iterations
Local search improved energy to -6401.999999999999
Results saved to: results/Gset/SpecAdj/G31.csv
  Seed 9/10 (seed=50)
Initialized SpecAdj solver (GPU sparse). Results will be saved under 'SpecAdj'.
Parameters:
  instance_name: G31.txt
  dataset: Gset
  random_seed: 50
  mode: 0
  beta: None
  alpha: 0
  use_local_search: True
  max_local_iterations: 1000
  eigsh_tol: 1e-06
  eigsh_maxiter: 1000
  run_name: SpecAdj
--------------------------------------------------
Using local search with 1000 iterations
Local search improved energy to -6404.0
Results saved to: results/Gset/SpecAdj/G31.csv
  Seed 10/10 (seed=51)
Initialized SpecAdj solver (GPU sparse). Results will be saved under 'SpecAdj'.
Parameters:
  instance_name: G31.txt
  dataset: Gset
  random_seed: 51
  mode: 0
  beta: None
  alpha: 0
  use_local_search: True
  max_local_iterations: 1000
  eigsh_tol: 1e-06
  eigsh_maxiter: 1000
  run_name: SpecAdj
--------------------------------------------------
Using local search with 1000 iterations
Local search improved energy to -6410.0
Results saved to: results/Gset/SpecAdj/G31.csv
Processing instance: G32.txt
  Seed 1/10 (seed=42)
Initialized SpecAdj solver (GPU sparse). Results will be saved under 'SpecAdj'.
Parameters:
  instance_name: G32.txt
  dataset: Gset
  random_seed: 42
  mode: 0
  beta: None
  alpha: 0
  use_local_search: True
  max_local_iterations: 1000
  eigsh_tol: 1e-06
  eigsh_maxiter: 1000
  run_name: SpecAdj
--------------------------------------------------
Using local search with 1000 iterations
Local search improved energy to -2606.0
Results saved to: results/Gset/SpecAdj/G32.csv
  Seed 2/10 (seed=43)
Initialized SpecAdj solver (GPU sparse). Results will be saved under 'SpecAdj'.
Parameters:
  instance_name: G32.txt
  dataset: Gset
  random_seed: 43
  mode: 0
  beta: None
  alpha: 0
  use_local_search: True
  max_local_iterations: 1000
  eigsh_tol: 1e-06
  eigsh_maxiter: 1000
  run_name: SpecAdj
--------------------------------------------------
Using local search with 1000 iterations
Local search improved energy to -2586.0
Results saved to: results/Gset/SpecAdj/G32.csv
  Seed 3/10 (seed=44)
Initialized SpecAdj solver (GPU sparse). Results will be saved under 'SpecAdj'.
Parameters:
  instance_name: G32.txt
  dataset: Gset
  random_seed: 44
  mode: 0
  beta: None
  alpha: 0
  use_local_search: True
  max_local_iterations: 1000
  eigsh_tol: 1e-06
  eigsh_maxiter: 1000
  run_name: SpecAdj
--------------------------------------------------
Using local search with 1000 iterations
Local search improved energy to -2618.0
Results saved to: results/Gset/SpecAdj/G32.csv
  Seed 4/10 (seed=45)
Initialized SpecAdj solver (GPU sparse). Results will be saved under 'SpecAdj'.
Parameters:
  instance_name: G32.txt
  dataset: Gset
  random_seed: 45
  mode: 0
  beta: None
  alpha: 0
  use_local_search: True
  max_local_iterations: 1000
  eigsh_tol: 1e-06
  eigsh_maxiter: 1000
  run_name: SpecAdj
--------------------------------------------------
Using local search with 1000 iterations
Local search improved energy to -2586.0
Results saved to: results/Gset/SpecAdj/G32.csv
  Seed 5/10 (seed=46)
Initialized SpecAdj solver (GPU sparse). Results will be saved under 'SpecAdj'.
Parameters:
  instance_name: G32.txt
  dataset: Gset
  random_seed: 46
  mode: 0
  beta: None
  alpha: 0
  use_local_search: True
  max_local_iterations: 1000
  eigsh_tol: 1e-06
  eigsh_maxiter: 1000
  run_name: SpecAdj
--------------------------------------------------
Using local search with 1000 iterations
Local search improved energy to -2578.0
Results saved to: results/Gset/SpecAdj/G32.csv
  Seed 6/10 (seed=47)
Initialized SpecAdj solver (GPU sparse). Results will be saved under 'SpecAdj'.
Parameters:
  instance_name: G32.txt
  dataset: Gset
  random_seed: 47
  mode: 0
  beta: None
  alpha: 0
  use_local_search: True
  max_local_iterations: 1000
  eigsh_tol: 1e-06
  eigsh_maxiter: 1000
  run_name: SpecAdj
--------------------------------------------------
Using local search with 1000 iterations
Local search improved energy to -2582.0
Results saved to: results/Gset/SpecAdj/G32.csv
  Seed 7/10 (seed=48)
Initialized SpecAdj solver (GPU sparse). Results will be saved under 'SpecAdj'.
Parameters:
  instance_name: G32.txt
  dataset: Gset
  random_seed: 48
  mode: 0
  beta: None
  alpha: 0
  use_local_search: True
  max_local_iterations: 1000
  eigsh_tol: 1e-06
  eigsh_maxiter: 1000
  run_name: SpecAdj
--------------------------------------------------
Using local search with 1000 iterations
Local search improved energy to -2610.0
Results saved to: results/Gset/SpecAdj/G32.csv
  Seed 8/10 (seed=49)
Initialized SpecAdj solver (GPU sparse). Results will be saved under 'SpecAdj'.
Parameters:
  instance_name: G32.txt
  dataset: Gset
  random_seed: 49
  mode: 0
  beta: None
  alpha: 0
  use_local_search: True
  max_local_iterations: 1000
  eigsh_tol: 1e-06
  eigsh_maxiter: 1000
  run_name: SpecAdj
--------------------------------------------------
Using local search with 1000 iterations
Local search improved energy to -2602.0
Results saved to: results/Gset/SpecAdj/G32.csv
  Seed 9/10 (seed=50)
Initialized SpecAdj solver (GPU sparse). Results will be saved under 'SpecAdj'.
Parameters:
  instance_name: G32.txt
  dataset: Gset
  random_seed: 50
  mode: 0
  beta: None
  alpha: 0
  use_local_search: True
  max_local_iterations: 1000
  eigsh_tol: 1e-06
  eigsh_maxiter: 1000
  run_name: SpecAdj
--------------------------------------------------
Using local search with 1000 iterations
Local search improved energy to -2602.0
Results saved to: results/Gset/SpecAdj/G32.csv
  Seed 10/10 (seed=51)
Initialized SpecAdj solver (GPU sparse). Results will be saved under 'SpecAdj'.
Parameters:
  instance_name: G32.txt
  dataset: Gset
  random_seed: 51
  mode: 0
  beta: None
  alpha: 0
  use_local_search: True
  max_local_iterations: 1000
  eigsh_tol: 1e-06
  eigsh_maxiter: 1000
  run_name: SpecAdj
--------------------------------------------------
Using local search with 1000 iterations
Local search improved energy to -2598.0
Results saved to: results/Gset/SpecAdj/G32.csv
Processing instance: G33.txt
  Seed 1/10 (seed=42)
Initialized SpecAdj solver (GPU sparse). Results will be saved under 'SpecAdj'.
Parameters:
  instance_name: G33.txt
  dataset: Gset
  random_seed: 42
  mode: 0
  beta: None
  alpha: 0
  use_local_search: True
  max_local_iterations: 1000
  eigsh_tol: 1e-06
  eigsh_maxiter: 1000
  run_name: SpecAdj
--------------------------------------------------
Using local search with 1000 iterations
Local search improved energy to -2542.0
Results saved to: results/Gset/SpecAdj/G33.csv
  Seed 2/10 (seed=43)
Initialized SpecAdj solver (GPU sparse). Results will be saved under 'SpecAdj'.
Parameters:
  instance_name: G33.txt
  dataset: Gset
  random_seed: 43
  mode: 0
  beta: None
  alpha: 0
  use_local_search: True
  max_local_iterations: 1000
  eigsh_tol: 1e-06
  eigsh_maxiter: 1000
  run_name: SpecAdj
--------------------------------------------------
Using local search with 1000 iterations
Local search improved energy to -2554.0
Results saved to: results/Gset/SpecAdj/G33.csv
  Seed 3/10 (seed=44)
Initialized SpecAdj solver (GPU sparse). Results will be saved under 'SpecAdj'.
Parameters:
  instance_name: G33.txt
  dataset: Gset
  random_seed: 44
  mode: 0
  beta: None
  alpha: 0
  use_local_search: True
  max_local_iterations: 1000
  eigsh_tol: 1e-06
  eigsh_maxiter: 1000
  run_name: SpecAdj
--------------------------------------------------
Using local search with 1000 iterations
Local search improved energy to -2586.0
Results saved to: results/Gset/SpecAdj/G33.csv
  Seed 4/10 (seed=45)
Initialized SpecAdj solver (GPU sparse). Results will be saved under 'SpecAdj'.
Parameters:
  instance_name: G33.txt
  dataset: Gset
  random_seed: 45
  mode: 0
  beta: None
  alpha: 0
  use_local_search: True
  max_local_iterations: 1000
  eigsh_tol: 1e-06
  eigsh_maxiter: 1000
  run_name: SpecAdj
--------------------------------------------------
Using local search with 1000 iterations
Local search improved energy to -2578.0
Results saved to: results/Gset/SpecAdj/G33.csv
  Seed 5/10 (seed=46)
Initialized SpecAdj solver (GPU sparse). Results will be saved under 'SpecAdj'.
Parameters:
  instance_name: G33.txt
  dataset: Gset
  random_seed: 46
  mode: 0
  beta: None
  alpha: 0
  use_local_search: True
  max_local_iterations: 1000
  eigsh_tol: 1e-06
  eigsh_maxiter: 1000
  run_name: SpecAdj
--------------------------------------------------
Using local search with 1000 iterations
Local search improved energy to -2566.0
Results saved to: results/Gset/SpecAdj/G33.csv
  Seed 6/10 (seed=47)
Initialized SpecAdj solver (GPU sparse). Results will be saved under 'SpecAdj'.
Parameters:
  instance_name: G33.txt
  dataset: Gset
  random_seed: 47
  mode: 0
  beta: None
  alpha: 0
  use_local_search: True
  max_local_iterations: 1000
  eigsh_tol: 1e-06
  eigsh_maxiter: 1000
  run_name: SpecAdj
--------------------------------------------------
Using local search with 1000 iterations
Local search improved energy to -2550.0
Results saved to: results/Gset/SpecAdj/G33.csv
  Seed 7/10 (seed=48)
Initialized SpecAdj solver (GPU sparse). Results will be saved under 'SpecAdj'.
Parameters:
  instance_name: G33.txt
  dataset: Gset
  random_seed: 48
  mode: 0
  beta: None
  alpha: 0
  use_local_search: True
  max_local_iterations: 1000
  eigsh_tol: 1e-06
  eigsh_maxiter: 1000
  run_name: SpecAdj
--------------------------------------------------
Using local search with 1000 iterations
Local search improved energy to -2526.0
Results saved to: results/Gset/SpecAdj/G33.csv
  Seed 8/10 (seed=49)
Initialized SpecAdj solver (GPU sparse). Results will be saved under 'SpecAdj'.
Parameters:
  instance_name: G33.txt
  dataset: Gset
  random_seed: 49
  mode: 0
  beta: None
  alpha: 0
  use_local_search: True
  max_local_iterations: 1000
  eigsh_tol: 1e-06
  eigsh_maxiter: 1000
  run_name: SpecAdj
--------------------------------------------------
Using local search with 1000 iterations
Local search improved energy to -2534.0
Results saved to: results/Gset/SpecAdj/G33.csv
  Seed 9/10 (seed=50)
Initialized SpecAdj solver (GPU sparse). Results will be saved under 'SpecAdj'.
Parameters:
  instance_name: G33.txt
  dataset: Gset
  random_seed: 50
  mode: 0
  beta: None
  alpha: 0
  use_local_search: True
  max_local_iterations: 1000
  eigsh_tol: 1e-06
  eigsh_maxiter: 1000
  run_name: SpecAdj
--------------------------------------------------
Using local search with 1000 iterations
Local search improved energy to -2590.0
Results saved to: results/Gset/SpecAdj/G33.csv
  Seed 10/10 (seed=51)
Initialized SpecAdj solver (GPU sparse). Results will be saved under 'SpecAdj'.
Parameters:
  instance_name: G33.txt
  dataset: Gset
  random_seed: 51
  mode: 0
  beta: None
  alpha: 0
  use_local_search: True
  max_local_iterations: 1000
  eigsh_tol: 1e-06
  eigsh_maxiter: 1000
  run_name: SpecAdj
--------------------------------------------------
Using local search with 1000 iterations
Local search improved energy to -2562.0
Results saved to: results/Gset/SpecAdj/G33.csv
Processing instance: G34.txt
  Seed 1/10 (seed=42)
Initialized SpecAdj solver (GPU sparse). Results will be saved under 'SpecAdj'.
Parameters:
  instance_name: G34.txt
  dataset: Gset
  random_seed: 42
  mode: 0
  beta: None
  alpha: 0
  use_local_search: True
  max_local_iterations: 1000
  eigsh_tol: 1e-06
  eigsh_maxiter: 1000
  run_name: SpecAdj
--------------------------------------------------
Using local search with 1000 iterations
Local search improved energy to -2584.0
Results saved to: results/Gset/SpecAdj/G34.csv
  Seed 2/10 (seed=43)
Initialized SpecAdj solver (GPU sparse). Results will be saved under 'SpecAdj'.
Parameters:
  instance_name: G34.txt
  dataset: Gset
  random_seed: 43
  mode: 0
  beta: None
  alpha: 0
  use_local_search: True
  max_local_iterations: 1000
  eigsh_tol: 1e-06
  eigsh_maxiter: 1000
  run_name: SpecAdj
--------------------------------------------------
Using local search with 1000 iterations
Local search improved energy to -2600.0
Results saved to: results/Gset/SpecAdj/G34.csv
  Seed 3/10 (seed=44)
Initialized SpecAdj solver (GPU sparse). Results will be saved under 'SpecAdj'.
Parameters:
  instance_name: G34.txt
  dataset: Gset
  random_seed: 44
  mode: 0
  beta: None
  alpha: 0
  use_local_search: True
  max_local_iterations: 1000
  eigsh_tol: 1e-06
  eigsh_maxiter: 1000
  run_name: SpecAdj
--------------------------------------------------
Using local search with 1000 iterations
Local search improved energy to -2600.0
Results saved to: results/Gset/SpecAdj/G34.csv
  Seed 4/10 (seed=45)
Initialized SpecAdj solver (GPU sparse). Results will be saved under 'SpecAdj'.
Parameters:
  instance_name: G34.txt
  dataset: Gset
  random_seed: 45
  mode: 0
  beta: None
  alpha: 0
  use_local_search: True
  max_local_iterations: 1000
  eigsh_tol: 1e-06
  eigsh_maxiter: 1000
  run_name: SpecAdj
--------------------------------------------------
Using local search with 1000 iterations
Local search improved energy to -2592.0
Results saved to: results/Gset/SpecAdj/G34.csv
  Seed 5/10 (seed=46)
Initialized SpecAdj solver (GPU sparse). Results will be saved under 'SpecAdj'.
Parameters:
  instance_name: G34.txt
  dataset: Gset
  random_seed: 46
  mode: 0
  beta: None
  alpha: 0
  use_local_search: True
  max_local_iterations: 1000
  eigsh_tol: 1e-06
  eigsh_maxiter: 1000
  run_name: SpecAdj
--------------------------------------------------
Using local search with 1000 iterations
Local search improved energy to -2612.0
Results saved to: results/Gset/SpecAdj/G34.csv
  Seed 6/10 (seed=47)
Initialized SpecAdj solver (GPU sparse). Results will be saved under 'SpecAdj'.
Parameters:
  instance_name: G34.txt
  dataset: Gset
  random_seed: 47
  mode: 0
  beta: None
  alpha: 0
  use_local_search: True
  max_local_iterations: 1000
  eigsh_tol: 1e-06
  eigsh_maxiter: 1000
  run_name: SpecAdj
--------------------------------------------------
Using local search with 1000 iterations
Local search improved energy to -2588.0
Results saved to: results/Gset/SpecAdj/G34.csv
  Seed 7/10 (seed=48)
Initialized SpecAdj solver (GPU sparse). Results will be saved under 'SpecAdj'.
Parameters:
  instance_name: G34.txt
  dataset: Gset
  random_seed: 48
  mode: 0
  beta: None
  alpha: 0
  use_local_search: True
  max_local_iterations: 1000
  eigsh_tol: 1e-06
  eigsh_maxiter: 1000
  run_name: SpecAdj
--------------------------------------------------
Using local search with 1000 iterations
Local search improved energy to -2584.0
Results saved to: results/Gset/SpecAdj/G34.csv
  Seed 8/10 (seed=49)
Initialized SpecAdj solver (GPU sparse). Results will be saved under 'SpecAdj'.
Parameters:
  instance_name: G34.txt
  dataset: Gset
  random_seed: 49
  mode: 0
  beta: None
  alpha: 0
  use_local_search: True
  max_local_iterations: 1000
  eigsh_tol: 1e-06
  eigsh_maxiter: 1000
  run_name: SpecAdj
--------------------------------------------------
Using local search with 1000 iterations
Local search improved energy to -2596.0
Results saved to: results/Gset/SpecAdj/G34.csv
  Seed 9/10 (seed=50)
Initialized SpecAdj solver (GPU sparse). Results will be saved under 'SpecAdj'.
Parameters:
  instance_name: G34.txt
  dataset: Gset
  random_seed: 50
  mode: 0
  beta: None
  alpha: 0
  use_local_search: True
  max_local_iterations: 1000
  eigsh_tol: 1e-06
  eigsh_maxiter: 1000
  run_name: SpecAdj
--------------------------------------------------
Using local search with 1000 iterations
Local search improved energy to -2612.0
Results saved to: results/Gset/SpecAdj/G34.csv
  Seed 10/10 (seed=51)
Initialized SpecAdj solver (GPU sparse). Results will be saved under 'SpecAdj'.
Parameters:
  instance_name: G34.txt
  dataset: Gset
  random_seed: 51
  mode: 0
  beta: None
  alpha: 0
  use_local_search: True
  max_local_iterations: 1000
  eigsh_tol: 1e-06
  eigsh_maxiter: 1000
  run_name: SpecAdj
--------------------------------------------------
Using local search with 1000 iterations
Local search improved energy to -2616.0
Results saved to: results/Gset/SpecAdj/G34.csv
Processing instance: G35.txt
  Seed 1/10 (seed=42)
Initialized SpecAdj solver (GPU sparse). Results will be saved under 'SpecAdj'.
Parameters:
  instance_name: G35.txt
  dataset: Gset
  random_seed: 42
  mode: 0
  beta: None
  alpha: 0
  use_local_search: True
  max_local_iterations: 1000
  eigsh_tol: 1e-06
  eigsh_maxiter: 1000
  run_name: SpecAdj
--------------------------------------------------
Using local search with 1000 iterations
Local search did not improve energy to -1084.0
Results saved to: results/Gset/SpecAdj/G35.csv
  Seed 2/10 (seed=43)
Initialized SpecAdj solver (GPU sparse). Results will be saved under 'SpecAdj'.
Parameters:
  instance_name: G35.txt
  dataset: Gset
  random_seed: 43
  mode: 0
  beta: None
  alpha: 0
  use_local_search: True
  max_local_iterations: 1000
  eigsh_tol: 1e-06
  eigsh_maxiter: 1000
  run_name: SpecAdj
--------------------------------------------------
Using local search with 1000 iterations
Local search did not improve energy to -1084.0
Results saved to: results/Gset/SpecAdj/G35.csv
  Seed 3/10 (seed=44)
Initialized SpecAdj solver (GPU sparse). Results will be saved under 'SpecAdj'.
Parameters:
  instance_name: G35.txt
  dataset: Gset
  random_seed: 44
  mode: 0
  beta: None
  alpha: 0
  use_local_search: True
  max_local_iterations: 1000
  eigsh_tol: 1e-06
  eigsh_maxiter: 1000
  run_name: SpecAdj
--------------------------------------------------
Using local search with 1000 iterations
Local search did not improve energy to -1084.0
Results saved to: results/Gset/SpecAdj/G35.csv
  Seed 4/10 (seed=45)
Initialized SpecAdj solver (GPU sparse). Results will be saved under 'SpecAdj'.
Parameters:
  instance_name: G35.txt
  dataset: Gset
  random_seed: 45
  mode: 0
  beta: None
  alpha: 0
  use_local_search: True
  max_local_iterations: 1000
  eigsh_tol: 1e-06
  eigsh_maxiter: 1000
  run_name: SpecAdj
--------------------------------------------------
Using local search with 1000 iterations
Local search did not improve energy to -1084.0
Results saved to: results/Gset/SpecAdj/G35.csv
  Seed 5/10 (seed=46)
Initialized SpecAdj solver (GPU sparse). Results will be saved under 'SpecAdj'.
Parameters:
  instance_name: G35.txt
  dataset: Gset
  random_seed: 46
  mode: 0
  beta: None
  alpha: 0
  use_local_search: True
  max_local_iterations: 1000
  eigsh_tol: 1e-06
  eigsh_maxiter: 1000
  run_name: SpecAdj
--------------------------------------------------
Using local search with 1000 iterations
Local search did not improve energy to -1084.0
Results saved to: results/Gset/SpecAdj/G35.csv
  Seed 6/10 (seed=47)
Initialized SpecAdj solver (GPU sparse). Results will be saved under 'SpecAdj'.
Parameters:
  instance_name: G35.txt
  dataset: Gset
  random_seed: 47
  mode: 0
  beta: None
  alpha: 0
  use_local_search: True
  max_local_iterations: 1000
  eigsh_tol: 1e-06
  eigsh_maxiter: 1000
  run_name: SpecAdj
--------------------------------------------------
Using local search with 1000 iterations
Local search did not improve energy to -1084.0
Results saved to: results/Gset/SpecAdj/G35.csv
  Seed 7/10 (seed=48)
Initialized SpecAdj solver (GPU sparse). Results will be saved under 'SpecAdj'.
Parameters:
  instance_name: G35.txt
  dataset: Gset
  random_seed: 48
  mode: 0
  beta: None
  alpha: 0
  use_local_search: True
  max_local_iterations: 1000
  eigsh_tol: 1e-06
  eigsh_maxiter: 1000
  run_name: SpecAdj
--------------------------------------------------
Using local search with 1000 iterations
Local search did not improve energy to -1084.0
Results saved to: results/Gset/SpecAdj/G35.csv
  Seed 8/10 (seed=49)
Initialized SpecAdj solver (GPU sparse). Results will be saved under 'SpecAdj'.
Parameters:
  instance_name: G35.txt
  dataset: Gset
  random_seed: 49
  mode: 0
  beta: None
  alpha: 0
  use_local_search: True
  max_local_iterations: 1000
  eigsh_tol: 1e-06
  eigsh_maxiter: 1000
  run_name: SpecAdj
--------------------------------------------------
Using local search with 1000 iterations
Local search did not improve energy to -1084.0
Results saved to: results/Gset/SpecAdj/G35.csv
  Seed 9/10 (seed=50)
Initialized SpecAdj solver (GPU sparse). Results will be saved under 'SpecAdj'.
Parameters:
  instance_name: G35.txt
  dataset: Gset
  random_seed: 50
  mode: 0
  beta: None
  alpha: 0
  use_local_search: True
  max_local_iterations: 1000
  eigsh_tol: 1e-06
  eigsh_maxiter: 1000
  run_name: SpecAdj
--------------------------------------------------
Using local search with 1000 iterations
Local search did not improve energy to -1084.0
Results saved to: results/Gset/SpecAdj/G35.csv
  Seed 10/10 (seed=51)
Initialized SpecAdj solver (GPU sparse). Results will be saved under 'SpecAdj'.
Parameters:
  instance_name: G35.txt
  dataset: Gset
  random_seed: 51
  mode: 0
  beta: None
  alpha: 0
  use_local_search: True
  max_local_iterations: 1000
  eigsh_tol: 1e-06
  eigsh_maxiter: 1000
  run_name: SpecAdj
--------------------------------------------------
Using local search with 1000 iterations
Local search did not improve energy to -1084.0
Results saved to: results/Gset/SpecAdj/G35.csv
Processing instance: G36.txt
  Seed 1/10 (seed=42)
Initialized SpecAdj solver (GPU sparse). Results will be saved under 'SpecAdj'.
Parameters:
  instance_name: G36.txt
  dataset: Gset
  random_seed: 42
  mode: 0
  beta: None
  alpha: 0
  use_local_search: True
  max_local_iterations: 1000
  eigsh_tol: 1e-06
  eigsh_maxiter: 1000
  run_name: SpecAdj
--------------------------------------------------
Using local search with 1000 iterations
Local search did not improve energy to -287.99999999999994
Results saved to: results/Gset/SpecAdj/G36.csv
  Seed 2/10 (seed=43)
Initialized SpecAdj solver (GPU sparse). Results will be saved under 'SpecAdj'.
Parameters:
  instance_name: G36.txt
  dataset: Gset
  random_seed: 43
  mode: 0
  beta: None
  alpha: 0
  use_local_search: True
  max_local_iterations: 1000
  eigsh_tol: 1e-06
  eigsh_maxiter: 1000
  run_name: SpecAdj
--------------------------------------------------
Using local search with 1000 iterations
Local search did not improve energy to -287.99999999999994
Results saved to: results/Gset/SpecAdj/G36.csv
  Seed 3/10 (seed=44)
Initialized SpecAdj solver (GPU sparse). Results will be saved under 'SpecAdj'.
Parameters:
  instance_name: G36.txt
  dataset: Gset
  random_seed: 44
  mode: 0
  beta: None
  alpha: 0
  use_local_search: True
  max_local_iterations: 1000
  eigsh_tol: 1e-06
  eigsh_maxiter: 1000
  run_name: SpecAdj
--------------------------------------------------
Using local search with 1000 iterations
Local search did not improve energy to -287.99999999999994
Results saved to: results/Gset/SpecAdj/G36.csv
  Seed 4/10 (seed=45)
Initialized SpecAdj solver (GPU sparse). Results will be saved under 'SpecAdj'.
Parameters:
  instance_name: G36.txt
  dataset: Gset
  random_seed: 45
  mode: 0
  beta: None
  alpha: 0
  use_local_search: True
  max_local_iterations: 1000
  eigsh_tol: 1e-06
  eigsh_maxiter: 1000
  run_name: SpecAdj
--------------------------------------------------
Using local search with 1000 iterations
Local search did not improve energy to -287.99999999999994
Results saved to: results/Gset/SpecAdj/G36.csv
  Seed 5/10 (seed=46)
Initialized SpecAdj solver (GPU sparse). Results will be saved under 'SpecAdj'.
Parameters:
  instance_name: G36.txt
  dataset: Gset
  random_seed: 46
  mode: 0
  beta: None
  alpha: 0
  use_local_search: True
  max_local_iterations: 1000
  eigsh_tol: 1e-06
  eigsh_maxiter: 1000
  run_name: SpecAdj
--------------------------------------------------
Using local search with 1000 iterations
Local search did not improve energy to -287.99999999999994
Results saved to: results/Gset/SpecAdj/G36.csv
  Seed 6/10 (seed=47)
Initialized SpecAdj solver (GPU sparse). Results will be saved under 'SpecAdj'.
Parameters:
  instance_name: G36.txt
  dataset: Gset
  random_seed: 47
  mode: 0
  beta: None
  alpha: 0
  use_local_search: True
  max_local_iterations: 1000
  eigsh_tol: 1e-06
  eigsh_maxiter: 1000
  run_name: SpecAdj
--------------------------------------------------
Using local search with 1000 iterations
Local search did not improve energy to -287.99999999999994
Results saved to: results/Gset/SpecAdj/G36.csv
  Seed 7/10 (seed=48)
Initialized SpecAdj solver (GPU sparse). Results will be saved under 'SpecAdj'.
Parameters:
  instance_name: G36.txt
  dataset: Gset
  random_seed: 48
  mode: 0
  beta: None
  alpha: 0
  use_local_search: True
  max_local_iterations: 1000
  eigsh_tol: 1e-06
  eigsh_maxiter: 1000
  run_name: SpecAdj
--------------------------------------------------
Using local search with 1000 iterations
Local search did not improve energy to -287.99999999999994
Results saved to: results/Gset/SpecAdj/G36.csv
  Seed 8/10 (seed=49)
Initialized SpecAdj solver (GPU sparse). Results will be saved under 'SpecAdj'.
Parameters:
  instance_name: G36.txt
  dataset: Gset
  random_seed: 49
  mode: 0
  beta: None
  alpha: 0
  use_local_search: True
  max_local_iterations: 1000
  eigsh_tol: 1e-06
  eigsh_maxiter: 1000
  run_name: SpecAdj
--------------------------------------------------
Using local search with 1000 iterations
Local search did not improve energy to -287.99999999999994
Results saved to: results/Gset/SpecAdj/G36.csv
  Seed 9/10 (seed=50)
Initialized SpecAdj solver (GPU sparse). Results will be saved under 'SpecAdj'.
Parameters:
  instance_name: G36.txt
  dataset: Gset
  random_seed: 50
  mode: 0
  beta: None
  alpha: 0
  use_local_search: True
  max_local_iterations: 1000
  eigsh_tol: 1e-06
  eigsh_maxiter: 1000
  run_name: SpecAdj
--------------------------------------------------
Using local search with 1000 iterations
Local search did not improve energy to -287.99999999999994
Results saved to: results/Gset/SpecAdj/G36.csv
  Seed 10/10 (seed=51)
Initialized SpecAdj solver (GPU sparse). Results will be saved under 'SpecAdj'.
Parameters:
  instance_name: G36.txt
  dataset: Gset
  random_seed: 51
  mode: 0
  beta: None
  alpha: 0
  use_local_search: True
  max_local_iterations: 1000
  eigsh_tol: 1e-06
  eigsh_maxiter: 1000
  run_name: SpecAdj
--------------------------------------------------
Using local search with 1000 iterations
Local search did not improve energy to -287.99999999999994
Results saved to: results/Gset/SpecAdj/G36.csv
Processing instance: G37.txt
  Seed 1/10 (seed=42)
Initialized SpecAdj solver (GPU sparse). Results will be saved under 'SpecAdj'.
Parameters:
  instance_name: G37.txt
  dataset: Gset
  random_seed: 42
  mode: 0
  beta: None
  alpha: 0
  use_local_search: True
  max_local_iterations: 1000
  eigsh_tol: 1e-06
  eigsh_maxiter: 1000
  run_name: SpecAdj
--------------------------------------------------
Using local search with 1000 iterations
Local search did not improve energy to -603.0000000000001
Results saved to: results/Gset/SpecAdj/G37.csv
  Seed 2/10 (seed=43)
Initialized SpecAdj solver (GPU sparse). Results will be saved under 'SpecAdj'.
Parameters:
  instance_name: G37.txt
  dataset: Gset
  random_seed: 43
  mode: 0
  beta: None
  alpha: 0
  use_local_search: True
  max_local_iterations: 1000
  eigsh_tol: 1e-06
  eigsh_maxiter: 1000
  run_name: SpecAdj
--------------------------------------------------
Using local search with 1000 iterations
Local search did not improve energy to -603.0000000000001
Results saved to: results/Gset/SpecAdj/G37.csv
  Seed 3/10 (seed=44)
Initialized SpecAdj solver (GPU sparse). Results will be saved under 'SpecAdj'.
Parameters:
  instance_name: G37.txt
  dataset: Gset
  random_seed: 44
  mode: 0
  beta: None
  alpha: 0
  use_local_search: True
  max_local_iterations: 1000
  eigsh_tol: 1e-06
  eigsh_maxiter: 1000
  run_name: SpecAdj
--------------------------------------------------
Using local search with 1000 iterations
Local search did not improve energy to -603.0000000000001
Results saved to: results/Gset/SpecAdj/G37.csv
  Seed 4/10 (seed=45)
Initialized SpecAdj solver (GPU sparse). Results will be saved under 'SpecAdj'.
Parameters:
  instance_name: G37.txt
  dataset: Gset
  random_seed: 45
  mode: 0
  beta: None
  alpha: 0
  use_local_search: True
  max_local_iterations: 1000
  eigsh_tol: 1e-06
  eigsh_maxiter: 1000
  run_name: SpecAdj
--------------------------------------------------
Using local search with 1000 iterations
Local search did not improve energy to -603.0000000000001
Results saved to: results/Gset/SpecAdj/G37.csv
  Seed 5/10 (seed=46)
Initialized SpecAdj solver (GPU sparse). Results will be saved under 'SpecAdj'.
Parameters:
  instance_name: G37.txt
  dataset: Gset
  random_seed: 46
  mode: 0
  beta: None
  alpha: 0
  use_local_search: True
  max_local_iterations: 1000
  eigsh_tol: 1e-06
  eigsh_maxiter: 1000
  run_name: SpecAdj
--------------------------------------------------
Using local search with 1000 iterations
Local search did not improve energy to -603.0000000000001
Results saved to: results/Gset/SpecAdj/G37.csv
  Seed 6/10 (seed=47)
Initialized SpecAdj solver (GPU sparse). Results will be saved under 'SpecAdj'.
Parameters:
  instance_name: G37.txt
  dataset: Gset
  random_seed: 47
  mode: 0
  beta: None
  alpha: 0
  use_local_search: True
  max_local_iterations: 1000
  eigsh_tol: 1e-06
  eigsh_maxiter: 1000
  run_name: SpecAdj
--------------------------------------------------
Using local search with 1000 iterations
Local search did not improve energy to -603.0000000000001
Results saved to: results/Gset/SpecAdj/G37.csv
  Seed 7/10 (seed=48)
Initialized SpecAdj solver (GPU sparse). Results will be saved under 'SpecAdj'.
Parameters:
  instance_name: G37.txt
  dataset: Gset
  random_seed: 48
  mode: 0
  beta: None
  alpha: 0
  use_local_search: True
  max_local_iterations: 1000
  eigsh_tol: 1e-06
  eigsh_maxiter: 1000
  run_name: SpecAdj
--------------------------------------------------
Using local search with 1000 iterations
Local search did not improve energy to -603.0000000000001
Results saved to: results/Gset/SpecAdj/G37.csv
  Seed 8/10 (seed=49)
Initialized SpecAdj solver (GPU sparse). Results will be saved under 'SpecAdj'.
Parameters:
  instance_name: G37.txt
  dataset: Gset
  random_seed: 49
  mode: 0
  beta: None
  alpha: 0
  use_local_search: True
  max_local_iterations: 1000
  eigsh_tol: 1e-06
  eigsh_maxiter: 1000
  run_name: SpecAdj
--------------------------------------------------
Using local search with 1000 iterations
Local search did not improve energy to -603.0000000000001
Results saved to: results/Gset/SpecAdj/G37.csv
  Seed 9/10 (seed=50)
Initialized SpecAdj solver (GPU sparse). Results will be saved under 'SpecAdj'.
Parameters:
  instance_name: G37.txt
  dataset: Gset
  random_seed: 50
  mode: 0
  beta: None
  alpha: 0
  use_local_search: True
  max_local_iterations: 1000
  eigsh_tol: 1e-06
  eigsh_maxiter: 1000
  run_name: SpecAdj
--------------------------------------------------
Using local search with 1000 iterations
Local search did not improve energy to -603.0000000000001
Results saved to: results/Gset/SpecAdj/G37.csv
  Seed 10/10 (seed=51)
Initialized SpecAdj solver (GPU sparse). Results will be saved under 'SpecAdj'.
Parameters:
  instance_name: G37.txt
  dataset: Gset
  random_seed: 51
  mode: 0
  beta: None
  alpha: 0
  use_local_search: True
  max_local_iterations: 1000
  eigsh_tol: 1e-06
  eigsh_maxiter: 1000
  run_name: SpecAdj
--------------------------------------------------
Using local search with 1000 iterations
Local search did not improve energy to -603.0000000000001
Results saved to: results/Gset/SpecAdj/G37.csv
Processing instance: G38.txt
  Seed 1/10 (seed=42)
Initialized SpecAdj solver (GPU sparse). Results will be saved under 'SpecAdj'.
Parameters:
  instance_name: G38.txt
  dataset: Gset
  random_seed: 42
  mode: 0
  beta: None
  alpha: 0
  use_local_search: True
  max_local_iterations: 1000
  eigsh_tol: 1e-06
  eigsh_maxiter: 1000
  run_name: SpecAdj
--------------------------------------------------
Using local search with 1000 iterations
Local search did not improve energy to -399.0
Results saved to: results/Gset/SpecAdj/G38.csv
  Seed 2/10 (seed=43)
Initialized SpecAdj solver (GPU sparse). Results will be saved under 'SpecAdj'.
Parameters:
  instance_name: G38.txt
  dataset: Gset
  random_seed: 43
  mode: 0
  beta: None
  alpha: 0
  use_local_search: True
  max_local_iterations: 1000
  eigsh_tol: 1e-06
  eigsh_maxiter: 1000
  run_name: SpecAdj
--------------------------------------------------
Using local search with 1000 iterations
Local search did not improve energy to -399.0
Results saved to: results/Gset/SpecAdj/G38.csv
  Seed 3/10 (seed=44)
Initialized SpecAdj solver (GPU sparse). Results will be saved under 'SpecAdj'.
Parameters:
  instance_name: G38.txt
  dataset: Gset
  random_seed: 44
  mode: 0
  beta: None
  alpha: 0
  use_local_search: True
  max_local_iterations: 1000
  eigsh_tol: 1e-06
  eigsh_maxiter: 1000
  run_name: SpecAdj
--------------------------------------------------
Using local search with 1000 iterations
Local search did not improve energy to -399.0
Results saved to: results/Gset/SpecAdj/G38.csv
  Seed 4/10 (seed=45)
Initialized SpecAdj solver (GPU sparse). Results will be saved under 'SpecAdj'.
Parameters:
  instance_name: G38.txt
  dataset: Gset
  random_seed: 45
  mode: 0
  beta: None
  alpha: 0
  use_local_search: True
  max_local_iterations: 1000
  eigsh_tol: 1e-06
  eigsh_maxiter: 1000
  run_name: SpecAdj
--------------------------------------------------
Using local search with 1000 iterations
Local search did not improve energy to -399.0
Results saved to: results/Gset/SpecAdj/G38.csv
  Seed 5/10 (seed=46)
Initialized SpecAdj solver (GPU sparse). Results will be saved under 'SpecAdj'.
Parameters:
  instance_name: G38.txt
  dataset: Gset
  random_seed: 46
  mode: 0
  beta: None
  alpha: 0
  use_local_search: True
  max_local_iterations: 1000
  eigsh_tol: 1e-06
  eigsh_maxiter: 1000
  run_name: SpecAdj
--------------------------------------------------
Using local search with 1000 iterations
Local search did not improve energy to -399.0
Results saved to: results/Gset/SpecAdj/G38.csv
  Seed 6/10 (seed=47)
Initialized SpecAdj solver (GPU sparse). Results will be saved under 'SpecAdj'.
Parameters:
  instance_name: G38.txt
  dataset: Gset
  random_seed: 47
  mode: 0
  beta: None
  alpha: 0
  use_local_search: True
  max_local_iterations: 1000
  eigsh_tol: 1e-06
  eigsh_maxiter: 1000
  run_name: SpecAdj
--------------------------------------------------
Using local search with 1000 iterations
Local search did not improve energy to -399.0
Results saved to: results/Gset/SpecAdj/G38.csv
  Seed 7/10 (seed=48)
Initialized SpecAdj solver (GPU sparse). Results will be saved under 'SpecAdj'.
Parameters:
  instance_name: G38.txt
  dataset: Gset
  random_seed: 48
  mode: 0
  beta: None
  alpha: 0
  use_local_search: True
  max_local_iterations: 1000
  eigsh_tol: 1e-06
  eigsh_maxiter: 1000
  run_name: SpecAdj
--------------------------------------------------
Using local search with 1000 iterations
Local search did not improve energy to -399.0
Results saved to: results/Gset/SpecAdj/G38.csv
  Seed 8/10 (seed=49)
Initialized SpecAdj solver (GPU sparse). Results will be saved under 'SpecAdj'.
Parameters:
  instance_name: G38.txt
  dataset: Gset
  random_seed: 49
  mode: 0
  beta: None
  alpha: 0
  use_local_search: True
  max_local_iterations: 1000
  eigsh_tol: 1e-06
  eigsh_maxiter: 1000
  run_name: SpecAdj
--------------------------------------------------
Using local search with 1000 iterations
Local search did not improve energy to -399.0
Results saved to: results/Gset/SpecAdj/G38.csv
  Seed 9/10 (seed=50)
Initialized SpecAdj solver (GPU sparse). Results will be saved under 'SpecAdj'.
Parameters:
  instance_name: G38.txt
  dataset: Gset
  random_seed: 50
  mode: 0
  beta: None
  alpha: 0
  use_local_search: True
  max_local_iterations: 1000
  eigsh_tol: 1e-06
  eigsh_maxiter: 1000
  run_name: SpecAdj
--------------------------------------------------
Using local search with 1000 iterations
Local search did not improve energy to -399.0
Results saved to: results/Gset/SpecAdj/G38.csv
  Seed 10/10 (seed=51)
Initialized SpecAdj solver (GPU sparse). Results will be saved under 'SpecAdj'.
Parameters:
  instance_name: G38.txt
  dataset: Gset
  random_seed: 51
  mode: 0
  beta: None
  alpha: 0
  use_local_search: True
  max_local_iterations: 1000
  eigsh_tol: 1e-06
  eigsh_maxiter: 1000
  run_name: SpecAdj
--------------------------------------------------
Using local search with 1000 iterations
Local search did not improve energy to -399.0
Results saved to: results/Gset/SpecAdj/G38.csv
Processing instance: G39.txt
  Seed 1/10 (seed=42)
Initialized SpecAdj solver (GPU sparse). Results will be saved under 'SpecAdj'.
Parameters:
  instance_name: G39.txt
  dataset: Gset
  random_seed: 42
  mode: 0
  beta: None
  alpha: 0
  use_local_search: True
  max_local_iterations: 1000
  eigsh_tol: 1e-06
  eigsh_maxiter: 1000
  run_name: SpecAdj
--------------------------------------------------
Using local search with 1000 iterations
Local search improved energy to -4384.000000000001
Results saved to: results/Gset/SpecAdj/G39.csv
  Seed 2/10 (seed=43)
Initialized SpecAdj solver (GPU sparse). Results will be saved under 'SpecAdj'.
Parameters:
  instance_name: G39.txt
  dataset: Gset
  random_seed: 43
  mode: 0
  beta: None
  alpha: 0
  use_local_search: True
  max_local_iterations: 1000
  eigsh_tol: 1e-06
  eigsh_maxiter: 1000
  run_name: SpecAdj
--------------------------------------------------
Using local search with 1000 iterations
Local search improved energy to -4372.0
Results saved to: results/Gset/SpecAdj/G39.csv
  Seed 3/10 (seed=44)
Initialized SpecAdj solver (GPU sparse). Results will be saved under 'SpecAdj'.
Parameters:
  instance_name: G39.txt
  dataset: Gset
  random_seed: 44
  mode: 0
  beta: None
  alpha: 0
  use_local_search: True
  max_local_iterations: 1000
  eigsh_tol: 1e-06
  eigsh_maxiter: 1000
  run_name: SpecAdj
--------------------------------------------------
Using local search with 1000 iterations
Local search improved energy to -4352.0
Results saved to: results/Gset/SpecAdj/G39.csv
  Seed 4/10 (seed=45)
Initialized SpecAdj solver (GPU sparse). Results will be saved under 'SpecAdj'.
Parameters:
  instance_name: G39.txt
  dataset: Gset
  random_seed: 45
  mode: 0
  beta: None
  alpha: 0
  use_local_search: True
  max_local_iterations: 1000
  eigsh_tol: 1e-06
  eigsh_maxiter: 1000
  run_name: SpecAdj
--------------------------------------------------
Using local search with 1000 iterations
Local search improved energy to -4346.0
Results saved to: results/Gset/SpecAdj/G39.csv
  Seed 5/10 (seed=46)
Initialized SpecAdj solver (GPU sparse). Results will be saved under 'SpecAdj'.
Parameters:
  instance_name: G39.txt
  dataset: Gset
  random_seed: 46
  mode: 0
  beta: None
  alpha: 0
  use_local_search: True
  max_local_iterations: 1000
  eigsh_tol: 1e-06
  eigsh_maxiter: 1000
  run_name: SpecAdj
--------------------------------------------------
Using local search with 1000 iterations
Local search improved energy to -4338.000000000001
Results saved to: results/Gset/SpecAdj/G39.csv
  Seed 6/10 (seed=47)
Initialized SpecAdj solver (GPU sparse). Results will be saved under 'SpecAdj'.
Parameters:
  instance_name: G39.txt
  dataset: Gset
  random_seed: 47
  mode: 0
  beta: None
  alpha: 0
  use_local_search: True
  max_local_iterations: 1000
  eigsh_tol: 1e-06
  eigsh_maxiter: 1000
  run_name: SpecAdj
--------------------------------------------------
Using local search with 1000 iterations
Local search improved energy to -4338.0
Results saved to: results/Gset/SpecAdj/G39.csv
  Seed 7/10 (seed=48)
Initialized SpecAdj solver (GPU sparse). Results will be saved under 'SpecAdj'.
Parameters:
  instance_name: G39.txt
  dataset: Gset
  random_seed: 48
  mode: 0
  beta: None
  alpha: 0
  use_local_search: True
  max_local_iterations: 1000
  eigsh_tol: 1e-06
  eigsh_maxiter: 1000
  run_name: SpecAdj
--------------------------------------------------
Using local search with 1000 iterations
Local search improved energy to -4332.0
Results saved to: results/Gset/SpecAdj/G39.csv
  Seed 8/10 (seed=49)
Initialized SpecAdj solver (GPU sparse). Results will be saved under 'SpecAdj'.
Parameters:
  instance_name: G39.txt
  dataset: Gset
  random_seed: 49
  mode: 0
  beta: None
  alpha: 0
  use_local_search: True
  max_local_iterations: 1000
  eigsh_tol: 1e-06
  eigsh_maxiter: 1000
  run_name: SpecAdj
--------------------------------------------------
Using local search with 1000 iterations
Local search improved energy to -4360.000000000001
Results saved to: results/Gset/SpecAdj/G39.csv
  Seed 9/10 (seed=50)
Initialized SpecAdj solver (GPU sparse). Results will be saved under 'SpecAdj'.
Parameters:
  instance_name: G39.txt
  dataset: Gset
  random_seed: 50
  mode: 0
  beta: None
  alpha: 0
  use_local_search: True
  max_local_iterations: 1000
  eigsh_tol: 1e-06
  eigsh_maxiter: 1000
  run_name: SpecAdj
--------------------------------------------------
Using local search with 1000 iterations
Local search improved energy to -4358.0
Results saved to: results/Gset/SpecAdj/G39.csv
  Seed 10/10 (seed=51)
Initialized SpecAdj solver (GPU sparse). Results will be saved under 'SpecAdj'.
Parameters:
  instance_name: G39.txt
  dataset: Gset
  random_seed: 51
  mode: 0
  beta: None
  alpha: 0
  use_local_search: True
  max_local_iterations: 1000
  eigsh_tol: 1e-06
  eigsh_maxiter: 1000
  run_name: SpecAdj
--------------------------------------------------
Using local search with 1000 iterations
Local search improved energy to -4328.000000000001
Results saved to: results/Gset/SpecAdj/G39.csv
Processing instance: G4.txt
  Seed 1/10 (seed=42)
Initialized SpecAdj solver (GPU sparse). Results will be saved under 'SpecAdj'.
Parameters:
  instance_name: G4.txt
  dataset: Gset
  random_seed: 42
  mode: 0
  beta: None
  alpha: 0
  use_local_search: True
  max_local_iterations: 1000
  eigsh_tol: 1e-06
  eigsh_maxiter: 1000
  run_name: SpecAdj
--------------------------------------------------
Using local search with 1000 iterations
Local search did not improve energy to -3403.9999999999995
Results saved to: results/Gset/SpecAdj/G4.csv
  Seed 2/10 (seed=43)
Initialized SpecAdj solver (GPU sparse). Results will be saved under 'SpecAdj'.
Parameters:
  instance_name: G4.txt
  dataset: Gset
  random_seed: 43
  mode: 0
  beta: None
  alpha: 0
  use_local_search: True
  max_local_iterations: 1000
  eigsh_tol: 1e-06
  eigsh_maxiter: 1000
  run_name: SpecAdj
--------------------------------------------------
Using local search with 1000 iterations
Local search did not improve energy to -3403.9999999999995
Results saved to: results/Gset/SpecAdj/G4.csv
  Seed 3/10 (seed=44)
Initialized SpecAdj solver (GPU sparse). Results will be saved under 'SpecAdj'.
Parameters:
  instance_name: G4.txt
  dataset: Gset
  random_seed: 44
  mode: 0
  beta: None
  alpha: 0
  use_local_search: True
  max_local_iterations: 1000
  eigsh_tol: 1e-06
  eigsh_maxiter: 1000
  run_name: SpecAdj
--------------------------------------------------
Using local search with 1000 iterations
Local search did not improve energy to -3403.9999999999995
Results saved to: results/Gset/SpecAdj/G4.csv
  Seed 4/10 (seed=45)
Initialized SpecAdj solver (GPU sparse). Results will be saved under 'SpecAdj'.
Parameters:
  instance_name: G4.txt
  dataset: Gset
  random_seed: 45
  mode: 0
  beta: None
  alpha: 0
  use_local_search: True
  max_local_iterations: 1000
  eigsh_tol: 1e-06
  eigsh_maxiter: 1000
  run_name: SpecAdj
--------------------------------------------------
Using local search with 1000 iterations
Local search did not improve energy to -3403.9999999999995
Results saved to: results/Gset/SpecAdj/G4.csv
  Seed 5/10 (seed=46)
Initialized SpecAdj solver (GPU sparse). Results will be saved under 'SpecAdj'.
Parameters:
  instance_name: G4.txt
  dataset: Gset
  random_seed: 46
  mode: 0
  beta: None
  alpha: 0
  use_local_search: True
  max_local_iterations: 1000
  eigsh_tol: 1e-06
  eigsh_maxiter: 1000
  run_name: SpecAdj
--------------------------------------------------
Using local search with 1000 iterations
Local search did not improve energy to -3403.9999999999995
Results saved to: results/Gset/SpecAdj/G4.csv
  Seed 6/10 (seed=47)
Initialized SpecAdj solver (GPU sparse). Results will be saved under 'SpecAdj'.
Parameters:
  instance_name: G4.txt
  dataset: Gset
  random_seed: 47
  mode: 0
  beta: None
  alpha: 0
  use_local_search: True
  max_local_iterations: 1000
  eigsh_tol: 1e-06
  eigsh_maxiter: 1000
  run_name: SpecAdj
--------------------------------------------------
Using local search with 1000 iterations
Local search did not improve energy to -3403.9999999999995
Results saved to: results/Gset/SpecAdj/G4.csv
  Seed 7/10 (seed=48)
Initialized SpecAdj solver (GPU sparse). Results will be saved under 'SpecAdj'.
Parameters:
  instance_name: G4.txt
  dataset: Gset
  random_seed: 48
  mode: 0
  beta: None
  alpha: 0
  use_local_search: True
  max_local_iterations: 1000
  eigsh_tol: 1e-06
  eigsh_maxiter: 1000
  run_name: SpecAdj
--------------------------------------------------
Using local search with 1000 iterations
Local search did not improve energy to -3403.9999999999995
Results saved to: results/Gset/SpecAdj/G4.csv
  Seed 8/10 (seed=49)
Initialized SpecAdj solver (GPU sparse). Results will be saved under 'SpecAdj'.
Parameters:
  instance_name: G4.txt
  dataset: Gset
  random_seed: 49
  mode: 0
  beta: None
  alpha: 0
  use_local_search: True
  max_local_iterations: 1000
  eigsh_tol: 1e-06
  eigsh_maxiter: 1000
  run_name: SpecAdj
--------------------------------------------------
Using local search with 1000 iterations
Local search did not improve energy to -3403.9999999999995
Results saved to: results/Gset/SpecAdj/G4.csv
  Seed 9/10 (seed=50)
Initialized SpecAdj solver (GPU sparse). Results will be saved under 'SpecAdj'.
Parameters:
  instance_name: G4.txt
  dataset: Gset
  random_seed: 50
  mode: 0
  beta: None
  alpha: 0
  use_local_search: True
  max_local_iterations: 1000
  eigsh_tol: 1e-06
  eigsh_maxiter: 1000
  run_name: SpecAdj
--------------------------------------------------
Using local search with 1000 iterations
Local search did not improve energy to -3403.9999999999995
Results saved to: results/Gset/SpecAdj/G4.csv
  Seed 10/10 (seed=51)
Initialized SpecAdj solver (GPU sparse). Results will be saved under 'SpecAdj'.
Parameters:
  instance_name: G4.txt
  dataset: Gset
  random_seed: 51
  mode: 0
  beta: None
  alpha: 0
  use_local_search: True
  max_local_iterations: 1000
  eigsh_tol: 1e-06
  eigsh_maxiter: 1000
  run_name: SpecAdj
--------------------------------------------------
Using local search with 1000 iterations
Local search did not improve energy to -3403.9999999999995
Results saved to: results/Gset/SpecAdj/G4.csv
Processing instance: G40.txt
  Seed 1/10 (seed=42)
Initialized SpecAdj solver (GPU sparse). Results will be saved under 'SpecAdj'.
Parameters:
  instance_name: G40.txt
  dataset: Gset
  random_seed: 42
  mode: 0
  beta: None
  alpha: 0
  use_local_search: True
  max_local_iterations: 1000
  eigsh_tol: 1e-06
  eigsh_maxiter: 1000
  run_name: SpecAdj
--------------------------------------------------
Using local search with 1000 iterations
Local search improved energy to -4378.000000000001
Results saved to: results/Gset/SpecAdj/G40.csv
  Seed 2/10 (seed=43)
Initialized SpecAdj solver (GPU sparse). Results will be saved under 'SpecAdj'.
Parameters:
  instance_name: G40.txt
  dataset: Gset
  random_seed: 43
  mode: 0
  beta: None
  alpha: 0
  use_local_search: True
  max_local_iterations: 1000
  eigsh_tol: 1e-06
  eigsh_maxiter: 1000
  run_name: SpecAdj
--------------------------------------------------
Using local search with 1000 iterations
Local search improved energy to -4392.000000000001
Results saved to: results/Gset/SpecAdj/G40.csv
  Seed 3/10 (seed=44)
Initialized SpecAdj solver (GPU sparse). Results will be saved under 'SpecAdj'.
Parameters:
  instance_name: G40.txt
  dataset: Gset
  random_seed: 44
  mode: 0
  beta: None
  alpha: 0
  use_local_search: True
  max_local_iterations: 1000
  eigsh_tol: 1e-06
  eigsh_maxiter: 1000
  run_name: SpecAdj
--------------------------------------------------
Using local search with 1000 iterations
Local search improved energy to -4358.000000000001
Results saved to: results/Gset/SpecAdj/G40.csv
  Seed 4/10 (seed=45)
Initialized SpecAdj solver (GPU sparse). Results will be saved under 'SpecAdj'.
Parameters:
  instance_name: G40.txt
  dataset: Gset
  random_seed: 45
  mode: 0
  beta: None
  alpha: 0
  use_local_search: True
  max_local_iterations: 1000
  eigsh_tol: 1e-06
  eigsh_maxiter: 1000
  run_name: SpecAdj
--------------------------------------------------
Using local search with 1000 iterations
Local search improved energy to -4328.0
Results saved to: results/Gset/SpecAdj/G40.csv
  Seed 5/10 (seed=46)
Initialized SpecAdj solver (GPU sparse). Results will be saved under 'SpecAdj'.
Parameters:
  instance_name: G40.txt
  dataset: Gset
  random_seed: 46
  mode: 0
  beta: None
  alpha: 0
  use_local_search: True
  max_local_iterations: 1000
  eigsh_tol: 1e-06
  eigsh_maxiter: 1000
  run_name: SpecAdj
--------------------------------------------------
Using local search with 1000 iterations
Local search improved energy to -4296.000000000001
Results saved to: results/Gset/SpecAdj/G40.csv
  Seed 6/10 (seed=47)
Initialized SpecAdj solver (GPU sparse). Results will be saved under 'SpecAdj'.
Parameters:
  instance_name: G40.txt
  dataset: Gset
  random_seed: 47
  mode: 0
  beta: None
  alpha: 0
  use_local_search: True
  max_local_iterations: 1000
  eigsh_tol: 1e-06
  eigsh_maxiter: 1000
  run_name: SpecAdj
--------------------------------------------------
Using local search with 1000 iterations
Local search improved energy to -4306.0
Results saved to: results/Gset/SpecAdj/G40.csv
  Seed 7/10 (seed=48)
Initialized SpecAdj solver (GPU sparse). Results will be saved under 'SpecAdj'.
Parameters:
  instance_name: G40.txt
  dataset: Gset
  random_seed: 48
  mode: 0
  beta: None
  alpha: 0
  use_local_search: True
  max_local_iterations: 1000
  eigsh_tol: 1e-06
  eigsh_maxiter: 1000
  run_name: SpecAdj
--------------------------------------------------
Using local search with 1000 iterations
Local search improved energy to -4356.000000000001
Results saved to: results/Gset/SpecAdj/G40.csv
  Seed 8/10 (seed=49)
Initialized SpecAdj solver (GPU sparse). Results will be saved under 'SpecAdj'.
Parameters:
  instance_name: G40.txt
  dataset: Gset
  random_seed: 49
  mode: 0
  beta: None
  alpha: 0
  use_local_search: True
  max_local_iterations: 1000
  eigsh_tol: 1e-06
  eigsh_maxiter: 1000
  run_name: SpecAdj
--------------------------------------------------
Using local search with 1000 iterations
Local search improved energy to -4332.0
Results saved to: results/Gset/SpecAdj/G40.csv
  Seed 9/10 (seed=50)
Initialized SpecAdj solver (GPU sparse). Results will be saved under 'SpecAdj'.
Parameters:
  instance_name: G40.txt
  dataset: Gset
  random_seed: 50
  mode: 0
  beta: None
  alpha: 0
  use_local_search: True
  max_local_iterations: 1000
  eigsh_tol: 1e-06
  eigsh_maxiter: 1000
  run_name: SpecAdj
--------------------------------------------------
Using local search with 1000 iterations
Local search improved energy to -4288.000000000001
Results saved to: results/Gset/SpecAdj/G40.csv
  Seed 10/10 (seed=51)
Initialized SpecAdj solver (GPU sparse). Results will be saved under 'SpecAdj'.
Parameters:
  instance_name: G40.txt
  dataset: Gset
  random_seed: 51
  mode: 0
  beta: None
  alpha: 0
  use_local_search: True
  max_local_iterations: 1000
  eigsh_tol: 1e-06
  eigsh_maxiter: 1000
  run_name: SpecAdj
--------------------------------------------------
Using local search with 1000 iterations
Local search improved energy to -4336.0
Results saved to: results/Gset/SpecAdj/G40.csv
Processing instance: G41.txt
  Seed 1/10 (seed=42)
Initialized SpecAdj solver (GPU sparse). Results will be saved under 'SpecAdj'.
Parameters:
  instance_name: G41.txt
  dataset: Gset
  random_seed: 42
  mode: 0
  beta: None
  alpha: 0
  use_local_search: True
  max_local_iterations: 1000
  eigsh_tol: 1e-06
  eigsh_maxiter: 1000
  run_name: SpecAdj
--------------------------------------------------
Using local search with 1000 iterations
Local search improved energy to -4279.0
Results saved to: results/Gset/SpecAdj/G41.csv
  Seed 2/10 (seed=43)
Initialized SpecAdj solver (GPU sparse). Results will be saved under 'SpecAdj'.
Parameters:
  instance_name: G41.txt
  dataset: Gset
  random_seed: 43
  mode: 0
  beta: None
  alpha: 0
  use_local_search: True
  max_local_iterations: 1000
  eigsh_tol: 1e-06
  eigsh_maxiter: 1000
  run_name: SpecAdj
--------------------------------------------------
Using local search with 1000 iterations
Local search improved energy to -4241.0
Results saved to: results/Gset/SpecAdj/G41.csv
  Seed 3/10 (seed=44)
Initialized SpecAdj solver (GPU sparse). Results will be saved under 'SpecAdj'.
Parameters:
  instance_name: G41.txt
  dataset: Gset
  random_seed: 44
  mode: 0
  beta: None
  alpha: 0
  use_local_search: True
  max_local_iterations: 1000
  eigsh_tol: 1e-06
  eigsh_maxiter: 1000
  run_name: SpecAdj
--------------------------------------------------
Using local search with 1000 iterations
Local search improved energy to -4267.0
Results saved to: results/Gset/SpecAdj/G41.csv
  Seed 4/10 (seed=45)
Initialized SpecAdj solver (GPU sparse). Results will be saved under 'SpecAdj'.
Parameters:
  instance_name: G41.txt
  dataset: Gset
  random_seed: 45
  mode: 0
  beta: None
  alpha: 0
  use_local_search: True
  max_local_iterations: 1000
  eigsh_tol: 1e-06
  eigsh_maxiter: 1000
  run_name: SpecAdj
--------------------------------------------------
Using local search with 1000 iterations
Local search improved energy to -4211.0
Results saved to: results/Gset/SpecAdj/G41.csv
  Seed 5/10 (seed=46)
Initialized SpecAdj solver (GPU sparse). Results will be saved under 'SpecAdj'.
Parameters:
  instance_name: G41.txt
  dataset: Gset
  random_seed: 46
  mode: 0
  beta: None
  alpha: 0
  use_local_search: True
  max_local_iterations: 1000
  eigsh_tol: 1e-06
  eigsh_maxiter: 1000
  run_name: SpecAdj
--------------------------------------------------
Using local search with 1000 iterations
Local search improved energy to -4222.999999999999
Results saved to: results/Gset/SpecAdj/G41.csv
  Seed 6/10 (seed=47)
Initialized SpecAdj solver (GPU sparse). Results will be saved under 'SpecAdj'.
Parameters:
  instance_name: G41.txt
  dataset: Gset
  random_seed: 47
  mode: 0
  beta: None
  alpha: 0
  use_local_search: True
  max_local_iterations: 1000
  eigsh_tol: 1e-06
  eigsh_maxiter: 1000
  run_name: SpecAdj
--------------------------------------------------
Using local search with 1000 iterations
Local search improved energy to -4277.0
Results saved to: results/Gset/SpecAdj/G41.csv
  Seed 7/10 (seed=48)
Initialized SpecAdj solver (GPU sparse). Results will be saved under 'SpecAdj'.
Parameters:
  instance_name: G41.txt
  dataset: Gset
  random_seed: 48
  mode: 0
  beta: None
  alpha: 0
  use_local_search: True
  max_local_iterations: 1000
  eigsh_tol: 1e-06
  eigsh_maxiter: 1000
  run_name: SpecAdj
--------------------------------------------------
Using local search with 1000 iterations
Local search improved energy to -4249.0
Results saved to: results/Gset/SpecAdj/G41.csv
  Seed 8/10 (seed=49)
Initialized SpecAdj solver (GPU sparse). Results will be saved under 'SpecAdj'.
Parameters:
  instance_name: G41.txt
  dataset: Gset
  random_seed: 49
  mode: 0
  beta: None
  alpha: 0
  use_local_search: True
  max_local_iterations: 1000
  eigsh_tol: 1e-06
  eigsh_maxiter: 1000
  run_name: SpecAdj
--------------------------------------------------
Using local search with 1000 iterations
Local search improved energy to -4265.000000000001
Results saved to: results/Gset/SpecAdj/G41.csv
  Seed 9/10 (seed=50)
Initialized SpecAdj solver (GPU sparse). Results will be saved under 'SpecAdj'.
Parameters:
  instance_name: G41.txt
  dataset: Gset
  random_seed: 50
  mode: 0
  beta: None
  alpha: 0
  use_local_search: True
  max_local_iterations: 1000
  eigsh_tol: 1e-06
  eigsh_maxiter: 1000
  run_name: SpecAdj
--------------------------------------------------
Using local search with 1000 iterations
Local search improved energy to -4231.000000000001
Results saved to: results/Gset/SpecAdj/G41.csv
  Seed 10/10 (seed=51)
Initialized SpecAdj solver (GPU sparse). Results will be saved under 'SpecAdj'.
Parameters:
  instance_name: G41.txt
  dataset: Gset
  random_seed: 51
  mode: 0
  beta: None
  alpha: 0
  use_local_search: True
  max_local_iterations: 1000
  eigsh_tol: 1e-06
  eigsh_maxiter: 1000
  run_name: SpecAdj
--------------------------------------------------
Using local search with 1000 iterations
Local search improved energy to -4267.000000000001
Results saved to: results/Gset/SpecAdj/G41.csv
Processing instance: G42.txt
  Seed 1/10 (seed=42)
Initialized SpecAdj solver (GPU sparse). Results will be saved under 'SpecAdj'.
Parameters:
  instance_name: G42.txt
  dataset: Gset
  random_seed: 42
  mode: 0
  beta: None
  alpha: 0
  use_local_search: True
  max_local_iterations: 1000
  eigsh_tol: 1e-06
  eigsh_maxiter: 1000
  run_name: SpecAdj
--------------------------------------------------
Using local search with 1000 iterations
Local search improved energy to -4225.0
Results saved to: results/Gset/SpecAdj/G42.csv
  Seed 2/10 (seed=43)
Initialized SpecAdj solver (GPU sparse). Results will be saved under 'SpecAdj'.
Parameters:
  instance_name: G42.txt
  dataset: Gset
  random_seed: 43
  mode: 0
  beta: None
  alpha: 0
  use_local_search: True
  max_local_iterations: 1000
  eigsh_tol: 1e-06
  eigsh_maxiter: 1000
  run_name: SpecAdj
--------------------------------------------------
Using local search with 1000 iterations
Local search improved energy to -4203.0
Results saved to: results/Gset/SpecAdj/G42.csv
  Seed 3/10 (seed=44)
Initialized SpecAdj solver (GPU sparse). Results will be saved under 'SpecAdj'.
Parameters:
  instance_name: G42.txt
  dataset: Gset
  random_seed: 44
  mode: 0
  beta: None
  alpha: 0
  use_local_search: True
  max_local_iterations: 1000
  eigsh_tol: 1e-06
  eigsh_maxiter: 1000
  run_name: SpecAdj
--------------------------------------------------
Using local search with 1000 iterations
Local search improved energy to -4188.999999999999
Results saved to: results/Gset/SpecAdj/G42.csv
  Seed 4/10 (seed=45)
Initialized SpecAdj solver (GPU sparse). Results will be saved under 'SpecAdj'.
Parameters:
  instance_name: G42.txt
  dataset: Gset
  random_seed: 45
  mode: 0
  beta: None
  alpha: 0
  use_local_search: True
  max_local_iterations: 1000
  eigsh_tol: 1e-06
  eigsh_maxiter: 1000
  run_name: SpecAdj
--------------------------------------------------
Using local search with 1000 iterations
Local search improved energy to -4191.0
Results saved to: results/Gset/SpecAdj/G42.csv
  Seed 5/10 (seed=46)
Initialized SpecAdj solver (GPU sparse). Results will be saved under 'SpecAdj'.
Parameters:
  instance_name: G42.txt
  dataset: Gset
  random_seed: 46
  mode: 0
  beta: None
  alpha: 0
  use_local_search: True
  max_local_iterations: 1000
  eigsh_tol: 1e-06
  eigsh_maxiter: 1000
  run_name: SpecAdj
--------------------------------------------------
Using local search with 1000 iterations
Local search improved energy to -4173.0
Results saved to: results/Gset/SpecAdj/G42.csv
  Seed 6/10 (seed=47)
Initialized SpecAdj solver (GPU sparse). Results will be saved under 'SpecAdj'.
Parameters:
  instance_name: G42.txt
  dataset: Gset
  random_seed: 47
  mode: 0
  beta: None
  alpha: 0
  use_local_search: True
  max_local_iterations: 1000
  eigsh_tol: 1e-06
  eigsh_maxiter: 1000
  run_name: SpecAdj
--------------------------------------------------
Using local search with 1000 iterations
Local search improved energy to -4197.0
Results saved to: results/Gset/SpecAdj/G42.csv
  Seed 7/10 (seed=48)
Initialized SpecAdj solver (GPU sparse). Results will be saved under 'SpecAdj'.
Parameters:
  instance_name: G42.txt
  dataset: Gset
  random_seed: 48
  mode: 0
  beta: None
  alpha: 0
  use_local_search: True
  max_local_iterations: 1000
  eigsh_tol: 1e-06
  eigsh_maxiter: 1000
  run_name: SpecAdj
--------------------------------------------------
Using local search with 1000 iterations
Local search improved energy to -4184.999999999999
Results saved to: results/Gset/SpecAdj/G42.csv
  Seed 8/10 (seed=49)
Initialized SpecAdj solver (GPU sparse). Results will be saved under 'SpecAdj'.
Parameters:
  instance_name: G42.txt
  dataset: Gset
  random_seed: 49
  mode: 0
  beta: None
  alpha: 0
  use_local_search: True
  max_local_iterations: 1000
  eigsh_tol: 1e-06
  eigsh_maxiter: 1000
  run_name: SpecAdj
--------------------------------------------------
Using local search with 1000 iterations
Local search improved energy to -4203.0
Results saved to: results/Gset/SpecAdj/G42.csv
  Seed 9/10 (seed=50)
Initialized SpecAdj solver (GPU sparse). Results will be saved under 'SpecAdj'.
Parameters:
  instance_name: G42.txt
  dataset: Gset
  random_seed: 50
  mode: 0
  beta: None
  alpha: 0
  use_local_search: True
  max_local_iterations: 1000
  eigsh_tol: 1e-06
  eigsh_maxiter: 1000
  run_name: SpecAdj
--------------------------------------------------
Using local search with 1000 iterations
Local search improved energy to -4199.0
Results saved to: results/Gset/SpecAdj/G42.csv
  Seed 10/10 (seed=51)
Initialized SpecAdj solver (GPU sparse). Results will be saved under 'SpecAdj'.
Parameters:
  instance_name: G42.txt
  dataset: Gset
  random_seed: 51
  mode: 0
  beta: None
  alpha: 0
  use_local_search: True
  max_local_iterations: 1000
  eigsh_tol: 1e-06
  eigsh_maxiter: 1000
  run_name: SpecAdj
--------------------------------------------------
Using local search with 1000 iterations
Local search improved energy to -4230.999999999999
Results saved to: results/Gset/SpecAdj/G42.csv
Processing instance: G43.txt
  Seed 1/10 (seed=42)
Initialized SpecAdj solver (GPU sparse). Results will be saved under 'SpecAdj'.
Parameters:
  instance_name: G43.txt
  dataset: Gset
  random_seed: 42
  mode: 0
  beta: None
  alpha: 0
  use_local_search: True
  max_local_iterations: 1000
  eigsh_tol: 1e-06
  eigsh_maxiter: 1000
  run_name: SpecAdj
--------------------------------------------------
Using local search with 1000 iterations
Local search improved energy to -3130.0
Results saved to: results/Gset/SpecAdj/G43.csv
  Seed 2/10 (seed=43)
Initialized SpecAdj solver (GPU sparse). Results will be saved under 'SpecAdj'.
Parameters:
  instance_name: G43.txt
  dataset: Gset
  random_seed: 43
  mode: 0
  beta: None
  alpha: 0
  use_local_search: True
  max_local_iterations: 1000
  eigsh_tol: 1e-06
  eigsh_maxiter: 1000
  run_name: SpecAdj
--------------------------------------------------
Using local search with 1000 iterations
Local search improved energy to -3132.0
Results saved to: results/Gset/SpecAdj/G43.csv
  Seed 3/10 (seed=44)
Initialized SpecAdj solver (GPU sparse). Results will be saved under 'SpecAdj'.
Parameters:
  instance_name: G43.txt
  dataset: Gset
  random_seed: 44
  mode: 0
  beta: None
  alpha: 0
  use_local_search: True
  max_local_iterations: 1000
  eigsh_tol: 1e-06
  eigsh_maxiter: 1000
  run_name: SpecAdj
--------------------------------------------------
Using local search with 1000 iterations
Local search improved energy to -3144.0
Results saved to: results/Gset/SpecAdj/G43.csv
  Seed 4/10 (seed=45)
Initialized SpecAdj solver (GPU sparse). Results will be saved under 'SpecAdj'.
Parameters:
  instance_name: G43.txt
  dataset: Gset
  random_seed: 45
  mode: 0
  beta: None
  alpha: 0
  use_local_search: True
  max_local_iterations: 1000
  eigsh_tol: 1e-06
  eigsh_maxiter: 1000
  run_name: SpecAdj
--------------------------------------------------
Using local search with 1000 iterations
Local search improved energy to -3144.0
Results saved to: results/Gset/SpecAdj/G43.csv
  Seed 5/10 (seed=46)
Initialized SpecAdj solver (GPU sparse). Results will be saved under 'SpecAdj'.
Parameters:
  instance_name: G43.txt
  dataset: Gset
  random_seed: 46
  mode: 0
  beta: None
  alpha: 0
  use_local_search: True
  max_local_iterations: 1000
  eigsh_tol: 1e-06
  eigsh_maxiter: 1000
  run_name: SpecAdj
--------------------------------------------------
Using local search with 1000 iterations
Local search improved energy to -3148.0000000000005
Results saved to: results/Gset/SpecAdj/G43.csv
  Seed 6/10 (seed=47)
Initialized SpecAdj solver (GPU sparse). Results will be saved under 'SpecAdj'.
Parameters:
  instance_name: G43.txt
  dataset: Gset
  random_seed: 47
  mode: 0
  beta: None
  alpha: 0
  use_local_search: True
  max_local_iterations: 1000
  eigsh_tol: 1e-06
  eigsh_maxiter: 1000
  run_name: SpecAdj
--------------------------------------------------
Using local search with 1000 iterations
Local search improved energy to -3126.0000000000005
Results saved to: results/Gset/SpecAdj/G43.csv
  Seed 7/10 (seed=48)
Initialized SpecAdj solver (GPU sparse). Results will be saved under 'SpecAdj'.
Parameters:
  instance_name: G43.txt
  dataset: Gset
  random_seed: 48
  mode: 0
  beta: None
  alpha: 0
  use_local_search: True
  max_local_iterations: 1000
  eigsh_tol: 1e-06
  eigsh_maxiter: 1000
  run_name: SpecAdj
--------------------------------------------------
Using local search with 1000 iterations
Local search improved energy to -3129.9999999999995
Results saved to: results/Gset/SpecAdj/G43.csv
  Seed 8/10 (seed=49)
Initialized SpecAdj solver (GPU sparse). Results will be saved under 'SpecAdj'.
Parameters:
  instance_name: G43.txt
  dataset: Gset
  random_seed: 49
  mode: 0
  beta: None
  alpha: 0
  use_local_search: True
  max_local_iterations: 1000
  eigsh_tol: 1e-06
  eigsh_maxiter: 1000
  run_name: SpecAdj
--------------------------------------------------
Using local search with 1000 iterations
Local search improved energy to -3130.0
Results saved to: results/Gset/SpecAdj/G43.csv
  Seed 9/10 (seed=50)
Initialized SpecAdj solver (GPU sparse). Results will be saved under 'SpecAdj'.
Parameters:
  instance_name: G43.txt
  dataset: Gset
  random_seed: 50
  mode: 0
  beta: None
  alpha: 0
  use_local_search: True
  max_local_iterations: 1000
  eigsh_tol: 1e-06
  eigsh_maxiter: 1000
  run_name: SpecAdj
--------------------------------------------------
Using local search with 1000 iterations
Local search improved energy to -3110.0
Results saved to: results/Gset/SpecAdj/G43.csv
  Seed 10/10 (seed=51)
Initialized SpecAdj solver (GPU sparse). Results will be saved under 'SpecAdj'.
Parameters:
  instance_name: G43.txt
  dataset: Gset
  random_seed: 51
  mode: 0
  beta: None
  alpha: 0
  use_local_search: True
  max_local_iterations: 1000
  eigsh_tol: 1e-06
  eigsh_maxiter: 1000
  run_name: SpecAdj
--------------------------------------------------
Using local search with 1000 iterations
Local search improved energy to -3122.0
Results saved to: results/Gset/SpecAdj/G43.csv
Processing instance: G44.txt
  Seed 1/10 (seed=42)
Initialized SpecAdj solver (GPU sparse). Results will be saved under 'SpecAdj'.
Parameters:
  instance_name: G44.txt
  dataset: Gset
  random_seed: 42
  mode: 0
  beta: None
  alpha: 0
  use_local_search: True
  max_local_iterations: 1000
  eigsh_tol: 1e-06
  eigsh_maxiter: 1000
  run_name: SpecAdj
--------------------------------------------------
Using local search with 1000 iterations
Local search improved energy to -3102.0000000000005
Results saved to: results/Gset/SpecAdj/G44.csv
  Seed 2/10 (seed=43)
Initialized SpecAdj solver (GPU sparse). Results will be saved under 'SpecAdj'.
Parameters:
  instance_name: G44.txt
  dataset: Gset
  random_seed: 43
  mode: 0
  beta: None
  alpha: 0
  use_local_search: True
  max_local_iterations: 1000
  eigsh_tol: 1e-06
  eigsh_maxiter: 1000
  run_name: SpecAdj
--------------------------------------------------
Using local search with 1000 iterations
Local search improved energy to -3056.0000000000005
Results saved to: results/Gset/SpecAdj/G44.csv
  Seed 3/10 (seed=44)
Initialized SpecAdj solver (GPU sparse). Results will be saved under 'SpecAdj'.
Parameters:
  instance_name: G44.txt
  dataset: Gset
  random_seed: 44
  mode: 0
  beta: None
  alpha: 0
  use_local_search: True
  max_local_iterations: 1000
  eigsh_tol: 1e-06
  eigsh_maxiter: 1000
  run_name: SpecAdj
--------------------------------------------------
Using local search with 1000 iterations
Local search improved energy to -3091.9999999999995
Results saved to: results/Gset/SpecAdj/G44.csv
  Seed 4/10 (seed=45)
Initialized SpecAdj solver (GPU sparse). Results will be saved under 'SpecAdj'.
Parameters:
  instance_name: G44.txt
  dataset: Gset
  random_seed: 45
  mode: 0
  beta: None
  alpha: 0
  use_local_search: True
  max_local_iterations: 1000
  eigsh_tol: 1e-06
  eigsh_maxiter: 1000
  run_name: SpecAdj
--------------------------------------------------
Using local search with 1000 iterations
Local search improved energy to -3108.0000000000005
Results saved to: results/Gset/SpecAdj/G44.csv
  Seed 5/10 (seed=46)
Initialized SpecAdj solver (GPU sparse). Results will be saved under 'SpecAdj'.
Parameters:
  instance_name: G44.txt
  dataset: Gset
  random_seed: 46
  mode: 0
  beta: None
  alpha: 0
  use_local_search: True
  max_local_iterations: 1000
  eigsh_tol: 1e-06
  eigsh_maxiter: 1000
  run_name: SpecAdj
--------------------------------------------------
Using local search with 1000 iterations
Local search improved energy to -3104.0000000000005
Results saved to: results/Gset/SpecAdj/G44.csv
  Seed 6/10 (seed=47)
Initialized SpecAdj solver (GPU sparse). Results will be saved under 'SpecAdj'.
Parameters:
  instance_name: G44.txt
  dataset: Gset
  random_seed: 47
  mode: 0
  beta: None
  alpha: 0
  use_local_search: True
  max_local_iterations: 1000
  eigsh_tol: 1e-06
  eigsh_maxiter: 1000
  run_name: SpecAdj
--------------------------------------------------
Using local search with 1000 iterations
Local search improved energy to -3122.0000000000005
Results saved to: results/Gset/SpecAdj/G44.csv
  Seed 7/10 (seed=48)
Initialized SpecAdj solver (GPU sparse). Results will be saved under 'SpecAdj'.
Parameters:
  instance_name: G44.txt
  dataset: Gset
  random_seed: 48
  mode: 0
  beta: None
  alpha: 0
  use_local_search: True
  max_local_iterations: 1000
  eigsh_tol: 1e-06
  eigsh_maxiter: 1000
  run_name: SpecAdj
--------------------------------------------------
Using local search with 1000 iterations
Local search improved energy to -3114.0
Results saved to: results/Gset/SpecAdj/G44.csv
  Seed 8/10 (seed=49)
Initialized SpecAdj solver (GPU sparse). Results will be saved under 'SpecAdj'.
Parameters:
  instance_name: G44.txt
  dataset: Gset
  random_seed: 49
  mode: 0
  beta: None
  alpha: 0
  use_local_search: True
  max_local_iterations: 1000
  eigsh_tol: 1e-06
  eigsh_maxiter: 1000
  run_name: SpecAdj
--------------------------------------------------
Using local search with 1000 iterations
Local search improved energy to -3132.0000000000005
Results saved to: results/Gset/SpecAdj/G44.csv
  Seed 9/10 (seed=50)
Initialized SpecAdj solver (GPU sparse). Results will be saved under 'SpecAdj'.
Parameters:
  instance_name: G44.txt
  dataset: Gset
  random_seed: 50
  mode: 0
  beta: None
  alpha: 0
  use_local_search: True
  max_local_iterations: 1000
  eigsh_tol: 1e-06
  eigsh_maxiter: 1000
  run_name: SpecAdj
--------------------------------------------------
Using local search with 1000 iterations
Local search improved energy to -3108.0
Results saved to: results/Gset/SpecAdj/G44.csv
  Seed 10/10 (seed=51)
Initialized SpecAdj solver (GPU sparse). Results will be saved under 'SpecAdj'.
Parameters:
  instance_name: G44.txt
  dataset: Gset
  random_seed: 51
  mode: 0
  beta: None
  alpha: 0
  use_local_search: True
  max_local_iterations: 1000
  eigsh_tol: 1e-06
  eigsh_maxiter: 1000
  run_name: SpecAdj
--------------------------------------------------
Using local search with 1000 iterations
Local search improved energy to -3114.0
Results saved to: results/Gset/SpecAdj/G44.csv
Processing instance: G45.txt
  Seed 1/10 (seed=42)
Initialized SpecAdj solver (GPU sparse). Results will be saved under 'SpecAdj'.
Parameters:
  instance_name: G45.txt
  dataset: Gset
  random_seed: 42
  mode: 0
  beta: None
  alpha: 0
  use_local_search: True
  max_local_iterations: 1000
  eigsh_tol: 1e-06
  eigsh_maxiter: 1000
  run_name: SpecAdj
--------------------------------------------------
Using local search with 1000 iterations
Local search improved energy to -3163.9999999999995
Results saved to: results/Gset/SpecAdj/G45.csv
  Seed 2/10 (seed=43)
Initialized SpecAdj solver (GPU sparse). Results will be saved under 'SpecAdj'.
Parameters:
  instance_name: G45.txt
  dataset: Gset
  random_seed: 43
  mode: 0
  beta: None
  alpha: 0
  use_local_search: True
  max_local_iterations: 1000
  eigsh_tol: 1e-06
  eigsh_maxiter: 1000
  run_name: SpecAdj
--------------------------------------------------
Using local search with 1000 iterations
Local search improved energy to -3154.0000000000005
Results saved to: results/Gset/SpecAdj/G45.csv
  Seed 3/10 (seed=44)
Initialized SpecAdj solver (GPU sparse). Results will be saved under 'SpecAdj'.
Parameters:
  instance_name: G45.txt
  dataset: Gset
  random_seed: 44
  mode: 0
  beta: None
  alpha: 0
  use_local_search: True
  max_local_iterations: 1000
  eigsh_tol: 1e-06
  eigsh_maxiter: 1000
  run_name: SpecAdj
--------------------------------------------------
Using local search with 1000 iterations
Local search improved energy to -3158.0
Results saved to: results/Gset/SpecAdj/G45.csv
  Seed 4/10 (seed=45)
Initialized SpecAdj solver (GPU sparse). Results will be saved under 'SpecAdj'.
Parameters:
  instance_name: G45.txt
  dataset: Gset
  random_seed: 45
  mode: 0
  beta: None
  alpha: 0
  use_local_search: True
  max_local_iterations: 1000
  eigsh_tol: 1e-06
  eigsh_maxiter: 1000
  run_name: SpecAdj
--------------------------------------------------
Using local search with 1000 iterations
Local search improved energy to -3108.0000000000005
Results saved to: results/Gset/SpecAdj/G45.csv
  Seed 5/10 (seed=46)
Initialized SpecAdj solver (GPU sparse). Results will be saved under 'SpecAdj'.
Parameters:
  instance_name: G45.txt
  dataset: Gset
  random_seed: 46
  mode: 0
  beta: None
  alpha: 0
  use_local_search: True
  max_local_iterations: 1000
  eigsh_tol: 1e-06
  eigsh_maxiter: 1000
  run_name: SpecAdj
--------------------------------------------------
Using local search with 1000 iterations
Local search improved energy to -3144.0000000000005
Results saved to: results/Gset/SpecAdj/G45.csv
  Seed 6/10 (seed=47)
Initialized SpecAdj solver (GPU sparse). Results will be saved under 'SpecAdj'.
Parameters:
  instance_name: G45.txt
  dataset: Gset
  random_seed: 47
  mode: 0
  beta: None
  alpha: 0
  use_local_search: True
  max_local_iterations: 1000
  eigsh_tol: 1e-06
  eigsh_maxiter: 1000
  run_name: SpecAdj
--------------------------------------------------
Using local search with 1000 iterations
Local search improved energy to -3182.0
Results saved to: results/Gset/SpecAdj/G45.csv
  Seed 7/10 (seed=48)
Initialized SpecAdj solver (GPU sparse). Results will be saved under 'SpecAdj'.
Parameters:
  instance_name: G45.txt
  dataset: Gset
  random_seed: 48
  mode: 0
  beta: None
  alpha: 0
  use_local_search: True
  max_local_iterations: 1000
  eigsh_tol: 1e-06
  eigsh_maxiter: 1000
  run_name: SpecAdj
--------------------------------------------------
Using local search with 1000 iterations
Local search improved energy to -3158.0000000000005
Results saved to: results/Gset/SpecAdj/G45.csv
  Seed 8/10 (seed=49)
Initialized SpecAdj solver (GPU sparse). Results will be saved under 'SpecAdj'.
Parameters:
  instance_name: G45.txt
  dataset: Gset
  random_seed: 49
  mode: 0
  beta: None
  alpha: 0
  use_local_search: True
  max_local_iterations: 1000
  eigsh_tol: 1e-06
  eigsh_maxiter: 1000
  run_name: SpecAdj
--------------------------------------------------
Using local search with 1000 iterations
Local search improved energy to -3138.0000000000005
Results saved to: results/Gset/SpecAdj/G45.csv
  Seed 9/10 (seed=50)
Initialized SpecAdj solver (GPU sparse). Results will be saved under 'SpecAdj'.
Parameters:
  instance_name: G45.txt
  dataset: Gset
  random_seed: 50
  mode: 0
  beta: None
  alpha: 0
  use_local_search: True
  max_local_iterations: 1000
  eigsh_tol: 1e-06
  eigsh_maxiter: 1000
  run_name: SpecAdj
--------------------------------------------------
Using local search with 1000 iterations
Local search improved energy to -3151.9999999999995
Results saved to: results/Gset/SpecAdj/G45.csv
  Seed 10/10 (seed=51)
Initialized SpecAdj solver (GPU sparse). Results will be saved under 'SpecAdj'.
Parameters:
  instance_name: G45.txt
  dataset: Gset
  random_seed: 51
  mode: 0
  beta: None
  alpha: 0
  use_local_search: True
  max_local_iterations: 1000
  eigsh_tol: 1e-06
  eigsh_maxiter: 1000
  run_name: SpecAdj
--------------------------------------------------
Using local search with 1000 iterations
Local search improved energy to -3159.9999999999995
Results saved to: results/Gset/SpecAdj/G45.csv
Processing instance: G46.txt
  Seed 1/10 (seed=42)
Initialized SpecAdj solver (GPU sparse). Results will be saved under 'SpecAdj'.
Parameters:
  instance_name: G46.txt
  dataset: Gset
  random_seed: 42
  mode: 0
  beta: None
  alpha: 0
  use_local_search: True
  max_local_iterations: 1000
  eigsh_tol: 1e-06
  eigsh_maxiter: 1000
  run_name: SpecAdj
--------------------------------------------------
Using local search with 1000 iterations
Local search improved energy to -3120.0
Results saved to: results/Gset/SpecAdj/G46.csv
  Seed 2/10 (seed=43)
Initialized SpecAdj solver (GPU sparse). Results will be saved under 'SpecAdj'.
Parameters:
  instance_name: G46.txt
  dataset: Gset
  random_seed: 43
  mode: 0
  beta: None
  alpha: 0
  use_local_search: True
  max_local_iterations: 1000
  eigsh_tol: 1e-06
  eigsh_maxiter: 1000
  run_name: SpecAdj
--------------------------------------------------
Using local search with 1000 iterations
Local search improved energy to -3092.0000000000005
Results saved to: results/Gset/SpecAdj/G46.csv
  Seed 3/10 (seed=44)
Initialized SpecAdj solver (GPU sparse). Results will be saved under 'SpecAdj'.
Parameters:
  instance_name: G46.txt
  dataset: Gset
  random_seed: 44
  mode: 0
  beta: None
  alpha: 0
  use_local_search: True
  max_local_iterations: 1000
  eigsh_tol: 1e-06
  eigsh_maxiter: 1000
  run_name: SpecAdj
--------------------------------------------------
Using local search with 1000 iterations
Local search improved energy to -3118.0
Results saved to: results/Gset/SpecAdj/G46.csv
  Seed 4/10 (seed=45)
Initialized SpecAdj solver (GPU sparse). Results will be saved under 'SpecAdj'.
Parameters:
  instance_name: G46.txt
  dataset: Gset
  random_seed: 45
  mode: 0
  beta: None
  alpha: 0
  use_local_search: True
  max_local_iterations: 1000
  eigsh_tol: 1e-06
  eigsh_maxiter: 1000
  run_name: SpecAdj
--------------------------------------------------
Using local search with 1000 iterations
Local search improved energy to -3113.9999999999995
Results saved to: results/Gset/SpecAdj/G46.csv
  Seed 5/10 (seed=46)
Initialized SpecAdj solver (GPU sparse). Results will be saved under 'SpecAdj'.
Parameters:
  instance_name: G46.txt
  dataset: Gset
  random_seed: 46
  mode: 0
  beta: None
  alpha: 0
  use_local_search: True
  max_local_iterations: 1000
  eigsh_tol: 1e-06
  eigsh_maxiter: 1000
  run_name: SpecAdj
--------------------------------------------------
Using local search with 1000 iterations
Local search improved energy to -3105.9999999999995
Results saved to: results/Gset/SpecAdj/G46.csv
  Seed 6/10 (seed=47)
Initialized SpecAdj solver (GPU sparse). Results will be saved under 'SpecAdj'.
Parameters:
  instance_name: G46.txt
  dataset: Gset
  random_seed: 47
  mode: 0
  beta: None
  alpha: 0
  use_local_search: True
  max_local_iterations: 1000
  eigsh_tol: 1e-06
  eigsh_maxiter: 1000
  run_name: SpecAdj
--------------------------------------------------
Using local search with 1000 iterations
Local search improved energy to -3097.9999999999995
Results saved to: results/Gset/SpecAdj/G46.csv
  Seed 7/10 (seed=48)
Initialized SpecAdj solver (GPU sparse). Results will be saved under 'SpecAdj'.
Parameters:
  instance_name: G46.txt
  dataset: Gset
  random_seed: 48
  mode: 0
  beta: None
  alpha: 0
  use_local_search: True
  max_local_iterations: 1000
  eigsh_tol: 1e-06
  eigsh_maxiter: 1000
  run_name: SpecAdj
--------------------------------------------------
Using local search with 1000 iterations
Local search improved energy to -3124.0000000000005
Results saved to: results/Gset/SpecAdj/G46.csv
  Seed 8/10 (seed=49)
Initialized SpecAdj solver (GPU sparse). Results will be saved under 'SpecAdj'.
Parameters:
  instance_name: G46.txt
  dataset: Gset
  random_seed: 49
  mode: 0
  beta: None
  alpha: 0
  use_local_search: True
  max_local_iterations: 1000
  eigsh_tol: 1e-06
  eigsh_maxiter: 1000
  run_name: SpecAdj
--------------------------------------------------
Using local search with 1000 iterations
Local search improved energy to -3108.0
Results saved to: results/Gset/SpecAdj/G46.csv
  Seed 9/10 (seed=50)
Initialized SpecAdj solver (GPU sparse). Results will be saved under 'SpecAdj'.
Parameters:
  instance_name: G46.txt
  dataset: Gset
  random_seed: 50
  mode: 0
  beta: None
  alpha: 0
  use_local_search: True
  max_local_iterations: 1000
  eigsh_tol: 1e-06
  eigsh_maxiter: 1000
  run_name: SpecAdj
--------------------------------------------------
Using local search with 1000 iterations
Local search improved energy to -3097.9999999999995
Results saved to: results/Gset/SpecAdj/G46.csv
  Seed 10/10 (seed=51)
Initialized SpecAdj solver (GPU sparse). Results will be saved under 'SpecAdj'.
Parameters:
  instance_name: G46.txt
  dataset: Gset
  random_seed: 51
  mode: 0
  beta: None
  alpha: 0
  use_local_search: True
  max_local_iterations: 1000
  eigsh_tol: 1e-06
  eigsh_maxiter: 1000
  run_name: SpecAdj
--------------------------------------------------
Using local search with 1000 iterations
Local search improved energy to -3124.0
Results saved to: results/Gset/SpecAdj/G46.csv
Processing instance: G47.txt
  Seed 1/10 (seed=42)
Initialized SpecAdj solver (GPU sparse). Results will be saved under 'SpecAdj'.
Parameters:
  instance_name: G47.txt
  dataset: Gset
  random_seed: 42
  mode: 0
  beta: None
  alpha: 0
  use_local_search: True
  max_local_iterations: 1000
  eigsh_tol: 1e-06
  eigsh_maxiter: 1000
  run_name: SpecAdj
--------------------------------------------------
Using local search with 1000 iterations
Local search improved energy to -3198.0
Results saved to: results/Gset/SpecAdj/G47.csv
  Seed 2/10 (seed=43)
Initialized SpecAdj solver (GPU sparse). Results will be saved under 'SpecAdj'.
Parameters:
  instance_name: G47.txt
  dataset: Gset
  random_seed: 43
  mode: 0
  beta: None
  alpha: 0
  use_local_search: True
  max_local_iterations: 1000
  eigsh_tol: 1e-06
  eigsh_maxiter: 1000
  run_name: SpecAdj
--------------------------------------------------
Using local search with 1000 iterations
Local search improved energy to -3176.0000000000005
Results saved to: results/Gset/SpecAdj/G47.csv
  Seed 3/10 (seed=44)
Initialized SpecAdj solver (GPU sparse). Results will be saved under 'SpecAdj'.
Parameters:
  instance_name: G47.txt
  dataset: Gset
  random_seed: 44
  mode: 0
  beta: None
  alpha: 0
  use_local_search: True
  max_local_iterations: 1000
  eigsh_tol: 1e-06
  eigsh_maxiter: 1000
  run_name: SpecAdj
--------------------------------------------------
Using local search with 1000 iterations
Local search improved energy to -3189.9999999999995
Results saved to: results/Gset/SpecAdj/G47.csv
  Seed 4/10 (seed=45)
Initialized SpecAdj solver (GPU sparse). Results will be saved under 'SpecAdj'.
Parameters:
  instance_name: G47.txt
  dataset: Gset
  random_seed: 45
  mode: 0
  beta: None
  alpha: 0
  use_local_search: True
  max_local_iterations: 1000
  eigsh_tol: 1e-06
  eigsh_maxiter: 1000
  run_name: SpecAdj
--------------------------------------------------
Using local search with 1000 iterations
Local search improved energy to -3169.9999999999995
Results saved to: results/Gset/SpecAdj/G47.csv
  Seed 5/10 (seed=46)
Initialized SpecAdj solver (GPU sparse). Results will be saved under 'SpecAdj'.
Parameters:
  instance_name: G47.txt
  dataset: Gset
  random_seed: 46
  mode: 0
  beta: None
  alpha: 0
  use_local_search: True
  max_local_iterations: 1000
  eigsh_tol: 1e-06
  eigsh_maxiter: 1000
  run_name: SpecAdj
--------------------------------------------------
Using local search with 1000 iterations
Local search improved energy to -3198.0
Results saved to: results/Gset/SpecAdj/G47.csv
  Seed 6/10 (seed=47)
Initialized SpecAdj solver (GPU sparse). Results will be saved under 'SpecAdj'.
Parameters:
  instance_name: G47.txt
  dataset: Gset
  random_seed: 47
  mode: 0
  beta: None
  alpha: 0
  use_local_search: True
  max_local_iterations: 1000
  eigsh_tol: 1e-06
  eigsh_maxiter: 1000
  run_name: SpecAdj
--------------------------------------------------
Using local search with 1000 iterations
Local search improved energy to -3194.0
Results saved to: results/Gset/SpecAdj/G47.csv
  Seed 7/10 (seed=48)
Initialized SpecAdj solver (GPU sparse). Results will be saved under 'SpecAdj'.
Parameters:
  instance_name: G47.txt
  dataset: Gset
  random_seed: 48
  mode: 0
  beta: None
  alpha: 0
  use_local_search: True
  max_local_iterations: 1000
  eigsh_tol: 1e-06
  eigsh_maxiter: 1000
  run_name: SpecAdj
--------------------------------------------------
Using local search with 1000 iterations
Local search improved energy to -3184.0
Results saved to: results/Gset/SpecAdj/G47.csv
  Seed 8/10 (seed=49)
Initialized SpecAdj solver (GPU sparse). Results will be saved under 'SpecAdj'.
Parameters:
  instance_name: G47.txt
  dataset: Gset
  random_seed: 49
  mode: 0
  beta: None
  alpha: 0
  use_local_search: True
  max_local_iterations: 1000
  eigsh_tol: 1e-06
  eigsh_maxiter: 1000
  run_name: SpecAdj
--------------------------------------------------
Using local search with 1000 iterations
Local search improved energy to -3186.0
Results saved to: results/Gset/SpecAdj/G47.csv
  Seed 9/10 (seed=50)
Initialized SpecAdj solver (GPU sparse). Results will be saved under 'SpecAdj'.
Parameters:
  instance_name: G47.txt
  dataset: Gset
  random_seed: 50
  mode: 0
  beta: None
  alpha: 0
  use_local_search: True
  max_local_iterations: 1000
  eigsh_tol: 1e-06
  eigsh_maxiter: 1000
  run_name: SpecAdj
--------------------------------------------------
Using local search with 1000 iterations
Local search improved energy to -3197.9999999999995
Results saved to: results/Gset/SpecAdj/G47.csv
  Seed 10/10 (seed=51)
Initialized SpecAdj solver (GPU sparse). Results will be saved under 'SpecAdj'.
Parameters:
  instance_name: G47.txt
  dataset: Gset
  random_seed: 51
  mode: 0
  beta: None
  alpha: 0
  use_local_search: True
  max_local_iterations: 1000
  eigsh_tol: 1e-06
  eigsh_maxiter: 1000
  run_name: SpecAdj
--------------------------------------------------
Using local search with 1000 iterations
Local search improved energy to -3188.0
Results saved to: results/Gset/SpecAdj/G47.csv
Processing instance: G48.txt
  Seed 1/10 (seed=42)
Initialized SpecAdj solver (GPU sparse). Results will be saved under 'SpecAdj'.
Parameters:
  instance_name: G48.txt
  dataset: Gset
  random_seed: 42
  mode: 0
  beta: None
  alpha: 0
  use_local_search: True
  max_local_iterations: 1000
  eigsh_tol: 1e-06
  eigsh_maxiter: 1000
  run_name: SpecAdj
--------------------------------------------------
Using local search with 1000 iterations
Local search did not improve energy to -6000.0
Results saved to: results/Gset/SpecAdj/G48.csv
  Seed 2/10 (seed=43)
Initialized SpecAdj solver (GPU sparse). Results will be saved under 'SpecAdj'.
Parameters:
  instance_name: G48.txt
  dataset: Gset
  random_seed: 43
  mode: 0
  beta: None
  alpha: 0
  use_local_search: True
  max_local_iterations: 1000
  eigsh_tol: 1e-06
  eigsh_maxiter: 1000
  run_name: SpecAdj
--------------------------------------------------
Using local search with 1000 iterations
Local search did not improve energy to -6000.0
Results saved to: results/Gset/SpecAdj/G48.csv
  Seed 3/10 (seed=44)
Initialized SpecAdj solver (GPU sparse). Results will be saved under 'SpecAdj'.
Parameters:
  instance_name: G48.txt
  dataset: Gset
  random_seed: 44
  mode: 0
  beta: None
  alpha: 0
  use_local_search: True
  max_local_iterations: 1000
  eigsh_tol: 1e-06
  eigsh_maxiter: 1000
  run_name: SpecAdj
--------------------------------------------------
Using local search with 1000 iterations
Local search did not improve energy to -6000.0
Results saved to: results/Gset/SpecAdj/G48.csv
  Seed 4/10 (seed=45)
Initialized SpecAdj solver (GPU sparse). Results will be saved under 'SpecAdj'.
Parameters:
  instance_name: G48.txt
  dataset: Gset
  random_seed: 45
  mode: 0
  beta: None
  alpha: 0
  use_local_search: True
  max_local_iterations: 1000
  eigsh_tol: 1e-06
  eigsh_maxiter: 1000
  run_name: SpecAdj
--------------------------------------------------
Using local search with 1000 iterations
Local search did not improve energy to -6000.0
Results saved to: results/Gset/SpecAdj/G48.csv
  Seed 5/10 (seed=46)
Initialized SpecAdj solver (GPU sparse). Results will be saved under 'SpecAdj'.
Parameters:
  instance_name: G48.txt
  dataset: Gset
  random_seed: 46
  mode: 0
  beta: None
  alpha: 0
  use_local_search: True
  max_local_iterations: 1000
  eigsh_tol: 1e-06
  eigsh_maxiter: 1000
  run_name: SpecAdj
--------------------------------------------------
Using local search with 1000 iterations
Local search did not improve energy to -6000.0
Results saved to: results/Gset/SpecAdj/G48.csv
  Seed 6/10 (seed=47)
Initialized SpecAdj solver (GPU sparse). Results will be saved under 'SpecAdj'.
Parameters:
  instance_name: G48.txt
  dataset: Gset
  random_seed: 47
  mode: 0
  beta: None
  alpha: 0
  use_local_search: True
  max_local_iterations: 1000
  eigsh_tol: 1e-06
  eigsh_maxiter: 1000
  run_name: SpecAdj
--------------------------------------------------
Using local search with 1000 iterations
Local search did not improve energy to -6000.0
Results saved to: results/Gset/SpecAdj/G48.csv
  Seed 7/10 (seed=48)
Initialized SpecAdj solver (GPU sparse). Results will be saved under 'SpecAdj'.
Parameters:
  instance_name: G48.txt
  dataset: Gset
  random_seed: 48
  mode: 0
  beta: None
  alpha: 0
  use_local_search: True
  max_local_iterations: 1000
  eigsh_tol: 1e-06
  eigsh_maxiter: 1000
  run_name: SpecAdj
--------------------------------------------------
Using local search with 1000 iterations
Local search did not improve energy to -6000.0
Results saved to: results/Gset/SpecAdj/G48.csv
  Seed 8/10 (seed=49)
Initialized SpecAdj solver (GPU sparse). Results will be saved under 'SpecAdj'.
Parameters:
  instance_name: G48.txt
  dataset: Gset
  random_seed: 49
  mode: 0
  beta: None
  alpha: 0
  use_local_search: True
  max_local_iterations: 1000
  eigsh_tol: 1e-06
  eigsh_maxiter: 1000
  run_name: SpecAdj
--------------------------------------------------
Using local search with 1000 iterations
Local search did not improve energy to -6000.0
Results saved to: results/Gset/SpecAdj/G48.csv
  Seed 9/10 (seed=50)
Initialized SpecAdj solver (GPU sparse). Results will be saved under 'SpecAdj'.
Parameters:
  instance_name: G48.txt
  dataset: Gset
  random_seed: 50
  mode: 0
  beta: None
  alpha: 0
  use_local_search: True
  max_local_iterations: 1000
  eigsh_tol: 1e-06
  eigsh_maxiter: 1000
  run_name: SpecAdj
--------------------------------------------------
Using local search with 1000 iterations
Local search did not improve energy to -6000.0
Results saved to: results/Gset/SpecAdj/G48.csv
  Seed 10/10 (seed=51)
Initialized SpecAdj solver (GPU sparse). Results will be saved under 'SpecAdj'.
Parameters:
  instance_name: G48.txt
  dataset: Gset
  random_seed: 51
  mode: 0
  beta: None
  alpha: 0
  use_local_search: True
  max_local_iterations: 1000
  eigsh_tol: 1e-06
  eigsh_maxiter: 1000
  run_name: SpecAdj
--------------------------------------------------
Using local search with 1000 iterations
Local search did not improve energy to -6000.0
Results saved to: results/Gset/SpecAdj/G48.csv
Processing instance: G49.txt
  Seed 1/10 (seed=42)
Initialized SpecAdj solver (GPU sparse). Results will be saved under 'SpecAdj'.
Parameters:
  instance_name: G49.txt
  dataset: Gset
  random_seed: 42
  mode: 0
  beta: None
  alpha: 0
  use_local_search: True
  max_local_iterations: 1000
  eigsh_tol: 1e-06
  eigsh_maxiter: 1000
  run_name: SpecAdj
--------------------------------------------------
Using local search with 1000 iterations
Local search did not improve energy to -6000.0
Results saved to: results/Gset/SpecAdj/G49.csv
  Seed 2/10 (seed=43)
Initialized SpecAdj solver (GPU sparse). Results will be saved under 'SpecAdj'.
Parameters:
  instance_name: G49.txt
  dataset: Gset
  random_seed: 43
  mode: 0
  beta: None
  alpha: 0
  use_local_search: True
  max_local_iterations: 1000
  eigsh_tol: 1e-06
  eigsh_maxiter: 1000
  run_name: SpecAdj
--------------------------------------------------
Using local search with 1000 iterations
Local search did not improve energy to -6000.0
Results saved to: results/Gset/SpecAdj/G49.csv
  Seed 3/10 (seed=44)
Initialized SpecAdj solver (GPU sparse). Results will be saved under 'SpecAdj'.
Parameters:
  instance_name: G49.txt
  dataset: Gset
  random_seed: 44
  mode: 0
  beta: None
  alpha: 0
  use_local_search: True
  max_local_iterations: 1000
  eigsh_tol: 1e-06
  eigsh_maxiter: 1000
  run_name: SpecAdj
--------------------------------------------------
Using local search with 1000 iterations
Local search did not improve energy to -6000.0
Results saved to: results/Gset/SpecAdj/G49.csv
  Seed 4/10 (seed=45)
Initialized SpecAdj solver (GPU sparse). Results will be saved under 'SpecAdj'.
Parameters:
  instance_name: G49.txt
  dataset: Gset
  random_seed: 45
  mode: 0
  beta: None
  alpha: 0
  use_local_search: True
  max_local_iterations: 1000
  eigsh_tol: 1e-06
  eigsh_maxiter: 1000
  run_name: SpecAdj
--------------------------------------------------
Using local search with 1000 iterations
Local search did not improve energy to -6000.0
Results saved to: results/Gset/SpecAdj/G49.csv
  Seed 5/10 (seed=46)
Initialized SpecAdj solver (GPU sparse). Results will be saved under 'SpecAdj'.
Parameters:
  instance_name: G49.txt
  dataset: Gset
  random_seed: 46
  mode: 0
  beta: None
  alpha: 0
  use_local_search: True
  max_local_iterations: 1000
  eigsh_tol: 1e-06
  eigsh_maxiter: 1000
  run_name: SpecAdj
--------------------------------------------------
Using local search with 1000 iterations
Local search did not improve energy to -6000.0
Results saved to: results/Gset/SpecAdj/G49.csv
  Seed 6/10 (seed=47)
Initialized SpecAdj solver (GPU sparse). Results will be saved under 'SpecAdj'.
Parameters:
  instance_name: G49.txt
  dataset: Gset
  random_seed: 47
  mode: 0
  beta: None
  alpha: 0
  use_local_search: True
  max_local_iterations: 1000
  eigsh_tol: 1e-06
  eigsh_maxiter: 1000
  run_name: SpecAdj
--------------------------------------------------
Using local search with 1000 iterations
Local search did not improve energy to -6000.0
Results saved to: results/Gset/SpecAdj/G49.csv
  Seed 7/10 (seed=48)
Initialized SpecAdj solver (GPU sparse). Results will be saved under 'SpecAdj'.
Parameters:
  instance_name: G49.txt
  dataset: Gset
  random_seed: 48
  mode: 0
  beta: None
  alpha: 0
  use_local_search: True
  max_local_iterations: 1000
  eigsh_tol: 1e-06
  eigsh_maxiter: 1000
  run_name: SpecAdj
--------------------------------------------------
Using local search with 1000 iterations
Local search did not improve energy to -6000.0
Results saved to: results/Gset/SpecAdj/G49.csv
  Seed 8/10 (seed=49)
Initialized SpecAdj solver (GPU sparse). Results will be saved under 'SpecAdj'.
Parameters:
  instance_name: G49.txt
  dataset: Gset
  random_seed: 49
  mode: 0
  beta: None
  alpha: 0
  use_local_search: True
  max_local_iterations: 1000
  eigsh_tol: 1e-06
  eigsh_maxiter: 1000
  run_name: SpecAdj
--------------------------------------------------
Using local search with 1000 iterations
Local search did not improve energy to -6000.0
Results saved to: results/Gset/SpecAdj/G49.csv
  Seed 9/10 (seed=50)
Initialized SpecAdj solver (GPU sparse). Results will be saved under 'SpecAdj'.
Parameters:
  instance_name: G49.txt
  dataset: Gset
  random_seed: 50
  mode: 0
  beta: None
  alpha: 0
  use_local_search: True
  max_local_iterations: 1000
  eigsh_tol: 1e-06
  eigsh_maxiter: 1000
  run_name: SpecAdj
--------------------------------------------------
Using local search with 1000 iterations
Local search did not improve energy to -6000.0
Results saved to: results/Gset/SpecAdj/G49.csv
  Seed 10/10 (seed=51)
Initialized SpecAdj solver (GPU sparse). Results will be saved under 'SpecAdj'.
Parameters:
  instance_name: G49.txt
  dataset: Gset
  random_seed: 51
  mode: 0
  beta: None
  alpha: 0
  use_local_search: True
  max_local_iterations: 1000
  eigsh_tol: 1e-06
  eigsh_maxiter: 1000
  run_name: SpecAdj
--------------------------------------------------
Using local search with 1000 iterations
Local search did not improve energy to -6000.0
Results saved to: results/Gset/SpecAdj/G49.csv
Processing instance: G5.txt
  Seed 1/10 (seed=42)
Initialized SpecAdj solver (GPU sparse). Results will be saved under 'SpecAdj'.
Parameters:
  instance_name: G5.txt
  dataset: Gset
  random_seed: 42
  mode: 0
  beta: None
  alpha: 0
  use_local_search: True
  max_local_iterations: 1000
  eigsh_tol: 1e-06
  eigsh_maxiter: 1000
  run_name: SpecAdj
--------------------------------------------------
Using local search with 1000 iterations
Local search did not improve energy to -3475.9999999999995
Results saved to: results/Gset/SpecAdj/G5.csv
  Seed 2/10 (seed=43)
Initialized SpecAdj solver (GPU sparse). Results will be saved under 'SpecAdj'.
Parameters:
  instance_name: G5.txt
  dataset: Gset
  random_seed: 43
  mode: 0
  beta: None
  alpha: 0
  use_local_search: True
  max_local_iterations: 1000
  eigsh_tol: 1e-06
  eigsh_maxiter: 1000
  run_name: SpecAdj
--------------------------------------------------
Using local search with 1000 iterations
Local search did not improve energy to -3475.9999999999995
Results saved to: results/Gset/SpecAdj/G5.csv
  Seed 3/10 (seed=44)
Initialized SpecAdj solver (GPU sparse). Results will be saved under 'SpecAdj'.
Parameters:
  instance_name: G5.txt
  dataset: Gset
  random_seed: 44
  mode: 0
  beta: None
  alpha: 0
  use_local_search: True
  max_local_iterations: 1000
  eigsh_tol: 1e-06
  eigsh_maxiter: 1000
  run_name: SpecAdj
--------------------------------------------------
Using local search with 1000 iterations
Local search did not improve energy to -3475.9999999999995
Results saved to: results/Gset/SpecAdj/G5.csv
  Seed 4/10 (seed=45)
Initialized SpecAdj solver (GPU sparse). Results will be saved under 'SpecAdj'.
Parameters:
  instance_name: G5.txt
  dataset: Gset
  random_seed: 45
  mode: 0
  beta: None
  alpha: 0
  use_local_search: True
  max_local_iterations: 1000
  eigsh_tol: 1e-06
  eigsh_maxiter: 1000
  run_name: SpecAdj
--------------------------------------------------
Using local search with 1000 iterations
Local search did not improve energy to -3475.9999999999995
Results saved to: results/Gset/SpecAdj/G5.csv
  Seed 5/10 (seed=46)
Initialized SpecAdj solver (GPU sparse). Results will be saved under 'SpecAdj'.
Parameters:
  instance_name: G5.txt
  dataset: Gset
  random_seed: 46
  mode: 0
  beta: None
  alpha: 0
  use_local_search: True
  max_local_iterations: 1000
  eigsh_tol: 1e-06
  eigsh_maxiter: 1000
  run_name: SpecAdj
--------------------------------------------------
Using local search with 1000 iterations
Local search did not improve energy to -3475.9999999999995
Results saved to: results/Gset/SpecAdj/G5.csv
  Seed 6/10 (seed=47)
Initialized SpecAdj solver (GPU sparse). Results will be saved under 'SpecAdj'.
Parameters:
  instance_name: G5.txt
  dataset: Gset
  random_seed: 47
  mode: 0
  beta: None
  alpha: 0
  use_local_search: True
  max_local_iterations: 1000
  eigsh_tol: 1e-06
  eigsh_maxiter: 1000
  run_name: SpecAdj
--------------------------------------------------
Using local search with 1000 iterations
Local search improved energy to -3972.0000000000005
Results saved to: results/Gset/SpecAdj/G5.csv
  Seed 7/10 (seed=48)
Initialized SpecAdj solver (GPU sparse). Results will be saved under 'SpecAdj'.
Parameters:
  instance_name: G5.txt
  dataset: Gset
  random_seed: 48
  mode: 0
  beta: None
  alpha: 0
  use_local_search: True
  max_local_iterations: 1000
  eigsh_tol: 1e-06
  eigsh_maxiter: 1000
  run_name: SpecAdj
--------------------------------------------------
Using local search with 1000 iterations
Local search did not improve energy to -3475.9999999999995
Results saved to: results/Gset/SpecAdj/G5.csv
  Seed 8/10 (seed=49)
Initialized SpecAdj solver (GPU sparse). Results will be saved under 'SpecAdj'.
Parameters:
  instance_name: G5.txt
  dataset: Gset
  random_seed: 49
  mode: 0
  beta: None
  alpha: 0
  use_local_search: True
  max_local_iterations: 1000
  eigsh_tol: 1e-06
  eigsh_maxiter: 1000
  run_name: SpecAdj
--------------------------------------------------
Using local search with 1000 iterations
Local search did not improve energy to -3475.9999999999995
Results saved to: results/Gset/SpecAdj/G5.csv
  Seed 9/10 (seed=50)
Initialized SpecAdj solver (GPU sparse). Results will be saved under 'SpecAdj'.
Parameters:
  instance_name: G5.txt
  dataset: Gset
  random_seed: 50
  mode: 0
  beta: None
  alpha: 0
  use_local_search: True
  max_local_iterations: 1000
  eigsh_tol: 1e-06
  eigsh_maxiter: 1000
  run_name: SpecAdj
--------------------------------------------------
Using local search with 1000 iterations
Local search improved energy to -3949.9999999999995
Results saved to: results/Gset/SpecAdj/G5.csv
  Seed 10/10 (seed=51)
Initialized SpecAdj solver (GPU sparse). Results will be saved under 'SpecAdj'.
Parameters:
  instance_name: G5.txt
  dataset: Gset
  random_seed: 51
  mode: 0
  beta: None
  alpha: 0
  use_local_search: True
  max_local_iterations: 1000
  eigsh_tol: 1e-06
  eigsh_maxiter: 1000
  run_name: SpecAdj
--------------------------------------------------
Using local search with 1000 iterations
Local search did not improve energy to -3475.9999999999995
Results saved to: results/Gset/SpecAdj/G5.csv
Processing instance: G50.txt
  Seed 1/10 (seed=42)
Initialized SpecAdj solver (GPU sparse). Results will be saved under 'SpecAdj'.
Parameters:
  instance_name: G50.txt
  dataset: Gset
  random_seed: 42
  mode: 0
  beta: None
  alpha: 0
  use_local_search: True
  max_local_iterations: 1000
  eigsh_tol: 1e-06
  eigsh_maxiter: 1000
  run_name: SpecAdj
--------------------------------------------------
Using local search with 1000 iterations
Local search did not improve energy to -5760.0
Results saved to: results/Gset/SpecAdj/G50.csv
  Seed 2/10 (seed=43)
Initialized SpecAdj solver (GPU sparse). Results will be saved under 'SpecAdj'.
Parameters:
  instance_name: G50.txt
  dataset: Gset
  random_seed: 43
  mode: 0
  beta: None
  alpha: 0
  use_local_search: True
  max_local_iterations: 1000
  eigsh_tol: 1e-06
  eigsh_maxiter: 1000
  run_name: SpecAdj
--------------------------------------------------
Using local search with 1000 iterations
Local search did not improve energy to -5760.0
Results saved to: results/Gset/SpecAdj/G50.csv
  Seed 3/10 (seed=44)
Initialized SpecAdj solver (GPU sparse). Results will be saved under 'SpecAdj'.
Parameters:
  instance_name: G50.txt
  dataset: Gset
  random_seed: 44
  mode: 0
  beta: None
  alpha: 0
  use_local_search: True
  max_local_iterations: 1000
  eigsh_tol: 1e-06
  eigsh_maxiter: 1000
  run_name: SpecAdj
--------------------------------------------------
Using local search with 1000 iterations
Local search did not improve energy to -5760.0
Results saved to: results/Gset/SpecAdj/G50.csv
  Seed 4/10 (seed=45)
Initialized SpecAdj solver (GPU sparse). Results will be saved under 'SpecAdj'.
Parameters:
  instance_name: G50.txt
  dataset: Gset
  random_seed: 45
  mode: 0
  beta: None
  alpha: 0
  use_local_search: True
  max_local_iterations: 1000
  eigsh_tol: 1e-06
  eigsh_maxiter: 1000
  run_name: SpecAdj
--------------------------------------------------
Using local search with 1000 iterations
Local search did not improve energy to -5760.0
Results saved to: results/Gset/SpecAdj/G50.csv
  Seed 5/10 (seed=46)
Initialized SpecAdj solver (GPU sparse). Results will be saved under 'SpecAdj'.
Parameters:
  instance_name: G50.txt
  dataset: Gset
  random_seed: 46
  mode: 0
  beta: None
  alpha: 0
  use_local_search: True
  max_local_iterations: 1000
  eigsh_tol: 1e-06
  eigsh_maxiter: 1000
  run_name: SpecAdj
--------------------------------------------------
Using local search with 1000 iterations
Local search did not improve energy to -5760.0
Results saved to: results/Gset/SpecAdj/G50.csv
  Seed 6/10 (seed=47)
Initialized SpecAdj solver (GPU sparse). Results will be saved under 'SpecAdj'.
Parameters:
  instance_name: G50.txt
  dataset: Gset
  random_seed: 47
  mode: 0
  beta: None
  alpha: 0
  use_local_search: True
  max_local_iterations: 1000
  eigsh_tol: 1e-06
  eigsh_maxiter: 1000
  run_name: SpecAdj
--------------------------------------------------
Using local search with 1000 iterations
Local search did not improve energy to -5760.0
Results saved to: results/Gset/SpecAdj/G50.csv
  Seed 7/10 (seed=48)
Initialized SpecAdj solver (GPU sparse). Results will be saved under 'SpecAdj'.
Parameters:
  instance_name: G50.txt
  dataset: Gset
  random_seed: 48
  mode: 0
  beta: None
  alpha: 0
  use_local_search: True
  max_local_iterations: 1000
  eigsh_tol: 1e-06
  eigsh_maxiter: 1000
  run_name: SpecAdj
--------------------------------------------------
Using local search with 1000 iterations
Local search did not improve energy to -5760.0
Results saved to: results/Gset/SpecAdj/G50.csv
  Seed 8/10 (seed=49)
Initialized SpecAdj solver (GPU sparse). Results will be saved under 'SpecAdj'.
Parameters:
  instance_name: G50.txt
  dataset: Gset
  random_seed: 49
  mode: 0
  beta: None
  alpha: 0
  use_local_search: True
  max_local_iterations: 1000
  eigsh_tol: 1e-06
  eigsh_maxiter: 1000
  run_name: SpecAdj
--------------------------------------------------
Using local search with 1000 iterations
Local search did not improve energy to -5760.0
Results saved to: results/Gset/SpecAdj/G50.csv
  Seed 9/10 (seed=50)
Initialized SpecAdj solver (GPU sparse). Results will be saved under 'SpecAdj'.
Parameters:
  instance_name: G50.txt
  dataset: Gset
  random_seed: 50
  mode: 0
  beta: None
  alpha: 0
  use_local_search: True
  max_local_iterations: 1000
  eigsh_tol: 1e-06
  eigsh_maxiter: 1000
  run_name: SpecAdj
--------------------------------------------------
Using local search with 1000 iterations
Local search did not improve energy to -5760.0
Results saved to: results/Gset/SpecAdj/G50.csv
  Seed 10/10 (seed=51)
Initialized SpecAdj solver (GPU sparse). Results will be saved under 'SpecAdj'.
Parameters:
  instance_name: G50.txt
  dataset: Gset
  random_seed: 51
  mode: 0
  beta: None
  alpha: 0
  use_local_search: True
  max_local_iterations: 1000
  eigsh_tol: 1e-06
  eigsh_maxiter: 1000
  run_name: SpecAdj
--------------------------------------------------
Using local search with 1000 iterations
Local search did not improve energy to -5760.0
Results saved to: results/Gset/SpecAdj/G50.csv
Processing instance: G51.txt
  Seed 1/10 (seed=42)
Initialized SpecAdj solver (GPU sparse). Results will be saved under 'SpecAdj'.
Parameters:
  instance_name: G51.txt
  dataset: Gset
  random_seed: 42
  mode: 0
  beta: None
  alpha: 0
  use_local_search: True
  max_local_iterations: 1000
  eigsh_tol: 1e-06
  eigsh_maxiter: 1000
  run_name: SpecAdj
--------------------------------------------------
Using local search with 1000 iterations
Local search did not improve energy to -637.0
Results saved to: results/Gset/SpecAdj/G51.csv
  Seed 2/10 (seed=43)
Initialized SpecAdj solver (GPU sparse). Results will be saved under 'SpecAdj'.
Parameters:
  instance_name: G51.txt
  dataset: Gset
  random_seed: 43
  mode: 0
  beta: None
  alpha: 0
  use_local_search: True
  max_local_iterations: 1000
  eigsh_tol: 1e-06
  eigsh_maxiter: 1000
  run_name: SpecAdj
--------------------------------------------------
Using local search with 1000 iterations
Local search did not improve energy to -637.0
Results saved to: results/Gset/SpecAdj/G51.csv
  Seed 3/10 (seed=44)
Initialized SpecAdj solver (GPU sparse). Results will be saved under 'SpecAdj'.
Parameters:
  instance_name: G51.txt
  dataset: Gset
  random_seed: 44
  mode: 0
  beta: None
  alpha: 0
  use_local_search: True
  max_local_iterations: 1000
  eigsh_tol: 1e-06
  eigsh_maxiter: 1000
  run_name: SpecAdj
--------------------------------------------------
Using local search with 1000 iterations
Local search did not improve energy to -637.0
Results saved to: results/Gset/SpecAdj/G51.csv
  Seed 4/10 (seed=45)
Initialized SpecAdj solver (GPU sparse). Results will be saved under 'SpecAdj'.
Parameters:
  instance_name: G51.txt
  dataset: Gset
  random_seed: 45
  mode: 0
  beta: None
  alpha: 0
  use_local_search: True
  max_local_iterations: 1000
  eigsh_tol: 1e-06
  eigsh_maxiter: 1000
  run_name: SpecAdj
--------------------------------------------------
Using local search with 1000 iterations
Local search did not improve energy to -637.0
Results saved to: results/Gset/SpecAdj/G51.csv
  Seed 5/10 (seed=46)
Initialized SpecAdj solver (GPU sparse). Results will be saved under 'SpecAdj'.
Parameters:
  instance_name: G51.txt
  dataset: Gset
  random_seed: 46
  mode: 0
  beta: None
  alpha: 0
  use_local_search: True
  max_local_iterations: 1000
  eigsh_tol: 1e-06
  eigsh_maxiter: 1000
  run_name: SpecAdj
--------------------------------------------------
Using local search with 1000 iterations
Local search did not improve energy to -637.0
Results saved to: results/Gset/SpecAdj/G51.csv
  Seed 6/10 (seed=47)
Initialized SpecAdj solver (GPU sparse). Results will be saved under 'SpecAdj'.
Parameters:
  instance_name: G51.txt
  dataset: Gset
  random_seed: 47
  mode: 0
  beta: None
  alpha: 0
  use_local_search: True
  max_local_iterations: 1000
  eigsh_tol: 1e-06
  eigsh_maxiter: 1000
  run_name: SpecAdj
--------------------------------------------------
Using local search with 1000 iterations
Local search did not improve energy to -637.0
Results saved to: results/Gset/SpecAdj/G51.csv
  Seed 7/10 (seed=48)
Initialized SpecAdj solver (GPU sparse). Results will be saved under 'SpecAdj'.
Parameters:
  instance_name: G51.txt
  dataset: Gset
  random_seed: 48
  mode: 0
  beta: None
  alpha: 0
  use_local_search: True
  max_local_iterations: 1000
  eigsh_tol: 1e-06
  eigsh_maxiter: 1000
  run_name: SpecAdj
--------------------------------------------------
Using local search with 1000 iterations
Local search did not improve energy to -637.0
Results saved to: results/Gset/SpecAdj/G51.csv
  Seed 8/10 (seed=49)
Initialized SpecAdj solver (GPU sparse). Results will be saved under 'SpecAdj'.
Parameters:
  instance_name: G51.txt
  dataset: Gset
  random_seed: 49
  mode: 0
  beta: None
  alpha: 0
  use_local_search: True
  max_local_iterations: 1000
  eigsh_tol: 1e-06
  eigsh_maxiter: 1000
  run_name: SpecAdj
--------------------------------------------------
Using local search with 1000 iterations
Local search did not improve energy to -637.0
Results saved to: results/Gset/SpecAdj/G51.csv
  Seed 9/10 (seed=50)
Initialized SpecAdj solver (GPU sparse). Results will be saved under 'SpecAdj'.
Parameters:
  instance_name: G51.txt
  dataset: Gset
  random_seed: 50
  mode: 0
  beta: None
  alpha: 0
  use_local_search: True
  max_local_iterations: 1000
  eigsh_tol: 1e-06
  eigsh_maxiter: 1000
  run_name: SpecAdj
--------------------------------------------------
Using local search with 1000 iterations
Local search did not improve energy to -637.0
Results saved to: results/Gset/SpecAdj/G51.csv
  Seed 10/10 (seed=51)
Initialized SpecAdj solver (GPU sparse). Results will be saved under 'SpecAdj'.
Parameters:
  instance_name: G51.txt
  dataset: Gset
  random_seed: 51
  mode: 0
  beta: None
  alpha: 0
  use_local_search: True
  max_local_iterations: 1000
  eigsh_tol: 1e-06
  eigsh_maxiter: 1000
  run_name: SpecAdj
--------------------------------------------------
Using local search with 1000 iterations
Local search did not improve energy to -637.0
Results saved to: results/Gset/SpecAdj/G51.csv
Processing instance: G52.txt
  Seed 1/10 (seed=42)
Initialized SpecAdj solver (GPU sparse). Results will be saved under 'SpecAdj'.
Parameters:
  instance_name: G52.txt
  dataset: Gset
  random_seed: 42
  mode: 0
  beta: None
  alpha: 0
  use_local_search: True
  max_local_iterations: 1000
  eigsh_tol: 1e-06
  eigsh_maxiter: 1000
  run_name: SpecAdj
--------------------------------------------------
Using local search with 1000 iterations
Local search did not improve energy to -449.9999999999999
Results saved to: results/Gset/SpecAdj/G52.csv
  Seed 2/10 (seed=43)
Initialized SpecAdj solver (GPU sparse). Results will be saved under 'SpecAdj'.
Parameters:
  instance_name: G52.txt
  dataset: Gset
  random_seed: 43
  mode: 0
  beta: None
  alpha: 0
  use_local_search: True
  max_local_iterations: 1000
  eigsh_tol: 1e-06
  eigsh_maxiter: 1000
  run_name: SpecAdj
--------------------------------------------------
Using local search with 1000 iterations
Local search did not improve energy to -449.9999999999999
Results saved to: results/Gset/SpecAdj/G52.csv
  Seed 3/10 (seed=44)
Initialized SpecAdj solver (GPU sparse). Results will be saved under 'SpecAdj'.
Parameters:
  instance_name: G52.txt
  dataset: Gset
  random_seed: 44
  mode: 0
  beta: None
  alpha: 0
  use_local_search: True
  max_local_iterations: 1000
  eigsh_tol: 1e-06
  eigsh_maxiter: 1000
  run_name: SpecAdj
--------------------------------------------------
Using local search with 1000 iterations
Local search did not improve energy to -449.9999999999999
Results saved to: results/Gset/SpecAdj/G52.csv
  Seed 4/10 (seed=45)
Initialized SpecAdj solver (GPU sparse). Results will be saved under 'SpecAdj'.
Parameters:
  instance_name: G52.txt
  dataset: Gset
  random_seed: 45
  mode: 0
  beta: None
  alpha: 0
  use_local_search: True
  max_local_iterations: 1000
  eigsh_tol: 1e-06
  eigsh_maxiter: 1000
  run_name: SpecAdj
--------------------------------------------------
Using local search with 1000 iterations
Local search did not improve energy to -449.9999999999999
Results saved to: results/Gset/SpecAdj/G52.csv
  Seed 5/10 (seed=46)
Initialized SpecAdj solver (GPU sparse). Results will be saved under 'SpecAdj'.
Parameters:
  instance_name: G52.txt
  dataset: Gset
  random_seed: 46
  mode: 0
  beta: None
  alpha: 0
  use_local_search: True
  max_local_iterations: 1000
  eigsh_tol: 1e-06
  eigsh_maxiter: 1000
  run_name: SpecAdj
--------------------------------------------------
Using local search with 1000 iterations
Local search did not improve energy to -449.9999999999999
Results saved to: results/Gset/SpecAdj/G52.csv
  Seed 6/10 (seed=47)
Initialized SpecAdj solver (GPU sparse). Results will be saved under 'SpecAdj'.
Parameters:
  instance_name: G52.txt
  dataset: Gset
  random_seed: 47
  mode: 0
  beta: None
  alpha: 0
  use_local_search: True
  max_local_iterations: 1000
  eigsh_tol: 1e-06
  eigsh_maxiter: 1000
  run_name: SpecAdj
--------------------------------------------------
Using local search with 1000 iterations
Local search did not improve energy to -449.9999999999999
Results saved to: results/Gset/SpecAdj/G52.csv
  Seed 7/10 (seed=48)
Initialized SpecAdj solver (GPU sparse). Results will be saved under 'SpecAdj'.
Parameters:
  instance_name: G52.txt
  dataset: Gset
  random_seed: 48
  mode: 0
  beta: None
  alpha: 0
  use_local_search: True
  max_local_iterations: 1000
  eigsh_tol: 1e-06
  eigsh_maxiter: 1000
  run_name: SpecAdj
--------------------------------------------------
Using local search with 1000 iterations
Local search did not improve energy to -449.9999999999999
Results saved to: results/Gset/SpecAdj/G52.csv
  Seed 8/10 (seed=49)
Initialized SpecAdj solver (GPU sparse). Results will be saved under 'SpecAdj'.
Parameters:
  instance_name: G52.txt
  dataset: Gset
  random_seed: 49
  mode: 0
  beta: None
  alpha: 0
  use_local_search: True
  max_local_iterations: 1000
  eigsh_tol: 1e-06
  eigsh_maxiter: 1000
  run_name: SpecAdj
--------------------------------------------------
Using local search with 1000 iterations
Local search did not improve energy to -449.9999999999999
Results saved to: results/Gset/SpecAdj/G52.csv
  Seed 9/10 (seed=50)
Initialized SpecAdj solver (GPU sparse). Results will be saved under 'SpecAdj'.
Parameters:
  instance_name: G52.txt
  dataset: Gset
  random_seed: 50
  mode: 0
  beta: None
  alpha: 0
  use_local_search: True
  max_local_iterations: 1000
  eigsh_tol: 1e-06
  eigsh_maxiter: 1000
  run_name: SpecAdj
--------------------------------------------------
Using local search with 1000 iterations
Local search did not improve energy to -449.9999999999999
Results saved to: results/Gset/SpecAdj/G52.csv
  Seed 10/10 (seed=51)
Initialized SpecAdj solver (GPU sparse). Results will be saved under 'SpecAdj'.
Parameters:
  instance_name: G52.txt
  dataset: Gset
  random_seed: 51
  mode: 0
  beta: None
  alpha: 0
  use_local_search: True
  max_local_iterations: 1000
  eigsh_tol: 1e-06
  eigsh_maxiter: 1000
  run_name: SpecAdj
--------------------------------------------------
Using local search with 1000 iterations
Local search did not improve energy to -449.9999999999999
Results saved to: results/Gset/SpecAdj/G52.csv
Processing instance: G53.txt
  Seed 1/10 (seed=42)
Initialized SpecAdj solver (GPU sparse). Results will be saved under 'SpecAdj'.
Parameters:
  instance_name: G53.txt
  dataset: Gset
  random_seed: 42
  mode: 0
  beta: None
  alpha: 0
  use_local_search: True
  max_local_iterations: 1000
  eigsh_tol: 1e-06
  eigsh_maxiter: 1000
  run_name: SpecAdj
--------------------------------------------------
Using local search with 1000 iterations
Local search did not improve energy to -810.0
Results saved to: results/Gset/SpecAdj/G53.csv
  Seed 2/10 (seed=43)
Initialized SpecAdj solver (GPU sparse). Results will be saved under 'SpecAdj'.
Parameters:
  instance_name: G53.txt
  dataset: Gset
  random_seed: 43
  mode: 0
  beta: None
  alpha: 0
  use_local_search: True
  max_local_iterations: 1000
  eigsh_tol: 1e-06
  eigsh_maxiter: 1000
  run_name: SpecAdj
--------------------------------------------------
Using local search with 1000 iterations
Local search did not improve energy to -810.0
Results saved to: results/Gset/SpecAdj/G53.csv
  Seed 3/10 (seed=44)
Initialized SpecAdj solver (GPU sparse). Results will be saved under 'SpecAdj'.
Parameters:
  instance_name: G53.txt
  dataset: Gset
  random_seed: 44
  mode: 0
  beta: None
  alpha: 0
  use_local_search: True
  max_local_iterations: 1000
  eigsh_tol: 1e-06
  eigsh_maxiter: 1000
  run_name: SpecAdj
--------------------------------------------------
Using local search with 1000 iterations
Local search did not improve energy to -810.0
Results saved to: results/Gset/SpecAdj/G53.csv
  Seed 4/10 (seed=45)
Initialized SpecAdj solver (GPU sparse). Results will be saved under 'SpecAdj'.
Parameters:
  instance_name: G53.txt
  dataset: Gset
  random_seed: 45
  mode: 0
  beta: None
  alpha: 0
  use_local_search: True
  max_local_iterations: 1000
  eigsh_tol: 1e-06
  eigsh_maxiter: 1000
  run_name: SpecAdj
--------------------------------------------------
Using local search with 1000 iterations
Local search did not improve energy to -810.0
Results saved to: results/Gset/SpecAdj/G53.csv
  Seed 5/10 (seed=46)
Initialized SpecAdj solver (GPU sparse). Results will be saved under 'SpecAdj'.
Parameters:
  instance_name: G53.txt
  dataset: Gset
  random_seed: 46
  mode: 0
  beta: None
  alpha: 0
  use_local_search: True
  max_local_iterations: 1000
  eigsh_tol: 1e-06
  eigsh_maxiter: 1000
  run_name: SpecAdj
--------------------------------------------------
Using local search with 1000 iterations
Local search did not improve energy to -810.0
Results saved to: results/Gset/SpecAdj/G53.csv
  Seed 6/10 (seed=47)
Initialized SpecAdj solver (GPU sparse). Results will be saved under 'SpecAdj'.
Parameters:
  instance_name: G53.txt
  dataset: Gset
  random_seed: 47
  mode: 0
  beta: None
  alpha: 0
  use_local_search: True
  max_local_iterations: 1000
  eigsh_tol: 1e-06
  eigsh_maxiter: 1000
  run_name: SpecAdj
--------------------------------------------------
Using local search with 1000 iterations
Local search did not improve energy to -810.0
Results saved to: results/Gset/SpecAdj/G53.csv
  Seed 7/10 (seed=48)
Initialized SpecAdj solver (GPU sparse). Results will be saved under 'SpecAdj'.
Parameters:
  instance_name: G53.txt
  dataset: Gset
  random_seed: 48
  mode: 0
  beta: None
  alpha: 0
  use_local_search: True
  max_local_iterations: 1000
  eigsh_tol: 1e-06
  eigsh_maxiter: 1000
  run_name: SpecAdj
--------------------------------------------------
Using local search with 1000 iterations
Local search did not improve energy to -810.0
Results saved to: results/Gset/SpecAdj/G53.csv
  Seed 8/10 (seed=49)
Initialized SpecAdj solver (GPU sparse). Results will be saved under 'SpecAdj'.
Parameters:
  instance_name: G53.txt
  dataset: Gset
  random_seed: 49
  mode: 0
  beta: None
  alpha: 0
  use_local_search: True
  max_local_iterations: 1000
  eigsh_tol: 1e-06
  eigsh_maxiter: 1000
  run_name: SpecAdj
--------------------------------------------------
Using local search with 1000 iterations
Local search did not improve energy to -810.0
Results saved to: results/Gset/SpecAdj/G53.csv
  Seed 9/10 (seed=50)
Initialized SpecAdj solver (GPU sparse). Results will be saved under 'SpecAdj'.
Parameters:
  instance_name: G53.txt
  dataset: Gset
  random_seed: 50
  mode: 0
  beta: None
  alpha: 0
  use_local_search: True
  max_local_iterations: 1000
  eigsh_tol: 1e-06
  eigsh_maxiter: 1000
  run_name: SpecAdj
--------------------------------------------------
Using local search with 1000 iterations
Local search did not improve energy to -810.0
Results saved to: results/Gset/SpecAdj/G53.csv
  Seed 10/10 (seed=51)
Initialized SpecAdj solver (GPU sparse). Results will be saved under 'SpecAdj'.
Parameters:
  instance_name: G53.txt
  dataset: Gset
  random_seed: 51
  mode: 0
  beta: None
  alpha: 0
  use_local_search: True
  max_local_iterations: 1000
  eigsh_tol: 1e-06
  eigsh_maxiter: 1000
  run_name: SpecAdj
--------------------------------------------------
Using local search with 1000 iterations
Local search did not improve energy to -810.0
Results saved to: results/Gset/SpecAdj/G53.csv
Processing instance: G54.txt
  Seed 1/10 (seed=42)
Initialized SpecAdj solver (GPU sparse). Results will be saved under 'SpecAdj'.
Parameters:
  instance_name: G54.txt
  dataset: Gset
  random_seed: 42
  mode: 0
  beta: None
  alpha: 0
  use_local_search: True
  max_local_iterations: 1000
  eigsh_tol: 1e-06
  eigsh_maxiter: 1000
  run_name: SpecAdj
--------------------------------------------------
Using local search with 1000 iterations
Local search did not improve energy to -676.0
Results saved to: results/Gset/SpecAdj/G54.csv
  Seed 2/10 (seed=43)
Initialized SpecAdj solver (GPU sparse). Results will be saved under 'SpecAdj'.
Parameters:
  instance_name: G54.txt
  dataset: Gset
  random_seed: 43
  mode: 0
  beta: None
  alpha: 0
  use_local_search: True
  max_local_iterations: 1000
  eigsh_tol: 1e-06
  eigsh_maxiter: 1000
  run_name: SpecAdj
--------------------------------------------------
Using local search with 1000 iterations
Local search did not improve energy to -676.0
Results saved to: results/Gset/SpecAdj/G54.csv
  Seed 3/10 (seed=44)
Initialized SpecAdj solver (GPU sparse). Results will be saved under 'SpecAdj'.
Parameters:
  instance_name: G54.txt
  dataset: Gset
  random_seed: 44
  mode: 0
  beta: None
  alpha: 0
  use_local_search: True
  max_local_iterations: 1000
  eigsh_tol: 1e-06
  eigsh_maxiter: 1000
  run_name: SpecAdj
--------------------------------------------------
Using local search with 1000 iterations
Local search did not improve energy to -676.0
Results saved to: results/Gset/SpecAdj/G54.csv
  Seed 4/10 (seed=45)
Initialized SpecAdj solver (GPU sparse). Results will be saved under 'SpecAdj'.
Parameters:
  instance_name: G54.txt
  dataset: Gset
  random_seed: 45
  mode: 0
  beta: None
  alpha: 0
  use_local_search: True
  max_local_iterations: 1000
  eigsh_tol: 1e-06
  eigsh_maxiter: 1000
  run_name: SpecAdj
--------------------------------------------------
Using local search with 1000 iterations
Local search did not improve energy to -676.0
Results saved to: results/Gset/SpecAdj/G54.csv
  Seed 5/10 (seed=46)
Initialized SpecAdj solver (GPU sparse). Results will be saved under 'SpecAdj'.
Parameters:
  instance_name: G54.txt
  dataset: Gset
  random_seed: 46
  mode: 0
  beta: None
  alpha: 0
  use_local_search: True
  max_local_iterations: 1000
  eigsh_tol: 1e-06
  eigsh_maxiter: 1000
  run_name: SpecAdj
--------------------------------------------------
Using local search with 1000 iterations
Local search did not improve energy to -676.0
Results saved to: results/Gset/SpecAdj/G54.csv
  Seed 6/10 (seed=47)
Initialized SpecAdj solver (GPU sparse). Results will be saved under 'SpecAdj'.
Parameters:
  instance_name: G54.txt
  dataset: Gset
  random_seed: 47
  mode: 0
  beta: None
  alpha: 0
  use_local_search: True
  max_local_iterations: 1000
  eigsh_tol: 1e-06
  eigsh_maxiter: 1000
  run_name: SpecAdj
--------------------------------------------------
Using local search with 1000 iterations
Local search did not improve energy to -676.0
Results saved to: results/Gset/SpecAdj/G54.csv
  Seed 7/10 (seed=48)
Initialized SpecAdj solver (GPU sparse). Results will be saved under 'SpecAdj'.
Parameters:
  instance_name: G54.txt
  dataset: Gset
  random_seed: 48
  mode: 0
  beta: None
  alpha: 0
  use_local_search: True
  max_local_iterations: 1000
  eigsh_tol: 1e-06
  eigsh_maxiter: 1000
  run_name: SpecAdj
--------------------------------------------------
Using local search with 1000 iterations
Local search did not improve energy to -676.0
Results saved to: results/Gset/SpecAdj/G54.csv
  Seed 8/10 (seed=49)
Initialized SpecAdj solver (GPU sparse). Results will be saved under 'SpecAdj'.
Parameters:
  instance_name: G54.txt
  dataset: Gset
  random_seed: 49
  mode: 0
  beta: None
  alpha: 0
  use_local_search: True
  max_local_iterations: 1000
  eigsh_tol: 1e-06
  eigsh_maxiter: 1000
  run_name: SpecAdj
--------------------------------------------------
Using local search with 1000 iterations
Local search did not improve energy to -676.0
Results saved to: results/Gset/SpecAdj/G54.csv
  Seed 9/10 (seed=50)
Initialized SpecAdj solver (GPU sparse). Results will be saved under 'SpecAdj'.
Parameters:
  instance_name: G54.txt
  dataset: Gset
  random_seed: 50
  mode: 0
  beta: None
  alpha: 0
  use_local_search: True
  max_local_iterations: 1000
  eigsh_tol: 1e-06
  eigsh_maxiter: 1000
  run_name: SpecAdj
--------------------------------------------------
Using local search with 1000 iterations
Local search did not improve energy to -676.0
Results saved to: results/Gset/SpecAdj/G54.csv
  Seed 10/10 (seed=51)
Initialized SpecAdj solver (GPU sparse). Results will be saved under 'SpecAdj'.
Parameters:
  instance_name: G54.txt
  dataset: Gset
  random_seed: 51
  mode: 0
  beta: None
  alpha: 0
  use_local_search: True
  max_local_iterations: 1000
  eigsh_tol: 1e-06
  eigsh_maxiter: 1000
  run_name: SpecAdj
--------------------------------------------------
Using local search with 1000 iterations
Local search did not improve energy to -676.0
Results saved to: results/Gset/SpecAdj/G54.csv
Processing instance: G57.txt
  Seed 1/10 (seed=42)
Initialized SpecAdj solver (GPU sparse). Results will be saved under 'SpecAdj'.
Parameters:
  instance_name: G57.txt
  dataset: Gset
  random_seed: 42
  mode: 0
  beta: None
  alpha: 0
  use_local_search: True
  max_local_iterations: 1000
  eigsh_tol: 1e-06
  eigsh_maxiter: 1000
  run_name: SpecAdj
--------------------------------------------------
Using local search with 1000 iterations
Local search improved energy to -6206.0
Results saved to: results/Gset/SpecAdj/G57.csv
  Seed 2/10 (seed=43)
Initialized SpecAdj solver (GPU sparse). Results will be saved under 'SpecAdj'.
Parameters:
  instance_name: G57.txt
  dataset: Gset
  random_seed: 43
  mode: 0
  beta: None
  alpha: 0
  use_local_search: True
  max_local_iterations: 1000
  eigsh_tol: 1e-06
  eigsh_maxiter: 1000
  run_name: SpecAdj
--------------------------------------------------
Using local search with 1000 iterations
Local search improved energy to -6206.0
Results saved to: results/Gset/SpecAdj/G57.csv
  Seed 3/10 (seed=44)
Initialized SpecAdj solver (GPU sparse). Results will be saved under 'SpecAdj'.
Parameters:
  instance_name: G57.txt
  dataset: Gset
  random_seed: 44
  mode: 0
  beta: None
  alpha: 0
  use_local_search: True
  max_local_iterations: 1000
  eigsh_tol: 1e-06
  eigsh_maxiter: 1000
  run_name: SpecAdj
--------------------------------------------------
Using local search with 1000 iterations
Local search improved energy to -6270.0
Results saved to: results/Gset/SpecAdj/G57.csv
  Seed 4/10 (seed=45)
Initialized SpecAdj solver (GPU sparse). Results will be saved under 'SpecAdj'.
Parameters:
  instance_name: G57.txt
  dataset: Gset
  random_seed: 45
  mode: 0
  beta: None
  alpha: 0
  use_local_search: True
  max_local_iterations: 1000
  eigsh_tol: 1e-06
  eigsh_maxiter: 1000
  run_name: SpecAdj
--------------------------------------------------
Using local search with 1000 iterations
Local search improved energy to -6210.0
Results saved to: results/Gset/SpecAdj/G57.csv
  Seed 5/10 (seed=46)
Initialized SpecAdj solver (GPU sparse). Results will be saved under 'SpecAdj'.
Parameters:
  instance_name: G57.txt
  dataset: Gset
  random_seed: 46
  mode: 0
  beta: None
  alpha: 0
  use_local_search: True
  max_local_iterations: 1000
  eigsh_tol: 1e-06
  eigsh_maxiter: 1000
  run_name: SpecAdj
--------------------------------------------------
Using local search with 1000 iterations
Local search improved energy to -6238.0
Results saved to: results/Gset/SpecAdj/G57.csv
  Seed 6/10 (seed=47)
Initialized SpecAdj solver (GPU sparse). Results will be saved under 'SpecAdj'.
Parameters:
  instance_name: G57.txt
  dataset: Gset
  random_seed: 47
  mode: 0
  beta: None
  alpha: 0
  use_local_search: True
  max_local_iterations: 1000
  eigsh_tol: 1e-06
  eigsh_maxiter: 1000
  run_name: SpecAdj
--------------------------------------------------
Using local search with 1000 iterations
Local search improved energy to -6254.0
Results saved to: results/Gset/SpecAdj/G57.csv
  Seed 7/10 (seed=48)
Initialized SpecAdj solver (GPU sparse). Results will be saved under 'SpecAdj'.
Parameters:
  instance_name: G57.txt
  dataset: Gset
  random_seed: 48
  mode: 0
  beta: None
  alpha: 0
  use_local_search: True
  max_local_iterations: 1000
  eigsh_tol: 1e-06
  eigsh_maxiter: 1000
  run_name: SpecAdj
--------------------------------------------------
Using local search with 1000 iterations
Local search improved energy to -6206.0
Results saved to: results/Gset/SpecAdj/G57.csv
  Seed 8/10 (seed=49)
Initialized SpecAdj solver (GPU sparse). Results will be saved under 'SpecAdj'.
Parameters:
  instance_name: G57.txt
  dataset: Gset
  random_seed: 49
  mode: 0
  beta: None
  alpha: 0
  use_local_search: True
  max_local_iterations: 1000
  eigsh_tol: 1e-06
  eigsh_maxiter: 1000
  run_name: SpecAdj
--------------------------------------------------
Using local search with 1000 iterations
Local search improved energy to -6198.0
Results saved to: results/Gset/SpecAdj/G57.csv
  Seed 9/10 (seed=50)
Initialized SpecAdj solver (GPU sparse). Results will be saved under 'SpecAdj'.
Parameters:
  instance_name: G57.txt
  dataset: Gset
  random_seed: 50
  mode: 0
  beta: None
  alpha: 0
  use_local_search: True
  max_local_iterations: 1000
  eigsh_tol: 1e-06
  eigsh_maxiter: 1000
  run_name: SpecAdj
--------------------------------------------------
Using local search with 1000 iterations
Local search improved energy to -6286.0
Results saved to: results/Gset/SpecAdj/G57.csv
  Seed 10/10 (seed=51)
Initialized SpecAdj solver (GPU sparse). Results will be saved under 'SpecAdj'.
Parameters:
  instance_name: G57.txt
  dataset: Gset
  random_seed: 51
  mode: 0
  beta: None
  alpha: 0
  use_local_search: True
  max_local_iterations: 1000
  eigsh_tol: 1e-06
  eigsh_maxiter: 1000
  run_name: SpecAdj
--------------------------------------------------
Using local search with 1000 iterations
Local search improved energy to -6282.0
Results saved to: results/Gset/SpecAdj/G57.csv
Processing instance: G58.txt
  Seed 1/10 (seed=42)
Initialized SpecAdj solver (GPU sparse). Results will be saved under 'SpecAdj'.
Parameters:
  instance_name: G58.txt
  dataset: Gset
  random_seed: 42
  mode: 0
  beta: None
  alpha: 0
  use_local_search: True
  max_local_iterations: 1000
  eigsh_tol: 1e-06
  eigsh_maxiter: 1000
  run_name: SpecAdj
--------------------------------------------------
Using local search with 1000 iterations
Local search did not improve energy to 502.00000000000006
Results saved to: results/Gset/SpecAdj/G58.csv
  Seed 2/10 (seed=43)
Initialized SpecAdj solver (GPU sparse). Results will be saved under 'SpecAdj'.
Parameters:
  instance_name: G58.txt
  dataset: Gset
  random_seed: 43
  mode: 0
  beta: None
  alpha: 0
  use_local_search: True
  max_local_iterations: 1000
  eigsh_tol: 1e-06
  eigsh_maxiter: 1000
  run_name: SpecAdj
--------------------------------------------------
Using local search with 1000 iterations
Local search did not improve energy to 502.00000000000006
Results saved to: results/Gset/SpecAdj/G58.csv
  Seed 3/10 (seed=44)
Initialized SpecAdj solver (GPU sparse). Results will be saved under 'SpecAdj'.
Parameters:
  instance_name: G58.txt
  dataset: Gset
  random_seed: 44
  mode: 0
  beta: None
  alpha: 0
  use_local_search: True
  max_local_iterations: 1000
  eigsh_tol: 1e-06
  eigsh_maxiter: 1000
  run_name: SpecAdj
--------------------------------------------------
Using local search with 1000 iterations
Local search did not improve energy to 502.00000000000006
Results saved to: results/Gset/SpecAdj/G58.csv
  Seed 4/10 (seed=45)
Initialized SpecAdj solver (GPU sparse). Results will be saved under 'SpecAdj'.
Parameters:
  instance_name: G58.txt
  dataset: Gset
  random_seed: 45
  mode: 0
  beta: None
  alpha: 0
  use_local_search: True
  max_local_iterations: 1000
  eigsh_tol: 1e-06
  eigsh_maxiter: 1000
  run_name: SpecAdj
--------------------------------------------------
Using local search with 1000 iterations
Local search did not improve energy to 502.00000000000006
Results saved to: results/Gset/SpecAdj/G58.csv
  Seed 5/10 (seed=46)
Initialized SpecAdj solver (GPU sparse). Results will be saved under 'SpecAdj'.
Parameters:
  instance_name: G58.txt
  dataset: Gset
  random_seed: 46
  mode: 0
  beta: None
  alpha: 0
  use_local_search: True
  max_local_iterations: 1000
  eigsh_tol: 1e-06
  eigsh_maxiter: 1000
  run_name: SpecAdj
--------------------------------------------------
Using local search with 1000 iterations
Local search did not improve energy to 502.00000000000006
Results saved to: results/Gset/SpecAdj/G58.csv
  Seed 6/10 (seed=47)
Initialized SpecAdj solver (GPU sparse). Results will be saved under 'SpecAdj'.
Parameters:
  instance_name: G58.txt
  dataset: Gset
  random_seed: 47
  mode: 0
  beta: None
  alpha: 0
  use_local_search: True
  max_local_iterations: 1000
  eigsh_tol: 1e-06
  eigsh_maxiter: 1000
  run_name: SpecAdj
--------------------------------------------------
Using local search with 1000 iterations
Local search did not improve energy to 502.00000000000006
Results saved to: results/Gset/SpecAdj/G58.csv
  Seed 7/10 (seed=48)
Initialized SpecAdj solver (GPU sparse). Results will be saved under 'SpecAdj'.
Parameters:
  instance_name: G58.txt
  dataset: Gset
  random_seed: 48
  mode: 0
  beta: None
  alpha: 0
  use_local_search: True
  max_local_iterations: 1000
  eigsh_tol: 1e-06
  eigsh_maxiter: 1000
  run_name: SpecAdj
--------------------------------------------------
Using local search with 1000 iterations
Local search did not improve energy to 502.00000000000006
Results saved to: results/Gset/SpecAdj/G58.csv
  Seed 8/10 (seed=49)
Initialized SpecAdj solver (GPU sparse). Results will be saved under 'SpecAdj'.
Parameters:
  instance_name: G58.txt
  dataset: Gset
  random_seed: 49
  mode: 0
  beta: None
  alpha: 0
  use_local_search: True
  max_local_iterations: 1000
  eigsh_tol: 1e-06
  eigsh_maxiter: 1000
  run_name: SpecAdj
--------------------------------------------------
Using local search with 1000 iterations
Local search did not improve energy to 502.00000000000006
Results saved to: results/Gset/SpecAdj/G58.csv
  Seed 9/10 (seed=50)
Initialized SpecAdj solver (GPU sparse). Results will be saved under 'SpecAdj'.
Parameters:
  instance_name: G58.txt
  dataset: Gset
  random_seed: 50
  mode: 0
  beta: None
  alpha: 0
  use_local_search: True
  max_local_iterations: 1000
  eigsh_tol: 1e-06
  eigsh_maxiter: 1000
  run_name: SpecAdj
--------------------------------------------------
Using local search with 1000 iterations
Local search did not improve energy to 502.00000000000006
Results saved to: results/Gset/SpecAdj/G58.csv
  Seed 10/10 (seed=51)
Initialized SpecAdj solver (GPU sparse). Results will be saved under 'SpecAdj'.
Parameters:
  instance_name: G58.txt
  dataset: Gset
  random_seed: 51
  mode: 0
  beta: None
  alpha: 0
  use_local_search: True
  max_local_iterations: 1000
  eigsh_tol: 1e-06
  eigsh_maxiter: 1000
  run_name: SpecAdj
--------------------------------------------------
Using local search with 1000 iterations
Local search did not improve energy to 502.00000000000006
Results saved to: results/Gset/SpecAdj/G58.csv
Processing instance: G59.txt
  Seed 1/10 (seed=42)
Initialized SpecAdj solver (GPU sparse). Results will be saved under 'SpecAdj'.
Parameters:
  instance_name: G59.txt
  dataset: Gset
  random_seed: 42
  mode: 0
  beta: None
  alpha: 0
  use_local_search: True
  max_local_iterations: 1000
  eigsh_tol: 1e-06
  eigsh_maxiter: 1000
  run_name: SpecAdj
--------------------------------------------------
Using local search with 1000 iterations
Local search improved energy to -10746.0
Results saved to: results/Gset/SpecAdj/G59.csv
  Seed 2/10 (seed=43)
Initialized SpecAdj solver (GPU sparse). Results will be saved under 'SpecAdj'.
Parameters:
  instance_name: G59.txt
  dataset: Gset
  random_seed: 43
  mode: 0
  beta: None
  alpha: 0
  use_local_search: True
  max_local_iterations: 1000
  eigsh_tol: 1e-06
  eigsh_maxiter: 1000
  run_name: SpecAdj
--------------------------------------------------
Using local search with 1000 iterations
Local search improved energy to -10848.0
Results saved to: results/Gset/SpecAdj/G59.csv
  Seed 3/10 (seed=44)
Initialized SpecAdj solver (GPU sparse). Results will be saved under 'SpecAdj'.
Parameters:
  instance_name: G59.txt
  dataset: Gset
  random_seed: 44
  mode: 0
  beta: None
  alpha: 0
  use_local_search: True
  max_local_iterations: 1000
  eigsh_tol: 1e-06
  eigsh_maxiter: 1000
  run_name: SpecAdj
--------------------------------------------------
Using local search with 1000 iterations
Local search improved energy to -10768.0
Results saved to: results/Gset/SpecAdj/G59.csv
  Seed 4/10 (seed=45)
Initialized SpecAdj solver (GPU sparse). Results will be saved under 'SpecAdj'.
Parameters:
  instance_name: G59.txt
  dataset: Gset
  random_seed: 45
  mode: 0
  beta: None
  alpha: 0
  use_local_search: True
  max_local_iterations: 1000
  eigsh_tol: 1e-06
  eigsh_maxiter: 1000
  run_name: SpecAdj
--------------------------------------------------
Using local search with 1000 iterations
Local search improved energy to -10817.999999999998
Results saved to: results/Gset/SpecAdj/G59.csv
  Seed 5/10 (seed=46)
Initialized SpecAdj solver (GPU sparse). Results will be saved under 'SpecAdj'.
Parameters:
  instance_name: G59.txt
  dataset: Gset
  random_seed: 46
  mode: 0
  beta: None
  alpha: 0
  use_local_search: True
  max_local_iterations: 1000
  eigsh_tol: 1e-06
  eigsh_maxiter: 1000
  run_name: SpecAdj
--------------------------------------------------
Using local search with 1000 iterations
Local search improved energy to -10727.999999999996
Results saved to: results/Gset/SpecAdj/G59.csv
  Seed 6/10 (seed=47)
Initialized SpecAdj solver (GPU sparse). Results will be saved under 'SpecAdj'.
Parameters:
  instance_name: G59.txt
  dataset: Gset
  random_seed: 47
  mode: 0
  beta: None
  alpha: 0
  use_local_search: True
  max_local_iterations: 1000
  eigsh_tol: 1e-06
  eigsh_maxiter: 1000
  run_name: SpecAdj
--------------------------------------------------
Using local search with 1000 iterations
Local search improved energy to -10758.000000000002
Results saved to: results/Gset/SpecAdj/G59.csv
  Seed 7/10 (seed=48)
Initialized SpecAdj solver (GPU sparse). Results will be saved under 'SpecAdj'.
Parameters:
  instance_name: G59.txt
  dataset: Gset
  random_seed: 48
  mode: 0
  beta: None
  alpha: 0
  use_local_search: True
  max_local_iterations: 1000
  eigsh_tol: 1e-06
  eigsh_maxiter: 1000
  run_name: SpecAdj
--------------------------------------------------
Using local search with 1000 iterations
Local search improved energy to -10740.0
Results saved to: results/Gset/SpecAdj/G59.csv
  Seed 8/10 (seed=49)
Initialized SpecAdj solver (GPU sparse). Results will be saved under 'SpecAdj'.
Parameters:
  instance_name: G59.txt
  dataset: Gset
  random_seed: 49
  mode: 0
  beta: None
  alpha: 0
  use_local_search: True
  max_local_iterations: 1000
  eigsh_tol: 1e-06
  eigsh_maxiter: 1000
  run_name: SpecAdj
--------------------------------------------------
Using local search with 1000 iterations
Local search improved energy to -10805.999999999998
Results saved to: results/Gset/SpecAdj/G59.csv
  Seed 9/10 (seed=50)
Initialized SpecAdj solver (GPU sparse). Results will be saved under 'SpecAdj'.
Parameters:
  instance_name: G59.txt
  dataset: Gset
  random_seed: 50
  mode: 0
  beta: None
  alpha: 0
  use_local_search: True
  max_local_iterations: 1000
  eigsh_tol: 1e-06
  eigsh_maxiter: 1000
  run_name: SpecAdj
--------------------------------------------------
Using local search with 1000 iterations
Local search improved energy to -10839.999999999998
Results saved to: results/Gset/SpecAdj/G59.csv
  Seed 10/10 (seed=51)
Initialized SpecAdj solver (GPU sparse). Results will be saved under 'SpecAdj'.
Parameters:
  instance_name: G59.txt
  dataset: Gset
  random_seed: 51
  mode: 0
  beta: None
  alpha: 0
  use_local_search: True
  max_local_iterations: 1000
  eigsh_tol: 1e-06
  eigsh_maxiter: 1000
  run_name: SpecAdj
--------------------------------------------------
Using local search with 1000 iterations
Local search improved energy to -10773.999999999998
Results saved to: results/Gset/SpecAdj/G59.csv
Processing instance: G6.txt
  Seed 1/10 (seed=42)
Initialized SpecAdj solver (GPU sparse). Results will be saved under 'SpecAdj'.
Parameters:
  instance_name: G6.txt
  dataset: Gset
  random_seed: 42
  mode: 0
  beta: None
  alpha: 0
  use_local_search: True
  max_local_iterations: 1000
  eigsh_tol: 1e-06
  eigsh_maxiter: 1000
  run_name: SpecAdj
--------------------------------------------------
Using local search with 1000 iterations
Local search improved energy to -4106.0
Results saved to: results/Gset/SpecAdj/G6.csv
  Seed 2/10 (seed=43)
Initialized SpecAdj solver (GPU sparse). Results will be saved under 'SpecAdj'.
Parameters:
  instance_name: G6.txt
  dataset: Gset
  random_seed: 43
  mode: 0
  beta: None
  alpha: 0
  use_local_search: True
  max_local_iterations: 1000
  eigsh_tol: 1e-06
  eigsh_maxiter: 1000
  run_name: SpecAdj
--------------------------------------------------
Using local search with 1000 iterations
Local search improved energy to -4097.999999999999
Results saved to: results/Gset/SpecAdj/G6.csv
  Seed 3/10 (seed=44)
Initialized SpecAdj solver (GPU sparse). Results will be saved under 'SpecAdj'.
Parameters:
  instance_name: G6.txt
  dataset: Gset
  random_seed: 44
  mode: 0
  beta: None
  alpha: 0
  use_local_search: True
  max_local_iterations: 1000
  eigsh_tol: 1e-06
  eigsh_maxiter: 1000
  run_name: SpecAdj
--------------------------------------------------
Using local search with 1000 iterations
Local search improved energy to -4121.999999999999
Results saved to: results/Gset/SpecAdj/G6.csv
  Seed 4/10 (seed=45)
Initialized SpecAdj solver (GPU sparse). Results will be saved under 'SpecAdj'.
Parameters:
  instance_name: G6.txt
  dataset: Gset
  random_seed: 45
  mode: 0
  beta: None
  alpha: 0
  use_local_search: True
  max_local_iterations: 1000
  eigsh_tol: 1e-06
  eigsh_maxiter: 1000
  run_name: SpecAdj
--------------------------------------------------
Using local search with 1000 iterations
Local search improved energy to -4110.0
Results saved to: results/Gset/SpecAdj/G6.csv
  Seed 5/10 (seed=46)
Initialized SpecAdj solver (GPU sparse). Results will be saved under 'SpecAdj'.
Parameters:
  instance_name: G6.txt
  dataset: Gset
  random_seed: 46
  mode: 0
  beta: None
  alpha: 0
  use_local_search: True
  max_local_iterations: 1000
  eigsh_tol: 1e-06
  eigsh_maxiter: 1000
  run_name: SpecAdj
--------------------------------------------------
Using local search with 1000 iterations
Local search improved energy to -4064.0
Results saved to: results/Gset/SpecAdj/G6.csv
  Seed 6/10 (seed=47)
Initialized SpecAdj solver (GPU sparse). Results will be saved under 'SpecAdj'.
Parameters:
  instance_name: G6.txt
  dataset: Gset
  random_seed: 47
  mode: 0
  beta: None
  alpha: 0
  use_local_search: True
  max_local_iterations: 1000
  eigsh_tol: 1e-06
  eigsh_maxiter: 1000
  run_name: SpecAdj
--------------------------------------------------
Using local search with 1000 iterations
Local search improved energy to -4100.0
Results saved to: results/Gset/SpecAdj/G6.csv
  Seed 7/10 (seed=48)
Initialized SpecAdj solver (GPU sparse). Results will be saved under 'SpecAdj'.
Parameters:
  instance_name: G6.txt
  dataset: Gset
  random_seed: 48
  mode: 0
  beta: None
  alpha: 0
  use_local_search: True
  max_local_iterations: 1000
  eigsh_tol: 1e-06
  eigsh_maxiter: 1000
  run_name: SpecAdj
--------------------------------------------------
Using local search with 1000 iterations
Local search improved energy to -4110.0
Results saved to: results/Gset/SpecAdj/G6.csv
  Seed 8/10 (seed=49)
Initialized SpecAdj solver (GPU sparse). Results will be saved under 'SpecAdj'.
Parameters:
  instance_name: G6.txt
  dataset: Gset
  random_seed: 49
  mode: 0
  beta: None
  alpha: 0
  use_local_search: True
  max_local_iterations: 1000
  eigsh_tol: 1e-06
  eigsh_maxiter: 1000
  run_name: SpecAdj
--------------------------------------------------
Using local search with 1000 iterations
Local search improved energy to -4124.0
Results saved to: results/Gset/SpecAdj/G6.csv
  Seed 9/10 (seed=50)
Initialized SpecAdj solver (GPU sparse). Results will be saved under 'SpecAdj'.
Parameters:
  instance_name: G6.txt
  dataset: Gset
  random_seed: 50
  mode: 0
  beta: None
  alpha: 0
  use_local_search: True
  max_local_iterations: 1000
  eigsh_tol: 1e-06
  eigsh_maxiter: 1000
  run_name: SpecAdj
--------------------------------------------------
Using local search with 1000 iterations
Local search improved energy to -4095.9999999999995
Results saved to: results/Gset/SpecAdj/G6.csv
  Seed 10/10 (seed=51)
Initialized SpecAdj solver (GPU sparse). Results will be saved under 'SpecAdj'.
Parameters:
  instance_name: G6.txt
  dataset: Gset
  random_seed: 51
  mode: 0
  beta: None
  alpha: 0
  use_local_search: True
  max_local_iterations: 1000
  eigsh_tol: 1e-06
  eigsh_maxiter: 1000
  run_name: SpecAdj
--------------------------------------------------
Using local search with 1000 iterations
Local search improved energy to -4100.000000000001
Results saved to: results/Gset/SpecAdj/G6.csv
Processing instance: G62.txt
  Seed 1/10 (seed=42)
Initialized SpecAdj solver (GPU sparse). Results will be saved under 'SpecAdj'.
Parameters:
  instance_name: G62.txt
  dataset: Gset
  random_seed: 42
  mode: 0
  beta: None
  alpha: 0
  use_local_search: True
  max_local_iterations: 1000
  eigsh_tol: 1e-06
  eigsh_maxiter: 1000
  run_name: SpecAdj
--------------------------------------------------
Using local search with 1000 iterations
Local search improved energy to -8756.0
Results saved to: results/Gset/SpecAdj/G62.csv
  Seed 2/10 (seed=43)
Initialized SpecAdj solver (GPU sparse). Results will be saved under 'SpecAdj'.
Parameters:
  instance_name: G62.txt
  dataset: Gset
  random_seed: 43
  mode: 0
  beta: None
  alpha: 0
  use_local_search: True
  max_local_iterations: 1000
  eigsh_tol: 1e-06
  eigsh_maxiter: 1000
  run_name: SpecAdj
--------------------------------------------------
Using local search with 1000 iterations
Local search improved energy to -8660.0
Results saved to: results/Gset/SpecAdj/G62.csv
  Seed 3/10 (seed=44)
Initialized SpecAdj solver (GPU sparse). Results will be saved under 'SpecAdj'.
Parameters:
  instance_name: G62.txt
  dataset: Gset
  random_seed: 44
  mode: 0
  beta: None
  alpha: 0
  use_local_search: True
  max_local_iterations: 1000
  eigsh_tol: 1e-06
  eigsh_maxiter: 1000
  run_name: SpecAdj
--------------------------------------------------
Using local search with 1000 iterations
Local search improved energy to -8636.0
Results saved to: results/Gset/SpecAdj/G62.csv
  Seed 4/10 (seed=45)
Initialized SpecAdj solver (GPU sparse). Results will be saved under 'SpecAdj'.
Parameters:
  instance_name: G62.txt
  dataset: Gset
  random_seed: 45
  mode: 0
  beta: None
  alpha: 0
  use_local_search: True
  max_local_iterations: 1000
  eigsh_tol: 1e-06
  eigsh_maxiter: 1000
  run_name: SpecAdj
--------------------------------------------------
Using local search with 1000 iterations
Local search improved energy to -8684.0
Results saved to: results/Gset/SpecAdj/G62.csv
  Seed 5/10 (seed=46)
Initialized SpecAdj solver (GPU sparse). Results will be saved under 'SpecAdj'.
Parameters:
  instance_name: G62.txt
  dataset: Gset
  random_seed: 46
  mode: 0
  beta: None
  alpha: 0
  use_local_search: True
  max_local_iterations: 1000
  eigsh_tol: 1e-06
  eigsh_maxiter: 1000
  run_name: SpecAdj
--------------------------------------------------
Using local search with 1000 iterations
Local search improved energy to -8672.0
Results saved to: results/Gset/SpecAdj/G62.csv
  Seed 6/10 (seed=47)
Initialized SpecAdj solver (GPU sparse). Results will be saved under 'SpecAdj'.
Parameters:
  instance_name: G62.txt
  dataset: Gset
  random_seed: 47
  mode: 0
  beta: None
  alpha: 0
  use_local_search: True
  max_local_iterations: 1000
  eigsh_tol: 1e-06
  eigsh_maxiter: 1000
  run_name: SpecAdj
--------------------------------------------------
Using local search with 1000 iterations
Local search improved energy to -8580.0
Results saved to: results/Gset/SpecAdj/G62.csv
  Seed 7/10 (seed=48)
Initialized SpecAdj solver (GPU sparse). Results will be saved under 'SpecAdj'.
Parameters:
  instance_name: G62.txt
  dataset: Gset
  random_seed: 48
  mode: 0
  beta: None
  alpha: 0
  use_local_search: True
  max_local_iterations: 1000
  eigsh_tol: 1e-06
  eigsh_maxiter: 1000
  run_name: SpecAdj
--------------------------------------------------
Using local search with 1000 iterations
Local search improved energy to -8632.0
Results saved to: results/Gset/SpecAdj/G62.csv
  Seed 8/10 (seed=49)
Initialized SpecAdj solver (GPU sparse). Results will be saved under 'SpecAdj'.
Parameters:
  instance_name: G62.txt
  dataset: Gset
  random_seed: 49
  mode: 0
  beta: None
  alpha: 0
  use_local_search: True
  max_local_iterations: 1000
  eigsh_tol: 1e-06
  eigsh_maxiter: 1000
  run_name: SpecAdj
--------------------------------------------------
Using local search with 1000 iterations
Local search improved energy to -8672.0
Results saved to: results/Gset/SpecAdj/G62.csv
  Seed 9/10 (seed=50)
Initialized SpecAdj solver (GPU sparse). Results will be saved under 'SpecAdj'.
Parameters:
  instance_name: G62.txt
  dataset: Gset
  random_seed: 50
  mode: 0
  beta: None
  alpha: 0
  use_local_search: True
  max_local_iterations: 1000
  eigsh_tol: 1e-06
  eigsh_maxiter: 1000
  run_name: SpecAdj
--------------------------------------------------
Using local search with 1000 iterations
Local search improved energy to -8640.0
Results saved to: results/Gset/SpecAdj/G62.csv
  Seed 10/10 (seed=51)
Initialized SpecAdj solver (GPU sparse). Results will be saved under 'SpecAdj'.
Parameters:
  instance_name: G62.txt
  dataset: Gset
  random_seed: 51
  mode: 0
  beta: None
  alpha: 0
  use_local_search: True
  max_local_iterations: 1000
  eigsh_tol: 1e-06
  eigsh_maxiter: 1000
  run_name: SpecAdj
--------------------------------------------------
Using local search with 1000 iterations
Local search improved energy to -8604.0
Results saved to: results/Gset/SpecAdj/G62.csv
Processing instance: G63.txt
  Seed 1/10 (seed=42)
Initialized SpecAdj solver (GPU sparse). Results will be saved under 'SpecAdj'.
Parameters:
  instance_name: G63.txt
  dataset: Gset
  random_seed: 42
  mode: 0
  beta: None
  alpha: 0
  use_local_search: True
  max_local_iterations: 1000
  eigsh_tol: 1e-06
  eigsh_maxiter: 1000
  run_name: SpecAdj
--------------------------------------------------
Using local search with 1000 iterations
Local search did not improve energy to -1081.0000000000002
Results saved to: results/Gset/SpecAdj/G63.csv
  Seed 2/10 (seed=43)
Initialized SpecAdj solver (GPU sparse). Results will be saved under 'SpecAdj'.
Parameters:
  instance_name: G63.txt
  dataset: Gset
  random_seed: 43
  mode: 0
  beta: None
  alpha: 0
  use_local_search: True
  max_local_iterations: 1000
  eigsh_tol: 1e-06
  eigsh_maxiter: 1000
  run_name: SpecAdj
--------------------------------------------------
Using local search with 1000 iterations
Local search did not improve energy to -1081.0000000000002
Results saved to: results/Gset/SpecAdj/G63.csv
  Seed 3/10 (seed=44)
Initialized SpecAdj solver (GPU sparse). Results will be saved under 'SpecAdj'.
Parameters:
  instance_name: G63.txt
  dataset: Gset
  random_seed: 44
  mode: 0
  beta: None
  alpha: 0
  use_local_search: True
  max_local_iterations: 1000
  eigsh_tol: 1e-06
  eigsh_maxiter: 1000
  run_name: SpecAdj
--------------------------------------------------
Using local search with 1000 iterations
Local search did not improve energy to -1081.0000000000002
Results saved to: results/Gset/SpecAdj/G63.csv
  Seed 4/10 (seed=45)
Initialized SpecAdj solver (GPU sparse). Results will be saved under 'SpecAdj'.
Parameters:
  instance_name: G63.txt
  dataset: Gset
  random_seed: 45
  mode: 0
  beta: None
  alpha: 0
  use_local_search: True
  max_local_iterations: 1000
  eigsh_tol: 1e-06
  eigsh_maxiter: 1000
  run_name: SpecAdj
--------------------------------------------------
Using local search with 1000 iterations
Local search did not improve energy to -1081.0000000000002
Results saved to: results/Gset/SpecAdj/G63.csv
  Seed 5/10 (seed=46)
Initialized SpecAdj solver (GPU sparse). Results will be saved under 'SpecAdj'.
Parameters:
  instance_name: G63.txt
  dataset: Gset
  random_seed: 46
  mode: 0
  beta: None
  alpha: 0
  use_local_search: True
  max_local_iterations: 1000
  eigsh_tol: 1e-06
  eigsh_maxiter: 1000
  run_name: SpecAdj
--------------------------------------------------
Using local search with 1000 iterations
Local search did not improve energy to -1081.0000000000002
Results saved to: results/Gset/SpecAdj/G63.csv
  Seed 6/10 (seed=47)
Initialized SpecAdj solver (GPU sparse). Results will be saved under 'SpecAdj'.
Parameters:
  instance_name: G63.txt
  dataset: Gset
  random_seed: 47
  mode: 0
  beta: None
  alpha: 0
  use_local_search: True
  max_local_iterations: 1000
  eigsh_tol: 1e-06
  eigsh_maxiter: 1000
  run_name: SpecAdj
--------------------------------------------------
Using local search with 1000 iterations
Local search did not improve energy to -1081.0000000000002
Results saved to: results/Gset/SpecAdj/G63.csv
  Seed 7/10 (seed=48)
Initialized SpecAdj solver (GPU sparse). Results will be saved under 'SpecAdj'.
Parameters:
  instance_name: G63.txt
  dataset: Gset
  random_seed: 48
  mode: 0
  beta: None
  alpha: 0
  use_local_search: True
  max_local_iterations: 1000
  eigsh_tol: 1e-06
  eigsh_maxiter: 1000
  run_name: SpecAdj
--------------------------------------------------
Using local search with 1000 iterations
Local search did not improve energy to -1081.0000000000002
Results saved to: results/Gset/SpecAdj/G63.csv
  Seed 8/10 (seed=49)
Initialized SpecAdj solver (GPU sparse). Results will be saved under 'SpecAdj'.
Parameters:
  instance_name: G63.txt
  dataset: Gset
  random_seed: 49
  mode: 0
  beta: None
  alpha: 0
  use_local_search: True
  max_local_iterations: 1000
  eigsh_tol: 1e-06
  eigsh_maxiter: 1000
  run_name: SpecAdj
--------------------------------------------------
Using local search with 1000 iterations
Local search did not improve energy to -1081.0000000000002
Results saved to: results/Gset/SpecAdj/G63.csv
  Seed 9/10 (seed=50)
Initialized SpecAdj solver (GPU sparse). Results will be saved under 'SpecAdj'.
Parameters:
  instance_name: G63.txt
  dataset: Gset
  random_seed: 50
  mode: 0
  beta: None
  alpha: 0
  use_local_search: True
  max_local_iterations: 1000
  eigsh_tol: 1e-06
  eigsh_maxiter: 1000
  run_name: SpecAdj
--------------------------------------------------
Using local search with 1000 iterations
Local search did not improve energy to -1081.0000000000002
Results saved to: results/Gset/SpecAdj/G63.csv
  Seed 10/10 (seed=51)
Initialized SpecAdj solver (GPU sparse). Results will be saved under 'SpecAdj'.
Parameters:
  instance_name: G63.txt
  dataset: Gset
  random_seed: 51
  mode: 0
  beta: None
  alpha: 0
  use_local_search: True
  max_local_iterations: 1000
  eigsh_tol: 1e-06
  eigsh_maxiter: 1000
  run_name: SpecAdj
--------------------------------------------------
Using local search with 1000 iterations
Local search did not improve energy to -1081.0000000000002
Results saved to: results/Gset/SpecAdj/G63.csv
Processing instance: G64.txt
  Seed 1/10 (seed=42)
Initialized SpecAdj solver (GPU sparse). Results will be saved under 'SpecAdj'.
Parameters:
  instance_name: G64.txt
  dataset: Gset
  random_seed: 42
  mode: 0
  beta: None
  alpha: 0
  use_local_search: True
  max_local_iterations: 1000
  eigsh_tol: 1e-06
  eigsh_maxiter: 1000
  run_name: SpecAdj
--------------------------------------------------
Using local search with 1000 iterations
Local search improved energy to -15279.0
Results saved to: results/Gset/SpecAdj/G64.csv
  Seed 2/10 (seed=43)
Initialized SpecAdj solver (GPU sparse). Results will be saved under 'SpecAdj'.
Parameters:
  instance_name: G64.txt
  dataset: Gset
  random_seed: 43
  mode: 0
  beta: None
  alpha: 0
  use_local_search: True
  max_local_iterations: 1000
  eigsh_tol: 1e-06
  eigsh_maxiter: 1000
  run_name: SpecAdj
--------------------------------------------------
Using local search with 1000 iterations
Local search improved energy to -15251.0
Results saved to: results/Gset/SpecAdj/G64.csv
  Seed 3/10 (seed=44)
Initialized SpecAdj solver (GPU sparse). Results will be saved under 'SpecAdj'.
Parameters:
  instance_name: G64.txt
  dataset: Gset
  random_seed: 44
  mode: 0
  beta: None
  alpha: 0
  use_local_search: True
  max_local_iterations: 1000
  eigsh_tol: 1e-06
  eigsh_maxiter: 1000
  run_name: SpecAdj
--------------------------------------------------
Using local search with 1000 iterations
Local search improved energy to -15209.0
Results saved to: results/Gset/SpecAdj/G64.csv
  Seed 4/10 (seed=45)
Initialized SpecAdj solver (GPU sparse). Results will be saved under 'SpecAdj'.
Parameters:
  instance_name: G64.txt
  dataset: Gset
  random_seed: 45
  mode: 0
  beta: None
  alpha: 0
  use_local_search: True
  max_local_iterations: 1000
  eigsh_tol: 1e-06
  eigsh_maxiter: 1000
  run_name: SpecAdj
--------------------------------------------------
Using local search with 1000 iterations
Local search improved energy to -15239.000000000002
Results saved to: results/Gset/SpecAdj/G64.csv
  Seed 5/10 (seed=46)
Initialized SpecAdj solver (GPU sparse). Results will be saved under 'SpecAdj'.
Parameters:
  instance_name: G64.txt
  dataset: Gset
  random_seed: 46
  mode: 0
  beta: None
  alpha: 0
  use_local_search: True
  max_local_iterations: 1000
  eigsh_tol: 1e-06
  eigsh_maxiter: 1000
  run_name: SpecAdj
--------------------------------------------------
Using local search with 1000 iterations
Local search improved energy to -15265.000000000002
Results saved to: results/Gset/SpecAdj/G64.csv
  Seed 6/10 (seed=47)
Initialized SpecAdj solver (GPU sparse). Results will be saved under 'SpecAdj'.
Parameters:
  instance_name: G64.txt
  dataset: Gset
  random_seed: 47
  mode: 0
  beta: None
  alpha: 0
  use_local_search: True
  max_local_iterations: 1000
  eigsh_tol: 1e-06
  eigsh_maxiter: 1000
  run_name: SpecAdj
--------------------------------------------------
Using local search with 1000 iterations
Local search improved energy to -15267.0
Results saved to: results/Gset/SpecAdj/G64.csv
  Seed 7/10 (seed=48)
Initialized SpecAdj solver (GPU sparse). Results will be saved under 'SpecAdj'.
Parameters:
  instance_name: G64.txt
  dataset: Gset
  random_seed: 48
  mode: 0
  beta: None
  alpha: 0
  use_local_search: True
  max_local_iterations: 1000
  eigsh_tol: 1e-06
  eigsh_maxiter: 1000
  run_name: SpecAdj
--------------------------------------------------
Using local search with 1000 iterations
Local search improved energy to -15223.0
Results saved to: results/Gset/SpecAdj/G64.csv
  Seed 8/10 (seed=49)
Initialized SpecAdj solver (GPU sparse). Results will be saved under 'SpecAdj'.
Parameters:
  instance_name: G64.txt
  dataset: Gset
  random_seed: 49
  mode: 0
  beta: None
  alpha: 0
  use_local_search: True
  max_local_iterations: 1000
  eigsh_tol: 1e-06
  eigsh_maxiter: 1000
  run_name: SpecAdj
--------------------------------------------------
Using local search with 1000 iterations
Local search improved energy to -15285.0
Results saved to: results/Gset/SpecAdj/G64.csv
  Seed 9/10 (seed=50)
Initialized SpecAdj solver (GPU sparse). Results will be saved under 'SpecAdj'.
Parameters:
  instance_name: G64.txt
  dataset: Gset
  random_seed: 50
  mode: 0
  beta: None
  alpha: 0
  use_local_search: True
  max_local_iterations: 1000
  eigsh_tol: 1e-06
  eigsh_maxiter: 1000
  run_name: SpecAdj
--------------------------------------------------
Using local search with 1000 iterations
Local search improved energy to -15247.000000000004
Results saved to: results/Gset/SpecAdj/G64.csv
  Seed 10/10 (seed=51)
Initialized SpecAdj solver (GPU sparse). Results will be saved under 'SpecAdj'.
Parameters:
  instance_name: G64.txt
  dataset: Gset
  random_seed: 51
  mode: 0
  beta: None
  alpha: 0
  use_local_search: True
  max_local_iterations: 1000
  eigsh_tol: 1e-06
  eigsh_maxiter: 1000
  run_name: SpecAdj
--------------------------------------------------
Using local search with 1000 iterations
Local search improved energy to -15214.999999999998
Results saved to: results/Gset/SpecAdj/G64.csv
Processing instance: G65.txt
  Seed 1/10 (seed=42)
Initialized SpecAdj solver (GPU sparse). Results will be saved under 'SpecAdj'.
Parameters:
  instance_name: G65.txt
  dataset: Gset
  random_seed: 42
  mode: 0
  beta: None
  alpha: 0
  use_local_search: True
  max_local_iterations: 1000
  eigsh_tol: 1e-06
  eigsh_maxiter: 1000
  run_name: SpecAdj
--------------------------------------------------
Using local search with 1000 iterations
Local search improved energy to -9962.0
Results saved to: results/Gset/SpecAdj/G65.csv
  Seed 2/10 (seed=43)
Initialized SpecAdj solver (GPU sparse). Results will be saved under 'SpecAdj'.
Parameters:
  instance_name: G65.txt
  dataset: Gset
  random_seed: 43
  mode: 0
  beta: None
  alpha: 0
  use_local_search: True
  max_local_iterations: 1000
  eigsh_tol: 1e-06
  eigsh_maxiter: 1000
  run_name: SpecAdj
--------------------------------------------------
Using local search with 1000 iterations
Local search improved energy to -10046.0
Results saved to: results/Gset/SpecAdj/G65.csv
  Seed 3/10 (seed=44)
Initialized SpecAdj solver (GPU sparse). Results will be saved under 'SpecAdj'.
Parameters:
  instance_name: G65.txt
  dataset: Gset
  random_seed: 44
  mode: 0
  beta: None
  alpha: 0
  use_local_search: True
  max_local_iterations: 1000
  eigsh_tol: 1e-06
  eigsh_maxiter: 1000
  run_name: SpecAdj
--------------------------------------------------
Using local search with 1000 iterations
Local search improved energy to -9874.0
Results saved to: results/Gset/SpecAdj/G65.csv
  Seed 4/10 (seed=45)
Initialized SpecAdj solver (GPU sparse). Results will be saved under 'SpecAdj'.
Parameters:
  instance_name: G65.txt
  dataset: Gset
  random_seed: 45
  mode: 0
  beta: None
  alpha: 0
  use_local_search: True
  max_local_iterations: 1000
  eigsh_tol: 1e-06
  eigsh_maxiter: 1000
  run_name: SpecAdj
--------------------------------------------------
Using local search with 1000 iterations
Local search improved energy to -9874.0
Results saved to: results/Gset/SpecAdj/G65.csv
  Seed 5/10 (seed=46)
Initialized SpecAdj solver (GPU sparse). Results will be saved under 'SpecAdj'.
Parameters:
  instance_name: G65.txt
  dataset: Gset
  random_seed: 46
  mode: 0
  beta: None
  alpha: 0
  use_local_search: True
  max_local_iterations: 1000
  eigsh_tol: 1e-06
  eigsh_maxiter: 1000
  run_name: SpecAdj
--------------------------------------------------
Using local search with 1000 iterations
Local search improved energy to -9914.0
Results saved to: results/Gset/SpecAdj/G65.csv
  Seed 6/10 (seed=47)
Initialized SpecAdj solver (GPU sparse). Results will be saved under 'SpecAdj'.
Parameters:
  instance_name: G65.txt
  dataset: Gset
  random_seed: 47
  mode: 0
  beta: None
  alpha: 0
  use_local_search: True
  max_local_iterations: 1000
  eigsh_tol: 1e-06
  eigsh_maxiter: 1000
  run_name: SpecAdj
--------------------------------------------------
Using local search with 1000 iterations
Local search improved energy to -9874.0
Results saved to: results/Gset/SpecAdj/G65.csv
  Seed 7/10 (seed=48)
Initialized SpecAdj solver (GPU sparse). Results will be saved under 'SpecAdj'.
Parameters:
  instance_name: G65.txt
  dataset: Gset
  random_seed: 48
  mode: 0
  beta: None
  alpha: 0
  use_local_search: True
  max_local_iterations: 1000
  eigsh_tol: 1e-06
  eigsh_maxiter: 1000
  run_name: SpecAdj
--------------------------------------------------
Using local search with 1000 iterations
Local search improved energy to -9978.0
Results saved to: results/Gset/SpecAdj/G65.csv
  Seed 8/10 (seed=49)
Initialized SpecAdj solver (GPU sparse). Results will be saved under 'SpecAdj'.
Parameters:
  instance_name: G65.txt
  dataset: Gset
  random_seed: 49
  mode: 0
  beta: None
  alpha: 0
  use_local_search: True
  max_local_iterations: 1000
  eigsh_tol: 1e-06
  eigsh_maxiter: 1000
  run_name: SpecAdj
--------------------------------------------------
Using local search with 1000 iterations
Local search improved energy to -9938.0
Results saved to: results/Gset/SpecAdj/G65.csv
  Seed 9/10 (seed=50)
Initialized SpecAdj solver (GPU sparse). Results will be saved under 'SpecAdj'.
Parameters:
  instance_name: G65.txt
  dataset: Gset
  random_seed: 50
  mode: 0
  beta: None
  alpha: 0
  use_local_search: True
  max_local_iterations: 1000
  eigsh_tol: 1e-06
  eigsh_maxiter: 1000
  run_name: SpecAdj
--------------------------------------------------
Using local search with 1000 iterations
Local search improved energy to -9998.0
Results saved to: results/Gset/SpecAdj/G65.csv
  Seed 10/10 (seed=51)
Initialized SpecAdj solver (GPU sparse). Results will be saved under 'SpecAdj'.
Parameters:
  instance_name: G65.txt
  dataset: Gset
  random_seed: 51
  mode: 0
  beta: None
  alpha: 0
  use_local_search: True
  max_local_iterations: 1000
  eigsh_tol: 1e-06
  eigsh_maxiter: 1000
  run_name: SpecAdj
--------------------------------------------------
Using local search with 1000 iterations
Local search improved energy to -10006.0
Results saved to: results/Gset/SpecAdj/G65.csv
Processing instance: G66.txt
  Seed 1/10 (seed=42)
Initialized SpecAdj solver (GPU sparse). Results will be saved under 'SpecAdj'.
Parameters:
  instance_name: G66.txt
  dataset: Gset
  random_seed: 42
  mode: 0
  beta: None
  alpha: 0
  use_local_search: True
  max_local_iterations: 1000
  eigsh_tol: 1e-06
  eigsh_maxiter: 1000
  run_name: SpecAdj
--------------------------------------------------
Using local search with 1000 iterations
Local search improved energy to -11096.0
Results saved to: results/Gset/SpecAdj/G66.csv
  Seed 2/10 (seed=43)
Initialized SpecAdj solver (GPU sparse). Results will be saved under 'SpecAdj'.
Parameters:
  instance_name: G66.txt
  dataset: Gset
  random_seed: 43
  mode: 0
  beta: None
  alpha: 0
  use_local_search: True
  max_local_iterations: 1000
  eigsh_tol: 1e-06
  eigsh_maxiter: 1000
  run_name: SpecAdj
--------------------------------------------------
Using local search with 1000 iterations
Local search improved energy to -11036.0
Results saved to: results/Gset/SpecAdj/G66.csv
  Seed 3/10 (seed=44)
Initialized SpecAdj solver (GPU sparse). Results will be saved under 'SpecAdj'.
Parameters:
  instance_name: G66.txt
  dataset: Gset
  random_seed: 44
  mode: 0
  beta: None
  alpha: 0
  use_local_search: True
  max_local_iterations: 1000
  eigsh_tol: 1e-06
  eigsh_maxiter: 1000
  run_name: SpecAdj
--------------------------------------------------
Using local search with 1000 iterations
Local search improved energy to -11160.0
Results saved to: results/Gset/SpecAdj/G66.csv
  Seed 4/10 (seed=45)
Initialized SpecAdj solver (GPU sparse). Results will be saved under 'SpecAdj'.
Parameters:
  instance_name: G66.txt
  dataset: Gset
  random_seed: 45
  mode: 0
  beta: None
  alpha: 0
  use_local_search: True
  max_local_iterations: 1000
  eigsh_tol: 1e-06
  eigsh_maxiter: 1000
  run_name: SpecAdj
--------------------------------------------------
Using local search with 1000 iterations
Local search improved energy to -11268.0
Results saved to: results/Gset/SpecAdj/G66.csv
  Seed 5/10 (seed=46)
Initialized SpecAdj solver (GPU sparse). Results will be saved under 'SpecAdj'.
Parameters:
  instance_name: G66.txt
  dataset: Gset
  random_seed: 46
  mode: 0
  beta: None
  alpha: 0
  use_local_search: True
  max_local_iterations: 1000
  eigsh_tol: 1e-06
  eigsh_maxiter: 1000
  run_name: SpecAdj
--------------------------------------------------
Using local search with 1000 iterations
Local search improved energy to -11028.0
Results saved to: results/Gset/SpecAdj/G66.csv
  Seed 6/10 (seed=47)
Initialized SpecAdj solver (GPU sparse). Results will be saved under 'SpecAdj'.
Parameters:
  instance_name: G66.txt
  dataset: Gset
  random_seed: 47
  mode: 0
  beta: None
  alpha: 0
  use_local_search: True
  max_local_iterations: 1000
  eigsh_tol: 1e-06
  eigsh_maxiter: 1000
  run_name: SpecAdj
--------------------------------------------------
Using local search with 1000 iterations
Local search improved energy to -11060.0
Results saved to: results/Gset/SpecAdj/G66.csv
  Seed 7/10 (seed=48)
Initialized SpecAdj solver (GPU sparse). Results will be saved under 'SpecAdj'.
Parameters:
  instance_name: G66.txt
  dataset: Gset
  random_seed: 48
  mode: 0
  beta: None
  alpha: 0
  use_local_search: True
  max_local_iterations: 1000
  eigsh_tol: 1e-06
  eigsh_maxiter: 1000
  run_name: SpecAdj
--------------------------------------------------
Using local search with 1000 iterations
Local search improved energy to -11156.0
Results saved to: results/Gset/SpecAdj/G66.csv
  Seed 8/10 (seed=49)
Initialized SpecAdj solver (GPU sparse). Results will be saved under 'SpecAdj'.
Parameters:
  instance_name: G66.txt
  dataset: Gset
  random_seed: 49
  mode: 0
  beta: None
  alpha: 0
  use_local_search: True
  max_local_iterations: 1000
  eigsh_tol: 1e-06
  eigsh_maxiter: 1000
  run_name: SpecAdj
--------------------------------------------------
Using local search with 1000 iterations
Local search improved energy to -11016.0
Results saved to: results/Gset/SpecAdj/G66.csv
  Seed 9/10 (seed=50)
Initialized SpecAdj solver (GPU sparse). Results will be saved under 'SpecAdj'.
Parameters:
  instance_name: G66.txt
  dataset: Gset
  random_seed: 50
  mode: 0
  beta: None
  alpha: 0
  use_local_search: True
  max_local_iterations: 1000
  eigsh_tol: 1e-06
  eigsh_maxiter: 1000
  run_name: SpecAdj
--------------------------------------------------
Using local search with 1000 iterations
Local search improved energy to -11196.0
Results saved to: results/Gset/SpecAdj/G66.csv
  Seed 10/10 (seed=51)
Initialized SpecAdj solver (GPU sparse). Results will be saved under 'SpecAdj'.
Parameters:
  instance_name: G66.txt
  dataset: Gset
  random_seed: 51
  mode: 0
  beta: None
  alpha: 0
  use_local_search: True
  max_local_iterations: 1000
  eigsh_tol: 1e-06
  eigsh_maxiter: 1000
  run_name: SpecAdj
--------------------------------------------------
Using local search with 1000 iterations
Local search improved energy to -11216.0
Results saved to: results/Gset/SpecAdj/G66.csv
Processing instance: G67.txt
  Seed 1/10 (seed=42)
Initialized SpecAdj solver (GPU sparse). Results will be saved under 'SpecAdj'.
Parameters:
  instance_name: G67.txt
  dataset: Gset
  random_seed: 42
  mode: 0
  beta: None
  alpha: 0
  use_local_search: True
  max_local_iterations: 1000
  eigsh_tol: 1e-06
  eigsh_maxiter: 1000
  run_name: SpecAdj
--------------------------------------------------
Using local search with 1000 iterations
Local search improved energy to -12234.0
Results saved to: results/Gset/SpecAdj/G67.csv
  Seed 2/10 (seed=43)
Initialized SpecAdj solver (GPU sparse). Results will be saved under 'SpecAdj'.
Parameters:
  instance_name: G67.txt
  dataset: Gset
  random_seed: 43
  mode: 0
  beta: None
  alpha: 0
  use_local_search: True
  max_local_iterations: 1000
  eigsh_tol: 1e-06
  eigsh_maxiter: 1000
  run_name: SpecAdj
--------------------------------------------------
Using local search with 1000 iterations
Local search improved energy to -12454.0
Results saved to: results/Gset/SpecAdj/G67.csv
  Seed 3/10 (seed=44)
Initialized SpecAdj solver (GPU sparse). Results will be saved under 'SpecAdj'.
Parameters:
  instance_name: G67.txt
  dataset: Gset
  random_seed: 44
  mode: 0
  beta: None
  alpha: 0
  use_local_search: True
  max_local_iterations: 1000
  eigsh_tol: 1e-06
  eigsh_maxiter: 1000
  run_name: SpecAdj
--------------------------------------------------
Using local search with 1000 iterations
Local search improved energy to -12178.0
Results saved to: results/Gset/SpecAdj/G67.csv
  Seed 4/10 (seed=45)
Initialized SpecAdj solver (GPU sparse). Results will be saved under 'SpecAdj'.
Parameters:
  instance_name: G67.txt
  dataset: Gset
  random_seed: 45
  mode: 0
  beta: None
  alpha: 0
  use_local_search: True
  max_local_iterations: 1000
  eigsh_tol: 1e-06
  eigsh_maxiter: 1000
  run_name: SpecAdj
--------------------------------------------------
Using local search with 1000 iterations
Local search improved energy to -12282.0
Results saved to: results/Gset/SpecAdj/G67.csv
  Seed 5/10 (seed=46)
Initialized SpecAdj solver (GPU sparse). Results will be saved under 'SpecAdj'.
Parameters:
  instance_name: G67.txt
  dataset: Gset
  random_seed: 46
  mode: 0
  beta: None
  alpha: 0
  use_local_search: True
  max_local_iterations: 1000
  eigsh_tol: 1e-06
  eigsh_maxiter: 1000
  run_name: SpecAdj
--------------------------------------------------
Using local search with 1000 iterations
Local search improved energy to -12362.0
Results saved to: results/Gset/SpecAdj/G67.csv
  Seed 6/10 (seed=47)
Initialized SpecAdj solver (GPU sparse). Results will be saved under 'SpecAdj'.
Parameters:
  instance_name: G67.txt
  dataset: Gset
  random_seed: 47
  mode: 0
  beta: None
  alpha: 0
  use_local_search: True
  max_local_iterations: 1000
  eigsh_tol: 1e-06
  eigsh_maxiter: 1000
  run_name: SpecAdj
--------------------------------------------------
Using local search with 1000 iterations
Local search improved energy to -12414.0
Results saved to: results/Gset/SpecAdj/G67.csv
  Seed 7/10 (seed=48)
Initialized SpecAdj solver (GPU sparse). Results will be saved under 'SpecAdj'.
Parameters:
  instance_name: G67.txt
  dataset: Gset
  random_seed: 48
  mode: 0
  beta: None
  alpha: 0
  use_local_search: True
  max_local_iterations: 1000
  eigsh_tol: 1e-06
  eigsh_maxiter: 1000
  run_name: SpecAdj
--------------------------------------------------
Using local search with 1000 iterations
Local search improved energy to -12334.0
Results saved to: results/Gset/SpecAdj/G67.csv
  Seed 8/10 (seed=49)
Initialized SpecAdj solver (GPU sparse). Results will be saved under 'SpecAdj'.
Parameters:
  instance_name: G67.txt
  dataset: Gset
  random_seed: 49
  mode: 0
  beta: None
  alpha: 0
  use_local_search: True
  max_local_iterations: 1000
  eigsh_tol: 1e-06
  eigsh_maxiter: 1000
  run_name: SpecAdj
--------------------------------------------------
Using local search with 1000 iterations
Local search improved energy to -12294.0
Results saved to: results/Gset/SpecAdj/G67.csv
  Seed 9/10 (seed=50)
Initialized SpecAdj solver (GPU sparse). Results will be saved under 'SpecAdj'.
Parameters:
  instance_name: G67.txt
  dataset: Gset
  random_seed: 50
  mode: 0
  beta: None
  alpha: 0
  use_local_search: True
  max_local_iterations: 1000
  eigsh_tol: 1e-06
  eigsh_maxiter: 1000
  run_name: SpecAdj
--------------------------------------------------
Using local search with 1000 iterations
Local search improved energy to -12246.0
Results saved to: results/Gset/SpecAdj/G67.csv
  Seed 10/10 (seed=51)
Initialized SpecAdj solver (GPU sparse). Results will be saved under 'SpecAdj'.
Parameters:
  instance_name: G67.txt
  dataset: Gset
  random_seed: 51
  mode: 0
  beta: None
  alpha: 0
  use_local_search: True
  max_local_iterations: 1000
  eigsh_tol: 1e-06
  eigsh_maxiter: 1000
  run_name: SpecAdj
--------------------------------------------------
Using local search with 1000 iterations
Local search improved energy to -12306.0
Results saved to: results/Gset/SpecAdj/G67.csv
Processing instance: G7.txt
  Seed 1/10 (seed=42)
Initialized SpecAdj solver (GPU sparse). Results will be saved under 'SpecAdj'.
Parameters:
  instance_name: G7.txt
  dataset: Gset
  random_seed: 42
  mode: 0
  beta: None
  alpha: 0
  use_local_search: True
  max_local_iterations: 1000
  eigsh_tol: 1e-06
  eigsh_maxiter: 1000
  run_name: SpecAdj
--------------------------------------------------
Using local search with 1000 iterations
Local search improved energy to -3924.0000000000005
Results saved to: results/Gset/SpecAdj/G7.csv
  Seed 2/10 (seed=43)
Initialized SpecAdj solver (GPU sparse). Results will be saved under 'SpecAdj'.
Parameters:
  instance_name: G7.txt
  dataset: Gset
  random_seed: 43
  mode: 0
  beta: None
  alpha: 0
  use_local_search: True
  max_local_iterations: 1000
  eigsh_tol: 1e-06
  eigsh_maxiter: 1000
  run_name: SpecAdj
--------------------------------------------------
Using local search with 1000 iterations
Local search improved energy to -3950.0
Results saved to: results/Gset/SpecAdj/G7.csv
  Seed 3/10 (seed=44)
Initialized SpecAdj solver (GPU sparse). Results will be saved under 'SpecAdj'.
Parameters:
  instance_name: G7.txt
  dataset: Gset
  random_seed: 44
  mode: 0
  beta: None
  alpha: 0
  use_local_search: True
  max_local_iterations: 1000
  eigsh_tol: 1e-06
  eigsh_maxiter: 1000
  run_name: SpecAdj
--------------------------------------------------
Using local search with 1000 iterations
Local search improved energy to -3926.0000000000005
Results saved to: results/Gset/SpecAdj/G7.csv
  Seed 4/10 (seed=45)
Initialized SpecAdj solver (GPU sparse). Results will be saved under 'SpecAdj'.
Parameters:
  instance_name: G7.txt
  dataset: Gset
  random_seed: 45
  mode: 0
  beta: None
  alpha: 0
  use_local_search: True
  max_local_iterations: 1000
  eigsh_tol: 1e-06
  eigsh_maxiter: 1000
  run_name: SpecAdj
--------------------------------------------------
Using local search with 1000 iterations
Local search improved energy to -3890.0
Results saved to: results/Gset/SpecAdj/G7.csv
  Seed 5/10 (seed=46)
Initialized SpecAdj solver (GPU sparse). Results will be saved under 'SpecAdj'.
Parameters:
  instance_name: G7.txt
  dataset: Gset
  random_seed: 46
  mode: 0
  beta: None
  alpha: 0
  use_local_search: True
  max_local_iterations: 1000
  eigsh_tol: 1e-06
  eigsh_maxiter: 1000
  run_name: SpecAdj
--------------------------------------------------
Using local search with 1000 iterations
Local search improved energy to -3920.0
Results saved to: results/Gset/SpecAdj/G7.csv
  Seed 6/10 (seed=47)
Initialized SpecAdj solver (GPU sparse). Results will be saved under 'SpecAdj'.
Parameters:
  instance_name: G7.txt
  dataset: Gset
  random_seed: 47
  mode: 0
  beta: None
  alpha: 0
  use_local_search: True
  max_local_iterations: 1000
  eigsh_tol: 1e-06
  eigsh_maxiter: 1000
  run_name: SpecAdj
--------------------------------------------------
Using local search with 1000 iterations
Local search improved energy to -3942.0
Results saved to: results/Gset/SpecAdj/G7.csv
  Seed 7/10 (seed=48)
Initialized SpecAdj solver (GPU sparse). Results will be saved under 'SpecAdj'.
Parameters:
  instance_name: G7.txt
  dataset: Gset
  random_seed: 48
  mode: 0
  beta: None
  alpha: 0
  use_local_search: True
  max_local_iterations: 1000
  eigsh_tol: 1e-06
  eigsh_maxiter: 1000
  run_name: SpecAdj
--------------------------------------------------
Using local search with 1000 iterations
Local search improved energy to -3908.0
Results saved to: results/Gset/SpecAdj/G7.csv
  Seed 8/10 (seed=49)
Initialized SpecAdj solver (GPU sparse). Results will be saved under 'SpecAdj'.
Parameters:
  instance_name: G7.txt
  dataset: Gset
  random_seed: 49
  mode: 0
  beta: None
  alpha: 0
  use_local_search: True
  max_local_iterations: 1000
  eigsh_tol: 1e-06
  eigsh_maxiter: 1000
  run_name: SpecAdj
--------------------------------------------------
Using local search with 1000 iterations
Local search improved energy to -3922.0000000000005
Results saved to: results/Gset/SpecAdj/G7.csv
  Seed 9/10 (seed=50)
Initialized SpecAdj solver (GPU sparse). Results will be saved under 'SpecAdj'.
Parameters:
  instance_name: G7.txt
  dataset: Gset
  random_seed: 50
  mode: 0
  beta: None
  alpha: 0
  use_local_search: True
  max_local_iterations: 1000
  eigsh_tol: 1e-06
  eigsh_maxiter: 1000
  run_name: SpecAdj
--------------------------------------------------
Using local search with 1000 iterations
Local search improved energy to -3922.0
Results saved to: results/Gset/SpecAdj/G7.csv
  Seed 10/10 (seed=51)
Initialized SpecAdj solver (GPU sparse). Results will be saved under 'SpecAdj'.
Parameters:
  instance_name: G7.txt
  dataset: Gset
  random_seed: 51
  mode: 0
  beta: None
  alpha: 0
  use_local_search: True
  max_local_iterations: 1000
  eigsh_tol: 1e-06
  eigsh_maxiter: 1000
  run_name: SpecAdj
--------------------------------------------------
Using local search with 1000 iterations
Local search improved energy to -3912.0000000000005
Results saved to: results/Gset/SpecAdj/G7.csv
Processing instance: G72.txt
  Seed 1/10 (seed=42)
Initialized SpecAdj solver (GPU sparse). Results will be saved under 'SpecAdj'.
Parameters:
  instance_name: G72.txt
  dataset: Gset
  random_seed: 42
  mode: 0
  beta: None
  alpha: 0
  use_local_search: True
  max_local_iterations: 1000
  eigsh_tol: 1e-06
  eigsh_maxiter: 1000
  run_name: SpecAdj
--------------------------------------------------
Using local search with 1000 iterations
Local search improved energy to -12450.0
Results saved to: results/Gset/SpecAdj/G72.csv
  Seed 2/10 (seed=43)
Initialized SpecAdj solver (GPU sparse). Results will be saved under 'SpecAdj'.
Parameters:
  instance_name: G72.txt
  dataset: Gset
  random_seed: 43
  mode: 0
  beta: None
  alpha: 0
  use_local_search: True
  max_local_iterations: 1000
  eigsh_tol: 1e-06
  eigsh_maxiter: 1000
  run_name: SpecAdj
--------------------------------------------------
Using local search with 1000 iterations
Local search improved energy to -12294.0
Results saved to: results/Gset/SpecAdj/G72.csv
  Seed 3/10 (seed=44)
Initialized SpecAdj solver (GPU sparse). Results will be saved under 'SpecAdj'.
Parameters:
  instance_name: G72.txt
  dataset: Gset
  random_seed: 44
  mode: 0
  beta: None
  alpha: 0
  use_local_search: True
  max_local_iterations: 1000
  eigsh_tol: 1e-06
  eigsh_maxiter: 1000
  run_name: SpecAdj
--------------------------------------------------
Using local search with 1000 iterations
Local search improved energy to -12230.0
Results saved to: results/Gset/SpecAdj/G72.csv
  Seed 4/10 (seed=45)
Initialized SpecAdj solver (GPU sparse). Results will be saved under 'SpecAdj'.
Parameters:
  instance_name: G72.txt
  dataset: Gset
  random_seed: 45
  mode: 0
  beta: None
  alpha: 0
  use_local_search: True
  max_local_iterations: 1000
  eigsh_tol: 1e-06
  eigsh_maxiter: 1000
  run_name: SpecAdj
--------------------------------------------------
Using local search with 1000 iterations
Local search improved energy to -12322.0
Results saved to: results/Gset/SpecAdj/G72.csv
  Seed 5/10 (seed=46)
Initialized SpecAdj solver (GPU sparse). Results will be saved under 'SpecAdj'.
Parameters:
  instance_name: G72.txt
  dataset: Gset
  random_seed: 46
  mode: 0
  beta: None
  alpha: 0
  use_local_search: True
  max_local_iterations: 1000
  eigsh_tol: 1e-06
  eigsh_maxiter: 1000
  run_name: SpecAdj
--------------------------------------------------
Using local search with 1000 iterations
Local search improved energy to -12366.0
Results saved to: results/Gset/SpecAdj/G72.csv
  Seed 6/10 (seed=47)
Initialized SpecAdj solver (GPU sparse). Results will be saved under 'SpecAdj'.
Parameters:
  instance_name: G72.txt
  dataset: Gset
  random_seed: 47
  mode: 0
  beta: None
  alpha: 0
  use_local_search: True
  max_local_iterations: 1000
  eigsh_tol: 1e-06
  eigsh_maxiter: 1000
  run_name: SpecAdj
--------------------------------------------------
Using local search with 1000 iterations
Local search improved energy to -12386.0
Results saved to: results/Gset/SpecAdj/G72.csv
  Seed 7/10 (seed=48)
Initialized SpecAdj solver (GPU sparse). Results will be saved under 'SpecAdj'.
Parameters:
  instance_name: G72.txt
  dataset: Gset
  random_seed: 48
  mode: 0
  beta: None
  alpha: 0
  use_local_search: True
  max_local_iterations: 1000
  eigsh_tol: 1e-06
  eigsh_maxiter: 1000
  run_name: SpecAdj
--------------------------------------------------
Using local search with 1000 iterations
Local search improved energy to -12362.0
Results saved to: results/Gset/SpecAdj/G72.csv
  Seed 8/10 (seed=49)
Initialized SpecAdj solver (GPU sparse). Results will be saved under 'SpecAdj'.
Parameters:
  instance_name: G72.txt
  dataset: Gset
  random_seed: 49
  mode: 0
  beta: None
  alpha: 0
  use_local_search: True
  max_local_iterations: 1000
  eigsh_tol: 1e-06
  eigsh_maxiter: 1000
  run_name: SpecAdj
--------------------------------------------------
Using local search with 1000 iterations
Local search improved energy to -12226.0
Results saved to: results/Gset/SpecAdj/G72.csv
  Seed 9/10 (seed=50)
Initialized SpecAdj solver (GPU sparse). Results will be saved under 'SpecAdj'.
Parameters:
  instance_name: G72.txt
  dataset: Gset
  random_seed: 50
  mode: 0
  beta: None
  alpha: 0
  use_local_search: True
  max_local_iterations: 1000
  eigsh_tol: 1e-06
  eigsh_maxiter: 1000
  run_name: SpecAdj
--------------------------------------------------
Using local search with 1000 iterations
Local search improved energy to -12358.0
Results saved to: results/Gset/SpecAdj/G72.csv
  Seed 10/10 (seed=51)
Initialized SpecAdj solver (GPU sparse). Results will be saved under 'SpecAdj'.
Parameters:
  instance_name: G72.txt
  dataset: Gset
  random_seed: 51
  mode: 0
  beta: None
  alpha: 0
  use_local_search: True
  max_local_iterations: 1000
  eigsh_tol: 1e-06
  eigsh_maxiter: 1000
  run_name: SpecAdj
--------------------------------------------------
Using local search with 1000 iterations
Local search improved energy to -12418.0
Results saved to: results/Gset/SpecAdj/G72.csv
Processing instance: G77.txt
  Seed 1/10 (seed=42)
Initialized SpecAdj solver (GPU sparse). Results will be saved under 'SpecAdj'.
Parameters:
  instance_name: G77.txt
  dataset: Gset
  random_seed: 42
  mode: 0
  beta: None
  alpha: 0
  use_local_search: True
  max_local_iterations: 1000
  eigsh_tol: 1e-06
  eigsh_maxiter: 1000
  run_name: SpecAdj
--------------------------------------------------
Using local search with 1000 iterations
Local search improved energy to -17184.0
Results saved to: results/Gset/SpecAdj/G77.csv
  Seed 2/10 (seed=43)
Initialized SpecAdj solver (GPU sparse). Results will be saved under 'SpecAdj'.
Parameters:
  instance_name: G77.txt
  dataset: Gset
  random_seed: 43
  mode: 0
  beta: None
  alpha: 0
  use_local_search: True
  max_local_iterations: 1000
  eigsh_tol: 1e-06
  eigsh_maxiter: 1000
  run_name: SpecAdj
--------------------------------------------------
Using local search with 1000 iterations
Local search improved energy to -17124.0
Results saved to: results/Gset/SpecAdj/G77.csv
  Seed 3/10 (seed=44)
Initialized SpecAdj solver (GPU sparse). Results will be saved under 'SpecAdj'.
Parameters:
  instance_name: G77.txt
  dataset: Gset
  random_seed: 44
  mode: 0
  beta: None
  alpha: 0
  use_local_search: True
  max_local_iterations: 1000
  eigsh_tol: 1e-06
  eigsh_maxiter: 1000
  run_name: SpecAdj
--------------------------------------------------
Using local search with 1000 iterations
Local search improved energy to -17272.0
Results saved to: results/Gset/SpecAdj/G77.csv
  Seed 4/10 (seed=45)
Initialized SpecAdj solver (GPU sparse). Results will be saved under 'SpecAdj'.
Parameters:
  instance_name: G77.txt
  dataset: Gset
  random_seed: 45
  mode: 0
  beta: None
  alpha: 0
  use_local_search: True
  max_local_iterations: 1000
  eigsh_tol: 1e-06
  eigsh_maxiter: 1000
  run_name: SpecAdj
--------------------------------------------------
Using local search with 1000 iterations
Local search improved energy to -17148.0
Results saved to: results/Gset/SpecAdj/G77.csv
  Seed 5/10 (seed=46)
Initialized SpecAdj solver (GPU sparse). Results will be saved under 'SpecAdj'.
Parameters:
  instance_name: G77.txt
  dataset: Gset
  random_seed: 46
  mode: 0
  beta: None
  alpha: 0
  use_local_search: True
  max_local_iterations: 1000
  eigsh_tol: 1e-06
  eigsh_maxiter: 1000
  run_name: SpecAdj
--------------------------------------------------
Using local search with 1000 iterations
Local search improved energy to -17236.0
Results saved to: results/Gset/SpecAdj/G77.csv
  Seed 6/10 (seed=47)
Initialized SpecAdj solver (GPU sparse). Results will be saved under 'SpecAdj'.
Parameters:
  instance_name: G77.txt
  dataset: Gset
  random_seed: 47
  mode: 0
  beta: None
  alpha: 0
  use_local_search: True
  max_local_iterations: 1000
  eigsh_tol: 1e-06
  eigsh_maxiter: 1000
  run_name: SpecAdj
--------------------------------------------------
Using local search with 1000 iterations
Local search improved energy to -17188.0
Results saved to: results/Gset/SpecAdj/G77.csv
  Seed 7/10 (seed=48)
Initialized SpecAdj solver (GPU sparse). Results will be saved under 'SpecAdj'.
Parameters:
  instance_name: G77.txt
  dataset: Gset
  random_seed: 48
  mode: 0
  beta: None
  alpha: 0
  use_local_search: True
  max_local_iterations: 1000
  eigsh_tol: 1e-06
  eigsh_maxiter: 1000
  run_name: SpecAdj
--------------------------------------------------
Using local search with 1000 iterations
Local search improved energy to -17132.0
Results saved to: results/Gset/SpecAdj/G77.csv
  Seed 8/10 (seed=49)
Initialized SpecAdj solver (GPU sparse). Results will be saved under 'SpecAdj'.
Parameters:
  instance_name: G77.txt
  dataset: Gset
  random_seed: 49
  mode: 0
  beta: None
  alpha: 0
  use_local_search: True
  max_local_iterations: 1000
  eigsh_tol: 1e-06
  eigsh_maxiter: 1000
  run_name: SpecAdj
--------------------------------------------------
Using local search with 1000 iterations
Local search improved energy to -17180.0
Results saved to: results/Gset/SpecAdj/G77.csv
  Seed 9/10 (seed=50)
Initialized SpecAdj solver (GPU sparse). Results will be saved under 'SpecAdj'.
Parameters:
  instance_name: G77.txt
  dataset: Gset
  random_seed: 50
  mode: 0
  beta: None
  alpha: 0
  use_local_search: True
  max_local_iterations: 1000
  eigsh_tol: 1e-06
  eigsh_maxiter: 1000
  run_name: SpecAdj
--------------------------------------------------
Using local search with 1000 iterations
Local search improved energy to -17264.0
Results saved to: results/Gset/SpecAdj/G77.csv
  Seed 10/10 (seed=51)
Initialized SpecAdj solver (GPU sparse). Results will be saved under 'SpecAdj'.
Parameters:
  instance_name: G77.txt
  dataset: Gset
  random_seed: 51
  mode: 0
  beta: None
  alpha: 0
  use_local_search: True
  max_local_iterations: 1000
  eigsh_tol: 1e-06
  eigsh_maxiter: 1000
  run_name: SpecAdj
--------------------------------------------------
Using local search with 1000 iterations
Local search improved energy to -17220.0
Results saved to: results/Gset/SpecAdj/G77.csv
Processing instance: G8.txt
  Seed 1/10 (seed=42)
Initialized SpecAdj solver (GPU sparse). Results will be saved under 'SpecAdj'.
Parameters:
  instance_name: G8.txt
  dataset: Gset
  random_seed: 42
  mode: 0
  beta: None
  alpha: 0
  use_local_search: True
  max_local_iterations: 1000
  eigsh_tol: 1e-06
  eigsh_maxiter: 1000
  run_name: SpecAdj
--------------------------------------------------
Using local search with 1000 iterations
Local search improved energy to -3976.0
Results saved to: results/Gset/SpecAdj/G8.csv
  Seed 2/10 (seed=43)
Initialized SpecAdj solver (GPU sparse). Results will be saved under 'SpecAdj'.
Parameters:
  instance_name: G8.txt
  dataset: Gset
  random_seed: 43
  mode: 0
  beta: None
  alpha: 0
  use_local_search: True
  max_local_iterations: 1000
  eigsh_tol: 1e-06
  eigsh_maxiter: 1000
  run_name: SpecAdj
--------------------------------------------------
Using local search with 1000 iterations
Local search improved energy to -4009.9999999999995
Results saved to: results/Gset/SpecAdj/G8.csv
  Seed 3/10 (seed=44)
Initialized SpecAdj solver (GPU sparse). Results will be saved under 'SpecAdj'.
Parameters:
  instance_name: G8.txt
  dataset: Gset
  random_seed: 44
  mode: 0
  beta: None
  alpha: 0
  use_local_search: True
  max_local_iterations: 1000
  eigsh_tol: 1e-06
  eigsh_maxiter: 1000
  run_name: SpecAdj
--------------------------------------------------
Using local search with 1000 iterations
Local search improved energy to -3942.0
Results saved to: results/Gset/SpecAdj/G8.csv
  Seed 4/10 (seed=45)
Initialized SpecAdj solver (GPU sparse). Results will be saved under 'SpecAdj'.
Parameters:
  instance_name: G8.txt
  dataset: Gset
  random_seed: 45
  mode: 0
  beta: None
  alpha: 0
  use_local_search: True
  max_local_iterations: 1000
  eigsh_tol: 1e-06
  eigsh_maxiter: 1000
  run_name: SpecAdj
--------------------------------------------------
Using local search with 1000 iterations
Local search improved energy to -3970.0
Results saved to: results/Gset/SpecAdj/G8.csv
  Seed 5/10 (seed=46)
Initialized SpecAdj solver (GPU sparse). Results will be saved under 'SpecAdj'.
Parameters:
  instance_name: G8.txt
  dataset: Gset
  random_seed: 46
  mode: 0
  beta: None
  alpha: 0
  use_local_search: True
  max_local_iterations: 1000
  eigsh_tol: 1e-06
  eigsh_maxiter: 1000
  run_name: SpecAdj
--------------------------------------------------
Using local search with 1000 iterations
Local search improved energy to -3942.0
Results saved to: results/Gset/SpecAdj/G8.csv
  Seed 6/10 (seed=47)
Initialized SpecAdj solver (GPU sparse). Results will be saved under 'SpecAdj'.
Parameters:
  instance_name: G8.txt
  dataset: Gset
  random_seed: 47
  mode: 0
  beta: None
  alpha: 0
  use_local_search: True
  max_local_iterations: 1000
  eigsh_tol: 1e-06
  eigsh_maxiter: 1000
  run_name: SpecAdj
--------------------------------------------------
Using local search with 1000 iterations
Local search improved energy to -3960.0
Results saved to: results/Gset/SpecAdj/G8.csv
  Seed 7/10 (seed=48)
Initialized SpecAdj solver (GPU sparse). Results will be saved under 'SpecAdj'.
Parameters:
  instance_name: G8.txt
  dataset: Gset
  random_seed: 48
  mode: 0
  beta: None
  alpha: 0
  use_local_search: True
  max_local_iterations: 1000
  eigsh_tol: 1e-06
  eigsh_maxiter: 1000
  run_name: SpecAdj
--------------------------------------------------
Using local search with 1000 iterations
Local search improved energy to -3966.0
Results saved to: results/Gset/SpecAdj/G8.csv
  Seed 8/10 (seed=49)
Initialized SpecAdj solver (GPU sparse). Results will be saved under 'SpecAdj'.
Parameters:
  instance_name: G8.txt
  dataset: Gset
  random_seed: 49
  mode: 0
  beta: None
  alpha: 0
  use_local_search: True
  max_local_iterations: 1000
  eigsh_tol: 1e-06
  eigsh_maxiter: 1000
  run_name: SpecAdj
--------------------------------------------------
Using local search with 1000 iterations
Local search improved energy to -3960.0000000000005
Results saved to: results/Gset/SpecAdj/G8.csv
  Seed 9/10 (seed=50)
Initialized SpecAdj solver (GPU sparse). Results will be saved under 'SpecAdj'.
Parameters:
  instance_name: G8.txt
  dataset: Gset
  random_seed: 50
  mode: 0
  beta: None
  alpha: 0
  use_local_search: True
  max_local_iterations: 1000
  eigsh_tol: 1e-06
  eigsh_maxiter: 1000
  run_name: SpecAdj
--------------------------------------------------
Using local search with 1000 iterations
Local search improved energy to -4024.0
Results saved to: results/Gset/SpecAdj/G8.csv
  Seed 10/10 (seed=51)
Initialized SpecAdj solver (GPU sparse). Results will be saved under 'SpecAdj'.
Parameters:
  instance_name: G8.txt
  dataset: Gset
  random_seed: 51
  mode: 0
  beta: None
  alpha: 0
  use_local_search: True
  max_local_iterations: 1000
  eigsh_tol: 1e-06
  eigsh_maxiter: 1000
  run_name: SpecAdj
--------------------------------------------------
Using local search with 1000 iterations
Local search improved energy to -3978.0
Results saved to: results/Gset/SpecAdj/G8.csv
Processing instance: G81.txt
  Seed 1/10 (seed=42)
Initialized SpecAdj solver (GPU sparse). Results will be saved under 'SpecAdj'.
Parameters:
  instance_name: G81.txt
  dataset: Gset
  random_seed: 42
  mode: 0
  beta: None
  alpha: 0
  use_local_search: True
  max_local_iterations: 1000
  eigsh_tol: 1e-06
  eigsh_maxiter: 1000
  run_name: SpecAdj
--------------------------------------------------
Using local search with 1000 iterations
Local search improved energy to -24534.0
Results saved to: results/Gset/SpecAdj/G81.csv
  Seed 2/10 (seed=43)
Initialized SpecAdj solver (GPU sparse). Results will be saved under 'SpecAdj'.
Parameters:
  instance_name: G81.txt
  dataset: Gset
  random_seed: 43
  mode: 0
  beta: None
  alpha: 0
  use_local_search: True
  max_local_iterations: 1000
  eigsh_tol: 1e-06
  eigsh_maxiter: 1000
  run_name: SpecAdj
--------------------------------------------------
Using local search with 1000 iterations
Local search improved energy to -24314.0
Results saved to: results/Gset/SpecAdj/G81.csv
  Seed 3/10 (seed=44)
Initialized SpecAdj solver (GPU sparse). Results will be saved under 'SpecAdj'.
Parameters:
  instance_name: G81.txt
  dataset: Gset
  random_seed: 44
  mode: 0
  beta: None
  alpha: 0
  use_local_search: True
  max_local_iterations: 1000
  eigsh_tol: 1e-06
  eigsh_maxiter: 1000
  run_name: SpecAdj
--------------------------------------------------
Using local search with 1000 iterations
Local search improved energy to -24206.0
Results saved to: results/Gset/SpecAdj/G81.csv
  Seed 4/10 (seed=45)
Initialized SpecAdj solver (GPU sparse). Results will be saved under 'SpecAdj'.
Parameters:
  instance_name: G81.txt
  dataset: Gset
  random_seed: 45
  mode: 0
  beta: None
  alpha: 0
  use_local_search: True
  max_local_iterations: 1000
  eigsh_tol: 1e-06
  eigsh_maxiter: 1000
  run_name: SpecAdj
--------------------------------------------------
Using local search with 1000 iterations
Local search improved energy to -24526.0
Results saved to: results/Gset/SpecAdj/G81.csv
  Seed 5/10 (seed=46)
Initialized SpecAdj solver (GPU sparse). Results will be saved under 'SpecAdj'.
Parameters:
  instance_name: G81.txt
  dataset: Gset
  random_seed: 46
  mode: 0
  beta: None
  alpha: 0
  use_local_search: True
  max_local_iterations: 1000
  eigsh_tol: 1e-06
  eigsh_maxiter: 1000
  run_name: SpecAdj
--------------------------------------------------
Using local search with 1000 iterations
Local search improved energy to -24518.0
Results saved to: results/Gset/SpecAdj/G81.csv
  Seed 6/10 (seed=47)
Initialized SpecAdj solver (GPU sparse). Results will be saved under 'SpecAdj'.
Parameters:
  instance_name: G81.txt
  dataset: Gset
  random_seed: 47
  mode: 0
  beta: None
  alpha: 0
  use_local_search: True
  max_local_iterations: 1000
  eigsh_tol: 1e-06
  eigsh_maxiter: 1000
  run_name: SpecAdj
--------------------------------------------------
Using local search with 1000 iterations
Local search improved energy to -24298.0
Results saved to: results/Gset/SpecAdj/G81.csv
  Seed 7/10 (seed=48)
Initialized SpecAdj solver (GPU sparse). Results will be saved under 'SpecAdj'.
Parameters:
  instance_name: G81.txt
  dataset: Gset
  random_seed: 48
  mode: 0
  beta: None
  alpha: 0
  use_local_search: True
  max_local_iterations: 1000
  eigsh_tol: 1e-06
  eigsh_maxiter: 1000
  run_name: SpecAdj
--------------------------------------------------
Using local search with 1000 iterations
Local search improved energy to -24410.0
Results saved to: results/Gset/SpecAdj/G81.csv
  Seed 8/10 (seed=49)
Initialized SpecAdj solver (GPU sparse). Results will be saved under 'SpecAdj'.
Parameters:
  instance_name: G81.txt
  dataset: Gset
  random_seed: 49
  mode: 0
  beta: None
  alpha: 0
  use_local_search: True
  max_local_iterations: 1000
  eigsh_tol: 1e-06
  eigsh_maxiter: 1000
  run_name: SpecAdj
--------------------------------------------------
Using local search with 1000 iterations
Local search improved energy to -24414.0
Results saved to: results/Gset/SpecAdj/G81.csv
  Seed 9/10 (seed=50)
Initialized SpecAdj solver (GPU sparse). Results will be saved under 'SpecAdj'.
Parameters:
  instance_name: G81.txt
  dataset: Gset
  random_seed: 50
  mode: 0
  beta: None
  alpha: 0
  use_local_search: True
  max_local_iterations: 1000
  eigsh_tol: 1e-06
  eigsh_maxiter: 1000
  run_name: SpecAdj
--------------------------------------------------
Using local search with 1000 iterations
Local search improved energy to -24374.0
Results saved to: results/Gset/SpecAdj/G81.csv
  Seed 10/10 (seed=51)
Initialized SpecAdj solver (GPU sparse). Results will be saved under 'SpecAdj'.
Parameters:
  instance_name: G81.txt
  dataset: Gset
  random_seed: 51
  mode: 0
  beta: None
  alpha: 0
  use_local_search: True
  max_local_iterations: 1000
  eigsh_tol: 1e-06
  eigsh_maxiter: 1000
  run_name: SpecAdj
--------------------------------------------------
Using local search with 1000 iterations
Local search improved energy to -24574.0
Results saved to: results/Gset/SpecAdj/G81.csv
Processing instance: G9.txt
  Seed 1/10 (seed=42)
Initialized SpecAdj solver (GPU sparse). Results will be saved under 'SpecAdj'.
Parameters:
  instance_name: G9.txt
  dataset: Gset
  random_seed: 42
  mode: 0
  beta: None
  alpha: 0
  use_local_search: True
  max_local_iterations: 1000
  eigsh_tol: 1e-06
  eigsh_maxiter: 1000
  run_name: SpecAdj
--------------------------------------------------
Using local search with 1000 iterations
Local search improved energy to -4095.9999999999995
Results saved to: results/Gset/SpecAdj/G9.csv
  Seed 2/10 (seed=43)
Initialized SpecAdj solver (GPU sparse). Results will be saved under 'SpecAdj'.
Parameters:
  instance_name: G9.txt
  dataset: Gset
  random_seed: 43
  mode: 0
  beta: None
  alpha: 0
  use_local_search: True
  max_local_iterations: 1000
  eigsh_tol: 1e-06
  eigsh_maxiter: 1000
  run_name: SpecAdj
--------------------------------------------------
Using local search with 1000 iterations
Local search improved energy to -4031.999999999999
Results saved to: results/Gset/SpecAdj/G9.csv
  Seed 3/10 (seed=44)
Initialized SpecAdj solver (GPU sparse). Results will be saved under 'SpecAdj'.
Parameters:
  instance_name: G9.txt
  dataset: Gset
  random_seed: 44
  mode: 0
  beta: None
  alpha: 0
  use_local_search: True
  max_local_iterations: 1000
  eigsh_tol: 1e-06
  eigsh_maxiter: 1000
  run_name: SpecAdj
--------------------------------------------------
Using local search with 1000 iterations
Local search improved energy to -4052.0000000000005
Results saved to: results/Gset/SpecAdj/G9.csv
  Seed 4/10 (seed=45)
Initialized SpecAdj solver (GPU sparse). Results will be saved under 'SpecAdj'.
Parameters:
  instance_name: G9.txt
  dataset: Gset
  random_seed: 45
  mode: 0
  beta: None
  alpha: 0
  use_local_search: True
  max_local_iterations: 1000
  eigsh_tol: 1e-06
  eigsh_maxiter: 1000
  run_name: SpecAdj
--------------------------------------------------
Using local search with 1000 iterations
Local search improved energy to -4004.0000000000005
Results saved to: results/Gset/SpecAdj/G9.csv
  Seed 5/10 (seed=46)
Initialized SpecAdj solver (GPU sparse). Results will be saved under 'SpecAdj'.
Parameters:
  instance_name: G9.txt
  dataset: Gset
  random_seed: 46
  mode: 0
  beta: None
  alpha: 0
  use_local_search: True
  max_local_iterations: 1000
  eigsh_tol: 1e-06
  eigsh_maxiter: 1000
  run_name: SpecAdj
--------------------------------------------------
Using local search with 1000 iterations
Local search improved energy to -4052.0
Results saved to: results/Gset/SpecAdj/G9.csv
  Seed 6/10 (seed=47)
Initialized SpecAdj solver (GPU sparse). Results will be saved under 'SpecAdj'.
Parameters:
  instance_name: G9.txt
  dataset: Gset
  random_seed: 47
  mode: 0
  beta: None
  alpha: 0
  use_local_search: True
  max_local_iterations: 1000
  eigsh_tol: 1e-06
  eigsh_maxiter: 1000
  run_name: SpecAdj
--------------------------------------------------
Using local search with 1000 iterations
Local search improved energy to -4052.0000000000005
Results saved to: results/Gset/SpecAdj/G9.csv
  Seed 7/10 (seed=48)
Initialized SpecAdj solver (GPU sparse). Results will be saved under 'SpecAdj'.
Parameters:
  instance_name: G9.txt
  dataset: Gset
  random_seed: 48
  mode: 0
  beta: None
  alpha: 0
  use_local_search: True
  max_local_iterations: 1000
  eigsh_tol: 1e-06
  eigsh_maxiter: 1000
  run_name: SpecAdj
--------------------------------------------------
Using local search with 1000 iterations
Local search improved energy to -4013.9999999999995
Results saved to: results/Gset/SpecAdj/G9.csv
  Seed 8/10 (seed=49)
Initialized SpecAdj solver (GPU sparse). Results will be saved under 'SpecAdj'.
Parameters:
  instance_name: G9.txt
  dataset: Gset
  random_seed: 49
  mode: 0
  beta: None
  alpha: 0
  use_local_search: True
  max_local_iterations: 1000
  eigsh_tol: 1e-06
  eigsh_maxiter: 1000
  run_name: SpecAdj
--------------------------------------------------
Using local search with 1000 iterations
Local search improved energy to -4022.0
Results saved to: results/Gset/SpecAdj/G9.csv
  Seed 9/10 (seed=50)
Initialized SpecAdj solver (GPU sparse). Results will be saved under 'SpecAdj'.
Parameters:
  instance_name: G9.txt
  dataset: Gset
  random_seed: 50
  mode: 0
  beta: None
  alpha: 0
  use_local_search: True
  max_local_iterations: 1000
  eigsh_tol: 1e-06
  eigsh_maxiter: 1000
  run_name: SpecAdj
--------------------------------------------------
Using local search with 1000 iterations
Local search improved energy to -4076.0
Results saved to: results/Gset/SpecAdj/G9.csv
  Seed 10/10 (seed=51)
Initialized SpecAdj solver (GPU sparse). Results will be saved under 'SpecAdj'.
Parameters:
  instance_name: G9.txt
  dataset: Gset
  random_seed: 51
  mode: 0
  beta: None
  alpha: 0
  use_local_search: True
  max_local_iterations: 1000
  eigsh_tol: 1e-06
  eigsh_maxiter: 1000
  run_name: SpecAdj
--------------------------------------------------
Using local search with 1000 iterations
Local search improved energy to -4026.0000000000005
Results saved to: results/Gset/SpecAdj/G9.csv
==================================================
Execution Finished.
✓ SpecAdj on Gset SUCCESS
Completed 1 experiments in 92 seconds
