Running solver: SpecSignedLap
Dataset: Gset
[GENERAL] Dataset: Gset, -----------------------------------------------------------
Running: SpecSignedLap
Solver: spec_signed_lap
Dataset: Gset
==================================================
Processing instance: G1.txt
  Seed 1/10 (seed=42)
Initialized SpecSignedLap solver (GPU sparse) with alpha = 1.0. Results will be saved under 'SpecSignedLap'.
Parameters:
  instance_name: G1.txt
  dataset: Gset
  random_seed: 42
  mode: 1
  beta: None
  alpha: 1.0
  use_local_search: True
  max_local_iterations: 1000
  eigsh_tol: 1e-06
  eigsh_maxiter: 1000
  run_name: SpecSignedLap
--------------------------------------------------
Using local search with 1000 iterations
Local search did not improve energy to -3265.9999999999995
Results saved to: results/Gset/SpecSignedLap/G1.csv
Alpha1 solver completed. Energy: -3266.000000, Time: 0.6473s
  Seed 2/10 (seed=43)
Initialized SpecSignedLap solver (GPU sparse) with alpha = 1.0. Results will be saved under 'SpecSignedLap'.
Parameters:
  instance_name: G1.txt
  dataset: Gset
  random_seed: 43
  mode: 1
  beta: None
  alpha: 1.0
  use_local_search: True
  max_local_iterations: 1000
  eigsh_tol: 1e-06
  eigsh_maxiter: 1000
  run_name: SpecSignedLap
--------------------------------------------------
Using local search with 1000 iterations
Local search did not improve energy to -3265.9999999999995
Results saved to: results/Gset/SpecSignedLap/G1.csv
Alpha1 solver completed. Energy: -3266.000000, Time: 0.3909s
  Seed 3/10 (seed=44)
Initialized SpecSignedLap solver (GPU sparse) with alpha = 1.0. Results will be saved under 'SpecSignedLap'.
Parameters:
  instance_name: G1.txt
  dataset: Gset
  random_seed: 44
  mode: 1
  beta: None
  alpha: 1.0
  use_local_search: True
  max_local_iterations: 1000
  eigsh_tol: 1e-06
  eigsh_maxiter: 1000
  run_name: SpecSignedLap
--------------------------------------------------
Using local search with 1000 iterations
Local search did not improve energy to -3265.9999999999995
Results saved to: results/Gset/SpecSignedLap/G1.csv
Alpha1 solver completed. Energy: -3266.000000, Time: 0.3910s
  Seed 4/10 (seed=45)
Initialized SpecSignedLap solver (GPU sparse) with alpha = 1.0. Results will be saved under 'SpecSignedLap'.
Parameters:
  instance_name: G1.txt
  dataset: Gset
  random_seed: 45
  mode: 1
  beta: None
  alpha: 1.0
  use_local_search: True
  max_local_iterations: 1000
  eigsh_tol: 1e-06
  eigsh_maxiter: 1000
  run_name: SpecSignedLap
--------------------------------------------------
Using local search with 1000 iterations
Local search did not improve energy to -3265.9999999999995
Results saved to: results/Gset/SpecSignedLap/G1.csv
Alpha1 solver completed. Energy: -3266.000000, Time: 0.3935s
  Seed 5/10 (seed=46)
Initialized SpecSignedLap solver (GPU sparse) with alpha = 1.0. Results will be saved under 'SpecSignedLap'.
Parameters:
  instance_name: G1.txt
  dataset: Gset
  random_seed: 46
  mode: 1
  beta: None
  alpha: 1.0
  use_local_search: True
  max_local_iterations: 1000
  eigsh_tol: 1e-06
  eigsh_maxiter: 1000
  run_name: SpecSignedLap
--------------------------------------------------
Using local search with 1000 iterations
Local search did not improve energy to -3265.9999999999995
Results saved to: results/Gset/SpecSignedLap/G1.csv
Alpha1 solver completed. Energy: -3266.000000, Time: 0.3887s
  Seed 6/10 (seed=47)
Initialized SpecSignedLap solver (GPU sparse) with alpha = 1.0. Results will be saved under 'SpecSignedLap'.
Parameters:
  instance_name: G1.txt
  dataset: Gset
  random_seed: 47
  mode: 1
  beta: None
  alpha: 1.0
  use_local_search: True
  max_local_iterations: 1000
  eigsh_tol: 1e-06
  eigsh_maxiter: 1000
  run_name: SpecSignedLap
--------------------------------------------------
Using local search with 1000 iterations
Local search did not improve energy to -3265.9999999999995
Results saved to: results/Gset/SpecSignedLap/G1.csv
Alpha1 solver completed. Energy: -3266.000000, Time: 0.3867s
  Seed 7/10 (seed=48)
Initialized SpecSignedLap solver (GPU sparse) with alpha = 1.0. Results will be saved under 'SpecSignedLap'.
Parameters:
  instance_name: G1.txt
  dataset: Gset
  random_seed: 48
  mode: 1
  beta: None
  alpha: 1.0
  use_local_search: True
  max_local_iterations: 1000
  eigsh_tol: 1e-06
  eigsh_maxiter: 1000
  run_name: SpecSignedLap
--------------------------------------------------
Using local search with 1000 iterations
Local search did not improve energy to -3265.9999999999995
Results saved to: results/Gset/SpecSignedLap/G1.csv
Alpha1 solver completed. Energy: -3266.000000, Time: 0.3859s
  Seed 8/10 (seed=49)
Initialized SpecSignedLap solver (GPU sparse) with alpha = 1.0. Results will be saved under 'SpecSignedLap'.
Parameters:
  instance_name: G1.txt
  dataset: Gset
  random_seed: 49
  mode: 1
  beta: None
  alpha: 1.0
  use_local_search: True
  max_local_iterations: 1000
  eigsh_tol: 1e-06
  eigsh_maxiter: 1000
  run_name: SpecSignedLap
--------------------------------------------------
Using local search with 1000 iterations
Local search did not improve energy to -3265.9999999999995
Results saved to: results/Gset/SpecSignedLap/G1.csv
Alpha1 solver completed. Energy: -3266.000000, Time: 0.3846s
  Seed 9/10 (seed=50)
Initialized SpecSignedLap solver (GPU sparse) with alpha = 1.0. Results will be saved under 'SpecSignedLap'.
Parameters:
  instance_name: G1.txt
  dataset: Gset
  random_seed: 50
  mode: 1
  beta: None
  alpha: 1.0
  use_local_search: True
  max_local_iterations: 1000
  eigsh_tol: 1e-06
  eigsh_maxiter: 1000
  run_name: SpecSignedLap
--------------------------------------------------
Using local search with 1000 iterations
Local search did not improve energy to -3265.9999999999995
Results saved to: results/Gset/SpecSignedLap/G1.csv
Alpha1 solver completed. Energy: -3266.000000, Time: 0.3852s
  Seed 10/10 (seed=51)
Initialized SpecSignedLap solver (GPU sparse) with alpha = 1.0. Results will be saved under 'SpecSignedLap'.
Parameters:
  instance_name: G1.txt
  dataset: Gset
  random_seed: 51
  mode: 1
  beta: None
  alpha: 1.0
  use_local_search: True
  max_local_iterations: 1000
  eigsh_tol: 1e-06
  eigsh_maxiter: 1000
  run_name: SpecSignedLap
--------------------------------------------------
Using local search with 1000 iterations
Local search did not improve energy to -3265.9999999999995
Results saved to: results/Gset/SpecSignedLap/G1.csv
Alpha1 solver completed. Energy: -3266.000000, Time: 0.3838s
Processing instance: G10.txt
  Seed 1/10 (seed=42)
Initialized SpecSignedLap solver (GPU sparse) with alpha = 1.0. Results will be saved under 'SpecSignedLap'.
Parameters:
  instance_name: G10.txt
  dataset: Gset
  random_seed: 42
  mode: 1
  beta: None
  alpha: 1.0
  use_local_search: True
  max_local_iterations: 1000
  eigsh_tol: 1e-06
  eigsh_maxiter: 1000
  run_name: SpecSignedLap
--------------------------------------------------
Using local search with 1000 iterations
Local search improved energy to -3963.9999999999986
Results saved to: results/Gset/SpecSignedLap/G10.csv
Alpha1 solver completed. Energy: -3964.000000, Time: 0.0404s
  Seed 2/10 (seed=43)
Initialized SpecSignedLap solver (GPU sparse) with alpha = 1.0. Results will be saved under 'SpecSignedLap'.
Parameters:
  instance_name: G10.txt
  dataset: Gset
  random_seed: 43
  mode: 1
  beta: None
  alpha: 1.0
  use_local_search: True
  max_local_iterations: 1000
  eigsh_tol: 1e-06
  eigsh_maxiter: 1000
  run_name: SpecSignedLap
--------------------------------------------------
Using local search with 1000 iterations
Local search improved energy to -4006.0000000000005
Results saved to: results/Gset/SpecSignedLap/G10.csv
Alpha1 solver completed. Energy: -4006.000000, Time: 0.0386s
  Seed 3/10 (seed=44)
Initialized SpecSignedLap solver (GPU sparse) with alpha = 1.0. Results will be saved under 'SpecSignedLap'.
Parameters:
  instance_name: G10.txt
  dataset: Gset
  random_seed: 44
  mode: 1
  beta: None
  alpha: 1.0
  use_local_search: True
  max_local_iterations: 1000
  eigsh_tol: 1e-06
  eigsh_maxiter: 1000
  run_name: SpecSignedLap
--------------------------------------------------
Using local search with 1000 iterations
Local search improved energy to -3973.9999999999995
Results saved to: results/Gset/SpecSignedLap/G10.csv
Alpha1 solver completed. Energy: -3974.000000, Time: 0.0431s
  Seed 4/10 (seed=45)
Initialized SpecSignedLap solver (GPU sparse) with alpha = 1.0. Results will be saved under 'SpecSignedLap'.
Parameters:
  instance_name: G10.txt
  dataset: Gset
  random_seed: 45
  mode: 1
  beta: None
  alpha: 1.0
  use_local_search: True
  max_local_iterations: 1000
  eigsh_tol: 1e-06
  eigsh_maxiter: 1000
  run_name: SpecSignedLap
--------------------------------------------------
Using local search with 1000 iterations
Local search improved energy to -3956.0000000000005
Results saved to: results/Gset/SpecSignedLap/G10.csv
Alpha1 solver completed. Energy: -3956.000000, Time: 0.0391s
  Seed 5/10 (seed=46)
Initialized SpecSignedLap solver (GPU sparse) with alpha = 1.0. Results will be saved under 'SpecSignedLap'.
Parameters:
  instance_name: G10.txt
  dataset: Gset
  random_seed: 46
  mode: 1
  beta: None
  alpha: 1.0
  use_local_search: True
  max_local_iterations: 1000
  eigsh_tol: 1e-06
  eigsh_maxiter: 1000
  run_name: SpecSignedLap
--------------------------------------------------
Using local search with 1000 iterations
Local search improved energy to -3960.0000000000005
Results saved to: results/Gset/SpecSignedLap/G10.csv
Alpha1 solver completed. Energy: -3960.000000, Time: 0.0415s
  Seed 6/10 (seed=47)
Initialized SpecSignedLap solver (GPU sparse) with alpha = 1.0. Results will be saved under 'SpecSignedLap'.
Parameters:
  instance_name: G10.txt
  dataset: Gset
  random_seed: 47
  mode: 1
  beta: None
  alpha: 1.0
  use_local_search: True
  max_local_iterations: 1000
  eigsh_tol: 1e-06
  eigsh_maxiter: 1000
  run_name: SpecSignedLap
--------------------------------------------------
Using local search with 1000 iterations
Local search improved energy to -3992.0000000000005
Results saved to: results/Gset/SpecSignedLap/G10.csv
Alpha1 solver completed. Energy: -3992.000000, Time: 0.0464s
  Seed 7/10 (seed=48)
Initialized SpecSignedLap solver (GPU sparse) with alpha = 1.0. Results will be saved under 'SpecSignedLap'.
Parameters:
  instance_name: G10.txt
  dataset: Gset
  random_seed: 48
  mode: 1
  beta: None
  alpha: 1.0
  use_local_search: True
  max_local_iterations: 1000
  eigsh_tol: 1e-06
  eigsh_maxiter: 1000
  run_name: SpecSignedLap
--------------------------------------------------
Using local search with 1000 iterations
Local search improved energy to -3969.9999999999995
Results saved to: results/Gset/SpecSignedLap/G10.csv
Alpha1 solver completed. Energy: -3970.000000, Time: 0.0426s
  Seed 8/10 (seed=49)
Initialized SpecSignedLap solver (GPU sparse) with alpha = 1.0. Results will be saved under 'SpecSignedLap'.
Parameters:
  instance_name: G10.txt
  dataset: Gset
  random_seed: 49
  mode: 1
  beta: None
  alpha: 1.0
  use_local_search: True
  max_local_iterations: 1000
  eigsh_tol: 1e-06
  eigsh_maxiter: 1000
  run_name: SpecSignedLap
--------------------------------------------------
Using local search with 1000 iterations
Local search improved energy to -4004.0
Results saved to: results/Gset/SpecSignedLap/G10.csv
Alpha1 solver completed. Energy: -4004.000000, Time: 0.0415s
  Seed 9/10 (seed=50)
Initialized SpecSignedLap solver (GPU sparse) with alpha = 1.0. Results will be saved under 'SpecSignedLap'.
Parameters:
  instance_name: G10.txt
  dataset: Gset
  random_seed: 50
  mode: 1
  beta: None
  alpha: 1.0
  use_local_search: True
  max_local_iterations: 1000
  eigsh_tol: 1e-06
  eigsh_maxiter: 1000
  run_name: SpecSignedLap
--------------------------------------------------
Using local search with 1000 iterations
Local search improved energy to -3929.9999999999995
Results saved to: results/Gset/SpecSignedLap/G10.csv
Alpha1 solver completed. Energy: -3930.000000, Time: 0.0412s
  Seed 10/10 (seed=51)
Initialized SpecSignedLap solver (GPU sparse) with alpha = 1.0. Results will be saved under 'SpecSignedLap'.
Parameters:
  instance_name: G10.txt
  dataset: Gset
  random_seed: 51
  mode: 1
  beta: None
  alpha: 1.0
  use_local_search: True
  max_local_iterations: 1000
  eigsh_tol: 1e-06
  eigsh_maxiter: 1000
  run_name: SpecSignedLap
--------------------------------------------------
Using local search with 1000 iterations
Local search improved energy to -3982.0000000000005
Results saved to: results/Gset/SpecSignedLap/G10.csv
Alpha1 solver completed. Energy: -3982.000000, Time: 0.0353s
Processing instance: G11.txt
  Seed 1/10 (seed=42)
Initialized SpecSignedLap solver (GPU sparse) with alpha = 1.0. Results will be saved under 'SpecSignedLap'.
Parameters:
  instance_name: G11.txt
  dataset: Gset
  random_seed: 42
  mode: 1
  beta: None
  alpha: 1.0
  use_local_search: True
  max_local_iterations: 1000
  eigsh_tol: 1e-06
  eigsh_maxiter: 1000
  run_name: SpecSignedLap
--------------------------------------------------
Using local search with 1000 iterations
Local search improved energy to -1002.0
Results saved to: results/Gset/SpecSignedLap/G11.csv
Alpha1 solver completed. Energy: -1002.000000, Time: 0.0300s
  Seed 2/10 (seed=43)
Initialized SpecSignedLap solver (GPU sparse) with alpha = 1.0. Results will be saved under 'SpecSignedLap'.
Parameters:
  instance_name: G11.txt
  dataset: Gset
  random_seed: 43
  mode: 1
  beta: None
  alpha: 1.0
  use_local_search: True
  max_local_iterations: 1000
  eigsh_tol: 1e-06
  eigsh_maxiter: 1000
  run_name: SpecSignedLap
--------------------------------------------------
Using local search with 1000 iterations
Local search improved energy to -990.0
Results saved to: results/Gset/SpecSignedLap/G11.csv
Alpha1 solver completed. Energy: -990.000000, Time: 0.0298s
  Seed 3/10 (seed=44)
Initialized SpecSignedLap solver (GPU sparse) with alpha = 1.0. Results will be saved under 'SpecSignedLap'.
Parameters:
  instance_name: G11.txt
  dataset: Gset
  random_seed: 44
  mode: 1
  beta: None
  alpha: 1.0
  use_local_search: True
  max_local_iterations: 1000
  eigsh_tol: 1e-06
  eigsh_maxiter: 1000
  run_name: SpecSignedLap
--------------------------------------------------
Using local search with 1000 iterations
Local search improved energy to -1014.0
Results saved to: results/Gset/SpecSignedLap/G11.csv
Alpha1 solver completed. Energy: -1014.000000, Time: 0.0301s
  Seed 4/10 (seed=45)
Initialized SpecSignedLap solver (GPU sparse) with alpha = 1.0. Results will be saved under 'SpecSignedLap'.
Parameters:
  instance_name: G11.txt
  dataset: Gset
  random_seed: 45
  mode: 1
  beta: None
  alpha: 1.0
  use_local_search: True
  max_local_iterations: 1000
  eigsh_tol: 1e-06
  eigsh_maxiter: 1000
  run_name: SpecSignedLap
--------------------------------------------------
Using local search with 1000 iterations
Local search improved energy to -1006.0
Results saved to: results/Gset/SpecSignedLap/G11.csv
Alpha1 solver completed. Energy: -1006.000000, Time: 0.0298s
  Seed 5/10 (seed=46)
Initialized SpecSignedLap solver (GPU sparse) with alpha = 1.0. Results will be saved under 'SpecSignedLap'.
Parameters:
  instance_name: G11.txt
  dataset: Gset
  random_seed: 46
  mode: 1
  beta: None
  alpha: 1.0
  use_local_search: True
  max_local_iterations: 1000
  eigsh_tol: 1e-06
  eigsh_maxiter: 1000
  run_name: SpecSignedLap
--------------------------------------------------
Using local search with 1000 iterations
Local search improved energy to -994.0
Results saved to: results/Gset/SpecSignedLap/G11.csv
Alpha1 solver completed. Energy: -994.000000, Time: 0.0294s
  Seed 6/10 (seed=47)
Initialized SpecSignedLap solver (GPU sparse) with alpha = 1.0. Results will be saved under 'SpecSignedLap'.
Parameters:
  instance_name: G11.txt
  dataset: Gset
  random_seed: 47
  mode: 1
  beta: None
  alpha: 1.0
  use_local_search: True
  max_local_iterations: 1000
  eigsh_tol: 1e-06
  eigsh_maxiter: 1000
  run_name: SpecSignedLap
--------------------------------------------------
Using local search with 1000 iterations
Local search improved energy to -1006.0
Results saved to: results/Gset/SpecSignedLap/G11.csv
Alpha1 solver completed. Energy: -1006.000000, Time: 0.0294s
  Seed 7/10 (seed=48)
Initialized SpecSignedLap solver (GPU sparse) with alpha = 1.0. Results will be saved under 'SpecSignedLap'.
Parameters:
  instance_name: G11.txt
  dataset: Gset
  random_seed: 48
  mode: 1
  beta: None
  alpha: 1.0
  use_local_search: True
  max_local_iterations: 1000
  eigsh_tol: 1e-06
  eigsh_maxiter: 1000
  run_name: SpecSignedLap
--------------------------------------------------
Using local search with 1000 iterations
Local search improved energy to -1006.0
Results saved to: results/Gset/SpecSignedLap/G11.csv
Alpha1 solver completed. Energy: -1006.000000, Time: 0.0296s
  Seed 8/10 (seed=49)
Initialized SpecSignedLap solver (GPU sparse) with alpha = 1.0. Results will be saved under 'SpecSignedLap'.
Parameters:
  instance_name: G11.txt
  dataset: Gset
  random_seed: 49
  mode: 1
  beta: None
  alpha: 1.0
  use_local_search: True
  max_local_iterations: 1000
  eigsh_tol: 1e-06
  eigsh_maxiter: 1000
  run_name: SpecSignedLap
--------------------------------------------------
Using local search with 1000 iterations
Local search improved energy to -1014.0
Results saved to: results/Gset/SpecSignedLap/G11.csv
Alpha1 solver completed. Energy: -1014.000000, Time: 0.0296s
  Seed 9/10 (seed=50)
Initialized SpecSignedLap solver (GPU sparse) with alpha = 1.0. Results will be saved under 'SpecSignedLap'.
Parameters:
  instance_name: G11.txt
  dataset: Gset
  random_seed: 50
  mode: 1
  beta: None
  alpha: 1.0
  use_local_search: True
  max_local_iterations: 1000
  eigsh_tol: 1e-06
  eigsh_maxiter: 1000
  run_name: SpecSignedLap
--------------------------------------------------
Using local search with 1000 iterations
Local search improved energy to -962.0
Results saved to: results/Gset/SpecSignedLap/G11.csv
Alpha1 solver completed. Energy: -962.000000, Time: 0.0297s
  Seed 10/10 (seed=51)
Initialized SpecSignedLap solver (GPU sparse) with alpha = 1.0. Results will be saved under 'SpecSignedLap'.
Parameters:
  instance_name: G11.txt
  dataset: Gset
  random_seed: 51
  mode: 1
  beta: None
  alpha: 1.0
  use_local_search: True
  max_local_iterations: 1000
  eigsh_tol: 1e-06
  eigsh_maxiter: 1000
  run_name: SpecSignedLap
--------------------------------------------------
Using local search with 1000 iterations
Local search improved energy to -994.0
Results saved to: results/Gset/SpecSignedLap/G11.csv
Alpha1 solver completed. Energy: -994.000000, Time: 0.0290s
Processing instance: G12.txt
  Seed 1/10 (seed=42)
Initialized SpecSignedLap solver (GPU sparse) with alpha = 1.0. Results will be saved under 'SpecSignedLap'.
Parameters:
  instance_name: G12.txt
  dataset: Gset
  random_seed: 42
  mode: 1
  beta: None
  alpha: 1.0
  use_local_search: True
  max_local_iterations: 1000
  eigsh_tol: 1e-06
  eigsh_maxiter: 1000
  run_name: SpecSignedLap
--------------------------------------------------
Using local search with 1000 iterations
Local search improved energy to -1040.0
Results saved to: results/Gset/SpecSignedLap/G12.csv
Alpha1 solver completed. Energy: -1040.000000, Time: 0.0293s
  Seed 2/10 (seed=43)
Initialized SpecSignedLap solver (GPU sparse) with alpha = 1.0. Results will be saved under 'SpecSignedLap'.
Parameters:
  instance_name: G12.txt
  dataset: Gset
  random_seed: 43
  mode: 1
  beta: None
  alpha: 1.0
  use_local_search: True
  max_local_iterations: 1000
  eigsh_tol: 1e-06
  eigsh_maxiter: 1000
  run_name: SpecSignedLap
--------------------------------------------------
Using local search with 1000 iterations
Local search improved energy to -1032.0
Results saved to: results/Gset/SpecSignedLap/G12.csv
Alpha1 solver completed. Energy: -1032.000000, Time: 0.0239s
  Seed 3/10 (seed=44)
Initialized SpecSignedLap solver (GPU sparse) with alpha = 1.0. Results will be saved under 'SpecSignedLap'.
Parameters:
  instance_name: G12.txt
  dataset: Gset
  random_seed: 44
  mode: 1
  beta: None
  alpha: 1.0
  use_local_search: True
  max_local_iterations: 1000
  eigsh_tol: 1e-06
  eigsh_maxiter: 1000
  run_name: SpecSignedLap
--------------------------------------------------
Using local search with 1000 iterations
Local search improved energy to -1044.0
Results saved to: results/Gset/SpecSignedLap/G12.csv
Alpha1 solver completed. Energy: -1044.000000, Time: 0.0242s
  Seed 4/10 (seed=45)
Initialized SpecSignedLap solver (GPU sparse) with alpha = 1.0. Results will be saved under 'SpecSignedLap'.
Parameters:
  instance_name: G12.txt
  dataset: Gset
  random_seed: 45
  mode: 1
  beta: None
  alpha: 1.0
  use_local_search: True
  max_local_iterations: 1000
  eigsh_tol: 1e-06
  eigsh_maxiter: 1000
  run_name: SpecSignedLap
--------------------------------------------------
Using local search with 1000 iterations
Local search improved energy to -1040.0
Results saved to: results/Gset/SpecSignedLap/G12.csv
Alpha1 solver completed. Energy: -1040.000000, Time: 0.0294s
  Seed 5/10 (seed=46)
Initialized SpecSignedLap solver (GPU sparse) with alpha = 1.0. Results will be saved under 'SpecSignedLap'.
Parameters:
  instance_name: G12.txt
  dataset: Gset
  random_seed: 46
  mode: 1
  beta: None
  alpha: 1.0
  use_local_search: True
  max_local_iterations: 1000
  eigsh_tol: 1e-06
  eigsh_maxiter: 1000
  run_name: SpecSignedLap
--------------------------------------------------
Using local search with 1000 iterations
Local search improved energy to -1040.0
Results saved to: results/Gset/SpecSignedLap/G12.csv
Alpha1 solver completed. Energy: -1040.000000, Time: 0.0293s
  Seed 6/10 (seed=47)
Initialized SpecSignedLap solver (GPU sparse) with alpha = 1.0. Results will be saved under 'SpecSignedLap'.
Parameters:
  instance_name: G12.txt
  dataset: Gset
  random_seed: 47
  mode: 1
  beta: None
  alpha: 1.0
  use_local_search: True
  max_local_iterations: 1000
  eigsh_tol: 1e-06
  eigsh_maxiter: 1000
  run_name: SpecSignedLap
--------------------------------------------------
Using local search with 1000 iterations
Local search improved energy to -1036.0
Results saved to: results/Gset/SpecSignedLap/G12.csv
Alpha1 solver completed. Energy: -1036.000000, Time: 0.0294s
  Seed 7/10 (seed=48)
Initialized SpecSignedLap solver (GPU sparse) with alpha = 1.0. Results will be saved under 'SpecSignedLap'.
Parameters:
  instance_name: G12.txt
  dataset: Gset
  random_seed: 48
  mode: 1
  beta: None
  alpha: 1.0
  use_local_search: True
  max_local_iterations: 1000
  eigsh_tol: 1e-06
  eigsh_maxiter: 1000
  run_name: SpecSignedLap
--------------------------------------------------
Using local search with 1000 iterations
Local search improved energy to -1040.0
Results saved to: results/Gset/SpecSignedLap/G12.csv
Alpha1 solver completed. Energy: -1040.000000, Time: 0.0293s
  Seed 8/10 (seed=49)
Initialized SpecSignedLap solver (GPU sparse) with alpha = 1.0. Results will be saved under 'SpecSignedLap'.
Parameters:
  instance_name: G12.txt
  dataset: Gset
  random_seed: 49
  mode: 1
  beta: None
  alpha: 1.0
  use_local_search: True
  max_local_iterations: 1000
  eigsh_tol: 1e-06
  eigsh_maxiter: 1000
  run_name: SpecSignedLap
--------------------------------------------------
Using local search with 1000 iterations
Local search improved energy to -1016.0
Results saved to: results/Gset/SpecSignedLap/G12.csv
Alpha1 solver completed. Energy: -1016.000000, Time: 0.0253s
  Seed 9/10 (seed=50)
Initialized SpecSignedLap solver (GPU sparse) with alpha = 1.0. Results will be saved under 'SpecSignedLap'.
Parameters:
  instance_name: G12.txt
  dataset: Gset
  random_seed: 50
  mode: 1
  beta: None
  alpha: 1.0
  use_local_search: True
  max_local_iterations: 1000
  eigsh_tol: 1e-06
  eigsh_maxiter: 1000
  run_name: SpecSignedLap
--------------------------------------------------
Using local search with 1000 iterations
Local search improved energy to -1040.0
Results saved to: results/Gset/SpecSignedLap/G12.csv
Alpha1 solver completed. Energy: -1040.000000, Time: 0.0300s
  Seed 10/10 (seed=51)
Initialized SpecSignedLap solver (GPU sparse) with alpha = 1.0. Results will be saved under 'SpecSignedLap'.
Parameters:
  instance_name: G12.txt
  dataset: Gset
  random_seed: 51
  mode: 1
  beta: None
  alpha: 1.0
  use_local_search: True
  max_local_iterations: 1000
  eigsh_tol: 1e-06
  eigsh_maxiter: 1000
  run_name: SpecSignedLap
--------------------------------------------------
Using local search with 1000 iterations
Local search improved energy to -1044.0
Results saved to: results/Gset/SpecSignedLap/G12.csv
Alpha1 solver completed. Energy: -1044.000000, Time: 0.0239s
Processing instance: G13.txt
  Seed 1/10 (seed=42)
Initialized SpecSignedLap solver (GPU sparse) with alpha = 1.0. Results will be saved under 'SpecSignedLap'.
Parameters:
  instance_name: G13.txt
  dataset: Gset
  random_seed: 42
  mode: 1
  beta: None
  alpha: 1.0
  use_local_search: True
  max_local_iterations: 1000
  eigsh_tol: 1e-06
  eigsh_maxiter: 1000
  run_name: SpecSignedLap
--------------------------------------------------
Using local search with 1000 iterations
Local search improved energy to -1046.0
Results saved to: results/Gset/SpecSignedLap/G13.csv
Alpha1 solver completed. Energy: -1046.000000, Time: 0.0398s
  Seed 2/10 (seed=43)
Initialized SpecSignedLap solver (GPU sparse) with alpha = 1.0. Results will be saved under 'SpecSignedLap'.
Parameters:
  instance_name: G13.txt
  dataset: Gset
  random_seed: 43
  mode: 1
  beta: None
  alpha: 1.0
  use_local_search: True
  max_local_iterations: 1000
  eigsh_tol: 1e-06
  eigsh_maxiter: 1000
  run_name: SpecSignedLap
--------------------------------------------------
Using local search with 1000 iterations
Local search improved energy to -1046.0
Results saved to: results/Gset/SpecSignedLap/G13.csv
Alpha1 solver completed. Energy: -1046.000000, Time: 0.0347s
  Seed 3/10 (seed=44)
Initialized SpecSignedLap solver (GPU sparse) with alpha = 1.0. Results will be saved under 'SpecSignedLap'.
Parameters:
  instance_name: G13.txt
  dataset: Gset
  random_seed: 44
  mode: 1
  beta: None
  alpha: 1.0
  use_local_search: True
  max_local_iterations: 1000
  eigsh_tol: 1e-06
  eigsh_maxiter: 1000
  run_name: SpecSignedLap
--------------------------------------------------
Using local search with 1000 iterations
Local search improved energy to -1046.0
Results saved to: results/Gset/SpecSignedLap/G13.csv
Alpha1 solver completed. Energy: -1046.000000, Time: 0.0348s
  Seed 4/10 (seed=45)
Initialized SpecSignedLap solver (GPU sparse) with alpha = 1.0. Results will be saved under 'SpecSignedLap'.
Parameters:
  instance_name: G13.txt
  dataset: Gset
  random_seed: 45
  mode: 1
  beta: None
  alpha: 1.0
  use_local_search: True
  max_local_iterations: 1000
  eigsh_tol: 1e-06
  eigsh_maxiter: 1000
  run_name: SpecSignedLap
--------------------------------------------------
Using local search with 1000 iterations
Local search improved energy to -1046.0
Results saved to: results/Gset/SpecSignedLap/G13.csv
Alpha1 solver completed. Energy: -1046.000000, Time: 0.0351s
  Seed 5/10 (seed=46)
Initialized SpecSignedLap solver (GPU sparse) with alpha = 1.0. Results will be saved under 'SpecSignedLap'.
Parameters:
  instance_name: G13.txt
  dataset: Gset
  random_seed: 46
  mode: 1
  beta: None
  alpha: 1.0
  use_local_search: True
  max_local_iterations: 1000
  eigsh_tol: 1e-06
  eigsh_maxiter: 1000
  run_name: SpecSignedLap
--------------------------------------------------
Using local search with 1000 iterations
Local search improved energy to -1046.0
Results saved to: results/Gset/SpecSignedLap/G13.csv
Alpha1 solver completed. Energy: -1046.000000, Time: 0.0293s
  Seed 6/10 (seed=47)
Initialized SpecSignedLap solver (GPU sparse) with alpha = 1.0. Results will be saved under 'SpecSignedLap'.
Parameters:
  instance_name: G13.txt
  dataset: Gset
  random_seed: 47
  mode: 1
  beta: None
  alpha: 1.0
  use_local_search: True
  max_local_iterations: 1000
  eigsh_tol: 1e-06
  eigsh_maxiter: 1000
  run_name: SpecSignedLap
--------------------------------------------------
Using local search with 1000 iterations
Local search improved energy to -1046.0
Results saved to: results/Gset/SpecSignedLap/G13.csv
Alpha1 solver completed. Energy: -1046.000000, Time: 0.0291s
  Seed 7/10 (seed=48)
Initialized SpecSignedLap solver (GPU sparse) with alpha = 1.0. Results will be saved under 'SpecSignedLap'.
Parameters:
  instance_name: G13.txt
  dataset: Gset
  random_seed: 48
  mode: 1
  beta: None
  alpha: 1.0
  use_local_search: True
  max_local_iterations: 1000
  eigsh_tol: 1e-06
  eigsh_maxiter: 1000
  run_name: SpecSignedLap
--------------------------------------------------
Using local search with 1000 iterations
Local search improved energy to -1046.0
Results saved to: results/Gset/SpecSignedLap/G13.csv
Alpha1 solver completed. Energy: -1046.000000, Time: 0.0294s
  Seed 8/10 (seed=49)
Initialized SpecSignedLap solver (GPU sparse) with alpha = 1.0. Results will be saved under 'SpecSignedLap'.
Parameters:
  instance_name: G13.txt
  dataset: Gset
  random_seed: 49
  mode: 1
  beta: None
  alpha: 1.0
  use_local_search: True
  max_local_iterations: 1000
  eigsh_tol: 1e-06
  eigsh_maxiter: 1000
  run_name: SpecSignedLap
--------------------------------------------------
Using local search with 1000 iterations
Local search improved energy to -1046.0
Results saved to: results/Gset/SpecSignedLap/G13.csv
Alpha1 solver completed. Energy: -1046.000000, Time: 0.0341s
  Seed 9/10 (seed=50)
Initialized SpecSignedLap solver (GPU sparse) with alpha = 1.0. Results will be saved under 'SpecSignedLap'.
Parameters:
  instance_name: G13.txt
  dataset: Gset
  random_seed: 50
  mode: 1
  beta: None
  alpha: 1.0
  use_local_search: True
  max_local_iterations: 1000
  eigsh_tol: 1e-06
  eigsh_maxiter: 1000
  run_name: SpecSignedLap
--------------------------------------------------
Using local search with 1000 iterations
Local search improved energy to -1046.0
Results saved to: results/Gset/SpecSignedLap/G13.csv
Alpha1 solver completed. Energy: -1046.000000, Time: 0.0342s
  Seed 10/10 (seed=51)
Initialized SpecSignedLap solver (GPU sparse) with alpha = 1.0. Results will be saved under 'SpecSignedLap'.
Parameters:
  instance_name: G13.txt
  dataset: Gset
  random_seed: 51
  mode: 1
  beta: None
  alpha: 1.0
  use_local_search: True
  max_local_iterations: 1000
  eigsh_tol: 1e-06
  eigsh_maxiter: 1000
  run_name: SpecSignedLap
--------------------------------------------------
Using local search with 1000 iterations
Local search improved energy to -1046.0
Results saved to: results/Gset/SpecSignedLap/G13.csv
Alpha1 solver completed. Energy: -1046.000000, Time: 0.0342s
Processing instance: G14.txt
  Seed 1/10 (seed=42)
Initialized SpecSignedLap solver (GPU sparse) with alpha = 1.0. Results will be saved under 'SpecSignedLap'.
Parameters:
  instance_name: G14.txt
  dataset: Gset
  random_seed: 42
  mode: 1
  beta: None
  alpha: 1.0
  use_local_search: True
  max_local_iterations: 1000
  eigsh_tol: 1e-06
  eigsh_maxiter: 1000
  run_name: SpecSignedLap
--------------------------------------------------
Using local search with 1000 iterations
Local search did not improve energy to -1083.9999999999998
Results saved to: results/Gset/SpecSignedLap/G14.csv
Alpha1 solver completed. Energy: -1084.000000, Time: 0.3680s
  Seed 2/10 (seed=43)
Initialized SpecSignedLap solver (GPU sparse) with alpha = 1.0. Results will be saved under 'SpecSignedLap'.
Parameters:
  instance_name: G14.txt
  dataset: Gset
  random_seed: 43
  mode: 1
  beta: None
  alpha: 1.0
  use_local_search: True
  max_local_iterations: 1000
  eigsh_tol: 1e-06
  eigsh_maxiter: 1000
  run_name: SpecSignedLap
--------------------------------------------------
Using local search with 1000 iterations
Local search did not improve energy to -1083.9999999999998
Results saved to: results/Gset/SpecSignedLap/G14.csv
Alpha1 solver completed. Energy: -1084.000000, Time: 0.3611s
  Seed 3/10 (seed=44)
Initialized SpecSignedLap solver (GPU sparse) with alpha = 1.0. Results will be saved under 'SpecSignedLap'.
Parameters:
  instance_name: G14.txt
  dataset: Gset
  random_seed: 44
  mode: 1
  beta: None
  alpha: 1.0
  use_local_search: True
  max_local_iterations: 1000
  eigsh_tol: 1e-06
  eigsh_maxiter: 1000
  run_name: SpecSignedLap
--------------------------------------------------
Using local search with 1000 iterations
Local search improved energy to -1276.0
Results saved to: results/Gset/SpecSignedLap/G14.csv
Alpha1 solver completed. Energy: -1276.000000, Time: 0.0398s
  Seed 4/10 (seed=45)
Initialized SpecSignedLap solver (GPU sparse) with alpha = 1.0. Results will be saved under 'SpecSignedLap'.
Parameters:
  instance_name: G14.txt
  dataset: Gset
  random_seed: 45
  mode: 1
  beta: None
  alpha: 1.0
  use_local_search: True
  max_local_iterations: 1000
  eigsh_tol: 1e-06
  eigsh_maxiter: 1000
  run_name: SpecSignedLap
--------------------------------------------------
Using local search with 1000 iterations
Local search improved energy to -1266.0
Results saved to: results/Gset/SpecSignedLap/G14.csv
Alpha1 solver completed. Energy: -1266.000000, Time: 0.0513s
  Seed 5/10 (seed=46)
Initialized SpecSignedLap solver (GPU sparse) with alpha = 1.0. Results will be saved under 'SpecSignedLap'.
Parameters:
  instance_name: G14.txt
  dataset: Gset
  random_seed: 46
  mode: 1
  beta: None
  alpha: 1.0
  use_local_search: True
  max_local_iterations: 1000
  eigsh_tol: 1e-06
  eigsh_maxiter: 1000
  run_name: SpecSignedLap
--------------------------------------------------
Using local search with 1000 iterations
Local search improved energy to -1264.0
Results saved to: results/Gset/SpecSignedLap/G14.csv
Alpha1 solver completed. Energy: -1264.000000, Time: 0.1034s
  Seed 6/10 (seed=47)
Initialized SpecSignedLap solver (GPU sparse) with alpha = 1.0. Results will be saved under 'SpecSignedLap'.
Parameters:
  instance_name: G14.txt
  dataset: Gset
  random_seed: 47
  mode: 1
  beta: None
  alpha: 1.0
  use_local_search: True
  max_local_iterations: 1000
  eigsh_tol: 1e-06
  eigsh_maxiter: 1000
  run_name: SpecSignedLap
--------------------------------------------------
Using local search with 1000 iterations
Local search improved energy to -1265.9999999999998
Results saved to: results/Gset/SpecSignedLap/G14.csv
Alpha1 solver completed. Energy: -1266.000000, Time: 0.0433s
  Seed 7/10 (seed=48)
Initialized SpecSignedLap solver (GPU sparse) with alpha = 1.0. Results will be saved under 'SpecSignedLap'.
Parameters:
  instance_name: G14.txt
  dataset: Gset
  random_seed: 48
  mode: 1
  beta: None
  alpha: 1.0
  use_local_search: True
  max_local_iterations: 1000
  eigsh_tol: 1e-06
  eigsh_maxiter: 1000
  run_name: SpecSignedLap
--------------------------------------------------
Using local search with 1000 iterations
Local search improved energy to -1290.0
Results saved to: results/Gset/SpecSignedLap/G14.csv
Alpha1 solver completed. Energy: -1290.000000, Time: 0.0582s
  Seed 8/10 (seed=49)
Initialized SpecSignedLap solver (GPU sparse) with alpha = 1.0. Results will be saved under 'SpecSignedLap'.
Parameters:
  instance_name: G14.txt
  dataset: Gset
  random_seed: 49
  mode: 1
  beta: None
  alpha: 1.0
  use_local_search: True
  max_local_iterations: 1000
  eigsh_tol: 1e-06
  eigsh_maxiter: 1000
  run_name: SpecSignedLap
--------------------------------------------------
Using local search with 1000 iterations
Local search improved energy to -1284.0
Results saved to: results/Gset/SpecSignedLap/G14.csv
Alpha1 solver completed. Energy: -1284.000000, Time: 0.0470s
  Seed 9/10 (seed=50)
Initialized SpecSignedLap solver (GPU sparse) with alpha = 1.0. Results will be saved under 'SpecSignedLap'.
Parameters:
  instance_name: G14.txt
  dataset: Gset
  random_seed: 50
  mode: 1
  beta: None
  alpha: 1.0
  use_local_search: True
  max_local_iterations: 1000
  eigsh_tol: 1e-06
  eigsh_maxiter: 1000
  run_name: SpecSignedLap
--------------------------------------------------
Using local search with 1000 iterations
Local search did not improve energy to -1083.9999999999998
Results saved to: results/Gset/SpecSignedLap/G14.csv
Alpha1 solver completed. Energy: -1084.000000, Time: 0.3664s
  Seed 10/10 (seed=51)
Initialized SpecSignedLap solver (GPU sparse) with alpha = 1.0. Results will be saved under 'SpecSignedLap'.
Parameters:
  instance_name: G14.txt
  dataset: Gset
  random_seed: 51
  mode: 1
  beta: None
  alpha: 1.0
  use_local_search: True
  max_local_iterations: 1000
  eigsh_tol: 1e-06
  eigsh_maxiter: 1000
  run_name: SpecSignedLap
--------------------------------------------------
Using local search with 1000 iterations
Local search improved energy to -1276.0
Results saved to: results/Gset/SpecSignedLap/G14.csv
Alpha1 solver completed. Energy: -1276.000000, Time: 0.0387s
Processing instance: G15.txt
  Seed 1/10 (seed=42)
Initialized SpecSignedLap solver (GPU sparse) with alpha = 1.0. Results will be saved under 'SpecSignedLap'.
Parameters:
  instance_name: G15.txt
  dataset: Gset
  random_seed: 42
  mode: 1
  beta: None
  alpha: 1.0
  use_local_search: True
  max_local_iterations: 1000
  eigsh_tol: 1e-06
  eigsh_maxiter: 1000
  run_name: SpecSignedLap
--------------------------------------------------
Using local search with 1000 iterations
Local search did not improve energy to -881.0
Results saved to: results/Gset/SpecSignedLap/G15.csv
Alpha1 solver completed. Energy: -881.000000, Time: 0.3553s
  Seed 2/10 (seed=43)
Initialized SpecSignedLap solver (GPU sparse) with alpha = 1.0. Results will be saved under 'SpecSignedLap'.
Parameters:
  instance_name: G15.txt
  dataset: Gset
  random_seed: 43
  mode: 1
  beta: None
  alpha: 1.0
  use_local_search: True
  max_local_iterations: 1000
  eigsh_tol: 1e-06
  eigsh_maxiter: 1000
  run_name: SpecSignedLap
--------------------------------------------------
Using local search with 1000 iterations
Local search did not improve energy to -881.0
Results saved to: results/Gset/SpecSignedLap/G15.csv
Alpha1 solver completed. Energy: -881.000000, Time: 0.3600s
  Seed 3/10 (seed=44)
Initialized SpecSignedLap solver (GPU sparse) with alpha = 1.0. Results will be saved under 'SpecSignedLap'.
Parameters:
  instance_name: G15.txt
  dataset: Gset
  random_seed: 44
  mode: 1
  beta: None
  alpha: 1.0
  use_local_search: True
  max_local_iterations: 1000
  eigsh_tol: 1e-06
  eigsh_maxiter: 1000
  run_name: SpecSignedLap
--------------------------------------------------
Using local search with 1000 iterations
Local search did not improve energy to -881.0
Results saved to: results/Gset/SpecSignedLap/G15.csv
Alpha1 solver completed. Energy: -881.000000, Time: 0.3608s
  Seed 4/10 (seed=45)
Initialized SpecSignedLap solver (GPU sparse) with alpha = 1.0. Results will be saved under 'SpecSignedLap'.
Parameters:
  instance_name: G15.txt
  dataset: Gset
  random_seed: 45
  mode: 1
  beta: None
  alpha: 1.0
  use_local_search: True
  max_local_iterations: 1000
  eigsh_tol: 1e-06
  eigsh_maxiter: 1000
  run_name: SpecSignedLap
--------------------------------------------------
Using local search with 1000 iterations
Local search did not improve energy to -881.0
Results saved to: results/Gset/SpecSignedLap/G15.csv
Alpha1 solver completed. Energy: -881.000000, Time: 0.3674s
  Seed 5/10 (seed=46)
Initialized SpecSignedLap solver (GPU sparse) with alpha = 1.0. Results will be saved under 'SpecSignedLap'.
Parameters:
  instance_name: G15.txt
  dataset: Gset
  random_seed: 46
  mode: 1
  beta: None
  alpha: 1.0
  use_local_search: True
  max_local_iterations: 1000
  eigsh_tol: 1e-06
  eigsh_maxiter: 1000
  run_name: SpecSignedLap
--------------------------------------------------
Using local search with 1000 iterations
Local search did not improve energy to -881.0
Results saved to: results/Gset/SpecSignedLap/G15.csv
Alpha1 solver completed. Energy: -881.000000, Time: 0.3692s
  Seed 6/10 (seed=47)
Initialized SpecSignedLap solver (GPU sparse) with alpha = 1.0. Results will be saved under 'SpecSignedLap'.
Parameters:
  instance_name: G15.txt
  dataset: Gset
  random_seed: 47
  mode: 1
  beta: None
  alpha: 1.0
  use_local_search: True
  max_local_iterations: 1000
  eigsh_tol: 1e-06
  eigsh_maxiter: 1000
  run_name: SpecSignedLap
--------------------------------------------------
Using local search with 1000 iterations
Local search did not improve energy to -881.0
Results saved to: results/Gset/SpecSignedLap/G15.csv
Alpha1 solver completed. Energy: -881.000000, Time: 0.3704s
  Seed 7/10 (seed=48)
Initialized SpecSignedLap solver (GPU sparse) with alpha = 1.0. Results will be saved under 'SpecSignedLap'.
Parameters:
  instance_name: G15.txt
  dataset: Gset
  random_seed: 48
  mode: 1
  beta: None
  alpha: 1.0
  use_local_search: True
  max_local_iterations: 1000
  eigsh_tol: 1e-06
  eigsh_maxiter: 1000
  run_name: SpecSignedLap
--------------------------------------------------
Using local search with 1000 iterations
Local search did not improve energy to -881.0
Results saved to: results/Gset/SpecSignedLap/G15.csv
Alpha1 solver completed. Energy: -881.000000, Time: 0.3695s
  Seed 8/10 (seed=49)
Initialized SpecSignedLap solver (GPU sparse) with alpha = 1.0. Results will be saved under 'SpecSignedLap'.
Parameters:
  instance_name: G15.txt
  dataset: Gset
  random_seed: 49
  mode: 1
  beta: None
  alpha: 1.0
  use_local_search: True
  max_local_iterations: 1000
  eigsh_tol: 1e-06
  eigsh_maxiter: 1000
  run_name: SpecSignedLap
--------------------------------------------------
Using local search with 1000 iterations
Local search did not improve energy to -881.0
Results saved to: results/Gset/SpecSignedLap/G15.csv
Alpha1 solver completed. Energy: -881.000000, Time: 0.3818s
  Seed 9/10 (seed=50)
Initialized SpecSignedLap solver (GPU sparse) with alpha = 1.0. Results will be saved under 'SpecSignedLap'.
Parameters:
  instance_name: G15.txt
  dataset: Gset
  random_seed: 50
  mode: 1
  beta: None
  alpha: 1.0
  use_local_search: True
  max_local_iterations: 1000
  eigsh_tol: 1e-06
  eigsh_maxiter: 1000
  run_name: SpecSignedLap
--------------------------------------------------
Using local search with 1000 iterations
Local search did not improve energy to -881.0
Results saved to: results/Gset/SpecSignedLap/G15.csv
Alpha1 solver completed. Energy: -881.000000, Time: 0.3763s
  Seed 10/10 (seed=51)
Initialized SpecSignedLap solver (GPU sparse) with alpha = 1.0. Results will be saved under 'SpecSignedLap'.
Parameters:
  instance_name: G15.txt
  dataset: Gset
  random_seed: 51
  mode: 1
  beta: None
  alpha: 1.0
  use_local_search: True
  max_local_iterations: 1000
  eigsh_tol: 1e-06
  eigsh_maxiter: 1000
  run_name: SpecSignedLap
--------------------------------------------------
Using local search with 1000 iterations
Local search did not improve energy to -881.0
Results saved to: results/Gset/SpecSignedLap/G15.csv
Alpha1 solver completed. Energy: -881.000000, Time: 0.3769s
Processing instance: G16.txt
  Seed 1/10 (seed=42)
Initialized SpecSignedLap solver (GPU sparse) with alpha = 1.0. Results will be saved under 'SpecSignedLap'.
Parameters:
  instance_name: G16.txt
  dataset: Gset
  random_seed: 42
  mode: 1
  beta: None
  alpha: 1.0
  use_local_search: True
  max_local_iterations: 1000
  eigsh_tol: 1e-06
  eigsh_maxiter: 1000
  run_name: SpecSignedLap
--------------------------------------------------
Using local search with 1000 iterations
Local search improved energy to -1296.0
Results saved to: results/Gset/SpecSignedLap/G16.csv
Alpha1 solver completed. Energy: -1296.000000, Time: 0.0387s
  Seed 2/10 (seed=43)
Initialized SpecSignedLap solver (GPU sparse) with alpha = 1.0. Results will be saved under 'SpecSignedLap'.
Parameters:
  instance_name: G16.txt
  dataset: Gset
  random_seed: 43
  mode: 1
  beta: None
  alpha: 1.0
  use_local_search: True
  max_local_iterations: 1000
  eigsh_tol: 1e-06
  eigsh_maxiter: 1000
  run_name: SpecSignedLap
--------------------------------------------------
Using local search with 1000 iterations
Local search did not improve energy to -1010.0
Results saved to: results/Gset/SpecSignedLap/G16.csv
Alpha1 solver completed. Energy: -1010.000000, Time: 0.3787s
  Seed 3/10 (seed=44)
Initialized SpecSignedLap solver (GPU sparse) with alpha = 1.0. Results will be saved under 'SpecSignedLap'.
Parameters:
  instance_name: G16.txt
  dataset: Gset
  random_seed: 44
  mode: 1
  beta: None
  alpha: 1.0
  use_local_search: True
  max_local_iterations: 1000
  eigsh_tol: 1e-06
  eigsh_maxiter: 1000
  run_name: SpecSignedLap
--------------------------------------------------
Using local search with 1000 iterations
Local search did not improve energy to -1010.0
Results saved to: results/Gset/SpecSignedLap/G16.csv
Alpha1 solver completed. Energy: -1010.000000, Time: 0.3777s
  Seed 4/10 (seed=45)
Initialized SpecSignedLap solver (GPU sparse) with alpha = 1.0. Results will be saved under 'SpecSignedLap'.
Parameters:
  instance_name: G16.txt
  dataset: Gset
  random_seed: 45
  mode: 1
  beta: None
  alpha: 1.0
  use_local_search: True
  max_local_iterations: 1000
  eigsh_tol: 1e-06
  eigsh_maxiter: 1000
  run_name: SpecSignedLap
--------------------------------------------------
Using local search with 1000 iterations
Local search did not improve energy to -1010.0
Results saved to: results/Gset/SpecSignedLap/G16.csv
Alpha1 solver completed. Energy: -1010.000000, Time: 0.3778s
  Seed 5/10 (seed=46)
Initialized SpecSignedLap solver (GPU sparse) with alpha = 1.0. Results will be saved under 'SpecSignedLap'.
Parameters:
  instance_name: G16.txt
  dataset: Gset
  random_seed: 46
  mode: 1
  beta: None
  alpha: 1.0
  use_local_search: True
  max_local_iterations: 1000
  eigsh_tol: 1e-06
  eigsh_maxiter: 1000
  run_name: SpecSignedLap
--------------------------------------------------
Using local search with 1000 iterations
Local search did not improve energy to -1010.0
Results saved to: results/Gset/SpecSignedLap/G16.csv
Alpha1 solver completed. Energy: -1010.000000, Time: 0.3777s
  Seed 6/10 (seed=47)
Initialized SpecSignedLap solver (GPU sparse) with alpha = 1.0. Results will be saved under 'SpecSignedLap'.
Parameters:
  instance_name: G16.txt
  dataset: Gset
  random_seed: 47
  mode: 1
  beta: None
  alpha: 1.0
  use_local_search: True
  max_local_iterations: 1000
  eigsh_tol: 1e-06
  eigsh_maxiter: 1000
  run_name: SpecSignedLap
--------------------------------------------------
Using local search with 1000 iterations
Local search did not improve energy to -1010.0
Results saved to: results/Gset/SpecSignedLap/G16.csv
Alpha1 solver completed. Energy: -1010.000000, Time: 0.3782s
  Seed 7/10 (seed=48)
Initialized SpecSignedLap solver (GPU sparse) with alpha = 1.0. Results will be saved under 'SpecSignedLap'.
Parameters:
  instance_name: G16.txt
  dataset: Gset
  random_seed: 48
  mode: 1
  beta: None
  alpha: 1.0
  use_local_search: True
  max_local_iterations: 1000
  eigsh_tol: 1e-06
  eigsh_maxiter: 1000
  run_name: SpecSignedLap
--------------------------------------------------
Using local search with 1000 iterations
Local search improved energy to -1276.0
Results saved to: results/Gset/SpecSignedLap/G16.csv
Alpha1 solver completed. Energy: -1276.000000, Time: 0.0441s
  Seed 8/10 (seed=49)
Initialized SpecSignedLap solver (GPU sparse) with alpha = 1.0. Results will be saved under 'SpecSignedLap'.
Parameters:
  instance_name: G16.txt
  dataset: Gset
  random_seed: 49
  mode: 1
  beta: None
  alpha: 1.0
  use_local_search: True
  max_local_iterations: 1000
  eigsh_tol: 1e-06
  eigsh_maxiter: 1000
  run_name: SpecSignedLap
--------------------------------------------------
Using local search with 1000 iterations
Local search did not improve energy to -1010.0
Results saved to: results/Gset/SpecSignedLap/G16.csv
Alpha1 solver completed. Energy: -1010.000000, Time: 0.3768s
  Seed 9/10 (seed=50)
Initialized SpecSignedLap solver (GPU sparse) with alpha = 1.0. Results will be saved under 'SpecSignedLap'.
Parameters:
  instance_name: G16.txt
  dataset: Gset
  random_seed: 50
  mode: 1
  beta: None
  alpha: 1.0
  use_local_search: True
  max_local_iterations: 1000
  eigsh_tol: 1e-06
  eigsh_maxiter: 1000
  run_name: SpecSignedLap
--------------------------------------------------
Using local search with 1000 iterations
Local search did not improve energy to -1010.0
Results saved to: results/Gset/SpecSignedLap/G16.csv
Alpha1 solver completed. Energy: -1010.000000, Time: 0.3771s
  Seed 10/10 (seed=51)
Initialized SpecSignedLap solver (GPU sparse) with alpha = 1.0. Results will be saved under 'SpecSignedLap'.
Parameters:
  instance_name: G16.txt
  dataset: Gset
  random_seed: 51
  mode: 1
  beta: None
  alpha: 1.0
  use_local_search: True
  max_local_iterations: 1000
  eigsh_tol: 1e-06
  eigsh_maxiter: 1000
  run_name: SpecSignedLap
--------------------------------------------------
Using local search with 1000 iterations
Local search improved energy to -1272.0000000000002
Results saved to: results/Gset/SpecSignedLap/G16.csv
Alpha1 solver completed. Energy: -1272.000000, Time: 0.0319s
Processing instance: G17.txt
  Seed 1/10 (seed=42)
Initialized SpecSignedLap solver (GPU sparse) with alpha = 1.0. Results will be saved under 'SpecSignedLap'.
Parameters:
  instance_name: G17.txt
  dataset: Gset
  random_seed: 42
  mode: 1
  beta: None
  alpha: 1.0
  use_local_search: True
  max_local_iterations: 1000
  eigsh_tol: 1e-06
  eigsh_maxiter: 1000
  run_name: SpecSignedLap
--------------------------------------------------
Using local search with 1000 iterations
Local search did not improve energy to -1065.0
Results saved to: results/Gset/SpecSignedLap/G17.csv
Alpha1 solver completed. Energy: -1065.000000, Time: 0.3967s
  Seed 2/10 (seed=43)
Initialized SpecSignedLap solver (GPU sparse) with alpha = 1.0. Results will be saved under 'SpecSignedLap'.
Parameters:
  instance_name: G17.txt
  dataset: Gset
  random_seed: 43
  mode: 1
  beta: None
  alpha: 1.0
  use_local_search: True
  max_local_iterations: 1000
  eigsh_tol: 1e-06
  eigsh_maxiter: 1000
  run_name: SpecSignedLap
--------------------------------------------------
Using local search with 1000 iterations
Local search did not improve energy to -1065.0
Results saved to: results/Gset/SpecSignedLap/G17.csv
Alpha1 solver completed. Energy: -1065.000000, Time: 0.4007s
  Seed 3/10 (seed=44)
Initialized SpecSignedLap solver (GPU sparse) with alpha = 1.0. Results will be saved under 'SpecSignedLap'.
Parameters:
  instance_name: G17.txt
  dataset: Gset
  random_seed: 44
  mode: 1
  beta: None
  alpha: 1.0
  use_local_search: True
  max_local_iterations: 1000
  eigsh_tol: 1e-06
  eigsh_maxiter: 1000
  run_name: SpecSignedLap
--------------------------------------------------
Using local search with 1000 iterations
Local search did not improve energy to -1065.0
Results saved to: results/Gset/SpecSignedLap/G17.csv
Alpha1 solver completed. Energy: -1065.000000, Time: 0.3810s
  Seed 4/10 (seed=45)
Initialized SpecSignedLap solver (GPU sparse) with alpha = 1.0. Results will be saved under 'SpecSignedLap'.
Parameters:
  instance_name: G17.txt
  dataset: Gset
  random_seed: 45
  mode: 1
  beta: None
  alpha: 1.0
  use_local_search: True
  max_local_iterations: 1000
  eigsh_tol: 1e-06
  eigsh_maxiter: 1000
  run_name: SpecSignedLap
--------------------------------------------------
Using local search with 1000 iterations
Local search did not improve energy to -1065.0
Results saved to: results/Gset/SpecSignedLap/G17.csv
Alpha1 solver completed. Energy: -1065.000000, Time: 0.3949s
  Seed 5/10 (seed=46)
Initialized SpecSignedLap solver (GPU sparse) with alpha = 1.0. Results will be saved under 'SpecSignedLap'.
Parameters:
  instance_name: G17.txt
  dataset: Gset
  random_seed: 46
  mode: 1
  beta: None
  alpha: 1.0
  use_local_search: True
  max_local_iterations: 1000
  eigsh_tol: 1e-06
  eigsh_maxiter: 1000
  run_name: SpecSignedLap
--------------------------------------------------
Using local search with 1000 iterations
Local search did not improve energy to -1065.0
Results saved to: results/Gset/SpecSignedLap/G17.csv
Alpha1 solver completed. Energy: -1065.000000, Time: 0.3826s
  Seed 6/10 (seed=47)
Initialized SpecSignedLap solver (GPU sparse) with alpha = 1.0. Results will be saved under 'SpecSignedLap'.
Parameters:
  instance_name: G17.txt
  dataset: Gset
  random_seed: 47
  mode: 1
  beta: None
  alpha: 1.0
  use_local_search: True
  max_local_iterations: 1000
  eigsh_tol: 1e-06
  eigsh_maxiter: 1000
  run_name: SpecSignedLap
--------------------------------------------------
Using local search with 1000 iterations
Local search did not improve energy to -1065.0
Results saved to: results/Gset/SpecSignedLap/G17.csv
Alpha1 solver completed. Energy: -1065.000000, Time: 0.3924s
  Seed 7/10 (seed=48)
Initialized SpecSignedLap solver (GPU sparse) with alpha = 1.0. Results will be saved under 'SpecSignedLap'.
Parameters:
  instance_name: G17.txt
  dataset: Gset
  random_seed: 48
  mode: 1
  beta: None
  alpha: 1.0
  use_local_search: True
  max_local_iterations: 1000
  eigsh_tol: 1e-06
  eigsh_maxiter: 1000
  run_name: SpecSignedLap
--------------------------------------------------
Using local search with 1000 iterations
Local search did not improve energy to -1065.0
Results saved to: results/Gset/SpecSignedLap/G17.csv
Alpha1 solver completed. Energy: -1065.000000, Time: 0.3938s
  Seed 8/10 (seed=49)
Initialized SpecSignedLap solver (GPU sparse) with alpha = 1.0. Results will be saved under 'SpecSignedLap'.
Parameters:
  instance_name: G17.txt
  dataset: Gset
  random_seed: 49
  mode: 1
  beta: None
  alpha: 1.0
  use_local_search: True
  max_local_iterations: 1000
  eigsh_tol: 1e-06
  eigsh_maxiter: 1000
  run_name: SpecSignedLap
--------------------------------------------------
Using local search with 1000 iterations
Local search did not improve energy to -1065.0
Results saved to: results/Gset/SpecSignedLap/G17.csv
Alpha1 solver completed. Energy: -1065.000000, Time: 0.3999s
  Seed 9/10 (seed=50)
Initialized SpecSignedLap solver (GPU sparse) with alpha = 1.0. Results will be saved under 'SpecSignedLap'.
Parameters:
  instance_name: G17.txt
  dataset: Gset
  random_seed: 50
  mode: 1
  beta: None
  alpha: 1.0
  use_local_search: True
  max_local_iterations: 1000
  eigsh_tol: 1e-06
  eigsh_maxiter: 1000
  run_name: SpecSignedLap
--------------------------------------------------
Using local search with 1000 iterations
Local search did not improve energy to -1065.0
Results saved to: results/Gset/SpecSignedLap/G17.csv
Alpha1 solver completed. Energy: -1065.000000, Time: 0.3985s
  Seed 10/10 (seed=51)
Initialized SpecSignedLap solver (GPU sparse) with alpha = 1.0. Results will be saved under 'SpecSignedLap'.
Parameters:
  instance_name: G17.txt
  dataset: Gset
  random_seed: 51
  mode: 1
  beta: None
  alpha: 1.0
  use_local_search: True
  max_local_iterations: 1000
  eigsh_tol: 1e-06
  eigsh_maxiter: 1000
  run_name: SpecSignedLap
--------------------------------------------------
Using local search with 1000 iterations
Local search did not improve energy to -1065.0
Results saved to: results/Gset/SpecSignedLap/G17.csv
Alpha1 solver completed. Energy: -1065.000000, Time: 0.3820s
Processing instance: G18.txt
  Seed 1/10 (seed=42)
Initialized SpecSignedLap solver (GPU sparse) with alpha = 1.0. Results will be saved under 'SpecSignedLap'.
Parameters:
  instance_name: G18.txt
  dataset: Gset
  random_seed: 42
  mode: 1
  beta: None
  alpha: 1.0
  use_local_search: True
  max_local_iterations: 1000
  eigsh_tol: 1e-06
  eigsh_maxiter: 1000
  run_name: SpecSignedLap
--------------------------------------------------
Using local search with 1000 iterations
Local search improved energy to -1796.0
Results saved to: results/Gset/SpecSignedLap/G18.csv
Alpha1 solver completed. Energy: -1796.000000, Time: 0.0378s
  Seed 2/10 (seed=43)
Initialized SpecSignedLap solver (GPU sparse) with alpha = 1.0. Results will be saved under 'SpecSignedLap'.
Parameters:
  instance_name: G18.txt
  dataset: Gset
  random_seed: 43
  mode: 1
  beta: None
  alpha: 1.0
  use_local_search: True
  max_local_iterations: 1000
  eigsh_tol: 1e-06
  eigsh_maxiter: 1000
  run_name: SpecSignedLap
--------------------------------------------------
Using local search with 1000 iterations
Local search improved energy to -1807.9999999999998
Results saved to: results/Gset/SpecSignedLap/G18.csv
Alpha1 solver completed. Energy: -1808.000000, Time: 0.0358s
  Seed 3/10 (seed=44)
Initialized SpecSignedLap solver (GPU sparse) with alpha = 1.0. Results will be saved under 'SpecSignedLap'.
Parameters:
  instance_name: G18.txt
  dataset: Gset
  random_seed: 44
  mode: 1
  beta: None
  alpha: 1.0
  use_local_search: True
  max_local_iterations: 1000
  eigsh_tol: 1e-06
  eigsh_maxiter: 1000
  run_name: SpecSignedLap
--------------------------------------------------
Using local search with 1000 iterations
Local search improved energy to -1794.0
Results saved to: results/Gset/SpecSignedLap/G18.csv
Alpha1 solver completed. Energy: -1794.000000, Time: 0.0396s
  Seed 4/10 (seed=45)
Initialized SpecSignedLap solver (GPU sparse) with alpha = 1.0. Results will be saved under 'SpecSignedLap'.
Parameters:
  instance_name: G18.txt
  dataset: Gset
  random_seed: 45
  mode: 1
  beta: None
  alpha: 1.0
  use_local_search: True
  max_local_iterations: 1000
  eigsh_tol: 1e-06
  eigsh_maxiter: 1000
  run_name: SpecSignedLap
--------------------------------------------------
Using local search with 1000 iterations
Local search improved energy to -1802.0
Results saved to: results/Gset/SpecSignedLap/G18.csv
Alpha1 solver completed. Energy: -1802.000000, Time: 0.0381s
  Seed 5/10 (seed=46)
Initialized SpecSignedLap solver (GPU sparse) with alpha = 1.0. Results will be saved under 'SpecSignedLap'.
Parameters:
  instance_name: G18.txt
  dataset: Gset
  random_seed: 46
  mode: 1
  beta: None
  alpha: 1.0
  use_local_search: True
  max_local_iterations: 1000
  eigsh_tol: 1e-06
  eigsh_maxiter: 1000
  run_name: SpecSignedLap
--------------------------------------------------
Using local search with 1000 iterations
Local search improved energy to -1784.0
Results saved to: results/Gset/SpecSignedLap/G18.csv
Alpha1 solver completed. Energy: -1784.000000, Time: 0.0364s
  Seed 6/10 (seed=47)
Initialized SpecSignedLap solver (GPU sparse) with alpha = 1.0. Results will be saved under 'SpecSignedLap'.
Parameters:
  instance_name: G18.txt
  dataset: Gset
  random_seed: 47
  mode: 1
  beta: None
  alpha: 1.0
  use_local_search: True
  max_local_iterations: 1000
  eigsh_tol: 1e-06
  eigsh_maxiter: 1000
  run_name: SpecSignedLap
--------------------------------------------------
Using local search with 1000 iterations
Local search improved energy to -1800.0
Results saved to: results/Gset/SpecSignedLap/G18.csv
Alpha1 solver completed. Energy: -1800.000000, Time: 0.0377s
  Seed 7/10 (seed=48)
Initialized SpecSignedLap solver (GPU sparse) with alpha = 1.0. Results will be saved under 'SpecSignedLap'.
Parameters:
  instance_name: G18.txt
  dataset: Gset
  random_seed: 48
  mode: 1
  beta: None
  alpha: 1.0
  use_local_search: True
  max_local_iterations: 1000
  eigsh_tol: 1e-06
  eigsh_maxiter: 1000
  run_name: SpecSignedLap
--------------------------------------------------
Using local search with 1000 iterations
Local search improved energy to -1796.0000000000002
Results saved to: results/Gset/SpecSignedLap/G18.csv
Alpha1 solver completed. Energy: -1796.000000, Time: 0.0384s
  Seed 8/10 (seed=49)
Initialized SpecSignedLap solver (GPU sparse) with alpha = 1.0. Results will be saved under 'SpecSignedLap'.
Parameters:
  instance_name: G18.txt
  dataset: Gset
  random_seed: 49
  mode: 1
  beta: None
  alpha: 1.0
  use_local_search: True
  max_local_iterations: 1000
  eigsh_tol: 1e-06
  eigsh_maxiter: 1000
  run_name: SpecSignedLap
--------------------------------------------------
Using local search with 1000 iterations
Local search improved energy to -1798.0
Results saved to: results/Gset/SpecSignedLap/G18.csv
Alpha1 solver completed. Energy: -1798.000000, Time: 0.0365s
  Seed 9/10 (seed=50)
Initialized SpecSignedLap solver (GPU sparse) with alpha = 1.0. Results will be saved under 'SpecSignedLap'.
Parameters:
  instance_name: G18.txt
  dataset: Gset
  random_seed: 50
  mode: 1
  beta: None
  alpha: 1.0
  use_local_search: True
  max_local_iterations: 1000
  eigsh_tol: 1e-06
  eigsh_maxiter: 1000
  run_name: SpecSignedLap
--------------------------------------------------
Using local search with 1000 iterations
Local search improved energy to -1802.0
Results saved to: results/Gset/SpecSignedLap/G18.csv
Alpha1 solver completed. Energy: -1802.000000, Time: 0.0366s
  Seed 10/10 (seed=51)
Initialized SpecSignedLap solver (GPU sparse) with alpha = 1.0. Results will be saved under 'SpecSignedLap'.
Parameters:
  instance_name: G18.txt
  dataset: Gset
  random_seed: 51
  mode: 1
  beta: None
  alpha: 1.0
  use_local_search: True
  max_local_iterations: 1000
  eigsh_tol: 1e-06
  eigsh_maxiter: 1000
  run_name: SpecSignedLap
--------------------------------------------------
Using local search with 1000 iterations
Local search improved energy to -1798.0000000000002
Results saved to: results/Gset/SpecSignedLap/G18.csv
Alpha1 solver completed. Energy: -1798.000000, Time: 0.0313s
Processing instance: G19.txt
  Seed 1/10 (seed=42)
Initialized SpecSignedLap solver (GPU sparse) with alpha = 1.0. Results will be saved under 'SpecSignedLap'.
Parameters:
  instance_name: G19.txt
  dataset: Gset
  random_seed: 42
  mode: 1
  beta: None
  alpha: 1.0
  use_local_search: True
  max_local_iterations: 1000
  eigsh_tol: 1e-06
  eigsh_maxiter: 1000
  run_name: SpecSignedLap
--------------------------------------------------
Using local search with 1000 iterations
Local search improved energy to -1804.9999999999995
Results saved to: results/Gset/SpecSignedLap/G19.csv
Alpha1 solver completed. Energy: -1805.000000, Time: 0.0365s
  Seed 2/10 (seed=43)
Initialized SpecSignedLap solver (GPU sparse) with alpha = 1.0. Results will be saved under 'SpecSignedLap'.
Parameters:
  instance_name: G19.txt
  dataset: Gset
  random_seed: 43
  mode: 1
  beta: None
  alpha: 1.0
  use_local_search: True
  max_local_iterations: 1000
  eigsh_tol: 1e-06
  eigsh_maxiter: 1000
  run_name: SpecSignedLap
--------------------------------------------------
Using local search with 1000 iterations
Local search improved energy to -1797.0000000000002
Results saved to: results/Gset/SpecSignedLap/G19.csv
Alpha1 solver completed. Energy: -1797.000000, Time: 0.0301s
  Seed 3/10 (seed=44)
Initialized SpecSignedLap solver (GPU sparse) with alpha = 1.0. Results will be saved under 'SpecSignedLap'.
Parameters:
  instance_name: G19.txt
  dataset: Gset
  random_seed: 44
  mode: 1
  beta: None
  alpha: 1.0
  use_local_search: True
  max_local_iterations: 1000
  eigsh_tol: 1e-06
  eigsh_maxiter: 1000
  run_name: SpecSignedLap
--------------------------------------------------
Using local search with 1000 iterations
Local search improved energy to -1794.9999999999998
Results saved to: results/Gset/SpecSignedLap/G19.csv
Alpha1 solver completed. Energy: -1795.000000, Time: 0.0309s
  Seed 4/10 (seed=45)
Initialized SpecSignedLap solver (GPU sparse) with alpha = 1.0. Results will be saved under 'SpecSignedLap'.
Parameters:
  instance_name: G19.txt
  dataset: Gset
  random_seed: 45
  mode: 1
  beta: None
  alpha: 1.0
  use_local_search: True
  max_local_iterations: 1000
  eigsh_tol: 1e-06
  eigsh_maxiter: 1000
  run_name: SpecSignedLap
--------------------------------------------------
Using local search with 1000 iterations
Local search improved energy to -1802.9999999999998
Results saved to: results/Gset/SpecSignedLap/G19.csv
Alpha1 solver completed. Energy: -1803.000000, Time: 0.0315s
  Seed 5/10 (seed=46)
Initialized SpecSignedLap solver (GPU sparse) with alpha = 1.0. Results will be saved under 'SpecSignedLap'.
Parameters:
  instance_name: G19.txt
  dataset: Gset
  random_seed: 46
  mode: 1
  beta: None
  alpha: 1.0
  use_local_search: True
  max_local_iterations: 1000
  eigsh_tol: 1e-06
  eigsh_maxiter: 1000
  run_name: SpecSignedLap
--------------------------------------------------
Using local search with 1000 iterations
Local search improved energy to -1797.0000000000002
Results saved to: results/Gset/SpecSignedLap/G19.csv
Alpha1 solver completed. Energy: -1797.000000, Time: 0.0263s
  Seed 6/10 (seed=47)
Initialized SpecSignedLap solver (GPU sparse) with alpha = 1.0. Results will be saved under 'SpecSignedLap'.
Parameters:
  instance_name: G19.txt
  dataset: Gset
  random_seed: 47
  mode: 1
  beta: None
  alpha: 1.0
  use_local_search: True
  max_local_iterations: 1000
  eigsh_tol: 1e-06
  eigsh_maxiter: 1000
  run_name: SpecSignedLap
--------------------------------------------------
Using local search with 1000 iterations
Local search improved energy to -1829.0000000000005
Results saved to: results/Gset/SpecSignedLap/G19.csv
Alpha1 solver completed. Energy: -1829.000000, Time: 0.0375s
  Seed 7/10 (seed=48)
Initialized SpecSignedLap solver (GPU sparse) with alpha = 1.0. Results will be saved under 'SpecSignedLap'.
Parameters:
  instance_name: G19.txt
  dataset: Gset
  random_seed: 48
  mode: 1
  beta: None
  alpha: 1.0
  use_local_search: True
  max_local_iterations: 1000
  eigsh_tol: 1e-06
  eigsh_maxiter: 1000
  run_name: SpecSignedLap
--------------------------------------------------
Using local search with 1000 iterations
Local search improved energy to -1789.0
Results saved to: results/Gset/SpecSignedLap/G19.csv
Alpha1 solver completed. Energy: -1789.000000, Time: 0.0317s
  Seed 8/10 (seed=49)
Initialized SpecSignedLap solver (GPU sparse) with alpha = 1.0. Results will be saved under 'SpecSignedLap'.
Parameters:
  instance_name: G19.txt
  dataset: Gset
  random_seed: 49
  mode: 1
  beta: None
  alpha: 1.0
  use_local_search: True
  max_local_iterations: 1000
  eigsh_tol: 1e-06
  eigsh_maxiter: 1000
  run_name: SpecSignedLap
--------------------------------------------------
Using local search with 1000 iterations
Local search improved energy to -1789.0000000000002
Results saved to: results/Gset/SpecSignedLap/G19.csv
Alpha1 solver completed. Energy: -1789.000000, Time: 0.0327s
  Seed 9/10 (seed=50)
Initialized SpecSignedLap solver (GPU sparse) with alpha = 1.0. Results will be saved under 'SpecSignedLap'.
Parameters:
  instance_name: G19.txt
  dataset: Gset
  random_seed: 50
  mode: 1
  beta: None
  alpha: 1.0
  use_local_search: True
  max_local_iterations: 1000
  eigsh_tol: 1e-06
  eigsh_maxiter: 1000
  run_name: SpecSignedLap
--------------------------------------------------
Using local search with 1000 iterations
Local search improved energy to -1804.9999999999998
Results saved to: results/Gset/SpecSignedLap/G19.csv
Alpha1 solver completed. Energy: -1805.000000, Time: 0.0316s
  Seed 10/10 (seed=51)
Initialized SpecSignedLap solver (GPU sparse) with alpha = 1.0. Results will be saved under 'SpecSignedLap'.
Parameters:
  instance_name: G19.txt
  dataset: Gset
  random_seed: 51
  mode: 1
  beta: None
  alpha: 1.0
  use_local_search: True
  max_local_iterations: 1000
  eigsh_tol: 1e-06
  eigsh_maxiter: 1000
  run_name: SpecSignedLap
--------------------------------------------------
Using local search with 1000 iterations
Local search improved energy to -1797.0000000000002
Results saved to: results/Gset/SpecSignedLap/G19.csv
Alpha1 solver completed. Energy: -1797.000000, Time: 0.0253s
Processing instance: G2.txt
  Seed 1/10 (seed=42)
Initialized SpecSignedLap solver (GPU sparse) with alpha = 1.0. Results will be saved under 'SpecSignedLap'.
Parameters:
  instance_name: G2.txt
  dataset: Gset
  random_seed: 42
  mode: 1
  beta: None
  alpha: 1.0
  use_local_search: True
  max_local_iterations: 1000
  eigsh_tol: 1e-06
  eigsh_maxiter: 1000
  run_name: SpecSignedLap
--------------------------------------------------
Using local search with 1000 iterations
Local search did not improve energy to -3389.9999999999995
Results saved to: results/Gset/SpecSignedLap/G2.csv
Alpha1 solver completed. Energy: -3390.000000, Time: 0.4025s
  Seed 2/10 (seed=43)
Initialized SpecSignedLap solver (GPU sparse) with alpha = 1.0. Results will be saved under 'SpecSignedLap'.
Parameters:
  instance_name: G2.txt
  dataset: Gset
  random_seed: 43
  mode: 1
  beta: None
  alpha: 1.0
  use_local_search: True
  max_local_iterations: 1000
  eigsh_tol: 1e-06
  eigsh_maxiter: 1000
  run_name: SpecSignedLap
--------------------------------------------------
Using local search with 1000 iterations
Local search did not improve energy to -3389.9999999999995
Results saved to: results/Gset/SpecSignedLap/G2.csv
Alpha1 solver completed. Energy: -3390.000000, Time: 0.3982s
  Seed 3/10 (seed=44)
Initialized SpecSignedLap solver (GPU sparse) with alpha = 1.0. Results will be saved under 'SpecSignedLap'.
Parameters:
  instance_name: G2.txt
  dataset: Gset
  random_seed: 44
  mode: 1
  beta: None
  alpha: 1.0
  use_local_search: True
  max_local_iterations: 1000
  eigsh_tol: 1e-06
  eigsh_maxiter: 1000
  run_name: SpecSignedLap
--------------------------------------------------
Using local search with 1000 iterations
Local search did not improve energy to -3389.9999999999995
Results saved to: results/Gset/SpecSignedLap/G2.csv
Alpha1 solver completed. Energy: -3390.000000, Time: 0.3956s
  Seed 4/10 (seed=45)
Initialized SpecSignedLap solver (GPU sparse) with alpha = 1.0. Results will be saved under 'SpecSignedLap'.
Parameters:
  instance_name: G2.txt
  dataset: Gset
  random_seed: 45
  mode: 1
  beta: None
  alpha: 1.0
  use_local_search: True
  max_local_iterations: 1000
  eigsh_tol: 1e-06
  eigsh_maxiter: 1000
  run_name: SpecSignedLap
--------------------------------------------------
Using local search with 1000 iterations
Local search did not improve energy to -3389.9999999999995
Results saved to: results/Gset/SpecSignedLap/G2.csv
Alpha1 solver completed. Energy: -3390.000000, Time: 0.3734s
  Seed 5/10 (seed=46)
Initialized SpecSignedLap solver (GPU sparse) with alpha = 1.0. Results will be saved under 'SpecSignedLap'.
Parameters:
  instance_name: G2.txt
  dataset: Gset
  random_seed: 46
  mode: 1
  beta: None
  alpha: 1.0
  use_local_search: True
  max_local_iterations: 1000
  eigsh_tol: 1e-06
  eigsh_maxiter: 1000
  run_name: SpecSignedLap
--------------------------------------------------
Using local search with 1000 iterations
Local search did not improve energy to -3389.9999999999995
Results saved to: results/Gset/SpecSignedLap/G2.csv
Alpha1 solver completed. Energy: -3390.000000, Time: 0.4125s
  Seed 6/10 (seed=47)
Initialized SpecSignedLap solver (GPU sparse) with alpha = 1.0. Results will be saved under 'SpecSignedLap'.
Parameters:
  instance_name: G2.txt
  dataset: Gset
  random_seed: 47
  mode: 1
  beta: None
  alpha: 1.0
  use_local_search: True
  max_local_iterations: 1000
  eigsh_tol: 1e-06
  eigsh_maxiter: 1000
  run_name: SpecSignedLap
--------------------------------------------------
Using local search with 1000 iterations
Local search did not improve energy to -3389.9999999999995
Results saved to: results/Gset/SpecSignedLap/G2.csv
Alpha1 solver completed. Energy: -3390.000000, Time: 0.4061s
  Seed 7/10 (seed=48)
Initialized SpecSignedLap solver (GPU sparse) with alpha = 1.0. Results will be saved under 'SpecSignedLap'.
Parameters:
  instance_name: G2.txt
  dataset: Gset
  random_seed: 48
  mode: 1
  beta: None
  alpha: 1.0
  use_local_search: True
  max_local_iterations: 1000
  eigsh_tol: 1e-06
  eigsh_maxiter: 1000
  run_name: SpecSignedLap
--------------------------------------------------
Using local search with 1000 iterations
Local search did not improve energy to -3389.9999999999995
Results saved to: results/Gset/SpecSignedLap/G2.csv
Alpha1 solver completed. Energy: -3390.000000, Time: 0.4113s
  Seed 8/10 (seed=49)
Initialized SpecSignedLap solver (GPU sparse) with alpha = 1.0. Results will be saved under 'SpecSignedLap'.
Parameters:
  instance_name: G2.txt
  dataset: Gset
  random_seed: 49
  mode: 1
  beta: None
  alpha: 1.0
  use_local_search: True
  max_local_iterations: 1000
  eigsh_tol: 1e-06
  eigsh_maxiter: 1000
  run_name: SpecSignedLap
--------------------------------------------------
Using local search with 1000 iterations
Local search did not improve energy to -3389.9999999999995
Results saved to: results/Gset/SpecSignedLap/G2.csv
Alpha1 solver completed. Energy: -3390.000000, Time: 0.3863s
  Seed 9/10 (seed=50)
Initialized SpecSignedLap solver (GPU sparse) with alpha = 1.0. Results will be saved under 'SpecSignedLap'.
Parameters:
  instance_name: G2.txt
  dataset: Gset
  random_seed: 50
  mode: 1
  beta: None
  alpha: 1.0
  use_local_search: True
  max_local_iterations: 1000
  eigsh_tol: 1e-06
  eigsh_maxiter: 1000
  run_name: SpecSignedLap
--------------------------------------------------
Using local search with 1000 iterations
Local search did not improve energy to -3389.9999999999995
Results saved to: results/Gset/SpecSignedLap/G2.csv
Alpha1 solver completed. Energy: -3390.000000, Time: 0.4160s
  Seed 10/10 (seed=51)
Initialized SpecSignedLap solver (GPU sparse) with alpha = 1.0. Results will be saved under 'SpecSignedLap'.
Parameters:
  instance_name: G2.txt
  dataset: Gset
  random_seed: 51
  mode: 1
  beta: None
  alpha: 1.0
  use_local_search: True
  max_local_iterations: 1000
  eigsh_tol: 1e-06
  eigsh_maxiter: 1000
  run_name: SpecSignedLap
--------------------------------------------------
Using local search with 1000 iterations
Local search did not improve energy to -3389.9999999999995
Results saved to: results/Gset/SpecSignedLap/G2.csv
Alpha1 solver completed. Energy: -3390.000000, Time: 0.4044s
Processing instance: G20.txt
  Seed 1/10 (seed=42)
Initialized SpecSignedLap solver (GPU sparse) with alpha = 1.0. Results will be saved under 'SpecSignedLap'.
Parameters:
  instance_name: G20.txt
  dataset: Gset
  random_seed: 42
  mode: 1
  beta: None
  alpha: 1.0
  use_local_search: True
  max_local_iterations: 1000
  eigsh_tol: 1e-06
  eigsh_maxiter: 1000
  run_name: SpecSignedLap
--------------------------------------------------
Using local search with 1000 iterations
Local search improved energy to -1740.0000000000002
Results saved to: results/Gset/SpecSignedLap/G20.csv
Alpha1 solver completed. Energy: -1740.000000, Time: 0.0273s
  Seed 2/10 (seed=43)
Initialized SpecSignedLap solver (GPU sparse) with alpha = 1.0. Results will be saved under 'SpecSignedLap'.
Parameters:
  instance_name: G20.txt
  dataset: Gset
  random_seed: 43
  mode: 1
  beta: None
  alpha: 1.0
  use_local_search: True
  max_local_iterations: 1000
  eigsh_tol: 1e-06
  eigsh_maxiter: 1000
  run_name: SpecSignedLap
--------------------------------------------------
Using local search with 1000 iterations
Local search improved energy to -1734.0
Results saved to: results/Gset/SpecSignedLap/G20.csv
Alpha1 solver completed. Energy: -1734.000000, Time: 0.0281s
  Seed 3/10 (seed=44)
Initialized SpecSignedLap solver (GPU sparse) with alpha = 1.0. Results will be saved under 'SpecSignedLap'.
Parameters:
  instance_name: G20.txt
  dataset: Gset
  random_seed: 44
  mode: 1
  beta: None
  alpha: 1.0
  use_local_search: True
  max_local_iterations: 1000
  eigsh_tol: 1e-06
  eigsh_maxiter: 1000
  run_name: SpecSignedLap
--------------------------------------------------
Using local search with 1000 iterations
Local search improved energy to -1728.0000000000002
Results saved to: results/Gset/SpecSignedLap/G20.csv
Alpha1 solver completed. Energy: -1728.000000, Time: 0.0323s
  Seed 4/10 (seed=45)
Initialized SpecSignedLap solver (GPU sparse) with alpha = 1.0. Results will be saved under 'SpecSignedLap'.
Parameters:
  instance_name: G20.txt
  dataset: Gset
  random_seed: 45
  mode: 1
  beta: None
  alpha: 1.0
  use_local_search: True
  max_local_iterations: 1000
  eigsh_tol: 1e-06
  eigsh_maxiter: 1000
  run_name: SpecSignedLap
--------------------------------------------------
Using local search with 1000 iterations
Local search improved energy to -1748.0000000000005
Results saved to: results/Gset/SpecSignedLap/G20.csv
Alpha1 solver completed. Energy: -1748.000000, Time: 0.0274s
  Seed 5/10 (seed=46)
Initialized SpecSignedLap solver (GPU sparse) with alpha = 1.0. Results will be saved under 'SpecSignedLap'.
Parameters:
  instance_name: G20.txt
  dataset: Gset
  random_seed: 46
  mode: 1
  beta: None
  alpha: 1.0
  use_local_search: True
  max_local_iterations: 1000
  eigsh_tol: 1e-06
  eigsh_maxiter: 1000
  run_name: SpecSignedLap
--------------------------------------------------
Using local search with 1000 iterations
Local search improved energy to -1732.0000000000002
Results saved to: results/Gset/SpecSignedLap/G20.csv
Alpha1 solver completed. Energy: -1732.000000, Time: 0.0258s
  Seed 6/10 (seed=47)
Initialized SpecSignedLap solver (GPU sparse) with alpha = 1.0. Results will be saved under 'SpecSignedLap'.
Parameters:
  instance_name: G20.txt
  dataset: Gset
  random_seed: 47
  mode: 1
  beta: None
  alpha: 1.0
  use_local_search: True
  max_local_iterations: 1000
  eigsh_tol: 1e-06
  eigsh_maxiter: 1000
  run_name: SpecSignedLap
--------------------------------------------------
Using local search with 1000 iterations
Local search improved energy to -1738.0
Results saved to: results/Gset/SpecSignedLap/G20.csv
Alpha1 solver completed. Energy: -1738.000000, Time: 0.0261s
  Seed 7/10 (seed=48)
Initialized SpecSignedLap solver (GPU sparse) with alpha = 1.0. Results will be saved under 'SpecSignedLap'.
Parameters:
  instance_name: G20.txt
  dataset: Gset
  random_seed: 48
  mode: 1
  beta: None
  alpha: 1.0
  use_local_search: True
  max_local_iterations: 1000
  eigsh_tol: 1e-06
  eigsh_maxiter: 1000
  run_name: SpecSignedLap
--------------------------------------------------
Using local search with 1000 iterations
Local search improved energy to -1726.0
Results saved to: results/Gset/SpecSignedLap/G20.csv
Alpha1 solver completed. Energy: -1726.000000, Time: 0.0262s
  Seed 8/10 (seed=49)
Initialized SpecSignedLap solver (GPU sparse) with alpha = 1.0. Results will be saved under 'SpecSignedLap'.
Parameters:
  instance_name: G20.txt
  dataset: Gset
  random_seed: 49
  mode: 1
  beta: None
  alpha: 1.0
  use_local_search: True
  max_local_iterations: 1000
  eigsh_tol: 1e-06
  eigsh_maxiter: 1000
  run_name: SpecSignedLap
--------------------------------------------------
Using local search with 1000 iterations
Local search improved energy to -1722.0
Results saved to: results/Gset/SpecSignedLap/G20.csv
Alpha1 solver completed. Energy: -1722.000000, Time: 0.0269s
  Seed 9/10 (seed=50)
Initialized SpecSignedLap solver (GPU sparse) with alpha = 1.0. Results will be saved under 'SpecSignedLap'.
Parameters:
  instance_name: G20.txt
  dataset: Gset
  random_seed: 50
  mode: 1
  beta: None
  alpha: 1.0
  use_local_search: True
  max_local_iterations: 1000
  eigsh_tol: 1e-06
  eigsh_maxiter: 1000
  run_name: SpecSignedLap
--------------------------------------------------
Using local search with 1000 iterations
Local search improved energy to -1752.0000000000002
Results saved to: results/Gset/SpecSignedLap/G20.csv
Alpha1 solver completed. Energy: -1752.000000, Time: 0.0267s
  Seed 10/10 (seed=51)
Initialized SpecSignedLap solver (GPU sparse) with alpha = 1.0. Results will be saved under 'SpecSignedLap'.
Parameters:
  instance_name: G20.txt
  dataset: Gset
  random_seed: 51
  mode: 1
  beta: None
  alpha: 1.0
  use_local_search: True
  max_local_iterations: 1000
  eigsh_tol: 1e-06
  eigsh_maxiter: 1000
  run_name: SpecSignedLap
--------------------------------------------------
Using local search with 1000 iterations
Local search improved energy to -1749.9999999999998
Results saved to: results/Gset/SpecSignedLap/G20.csv
Alpha1 solver completed. Energy: -1750.000000, Time: 0.0289s
Processing instance: G21.txt
  Seed 1/10 (seed=42)
Initialized SpecSignedLap solver (GPU sparse) with alpha = 1.0. Results will be saved under 'SpecSignedLap'.
Parameters:
  instance_name: G21.txt
  dataset: Gset
  random_seed: 42
  mode: 1
  beta: None
  alpha: 1.0
  use_local_search: True
  max_local_iterations: 1000
  eigsh_tol: 1e-06
  eigsh_maxiter: 1000
  run_name: SpecSignedLap
--------------------------------------------------
Using local search with 1000 iterations
Local search improved energy to -1807.0
Results saved to: results/Gset/SpecSignedLap/G21.csv
Alpha1 solver completed. Energy: -1807.000000, Time: 0.0312s
  Seed 2/10 (seed=43)
Initialized SpecSignedLap solver (GPU sparse) with alpha = 1.0. Results will be saved under 'SpecSignedLap'.
Parameters:
  instance_name: G21.txt
  dataset: Gset
  random_seed: 43
  mode: 1
  beta: None
  alpha: 1.0
  use_local_search: True
  max_local_iterations: 1000
  eigsh_tol: 1e-06
  eigsh_maxiter: 1000
  run_name: SpecSignedLap
--------------------------------------------------
Using local search with 1000 iterations
Local search improved energy to -1813.0
Results saved to: results/Gset/SpecSignedLap/G21.csv
Alpha1 solver completed. Energy: -1813.000000, Time: 0.0324s
  Seed 3/10 (seed=44)
Initialized SpecSignedLap solver (GPU sparse) with alpha = 1.0. Results will be saved under 'SpecSignedLap'.
Parameters:
  instance_name: G21.txt
  dataset: Gset
  random_seed: 44
  mode: 1
  beta: None
  alpha: 1.0
  use_local_search: True
  max_local_iterations: 1000
  eigsh_tol: 1e-06
  eigsh_maxiter: 1000
  run_name: SpecSignedLap
--------------------------------------------------
Using local search with 1000 iterations
Local search improved energy to -1817.0
Results saved to: results/Gset/SpecSignedLap/G21.csv
Alpha1 solver completed. Energy: -1817.000000, Time: 0.0317s
  Seed 4/10 (seed=45)
Initialized SpecSignedLap solver (GPU sparse) with alpha = 1.0. Results will be saved under 'SpecSignedLap'.
Parameters:
  instance_name: G21.txt
  dataset: Gset
  random_seed: 45
  mode: 1
  beta: None
  alpha: 1.0
  use_local_search: True
  max_local_iterations: 1000
  eigsh_tol: 1e-06
  eigsh_maxiter: 1000
  run_name: SpecSignedLap
--------------------------------------------------
Using local search with 1000 iterations
Local search improved energy to -1807.0
Results saved to: results/Gset/SpecSignedLap/G21.csv
Alpha1 solver completed. Energy: -1807.000000, Time: 0.0332s
  Seed 5/10 (seed=46)
Initialized SpecSignedLap solver (GPU sparse) with alpha = 1.0. Results will be saved under 'SpecSignedLap'.
Parameters:
  instance_name: G21.txt
  dataset: Gset
  random_seed: 46
  mode: 1
  beta: None
  alpha: 1.0
  use_local_search: True
  max_local_iterations: 1000
  eigsh_tol: 1e-06
  eigsh_maxiter: 1000
  run_name: SpecSignedLap
--------------------------------------------------
Using local search with 1000 iterations
Local search improved energy to -1809.0
Results saved to: results/Gset/SpecSignedLap/G21.csv
Alpha1 solver completed. Energy: -1809.000000, Time: 0.0934s
  Seed 6/10 (seed=47)
Initialized SpecSignedLap solver (GPU sparse) with alpha = 1.0. Results will be saved under 'SpecSignedLap'.
Parameters:
  instance_name: G21.txt
  dataset: Gset
  random_seed: 47
  mode: 1
  beta: None
  alpha: 1.0
  use_local_search: True
  max_local_iterations: 1000
  eigsh_tol: 1e-06
  eigsh_maxiter: 1000
  run_name: SpecSignedLap
--------------------------------------------------
Using local search with 1000 iterations
Local search improved energy to -1805.0
Results saved to: results/Gset/SpecSignedLap/G21.csv
Alpha1 solver completed. Energy: -1805.000000, Time: 0.0344s
  Seed 7/10 (seed=48)
Initialized SpecSignedLap solver (GPU sparse) with alpha = 1.0. Results will be saved under 'SpecSignedLap'.
Parameters:
  instance_name: G21.txt
  dataset: Gset
  random_seed: 48
  mode: 1
  beta: None
  alpha: 1.0
  use_local_search: True
  max_local_iterations: 1000
  eigsh_tol: 1e-06
  eigsh_maxiter: 1000
  run_name: SpecSignedLap
--------------------------------------------------
Using local search with 1000 iterations
Local search improved energy to -1805.0000000000002
Results saved to: results/Gset/SpecSignedLap/G21.csv
Alpha1 solver completed. Energy: -1805.000000, Time: 0.0313s
  Seed 8/10 (seed=49)
Initialized SpecSignedLap solver (GPU sparse) with alpha = 1.0. Results will be saved under 'SpecSignedLap'.
Parameters:
  instance_name: G21.txt
  dataset: Gset
  random_seed: 49
  mode: 1
  beta: None
  alpha: 1.0
  use_local_search: True
  max_local_iterations: 1000
  eigsh_tol: 1e-06
  eigsh_maxiter: 1000
  run_name: SpecSignedLap
--------------------------------------------------
Using local search with 1000 iterations
Local search improved energy to -1823.0000000000002
Results saved to: results/Gset/SpecSignedLap/G21.csv
Alpha1 solver completed. Energy: -1823.000000, Time: 0.0360s
  Seed 9/10 (seed=50)
Initialized SpecSignedLap solver (GPU sparse) with alpha = 1.0. Results will be saved under 'SpecSignedLap'.
Parameters:
  instance_name: G21.txt
  dataset: Gset
  random_seed: 50
  mode: 1
  beta: None
  alpha: 1.0
  use_local_search: True
  max_local_iterations: 1000
  eigsh_tol: 1e-06
  eigsh_maxiter: 1000
  run_name: SpecSignedLap
--------------------------------------------------
Using local search with 1000 iterations
Local search improved energy to -1815.0000000000002
Results saved to: results/Gset/SpecSignedLap/G21.csv
Alpha1 solver completed. Energy: -1815.000000, Time: 0.0323s
  Seed 10/10 (seed=51)
Initialized SpecSignedLap solver (GPU sparse) with alpha = 1.0. Results will be saved under 'SpecSignedLap'.
Parameters:
  instance_name: G21.txt
  dataset: Gset
  random_seed: 51
  mode: 1
  beta: None
  alpha: 1.0
  use_local_search: True
  max_local_iterations: 1000
  eigsh_tol: 1e-06
  eigsh_maxiter: 1000
  run_name: SpecSignedLap
--------------------------------------------------
Using local search with 1000 iterations
Local search improved energy to -1818.9999999999998
Results saved to: results/Gset/SpecSignedLap/G21.csv
Alpha1 solver completed. Energy: -1819.000000, Time: 0.0373s
Processing instance: G22.txt
  Seed 1/10 (seed=42)
Initialized SpecSignedLap solver (GPU sparse) with alpha = 1.0. Results will be saved under 'SpecSignedLap'.
Parameters:
  instance_name: G22.txt
  dataset: Gset
  random_seed: 42
  mode: 1
  beta: None
  alpha: 1.0
  use_local_search: True
  max_local_iterations: 1000
  eigsh_tol: 1e-06
  eigsh_maxiter: 1000
  run_name: SpecSignedLap
--------------------------------------------------
Using local search with 1000 iterations
Local search improved energy to -6450.000000000001
Results saved to: results/Gset/SpecSignedLap/G22.csv
Alpha1 solver completed. Energy: -6450.000000, Time: 0.0518s
  Seed 2/10 (seed=43)
Initialized SpecSignedLap solver (GPU sparse) with alpha = 1.0. Results will be saved under 'SpecSignedLap'.
Parameters:
  instance_name: G22.txt
  dataset: Gset
  random_seed: 43
  mode: 1
  beta: None
  alpha: 1.0
  use_local_search: True
  max_local_iterations: 1000
  eigsh_tol: 1e-06
  eigsh_maxiter: 1000
  run_name: SpecSignedLap
--------------------------------------------------
Using local search with 1000 iterations
Local search improved energy to -6454.000000000001
Results saved to: results/Gset/SpecSignedLap/G22.csv
Alpha1 solver completed. Energy: -6454.000000, Time: 0.0406s
  Seed 3/10 (seed=44)
Initialized SpecSignedLap solver (GPU sparse) with alpha = 1.0. Results will be saved under 'SpecSignedLap'.
Parameters:
  instance_name: G22.txt
  dataset: Gset
  random_seed: 44
  mode: 1
  beta: None
  alpha: 1.0
  use_local_search: True
  max_local_iterations: 1000
  eigsh_tol: 1e-06
  eigsh_maxiter: 1000
  run_name: SpecSignedLap
--------------------------------------------------
Using local search with 1000 iterations
Local search improved energy to -6454.000000000001
Results saved to: results/Gset/SpecSignedLap/G22.csv
Alpha1 solver completed. Energy: -6454.000000, Time: 0.0427s
  Seed 4/10 (seed=45)
Initialized SpecSignedLap solver (GPU sparse) with alpha = 1.0. Results will be saved under 'SpecSignedLap'.
Parameters:
  instance_name: G22.txt
  dataset: Gset
  random_seed: 45
  mode: 1
  beta: None
  alpha: 1.0
  use_local_search: True
  max_local_iterations: 1000
  eigsh_tol: 1e-06
  eigsh_maxiter: 1000
  run_name: SpecSignedLap
--------------------------------------------------
Using local search with 1000 iterations
Local search improved energy to -6486.000000000001
Results saved to: results/Gset/SpecSignedLap/G22.csv
Alpha1 solver completed. Energy: -6486.000000, Time: 0.0360s
  Seed 5/10 (seed=46)
Initialized SpecSignedLap solver (GPU sparse) with alpha = 1.0. Results will be saved under 'SpecSignedLap'.
Parameters:
  instance_name: G22.txt
  dataset: Gset
  random_seed: 46
  mode: 1
  beta: None
  alpha: 1.0
  use_local_search: True
  max_local_iterations: 1000
  eigsh_tol: 1e-06
  eigsh_maxiter: 1000
  run_name: SpecSignedLap
--------------------------------------------------
Using local search with 1000 iterations
Local search improved energy to -6468.000000000001
Results saved to: results/Gset/SpecSignedLap/G22.csv
Alpha1 solver completed. Energy: -6468.000000, Time: 0.0455s
  Seed 6/10 (seed=47)
Initialized SpecSignedLap solver (GPU sparse) with alpha = 1.0. Results will be saved under 'SpecSignedLap'.
Parameters:
  instance_name: G22.txt
  dataset: Gset
  random_seed: 47
  mode: 1
  beta: None
  alpha: 1.0
  use_local_search: True
  max_local_iterations: 1000
  eigsh_tol: 1e-06
  eigsh_maxiter: 1000
  run_name: SpecSignedLap
--------------------------------------------------
Using local search with 1000 iterations
Local search improved energy to -6441.999999999998
Results saved to: results/Gset/SpecSignedLap/G22.csv
Alpha1 solver completed. Energy: -6442.000000, Time: 0.0404s
  Seed 7/10 (seed=48)
Initialized SpecSignedLap solver (GPU sparse) with alpha = 1.0. Results will be saved under 'SpecSignedLap'.
Parameters:
  instance_name: G22.txt
  dataset: Gset
  random_seed: 48
  mode: 1
  beta: None
  alpha: 1.0
  use_local_search: True
  max_local_iterations: 1000
  eigsh_tol: 1e-06
  eigsh_maxiter: 1000
  run_name: SpecSignedLap
--------------------------------------------------
Using local search with 1000 iterations
Local search improved energy to -6439.999999999999
Results saved to: results/Gset/SpecSignedLap/G22.csv
Alpha1 solver completed. Energy: -6440.000000, Time: 0.0403s
  Seed 8/10 (seed=49)
Initialized SpecSignedLap solver (GPU sparse) with alpha = 1.0. Results will be saved under 'SpecSignedLap'.
Parameters:
  instance_name: G22.txt
  dataset: Gset
  random_seed: 49
  mode: 1
  beta: None
  alpha: 1.0
  use_local_search: True
  max_local_iterations: 1000
  eigsh_tol: 1e-06
  eigsh_maxiter: 1000
  run_name: SpecSignedLap
--------------------------------------------------
Using local search with 1000 iterations
Local search improved energy to -6448.000000000002
Results saved to: results/Gset/SpecSignedLap/G22.csv
Alpha1 solver completed. Energy: -6448.000000, Time: 0.0411s
  Seed 9/10 (seed=50)
Initialized SpecSignedLap solver (GPU sparse) with alpha = 1.0. Results will be saved under 'SpecSignedLap'.
Parameters:
  instance_name: G22.txt
  dataset: Gset
  random_seed: 50
  mode: 1
  beta: None
  alpha: 1.0
  use_local_search: True
  max_local_iterations: 1000
  eigsh_tol: 1e-06
  eigsh_maxiter: 1000
  run_name: SpecSignedLap
--------------------------------------------------
Using local search with 1000 iterations
Local search improved energy to -6448.000000000001
Results saved to: results/Gset/SpecSignedLap/G22.csv
Alpha1 solver completed. Energy: -6448.000000, Time: 0.0403s
  Seed 10/10 (seed=51)
Initialized SpecSignedLap solver (GPU sparse) with alpha = 1.0. Results will be saved under 'SpecSignedLap'.
Parameters:
  instance_name: G22.txt
  dataset: Gset
  random_seed: 51
  mode: 1
  beta: None
  alpha: 1.0
  use_local_search: True
  max_local_iterations: 1000
  eigsh_tol: 1e-06
  eigsh_maxiter: 1000
  run_name: SpecSignedLap
--------------------------------------------------
Using local search with 1000 iterations
Local search improved energy to -6440.0
Results saved to: results/Gset/SpecSignedLap/G22.csv
Alpha1 solver completed. Energy: -6440.000000, Time: 0.0456s
Processing instance: G23.txt
  Seed 1/10 (seed=42)
Initialized SpecSignedLap solver (GPU sparse) with alpha = 1.0. Results will be saved under 'SpecSignedLap'.
Parameters:
  instance_name: G23.txt
  dataset: Gset
  random_seed: 42
  mode: 1
  beta: None
  alpha: 1.0
  use_local_search: True
  max_local_iterations: 1000
  eigsh_tol: 1e-06
  eigsh_maxiter: 1000
  run_name: SpecSignedLap
--------------------------------------------------
Using local search with 1000 iterations
Local search improved energy to -6402.0
Results saved to: results/Gset/SpecSignedLap/G23.csv
Alpha1 solver completed. Energy: -6402.000000, Time: 0.0481s
  Seed 2/10 (seed=43)
Initialized SpecSignedLap solver (GPU sparse) with alpha = 1.0. Results will be saved under 'SpecSignedLap'.
Parameters:
  instance_name: G23.txt
  dataset: Gset
  random_seed: 43
  mode: 1
  beta: None
  alpha: 1.0
  use_local_search: True
  max_local_iterations: 1000
  eigsh_tol: 1e-06
  eigsh_maxiter: 1000
  run_name: SpecSignedLap
--------------------------------------------------
Using local search with 1000 iterations
Local search improved energy to -6426.000000000001
Results saved to: results/Gset/SpecSignedLap/G23.csv
Alpha1 solver completed. Energy: -6426.000000, Time: 0.0438s
  Seed 3/10 (seed=44)
Initialized SpecSignedLap solver (GPU sparse) with alpha = 1.0. Results will be saved under 'SpecSignedLap'.
Parameters:
  instance_name: G23.txt
  dataset: Gset
  random_seed: 44
  mode: 1
  beta: None
  alpha: 1.0
  use_local_search: True
  max_local_iterations: 1000
  eigsh_tol: 1e-06
  eigsh_maxiter: 1000
  run_name: SpecSignedLap
--------------------------------------------------
Using local search with 1000 iterations
Local search improved energy to -6434.000000000001
Results saved to: results/Gset/SpecSignedLap/G23.csv
Alpha1 solver completed. Energy: -6434.000000, Time: 0.0429s
  Seed 4/10 (seed=45)
Initialized SpecSignedLap solver (GPU sparse) with alpha = 1.0. Results will be saved under 'SpecSignedLap'.
Parameters:
  instance_name: G23.txt
  dataset: Gset
  random_seed: 45
  mode: 1
  beta: None
  alpha: 1.0
  use_local_search: True
  max_local_iterations: 1000
  eigsh_tol: 1e-06
  eigsh_maxiter: 1000
  run_name: SpecSignedLap
--------------------------------------------------
Using local search with 1000 iterations
Local search improved energy to -6364.000000000001
Results saved to: results/Gset/SpecSignedLap/G23.csv
Alpha1 solver completed. Energy: -6364.000000, Time: 0.0405s
  Seed 5/10 (seed=46)
Initialized SpecSignedLap solver (GPU sparse) with alpha = 1.0. Results will be saved under 'SpecSignedLap'.
Parameters:
  instance_name: G23.txt
  dataset: Gset
  random_seed: 46
  mode: 1
  beta: None
  alpha: 1.0
  use_local_search: True
  max_local_iterations: 1000
  eigsh_tol: 1e-06
  eigsh_maxiter: 1000
  run_name: SpecSignedLap
--------------------------------------------------
Using local search with 1000 iterations
Local search improved energy to -6472.0
Results saved to: results/Gset/SpecSignedLap/G23.csv
Alpha1 solver completed. Energy: -6472.000000, Time: 0.0457s
  Seed 6/10 (seed=47)
Initialized SpecSignedLap solver (GPU sparse) with alpha = 1.0. Results will be saved under 'SpecSignedLap'.
Parameters:
  instance_name: G23.txt
  dataset: Gset
  random_seed: 47
  mode: 1
  beta: None
  alpha: 1.0
  use_local_search: True
  max_local_iterations: 1000
  eigsh_tol: 1e-06
  eigsh_maxiter: 1000
  run_name: SpecSignedLap
--------------------------------------------------
Using local search with 1000 iterations
Local search improved energy to -6434.000000000001
Results saved to: results/Gset/SpecSignedLap/G23.csv
Alpha1 solver completed. Energy: -6434.000000, Time: 0.0482s
  Seed 7/10 (seed=48)
Initialized SpecSignedLap solver (GPU sparse) with alpha = 1.0. Results will be saved under 'SpecSignedLap'.
Parameters:
  instance_name: G23.txt
  dataset: Gset
  random_seed: 48
  mode: 1
  beta: None
  alpha: 1.0
  use_local_search: True
  max_local_iterations: 1000
  eigsh_tol: 1e-06
  eigsh_maxiter: 1000
  run_name: SpecSignedLap
--------------------------------------------------
Using local search with 1000 iterations
Local search improved energy to -6422.0
Results saved to: results/Gset/SpecSignedLap/G23.csv
Alpha1 solver completed. Energy: -6422.000000, Time: 0.0440s
  Seed 8/10 (seed=49)
Initialized SpecSignedLap solver (GPU sparse) with alpha = 1.0. Results will be saved under 'SpecSignedLap'.
Parameters:
  instance_name: G23.txt
  dataset: Gset
  random_seed: 49
  mode: 1
  beta: None
  alpha: 1.0
  use_local_search: True
  max_local_iterations: 1000
  eigsh_tol: 1e-06
  eigsh_maxiter: 1000
  run_name: SpecSignedLap
--------------------------------------------------
Using local search with 1000 iterations
Local search improved energy to -6446.000000000001
Results saved to: results/Gset/SpecSignedLap/G23.csv
Alpha1 solver completed. Energy: -6446.000000, Time: 0.0458s
  Seed 9/10 (seed=50)
Initialized SpecSignedLap solver (GPU sparse) with alpha = 1.0. Results will be saved under 'SpecSignedLap'.
Parameters:
  instance_name: G23.txt
  dataset: Gset
  random_seed: 50
  mode: 1
  beta: None
  alpha: 1.0
  use_local_search: True
  max_local_iterations: 1000
  eigsh_tol: 1e-06
  eigsh_maxiter: 1000
  run_name: SpecSignedLap
--------------------------------------------------
Using local search with 1000 iterations
Local search improved energy to -6426.0
Results saved to: results/Gset/SpecSignedLap/G23.csv
Alpha1 solver completed. Energy: -6426.000000, Time: 0.0467s
  Seed 10/10 (seed=51)
Initialized SpecSignedLap solver (GPU sparse) with alpha = 1.0. Results will be saved under 'SpecSignedLap'.
Parameters:
  instance_name: G23.txt
  dataset: Gset
  random_seed: 51
  mode: 1
  beta: None
  alpha: 1.0
  use_local_search: True
  max_local_iterations: 1000
  eigsh_tol: 1e-06
  eigsh_maxiter: 1000
  run_name: SpecSignedLap
--------------------------------------------------
Using local search with 1000 iterations
Local search improved energy to -6452.0
Results saved to: results/Gset/SpecSignedLap/G23.csv
Alpha1 solver completed. Energy: -6452.000000, Time: 0.0462s
Processing instance: G24.txt
  Seed 1/10 (seed=42)
Initialized SpecSignedLap solver (GPU sparse) with alpha = 1.0. Results will be saved under 'SpecSignedLap'.
Parameters:
  instance_name: G24.txt
  dataset: Gset
  random_seed: 42
  mode: 1
  beta: None
  alpha: 1.0
  use_local_search: True
  max_local_iterations: 1000
  eigsh_tol: 1e-06
  eigsh_maxiter: 1000
  run_name: SpecSignedLap
--------------------------------------------------
Using local search with 1000 iterations
Local search improved energy to -6348.0
Results saved to: results/Gset/SpecSignedLap/G24.csv
Alpha1 solver completed. Energy: -6348.000000, Time: 0.0400s
  Seed 2/10 (seed=43)
Initialized SpecSignedLap solver (GPU sparse) with alpha = 1.0. Results will be saved under 'SpecSignedLap'.
Parameters:
  instance_name: G24.txt
  dataset: Gset
  random_seed: 43
  mode: 1
  beta: None
  alpha: 1.0
  use_local_search: True
  max_local_iterations: 1000
  eigsh_tol: 1e-06
  eigsh_maxiter: 1000
  run_name: SpecSignedLap
--------------------------------------------------
Using local search with 1000 iterations
Local search improved energy to -6356.0
Results saved to: results/Gset/SpecSignedLap/G24.csv
Alpha1 solver completed. Energy: -6356.000000, Time: 0.0487s
  Seed 3/10 (seed=44)
Initialized SpecSignedLap solver (GPU sparse) with alpha = 1.0. Results will be saved under 'SpecSignedLap'.
Parameters:
  instance_name: G24.txt
  dataset: Gset
  random_seed: 44
  mode: 1
  beta: None
  alpha: 1.0
  use_local_search: True
  max_local_iterations: 1000
  eigsh_tol: 1e-06
  eigsh_maxiter: 1000
  run_name: SpecSignedLap
--------------------------------------------------
Using local search with 1000 iterations
Local search improved energy to -6349.999999999999
Results saved to: results/Gset/SpecSignedLap/G24.csv
Alpha1 solver completed. Energy: -6350.000000, Time: 0.0399s
  Seed 4/10 (seed=45)
Initialized SpecSignedLap solver (GPU sparse) with alpha = 1.0. Results will be saved under 'SpecSignedLap'.
Parameters:
  instance_name: G24.txt
  dataset: Gset
  random_seed: 45
  mode: 1
  beta: None
  alpha: 1.0
  use_local_search: True
  max_local_iterations: 1000
  eigsh_tol: 1e-06
  eigsh_maxiter: 1000
  run_name: SpecSignedLap
--------------------------------------------------
Using local search with 1000 iterations
Local search improved energy to -6358.0
Results saved to: results/Gset/SpecSignedLap/G24.csv
Alpha1 solver completed. Energy: -6358.000000, Time: 0.0374s
  Seed 5/10 (seed=46)
Initialized SpecSignedLap solver (GPU sparse) with alpha = 1.0. Results will be saved under 'SpecSignedLap'.
Parameters:
  instance_name: G24.txt
  dataset: Gset
  random_seed: 46
  mode: 1
  beta: None
  alpha: 1.0
  use_local_search: True
  max_local_iterations: 1000
  eigsh_tol: 1e-06
  eigsh_maxiter: 1000
  run_name: SpecSignedLap
--------------------------------------------------
Using local search with 1000 iterations
Local search improved energy to -6312.0
Results saved to: results/Gset/SpecSignedLap/G24.csv
Alpha1 solver completed. Energy: -6312.000000, Time: 0.0460s
  Seed 6/10 (seed=47)
Initialized SpecSignedLap solver (GPU sparse) with alpha = 1.0. Results will be saved under 'SpecSignedLap'.
Parameters:
  instance_name: G24.txt
  dataset: Gset
  random_seed: 47
  mode: 1
  beta: None
  alpha: 1.0
  use_local_search: True
  max_local_iterations: 1000
  eigsh_tol: 1e-06
  eigsh_maxiter: 1000
  run_name: SpecSignedLap
--------------------------------------------------
Using local search with 1000 iterations
Local search improved energy to -6352.0
Results saved to: results/Gset/SpecSignedLap/G24.csv
Alpha1 solver completed. Energy: -6352.000000, Time: 0.0421s
  Seed 7/10 (seed=48)
Initialized SpecSignedLap solver (GPU sparse) with alpha = 1.0. Results will be saved under 'SpecSignedLap'.
Parameters:
  instance_name: G24.txt
  dataset: Gset
  random_seed: 48
  mode: 1
  beta: None
  alpha: 1.0
  use_local_search: True
  max_local_iterations: 1000
  eigsh_tol: 1e-06
  eigsh_maxiter: 1000
  run_name: SpecSignedLap
--------------------------------------------------
Using local search with 1000 iterations
Local search improved energy to -6376.000000000001
Results saved to: results/Gset/SpecSignedLap/G24.csv
Alpha1 solver completed. Energy: -6376.000000, Time: 0.0404s
  Seed 8/10 (seed=49)
Initialized SpecSignedLap solver (GPU sparse) with alpha = 1.0. Results will be saved under 'SpecSignedLap'.
Parameters:
  instance_name: G24.txt
  dataset: Gset
  random_seed: 49
  mode: 1
  beta: None
  alpha: 1.0
  use_local_search: True
  max_local_iterations: 1000
  eigsh_tol: 1e-06
  eigsh_maxiter: 1000
  run_name: SpecSignedLap
--------------------------------------------------
Using local search with 1000 iterations
Local search improved energy to -6363.999999999999
Results saved to: results/Gset/SpecSignedLap/G24.csv
Alpha1 solver completed. Energy: -6364.000000, Time: 0.0418s
  Seed 9/10 (seed=50)
Initialized SpecSignedLap solver (GPU sparse) with alpha = 1.0. Results will be saved under 'SpecSignedLap'.
Parameters:
  instance_name: G24.txt
  dataset: Gset
  random_seed: 50
  mode: 1
  beta: None
  alpha: 1.0
  use_local_search: True
  max_local_iterations: 1000
  eigsh_tol: 1e-06
  eigsh_maxiter: 1000
  run_name: SpecSignedLap
--------------------------------------------------
Using local search with 1000 iterations
Local search improved energy to -6363.999999999999
Results saved to: results/Gset/SpecSignedLap/G24.csv
Alpha1 solver completed. Energy: -6364.000000, Time: 0.0402s
  Seed 10/10 (seed=51)
Initialized SpecSignedLap solver (GPU sparse) with alpha = 1.0. Results will be saved under 'SpecSignedLap'.
Parameters:
  instance_name: G24.txt
  dataset: Gset
  random_seed: 51
  mode: 1
  beta: None
  alpha: 1.0
  use_local_search: True
  max_local_iterations: 1000
  eigsh_tol: 1e-06
  eigsh_maxiter: 1000
  run_name: SpecSignedLap
--------------------------------------------------
Using local search with 1000 iterations
Local search improved energy to -6376.0
Results saved to: results/Gset/SpecSignedLap/G24.csv
Alpha1 solver completed. Energy: -6376.000000, Time: 0.0464s
Processing instance: G25.txt
  Seed 1/10 (seed=42)
Initialized SpecSignedLap solver (GPU sparse) with alpha = 1.0. Results will be saved under 'SpecSignedLap'.
Parameters:
  instance_name: G25.txt
  dataset: Gset
  random_seed: 42
  mode: 1
  beta: None
  alpha: 1.0
  use_local_search: True
  max_local_iterations: 1000
  eigsh_tol: 1e-06
  eigsh_maxiter: 1000
  run_name: SpecSignedLap
--------------------------------------------------
Using local search with 1000 iterations
Local search improved energy to -6362.0
Results saved to: results/Gset/SpecSignedLap/G25.csv
Alpha1 solver completed. Energy: -6362.000000, Time: 0.0400s
  Seed 2/10 (seed=43)
Initialized SpecSignedLap solver (GPU sparse) with alpha = 1.0. Results will be saved under 'SpecSignedLap'.
Parameters:
  instance_name: G25.txt
  dataset: Gset
  random_seed: 43
  mode: 1
  beta: None
  alpha: 1.0
  use_local_search: True
  max_local_iterations: 1000
  eigsh_tol: 1e-06
  eigsh_maxiter: 1000
  run_name: SpecSignedLap
--------------------------------------------------
Using local search with 1000 iterations
Local search improved energy to -6345.999999999999
Results saved to: results/Gset/SpecSignedLap/G25.csv
Alpha1 solver completed. Energy: -6346.000000, Time: 0.0415s
  Seed 3/10 (seed=44)
Initialized SpecSignedLap solver (GPU sparse) with alpha = 1.0. Results will be saved under 'SpecSignedLap'.
Parameters:
  instance_name: G25.txt
  dataset: Gset
  random_seed: 44
  mode: 1
  beta: None
  alpha: 1.0
  use_local_search: True
  max_local_iterations: 1000
  eigsh_tol: 1e-06
  eigsh_maxiter: 1000
  run_name: SpecSignedLap
--------------------------------------------------
Using local search with 1000 iterations
Local search improved energy to -6348.0
Results saved to: results/Gset/SpecSignedLap/G25.csv
Alpha1 solver completed. Energy: -6348.000000, Time: 0.0436s
  Seed 4/10 (seed=45)
Initialized SpecSignedLap solver (GPU sparse) with alpha = 1.0. Results will be saved under 'SpecSignedLap'.
Parameters:
  instance_name: G25.txt
  dataset: Gset
  random_seed: 45
  mode: 1
  beta: None
  alpha: 1.0
  use_local_search: True
  max_local_iterations: 1000
  eigsh_tol: 1e-06
  eigsh_maxiter: 1000
  run_name: SpecSignedLap
--------------------------------------------------
Using local search with 1000 iterations
Local search improved energy to -6338.000000000001
Results saved to: results/Gset/SpecSignedLap/G25.csv
Alpha1 solver completed. Energy: -6338.000000, Time: 0.0405s
  Seed 5/10 (seed=46)
Initialized SpecSignedLap solver (GPU sparse) with alpha = 1.0. Results will be saved under 'SpecSignedLap'.
Parameters:
  instance_name: G25.txt
  dataset: Gset
  random_seed: 46
  mode: 1
  beta: None
  alpha: 1.0
  use_local_search: True
  max_local_iterations: 1000
  eigsh_tol: 1e-06
  eigsh_maxiter: 1000
  run_name: SpecSignedLap
--------------------------------------------------
Using local search with 1000 iterations
Local search improved energy to -6352.0
Results saved to: results/Gset/SpecSignedLap/G25.csv
Alpha1 solver completed. Energy: -6352.000000, Time: 0.0439s
  Seed 6/10 (seed=47)
Initialized SpecSignedLap solver (GPU sparse) with alpha = 1.0. Results will be saved under 'SpecSignedLap'.
Parameters:
  instance_name: G25.txt
  dataset: Gset
  random_seed: 47
  mode: 1
  beta: None
  alpha: 1.0
  use_local_search: True
  max_local_iterations: 1000
  eigsh_tol: 1e-06
  eigsh_maxiter: 1000
  run_name: SpecSignedLap
--------------------------------------------------
Using local search with 1000 iterations
Local search improved energy to -6358.0
Results saved to: results/Gset/SpecSignedLap/G25.csv
Alpha1 solver completed. Energy: -6358.000000, Time: 0.0445s
  Seed 7/10 (seed=48)
Initialized SpecSignedLap solver (GPU sparse) with alpha = 1.0. Results will be saved under 'SpecSignedLap'.
Parameters:
  instance_name: G25.txt
  dataset: Gset
  random_seed: 48
  mode: 1
  beta: None
  alpha: 1.0
  use_local_search: True
  max_local_iterations: 1000
  eigsh_tol: 1e-06
  eigsh_maxiter: 1000
  run_name: SpecSignedLap
--------------------------------------------------
Using local search with 1000 iterations
Local search improved energy to -6337.999999999999
Results saved to: results/Gset/SpecSignedLap/G25.csv
Alpha1 solver completed. Energy: -6338.000000, Time: 0.0522s
  Seed 8/10 (seed=49)
Initialized SpecSignedLap solver (GPU sparse) with alpha = 1.0. Results will be saved under 'SpecSignedLap'.
Parameters:
  instance_name: G25.txt
  dataset: Gset
  random_seed: 49
  mode: 1
  beta: None
  alpha: 1.0
  use_local_search: True
  max_local_iterations: 1000
  eigsh_tol: 1e-06
  eigsh_maxiter: 1000
  run_name: SpecSignedLap
--------------------------------------------------
Using local search with 1000 iterations
Local search improved energy to -6345.999999999999
Results saved to: results/Gset/SpecSignedLap/G25.csv
Alpha1 solver completed. Energy: -6346.000000, Time: 0.0399s
  Seed 9/10 (seed=50)
Initialized SpecSignedLap solver (GPU sparse) with alpha = 1.0. Results will be saved under 'SpecSignedLap'.
Parameters:
  instance_name: G25.txt
  dataset: Gset
  random_seed: 50
  mode: 1
  beta: None
  alpha: 1.0
  use_local_search: True
  max_local_iterations: 1000
  eigsh_tol: 1e-06
  eigsh_maxiter: 1000
  run_name: SpecSignedLap
--------------------------------------------------
Using local search with 1000 iterations
Local search improved energy to -6314.000000000001
Results saved to: results/Gset/SpecSignedLap/G25.csv
Alpha1 solver completed. Energy: -6314.000000, Time: 0.0434s
  Seed 10/10 (seed=51)
Initialized SpecSignedLap solver (GPU sparse) with alpha = 1.0. Results will be saved under 'SpecSignedLap'.
Parameters:
  instance_name: G25.txt
  dataset: Gset
  random_seed: 51
  mode: 1
  beta: None
  alpha: 1.0
  use_local_search: True
  max_local_iterations: 1000
  eigsh_tol: 1e-06
  eigsh_maxiter: 1000
  run_name: SpecSignedLap
--------------------------------------------------
Using local search with 1000 iterations
Local search improved energy to -6344.0
Results saved to: results/Gset/SpecSignedLap/G25.csv
Alpha1 solver completed. Energy: -6344.000000, Time: 0.0460s
Processing instance: G26.txt
  Seed 1/10 (seed=42)
Initialized SpecSignedLap solver (GPU sparse) with alpha = 1.0. Results will be saved under 'SpecSignedLap'.
Parameters:
  instance_name: G26.txt
  dataset: Gset
  random_seed: 42
  mode: 1
  beta: None
  alpha: 1.0
  use_local_search: True
  max_local_iterations: 1000
  eigsh_tol: 1e-06
  eigsh_maxiter: 1000
  run_name: SpecSignedLap
--------------------------------------------------
Using local search with 1000 iterations
Local search improved energy to -6380.0
Results saved to: results/Gset/SpecSignedLap/G26.csv
Alpha1 solver completed. Energy: -6380.000000, Time: 0.0471s
  Seed 2/10 (seed=43)
Initialized SpecSignedLap solver (GPU sparse) with alpha = 1.0. Results will be saved under 'SpecSignedLap'.
Parameters:
  instance_name: G26.txt
  dataset: Gset
  random_seed: 43
  mode: 1
  beta: None
  alpha: 1.0
  use_local_search: True
  max_local_iterations: 1000
  eigsh_tol: 1e-06
  eigsh_maxiter: 1000
  run_name: SpecSignedLap
--------------------------------------------------
Using local search with 1000 iterations
Local search did not improve energy to -5514.0
Results saved to: results/Gset/SpecSignedLap/G26.csv
Alpha1 solver completed. Energy: -5514.000000, Time: 0.3624s
  Seed 3/10 (seed=44)
Initialized SpecSignedLap solver (GPU sparse) with alpha = 1.0. Results will be saved under 'SpecSignedLap'.
Parameters:
  instance_name: G26.txt
  dataset: Gset
  random_seed: 44
  mode: 1
  beta: None
  alpha: 1.0
  use_local_search: True
  max_local_iterations: 1000
  eigsh_tol: 1e-06
  eigsh_maxiter: 1000
  run_name: SpecSignedLap
--------------------------------------------------
Using local search with 1000 iterations
Local search improved energy to -6354.000000000001
Results saved to: results/Gset/SpecSignedLap/G26.csv
Alpha1 solver completed. Energy: -6354.000000, Time: 0.0430s
  Seed 4/10 (seed=45)
Initialized SpecSignedLap solver (GPU sparse) with alpha = 1.0. Results will be saved under 'SpecSignedLap'.
Parameters:
  instance_name: G26.txt
  dataset: Gset
  random_seed: 45
  mode: 1
  beta: None
  alpha: 1.0
  use_local_search: True
  max_local_iterations: 1000
  eigsh_tol: 1e-06
  eigsh_maxiter: 1000
  run_name: SpecSignedLap
--------------------------------------------------
Using local search with 1000 iterations
Local search did not improve energy to -5514.0
Results saved to: results/Gset/SpecSignedLap/G26.csv
Alpha1 solver completed. Energy: -5514.000000, Time: 0.3677s
  Seed 5/10 (seed=46)
Initialized SpecSignedLap solver (GPU sparse) with alpha = 1.0. Results will be saved under 'SpecSignedLap'.
Parameters:
  instance_name: G26.txt
  dataset: Gset
  random_seed: 46
  mode: 1
  beta: None
  alpha: 1.0
  use_local_search: True
  max_local_iterations: 1000
  eigsh_tol: 1e-06
  eigsh_maxiter: 1000
  run_name: SpecSignedLap
--------------------------------------------------
Using local search with 1000 iterations
Local search improved energy to -6394.0
Results saved to: results/Gset/SpecSignedLap/G26.csv
Alpha1 solver completed. Energy: -6394.000000, Time: 0.0522s
  Seed 6/10 (seed=47)
Initialized SpecSignedLap solver (GPU sparse) with alpha = 1.0. Results will be saved under 'SpecSignedLap'.
Parameters:
  instance_name: G26.txt
  dataset: Gset
  random_seed: 47
  mode: 1
  beta: None
  alpha: 1.0
  use_local_search: True
  max_local_iterations: 1000
  eigsh_tol: 1e-06
  eigsh_maxiter: 1000
  run_name: SpecSignedLap
--------------------------------------------------
Using local search with 1000 iterations
Local search improved energy to -6366.0
Results saved to: results/Gset/SpecSignedLap/G26.csv
Alpha1 solver completed. Energy: -6366.000000, Time: 0.0461s
  Seed 7/10 (seed=48)
Initialized SpecSignedLap solver (GPU sparse) with alpha = 1.0. Results will be saved under 'SpecSignedLap'.
Parameters:
  instance_name: G26.txt
  dataset: Gset
  random_seed: 48
  mode: 1
  beta: None
  alpha: 1.0
  use_local_search: True
  max_local_iterations: 1000
  eigsh_tol: 1e-06
  eigsh_maxiter: 1000
  run_name: SpecSignedLap
--------------------------------------------------
Using local search with 1000 iterations
Local search did not improve energy to -5514.0
Results saved to: results/Gset/SpecSignedLap/G26.csv
Alpha1 solver completed. Energy: -5514.000000, Time: 0.3660s
  Seed 8/10 (seed=49)
Initialized SpecSignedLap solver (GPU sparse) with alpha = 1.0. Results will be saved under 'SpecSignedLap'.
Parameters:
  instance_name: G26.txt
  dataset: Gset
  random_seed: 49
  mode: 1
  beta: None
  alpha: 1.0
  use_local_search: True
  max_local_iterations: 1000
  eigsh_tol: 1e-06
  eigsh_maxiter: 1000
  run_name: SpecSignedLap
--------------------------------------------------
Using local search with 1000 iterations
Local search improved energy to -6361.999999999999
Results saved to: results/Gset/SpecSignedLap/G26.csv
Alpha1 solver completed. Energy: -6362.000000, Time: 0.0473s
  Seed 9/10 (seed=50)
Initialized SpecSignedLap solver (GPU sparse) with alpha = 1.0. Results will be saved under 'SpecSignedLap'.
Parameters:
  instance_name: G26.txt
  dataset: Gset
  random_seed: 50
  mode: 1
  beta: None
  alpha: 1.0
  use_local_search: True
  max_local_iterations: 1000
  eigsh_tol: 1e-06
  eigsh_maxiter: 1000
  run_name: SpecSignedLap
--------------------------------------------------
Using local search with 1000 iterations
Local search improved energy to -6338.0
Results saved to: results/Gset/SpecSignedLap/G26.csv
Alpha1 solver completed. Energy: -6338.000000, Time: 0.0399s
  Seed 10/10 (seed=51)
Initialized SpecSignedLap solver (GPU sparse) with alpha = 1.0. Results will be saved under 'SpecSignedLap'.
Parameters:
  instance_name: G26.txt
  dataset: Gset
  random_seed: 51
  mode: 1
  beta: None
  alpha: 1.0
  use_local_search: True
  max_local_iterations: 1000
  eigsh_tol: 1e-06
  eigsh_maxiter: 1000
  run_name: SpecSignedLap
--------------------------------------------------
Using local search with 1000 iterations
Local search did not improve energy to -5514.0
Results saved to: results/Gset/SpecSignedLap/G26.csv
Alpha1 solver completed. Energy: -5514.000000, Time: 0.3645s
Processing instance: G27.txt
  Seed 1/10 (seed=42)
Initialized SpecSignedLap solver (GPU sparse) with alpha = 1.0. Results will be saved under 'SpecSignedLap'.
Parameters:
  instance_name: G27.txt
  dataset: Gset
  random_seed: 42
  mode: 1
  beta: None
  alpha: 1.0
  use_local_search: True
  max_local_iterations: 1000
  eigsh_tol: 1e-06
  eigsh_maxiter: 1000
  run_name: SpecSignedLap
--------------------------------------------------
Using local search with 1000 iterations
Local search improved energy to -6436.000000000002
Results saved to: results/Gset/SpecSignedLap/G27.csv
Alpha1 solver completed. Energy: -6436.000000, Time: 0.0418s
  Seed 2/10 (seed=43)
Initialized SpecSignedLap solver (GPU sparse) with alpha = 1.0. Results will be saved under 'SpecSignedLap'.
Parameters:
  instance_name: G27.txt
  dataset: Gset
  random_seed: 43
  mode: 1
  beta: None
  alpha: 1.0
  use_local_search: True
  max_local_iterations: 1000
  eigsh_tol: 1e-06
  eigsh_maxiter: 1000
  run_name: SpecSignedLap
--------------------------------------------------
Using local search with 1000 iterations
Local search improved energy to -6448.0
Results saved to: results/Gset/SpecSignedLap/G27.csv
Alpha1 solver completed. Energy: -6448.000000, Time: 0.0387s
  Seed 3/10 (seed=44)
Initialized SpecSignedLap solver (GPU sparse) with alpha = 1.0. Results will be saved under 'SpecSignedLap'.
Parameters:
  instance_name: G27.txt
  dataset: Gset
  random_seed: 44
  mode: 1
  beta: None
  alpha: 1.0
  use_local_search: True
  max_local_iterations: 1000
  eigsh_tol: 1e-06
  eigsh_maxiter: 1000
  run_name: SpecSignedLap
--------------------------------------------------
Using local search with 1000 iterations
Local search improved energy to -6446.0
Results saved to: results/Gset/SpecSignedLap/G27.csv
Alpha1 solver completed. Energy: -6446.000000, Time: 0.0730s
  Seed 4/10 (seed=45)
Initialized SpecSignedLap solver (GPU sparse) with alpha = 1.0. Results will be saved under 'SpecSignedLap'.
Parameters:
  instance_name: G27.txt
  dataset: Gset
  random_seed: 45
  mode: 1
  beta: None
  alpha: 1.0
  use_local_search: True
  max_local_iterations: 1000
  eigsh_tol: 1e-06
  eigsh_maxiter: 1000
  run_name: SpecSignedLap
--------------------------------------------------
Using local search with 1000 iterations
Local search improved energy to -6464.0
Results saved to: results/Gset/SpecSignedLap/G27.csv
Alpha1 solver completed. Energy: -6464.000000, Time: 0.0365s
  Seed 5/10 (seed=46)
Initialized SpecSignedLap solver (GPU sparse) with alpha = 1.0. Results will be saved under 'SpecSignedLap'.
Parameters:
  instance_name: G27.txt
  dataset: Gset
  random_seed: 46
  mode: 1
  beta: None
  alpha: 1.0
  use_local_search: True
  max_local_iterations: 1000
  eigsh_tol: 1e-06
  eigsh_maxiter: 1000
  run_name: SpecSignedLap
--------------------------------------------------
Using local search with 1000 iterations
Local search improved energy to -6410.000000000001
Results saved to: results/Gset/SpecSignedLap/G27.csv
Alpha1 solver completed. Energy: -6410.000000, Time: 0.0346s
  Seed 6/10 (seed=47)
Initialized SpecSignedLap solver (GPU sparse) with alpha = 1.0. Results will be saved under 'SpecSignedLap'.
Parameters:
  instance_name: G27.txt
  dataset: Gset
  random_seed: 47
  mode: 1
  beta: None
  alpha: 1.0
  use_local_search: True
  max_local_iterations: 1000
  eigsh_tol: 1e-06
  eigsh_maxiter: 1000
  run_name: SpecSignedLap
--------------------------------------------------
Using local search with 1000 iterations
Local search improved energy to -6448.0
Results saved to: results/Gset/SpecSignedLap/G27.csv
Alpha1 solver completed. Energy: -6448.000000, Time: 0.0356s
  Seed 7/10 (seed=48)
Initialized SpecSignedLap solver (GPU sparse) with alpha = 1.0. Results will be saved under 'SpecSignedLap'.
Parameters:
  instance_name: G27.txt
  dataset: Gset
  random_seed: 48
  mode: 1
  beta: None
  alpha: 1.0
  use_local_search: True
  max_local_iterations: 1000
  eigsh_tol: 1e-06
  eigsh_maxiter: 1000
  run_name: SpecSignedLap
--------------------------------------------------
Using local search with 1000 iterations
Local search improved energy to -6452.000000000001
Results saved to: results/Gset/SpecSignedLap/G27.csv
Alpha1 solver completed. Energy: -6452.000000, Time: 0.0399s
  Seed 8/10 (seed=49)
Initialized SpecSignedLap solver (GPU sparse) with alpha = 1.0. Results will be saved under 'SpecSignedLap'.
Parameters:
  instance_name: G27.txt
  dataset: Gset
  random_seed: 49
  mode: 1
  beta: None
  alpha: 1.0
  use_local_search: True
  max_local_iterations: 1000
  eigsh_tol: 1e-06
  eigsh_maxiter: 1000
  run_name: SpecSignedLap
--------------------------------------------------
Using local search with 1000 iterations
Local search improved energy to -6424.0
Results saved to: results/Gset/SpecSignedLap/G27.csv
Alpha1 solver completed. Energy: -6424.000000, Time: 0.0358s
  Seed 9/10 (seed=50)
Initialized SpecSignedLap solver (GPU sparse) with alpha = 1.0. Results will be saved under 'SpecSignedLap'.
Parameters:
  instance_name: G27.txt
  dataset: Gset
  random_seed: 50
  mode: 1
  beta: None
  alpha: 1.0
  use_local_search: True
  max_local_iterations: 1000
  eigsh_tol: 1e-06
  eigsh_maxiter: 1000
  run_name: SpecSignedLap
--------------------------------------------------
Using local search with 1000 iterations
Local search improved energy to -6462.000000000001
Results saved to: results/Gset/SpecSignedLap/G27.csv
Alpha1 solver completed. Energy: -6462.000000, Time: 0.0403s
  Seed 10/10 (seed=51)
Initialized SpecSignedLap solver (GPU sparse) with alpha = 1.0. Results will be saved under 'SpecSignedLap'.
Parameters:
  instance_name: G27.txt
  dataset: Gset
  random_seed: 51
  mode: 1
  beta: None
  alpha: 1.0
  use_local_search: True
  max_local_iterations: 1000
  eigsh_tol: 1e-06
  eigsh_maxiter: 1000
  run_name: SpecSignedLap
--------------------------------------------------
Using local search with 1000 iterations
Local search improved energy to -6446.0
Results saved to: results/Gset/SpecSignedLap/G27.csv
Alpha1 solver completed. Energy: -6446.000000, Time: 0.0341s
Processing instance: G28.txt
  Seed 1/10 (seed=42)
Initialized SpecSignedLap solver (GPU sparse) with alpha = 1.0. Results will be saved under 'SpecSignedLap'.
Parameters:
  instance_name: G28.txt
  dataset: Gset
  random_seed: 42
  mode: 1
  beta: None
  alpha: 1.0
  use_local_search: True
  max_local_iterations: 1000
  eigsh_tol: 1e-06
  eigsh_maxiter: 1000
  run_name: SpecSignedLap
--------------------------------------------------
Using local search with 1000 iterations
Local search improved energy to -6335.999999999999
Results saved to: results/Gset/SpecSignedLap/G28.csv
Alpha1 solver completed. Energy: -6336.000000, Time: 0.0461s
  Seed 2/10 (seed=43)
Initialized SpecSignedLap solver (GPU sparse) with alpha = 1.0. Results will be saved under 'SpecSignedLap'.
Parameters:
  instance_name: G28.txt
  dataset: Gset
  random_seed: 43
  mode: 1
  beta: None
  alpha: 1.0
  use_local_search: True
  max_local_iterations: 1000
  eigsh_tol: 1e-06
  eigsh_maxiter: 1000
  run_name: SpecSignedLap
--------------------------------------------------
Using local search with 1000 iterations
Local search improved energy to -6306.0
Results saved to: results/Gset/SpecSignedLap/G28.csv
Alpha1 solver completed. Energy: -6306.000000, Time: 0.0502s
  Seed 3/10 (seed=44)
Initialized SpecSignedLap solver (GPU sparse) with alpha = 1.0. Results will be saved under 'SpecSignedLap'.
Parameters:
  instance_name: G28.txt
  dataset: Gset
  random_seed: 44
  mode: 1
  beta: None
  alpha: 1.0
  use_local_search: True
  max_local_iterations: 1000
  eigsh_tol: 1e-06
  eigsh_maxiter: 1000
  run_name: SpecSignedLap
--------------------------------------------------
Using local search with 1000 iterations
Local search improved energy to -6308.000000000001
Results saved to: results/Gset/SpecSignedLap/G28.csv
Alpha1 solver completed. Energy: -6308.000000, Time: 0.0446s
  Seed 4/10 (seed=45)
Initialized SpecSignedLap solver (GPU sparse) with alpha = 1.0. Results will be saved under 'SpecSignedLap'.
Parameters:
  instance_name: G28.txt
  dataset: Gset
  random_seed: 45
  mode: 1
  beta: None
  alpha: 1.0
  use_local_search: True
  max_local_iterations: 1000
  eigsh_tol: 1e-06
  eigsh_maxiter: 1000
  run_name: SpecSignedLap
--------------------------------------------------
Using local search with 1000 iterations
Local search improved energy to -6327.999999999999
Results saved to: results/Gset/SpecSignedLap/G28.csv
Alpha1 solver completed. Energy: -6328.000000, Time: 0.0442s
  Seed 5/10 (seed=46)
Initialized SpecSignedLap solver (GPU sparse) with alpha = 1.0. Results will be saved under 'SpecSignedLap'.
Parameters:
  instance_name: G28.txt
  dataset: Gset
  random_seed: 46
  mode: 1
  beta: None
  alpha: 1.0
  use_local_search: True
  max_local_iterations: 1000
  eigsh_tol: 1e-06
  eigsh_maxiter: 1000
  run_name: SpecSignedLap
--------------------------------------------------
Using local search with 1000 iterations
Local search improved energy to -6328.0
Results saved to: results/Gset/SpecSignedLap/G28.csv
Alpha1 solver completed. Energy: -6328.000000, Time: 0.0440s
  Seed 6/10 (seed=47)
Initialized SpecSignedLap solver (GPU sparse) with alpha = 1.0. Results will be saved under 'SpecSignedLap'.
Parameters:
  instance_name: G28.txt
  dataset: Gset
  random_seed: 47
  mode: 1
  beta: None
  alpha: 1.0
  use_local_search: True
  max_local_iterations: 1000
  eigsh_tol: 1e-06
  eigsh_maxiter: 1000
  run_name: SpecSignedLap
--------------------------------------------------
Using local search with 1000 iterations
Local search improved energy to -6334.0
Results saved to: results/Gset/SpecSignedLap/G28.csv
Alpha1 solver completed. Energy: -6334.000000, Time: 0.0463s
  Seed 7/10 (seed=48)
Initialized SpecSignedLap solver (GPU sparse) with alpha = 1.0. Results will be saved under 'SpecSignedLap'.
Parameters:
  instance_name: G28.txt
  dataset: Gset
  random_seed: 48
  mode: 1
  beta: None
  alpha: 1.0
  use_local_search: True
  max_local_iterations: 1000
  eigsh_tol: 1e-06
  eigsh_maxiter: 1000
  run_name: SpecSignedLap
--------------------------------------------------
Using local search with 1000 iterations
Local search improved energy to -6340.0
Results saved to: results/Gset/SpecSignedLap/G28.csv
Alpha1 solver completed. Energy: -6340.000000, Time: 0.0452s
  Seed 8/10 (seed=49)
Initialized SpecSignedLap solver (GPU sparse) with alpha = 1.0. Results will be saved under 'SpecSignedLap'.
Parameters:
  instance_name: G28.txt
  dataset: Gset
  random_seed: 49
  mode: 1
  beta: None
  alpha: 1.0
  use_local_search: True
  max_local_iterations: 1000
  eigsh_tol: 1e-06
  eigsh_maxiter: 1000
  run_name: SpecSignedLap
--------------------------------------------------
Using local search with 1000 iterations
Local search improved energy to -6336.0
Results saved to: results/Gset/SpecSignedLap/G28.csv
Alpha1 solver completed. Energy: -6336.000000, Time: 0.0427s
  Seed 9/10 (seed=50)
Initialized SpecSignedLap solver (GPU sparse) with alpha = 1.0. Results will be saved under 'SpecSignedLap'.
Parameters:
  instance_name: G28.txt
  dataset: Gset
  random_seed: 50
  mode: 1
  beta: None
  alpha: 1.0
  use_local_search: True
  max_local_iterations: 1000
  eigsh_tol: 1e-06
  eigsh_maxiter: 1000
  run_name: SpecSignedLap
--------------------------------------------------
Using local search with 1000 iterations
Local search improved energy to -6318.0
Results saved to: results/Gset/SpecSignedLap/G28.csv
Alpha1 solver completed. Energy: -6318.000000, Time: 0.0449s
  Seed 10/10 (seed=51)
Initialized SpecSignedLap solver (GPU sparse) with alpha = 1.0. Results will be saved under 'SpecSignedLap'.
Parameters:
  instance_name: G28.txt
  dataset: Gset
  random_seed: 51
  mode: 1
  beta: None
  alpha: 1.0
  use_local_search: True
  max_local_iterations: 1000
  eigsh_tol: 1e-06
  eigsh_maxiter: 1000
  run_name: SpecSignedLap
--------------------------------------------------
Using local search with 1000 iterations
Local search improved energy to -6303.999999999999
Results saved to: results/Gset/SpecSignedLap/G28.csv
Alpha1 solver completed. Energy: -6304.000000, Time: 0.0443s
Processing instance: G29.txt
  Seed 1/10 (seed=42)
Initialized SpecSignedLap solver (GPU sparse) with alpha = 1.0. Results will be saved under 'SpecSignedLap'.
Parameters:
  instance_name: G29.txt
  dataset: Gset
  random_seed: 42
  mode: 1
  beta: None
  alpha: 1.0
  use_local_search: True
  max_local_iterations: 1000
  eigsh_tol: 1e-06
  eigsh_maxiter: 1000
  run_name: SpecSignedLap
--------------------------------------------------
Using local search with 1000 iterations
Local search improved energy to -6448.0
Results saved to: results/Gset/SpecSignedLap/G29.csv
Alpha1 solver completed. Energy: -6448.000000, Time: 0.0440s
  Seed 2/10 (seed=43)
Initialized SpecSignedLap solver (GPU sparse) with alpha = 1.0. Results will be saved under 'SpecSignedLap'.
Parameters:
  instance_name: G29.txt
  dataset: Gset
  random_seed: 43
  mode: 1
  beta: None
  alpha: 1.0
  use_local_search: True
  max_local_iterations: 1000
  eigsh_tol: 1e-06
  eigsh_maxiter: 1000
  run_name: SpecSignedLap
--------------------------------------------------
Using local search with 1000 iterations
Local search improved energy to -6456.0
Results saved to: results/Gset/SpecSignedLap/G29.csv
Alpha1 solver completed. Energy: -6456.000000, Time: 0.0389s
  Seed 3/10 (seed=44)
Initialized SpecSignedLap solver (GPU sparse) with alpha = 1.0. Results will be saved under 'SpecSignedLap'.
Parameters:
  instance_name: G29.txt
  dataset: Gset
  random_seed: 44
  mode: 1
  beta: None
  alpha: 1.0
  use_local_search: True
  max_local_iterations: 1000
  eigsh_tol: 1e-06
  eigsh_maxiter: 1000
  run_name: SpecSignedLap
--------------------------------------------------
Using local search with 1000 iterations
Local search improved energy to -6471.999999999999
Results saved to: results/Gset/SpecSignedLap/G29.csv
Alpha1 solver completed. Energy: -6472.000000, Time: 0.0413s
  Seed 4/10 (seed=45)
Initialized SpecSignedLap solver (GPU sparse) with alpha = 1.0. Results will be saved under 'SpecSignedLap'.
Parameters:
  instance_name: G29.txt
  dataset: Gset
  random_seed: 45
  mode: 1
  beta: None
  alpha: 1.0
  use_local_search: True
  max_local_iterations: 1000
  eigsh_tol: 1e-06
  eigsh_maxiter: 1000
  run_name: SpecSignedLap
--------------------------------------------------
Using local search with 1000 iterations
Local search improved energy to -6463.999999999999
Results saved to: results/Gset/SpecSignedLap/G29.csv
Alpha1 solver completed. Energy: -6464.000000, Time: 0.0409s
  Seed 5/10 (seed=46)
Initialized SpecSignedLap solver (GPU sparse) with alpha = 1.0. Results will be saved under 'SpecSignedLap'.
Parameters:
  instance_name: G29.txt
  dataset: Gset
  random_seed: 46
  mode: 1
  beta: None
  alpha: 1.0
  use_local_search: True
  max_local_iterations: 1000
  eigsh_tol: 1e-06
  eigsh_maxiter: 1000
  run_name: SpecSignedLap
--------------------------------------------------
Using local search with 1000 iterations
Local search improved energy to -6449.999999999998
Results saved to: results/Gset/SpecSignedLap/G29.csv
Alpha1 solver completed. Energy: -6450.000000, Time: 0.0385s
  Seed 6/10 (seed=47)
Initialized SpecSignedLap solver (GPU sparse) with alpha = 1.0. Results will be saved under 'SpecSignedLap'.
Parameters:
  instance_name: G29.txt
  dataset: Gset
  random_seed: 47
  mode: 1
  beta: None
  alpha: 1.0
  use_local_search: True
  max_local_iterations: 1000
  eigsh_tol: 1e-06
  eigsh_maxiter: 1000
  run_name: SpecSignedLap
--------------------------------------------------
Using local search with 1000 iterations
Local search improved energy to -6422.0
Results saved to: results/Gset/SpecSignedLap/G29.csv
Alpha1 solver completed. Energy: -6422.000000, Time: 0.0385s
  Seed 7/10 (seed=48)
Initialized SpecSignedLap solver (GPU sparse) with alpha = 1.0. Results will be saved under 'SpecSignedLap'.
Parameters:
  instance_name: G29.txt
  dataset: Gset
  random_seed: 48
  mode: 1
  beta: None
  alpha: 1.0
  use_local_search: True
  max_local_iterations: 1000
  eigsh_tol: 1e-06
  eigsh_maxiter: 1000
  run_name: SpecSignedLap
--------------------------------------------------
Using local search with 1000 iterations
Local search improved energy to -6463.999999999999
Results saved to: results/Gset/SpecSignedLap/G29.csv
Alpha1 solver completed. Energy: -6464.000000, Time: 0.0359s
  Seed 8/10 (seed=49)
Initialized SpecSignedLap solver (GPU sparse) with alpha = 1.0. Results will be saved under 'SpecSignedLap'.
Parameters:
  instance_name: G29.txt
  dataset: Gset
  random_seed: 49
  mode: 1
  beta: None
  alpha: 1.0
  use_local_search: True
  max_local_iterations: 1000
  eigsh_tol: 1e-06
  eigsh_maxiter: 1000
  run_name: SpecSignedLap
--------------------------------------------------
Using local search with 1000 iterations
Local search improved energy to -6452.0
Results saved to: results/Gset/SpecSignedLap/G29.csv
Alpha1 solver completed. Energy: -6452.000000, Time: 0.0405s
  Seed 9/10 (seed=50)
Initialized SpecSignedLap solver (GPU sparse) with alpha = 1.0. Results will be saved under 'SpecSignedLap'.
Parameters:
  instance_name: G29.txt
  dataset: Gset
  random_seed: 50
  mode: 1
  beta: None
  alpha: 1.0
  use_local_search: True
  max_local_iterations: 1000
  eigsh_tol: 1e-06
  eigsh_maxiter: 1000
  run_name: SpecSignedLap
--------------------------------------------------
Using local search with 1000 iterations
Local search improved energy to -6439.999999999999
Results saved to: results/Gset/SpecSignedLap/G29.csv
Alpha1 solver completed. Energy: -6440.000000, Time: 0.0362s
  Seed 10/10 (seed=51)
Initialized SpecSignedLap solver (GPU sparse) with alpha = 1.0. Results will be saved under 'SpecSignedLap'.
Parameters:
  instance_name: G29.txt
  dataset: Gset
  random_seed: 51
  mode: 1
  beta: None
  alpha: 1.0
  use_local_search: True
  max_local_iterations: 1000
  eigsh_tol: 1e-06
  eigsh_maxiter: 1000
  run_name: SpecSignedLap
--------------------------------------------------
Using local search with 1000 iterations
Local search improved energy to -6431.999999999999
Results saved to: results/Gset/SpecSignedLap/G29.csv
Alpha1 solver completed. Energy: -6432.000000, Time: 0.0344s
Processing instance: G3.txt
  Seed 1/10 (seed=42)
Initialized SpecSignedLap solver (GPU sparse) with alpha = 1.0. Results will be saved under 'SpecSignedLap'.
Parameters:
  instance_name: G3.txt
  dataset: Gset
  random_seed: 42
  mode: 1
  beta: None
  alpha: 1.0
  use_local_search: True
  max_local_iterations: 1000
  eigsh_tol: 1e-06
  eigsh_maxiter: 1000
  run_name: SpecSignedLap
--------------------------------------------------
Using local search with 1000 iterations
Local search did not improve energy to -3419.9999999999995
Results saved to: results/Gset/SpecSignedLap/G3.csv
Alpha1 solver completed. Energy: -3420.000000, Time: 0.3549s
  Seed 2/10 (seed=43)
Initialized SpecSignedLap solver (GPU sparse) with alpha = 1.0. Results will be saved under 'SpecSignedLap'.
Parameters:
  instance_name: G3.txt
  dataset: Gset
  random_seed: 43
  mode: 1
  beta: None
  alpha: 1.0
  use_local_search: True
  max_local_iterations: 1000
  eigsh_tol: 1e-06
  eigsh_maxiter: 1000
  run_name: SpecSignedLap
--------------------------------------------------
Using local search with 1000 iterations
Local search did not improve energy to -3419.9999999999995
Results saved to: results/Gset/SpecSignedLap/G3.csv
Alpha1 solver completed. Energy: -3420.000000, Time: 0.3488s
  Seed 3/10 (seed=44)
Initialized SpecSignedLap solver (GPU sparse) with alpha = 1.0. Results will be saved under 'SpecSignedLap'.
Parameters:
  instance_name: G3.txt
  dataset: Gset
  random_seed: 44
  mode: 1
  beta: None
  alpha: 1.0
  use_local_search: True
  max_local_iterations: 1000
  eigsh_tol: 1e-06
  eigsh_maxiter: 1000
  run_name: SpecSignedLap
--------------------------------------------------
Using local search with 1000 iterations
Local search did not improve energy to -3419.9999999999995
Results saved to: results/Gset/SpecSignedLap/G3.csv
Alpha1 solver completed. Energy: -3420.000000, Time: 0.3542s
  Seed 4/10 (seed=45)
Initialized SpecSignedLap solver (GPU sparse) with alpha = 1.0. Results will be saved under 'SpecSignedLap'.
Parameters:
  instance_name: G3.txt
  dataset: Gset
  random_seed: 45
  mode: 1
  beta: None
  alpha: 1.0
  use_local_search: True
  max_local_iterations: 1000
  eigsh_tol: 1e-06
  eigsh_maxiter: 1000
  run_name: SpecSignedLap
--------------------------------------------------
Using local search with 1000 iterations
Local search did not improve energy to -3419.9999999999995
Results saved to: results/Gset/SpecSignedLap/G3.csv
Alpha1 solver completed. Energy: -3420.000000, Time: 0.3601s
  Seed 5/10 (seed=46)
Initialized SpecSignedLap solver (GPU sparse) with alpha = 1.0. Results will be saved under 'SpecSignedLap'.
Parameters:
  instance_name: G3.txt
  dataset: Gset
  random_seed: 46
  mode: 1
  beta: None
  alpha: 1.0
  use_local_search: True
  max_local_iterations: 1000
  eigsh_tol: 1e-06
  eigsh_maxiter: 1000
  run_name: SpecSignedLap
--------------------------------------------------
Using local search with 1000 iterations
Local search did not improve energy to -3419.9999999999995
Results saved to: results/Gset/SpecSignedLap/G3.csv
Alpha1 solver completed. Energy: -3420.000000, Time: 0.3700s
  Seed 6/10 (seed=47)
Initialized SpecSignedLap solver (GPU sparse) with alpha = 1.0. Results will be saved under 'SpecSignedLap'.
Parameters:
  instance_name: G3.txt
  dataset: Gset
  random_seed: 47
  mode: 1
  beta: None
  alpha: 1.0
  use_local_search: True
  max_local_iterations: 1000
  eigsh_tol: 1e-06
  eigsh_maxiter: 1000
  run_name: SpecSignedLap
--------------------------------------------------
Using local search with 1000 iterations
Local search did not improve energy to -3419.9999999999995
Results saved to: results/Gset/SpecSignedLap/G3.csv
Alpha1 solver completed. Energy: -3420.000000, Time: 0.3733s
  Seed 7/10 (seed=48)
Initialized SpecSignedLap solver (GPU sparse) with alpha = 1.0. Results will be saved under 'SpecSignedLap'.
Parameters:
  instance_name: G3.txt
  dataset: Gset
  random_seed: 48
  mode: 1
  beta: None
  alpha: 1.0
  use_local_search: True
  max_local_iterations: 1000
  eigsh_tol: 1e-06
  eigsh_maxiter: 1000
  run_name: SpecSignedLap
--------------------------------------------------
Using local search with 1000 iterations
Local search did not improve energy to -3419.9999999999995
Results saved to: results/Gset/SpecSignedLap/G3.csv
Alpha1 solver completed. Energy: -3420.000000, Time: 0.3725s
  Seed 8/10 (seed=49)
Initialized SpecSignedLap solver (GPU sparse) with alpha = 1.0. Results will be saved under 'SpecSignedLap'.
Parameters:
  instance_name: G3.txt
  dataset: Gset
  random_seed: 49
  mode: 1
  beta: None
  alpha: 1.0
  use_local_search: True
  max_local_iterations: 1000
  eigsh_tol: 1e-06
  eigsh_maxiter: 1000
  run_name: SpecSignedLap
--------------------------------------------------
Using local search with 1000 iterations
Local search did not improve energy to -3419.9999999999995
Results saved to: results/Gset/SpecSignedLap/G3.csv
Alpha1 solver completed. Energy: -3420.000000, Time: 0.3780s
  Seed 9/10 (seed=50)
Initialized SpecSignedLap solver (GPU sparse) with alpha = 1.0. Results will be saved under 'SpecSignedLap'.
Parameters:
  instance_name: G3.txt
  dataset: Gset
  random_seed: 50
  mode: 1
  beta: None
  alpha: 1.0
  use_local_search: True
  max_local_iterations: 1000
  eigsh_tol: 1e-06
  eigsh_maxiter: 1000
  run_name: SpecSignedLap
--------------------------------------------------
Using local search with 1000 iterations
Local search did not improve energy to -3419.9999999999995
Results saved to: results/Gset/SpecSignedLap/G3.csv
Alpha1 solver completed. Energy: -3420.000000, Time: 0.3731s
  Seed 10/10 (seed=51)
Initialized SpecSignedLap solver (GPU sparse) with alpha = 1.0. Results will be saved under 'SpecSignedLap'.
Parameters:
  instance_name: G3.txt
  dataset: Gset
  random_seed: 51
  mode: 1
  beta: None
  alpha: 1.0
  use_local_search: True
  max_local_iterations: 1000
  eigsh_tol: 1e-06
  eigsh_maxiter: 1000
  run_name: SpecSignedLap
--------------------------------------------------
Using local search with 1000 iterations
Local search did not improve energy to -3419.9999999999995
Results saved to: results/Gset/SpecSignedLap/G3.csv
Alpha1 solver completed. Energy: -3420.000000, Time: 0.3822s
Processing instance: G30.txt
  Seed 1/10 (seed=42)
Initialized SpecSignedLap solver (GPU sparse) with alpha = 1.0. Results will be saved under 'SpecSignedLap'.
Parameters:
  instance_name: G30.txt
  dataset: Gset
  random_seed: 42
  mode: 1
  beta: None
  alpha: 1.0
  use_local_search: True
  max_local_iterations: 1000
  eigsh_tol: 1e-06
  eigsh_maxiter: 1000
  run_name: SpecSignedLap
--------------------------------------------------
Using local search with 1000 iterations
Local search improved energy to -6438.000000000001
Results saved to: results/Gset/SpecSignedLap/G30.csv
Alpha1 solver completed. Energy: -6438.000000, Time: 0.0451s
  Seed 2/10 (seed=43)
Initialized SpecSignedLap solver (GPU sparse) with alpha = 1.0. Results will be saved under 'SpecSignedLap'.
Parameters:
  instance_name: G30.txt
  dataset: Gset
  random_seed: 43
  mode: 1
  beta: None
  alpha: 1.0
  use_local_search: True
  max_local_iterations: 1000
  eigsh_tol: 1e-06
  eigsh_maxiter: 1000
  run_name: SpecSignedLap
--------------------------------------------------
Using local search with 1000 iterations
Local search improved energy to -6430.0
Results saved to: results/Gset/SpecSignedLap/G30.csv
Alpha1 solver completed. Energy: -6430.000000, Time: 0.0474s
  Seed 3/10 (seed=44)
Initialized SpecSignedLap solver (GPU sparse) with alpha = 1.0. Results will be saved under 'SpecSignedLap'.
Parameters:
  instance_name: G30.txt
  dataset: Gset
  random_seed: 44
  mode: 1
  beta: None
  alpha: 1.0
  use_local_search: True
  max_local_iterations: 1000
  eigsh_tol: 1e-06
  eigsh_maxiter: 1000
  run_name: SpecSignedLap
--------------------------------------------------
Using local search with 1000 iterations
Local search improved energy to -6401.999999999999
Results saved to: results/Gset/SpecSignedLap/G30.csv
Alpha1 solver completed. Energy: -6402.000000, Time: 0.0439s
  Seed 4/10 (seed=45)
Initialized SpecSignedLap solver (GPU sparse) with alpha = 1.0. Results will be saved under 'SpecSignedLap'.
Parameters:
  instance_name: G30.txt
  dataset: Gset
  random_seed: 45
  mode: 1
  beta: None
  alpha: 1.0
  use_local_search: True
  max_local_iterations: 1000
  eigsh_tol: 1e-06
  eigsh_maxiter: 1000
  run_name: SpecSignedLap
--------------------------------------------------
Using local search with 1000 iterations
Local search improved energy to -6434.0
Results saved to: results/Gset/SpecSignedLap/G30.csv
Alpha1 solver completed. Energy: -6434.000000, Time: 0.0403s
  Seed 5/10 (seed=46)
Initialized SpecSignedLap solver (GPU sparse) with alpha = 1.0. Results will be saved under 'SpecSignedLap'.
Parameters:
  instance_name: G30.txt
  dataset: Gset
  random_seed: 46
  mode: 1
  beta: None
  alpha: 1.0
  use_local_search: True
  max_local_iterations: 1000
  eigsh_tol: 1e-06
  eigsh_maxiter: 1000
  run_name: SpecSignedLap
--------------------------------------------------
Using local search with 1000 iterations
Local search improved energy to -6430.0
Results saved to: results/Gset/SpecSignedLap/G30.csv
Alpha1 solver completed. Energy: -6430.000000, Time: 0.0415s
  Seed 6/10 (seed=47)
Initialized SpecSignedLap solver (GPU sparse) with alpha = 1.0. Results will be saved under 'SpecSignedLap'.
Parameters:
  instance_name: G30.txt
  dataset: Gset
  random_seed: 47
  mode: 1
  beta: None
  alpha: 1.0
  use_local_search: True
  max_local_iterations: 1000
  eigsh_tol: 1e-06
  eigsh_maxiter: 1000
  run_name: SpecSignedLap
--------------------------------------------------
Using local search with 1000 iterations
Local search improved energy to -6463.999999999999
Results saved to: results/Gset/SpecSignedLap/G30.csv
Alpha1 solver completed. Energy: -6464.000000, Time: 0.0359s
  Seed 7/10 (seed=48)
Initialized SpecSignedLap solver (GPU sparse) with alpha = 1.0. Results will be saved under 'SpecSignedLap'.
Parameters:
  instance_name: G30.txt
  dataset: Gset
  random_seed: 48
  mode: 1
  beta: None
  alpha: 1.0
  use_local_search: True
  max_local_iterations: 1000
  eigsh_tol: 1e-06
  eigsh_maxiter: 1000
  run_name: SpecSignedLap
--------------------------------------------------
Using local search with 1000 iterations
Local search improved energy to -6418.0
Results saved to: results/Gset/SpecSignedLap/G30.csv
Alpha1 solver completed. Energy: -6418.000000, Time: 0.0388s
  Seed 8/10 (seed=49)
Initialized SpecSignedLap solver (GPU sparse) with alpha = 1.0. Results will be saved under 'SpecSignedLap'.
Parameters:
  instance_name: G30.txt
  dataset: Gset
  random_seed: 49
  mode: 1
  beta: None
  alpha: 1.0
  use_local_search: True
  max_local_iterations: 1000
  eigsh_tol: 1e-06
  eigsh_maxiter: 1000
  run_name: SpecSignedLap
--------------------------------------------------
Using local search with 1000 iterations
Local search improved energy to -6447.999999999999
Results saved to: results/Gset/SpecSignedLap/G30.csv
Alpha1 solver completed. Energy: -6448.000000, Time: 0.0445s
  Seed 9/10 (seed=50)
Initialized SpecSignedLap solver (GPU sparse) with alpha = 1.0. Results will be saved under 'SpecSignedLap'.
Parameters:
  instance_name: G30.txt
  dataset: Gset
  random_seed: 50
  mode: 1
  beta: None
  alpha: 1.0
  use_local_search: True
  max_local_iterations: 1000
  eigsh_tol: 1e-06
  eigsh_maxiter: 1000
  run_name: SpecSignedLap
--------------------------------------------------
Using local search with 1000 iterations
Local search improved energy to -6436.0
Results saved to: results/Gset/SpecSignedLap/G30.csv
Alpha1 solver completed. Energy: -6436.000000, Time: 0.0408s
  Seed 10/10 (seed=51)
Initialized SpecSignedLap solver (GPU sparse) with alpha = 1.0. Results will be saved under 'SpecSignedLap'.
Parameters:
  instance_name: G30.txt
  dataset: Gset
  random_seed: 51
  mode: 1
  beta: None
  alpha: 1.0
  use_local_search: True
  max_local_iterations: 1000
  eigsh_tol: 1e-06
  eigsh_maxiter: 1000
  run_name: SpecSignedLap
--------------------------------------------------
Using local search with 1000 iterations
Local search improved energy to -6428.0
Results saved to: results/Gset/SpecSignedLap/G30.csv
Alpha1 solver completed. Energy: -6428.000000, Time: 0.0403s
Processing instance: G31.txt
  Seed 1/10 (seed=42)
Initialized SpecSignedLap solver (GPU sparse) with alpha = 1.0. Results will be saved under 'SpecSignedLap'.
Parameters:
  instance_name: G31.txt
  dataset: Gset
  random_seed: 42
  mode: 1
  beta: None
  alpha: 1.0
  use_local_search: True
  max_local_iterations: 1000
  eigsh_tol: 1e-06
  eigsh_maxiter: 1000
  run_name: SpecSignedLap
--------------------------------------------------
Using local search with 1000 iterations
Local search improved energy to -6402.0
Results saved to: results/Gset/SpecSignedLap/G31.csv
Alpha1 solver completed. Energy: -6402.000000, Time: 0.0564s
  Seed 2/10 (seed=43)
Initialized SpecSignedLap solver (GPU sparse) with alpha = 1.0. Results will be saved under 'SpecSignedLap'.
Parameters:
  instance_name: G31.txt
  dataset: Gset
  random_seed: 43
  mode: 1
  beta: None
  alpha: 1.0
  use_local_search: True
  max_local_iterations: 1000
  eigsh_tol: 1e-06
  eigsh_maxiter: 1000
  run_name: SpecSignedLap
--------------------------------------------------
Using local search with 1000 iterations
Local search improved energy to -6390.000000000001
Results saved to: results/Gset/SpecSignedLap/G31.csv
Alpha1 solver completed. Energy: -6390.000000, Time: 0.0515s
  Seed 3/10 (seed=44)
Initialized SpecSignedLap solver (GPU sparse) with alpha = 1.0. Results will be saved under 'SpecSignedLap'.
Parameters:
  instance_name: G31.txt
  dataset: Gset
  random_seed: 44
  mode: 1
  beta: None
  alpha: 1.0
  use_local_search: True
  max_local_iterations: 1000
  eigsh_tol: 1e-06
  eigsh_maxiter: 1000
  run_name: SpecSignedLap
--------------------------------------------------
Using local search with 1000 iterations
Local search improved energy to -6432.0
Results saved to: results/Gset/SpecSignedLap/G31.csv
Alpha1 solver completed. Energy: -6432.000000, Time: 0.0516s
  Seed 4/10 (seed=45)
Initialized SpecSignedLap solver (GPU sparse) with alpha = 1.0. Results will be saved under 'SpecSignedLap'.
Parameters:
  instance_name: G31.txt
  dataset: Gset
  random_seed: 45
  mode: 1
  beta: None
  alpha: 1.0
  use_local_search: True
  max_local_iterations: 1000
  eigsh_tol: 1e-06
  eigsh_maxiter: 1000
  run_name: SpecSignedLap
--------------------------------------------------
Using local search with 1000 iterations
Local search improved energy to -6372.0
Results saved to: results/Gset/SpecSignedLap/G31.csv
Alpha1 solver completed. Energy: -6372.000000, Time: 0.0504s
  Seed 5/10 (seed=46)
Initialized SpecSignedLap solver (GPU sparse) with alpha = 1.0. Results will be saved under 'SpecSignedLap'.
Parameters:
  instance_name: G31.txt
  dataset: Gset
  random_seed: 46
  mode: 1
  beta: None
  alpha: 1.0
  use_local_search: True
  max_local_iterations: 1000
  eigsh_tol: 1e-06
  eigsh_maxiter: 1000
  run_name: SpecSignedLap
--------------------------------------------------
Using local search with 1000 iterations
Local search improved energy to -6396.0
Results saved to: results/Gset/SpecSignedLap/G31.csv
Alpha1 solver completed. Energy: -6396.000000, Time: 0.0538s
  Seed 6/10 (seed=47)
Initialized SpecSignedLap solver (GPU sparse) with alpha = 1.0. Results will be saved under 'SpecSignedLap'.
Parameters:
  instance_name: G31.txt
  dataset: Gset
  random_seed: 47
  mode: 1
  beta: None
  alpha: 1.0
  use_local_search: True
  max_local_iterations: 1000
  eigsh_tol: 1e-06
  eigsh_maxiter: 1000
  run_name: SpecSignedLap
--------------------------------------------------
Using local search with 1000 iterations
Local search improved energy to -6398.0
Results saved to: results/Gset/SpecSignedLap/G31.csv
Alpha1 solver completed. Energy: -6398.000000, Time: 0.0550s
  Seed 7/10 (seed=48)
Initialized SpecSignedLap solver (GPU sparse) with alpha = 1.0. Results will be saved under 'SpecSignedLap'.
Parameters:
  instance_name: G31.txt
  dataset: Gset
  random_seed: 48
  mode: 1
  beta: None
  alpha: 1.0
  use_local_search: True
  max_local_iterations: 1000
  eigsh_tol: 1e-06
  eigsh_maxiter: 1000
  run_name: SpecSignedLap
--------------------------------------------------
Using local search with 1000 iterations
Local search improved energy to -6358.000000000001
Results saved to: results/Gset/SpecSignedLap/G31.csv
Alpha1 solver completed. Energy: -6358.000000, Time: 0.0553s
  Seed 8/10 (seed=49)
Initialized SpecSignedLap solver (GPU sparse) with alpha = 1.0. Results will be saved under 'SpecSignedLap'.
Parameters:
  instance_name: G31.txt
  dataset: Gset
  random_seed: 49
  mode: 1
  beta: None
  alpha: 1.0
  use_local_search: True
  max_local_iterations: 1000
  eigsh_tol: 1e-06
  eigsh_maxiter: 1000
  run_name: SpecSignedLap
--------------------------------------------------
Using local search with 1000 iterations
Local search improved energy to -6428.000000000001
Results saved to: results/Gset/SpecSignedLap/G31.csv
Alpha1 solver completed. Energy: -6428.000000, Time: 0.0501s
  Seed 9/10 (seed=50)
Initialized SpecSignedLap solver (GPU sparse) with alpha = 1.0. Results will be saved under 'SpecSignedLap'.
Parameters:
  instance_name: G31.txt
  dataset: Gset
  random_seed: 50
  mode: 1
  beta: None
  alpha: 1.0
  use_local_search: True
  max_local_iterations: 1000
  eigsh_tol: 1e-06
  eigsh_maxiter: 1000
  run_name: SpecSignedLap
--------------------------------------------------
Using local search with 1000 iterations
Local search improved energy to -6396.0
Results saved to: results/Gset/SpecSignedLap/G31.csv
Alpha1 solver completed. Energy: -6396.000000, Time: 0.0529s
  Seed 10/10 (seed=51)
Initialized SpecSignedLap solver (GPU sparse) with alpha = 1.0. Results will be saved under 'SpecSignedLap'.
Parameters:
  instance_name: G31.txt
  dataset: Gset
  random_seed: 51
  mode: 1
  beta: None
  alpha: 1.0
  use_local_search: True
  max_local_iterations: 1000
  eigsh_tol: 1e-06
  eigsh_maxiter: 1000
  run_name: SpecSignedLap
--------------------------------------------------
Using local search with 1000 iterations
Local search improved energy to -6410.0
Results saved to: results/Gset/SpecSignedLap/G31.csv
Alpha1 solver completed. Energy: -6410.000000, Time: 0.0546s
Processing instance: G32.txt
  Seed 1/10 (seed=42)
Initialized SpecSignedLap solver (GPU sparse) with alpha = 1.0. Results will be saved under 'SpecSignedLap'.
Parameters:
  instance_name: G32.txt
  dataset: Gset
  random_seed: 42
  mode: 1
  beta: None
  alpha: 1.0
  use_local_search: True
  max_local_iterations: 1000
  eigsh_tol: 1e-06
  eigsh_maxiter: 1000
  run_name: SpecSignedLap
--------------------------------------------------
Using local search with 1000 iterations
Local search improved energy to -2606.0
Results saved to: results/Gset/SpecSignedLap/G32.csv
Alpha1 solver completed. Energy: -2606.000000, Time: 0.0343s
  Seed 2/10 (seed=43)
Initialized SpecSignedLap solver (GPU sparse) with alpha = 1.0. Results will be saved under 'SpecSignedLap'.
Parameters:
  instance_name: G32.txt
  dataset: Gset
  random_seed: 43
  mode: 1
  beta: None
  alpha: 1.0
  use_local_search: True
  max_local_iterations: 1000
  eigsh_tol: 1e-06
  eigsh_maxiter: 1000
  run_name: SpecSignedLap
--------------------------------------------------
Using local search with 1000 iterations
Local search improved energy to -2586.0
Results saved to: results/Gset/SpecSignedLap/G32.csv
Alpha1 solver completed. Energy: -2586.000000, Time: 0.0345s
  Seed 3/10 (seed=44)
Initialized SpecSignedLap solver (GPU sparse) with alpha = 1.0. Results will be saved under 'SpecSignedLap'.
Parameters:
  instance_name: G32.txt
  dataset: Gset
  random_seed: 44
  mode: 1
  beta: None
  alpha: 1.0
  use_local_search: True
  max_local_iterations: 1000
  eigsh_tol: 1e-06
  eigsh_maxiter: 1000
  run_name: SpecSignedLap
--------------------------------------------------
Using local search with 1000 iterations
Local search improved energy to -2618.0
Results saved to: results/Gset/SpecSignedLap/G32.csv
Alpha1 solver completed. Energy: -2618.000000, Time: 0.0345s
  Seed 4/10 (seed=45)
Initialized SpecSignedLap solver (GPU sparse) with alpha = 1.0. Results will be saved under 'SpecSignedLap'.
Parameters:
  instance_name: G32.txt
  dataset: Gset
  random_seed: 45
  mode: 1
  beta: None
  alpha: 1.0
  use_local_search: True
  max_local_iterations: 1000
  eigsh_tol: 1e-06
  eigsh_maxiter: 1000
  run_name: SpecSignedLap
--------------------------------------------------
Using local search with 1000 iterations
Local search improved energy to -2586.0
Results saved to: results/Gset/SpecSignedLap/G32.csv
Alpha1 solver completed. Energy: -2586.000000, Time: 0.0341s
  Seed 5/10 (seed=46)
Initialized SpecSignedLap solver (GPU sparse) with alpha = 1.0. Results will be saved under 'SpecSignedLap'.
Parameters:
  instance_name: G32.txt
  dataset: Gset
  random_seed: 46
  mode: 1
  beta: None
  alpha: 1.0
  use_local_search: True
  max_local_iterations: 1000
  eigsh_tol: 1e-06
  eigsh_maxiter: 1000
  run_name: SpecSignedLap
--------------------------------------------------
Using local search with 1000 iterations
Local search improved energy to -2578.0
Results saved to: results/Gset/SpecSignedLap/G32.csv
Alpha1 solver completed. Energy: -2578.000000, Time: 0.0341s
  Seed 6/10 (seed=47)
Initialized SpecSignedLap solver (GPU sparse) with alpha = 1.0. Results will be saved under 'SpecSignedLap'.
Parameters:
  instance_name: G32.txt
  dataset: Gset
  random_seed: 47
  mode: 1
  beta: None
  alpha: 1.0
  use_local_search: True
  max_local_iterations: 1000
  eigsh_tol: 1e-06
  eigsh_maxiter: 1000
  run_name: SpecSignedLap
--------------------------------------------------
Using local search with 1000 iterations
Local search improved energy to -2582.0
Results saved to: results/Gset/SpecSignedLap/G32.csv
Alpha1 solver completed. Energy: -2582.000000, Time: 0.0345s
  Seed 7/10 (seed=48)
Initialized SpecSignedLap solver (GPU sparse) with alpha = 1.0. Results will be saved under 'SpecSignedLap'.
Parameters:
  instance_name: G32.txt
  dataset: Gset
  random_seed: 48
  mode: 1
  beta: None
  alpha: 1.0
  use_local_search: True
  max_local_iterations: 1000
  eigsh_tol: 1e-06
  eigsh_maxiter: 1000
  run_name: SpecSignedLap
--------------------------------------------------
Using local search with 1000 iterations
Local search improved energy to -2610.0
Results saved to: results/Gset/SpecSignedLap/G32.csv
Alpha1 solver completed. Energy: -2610.000000, Time: 0.0343s
  Seed 8/10 (seed=49)
Initialized SpecSignedLap solver (GPU sparse) with alpha = 1.0. Results will be saved under 'SpecSignedLap'.
Parameters:
  instance_name: G32.txt
  dataset: Gset
  random_seed: 49
  mode: 1
  beta: None
  alpha: 1.0
  use_local_search: True
  max_local_iterations: 1000
  eigsh_tol: 1e-06
  eigsh_maxiter: 1000
  run_name: SpecSignedLap
--------------------------------------------------
Using local search with 1000 iterations
Local search improved energy to -2598.0
Results saved to: results/Gset/SpecSignedLap/G32.csv
Alpha1 solver completed. Energy: -2598.000000, Time: 0.0343s
  Seed 9/10 (seed=50)
Initialized SpecSignedLap solver (GPU sparse) with alpha = 1.0. Results will be saved under 'SpecSignedLap'.
Parameters:
  instance_name: G32.txt
  dataset: Gset
  random_seed: 50
  mode: 1
  beta: None
  alpha: 1.0
  use_local_search: True
  max_local_iterations: 1000
  eigsh_tol: 1e-06
  eigsh_maxiter: 1000
  run_name: SpecSignedLap
--------------------------------------------------
Using local search with 1000 iterations
Local search improved energy to -2602.0
Results saved to: results/Gset/SpecSignedLap/G32.csv
Alpha1 solver completed. Energy: -2602.000000, Time: 0.0345s
  Seed 10/10 (seed=51)
Initialized SpecSignedLap solver (GPU sparse) with alpha = 1.0. Results will be saved under 'SpecSignedLap'.
Parameters:
  instance_name: G32.txt
  dataset: Gset
  random_seed: 51
  mode: 1
  beta: None
  alpha: 1.0
  use_local_search: True
  max_local_iterations: 1000
  eigsh_tol: 1e-06
  eigsh_maxiter: 1000
  run_name: SpecSignedLap
--------------------------------------------------
Using local search with 1000 iterations
Local search improved energy to -2598.0
Results saved to: results/Gset/SpecSignedLap/G32.csv
Alpha1 solver completed. Energy: -2598.000000, Time: 0.0344s
Processing instance: G33.txt
  Seed 1/10 (seed=42)
Initialized SpecSignedLap solver (GPU sparse) with alpha = 1.0. Results will be saved under 'SpecSignedLap'.
Parameters:
  instance_name: G33.txt
  dataset: Gset
  random_seed: 42
  mode: 1
  beta: None
  alpha: 1.0
  use_local_search: True
  max_local_iterations: 1000
  eigsh_tol: 1e-06
  eigsh_maxiter: 1000
  run_name: SpecSignedLap
--------------------------------------------------
Using local search with 1000 iterations
Local search improved energy to -2542.0
Results saved to: results/Gset/SpecSignedLap/G33.csv
Alpha1 solver completed. Energy: -2542.000000, Time: 0.1676s
  Seed 2/10 (seed=43)
Initialized SpecSignedLap solver (GPU sparse) with alpha = 1.0. Results will be saved under 'SpecSignedLap'.
Parameters:
  instance_name: G33.txt
  dataset: Gset
  random_seed: 43
  mode: 1
  beta: None
  alpha: 1.0
  use_local_search: True
  max_local_iterations: 1000
  eigsh_tol: 1e-06
  eigsh_maxiter: 1000
  run_name: SpecSignedLap
--------------------------------------------------
Using local search with 1000 iterations
Local search improved energy to -2558.0
Results saved to: results/Gset/SpecSignedLap/G33.csv
Alpha1 solver completed. Energy: -2558.000000, Time: 0.1421s
  Seed 3/10 (seed=44)
Initialized SpecSignedLap solver (GPU sparse) with alpha = 1.0. Results will be saved under 'SpecSignedLap'.
Parameters:
  instance_name: G33.txt
  dataset: Gset
  random_seed: 44
  mode: 1
  beta: None
  alpha: 1.0
  use_local_search: True
  max_local_iterations: 1000
  eigsh_tol: 1e-06
  eigsh_maxiter: 1000
  run_name: SpecSignedLap
--------------------------------------------------
Using local search with 1000 iterations
Local search improved energy to -2586.0
Results saved to: results/Gset/SpecSignedLap/G33.csv
Alpha1 solver completed. Energy: -2586.000000, Time: 0.1623s
  Seed 4/10 (seed=45)
Initialized SpecSignedLap solver (GPU sparse) with alpha = 1.0. Results will be saved under 'SpecSignedLap'.
Parameters:
  instance_name: G33.txt
  dataset: Gset
  random_seed: 45
  mode: 1
  beta: None
  alpha: 1.0
  use_local_search: True
  max_local_iterations: 1000
  eigsh_tol: 1e-06
  eigsh_maxiter: 1000
  run_name: SpecSignedLap
--------------------------------------------------
Using local search with 1000 iterations
Local search improved energy to -2578.0
Results saved to: results/Gset/SpecSignedLap/G33.csv
Alpha1 solver completed. Energy: -2578.000000, Time: 0.1525s
  Seed 5/10 (seed=46)
Initialized SpecSignedLap solver (GPU sparse) with alpha = 1.0. Results will be saved under 'SpecSignedLap'.
Parameters:
  instance_name: G33.txt
  dataset: Gset
  random_seed: 46
  mode: 1
  beta: None
  alpha: 1.0
  use_local_search: True
  max_local_iterations: 1000
  eigsh_tol: 1e-06
  eigsh_maxiter: 1000
  run_name: SpecSignedLap
--------------------------------------------------
Using local search with 1000 iterations
Local search improved energy to -2566.0
Results saved to: results/Gset/SpecSignedLap/G33.csv
Alpha1 solver completed. Energy: -2566.000000, Time: 0.1468s
  Seed 6/10 (seed=47)
Initialized SpecSignedLap solver (GPU sparse) with alpha = 1.0. Results will be saved under 'SpecSignedLap'.
Parameters:
  instance_name: G33.txt
  dataset: Gset
  random_seed: 47
  mode: 1
  beta: None
  alpha: 1.0
  use_local_search: True
  max_local_iterations: 1000
  eigsh_tol: 1e-06
  eigsh_maxiter: 1000
  run_name: SpecSignedLap
--------------------------------------------------
Using local search with 1000 iterations
Local search improved energy to -2550.0
Results saved to: results/Gset/SpecSignedLap/G33.csv
Alpha1 solver completed. Energy: -2550.000000, Time: 0.1266s
  Seed 7/10 (seed=48)
Initialized SpecSignedLap solver (GPU sparse) with alpha = 1.0. Results will be saved under 'SpecSignedLap'.
Parameters:
  instance_name: G33.txt
  dataset: Gset
  random_seed: 48
  mode: 1
  beta: None
  alpha: 1.0
  use_local_search: True
  max_local_iterations: 1000
  eigsh_tol: 1e-06
  eigsh_maxiter: 1000
  run_name: SpecSignedLap
--------------------------------------------------
Using local search with 1000 iterations
Local search improved energy to -2526.0
Results saved to: results/Gset/SpecSignedLap/G33.csv
Alpha1 solver completed. Energy: -2526.000000, Time: 0.1322s
  Seed 8/10 (seed=49)
Initialized SpecSignedLap solver (GPU sparse) with alpha = 1.0. Results will be saved under 'SpecSignedLap'.
Parameters:
  instance_name: G33.txt
  dataset: Gset
  random_seed: 49
  mode: 1
  beta: None
  alpha: 1.0
  use_local_search: True
  max_local_iterations: 1000
  eigsh_tol: 1e-06
  eigsh_maxiter: 1000
  run_name: SpecSignedLap
--------------------------------------------------
Using local search with 1000 iterations
Local search improved energy to -2534.0
Results saved to: results/Gset/SpecSignedLap/G33.csv
Alpha1 solver completed. Energy: -2534.000000, Time: 0.1420s
  Seed 9/10 (seed=50)
Initialized SpecSignedLap solver (GPU sparse) with alpha = 1.0. Results will be saved under 'SpecSignedLap'.
Parameters:
  instance_name: G33.txt
  dataset: Gset
  random_seed: 50
  mode: 1
  beta: None
  alpha: 1.0
  use_local_search: True
  max_local_iterations: 1000
  eigsh_tol: 1e-06
  eigsh_maxiter: 1000
  run_name: SpecSignedLap
--------------------------------------------------
Using local search with 1000 iterations
Local search improved energy to -2590.0
Results saved to: results/Gset/SpecSignedLap/G33.csv
Alpha1 solver completed. Energy: -2590.000000, Time: 0.1526s
  Seed 10/10 (seed=51)
Initialized SpecSignedLap solver (GPU sparse) with alpha = 1.0. Results will be saved under 'SpecSignedLap'.
Parameters:
  instance_name: G33.txt
  dataset: Gset
  random_seed: 51
  mode: 1
  beta: None
  alpha: 1.0
  use_local_search: True
  max_local_iterations: 1000
  eigsh_tol: 1e-06
  eigsh_maxiter: 1000
  run_name: SpecSignedLap
--------------------------------------------------
Using local search with 1000 iterations
Local search improved energy to -2562.0
Results saved to: results/Gset/SpecSignedLap/G33.csv
Alpha1 solver completed. Energy: -2562.000000, Time: 0.1475s
Processing instance: G34.txt
  Seed 1/10 (seed=42)
Initialized SpecSignedLap solver (GPU sparse) with alpha = 1.0. Results will be saved under 'SpecSignedLap'.
Parameters:
  instance_name: G34.txt
  dataset: Gset
  random_seed: 42
  mode: 1
  beta: None
  alpha: 1.0
  use_local_search: True
  max_local_iterations: 1000
  eigsh_tol: 1e-06
  eigsh_maxiter: 1000
  run_name: SpecSignedLap
--------------------------------------------------
Using local search with 1000 iterations
Local search improved energy to -2584.0
Results saved to: results/Gset/SpecSignedLap/G34.csv
Alpha1 solver completed. Energy: -2584.000000, Time: 0.0343s
  Seed 2/10 (seed=43)
Initialized SpecSignedLap solver (GPU sparse) with alpha = 1.0. Results will be saved under 'SpecSignedLap'.
Parameters:
  instance_name: G34.txt
  dataset: Gset
  random_seed: 43
  mode: 1
  beta: None
  alpha: 1.0
  use_local_search: True
  max_local_iterations: 1000
  eigsh_tol: 1e-06
  eigsh_maxiter: 1000
  run_name: SpecSignedLap
--------------------------------------------------
Using local search with 1000 iterations
Local search improved energy to -2600.0
Results saved to: results/Gset/SpecSignedLap/G34.csv
Alpha1 solver completed. Energy: -2600.000000, Time: 0.0395s
  Seed 3/10 (seed=44)
Initialized SpecSignedLap solver (GPU sparse) with alpha = 1.0. Results will be saved under 'SpecSignedLap'.
Parameters:
  instance_name: G34.txt
  dataset: Gset
  random_seed: 44
  mode: 1
  beta: None
  alpha: 1.0
  use_local_search: True
  max_local_iterations: 1000
  eigsh_tol: 1e-06
  eigsh_maxiter: 1000
  run_name: SpecSignedLap
--------------------------------------------------
Using local search with 1000 iterations
Local search improved energy to -2600.0
Results saved to: results/Gset/SpecSignedLap/G34.csv
Alpha1 solver completed. Energy: -2600.000000, Time: 0.0342s
  Seed 4/10 (seed=45)
Initialized SpecSignedLap solver (GPU sparse) with alpha = 1.0. Results will be saved under 'SpecSignedLap'.
Parameters:
  instance_name: G34.txt
  dataset: Gset
  random_seed: 45
  mode: 1
  beta: None
  alpha: 1.0
  use_local_search: True
  max_local_iterations: 1000
  eigsh_tol: 1e-06
  eigsh_maxiter: 1000
  run_name: SpecSignedLap
--------------------------------------------------
Using local search with 1000 iterations
Local search improved energy to -2592.0
Results saved to: results/Gset/SpecSignedLap/G34.csv
Alpha1 solver completed. Energy: -2592.000000, Time: 0.0341s
  Seed 5/10 (seed=46)
Initialized SpecSignedLap solver (GPU sparse) with alpha = 1.0. Results will be saved under 'SpecSignedLap'.
Parameters:
  instance_name: G34.txt
  dataset: Gset
  random_seed: 46
  mode: 1
  beta: None
  alpha: 1.0
  use_local_search: True
  max_local_iterations: 1000
  eigsh_tol: 1e-06
  eigsh_maxiter: 1000
  run_name: SpecSignedLap
--------------------------------------------------
Using local search with 1000 iterations
Local search improved energy to -2612.0
Results saved to: results/Gset/SpecSignedLap/G34.csv
Alpha1 solver completed. Energy: -2612.000000, Time: 0.0340s
  Seed 6/10 (seed=47)
Initialized SpecSignedLap solver (GPU sparse) with alpha = 1.0. Results will be saved under 'SpecSignedLap'.
Parameters:
  instance_name: G34.txt
  dataset: Gset
  random_seed: 47
  mode: 1
  beta: None
  alpha: 1.0
  use_local_search: True
  max_local_iterations: 1000
  eigsh_tol: 1e-06
  eigsh_maxiter: 1000
  run_name: SpecSignedLap
--------------------------------------------------
Using local search with 1000 iterations
Local search improved energy to -2588.0
Results saved to: results/Gset/SpecSignedLap/G34.csv
Alpha1 solver completed. Energy: -2588.000000, Time: 0.0342s
  Seed 7/10 (seed=48)
Initialized SpecSignedLap solver (GPU sparse) with alpha = 1.0. Results will be saved under 'SpecSignedLap'.
Parameters:
  instance_name: G34.txt
  dataset: Gset
  random_seed: 48
  mode: 1
  beta: None
  alpha: 1.0
  use_local_search: True
  max_local_iterations: 1000
  eigsh_tol: 1e-06
  eigsh_maxiter: 1000
  run_name: SpecSignedLap
--------------------------------------------------
Using local search with 1000 iterations
Local search improved energy to -2584.0
Results saved to: results/Gset/SpecSignedLap/G34.csv
Alpha1 solver completed. Energy: -2584.000000, Time: 0.0339s
  Seed 8/10 (seed=49)
Initialized SpecSignedLap solver (GPU sparse) with alpha = 1.0. Results will be saved under 'SpecSignedLap'.
Parameters:
  instance_name: G34.txt
  dataset: Gset
  random_seed: 49
  mode: 1
  beta: None
  alpha: 1.0
  use_local_search: True
  max_local_iterations: 1000
  eigsh_tol: 1e-06
  eigsh_maxiter: 1000
  run_name: SpecSignedLap
--------------------------------------------------
Using local search with 1000 iterations
Local search improved energy to -2596.0
Results saved to: results/Gset/SpecSignedLap/G34.csv
Alpha1 solver completed. Energy: -2596.000000, Time: 0.0343s
  Seed 9/10 (seed=50)
Initialized SpecSignedLap solver (GPU sparse) with alpha = 1.0. Results will be saved under 'SpecSignedLap'.
Parameters:
  instance_name: G34.txt
  dataset: Gset
  random_seed: 50
  mode: 1
  beta: None
  alpha: 1.0
  use_local_search: True
  max_local_iterations: 1000
  eigsh_tol: 1e-06
  eigsh_maxiter: 1000
  run_name: SpecSignedLap
--------------------------------------------------
Using local search with 1000 iterations
Local search improved energy to -2612.0
Results saved to: results/Gset/SpecSignedLap/G34.csv
Alpha1 solver completed. Energy: -2612.000000, Time: 0.0342s
  Seed 10/10 (seed=51)
Initialized SpecSignedLap solver (GPU sparse) with alpha = 1.0. Results will be saved under 'SpecSignedLap'.
Parameters:
  instance_name: G34.txt
  dataset: Gset
  random_seed: 51
  mode: 1
  beta: None
  alpha: 1.0
  use_local_search: True
  max_local_iterations: 1000
  eigsh_tol: 1e-06
  eigsh_maxiter: 1000
  run_name: SpecSignedLap
--------------------------------------------------
Using local search with 1000 iterations
Local search improved energy to -2612.0
Results saved to: results/Gset/SpecSignedLap/G34.csv
Alpha1 solver completed. Energy: -2612.000000, Time: 0.0392s
Processing instance: G35.txt
  Seed 1/10 (seed=42)
Initialized SpecSignedLap solver (GPU sparse) with alpha = 1.0. Results will be saved under 'SpecSignedLap'.
Parameters:
  instance_name: G35.txt
  dataset: Gset
  random_seed: 42
  mode: 1
  beta: None
  alpha: 1.0
  use_local_search: True
  max_local_iterations: 1000
  eigsh_tol: 1e-06
  eigsh_maxiter: 1000
  run_name: SpecSignedLap
--------------------------------------------------
Using local search with 1000 iterations
Local search did not improve energy to -2610.0000000000005
Results saved to: results/Gset/SpecSignedLap/G35.csv
Alpha1 solver completed. Energy: -2610.000000, Time: 0.3666s
  Seed 2/10 (seed=43)
Initialized SpecSignedLap solver (GPU sparse) with alpha = 1.0. Results will be saved under 'SpecSignedLap'.
Parameters:
  instance_name: G35.txt
  dataset: Gset
  random_seed: 43
  mode: 1
  beta: None
  alpha: 1.0
  use_local_search: True
  max_local_iterations: 1000
  eigsh_tol: 1e-06
  eigsh_maxiter: 1000
  run_name: SpecSignedLap
--------------------------------------------------
Using local search with 1000 iterations
Local search improved energy to -3194.0
Results saved to: results/Gset/SpecSignedLap/G35.csv
Alpha1 solver completed. Energy: -3194.000000, Time: 0.3672s
  Seed 3/10 (seed=44)
Initialized SpecSignedLap solver (GPU sparse) with alpha = 1.0. Results will be saved under 'SpecSignedLap'.
Parameters:
  instance_name: G35.txt
  dataset: Gset
  random_seed: 44
  mode: 1
  beta: None
  alpha: 1.0
  use_local_search: True
  max_local_iterations: 1000
  eigsh_tol: 1e-06
  eigsh_maxiter: 1000
  run_name: SpecSignedLap
--------------------------------------------------
Using local search with 1000 iterations
Local search did not improve energy to -2610.0000000000005
Results saved to: results/Gset/SpecSignedLap/G35.csv
Alpha1 solver completed. Energy: -2610.000000, Time: 0.3666s
  Seed 4/10 (seed=45)
Initialized SpecSignedLap solver (GPU sparse) with alpha = 1.0. Results will be saved under 'SpecSignedLap'.
Parameters:
  instance_name: G35.txt
  dataset: Gset
  random_seed: 45
  mode: 1
  beta: None
  alpha: 1.0
  use_local_search: True
  max_local_iterations: 1000
  eigsh_tol: 1e-06
  eigsh_maxiter: 1000
  run_name: SpecSignedLap
--------------------------------------------------
Using local search with 1000 iterations
Local search did not improve energy to -2610.0000000000005
Results saved to: results/Gset/SpecSignedLap/G35.csv
Alpha1 solver completed. Energy: -2610.000000, Time: 0.3712s
  Seed 5/10 (seed=46)
Initialized SpecSignedLap solver (GPU sparse) with alpha = 1.0. Results will be saved under 'SpecSignedLap'.
Parameters:
  instance_name: G35.txt
  dataset: Gset
  random_seed: 46
  mode: 1
  beta: None
  alpha: 1.0
  use_local_search: True
  max_local_iterations: 1000
  eigsh_tol: 1e-06
  eigsh_maxiter: 1000
  run_name: SpecSignedLap
--------------------------------------------------
Using local search with 1000 iterations
Local search did not improve energy to -2610.0000000000005
Results saved to: results/Gset/SpecSignedLap/G35.csv
Alpha1 solver completed. Energy: -2610.000000, Time: 0.3729s
  Seed 6/10 (seed=47)
Initialized SpecSignedLap solver (GPU sparse) with alpha = 1.0. Results will be saved under 'SpecSignedLap'.
Parameters:
  instance_name: G35.txt
  dataset: Gset
  random_seed: 47
  mode: 1
  beta: None
  alpha: 1.0
  use_local_search: True
  max_local_iterations: 1000
  eigsh_tol: 1e-06
  eigsh_maxiter: 1000
  run_name: SpecSignedLap
--------------------------------------------------
Using local search with 1000 iterations
Local search did not improve energy to -2610.0000000000005
Results saved to: results/Gset/SpecSignedLap/G35.csv
Alpha1 solver completed. Energy: -2610.000000, Time: 0.3827s
  Seed 7/10 (seed=48)
Initialized SpecSignedLap solver (GPU sparse) with alpha = 1.0. Results will be saved under 'SpecSignedLap'.
Parameters:
  instance_name: G35.txt
  dataset: Gset
  random_seed: 48
  mode: 1
  beta: None
  alpha: 1.0
  use_local_search: True
  max_local_iterations: 1000
  eigsh_tol: 1e-06
  eigsh_maxiter: 1000
  run_name: SpecSignedLap
--------------------------------------------------
Using local search with 1000 iterations
Local search did not improve energy to -2610.0000000000005
Results saved to: results/Gset/SpecSignedLap/G35.csv
Alpha1 solver completed. Energy: -2610.000000, Time: 0.3847s
  Seed 8/10 (seed=49)
Initialized SpecSignedLap solver (GPU sparse) with alpha = 1.0. Results will be saved under 'SpecSignedLap'.
Parameters:
  instance_name: G35.txt
  dataset: Gset
  random_seed: 49
  mode: 1
  beta: None
  alpha: 1.0
  use_local_search: True
  max_local_iterations: 1000
  eigsh_tol: 1e-06
  eigsh_maxiter: 1000
  run_name: SpecSignedLap
--------------------------------------------------
Using local search with 1000 iterations
Local search did not improve energy to -2610.0000000000005
Results saved to: results/Gset/SpecSignedLap/G35.csv
Alpha1 solver completed. Energy: -2610.000000, Time: 0.3847s
  Seed 9/10 (seed=50)
Initialized SpecSignedLap solver (GPU sparse) with alpha = 1.0. Results will be saved under 'SpecSignedLap'.
Parameters:
  instance_name: G35.txt
  dataset: Gset
  random_seed: 50
  mode: 1
  beta: None
  alpha: 1.0
  use_local_search: True
  max_local_iterations: 1000
  eigsh_tol: 1e-06
  eigsh_maxiter: 1000
  run_name: SpecSignedLap
--------------------------------------------------
Using local search with 1000 iterations
Local search did not improve energy to -2610.0000000000005
Results saved to: results/Gset/SpecSignedLap/G35.csv
Alpha1 solver completed. Energy: -2610.000000, Time: 0.3867s
  Seed 10/10 (seed=51)
Initialized SpecSignedLap solver (GPU sparse) with alpha = 1.0. Results will be saved under 'SpecSignedLap'.
Parameters:
  instance_name: G35.txt
  dataset: Gset
  random_seed: 51
  mode: 1
  beta: None
  alpha: 1.0
  use_local_search: True
  max_local_iterations: 1000
  eigsh_tol: 1e-06
  eigsh_maxiter: 1000
  run_name: SpecSignedLap
--------------------------------------------------
Using local search with 1000 iterations
Local search did not improve energy to -2610.0000000000005
Results saved to: results/Gset/SpecSignedLap/G35.csv
Alpha1 solver completed. Energy: -2610.000000, Time: 0.3874s
Processing instance: G36.txt
  Seed 1/10 (seed=42)
Initialized SpecSignedLap solver (GPU sparse) with alpha = 1.0. Results will be saved under 'SpecSignedLap'.
Parameters:
  instance_name: G36.txt
  dataset: Gset
  random_seed: 42
  mode: 1
  beta: None
  alpha: 1.0
  use_local_search: True
  max_local_iterations: 1000
  eigsh_tol: 1e-06
  eigsh_maxiter: 1000
  run_name: SpecSignedLap
--------------------------------------------------
Using local search with 1000 iterations
Local search did not improve energy to -2482.0
Results saved to: results/Gset/SpecSignedLap/G36.csv
Alpha1 solver completed. Energy: -2482.000000, Time: 0.3879s
  Seed 2/10 (seed=43)
Initialized SpecSignedLap solver (GPU sparse) with alpha = 1.0. Results will be saved under 'SpecSignedLap'.
Parameters:
  instance_name: G36.txt
  dataset: Gset
  random_seed: 43
  mode: 1
  beta: None
  alpha: 1.0
  use_local_search: True
  max_local_iterations: 1000
  eigsh_tol: 1e-06
  eigsh_maxiter: 1000
  run_name: SpecSignedLap
--------------------------------------------------
Using local search with 1000 iterations
Local search did not improve energy to -2482.0
Results saved to: results/Gset/SpecSignedLap/G36.csv
Alpha1 solver completed. Energy: -2482.000000, Time: 0.3904s
  Seed 3/10 (seed=44)
Initialized SpecSignedLap solver (GPU sparse) with alpha = 1.0. Results will be saved under 'SpecSignedLap'.
Parameters:
  instance_name: G36.txt
  dataset: Gset
  random_seed: 44
  mode: 1
  beta: None
  alpha: 1.0
  use_local_search: True
  max_local_iterations: 1000
  eigsh_tol: 1e-06
  eigsh_maxiter: 1000
  run_name: SpecSignedLap
--------------------------------------------------
Using local search with 1000 iterations
Local search did not improve energy to -2482.0
Results saved to: results/Gset/SpecSignedLap/G36.csv
Alpha1 solver completed. Energy: -2482.000000, Time: 0.3894s
  Seed 4/10 (seed=45)
Initialized SpecSignedLap solver (GPU sparse) with alpha = 1.0. Results will be saved under 'SpecSignedLap'.
Parameters:
  instance_name: G36.txt
  dataset: Gset
  random_seed: 45
  mode: 1
  beta: None
  alpha: 1.0
  use_local_search: True
  max_local_iterations: 1000
  eigsh_tol: 1e-06
  eigsh_maxiter: 1000
  run_name: SpecSignedLap
--------------------------------------------------
Using local search with 1000 iterations
Local search improved energy to -3182.0000000000005
Results saved to: results/Gset/SpecSignedLap/G36.csv
Alpha1 solver completed. Energy: -3182.000000, Time: 0.1061s
  Seed 5/10 (seed=46)
Initialized SpecSignedLap solver (GPU sparse) with alpha = 1.0. Results will be saved under 'SpecSignedLap'.
Parameters:
  instance_name: G36.txt
  dataset: Gset
  random_seed: 46
  mode: 1
  beta: None
  alpha: 1.0
  use_local_search: True
  max_local_iterations: 1000
  eigsh_tol: 1e-06
  eigsh_maxiter: 1000
  run_name: SpecSignedLap
--------------------------------------------------
Using local search with 1000 iterations
Local search did not improve energy to -2482.0
Results saved to: results/Gset/SpecSignedLap/G36.csv
Alpha1 solver completed. Energy: -2482.000000, Time: 0.3905s
  Seed 6/10 (seed=47)
Initialized SpecSignedLap solver (GPU sparse) with alpha = 1.0. Results will be saved under 'SpecSignedLap'.
Parameters:
  instance_name: G36.txt
  dataset: Gset
  random_seed: 47
  mode: 1
  beta: None
  alpha: 1.0
  use_local_search: True
  max_local_iterations: 1000
  eigsh_tol: 1e-06
  eigsh_maxiter: 1000
  run_name: SpecSignedLap
--------------------------------------------------
Using local search with 1000 iterations
Local search did not improve energy to -2482.0
Results saved to: results/Gset/SpecSignedLap/G36.csv
Alpha1 solver completed. Energy: -2482.000000, Time: 0.3913s
  Seed 7/10 (seed=48)
Initialized SpecSignedLap solver (GPU sparse) with alpha = 1.0. Results will be saved under 'SpecSignedLap'.
Parameters:
  instance_name: G36.txt
  dataset: Gset
  random_seed: 48
  mode: 1
  beta: None
  alpha: 1.0
  use_local_search: True
  max_local_iterations: 1000
  eigsh_tol: 1e-06
  eigsh_maxiter: 1000
  run_name: SpecSignedLap
--------------------------------------------------
Using local search with 1000 iterations
Local search did not improve energy to -2482.0
Results saved to: results/Gset/SpecSignedLap/G36.csv
Alpha1 solver completed. Energy: -2482.000000, Time: 0.4001s
  Seed 8/10 (seed=49)
Initialized SpecSignedLap solver (GPU sparse) with alpha = 1.0. Results will be saved under 'SpecSignedLap'.
Parameters:
  instance_name: G36.txt
  dataset: Gset
  random_seed: 49
  mode: 1
  beta: None
  alpha: 1.0
  use_local_search: True
  max_local_iterations: 1000
  eigsh_tol: 1e-06
  eigsh_maxiter: 1000
  run_name: SpecSignedLap
--------------------------------------------------
Using local search with 1000 iterations
Local search did not improve energy to -2482.0
Results saved to: results/Gset/SpecSignedLap/G36.csv
Alpha1 solver completed. Energy: -2482.000000, Time: 0.3928s
  Seed 9/10 (seed=50)
Initialized SpecSignedLap solver (GPU sparse) with alpha = 1.0. Results will be saved under 'SpecSignedLap'.
Parameters:
  instance_name: G36.txt
  dataset: Gset
  random_seed: 50
  mode: 1
  beta: None
  alpha: 1.0
  use_local_search: True
  max_local_iterations: 1000
  eigsh_tol: 1e-06
  eigsh_maxiter: 1000
  run_name: SpecSignedLap
--------------------------------------------------
Using local search with 1000 iterations
Local search did not improve energy to -2482.0
Results saved to: results/Gset/SpecSignedLap/G36.csv
Alpha1 solver completed. Energy: -2482.000000, Time: 0.3851s
  Seed 10/10 (seed=51)
Initialized SpecSignedLap solver (GPU sparse) with alpha = 1.0. Results will be saved under 'SpecSignedLap'.
Parameters:
  instance_name: G36.txt
  dataset: Gset
  random_seed: 51
  mode: 1
  beta: None
  alpha: 1.0
  use_local_search: True
  max_local_iterations: 1000
  eigsh_tol: 1e-06
  eigsh_maxiter: 1000
  run_name: SpecSignedLap
--------------------------------------------------
Using local search with 1000 iterations
Local search did not improve energy to -2482.0
Results saved to: results/Gset/SpecSignedLap/G36.csv
Alpha1 solver completed. Energy: -2482.000000, Time: 0.3854s
Processing instance: G37.txt
  Seed 1/10 (seed=42)
Initialized SpecSignedLap solver (GPU sparse) with alpha = 1.0. Results will be saved under 'SpecSignedLap'.
Parameters:
  instance_name: G37.txt
  dataset: Gset
  random_seed: 42
  mode: 1
  beta: None
  alpha: 1.0
  use_local_search: True
  max_local_iterations: 1000
  eigsh_tol: 1e-06
  eigsh_maxiter: 1000
  run_name: SpecSignedLap
--------------------------------------------------
Using local search with 1000 iterations
Local search did not improve energy to -2539.0
Results saved to: results/Gset/SpecSignedLap/G37.csv
Alpha1 solver completed. Energy: -2539.000000, Time: 0.3871s
  Seed 2/10 (seed=43)
Initialized SpecSignedLap solver (GPU sparse) with alpha = 1.0. Results will be saved under 'SpecSignedLap'.
Parameters:
  instance_name: G37.txt
  dataset: Gset
  random_seed: 43
  mode: 1
  beta: None
  alpha: 1.0
  use_local_search: True
  max_local_iterations: 1000
  eigsh_tol: 1e-06
  eigsh_maxiter: 1000
  run_name: SpecSignedLap
--------------------------------------------------
Using local search with 1000 iterations
Local search did not improve energy to -2539.0
Results saved to: results/Gset/SpecSignedLap/G37.csv
Alpha1 solver completed. Energy: -2539.000000, Time: 0.3895s
  Seed 3/10 (seed=44)
Initialized SpecSignedLap solver (GPU sparse) with alpha = 1.0. Results will be saved under 'SpecSignedLap'.
Parameters:
  instance_name: G37.txt
  dataset: Gset
  random_seed: 44
  mode: 1
  beta: None
  alpha: 1.0
  use_local_search: True
  max_local_iterations: 1000
  eigsh_tol: 1e-06
  eigsh_maxiter: 1000
  run_name: SpecSignedLap
--------------------------------------------------
Using local search with 1000 iterations
Local search did not improve energy to -2539.0
Results saved to: results/Gset/SpecSignedLap/G37.csv
Alpha1 solver completed. Energy: -2539.000000, Time: 0.3899s
  Seed 4/10 (seed=45)
Initialized SpecSignedLap solver (GPU sparse) with alpha = 1.0. Results will be saved under 'SpecSignedLap'.
Parameters:
  instance_name: G37.txt
  dataset: Gset
  random_seed: 45
  mode: 1
  beta: None
  alpha: 1.0
  use_local_search: True
  max_local_iterations: 1000
  eigsh_tol: 1e-06
  eigsh_maxiter: 1000
  run_name: SpecSignedLap
--------------------------------------------------
Using local search with 1000 iterations
Local search did not improve energy to -2539.0
Results saved to: results/Gset/SpecSignedLap/G37.csv
Alpha1 solver completed. Energy: -2539.000000, Time: 0.3897s
  Seed 5/10 (seed=46)
Initialized SpecSignedLap solver (GPU sparse) with alpha = 1.0. Results will be saved under 'SpecSignedLap'.
Parameters:
  instance_name: G37.txt
  dataset: Gset
  random_seed: 46
  mode: 1
  beta: None
  alpha: 1.0
  use_local_search: True
  max_local_iterations: 1000
  eigsh_tol: 1e-06
  eigsh_maxiter: 1000
  run_name: SpecSignedLap
--------------------------------------------------
Using local search with 1000 iterations
Local search did not improve energy to -2539.0
Results saved to: results/Gset/SpecSignedLap/G37.csv
Alpha1 solver completed. Energy: -2539.000000, Time: 0.3886s
  Seed 6/10 (seed=47)
Initialized SpecSignedLap solver (GPU sparse) with alpha = 1.0. Results will be saved under 'SpecSignedLap'.
Parameters:
  instance_name: G37.txt
  dataset: Gset
  random_seed: 47
  mode: 1
  beta: None
  alpha: 1.0
  use_local_search: True
  max_local_iterations: 1000
  eigsh_tol: 1e-06
  eigsh_maxiter: 1000
  run_name: SpecSignedLap
--------------------------------------------------
Using local search with 1000 iterations
Local search did not improve energy to -2539.0
Results saved to: results/Gset/SpecSignedLap/G37.csv
Alpha1 solver completed. Energy: -2539.000000, Time: 0.3895s
  Seed 7/10 (seed=48)
Initialized SpecSignedLap solver (GPU sparse) with alpha = 1.0. Results will be saved under 'SpecSignedLap'.
Parameters:
  instance_name: G37.txt
  dataset: Gset
  random_seed: 48
  mode: 1
  beta: None
  alpha: 1.0
  use_local_search: True
  max_local_iterations: 1000
  eigsh_tol: 1e-06
  eigsh_maxiter: 1000
  run_name: SpecSignedLap
--------------------------------------------------
Using local search with 1000 iterations
Local search did not improve energy to -2539.0
Results saved to: results/Gset/SpecSignedLap/G37.csv
Alpha1 solver completed. Energy: -2539.000000, Time: 0.3909s
  Seed 8/10 (seed=49)
Initialized SpecSignedLap solver (GPU sparse) with alpha = 1.0. Results will be saved under 'SpecSignedLap'.
Parameters:
  instance_name: G37.txt
  dataset: Gset
  random_seed: 49
  mode: 1
  beta: None
  alpha: 1.0
  use_local_search: True
  max_local_iterations: 1000
  eigsh_tol: 1e-06
  eigsh_maxiter: 1000
  run_name: SpecSignedLap
--------------------------------------------------
Using local search with 1000 iterations
Local search did not improve energy to -2539.0
Results saved to: results/Gset/SpecSignedLap/G37.csv
Alpha1 solver completed. Energy: -2539.000000, Time: 0.3916s
  Seed 9/10 (seed=50)
Initialized SpecSignedLap solver (GPU sparse) with alpha = 1.0. Results will be saved under 'SpecSignedLap'.
Parameters:
  instance_name: G37.txt
  dataset: Gset
  random_seed: 50
  mode: 1
  beta: None
  alpha: 1.0
  use_local_search: True
  max_local_iterations: 1000
  eigsh_tol: 1e-06
  eigsh_maxiter: 1000
  run_name: SpecSignedLap
--------------------------------------------------
Using local search with 1000 iterations
Local search did not improve energy to -2539.0
Results saved to: results/Gset/SpecSignedLap/G37.csv
Alpha1 solver completed. Energy: -2539.000000, Time: 0.3884s
  Seed 10/10 (seed=51)
Initialized SpecSignedLap solver (GPU sparse) with alpha = 1.0. Results will be saved under 'SpecSignedLap'.
Parameters:
  instance_name: G37.txt
  dataset: Gset
  random_seed: 51
  mode: 1
  beta: None
  alpha: 1.0
  use_local_search: True
  max_local_iterations: 1000
  eigsh_tol: 1e-06
  eigsh_maxiter: 1000
  run_name: SpecSignedLap
--------------------------------------------------
Using local search with 1000 iterations
Local search did not improve energy to -2539.0
Results saved to: results/Gset/SpecSignedLap/G37.csv
Alpha1 solver completed. Energy: -2539.000000, Time: 0.3884s
Processing instance: G38.txt
  Seed 1/10 (seed=42)
Initialized SpecSignedLap solver (GPU sparse) with alpha = 1.0. Results will be saved under 'SpecSignedLap'.
Parameters:
  instance_name: G38.txt
  dataset: Gset
  random_seed: 42
  mode: 1
  beta: None
  alpha: 1.0
  use_local_search: True
  max_local_iterations: 1000
  eigsh_tol: 1e-06
  eigsh_maxiter: 1000
  run_name: SpecSignedLap
--------------------------------------------------
Using local search with 1000 iterations
Local search did not improve energy to -2465.0
Results saved to: results/Gset/SpecSignedLap/G38.csv
Alpha1 solver completed. Energy: -2465.000000, Time: 0.3777s
  Seed 2/10 (seed=43)
Initialized SpecSignedLap solver (GPU sparse) with alpha = 1.0. Results will be saved under 'SpecSignedLap'.
Parameters:
  instance_name: G38.txt
  dataset: Gset
  random_seed: 43
  mode: 1
  beta: None
  alpha: 1.0
  use_local_search: True
  max_local_iterations: 1000
  eigsh_tol: 1e-06
  eigsh_maxiter: 1000
  run_name: SpecSignedLap
--------------------------------------------------
Using local search with 1000 iterations
Local search did not improve energy to -2465.0
Results saved to: results/Gset/SpecSignedLap/G38.csv
Alpha1 solver completed. Energy: -2465.000000, Time: 0.3768s
  Seed 3/10 (seed=44)
Initialized SpecSignedLap solver (GPU sparse) with alpha = 1.0. Results will be saved under 'SpecSignedLap'.
Parameters:
  instance_name: G38.txt
  dataset: Gset
  random_seed: 44
  mode: 1
  beta: None
  alpha: 1.0
  use_local_search: True
  max_local_iterations: 1000
  eigsh_tol: 1e-06
  eigsh_maxiter: 1000
  run_name: SpecSignedLap
--------------------------------------------------
Using local search with 1000 iterations
Local search did not improve energy to -2465.0
Results saved to: results/Gset/SpecSignedLap/G38.csv
Alpha1 solver completed. Energy: -2465.000000, Time: 0.3819s
  Seed 4/10 (seed=45)
Initialized SpecSignedLap solver (GPU sparse) with alpha = 1.0. Results will be saved under 'SpecSignedLap'.
Parameters:
  instance_name: G38.txt
  dataset: Gset
  random_seed: 45
  mode: 1
  beta: None
  alpha: 1.0
  use_local_search: True
  max_local_iterations: 1000
  eigsh_tol: 1e-06
  eigsh_maxiter: 1000
  run_name: SpecSignedLap
--------------------------------------------------
Using local search with 1000 iterations
Local search improved energy to -3234.999999999999
Results saved to: results/Gset/SpecSignedLap/G38.csv
Alpha1 solver completed. Energy: -3235.000000, Time: 0.0536s
  Seed 5/10 (seed=46)
Initialized SpecSignedLap solver (GPU sparse) with alpha = 1.0. Results will be saved under 'SpecSignedLap'.
Parameters:
  instance_name: G38.txt
  dataset: Gset
  random_seed: 46
  mode: 1
  beta: None
  alpha: 1.0
  use_local_search: True
  max_local_iterations: 1000
  eigsh_tol: 1e-06
  eigsh_maxiter: 1000
  run_name: SpecSignedLap
--------------------------------------------------
Using local search with 1000 iterations
Local search improved energy to -3243.0
Results saved to: results/Gset/SpecSignedLap/G38.csv
Alpha1 solver completed. Energy: -3243.000000, Time: 0.0629s
  Seed 6/10 (seed=47)
Initialized SpecSignedLap solver (GPU sparse) with alpha = 1.0. Results will be saved under 'SpecSignedLap'.
Parameters:
  instance_name: G38.txt
  dataset: Gset
  random_seed: 47
  mode: 1
  beta: None
  alpha: 1.0
  use_local_search: True
  max_local_iterations: 1000
  eigsh_tol: 1e-06
  eigsh_maxiter: 1000
  run_name: SpecSignedLap
--------------------------------------------------
Using local search with 1000 iterations
Local search did not improve energy to -2465.0
Results saved to: results/Gset/SpecSignedLap/G38.csv
Alpha1 solver completed. Energy: -2465.000000, Time: 0.3764s
  Seed 7/10 (seed=48)
Initialized SpecSignedLap solver (GPU sparse) with alpha = 1.0. Results will be saved under 'SpecSignedLap'.
Parameters:
  instance_name: G38.txt
  dataset: Gset
  random_seed: 48
  mode: 1
  beta: None
  alpha: 1.0
  use_local_search: True
  max_local_iterations: 1000
  eigsh_tol: 1e-06
  eigsh_maxiter: 1000
  run_name: SpecSignedLap
--------------------------------------------------
Using local search with 1000 iterations
Local search improved energy to -3227.0
Results saved to: results/Gset/SpecSignedLap/G38.csv
Alpha1 solver completed. Energy: -3227.000000, Time: 0.0578s
  Seed 8/10 (seed=49)
Initialized SpecSignedLap solver (GPU sparse) with alpha = 1.0. Results will be saved under 'SpecSignedLap'.
Parameters:
  instance_name: G38.txt
  dataset: Gset
  random_seed: 49
  mode: 1
  beta: None
  alpha: 1.0
  use_local_search: True
  max_local_iterations: 1000
  eigsh_tol: 1e-06
  eigsh_maxiter: 1000
  run_name: SpecSignedLap
--------------------------------------------------
Using local search with 1000 iterations
Local search did not improve energy to -2465.0
Results saved to: results/Gset/SpecSignedLap/G38.csv
Alpha1 solver completed. Energy: -2465.000000, Time: 0.3762s
  Seed 9/10 (seed=50)
Initialized SpecSignedLap solver (GPU sparse) with alpha = 1.0. Results will be saved under 'SpecSignedLap'.
Parameters:
  instance_name: G38.txt
  dataset: Gset
  random_seed: 50
  mode: 1
  beta: None
  alpha: 1.0
  use_local_search: True
  max_local_iterations: 1000
  eigsh_tol: 1e-06
  eigsh_maxiter: 1000
  run_name: SpecSignedLap
--------------------------------------------------
Using local search with 1000 iterations
Local search did not improve energy to -2465.0
Results saved to: results/Gset/SpecSignedLap/G38.csv
Alpha1 solver completed. Energy: -2465.000000, Time: 0.3751s
  Seed 10/10 (seed=51)
Initialized SpecSignedLap solver (GPU sparse) with alpha = 1.0. Results will be saved under 'SpecSignedLap'.
Parameters:
  instance_name: G38.txt
  dataset: Gset
  random_seed: 51
  mode: 1
  beta: None
  alpha: 1.0
  use_local_search: True
  max_local_iterations: 1000
  eigsh_tol: 1e-06
  eigsh_maxiter: 1000
  run_name: SpecSignedLap
--------------------------------------------------
Using local search with 1000 iterations
Local search improved energy to -3229.0
Results saved to: results/Gset/SpecSignedLap/G38.csv
Alpha1 solver completed. Energy: -3229.000000, Time: 0.0993s
Processing instance: G39.txt
  Seed 1/10 (seed=42)
Initialized SpecSignedLap solver (GPU sparse) with alpha = 1.0. Results will be saved under 'SpecSignedLap'.
Parameters:
  instance_name: G39.txt
  dataset: Gset
  random_seed: 42
  mode: 1
  beta: None
  alpha: 1.0
  use_local_search: True
  max_local_iterations: 1000
  eigsh_tol: 1e-06
  eigsh_maxiter: 1000
  run_name: SpecSignedLap
--------------------------------------------------
Using local search with 1000 iterations
Local search improved energy to -4446.000000000001
Results saved to: results/Gset/SpecSignedLap/G39.csv
Alpha1 solver completed. Energy: -4446.000000, Time: 0.0363s
  Seed 2/10 (seed=43)
Initialized SpecSignedLap solver (GPU sparse) with alpha = 1.0. Results will be saved under 'SpecSignedLap'.
Parameters:
  instance_name: G39.txt
  dataset: Gset
  random_seed: 43
  mode: 1
  beta: None
  alpha: 1.0
  use_local_search: True
  max_local_iterations: 1000
  eigsh_tol: 1e-06
  eigsh_maxiter: 1000
  run_name: SpecSignedLap
--------------------------------------------------
Using local search with 1000 iterations
Local search improved energy to -4386.0
Results saved to: results/Gset/SpecSignedLap/G39.csv
Alpha1 solver completed. Energy: -4386.000000, Time: 0.0363s
  Seed 3/10 (seed=44)
Initialized SpecSignedLap solver (GPU sparse) with alpha = 1.0. Results will be saved under 'SpecSignedLap'.
Parameters:
  instance_name: G39.txt
  dataset: Gset
  random_seed: 44
  mode: 1
  beta: None
  alpha: 1.0
  use_local_search: True
  max_local_iterations: 1000
  eigsh_tol: 1e-06
  eigsh_maxiter: 1000
  run_name: SpecSignedLap
--------------------------------------------------
Using local search with 1000 iterations
Local search improved energy to -4408.0
Results saved to: results/Gset/SpecSignedLap/G39.csv
Alpha1 solver completed. Energy: -4408.000000, Time: 0.0334s
  Seed 4/10 (seed=45)
Initialized SpecSignedLap solver (GPU sparse) with alpha = 1.0. Results will be saved under 'SpecSignedLap'.
Parameters:
  instance_name: G39.txt
  dataset: Gset
  random_seed: 45
  mode: 1
  beta: None
  alpha: 1.0
  use_local_search: True
  max_local_iterations: 1000
  eigsh_tol: 1e-06
  eigsh_maxiter: 1000
  run_name: SpecSignedLap
--------------------------------------------------
Using local search with 1000 iterations
Local search improved energy to -4424.0
Results saved to: results/Gset/SpecSignedLap/G39.csv
Alpha1 solver completed. Energy: -4424.000000, Time: 0.0415s
  Seed 5/10 (seed=46)
Initialized SpecSignedLap solver (GPU sparse) with alpha = 1.0. Results will be saved under 'SpecSignedLap'.
Parameters:
  instance_name: G39.txt
  dataset: Gset
  random_seed: 46
  mode: 1
  beta: None
  alpha: 1.0
  use_local_search: True
  max_local_iterations: 1000
  eigsh_tol: 1e-06
  eigsh_maxiter: 1000
  run_name: SpecSignedLap
--------------------------------------------------
Using local search with 1000 iterations
Local search improved energy to -4434.000000000001
Results saved to: results/Gset/SpecSignedLap/G39.csv
Alpha1 solver completed. Energy: -4434.000000, Time: 0.0371s
  Seed 6/10 (seed=47)
Initialized SpecSignedLap solver (GPU sparse) with alpha = 1.0. Results will be saved under 'SpecSignedLap'.
Parameters:
  instance_name: G39.txt
  dataset: Gset
  random_seed: 47
  mode: 1
  beta: None
  alpha: 1.0
  use_local_search: True
  max_local_iterations: 1000
  eigsh_tol: 1e-06
  eigsh_maxiter: 1000
  run_name: SpecSignedLap
--------------------------------------------------
Using local search with 1000 iterations
Local search improved energy to -4406.000000000001
Results saved to: results/Gset/SpecSignedLap/G39.csv
Alpha1 solver completed. Energy: -4406.000000, Time: 0.0362s
  Seed 7/10 (seed=48)
Initialized SpecSignedLap solver (GPU sparse) with alpha = 1.0. Results will be saved under 'SpecSignedLap'.
Parameters:
  instance_name: G39.txt
  dataset: Gset
  random_seed: 48
  mode: 1
  beta: None
  alpha: 1.0
  use_local_search: True
  max_local_iterations: 1000
  eigsh_tol: 1e-06
  eigsh_maxiter: 1000
  run_name: SpecSignedLap
--------------------------------------------------
Using local search with 1000 iterations
Local search improved energy to -4410.000000000001
Results saved to: results/Gset/SpecSignedLap/G39.csv
Alpha1 solver completed. Energy: -4410.000000, Time: 0.0332s
  Seed 8/10 (seed=49)
Initialized SpecSignedLap solver (GPU sparse) with alpha = 1.0. Results will be saved under 'SpecSignedLap'.
Parameters:
  instance_name: G39.txt
  dataset: Gset
  random_seed: 49
  mode: 1
  beta: None
  alpha: 1.0
  use_local_search: True
  max_local_iterations: 1000
  eigsh_tol: 1e-06
  eigsh_maxiter: 1000
  run_name: SpecSignedLap
--------------------------------------------------
Using local search with 1000 iterations
Local search improved energy to -4418.000000000001
Results saved to: results/Gset/SpecSignedLap/G39.csv
Alpha1 solver completed. Energy: -4418.000000, Time: 0.0331s
  Seed 9/10 (seed=50)
Initialized SpecSignedLap solver (GPU sparse) with alpha = 1.0. Results will be saved under 'SpecSignedLap'.
Parameters:
  instance_name: G39.txt
  dataset: Gset
  random_seed: 50
  mode: 1
  beta: None
  alpha: 1.0
  use_local_search: True
  max_local_iterations: 1000
  eigsh_tol: 1e-06
  eigsh_maxiter: 1000
  run_name: SpecSignedLap
--------------------------------------------------
Using local search with 1000 iterations
Local search improved energy to -4432.000000000001
Results saved to: results/Gset/SpecSignedLap/G39.csv
Alpha1 solver completed. Energy: -4432.000000, Time: 0.0351s
  Seed 10/10 (seed=51)
Initialized SpecSignedLap solver (GPU sparse) with alpha = 1.0. Results will be saved under 'SpecSignedLap'.
Parameters:
  instance_name: G39.txt
  dataset: Gset
  random_seed: 51
  mode: 1
  beta: None
  alpha: 1.0
  use_local_search: True
  max_local_iterations: 1000
  eigsh_tol: 1e-06
  eigsh_maxiter: 1000
  run_name: SpecSignedLap
--------------------------------------------------
Using local search with 1000 iterations
Local search improved energy to -4400.0
Results saved to: results/Gset/SpecSignedLap/G39.csv
Alpha1 solver completed. Energy: -4400.000000, Time: 0.0340s
Processing instance: G4.txt
  Seed 1/10 (seed=42)
Initialized SpecSignedLap solver (GPU sparse) with alpha = 1.0. Results will be saved under 'SpecSignedLap'.
Parameters:
  instance_name: G4.txt
  dataset: Gset
  random_seed: 42
  mode: 1
  beta: None
  alpha: 1.0
  use_local_search: True
  max_local_iterations: 1000
  eigsh_tol: 1e-06
  eigsh_maxiter: 1000
  run_name: SpecSignedLap
--------------------------------------------------
Using local search with 1000 iterations
Local search did not improve energy to -3380.0000000000005
Results saved to: results/Gset/SpecSignedLap/G4.csv
Alpha1 solver completed. Energy: -3380.000000, Time: 0.3586s
  Seed 2/10 (seed=43)
Initialized SpecSignedLap solver (GPU sparse) with alpha = 1.0. Results will be saved under 'SpecSignedLap'.
Parameters:
  instance_name: G4.txt
  dataset: Gset
  random_seed: 43
  mode: 1
  beta: None
  alpha: 1.0
  use_local_search: True
  max_local_iterations: 1000
  eigsh_tol: 1e-06
  eigsh_maxiter: 1000
  run_name: SpecSignedLap
--------------------------------------------------
Using local search with 1000 iterations
Local search did not improve energy to -3380.0000000000005
Results saved to: results/Gset/SpecSignedLap/G4.csv
Alpha1 solver completed. Energy: -3380.000000, Time: 0.3567s
  Seed 3/10 (seed=44)
Initialized SpecSignedLap solver (GPU sparse) with alpha = 1.0. Results will be saved under 'SpecSignedLap'.
Parameters:
  instance_name: G4.txt
  dataset: Gset
  random_seed: 44
  mode: 1
  beta: None
  alpha: 1.0
  use_local_search: True
  max_local_iterations: 1000
  eigsh_tol: 1e-06
  eigsh_maxiter: 1000
  run_name: SpecSignedLap
--------------------------------------------------
Using local search with 1000 iterations
Local search did not improve energy to -3380.0000000000005
Results saved to: results/Gset/SpecSignedLap/G4.csv
Alpha1 solver completed. Energy: -3380.000000, Time: 0.3621s
  Seed 4/10 (seed=45)
Initialized SpecSignedLap solver (GPU sparse) with alpha = 1.0. Results will be saved under 'SpecSignedLap'.
Parameters:
  instance_name: G4.txt
  dataset: Gset
  random_seed: 45
  mode: 1
  beta: None
  alpha: 1.0
  use_local_search: True
  max_local_iterations: 1000
  eigsh_tol: 1e-06
  eigsh_maxiter: 1000
  run_name: SpecSignedLap
--------------------------------------------------
Using local search with 1000 iterations
Local search did not improve energy to -3380.0000000000005
Results saved to: results/Gset/SpecSignedLap/G4.csv
Alpha1 solver completed. Energy: -3380.000000, Time: 0.3563s
  Seed 5/10 (seed=46)
Initialized SpecSignedLap solver (GPU sparse) with alpha = 1.0. Results will be saved under 'SpecSignedLap'.
Parameters:
  instance_name: G4.txt
  dataset: Gset
  random_seed: 46
  mode: 1
  beta: None
  alpha: 1.0
  use_local_search: True
  max_local_iterations: 1000
  eigsh_tol: 1e-06
  eigsh_maxiter: 1000
  run_name: SpecSignedLap
--------------------------------------------------
Using local search with 1000 iterations
Local search did not improve energy to -3380.0000000000005
Results saved to: results/Gset/SpecSignedLap/G4.csv
Alpha1 solver completed. Energy: -3380.000000, Time: 0.3602s
  Seed 6/10 (seed=47)
Initialized SpecSignedLap solver (GPU sparse) with alpha = 1.0. Results will be saved under 'SpecSignedLap'.
Parameters:
  instance_name: G4.txt
  dataset: Gset
  random_seed: 47
  mode: 1
  beta: None
  alpha: 1.0
  use_local_search: True
  max_local_iterations: 1000
  eigsh_tol: 1e-06
  eigsh_maxiter: 1000
  run_name: SpecSignedLap
--------------------------------------------------
Using local search with 1000 iterations
Local search did not improve energy to -3380.0000000000005
Results saved to: results/Gset/SpecSignedLap/G4.csv
Alpha1 solver completed. Energy: -3380.000000, Time: 0.3762s
  Seed 7/10 (seed=48)
Initialized SpecSignedLap solver (GPU sparse) with alpha = 1.0. Results will be saved under 'SpecSignedLap'.
Parameters:
  instance_name: G4.txt
  dataset: Gset
  random_seed: 48
  mode: 1
  beta: None
  alpha: 1.0
  use_local_search: True
  max_local_iterations: 1000
  eigsh_tol: 1e-06
  eigsh_maxiter: 1000
  run_name: SpecSignedLap
--------------------------------------------------
Using local search with 1000 iterations
Local search did not improve energy to -3380.0000000000005
Results saved to: results/Gset/SpecSignedLap/G4.csv
Alpha1 solver completed. Energy: -3380.000000, Time: 0.3758s
  Seed 8/10 (seed=49)
Initialized SpecSignedLap solver (GPU sparse) with alpha = 1.0. Results will be saved under 'SpecSignedLap'.
Parameters:
  instance_name: G4.txt
  dataset: Gset
  random_seed: 49
  mode: 1
  beta: None
  alpha: 1.0
  use_local_search: True
  max_local_iterations: 1000
  eigsh_tol: 1e-06
  eigsh_maxiter: 1000
  run_name: SpecSignedLap
--------------------------------------------------
Using local search with 1000 iterations
Local search did not improve energy to -3380.0000000000005
Results saved to: results/Gset/SpecSignedLap/G4.csv
Alpha1 solver completed. Energy: -3380.000000, Time: 0.3777s
  Seed 9/10 (seed=50)
Initialized SpecSignedLap solver (GPU sparse) with alpha = 1.0. Results will be saved under 'SpecSignedLap'.
Parameters:
  instance_name: G4.txt
  dataset: Gset
  random_seed: 50
  mode: 1
  beta: None
  alpha: 1.0
  use_local_search: True
  max_local_iterations: 1000
  eigsh_tol: 1e-06
  eigsh_maxiter: 1000
  run_name: SpecSignedLap
--------------------------------------------------
Using local search with 1000 iterations
Local search did not improve energy to -3380.0000000000005
Results saved to: results/Gset/SpecSignedLap/G4.csv
Alpha1 solver completed. Energy: -3380.000000, Time: 0.3792s
  Seed 10/10 (seed=51)
Initialized SpecSignedLap solver (GPU sparse) with alpha = 1.0. Results will be saved under 'SpecSignedLap'.
Parameters:
  instance_name: G4.txt
  dataset: Gset
  random_seed: 51
  mode: 1
  beta: None
  alpha: 1.0
  use_local_search: True
  max_local_iterations: 1000
  eigsh_tol: 1e-06
  eigsh_maxiter: 1000
  run_name: SpecSignedLap
--------------------------------------------------
Using local search with 1000 iterations
Local search did not improve energy to -3380.0000000000005
Results saved to: results/Gset/SpecSignedLap/G4.csv
Alpha1 solver completed. Energy: -3380.000000, Time: 0.3793s
Processing instance: G40.txt
  Seed 1/10 (seed=42)
Initialized SpecSignedLap solver (GPU sparse) with alpha = 1.0. Results will be saved under 'SpecSignedLap'.
Parameters:
  instance_name: G40.txt
  dataset: Gset
  random_seed: 42
  mode: 1
  beta: None
  alpha: 1.0
  use_local_search: True
  max_local_iterations: 1000
  eigsh_tol: 1e-06
  eigsh_maxiter: 1000
  run_name: SpecSignedLap
--------------------------------------------------
Using local search with 1000 iterations
Local search improved energy to -4440.0
Results saved to: results/Gset/SpecSignedLap/G40.csv
Alpha1 solver completed. Energy: -4440.000000, Time: 0.0317s
  Seed 2/10 (seed=43)
Initialized SpecSignedLap solver (GPU sparse) with alpha = 1.0. Results will be saved under 'SpecSignedLap'.
Parameters:
  instance_name: G40.txt
  dataset: Gset
  random_seed: 43
  mode: 1
  beta: None
  alpha: 1.0
  use_local_search: True
  max_local_iterations: 1000
  eigsh_tol: 1e-06
  eigsh_maxiter: 1000
  run_name: SpecSignedLap
--------------------------------------------------
Using local search with 1000 iterations
Local search improved energy to -4420.000000000001
Results saved to: results/Gset/SpecSignedLap/G40.csv
Alpha1 solver completed. Energy: -4420.000000, Time: 0.0398s
  Seed 3/10 (seed=44)
Initialized SpecSignedLap solver (GPU sparse) with alpha = 1.0. Results will be saved under 'SpecSignedLap'.
Parameters:
  instance_name: G40.txt
  dataset: Gset
  random_seed: 44
  mode: 1
  beta: None
  alpha: 1.0
  use_local_search: True
  max_local_iterations: 1000
  eigsh_tol: 1e-06
  eigsh_maxiter: 1000
  run_name: SpecSignedLap
--------------------------------------------------
Using local search with 1000 iterations
Local search improved energy to -4430.0
Results saved to: results/Gset/SpecSignedLap/G40.csv
Alpha1 solver completed. Energy: -4430.000000, Time: 0.0382s
  Seed 4/10 (seed=45)
Initialized SpecSignedLap solver (GPU sparse) with alpha = 1.0. Results will be saved under 'SpecSignedLap'.
Parameters:
  instance_name: G40.txt
  dataset: Gset
  random_seed: 45
  mode: 1
  beta: None
  alpha: 1.0
  use_local_search: True
  max_local_iterations: 1000
  eigsh_tol: 1e-06
  eigsh_maxiter: 1000
  run_name: SpecSignedLap
--------------------------------------------------
Using local search with 1000 iterations
Local search improved energy to -4442.0
Results saved to: results/Gset/SpecSignedLap/G40.csv
Alpha1 solver completed. Energy: -4442.000000, Time: 0.0366s
  Seed 5/10 (seed=46)
Initialized SpecSignedLap solver (GPU sparse) with alpha = 1.0. Results will be saved under 'SpecSignedLap'.
Parameters:
  instance_name: G40.txt
  dataset: Gset
  random_seed: 46
  mode: 1
  beta: None
  alpha: 1.0
  use_local_search: True
  max_local_iterations: 1000
  eigsh_tol: 1e-06
  eigsh_maxiter: 1000
  run_name: SpecSignedLap
--------------------------------------------------
Using local search with 1000 iterations
Local search improved energy to -4430.0
Results saved to: results/Gset/SpecSignedLap/G40.csv
Alpha1 solver completed. Energy: -4430.000000, Time: 0.0357s
  Seed 6/10 (seed=47)
Initialized SpecSignedLap solver (GPU sparse) with alpha = 1.0. Results will be saved under 'SpecSignedLap'.
Parameters:
  instance_name: G40.txt
  dataset: Gset
  random_seed: 47
  mode: 1
  beta: None
  alpha: 1.0
  use_local_search: True
  max_local_iterations: 1000
  eigsh_tol: 1e-06
  eigsh_maxiter: 1000
  run_name: SpecSignedLap
--------------------------------------------------
Using local search with 1000 iterations
Local search improved energy to -4416.000000000001
Results saved to: results/Gset/SpecSignedLap/G40.csv
Alpha1 solver completed. Energy: -4416.000000, Time: 0.0286s
  Seed 7/10 (seed=48)
Initialized SpecSignedLap solver (GPU sparse) with alpha = 1.0. Results will be saved under 'SpecSignedLap'.
Parameters:
  instance_name: G40.txt
  dataset: Gset
  random_seed: 48
  mode: 1
  beta: None
  alpha: 1.0
  use_local_search: True
  max_local_iterations: 1000
  eigsh_tol: 1e-06
  eigsh_maxiter: 1000
  run_name: SpecSignedLap
--------------------------------------------------
Using local search with 1000 iterations
Local search improved energy to -4420.0
Results saved to: results/Gset/SpecSignedLap/G40.csv
Alpha1 solver completed. Energy: -4420.000000, Time: 0.0342s
  Seed 8/10 (seed=49)
Initialized SpecSignedLap solver (GPU sparse) with alpha = 1.0. Results will be saved under 'SpecSignedLap'.
Parameters:
  instance_name: G40.txt
  dataset: Gset
  random_seed: 49
  mode: 1
  beta: None
  alpha: 1.0
  use_local_search: True
  max_local_iterations: 1000
  eigsh_tol: 1e-06
  eigsh_maxiter: 1000
  run_name: SpecSignedLap
--------------------------------------------------
Using local search with 1000 iterations
Local search improved energy to -4416.000000000001
Results saved to: results/Gset/SpecSignedLap/G40.csv
Alpha1 solver completed. Energy: -4416.000000, Time: 0.0337s
  Seed 9/10 (seed=50)
Initialized SpecSignedLap solver (GPU sparse) with alpha = 1.0. Results will be saved under 'SpecSignedLap'.
Parameters:
  instance_name: G40.txt
  dataset: Gset
  random_seed: 50
  mode: 1
  beta: None
  alpha: 1.0
  use_local_search: True
  max_local_iterations: 1000
  eigsh_tol: 1e-06
  eigsh_maxiter: 1000
  run_name: SpecSignedLap
--------------------------------------------------
Using local search with 1000 iterations
Local search improved energy to -4464.000000000001
Results saved to: results/Gset/SpecSignedLap/G40.csv
Alpha1 solver completed. Energy: -4464.000000, Time: 0.0342s
  Seed 10/10 (seed=51)
Initialized SpecSignedLap solver (GPU sparse) with alpha = 1.0. Results will be saved under 'SpecSignedLap'.
Parameters:
  instance_name: G40.txt
  dataset: Gset
  random_seed: 51
  mode: 1
  beta: None
  alpha: 1.0
  use_local_search: True
  max_local_iterations: 1000
  eigsh_tol: 1e-06
  eigsh_maxiter: 1000
  run_name: SpecSignedLap
--------------------------------------------------
Using local search with 1000 iterations
Local search improved energy to -4442.0
Results saved to: results/Gset/SpecSignedLap/G40.csv
Alpha1 solver completed. Energy: -4442.000000, Time: 0.0334s
Processing instance: G41.txt
  Seed 1/10 (seed=42)
Initialized SpecSignedLap solver (GPU sparse) with alpha = 1.0. Results will be saved under 'SpecSignedLap'.
Parameters:
  instance_name: G41.txt
  dataset: Gset
  random_seed: 42
  mode: 1
  beta: None
  alpha: 1.0
  use_local_search: True
  max_local_iterations: 1000
  eigsh_tol: 1e-06
  eigsh_maxiter: 1000
  run_name: SpecSignedLap
--------------------------------------------------
Using local search with 1000 iterations
Local search improved energy to -4439.000000000001
Results saved to: results/Gset/SpecSignedLap/G41.csv
Alpha1 solver completed. Energy: -4439.000000, Time: 0.0356s
  Seed 2/10 (seed=43)
Initialized SpecSignedLap solver (GPU sparse) with alpha = 1.0. Results will be saved under 'SpecSignedLap'.
Parameters:
  instance_name: G41.txt
  dataset: Gset
  random_seed: 43
  mode: 1
  beta: None
  alpha: 1.0
  use_local_search: True
  max_local_iterations: 1000
  eigsh_tol: 1e-06
  eigsh_maxiter: 1000
  run_name: SpecSignedLap
--------------------------------------------------
Using local search with 1000 iterations
Local search improved energy to -4457.0
Results saved to: results/Gset/SpecSignedLap/G41.csv
Alpha1 solver completed. Energy: -4457.000000, Time: 0.0335s
  Seed 3/10 (seed=44)
Initialized SpecSignedLap solver (GPU sparse) with alpha = 1.0. Results will be saved under 'SpecSignedLap'.
Parameters:
  instance_name: G41.txt
  dataset: Gset
  random_seed: 44
  mode: 1
  beta: None
  alpha: 1.0
  use_local_search: True
  max_local_iterations: 1000
  eigsh_tol: 1e-06
  eigsh_maxiter: 1000
  run_name: SpecSignedLap
--------------------------------------------------
Using local search with 1000 iterations
Local search improved energy to -4461.0
Results saved to: results/Gset/SpecSignedLap/G41.csv
Alpha1 solver completed. Energy: -4461.000000, Time: 0.0424s
  Seed 4/10 (seed=45)
Initialized SpecSignedLap solver (GPU sparse) with alpha = 1.0. Results will be saved under 'SpecSignedLap'.
Parameters:
  instance_name: G41.txt
  dataset: Gset
  random_seed: 45
  mode: 1
  beta: None
  alpha: 1.0
  use_local_search: True
  max_local_iterations: 1000
  eigsh_tol: 1e-06
  eigsh_maxiter: 1000
  run_name: SpecSignedLap
--------------------------------------------------
Using local search with 1000 iterations
Local search improved energy to -4464.999999999999
Results saved to: results/Gset/SpecSignedLap/G41.csv
Alpha1 solver completed. Energy: -4465.000000, Time: 0.0335s
  Seed 5/10 (seed=46)
Initialized SpecSignedLap solver (GPU sparse) with alpha = 1.0. Results will be saved under 'SpecSignedLap'.
Parameters:
  instance_name: G41.txt
  dataset: Gset
  random_seed: 46
  mode: 1
  beta: None
  alpha: 1.0
  use_local_search: True
  max_local_iterations: 1000
  eigsh_tol: 1e-06
  eigsh_maxiter: 1000
  run_name: SpecSignedLap
--------------------------------------------------
Using local search with 1000 iterations
Local search improved energy to -4463.0
Results saved to: results/Gset/SpecSignedLap/G41.csv
Alpha1 solver completed. Energy: -4463.000000, Time: 0.0352s
  Seed 6/10 (seed=47)
Initialized SpecSignedLap solver (GPU sparse) with alpha = 1.0. Results will be saved under 'SpecSignedLap'.
Parameters:
  instance_name: G41.txt
  dataset: Gset
  random_seed: 47
  mode: 1
  beta: None
  alpha: 1.0
  use_local_search: True
  max_local_iterations: 1000
  eigsh_tol: 1e-06
  eigsh_maxiter: 1000
  run_name: SpecSignedLap
--------------------------------------------------
Using local search with 1000 iterations
Local search improved energy to -4431.0
Results saved to: results/Gset/SpecSignedLap/G41.csv
Alpha1 solver completed. Energy: -4431.000000, Time: 0.0338s
  Seed 7/10 (seed=48)
Initialized SpecSignedLap solver (GPU sparse) with alpha = 1.0. Results will be saved under 'SpecSignedLap'.
Parameters:
  instance_name: G41.txt
  dataset: Gset
  random_seed: 48
  mode: 1
  beta: None
  alpha: 1.0
  use_local_search: True
  max_local_iterations: 1000
  eigsh_tol: 1e-06
  eigsh_maxiter: 1000
  run_name: SpecSignedLap
--------------------------------------------------
Using local search with 1000 iterations
Local search improved energy to -4473.0
Results saved to: results/Gset/SpecSignedLap/G41.csv
Alpha1 solver completed. Energy: -4473.000000, Time: 0.0385s
  Seed 8/10 (seed=49)
Initialized SpecSignedLap solver (GPU sparse) with alpha = 1.0. Results will be saved under 'SpecSignedLap'.
Parameters:
  instance_name: G41.txt
  dataset: Gset
  random_seed: 49
  mode: 1
  beta: None
  alpha: 1.0
  use_local_search: True
  max_local_iterations: 1000
  eigsh_tol: 1e-06
  eigsh_maxiter: 1000
  run_name: SpecSignedLap
--------------------------------------------------
Using local search with 1000 iterations
Local search improved energy to -4439.0
Results saved to: results/Gset/SpecSignedLap/G41.csv
Alpha1 solver completed. Energy: -4439.000000, Time: 0.0332s
  Seed 9/10 (seed=50)
Initialized SpecSignedLap solver (GPU sparse) with alpha = 1.0. Results will be saved under 'SpecSignedLap'.
Parameters:
  instance_name: G41.txt
  dataset: Gset
  random_seed: 50
  mode: 1
  beta: None
  alpha: 1.0
  use_local_search: True
  max_local_iterations: 1000
  eigsh_tol: 1e-06
  eigsh_maxiter: 1000
  run_name: SpecSignedLap
--------------------------------------------------
Using local search with 1000 iterations
Local search improved energy to -4437.0
Results saved to: results/Gset/SpecSignedLap/G41.csv
Alpha1 solver completed. Energy: -4437.000000, Time: 0.0332s
  Seed 10/10 (seed=51)
Initialized SpecSignedLap solver (GPU sparse) with alpha = 1.0. Results will be saved under 'SpecSignedLap'.
Parameters:
  instance_name: G41.txt
  dataset: Gset
  random_seed: 51
  mode: 1
  beta: None
  alpha: 1.0
  use_local_search: True
  max_local_iterations: 1000
  eigsh_tol: 1e-06
  eigsh_maxiter: 1000
  run_name: SpecSignedLap
--------------------------------------------------
Using local search with 1000 iterations
Local search improved energy to -4443.0
Results saved to: results/Gset/SpecSignedLap/G41.csv
Alpha1 solver completed. Energy: -4443.000000, Time: 0.0394s
Processing instance: G42.txt
  Seed 1/10 (seed=42)
Initialized SpecSignedLap solver (GPU sparse) with alpha = 1.0. Results will be saved under 'SpecSignedLap'.
Parameters:
  instance_name: G42.txt
  dataset: Gset
  random_seed: 42
  mode: 1
  beta: None
  alpha: 1.0
  use_local_search: True
  max_local_iterations: 1000
  eigsh_tol: 1e-06
  eigsh_maxiter: 1000
  run_name: SpecSignedLap
--------------------------------------------------
Using local search with 1000 iterations
Local search improved energy to -4419.0
Results saved to: results/Gset/SpecSignedLap/G42.csv
Alpha1 solver completed. Energy: -4419.000000, Time: 0.0339s
  Seed 2/10 (seed=43)
Initialized SpecSignedLap solver (GPU sparse) with alpha = 1.0. Results will be saved under 'SpecSignedLap'.
Parameters:
  instance_name: G42.txt
  dataset: Gset
  random_seed: 43
  mode: 1
  beta: None
  alpha: 1.0
  use_local_search: True
  max_local_iterations: 1000
  eigsh_tol: 1e-06
  eigsh_maxiter: 1000
  run_name: SpecSignedLap
--------------------------------------------------
Using local search with 1000 iterations
Local search improved energy to -4423.0
Results saved to: results/Gset/SpecSignedLap/G42.csv
Alpha1 solver completed. Energy: -4423.000000, Time: 0.0397s
  Seed 3/10 (seed=44)
Initialized SpecSignedLap solver (GPU sparse) with alpha = 1.0. Results will be saved under 'SpecSignedLap'.
Parameters:
  instance_name: G42.txt
  dataset: Gset
  random_seed: 44
  mode: 1
  beta: None
  alpha: 1.0
  use_local_search: True
  max_local_iterations: 1000
  eigsh_tol: 1e-06
  eigsh_maxiter: 1000
  run_name: SpecSignedLap
--------------------------------------------------
Using local search with 1000 iterations
Local search improved energy to -4417.0
Results saved to: results/Gset/SpecSignedLap/G42.csv
Alpha1 solver completed. Energy: -4417.000000, Time: 0.0427s
  Seed 4/10 (seed=45)
Initialized SpecSignedLap solver (GPU sparse) with alpha = 1.0. Results will be saved under 'SpecSignedLap'.
Parameters:
  instance_name: G42.txt
  dataset: Gset
  random_seed: 45
  mode: 1
  beta: None
  alpha: 1.0
  use_local_search: True
  max_local_iterations: 1000
  eigsh_tol: 1e-06
  eigsh_maxiter: 1000
  run_name: SpecSignedLap
--------------------------------------------------
Using local search with 1000 iterations
Local search improved energy to -4428.999999999999
Results saved to: results/Gset/SpecSignedLap/G42.csv
Alpha1 solver completed. Energy: -4429.000000, Time: 0.0426s
  Seed 5/10 (seed=46)
Initialized SpecSignedLap solver (GPU sparse) with alpha = 1.0. Results will be saved under 'SpecSignedLap'.
Parameters:
  instance_name: G42.txt
  dataset: Gset
  random_seed: 46
  mode: 1
  beta: None
  alpha: 1.0
  use_local_search: True
  max_local_iterations: 1000
  eigsh_tol: 1e-06
  eigsh_maxiter: 1000
  run_name: SpecSignedLap
--------------------------------------------------
Using local search with 1000 iterations
Local search improved energy to -4413.000000000001
Results saved to: results/Gset/SpecSignedLap/G42.csv
Alpha1 solver completed. Energy: -4413.000000, Time: 0.0394s
  Seed 6/10 (seed=47)
Initialized SpecSignedLap solver (GPU sparse) with alpha = 1.0. Results will be saved under 'SpecSignedLap'.
Parameters:
  instance_name: G42.txt
  dataset: Gset
  random_seed: 47
  mode: 1
  beta: None
  alpha: 1.0
  use_local_search: True
  max_local_iterations: 1000
  eigsh_tol: 1e-06
  eigsh_maxiter: 1000
  run_name: SpecSignedLap
--------------------------------------------------
Using local search with 1000 iterations
Local search improved energy to -4415.0
Results saved to: results/Gset/SpecSignedLap/G42.csv
Alpha1 solver completed. Energy: -4415.000000, Time: 0.0344s
  Seed 7/10 (seed=48)
Initialized SpecSignedLap solver (GPU sparse) with alpha = 1.0. Results will be saved under 'SpecSignedLap'.
Parameters:
  instance_name: G42.txt
  dataset: Gset
  random_seed: 48
  mode: 1
  beta: None
  alpha: 1.0
  use_local_search: True
  max_local_iterations: 1000
  eigsh_tol: 1e-06
  eigsh_maxiter: 1000
  run_name: SpecSignedLap
--------------------------------------------------
Using local search with 1000 iterations
Local search improved energy to -4427.0
Results saved to: results/Gset/SpecSignedLap/G42.csv
Alpha1 solver completed. Energy: -4427.000000, Time: 0.0323s
  Seed 8/10 (seed=49)
Initialized SpecSignedLap solver (GPU sparse) with alpha = 1.0. Results will be saved under 'SpecSignedLap'.
Parameters:
  instance_name: G42.txt
  dataset: Gset
  random_seed: 49
  mode: 1
  beta: None
  alpha: 1.0
  use_local_search: True
  max_local_iterations: 1000
  eigsh_tol: 1e-06
  eigsh_maxiter: 1000
  run_name: SpecSignedLap
--------------------------------------------------
Using local search with 1000 iterations
Local search improved energy to -4411.0
Results saved to: results/Gset/SpecSignedLap/G42.csv
Alpha1 solver completed. Energy: -4411.000000, Time: 0.0399s
  Seed 9/10 (seed=50)
Initialized SpecSignedLap solver (GPU sparse) with alpha = 1.0. Results will be saved under 'SpecSignedLap'.
Parameters:
  instance_name: G42.txt
  dataset: Gset
  random_seed: 50
  mode: 1
  beta: None
  alpha: 1.0
  use_local_search: True
  max_local_iterations: 1000
  eigsh_tol: 1e-06
  eigsh_maxiter: 1000
  run_name: SpecSignedLap
--------------------------------------------------
Using local search with 1000 iterations
Local search improved energy to -4424.999999999999
Results saved to: results/Gset/SpecSignedLap/G42.csv
Alpha1 solver completed. Energy: -4425.000000, Time: 0.0371s
  Seed 10/10 (seed=51)
Initialized SpecSignedLap solver (GPU sparse) with alpha = 1.0. Results will be saved under 'SpecSignedLap'.
Parameters:
  instance_name: G42.txt
  dataset: Gset
  random_seed: 51
  mode: 1
  beta: None
  alpha: 1.0
  use_local_search: True
  max_local_iterations: 1000
  eigsh_tol: 1e-06
  eigsh_maxiter: 1000
  run_name: SpecSignedLap
--------------------------------------------------
Using local search with 1000 iterations
Local search improved energy to -4415.0
Results saved to: results/Gset/SpecSignedLap/G42.csv
Alpha1 solver completed. Energy: -4415.000000, Time: 0.0327s
Processing instance: G43.txt
  Seed 1/10 (seed=42)
Initialized SpecSignedLap solver (GPU sparse) with alpha = 1.0. Results will be saved under 'SpecSignedLap'.
Parameters:
  instance_name: G43.txt
  dataset: Gset
  random_seed: 42
  mode: 1
  beta: None
  alpha: 1.0
  use_local_search: True
  max_local_iterations: 1000
  eigsh_tol: 1e-06
  eigsh_maxiter: 1000
  run_name: SpecSignedLap
--------------------------------------------------
Using local search with 1000 iterations
Local search improved energy to -3186.0
Results saved to: results/Gset/SpecSignedLap/G43.csv
Alpha1 solver completed. Energy: -3186.000000, Time: 0.0434s
  Seed 2/10 (seed=43)
Initialized SpecSignedLap solver (GPU sparse) with alpha = 1.0. Results will be saved under 'SpecSignedLap'.
Parameters:
  instance_name: G43.txt
  dataset: Gset
  random_seed: 43
  mode: 1
  beta: None
  alpha: 1.0
  use_local_search: True
  max_local_iterations: 1000
  eigsh_tol: 1e-06
  eigsh_maxiter: 1000
  run_name: SpecSignedLap
--------------------------------------------------
Using local search with 1000 iterations
Local search improved energy to -3200.0
Results saved to: results/Gset/SpecSignedLap/G43.csv
Alpha1 solver completed. Energy: -3200.000000, Time: 0.0415s
  Seed 3/10 (seed=44)
Initialized SpecSignedLap solver (GPU sparse) with alpha = 1.0. Results will be saved under 'SpecSignedLap'.
Parameters:
  instance_name: G43.txt
  dataset: Gset
  random_seed: 44
  mode: 1
  beta: None
  alpha: 1.0
  use_local_search: True
  max_local_iterations: 1000
  eigsh_tol: 1e-06
  eigsh_maxiter: 1000
  run_name: SpecSignedLap
--------------------------------------------------
Using local search with 1000 iterations
Local search improved energy to -3187.9999999999995
Results saved to: results/Gset/SpecSignedLap/G43.csv
Alpha1 solver completed. Energy: -3188.000000, Time: 0.0483s
  Seed 4/10 (seed=45)
Initialized SpecSignedLap solver (GPU sparse) with alpha = 1.0. Results will be saved under 'SpecSignedLap'.
Parameters:
  instance_name: G43.txt
  dataset: Gset
  random_seed: 45
  mode: 1
  beta: None
  alpha: 1.0
  use_local_search: True
  max_local_iterations: 1000
  eigsh_tol: 1e-06
  eigsh_maxiter: 1000
  run_name: SpecSignedLap
--------------------------------------------------
Using local search with 1000 iterations
Local search improved energy to -3200.0
Results saved to: results/Gset/SpecSignedLap/G43.csv
Alpha1 solver completed. Energy: -3200.000000, Time: 0.0487s
  Seed 5/10 (seed=46)
Initialized SpecSignedLap solver (GPU sparse) with alpha = 1.0. Results will be saved under 'SpecSignedLap'.
Parameters:
  instance_name: G43.txt
  dataset: Gset
  random_seed: 46
  mode: 1
  beta: None
  alpha: 1.0
  use_local_search: True
  max_local_iterations: 1000
  eigsh_tol: 1e-06
  eigsh_maxiter: 1000
  run_name: SpecSignedLap
--------------------------------------------------
Using local search with 1000 iterations
Local search improved energy to -3190.0000000000005
Results saved to: results/Gset/SpecSignedLap/G43.csv
Alpha1 solver completed. Energy: -3190.000000, Time: 0.0418s
  Seed 6/10 (seed=47)
Initialized SpecSignedLap solver (GPU sparse) with alpha = 1.0. Results will be saved under 'SpecSignedLap'.
Parameters:
  instance_name: G43.txt
  dataset: Gset
  random_seed: 47
  mode: 1
  beta: None
  alpha: 1.0
  use_local_search: True
  max_local_iterations: 1000
  eigsh_tol: 1e-06
  eigsh_maxiter: 1000
  run_name: SpecSignedLap
--------------------------------------------------
Using local search with 1000 iterations
Local search improved energy to -3202.0
Results saved to: results/Gset/SpecSignedLap/G43.csv
Alpha1 solver completed. Energy: -3202.000000, Time: 0.1050s
  Seed 7/10 (seed=48)
Initialized SpecSignedLap solver (GPU sparse) with alpha = 1.0. Results will be saved under 'SpecSignedLap'.
Parameters:
  instance_name: G43.txt
  dataset: Gset
  random_seed: 48
  mode: 1
  beta: None
  alpha: 1.0
  use_local_search: True
  max_local_iterations: 1000
  eigsh_tol: 1e-06
  eigsh_maxiter: 1000
  run_name: SpecSignedLap
--------------------------------------------------
Using local search with 1000 iterations
Local search improved energy to -3191.9999999999995
Results saved to: results/Gset/SpecSignedLap/G43.csv
Alpha1 solver completed. Energy: -3192.000000, Time: 0.0479s
  Seed 8/10 (seed=49)
Initialized SpecSignedLap solver (GPU sparse) with alpha = 1.0. Results will be saved under 'SpecSignedLap'.
Parameters:
  instance_name: G43.txt
  dataset: Gset
  random_seed: 49
  mode: 1
  beta: None
  alpha: 1.0
  use_local_search: True
  max_local_iterations: 1000
  eigsh_tol: 1e-06
  eigsh_maxiter: 1000
  run_name: SpecSignedLap
--------------------------------------------------
Using local search with 1000 iterations
Local search improved energy to -3230.0
Results saved to: results/Gset/SpecSignedLap/G43.csv
Alpha1 solver completed. Energy: -3230.000000, Time: 0.0433s
  Seed 9/10 (seed=50)
Initialized SpecSignedLap solver (GPU sparse) with alpha = 1.0. Results will be saved under 'SpecSignedLap'.
Parameters:
  instance_name: G43.txt
  dataset: Gset
  random_seed: 50
  mode: 1
  beta: None
  alpha: 1.0
  use_local_search: True
  max_local_iterations: 1000
  eigsh_tol: 1e-06
  eigsh_maxiter: 1000
  run_name: SpecSignedLap
--------------------------------------------------
Using local search with 1000 iterations
Local search improved energy to -3180.0000000000005
Results saved to: results/Gset/SpecSignedLap/G43.csv
Alpha1 solver completed. Energy: -3180.000000, Time: 0.0463s
  Seed 10/10 (seed=51)
Initialized SpecSignedLap solver (GPU sparse) with alpha = 1.0. Results will be saved under 'SpecSignedLap'.
Parameters:
  instance_name: G43.txt
  dataset: Gset
  random_seed: 51
  mode: 1
  beta: None
  alpha: 1.0
  use_local_search: True
  max_local_iterations: 1000
  eigsh_tol: 1e-06
  eigsh_maxiter: 1000
  run_name: SpecSignedLap
--------------------------------------------------
Using local search with 1000 iterations
Local search improved energy to -3200.0
Results saved to: results/Gset/SpecSignedLap/G43.csv
Alpha1 solver completed. Energy: -3200.000000, Time: 0.0433s
Processing instance: G44.txt
  Seed 1/10 (seed=42)
Initialized SpecSignedLap solver (GPU sparse) with alpha = 1.0. Results will be saved under 'SpecSignedLap'.
Parameters:
  instance_name: G44.txt
  dataset: Gset
  random_seed: 42
  mode: 1
  beta: None
  alpha: 1.0
  use_local_search: True
  max_local_iterations: 1000
  eigsh_tol: 1e-06
  eigsh_maxiter: 1000
  run_name: SpecSignedLap
--------------------------------------------------
Using local search with 1000 iterations
Local search improved energy to -3188.0
Results saved to: results/Gset/SpecSignedLap/G44.csv
Alpha1 solver completed. Energy: -3188.000000, Time: 0.0333s
  Seed 2/10 (seed=43)
Initialized SpecSignedLap solver (GPU sparse) with alpha = 1.0. Results will be saved under 'SpecSignedLap'.
Parameters:
  instance_name: G44.txt
  dataset: Gset
  random_seed: 43
  mode: 1
  beta: None
  alpha: 1.0
  use_local_search: True
  max_local_iterations: 1000
  eigsh_tol: 1e-06
  eigsh_maxiter: 1000
  run_name: SpecSignedLap
--------------------------------------------------
Using local search with 1000 iterations
Local search improved energy to -3198.0
Results saved to: results/Gset/SpecSignedLap/G44.csv
Alpha1 solver completed. Energy: -3198.000000, Time: 0.0375s
  Seed 3/10 (seed=44)
Initialized SpecSignedLap solver (GPU sparse) with alpha = 1.0. Results will be saved under 'SpecSignedLap'.
Parameters:
  instance_name: G44.txt
  dataset: Gset
  random_seed: 44
  mode: 1
  beta: None
  alpha: 1.0
  use_local_search: True
  max_local_iterations: 1000
  eigsh_tol: 1e-06
  eigsh_maxiter: 1000
  run_name: SpecSignedLap
--------------------------------------------------
Using local search with 1000 iterations
Local search improved energy to -3184.0
Results saved to: results/Gset/SpecSignedLap/G44.csv
Alpha1 solver completed. Energy: -3184.000000, Time: 0.0326s
  Seed 4/10 (seed=45)
Initialized SpecSignedLap solver (GPU sparse) with alpha = 1.0. Results will be saved under 'SpecSignedLap'.
Parameters:
  instance_name: G44.txt
  dataset: Gset
  random_seed: 45
  mode: 1
  beta: None
  alpha: 1.0
  use_local_search: True
  max_local_iterations: 1000
  eigsh_tol: 1e-06
  eigsh_maxiter: 1000
  run_name: SpecSignedLap
--------------------------------------------------
Using local search with 1000 iterations
Local search improved energy to -3192.0000000000005
Results saved to: results/Gset/SpecSignedLap/G44.csv
Alpha1 solver completed. Energy: -3192.000000, Time: 0.0377s
  Seed 5/10 (seed=46)
Initialized SpecSignedLap solver (GPU sparse) with alpha = 1.0. Results will be saved under 'SpecSignedLap'.
Parameters:
  instance_name: G44.txt
  dataset: Gset
  random_seed: 46
  mode: 1
  beta: None
  alpha: 1.0
  use_local_search: True
  max_local_iterations: 1000
  eigsh_tol: 1e-06
  eigsh_maxiter: 1000
  run_name: SpecSignedLap
--------------------------------------------------
Using local search with 1000 iterations
Local search improved energy to -3158.0000000000005
Results saved to: results/Gset/SpecSignedLap/G44.csv
Alpha1 solver completed. Energy: -3158.000000, Time: 0.0383s
  Seed 6/10 (seed=47)
Initialized SpecSignedLap solver (GPU sparse) with alpha = 1.0. Results will be saved under 'SpecSignedLap'.
Parameters:
  instance_name: G44.txt
  dataset: Gset
  random_seed: 47
  mode: 1
  beta: None
  alpha: 1.0
  use_local_search: True
  max_local_iterations: 1000
  eigsh_tol: 1e-06
  eigsh_maxiter: 1000
  run_name: SpecSignedLap
--------------------------------------------------
Using local search with 1000 iterations
Local search improved energy to -3160.0
Results saved to: results/Gset/SpecSignedLap/G44.csv
Alpha1 solver completed. Energy: -3160.000000, Time: 0.0441s
  Seed 7/10 (seed=48)
Initialized SpecSignedLap solver (GPU sparse) with alpha = 1.0. Results will be saved under 'SpecSignedLap'.
Parameters:
  instance_name: G44.txt
  dataset: Gset
  random_seed: 48
  mode: 1
  beta: None
  alpha: 1.0
  use_local_search: True
  max_local_iterations: 1000
  eigsh_tol: 1e-06
  eigsh_maxiter: 1000
  run_name: SpecSignedLap
--------------------------------------------------
Using local search with 1000 iterations
Local search improved energy to -3188.0
Results saved to: results/Gset/SpecSignedLap/G44.csv
Alpha1 solver completed. Energy: -3188.000000, Time: 0.0321s
  Seed 8/10 (seed=49)
Initialized SpecSignedLap solver (GPU sparse) with alpha = 1.0. Results will be saved under 'SpecSignedLap'.
Parameters:
  instance_name: G44.txt
  dataset: Gset
  random_seed: 49
  mode: 1
  beta: None
  alpha: 1.0
  use_local_search: True
  max_local_iterations: 1000
  eigsh_tol: 1e-06
  eigsh_maxiter: 1000
  run_name: SpecSignedLap
--------------------------------------------------
Using local search with 1000 iterations
Local search improved energy to -3222.0
Results saved to: results/Gset/SpecSignedLap/G44.csv
Alpha1 solver completed. Energy: -3222.000000, Time: 0.0395s
  Seed 9/10 (seed=50)
Initialized SpecSignedLap solver (GPU sparse) with alpha = 1.0. Results will be saved under 'SpecSignedLap'.
Parameters:
  instance_name: G44.txt
  dataset: Gset
  random_seed: 50
  mode: 1
  beta: None
  alpha: 1.0
  use_local_search: True
  max_local_iterations: 1000
  eigsh_tol: 1e-06
  eigsh_maxiter: 1000
  run_name: SpecSignedLap
--------------------------------------------------
Using local search with 1000 iterations
Local search improved energy to -3198.0
Results saved to: results/Gset/SpecSignedLap/G44.csv
Alpha1 solver completed. Energy: -3198.000000, Time: 0.0385s
  Seed 10/10 (seed=51)
Initialized SpecSignedLap solver (GPU sparse) with alpha = 1.0. Results will be saved under 'SpecSignedLap'.
Parameters:
  instance_name: G44.txt
  dataset: Gset
  random_seed: 51
  mode: 1
  beta: None
  alpha: 1.0
  use_local_search: True
  max_local_iterations: 1000
  eigsh_tol: 1e-06
  eigsh_maxiter: 1000
  run_name: SpecSignedLap
--------------------------------------------------
Using local search with 1000 iterations
Local search improved energy to -3147.9999999999995
Results saved to: results/Gset/SpecSignedLap/G44.csv
Alpha1 solver completed. Energy: -3148.000000, Time: 0.0329s
Processing instance: G45.txt
  Seed 1/10 (seed=42)
Initialized SpecSignedLap solver (GPU sparse) with alpha = 1.0. Results will be saved under 'SpecSignedLap'.
Parameters:
  instance_name: G45.txt
  dataset: Gset
  random_seed: 42
  mode: 1
  beta: None
  alpha: 1.0
  use_local_search: True
  max_local_iterations: 1000
  eigsh_tol: 1e-06
  eigsh_maxiter: 1000
  run_name: SpecSignedLap
--------------------------------------------------
Using local search with 1000 iterations
Local search did not improve energy to -2738.0
Results saved to: results/Gset/SpecSignedLap/G45.csv
Alpha1 solver completed. Energy: -2738.000000, Time: 0.3580s
  Seed 2/10 (seed=43)
Initialized SpecSignedLap solver (GPU sparse) with alpha = 1.0. Results will be saved under 'SpecSignedLap'.
Parameters:
  instance_name: G45.txt
  dataset: Gset
  random_seed: 43
  mode: 1
  beta: None
  alpha: 1.0
  use_local_search: True
  max_local_iterations: 1000
  eigsh_tol: 1e-06
  eigsh_maxiter: 1000
  run_name: SpecSignedLap
--------------------------------------------------
Using local search with 1000 iterations
Local search did not improve energy to -2738.0
Results saved to: results/Gset/SpecSignedLap/G45.csv
Alpha1 solver completed. Energy: -2738.000000, Time: 0.3588s
  Seed 3/10 (seed=44)
Initialized SpecSignedLap solver (GPU sparse) with alpha = 1.0. Results will be saved under 'SpecSignedLap'.
Parameters:
  instance_name: G45.txt
  dataset: Gset
  random_seed: 44
  mode: 1
  beta: None
  alpha: 1.0
  use_local_search: True
  max_local_iterations: 1000
  eigsh_tol: 1e-06
  eigsh_maxiter: 1000
  run_name: SpecSignedLap
--------------------------------------------------
Using local search with 1000 iterations
Local search improved energy to -3154.0
Results saved to: results/Gset/SpecSignedLap/G45.csv
Alpha1 solver completed. Energy: -3154.000000, Time: 0.0363s
  Seed 4/10 (seed=45)
Initialized SpecSignedLap solver (GPU sparse) with alpha = 1.0. Results will be saved under 'SpecSignedLap'.
Parameters:
  instance_name: G45.txt
  dataset: Gset
  random_seed: 45
  mode: 1
  beta: None
  alpha: 1.0
  use_local_search: True
  max_local_iterations: 1000
  eigsh_tol: 1e-06
  eigsh_maxiter: 1000
  run_name: SpecSignedLap
--------------------------------------------------
Using local search with 1000 iterations
Local search did not improve energy to -2738.0
Results saved to: results/Gset/SpecSignedLap/G45.csv
Alpha1 solver completed. Energy: -2738.000000, Time: 0.3663s
  Seed 5/10 (seed=46)
Initialized SpecSignedLap solver (GPU sparse) with alpha = 1.0. Results will be saved under 'SpecSignedLap'.
Parameters:
  instance_name: G45.txt
  dataset: Gset
  random_seed: 46
  mode: 1
  beta: None
  alpha: 1.0
  use_local_search: True
  max_local_iterations: 1000
  eigsh_tol: 1e-06
  eigsh_maxiter: 1000
  run_name: SpecSignedLap
--------------------------------------------------
Using local search with 1000 iterations
Local search improved energy to -3169.9999999999995
Results saved to: results/Gset/SpecSignedLap/G45.csv
Alpha1 solver completed. Energy: -3170.000000, Time: 0.0367s
  Seed 6/10 (seed=47)
Initialized SpecSignedLap solver (GPU sparse) with alpha = 1.0. Results will be saved under 'SpecSignedLap'.
Parameters:
  instance_name: G45.txt
  dataset: Gset
  random_seed: 47
  mode: 1
  beta: None
  alpha: 1.0
  use_local_search: True
  max_local_iterations: 1000
  eigsh_tol: 1e-06
  eigsh_maxiter: 1000
  run_name: SpecSignedLap
--------------------------------------------------
Using local search with 1000 iterations
Local search did not improve energy to -2738.0
Results saved to: results/Gset/SpecSignedLap/G45.csv
Alpha1 solver completed. Energy: -2738.000000, Time: 0.3658s
  Seed 7/10 (seed=48)
Initialized SpecSignedLap solver (GPU sparse) with alpha = 1.0. Results will be saved under 'SpecSignedLap'.
Parameters:
  instance_name: G45.txt
  dataset: Gset
  random_seed: 48
  mode: 1
  beta: None
  alpha: 1.0
  use_local_search: True
  max_local_iterations: 1000
  eigsh_tol: 1e-06
  eigsh_maxiter: 1000
  run_name: SpecSignedLap
--------------------------------------------------
Using local search with 1000 iterations
Local search improved energy to -3172.0
Results saved to: results/Gset/SpecSignedLap/G45.csv
Alpha1 solver completed. Energy: -3172.000000, Time: 0.0353s
  Seed 8/10 (seed=49)
Initialized SpecSignedLap solver (GPU sparse) with alpha = 1.0. Results will be saved under 'SpecSignedLap'.
Parameters:
  instance_name: G45.txt
  dataset: Gset
  random_seed: 49
  mode: 1
  beta: None
  alpha: 1.0
  use_local_search: True
  max_local_iterations: 1000
  eigsh_tol: 1e-06
  eigsh_maxiter: 1000
  run_name: SpecSignedLap
--------------------------------------------------
Using local search with 1000 iterations
Local search improved energy to -3172.0
Results saved to: results/Gset/SpecSignedLap/G45.csv
Alpha1 solver completed. Energy: -3172.000000, Time: 0.0371s
  Seed 9/10 (seed=50)
Initialized SpecSignedLap solver (GPU sparse) with alpha = 1.0. Results will be saved under 'SpecSignedLap'.
Parameters:
  instance_name: G45.txt
  dataset: Gset
  random_seed: 50
  mode: 1
  beta: None
  alpha: 1.0
  use_local_search: True
  max_local_iterations: 1000
  eigsh_tol: 1e-06
  eigsh_maxiter: 1000
  run_name: SpecSignedLap
--------------------------------------------------
Using local search with 1000 iterations
Local search improved energy to -3166.0
Results saved to: results/Gset/SpecSignedLap/G45.csv
Alpha1 solver completed. Energy: -3166.000000, Time: 0.0328s
  Seed 10/10 (seed=51)
Initialized SpecSignedLap solver (GPU sparse) with alpha = 1.0. Results will be saved under 'SpecSignedLap'.
Parameters:
  instance_name: G45.txt
  dataset: Gset
  random_seed: 51
  mode: 1
  beta: None
  alpha: 1.0
  use_local_search: True
  max_local_iterations: 1000
  eigsh_tol: 1e-06
  eigsh_maxiter: 1000
  run_name: SpecSignedLap
--------------------------------------------------
Using local search with 1000 iterations
Local search improved energy to -3164.0
Results saved to: results/Gset/SpecSignedLap/G45.csv
Alpha1 solver completed. Energy: -3164.000000, Time: 0.0361s
Processing instance: G46.txt
  Seed 1/10 (seed=42)
Initialized SpecSignedLap solver (GPU sparse) with alpha = 1.0. Results will be saved under 'SpecSignedLap'.
Parameters:
  instance_name: G46.txt
  dataset: Gset
  random_seed: 42
  mode: 1
  beta: None
  alpha: 1.0
  use_local_search: True
  max_local_iterations: 1000
  eigsh_tol: 1e-06
  eigsh_maxiter: 1000
  run_name: SpecSignedLap
--------------------------------------------------
Using local search with 1000 iterations
Local search improved energy to -3126.0
Results saved to: results/Gset/SpecSignedLap/G46.csv
Alpha1 solver completed. Energy: -3126.000000, Time: 0.0419s
  Seed 2/10 (seed=43)
Initialized SpecSignedLap solver (GPU sparse) with alpha = 1.0. Results will be saved under 'SpecSignedLap'.
Parameters:
  instance_name: G46.txt
  dataset: Gset
  random_seed: 43
  mode: 1
  beta: None
  alpha: 1.0
  use_local_search: True
  max_local_iterations: 1000
  eigsh_tol: 1e-06
  eigsh_maxiter: 1000
  run_name: SpecSignedLap
--------------------------------------------------
Using local search with 1000 iterations
Local search improved energy to -3150.0000000000005
Results saved to: results/Gset/SpecSignedLap/G46.csv
Alpha1 solver completed. Energy: -3150.000000, Time: 0.0451s
  Seed 3/10 (seed=44)
Initialized SpecSignedLap solver (GPU sparse) with alpha = 1.0. Results will be saved under 'SpecSignedLap'.
Parameters:
  instance_name: G46.txt
  dataset: Gset
  random_seed: 44
  mode: 1
  beta: None
  alpha: 1.0
  use_local_search: True
  max_local_iterations: 1000
  eigsh_tol: 1e-06
  eigsh_maxiter: 1000
  run_name: SpecSignedLap
--------------------------------------------------
Using local search with 1000 iterations
Local search improved energy to -3140.0
Results saved to: results/Gset/SpecSignedLap/G46.csv
Alpha1 solver completed. Energy: -3140.000000, Time: 0.0425s
  Seed 4/10 (seed=45)
Initialized SpecSignedLap solver (GPU sparse) with alpha = 1.0. Results will be saved under 'SpecSignedLap'.
Parameters:
  instance_name: G46.txt
  dataset: Gset
  random_seed: 45
  mode: 1
  beta: None
  alpha: 1.0
  use_local_search: True
  max_local_iterations: 1000
  eigsh_tol: 1e-06
  eigsh_maxiter: 1000
  run_name: SpecSignedLap
--------------------------------------------------
Using local search with 1000 iterations
Local search improved energy to -3183.9999999999995
Results saved to: results/Gset/SpecSignedLap/G46.csv
Alpha1 solver completed. Energy: -3184.000000, Time: 0.0385s
  Seed 5/10 (seed=46)
Initialized SpecSignedLap solver (GPU sparse) with alpha = 1.0. Results will be saved under 'SpecSignedLap'.
Parameters:
  instance_name: G46.txt
  dataset: Gset
  random_seed: 46
  mode: 1
  beta: None
  alpha: 1.0
  use_local_search: True
  max_local_iterations: 1000
  eigsh_tol: 1e-06
  eigsh_maxiter: 1000
  run_name: SpecSignedLap
--------------------------------------------------
Using local search with 1000 iterations
Local search improved energy to -3154.0
Results saved to: results/Gset/SpecSignedLap/G46.csv
Alpha1 solver completed. Energy: -3154.000000, Time: 0.0392s
  Seed 6/10 (seed=47)
Initialized SpecSignedLap solver (GPU sparse) with alpha = 1.0. Results will be saved under 'SpecSignedLap'.
Parameters:
  instance_name: G46.txt
  dataset: Gset
  random_seed: 47
  mode: 1
  beta: None
  alpha: 1.0
  use_local_search: True
  max_local_iterations: 1000
  eigsh_tol: 1e-06
  eigsh_maxiter: 1000
  run_name: SpecSignedLap
--------------------------------------------------
Using local search with 1000 iterations
Local search improved energy to -3164.0
Results saved to: results/Gset/SpecSignedLap/G46.csv
Alpha1 solver completed. Energy: -3164.000000, Time: 0.0415s
  Seed 7/10 (seed=48)
Initialized SpecSignedLap solver (GPU sparse) with alpha = 1.0. Results will be saved under 'SpecSignedLap'.
Parameters:
  instance_name: G46.txt
  dataset: Gset
  random_seed: 48
  mode: 1
  beta: None
  alpha: 1.0
  use_local_search: True
  max_local_iterations: 1000
  eigsh_tol: 1e-06
  eigsh_maxiter: 1000
  run_name: SpecSignedLap
--------------------------------------------------
Using local search with 1000 iterations
Local search improved energy to -3158.0000000000005
Results saved to: results/Gset/SpecSignedLap/G46.csv
Alpha1 solver completed. Energy: -3158.000000, Time: 0.0399s
  Seed 8/10 (seed=49)
Initialized SpecSignedLap solver (GPU sparse) with alpha = 1.0. Results will be saved under 'SpecSignedLap'.
Parameters:
  instance_name: G46.txt
  dataset: Gset
  random_seed: 49
  mode: 1
  beta: None
  alpha: 1.0
  use_local_search: True
  max_local_iterations: 1000
  eigsh_tol: 1e-06
  eigsh_maxiter: 1000
  run_name: SpecSignedLap
--------------------------------------------------
Using local search with 1000 iterations
Local search improved energy to -3132.0000000000005
Results saved to: results/Gset/SpecSignedLap/G46.csv
Alpha1 solver completed. Energy: -3132.000000, Time: 0.0448s
  Seed 9/10 (seed=50)
Initialized SpecSignedLap solver (GPU sparse) with alpha = 1.0. Results will be saved under 'SpecSignedLap'.
Parameters:
  instance_name: G46.txt
  dataset: Gset
  random_seed: 50
  mode: 1
  beta: None
  alpha: 1.0
  use_local_search: True
  max_local_iterations: 1000
  eigsh_tol: 1e-06
  eigsh_maxiter: 1000
  run_name: SpecSignedLap
--------------------------------------------------
Using local search with 1000 iterations
Local search improved energy to -3151.9999999999995
Results saved to: results/Gset/SpecSignedLap/G46.csv
Alpha1 solver completed. Energy: -3152.000000, Time: 0.0391s
  Seed 10/10 (seed=51)
Initialized SpecSignedLap solver (GPU sparse) with alpha = 1.0. Results will be saved under 'SpecSignedLap'.
Parameters:
  instance_name: G46.txt
  dataset: Gset
  random_seed: 51
  mode: 1
  beta: None
  alpha: 1.0
  use_local_search: True
  max_local_iterations: 1000
  eigsh_tol: 1e-06
  eigsh_maxiter: 1000
  run_name: SpecSignedLap
--------------------------------------------------
Using local search with 1000 iterations
Local search improved energy to -3126.0
Results saved to: results/Gset/SpecSignedLap/G46.csv
Alpha1 solver completed. Energy: -3126.000000, Time: 0.0391s
Processing instance: G47.txt
  Seed 1/10 (seed=42)
Initialized SpecSignedLap solver (GPU sparse) with alpha = 1.0. Results will be saved under 'SpecSignedLap'.
Parameters:
  instance_name: G47.txt
  dataset: Gset
  random_seed: 42
  mode: 1
  beta: None
  alpha: 1.0
  use_local_search: True
  max_local_iterations: 1000
  eigsh_tol: 1e-06
  eigsh_maxiter: 1000
  run_name: SpecSignedLap
--------------------------------------------------
Using local search with 1000 iterations
Local search improved energy to -3176.0
Results saved to: results/Gset/SpecSignedLap/G47.csv
Alpha1 solver completed. Energy: -3176.000000, Time: 0.0370s
  Seed 2/10 (seed=43)
Initialized SpecSignedLap solver (GPU sparse) with alpha = 1.0. Results will be saved under 'SpecSignedLap'.
Parameters:
  instance_name: G47.txt
  dataset: Gset
  random_seed: 43
  mode: 1
  beta: None
  alpha: 1.0
  use_local_search: True
  max_local_iterations: 1000
  eigsh_tol: 1e-06
  eigsh_maxiter: 1000
  run_name: SpecSignedLap
--------------------------------------------------
Using local search with 1000 iterations
Local search did not improve energy to -2716.0000000000005
Results saved to: results/Gset/SpecSignedLap/G47.csv
Alpha1 solver completed. Energy: -2716.000000, Time: 0.3578s
  Seed 3/10 (seed=44)
Initialized SpecSignedLap solver (GPU sparse) with alpha = 1.0. Results will be saved under 'SpecSignedLap'.
Parameters:
  instance_name: G47.txt
  dataset: Gset
  random_seed: 44
  mode: 1
  beta: None
  alpha: 1.0
  use_local_search: True
  max_local_iterations: 1000
  eigsh_tol: 1e-06
  eigsh_maxiter: 1000
  run_name: SpecSignedLap
--------------------------------------------------
Using local search with 1000 iterations
Local search did not improve energy to -2716.0000000000005
Results saved to: results/Gset/SpecSignedLap/G47.csv
Alpha1 solver completed. Energy: -2716.000000, Time: 0.3576s
  Seed 4/10 (seed=45)
Initialized SpecSignedLap solver (GPU sparse) with alpha = 1.0. Results will be saved under 'SpecSignedLap'.
Parameters:
  instance_name: G47.txt
  dataset: Gset
  random_seed: 45
  mode: 1
  beta: None
  alpha: 1.0
  use_local_search: True
  max_local_iterations: 1000
  eigsh_tol: 1e-06
  eigsh_maxiter: 1000
  run_name: SpecSignedLap
--------------------------------------------------
Using local search with 1000 iterations
Local search did not improve energy to -2716.0000000000005
Results saved to: results/Gset/SpecSignedLap/G47.csv
Alpha1 solver completed. Energy: -2716.000000, Time: 0.3588s
  Seed 5/10 (seed=46)
Initialized SpecSignedLap solver (GPU sparse) with alpha = 1.0. Results will be saved under 'SpecSignedLap'.
Parameters:
  instance_name: G47.txt
  dataset: Gset
  random_seed: 46
  mode: 1
  beta: None
  alpha: 1.0
  use_local_search: True
  max_local_iterations: 1000
  eigsh_tol: 1e-06
  eigsh_maxiter: 1000
  run_name: SpecSignedLap
--------------------------------------------------
Using local search with 1000 iterations
Local search improved energy to -3185.9999999999995
Results saved to: results/Gset/SpecSignedLap/G47.csv
Alpha1 solver completed. Energy: -3186.000000, Time: 0.0457s
  Seed 6/10 (seed=47)
Initialized SpecSignedLap solver (GPU sparse) with alpha = 1.0. Results will be saved under 'SpecSignedLap'.
Parameters:
  instance_name: G47.txt
  dataset: Gset
  random_seed: 47
  mode: 1
  beta: None
  alpha: 1.0
  use_local_search: True
  max_local_iterations: 1000
  eigsh_tol: 1e-06
  eigsh_maxiter: 1000
  run_name: SpecSignedLap
--------------------------------------------------
Using local search with 1000 iterations
Local search did not improve energy to -2716.0000000000005
Results saved to: results/Gset/SpecSignedLap/G47.csv
Alpha1 solver completed. Energy: -2716.000000, Time: 0.3592s
  Seed 7/10 (seed=48)
Initialized SpecSignedLap solver (GPU sparse) with alpha = 1.0. Results will be saved under 'SpecSignedLap'.
Parameters:
  instance_name: G47.txt
  dataset: Gset
  random_seed: 48
  mode: 1
  beta: None
  alpha: 1.0
  use_local_search: True
  max_local_iterations: 1000
  eigsh_tol: 1e-06
  eigsh_maxiter: 1000
  run_name: SpecSignedLap
--------------------------------------------------
Using local search with 1000 iterations
Local search did not improve energy to -2716.0000000000005
Results saved to: results/Gset/SpecSignedLap/G47.csv
Alpha1 solver completed. Energy: -2716.000000, Time: 0.3711s
  Seed 8/10 (seed=49)
Initialized SpecSignedLap solver (GPU sparse) with alpha = 1.0. Results will be saved under 'SpecSignedLap'.
Parameters:
  instance_name: G47.txt
  dataset: Gset
  random_seed: 49
  mode: 1
  beta: None
  alpha: 1.0
  use_local_search: True
  max_local_iterations: 1000
  eigsh_tol: 1e-06
  eigsh_maxiter: 1000
  run_name: SpecSignedLap
--------------------------------------------------
Using local search with 1000 iterations
Local search improved energy to -3176.0000000000005
Results saved to: results/Gset/SpecSignedLap/G47.csv
Alpha1 solver completed. Energy: -3176.000000, Time: 0.0361s
  Seed 9/10 (seed=50)
Initialized SpecSignedLap solver (GPU sparse) with alpha = 1.0. Results will be saved under 'SpecSignedLap'.
Parameters:
  instance_name: G47.txt
  dataset: Gset
  random_seed: 50
  mode: 1
  beta: None
  alpha: 1.0
  use_local_search: True
  max_local_iterations: 1000
  eigsh_tol: 1e-06
  eigsh_maxiter: 1000
  run_name: SpecSignedLap
--------------------------------------------------
Using local search with 1000 iterations
Local search did not improve energy to -2716.0000000000005
Results saved to: results/Gset/SpecSignedLap/G47.csv
Alpha1 solver completed. Energy: -2716.000000, Time: 0.3733s
  Seed 10/10 (seed=51)
Initialized SpecSignedLap solver (GPU sparse) with alpha = 1.0. Results will be saved under 'SpecSignedLap'.
Parameters:
  instance_name: G47.txt
  dataset: Gset
  random_seed: 51
  mode: 1
  beta: None
  alpha: 1.0
  use_local_search: True
  max_local_iterations: 1000
  eigsh_tol: 1e-06
  eigsh_maxiter: 1000
  run_name: SpecSignedLap
--------------------------------------------------
Using local search with 1000 iterations
Local search did not improve energy to -2716.0000000000005
Results saved to: results/Gset/SpecSignedLap/G47.csv
Alpha1 solver completed. Energy: -2716.000000, Time: 0.3758s
Processing instance: G48.txt
  Seed 1/10 (seed=42)
Initialized SpecSignedLap solver (GPU sparse) with alpha = 1.0. Results will be saved under 'SpecSignedLap'.
Parameters:
  instance_name: G48.txt
  dataset: Gset
  random_seed: 42
  mode: 1
  beta: None
  alpha: 1.0
  use_local_search: True
  max_local_iterations: 1000
  eigsh_tol: 1e-06
  eigsh_maxiter: 1000
  run_name: SpecSignedLap
--------------------------------------------------
Using local search with 1000 iterations
Local search did not improve energy to -6000.0
Results saved to: results/Gset/SpecSignedLap/G48.csv
Alpha1 solver completed. Energy: -6000.000000, Time: 0.0646s
  Seed 2/10 (seed=43)
Initialized SpecSignedLap solver (GPU sparse) with alpha = 1.0. Results will be saved under 'SpecSignedLap'.
Parameters:
  instance_name: G48.txt
  dataset: Gset
  random_seed: 43
  mode: 1
  beta: None
  alpha: 1.0
  use_local_search: True
  max_local_iterations: 1000
  eigsh_tol: 1e-06
  eigsh_maxiter: 1000
  run_name: SpecSignedLap
--------------------------------------------------
Using local search with 1000 iterations
Local search did not improve energy to -6000.0
Results saved to: results/Gset/SpecSignedLap/G48.csv
Alpha1 solver completed. Energy: -6000.000000, Time: 0.0542s
  Seed 3/10 (seed=44)
Initialized SpecSignedLap solver (GPU sparse) with alpha = 1.0. Results will be saved under 'SpecSignedLap'.
Parameters:
  instance_name: G48.txt
  dataset: Gset
  random_seed: 44
  mode: 1
  beta: None
  alpha: 1.0
  use_local_search: True
  max_local_iterations: 1000
  eigsh_tol: 1e-06
  eigsh_maxiter: 1000
  run_name: SpecSignedLap
--------------------------------------------------
Using local search with 1000 iterations
Local search did not improve energy to -6000.0
Results saved to: results/Gset/SpecSignedLap/G48.csv
Alpha1 solver completed. Energy: -6000.000000, Time: 0.0542s
  Seed 4/10 (seed=45)
Initialized SpecSignedLap solver (GPU sparse) with alpha = 1.0. Results will be saved under 'SpecSignedLap'.
Parameters:
  instance_name: G48.txt
  dataset: Gset
  random_seed: 45
  mode: 1
  beta: None
  alpha: 1.0
  use_local_search: True
  max_local_iterations: 1000
  eigsh_tol: 1e-06
  eigsh_maxiter: 1000
  run_name: SpecSignedLap
--------------------------------------------------
Using local search with 1000 iterations
Local search did not improve energy to -6000.0
Results saved to: results/Gset/SpecSignedLap/G48.csv
Alpha1 solver completed. Energy: -6000.000000, Time: 0.0509s
  Seed 5/10 (seed=46)
Initialized SpecSignedLap solver (GPU sparse) with alpha = 1.0. Results will be saved under 'SpecSignedLap'.
Parameters:
  instance_name: G48.txt
  dataset: Gset
  random_seed: 46
  mode: 1
  beta: None
  alpha: 1.0
  use_local_search: True
  max_local_iterations: 1000
  eigsh_tol: 1e-06
  eigsh_maxiter: 1000
  run_name: SpecSignedLap
--------------------------------------------------
Using local search with 1000 iterations
Local search did not improve energy to -6000.0
Results saved to: results/Gset/SpecSignedLap/G48.csv
Alpha1 solver completed. Energy: -6000.000000, Time: 0.0508s
  Seed 6/10 (seed=47)
Initialized SpecSignedLap solver (GPU sparse) with alpha = 1.0. Results will be saved under 'SpecSignedLap'.
Parameters:
  instance_name: G48.txt
  dataset: Gset
  random_seed: 47
  mode: 1
  beta: None
  alpha: 1.0
  use_local_search: True
  max_local_iterations: 1000
  eigsh_tol: 1e-06
  eigsh_maxiter: 1000
  run_name: SpecSignedLap
--------------------------------------------------
Using local search with 1000 iterations
Local search did not improve energy to -6000.0
Results saved to: results/Gset/SpecSignedLap/G48.csv
Alpha1 solver completed. Energy: -6000.000000, Time: 0.0508s
  Seed 7/10 (seed=48)
Initialized SpecSignedLap solver (GPU sparse) with alpha = 1.0. Results will be saved under 'SpecSignedLap'.
Parameters:
  instance_name: G48.txt
  dataset: Gset
  random_seed: 48
  mode: 1
  beta: None
  alpha: 1.0
  use_local_search: True
  max_local_iterations: 1000
  eigsh_tol: 1e-06
  eigsh_maxiter: 1000
  run_name: SpecSignedLap
--------------------------------------------------
Using local search with 1000 iterations
Local search did not improve energy to -6000.0
Results saved to: results/Gset/SpecSignedLap/G48.csv
Alpha1 solver completed. Energy: -6000.000000, Time: 0.0506s
  Seed 8/10 (seed=49)
Initialized SpecSignedLap solver (GPU sparse) with alpha = 1.0. Results will be saved under 'SpecSignedLap'.
Parameters:
  instance_name: G48.txt
  dataset: Gset
  random_seed: 49
  mode: 1
  beta: None
  alpha: 1.0
  use_local_search: True
  max_local_iterations: 1000
  eigsh_tol: 1e-06
  eigsh_maxiter: 1000
  run_name: SpecSignedLap
--------------------------------------------------
Using local search with 1000 iterations
Local search did not improve energy to -6000.0
Results saved to: results/Gset/SpecSignedLap/G48.csv
Alpha1 solver completed. Energy: -6000.000000, Time: 0.0558s
  Seed 9/10 (seed=50)
Initialized SpecSignedLap solver (GPU sparse) with alpha = 1.0. Results will be saved under 'SpecSignedLap'.
Parameters:
  instance_name: G48.txt
  dataset: Gset
  random_seed: 50
  mode: 1
  beta: None
  alpha: 1.0
  use_local_search: True
  max_local_iterations: 1000
  eigsh_tol: 1e-06
  eigsh_maxiter: 1000
  run_name: SpecSignedLap
--------------------------------------------------
Using local search with 1000 iterations
Local search did not improve energy to -6000.0
Results saved to: results/Gset/SpecSignedLap/G48.csv
Alpha1 solver completed. Energy: -6000.000000, Time: 0.0559s
  Seed 10/10 (seed=51)
Initialized SpecSignedLap solver (GPU sparse) with alpha = 1.0. Results will be saved under 'SpecSignedLap'.
Parameters:
  instance_name: G48.txt
  dataset: Gset
  random_seed: 51
  mode: 1
  beta: None
  alpha: 1.0
  use_local_search: True
  max_local_iterations: 1000
  eigsh_tol: 1e-06
  eigsh_maxiter: 1000
  run_name: SpecSignedLap
--------------------------------------------------
Using local search with 1000 iterations
Local search did not improve energy to -6000.0
Results saved to: results/Gset/SpecSignedLap/G48.csv
Alpha1 solver completed. Energy: -6000.000000, Time: 0.0503s
Processing instance: G49.txt
  Seed 1/10 (seed=42)
Initialized SpecSignedLap solver (GPU sparse) with alpha = 1.0. Results will be saved under 'SpecSignedLap'.
Parameters:
  instance_name: G49.txt
  dataset: Gset
  random_seed: 42
  mode: 1
  beta: None
  alpha: 1.0
  use_local_search: True
  max_local_iterations: 1000
  eigsh_tol: 1e-06
  eigsh_maxiter: 1000
  run_name: SpecSignedLap
--------------------------------------------------
Using local search with 1000 iterations
Local search did not improve energy to -6000.0
Results saved to: results/Gset/SpecSignedLap/G49.csv
Alpha1 solver completed. Energy: -6000.000000, Time: 0.0662s
  Seed 2/10 (seed=43)
Initialized SpecSignedLap solver (GPU sparse) with alpha = 1.0. Results will be saved under 'SpecSignedLap'.
Parameters:
  instance_name: G49.txt
  dataset: Gset
  random_seed: 43
  mode: 1
  beta: None
  alpha: 1.0
  use_local_search: True
  max_local_iterations: 1000
  eigsh_tol: 1e-06
  eigsh_maxiter: 1000
  run_name: SpecSignedLap
--------------------------------------------------
Using local search with 1000 iterations
Local search did not improve energy to -6000.0
Results saved to: results/Gset/SpecSignedLap/G49.csv
Alpha1 solver completed. Energy: -6000.000000, Time: 0.0713s
  Seed 3/10 (seed=44)
Initialized SpecSignedLap solver (GPU sparse) with alpha = 1.0. Results will be saved under 'SpecSignedLap'.
Parameters:
  instance_name: G49.txt
  dataset: Gset
  random_seed: 44
  mode: 1
  beta: None
  alpha: 1.0
  use_local_search: True
  max_local_iterations: 1000
  eigsh_tol: 1e-06
  eigsh_maxiter: 1000
  run_name: SpecSignedLap
--------------------------------------------------
Using local search with 1000 iterations
Local search did not improve energy to -6000.0
Results saved to: results/Gset/SpecSignedLap/G49.csv
Alpha1 solver completed. Energy: -6000.000000, Time: 0.0767s
  Seed 4/10 (seed=45)
Initialized SpecSignedLap solver (GPU sparse) with alpha = 1.0. Results will be saved under 'SpecSignedLap'.
Parameters:
  instance_name: G49.txt
  dataset: Gset
  random_seed: 45
  mode: 1
  beta: None
  alpha: 1.0
  use_local_search: True
  max_local_iterations: 1000
  eigsh_tol: 1e-06
  eigsh_maxiter: 1000
  run_name: SpecSignedLap
--------------------------------------------------
Using local search with 1000 iterations
Local search did not improve energy to -6000.0
Results saved to: results/Gset/SpecSignedLap/G49.csv
Alpha1 solver completed. Energy: -6000.000000, Time: 0.0662s
  Seed 5/10 (seed=46)
Initialized SpecSignedLap solver (GPU sparse) with alpha = 1.0. Results will be saved under 'SpecSignedLap'.
Parameters:
  instance_name: G49.txt
  dataset: Gset
  random_seed: 46
  mode: 1
  beta: None
  alpha: 1.0
  use_local_search: True
  max_local_iterations: 1000
  eigsh_tol: 1e-06
  eigsh_maxiter: 1000
  run_name: SpecSignedLap
--------------------------------------------------
Using local search with 1000 iterations
Local search did not improve energy to -6000.0
Results saved to: results/Gset/SpecSignedLap/G49.csv
Alpha1 solver completed. Energy: -6000.000000, Time: 0.0711s
  Seed 6/10 (seed=47)
Initialized SpecSignedLap solver (GPU sparse) with alpha = 1.0. Results will be saved under 'SpecSignedLap'.
Parameters:
  instance_name: G49.txt
  dataset: Gset
  random_seed: 47
  mode: 1
  beta: None
  alpha: 1.0
  use_local_search: True
  max_local_iterations: 1000
  eigsh_tol: 1e-06
  eigsh_maxiter: 1000
  run_name: SpecSignedLap
--------------------------------------------------
Using local search with 1000 iterations
Local search did not improve energy to -6000.0
Results saved to: results/Gset/SpecSignedLap/G49.csv
Alpha1 solver completed. Energy: -6000.000000, Time: 0.0663s
  Seed 7/10 (seed=48)
Initialized SpecSignedLap solver (GPU sparse) with alpha = 1.0. Results will be saved under 'SpecSignedLap'.
Parameters:
  instance_name: G49.txt
  dataset: Gset
  random_seed: 48
  mode: 1
  beta: None
  alpha: 1.0
  use_local_search: True
  max_local_iterations: 1000
  eigsh_tol: 1e-06
  eigsh_maxiter: 1000
  run_name: SpecSignedLap
--------------------------------------------------
Using local search with 1000 iterations
Local search did not improve energy to -6000.0
Results saved to: results/Gset/SpecSignedLap/G49.csv
Alpha1 solver completed. Energy: -6000.000000, Time: 0.0661s
  Seed 8/10 (seed=49)
Initialized SpecSignedLap solver (GPU sparse) with alpha = 1.0. Results will be saved under 'SpecSignedLap'.
Parameters:
  instance_name: G49.txt
  dataset: Gset
  random_seed: 49
  mode: 1
  beta: None
  alpha: 1.0
  use_local_search: True
  max_local_iterations: 1000
  eigsh_tol: 1e-06
  eigsh_maxiter: 1000
  run_name: SpecSignedLap
--------------------------------------------------
Using local search with 1000 iterations
Local search did not improve energy to -6000.0
Results saved to: results/Gset/SpecSignedLap/G49.csv
Alpha1 solver completed. Energy: -6000.000000, Time: 0.0767s
  Seed 9/10 (seed=50)
Initialized SpecSignedLap solver (GPU sparse) with alpha = 1.0. Results will be saved under 'SpecSignedLap'.
Parameters:
  instance_name: G49.txt
  dataset: Gset
  random_seed: 50
  mode: 1
  beta: None
  alpha: 1.0
  use_local_search: True
  max_local_iterations: 1000
  eigsh_tol: 1e-06
  eigsh_maxiter: 1000
  run_name: SpecSignedLap
--------------------------------------------------
Using local search with 1000 iterations
Local search did not improve energy to -6000.0
Results saved to: results/Gset/SpecSignedLap/G49.csv
Alpha1 solver completed. Energy: -6000.000000, Time: 0.0661s
  Seed 10/10 (seed=51)
Initialized SpecSignedLap solver (GPU sparse) with alpha = 1.0. Results will be saved under 'SpecSignedLap'.
Parameters:
  instance_name: G49.txt
  dataset: Gset
  random_seed: 51
  mode: 1
  beta: None
  alpha: 1.0
  use_local_search: True
  max_local_iterations: 1000
  eigsh_tol: 1e-06
  eigsh_maxiter: 1000
  run_name: SpecSignedLap
--------------------------------------------------
Using local search with 1000 iterations
Local search did not improve energy to -6000.0
Results saved to: results/Gset/SpecSignedLap/G49.csv
Alpha1 solver completed. Energy: -6000.000000, Time: 0.0659s
Processing instance: G5.txt
  Seed 1/10 (seed=42)
Initialized SpecSignedLap solver (GPU sparse) with alpha = 1.0. Results will be saved under 'SpecSignedLap'.
Parameters:
  instance_name: G5.txt
  dataset: Gset
  random_seed: 42
  mode: 1
  beta: None
  alpha: 1.0
  use_local_search: True
  max_local_iterations: 1000
  eigsh_tol: 1e-06
  eigsh_maxiter: 1000
  run_name: SpecSignedLap
--------------------------------------------------
Using local search with 1000 iterations
Local search did not improve energy to -3564.0
Results saved to: results/Gset/SpecSignedLap/G5.csv
Alpha1 solver completed. Energy: -3564.000000, Time: 0.3542s
  Seed 2/10 (seed=43)
Initialized SpecSignedLap solver (GPU sparse) with alpha = 1.0. Results will be saved under 'SpecSignedLap'.
Parameters:
  instance_name: G5.txt
  dataset: Gset
  random_seed: 43
  mode: 1
  beta: None
  alpha: 1.0
  use_local_search: True
  max_local_iterations: 1000
  eigsh_tol: 1e-06
  eigsh_maxiter: 1000
  run_name: SpecSignedLap
--------------------------------------------------
Using local search with 1000 iterations
Local search did not improve energy to -3564.0
Results saved to: results/Gset/SpecSignedLap/G5.csv
Alpha1 solver completed. Energy: -3564.000000, Time: 0.3566s
  Seed 3/10 (seed=44)
Initialized SpecSignedLap solver (GPU sparse) with alpha = 1.0. Results will be saved under 'SpecSignedLap'.
Parameters:
  instance_name: G5.txt
  dataset: Gset
  random_seed: 44
  mode: 1
  beta: None
  alpha: 1.0
  use_local_search: True
  max_local_iterations: 1000
  eigsh_tol: 1e-06
  eigsh_maxiter: 1000
  run_name: SpecSignedLap
--------------------------------------------------
Using local search with 1000 iterations
Local search did not improve energy to -3564.0
Results saved to: results/Gset/SpecSignedLap/G5.csv
Alpha1 solver completed. Energy: -3564.000000, Time: 0.3571s
  Seed 4/10 (seed=45)
Initialized SpecSignedLap solver (GPU sparse) with alpha = 1.0. Results will be saved under 'SpecSignedLap'.
Parameters:
  instance_name: G5.txt
  dataset: Gset
  random_seed: 45
  mode: 1
  beta: None
  alpha: 1.0
  use_local_search: True
  max_local_iterations: 1000
  eigsh_tol: 1e-06
  eigsh_maxiter: 1000
  run_name: SpecSignedLap
--------------------------------------------------
Using local search with 1000 iterations
Local search did not improve energy to -3564.0
Results saved to: results/Gset/SpecSignedLap/G5.csv
Alpha1 solver completed. Energy: -3564.000000, Time: 0.3563s
  Seed 5/10 (seed=46)
Initialized SpecSignedLap solver (GPU sparse) with alpha = 1.0. Results will be saved under 'SpecSignedLap'.
Parameters:
  instance_name: G5.txt
  dataset: Gset
  random_seed: 46
  mode: 1
  beta: None
  alpha: 1.0
  use_local_search: True
  max_local_iterations: 1000
  eigsh_tol: 1e-06
  eigsh_maxiter: 1000
  run_name: SpecSignedLap
--------------------------------------------------
Using local search with 1000 iterations
Local search did not improve energy to -3564.0
Results saved to: results/Gset/SpecSignedLap/G5.csv
Alpha1 solver completed. Energy: -3564.000000, Time: 0.3606s
  Seed 6/10 (seed=47)
Initialized SpecSignedLap solver (GPU sparse) with alpha = 1.0. Results will be saved under 'SpecSignedLap'.
Parameters:
  instance_name: G5.txt
  dataset: Gset
  random_seed: 47
  mode: 1
  beta: None
  alpha: 1.0
  use_local_search: True
  max_local_iterations: 1000
  eigsh_tol: 1e-06
  eigsh_maxiter: 1000
  run_name: SpecSignedLap
--------------------------------------------------
Using local search with 1000 iterations
Local search did not improve energy to -3564.0
Results saved to: results/Gset/SpecSignedLap/G5.csv
Alpha1 solver completed. Energy: -3564.000000, Time: 0.3767s
  Seed 7/10 (seed=48)
Initialized SpecSignedLap solver (GPU sparse) with alpha = 1.0. Results will be saved under 'SpecSignedLap'.
Parameters:
  instance_name: G5.txt
  dataset: Gset
  random_seed: 48
  mode: 1
  beta: None
  alpha: 1.0
  use_local_search: True
  max_local_iterations: 1000
  eigsh_tol: 1e-06
  eigsh_maxiter: 1000
  run_name: SpecSignedLap
--------------------------------------------------
Using local search with 1000 iterations
Local search did not improve energy to -3564.0
Results saved to: results/Gset/SpecSignedLap/G5.csv
Alpha1 solver completed. Energy: -3564.000000, Time: 0.3772s
  Seed 8/10 (seed=49)
Initialized SpecSignedLap solver (GPU sparse) with alpha = 1.0. Results will be saved under 'SpecSignedLap'.
Parameters:
  instance_name: G5.txt
  dataset: Gset
  random_seed: 49
  mode: 1
  beta: None
  alpha: 1.0
  use_local_search: True
  max_local_iterations: 1000
  eigsh_tol: 1e-06
  eigsh_maxiter: 1000
  run_name: SpecSignedLap
--------------------------------------------------
Using local search with 1000 iterations
Local search did not improve energy to -3564.0
Results saved to: results/Gset/SpecSignedLap/G5.csv
Alpha1 solver completed. Energy: -3564.000000, Time: 0.3798s
  Seed 9/10 (seed=50)
Initialized SpecSignedLap solver (GPU sparse) with alpha = 1.0. Results will be saved under 'SpecSignedLap'.
Parameters:
  instance_name: G5.txt
  dataset: Gset
  random_seed: 50
  mode: 1
  beta: None
  alpha: 1.0
  use_local_search: True
  max_local_iterations: 1000
  eigsh_tol: 1e-06
  eigsh_maxiter: 1000
  run_name: SpecSignedLap
--------------------------------------------------
Using local search with 1000 iterations
Local search did not improve energy to -3564.0
Results saved to: results/Gset/SpecSignedLap/G5.csv
Alpha1 solver completed. Energy: -3564.000000, Time: 0.3817s
  Seed 10/10 (seed=51)
Initialized SpecSignedLap solver (GPU sparse) with alpha = 1.0. Results will be saved under 'SpecSignedLap'.
Parameters:
  instance_name: G5.txt
  dataset: Gset
  random_seed: 51
  mode: 1
  beta: None
  alpha: 1.0
  use_local_search: True
  max_local_iterations: 1000
  eigsh_tol: 1e-06
  eigsh_maxiter: 1000
  run_name: SpecSignedLap
--------------------------------------------------
Using local search with 1000 iterations
Local search did not improve energy to -3564.0
Results saved to: results/Gset/SpecSignedLap/G5.csv
Alpha1 solver completed. Energy: -3564.000000, Time: 0.3855s
Processing instance: G50.txt
  Seed 1/10 (seed=42)
Initialized SpecSignedLap solver (GPU sparse) with alpha = 1.0. Results will be saved under 'SpecSignedLap'.
Parameters:
  instance_name: G50.txt
  dataset: Gset
  random_seed: 42
  mode: 1
  beta: None
  alpha: 1.0
  use_local_search: True
  max_local_iterations: 1000
  eigsh_tol: 1e-06
  eigsh_maxiter: 1000
  run_name: SpecSignedLap
--------------------------------------------------
Using local search with 1000 iterations
Local search did not improve energy to -5760.0
Results saved to: results/Gset/SpecSignedLap/G50.csv
Alpha1 solver completed. Energy: -5760.000000, Time: 0.1023s
  Seed 2/10 (seed=43)
Initialized SpecSignedLap solver (GPU sparse) with alpha = 1.0. Results will be saved under 'SpecSignedLap'.
Parameters:
  instance_name: G50.txt
  dataset: Gset
  random_seed: 43
  mode: 1
  beta: None
  alpha: 1.0
  use_local_search: True
  max_local_iterations: 1000
  eigsh_tol: 1e-06
  eigsh_maxiter: 1000
  run_name: SpecSignedLap
--------------------------------------------------
Using local search with 1000 iterations
Local search did not improve energy to -5760.0
Results saved to: results/Gset/SpecSignedLap/G50.csv
Alpha1 solver completed. Energy: -5760.000000, Time: 0.1112s
  Seed 3/10 (seed=44)
Initialized SpecSignedLap solver (GPU sparse) with alpha = 1.0. Results will be saved under 'SpecSignedLap'.
Parameters:
  instance_name: G50.txt
  dataset: Gset
  random_seed: 44
  mode: 1
  beta: None
  alpha: 1.0
  use_local_search: True
  max_local_iterations: 1000
  eigsh_tol: 1e-06
  eigsh_maxiter: 1000
  run_name: SpecSignedLap
--------------------------------------------------
Using local search with 1000 iterations
Local search did not improve energy to -5760.0
Results saved to: results/Gset/SpecSignedLap/G50.csv
Alpha1 solver completed. Energy: -5760.000000, Time: 0.0982s
  Seed 4/10 (seed=45)
Initialized SpecSignedLap solver (GPU sparse) with alpha = 1.0. Results will be saved under 'SpecSignedLap'.
Parameters:
  instance_name: G50.txt
  dataset: Gset
  random_seed: 45
  mode: 1
  beta: None
  alpha: 1.0
  use_local_search: True
  max_local_iterations: 1000
  eigsh_tol: 1e-06
  eigsh_maxiter: 1000
  run_name: SpecSignedLap
--------------------------------------------------
Using local search with 1000 iterations
Local search did not improve energy to -5760.0
Results saved to: results/Gset/SpecSignedLap/G50.csv
Alpha1 solver completed. Energy: -5760.000000, Time: 0.0871s
  Seed 5/10 (seed=46)
Initialized SpecSignedLap solver (GPU sparse) with alpha = 1.0. Results will be saved under 'SpecSignedLap'.
Parameters:
  instance_name: G50.txt
  dataset: Gset
  random_seed: 46
  mode: 1
  beta: None
  alpha: 1.0
  use_local_search: True
  max_local_iterations: 1000
  eigsh_tol: 1e-06
  eigsh_maxiter: 1000
  run_name: SpecSignedLap
--------------------------------------------------
Using local search with 1000 iterations
Local search did not improve energy to -5760.0
Results saved to: results/Gset/SpecSignedLap/G50.csv
Alpha1 solver completed. Energy: -5760.000000, Time: 0.0870s
  Seed 6/10 (seed=47)
Initialized SpecSignedLap solver (GPU sparse) with alpha = 1.0. Results will be saved under 'SpecSignedLap'.
Parameters:
  instance_name: G50.txt
  dataset: Gset
  random_seed: 47
  mode: 1
  beta: None
  alpha: 1.0
  use_local_search: True
  max_local_iterations: 1000
  eigsh_tol: 1e-06
  eigsh_maxiter: 1000
  run_name: SpecSignedLap
--------------------------------------------------
Using local search with 1000 iterations
Local search did not improve energy to -5760.0
Results saved to: results/Gset/SpecSignedLap/G50.csv
Alpha1 solver completed. Energy: -5760.000000, Time: 0.0874s
  Seed 7/10 (seed=48)
Initialized SpecSignedLap solver (GPU sparse) with alpha = 1.0. Results will be saved under 'SpecSignedLap'.
Parameters:
  instance_name: G50.txt
  dataset: Gset
  random_seed: 48
  mode: 1
  beta: None
  alpha: 1.0
  use_local_search: True
  max_local_iterations: 1000
  eigsh_tol: 1e-06
  eigsh_maxiter: 1000
  run_name: SpecSignedLap
--------------------------------------------------
Using local search with 1000 iterations
Local search did not improve energy to -5760.0
Results saved to: results/Gset/SpecSignedLap/G50.csv
Alpha1 solver completed. Energy: -5760.000000, Time: 0.0871s
  Seed 8/10 (seed=49)
Initialized SpecSignedLap solver (GPU sparse) with alpha = 1.0. Results will be saved under 'SpecSignedLap'.
Parameters:
  instance_name: G50.txt
  dataset: Gset
  random_seed: 49
  mode: 1
  beta: None
  alpha: 1.0
  use_local_search: True
  max_local_iterations: 1000
  eigsh_tol: 1e-06
  eigsh_maxiter: 1000
  run_name: SpecSignedLap
--------------------------------------------------
Using local search with 1000 iterations
Local search did not improve energy to -5760.0
Results saved to: results/Gset/SpecSignedLap/G50.csv
Alpha1 solver completed. Energy: -5760.000000, Time: 0.0870s
  Seed 9/10 (seed=50)
Initialized SpecSignedLap solver (GPU sparse) with alpha = 1.0. Results will be saved under 'SpecSignedLap'.
Parameters:
  instance_name: G50.txt
  dataset: Gset
  random_seed: 50
  mode: 1
  beta: None
  alpha: 1.0
  use_local_search: True
  max_local_iterations: 1000
  eigsh_tol: 1e-06
  eigsh_maxiter: 1000
  run_name: SpecSignedLap
--------------------------------------------------
Using local search with 1000 iterations
Local search did not improve energy to -5760.0
Results saved to: results/Gset/SpecSignedLap/G50.csv
Alpha1 solver completed. Energy: -5760.000000, Time: 0.0922s
  Seed 10/10 (seed=51)
Initialized SpecSignedLap solver (GPU sparse) with alpha = 1.0. Results will be saved under 'SpecSignedLap'.
Parameters:
  instance_name: G50.txt
  dataset: Gset
  random_seed: 51
  mode: 1
  beta: None
  alpha: 1.0
  use_local_search: True
  max_local_iterations: 1000
  eigsh_tol: 1e-06
  eigsh_maxiter: 1000
  run_name: SpecSignedLap
--------------------------------------------------
Using local search with 1000 iterations
Local search did not improve energy to -5760.0
Results saved to: results/Gset/SpecSignedLap/G50.csv
Alpha1 solver completed. Energy: -5760.000000, Time: 0.0925s
Processing instance: G51.txt
  Seed 1/10 (seed=42)
Initialized SpecSignedLap solver (GPU sparse) with alpha = 1.0. Results will be saved under 'SpecSignedLap'.
Parameters:
  instance_name: G51.txt
  dataset: Gset
  random_seed: 42
  mode: 1
  beta: None
  alpha: 1.0
  use_local_search: True
  max_local_iterations: 1000
  eigsh_tol: 1e-06
  eigsh_maxiter: 1000
  run_name: SpecSignedLap
--------------------------------------------------
Using local search with 1000 iterations
Local search did not improve energy to -1380.9999999999998
Results saved to: results/Gset/SpecSignedLap/G51.csv
Alpha1 solver completed. Energy: -1381.000000, Time: 0.3761s
  Seed 2/10 (seed=43)
Initialized SpecSignedLap solver (GPU sparse) with alpha = 1.0. Results will be saved under 'SpecSignedLap'.
Parameters:
  instance_name: G51.txt
  dataset: Gset
  random_seed: 43
  mode: 1
  beta: None
  alpha: 1.0
  use_local_search: True
  max_local_iterations: 1000
  eigsh_tol: 1e-06
  eigsh_maxiter: 1000
  run_name: SpecSignedLap
--------------------------------------------------
Using local search with 1000 iterations
Local search did not improve energy to -1380.9999999999998
Results saved to: results/Gset/SpecSignedLap/G51.csv
Alpha1 solver completed. Energy: -1381.000000, Time: 0.3655s
  Seed 3/10 (seed=44)
Initialized SpecSignedLap solver (GPU sparse) with alpha = 1.0. Results will be saved under 'SpecSignedLap'.
Parameters:
  instance_name: G51.txt
  dataset: Gset
  random_seed: 44
  mode: 1
  beta: None
  alpha: 1.0
  use_local_search: True
  max_local_iterations: 1000
  eigsh_tol: 1e-06
  eigsh_maxiter: 1000
  run_name: SpecSignedLap
--------------------------------------------------
Using local search with 1000 iterations
Local search did not improve energy to -1380.9999999999998
Results saved to: results/Gset/SpecSignedLap/G51.csv
Alpha1 solver completed. Energy: -1381.000000, Time: 0.3704s
  Seed 4/10 (seed=45)
Initialized SpecSignedLap solver (GPU sparse) with alpha = 1.0. Results will be saved under 'SpecSignedLap'.
Parameters:
  instance_name: G51.txt
  dataset: Gset
  random_seed: 45
  mode: 1
  beta: None
  alpha: 1.0
  use_local_search: True
  max_local_iterations: 1000
  eigsh_tol: 1e-06
  eigsh_maxiter: 1000
  run_name: SpecSignedLap
--------------------------------------------------
Using local search with 1000 iterations
Local search improved energy to -1643.0000000000002
Results saved to: results/Gset/SpecSignedLap/G51.csv
Alpha1 solver completed. Energy: -1643.000000, Time: 0.0721s
  Seed 5/10 (seed=46)
Initialized SpecSignedLap solver (GPU sparse) with alpha = 1.0. Results will be saved under 'SpecSignedLap'.
Parameters:
  instance_name: G51.txt
  dataset: Gset
  random_seed: 46
  mode: 1
  beta: None
  alpha: 1.0
  use_local_search: True
  max_local_iterations: 1000
  eigsh_tol: 1e-06
  eigsh_maxiter: 1000
  run_name: SpecSignedLap
--------------------------------------------------
Using local search with 1000 iterations
Local search improved energy to -1633.0000000000002
Results saved to: results/Gset/SpecSignedLap/G51.csv
Alpha1 solver completed. Energy: -1633.000000, Time: 0.1797s
  Seed 6/10 (seed=47)
Initialized SpecSignedLap solver (GPU sparse) with alpha = 1.0. Results will be saved under 'SpecSignedLap'.
Parameters:
  instance_name: G51.txt
  dataset: Gset
  random_seed: 47
  mode: 1
  beta: None
  alpha: 1.0
  use_local_search: True
  max_local_iterations: 1000
  eigsh_tol: 1e-06
  eigsh_maxiter: 1000
  run_name: SpecSignedLap
--------------------------------------------------
Using local search with 1000 iterations
Local search improved energy to -1625.0000000000002
Results saved to: results/Gset/SpecSignedLap/G51.csv
Alpha1 solver completed. Energy: -1625.000000, Time: 0.0498s
  Seed 7/10 (seed=48)
Initialized SpecSignedLap solver (GPU sparse) with alpha = 1.0. Results will be saved under 'SpecSignedLap'.
Parameters:
  instance_name: G51.txt
  dataset: Gset
  random_seed: 48
  mode: 1
  beta: None
  alpha: 1.0
  use_local_search: True
  max_local_iterations: 1000
  eigsh_tol: 1e-06
  eigsh_maxiter: 1000
  run_name: SpecSignedLap
--------------------------------------------------
Using local search with 1000 iterations
Local search did not improve energy to -1380.9999999999998
Results saved to: results/Gset/SpecSignedLap/G51.csv
Alpha1 solver completed. Energy: -1381.000000, Time: 0.3693s
  Seed 8/10 (seed=49)
Initialized SpecSignedLap solver (GPU sparse) with alpha = 1.0. Results will be saved under 'SpecSignedLap'.
Parameters:
  instance_name: G51.txt
  dataset: Gset
  random_seed: 49
  mode: 1
  beta: None
  alpha: 1.0
  use_local_search: True
  max_local_iterations: 1000
  eigsh_tol: 1e-06
  eigsh_maxiter: 1000
  run_name: SpecSignedLap
--------------------------------------------------
Using local search with 1000 iterations
Local search did not improve energy to -1380.9999999999998
Results saved to: results/Gset/SpecSignedLap/G51.csv
Alpha1 solver completed. Energy: -1381.000000, Time: 0.3822s
  Seed 9/10 (seed=50)
Initialized SpecSignedLap solver (GPU sparse) with alpha = 1.0. Results will be saved under 'SpecSignedLap'.
Parameters:
  instance_name: G51.txt
  dataset: Gset
  random_seed: 50
  mode: 1
  beta: None
  alpha: 1.0
  use_local_search: True
  max_local_iterations: 1000
  eigsh_tol: 1e-06
  eigsh_maxiter: 1000
  run_name: SpecSignedLap
--------------------------------------------------
Using local search with 1000 iterations
Local search did not improve energy to -1380.9999999999998
Results saved to: results/Gset/SpecSignedLap/G51.csv
Alpha1 solver completed. Energy: -1381.000000, Time: 0.3861s
  Seed 10/10 (seed=51)
Initialized SpecSignedLap solver (GPU sparse) with alpha = 1.0. Results will be saved under 'SpecSignedLap'.
Parameters:
  instance_name: G51.txt
  dataset: Gset
  random_seed: 51
  mode: 1
  beta: None
  alpha: 1.0
  use_local_search: True
  max_local_iterations: 1000
  eigsh_tol: 1e-06
  eigsh_maxiter: 1000
  run_name: SpecSignedLap
--------------------------------------------------
Using local search with 1000 iterations
Local search improved energy to -1642.9999999999998
Results saved to: results/Gset/SpecSignedLap/G51.csv
Alpha1 solver completed. Energy: -1643.000000, Time: 0.0807s
Processing instance: G52.txt
  Seed 1/10 (seed=42)
Initialized SpecSignedLap solver (GPU sparse) with alpha = 1.0. Results will be saved under 'SpecSignedLap'.
Parameters:
  instance_name: G52.txt
  dataset: Gset
  random_seed: 42
  mode: 1
  beta: None
  alpha: 1.0
  use_local_search: True
  max_local_iterations: 1000
  eigsh_tol: 1e-06
  eigsh_maxiter: 1000
  run_name: SpecSignedLap
--------------------------------------------------
Using local search with 1000 iterations
Local search did not improve energy to -1373.9999999999998
Results saved to: results/Gset/SpecSignedLap/G52.csv
Alpha1 solver completed. Energy: -1374.000000, Time: 0.3822s
  Seed 2/10 (seed=43)
Initialized SpecSignedLap solver (GPU sparse) with alpha = 1.0. Results will be saved under 'SpecSignedLap'.
Parameters:
  instance_name: G52.txt
  dataset: Gset
  random_seed: 43
  mode: 1
  beta: None
  alpha: 1.0
  use_local_search: True
  max_local_iterations: 1000
  eigsh_tol: 1e-06
  eigsh_maxiter: 1000
  run_name: SpecSignedLap
--------------------------------------------------
Using local search with 1000 iterations
Local search did not improve energy to -1373.9999999999998
Results saved to: results/Gset/SpecSignedLap/G52.csv
Alpha1 solver completed. Energy: -1374.000000, Time: 0.3833s
  Seed 3/10 (seed=44)
Initialized SpecSignedLap solver (GPU sparse) with alpha = 1.0. Results will be saved under 'SpecSignedLap'.
Parameters:
  instance_name: G52.txt
  dataset: Gset
  random_seed: 44
  mode: 1
  beta: None
  alpha: 1.0
  use_local_search: True
  max_local_iterations: 1000
  eigsh_tol: 1e-06
  eigsh_maxiter: 1000
  run_name: SpecSignedLap
--------------------------------------------------
Using local search with 1000 iterations
Local search improved energy to -1669.9999999999998
Results saved to: results/Gset/SpecSignedLap/G52.csv
Alpha1 solver completed. Energy: -1670.000000, Time: 0.0678s
  Seed 4/10 (seed=45)
Initialized SpecSignedLap solver (GPU sparse) with alpha = 1.0. Results will be saved under 'SpecSignedLap'.
Parameters:
  instance_name: G52.txt
  dataset: Gset
  random_seed: 45
  mode: 1
  beta: None
  alpha: 1.0
  use_local_search: True
  max_local_iterations: 1000
  eigsh_tol: 1e-06
  eigsh_maxiter: 1000
  run_name: SpecSignedLap
--------------------------------------------------
Using local search with 1000 iterations
Local search improved energy to -1660.0
Results saved to: results/Gset/SpecSignedLap/G52.csv
Alpha1 solver completed. Energy: -1660.000000, Time: 0.0456s
  Seed 5/10 (seed=46)
Initialized SpecSignedLap solver (GPU sparse) with alpha = 1.0. Results will be saved under 'SpecSignedLap'.
Parameters:
  instance_name: G52.txt
  dataset: Gset
  random_seed: 46
  mode: 1
  beta: None
  alpha: 1.0
  use_local_search: True
  max_local_iterations: 1000
  eigsh_tol: 1e-06
  eigsh_maxiter: 1000
  run_name: SpecSignedLap
--------------------------------------------------
Using local search with 1000 iterations
Local search did not improve energy to -1373.9999999999998
Results saved to: results/Gset/SpecSignedLap/G52.csv
Alpha1 solver completed. Energy: -1374.000000, Time: 0.3743s
  Seed 6/10 (seed=47)
Initialized SpecSignedLap solver (GPU sparse) with alpha = 1.0. Results will be saved under 'SpecSignedLap'.
Parameters:
  instance_name: G52.txt
  dataset: Gset
  random_seed: 47
  mode: 1
  beta: None
  alpha: 1.0
  use_local_search: True
  max_local_iterations: 1000
  eigsh_tol: 1e-06
  eigsh_maxiter: 1000
  run_name: SpecSignedLap
--------------------------------------------------
Using local search with 1000 iterations
Local search improved energy to -1645.9999999999998
Results saved to: results/Gset/SpecSignedLap/G52.csv
Alpha1 solver completed. Energy: -1646.000000, Time: 0.0420s
  Seed 7/10 (seed=48)
Initialized SpecSignedLap solver (GPU sparse) with alpha = 1.0. Results will be saved under 'SpecSignedLap'.
Parameters:
  instance_name: G52.txt
  dataset: Gset
  random_seed: 48
  mode: 1
  beta: None
  alpha: 1.0
  use_local_search: True
  max_local_iterations: 1000
  eigsh_tol: 1e-06
  eigsh_maxiter: 1000
  run_name: SpecSignedLap
--------------------------------------------------
Using local search with 1000 iterations
Local search did not improve energy to -1373.9999999999998
Results saved to: results/Gset/SpecSignedLap/G52.csv
Alpha1 solver completed. Energy: -1374.000000, Time: 0.3727s
  Seed 8/10 (seed=49)
Initialized SpecSignedLap solver (GPU sparse) with alpha = 1.0. Results will be saved under 'SpecSignedLap'.
Parameters:
  instance_name: G52.txt
  dataset: Gset
  random_seed: 49
  mode: 1
  beta: None
  alpha: 1.0
  use_local_search: True
  max_local_iterations: 1000
  eigsh_tol: 1e-06
  eigsh_maxiter: 1000
  run_name: SpecSignedLap
--------------------------------------------------
Using local search with 1000 iterations
Local search improved energy to -1660.0
Results saved to: results/Gset/SpecSignedLap/G52.csv
Alpha1 solver completed. Energy: -1660.000000, Time: 0.0478s
  Seed 9/10 (seed=50)
Initialized SpecSignedLap solver (GPU sparse) with alpha = 1.0. Results will be saved under 'SpecSignedLap'.
Parameters:
  instance_name: G52.txt
  dataset: Gset
  random_seed: 50
  mode: 1
  beta: None
  alpha: 1.0
  use_local_search: True
  max_local_iterations: 1000
  eigsh_tol: 1e-06
  eigsh_maxiter: 1000
  run_name: SpecSignedLap
--------------------------------------------------
Using local search with 1000 iterations
Local search did not improve energy to -1373.9999999999998
Results saved to: results/Gset/SpecSignedLap/G52.csv
Alpha1 solver completed. Energy: -1374.000000, Time: 0.3789s
  Seed 10/10 (seed=51)
Initialized SpecSignedLap solver (GPU sparse) with alpha = 1.0. Results will be saved under 'SpecSignedLap'.
Parameters:
  instance_name: G52.txt
  dataset: Gset
  random_seed: 51
  mode: 1
  beta: None
  alpha: 1.0
  use_local_search: True
  max_local_iterations: 1000
  eigsh_tol: 1e-06
  eigsh_maxiter: 1000
  run_name: SpecSignedLap
--------------------------------------------------
Using local search with 1000 iterations
Local search improved energy to -1658.0
Results saved to: results/Gset/SpecSignedLap/G52.csv
Alpha1 solver completed. Energy: -1658.000000, Time: 0.1385s
Processing instance: G53.txt
  Seed 1/10 (seed=42)
Initialized SpecSignedLap solver (GPU sparse) with alpha = 1.0. Results will be saved under 'SpecSignedLap'.
Parameters:
  instance_name: G53.txt
  dataset: Gset
  random_seed: 42
  mode: 1
  beta: None
  alpha: 1.0
  use_local_search: True
  max_local_iterations: 1000
  eigsh_tol: 1e-06
  eigsh_maxiter: 1000
  run_name: SpecSignedLap
--------------------------------------------------
Using local search with 1000 iterations
Local search did not improve energy to -1346.0
Results saved to: results/Gset/SpecSignedLap/G53.csv
Alpha1 solver completed. Energy: -1346.000000, Time: 0.3745s
  Seed 2/10 (seed=43)
Initialized SpecSignedLap solver (GPU sparse) with alpha = 1.0. Results will be saved under 'SpecSignedLap'.
Parameters:
  instance_name: G53.txt
  dataset: Gset
  random_seed: 43
  mode: 1
  beta: None
  alpha: 1.0
  use_local_search: True
  max_local_iterations: 1000
  eigsh_tol: 1e-06
  eigsh_maxiter: 1000
  run_name: SpecSignedLap
--------------------------------------------------
Using local search with 1000 iterations
Local search did not improve energy to -1346.0
Results saved to: results/Gset/SpecSignedLap/G53.csv
Alpha1 solver completed. Energy: -1346.000000, Time: 0.3890s
  Seed 3/10 (seed=44)
Initialized SpecSignedLap solver (GPU sparse) with alpha = 1.0. Results will be saved under 'SpecSignedLap'.
Parameters:
  instance_name: G53.txt
  dataset: Gset
  random_seed: 44
  mode: 1
  beta: None
  alpha: 1.0
  use_local_search: True
  max_local_iterations: 1000
  eigsh_tol: 1e-06
  eigsh_maxiter: 1000
  run_name: SpecSignedLap
--------------------------------------------------
Using local search with 1000 iterations
Local search improved energy to -1634.0
Results saved to: results/Gset/SpecSignedLap/G53.csv
Alpha1 solver completed. Energy: -1634.000000, Time: 0.0531s
  Seed 4/10 (seed=45)
Initialized SpecSignedLap solver (GPU sparse) with alpha = 1.0. Results will be saved under 'SpecSignedLap'.
Parameters:
  instance_name: G53.txt
  dataset: Gset
  random_seed: 45
  mode: 1
  beta: None
  alpha: 1.0
  use_local_search: True
  max_local_iterations: 1000
  eigsh_tol: 1e-06
  eigsh_maxiter: 1000
  run_name: SpecSignedLap
--------------------------------------------------
Using local search with 1000 iterations
Local search did not improve energy to -1346.0
Results saved to: results/Gset/SpecSignedLap/G53.csv
Alpha1 solver completed. Energy: -1346.000000, Time: 0.3860s
  Seed 5/10 (seed=46)
Initialized SpecSignedLap solver (GPU sparse) with alpha = 1.0. Results will be saved under 'SpecSignedLap'.
Parameters:
  instance_name: G53.txt
  dataset: Gset
  random_seed: 46
  mode: 1
  beta: None
  alpha: 1.0
  use_local_search: True
  max_local_iterations: 1000
  eigsh_tol: 1e-06
  eigsh_maxiter: 1000
  run_name: SpecSignedLap
--------------------------------------------------
Using local search with 1000 iterations
Local search improved energy to -1634.0
Results saved to: results/Gset/SpecSignedLap/G53.csv
Alpha1 solver completed. Energy: -1634.000000, Time: 0.0534s
  Seed 6/10 (seed=47)
Initialized SpecSignedLap solver (GPU sparse) with alpha = 1.0. Results will be saved under 'SpecSignedLap'.
Parameters:
  instance_name: G53.txt
  dataset: Gset
  random_seed: 47
  mode: 1
  beta: None
  alpha: 1.0
  use_local_search: True
  max_local_iterations: 1000
  eigsh_tol: 1e-06
  eigsh_maxiter: 1000
  run_name: SpecSignedLap
--------------------------------------------------
Using local search with 1000 iterations
Local search improved energy to -1637.9999999999998
Results saved to: results/Gset/SpecSignedLap/G53.csv
Alpha1 solver completed. Energy: -1638.000000, Time: 0.0727s
  Seed 7/10 (seed=48)
Initialized SpecSignedLap solver (GPU sparse) with alpha = 1.0. Results will be saved under 'SpecSignedLap'.
Parameters:
  instance_name: G53.txt
  dataset: Gset
  random_seed: 48
  mode: 1
  beta: None
  alpha: 1.0
  use_local_search: True
  max_local_iterations: 1000
  eigsh_tol: 1e-06
  eigsh_maxiter: 1000
  run_name: SpecSignedLap
--------------------------------------------------
Using local search with 1000 iterations
Local search improved energy to -1619.9999999999998
Results saved to: results/Gset/SpecSignedLap/G53.csv
Alpha1 solver completed. Energy: -1620.000000, Time: 0.0715s
  Seed 8/10 (seed=49)
Initialized SpecSignedLap solver (GPU sparse) with alpha = 1.0. Results will be saved under 'SpecSignedLap'.
Parameters:
  instance_name: G53.txt
  dataset: Gset
  random_seed: 49
  mode: 1
  beta: None
  alpha: 1.0
  use_local_search: True
  max_local_iterations: 1000
  eigsh_tol: 1e-06
  eigsh_maxiter: 1000
  run_name: SpecSignedLap
--------------------------------------------------
Using local search with 1000 iterations
Local search did not improve energy to -1346.0
Results saved to: results/Gset/SpecSignedLap/G53.csv
Alpha1 solver completed. Energy: -1346.000000, Time: 0.3757s
  Seed 9/10 (seed=50)
Initialized SpecSignedLap solver (GPU sparse) with alpha = 1.0. Results will be saved under 'SpecSignedLap'.
Parameters:
  instance_name: G53.txt
  dataset: Gset
  random_seed: 50
  mode: 1
  beta: None
  alpha: 1.0
  use_local_search: True
  max_local_iterations: 1000
  eigsh_tol: 1e-06
  eigsh_maxiter: 1000
  run_name: SpecSignedLap
--------------------------------------------------
Using local search with 1000 iterations
Local search improved energy to -1635.9999999999998
Results saved to: results/Gset/SpecSignedLap/G53.csv
Alpha1 solver completed. Energy: -1636.000000, Time: 0.0537s
  Seed 10/10 (seed=51)
Initialized SpecSignedLap solver (GPU sparse) with alpha = 1.0. Results will be saved under 'SpecSignedLap'.
Parameters:
  instance_name: G53.txt
  dataset: Gset
  random_seed: 51
  mode: 1
  beta: None
  alpha: 1.0
  use_local_search: True
  max_local_iterations: 1000
  eigsh_tol: 1e-06
  eigsh_maxiter: 1000
  run_name: SpecSignedLap
--------------------------------------------------
Using local search with 1000 iterations
Local search did not improve energy to -1346.0
Results saved to: results/Gset/SpecSignedLap/G53.csv
Alpha1 solver completed. Energy: -1346.000000, Time: 0.3744s
Processing instance: G54.txt
  Seed 1/10 (seed=42)
Initialized SpecSignedLap solver (GPU sparse) with alpha = 1.0. Results will be saved under 'SpecSignedLap'.
Parameters:
  instance_name: G54.txt
  dataset: Gset
  random_seed: 42
  mode: 1
  beta: None
  alpha: 1.0
  use_local_search: True
  max_local_iterations: 1000
  eigsh_tol: 1e-06
  eigsh_maxiter: 1000
  run_name: SpecSignedLap
--------------------------------------------------
Using local search with 1000 iterations
Local search did not improve energy to -1394.0
Results saved to: results/Gset/SpecSignedLap/G54.csv
Alpha1 solver completed. Energy: -1394.000000, Time: 0.3797s
  Seed 2/10 (seed=43)
Initialized SpecSignedLap solver (GPU sparse) with alpha = 1.0. Results will be saved under 'SpecSignedLap'.
Parameters:
  instance_name: G54.txt
  dataset: Gset
  random_seed: 43
  mode: 1
  beta: None
  alpha: 1.0
  use_local_search: True
  max_local_iterations: 1000
  eigsh_tol: 1e-06
  eigsh_maxiter: 1000
  run_name: SpecSignedLap
--------------------------------------------------
Using local search with 1000 iterations
Local search did not improve energy to -1394.0
Results saved to: results/Gset/SpecSignedLap/G54.csv
Alpha1 solver completed. Energy: -1394.000000, Time: 0.3912s
  Seed 3/10 (seed=44)
Initialized SpecSignedLap solver (GPU sparse) with alpha = 1.0. Results will be saved under 'SpecSignedLap'.
Parameters:
  instance_name: G54.txt
  dataset: Gset
  random_seed: 44
  mode: 1
  beta: None
  alpha: 1.0
  use_local_search: True
  max_local_iterations: 1000
  eigsh_tol: 1e-06
  eigsh_maxiter: 1000
  run_name: SpecSignedLap
--------------------------------------------------
Using local search with 1000 iterations
Local search improved energy to -1648.0000000000002
Results saved to: results/Gset/SpecSignedLap/G54.csv
Alpha1 solver completed. Energy: -1648.000000, Time: 0.0653s
  Seed 4/10 (seed=45)
Initialized SpecSignedLap solver (GPU sparse) with alpha = 1.0. Results will be saved under 'SpecSignedLap'.
Parameters:
  instance_name: G54.txt
  dataset: Gset
  random_seed: 45
  mode: 1
  beta: None
  alpha: 1.0
  use_local_search: True
  max_local_iterations: 1000
  eigsh_tol: 1e-06
  eigsh_maxiter: 1000
  run_name: SpecSignedLap
--------------------------------------------------
Using local search with 1000 iterations
Local search did not improve energy to -1394.0
Results saved to: results/Gset/SpecSignedLap/G54.csv
Alpha1 solver completed. Energy: -1394.000000, Time: 0.3913s
  Seed 5/10 (seed=46)
Initialized SpecSignedLap solver (GPU sparse) with alpha = 1.0. Results will be saved under 'SpecSignedLap'.
Parameters:
  instance_name: G54.txt
  dataset: Gset
  random_seed: 46
  mode: 1
  beta: None
  alpha: 1.0
  use_local_search: True
  max_local_iterations: 1000
  eigsh_tol: 1e-06
  eigsh_maxiter: 1000
  run_name: SpecSignedLap
--------------------------------------------------
Using local search with 1000 iterations
Local search did not improve energy to -1394.0
Results saved to: results/Gset/SpecSignedLap/G54.csv
Alpha1 solver completed. Energy: -1394.000000, Time: 0.3899s
  Seed 6/10 (seed=47)
Initialized SpecSignedLap solver (GPU sparse) with alpha = 1.0. Results will be saved under 'SpecSignedLap'.
Parameters:
  instance_name: G54.txt
  dataset: Gset
  random_seed: 47
  mode: 1
  beta: None
  alpha: 1.0
  use_local_search: True
  max_local_iterations: 1000
  eigsh_tol: 1e-06
  eigsh_maxiter: 1000
  run_name: SpecSignedLap
--------------------------------------------------
Using local search with 1000 iterations
Local search improved energy to -1551.9999999999998
Results saved to: results/Gset/SpecSignedLap/G54.csv
Alpha1 solver completed. Energy: -1552.000000, Time: 0.3883s
  Seed 7/10 (seed=48)
Initialized SpecSignedLap solver (GPU sparse) with alpha = 1.0. Results will be saved under 'SpecSignedLap'.
Parameters:
  instance_name: G54.txt
  dataset: Gset
  random_seed: 48
  mode: 1
  beta: None
  alpha: 1.0
  use_local_search: True
  max_local_iterations: 1000
  eigsh_tol: 1e-06
  eigsh_maxiter: 1000
  run_name: SpecSignedLap
--------------------------------------------------
Using local search with 1000 iterations
Local search did not improve energy to -1394.0
Results saved to: results/Gset/SpecSignedLap/G54.csv
Alpha1 solver completed. Energy: -1394.000000, Time: 0.3948s
  Seed 8/10 (seed=49)
Initialized SpecSignedLap solver (GPU sparse) with alpha = 1.0. Results will be saved under 'SpecSignedLap'.
Parameters:
  instance_name: G54.txt
  dataset: Gset
  random_seed: 49
  mode: 1
  beta: None
  alpha: 1.0
  use_local_search: True
  max_local_iterations: 1000
  eigsh_tol: 1e-06
  eigsh_maxiter: 1000
  run_name: SpecSignedLap
--------------------------------------------------
Using local search with 1000 iterations
Local search improved energy to -1658.0
Results saved to: results/Gset/SpecSignedLap/G54.csv
Alpha1 solver completed. Energy: -1658.000000, Time: 0.1781s
  Seed 9/10 (seed=50)
Initialized SpecSignedLap solver (GPU sparse) with alpha = 1.0. Results will be saved under 'SpecSignedLap'.
Parameters:
  instance_name: G54.txt
  dataset: Gset
  random_seed: 50
  mode: 1
  beta: None
  alpha: 1.0
  use_local_search: True
  max_local_iterations: 1000
  eigsh_tol: 1e-06
  eigsh_maxiter: 1000
  run_name: SpecSignedLap
--------------------------------------------------
Using local search with 1000 iterations
Local search improved energy to -1642.0
Results saved to: results/Gset/SpecSignedLap/G54.csv
Alpha1 solver completed. Energy: -1642.000000, Time: 0.0538s
  Seed 10/10 (seed=51)
Initialized SpecSignedLap solver (GPU sparse) with alpha = 1.0. Results will be saved under 'SpecSignedLap'.
Parameters:
  instance_name: G54.txt
  dataset: Gset
  random_seed: 51
  mode: 1
  beta: None
  alpha: 1.0
  use_local_search: True
  max_local_iterations: 1000
  eigsh_tol: 1e-06
  eigsh_maxiter: 1000
  run_name: SpecSignedLap
--------------------------------------------------
Using local search with 1000 iterations
Local search did not improve energy to -1394.0
Results saved to: results/Gset/SpecSignedLap/G54.csv
Alpha1 solver completed. Energy: -1394.000000, Time: 0.3941s
Processing instance: G57.txt
  Seed 1/10 (seed=42)
Initialized SpecSignedLap solver (GPU sparse) with alpha = 1.0. Results will be saved under 'SpecSignedLap'.
Parameters:
  instance_name: G57.txt
  dataset: Gset
  random_seed: 42
  mode: 1
  beta: None
  alpha: 1.0
  use_local_search: True
  max_local_iterations: 1000
  eigsh_tol: 1e-06
  eigsh_maxiter: 1000
  run_name: SpecSignedLap
--------------------------------------------------
Using local search with 1000 iterations
Local search improved energy to -6206.0
Results saved to: results/Gset/SpecSignedLap/G57.csv
Alpha1 solver completed. Energy: -6206.000000, Time: 0.0709s
  Seed 2/10 (seed=43)
Initialized SpecSignedLap solver (GPU sparse) with alpha = 1.0. Results will be saved under 'SpecSignedLap'.
Parameters:
  instance_name: G57.txt
  dataset: Gset
  random_seed: 43
  mode: 1
  beta: None
  alpha: 1.0
  use_local_search: True
  max_local_iterations: 1000
  eigsh_tol: 1e-06
  eigsh_maxiter: 1000
  run_name: SpecSignedLap
--------------------------------------------------
Using local search with 1000 iterations
Local search improved energy to -6198.0
Results saved to: results/Gset/SpecSignedLap/G57.csv
Alpha1 solver completed. Energy: -6198.000000, Time: 0.0648s
  Seed 3/10 (seed=44)
Initialized SpecSignedLap solver (GPU sparse) with alpha = 1.0. Results will be saved under 'SpecSignedLap'.
Parameters:
  instance_name: G57.txt
  dataset: Gset
  random_seed: 44
  mode: 1
  beta: None
  alpha: 1.0
  use_local_search: True
  max_local_iterations: 1000
  eigsh_tol: 1e-06
  eigsh_maxiter: 1000
  run_name: SpecSignedLap
--------------------------------------------------
Using local search with 1000 iterations
Local search improved energy to -6270.0
Results saved to: results/Gset/SpecSignedLap/G57.csv
Alpha1 solver completed. Energy: -6270.000000, Time: 0.0584s
  Seed 4/10 (seed=45)
Initialized SpecSignedLap solver (GPU sparse) with alpha = 1.0. Results will be saved under 'SpecSignedLap'.
Parameters:
  instance_name: G57.txt
  dataset: Gset
  random_seed: 45
  mode: 1
  beta: None
  alpha: 1.0
  use_local_search: True
  max_local_iterations: 1000
  eigsh_tol: 1e-06
  eigsh_maxiter: 1000
  run_name: SpecSignedLap
--------------------------------------------------
Using local search with 1000 iterations
Local search improved energy to -6206.0
Results saved to: results/Gset/SpecSignedLap/G57.csv
Alpha1 solver completed. Energy: -6206.000000, Time: 0.0623s
  Seed 5/10 (seed=46)
Initialized SpecSignedLap solver (GPU sparse) with alpha = 1.0. Results will be saved under 'SpecSignedLap'.
Parameters:
  instance_name: G57.txt
  dataset: Gset
  random_seed: 46
  mode: 1
  beta: None
  alpha: 1.0
  use_local_search: True
  max_local_iterations: 1000
  eigsh_tol: 1e-06
  eigsh_maxiter: 1000
  run_name: SpecSignedLap
--------------------------------------------------
Using local search with 1000 iterations
Local search improved energy to -6238.0
Results saved to: results/Gset/SpecSignedLap/G57.csv
Alpha1 solver completed. Energy: -6238.000000, Time: 0.0519s
  Seed 6/10 (seed=47)
Initialized SpecSignedLap solver (GPU sparse) with alpha = 1.0. Results will be saved under 'SpecSignedLap'.
Parameters:
  instance_name: G57.txt
  dataset: Gset
  random_seed: 47
  mode: 1
  beta: None
  alpha: 1.0
  use_local_search: True
  max_local_iterations: 1000
  eigsh_tol: 1e-06
  eigsh_maxiter: 1000
  run_name: SpecSignedLap
--------------------------------------------------
Using local search with 1000 iterations
Local search improved energy to -6258.0
Results saved to: results/Gset/SpecSignedLap/G57.csv
Alpha1 solver completed. Energy: -6258.000000, Time: 0.0619s
  Seed 7/10 (seed=48)
Initialized SpecSignedLap solver (GPU sparse) with alpha = 1.0. Results will be saved under 'SpecSignedLap'.
Parameters:
  instance_name: G57.txt
  dataset: Gset
  random_seed: 48
  mode: 1
  beta: None
  alpha: 1.0
  use_local_search: True
  max_local_iterations: 1000
  eigsh_tol: 1e-06
  eigsh_maxiter: 1000
  run_name: SpecSignedLap
--------------------------------------------------
Using local search with 1000 iterations
Local search improved energy to -6194.0
Results saved to: results/Gset/SpecSignedLap/G57.csv
Alpha1 solver completed. Energy: -6194.000000, Time: 0.0673s
  Seed 8/10 (seed=49)
Initialized SpecSignedLap solver (GPU sparse) with alpha = 1.0. Results will be saved under 'SpecSignedLap'.
Parameters:
  instance_name: G57.txt
  dataset: Gset
  random_seed: 49
  mode: 1
  beta: None
  alpha: 1.0
  use_local_search: True
  max_local_iterations: 1000
  eigsh_tol: 1e-06
  eigsh_maxiter: 1000
  run_name: SpecSignedLap
--------------------------------------------------
Using local search with 1000 iterations
Local search improved energy to -6198.0
Results saved to: results/Gset/SpecSignedLap/G57.csv
Alpha1 solver completed. Energy: -6198.000000, Time: 0.0623s
  Seed 9/10 (seed=50)
Initialized SpecSignedLap solver (GPU sparse) with alpha = 1.0. Results will be saved under 'SpecSignedLap'.
Parameters:
  instance_name: G57.txt
  dataset: Gset
  random_seed: 50
  mode: 1
  beta: None
  alpha: 1.0
  use_local_search: True
  max_local_iterations: 1000
  eigsh_tol: 1e-06
  eigsh_maxiter: 1000
  run_name: SpecSignedLap
--------------------------------------------------
Using local search with 1000 iterations
Local search improved energy to -6286.0
Results saved to: results/Gset/SpecSignedLap/G57.csv
Alpha1 solver completed. Energy: -6286.000000, Time: 0.0624s
  Seed 10/10 (seed=51)
Initialized SpecSignedLap solver (GPU sparse) with alpha = 1.0. Results will be saved under 'SpecSignedLap'.
Parameters:
  instance_name: G57.txt
  dataset: Gset
  random_seed: 51
  mode: 1
  beta: None
  alpha: 1.0
  use_local_search: True
  max_local_iterations: 1000
  eigsh_tol: 1e-06
  eigsh_maxiter: 1000
  run_name: SpecSignedLap
--------------------------------------------------
Using local search with 1000 iterations
Local search improved energy to -6282.0
Results saved to: results/Gset/SpecSignedLap/G57.csv
Alpha1 solver completed. Energy: -6282.000000, Time: 0.0622s
Processing instance: G58.txt
  Seed 1/10 (seed=42)
Initialized SpecSignedLap solver (GPU sparse) with alpha = 1.0. Results will be saved under 'SpecSignedLap'.
Parameters:
  instance_name: G58.txt
  dataset: Gset
  random_seed: 42
  mode: 1
  beta: None
  alpha: 1.0
  use_local_search: True
  max_local_iterations: 1000
  eigsh_tol: 1e-06
  eigsh_maxiter: 1000
  run_name: SpecSignedLap
--------------------------------------------------
Using local search with 1000 iterations
Local search improved energy to -8151.999999999999
Results saved to: results/Gset/SpecSignedLap/G58.csv
Alpha1 solver completed. Energy: -8152.000000, Time: 0.0793s
  Seed 2/10 (seed=43)
Initialized SpecSignedLap solver (GPU sparse) with alpha = 1.0. Results will be saved under 'SpecSignedLap'.
Parameters:
  instance_name: G58.txt
  dataset: Gset
  random_seed: 43
  mode: 1
  beta: None
  alpha: 1.0
  use_local_search: True
  max_local_iterations: 1000
  eigsh_tol: 1e-06
  eigsh_maxiter: 1000
  run_name: SpecSignedLap
--------------------------------------------------
Using local search with 1000 iterations
Local search improved energy to -8119.999999999999
Results saved to: results/Gset/SpecSignedLap/G58.csv
Alpha1 solver completed. Energy: -8120.000000, Time: 0.2458s
  Seed 3/10 (seed=44)
Initialized SpecSignedLap solver (GPU sparse) with alpha = 1.0. Results will be saved under 'SpecSignedLap'.
Parameters:
  instance_name: G58.txt
  dataset: Gset
  random_seed: 44
  mode: 1
  beta: None
  alpha: 1.0
  use_local_search: True
  max_local_iterations: 1000
  eigsh_tol: 1e-06
  eigsh_maxiter: 1000
  run_name: SpecSignedLap
--------------------------------------------------
Using local search with 1000 iterations
Local search did not improve energy to -6411.999999999998
Results saved to: results/Gset/SpecSignedLap/G58.csv
Alpha1 solver completed. Energy: -6412.000000, Time: 0.3935s
  Seed 4/10 (seed=45)
Initialized SpecSignedLap solver (GPU sparse) with alpha = 1.0. Results will be saved under 'SpecSignedLap'.
Parameters:
  instance_name: G58.txt
  dataset: Gset
  random_seed: 45
  mode: 1
  beta: None
  alpha: 1.0
  use_local_search: True
  max_local_iterations: 1000
  eigsh_tol: 1e-06
  eigsh_maxiter: 1000
  run_name: SpecSignedLap
--------------------------------------------------
Using local search with 1000 iterations
Local search improved energy to -8139.999999999999
Results saved to: results/Gset/SpecSignedLap/G58.csv
Alpha1 solver completed. Energy: -8140.000000, Time: 0.1850s
  Seed 5/10 (seed=46)
Initialized SpecSignedLap solver (GPU sparse) with alpha = 1.0. Results will be saved under 'SpecSignedLap'.
Parameters:
  instance_name: G58.txt
  dataset: Gset
  random_seed: 46
  mode: 1
  beta: None
  alpha: 1.0
  use_local_search: True
  max_local_iterations: 1000
  eigsh_tol: 1e-06
  eigsh_maxiter: 1000
  run_name: SpecSignedLap
--------------------------------------------------
Using local search with 1000 iterations
Local search did not improve energy to -6411.999999999998
Results saved to: results/Gset/SpecSignedLap/G58.csv
Alpha1 solver completed. Energy: -6412.000000, Time: 0.3866s
  Seed 6/10 (seed=47)
Initialized SpecSignedLap solver (GPU sparse) with alpha = 1.0. Results will be saved under 'SpecSignedLap'.
Parameters:
  instance_name: G58.txt
  dataset: Gset
  random_seed: 47
  mode: 1
  beta: None
  alpha: 1.0
  use_local_search: True
  max_local_iterations: 1000
  eigsh_tol: 1e-06
  eigsh_maxiter: 1000
  run_name: SpecSignedLap
--------------------------------------------------
Using local search with 1000 iterations
Local search did not improve energy to -6411.999999999998
Results saved to: results/Gset/SpecSignedLap/G58.csv
Alpha1 solver completed. Energy: -6412.000000, Time: 0.3884s
  Seed 7/10 (seed=48)
Initialized SpecSignedLap solver (GPU sparse) with alpha = 1.0. Results will be saved under 'SpecSignedLap'.
Parameters:
  instance_name: G58.txt
  dataset: Gset
  random_seed: 48
  mode: 1
  beta: None
  alpha: 1.0
  use_local_search: True
  max_local_iterations: 1000
  eigsh_tol: 1e-06
  eigsh_maxiter: 1000
  run_name: SpecSignedLap
--------------------------------------------------
Using local search with 1000 iterations
Local search improved energy to -8158.000000000001
Results saved to: results/Gset/SpecSignedLap/G58.csv
Alpha1 solver completed. Energy: -8158.000000, Time: 0.1345s
  Seed 8/10 (seed=49)
Initialized SpecSignedLap solver (GPU sparse) with alpha = 1.0. Results will be saved under 'SpecSignedLap'.
Parameters:
  instance_name: G58.txt
  dataset: Gset
  random_seed: 49
  mode: 1
  beta: None
  alpha: 1.0
  use_local_search: True
  max_local_iterations: 1000
  eigsh_tol: 1e-06
  eigsh_maxiter: 1000
  run_name: SpecSignedLap
--------------------------------------------------
Using local search with 1000 iterations
Local search did not improve energy to -6411.999999999998
Results saved to: results/Gset/SpecSignedLap/G58.csv
Alpha1 solver completed. Energy: -6412.000000, Time: 0.3966s
  Seed 9/10 (seed=50)
Initialized SpecSignedLap solver (GPU sparse) with alpha = 1.0. Results will be saved under 'SpecSignedLap'.
Parameters:
  instance_name: G58.txt
  dataset: Gset
  random_seed: 50
  mode: 1
  beta: None
  alpha: 1.0
  use_local_search: True
  max_local_iterations: 1000
  eigsh_tol: 1e-06
  eigsh_maxiter: 1000
  run_name: SpecSignedLap
--------------------------------------------------
Using local search with 1000 iterations
Local search improved energy to -8090.0
Results saved to: results/Gset/SpecSignedLap/G58.csv
Alpha1 solver completed. Energy: -8090.000000, Time: 0.1423s
  Seed 10/10 (seed=51)
Initialized SpecSignedLap solver (GPU sparse) with alpha = 1.0. Results will be saved under 'SpecSignedLap'.
Parameters:
  instance_name: G58.txt
  dataset: Gset
  random_seed: 51
  mode: 1
  beta: None
  alpha: 1.0
  use_local_search: True
  max_local_iterations: 1000
  eigsh_tol: 1e-06
  eigsh_maxiter: 1000
  run_name: SpecSignedLap
--------------------------------------------------
Using local search with 1000 iterations
Local search did not improve energy to -6411.999999999998
Results saved to: results/Gset/SpecSignedLap/G58.csv
Alpha1 solver completed. Energy: -6412.000000, Time: 0.3970s
Processing instance: G59.txt
  Seed 1/10 (seed=42)
Initialized SpecSignedLap solver (GPU sparse) with alpha = 1.0. Results will be saved under 'SpecSignedLap'.
Parameters:
  instance_name: G59.txt
  dataset: Gset
  random_seed: 42
  mode: 1
  beta: None
  alpha: 1.0
  use_local_search: True
  max_local_iterations: 1000
  eigsh_tol: 1e-06
  eigsh_maxiter: 1000
  run_name: SpecSignedLap
--------------------------------------------------
Using local search with 1000 iterations
Local search improved energy to -11104.0
Results saved to: results/Gset/SpecSignedLap/G59.csv
Alpha1 solver completed. Energy: -11104.000000, Time: 0.0557s
  Seed 2/10 (seed=43)
Initialized SpecSignedLap solver (GPU sparse) with alpha = 1.0. Results will be saved under 'SpecSignedLap'.
Parameters:
  instance_name: G59.txt
  dataset: Gset
  random_seed: 43
  mode: 1
  beta: None
  alpha: 1.0
  use_local_search: True
  max_local_iterations: 1000
  eigsh_tol: 1e-06
  eigsh_maxiter: 1000
  run_name: SpecSignedLap
--------------------------------------------------
Using local search with 1000 iterations
Local search improved energy to -11059.999999999998
Results saved to: results/Gset/SpecSignedLap/G59.csv
Alpha1 solver completed. Energy: -11060.000000, Time: 0.0496s
  Seed 3/10 (seed=44)
Initialized SpecSignedLap solver (GPU sparse) with alpha = 1.0. Results will be saved under 'SpecSignedLap'.
Parameters:
  instance_name: G59.txt
  dataset: Gset
  random_seed: 44
  mode: 1
  beta: None
  alpha: 1.0
  use_local_search: True
  max_local_iterations: 1000
  eigsh_tol: 1e-06
  eigsh_maxiter: 1000
  run_name: SpecSignedLap
--------------------------------------------------
Using local search with 1000 iterations
Local search improved energy to -11074.0
Results saved to: results/Gset/SpecSignedLap/G59.csv
Alpha1 solver completed. Energy: -11074.000000, Time: 0.0444s
  Seed 4/10 (seed=45)
Initialized SpecSignedLap solver (GPU sparse) with alpha = 1.0. Results will be saved under 'SpecSignedLap'.
Parameters:
  instance_name: G59.txt
  dataset: Gset
  random_seed: 45
  mode: 1
  beta: None
  alpha: 1.0
  use_local_search: True
  max_local_iterations: 1000
  eigsh_tol: 1e-06
  eigsh_maxiter: 1000
  run_name: SpecSignedLap
--------------------------------------------------
Using local search with 1000 iterations
Local search improved energy to -11103.999999999998
Results saved to: results/Gset/SpecSignedLap/G59.csv
Alpha1 solver completed. Energy: -11104.000000, Time: 0.0423s
  Seed 5/10 (seed=46)
Initialized SpecSignedLap solver (GPU sparse) with alpha = 1.0. Results will be saved under 'SpecSignedLap'.
Parameters:
  instance_name: G59.txt
  dataset: Gset
  random_seed: 46
  mode: 1
  beta: None
  alpha: 1.0
  use_local_search: True
  max_local_iterations: 1000
  eigsh_tol: 1e-06
  eigsh_maxiter: 1000
  run_name: SpecSignedLap
--------------------------------------------------
Using local search with 1000 iterations
Local search improved energy to -11115.999999999998
Results saved to: results/Gset/SpecSignedLap/G59.csv
Alpha1 solver completed. Energy: -11116.000000, Time: 0.0476s
  Seed 6/10 (seed=47)
Initialized SpecSignedLap solver (GPU sparse) with alpha = 1.0. Results will be saved under 'SpecSignedLap'.
Parameters:
  instance_name: G59.txt
  dataset: Gset
  random_seed: 47
  mode: 1
  beta: None
  alpha: 1.0
  use_local_search: True
  max_local_iterations: 1000
  eigsh_tol: 1e-06
  eigsh_maxiter: 1000
  run_name: SpecSignedLap
--------------------------------------------------
Using local search with 1000 iterations
Local search improved energy to -11088.0
Results saved to: results/Gset/SpecSignedLap/G59.csv
Alpha1 solver completed. Energy: -11088.000000, Time: 0.0473s
  Seed 7/10 (seed=48)
Initialized SpecSignedLap solver (GPU sparse) with alpha = 1.0. Results will be saved under 'SpecSignedLap'.
Parameters:
  instance_name: G59.txt
  dataset: Gset
  random_seed: 48
  mode: 1
  beta: None
  alpha: 1.0
  use_local_search: True
  max_local_iterations: 1000
  eigsh_tol: 1e-06
  eigsh_maxiter: 1000
  run_name: SpecSignedLap
--------------------------------------------------
Using local search with 1000 iterations
Local search improved energy to -11101.999999999998
Results saved to: results/Gset/SpecSignedLap/G59.csv
Alpha1 solver completed. Energy: -11102.000000, Time: 0.0460s
  Seed 8/10 (seed=49)
Initialized SpecSignedLap solver (GPU sparse) with alpha = 1.0. Results will be saved under 'SpecSignedLap'.
Parameters:
  instance_name: G59.txt
  dataset: Gset
  random_seed: 49
  mode: 1
  beta: None
  alpha: 1.0
  use_local_search: True
  max_local_iterations: 1000
  eigsh_tol: 1e-06
  eigsh_maxiter: 1000
  run_name: SpecSignedLap
--------------------------------------------------
Using local search with 1000 iterations
Local search improved energy to -11118.0
Results saved to: results/Gset/SpecSignedLap/G59.csv
Alpha1 solver completed. Energy: -11118.000000, Time: 0.0411s
  Seed 9/10 (seed=50)
Initialized SpecSignedLap solver (GPU sparse) with alpha = 1.0. Results will be saved under 'SpecSignedLap'.
Parameters:
  instance_name: G59.txt
  dataset: Gset
  random_seed: 50
  mode: 1
  beta: None
  alpha: 1.0
  use_local_search: True
  max_local_iterations: 1000
  eigsh_tol: 1e-06
  eigsh_maxiter: 1000
  run_name: SpecSignedLap
--------------------------------------------------
Using local search with 1000 iterations
Local search improved energy to -11103.999999999998
Results saved to: results/Gset/SpecSignedLap/G59.csv
Alpha1 solver completed. Energy: -11104.000000, Time: 0.0463s
  Seed 10/10 (seed=51)
Initialized SpecSignedLap solver (GPU sparse) with alpha = 1.0. Results will be saved under 'SpecSignedLap'.
Parameters:
  instance_name: G59.txt
  dataset: Gset
  random_seed: 51
  mode: 1
  beta: None
  alpha: 1.0
  use_local_search: True
  max_local_iterations: 1000
  eigsh_tol: 1e-06
  eigsh_maxiter: 1000
  run_name: SpecSignedLap
--------------------------------------------------
Using local search with 1000 iterations
Local search improved energy to -11059.999999999998
Results saved to: results/Gset/SpecSignedLap/G59.csv
Alpha1 solver completed. Energy: -11060.000000, Time: 0.0456s
Processing instance: G6.txt
  Seed 1/10 (seed=42)
Initialized SpecSignedLap solver (GPU sparse) with alpha = 1.0. Results will be saved under 'SpecSignedLap'.
Parameters:
  instance_name: G6.txt
  dataset: Gset
  random_seed: 42
  mode: 1
  beta: None
  alpha: 1.0
  use_local_search: True
  max_local_iterations: 1000
  eigsh_tol: 1e-06
  eigsh_maxiter: 1000
  run_name: SpecSignedLap
--------------------------------------------------
Using local search with 1000 iterations
Local search improved energy to -4081.9999999999995
Results saved to: results/Gset/SpecSignedLap/G6.csv
Alpha1 solver completed. Energy: -4082.000000, Time: 0.0406s
  Seed 2/10 (seed=43)
Initialized SpecSignedLap solver (GPU sparse) with alpha = 1.0. Results will be saved under 'SpecSignedLap'.
Parameters:
  instance_name: G6.txt
  dataset: Gset
  random_seed: 43
  mode: 1
  beta: None
  alpha: 1.0
  use_local_search: True
  max_local_iterations: 1000
  eigsh_tol: 1e-06
  eigsh_maxiter: 1000
  run_name: SpecSignedLap
--------------------------------------------------
Using local search with 1000 iterations
Local search improved energy to -4089.9999999999995
Results saved to: results/Gset/SpecSignedLap/G6.csv
Alpha1 solver completed. Energy: -4090.000000, Time: 0.0316s
  Seed 3/10 (seed=44)
Initialized SpecSignedLap solver (GPU sparse) with alpha = 1.0. Results will be saved under 'SpecSignedLap'.
Parameters:
  instance_name: G6.txt
  dataset: Gset
  random_seed: 44
  mode: 1
  beta: None
  alpha: 1.0
  use_local_search: True
  max_local_iterations: 1000
  eigsh_tol: 1e-06
  eigsh_maxiter: 1000
  run_name: SpecSignedLap
--------------------------------------------------
Using local search with 1000 iterations
Local search improved energy to -4096.0
Results saved to: results/Gset/SpecSignedLap/G6.csv
Alpha1 solver completed. Energy: -4096.000000, Time: 0.0316s
  Seed 4/10 (seed=45)
Initialized SpecSignedLap solver (GPU sparse) with alpha = 1.0. Results will be saved under 'SpecSignedLap'.
Parameters:
  instance_name: G6.txt
  dataset: Gset
  random_seed: 45
  mode: 1
  beta: None
  alpha: 1.0
  use_local_search: True
  max_local_iterations: 1000
  eigsh_tol: 1e-06
  eigsh_maxiter: 1000
  run_name: SpecSignedLap
--------------------------------------------------
Using local search with 1000 iterations
Local search improved energy to -4096.0
Results saved to: results/Gset/SpecSignedLap/G6.csv
Alpha1 solver completed. Energy: -4096.000000, Time: 0.0369s
  Seed 5/10 (seed=46)
Initialized SpecSignedLap solver (GPU sparse) with alpha = 1.0. Results will be saved under 'SpecSignedLap'.
Parameters:
  instance_name: G6.txt
  dataset: Gset
  random_seed: 46
  mode: 1
  beta: None
  alpha: 1.0
  use_local_search: True
  max_local_iterations: 1000
  eigsh_tol: 1e-06
  eigsh_maxiter: 1000
  run_name: SpecSignedLap
--------------------------------------------------
Using local search with 1000 iterations
Local search improved energy to -4086.0
Results saved to: results/Gset/SpecSignedLap/G6.csv
Alpha1 solver completed. Energy: -4086.000000, Time: 0.0304s
  Seed 6/10 (seed=47)
Initialized SpecSignedLap solver (GPU sparse) with alpha = 1.0. Results will be saved under 'SpecSignedLap'.
Parameters:
  instance_name: G6.txt
  dataset: Gset
  random_seed: 47
  mode: 1
  beta: None
  alpha: 1.0
  use_local_search: True
  max_local_iterations: 1000
  eigsh_tol: 1e-06
  eigsh_maxiter: 1000
  run_name: SpecSignedLap
--------------------------------------------------
Using local search with 1000 iterations
Local search improved energy to -4091.999999999999
Results saved to: results/Gset/SpecSignedLap/G6.csv
Alpha1 solver completed. Energy: -4092.000000, Time: 0.0300s
  Seed 7/10 (seed=48)
Initialized SpecSignedLap solver (GPU sparse) with alpha = 1.0. Results will be saved under 'SpecSignedLap'.
Parameters:
  instance_name: G6.txt
  dataset: Gset
  random_seed: 48
  mode: 1
  beta: None
  alpha: 1.0
  use_local_search: True
  max_local_iterations: 1000
  eigsh_tol: 1e-06
  eigsh_maxiter: 1000
  run_name: SpecSignedLap
--------------------------------------------------
Using local search with 1000 iterations
Local search improved energy to -4102.0
Results saved to: results/Gset/SpecSignedLap/G6.csv
Alpha1 solver completed. Energy: -4102.000000, Time: 0.0305s
  Seed 8/10 (seed=49)
Initialized SpecSignedLap solver (GPU sparse) with alpha = 1.0. Results will be saved under 'SpecSignedLap'.
Parameters:
  instance_name: G6.txt
  dataset: Gset
  random_seed: 49
  mode: 1
  beta: None
  alpha: 1.0
  use_local_search: True
  max_local_iterations: 1000
  eigsh_tol: 1e-06
  eigsh_maxiter: 1000
  run_name: SpecSignedLap
--------------------------------------------------
Using local search with 1000 iterations
Local search improved energy to -4085.999999999999
Results saved to: results/Gset/SpecSignedLap/G6.csv
Alpha1 solver completed. Energy: -4086.000000, Time: 0.0323s
  Seed 9/10 (seed=50)
Initialized SpecSignedLap solver (GPU sparse) with alpha = 1.0. Results will be saved under 'SpecSignedLap'.
Parameters:
  instance_name: G6.txt
  dataset: Gset
  random_seed: 50
  mode: 1
  beta: None
  alpha: 1.0
  use_local_search: True
  max_local_iterations: 1000
  eigsh_tol: 1e-06
  eigsh_maxiter: 1000
  run_name: SpecSignedLap
--------------------------------------------------
Using local search with 1000 iterations
Local search improved energy to -4112.0
Results saved to: results/Gset/SpecSignedLap/G6.csv
Alpha1 solver completed. Energy: -4112.000000, Time: 0.0314s
  Seed 10/10 (seed=51)
Initialized SpecSignedLap solver (GPU sparse) with alpha = 1.0. Results will be saved under 'SpecSignedLap'.
Parameters:
  instance_name: G6.txt
  dataset: Gset
  random_seed: 51
  mode: 1
  beta: None
  alpha: 1.0
  use_local_search: True
  max_local_iterations: 1000
  eigsh_tol: 1e-06
  eigsh_maxiter: 1000
  run_name: SpecSignedLap
--------------------------------------------------
Using local search with 1000 iterations
Local search improved energy to -4085.9999999999995
Results saved to: results/Gset/SpecSignedLap/G6.csv
Alpha1 solver completed. Energy: -4086.000000, Time: 0.0291s
Processing instance: G62.txt
  Seed 1/10 (seed=42)
Initialized SpecSignedLap solver (GPU sparse) with alpha = 1.0. Results will be saved under 'SpecSignedLap'.
Parameters:
  instance_name: G62.txt
  dataset: Gset
  random_seed: 42
  mode: 1
  beta: None
  alpha: 1.0
  use_local_search: True
  max_local_iterations: 1000
  eigsh_tol: 1e-06
  eigsh_maxiter: 1000
  run_name: SpecSignedLap
--------------------------------------------------
Using local search with 1000 iterations
Local search improved energy to -8760.0
Results saved to: results/Gset/SpecSignedLap/G62.csv
Alpha1 solver completed. Energy: -8760.000000, Time: 0.0421s
  Seed 2/10 (seed=43)
Initialized SpecSignedLap solver (GPU sparse) with alpha = 1.0. Results will be saved under 'SpecSignedLap'.
Parameters:
  instance_name: G62.txt
  dataset: Gset
  random_seed: 43
  mode: 1
  beta: None
  alpha: 1.0
  use_local_search: True
  max_local_iterations: 1000
  eigsh_tol: 1e-06
  eigsh_maxiter: 1000
  run_name: SpecSignedLap
--------------------------------------------------
Using local search with 1000 iterations
Local search improved energy to -8656.0
Results saved to: results/Gset/SpecSignedLap/G62.csv
Alpha1 solver completed. Energy: -8656.000000, Time: 0.0422s
  Seed 3/10 (seed=44)
Initialized SpecSignedLap solver (GPU sparse) with alpha = 1.0. Results will be saved under 'SpecSignedLap'.
Parameters:
  instance_name: G62.txt
  dataset: Gset
  random_seed: 44
  mode: 1
  beta: None
  alpha: 1.0
  use_local_search: True
  max_local_iterations: 1000
  eigsh_tol: 1e-06
  eigsh_maxiter: 1000
  run_name: SpecSignedLap
--------------------------------------------------
Using local search with 1000 iterations
Local search improved energy to -8636.0
Results saved to: results/Gset/SpecSignedLap/G62.csv
Alpha1 solver completed. Energy: -8636.000000, Time: 0.0412s
  Seed 4/10 (seed=45)
Initialized SpecSignedLap solver (GPU sparse) with alpha = 1.0. Results will be saved under 'SpecSignedLap'.
Parameters:
  instance_name: G62.txt
  dataset: Gset
  random_seed: 45
  mode: 1
  beta: None
  alpha: 1.0
  use_local_search: True
  max_local_iterations: 1000
  eigsh_tol: 1e-06
  eigsh_maxiter: 1000
  run_name: SpecSignedLap
--------------------------------------------------
Using local search with 1000 iterations
Local search improved energy to -8688.0
Results saved to: results/Gset/SpecSignedLap/G62.csv
Alpha1 solver completed. Energy: -8688.000000, Time: 0.0419s
  Seed 5/10 (seed=46)
Initialized SpecSignedLap solver (GPU sparse) with alpha = 1.0. Results will be saved under 'SpecSignedLap'.
Parameters:
  instance_name: G62.txt
  dataset: Gset
  random_seed: 46
  mode: 1
  beta: None
  alpha: 1.0
  use_local_search: True
  max_local_iterations: 1000
  eigsh_tol: 1e-06
  eigsh_maxiter: 1000
  run_name: SpecSignedLap
--------------------------------------------------
Using local search with 1000 iterations
Local search improved energy to -8668.0
Results saved to: results/Gset/SpecSignedLap/G62.csv
Alpha1 solver completed. Energy: -8668.000000, Time: 0.0414s
  Seed 6/10 (seed=47)
Initialized SpecSignedLap solver (GPU sparse) with alpha = 1.0. Results will be saved under 'SpecSignedLap'.
Parameters:
  instance_name: G62.txt
  dataset: Gset
  random_seed: 47
  mode: 1
  beta: None
  alpha: 1.0
  use_local_search: True
  max_local_iterations: 1000
  eigsh_tol: 1e-06
  eigsh_maxiter: 1000
  run_name: SpecSignedLap
--------------------------------------------------
Using local search with 1000 iterations
Local search improved energy to -8572.0
Results saved to: results/Gset/SpecSignedLap/G62.csv
Alpha1 solver completed. Energy: -8572.000000, Time: 0.0418s
  Seed 7/10 (seed=48)
Initialized SpecSignedLap solver (GPU sparse) with alpha = 1.0. Results will be saved under 'SpecSignedLap'.
Parameters:
  instance_name: G62.txt
  dataset: Gset
  random_seed: 48
  mode: 1
  beta: None
  alpha: 1.0
  use_local_search: True
  max_local_iterations: 1000
  eigsh_tol: 1e-06
  eigsh_maxiter: 1000
  run_name: SpecSignedLap
--------------------------------------------------
Using local search with 1000 iterations
Local search improved energy to -8624.0
Results saved to: results/Gset/SpecSignedLap/G62.csv
Alpha1 solver completed. Energy: -8624.000000, Time: 0.0473s
  Seed 8/10 (seed=49)
Initialized SpecSignedLap solver (GPU sparse) with alpha = 1.0. Results will be saved under 'SpecSignedLap'.
Parameters:
  instance_name: G62.txt
  dataset: Gset
  random_seed: 49
  mode: 1
  beta: None
  alpha: 1.0
  use_local_search: True
  max_local_iterations: 1000
  eigsh_tol: 1e-06
  eigsh_maxiter: 1000
  run_name: SpecSignedLap
--------------------------------------------------
Using local search with 1000 iterations
Local search improved energy to -8672.0
Results saved to: results/Gset/SpecSignedLap/G62.csv
Alpha1 solver completed. Energy: -8672.000000, Time: 0.0424s
  Seed 9/10 (seed=50)
Initialized SpecSignedLap solver (GPU sparse) with alpha = 1.0. Results will be saved under 'SpecSignedLap'.
Parameters:
  instance_name: G62.txt
  dataset: Gset
  random_seed: 50
  mode: 1
  beta: None
  alpha: 1.0
  use_local_search: True
  max_local_iterations: 1000
  eigsh_tol: 1e-06
  eigsh_maxiter: 1000
  run_name: SpecSignedLap
--------------------------------------------------
Using local search with 1000 iterations
Local search improved energy to -8648.0
Results saved to: results/Gset/SpecSignedLap/G62.csv
Alpha1 solver completed. Energy: -8648.000000, Time: 0.0414s
  Seed 10/10 (seed=51)
Initialized SpecSignedLap solver (GPU sparse) with alpha = 1.0. Results will be saved under 'SpecSignedLap'.
Parameters:
  instance_name: G62.txt
  dataset: Gset
  random_seed: 51
  mode: 1
  beta: None
  alpha: 1.0
  use_local_search: True
  max_local_iterations: 1000
  eigsh_tol: 1e-06
  eigsh_maxiter: 1000
  run_name: SpecSignedLap
--------------------------------------------------
Using local search with 1000 iterations
Local search improved energy to -8592.0
Results saved to: results/Gset/SpecSignedLap/G62.csv
Alpha1 solver completed. Energy: -8592.000000, Time: 0.0416s
Processing instance: G63.txt
  Seed 1/10 (seed=42)
Initialized SpecSignedLap solver (GPU sparse) with alpha = 1.0. Results will be saved under 'SpecSignedLap'.
Parameters:
  instance_name: G63.txt
  dataset: Gset
  random_seed: 42
  mode: 1
  beta: None
  alpha: 1.0
  use_local_search: True
  max_local_iterations: 1000
  eigsh_tol: 1e-06
  eigsh_maxiter: 1000
  run_name: SpecSignedLap
--------------------------------------------------
Using local search with 1000 iterations
Local search did not improve energy to -8526.999999999998
Results saved to: results/Gset/SpecSignedLap/G63.csv
Alpha1 solver completed. Energy: -8527.000000, Time: 0.3946s
  Seed 2/10 (seed=43)
Initialized SpecSignedLap solver (GPU sparse) with alpha = 1.0. Results will be saved under 'SpecSignedLap'.
Parameters:
  instance_name: G63.txt
  dataset: Gset
  random_seed: 43
  mode: 1
  beta: None
  alpha: 1.0
  use_local_search: True
  max_local_iterations: 1000
  eigsh_tol: 1e-06
  eigsh_maxiter: 1000
  run_name: SpecSignedLap
--------------------------------------------------
Using local search with 1000 iterations
Local search improved energy to -11413.000000000002
Results saved to: results/Gset/SpecSignedLap/G63.csv
Alpha1 solver completed. Energy: -11413.000000, Time: 0.1568s
  Seed 3/10 (seed=44)
Initialized SpecSignedLap solver (GPU sparse) with alpha = 1.0. Results will be saved under 'SpecSignedLap'.
Parameters:
  instance_name: G63.txt
  dataset: Gset
  random_seed: 44
  mode: 1
  beta: None
  alpha: 1.0
  use_local_search: True
  max_local_iterations: 1000
  eigsh_tol: 1e-06
  eigsh_maxiter: 1000
  run_name: SpecSignedLap
--------------------------------------------------
Using local search with 1000 iterations
Local search did not improve energy to -8526.999999999998
Results saved to: results/Gset/SpecSignedLap/G63.csv
Alpha1 solver completed. Energy: -8527.000000, Time: 0.3920s
  Seed 4/10 (seed=45)
Initialized SpecSignedLap solver (GPU sparse) with alpha = 1.0. Results will be saved under 'SpecSignedLap'.
Parameters:
  instance_name: G63.txt
  dataset: Gset
  random_seed: 45
  mode: 1
  beta: None
  alpha: 1.0
  use_local_search: True
  max_local_iterations: 1000
  eigsh_tol: 1e-06
  eigsh_maxiter: 1000
  run_name: SpecSignedLap
--------------------------------------------------
Using local search with 1000 iterations
Local search improved energy to -11454.999999999998
Results saved to: results/Gset/SpecSignedLap/G63.csv
Alpha1 solver completed. Energy: -11455.000000, Time: 0.0557s
  Seed 5/10 (seed=46)
Initialized SpecSignedLap solver (GPU sparse) with alpha = 1.0. Results will be saved under 'SpecSignedLap'.
Parameters:
  instance_name: G63.txt
  dataset: Gset
  random_seed: 46
  mode: 1
  beta: None
  alpha: 1.0
  use_local_search: True
  max_local_iterations: 1000
  eigsh_tol: 1e-06
  eigsh_maxiter: 1000
  run_name: SpecSignedLap
--------------------------------------------------
Using local search with 1000 iterations
Local search did not improve energy to -8526.999999999998
Results saved to: results/Gset/SpecSignedLap/G63.csv
Alpha1 solver completed. Energy: -8527.000000, Time: 0.3924s
  Seed 6/10 (seed=47)
Initialized SpecSignedLap solver (GPU sparse) with alpha = 1.0. Results will be saved under 'SpecSignedLap'.
Parameters:
  instance_name: G63.txt
  dataset: Gset
  random_seed: 47
  mode: 1
  beta: None
  alpha: 1.0
  use_local_search: True
  max_local_iterations: 1000
  eigsh_tol: 1e-06
  eigsh_maxiter: 1000
  run_name: SpecSignedLap
--------------------------------------------------
Using local search with 1000 iterations
Local search did not improve energy to -8526.999999999998
Results saved to: results/Gset/SpecSignedLap/G63.csv
Alpha1 solver completed. Energy: -8527.000000, Time: 0.3972s
  Seed 7/10 (seed=48)
Initialized SpecSignedLap solver (GPU sparse) with alpha = 1.0. Results will be saved under 'SpecSignedLap'.
Parameters:
  instance_name: G63.txt
  dataset: Gset
  random_seed: 48
  mode: 1
  beta: None
  alpha: 1.0
  use_local_search: True
  max_local_iterations: 1000
  eigsh_tol: 1e-06
  eigsh_maxiter: 1000
  run_name: SpecSignedLap
--------------------------------------------------
Using local search with 1000 iterations
Local search did not improve energy to -8526.999999999998
Results saved to: results/Gset/SpecSignedLap/G63.csv
Alpha1 solver completed. Energy: -8527.000000, Time: 0.3996s
  Seed 8/10 (seed=49)
Initialized SpecSignedLap solver (GPU sparse) with alpha = 1.0. Results will be saved under 'SpecSignedLap'.
Parameters:
  instance_name: G63.txt
  dataset: Gset
  random_seed: 49
  mode: 1
  beta: None
  alpha: 1.0
  use_local_search: True
  max_local_iterations: 1000
  eigsh_tol: 1e-06
  eigsh_maxiter: 1000
  run_name: SpecSignedLap
--------------------------------------------------
Using local search with 1000 iterations
Local search did not improve energy to -8526.999999999998
Results saved to: results/Gset/SpecSignedLap/G63.csv
Alpha1 solver completed. Energy: -8527.000000, Time: 0.4007s
  Seed 9/10 (seed=50)
Initialized SpecSignedLap solver (GPU sparse) with alpha = 1.0. Results will be saved under 'SpecSignedLap'.
Parameters:
  instance_name: G63.txt
  dataset: Gset
  random_seed: 50
  mode: 1
  beta: None
  alpha: 1.0
  use_local_search: True
  max_local_iterations: 1000
  eigsh_tol: 1e-06
  eigsh_maxiter: 1000
  run_name: SpecSignedLap
--------------------------------------------------
Using local search with 1000 iterations
Local search improved energy to -11439.0
Results saved to: results/Gset/SpecSignedLap/G63.csv
Alpha1 solver completed. Energy: -11439.000000, Time: 0.1284s
  Seed 10/10 (seed=51)
Initialized SpecSignedLap solver (GPU sparse) with alpha = 1.0. Results will be saved under 'SpecSignedLap'.
Parameters:
  instance_name: G63.txt
  dataset: Gset
  random_seed: 51
  mode: 1
  beta: None
  alpha: 1.0
  use_local_search: True
  max_local_iterations: 1000
  eigsh_tol: 1e-06
  eigsh_maxiter: 1000
  run_name: SpecSignedLap
--------------------------------------------------
Using local search with 1000 iterations
Local search improved energy to -11468.999999999998
Results saved to: results/Gset/SpecSignedLap/G63.csv
Alpha1 solver completed. Energy: -11469.000000, Time: 0.2828s
Processing instance: G64.txt
  Seed 1/10 (seed=42)
Initialized SpecSignedLap solver (GPU sparse) with alpha = 1.0. Results will be saved under 'SpecSignedLap'.
Parameters:
  instance_name: G64.txt
  dataset: Gset
  random_seed: 42
  mode: 1
  beta: None
  alpha: 1.0
  use_local_search: True
  max_local_iterations: 1000
  eigsh_tol: 1e-06
  eigsh_maxiter: 1000
  run_name: SpecSignedLap
--------------------------------------------------
Using local search with 1000 iterations
Local search improved energy to -15383.0
Results saved to: results/Gset/SpecSignedLap/G64.csv
Alpha1 solver completed. Energy: -15383.000000, Time: 0.0520s
  Seed 2/10 (seed=43)
Initialized SpecSignedLap solver (GPU sparse) with alpha = 1.0. Results will be saved under 'SpecSignedLap'.
Parameters:
  instance_name: G64.txt
  dataset: Gset
  random_seed: 43
  mode: 1
  beta: None
  alpha: 1.0
  use_local_search: True
  max_local_iterations: 1000
  eigsh_tol: 1e-06
  eigsh_maxiter: 1000
  run_name: SpecSignedLap
--------------------------------------------------
Using local search with 1000 iterations
Local search improved energy to -15355.0
Results saved to: results/Gset/SpecSignedLap/G64.csv
Alpha1 solver completed. Energy: -15355.000000, Time: 0.0432s
  Seed 3/10 (seed=44)
Initialized SpecSignedLap solver (GPU sparse) with alpha = 1.0. Results will be saved under 'SpecSignedLap'.
Parameters:
  instance_name: G64.txt
  dataset: Gset
  random_seed: 44
  mode: 1
  beta: None
  alpha: 1.0
  use_local_search: True
  max_local_iterations: 1000
  eigsh_tol: 1e-06
  eigsh_maxiter: 1000
  run_name: SpecSignedLap
--------------------------------------------------
Using local search with 1000 iterations
Local search improved energy to -15319.0
Results saved to: results/Gset/SpecSignedLap/G64.csv
Alpha1 solver completed. Energy: -15319.000000, Time: 0.0412s
  Seed 4/10 (seed=45)
Initialized SpecSignedLap solver (GPU sparse) with alpha = 1.0. Results will be saved under 'SpecSignedLap'.
Parameters:
  instance_name: G64.txt
  dataset: Gset
  random_seed: 45
  mode: 1
  beta: None
  alpha: 1.0
  use_local_search: True
  max_local_iterations: 1000
  eigsh_tol: 1e-06
  eigsh_maxiter: 1000
  run_name: SpecSignedLap
--------------------------------------------------
Using local search with 1000 iterations
Local search improved energy to -15401.0
Results saved to: results/Gset/SpecSignedLap/G64.csv
Alpha1 solver completed. Energy: -15401.000000, Time: 0.0416s
  Seed 5/10 (seed=46)
Initialized SpecSignedLap solver (GPU sparse) with alpha = 1.0. Results will be saved under 'SpecSignedLap'.
Parameters:
  instance_name: G64.txt
  dataset: Gset
  random_seed: 46
  mode: 1
  beta: None
  alpha: 1.0
  use_local_search: True
  max_local_iterations: 1000
  eigsh_tol: 1e-06
  eigsh_maxiter: 1000
  run_name: SpecSignedLap
--------------------------------------------------
Using local search with 1000 iterations
Local search improved energy to -15384.999999999998
Results saved to: results/Gset/SpecSignedLap/G64.csv
Alpha1 solver completed. Energy: -15385.000000, Time: 0.0482s
  Seed 6/10 (seed=47)
Initialized SpecSignedLap solver (GPU sparse) with alpha = 1.0. Results will be saved under 'SpecSignedLap'.
Parameters:
  instance_name: G64.txt
  dataset: Gset
  random_seed: 47
  mode: 1
  beta: None
  alpha: 1.0
  use_local_search: True
  max_local_iterations: 1000
  eigsh_tol: 1e-06
  eigsh_maxiter: 1000
  run_name: SpecSignedLap
--------------------------------------------------
Using local search with 1000 iterations
Local search improved energy to -15387.000000000002
Results saved to: results/Gset/SpecSignedLap/G64.csv
Alpha1 solver completed. Energy: -15387.000000, Time: 0.0429s
  Seed 7/10 (seed=48)
Initialized SpecSignedLap solver (GPU sparse) with alpha = 1.0. Results will be saved under 'SpecSignedLap'.
Parameters:
  instance_name: G64.txt
  dataset: Gset
  random_seed: 48
  mode: 1
  beta: None
  alpha: 1.0
  use_local_search: True
  max_local_iterations: 1000
  eigsh_tol: 1e-06
  eigsh_maxiter: 1000
  run_name: SpecSignedLap
--------------------------------------------------
Using local search with 1000 iterations
Local search improved energy to -15345.0
Results saved to: results/Gset/SpecSignedLap/G64.csv
Alpha1 solver completed. Energy: -15345.000000, Time: 0.0495s
  Seed 8/10 (seed=49)
Initialized SpecSignedLap solver (GPU sparse) with alpha = 1.0. Results will be saved under 'SpecSignedLap'.
Parameters:
  instance_name: G64.txt
  dataset: Gset
  random_seed: 49
  mode: 1
  beta: None
  alpha: 1.0
  use_local_search: True
  max_local_iterations: 1000
  eigsh_tol: 1e-06
  eigsh_maxiter: 1000
  run_name: SpecSignedLap
--------------------------------------------------
Using local search with 1000 iterations
Local search improved energy to -15369.0
Results saved to: results/Gset/SpecSignedLap/G64.csv
Alpha1 solver completed. Energy: -15369.000000, Time: 0.0503s
  Seed 9/10 (seed=50)
Initialized SpecSignedLap solver (GPU sparse) with alpha = 1.0. Results will be saved under 'SpecSignedLap'.
Parameters:
  instance_name: G64.txt
  dataset: Gset
  random_seed: 50
  mode: 1
  beta: None
  alpha: 1.0
  use_local_search: True
  max_local_iterations: 1000
  eigsh_tol: 1e-06
  eigsh_maxiter: 1000
  run_name: SpecSignedLap
--------------------------------------------------
Using local search with 1000 iterations
Local search improved energy to -15402.999999999998
Results saved to: results/Gset/SpecSignedLap/G64.csv
Alpha1 solver completed. Energy: -15403.000000, Time: 0.0393s
  Seed 10/10 (seed=51)
Initialized SpecSignedLap solver (GPU sparse) with alpha = 1.0. Results will be saved under 'SpecSignedLap'.
Parameters:
  instance_name: G64.txt
  dataset: Gset
  random_seed: 51
  mode: 1
  beta: None
  alpha: 1.0
  use_local_search: True
  max_local_iterations: 1000
  eigsh_tol: 1e-06
  eigsh_maxiter: 1000
  run_name: SpecSignedLap
--------------------------------------------------
Using local search with 1000 iterations
Local search improved energy to -15271.000000000002
Results saved to: results/Gset/SpecSignedLap/G64.csv
Alpha1 solver completed. Energy: -15271.000000, Time: 0.0403s
Processing instance: G65.txt
  Seed 1/10 (seed=42)
Initialized SpecSignedLap solver (GPU sparse) with alpha = 1.0. Results will be saved under 'SpecSignedLap'.
Parameters:
  instance_name: G65.txt
  dataset: Gset
  random_seed: 42
  mode: 1
  beta: None
  alpha: 1.0
  use_local_search: True
  max_local_iterations: 1000
  eigsh_tol: 1e-06
  eigsh_maxiter: 1000
  run_name: SpecSignedLap
--------------------------------------------------
Using local search with 1000 iterations
Local search improved energy to -9954.0
Results saved to: results/Gset/SpecSignedLap/G65.csv
Alpha1 solver completed. Energy: -9954.000000, Time: 0.0469s
  Seed 2/10 (seed=43)
Initialized SpecSignedLap solver (GPU sparse) with alpha = 1.0. Results will be saved under 'SpecSignedLap'.
Parameters:
  instance_name: G65.txt
  dataset: Gset
  random_seed: 43
  mode: 1
  beta: None
  alpha: 1.0
  use_local_search: True
  max_local_iterations: 1000
  eigsh_tol: 1e-06
  eigsh_maxiter: 1000
  run_name: SpecSignedLap
--------------------------------------------------
Using local search with 1000 iterations
Local search improved energy to -10050.0
Results saved to: results/Gset/SpecSignedLap/G65.csv
Alpha1 solver completed. Energy: -10050.000000, Time: 0.0414s
  Seed 3/10 (seed=44)
Initialized SpecSignedLap solver (GPU sparse) with alpha = 1.0. Results will be saved under 'SpecSignedLap'.
Parameters:
  instance_name: G65.txt
  dataset: Gset
  random_seed: 44
  mode: 1
  beta: None
  alpha: 1.0
  use_local_search: True
  max_local_iterations: 1000
  eigsh_tol: 1e-06
  eigsh_maxiter: 1000
  run_name: SpecSignedLap
--------------------------------------------------
Using local search with 1000 iterations
Local search improved energy to -9878.0
Results saved to: results/Gset/SpecSignedLap/G65.csv
Alpha1 solver completed. Energy: -9878.000000, Time: 0.0409s
  Seed 4/10 (seed=45)
Initialized SpecSignedLap solver (GPU sparse) with alpha = 1.0. Results will be saved under 'SpecSignedLap'.
Parameters:
  instance_name: G65.txt
  dataset: Gset
  random_seed: 45
  mode: 1
  beta: None
  alpha: 1.0
  use_local_search: True
  max_local_iterations: 1000
  eigsh_tol: 1e-06
  eigsh_maxiter: 1000
  run_name: SpecSignedLap
--------------------------------------------------
Using local search with 1000 iterations
Local search improved energy to -9866.0
Results saved to: results/Gset/SpecSignedLap/G65.csv
Alpha1 solver completed. Energy: -9866.000000, Time: 0.0516s
  Seed 5/10 (seed=46)
Initialized SpecSignedLap solver (GPU sparse) with alpha = 1.0. Results will be saved under 'SpecSignedLap'.
Parameters:
  instance_name: G65.txt
  dataset: Gset
  random_seed: 46
  mode: 1
  beta: None
  alpha: 1.0
  use_local_search: True
  max_local_iterations: 1000
  eigsh_tol: 1e-06
  eigsh_maxiter: 1000
  run_name: SpecSignedLap
--------------------------------------------------
Using local search with 1000 iterations
Local search improved energy to -9926.0
Results saved to: results/Gset/SpecSignedLap/G65.csv
Alpha1 solver completed. Energy: -9926.000000, Time: 0.0471s
  Seed 6/10 (seed=47)
Initialized SpecSignedLap solver (GPU sparse) with alpha = 1.0. Results will be saved under 'SpecSignedLap'.
Parameters:
  instance_name: G65.txt
  dataset: Gset
  random_seed: 47
  mode: 1
  beta: None
  alpha: 1.0
  use_local_search: True
  max_local_iterations: 1000
  eigsh_tol: 1e-06
  eigsh_maxiter: 1000
  run_name: SpecSignedLap
--------------------------------------------------
Using local search with 1000 iterations
Local search improved energy to -9862.0
Results saved to: results/Gset/SpecSignedLap/G65.csv
Alpha1 solver completed. Energy: -9862.000000, Time: 0.0419s
  Seed 7/10 (seed=48)
Initialized SpecSignedLap solver (GPU sparse) with alpha = 1.0. Results will be saved under 'SpecSignedLap'.
Parameters:
  instance_name: G65.txt
  dataset: Gset
  random_seed: 48
  mode: 1
  beta: None
  alpha: 1.0
  use_local_search: True
  max_local_iterations: 1000
  eigsh_tol: 1e-06
  eigsh_maxiter: 1000
  run_name: SpecSignedLap
--------------------------------------------------
Using local search with 1000 iterations
Local search improved energy to -9974.0
Results saved to: results/Gset/SpecSignedLap/G65.csv
Alpha1 solver completed. Energy: -9974.000000, Time: 0.0465s
  Seed 8/10 (seed=49)
Initialized SpecSignedLap solver (GPU sparse) with alpha = 1.0. Results will be saved under 'SpecSignedLap'.
Parameters:
  instance_name: G65.txt
  dataset: Gset
  random_seed: 49
  mode: 1
  beta: None
  alpha: 1.0
  use_local_search: True
  max_local_iterations: 1000
  eigsh_tol: 1e-06
  eigsh_maxiter: 1000
  run_name: SpecSignedLap
--------------------------------------------------
Using local search with 1000 iterations
Local search improved energy to -9942.0
Results saved to: results/Gset/SpecSignedLap/G65.csv
Alpha1 solver completed. Energy: -9942.000000, Time: 0.0417s
  Seed 9/10 (seed=50)
Initialized SpecSignedLap solver (GPU sparse) with alpha = 1.0. Results will be saved under 'SpecSignedLap'.
Parameters:
  instance_name: G65.txt
  dataset: Gset
  random_seed: 50
  mode: 1
  beta: None
  alpha: 1.0
  use_local_search: True
  max_local_iterations: 1000
  eigsh_tol: 1e-06
  eigsh_maxiter: 1000
  run_name: SpecSignedLap
--------------------------------------------------
Using local search with 1000 iterations
Local search improved energy to -9990.0
Results saved to: results/Gset/SpecSignedLap/G65.csv
Alpha1 solver completed. Energy: -9990.000000, Time: 0.0464s
  Seed 10/10 (seed=51)
Initialized SpecSignedLap solver (GPU sparse) with alpha = 1.0. Results will be saved under 'SpecSignedLap'.
Parameters:
  instance_name: G65.txt
  dataset: Gset
  random_seed: 51
  mode: 1
  beta: None
  alpha: 1.0
  use_local_search: True
  max_local_iterations: 1000
  eigsh_tol: 1e-06
  eigsh_maxiter: 1000
  run_name: SpecSignedLap
--------------------------------------------------
Using local search with 1000 iterations
Local search improved energy to -10002.0
Results saved to: results/Gset/SpecSignedLap/G65.csv
Alpha1 solver completed. Energy: -10002.000000, Time: 0.0469s
Processing instance: G66.txt
  Seed 1/10 (seed=42)
Initialized SpecSignedLap solver (GPU sparse) with alpha = 1.0. Results will be saved under 'SpecSignedLap'.
Parameters:
  instance_name: G66.txt
  dataset: Gset
  random_seed: 42
  mode: 1
  beta: None
  alpha: 1.0
  use_local_search: True
  max_local_iterations: 1000
  eigsh_tol: 1e-06
  eigsh_maxiter: 1000
  run_name: SpecSignedLap
--------------------------------------------------
Using local search with 1000 iterations
Local search improved energy to -11092.0
Results saved to: results/Gset/SpecSignedLap/G66.csv
Alpha1 solver completed. Energy: -11092.000000, Time: 0.0419s
  Seed 2/10 (seed=43)
Initialized SpecSignedLap solver (GPU sparse) with alpha = 1.0. Results will be saved under 'SpecSignedLap'.
Parameters:
  instance_name: G66.txt
  dataset: Gset
  random_seed: 43
  mode: 1
  beta: None
  alpha: 1.0
  use_local_search: True
  max_local_iterations: 1000
  eigsh_tol: 1e-06
  eigsh_maxiter: 1000
  run_name: SpecSignedLap
--------------------------------------------------
Using local search with 1000 iterations
Local search improved energy to -11032.0
Results saved to: results/Gset/SpecSignedLap/G66.csv
Alpha1 solver completed. Energy: -11032.000000, Time: 0.0467s
  Seed 3/10 (seed=44)
Initialized SpecSignedLap solver (GPU sparse) with alpha = 1.0. Results will be saved under 'SpecSignedLap'.
Parameters:
  instance_name: G66.txt
  dataset: Gset
  random_seed: 44
  mode: 1
  beta: None
  alpha: 1.0
  use_local_search: True
  max_local_iterations: 1000
  eigsh_tol: 1e-06
  eigsh_maxiter: 1000
  run_name: SpecSignedLap
--------------------------------------------------
Using local search with 1000 iterations
Local search improved energy to -11180.0
Results saved to: results/Gset/SpecSignedLap/G66.csv
Alpha1 solver completed. Energy: -11180.000000, Time: 0.0412s
  Seed 4/10 (seed=45)
Initialized SpecSignedLap solver (GPU sparse) with alpha = 1.0. Results will be saved under 'SpecSignedLap'.
Parameters:
  instance_name: G66.txt
  dataset: Gset
  random_seed: 45
  mode: 1
  beta: None
  alpha: 1.0
  use_local_search: True
  max_local_iterations: 1000
  eigsh_tol: 1e-06
  eigsh_maxiter: 1000
  run_name: SpecSignedLap
--------------------------------------------------
Using local search with 1000 iterations
Local search improved energy to -11272.0
Results saved to: results/Gset/SpecSignedLap/G66.csv
Alpha1 solver completed. Energy: -11272.000000, Time: 0.0416s
  Seed 5/10 (seed=46)
Initialized SpecSignedLap solver (GPU sparse) with alpha = 1.0. Results will be saved under 'SpecSignedLap'.
Parameters:
  instance_name: G66.txt
  dataset: Gset
  random_seed: 46
  mode: 1
  beta: None
  alpha: 1.0
  use_local_search: True
  max_local_iterations: 1000
  eigsh_tol: 1e-06
  eigsh_maxiter: 1000
  run_name: SpecSignedLap
--------------------------------------------------
Using local search with 1000 iterations
Local search improved energy to -11032.0
Results saved to: results/Gset/SpecSignedLap/G66.csv
Alpha1 solver completed. Energy: -11032.000000, Time: 0.0463s
  Seed 6/10 (seed=47)
Initialized SpecSignedLap solver (GPU sparse) with alpha = 1.0. Results will be saved under 'SpecSignedLap'.
Parameters:
  instance_name: G66.txt
  dataset: Gset
  random_seed: 47
  mode: 1
  beta: None
  alpha: 1.0
  use_local_search: True
  max_local_iterations: 1000
  eigsh_tol: 1e-06
  eigsh_maxiter: 1000
  run_name: SpecSignedLap
--------------------------------------------------
Using local search with 1000 iterations
Local search improved energy to -11052.0
Results saved to: results/Gset/SpecSignedLap/G66.csv
Alpha1 solver completed. Energy: -11052.000000, Time: 0.0465s
  Seed 7/10 (seed=48)
Initialized SpecSignedLap solver (GPU sparse) with alpha = 1.0. Results will be saved under 'SpecSignedLap'.
Parameters:
  instance_name: G66.txt
  dataset: Gset
  random_seed: 48
  mode: 1
  beta: None
  alpha: 1.0
  use_local_search: True
  max_local_iterations: 1000
  eigsh_tol: 1e-06
  eigsh_maxiter: 1000
  run_name: SpecSignedLap
--------------------------------------------------
Using local search with 1000 iterations
Local search improved energy to -11148.0
Results saved to: results/Gset/SpecSignedLap/G66.csv
Alpha1 solver completed. Energy: -11148.000000, Time: 0.0414s
  Seed 8/10 (seed=49)
Initialized SpecSignedLap solver (GPU sparse) with alpha = 1.0. Results will be saved under 'SpecSignedLap'.
Parameters:
  instance_name: G66.txt
  dataset: Gset
  random_seed: 49
  mode: 1
  beta: None
  alpha: 1.0
  use_local_search: True
  max_local_iterations: 1000
  eigsh_tol: 1e-06
  eigsh_maxiter: 1000
  run_name: SpecSignedLap
--------------------------------------------------
Using local search with 1000 iterations
Local search improved energy to -11032.0
Results saved to: results/Gset/SpecSignedLap/G66.csv
Alpha1 solver completed. Energy: -11032.000000, Time: 0.0466s
  Seed 9/10 (seed=50)
Initialized SpecSignedLap solver (GPU sparse) with alpha = 1.0. Results will be saved under 'SpecSignedLap'.
Parameters:
  instance_name: G66.txt
  dataset: Gset
  random_seed: 50
  mode: 1
  beta: None
  alpha: 1.0
  use_local_search: True
  max_local_iterations: 1000
  eigsh_tol: 1e-06
  eigsh_maxiter: 1000
  run_name: SpecSignedLap
--------------------------------------------------
Using local search with 1000 iterations
Local search improved energy to -11196.0
Results saved to: results/Gset/SpecSignedLap/G66.csv
Alpha1 solver completed. Energy: -11196.000000, Time: 0.0417s
  Seed 10/10 (seed=51)
Initialized SpecSignedLap solver (GPU sparse) with alpha = 1.0. Results will be saved under 'SpecSignedLap'.
Parameters:
  instance_name: G66.txt
  dataset: Gset
  random_seed: 51
  mode: 1
  beta: None
  alpha: 1.0
  use_local_search: True
  max_local_iterations: 1000
  eigsh_tol: 1e-06
  eigsh_maxiter: 1000
  run_name: SpecSignedLap
--------------------------------------------------
Using local search with 1000 iterations
Local search improved energy to -11228.0
Results saved to: results/Gset/SpecSignedLap/G66.csv
Alpha1 solver completed. Energy: -11228.000000, Time: 0.0414s
Processing instance: G67.txt
  Seed 1/10 (seed=42)
Initialized SpecSignedLap solver (GPU sparse) with alpha = 1.0. Results will be saved under 'SpecSignedLap'.
Parameters:
  instance_name: G67.txt
  dataset: Gset
  random_seed: 42
  mode: 1
  beta: None
  alpha: 1.0
  use_local_search: True
  max_local_iterations: 1000
  eigsh_tol: 1e-06
  eigsh_maxiter: 1000
  run_name: SpecSignedLap
--------------------------------------------------
Using local search with 1000 iterations
Local search improved energy to -12226.0
Results saved to: results/Gset/SpecSignedLap/G67.csv
Alpha1 solver completed. Energy: -12226.000000, Time: 0.0706s
  Seed 2/10 (seed=43)
Initialized SpecSignedLap solver (GPU sparse) with alpha = 1.0. Results will be saved under 'SpecSignedLap'.
Parameters:
  instance_name: G67.txt
  dataset: Gset
  random_seed: 43
  mode: 1
  beta: None
  alpha: 1.0
  use_local_search: True
  max_local_iterations: 1000
  eigsh_tol: 1e-06
  eigsh_maxiter: 1000
  run_name: SpecSignedLap
--------------------------------------------------
Using local search with 1000 iterations
Local search improved energy to -12458.0
Results saved to: results/Gset/SpecSignedLap/G67.csv
Alpha1 solver completed. Energy: -12458.000000, Time: 0.0626s
  Seed 3/10 (seed=44)
Initialized SpecSignedLap solver (GPU sparse) with alpha = 1.0. Results will be saved under 'SpecSignedLap'.
Parameters:
  instance_name: G67.txt
  dataset: Gset
  random_seed: 44
  mode: 1
  beta: None
  alpha: 1.0
  use_local_search: True
  max_local_iterations: 1000
  eigsh_tol: 1e-06
  eigsh_maxiter: 1000
  run_name: SpecSignedLap
--------------------------------------------------
Using local search with 1000 iterations
Local search improved energy to -12158.0
Results saved to: results/Gset/SpecSignedLap/G67.csv
Alpha1 solver completed. Energy: -12158.000000, Time: 0.0676s
  Seed 4/10 (seed=45)
Initialized SpecSignedLap solver (GPU sparse) with alpha = 1.0. Results will be saved under 'SpecSignedLap'.
Parameters:
  instance_name: G67.txt
  dataset: Gset
  random_seed: 45
  mode: 1
  beta: None
  alpha: 1.0
  use_local_search: True
  max_local_iterations: 1000
  eigsh_tol: 1e-06
  eigsh_maxiter: 1000
  run_name: SpecSignedLap
--------------------------------------------------
Using local search with 1000 iterations
Local search improved energy to -12270.0
Results saved to: results/Gset/SpecSignedLap/G67.csv
Alpha1 solver completed. Energy: -12270.000000, Time: 0.0683s
  Seed 5/10 (seed=46)
Initialized SpecSignedLap solver (GPU sparse) with alpha = 1.0. Results will be saved under 'SpecSignedLap'.
Parameters:
  instance_name: G67.txt
  dataset: Gset
  random_seed: 46
  mode: 1
  beta: None
  alpha: 1.0
  use_local_search: True
  max_local_iterations: 1000
  eigsh_tol: 1e-06
  eigsh_maxiter: 1000
  run_name: SpecSignedLap
--------------------------------------------------
Using local search with 1000 iterations
Local search improved energy to -12358.0
Results saved to: results/Gset/SpecSignedLap/G67.csv
Alpha1 solver completed. Energy: -12358.000000, Time: 0.0734s
  Seed 6/10 (seed=47)
Initialized SpecSignedLap solver (GPU sparse) with alpha = 1.0. Results will be saved under 'SpecSignedLap'.
Parameters:
  instance_name: G67.txt
  dataset: Gset
  random_seed: 47
  mode: 1
  beta: None
  alpha: 1.0
  use_local_search: True
  max_local_iterations: 1000
  eigsh_tol: 1e-06
  eigsh_maxiter: 1000
  run_name: SpecSignedLap
--------------------------------------------------
Using local search with 1000 iterations
Local search improved energy to -12414.0
Results saved to: results/Gset/SpecSignedLap/G67.csv
Alpha1 solver completed. Energy: -12414.000000, Time: 0.0623s
  Seed 7/10 (seed=48)
Initialized SpecSignedLap solver (GPU sparse) with alpha = 1.0. Results will be saved under 'SpecSignedLap'.
Parameters:
  instance_name: G67.txt
  dataset: Gset
  random_seed: 48
  mode: 1
  beta: None
  alpha: 1.0
  use_local_search: True
  max_local_iterations: 1000
  eigsh_tol: 1e-06
  eigsh_maxiter: 1000
  run_name: SpecSignedLap
--------------------------------------------------
Using local search with 1000 iterations
Local search improved energy to -12330.0
Results saved to: results/Gset/SpecSignedLap/G67.csv
Alpha1 solver completed. Energy: -12330.000000, Time: 0.0626s
  Seed 8/10 (seed=49)
Initialized SpecSignedLap solver (GPU sparse) with alpha = 1.0. Results will be saved under 'SpecSignedLap'.
Parameters:
  instance_name: G67.txt
  dataset: Gset
  random_seed: 49
  mode: 1
  beta: None
  alpha: 1.0
  use_local_search: True
  max_local_iterations: 1000
  eigsh_tol: 1e-06
  eigsh_maxiter: 1000
  run_name: SpecSignedLap
--------------------------------------------------
Using local search with 1000 iterations
Local search improved energy to -12298.0
Results saved to: results/Gset/SpecSignedLap/G67.csv
Alpha1 solver completed. Energy: -12298.000000, Time: 0.0632s
  Seed 9/10 (seed=50)
Initialized SpecSignedLap solver (GPU sparse) with alpha = 1.0. Results will be saved under 'SpecSignedLap'.
Parameters:
  instance_name: G67.txt
  dataset: Gset
  random_seed: 50
  mode: 1
  beta: None
  alpha: 1.0
  use_local_search: True
  max_local_iterations: 1000
  eigsh_tol: 1e-06
  eigsh_maxiter: 1000
  run_name: SpecSignedLap
--------------------------------------------------
Using local search with 1000 iterations
Local search improved energy to -12238.0
Results saved to: results/Gset/SpecSignedLap/G67.csv
Alpha1 solver completed. Energy: -12238.000000, Time: 0.0680s
  Seed 10/10 (seed=51)
Initialized SpecSignedLap solver (GPU sparse) with alpha = 1.0. Results will be saved under 'SpecSignedLap'.
Parameters:
  instance_name: G67.txt
  dataset: Gset
  random_seed: 51
  mode: 1
  beta: None
  alpha: 1.0
  use_local_search: True
  max_local_iterations: 1000
  eigsh_tol: 1e-06
  eigsh_maxiter: 1000
  run_name: SpecSignedLap
--------------------------------------------------
Using local search with 1000 iterations
Local search improved energy to -12306.0
Results saved to: results/Gset/SpecSignedLap/G67.csv
Alpha1 solver completed. Energy: -12306.000000, Time: 0.0676s
Processing instance: G7.txt
  Seed 1/10 (seed=42)
Initialized SpecSignedLap solver (GPU sparse) with alpha = 1.0. Results will be saved under 'SpecSignedLap'.
Parameters:
  instance_name: G7.txt
  dataset: Gset
  random_seed: 42
  mode: 1
  beta: None
  alpha: 1.0
  use_local_search: True
  max_local_iterations: 1000
  eigsh_tol: 1e-06
  eigsh_maxiter: 1000
  run_name: SpecSignedLap
--------------------------------------------------
Using local search with 1000 iterations
Local search improved energy to -4014.0000000000005
Results saved to: results/Gset/SpecSignedLap/G7.csv
Alpha1 solver completed. Energy: -4014.000000, Time: 0.0337s
  Seed 2/10 (seed=43)
Initialized SpecSignedLap solver (GPU sparse) with alpha = 1.0. Results will be saved under 'SpecSignedLap'.
Parameters:
  instance_name: G7.txt
  dataset: Gset
  random_seed: 43
  mode: 1
  beta: None
  alpha: 1.0
  use_local_search: True
  max_local_iterations: 1000
  eigsh_tol: 1e-06
  eigsh_maxiter: 1000
  run_name: SpecSignedLap
--------------------------------------------------
Using local search with 1000 iterations
Local search improved energy to -4006.0000000000005
Results saved to: results/Gset/SpecSignedLap/G7.csv
Alpha1 solver completed. Energy: -4006.000000, Time: 0.0327s
  Seed 3/10 (seed=44)
Initialized SpecSignedLap solver (GPU sparse) with alpha = 1.0. Results will be saved under 'SpecSignedLap'.
Parameters:
  instance_name: G7.txt
  dataset: Gset
  random_seed: 44
  mode: 1
  beta: None
  alpha: 1.0
  use_local_search: True
  max_local_iterations: 1000
  eigsh_tol: 1e-06
  eigsh_maxiter: 1000
  run_name: SpecSignedLap
--------------------------------------------------
Using local search with 1000 iterations
Local search improved energy to -4004.0
Results saved to: results/Gset/SpecSignedLap/G7.csv
Alpha1 solver completed. Energy: -4004.000000, Time: 0.0374s
  Seed 4/10 (seed=45)
Initialized SpecSignedLap solver (GPU sparse) with alpha = 1.0. Results will be saved under 'SpecSignedLap'.
Parameters:
  instance_name: G7.txt
  dataset: Gset
  random_seed: 45
  mode: 1
  beta: None
  alpha: 1.0
  use_local_search: True
  max_local_iterations: 1000
  eigsh_tol: 1e-06
  eigsh_maxiter: 1000
  run_name: SpecSignedLap
--------------------------------------------------
Using local search with 1000 iterations
Local search improved energy to -3998.0
Results saved to: results/Gset/SpecSignedLap/G7.csv
Alpha1 solver completed. Energy: -3998.000000, Time: 0.0394s
  Seed 5/10 (seed=46)
Initialized SpecSignedLap solver (GPU sparse) with alpha = 1.0. Results will be saved under 'SpecSignedLap'.
Parameters:
  instance_name: G7.txt
  dataset: Gset
  random_seed: 46
  mode: 1
  beta: None
  alpha: 1.0
  use_local_search: True
  max_local_iterations: 1000
  eigsh_tol: 1e-06
  eigsh_maxiter: 1000
  run_name: SpecSignedLap
--------------------------------------------------
Using local search with 1000 iterations
Local search improved energy to -3998.0
Results saved to: results/Gset/SpecSignedLap/G7.csv
Alpha1 solver completed. Energy: -3998.000000, Time: 0.0389s
  Seed 6/10 (seed=47)
Initialized SpecSignedLap solver (GPU sparse) with alpha = 1.0. Results will be saved under 'SpecSignedLap'.
Parameters:
  instance_name: G7.txt
  dataset: Gset
  random_seed: 47
  mode: 1
  beta: None
  alpha: 1.0
  use_local_search: True
  max_local_iterations: 1000
  eigsh_tol: 1e-06
  eigsh_maxiter: 1000
  run_name: SpecSignedLap
--------------------------------------------------
Using local search with 1000 iterations
Local search improved energy to -4008.0000000000005
Results saved to: results/Gset/SpecSignedLap/G7.csv
Alpha1 solver completed. Energy: -4008.000000, Time: 0.0408s
  Seed 7/10 (seed=48)
Initialized SpecSignedLap solver (GPU sparse) with alpha = 1.0. Results will be saved under 'SpecSignedLap'.
Parameters:
  instance_name: G7.txt
  dataset: Gset
  random_seed: 48
  mode: 1
  beta: None
  alpha: 1.0
  use_local_search: True
  max_local_iterations: 1000
  eigsh_tol: 1e-06
  eigsh_maxiter: 1000
  run_name: SpecSignedLap
--------------------------------------------------
Using local search with 1000 iterations
Local search improved energy to -3996.0
Results saved to: results/Gset/SpecSignedLap/G7.csv
Alpha1 solver completed. Energy: -3996.000000, Time: 0.0400s
  Seed 8/10 (seed=49)
Initialized SpecSignedLap solver (GPU sparse) with alpha = 1.0. Results will be saved under 'SpecSignedLap'.
Parameters:
  instance_name: G7.txt
  dataset: Gset
  random_seed: 49
  mode: 1
  beta: None
  alpha: 1.0
  use_local_search: True
  max_local_iterations: 1000
  eigsh_tol: 1e-06
  eigsh_maxiter: 1000
  run_name: SpecSignedLap
--------------------------------------------------
Using local search with 1000 iterations
Local search improved energy to -3992.0
Results saved to: results/Gset/SpecSignedLap/G7.csv
Alpha1 solver completed. Energy: -3992.000000, Time: 0.0334s
  Seed 9/10 (seed=50)
Initialized SpecSignedLap solver (GPU sparse) with alpha = 1.0. Results will be saved under 'SpecSignedLap'.
Parameters:
  instance_name: G7.txt
  dataset: Gset
  random_seed: 50
  mode: 1
  beta: None
  alpha: 1.0
  use_local_search: True
  max_local_iterations: 1000
  eigsh_tol: 1e-06
  eigsh_maxiter: 1000
  run_name: SpecSignedLap
--------------------------------------------------
Using local search with 1000 iterations
Local search improved energy to -4016.0000000000005
Results saved to: results/Gset/SpecSignedLap/G7.csv
Alpha1 solver completed. Energy: -4016.000000, Time: 0.0357s
  Seed 10/10 (seed=51)
Initialized SpecSignedLap solver (GPU sparse) with alpha = 1.0. Results will be saved under 'SpecSignedLap'.
Parameters:
  instance_name: G7.txt
  dataset: Gset
  random_seed: 51
  mode: 1
  beta: None
  alpha: 1.0
  use_local_search: True
  max_local_iterations: 1000
  eigsh_tol: 1e-06
  eigsh_maxiter: 1000
  run_name: SpecSignedLap
--------------------------------------------------
Using local search with 1000 iterations
Local search improved energy to -3976.0000000000005
Results saved to: results/Gset/SpecSignedLap/G7.csv
Alpha1 solver completed. Energy: -3976.000000, Time: 0.0330s
Processing instance: G72.txt
  Seed 1/10 (seed=42)
Initialized SpecSignedLap solver (GPU sparse) with alpha = 1.0. Results will be saved under 'SpecSignedLap'.
Parameters:
  instance_name: G72.txt
  dataset: Gset
  random_seed: 42
  mode: 1
  beta: None
  alpha: 1.0
  use_local_search: True
  max_local_iterations: 1000
  eigsh_tol: 1e-06
  eigsh_maxiter: 1000
  run_name: SpecSignedLap
--------------------------------------------------
Using local search with 1000 iterations
Local search improved energy to -12434.0
Results saved to: results/Gset/SpecSignedLap/G72.csv
Alpha1 solver completed. Energy: -12434.000000, Time: 0.0366s
  Seed 2/10 (seed=43)
Initialized SpecSignedLap solver (GPU sparse) with alpha = 1.0. Results will be saved under 'SpecSignedLap'.
Parameters:
  instance_name: G72.txt
  dataset: Gset
  random_seed: 43
  mode: 1
  beta: None
  alpha: 1.0
  use_local_search: True
  max_local_iterations: 1000
  eigsh_tol: 1e-06
  eigsh_maxiter: 1000
  run_name: SpecSignedLap
--------------------------------------------------
Using local search with 1000 iterations
Local search improved energy to -12290.0
Results saved to: results/Gset/SpecSignedLap/G72.csv
Alpha1 solver completed. Energy: -12290.000000, Time: 0.0368s
  Seed 3/10 (seed=44)
Initialized SpecSignedLap solver (GPU sparse) with alpha = 1.0. Results will be saved under 'SpecSignedLap'.
Parameters:
  instance_name: G72.txt
  dataset: Gset
  random_seed: 44
  mode: 1
  beta: None
  alpha: 1.0
  use_local_search: True
  max_local_iterations: 1000
  eigsh_tol: 1e-06
  eigsh_maxiter: 1000
  run_name: SpecSignedLap
--------------------------------------------------
Using local search with 1000 iterations
Local search improved energy to -12238.0
Results saved to: results/Gset/SpecSignedLap/G72.csv
Alpha1 solver completed. Energy: -12238.000000, Time: 0.0363s
  Seed 4/10 (seed=45)
Initialized SpecSignedLap solver (GPU sparse) with alpha = 1.0. Results will be saved under 'SpecSignedLap'.
Parameters:
  instance_name: G72.txt
  dataset: Gset
  random_seed: 45
  mode: 1
  beta: None
  alpha: 1.0
  use_local_search: True
  max_local_iterations: 1000
  eigsh_tol: 1e-06
  eigsh_maxiter: 1000
  run_name: SpecSignedLap
--------------------------------------------------
Using local search with 1000 iterations
Local search improved energy to -12298.0
Results saved to: results/Gset/SpecSignedLap/G72.csv
Alpha1 solver completed. Energy: -12298.000000, Time: 0.0363s
  Seed 5/10 (seed=46)
Initialized SpecSignedLap solver (GPU sparse) with alpha = 1.0. Results will be saved under 'SpecSignedLap'.
Parameters:
  instance_name: G72.txt
  dataset: Gset
  random_seed: 46
  mode: 1
  beta: None
  alpha: 1.0
  use_local_search: True
  max_local_iterations: 1000
  eigsh_tol: 1e-06
  eigsh_maxiter: 1000
  run_name: SpecSignedLap
--------------------------------------------------
Using local search with 1000 iterations
Local search improved energy to -12374.0
Results saved to: results/Gset/SpecSignedLap/G72.csv
Alpha1 solver completed. Energy: -12374.000000, Time: 0.0363s
  Seed 6/10 (seed=47)
Initialized SpecSignedLap solver (GPU sparse) with alpha = 1.0. Results will be saved under 'SpecSignedLap'.
Parameters:
  instance_name: G72.txt
  dataset: Gset
  random_seed: 47
  mode: 1
  beta: None
  alpha: 1.0
  use_local_search: True
  max_local_iterations: 1000
  eigsh_tol: 1e-06
  eigsh_maxiter: 1000
  run_name: SpecSignedLap
--------------------------------------------------
Using local search with 1000 iterations
Local search improved energy to -12382.0
Results saved to: results/Gset/SpecSignedLap/G72.csv
Alpha1 solver completed. Energy: -12382.000000, Time: 0.0360s
  Seed 7/10 (seed=48)
Initialized SpecSignedLap solver (GPU sparse) with alpha = 1.0. Results will be saved under 'SpecSignedLap'.
Parameters:
  instance_name: G72.txt
  dataset: Gset
  random_seed: 48
  mode: 1
  beta: None
  alpha: 1.0
  use_local_search: True
  max_local_iterations: 1000
  eigsh_tol: 1e-06
  eigsh_maxiter: 1000
  run_name: SpecSignedLap
--------------------------------------------------
Using local search with 1000 iterations
Local search improved energy to -12382.0
Results saved to: results/Gset/SpecSignedLap/G72.csv
Alpha1 solver completed. Energy: -12382.000000, Time: 0.0466s
  Seed 8/10 (seed=49)
Initialized SpecSignedLap solver (GPU sparse) with alpha = 1.0. Results will be saved under 'SpecSignedLap'.
Parameters:
  instance_name: G72.txt
  dataset: Gset
  random_seed: 49
  mode: 1
  beta: None
  alpha: 1.0
  use_local_search: True
  max_local_iterations: 1000
  eigsh_tol: 1e-06
  eigsh_maxiter: 1000
  run_name: SpecSignedLap
--------------------------------------------------
Using local search with 1000 iterations
Local search improved energy to -12234.0
Results saved to: results/Gset/SpecSignedLap/G72.csv
Alpha1 solver completed. Energy: -12234.000000, Time: 0.0361s
  Seed 9/10 (seed=50)
Initialized SpecSignedLap solver (GPU sparse) with alpha = 1.0. Results will be saved under 'SpecSignedLap'.
Parameters:
  instance_name: G72.txt
  dataset: Gset
  random_seed: 50
  mode: 1
  beta: None
  alpha: 1.0
  use_local_search: True
  max_local_iterations: 1000
  eigsh_tol: 1e-06
  eigsh_maxiter: 1000
  run_name: SpecSignedLap
--------------------------------------------------
Using local search with 1000 iterations
Local search improved energy to -12338.0
Results saved to: results/Gset/SpecSignedLap/G72.csv
Alpha1 solver completed. Energy: -12338.000000, Time: 0.0365s
  Seed 10/10 (seed=51)
Initialized SpecSignedLap solver (GPU sparse) with alpha = 1.0. Results will be saved under 'SpecSignedLap'.
Parameters:
  instance_name: G72.txt
  dataset: Gset
  random_seed: 51
  mode: 1
  beta: None
  alpha: 1.0
  use_local_search: True
  max_local_iterations: 1000
  eigsh_tol: 1e-06
  eigsh_maxiter: 1000
  run_name: SpecSignedLap
--------------------------------------------------
Using local search with 1000 iterations
Local search improved energy to -12426.0
Results saved to: results/Gset/SpecSignedLap/G72.csv
Alpha1 solver completed. Energy: -12426.000000, Time: 0.0366s
Processing instance: G77.txt
  Seed 1/10 (seed=42)
Initialized SpecSignedLap solver (GPU sparse) with alpha = 1.0. Results will be saved under 'SpecSignedLap'.
Parameters:
  instance_name: G77.txt
  dataset: Gset
  random_seed: 42
  mode: 1
  beta: None
  alpha: 1.0
  use_local_search: True
  max_local_iterations: 1000
  eigsh_tol: 1e-06
  eigsh_maxiter: 1000
  run_name: SpecSignedLap
--------------------------------------------------
Using local search with 1000 iterations
Local search improved energy to -17188.0
Results saved to: results/Gset/SpecSignedLap/G77.csv
Alpha1 solver completed. Energy: -17188.000000, Time: 0.0384s
  Seed 2/10 (seed=43)
Initialized SpecSignedLap solver (GPU sparse) with alpha = 1.0. Results will be saved under 'SpecSignedLap'.
Parameters:
  instance_name: G77.txt
  dataset: Gset
  random_seed: 43
  mode: 1
  beta: None
  alpha: 1.0
  use_local_search: True
  max_local_iterations: 1000
  eigsh_tol: 1e-06
  eigsh_maxiter: 1000
  run_name: SpecSignedLap
--------------------------------------------------
Using local search with 1000 iterations
Local search improved energy to -17104.0
Results saved to: results/Gset/SpecSignedLap/G77.csv
Alpha1 solver completed. Energy: -17104.000000, Time: 0.0362s
  Seed 3/10 (seed=44)
Initialized SpecSignedLap solver (GPU sparse) with alpha = 1.0. Results will be saved under 'SpecSignedLap'.
Parameters:
  instance_name: G77.txt
  dataset: Gset
  random_seed: 44
  mode: 1
  beta: None
  alpha: 1.0
  use_local_search: True
  max_local_iterations: 1000
  eigsh_tol: 1e-06
  eigsh_maxiter: 1000
  run_name: SpecSignedLap
--------------------------------------------------
Using local search with 1000 iterations
Local search improved energy to -17268.0
Results saved to: results/Gset/SpecSignedLap/G77.csv
Alpha1 solver completed. Energy: -17268.000000, Time: 0.0364s
  Seed 4/10 (seed=45)
Initialized SpecSignedLap solver (GPU sparse) with alpha = 1.0. Results will be saved under 'SpecSignedLap'.
Parameters:
  instance_name: G77.txt
  dataset: Gset
  random_seed: 45
  mode: 1
  beta: None
  alpha: 1.0
  use_local_search: True
  max_local_iterations: 1000
  eigsh_tol: 1e-06
  eigsh_maxiter: 1000
  run_name: SpecSignedLap
--------------------------------------------------
Using local search with 1000 iterations
Local search improved energy to -17144.0
Results saved to: results/Gset/SpecSignedLap/G77.csv
Alpha1 solver completed. Energy: -17144.000000, Time: 0.0362s
  Seed 5/10 (seed=46)
Initialized SpecSignedLap solver (GPU sparse) with alpha = 1.0. Results will be saved under 'SpecSignedLap'.
Parameters:
  instance_name: G77.txt
  dataset: Gset
  random_seed: 46
  mode: 1
  beta: None
  alpha: 1.0
  use_local_search: True
  max_local_iterations: 1000
  eigsh_tol: 1e-06
  eigsh_maxiter: 1000
  run_name: SpecSignedLap
--------------------------------------------------
Using local search with 1000 iterations
Local search improved energy to -17224.0
Results saved to: results/Gset/SpecSignedLap/G77.csv
Alpha1 solver completed. Energy: -17224.000000, Time: 0.0362s
  Seed 6/10 (seed=47)
Initialized SpecSignedLap solver (GPU sparse) with alpha = 1.0. Results will be saved under 'SpecSignedLap'.
Parameters:
  instance_name: G77.txt
  dataset: Gset
  random_seed: 47
  mode: 1
  beta: None
  alpha: 1.0
  use_local_search: True
  max_local_iterations: 1000
  eigsh_tol: 1e-06
  eigsh_maxiter: 1000
  run_name: SpecSignedLap
--------------------------------------------------
Using local search with 1000 iterations
Local search improved energy to -17184.0
Results saved to: results/Gset/SpecSignedLap/G77.csv
Alpha1 solver completed. Energy: -17184.000000, Time: 0.0359s
  Seed 7/10 (seed=48)
Initialized SpecSignedLap solver (GPU sparse) with alpha = 1.0. Results will be saved under 'SpecSignedLap'.
Parameters:
  instance_name: G77.txt
  dataset: Gset
  random_seed: 48
  mode: 1
  beta: None
  alpha: 1.0
  use_local_search: True
  max_local_iterations: 1000
  eigsh_tol: 1e-06
  eigsh_maxiter: 1000
  run_name: SpecSignedLap
--------------------------------------------------
Using local search with 1000 iterations
Local search improved energy to -17136.0
Results saved to: results/Gset/SpecSignedLap/G77.csv
Alpha1 solver completed. Energy: -17136.000000, Time: 0.0363s
  Seed 8/10 (seed=49)
Initialized SpecSignedLap solver (GPU sparse) with alpha = 1.0. Results will be saved under 'SpecSignedLap'.
Parameters:
  instance_name: G77.txt
  dataset: Gset
  random_seed: 49
  mode: 1
  beta: None
  alpha: 1.0
  use_local_search: True
  max_local_iterations: 1000
  eigsh_tol: 1e-06
  eigsh_maxiter: 1000
  run_name: SpecSignedLap
--------------------------------------------------
Using local search with 1000 iterations
Local search improved energy to -17188.0
Results saved to: results/Gset/SpecSignedLap/G77.csv
Alpha1 solver completed. Energy: -17188.000000, Time: 0.0367s
  Seed 9/10 (seed=50)
Initialized SpecSignedLap solver (GPU sparse) with alpha = 1.0. Results will be saved under 'SpecSignedLap'.
Parameters:
  instance_name: G77.txt
  dataset: Gset
  random_seed: 50
  mode: 1
  beta: None
  alpha: 1.0
  use_local_search: True
  max_local_iterations: 1000
  eigsh_tol: 1e-06
  eigsh_maxiter: 1000
  run_name: SpecSignedLap
--------------------------------------------------
Using local search with 1000 iterations
Local search improved energy to -17252.0
Results saved to: results/Gset/SpecSignedLap/G77.csv
Alpha1 solver completed. Energy: -17252.000000, Time: 0.0360s
  Seed 10/10 (seed=51)
Initialized SpecSignedLap solver (GPU sparse) with alpha = 1.0. Results will be saved under 'SpecSignedLap'.
Parameters:
  instance_name: G77.txt
  dataset: Gset
  random_seed: 51
  mode: 1
  beta: None
  alpha: 1.0
  use_local_search: True
  max_local_iterations: 1000
  eigsh_tol: 1e-06
  eigsh_maxiter: 1000
  run_name: SpecSignedLap
--------------------------------------------------
Using local search with 1000 iterations
Local search improved energy to -17200.0
Results saved to: results/Gset/SpecSignedLap/G77.csv
Alpha1 solver completed. Energy: -17200.000000, Time: 0.0367s
Processing instance: G8.txt
  Seed 1/10 (seed=42)
Initialized SpecSignedLap solver (GPU sparse) with alpha = 1.0. Results will be saved under 'SpecSignedLap'.
Parameters:
  instance_name: G8.txt
  dataset: Gset
  random_seed: 42
  mode: 1
  beta: None
  alpha: 1.0
  use_local_search: True
  max_local_iterations: 1000
  eigsh_tol: 1e-06
  eigsh_maxiter: 1000
  run_name: SpecSignedLap
--------------------------------------------------
Using local search with 1000 iterations
Local search improved energy to -4002.0
Results saved to: results/Gset/SpecSignedLap/G8.csv
Alpha1 solver completed. Energy: -4002.000000, Time: 0.0330s
  Seed 2/10 (seed=43)
Initialized SpecSignedLap solver (GPU sparse) with alpha = 1.0. Results will be saved under 'SpecSignedLap'.
Parameters:
  instance_name: G8.txt
  dataset: Gset
  random_seed: 43
  mode: 1
  beta: None
  alpha: 1.0
  use_local_search: True
  max_local_iterations: 1000
  eigsh_tol: 1e-06
  eigsh_maxiter: 1000
  run_name: SpecSignedLap
--------------------------------------------------
Using local search with 1000 iterations
Local search improved energy to -4006.0000000000005
Results saved to: results/Gset/SpecSignedLap/G8.csv
Alpha1 solver completed. Energy: -4006.000000, Time: 0.0359s
  Seed 3/10 (seed=44)
Initialized SpecSignedLap solver (GPU sparse) with alpha = 1.0. Results will be saved under 'SpecSignedLap'.
Parameters:
  instance_name: G8.txt
  dataset: Gset
  random_seed: 44
  mode: 1
  beta: None
  alpha: 1.0
  use_local_search: True
  max_local_iterations: 1000
  eigsh_tol: 1e-06
  eigsh_maxiter: 1000
  run_name: SpecSignedLap
--------------------------------------------------
Using local search with 1000 iterations
Local search improved energy to -4002.0
Results saved to: results/Gset/SpecSignedLap/G8.csv
Alpha1 solver completed. Energy: -4002.000000, Time: 0.0353s
  Seed 4/10 (seed=45)
Initialized SpecSignedLap solver (GPU sparse) with alpha = 1.0. Results will be saved under 'SpecSignedLap'.
Parameters:
  instance_name: G8.txt
  dataset: Gset
  random_seed: 45
  mode: 1
  beta: None
  alpha: 1.0
  use_local_search: True
  max_local_iterations: 1000
  eigsh_tol: 1e-06
  eigsh_maxiter: 1000
  run_name: SpecSignedLap
--------------------------------------------------
Using local search with 1000 iterations
Local search improved energy to -4022.0000000000005
Results saved to: results/Gset/SpecSignedLap/G8.csv
Alpha1 solver completed. Energy: -4022.000000, Time: 0.0321s
  Seed 5/10 (seed=46)
Initialized SpecSignedLap solver (GPU sparse) with alpha = 1.0. Results will be saved under 'SpecSignedLap'.
Parameters:
  instance_name: G8.txt
  dataset: Gset
  random_seed: 46
  mode: 1
  beta: None
  alpha: 1.0
  use_local_search: True
  max_local_iterations: 1000
  eigsh_tol: 1e-06
  eigsh_maxiter: 1000
  run_name: SpecSignedLap
--------------------------------------------------
Using local search with 1000 iterations
Local search improved energy to -3998.0
Results saved to: results/Gset/SpecSignedLap/G8.csv
Alpha1 solver completed. Energy: -3998.000000, Time: 0.0320s
  Seed 6/10 (seed=47)
Initialized SpecSignedLap solver (GPU sparse) with alpha = 1.0. Results will be saved under 'SpecSignedLap'.
Parameters:
  instance_name: G8.txt
  dataset: Gset
  random_seed: 47
  mode: 1
  beta: None
  alpha: 1.0
  use_local_search: True
  max_local_iterations: 1000
  eigsh_tol: 1e-06
  eigsh_maxiter: 1000
  run_name: SpecSignedLap
--------------------------------------------------
Using local search with 1000 iterations
Local search improved energy to -3988.000000000001
Results saved to: results/Gset/SpecSignedLap/G8.csv
Alpha1 solver completed. Energy: -3988.000000, Time: 0.0328s
  Seed 7/10 (seed=48)
Initialized SpecSignedLap solver (GPU sparse) with alpha = 1.0. Results will be saved under 'SpecSignedLap'.
Parameters:
  instance_name: G8.txt
  dataset: Gset
  random_seed: 48
  mode: 1
  beta: None
  alpha: 1.0
  use_local_search: True
  max_local_iterations: 1000
  eigsh_tol: 1e-06
  eigsh_maxiter: 1000
  run_name: SpecSignedLap
--------------------------------------------------
Using local search with 1000 iterations
Local search improved energy to -3984.000000000001
Results saved to: results/Gset/SpecSignedLap/G8.csv
Alpha1 solver completed. Energy: -3984.000000, Time: 0.0388s
  Seed 8/10 (seed=49)
Initialized SpecSignedLap solver (GPU sparse) with alpha = 1.0. Results will be saved under 'SpecSignedLap'.
Parameters:
  instance_name: G8.txt
  dataset: Gset
  random_seed: 49
  mode: 1
  beta: None
  alpha: 1.0
  use_local_search: True
  max_local_iterations: 1000
  eigsh_tol: 1e-06
  eigsh_maxiter: 1000
  run_name: SpecSignedLap
--------------------------------------------------
Using local search with 1000 iterations
Local search improved energy to -3986.0
Results saved to: results/Gset/SpecSignedLap/G8.csv
Alpha1 solver completed. Energy: -3986.000000, Time: 0.0328s
  Seed 9/10 (seed=50)
Initialized SpecSignedLap solver (GPU sparse) with alpha = 1.0. Results will be saved under 'SpecSignedLap'.
Parameters:
  instance_name: G8.txt
  dataset: Gset
  random_seed: 50
  mode: 1
  beta: None
  alpha: 1.0
  use_local_search: True
  max_local_iterations: 1000
  eigsh_tol: 1e-06
  eigsh_maxiter: 1000
  run_name: SpecSignedLap
--------------------------------------------------
Using local search with 1000 iterations
Local search improved energy to -4026.0
Results saved to: results/Gset/SpecSignedLap/G8.csv
Alpha1 solver completed. Energy: -4026.000000, Time: 0.0359s
  Seed 10/10 (seed=51)
Initialized SpecSignedLap solver (GPU sparse) with alpha = 1.0. Results will be saved under 'SpecSignedLap'.
Parameters:
  instance_name: G8.txt
  dataset: Gset
  random_seed: 51
  mode: 1
  beta: None
  alpha: 1.0
  use_local_search: True
  max_local_iterations: 1000
  eigsh_tol: 1e-06
  eigsh_maxiter: 1000
  run_name: SpecSignedLap
--------------------------------------------------
Using local search with 1000 iterations
Local search improved energy to -4001.9999999999995
Results saved to: results/Gset/SpecSignedLap/G8.csv
Alpha1 solver completed. Energy: -4002.000000, Time: 0.0333s
Processing instance: G81.txt
  Seed 1/10 (seed=42)
Initialized SpecSignedLap solver (GPU sparse) with alpha = 1.0. Results will be saved under 'SpecSignedLap'.
Parameters:
  instance_name: G81.txt
  dataset: Gset
  random_seed: 42
  mode: 1
  beta: None
  alpha: 1.0
  use_local_search: True
  max_local_iterations: 1000
  eigsh_tol: 1e-06
  eigsh_maxiter: 1000
  run_name: SpecSignedLap
--------------------------------------------------
Using local search with 1000 iterations
Local search improved energy to -24554.0
Results saved to: results/Gset/SpecSignedLap/G81.csv
Alpha1 solver completed. Energy: -24554.000000, Time: 0.0389s
  Seed 2/10 (seed=43)
Initialized SpecSignedLap solver (GPU sparse) with alpha = 1.0. Results will be saved under 'SpecSignedLap'.
Parameters:
  instance_name: G81.txt
  dataset: Gset
  random_seed: 43
  mode: 1
  beta: None
  alpha: 1.0
  use_local_search: True
  max_local_iterations: 1000
  eigsh_tol: 1e-06
  eigsh_maxiter: 1000
  run_name: SpecSignedLap
--------------------------------------------------
Using local search with 1000 iterations
Local search improved energy to -24330.0
Results saved to: results/Gset/SpecSignedLap/G81.csv
Alpha1 solver completed. Energy: -24330.000000, Time: 0.0420s
  Seed 3/10 (seed=44)
Initialized SpecSignedLap solver (GPU sparse) with alpha = 1.0. Results will be saved under 'SpecSignedLap'.
Parameters:
  instance_name: G81.txt
  dataset: Gset
  random_seed: 44
  mode: 1
  beta: None
  alpha: 1.0
  use_local_search: True
  max_local_iterations: 1000
  eigsh_tol: 1e-06
  eigsh_maxiter: 1000
  run_name: SpecSignedLap
--------------------------------------------------
Using local search with 1000 iterations
Local search improved energy to -24178.0
Results saved to: results/Gset/SpecSignedLap/G81.csv
Alpha1 solver completed. Energy: -24178.000000, Time: 0.0419s
  Seed 4/10 (seed=45)
Initialized SpecSignedLap solver (GPU sparse) with alpha = 1.0. Results will be saved under 'SpecSignedLap'.
Parameters:
  instance_name: G81.txt
  dataset: Gset
  random_seed: 45
  mode: 1
  beta: None
  alpha: 1.0
  use_local_search: True
  max_local_iterations: 1000
  eigsh_tol: 1e-06
  eigsh_maxiter: 1000
  run_name: SpecSignedLap
--------------------------------------------------
Using local search with 1000 iterations
Local search improved energy to -24538.0
Results saved to: results/Gset/SpecSignedLap/G81.csv
Alpha1 solver completed. Energy: -24538.000000, Time: 0.0365s
  Seed 5/10 (seed=46)
Initialized SpecSignedLap solver (GPU sparse) with alpha = 1.0. Results will be saved under 'SpecSignedLap'.
Parameters:
  instance_name: G81.txt
  dataset: Gset
  random_seed: 46
  mode: 1
  beta: None
  alpha: 1.0
  use_local_search: True
  max_local_iterations: 1000
  eigsh_tol: 1e-06
  eigsh_maxiter: 1000
  run_name: SpecSignedLap
--------------------------------------------------
Using local search with 1000 iterations
Local search improved energy to -24502.0
Results saved to: results/Gset/SpecSignedLap/G81.csv
Alpha1 solver completed. Energy: -24502.000000, Time: 0.0368s
  Seed 6/10 (seed=47)
Initialized SpecSignedLap solver (GPU sparse) with alpha = 1.0. Results will be saved under 'SpecSignedLap'.
Parameters:
  instance_name: G81.txt
  dataset: Gset
  random_seed: 47
  mode: 1
  beta: None
  alpha: 1.0
  use_local_search: True
  max_local_iterations: 1000
  eigsh_tol: 1e-06
  eigsh_maxiter: 1000
  run_name: SpecSignedLap
--------------------------------------------------
Using local search with 1000 iterations
Local search improved energy to -24306.0
Results saved to: results/Gset/SpecSignedLap/G81.csv
Alpha1 solver completed. Energy: -24306.000000, Time: 0.0415s
  Seed 7/10 (seed=48)
Initialized SpecSignedLap solver (GPU sparse) with alpha = 1.0. Results will be saved under 'SpecSignedLap'.
Parameters:
  instance_name: G81.txt
  dataset: Gset
  random_seed: 48
  mode: 1
  beta: None
  alpha: 1.0
  use_local_search: True
  max_local_iterations: 1000
  eigsh_tol: 1e-06
  eigsh_maxiter: 1000
  run_name: SpecSignedLap
--------------------------------------------------
Using local search with 1000 iterations
Local search improved energy to -24418.0
Results saved to: results/Gset/SpecSignedLap/G81.csv
Alpha1 solver completed. Energy: -24418.000000, Time: 0.0414s
  Seed 8/10 (seed=49)
Initialized SpecSignedLap solver (GPU sparse) with alpha = 1.0. Results will be saved under 'SpecSignedLap'.
Parameters:
  instance_name: G81.txt
  dataset: Gset
  random_seed: 49
  mode: 1
  beta: None
  alpha: 1.0
  use_local_search: True
  max_local_iterations: 1000
  eigsh_tol: 1e-06
  eigsh_maxiter: 1000
  run_name: SpecSignedLap
--------------------------------------------------
Using local search with 1000 iterations
Local search improved energy to -24390.0
Results saved to: results/Gset/SpecSignedLap/G81.csv
Alpha1 solver completed. Energy: -24390.000000, Time: 0.0417s
  Seed 9/10 (seed=50)
Initialized SpecSignedLap solver (GPU sparse) with alpha = 1.0. Results will be saved under 'SpecSignedLap'.
Parameters:
  instance_name: G81.txt
  dataset: Gset
  random_seed: 50
  mode: 1
  beta: None
  alpha: 1.0
  use_local_search: True
  max_local_iterations: 1000
  eigsh_tol: 1e-06
  eigsh_maxiter: 1000
  run_name: SpecSignedLap
--------------------------------------------------
Using local search with 1000 iterations
Local search improved energy to -24322.0
Results saved to: results/Gset/SpecSignedLap/G81.csv
Alpha1 solver completed. Energy: -24322.000000, Time: 0.0418s
  Seed 10/10 (seed=51)
Initialized SpecSignedLap solver (GPU sparse) with alpha = 1.0. Results will be saved under 'SpecSignedLap'.
Parameters:
  instance_name: G81.txt
  dataset: Gset
  random_seed: 51
  mode: 1
  beta: None
  alpha: 1.0
  use_local_search: True
  max_local_iterations: 1000
  eigsh_tol: 1e-06
  eigsh_maxiter: 1000
  run_name: SpecSignedLap
--------------------------------------------------
Using local search with 1000 iterations
Local search improved energy to -24550.0
Results saved to: results/Gset/SpecSignedLap/G81.csv
Alpha1 solver completed. Energy: -24550.000000, Time: 0.0365s
Processing instance: G9.txt
  Seed 1/10 (seed=42)
Initialized SpecSignedLap solver (GPU sparse) with alpha = 1.0. Results will be saved under 'SpecSignedLap'.
Parameters:
  instance_name: G9.txt
  dataset: Gset
  random_seed: 42
  mode: 1
  beta: None
  alpha: 1.0
  use_local_search: True
  max_local_iterations: 1000
  eigsh_tol: 1e-06
  eigsh_maxiter: 1000
  run_name: SpecSignedLap
--------------------------------------------------
Using local search with 1000 iterations
Local search improved energy to -4006.0
Results saved to: results/Gset/SpecSignedLap/G9.csv
Alpha1 solver completed. Energy: -4006.000000, Time: 0.0326s
  Seed 2/10 (seed=43)
Initialized SpecSignedLap solver (GPU sparse) with alpha = 1.0. Results will be saved under 'SpecSignedLap'.
Parameters:
  instance_name: G9.txt
  dataset: Gset
  random_seed: 43
  mode: 1
  beta: None
  alpha: 1.0
  use_local_search: True
  max_local_iterations: 1000
  eigsh_tol: 1e-06
  eigsh_maxiter: 1000
  run_name: SpecSignedLap
--------------------------------------------------
Using local search with 1000 iterations
Local search improved energy to -4022.0
Results saved to: results/Gset/SpecSignedLap/G9.csv
Alpha1 solver completed. Energy: -4022.000000, Time: 0.0413s
  Seed 3/10 (seed=44)
Initialized SpecSignedLap solver (GPU sparse) with alpha = 1.0. Results will be saved under 'SpecSignedLap'.
Parameters:
  instance_name: G9.txt
  dataset: Gset
  random_seed: 44
  mode: 1
  beta: None
  alpha: 1.0
  use_local_search: True
  max_local_iterations: 1000
  eigsh_tol: 1e-06
  eigsh_maxiter: 1000
  run_name: SpecSignedLap
--------------------------------------------------
Using local search with 1000 iterations
Local search improved energy to -4025.9999999999995
Results saved to: results/Gset/SpecSignedLap/G9.csv
Alpha1 solver completed. Energy: -4026.000000, Time: 0.0342s
  Seed 4/10 (seed=45)
Initialized SpecSignedLap solver (GPU sparse) with alpha = 1.0. Results will be saved under 'SpecSignedLap'.
Parameters:
  instance_name: G9.txt
  dataset: Gset
  random_seed: 45
  mode: 1
  beta: None
  alpha: 1.0
  use_local_search: True
  max_local_iterations: 1000
  eigsh_tol: 1e-06
  eigsh_maxiter: 1000
  run_name: SpecSignedLap
--------------------------------------------------
Using local search with 1000 iterations
Local search improved energy to -4008.0
Results saved to: results/Gset/SpecSignedLap/G9.csv
Alpha1 solver completed. Energy: -4008.000000, Time: 0.0337s
  Seed 5/10 (seed=46)
Initialized SpecSignedLap solver (GPU sparse) with alpha = 1.0. Results will be saved under 'SpecSignedLap'.
Parameters:
  instance_name: G9.txt
  dataset: Gset
  random_seed: 46
  mode: 1
  beta: None
  alpha: 1.0
  use_local_search: True
  max_local_iterations: 1000
  eigsh_tol: 1e-06
  eigsh_maxiter: 1000
  run_name: SpecSignedLap
--------------------------------------------------
Using local search with 1000 iterations
Local search improved energy to -4012.0
Results saved to: results/Gset/SpecSignedLap/G9.csv
Alpha1 solver completed. Energy: -4012.000000, Time: 0.0355s
  Seed 6/10 (seed=47)
Initialized SpecSignedLap solver (GPU sparse) with alpha = 1.0. Results will be saved under 'SpecSignedLap'.
Parameters:
  instance_name: G9.txt
  dataset: Gset
  random_seed: 47
  mode: 1
  beta: None
  alpha: 1.0
  use_local_search: True
  max_local_iterations: 1000
  eigsh_tol: 1e-06
  eigsh_maxiter: 1000
  run_name: SpecSignedLap
--------------------------------------------------
Using local search with 1000 iterations
Local search improved energy to -4013.9999999999995
Results saved to: results/Gset/SpecSignedLap/G9.csv
Alpha1 solver completed. Energy: -4014.000000, Time: 0.0357s
  Seed 7/10 (seed=48)
Initialized SpecSignedLap solver (GPU sparse) with alpha = 1.0. Results will be saved under 'SpecSignedLap'.
Parameters:
  instance_name: G9.txt
  dataset: Gset
  random_seed: 48
  mode: 1
  beta: None
  alpha: 1.0
  use_local_search: True
  max_local_iterations: 1000
  eigsh_tol: 1e-06
  eigsh_maxiter: 1000
  run_name: SpecSignedLap
--------------------------------------------------
Using local search with 1000 iterations
Local search improved energy to -4002.0000000000005
Results saved to: results/Gset/SpecSignedLap/G9.csv
Alpha1 solver completed. Energy: -4002.000000, Time: 0.0364s
  Seed 8/10 (seed=49)
Initialized SpecSignedLap solver (GPU sparse) with alpha = 1.0. Results will be saved under 'SpecSignedLap'.
Parameters:
  instance_name: G9.txt
  dataset: Gset
  random_seed: 49
  mode: 1
  beta: None
  alpha: 1.0
  use_local_search: True
  max_local_iterations: 1000
  eigsh_tol: 1e-06
  eigsh_maxiter: 1000
  run_name: SpecSignedLap
--------------------------------------------------
Using local search with 1000 iterations
Local search improved energy to -4017.999999999999
Results saved to: results/Gset/SpecSignedLap/G9.csv
Alpha1 solver completed. Energy: -4018.000000, Time: 0.0370s
  Seed 9/10 (seed=50)
Initialized SpecSignedLap solver (GPU sparse) with alpha = 1.0. Results will be saved under 'SpecSignedLap'.
Parameters:
  instance_name: G9.txt
  dataset: Gset
  random_seed: 50
  mode: 1
  beta: None
  alpha: 1.0
  use_local_search: True
  max_local_iterations: 1000
  eigsh_tol: 1e-06
  eigsh_maxiter: 1000
  run_name: SpecSignedLap
--------------------------------------------------
Using local search with 1000 iterations
Local search improved energy to -4003.9999999999995
Results saved to: results/Gset/SpecSignedLap/G9.csv
Alpha1 solver completed. Energy: -4004.000000, Time: 0.0356s
  Seed 10/10 (seed=51)
Initialized SpecSignedLap solver (GPU sparse) with alpha = 1.0. Results will be saved under 'SpecSignedLap'.
Parameters:
  instance_name: G9.txt
  dataset: Gset
  random_seed: 51
  mode: 1
  beta: None
  alpha: 1.0
  use_local_search: True
  max_local_iterations: 1000
  eigsh_tol: 1e-06
  eigsh_maxiter: 1000
  run_name: SpecSignedLap
--------------------------------------------------
Using local search with 1000 iterations
Local search improved energy to -3999.9999999999995
Results saved to: results/Gset/SpecSignedLap/G9.csv
Alpha1 solver completed. Energy: -4000.000000, Time: 0.0336s
==================================================
Execution Finished.
✓ SpecSignedLap on Gset SUCCESS
Completed 1 experiments in 91 seconds
