instance_name,dataset,seed,solver_name,alpha,beta,energy,time,mode,use_local_search,local_search_iterations,eigsh_iterations,warm_start,alpha_index,precision,timestamp
ba_256_1_6.txt,barabasi_albert_10ins_m20,42,SpecAnn,0.0,1.0,-62735.000000000015,0.0133914947509765,0,True,52,33,True,0,32,2025-11-16 05:18:49
ba_256_1_6.txt,barabasi_albert_10ins_m20,42,SpecAnn,0.0887356509416113,1.0,-62505.0,0.0127253532409667,0,True,52,33,True,1,32,2025-11-16 05:18:49
ba_256_1_6.txt,barabasi_albert_10ins_m20,42,SpecAnn,0.1254911610276317,1.0,-62701.000000000015,0.0126652717590332,0,True,52,33,True,2,32,2025-11-16 05:18:49
ba_256_1_6.txt,barabasi_albert_10ins_m20,42,SpecAnn,0.1536946558735679,1.0,-61425.0,0.0128734111785888,0,True,52,33,True,3,32,2025-11-16 05:18:49
ba_256_1_6.txt,barabasi_albert_10ins_m20,42,SpecAnn,0.1774713018832227,1.0,-63243.000000000015,0.0129041671752929,0,True,52,33,True,4,32,2025-11-16 05:18:49
ba_256_1_6.txt,barabasi_albert_10ins_m20,42,SpecAnn,0.1984189475331362,1.0,-63243.000000000015,0.0129246711730957,0,True,52,33,True,5,32,2025-11-16 05:18:49
ba_256_1_6.txt,barabasi_albert_10ins_m20,42,SpecAnn,0.2173570668006655,1.0,-61925.0,0.0128946304321289,0,True,52,33,True,6,32,2025-11-16 05:18:49
ba_256_1_6.txt,barabasi_albert_10ins_m20,42,SpecAnn,0.2347724648169381,1.0,-61801.00000000001,0.0128960609436035,0,True,52,33,True,7,32,2025-11-16 05:18:49
ba_256_1_6.txt,barabasi_albert_10ins_m20,42,SpecAnn,0.2509823220552634,1.0,-62431.0,0.0127205848693847,0,True,52,33,True,8,32,2025-11-16 05:18:49
ba_256_1_6.txt,barabasi_albert_10ins_m20,42,SpecAnn,0.2662069528248341,1.0,-62431.0,0.012679100036621,0,True,52,33,True,9,32,2025-11-16 05:18:49
ba_256_1_6.txt,barabasi_albert_10ins_m20,42,SpecAnn,0.2806067666331568,1.0,-62183.0,0.0126521587371826,0,True,52,33,True,10,32,2025-11-16 05:18:49
ba_256_1_6.txt,barabasi_albert_10ins_m20,42,SpecAnn,0.2943028597012718,1.0,-62183.0,0.0126094818115234,0,True,52,33,True,11,32,2025-11-16 05:18:49
ba_256_1_6.txt,barabasi_albert_10ins_m20,42,SpecAnn,0.3073893117471359,1.0,-62183.0,0.0126094818115234,0,True,52,33,True,12,32,2025-11-16 05:18:49
ba_256_1_6.txt,barabasi_albert_10ins_m20,42,SpecAnn,0.3199409394316542,1.0,-62183.0,0.0127053260803222,0,True,52,33,True,13,32,2025-11-16 05:18:49
ba_256_1_6.txt,barabasi_albert_10ins_m20,42,SpecAnn,0.3320184038158743,1.0,-62183.0,0.0125446319580078,0,True,52,33,True,14,32,2025-11-16 05:18:49
ba_256_1_6.txt,barabasi_albert_10ins_m20,42,SpecAnn,0.3436716983117353,1.0,-62801.00000000001,0.0126991271972656,0,True,52,33,True,15,32,2025-11-16 05:18:49
ba_256_1_6.txt,barabasi_albert_10ins_m20,42,SpecAnn,0.3549426037664455,1.0,-62801.00000000001,0.0126006603240966,0,True,52,33,True,16,32,2025-11-16 05:18:50
ba_256_1_6.txt,barabasi_albert_10ins_m20,42,SpecAnn,0.3658664615902029,1.0,-62801.00000000001,0.0126514434814453,0,True,52,33,True,17,32,2025-11-16 05:18:50
ba_256_1_6.txt,barabasi_albert_10ins_m20,42,SpecAnn,0.3764734830828951,1.0,-62741.0,0.0125739574432373,0,True,52,33,True,18,32,2025-11-16 05:18:50
ba_256_1_6.txt,barabasi_albert_10ins_m20,42,SpecAnn,0.3867897351437838,1.0,-62812.99999999999,0.0126092433929443,0,True,52,33,True,19,32,2025-11-16 05:18:50
ba_256_1_6.txt,barabasi_albert_10ins_m20,42,SpecAnn,0.3968378950662725,1.0,-61750.99999999999,0.0125606060028076,0,True,52,33,True,20,32,2025-11-16 05:18:50
ba_256_1_6.txt,barabasi_albert_10ins_m20,42,SpecAnn,0.4066378372811136,1.0,-62907.0,0.0125665664672851,0,True,52,33,True,21,32,2025-11-16 05:18:50
ba_256_1_6.txt,barabasi_albert_10ins_m20,42,SpecAnn,0.4162070956347247,1.0,-62907.0,0.0125501155853271,0,True,52,33,True,22,32,2025-11-16 05:18:50
ba_256_1_6.txt,barabasi_albert_10ins_m20,42,SpecAnn,0.4255612320274539,1.0,-62907.0,0.012636661529541,0,True,52,33,True,23,32,2025-11-16 05:18:50
ba_256_1_6.txt,barabasi_albert_10ins_m20,42,SpecAnn,0.434714133601331,1.0,-62907.0,0.0125443935394287,0,True,52,33,True,24,32,2025-11-16 05:18:50
ba_256_1_6.txt,barabasi_albert_10ins_m20,42,SpecAnn,0.4436782547080569,1.0,-61418.99999999999,0.0125622749328613,0,True,52,33,True,25,32,2025-11-16 05:18:50
ba_256_1_6.txt,barabasi_albert_10ins_m20,42,SpecAnn,0.4524648157026343,1.0,-61789.0,0.0125486850738525,0,True,52,33,True,26,32,2025-11-16 05:18:50
ba_256_1_6.txt,barabasi_albert_10ins_m20,42,SpecAnn,0.4610839676207039,1.0,-61418.99999999999,0.0125420093536376,0,True,52,33,True,27,32,2025-11-16 05:18:50
ba_256_1_6.txt,barabasi_albert_10ins_m20,42,SpecAnn,0.4695449296338763,1.0,-61418.99999999999,0.0126285552978515,0,True,52,33,True,28,32,2025-11-16 05:18:50
ba_256_1_6.txt,barabasi_albert_10ins_m20,42,SpecAnn,0.4778561045889373,1.0,-62825.00000000001,0.0126280784606933,0,True,52,33,True,29,32,2025-11-16 05:18:50
ba_256_1_6.txt,barabasi_albert_10ins_m20,42,SpecAnn,0.4860251767562508,1.0,-62326.99999999999,0.0125701427459716,0,True,52,33,True,30,32,2025-11-16 05:18:50
ba_256_1_6.txt,barabasi_albert_10ins_m20,42,SpecAnn,0.4940591950252281,1.0,-62326.99999999999,0.0125825405120849,0,True,52,33,True,31,32,2025-11-16 05:18:50
ba_256_1_6.txt,barabasi_albert_10ins_m20,42,SpecAnn,0.5019646441105269,1.0,-62326.99999999999,0.0126681327819824,0,True,52,33,True,32,32,2025-11-16 05:18:50
ba_256_1_6.txt,barabasi_albert_10ins_m20,42,SpecAnn,0.5097475058154177,1.0,-62326.99999999999,0.0126476287841796,0,True,52,33,True,33,32,2025-11-16 05:18:50
ba_256_1_6.txt,barabasi_albert_10ins_m20,42,SpecAnn,0.51741331199832,1.0,-62326.99999999999,0.0125613212585449,0,True,52,33,True,34,32,2025-11-16 05:18:50
ba_256_1_6.txt,barabasi_albert_10ins_m20,42,SpecAnn,0.5249671905758515,1.0,-62326.99999999999,0.0126678943634033,0,True,52,33,True,35,32,2025-11-16 05:18:50
ba_256_1_6.txt,barabasi_albert_10ins_m20,42,SpecAnn,0.5324139056496683,1.0,-62326.99999999999,0.0125858783721923,0,True,52,33,True,36,32,2025-11-16 05:18:50
ba_256_1_6.txt,barabasi_albert_10ins_m20,42,SpecAnn,0.5397578926492556,1.0,-63821.0,0.0125224590301513,0,True,52,33,True,37,32,2025-11-16 05:18:50
ba_256_1_6.txt,barabasi_albert_10ins_m20,42,SpecAnn,0.5470032892270364,1.0,-63513.00000000001,0.0125839710235595,0,True,52,33,True,38,32,2025-11-16 05:18:50
ba_256_1_6.txt,barabasi_albert_10ins_m20,42,SpecAnn,0.554153962516942,1.0,-64276.99999999999,0.0125620365142822,0,True,52,33,True,39,32,2025-11-16 05:18:50
ba_256_1_6.txt,barabasi_albert_10ins_m20,42,SpecAnn,0.5612135332663137,1.0,-64227.0,0.012796401977539,0,True,52,33,True,40,32,2025-11-16 05:18:50
ba_256_1_6.txt,barabasi_albert_10ins_m20,42,SpecAnn,0.5681853972686127,1.0,-64025.00000000001,0.0128219127655029,0,True,52,33,True,41,32,2025-11-16 05:18:50
ba_256_1_6.txt,barabasi_albert_10ins_m20,42,SpecAnn,0.5750727444570146,1.0,-64276.99999999999,0.0128009319305419,0,True,52,33,True,42,32,2025-11-16 05:18:50
ba_256_1_6.txt,barabasi_albert_10ins_m20,42,SpecAnn,0.5818785759635375,1.0,-64589.000000000015,0.0128126144409179,0,True,52,33,True,43,32,2025-11-16 05:18:50
ba_256_1_6.txt,barabasi_albert_10ins_m20,42,SpecAnn,0.5886057194025436,1.0,-64475.0,0.0128078460693359,0,True,52,33,True,44,32,2025-11-16 05:18:50
ba_256_1_6.txt,barabasi_albert_10ins_m20,42,SpecAnn,0.5952568425994088,1.0,-64522.99999999999,0.0127034187316894,0,True,52,33,True,45,32,2025-11-16 05:18:50
ba_256_1_6.txt,barabasi_albert_10ins_m20,42,SpecAnn,0.6018344659534288,1.0,-64551.00000000001,0.0125653743743896,0,True,52,33,True,46,32,2025-11-16 05:18:50
ba_256_1_6.txt,barabasi_albert_10ins_m20,42,SpecAnn,0.6083409735974393,1.0,-64386.99999999999,0.0125706195831298,0,True,52,33,True,47,32,2025-11-16 05:18:50
ba_256_1_6.txt,barabasi_albert_10ins_m20,42,SpecAnn,0.6147786234942719,1.0,-64551.00000000001,0.0126936435699462,0,True,52,33,True,48,32,2025-11-16 05:18:50
ba_256_1_6.txt,barabasi_albert_10ins_m20,42,SpecAnn,0.6211495565912796,1.0,-65547.0,0.0126237869262695,0,True,52,33,True,49,32,2025-11-16 05:18:50
ba_256_1_6.txt,barabasi_albert_10ins_m20,42,SpecAnn,0.6274558051381586,1.0,-65603.0,0.0126004219055175,0,True,52,33,True,50,32,2025-11-16 05:18:50
ba_256_1_6.txt,barabasi_albert_10ins_m20,42,SpecAnn,0.6336993002596786,1.0,-65641.0,0.0125970840454101,0,True,52,33,True,51,32,2025-11-16 05:18:50
ba_256_1_6.txt,barabasi_albert_10ins_m20,42,SpecAnn,0.6398818788633085,1.0,-65055.00000000001,0.0126583576202392,0,True,52,33,True,52,32,2025-11-16 05:18:50
ba_256_1_6.txt,barabasi_albert_10ins_m20,42,SpecAnn,0.6460052899517691,1.0,-65055.00000000001,0.0125970840454101,0,True,52,33,True,53,32,2025-11-16 05:18:50
ba_256_1_6.txt,barabasi_albert_10ins_m20,42,SpecAnn,0.6520712004019966,1.0,-65857.00000000001,0.012578010559082,0,True,52,33,True,54,32,2025-11-16 05:18:50
ba_256_1_6.txt,barabasi_albert_10ins_m20,42,SpecAnn,0.6580812002646271,1.0,-64689.0,0.0126197338104248,0,True,52,33,True,55,32,2025-11-16 05:18:50
ba_256_1_6.txt,barabasi_albert_10ins_m20,42,SpecAnn,0.6640368076317485,1.0,-65557.0,0.0126488208770751,0,True,52,33,True,56,32,2025-11-16 05:18:50
ba_256_1_6.txt,barabasi_albert_10ins_m20,42,SpecAnn,0.6699394731151429,1.0,-65157.0,0.0126240253448486,0,True,52,33,True,57,32,2025-11-16 05:18:50
ba_256_1_6.txt,barabasi_albert_10ins_m20,42,SpecAnn,0.6757905839724513,1.0,-65157.0,0.012653112411499,0,True,52,33,True,58,32,2025-11-16 05:18:50
ba_256_1_6.txt,barabasi_albert_10ins_m20,42,SpecAnn,0.6815914679145113,1.0,-65157.0,0.0126593112945556,0,True,52,33,True,59,32,2025-11-16 05:18:50
ba_256_1_6.txt,barabasi_albert_10ins_m20,42,SpecAnn,0.6873433966234707,1.0,-65157.0,0.0126173496246337,0,True,52,33,True,60,32,2025-11-16 05:18:50
ba_256_1_6.txt,barabasi_albert_10ins_m20,42,SpecAnn,0.6930475890080863,1.0,-65245.0,0.0126540660858154,0,True,52,33,True,61,32,2025-11-16 05:18:50
ba_256_1_6.txt,barabasi_albert_10ins_m20,42,SpecAnn,0.6987052142198116,1.0,-65245.0,0.0125837326049804,0,True,52,33,True,62,32,2025-11-16 05:18:50
ba_256_1_6.txt,barabasi_albert_10ins_m20,42,SpecAnn,0.7043173944508145,1.0,-65497.00000000002,0.0126409530639648,0,True,52,33,True,63,32,2025-11-16 05:18:50
ba_256_1_6.txt,barabasi_albert_10ins_m20,42,SpecAnn,0.709885207532891,1.0,-65497.00000000002,0.0126693248748779,0,True,52,33,True,64,32,2025-11-16 05:18:50
ba_256_1_6.txt,barabasi_albert_10ins_m20,42,SpecAnn,0.7154096893543218,1.0,-65497.00000000002,0.0126740932464599,0,True,52,33,True,65,32,2025-11-16 05:18:50
ba_256_1_6.txt,barabasi_albert_10ins_m20,42,SpecAnn,0.7208918361100219,1.0,-65163.0,0.0126845836639404,0,True,52,33,True,66,32,2025-11-16 05:18:50
ba_256_1_6.txt,barabasi_albert_10ins_m20,42,SpecAnn,0.7263326063988248,1.0,-65163.0,0.0127742290496826,0,True,52,33,True,67,32,2025-11-16 05:18:50
ba_256_1_6.txt,barabasi_albert_10ins_m20,42,SpecAnn,0.7317329231804058,1.0,-65436.99999999999,0.0127880573272705,0,True,52,33,True,68,32,2025-11-16 05:18:50
ba_256_1_6.txt,barabasi_albert_10ins_m20,42,SpecAnn,0.7370936756031579,1.0,-65436.99999999999,0.0128140449523925,0,True,52,33,True,69,32,2025-11-16 05:18:50
ba_256_1_6.txt,barabasi_albert_10ins_m20,42,SpecAnn,0.7424157207132704,1.0,-65436.99999999999,0.0128095149993896,0,True,52,33,True,70,32,2025-11-16 05:18:50
ba_256_1_6.txt,barabasi_albert_10ins_m20,42,SpecAnn,0.7476998850543153,1.0,-65436.99999999999,0.0127651691436767,0,True,52,33,True,71,32,2025-11-16 05:18:50
ba_256_1_6.txt,barabasi_albert_10ins_m20,42,SpecAnn,0.7529469661657903,1.0,-65436.99999999999,0.0125837326049804,0,True,52,33,True,72,32,2025-11-16 05:18:50
ba_256_1_6.txt,barabasi_albert_10ins_m20,42,SpecAnn,0.7581577339883167,1.0,-65436.99999999999,0.012552261352539,0,True,52,33,True,73,32,2025-11-16 05:18:50
ba_256_1_6.txt,barabasi_albert_10ins_m20,42,SpecAnn,0.7633329321824984,1.0,-65121.00000000001,0.0125577449798583,0,True,52,33,True,74,32,2025-11-16 05:18:50
ba_256_1_6.txt,barabasi_albert_10ins_m20,42,SpecAnn,0.7684732793678399,1.0,-65121.00000000001,0.0127735137939453,0,True,52,33,True,75,32,2025-11-16 05:18:50
ba_256_1_6.txt,barabasi_albert_10ins_m20,42,SpecAnn,0.7735794702875677,1.0,-65121.00000000001,0.0127668380737304,0,True,52,33,True,76,32,2025-11-16 05:18:50
ba_256_1_6.txt,barabasi_albert_10ins_m20,42,SpecAnn,0.7786521769046981,1.0,-65121.00000000001,0.0127871036529541,0,True,52,33,True,77,32,2025-11-16 05:18:50
ba_256_1_6.txt,barabasi_albert_10ins_m20,42,SpecAnn,0.7836920494342511,1.0,-65121.00000000001,0.0127120018005371,0,True,52,33,True,78,32,2025-11-16 05:18:50
ba_256_1_6.txt,barabasi_albert_10ins_m20,42,SpecAnn,0.788699717316095,1.0,-65436.99999999999,0.0125558376312255,0,True,52,33,True,79,32,2025-11-16 05:18:50
ba_256_1_6.txt,barabasi_albert_10ins_m20,42,SpecAnn,0.7936757901325451,1.0,-65497.00000000002,0.0126590728759765,0,True,52,33,True,80,32,2025-11-16 05:18:50
ba_256_1_6.txt,barabasi_albert_10ins_m20,42,SpecAnn,0.7986208584745024,1.0,-65061.0,0.0126218795776367,0,True,52,33,True,81,32,2025-11-16 05:18:50
ba_256_1_6.txt,barabasi_albert_10ins_m20,42,SpecAnn,0.803535494759617,1.0,-65061.0,0.0126066207885742,0,True,52,33,True,82,32,2025-11-16 05:18:50
ba_256_1_6.txt,barabasi_albert_10ins_m20,42,SpecAnn,0.8084202540056837,1.0,-65061.0,0.0127708911895751,0,True,52,33,True,83,32,2025-11-16 05:18:50
ba_256_1_6.txt,barabasi_albert_10ins_m20,42,SpecAnn,0.8132756745622272,1.0,-65061.0,0.0127694606781005,0,True,52,33,True,84,32,2025-11-16 05:18:50
ba_256_1_6.txt,barabasi_albert_10ins_m20,42,SpecAnn,0.8181022788030096,1.0,-64918.99999999999,0.0129170417785644,0,True,52,33,True,85,32,2025-11-16 05:18:50
ba_256_1_6.txt,barabasi_albert_10ins_m20,42,SpecAnn,0.822900573781978,1.0,-64918.99999999999,0.0128421783447265,0,True,52,33,True,86,32,2025-11-16 05:18:50
ba_256_1_6.txt,barabasi_albert_10ins_m20,42,SpecAnn,0.8276710518549868,1.0,-64918.99999999999,0.0126292705535888,0,True,52,33,True,87,32,2025-11-16 05:18:50
ba_256_1_6.txt,barabasi_albert_10ins_m20,42,SpecAnn,0.8324141912694495,1.0,-64918.99999999999,0.0126588344573974,0,True,52,33,True,88,32,2025-11-16 05:18:50
ba_256_1_6.txt,barabasi_albert_10ins_m20,42,SpecAnn,0.8371304567239225,1.0,-64918.99999999999,0.0126059055328369,0,True,52,33,True,89,32,2025-11-16 05:18:50
ba_256_1_6.txt,barabasi_albert_10ins_m20,42,SpecAnn,0.8418202998994706,1.0,-64918.99999999999,0.0126142501831054,0,True,52,33,True,90,32,2025-11-16 05:18:50
ba_256_1_6.txt,barabasi_albert_10ins_m20,42,SpecAnn,0.846484159964536,1.0,-64918.99999999999,0.0128455162048339,0,True,52,33,True,91,32,2025-11-16 05:18:50
ba_256_1_6.txt,barabasi_albert_10ins_m20,42,SpecAnn,0.8511224640549078,1.0,-64918.99999999999,0.0127899646759033,0,True,52,33,True,92,32,2025-11-16 05:18:50
ba_256_1_6.txt,barabasi_albert_10ins_m20,42,SpecAnn,0.8557356277302758,1.0,-64641.0,0.0128712654113769,0,True,52,33,True,93,32,2025-11-16 05:18:50
ba_256_1_6.txt,barabasi_albert_10ins_m20,42,SpecAnn,0.8603240554087516,1.0,-64641.0,0.0128726959228515,0,True,52,33,True,94,32,2025-11-16 05:18:50
ba_256_1_6.txt,barabasi_albert_10ins_m20,42,SpecAnn,0.86488814078064,1.0,-64641.0,0.0127468109130859,0,True,52,33,True,95,32,2025-11-16 05:18:51
ba_256_1_6.txt,barabasi_albert_10ins_m20,42,SpecAnn,0.8694282672026621,1.0,-64641.0,0.0128421783447265,0,True,52,33,True,96,32,2025-11-16 05:18:51
ba_256_1_6.txt,barabasi_albert_10ins_m20,42,SpecAnn,0.8739448080737451,1.0,-64641.0,0.0127322673797607,0,True,52,33,True,97,32,2025-11-16 05:18:51
ba_256_1_6.txt,barabasi_albert_10ins_m20,42,SpecAnn,0.878438127193422,1.0,-64641.0,0.0127112865447998,0,True,52,33,True,98,32,2025-11-16 05:18:51
ba_256_1_6.txt,barabasi_albert_10ins_m20,42,SpecAnn,0.8829085791038153,1.0,-64641.0,0.0125424861907958,0,True,52,33,True,99,32,2025-11-16 05:18:51
ba_256_1_6.txt,barabasi_albert_10ins_m20,42,SpecAnn,0.8873565094161138,1.0,-64641.0,0.0125675201416015,0,True,52,33,True,100,32,2025-11-16 05:18:51
ba_256_1_6.txt,barabasi_albert_10ins_m20,42,SpecAnn,0.8917822551223932,1.0,-64641.0,0.0125176906585693,0,True,52,33,True,101,32,2025-11-16 05:18:51
ba_256_1_6.txt,barabasi_albert_10ins_m20,42,SpecAnn,0.8961861448935777,1.0,-64641.0,0.0125401020050048,0,True,52,33,True,102,32,2025-11-16 05:18:51
ba_256_1_6.txt,barabasi_albert_10ins_m20,42,SpecAnn,0.9005684993642872,1.0,-65052.99999999999,0.012709617614746,0,True,52,33,True,103,32,2025-11-16 05:18:51
ba_256_1_6.txt,barabasi_albert_10ins_m20,42,SpecAnn,0.9049296314052688,1.0,-65052.99999999999,0.012794017791748,0,True,52,33,True,104,32,2025-11-16 05:18:51
ba_256_1_6.txt,barabasi_albert_10ins_m20,42,SpecAnn,0.9092698463840684,1.0,-65052.99999999999,0.0128171443939208,0,True,52,33,True,105,32,2025-11-16 05:18:51
ba_256_1_6.txt,barabasi_albert_10ins_m20,42,SpecAnn,0.9135894424145556,1.0,-65052.99999999999,0.0127346515655517,0,True,52,33,True,106,32,2025-11-16 05:18:51
ba_256_1_6.txt,barabasi_albert_10ins_m20,42,SpecAnn,0.9178887105958816,1.0,-65052.99999999999,0.0125579833984375,0,True,52,33,True,107,32,2025-11-16 05:18:51
ba_256_1_6.txt,barabasi_albert_10ins_m20,42,SpecAnn,0.922167935241408,1.0,-65052.99999999999,0.0126881599426269,0,True,52,33,True,108,32,2025-11-16 05:18:51
ba_256_1_6.txt,barabasi_albert_10ins_m20,42,SpecAnn,0.92642739409812,1.0,-65052.99999999999,0.0126087665557861,0,True,52,33,True,109,32,2025-11-16 05:18:51
ba_256_1_6.txt,barabasi_albert_10ins_m20,42,SpecAnn,0.9306673585570006,1.0,-65052.99999999999,0.0125496387481689,0,True,52,33,True,110,32,2025-11-16 05:18:51
ba_256_1_6.txt,barabasi_albert_10ins_m20,42,SpecAnn,0.9348880938548184,1.0,-65052.99999999999,0.0126333236694335,0,True,52,33,True,111,32,2025-11-16 05:18:51
ba_256_1_6.txt,barabasi_albert_10ins_m20,42,SpecAnn,0.9390898592677528,1.0,-65052.99999999999,0.0125536918640136,0,True,52,33,True,112,32,2025-11-16 05:18:51
ba_256_1_6.txt,barabasi_albert_10ins_m20,42,SpecAnn,0.9432729082972536,1.0,-65073.0,0.0125751495361328,0,True,52,33,True,113,32,2025-11-16 05:18:51
ba_256_1_6.txt,barabasi_albert_10ins_m20,42,SpecAnn,0.9474374888485204,1.0,-65073.0,0.012592077255249,0,True,52,33,True,114,32,2025-11-16 05:18:51
ba_256_1_6.txt,barabasi_albert_10ins_m20,42,SpecAnn,0.9515838434019476,1.0,-64809.00000000001,0.0125682353973388,0,True,52,33,True,115,32,2025-11-16 05:18:51
ba_256_1_6.txt,barabasi_albert_10ins_m20,42,SpecAnn,0.9557122091778746,1.0,-65193.0,0.012718915939331,0,True,52,33,True,116,32,2025-11-16 05:18:51
ba_256_1_6.txt,barabasi_albert_10ins_m20,42,SpecAnn,0.9598228182949629,1.0,-65193.0,0.0125401020050048,0,True,52,33,True,117,32,2025-11-16 05:18:51
ba_256_1_6.txt,barabasi_albert_10ins_m20,42,SpecAnn,0.963915897922488,1.0,-65193.0,0.0129048824310302,0,True,52,33,True,118,32,2025-11-16 05:18:51
ba_256_1_6.txt,barabasi_albert_10ins_m20,42,SpecAnn,0.967991670426842,1.0,-65193.0,0.0130069255828857,0,True,52,33,True,119,32,2025-11-16 05:18:51
ba_256_1_6.txt,barabasi_albert_10ins_m20,42,SpecAnn,0.9720503535125016,1.0,-65193.0,0.012977123260498,0,True,52,33,True,120,32,2025-11-16 05:18:51
ba_256_1_6.txt,barabasi_albert_10ins_m20,42,SpecAnn,0.9760921603577252,1.0,-65193.0,0.0128848552703857,0,True,52,33,True,121,32,2025-11-16 05:18:51
ba_256_1_6.txt,barabasi_albert_10ins_m20,42,SpecAnn,0.9801172997452104,1.0,-65193.0,0.0127515792846679,0,True,52,33,True,122,32,2025-11-16 05:18:51
ba_256_1_6.txt,barabasi_albert_10ins_m20,42,SpecAnn,0.9841259761879442,1.0,-65193.0,0.0128962993621826,0,True,52,33,True,123,32,2025-11-16 05:18:51
ba_256_1_6.txt,barabasi_albert_10ins_m20,42,SpecAnn,0.9881183900504562,1.0,-65801.0,0.0128538608551025,0,True,52,33,True,124,32,2025-11-16 05:18:51
ba_256_1_6.txt,barabasi_albert_10ins_m20,42,SpecAnn,0.9920947376656812,1.0,-65801.0,0.0127680301666259,0,True,52,33,True,125,32,2025-11-16 05:18:51
ba_256_1_6.txt,barabasi_albert_10ins_m20,42,SpecAnn,0.9960552114476228,1.0,-65801.0,0.0127737522125244,0,True,52,33,True,126,32,2025-11-16 05:18:51
ba_256_1_6.txt,barabasi_albert_10ins_m20,42,SpecAnn,1.0,1.0,-65801.0,0.0126128196716308,0,True,52,33,True,127,32,2025-11-16 05:18:51
ba_256_1_6.txt,barabasi_albert_10ins_m20,43,SpecAnn,0.0,1.0,-60481.0,0.0131053924560546,0,True,37,33,True,0,32,2025-11-16 05:18:51
ba_256_1_6.txt,barabasi_albert_10ins_m20,43,SpecAnn,0.0887356509416113,1.0,-63058.99999999999,0.012620210647583,0,True,37,33,True,1,32,2025-11-16 05:18:51
ba_256_1_6.txt,barabasi_albert_10ins_m20,43,SpecAnn,0.1254911610276317,1.0,-63432.99999999999,0.0126287937164306,0,True,37,33,True,2,32,2025-11-16 05:18:51
ba_256_1_6.txt,barabasi_albert_10ins_m20,43,SpecAnn,0.1536946558735679,1.0,-62657.0,0.0126729011535644,0,True,37,33,True,3,32,2025-11-16 05:18:51
ba_256_1_6.txt,barabasi_albert_10ins_m20,43,SpecAnn,0.1774713018832227,1.0,-62281.0,0.012671947479248,0,True,37,33,True,4,32,2025-11-16 05:18:51
ba_256_1_6.txt,barabasi_albert_10ins_m20,43,SpecAnn,0.1984189475331362,1.0,-62281.0,0.0125391483306884,0,True,37,33,True,5,32,2025-11-16 05:18:51
ba_256_1_6.txt,barabasi_albert_10ins_m20,43,SpecAnn,0.2173570668006655,1.0,-63523.0,0.0126652717590332,0,True,37,33,True,6,32,2025-11-16 05:18:51
ba_256_1_6.txt,barabasi_albert_10ins_m20,43,SpecAnn,0.2347724648169381,1.0,-62855.0,0.0125989913940429,0,True,37,33,True,7,32,2025-11-16 05:18:51
ba_256_1_6.txt,barabasi_albert_10ins_m20,43,SpecAnn,0.2509823220552634,1.0,-62249.0,0.0126187801361083,0,True,37,33,True,8,32,2025-11-16 05:18:51
ba_256_1_6.txt,barabasi_albert_10ins_m20,43,SpecAnn,0.2662069528248341,1.0,-62249.0,0.0126261711120605,0,True,37,33,True,9,32,2025-11-16 05:18:51
ba_256_1_6.txt,barabasi_albert_10ins_m20,43,SpecAnn,0.2806067666331568,1.0,-61526.99999999999,0.0127623081207275,0,True,37,33,True,10,32,2025-11-16 05:18:51
ba_256_1_6.txt,barabasi_albert_10ins_m20,43,SpecAnn,0.2943028597012718,1.0,-61526.99999999999,0.0124826431274414,0,True,37,33,True,11,32,2025-11-16 05:18:51
ba_256_1_6.txt,barabasi_albert_10ins_m20,43,SpecAnn,0.3073893117471359,1.0,-61526.99999999999,0.0126223564147949,0,True,37,33,True,12,32,2025-11-16 05:18:51
ba_256_1_6.txt,barabasi_albert_10ins_m20,43,SpecAnn,0.3199409394316542,1.0,-61526.99999999999,0.0125629901885986,0,True,37,33,True,13,32,2025-11-16 05:18:51
ba_256_1_6.txt,barabasi_albert_10ins_m20,43,SpecAnn,0.3320184038158743,1.0,-61526.99999999999,0.0125110149383544,0,True,37,33,True,14,32,2025-11-16 05:18:51
ba_256_1_6.txt,barabasi_albert_10ins_m20,43,SpecAnn,0.3436716983117353,1.0,-60610.99999999999,0.0126214027404785,0,True,37,33,True,15,32,2025-11-16 05:18:51
ba_256_1_6.txt,barabasi_albert_10ins_m20,43,SpecAnn,0.3549426037664455,1.0,-60610.99999999999,0.0125501155853271,0,True,37,33,True,16,32,2025-11-16 05:18:51
ba_256_1_6.txt,barabasi_albert_10ins_m20,43,SpecAnn,0.3658664615902029,1.0,-60610.99999999999,0.0126266479492187,0,True,37,33,True,17,32,2025-11-16 05:18:51
ba_256_1_6.txt,barabasi_albert_10ins_m20,43,SpecAnn,0.3764734830828951,1.0,-61885.0,0.0127675533294677,0,True,37,33,True,18,32,2025-11-16 05:18:51
ba_256_1_6.txt,barabasi_albert_10ins_m20,43,SpecAnn,0.3867897351437838,1.0,-60443.00000000001,0.01277756690979,0,True,37,33,True,19,32,2025-11-16 05:18:51
ba_256_1_6.txt,barabasi_albert_10ins_m20,43,SpecAnn,0.3968378950662725,1.0,-61989.0,0.0127298831939697,0,True,37,33,True,20,32,2025-11-16 05:18:51
ba_256_1_6.txt,barabasi_albert_10ins_m20,43,SpecAnn,0.4066378372811136,1.0,-61885.0,0.0126731395721435,0,True,37,33,True,21,32,2025-11-16 05:18:51
ba_256_1_6.txt,barabasi_albert_10ins_m20,43,SpecAnn,0.4162070956347247,1.0,-61885.0,0.0127930641174316,0,True,37,33,True,22,32,2025-11-16 05:18:51
ba_256_1_6.txt,barabasi_albert_10ins_m20,43,SpecAnn,0.4255612320274539,1.0,-61885.0,0.0127308368682861,0,True,37,33,True,23,32,2025-11-16 05:18:51
ba_256_1_6.txt,barabasi_albert_10ins_m20,43,SpecAnn,0.434714133601331,1.0,-61885.0,0.0128114223480224,0,True,37,33,True,24,32,2025-11-16 05:18:51
ba_256_1_6.txt,barabasi_albert_10ins_m20,43,SpecAnn,0.4436782547080569,1.0,-61928.99999999999,0.0127341747283935,0,True,37,33,True,25,32,2025-11-16 05:18:51
ba_256_1_6.txt,barabasi_albert_10ins_m20,43,SpecAnn,0.4524648157026343,1.0,-63873.0,0.0126357078552246,0,True,37,33,True,26,32,2025-11-16 05:18:51
ba_256_1_6.txt,barabasi_albert_10ins_m20,43,SpecAnn,0.4610839676207039,1.0,-61983.0,0.0125412940979003,0,True,37,33,True,27,32,2025-11-16 05:18:51
ba_256_1_6.txt,barabasi_albert_10ins_m20,43,SpecAnn,0.4695449296338763,1.0,-61983.0,0.0126352310180664,0,True,37,33,True,28,32,2025-11-16 05:18:51
ba_256_1_6.txt,barabasi_albert_10ins_m20,43,SpecAnn,0.4778561045889373,1.0,-63201.0,0.0125396251678466,0,True,37,33,True,29,32,2025-11-16 05:18:51
ba_256_1_6.txt,barabasi_albert_10ins_m20,43,SpecAnn,0.4860251767562508,1.0,-62433.0,0.0126163959503173,0,True,37,33,True,30,32,2025-11-16 05:18:51
ba_256_1_6.txt,barabasi_albert_10ins_m20,43,SpecAnn,0.4940591950252281,1.0,-62433.0,0.0125288963317871,0,True,37,33,True,31,32,2025-11-16 05:18:51
ba_256_1_6.txt,barabasi_albert_10ins_m20,43,SpecAnn,0.5019646441105269,1.0,-62433.0,0.0126063823699951,0,True,37,33,True,32,32,2025-11-16 05:18:51
ba_256_1_6.txt,barabasi_albert_10ins_m20,43,SpecAnn,0.5097475058154177,1.0,-62433.0,0.0126650333404541,0,True,37,33,True,33,32,2025-11-16 05:18:51
ba_256_1_6.txt,barabasi_albert_10ins_m20,43,SpecAnn,0.51741331199832,1.0,-62433.0,0.01255464553833,0,True,37,33,True,34,32,2025-11-16 05:18:51
ba_256_1_6.txt,barabasi_albert_10ins_m20,43,SpecAnn,0.5249671905758515,1.0,-62433.0,0.0124955177307128,0,True,37,33,True,35,32,2025-11-16 05:18:51
ba_256_1_6.txt,barabasi_albert_10ins_m20,43,SpecAnn,0.5324139056496683,1.0,-62433.0,0.0127208232879638,0,True,37,33,True,36,32,2025-11-16 05:18:51
ba_256_1_6.txt,barabasi_albert_10ins_m20,43,SpecAnn,0.5397578926492556,1.0,-63827.0,0.0127744674682617,0,True,37,33,True,37,32,2025-11-16 05:18:51
ba_256_1_6.txt,barabasi_albert_10ins_m20,43,SpecAnn,0.5470032892270364,1.0,-64007.00000000001,0.0127785205841064,0,True,37,33,True,38,32,2025-11-16 05:18:51
ba_256_1_6.txt,barabasi_albert_10ins_m20,43,SpecAnn,0.554153962516942,1.0,-64551.00000000001,0.01259446144104,0,True,37,33,True,39,32,2025-11-16 05:18:51
ba_256_1_6.txt,barabasi_albert_10ins_m20,43,SpecAnn,0.5612135332663137,1.0,-64198.99999999999,0.0125319957733154,0,True,37,33,True,40,32,2025-11-16 05:18:52
ba_256_1_6.txt,barabasi_albert_10ins_m20,43,SpecAnn,0.5681853972686127,1.0,-64475.0,0.0125658512115478,0,True,37,33,True,41,32,2025-11-16 05:18:52
ba_256_1_6.txt,barabasi_albert_10ins_m20,43,SpecAnn,0.5750727444570146,1.0,-64513.00000000001,0.0124890804290771,0,True,37,33,True,42,32,2025-11-16 05:18:52
ba_256_1_6.txt,barabasi_albert_10ins_m20,43,SpecAnn,0.5818785759635375,1.0,-63736.99999999999,0.0125126838684082,0,True,37,33,True,43,32,2025-11-16 05:18:52
ba_256_1_6.txt,barabasi_albert_10ins_m20,43,SpecAnn,0.5886057194025436,1.0,-64475.0,0.0126221179962158,0,True,37,33,True,44,32,2025-11-16 05:18:52
ba_256_1_6.txt,barabasi_albert_10ins_m20,43,SpecAnn,0.5952568425994088,1.0,-63839.0,0.0125327110290527,0,True,37,33,True,45,32,2025-11-16 05:18:52
ba_256_1_6.txt,barabasi_albert_10ins_m20,43,SpecAnn,0.6018344659534288,1.0,-65108.99999999999,0.0125935077667236,0,True,37,33,True,46,32,2025-11-16 05:18:52
ba_256_1_6.txt,barabasi_albert_10ins_m20,43,SpecAnn,0.6083409735974393,1.0,-65207.00000000001,0.012552261352539,0,True,37,33,True,47,32,2025-11-16 05:18:52
ba_256_1_6.txt,barabasi_albert_10ins_m20,43,SpecAnn,0.6147786234942719,1.0,-64497.0,0.0125608444213867,0,True,37,33,True,48,32,2025-11-16 05:18:52
ba_256_1_6.txt,barabasi_albert_10ins_m20,43,SpecAnn,0.6211495565912796,1.0,-65515.0,0.0126690864562988,0,True,37,33,True,49,32,2025-11-16 05:18:52
ba_256_1_6.txt,barabasi_albert_10ins_m20,43,SpecAnn,0.6274558051381586,1.0,-65149.00000000001,0.012510061264038,0,True,37,33,True,50,32,2025-11-16 05:18:52
ba_256_1_6.txt,barabasi_albert_10ins_m20,43,SpecAnn,0.6336993002596786,1.0,-64945.0,0.012627363204956,0,True,37,33,True,51,32,2025-11-16 05:18:52
ba_256_1_6.txt,barabasi_albert_10ins_m20,43,SpecAnn,0.6398818788633085,1.0,-65371.0,0.0126097202301025,0,True,37,33,True,52,32,2025-11-16 05:18:52
ba_256_1_6.txt,barabasi_albert_10ins_m20,43,SpecAnn,0.6460052899517691,1.0,-64473.00000000001,0.0125801563262939,0,True,37,33,True,53,32,2025-11-16 05:18:52
ba_256_1_6.txt,barabasi_albert_10ins_m20,43,SpecAnn,0.6520712004019966,1.0,-64846.99999999999,0.0125837326049804,0,True,37,33,True,54,32,2025-11-16 05:18:52
ba_256_1_6.txt,barabasi_albert_10ins_m20,43,SpecAnn,0.6580812002646271,1.0,-64683.0,0.0125694274902343,0,True,37,33,True,55,32,2025-11-16 05:18:52
ba_256_1_6.txt,barabasi_albert_10ins_m20,43,SpecAnn,0.6640368076317485,1.0,-64853.000000000015,0.0126419067382812,0,True,37,33,True,56,32,2025-11-16 05:18:52
ba_256_1_6.txt,barabasi_albert_10ins_m20,43,SpecAnn,0.6699394731151429,1.0,-64696.99999999999,0.0125792026519775,0,True,37,33,True,57,32,2025-11-16 05:18:52
ba_256_1_6.txt,barabasi_albert_10ins_m20,43,SpecAnn,0.6757905839724513,1.0,-64461.00000000001,0.0125377178192138,0,True,37,33,True,58,32,2025-11-16 05:18:52
ba_256_1_6.txt,barabasi_albert_10ins_m20,43,SpecAnn,0.6815914679145113,1.0,-64461.00000000001,0.0125412940979003,0,True,37,33,True,59,32,2025-11-16 05:18:52
ba_256_1_6.txt,barabasi_albert_10ins_m20,43,SpecAnn,0.6873433966234707,1.0,-64936.99999999999,0.0125987529754638,0,True,37,33,True,60,32,2025-11-16 05:18:52
ba_256_1_6.txt,barabasi_albert_10ins_m20,43,SpecAnn,0.6930475890080863,1.0,-64476.99999999999,0.0125768184661865,0,True,37,33,True,61,32,2025-11-16 05:18:52
ba_256_1_6.txt,barabasi_albert_10ins_m20,43,SpecAnn,0.6987052142198116,1.0,-64476.99999999999,0.0125215053558349,0,True,37,33,True,62,32,2025-11-16 05:18:52
ba_256_1_6.txt,barabasi_albert_10ins_m20,43,SpecAnn,0.7043173944508145,1.0,-64641.0,0.0125601291656494,0,True,37,33,True,63,32,2025-11-16 05:18:52
ba_256_1_6.txt,barabasi_albert_10ins_m20,43,SpecAnn,0.709885207532891,1.0,-64641.0,0.0127675533294677,0,True,37,33,True,64,32,2025-11-16 05:18:52
ba_256_1_6.txt,barabasi_albert_10ins_m20,43,SpecAnn,0.7154096893543218,1.0,-64641.0,0.0129268169403076,0,True,37,33,True,65,32,2025-11-16 05:18:52
ba_256_1_6.txt,barabasi_albert_10ins_m20,43,SpecAnn,0.7208918361100219,1.0,-64896.99999999999,0.0128238201141357,0,True,37,33,True,66,32,2025-11-16 05:18:52
ba_256_1_6.txt,barabasi_albert_10ins_m20,43,SpecAnn,0.7263326063988248,1.0,-64896.99999999999,0.012639045715332,0,True,37,33,True,67,32,2025-11-16 05:18:52
ba_256_1_6.txt,barabasi_albert_10ins_m20,43,SpecAnn,0.7317329231804058,1.0,-65436.99999999999,0.0126583576202392,0,True,37,33,True,68,32,2025-11-16 05:18:52
ba_256_1_6.txt,barabasi_albert_10ins_m20,43,SpecAnn,0.7370936756031579,1.0,-65436.99999999999,0.0127296447753906,0,True,37,33,True,69,32,2025-11-16 05:18:52
ba_256_1_6.txt,barabasi_albert_10ins_m20,43,SpecAnn,0.7424157207132704,1.0,-65436.99999999999,0.0127933025360107,0,True,37,33,True,70,32,2025-11-16 05:18:52
ba_256_1_6.txt,barabasi_albert_10ins_m20,43,SpecAnn,0.7476998850543153,1.0,-65543.0,0.0127639770507812,0,True,37,33,True,71,32,2025-11-16 05:18:52
ba_256_1_6.txt,barabasi_albert_10ins_m20,43,SpecAnn,0.7529469661657903,1.0,-65543.0,0.0125758647918701,0,True,37,33,True,72,32,2025-11-16 05:18:52
ba_256_1_6.txt,barabasi_albert_10ins_m20,43,SpecAnn,0.7581577339883167,1.0,-65543.0,0.0125770568847656,0,True,37,33,True,73,32,2025-11-16 05:18:52
ba_256_1_6.txt,barabasi_albert_10ins_m20,43,SpecAnn,0.7633329321824984,1.0,-65436.99999999999,0.0126402378082275,0,True,37,33,True,74,32,2025-11-16 05:18:52
ba_256_1_6.txt,barabasi_albert_10ins_m20,43,SpecAnn,0.7684732793678399,1.0,-65436.99999999999,0.0125856399536132,0,True,37,33,True,75,32,2025-11-16 05:18:52
ba_256_1_6.txt,barabasi_albert_10ins_m20,43,SpecAnn,0.7735794702875677,1.0,-65065.000000000015,0.0126070976257324,0,True,37,33,True,76,32,2025-11-16 05:18:52
ba_256_1_6.txt,barabasi_albert_10ins_m20,43,SpecAnn,0.7786521769046981,1.0,-65065.000000000015,0.0125091075897216,0,True,37,33,True,77,32,2025-11-16 05:18:52
ba_256_1_6.txt,barabasi_albert_10ins_m20,43,SpecAnn,0.7836920494342511,1.0,-65065.000000000015,0.012516975402832,0,True,37,33,True,78,32,2025-11-16 05:18:52
ba_256_1_6.txt,barabasi_albert_10ins_m20,43,SpecAnn,0.788699717316095,1.0,-65065.000000000015,0.0125367641448974,0,True,37,33,True,79,32,2025-11-16 05:18:52
ba_256_1_6.txt,barabasi_albert_10ins_m20,43,SpecAnn,0.7936757901325451,1.0,-65065.000000000015,0.0125820636749267,0,True,37,33,True,80,32,2025-11-16 05:18:52
ba_256_1_6.txt,barabasi_albert_10ins_m20,43,SpecAnn,0.7986208584745024,1.0,-65065.000000000015,0.0125389099121093,0,True,37,33,True,81,32,2025-11-16 05:18:52
ba_256_1_6.txt,barabasi_albert_10ins_m20,43,SpecAnn,0.803535494759617,1.0,-65065.000000000015,0.0126166343688964,0,True,37,33,True,82,32,2025-11-16 05:18:52
ba_256_1_6.txt,barabasi_albert_10ins_m20,43,SpecAnn,0.8084202540056837,1.0,-65065.000000000015,0.0125496387481689,0,True,37,33,True,83,32,2025-11-16 05:18:52
ba_256_1_6.txt,barabasi_albert_10ins_m20,43,SpecAnn,0.8132756745622272,1.0,-65065.000000000015,0.0126094818115234,0,True,37,33,True,84,32,2025-11-16 05:18:52
ba_256_1_6.txt,barabasi_albert_10ins_m20,43,SpecAnn,0.8181022788030096,1.0,-65065.000000000015,0.0126340389251708,0,True,37,33,True,85,32,2025-11-16 05:18:52
ba_256_1_6.txt,barabasi_albert_10ins_m20,43,SpecAnn,0.822900573781978,1.0,-65065.000000000015,0.0125160217285156,0,True,37,33,True,86,32,2025-11-16 05:18:52
ba_256_1_6.txt,barabasi_albert_10ins_m20,43,SpecAnn,0.8276710518549868,1.0,-65065.000000000015,0.012521743774414,0,True,37,33,True,87,32,2025-11-16 05:18:52
ba_256_1_6.txt,barabasi_albert_10ins_m20,43,SpecAnn,0.8324141912694495,1.0,-65065.000000000015,0.0126116275787353,0,True,37,33,True,88,32,2025-11-16 05:18:52
ba_256_1_6.txt,barabasi_albert_10ins_m20,43,SpecAnn,0.8371304567239225,1.0,-65065.000000000015,0.0126659870147705,0,True,37,33,True,89,32,2025-11-16 05:18:52
ba_256_1_6.txt,barabasi_albert_10ins_m20,43,SpecAnn,0.8418202998994706,1.0,-65065.000000000015,0.0125994682312011,0,True,37,33,True,90,32,2025-11-16 05:18:52
ba_256_1_6.txt,barabasi_albert_10ins_m20,43,SpecAnn,0.846484159964536,1.0,-65065.000000000015,0.0126886367797851,0,True,37,33,True,91,32,2025-11-16 05:18:52
ba_256_1_6.txt,barabasi_albert_10ins_m20,43,SpecAnn,0.8511224640549078,1.0,-65065.000000000015,0.0127205848693847,0,True,37,33,True,92,32,2025-11-16 05:18:52
ba_256_1_6.txt,barabasi_albert_10ins_m20,43,SpecAnn,0.8557356277302758,1.0,-65065.000000000015,0.0126171112060546,0,True,37,33,True,93,32,2025-11-16 05:18:52
ba_256_1_6.txt,barabasi_albert_10ins_m20,43,SpecAnn,0.8603240554087516,1.0,-65065.000000000015,0.0125899314880371,0,True,37,33,True,94,32,2025-11-16 05:18:52
ba_256_1_6.txt,barabasi_albert_10ins_m20,43,SpecAnn,0.86488814078064,1.0,-65065.000000000015,0.0125634670257568,0,True,37,33,True,95,32,2025-11-16 05:18:52
ba_256_1_6.txt,barabasi_albert_10ins_m20,43,SpecAnn,0.8694282672026621,1.0,-65065.000000000015,0.0126538276672363,0,True,37,33,True,96,32,2025-11-16 05:18:52
ba_256_1_6.txt,barabasi_albert_10ins_m20,43,SpecAnn,0.8739448080737451,1.0,-65065.000000000015,0.0126047134399414,0,True,37,33,True,97,32,2025-11-16 05:18:52
ba_256_1_6.txt,barabasi_albert_10ins_m20,43,SpecAnn,0.878438127193422,1.0,-65065.000000000015,0.0125622749328613,0,True,37,33,True,98,32,2025-11-16 05:18:52
ba_256_1_6.txt,barabasi_albert_10ins_m20,43,SpecAnn,0.8829085791038153,1.0,-65065.000000000015,0.0125386714935302,0,True,37,33,True,99,32,2025-11-16 05:18:52
ba_256_1_6.txt,barabasi_albert_10ins_m20,43,SpecAnn,0.8873565094161138,1.0,-65065.000000000015,0.0125048160552978,0,True,37,33,True,100,32,2025-11-16 05:18:52
ba_256_1_6.txt,barabasi_albert_10ins_m20,43,SpecAnn,0.8917822551223932,1.0,-65065.000000000015,0.0126876831054687,0,True,37,33,True,101,32,2025-11-16 05:18:52
ba_256_1_6.txt,barabasi_albert_10ins_m20,43,SpecAnn,0.8961861448935777,1.0,-65065.000000000015,0.0127632617950439,0,True,37,33,True,102,32,2025-11-16 05:18:52
ba_256_1_6.txt,barabasi_albert_10ins_m20,43,SpecAnn,0.9005684993642872,1.0,-65101.00000000001,0.0127577781677246,0,True,37,33,True,103,32,2025-11-16 05:18:52
ba_256_1_6.txt,barabasi_albert_10ins_m20,43,SpecAnn,0.9049296314052688,1.0,-65101.00000000001,0.0127098560333251,0,True,37,33,True,104,32,2025-11-16 05:18:52
ba_256_1_6.txt,barabasi_albert_10ins_m20,43,SpecAnn,0.9092698463840684,1.0,-65101.00000000001,0.0125854015350341,0,True,37,33,True,105,32,2025-11-16 05:18:52
ba_256_1_6.txt,barabasi_albert_10ins_m20,43,SpecAnn,0.9135894424145556,1.0,-65101.00000000001,0.0125060081481933,0,True,37,33,True,106,32,2025-11-16 05:18:52
ba_256_1_6.txt,barabasi_albert_10ins_m20,43,SpecAnn,0.9178887105958816,1.0,-65101.00000000001,0.0126113891601562,0,True,37,33,True,107,32,2025-11-16 05:18:52
ba_256_1_6.txt,barabasi_albert_10ins_m20,43,SpecAnn,0.922167935241408,1.0,-65101.00000000001,0.0125558376312255,0,True,37,33,True,108,32,2025-11-16 05:18:52
ba_256_1_6.txt,barabasi_albert_10ins_m20,43,SpecAnn,0.92642739409812,1.0,-65101.00000000001,0.012524127960205,0,True,37,33,True,109,32,2025-11-16 05:18:52
ba_256_1_6.txt,barabasi_albert_10ins_m20,43,SpecAnn,0.9306673585570006,1.0,-65101.00000000001,0.0125164985656738,0,True,37,33,True,110,32,2025-11-16 05:18:52
ba_256_1_6.txt,barabasi_albert_10ins_m20,43,SpecAnn,0.9348880938548184,1.0,-65101.00000000001,0.0124907493591308,0,True,37,33,True,111,32,2025-11-16 05:18:52
ba_256_1_6.txt,barabasi_albert_10ins_m20,43,SpecAnn,0.9390898592677528,1.0,-65101.00000000001,0.0126006603240966,0,True,37,33,True,112,32,2025-11-16 05:18:52
ba_256_1_6.txt,barabasi_albert_10ins_m20,43,SpecAnn,0.9432729082972536,1.0,-65101.00000000001,0.0125491619110107,0,True,37,33,True,113,32,2025-11-16 05:18:52
ba_256_1_6.txt,barabasi_albert_10ins_m20,43,SpecAnn,0.9474374888485204,1.0,-65101.00000000001,0.0125322341918945,0,True,37,33,True,114,32,2025-11-16 05:18:52
ba_256_1_6.txt,barabasi_albert_10ins_m20,43,SpecAnn,0.9515838434019476,1.0,-65208.99999999999,0.0125715732574462,0,True,37,33,True,115,32,2025-11-16 05:18:52
ba_256_1_6.txt,barabasi_albert_10ins_m20,43,SpecAnn,0.9557122091778746,1.0,-64923.0,0.0126206874847412,0,True,37,33,True,116,32,2025-11-16 05:18:52
ba_256_1_6.txt,barabasi_albert_10ins_m20,43,SpecAnn,0.9598228182949629,1.0,-64923.0,0.0127675533294677,0,True,37,33,True,117,32,2025-11-16 05:18:52
ba_256_1_6.txt,barabasi_albert_10ins_m20,43,SpecAnn,0.963915897922488,1.0,-64923.0,0.0127472877502441,0,True,37,33,True,118,32,2025-11-16 05:18:52
ba_256_1_6.txt,barabasi_albert_10ins_m20,43,SpecAnn,0.967991670426842,1.0,-64923.0,0.0127680301666259,0,True,37,33,True,119,32,2025-11-16 05:18:53
ba_256_1_6.txt,barabasi_albert_10ins_m20,43,SpecAnn,0.9720503535125016,1.0,-64923.0,0.0126478672027587,0,True,37,33,True,120,32,2025-11-16 05:18:53
ba_256_1_6.txt,barabasi_albert_10ins_m20,43,SpecAnn,0.9760921603577252,1.0,-64923.0,0.0124993324279785,0,True,37,33,True,121,32,2025-11-16 05:18:53
ba_256_1_6.txt,barabasi_albert_10ins_m20,43,SpecAnn,0.9801172997452104,1.0,-64923.0,0.0125436782836914,0,True,37,33,True,122,32,2025-11-16 05:18:53
ba_256_1_6.txt,barabasi_albert_10ins_m20,43,SpecAnn,0.9841259761879442,1.0,-64923.0,0.0125496387481689,0,True,37,33,True,123,32,2025-11-16 05:18:53
ba_256_1_6.txt,barabasi_albert_10ins_m20,43,SpecAnn,0.9881183900504562,1.0,-64923.0,0.0125412940979003,0,True,37,33,True,124,32,2025-11-16 05:18:53
ba_256_1_6.txt,barabasi_albert_10ins_m20,43,SpecAnn,0.9920947376656812,1.0,-64923.0,0.012561559677124,0,True,37,33,True,125,32,2025-11-16 05:18:53
ba_256_1_6.txt,barabasi_albert_10ins_m20,43,SpecAnn,0.9960552114476228,1.0,-64923.0,0.0125877857208251,0,True,37,33,True,126,32,2025-11-16 05:18:53
ba_256_1_6.txt,barabasi_albert_10ins_m20,43,SpecAnn,1.0,1.0,-64923.0,0.0126378536224365,0,True,37,33,True,127,32,2025-11-16 05:18:53
ba_256_1_6.txt,barabasi_albert_10ins_m20,44,SpecAnn,0.0,1.0,-62153.00000000001,0.0132560729980468,0,True,36,33,True,0,32,2025-11-16 05:18:53
ba_256_1_6.txt,barabasi_albert_10ins_m20,44,SpecAnn,0.0887356509416113,1.0,-61842.99999999999,0.0125665664672851,0,True,36,33,True,1,32,2025-11-16 05:18:53
ba_256_1_6.txt,barabasi_albert_10ins_m20,44,SpecAnn,0.1254911610276317,1.0,-62616.99999999999,0.0125458240509033,0,True,36,33,True,2,32,2025-11-16 05:18:53
ba_256_1_6.txt,barabasi_albert_10ins_m20,44,SpecAnn,0.1536946558735679,1.0,-61955.0,0.0125331878662109,0,True,36,33,True,3,32,2025-11-16 05:18:53
ba_256_1_6.txt,barabasi_albert_10ins_m20,44,SpecAnn,0.1774713018832227,1.0,-61285.0,0.0125243663787841,0,True,36,33,True,4,32,2025-11-16 05:18:53
ba_256_1_6.txt,barabasi_albert_10ins_m20,44,SpecAnn,0.1984189475331362,1.0,-61285.0,0.0125555992126464,0,True,36,33,True,5,32,2025-11-16 05:18:53
ba_256_1_6.txt,barabasi_albert_10ins_m20,44,SpecAnn,0.2173570668006655,1.0,-63729.0,0.0127613544464111,0,True,36,33,True,6,32,2025-11-16 05:18:53
ba_256_1_6.txt,barabasi_albert_10ins_m20,44,SpecAnn,0.2347724648169381,1.0,-62705.0,0.0129597187042236,0,True,36,33,True,7,32,2025-11-16 05:18:53
ba_256_1_6.txt,barabasi_albert_10ins_m20,44,SpecAnn,0.2509823220552634,1.0,-62769.0,0.0128018856048583,0,True,36,33,True,8,32,2025-11-16 05:18:53
ba_256_1_6.txt,barabasi_albert_10ins_m20,44,SpecAnn,0.2662069528248341,1.0,-62769.0,0.0127410888671875,0,True,36,33,True,9,32,2025-11-16 05:18:53
ba_256_1_6.txt,barabasi_albert_10ins_m20,44,SpecAnn,0.2806067666331568,1.0,-61768.99999999999,0.0127379894256591,0,True,36,33,True,10,32,2025-11-16 05:18:53
ba_256_1_6.txt,barabasi_albert_10ins_m20,44,SpecAnn,0.2943028597012718,1.0,-61768.99999999999,0.01253342628479,0,True,36,33,True,11,32,2025-11-16 05:18:53
ba_256_1_6.txt,barabasi_albert_10ins_m20,44,SpecAnn,0.3073893117471359,1.0,-61768.99999999999,0.0127317905426025,0,True,36,33,True,12,32,2025-11-16 05:18:53
ba_256_1_6.txt,barabasi_albert_10ins_m20,44,SpecAnn,0.3199409394316542,1.0,-61768.99999999999,0.0126774311065673,0,True,36,33,True,13,32,2025-11-16 05:18:53
ba_256_1_6.txt,barabasi_albert_10ins_m20,44,SpecAnn,0.3320184038158743,1.0,-61768.99999999999,0.012721300125122,0,True,36,33,True,14,32,2025-11-16 05:18:53
ba_256_1_6.txt,barabasi_albert_10ins_m20,44,SpecAnn,0.3436716983117353,1.0,-62739.00000000001,0.0125627517700195,0,True,36,33,True,15,32,2025-11-16 05:18:53
ba_256_1_6.txt,barabasi_albert_10ins_m20,44,SpecAnn,0.3549426037664455,1.0,-62739.00000000001,0.0126094818115234,0,True,36,33,True,16,32,2025-11-16 05:18:53
ba_256_1_6.txt,barabasi_albert_10ins_m20,44,SpecAnn,0.3658664615902029,1.0,-62739.00000000001,0.0125608444213867,0,True,36,33,True,17,32,2025-11-16 05:18:53
ba_256_1_6.txt,barabasi_albert_10ins_m20,44,SpecAnn,0.3764734830828951,1.0,-63297.000000000015,0.0126688480377197,0,True,36,33,True,18,32,2025-11-16 05:18:53
ba_256_1_6.txt,barabasi_albert_10ins_m20,44,SpecAnn,0.3867897351437838,1.0,-62763.0,0.0125465393066406,0,True,36,33,True,19,32,2025-11-16 05:18:53
ba_256_1_6.txt,barabasi_albert_10ins_m20,44,SpecAnn,0.3968378950662725,1.0,-62433.0,0.012545108795166,0,True,36,33,True,20,32,2025-11-16 05:18:53
ba_256_1_6.txt,barabasi_albert_10ins_m20,44,SpecAnn,0.4066378372811136,1.0,-63438.99999999999,0.0125684738159179,0,True,36,33,True,21,32,2025-11-16 05:18:53
ba_256_1_6.txt,barabasi_albert_10ins_m20,44,SpecAnn,0.4162070956347247,1.0,-63438.99999999999,0.0126271247863769,0,True,36,33,True,22,32,2025-11-16 05:18:53
ba_256_1_6.txt,barabasi_albert_10ins_m20,44,SpecAnn,0.4255612320274539,1.0,-63438.99999999999,0.0125632286071777,0,True,36,33,True,23,32,2025-11-16 05:18:53
ba_256_1_6.txt,barabasi_albert_10ins_m20,44,SpecAnn,0.434714133601331,1.0,-63438.99999999999,0.0125668048858642,0,True,36,33,True,24,32,2025-11-16 05:18:53
ba_256_1_6.txt,barabasi_albert_10ins_m20,44,SpecAnn,0.4436782547080569,1.0,-62387.0,0.0126235485076904,0,True,36,33,True,25,32,2025-11-16 05:18:53
ba_256_1_6.txt,barabasi_albert_10ins_m20,44,SpecAnn,0.4524648157026343,1.0,-62771.0,0.0125737190246582,0,True,36,33,True,26,32,2025-11-16 05:18:53
ba_256_1_6.txt,barabasi_albert_10ins_m20,44,SpecAnn,0.4610839676207039,1.0,-63634.99999999999,0.012507677078247,0,True,36,33,True,27,32,2025-11-16 05:18:53
ba_256_1_6.txt,barabasi_albert_10ins_m20,44,SpecAnn,0.4695449296338763,1.0,-63634.99999999999,0.0125670433044433,0,True,36,33,True,28,32,2025-11-16 05:18:53
ba_256_1_6.txt,barabasi_albert_10ins_m20,44,SpecAnn,0.4778561045889373,1.0,-62317.0,0.0125885009765625,0,True,36,33,True,29,32,2025-11-16 05:18:53
ba_256_1_6.txt,barabasi_albert_10ins_m20,44,SpecAnn,0.4860251767562508,1.0,-62601.00000000001,0.0126547813415527,0,True,36,33,True,30,32,2025-11-16 05:18:53
ba_256_1_6.txt,barabasi_albert_10ins_m20,44,SpecAnn,0.4940591950252281,1.0,-62601.00000000001,0.0126340389251708,0,True,36,33,True,31,32,2025-11-16 05:18:53
ba_256_1_6.txt,barabasi_albert_10ins_m20,44,SpecAnn,0.5019646441105269,1.0,-62601.00000000001,0.0125348567962646,0,True,36,33,True,32,32,2025-11-16 05:18:53
ba_256_1_6.txt,barabasi_albert_10ins_m20,44,SpecAnn,0.5097475058154177,1.0,-62601.00000000001,0.0126235485076904,0,True,36,33,True,33,32,2025-11-16 05:18:53
ba_256_1_6.txt,barabasi_albert_10ins_m20,44,SpecAnn,0.51741331199832,1.0,-62601.00000000001,0.0125877857208251,0,True,36,33,True,34,32,2025-11-16 05:18:53
ba_256_1_6.txt,barabasi_albert_10ins_m20,44,SpecAnn,0.5249671905758515,1.0,-62601.00000000001,0.0126519203186035,0,True,36,33,True,35,32,2025-11-16 05:18:53
ba_256_1_6.txt,barabasi_albert_10ins_m20,44,SpecAnn,0.5324139056496683,1.0,-62601.00000000001,0.0125677585601806,0,True,36,33,True,36,32,2025-11-16 05:18:53
ba_256_1_6.txt,barabasi_albert_10ins_m20,44,SpecAnn,0.5397578926492556,1.0,-62997.00000000001,0.012606143951416,0,True,36,33,True,37,32,2025-11-16 05:18:53
ba_256_1_6.txt,barabasi_albert_10ins_m20,44,SpecAnn,0.5470032892270364,1.0,-63895.000000000015,0.0126280784606933,0,True,36,33,True,38,32,2025-11-16 05:18:53
ba_256_1_6.txt,barabasi_albert_10ins_m20,44,SpecAnn,0.554153962516942,1.0,-63954.99999999999,0.0125777721405029,0,True,36,33,True,39,32,2025-11-16 05:18:53
ba_256_1_6.txt,barabasi_albert_10ins_m20,44,SpecAnn,0.5612135332663137,1.0,-63954.99999999999,0.0126750469207763,0,True,36,33,True,40,32,2025-11-16 05:18:53
ba_256_1_6.txt,barabasi_albert_10ins_m20,44,SpecAnn,0.5681853972686127,1.0,-64009.0,0.0125715732574462,0,True,36,33,True,41,32,2025-11-16 05:18:53
ba_256_1_6.txt,barabasi_albert_10ins_m20,44,SpecAnn,0.5750727444570146,1.0,-64199.000000000015,0.0125789642333984,0,True,36,33,True,42,32,2025-11-16 05:18:53
ba_256_1_6.txt,barabasi_albert_10ins_m20,44,SpecAnn,0.5818785759635375,1.0,-64493.00000000001,0.0126304626464843,0,True,36,33,True,43,32,2025-11-16 05:18:53
ba_256_1_6.txt,barabasi_albert_10ins_m20,44,SpecAnn,0.5886057194025436,1.0,-63769.0,0.0128173828125,0,True,36,33,True,44,32,2025-11-16 05:18:53
ba_256_1_6.txt,barabasi_albert_10ins_m20,44,SpecAnn,0.5952568425994088,1.0,-63675.000000000015,0.0127820968627929,0,True,36,33,True,45,32,2025-11-16 05:18:53
ba_256_1_6.txt,barabasi_albert_10ins_m20,44,SpecAnn,0.6018344659534288,1.0,-64781.00000000001,0.0127151012420654,0,True,36,33,True,46,32,2025-11-16 05:18:53
ba_256_1_6.txt,barabasi_albert_10ins_m20,44,SpecAnn,0.6083409735974393,1.0,-63302.99999999999,0.0125706195831298,0,True,36,33,True,47,32,2025-11-16 05:18:53
ba_256_1_6.txt,barabasi_albert_10ins_m20,44,SpecAnn,0.6147786234942719,1.0,-63285.0,0.012566328048706,0,True,36,33,True,48,32,2025-11-16 05:18:53
ba_256_1_6.txt,barabasi_albert_10ins_m20,44,SpecAnn,0.6211495565912796,1.0,-65221.0,0.0126872062683105,0,True,36,33,True,49,32,2025-11-16 05:18:53
ba_256_1_6.txt,barabasi_albert_10ins_m20,44,SpecAnn,0.6274558051381586,1.0,-65221.0,0.012690782546997,0,True,36,33,True,50,32,2025-11-16 05:18:53
ba_256_1_6.txt,barabasi_albert_10ins_m20,44,SpecAnn,0.6336993002596786,1.0,-65377.00000000001,0.0125281810760498,0,True,36,33,True,51,32,2025-11-16 05:18:53
ba_256_1_6.txt,barabasi_albert_10ins_m20,44,SpecAnn,0.6398818788633085,1.0,-64891.00000000001,0.0125527381896972,0,True,36,33,True,52,32,2025-11-16 05:18:53
ba_256_1_6.txt,barabasi_albert_10ins_m20,44,SpecAnn,0.6460052899517691,1.0,-65055.00000000001,0.0125365257263183,0,True,36,33,True,53,32,2025-11-16 05:18:53
ba_256_1_6.txt,barabasi_albert_10ins_m20,44,SpecAnn,0.6520712004019966,1.0,-64835.000000000015,0.0126655101776123,0,True,36,33,True,54,32,2025-11-16 05:18:53
ba_256_1_6.txt,barabasi_albert_10ins_m20,44,SpecAnn,0.6580812002646271,1.0,-64926.99999999999,0.0125620365142822,0,True,36,33,True,55,32,2025-11-16 05:18:53
ba_256_1_6.txt,barabasi_albert_10ins_m20,44,SpecAnn,0.6640368076317485,1.0,-65142.99999999999,0.0126004219055175,0,True,36,33,True,56,32,2025-11-16 05:18:53
ba_256_1_6.txt,barabasi_albert_10ins_m20,44,SpecAnn,0.6699394731151429,1.0,-64972.99999999999,0.0126149654388427,0,True,36,33,True,57,32,2025-11-16 05:18:53
ba_256_1_6.txt,barabasi_albert_10ins_m20,44,SpecAnn,0.6757905839724513,1.0,-64657.0,0.0125961303710937,0,True,36,33,True,58,32,2025-11-16 05:18:53
ba_256_1_6.txt,barabasi_albert_10ins_m20,44,SpecAnn,0.6815914679145113,1.0,-64657.0,0.0126857757568359,0,True,36,33,True,59,32,2025-11-16 05:18:53
ba_256_1_6.txt,barabasi_albert_10ins_m20,44,SpecAnn,0.6873433966234707,1.0,-65245.0,0.0128030776977539,0,True,36,33,True,60,32,2025-11-16 05:18:53
ba_256_1_6.txt,barabasi_albert_10ins_m20,44,SpecAnn,0.6930475890080863,1.0,-65559.0,0.0127925872802734,0,True,36,33,True,61,32,2025-11-16 05:18:54
ba_256_1_6.txt,barabasi_albert_10ins_m20,44,SpecAnn,0.6987052142198116,1.0,-65559.0,0.0127413272857666,0,True,36,33,True,62,32,2025-11-16 05:18:54
ba_256_1_6.txt,barabasi_albert_10ins_m20,44,SpecAnn,0.7043173944508145,1.0,-65561.0,0.012601613998413,0,True,36,33,True,63,32,2025-11-16 05:18:54
ba_256_1_6.txt,barabasi_albert_10ins_m20,44,SpecAnn,0.709885207532891,1.0,-65561.0,0.0125987529754638,0,True,36,33,True,64,32,2025-11-16 05:18:54
ba_256_1_6.txt,barabasi_albert_10ins_m20,44,SpecAnn,0.7154096893543218,1.0,-65280.99999999999,0.0125422477722167,0,True,36,33,True,65,32,2025-11-16 05:18:54
ba_256_1_6.txt,barabasi_albert_10ins_m20,44,SpecAnn,0.7208918361100219,1.0,-65094.99999999999,0.0126004219055175,0,True,36,33,True,66,32,2025-11-16 05:18:54
ba_256_1_6.txt,barabasi_albert_10ins_m20,44,SpecAnn,0.7263326063988248,1.0,-65094.99999999999,0.0127227306365966,0,True,36,33,True,67,32,2025-11-16 05:18:54
ba_256_1_6.txt,barabasi_albert_10ins_m20,44,SpecAnn,0.7317329231804058,1.0,-65497.00000000002,0.0126023292541503,0,True,36,33,True,68,32,2025-11-16 05:18:54
ba_256_1_6.txt,barabasi_albert_10ins_m20,44,SpecAnn,0.7370936756031579,1.0,-65497.00000000002,0.0125277042388916,0,True,36,33,True,69,32,2025-11-16 05:18:54
ba_256_1_6.txt,barabasi_albert_10ins_m20,44,SpecAnn,0.7424157207132704,1.0,-65497.00000000002,0.012744665145874,0,True,36,33,True,70,32,2025-11-16 05:18:54
ba_256_1_6.txt,barabasi_albert_10ins_m20,44,SpecAnn,0.7476998850543153,1.0,-65171.00000000001,0.01263427734375,0,True,36,33,True,71,32,2025-11-16 05:18:54
ba_256_1_6.txt,barabasi_albert_10ins_m20,44,SpecAnn,0.7529469661657903,1.0,-65171.00000000001,0.0125691890716552,0,True,36,33,True,72,32,2025-11-16 05:18:54
ba_256_1_6.txt,barabasi_albert_10ins_m20,44,SpecAnn,0.7581577339883167,1.0,-65171.00000000001,0.0126247406005859,0,True,36,33,True,73,32,2025-11-16 05:18:54
ba_256_1_6.txt,barabasi_albert_10ins_m20,44,SpecAnn,0.7633329321824984,1.0,-65282.99999999999,0.0128614902496337,0,True,36,33,True,74,32,2025-11-16 05:18:54
ba_256_1_6.txt,barabasi_albert_10ins_m20,44,SpecAnn,0.7684732793678399,1.0,-65282.99999999999,0.012864351272583,0,True,36,33,True,75,32,2025-11-16 05:18:54
ba_256_1_6.txt,barabasi_albert_10ins_m20,44,SpecAnn,0.7735794702875677,1.0,-65282.99999999999,0.0128326416015625,0,True,36,33,True,76,32,2025-11-16 05:18:54
ba_256_1_6.txt,barabasi_albert_10ins_m20,44,SpecAnn,0.7786521769046981,1.0,-65282.99999999999,0.0127818584442138,0,True,36,33,True,77,32,2025-11-16 05:18:54
ba_256_1_6.txt,barabasi_albert_10ins_m20,44,SpecAnn,0.7836920494342511,1.0,-65282.99999999999,0.0127861499786376,0,True,36,33,True,78,32,2025-11-16 05:18:54
ba_256_1_6.txt,barabasi_albert_10ins_m20,44,SpecAnn,0.788699717316095,1.0,-65282.99999999999,0.0126464366912841,0,True,36,33,True,79,32,2025-11-16 05:18:54
ba_256_1_6.txt,barabasi_albert_10ins_m20,44,SpecAnn,0.7936757901325451,1.0,-65282.99999999999,0.0126450061798095,0,True,36,33,True,80,32,2025-11-16 05:18:54
ba_256_1_6.txt,barabasi_albert_10ins_m20,44,SpecAnn,0.7986208584745024,1.0,-65059.0,0.0126185417175292,0,True,36,33,True,81,32,2025-11-16 05:18:54
ba_256_1_6.txt,barabasi_albert_10ins_m20,44,SpecAnn,0.803535494759617,1.0,-65059.0,0.0126523971557617,0,True,36,33,True,82,32,2025-11-16 05:18:54
ba_256_1_6.txt,barabasi_albert_10ins_m20,44,SpecAnn,0.8084202540056837,1.0,-65059.0,0.0126430988311767,0,True,36,33,True,83,32,2025-11-16 05:18:54
ba_256_1_6.txt,barabasi_albert_10ins_m20,44,SpecAnn,0.8132756745622272,1.0,-65059.0,0.0126609802246093,0,True,36,33,True,84,32,2025-11-16 05:18:54
ba_256_1_6.txt,barabasi_albert_10ins_m20,44,SpecAnn,0.8181022788030096,1.0,-65436.99999999999,0.0127537250518798,0,True,36,33,True,85,32,2025-11-16 05:18:54
ba_256_1_6.txt,barabasi_albert_10ins_m20,44,SpecAnn,0.822900573781978,1.0,-65436.99999999999,0.0128657817840576,0,True,36,33,True,86,32,2025-11-16 05:18:54
ba_256_1_6.txt,barabasi_albert_10ins_m20,44,SpecAnn,0.8276710518549868,1.0,-65436.99999999999,0.0128111839294433,0,True,36,33,True,87,32,2025-11-16 05:18:54
ba_256_1_6.txt,barabasi_albert_10ins_m20,44,SpecAnn,0.8324141912694495,1.0,-65436.99999999999,0.0127956867218017,0,True,36,33,True,88,32,2025-11-16 05:18:54
ba_256_1_6.txt,barabasi_albert_10ins_m20,44,SpecAnn,0.8371304567239225,1.0,-65436.99999999999,0.0126214027404785,0,True,36,33,True,89,32,2025-11-16 05:18:54
ba_256_1_6.txt,barabasi_albert_10ins_m20,44,SpecAnn,0.8418202998994706,1.0,-64465.0,0.012660264968872,0,True,36,33,True,90,32,2025-11-16 05:18:54
ba_256_1_6.txt,barabasi_albert_10ins_m20,44,SpecAnn,0.846484159964536,1.0,-64465.0,0.0127661228179931,0,True,36,33,True,91,32,2025-11-16 05:18:54
ba_256_1_6.txt,barabasi_albert_10ins_m20,44,SpecAnn,0.8511224640549078,1.0,-64465.0,0.0128488540649414,0,True,36,33,True,92,32,2025-11-16 05:18:54
ba_256_1_6.txt,barabasi_albert_10ins_m20,44,SpecAnn,0.8557356277302758,1.0,-64465.0,0.0128490924835205,0,True,36,33,True,93,32,2025-11-16 05:18:54
ba_256_1_6.txt,barabasi_albert_10ins_m20,44,SpecAnn,0.8603240554087516,1.0,-64465.0,0.0128805637359619,0,True,36,33,True,94,32,2025-11-16 05:18:54
ba_256_1_6.txt,barabasi_albert_10ins_m20,44,SpecAnn,0.86488814078064,1.0,-64465.0,0.0126504898071289,0,True,36,33,True,95,32,2025-11-16 05:18:54
ba_256_1_6.txt,barabasi_albert_10ins_m20,44,SpecAnn,0.8694282672026621,1.0,-64465.0,0.0126025676727294,0,True,36,33,True,96,32,2025-11-16 05:18:54
ba_256_1_6.txt,barabasi_albert_10ins_m20,44,SpecAnn,0.8739448080737451,1.0,-64465.0,0.0126190185546875,0,True,36,33,True,97,32,2025-11-16 05:18:54
ba_256_1_6.txt,barabasi_albert_10ins_m20,44,SpecAnn,0.878438127193422,1.0,-64465.0,0.0125665664672851,0,True,36,33,True,98,32,2025-11-16 05:18:54
ba_256_1_6.txt,barabasi_albert_10ins_m20,44,SpecAnn,0.8829085791038153,1.0,-64529.00000000001,0.012552261352539,0,True,36,33,True,99,32,2025-11-16 05:18:54
ba_256_1_6.txt,barabasi_albert_10ins_m20,44,SpecAnn,0.8873565094161138,1.0,-64529.00000000001,0.0125343799591064,0,True,36,33,True,100,32,2025-11-16 05:18:54
ba_256_1_6.txt,barabasi_albert_10ins_m20,44,SpecAnn,0.8917822551223932,1.0,-64529.00000000001,0.0126221179962158,0,True,36,33,True,101,32,2025-11-16 05:18:54
ba_256_1_6.txt,barabasi_albert_10ins_m20,44,SpecAnn,0.8961861448935777,1.0,-64529.00000000001,0.0126063823699951,0,True,36,33,True,102,32,2025-11-16 05:18:54
ba_256_1_6.txt,barabasi_albert_10ins_m20,44,SpecAnn,0.9005684993642872,1.0,-64465.0,0.0126595497131347,0,True,36,33,True,103,32,2025-11-16 05:18:54
ba_256_1_6.txt,barabasi_albert_10ins_m20,44,SpecAnn,0.9049296314052688,1.0,-64465.0,0.0126357078552246,0,True,36,33,True,104,32,2025-11-16 05:18:54
ba_256_1_6.txt,barabasi_albert_10ins_m20,44,SpecAnn,0.9092698463840684,1.0,-64465.0,0.0125095844268798,0,True,36,33,True,105,32,2025-11-16 05:18:54
ba_256_1_6.txt,barabasi_albert_10ins_m20,44,SpecAnn,0.9135894424145556,1.0,-64465.0,0.0126624107360839,0,True,36,33,True,106,32,2025-11-16 05:18:54
ba_256_1_6.txt,barabasi_albert_10ins_m20,44,SpecAnn,0.9178887105958816,1.0,-64465.0,0.0125815868377685,0,True,36,33,True,107,32,2025-11-16 05:18:54
ba_256_1_6.txt,barabasi_albert_10ins_m20,44,SpecAnn,0.922167935241408,1.0,-64465.0,0.012524127960205,0,True,36,33,True,108,32,2025-11-16 05:18:54
ba_256_1_6.txt,barabasi_albert_10ins_m20,44,SpecAnn,0.92642739409812,1.0,-64465.0,0.0125555992126464,0,True,36,33,True,109,32,2025-11-16 05:18:54
ba_256_1_6.txt,barabasi_albert_10ins_m20,44,SpecAnn,0.9306673585570006,1.0,-64465.0,0.0130889415740966,0,True,36,33,True,110,32,2025-11-16 05:18:54
ba_256_1_6.txt,barabasi_albert_10ins_m20,44,SpecAnn,0.9348880938548184,1.0,-64465.0,0.0125806331634521,0,True,36,33,True,111,32,2025-11-16 05:18:54
ba_256_1_6.txt,barabasi_albert_10ins_m20,44,SpecAnn,0.9390898592677528,1.0,-64465.0,0.012582778930664,0,True,36,33,True,112,32,2025-11-16 05:18:54
ba_256_1_6.txt,barabasi_albert_10ins_m20,44,SpecAnn,0.9432729082972536,1.0,-65451.0,0.0126254558563232,0,True,36,33,True,113,32,2025-11-16 05:18:54
ba_256_1_6.txt,barabasi_albert_10ins_m20,44,SpecAnn,0.9474374888485204,1.0,-65451.0,0.0125901699066162,0,True,36,33,True,114,32,2025-11-16 05:18:54
ba_256_1_6.txt,barabasi_albert_10ins_m20,44,SpecAnn,0.9515838434019476,1.0,-65497.00000000002,0.0124919414520263,0,True,36,33,True,115,32,2025-11-16 05:18:54
ba_256_1_6.txt,barabasi_albert_10ins_m20,44,SpecAnn,0.9557122091778746,1.0,-65105.0,0.0125389099121093,0,True,36,33,True,116,32,2025-11-16 05:18:54
ba_256_1_6.txt,barabasi_albert_10ins_m20,44,SpecAnn,0.9598228182949629,1.0,-65105.0,0.0125520229339599,0,True,36,33,True,117,32,2025-11-16 05:18:54
ba_256_1_6.txt,barabasi_albert_10ins_m20,44,SpecAnn,0.963915897922488,1.0,-65105.0,0.0125830173492431,0,True,36,33,True,118,32,2025-11-16 05:18:54
ba_256_1_6.txt,barabasi_albert_10ins_m20,44,SpecAnn,0.967991670426842,1.0,-65497.00000000002,0.0125021934509277,0,True,36,33,True,119,32,2025-11-16 05:18:54
ba_256_1_6.txt,barabasi_albert_10ins_m20,44,SpecAnn,0.9720503535125016,1.0,-65497.00000000002,0.0126199722290039,0,True,36,33,True,120,32,2025-11-16 05:18:54
ba_256_1_6.txt,barabasi_albert_10ins_m20,44,SpecAnn,0.9760921603577252,1.0,-65497.00000000002,0.0125823020935058,0,True,36,33,True,121,32,2025-11-16 05:18:54
ba_256_1_6.txt,barabasi_albert_10ins_m20,44,SpecAnn,0.9801172997452104,1.0,-65497.00000000002,0.0125684738159179,0,True,36,33,True,122,32,2025-11-16 05:18:54
ba_256_1_6.txt,barabasi_albert_10ins_m20,44,SpecAnn,0.9841259761879442,1.0,-65497.00000000002,0.0126044750213623,0,True,36,33,True,123,32,2025-11-16 05:18:54
ba_256_1_6.txt,barabasi_albert_10ins_m20,44,SpecAnn,0.9881183900504562,1.0,-65497.00000000002,0.0128180980682373,0,True,36,33,True,124,32,2025-11-16 05:18:54
ba_256_1_6.txt,barabasi_albert_10ins_m20,44,SpecAnn,0.9920947376656812,1.0,-65497.00000000002,0.0127396583557128,0,True,36,33,True,125,32,2025-11-16 05:18:54
ba_256_1_6.txt,barabasi_albert_10ins_m20,44,SpecAnn,0.9960552114476228,1.0,-65497.00000000002,0.0128042697906494,0,True,36,33,True,126,32,2025-11-16 05:18:54
ba_256_1_6.txt,barabasi_albert_10ins_m20,44,SpecAnn,1.0,1.0,-65497.00000000002,0.0125689506530761,0,True,36,33,True,127,32,2025-11-16 05:18:54
ba_256_1_6.txt,barabasi_albert_10ins_m20,45,SpecAnn,0.0,1.0,-61910.99999999999,0.0130786895751953,0,True,63,33,True,0,32,2025-11-16 05:18:54
ba_256_1_6.txt,barabasi_albert_10ins_m20,45,SpecAnn,0.0887356509416113,1.0,-60848.99999999999,0.0126800537109375,0,True,63,33,True,1,32,2025-11-16 05:18:54
ba_256_1_6.txt,barabasi_albert_10ins_m20,45,SpecAnn,0.1254911610276317,1.0,-61056.99999999999,0.0128276348114013,0,True,63,33,True,2,32,2025-11-16 05:18:55
ba_256_1_6.txt,barabasi_albert_10ins_m20,45,SpecAnn,0.1536946558735679,1.0,-60593.0,0.0127763748168945,0,True,63,33,True,3,32,2025-11-16 05:18:55
ba_256_1_6.txt,barabasi_albert_10ins_m20,45,SpecAnn,0.1774713018832227,1.0,-62510.99999999999,0.0129027366638183,0,True,63,33,True,4,32,2025-11-16 05:18:55
ba_256_1_6.txt,barabasi_albert_10ins_m20,45,SpecAnn,0.1984189475331362,1.0,-62510.99999999999,0.0125718116760253,0,True,63,33,True,5,32,2025-11-16 05:18:55
ba_256_1_6.txt,barabasi_albert_10ins_m20,45,SpecAnn,0.2173570668006655,1.0,-62708.99999999999,0.0126562118530273,0,True,63,33,True,6,32,2025-11-16 05:18:55
ba_256_1_6.txt,barabasi_albert_10ins_m20,45,SpecAnn,0.2347724648169381,1.0,-60021.0,0.0125739574432373,0,True,63,33,True,7,32,2025-11-16 05:18:55
ba_256_1_6.txt,barabasi_albert_10ins_m20,45,SpecAnn,0.2509823220552634,1.0,-61835.0,0.0125627517700195,0,True,63,33,True,8,32,2025-11-16 05:18:55
ba_256_1_6.txt,barabasi_albert_10ins_m20,45,SpecAnn,0.2662069528248341,1.0,-61835.0,0.0126483440399169,0,True,63,33,True,9,32,2025-11-16 05:18:55
ba_256_1_6.txt,barabasi_albert_10ins_m20,45,SpecAnn,0.2806067666331568,1.0,-61003.00000000001,0.0125989913940429,0,True,63,33,True,10,32,2025-11-16 05:18:55
ba_256_1_6.txt,barabasi_albert_10ins_m20,45,SpecAnn,0.2943028597012718,1.0,-61003.00000000001,0.0126655101776123,0,True,63,33,True,11,32,2025-11-16 05:18:55
ba_256_1_6.txt,barabasi_albert_10ins_m20,45,SpecAnn,0.3073893117471359,1.0,-61003.00000000001,0.0126116275787353,0,True,63,33,True,12,32,2025-11-16 05:18:55
ba_256_1_6.txt,barabasi_albert_10ins_m20,45,SpecAnn,0.3199409394316542,1.0,-61003.00000000001,0.0126154422760009,0,True,63,33,True,13,32,2025-11-16 05:18:55
ba_256_1_6.txt,barabasi_albert_10ins_m20,45,SpecAnn,0.3320184038158743,1.0,-61003.00000000001,0.0128283500671386,0,True,63,33,True,14,32,2025-11-16 05:18:55
ba_256_1_6.txt,barabasi_albert_10ins_m20,45,SpecAnn,0.3436716983117353,1.0,-61367.00000000001,0.0127546787261962,0,True,63,33,True,15,32,2025-11-16 05:18:55
ba_256_1_6.txt,barabasi_albert_10ins_m20,45,SpecAnn,0.3549426037664455,1.0,-61367.00000000001,0.0127182006835937,0,True,63,33,True,16,32,2025-11-16 05:18:55
ba_256_1_6.txt,barabasi_albert_10ins_m20,45,SpecAnn,0.3658664615902029,1.0,-61367.00000000001,0.012571096420288,0,True,63,33,True,17,32,2025-11-16 05:18:55
ba_256_1_6.txt,barabasi_albert_10ins_m20,45,SpecAnn,0.3764734830828951,1.0,-61592.99999999999,0.0126001834869384,0,True,63,33,True,18,32,2025-11-16 05:18:55
ba_256_1_6.txt,barabasi_albert_10ins_m20,45,SpecAnn,0.3867897351437838,1.0,-62071.0,0.0125660896301269,0,True,63,33,True,19,32,2025-11-16 05:18:55
ba_256_1_6.txt,barabasi_albert_10ins_m20,45,SpecAnn,0.3968378950662725,1.0,-62169.0,0.0125939846038818,0,True,63,33,True,20,32,2025-11-16 05:18:55
ba_256_1_6.txt,barabasi_albert_10ins_m20,45,SpecAnn,0.4066378372811136,1.0,-62065.0,0.0125355720520019,0,True,63,33,True,21,32,2025-11-16 05:18:55
ba_256_1_6.txt,barabasi_albert_10ins_m20,45,SpecAnn,0.4162070956347247,1.0,-62065.0,0.0125956535339355,0,True,63,33,True,22,32,2025-11-16 05:18:55
ba_256_1_6.txt,barabasi_albert_10ins_m20,45,SpecAnn,0.4255612320274539,1.0,-62065.0,0.0125024318695068,0,True,63,33,True,23,32,2025-11-16 05:18:55
ba_256_1_6.txt,barabasi_albert_10ins_m20,45,SpecAnn,0.434714133601331,1.0,-62065.0,0.0124895572662353,0,True,63,33,True,24,32,2025-11-16 05:18:55
ba_256_1_6.txt,barabasi_albert_10ins_m20,45,SpecAnn,0.4436782547080569,1.0,-62093.0,0.0125255584716796,0,True,63,33,True,25,32,2025-11-16 05:18:55
ba_256_1_6.txt,barabasi_albert_10ins_m20,45,SpecAnn,0.4524648157026343,1.0,-62343.00000000001,0.0125269889831542,0,True,63,33,True,26,32,2025-11-16 05:18:55
ba_256_1_6.txt,barabasi_albert_10ins_m20,45,SpecAnn,0.4610839676207039,1.0,-61605.0,0.0127227306365966,0,True,63,33,True,27,32,2025-11-16 05:18:55
ba_256_1_6.txt,barabasi_albert_10ins_m20,45,SpecAnn,0.4695449296338763,1.0,-61605.0,0.0129330158233642,0,True,63,33,True,28,32,2025-11-16 05:18:55
ba_256_1_6.txt,barabasi_albert_10ins_m20,45,SpecAnn,0.4778561045889373,1.0,-62322.99999999999,0.0128014087677001,0,True,63,33,True,29,32,2025-11-16 05:18:55
ba_256_1_6.txt,barabasi_albert_10ins_m20,45,SpecAnn,0.4860251767562508,1.0,-62575.0,0.0127935409545898,0,True,63,33,True,30,32,2025-11-16 05:18:55
ba_256_1_6.txt,barabasi_albert_10ins_m20,45,SpecAnn,0.4940591950252281,1.0,-62575.0,0.0126333236694335,0,True,63,33,True,31,32,2025-11-16 05:18:55
ba_256_1_6.txt,barabasi_albert_10ins_m20,45,SpecAnn,0.5019646441105269,1.0,-62575.0,0.012559175491333,0,True,63,33,True,32,32,2025-11-16 05:18:55
ba_256_1_6.txt,barabasi_albert_10ins_m20,45,SpecAnn,0.5097475058154177,1.0,-62575.0,0.0125808715820312,0,True,63,33,True,33,32,2025-11-16 05:18:55
ba_256_1_6.txt,barabasi_albert_10ins_m20,45,SpecAnn,0.51741331199832,1.0,-62575.0,0.0127451419830322,0,True,63,33,True,34,32,2025-11-16 05:18:55
ba_256_1_6.txt,barabasi_albert_10ins_m20,45,SpecAnn,0.5249671905758515,1.0,-62575.0,0.0127546787261962,0,True,63,33,True,35,32,2025-11-16 05:18:55
ba_256_1_6.txt,barabasi_albert_10ins_m20,45,SpecAnn,0.5324139056496683,1.0,-62575.0,0.012789249420166,0,True,63,33,True,36,32,2025-11-16 05:18:55
ba_256_1_6.txt,barabasi_albert_10ins_m20,45,SpecAnn,0.5397578926492556,1.0,-63472.99999999999,0.0125195980072021,0,True,63,33,True,37,32,2025-11-16 05:18:55
ba_256_1_6.txt,barabasi_albert_10ins_m20,45,SpecAnn,0.5470032892270364,1.0,-63803.000000000015,0.0126426219940185,0,True,63,33,True,38,32,2025-11-16 05:18:55
ba_256_1_6.txt,barabasi_albert_10ins_m20,45,SpecAnn,0.554153962516942,1.0,-64303.0,0.0125303268432617,0,True,63,33,True,39,32,2025-11-16 05:18:55
ba_256_1_6.txt,barabasi_albert_10ins_m20,45,SpecAnn,0.5612135332663137,1.0,-63415.00000000001,0.0125370025634765,0,True,63,33,True,40,32,2025-11-16 05:18:55
ba_256_1_6.txt,barabasi_albert_10ins_m20,45,SpecAnn,0.5681853972686127,1.0,-64517.0,0.0125598907470703,0,True,63,33,True,41,32,2025-11-16 05:18:55
ba_256_1_6.txt,barabasi_albert_10ins_m20,45,SpecAnn,0.5750727444570146,1.0,-63907.0,0.0125501155853271,0,True,63,33,True,42,32,2025-11-16 05:18:55
ba_256_1_6.txt,barabasi_albert_10ins_m20,45,SpecAnn,0.5818785759635375,1.0,-63663.00000000001,0.0126302242279052,0,True,63,33,True,43,32,2025-11-16 05:18:55
ba_256_1_6.txt,barabasi_albert_10ins_m20,45,SpecAnn,0.5886057194025436,1.0,-64303.0,0.0126862525939941,0,True,63,33,True,44,32,2025-11-16 05:18:55
ba_256_1_6.txt,barabasi_albert_10ins_m20,45,SpecAnn,0.5952568425994088,1.0,-64461.000000000015,0.0125482082366943,0,True,63,33,True,45,32,2025-11-16 05:18:55
ba_256_1_6.txt,barabasi_albert_10ins_m20,45,SpecAnn,0.6018344659534288,1.0,-64911.000000000015,0.012648582458496,0,True,63,33,True,46,32,2025-11-16 05:18:55
ba_256_1_6.txt,barabasi_albert_10ins_m20,45,SpecAnn,0.6083409735974393,1.0,-64503.000000000015,0.0125439167022705,0,True,63,33,True,47,32,2025-11-16 05:18:55
ba_256_1_6.txt,barabasi_albert_10ins_m20,45,SpecAnn,0.6147786234942719,1.0,-65299.00000000001,0.012596845626831,0,True,63,33,True,48,32,2025-11-16 05:18:55
ba_256_1_6.txt,barabasi_albert_10ins_m20,45,SpecAnn,0.6211495565912796,1.0,-65149.00000000001,0.0126628875732421,0,True,63,33,True,49,32,2025-11-16 05:18:55
ba_256_1_6.txt,barabasi_albert_10ins_m20,45,SpecAnn,0.6274558051381586,1.0,-65062.99999999999,0.0125288963317871,0,True,63,33,True,50,32,2025-11-16 05:18:55
ba_256_1_6.txt,barabasi_albert_10ins_m20,45,SpecAnn,0.6336993002596786,1.0,-64835.0,0.0125446319580078,0,True,63,33,True,51,32,2025-11-16 05:18:55
ba_256_1_6.txt,barabasi_albert_10ins_m20,45,SpecAnn,0.6398818788633085,1.0,-64947.00000000001,0.0125973224639892,0,True,63,33,True,52,32,2025-11-16 05:18:55
ba_256_1_6.txt,barabasi_albert_10ins_m20,45,SpecAnn,0.6460052899517691,1.0,-65053.0,0.0125236511230468,0,True,63,33,True,53,32,2025-11-16 05:18:55
ba_256_1_6.txt,barabasi_albert_10ins_m20,45,SpecAnn,0.6520712004019966,1.0,-64891.00000000001,0.0126221179962158,0,True,63,33,True,54,32,2025-11-16 05:18:55
ba_256_1_6.txt,barabasi_albert_10ins_m20,45,SpecAnn,0.6580812002646271,1.0,-65184.99999999999,0.0125553607940673,0,True,63,33,True,55,32,2025-11-16 05:18:55
ba_256_1_6.txt,barabasi_albert_10ins_m20,45,SpecAnn,0.6640368076317485,1.0,-64683.0,0.0125322341918945,0,True,63,33,True,56,32,2025-11-16 05:18:55
ba_256_1_6.txt,barabasi_albert_10ins_m20,45,SpecAnn,0.6699394731151429,1.0,-64695.00000000002,0.0125222206115722,0,True,63,33,True,57,32,2025-11-16 05:18:55
ba_256_1_6.txt,barabasi_albert_10ins_m20,45,SpecAnn,0.6757905839724513,1.0,-64695.00000000002,0.0125436782836914,0,True,63,33,True,58,32,2025-11-16 05:18:55
ba_256_1_6.txt,barabasi_albert_10ins_m20,45,SpecAnn,0.6815914679145113,1.0,-64833.00000000001,0.0125610828399658,0,True,63,33,True,59,32,2025-11-16 05:18:55
ba_256_1_6.txt,barabasi_albert_10ins_m20,45,SpecAnn,0.6873433966234707,1.0,-65142.99999999999,0.0125257968902587,0,True,63,33,True,60,32,2025-11-16 05:18:55
ba_256_1_6.txt,barabasi_albert_10ins_m20,45,SpecAnn,0.6930475890080863,1.0,-65142.99999999999,0.0124552249908447,0,True,63,33,True,61,32,2025-11-16 05:18:55
ba_256_1_6.txt,barabasi_albert_10ins_m20,45,SpecAnn,0.6987052142198116,1.0,-65142.99999999999,0.012547492980957,0,True,63,33,True,62,32,2025-11-16 05:18:55
ba_256_1_6.txt,barabasi_albert_10ins_m20,45,SpecAnn,0.7043173944508145,1.0,-64937.00000000001,0.0125353336334228,0,True,63,33,True,63,32,2025-11-16 05:18:55
ba_256_1_6.txt,barabasi_albert_10ins_m20,45,SpecAnn,0.709885207532891,1.0,-64937.00000000001,0.0125806331634521,0,True,63,33,True,64,32,2025-11-16 05:18:55
ba_256_1_6.txt,barabasi_albert_10ins_m20,45,SpecAnn,0.7154096893543218,1.0,-64937.00000000001,0.0126149654388427,0,True,63,33,True,65,32,2025-11-16 05:18:55
ba_256_1_6.txt,barabasi_albert_10ins_m20,45,SpecAnn,0.7208918361100219,1.0,-64727.0,0.0127346515655517,0,True,63,33,True,66,32,2025-11-16 05:18:55
ba_256_1_6.txt,barabasi_albert_10ins_m20,45,SpecAnn,0.7263326063988248,1.0,-64727.0,0.0128059387207031,0,True,63,33,True,67,32,2025-11-16 05:18:55
ba_256_1_6.txt,barabasi_albert_10ins_m20,45,SpecAnn,0.7317329231804058,1.0,-65253.00000000001,0.0128297805786132,0,True,63,33,True,68,32,2025-11-16 05:18:55
ba_256_1_6.txt,barabasi_albert_10ins_m20,45,SpecAnn,0.7370936756031579,1.0,-65253.00000000001,0.0126130580902099,0,True,63,33,True,69,32,2025-11-16 05:18:55
ba_256_1_6.txt,barabasi_albert_10ins_m20,45,SpecAnn,0.7424157207132704,1.0,-65253.00000000001,0.0125362873077392,0,True,63,33,True,70,32,2025-11-16 05:18:55
ba_256_1_6.txt,barabasi_albert_10ins_m20,45,SpecAnn,0.7476998850543153,1.0,-65527.0,0.0125994682312011,0,True,63,33,True,71,32,2025-11-16 05:18:55
ba_256_1_6.txt,barabasi_albert_10ins_m20,45,SpecAnn,0.7529469661657903,1.0,-65527.0,0.0125505924224853,0,True,63,33,True,72,32,2025-11-16 05:18:55
ba_256_1_6.txt,barabasi_albert_10ins_m20,45,SpecAnn,0.7581577339883167,1.0,-65527.0,0.0125768184661865,0,True,63,33,True,73,32,2025-11-16 05:18:55
ba_256_1_6.txt,barabasi_albert_10ins_m20,45,SpecAnn,0.7633329321824984,1.0,-65065.000000000015,0.0126187801361083,0,True,63,33,True,74,32,2025-11-16 05:18:55
ba_256_1_6.txt,barabasi_albert_10ins_m20,45,SpecAnn,0.7684732793678399,1.0,-65065.000000000015,0.012690782546997,0,True,63,33,True,75,32,2025-11-16 05:18:55
ba_256_1_6.txt,barabasi_albert_10ins_m20,45,SpecAnn,0.7735794702875677,1.0,-65065.000000000015,0.012542724609375,0,True,63,33,True,76,32,2025-11-16 05:18:55
ba_256_1_6.txt,barabasi_albert_10ins_m20,45,SpecAnn,0.7786521769046981,1.0,-65065.000000000015,0.0125505924224853,0,True,63,33,True,77,32,2025-11-16 05:18:55
ba_256_1_6.txt,barabasi_albert_10ins_m20,45,SpecAnn,0.7836920494342511,1.0,-65065.000000000015,0.0125470161437988,0,True,63,33,True,78,32,2025-11-16 05:18:55
ba_256_1_6.txt,barabasi_albert_10ins_m20,45,SpecAnn,0.788699717316095,1.0,-65171.00000000001,0.0124940872192382,0,True,63,33,True,79,32,2025-11-16 05:18:55
ba_256_1_6.txt,barabasi_albert_10ins_m20,45,SpecAnn,0.7936757901325451,1.0,-65171.00000000001,0.0125916004180908,0,True,63,33,True,80,32,2025-11-16 05:18:55
ba_256_1_6.txt,barabasi_albert_10ins_m20,45,SpecAnn,0.7986208584745024,1.0,-65171.00000000001,0.0125424861907958,0,True,63,33,True,81,32,2025-11-16 05:18:55
ba_256_1_6.txt,barabasi_albert_10ins_m20,45,SpecAnn,0.803535494759617,1.0,-65171.00000000001,0.0127792358398437,0,True,63,33,True,82,32,2025-11-16 05:18:56
ba_256_1_6.txt,barabasi_albert_10ins_m20,45,SpecAnn,0.8084202540056837,1.0,-65171.00000000001,0.0127801895141601,0,True,63,33,True,83,32,2025-11-16 05:18:56
ba_256_1_6.txt,barabasi_albert_10ins_m20,45,SpecAnn,0.8132756745622272,1.0,-65171.00000000001,0.0127284526824951,0,True,63,33,True,84,32,2025-11-16 05:18:56
ba_256_1_6.txt,barabasi_albert_10ins_m20,45,SpecAnn,0.8181022788030096,1.0,-65171.00000000001,0.0127942562103271,0,True,63,33,True,85,32,2025-11-16 05:18:56
ba_256_1_6.txt,barabasi_albert_10ins_m20,45,SpecAnn,0.822900573781978,1.0,-65171.00000000001,0.0125453472137451,0,True,63,33,True,86,32,2025-11-16 05:18:56
ba_256_1_6.txt,barabasi_albert_10ins_m20,45,SpecAnn,0.8276710518549868,1.0,-65171.00000000001,0.0125114917755126,0,True,63,33,True,87,32,2025-11-16 05:18:56
ba_256_1_6.txt,barabasi_albert_10ins_m20,45,SpecAnn,0.8324141912694495,1.0,-65171.00000000001,0.0125279426574707,0,True,63,33,True,88,32,2025-11-16 05:18:56
ba_256_1_6.txt,barabasi_albert_10ins_m20,45,SpecAnn,0.8371304567239225,1.0,-65171.00000000001,0.0125882625579833,0,True,63,33,True,89,32,2025-11-16 05:18:56
ba_256_1_6.txt,barabasi_albert_10ins_m20,45,SpecAnn,0.8418202998994706,1.0,-65208.99999999999,0.0126762390136718,0,True,63,33,True,90,32,2025-11-16 05:18:56
ba_256_1_6.txt,barabasi_albert_10ins_m20,45,SpecAnn,0.846484159964536,1.0,-65208.99999999999,0.0126092433929443,0,True,63,33,True,91,32,2025-11-16 05:18:56
ba_256_1_6.txt,barabasi_albert_10ins_m20,45,SpecAnn,0.8511224640549078,1.0,-65208.99999999999,0.0126051902770996,0,True,63,33,True,92,32,2025-11-16 05:18:56
ba_256_1_6.txt,barabasi_albert_10ins_m20,45,SpecAnn,0.8557356277302758,1.0,-65171.00000000001,0.0127003192901611,0,True,63,33,True,93,32,2025-11-16 05:18:56
ba_256_1_6.txt,barabasi_albert_10ins_m20,45,SpecAnn,0.8603240554087516,1.0,-65171.00000000001,0.0125865936279296,0,True,63,33,True,94,32,2025-11-16 05:18:56
ba_256_1_6.txt,barabasi_albert_10ins_m20,45,SpecAnn,0.86488814078064,1.0,-65171.00000000001,0.0125598907470703,0,True,63,33,True,95,32,2025-11-16 05:18:56
ba_256_1_6.txt,barabasi_albert_10ins_m20,45,SpecAnn,0.8694282672026621,1.0,-65171.00000000001,0.0126254558563232,0,True,63,33,True,96,32,2025-11-16 05:18:56
ba_256_1_6.txt,barabasi_albert_10ins_m20,45,SpecAnn,0.8739448080737451,1.0,-65171.00000000001,0.0125064849853515,0,True,63,33,True,97,32,2025-11-16 05:18:56
ba_256_1_6.txt,barabasi_albert_10ins_m20,45,SpecAnn,0.878438127193422,1.0,-65171.00000000001,0.012526512145996,0,True,63,33,True,98,32,2025-11-16 05:18:56
ba_256_1_6.txt,barabasi_albert_10ins_m20,45,SpecAnn,0.8829085791038153,1.0,-65171.00000000001,0.0125598907470703,0,True,63,33,True,99,32,2025-11-16 05:18:56
ba_256_1_6.txt,barabasi_albert_10ins_m20,45,SpecAnn,0.8873565094161138,1.0,-65171.00000000001,0.0125489234924316,0,True,63,33,True,100,32,2025-11-16 05:18:56
ba_256_1_6.txt,barabasi_albert_10ins_m20,45,SpecAnn,0.8917822551223932,1.0,-65171.00000000001,0.0125327110290527,0,True,63,33,True,101,32,2025-11-16 05:18:56
ba_256_1_6.txt,barabasi_albert_10ins_m20,45,SpecAnn,0.8961861448935777,1.0,-65171.00000000001,0.0124716758728027,0,True,63,33,True,102,32,2025-11-16 05:18:56
ba_256_1_6.txt,barabasi_albert_10ins_m20,45,SpecAnn,0.9005684993642872,1.0,-65171.00000000001,0.0124850273132324,0,True,63,33,True,103,32,2025-11-16 05:18:56
ba_256_1_6.txt,barabasi_albert_10ins_m20,45,SpecAnn,0.9049296314052688,1.0,-65171.00000000001,0.012488842010498,0,True,63,33,True,104,32,2025-11-16 05:18:56
ba_256_1_6.txt,barabasi_albert_10ins_m20,45,SpecAnn,0.9092698463840684,1.0,-65171.00000000001,0.0125246047973632,0,True,63,33,True,105,32,2025-11-16 05:18:56
ba_256_1_6.txt,barabasi_albert_10ins_m20,45,SpecAnn,0.9135894424145556,1.0,-65171.00000000001,0.0126290321350097,0,True,63,33,True,106,32,2025-11-16 05:18:56
ba_256_1_6.txt,barabasi_albert_10ins_m20,45,SpecAnn,0.9178887105958816,1.0,-65171.00000000001,0.0128214359283447,0,True,63,33,True,107,32,2025-11-16 05:18:56
ba_256_1_6.txt,barabasi_albert_10ins_m20,45,SpecAnn,0.922167935241408,1.0,-65171.00000000001,0.0127828121185302,0,True,63,33,True,108,32,2025-11-16 05:18:56
ba_256_1_6.txt,barabasi_albert_10ins_m20,45,SpecAnn,0.92642739409812,1.0,-65171.00000000001,0.0127112865447998,0,True,63,33,True,109,32,2025-11-16 05:18:56
ba_256_1_6.txt,barabasi_albert_10ins_m20,45,SpecAnn,0.9306673585570006,1.0,-65171.00000000001,0.0126266479492187,0,True,63,33,True,110,32,2025-11-16 05:18:56
ba_256_1_6.txt,barabasi_albert_10ins_m20,45,SpecAnn,0.9348880938548184,1.0,-65171.00000000001,0.0125868320465087,0,True,63,33,True,111,32,2025-11-16 05:18:56
ba_256_1_6.txt,barabasi_albert_10ins_m20,45,SpecAnn,0.9390898592677528,1.0,-65171.00000000001,0.0126047134399414,0,True,63,33,True,112,32,2025-11-16 05:18:56
ba_256_1_6.txt,barabasi_albert_10ins_m20,45,SpecAnn,0.9432729082972536,1.0,-64913.0,0.0125129222869873,0,True,63,33,True,113,32,2025-11-16 05:18:56
ba_256_1_6.txt,barabasi_albert_10ins_m20,45,SpecAnn,0.9474374888485204,1.0,-64913.0,0.0127284526824951,0,True,63,33,True,114,32,2025-11-16 05:18:56
ba_256_1_6.txt,barabasi_albert_10ins_m20,45,SpecAnn,0.9515838434019476,1.0,-64853.0,0.0128207206726074,0,True,63,33,True,115,32,2025-11-16 05:18:56
ba_256_1_6.txt,barabasi_albert_10ins_m20,45,SpecAnn,0.9557122091778746,1.0,-65987.0,0.0127606391906738,0,True,63,33,True,116,32,2025-11-16 05:18:56
ba_256_1_6.txt,barabasi_albert_10ins_m20,45,SpecAnn,0.9598228182949629,1.0,-65987.0,0.0125815868377685,0,True,63,33,True,117,32,2025-11-16 05:18:56
ba_256_1_6.txt,barabasi_albert_10ins_m20,45,SpecAnn,0.963915897922488,1.0,-65987.0,0.0126175880432128,0,True,63,33,True,118,32,2025-11-16 05:18:56
ba_256_1_6.txt,barabasi_albert_10ins_m20,45,SpecAnn,0.967991670426842,1.0,-66120.99999999999,0.0125536918640136,0,True,63,33,True,119,32,2025-11-16 05:18:56
ba_256_1_6.txt,barabasi_albert_10ins_m20,45,SpecAnn,0.9720503535125016,1.0,-65987.0,0.0125119686126708,0,True,63,33,True,120,32,2025-11-16 05:18:56
ba_256_1_6.txt,barabasi_albert_10ins_m20,45,SpecAnn,0.9760921603577252,1.0,-65987.0,0.012479543685913,0,True,63,33,True,121,32,2025-11-16 05:18:56
ba_256_1_6.txt,barabasi_albert_10ins_m20,45,SpecAnn,0.9801172997452104,1.0,-65987.0,0.0125815868377685,0,True,63,33,True,122,32,2025-11-16 05:18:56
ba_256_1_6.txt,barabasi_albert_10ins_m20,45,SpecAnn,0.9841259761879442,1.0,-65987.0,0.0125513076782226,0,True,63,33,True,123,32,2025-11-16 05:18:56
ba_256_1_6.txt,barabasi_albert_10ins_m20,45,SpecAnn,0.9881183900504562,1.0,-64879.000000000015,0.0125877857208251,0,True,63,33,True,124,32,2025-11-16 05:18:56
ba_256_1_6.txt,barabasi_albert_10ins_m20,45,SpecAnn,0.9920947376656812,1.0,-64879.000000000015,0.0125463008880615,0,True,63,33,True,125,32,2025-11-16 05:18:56
ba_256_1_6.txt,barabasi_albert_10ins_m20,45,SpecAnn,0.9960552114476228,1.0,-64879.000000000015,0.0124909877777099,0,True,63,33,True,126,32,2025-11-16 05:18:56
ba_256_1_6.txt,barabasi_albert_10ins_m20,45,SpecAnn,1.0,1.0,-64879.000000000015,0.0125892162322998,0,True,63,33,True,127,32,2025-11-16 05:18:56
ba_256_1_6.txt,barabasi_albert_10ins_m20,46,SpecAnn,0.0,1.0,-64397.00000000001,0.0131540298461914,0,True,79,33,True,0,32,2025-11-16 05:18:56
ba_256_1_6.txt,barabasi_albert_10ins_m20,46,SpecAnn,0.0887356509416113,1.0,-61145.0,0.0125281810760498,0,True,79,33,True,1,32,2025-11-16 05:18:56
ba_256_1_6.txt,barabasi_albert_10ins_m20,46,SpecAnn,0.1254911610276317,1.0,-62761.00000000001,0.0125277042388916,0,True,79,33,True,2,32,2025-11-16 05:18:56
ba_256_1_6.txt,barabasi_albert_10ins_m20,46,SpecAnn,0.1536946558735679,1.0,-61603.0,0.0125548839569091,0,True,79,33,True,3,32,2025-11-16 05:18:56
ba_256_1_6.txt,barabasi_albert_10ins_m20,46,SpecAnn,0.1774713018832227,1.0,-64345.00000000001,0.0125043392181396,0,True,79,33,True,4,32,2025-11-16 05:18:56
ba_256_1_6.txt,barabasi_albert_10ins_m20,46,SpecAnn,0.1984189475331362,1.0,-64345.00000000001,0.0125606060028076,0,True,79,33,True,5,32,2025-11-16 05:18:56
ba_256_1_6.txt,barabasi_albert_10ins_m20,46,SpecAnn,0.2173570668006655,1.0,-61673.0,0.0125164985656738,0,True,79,33,True,6,32,2025-11-16 05:18:56
ba_256_1_6.txt,barabasi_albert_10ins_m20,46,SpecAnn,0.2347724648169381,1.0,-65231.0,0.0125758647918701,0,True,79,33,True,7,32,2025-11-16 05:18:56
ba_256_1_6.txt,barabasi_albert_10ins_m20,46,SpecAnn,0.2509823220552634,1.0,-61117.00000000001,0.0128037929534912,0,True,79,33,True,8,32,2025-11-16 05:18:56
ba_256_1_6.txt,barabasi_albert_10ins_m20,46,SpecAnn,0.2662069528248341,1.0,-61117.00000000001,0.0127077102661132,0,True,79,33,True,9,32,2025-11-16 05:18:56
ba_256_1_6.txt,barabasi_albert_10ins_m20,46,SpecAnn,0.2806067666331568,1.0,-62760.99999999999,0.0127646923065185,0,True,79,33,True,10,32,2025-11-16 05:18:56
ba_256_1_6.txt,barabasi_albert_10ins_m20,46,SpecAnn,0.2943028597012718,1.0,-62760.99999999999,0.0125269889831542,0,True,79,33,True,11,32,2025-11-16 05:18:56
ba_256_1_6.txt,barabasi_albert_10ins_m20,46,SpecAnn,0.3073893117471359,1.0,-62760.99999999999,0.012549877166748,0,True,79,33,True,12,32,2025-11-16 05:18:56
ba_256_1_6.txt,barabasi_albert_10ins_m20,46,SpecAnn,0.3199409394316542,1.0,-62760.99999999999,0.012521743774414,0,True,79,33,True,13,32,2025-11-16 05:18:56
ba_256_1_6.txt,barabasi_albert_10ins_m20,46,SpecAnn,0.3320184038158743,1.0,-62760.99999999999,0.0125799179077148,0,True,79,33,True,14,32,2025-11-16 05:18:56
ba_256_1_6.txt,barabasi_albert_10ins_m20,46,SpecAnn,0.3436716983117353,1.0,-63795.00000000001,0.0125606060028076,0,True,79,33,True,15,32,2025-11-16 05:18:56
ba_256_1_6.txt,barabasi_albert_10ins_m20,46,SpecAnn,0.3549426037664455,1.0,-63795.00000000001,0.0125675201416015,0,True,79,33,True,16,32,2025-11-16 05:18:56
ba_256_1_6.txt,barabasi_albert_10ins_m20,46,SpecAnn,0.3658664615902029,1.0,-63795.00000000001,0.0125155448913574,0,True,79,33,True,17,32,2025-11-16 05:18:56
ba_256_1_6.txt,barabasi_albert_10ins_m20,46,SpecAnn,0.3764734830828951,1.0,-61961.0,0.0125973224639892,0,True,79,33,True,18,32,2025-11-16 05:18:56
ba_256_1_6.txt,barabasi_albert_10ins_m20,46,SpecAnn,0.3867897351437838,1.0,-62793.0,0.0124759674072265,0,True,79,33,True,19,32,2025-11-16 05:18:56
ba_256_1_6.txt,barabasi_albert_10ins_m20,46,SpecAnn,0.3968378950662725,1.0,-62335.00000000001,0.0125372409820556,0,True,79,33,True,20,32,2025-11-16 05:18:56
ba_256_1_6.txt,barabasi_albert_10ins_m20,46,SpecAnn,0.4066378372811136,1.0,-61555.00000000001,0.0125820636749267,0,True,79,33,True,21,32,2025-11-16 05:18:56
ba_256_1_6.txt,barabasi_albert_10ins_m20,46,SpecAnn,0.4162070956347247,1.0,-61555.00000000001,0.012531042098999,0,True,79,33,True,22,32,2025-11-16 05:18:56
ba_256_1_6.txt,barabasi_albert_10ins_m20,46,SpecAnn,0.4255612320274539,1.0,-61555.00000000001,0.0125732421875,0,True,79,33,True,23,32,2025-11-16 05:18:57
ba_256_1_6.txt,barabasi_albert_10ins_m20,46,SpecAnn,0.434714133601331,1.0,-61555.00000000001,0.0127942562103271,0,True,79,33,True,24,32,2025-11-16 05:18:57
ba_256_1_6.txt,barabasi_albert_10ins_m20,46,SpecAnn,0.4436782547080569,1.0,-61345.000000000015,0.0127332210540771,0,True,79,33,True,25,32,2025-11-16 05:18:57
ba_256_1_6.txt,barabasi_albert_10ins_m20,46,SpecAnn,0.4524648157026343,1.0,-63297.0,0.0127699375152587,0,True,79,33,True,26,32,2025-11-16 05:18:57
ba_256_1_6.txt,barabasi_albert_10ins_m20,46,SpecAnn,0.4610839676207039,1.0,-62741.0,0.012646198272705,0,True,79,33,True,27,32,2025-11-16 05:18:57
ba_256_1_6.txt,barabasi_albert_10ins_m20,46,SpecAnn,0.4695449296338763,1.0,-62741.0,0.0125272274017333,0,True,79,33,True,28,32,2025-11-16 05:18:57
ba_256_1_6.txt,barabasi_albert_10ins_m20,46,SpecAnn,0.4778561045889373,1.0,-62835.0,0.0125155448913574,0,True,79,33,True,29,32,2025-11-16 05:18:57
ba_256_1_6.txt,barabasi_albert_10ins_m20,46,SpecAnn,0.4860251767562508,1.0,-62980.99999999999,0.0125441551208496,0,True,79,33,True,30,32,2025-11-16 05:18:57
ba_256_1_6.txt,barabasi_albert_10ins_m20,46,SpecAnn,0.4940591950252281,1.0,-62980.99999999999,0.0125811100006103,0,True,79,33,True,31,32,2025-11-16 05:18:57
ba_256_1_6.txt,barabasi_albert_10ins_m20,46,SpecAnn,0.5019646441105269,1.0,-62980.99999999999,0.012606143951416,0,True,79,33,True,32,32,2025-11-16 05:18:57
ba_256_1_6.txt,barabasi_albert_10ins_m20,46,SpecAnn,0.5097475058154177,1.0,-62980.99999999999,0.012578010559082,0,True,79,33,True,33,32,2025-11-16 05:18:57
ba_256_1_6.txt,barabasi_albert_10ins_m20,46,SpecAnn,0.51741331199832,1.0,-62980.99999999999,0.0126276016235351,0,True,79,33,True,34,32,2025-11-16 05:18:57
ba_256_1_6.txt,barabasi_albert_10ins_m20,46,SpecAnn,0.5249671905758515,1.0,-62980.99999999999,0.0127899646759033,0,True,79,33,True,35,32,2025-11-16 05:18:57
ba_256_1_6.txt,barabasi_albert_10ins_m20,46,SpecAnn,0.5324139056496683,1.0,-62980.99999999999,0.0127713680267333,0,True,79,33,True,36,32,2025-11-16 05:18:57
ba_256_1_6.txt,barabasi_albert_10ins_m20,46,SpecAnn,0.5397578926492556,1.0,-64383.0,0.0126938819885253,0,True,79,33,True,37,32,2025-11-16 05:18:57
ba_256_1_6.txt,barabasi_albert_10ins_m20,46,SpecAnn,0.5470032892270364,1.0,-63509.0,0.0125646591186523,0,True,79,33,True,38,32,2025-11-16 05:18:57
ba_256_1_6.txt,barabasi_albert_10ins_m20,46,SpecAnn,0.554153962516942,1.0,-63895.000000000015,0.0125269889831542,0,True,79,33,True,39,32,2025-11-16 05:18:57
ba_256_1_6.txt,barabasi_albert_10ins_m20,46,SpecAnn,0.5612135332663137,1.0,-64475.0,0.0126214027404785,0,True,79,33,True,40,32,2025-11-16 05:18:57
ba_256_1_6.txt,barabasi_albert_10ins_m20,46,SpecAnn,0.5681853972686127,1.0,-64661.00000000001,0.0125086307525634,0,True,79,33,True,41,32,2025-11-16 05:18:57
ba_256_1_6.txt,barabasi_albert_10ins_m20,46,SpecAnn,0.5750727444570146,1.0,-63625.000000000015,0.0126159191131591,0,True,79,33,True,42,32,2025-11-16 05:18:57
ba_256_1_6.txt,barabasi_albert_10ins_m20,46,SpecAnn,0.5818785759635375,1.0,-64475.0,0.0125293731689453,0,True,79,33,True,43,32,2025-11-16 05:18:57
ba_256_1_6.txt,barabasi_albert_10ins_m20,46,SpecAnn,0.5886057194025436,1.0,-64303.0,0.0125377178192138,0,True,79,33,True,44,32,2025-11-16 05:18:57
ba_256_1_6.txt,barabasi_albert_10ins_m20,46,SpecAnn,0.5952568425994088,1.0,-64551.00000000001,0.0125417709350585,0,True,79,33,True,45,32,2025-11-16 05:18:57
ba_256_1_6.txt,barabasi_albert_10ins_m20,46,SpecAnn,0.6018344659534288,1.0,-64579.00000000001,0.0125341415405273,0,True,79,33,True,46,32,2025-11-16 05:18:57
ba_256_1_6.txt,barabasi_albert_10ins_m20,46,SpecAnn,0.6083409735974393,1.0,-64629.0,0.0126533508300781,0,True,79,33,True,47,32,2025-11-16 05:18:57
ba_256_1_6.txt,barabasi_albert_10ins_m20,46,SpecAnn,0.6147786234942719,1.0,-63819.000000000015,0.0129516124725341,0,True,79,33,True,48,32,2025-11-16 05:18:57
ba_256_1_6.txt,barabasi_albert_10ins_m20,46,SpecAnn,0.6211495565912796,1.0,-65339.00000000001,0.0128233432769775,0,True,79,33,True,49,32,2025-11-16 05:18:57
ba_256_1_6.txt,barabasi_albert_10ins_m20,46,SpecAnn,0.6274558051381586,1.0,-65516.99999999999,0.0128357410430908,0,True,79,33,True,50,32,2025-11-16 05:18:57
ba_256_1_6.txt,barabasi_albert_10ins_m20,46,SpecAnn,0.6336993002596786,1.0,-65683.0,0.0127720832824707,0,True,79,33,True,51,32,2025-11-16 05:18:57
ba_256_1_6.txt,barabasi_albert_10ins_m20,46,SpecAnn,0.6398818788633085,1.0,-65061.0,0.0127787590026855,0,True,79,33,True,52,32,2025-11-16 05:18:57
ba_256_1_6.txt,barabasi_albert_10ins_m20,46,SpecAnn,0.6460052899517691,1.0,-65061.0,0.012622594833374,0,True,79,33,True,53,32,2025-11-16 05:18:57
ba_256_1_6.txt,barabasi_albert_10ins_m20,46,SpecAnn,0.6520712004019966,1.0,-65055.00000000001,0.0125601291656494,0,True,79,33,True,54,32,2025-11-16 05:18:57
ba_256_1_6.txt,barabasi_albert_10ins_m20,46,SpecAnn,0.6580812002646271,1.0,-64765.00000000001,0.0126006603240966,0,True,79,33,True,55,32,2025-11-16 05:18:57
ba_256_1_6.txt,barabasi_albert_10ins_m20,46,SpecAnn,0.6640368076317485,1.0,-64930.99999999999,0.0128529071807861,0,True,79,33,True,56,32,2025-11-16 05:18:57
ba_256_1_6.txt,barabasi_albert_10ins_m20,46,SpecAnn,0.6699394731151429,1.0,-65027.0,0.0127997398376464,0,True,79,33,True,57,32,2025-11-16 05:18:57
ba_256_1_6.txt,barabasi_albert_10ins_m20,46,SpecAnn,0.6757905839724513,1.0,-64936.99999999999,0.0128037929534912,0,True,79,33,True,58,32,2025-11-16 05:18:57
ba_256_1_6.txt,barabasi_albert_10ins_m20,46,SpecAnn,0.6815914679145113,1.0,-65017.000000000015,0.0125954151153564,0,True,79,33,True,59,32,2025-11-16 05:18:57
ba_256_1_6.txt,barabasi_albert_10ins_m20,46,SpecAnn,0.6873433966234707,1.0,-65069.00000000001,0.0125541687011718,0,True,79,33,True,60,32,2025-11-16 05:18:57
ba_256_1_6.txt,barabasi_albert_10ins_m20,46,SpecAnn,0.6930475890080863,1.0,-65121.00000000001,0.0125517845153808,0,True,79,33,True,61,32,2025-11-16 05:18:57
ba_256_1_6.txt,barabasi_albert_10ins_m20,46,SpecAnn,0.6987052142198116,1.0,-65121.00000000001,0.0125401020050048,0,True,79,33,True,62,32,2025-11-16 05:18:57
ba_256_1_6.txt,barabasi_albert_10ins_m20,46,SpecAnn,0.7043173944508145,1.0,-65227.0,0.0125966072082519,0,True,79,33,True,63,32,2025-11-16 05:18:57
ba_256_1_6.txt,barabasi_albert_10ins_m20,46,SpecAnn,0.709885207532891,1.0,-65227.0,0.0126397609710693,0,True,79,33,True,64,32,2025-11-16 05:18:57
ba_256_1_6.txt,barabasi_albert_10ins_m20,46,SpecAnn,0.7154096893543218,1.0,-65227.0,0.0125768184661865,0,True,79,33,True,65,32,2025-11-16 05:18:57
ba_256_1_6.txt,barabasi_albert_10ins_m20,46,SpecAnn,0.7208918361100219,1.0,-64993.0,0.0125873088836669,0,True,79,33,True,66,32,2025-11-16 05:18:57
ba_256_1_6.txt,barabasi_albert_10ins_m20,46,SpecAnn,0.7263326063988248,1.0,-64993.0,0.0124788284301757,0,True,79,33,True,67,32,2025-11-16 05:18:57
ba_256_1_6.txt,barabasi_albert_10ins_m20,46,SpecAnn,0.7317329231804058,1.0,-65310.99999999999,0.0125031471252441,0,True,79,33,True,68,32,2025-11-16 05:18:57
ba_256_1_6.txt,barabasi_albert_10ins_m20,46,SpecAnn,0.7370936756031579,1.0,-65310.99999999999,0.012568712234497,0,True,79,33,True,69,32,2025-11-16 05:18:57
ba_256_1_6.txt,barabasi_albert_10ins_m20,46,SpecAnn,0.7424157207132704,1.0,-65310.99999999999,0.0125288963317871,0,True,79,33,True,70,32,2025-11-16 05:18:57
ba_256_1_6.txt,barabasi_albert_10ins_m20,46,SpecAnn,0.7476998850543153,1.0,-64152.99999999999,0.0125997066497802,0,True,79,33,True,71,32,2025-11-16 05:18:57
ba_256_1_6.txt,barabasi_albert_10ins_m20,46,SpecAnn,0.7529469661657903,1.0,-64152.99999999999,0.0125849246978759,0,True,79,33,True,72,32,2025-11-16 05:18:57
ba_256_1_6.txt,barabasi_albert_10ins_m20,46,SpecAnn,0.7581577339883167,1.0,-64152.99999999999,0.0125861167907714,0,True,79,33,True,73,32,2025-11-16 05:18:57
ba_256_1_6.txt,barabasi_albert_10ins_m20,46,SpecAnn,0.7633329321824984,1.0,-64305.00000000001,0.0126473903656005,0,True,79,33,True,74,32,2025-11-16 05:18:57
ba_256_1_6.txt,barabasi_albert_10ins_m20,46,SpecAnn,0.7684732793678399,1.0,-64305.00000000001,0.0125665664672851,0,True,79,33,True,75,32,2025-11-16 05:18:57
ba_256_1_6.txt,barabasi_albert_10ins_m20,46,SpecAnn,0.7735794702875677,1.0,-64305.00000000001,0.0125937461853027,0,True,79,33,True,76,32,2025-11-16 05:18:57
ba_256_1_6.txt,barabasi_albert_10ins_m20,46,SpecAnn,0.7786521769046981,1.0,-64305.00000000001,0.0125608444213867,0,True,79,33,True,77,32,2025-11-16 05:18:57
ba_256_1_6.txt,barabasi_albert_10ins_m20,46,SpecAnn,0.7836920494342511,1.0,-64305.00000000001,0.012488842010498,0,True,79,33,True,78,32,2025-11-16 05:18:57
ba_256_1_6.txt,barabasi_albert_10ins_m20,46,SpecAnn,0.788699717316095,1.0,-64565.0,0.0125808715820312,0,True,79,33,True,79,32,2025-11-16 05:18:57
ba_256_1_6.txt,barabasi_albert_10ins_m20,46,SpecAnn,0.7936757901325451,1.0,-64565.0,0.012653112411499,0,True,79,33,True,80,32,2025-11-16 05:18:57
ba_256_1_6.txt,barabasi_albert_10ins_m20,46,SpecAnn,0.7986208584745024,1.0,-65171.00000000001,0.0125114917755126,0,True,79,33,True,81,32,2025-11-16 05:18:57
ba_256_1_6.txt,barabasi_albert_10ins_m20,46,SpecAnn,0.803535494759617,1.0,-65171.00000000001,0.0125386714935302,0,True,79,33,True,82,32,2025-11-16 05:18:57
ba_256_1_6.txt,barabasi_albert_10ins_m20,46,SpecAnn,0.8084202540056837,1.0,-65171.00000000001,0.0125792026519775,0,True,79,33,True,83,32,2025-11-16 05:18:57
ba_256_1_6.txt,barabasi_albert_10ins_m20,46,SpecAnn,0.8132756745622272,1.0,-65171.00000000001,0.0125250816345214,0,True,79,33,True,84,32,2025-11-16 05:18:57
ba_256_1_6.txt,barabasi_albert_10ins_m20,46,SpecAnn,0.8181022788030096,1.0,-65171.00000000001,0.0126445293426513,0,True,79,33,True,85,32,2025-11-16 05:18:57
ba_256_1_6.txt,barabasi_albert_10ins_m20,46,SpecAnn,0.822900573781978,1.0,-65171.00000000001,0.0125982761383056,0,True,79,33,True,86,32,2025-11-16 05:18:57
ba_256_1_6.txt,barabasi_albert_10ins_m20,46,SpecAnn,0.8276710518549868,1.0,-65171.00000000001,0.0126185417175292,0,True,79,33,True,87,32,2025-11-16 05:18:57
ba_256_1_6.txt,barabasi_albert_10ins_m20,46,SpecAnn,0.8324141912694495,1.0,-65171.00000000001,0.0128378868103027,0,True,79,33,True,88,32,2025-11-16 05:18:57
ba_256_1_6.txt,barabasi_albert_10ins_m20,46,SpecAnn,0.8371304567239225,1.0,-65171.00000000001,0.0127904415130615,0,True,79,33,True,89,32,2025-11-16 05:18:57
ba_256_1_6.txt,barabasi_albert_10ins_m20,46,SpecAnn,0.8418202998994706,1.0,-64693.0,0.0128254890441894,0,True,79,33,True,90,32,2025-11-16 05:18:57
ba_256_1_6.txt,barabasi_albert_10ins_m20,46,SpecAnn,0.846484159964536,1.0,-64693.0,0.0125777721405029,0,True,79,33,True,91,32,2025-11-16 05:18:57
ba_256_1_6.txt,barabasi_albert_10ins_m20,46,SpecAnn,0.8511224640549078,1.0,-64693.0,0.0126178264617919,0,True,79,33,True,92,32,2025-11-16 05:18:57
ba_256_1_6.txt,barabasi_albert_10ins_m20,46,SpecAnn,0.8557356277302758,1.0,-64973.0,0.0126559734344482,0,True,79,33,True,93,32,2025-11-16 05:18:57
ba_256_1_6.txt,barabasi_albert_10ins_m20,46,SpecAnn,0.8603240554087516,1.0,-64973.0,0.0126423835754394,0,True,79,33,True,94,32,2025-11-16 05:18:57
ba_256_1_6.txt,barabasi_albert_10ins_m20,46,SpecAnn,0.86488814078064,1.0,-64973.0,0.0126245021820068,0,True,79,33,True,95,32,2025-11-16 05:18:57
ba_256_1_6.txt,barabasi_albert_10ins_m20,46,SpecAnn,0.8694282672026621,1.0,-64973.0,0.0125532150268554,0,True,79,33,True,96,32,2025-11-16 05:18:57
ba_256_1_6.txt,barabasi_albert_10ins_m20,46,SpecAnn,0.8739448080737451,1.0,-64973.0,0.0125331878662109,0,True,79,33,True,97,32,2025-11-16 05:18:57
ba_256_1_6.txt,barabasi_albert_10ins_m20,46,SpecAnn,0.878438127193422,1.0,-64973.0,0.01263427734375,0,True,79,33,True,98,32,2025-11-16 05:18:57
ba_256_1_6.txt,barabasi_albert_10ins_m20,46,SpecAnn,0.8829085791038153,1.0,-64693.0,0.0125277042388916,0,True,79,33,True,99,32,2025-11-16 05:18:57
ba_256_1_6.txt,barabasi_albert_10ins_m20,46,SpecAnn,0.8873565094161138,1.0,-64693.0,0.0125677585601806,0,True,79,33,True,100,32,2025-11-16 05:18:57
ba_256_1_6.txt,barabasi_albert_10ins_m20,46,SpecAnn,0.8917822551223932,1.0,-64693.0,0.0125153064727783,0,True,79,33,True,101,32,2025-11-16 05:18:57
ba_256_1_6.txt,barabasi_albert_10ins_m20,46,SpecAnn,0.8961861448935777,1.0,-64693.0,0.0125377178192138,0,True,79,33,True,102,32,2025-11-16 05:18:58
ba_256_1_6.txt,barabasi_albert_10ins_m20,46,SpecAnn,0.9005684993642872,1.0,-64781.00000000001,0.0126030445098876,0,True,79,33,True,103,32,2025-11-16 05:18:58
ba_256_1_6.txt,barabasi_albert_10ins_m20,46,SpecAnn,0.9049296314052688,1.0,-64781.00000000001,0.0128469467163085,0,True,79,33,True,104,32,2025-11-16 05:18:58
ba_256_1_6.txt,barabasi_albert_10ins_m20,46,SpecAnn,0.9092698463840684,1.0,-64781.00000000001,0.0127558708190917,0,True,79,33,True,105,32,2025-11-16 05:18:58
ba_256_1_6.txt,barabasi_albert_10ins_m20,46,SpecAnn,0.9135894424145556,1.0,-64781.00000000001,0.0127553939819335,0,True,79,33,True,106,32,2025-11-16 05:18:58
ba_256_1_6.txt,barabasi_albert_10ins_m20,46,SpecAnn,0.9178887105958816,1.0,-64781.00000000001,0.0126204490661621,0,True,79,33,True,107,32,2025-11-16 05:18:58
ba_256_1_6.txt,barabasi_albert_10ins_m20,46,SpecAnn,0.922167935241408,1.0,-64781.00000000001,0.0125184059143066,0,True,79,33,True,108,32,2025-11-16 05:18:58
ba_256_1_6.txt,barabasi_albert_10ins_m20,46,SpecAnn,0.92642739409812,1.0,-64781.00000000001,0.0125935077667236,0,True,79,33,True,109,32,2025-11-16 05:18:58
ba_256_1_6.txt,barabasi_albert_10ins_m20,46,SpecAnn,0.9306673585570006,1.0,-64781.00000000001,0.0125579833984375,0,True,79,33,True,110,32,2025-11-16 05:18:58
ba_256_1_6.txt,barabasi_albert_10ins_m20,46,SpecAnn,0.9348880938548184,1.0,-64781.00000000001,0.0125565528869628,0,True,79,33,True,111,32,2025-11-16 05:18:58
ba_256_1_6.txt,barabasi_albert_10ins_m20,46,SpecAnn,0.9390898592677528,1.0,-64781.00000000001,0.0125372409820556,0,True,79,33,True,112,32,2025-11-16 05:18:58
ba_256_1_6.txt,barabasi_albert_10ins_m20,46,SpecAnn,0.9432729082972536,1.0,-64979.0,0.0125610828399658,0,True,79,33,True,113,32,2025-11-16 05:18:58
ba_256_1_6.txt,barabasi_albert_10ins_m20,46,SpecAnn,0.9474374888485204,1.0,-64979.0,0.0125508308410644,0,True,79,33,True,114,32,2025-11-16 05:18:58
ba_256_1_6.txt,barabasi_albert_10ins_m20,46,SpecAnn,0.9515838434019476,1.0,-64659.0,0.0125665664672851,0,True,79,33,True,115,32,2025-11-16 05:18:58
ba_256_1_6.txt,barabasi_albert_10ins_m20,46,SpecAnn,0.9557122091778746,1.0,-65409.000000000015,0.0125448703765869,0,True,79,33,True,116,32,2025-11-16 05:18:58
ba_256_1_6.txt,barabasi_albert_10ins_m20,46,SpecAnn,0.9598228182949629,1.0,-65409.000000000015,0.0124664306640625,0,True,79,33,True,117,32,2025-11-16 05:18:58
ba_256_1_6.txt,barabasi_albert_10ins_m20,46,SpecAnn,0.963915897922488,1.0,-65409.000000000015,0.0125184059143066,0,True,79,33,True,118,32,2025-11-16 05:18:58
ba_256_1_6.txt,barabasi_albert_10ins_m20,46,SpecAnn,0.967991670426842,1.0,-65831.00000000001,0.0126163959503173,0,True,79,33,True,119,32,2025-11-16 05:18:58
ba_256_1_6.txt,barabasi_albert_10ins_m20,46,SpecAnn,0.9720503535125016,1.0,-65691.0,0.0125441551208496,0,True,79,33,True,120,32,2025-11-16 05:18:58
ba_256_1_6.txt,barabasi_albert_10ins_m20,46,SpecAnn,0.9760921603577252,1.0,-65691.0,0.0125660896301269,0,True,79,33,True,121,32,2025-11-16 05:18:58
ba_256_1_6.txt,barabasi_albert_10ins_m20,46,SpecAnn,0.9801172997452104,1.0,-65691.0,0.0125153064727783,0,True,79,33,True,122,32,2025-11-16 05:18:58
ba_256_1_6.txt,barabasi_albert_10ins_m20,46,SpecAnn,0.9841259761879442,1.0,-65691.0,0.0125808715820312,0,True,79,33,True,123,32,2025-11-16 05:18:58
ba_256_1_6.txt,barabasi_albert_10ins_m20,46,SpecAnn,0.9881183900504562,1.0,-65389.00000000001,0.0125622749328613,0,True,79,33,True,124,32,2025-11-16 05:18:58
ba_256_1_6.txt,barabasi_albert_10ins_m20,46,SpecAnn,0.9920947376656812,1.0,-65389.00000000001,0.0125694274902343,0,True,79,33,True,125,32,2025-11-16 05:18:58
ba_256_1_6.txt,barabasi_albert_10ins_m20,46,SpecAnn,0.9960552114476228,1.0,-65389.00000000001,0.0125589370727539,0,True,79,33,True,126,32,2025-11-16 05:18:58
ba_256_1_6.txt,barabasi_albert_10ins_m20,46,SpecAnn,1.0,1.0,-65389.00000000001,0.0128273963928222,0,True,79,33,True,127,32,2025-11-16 05:18:58
ba_256_1_6.txt,barabasi_albert_10ins_m20,47,SpecAnn,0.0,1.0,-63081.0,0.0132515430450439,0,True,82,33,True,0,32,2025-11-16 05:18:58
ba_256_1_6.txt,barabasi_albert_10ins_m20,47,SpecAnn,0.0887356509416113,1.0,-61377.00000000001,0.0126571655273437,0,True,82,33,True,1,32,2025-11-16 05:18:58
ba_256_1_6.txt,barabasi_albert_10ins_m20,47,SpecAnn,0.1254911610276317,1.0,-61157.0,0.0126481056213378,0,True,82,33,True,2,32,2025-11-16 05:18:58
ba_256_1_6.txt,barabasi_albert_10ins_m20,47,SpecAnn,0.1536946558735679,1.0,-59698.99999999999,0.0126852989196777,0,True,82,33,True,3,32,2025-11-16 05:18:58
ba_256_1_6.txt,barabasi_albert_10ins_m20,47,SpecAnn,0.1774713018832227,1.0,-60081.000000000015,0.0126440525054931,0,True,82,33,True,4,32,2025-11-16 05:18:58
ba_256_1_6.txt,barabasi_albert_10ins_m20,47,SpecAnn,0.1984189475331362,1.0,-60081.000000000015,0.0126821994781494,0,True,82,33,True,5,32,2025-11-16 05:18:58
ba_256_1_6.txt,barabasi_albert_10ins_m20,47,SpecAnn,0.2173570668006655,1.0,-60250.99999999999,0.0126540660858154,0,True,82,33,True,6,32,2025-11-16 05:18:58
ba_256_1_6.txt,barabasi_albert_10ins_m20,47,SpecAnn,0.2347724648169381,1.0,-60219.00000000001,0.0129001140594482,0,True,82,33,True,7,32,2025-11-16 05:18:58
ba_256_1_6.txt,barabasi_albert_10ins_m20,47,SpecAnn,0.2509823220552634,1.0,-62593.00000000001,0.0127632617950439,0,True,82,33,True,8,32,2025-11-16 05:18:58
ba_256_1_6.txt,barabasi_albert_10ins_m20,47,SpecAnn,0.2662069528248341,1.0,-62593.00000000001,0.0126795768737792,0,True,82,33,True,9,32,2025-11-16 05:18:58
ba_256_1_6.txt,barabasi_albert_10ins_m20,47,SpecAnn,0.2806067666331568,1.0,-62687.00000000001,0.0126380920410156,0,True,82,33,True,10,32,2025-11-16 05:18:58
ba_256_1_6.txt,barabasi_albert_10ins_m20,47,SpecAnn,0.2943028597012718,1.0,-62687.00000000001,0.012639045715332,0,True,82,33,True,11,32,2025-11-16 05:18:58
ba_256_1_6.txt,barabasi_albert_10ins_m20,47,SpecAnn,0.3073893117471359,1.0,-62687.00000000001,0.0126678943634033,0,True,82,33,True,12,32,2025-11-16 05:18:58
ba_256_1_6.txt,barabasi_albert_10ins_m20,47,SpecAnn,0.3199409394316542,1.0,-62687.00000000001,0.0126423835754394,0,True,82,33,True,13,32,2025-11-16 05:18:58
ba_256_1_6.txt,barabasi_albert_10ins_m20,47,SpecAnn,0.3320184038158743,1.0,-62687.00000000001,0.0126190185546875,0,True,82,33,True,14,32,2025-11-16 05:18:58
ba_256_1_6.txt,barabasi_albert_10ins_m20,47,SpecAnn,0.3436716983117353,1.0,-63889.0,0.0126519203186035,0,True,82,33,True,15,32,2025-11-16 05:18:58
ba_256_1_6.txt,barabasi_albert_10ins_m20,47,SpecAnn,0.3549426037664455,1.0,-63889.0,0.0125813484191894,0,True,82,33,True,16,32,2025-11-16 05:18:58
ba_256_1_6.txt,barabasi_albert_10ins_m20,47,SpecAnn,0.3658664615902029,1.0,-63889.0,0.0126464366912841,0,True,82,33,True,17,32,2025-11-16 05:18:58
ba_256_1_6.txt,barabasi_albert_10ins_m20,47,SpecAnn,0.3764734830828951,1.0,-61952.99999999999,0.0126416683197021,0,True,82,33,True,18,32,2025-11-16 05:18:58
ba_256_1_6.txt,barabasi_albert_10ins_m20,47,SpecAnn,0.3867897351437838,1.0,-62247.0,0.0126783847808837,0,True,82,33,True,19,32,2025-11-16 05:18:58
ba_256_1_6.txt,barabasi_albert_10ins_m20,47,SpecAnn,0.3968378950662725,1.0,-62984.99999999999,0.0126650333404541,0,True,82,33,True,20,32,2025-11-16 05:18:58
ba_256_1_6.txt,barabasi_albert_10ins_m20,47,SpecAnn,0.4066378372811136,1.0,-62186.99999999999,0.0125494003295898,0,True,82,33,True,21,32,2025-11-16 05:18:58
ba_256_1_6.txt,barabasi_albert_10ins_m20,47,SpecAnn,0.4162070956347247,1.0,-62186.99999999999,0.0125923156738281,0,True,82,33,True,22,32,2025-11-16 05:18:58
ba_256_1_6.txt,barabasi_albert_10ins_m20,47,SpecAnn,0.4255612320274539,1.0,-62186.99999999999,0.0125575065612792,0,True,82,33,True,23,32,2025-11-16 05:18:58
ba_256_1_6.txt,barabasi_albert_10ins_m20,47,SpecAnn,0.434714133601331,1.0,-62186.99999999999,0.012526512145996,0,True,82,33,True,24,32,2025-11-16 05:18:58
ba_256_1_6.txt,barabasi_albert_10ins_m20,47,SpecAnn,0.4436782547080569,1.0,-63817.00000000001,0.0125682353973388,0,True,82,33,True,25,32,2025-11-16 05:18:58
ba_256_1_6.txt,barabasi_albert_10ins_m20,47,SpecAnn,0.4524648157026343,1.0,-63387.00000000001,0.0125114917755126,0,True,82,33,True,26,32,2025-11-16 05:18:58
ba_256_1_6.txt,barabasi_albert_10ins_m20,47,SpecAnn,0.4610839676207039,1.0,-62039.00000000001,0.0125510692596435,0,True,82,33,True,27,32,2025-11-16 05:18:58
ba_256_1_6.txt,barabasi_albert_10ins_m20,47,SpecAnn,0.4695449296338763,1.0,-62039.00000000001,0.0126333236694335,0,True,82,33,True,28,32,2025-11-16 05:18:58
ba_256_1_6.txt,barabasi_albert_10ins_m20,47,SpecAnn,0.4778561045889373,1.0,-63801.00000000001,0.0127825736999511,0,True,82,33,True,29,32,2025-11-16 05:18:58
ba_256_1_6.txt,barabasi_albert_10ins_m20,47,SpecAnn,0.4860251767562508,1.0,-64235.00000000001,0.0127761363983154,0,True,82,33,True,30,32,2025-11-16 05:18:58
ba_256_1_6.txt,barabasi_albert_10ins_m20,47,SpecAnn,0.4940591950252281,1.0,-64235.00000000001,0.012690782546997,0,True,82,33,True,31,32,2025-11-16 05:18:58
ba_256_1_6.txt,barabasi_albert_10ins_m20,47,SpecAnn,0.5019646441105269,1.0,-64235.00000000001,0.0126309394836425,0,True,82,33,True,32,32,2025-11-16 05:18:58
ba_256_1_6.txt,barabasi_albert_10ins_m20,47,SpecAnn,0.5097475058154177,1.0,-64235.00000000001,0.0125436782836914,0,True,82,33,True,33,32,2025-11-16 05:18:58
ba_256_1_6.txt,barabasi_albert_10ins_m20,47,SpecAnn,0.51741331199832,1.0,-64235.00000000001,0.0124821662902832,0,True,82,33,True,34,32,2025-11-16 05:18:58
ba_256_1_6.txt,barabasi_albert_10ins_m20,47,SpecAnn,0.5249671905758515,1.0,-64235.00000000001,0.0125288963317871,0,True,82,33,True,35,32,2025-11-16 05:18:58
ba_256_1_6.txt,barabasi_albert_10ins_m20,47,SpecAnn,0.5324139056496683,1.0,-64235.00000000001,0.012589693069458,0,True,82,33,True,36,32,2025-11-16 05:18:58
ba_256_1_6.txt,barabasi_albert_10ins_m20,47,SpecAnn,0.5397578926492556,1.0,-62675.00000000001,0.0125319957733154,0,True,82,33,True,37,32,2025-11-16 05:18:58
ba_256_1_6.txt,barabasi_albert_10ins_m20,47,SpecAnn,0.5470032892270364,1.0,-65045.00000000001,0.0125248432159423,0,True,82,33,True,38,32,2025-11-16 05:18:58
ba_256_1_6.txt,barabasi_albert_10ins_m20,47,SpecAnn,0.554153962516942,1.0,-63361.0,0.0125782489776611,0,True,82,33,True,39,32,2025-11-16 05:18:58
ba_256_1_6.txt,barabasi_albert_10ins_m20,47,SpecAnn,0.5612135332663137,1.0,-63025.00000000001,0.0124340057373046,0,True,82,33,True,40,32,2025-11-16 05:18:58
ba_256_1_6.txt,barabasi_albert_10ins_m20,47,SpecAnn,0.5681853972686127,1.0,-63361.0,0.0125734806060791,0,True,82,33,True,41,32,2025-11-16 05:18:58
ba_256_1_6.txt,barabasi_albert_10ins_m20,47,SpecAnn,0.5750727444570146,1.0,-64347.0,0.0124955177307128,0,True,82,33,True,42,32,2025-11-16 05:18:59
ba_256_1_6.txt,barabasi_albert_10ins_m20,47,SpecAnn,0.5818785759635375,1.0,-63617.00000000001,0.0125007629394531,0,True,82,33,True,43,32,2025-11-16 05:18:59
ba_256_1_6.txt,barabasi_albert_10ins_m20,47,SpecAnn,0.5886057194025436,1.0,-64522.99999999999,0.0125637054443359,0,True,82,33,True,44,32,2025-11-16 05:18:59
ba_256_1_6.txt,barabasi_albert_10ins_m20,47,SpecAnn,0.5952568425994088,1.0,-64551.00000000001,0.0127320289611816,0,True,82,33,True,45,32,2025-11-16 05:18:59
ba_256_1_6.txt,barabasi_albert_10ins_m20,47,SpecAnn,0.6018344659534288,1.0,-64345.00000000001,0.0128138065338134,0,True,82,33,True,46,32,2025-11-16 05:18:59
ba_256_1_6.txt,barabasi_albert_10ins_m20,47,SpecAnn,0.6083409735974393,1.0,-64386.99999999999,0.0128183364868164,0,True,82,33,True,47,32,2025-11-16 05:18:59
ba_256_1_6.txt,barabasi_albert_10ins_m20,47,SpecAnn,0.6147786234942719,1.0,-64276.99999999999,0.0127296447753906,0,True,82,33,True,48,32,2025-11-16 05:18:59
ba_256_1_6.txt,barabasi_albert_10ins_m20,47,SpecAnn,0.6211495565912796,1.0,-65169.0,0.0125954151153564,0,True,82,33,True,49,32,2025-11-16 05:18:59
ba_256_1_6.txt,barabasi_albert_10ins_m20,47,SpecAnn,0.6274558051381586,1.0,-65119.00000000001,0.0126144886016845,0,True,82,33,True,50,32,2025-11-16 05:18:59
ba_256_1_6.txt,barabasi_albert_10ins_m20,47,SpecAnn,0.6336993002596786,1.0,-64729.00000000001,0.0126736164093017,0,True,82,33,True,51,32,2025-11-16 05:18:59
ba_256_1_6.txt,barabasi_albert_10ins_m20,47,SpecAnn,0.6398818788633085,1.0,-65055.00000000001,0.0126299858093261,0,True,82,33,True,52,32,2025-11-16 05:18:59
ba_256_1_6.txt,barabasi_albert_10ins_m20,47,SpecAnn,0.6460052899517691,1.0,-64711.0,0.012599229812622,0,True,82,33,True,53,32,2025-11-16 05:18:59
ba_256_1_6.txt,barabasi_albert_10ins_m20,47,SpecAnn,0.6520712004019966,1.0,-65275.00000000001,0.0126681327819824,0,True,82,33,True,54,32,2025-11-16 05:18:59
ba_256_1_6.txt,barabasi_albert_10ins_m20,47,SpecAnn,0.6580812002646271,1.0,-64765.00000000001,0.0128664970397949,0,True,82,33,True,55,32,2025-11-16 05:18:59
ba_256_1_6.txt,barabasi_albert_10ins_m20,47,SpecAnn,0.6640368076317485,1.0,-64765.00000000001,0.0128858089447021,0,True,82,33,True,56,32,2025-11-16 05:18:59
ba_256_1_6.txt,barabasi_albert_10ins_m20,47,SpecAnn,0.6699394731151429,1.0,-65157.0,0.0128366947174072,0,True,82,33,True,57,32,2025-11-16 05:18:59
ba_256_1_6.txt,barabasi_albert_10ins_m20,47,SpecAnn,0.6757905839724513,1.0,-65197.0,0.0128374099731445,0,True,82,33,True,58,32,2025-11-16 05:18:59
ba_256_1_6.txt,barabasi_albert_10ins_m20,47,SpecAnn,0.6815914679145113,1.0,-65247.00000000001,0.0126261711120605,0,True,82,33,True,59,32,2025-11-16 05:18:59
ba_256_1_6.txt,barabasi_albert_10ins_m20,47,SpecAnn,0.6873433966234707,1.0,-65142.99999999999,0.0125813484191894,0,True,82,33,True,60,32,2025-11-16 05:18:59
ba_256_1_6.txt,barabasi_albert_10ins_m20,47,SpecAnn,0.6930475890080863,1.0,-65197.0,0.0126543045043945,0,True,82,33,True,61,32,2025-11-16 05:18:59
ba_256_1_6.txt,barabasi_albert_10ins_m20,47,SpecAnn,0.6987052142198116,1.0,-65197.0,0.0125660896301269,0,True,82,33,True,62,32,2025-11-16 05:18:59
ba_256_1_6.txt,barabasi_albert_10ins_m20,47,SpecAnn,0.7043173944508145,1.0,-65499.000000000015,0.0126166343688964,0,True,82,33,True,63,32,2025-11-16 05:18:59
ba_256_1_6.txt,barabasi_albert_10ins_m20,47,SpecAnn,0.709885207532891,1.0,-65315.0,0.0126538276672363,0,True,82,33,True,64,32,2025-11-16 05:18:59
ba_256_1_6.txt,barabasi_albert_10ins_m20,47,SpecAnn,0.7154096893543218,1.0,-65499.000000000015,0.0125629901885986,0,True,82,33,True,65,32,2025-11-16 05:18:59
ba_256_1_6.txt,barabasi_albert_10ins_m20,47,SpecAnn,0.7208918361100219,1.0,-65499.000000000015,0.012669563293457,0,True,82,33,True,66,32,2025-11-16 05:18:59
ba_256_1_6.txt,barabasi_albert_10ins_m20,47,SpecAnn,0.7263326063988248,1.0,-65499.000000000015,0.0128514766693115,0,True,82,33,True,67,32,2025-11-16 05:18:59
ba_256_1_6.txt,barabasi_albert_10ins_m20,47,SpecAnn,0.7317329231804058,1.0,-65121.00000000001,0.0129287242889404,0,True,82,33,True,68,32,2025-11-16 05:18:59
ba_256_1_6.txt,barabasi_albert_10ins_m20,47,SpecAnn,0.7370936756031579,1.0,-65121.00000000001,0.0128777027130126,0,True,82,33,True,69,32,2025-11-16 05:18:59
ba_256_1_6.txt,barabasi_albert_10ins_m20,47,SpecAnn,0.7424157207132704,1.0,-65121.00000000001,0.0128228664398193,0,True,82,33,True,70,32,2025-11-16 05:18:59
ba_256_1_6.txt,barabasi_albert_10ins_m20,47,SpecAnn,0.7476998850543153,1.0,-65341.0,0.0128669738769531,0,True,82,33,True,71,32,2025-11-16 05:18:59
ba_256_1_6.txt,barabasi_albert_10ins_m20,47,SpecAnn,0.7529469661657903,1.0,-65341.0,0.0127687454223632,0,True,82,33,True,72,32,2025-11-16 05:18:59
ba_256_1_6.txt,barabasi_albert_10ins_m20,47,SpecAnn,0.7581577339883167,1.0,-65341.0,0.012549877166748,0,True,82,33,True,73,32,2025-11-16 05:18:59
ba_256_1_6.txt,barabasi_albert_10ins_m20,47,SpecAnn,0.7633329321824984,1.0,-65169.0,0.0126492977142333,0,True,82,33,True,74,32,2025-11-16 05:18:59
ba_256_1_6.txt,barabasi_albert_10ins_m20,47,SpecAnn,0.7684732793678399,1.0,-65169.0,0.0125715732574462,0,True,82,33,True,75,32,2025-11-16 05:18:59
ba_256_1_6.txt,barabasi_albert_10ins_m20,47,SpecAnn,0.7735794702875677,1.0,-65497.00000000002,0.0126271247863769,0,True,82,33,True,76,32,2025-11-16 05:18:59
ba_256_1_6.txt,barabasi_albert_10ins_m20,47,SpecAnn,0.7786521769046981,1.0,-65497.00000000002,0.0127813816070556,0,True,82,33,True,77,32,2025-11-16 05:18:59
ba_256_1_6.txt,barabasi_albert_10ins_m20,47,SpecAnn,0.7836920494342511,1.0,-65497.00000000002,0.0127537250518798,0,True,82,33,True,78,32,2025-11-16 05:18:59
ba_256_1_6.txt,barabasi_albert_10ins_m20,47,SpecAnn,0.788699717316095,1.0,-65169.0,0.0127956867218017,0,True,82,33,True,79,32,2025-11-16 05:18:59
ba_256_1_6.txt,barabasi_albert_10ins_m20,47,SpecAnn,0.7936757901325451,1.0,-65497.00000000002,0.0126736164093017,0,True,82,33,True,80,32,2025-11-16 05:18:59
ba_256_1_6.txt,barabasi_albert_10ins_m20,47,SpecAnn,0.7986208584745024,1.0,-65497.00000000002,0.0125887393951416,0,True,82,33,True,81,32,2025-11-16 05:18:59
ba_256_1_6.txt,barabasi_albert_10ins_m20,47,SpecAnn,0.803535494759617,1.0,-65497.00000000002,0.012582778930664,0,True,82,33,True,82,32,2025-11-16 05:18:59
ba_256_1_6.txt,barabasi_albert_10ins_m20,47,SpecAnn,0.8084202540056837,1.0,-65497.00000000002,0.0126581192016601,0,True,82,33,True,83,32,2025-11-16 05:18:59
ba_256_1_6.txt,barabasi_albert_10ins_m20,47,SpecAnn,0.8132756745622272,1.0,-65497.00000000002,0.0126943588256835,0,True,82,33,True,84,32,2025-11-16 05:18:59
ba_256_1_6.txt,barabasi_albert_10ins_m20,47,SpecAnn,0.8181022788030096,1.0,-65497.00000000002,0.012627363204956,0,True,82,33,True,85,32,2025-11-16 05:18:59
ba_256_1_6.txt,barabasi_albert_10ins_m20,47,SpecAnn,0.822900573781978,1.0,-65497.00000000002,0.0125737190246582,0,True,82,33,True,86,32,2025-11-16 05:18:59
ba_256_1_6.txt,barabasi_albert_10ins_m20,47,SpecAnn,0.8276710518549868,1.0,-65497.00000000002,0.0125551223754882,0,True,82,33,True,87,32,2025-11-16 05:18:59
ba_256_1_6.txt,barabasi_albert_10ins_m20,47,SpecAnn,0.8324141912694495,1.0,-65497.00000000002,0.0125861167907714,0,True,82,33,True,88,32,2025-11-16 05:18:59
ba_256_1_6.txt,barabasi_albert_10ins_m20,47,SpecAnn,0.8371304567239225,1.0,-65497.00000000002,0.0126256942749023,0,True,82,33,True,89,32,2025-11-16 05:18:59
ba_256_1_6.txt,barabasi_albert_10ins_m20,47,SpecAnn,0.8418202998994706,1.0,-65180.99999999999,0.0126361846923828,0,True,82,33,True,90,32,2025-11-16 05:18:59
ba_256_1_6.txt,barabasi_albert_10ins_m20,47,SpecAnn,0.846484159964536,1.0,-65180.99999999999,0.0127894878387451,0,True,82,33,True,91,32,2025-11-16 05:18:59
ba_256_1_6.txt,barabasi_albert_10ins_m20,47,SpecAnn,0.8511224640549078,1.0,-65180.99999999999,0.0125980377197265,0,True,82,33,True,92,32,2025-11-16 05:18:59
ba_256_1_6.txt,barabasi_albert_10ins_m20,47,SpecAnn,0.8557356277302758,1.0,-65497.00000000002,0.0127277374267578,0,True,82,33,True,93,32,2025-11-16 05:18:59
ba_256_1_6.txt,barabasi_albert_10ins_m20,47,SpecAnn,0.8603240554087516,1.0,-65497.00000000002,0.0127122402191162,0,True,82,33,True,94,32,2025-11-16 05:18:59
ba_256_1_6.txt,barabasi_albert_10ins_m20,47,SpecAnn,0.86488814078064,1.0,-65497.00000000002,0.0126831531524658,0,True,82,33,True,95,32,2025-11-16 05:18:59
ba_256_1_6.txt,barabasi_albert_10ins_m20,47,SpecAnn,0.8694282672026621,1.0,-65497.00000000002,0.012571096420288,0,True,82,33,True,96,32,2025-11-16 05:18:59
ba_256_1_6.txt,barabasi_albert_10ins_m20,47,SpecAnn,0.8739448080737451,1.0,-65497.00000000002,0.0125672817230224,0,True,82,33,True,97,32,2025-11-16 05:18:59
ba_256_1_6.txt,barabasi_albert_10ins_m20,47,SpecAnn,0.878438127193422,1.0,-65497.00000000002,0.0126409530639648,0,True,82,33,True,98,32,2025-11-16 05:18:59
ba_256_1_6.txt,barabasi_albert_10ins_m20,47,SpecAnn,0.8829085791038153,1.0,-65191.000000000015,0.0126256942749023,0,True,82,33,True,99,32,2025-11-16 05:18:59
ba_256_1_6.txt,barabasi_albert_10ins_m20,47,SpecAnn,0.8873565094161138,1.0,-65191.000000000015,0.0125038623809814,0,True,82,33,True,100,32,2025-11-16 05:18:59
ba_256_1_6.txt,barabasi_albert_10ins_m20,47,SpecAnn,0.8917822551223932,1.0,-65191.000000000015,0.0126609802246093,0,True,82,33,True,101,32,2025-11-16 05:18:59
ba_256_1_6.txt,barabasi_albert_10ins_m20,47,SpecAnn,0.8961861448935777,1.0,-65191.000000000015,0.0125458240509033,0,True,82,33,True,102,32,2025-11-16 05:18:59
ba_256_1_6.txt,barabasi_albert_10ins_m20,47,SpecAnn,0.9005684993642872,1.0,-65169.0,0.0125946998596191,0,True,82,33,True,103,32,2025-11-16 05:18:59
ba_256_1_6.txt,barabasi_albert_10ins_m20,47,SpecAnn,0.9049296314052688,1.0,-65169.0,0.0126714706420898,0,True,82,33,True,104,32,2025-11-16 05:18:59
ba_256_1_6.txt,barabasi_albert_10ins_m20,47,SpecAnn,0.9092698463840684,1.0,-65169.0,0.0125975608825683,0,True,82,33,True,105,32,2025-11-16 05:18:59
ba_256_1_6.txt,barabasi_albert_10ins_m20,47,SpecAnn,0.9135894424145556,1.0,-65169.0,0.0126359462738037,0,True,82,33,True,106,32,2025-11-16 05:18:59
ba_256_1_6.txt,barabasi_albert_10ins_m20,47,SpecAnn,0.9178887105958816,1.0,-65169.0,0.012603759765625,0,True,82,33,True,107,32,2025-11-16 05:18:59
ba_256_1_6.txt,barabasi_albert_10ins_m20,47,SpecAnn,0.922167935241408,1.0,-65169.0,0.0126605033874511,0,True,82,33,True,108,32,2025-11-16 05:18:59
ba_256_1_6.txt,barabasi_albert_10ins_m20,47,SpecAnn,0.92642739409812,1.0,-65169.0,0.0128035545349121,0,True,82,33,True,109,32,2025-11-16 05:18:59
ba_256_1_6.txt,barabasi_albert_10ins_m20,47,SpecAnn,0.9306673585570006,1.0,-65169.0,0.0128226280212402,0,True,82,33,True,110,32,2025-11-16 05:18:59
ba_256_1_6.txt,barabasi_albert_10ins_m20,47,SpecAnn,0.9348880938548184,1.0,-65169.0,0.01277756690979,0,True,82,33,True,111,32,2025-11-16 05:18:59
ba_256_1_6.txt,barabasi_albert_10ins_m20,47,SpecAnn,0.9390898592677528,1.0,-65169.0,0.012657880783081,0,True,82,33,True,112,32,2025-11-16 05:18:59
ba_256_1_6.txt,barabasi_albert_10ins_m20,47,SpecAnn,0.9432729082972536,1.0,-65497.00000000002,0.0125734806060791,0,True,82,33,True,113,32,2025-11-16 05:18:59
ba_256_1_6.txt,barabasi_albert_10ins_m20,47,SpecAnn,0.9474374888485204,1.0,-65497.00000000002,0.0126886367797851,0,True,82,33,True,114,32,2025-11-16 05:18:59
ba_256_1_6.txt,barabasi_albert_10ins_m20,47,SpecAnn,0.9515838434019476,1.0,-64619.0,0.0125830173492431,0,True,82,33,True,115,32,2025-11-16 05:18:59
ba_256_1_6.txt,barabasi_albert_10ins_m20,47,SpecAnn,0.9557122091778746,1.0,-64877.0,0.0126142501831054,0,True,82,33,True,116,32,2025-11-16 05:18:59
ba_256_1_6.txt,barabasi_albert_10ins_m20,47,SpecAnn,0.9598228182949629,1.0,-64877.0,0.0125982761383056,0,True,82,33,True,117,32,2025-11-16 05:18:59
ba_256_1_6.txt,barabasi_albert_10ins_m20,47,SpecAnn,0.963915897922488,1.0,-64877.0,0.0125350952148437,0,True,82,33,True,118,32,2025-11-16 05:18:59
ba_256_1_6.txt,barabasi_albert_10ins_m20,47,SpecAnn,0.967991670426842,1.0,-64759.00000000001,0.0125811100006103,0,True,82,33,True,119,32,2025-11-16 05:18:59
ba_256_1_6.txt,barabasi_albert_10ins_m20,47,SpecAnn,0.9720503535125016,1.0,-64619.0,0.0127105712890625,0,True,82,33,True,120,32,2025-11-16 05:18:59
ba_256_1_6.txt,barabasi_albert_10ins_m20,47,SpecAnn,0.9760921603577252,1.0,-64619.0,0.0126042366027832,0,True,82,33,True,121,32,2025-11-16 05:19:00
ba_256_1_6.txt,barabasi_albert_10ins_m20,47,SpecAnn,0.9801172997452104,1.0,-64619.0,0.0126075744628906,0,True,82,33,True,122,32,2025-11-16 05:19:00
ba_256_1_6.txt,barabasi_albert_10ins_m20,47,SpecAnn,0.9841259761879442,1.0,-64619.0,0.0125725269317626,0,True,82,33,True,123,32,2025-11-16 05:19:00
ba_256_1_6.txt,barabasi_albert_10ins_m20,47,SpecAnn,0.9881183900504562,1.0,-64909.00000000001,0.0126068592071533,0,True,82,33,True,124,32,2025-11-16 05:19:00
ba_256_1_6.txt,barabasi_albert_10ins_m20,47,SpecAnn,0.9920947376656812,1.0,-64909.00000000001,0.0128223896026611,0,True,82,33,True,125,32,2025-11-16 05:19:00
ba_256_1_6.txt,barabasi_albert_10ins_m20,47,SpecAnn,0.9960552114476228,1.0,-64909.00000000001,0.0128369331359863,0,True,82,33,True,126,32,2025-11-16 05:19:00
ba_256_1_6.txt,barabasi_albert_10ins_m20,47,SpecAnn,1.0,1.0,-64909.00000000001,0.0127890110015869,0,True,82,33,True,127,32,2025-11-16 05:19:00
ba_256_1_6.txt,barabasi_albert_10ins_m20,48,SpecAnn,0.0,1.0,-60492.99999999999,0.0135011672973632,0,True,58,33,True,0,32,2025-11-16 05:19:00
ba_256_1_6.txt,barabasi_albert_10ins_m20,48,SpecAnn,0.0887356509416113,1.0,-62509.00000000001,0.0128633975982666,0,True,58,33,True,1,32,2025-11-16 05:19:00
ba_256_1_6.txt,barabasi_albert_10ins_m20,48,SpecAnn,0.1254911610276317,1.0,-61479.00000000001,0.0128908157348632,0,True,58,33,True,2,32,2025-11-16 05:19:00
ba_256_1_6.txt,barabasi_albert_10ins_m20,48,SpecAnn,0.1536946558735679,1.0,-61017.00000000001,0.0127866268157958,0,True,58,33,True,3,32,2025-11-16 05:19:00
ba_256_1_6.txt,barabasi_albert_10ins_m20,48,SpecAnn,0.1774713018832227,1.0,-63728.99999999999,0.0127923488616943,0,True,58,33,True,4,32,2025-11-16 05:19:00
ba_256_1_6.txt,barabasi_albert_10ins_m20,48,SpecAnn,0.1984189475331362,1.0,-63728.99999999999,0.012627363204956,0,True,58,33,True,5,32,2025-11-16 05:19:00
ba_256_1_6.txt,barabasi_albert_10ins_m20,48,SpecAnn,0.2173570668006655,1.0,-60596.99999999999,0.0126552581787109,0,True,58,33,True,6,32,2025-11-16 05:19:00
ba_256_1_6.txt,barabasi_albert_10ins_m20,48,SpecAnn,0.2347724648169381,1.0,-62004.99999999999,0.0126087665557861,0,True,58,33,True,7,32,2025-11-16 05:19:00
ba_256_1_6.txt,barabasi_albert_10ins_m20,48,SpecAnn,0.2509823220552634,1.0,-62321.0,0.0125632286071777,0,True,58,33,True,8,32,2025-11-16 05:19:00
ba_256_1_6.txt,barabasi_albert_10ins_m20,48,SpecAnn,0.2662069528248341,1.0,-62321.0,0.0127787590026855,0,True,58,33,True,9,32,2025-11-16 05:19:00
ba_256_1_6.txt,barabasi_albert_10ins_m20,48,SpecAnn,0.2806067666331568,1.0,-62183.0,0.0129272937774658,0,True,58,33,True,10,32,2025-11-16 05:19:00
ba_256_1_6.txt,barabasi_albert_10ins_m20,48,SpecAnn,0.2943028597012718,1.0,-62183.0,0.0127906799316406,0,True,58,33,True,11,32,2025-11-16 05:19:00
ba_256_1_6.txt,barabasi_albert_10ins_m20,48,SpecAnn,0.3073893117471359,1.0,-62183.0,0.0127961635589599,0,True,58,33,True,12,32,2025-11-16 05:19:00
ba_256_1_6.txt,barabasi_albert_10ins_m20,48,SpecAnn,0.3199409394316542,1.0,-62183.0,0.0124990940093994,0,True,58,33,True,13,32,2025-11-16 05:19:00
ba_256_1_6.txt,barabasi_albert_10ins_m20,48,SpecAnn,0.3320184038158743,1.0,-62183.0,0.0126278400421142,0,True,58,33,True,14,32,2025-11-16 05:19:00
ba_256_1_6.txt,barabasi_albert_10ins_m20,48,SpecAnn,0.3436716983117353,1.0,-62265.0,0.0125951766967773,0,True,58,33,True,15,32,2025-11-16 05:19:00
ba_256_1_6.txt,barabasi_albert_10ins_m20,48,SpecAnn,0.3549426037664455,1.0,-62265.0,0.0125148296356201,0,True,58,33,True,16,32,2025-11-16 05:19:00
ba_256_1_6.txt,barabasi_albert_10ins_m20,48,SpecAnn,0.3658664615902029,1.0,-62265.0,0.0127871036529541,0,True,58,33,True,17,32,2025-11-16 05:19:00
ba_256_1_6.txt,barabasi_albert_10ins_m20,48,SpecAnn,0.3764734830828951,1.0,-60872.99999999999,0.0128068923950195,0,True,58,33,True,18,32,2025-11-16 05:19:00
ba_256_1_6.txt,barabasi_albert_10ins_m20,48,SpecAnn,0.3867897351437838,1.0,-61819.00000000001,0.0127477645874023,0,True,58,33,True,19,32,2025-11-16 05:19:00
ba_256_1_6.txt,barabasi_albert_10ins_m20,48,SpecAnn,0.3968378950662725,1.0,-62141.00000000001,0.0127692222595214,0,True,58,33,True,20,32,2025-11-16 05:19:00
ba_256_1_6.txt,barabasi_albert_10ins_m20,48,SpecAnn,0.4066378372811136,1.0,-62284.99999999999,0.01265549659729,0,True,58,33,True,21,32,2025-11-16 05:19:00
ba_256_1_6.txt,barabasi_albert_10ins_m20,48,SpecAnn,0.4162070956347247,1.0,-62284.99999999999,0.0125207901000976,0,True,58,33,True,22,32,2025-11-16 05:19:00
ba_256_1_6.txt,barabasi_albert_10ins_m20,48,SpecAnn,0.4255612320274539,1.0,-62284.99999999999,0.0126211643218994,0,True,58,33,True,23,32,2025-11-16 05:19:00
ba_256_1_6.txt,barabasi_albert_10ins_m20,48,SpecAnn,0.434714133601331,1.0,-62284.99999999999,0.0125362873077392,0,True,58,33,True,24,32,2025-11-16 05:19:00
ba_256_1_6.txt,barabasi_albert_10ins_m20,48,SpecAnn,0.4436782547080569,1.0,-62285.000000000015,0.0127482414245605,0,True,58,33,True,25,32,2025-11-16 05:19:00
ba_256_1_6.txt,barabasi_albert_10ins_m20,48,SpecAnn,0.4524648157026343,1.0,-61283.0,0.0127720832824707,0,True,58,33,True,26,32,2025-11-16 05:19:00
ba_256_1_6.txt,barabasi_albert_10ins_m20,48,SpecAnn,0.4610839676207039,1.0,-62369.0,0.0127387046813964,0,True,58,33,True,27,32,2025-11-16 05:19:00
ba_256_1_6.txt,barabasi_albert_10ins_m20,48,SpecAnn,0.4695449296338763,1.0,-62369.0,0.0125317573547363,0,True,58,33,True,28,32,2025-11-16 05:19:00
ba_256_1_6.txt,barabasi_albert_10ins_m20,48,SpecAnn,0.4778561045889373,1.0,-63053.0,0.0125539302825927,0,True,58,33,True,29,32,2025-11-16 05:19:00
ba_256_1_6.txt,barabasi_albert_10ins_m20,48,SpecAnn,0.4860251767562508,1.0,-63876.99999999999,0.01259446144104,0,True,58,33,True,30,32,2025-11-16 05:19:00
ba_256_1_6.txt,barabasi_albert_10ins_m20,48,SpecAnn,0.4940591950252281,1.0,-63876.99999999999,0.0126521587371826,0,True,58,33,True,31,32,2025-11-16 05:19:00
ba_256_1_6.txt,barabasi_albert_10ins_m20,48,SpecAnn,0.5019646441105269,1.0,-63876.99999999999,0.0125424861907958,0,True,58,33,True,32,32,2025-11-16 05:19:00
ba_256_1_6.txt,barabasi_albert_10ins_m20,48,SpecAnn,0.5097475058154177,1.0,-63876.99999999999,0.0125586986541748,0,True,58,33,True,33,32,2025-11-16 05:19:00
ba_256_1_6.txt,barabasi_albert_10ins_m20,48,SpecAnn,0.51741331199832,1.0,-63876.99999999999,0.0125262737274169,0,True,58,33,True,34,32,2025-11-16 05:19:00
ba_256_1_6.txt,barabasi_albert_10ins_m20,48,SpecAnn,0.5249671905758515,1.0,-63876.99999999999,0.0125551223754882,0,True,58,33,True,35,32,2025-11-16 05:19:00
ba_256_1_6.txt,barabasi_albert_10ins_m20,48,SpecAnn,0.5324139056496683,1.0,-63876.99999999999,0.0124976634979248,0,True,58,33,True,36,32,2025-11-16 05:19:00
ba_256_1_6.txt,barabasi_albert_10ins_m20,48,SpecAnn,0.5397578926492556,1.0,-63015.0,0.0125558376312255,0,True,58,33,True,37,32,2025-11-16 05:19:00
ba_256_1_6.txt,barabasi_albert_10ins_m20,48,SpecAnn,0.5470032892270364,1.0,-63650.99999999999,0.0124902725219726,0,True,58,33,True,38,32,2025-11-16 05:19:00
ba_256_1_6.txt,barabasi_albert_10ins_m20,48,SpecAnn,0.554153962516942,1.0,-64301.0,0.0124931335449218,0,True,58,33,True,39,32,2025-11-16 05:19:00
ba_256_1_6.txt,barabasi_albert_10ins_m20,48,SpecAnn,0.5612135332663137,1.0,-63592.99999999999,0.0125055313110351,0,True,58,33,True,40,32,2025-11-16 05:19:00
ba_256_1_6.txt,barabasi_albert_10ins_m20,48,SpecAnn,0.5681853972686127,1.0,-63477.00000000001,0.0124740600585937,0,True,58,33,True,41,32,2025-11-16 05:19:00
ba_256_1_6.txt,barabasi_albert_10ins_m20,48,SpecAnn,0.5750727444570146,1.0,-64513.00000000001,0.0124642848968505,0,True,58,33,True,42,32,2025-11-16 05:19:00
ba_256_1_6.txt,barabasi_albert_10ins_m20,48,SpecAnn,0.5818785759635375,1.0,-64513.00000000001,0.012498140335083,0,True,58,33,True,43,32,2025-11-16 05:19:00
ba_256_1_6.txt,barabasi_albert_10ins_m20,48,SpecAnn,0.5886057194025436,1.0,-64639.00000000001,0.0125682353973388,0,True,58,33,True,44,32,2025-11-16 05:19:00
ba_256_1_6.txt,barabasi_albert_10ins_m20,48,SpecAnn,0.5952568425994088,1.0,-64393.0,0.0125129222869873,0,True,58,33,True,45,32,2025-11-16 05:19:00
ba_256_1_6.txt,barabasi_albert_10ins_m20,48,SpecAnn,0.6018344659534288,1.0,-64221.0,0.0126068592071533,0,True,58,33,True,46,32,2025-11-16 05:19:00
ba_256_1_6.txt,barabasi_albert_10ins_m20,48,SpecAnn,0.6083409735974393,1.0,-65149.00000000001,0.0126550197601318,0,True,58,33,True,47,32,2025-11-16 05:19:00
ba_256_1_6.txt,barabasi_albert_10ins_m20,48,SpecAnn,0.6147786234942719,1.0,-64513.00000000001,0.0125503540039062,0,True,58,33,True,48,32,2025-11-16 05:19:00
ba_256_1_6.txt,barabasi_albert_10ins_m20,48,SpecAnn,0.6211495565912796,1.0,-65647.0,0.0127708911895751,0,True,58,33,True,49,32,2025-11-16 05:19:00
ba_256_1_6.txt,barabasi_albert_10ins_m20,48,SpecAnn,0.6274558051381586,1.0,-64725.00000000001,0.0127813816070556,0,True,58,33,True,50,32,2025-11-16 05:19:00
ba_256_1_6.txt,barabasi_albert_10ins_m20,48,SpecAnn,0.6336993002596786,1.0,-64631.00000000001,0.012744665145874,0,True,58,33,True,51,32,2025-11-16 05:19:00
ba_256_1_6.txt,barabasi_albert_10ins_m20,48,SpecAnn,0.6398818788633085,1.0,-64631.00000000001,0.012542724609375,0,True,58,33,True,52,32,2025-11-16 05:19:00
ba_256_1_6.txt,barabasi_albert_10ins_m20,48,SpecAnn,0.6460052899517691,1.0,-64853.0,0.0126168727874755,0,True,58,33,True,53,32,2025-11-16 05:19:00
ba_256_1_6.txt,barabasi_albert_10ins_m20,48,SpecAnn,0.6520712004019966,1.0,-64511.0,0.0125596523284912,0,True,58,33,True,54,32,2025-11-16 05:19:00
ba_256_1_6.txt,barabasi_albert_10ins_m20,48,SpecAnn,0.6580812002646271,1.0,-65253.00000000001,0.0125935077667236,0,True,58,33,True,55,32,2025-11-16 05:19:00
ba_256_1_6.txt,barabasi_albert_10ins_m20,48,SpecAnn,0.6640368076317485,1.0,-64431.0,0.0125823020935058,0,True,58,33,True,56,32,2025-11-16 05:19:00
ba_256_1_6.txt,barabasi_albert_10ins_m20,48,SpecAnn,0.6699394731151429,1.0,-64453.00000000001,0.0125412940979003,0,True,58,33,True,57,32,2025-11-16 05:19:00
ba_256_1_6.txt,barabasi_albert_10ins_m20,48,SpecAnn,0.6757905839724513,1.0,-64511.0,0.0125730037689208,0,True,58,33,True,58,32,2025-11-16 05:19:00
ba_256_1_6.txt,barabasi_albert_10ins_m20,48,SpecAnn,0.6815914679145113,1.0,-64926.99999999999,0.0125203132629394,0,True,58,33,True,59,32,2025-11-16 05:19:00
ba_256_1_6.txt,barabasi_albert_10ins_m20,48,SpecAnn,0.6873433966234707,1.0,-64559.00000000001,0.0126478672027587,0,True,58,33,True,60,32,2025-11-16 05:19:01
ba_256_1_6.txt,barabasi_albert_10ins_m20,48,SpecAnn,0.6930475890080863,1.0,-64559.00000000001,0.0125601291656494,0,True,58,33,True,61,32,2025-11-16 05:19:01
ba_256_1_6.txt,barabasi_albert_10ins_m20,48,SpecAnn,0.6987052142198116,1.0,-64559.00000000001,0.0125367641448974,0,True,58,33,True,62,32,2025-11-16 05:19:01
ba_256_1_6.txt,barabasi_albert_10ins_m20,48,SpecAnn,0.7043173944508145,1.0,-65436.99999999999,0.0126228332519531,0,True,58,33,True,63,32,2025-11-16 05:19:01
ba_256_1_6.txt,barabasi_albert_10ins_m20,48,SpecAnn,0.709885207532891,1.0,-65527.0,0.0126101970672607,0,True,58,33,True,64,32,2025-11-16 05:19:01
ba_256_1_6.txt,barabasi_albert_10ins_m20,48,SpecAnn,0.7154096893543218,1.0,-65001.000000000015,0.012636661529541,0,True,58,33,True,65,32,2025-11-16 05:19:01
ba_256_1_6.txt,barabasi_albert_10ins_m20,48,SpecAnn,0.7208918361100219,1.0,-64817.00000000001,0.0128061771392822,0,True,58,33,True,66,32,2025-11-16 05:19:01
ba_256_1_6.txt,barabasi_albert_10ins_m20,48,SpecAnn,0.7263326063988248,1.0,-64817.00000000001,0.0126843452453613,0,True,58,33,True,67,32,2025-11-16 05:19:01
ba_256_1_6.txt,barabasi_albert_10ins_m20,48,SpecAnn,0.7317329231804058,1.0,-65225.00000000001,0.0128064155578613,0,True,58,33,True,68,32,2025-11-16 05:19:01
ba_256_1_6.txt,barabasi_albert_10ins_m20,48,SpecAnn,0.7370936756031579,1.0,-65225.00000000001,0.0126161575317382,0,True,58,33,True,69,32,2025-11-16 05:19:01
ba_256_1_6.txt,barabasi_albert_10ins_m20,48,SpecAnn,0.7424157207132704,1.0,-65225.00000000001,0.0125441551208496,0,True,58,33,True,70,32,2025-11-16 05:19:01
ba_256_1_6.txt,barabasi_albert_10ins_m20,48,SpecAnn,0.7476998850543153,1.0,-64649.0,0.0124905109405517,0,True,58,33,True,71,32,2025-11-16 05:19:01
ba_256_1_6.txt,barabasi_albert_10ins_m20,48,SpecAnn,0.7529469661657903,1.0,-64649.0,0.012603759765625,0,True,58,33,True,72,32,2025-11-16 05:19:01
ba_256_1_6.txt,barabasi_albert_10ins_m20,48,SpecAnn,0.7581577339883167,1.0,-64649.0,0.0125527381896972,0,True,58,33,True,73,32,2025-11-16 05:19:01
ba_256_1_6.txt,barabasi_albert_10ins_m20,48,SpecAnn,0.7633329321824984,1.0,-64744.99999999999,0.012657880783081,0,True,58,33,True,74,32,2025-11-16 05:19:01
ba_256_1_6.txt,barabasi_albert_10ins_m20,48,SpecAnn,0.7684732793678399,1.0,-64744.99999999999,0.0127513408660888,0,True,58,33,True,75,32,2025-11-16 05:19:01
ba_256_1_6.txt,barabasi_albert_10ins_m20,48,SpecAnn,0.7735794702875677,1.0,-64744.99999999999,0.0127787590026855,0,True,58,33,True,76,32,2025-11-16 05:19:01
ba_256_1_6.txt,barabasi_albert_10ins_m20,48,SpecAnn,0.7786521769046981,1.0,-64744.99999999999,0.0127334594726562,0,True,58,33,True,77,32,2025-11-16 05:19:01
ba_256_1_6.txt,barabasi_albert_10ins_m20,48,SpecAnn,0.7836920494342511,1.0,-64744.99999999999,0.0125303268432617,0,True,58,33,True,78,32,2025-11-16 05:19:01
ba_256_1_6.txt,barabasi_albert_10ins_m20,48,SpecAnn,0.788699717316095,1.0,-64744.99999999999,0.0125212669372558,0,True,58,33,True,79,32,2025-11-16 05:19:01
ba_256_1_6.txt,barabasi_albert_10ins_m20,48,SpecAnn,0.7936757901325451,1.0,-64744.99999999999,0.012575626373291,0,True,58,33,True,80,32,2025-11-16 05:19:01
ba_256_1_6.txt,barabasi_albert_10ins_m20,48,SpecAnn,0.7986208584745024,1.0,-65319.0,0.0125272274017333,0,True,58,33,True,81,32,2025-11-16 05:19:01
ba_256_1_6.txt,barabasi_albert_10ins_m20,48,SpecAnn,0.803535494759617,1.0,-65319.0,0.012545108795166,0,True,58,33,True,82,32,2025-11-16 05:19:01
ba_256_1_6.txt,barabasi_albert_10ins_m20,48,SpecAnn,0.8084202540056837,1.0,-65319.0,0.0125441551208496,0,True,58,33,True,83,32,2025-11-16 05:19:01
ba_256_1_6.txt,barabasi_albert_10ins_m20,48,SpecAnn,0.8132756745622272,1.0,-65319.0,0.012538194656372,0,True,58,33,True,84,32,2025-11-16 05:19:01
ba_256_1_6.txt,barabasi_albert_10ins_m20,48,SpecAnn,0.8181022788030096,1.0,-65319.0,0.0126557350158691,0,True,58,33,True,85,32,2025-11-16 05:19:01
ba_256_1_6.txt,barabasi_albert_10ins_m20,48,SpecAnn,0.822900573781978,1.0,-65319.0,0.0128202438354492,0,True,58,33,True,86,32,2025-11-16 05:19:01
ba_256_1_6.txt,barabasi_albert_10ins_m20,48,SpecAnn,0.8276710518549868,1.0,-65319.0,0.0128140449523925,0,True,58,33,True,87,32,2025-11-16 05:19:01
ba_256_1_6.txt,barabasi_albert_10ins_m20,48,SpecAnn,0.8324141912694495,1.0,-65319.0,0.0127496719360351,0,True,58,33,True,88,32,2025-11-16 05:19:01
ba_256_1_6.txt,barabasi_albert_10ins_m20,48,SpecAnn,0.8371304567239225,1.0,-65319.0,0.012808084487915,0,True,58,33,True,89,32,2025-11-16 05:19:01
ba_256_1_6.txt,barabasi_albert_10ins_m20,48,SpecAnn,0.8418202998994706,1.0,-65409.0,0.0128204822540283,0,True,58,33,True,90,32,2025-11-16 05:19:01
ba_256_1_6.txt,barabasi_albert_10ins_m20,48,SpecAnn,0.846484159964536,1.0,-65409.0,0.0127878189086914,0,True,58,33,True,91,32,2025-11-16 05:19:01
ba_256_1_6.txt,barabasi_albert_10ins_m20,48,SpecAnn,0.8511224640549078,1.0,-65409.0,0.0127394199371337,0,True,58,33,True,92,32,2025-11-16 05:19:01
ba_256_1_6.txt,barabasi_albert_10ins_m20,48,SpecAnn,0.8557356277302758,1.0,-65295.0,0.0127124786376953,0,True,58,33,True,93,32,2025-11-16 05:19:01
ba_256_1_6.txt,barabasi_albert_10ins_m20,48,SpecAnn,0.8603240554087516,1.0,-65295.0,0.0126600265502929,0,True,58,33,True,94,32,2025-11-16 05:19:01
ba_256_1_6.txt,barabasi_albert_10ins_m20,48,SpecAnn,0.86488814078064,1.0,-65295.0,0.0125343799591064,0,True,58,33,True,95,32,2025-11-16 05:19:01
ba_256_1_6.txt,barabasi_albert_10ins_m20,48,SpecAnn,0.8694282672026621,1.0,-65295.0,0.0126099586486816,0,True,58,33,True,96,32,2025-11-16 05:19:01
ba_256_1_6.txt,barabasi_albert_10ins_m20,48,SpecAnn,0.8739448080737451,1.0,-65295.0,0.0128109455108642,0,True,58,33,True,97,32,2025-11-16 05:19:01
ba_256_1_6.txt,barabasi_albert_10ins_m20,48,SpecAnn,0.878438127193422,1.0,-65295.0,0.0128016471862792,0,True,58,33,True,98,32,2025-11-16 05:19:01
ba_256_1_6.txt,barabasi_albert_10ins_m20,48,SpecAnn,0.8829085791038153,1.0,-65282.99999999999,0.0127828121185302,0,True,58,33,True,99,32,2025-11-16 05:19:01
ba_256_1_6.txt,barabasi_albert_10ins_m20,48,SpecAnn,0.8873565094161138,1.0,-65282.99999999999,0.0125763416290283,0,True,58,33,True,100,32,2025-11-16 05:19:01
ba_256_1_6.txt,barabasi_albert_10ins_m20,48,SpecAnn,0.8917822551223932,1.0,-65282.99999999999,0.0125517845153808,0,True,58,33,True,101,32,2025-11-16 05:19:01
ba_256_1_6.txt,barabasi_albert_10ins_m20,48,SpecAnn,0.8961861448935777,1.0,-65282.99999999999,0.0125658512115478,0,True,58,33,True,102,32,2025-11-16 05:19:01
ba_256_1_6.txt,barabasi_albert_10ins_m20,48,SpecAnn,0.9005684993642872,1.0,-65299.00000000001,0.0125551223754882,0,True,58,33,True,103,32,2025-11-16 05:19:01
ba_256_1_6.txt,barabasi_albert_10ins_m20,48,SpecAnn,0.9049296314052688,1.0,-65299.00000000001,0.0125739574432373,0,True,58,33,True,104,32,2025-11-16 05:19:01
ba_256_1_6.txt,barabasi_albert_10ins_m20,48,SpecAnn,0.9092698463840684,1.0,-65299.00000000001,0.0126092433929443,0,True,58,33,True,105,32,2025-11-16 05:19:01
ba_256_1_6.txt,barabasi_albert_10ins_m20,48,SpecAnn,0.9135894424145556,1.0,-65299.00000000001,0.0125908851623535,0,True,58,33,True,106,32,2025-11-16 05:19:01
ba_256_1_6.txt,barabasi_albert_10ins_m20,48,SpecAnn,0.9178887105958816,1.0,-65299.00000000001,0.0125458240509033,0,True,58,33,True,107,32,2025-11-16 05:19:01
ba_256_1_6.txt,barabasi_albert_10ins_m20,48,SpecAnn,0.922167935241408,1.0,-65299.00000000001,0.0125885009765625,0,True,58,33,True,108,32,2025-11-16 05:19:01
ba_256_1_6.txt,barabasi_albert_10ins_m20,48,SpecAnn,0.92642739409812,1.0,-65299.00000000001,0.0125703811645507,0,True,58,33,True,109,32,2025-11-16 05:19:01
ba_256_1_6.txt,barabasi_albert_10ins_m20,48,SpecAnn,0.9306673585570006,1.0,-65299.00000000001,0.0126450061798095,0,True,58,33,True,110,32,2025-11-16 05:19:01
ba_256_1_6.txt,barabasi_albert_10ins_m20,48,SpecAnn,0.9348880938548184,1.0,-65299.00000000001,0.01251220703125,0,True,58,33,True,111,32,2025-11-16 05:19:01
ba_256_1_6.txt,barabasi_albert_10ins_m20,48,SpecAnn,0.9390898592677528,1.0,-65299.00000000001,0.012575626373291,0,True,58,33,True,112,32,2025-11-16 05:19:01
ba_256_1_6.txt,barabasi_albert_10ins_m20,48,SpecAnn,0.9432729082972536,1.0,-65516.99999999999,0.0125393867492675,0,True,58,33,True,113,32,2025-11-16 05:19:01
ba_256_1_6.txt,barabasi_albert_10ins_m20,48,SpecAnn,0.9474374888485204,1.0,-65516.99999999999,0.0125467777252197,0,True,58,33,True,114,32,2025-11-16 05:19:01
ba_256_1_6.txt,barabasi_albert_10ins_m20,48,SpecAnn,0.9515838434019476,1.0,-65013.0,0.0125849246978759,0,True,58,33,True,115,32,2025-11-16 05:19:01
ba_256_1_6.txt,barabasi_albert_10ins_m20,48,SpecAnn,0.9557122091778746,1.0,-65013.0,0.0125744342803955,0,True,58,33,True,116,32,2025-11-16 05:19:01
ba_256_1_6.txt,barabasi_albert_10ins_m20,48,SpecAnn,0.9598228182949629,1.0,-65013.0,0.0127394199371337,0,True,58,33,True,117,32,2025-11-16 05:19:01
ba_256_1_6.txt,barabasi_albert_10ins_m20,48,SpecAnn,0.963915897922488,1.0,-65013.0,0.0128233432769775,0,True,58,33,True,118,32,2025-11-16 05:19:01
ba_256_1_6.txt,barabasi_albert_10ins_m20,48,SpecAnn,0.967991670426842,1.0,-65013.0,0.01275634765625,0,True,58,33,True,119,32,2025-11-16 05:19:01
ba_256_1_6.txt,barabasi_albert_10ins_m20,48,SpecAnn,0.9720503535125016,1.0,-65013.0,0.0125868320465087,0,True,58,33,True,120,32,2025-11-16 05:19:01
ba_256_1_6.txt,barabasi_albert_10ins_m20,48,SpecAnn,0.9760921603577252,1.0,-65013.0,0.0125236511230468,0,True,58,33,True,121,32,2025-11-16 05:19:01
ba_256_1_6.txt,barabasi_albert_10ins_m20,48,SpecAnn,0.9801172997452104,1.0,-65013.0,0.0125548839569091,0,True,58,33,True,122,32,2025-11-16 05:19:01
ba_256_1_6.txt,barabasi_albert_10ins_m20,48,SpecAnn,0.9841259761879442,1.0,-65013.0,0.0125837326049804,0,True,58,33,True,123,32,2025-11-16 05:19:01
ba_256_1_6.txt,barabasi_albert_10ins_m20,48,SpecAnn,0.9881183900504562,1.0,-65635.00000000001,0.0125932693481445,0,True,58,33,True,124,32,2025-11-16 05:19:01
ba_256_1_6.txt,barabasi_albert_10ins_m20,48,SpecAnn,0.9920947376656812,1.0,-65635.00000000001,0.0125563144683837,0,True,58,33,True,125,32,2025-11-16 05:19:01
ba_256_1_6.txt,barabasi_albert_10ins_m20,48,SpecAnn,0.9960552114476228,1.0,-65635.00000000001,0.0125885009765625,0,True,58,33,True,126,32,2025-11-16 05:19:01
ba_256_1_6.txt,barabasi_albert_10ins_m20,48,SpecAnn,1.0,1.0,-65635.00000000001,0.0125823020935058,0,True,58,33,True,127,32,2025-11-16 05:19:01
ba_256_1_6.txt,barabasi_albert_10ins_m20,49,SpecAnn,0.0,1.0,-62760.99999999999,0.0133657455444335,0,True,45,33,True,0,32,2025-11-16 05:19:02
ba_256_1_6.txt,barabasi_albert_10ins_m20,49,SpecAnn,0.0887356509416113,1.0,-60675.00000000001,0.0127158164978027,0,True,45,33,True,1,32,2025-11-16 05:19:02
ba_256_1_6.txt,barabasi_albert_10ins_m20,49,SpecAnn,0.1254911610276317,1.0,-60929.00000000001,0.0125706195831298,0,True,45,33,True,2,32,2025-11-16 05:19:02
ba_256_1_6.txt,barabasi_albert_10ins_m20,49,SpecAnn,0.1536946558735679,1.0,-61929.00000000001,0.0125627517700195,0,True,45,33,True,3,32,2025-11-16 05:19:02
ba_256_1_6.txt,barabasi_albert_10ins_m20,49,SpecAnn,0.1774713018832227,1.0,-60969.00000000001,0.012599229812622,0,True,45,33,True,4,32,2025-11-16 05:19:02
ba_256_1_6.txt,barabasi_albert_10ins_m20,49,SpecAnn,0.1984189475331362,1.0,-60969.00000000001,0.012582778930664,0,True,45,33,True,5,32,2025-11-16 05:19:02
ba_256_1_6.txt,barabasi_albert_10ins_m20,49,SpecAnn,0.2173570668006655,1.0,-61239.0,0.0126731395721435,0,True,45,33,True,6,32,2025-11-16 05:19:02
ba_256_1_6.txt,barabasi_albert_10ins_m20,49,SpecAnn,0.2347724648169381,1.0,-62671.0,0.0128118991851806,0,True,45,33,True,7,32,2025-11-16 05:19:02
ba_256_1_6.txt,barabasi_albert_10ins_m20,49,SpecAnn,0.2509823220552634,1.0,-62519.00000000001,0.0128629207611083,0,True,45,33,True,8,32,2025-11-16 05:19:02
ba_256_1_6.txt,barabasi_albert_10ins_m20,49,SpecAnn,0.2662069528248341,1.0,-62519.00000000001,0.0127556324005126,0,True,45,33,True,9,32,2025-11-16 05:19:02
ba_256_1_6.txt,barabasi_albert_10ins_m20,49,SpecAnn,0.2806067666331568,1.0,-62402.99999999999,0.0126588344573974,0,True,45,33,True,10,32,2025-11-16 05:19:02
ba_256_1_6.txt,barabasi_albert_10ins_m20,49,SpecAnn,0.2943028597012718,1.0,-62402.99999999999,0.0125408172607421,0,True,45,33,True,11,32,2025-11-16 05:19:02
ba_256_1_6.txt,barabasi_albert_10ins_m20,49,SpecAnn,0.3073893117471359,1.0,-62402.99999999999,0.0125765800476074,0,True,45,33,True,12,32,2025-11-16 05:19:02
ba_256_1_6.txt,barabasi_albert_10ins_m20,49,SpecAnn,0.3199409394316542,1.0,-62402.99999999999,0.0125081539154052,0,True,45,33,True,13,32,2025-11-16 05:19:02
ba_256_1_6.txt,barabasi_albert_10ins_m20,49,SpecAnn,0.3320184038158743,1.0,-62402.99999999999,0.0125250816345214,0,True,45,33,True,14,32,2025-11-16 05:19:02
ba_256_1_6.txt,barabasi_albert_10ins_m20,49,SpecAnn,0.3436716983117353,1.0,-61973.0,0.0125491619110107,0,True,45,33,True,15,32,2025-11-16 05:19:02
ba_256_1_6.txt,barabasi_albert_10ins_m20,49,SpecAnn,0.3549426037664455,1.0,-61973.0,0.0125975608825683,0,True,45,33,True,16,32,2025-11-16 05:19:02
ba_256_1_6.txt,barabasi_albert_10ins_m20,49,SpecAnn,0.3658664615902029,1.0,-61973.0,0.0125677585601806,0,True,45,33,True,17,32,2025-11-16 05:19:02
ba_256_1_6.txt,barabasi_albert_10ins_m20,49,SpecAnn,0.3764734830828951,1.0,-61933.00000000001,0.0125050544738769,0,True,45,33,True,18,32,2025-11-16 05:19:02
ba_256_1_6.txt,barabasi_albert_10ins_m20,49,SpecAnn,0.3867897351437838,1.0,-60709.0,0.0124948024749755,0,True,45,33,True,19,32,2025-11-16 05:19:02
ba_256_1_6.txt,barabasi_albert_10ins_m20,49,SpecAnn,0.3968378950662725,1.0,-63609.00000000001,0.0126113891601562,0,True,45,33,True,20,32,2025-11-16 05:19:02
ba_256_1_6.txt,barabasi_albert_10ins_m20,49,SpecAnn,0.4066378372811136,1.0,-63687.0,0.0125184059143066,0,True,45,33,True,21,32,2025-11-16 05:19:02
ba_256_1_6.txt,barabasi_albert_10ins_m20,49,SpecAnn,0.4162070956347247,1.0,-63687.0,0.012510061264038,0,True,45,33,True,22,32,2025-11-16 05:19:02
ba_256_1_6.txt,barabasi_albert_10ins_m20,49,SpecAnn,0.4255612320274539,1.0,-63687.0,0.0125212669372558,0,True,45,33,True,23,32,2025-11-16 05:19:02
ba_256_1_6.txt,barabasi_albert_10ins_m20,49,SpecAnn,0.434714133601331,1.0,-63687.0,0.0125281810760498,0,True,45,33,True,24,32,2025-11-16 05:19:02
ba_256_1_6.txt,barabasi_albert_10ins_m20,49,SpecAnn,0.4436782547080569,1.0,-62393.0,0.012559175491333,0,True,45,33,True,25,32,2025-11-16 05:19:02
ba_256_1_6.txt,barabasi_albert_10ins_m20,49,SpecAnn,0.4524648157026343,1.0,-62431.0,0.0127580165863037,0,True,45,33,True,26,32,2025-11-16 05:19:02
ba_256_1_6.txt,barabasi_albert_10ins_m20,49,SpecAnn,0.4610839676207039,1.0,-63275.0,0.0127825736999511,0,True,45,33,True,27,32,2025-11-16 05:19:02
ba_256_1_6.txt,barabasi_albert_10ins_m20,49,SpecAnn,0.4695449296338763,1.0,-63275.0,0.0127115249633789,0,True,45,33,True,28,32,2025-11-16 05:19:02
ba_256_1_6.txt,barabasi_albert_10ins_m20,49,SpecAnn,0.4778561045889373,1.0,-63561.0,0.0127410888671875,0,True,45,33,True,29,32,2025-11-16 05:19:02
ba_256_1_6.txt,barabasi_albert_10ins_m20,49,SpecAnn,0.4860251767562508,1.0,-63801.00000000001,0.0126645565032958,0,True,45,33,True,30,32,2025-11-16 05:19:02
ba_256_1_6.txt,barabasi_albert_10ins_m20,49,SpecAnn,0.4940591950252281,1.0,-63801.00000000001,0.0125064849853515,0,True,45,33,True,31,32,2025-11-16 05:19:02
ba_256_1_6.txt,barabasi_albert_10ins_m20,49,SpecAnn,0.5019646441105269,1.0,-63801.00000000001,0.0125253200531005,0,True,45,33,True,32,32,2025-11-16 05:19:02
ba_256_1_6.txt,barabasi_albert_10ins_m20,49,SpecAnn,0.5097475058154177,1.0,-63801.00000000001,0.0125002861022949,0,True,45,33,True,33,32,2025-11-16 05:19:02
ba_256_1_6.txt,barabasi_albert_10ins_m20,49,SpecAnn,0.51741331199832,1.0,-63801.00000000001,0.0125460624694824,0,True,45,33,True,34,32,2025-11-16 05:19:02
ba_256_1_6.txt,barabasi_albert_10ins_m20,49,SpecAnn,0.5249671905758515,1.0,-63801.00000000001,0.012592077255249,0,True,45,33,True,35,32,2025-11-16 05:19:02
ba_256_1_6.txt,barabasi_albert_10ins_m20,49,SpecAnn,0.5324139056496683,1.0,-63801.00000000001,0.0126187801361083,0,True,45,33,True,36,32,2025-11-16 05:19:02
ba_256_1_6.txt,barabasi_albert_10ins_m20,49,SpecAnn,0.5397578926492556,1.0,-63980.99999999999,0.0125937461853027,0,True,45,33,True,37,32,2025-11-16 05:19:02
ba_256_1_6.txt,barabasi_albert_10ins_m20,49,SpecAnn,0.5470032892270364,1.0,-64513.00000000001,0.0127644538879394,0,True,45,33,True,38,32,2025-11-16 05:19:02
ba_256_1_6.txt,barabasi_albert_10ins_m20,49,SpecAnn,0.554153962516942,1.0,-64853.0,0.0127019882202148,0,True,45,33,True,39,32,2025-11-16 05:19:02
ba_256_1_6.txt,barabasi_albert_10ins_m20,49,SpecAnn,0.5612135332663137,1.0,-63879.0,0.0127785205841064,0,True,45,33,True,40,32,2025-11-16 05:19:02
ba_256_1_6.txt,barabasi_albert_10ins_m20,49,SpecAnn,0.5681853972686127,1.0,-64025.00000000001,0.0126168727874755,0,True,45,33,True,41,32,2025-11-16 05:19:02
ba_256_1_6.txt,barabasi_albert_10ins_m20,49,SpecAnn,0.5750727444570146,1.0,-65521.0,0.0125608444213867,0,True,45,33,True,42,32,2025-11-16 05:19:02
ba_256_1_6.txt,barabasi_albert_10ins_m20,49,SpecAnn,0.5818785759635375,1.0,-63751.0,0.0125658512115478,0,True,45,33,True,43,32,2025-11-16 05:19:02
ba_256_1_6.txt,barabasi_albert_10ins_m20,49,SpecAnn,0.5886057194025436,1.0,-64853.0,0.0126011371612548,0,True,45,33,True,44,32,2025-11-16 05:19:02
ba_256_1_6.txt,barabasi_albert_10ins_m20,49,SpecAnn,0.5952568425994088,1.0,-64203.00000000001,0.0125999450683593,0,True,45,33,True,45,32,2025-11-16 05:19:02
ba_256_1_6.txt,barabasi_albert_10ins_m20,49,SpecAnn,0.6018344659534288,1.0,-65431.00000000001,0.0125672817230224,0,True,45,33,True,46,32,2025-11-16 05:19:02
ba_256_1_6.txt,barabasi_albert_10ins_m20,49,SpecAnn,0.6083409735974393,1.0,-65251.00000000001,0.0125424861907958,0,True,45,33,True,47,32,2025-11-16 05:19:02
ba_256_1_6.txt,barabasi_albert_10ins_m20,49,SpecAnn,0.6147786234942719,1.0,-65521.0,0.01255464553833,0,True,45,33,True,48,32,2025-11-16 05:19:02
ba_256_1_6.txt,barabasi_albert_10ins_m20,49,SpecAnn,0.6211495565912796,1.0,-65414.99999999998,0.0125205516815185,0,True,45,33,True,49,32,2025-11-16 05:19:02
ba_256_1_6.txt,barabasi_albert_10ins_m20,49,SpecAnn,0.6274558051381586,1.0,-65311.000000000015,0.0126070976257324,0,True,45,33,True,50,32,2025-11-16 05:19:02
ba_256_1_6.txt,barabasi_albert_10ins_m20,49,SpecAnn,0.6336993002596786,1.0,-65683.0,0.0125544071197509,0,True,45,33,True,51,32,2025-11-16 05:19:02
ba_256_1_6.txt,barabasi_albert_10ins_m20,49,SpecAnn,0.6398818788633085,1.0,-64679.00000000001,0.0125977993011474,0,True,45,33,True,52,32,2025-11-16 05:19:02
ba_256_1_6.txt,barabasi_albert_10ins_m20,49,SpecAnn,0.6460052899517691,1.0,-63671.0,0.0124866962432861,0,True,45,33,True,53,32,2025-11-16 05:19:02
ba_256_1_6.txt,barabasi_albert_10ins_m20,49,SpecAnn,0.6520712004019966,1.0,-64027.0,0.0125524997711181,0,True,45,33,True,54,32,2025-11-16 05:19:02
ba_256_1_6.txt,barabasi_albert_10ins_m20,49,SpecAnn,0.6580812002646271,1.0,-64777.00000000001,0.0124697685241699,0,True,45,33,True,55,32,2025-11-16 05:19:02
ba_256_1_6.txt,barabasi_albert_10ins_m20,49,SpecAnn,0.6640368076317485,1.0,-64253.0,0.0125632286071777,0,True,45,33,True,56,32,2025-11-16 05:19:02
ba_256_1_6.txt,barabasi_albert_10ins_m20,49,SpecAnn,0.6699394731151429,1.0,-64655.00000000001,0.0125777721405029,0,True,45,33,True,57,32,2025-11-16 05:19:02
ba_256_1_6.txt,barabasi_albert_10ins_m20,49,SpecAnn,0.6757905839724513,1.0,-64655.00000000001,0.0125336647033691,0,True,45,33,True,58,32,2025-11-16 05:19:02
ba_256_1_6.txt,barabasi_albert_10ins_m20,49,SpecAnn,0.6815914679145113,1.0,-64655.00000000001,0.0125308036804199,0,True,45,33,True,59,32,2025-11-16 05:19:02
ba_256_1_6.txt,barabasi_albert_10ins_m20,49,SpecAnn,0.6873433966234707,1.0,-65253.00000000001,0.0125353336334228,0,True,45,33,True,60,32,2025-11-16 05:19:02
ba_256_1_6.txt,barabasi_albert_10ins_m20,49,SpecAnn,0.6930475890080863,1.0,-65436.99999999999,0.0125222206115722,0,True,45,33,True,61,32,2025-11-16 05:19:02
ba_256_1_6.txt,barabasi_albert_10ins_m20,49,SpecAnn,0.6987052142198116,1.0,-65436.99999999999,0.012510061264038,0,True,45,33,True,62,32,2025-11-16 05:19:02
ba_256_1_6.txt,barabasi_albert_10ins_m20,49,SpecAnn,0.7043173944508145,1.0,-65056.99999999999,0.0125174522399902,0,True,45,33,True,63,32,2025-11-16 05:19:02
ba_256_1_6.txt,barabasi_albert_10ins_m20,49,SpecAnn,0.709885207532891,1.0,-65175.0,0.01253342628479,0,True,45,33,True,64,32,2025-11-16 05:19:02
ba_256_1_6.txt,barabasi_albert_10ins_m20,49,SpecAnn,0.7154096893543218,1.0,-65056.99999999999,0.0125925540924072,0,True,45,33,True,65,32,2025-11-16 05:19:02
ba_256_1_6.txt,barabasi_albert_10ins_m20,49,SpecAnn,0.7208918361100219,1.0,-65047.00000000001,0.0127198696136474,0,True,45,33,True,66,32,2025-11-16 05:19:02
ba_256_1_6.txt,barabasi_albert_10ins_m20,49,SpecAnn,0.7263326063988248,1.0,-65047.00000000001,0.0124757289886474,0,True,45,33,True,67,32,2025-11-16 05:19:02
ba_256_1_6.txt,barabasi_albert_10ins_m20,49,SpecAnn,0.7317329231804058,1.0,-65436.99999999999,0.0126237869262695,0,True,45,33,True,68,32,2025-11-16 05:19:02
ba_256_1_6.txt,barabasi_albert_10ins_m20,49,SpecAnn,0.7370936756031579,1.0,-65436.99999999999,0.0125164985656738,0,True,45,33,True,69,32,2025-11-16 05:19:02
ba_256_1_6.txt,barabasi_albert_10ins_m20,49,SpecAnn,0.7424157207132704,1.0,-65436.99999999999,0.0128004550933837,0,True,45,33,True,70,32,2025-11-16 05:19:02
ba_256_1_6.txt,barabasi_albert_10ins_m20,49,SpecAnn,0.7476998850543153,1.0,-64499.00000000001,0.0127623081207275,0,True,45,33,True,71,32,2025-11-16 05:19:02
ba_256_1_6.txt,barabasi_albert_10ins_m20,49,SpecAnn,0.7529469661657903,1.0,-64499.00000000001,0.0128037929534912,0,True,45,33,True,72,32,2025-11-16 05:19:02
ba_256_1_6.txt,barabasi_albert_10ins_m20,49,SpecAnn,0.7581577339883167,1.0,-64499.00000000001,0.012622594833374,0,True,45,33,True,73,32,2025-11-16 05:19:02
ba_256_1_6.txt,barabasi_albert_10ins_m20,49,SpecAnn,0.7633329321824984,1.0,-65065.000000000015,0.0126905441284179,0,True,45,33,True,74,32,2025-11-16 05:19:02
ba_256_1_6.txt,barabasi_albert_10ins_m20,49,SpecAnn,0.7684732793678399,1.0,-65065.000000000015,0.0125617980957031,0,True,45,33,True,75,32,2025-11-16 05:19:02
ba_256_1_6.txt,barabasi_albert_10ins_m20,49,SpecAnn,0.7735794702875677,1.0,-65065.000000000015,0.0125894546508789,0,True,45,33,True,76,32,2025-11-16 05:19:02
ba_256_1_6.txt,barabasi_albert_10ins_m20,49,SpecAnn,0.7786521769046981,1.0,-65065.000000000015,0.0125873088836669,0,True,45,33,True,77,32,2025-11-16 05:19:02
ba_256_1_6.txt,barabasi_albert_10ins_m20,49,SpecAnn,0.7836920494342511,1.0,-65065.000000000015,0.0125060081481933,0,True,45,33,True,78,32,2025-11-16 05:19:02
ba_256_1_6.txt,barabasi_albert_10ins_m20,49,SpecAnn,0.788699717316095,1.0,-65171.00000000001,0.0126492977142333,0,True,45,33,True,79,32,2025-11-16 05:19:02
ba_256_1_6.txt,barabasi_albert_10ins_m20,49,SpecAnn,0.7936757901325451,1.0,-65171.00000000001,0.0125439167022705,0,True,45,33,True,80,32,2025-11-16 05:19:03
ba_256_1_6.txt,barabasi_albert_10ins_m20,49,SpecAnn,0.7986208584745024,1.0,-65171.00000000001,0.0126228332519531,0,True,45,33,True,81,32,2025-11-16 05:19:03
ba_256_1_6.txt,barabasi_albert_10ins_m20,49,SpecAnn,0.803535494759617,1.0,-65171.00000000001,0.0125443935394287,0,True,45,33,True,82,32,2025-11-16 05:19:03
ba_256_1_6.txt,barabasi_albert_10ins_m20,49,SpecAnn,0.8084202540056837,1.0,-65171.00000000001,0.0125625133514404,0,True,45,33,True,83,32,2025-11-16 05:19:03
ba_256_1_6.txt,barabasi_albert_10ins_m20,49,SpecAnn,0.8132756745622272,1.0,-65171.00000000001,0.0127074718475341,0,True,45,33,True,84,32,2025-11-16 05:19:03
ba_256_1_6.txt,barabasi_albert_10ins_m20,49,SpecAnn,0.8181022788030096,1.0,-65171.00000000001,0.012639045715332,0,True,45,33,True,85,32,2025-11-16 05:19:03
ba_256_1_6.txt,barabasi_albert_10ins_m20,49,SpecAnn,0.822900573781978,1.0,-65171.00000000001,0.0127198696136474,0,True,45,33,True,86,32,2025-11-16 05:19:03
ba_256_1_6.txt,barabasi_albert_10ins_m20,49,SpecAnn,0.8276710518549868,1.0,-65171.00000000001,0.0127906799316406,0,True,45,33,True,87,32,2025-11-16 05:19:03
ba_256_1_6.txt,barabasi_albert_10ins_m20,49,SpecAnn,0.8324141912694495,1.0,-65171.00000000001,0.0127766132354736,0,True,45,33,True,88,32,2025-11-16 05:19:03
ba_256_1_6.txt,barabasi_albert_10ins_m20,49,SpecAnn,0.8371304567239225,1.0,-65171.00000000001,0.0127997398376464,0,True,45,33,True,89,32,2025-11-16 05:19:03
ba_256_1_6.txt,barabasi_albert_10ins_m20,49,SpecAnn,0.8418202998994706,1.0,-64890.99999999999,0.0127143859863281,0,True,45,33,True,90,32,2025-11-16 05:19:03
ba_256_1_6.txt,barabasi_albert_10ins_m20,49,SpecAnn,0.846484159964536,1.0,-64890.99999999999,0.0126659870147705,0,True,45,33,True,91,32,2025-11-16 05:19:03
ba_256_1_6.txt,barabasi_albert_10ins_m20,49,SpecAnn,0.8511224640549078,1.0,-64890.99999999999,0.0126206874847412,0,True,45,33,True,92,32,2025-11-16 05:19:03
ba_256_1_6.txt,barabasi_albert_10ins_m20,49,SpecAnn,0.8557356277302758,1.0,-64979.0,0.0126032829284667,0,True,45,33,True,93,32,2025-11-16 05:19:03
ba_256_1_6.txt,barabasi_albert_10ins_m20,49,SpecAnn,0.8603240554087516,1.0,-64979.0,0.0127317905426025,0,True,45,33,True,94,32,2025-11-16 05:19:03
ba_256_1_6.txt,barabasi_albert_10ins_m20,49,SpecAnn,0.86488814078064,1.0,-64979.0,0.0127511024475097,0,True,45,33,True,95,32,2025-11-16 05:19:03
ba_256_1_6.txt,barabasi_albert_10ins_m20,49,SpecAnn,0.8694282672026621,1.0,-64979.0,0.0127675533294677,0,True,45,33,True,96,32,2025-11-16 05:19:03
ba_256_1_6.txt,barabasi_albert_10ins_m20,49,SpecAnn,0.8739448080737451,1.0,-64979.0,0.0127420425415039,0,True,45,33,True,97,32,2025-11-16 05:19:03
ba_256_1_6.txt,barabasi_albert_10ins_m20,49,SpecAnn,0.878438127193422,1.0,-64979.0,0.0128006935119628,0,True,45,33,True,98,32,2025-11-16 05:19:03
ba_256_1_6.txt,barabasi_albert_10ins_m20,49,SpecAnn,0.8829085791038153,1.0,-64660.99999999999,0.0126171112060546,0,True,45,33,True,99,32,2025-11-16 05:19:03
ba_256_1_6.txt,barabasi_albert_10ins_m20,49,SpecAnn,0.8873565094161138,1.0,-64660.99999999999,0.0125656127929687,0,True,45,33,True,100,32,2025-11-16 05:19:03
ba_256_1_6.txt,barabasi_albert_10ins_m20,49,SpecAnn,0.8917822551223932,1.0,-64660.99999999999,0.0125091075897216,0,True,45,33,True,101,32,2025-11-16 05:19:03
ba_256_1_6.txt,barabasi_albert_10ins_m20,49,SpecAnn,0.8961861448935777,1.0,-64660.99999999999,0.012531042098999,0,True,45,33,True,102,32,2025-11-16 05:19:03
ba_256_1_6.txt,barabasi_albert_10ins_m20,49,SpecAnn,0.9005684993642872,1.0,-64981.0,0.0125203132629394,0,True,45,33,True,103,32,2025-11-16 05:19:03
ba_256_1_6.txt,barabasi_albert_10ins_m20,49,SpecAnn,0.9049296314052688,1.0,-64981.0,0.0126597881317138,0,True,45,33,True,104,32,2025-11-16 05:19:03
ba_256_1_6.txt,barabasi_albert_10ins_m20,49,SpecAnn,0.9092698463840684,1.0,-64981.0,0.0126922130584716,0,True,45,33,True,105,32,2025-11-16 05:19:03
ba_256_1_6.txt,barabasi_albert_10ins_m20,49,SpecAnn,0.9135894424145556,1.0,-64981.0,0.0129408836364746,0,True,45,33,True,106,32,2025-11-16 05:19:03
ba_256_1_6.txt,barabasi_albert_10ins_m20,49,SpecAnn,0.9178887105958816,1.0,-64981.0,0.0128014087677001,0,True,45,33,True,107,32,2025-11-16 05:19:03
ba_256_1_6.txt,barabasi_albert_10ins_m20,49,SpecAnn,0.922167935241408,1.0,-64981.0,0.012765884399414,0,True,45,33,True,108,32,2025-11-16 05:19:03
ba_256_1_6.txt,barabasi_albert_10ins_m20,49,SpecAnn,0.92642739409812,1.0,-64981.0,0.0127322673797607,0,True,45,33,True,109,32,2025-11-16 05:19:03
ba_256_1_6.txt,barabasi_albert_10ins_m20,49,SpecAnn,0.9306673585570006,1.0,-64981.0,0.0127389430999755,0,True,45,33,True,110,32,2025-11-16 05:19:03
ba_256_1_6.txt,barabasi_albert_10ins_m20,49,SpecAnn,0.9348880938548184,1.0,-64981.0,0.0127627849578857,0,True,45,33,True,111,32,2025-11-16 05:19:03
ba_256_1_6.txt,barabasi_albert_10ins_m20,49,SpecAnn,0.9390898592677528,1.0,-64981.0,0.012571096420288,0,True,45,33,True,112,32,2025-11-16 05:19:03
ba_256_1_6.txt,barabasi_albert_10ins_m20,49,SpecAnn,0.9432729082972536,1.0,-64979.0,0.012596845626831,0,True,45,33,True,113,32,2025-11-16 05:19:03
ba_256_1_6.txt,barabasi_albert_10ins_m20,49,SpecAnn,0.9474374888485204,1.0,-64979.0,0.012561559677124,0,True,45,33,True,114,32,2025-11-16 05:19:03
ba_256_1_6.txt,barabasi_albert_10ins_m20,49,SpecAnn,0.9515838434019476,1.0,-64911.000000000015,0.0125443935394287,0,True,45,33,True,115,32,2025-11-16 05:19:03
ba_256_1_6.txt,barabasi_albert_10ins_m20,49,SpecAnn,0.9557122091778746,1.0,-64911.000000000015,0.0126850605010986,0,True,45,33,True,116,32,2025-11-16 05:19:03
ba_256_1_6.txt,barabasi_albert_10ins_m20,49,SpecAnn,0.9598228182949629,1.0,-64911.000000000015,0.0125517845153808,0,True,45,33,True,117,32,2025-11-16 05:19:03
ba_256_1_6.txt,barabasi_albert_10ins_m20,49,SpecAnn,0.963915897922488,1.0,-64911.000000000015,0.0127475261688232,0,True,45,33,True,118,32,2025-11-16 05:19:03
ba_256_1_6.txt,barabasi_albert_10ins_m20,49,SpecAnn,0.967991670426842,1.0,-65163.0,0.0127537250518798,0,True,45,33,True,119,32,2025-11-16 05:19:03
ba_256_1_6.txt,barabasi_albert_10ins_m20,49,SpecAnn,0.9720503535125016,1.0,-64884.99999999999,0.0127449035644531,0,True,45,33,True,120,32,2025-11-16 05:19:03
ba_256_1_6.txt,barabasi_albert_10ins_m20,49,SpecAnn,0.9760921603577252,1.0,-64884.99999999999,0.0126483440399169,0,True,45,33,True,121,32,2025-11-16 05:19:03
ba_256_1_6.txt,barabasi_albert_10ins_m20,49,SpecAnn,0.9801172997452104,1.0,-64884.99999999999,0.0125699043273925,0,True,45,33,True,122,32,2025-11-16 05:19:03
ba_256_1_6.txt,barabasi_albert_10ins_m20,49,SpecAnn,0.9841259761879442,1.0,-64884.99999999999,0.0126047134399414,0,True,45,33,True,123,32,2025-11-16 05:19:03
ba_256_1_6.txt,barabasi_albert_10ins_m20,49,SpecAnn,0.9881183900504562,1.0,-64911.000000000015,0.0125799179077148,0,True,45,33,True,124,32,2025-11-16 05:19:03
ba_256_1_6.txt,barabasi_albert_10ins_m20,49,SpecAnn,0.9920947376656812,1.0,-64911.000000000015,0.0125544071197509,0,True,45,33,True,125,32,2025-11-16 05:19:03
ba_256_1_6.txt,barabasi_albert_10ins_m20,49,SpecAnn,0.9960552114476228,1.0,-64911.000000000015,0.0125482082366943,0,True,45,33,True,126,32,2025-11-16 05:19:03
ba_256_1_6.txt,barabasi_albert_10ins_m20,49,SpecAnn,1.0,1.0,-64911.000000000015,0.0125999450683593,0,True,45,33,True,127,32,2025-11-16 05:19:03
ba_256_1_6.txt,barabasi_albert_10ins_m20,50,SpecAnn,0.0,1.0,-60455.0,0.01336669921875,0,True,47,33,True,0,32,2025-11-16 05:19:03
ba_256_1_6.txt,barabasi_albert_10ins_m20,50,SpecAnn,0.0887356509416113,1.0,-60101.00000000001,0.0126237869262695,0,True,47,33,True,1,32,2025-11-16 05:19:03
ba_256_1_6.txt,barabasi_albert_10ins_m20,50,SpecAnn,0.1254911610276317,1.0,-62207.0,0.0125246047973632,0,True,47,33,True,2,32,2025-11-16 05:19:03
ba_256_1_6.txt,barabasi_albert_10ins_m20,50,SpecAnn,0.1536946558735679,1.0,-60783.0,0.0125613212585449,0,True,47,33,True,3,32,2025-11-16 05:19:03
ba_256_1_6.txt,barabasi_albert_10ins_m20,50,SpecAnn,0.1774713018832227,1.0,-61255.0,0.0125555992126464,0,True,47,33,True,4,32,2025-11-16 05:19:03
ba_256_1_6.txt,barabasi_albert_10ins_m20,50,SpecAnn,0.1984189475331362,1.0,-61255.0,0.0126004219055175,0,True,47,33,True,5,32,2025-11-16 05:19:03
ba_256_1_6.txt,barabasi_albert_10ins_m20,50,SpecAnn,0.2173570668006655,1.0,-60255.0,0.012606143951416,0,True,47,33,True,6,32,2025-11-16 05:19:03
ba_256_1_6.txt,barabasi_albert_10ins_m20,50,SpecAnn,0.2347724648169381,1.0,-62004.99999999999,0.0125734806060791,0,True,47,33,True,7,32,2025-11-16 05:19:03
ba_256_1_6.txt,barabasi_albert_10ins_m20,50,SpecAnn,0.2509823220552634,1.0,-60387.0,0.012683629989624,0,True,47,33,True,8,32,2025-11-16 05:19:03
ba_256_1_6.txt,barabasi_albert_10ins_m20,50,SpecAnn,0.2662069528248341,1.0,-60387.0,0.0125179290771484,0,True,47,33,True,9,32,2025-11-16 05:19:03
ba_256_1_6.txt,barabasi_albert_10ins_m20,50,SpecAnn,0.2806067666331568,1.0,-60985.0,0.0126409530639648,0,True,47,33,True,10,32,2025-11-16 05:19:03
ba_256_1_6.txt,barabasi_albert_10ins_m20,50,SpecAnn,0.2943028597012718,1.0,-60985.0,0.0127809047698974,0,True,47,33,True,11,32,2025-11-16 05:19:03
ba_256_1_6.txt,barabasi_albert_10ins_m20,50,SpecAnn,0.3073893117471359,1.0,-60985.0,0.0126988887786865,0,True,47,33,True,12,32,2025-11-16 05:19:03
ba_256_1_6.txt,barabasi_albert_10ins_m20,50,SpecAnn,0.3199409394316542,1.0,-60985.0,0.0126843452453613,0,True,47,33,True,13,32,2025-11-16 05:19:03
ba_256_1_6.txt,barabasi_albert_10ins_m20,50,SpecAnn,0.3320184038158743,1.0,-60985.0,0.0126750469207763,0,True,47,33,True,14,32,2025-11-16 05:19:03
ba_256_1_6.txt,barabasi_albert_10ins_m20,50,SpecAnn,0.3436716983117353,1.0,-62351.0,0.01253342628479,0,True,47,33,True,15,32,2025-11-16 05:19:03
ba_256_1_6.txt,barabasi_albert_10ins_m20,50,SpecAnn,0.3549426037664455,1.0,-62351.0,0.0125856399536132,0,True,47,33,True,16,32,2025-11-16 05:19:03
ba_256_1_6.txt,barabasi_albert_10ins_m20,50,SpecAnn,0.3658664615902029,1.0,-62351.0,0.0124788284301757,0,True,47,33,True,17,32,2025-11-16 05:19:03
ba_256_1_6.txt,barabasi_albert_10ins_m20,50,SpecAnn,0.3764734830828951,1.0,-61077.0,0.0125083923339843,0,True,47,33,True,18,32,2025-11-16 05:19:03
ba_256_1_6.txt,barabasi_albert_10ins_m20,50,SpecAnn,0.3867897351437838,1.0,-61889.00000000001,0.0125565528869628,0,True,47,33,True,19,32,2025-11-16 05:19:03
ba_256_1_6.txt,barabasi_albert_10ins_m20,50,SpecAnn,0.3968378950662725,1.0,-62373.0,0.0125384330749511,0,True,47,33,True,20,32,2025-11-16 05:19:04
ba_256_1_6.txt,barabasi_albert_10ins_m20,50,SpecAnn,0.4066378372811136,1.0,-61597.0,0.0125577449798583,0,True,47,33,True,21,32,2025-11-16 05:19:04
ba_256_1_6.txt,barabasi_albert_10ins_m20,50,SpecAnn,0.4162070956347247,1.0,-61597.0,0.0125608444213867,0,True,47,33,True,22,32,2025-11-16 05:19:04
ba_256_1_6.txt,barabasi_albert_10ins_m20,50,SpecAnn,0.4255612320274539,1.0,-61597.0,0.0124495029449462,0,True,47,33,True,23,32,2025-11-16 05:19:04
ba_256_1_6.txt,barabasi_albert_10ins_m20,50,SpecAnn,0.434714133601331,1.0,-61597.0,0.0125982761383056,0,True,47,33,True,24,32,2025-11-16 05:19:04
ba_256_1_6.txt,barabasi_albert_10ins_m20,50,SpecAnn,0.4436782547080569,1.0,-62633.0,0.0124948024749755,0,True,47,33,True,25,32,2025-11-16 05:19:04
ba_256_1_6.txt,barabasi_albert_10ins_m20,50,SpecAnn,0.4524648157026343,1.0,-62501.00000000001,0.0126140117645263,0,True,47,33,True,26,32,2025-11-16 05:19:04
ba_256_1_6.txt,barabasi_albert_10ins_m20,50,SpecAnn,0.4610839676207039,1.0,-62025.0,0.012484073638916,0,True,47,33,True,27,32,2025-11-16 05:19:04
ba_256_1_6.txt,barabasi_albert_10ins_m20,50,SpecAnn,0.4695449296338763,1.0,-62025.0,0.012723684310913,0,True,47,33,True,28,32,2025-11-16 05:19:04
ba_256_1_6.txt,barabasi_albert_10ins_m20,50,SpecAnn,0.4778561045889373,1.0,-62231.0,0.0127513408660888,0,True,47,33,True,29,32,2025-11-16 05:19:04
ba_256_1_6.txt,barabasi_albert_10ins_m20,50,SpecAnn,0.4860251767562508,1.0,-63830.99999999999,0.0127665996551513,0,True,47,33,True,30,32,2025-11-16 05:19:04
ba_256_1_6.txt,barabasi_albert_10ins_m20,50,SpecAnn,0.4940591950252281,1.0,-63830.99999999999,0.0126717090606689,0,True,47,33,True,31,32,2025-11-16 05:19:04
ba_256_1_6.txt,barabasi_albert_10ins_m20,50,SpecAnn,0.5019646441105269,1.0,-63830.99999999999,0.0125269889831542,0,True,47,33,True,32,32,2025-11-16 05:19:04
ba_256_1_6.txt,barabasi_albert_10ins_m20,50,SpecAnn,0.5097475058154177,1.0,-63830.99999999999,0.0125043392181396,0,True,47,33,True,33,32,2025-11-16 05:19:04
ba_256_1_6.txt,barabasi_albert_10ins_m20,50,SpecAnn,0.51741331199832,1.0,-63830.99999999999,0.0125453472137451,0,True,47,33,True,34,32,2025-11-16 05:19:04
ba_256_1_6.txt,barabasi_albert_10ins_m20,50,SpecAnn,0.5249671905758515,1.0,-63830.99999999999,0.0125200748443603,0,True,47,33,True,35,32,2025-11-16 05:19:04
ba_256_1_6.txt,barabasi_albert_10ins_m20,50,SpecAnn,0.5324139056496683,1.0,-63830.99999999999,0.0127754211425781,0,True,47,33,True,36,32,2025-11-16 05:19:04
ba_256_1_6.txt,barabasi_albert_10ins_m20,50,SpecAnn,0.5397578926492556,1.0,-63457.000000000015,0.0124924182891845,0,True,47,33,True,37,32,2025-11-16 05:19:04
ba_256_1_6.txt,barabasi_albert_10ins_m20,50,SpecAnn,0.5470032892270364,1.0,-63595.0,0.0126078128814697,0,True,47,33,True,38,32,2025-11-16 05:19:04
ba_256_1_6.txt,barabasi_albert_10ins_m20,50,SpecAnn,0.554153962516942,1.0,-64227.0,0.0125367641448974,0,True,47,33,True,39,32,2025-11-16 05:19:04
ba_256_1_6.txt,barabasi_albert_10ins_m20,50,SpecAnn,0.5612135332663137,1.0,-64475.0,0.0125305652618408,0,True,47,33,True,40,32,2025-11-16 05:19:04
ba_256_1_6.txt,barabasi_albert_10ins_m20,50,SpecAnn,0.5681853972686127,1.0,-63696.99999999999,0.0124921798706054,0,True,47,33,True,41,32,2025-11-16 05:19:04
ba_256_1_6.txt,barabasi_albert_10ins_m20,50,SpecAnn,0.5750727444570146,1.0,-64045.0,0.0125117301940917,0,True,47,33,True,42,32,2025-11-16 05:19:04
ba_256_1_6.txt,barabasi_albert_10ins_m20,50,SpecAnn,0.5818785759635375,1.0,-64045.0,0.0125672817230224,0,True,47,33,True,43,32,2025-11-16 05:19:04
ba_256_1_6.txt,barabasi_albert_10ins_m20,50,SpecAnn,0.5886057194025436,1.0,-64475.0,0.0126080513000488,0,True,47,33,True,44,32,2025-11-16 05:19:04
ba_256_1_6.txt,barabasi_albert_10ins_m20,50,SpecAnn,0.5952568425994088,1.0,-64551.00000000001,0.0126717090606689,0,True,47,33,True,45,32,2025-11-16 05:19:04
ba_256_1_6.txt,barabasi_albert_10ins_m20,50,SpecAnn,0.6018344659534288,1.0,-63435.0,0.0129308700561523,0,True,47,33,True,46,32,2025-11-16 05:19:04
ba_256_1_6.txt,barabasi_albert_10ins_m20,50,SpecAnn,0.6083409735974393,1.0,-64449.000000000015,0.012826919555664,0,True,47,33,True,47,32,2025-11-16 05:19:04
ba_256_1_6.txt,barabasi_albert_10ins_m20,50,SpecAnn,0.6147786234942719,1.0,-63725.00000000001,0.0127949714660644,0,True,47,33,True,48,32,2025-11-16 05:19:04
ba_256_1_6.txt,barabasi_albert_10ins_m20,50,SpecAnn,0.6211495565912796,1.0,-63631.000000000015,0.0127296447753906,0,True,47,33,True,49,32,2025-11-16 05:19:04
ba_256_1_6.txt,barabasi_albert_10ins_m20,50,SpecAnn,0.6274558051381586,1.0,-64282.99999999999,0.0125813484191894,0,True,47,33,True,50,32,2025-11-16 05:19:04
ba_256_1_6.txt,barabasi_albert_10ins_m20,50,SpecAnn,0.6336993002596786,1.0,-65458.99999999999,0.0125823020935058,0,True,47,33,True,51,32,2025-11-16 05:19:04
ba_256_1_6.txt,barabasi_albert_10ins_m20,50,SpecAnn,0.6398818788633085,1.0,-64998.99999999999,0.0126097202301025,0,True,47,33,True,52,32,2025-11-16 05:19:04
ba_256_1_6.txt,barabasi_albert_10ins_m20,50,SpecAnn,0.6460052899517691,1.0,-64998.99999999999,0.0125308036804199,0,True,47,33,True,53,32,2025-11-16 05:19:04
ba_256_1_6.txt,barabasi_albert_10ins_m20,50,SpecAnn,0.6520712004019966,1.0,-64875.0,0.0125906467437744,0,True,47,33,True,54,32,2025-11-16 05:19:04
ba_256_1_6.txt,barabasi_albert_10ins_m20,50,SpecAnn,0.6580812002646271,1.0,-64875.0,0.0126106739044189,0,True,47,33,True,55,32,2025-11-16 05:19:04
ba_256_1_6.txt,barabasi_albert_10ins_m20,50,SpecAnn,0.6640368076317485,1.0,-65359.0,0.0126032829284667,0,True,47,33,True,56,32,2025-11-16 05:19:04
ba_256_1_6.txt,barabasi_albert_10ins_m20,50,SpecAnn,0.6699394731151429,1.0,-65359.0,0.0125422477722167,0,True,47,33,True,57,32,2025-11-16 05:19:04
ba_256_1_6.txt,barabasi_albert_10ins_m20,50,SpecAnn,0.6757905839724513,1.0,-65359.0,0.0126662254333496,0,True,47,33,True,58,32,2025-11-16 05:19:04
ba_256_1_6.txt,barabasi_albert_10ins_m20,50,SpecAnn,0.6815914679145113,1.0,-64719.00000000001,0.0128211975097656,0,True,47,33,True,59,32,2025-11-16 05:19:04
ba_256_1_6.txt,barabasi_albert_10ins_m20,50,SpecAnn,0.6873433966234707,1.0,-64667.00000000001,0.0128307342529296,0,True,47,33,True,60,32,2025-11-16 05:19:04
ba_256_1_6.txt,barabasi_albert_10ins_m20,50,SpecAnn,0.6930475890080863,1.0,-64667.00000000001,0.0126612186431884,0,True,47,33,True,61,32,2025-11-16 05:19:04
ba_256_1_6.txt,barabasi_albert_10ins_m20,50,SpecAnn,0.6987052142198116,1.0,-64667.00000000001,0.0126035213470458,0,True,47,33,True,62,32,2025-11-16 05:19:04
ba_256_1_6.txt,barabasi_albert_10ins_m20,50,SpecAnn,0.7043173944508145,1.0,-64786.99999999999,0.0126650333404541,0,True,47,33,True,63,32,2025-11-16 05:19:04
ba_256_1_6.txt,barabasi_albert_10ins_m20,50,SpecAnn,0.709885207532891,1.0,-65559.0,0.0126664638519287,0,True,47,33,True,64,32,2025-11-16 05:19:04
ba_256_1_6.txt,barabasi_albert_10ins_m20,50,SpecAnn,0.7154096893543218,1.0,-64786.99999999999,0.0126013755798339,0,True,47,33,True,65,32,2025-11-16 05:19:04
ba_256_1_6.txt,barabasi_albert_10ins_m20,50,SpecAnn,0.7208918361100219,1.0,-64893.0,0.0126161575317382,0,True,47,33,True,66,32,2025-11-16 05:19:04
ba_256_1_6.txt,barabasi_albert_10ins_m20,50,SpecAnn,0.7263326063988248,1.0,-64893.0,0.0125596523284912,0,True,47,33,True,67,32,2025-11-16 05:19:04
ba_256_1_6.txt,barabasi_albert_10ins_m20,50,SpecAnn,0.7317329231804058,1.0,-65163.0,0.0125935077667236,0,True,47,33,True,68,32,2025-11-16 05:19:04
ba_256_1_6.txt,barabasi_albert_10ins_m20,50,SpecAnn,0.7370936756031579,1.0,-65163.0,0.0125432014465332,0,True,47,33,True,69,32,2025-11-16 05:19:04
ba_256_1_6.txt,barabasi_albert_10ins_m20,50,SpecAnn,0.7424157207132704,1.0,-65163.0,0.0125825405120849,0,True,47,33,True,70,32,2025-11-16 05:19:04
ba_256_1_6.txt,barabasi_albert_10ins_m20,50,SpecAnn,0.7476998850543153,1.0,-65633.0,0.0125768184661865,0,True,47,33,True,71,32,2025-11-16 05:19:04
ba_256_1_6.txt,barabasi_albert_10ins_m20,50,SpecAnn,0.7529469661657903,1.0,-65633.0,0.0126006603240966,0,True,47,33,True,72,32,2025-11-16 05:19:04
ba_256_1_6.txt,barabasi_albert_10ins_m20,50,SpecAnn,0.7581577339883167,1.0,-65633.0,0.0124950408935546,0,True,47,33,True,73,32,2025-11-16 05:19:04
ba_256_1_6.txt,barabasi_albert_10ins_m20,50,SpecAnn,0.7633329321824984,1.0,-65451.0,0.0125765800476074,0,True,47,33,True,74,32,2025-11-16 05:19:04
ba_256_1_6.txt,barabasi_albert_10ins_m20,50,SpecAnn,0.7684732793678399,1.0,-65451.0,0.0125198364257812,0,True,47,33,True,75,32,2025-11-16 05:19:04
ba_256_1_6.txt,barabasi_albert_10ins_m20,50,SpecAnn,0.7735794702875677,1.0,-65451.0,0.0126359462738037,0,True,47,33,True,76,32,2025-11-16 05:19:04
ba_256_1_6.txt,barabasi_albert_10ins_m20,50,SpecAnn,0.7786521769046981,1.0,-65451.0,0.0125339031219482,0,True,47,33,True,77,32,2025-11-16 05:19:04
ba_256_1_6.txt,barabasi_albert_10ins_m20,50,SpecAnn,0.7836920494342511,1.0,-65451.0,0.0125415325164794,0,True,47,33,True,78,32,2025-11-16 05:19:04
ba_256_1_6.txt,barabasi_albert_10ins_m20,50,SpecAnn,0.788699717316095,1.0,-65451.0,0.0125372409820556,0,True,47,33,True,79,32,2025-11-16 05:19:04
ba_256_1_6.txt,barabasi_albert_10ins_m20,50,SpecAnn,0.7936757901325451,1.0,-64983.00000000001,0.0125174522399902,0,True,47,33,True,80,32,2025-11-16 05:19:04
ba_256_1_6.txt,barabasi_albert_10ins_m20,50,SpecAnn,0.7986208584745024,1.0,-65227.0,0.0125036239624023,0,True,47,33,True,81,32,2025-11-16 05:19:04
ba_256_1_6.txt,barabasi_albert_10ins_m20,50,SpecAnn,0.803535494759617,1.0,-65227.0,0.0124974250793457,0,True,47,33,True,82,32,2025-11-16 05:19:04
ba_256_1_6.txt,barabasi_albert_10ins_m20,50,SpecAnn,0.8084202540056837,1.0,-65227.0,0.012580394744873,0,True,47,33,True,83,32,2025-11-16 05:19:04
ba_256_1_6.txt,barabasi_albert_10ins_m20,50,SpecAnn,0.8132756745622272,1.0,-65227.0,0.0125379562377929,0,True,47,33,True,84,32,2025-11-16 05:19:04
ba_256_1_6.txt,barabasi_albert_10ins_m20,50,SpecAnn,0.8181022788030096,1.0,-65227.0,0.0125026702880859,0,True,47,33,True,85,32,2025-11-16 05:19:04
ba_256_1_6.txt,barabasi_albert_10ins_m20,50,SpecAnn,0.822900573781978,1.0,-65227.0,0.0126373767852783,0,True,47,33,True,86,32,2025-11-16 05:19:04
ba_256_1_6.txt,barabasi_albert_10ins_m20,50,SpecAnn,0.8276710518549868,1.0,-65227.0,0.012526512145996,0,True,47,33,True,87,32,2025-11-16 05:19:04
ba_256_1_6.txt,barabasi_albert_10ins_m20,50,SpecAnn,0.8324141912694495,1.0,-65227.0,0.0125761032104492,0,True,47,33,True,88,32,2025-11-16 05:19:04
ba_256_1_6.txt,barabasi_albert_10ins_m20,50,SpecAnn,0.8371304567239225,1.0,-65227.0,0.0125408172607421,0,True,47,33,True,89,32,2025-11-16 05:19:04
ba_256_1_6.txt,barabasi_albert_10ins_m20,50,SpecAnn,0.8418202998994706,1.0,-64465.00000000002,0.0125763416290283,0,True,47,33,True,90,32,2025-11-16 05:19:04
ba_256_1_6.txt,barabasi_albert_10ins_m20,50,SpecAnn,0.846484159964536,1.0,-64465.00000000002,0.0129134654998779,0,True,47,33,True,91,32,2025-11-16 05:19:04
ba_256_1_6.txt,barabasi_albert_10ins_m20,50,SpecAnn,0.8511224640549078,1.0,-64465.00000000002,0.0128042697906494,0,True,47,33,True,92,32,2025-11-16 05:19:04
ba_256_1_6.txt,barabasi_albert_10ins_m20,50,SpecAnn,0.8557356277302758,1.0,-64755.000000000015,0.0128123760223388,0,True,47,33,True,93,32,2025-11-16 05:19:04
ba_256_1_6.txt,barabasi_albert_10ins_m20,50,SpecAnn,0.8603240554087516,1.0,-64755.000000000015,0.0126614570617675,0,True,47,33,True,94,32,2025-11-16 05:19:04
ba_256_1_6.txt,barabasi_albert_10ins_m20,50,SpecAnn,0.86488814078064,1.0,-64755.000000000015,0.0125479698181152,0,True,47,33,True,95,32,2025-11-16 05:19:04
ba_256_1_6.txt,barabasi_albert_10ins_m20,50,SpecAnn,0.8694282672026621,1.0,-64755.000000000015,0.0125141143798828,0,True,47,33,True,96,32,2025-11-16 05:19:04
ba_256_1_6.txt,barabasi_albert_10ins_m20,50,SpecAnn,0.8739448080737451,1.0,-64755.000000000015,0.0126252174377441,0,True,47,33,True,97,32,2025-11-16 05:19:04
ba_256_1_6.txt,barabasi_albert_10ins_m20,50,SpecAnn,0.878438127193422,1.0,-64755.000000000015,0.0125167369842529,0,True,47,33,True,98,32,2025-11-16 05:19:04
ba_256_1_6.txt,barabasi_albert_10ins_m20,50,SpecAnn,0.8829085791038153,1.0,-64755.000000000015,0.0127077102661132,0,True,47,33,True,99,32,2025-11-16 05:19:05
ba_256_1_6.txt,barabasi_albert_10ins_m20,50,SpecAnn,0.8873565094161138,1.0,-64755.000000000015,0.0125691890716552,0,True,47,33,True,100,32,2025-11-16 05:19:05
ba_256_1_6.txt,barabasi_albert_10ins_m20,50,SpecAnn,0.8917822551223932,1.0,-64755.000000000015,0.0125718116760253,0,True,47,33,True,101,32,2025-11-16 05:19:05
ba_256_1_6.txt,barabasi_albert_10ins_m20,50,SpecAnn,0.8961861448935777,1.0,-64755.000000000015,0.0125622749328613,0,True,47,33,True,102,32,2025-11-16 05:19:05
ba_256_1_6.txt,barabasi_albert_10ins_m20,50,SpecAnn,0.9005684993642872,1.0,-64779.0,0.0125350952148437,0,True,47,33,True,103,32,2025-11-16 05:19:05
ba_256_1_6.txt,barabasi_albert_10ins_m20,50,SpecAnn,0.9049296314052688,1.0,-64779.0,0.0126035213470458,0,True,47,33,True,104,32,2025-11-16 05:19:05
ba_256_1_6.txt,barabasi_albert_10ins_m20,50,SpecAnn,0.9092698463840684,1.0,-64779.0,0.0125172138214111,0,True,47,33,True,105,32,2025-11-16 05:19:05
ba_256_1_6.txt,barabasi_albert_10ins_m20,50,SpecAnn,0.9135894424145556,1.0,-64779.0,0.0125350952148437,0,True,47,33,True,106,32,2025-11-16 05:19:05
ba_256_1_6.txt,barabasi_albert_10ins_m20,50,SpecAnn,0.9178887105958816,1.0,-64779.0,0.0125236511230468,0,True,47,33,True,107,32,2025-11-16 05:19:05
ba_256_1_6.txt,barabasi_albert_10ins_m20,50,SpecAnn,0.922167935241408,1.0,-64779.0,0.0128116607666015,0,True,47,33,True,108,32,2025-11-16 05:19:05
ba_256_1_6.txt,barabasi_albert_10ins_m20,50,SpecAnn,0.92642739409812,1.0,-64779.0,0.0128266811370849,0,True,47,33,True,109,32,2025-11-16 05:19:05
ba_256_1_6.txt,barabasi_albert_10ins_m20,50,SpecAnn,0.9306673585570006,1.0,-64779.0,0.0127778053283691,0,True,47,33,True,110,32,2025-11-16 05:19:05
ba_256_1_6.txt,barabasi_albert_10ins_m20,50,SpecAnn,0.9348880938548184,1.0,-64779.0,0.0127973556518554,0,True,47,33,True,111,32,2025-11-16 05:19:05
ba_256_1_6.txt,barabasi_albert_10ins_m20,50,SpecAnn,0.9390898592677528,1.0,-64779.0,0.0126240253448486,0,True,47,33,True,112,32,2025-11-16 05:19:05
ba_256_1_6.txt,barabasi_albert_10ins_m20,50,SpecAnn,0.9432729082972536,1.0,-64469.0,0.0125863552093505,0,True,47,33,True,113,32,2025-11-16 05:19:05
ba_256_1_6.txt,barabasi_albert_10ins_m20,50,SpecAnn,0.9474374888485204,1.0,-64469.0,0.0126144886016845,0,True,47,33,True,114,32,2025-11-16 05:19:05
ba_256_1_6.txt,barabasi_albert_10ins_m20,50,SpecAnn,0.9515838434019476,1.0,-65476.99999999999,0.0127902030944824,0,True,47,33,True,115,32,2025-11-16 05:19:05
ba_256_1_6.txt,barabasi_albert_10ins_m20,50,SpecAnn,0.9557122091778746,1.0,-65163.0,0.0128250122070312,0,True,47,33,True,116,32,2025-11-16 05:19:05
ba_256_1_6.txt,barabasi_albert_10ins_m20,50,SpecAnn,0.9598228182949629,1.0,-65163.0,0.0127263069152832,0,True,47,33,True,117,32,2025-11-16 05:19:05
ba_256_1_6.txt,barabasi_albert_10ins_m20,50,SpecAnn,0.963915897922488,1.0,-65163.0,0.0125515460968017,0,True,47,33,True,118,32,2025-11-16 05:19:05
ba_256_1_6.txt,barabasi_albert_10ins_m20,50,SpecAnn,0.967991670426842,1.0,-65181.0,0.0126752853393554,0,True,47,33,True,119,32,2025-11-16 05:19:05
ba_256_1_6.txt,barabasi_albert_10ins_m20,50,SpecAnn,0.9720503535125016,1.0,-65181.0,0.0125694274902343,0,True,47,33,True,120,32,2025-11-16 05:19:05
ba_256_1_6.txt,barabasi_albert_10ins_m20,50,SpecAnn,0.9760921603577252,1.0,-65181.0,0.0125088691711425,0,True,47,33,True,121,32,2025-11-16 05:19:05
ba_256_1_6.txt,barabasi_albert_10ins_m20,50,SpecAnn,0.9801172997452104,1.0,-65181.0,0.0125913619995117,0,True,47,33,True,122,32,2025-11-16 05:19:05
ba_256_1_6.txt,barabasi_albert_10ins_m20,50,SpecAnn,0.9841259761879442,1.0,-65181.0,0.0124983787536621,0,True,47,33,True,123,32,2025-11-16 05:19:05
ba_256_1_6.txt,barabasi_albert_10ins_m20,50,SpecAnn,0.9881183900504562,1.0,-64764.99999999999,0.0126752853393554,0,True,47,33,True,124,32,2025-11-16 05:19:05
ba_256_1_6.txt,barabasi_albert_10ins_m20,50,SpecAnn,0.9920947376656812,1.0,-64764.99999999999,0.0129182338714599,0,True,47,33,True,125,32,2025-11-16 05:19:05
ba_256_1_6.txt,barabasi_albert_10ins_m20,50,SpecAnn,0.9960552114476228,1.0,-64764.99999999999,0.0128428936004638,0,True,47,33,True,126,32,2025-11-16 05:19:05
ba_256_1_6.txt,barabasi_albert_10ins_m20,50,SpecAnn,1.0,1.0,-64764.99999999999,0.012768268585205,0,True,47,33,True,127,32,2025-11-16 05:19:05
ba_256_1_6.txt,barabasi_albert_10ins_m20,51,SpecAnn,0.0,1.0,-61145.0,0.013506412506103516,0,True,43,33,True,0,32,2025-11-16 05:19:05
ba_256_1_6.txt,barabasi_albert_10ins_m20,51,SpecAnn,0.08873565094161137,1.0,-61130.99999999999,0.012830257415771484,0,True,43,33,True,1,32,2025-11-16 05:19:05
ba_256_1_6.txt,barabasi_albert_10ins_m20,51,SpecAnn,0.12549116102763172,1.0,-61799.0,0.012801408767700195,0,True,43,33,True,2,32,2025-11-16 05:19:05
ba_256_1_6.txt,barabasi_albert_10ins_m20,51,SpecAnn,0.15369465587356798,1.0,-61897.0,0.01274561882019043,0,True,43,33,True,3,32,2025-11-16 05:19:05
ba_256_1_6.txt,barabasi_albert_10ins_m20,51,SpecAnn,0.17747130188322274,1.0,-61458.99999999999,0.012635231018066406,0,True,43,33,True,4,32,2025-11-16 05:19:05
ba_256_1_6.txt,barabasi_albert_10ins_m20,51,SpecAnn,0.19841894753313627,1.0,-61458.99999999999,0.012728214263916016,0,True,43,33,True,5,32,2025-11-16 05:19:05
ba_256_1_6.txt,barabasi_albert_10ins_m20,51,SpecAnn,0.21735706680066552,1.0,-60991.00000000001,0.012600898742675781,0,True,43,33,True,6,32,2025-11-16 05:19:05
ba_256_1_6.txt,barabasi_albert_10ins_m20,51,SpecAnn,0.23477246481693817,1.0,-61841.0,0.012752771377563477,0,True,43,33,True,7,32,2025-11-16 05:19:05
ba_256_1_6.txt,barabasi_albert_10ins_m20,51,SpecAnn,0.25098232205526344,1.0,-61621.0,0.012721538543701172,0,True,43,33,True,8,32,2025-11-16 05:19:05
ba_256_1_6.txt,barabasi_albert_10ins_m20,51,SpecAnn,0.26620695282483414,1.0,-61621.0,0.012677192687988281,0,True,43,33,True,9,32,2025-11-16 05:19:05
ba_256_1_6.txt,barabasi_albert_10ins_m20,51,SpecAnn,0.28060676663315687,1.0,-61963.00000000001,0.012663841247558594,0,True,43,33,True,10,32,2025-11-16 05:19:05
ba_256_1_6.txt,barabasi_albert_10ins_m20,51,SpecAnn,0.2943028597012718,1.0,-61963.00000000001,0.012628793716430664,0,True,43,33,True,11,32,2025-11-16 05:19:05
ba_256_1_6.txt,barabasi_albert_10ins_m20,51,SpecAnn,0.30738931174713596,1.0,-61963.00000000001,0.01257777214050293,0,True,43,33,True,12,32,2025-11-16 05:19:05
ba_256_1_6.txt,barabasi_albert_10ins_m20,51,SpecAnn,0.31994093943165425,1.0,-61963.00000000001,0.012499570846557617,0,True,43,33,True,13,32,2025-11-16 05:19:05
ba_256_1_6.txt,barabasi_albert_10ins_m20,51,SpecAnn,0.3320184038158743,1.0,-61963.00000000001,0.012516975402832031,0,True,43,33,True,14,32,2025-11-16 05:19:05
ba_256_1_6.txt,barabasi_albert_10ins_m20,51,SpecAnn,0.34367169831173533,1.0,-60065.0,0.01254892349243164,0,True,43,33,True,15,32,2025-11-16 05:19:05
ba_256_1_6.txt,barabasi_albert_10ins_m20,51,SpecAnn,0.3549426037664455,1.0,-60065.0,0.012666940689086914,0,True,43,33,True,16,32,2025-11-16 05:19:05
ba_256_1_6.txt,barabasi_albert_10ins_m20,51,SpecAnn,0.3658664615902029,1.0,-60065.0,0.012585878372192383,0,True,43,33,True,17,32,2025-11-16 05:19:05
ba_256_1_6.txt,barabasi_albert_10ins_m20,51,SpecAnn,0.37647348308289513,1.0,-60582.999999999985,0.012512445449829102,0,True,43,33,True,18,32,2025-11-16 05:19:05
ba_256_1_6.txt,barabasi_albert_10ins_m20,51,SpecAnn,0.38678973514378384,1.0,-62351.0,0.012576103210449219,0,True,43,33,True,19,32,2025-11-16 05:19:05
ba_256_1_6.txt,barabasi_albert_10ins_m20,51,SpecAnn,0.39683789506627254,1.0,-62155.0,0.012593507766723633,0,True,43,33,True,20,32,2025-11-16 05:19:05
ba_256_1_6.txt,barabasi_albert_10ins_m20,51,SpecAnn,0.4066378372811136,1.0,-61043.0,0.012547969818115234,0,True,43,33,True,21,32,2025-11-16 05:19:05
ba_256_1_6.txt,barabasi_albert_10ins_m20,51,SpecAnn,0.41620709563472474,1.0,-61043.0,0.01257634162902832,0,True,43,33,True,22,32,2025-11-16 05:19:05
ba_256_1_6.txt,barabasi_albert_10ins_m20,51,SpecAnn,0.4255612320274539,1.0,-61043.0,0.012540578842163086,0,True,43,33,True,23,32,2025-11-16 05:19:05
ba_256_1_6.txt,barabasi_albert_10ins_m20,51,SpecAnn,0.43471413360133104,1.0,-61043.0,0.012560129165649414,0,True,43,33,True,24,32,2025-11-16 05:19:05
ba_256_1_6.txt,barabasi_albert_10ins_m20,51,SpecAnn,0.4436782547080569,1.0,-60961.000000000015,0.012558460235595703,0,True,43,33,True,25,32,2025-11-16 05:19:05
ba_256_1_6.txt,barabasi_albert_10ins_m20,51,SpecAnn,0.45246481570263436,1.0,-62551.0,0.01253056526184082,0,True,43,33,True,26,32,2025-11-16 05:19:05
ba_256_1_6.txt,barabasi_albert_10ins_m20,51,SpecAnn,0.46108396762070397,1.0,-62063.0,0.012484550476074219,0,True,43,33,True,27,32,2025-11-16 05:19:05
ba_256_1_6.txt,barabasi_albert_10ins_m20,51,SpecAnn,0.46954492963387634,1.0,-62063.0,0.012589454650878906,0,True,43,33,True,28,32,2025-11-16 05:19:05
ba_256_1_6.txt,barabasi_albert_10ins_m20,51,SpecAnn,0.4778561045889373,1.0,-61759.000000000015,0.012488365173339844,0,True,43,33,True,29,32,2025-11-16 05:19:05
ba_256_1_6.txt,barabasi_albert_10ins_m20,51,SpecAnn,0.48602517675625084,1.0,-63845.0,0.012622833251953125,0,True,43,33,True,30,32,2025-11-16 05:19:05
ba_256_1_6.txt,barabasi_albert_10ins_m20,51,SpecAnn,0.4940591950252281,1.0,-63845.0,0.01262807846069336,0,True,43,33,True,31,32,2025-11-16 05:19:05
ba_256_1_6.txt,barabasi_albert_10ins_m20,51,SpecAnn,0.5019646441105269,1.0,-63845.0,0.012742757797241211,0,True,43,33,True,32,32,2025-11-16 05:19:05
ba_256_1_6.txt,barabasi_albert_10ins_m20,51,SpecAnn,0.5097475058154177,1.0,-63845.0,0.012764692306518555,0,True,43,33,True,33,32,2025-11-16 05:19:05
ba_256_1_6.txt,barabasi_albert_10ins_m20,51,SpecAnn,0.51741331199832,1.0,-63845.0,0.012712955474853516,0,True,43,33,True,34,32,2025-11-16 05:19:05
ba_256_1_6.txt,barabasi_albert_10ins_m20,51,SpecAnn,0.5249671905758515,1.0,-63845.0,0.012513875961303711,0,True,43,33,True,35,32,2025-11-16 05:19:05
ba_256_1_6.txt,barabasi_albert_10ins_m20,51,SpecAnn,0.5324139056496683,1.0,-63845.0,0.012537240982055664,0,True,43,33,True,36,32,2025-11-16 05:19:05
ba_256_1_6.txt,barabasi_albert_10ins_m20,51,SpecAnn,0.5397578926492556,1.0,-63001.00000000001,0.012487649917602539,0,True,43,33,True,37,32,2025-11-16 05:19:05
ba_256_1_6.txt,barabasi_albert_10ins_m20,51,SpecAnn,0.5470032892270364,1.0,-63103.0,0.012495756149291992,0,True,43,33,True,38,32,2025-11-16 05:19:05
ba_256_1_6.txt,barabasi_albert_10ins_m20,51,SpecAnn,0.554153962516942,1.0,-64551.00000000001,0.01263880729675293,0,True,43,33,True,39,32,2025-11-16 05:19:06
ba_256_1_6.txt,barabasi_albert_10ins_m20,51,SpecAnn,0.5612135332663137,1.0,-63432.99999999999,0.012563228607177734,0,True,43,33,True,40,32,2025-11-16 05:19:06
ba_256_1_6.txt,barabasi_albert_10ins_m20,51,SpecAnn,0.5681853972686127,1.0,-64513.00000000001,0.012525558471679688,0,True,43,33,True,41,32,2025-11-16 05:19:06
ba_256_1_6.txt,barabasi_albert_10ins_m20,51,SpecAnn,0.5750727444570146,1.0,-63759.00000000001,0.012518644332885742,0,True,43,33,True,42,32,2025-11-16 05:19:06
ba_256_1_6.txt,barabasi_albert_10ins_m20,51,SpecAnn,0.5818785759635375,1.0,-64475.0,0.01257181167602539,0,True,43,33,True,43,32,2025-11-16 05:19:06
ba_256_1_6.txt,barabasi_albert_10ins_m20,51,SpecAnn,0.5886057194025436,1.0,-64475.0,0.012526273727416992,0,True,43,33,True,44,32,2025-11-16 05:19:06
ba_256_1_6.txt,barabasi_albert_10ins_m20,51,SpecAnn,0.5952568425994088,1.0,-64513.00000000001,0.012518167495727539,0,True,43,33,True,45,32,2025-11-16 05:19:06
ba_256_1_6.txt,barabasi_albert_10ins_m20,51,SpecAnn,0.6018344659534288,1.0,-64386.99999999999,0.012578248977661133,0,True,43,33,True,46,32,2025-11-16 05:19:06
ba_256_1_6.txt,barabasi_albert_10ins_m20,51,SpecAnn,0.6083409735974393,1.0,-65280.99999999999,0.012548208236694336,0,True,43,33,True,47,32,2025-11-16 05:19:06
ba_256_1_6.txt,barabasi_albert_10ins_m20,51,SpecAnn,0.6147786234942719,1.0,-64441.0,0.012693643569946289,0,True,43,33,True,48,32,2025-11-16 05:19:06
ba_256_1_6.txt,barabasi_albert_10ins_m20,51,SpecAnn,0.6211495565912796,1.0,-65483.00000000001,0.012819528579711914,0,True,43,33,True,49,32,2025-11-16 05:19:06
ba_256_1_6.txt,barabasi_albert_10ins_m20,51,SpecAnn,0.6274558051381586,1.0,-64853.0,0.012758493423461914,0,True,43,33,True,50,32,2025-11-16 05:19:06
ba_256_1_6.txt,barabasi_albert_10ins_m20,51,SpecAnn,0.6336993002596786,1.0,-65521.0,0.01275944709777832,0,True,43,33,True,51,32,2025-11-16 05:19:06
ba_256_1_6.txt,barabasi_albert_10ins_m20,51,SpecAnn,0.6398818788633085,1.0,-64677.00000000001,0.012603521347045898,0,True,43,33,True,52,32,2025-11-16 05:19:06
ba_256_1_6.txt,barabasi_albert_10ins_m20,51,SpecAnn,0.6460052899517691,1.0,-64451.0,0.012514352798461914,0,True,43,33,True,53,32,2025-11-16 05:19:06
ba_256_1_6.txt,barabasi_albert_10ins_m20,51,SpecAnn,0.6520712004019966,1.0,-64682.999999999985,0.012590169906616211,0,True,43,33,True,54,32,2025-11-16 05:19:06
ba_256_1_6.txt,barabasi_albert_10ins_m20,51,SpecAnn,0.6580812002646271,1.0,-64979.0,0.01255941390991211,0,True,43,33,True,55,32,2025-11-16 05:19:06
ba_256_1_6.txt,barabasi_albert_10ins_m20,51,SpecAnn,0.6640368076317485,1.0,-64979.0,0.012626171112060547,0,True,43,33,True,56,32,2025-11-16 05:19:06
ba_256_1_6.txt,barabasi_albert_10ins_m20,51,SpecAnn,0.6699394731151429,1.0,-64666.99999999999,0.012549877166748047,0,True,43,33,True,57,32,2025-11-16 05:19:06
ba_256_1_6.txt,barabasi_albert_10ins_m20,51,SpecAnn,0.6757905839724513,1.0,-64979.0,0.012561798095703125,0,True,43,33,True,58,32,2025-11-16 05:19:06
ba_256_1_6.txt,barabasi_albert_10ins_m20,51,SpecAnn,0.6815914679145113,1.0,-64763.00000000002,0.012531042098999023,0,True,43,33,True,59,32,2025-11-16 05:19:06
ba_256_1_6.txt,barabasi_albert_10ins_m20,51,SpecAnn,0.6873433966234707,1.0,-65126.99999999999,0.012518167495727539,0,True,43,33,True,60,32,2025-11-16 05:19:06
ba_256_1_6.txt,barabasi_albert_10ins_m20,51,SpecAnn,0.6930475890080863,1.0,-64917.000000000015,0.012516021728515625,0,True,43,33,True,61,32,2025-11-16 05:19:06
ba_256_1_6.txt,barabasi_albert_10ins_m20,51,SpecAnn,0.6987052142198116,1.0,-64917.000000000015,0.01249837875366211,0,True,43,33,True,62,32,2025-11-16 05:19:06
ba_256_1_6.txt,barabasi_albert_10ins_m20,51,SpecAnn,0.7043173944508145,1.0,-65623.00000000001,0.012545108795166016,0,True,43,33,True,63,32,2025-11-16 05:19:06
ba_256_1_6.txt,barabasi_albert_10ins_m20,51,SpecAnn,0.709885207532891,1.0,-65126.99999999999,0.012585639953613281,0,True,43,33,True,64,32,2025-11-16 05:19:06
ba_256_1_6.txt,barabasi_albert_10ins_m20,51,SpecAnn,0.7154096893543218,1.0,-65623.00000000001,0.012882471084594727,0,True,43,33,True,65,32,2025-11-16 05:19:06
ba_256_1_6.txt,barabasi_albert_10ins_m20,51,SpecAnn,0.7208918361100219,1.0,-64913.00000000001,0.012808084487915039,0,True,43,33,True,66,32,2025-11-16 05:19:06
ba_256_1_6.txt,barabasi_albert_10ins_m20,51,SpecAnn,0.7263326063988248,1.0,-64913.00000000001,0.012758731842041016,0,True,43,33,True,67,32,2025-11-16 05:19:06
ba_256_1_6.txt,barabasi_albert_10ins_m20,51,SpecAnn,0.7317329231804058,1.0,-65253.00000000001,0.012745857238769531,0,True,43,33,True,68,32,2025-11-16 05:19:06
ba_256_1_6.txt,barabasi_albert_10ins_m20,51,SpecAnn,0.7370936756031579,1.0,-65253.00000000001,0.012506723403930664,0,True,43,33,True,69,32,2025-11-16 05:19:06
ba_256_1_6.txt,barabasi_albert_10ins_m20,51,SpecAnn,0.7424157207132704,1.0,-65253.00000000001,0.012609243392944336,0,True,43,33,True,70,32,2025-11-16 05:19:06
ba_256_1_6.txt,barabasi_albert_10ins_m20,51,SpecAnn,0.7476998850543153,1.0,-65527.0,0.012636899948120117,0,True,43,33,True,71,32,2025-11-16 05:19:06
ba_256_1_6.txt,barabasi_albert_10ins_m20,51,SpecAnn,0.7529469661657903,1.0,-65527.0,0.012592077255249023,0,True,43,33,True,72,32,2025-11-16 05:19:06
ba_256_1_6.txt,barabasi_albert_10ins_m20,51,SpecAnn,0.7581577339883167,1.0,-65527.0,0.01261138916015625,0,True,43,33,True,73,32,2025-11-16 05:19:06
ba_256_1_6.txt,barabasi_albert_10ins_m20,51,SpecAnn,0.7633329321824984,1.0,-65341.0,0.012633323669433594,0,True,43,33,True,74,32,2025-11-16 05:19:06
ba_256_1_6.txt,barabasi_albert_10ins_m20,51,SpecAnn,0.7684732793678399,1.0,-65341.0,0.012594938278198242,0,True,43,33,True,75,32,2025-11-16 05:19:06
ba_256_1_6.txt,barabasi_albert_10ins_m20,51,SpecAnn,0.7735794702875677,1.0,-65341.0,0.012570858001708984,0,True,43,33,True,76,32,2025-11-16 05:19:06
ba_256_1_6.txt,barabasi_albert_10ins_m20,51,SpecAnn,0.7786521769046981,1.0,-65341.0,0.012574195861816406,0,True,43,33,True,77,32,2025-11-16 05:19:06
ba_256_1_6.txt,barabasi_albert_10ins_m20,51,SpecAnn,0.7836920494342511,1.0,-65341.0,0.012524604797363281,0,True,43,33,True,78,32,2025-11-16 05:19:06
ba_256_1_6.txt,barabasi_albert_10ins_m20,51,SpecAnn,0.788699717316095,1.0,-65729.0,0.012653112411499023,0,True,43,33,True,79,32,2025-11-16 05:19:06
ba_256_1_6.txt,barabasi_albert_10ins_m20,51,SpecAnn,0.7936757901325451,1.0,-65729.0,0.012794733047485352,0,True,43,33,True,80,32,2025-11-16 05:19:06
ba_256_1_6.txt,barabasi_albert_10ins_m20,51,SpecAnn,0.7986208584745024,1.0,-66457.00000000001,0.012814998626708984,0,True,43,33,True,81,32,2025-11-16 05:19:06
ba_256_1_6.txt,barabasi_albert_10ins_m20,51,SpecAnn,0.803535494759617,1.0,-66457.00000000001,0.012746810913085938,0,True,43,33,True,82,32,2025-11-16 05:19:06
ba_256_1_6.txt,barabasi_albert_10ins_m20,51,SpecAnn,0.8084202540056837,1.0,-66457.00000000001,0.012557744979858398,0,True,43,33,True,83,32,2025-11-16 05:19:06
ba_256_1_6.txt,barabasi_albert_10ins_m20,51,SpecAnn,0.8132756745622272,1.0,-66457.00000000001,0.012569665908813477,0,True,43,33,True,84,32,2025-11-16 05:19:06
ba_256_1_6.txt,barabasi_albert_10ins_m20,51,SpecAnn,0.8181022788030096,1.0,-66457.00000000001,0.012591838836669922,0,True,43,33,True,85,32,2025-11-16 05:19:06
ba_256_1_6.txt,barabasi_albert_10ins_m20,51,SpecAnn,0.822900573781978,1.0,-66457.00000000001,0.012584686279296875,0,True,43,33,True,86,32,2025-11-16 05:19:06
ba_256_1_6.txt,barabasi_albert_10ins_m20,51,SpecAnn,0.8276710518549868,1.0,-66457.00000000001,0.01253509521484375,0,True,43,33,True,87,32,2025-11-16 05:19:06
ba_256_1_6.txt,barabasi_albert_10ins_m20,51,SpecAnn,0.8324141912694495,1.0,-66457.00000000001,0.012608766555786133,0,True,43,33,True,88,32,2025-11-16 05:19:06
ba_256_1_6.txt,barabasi_albert_10ins_m20,51,SpecAnn,0.8371304567239225,1.0,-66457.00000000001,0.012632131576538086,0,True,43,33,True,89,32,2025-11-16 05:19:06
ba_256_1_6.txt,barabasi_albert_10ins_m20,51,SpecAnn,0.8418202998994706,1.0,-66338.99999999999,0.01265406608581543,0,True,43,33,True,90,32,2025-11-16 05:19:06
ba_256_1_6.txt,barabasi_albert_10ins_m20,51,SpecAnn,0.846484159964536,1.0,-66338.99999999999,0.01266169548034668,0,True,43,33,True,91,32,2025-11-16 05:19:06
ba_256_1_6.txt,barabasi_albert_10ins_m20,51,SpecAnn,0.8511224640549078,1.0,-66338.99999999999,0.0125885009765625,0,True,43,33,True,92,32,2025-11-16 05:19:06
ba_256_1_6.txt,barabasi_albert_10ins_m20,51,SpecAnn,0.8557356277302758,1.0,-66338.99999999999,0.012585163116455078,0,True,43,33,True,93,32,2025-11-16 05:19:06
ba_256_1_6.txt,barabasi_albert_10ins_m20,51,SpecAnn,0.8603240554087516,1.0,-66338.99999999999,0.012622594833374023,0,True,43,33,True,94,32,2025-11-16 05:19:06
ba_256_1_6.txt,barabasi_albert_10ins_m20,51,SpecAnn,0.86488814078064,1.0,-66338.99999999999,0.012586593627929688,0,True,43,33,True,95,32,2025-11-16 05:19:06
ba_256_1_6.txt,barabasi_albert_10ins_m20,51,SpecAnn,0.8694282672026621,1.0,-66338.99999999999,0.012510538101196289,0,True,43,33,True,96,32,2025-11-16 05:19:06
ba_256_1_6.txt,barabasi_albert_10ins_m20,51,SpecAnn,0.8739448080737451,1.0,-66338.99999999999,0.01258087158203125,0,True,43,33,True,97,32,2025-11-16 05:19:06
ba_256_1_6.txt,barabasi_albert_10ins_m20,51,SpecAnn,0.878438127193422,1.0,-66338.99999999999,0.012614727020263672,0,True,43,33,True,98,32,2025-11-16 05:19:06
ba_256_1_6.txt,barabasi_albert_10ins_m20,51,SpecAnn,0.8829085791038153,1.0,-66338.99999999999,0.012545108795166016,0,True,43,33,True,99,32,2025-11-16 05:19:06
ba_256_1_6.txt,barabasi_albert_10ins_m20,51,SpecAnn,0.8873565094161138,1.0,-66338.99999999999,0.01252126693725586,0,True,43,33,True,100,32,2025-11-16 05:19:06
ba_256_1_6.txt,barabasi_albert_10ins_m20,51,SpecAnn,0.8917822551223932,1.0,-66338.99999999999,0.012562990188598633,0,True,43,33,True,101,32,2025-11-16 05:19:06
ba_256_1_6.txt,barabasi_albert_10ins_m20,51,SpecAnn,0.8961861448935777,1.0,-66338.99999999999,0.012614727020263672,0,True,43,33,True,102,32,2025-11-16 05:19:06
ba_256_1_6.txt,barabasi_albert_10ins_m20,51,SpecAnn,0.9005684993642872,1.0,-66265.00000000001,0.012552261352539062,0,True,43,33,True,103,32,2025-11-16 05:19:06
ba_256_1_6.txt,barabasi_albert_10ins_m20,51,SpecAnn,0.9049296314052687,1.0,-66265.00000000001,0.012532711029052734,0,True,43,33,True,104,32,2025-11-16 05:19:06
ba_256_1_6.txt,barabasi_albert_10ins_m20,51,SpecAnn,0.9092698463840683,1.0,-66265.00000000001,0.012598276138305664,0,True,43,33,True,105,32,2025-11-16 05:19:06
ba_256_1_6.txt,barabasi_albert_10ins_m20,51,SpecAnn,0.9135894424145555,1.0,-66265.00000000001,0.012518882751464844,0,True,43,33,True,106,32,2025-11-16 05:19:06
ba_256_1_6.txt,barabasi_albert_10ins_m20,51,SpecAnn,0.9178887105958816,1.0,-66265.00000000001,0.012495994567871094,0,True,43,33,True,107,32,2025-11-16 05:19:06
ba_256_1_6.txt,barabasi_albert_10ins_m20,51,SpecAnn,0.9221679352414079,1.0,-66265.00000000001,0.012568473815917969,0,True,43,33,True,108,32,2025-11-16 05:19:06
ba_256_1_6.txt,barabasi_albert_10ins_m20,51,SpecAnn,0.9264273940981199,1.0,-66265.00000000001,0.01251220703125,0,True,43,33,True,109,32,2025-11-16 05:19:06
ba_256_1_6.txt,barabasi_albert_10ins_m20,51,SpecAnn,0.9306673585570006,1.0,-66265.00000000001,0.012552022933959961,0,True,43,33,True,110,32,2025-11-16 05:19:06
ba_256_1_6.txt,barabasi_albert_10ins_m20,51,SpecAnn,0.9348880938548185,1.0,-66265.00000000001,0.012627363204956055,0,True,43,33,True,111,32,2025-11-16 05:19:06
ba_256_1_6.txt,barabasi_albert_10ins_m20,51,SpecAnn,0.9390898592677527,1.0,-66265.00000000001,0.012781620025634766,0,True,43,33,True,112,32,2025-11-16 05:19:06
ba_256_1_6.txt,barabasi_albert_10ins_m20,51,SpecAnn,0.9432729082972536,1.0,-65426.99999999999,0.012820005416870117,0,True,43,33,True,113,32,2025-11-16 05:19:06
ba_256_1_6.txt,barabasi_albert_10ins_m20,51,SpecAnn,0.9474374888485205,1.0,-65426.99999999999,0.012648344039916992,0,True,43,33,True,114,32,2025-11-16 05:19:06
ba_256_1_6.txt,barabasi_albert_10ins_m20,51,SpecAnn,0.9515838434019475,1.0,-66021.00000000001,0.012472391128540039,0,True,43,33,True,115,32,2025-11-16 05:19:06
ba_256_1_6.txt,barabasi_albert_10ins_m20,51,SpecAnn,0.9557122091778746,1.0,-65598.99999999999,0.012492895126342773,0,True,43,33,True,116,32,2025-11-16 05:19:06
ba_256_1_6.txt,barabasi_albert_10ins_m20,51,SpecAnn,0.9598228182949627,1.0,-65598.99999999999,0.012499809265136719,0,True,43,33,True,117,32,2025-11-16 05:19:06
ba_256_1_6.txt,barabasi_albert_10ins_m20,51,SpecAnn,0.9639158979224881,1.0,-65598.99999999999,0.012600183486938477,0,True,43,33,True,118,32,2025-11-16 05:19:07
ba_256_1_6.txt,barabasi_albert_10ins_m20,51,SpecAnn,0.9679916704268421,1.0,-65053.0,0.012537479400634766,0,True,43,33,True,119,32,2025-11-16 05:19:07
ba_256_1_6.txt,barabasi_albert_10ins_m20,51,SpecAnn,0.9720503535125017,1.0,-65426.99999999999,0.01254415512084961,0,True,43,33,True,120,32,2025-11-16 05:19:07
ba_256_1_6.txt,barabasi_albert_10ins_m20,51,SpecAnn,0.9760921603577252,1.0,-65426.99999999999,0.012515783309936523,0,True,43,33,True,121,32,2025-11-16 05:19:07
ba_256_1_6.txt,barabasi_albert_10ins_m20,51,SpecAnn,0.9801172997452103,1.0,-65426.99999999999,0.012580394744873047,0,True,43,33,True,122,32,2025-11-16 05:19:07
ba_256_1_6.txt,barabasi_albert_10ins_m20,51,SpecAnn,0.9841259761879442,1.0,-65426.99999999999,0.012525081634521484,0,True,43,33,True,123,32,2025-11-16 05:19:07
ba_256_1_6.txt,barabasi_albert_10ins_m20,51,SpecAnn,0.9881183900504562,1.0,-65399.0,0.012544393539428711,0,True,43,33,True,124,32,2025-11-16 05:19:07
ba_256_1_6.txt,barabasi_albert_10ins_m20,51,SpecAnn,0.9920947376656813,1.0,-65399.0,0.012523889541625977,0,True,43,33,True,125,32,2025-11-16 05:19:07
ba_256_1_6.txt,barabasi_albert_10ins_m20,51,SpecAnn,0.9960552114476228,1.0,-65399.0,0.012499809265136719,0,True,43,33,True,126,32,2025-11-16 05:19:07
ba_256_1_6.txt,barabasi_albert_10ins_m20,51,SpecAnn,1.0,1.0,-65399.0,0.012611865997314453,0,True,43,33,True,127,32,2025-11-16 05:19:07
