instance_name,dataset,seed,solver_name,alpha,beta,energy,time,mode,use_local_search,local_search_iterations,eigsh_iterations,warm_start,alpha_index,precision,timestamp
ba_64_1_8.txt,barabasi_albert_10ins_m20,42,SpecAnn,0.0,1.0,-14359.000000000002,0.0130989551544189,0,True,5,33,True,0,32,2025-11-16 05:58:17
ba_64_1_8.txt,barabasi_albert_10ins_m20,42,SpecAnn,0.0887356509416113,1.0,-14359.000000000002,0.012296438217163,0,True,5,33,True,1,32,2025-11-16 05:58:17
ba_64_1_8.txt,barabasi_albert_10ins_m20,42,SpecAnn,0.1254911610276317,1.0,-14359.000000000002,0.0122160911560058,0,True,5,33,True,2,32,2025-11-16 05:58:17
ba_64_1_8.txt,barabasi_albert_10ins_m20,42,SpecAnn,0.1536946558735679,1.0,-14359.000000000002,0.0122110843658447,0,True,5,33,True,3,32,2025-11-16 05:58:17
ba_64_1_8.txt,barabasi_albert_10ins_m20,42,SpecAnn,0.1774713018832227,1.0,-14359.000000000002,0.0122444629669189,0,True,5,33,True,4,32,2025-11-16 05:58:17
ba_64_1_8.txt,barabasi_albert_10ins_m20,42,SpecAnn,0.1984189475331362,1.0,-14359.000000000002,0.0121810436248779,0,True,5,33,True,5,32,2025-11-16 05:58:17
ba_64_1_8.txt,barabasi_albert_10ins_m20,42,SpecAnn,0.2173570668006655,1.0,-14359.000000000002,0.0122208595275878,0,True,5,33,True,6,32,2025-11-16 05:58:17
ba_64_1_8.txt,barabasi_albert_10ins_m20,42,SpecAnn,0.2347724648169381,1.0,-14359.000000000002,0.0121808052062988,0,True,5,33,True,7,32,2025-11-16 05:58:17
ba_64_1_8.txt,barabasi_albert_10ins_m20,42,SpecAnn,0.2509823220552634,1.0,-14359.000000000002,0.0122911930084228,0,True,5,33,True,8,32,2025-11-16 05:58:17
ba_64_1_8.txt,barabasi_albert_10ins_m20,42,SpecAnn,0.2662069528248341,1.0,-14359.000000000002,0.0122857093811035,0,True,5,33,True,9,32,2025-11-16 05:58:17
ba_64_1_8.txt,barabasi_albert_10ins_m20,42,SpecAnn,0.2806067666331568,1.0,-14359.000000000002,0.0122954845428466,0,True,5,33,True,10,32,2025-11-16 05:58:17
ba_64_1_8.txt,barabasi_albert_10ins_m20,42,SpecAnn,0.2943028597012718,1.0,-14359.000000000002,0.0122478008270263,0,True,5,33,True,11,32,2025-11-16 05:58:17
ba_64_1_8.txt,barabasi_albert_10ins_m20,42,SpecAnn,0.3073893117471359,1.0,-14359.000000000002,0.0122067928314208,0,True,5,33,True,12,32,2025-11-16 05:58:17
ba_64_1_8.txt,barabasi_albert_10ins_m20,42,SpecAnn,0.3199409394316542,1.0,-14359.000000000002,0.0121510028839111,0,True,5,33,True,13,32,2025-11-16 05:58:17
ba_64_1_8.txt,barabasi_albert_10ins_m20,42,SpecAnn,0.3320184038158743,1.0,-14359.000000000002,0.0122718811035156,0,True,5,33,True,14,32,2025-11-16 05:58:17
ba_64_1_8.txt,barabasi_albert_10ins_m20,42,SpecAnn,0.3436716983117353,1.0,-14359.000000000002,0.0122606754302978,0,True,5,33,True,15,32,2025-11-16 05:58:17
ba_64_1_8.txt,barabasi_albert_10ins_m20,42,SpecAnn,0.3549426037664455,1.0,-14359.000000000002,0.0121731758117675,0,True,5,33,True,16,32,2025-11-16 05:58:17
ba_64_1_8.txt,barabasi_albert_10ins_m20,42,SpecAnn,0.3658664615902029,1.0,-14359.000000000002,0.0121238231658935,0,True,5,33,True,17,32,2025-11-16 05:58:17
ba_64_1_8.txt,barabasi_albert_10ins_m20,42,SpecAnn,0.3764734830828951,1.0,-14359.000000000002,0.012164831161499,0,True,5,33,True,18,32,2025-11-16 05:58:17
ba_64_1_8.txt,barabasi_albert_10ins_m20,42,SpecAnn,0.3867897351437838,1.0,-14308.999999999998,0.0122144222259521,0,True,5,33,True,19,32,2025-11-16 05:58:17
ba_64_1_8.txt,barabasi_albert_10ins_m20,42,SpecAnn,0.3968378950662725,1.0,-14308.999999999998,0.0121304988861083,0,True,5,33,True,20,32,2025-11-16 05:58:17
ba_64_1_8.txt,barabasi_albert_10ins_m20,42,SpecAnn,0.4066378372811136,1.0,-14308.999999999998,0.0122237205505371,0,True,5,33,True,21,32,2025-11-16 05:58:17
ba_64_1_8.txt,barabasi_albert_10ins_m20,42,SpecAnn,0.4162070956347247,1.0,-14308.999999999998,0.012296438217163,0,True,5,33,True,22,32,2025-11-16 05:58:17
ba_64_1_8.txt,barabasi_albert_10ins_m20,42,SpecAnn,0.4255612320274539,1.0,-14308.999999999998,0.0121710300445556,0,True,5,33,True,23,32,2025-11-16 05:58:17
ba_64_1_8.txt,barabasi_albert_10ins_m20,42,SpecAnn,0.434714133601331,1.0,-14308.999999999998,0.0123577117919921,0,True,5,33,True,24,32,2025-11-16 05:58:17
ba_64_1_8.txt,barabasi_albert_10ins_m20,42,SpecAnn,0.4436782547080569,1.0,-14308.999999999998,0.0124008655548095,0,True,5,33,True,25,32,2025-11-16 05:58:17
ba_64_1_8.txt,barabasi_albert_10ins_m20,42,SpecAnn,0.4524648157026343,1.0,-14308.999999999998,0.0123302936553955,0,True,5,33,True,26,32,2025-11-16 05:58:17
ba_64_1_8.txt,barabasi_albert_10ins_m20,42,SpecAnn,0.4610839676207039,1.0,-14308.999999999998,0.0122902393341064,0,True,5,33,True,27,32,2025-11-16 05:58:17
ba_64_1_8.txt,barabasi_albert_10ins_m20,42,SpecAnn,0.4695449296338763,1.0,-14308.999999999998,0.0122740268707275,0,True,5,33,True,28,32,2025-11-16 05:58:17
ba_64_1_8.txt,barabasi_albert_10ins_m20,42,SpecAnn,0.4778561045889373,1.0,-14308.999999999998,0.0122709274291992,0,True,5,33,True,29,32,2025-11-16 05:58:17
ba_64_1_8.txt,barabasi_albert_10ins_m20,42,SpecAnn,0.4860251767562508,1.0,-14308.999999999998,0.0122814178466796,0,True,5,33,True,30,32,2025-11-16 05:58:17
ba_64_1_8.txt,barabasi_albert_10ins_m20,42,SpecAnn,0.4940591950252281,1.0,-14308.999999999998,0.0122718811035156,0,True,5,33,True,31,32,2025-11-16 05:58:17
ba_64_1_8.txt,barabasi_albert_10ins_m20,42,SpecAnn,0.5019646441105269,1.0,-14308.999999999998,0.012174367904663,0,True,5,33,True,32,32,2025-11-16 05:58:17
ba_64_1_8.txt,barabasi_albert_10ins_m20,42,SpecAnn,0.5097475058154177,1.0,-14308.999999999998,0.012218952178955,0,True,5,33,True,33,32,2025-11-16 05:58:17
ba_64_1_8.txt,barabasi_albert_10ins_m20,42,SpecAnn,0.51741331199832,1.0,-14308.999999999998,0.0121991634368896,0,True,5,33,True,34,32,2025-11-16 05:58:17
ba_64_1_8.txt,barabasi_albert_10ins_m20,42,SpecAnn,0.5249671905758515,1.0,-14308.999999999998,0.012296438217163,0,True,5,33,True,35,32,2025-11-16 05:58:17
ba_64_1_8.txt,barabasi_albert_10ins_m20,42,SpecAnn,0.5324139056496683,1.0,-14308.999999999998,0.0122163295745849,0,True,5,33,True,36,32,2025-11-16 05:58:17
ba_64_1_8.txt,barabasi_albert_10ins_m20,42,SpecAnn,0.5397578926492556,1.0,-14308.999999999998,0.0121896266937255,0,True,5,33,True,37,32,2025-11-16 05:58:17
ba_64_1_8.txt,barabasi_albert_10ins_m20,42,SpecAnn,0.5470032892270364,1.0,-14308.999999999998,0.0122280120849609,0,True,5,33,True,38,32,2025-11-16 05:58:17
ba_64_1_8.txt,barabasi_albert_10ins_m20,42,SpecAnn,0.554153962516942,1.0,-14308.999999999998,0.0122110843658447,0,True,5,33,True,39,32,2025-11-16 05:58:17
ba_64_1_8.txt,barabasi_albert_10ins_m20,42,SpecAnn,0.5612135332663137,1.0,-14308.999999999998,0.0122060775756835,0,True,5,33,True,40,32,2025-11-16 05:58:17
ba_64_1_8.txt,barabasi_albert_10ins_m20,42,SpecAnn,0.5681853972686127,1.0,-14308.999999999998,0.012253999710083,0,True,5,33,True,41,32,2025-11-16 05:58:17
ba_64_1_8.txt,barabasi_albert_10ins_m20,42,SpecAnn,0.5750727444570146,1.0,-14308.999999999998,0.0122761726379394,0,True,5,33,True,42,32,2025-11-16 05:58:17
ba_64_1_8.txt,barabasi_albert_10ins_m20,42,SpecAnn,0.5818785759635375,1.0,-14308.999999999998,0.0122451782226562,0,True,5,33,True,43,32,2025-11-16 05:58:18
ba_64_1_8.txt,barabasi_albert_10ins_m20,42,SpecAnn,0.5886057194025436,1.0,-14308.999999999998,0.0121910572052001,0,True,5,33,True,44,32,2025-11-16 05:58:18
ba_64_1_8.txt,barabasi_albert_10ins_m20,42,SpecAnn,0.5952568425994088,1.0,-14308.999999999998,0.0122058391571044,0,True,5,33,True,45,32,2025-11-16 05:58:18
ba_64_1_8.txt,barabasi_albert_10ins_m20,42,SpecAnn,0.6018344659534288,1.0,-14308.999999999998,0.0122408866882324,0,True,5,33,True,46,32,2025-11-16 05:58:18
ba_64_1_8.txt,barabasi_albert_10ins_m20,42,SpecAnn,0.6083409735974393,1.0,-14308.999999999998,0.0122303962707519,0,True,5,33,True,47,32,2025-11-16 05:58:18
ba_64_1_8.txt,barabasi_albert_10ins_m20,42,SpecAnn,0.6147786234942719,1.0,-14308.999999999998,0.0123276710510253,0,True,5,33,True,48,32,2025-11-16 05:58:18
ba_64_1_8.txt,barabasi_albert_10ins_m20,42,SpecAnn,0.6211495565912796,1.0,-14308.999999999998,0.0124454498291015,0,True,5,33,True,49,32,2025-11-16 05:58:18
ba_64_1_8.txt,barabasi_albert_10ins_m20,42,SpecAnn,0.6274558051381586,1.0,-14308.999999999998,0.0124657154083251,0,True,5,33,True,50,32,2025-11-16 05:58:18
ba_64_1_8.txt,barabasi_albert_10ins_m20,42,SpecAnn,0.6336993002596786,1.0,-14308.999999999998,0.0123906135559082,0,True,5,33,True,51,32,2025-11-16 05:58:18
ba_64_1_8.txt,barabasi_albert_10ins_m20,42,SpecAnn,0.6398818788633085,1.0,-14308.999999999998,0.0123956203460693,0,True,5,33,True,52,32,2025-11-16 05:58:18
ba_64_1_8.txt,barabasi_albert_10ins_m20,42,SpecAnn,0.6460052899517691,1.0,-14308.999999999998,0.0122928619384765,0,True,5,33,True,53,32,2025-11-16 05:58:18
ba_64_1_8.txt,barabasi_albert_10ins_m20,42,SpecAnn,0.6520712004019966,1.0,-14299.0,0.0122232437133789,0,True,5,33,True,54,32,2025-11-16 05:58:18
ba_64_1_8.txt,barabasi_albert_10ins_m20,42,SpecAnn,0.6580812002646271,1.0,-14299.0,0.0122585296630859,0,True,5,33,True,55,32,2025-11-16 05:58:18
ba_64_1_8.txt,barabasi_albert_10ins_m20,42,SpecAnn,0.6640368076317485,1.0,-14299.0,0.0121915340423583,0,True,5,33,True,56,32,2025-11-16 05:58:18
ba_64_1_8.txt,barabasi_albert_10ins_m20,42,SpecAnn,0.6699394731151429,1.0,-14299.0,0.012218952178955,0,True,5,33,True,57,32,2025-11-16 05:58:18
ba_64_1_8.txt,barabasi_albert_10ins_m20,42,SpecAnn,0.6757905839724513,1.0,-14299.0,0.0122656822204589,0,True,5,33,True,58,32,2025-11-16 05:58:18
ba_64_1_8.txt,barabasi_albert_10ins_m20,42,SpecAnn,0.6815914679145113,1.0,-14299.0,0.0121598243713378,0,True,5,33,True,59,32,2025-11-16 05:58:18
ba_64_1_8.txt,barabasi_albert_10ins_m20,42,SpecAnn,0.6873433966234707,1.0,-14299.0,0.0123457908630371,0,True,5,33,True,60,32,2025-11-16 05:58:18
ba_64_1_8.txt,barabasi_albert_10ins_m20,42,SpecAnn,0.6930475890080863,1.0,-14299.0,0.012218952178955,0,True,5,33,True,61,32,2025-11-16 05:58:18
ba_64_1_8.txt,barabasi_albert_10ins_m20,42,SpecAnn,0.6987052142198116,1.0,-14299.0,0.0122275352478027,0,True,5,33,True,62,32,2025-11-16 05:58:18
ba_64_1_8.txt,barabasi_albert_10ins_m20,42,SpecAnn,0.7043173944508145,1.0,-14299.0,0.0122702121734619,0,True,5,33,True,63,32,2025-11-16 05:58:18
ba_64_1_8.txt,barabasi_albert_10ins_m20,42,SpecAnn,0.709885207532891,1.0,-14299.0,0.0122370719909667,0,True,5,33,True,64,32,2025-11-16 05:58:18
ba_64_1_8.txt,barabasi_albert_10ins_m20,42,SpecAnn,0.7154096893543218,1.0,-14299.0,0.0122199058532714,0,True,5,33,True,65,32,2025-11-16 05:58:18
ba_64_1_8.txt,barabasi_albert_10ins_m20,42,SpecAnn,0.7208918361100219,1.0,-14299.0,0.0122339725494384,0,True,5,33,True,66,32,2025-11-16 05:58:18
ba_64_1_8.txt,barabasi_albert_10ins_m20,42,SpecAnn,0.7263326063988248,1.0,-14299.0,0.0122473239898681,0,True,5,33,True,67,32,2025-11-16 05:58:18
ba_64_1_8.txt,barabasi_albert_10ins_m20,42,SpecAnn,0.7317329231804058,1.0,-14299.0,0.0121855735778808,0,True,5,33,True,68,32,2025-11-16 05:58:18
ba_64_1_8.txt,barabasi_albert_10ins_m20,42,SpecAnn,0.7370936756031579,1.0,-14299.0,0.0121941566467285,0,True,5,33,True,69,32,2025-11-16 05:58:18
ba_64_1_8.txt,barabasi_albert_10ins_m20,42,SpecAnn,0.7424157207132704,1.0,-14299.0,0.0122573375701904,0,True,5,33,True,70,32,2025-11-16 05:58:18
ba_64_1_8.txt,barabasi_albert_10ins_m20,42,SpecAnn,0.7476998850543153,1.0,-14299.0,0.012279987335205,0,True,5,33,True,71,32,2025-11-16 05:58:18
ba_64_1_8.txt,barabasi_albert_10ins_m20,42,SpecAnn,0.7529469661657903,1.0,-14299.0,0.0125548839569091,0,True,5,33,True,72,32,2025-11-16 05:58:18
ba_64_1_8.txt,barabasi_albert_10ins_m20,42,SpecAnn,0.7581577339883167,1.0,-14299.0,0.0125093460083007,0,True,5,33,True,73,32,2025-11-16 05:58:18
ba_64_1_8.txt,barabasi_albert_10ins_m20,42,SpecAnn,0.7633329321824984,1.0,-14299.0,0.0125131607055664,0,True,5,33,True,74,32,2025-11-16 05:58:18
ba_64_1_8.txt,barabasi_albert_10ins_m20,42,SpecAnn,0.7684732793678399,1.0,-14299.0,0.0124101638793945,0,True,5,33,True,75,32,2025-11-16 05:58:18
ba_64_1_8.txt,barabasi_albert_10ins_m20,42,SpecAnn,0.7735794702875677,1.0,-14299.0,0.0123627185821533,0,True,5,33,True,76,32,2025-11-16 05:58:18
ba_64_1_8.txt,barabasi_albert_10ins_m20,42,SpecAnn,0.7786521769046981,1.0,-14299.0,0.0121707916259765,0,True,5,33,True,77,32,2025-11-16 05:58:18
ba_64_1_8.txt,barabasi_albert_10ins_m20,42,SpecAnn,0.7836920494342511,1.0,-14299.0,0.0122585296630859,0,True,5,33,True,78,32,2025-11-16 05:58:18
ba_64_1_8.txt,barabasi_albert_10ins_m20,42,SpecAnn,0.788699717316095,1.0,-14299.0,0.0122702121734619,0,True,5,33,True,79,32,2025-11-16 05:58:18
ba_64_1_8.txt,barabasi_albert_10ins_m20,42,SpecAnn,0.7936757901325451,1.0,-14299.0,0.0123050212860107,0,True,5,33,True,80,32,2025-11-16 05:58:18
ba_64_1_8.txt,barabasi_albert_10ins_m20,42,SpecAnn,0.7986208584745024,1.0,-14299.0,0.0122573375701904,0,True,5,33,True,81,32,2025-11-16 05:58:18
ba_64_1_8.txt,barabasi_albert_10ins_m20,42,SpecAnn,0.803535494759617,1.0,-14299.0,0.0122513771057128,0,True,5,33,True,82,32,2025-11-16 05:58:18
ba_64_1_8.txt,barabasi_albert_10ins_m20,42,SpecAnn,0.8084202540056837,1.0,-14299.0,0.0122771263122558,0,True,5,33,True,83,32,2025-11-16 05:58:18
ba_64_1_8.txt,barabasi_albert_10ins_m20,42,SpecAnn,0.8132756745622272,1.0,-14299.0,0.012341022491455,0,True,5,33,True,84,32,2025-11-16 05:58:18
ba_64_1_8.txt,barabasi_albert_10ins_m20,42,SpecAnn,0.8181022788030096,1.0,-14299.0,0.0122294425964355,0,True,5,33,True,85,32,2025-11-16 05:58:18
ba_64_1_8.txt,barabasi_albert_10ins_m20,42,SpecAnn,0.822900573781978,1.0,-14299.0,0.0122420787811279,0,True,5,33,True,86,32,2025-11-16 05:58:18
ba_64_1_8.txt,barabasi_albert_10ins_m20,42,SpecAnn,0.8276710518549868,1.0,-14299.0,0.0123310089111328,0,True,5,33,True,87,32,2025-11-16 05:58:18
ba_64_1_8.txt,barabasi_albert_10ins_m20,42,SpecAnn,0.8324141912694495,1.0,-14299.0,0.0122454166412353,0,True,5,33,True,88,32,2025-11-16 05:58:18
ba_64_1_8.txt,barabasi_albert_10ins_m20,42,SpecAnn,0.8371304567239225,1.0,-14299.0,0.0122530460357666,0,True,5,33,True,89,32,2025-11-16 05:58:18
ba_64_1_8.txt,barabasi_albert_10ins_m20,42,SpecAnn,0.8418202998994706,1.0,-14299.0,0.0122668743133544,0,True,5,33,True,90,32,2025-11-16 05:58:18
ba_64_1_8.txt,barabasi_albert_10ins_m20,42,SpecAnn,0.846484159964536,1.0,-14299.0,0.0123264789581298,0,True,5,33,True,91,32,2025-11-16 05:58:18
ba_64_1_8.txt,barabasi_albert_10ins_m20,42,SpecAnn,0.8511224640549078,1.0,-14299.0,0.0123169422149658,0,True,5,33,True,92,32,2025-11-16 05:58:18
ba_64_1_8.txt,barabasi_albert_10ins_m20,42,SpecAnn,0.8557356277302758,1.0,-14299.0,0.0122852325439453,0,True,5,33,True,93,32,2025-11-16 05:58:18
ba_64_1_8.txt,barabasi_albert_10ins_m20,42,SpecAnn,0.8603240554087516,1.0,-14299.0,0.0122911930084228,0,True,5,33,True,94,32,2025-11-16 05:58:18
ba_64_1_8.txt,barabasi_albert_10ins_m20,42,SpecAnn,0.86488814078064,1.0,-14299.0,0.012291669845581,0,True,5,33,True,95,32,2025-11-16 05:58:18
ba_64_1_8.txt,barabasi_albert_10ins_m20,42,SpecAnn,0.8694282672026621,1.0,-14299.0,0.0122828483581542,0,True,5,33,True,96,32,2025-11-16 05:58:18
ba_64_1_8.txt,barabasi_albert_10ins_m20,42,SpecAnn,0.8739448080737451,1.0,-14299.0,0.0121996402740478,0,True,5,33,True,97,32,2025-11-16 05:58:18
ba_64_1_8.txt,barabasi_albert_10ins_m20,42,SpecAnn,0.878438127193422,1.0,-14299.0,0.0121610164642333,0,True,5,33,True,98,32,2025-11-16 05:58:18
ba_64_1_8.txt,barabasi_albert_10ins_m20,42,SpecAnn,0.8829085791038153,1.0,-14299.0,0.0122017860412597,0,True,5,33,True,99,32,2025-11-16 05:58:18
ba_64_1_8.txt,barabasi_albert_10ins_m20,42,SpecAnn,0.8873565094161138,1.0,-14299.0,0.0122075080871582,0,True,5,33,True,100,32,2025-11-16 05:58:18
ba_64_1_8.txt,barabasi_albert_10ins_m20,42,SpecAnn,0.8917822551223932,1.0,-14299.0,0.0121867656707763,0,True,5,33,True,101,32,2025-11-16 05:58:18
ba_64_1_8.txt,barabasi_albert_10ins_m20,42,SpecAnn,0.8961861448935777,1.0,-14299.0,0.0124793052673339,0,True,5,33,True,102,32,2025-11-16 05:58:18
ba_64_1_8.txt,barabasi_albert_10ins_m20,42,SpecAnn,0.9005684993642872,1.0,-14299.0,0.0124990940093994,0,True,5,33,True,103,32,2025-11-16 05:58:18
ba_64_1_8.txt,barabasi_albert_10ins_m20,42,SpecAnn,0.9049296314052688,1.0,-14299.0,0.0124354362487792,0,True,5,33,True,104,32,2025-11-16 05:58:18
ba_64_1_8.txt,barabasi_albert_10ins_m20,42,SpecAnn,0.9092698463840684,1.0,-14299.0,0.0122647285461425,0,True,5,33,True,105,32,2025-11-16 05:58:18
ba_64_1_8.txt,barabasi_albert_10ins_m20,42,SpecAnn,0.9135894424145556,1.0,-14299.0,0.0124087333679199,0,True,5,33,True,106,32,2025-11-16 05:58:18
ba_64_1_8.txt,barabasi_albert_10ins_m20,42,SpecAnn,0.9178887105958816,1.0,-14299.0,0.0124425888061523,0,True,5,33,True,107,32,2025-11-16 05:58:18
ba_64_1_8.txt,barabasi_albert_10ins_m20,42,SpecAnn,0.922167935241408,1.0,-14299.0,0.0124664306640625,0,True,5,33,True,108,32,2025-11-16 05:58:18
ba_64_1_8.txt,barabasi_albert_10ins_m20,42,SpecAnn,0.92642739409812,1.0,-14299.0,0.0122969150543212,0,True,5,33,True,109,32,2025-11-16 05:58:18
ba_64_1_8.txt,barabasi_albert_10ins_m20,42,SpecAnn,0.9306673585570006,1.0,-14299.0,0.0122046470642089,0,True,5,33,True,110,32,2025-11-16 05:58:18
ba_64_1_8.txt,barabasi_albert_10ins_m20,42,SpecAnn,0.9348880938548184,1.0,-14299.0,0.0123138427734375,0,True,5,33,True,111,32,2025-11-16 05:58:18
ba_64_1_8.txt,barabasi_albert_10ins_m20,42,SpecAnn,0.9390898592677528,1.0,-14299.0,0.0122773647308349,0,True,5,33,True,112,32,2025-11-16 05:58:18
ba_64_1_8.txt,barabasi_albert_10ins_m20,42,SpecAnn,0.9432729082972536,1.0,-14299.0,0.012214183807373,0,True,5,33,True,113,32,2025-11-16 05:58:18
ba_64_1_8.txt,barabasi_albert_10ins_m20,42,SpecAnn,0.9474374888485204,1.0,-14299.0,0.0122480392456054,0,True,5,33,True,114,32,2025-11-16 05:58:18
ba_64_1_8.txt,barabasi_albert_10ins_m20,42,SpecAnn,0.9515838434019476,1.0,-14299.0,0.0122904777526855,0,True,5,33,True,115,32,2025-11-16 05:58:18
ba_64_1_8.txt,barabasi_albert_10ins_m20,42,SpecAnn,0.9557122091778746,1.0,-14299.0,0.0121877193450927,0,True,5,33,True,116,32,2025-11-16 05:58:18
ba_64_1_8.txt,barabasi_albert_10ins_m20,42,SpecAnn,0.9598228182949629,1.0,-14299.0,0.0123064517974853,0,True,5,33,True,117,32,2025-11-16 05:58:18
ba_64_1_8.txt,barabasi_albert_10ins_m20,42,SpecAnn,0.963915897922488,1.0,-14299.0,0.0122072696685791,0,True,5,33,True,118,32,2025-11-16 05:58:18
ba_64_1_8.txt,barabasi_albert_10ins_m20,42,SpecAnn,0.967991670426842,1.0,-14299.0,0.0123510360717773,0,True,5,33,True,119,32,2025-11-16 05:58:18
ba_64_1_8.txt,barabasi_albert_10ins_m20,42,SpecAnn,0.9720503535125016,1.0,-14299.0,0.0124092102050781,0,True,5,33,True,120,32,2025-11-16 05:58:18
ba_64_1_8.txt,barabasi_albert_10ins_m20,42,SpecAnn,0.9760921603577252,1.0,-14359.000000000002,0.0124542713165283,0,True,5,33,True,121,32,2025-11-16 05:58:18
ba_64_1_8.txt,barabasi_albert_10ins_m20,42,SpecAnn,0.9801172997452104,1.0,-14359.000000000002,0.012336254119873,0,True,5,33,True,122,32,2025-11-16 05:58:18
ba_64_1_8.txt,barabasi_albert_10ins_m20,42,SpecAnn,0.9841259761879442,1.0,-14359.000000000002,0.0123751163482666,0,True,5,33,True,123,32,2025-11-16 05:58:18
ba_64_1_8.txt,barabasi_albert_10ins_m20,42,SpecAnn,0.9881183900504562,1.0,-14359.000000000002,0.0124104022979736,0,True,5,33,True,124,32,2025-11-16 05:58:19
ba_64_1_8.txt,barabasi_albert_10ins_m20,42,SpecAnn,0.9920947376656812,1.0,-14359.000000000002,0.0123889446258544,0,True,5,33,True,125,32,2025-11-16 05:58:19
ba_64_1_8.txt,barabasi_albert_10ins_m20,42,SpecAnn,0.9960552114476228,1.0,-14359.000000000002,0.0122532844543457,0,True,5,33,True,126,32,2025-11-16 05:58:19
ba_64_1_8.txt,barabasi_albert_10ins_m20,42,SpecAnn,1.0,1.0,-14359.000000000002,0.0123023986816406,0,True,5,33,True,127,32,2025-11-16 05:58:19
ba_64_1_8.txt,barabasi_albert_10ins_m20,43,SpecAnn,0.0,1.0,-14359.000000000002,0.0129539966583251,0,True,5,33,True,0,32,2025-11-16 05:58:19
ba_64_1_8.txt,barabasi_albert_10ins_m20,43,SpecAnn,0.0887356509416113,1.0,-14359.000000000002,0.0124454498291015,0,True,5,33,True,1,32,2025-11-16 05:58:19
ba_64_1_8.txt,barabasi_albert_10ins_m20,43,SpecAnn,0.1254911610276317,1.0,-14359.000000000002,0.0124897956848144,0,True,5,33,True,2,32,2025-11-16 05:58:19
ba_64_1_8.txt,barabasi_albert_10ins_m20,43,SpecAnn,0.1536946558735679,1.0,-14359.000000000002,0.0125079154968261,0,True,5,33,True,3,32,2025-11-16 05:58:19
ba_64_1_8.txt,barabasi_albert_10ins_m20,43,SpecAnn,0.1774713018832227,1.0,-14359.000000000002,0.0124218463897705,0,True,5,33,True,4,32,2025-11-16 05:58:19
ba_64_1_8.txt,barabasi_albert_10ins_m20,43,SpecAnn,0.1984189475331362,1.0,-14359.000000000002,0.0121886730194091,0,True,5,33,True,5,32,2025-11-16 05:58:19
ba_64_1_8.txt,barabasi_albert_10ins_m20,43,SpecAnn,0.2173570668006655,1.0,-14359.000000000002,0.0123486518859863,0,True,5,33,True,6,32,2025-11-16 05:58:19
ba_64_1_8.txt,barabasi_albert_10ins_m20,43,SpecAnn,0.2347724648169381,1.0,-14359.000000000002,0.0121994018554687,0,True,5,33,True,7,32,2025-11-16 05:58:19
ba_64_1_8.txt,barabasi_albert_10ins_m20,43,SpecAnn,0.2509823220552634,1.0,-14359.000000000002,0.0122706890106201,0,True,5,33,True,8,32,2025-11-16 05:58:19
ba_64_1_8.txt,barabasi_albert_10ins_m20,43,SpecAnn,0.2662069528248341,1.0,-14359.000000000002,0.0122091770172119,0,True,5,33,True,9,32,2025-11-16 05:58:19
ba_64_1_8.txt,barabasi_albert_10ins_m20,43,SpecAnn,0.2806067666331568,1.0,-14359.000000000002,0.0121572017669677,0,True,5,33,True,10,32,2025-11-16 05:58:19
ba_64_1_8.txt,barabasi_albert_10ins_m20,43,SpecAnn,0.2943028597012718,1.0,-14359.000000000002,0.0122363567352294,0,True,5,33,True,11,32,2025-11-16 05:58:19
ba_64_1_8.txt,barabasi_albert_10ins_m20,43,SpecAnn,0.3073893117471359,1.0,-14359.000000000002,0.0122110843658447,0,True,5,33,True,12,32,2025-11-16 05:58:19
ba_64_1_8.txt,barabasi_albert_10ins_m20,43,SpecAnn,0.3199409394316542,1.0,-14359.000000000002,0.0122542381286621,0,True,5,33,True,13,32,2025-11-16 05:58:19
ba_64_1_8.txt,barabasi_albert_10ins_m20,43,SpecAnn,0.3320184038158743,1.0,-14359.000000000002,0.0122613906860351,0,True,5,33,True,14,32,2025-11-16 05:58:19
ba_64_1_8.txt,barabasi_albert_10ins_m20,43,SpecAnn,0.3436716983117353,1.0,-14359.000000000002,0.0122077465057373,0,True,5,33,True,15,32,2025-11-16 05:58:19
ba_64_1_8.txt,barabasi_albert_10ins_m20,43,SpecAnn,0.3549426037664455,1.0,-14359.000000000002,0.0121715068817138,0,True,5,33,True,16,32,2025-11-16 05:58:19
ba_64_1_8.txt,barabasi_albert_10ins_m20,43,SpecAnn,0.3658664615902029,1.0,-14359.000000000002,0.0121819972991943,0,True,5,33,True,17,32,2025-11-16 05:58:19
ba_64_1_8.txt,barabasi_albert_10ins_m20,43,SpecAnn,0.3764734830828951,1.0,-14359.000000000002,0.0121991634368896,0,True,5,33,True,18,32,2025-11-16 05:58:19
ba_64_1_8.txt,barabasi_albert_10ins_m20,43,SpecAnn,0.3867897351437838,1.0,-14359.000000000002,0.0122525691986083,0,True,5,33,True,19,32,2025-11-16 05:58:19
ba_64_1_8.txt,barabasi_albert_10ins_m20,43,SpecAnn,0.3968378950662725,1.0,-14359.000000000002,0.0122272968292236,0,True,5,33,True,20,32,2025-11-16 05:58:19
ba_64_1_8.txt,barabasi_albert_10ins_m20,43,SpecAnn,0.4066378372811136,1.0,-14359.000000000002,0.0121846199035644,0,True,5,33,True,21,32,2025-11-16 05:58:19
ba_64_1_8.txt,barabasi_albert_10ins_m20,43,SpecAnn,0.4162070956347247,1.0,-14359.000000000002,0.0122368335723876,0,True,5,33,True,22,32,2025-11-16 05:58:19
ba_64_1_8.txt,barabasi_albert_10ins_m20,43,SpecAnn,0.4255612320274539,1.0,-14359.000000000002,0.0122621059417724,0,True,5,33,True,23,32,2025-11-16 05:58:19
ba_64_1_8.txt,barabasi_albert_10ins_m20,43,SpecAnn,0.434714133601331,1.0,-14359.000000000002,0.0125081539154052,0,True,5,33,True,24,32,2025-11-16 05:58:19
ba_64_1_8.txt,barabasi_albert_10ins_m20,43,SpecAnn,0.4436782547080569,1.0,-14359.000000000002,0.0124111175537109,0,True,5,33,True,25,32,2025-11-16 05:58:19
ba_64_1_8.txt,barabasi_albert_10ins_m20,43,SpecAnn,0.4524648157026343,1.0,-14359.000000000002,0.0123827457427978,0,True,5,33,True,26,32,2025-11-16 05:58:19
ba_64_1_8.txt,barabasi_albert_10ins_m20,43,SpecAnn,0.4610839676207039,1.0,-14359.000000000002,0.0123782157897949,0,True,5,33,True,27,32,2025-11-16 05:58:19
ba_64_1_8.txt,barabasi_albert_10ins_m20,43,SpecAnn,0.4695449296338763,1.0,-14359.000000000002,0.0122771263122558,0,True,5,33,True,28,32,2025-11-16 05:58:19
ba_64_1_8.txt,barabasi_albert_10ins_m20,43,SpecAnn,0.4778561045889373,1.0,-14359.000000000002,0.0122132301330566,0,True,5,33,True,29,32,2025-11-16 05:58:19
ba_64_1_8.txt,barabasi_albert_10ins_m20,43,SpecAnn,0.4860251767562508,1.0,-14359.000000000002,0.0122363567352294,0,True,5,33,True,30,32,2025-11-16 05:58:19
ba_64_1_8.txt,barabasi_albert_10ins_m20,43,SpecAnn,0.4940591950252281,1.0,-14359.000000000002,0.0122876167297363,0,True,5,33,True,31,32,2025-11-16 05:58:19
ba_64_1_8.txt,barabasi_albert_10ins_m20,43,SpecAnn,0.5019646441105269,1.0,-14359.000000000002,0.0121481418609619,0,True,5,33,True,32,32,2025-11-16 05:58:19
ba_64_1_8.txt,barabasi_albert_10ins_m20,43,SpecAnn,0.5097475058154177,1.0,-14359.000000000002,0.0121378898620605,0,True,5,33,True,33,32,2025-11-16 05:58:19
ba_64_1_8.txt,barabasi_albert_10ins_m20,43,SpecAnn,0.51741331199832,1.0,-14359.000000000002,0.0122029781341552,0,True,5,33,True,34,32,2025-11-16 05:58:19
ba_64_1_8.txt,barabasi_albert_10ins_m20,43,SpecAnn,0.5249671905758515,1.0,-14359.000000000002,0.0121879577636718,0,True,5,33,True,35,32,2025-11-16 05:58:19
ba_64_1_8.txt,barabasi_albert_10ins_m20,43,SpecAnn,0.5324139056496683,1.0,-14359.000000000002,0.0121653079986572,0,True,5,33,True,36,32,2025-11-16 05:58:19
ba_64_1_8.txt,barabasi_albert_10ins_m20,43,SpecAnn,0.5397578926492556,1.0,-14359.000000000002,0.0122497081756591,0,True,5,33,True,37,32,2025-11-16 05:58:19
ba_64_1_8.txt,barabasi_albert_10ins_m20,43,SpecAnn,0.5470032892270364,1.0,-14359.000000000002,0.0122129917144775,0,True,5,33,True,38,32,2025-11-16 05:58:19
ba_64_1_8.txt,barabasi_albert_10ins_m20,43,SpecAnn,0.554153962516942,1.0,-14359.000000000002,0.0121641159057617,0,True,5,33,True,39,32,2025-11-16 05:58:19
ba_64_1_8.txt,barabasi_albert_10ins_m20,43,SpecAnn,0.5612135332663137,1.0,-14359.000000000002,0.0121569633483886,0,True,5,33,True,40,32,2025-11-16 05:58:19
ba_64_1_8.txt,barabasi_albert_10ins_m20,43,SpecAnn,0.5681853972686127,1.0,-14359.000000000002,0.012192964553833,0,True,5,33,True,41,32,2025-11-16 05:58:19
ba_64_1_8.txt,barabasi_albert_10ins_m20,43,SpecAnn,0.5750727444570146,1.0,-14359.000000000002,0.0121710300445556,0,True,5,33,True,42,32,2025-11-16 05:58:19
ba_64_1_8.txt,barabasi_albert_10ins_m20,43,SpecAnn,0.5818785759635375,1.0,-14359.000000000002,0.0121660232543945,0,True,5,33,True,43,32,2025-11-16 05:58:19
ba_64_1_8.txt,barabasi_albert_10ins_m20,43,SpecAnn,0.5886057194025436,1.0,-14359.000000000002,0.0122990608215332,0,True,5,33,True,44,32,2025-11-16 05:58:19
ba_64_1_8.txt,barabasi_albert_10ins_m20,43,SpecAnn,0.5952568425994088,1.0,-14359.000000000002,0.0122170448303222,0,True,5,33,True,45,32,2025-11-16 05:58:19
ba_64_1_8.txt,barabasi_albert_10ins_m20,43,SpecAnn,0.6018344659534288,1.0,-14359.000000000002,0.0121946334838867,0,True,5,33,True,46,32,2025-11-16 05:58:19
ba_64_1_8.txt,barabasi_albert_10ins_m20,43,SpecAnn,0.6083409735974393,1.0,-14359.000000000002,0.0121917724609375,0,True,5,33,True,47,32,2025-11-16 05:58:19
ba_64_1_8.txt,barabasi_albert_10ins_m20,43,SpecAnn,0.6147786234942719,1.0,-14359.000000000002,0.0121090412139892,0,True,5,33,True,48,32,2025-11-16 05:58:19
ba_64_1_8.txt,barabasi_albert_10ins_m20,43,SpecAnn,0.6211495565912796,1.0,-14359.000000000002,0.0121593475341796,0,True,5,33,True,49,32,2025-11-16 05:58:19
ba_64_1_8.txt,barabasi_albert_10ins_m20,43,SpecAnn,0.6274558051381586,1.0,-14359.000000000002,0.0121316909790039,0,True,5,33,True,50,32,2025-11-16 05:58:19
ba_64_1_8.txt,barabasi_albert_10ins_m20,43,SpecAnn,0.6336993002596786,1.0,-14359.000000000002,0.01220703125,0,True,5,33,True,51,32,2025-11-16 05:58:19
ba_64_1_8.txt,barabasi_albert_10ins_m20,43,SpecAnn,0.6398818788633085,1.0,-14359.000000000002,0.0121581554412841,0,True,5,33,True,52,32,2025-11-16 05:58:19
ba_64_1_8.txt,barabasi_albert_10ins_m20,43,SpecAnn,0.6460052899517691,1.0,-14359.000000000002,0.0121693611145019,0,True,5,33,True,53,32,2025-11-16 05:58:19
ba_64_1_8.txt,barabasi_albert_10ins_m20,43,SpecAnn,0.6520712004019966,1.0,-14299.0,0.0121634006500244,0,True,5,33,True,54,32,2025-11-16 05:58:19
ba_64_1_8.txt,barabasi_albert_10ins_m20,43,SpecAnn,0.6580812002646271,1.0,-14299.0,0.0122313499450683,0,True,5,33,True,55,32,2025-11-16 05:58:19
ba_64_1_8.txt,barabasi_albert_10ins_m20,43,SpecAnn,0.6640368076317485,1.0,-14299.0,0.0121557712554931,0,True,5,33,True,56,32,2025-11-16 05:58:19
ba_64_1_8.txt,barabasi_albert_10ins_m20,43,SpecAnn,0.6699394731151429,1.0,-14299.0,0.0121669769287109,0,True,5,33,True,57,32,2025-11-16 05:58:19
ba_64_1_8.txt,barabasi_albert_10ins_m20,43,SpecAnn,0.6757905839724513,1.0,-14299.0,0.0121846199035644,0,True,5,33,True,58,32,2025-11-16 05:58:19
ba_64_1_8.txt,barabasi_albert_10ins_m20,43,SpecAnn,0.6815914679145113,1.0,-14299.0,0.012423038482666,0,True,5,33,True,59,32,2025-11-16 05:58:19
ba_64_1_8.txt,barabasi_albert_10ins_m20,43,SpecAnn,0.6873433966234707,1.0,-14299.0,0.0124084949493408,0,True,5,33,True,60,32,2025-11-16 05:58:19
ba_64_1_8.txt,barabasi_albert_10ins_m20,43,SpecAnn,0.6930475890080863,1.0,-14299.0,0.0123744010925292,0,True,5,33,True,61,32,2025-11-16 05:58:19
ba_64_1_8.txt,barabasi_albert_10ins_m20,43,SpecAnn,0.6987052142198116,1.0,-14299.0,0.0123085975646972,0,True,5,33,True,62,32,2025-11-16 05:58:19
ba_64_1_8.txt,barabasi_albert_10ins_m20,43,SpecAnn,0.7043173944508145,1.0,-14299.0,0.0122642517089843,0,True,5,33,True,63,32,2025-11-16 05:58:19
ba_64_1_8.txt,barabasi_albert_10ins_m20,43,SpecAnn,0.709885207532891,1.0,-14299.0,0.0122630596160888,0,True,5,33,True,64,32,2025-11-16 05:58:19
ba_64_1_8.txt,barabasi_albert_10ins_m20,43,SpecAnn,0.7154096893543218,1.0,-14299.0,0.0121862888336181,0,True,5,33,True,65,32,2025-11-16 05:58:19
ba_64_1_8.txt,barabasi_albert_10ins_m20,43,SpecAnn,0.7208918361100219,1.0,-14299.0,0.0121715068817138,0,True,5,33,True,66,32,2025-11-16 05:58:19
ba_64_1_8.txt,barabasi_albert_10ins_m20,43,SpecAnn,0.7263326063988248,1.0,-14299.0,0.0122239589691162,0,True,5,33,True,67,32,2025-11-16 05:58:19
ba_64_1_8.txt,barabasi_albert_10ins_m20,43,SpecAnn,0.7317329231804058,1.0,-14299.0,0.0123100280761718,0,True,5,33,True,68,32,2025-11-16 05:58:19
ba_64_1_8.txt,barabasi_albert_10ins_m20,43,SpecAnn,0.7370936756031579,1.0,-14299.0,0.0122127532958984,0,True,5,33,True,69,32,2025-11-16 05:58:19
ba_64_1_8.txt,barabasi_albert_10ins_m20,43,SpecAnn,0.7424157207132704,1.0,-14299.0,0.0121619701385498,0,True,5,33,True,70,32,2025-11-16 05:58:19
ba_64_1_8.txt,barabasi_albert_10ins_m20,43,SpecAnn,0.7476998850543153,1.0,-14299.0,0.0123121738433837,0,True,5,33,True,71,32,2025-11-16 05:58:19
ba_64_1_8.txt,barabasi_albert_10ins_m20,43,SpecAnn,0.7529469661657903,1.0,-14299.0,0.0122561454772949,0,True,5,33,True,72,32,2025-11-16 05:58:19
ba_64_1_8.txt,barabasi_albert_10ins_m20,43,SpecAnn,0.7581577339883167,1.0,-14299.0,0.0122580528259277,0,True,5,33,True,73,32,2025-11-16 05:58:19
ba_64_1_8.txt,barabasi_albert_10ins_m20,43,SpecAnn,0.7633329321824984,1.0,-14299.0,0.012200117111206,0,True,5,33,True,74,32,2025-11-16 05:58:19
ba_64_1_8.txt,barabasi_albert_10ins_m20,43,SpecAnn,0.7684732793678399,1.0,-14299.0,0.0122439861297607,0,True,5,33,True,75,32,2025-11-16 05:58:20
ba_64_1_8.txt,barabasi_albert_10ins_m20,43,SpecAnn,0.7735794702875677,1.0,-14299.0,0.0122766494750976,0,True,5,33,True,76,32,2025-11-16 05:58:20
ba_64_1_8.txt,barabasi_albert_10ins_m20,43,SpecAnn,0.7786521769046981,1.0,-14299.0,0.0121736526489257,0,True,5,33,True,77,32,2025-11-16 05:58:20
ba_64_1_8.txt,barabasi_albert_10ins_m20,43,SpecAnn,0.7836920494342511,1.0,-14299.0,0.0122318267822265,0,True,5,33,True,78,32,2025-11-16 05:58:20
ba_64_1_8.txt,barabasi_albert_10ins_m20,43,SpecAnn,0.788699717316095,1.0,-14299.0,0.0121915340423583,0,True,5,33,True,79,32,2025-11-16 05:58:20
ba_64_1_8.txt,barabasi_albert_10ins_m20,43,SpecAnn,0.7936757901325451,1.0,-14299.0,0.0122232437133789,0,True,5,33,True,80,32,2025-11-16 05:58:20
ba_64_1_8.txt,barabasi_albert_10ins_m20,43,SpecAnn,0.7986208584745024,1.0,-14299.0,0.0121889114379882,0,True,5,33,True,81,32,2025-11-16 05:58:20
ba_64_1_8.txt,barabasi_albert_10ins_m20,43,SpecAnn,0.803535494759617,1.0,-14299.0,0.0122098922729492,0,True,5,33,True,82,32,2025-11-16 05:58:20
ba_64_1_8.txt,barabasi_albert_10ins_m20,43,SpecAnn,0.8084202540056837,1.0,-14299.0,0.0124526023864746,0,True,5,33,True,83,32,2025-11-16 05:58:20
ba_64_1_8.txt,barabasi_albert_10ins_m20,43,SpecAnn,0.8132756745622272,1.0,-14299.0,0.0124046802520751,0,True,5,33,True,84,32,2025-11-16 05:58:20
ba_64_1_8.txt,barabasi_albert_10ins_m20,43,SpecAnn,0.8181022788030096,1.0,-14299.0,0.0124247074127197,0,True,5,33,True,85,32,2025-11-16 05:58:20
ba_64_1_8.txt,barabasi_albert_10ins_m20,43,SpecAnn,0.822900573781978,1.0,-14299.0,0.0124499797821044,0,True,5,33,True,86,32,2025-11-16 05:58:20
ba_64_1_8.txt,barabasi_albert_10ins_m20,43,SpecAnn,0.8276710518549868,1.0,-14299.0,0.0122349262237548,0,True,5,33,True,87,32,2025-11-16 05:58:20
ba_64_1_8.txt,barabasi_albert_10ins_m20,43,SpecAnn,0.8324141912694495,1.0,-14299.0,0.0122621059417724,0,True,5,33,True,88,32,2025-11-16 05:58:20
ba_64_1_8.txt,barabasi_albert_10ins_m20,43,SpecAnn,0.8371304567239225,1.0,-14299.0,0.0121552944183349,0,True,5,33,True,89,32,2025-11-16 05:58:20
ba_64_1_8.txt,barabasi_albert_10ins_m20,43,SpecAnn,0.8418202998994706,1.0,-14299.0,0.0121991634368896,0,True,5,33,True,90,32,2025-11-16 05:58:20
ba_64_1_8.txt,barabasi_albert_10ins_m20,43,SpecAnn,0.846484159964536,1.0,-14299.0,0.012294054031372,0,True,5,33,True,91,32,2025-11-16 05:58:20
ba_64_1_8.txt,barabasi_albert_10ins_m20,43,SpecAnn,0.8511224640549078,1.0,-14299.0,0.0125441551208496,0,True,5,33,True,92,32,2025-11-16 05:58:20
ba_64_1_8.txt,barabasi_albert_10ins_m20,43,SpecAnn,0.8557356277302758,1.0,-14299.0,0.0123748779296875,0,True,5,33,True,93,32,2025-11-16 05:58:20
ba_64_1_8.txt,barabasi_albert_10ins_m20,43,SpecAnn,0.8603240554087516,1.0,-14299.0,0.0122594833374023,0,True,5,33,True,94,32,2025-11-16 05:58:20
ba_64_1_8.txt,barabasi_albert_10ins_m20,43,SpecAnn,0.86488814078064,1.0,-14299.0,0.0121710300445556,0,True,5,33,True,95,32,2025-11-16 05:58:20
ba_64_1_8.txt,barabasi_albert_10ins_m20,43,SpecAnn,0.8694282672026621,1.0,-14299.0,0.0122301578521728,0,True,5,33,True,96,32,2025-11-16 05:58:20
ba_64_1_8.txt,barabasi_albert_10ins_m20,43,SpecAnn,0.8739448080737451,1.0,-14299.0,0.0122578144073486,0,True,5,33,True,97,32,2025-11-16 05:58:20
ba_64_1_8.txt,barabasi_albert_10ins_m20,43,SpecAnn,0.878438127193422,1.0,-14299.0,0.0121905803680419,0,True,5,33,True,98,32,2025-11-16 05:58:20
ba_64_1_8.txt,barabasi_albert_10ins_m20,43,SpecAnn,0.8829085791038153,1.0,-14299.0,0.0121421813964843,0,True,5,33,True,99,32,2025-11-16 05:58:20
ba_64_1_8.txt,barabasi_albert_10ins_m20,43,SpecAnn,0.8873565094161138,1.0,-14299.0,0.0122134685516357,0,True,5,33,True,100,32,2025-11-16 05:58:20
ba_64_1_8.txt,barabasi_albert_10ins_m20,43,SpecAnn,0.8917822551223932,1.0,-14299.0,0.0122666358947753,0,True,5,33,True,101,32,2025-11-16 05:58:20
ba_64_1_8.txt,barabasi_albert_10ins_m20,43,SpecAnn,0.8961861448935777,1.0,-14299.0,0.0122210979461669,0,True,5,33,True,102,32,2025-11-16 05:58:20
ba_64_1_8.txt,barabasi_albert_10ins_m20,43,SpecAnn,0.9005684993642872,1.0,-14299.0,0.0122127532958984,0,True,5,33,True,103,32,2025-11-16 05:58:20
ba_64_1_8.txt,barabasi_albert_10ins_m20,43,SpecAnn,0.9049296314052688,1.0,-14299.0,0.0122697353363037,0,True,5,33,True,104,32,2025-11-16 05:58:20
ba_64_1_8.txt,barabasi_albert_10ins_m20,43,SpecAnn,0.9092698463840684,1.0,-14299.0,0.0124588012695312,0,True,5,33,True,105,32,2025-11-16 05:58:20
ba_64_1_8.txt,barabasi_albert_10ins_m20,43,SpecAnn,0.9135894424145556,1.0,-14299.0,0.0124948024749755,0,True,5,33,True,106,32,2025-11-16 05:58:20
ba_64_1_8.txt,barabasi_albert_10ins_m20,43,SpecAnn,0.9178887105958816,1.0,-14299.0,0.0124261379241943,0,True,5,33,True,107,32,2025-11-16 05:58:20
ba_64_1_8.txt,barabasi_albert_10ins_m20,43,SpecAnn,0.922167935241408,1.0,-14299.0,0.0124006271362304,0,True,5,33,True,108,32,2025-11-16 05:58:20
ba_64_1_8.txt,barabasi_albert_10ins_m20,43,SpecAnn,0.92642739409812,1.0,-14299.0,0.0124368667602539,0,True,5,33,True,109,32,2025-11-16 05:58:20
ba_64_1_8.txt,barabasi_albert_10ins_m20,43,SpecAnn,0.9306673585570006,1.0,-14299.0,0.0123252868652343,0,True,5,33,True,110,32,2025-11-16 05:58:20
ba_64_1_8.txt,barabasi_albert_10ins_m20,43,SpecAnn,0.9348880938548184,1.0,-14299.0,0.0123329162597656,0,True,5,33,True,111,32,2025-11-16 05:58:20
ba_64_1_8.txt,barabasi_albert_10ins_m20,43,SpecAnn,0.9390898592677528,1.0,-14299.0,0.0123322010040283,0,True,5,33,True,112,32,2025-11-16 05:58:20
ba_64_1_8.txt,barabasi_albert_10ins_m20,43,SpecAnn,0.9432729082972536,1.0,-14299.0,0.012378454208374,0,True,5,33,True,113,32,2025-11-16 05:58:20
ba_64_1_8.txt,barabasi_albert_10ins_m20,43,SpecAnn,0.9474374888485204,1.0,-14299.0,0.0123243331909179,0,True,5,33,True,114,32,2025-11-16 05:58:20
ba_64_1_8.txt,barabasi_albert_10ins_m20,43,SpecAnn,0.9515838434019476,1.0,-14299.0,0.0123324394226074,0,True,5,33,True,115,32,2025-11-16 05:58:20
ba_64_1_8.txt,barabasi_albert_10ins_m20,43,SpecAnn,0.9557122091778746,1.0,-14299.0,0.0122199058532714,0,True,5,33,True,116,32,2025-11-16 05:58:20
ba_64_1_8.txt,barabasi_albert_10ins_m20,43,SpecAnn,0.9598228182949629,1.0,-14299.0,0.0122225284576416,0,True,5,33,True,117,32,2025-11-16 05:58:20
ba_64_1_8.txt,barabasi_albert_10ins_m20,43,SpecAnn,0.963915897922488,1.0,-14299.0,0.0124523639678955,0,True,5,33,True,118,32,2025-11-16 05:58:20
ba_64_1_8.txt,barabasi_albert_10ins_m20,43,SpecAnn,0.967991670426842,1.0,-14299.0,0.0124313831329345,0,True,5,33,True,119,32,2025-11-16 05:58:20
ba_64_1_8.txt,barabasi_albert_10ins_m20,43,SpecAnn,0.9720503535125016,1.0,-14299.0,0.0124738216400146,0,True,5,33,True,120,32,2025-11-16 05:58:20
ba_64_1_8.txt,barabasi_albert_10ins_m20,43,SpecAnn,0.9760921603577252,1.0,-14299.0,0.0124330520629882,0,True,5,33,True,121,32,2025-11-16 05:58:20
ba_64_1_8.txt,barabasi_albert_10ins_m20,43,SpecAnn,0.9801172997452104,1.0,-14299.0,0.0124866962432861,0,True,5,33,True,122,32,2025-11-16 05:58:20
ba_64_1_8.txt,barabasi_albert_10ins_m20,43,SpecAnn,0.9841259761879442,1.0,-14299.0,0.0124444961547851,0,True,5,33,True,123,32,2025-11-16 05:58:20
ba_64_1_8.txt,barabasi_albert_10ins_m20,43,SpecAnn,0.9881183900504562,1.0,-14299.0,0.0124108791351318,0,True,5,33,True,124,32,2025-11-16 05:58:20
ba_64_1_8.txt,barabasi_albert_10ins_m20,43,SpecAnn,0.9920947376656812,1.0,-14299.0,0.0122287273406982,0,True,5,33,True,125,32,2025-11-16 05:58:20
ba_64_1_8.txt,barabasi_albert_10ins_m20,43,SpecAnn,0.9960552114476228,1.0,-14299.0,0.0122950077056884,0,True,5,33,True,126,32,2025-11-16 05:58:20
ba_64_1_8.txt,barabasi_albert_10ins_m20,43,SpecAnn,1.0,1.0,-14299.0,0.0121605396270751,0,True,5,33,True,127,32,2025-11-16 05:58:20
ba_64_1_8.txt,barabasi_albert_10ins_m20,44,SpecAnn,0.0,1.0,-14359.000000000002,0.0129413604736328,0,True,7,33,True,0,32,2025-11-16 05:58:20
ba_64_1_8.txt,barabasi_albert_10ins_m20,44,SpecAnn,0.0887356509416113,1.0,-14359.000000000002,0.0124366283416748,0,True,7,33,True,1,32,2025-11-16 05:58:20
ba_64_1_8.txt,barabasi_albert_10ins_m20,44,SpecAnn,0.1254911610276317,1.0,-14359.000000000002,0.0124764442443847,0,True,7,33,True,2,32,2025-11-16 05:58:20
ba_64_1_8.txt,barabasi_albert_10ins_m20,44,SpecAnn,0.1536946558735679,1.0,-14359.000000000002,0.0124456882476806,0,True,7,33,True,3,32,2025-11-16 05:58:20
ba_64_1_8.txt,barabasi_albert_10ins_m20,44,SpecAnn,0.1774713018832227,1.0,-14359.000000000002,0.0124359130859375,0,True,7,33,True,4,32,2025-11-16 05:58:20
ba_64_1_8.txt,barabasi_albert_10ins_m20,44,SpecAnn,0.1984189475331362,1.0,-14359.000000000002,0.0124053955078125,0,True,7,33,True,5,32,2025-11-16 05:58:20
ba_64_1_8.txt,barabasi_albert_10ins_m20,44,SpecAnn,0.2173570668006655,1.0,-14359.000000000002,0.0123941898345947,0,True,7,33,True,6,32,2025-11-16 05:58:20
ba_64_1_8.txt,barabasi_albert_10ins_m20,44,SpecAnn,0.2347724648169381,1.0,-14359.000000000002,0.0122120380401611,0,True,7,33,True,7,32,2025-11-16 05:58:20
ba_64_1_8.txt,barabasi_albert_10ins_m20,44,SpecAnn,0.2509823220552634,1.0,-14359.000000000002,0.0121753215789794,0,True,7,33,True,8,32,2025-11-16 05:58:20
ba_64_1_8.txt,barabasi_albert_10ins_m20,44,SpecAnn,0.2662069528248341,1.0,-14359.000000000002,0.0121726989746093,0,True,7,33,True,9,32,2025-11-16 05:58:20
ba_64_1_8.txt,barabasi_albert_10ins_m20,44,SpecAnn,0.2806067666331568,1.0,-14359.000000000002,0.0122957229614257,0,True,7,33,True,10,32,2025-11-16 05:58:20
ba_64_1_8.txt,barabasi_albert_10ins_m20,44,SpecAnn,0.2943028597012718,1.0,-14359.000000000002,0.0123581886291503,0,True,7,33,True,11,32,2025-11-16 05:58:20
ba_64_1_8.txt,barabasi_albert_10ins_m20,44,SpecAnn,0.3073893117471359,1.0,-14359.000000000002,0.0124175548553466,0,True,7,33,True,12,32,2025-11-16 05:58:20
ba_64_1_8.txt,barabasi_albert_10ins_m20,44,SpecAnn,0.3199409394316542,1.0,-14359.000000000002,0.0123519897460937,0,True,7,33,True,13,32,2025-11-16 05:58:20
ba_64_1_8.txt,barabasi_albert_10ins_m20,44,SpecAnn,0.3320184038158743,1.0,-14359.000000000002,0.0124168395996093,0,True,7,33,True,14,32,2025-11-16 05:58:20
ba_64_1_8.txt,barabasi_albert_10ins_m20,44,SpecAnn,0.3436716983117353,1.0,-14359.000000000002,0.0124001502990722,0,True,7,33,True,15,32,2025-11-16 05:58:20
ba_64_1_8.txt,barabasi_albert_10ins_m20,44,SpecAnn,0.3549426037664455,1.0,-14359.000000000002,0.0121829509735107,0,True,7,33,True,16,32,2025-11-16 05:58:20
ba_64_1_8.txt,barabasi_albert_10ins_m20,44,SpecAnn,0.3658664615902029,1.0,-14359.000000000002,0.0121376514434814,0,True,7,33,True,17,32,2025-11-16 05:58:20
ba_64_1_8.txt,barabasi_albert_10ins_m20,44,SpecAnn,0.3764734830828951,1.0,-14359.000000000002,0.0122804641723632,0,True,7,33,True,18,32,2025-11-16 05:58:20
ba_64_1_8.txt,barabasi_albert_10ins_m20,44,SpecAnn,0.3867897351437838,1.0,-14308.999999999998,0.0122458934783935,0,True,7,33,True,19,32,2025-11-16 05:58:20
ba_64_1_8.txt,barabasi_albert_10ins_m20,44,SpecAnn,0.3968378950662725,1.0,-14308.999999999998,0.0122261047363281,0,True,7,33,True,20,32,2025-11-16 05:58:20
ba_64_1_8.txt,barabasi_albert_10ins_m20,44,SpecAnn,0.4066378372811136,1.0,-14308.999999999998,0.0121011734008789,0,True,7,33,True,21,32,2025-11-16 05:58:20
ba_64_1_8.txt,barabasi_albert_10ins_m20,44,SpecAnn,0.4162070956347247,1.0,-14308.999999999998,0.012164831161499,0,True,7,33,True,22,32,2025-11-16 05:58:20
ba_64_1_8.txt,barabasi_albert_10ins_m20,44,SpecAnn,0.4255612320274539,1.0,-14308.999999999998,0.0123021602630615,0,True,7,33,True,23,32,2025-11-16 05:58:21
ba_64_1_8.txt,barabasi_albert_10ins_m20,44,SpecAnn,0.434714133601331,1.0,-14308.999999999998,0.0121283531188964,0,True,7,33,True,24,32,2025-11-16 05:58:21
ba_64_1_8.txt,barabasi_albert_10ins_m20,44,SpecAnn,0.4436782547080569,1.0,-14308.999999999998,0.0122499465942382,0,True,7,33,True,25,32,2025-11-16 05:58:21
ba_64_1_8.txt,barabasi_albert_10ins_m20,44,SpecAnn,0.4524648157026343,1.0,-14308.999999999998,0.0121541023254394,0,True,7,33,True,26,32,2025-11-16 05:58:21
ba_64_1_8.txt,barabasi_albert_10ins_m20,44,SpecAnn,0.4610839676207039,1.0,-14308.999999999998,0.0121691226959228,0,True,7,33,True,27,32,2025-11-16 05:58:21
ba_64_1_8.txt,barabasi_albert_10ins_m20,44,SpecAnn,0.4695449296338763,1.0,-14308.999999999998,0.0122690200805664,0,True,7,33,True,28,32,2025-11-16 05:58:21
ba_64_1_8.txt,barabasi_albert_10ins_m20,44,SpecAnn,0.4778561045889373,1.0,-14308.999999999998,0.0121150016784667,0,True,7,33,True,29,32,2025-11-16 05:58:21
ba_64_1_8.txt,barabasi_albert_10ins_m20,44,SpecAnn,0.4860251767562508,1.0,-14308.999999999998,0.0122790336608886,0,True,7,33,True,30,32,2025-11-16 05:58:21
ba_64_1_8.txt,barabasi_albert_10ins_m20,44,SpecAnn,0.4940591950252281,1.0,-14308.999999999998,0.0124261379241943,0,True,7,33,True,31,32,2025-11-16 05:58:21
ba_64_1_8.txt,barabasi_albert_10ins_m20,44,SpecAnn,0.5019646441105269,1.0,-14308.999999999998,0.0124251842498779,0,True,7,33,True,32,32,2025-11-16 05:58:21
ba_64_1_8.txt,barabasi_albert_10ins_m20,44,SpecAnn,0.5097475058154177,1.0,-14308.999999999998,0.0123674869537353,0,True,7,33,True,33,32,2025-11-16 05:58:21
ba_64_1_8.txt,barabasi_albert_10ins_m20,44,SpecAnn,0.51741331199832,1.0,-14308.999999999998,0.0124328136444091,0,True,7,33,True,34,32,2025-11-16 05:58:21
ba_64_1_8.txt,barabasi_albert_10ins_m20,44,SpecAnn,0.5249671905758515,1.0,-14308.999999999998,0.0122604370117187,0,True,7,33,True,35,32,2025-11-16 05:58:21
ba_64_1_8.txt,barabasi_albert_10ins_m20,44,SpecAnn,0.5324139056496683,1.0,-14308.999999999998,0.0121948719024658,0,True,7,33,True,36,32,2025-11-16 05:58:21
ba_64_1_8.txt,barabasi_albert_10ins_m20,44,SpecAnn,0.5397578926492556,1.0,-14308.999999999998,0.0121781826019287,0,True,7,33,True,37,32,2025-11-16 05:58:21
ba_64_1_8.txt,barabasi_albert_10ins_m20,44,SpecAnn,0.5470032892270364,1.0,-14308.999999999998,0.0122034549713134,0,True,7,33,True,38,32,2025-11-16 05:58:21
ba_64_1_8.txt,barabasi_albert_10ins_m20,44,SpecAnn,0.554153962516942,1.0,-14308.999999999998,0.0121960639953613,0,True,7,33,True,39,32,2025-11-16 05:58:21
ba_64_1_8.txt,barabasi_albert_10ins_m20,44,SpecAnn,0.5612135332663137,1.0,-14308.999999999998,0.0122640132904052,0,True,7,33,True,40,32,2025-11-16 05:58:21
ba_64_1_8.txt,barabasi_albert_10ins_m20,44,SpecAnn,0.5681853972686127,1.0,-14308.999999999998,0.0123672485351562,0,True,7,33,True,41,32,2025-11-16 05:58:21
ba_64_1_8.txt,barabasi_albert_10ins_m20,44,SpecAnn,0.5750727444570146,1.0,-14308.999999999998,0.0122971534729003,0,True,7,33,True,42,32,2025-11-16 05:58:21
ba_64_1_8.txt,barabasi_albert_10ins_m20,44,SpecAnn,0.5818785759635375,1.0,-14308.999999999998,0.0123000144958496,0,True,7,33,True,43,32,2025-11-16 05:58:21
ba_64_1_8.txt,barabasi_albert_10ins_m20,44,SpecAnn,0.5886057194025436,1.0,-14308.999999999998,0.0122876167297363,0,True,7,33,True,44,32,2025-11-16 05:58:21
ba_64_1_8.txt,barabasi_albert_10ins_m20,44,SpecAnn,0.5952568425994088,1.0,-14308.999999999998,0.0122466087341308,0,True,7,33,True,45,32,2025-11-16 05:58:21
ba_64_1_8.txt,barabasi_albert_10ins_m20,44,SpecAnn,0.6018344659534288,1.0,-14308.999999999998,0.0121955871582031,0,True,7,33,True,46,32,2025-11-16 05:58:21
ba_64_1_8.txt,barabasi_albert_10ins_m20,44,SpecAnn,0.6083409735974393,1.0,-14308.999999999998,0.0121858119964599,0,True,7,33,True,47,32,2025-11-16 05:58:21
ba_64_1_8.txt,barabasi_albert_10ins_m20,44,SpecAnn,0.6147786234942719,1.0,-14308.999999999998,0.0122857093811035,0,True,7,33,True,48,32,2025-11-16 05:58:21
ba_64_1_8.txt,barabasi_albert_10ins_m20,44,SpecAnn,0.6211495565912796,1.0,-14308.999999999998,0.0122449398040771,0,True,7,33,True,49,32,2025-11-16 05:58:21
ba_64_1_8.txt,barabasi_albert_10ins_m20,44,SpecAnn,0.6274558051381586,1.0,-14308.999999999998,0.0122067928314208,0,True,7,33,True,50,32,2025-11-16 05:58:21
ba_64_1_8.txt,barabasi_albert_10ins_m20,44,SpecAnn,0.6336993002596786,1.0,-14308.999999999998,0.0122778415679931,0,True,7,33,True,51,32,2025-11-16 05:58:21
ba_64_1_8.txt,barabasi_albert_10ins_m20,44,SpecAnn,0.6398818788633085,1.0,-14308.999999999998,0.0123267173767089,0,True,7,33,True,52,32,2025-11-16 05:58:21
ba_64_1_8.txt,barabasi_albert_10ins_m20,44,SpecAnn,0.6460052899517691,1.0,-14308.999999999998,0.0125050544738769,0,True,7,33,True,53,32,2025-11-16 05:58:21
ba_64_1_8.txt,barabasi_albert_10ins_m20,44,SpecAnn,0.6520712004019966,1.0,-14359.000000000002,0.0125164985656738,0,True,7,33,True,54,32,2025-11-16 05:58:21
ba_64_1_8.txt,barabasi_albert_10ins_m20,44,SpecAnn,0.6580812002646271,1.0,-14359.000000000002,0.0124084949493408,0,True,7,33,True,55,32,2025-11-16 05:58:21
ba_64_1_8.txt,barabasi_albert_10ins_m20,44,SpecAnn,0.6640368076317485,1.0,-14359.000000000002,0.0124115943908691,0,True,7,33,True,56,32,2025-11-16 05:58:21
ba_64_1_8.txt,barabasi_albert_10ins_m20,44,SpecAnn,0.6699394731151429,1.0,-14359.000000000002,0.0121443271636962,0,True,7,33,True,57,32,2025-11-16 05:58:21
ba_64_1_8.txt,barabasi_albert_10ins_m20,44,SpecAnn,0.6757905839724513,1.0,-14359.000000000002,0.0122098922729492,0,True,7,33,True,58,32,2025-11-16 05:58:21
ba_64_1_8.txt,barabasi_albert_10ins_m20,44,SpecAnn,0.6815914679145113,1.0,-14359.000000000002,0.0122392177581787,0,True,7,33,True,59,32,2025-11-16 05:58:21
ba_64_1_8.txt,barabasi_albert_10ins_m20,44,SpecAnn,0.6873433966234707,1.0,-14359.000000000002,0.0123546123504638,0,True,7,33,True,60,32,2025-11-16 05:58:21
ba_64_1_8.txt,barabasi_albert_10ins_m20,44,SpecAnn,0.6930475890080863,1.0,-14359.000000000002,0.012258768081665,0,True,7,33,True,61,32,2025-11-16 05:58:21
ba_64_1_8.txt,barabasi_albert_10ins_m20,44,SpecAnn,0.6987052142198116,1.0,-14359.000000000002,0.012134313583374,0,True,7,33,True,62,32,2025-11-16 05:58:21
ba_64_1_8.txt,barabasi_albert_10ins_m20,44,SpecAnn,0.7043173944508145,1.0,-14359.000000000002,0.0121662616729736,0,True,7,33,True,63,32,2025-11-16 05:58:21
ba_64_1_8.txt,barabasi_albert_10ins_m20,44,SpecAnn,0.709885207532891,1.0,-14359.000000000002,0.0121622085571289,0,True,7,33,True,64,32,2025-11-16 05:58:21
ba_64_1_8.txt,barabasi_albert_10ins_m20,44,SpecAnn,0.7154096893543218,1.0,-14359.000000000002,0.0120899677276611,0,True,7,33,True,65,32,2025-11-16 05:58:21
ba_64_1_8.txt,barabasi_albert_10ins_m20,44,SpecAnn,0.7208918361100219,1.0,-14359.000000000002,0.0121629238128662,0,True,7,33,True,66,32,2025-11-16 05:58:21
ba_64_1_8.txt,barabasi_albert_10ins_m20,44,SpecAnn,0.7263326063988248,1.0,-14359.000000000002,0.0122380256652832,0,True,7,33,True,67,32,2025-11-16 05:58:21
ba_64_1_8.txt,barabasi_albert_10ins_m20,44,SpecAnn,0.7317329231804058,1.0,-14359.000000000002,0.0121614933013916,0,True,7,33,True,68,32,2025-11-16 05:58:21
ba_64_1_8.txt,barabasi_albert_10ins_m20,44,SpecAnn,0.7370936756031579,1.0,-14359.000000000002,0.0121030807495117,0,True,7,33,True,69,32,2025-11-16 05:58:21
ba_64_1_8.txt,barabasi_albert_10ins_m20,44,SpecAnn,0.7424157207132704,1.0,-14359.000000000002,0.0122120380401611,0,True,7,33,True,70,32,2025-11-16 05:58:21
ba_64_1_8.txt,barabasi_albert_10ins_m20,44,SpecAnn,0.7476998850543153,1.0,-14359.000000000002,0.0121405124664306,0,True,7,33,True,71,32,2025-11-16 05:58:21
ba_64_1_8.txt,barabasi_albert_10ins_m20,44,SpecAnn,0.7529469661657903,1.0,-14359.000000000002,0.0122756958007812,0,True,7,33,True,72,32,2025-11-16 05:58:21
ba_64_1_8.txt,barabasi_albert_10ins_m20,44,SpecAnn,0.7581577339883167,1.0,-14359.000000000002,0.01220703125,0,True,7,33,True,73,32,2025-11-16 05:58:21
ba_64_1_8.txt,barabasi_albert_10ins_m20,44,SpecAnn,0.7633329321824984,1.0,-14359.000000000002,0.0121843814849853,0,True,7,33,True,74,32,2025-11-16 05:58:21
ba_64_1_8.txt,barabasi_albert_10ins_m20,44,SpecAnn,0.7684732793678399,1.0,-14359.000000000002,0.0121738910675048,0,True,7,33,True,75,32,2025-11-16 05:58:21
ba_64_1_8.txt,barabasi_albert_10ins_m20,44,SpecAnn,0.7735794702875677,1.0,-14359.000000000002,0.0121278762817382,0,True,7,33,True,76,32,2025-11-16 05:58:21
ba_64_1_8.txt,barabasi_albert_10ins_m20,44,SpecAnn,0.7786521769046981,1.0,-14359.000000000002,0.0121512413024902,0,True,7,33,True,77,32,2025-11-16 05:58:21
ba_64_1_8.txt,barabasi_albert_10ins_m20,44,SpecAnn,0.7836920494342511,1.0,-14359.000000000002,0.0121796131134033,0,True,7,33,True,78,32,2025-11-16 05:58:21
ba_64_1_8.txt,barabasi_albert_10ins_m20,44,SpecAnn,0.788699717316095,1.0,-14359.000000000002,0.0121927261352539,0,True,7,33,True,79,32,2025-11-16 05:58:21
ba_64_1_8.txt,barabasi_albert_10ins_m20,44,SpecAnn,0.7936757901325451,1.0,-14359.000000000002,0.0122022628784179,0,True,7,33,True,80,32,2025-11-16 05:58:21
ba_64_1_8.txt,barabasi_albert_10ins_m20,44,SpecAnn,0.7986208584745024,1.0,-14359.000000000002,0.0121729373931884,0,True,7,33,True,81,32,2025-11-16 05:58:21
ba_64_1_8.txt,barabasi_albert_10ins_m20,44,SpecAnn,0.803535494759617,1.0,-14359.000000000002,0.0121219158172607,0,True,7,33,True,82,32,2025-11-16 05:58:21
ba_64_1_8.txt,barabasi_albert_10ins_m20,44,SpecAnn,0.8084202540056837,1.0,-14359.000000000002,0.0121181011199951,0,True,7,33,True,83,32,2025-11-16 05:58:21
ba_64_1_8.txt,barabasi_albert_10ins_m20,44,SpecAnn,0.8132756745622272,1.0,-14359.000000000002,0.0122504234313964,0,True,7,33,True,84,32,2025-11-16 05:58:21
ba_64_1_8.txt,barabasi_albert_10ins_m20,44,SpecAnn,0.8181022788030096,1.0,-14359.000000000002,0.0121998786926269,0,True,7,33,True,85,32,2025-11-16 05:58:21
ba_64_1_8.txt,barabasi_albert_10ins_m20,44,SpecAnn,0.822900573781978,1.0,-14359.000000000002,0.0123257637023925,0,True,7,33,True,86,32,2025-11-16 05:58:21
ba_64_1_8.txt,barabasi_albert_10ins_m20,44,SpecAnn,0.8276710518549868,1.0,-14359.000000000002,0.0121846199035644,0,True,7,33,True,87,32,2025-11-16 05:58:21
ba_64_1_8.txt,barabasi_albert_10ins_m20,44,SpecAnn,0.8324141912694495,1.0,-14359.000000000002,0.012200117111206,0,True,7,33,True,88,32,2025-11-16 05:58:21
ba_64_1_8.txt,barabasi_albert_10ins_m20,44,SpecAnn,0.8371304567239225,1.0,-14359.000000000002,0.0121996402740478,0,True,7,33,True,89,32,2025-11-16 05:58:21
ba_64_1_8.txt,barabasi_albert_10ins_m20,44,SpecAnn,0.8418202998994706,1.0,-14359.000000000002,0.0121533870697021,0,True,7,33,True,90,32,2025-11-16 05:58:21
ba_64_1_8.txt,barabasi_albert_10ins_m20,44,SpecAnn,0.846484159964536,1.0,-14359.000000000002,0.012192964553833,0,True,7,33,True,91,32,2025-11-16 05:58:21
ba_64_1_8.txt,barabasi_albert_10ins_m20,44,SpecAnn,0.8511224640549078,1.0,-14359.000000000002,0.0122334957122802,0,True,7,33,True,92,32,2025-11-16 05:58:21
ba_64_1_8.txt,barabasi_albert_10ins_m20,44,SpecAnn,0.8557356277302758,1.0,-14359.000000000002,0.0123791694641113,0,True,7,33,True,93,32,2025-11-16 05:58:21
ba_64_1_8.txt,barabasi_albert_10ins_m20,44,SpecAnn,0.8603240554087516,1.0,-14359.000000000002,0.0123801231384277,0,True,7,33,True,94,32,2025-11-16 05:58:21
ba_64_1_8.txt,barabasi_albert_10ins_m20,44,SpecAnn,0.86488814078064,1.0,-14359.000000000002,0.0123775005340576,0,True,7,33,True,95,32,2025-11-16 05:58:21
ba_64_1_8.txt,barabasi_albert_10ins_m20,44,SpecAnn,0.8694282672026621,1.0,-14359.000000000002,0.0123732089996337,0,True,7,33,True,96,32,2025-11-16 05:58:21
ba_64_1_8.txt,barabasi_albert_10ins_m20,44,SpecAnn,0.8739448080737451,1.0,-14359.000000000002,0.0123236179351806,0,True,7,33,True,97,32,2025-11-16 05:58:21
ba_64_1_8.txt,barabasi_albert_10ins_m20,44,SpecAnn,0.878438127193422,1.0,-14359.000000000002,0.0121839046478271,0,True,7,33,True,98,32,2025-11-16 05:58:21
ba_64_1_8.txt,barabasi_albert_10ins_m20,44,SpecAnn,0.8829085791038153,1.0,-14359.000000000002,0.0121376514434814,0,True,7,33,True,99,32,2025-11-16 05:58:21
ba_64_1_8.txt,barabasi_albert_10ins_m20,44,SpecAnn,0.8873565094161138,1.0,-14359.000000000002,0.0122816562652587,0,True,7,33,True,100,32,2025-11-16 05:58:21
ba_64_1_8.txt,barabasi_albert_10ins_m20,44,SpecAnn,0.8917822551223932,1.0,-14359.000000000002,0.0122029781341552,0,True,7,33,True,101,32,2025-11-16 05:58:21
ba_64_1_8.txt,barabasi_albert_10ins_m20,44,SpecAnn,0.8961861448935777,1.0,-14359.000000000002,0.0121703147888183,0,True,7,33,True,102,32,2025-11-16 05:58:21
ba_64_1_8.txt,barabasi_albert_10ins_m20,44,SpecAnn,0.9005684993642872,1.0,-14359.000000000002,0.0122337341308593,0,True,7,33,True,103,32,2025-11-16 05:58:21
ba_64_1_8.txt,barabasi_albert_10ins_m20,44,SpecAnn,0.9049296314052688,1.0,-14359.000000000002,0.0121824741363525,0,True,7,33,True,104,32,2025-11-16 05:58:22
ba_64_1_8.txt,barabasi_albert_10ins_m20,44,SpecAnn,0.9092698463840684,1.0,-14359.000000000002,0.0122833251953125,0,True,7,33,True,105,32,2025-11-16 05:58:22
ba_64_1_8.txt,barabasi_albert_10ins_m20,44,SpecAnn,0.9135894424145556,1.0,-14359.000000000002,0.0122628211975097,0,True,7,33,True,106,32,2025-11-16 05:58:22
ba_64_1_8.txt,barabasi_albert_10ins_m20,44,SpecAnn,0.9178887105958816,1.0,-14299.0,0.0122449398040771,0,True,7,33,True,107,32,2025-11-16 05:58:22
ba_64_1_8.txt,barabasi_albert_10ins_m20,44,SpecAnn,0.922167935241408,1.0,-14299.0,0.0123641490936279,0,True,7,33,True,108,32,2025-11-16 05:58:22
ba_64_1_8.txt,barabasi_albert_10ins_m20,44,SpecAnn,0.92642739409812,1.0,-14299.0,0.0122344493865966,0,True,7,33,True,109,32,2025-11-16 05:58:22
ba_64_1_8.txt,barabasi_albert_10ins_m20,44,SpecAnn,0.9306673585570006,1.0,-14299.0,0.0122954845428466,0,True,7,33,True,110,32,2025-11-16 05:58:22
ba_64_1_8.txt,barabasi_albert_10ins_m20,44,SpecAnn,0.9348880938548184,1.0,-14299.0,0.0123305320739746,0,True,7,33,True,111,32,2025-11-16 05:58:22
ba_64_1_8.txt,barabasi_albert_10ins_m20,44,SpecAnn,0.9390898592677528,1.0,-14299.0,0.0121676921844482,0,True,7,33,True,112,32,2025-11-16 05:58:22
ba_64_1_8.txt,barabasi_albert_10ins_m20,44,SpecAnn,0.9432729082972536,1.0,-14299.0,0.0123648643493652,0,True,7,33,True,113,32,2025-11-16 05:58:22
ba_64_1_8.txt,barabasi_albert_10ins_m20,44,SpecAnn,0.9474374888485204,1.0,-14299.0,0.0123412609100341,0,True,7,33,True,114,32,2025-11-16 05:58:22
ba_64_1_8.txt,barabasi_albert_10ins_m20,44,SpecAnn,0.9515838434019476,1.0,-14299.0,0.012376070022583,0,True,7,33,True,115,32,2025-11-16 05:58:22
ba_64_1_8.txt,barabasi_albert_10ins_m20,44,SpecAnn,0.9557122091778746,1.0,-14299.0,0.0124423503875732,0,True,7,33,True,116,32,2025-11-16 05:58:22
ba_64_1_8.txt,barabasi_albert_10ins_m20,44,SpecAnn,0.9598228182949629,1.0,-14299.0,0.0124189853668212,0,True,7,33,True,117,32,2025-11-16 05:58:22
ba_64_1_8.txt,barabasi_albert_10ins_m20,44,SpecAnn,0.963915897922488,1.0,-14299.0,0.012233018875122,0,True,7,33,True,118,32,2025-11-16 05:58:22
ba_64_1_8.txt,barabasi_albert_10ins_m20,44,SpecAnn,0.967991670426842,1.0,-14299.0,0.0122413635253906,0,True,7,33,True,119,32,2025-11-16 05:58:22
ba_64_1_8.txt,barabasi_albert_10ins_m20,44,SpecAnn,0.9720503535125016,1.0,-14299.0,0.012211799621582,0,True,7,33,True,120,32,2025-11-16 05:58:22
ba_64_1_8.txt,barabasi_albert_10ins_m20,44,SpecAnn,0.9760921603577252,1.0,-14359.000000000002,0.0122497081756591,0,True,7,33,True,121,32,2025-11-16 05:58:22
ba_64_1_8.txt,barabasi_albert_10ins_m20,44,SpecAnn,0.9801172997452104,1.0,-14359.000000000002,0.0121519565582275,0,True,7,33,True,122,32,2025-11-16 05:58:22
ba_64_1_8.txt,barabasi_albert_10ins_m20,44,SpecAnn,0.9841259761879442,1.0,-14359.000000000002,0.0121855735778808,0,True,7,33,True,123,32,2025-11-16 05:58:22
ba_64_1_8.txt,barabasi_albert_10ins_m20,44,SpecAnn,0.9881183900504562,1.0,-14359.000000000002,0.0122492313385009,0,True,7,33,True,124,32,2025-11-16 05:58:22
ba_64_1_8.txt,barabasi_albert_10ins_m20,44,SpecAnn,0.9920947376656812,1.0,-14359.000000000002,0.0121393203735351,0,True,7,33,True,125,32,2025-11-16 05:58:22
ba_64_1_8.txt,barabasi_albert_10ins_m20,44,SpecAnn,0.9960552114476228,1.0,-14359.000000000002,0.0122406482696533,0,True,7,33,True,126,32,2025-11-16 05:58:22
ba_64_1_8.txt,barabasi_albert_10ins_m20,44,SpecAnn,1.0,1.0,-14359.000000000002,0.0121283531188964,0,True,7,33,True,127,32,2025-11-16 05:58:22
ba_64_1_8.txt,barabasi_albert_10ins_m20,45,SpecAnn,0.0,1.0,-14359.000000000002,0.0130650997161865,0,True,4,33,True,0,32,2025-11-16 05:58:22
ba_64_1_8.txt,barabasi_albert_10ins_m20,45,SpecAnn,0.0887356509416113,1.0,-14359.000000000002,0.0124640464782714,0,True,4,33,True,1,32,2025-11-16 05:58:22
ba_64_1_8.txt,barabasi_albert_10ins_m20,45,SpecAnn,0.1254911610276317,1.0,-14359.000000000002,0.012378454208374,0,True,4,33,True,2,32,2025-11-16 05:58:22
ba_64_1_8.txt,barabasi_albert_10ins_m20,45,SpecAnn,0.1536946558735679,1.0,-14359.000000000002,0.0123751163482666,0,True,4,33,True,3,32,2025-11-16 05:58:22
ba_64_1_8.txt,barabasi_albert_10ins_m20,45,SpecAnn,0.1774713018832227,1.0,-14359.000000000002,0.0121991634368896,0,True,4,33,True,4,32,2025-11-16 05:58:22
ba_64_1_8.txt,barabasi_albert_10ins_m20,45,SpecAnn,0.1984189475331362,1.0,-14359.000000000002,0.0121161937713623,0,True,4,33,True,5,32,2025-11-16 05:58:22
ba_64_1_8.txt,barabasi_albert_10ins_m20,45,SpecAnn,0.2173570668006655,1.0,-14359.000000000002,0.0121169090270996,0,True,4,33,True,6,32,2025-11-16 05:58:22
ba_64_1_8.txt,barabasi_albert_10ins_m20,45,SpecAnn,0.2347724648169381,1.0,-14359.000000000002,0.0121243000030517,0,True,4,33,True,7,32,2025-11-16 05:58:22
ba_64_1_8.txt,barabasi_albert_10ins_m20,45,SpecAnn,0.2509823220552634,1.0,-14359.000000000002,0.0121946334838867,0,True,4,33,True,8,32,2025-11-16 05:58:22
ba_64_1_8.txt,barabasi_albert_10ins_m20,45,SpecAnn,0.2662069528248341,1.0,-14359.000000000002,0.0122163295745849,0,True,4,33,True,9,32,2025-11-16 05:58:22
ba_64_1_8.txt,barabasi_albert_10ins_m20,45,SpecAnn,0.2806067666331568,1.0,-14359.000000000002,0.0121896266937255,0,True,4,33,True,10,32,2025-11-16 05:58:22
ba_64_1_8.txt,barabasi_albert_10ins_m20,45,SpecAnn,0.2943028597012718,1.0,-14359.000000000002,0.0121357440948486,0,True,4,33,True,11,32,2025-11-16 05:58:22
ba_64_1_8.txt,barabasi_albert_10ins_m20,45,SpecAnn,0.3073893117471359,1.0,-14359.000000000002,0.0122535228729248,0,True,4,33,True,12,32,2025-11-16 05:58:22
ba_64_1_8.txt,barabasi_albert_10ins_m20,45,SpecAnn,0.3199409394316542,1.0,-14359.000000000002,0.0121243000030517,0,True,4,33,True,13,32,2025-11-16 05:58:22
ba_64_1_8.txt,barabasi_albert_10ins_m20,45,SpecAnn,0.3320184038158743,1.0,-14359.000000000002,0.0121276378631591,0,True,4,33,True,14,32,2025-11-16 05:58:22
ba_64_1_8.txt,barabasi_albert_10ins_m20,45,SpecAnn,0.3436716983117353,1.0,-14359.000000000002,0.0122935771942138,0,True,4,33,True,15,32,2025-11-16 05:58:22
ba_64_1_8.txt,barabasi_albert_10ins_m20,45,SpecAnn,0.3549426037664455,1.0,-14359.000000000002,0.012347936630249,0,True,4,33,True,16,32,2025-11-16 05:58:22
ba_64_1_8.txt,barabasi_albert_10ins_m20,45,SpecAnn,0.3658664615902029,1.0,-14359.000000000002,0.0121800899505615,0,True,4,33,True,17,32,2025-11-16 05:58:22
ba_64_1_8.txt,barabasi_albert_10ins_m20,45,SpecAnn,0.3764734830828951,1.0,-14359.000000000002,0.0121867656707763,0,True,4,33,True,18,32,2025-11-16 05:58:22
ba_64_1_8.txt,barabasi_albert_10ins_m20,45,SpecAnn,0.3867897351437838,1.0,-14359.000000000002,0.0121591091156005,0,True,4,33,True,19,32,2025-11-16 05:58:22
ba_64_1_8.txt,barabasi_albert_10ins_m20,45,SpecAnn,0.3968378950662725,1.0,-14359.000000000002,0.0121634006500244,0,True,4,33,True,20,32,2025-11-16 05:58:22
ba_64_1_8.txt,barabasi_albert_10ins_m20,45,SpecAnn,0.4066378372811136,1.0,-14359.000000000002,0.0123324394226074,0,True,4,33,True,21,32,2025-11-16 05:58:22
ba_64_1_8.txt,barabasi_albert_10ins_m20,45,SpecAnn,0.4162070956347247,1.0,-14359.000000000002,0.0121519565582275,0,True,4,33,True,22,32,2025-11-16 05:58:22
ba_64_1_8.txt,barabasi_albert_10ins_m20,45,SpecAnn,0.4255612320274539,1.0,-14359.000000000002,0.012291669845581,0,True,4,33,True,23,32,2025-11-16 05:58:22
ba_64_1_8.txt,barabasi_albert_10ins_m20,45,SpecAnn,0.434714133601331,1.0,-14359.000000000002,0.012202501296997,0,True,4,33,True,24,32,2025-11-16 05:58:22
ba_64_1_8.txt,barabasi_albert_10ins_m20,45,SpecAnn,0.4436782547080569,1.0,-14359.000000000002,0.0122096538543701,0,True,4,33,True,25,32,2025-11-16 05:58:22
ba_64_1_8.txt,barabasi_albert_10ins_m20,45,SpecAnn,0.4524648157026343,1.0,-14359.000000000002,0.0121920108795166,0,True,4,33,True,26,32,2025-11-16 05:58:22
ba_64_1_8.txt,barabasi_albert_10ins_m20,45,SpecAnn,0.4610839676207039,1.0,-14359.000000000002,0.0123877525329589,0,True,4,33,True,27,32,2025-11-16 05:58:22
ba_64_1_8.txt,barabasi_albert_10ins_m20,45,SpecAnn,0.4695449296338763,1.0,-14359.000000000002,0.0123445987701416,0,True,4,33,True,28,32,2025-11-16 05:58:22
ba_64_1_8.txt,barabasi_albert_10ins_m20,45,SpecAnn,0.4778561045889373,1.0,-14359.000000000002,0.0124440193176269,0,True,4,33,True,29,32,2025-11-16 05:58:22
ba_64_1_8.txt,barabasi_albert_10ins_m20,45,SpecAnn,0.4860251767562508,1.0,-14359.000000000002,0.0125668048858642,0,True,4,33,True,30,32,2025-11-16 05:58:22
ba_64_1_8.txt,barabasi_albert_10ins_m20,45,SpecAnn,0.4940591950252281,1.0,-14359.000000000002,0.0123534202575683,0,True,4,33,True,31,32,2025-11-16 05:58:22
ba_64_1_8.txt,barabasi_albert_10ins_m20,45,SpecAnn,0.5019646441105269,1.0,-14359.000000000002,0.0122826099395751,0,True,4,33,True,32,32,2025-11-16 05:58:22
ba_64_1_8.txt,barabasi_albert_10ins_m20,45,SpecAnn,0.5097475058154177,1.0,-14359.000000000002,0.0123910903930664,0,True,4,33,True,33,32,2025-11-16 05:58:22
ba_64_1_8.txt,barabasi_albert_10ins_m20,45,SpecAnn,0.51741331199832,1.0,-14359.000000000002,0.0124189853668212,0,True,4,33,True,34,32,2025-11-16 05:58:22
ba_64_1_8.txt,barabasi_albert_10ins_m20,45,SpecAnn,0.5249671905758515,1.0,-14359.000000000002,0.0124080181121826,0,True,4,33,True,35,32,2025-11-16 05:58:22
ba_64_1_8.txt,barabasi_albert_10ins_m20,45,SpecAnn,0.5324139056496683,1.0,-14359.000000000002,0.0124397277832031,0,True,4,33,True,36,32,2025-11-16 05:58:22
ba_64_1_8.txt,barabasi_albert_10ins_m20,45,SpecAnn,0.5397578926492556,1.0,-14359.000000000002,0.0122873783111572,0,True,4,33,True,37,32,2025-11-16 05:58:22
ba_64_1_8.txt,barabasi_albert_10ins_m20,45,SpecAnn,0.5470032892270364,1.0,-14359.000000000002,0.012209415435791,0,True,4,33,True,38,32,2025-11-16 05:58:22
ba_64_1_8.txt,barabasi_albert_10ins_m20,45,SpecAnn,0.554153962516942,1.0,-14359.000000000002,0.0122430324554443,0,True,4,33,True,39,32,2025-11-16 05:58:22
ba_64_1_8.txt,barabasi_albert_10ins_m20,45,SpecAnn,0.5612135332663137,1.0,-14359.000000000002,0.012253999710083,0,True,4,33,True,40,32,2025-11-16 05:58:22
ba_64_1_8.txt,barabasi_albert_10ins_m20,45,SpecAnn,0.5681853972686127,1.0,-14359.000000000002,0.0123515129089355,0,True,4,33,True,41,32,2025-11-16 05:58:22
ba_64_1_8.txt,barabasi_albert_10ins_m20,45,SpecAnn,0.5750727444570146,1.0,-14359.000000000002,0.0124750137329101,0,True,4,33,True,42,32,2025-11-16 05:58:22
ba_64_1_8.txt,barabasi_albert_10ins_m20,45,SpecAnn,0.5818785759635375,1.0,-14359.000000000002,0.0124526023864746,0,True,4,33,True,43,32,2025-11-16 05:58:22
ba_64_1_8.txt,barabasi_albert_10ins_m20,45,SpecAnn,0.5886057194025436,1.0,-14359.000000000002,0.0124204158782958,0,True,4,33,True,44,32,2025-11-16 05:58:22
ba_64_1_8.txt,barabasi_albert_10ins_m20,45,SpecAnn,0.5952568425994088,1.0,-14359.000000000002,0.0123224258422851,0,True,4,33,True,45,32,2025-11-16 05:58:22
ba_64_1_8.txt,barabasi_albert_10ins_m20,45,SpecAnn,0.6018344659534288,1.0,-14359.000000000002,0.0122902393341064,0,True,4,33,True,46,32,2025-11-16 05:58:22
ba_64_1_8.txt,barabasi_albert_10ins_m20,45,SpecAnn,0.6083409735974393,1.0,-14359.000000000002,0.0122909545898437,0,True,4,33,True,47,32,2025-11-16 05:58:22
ba_64_1_8.txt,barabasi_albert_10ins_m20,45,SpecAnn,0.6147786234942719,1.0,-14359.000000000002,0.0121927261352539,0,True,4,33,True,48,32,2025-11-16 05:58:22
ba_64_1_8.txt,barabasi_albert_10ins_m20,45,SpecAnn,0.6211495565912796,1.0,-14359.000000000002,0.0121984481811523,0,True,4,33,True,49,32,2025-11-16 05:58:22
ba_64_1_8.txt,barabasi_albert_10ins_m20,45,SpecAnn,0.6274558051381586,1.0,-14359.000000000002,0.0121572017669677,0,True,4,33,True,50,32,2025-11-16 05:58:22
ba_64_1_8.txt,barabasi_albert_10ins_m20,45,SpecAnn,0.6336993002596786,1.0,-14359.000000000002,0.0121819972991943,0,True,4,33,True,51,32,2025-11-16 05:58:23
ba_64_1_8.txt,barabasi_albert_10ins_m20,45,SpecAnn,0.6398818788633085,1.0,-14359.000000000002,0.0122408866882324,0,True,4,33,True,52,32,2025-11-16 05:58:23
ba_64_1_8.txt,barabasi_albert_10ins_m20,45,SpecAnn,0.6460052899517691,1.0,-14359.000000000002,0.0121684074401855,0,True,4,33,True,53,32,2025-11-16 05:58:23
ba_64_1_8.txt,barabasi_albert_10ins_m20,45,SpecAnn,0.6520712004019966,1.0,-14359.000000000002,0.0121843814849853,0,True,4,33,True,54,32,2025-11-16 05:58:23
ba_64_1_8.txt,barabasi_albert_10ins_m20,45,SpecAnn,0.6580812002646271,1.0,-14359.000000000002,0.0121808052062988,0,True,4,33,True,55,32,2025-11-16 05:58:23
ba_64_1_8.txt,barabasi_albert_10ins_m20,45,SpecAnn,0.6640368076317485,1.0,-14359.000000000002,0.0121581554412841,0,True,4,33,True,56,32,2025-11-16 05:58:23
ba_64_1_8.txt,barabasi_albert_10ins_m20,45,SpecAnn,0.6699394731151429,1.0,-14359.000000000002,0.0122706890106201,0,True,4,33,True,57,32,2025-11-16 05:58:23
ba_64_1_8.txt,barabasi_albert_10ins_m20,45,SpecAnn,0.6757905839724513,1.0,-14359.000000000002,0.0122780799865722,0,True,4,33,True,58,32,2025-11-16 05:58:23
ba_64_1_8.txt,barabasi_albert_10ins_m20,45,SpecAnn,0.6815914679145113,1.0,-14359.000000000002,0.0121693611145019,0,True,4,33,True,59,32,2025-11-16 05:58:23
ba_64_1_8.txt,barabasi_albert_10ins_m20,45,SpecAnn,0.6873433966234707,1.0,-14359.000000000002,0.0122404098510742,0,True,4,33,True,60,32,2025-11-16 05:58:23
ba_64_1_8.txt,barabasi_albert_10ins_m20,45,SpecAnn,0.6930475890080863,1.0,-14359.000000000002,0.0122768878936767,0,True,4,33,True,61,32,2025-11-16 05:58:23
ba_64_1_8.txt,barabasi_albert_10ins_m20,45,SpecAnn,0.6987052142198116,1.0,-14359.000000000002,0.0124657154083251,0,True,4,33,True,62,32,2025-11-16 05:58:23
ba_64_1_8.txt,barabasi_albert_10ins_m20,45,SpecAnn,0.7043173944508145,1.0,-14359.000000000002,0.0123953819274902,0,True,4,33,True,63,32,2025-11-16 05:58:23
ba_64_1_8.txt,barabasi_albert_10ins_m20,45,SpecAnn,0.709885207532891,1.0,-14359.000000000002,0.0124120712280273,0,True,4,33,True,64,32,2025-11-16 05:58:23
ba_64_1_8.txt,barabasi_albert_10ins_m20,45,SpecAnn,0.7154096893543218,1.0,-14359.000000000002,0.0122542381286621,0,True,4,33,True,65,32,2025-11-16 05:58:23
ba_64_1_8.txt,barabasi_albert_10ins_m20,45,SpecAnn,0.7208918361100219,1.0,-14359.000000000002,0.0121545791625976,0,True,4,33,True,66,32,2025-11-16 05:58:23
ba_64_1_8.txt,barabasi_albert_10ins_m20,45,SpecAnn,0.7263326063988248,1.0,-14359.000000000002,0.0122058391571044,0,True,4,33,True,67,32,2025-11-16 05:58:23
ba_64_1_8.txt,barabasi_albert_10ins_m20,45,SpecAnn,0.7317329231804058,1.0,-14359.000000000002,0.0121827125549316,0,True,4,33,True,68,32,2025-11-16 05:58:23
ba_64_1_8.txt,barabasi_albert_10ins_m20,45,SpecAnn,0.7370936756031579,1.0,-14359.000000000002,0.0121243000030517,0,True,4,33,True,69,32,2025-11-16 05:58:23
ba_64_1_8.txt,barabasi_albert_10ins_m20,45,SpecAnn,0.7424157207132704,1.0,-14359.000000000002,0.0122175216674804,0,True,4,33,True,70,32,2025-11-16 05:58:23
ba_64_1_8.txt,barabasi_albert_10ins_m20,45,SpecAnn,0.7476998850543153,1.0,-14359.000000000002,0.0121674537658691,0,True,4,33,True,71,32,2025-11-16 05:58:23
ba_64_1_8.txt,barabasi_albert_10ins_m20,45,SpecAnn,0.7529469661657903,1.0,-14359.000000000002,0.0122523307800292,0,True,4,33,True,72,32,2025-11-16 05:58:23
ba_64_1_8.txt,barabasi_albert_10ins_m20,45,SpecAnn,0.7581577339883167,1.0,-14359.000000000002,0.0121831893920898,0,True,4,33,True,73,32,2025-11-16 05:58:23
ba_64_1_8.txt,barabasi_albert_10ins_m20,45,SpecAnn,0.7633329321824984,1.0,-14359.000000000002,0.0121848583221435,0,True,4,33,True,74,32,2025-11-16 05:58:23
ba_64_1_8.txt,barabasi_albert_10ins_m20,45,SpecAnn,0.7684732793678399,1.0,-14359.000000000002,0.0121333599090576,0,True,4,33,True,75,32,2025-11-16 05:58:23
ba_64_1_8.txt,barabasi_albert_10ins_m20,45,SpecAnn,0.7735794702875677,1.0,-14359.000000000002,0.012143850326538,0,True,4,33,True,76,32,2025-11-16 05:58:23
ba_64_1_8.txt,barabasi_albert_10ins_m20,45,SpecAnn,0.7786521769046981,1.0,-14359.000000000002,0.012211799621582,0,True,4,33,True,77,32,2025-11-16 05:58:23
ba_64_1_8.txt,barabasi_albert_10ins_m20,45,SpecAnn,0.7836920494342511,1.0,-14359.000000000002,0.0121963024139404,0,True,4,33,True,78,32,2025-11-16 05:58:23
ba_64_1_8.txt,barabasi_albert_10ins_m20,45,SpecAnn,0.788699717316095,1.0,-14359.000000000002,0.0121781826019287,0,True,4,33,True,79,32,2025-11-16 05:58:23
ba_64_1_8.txt,barabasi_albert_10ins_m20,45,SpecAnn,0.7936757901325451,1.0,-14359.000000000002,0.0122420787811279,0,True,4,33,True,80,32,2025-11-16 05:58:23
ba_64_1_8.txt,barabasi_albert_10ins_m20,45,SpecAnn,0.7986208584745024,1.0,-14359.000000000002,0.0122714042663574,0,True,4,33,True,81,32,2025-11-16 05:58:23
ba_64_1_8.txt,barabasi_albert_10ins_m20,45,SpecAnn,0.803535494759617,1.0,-14359.000000000002,0.0124268531799316,0,True,4,33,True,82,32,2025-11-16 05:58:23
ba_64_1_8.txt,barabasi_albert_10ins_m20,45,SpecAnn,0.8084202540056837,1.0,-14359.000000000002,0.0123763084411621,0,True,4,33,True,83,32,2025-11-16 05:58:23
ba_64_1_8.txt,barabasi_albert_10ins_m20,45,SpecAnn,0.8132756745622272,1.0,-14359.000000000002,0.0123729705810546,0,True,4,33,True,84,32,2025-11-16 05:58:23
ba_64_1_8.txt,barabasi_albert_10ins_m20,45,SpecAnn,0.8181022788030096,1.0,-14359.000000000002,0.0121569633483886,0,True,4,33,True,85,32,2025-11-16 05:58:23
ba_64_1_8.txt,barabasi_albert_10ins_m20,45,SpecAnn,0.822900573781978,1.0,-14359.000000000002,0.012369155883789,0,True,4,33,True,86,32,2025-11-16 05:58:23
ba_64_1_8.txt,barabasi_albert_10ins_m20,45,SpecAnn,0.8276710518549868,1.0,-14359.000000000002,0.0123531818389892,0,True,4,33,True,87,32,2025-11-16 05:58:23
ba_64_1_8.txt,barabasi_albert_10ins_m20,45,SpecAnn,0.8324141912694495,1.0,-14359.000000000002,0.0124611854553222,0,True,4,33,True,88,32,2025-11-16 05:58:23
ba_64_1_8.txt,barabasi_albert_10ins_m20,45,SpecAnn,0.8371304567239225,1.0,-14359.000000000002,0.0124347209930419,0,True,4,33,True,89,32,2025-11-16 05:58:23
ba_64_1_8.txt,barabasi_albert_10ins_m20,45,SpecAnn,0.8418202998994706,1.0,-14359.000000000002,0.0123915672302246,0,True,4,33,True,90,32,2025-11-16 05:58:23
ba_64_1_8.txt,barabasi_albert_10ins_m20,45,SpecAnn,0.846484159964536,1.0,-14359.000000000002,0.0123624801635742,0,True,4,33,True,91,32,2025-11-16 05:58:23
ba_64_1_8.txt,barabasi_albert_10ins_m20,45,SpecAnn,0.8511224640549078,1.0,-14359.000000000002,0.0123665332794189,0,True,4,33,True,92,32,2025-11-16 05:58:23
ba_64_1_8.txt,barabasi_albert_10ins_m20,45,SpecAnn,0.8557356277302758,1.0,-14359.000000000002,0.0122601985931396,0,True,4,33,True,93,32,2025-11-16 05:58:23
ba_64_1_8.txt,barabasi_albert_10ins_m20,45,SpecAnn,0.8603240554087516,1.0,-14359.000000000002,0.0121872425079345,0,True,4,33,True,94,32,2025-11-16 05:58:23
ba_64_1_8.txt,barabasi_albert_10ins_m20,45,SpecAnn,0.86488814078064,1.0,-14359.000000000002,0.0121445655822753,0,True,4,33,True,95,32,2025-11-16 05:58:23
ba_64_1_8.txt,barabasi_albert_10ins_m20,45,SpecAnn,0.8694282672026621,1.0,-14359.000000000002,0.0123004913330078,0,True,4,33,True,96,32,2025-11-16 05:58:23
ba_64_1_8.txt,barabasi_albert_10ins_m20,45,SpecAnn,0.8739448080737451,1.0,-14359.000000000002,0.0123426914215087,0,True,4,33,True,97,32,2025-11-16 05:58:23
ba_64_1_8.txt,barabasi_albert_10ins_m20,45,SpecAnn,0.878438127193422,1.0,-14359.000000000002,0.0123572349548339,0,True,4,33,True,98,32,2025-11-16 05:58:23
ba_64_1_8.txt,barabasi_albert_10ins_m20,45,SpecAnn,0.8829085791038153,1.0,-14359.000000000002,0.0123291015625,0,True,4,33,True,99,32,2025-11-16 05:58:23
ba_64_1_8.txt,barabasi_albert_10ins_m20,45,SpecAnn,0.8873565094161138,1.0,-14359.000000000002,0.0124211311340332,0,True,4,33,True,100,32,2025-11-16 05:58:23
ba_64_1_8.txt,barabasi_albert_10ins_m20,45,SpecAnn,0.8917822551223932,1.0,-14359.000000000002,0.0122959613800048,0,True,4,33,True,101,32,2025-11-16 05:58:23
ba_64_1_8.txt,barabasi_albert_10ins_m20,45,SpecAnn,0.8961861448935777,1.0,-14359.000000000002,0.0123219490051269,0,True,4,33,True,102,32,2025-11-16 05:58:23
ba_64_1_8.txt,barabasi_albert_10ins_m20,45,SpecAnn,0.9005684993642872,1.0,-14359.000000000002,0.0121049880981445,0,True,4,33,True,103,32,2025-11-16 05:58:23
ba_64_1_8.txt,barabasi_albert_10ins_m20,45,SpecAnn,0.9049296314052688,1.0,-14359.000000000002,0.012237548828125,0,True,4,33,True,104,32,2025-11-16 05:58:23
ba_64_1_8.txt,barabasi_albert_10ins_m20,45,SpecAnn,0.9092698463840684,1.0,-14359.000000000002,0.0121088027954101,0,True,4,33,True,105,32,2025-11-16 05:58:23
ba_64_1_8.txt,barabasi_albert_10ins_m20,45,SpecAnn,0.9135894424145556,1.0,-14359.000000000002,0.0122051239013671,0,True,4,33,True,106,32,2025-11-16 05:58:23
ba_64_1_8.txt,barabasi_albert_10ins_m20,45,SpecAnn,0.9178887105958816,1.0,-14359.000000000002,0.0121276378631591,0,True,4,33,True,107,32,2025-11-16 05:58:23
ba_64_1_8.txt,barabasi_albert_10ins_m20,45,SpecAnn,0.922167935241408,1.0,-14359.000000000002,0.0121710300445556,0,True,4,33,True,108,32,2025-11-16 05:58:23
ba_64_1_8.txt,barabasi_albert_10ins_m20,45,SpecAnn,0.92642739409812,1.0,-14359.000000000002,0.0121991634368896,0,True,4,33,True,109,32,2025-11-16 05:58:23
ba_64_1_8.txt,barabasi_albert_10ins_m20,45,SpecAnn,0.9306673585570006,1.0,-14359.000000000002,0.0121605396270751,0,True,4,33,True,110,32,2025-11-16 05:58:23
ba_64_1_8.txt,barabasi_albert_10ins_m20,45,SpecAnn,0.9348880938548184,1.0,-14359.000000000002,0.0122830867767333,0,True,4,33,True,111,32,2025-11-16 05:58:23
ba_64_1_8.txt,barabasi_albert_10ins_m20,45,SpecAnn,0.9390898592677528,1.0,-14359.000000000002,0.0122227668762207,0,True,4,33,True,112,32,2025-11-16 05:58:23
ba_64_1_8.txt,barabasi_albert_10ins_m20,45,SpecAnn,0.9432729082972536,1.0,-14359.000000000002,0.0121097564697265,0,True,4,33,True,113,32,2025-11-16 05:58:23
ba_64_1_8.txt,barabasi_albert_10ins_m20,45,SpecAnn,0.9474374888485204,1.0,-14359.000000000002,0.0121340751647949,0,True,4,33,True,114,32,2025-11-16 05:58:23
ba_64_1_8.txt,barabasi_albert_10ins_m20,45,SpecAnn,0.9515838434019476,1.0,-14359.000000000002,0.0122296810150146,0,True,4,33,True,115,32,2025-11-16 05:58:23
ba_64_1_8.txt,barabasi_albert_10ins_m20,45,SpecAnn,0.9557122091778746,1.0,-14359.000000000002,0.0123300552368164,0,True,4,33,True,116,32,2025-11-16 05:58:23
ba_64_1_8.txt,barabasi_albert_10ins_m20,45,SpecAnn,0.9598228182949629,1.0,-14359.000000000002,0.0122210979461669,0,True,4,33,True,117,32,2025-11-16 05:58:23
ba_64_1_8.txt,barabasi_albert_10ins_m20,45,SpecAnn,0.963915897922488,1.0,-14359.000000000002,0.0121204853057861,0,True,4,33,True,118,32,2025-11-16 05:58:23
ba_64_1_8.txt,barabasi_albert_10ins_m20,45,SpecAnn,0.967991670426842,1.0,-14359.000000000002,0.0121684074401855,0,True,4,33,True,119,32,2025-11-16 05:58:23
ba_64_1_8.txt,barabasi_albert_10ins_m20,45,SpecAnn,0.9720503535125016,1.0,-14359.000000000002,0.0121665000915527,0,True,4,33,True,120,32,2025-11-16 05:58:23
ba_64_1_8.txt,barabasi_albert_10ins_m20,45,SpecAnn,0.9760921603577252,1.0,-14359.000000000002,0.012216567993164,0,True,4,33,True,121,32,2025-11-16 05:58:23
ba_64_1_8.txt,barabasi_albert_10ins_m20,45,SpecAnn,0.9801172997452104,1.0,-14359.000000000002,0.0121595859527587,0,True,4,33,True,122,32,2025-11-16 05:58:23
ba_64_1_8.txt,barabasi_albert_10ins_m20,45,SpecAnn,0.9841259761879442,1.0,-14359.000000000002,0.0121881961822509,0,True,4,33,True,123,32,2025-11-16 05:58:23
ba_64_1_8.txt,barabasi_albert_10ins_m20,45,SpecAnn,0.9881183900504562,1.0,-14359.000000000002,0.012373924255371,0,True,4,33,True,124,32,2025-11-16 05:58:23
ba_64_1_8.txt,barabasi_albert_10ins_m20,45,SpecAnn,0.9920947376656812,1.0,-14359.000000000002,0.0124082565307617,0,True,4,33,True,125,32,2025-11-16 05:58:23
ba_64_1_8.txt,barabasi_albert_10ins_m20,45,SpecAnn,0.9960552114476228,1.0,-14359.000000000002,0.0123641490936279,0,True,4,33,True,126,32,2025-11-16 05:58:23
ba_64_1_8.txt,barabasi_albert_10ins_m20,45,SpecAnn,1.0,1.0,-14359.000000000002,0.0121853351593017,0,True,4,33,True,127,32,2025-11-16 05:58:23
ba_64_1_8.txt,barabasi_albert_10ins_m20,46,SpecAnn,0.0,1.0,-14359.000000000002,0.0129919052124023,0,True,5,33,True,0,32,2025-11-16 05:58:24
ba_64_1_8.txt,barabasi_albert_10ins_m20,46,SpecAnn,0.0887356509416113,1.0,-14359.000000000002,0.0122578144073486,0,True,5,33,True,1,32,2025-11-16 05:58:24
ba_64_1_8.txt,barabasi_albert_10ins_m20,46,SpecAnn,0.1254911610276317,1.0,-14359.000000000002,0.0122978687286376,0,True,5,33,True,2,32,2025-11-16 05:58:24
ba_64_1_8.txt,barabasi_albert_10ins_m20,46,SpecAnn,0.1536946558735679,1.0,-14359.000000000002,0.0121681690216064,0,True,5,33,True,3,32,2025-11-16 05:58:24
ba_64_1_8.txt,barabasi_albert_10ins_m20,46,SpecAnn,0.1774713018832227,1.0,-14359.000000000002,0.0122227668762207,0,True,5,33,True,4,32,2025-11-16 05:58:24
ba_64_1_8.txt,barabasi_albert_10ins_m20,46,SpecAnn,0.1984189475331362,1.0,-14359.000000000002,0.0121455192565917,0,True,5,33,True,5,32,2025-11-16 05:58:24
ba_64_1_8.txt,barabasi_albert_10ins_m20,46,SpecAnn,0.2173570668006655,1.0,-14359.000000000002,0.012176513671875,0,True,5,33,True,6,32,2025-11-16 05:58:24
ba_64_1_8.txt,barabasi_albert_10ins_m20,46,SpecAnn,0.2347724648169381,1.0,-14359.000000000002,0.0121827125549316,0,True,5,33,True,7,32,2025-11-16 05:58:24
ba_64_1_8.txt,barabasi_albert_10ins_m20,46,SpecAnn,0.2509823220552634,1.0,-14359.000000000002,0.0121352672576904,0,True,5,33,True,8,32,2025-11-16 05:58:24
ba_64_1_8.txt,barabasi_albert_10ins_m20,46,SpecAnn,0.2662069528248341,1.0,-14359.000000000002,0.0123262405395507,0,True,5,33,True,9,32,2025-11-16 05:58:24
ba_64_1_8.txt,barabasi_albert_10ins_m20,46,SpecAnn,0.2806067666331568,1.0,-14359.000000000002,0.0124695301055908,0,True,5,33,True,10,32,2025-11-16 05:58:24
ba_64_1_8.txt,barabasi_albert_10ins_m20,46,SpecAnn,0.2943028597012718,1.0,-14359.000000000002,0.0123860836029052,0,True,5,33,True,11,32,2025-11-16 05:58:24
ba_64_1_8.txt,barabasi_albert_10ins_m20,46,SpecAnn,0.3073893117471359,1.0,-14359.000000000002,0.0123848915100097,0,True,5,33,True,12,32,2025-11-16 05:58:24
ba_64_1_8.txt,barabasi_albert_10ins_m20,46,SpecAnn,0.3199409394316542,1.0,-14359.000000000002,0.0123567581176757,0,True,5,33,True,13,32,2025-11-16 05:58:24
ba_64_1_8.txt,barabasi_albert_10ins_m20,46,SpecAnn,0.3320184038158743,1.0,-14359.000000000002,0.0124101638793945,0,True,5,33,True,14,32,2025-11-16 05:58:24
ba_64_1_8.txt,barabasi_albert_10ins_m20,46,SpecAnn,0.3436716983117353,1.0,-14359.000000000002,0.0123496055603027,0,True,5,33,True,15,32,2025-11-16 05:58:24
ba_64_1_8.txt,barabasi_albert_10ins_m20,46,SpecAnn,0.3549426037664455,1.0,-14359.000000000002,0.0122954845428466,0,True,5,33,True,16,32,2025-11-16 05:58:24
ba_64_1_8.txt,barabasi_albert_10ins_m20,46,SpecAnn,0.3658664615902029,1.0,-14359.000000000002,0.0122530460357666,0,True,5,33,True,17,32,2025-11-16 05:58:24
ba_64_1_8.txt,barabasi_albert_10ins_m20,46,SpecAnn,0.3764734830828951,1.0,-14359.000000000002,0.0122084617614746,0,True,5,33,True,18,32,2025-11-16 05:58:24
ba_64_1_8.txt,barabasi_albert_10ins_m20,46,SpecAnn,0.3867897351437838,1.0,-14359.000000000002,0.0122585296630859,0,True,5,33,True,19,32,2025-11-16 05:58:24
ba_64_1_8.txt,barabasi_albert_10ins_m20,46,SpecAnn,0.3968378950662725,1.0,-14359.000000000002,0.0122263431549072,0,True,5,33,True,20,32,2025-11-16 05:58:24
ba_64_1_8.txt,barabasi_albert_10ins_m20,46,SpecAnn,0.4066378372811136,1.0,-14359.000000000002,0.0121295452117919,0,True,5,33,True,21,32,2025-11-16 05:58:24
ba_64_1_8.txt,barabasi_albert_10ins_m20,46,SpecAnn,0.4162070956347247,1.0,-14359.000000000002,0.0121092796325683,0,True,5,33,True,22,32,2025-11-16 05:58:24
ba_64_1_8.txt,barabasi_albert_10ins_m20,46,SpecAnn,0.4255612320274539,1.0,-14359.000000000002,0.0122530460357666,0,True,5,33,True,23,32,2025-11-16 05:58:24
ba_64_1_8.txt,barabasi_albert_10ins_m20,46,SpecAnn,0.434714133601331,1.0,-14359.000000000002,0.0121986865997314,0,True,5,33,True,24,32,2025-11-16 05:58:24
ba_64_1_8.txt,barabasi_albert_10ins_m20,46,SpecAnn,0.4436782547080569,1.0,-14359.000000000002,0.0121889114379882,0,True,5,33,True,25,32,2025-11-16 05:58:24
ba_64_1_8.txt,barabasi_albert_10ins_m20,46,SpecAnn,0.4524648157026343,1.0,-14359.000000000002,0.0121810436248779,0,True,5,33,True,26,32,2025-11-16 05:58:24
ba_64_1_8.txt,barabasi_albert_10ins_m20,46,SpecAnn,0.4610839676207039,1.0,-14359.000000000002,0.0122451782226562,0,True,5,33,True,27,32,2025-11-16 05:58:24
ba_64_1_8.txt,barabasi_albert_10ins_m20,46,SpecAnn,0.4695449296338763,1.0,-14359.000000000002,0.012336254119873,0,True,5,33,True,28,32,2025-11-16 05:58:24
ba_64_1_8.txt,barabasi_albert_10ins_m20,46,SpecAnn,0.4778561045889373,1.0,-14359.000000000002,0.0125195980072021,0,True,5,33,True,29,32,2025-11-16 05:58:24
ba_64_1_8.txt,barabasi_albert_10ins_m20,46,SpecAnn,0.4860251767562508,1.0,-14359.000000000002,0.0124080181121826,0,True,5,33,True,30,32,2025-11-16 05:58:24
ba_64_1_8.txt,barabasi_albert_10ins_m20,46,SpecAnn,0.4940591950252281,1.0,-14359.000000000002,0.0123586654663085,0,True,5,33,True,31,32,2025-11-16 05:58:24
ba_64_1_8.txt,barabasi_albert_10ins_m20,46,SpecAnn,0.5019646441105269,1.0,-14359.000000000002,0.0123200416564941,0,True,5,33,True,32,32,2025-11-16 05:58:24
ba_64_1_8.txt,barabasi_albert_10ins_m20,46,SpecAnn,0.5097475058154177,1.0,-14359.000000000002,0.0121607780456542,0,True,5,33,True,33,32,2025-11-16 05:58:24
ba_64_1_8.txt,barabasi_albert_10ins_m20,46,SpecAnn,0.51741331199832,1.0,-14359.000000000002,0.0123343467712402,0,True,5,33,True,34,32,2025-11-16 05:58:24
ba_64_1_8.txt,barabasi_albert_10ins_m20,46,SpecAnn,0.5249671905758515,1.0,-14359.000000000002,0.0122866630554199,0,True,5,33,True,35,32,2025-11-16 05:58:24
ba_64_1_8.txt,barabasi_albert_10ins_m20,46,SpecAnn,0.5324139056496683,1.0,-14359.000000000002,0.0122215747833251,0,True,5,33,True,36,32,2025-11-16 05:58:24
ba_64_1_8.txt,barabasi_albert_10ins_m20,46,SpecAnn,0.5397578926492556,1.0,-14359.000000000002,0.0123534202575683,0,True,5,33,True,37,32,2025-11-16 05:58:24
ba_64_1_8.txt,barabasi_albert_10ins_m20,46,SpecAnn,0.5470032892270364,1.0,-14359.000000000002,0.0122153759002685,0,True,5,33,True,38,32,2025-11-16 05:58:24
ba_64_1_8.txt,barabasi_albert_10ins_m20,46,SpecAnn,0.554153962516942,1.0,-14359.000000000002,0.0122439861297607,0,True,5,33,True,39,32,2025-11-16 05:58:24
ba_64_1_8.txt,barabasi_albert_10ins_m20,46,SpecAnn,0.5612135332663137,1.0,-14359.000000000002,0.0123023986816406,0,True,5,33,True,40,32,2025-11-16 05:58:24
ba_64_1_8.txt,barabasi_albert_10ins_m20,46,SpecAnn,0.5681853972686127,1.0,-14359.000000000002,0.0123507976531982,0,True,5,33,True,41,32,2025-11-16 05:58:24
ba_64_1_8.txt,barabasi_albert_10ins_m20,46,SpecAnn,0.5750727444570146,1.0,-14359.000000000002,0.0122716426849365,0,True,5,33,True,42,32,2025-11-16 05:58:24
ba_64_1_8.txt,barabasi_albert_10ins_m20,46,SpecAnn,0.5818785759635375,1.0,-14359.000000000002,0.0123379230499267,0,True,5,33,True,43,32,2025-11-16 05:58:24
ba_64_1_8.txt,barabasi_albert_10ins_m20,46,SpecAnn,0.5886057194025436,1.0,-14359.000000000002,0.0122323036193847,0,True,5,33,True,44,32,2025-11-16 05:58:24
ba_64_1_8.txt,barabasi_albert_10ins_m20,46,SpecAnn,0.5952568425994088,1.0,-14359.000000000002,0.0123305320739746,0,True,5,33,True,45,32,2025-11-16 05:58:24
ba_64_1_8.txt,barabasi_albert_10ins_m20,46,SpecAnn,0.6018344659534288,1.0,-14359.000000000002,0.0123631954193115,0,True,5,33,True,46,32,2025-11-16 05:58:24
ba_64_1_8.txt,barabasi_albert_10ins_m20,46,SpecAnn,0.6083409735974393,1.0,-14359.000000000002,0.0123846530914306,0,True,5,33,True,47,32,2025-11-16 05:58:24
ba_64_1_8.txt,barabasi_albert_10ins_m20,46,SpecAnn,0.6147786234942719,1.0,-14359.000000000002,0.0124127864837646,0,True,5,33,True,48,32,2025-11-16 05:58:24
ba_64_1_8.txt,barabasi_albert_10ins_m20,46,SpecAnn,0.6211495565912796,1.0,-14359.000000000002,0.0129287242889404,0,True,5,33,True,49,32,2025-11-16 05:58:24
ba_64_1_8.txt,barabasi_albert_10ins_m20,46,SpecAnn,0.6274558051381586,1.0,-14359.000000000002,0.0122723579406738,0,True,5,33,True,50,32,2025-11-16 05:58:24
ba_64_1_8.txt,barabasi_albert_10ins_m20,46,SpecAnn,0.6336993002596786,1.0,-14359.000000000002,0.0122413635253906,0,True,5,33,True,51,32,2025-11-16 05:58:24
ba_64_1_8.txt,barabasi_albert_10ins_m20,46,SpecAnn,0.6398818788633085,1.0,-14359.000000000002,0.0121881961822509,0,True,5,33,True,52,32,2025-11-16 05:58:24
ba_64_1_8.txt,barabasi_albert_10ins_m20,46,SpecAnn,0.6460052899517691,1.0,-14359.000000000002,0.0122406482696533,0,True,5,33,True,53,32,2025-11-16 05:58:24
ba_64_1_8.txt,barabasi_albert_10ins_m20,46,SpecAnn,0.6520712004019966,1.0,-14113.000000000002,0.012216567993164,0,True,5,33,True,54,32,2025-11-16 05:58:24
ba_64_1_8.txt,barabasi_albert_10ins_m20,46,SpecAnn,0.6580812002646271,1.0,-14113.000000000002,0.0122268199920654,0,True,5,33,True,55,32,2025-11-16 05:58:24
ba_64_1_8.txt,barabasi_albert_10ins_m20,46,SpecAnn,0.6640368076317485,1.0,-14113.000000000002,0.0122506618499755,0,True,5,33,True,56,32,2025-11-16 05:58:24
ba_64_1_8.txt,barabasi_albert_10ins_m20,46,SpecAnn,0.6699394731151429,1.0,-14113.000000000002,0.0122184753417968,0,True,5,33,True,57,32,2025-11-16 05:58:24
ba_64_1_8.txt,barabasi_albert_10ins_m20,46,SpecAnn,0.6757905839724513,1.0,-14113.000000000002,0.0122365951538085,0,True,5,33,True,58,32,2025-11-16 05:58:24
ba_64_1_8.txt,barabasi_albert_10ins_m20,46,SpecAnn,0.6815914679145113,1.0,-14113.000000000002,0.0122997760772705,0,True,5,33,True,59,32,2025-11-16 05:58:24
ba_64_1_8.txt,barabasi_albert_10ins_m20,46,SpecAnn,0.6873433966234707,1.0,-14113.000000000002,0.0122547149658203,0,True,5,33,True,60,32,2025-11-16 05:58:24
ba_64_1_8.txt,barabasi_albert_10ins_m20,46,SpecAnn,0.6930475890080863,1.0,-14113.000000000002,0.0121331214904785,0,True,5,33,True,61,32,2025-11-16 05:58:24
ba_64_1_8.txt,barabasi_albert_10ins_m20,46,SpecAnn,0.6987052142198116,1.0,-14113.000000000002,0.0124375820159912,0,True,5,33,True,62,32,2025-11-16 05:58:24
ba_64_1_8.txt,barabasi_albert_10ins_m20,46,SpecAnn,0.7043173944508145,1.0,-14113.000000000002,0.0124008655548095,0,True,5,33,True,63,32,2025-11-16 05:58:24
ba_64_1_8.txt,barabasi_albert_10ins_m20,46,SpecAnn,0.709885207532891,1.0,-14113.000000000002,0.0123922824859619,0,True,5,33,True,64,32,2025-11-16 05:58:24
ba_64_1_8.txt,barabasi_albert_10ins_m20,46,SpecAnn,0.7154096893543218,1.0,-14113.000000000002,0.012352705001831,0,True,5,33,True,65,32,2025-11-16 05:58:24
ba_64_1_8.txt,barabasi_albert_10ins_m20,46,SpecAnn,0.7208918361100219,1.0,-14113.000000000002,0.0121896266937255,0,True,5,33,True,66,32,2025-11-16 05:58:24
ba_64_1_8.txt,barabasi_albert_10ins_m20,46,SpecAnn,0.7263326063988248,1.0,-14113.000000000002,0.0121233463287353,0,True,5,33,True,67,32,2025-11-16 05:58:24
ba_64_1_8.txt,barabasi_albert_10ins_m20,46,SpecAnn,0.7317329231804058,1.0,-14113.000000000002,0.0122859477996826,0,True,5,33,True,68,32,2025-11-16 05:58:24
ba_64_1_8.txt,barabasi_albert_10ins_m20,46,SpecAnn,0.7370936756031579,1.0,-14113.000000000002,0.0122275352478027,0,True,5,33,True,69,32,2025-11-16 05:58:24
ba_64_1_8.txt,barabasi_albert_10ins_m20,46,SpecAnn,0.7424157207132704,1.0,-14113.000000000002,0.0121700763702392,0,True,5,33,True,70,32,2025-11-16 05:58:24
ba_64_1_8.txt,barabasi_albert_10ins_m20,46,SpecAnn,0.7476998850543153,1.0,-14113.000000000002,0.0121750831604003,0,True,5,33,True,71,32,2025-11-16 05:58:24
ba_64_1_8.txt,barabasi_albert_10ins_m20,46,SpecAnn,0.7529469661657903,1.0,-14113.000000000002,0.0124614238739013,0,True,5,33,True,72,32,2025-11-16 05:58:24
ba_64_1_8.txt,barabasi_albert_10ins_m20,46,SpecAnn,0.7581577339883167,1.0,-14113.000000000002,0.0124049186706542,0,True,5,33,True,73,32,2025-11-16 05:58:24
ba_64_1_8.txt,barabasi_albert_10ins_m20,46,SpecAnn,0.7633329321824984,1.0,-14113.000000000002,0.0124175548553466,0,True,5,33,True,74,32,2025-11-16 05:58:24
ba_64_1_8.txt,barabasi_albert_10ins_m20,46,SpecAnn,0.7684732793678399,1.0,-14113.000000000002,0.0124251842498779,0,True,5,33,True,75,32,2025-11-16 05:58:24
ba_64_1_8.txt,barabasi_albert_10ins_m20,46,SpecAnn,0.7735794702875677,1.0,-14113.000000000002,0.0122549533843994,0,True,5,33,True,76,32,2025-11-16 05:58:24
ba_64_1_8.txt,barabasi_albert_10ins_m20,46,SpecAnn,0.7786521769046981,1.0,-14113.000000000002,0.0121910572052001,0,True,5,33,True,77,32,2025-11-16 05:58:24
ba_64_1_8.txt,barabasi_albert_10ins_m20,46,SpecAnn,0.7836920494342511,1.0,-14113.000000000002,0.0122408866882324,0,True,5,33,True,78,32,2025-11-16 05:58:24
ba_64_1_8.txt,barabasi_albert_10ins_m20,46,SpecAnn,0.788699717316095,1.0,-14113.000000000002,0.012176513671875,0,True,5,33,True,79,32,2025-11-16 05:58:24
ba_64_1_8.txt,barabasi_albert_10ins_m20,46,SpecAnn,0.7936757901325451,1.0,-14113.000000000002,0.0122499465942382,0,True,5,33,True,80,32,2025-11-16 05:58:25
ba_64_1_8.txt,barabasi_albert_10ins_m20,46,SpecAnn,0.7986208584745024,1.0,-14113.000000000002,0.01220703125,0,True,5,33,True,81,32,2025-11-16 05:58:25
ba_64_1_8.txt,barabasi_albert_10ins_m20,46,SpecAnn,0.803535494759617,1.0,-14113.000000000002,0.0121686458587646,0,True,5,33,True,82,32,2025-11-16 05:58:25
ba_64_1_8.txt,barabasi_albert_10ins_m20,46,SpecAnn,0.8084202540056837,1.0,-14113.000000000002,0.0122206211090087,0,True,5,33,True,83,32,2025-11-16 05:58:25
ba_64_1_8.txt,barabasi_albert_10ins_m20,46,SpecAnn,0.8132756745622272,1.0,-14113.000000000002,0.0123407840728759,0,True,5,33,True,84,32,2025-11-16 05:58:25
ba_64_1_8.txt,barabasi_albert_10ins_m20,46,SpecAnn,0.8181022788030096,1.0,-14113.000000000002,0.0122888088226318,0,True,5,33,True,85,32,2025-11-16 05:58:25
ba_64_1_8.txt,barabasi_albert_10ins_m20,46,SpecAnn,0.822900573781978,1.0,-14113.000000000002,0.0122632980346679,0,True,5,33,True,86,32,2025-11-16 05:58:25
ba_64_1_8.txt,barabasi_albert_10ins_m20,46,SpecAnn,0.8276710518549868,1.0,-14113.000000000002,0.0121870040893554,0,True,5,33,True,87,32,2025-11-16 05:58:25
ba_64_1_8.txt,barabasi_albert_10ins_m20,46,SpecAnn,0.8324141912694495,1.0,-14113.000000000002,0.0122017860412597,0,True,5,33,True,88,32,2025-11-16 05:58:25
ba_64_1_8.txt,barabasi_albert_10ins_m20,46,SpecAnn,0.8371304567239225,1.0,-14113.000000000002,0.0123050212860107,0,True,5,33,True,89,32,2025-11-16 05:58:25
ba_64_1_8.txt,barabasi_albert_10ins_m20,46,SpecAnn,0.8418202998994706,1.0,-14113.000000000002,0.0122475624084472,0,True,5,33,True,90,32,2025-11-16 05:58:25
ba_64_1_8.txt,barabasi_albert_10ins_m20,46,SpecAnn,0.846484159964536,1.0,-14113.000000000002,0.0122809410095214,0,True,5,33,True,91,32,2025-11-16 05:58:25
ba_64_1_8.txt,barabasi_albert_10ins_m20,46,SpecAnn,0.8511224640549078,1.0,-14113.000000000002,0.0125091075897216,0,True,5,33,True,92,32,2025-11-16 05:58:25
ba_64_1_8.txt,barabasi_albert_10ins_m20,46,SpecAnn,0.8557356277302758,1.0,-14113.000000000002,0.0124294757843017,0,True,5,33,True,93,32,2025-11-16 05:58:25
ba_64_1_8.txt,barabasi_albert_10ins_m20,46,SpecAnn,0.8603240554087516,1.0,-14113.000000000002,0.0124440193176269,0,True,5,33,True,94,32,2025-11-16 05:58:25
ba_64_1_8.txt,barabasi_albert_10ins_m20,46,SpecAnn,0.86488814078064,1.0,-14113.000000000002,0.0123491287231445,0,True,5,33,True,95,32,2025-11-16 05:58:25
ba_64_1_8.txt,barabasi_albert_10ins_m20,46,SpecAnn,0.8694282672026621,1.0,-14113.000000000002,0.0122315883636474,0,True,5,33,True,96,32,2025-11-16 05:58:25
ba_64_1_8.txt,barabasi_albert_10ins_m20,46,SpecAnn,0.8739448080737451,1.0,-14113.000000000002,0.0122270584106445,0,True,5,33,True,97,32,2025-11-16 05:58:25
ba_64_1_8.txt,barabasi_albert_10ins_m20,46,SpecAnn,0.878438127193422,1.0,-14113.000000000002,0.0122120380401611,0,True,5,33,True,98,32,2025-11-16 05:58:25
ba_64_1_8.txt,barabasi_albert_10ins_m20,46,SpecAnn,0.8829085791038153,1.0,-14113.000000000002,0.012317419052124,0,True,5,33,True,99,32,2025-11-16 05:58:25
ba_64_1_8.txt,barabasi_albert_10ins_m20,46,SpecAnn,0.8873565094161138,1.0,-14113.000000000002,0.0123231410980224,0,True,5,33,True,100,32,2025-11-16 05:58:25
ba_64_1_8.txt,barabasi_albert_10ins_m20,46,SpecAnn,0.8917822551223932,1.0,-14113.000000000002,0.0122227668762207,0,True,5,33,True,101,32,2025-11-16 05:58:25
ba_64_1_8.txt,barabasi_albert_10ins_m20,46,SpecAnn,0.8961861448935777,1.0,-14113.000000000002,0.0122890472412109,0,True,5,33,True,102,32,2025-11-16 05:58:25
ba_64_1_8.txt,barabasi_albert_10ins_m20,46,SpecAnn,0.9005684993642872,1.0,-14113.000000000002,0.0122008323669433,0,True,5,33,True,103,32,2025-11-16 05:58:25
ba_64_1_8.txt,barabasi_albert_10ins_m20,46,SpecAnn,0.9049296314052688,1.0,-14113.000000000002,0.0122327804565429,0,True,5,33,True,104,32,2025-11-16 05:58:25
ba_64_1_8.txt,barabasi_albert_10ins_m20,46,SpecAnn,0.9092698463840684,1.0,-14113.000000000002,0.0122795104980468,0,True,5,33,True,105,32,2025-11-16 05:58:25
ba_64_1_8.txt,barabasi_albert_10ins_m20,46,SpecAnn,0.9135894424145556,1.0,-14113.000000000002,0.0123229026794433,0,True,5,33,True,106,32,2025-11-16 05:58:25
ba_64_1_8.txt,barabasi_albert_10ins_m20,46,SpecAnn,0.9178887105958816,1.0,-14113.000000000002,0.0122814178466796,0,True,5,33,True,107,32,2025-11-16 05:58:25
ba_64_1_8.txt,barabasi_albert_10ins_m20,46,SpecAnn,0.922167935241408,1.0,-14113.000000000002,0.012357473373413,0,True,5,33,True,108,32,2025-11-16 05:58:25
ba_64_1_8.txt,barabasi_albert_10ins_m20,46,SpecAnn,0.92642739409812,1.0,-14113.000000000002,0.0124380588531494,0,True,5,33,True,109,32,2025-11-16 05:58:25
ba_64_1_8.txt,barabasi_albert_10ins_m20,46,SpecAnn,0.9306673585570006,1.0,-14113.000000000002,0.0126330852508544,0,True,5,33,True,110,32,2025-11-16 05:58:25
ba_64_1_8.txt,barabasi_albert_10ins_m20,46,SpecAnn,0.9348880938548184,1.0,-14113.000000000002,0.0126643180847167,0,True,5,33,True,111,32,2025-11-16 05:58:25
ba_64_1_8.txt,barabasi_albert_10ins_m20,46,SpecAnn,0.9390898592677528,1.0,-14113.000000000002,0.0125660896301269,0,True,5,33,True,112,32,2025-11-16 05:58:25
ba_64_1_8.txt,barabasi_albert_10ins_m20,46,SpecAnn,0.9432729082972536,1.0,-14113.000000000002,0.0124561786651611,0,True,5,33,True,113,32,2025-11-16 05:58:25
ba_64_1_8.txt,barabasi_albert_10ins_m20,46,SpecAnn,0.9474374888485204,1.0,-14113.000000000002,0.0123746395111083,0,True,5,33,True,114,32,2025-11-16 05:58:25
ba_64_1_8.txt,barabasi_albert_10ins_m20,46,SpecAnn,0.9515838434019476,1.0,-14113.000000000002,0.0122966766357421,0,True,5,33,True,115,32,2025-11-16 05:58:25
ba_64_1_8.txt,barabasi_albert_10ins_m20,46,SpecAnn,0.9557122091778746,1.0,-14113.000000000002,0.0124063491821289,0,True,5,33,True,116,32,2025-11-16 05:58:25
ba_64_1_8.txt,barabasi_albert_10ins_m20,46,SpecAnn,0.9598228182949629,1.0,-14113.000000000002,0.0123476982116699,0,True,5,33,True,117,32,2025-11-16 05:58:25
ba_64_1_8.txt,barabasi_albert_10ins_m20,46,SpecAnn,0.963915897922488,1.0,-14113.000000000002,0.0124030113220214,0,True,5,33,True,118,32,2025-11-16 05:58:25
ba_64_1_8.txt,barabasi_albert_10ins_m20,46,SpecAnn,0.967991670426842,1.0,-14113.000000000002,0.0123145580291748,0,True,5,33,True,119,32,2025-11-16 05:58:25
ba_64_1_8.txt,barabasi_albert_10ins_m20,46,SpecAnn,0.9720503535125016,1.0,-14113.000000000002,0.0122981071472167,0,True,5,33,True,120,32,2025-11-16 05:58:25
ba_64_1_8.txt,barabasi_albert_10ins_m20,46,SpecAnn,0.9760921603577252,1.0,-14359.000000000002,0.0123119354248046,0,True,5,33,True,121,32,2025-11-16 05:58:25
ba_64_1_8.txt,barabasi_albert_10ins_m20,46,SpecAnn,0.9801172997452104,1.0,-14359.000000000002,0.0122814178466796,0,True,5,33,True,122,32,2025-11-16 05:58:25
ba_64_1_8.txt,barabasi_albert_10ins_m20,46,SpecAnn,0.9841259761879442,1.0,-14359.000000000002,0.012362003326416,0,True,5,33,True,123,32,2025-11-16 05:58:25
ba_64_1_8.txt,barabasi_albert_10ins_m20,46,SpecAnn,0.9881183900504562,1.0,-14359.000000000002,0.0123260021209716,0,True,5,33,True,124,32,2025-11-16 05:58:25
ba_64_1_8.txt,barabasi_albert_10ins_m20,46,SpecAnn,0.9920947376656812,1.0,-14359.000000000002,0.0123164653778076,0,True,5,33,True,125,32,2025-11-16 05:58:25
ba_64_1_8.txt,barabasi_albert_10ins_m20,46,SpecAnn,0.9960552114476228,1.0,-14359.000000000002,0.012218952178955,0,True,5,33,True,126,32,2025-11-16 05:58:25
ba_64_1_8.txt,barabasi_albert_10ins_m20,46,SpecAnn,1.0,1.0,-14359.000000000002,0.0123887062072753,0,True,5,33,True,127,32,2025-11-16 05:58:25
ba_64_1_8.txt,barabasi_albert_10ins_m20,47,SpecAnn,0.0,1.0,-14359.000000000002,0.0128924846649169,0,True,7,33,True,0,32,2025-11-16 05:58:25
ba_64_1_8.txt,barabasi_albert_10ins_m20,47,SpecAnn,0.0887356509416113,1.0,-14359.000000000002,0.0125744342803955,0,True,7,33,True,1,32,2025-11-16 05:58:25
ba_64_1_8.txt,barabasi_albert_10ins_m20,47,SpecAnn,0.1254911610276317,1.0,-14359.000000000002,0.0124876499176025,0,True,7,33,True,2,32,2025-11-16 05:58:25
ba_64_1_8.txt,barabasi_albert_10ins_m20,47,SpecAnn,0.1536946558735679,1.0,-14359.000000000002,0.0123546123504638,0,True,7,33,True,3,32,2025-11-16 05:58:25
ba_64_1_8.txt,barabasi_albert_10ins_m20,47,SpecAnn,0.1774713018832227,1.0,-14359.000000000002,0.0122370719909667,0,True,7,33,True,4,32,2025-11-16 05:58:25
ba_64_1_8.txt,barabasi_albert_10ins_m20,47,SpecAnn,0.1984189475331362,1.0,-14359.000000000002,0.012338638305664,0,True,7,33,True,5,32,2025-11-16 05:58:25
ba_64_1_8.txt,barabasi_albert_10ins_m20,47,SpecAnn,0.2173570668006655,1.0,-14359.000000000002,0.0124092102050781,0,True,7,33,True,6,32,2025-11-16 05:58:25
ba_64_1_8.txt,barabasi_albert_10ins_m20,47,SpecAnn,0.2347724648169381,1.0,-14359.000000000002,0.0123968124389648,0,True,7,33,True,7,32,2025-11-16 05:58:25
ba_64_1_8.txt,barabasi_albert_10ins_m20,47,SpecAnn,0.2509823220552634,1.0,-14359.000000000002,0.0124149322509765,0,True,7,33,True,8,32,2025-11-16 05:58:25
ba_64_1_8.txt,barabasi_albert_10ins_m20,47,SpecAnn,0.2662069528248341,1.0,-14359.000000000002,0.012359619140625,0,True,7,33,True,9,32,2025-11-16 05:58:25
ba_64_1_8.txt,barabasi_albert_10ins_m20,47,SpecAnn,0.2806067666331568,1.0,-14359.000000000002,0.0123732089996337,0,True,7,33,True,10,32,2025-11-16 05:58:25
ba_64_1_8.txt,barabasi_albert_10ins_m20,47,SpecAnn,0.2943028597012718,1.0,-14359.000000000002,0.0123553276062011,0,True,7,33,True,11,32,2025-11-16 05:58:25
ba_64_1_8.txt,barabasi_albert_10ins_m20,47,SpecAnn,0.3073893117471359,1.0,-14359.000000000002,0.0124540328979492,0,True,7,33,True,12,32,2025-11-16 05:58:25
ba_64_1_8.txt,barabasi_albert_10ins_m20,47,SpecAnn,0.3199409394316542,1.0,-14359.000000000002,0.0123078823089599,0,True,7,33,True,13,32,2025-11-16 05:58:25
ba_64_1_8.txt,barabasi_albert_10ins_m20,47,SpecAnn,0.3320184038158743,1.0,-14359.000000000002,0.0124299526214599,0,True,7,33,True,14,32,2025-11-16 05:58:25
ba_64_1_8.txt,barabasi_albert_10ins_m20,47,SpecAnn,0.3436716983117353,1.0,-14359.000000000002,0.0124468803405761,0,True,7,33,True,15,32,2025-11-16 05:58:25
ba_64_1_8.txt,barabasi_albert_10ins_m20,47,SpecAnn,0.3549426037664455,1.0,-14359.000000000002,0.0124261379241943,0,True,7,33,True,16,32,2025-11-16 05:58:25
ba_64_1_8.txt,barabasi_albert_10ins_m20,47,SpecAnn,0.3658664615902029,1.0,-14359.000000000002,0.0124719142913818,0,True,7,33,True,17,32,2025-11-16 05:58:25
ba_64_1_8.txt,barabasi_albert_10ins_m20,47,SpecAnn,0.3764734830828951,1.0,-14359.000000000002,0.0122864246368408,0,True,7,33,True,18,32,2025-11-16 05:58:25
ba_64_1_8.txt,barabasi_albert_10ins_m20,47,SpecAnn,0.3867897351437838,1.0,-14359.000000000002,0.0122492313385009,0,True,7,33,True,19,32,2025-11-16 05:58:25
ba_64_1_8.txt,barabasi_albert_10ins_m20,47,SpecAnn,0.3968378950662725,1.0,-14359.000000000002,0.0121550559997558,0,True,7,33,True,20,32,2025-11-16 05:58:25
ba_64_1_8.txt,barabasi_albert_10ins_m20,47,SpecAnn,0.4066378372811136,1.0,-14359.000000000002,0.0122206211090087,0,True,7,33,True,21,32,2025-11-16 05:58:26
ba_64_1_8.txt,barabasi_albert_10ins_m20,47,SpecAnn,0.4162070956347247,1.0,-14359.000000000002,0.0122637748718261,0,True,7,33,True,22,32,2025-11-16 05:58:26
ba_64_1_8.txt,barabasi_albert_10ins_m20,47,SpecAnn,0.4255612320274539,1.0,-14359.000000000002,0.0121715068817138,0,True,7,33,True,23,32,2025-11-16 05:58:26
ba_64_1_8.txt,barabasi_albert_10ins_m20,47,SpecAnn,0.434714133601331,1.0,-14359.000000000002,0.0122561454772949,0,True,7,33,True,24,32,2025-11-16 05:58:26
ba_64_1_8.txt,barabasi_albert_10ins_m20,47,SpecAnn,0.4436782547080569,1.0,-14359.000000000002,0.0122818946838378,0,True,7,33,True,25,32,2025-11-16 05:58:26
ba_64_1_8.txt,barabasi_albert_10ins_m20,47,SpecAnn,0.4524648157026343,1.0,-14359.000000000002,0.012387990951538,0,True,7,33,True,26,32,2025-11-16 05:58:26
ba_64_1_8.txt,barabasi_albert_10ins_m20,47,SpecAnn,0.4610839676207039,1.0,-14359.000000000002,0.0122451782226562,0,True,7,33,True,27,32,2025-11-16 05:58:26
ba_64_1_8.txt,barabasi_albert_10ins_m20,47,SpecAnn,0.4695449296338763,1.0,-14359.000000000002,0.0123727321624755,0,True,7,33,True,28,32,2025-11-16 05:58:26
ba_64_1_8.txt,barabasi_albert_10ins_m20,47,SpecAnn,0.4778561045889373,1.0,-14359.000000000002,0.0121922492980957,0,True,7,33,True,29,32,2025-11-16 05:58:26
ba_64_1_8.txt,barabasi_albert_10ins_m20,47,SpecAnn,0.4860251767562508,1.0,-14359.000000000002,0.012242317199707,0,True,7,33,True,30,32,2025-11-16 05:58:26
ba_64_1_8.txt,barabasi_albert_10ins_m20,47,SpecAnn,0.4940591950252281,1.0,-14359.000000000002,0.01243257522583,0,True,7,33,True,31,32,2025-11-16 05:58:26
ba_64_1_8.txt,barabasi_albert_10ins_m20,47,SpecAnn,0.5019646441105269,1.0,-14359.000000000002,0.0122561454772949,0,True,7,33,True,32,32,2025-11-16 05:58:26
ba_64_1_8.txt,barabasi_albert_10ins_m20,47,SpecAnn,0.5097475058154177,1.0,-14359.000000000002,0.0124881267547607,0,True,7,33,True,33,32,2025-11-16 05:58:26
ba_64_1_8.txt,barabasi_albert_10ins_m20,47,SpecAnn,0.51741331199832,1.0,-14359.000000000002,0.0124471187591552,0,True,7,33,True,34,32,2025-11-16 05:58:26
ba_64_1_8.txt,barabasi_albert_10ins_m20,47,SpecAnn,0.5249671905758515,1.0,-14359.000000000002,0.0124027729034423,0,True,7,33,True,35,32,2025-11-16 05:58:26
ba_64_1_8.txt,barabasi_albert_10ins_m20,47,SpecAnn,0.5324139056496683,1.0,-14359.000000000002,0.0124316215515136,0,True,7,33,True,36,32,2025-11-16 05:58:26
ba_64_1_8.txt,barabasi_albert_10ins_m20,47,SpecAnn,0.5397578926492556,1.0,-14359.000000000002,0.0124411582946777,0,True,7,33,True,37,32,2025-11-16 05:58:26
ba_64_1_8.txt,barabasi_albert_10ins_m20,47,SpecAnn,0.5470032892270364,1.0,-14359.000000000002,0.0125253200531005,0,True,7,33,True,38,32,2025-11-16 05:58:26
ba_64_1_8.txt,barabasi_albert_10ins_m20,47,SpecAnn,0.554153962516942,1.0,-14359.000000000002,0.0125234127044677,0,True,7,33,True,39,32,2025-11-16 05:58:26
ba_64_1_8.txt,barabasi_albert_10ins_m20,47,SpecAnn,0.5612135332663137,1.0,-14359.000000000002,0.0124576091766357,0,True,7,33,True,40,32,2025-11-16 05:58:26
ba_64_1_8.txt,barabasi_albert_10ins_m20,47,SpecAnn,0.5681853972686127,1.0,-14359.000000000002,0.0124332904815673,0,True,7,33,True,41,32,2025-11-16 05:58:26
ba_64_1_8.txt,barabasi_albert_10ins_m20,47,SpecAnn,0.5750727444570146,1.0,-14359.000000000002,0.0124549865722656,0,True,7,33,True,42,32,2025-11-16 05:58:26
ba_64_1_8.txt,barabasi_albert_10ins_m20,47,SpecAnn,0.5818785759635375,1.0,-14359.000000000002,0.0123147964477539,0,True,7,33,True,43,32,2025-11-16 05:58:26
ba_64_1_8.txt,barabasi_albert_10ins_m20,47,SpecAnn,0.5886057194025436,1.0,-14359.000000000002,0.0123305320739746,0,True,7,33,True,44,32,2025-11-16 05:58:26
ba_64_1_8.txt,barabasi_albert_10ins_m20,47,SpecAnn,0.5952568425994088,1.0,-14359.000000000002,0.012294054031372,0,True,7,33,True,45,32,2025-11-16 05:58:26
ba_64_1_8.txt,barabasi_albert_10ins_m20,47,SpecAnn,0.6018344659534288,1.0,-14359.000000000002,0.0122585296630859,0,True,7,33,True,46,32,2025-11-16 05:58:26
ba_64_1_8.txt,barabasi_albert_10ins_m20,47,SpecAnn,0.6083409735974393,1.0,-14359.000000000002,0.0121777057647705,0,True,7,33,True,47,32,2025-11-16 05:58:26
ba_64_1_8.txt,barabasi_albert_10ins_m20,47,SpecAnn,0.6147786234942719,1.0,-14359.000000000002,0.0122241973876953,0,True,7,33,True,48,32,2025-11-16 05:58:26
ba_64_1_8.txt,barabasi_albert_10ins_m20,47,SpecAnn,0.6211495565912796,1.0,-14359.000000000002,0.0124011039733886,0,True,7,33,True,49,32,2025-11-16 05:58:26
ba_64_1_8.txt,barabasi_albert_10ins_m20,47,SpecAnn,0.6274558051381586,1.0,-14359.000000000002,0.0126166343688964,0,True,7,33,True,50,32,2025-11-16 05:58:26
ba_64_1_8.txt,barabasi_albert_10ins_m20,47,SpecAnn,0.6336993002596786,1.0,-14359.000000000002,0.0125114917755126,0,True,7,33,True,51,32,2025-11-16 05:58:26
ba_64_1_8.txt,barabasi_albert_10ins_m20,47,SpecAnn,0.6398818788633085,1.0,-14359.000000000002,0.0123720169067382,0,True,7,33,True,52,32,2025-11-16 05:58:26
ba_64_1_8.txt,barabasi_albert_10ins_m20,47,SpecAnn,0.6460052899517691,1.0,-14359.000000000002,0.0122215747833251,0,True,7,33,True,53,32,2025-11-16 05:58:26
ba_64_1_8.txt,barabasi_albert_10ins_m20,47,SpecAnn,0.6520712004019966,1.0,-14299.0,0.0123476982116699,0,True,7,33,True,54,32,2025-11-16 05:58:26
ba_64_1_8.txt,barabasi_albert_10ins_m20,47,SpecAnn,0.6580812002646271,1.0,-14299.0,0.0122256278991699,0,True,7,33,True,55,32,2025-11-16 05:58:26
ba_64_1_8.txt,barabasi_albert_10ins_m20,47,SpecAnn,0.6640368076317485,1.0,-14299.0,0.0122601985931396,0,True,7,33,True,56,32,2025-11-16 05:58:26
ba_64_1_8.txt,barabasi_albert_10ins_m20,47,SpecAnn,0.6699394731151429,1.0,-14299.0,0.0123000144958496,0,True,7,33,True,57,32,2025-11-16 05:58:26
ba_64_1_8.txt,barabasi_albert_10ins_m20,47,SpecAnn,0.6757905839724513,1.0,-14299.0,0.0125367641448974,0,True,7,33,True,58,32,2025-11-16 05:58:26
ba_64_1_8.txt,barabasi_albert_10ins_m20,47,SpecAnn,0.6815914679145113,1.0,-14299.0,0.0122818946838378,0,True,7,33,True,59,32,2025-11-16 05:58:26
ba_64_1_8.txt,barabasi_albert_10ins_m20,47,SpecAnn,0.6873433966234707,1.0,-14299.0,0.0122101306915283,0,True,7,33,True,60,32,2025-11-16 05:58:26
ba_64_1_8.txt,barabasi_albert_10ins_m20,47,SpecAnn,0.6930475890080863,1.0,-14299.0,0.0122087001800537,0,True,7,33,True,61,32,2025-11-16 05:58:26
ba_64_1_8.txt,barabasi_albert_10ins_m20,47,SpecAnn,0.6987052142198116,1.0,-14299.0,0.0122640132904052,0,True,7,33,True,62,32,2025-11-16 05:58:26
ba_64_1_8.txt,barabasi_albert_10ins_m20,47,SpecAnn,0.7043173944508145,1.0,-14299.0,0.0122885704040527,0,True,7,33,True,63,32,2025-11-16 05:58:26
ba_64_1_8.txt,barabasi_albert_10ins_m20,47,SpecAnn,0.709885207532891,1.0,-14299.0,0.0122220516204833,0,True,7,33,True,64,32,2025-11-16 05:58:26
ba_64_1_8.txt,barabasi_albert_10ins_m20,47,SpecAnn,0.7154096893543218,1.0,-14299.0,0.0122325420379638,0,True,7,33,True,65,32,2025-11-16 05:58:26
ba_64_1_8.txt,barabasi_albert_10ins_m20,47,SpecAnn,0.7208918361100219,1.0,-14299.0,0.0125463008880615,0,True,7,33,True,66,32,2025-11-16 05:58:26
ba_64_1_8.txt,barabasi_albert_10ins_m20,47,SpecAnn,0.7263326063988248,1.0,-14299.0,0.0124323368072509,0,True,7,33,True,67,32,2025-11-16 05:58:26
ba_64_1_8.txt,barabasi_albert_10ins_m20,47,SpecAnn,0.7317329231804058,1.0,-14299.0,0.0122463703155517,0,True,7,33,True,68,32,2025-11-16 05:58:26
ba_64_1_8.txt,barabasi_albert_10ins_m20,47,SpecAnn,0.7370936756031579,1.0,-14299.0,0.0122516155242919,0,True,7,33,True,69,32,2025-11-16 05:58:26
ba_64_1_8.txt,barabasi_albert_10ins_m20,47,SpecAnn,0.7424157207132704,1.0,-14299.0,0.0122678279876708,0,True,7,33,True,70,32,2025-11-16 05:58:26
ba_64_1_8.txt,barabasi_albert_10ins_m20,47,SpecAnn,0.7476998850543153,1.0,-14299.0,0.0122842788696289,0,True,7,33,True,71,32,2025-11-16 05:58:26
ba_64_1_8.txt,barabasi_albert_10ins_m20,47,SpecAnn,0.7529469661657903,1.0,-14299.0,0.0123157501220703,0,True,7,33,True,72,32,2025-11-16 05:58:26
ba_64_1_8.txt,barabasi_albert_10ins_m20,47,SpecAnn,0.7581577339883167,1.0,-14299.0,0.012216567993164,0,True,7,33,True,73,32,2025-11-16 05:58:26
ba_64_1_8.txt,barabasi_albert_10ins_m20,47,SpecAnn,0.7633329321824984,1.0,-14299.0,0.0125439167022705,0,True,7,33,True,74,32,2025-11-16 05:58:26
ba_64_1_8.txt,barabasi_albert_10ins_m20,47,SpecAnn,0.7684732793678399,1.0,-14299.0,0.012477159500122,0,True,7,33,True,75,32,2025-11-16 05:58:26
ba_64_1_8.txt,barabasi_albert_10ins_m20,47,SpecAnn,0.7735794702875677,1.0,-14299.0,0.0124139785766601,0,True,7,33,True,76,32,2025-11-16 05:58:26
ba_64_1_8.txt,barabasi_albert_10ins_m20,47,SpecAnn,0.7786521769046981,1.0,-14299.0,0.0123152732849121,0,True,7,33,True,77,32,2025-11-16 05:58:26
ba_64_1_8.txt,barabasi_albert_10ins_m20,47,SpecAnn,0.7836920494342511,1.0,-14299.0,0.0122096538543701,0,True,7,33,True,78,32,2025-11-16 05:58:26
ba_64_1_8.txt,barabasi_albert_10ins_m20,47,SpecAnn,0.788699717316095,1.0,-14299.0,0.0122442245483398,0,True,7,33,True,79,32,2025-11-16 05:58:26
ba_64_1_8.txt,barabasi_albert_10ins_m20,47,SpecAnn,0.7936757901325451,1.0,-14299.0,0.0122003555297851,0,True,7,33,True,80,32,2025-11-16 05:58:26
ba_64_1_8.txt,barabasi_albert_10ins_m20,47,SpecAnn,0.7986208584745024,1.0,-14299.0,0.0121586322784423,0,True,7,33,True,81,32,2025-11-16 05:58:26
ba_64_1_8.txt,barabasi_albert_10ins_m20,47,SpecAnn,0.803535494759617,1.0,-14299.0,0.0124940872192382,0,True,7,33,True,82,32,2025-11-16 05:58:26
ba_64_1_8.txt,barabasi_albert_10ins_m20,47,SpecAnn,0.8084202540056837,1.0,-14299.0,0.0124192237854003,0,True,7,33,True,83,32,2025-11-16 05:58:26
ba_64_1_8.txt,barabasi_albert_10ins_m20,47,SpecAnn,0.8132756745622272,1.0,-14299.0,0.0122907161712646,0,True,7,33,True,84,32,2025-11-16 05:58:26
ba_64_1_8.txt,barabasi_albert_10ins_m20,47,SpecAnn,0.8181022788030096,1.0,-14299.0,0.0122063159942626,0,True,7,33,True,85,32,2025-11-16 05:58:26
ba_64_1_8.txt,barabasi_albert_10ins_m20,47,SpecAnn,0.822900573781978,1.0,-14299.0,0.0121386051177978,0,True,7,33,True,86,32,2025-11-16 05:58:26
ba_64_1_8.txt,barabasi_albert_10ins_m20,47,SpecAnn,0.8276710518549868,1.0,-14299.0,0.0122454166412353,0,True,7,33,True,87,32,2025-11-16 05:58:26
ba_64_1_8.txt,barabasi_albert_10ins_m20,47,SpecAnn,0.8324141912694495,1.0,-14299.0,0.0122079849243164,0,True,7,33,True,88,32,2025-11-16 05:58:26
ba_64_1_8.txt,barabasi_albert_10ins_m20,47,SpecAnn,0.8371304567239225,1.0,-14299.0,0.0122933387756347,0,True,7,33,True,89,32,2025-11-16 05:58:26
ba_64_1_8.txt,barabasi_albert_10ins_m20,47,SpecAnn,0.8418202998994706,1.0,-14299.0,0.0124592781066894,0,True,7,33,True,90,32,2025-11-16 05:58:26
ba_64_1_8.txt,barabasi_albert_10ins_m20,47,SpecAnn,0.846484159964536,1.0,-14299.0,0.0124778747558593,0,True,7,33,True,91,32,2025-11-16 05:58:26
ba_64_1_8.txt,barabasi_albert_10ins_m20,47,SpecAnn,0.8511224640549078,1.0,-14299.0,0.0124564170837402,0,True,7,33,True,92,32,2025-11-16 05:58:26
ba_64_1_8.txt,barabasi_albert_10ins_m20,47,SpecAnn,0.8557356277302758,1.0,-14299.0,0.0124192237854003,0,True,7,33,True,93,32,2025-11-16 05:58:26
ba_64_1_8.txt,barabasi_albert_10ins_m20,47,SpecAnn,0.8603240554087516,1.0,-14299.0,0.0123562812805175,0,True,7,33,True,94,32,2025-11-16 05:58:26
ba_64_1_8.txt,barabasi_albert_10ins_m20,47,SpecAnn,0.86488814078064,1.0,-14299.0,0.0122709274291992,0,True,7,33,True,95,32,2025-11-16 05:58:26
ba_64_1_8.txt,barabasi_albert_10ins_m20,47,SpecAnn,0.8694282672026621,1.0,-14299.0,0.0122585296630859,0,True,7,33,True,96,32,2025-11-16 05:58:26
ba_64_1_8.txt,barabasi_albert_10ins_m20,47,SpecAnn,0.8739448080737451,1.0,-14299.0,0.0121705532073974,0,True,7,33,True,97,32,2025-11-16 05:58:26
ba_64_1_8.txt,barabasi_albert_10ins_m20,47,SpecAnn,0.878438127193422,1.0,-14299.0,0.0124180316925048,0,True,7,33,True,98,32,2025-11-16 05:58:26
ba_64_1_8.txt,barabasi_albert_10ins_m20,47,SpecAnn,0.8829085791038153,1.0,-14299.0,0.0124273300170898,0,True,7,33,True,99,32,2025-11-16 05:58:26
ba_64_1_8.txt,barabasi_albert_10ins_m20,47,SpecAnn,0.8873565094161138,1.0,-14299.0,0.0124175548553466,0,True,7,33,True,100,32,2025-11-16 05:58:26
ba_64_1_8.txt,barabasi_albert_10ins_m20,47,SpecAnn,0.8917822551223932,1.0,-14299.0,0.0123736858367919,0,True,7,33,True,101,32,2025-11-16 05:58:26
ba_64_1_8.txt,barabasi_albert_10ins_m20,47,SpecAnn,0.8961861448935777,1.0,-14299.0,0.0122194290161132,0,True,7,33,True,102,32,2025-11-16 05:58:27
ba_64_1_8.txt,barabasi_albert_10ins_m20,47,SpecAnn,0.9005684993642872,1.0,-14299.0,0.0122485160827636,0,True,7,33,True,103,32,2025-11-16 05:58:27
ba_64_1_8.txt,barabasi_albert_10ins_m20,47,SpecAnn,0.9049296314052688,1.0,-14299.0,0.0121517181396484,0,True,7,33,True,104,32,2025-11-16 05:58:27
ba_64_1_8.txt,barabasi_albert_10ins_m20,47,SpecAnn,0.9092698463840684,1.0,-14299.0,0.012190818786621,0,True,7,33,True,105,32,2025-11-16 05:58:27
ba_64_1_8.txt,barabasi_albert_10ins_m20,47,SpecAnn,0.9135894424145556,1.0,-14299.0,0.0122456550598144,0,True,7,33,True,106,32,2025-11-16 05:58:27
ba_64_1_8.txt,barabasi_albert_10ins_m20,47,SpecAnn,0.9178887105958816,1.0,-14299.0,0.0123357772827148,0,True,7,33,True,107,32,2025-11-16 05:58:27
ba_64_1_8.txt,barabasi_albert_10ins_m20,47,SpecAnn,0.922167935241408,1.0,-14299.0,0.0122344493865966,0,True,7,33,True,108,32,2025-11-16 05:58:27
ba_64_1_8.txt,barabasi_albert_10ins_m20,47,SpecAnn,0.92642739409812,1.0,-14299.0,0.0122349262237548,0,True,7,33,True,109,32,2025-11-16 05:58:27
ba_64_1_8.txt,barabasi_albert_10ins_m20,47,SpecAnn,0.9306673585570006,1.0,-14299.0,0.0121865272521972,0,True,7,33,True,110,32,2025-11-16 05:58:27
ba_64_1_8.txt,barabasi_albert_10ins_m20,47,SpecAnn,0.9348880938548184,1.0,-14299.0,0.0123126506805419,0,True,7,33,True,111,32,2025-11-16 05:58:27
ba_64_1_8.txt,barabasi_albert_10ins_m20,47,SpecAnn,0.9390898592677528,1.0,-14299.0,0.0121636390686035,0,True,7,33,True,112,32,2025-11-16 05:58:27
ba_64_1_8.txt,barabasi_albert_10ins_m20,47,SpecAnn,0.9432729082972536,1.0,-14299.0,0.0121238231658935,0,True,7,33,True,113,32,2025-11-16 05:58:27
ba_64_1_8.txt,barabasi_albert_10ins_m20,47,SpecAnn,0.9474374888485204,1.0,-14299.0,0.01226806640625,0,True,7,33,True,114,32,2025-11-16 05:58:27
ba_64_1_8.txt,barabasi_albert_10ins_m20,47,SpecAnn,0.9515838434019476,1.0,-14299.0,0.0122947692871093,0,True,7,33,True,115,32,2025-11-16 05:58:27
ba_64_1_8.txt,barabasi_albert_10ins_m20,47,SpecAnn,0.9557122091778746,1.0,-14299.0,0.0124280452728271,0,True,7,33,True,116,32,2025-11-16 05:58:27
ba_64_1_8.txt,barabasi_albert_10ins_m20,47,SpecAnn,0.9598228182949629,1.0,-14299.0,0.0123660564422607,0,True,7,33,True,117,32,2025-11-16 05:58:27
ba_64_1_8.txt,barabasi_albert_10ins_m20,47,SpecAnn,0.963915897922488,1.0,-14299.0,0.0123991966247558,0,True,7,33,True,118,32,2025-11-16 05:58:27
ba_64_1_8.txt,barabasi_albert_10ins_m20,47,SpecAnn,0.967991670426842,1.0,-14299.0,0.0122721195220947,0,True,7,33,True,119,32,2025-11-16 05:58:27
ba_64_1_8.txt,barabasi_albert_10ins_m20,47,SpecAnn,0.9720503535125016,1.0,-14299.0,0.0121850967407226,0,True,7,33,True,120,32,2025-11-16 05:58:27
ba_64_1_8.txt,barabasi_albert_10ins_m20,47,SpecAnn,0.9760921603577252,1.0,-14299.0,0.0122931003570556,0,True,7,33,True,121,32,2025-11-16 05:58:27
ba_64_1_8.txt,barabasi_albert_10ins_m20,47,SpecAnn,0.9801172997452104,1.0,-14299.0,0.0122904777526855,0,True,7,33,True,122,32,2025-11-16 05:58:27
ba_64_1_8.txt,barabasi_albert_10ins_m20,47,SpecAnn,0.9841259761879442,1.0,-14299.0,0.0121960639953613,0,True,7,33,True,123,32,2025-11-16 05:58:27
ba_64_1_8.txt,barabasi_albert_10ins_m20,47,SpecAnn,0.9881183900504562,1.0,-14299.0,0.012209415435791,0,True,7,33,True,124,32,2025-11-16 05:58:27
ba_64_1_8.txt,barabasi_albert_10ins_m20,47,SpecAnn,0.9920947376656812,1.0,-14299.0,0.0122358798980712,0,True,7,33,True,125,32,2025-11-16 05:58:27
ba_64_1_8.txt,barabasi_albert_10ins_m20,47,SpecAnn,0.9960552114476228,1.0,-14299.0,0.0121495723724365,0,True,7,33,True,126,32,2025-11-16 05:58:27
ba_64_1_8.txt,barabasi_albert_10ins_m20,47,SpecAnn,1.0,1.0,-14299.0,0.0122509002685546,0,True,7,33,True,127,32,2025-11-16 05:58:27
ba_64_1_8.txt,barabasi_albert_10ins_m20,48,SpecAnn,0.0,1.0,-14359.000000000002,0.0130794048309326,0,True,6,33,True,0,32,2025-11-16 05:58:27
ba_64_1_8.txt,barabasi_albert_10ins_m20,48,SpecAnn,0.0887356509416113,1.0,-14359.000000000002,0.0123894214630126,0,True,6,33,True,1,32,2025-11-16 05:58:27
ba_64_1_8.txt,barabasi_albert_10ins_m20,48,SpecAnn,0.1254911610276317,1.0,-14359.000000000002,0.0123870372772216,0,True,6,33,True,2,32,2025-11-16 05:58:27
ba_64_1_8.txt,barabasi_albert_10ins_m20,48,SpecAnn,0.1536946558735679,1.0,-14359.000000000002,0.012253999710083,0,True,6,33,True,3,32,2025-11-16 05:58:27
ba_64_1_8.txt,barabasi_albert_10ins_m20,48,SpecAnn,0.1774713018832227,1.0,-14359.000000000002,0.0125260353088378,0,True,6,33,True,4,32,2025-11-16 05:58:27
ba_64_1_8.txt,barabasi_albert_10ins_m20,48,SpecAnn,0.1984189475331362,1.0,-14359.000000000002,0.0124299526214599,0,True,6,33,True,5,32,2025-11-16 05:58:27
ba_64_1_8.txt,barabasi_albert_10ins_m20,48,SpecAnn,0.2173570668006655,1.0,-14359.000000000002,0.0124497413635253,0,True,6,33,True,6,32,2025-11-16 05:58:27
ba_64_1_8.txt,barabasi_albert_10ins_m20,48,SpecAnn,0.2347724648169381,1.0,-14359.000000000002,0.0124332904815673,0,True,6,33,True,7,32,2025-11-16 05:58:27
ba_64_1_8.txt,barabasi_albert_10ins_m20,48,SpecAnn,0.2509823220552634,1.0,-14359.000000000002,0.0123131275177001,0,True,6,33,True,8,32,2025-11-16 05:58:27
ba_64_1_8.txt,barabasi_albert_10ins_m20,48,SpecAnn,0.2662069528248341,1.0,-14359.000000000002,0.0122945308685302,0,True,6,33,True,9,32,2025-11-16 05:58:27
ba_64_1_8.txt,barabasi_albert_10ins_m20,48,SpecAnn,0.2806067666331568,1.0,-14359.000000000002,0.0122807025909423,0,True,6,33,True,10,32,2025-11-16 05:58:27
ba_64_1_8.txt,barabasi_albert_10ins_m20,48,SpecAnn,0.2943028597012718,1.0,-14359.000000000002,0.012233018875122,0,True,6,33,True,11,32,2025-11-16 05:58:27
ba_64_1_8.txt,barabasi_albert_10ins_m20,48,SpecAnn,0.3073893117471359,1.0,-14359.000000000002,0.0122745037078857,0,True,6,33,True,12,32,2025-11-16 05:58:27
ba_64_1_8.txt,barabasi_albert_10ins_m20,48,SpecAnn,0.3199409394316542,1.0,-14359.000000000002,0.012169599533081,0,True,6,33,True,13,32,2025-11-16 05:58:27
ba_64_1_8.txt,barabasi_albert_10ins_m20,48,SpecAnn,0.3320184038158743,1.0,-14359.000000000002,0.0122044086456298,0,True,6,33,True,14,32,2025-11-16 05:58:27
ba_64_1_8.txt,barabasi_albert_10ins_m20,48,SpecAnn,0.3436716983117353,1.0,-14359.000000000002,0.0122764110565185,0,True,6,33,True,15,32,2025-11-16 05:58:27
ba_64_1_8.txt,barabasi_albert_10ins_m20,48,SpecAnn,0.3549426037664455,1.0,-14359.000000000002,0.0121881961822509,0,True,6,33,True,16,32,2025-11-16 05:58:27
ba_64_1_8.txt,barabasi_albert_10ins_m20,48,SpecAnn,0.3658664615902029,1.0,-14359.000000000002,0.012230634689331,0,True,6,33,True,17,32,2025-11-16 05:58:27
ba_64_1_8.txt,barabasi_albert_10ins_m20,48,SpecAnn,0.3764734830828951,1.0,-14359.000000000002,0.0122714042663574,0,True,6,33,True,18,32,2025-11-16 05:58:27
ba_64_1_8.txt,barabasi_albert_10ins_m20,48,SpecAnn,0.3867897351437838,1.0,-14359.000000000002,0.0122072696685791,0,True,6,33,True,19,32,2025-11-16 05:58:27
ba_64_1_8.txt,barabasi_albert_10ins_m20,48,SpecAnn,0.3968378950662725,1.0,-14359.000000000002,0.0121712684631347,0,True,6,33,True,20,32,2025-11-16 05:58:27
ba_64_1_8.txt,barabasi_albert_10ins_m20,48,SpecAnn,0.4066378372811136,1.0,-14359.000000000002,0.0121066570281982,0,True,6,33,True,21,32,2025-11-16 05:58:27
ba_64_1_8.txt,barabasi_albert_10ins_m20,48,SpecAnn,0.4162070956347247,1.0,-14359.000000000002,0.0121448040008544,0,True,6,33,True,22,32,2025-11-16 05:58:27
ba_64_1_8.txt,barabasi_albert_10ins_m20,48,SpecAnn,0.4255612320274539,1.0,-14359.000000000002,0.0121922492980957,0,True,6,33,True,23,32,2025-11-16 05:58:27
ba_64_1_8.txt,barabasi_albert_10ins_m20,48,SpecAnn,0.434714133601331,1.0,-14359.000000000002,0.0121676921844482,0,True,6,33,True,24,32,2025-11-16 05:58:27
ba_64_1_8.txt,barabasi_albert_10ins_m20,48,SpecAnn,0.4436782547080569,1.0,-14359.000000000002,0.0121526718139648,0,True,6,33,True,25,32,2025-11-16 05:58:27
ba_64_1_8.txt,barabasi_albert_10ins_m20,48,SpecAnn,0.4524648157026343,1.0,-14359.000000000002,0.0122177600860595,0,True,6,33,True,26,32,2025-11-16 05:58:27
ba_64_1_8.txt,barabasi_albert_10ins_m20,48,SpecAnn,0.4610839676207039,1.0,-14359.000000000002,0.0121467113494873,0,True,6,33,True,27,32,2025-11-16 05:58:27
ba_64_1_8.txt,barabasi_albert_10ins_m20,48,SpecAnn,0.4695449296338763,1.0,-14359.000000000002,0.0122373104095458,0,True,6,33,True,28,32,2025-11-16 05:58:27
ba_64_1_8.txt,barabasi_albert_10ins_m20,48,SpecAnn,0.4778561045889373,1.0,-14359.000000000002,0.0123007297515869,0,True,6,33,True,29,32,2025-11-16 05:58:27
ba_64_1_8.txt,barabasi_albert_10ins_m20,48,SpecAnn,0.4860251767562508,1.0,-14359.000000000002,0.0122418403625488,0,True,6,33,True,30,32,2025-11-16 05:58:27
ba_64_1_8.txt,barabasi_albert_10ins_m20,48,SpecAnn,0.4940591950252281,1.0,-14359.000000000002,0.0122220516204833,0,True,6,33,True,31,32,2025-11-16 05:58:27
ba_64_1_8.txt,barabasi_albert_10ins_m20,48,SpecAnn,0.5019646441105269,1.0,-14359.000000000002,0.0121679306030273,0,True,6,33,True,32,32,2025-11-16 05:58:27
ba_64_1_8.txt,barabasi_albert_10ins_m20,48,SpecAnn,0.5097475058154177,1.0,-14359.000000000002,0.0122127532958984,0,True,6,33,True,33,32,2025-11-16 05:58:27
ba_64_1_8.txt,barabasi_albert_10ins_m20,48,SpecAnn,0.51741331199832,1.0,-14359.000000000002,0.0121657848358154,0,True,6,33,True,34,32,2025-11-16 05:58:27
ba_64_1_8.txt,barabasi_albert_10ins_m20,48,SpecAnn,0.5249671905758515,1.0,-14359.000000000002,0.0121848583221435,0,True,6,33,True,35,32,2025-11-16 05:58:27
ba_64_1_8.txt,barabasi_albert_10ins_m20,48,SpecAnn,0.5324139056496683,1.0,-14359.000000000002,0.0121757984161376,0,True,6,33,True,36,32,2025-11-16 05:58:27
ba_64_1_8.txt,barabasi_albert_10ins_m20,48,SpecAnn,0.5397578926492556,1.0,-14359.000000000002,0.0122528076171875,0,True,6,33,True,37,32,2025-11-16 05:58:27
ba_64_1_8.txt,barabasi_albert_10ins_m20,48,SpecAnn,0.5470032892270364,1.0,-14359.000000000002,0.0121800899505615,0,True,6,33,True,38,32,2025-11-16 05:58:27
ba_64_1_8.txt,barabasi_albert_10ins_m20,48,SpecAnn,0.554153962516942,1.0,-14359.000000000002,0.0122387409210205,0,True,6,33,True,39,32,2025-11-16 05:58:27
ba_64_1_8.txt,barabasi_albert_10ins_m20,48,SpecAnn,0.5612135332663137,1.0,-14359.000000000002,0.0121870040893554,0,True,6,33,True,40,32,2025-11-16 05:58:27
ba_64_1_8.txt,barabasi_albert_10ins_m20,48,SpecAnn,0.5681853972686127,1.0,-14359.000000000002,0.0122647285461425,0,True,6,33,True,41,32,2025-11-16 05:58:27
ba_64_1_8.txt,barabasi_albert_10ins_m20,48,SpecAnn,0.5750727444570146,1.0,-14359.000000000002,0.0122835636138916,0,True,6,33,True,42,32,2025-11-16 05:58:27
ba_64_1_8.txt,barabasi_albert_10ins_m20,48,SpecAnn,0.5818785759635375,1.0,-14359.000000000002,0.0122361183166503,0,True,6,33,True,43,32,2025-11-16 05:58:27
ba_64_1_8.txt,barabasi_albert_10ins_m20,48,SpecAnn,0.5886057194025436,1.0,-14359.000000000002,0.0122418403625488,0,True,6,33,True,44,32,2025-11-16 05:58:27
ba_64_1_8.txt,barabasi_albert_10ins_m20,48,SpecAnn,0.5952568425994088,1.0,-14359.000000000002,0.0124459266662597,0,True,6,33,True,45,32,2025-11-16 05:58:27
ba_64_1_8.txt,barabasi_albert_10ins_m20,48,SpecAnn,0.6018344659534288,1.0,-14359.000000000002,0.0124578475952148,0,True,6,33,True,46,32,2025-11-16 05:58:27
ba_64_1_8.txt,barabasi_albert_10ins_m20,48,SpecAnn,0.6083409735974393,1.0,-14359.000000000002,0.0123634338378906,0,True,6,33,True,47,32,2025-11-16 05:58:27
ba_64_1_8.txt,barabasi_albert_10ins_m20,48,SpecAnn,0.6147786234942719,1.0,-14359.000000000002,0.0124015808105468,0,True,6,33,True,48,32,2025-11-16 05:58:28
ba_64_1_8.txt,barabasi_albert_10ins_m20,48,SpecAnn,0.6211495565912796,1.0,-14359.000000000002,0.0124154090881347,0,True,6,33,True,49,32,2025-11-16 05:58:28
ba_64_1_8.txt,barabasi_albert_10ins_m20,48,SpecAnn,0.6274558051381586,1.0,-14359.000000000002,0.012209415435791,0,True,6,33,True,50,32,2025-11-16 05:58:28
ba_64_1_8.txt,barabasi_albert_10ins_m20,48,SpecAnn,0.6336993002596786,1.0,-14359.000000000002,0.0121538639068603,0,True,6,33,True,51,32,2025-11-16 05:58:28
ba_64_1_8.txt,barabasi_albert_10ins_m20,48,SpecAnn,0.6398818788633085,1.0,-14359.000000000002,0.0122387409210205,0,True,6,33,True,52,32,2025-11-16 05:58:28
ba_64_1_8.txt,barabasi_albert_10ins_m20,48,SpecAnn,0.6460052899517691,1.0,-14359.000000000002,0.0122871398925781,0,True,6,33,True,53,32,2025-11-16 05:58:28
ba_64_1_8.txt,barabasi_albert_10ins_m20,48,SpecAnn,0.6520712004019966,1.0,-14299.0,0.0122566223144531,0,True,6,33,True,54,32,2025-11-16 05:58:28
ba_64_1_8.txt,barabasi_albert_10ins_m20,48,SpecAnn,0.6580812002646271,1.0,-14299.0,0.012134313583374,0,True,6,33,True,55,32,2025-11-16 05:58:28
ba_64_1_8.txt,barabasi_albert_10ins_m20,48,SpecAnn,0.6640368076317485,1.0,-14299.0,0.0121951103210449,0,True,6,33,True,56,32,2025-11-16 05:58:28
ba_64_1_8.txt,barabasi_albert_10ins_m20,48,SpecAnn,0.6699394731151429,1.0,-14299.0,0.0122299194335937,0,True,6,33,True,57,32,2025-11-16 05:58:28
ba_64_1_8.txt,barabasi_albert_10ins_m20,48,SpecAnn,0.6757905839724513,1.0,-14299.0,0.0122928619384765,0,True,6,33,True,58,32,2025-11-16 05:58:28
ba_64_1_8.txt,barabasi_albert_10ins_m20,48,SpecAnn,0.6815914679145113,1.0,-14299.0,0.0121760368347167,0,True,6,33,True,59,32,2025-11-16 05:58:28
ba_64_1_8.txt,barabasi_albert_10ins_m20,48,SpecAnn,0.6873433966234707,1.0,-14299.0,0.0122575759887695,0,True,6,33,True,60,32,2025-11-16 05:58:28
ba_64_1_8.txt,barabasi_albert_10ins_m20,48,SpecAnn,0.6930475890080863,1.0,-14299.0,0.0122718811035156,0,True,6,33,True,61,32,2025-11-16 05:58:28
ba_64_1_8.txt,barabasi_albert_10ins_m20,48,SpecAnn,0.6987052142198116,1.0,-14299.0,0.0121436119079589,0,True,6,33,True,62,32,2025-11-16 05:58:28
ba_64_1_8.txt,barabasi_albert_10ins_m20,48,SpecAnn,0.7043173944508145,1.0,-14299.0,0.0123305320739746,0,True,6,33,True,63,32,2025-11-16 05:58:28
ba_64_1_8.txt,barabasi_albert_10ins_m20,48,SpecAnn,0.709885207532891,1.0,-14299.0,0.0124197006225585,0,True,6,33,True,64,32,2025-11-16 05:58:28
ba_64_1_8.txt,barabasi_albert_10ins_m20,48,SpecAnn,0.7154096893543218,1.0,-14299.0,0.0124742984771728,0,True,6,33,True,65,32,2025-11-16 05:58:28
ba_64_1_8.txt,barabasi_albert_10ins_m20,48,SpecAnn,0.7208918361100219,1.0,-14299.0,0.0123748779296875,0,True,6,33,True,66,32,2025-11-16 05:58:28
ba_64_1_8.txt,barabasi_albert_10ins_m20,48,SpecAnn,0.7263326063988248,1.0,-14299.0,0.0122292041778564,0,True,6,33,True,67,32,2025-11-16 05:58:28
ba_64_1_8.txt,barabasi_albert_10ins_m20,48,SpecAnn,0.7317329231804058,1.0,-14299.0,0.012211799621582,0,True,6,33,True,68,32,2025-11-16 05:58:28
ba_64_1_8.txt,barabasi_albert_10ins_m20,48,SpecAnn,0.7370936756031579,1.0,-14299.0,0.0122425556182861,0,True,6,33,True,69,32,2025-11-16 05:58:28
ba_64_1_8.txt,barabasi_albert_10ins_m20,48,SpecAnn,0.7424157207132704,1.0,-14299.0,0.0121309757232666,0,True,6,33,True,70,32,2025-11-16 05:58:28
ba_64_1_8.txt,barabasi_albert_10ins_m20,48,SpecAnn,0.7476998850543153,1.0,-14299.0,0.012153148651123,0,True,6,33,True,71,32,2025-11-16 05:58:28
ba_64_1_8.txt,barabasi_albert_10ins_m20,48,SpecAnn,0.7529469661657903,1.0,-14299.0,0.0121986865997314,0,True,6,33,True,72,32,2025-11-16 05:58:28
ba_64_1_8.txt,barabasi_albert_10ins_m20,48,SpecAnn,0.7581577339883167,1.0,-14299.0,0.0121488571166992,0,True,6,33,True,73,32,2025-11-16 05:58:28
ba_64_1_8.txt,barabasi_albert_10ins_m20,48,SpecAnn,0.7633329321824984,1.0,-14299.0,0.0122373104095458,0,True,6,33,True,74,32,2025-11-16 05:58:28
ba_64_1_8.txt,barabasi_albert_10ins_m20,48,SpecAnn,0.7684732793678399,1.0,-14299.0,0.0122461318969726,0,True,6,33,True,75,32,2025-11-16 05:58:28
ba_64_1_8.txt,barabasi_albert_10ins_m20,48,SpecAnn,0.7735794702875677,1.0,-14299.0,0.0121529102325439,0,True,6,33,True,76,32,2025-11-16 05:58:28
ba_64_1_8.txt,barabasi_albert_10ins_m20,48,SpecAnn,0.7786521769046981,1.0,-14299.0,0.012237548828125,0,True,6,33,True,77,32,2025-11-16 05:58:28
ba_64_1_8.txt,barabasi_albert_10ins_m20,48,SpecAnn,0.7836920494342511,1.0,-14299.0,0.0122513771057128,0,True,6,33,True,78,32,2025-11-16 05:58:28
ba_64_1_8.txt,barabasi_albert_10ins_m20,48,SpecAnn,0.788699717316095,1.0,-14299.0,0.0122017860412597,0,True,6,33,True,79,32,2025-11-16 05:58:28
ba_64_1_8.txt,barabasi_albert_10ins_m20,48,SpecAnn,0.7936757901325451,1.0,-14299.0,0.0122032165527343,0,True,6,33,True,80,32,2025-11-16 05:58:28
ba_64_1_8.txt,barabasi_albert_10ins_m20,48,SpecAnn,0.7986208584745024,1.0,-14299.0,0.0121846199035644,0,True,6,33,True,81,32,2025-11-16 05:58:28
ba_64_1_8.txt,barabasi_albert_10ins_m20,48,SpecAnn,0.803535494759617,1.0,-14299.0,0.0121817588806152,0,True,6,33,True,82,32,2025-11-16 05:58:28
ba_64_1_8.txt,barabasi_albert_10ins_m20,48,SpecAnn,0.8084202540056837,1.0,-14299.0,0.0122408866882324,0,True,6,33,True,83,32,2025-11-16 05:58:28
ba_64_1_8.txt,barabasi_albert_10ins_m20,48,SpecAnn,0.8132756745622272,1.0,-14299.0,0.0121939182281494,0,True,6,33,True,84,32,2025-11-16 05:58:28
ba_64_1_8.txt,barabasi_albert_10ins_m20,48,SpecAnn,0.8181022788030096,1.0,-14299.0,0.0121643543243408,0,True,6,33,True,85,32,2025-11-16 05:58:28
ba_64_1_8.txt,barabasi_albert_10ins_m20,48,SpecAnn,0.822900573781978,1.0,-14299.0,0.0125010013580322,0,True,6,33,True,86,32,2025-11-16 05:58:28
ba_64_1_8.txt,barabasi_albert_10ins_m20,48,SpecAnn,0.8276710518549868,1.0,-14299.0,0.0125095844268798,0,True,6,33,True,87,32,2025-11-16 05:58:28
ba_64_1_8.txt,barabasi_albert_10ins_m20,48,SpecAnn,0.8324141912694495,1.0,-14299.0,0.0124666690826416,0,True,6,33,True,88,32,2025-11-16 05:58:28
ba_64_1_8.txt,barabasi_albert_10ins_m20,48,SpecAnn,0.8371304567239225,1.0,-14299.0,0.0124030113220214,0,True,6,33,True,89,32,2025-11-16 05:58:28
ba_64_1_8.txt,barabasi_albert_10ins_m20,48,SpecAnn,0.8418202998994706,1.0,-14299.0,0.0123660564422607,0,True,6,33,True,90,32,2025-11-16 05:58:28
ba_64_1_8.txt,barabasi_albert_10ins_m20,48,SpecAnn,0.846484159964536,1.0,-14299.0,0.0122327804565429,0,True,6,33,True,91,32,2025-11-16 05:58:28
ba_64_1_8.txt,barabasi_albert_10ins_m20,48,SpecAnn,0.8511224640549078,1.0,-14299.0,0.0121562480926513,0,True,6,33,True,92,32,2025-11-16 05:58:28
ba_64_1_8.txt,barabasi_albert_10ins_m20,48,SpecAnn,0.8557356277302758,1.0,-14299.0,0.0122883319854736,0,True,6,33,True,93,32,2025-11-16 05:58:28
ba_64_1_8.txt,barabasi_albert_10ins_m20,48,SpecAnn,0.8603240554087516,1.0,-14299.0,0.0122451782226562,0,True,6,33,True,94,32,2025-11-16 05:58:28
ba_64_1_8.txt,barabasi_albert_10ins_m20,48,SpecAnn,0.86488814078064,1.0,-14299.0,0.0121572017669677,0,True,6,33,True,95,32,2025-11-16 05:58:28
ba_64_1_8.txt,barabasi_albert_10ins_m20,48,SpecAnn,0.8694282672026621,1.0,-14299.0,0.0122184753417968,0,True,6,33,True,96,32,2025-11-16 05:58:28
ba_64_1_8.txt,barabasi_albert_10ins_m20,48,SpecAnn,0.8739448080737451,1.0,-14299.0,0.0121698379516601,0,True,6,33,True,97,32,2025-11-16 05:58:28
ba_64_1_8.txt,barabasi_albert_10ins_m20,48,SpecAnn,0.878438127193422,1.0,-14299.0,0.0121846199035644,0,True,6,33,True,98,32,2025-11-16 05:58:28
ba_64_1_8.txt,barabasi_albert_10ins_m20,48,SpecAnn,0.8829085791038153,1.0,-14299.0,0.0122175216674804,0,True,6,33,True,99,32,2025-11-16 05:58:28
ba_64_1_8.txt,barabasi_albert_10ins_m20,48,SpecAnn,0.8873565094161138,1.0,-14299.0,0.0122308731079101,0,True,6,33,True,100,32,2025-11-16 05:58:28
ba_64_1_8.txt,barabasi_albert_10ins_m20,48,SpecAnn,0.8917822551223932,1.0,-14299.0,0.0122132301330566,0,True,6,33,True,101,32,2025-11-16 05:58:28
ba_64_1_8.txt,barabasi_albert_10ins_m20,48,SpecAnn,0.8961861448935777,1.0,-14299.0,0.0122275352478027,0,True,6,33,True,102,32,2025-11-16 05:58:28
ba_64_1_8.txt,barabasi_albert_10ins_m20,48,SpecAnn,0.9005684993642872,1.0,-14299.0,0.0121386051177978,0,True,6,33,True,103,32,2025-11-16 05:58:28
ba_64_1_8.txt,barabasi_albert_10ins_m20,48,SpecAnn,0.9049296314052688,1.0,-14299.0,0.0122296810150146,0,True,6,33,True,104,32,2025-11-16 05:58:28
ba_64_1_8.txt,barabasi_albert_10ins_m20,48,SpecAnn,0.9092698463840684,1.0,-14299.0,0.0122063159942626,0,True,6,33,True,105,32,2025-11-16 05:58:28
ba_64_1_8.txt,barabasi_albert_10ins_m20,48,SpecAnn,0.9135894424145556,1.0,-14299.0,0.0122804641723632,0,True,6,33,True,106,32,2025-11-16 05:58:28
ba_64_1_8.txt,barabasi_albert_10ins_m20,48,SpecAnn,0.9178887105958816,1.0,-14299.0,0.0122253894805908,0,True,6,33,True,107,32,2025-11-16 05:58:28
ba_64_1_8.txt,barabasi_albert_10ins_m20,48,SpecAnn,0.922167935241408,1.0,-14299.0,0.0123560428619384,0,True,6,33,True,108,32,2025-11-16 05:58:28
ba_64_1_8.txt,barabasi_albert_10ins_m20,48,SpecAnn,0.92642739409812,1.0,-14299.0,0.0122992992401123,0,True,6,33,True,109,32,2025-11-16 05:58:28
ba_64_1_8.txt,barabasi_albert_10ins_m20,48,SpecAnn,0.9306673585570006,1.0,-14299.0,0.0123956203460693,0,True,6,33,True,110,32,2025-11-16 05:58:28
ba_64_1_8.txt,barabasi_albert_10ins_m20,48,SpecAnn,0.9348880938548184,1.0,-14299.0,0.0122725963592529,0,True,6,33,True,111,32,2025-11-16 05:58:28
ba_64_1_8.txt,barabasi_albert_10ins_m20,48,SpecAnn,0.9390898592677528,1.0,-14299.0,0.0122926235198974,0,True,6,33,True,112,32,2025-11-16 05:58:28
ba_64_1_8.txt,barabasi_albert_10ins_m20,48,SpecAnn,0.9432729082972536,1.0,-14299.0,0.0123095512390136,0,True,6,33,True,113,32,2025-11-16 05:58:28
ba_64_1_8.txt,barabasi_albert_10ins_m20,48,SpecAnn,0.9474374888485204,1.0,-14299.0,0.0122346878051757,0,True,6,33,True,114,32,2025-11-16 05:58:28
ba_64_1_8.txt,barabasi_albert_10ins_m20,48,SpecAnn,0.9515838434019476,1.0,-14299.0,0.0121951103210449,0,True,6,33,True,115,32,2025-11-16 05:58:28
ba_64_1_8.txt,barabasi_albert_10ins_m20,48,SpecAnn,0.9557122091778746,1.0,-14299.0,0.0122122764587402,0,True,6,33,True,116,32,2025-11-16 05:58:28
ba_64_1_8.txt,barabasi_albert_10ins_m20,48,SpecAnn,0.9598228182949629,1.0,-14299.0,0.0122618675231933,0,True,6,33,True,117,32,2025-11-16 05:58:28
ba_64_1_8.txt,barabasi_albert_10ins_m20,48,SpecAnn,0.963915897922488,1.0,-14299.0,0.0122251510620117,0,True,6,33,True,118,32,2025-11-16 05:58:28
ba_64_1_8.txt,barabasi_albert_10ins_m20,48,SpecAnn,0.967991670426842,1.0,-14299.0,0.0121562480926513,0,True,6,33,True,119,32,2025-11-16 05:58:28
ba_64_1_8.txt,barabasi_albert_10ins_m20,48,SpecAnn,0.9720503535125016,1.0,-14299.0,0.0122148990631103,0,True,6,33,True,120,32,2025-11-16 05:58:28
ba_64_1_8.txt,barabasi_albert_10ins_m20,48,SpecAnn,0.9760921603577252,1.0,-14299.0,0.0123372077941894,0,True,6,33,True,121,32,2025-11-16 05:58:28
ba_64_1_8.txt,barabasi_albert_10ins_m20,48,SpecAnn,0.9801172997452104,1.0,-14299.0,0.0122864246368408,0,True,6,33,True,122,32,2025-11-16 05:58:28
ba_64_1_8.txt,barabasi_albert_10ins_m20,48,SpecAnn,0.9841259761879442,1.0,-14299.0,0.0122616291046142,0,True,6,33,True,123,32,2025-11-16 05:58:28
ba_64_1_8.txt,barabasi_albert_10ins_m20,48,SpecAnn,0.9881183900504562,1.0,-14299.0,0.0121936798095703,0,True,6,33,True,124,32,2025-11-16 05:58:28
ba_64_1_8.txt,barabasi_albert_10ins_m20,48,SpecAnn,0.9920947376656812,1.0,-14299.0,0.012233018875122,0,True,6,33,True,125,32,2025-11-16 05:58:28
ba_64_1_8.txt,barabasi_albert_10ins_m20,48,SpecAnn,0.9960552114476228,1.0,-14299.0,0.0124280452728271,0,True,6,33,True,126,32,2025-11-16 05:58:28
ba_64_1_8.txt,barabasi_albert_10ins_m20,48,SpecAnn,1.0,1.0,-14299.0,0.0125176906585693,0,True,6,33,True,127,32,2025-11-16 05:58:28
ba_64_1_8.txt,barabasi_albert_10ins_m20,49,SpecAnn,0.0,1.0,-14359.000000000002,0.0130112171173095,0,True,15,33,True,0,32,2025-11-16 05:58:29
ba_64_1_8.txt,barabasi_albert_10ins_m20,49,SpecAnn,0.0887356509416113,1.0,-14359.000000000002,0.0122714042663574,0,True,15,33,True,1,32,2025-11-16 05:58:29
ba_64_1_8.txt,barabasi_albert_10ins_m20,49,SpecAnn,0.1254911610276317,1.0,-14359.000000000002,0.0122685432434082,0,True,15,33,True,2,32,2025-11-16 05:58:29
ba_64_1_8.txt,barabasi_albert_10ins_m20,49,SpecAnn,0.1536946558735679,1.0,-14359.000000000002,0.0121572017669677,0,True,15,33,True,3,32,2025-11-16 05:58:29
ba_64_1_8.txt,barabasi_albert_10ins_m20,49,SpecAnn,0.1774713018832227,1.0,-14359.000000000002,0.012192964553833,0,True,15,33,True,4,32,2025-11-16 05:58:29
ba_64_1_8.txt,barabasi_albert_10ins_m20,49,SpecAnn,0.1984189475331362,1.0,-14359.000000000002,0.0121819972991943,0,True,15,33,True,5,32,2025-11-16 05:58:29
ba_64_1_8.txt,barabasi_albert_10ins_m20,49,SpecAnn,0.2173570668006655,1.0,-14359.000000000002,0.0121271610260009,0,True,15,33,True,6,32,2025-11-16 05:58:29
ba_64_1_8.txt,barabasi_albert_10ins_m20,49,SpecAnn,0.2347724648169381,1.0,-14359.000000000002,0.01224946975708,0,True,15,33,True,7,32,2025-11-16 05:58:29
ba_64_1_8.txt,barabasi_albert_10ins_m20,49,SpecAnn,0.2509823220552634,1.0,-14359.000000000002,0.0122973918914794,0,True,15,33,True,8,32,2025-11-16 05:58:29
ba_64_1_8.txt,barabasi_albert_10ins_m20,49,SpecAnn,0.2662069528248341,1.0,-14359.000000000002,0.0122005939483642,0,True,15,33,True,9,32,2025-11-16 05:58:29
ba_64_1_8.txt,barabasi_albert_10ins_m20,49,SpecAnn,0.2806067666331568,1.0,-14359.000000000002,0.012312889099121,0,True,15,33,True,10,32,2025-11-16 05:58:29
ba_64_1_8.txt,barabasi_albert_10ins_m20,49,SpecAnn,0.2943028597012718,1.0,-14359.000000000002,0.0123884677886962,0,True,15,33,True,11,32,2025-11-16 05:58:29
ba_64_1_8.txt,barabasi_albert_10ins_m20,49,SpecAnn,0.3073893117471359,1.0,-14359.000000000002,0.0123822689056396,0,True,15,33,True,12,32,2025-11-16 05:58:29
ba_64_1_8.txt,barabasi_albert_10ins_m20,49,SpecAnn,0.3199409394316542,1.0,-14359.000000000002,0.0124258995056152,0,True,15,33,True,13,32,2025-11-16 05:58:29
ba_64_1_8.txt,barabasi_albert_10ins_m20,49,SpecAnn,0.3320184038158743,1.0,-14359.000000000002,0.0121550559997558,0,True,15,33,True,14,32,2025-11-16 05:58:29
ba_64_1_8.txt,barabasi_albert_10ins_m20,49,SpecAnn,0.3436716983117353,1.0,-14359.000000000002,0.0122742652893066,0,True,15,33,True,15,32,2025-11-16 05:58:29
ba_64_1_8.txt,barabasi_albert_10ins_m20,49,SpecAnn,0.3549426037664455,1.0,-14359.000000000002,0.0122451782226562,0,True,15,33,True,16,32,2025-11-16 05:58:29
ba_64_1_8.txt,barabasi_albert_10ins_m20,49,SpecAnn,0.3658664615902029,1.0,-14359.000000000002,0.0121474266052246,0,True,15,33,True,17,32,2025-11-16 05:58:29
ba_64_1_8.txt,barabasi_albert_10ins_m20,49,SpecAnn,0.3764734830828951,1.0,-14359.000000000002,0.0122835636138916,0,True,15,33,True,18,32,2025-11-16 05:58:29
ba_64_1_8.txt,barabasi_albert_10ins_m20,49,SpecAnn,0.3867897351437838,1.0,-14308.999999999998,0.0122287273406982,0,True,15,33,True,19,32,2025-11-16 05:58:29
ba_64_1_8.txt,barabasi_albert_10ins_m20,49,SpecAnn,0.3968378950662725,1.0,-14308.999999999998,0.0122954845428466,0,True,15,33,True,20,32,2025-11-16 05:58:29
ba_64_1_8.txt,barabasi_albert_10ins_m20,49,SpecAnn,0.4066378372811136,1.0,-14308.999999999998,0.01220703125,0,True,15,33,True,21,32,2025-11-16 05:58:29
ba_64_1_8.txt,barabasi_albert_10ins_m20,49,SpecAnn,0.4162070956347247,1.0,-14308.999999999998,0.0122725963592529,0,True,15,33,True,22,32,2025-11-16 05:58:29
ba_64_1_8.txt,barabasi_albert_10ins_m20,49,SpecAnn,0.4255612320274539,1.0,-14308.999999999998,0.01224946975708,0,True,15,33,True,23,32,2025-11-16 05:58:29
ba_64_1_8.txt,barabasi_albert_10ins_m20,49,SpecAnn,0.434714133601331,1.0,-14308.999999999998,0.012336254119873,0,True,15,33,True,24,32,2025-11-16 05:58:29
ba_64_1_8.txt,barabasi_albert_10ins_m20,49,SpecAnn,0.4436782547080569,1.0,-14308.999999999998,0.0121877193450927,0,True,15,33,True,25,32,2025-11-16 05:58:29
ba_64_1_8.txt,barabasi_albert_10ins_m20,49,SpecAnn,0.4524648157026343,1.0,-14308.999999999998,0.0122349262237548,0,True,15,33,True,26,32,2025-11-16 05:58:29
ba_64_1_8.txt,barabasi_albert_10ins_m20,49,SpecAnn,0.4610839676207039,1.0,-14308.999999999998,0.0122108459472656,0,True,15,33,True,27,32,2025-11-16 05:58:29
ba_64_1_8.txt,barabasi_albert_10ins_m20,49,SpecAnn,0.4695449296338763,1.0,-14308.999999999998,0.0123047828674316,0,True,15,33,True,28,32,2025-11-16 05:58:29
ba_64_1_8.txt,barabasi_albert_10ins_m20,49,SpecAnn,0.4778561045889373,1.0,-14308.999999999998,0.0122661590576171,0,True,15,33,True,29,32,2025-11-16 05:58:29
ba_64_1_8.txt,barabasi_albert_10ins_m20,49,SpecAnn,0.4860251767562508,1.0,-14308.999999999998,0.0122525691986083,0,True,15,33,True,30,32,2025-11-16 05:58:29
ba_64_1_8.txt,barabasi_albert_10ins_m20,49,SpecAnn,0.4940591950252281,1.0,-14308.999999999998,0.0122194290161132,0,True,15,33,True,31,32,2025-11-16 05:58:29
ba_64_1_8.txt,barabasi_albert_10ins_m20,49,SpecAnn,0.5019646441105269,1.0,-14308.999999999998,0.0125114917755126,0,True,15,33,True,32,32,2025-11-16 05:58:29
ba_64_1_8.txt,barabasi_albert_10ins_m20,49,SpecAnn,0.5097475058154177,1.0,-14308.999999999998,0.0125844478607177,0,True,15,33,True,33,32,2025-11-16 05:58:29
ba_64_1_8.txt,barabasi_albert_10ins_m20,49,SpecAnn,0.51741331199832,1.0,-14308.999999999998,0.0125021934509277,0,True,15,33,True,34,32,2025-11-16 05:58:29
ba_64_1_8.txt,barabasi_albert_10ins_m20,49,SpecAnn,0.5249671905758515,1.0,-14308.999999999998,0.0123877525329589,0,True,15,33,True,35,32,2025-11-16 05:58:29
ba_64_1_8.txt,barabasi_albert_10ins_m20,49,SpecAnn,0.5324139056496683,1.0,-14308.999999999998,0.0123162269592285,0,True,15,33,True,36,32,2025-11-16 05:58:29
ba_64_1_8.txt,barabasi_albert_10ins_m20,49,SpecAnn,0.5397578926492556,1.0,-14308.999999999998,0.0122764110565185,0,True,15,33,True,37,32,2025-11-16 05:58:29
ba_64_1_8.txt,barabasi_albert_10ins_m20,49,SpecAnn,0.5470032892270364,1.0,-14308.999999999998,0.0121686458587646,0,True,15,33,True,38,32,2025-11-16 05:58:29
ba_64_1_8.txt,barabasi_albert_10ins_m20,49,SpecAnn,0.554153962516942,1.0,-14308.999999999998,0.0123484134674072,0,True,15,33,True,39,32,2025-11-16 05:58:29
ba_64_1_8.txt,barabasi_albert_10ins_m20,49,SpecAnn,0.5612135332663137,1.0,-14308.999999999998,0.0123286247253417,0,True,15,33,True,40,32,2025-11-16 05:58:29
ba_64_1_8.txt,barabasi_albert_10ins_m20,49,SpecAnn,0.5681853972686127,1.0,-14308.999999999998,0.0123071670532226,0,True,15,33,True,41,32,2025-11-16 05:58:29
ba_64_1_8.txt,barabasi_albert_10ins_m20,49,SpecAnn,0.5750727444570146,1.0,-14308.999999999998,0.0122492313385009,0,True,15,33,True,42,32,2025-11-16 05:58:29
ba_64_1_8.txt,barabasi_albert_10ins_m20,49,SpecAnn,0.5818785759635375,1.0,-14308.999999999998,0.0122139453887939,0,True,15,33,True,43,32,2025-11-16 05:58:29
ba_64_1_8.txt,barabasi_albert_10ins_m20,49,SpecAnn,0.5886057194025436,1.0,-14308.999999999998,0.0122535228729248,0,True,15,33,True,44,32,2025-11-16 05:58:29
ba_64_1_8.txt,barabasi_albert_10ins_m20,49,SpecAnn,0.5952568425994088,1.0,-14308.999999999998,0.0122253894805908,0,True,15,33,True,45,32,2025-11-16 05:58:29
ba_64_1_8.txt,barabasi_albert_10ins_m20,49,SpecAnn,0.6018344659534288,1.0,-14308.999999999998,0.0123317241668701,0,True,15,33,True,46,32,2025-11-16 05:58:29
ba_64_1_8.txt,barabasi_albert_10ins_m20,49,SpecAnn,0.6083409735974393,1.0,-14308.999999999998,0.0123240947723388,0,True,15,33,True,47,32,2025-11-16 05:58:29
ba_64_1_8.txt,barabasi_albert_10ins_m20,49,SpecAnn,0.6147786234942719,1.0,-14308.999999999998,0.0122737884521484,0,True,15,33,True,48,32,2025-11-16 05:58:29
ba_64_1_8.txt,barabasi_albert_10ins_m20,49,SpecAnn,0.6211495565912796,1.0,-14308.999999999998,0.0122661590576171,0,True,15,33,True,49,32,2025-11-16 05:58:29
ba_64_1_8.txt,barabasi_albert_10ins_m20,49,SpecAnn,0.6274558051381586,1.0,-14308.999999999998,0.0123264789581298,0,True,15,33,True,50,32,2025-11-16 05:58:29
ba_64_1_8.txt,barabasi_albert_10ins_m20,49,SpecAnn,0.6336993002596786,1.0,-14308.999999999998,0.0122966766357421,0,True,15,33,True,51,32,2025-11-16 05:58:29
ba_64_1_8.txt,barabasi_albert_10ins_m20,49,SpecAnn,0.6398818788633085,1.0,-14308.999999999998,0.0123424530029296,0,True,15,33,True,52,32,2025-11-16 05:58:29
ba_64_1_8.txt,barabasi_albert_10ins_m20,49,SpecAnn,0.6460052899517691,1.0,-14308.999999999998,0.0122556686401367,0,True,15,33,True,53,32,2025-11-16 05:58:29
ba_64_1_8.txt,barabasi_albert_10ins_m20,49,SpecAnn,0.6520712004019966,1.0,-14299.0,0.0122525691986083,0,True,15,33,True,54,32,2025-11-16 05:58:29
ba_64_1_8.txt,barabasi_albert_10ins_m20,49,SpecAnn,0.6580812002646271,1.0,-14299.0,0.0122489929199218,0,True,15,33,True,55,32,2025-11-16 05:58:29
ba_64_1_8.txt,barabasi_albert_10ins_m20,49,SpecAnn,0.6640368076317485,1.0,-14299.0,0.0122997760772705,0,True,15,33,True,56,32,2025-11-16 05:58:29
ba_64_1_8.txt,barabasi_albert_10ins_m20,49,SpecAnn,0.6699394731151429,1.0,-14299.0,0.0122525691986083,0,True,15,33,True,57,32,2025-11-16 05:58:29
ba_64_1_8.txt,barabasi_albert_10ins_m20,49,SpecAnn,0.6757905839724513,1.0,-14299.0,0.0123212337493896,0,True,15,33,True,58,32,2025-11-16 05:58:29
ba_64_1_8.txt,barabasi_albert_10ins_m20,49,SpecAnn,0.6815914679145113,1.0,-14299.0,0.0122549533843994,0,True,15,33,True,59,32,2025-11-16 05:58:29
ba_64_1_8.txt,barabasi_albert_10ins_m20,49,SpecAnn,0.6873433966234707,1.0,-14299.0,0.0122435092926025,0,True,15,33,True,60,32,2025-11-16 05:58:29
ba_64_1_8.txt,barabasi_albert_10ins_m20,49,SpecAnn,0.6930475890080863,1.0,-14299.0,0.0123500823974609,0,True,15,33,True,61,32,2025-11-16 05:58:29
ba_64_1_8.txt,barabasi_albert_10ins_m20,49,SpecAnn,0.6987052142198116,1.0,-14299.0,0.0121688842773437,0,True,15,33,True,62,32,2025-11-16 05:58:29
ba_64_1_8.txt,barabasi_albert_10ins_m20,49,SpecAnn,0.7043173944508145,1.0,-14299.0,0.0123987197875976,0,True,15,33,True,63,32,2025-11-16 05:58:29
ba_64_1_8.txt,barabasi_albert_10ins_m20,49,SpecAnn,0.709885207532891,1.0,-14299.0,0.012502908706665,0,True,15,33,True,64,32,2025-11-16 05:58:29
ba_64_1_8.txt,barabasi_albert_10ins_m20,49,SpecAnn,0.7154096893543218,1.0,-14299.0,0.0124554634094238,0,True,15,33,True,65,32,2025-11-16 05:58:29
ba_64_1_8.txt,barabasi_albert_10ins_m20,49,SpecAnn,0.7208918361100219,1.0,-14299.0,0.0124537944793701,0,True,15,33,True,66,32,2025-11-16 05:58:29
ba_64_1_8.txt,barabasi_albert_10ins_m20,49,SpecAnn,0.7263326063988248,1.0,-14299.0,0.0124804973602294,0,True,15,33,True,67,32,2025-11-16 05:58:29
ba_64_1_8.txt,barabasi_albert_10ins_m20,49,SpecAnn,0.7317329231804058,1.0,-14299.0,0.0123798847198486,0,True,15,33,True,68,32,2025-11-16 05:58:29
ba_64_1_8.txt,barabasi_albert_10ins_m20,49,SpecAnn,0.7370936756031579,1.0,-14299.0,0.0123586654663085,0,True,15,33,True,69,32,2025-11-16 05:58:29
ba_64_1_8.txt,barabasi_albert_10ins_m20,49,SpecAnn,0.7424157207132704,1.0,-14299.0,0.0123496055603027,0,True,15,33,True,70,32,2025-11-16 05:58:29
ba_64_1_8.txt,barabasi_albert_10ins_m20,49,SpecAnn,0.7476998850543153,1.0,-14299.0,0.0121760368347167,0,True,15,33,True,71,32,2025-11-16 05:58:29
ba_64_1_8.txt,barabasi_albert_10ins_m20,49,SpecAnn,0.7529469661657903,1.0,-14299.0,0.0124166011810302,0,True,15,33,True,72,32,2025-11-16 05:58:29
ba_64_1_8.txt,barabasi_albert_10ins_m20,49,SpecAnn,0.7581577339883167,1.0,-14299.0,0.0124483108520507,0,True,15,33,True,73,32,2025-11-16 05:58:29
ba_64_1_8.txt,barabasi_albert_10ins_m20,49,SpecAnn,0.7633329321824984,1.0,-14299.0,0.0124280452728271,0,True,15,33,True,74,32,2025-11-16 05:58:29
ba_64_1_8.txt,barabasi_albert_10ins_m20,49,SpecAnn,0.7684732793678399,1.0,-14299.0,0.0124256610870361,0,True,15,33,True,75,32,2025-11-16 05:58:29
ba_64_1_8.txt,barabasi_albert_10ins_m20,49,SpecAnn,0.7735794702875677,1.0,-14299.0,0.0124347209930419,0,True,15,33,True,76,32,2025-11-16 05:58:30
ba_64_1_8.txt,barabasi_albert_10ins_m20,49,SpecAnn,0.7786521769046981,1.0,-14299.0,0.0123176574707031,0,True,15,33,True,77,32,2025-11-16 05:58:30
ba_64_1_8.txt,barabasi_albert_10ins_m20,49,SpecAnn,0.7836920494342511,1.0,-14299.0,0.0122325420379638,0,True,15,33,True,78,32,2025-11-16 05:58:30
ba_64_1_8.txt,barabasi_albert_10ins_m20,49,SpecAnn,0.788699717316095,1.0,-14299.0,0.0121166706085205,0,True,15,33,True,79,32,2025-11-16 05:58:30
ba_64_1_8.txt,barabasi_albert_10ins_m20,49,SpecAnn,0.7936757901325451,1.0,-14299.0,0.0124361515045166,0,True,15,33,True,80,32,2025-11-16 05:58:30
ba_64_1_8.txt,barabasi_albert_10ins_m20,49,SpecAnn,0.7986208584745024,1.0,-14299.0,0.0124673843383789,0,True,15,33,True,81,32,2025-11-16 05:58:30
ba_64_1_8.txt,barabasi_albert_10ins_m20,49,SpecAnn,0.803535494759617,1.0,-14299.0,0.0124316215515136,0,True,15,33,True,82,32,2025-11-16 05:58:30
ba_64_1_8.txt,barabasi_albert_10ins_m20,49,SpecAnn,0.8084202540056837,1.0,-14299.0,0.0124239921569824,0,True,15,33,True,83,32,2025-11-16 05:58:30
ba_64_1_8.txt,barabasi_albert_10ins_m20,49,SpecAnn,0.8132756745622272,1.0,-14299.0,0.0121881961822509,0,True,15,33,True,84,32,2025-11-16 05:58:30
ba_64_1_8.txt,barabasi_albert_10ins_m20,49,SpecAnn,0.8181022788030096,1.0,-14299.0,0.0122568607330322,0,True,15,33,True,85,32,2025-11-16 05:58:30
ba_64_1_8.txt,barabasi_albert_10ins_m20,49,SpecAnn,0.822900573781978,1.0,-14299.0,0.0122735500335693,0,True,15,33,True,86,32,2025-11-16 05:58:30
ba_64_1_8.txt,barabasi_albert_10ins_m20,49,SpecAnn,0.8276710518549868,1.0,-14299.0,0.0121741294860839,0,True,15,33,True,87,32,2025-11-16 05:58:30
ba_64_1_8.txt,barabasi_albert_10ins_m20,49,SpecAnn,0.8324141912694495,1.0,-14299.0,0.0123858451843261,0,True,15,33,True,88,32,2025-11-16 05:58:30
ba_64_1_8.txt,barabasi_albert_10ins_m20,49,SpecAnn,0.8371304567239225,1.0,-14299.0,0.0124828815460205,0,True,15,33,True,89,32,2025-11-16 05:58:30
ba_64_1_8.txt,barabasi_albert_10ins_m20,49,SpecAnn,0.8418202998994706,1.0,-14299.0,0.0124170780181884,0,True,15,33,True,90,32,2025-11-16 05:58:30
ba_64_1_8.txt,barabasi_albert_10ins_m20,49,SpecAnn,0.846484159964536,1.0,-14299.0,0.0125284194946289,0,True,15,33,True,91,32,2025-11-16 05:58:30
ba_64_1_8.txt,barabasi_albert_10ins_m20,49,SpecAnn,0.8511224640549078,1.0,-14299.0,0.0124514102935791,0,True,15,33,True,92,32,2025-11-16 05:58:30
ba_64_1_8.txt,barabasi_albert_10ins_m20,49,SpecAnn,0.8557356277302758,1.0,-14299.0,0.012460708618164,0,True,15,33,True,93,32,2025-11-16 05:58:30
ba_64_1_8.txt,barabasi_albert_10ins_m20,49,SpecAnn,0.8603240554087516,1.0,-14299.0,0.0123929977416992,0,True,15,33,True,94,32,2025-11-16 05:58:30
ba_64_1_8.txt,barabasi_albert_10ins_m20,49,SpecAnn,0.86488814078064,1.0,-14299.0,0.0124173164367675,0,True,15,33,True,95,32,2025-11-16 05:58:30
ba_64_1_8.txt,barabasi_albert_10ins_m20,49,SpecAnn,0.8694282672026621,1.0,-14299.0,0.0124320983886718,0,True,15,33,True,96,32,2025-11-16 05:58:30
ba_64_1_8.txt,barabasi_albert_10ins_m20,49,SpecAnn,0.8739448080737451,1.0,-14299.0,0.0124781131744384,0,True,15,33,True,97,32,2025-11-16 05:58:30
ba_64_1_8.txt,barabasi_albert_10ins_m20,49,SpecAnn,0.878438127193422,1.0,-14299.0,0.0124170780181884,0,True,15,33,True,98,32,2025-11-16 05:58:30
ba_64_1_8.txt,barabasi_albert_10ins_m20,49,SpecAnn,0.8829085791038153,1.0,-14299.0,0.0123610496520996,0,True,15,33,True,99,32,2025-11-16 05:58:30
ba_64_1_8.txt,barabasi_albert_10ins_m20,49,SpecAnn,0.8873565094161138,1.0,-14299.0,0.0122385025024414,0,True,15,33,True,100,32,2025-11-16 05:58:30
ba_64_1_8.txt,barabasi_albert_10ins_m20,49,SpecAnn,0.8917822551223932,1.0,-14299.0,0.0122952461242675,0,True,15,33,True,101,32,2025-11-16 05:58:30
ba_64_1_8.txt,barabasi_albert_10ins_m20,49,SpecAnn,0.8961861448935777,1.0,-14299.0,0.012277603149414,0,True,15,33,True,102,32,2025-11-16 05:58:30
ba_64_1_8.txt,barabasi_albert_10ins_m20,49,SpecAnn,0.9005684993642872,1.0,-14299.0,0.0122215747833251,0,True,15,33,True,103,32,2025-11-16 05:58:30
ba_64_1_8.txt,barabasi_albert_10ins_m20,49,SpecAnn,0.9049296314052688,1.0,-14299.0,0.0122272968292236,0,True,15,33,True,104,32,2025-11-16 05:58:30
ba_64_1_8.txt,barabasi_albert_10ins_m20,49,SpecAnn,0.9092698463840684,1.0,-14299.0,0.0123414993286132,0,True,15,33,True,105,32,2025-11-16 05:58:30
ba_64_1_8.txt,barabasi_albert_10ins_m20,49,SpecAnn,0.9135894424145556,1.0,-14299.0,0.0122702121734619,0,True,15,33,True,106,32,2025-11-16 05:58:30
ba_64_1_8.txt,barabasi_albert_10ins_m20,49,SpecAnn,0.9178887105958816,1.0,-14299.0,0.0122413635253906,0,True,15,33,True,107,32,2025-11-16 05:58:30
ba_64_1_8.txt,barabasi_albert_10ins_m20,49,SpecAnn,0.922167935241408,1.0,-14299.0,0.0122568607330322,0,True,15,33,True,108,32,2025-11-16 05:58:30
ba_64_1_8.txt,barabasi_albert_10ins_m20,49,SpecAnn,0.92642739409812,1.0,-14299.0,0.0122394561767578,0,True,15,33,True,109,32,2025-11-16 05:58:30
ba_64_1_8.txt,barabasi_albert_10ins_m20,49,SpecAnn,0.9306673585570006,1.0,-14299.0,0.0122854709625244,0,True,15,33,True,110,32,2025-11-16 05:58:30
ba_64_1_8.txt,barabasi_albert_10ins_m20,49,SpecAnn,0.9348880938548184,1.0,-14299.0,0.0122542381286621,0,True,15,33,True,111,32,2025-11-16 05:58:30
ba_64_1_8.txt,barabasi_albert_10ins_m20,49,SpecAnn,0.9390898592677528,1.0,-14299.0,0.0122797489166259,0,True,15,33,True,112,32,2025-11-16 05:58:30
ba_64_1_8.txt,barabasi_albert_10ins_m20,49,SpecAnn,0.9432729082972536,1.0,-14299.0,0.0124611854553222,0,True,15,33,True,113,32,2025-11-16 05:58:30
ba_64_1_8.txt,barabasi_albert_10ins_m20,49,SpecAnn,0.9474374888485204,1.0,-14299.0,0.0124313831329345,0,True,15,33,True,114,32,2025-11-16 05:58:30
ba_64_1_8.txt,barabasi_albert_10ins_m20,49,SpecAnn,0.9515838434019476,1.0,-14299.0,0.012399673461914,0,True,15,33,True,115,32,2025-11-16 05:58:30
ba_64_1_8.txt,barabasi_albert_10ins_m20,49,SpecAnn,0.9557122091778746,1.0,-14299.0,0.012467622756958,0,True,15,33,True,116,32,2025-11-16 05:58:30
ba_64_1_8.txt,barabasi_albert_10ins_m20,49,SpecAnn,0.9598228182949629,1.0,-14299.0,0.0124449729919433,0,True,15,33,True,117,32,2025-11-16 05:58:30
ba_64_1_8.txt,barabasi_albert_10ins_m20,49,SpecAnn,0.963915897922488,1.0,-14299.0,0.0123188495635986,0,True,15,33,True,118,32,2025-11-16 05:58:30
ba_64_1_8.txt,barabasi_albert_10ins_m20,49,SpecAnn,0.967991670426842,1.0,-14299.0,0.0122961997985839,0,True,15,33,True,119,32,2025-11-16 05:58:30
ba_64_1_8.txt,barabasi_albert_10ins_m20,49,SpecAnn,0.9720503535125016,1.0,-14299.0,0.0122337341308593,0,True,15,33,True,120,32,2025-11-16 05:58:30
ba_64_1_8.txt,barabasi_albert_10ins_m20,49,SpecAnn,0.9760921603577252,1.0,-14299.0,0.0123786926269531,0,True,15,33,True,121,32,2025-11-16 05:58:30
ba_64_1_8.txt,barabasi_albert_10ins_m20,49,SpecAnn,0.9801172997452104,1.0,-14299.0,0.0121748447418212,0,True,15,33,True,122,32,2025-11-16 05:58:30
ba_64_1_8.txt,barabasi_albert_10ins_m20,49,SpecAnn,0.9841259761879442,1.0,-14299.0,0.0121905803680419,0,True,15,33,True,123,32,2025-11-16 05:58:30
ba_64_1_8.txt,barabasi_albert_10ins_m20,49,SpecAnn,0.9881183900504562,1.0,-14299.0,0.0121562480926513,0,True,15,33,True,124,32,2025-11-16 05:58:30
ba_64_1_8.txt,barabasi_albert_10ins_m20,49,SpecAnn,0.9920947376656812,1.0,-14299.0,0.0122549533843994,0,True,15,33,True,125,32,2025-11-16 05:58:30
ba_64_1_8.txt,barabasi_albert_10ins_m20,49,SpecAnn,0.9960552114476228,1.0,-14299.0,0.0122513771057128,0,True,15,33,True,126,32,2025-11-16 05:58:30
ba_64_1_8.txt,barabasi_albert_10ins_m20,49,SpecAnn,1.0,1.0,-14299.0,0.0121688842773437,0,True,15,33,True,127,32,2025-11-16 05:58:30
ba_64_1_8.txt,barabasi_albert_10ins_m20,50,SpecAnn,0.0,1.0,-14359.000000000002,0.0131251811981201,0,True,15,33,True,0,32,2025-11-16 05:58:30
ba_64_1_8.txt,barabasi_albert_10ins_m20,50,SpecAnn,0.0887356509416113,1.0,-14359.000000000002,0.01237154006958,0,True,15,33,True,1,32,2025-11-16 05:58:30
ba_64_1_8.txt,barabasi_albert_10ins_m20,50,SpecAnn,0.1254911610276317,1.0,-14359.000000000002,0.0123360157012939,0,True,15,33,True,2,32,2025-11-16 05:58:30
ba_64_1_8.txt,barabasi_albert_10ins_m20,50,SpecAnn,0.1536946558735679,1.0,-14359.000000000002,0.0122029781341552,0,True,15,33,True,3,32,2025-11-16 05:58:30
ba_64_1_8.txt,barabasi_albert_10ins_m20,50,SpecAnn,0.1774713018832227,1.0,-14359.000000000002,0.0122220516204833,0,True,15,33,True,4,32,2025-11-16 05:58:30
ba_64_1_8.txt,barabasi_albert_10ins_m20,50,SpecAnn,0.1984189475331362,1.0,-14359.000000000002,0.0121839046478271,0,True,15,33,True,5,32,2025-11-16 05:58:30
ba_64_1_8.txt,barabasi_albert_10ins_m20,50,SpecAnn,0.2173570668006655,1.0,-14359.000000000002,0.0122709274291992,0,True,15,33,True,6,32,2025-11-16 05:58:30
ba_64_1_8.txt,barabasi_albert_10ins_m20,50,SpecAnn,0.2347724648169381,1.0,-14359.000000000002,0.0122106075286865,0,True,15,33,True,7,32,2025-11-16 05:58:30
ba_64_1_8.txt,barabasi_albert_10ins_m20,50,SpecAnn,0.2509823220552634,1.0,-14359.000000000002,0.0122456550598144,0,True,15,33,True,8,32,2025-11-16 05:58:30
ba_64_1_8.txt,barabasi_albert_10ins_m20,50,SpecAnn,0.2662069528248341,1.0,-14359.000000000002,0.0122261047363281,0,True,15,33,True,9,32,2025-11-16 05:58:30
ba_64_1_8.txt,barabasi_albert_10ins_m20,50,SpecAnn,0.2806067666331568,1.0,-14359.000000000002,0.0123877525329589,0,True,15,33,True,10,32,2025-11-16 05:58:30
ba_64_1_8.txt,barabasi_albert_10ins_m20,50,SpecAnn,0.2943028597012718,1.0,-14359.000000000002,0.0121903419494628,0,True,15,33,True,11,32,2025-11-16 05:58:30
ba_64_1_8.txt,barabasi_albert_10ins_m20,50,SpecAnn,0.3073893117471359,1.0,-14359.000000000002,0.012223482131958,0,True,15,33,True,12,32,2025-11-16 05:58:30
ba_64_1_8.txt,barabasi_albert_10ins_m20,50,SpecAnn,0.3199409394316542,1.0,-14359.000000000002,0.0122416019439697,0,True,15,33,True,13,32,2025-11-16 05:58:30
ba_64_1_8.txt,barabasi_albert_10ins_m20,50,SpecAnn,0.3320184038158743,1.0,-14359.000000000002,0.0122544765472412,0,True,15,33,True,14,32,2025-11-16 05:58:30
ba_64_1_8.txt,barabasi_albert_10ins_m20,50,SpecAnn,0.3436716983117353,1.0,-14359.000000000002,0.0122280120849609,0,True,15,33,True,15,32,2025-11-16 05:58:30
ba_64_1_8.txt,barabasi_albert_10ins_m20,50,SpecAnn,0.3549426037664455,1.0,-14359.000000000002,0.012190818786621,0,True,15,33,True,16,32,2025-11-16 05:58:30
ba_64_1_8.txt,barabasi_albert_10ins_m20,50,SpecAnn,0.3658664615902029,1.0,-14359.000000000002,0.0122933387756347,0,True,15,33,True,17,32,2025-11-16 05:58:30
ba_64_1_8.txt,barabasi_albert_10ins_m20,50,SpecAnn,0.3764734830828951,1.0,-14359.000000000002,0.012568712234497,0,True,15,33,True,18,32,2025-11-16 05:58:30
ba_64_1_8.txt,barabasi_albert_10ins_m20,50,SpecAnn,0.3867897351437838,1.0,-14308.999999999998,0.0124611854553222,0,True,15,33,True,19,32,2025-11-16 05:58:30
ba_64_1_8.txt,barabasi_albert_10ins_m20,50,SpecAnn,0.3968378950662725,1.0,-14308.999999999998,0.0125041007995605,0,True,15,33,True,20,32,2025-11-16 05:58:30
ba_64_1_8.txt,barabasi_albert_10ins_m20,50,SpecAnn,0.4066378372811136,1.0,-14308.999999999998,0.012467622756958,0,True,15,33,True,21,32,2025-11-16 05:58:31
ba_64_1_8.txt,barabasi_albert_10ins_m20,50,SpecAnn,0.4162070956347247,1.0,-14308.999999999998,0.0124969482421875,0,True,15,33,True,22,32,2025-11-16 05:58:31
ba_64_1_8.txt,barabasi_albert_10ins_m20,50,SpecAnn,0.4255612320274539,1.0,-14308.999999999998,0.0122842788696289,0,True,15,33,True,23,32,2025-11-16 05:58:31
ba_64_1_8.txt,barabasi_albert_10ins_m20,50,SpecAnn,0.434714133601331,1.0,-14308.999999999998,0.0122253894805908,0,True,15,33,True,24,32,2025-11-16 05:58:31
ba_64_1_8.txt,barabasi_albert_10ins_m20,50,SpecAnn,0.4436782547080569,1.0,-14308.999999999998,0.0122437477111816,0,True,15,33,True,25,32,2025-11-16 05:58:31
ba_64_1_8.txt,barabasi_albert_10ins_m20,50,SpecAnn,0.4524648157026343,1.0,-14308.999999999998,0.0125873088836669,0,True,15,33,True,26,32,2025-11-16 05:58:31
ba_64_1_8.txt,barabasi_albert_10ins_m20,50,SpecAnn,0.4610839676207039,1.0,-14308.999999999998,0.0125555992126464,0,True,15,33,True,27,32,2025-11-16 05:58:31
ba_64_1_8.txt,barabasi_albert_10ins_m20,50,SpecAnn,0.4695449296338763,1.0,-14308.999999999998,0.0125114917755126,0,True,15,33,True,28,32,2025-11-16 05:58:31
ba_64_1_8.txt,barabasi_albert_10ins_m20,50,SpecAnn,0.4778561045889373,1.0,-14308.999999999998,0.0123953819274902,0,True,15,33,True,29,32,2025-11-16 05:58:31
ba_64_1_8.txt,barabasi_albert_10ins_m20,50,SpecAnn,0.4860251767562508,1.0,-14308.999999999998,0.0122861862182617,0,True,15,33,True,30,32,2025-11-16 05:58:31
ba_64_1_8.txt,barabasi_albert_10ins_m20,50,SpecAnn,0.4940591950252281,1.0,-14308.999999999998,0.0123183727264404,0,True,15,33,True,31,32,2025-11-16 05:58:31
ba_64_1_8.txt,barabasi_albert_10ins_m20,50,SpecAnn,0.5019646441105269,1.0,-14308.999999999998,0.0122873783111572,0,True,15,33,True,32,32,2025-11-16 05:58:31
ba_64_1_8.txt,barabasi_albert_10ins_m20,50,SpecAnn,0.5097475058154177,1.0,-14308.999999999998,0.0123472213745117,0,True,15,33,True,33,32,2025-11-16 05:58:31
ba_64_1_8.txt,barabasi_albert_10ins_m20,50,SpecAnn,0.51741331199832,1.0,-14308.999999999998,0.0124225616455078,0,True,15,33,True,34,32,2025-11-16 05:58:31
ba_64_1_8.txt,barabasi_albert_10ins_m20,50,SpecAnn,0.5249671905758515,1.0,-14308.999999999998,0.0122296810150146,0,True,15,33,True,35,32,2025-11-16 05:58:31
ba_64_1_8.txt,barabasi_albert_10ins_m20,50,SpecAnn,0.5324139056496683,1.0,-14308.999999999998,0.0122201442718505,0,True,15,33,True,36,32,2025-11-16 05:58:31
ba_64_1_8.txt,barabasi_albert_10ins_m20,50,SpecAnn,0.5397578926492556,1.0,-14308.999999999998,0.0122606754302978,0,True,15,33,True,37,32,2025-11-16 05:58:31
ba_64_1_8.txt,barabasi_albert_10ins_m20,50,SpecAnn,0.5470032892270364,1.0,-14308.999999999998,0.0125222206115722,0,True,15,33,True,38,32,2025-11-16 05:58:31
ba_64_1_8.txt,barabasi_albert_10ins_m20,50,SpecAnn,0.554153962516942,1.0,-14308.999999999998,0.0126130580902099,0,True,15,33,True,39,32,2025-11-16 05:58:31
ba_64_1_8.txt,barabasi_albert_10ins_m20,50,SpecAnn,0.5612135332663137,1.0,-14308.999999999998,0.0125548839569091,0,True,15,33,True,40,32,2025-11-16 05:58:31
ba_64_1_8.txt,barabasi_albert_10ins_m20,50,SpecAnn,0.5681853972686127,1.0,-14308.999999999998,0.0128099918365478,0,True,15,33,True,41,32,2025-11-16 05:58:31
ba_64_1_8.txt,barabasi_albert_10ins_m20,50,SpecAnn,0.5750727444570146,1.0,-14308.999999999998,0.0125768184661865,0,True,15,33,True,42,32,2025-11-16 05:58:31
ba_64_1_8.txt,barabasi_albert_10ins_m20,50,SpecAnn,0.5818785759635375,1.0,-14308.999999999998,0.012744665145874,0,True,15,33,True,43,32,2025-11-16 05:58:31
ba_64_1_8.txt,barabasi_albert_10ins_m20,50,SpecAnn,0.5886057194025436,1.0,-14308.999999999998,0.0124914646148681,0,True,15,33,True,44,32,2025-11-16 05:58:31
ba_64_1_8.txt,barabasi_albert_10ins_m20,50,SpecAnn,0.5952568425994088,1.0,-14308.999999999998,0.0125322341918945,0,True,15,33,True,45,32,2025-11-16 05:58:31
ba_64_1_8.txt,barabasi_albert_10ins_m20,50,SpecAnn,0.6018344659534288,1.0,-14308.999999999998,0.012549877166748,0,True,15,33,True,46,32,2025-11-16 05:58:31
ba_64_1_8.txt,barabasi_albert_10ins_m20,50,SpecAnn,0.6083409735974393,1.0,-14308.999999999998,0.0123143196105957,0,True,15,33,True,47,32,2025-11-16 05:58:31
ba_64_1_8.txt,barabasi_albert_10ins_m20,50,SpecAnn,0.6147786234942719,1.0,-14308.999999999998,0.0123374462127685,0,True,15,33,True,48,32,2025-11-16 05:58:31
ba_64_1_8.txt,barabasi_albert_10ins_m20,50,SpecAnn,0.6211495565912796,1.0,-14308.999999999998,0.0122575759887695,0,True,15,33,True,49,32,2025-11-16 05:58:31
ba_64_1_8.txt,barabasi_albert_10ins_m20,50,SpecAnn,0.6274558051381586,1.0,-14308.999999999998,0.0123367309570312,0,True,15,33,True,50,32,2025-11-16 05:58:31
ba_64_1_8.txt,barabasi_albert_10ins_m20,50,SpecAnn,0.6336993002596786,1.0,-14308.999999999998,0.0122289657592773,0,True,15,33,True,51,32,2025-11-16 05:58:31
ba_64_1_8.txt,barabasi_albert_10ins_m20,50,SpecAnn,0.6398818788633085,1.0,-14308.999999999998,0.012282371520996,0,True,15,33,True,52,32,2025-11-16 05:58:31
ba_64_1_8.txt,barabasi_albert_10ins_m20,50,SpecAnn,0.6460052899517691,1.0,-14308.999999999998,0.0122613906860351,0,True,15,33,True,53,32,2025-11-16 05:58:31
ba_64_1_8.txt,barabasi_albert_10ins_m20,50,SpecAnn,0.6520712004019966,1.0,-14299.0,0.0122725963592529,0,True,15,33,True,54,32,2025-11-16 05:58:31
ba_64_1_8.txt,barabasi_albert_10ins_m20,50,SpecAnn,0.6580812002646271,1.0,-14299.0,0.0123372077941894,0,True,15,33,True,55,32,2025-11-16 05:58:31
ba_64_1_8.txt,barabasi_albert_10ins_m20,50,SpecAnn,0.6640368076317485,1.0,-14299.0,0.0122053623199462,0,True,15,33,True,56,32,2025-11-16 05:58:31
ba_64_1_8.txt,barabasi_albert_10ins_m20,50,SpecAnn,0.6699394731151429,1.0,-14299.0,0.0122802257537841,0,True,15,33,True,57,32,2025-11-16 05:58:31
ba_64_1_8.txt,barabasi_albert_10ins_m20,50,SpecAnn,0.6757905839724513,1.0,-14299.0,0.012380838394165,0,True,15,33,True,58,32,2025-11-16 05:58:31
ba_64_1_8.txt,barabasi_albert_10ins_m20,50,SpecAnn,0.6815914679145113,1.0,-14299.0,0.0124495029449462,0,True,15,33,True,59,32,2025-11-16 05:58:31
ba_64_1_8.txt,barabasi_albert_10ins_m20,50,SpecAnn,0.6873433966234707,1.0,-14299.0,0.0124938488006591,0,True,15,33,True,60,32,2025-11-16 05:58:31
ba_64_1_8.txt,barabasi_albert_10ins_m20,50,SpecAnn,0.6930475890080863,1.0,-14299.0,0.0124380588531494,0,True,15,33,True,61,32,2025-11-16 05:58:31
ba_64_1_8.txt,barabasi_albert_10ins_m20,50,SpecAnn,0.6987052142198116,1.0,-14299.0,0.0124380588531494,0,True,15,33,True,62,32,2025-11-16 05:58:31
ba_64_1_8.txt,barabasi_albert_10ins_m20,50,SpecAnn,0.7043173944508145,1.0,-14299.0,0.0121610164642333,0,True,15,33,True,63,32,2025-11-16 05:58:31
ba_64_1_8.txt,barabasi_albert_10ins_m20,50,SpecAnn,0.709885207532891,1.0,-14299.0,0.0123155117034912,0,True,15,33,True,64,32,2025-11-16 05:58:31
ba_64_1_8.txt,barabasi_albert_10ins_m20,50,SpecAnn,0.7154096893543218,1.0,-14299.0,0.0122904777526855,0,True,15,33,True,65,32,2025-11-16 05:58:31
ba_64_1_8.txt,barabasi_albert_10ins_m20,50,SpecAnn,0.7208918361100219,1.0,-14299.0,0.0123209953308105,0,True,15,33,True,66,32,2025-11-16 05:58:31
ba_64_1_8.txt,barabasi_albert_10ins_m20,50,SpecAnn,0.7263326063988248,1.0,-14299.0,0.01218843460083,0,True,15,33,True,67,32,2025-11-16 05:58:31
ba_64_1_8.txt,barabasi_albert_10ins_m20,50,SpecAnn,0.7317329231804058,1.0,-14299.0,0.0121371746063232,0,True,15,33,True,68,32,2025-11-16 05:58:31
ba_64_1_8.txt,barabasi_albert_10ins_m20,50,SpecAnn,0.7370936756031579,1.0,-14299.0,0.0122647285461425,0,True,15,33,True,69,32,2025-11-16 05:58:31
ba_64_1_8.txt,barabasi_albert_10ins_m20,50,SpecAnn,0.7424157207132704,1.0,-14299.0,0.0122449398040771,0,True,15,33,True,70,32,2025-11-16 05:58:31
ba_64_1_8.txt,barabasi_albert_10ins_m20,50,SpecAnn,0.7476998850543153,1.0,-14299.0,0.0122389793395996,0,True,15,33,True,71,32,2025-11-16 05:58:31
ba_64_1_8.txt,barabasi_albert_10ins_m20,50,SpecAnn,0.7529469661657903,1.0,-14299.0,0.0123157501220703,0,True,15,33,True,72,32,2025-11-16 05:58:31
ba_64_1_8.txt,barabasi_albert_10ins_m20,50,SpecAnn,0.7581577339883167,1.0,-14299.0,0.0122623443603515,0,True,15,33,True,73,32,2025-11-16 05:58:31
ba_64_1_8.txt,barabasi_albert_10ins_m20,50,SpecAnn,0.7633329321824984,1.0,-14299.0,0.0123236179351806,0,True,15,33,True,74,32,2025-11-16 05:58:31
ba_64_1_8.txt,barabasi_albert_10ins_m20,50,SpecAnn,0.7684732793678399,1.0,-14299.0,0.0122976303100585,0,True,15,33,True,75,32,2025-11-16 05:58:31
ba_64_1_8.txt,barabasi_albert_10ins_m20,50,SpecAnn,0.7735794702875677,1.0,-14299.0,0.0123274326324462,0,True,15,33,True,76,32,2025-11-16 05:58:31
ba_64_1_8.txt,barabasi_albert_10ins_m20,50,SpecAnn,0.7786521769046981,1.0,-14299.0,0.012233018875122,0,True,15,33,True,77,32,2025-11-16 05:58:31
ba_64_1_8.txt,barabasi_albert_10ins_m20,50,SpecAnn,0.7836920494342511,1.0,-14299.0,0.0122897624969482,0,True,15,33,True,78,32,2025-11-16 05:58:31
ba_64_1_8.txt,barabasi_albert_10ins_m20,50,SpecAnn,0.788699717316095,1.0,-14299.0,0.0122063159942626,0,True,15,33,True,79,32,2025-11-16 05:58:31
ba_64_1_8.txt,barabasi_albert_10ins_m20,50,SpecAnn,0.7936757901325451,1.0,-14299.0,0.0121889114379882,0,True,15,33,True,80,32,2025-11-16 05:58:31
ba_64_1_8.txt,barabasi_albert_10ins_m20,50,SpecAnn,0.7986208584745024,1.0,-14299.0,0.0122113227844238,0,True,15,33,True,81,32,2025-11-16 05:58:31
ba_64_1_8.txt,barabasi_albert_10ins_m20,50,SpecAnn,0.803535494759617,1.0,-14299.0,0.0122871398925781,0,True,15,33,True,82,32,2025-11-16 05:58:31
ba_64_1_8.txt,barabasi_albert_10ins_m20,50,SpecAnn,0.8084202540056837,1.0,-14299.0,0.0122199058532714,0,True,15,33,True,83,32,2025-11-16 05:58:31
ba_64_1_8.txt,barabasi_albert_10ins_m20,50,SpecAnn,0.8132756745622272,1.0,-14299.0,0.0122318267822265,0,True,15,33,True,84,32,2025-11-16 05:58:31
ba_64_1_8.txt,barabasi_albert_10ins_m20,50,SpecAnn,0.8181022788030096,1.0,-14299.0,0.0121834278106689,0,True,15,33,True,85,32,2025-11-16 05:58:31
ba_64_1_8.txt,barabasi_albert_10ins_m20,50,SpecAnn,0.822900573781978,1.0,-14299.0,0.0122523307800292,0,True,15,33,True,86,32,2025-11-16 05:58:31
ba_64_1_8.txt,barabasi_albert_10ins_m20,50,SpecAnn,0.8276710518549868,1.0,-14299.0,0.0122561454772949,0,True,15,33,True,87,32,2025-11-16 05:58:31
ba_64_1_8.txt,barabasi_albert_10ins_m20,50,SpecAnn,0.8324141912694495,1.0,-14299.0,0.0122005939483642,0,True,15,33,True,88,32,2025-11-16 05:58:31
ba_64_1_8.txt,barabasi_albert_10ins_m20,50,SpecAnn,0.8371304567239225,1.0,-14299.0,0.012171983718872,0,True,15,33,True,89,32,2025-11-16 05:58:31
ba_64_1_8.txt,barabasi_albert_10ins_m20,50,SpecAnn,0.8418202998994706,1.0,-14299.0,0.0122852325439453,0,True,15,33,True,90,32,2025-11-16 05:58:31
ba_64_1_8.txt,barabasi_albert_10ins_m20,50,SpecAnn,0.846484159964536,1.0,-14299.0,0.012209415435791,0,True,15,33,True,91,32,2025-11-16 05:58:31
ba_64_1_8.txt,barabasi_albert_10ins_m20,50,SpecAnn,0.8511224640549078,1.0,-14299.0,0.0121760368347167,0,True,15,33,True,92,32,2025-11-16 05:58:31
ba_64_1_8.txt,barabasi_albert_10ins_m20,50,SpecAnn,0.8557356277302758,1.0,-14299.0,0.0122137069702148,0,True,15,33,True,93,32,2025-11-16 05:58:31
ba_64_1_8.txt,barabasi_albert_10ins_m20,50,SpecAnn,0.8603240554087516,1.0,-14299.0,0.0122051239013671,0,True,15,33,True,94,32,2025-11-16 05:58:31
ba_64_1_8.txt,barabasi_albert_10ins_m20,50,SpecAnn,0.86488814078064,1.0,-14299.0,0.0122084617614746,0,True,15,33,True,95,32,2025-11-16 05:58:31
ba_64_1_8.txt,barabasi_albert_10ins_m20,50,SpecAnn,0.8694282672026621,1.0,-14299.0,0.0122478008270263,0,True,15,33,True,96,32,2025-11-16 05:58:31
ba_64_1_8.txt,barabasi_albert_10ins_m20,50,SpecAnn,0.8739448080737451,1.0,-14299.0,0.0122771263122558,0,True,15,33,True,97,32,2025-11-16 05:58:31
ba_64_1_8.txt,barabasi_albert_10ins_m20,50,SpecAnn,0.878438127193422,1.0,-14299.0,0.0122413635253906,0,True,15,33,True,98,32,2025-11-16 05:58:31
ba_64_1_8.txt,barabasi_albert_10ins_m20,50,SpecAnn,0.8829085791038153,1.0,-14299.0,0.0123436450958251,0,True,15,33,True,99,32,2025-11-16 05:58:31
ba_64_1_8.txt,barabasi_albert_10ins_m20,50,SpecAnn,0.8873565094161138,1.0,-14299.0,0.0123224258422851,0,True,15,33,True,100,32,2025-11-16 05:58:31
ba_64_1_8.txt,barabasi_albert_10ins_m20,50,SpecAnn,0.8917822551223932,1.0,-14299.0,0.0121955871582031,0,True,15,33,True,101,32,2025-11-16 05:58:31
ba_64_1_8.txt,barabasi_albert_10ins_m20,50,SpecAnn,0.8961861448935777,1.0,-14299.0,0.012303352355957,0,True,15,33,True,102,32,2025-11-16 05:58:32
ba_64_1_8.txt,barabasi_albert_10ins_m20,50,SpecAnn,0.9005684993642872,1.0,-14299.0,0.0122253894805908,0,True,15,33,True,103,32,2025-11-16 05:58:32
ba_64_1_8.txt,barabasi_albert_10ins_m20,50,SpecAnn,0.9049296314052688,1.0,-14299.0,0.0121822357177734,0,True,15,33,True,104,32,2025-11-16 05:58:32
ba_64_1_8.txt,barabasi_albert_10ins_m20,50,SpecAnn,0.9092698463840684,1.0,-14299.0,0.0121891498565673,0,True,15,33,True,105,32,2025-11-16 05:58:32
ba_64_1_8.txt,barabasi_albert_10ins_m20,50,SpecAnn,0.9135894424145556,1.0,-14299.0,0.0122437477111816,0,True,15,33,True,106,32,2025-11-16 05:58:32
ba_64_1_8.txt,barabasi_albert_10ins_m20,50,SpecAnn,0.9178887105958816,1.0,-14299.0,0.0123801231384277,0,True,15,33,True,107,32,2025-11-16 05:58:32
ba_64_1_8.txt,barabasi_albert_10ins_m20,50,SpecAnn,0.922167935241408,1.0,-14299.0,0.0124857425689697,0,True,15,33,True,108,32,2025-11-16 05:58:32
ba_64_1_8.txt,barabasi_albert_10ins_m20,50,SpecAnn,0.92642739409812,1.0,-14299.0,0.0124783515930175,0,True,15,33,True,109,32,2025-11-16 05:58:32
ba_64_1_8.txt,barabasi_albert_10ins_m20,50,SpecAnn,0.9306673585570006,1.0,-14299.0,0.0125250816345214,0,True,15,33,True,110,32,2025-11-16 05:58:32
ba_64_1_8.txt,barabasi_albert_10ins_m20,50,SpecAnn,0.9348880938548184,1.0,-14299.0,0.0125150680541992,0,True,15,33,True,111,32,2025-11-16 05:58:32
ba_64_1_8.txt,barabasi_albert_10ins_m20,50,SpecAnn,0.9390898592677528,1.0,-14299.0,0.0123364925384521,0,True,15,33,True,112,32,2025-11-16 05:58:32
ba_64_1_8.txt,barabasi_albert_10ins_m20,50,SpecAnn,0.9432729082972536,1.0,-14299.0,0.0122084617614746,0,True,15,33,True,113,32,2025-11-16 05:58:32
ba_64_1_8.txt,barabasi_albert_10ins_m20,50,SpecAnn,0.9474374888485204,1.0,-14299.0,0.0122730731964111,0,True,15,33,True,114,32,2025-11-16 05:58:32
ba_64_1_8.txt,barabasi_albert_10ins_m20,50,SpecAnn,0.9515838434019476,1.0,-14299.0,0.012261152267456,0,True,15,33,True,115,32,2025-11-16 05:58:32
ba_64_1_8.txt,barabasi_albert_10ins_m20,50,SpecAnn,0.9557122091778746,1.0,-14299.0,0.0123369693756103,0,True,15,33,True,116,32,2025-11-16 05:58:32
ba_64_1_8.txt,barabasi_albert_10ins_m20,50,SpecAnn,0.9598228182949629,1.0,-14299.0,0.0122067928314208,0,True,15,33,True,117,32,2025-11-16 05:58:32
ba_64_1_8.txt,barabasi_albert_10ins_m20,50,SpecAnn,0.963915897922488,1.0,-14299.0,0.0122101306915283,0,True,15,33,True,118,32,2025-11-16 05:58:32
ba_64_1_8.txt,barabasi_albert_10ins_m20,50,SpecAnn,0.967991670426842,1.0,-14299.0,0.0121731758117675,0,True,15,33,True,119,32,2025-11-16 05:58:32
ba_64_1_8.txt,barabasi_albert_10ins_m20,50,SpecAnn,0.9720503535125016,1.0,-14299.0,0.0122473239898681,0,True,15,33,True,120,32,2025-11-16 05:58:32
ba_64_1_8.txt,barabasi_albert_10ins_m20,50,SpecAnn,0.9760921603577252,1.0,-14299.0,0.0125126838684082,0,True,15,33,True,121,32,2025-11-16 05:58:32
ba_64_1_8.txt,barabasi_albert_10ins_m20,50,SpecAnn,0.9801172997452104,1.0,-14299.0,0.0124969482421875,0,True,15,33,True,122,32,2025-11-16 05:58:32
ba_64_1_8.txt,barabasi_albert_10ins_m20,50,SpecAnn,0.9841259761879442,1.0,-14299.0,0.0124289989471435,0,True,15,33,True,123,32,2025-11-16 05:58:32
ba_64_1_8.txt,barabasi_albert_10ins_m20,50,SpecAnn,0.9881183900504562,1.0,-14299.0,0.0124540328979492,0,True,15,33,True,124,32,2025-11-16 05:58:32
ba_64_1_8.txt,barabasi_albert_10ins_m20,50,SpecAnn,0.9920947376656812,1.0,-14299.0,0.012463092803955,0,True,15,33,True,125,32,2025-11-16 05:58:32
ba_64_1_8.txt,barabasi_albert_10ins_m20,50,SpecAnn,0.9960552114476228,1.0,-14299.0,0.0125038623809814,0,True,15,33,True,126,32,2025-11-16 05:58:32
ba_64_1_8.txt,barabasi_albert_10ins_m20,50,SpecAnn,1.0,1.0,-14299.0,0.0124309062957763,0,True,15,33,True,127,32,2025-11-16 05:58:32
ba_64_1_8.txt,barabasi_albert_10ins_m20,51,SpecAnn,0.0,1.0,-14359.000000000002,0.012815237045288086,0,True,3,33,True,0,32,2025-11-16 05:58:32
ba_64_1_8.txt,barabasi_albert_10ins_m20,51,SpecAnn,0.08873565094161137,1.0,-14359.000000000002,0.01221919059753418,0,True,3,33,True,1,32,2025-11-16 05:58:32
ba_64_1_8.txt,barabasi_albert_10ins_m20,51,SpecAnn,0.12549116102763172,1.0,-14359.000000000002,0.012203216552734375,0,True,3,33,True,2,32,2025-11-16 05:58:32
ba_64_1_8.txt,barabasi_albert_10ins_m20,51,SpecAnn,0.15369465587356798,1.0,-14359.000000000002,0.012218713760375977,0,True,3,33,True,3,32,2025-11-16 05:58:32
ba_64_1_8.txt,barabasi_albert_10ins_m20,51,SpecAnn,0.17747130188322274,1.0,-14359.000000000002,0.012437820434570312,0,True,3,33,True,4,32,2025-11-16 05:58:32
ba_64_1_8.txt,barabasi_albert_10ins_m20,51,SpecAnn,0.19841894753313627,1.0,-14359.000000000002,0.012440681457519531,0,True,3,33,True,5,32,2025-11-16 05:58:32
ba_64_1_8.txt,barabasi_albert_10ins_m20,51,SpecAnn,0.21735706680066552,1.0,-14359.000000000002,0.01240992546081543,0,True,3,33,True,6,32,2025-11-16 05:58:32
ba_64_1_8.txt,barabasi_albert_10ins_m20,51,SpecAnn,0.23477246481693817,1.0,-14359.000000000002,0.01230764389038086,0,True,3,33,True,7,32,2025-11-16 05:58:32
ba_64_1_8.txt,barabasi_albert_10ins_m20,51,SpecAnn,0.25098232205526344,1.0,-14359.000000000002,0.012210845947265625,0,True,3,33,True,8,32,2025-11-16 05:58:32
ba_64_1_8.txt,barabasi_albert_10ins_m20,51,SpecAnn,0.26620695282483414,1.0,-14359.000000000002,0.01218104362487793,0,True,3,33,True,9,32,2025-11-16 05:58:32
ba_64_1_8.txt,barabasi_albert_10ins_m20,51,SpecAnn,0.28060676663315687,1.0,-14359.000000000002,0.012231111526489258,0,True,3,33,True,10,32,2025-11-16 05:58:32
ba_64_1_8.txt,barabasi_albert_10ins_m20,51,SpecAnn,0.2943028597012718,1.0,-14359.000000000002,0.012319326400756836,0,True,3,33,True,11,32,2025-11-16 05:58:32
ba_64_1_8.txt,barabasi_albert_10ins_m20,51,SpecAnn,0.30738931174713596,1.0,-14359.000000000002,0.012452363967895508,0,True,3,33,True,12,32,2025-11-16 05:58:32
ba_64_1_8.txt,barabasi_albert_10ins_m20,51,SpecAnn,0.31994093943165425,1.0,-14359.000000000002,0.012386798858642578,0,True,3,33,True,13,32,2025-11-16 05:58:32
ba_64_1_8.txt,barabasi_albert_10ins_m20,51,SpecAnn,0.3320184038158743,1.0,-14359.000000000002,0.01223301887512207,0,True,3,33,True,14,32,2025-11-16 05:58:32
ba_64_1_8.txt,barabasi_albert_10ins_m20,51,SpecAnn,0.34367169831173533,1.0,-14359.000000000002,0.012173175811767578,0,True,3,33,True,15,32,2025-11-16 05:58:32
ba_64_1_8.txt,barabasi_albert_10ins_m20,51,SpecAnn,0.3549426037664455,1.0,-14359.000000000002,0.012185811996459961,0,True,3,33,True,16,32,2025-11-16 05:58:32
ba_64_1_8.txt,barabasi_albert_10ins_m20,51,SpecAnn,0.3658664615902029,1.0,-14359.000000000002,0.01219320297241211,0,True,3,33,True,17,32,2025-11-16 05:58:32
ba_64_1_8.txt,barabasi_albert_10ins_m20,51,SpecAnn,0.37647348308289513,1.0,-14359.000000000002,0.012190103530883789,0,True,3,33,True,18,32,2025-11-16 05:58:32
ba_64_1_8.txt,barabasi_albert_10ins_m20,51,SpecAnn,0.38678973514378384,1.0,-14359.000000000002,0.012190103530883789,0,True,3,33,True,19,32,2025-11-16 05:58:32
ba_64_1_8.txt,barabasi_albert_10ins_m20,51,SpecAnn,0.39683789506627254,1.0,-14359.000000000002,0.012169837951660156,0,True,3,33,True,20,32,2025-11-16 05:58:32
ba_64_1_8.txt,barabasi_albert_10ins_m20,51,SpecAnn,0.4066378372811136,1.0,-14359.000000000002,0.012137889862060547,0,True,3,33,True,21,32,2025-11-16 05:58:32
ba_64_1_8.txt,barabasi_albert_10ins_m20,51,SpecAnn,0.41620709563472474,1.0,-14359.000000000002,0.012202739715576172,0,True,3,33,True,22,32,2025-11-16 05:58:32
ba_64_1_8.txt,barabasi_albert_10ins_m20,51,SpecAnn,0.4255612320274539,1.0,-14359.000000000002,0.012190818786621094,0,True,3,33,True,23,32,2025-11-16 05:58:32
ba_64_1_8.txt,barabasi_albert_10ins_m20,51,SpecAnn,0.43471413360133104,1.0,-14359.000000000002,0.012257099151611328,0,True,3,33,True,24,32,2025-11-16 05:58:32
ba_64_1_8.txt,barabasi_albert_10ins_m20,51,SpecAnn,0.4436782547080569,1.0,-14359.000000000002,0.01217031478881836,0,True,3,33,True,25,32,2025-11-16 05:58:32
ba_64_1_8.txt,barabasi_albert_10ins_m20,51,SpecAnn,0.45246481570263436,1.0,-14359.000000000002,0.012157201766967773,0,True,3,33,True,26,32,2025-11-16 05:58:32
ba_64_1_8.txt,barabasi_albert_10ins_m20,51,SpecAnn,0.46108396762070397,1.0,-14359.000000000002,0.012285232543945312,0,True,3,33,True,27,32,2025-11-16 05:58:32
ba_64_1_8.txt,barabasi_albert_10ins_m20,51,SpecAnn,0.46954492963387634,1.0,-14359.000000000002,0.012262344360351562,0,True,3,33,True,28,32,2025-11-16 05:58:32
ba_64_1_8.txt,barabasi_albert_10ins_m20,51,SpecAnn,0.4778561045889373,1.0,-14359.000000000002,0.012111663818359375,0,True,3,33,True,29,32,2025-11-16 05:58:32
ba_64_1_8.txt,barabasi_albert_10ins_m20,51,SpecAnn,0.48602517675625084,1.0,-14359.000000000002,0.01214742660522461,0,True,3,33,True,30,32,2025-11-16 05:58:32
ba_64_1_8.txt,barabasi_albert_10ins_m20,51,SpecAnn,0.4940591950252281,1.0,-14359.000000000002,0.012190818786621094,0,True,3,33,True,31,32,2025-11-16 05:58:32
ba_64_1_8.txt,barabasi_albert_10ins_m20,51,SpecAnn,0.5019646441105269,1.0,-14359.000000000002,0.012203216552734375,0,True,3,33,True,32,32,2025-11-16 05:58:32
ba_64_1_8.txt,barabasi_albert_10ins_m20,51,SpecAnn,0.5097475058154177,1.0,-14359.000000000002,0.012121438980102539,0,True,3,33,True,33,32,2025-11-16 05:58:32
ba_64_1_8.txt,barabasi_albert_10ins_m20,51,SpecAnn,0.51741331199832,1.0,-14359.000000000002,0.012166023254394531,0,True,3,33,True,34,32,2025-11-16 05:58:32
ba_64_1_8.txt,barabasi_albert_10ins_m20,51,SpecAnn,0.5249671905758515,1.0,-14359.000000000002,0.012186765670776367,0,True,3,33,True,35,32,2025-11-16 05:58:32
ba_64_1_8.txt,barabasi_albert_10ins_m20,51,SpecAnn,0.5324139056496683,1.0,-14359.000000000002,0.012183427810668945,0,True,3,33,True,36,32,2025-11-16 05:58:32
ba_64_1_8.txt,barabasi_albert_10ins_m20,51,SpecAnn,0.5397578926492556,1.0,-14359.000000000002,0.012127399444580078,0,True,3,33,True,37,32,2025-11-16 05:58:32
ba_64_1_8.txt,barabasi_albert_10ins_m20,51,SpecAnn,0.5470032892270364,1.0,-14359.000000000002,0.012138605117797852,0,True,3,33,True,38,32,2025-11-16 05:58:32
ba_64_1_8.txt,barabasi_albert_10ins_m20,51,SpecAnn,0.554153962516942,1.0,-14359.000000000002,0.012231826782226562,0,True,3,33,True,39,32,2025-11-16 05:58:32
ba_64_1_8.txt,barabasi_albert_10ins_m20,51,SpecAnn,0.5612135332663137,1.0,-14359.000000000002,0.012203216552734375,0,True,3,33,True,40,32,2025-11-16 05:58:32
ba_64_1_8.txt,barabasi_albert_10ins_m20,51,SpecAnn,0.5681853972686127,1.0,-14359.000000000002,0.012130022048950195,0,True,3,33,True,41,32,2025-11-16 05:58:32
ba_64_1_8.txt,barabasi_albert_10ins_m20,51,SpecAnn,0.5750727444570146,1.0,-14359.000000000002,0.012186765670776367,0,True,3,33,True,42,32,2025-11-16 05:58:32
ba_64_1_8.txt,barabasi_albert_10ins_m20,51,SpecAnn,0.5818785759635375,1.0,-14359.000000000002,0.012191057205200195,0,True,3,33,True,43,32,2025-11-16 05:58:32
ba_64_1_8.txt,barabasi_albert_10ins_m20,51,SpecAnn,0.5886057194025436,1.0,-14359.000000000002,0.012164831161499023,0,True,3,33,True,44,32,2025-11-16 05:58:32
ba_64_1_8.txt,barabasi_albert_10ins_m20,51,SpecAnn,0.5952568425994088,1.0,-14359.000000000002,0.012262344360351562,0,True,3,33,True,45,32,2025-11-16 05:58:32
ba_64_1_8.txt,barabasi_albert_10ins_m20,51,SpecAnn,0.6018344659534288,1.0,-14359.000000000002,0.012363195419311523,0,True,3,33,True,46,32,2025-11-16 05:58:32
ba_64_1_8.txt,barabasi_albert_10ins_m20,51,SpecAnn,0.6083409735974393,1.0,-14359.000000000002,0.01236581802368164,0,True,3,33,True,47,32,2025-11-16 05:58:32
ba_64_1_8.txt,barabasi_albert_10ins_m20,51,SpecAnn,0.6147786234942719,1.0,-14359.000000000002,0.01238870620727539,0,True,3,33,True,48,32,2025-11-16 05:58:33
ba_64_1_8.txt,barabasi_albert_10ins_m20,51,SpecAnn,0.6211495565912796,1.0,-14359.000000000002,0.012361288070678711,0,True,3,33,True,49,32,2025-11-16 05:58:33
ba_64_1_8.txt,barabasi_albert_10ins_m20,51,SpecAnn,0.6274558051381586,1.0,-14359.000000000002,0.012188196182250977,0,True,3,33,True,50,32,2025-11-16 05:58:33
ba_64_1_8.txt,barabasi_albert_10ins_m20,51,SpecAnn,0.6336993002596786,1.0,-14359.000000000002,0.012181997299194336,0,True,3,33,True,51,32,2025-11-16 05:58:33
ba_64_1_8.txt,barabasi_albert_10ins_m20,51,SpecAnn,0.6398818788633085,1.0,-14359.000000000002,0.012199640274047852,0,True,3,33,True,52,32,2025-11-16 05:58:33
ba_64_1_8.txt,barabasi_albert_10ins_m20,51,SpecAnn,0.6460052899517691,1.0,-14359.000000000002,0.012267112731933594,0,True,3,33,True,53,32,2025-11-16 05:58:33
ba_64_1_8.txt,barabasi_albert_10ins_m20,51,SpecAnn,0.6520712004019966,1.0,-14299.0,0.012249946594238281,0,True,3,33,True,54,32,2025-11-16 05:58:33
ba_64_1_8.txt,barabasi_albert_10ins_m20,51,SpecAnn,0.6580812002646271,1.0,-14299.0,0.012417316436767578,0,True,3,33,True,55,32,2025-11-16 05:58:33
ba_64_1_8.txt,barabasi_albert_10ins_m20,51,SpecAnn,0.6640368076317485,1.0,-14299.0,0.012366056442260742,0,True,3,33,True,56,32,2025-11-16 05:58:33
ba_64_1_8.txt,barabasi_albert_10ins_m20,51,SpecAnn,0.6699394731151429,1.0,-14299.0,0.012395620346069336,0,True,3,33,True,57,32,2025-11-16 05:58:33
ba_64_1_8.txt,barabasi_albert_10ins_m20,51,SpecAnn,0.6757905839724513,1.0,-14299.0,0.01225590705871582,0,True,3,33,True,58,32,2025-11-16 05:58:33
ba_64_1_8.txt,barabasi_albert_10ins_m20,51,SpecAnn,0.6815914679145113,1.0,-14299.0,0.012176036834716797,0,True,3,33,True,59,32,2025-11-16 05:58:33
ba_64_1_8.txt,barabasi_albert_10ins_m20,51,SpecAnn,0.6873433966234707,1.0,-14299.0,0.012199163436889648,0,True,3,33,True,60,32,2025-11-16 05:58:33
ba_64_1_8.txt,barabasi_albert_10ins_m20,51,SpecAnn,0.6930475890080863,1.0,-14299.0,0.012278079986572266,0,True,3,33,True,61,32,2025-11-16 05:58:33
ba_64_1_8.txt,barabasi_albert_10ins_m20,51,SpecAnn,0.6987052142198116,1.0,-14299.0,0.012192487716674805,0,True,3,33,True,62,32,2025-11-16 05:58:33
ba_64_1_8.txt,barabasi_albert_10ins_m20,51,SpecAnn,0.7043173944508145,1.0,-14299.0,0.012224674224853516,0,True,3,33,True,63,32,2025-11-16 05:58:33
ba_64_1_8.txt,barabasi_albert_10ins_m20,51,SpecAnn,0.709885207532891,1.0,-14299.0,0.012165546417236328,0,True,3,33,True,64,32,2025-11-16 05:58:33
ba_64_1_8.txt,barabasi_albert_10ins_m20,51,SpecAnn,0.7154096893543218,1.0,-14299.0,0.012273788452148438,0,True,3,33,True,65,32,2025-11-16 05:58:33
ba_64_1_8.txt,barabasi_albert_10ins_m20,51,SpecAnn,0.7208918361100219,1.0,-14299.0,0.012131690979003906,0,True,3,33,True,66,32,2025-11-16 05:58:33
ba_64_1_8.txt,barabasi_albert_10ins_m20,51,SpecAnn,0.7263326063988248,1.0,-14299.0,0.012308597564697266,0,True,3,33,True,67,32,2025-11-16 05:58:33
ba_64_1_8.txt,barabasi_albert_10ins_m20,51,SpecAnn,0.7317329231804058,1.0,-14299.0,0.012360572814941406,0,True,3,33,True,68,32,2025-11-16 05:58:33
ba_64_1_8.txt,barabasi_albert_10ins_m20,51,SpecAnn,0.7370936756031579,1.0,-14299.0,0.012464523315429688,0,True,3,33,True,69,32,2025-11-16 05:58:33
ba_64_1_8.txt,barabasi_albert_10ins_m20,51,SpecAnn,0.7424157207132704,1.0,-14299.0,0.012236833572387695,0,True,3,33,True,70,32,2025-11-16 05:58:33
ba_64_1_8.txt,barabasi_albert_10ins_m20,51,SpecAnn,0.7476998850543153,1.0,-14299.0,0.012313604354858398,0,True,3,33,True,71,32,2025-11-16 05:58:33
ba_64_1_8.txt,barabasi_albert_10ins_m20,51,SpecAnn,0.7529469661657903,1.0,-14299.0,0.012344598770141602,0,True,3,33,True,72,32,2025-11-16 05:58:33
ba_64_1_8.txt,barabasi_albert_10ins_m20,51,SpecAnn,0.7581577339883167,1.0,-14299.0,0.01236271858215332,0,True,3,33,True,73,32,2025-11-16 05:58:33
ba_64_1_8.txt,barabasi_albert_10ins_m20,51,SpecAnn,0.7633329321824984,1.0,-14299.0,0.01213979721069336,0,True,3,33,True,74,32,2025-11-16 05:58:33
ba_64_1_8.txt,barabasi_albert_10ins_m20,51,SpecAnn,0.7684732793678399,1.0,-14299.0,0.01214289665222168,0,True,3,33,True,75,32,2025-11-16 05:58:33
ba_64_1_8.txt,barabasi_albert_10ins_m20,51,SpecAnn,0.7735794702875677,1.0,-14299.0,0.01219797134399414,0,True,3,33,True,76,32,2025-11-16 05:58:33
ba_64_1_8.txt,barabasi_albert_10ins_m20,51,SpecAnn,0.7786521769046981,1.0,-14299.0,0.012170553207397461,0,True,3,33,True,77,32,2025-11-16 05:58:33
ba_64_1_8.txt,barabasi_albert_10ins_m20,51,SpecAnn,0.7836920494342511,1.0,-14299.0,0.01219630241394043,0,True,3,33,True,78,32,2025-11-16 05:58:33
ba_64_1_8.txt,barabasi_albert_10ins_m20,51,SpecAnn,0.788699717316095,1.0,-14299.0,0.012220621109008789,0,True,3,33,True,79,32,2025-11-16 05:58:33
ba_64_1_8.txt,barabasi_albert_10ins_m20,51,SpecAnn,0.7936757901325451,1.0,-14299.0,0.01218867301940918,0,True,3,33,True,80,32,2025-11-16 05:58:33
ba_64_1_8.txt,barabasi_albert_10ins_m20,51,SpecAnn,0.7986208584745024,1.0,-14299.0,0.012168169021606445,0,True,3,33,True,81,32,2025-11-16 05:58:33
ba_64_1_8.txt,barabasi_albert_10ins_m20,51,SpecAnn,0.803535494759617,1.0,-14299.0,0.012261390686035156,0,True,3,33,True,82,32,2025-11-16 05:58:33
ba_64_1_8.txt,barabasi_albert_10ins_m20,51,SpecAnn,0.8084202540056837,1.0,-14299.0,0.012172937393188477,0,True,3,33,True,83,32,2025-11-16 05:58:33
ba_64_1_8.txt,barabasi_albert_10ins_m20,51,SpecAnn,0.8132756745622272,1.0,-14299.0,0.012311697006225586,0,True,3,33,True,84,32,2025-11-16 05:58:33
ba_64_1_8.txt,barabasi_albert_10ins_m20,51,SpecAnn,0.8181022788030096,1.0,-14299.0,0.01227116584777832,0,True,3,33,True,85,32,2025-11-16 05:58:33
ba_64_1_8.txt,barabasi_albert_10ins_m20,51,SpecAnn,0.822900573781978,1.0,-14299.0,0.01248025894165039,0,True,3,33,True,86,32,2025-11-16 05:58:33
ba_64_1_8.txt,barabasi_albert_10ins_m20,51,SpecAnn,0.8276710518549868,1.0,-14299.0,0.012415647506713867,0,True,3,33,True,87,32,2025-11-16 05:58:33
ba_64_1_8.txt,barabasi_albert_10ins_m20,51,SpecAnn,0.8324141912694495,1.0,-14299.0,0.012406110763549805,0,True,3,33,True,88,32,2025-11-16 05:58:33
ba_64_1_8.txt,barabasi_albert_10ins_m20,51,SpecAnn,0.8371304567239225,1.0,-14299.0,0.012281656265258789,0,True,3,33,True,89,32,2025-11-16 05:58:33
ba_64_1_8.txt,barabasi_albert_10ins_m20,51,SpecAnn,0.8418202998994706,1.0,-14299.0,0.012212753295898438,0,True,3,33,True,90,32,2025-11-16 05:58:33
ba_64_1_8.txt,barabasi_albert_10ins_m20,51,SpecAnn,0.846484159964536,1.0,-14299.0,0.012145280838012695,0,True,3,33,True,91,32,2025-11-16 05:58:33
ba_64_1_8.txt,barabasi_albert_10ins_m20,51,SpecAnn,0.8511224640549078,1.0,-14299.0,0.012235164642333984,0,True,3,33,True,92,32,2025-11-16 05:58:33
ba_64_1_8.txt,barabasi_albert_10ins_m20,51,SpecAnn,0.8557356277302758,1.0,-14299.0,0.012302875518798828,0,True,3,33,True,93,32,2025-11-16 05:58:33
ba_64_1_8.txt,barabasi_albert_10ins_m20,51,SpecAnn,0.8603240554087516,1.0,-14299.0,0.012299776077270508,0,True,3,33,True,94,32,2025-11-16 05:58:33
ba_64_1_8.txt,barabasi_albert_10ins_m20,51,SpecAnn,0.86488814078064,1.0,-14299.0,0.012143611907958984,0,True,3,33,True,95,32,2025-11-16 05:58:33
ba_64_1_8.txt,barabasi_albert_10ins_m20,51,SpecAnn,0.8694282672026621,1.0,-14299.0,0.012152671813964844,0,True,3,33,True,96,32,2025-11-16 05:58:33
ba_64_1_8.txt,barabasi_albert_10ins_m20,51,SpecAnn,0.8739448080737451,1.0,-14299.0,0.01213383674621582,0,True,3,33,True,97,32,2025-11-16 05:58:33
ba_64_1_8.txt,barabasi_albert_10ins_m20,51,SpecAnn,0.878438127193422,1.0,-14299.0,0.01215505599975586,0,True,3,33,True,98,32,2025-11-16 05:58:33
ba_64_1_8.txt,barabasi_albert_10ins_m20,51,SpecAnn,0.8829085791038153,1.0,-14299.0,0.012256860733032227,0,True,3,33,True,99,32,2025-11-16 05:58:33
ba_64_1_8.txt,barabasi_albert_10ins_m20,51,SpecAnn,0.8873565094161138,1.0,-14299.0,0.012175559997558594,0,True,3,33,True,100,32,2025-11-16 05:58:33
ba_64_1_8.txt,barabasi_albert_10ins_m20,51,SpecAnn,0.8917822551223932,1.0,-14299.0,0.01220083236694336,0,True,3,33,True,101,32,2025-11-16 05:58:33
ba_64_1_8.txt,barabasi_albert_10ins_m20,51,SpecAnn,0.8961861448935777,1.0,-14299.0,0.01223301887512207,0,True,3,33,True,102,32,2025-11-16 05:58:33
ba_64_1_8.txt,barabasi_albert_10ins_m20,51,SpecAnn,0.9005684993642872,1.0,-14299.0,0.012206554412841797,0,True,3,33,True,103,32,2025-11-16 05:58:33
ba_64_1_8.txt,barabasi_albert_10ins_m20,51,SpecAnn,0.9049296314052687,1.0,-14299.0,0.012136459350585938,0,True,3,33,True,104,32,2025-11-16 05:58:33
ba_64_1_8.txt,barabasi_albert_10ins_m20,51,SpecAnn,0.9092698463840683,1.0,-14299.0,0.012127876281738281,0,True,3,33,True,105,32,2025-11-16 05:58:33
ba_64_1_8.txt,barabasi_albert_10ins_m20,51,SpecAnn,0.9135894424145555,1.0,-14299.0,0.012247085571289062,0,True,3,33,True,106,32,2025-11-16 05:58:33
ba_64_1_8.txt,barabasi_albert_10ins_m20,51,SpecAnn,0.9178887105958816,1.0,-14299.0,0.012235641479492188,0,True,3,33,True,107,32,2025-11-16 05:58:33
ba_64_1_8.txt,barabasi_albert_10ins_m20,51,SpecAnn,0.9221679352414079,1.0,-14299.0,0.012133359909057617,0,True,3,33,True,108,32,2025-11-16 05:58:33
ba_64_1_8.txt,barabasi_albert_10ins_m20,51,SpecAnn,0.9264273940981199,1.0,-14299.0,0.012230873107910156,0,True,3,33,True,109,32,2025-11-16 05:58:33
ba_64_1_8.txt,barabasi_albert_10ins_m20,51,SpecAnn,0.9306673585570006,1.0,-14299.0,0.012255191802978516,0,True,3,33,True,110,32,2025-11-16 05:58:33
ba_64_1_8.txt,barabasi_albert_10ins_m20,51,SpecAnn,0.9348880938548185,1.0,-14299.0,0.012079238891601562,0,True,3,33,True,111,32,2025-11-16 05:58:33
ba_64_1_8.txt,barabasi_albert_10ins_m20,51,SpecAnn,0.9390898592677527,1.0,-14299.0,0.012128591537475586,0,True,3,33,True,112,32,2025-11-16 05:58:33
ba_64_1_8.txt,barabasi_albert_10ins_m20,51,SpecAnn,0.9432729082972536,1.0,-14299.0,0.012151956558227539,0,True,3,33,True,113,32,2025-11-16 05:58:33
ba_64_1_8.txt,barabasi_albert_10ins_m20,51,SpecAnn,0.9474374888485205,1.0,-14299.0,0.012263298034667969,0,True,3,33,True,114,32,2025-11-16 05:58:33
ba_64_1_8.txt,barabasi_albert_10ins_m20,51,SpecAnn,0.9515838434019475,1.0,-14299.0,0.012128591537475586,0,True,3,33,True,115,32,2025-11-16 05:58:33
ba_64_1_8.txt,barabasi_albert_10ins_m20,51,SpecAnn,0.9557122091778746,1.0,-14299.0,0.012234926223754883,0,True,3,33,True,116,32,2025-11-16 05:58:33
ba_64_1_8.txt,barabasi_albert_10ins_m20,51,SpecAnn,0.9598228182949627,1.0,-14299.0,0.012238740921020508,0,True,3,33,True,117,32,2025-11-16 05:58:33
ba_64_1_8.txt,barabasi_albert_10ins_m20,51,SpecAnn,0.9639158979224881,1.0,-14299.0,0.012221336364746094,0,True,3,33,True,118,32,2025-11-16 05:58:33
ba_64_1_8.txt,barabasi_albert_10ins_m20,51,SpecAnn,0.9679916704268421,1.0,-14299.0,0.012149810791015625,0,True,3,33,True,119,32,2025-11-16 05:58:33
ba_64_1_8.txt,barabasi_albert_10ins_m20,51,SpecAnn,0.9720503535125017,1.0,-14299.0,0.012224197387695312,0,True,3,33,True,120,32,2025-11-16 05:58:33
ba_64_1_8.txt,barabasi_albert_10ins_m20,51,SpecAnn,0.9760921603577252,1.0,-14299.0,0.012209892272949219,0,True,3,33,True,121,32,2025-11-16 05:58:33
ba_64_1_8.txt,barabasi_albert_10ins_m20,51,SpecAnn,0.9801172997452103,1.0,-14299.0,0.012189865112304688,0,True,3,33,True,122,32,2025-11-16 05:58:33
ba_64_1_8.txt,barabasi_albert_10ins_m20,51,SpecAnn,0.9841259761879442,1.0,-14299.0,0.012171506881713867,0,True,3,33,True,123,32,2025-11-16 05:58:33
ba_64_1_8.txt,barabasi_albert_10ins_m20,51,SpecAnn,0.9881183900504562,1.0,-14299.0,0.012239933013916016,0,True,3,33,True,124,32,2025-11-16 05:58:33
ba_64_1_8.txt,barabasi_albert_10ins_m20,51,SpecAnn,0.9920947376656813,1.0,-14299.0,0.012207984924316406,0,True,3,33,True,125,32,2025-11-16 05:58:33
ba_64_1_8.txt,barabasi_albert_10ins_m20,51,SpecAnn,0.9960552114476228,1.0,-14299.0,0.012177228927612305,0,True,3,33,True,126,32,2025-11-16 05:58:33
ba_64_1_8.txt,barabasi_albert_10ins_m20,51,SpecAnn,1.0,1.0,-14299.0,0.012185335159301758,0,True,3,33,True,127,32,2025-11-16 05:58:33
