instance_name,dataset,seed,solver_name,alpha,beta,energy,time,mode,use_local_search,local_search_iterations,eigsh_iterations,warm_start,alpha_index,precision,timestamp
ba_64_1_7.txt,barabasi_albert_10ins_m20,42,SpecAnn,0.0,1.0,-13375.999999999998,0.0129599571228027,0,True,9,33,True,0,32,2025-11-16 05:58:00
ba_64_1_7.txt,barabasi_albert_10ins_m20,42,SpecAnn,0.0887356509416113,1.0,-14288.000000000002,0.0122478008270263,0,True,9,33,True,1,32,2025-11-16 05:58:00
ba_64_1_7.txt,barabasi_albert_10ins_m20,42,SpecAnn,0.1254911610276317,1.0,-14343.999999999998,0.012300968170166,0,True,9,33,True,2,32,2025-11-16 05:58:00
ba_64_1_7.txt,barabasi_albert_10ins_m20,42,SpecAnn,0.1536946558735679,1.0,-14343.999999999998,0.0125088691711425,0,True,9,33,True,3,32,2025-11-16 05:58:00
ba_64_1_7.txt,barabasi_albert_10ins_m20,42,SpecAnn,0.1774713018832227,1.0,-14288.000000000002,0.0124557018280029,0,True,9,33,True,4,32,2025-11-16 05:58:00
ba_64_1_7.txt,barabasi_albert_10ins_m20,42,SpecAnn,0.1984189475331362,1.0,-14288.000000000002,0.0124788284301757,0,True,9,33,True,5,32,2025-11-16 05:58:00
ba_64_1_7.txt,barabasi_albert_10ins_m20,42,SpecAnn,0.2173570668006655,1.0,-14343.999999999998,0.012521743774414,0,True,9,33,True,6,32,2025-11-16 05:58:00
ba_64_1_7.txt,barabasi_albert_10ins_m20,42,SpecAnn,0.2347724648169381,1.0,-14343.999999999998,0.0122721195220947,0,True,9,33,True,7,32,2025-11-16 05:58:00
ba_64_1_7.txt,barabasi_albert_10ins_m20,42,SpecAnn,0.2509823220552634,1.0,-14343.999999999998,0.0123016834259033,0,True,9,33,True,8,32,2025-11-16 05:58:00
ba_64_1_7.txt,barabasi_albert_10ins_m20,42,SpecAnn,0.2662069528248341,1.0,-14432.000000000002,0.0122547149658203,0,True,9,33,True,9,32,2025-11-16 05:58:00
ba_64_1_7.txt,barabasi_albert_10ins_m20,42,SpecAnn,0.2806067666331568,1.0,-14578.000000000002,0.0123233795166015,0,True,9,33,True,10,32,2025-11-16 05:58:00
ba_64_1_7.txt,barabasi_albert_10ins_m20,42,SpecAnn,0.2943028597012718,1.0,-14578.000000000002,0.0122067928314208,0,True,9,33,True,11,32,2025-11-16 05:58:00
ba_64_1_7.txt,barabasi_albert_10ins_m20,42,SpecAnn,0.3073893117471359,1.0,-14578.000000000002,0.0122442245483398,0,True,9,33,True,12,32,2025-11-16 05:58:00
ba_64_1_7.txt,barabasi_albert_10ins_m20,42,SpecAnn,0.3199409394316542,1.0,-14432.000000000002,0.0122106075286865,0,True,9,33,True,13,32,2025-11-16 05:58:01
ba_64_1_7.txt,barabasi_albert_10ins_m20,42,SpecAnn,0.3320184038158743,1.0,-14432.000000000002,0.012296438217163,0,True,9,33,True,14,32,2025-11-16 05:58:01
ba_64_1_7.txt,barabasi_albert_10ins_m20,42,SpecAnn,0.3436716983117353,1.0,-14288.000000000002,0.0122866630554199,0,True,9,33,True,15,32,2025-11-16 05:58:01
ba_64_1_7.txt,barabasi_albert_10ins_m20,42,SpecAnn,0.3549426037664455,1.0,-14432.000000000002,0.0122244358062744,0,True,9,33,True,16,32,2025-11-16 05:58:01
ba_64_1_7.txt,barabasi_albert_10ins_m20,42,SpecAnn,0.3658664615902029,1.0,-14432.000000000002,0.0121705532073974,0,True,9,33,True,17,32,2025-11-16 05:58:01
ba_64_1_7.txt,barabasi_albert_10ins_m20,42,SpecAnn,0.3764734830828951,1.0,-14432.000000000002,0.0122613906860351,0,True,9,33,True,18,32,2025-11-16 05:58:01
ba_64_1_7.txt,barabasi_albert_10ins_m20,42,SpecAnn,0.3867897351437838,1.0,-14432.000000000002,0.0121443271636962,0,True,9,33,True,19,32,2025-11-16 05:58:01
ba_64_1_7.txt,barabasi_albert_10ins_m20,42,SpecAnn,0.3968378950662725,1.0,-14432.000000000002,0.0122122764587402,0,True,9,33,True,20,32,2025-11-16 05:58:01
ba_64_1_7.txt,barabasi_albert_10ins_m20,42,SpecAnn,0.4066378372811136,1.0,-14432.000000000002,0.0122210979461669,0,True,9,33,True,21,32,2025-11-16 05:58:01
ba_64_1_7.txt,barabasi_albert_10ins_m20,42,SpecAnn,0.4162070956347247,1.0,-14432.000000000002,0.0122308731079101,0,True,9,33,True,22,32,2025-11-16 05:58:01
ba_64_1_7.txt,barabasi_albert_10ins_m20,42,SpecAnn,0.4255612320274539,1.0,-14432.000000000002,0.0122854709625244,0,True,9,33,True,23,32,2025-11-16 05:58:01
ba_64_1_7.txt,barabasi_albert_10ins_m20,42,SpecAnn,0.434714133601331,1.0,-14432.000000000002,0.0122358798980712,0,True,9,33,True,24,32,2025-11-16 05:58:01
ba_64_1_7.txt,barabasi_albert_10ins_m20,42,SpecAnn,0.4436782547080569,1.0,-14432.000000000002,0.0121726989746093,0,True,9,33,True,25,32,2025-11-16 05:58:01
ba_64_1_7.txt,barabasi_albert_10ins_m20,42,SpecAnn,0.4524648157026343,1.0,-14432.000000000002,0.012214183807373,0,True,9,33,True,26,32,2025-11-16 05:58:01
ba_64_1_7.txt,barabasi_albert_10ins_m20,42,SpecAnn,0.4610839676207039,1.0,-14432.000000000002,0.0122201442718505,0,True,9,33,True,27,32,2025-11-16 05:58:01
ba_64_1_7.txt,barabasi_albert_10ins_m20,42,SpecAnn,0.4695449296338763,1.0,-14432.000000000002,0.0122210979461669,0,True,9,33,True,28,32,2025-11-16 05:58:01
ba_64_1_7.txt,barabasi_albert_10ins_m20,42,SpecAnn,0.4778561045889373,1.0,-14432.000000000002,0.0122265815734863,0,True,9,33,True,29,32,2025-11-16 05:58:01
ba_64_1_7.txt,barabasi_albert_10ins_m20,42,SpecAnn,0.4860251767562508,1.0,-14432.000000000002,0.0122990608215332,0,True,9,33,True,30,32,2025-11-16 05:58:01
ba_64_1_7.txt,barabasi_albert_10ins_m20,42,SpecAnn,0.4940591950252281,1.0,-14432.000000000002,0.0122959613800048,0,True,9,33,True,31,32,2025-11-16 05:58:01
ba_64_1_7.txt,barabasi_albert_10ins_m20,42,SpecAnn,0.5019646441105269,1.0,-14432.000000000002,0.0122241973876953,0,True,9,33,True,32,32,2025-11-16 05:58:01
ba_64_1_7.txt,barabasi_albert_10ins_m20,42,SpecAnn,0.5097475058154177,1.0,-14432.000000000002,0.0122051239013671,0,True,9,33,True,33,32,2025-11-16 05:58:01
ba_64_1_7.txt,barabasi_albert_10ins_m20,42,SpecAnn,0.51741331199832,1.0,-14432.000000000002,0.0122363567352294,0,True,9,33,True,34,32,2025-11-16 05:58:01
ba_64_1_7.txt,barabasi_albert_10ins_m20,42,SpecAnn,0.5249671905758515,1.0,-14432.000000000002,0.0121781826019287,0,True,9,33,True,35,32,2025-11-16 05:58:01
ba_64_1_7.txt,barabasi_albert_10ins_m20,42,SpecAnn,0.5324139056496683,1.0,-14432.000000000002,0.0121922492980957,0,True,9,33,True,36,32,2025-11-16 05:58:01
ba_64_1_7.txt,barabasi_albert_10ins_m20,42,SpecAnn,0.5397578926492556,1.0,-14432.000000000002,0.0122900009155273,0,True,9,33,True,37,32,2025-11-16 05:58:01
ba_64_1_7.txt,barabasi_albert_10ins_m20,42,SpecAnn,0.5470032892270364,1.0,-14432.000000000002,0.0125107765197753,0,True,9,33,True,38,32,2025-11-16 05:58:01
ba_64_1_7.txt,barabasi_albert_10ins_m20,42,SpecAnn,0.554153962516942,1.0,-14432.000000000002,0.0125846862792968,0,True,9,33,True,39,32,2025-11-16 05:58:01
ba_64_1_7.txt,barabasi_albert_10ins_m20,42,SpecAnn,0.5612135332663137,1.0,-14343.999999999998,0.0125353336334228,0,True,9,33,True,40,32,2025-11-16 05:58:01
ba_64_1_7.txt,barabasi_albert_10ins_m20,42,SpecAnn,0.5681853972686127,1.0,-14343.999999999998,0.012470006942749,0,True,9,33,True,41,32,2025-11-16 05:58:01
ba_64_1_7.txt,barabasi_albert_10ins_m20,42,SpecAnn,0.5750727444570146,1.0,-14343.999999999998,0.0124075412750244,0,True,9,33,True,42,32,2025-11-16 05:58:01
ba_64_1_7.txt,barabasi_albert_10ins_m20,42,SpecAnn,0.5818785759635375,1.0,-14343.999999999998,0.0122356414794921,0,True,9,33,True,43,32,2025-11-16 05:58:01
ba_64_1_7.txt,barabasi_albert_10ins_m20,42,SpecAnn,0.5886057194025436,1.0,-14343.999999999998,0.0124261379241943,0,True,9,33,True,44,32,2025-11-16 05:58:01
ba_64_1_7.txt,barabasi_albert_10ins_m20,42,SpecAnn,0.5952568425994088,1.0,-14343.999999999998,0.0123422145843505,0,True,9,33,True,45,32,2025-11-16 05:58:01
ba_64_1_7.txt,barabasi_albert_10ins_m20,42,SpecAnn,0.6018344659534288,1.0,-14343.999999999998,0.012308120727539,0,True,9,33,True,46,32,2025-11-16 05:58:01
ba_64_1_7.txt,barabasi_albert_10ins_m20,42,SpecAnn,0.6083409735974393,1.0,-14343.999999999998,0.0122277736663818,0,True,9,33,True,47,32,2025-11-16 05:58:01
ba_64_1_7.txt,barabasi_albert_10ins_m20,42,SpecAnn,0.6147786234942719,1.0,-14343.999999999998,0.0122821331024169,0,True,9,33,True,48,32,2025-11-16 05:58:01
ba_64_1_7.txt,barabasi_albert_10ins_m20,42,SpecAnn,0.6211495565912796,1.0,-14343.999999999998,0.0123188495635986,0,True,9,33,True,49,32,2025-11-16 05:58:01
ba_64_1_7.txt,barabasi_albert_10ins_m20,42,SpecAnn,0.6274558051381586,1.0,-14343.999999999998,0.0124764442443847,0,True,9,33,True,50,32,2025-11-16 05:58:01
ba_64_1_7.txt,barabasi_albert_10ins_m20,42,SpecAnn,0.6336993002596786,1.0,-14343.999999999998,0.0122444629669189,0,True,9,33,True,51,32,2025-11-16 05:58:01
ba_64_1_7.txt,barabasi_albert_10ins_m20,42,SpecAnn,0.6398818788633085,1.0,-14343.999999999998,0.0121831893920898,0,True,9,33,True,52,32,2025-11-16 05:58:01
ba_64_1_7.txt,barabasi_albert_10ins_m20,42,SpecAnn,0.6460052899517691,1.0,-14343.999999999998,0.0122761726379394,0,True,9,33,True,53,32,2025-11-16 05:58:01
ba_64_1_7.txt,barabasi_albert_10ins_m20,42,SpecAnn,0.6520712004019966,1.0,-14343.999999999998,0.0122828483581542,0,True,9,33,True,54,32,2025-11-16 05:58:01
ba_64_1_7.txt,barabasi_albert_10ins_m20,42,SpecAnn,0.6580812002646271,1.0,-14343.999999999998,0.0123138427734375,0,True,9,33,True,55,32,2025-11-16 05:58:01
ba_64_1_7.txt,barabasi_albert_10ins_m20,42,SpecAnn,0.6640368076317485,1.0,-14343.999999999998,0.0122351646423339,0,True,9,33,True,56,32,2025-11-16 05:58:01
ba_64_1_7.txt,barabasi_albert_10ins_m20,42,SpecAnn,0.6699394731151429,1.0,-14343.999999999998,0.0122566223144531,0,True,9,33,True,57,32,2025-11-16 05:58:01
ba_64_1_7.txt,barabasi_albert_10ins_m20,42,SpecAnn,0.6757905839724513,1.0,-14343.999999999998,0.0122816562652587,0,True,9,33,True,58,32,2025-11-16 05:58:01
ba_64_1_7.txt,barabasi_albert_10ins_m20,42,SpecAnn,0.6815914679145113,1.0,-14343.999999999998,0.01241135597229,0,True,9,33,True,59,32,2025-11-16 05:58:01
ba_64_1_7.txt,barabasi_albert_10ins_m20,42,SpecAnn,0.6873433966234707,1.0,-14343.999999999998,0.0124316215515136,0,True,9,33,True,60,32,2025-11-16 05:58:01
ba_64_1_7.txt,barabasi_albert_10ins_m20,42,SpecAnn,0.6930475890080863,1.0,-14343.999999999998,0.0123975276947021,0,True,9,33,True,61,32,2025-11-16 05:58:01
ba_64_1_7.txt,barabasi_albert_10ins_m20,42,SpecAnn,0.6987052142198116,1.0,-14343.999999999998,0.0123016834259033,0,True,9,33,True,62,32,2025-11-16 05:58:01
ba_64_1_7.txt,barabasi_albert_10ins_m20,42,SpecAnn,0.7043173944508145,1.0,-14343.999999999998,0.0121600627899169,0,True,9,33,True,63,32,2025-11-16 05:58:01
ba_64_1_7.txt,barabasi_albert_10ins_m20,42,SpecAnn,0.709885207532891,1.0,-14343.999999999998,0.012326955795288,0,True,9,33,True,64,32,2025-11-16 05:58:01
ba_64_1_7.txt,barabasi_albert_10ins_m20,42,SpecAnn,0.7154096893543218,1.0,-14343.999999999998,0.0124521255493164,0,True,9,33,True,65,32,2025-11-16 05:58:01
ba_64_1_7.txt,barabasi_albert_10ins_m20,42,SpecAnn,0.7208918361100219,1.0,-14343.999999999998,0.012465476989746,0,True,9,33,True,66,32,2025-11-16 05:58:01
ba_64_1_7.txt,barabasi_albert_10ins_m20,42,SpecAnn,0.7263326063988248,1.0,-14343.999999999998,0.0124628543853759,0,True,9,33,True,67,32,2025-11-16 05:58:01
ba_64_1_7.txt,barabasi_albert_10ins_m20,42,SpecAnn,0.7317329231804058,1.0,-14343.999999999998,0.0124838352203369,0,True,9,33,True,68,32,2025-11-16 05:58:01
ba_64_1_7.txt,barabasi_albert_10ins_m20,42,SpecAnn,0.7370936756031579,1.0,-14343.999999999998,0.0124032497406005,0,True,9,33,True,69,32,2025-11-16 05:58:01
ba_64_1_7.txt,barabasi_albert_10ins_m20,42,SpecAnn,0.7424157207132704,1.0,-14343.999999999998,0.0124168395996093,0,True,9,33,True,70,32,2025-11-16 05:58:01
ba_64_1_7.txt,barabasi_albert_10ins_m20,42,SpecAnn,0.7476998850543153,1.0,-14343.999999999998,0.0123617649078369,0,True,9,33,True,71,32,2025-11-16 05:58:01
ba_64_1_7.txt,barabasi_albert_10ins_m20,42,SpecAnn,0.7529469661657903,1.0,-14343.999999999998,0.0122313499450683,0,True,9,33,True,72,32,2025-11-16 05:58:01
ba_64_1_7.txt,barabasi_albert_10ins_m20,42,SpecAnn,0.7581577339883167,1.0,-14343.999999999998,0.012223482131958,0,True,9,33,True,73,32,2025-11-16 05:58:01
ba_64_1_7.txt,barabasi_albert_10ins_m20,42,SpecAnn,0.7633329321824984,1.0,-14343.999999999998,0.012378454208374,0,True,9,33,True,74,32,2025-11-16 05:58:01
ba_64_1_7.txt,barabasi_albert_10ins_m20,42,SpecAnn,0.7684732793678399,1.0,-14343.999999999998,0.0124340057373046,0,True,9,33,True,75,32,2025-11-16 05:58:01
ba_64_1_7.txt,barabasi_albert_10ins_m20,42,SpecAnn,0.7735794702875677,1.0,-14343.999999999998,0.0124454498291015,0,True,9,33,True,76,32,2025-11-16 05:58:01
ba_64_1_7.txt,barabasi_albert_10ins_m20,42,SpecAnn,0.7786521769046981,1.0,-14343.999999999998,0.0123519897460937,0,True,9,33,True,77,32,2025-11-16 05:58:01
ba_64_1_7.txt,barabasi_albert_10ins_m20,42,SpecAnn,0.7836920494342511,1.0,-14343.999999999998,0.0122268199920654,0,True,9,33,True,78,32,2025-11-16 05:58:01
ba_64_1_7.txt,barabasi_albert_10ins_m20,42,SpecAnn,0.788699717316095,1.0,-14343.999999999998,0.0122945308685302,0,True,9,33,True,79,32,2025-11-16 05:58:01
ba_64_1_7.txt,barabasi_albert_10ins_m20,42,SpecAnn,0.7936757901325451,1.0,-14343.999999999998,0.0122978687286376,0,True,9,33,True,80,32,2025-11-16 05:58:01
ba_64_1_7.txt,barabasi_albert_10ins_m20,42,SpecAnn,0.7986208584745024,1.0,-14343.999999999998,0.0122251510620117,0,True,9,33,True,81,32,2025-11-16 05:58:01
ba_64_1_7.txt,barabasi_albert_10ins_m20,42,SpecAnn,0.803535494759617,1.0,-14343.999999999998,0.0124104022979736,0,True,9,33,True,82,32,2025-11-16 05:58:01
ba_64_1_7.txt,barabasi_albert_10ins_m20,42,SpecAnn,0.8084202540056837,1.0,-14343.999999999998,0.0124111175537109,0,True,9,33,True,83,32,2025-11-16 05:58:01
ba_64_1_7.txt,barabasi_albert_10ins_m20,42,SpecAnn,0.8132756745622272,1.0,-14343.999999999998,0.0124702453613281,0,True,9,33,True,84,32,2025-11-16 05:58:01
ba_64_1_7.txt,barabasi_albert_10ins_m20,42,SpecAnn,0.8181022788030096,1.0,-14343.999999999998,0.0125083923339843,0,True,9,33,True,85,32,2025-11-16 05:58:01
ba_64_1_7.txt,barabasi_albert_10ins_m20,42,SpecAnn,0.822900573781978,1.0,-14343.999999999998,0.0124576091766357,0,True,9,33,True,86,32,2025-11-16 05:58:01
ba_64_1_7.txt,barabasi_albert_10ins_m20,42,SpecAnn,0.8276710518549868,1.0,-14343.999999999998,0.0124614238739013,0,True,9,33,True,87,32,2025-11-16 05:58:01
ba_64_1_7.txt,barabasi_albert_10ins_m20,42,SpecAnn,0.8324141912694495,1.0,-14343.999999999998,0.0124361515045166,0,True,9,33,True,88,32,2025-11-16 05:58:01
ba_64_1_7.txt,barabasi_albert_10ins_m20,42,SpecAnn,0.8371304567239225,1.0,-14343.999999999998,0.012190818786621,0,True,9,33,True,89,32,2025-11-16 05:58:01
ba_64_1_7.txt,barabasi_albert_10ins_m20,42,SpecAnn,0.8418202998994706,1.0,-14343.999999999998,0.0125236511230468,0,True,9,33,True,90,32,2025-11-16 05:58:01
ba_64_1_7.txt,barabasi_albert_10ins_m20,42,SpecAnn,0.846484159964536,1.0,-14343.999999999998,0.0124390125274658,0,True,9,33,True,91,32,2025-11-16 05:58:01
ba_64_1_7.txt,barabasi_albert_10ins_m20,42,SpecAnn,0.8511224640549078,1.0,-14343.999999999998,0.0125491619110107,0,True,9,33,True,92,32,2025-11-16 05:58:01
ba_64_1_7.txt,barabasi_albert_10ins_m20,42,SpecAnn,0.8557356277302758,1.0,-14343.999999999998,0.0124146938323974,0,True,9,33,True,93,32,2025-11-16 05:58:01
ba_64_1_7.txt,barabasi_albert_10ins_m20,42,SpecAnn,0.8603240554087516,1.0,-14343.999999999998,0.0123441219329833,0,True,9,33,True,94,32,2025-11-16 05:58:02
ba_64_1_7.txt,barabasi_albert_10ins_m20,42,SpecAnn,0.86488814078064,1.0,-14343.999999999998,0.0123591423034667,0,True,9,33,True,95,32,2025-11-16 05:58:02
ba_64_1_7.txt,barabasi_albert_10ins_m20,42,SpecAnn,0.8694282672026621,1.0,-14343.999999999998,0.0124013423919677,0,True,9,33,True,96,32,2025-11-16 05:58:02
ba_64_1_7.txt,barabasi_albert_10ins_m20,42,SpecAnn,0.8739448080737451,1.0,-14343.999999999998,0.012235403060913,0,True,9,33,True,97,32,2025-11-16 05:58:02
ba_64_1_7.txt,barabasi_albert_10ins_m20,42,SpecAnn,0.878438127193422,1.0,-14343.999999999998,0.0124666690826416,0,True,9,33,True,98,32,2025-11-16 05:58:02
ba_64_1_7.txt,barabasi_albert_10ins_m20,42,SpecAnn,0.8829085791038153,1.0,-14343.999999999998,0.0124647617340087,0,True,9,33,True,99,32,2025-11-16 05:58:02
ba_64_1_7.txt,barabasi_albert_10ins_m20,42,SpecAnn,0.8873565094161138,1.0,-14343.999999999998,0.0124082565307617,0,True,9,33,True,100,32,2025-11-16 05:58:02
ba_64_1_7.txt,barabasi_albert_10ins_m20,42,SpecAnn,0.8917822551223932,1.0,-14343.999999999998,0.0125637054443359,0,True,9,33,True,101,32,2025-11-16 05:58:02
ba_64_1_7.txt,barabasi_albert_10ins_m20,42,SpecAnn,0.8961861448935777,1.0,-14343.999999999998,0.012272834777832,0,True,9,33,True,102,32,2025-11-16 05:58:02
ba_64_1_7.txt,barabasi_albert_10ins_m20,42,SpecAnn,0.9005684993642872,1.0,-14343.999999999998,0.012247085571289,0,True,9,33,True,103,32,2025-11-16 05:58:02
ba_64_1_7.txt,barabasi_albert_10ins_m20,42,SpecAnn,0.9049296314052688,1.0,-14343.999999999998,0.0123186111450195,0,True,9,33,True,104,32,2025-11-16 05:58:02
ba_64_1_7.txt,barabasi_albert_10ins_m20,42,SpecAnn,0.9092698463840684,1.0,-14343.999999999998,0.0122468471527099,0,True,9,33,True,105,32,2025-11-16 05:58:02
ba_64_1_7.txt,barabasi_albert_10ins_m20,42,SpecAnn,0.9135894424145556,1.0,-14343.999999999998,0.0123441219329833,0,True,9,33,True,106,32,2025-11-16 05:58:02
ba_64_1_7.txt,barabasi_albert_10ins_m20,42,SpecAnn,0.9178887105958816,1.0,-14343.999999999998,0.0123467445373535,0,True,9,33,True,107,32,2025-11-16 05:58:02
ba_64_1_7.txt,barabasi_albert_10ins_m20,42,SpecAnn,0.922167935241408,1.0,-14343.999999999998,0.0122597217559814,0,True,9,33,True,108,32,2025-11-16 05:58:02
ba_64_1_7.txt,barabasi_albert_10ins_m20,42,SpecAnn,0.92642739409812,1.0,-14343.999999999998,0.0122468471527099,0,True,9,33,True,109,32,2025-11-16 05:58:02
ba_64_1_7.txt,barabasi_albert_10ins_m20,42,SpecAnn,0.9306673585570006,1.0,-14343.999999999998,0.0122582912445068,0,True,9,33,True,110,32,2025-11-16 05:58:02
ba_64_1_7.txt,barabasi_albert_10ins_m20,42,SpecAnn,0.9348880938548184,1.0,-14343.999999999998,0.0123281478881835,0,True,9,33,True,111,32,2025-11-16 05:58:02
ba_64_1_7.txt,barabasi_albert_10ins_m20,42,SpecAnn,0.9390898592677528,1.0,-14343.999999999998,0.0123026371002197,0,True,9,33,True,112,32,2025-11-16 05:58:02
ba_64_1_7.txt,barabasi_albert_10ins_m20,42,SpecAnn,0.9432729082972536,1.0,-14343.999999999998,0.0122451782226562,0,True,9,33,True,113,32,2025-11-16 05:58:02
ba_64_1_7.txt,barabasi_albert_10ins_m20,42,SpecAnn,0.9474374888485204,1.0,-14343.999999999998,0.0122849941253662,0,True,9,33,True,114,32,2025-11-16 05:58:02
ba_64_1_7.txt,barabasi_albert_10ins_m20,42,SpecAnn,0.9515838434019476,1.0,-14343.999999999998,0.0122683048248291,0,True,9,33,True,115,32,2025-11-16 05:58:02
ba_64_1_7.txt,barabasi_albert_10ins_m20,42,SpecAnn,0.9557122091778746,1.0,-14343.999999999998,0.0122122764587402,0,True,9,33,True,116,32,2025-11-16 05:58:02
ba_64_1_7.txt,barabasi_albert_10ins_m20,42,SpecAnn,0.9598228182949629,1.0,-14343.999999999998,0.0122363567352294,0,True,9,33,True,117,32,2025-11-16 05:58:02
ba_64_1_7.txt,barabasi_albert_10ins_m20,42,SpecAnn,0.963915897922488,1.0,-14343.999999999998,0.0122821331024169,0,True,9,33,True,118,32,2025-11-16 05:58:02
ba_64_1_7.txt,barabasi_albert_10ins_m20,42,SpecAnn,0.967991670426842,1.0,-14432.000000000002,0.0125126838684082,0,True,9,33,True,119,32,2025-11-16 05:58:02
ba_64_1_7.txt,barabasi_albert_10ins_m20,42,SpecAnn,0.9720503535125016,1.0,-14432.000000000002,0.012620210647583,0,True,9,33,True,120,32,2025-11-16 05:58:02
ba_64_1_7.txt,barabasi_albert_10ins_m20,42,SpecAnn,0.9760921603577252,1.0,-14432.000000000002,0.0125014781951904,0,True,9,33,True,121,32,2025-11-16 05:58:02
ba_64_1_7.txt,barabasi_albert_10ins_m20,42,SpecAnn,0.9801172997452104,1.0,-14432.000000000002,0.012545108795166,0,True,9,33,True,122,32,2025-11-16 05:58:02
ba_64_1_7.txt,barabasi_albert_10ins_m20,42,SpecAnn,0.9841259761879442,1.0,-14432.000000000002,0.0123488903045654,0,True,9,33,True,123,32,2025-11-16 05:58:02
ba_64_1_7.txt,barabasi_albert_10ins_m20,42,SpecAnn,0.9881183900504562,1.0,-14432.000000000002,0.0123171806335449,0,True,9,33,True,124,32,2025-11-16 05:58:02
ba_64_1_7.txt,barabasi_albert_10ins_m20,42,SpecAnn,0.9920947376656812,1.0,-14432.000000000002,0.0122857093811035,0,True,9,33,True,125,32,2025-11-16 05:58:02
ba_64_1_7.txt,barabasi_albert_10ins_m20,42,SpecAnn,0.9960552114476228,1.0,-14432.000000000002,0.0123054981231689,0,True,9,33,True,126,32,2025-11-16 05:58:02
ba_64_1_7.txt,barabasi_albert_10ins_m20,42,SpecAnn,1.0,1.0,-14432.000000000002,0.0122530460357666,0,True,9,33,True,127,32,2025-11-16 05:58:02
ba_64_1_7.txt,barabasi_albert_10ins_m20,43,SpecAnn,0.0,1.0,-14288.000000000002,0.0128614902496337,0,True,8,33,True,0,32,2025-11-16 05:58:02
ba_64_1_7.txt,barabasi_albert_10ins_m20,43,SpecAnn,0.0887356509416113,1.0,-14288.000000000002,0.0121927261352539,0,True,8,33,True,1,32,2025-11-16 05:58:02
ba_64_1_7.txt,barabasi_albert_10ins_m20,43,SpecAnn,0.1254911610276317,1.0,-14343.999999999998,0.0122711658477783,0,True,8,33,True,2,32,2025-11-16 05:58:02
ba_64_1_7.txt,barabasi_albert_10ins_m20,43,SpecAnn,0.1536946558735679,1.0,-14343.999999999998,0.012225866317749,0,True,8,33,True,3,32,2025-11-16 05:58:02
ba_64_1_7.txt,barabasi_albert_10ins_m20,43,SpecAnn,0.1774713018832227,1.0,-14343.999999999998,0.0122666358947753,0,True,8,33,True,4,32,2025-11-16 05:58:02
ba_64_1_7.txt,barabasi_albert_10ins_m20,43,SpecAnn,0.1984189475331362,1.0,-14343.999999999998,0.0123035907745361,0,True,8,33,True,5,32,2025-11-16 05:58:02
ba_64_1_7.txt,barabasi_albert_10ins_m20,43,SpecAnn,0.2173570668006655,1.0,-14343.999999999998,0.0122809410095214,0,True,8,33,True,6,32,2025-11-16 05:58:02
ba_64_1_7.txt,barabasi_albert_10ins_m20,43,SpecAnn,0.2347724648169381,1.0,-14343.999999999998,0.0122163295745849,0,True,8,33,True,7,32,2025-11-16 05:58:02
ba_64_1_7.txt,barabasi_albert_10ins_m20,43,SpecAnn,0.2509823220552634,1.0,-14343.999999999998,0.0123932361602783,0,True,8,33,True,8,32,2025-11-16 05:58:02
ba_64_1_7.txt,barabasi_albert_10ins_m20,43,SpecAnn,0.2662069528248341,1.0,-14288.000000000002,0.0124211311340332,0,True,8,33,True,9,32,2025-11-16 05:58:02
ba_64_1_7.txt,barabasi_albert_10ins_m20,43,SpecAnn,0.2806067666331568,1.0,-14343.999999999998,0.0123889446258544,0,True,8,33,True,10,32,2025-11-16 05:58:02
ba_64_1_7.txt,barabasi_albert_10ins_m20,43,SpecAnn,0.2943028597012718,1.0,-14343.999999999998,0.0124430656433105,0,True,8,33,True,11,32,2025-11-16 05:58:02
ba_64_1_7.txt,barabasi_albert_10ins_m20,43,SpecAnn,0.3073893117471359,1.0,-14343.999999999998,0.0124335289001464,0,True,8,33,True,12,32,2025-11-16 05:58:02
ba_64_1_7.txt,barabasi_albert_10ins_m20,43,SpecAnn,0.3199409394316542,1.0,-14343.999999999998,0.0123860836029052,0,True,8,33,True,13,32,2025-11-16 05:58:02
ba_64_1_7.txt,barabasi_albert_10ins_m20,43,SpecAnn,0.3320184038158743,1.0,-14343.999999999998,0.0125026702880859,0,True,8,33,True,14,32,2025-11-16 05:58:02
ba_64_1_7.txt,barabasi_albert_10ins_m20,43,SpecAnn,0.3436716983117353,1.0,-14288.000000000002,0.0124158859252929,0,True,8,33,True,15,32,2025-11-16 05:58:02
ba_64_1_7.txt,barabasi_albert_10ins_m20,43,SpecAnn,0.3549426037664455,1.0,-14432.000000000002,0.0124337673187255,0,True,8,33,True,16,32,2025-11-16 05:58:02
ba_64_1_7.txt,barabasi_albert_10ins_m20,43,SpecAnn,0.3658664615902029,1.0,-14432.000000000002,0.0122292041778564,0,True,8,33,True,17,32,2025-11-16 05:58:02
ba_64_1_7.txt,barabasi_albert_10ins_m20,43,SpecAnn,0.3764734830828951,1.0,-14432.000000000002,0.0122902393341064,0,True,8,33,True,18,32,2025-11-16 05:58:02
ba_64_1_7.txt,barabasi_albert_10ins_m20,43,SpecAnn,0.3867897351437838,1.0,-14432.000000000002,0.0122416019439697,0,True,8,33,True,19,32,2025-11-16 05:58:02
ba_64_1_7.txt,barabasi_albert_10ins_m20,43,SpecAnn,0.3968378950662725,1.0,-14432.000000000002,0.012256383895874,0,True,8,33,True,20,32,2025-11-16 05:58:02
ba_64_1_7.txt,barabasi_albert_10ins_m20,43,SpecAnn,0.4066378372811136,1.0,-14432.000000000002,0.0122811794281005,0,True,8,33,True,21,32,2025-11-16 05:58:02
ba_64_1_7.txt,barabasi_albert_10ins_m20,43,SpecAnn,0.4162070956347247,1.0,-14432.000000000002,0.0122418403625488,0,True,8,33,True,22,32,2025-11-16 05:58:02
ba_64_1_7.txt,barabasi_albert_10ins_m20,43,SpecAnn,0.4255612320274539,1.0,-14432.000000000002,0.012233018875122,0,True,8,33,True,23,32,2025-11-16 05:58:02
ba_64_1_7.txt,barabasi_albert_10ins_m20,43,SpecAnn,0.434714133601331,1.0,-14432.000000000002,0.0123171806335449,0,True,8,33,True,24,32,2025-11-16 05:58:02
ba_64_1_7.txt,barabasi_albert_10ins_m20,43,SpecAnn,0.4436782547080569,1.0,-14432.000000000002,0.0122218132019042,0,True,8,33,True,25,32,2025-11-16 05:58:02
ba_64_1_7.txt,barabasi_albert_10ins_m20,43,SpecAnn,0.4524648157026343,1.0,-14432.000000000002,0.0122511386871337,0,True,8,33,True,26,32,2025-11-16 05:58:02
ba_64_1_7.txt,barabasi_albert_10ins_m20,43,SpecAnn,0.4610839676207039,1.0,-14432.000000000002,0.0122098922729492,0,True,8,33,True,27,32,2025-11-16 05:58:02
ba_64_1_7.txt,barabasi_albert_10ins_m20,43,SpecAnn,0.4695449296338763,1.0,-14432.000000000002,0.0122671127319335,0,True,8,33,True,28,32,2025-11-16 05:58:02
ba_64_1_7.txt,barabasi_albert_10ins_m20,43,SpecAnn,0.4778561045889373,1.0,-14432.000000000002,0.0121827125549316,0,True,8,33,True,29,32,2025-11-16 05:58:02
ba_64_1_7.txt,barabasi_albert_10ins_m20,43,SpecAnn,0.4860251767562508,1.0,-14432.000000000002,0.0122299194335937,0,True,8,33,True,30,32,2025-11-16 05:58:02
ba_64_1_7.txt,barabasi_albert_10ins_m20,43,SpecAnn,0.4940591950252281,1.0,-14432.000000000002,0.0122020244598388,0,True,8,33,True,31,32,2025-11-16 05:58:02
ba_64_1_7.txt,barabasi_albert_10ins_m20,43,SpecAnn,0.5019646441105269,1.0,-14432.000000000002,0.0122721195220947,0,True,8,33,True,32,32,2025-11-16 05:58:02
ba_64_1_7.txt,barabasi_albert_10ins_m20,43,SpecAnn,0.5097475058154177,1.0,-14432.000000000002,0.0122315883636474,0,True,8,33,True,33,32,2025-11-16 05:58:02
ba_64_1_7.txt,barabasi_albert_10ins_m20,43,SpecAnn,0.51741331199832,1.0,-14432.000000000002,0.012233018875122,0,True,8,33,True,34,32,2025-11-16 05:58:02
ba_64_1_7.txt,barabasi_albert_10ins_m20,43,SpecAnn,0.5249671905758515,1.0,-14432.000000000002,0.0121593475341796,0,True,8,33,True,35,32,2025-11-16 05:58:02
ba_64_1_7.txt,barabasi_albert_10ins_m20,43,SpecAnn,0.5324139056496683,1.0,-14432.000000000002,0.0124006271362304,0,True,8,33,True,36,32,2025-11-16 05:58:02
ba_64_1_7.txt,barabasi_albert_10ins_m20,43,SpecAnn,0.5397578926492556,1.0,-14432.000000000002,0.0123929977416992,0,True,8,33,True,37,32,2025-11-16 05:58:02
ba_64_1_7.txt,barabasi_albert_10ins_m20,43,SpecAnn,0.5470032892270364,1.0,-14432.000000000002,0.0124819278717041,0,True,8,33,True,38,32,2025-11-16 05:58:02
ba_64_1_7.txt,barabasi_albert_10ins_m20,43,SpecAnn,0.554153962516942,1.0,-14432.000000000002,0.0123546123504638,0,True,8,33,True,39,32,2025-11-16 05:58:02
ba_64_1_7.txt,barabasi_albert_10ins_m20,43,SpecAnn,0.5612135332663137,1.0,-14432.000000000002,0.0122835636138916,0,True,8,33,True,40,32,2025-11-16 05:58:02
ba_64_1_7.txt,barabasi_albert_10ins_m20,43,SpecAnn,0.5681853972686127,1.0,-14432.000000000002,0.0123486518859863,0,True,8,33,True,41,32,2025-11-16 05:58:02
ba_64_1_7.txt,barabasi_albert_10ins_m20,43,SpecAnn,0.5750727444570146,1.0,-14432.000000000002,0.0124292373657226,0,True,8,33,True,42,32,2025-11-16 05:58:02
ba_64_1_7.txt,barabasi_albert_10ins_m20,43,SpecAnn,0.5818785759635375,1.0,-14432.000000000002,0.0124557018280029,0,True,8,33,True,43,32,2025-11-16 05:58:02
ba_64_1_7.txt,barabasi_albert_10ins_m20,43,SpecAnn,0.5886057194025436,1.0,-14432.000000000002,0.0123820304870605,0,True,8,33,True,44,32,2025-11-16 05:58:03
ba_64_1_7.txt,barabasi_albert_10ins_m20,43,SpecAnn,0.5952568425994088,1.0,-14432.000000000002,0.0121972560882568,0,True,8,33,True,45,32,2025-11-16 05:58:03
ba_64_1_7.txt,barabasi_albert_10ins_m20,43,SpecAnn,0.6018344659534288,1.0,-14432.000000000002,0.012169599533081,0,True,8,33,True,46,32,2025-11-16 05:58:03
ba_64_1_7.txt,barabasi_albert_10ins_m20,43,SpecAnn,0.6083409735974393,1.0,-14432.000000000002,0.0121612548828125,0,True,8,33,True,47,32,2025-11-16 05:58:03
ba_64_1_7.txt,barabasi_albert_10ins_m20,43,SpecAnn,0.6147786234942719,1.0,-14432.000000000002,0.0122091770172119,0,True,8,33,True,48,32,2025-11-16 05:58:03
ba_64_1_7.txt,barabasi_albert_10ins_m20,43,SpecAnn,0.6211495565912796,1.0,-14432.000000000002,0.0121393203735351,0,True,8,33,True,49,32,2025-11-16 05:58:03
ba_64_1_7.txt,barabasi_albert_10ins_m20,43,SpecAnn,0.6274558051381586,1.0,-14432.000000000002,0.0121700763702392,0,True,8,33,True,50,32,2025-11-16 05:58:03
ba_64_1_7.txt,barabasi_albert_10ins_m20,43,SpecAnn,0.6336993002596786,1.0,-14432.000000000002,0.0123026371002197,0,True,8,33,True,51,32,2025-11-16 05:58:03
ba_64_1_7.txt,barabasi_albert_10ins_m20,43,SpecAnn,0.6398818788633085,1.0,-14432.000000000002,0.012164831161499,0,True,8,33,True,52,32,2025-11-16 05:58:03
ba_64_1_7.txt,barabasi_albert_10ins_m20,43,SpecAnn,0.6460052899517691,1.0,-14432.000000000002,0.0121777057647705,0,True,8,33,True,53,32,2025-11-16 05:58:03
ba_64_1_7.txt,barabasi_albert_10ins_m20,43,SpecAnn,0.6520712004019966,1.0,-14432.000000000002,0.012233018875122,0,True,8,33,True,54,32,2025-11-16 05:58:03
ba_64_1_7.txt,barabasi_albert_10ins_m20,43,SpecAnn,0.6580812002646271,1.0,-14432.000000000002,0.0122060775756835,0,True,8,33,True,55,32,2025-11-16 05:58:03
ba_64_1_7.txt,barabasi_albert_10ins_m20,43,SpecAnn,0.6640368076317485,1.0,-14432.000000000002,0.0122115612030029,0,True,8,33,True,56,32,2025-11-16 05:58:03
ba_64_1_7.txt,barabasi_albert_10ins_m20,43,SpecAnn,0.6699394731151429,1.0,-14432.000000000002,0.0121850967407226,0,True,8,33,True,57,32,2025-11-16 05:58:03
ba_64_1_7.txt,barabasi_albert_10ins_m20,43,SpecAnn,0.6757905839724513,1.0,-14432.000000000002,0.0122122764587402,0,True,8,33,True,58,32,2025-11-16 05:58:03
ba_64_1_7.txt,barabasi_albert_10ins_m20,43,SpecAnn,0.6815914679145113,1.0,-14432.000000000002,0.0120973587036132,0,True,8,33,True,59,32,2025-11-16 05:58:03
ba_64_1_7.txt,barabasi_albert_10ins_m20,43,SpecAnn,0.6873433966234707,1.0,-14432.000000000002,0.0122377872467041,0,True,8,33,True,60,32,2025-11-16 05:58:03
ba_64_1_7.txt,barabasi_albert_10ins_m20,43,SpecAnn,0.6930475890080863,1.0,-14432.000000000002,0.0120983123779296,0,True,8,33,True,61,32,2025-11-16 05:58:03
ba_64_1_7.txt,barabasi_albert_10ins_m20,43,SpecAnn,0.6987052142198116,1.0,-14343.999999999998,0.0122542381286621,0,True,8,33,True,62,32,2025-11-16 05:58:03
ba_64_1_7.txt,barabasi_albert_10ins_m20,43,SpecAnn,0.7043173944508145,1.0,-14343.999999999998,0.0122489929199218,0,True,8,33,True,63,32,2025-11-16 05:58:03
ba_64_1_7.txt,barabasi_albert_10ins_m20,43,SpecAnn,0.709885207532891,1.0,-14343.999999999998,0.012183666229248,0,True,8,33,True,64,32,2025-11-16 05:58:03
ba_64_1_7.txt,barabasi_albert_10ins_m20,43,SpecAnn,0.7154096893543218,1.0,-14343.999999999998,0.0122251510620117,0,True,8,33,True,65,32,2025-11-16 05:58:03
ba_64_1_7.txt,barabasi_albert_10ins_m20,43,SpecAnn,0.7208918361100219,1.0,-14343.999999999998,0.0122551918029785,0,True,8,33,True,66,32,2025-11-16 05:58:03
ba_64_1_7.txt,barabasi_albert_10ins_m20,43,SpecAnn,0.7263326063988248,1.0,-14343.999999999998,0.0123283863067626,0,True,8,33,True,67,32,2025-11-16 05:58:03
ba_64_1_7.txt,barabasi_albert_10ins_m20,43,SpecAnn,0.7317329231804058,1.0,-14343.999999999998,0.0121798515319824,0,True,8,33,True,68,32,2025-11-16 05:58:03
ba_64_1_7.txt,barabasi_albert_10ins_m20,43,SpecAnn,0.7370936756031579,1.0,-14343.999999999998,0.0122678279876708,0,True,8,33,True,69,32,2025-11-16 05:58:03
ba_64_1_7.txt,barabasi_albert_10ins_m20,43,SpecAnn,0.7424157207132704,1.0,-14343.999999999998,0.0125088691711425,0,True,8,33,True,70,32,2025-11-16 05:58:03
ba_64_1_7.txt,barabasi_albert_10ins_m20,43,SpecAnn,0.7476998850543153,1.0,-14343.999999999998,0.0125799179077148,0,True,8,33,True,71,32,2025-11-16 05:58:03
ba_64_1_7.txt,barabasi_albert_10ins_m20,43,SpecAnn,0.7529469661657903,1.0,-14343.999999999998,0.0124342441558837,0,True,8,33,True,72,32,2025-11-16 05:58:03
ba_64_1_7.txt,barabasi_albert_10ins_m20,43,SpecAnn,0.7581577339883167,1.0,-14343.999999999998,0.0123305320739746,0,True,8,33,True,73,32,2025-11-16 05:58:03
ba_64_1_7.txt,barabasi_albert_10ins_m20,43,SpecAnn,0.7633329321824984,1.0,-14343.999999999998,0.0122721195220947,0,True,8,33,True,74,32,2025-11-16 05:58:03
ba_64_1_7.txt,barabasi_albert_10ins_m20,43,SpecAnn,0.7684732793678399,1.0,-14343.999999999998,0.0122902393341064,0,True,8,33,True,75,32,2025-11-16 05:58:03
ba_64_1_7.txt,barabasi_albert_10ins_m20,43,SpecAnn,0.7735794702875677,1.0,-14343.999999999998,0.0122106075286865,0,True,8,33,True,76,32,2025-11-16 05:58:03
ba_64_1_7.txt,barabasi_albert_10ins_m20,43,SpecAnn,0.7786521769046981,1.0,-14343.999999999998,0.0123047828674316,0,True,8,33,True,77,32,2025-11-16 05:58:03
ba_64_1_7.txt,barabasi_albert_10ins_m20,43,SpecAnn,0.7836920494342511,1.0,-14343.999999999998,0.0122792720794677,0,True,8,33,True,78,32,2025-11-16 05:58:03
ba_64_1_7.txt,barabasi_albert_10ins_m20,43,SpecAnn,0.788699717316095,1.0,-14343.999999999998,0.0123360157012939,0,True,8,33,True,79,32,2025-11-16 05:58:03
ba_64_1_7.txt,barabasi_albert_10ins_m20,43,SpecAnn,0.7936757901325451,1.0,-14343.999999999998,0.012221336364746,0,True,8,33,True,80,32,2025-11-16 05:58:03
ba_64_1_7.txt,barabasi_albert_10ins_m20,43,SpecAnn,0.7986208584745024,1.0,-14432.000000000002,0.012298583984375,0,True,8,33,True,81,32,2025-11-16 05:58:03
ba_64_1_7.txt,barabasi_albert_10ins_m20,43,SpecAnn,0.803535494759617,1.0,-14432.000000000002,0.0122365951538085,0,True,8,33,True,82,32,2025-11-16 05:58:03
ba_64_1_7.txt,barabasi_albert_10ins_m20,43,SpecAnn,0.8084202540056837,1.0,-14432.000000000002,0.0121679306030273,0,True,8,33,True,83,32,2025-11-16 05:58:03
ba_64_1_7.txt,barabasi_albert_10ins_m20,43,SpecAnn,0.8132756745622272,1.0,-14432.000000000002,0.0122458934783935,0,True,8,33,True,84,32,2025-11-16 05:58:03
ba_64_1_7.txt,barabasi_albert_10ins_m20,43,SpecAnn,0.8181022788030096,1.0,-14432.000000000002,0.0122394561767578,0,True,8,33,True,85,32,2025-11-16 05:58:03
ba_64_1_7.txt,barabasi_albert_10ins_m20,43,SpecAnn,0.822900573781978,1.0,-14432.000000000002,0.0123431682586669,0,True,8,33,True,86,32,2025-11-16 05:58:03
ba_64_1_7.txt,barabasi_albert_10ins_m20,43,SpecAnn,0.8276710518549868,1.0,-14432.000000000002,0.0121960639953613,0,True,8,33,True,87,32,2025-11-16 05:58:03
ba_64_1_7.txt,barabasi_albert_10ins_m20,43,SpecAnn,0.8324141912694495,1.0,-14432.000000000002,0.0123076438903808,0,True,8,33,True,88,32,2025-11-16 05:58:03
ba_64_1_7.txt,barabasi_albert_10ins_m20,43,SpecAnn,0.8371304567239225,1.0,-14432.000000000002,0.0122530460357666,0,True,8,33,True,89,32,2025-11-16 05:58:03
ba_64_1_7.txt,barabasi_albert_10ins_m20,43,SpecAnn,0.8418202998994706,1.0,-14343.999999999998,0.0122711658477783,0,True,8,33,True,90,32,2025-11-16 05:58:03
ba_64_1_7.txt,barabasi_albert_10ins_m20,43,SpecAnn,0.846484159964536,1.0,-14343.999999999998,0.0122003555297851,0,True,8,33,True,91,32,2025-11-16 05:58:03
ba_64_1_7.txt,barabasi_albert_10ins_m20,43,SpecAnn,0.8511224640549078,1.0,-14343.999999999998,0.0122115612030029,0,True,8,33,True,92,32,2025-11-16 05:58:03
ba_64_1_7.txt,barabasi_albert_10ins_m20,43,SpecAnn,0.8557356277302758,1.0,-14343.999999999998,0.0124180316925048,0,True,8,33,True,93,32,2025-11-16 05:58:03
ba_64_1_7.txt,barabasi_albert_10ins_m20,43,SpecAnn,0.8603240554087516,1.0,-14343.999999999998,0.0124502182006835,0,True,8,33,True,94,32,2025-11-16 05:58:03
ba_64_1_7.txt,barabasi_albert_10ins_m20,43,SpecAnn,0.86488814078064,1.0,-14343.999999999998,0.0123820304870605,0,True,8,33,True,95,32,2025-11-16 05:58:03
ba_64_1_7.txt,barabasi_albert_10ins_m20,43,SpecAnn,0.8694282672026621,1.0,-14343.999999999998,0.0124933719635009,0,True,8,33,True,96,32,2025-11-16 05:58:03
ba_64_1_7.txt,barabasi_albert_10ins_m20,43,SpecAnn,0.8739448080737451,1.0,-14343.999999999998,0.0122988224029541,0,True,8,33,True,97,32,2025-11-16 05:58:03
ba_64_1_7.txt,barabasi_albert_10ins_m20,43,SpecAnn,0.878438127193422,1.0,-14343.999999999998,0.0122103691101074,0,True,8,33,True,98,32,2025-11-16 05:58:03
ba_64_1_7.txt,barabasi_albert_10ins_m20,43,SpecAnn,0.8829085791038153,1.0,-14343.999999999998,0.0122394561767578,0,True,8,33,True,99,32,2025-11-16 05:58:03
ba_64_1_7.txt,barabasi_albert_10ins_m20,43,SpecAnn,0.8873565094161138,1.0,-14343.999999999998,0.0122087001800537,0,True,8,33,True,100,32,2025-11-16 05:58:03
ba_64_1_7.txt,barabasi_albert_10ins_m20,43,SpecAnn,0.8917822551223932,1.0,-14343.999999999998,0.0122408866882324,0,True,8,33,True,101,32,2025-11-16 05:58:03
ba_64_1_7.txt,barabasi_albert_10ins_m20,43,SpecAnn,0.8961861448935777,1.0,-14343.999999999998,0.0122621059417724,0,True,8,33,True,102,32,2025-11-16 05:58:03
ba_64_1_7.txt,barabasi_albert_10ins_m20,43,SpecAnn,0.9005684993642872,1.0,-14343.999999999998,0.0122356414794921,0,True,8,33,True,103,32,2025-11-16 05:58:03
ba_64_1_7.txt,barabasi_albert_10ins_m20,43,SpecAnn,0.9049296314052688,1.0,-14343.999999999998,0.0122244358062744,0,True,8,33,True,104,32,2025-11-16 05:58:03
ba_64_1_7.txt,barabasi_albert_10ins_m20,43,SpecAnn,0.9092698463840684,1.0,-14343.999999999998,0.0122346878051757,0,True,8,33,True,105,32,2025-11-16 05:58:03
ba_64_1_7.txt,barabasi_albert_10ins_m20,43,SpecAnn,0.9135894424145556,1.0,-14343.999999999998,0.0122299194335937,0,True,8,33,True,106,32,2025-11-16 05:58:03
ba_64_1_7.txt,barabasi_albert_10ins_m20,43,SpecAnn,0.9178887105958816,1.0,-14343.999999999998,0.0122880935668945,0,True,8,33,True,107,32,2025-11-16 05:58:03
ba_64_1_7.txt,barabasi_albert_10ins_m20,43,SpecAnn,0.922167935241408,1.0,-14343.999999999998,0.0123696327209472,0,True,8,33,True,108,32,2025-11-16 05:58:03
ba_64_1_7.txt,barabasi_albert_10ins_m20,43,SpecAnn,0.92642739409812,1.0,-14343.999999999998,0.0122482776641845,0,True,8,33,True,109,32,2025-11-16 05:58:03
ba_64_1_7.txt,barabasi_albert_10ins_m20,43,SpecAnn,0.9306673585570006,1.0,-14343.999999999998,0.0123102664947509,0,True,8,33,True,110,32,2025-11-16 05:58:03
ba_64_1_7.txt,barabasi_albert_10ins_m20,43,SpecAnn,0.9348880938548184,1.0,-14343.999999999998,0.0123884677886962,0,True,8,33,True,111,32,2025-11-16 05:58:03
ba_64_1_7.txt,barabasi_albert_10ins_m20,43,SpecAnn,0.9390898592677528,1.0,-14343.999999999998,0.0124428272247314,0,True,8,33,True,112,32,2025-11-16 05:58:03
ba_64_1_7.txt,barabasi_albert_10ins_m20,43,SpecAnn,0.9432729082972536,1.0,-14343.999999999998,0.012171983718872,0,True,8,33,True,113,32,2025-11-16 05:58:03
ba_64_1_7.txt,barabasi_albert_10ins_m20,43,SpecAnn,0.9474374888485204,1.0,-14343.999999999998,0.0121960639953613,0,True,8,33,True,114,32,2025-11-16 05:58:03
ba_64_1_7.txt,barabasi_albert_10ins_m20,43,SpecAnn,0.9515838434019476,1.0,-14343.999999999998,0.0121529102325439,0,True,8,33,True,115,32,2025-11-16 05:58:03
ba_64_1_7.txt,barabasi_albert_10ins_m20,43,SpecAnn,0.9557122091778746,1.0,-14343.999999999998,0.0123333930969238,0,True,8,33,True,116,32,2025-11-16 05:58:03
ba_64_1_7.txt,barabasi_albert_10ins_m20,43,SpecAnn,0.9598228182949629,1.0,-14343.999999999998,0.0123929977416992,0,True,8,33,True,117,32,2025-11-16 05:58:03
ba_64_1_7.txt,barabasi_albert_10ins_m20,43,SpecAnn,0.963915897922488,1.0,-14343.999999999998,0.012265920639038,0,True,8,33,True,118,32,2025-11-16 05:58:03
ba_64_1_7.txt,barabasi_albert_10ins_m20,43,SpecAnn,0.967991670426842,1.0,-14432.000000000002,0.0124225616455078,0,True,8,33,True,119,32,2025-11-16 05:58:03
ba_64_1_7.txt,barabasi_albert_10ins_m20,43,SpecAnn,0.9720503535125016,1.0,-14432.000000000002,0.0124714374542236,0,True,8,33,True,120,32,2025-11-16 05:58:03
ba_64_1_7.txt,barabasi_albert_10ins_m20,43,SpecAnn,0.9760921603577252,1.0,-14432.000000000002,0.0123999118804931,0,True,8,33,True,121,32,2025-11-16 05:58:03
ba_64_1_7.txt,barabasi_albert_10ins_m20,43,SpecAnn,0.9801172997452104,1.0,-14432.000000000002,0.0123140811920166,0,True,8,33,True,122,32,2025-11-16 05:58:03
ba_64_1_7.txt,barabasi_albert_10ins_m20,43,SpecAnn,0.9841259761879442,1.0,-14432.000000000002,0.012319803237915,0,True,8,33,True,123,32,2025-11-16 05:58:03
ba_64_1_7.txt,barabasi_albert_10ins_m20,43,SpecAnn,0.9881183900504562,1.0,-14432.000000000002,0.0123965740203857,0,True,8,33,True,124,32,2025-11-16 05:58:03
ba_64_1_7.txt,barabasi_albert_10ins_m20,43,SpecAnn,0.9920947376656812,1.0,-14432.000000000002,0.0124154090881347,0,True,8,33,True,125,32,2025-11-16 05:58:03
ba_64_1_7.txt,barabasi_albert_10ins_m20,43,SpecAnn,0.9960552114476228,1.0,-14432.000000000002,0.0122931003570556,0,True,8,33,True,126,32,2025-11-16 05:58:04
ba_64_1_7.txt,barabasi_albert_10ins_m20,43,SpecAnn,1.0,1.0,-14432.000000000002,0.0122544765472412,0,True,8,33,True,127,32,2025-11-16 05:58:04
ba_64_1_7.txt,barabasi_albert_10ins_m20,44,SpecAnn,0.0,1.0,-14578.000000000002,0.0128252506256103,0,True,16,33,True,0,32,2025-11-16 05:58:04
ba_64_1_7.txt,barabasi_albert_10ins_m20,44,SpecAnn,0.0887356509416113,1.0,-14343.999999999998,0.0121824741363525,0,True,16,33,True,1,32,2025-11-16 05:58:04
ba_64_1_7.txt,barabasi_albert_10ins_m20,44,SpecAnn,0.1254911610276317,1.0,-14343.999999999998,0.0122475624084472,0,True,16,33,True,2,32,2025-11-16 05:58:04
ba_64_1_7.txt,barabasi_albert_10ins_m20,44,SpecAnn,0.1536946558735679,1.0,-14343.999999999998,0.0122885704040527,0,True,16,33,True,3,32,2025-11-16 05:58:04
ba_64_1_7.txt,barabasi_albert_10ins_m20,44,SpecAnn,0.1774713018832227,1.0,-14343.999999999998,0.0123052597045898,0,True,16,33,True,4,32,2025-11-16 05:58:04
ba_64_1_7.txt,barabasi_albert_10ins_m20,44,SpecAnn,0.1984189475331362,1.0,-14343.999999999998,0.0122275352478027,0,True,16,33,True,5,32,2025-11-16 05:58:04
ba_64_1_7.txt,barabasi_albert_10ins_m20,44,SpecAnn,0.2173570668006655,1.0,-14343.999999999998,0.0122406482696533,0,True,16,33,True,6,32,2025-11-16 05:58:04
ba_64_1_7.txt,barabasi_albert_10ins_m20,44,SpecAnn,0.2347724648169381,1.0,-14343.999999999998,0.0121729373931884,0,True,16,33,True,7,32,2025-11-16 05:58:04
ba_64_1_7.txt,barabasi_albert_10ins_m20,44,SpecAnn,0.2509823220552634,1.0,-14343.999999999998,0.012338638305664,0,True,16,33,True,8,32,2025-11-16 05:58:04
ba_64_1_7.txt,barabasi_albert_10ins_m20,44,SpecAnn,0.2662069528248341,1.0,-14343.999999999998,0.012540578842163,0,True,16,33,True,9,32,2025-11-16 05:58:04
ba_64_1_7.txt,barabasi_albert_10ins_m20,44,SpecAnn,0.2806067666331568,1.0,-14343.999999999998,0.0124506950378417,0,True,16,33,True,10,32,2025-11-16 05:58:04
ba_64_1_7.txt,barabasi_albert_10ins_m20,44,SpecAnn,0.2943028597012718,1.0,-14343.999999999998,0.0121655464172363,0,True,16,33,True,11,32,2025-11-16 05:58:04
ba_64_1_7.txt,barabasi_albert_10ins_m20,44,SpecAnn,0.3073893117471359,1.0,-14343.999999999998,0.0122439861297607,0,True,16,33,True,12,32,2025-11-16 05:58:04
ba_64_1_7.txt,barabasi_albert_10ins_m20,44,SpecAnn,0.3199409394316542,1.0,-14343.999999999998,0.0124216079711914,0,True,16,33,True,13,32,2025-11-16 05:58:04
ba_64_1_7.txt,barabasi_albert_10ins_m20,44,SpecAnn,0.3320184038158743,1.0,-14343.999999999998,0.0122604370117187,0,True,16,33,True,14,32,2025-11-16 05:58:04
ba_64_1_7.txt,barabasi_albert_10ins_m20,44,SpecAnn,0.3436716983117353,1.0,-14432.000000000002,0.0122194290161132,0,True,16,33,True,15,32,2025-11-16 05:58:04
ba_64_1_7.txt,barabasi_albert_10ins_m20,44,SpecAnn,0.3549426037664455,1.0,-14432.000000000002,0.0122740268707275,0,True,16,33,True,16,32,2025-11-16 05:58:04
ba_64_1_7.txt,barabasi_albert_10ins_m20,44,SpecAnn,0.3658664615902029,1.0,-14432.000000000002,0.0124158859252929,0,True,16,33,True,17,32,2025-11-16 05:58:04
ba_64_1_7.txt,barabasi_albert_10ins_m20,44,SpecAnn,0.3764734830828951,1.0,-14432.000000000002,0.0125250816345214,0,True,16,33,True,18,32,2025-11-16 05:58:04
ba_64_1_7.txt,barabasi_albert_10ins_m20,44,SpecAnn,0.3867897351437838,1.0,-14432.000000000002,0.012427806854248,0,True,16,33,True,19,32,2025-11-16 05:58:04
ba_64_1_7.txt,barabasi_albert_10ins_m20,44,SpecAnn,0.3968378950662725,1.0,-14432.000000000002,0.0123953819274902,0,True,16,33,True,20,32,2025-11-16 05:58:04
ba_64_1_7.txt,barabasi_albert_10ins_m20,44,SpecAnn,0.4066378372811136,1.0,-14432.000000000002,0.0123541355133056,0,True,16,33,True,21,32,2025-11-16 05:58:04
ba_64_1_7.txt,barabasi_albert_10ins_m20,44,SpecAnn,0.4162070956347247,1.0,-14432.000000000002,0.0121889114379882,0,True,16,33,True,22,32,2025-11-16 05:58:04
ba_64_1_7.txt,barabasi_albert_10ins_m20,44,SpecAnn,0.4255612320274539,1.0,-14432.000000000002,0.0121681690216064,0,True,16,33,True,23,32,2025-11-16 05:58:04
ba_64_1_7.txt,barabasi_albert_10ins_m20,44,SpecAnn,0.434714133601331,1.0,-14432.000000000002,0.0121746063232421,0,True,16,33,True,24,32,2025-11-16 05:58:04
ba_64_1_7.txt,barabasi_albert_10ins_m20,44,SpecAnn,0.4436782547080569,1.0,-14432.000000000002,0.0122811794281005,0,True,16,33,True,25,32,2025-11-16 05:58:04
ba_64_1_7.txt,barabasi_albert_10ins_m20,44,SpecAnn,0.4524648157026343,1.0,-14432.000000000002,0.0122957229614257,0,True,16,33,True,26,32,2025-11-16 05:58:04
ba_64_1_7.txt,barabasi_albert_10ins_m20,44,SpecAnn,0.4610839676207039,1.0,-14432.000000000002,0.0122241973876953,0,True,16,33,True,27,32,2025-11-16 05:58:04
ba_64_1_7.txt,barabasi_albert_10ins_m20,44,SpecAnn,0.4695449296338763,1.0,-14432.000000000002,0.0122983455657958,0,True,16,33,True,28,32,2025-11-16 05:58:04
ba_64_1_7.txt,barabasi_albert_10ins_m20,44,SpecAnn,0.4778561045889373,1.0,-14432.000000000002,0.0122780799865722,0,True,16,33,True,29,32,2025-11-16 05:58:04
ba_64_1_7.txt,barabasi_albert_10ins_m20,44,SpecAnn,0.4860251767562508,1.0,-14432.000000000002,0.0121693611145019,0,True,16,33,True,30,32,2025-11-16 05:58:04
ba_64_1_7.txt,barabasi_albert_10ins_m20,44,SpecAnn,0.4940591950252281,1.0,-14432.000000000002,0.0121850967407226,0,True,16,33,True,31,32,2025-11-16 05:58:04
ba_64_1_7.txt,barabasi_albert_10ins_m20,44,SpecAnn,0.5019646441105269,1.0,-14432.000000000002,0.0122759342193603,0,True,16,33,True,32,32,2025-11-16 05:58:04
ba_64_1_7.txt,barabasi_albert_10ins_m20,44,SpecAnn,0.5097475058154177,1.0,-14432.000000000002,0.0122251510620117,0,True,16,33,True,33,32,2025-11-16 05:58:04
ba_64_1_7.txt,barabasi_albert_10ins_m20,44,SpecAnn,0.51741331199832,1.0,-14432.000000000002,0.0122585296630859,0,True,16,33,True,34,32,2025-11-16 05:58:04
ba_64_1_7.txt,barabasi_albert_10ins_m20,44,SpecAnn,0.5249671905758515,1.0,-14432.000000000002,0.0121827125549316,0,True,16,33,True,35,32,2025-11-16 05:58:04
ba_64_1_7.txt,barabasi_albert_10ins_m20,44,SpecAnn,0.5324139056496683,1.0,-14432.000000000002,0.0123603343963623,0,True,16,33,True,36,32,2025-11-16 05:58:04
ba_64_1_7.txt,barabasi_albert_10ins_m20,44,SpecAnn,0.5397578926492556,1.0,-14432.000000000002,0.0121941566467285,0,True,16,33,True,37,32,2025-11-16 05:58:04
ba_64_1_7.txt,barabasi_albert_10ins_m20,44,SpecAnn,0.5470032892270364,1.0,-14432.000000000002,0.0122954845428466,0,True,16,33,True,38,32,2025-11-16 05:58:04
ba_64_1_7.txt,barabasi_albert_10ins_m20,44,SpecAnn,0.554153962516942,1.0,-14432.000000000002,0.0122649669647216,0,True,16,33,True,39,32,2025-11-16 05:58:04
ba_64_1_7.txt,barabasi_albert_10ins_m20,44,SpecAnn,0.5612135332663137,1.0,-14432.000000000002,0.0122039318084716,0,True,16,33,True,40,32,2025-11-16 05:58:04
ba_64_1_7.txt,barabasi_albert_10ins_m20,44,SpecAnn,0.5681853972686127,1.0,-14432.000000000002,0.0124671459197998,0,True,16,33,True,41,32,2025-11-16 05:58:04
ba_64_1_7.txt,barabasi_albert_10ins_m20,44,SpecAnn,0.5750727444570146,1.0,-14432.000000000002,0.0126063823699951,0,True,16,33,True,42,32,2025-11-16 05:58:04
ba_64_1_7.txt,barabasi_albert_10ins_m20,44,SpecAnn,0.5818785759635375,1.0,-14432.000000000002,0.012484073638916,0,True,16,33,True,43,32,2025-11-16 05:58:04
ba_64_1_7.txt,barabasi_albert_10ins_m20,44,SpecAnn,0.5886057194025436,1.0,-14432.000000000002,0.0124704837799072,0,True,16,33,True,44,32,2025-11-16 05:58:04
ba_64_1_7.txt,barabasi_albert_10ins_m20,44,SpecAnn,0.5952568425994088,1.0,-14432.000000000002,0.0124499797821044,0,True,16,33,True,45,32,2025-11-16 05:58:04
ba_64_1_7.txt,barabasi_albert_10ins_m20,44,SpecAnn,0.6018344659534288,1.0,-14432.000000000002,0.0122530460357666,0,True,16,33,True,46,32,2025-11-16 05:58:04
ba_64_1_7.txt,barabasi_albert_10ins_m20,44,SpecAnn,0.6083409735974393,1.0,-14432.000000000002,0.0121548175811767,0,True,16,33,True,47,32,2025-11-16 05:58:04
ba_64_1_7.txt,barabasi_albert_10ins_m20,44,SpecAnn,0.6147786234942719,1.0,-14432.000000000002,0.0122342109680175,0,True,16,33,True,48,32,2025-11-16 05:58:04
ba_64_1_7.txt,barabasi_albert_10ins_m20,44,SpecAnn,0.6211495565912796,1.0,-14432.000000000002,0.012242317199707,0,True,16,33,True,49,32,2025-11-16 05:58:04
ba_64_1_7.txt,barabasi_albert_10ins_m20,44,SpecAnn,0.6274558051381586,1.0,-14432.000000000002,0.0121803283691406,0,True,16,33,True,50,32,2025-11-16 05:58:04
ba_64_1_7.txt,barabasi_albert_10ins_m20,44,SpecAnn,0.6336993002596786,1.0,-14432.000000000002,0.0122148990631103,0,True,16,33,True,51,32,2025-11-16 05:58:04
ba_64_1_7.txt,barabasi_albert_10ins_m20,44,SpecAnn,0.6398818788633085,1.0,-14432.000000000002,0.0122134685516357,0,True,16,33,True,52,32,2025-11-16 05:58:04
ba_64_1_7.txt,barabasi_albert_10ins_m20,44,SpecAnn,0.6460052899517691,1.0,-14432.000000000002,0.0121533870697021,0,True,16,33,True,53,32,2025-11-16 05:58:04
ba_64_1_7.txt,barabasi_albert_10ins_m20,44,SpecAnn,0.6520712004019966,1.0,-14432.000000000002,0.0122430324554443,0,True,16,33,True,54,32,2025-11-16 05:58:04
ba_64_1_7.txt,barabasi_albert_10ins_m20,44,SpecAnn,0.6580812002646271,1.0,-14432.000000000002,0.0122954845428466,0,True,16,33,True,55,32,2025-11-16 05:58:04
ba_64_1_7.txt,barabasi_albert_10ins_m20,44,SpecAnn,0.6640368076317485,1.0,-14432.000000000002,0.0121688842773437,0,True,16,33,True,56,32,2025-11-16 05:58:04
ba_64_1_7.txt,barabasi_albert_10ins_m20,44,SpecAnn,0.6699394731151429,1.0,-14432.000000000002,0.0121760368347167,0,True,16,33,True,57,32,2025-11-16 05:58:04
ba_64_1_7.txt,barabasi_albert_10ins_m20,44,SpecAnn,0.6757905839724513,1.0,-14432.000000000002,0.01224946975708,0,True,16,33,True,58,32,2025-11-16 05:58:04
ba_64_1_7.txt,barabasi_albert_10ins_m20,44,SpecAnn,0.6815914679145113,1.0,-14432.000000000002,0.0121698379516601,0,True,16,33,True,59,32,2025-11-16 05:58:04
ba_64_1_7.txt,barabasi_albert_10ins_m20,44,SpecAnn,0.6873433966234707,1.0,-14432.000000000002,0.0122537612915039,0,True,16,33,True,60,32,2025-11-16 05:58:04
ba_64_1_7.txt,barabasi_albert_10ins_m20,44,SpecAnn,0.6930475890080863,1.0,-14432.000000000002,0.0121791362762451,0,True,16,33,True,61,32,2025-11-16 05:58:04
ba_64_1_7.txt,barabasi_albert_10ins_m20,44,SpecAnn,0.6987052142198116,1.0,-14343.999999999998,0.0121881961822509,0,True,16,33,True,62,32,2025-11-16 05:58:04
ba_64_1_7.txt,barabasi_albert_10ins_m20,44,SpecAnn,0.7043173944508145,1.0,-14343.999999999998,0.0121707916259765,0,True,16,33,True,63,32,2025-11-16 05:58:04
ba_64_1_7.txt,barabasi_albert_10ins_m20,44,SpecAnn,0.709885207532891,1.0,-14343.999999999998,0.0121347904205322,0,True,16,33,True,64,32,2025-11-16 05:58:04
ba_64_1_7.txt,barabasi_albert_10ins_m20,44,SpecAnn,0.7154096893543218,1.0,-14343.999999999998,0.012190818786621,0,True,16,33,True,65,32,2025-11-16 05:58:04
ba_64_1_7.txt,barabasi_albert_10ins_m20,44,SpecAnn,0.7208918361100219,1.0,-14343.999999999998,0.0122597217559814,0,True,16,33,True,66,32,2025-11-16 05:58:04
ba_64_1_7.txt,barabasi_albert_10ins_m20,44,SpecAnn,0.7263326063988248,1.0,-14343.999999999998,0.0124468803405761,0,True,16,33,True,67,32,2025-11-16 05:58:04
ba_64_1_7.txt,barabasi_albert_10ins_m20,44,SpecAnn,0.7317329231804058,1.0,-14343.999999999998,0.0123853683471679,0,True,16,33,True,68,32,2025-11-16 05:58:04
ba_64_1_7.txt,barabasi_albert_10ins_m20,44,SpecAnn,0.7370936756031579,1.0,-14343.999999999998,0.0123891830444335,0,True,16,33,True,69,32,2025-11-16 05:58:04
ba_64_1_7.txt,barabasi_albert_10ins_m20,44,SpecAnn,0.7424157207132704,1.0,-14343.999999999998,0.0124270915985107,0,True,16,33,True,70,32,2025-11-16 05:58:04
ba_64_1_7.txt,barabasi_albert_10ins_m20,44,SpecAnn,0.7476998850543153,1.0,-14343.999999999998,0.0123507976531982,0,True,16,33,True,71,32,2025-11-16 05:58:04
ba_64_1_7.txt,barabasi_albert_10ins_m20,44,SpecAnn,0.7529469661657903,1.0,-14343.999999999998,0.0124483108520507,0,True,16,33,True,72,32,2025-11-16 05:58:04
ba_64_1_7.txt,barabasi_albert_10ins_m20,44,SpecAnn,0.7581577339883167,1.0,-14343.999999999998,0.0123929977416992,0,True,16,33,True,73,32,2025-11-16 05:58:05
ba_64_1_7.txt,barabasi_albert_10ins_m20,44,SpecAnn,0.7633329321824984,1.0,-14343.999999999998,0.0122833251953125,0,True,16,33,True,74,32,2025-11-16 05:58:05
ba_64_1_7.txt,barabasi_albert_10ins_m20,44,SpecAnn,0.7684732793678399,1.0,-14343.999999999998,0.0123162269592285,0,True,16,33,True,75,32,2025-11-16 05:58:05
ba_64_1_7.txt,barabasi_albert_10ins_m20,44,SpecAnn,0.7735794702875677,1.0,-14343.999999999998,0.0121722221374511,0,True,16,33,True,76,32,2025-11-16 05:58:05
ba_64_1_7.txt,barabasi_albert_10ins_m20,44,SpecAnn,0.7786521769046981,1.0,-14343.999999999998,0.0122199058532714,0,True,16,33,True,77,32,2025-11-16 05:58:05
ba_64_1_7.txt,barabasi_albert_10ins_m20,44,SpecAnn,0.7836920494342511,1.0,-14343.999999999998,0.0122342109680175,0,True,16,33,True,78,32,2025-11-16 05:58:05
ba_64_1_7.txt,barabasi_albert_10ins_m20,44,SpecAnn,0.788699717316095,1.0,-14343.999999999998,0.0122029781341552,0,True,16,33,True,79,32,2025-11-16 05:58:05
ba_64_1_7.txt,barabasi_albert_10ins_m20,44,SpecAnn,0.7936757901325451,1.0,-14343.999999999998,0.0121970176696777,0,True,16,33,True,80,32,2025-11-16 05:58:05
ba_64_1_7.txt,barabasi_albert_10ins_m20,44,SpecAnn,0.7986208584745024,1.0,-14343.999999999998,0.0123028755187988,0,True,16,33,True,81,32,2025-11-16 05:58:05
ba_64_1_7.txt,barabasi_albert_10ins_m20,44,SpecAnn,0.803535494759617,1.0,-14343.999999999998,0.0122730731964111,0,True,16,33,True,82,32,2025-11-16 05:58:05
ba_64_1_7.txt,barabasi_albert_10ins_m20,44,SpecAnn,0.8084202540056837,1.0,-14343.999999999998,0.0122137069702148,0,True,16,33,True,83,32,2025-11-16 05:58:05
ba_64_1_7.txt,barabasi_albert_10ins_m20,44,SpecAnn,0.8132756745622272,1.0,-14343.999999999998,0.0122063159942626,0,True,16,33,True,84,32,2025-11-16 05:58:05
ba_64_1_7.txt,barabasi_albert_10ins_m20,44,SpecAnn,0.8181022788030096,1.0,-14343.999999999998,0.0122661590576171,0,True,16,33,True,85,32,2025-11-16 05:58:05
ba_64_1_7.txt,barabasi_albert_10ins_m20,44,SpecAnn,0.822900573781978,1.0,-14343.999999999998,0.0123281478881835,0,True,16,33,True,86,32,2025-11-16 05:58:05
ba_64_1_7.txt,barabasi_albert_10ins_m20,44,SpecAnn,0.8276710518549868,1.0,-14343.999999999998,0.0121827125549316,0,True,16,33,True,87,32,2025-11-16 05:58:05
ba_64_1_7.txt,barabasi_albert_10ins_m20,44,SpecAnn,0.8324141912694495,1.0,-14343.999999999998,0.0122232437133789,0,True,16,33,True,88,32,2025-11-16 05:58:05
ba_64_1_7.txt,barabasi_albert_10ins_m20,44,SpecAnn,0.8371304567239225,1.0,-14343.999999999998,0.0121443271636962,0,True,16,33,True,89,32,2025-11-16 05:58:05
ba_64_1_7.txt,barabasi_albert_10ins_m20,44,SpecAnn,0.8418202998994706,1.0,-14343.999999999998,0.0122814178466796,0,True,16,33,True,90,32,2025-11-16 05:58:05
ba_64_1_7.txt,barabasi_albert_10ins_m20,44,SpecAnn,0.846484159964536,1.0,-14343.999999999998,0.0121786594390869,0,True,16,33,True,91,32,2025-11-16 05:58:05
ba_64_1_7.txt,barabasi_albert_10ins_m20,44,SpecAnn,0.8511224640549078,1.0,-14343.999999999998,0.0122210979461669,0,True,16,33,True,92,32,2025-11-16 05:58:05
ba_64_1_7.txt,barabasi_albert_10ins_m20,44,SpecAnn,0.8557356277302758,1.0,-14343.999999999998,0.0121867656707763,0,True,16,33,True,93,32,2025-11-16 05:58:05
ba_64_1_7.txt,barabasi_albert_10ins_m20,44,SpecAnn,0.8603240554087516,1.0,-14343.999999999998,0.0121822357177734,0,True,16,33,True,94,32,2025-11-16 05:58:05
ba_64_1_7.txt,barabasi_albert_10ins_m20,44,SpecAnn,0.86488814078064,1.0,-14343.999999999998,0.0121989250183105,0,True,16,33,True,95,32,2025-11-16 05:58:05
ba_64_1_7.txt,barabasi_albert_10ins_m20,44,SpecAnn,0.8694282672026621,1.0,-14343.999999999998,0.0122547149658203,0,True,16,33,True,96,32,2025-11-16 05:58:05
ba_64_1_7.txt,barabasi_albert_10ins_m20,44,SpecAnn,0.8739448080737451,1.0,-14343.999999999998,0.0121781826019287,0,True,16,33,True,97,32,2025-11-16 05:58:05
ba_64_1_7.txt,barabasi_albert_10ins_m20,44,SpecAnn,0.878438127193422,1.0,-14343.999999999998,0.012416124343872,0,True,16,33,True,98,32,2025-11-16 05:58:05
ba_64_1_7.txt,barabasi_albert_10ins_m20,44,SpecAnn,0.8829085791038153,1.0,-14343.999999999998,0.0124578475952148,0,True,16,33,True,99,32,2025-11-16 05:58:05
ba_64_1_7.txt,barabasi_albert_10ins_m20,44,SpecAnn,0.8873565094161138,1.0,-14343.999999999998,0.0124392509460449,0,True,16,33,True,100,32,2025-11-16 05:58:05
ba_64_1_7.txt,barabasi_albert_10ins_m20,44,SpecAnn,0.8917822551223932,1.0,-14343.999999999998,0.0124776363372802,0,True,16,33,True,101,32,2025-11-16 05:58:05
ba_64_1_7.txt,barabasi_albert_10ins_m20,44,SpecAnn,0.8961861448935777,1.0,-14343.999999999998,0.012197732925415,0,True,16,33,True,102,32,2025-11-16 05:58:05
ba_64_1_7.txt,barabasi_albert_10ins_m20,44,SpecAnn,0.9005684993642872,1.0,-14343.999999999998,0.0122954845428466,0,True,16,33,True,103,32,2025-11-16 05:58:05
ba_64_1_7.txt,barabasi_albert_10ins_m20,44,SpecAnn,0.9049296314052688,1.0,-14343.999999999998,0.0122175216674804,0,True,16,33,True,104,32,2025-11-16 05:58:05
ba_64_1_7.txt,barabasi_albert_10ins_m20,44,SpecAnn,0.9092698463840684,1.0,-14343.999999999998,0.0122442245483398,0,True,16,33,True,105,32,2025-11-16 05:58:05
ba_64_1_7.txt,barabasi_albert_10ins_m20,44,SpecAnn,0.9135894424145556,1.0,-14343.999999999998,0.0124111175537109,0,True,16,33,True,106,32,2025-11-16 05:58:05
ba_64_1_7.txt,barabasi_albert_10ins_m20,44,SpecAnn,0.9178887105958816,1.0,-14343.999999999998,0.0125012397766113,0,True,16,33,True,107,32,2025-11-16 05:58:05
ba_64_1_7.txt,barabasi_albert_10ins_m20,44,SpecAnn,0.922167935241408,1.0,-14343.999999999998,0.0122909545898437,0,True,16,33,True,108,32,2025-11-16 05:58:05
ba_64_1_7.txt,barabasi_albert_10ins_m20,44,SpecAnn,0.92642739409812,1.0,-14343.999999999998,0.0122945308685302,0,True,16,33,True,109,32,2025-11-16 05:58:05
ba_64_1_7.txt,barabasi_albert_10ins_m20,44,SpecAnn,0.9306673585570006,1.0,-14343.999999999998,0.0123999118804931,0,True,16,33,True,110,32,2025-11-16 05:58:05
ba_64_1_7.txt,barabasi_albert_10ins_m20,44,SpecAnn,0.9348880938548184,1.0,-14343.999999999998,0.0121998786926269,0,True,16,33,True,111,32,2025-11-16 05:58:05
ba_64_1_7.txt,barabasi_albert_10ins_m20,44,SpecAnn,0.9390898592677528,1.0,-14343.999999999998,0.0122060775756835,0,True,16,33,True,112,32,2025-11-16 05:58:05
ba_64_1_7.txt,barabasi_albert_10ins_m20,44,SpecAnn,0.9432729082972536,1.0,-14343.999999999998,0.0122900009155273,0,True,16,33,True,113,32,2025-11-16 05:58:05
ba_64_1_7.txt,barabasi_albert_10ins_m20,44,SpecAnn,0.9474374888485204,1.0,-14343.999999999998,0.0122237205505371,0,True,16,33,True,114,32,2025-11-16 05:58:05
ba_64_1_7.txt,barabasi_albert_10ins_m20,44,SpecAnn,0.9515838434019476,1.0,-14343.999999999998,0.0121879577636718,0,True,16,33,True,115,32,2025-11-16 05:58:05
ba_64_1_7.txt,barabasi_albert_10ins_m20,44,SpecAnn,0.9557122091778746,1.0,-14343.999999999998,0.0122828483581542,0,True,16,33,True,116,32,2025-11-16 05:58:05
ba_64_1_7.txt,barabasi_albert_10ins_m20,44,SpecAnn,0.9598228182949629,1.0,-14343.999999999998,0.0122444629669189,0,True,16,33,True,117,32,2025-11-16 05:58:05
ba_64_1_7.txt,barabasi_albert_10ins_m20,44,SpecAnn,0.963915897922488,1.0,-14343.999999999998,0.0122919082641601,0,True,16,33,True,118,32,2025-11-16 05:58:05
ba_64_1_7.txt,barabasi_albert_10ins_m20,44,SpecAnn,0.967991670426842,1.0,-14343.999999999998,0.0122544765472412,0,True,16,33,True,119,32,2025-11-16 05:58:05
ba_64_1_7.txt,barabasi_albert_10ins_m20,44,SpecAnn,0.9720503535125016,1.0,-14343.999999999998,0.0122349262237548,0,True,16,33,True,120,32,2025-11-16 05:58:05
ba_64_1_7.txt,barabasi_albert_10ins_m20,44,SpecAnn,0.9760921603577252,1.0,-14343.999999999998,0.0123374462127685,0,True,16,33,True,121,32,2025-11-16 05:58:05
ba_64_1_7.txt,barabasi_albert_10ins_m20,44,SpecAnn,0.9801172997452104,1.0,-14343.999999999998,0.012204885482788,0,True,16,33,True,122,32,2025-11-16 05:58:05
ba_64_1_7.txt,barabasi_albert_10ins_m20,44,SpecAnn,0.9841259761879442,1.0,-14343.999999999998,0.0124247074127197,0,True,16,33,True,123,32,2025-11-16 05:58:05
ba_64_1_7.txt,barabasi_albert_10ins_m20,44,SpecAnn,0.9881183900504562,1.0,-14343.999999999998,0.0125534534454345,0,True,16,33,True,124,32,2025-11-16 05:58:05
ba_64_1_7.txt,barabasi_albert_10ins_m20,44,SpecAnn,0.9920947376656812,1.0,-14343.999999999998,0.0123805999755859,0,True,16,33,True,125,32,2025-11-16 05:58:05
ba_64_1_7.txt,barabasi_albert_10ins_m20,44,SpecAnn,0.9960552114476228,1.0,-14343.999999999998,0.0123047828674316,0,True,16,33,True,126,32,2025-11-16 05:58:05
ba_64_1_7.txt,barabasi_albert_10ins_m20,44,SpecAnn,1.0,1.0,-14343.999999999998,0.0121924877166748,0,True,16,33,True,127,32,2025-11-16 05:58:05
ba_64_1_7.txt,barabasi_albert_10ins_m20,45,SpecAnn,0.0,1.0,-14432.000000000002,0.0130109786987304,0,True,10,33,True,0,32,2025-11-16 05:58:05
ba_64_1_7.txt,barabasi_albert_10ins_m20,45,SpecAnn,0.0887356509416113,1.0,-14343.999999999998,0.0123794078826904,0,True,10,33,True,1,32,2025-11-16 05:58:05
ba_64_1_7.txt,barabasi_albert_10ins_m20,45,SpecAnn,0.1254911610276317,1.0,-14343.999999999998,0.0123648643493652,0,True,10,33,True,2,32,2025-11-16 05:58:05
ba_64_1_7.txt,barabasi_albert_10ins_m20,45,SpecAnn,0.1536946558735679,1.0,-14343.999999999998,0.0122807025909423,0,True,10,33,True,3,32,2025-11-16 05:58:05
ba_64_1_7.txt,barabasi_albert_10ins_m20,45,SpecAnn,0.1774713018832227,1.0,-14343.999999999998,0.0123095512390136,0,True,10,33,True,4,32,2025-11-16 05:58:05
ba_64_1_7.txt,barabasi_albert_10ins_m20,45,SpecAnn,0.1984189475331362,1.0,-14343.999999999998,0.0123124122619628,0,True,10,33,True,5,32,2025-11-16 05:58:05
ba_64_1_7.txt,barabasi_albert_10ins_m20,45,SpecAnn,0.2173570668006655,1.0,-14343.999999999998,0.0123064517974853,0,True,10,33,True,6,32,2025-11-16 05:58:05
ba_64_1_7.txt,barabasi_albert_10ins_m20,45,SpecAnn,0.2347724648169381,1.0,-14343.999999999998,0.0122125148773193,0,True,10,33,True,7,32,2025-11-16 05:58:05
ba_64_1_7.txt,barabasi_albert_10ins_m20,45,SpecAnn,0.2509823220552634,1.0,-14343.999999999998,0.0123803615570068,0,True,10,33,True,8,32,2025-11-16 05:58:05
ba_64_1_7.txt,barabasi_albert_10ins_m20,45,SpecAnn,0.2662069528248341,1.0,-14343.999999999998,0.0122861862182617,0,True,10,33,True,9,32,2025-11-16 05:58:05
ba_64_1_7.txt,barabasi_albert_10ins_m20,45,SpecAnn,0.2806067666331568,1.0,-14343.999999999998,0.0122816562652587,0,True,10,33,True,10,32,2025-11-16 05:58:05
ba_64_1_7.txt,barabasi_albert_10ins_m20,45,SpecAnn,0.2943028597012718,1.0,-14343.999999999998,0.0122780799865722,0,True,10,33,True,11,32,2025-11-16 05:58:05
ba_64_1_7.txt,barabasi_albert_10ins_m20,45,SpecAnn,0.3073893117471359,1.0,-14343.999999999998,0.0123071670532226,0,True,10,33,True,12,32,2025-11-16 05:58:05
ba_64_1_7.txt,barabasi_albert_10ins_m20,45,SpecAnn,0.3199409394316542,1.0,-14343.999999999998,0.0123789310455322,0,True,10,33,True,13,32,2025-11-16 05:58:05
ba_64_1_7.txt,barabasi_albert_10ins_m20,45,SpecAnn,0.3320184038158743,1.0,-14343.999999999998,0.0124378204345703,0,True,10,33,True,14,32,2025-11-16 05:58:05
ba_64_1_7.txt,barabasi_albert_10ins_m20,45,SpecAnn,0.3436716983117353,1.0,-14432.000000000002,0.0146572589874267,0,True,10,33,True,15,32,2025-11-16 05:58:05
ba_64_1_7.txt,barabasi_albert_10ins_m20,45,SpecAnn,0.3549426037664455,1.0,-14432.000000000002,0.0126984119415283,0,True,10,33,True,16,32,2025-11-16 05:58:05
ba_64_1_7.txt,barabasi_albert_10ins_m20,45,SpecAnn,0.3658664615902029,1.0,-14432.000000000002,0.0122313499450683,0,True,10,33,True,17,32,2025-11-16 05:58:05
ba_64_1_7.txt,barabasi_albert_10ins_m20,45,SpecAnn,0.3764734830828951,1.0,-14432.000000000002,0.0124564170837402,0,True,10,33,True,18,32,2025-11-16 05:58:05
ba_64_1_7.txt,barabasi_albert_10ins_m20,45,SpecAnn,0.3867897351437838,1.0,-14432.000000000002,0.0124168395996093,0,True,10,33,True,19,32,2025-11-16 05:58:06
ba_64_1_7.txt,barabasi_albert_10ins_m20,45,SpecAnn,0.3968378950662725,1.0,-14432.000000000002,0.012418508529663,0,True,10,33,True,20,32,2025-11-16 05:58:06
ba_64_1_7.txt,barabasi_albert_10ins_m20,45,SpecAnn,0.4066378372811136,1.0,-14432.000000000002,0.0122780799865722,0,True,10,33,True,21,32,2025-11-16 05:58:06
ba_64_1_7.txt,barabasi_albert_10ins_m20,45,SpecAnn,0.4162070956347247,1.0,-14432.000000000002,0.0122787952423095,0,True,10,33,True,22,32,2025-11-16 05:58:06
ba_64_1_7.txt,barabasi_albert_10ins_m20,45,SpecAnn,0.4255612320274539,1.0,-14432.000000000002,0.0122435092926025,0,True,10,33,True,23,32,2025-11-16 05:58:06
ba_64_1_7.txt,barabasi_albert_10ins_m20,45,SpecAnn,0.434714133601331,1.0,-14432.000000000002,0.0122547149658203,0,True,10,33,True,24,32,2025-11-16 05:58:06
ba_64_1_7.txt,barabasi_albert_10ins_m20,45,SpecAnn,0.4436782547080569,1.0,-14432.000000000002,0.0122480392456054,0,True,10,33,True,25,32,2025-11-16 05:58:06
ba_64_1_7.txt,barabasi_albert_10ins_m20,45,SpecAnn,0.4524648157026343,1.0,-14432.000000000002,0.0122580528259277,0,True,10,33,True,26,32,2025-11-16 05:58:06
ba_64_1_7.txt,barabasi_albert_10ins_m20,45,SpecAnn,0.4610839676207039,1.0,-14432.000000000002,0.0121917724609375,0,True,10,33,True,27,32,2025-11-16 05:58:06
ba_64_1_7.txt,barabasi_albert_10ins_m20,45,SpecAnn,0.4695449296338763,1.0,-14432.000000000002,0.0122690200805664,0,True,10,33,True,28,32,2025-11-16 05:58:06
ba_64_1_7.txt,barabasi_albert_10ins_m20,45,SpecAnn,0.4778561045889373,1.0,-14432.000000000002,0.0122547149658203,0,True,10,33,True,29,32,2025-11-16 05:58:06
ba_64_1_7.txt,barabasi_albert_10ins_m20,45,SpecAnn,0.4860251767562508,1.0,-14432.000000000002,0.0122363567352294,0,True,10,33,True,30,32,2025-11-16 05:58:06
ba_64_1_7.txt,barabasi_albert_10ins_m20,45,SpecAnn,0.4940591950252281,1.0,-14432.000000000002,0.0122690200805664,0,True,10,33,True,31,32,2025-11-16 05:58:06
ba_64_1_7.txt,barabasi_albert_10ins_m20,45,SpecAnn,0.5019646441105269,1.0,-14432.000000000002,0.01218843460083,0,True,10,33,True,32,32,2025-11-16 05:58:06
ba_64_1_7.txt,barabasi_albert_10ins_m20,45,SpecAnn,0.5097475058154177,1.0,-14432.000000000002,0.012237548828125,0,True,10,33,True,33,32,2025-11-16 05:58:06
ba_64_1_7.txt,barabasi_albert_10ins_m20,45,SpecAnn,0.51741331199832,1.0,-14432.000000000002,0.0122909545898437,0,True,10,33,True,34,32,2025-11-16 05:58:06
ba_64_1_7.txt,barabasi_albert_10ins_m20,45,SpecAnn,0.5249671905758515,1.0,-14432.000000000002,0.0122582912445068,0,True,10,33,True,35,32,2025-11-16 05:58:06
ba_64_1_7.txt,barabasi_albert_10ins_m20,45,SpecAnn,0.5324139056496683,1.0,-14432.000000000002,0.0123002529144287,0,True,10,33,True,36,32,2025-11-16 05:58:06
ba_64_1_7.txt,barabasi_albert_10ins_m20,45,SpecAnn,0.5397578926492556,1.0,-14432.000000000002,0.0123093128204345,0,True,10,33,True,37,32,2025-11-16 05:58:06
ba_64_1_7.txt,barabasi_albert_10ins_m20,45,SpecAnn,0.5470032892270364,1.0,-14432.000000000002,0.0122373104095458,0,True,10,33,True,38,32,2025-11-16 05:58:06
ba_64_1_7.txt,barabasi_albert_10ins_m20,45,SpecAnn,0.554153962516942,1.0,-14432.000000000002,0.0122444629669189,0,True,10,33,True,39,32,2025-11-16 05:58:06
ba_64_1_7.txt,barabasi_albert_10ins_m20,45,SpecAnn,0.5612135332663137,1.0,-14432.000000000002,0.012202501296997,0,True,10,33,True,40,32,2025-11-16 05:58:06
ba_64_1_7.txt,barabasi_albert_10ins_m20,45,SpecAnn,0.5681853972686127,1.0,-14432.000000000002,0.0122296810150146,0,True,10,33,True,41,32,2025-11-16 05:58:06
ba_64_1_7.txt,barabasi_albert_10ins_m20,45,SpecAnn,0.5750727444570146,1.0,-14432.000000000002,0.0121450424194335,0,True,10,33,True,42,32,2025-11-16 05:58:06
ba_64_1_7.txt,barabasi_albert_10ins_m20,45,SpecAnn,0.5818785759635375,1.0,-14432.000000000002,0.0122618675231933,0,True,10,33,True,43,32,2025-11-16 05:58:06
ba_64_1_7.txt,barabasi_albert_10ins_m20,45,SpecAnn,0.5886057194025436,1.0,-14432.000000000002,0.01241135597229,0,True,10,33,True,44,32,2025-11-16 05:58:06
ba_64_1_7.txt,barabasi_albert_10ins_m20,45,SpecAnn,0.5952568425994088,1.0,-14432.000000000002,0.0125036239624023,0,True,10,33,True,45,32,2025-11-16 05:58:06
ba_64_1_7.txt,barabasi_albert_10ins_m20,45,SpecAnn,0.6018344659534288,1.0,-14432.000000000002,0.0124680995941162,0,True,10,33,True,46,32,2025-11-16 05:58:06
ba_64_1_7.txt,barabasi_albert_10ins_m20,45,SpecAnn,0.6083409735974393,1.0,-14432.000000000002,0.0124571323394775,0,True,10,33,True,47,32,2025-11-16 05:58:06
ba_64_1_7.txt,barabasi_albert_10ins_m20,45,SpecAnn,0.6147786234942719,1.0,-14432.000000000002,0.0122766494750976,0,True,10,33,True,48,32,2025-11-16 05:58:06
ba_64_1_7.txt,barabasi_albert_10ins_m20,45,SpecAnn,0.6211495565912796,1.0,-14432.000000000002,0.0121986865997314,0,True,10,33,True,49,32,2025-11-16 05:58:06
ba_64_1_7.txt,barabasi_albert_10ins_m20,45,SpecAnn,0.6274558051381586,1.0,-14432.000000000002,0.0122032165527343,0,True,10,33,True,50,32,2025-11-16 05:58:06
ba_64_1_7.txt,barabasi_albert_10ins_m20,45,SpecAnn,0.6336993002596786,1.0,-14432.000000000002,0.0122292041778564,0,True,10,33,True,51,32,2025-11-16 05:58:06
ba_64_1_7.txt,barabasi_albert_10ins_m20,45,SpecAnn,0.6398818788633085,1.0,-14432.000000000002,0.0121948719024658,0,True,10,33,True,52,32,2025-11-16 05:58:06
ba_64_1_7.txt,barabasi_albert_10ins_m20,45,SpecAnn,0.6460052899517691,1.0,-14432.000000000002,0.0121150016784667,0,True,10,33,True,53,32,2025-11-16 05:58:06
ba_64_1_7.txt,barabasi_albert_10ins_m20,45,SpecAnn,0.6520712004019966,1.0,-14432.000000000002,0.0122561454772949,0,True,10,33,True,54,32,2025-11-16 05:58:06
ba_64_1_7.txt,barabasi_albert_10ins_m20,45,SpecAnn,0.6580812002646271,1.0,-14432.000000000002,0.0122158527374267,0,True,10,33,True,55,32,2025-11-16 05:58:06
ba_64_1_7.txt,barabasi_albert_10ins_m20,45,SpecAnn,0.6640368076317485,1.0,-14432.000000000002,0.0122351646423339,0,True,10,33,True,56,32,2025-11-16 05:58:06
ba_64_1_7.txt,barabasi_albert_10ins_m20,45,SpecAnn,0.6699394731151429,1.0,-14432.000000000002,0.0121994018554687,0,True,10,33,True,57,32,2025-11-16 05:58:06
ba_64_1_7.txt,barabasi_albert_10ins_m20,45,SpecAnn,0.6757905839724513,1.0,-14432.000000000002,0.0121159553527832,0,True,10,33,True,58,32,2025-11-16 05:58:06
ba_64_1_7.txt,barabasi_albert_10ins_m20,45,SpecAnn,0.6815914679145113,1.0,-14432.000000000002,0.0121700763702392,0,True,10,33,True,59,32,2025-11-16 05:58:06
ba_64_1_7.txt,barabasi_albert_10ins_m20,45,SpecAnn,0.6873433966234707,1.0,-14432.000000000002,0.0122385025024414,0,True,10,33,True,60,32,2025-11-16 05:58:06
ba_64_1_7.txt,barabasi_albert_10ins_m20,45,SpecAnn,0.6930475890080863,1.0,-14432.000000000002,0.0122160911560058,0,True,10,33,True,61,32,2025-11-16 05:58:06
ba_64_1_7.txt,barabasi_albert_10ins_m20,45,SpecAnn,0.6987052142198116,1.0,-14432.000000000002,0.0122506618499755,0,True,10,33,True,62,32,2025-11-16 05:58:06
ba_64_1_7.txt,barabasi_albert_10ins_m20,45,SpecAnn,0.7043173944508145,1.0,-14432.000000000002,0.0121600627899169,0,True,10,33,True,63,32,2025-11-16 05:58:06
ba_64_1_7.txt,barabasi_albert_10ins_m20,45,SpecAnn,0.709885207532891,1.0,-14432.000000000002,0.012296438217163,0,True,10,33,True,64,32,2025-11-16 05:58:06
ba_64_1_7.txt,barabasi_albert_10ins_m20,45,SpecAnn,0.7154096893543218,1.0,-14432.000000000002,0.0122363567352294,0,True,10,33,True,65,32,2025-11-16 05:58:06
ba_64_1_7.txt,barabasi_albert_10ins_m20,45,SpecAnn,0.7208918361100219,1.0,-14432.000000000002,0.0122134685516357,0,True,10,33,True,66,32,2025-11-16 05:58:06
ba_64_1_7.txt,barabasi_albert_10ins_m20,45,SpecAnn,0.7263326063988248,1.0,-14432.000000000002,0.0121328830718994,0,True,10,33,True,67,32,2025-11-16 05:58:06
ba_64_1_7.txt,barabasi_albert_10ins_m20,45,SpecAnn,0.7317329231804058,1.0,-14432.000000000002,0.012157917022705,0,True,10,33,True,68,32,2025-11-16 05:58:06
ba_64_1_7.txt,barabasi_albert_10ins_m20,45,SpecAnn,0.7370936756031579,1.0,-14432.000000000002,0.0122466087341308,0,True,10,33,True,69,32,2025-11-16 05:58:06
ba_64_1_7.txt,barabasi_albert_10ins_m20,45,SpecAnn,0.7424157207132704,1.0,-14432.000000000002,0.0123047828674316,0,True,10,33,True,70,32,2025-11-16 05:58:06
ba_64_1_7.txt,barabasi_albert_10ins_m20,45,SpecAnn,0.7476998850543153,1.0,-14432.000000000002,0.0123870372772216,0,True,10,33,True,71,32,2025-11-16 05:58:06
ba_64_1_7.txt,barabasi_albert_10ins_m20,45,SpecAnn,0.7529469661657903,1.0,-14432.000000000002,0.0124554634094238,0,True,10,33,True,72,32,2025-11-16 05:58:06
ba_64_1_7.txt,barabasi_albert_10ins_m20,45,SpecAnn,0.7581577339883167,1.0,-14432.000000000002,0.0123734474182128,0,True,10,33,True,73,32,2025-11-16 05:58:06
ba_64_1_7.txt,barabasi_albert_10ins_m20,45,SpecAnn,0.7633329321824984,1.0,-14432.000000000002,0.0124385356903076,0,True,10,33,True,74,32,2025-11-16 05:58:06
ba_64_1_7.txt,barabasi_albert_10ins_m20,45,SpecAnn,0.7684732793678399,1.0,-14432.000000000002,0.012171983718872,0,True,10,33,True,75,32,2025-11-16 05:58:06
ba_64_1_7.txt,barabasi_albert_10ins_m20,45,SpecAnn,0.7735794702875677,1.0,-14432.000000000002,0.0122244358062744,0,True,10,33,True,76,32,2025-11-16 05:58:06
ba_64_1_7.txt,barabasi_albert_10ins_m20,45,SpecAnn,0.7786521769046981,1.0,-14432.000000000002,0.0122430324554443,0,True,10,33,True,77,32,2025-11-16 05:58:06
ba_64_1_7.txt,barabasi_albert_10ins_m20,45,SpecAnn,0.7836920494342511,1.0,-14432.000000000002,0.0122480392456054,0,True,10,33,True,78,32,2025-11-16 05:58:06
ba_64_1_7.txt,barabasi_albert_10ins_m20,45,SpecAnn,0.788699717316095,1.0,-14432.000000000002,0.0121130943298339,0,True,10,33,True,79,32,2025-11-16 05:58:06
ba_64_1_7.txt,barabasi_albert_10ins_m20,45,SpecAnn,0.7936757901325451,1.0,-14432.000000000002,0.0122876167297363,0,True,10,33,True,80,32,2025-11-16 05:58:06
ba_64_1_7.txt,barabasi_albert_10ins_m20,45,SpecAnn,0.7986208584745024,1.0,-14343.999999999998,0.012296438217163,0,True,10,33,True,81,32,2025-11-16 05:58:06
ba_64_1_7.txt,barabasi_albert_10ins_m20,45,SpecAnn,0.803535494759617,1.0,-14343.999999999998,0.0122745037078857,0,True,10,33,True,82,32,2025-11-16 05:58:06
ba_64_1_7.txt,barabasi_albert_10ins_m20,45,SpecAnn,0.8084202540056837,1.0,-14343.999999999998,0.0122768878936767,0,True,10,33,True,83,32,2025-11-16 05:58:06
ba_64_1_7.txt,barabasi_albert_10ins_m20,45,SpecAnn,0.8132756745622272,1.0,-14343.999999999998,0.0122566223144531,0,True,10,33,True,84,32,2025-11-16 05:58:06
ba_64_1_7.txt,barabasi_albert_10ins_m20,45,SpecAnn,0.8181022788030096,1.0,-14343.999999999998,0.0122101306915283,0,True,10,33,True,85,32,2025-11-16 05:58:06
ba_64_1_7.txt,barabasi_albert_10ins_m20,45,SpecAnn,0.822900573781978,1.0,-14343.999999999998,0.0122396945953369,0,True,10,33,True,86,32,2025-11-16 05:58:06
ba_64_1_7.txt,barabasi_albert_10ins_m20,45,SpecAnn,0.8276710518549868,1.0,-14343.999999999998,0.0122170448303222,0,True,10,33,True,87,32,2025-11-16 05:58:06
ba_64_1_7.txt,barabasi_albert_10ins_m20,45,SpecAnn,0.8324141912694495,1.0,-14343.999999999998,0.0122244358062744,0,True,10,33,True,88,32,2025-11-16 05:58:06
ba_64_1_7.txt,barabasi_albert_10ins_m20,45,SpecAnn,0.8371304567239225,1.0,-14343.999999999998,0.0121560096740722,0,True,10,33,True,89,32,2025-11-16 05:58:06
ba_64_1_7.txt,barabasi_albert_10ins_m20,45,SpecAnn,0.8418202998994706,1.0,-14432.000000000002,0.0122506618499755,0,True,10,33,True,90,32,2025-11-16 05:58:06
ba_64_1_7.txt,barabasi_albert_10ins_m20,45,SpecAnn,0.846484159964536,1.0,-14432.000000000002,0.0121326446533203,0,True,10,33,True,91,32,2025-11-16 05:58:06
ba_64_1_7.txt,barabasi_albert_10ins_m20,45,SpecAnn,0.8511224640549078,1.0,-14432.000000000002,0.0122060775756835,0,True,10,33,True,92,32,2025-11-16 05:58:06
ba_64_1_7.txt,barabasi_albert_10ins_m20,45,SpecAnn,0.8557356277302758,1.0,-14432.000000000002,0.0121340751647949,0,True,10,33,True,93,32,2025-11-16 05:58:06
ba_64_1_7.txt,barabasi_albert_10ins_m20,45,SpecAnn,0.8603240554087516,1.0,-14432.000000000002,0.0121080875396728,0,True,10,33,True,94,32,2025-11-16 05:58:06
ba_64_1_7.txt,barabasi_albert_10ins_m20,45,SpecAnn,0.86488814078064,1.0,-14432.000000000002,0.0121557712554931,0,True,10,33,True,95,32,2025-11-16 05:58:06
ba_64_1_7.txt,barabasi_albert_10ins_m20,45,SpecAnn,0.8694282672026621,1.0,-14432.000000000002,0.0123875141143798,0,True,10,33,True,96,32,2025-11-16 05:58:06
ba_64_1_7.txt,barabasi_albert_10ins_m20,45,SpecAnn,0.8739448080737451,1.0,-14432.000000000002,0.0123863220214843,0,True,10,33,True,97,32,2025-11-16 05:58:06
ba_64_1_7.txt,barabasi_albert_10ins_m20,45,SpecAnn,0.878438127193422,1.0,-14432.000000000002,0.0122878551483154,0,True,10,33,True,98,32,2025-11-16 05:58:06
ba_64_1_7.txt,barabasi_albert_10ins_m20,45,SpecAnn,0.8829085791038153,1.0,-14432.000000000002,0.0122404098510742,0,True,10,33,True,99,32,2025-11-16 05:58:06
ba_64_1_7.txt,barabasi_albert_10ins_m20,45,SpecAnn,0.8873565094161138,1.0,-14432.000000000002,0.0123686790466308,0,True,10,33,True,100,32,2025-11-16 05:58:06
ba_64_1_7.txt,barabasi_albert_10ins_m20,45,SpecAnn,0.8917822551223932,1.0,-14432.000000000002,0.0123994350433349,0,True,10,33,True,101,32,2025-11-16 05:58:07
ba_64_1_7.txt,barabasi_albert_10ins_m20,45,SpecAnn,0.8961861448935777,1.0,-14432.000000000002,0.0125124454498291,0,True,10,33,True,102,32,2025-11-16 05:58:07
ba_64_1_7.txt,barabasi_albert_10ins_m20,45,SpecAnn,0.9005684993642872,1.0,-14432.000000000002,0.0124263763427734,0,True,10,33,True,103,32,2025-11-16 05:58:07
ba_64_1_7.txt,barabasi_albert_10ins_m20,45,SpecAnn,0.9049296314052688,1.0,-14432.000000000002,0.0122637748718261,0,True,10,33,True,104,32,2025-11-16 05:58:07
ba_64_1_7.txt,barabasi_albert_10ins_m20,45,SpecAnn,0.9092698463840684,1.0,-14432.000000000002,0.0121886730194091,0,True,10,33,True,105,32,2025-11-16 05:58:07
ba_64_1_7.txt,barabasi_albert_10ins_m20,45,SpecAnn,0.9135894424145556,1.0,-14432.000000000002,0.0121564865112304,0,True,10,33,True,106,32,2025-11-16 05:58:07
ba_64_1_7.txt,barabasi_albert_10ins_m20,45,SpecAnn,0.9178887105958816,1.0,-14432.000000000002,0.0121707916259765,0,True,10,33,True,107,32,2025-11-16 05:58:07
ba_64_1_7.txt,barabasi_albert_10ins_m20,45,SpecAnn,0.922167935241408,1.0,-14432.000000000002,0.0121393203735351,0,True,10,33,True,108,32,2025-11-16 05:58:07
ba_64_1_7.txt,barabasi_albert_10ins_m20,45,SpecAnn,0.92642739409812,1.0,-14432.000000000002,0.0121526718139648,0,True,10,33,True,109,32,2025-11-16 05:58:07
ba_64_1_7.txt,barabasi_albert_10ins_m20,45,SpecAnn,0.9306673585570006,1.0,-14432.000000000002,0.0121772289276123,0,True,10,33,True,110,32,2025-11-16 05:58:07
ba_64_1_7.txt,barabasi_albert_10ins_m20,45,SpecAnn,0.9348880938548184,1.0,-14432.000000000002,0.012230634689331,0,True,10,33,True,111,32,2025-11-16 05:58:07
ba_64_1_7.txt,barabasi_albert_10ins_m20,45,SpecAnn,0.9390898592677528,1.0,-14343.999999999998,0.0121822357177734,0,True,10,33,True,112,32,2025-11-16 05:58:07
ba_64_1_7.txt,barabasi_albert_10ins_m20,45,SpecAnn,0.9432729082972536,1.0,-14343.999999999998,0.0121698379516601,0,True,10,33,True,113,32,2025-11-16 05:58:07
ba_64_1_7.txt,barabasi_albert_10ins_m20,45,SpecAnn,0.9474374888485204,1.0,-14343.999999999998,0.0122280120849609,0,True,10,33,True,114,32,2025-11-16 05:58:07
ba_64_1_7.txt,barabasi_albert_10ins_m20,45,SpecAnn,0.9515838434019476,1.0,-14343.999999999998,0.0121405124664306,0,True,10,33,True,115,32,2025-11-16 05:58:07
ba_64_1_7.txt,barabasi_albert_10ins_m20,45,SpecAnn,0.9557122091778746,1.0,-14343.999999999998,0.0121738910675048,0,True,10,33,True,116,32,2025-11-16 05:58:07
ba_64_1_7.txt,barabasi_albert_10ins_m20,45,SpecAnn,0.9598228182949629,1.0,-14343.999999999998,0.01218843460083,0,True,10,33,True,117,32,2025-11-16 05:58:07
ba_64_1_7.txt,barabasi_albert_10ins_m20,45,SpecAnn,0.963915897922488,1.0,-14343.999999999998,0.0122263431549072,0,True,10,33,True,118,32,2025-11-16 05:58:07
ba_64_1_7.txt,barabasi_albert_10ins_m20,45,SpecAnn,0.967991670426842,1.0,-14343.999999999998,0.0122139453887939,0,True,10,33,True,119,32,2025-11-16 05:58:07
ba_64_1_7.txt,barabasi_albert_10ins_m20,45,SpecAnn,0.9720503535125016,1.0,-14343.999999999998,0.0122654438018798,0,True,10,33,True,120,32,2025-11-16 05:58:07
ba_64_1_7.txt,barabasi_albert_10ins_m20,45,SpecAnn,0.9760921603577252,1.0,-14343.999999999998,0.0121216773986816,0,True,10,33,True,121,32,2025-11-16 05:58:07
ba_64_1_7.txt,barabasi_albert_10ins_m20,45,SpecAnn,0.9801172997452104,1.0,-14343.999999999998,0.0121264457702636,0,True,10,33,True,122,32,2025-11-16 05:58:07
ba_64_1_7.txt,barabasi_albert_10ins_m20,45,SpecAnn,0.9841259761879442,1.0,-14343.999999999998,0.0121703147888183,0,True,10,33,True,123,32,2025-11-16 05:58:07
ba_64_1_7.txt,barabasi_albert_10ins_m20,45,SpecAnn,0.9881183900504562,1.0,-14343.999999999998,0.0120863914489746,0,True,10,33,True,124,32,2025-11-16 05:58:07
ba_64_1_7.txt,barabasi_albert_10ins_m20,45,SpecAnn,0.9920947376656812,1.0,-14343.999999999998,0.0122020244598388,0,True,10,33,True,125,32,2025-11-16 05:58:07
ba_64_1_7.txt,barabasi_albert_10ins_m20,45,SpecAnn,0.9960552114476228,1.0,-14343.999999999998,0.0123703479766845,0,True,10,33,True,126,32,2025-11-16 05:58:07
ba_64_1_7.txt,barabasi_albert_10ins_m20,45,SpecAnn,1.0,1.0,-14343.999999999998,0.0124707221984863,0,True,10,33,True,127,32,2025-11-16 05:58:07
ba_64_1_7.txt,barabasi_albert_10ins_m20,46,SpecAnn,0.0,1.0,-13856.0,0.0131807327270507,0,True,7,33,True,0,32,2025-11-16 05:58:07
ba_64_1_7.txt,barabasi_albert_10ins_m20,46,SpecAnn,0.0887356509416113,1.0,-13856.0,0.0123674869537353,0,True,7,33,True,1,32,2025-11-16 05:58:07
ba_64_1_7.txt,barabasi_albert_10ins_m20,46,SpecAnn,0.1254911610276317,1.0,-14343.999999999998,0.012331485748291,0,True,7,33,True,2,32,2025-11-16 05:58:07
ba_64_1_7.txt,barabasi_albert_10ins_m20,46,SpecAnn,0.1536946558735679,1.0,-14343.999999999998,0.0123457908630371,0,True,7,33,True,3,32,2025-11-16 05:58:07
ba_64_1_7.txt,barabasi_albert_10ins_m20,46,SpecAnn,0.1774713018832227,1.0,-14343.999999999998,0.0123329162597656,0,True,7,33,True,4,32,2025-11-16 05:58:07
ba_64_1_7.txt,barabasi_albert_10ins_m20,46,SpecAnn,0.1984189475331362,1.0,-14343.999999999998,0.0123963356018066,0,True,7,33,True,5,32,2025-11-16 05:58:07
ba_64_1_7.txt,barabasi_albert_10ins_m20,46,SpecAnn,0.2173570668006655,1.0,-14343.999999999998,0.0122163295745849,0,True,7,33,True,6,32,2025-11-16 05:58:07
ba_64_1_7.txt,barabasi_albert_10ins_m20,46,SpecAnn,0.2347724648169381,1.0,-14343.999999999998,0.012263536453247,0,True,7,33,True,7,32,2025-11-16 05:58:07
ba_64_1_7.txt,barabasi_albert_10ins_m20,46,SpecAnn,0.2509823220552634,1.0,-14343.999999999998,0.012352705001831,0,True,7,33,True,8,32,2025-11-16 05:58:07
ba_64_1_7.txt,barabasi_albert_10ins_m20,46,SpecAnn,0.2662069528248341,1.0,-14288.000000000002,0.012235403060913,0,True,7,33,True,9,32,2025-11-16 05:58:07
ba_64_1_7.txt,barabasi_albert_10ins_m20,46,SpecAnn,0.2806067666331568,1.0,-14343.999999999998,0.0123500823974609,0,True,7,33,True,10,32,2025-11-16 05:58:07
ba_64_1_7.txt,barabasi_albert_10ins_m20,46,SpecAnn,0.2943028597012718,1.0,-14343.999999999998,0.0122981071472167,0,True,7,33,True,11,32,2025-11-16 05:58:07
ba_64_1_7.txt,barabasi_albert_10ins_m20,46,SpecAnn,0.3073893117471359,1.0,-14343.999999999998,0.0122609138488769,0,True,7,33,True,12,32,2025-11-16 05:58:07
ba_64_1_7.txt,barabasi_albert_10ins_m20,46,SpecAnn,0.3199409394316542,1.0,-14343.999999999998,0.0122284889221191,0,True,7,33,True,13,32,2025-11-16 05:58:07
ba_64_1_7.txt,barabasi_albert_10ins_m20,46,SpecAnn,0.3320184038158743,1.0,-14343.999999999998,0.0123205184936523,0,True,7,33,True,14,32,2025-11-16 05:58:07
ba_64_1_7.txt,barabasi_albert_10ins_m20,46,SpecAnn,0.3436716983117353,1.0,-14288.000000000002,0.0122575759887695,0,True,7,33,True,15,32,2025-11-16 05:58:07
ba_64_1_7.txt,barabasi_albert_10ins_m20,46,SpecAnn,0.3549426037664455,1.0,-14432.000000000002,0.0122594833374023,0,True,7,33,True,16,32,2025-11-16 05:58:07
ba_64_1_7.txt,barabasi_albert_10ins_m20,46,SpecAnn,0.3658664615902029,1.0,-14432.000000000002,0.0122516155242919,0,True,7,33,True,17,32,2025-11-16 05:58:07
ba_64_1_7.txt,barabasi_albert_10ins_m20,46,SpecAnn,0.3764734830828951,1.0,-14432.000000000002,0.0124294757843017,0,True,7,33,True,18,32,2025-11-16 05:58:07
ba_64_1_7.txt,barabasi_albert_10ins_m20,46,SpecAnn,0.3867897351437838,1.0,-14432.000000000002,0.0124704837799072,0,True,7,33,True,19,32,2025-11-16 05:58:07
ba_64_1_7.txt,barabasi_albert_10ins_m20,46,SpecAnn,0.3968378950662725,1.0,-14432.000000000002,0.0123889446258544,0,True,7,33,True,20,32,2025-11-16 05:58:07
ba_64_1_7.txt,barabasi_albert_10ins_m20,46,SpecAnn,0.4066378372811136,1.0,-14432.000000000002,0.0124201774597167,0,True,7,33,True,21,32,2025-11-16 05:58:07
ba_64_1_7.txt,barabasi_albert_10ins_m20,46,SpecAnn,0.4162070956347247,1.0,-14432.000000000002,0.0122218132019042,0,True,7,33,True,22,32,2025-11-16 05:58:07
ba_64_1_7.txt,barabasi_albert_10ins_m20,46,SpecAnn,0.4255612320274539,1.0,-14432.000000000002,0.0122382640838623,0,True,7,33,True,23,32,2025-11-16 05:58:07
ba_64_1_7.txt,barabasi_albert_10ins_m20,46,SpecAnn,0.434714133601331,1.0,-14432.000000000002,0.0122401714324951,0,True,7,33,True,24,32,2025-11-16 05:58:07
ba_64_1_7.txt,barabasi_albert_10ins_m20,46,SpecAnn,0.4436782547080569,1.0,-14432.000000000002,0.0122826099395751,0,True,7,33,True,25,32,2025-11-16 05:58:07
ba_64_1_7.txt,barabasi_albert_10ins_m20,46,SpecAnn,0.4524648157026343,1.0,-14432.000000000002,0.0123031139373779,0,True,7,33,True,26,32,2025-11-16 05:58:07
ba_64_1_7.txt,barabasi_albert_10ins_m20,46,SpecAnn,0.4610839676207039,1.0,-14432.000000000002,0.0121901035308837,0,True,7,33,True,27,32,2025-11-16 05:58:07
ba_64_1_7.txt,barabasi_albert_10ins_m20,46,SpecAnn,0.4695449296338763,1.0,-14432.000000000002,0.0122487545013427,0,True,7,33,True,28,32,2025-11-16 05:58:07
ba_64_1_7.txt,barabasi_albert_10ins_m20,46,SpecAnn,0.4778561045889373,1.0,-14432.000000000002,0.0122506618499755,0,True,7,33,True,29,32,2025-11-16 05:58:07
ba_64_1_7.txt,barabasi_albert_10ins_m20,46,SpecAnn,0.4860251767562508,1.0,-14432.000000000002,0.0124256610870361,0,True,7,33,True,30,32,2025-11-16 05:58:07
ba_64_1_7.txt,barabasi_albert_10ins_m20,46,SpecAnn,0.4940591950252281,1.0,-14432.000000000002,0.0125281810760498,0,True,7,33,True,31,32,2025-11-16 05:58:07
ba_64_1_7.txt,barabasi_albert_10ins_m20,46,SpecAnn,0.5019646441105269,1.0,-14432.000000000002,0.0122904777526855,0,True,7,33,True,32,32,2025-11-16 05:58:07
ba_64_1_7.txt,barabasi_albert_10ins_m20,46,SpecAnn,0.5097475058154177,1.0,-14432.000000000002,0.0122144222259521,0,True,7,33,True,33,32,2025-11-16 05:58:07
ba_64_1_7.txt,barabasi_albert_10ins_m20,46,SpecAnn,0.51741331199832,1.0,-14432.000000000002,0.0123093128204345,0,True,7,33,True,34,32,2025-11-16 05:58:07
ba_64_1_7.txt,barabasi_albert_10ins_m20,46,SpecAnn,0.5249671905758515,1.0,-14432.000000000002,0.0122253894805908,0,True,7,33,True,35,32,2025-11-16 05:58:07
ba_64_1_7.txt,barabasi_albert_10ins_m20,46,SpecAnn,0.5324139056496683,1.0,-14432.000000000002,0.0122802257537841,0,True,7,33,True,36,32,2025-11-16 05:58:07
ba_64_1_7.txt,barabasi_albert_10ins_m20,46,SpecAnn,0.5397578926492556,1.0,-14432.000000000002,0.0122523307800292,0,True,7,33,True,37,32,2025-11-16 05:58:07
ba_64_1_7.txt,barabasi_albert_10ins_m20,46,SpecAnn,0.5470032892270364,1.0,-14432.000000000002,0.0122890472412109,0,True,7,33,True,38,32,2025-11-16 05:58:07
ba_64_1_7.txt,barabasi_albert_10ins_m20,46,SpecAnn,0.554153962516942,1.0,-14432.000000000002,0.0123052597045898,0,True,7,33,True,39,32,2025-11-16 05:58:07
ba_64_1_7.txt,barabasi_albert_10ins_m20,46,SpecAnn,0.5612135332663137,1.0,-14432.000000000002,0.0121943950653076,0,True,7,33,True,40,32,2025-11-16 05:58:07
ba_64_1_7.txt,barabasi_albert_10ins_m20,46,SpecAnn,0.5681853972686127,1.0,-14432.000000000002,0.0123145580291748,0,True,7,33,True,41,32,2025-11-16 05:58:07
ba_64_1_7.txt,barabasi_albert_10ins_m20,46,SpecAnn,0.5750727444570146,1.0,-14432.000000000002,0.0124385356903076,0,True,7,33,True,42,32,2025-11-16 05:58:07
ba_64_1_7.txt,barabasi_albert_10ins_m20,46,SpecAnn,0.5818785759635375,1.0,-14432.000000000002,0.0124990940093994,0,True,7,33,True,43,32,2025-11-16 05:58:07
ba_64_1_7.txt,barabasi_albert_10ins_m20,46,SpecAnn,0.5886057194025436,1.0,-14432.000000000002,0.0125069618225097,0,True,7,33,True,44,32,2025-11-16 05:58:07
ba_64_1_7.txt,barabasi_albert_10ins_m20,46,SpecAnn,0.5952568425994088,1.0,-14432.000000000002,0.0124819278717041,0,True,7,33,True,45,32,2025-11-16 05:58:07
ba_64_1_7.txt,barabasi_albert_10ins_m20,46,SpecAnn,0.6018344659534288,1.0,-14432.000000000002,0.0121998786926269,0,True,7,33,True,46,32,2025-11-16 05:58:07
ba_64_1_7.txt,barabasi_albert_10ins_m20,46,SpecAnn,0.6083409735974393,1.0,-14432.000000000002,0.01247239112854,0,True,7,33,True,47,32,2025-11-16 05:58:08
ba_64_1_7.txt,barabasi_albert_10ins_m20,46,SpecAnn,0.6147786234942719,1.0,-14432.000000000002,0.0124566555023193,0,True,7,33,True,48,32,2025-11-16 05:58:08
ba_64_1_7.txt,barabasi_albert_10ins_m20,46,SpecAnn,0.6211495565912796,1.0,-14432.000000000002,0.0124902725219726,0,True,7,33,True,49,32,2025-11-16 05:58:08
ba_64_1_7.txt,barabasi_albert_10ins_m20,46,SpecAnn,0.6274558051381586,1.0,-14432.000000000002,0.0123383998870849,0,True,7,33,True,50,32,2025-11-16 05:58:08
ba_64_1_7.txt,barabasi_albert_10ins_m20,46,SpecAnn,0.6336993002596786,1.0,-14432.000000000002,0.0122616291046142,0,True,7,33,True,51,32,2025-11-16 05:58:08
ba_64_1_7.txt,barabasi_albert_10ins_m20,46,SpecAnn,0.6398818788633085,1.0,-14432.000000000002,0.0123500823974609,0,True,7,33,True,52,32,2025-11-16 05:58:08
ba_64_1_7.txt,barabasi_albert_10ins_m20,46,SpecAnn,0.6460052899517691,1.0,-14432.000000000002,0.0122771263122558,0,True,7,33,True,53,32,2025-11-16 05:58:08
ba_64_1_7.txt,barabasi_albert_10ins_m20,46,SpecAnn,0.6520712004019966,1.0,-14432.000000000002,0.012256383895874,0,True,7,33,True,54,32,2025-11-16 05:58:08
ba_64_1_7.txt,barabasi_albert_10ins_m20,46,SpecAnn,0.6580812002646271,1.0,-14432.000000000002,0.0123004913330078,0,True,7,33,True,55,32,2025-11-16 05:58:08
ba_64_1_7.txt,barabasi_albert_10ins_m20,46,SpecAnn,0.6640368076317485,1.0,-14432.000000000002,0.0123631954193115,0,True,7,33,True,56,32,2025-11-16 05:58:08
ba_64_1_7.txt,barabasi_albert_10ins_m20,46,SpecAnn,0.6699394731151429,1.0,-14432.000000000002,0.0123515129089355,0,True,7,33,True,57,32,2025-11-16 05:58:08
ba_64_1_7.txt,barabasi_albert_10ins_m20,46,SpecAnn,0.6757905839724513,1.0,-14432.000000000002,0.0123229026794433,0,True,7,33,True,58,32,2025-11-16 05:58:08
ba_64_1_7.txt,barabasi_albert_10ins_m20,46,SpecAnn,0.6815914679145113,1.0,-14432.000000000002,0.0122702121734619,0,True,7,33,True,59,32,2025-11-16 05:58:08
ba_64_1_7.txt,barabasi_albert_10ins_m20,46,SpecAnn,0.6873433966234707,1.0,-14432.000000000002,0.0123629570007324,0,True,7,33,True,60,32,2025-11-16 05:58:08
ba_64_1_7.txt,barabasi_albert_10ins_m20,46,SpecAnn,0.6930475890080863,1.0,-14432.000000000002,0.0122277736663818,0,True,7,33,True,61,32,2025-11-16 05:58:08
ba_64_1_7.txt,barabasi_albert_10ins_m20,46,SpecAnn,0.6987052142198116,1.0,-14343.999999999998,0.0123264789581298,0,True,7,33,True,62,32,2025-11-16 05:58:08
ba_64_1_7.txt,barabasi_albert_10ins_m20,46,SpecAnn,0.7043173944508145,1.0,-14343.999999999998,0.0121915340423583,0,True,7,33,True,63,32,2025-11-16 05:58:08
ba_64_1_7.txt,barabasi_albert_10ins_m20,46,SpecAnn,0.709885207532891,1.0,-14343.999999999998,0.0123558044433593,0,True,7,33,True,64,32,2025-11-16 05:58:08
ba_64_1_7.txt,barabasi_albert_10ins_m20,46,SpecAnn,0.7154096893543218,1.0,-14343.999999999998,0.0122478008270263,0,True,7,33,True,65,32,2025-11-16 05:58:08
ba_64_1_7.txt,barabasi_albert_10ins_m20,46,SpecAnn,0.7208918361100219,1.0,-14343.999999999998,0.0122961997985839,0,True,7,33,True,66,32,2025-11-16 05:58:08
ba_64_1_7.txt,barabasi_albert_10ins_m20,46,SpecAnn,0.7263326063988248,1.0,-14343.999999999998,0.0122852325439453,0,True,7,33,True,67,32,2025-11-16 05:58:08
ba_64_1_7.txt,barabasi_albert_10ins_m20,46,SpecAnn,0.7317329231804058,1.0,-14343.999999999998,0.0122883319854736,0,True,7,33,True,68,32,2025-11-16 05:58:08
ba_64_1_7.txt,barabasi_albert_10ins_m20,46,SpecAnn,0.7370936756031579,1.0,-14343.999999999998,0.012291669845581,0,True,7,33,True,69,32,2025-11-16 05:58:08
ba_64_1_7.txt,barabasi_albert_10ins_m20,46,SpecAnn,0.7424157207132704,1.0,-14343.999999999998,0.0122487545013427,0,True,7,33,True,70,32,2025-11-16 05:58:08
ba_64_1_7.txt,barabasi_albert_10ins_m20,46,SpecAnn,0.7476998850543153,1.0,-14343.999999999998,0.0122904777526855,0,True,7,33,True,71,32,2025-11-16 05:58:08
ba_64_1_7.txt,barabasi_albert_10ins_m20,46,SpecAnn,0.7529469661657903,1.0,-14343.999999999998,0.0125064849853515,0,True,7,33,True,72,32,2025-11-16 05:58:08
ba_64_1_7.txt,barabasi_albert_10ins_m20,46,SpecAnn,0.7581577339883167,1.0,-14343.999999999998,0.0125787258148193,0,True,7,33,True,73,32,2025-11-16 05:58:08
ba_64_1_7.txt,barabasi_albert_10ins_m20,46,SpecAnn,0.7633329321824984,1.0,-14343.999999999998,0.0125267505645751,0,True,7,33,True,74,32,2025-11-16 05:58:08
ba_64_1_7.txt,barabasi_albert_10ins_m20,46,SpecAnn,0.7684732793678399,1.0,-14343.999999999998,0.012488842010498,0,True,7,33,True,75,32,2025-11-16 05:58:08
ba_64_1_7.txt,barabasi_albert_10ins_m20,46,SpecAnn,0.7735794702875677,1.0,-14343.999999999998,0.0125379562377929,0,True,7,33,True,76,32,2025-11-16 05:58:08
ba_64_1_7.txt,barabasi_albert_10ins_m20,46,SpecAnn,0.7786521769046981,1.0,-14343.999999999998,0.0122649669647216,0,True,7,33,True,77,32,2025-11-16 05:58:08
ba_64_1_7.txt,barabasi_albert_10ins_m20,46,SpecAnn,0.7836920494342511,1.0,-14343.999999999998,0.0122241973876953,0,True,7,33,True,78,32,2025-11-16 05:58:08
ba_64_1_7.txt,barabasi_albert_10ins_m20,46,SpecAnn,0.788699717316095,1.0,-14343.999999999998,0.0122277736663818,0,True,7,33,True,79,32,2025-11-16 05:58:08
ba_64_1_7.txt,barabasi_albert_10ins_m20,46,SpecAnn,0.7936757901325451,1.0,-14343.999999999998,0.0123512744903564,0,True,7,33,True,80,32,2025-11-16 05:58:08
ba_64_1_7.txt,barabasi_albert_10ins_m20,46,SpecAnn,0.7986208584745024,1.0,-14432.000000000002,0.0123560428619384,0,True,7,33,True,81,32,2025-11-16 05:58:08
ba_64_1_7.txt,barabasi_albert_10ins_m20,46,SpecAnn,0.803535494759617,1.0,-14432.000000000002,0.0122947692871093,0,True,7,33,True,82,32,2025-11-16 05:58:08
ba_64_1_7.txt,barabasi_albert_10ins_m20,46,SpecAnn,0.8084202540056837,1.0,-14432.000000000002,0.0122284889221191,0,True,7,33,True,83,32,2025-11-16 05:58:08
ba_64_1_7.txt,barabasi_albert_10ins_m20,46,SpecAnn,0.8132756745622272,1.0,-14432.000000000002,0.0123145580291748,0,True,7,33,True,84,32,2025-11-16 05:58:08
ba_64_1_7.txt,barabasi_albert_10ins_m20,46,SpecAnn,0.8181022788030096,1.0,-14432.000000000002,0.0121941566467285,0,True,7,33,True,85,32,2025-11-16 05:58:08
ba_64_1_7.txt,barabasi_albert_10ins_m20,46,SpecAnn,0.822900573781978,1.0,-14432.000000000002,0.0122342109680175,0,True,7,33,True,86,32,2025-11-16 05:58:08
ba_64_1_7.txt,barabasi_albert_10ins_m20,46,SpecAnn,0.8276710518549868,1.0,-14432.000000000002,0.0122535228729248,0,True,7,33,True,87,32,2025-11-16 05:58:08
ba_64_1_7.txt,barabasi_albert_10ins_m20,46,SpecAnn,0.8324141912694495,1.0,-14432.000000000002,0.0123012065887451,0,True,7,33,True,88,32,2025-11-16 05:58:08
ba_64_1_7.txt,barabasi_albert_10ins_m20,46,SpecAnn,0.8371304567239225,1.0,-14432.000000000002,0.0122897624969482,0,True,7,33,True,89,32,2025-11-16 05:58:08
ba_64_1_7.txt,barabasi_albert_10ins_m20,46,SpecAnn,0.8418202998994706,1.0,-14343.999999999998,0.0123114585876464,0,True,7,33,True,90,32,2025-11-16 05:58:08
ba_64_1_7.txt,barabasi_albert_10ins_m20,46,SpecAnn,0.846484159964536,1.0,-14343.999999999998,0.0122287273406982,0,True,7,33,True,91,32,2025-11-16 05:58:08
ba_64_1_7.txt,barabasi_albert_10ins_m20,46,SpecAnn,0.8511224640549078,1.0,-14343.999999999998,0.0122838020324707,0,True,7,33,True,92,32,2025-11-16 05:58:08
ba_64_1_7.txt,barabasi_albert_10ins_m20,46,SpecAnn,0.8557356277302758,1.0,-14343.999999999998,0.0122702121734619,0,True,7,33,True,93,32,2025-11-16 05:58:08
ba_64_1_7.txt,barabasi_albert_10ins_m20,46,SpecAnn,0.8603240554087516,1.0,-14343.999999999998,0.0122296810150146,0,True,7,33,True,94,32,2025-11-16 05:58:08
ba_64_1_7.txt,barabasi_albert_10ins_m20,46,SpecAnn,0.86488814078064,1.0,-14343.999999999998,0.0122666358947753,0,True,7,33,True,95,32,2025-11-16 05:58:08
ba_64_1_7.txt,barabasi_albert_10ins_m20,46,SpecAnn,0.8694282672026621,1.0,-14343.999999999998,0.0122954845428466,0,True,7,33,True,96,32,2025-11-16 05:58:08
ba_64_1_7.txt,barabasi_albert_10ins_m20,46,SpecAnn,0.8739448080737451,1.0,-14343.999999999998,0.0122466087341308,0,True,7,33,True,97,32,2025-11-16 05:58:08
ba_64_1_7.txt,barabasi_albert_10ins_m20,46,SpecAnn,0.878438127193422,1.0,-14343.999999999998,0.0122468471527099,0,True,7,33,True,98,32,2025-11-16 05:58:08
ba_64_1_7.txt,barabasi_albert_10ins_m20,46,SpecAnn,0.8829085791038153,1.0,-14343.999999999998,0.012258768081665,0,True,7,33,True,99,32,2025-11-16 05:58:08
ba_64_1_7.txt,barabasi_albert_10ins_m20,46,SpecAnn,0.8873565094161138,1.0,-14343.999999999998,0.0125484466552734,0,True,7,33,True,100,32,2025-11-16 05:58:08
ba_64_1_7.txt,barabasi_albert_10ins_m20,46,SpecAnn,0.8917822551223932,1.0,-14343.999999999998,0.0124902725219726,0,True,7,33,True,101,32,2025-11-16 05:58:08
ba_64_1_7.txt,barabasi_albert_10ins_m20,46,SpecAnn,0.8961861448935777,1.0,-14343.999999999998,0.0124876499176025,0,True,7,33,True,102,32,2025-11-16 05:58:08
ba_64_1_7.txt,barabasi_albert_10ins_m20,46,SpecAnn,0.9005684993642872,1.0,-14343.999999999998,0.01247239112854,0,True,7,33,True,103,32,2025-11-16 05:58:08
ba_64_1_7.txt,barabasi_albert_10ins_m20,46,SpecAnn,0.9049296314052688,1.0,-14343.999999999998,0.0124738216400146,0,True,7,33,True,104,32,2025-11-16 05:58:08
ba_64_1_7.txt,barabasi_albert_10ins_m20,46,SpecAnn,0.9092698463840684,1.0,-14343.999999999998,0.0122921466827392,0,True,7,33,True,105,32,2025-11-16 05:58:08
ba_64_1_7.txt,barabasi_albert_10ins_m20,46,SpecAnn,0.9135894424145556,1.0,-14343.999999999998,0.0123414993286132,0,True,7,33,True,106,32,2025-11-16 05:58:08
ba_64_1_7.txt,barabasi_albert_10ins_m20,46,SpecAnn,0.9178887105958816,1.0,-14343.999999999998,0.0123939514160156,0,True,7,33,True,107,32,2025-11-16 05:58:08
ba_64_1_7.txt,barabasi_albert_10ins_m20,46,SpecAnn,0.922167935241408,1.0,-14343.999999999998,0.0122978687286376,0,True,7,33,True,108,32,2025-11-16 05:58:08
ba_64_1_7.txt,barabasi_albert_10ins_m20,46,SpecAnn,0.92642739409812,1.0,-14343.999999999998,0.0123310089111328,0,True,7,33,True,109,32,2025-11-16 05:58:08
ba_64_1_7.txt,barabasi_albert_10ins_m20,46,SpecAnn,0.9306673585570006,1.0,-14343.999999999998,0.0123276710510253,0,True,7,33,True,110,32,2025-11-16 05:58:08
ba_64_1_7.txt,barabasi_albert_10ins_m20,46,SpecAnn,0.9348880938548184,1.0,-14343.999999999998,0.0122833251953125,0,True,7,33,True,111,32,2025-11-16 05:58:08
ba_64_1_7.txt,barabasi_albert_10ins_m20,46,SpecAnn,0.9390898592677528,1.0,-14343.999999999998,0.012300968170166,0,True,7,33,True,112,32,2025-11-16 05:58:08
ba_64_1_7.txt,barabasi_albert_10ins_m20,46,SpecAnn,0.9432729082972536,1.0,-14343.999999999998,0.0122554302215576,0,True,7,33,True,113,32,2025-11-16 05:58:08
ba_64_1_7.txt,barabasi_albert_10ins_m20,46,SpecAnn,0.9474374888485204,1.0,-14343.999999999998,0.0123045444488525,0,True,7,33,True,114,32,2025-11-16 05:58:08
ba_64_1_7.txt,barabasi_albert_10ins_m20,46,SpecAnn,0.9515838434019476,1.0,-14343.999999999998,0.0122995376586914,0,True,7,33,True,115,32,2025-11-16 05:58:08
ba_64_1_7.txt,barabasi_albert_10ins_m20,46,SpecAnn,0.9557122091778746,1.0,-14343.999999999998,0.0122742652893066,0,True,7,33,True,116,32,2025-11-16 05:58:08
ba_64_1_7.txt,barabasi_albert_10ins_m20,46,SpecAnn,0.9598228182949629,1.0,-14343.999999999998,0.0123229026794433,0,True,7,33,True,117,32,2025-11-16 05:58:08
ba_64_1_7.txt,barabasi_albert_10ins_m20,46,SpecAnn,0.963915897922488,1.0,-14343.999999999998,0.0124087333679199,0,True,7,33,True,118,32,2025-11-16 05:58:08
ba_64_1_7.txt,barabasi_albert_10ins_m20,46,SpecAnn,0.967991670426842,1.0,-14343.999999999998,0.0123727321624755,0,True,7,33,True,119,32,2025-11-16 05:58:08
ba_64_1_7.txt,barabasi_albert_10ins_m20,46,SpecAnn,0.9720503535125016,1.0,-14343.999999999998,0.0122528076171875,0,True,7,33,True,120,32,2025-11-16 05:58:08
ba_64_1_7.txt,barabasi_albert_10ins_m20,46,SpecAnn,0.9760921603577252,1.0,-14343.999999999998,0.0122947692871093,0,True,7,33,True,121,32,2025-11-16 05:58:08
ba_64_1_7.txt,barabasi_albert_10ins_m20,46,SpecAnn,0.9801172997452104,1.0,-14343.999999999998,0.0124208927154541,0,True,7,33,True,122,32,2025-11-16 05:58:08
ba_64_1_7.txt,barabasi_albert_10ins_m20,46,SpecAnn,0.9841259761879442,1.0,-14343.999999999998,0.0122878551483154,0,True,7,33,True,123,32,2025-11-16 05:58:08
ba_64_1_7.txt,barabasi_albert_10ins_m20,46,SpecAnn,0.9881183900504562,1.0,-14343.999999999998,0.0122420787811279,0,True,7,33,True,124,32,2025-11-16 05:58:08
ba_64_1_7.txt,barabasi_albert_10ins_m20,46,SpecAnn,0.9920947376656812,1.0,-14343.999999999998,0.0124907493591308,0,True,7,33,True,125,32,2025-11-16 05:58:08
ba_64_1_7.txt,barabasi_albert_10ins_m20,46,SpecAnn,0.9960552114476228,1.0,-14343.999999999998,0.0124537944793701,0,True,7,33,True,126,32,2025-11-16 05:58:08
ba_64_1_7.txt,barabasi_albert_10ins_m20,46,SpecAnn,1.0,1.0,-14343.999999999998,0.0124361515045166,0,True,7,33,True,127,32,2025-11-16 05:58:08
ba_64_1_7.txt,barabasi_albert_10ins_m20,47,SpecAnn,0.0,1.0,-14578.000000000002,0.0128684043884277,0,True,22,33,True,0,32,2025-11-16 05:58:09
ba_64_1_7.txt,barabasi_albert_10ins_m20,47,SpecAnn,0.0887356509416113,1.0,-14288.000000000002,0.0122780799865722,0,True,22,33,True,1,32,2025-11-16 05:58:09
ba_64_1_7.txt,barabasi_albert_10ins_m20,47,SpecAnn,0.1254911610276317,1.0,-14288.000000000002,0.01224946975708,0,True,22,33,True,2,32,2025-11-16 05:58:09
ba_64_1_7.txt,barabasi_albert_10ins_m20,47,SpecAnn,0.1536946558735679,1.0,-14288.000000000002,0.0123450756072998,0,True,22,33,True,3,32,2025-11-16 05:58:09
ba_64_1_7.txt,barabasi_albert_10ins_m20,47,SpecAnn,0.1774713018832227,1.0,-14288.000000000002,0.0122780799865722,0,True,22,33,True,4,32,2025-11-16 05:58:09
ba_64_1_7.txt,barabasi_albert_10ins_m20,47,SpecAnn,0.1984189475331362,1.0,-14288.000000000002,0.0121901035308837,0,True,22,33,True,5,32,2025-11-16 05:58:09
ba_64_1_7.txt,barabasi_albert_10ins_m20,47,SpecAnn,0.2173570668006655,1.0,-14288.000000000002,0.0122992992401123,0,True,22,33,True,6,32,2025-11-16 05:58:09
ba_64_1_7.txt,barabasi_albert_10ins_m20,47,SpecAnn,0.2347724648169381,1.0,-14288.000000000002,0.0122246742248535,0,True,22,33,True,7,32,2025-11-16 05:58:09
ba_64_1_7.txt,barabasi_albert_10ins_m20,47,SpecAnn,0.2509823220552634,1.0,-14288.000000000002,0.0123176574707031,0,True,22,33,True,8,32,2025-11-16 05:58:09
ba_64_1_7.txt,barabasi_albert_10ins_m20,47,SpecAnn,0.2662069528248341,1.0,-14288.000000000002,0.0122065544128417,0,True,22,33,True,9,32,2025-11-16 05:58:09
ba_64_1_7.txt,barabasi_albert_10ins_m20,47,SpecAnn,0.2806067666331568,1.0,-14288.000000000002,0.0122363567352294,0,True,22,33,True,10,32,2025-11-16 05:58:09
ba_64_1_7.txt,barabasi_albert_10ins_m20,47,SpecAnn,0.2943028597012718,1.0,-14288.000000000002,0.0123331546783447,0,True,22,33,True,11,32,2025-11-16 05:58:09
ba_64_1_7.txt,barabasi_albert_10ins_m20,47,SpecAnn,0.3073893117471359,1.0,-14288.000000000002,0.0122671127319335,0,True,22,33,True,12,32,2025-11-16 05:58:09
ba_64_1_7.txt,barabasi_albert_10ins_m20,47,SpecAnn,0.3199409394316542,1.0,-14288.000000000002,0.0122733116149902,0,True,22,33,True,13,32,2025-11-16 05:58:09
ba_64_1_7.txt,barabasi_albert_10ins_m20,47,SpecAnn,0.3320184038158743,1.0,-14288.000000000002,0.0121769905090332,0,True,22,33,True,14,32,2025-11-16 05:58:09
ba_64_1_7.txt,barabasi_albert_10ins_m20,47,SpecAnn,0.3436716983117353,1.0,-14288.000000000002,0.0123171806335449,0,True,22,33,True,15,32,2025-11-16 05:58:09
ba_64_1_7.txt,barabasi_albert_10ins_m20,47,SpecAnn,0.3549426037664455,1.0,-14432.000000000002,0.0122907161712646,0,True,22,33,True,16,32,2025-11-16 05:58:09
ba_64_1_7.txt,barabasi_albert_10ins_m20,47,SpecAnn,0.3658664615902029,1.0,-14432.000000000002,0.0123152732849121,0,True,22,33,True,17,32,2025-11-16 05:58:09
ba_64_1_7.txt,barabasi_albert_10ins_m20,47,SpecAnn,0.3764734830828951,1.0,-14432.000000000002,0.0124380588531494,0,True,22,33,True,18,32,2025-11-16 05:58:09
ba_64_1_7.txt,barabasi_albert_10ins_m20,47,SpecAnn,0.3867897351437838,1.0,-14432.000000000002,0.0125315189361572,0,True,22,33,True,19,32,2025-11-16 05:58:09
ba_64_1_7.txt,barabasi_albert_10ins_m20,47,SpecAnn,0.3968378950662725,1.0,-14432.000000000002,0.0124580860137939,0,True,22,33,True,20,32,2025-11-16 05:58:09
ba_64_1_7.txt,barabasi_albert_10ins_m20,47,SpecAnn,0.4066378372811136,1.0,-14432.000000000002,0.0124623775482177,0,True,22,33,True,21,32,2025-11-16 05:58:09
ba_64_1_7.txt,barabasi_albert_10ins_m20,47,SpecAnn,0.4162070956347247,1.0,-14432.000000000002,0.0122590065002441,0,True,22,33,True,22,32,2025-11-16 05:58:09
ba_64_1_7.txt,barabasi_albert_10ins_m20,47,SpecAnn,0.4255612320274539,1.0,-14432.000000000002,0.0122325420379638,0,True,22,33,True,23,32,2025-11-16 05:58:09
ba_64_1_7.txt,barabasi_albert_10ins_m20,47,SpecAnn,0.434714133601331,1.0,-14432.000000000002,0.0122261047363281,0,True,22,33,True,24,32,2025-11-16 05:58:09
ba_64_1_7.txt,barabasi_albert_10ins_m20,47,SpecAnn,0.4436782547080569,1.0,-14432.000000000002,0.0122277736663818,0,True,22,33,True,25,32,2025-11-16 05:58:09
ba_64_1_7.txt,barabasi_albert_10ins_m20,47,SpecAnn,0.4524648157026343,1.0,-14432.000000000002,0.0123164653778076,0,True,22,33,True,26,32,2025-11-16 05:58:09
ba_64_1_7.txt,barabasi_albert_10ins_m20,47,SpecAnn,0.4610839676207039,1.0,-14432.000000000002,0.0123262405395507,0,True,22,33,True,27,32,2025-11-16 05:58:09
ba_64_1_7.txt,barabasi_albert_10ins_m20,47,SpecAnn,0.4695449296338763,1.0,-14432.000000000002,0.0122153759002685,0,True,22,33,True,28,32,2025-11-16 05:58:09
ba_64_1_7.txt,barabasi_albert_10ins_m20,47,SpecAnn,0.4778561045889373,1.0,-14432.000000000002,0.0122847557067871,0,True,22,33,True,29,32,2025-11-16 05:58:09
ba_64_1_7.txt,barabasi_albert_10ins_m20,47,SpecAnn,0.4860251767562508,1.0,-14432.000000000002,0.0123252868652343,0,True,22,33,True,30,32,2025-11-16 05:58:09
ba_64_1_7.txt,barabasi_albert_10ins_m20,47,SpecAnn,0.4940591950252281,1.0,-14432.000000000002,0.0122697353363037,0,True,22,33,True,31,32,2025-11-16 05:58:09
ba_64_1_7.txt,barabasi_albert_10ins_m20,47,SpecAnn,0.5019646441105269,1.0,-14432.000000000002,0.0122158527374267,0,True,22,33,True,32,32,2025-11-16 05:58:09
ba_64_1_7.txt,barabasi_albert_10ins_m20,47,SpecAnn,0.5097475058154177,1.0,-14432.000000000002,0.0122528076171875,0,True,22,33,True,33,32,2025-11-16 05:58:09
ba_64_1_7.txt,barabasi_albert_10ins_m20,47,SpecAnn,0.51741331199832,1.0,-14432.000000000002,0.0122504234313964,0,True,22,33,True,34,32,2025-11-16 05:58:09
ba_64_1_7.txt,barabasi_albert_10ins_m20,47,SpecAnn,0.5249671905758515,1.0,-14432.000000000002,0.0122673511505126,0,True,22,33,True,35,32,2025-11-16 05:58:09
ba_64_1_7.txt,barabasi_albert_10ins_m20,47,SpecAnn,0.5324139056496683,1.0,-14432.000000000002,0.012347936630249,0,True,22,33,True,36,32,2025-11-16 05:58:09
ba_64_1_7.txt,barabasi_albert_10ins_m20,47,SpecAnn,0.5397578926492556,1.0,-14432.000000000002,0.0122597217559814,0,True,22,33,True,37,32,2025-11-16 05:58:09
ba_64_1_7.txt,barabasi_albert_10ins_m20,47,SpecAnn,0.5470032892270364,1.0,-14432.000000000002,0.0123252868652343,0,True,22,33,True,38,32,2025-11-16 05:58:09
ba_64_1_7.txt,barabasi_albert_10ins_m20,47,SpecAnn,0.554153962516942,1.0,-14432.000000000002,0.0123677253723144,0,True,22,33,True,39,32,2025-11-16 05:58:09
ba_64_1_7.txt,barabasi_albert_10ins_m20,47,SpecAnn,0.5612135332663137,1.0,-14343.999999999998,0.0121858119964599,0,True,22,33,True,40,32,2025-11-16 05:58:09
ba_64_1_7.txt,barabasi_albert_10ins_m20,47,SpecAnn,0.5681853972686127,1.0,-14343.999999999998,0.0122699737548828,0,True,22,33,True,41,32,2025-11-16 05:58:09
ba_64_1_7.txt,barabasi_albert_10ins_m20,47,SpecAnn,0.5750727444570146,1.0,-14343.999999999998,0.0123291015625,0,True,22,33,True,42,32,2025-11-16 05:58:09
ba_64_1_7.txt,barabasi_albert_10ins_m20,47,SpecAnn,0.5818785759635375,1.0,-14343.999999999998,0.0122923851013183,0,True,22,33,True,43,32,2025-11-16 05:58:09
ba_64_1_7.txt,barabasi_albert_10ins_m20,47,SpecAnn,0.5886057194025436,1.0,-14343.999999999998,0.0122921466827392,0,True,22,33,True,44,32,2025-11-16 05:58:09
ba_64_1_7.txt,barabasi_albert_10ins_m20,47,SpecAnn,0.5952568425994088,1.0,-14343.999999999998,0.0123436450958251,0,True,22,33,True,45,32,2025-11-16 05:58:09
ba_64_1_7.txt,barabasi_albert_10ins_m20,47,SpecAnn,0.6018344659534288,1.0,-14343.999999999998,0.0122196674346923,0,True,22,33,True,46,32,2025-11-16 05:58:09
ba_64_1_7.txt,barabasi_albert_10ins_m20,47,SpecAnn,0.6083409735974393,1.0,-14343.999999999998,0.0124499797821044,0,True,22,33,True,47,32,2025-11-16 05:58:09
ba_64_1_7.txt,barabasi_albert_10ins_m20,47,SpecAnn,0.6147786234942719,1.0,-14343.999999999998,0.0124256610870361,0,True,22,33,True,48,32,2025-11-16 05:58:09
ba_64_1_7.txt,barabasi_albert_10ins_m20,47,SpecAnn,0.6211495565912796,1.0,-14343.999999999998,0.0124332904815673,0,True,22,33,True,49,32,2025-11-16 05:58:09
ba_64_1_7.txt,barabasi_albert_10ins_m20,47,SpecAnn,0.6274558051381586,1.0,-14343.999999999998,0.0123729705810546,0,True,22,33,True,50,32,2025-11-16 05:58:09
ba_64_1_7.txt,barabasi_albert_10ins_m20,47,SpecAnn,0.6336993002596786,1.0,-14343.999999999998,0.0122084617614746,0,True,22,33,True,51,32,2025-11-16 05:58:09
ba_64_1_7.txt,barabasi_albert_10ins_m20,47,SpecAnn,0.6398818788633085,1.0,-14343.999999999998,0.0123100280761718,0,True,22,33,True,52,32,2025-11-16 05:58:09
ba_64_1_7.txt,barabasi_albert_10ins_m20,47,SpecAnn,0.6460052899517691,1.0,-14343.999999999998,0.0122849941253662,0,True,22,33,True,53,32,2025-11-16 05:58:09
ba_64_1_7.txt,barabasi_albert_10ins_m20,47,SpecAnn,0.6520712004019966,1.0,-14343.999999999998,0.0121984481811523,0,True,22,33,True,54,32,2025-11-16 05:58:09
ba_64_1_7.txt,barabasi_albert_10ins_m20,47,SpecAnn,0.6580812002646271,1.0,-14343.999999999998,0.0123169422149658,0,True,22,33,True,55,32,2025-11-16 05:58:09
ba_64_1_7.txt,barabasi_albert_10ins_m20,47,SpecAnn,0.6640368076317485,1.0,-14343.999999999998,0.0122137069702148,0,True,22,33,True,56,32,2025-11-16 05:58:09
ba_64_1_7.txt,barabasi_albert_10ins_m20,47,SpecAnn,0.6699394731151429,1.0,-14343.999999999998,0.0123136043548583,0,True,22,33,True,57,32,2025-11-16 05:58:09
ba_64_1_7.txt,barabasi_albert_10ins_m20,47,SpecAnn,0.6757905839724513,1.0,-14343.999999999998,0.0122737884521484,0,True,22,33,True,58,32,2025-11-16 05:58:09
ba_64_1_7.txt,barabasi_albert_10ins_m20,47,SpecAnn,0.6815914679145113,1.0,-14343.999999999998,0.0123026371002197,0,True,22,33,True,59,32,2025-11-16 05:58:09
ba_64_1_7.txt,barabasi_albert_10ins_m20,47,SpecAnn,0.6873433966234707,1.0,-14343.999999999998,0.0123291015625,0,True,22,33,True,60,32,2025-11-16 05:58:09
ba_64_1_7.txt,barabasi_albert_10ins_m20,47,SpecAnn,0.6930475890080863,1.0,-14343.999999999998,0.0122673511505126,0,True,22,33,True,61,32,2025-11-16 05:58:09
ba_64_1_7.txt,barabasi_albert_10ins_m20,47,SpecAnn,0.6987052142198116,1.0,-14432.000000000002,0.0122501850128173,0,True,22,33,True,62,32,2025-11-16 05:58:09
ba_64_1_7.txt,barabasi_albert_10ins_m20,47,SpecAnn,0.7043173944508145,1.0,-14432.000000000002,0.0122020244598388,0,True,22,33,True,63,32,2025-11-16 05:58:09
ba_64_1_7.txt,barabasi_albert_10ins_m20,47,SpecAnn,0.709885207532891,1.0,-14432.000000000002,0.0122256278991699,0,True,22,33,True,64,32,2025-11-16 05:58:09
ba_64_1_7.txt,barabasi_albert_10ins_m20,47,SpecAnn,0.7154096893543218,1.0,-14432.000000000002,0.0122792720794677,0,True,22,33,True,65,32,2025-11-16 05:58:09
ba_64_1_7.txt,barabasi_albert_10ins_m20,47,SpecAnn,0.7208918361100219,1.0,-14432.000000000002,0.0123918056488037,0,True,22,33,True,66,32,2025-11-16 05:58:09
ba_64_1_7.txt,barabasi_albert_10ins_m20,47,SpecAnn,0.7263326063988248,1.0,-14432.000000000002,0.0121819972991943,0,True,22,33,True,67,32,2025-11-16 05:58:09
ba_64_1_7.txt,barabasi_albert_10ins_m20,47,SpecAnn,0.7317329231804058,1.0,-14432.000000000002,0.012394905090332,0,True,22,33,True,68,32,2025-11-16 05:58:09
ba_64_1_7.txt,barabasi_albert_10ins_m20,47,SpecAnn,0.7370936756031579,1.0,-14432.000000000002,0.0122509002685546,0,True,22,33,True,69,32,2025-11-16 05:58:09
ba_64_1_7.txt,barabasi_albert_10ins_m20,47,SpecAnn,0.7424157207132704,1.0,-14432.000000000002,0.0123133659362792,0,True,22,33,True,70,32,2025-11-16 05:58:09
ba_64_1_7.txt,barabasi_albert_10ins_m20,47,SpecAnn,0.7476998850543153,1.0,-14432.000000000002,0.0123898983001708,0,True,22,33,True,71,32,2025-11-16 05:58:09
ba_64_1_7.txt,barabasi_albert_10ins_m20,47,SpecAnn,0.7529469661657903,1.0,-14432.000000000002,0.0124740600585937,0,True,22,33,True,72,32,2025-11-16 05:58:09
ba_64_1_7.txt,barabasi_albert_10ins_m20,47,SpecAnn,0.7581577339883167,1.0,-14432.000000000002,0.012434959411621,0,True,22,33,True,73,32,2025-11-16 05:58:09
ba_64_1_7.txt,barabasi_albert_10ins_m20,47,SpecAnn,0.7633329321824984,1.0,-14432.000000000002,0.0124449729919433,0,True,22,33,True,74,32,2025-11-16 05:58:10
ba_64_1_7.txt,barabasi_albert_10ins_m20,47,SpecAnn,0.7684732793678399,1.0,-14432.000000000002,0.0123660564422607,0,True,22,33,True,75,32,2025-11-16 05:58:10
ba_64_1_7.txt,barabasi_albert_10ins_m20,47,SpecAnn,0.7735794702875677,1.0,-14432.000000000002,0.0125322341918945,0,True,22,33,True,76,32,2025-11-16 05:58:10
ba_64_1_7.txt,barabasi_albert_10ins_m20,47,SpecAnn,0.7786521769046981,1.0,-14432.000000000002,0.0125002861022949,0,True,22,33,True,77,32,2025-11-16 05:58:10
ba_64_1_7.txt,barabasi_albert_10ins_m20,47,SpecAnn,0.7836920494342511,1.0,-14432.000000000002,0.01249361038208,0,True,22,33,True,78,32,2025-11-16 05:58:10
ba_64_1_7.txt,barabasi_albert_10ins_m20,47,SpecAnn,0.788699717316095,1.0,-14432.000000000002,0.0122783184051513,0,True,22,33,True,79,32,2025-11-16 05:58:10
ba_64_1_7.txt,barabasi_albert_10ins_m20,47,SpecAnn,0.7936757901325451,1.0,-14432.000000000002,0.0122623443603515,0,True,22,33,True,80,32,2025-11-16 05:58:10
ba_64_1_7.txt,barabasi_albert_10ins_m20,47,SpecAnn,0.7986208584745024,1.0,-14432.000000000002,0.0122923851013183,0,True,22,33,True,81,32,2025-11-16 05:58:10
ba_64_1_7.txt,barabasi_albert_10ins_m20,47,SpecAnn,0.803535494759617,1.0,-14432.000000000002,0.0122768878936767,0,True,22,33,True,82,32,2025-11-16 05:58:10
ba_64_1_7.txt,barabasi_albert_10ins_m20,47,SpecAnn,0.8084202540056837,1.0,-14432.000000000002,0.0122394561767578,0,True,22,33,True,83,32,2025-11-16 05:58:10
ba_64_1_7.txt,barabasi_albert_10ins_m20,47,SpecAnn,0.8132756745622272,1.0,-14432.000000000002,0.0123548507690429,0,True,22,33,True,84,32,2025-11-16 05:58:10
ba_64_1_7.txt,barabasi_albert_10ins_m20,47,SpecAnn,0.8181022788030096,1.0,-14432.000000000002,0.0122671127319335,0,True,22,33,True,85,32,2025-11-16 05:58:10
ba_64_1_7.txt,barabasi_albert_10ins_m20,47,SpecAnn,0.822900573781978,1.0,-14432.000000000002,0.012343406677246,0,True,22,33,True,86,32,2025-11-16 05:58:10
ba_64_1_7.txt,barabasi_albert_10ins_m20,47,SpecAnn,0.8276710518549868,1.0,-14432.000000000002,0.0122482776641845,0,True,22,33,True,87,32,2025-11-16 05:58:10
ba_64_1_7.txt,barabasi_albert_10ins_m20,47,SpecAnn,0.8324141912694495,1.0,-14432.000000000002,0.0122632980346679,0,True,22,33,True,88,32,2025-11-16 05:58:10
ba_64_1_7.txt,barabasi_albert_10ins_m20,47,SpecAnn,0.8371304567239225,1.0,-14432.000000000002,0.012319803237915,0,True,22,33,True,89,32,2025-11-16 05:58:10
ba_64_1_7.txt,barabasi_albert_10ins_m20,47,SpecAnn,0.8418202998994706,1.0,-14432.000000000002,0.0121881961822509,0,True,22,33,True,90,32,2025-11-16 05:58:10
ba_64_1_7.txt,barabasi_albert_10ins_m20,47,SpecAnn,0.846484159964536,1.0,-14432.000000000002,0.0123095512390136,0,True,22,33,True,91,32,2025-11-16 05:58:10
ba_64_1_7.txt,barabasi_albert_10ins_m20,47,SpecAnn,0.8511224640549078,1.0,-14432.000000000002,0.012218952178955,0,True,22,33,True,92,32,2025-11-16 05:58:10
ba_64_1_7.txt,barabasi_albert_10ins_m20,47,SpecAnn,0.8557356277302758,1.0,-14432.000000000002,0.0122146606445312,0,True,22,33,True,93,32,2025-11-16 05:58:10
ba_64_1_7.txt,barabasi_albert_10ins_m20,47,SpecAnn,0.8603240554087516,1.0,-14432.000000000002,0.0122978687286376,0,True,22,33,True,94,32,2025-11-16 05:58:10
ba_64_1_7.txt,barabasi_albert_10ins_m20,47,SpecAnn,0.86488814078064,1.0,-14432.000000000002,0.0122115612030029,0,True,22,33,True,95,32,2025-11-16 05:58:10
ba_64_1_7.txt,barabasi_albert_10ins_m20,47,SpecAnn,0.8694282672026621,1.0,-14432.000000000002,0.012216567993164,0,True,22,33,True,96,32,2025-11-16 05:58:10
ba_64_1_7.txt,barabasi_albert_10ins_m20,47,SpecAnn,0.8739448080737451,1.0,-14432.000000000002,0.0122759342193603,0,True,22,33,True,97,32,2025-11-16 05:58:10
ba_64_1_7.txt,barabasi_albert_10ins_m20,47,SpecAnn,0.878438127193422,1.0,-14432.000000000002,0.0122990608215332,0,True,22,33,True,98,32,2025-11-16 05:58:10
ba_64_1_7.txt,barabasi_albert_10ins_m20,47,SpecAnn,0.8829085791038153,1.0,-14432.000000000002,0.0124487876892089,0,True,22,33,True,99,32,2025-11-16 05:58:10
ba_64_1_7.txt,barabasi_albert_10ins_m20,47,SpecAnn,0.8873565094161138,1.0,-14432.000000000002,0.0125277042388916,0,True,22,33,True,100,32,2025-11-16 05:58:10
ba_64_1_7.txt,barabasi_albert_10ins_m20,47,SpecAnn,0.8917822551223932,1.0,-14432.000000000002,0.0125293731689453,0,True,22,33,True,101,32,2025-11-16 05:58:10
ba_64_1_7.txt,barabasi_albert_10ins_m20,47,SpecAnn,0.8961861448935777,1.0,-14432.000000000002,0.0124483108520507,0,True,22,33,True,102,32,2025-11-16 05:58:10
ba_64_1_7.txt,barabasi_albert_10ins_m20,47,SpecAnn,0.9005684993642872,1.0,-14432.000000000002,0.0123424530029296,0,True,22,33,True,103,32,2025-11-16 05:58:10
ba_64_1_7.txt,barabasi_albert_10ins_m20,47,SpecAnn,0.9049296314052688,1.0,-14432.000000000002,0.0123021602630615,0,True,22,33,True,104,32,2025-11-16 05:58:10
ba_64_1_7.txt,barabasi_albert_10ins_m20,47,SpecAnn,0.9092698463840684,1.0,-14432.000000000002,0.0121533870697021,0,True,22,33,True,105,32,2025-11-16 05:58:10
ba_64_1_7.txt,barabasi_albert_10ins_m20,47,SpecAnn,0.9135894424145556,1.0,-14432.000000000002,0.0122084617614746,0,True,22,33,True,106,32,2025-11-16 05:58:10
ba_64_1_7.txt,barabasi_albert_10ins_m20,47,SpecAnn,0.9178887105958816,1.0,-14432.000000000002,0.0123000144958496,0,True,22,33,True,107,32,2025-11-16 05:58:10
ba_64_1_7.txt,barabasi_albert_10ins_m20,47,SpecAnn,0.922167935241408,1.0,-14432.000000000002,0.0123872756958007,0,True,22,33,True,108,32,2025-11-16 05:58:10
ba_64_1_7.txt,barabasi_albert_10ins_m20,47,SpecAnn,0.92642739409812,1.0,-14432.000000000002,0.01226806640625,0,True,22,33,True,109,32,2025-11-16 05:58:10
ba_64_1_7.txt,barabasi_albert_10ins_m20,47,SpecAnn,0.9306673585570006,1.0,-14432.000000000002,0.012319803237915,0,True,22,33,True,110,32,2025-11-16 05:58:10
ba_64_1_7.txt,barabasi_albert_10ins_m20,47,SpecAnn,0.9348880938548184,1.0,-14432.000000000002,0.0122947692871093,0,True,22,33,True,111,32,2025-11-16 05:58:10
ba_64_1_7.txt,barabasi_albert_10ins_m20,47,SpecAnn,0.9390898592677528,1.0,-14432.000000000002,0.0122544765472412,0,True,22,33,True,112,32,2025-11-16 05:58:10
ba_64_1_7.txt,barabasi_albert_10ins_m20,47,SpecAnn,0.9432729082972536,1.0,-14432.000000000002,0.0123112201690673,0,True,22,33,True,113,32,2025-11-16 05:58:10
ba_64_1_7.txt,barabasi_albert_10ins_m20,47,SpecAnn,0.9474374888485204,1.0,-14432.000000000002,0.012253999710083,0,True,22,33,True,114,32,2025-11-16 05:58:10
ba_64_1_7.txt,barabasi_albert_10ins_m20,47,SpecAnn,0.9515838434019476,1.0,-14432.000000000002,0.0123841762542724,0,True,22,33,True,115,32,2025-11-16 05:58:10
ba_64_1_7.txt,barabasi_albert_10ins_m20,47,SpecAnn,0.9557122091778746,1.0,-14432.000000000002,0.0122814178466796,0,True,22,33,True,116,32,2025-11-16 05:58:10
ba_64_1_7.txt,barabasi_albert_10ins_m20,47,SpecAnn,0.9598228182949629,1.0,-14432.000000000002,0.0122904777526855,0,True,22,33,True,117,32,2025-11-16 05:58:10
ba_64_1_7.txt,barabasi_albert_10ins_m20,47,SpecAnn,0.963915897922488,1.0,-14432.000000000002,0.0122785568237304,0,True,22,33,True,118,32,2025-11-16 05:58:10
ba_64_1_7.txt,barabasi_albert_10ins_m20,47,SpecAnn,0.967991670426842,1.0,-14343.999999999998,0.0122792720794677,0,True,22,33,True,119,32,2025-11-16 05:58:10
ba_64_1_7.txt,barabasi_albert_10ins_m20,47,SpecAnn,0.9720503535125016,1.0,-14343.999999999998,0.0122988224029541,0,True,22,33,True,120,32,2025-11-16 05:58:10
ba_64_1_7.txt,barabasi_albert_10ins_m20,47,SpecAnn,0.9760921603577252,1.0,-14343.999999999998,0.012211799621582,0,True,22,33,True,121,32,2025-11-16 05:58:10
ba_64_1_7.txt,barabasi_albert_10ins_m20,47,SpecAnn,0.9801172997452104,1.0,-14343.999999999998,0.012253999710083,0,True,22,33,True,122,32,2025-11-16 05:58:10
ba_64_1_7.txt,barabasi_albert_10ins_m20,47,SpecAnn,0.9841259761879442,1.0,-14343.999999999998,0.0122590065002441,0,True,22,33,True,123,32,2025-11-16 05:58:10
ba_64_1_7.txt,barabasi_albert_10ins_m20,47,SpecAnn,0.9881183900504562,1.0,-14343.999999999998,0.0123333930969238,0,True,22,33,True,124,32,2025-11-16 05:58:10
ba_64_1_7.txt,barabasi_albert_10ins_m20,47,SpecAnn,0.9920947376656812,1.0,-14343.999999999998,0.0122296810150146,0,True,22,33,True,125,32,2025-11-16 05:58:10
ba_64_1_7.txt,barabasi_albert_10ins_m20,47,SpecAnn,0.9960552114476228,1.0,-14343.999999999998,0.0122938156127929,0,True,22,33,True,126,32,2025-11-16 05:58:10
ba_64_1_7.txt,barabasi_albert_10ins_m20,47,SpecAnn,1.0,1.0,-14343.999999999998,0.0122592449188232,0,True,22,33,True,127,32,2025-11-16 05:58:10
ba_64_1_7.txt,barabasi_albert_10ins_m20,48,SpecAnn,0.0,1.0,-14343.999999999998,0.012913703918457,0,True,9,33,True,0,32,2025-11-16 05:58:10
ba_64_1_7.txt,barabasi_albert_10ins_m20,48,SpecAnn,0.0887356509416113,1.0,-14343.999999999998,0.0122408866882324,0,True,9,33,True,1,32,2025-11-16 05:58:10
ba_64_1_7.txt,barabasi_albert_10ins_m20,48,SpecAnn,0.1254911610276317,1.0,-14343.999999999998,0.0123558044433593,0,True,9,33,True,2,32,2025-11-16 05:58:10
ba_64_1_7.txt,barabasi_albert_10ins_m20,48,SpecAnn,0.1536946558735679,1.0,-14343.999999999998,0.0121960639953613,0,True,9,33,True,3,32,2025-11-16 05:58:10
ba_64_1_7.txt,barabasi_albert_10ins_m20,48,SpecAnn,0.1774713018832227,1.0,-14343.999999999998,0.0122075080871582,0,True,9,33,True,4,32,2025-11-16 05:58:10
ba_64_1_7.txt,barabasi_albert_10ins_m20,48,SpecAnn,0.1984189475331362,1.0,-14343.999999999998,0.0122473239898681,0,True,9,33,True,5,32,2025-11-16 05:58:10
ba_64_1_7.txt,barabasi_albert_10ins_m20,48,SpecAnn,0.2173570668006655,1.0,-14343.999999999998,0.0122923851013183,0,True,9,33,True,6,32,2025-11-16 05:58:10
ba_64_1_7.txt,barabasi_albert_10ins_m20,48,SpecAnn,0.2347724648169381,1.0,-14343.999999999998,0.0122280120849609,0,True,9,33,True,7,32,2025-11-16 05:58:10
ba_64_1_7.txt,barabasi_albert_10ins_m20,48,SpecAnn,0.2509823220552634,1.0,-14343.999999999998,0.012242317199707,0,True,9,33,True,8,32,2025-11-16 05:58:10
ba_64_1_7.txt,barabasi_albert_10ins_m20,48,SpecAnn,0.2662069528248341,1.0,-14343.999999999998,0.0122513771057128,0,True,9,33,True,9,32,2025-11-16 05:58:10
ba_64_1_7.txt,barabasi_albert_10ins_m20,48,SpecAnn,0.2806067666331568,1.0,-14343.999999999998,0.0121815204620361,0,True,9,33,True,10,32,2025-11-16 05:58:10
ba_64_1_7.txt,barabasi_albert_10ins_m20,48,SpecAnn,0.2943028597012718,1.0,-14343.999999999998,0.0121924877166748,0,True,9,33,True,11,32,2025-11-16 05:58:10
ba_64_1_7.txt,barabasi_albert_10ins_m20,48,SpecAnn,0.3073893117471359,1.0,-14343.999999999998,0.0122113227844238,0,True,9,33,True,12,32,2025-11-16 05:58:10
ba_64_1_7.txt,barabasi_albert_10ins_m20,48,SpecAnn,0.3199409394316542,1.0,-14343.999999999998,0.0122232437133789,0,True,9,33,True,13,32,2025-11-16 05:58:10
ba_64_1_7.txt,barabasi_albert_10ins_m20,48,SpecAnn,0.3320184038158743,1.0,-14343.999999999998,0.0121397972106933,0,True,9,33,True,14,32,2025-11-16 05:58:10
ba_64_1_7.txt,barabasi_albert_10ins_m20,48,SpecAnn,0.3436716983117353,1.0,-14288.000000000002,0.0121691226959228,0,True,9,33,True,15,32,2025-11-16 05:58:10
ba_64_1_7.txt,barabasi_albert_10ins_m20,48,SpecAnn,0.3549426037664455,1.0,-14432.000000000002,0.0122971534729003,0,True,9,33,True,16,32,2025-11-16 05:58:10
ba_64_1_7.txt,barabasi_albert_10ins_m20,48,SpecAnn,0.3658664615902029,1.0,-14432.000000000002,0.0122053623199462,0,True,9,33,True,17,32,2025-11-16 05:58:10
ba_64_1_7.txt,barabasi_albert_10ins_m20,48,SpecAnn,0.3764734830828951,1.0,-14432.000000000002,0.0124344825744628,0,True,9,33,True,18,32,2025-11-16 05:58:10
ba_64_1_7.txt,barabasi_albert_10ins_m20,48,SpecAnn,0.3867897351437838,1.0,-14432.000000000002,0.0123274326324462,0,True,9,33,True,19,32,2025-11-16 05:58:11
ba_64_1_7.txt,barabasi_albert_10ins_m20,48,SpecAnn,0.3968378950662725,1.0,-14432.000000000002,0.012359619140625,0,True,9,33,True,20,32,2025-11-16 05:58:11
ba_64_1_7.txt,barabasi_albert_10ins_m20,48,SpecAnn,0.4066378372811136,1.0,-14432.000000000002,0.0124251842498779,0,True,9,33,True,21,32,2025-11-16 05:58:11
ba_64_1_7.txt,barabasi_albert_10ins_m20,48,SpecAnn,0.4162070956347247,1.0,-14432.000000000002,0.0124518871307373,0,True,9,33,True,22,32,2025-11-16 05:58:11
ba_64_1_7.txt,barabasi_albert_10ins_m20,48,SpecAnn,0.4255612320274539,1.0,-14432.000000000002,0.0124351978302001,0,True,9,33,True,23,32,2025-11-16 05:58:11
ba_64_1_7.txt,barabasi_albert_10ins_m20,48,SpecAnn,0.434714133601331,1.0,-14432.000000000002,0.0123908519744873,0,True,9,33,True,24,32,2025-11-16 05:58:11
ba_64_1_7.txt,barabasi_albert_10ins_m20,48,SpecAnn,0.4436782547080569,1.0,-14432.000000000002,0.0124602317810058,0,True,9,33,True,25,32,2025-11-16 05:58:11
ba_64_1_7.txt,barabasi_albert_10ins_m20,48,SpecAnn,0.4524648157026343,1.0,-14432.000000000002,0.0123984813690185,0,True,9,33,True,26,32,2025-11-16 05:58:11
ba_64_1_7.txt,barabasi_albert_10ins_m20,48,SpecAnn,0.4610839676207039,1.0,-14432.000000000002,0.012486457824707,0,True,9,33,True,27,32,2025-11-16 05:58:11
ba_64_1_7.txt,barabasi_albert_10ins_m20,48,SpecAnn,0.4695449296338763,1.0,-14432.000000000002,0.012338638305664,0,True,9,33,True,28,32,2025-11-16 05:58:11
ba_64_1_7.txt,barabasi_albert_10ins_m20,48,SpecAnn,0.4778561045889373,1.0,-14432.000000000002,0.0121462345123291,0,True,9,33,True,29,32,2025-11-16 05:58:11
ba_64_1_7.txt,barabasi_albert_10ins_m20,48,SpecAnn,0.4860251767562508,1.0,-14432.000000000002,0.0121634006500244,0,True,9,33,True,30,32,2025-11-16 05:58:11
ba_64_1_7.txt,barabasi_albert_10ins_m20,48,SpecAnn,0.4940591950252281,1.0,-14432.000000000002,0.0123825073242187,0,True,9,33,True,31,32,2025-11-16 05:58:11
ba_64_1_7.txt,barabasi_albert_10ins_m20,48,SpecAnn,0.5019646441105269,1.0,-14432.000000000002,0.0124032497406005,0,True,9,33,True,32,32,2025-11-16 05:58:11
ba_64_1_7.txt,barabasi_albert_10ins_m20,48,SpecAnn,0.5097475058154177,1.0,-14432.000000000002,0.0123598575592041,0,True,9,33,True,33,32,2025-11-16 05:58:11
ba_64_1_7.txt,barabasi_albert_10ins_m20,48,SpecAnn,0.51741331199832,1.0,-14432.000000000002,0.0123965740203857,0,True,9,33,True,34,32,2025-11-16 05:58:11
ba_64_1_7.txt,barabasi_albert_10ins_m20,48,SpecAnn,0.5249671905758515,1.0,-14432.000000000002,0.012270450592041,0,True,9,33,True,35,32,2025-11-16 05:58:11
ba_64_1_7.txt,barabasi_albert_10ins_m20,48,SpecAnn,0.5324139056496683,1.0,-14432.000000000002,0.0122029781341552,0,True,9,33,True,36,32,2025-11-16 05:58:11
ba_64_1_7.txt,barabasi_albert_10ins_m20,48,SpecAnn,0.5397578926492556,1.0,-14432.000000000002,0.0121712684631347,0,True,9,33,True,37,32,2025-11-16 05:58:11
ba_64_1_7.txt,barabasi_albert_10ins_m20,48,SpecAnn,0.5470032892270364,1.0,-14432.000000000002,0.0122959613800048,0,True,9,33,True,38,32,2025-11-16 05:58:11
ba_64_1_7.txt,barabasi_albert_10ins_m20,48,SpecAnn,0.554153962516942,1.0,-14432.000000000002,0.0123143196105957,0,True,9,33,True,39,32,2025-11-16 05:58:11
ba_64_1_7.txt,barabasi_albert_10ins_m20,48,SpecAnn,0.5612135332663137,1.0,-14343.999999999998,0.0124542713165283,0,True,9,33,True,40,32,2025-11-16 05:58:11
ba_64_1_7.txt,barabasi_albert_10ins_m20,48,SpecAnn,0.5681853972686127,1.0,-14343.999999999998,0.0124163627624511,0,True,9,33,True,41,32,2025-11-16 05:58:11
ba_64_1_7.txt,barabasi_albert_10ins_m20,48,SpecAnn,0.5750727444570146,1.0,-14343.999999999998,0.0124921798706054,0,True,9,33,True,42,32,2025-11-16 05:58:11
ba_64_1_7.txt,barabasi_albert_10ins_m20,48,SpecAnn,0.5818785759635375,1.0,-14343.999999999998,0.0124025344848632,0,True,9,33,True,43,32,2025-11-16 05:58:11
ba_64_1_7.txt,barabasi_albert_10ins_m20,48,SpecAnn,0.5886057194025436,1.0,-14343.999999999998,0.0124356746673583,0,True,9,33,True,44,32,2025-11-16 05:58:11
ba_64_1_7.txt,barabasi_albert_10ins_m20,48,SpecAnn,0.5952568425994088,1.0,-14343.999999999998,0.0122416019439697,0,True,9,33,True,45,32,2025-11-16 05:58:11
ba_64_1_7.txt,barabasi_albert_10ins_m20,48,SpecAnn,0.6018344659534288,1.0,-14343.999999999998,0.0122561454772949,0,True,9,33,True,46,32,2025-11-16 05:58:11
ba_64_1_7.txt,barabasi_albert_10ins_m20,48,SpecAnn,0.6083409735974393,1.0,-14343.999999999998,0.0123167037963867,0,True,9,33,True,47,32,2025-11-16 05:58:11
ba_64_1_7.txt,barabasi_albert_10ins_m20,48,SpecAnn,0.6147786234942719,1.0,-14343.999999999998,0.0124917030334472,0,True,9,33,True,48,32,2025-11-16 05:58:11
ba_64_1_7.txt,barabasi_albert_10ins_m20,48,SpecAnn,0.6211495565912796,1.0,-14343.999999999998,0.0124032497406005,0,True,9,33,True,49,32,2025-11-16 05:58:11
ba_64_1_7.txt,barabasi_albert_10ins_m20,48,SpecAnn,0.6274558051381586,1.0,-14343.999999999998,0.0124201774597167,0,True,9,33,True,50,32,2025-11-16 05:58:11
ba_64_1_7.txt,barabasi_albert_10ins_m20,48,SpecAnn,0.6336993002596786,1.0,-14343.999999999998,0.0122437477111816,0,True,9,33,True,51,32,2025-11-16 05:58:11
ba_64_1_7.txt,barabasi_albert_10ins_m20,48,SpecAnn,0.6398818788633085,1.0,-14343.999999999998,0.0122218132019042,0,True,9,33,True,52,32,2025-11-16 05:58:11
ba_64_1_7.txt,barabasi_albert_10ins_m20,48,SpecAnn,0.6460052899517691,1.0,-14343.999999999998,0.0121541023254394,0,True,9,33,True,53,32,2025-11-16 05:58:11
ba_64_1_7.txt,barabasi_albert_10ins_m20,48,SpecAnn,0.6520712004019966,1.0,-14343.999999999998,0.0122711658477783,0,True,9,33,True,54,32,2025-11-16 05:58:11
ba_64_1_7.txt,barabasi_albert_10ins_m20,48,SpecAnn,0.6580812002646271,1.0,-14343.999999999998,0.0124108791351318,0,True,9,33,True,55,32,2025-11-16 05:58:11
ba_64_1_7.txt,barabasi_albert_10ins_m20,48,SpecAnn,0.6640368076317485,1.0,-14343.999999999998,0.0124852657318115,0,True,9,33,True,56,32,2025-11-16 05:58:11
ba_64_1_7.txt,barabasi_albert_10ins_m20,48,SpecAnn,0.6699394731151429,1.0,-14343.999999999998,0.0124075412750244,0,True,9,33,True,57,32,2025-11-16 05:58:11
ba_64_1_7.txt,barabasi_albert_10ins_m20,48,SpecAnn,0.6757905839724513,1.0,-14343.999999999998,0.0124063491821289,0,True,9,33,True,58,32,2025-11-16 05:58:11
ba_64_1_7.txt,barabasi_albert_10ins_m20,48,SpecAnn,0.6815914679145113,1.0,-14343.999999999998,0.0123977661132812,0,True,9,33,True,59,32,2025-11-16 05:58:11
ba_64_1_7.txt,barabasi_albert_10ins_m20,48,SpecAnn,0.6873433966234707,1.0,-14343.999999999998,0.0124084949493408,0,True,9,33,True,60,32,2025-11-16 05:58:11
ba_64_1_7.txt,barabasi_albert_10ins_m20,48,SpecAnn,0.6930475890080863,1.0,-14343.999999999998,0.0121519565582275,0,True,9,33,True,61,32,2025-11-16 05:58:11
ba_64_1_7.txt,barabasi_albert_10ins_m20,48,SpecAnn,0.6987052142198116,1.0,-14432.000000000002,0.0122761726379394,0,True,9,33,True,62,32,2025-11-16 05:58:11
ba_64_1_7.txt,barabasi_albert_10ins_m20,48,SpecAnn,0.7043173944508145,1.0,-14432.000000000002,0.0122253894805908,0,True,9,33,True,63,32,2025-11-16 05:58:11
ba_64_1_7.txt,barabasi_albert_10ins_m20,48,SpecAnn,0.709885207532891,1.0,-14432.000000000002,0.0123383998870849,0,True,9,33,True,64,32,2025-11-16 05:58:11
ba_64_1_7.txt,barabasi_albert_10ins_m20,48,SpecAnn,0.7154096893543218,1.0,-14432.000000000002,0.0121636390686035,0,True,9,33,True,65,32,2025-11-16 05:58:11
ba_64_1_7.txt,barabasi_albert_10ins_m20,48,SpecAnn,0.7208918361100219,1.0,-14432.000000000002,0.0122365951538085,0,True,9,33,True,66,32,2025-11-16 05:58:11
ba_64_1_7.txt,barabasi_albert_10ins_m20,48,SpecAnn,0.7263326063988248,1.0,-14432.000000000002,0.0122153759002685,0,True,9,33,True,67,32,2025-11-16 05:58:11
ba_64_1_7.txt,barabasi_albert_10ins_m20,48,SpecAnn,0.7317329231804058,1.0,-14432.000000000002,0.0122933387756347,0,True,9,33,True,68,32,2025-11-16 05:58:11
ba_64_1_7.txt,barabasi_albert_10ins_m20,48,SpecAnn,0.7370936756031579,1.0,-14432.000000000002,0.0121994018554687,0,True,9,33,True,69,32,2025-11-16 05:58:11
ba_64_1_7.txt,barabasi_albert_10ins_m20,48,SpecAnn,0.7424157207132704,1.0,-14432.000000000002,0.0122146606445312,0,True,9,33,True,70,32,2025-11-16 05:58:11
ba_64_1_7.txt,barabasi_albert_10ins_m20,48,SpecAnn,0.7476998850543153,1.0,-14432.000000000002,0.0121874809265136,0,True,9,33,True,71,32,2025-11-16 05:58:11
ba_64_1_7.txt,barabasi_albert_10ins_m20,48,SpecAnn,0.7529469661657903,1.0,-14432.000000000002,0.0123138427734375,0,True,9,33,True,72,32,2025-11-16 05:58:11
ba_64_1_7.txt,barabasi_albert_10ins_m20,48,SpecAnn,0.7581577339883167,1.0,-14432.000000000002,0.0121369361877441,0,True,9,33,True,73,32,2025-11-16 05:58:11
ba_64_1_7.txt,barabasi_albert_10ins_m20,48,SpecAnn,0.7633329321824984,1.0,-14432.000000000002,0.0121405124664306,0,True,9,33,True,74,32,2025-11-16 05:58:11
ba_64_1_7.txt,barabasi_albert_10ins_m20,48,SpecAnn,0.7684732793678399,1.0,-14432.000000000002,0.0123014450073242,0,True,9,33,True,75,32,2025-11-16 05:58:11
ba_64_1_7.txt,barabasi_albert_10ins_m20,48,SpecAnn,0.7735794702875677,1.0,-14432.000000000002,0.0123507976531982,0,True,9,33,True,76,32,2025-11-16 05:58:11
ba_64_1_7.txt,barabasi_albert_10ins_m20,48,SpecAnn,0.7786521769046981,1.0,-14432.000000000002,0.0123260021209716,0,True,9,33,True,77,32,2025-11-16 05:58:11
ba_64_1_7.txt,barabasi_albert_10ins_m20,48,SpecAnn,0.7836920494342511,1.0,-14432.000000000002,0.012380838394165,0,True,9,33,True,78,32,2025-11-16 05:58:11
ba_64_1_7.txt,barabasi_albert_10ins_m20,48,SpecAnn,0.788699717316095,1.0,-14432.000000000002,0.0121552944183349,0,True,9,33,True,79,32,2025-11-16 05:58:11
ba_64_1_7.txt,barabasi_albert_10ins_m20,48,SpecAnn,0.7936757901325451,1.0,-14432.000000000002,0.0122275352478027,0,True,9,33,True,80,32,2025-11-16 05:58:11
ba_64_1_7.txt,barabasi_albert_10ins_m20,48,SpecAnn,0.7986208584745024,1.0,-14343.999999999998,0.0122129917144775,0,True,9,33,True,81,32,2025-11-16 05:58:11
ba_64_1_7.txt,barabasi_albert_10ins_m20,48,SpecAnn,0.803535494759617,1.0,-14343.999999999998,0.0123209953308105,0,True,9,33,True,82,32,2025-11-16 05:58:11
ba_64_1_7.txt,barabasi_albert_10ins_m20,48,SpecAnn,0.8084202540056837,1.0,-14343.999999999998,0.0121674537658691,0,True,9,33,True,83,32,2025-11-16 05:58:11
ba_64_1_7.txt,barabasi_albert_10ins_m20,48,SpecAnn,0.8132756745622272,1.0,-14343.999999999998,0.0121736526489257,0,True,9,33,True,84,32,2025-11-16 05:58:11
ba_64_1_7.txt,barabasi_albert_10ins_m20,48,SpecAnn,0.8181022788030096,1.0,-14343.999999999998,0.0122427940368652,0,True,9,33,True,85,32,2025-11-16 05:58:11
ba_64_1_7.txt,barabasi_albert_10ins_m20,48,SpecAnn,0.822900573781978,1.0,-14343.999999999998,0.0121552944183349,0,True,9,33,True,86,32,2025-11-16 05:58:11
ba_64_1_7.txt,barabasi_albert_10ins_m20,48,SpecAnn,0.8276710518549868,1.0,-14343.999999999998,0.0122122764587402,0,True,9,33,True,87,32,2025-11-16 05:58:11
ba_64_1_7.txt,barabasi_albert_10ins_m20,48,SpecAnn,0.8324141912694495,1.0,-14343.999999999998,0.0122325420379638,0,True,9,33,True,88,32,2025-11-16 05:58:11
ba_64_1_7.txt,barabasi_albert_10ins_m20,48,SpecAnn,0.8371304567239225,1.0,-14343.999999999998,0.0121595859527587,0,True,9,33,True,89,32,2025-11-16 05:58:11
ba_64_1_7.txt,barabasi_albert_10ins_m20,48,SpecAnn,0.8418202998994706,1.0,-14343.999999999998,0.0122742652893066,0,True,9,33,True,90,32,2025-11-16 05:58:11
ba_64_1_7.txt,barabasi_albert_10ins_m20,48,SpecAnn,0.846484159964536,1.0,-14343.999999999998,0.0121548175811767,0,True,9,33,True,91,32,2025-11-16 05:58:11
ba_64_1_7.txt,barabasi_albert_10ins_m20,48,SpecAnn,0.8511224640549078,1.0,-14343.999999999998,0.0122210979461669,0,True,9,33,True,92,32,2025-11-16 05:58:11
ba_64_1_7.txt,barabasi_albert_10ins_m20,48,SpecAnn,0.8557356277302758,1.0,-14343.999999999998,0.0122523307800292,0,True,9,33,True,93,32,2025-11-16 05:58:11
ba_64_1_7.txt,barabasi_albert_10ins_m20,48,SpecAnn,0.8603240554087516,1.0,-14343.999999999998,0.0122039318084716,0,True,9,33,True,94,32,2025-11-16 05:58:11
ba_64_1_7.txt,barabasi_albert_10ins_m20,48,SpecAnn,0.86488814078064,1.0,-14343.999999999998,0.0123100280761718,0,True,9,33,True,95,32,2025-11-16 05:58:11
ba_64_1_7.txt,barabasi_albert_10ins_m20,48,SpecAnn,0.8694282672026621,1.0,-14343.999999999998,0.0123004913330078,0,True,9,33,True,96,32,2025-11-16 05:58:11
ba_64_1_7.txt,barabasi_albert_10ins_m20,48,SpecAnn,0.8739448080737451,1.0,-14343.999999999998,0.0122346878051757,0,True,9,33,True,97,32,2025-11-16 05:58:11
ba_64_1_7.txt,barabasi_albert_10ins_m20,48,SpecAnn,0.878438127193422,1.0,-14343.999999999998,0.0122220516204833,0,True,9,33,True,98,32,2025-11-16 05:58:11
ba_64_1_7.txt,barabasi_albert_10ins_m20,48,SpecAnn,0.8829085791038153,1.0,-14343.999999999998,0.0122113227844238,0,True,9,33,True,99,32,2025-11-16 05:58:11
ba_64_1_7.txt,barabasi_albert_10ins_m20,48,SpecAnn,0.8873565094161138,1.0,-14343.999999999998,0.0123662948608398,0,True,9,33,True,100,32,2025-11-16 05:58:12
ba_64_1_7.txt,barabasi_albert_10ins_m20,48,SpecAnn,0.8917822551223932,1.0,-14343.999999999998,0.0124692916870117,0,True,9,33,True,101,32,2025-11-16 05:58:12
ba_64_1_7.txt,barabasi_albert_10ins_m20,48,SpecAnn,0.8961861448935777,1.0,-14343.999999999998,0.0123865604400634,0,True,9,33,True,102,32,2025-11-16 05:58:12
ba_64_1_7.txt,barabasi_albert_10ins_m20,48,SpecAnn,0.9005684993642872,1.0,-14343.999999999998,0.0124454498291015,0,True,9,33,True,103,32,2025-11-16 05:58:12
ba_64_1_7.txt,barabasi_albert_10ins_m20,48,SpecAnn,0.9049296314052688,1.0,-14343.999999999998,0.0124189853668212,0,True,9,33,True,104,32,2025-11-16 05:58:12
ba_64_1_7.txt,barabasi_albert_10ins_m20,48,SpecAnn,0.9092698463840684,1.0,-14343.999999999998,0.0124018192291259,0,True,9,33,True,105,32,2025-11-16 05:58:12
ba_64_1_7.txt,barabasi_albert_10ins_m20,48,SpecAnn,0.9135894424145556,1.0,-14343.999999999998,0.0122952461242675,0,True,9,33,True,106,32,2025-11-16 05:58:12
ba_64_1_7.txt,barabasi_albert_10ins_m20,48,SpecAnn,0.9178887105958816,1.0,-14343.999999999998,0.0122053623199462,0,True,9,33,True,107,32,2025-11-16 05:58:12
ba_64_1_7.txt,barabasi_albert_10ins_m20,48,SpecAnn,0.922167935241408,1.0,-14343.999999999998,0.0122103691101074,0,True,9,33,True,108,32,2025-11-16 05:58:12
ba_64_1_7.txt,barabasi_albert_10ins_m20,48,SpecAnn,0.92642739409812,1.0,-14343.999999999998,0.0122499465942382,0,True,9,33,True,109,32,2025-11-16 05:58:12
ba_64_1_7.txt,barabasi_albert_10ins_m20,48,SpecAnn,0.9306673585570006,1.0,-14343.999999999998,0.0122222900390625,0,True,9,33,True,110,32,2025-11-16 05:58:12
ba_64_1_7.txt,barabasi_albert_10ins_m20,48,SpecAnn,0.9348880938548184,1.0,-14343.999999999998,0.0122532844543457,0,True,9,33,True,111,32,2025-11-16 05:58:12
ba_64_1_7.txt,barabasi_albert_10ins_m20,48,SpecAnn,0.9390898592677528,1.0,-14343.999999999998,0.0122685432434082,0,True,9,33,True,112,32,2025-11-16 05:58:12
ba_64_1_7.txt,barabasi_albert_10ins_m20,48,SpecAnn,0.9432729082972536,1.0,-14343.999999999998,0.0121400356292724,0,True,9,33,True,113,32,2025-11-16 05:58:12
ba_64_1_7.txt,barabasi_albert_10ins_m20,48,SpecAnn,0.9474374888485204,1.0,-14343.999999999998,0.0122315883636474,0,True,9,33,True,114,32,2025-11-16 05:58:12
ba_64_1_7.txt,barabasi_albert_10ins_m20,48,SpecAnn,0.9515838434019476,1.0,-14343.999999999998,0.01216721534729,0,True,9,33,True,115,32,2025-11-16 05:58:12
ba_64_1_7.txt,barabasi_albert_10ins_m20,48,SpecAnn,0.9557122091778746,1.0,-14343.999999999998,0.0122458934783935,0,True,9,33,True,116,32,2025-11-16 05:58:12
ba_64_1_7.txt,barabasi_albert_10ins_m20,48,SpecAnn,0.9598228182949629,1.0,-14343.999999999998,0.0122864246368408,0,True,9,33,True,117,32,2025-11-16 05:58:12
ba_64_1_7.txt,barabasi_albert_10ins_m20,48,SpecAnn,0.963915897922488,1.0,-14343.999999999998,0.0121502876281738,0,True,9,33,True,118,32,2025-11-16 05:58:12
ba_64_1_7.txt,barabasi_albert_10ins_m20,48,SpecAnn,0.967991670426842,1.0,-14343.999999999998,0.0122151374816894,0,True,9,33,True,119,32,2025-11-16 05:58:12
ba_64_1_7.txt,barabasi_albert_10ins_m20,48,SpecAnn,0.9720503535125016,1.0,-14343.999999999998,0.0121769905090332,0,True,9,33,True,120,32,2025-11-16 05:58:12
ba_64_1_7.txt,barabasi_albert_10ins_m20,48,SpecAnn,0.9760921603577252,1.0,-14343.999999999998,0.0122296810150146,0,True,9,33,True,121,32,2025-11-16 05:58:12
ba_64_1_7.txt,barabasi_albert_10ins_m20,48,SpecAnn,0.9801172997452104,1.0,-14343.999999999998,0.0122530460357666,0,True,9,33,True,122,32,2025-11-16 05:58:12
ba_64_1_7.txt,barabasi_albert_10ins_m20,48,SpecAnn,0.9841259761879442,1.0,-14343.999999999998,0.0121657848358154,0,True,9,33,True,123,32,2025-11-16 05:58:12
ba_64_1_7.txt,barabasi_albert_10ins_m20,48,SpecAnn,0.9881183900504562,1.0,-14343.999999999998,0.0121943950653076,0,True,9,33,True,124,32,2025-11-16 05:58:12
ba_64_1_7.txt,barabasi_albert_10ins_m20,48,SpecAnn,0.9920947376656812,1.0,-14343.999999999998,0.0121657848358154,0,True,9,33,True,125,32,2025-11-16 05:58:12
ba_64_1_7.txt,barabasi_albert_10ins_m20,48,SpecAnn,0.9960552114476228,1.0,-14343.999999999998,0.0121958255767822,0,True,9,33,True,126,32,2025-11-16 05:58:12
ba_64_1_7.txt,barabasi_albert_10ins_m20,48,SpecAnn,1.0,1.0,-14343.999999999998,0.0122683048248291,0,True,9,33,True,127,32,2025-11-16 05:58:12
ba_64_1_7.txt,barabasi_albert_10ins_m20,49,SpecAnn,0.0,1.0,-14288.000000000002,0.0131418704986572,0,True,11,33,True,0,32,2025-11-16 05:58:12
ba_64_1_7.txt,barabasi_albert_10ins_m20,49,SpecAnn,0.0887356509416113,1.0,-14343.999999999998,0.012383222579956,0,True,11,33,True,1,32,2025-11-16 05:58:12
ba_64_1_7.txt,barabasi_albert_10ins_m20,49,SpecAnn,0.1254911610276317,1.0,-14578.000000000002,0.01228928565979,0,True,11,33,True,2,32,2025-11-16 05:58:12
ba_64_1_7.txt,barabasi_albert_10ins_m20,49,SpecAnn,0.1536946558735679,1.0,-14578.000000000002,0.0121407508850097,0,True,11,33,True,3,32,2025-11-16 05:58:12
ba_64_1_7.txt,barabasi_albert_10ins_m20,49,SpecAnn,0.1774713018832227,1.0,-14432.000000000002,0.012331485748291,0,True,11,33,True,4,32,2025-11-16 05:58:12
ba_64_1_7.txt,barabasi_albert_10ins_m20,49,SpecAnn,0.1984189475331362,1.0,-14432.000000000002,0.0122616291046142,0,True,11,33,True,5,32,2025-11-16 05:58:12
ba_64_1_7.txt,barabasi_albert_10ins_m20,49,SpecAnn,0.2173570668006655,1.0,-14288.000000000002,0.0122802257537841,0,True,11,33,True,6,32,2025-11-16 05:58:12
ba_64_1_7.txt,barabasi_albert_10ins_m20,49,SpecAnn,0.2347724648169381,1.0,-14288.000000000002,0.0122232437133789,0,True,11,33,True,7,32,2025-11-16 05:58:12
ba_64_1_7.txt,barabasi_albert_10ins_m20,49,SpecAnn,0.2509823220552634,1.0,-14288.000000000002,0.0122036933898925,0,True,11,33,True,8,32,2025-11-16 05:58:12
ba_64_1_7.txt,barabasi_albert_10ins_m20,49,SpecAnn,0.2662069528248341,1.0,-14343.999999999998,0.0123903751373291,0,True,11,33,True,9,32,2025-11-16 05:58:12
ba_64_1_7.txt,barabasi_albert_10ins_m20,49,SpecAnn,0.2806067666331568,1.0,-14432.000000000002,0.0123748779296875,0,True,11,33,True,10,32,2025-11-16 05:58:12
ba_64_1_7.txt,barabasi_albert_10ins_m20,49,SpecAnn,0.2943028597012718,1.0,-14432.000000000002,0.0124204158782958,0,True,11,33,True,11,32,2025-11-16 05:58:12
ba_64_1_7.txt,barabasi_albert_10ins_m20,49,SpecAnn,0.3073893117471359,1.0,-14432.000000000002,0.0121426582336425,0,True,11,33,True,12,32,2025-11-16 05:58:12
ba_64_1_7.txt,barabasi_albert_10ins_m20,49,SpecAnn,0.3199409394316542,1.0,-14343.999999999998,0.0122666358947753,0,True,11,33,True,13,32,2025-11-16 05:58:12
ba_64_1_7.txt,barabasi_albert_10ins_m20,49,SpecAnn,0.3320184038158743,1.0,-14343.999999999998,0.0122146606445312,0,True,11,33,True,14,32,2025-11-16 05:58:12
ba_64_1_7.txt,barabasi_albert_10ins_m20,49,SpecAnn,0.3436716983117353,1.0,-14578.000000000002,0.0122489929199218,0,True,11,33,True,15,32,2025-11-16 05:58:12
ba_64_1_7.txt,barabasi_albert_10ins_m20,49,SpecAnn,0.3549426037664455,1.0,-14432.000000000002,0.0122613906860351,0,True,11,33,True,16,32,2025-11-16 05:58:12
ba_64_1_7.txt,barabasi_albert_10ins_m20,49,SpecAnn,0.3658664615902029,1.0,-14432.000000000002,0.0122387409210205,0,True,11,33,True,17,32,2025-11-16 05:58:12
ba_64_1_7.txt,barabasi_albert_10ins_m20,49,SpecAnn,0.3764734830828951,1.0,-14432.000000000002,0.0121984481811523,0,True,11,33,True,18,32,2025-11-16 05:58:12
ba_64_1_7.txt,barabasi_albert_10ins_m20,49,SpecAnn,0.3867897351437838,1.0,-14432.000000000002,0.0121786594390869,0,True,11,33,True,19,32,2025-11-16 05:58:12
ba_64_1_7.txt,barabasi_albert_10ins_m20,49,SpecAnn,0.3968378950662725,1.0,-14432.000000000002,0.0123941898345947,0,True,11,33,True,20,32,2025-11-16 05:58:12
ba_64_1_7.txt,barabasi_albert_10ins_m20,49,SpecAnn,0.4066378372811136,1.0,-14432.000000000002,0.0124425888061523,0,True,11,33,True,21,32,2025-11-16 05:58:12
ba_64_1_7.txt,barabasi_albert_10ins_m20,49,SpecAnn,0.4162070956347247,1.0,-14432.000000000002,0.0124003887176513,0,True,11,33,True,22,32,2025-11-16 05:58:12
ba_64_1_7.txt,barabasi_albert_10ins_m20,49,SpecAnn,0.4255612320274539,1.0,-14432.000000000002,0.0124132633209228,0,True,11,33,True,23,32,2025-11-16 05:58:12
ba_64_1_7.txt,barabasi_albert_10ins_m20,49,SpecAnn,0.434714133601331,1.0,-14432.000000000002,0.0124435424804687,0,True,11,33,True,24,32,2025-11-16 05:58:12
ba_64_1_7.txt,barabasi_albert_10ins_m20,49,SpecAnn,0.4436782547080569,1.0,-14432.000000000002,0.0123097896575927,0,True,11,33,True,25,32,2025-11-16 05:58:12
ba_64_1_7.txt,barabasi_albert_10ins_m20,49,SpecAnn,0.4524648157026343,1.0,-14432.000000000002,0.0121159553527832,0,True,11,33,True,26,32,2025-11-16 05:58:12
ba_64_1_7.txt,barabasi_albert_10ins_m20,49,SpecAnn,0.4610839676207039,1.0,-14432.000000000002,0.01222825050354,0,True,11,33,True,27,32,2025-11-16 05:58:12
ba_64_1_7.txt,barabasi_albert_10ins_m20,49,SpecAnn,0.4695449296338763,1.0,-14432.000000000002,0.0121726989746093,0,True,11,33,True,28,32,2025-11-16 05:58:12
ba_64_1_7.txt,barabasi_albert_10ins_m20,49,SpecAnn,0.4778561045889373,1.0,-14432.000000000002,0.0121660232543945,0,True,11,33,True,29,32,2025-11-16 05:58:12
ba_64_1_7.txt,barabasi_albert_10ins_m20,49,SpecAnn,0.4860251767562508,1.0,-14432.000000000002,0.0121898651123046,0,True,11,33,True,30,32,2025-11-16 05:58:12
ba_64_1_7.txt,barabasi_albert_10ins_m20,49,SpecAnn,0.4940591950252281,1.0,-14432.000000000002,0.0121619701385498,0,True,11,33,True,31,32,2025-11-16 05:58:12
ba_64_1_7.txt,barabasi_albert_10ins_m20,49,SpecAnn,0.5019646441105269,1.0,-14432.000000000002,0.0122065544128417,0,True,11,33,True,32,32,2025-11-16 05:58:12
ba_64_1_7.txt,barabasi_albert_10ins_m20,49,SpecAnn,0.5097475058154177,1.0,-14432.000000000002,0.0122792720794677,0,True,11,33,True,33,32,2025-11-16 05:58:12
ba_64_1_7.txt,barabasi_albert_10ins_m20,49,SpecAnn,0.51741331199832,1.0,-14432.000000000002,0.0121960639953613,0,True,11,33,True,34,32,2025-11-16 05:58:12
ba_64_1_7.txt,barabasi_albert_10ins_m20,49,SpecAnn,0.5249671905758515,1.0,-14432.000000000002,0.0121798515319824,0,True,11,33,True,35,32,2025-11-16 05:58:12
ba_64_1_7.txt,barabasi_albert_10ins_m20,49,SpecAnn,0.5324139056496683,1.0,-14432.000000000002,0.0122559070587158,0,True,11,33,True,36,32,2025-11-16 05:58:12
ba_64_1_7.txt,barabasi_albert_10ins_m20,49,SpecAnn,0.5397578926492556,1.0,-14432.000000000002,0.0121989250183105,0,True,11,33,True,37,32,2025-11-16 05:58:12
ba_64_1_7.txt,barabasi_albert_10ins_m20,49,SpecAnn,0.5470032892270364,1.0,-14432.000000000002,0.0122103691101074,0,True,11,33,True,38,32,2025-11-16 05:58:12
ba_64_1_7.txt,barabasi_albert_10ins_m20,49,SpecAnn,0.554153962516942,1.0,-14432.000000000002,0.0122451782226562,0,True,11,33,True,39,32,2025-11-16 05:58:12
ba_64_1_7.txt,barabasi_albert_10ins_m20,49,SpecAnn,0.5612135332663137,1.0,-14343.999999999998,0.0122356414794921,0,True,11,33,True,40,32,2025-11-16 05:58:12
ba_64_1_7.txt,barabasi_albert_10ins_m20,49,SpecAnn,0.5681853972686127,1.0,-14343.999999999998,0.012261152267456,0,True,11,33,True,41,32,2025-11-16 05:58:12
ba_64_1_7.txt,barabasi_albert_10ins_m20,49,SpecAnn,0.5750727444570146,1.0,-14343.999999999998,0.0122220516204833,0,True,11,33,True,42,32,2025-11-16 05:58:12
ba_64_1_7.txt,barabasi_albert_10ins_m20,49,SpecAnn,0.5818785759635375,1.0,-14343.999999999998,0.0122668743133544,0,True,11,33,True,43,32,2025-11-16 05:58:12
ba_64_1_7.txt,barabasi_albert_10ins_m20,49,SpecAnn,0.5886057194025436,1.0,-14343.999999999998,0.0121748447418212,0,True,11,33,True,44,32,2025-11-16 05:58:12
ba_64_1_7.txt,barabasi_albert_10ins_m20,49,SpecAnn,0.5952568425994088,1.0,-14343.999999999998,0.0122303962707519,0,True,11,33,True,45,32,2025-11-16 05:58:12
ba_64_1_7.txt,barabasi_albert_10ins_m20,49,SpecAnn,0.6018344659534288,1.0,-14343.999999999998,0.01228928565979,0,True,11,33,True,46,32,2025-11-16 05:58:13
ba_64_1_7.txt,barabasi_albert_10ins_m20,49,SpecAnn,0.6083409735974393,1.0,-14343.999999999998,0.0123686790466308,0,True,11,33,True,47,32,2025-11-16 05:58:13
ba_64_1_7.txt,barabasi_albert_10ins_m20,49,SpecAnn,0.6147786234942719,1.0,-14343.999999999998,0.0124344825744628,0,True,11,33,True,48,32,2025-11-16 05:58:13
ba_64_1_7.txt,barabasi_albert_10ins_m20,49,SpecAnn,0.6211495565912796,1.0,-14343.999999999998,0.0123822689056396,0,True,11,33,True,49,32,2025-11-16 05:58:13
ba_64_1_7.txt,barabasi_albert_10ins_m20,49,SpecAnn,0.6274558051381586,1.0,-14343.999999999998,0.0124142169952392,0,True,11,33,True,50,32,2025-11-16 05:58:13
ba_64_1_7.txt,barabasi_albert_10ins_m20,49,SpecAnn,0.6336993002596786,1.0,-14343.999999999998,0.0123708248138427,0,True,11,33,True,51,32,2025-11-16 05:58:13
ba_64_1_7.txt,barabasi_albert_10ins_m20,49,SpecAnn,0.6398818788633085,1.0,-14343.999999999998,0.0123331546783447,0,True,11,33,True,52,32,2025-11-16 05:58:13
ba_64_1_7.txt,barabasi_albert_10ins_m20,49,SpecAnn,0.6460052899517691,1.0,-14343.999999999998,0.0122168064117431,0,True,11,33,True,53,32,2025-11-16 05:58:13
ba_64_1_7.txt,barabasi_albert_10ins_m20,49,SpecAnn,0.6520712004019966,1.0,-14343.999999999998,0.0122122764587402,0,True,11,33,True,54,32,2025-11-16 05:58:13
ba_64_1_7.txt,barabasi_albert_10ins_m20,49,SpecAnn,0.6580812002646271,1.0,-14343.999999999998,0.0121669769287109,0,True,11,33,True,55,32,2025-11-16 05:58:13
ba_64_1_7.txt,barabasi_albert_10ins_m20,49,SpecAnn,0.6640368076317485,1.0,-14343.999999999998,0.0121467113494873,0,True,11,33,True,56,32,2025-11-16 05:58:13
ba_64_1_7.txt,barabasi_albert_10ins_m20,49,SpecAnn,0.6699394731151429,1.0,-14343.999999999998,0.0122284889221191,0,True,11,33,True,57,32,2025-11-16 05:58:13
ba_64_1_7.txt,barabasi_albert_10ins_m20,49,SpecAnn,0.6757905839724513,1.0,-14343.999999999998,0.0121753215789794,0,True,11,33,True,58,32,2025-11-16 05:58:13
ba_64_1_7.txt,barabasi_albert_10ins_m20,49,SpecAnn,0.6815914679145113,1.0,-14343.999999999998,0.0121717453002929,0,True,11,33,True,59,32,2025-11-16 05:58:13
ba_64_1_7.txt,barabasi_albert_10ins_m20,49,SpecAnn,0.6873433966234707,1.0,-14343.999999999998,0.0121605396270751,0,True,11,33,True,60,32,2025-11-16 05:58:13
ba_64_1_7.txt,barabasi_albert_10ins_m20,49,SpecAnn,0.6930475890080863,1.0,-14343.999999999998,0.0121126174926757,0,True,11,33,True,61,32,2025-11-16 05:58:13
ba_64_1_7.txt,barabasi_albert_10ins_m20,49,SpecAnn,0.6987052142198116,1.0,-14343.999999999998,0.0121963024139404,0,True,11,33,True,62,32,2025-11-16 05:58:13
ba_64_1_7.txt,barabasi_albert_10ins_m20,49,SpecAnn,0.7043173944508145,1.0,-14343.999999999998,0.0121843814849853,0,True,11,33,True,63,32,2025-11-16 05:58:13
ba_64_1_7.txt,barabasi_albert_10ins_m20,49,SpecAnn,0.709885207532891,1.0,-14343.999999999998,0.012183666229248,0,True,11,33,True,64,32,2025-11-16 05:58:13
ba_64_1_7.txt,barabasi_albert_10ins_m20,49,SpecAnn,0.7154096893543218,1.0,-14343.999999999998,0.0122015476226806,0,True,11,33,True,65,32,2025-11-16 05:58:13
ba_64_1_7.txt,barabasi_albert_10ins_m20,49,SpecAnn,0.7208918361100219,1.0,-14343.999999999998,0.0122473239898681,0,True,11,33,True,66,32,2025-11-16 05:58:13
ba_64_1_7.txt,barabasi_albert_10ins_m20,49,SpecAnn,0.7263326063988248,1.0,-14343.999999999998,0.0121204853057861,0,True,11,33,True,67,32,2025-11-16 05:58:13
ba_64_1_7.txt,barabasi_albert_10ins_m20,49,SpecAnn,0.7317329231804058,1.0,-14343.999999999998,0.0121715068817138,0,True,11,33,True,68,32,2025-11-16 05:58:13
ba_64_1_7.txt,barabasi_albert_10ins_m20,49,SpecAnn,0.7370936756031579,1.0,-14343.999999999998,0.012169599533081,0,True,11,33,True,69,32,2025-11-16 05:58:13
ba_64_1_7.txt,barabasi_albert_10ins_m20,49,SpecAnn,0.7424157207132704,1.0,-14343.999999999998,0.0121657848358154,0,True,11,33,True,70,32,2025-11-16 05:58:13
ba_64_1_7.txt,barabasi_albert_10ins_m20,49,SpecAnn,0.7476998850543153,1.0,-14343.999999999998,0.0121448040008544,0,True,11,33,True,71,32,2025-11-16 05:58:13
ba_64_1_7.txt,barabasi_albert_10ins_m20,49,SpecAnn,0.7529469661657903,1.0,-14343.999999999998,0.0122289657592773,0,True,11,33,True,72,32,2025-11-16 05:58:13
ba_64_1_7.txt,barabasi_albert_10ins_m20,49,SpecAnn,0.7581577339883167,1.0,-14343.999999999998,0.0122156143188476,0,True,11,33,True,73,32,2025-11-16 05:58:13
ba_64_1_7.txt,barabasi_albert_10ins_m20,49,SpecAnn,0.7633329321824984,1.0,-14343.999999999998,0.0123603343963623,0,True,11,33,True,74,32,2025-11-16 05:58:13
ba_64_1_7.txt,barabasi_albert_10ins_m20,49,SpecAnn,0.7684732793678399,1.0,-14343.999999999998,0.0124735832214355,0,True,11,33,True,75,32,2025-11-16 05:58:13
ba_64_1_7.txt,barabasi_albert_10ins_m20,49,SpecAnn,0.7735794702875677,1.0,-14343.999999999998,0.012434959411621,0,True,11,33,True,76,32,2025-11-16 05:58:13
ba_64_1_7.txt,barabasi_albert_10ins_m20,49,SpecAnn,0.7786521769046981,1.0,-14343.999999999998,0.0123493671417236,0,True,11,33,True,77,32,2025-11-16 05:58:13
ba_64_1_7.txt,barabasi_albert_10ins_m20,49,SpecAnn,0.7836920494342511,1.0,-14343.999999999998,0.0123789310455322,0,True,11,33,True,78,32,2025-11-16 05:58:13
ba_64_1_7.txt,barabasi_albert_10ins_m20,49,SpecAnn,0.788699717316095,1.0,-14343.999999999998,0.0121967792510986,0,True,11,33,True,79,32,2025-11-16 05:58:13
ba_64_1_7.txt,barabasi_albert_10ins_m20,49,SpecAnn,0.7936757901325451,1.0,-14343.999999999998,0.0121777057647705,0,True,11,33,True,80,32,2025-11-16 05:58:13
ba_64_1_7.txt,barabasi_albert_10ins_m20,49,SpecAnn,0.7986208584745024,1.0,-14343.999999999998,0.0121796131134033,0,True,11,33,True,81,32,2025-11-16 05:58:13
ba_64_1_7.txt,barabasi_albert_10ins_m20,49,SpecAnn,0.803535494759617,1.0,-14343.999999999998,0.0122444629669189,0,True,11,33,True,82,32,2025-11-16 05:58:13
ba_64_1_7.txt,barabasi_albert_10ins_m20,49,SpecAnn,0.8084202540056837,1.0,-14343.999999999998,0.0122971534729003,0,True,11,33,True,83,32,2025-11-16 05:58:13
ba_64_1_7.txt,barabasi_albert_10ins_m20,49,SpecAnn,0.8132756745622272,1.0,-14343.999999999998,0.0121874809265136,0,True,11,33,True,84,32,2025-11-16 05:58:13
ba_64_1_7.txt,barabasi_albert_10ins_m20,49,SpecAnn,0.8181022788030096,1.0,-14343.999999999998,0.0121002197265625,0,True,11,33,True,85,32,2025-11-16 05:58:13
ba_64_1_7.txt,barabasi_albert_10ins_m20,49,SpecAnn,0.822900573781978,1.0,-14343.999999999998,0.01214599609375,0,True,11,33,True,86,32,2025-11-16 05:58:13
ba_64_1_7.txt,barabasi_albert_10ins_m20,49,SpecAnn,0.8276710518549868,1.0,-14343.999999999998,0.0121862888336181,0,True,11,33,True,87,32,2025-11-16 05:58:13
ba_64_1_7.txt,barabasi_albert_10ins_m20,49,SpecAnn,0.8324141912694495,1.0,-14343.999999999998,0.0121047496795654,0,True,11,33,True,88,32,2025-11-16 05:58:13
ba_64_1_7.txt,barabasi_albert_10ins_m20,49,SpecAnn,0.8371304567239225,1.0,-14343.999999999998,0.0121726989746093,0,True,11,33,True,89,32,2025-11-16 05:58:13
ba_64_1_7.txt,barabasi_albert_10ins_m20,49,SpecAnn,0.8418202998994706,1.0,-14343.999999999998,0.0122523307800292,0,True,11,33,True,90,32,2025-11-16 05:58:13
ba_64_1_7.txt,barabasi_albert_10ins_m20,49,SpecAnn,0.846484159964536,1.0,-14343.999999999998,0.0121681690216064,0,True,11,33,True,91,32,2025-11-16 05:58:13
ba_64_1_7.txt,barabasi_albert_10ins_m20,49,SpecAnn,0.8511224640549078,1.0,-14343.999999999998,0.0121777057647705,0,True,11,33,True,92,32,2025-11-16 05:58:13
ba_64_1_7.txt,barabasi_albert_10ins_m20,49,SpecAnn,0.8557356277302758,1.0,-14343.999999999998,0.0122523307800292,0,True,11,33,True,93,32,2025-11-16 05:58:13
ba_64_1_7.txt,barabasi_albert_10ins_m20,49,SpecAnn,0.8603240554087516,1.0,-14343.999999999998,0.0122818946838378,0,True,11,33,True,94,32,2025-11-16 05:58:13
ba_64_1_7.txt,barabasi_albert_10ins_m20,49,SpecAnn,0.86488814078064,1.0,-14343.999999999998,0.012315034866333,0,True,11,33,True,95,32,2025-11-16 05:58:13
ba_64_1_7.txt,barabasi_albert_10ins_m20,49,SpecAnn,0.8694282672026621,1.0,-14343.999999999998,0.0121641159057617,0,True,11,33,True,96,32,2025-11-16 05:58:13
ba_64_1_7.txt,barabasi_albert_10ins_m20,49,SpecAnn,0.8739448080737451,1.0,-14343.999999999998,0.0122289657592773,0,True,11,33,True,97,32,2025-11-16 05:58:13
ba_64_1_7.txt,barabasi_albert_10ins_m20,49,SpecAnn,0.878438127193422,1.0,-14343.999999999998,0.0122425556182861,0,True,11,33,True,98,32,2025-11-16 05:58:13
ba_64_1_7.txt,barabasi_albert_10ins_m20,49,SpecAnn,0.8829085791038153,1.0,-14343.999999999998,0.0122087001800537,0,True,11,33,True,99,32,2025-11-16 05:58:13
ba_64_1_7.txt,barabasi_albert_10ins_m20,49,SpecAnn,0.8873565094161138,1.0,-14343.999999999998,0.0122056007385253,0,True,11,33,True,100,32,2025-11-16 05:58:13
ba_64_1_7.txt,barabasi_albert_10ins_m20,49,SpecAnn,0.8917822551223932,1.0,-14343.999999999998,0.0122396945953369,0,True,11,33,True,101,32,2025-11-16 05:58:13
ba_64_1_7.txt,barabasi_albert_10ins_m20,49,SpecAnn,0.8961861448935777,1.0,-14343.999999999998,0.0122199058532714,0,True,11,33,True,102,32,2025-11-16 05:58:13
ba_64_1_7.txt,barabasi_albert_10ins_m20,49,SpecAnn,0.9005684993642872,1.0,-14343.999999999998,0.0122194290161132,0,True,11,33,True,103,32,2025-11-16 05:58:13
ba_64_1_7.txt,barabasi_albert_10ins_m20,49,SpecAnn,0.9049296314052688,1.0,-14343.999999999998,0.0124421119689941,0,True,11,33,True,104,32,2025-11-16 05:58:13
ba_64_1_7.txt,barabasi_albert_10ins_m20,49,SpecAnn,0.9092698463840684,1.0,-14343.999999999998,0.0124576091766357,0,True,11,33,True,105,32,2025-11-16 05:58:13
ba_64_1_7.txt,barabasi_albert_10ins_m20,49,SpecAnn,0.9135894424145556,1.0,-14343.999999999998,0.0124127864837646,0,True,11,33,True,106,32,2025-11-16 05:58:13
ba_64_1_7.txt,barabasi_albert_10ins_m20,49,SpecAnn,0.9178887105958816,1.0,-14343.999999999998,0.0124378204345703,0,True,11,33,True,107,32,2025-11-16 05:58:13
ba_64_1_7.txt,barabasi_albert_10ins_m20,49,SpecAnn,0.922167935241408,1.0,-14343.999999999998,0.0122363567352294,0,True,11,33,True,108,32,2025-11-16 05:58:13
ba_64_1_7.txt,barabasi_albert_10ins_m20,49,SpecAnn,0.92642739409812,1.0,-14343.999999999998,0.0121498107910156,0,True,11,33,True,109,32,2025-11-16 05:58:13
ba_64_1_7.txt,barabasi_albert_10ins_m20,49,SpecAnn,0.9306673585570006,1.0,-14343.999999999998,0.0121972560882568,0,True,11,33,True,110,32,2025-11-16 05:58:13
ba_64_1_7.txt,barabasi_albert_10ins_m20,49,SpecAnn,0.9348880938548184,1.0,-14343.999999999998,0.0122408866882324,0,True,11,33,True,111,32,2025-11-16 05:58:13
ba_64_1_7.txt,barabasi_albert_10ins_m20,49,SpecAnn,0.9390898592677528,1.0,-14343.999999999998,0.0122513771057128,0,True,11,33,True,112,32,2025-11-16 05:58:13
ba_64_1_7.txt,barabasi_albert_10ins_m20,49,SpecAnn,0.9432729082972536,1.0,-14343.999999999998,0.01216721534729,0,True,11,33,True,113,32,2025-11-16 05:58:13
ba_64_1_7.txt,barabasi_albert_10ins_m20,49,SpecAnn,0.9474374888485204,1.0,-14343.999999999998,0.0122814178466796,0,True,11,33,True,114,32,2025-11-16 05:58:13
ba_64_1_7.txt,barabasi_albert_10ins_m20,49,SpecAnn,0.9515838434019476,1.0,-14343.999999999998,0.0122897624969482,0,True,11,33,True,115,32,2025-11-16 05:58:13
ba_64_1_7.txt,barabasi_albert_10ins_m20,49,SpecAnn,0.9557122091778746,1.0,-14343.999999999998,0.0121216773986816,0,True,11,33,True,116,32,2025-11-16 05:58:13
ba_64_1_7.txt,barabasi_albert_10ins_m20,49,SpecAnn,0.9598228182949629,1.0,-14343.999999999998,0.0121650695800781,0,True,11,33,True,117,32,2025-11-16 05:58:13
ba_64_1_7.txt,barabasi_albert_10ins_m20,49,SpecAnn,0.963915897922488,1.0,-14343.999999999998,0.0123584270477294,0,True,11,33,True,118,32,2025-11-16 05:58:13
ba_64_1_7.txt,barabasi_albert_10ins_m20,49,SpecAnn,0.967991670426842,1.0,-14432.000000000002,0.0121800899505615,0,True,11,33,True,119,32,2025-11-16 05:58:13
ba_64_1_7.txt,barabasi_albert_10ins_m20,49,SpecAnn,0.9720503535125016,1.0,-14432.000000000002,0.0122935771942138,0,True,11,33,True,120,32,2025-11-16 05:58:13
ba_64_1_7.txt,barabasi_albert_10ins_m20,49,SpecAnn,0.9760921603577252,1.0,-14432.000000000002,0.0122408866882324,0,True,11,33,True,121,32,2025-11-16 05:58:13
ba_64_1_7.txt,barabasi_albert_10ins_m20,49,SpecAnn,0.9801172997452104,1.0,-14432.000000000002,0.0123116970062255,0,True,11,33,True,122,32,2025-11-16 05:58:13
ba_64_1_7.txt,barabasi_albert_10ins_m20,49,SpecAnn,0.9841259761879442,1.0,-14432.000000000002,0.0122730731964111,0,True,11,33,True,123,32,2025-11-16 05:58:13
ba_64_1_7.txt,barabasi_albert_10ins_m20,49,SpecAnn,0.9881183900504562,1.0,-14432.000000000002,0.0122301578521728,0,True,11,33,True,124,32,2025-11-16 05:58:13
ba_64_1_7.txt,barabasi_albert_10ins_m20,49,SpecAnn,0.9920947376656812,1.0,-14432.000000000002,0.0122463703155517,0,True,11,33,True,125,32,2025-11-16 05:58:13
ba_64_1_7.txt,barabasi_albert_10ins_m20,49,SpecAnn,0.9960552114476228,1.0,-14432.000000000002,0.01212739944458,0,True,11,33,True,126,32,2025-11-16 05:58:13
ba_64_1_7.txt,barabasi_albert_10ins_m20,49,SpecAnn,1.0,1.0,-14432.000000000002,0.0121705532073974,0,True,11,33,True,127,32,2025-11-16 05:58:14
ba_64_1_7.txt,barabasi_albert_10ins_m20,50,SpecAnn,0.0,1.0,-14343.999999999998,0.0129899978637695,0,True,34,33,True,0,32,2025-11-16 05:58:14
ba_64_1_7.txt,barabasi_albert_10ins_m20,50,SpecAnn,0.0887356509416113,1.0,-14343.999999999998,0.012343406677246,0,True,34,33,True,1,32,2025-11-16 05:58:14
ba_64_1_7.txt,barabasi_albert_10ins_m20,50,SpecAnn,0.1254911610276317,1.0,-14288.000000000002,0.0122859477996826,0,True,34,33,True,2,32,2025-11-16 05:58:14
ba_64_1_7.txt,barabasi_albert_10ins_m20,50,SpecAnn,0.1536946558735679,1.0,-14288.000000000002,0.0122654438018798,0,True,34,33,True,3,32,2025-11-16 05:58:14
ba_64_1_7.txt,barabasi_albert_10ins_m20,50,SpecAnn,0.1774713018832227,1.0,-14288.000000000002,0.0121998786926269,0,True,34,33,True,4,32,2025-11-16 05:58:14
ba_64_1_7.txt,barabasi_albert_10ins_m20,50,SpecAnn,0.1984189475331362,1.0,-14288.000000000002,0.0122129917144775,0,True,34,33,True,5,32,2025-11-16 05:58:14
ba_64_1_7.txt,barabasi_albert_10ins_m20,50,SpecAnn,0.2173570668006655,1.0,-14288.000000000002,0.0123298168182373,0,True,34,33,True,6,32,2025-11-16 05:58:14
ba_64_1_7.txt,barabasi_albert_10ins_m20,50,SpecAnn,0.2347724648169381,1.0,-14288.000000000002,0.0122358798980712,0,True,34,33,True,7,32,2025-11-16 05:58:14
ba_64_1_7.txt,barabasi_albert_10ins_m20,50,SpecAnn,0.2509823220552634,1.0,-14288.000000000002,0.0123438835144042,0,True,34,33,True,8,32,2025-11-16 05:58:14
ba_64_1_7.txt,barabasi_albert_10ins_m20,50,SpecAnn,0.2662069528248341,1.0,-14288.000000000002,0.0122542381286621,0,True,34,33,True,9,32,2025-11-16 05:58:14
ba_64_1_7.txt,barabasi_albert_10ins_m20,50,SpecAnn,0.2806067666331568,1.0,-14288.000000000002,0.0122685432434082,0,True,34,33,True,10,32,2025-11-16 05:58:14
ba_64_1_7.txt,barabasi_albert_10ins_m20,50,SpecAnn,0.2943028597012718,1.0,-14288.000000000002,0.0122835636138916,0,True,34,33,True,11,32,2025-11-16 05:58:14
ba_64_1_7.txt,barabasi_albert_10ins_m20,50,SpecAnn,0.3073893117471359,1.0,-14288.000000000002,0.0122861862182617,0,True,34,33,True,12,32,2025-11-16 05:58:14
ba_64_1_7.txt,barabasi_albert_10ins_m20,50,SpecAnn,0.3199409394316542,1.0,-14578.000000000002,0.0123050212860107,0,True,34,33,True,13,32,2025-11-16 05:58:14
ba_64_1_7.txt,barabasi_albert_10ins_m20,50,SpecAnn,0.3320184038158743,1.0,-14578.000000000002,0.0122225284576416,0,True,34,33,True,14,32,2025-11-16 05:58:14
ba_64_1_7.txt,barabasi_albert_10ins_m20,50,SpecAnn,0.3436716983117353,1.0,-14578.000000000002,0.012312889099121,0,True,34,33,True,15,32,2025-11-16 05:58:14
ba_64_1_7.txt,barabasi_albert_10ins_m20,50,SpecAnn,0.3549426037664455,1.0,-14432.000000000002,0.0122599601745605,0,True,34,33,True,16,32,2025-11-16 05:58:14
ba_64_1_7.txt,barabasi_albert_10ins_m20,50,SpecAnn,0.3658664615902029,1.0,-14432.000000000002,0.0121674537658691,0,True,34,33,True,17,32,2025-11-16 05:58:14
ba_64_1_7.txt,barabasi_albert_10ins_m20,50,SpecAnn,0.3764734830828951,1.0,-14432.000000000002,0.0123045444488525,0,True,34,33,True,18,32,2025-11-16 05:58:14
ba_64_1_7.txt,barabasi_albert_10ins_m20,50,SpecAnn,0.3867897351437838,1.0,-14432.000000000002,0.0122370719909667,0,True,34,33,True,19,32,2025-11-16 05:58:14
ba_64_1_7.txt,barabasi_albert_10ins_m20,50,SpecAnn,0.3968378950662725,1.0,-14432.000000000002,0.0125131607055664,0,True,34,33,True,20,32,2025-11-16 05:58:14
ba_64_1_7.txt,barabasi_albert_10ins_m20,50,SpecAnn,0.4066378372811136,1.0,-14432.000000000002,0.0124926567077636,0,True,34,33,True,21,32,2025-11-16 05:58:14
ba_64_1_7.txt,barabasi_albert_10ins_m20,50,SpecAnn,0.4162070956347247,1.0,-14432.000000000002,0.0124900341033935,0,True,34,33,True,22,32,2025-11-16 05:58:14
ba_64_1_7.txt,barabasi_albert_10ins_m20,50,SpecAnn,0.4255612320274539,1.0,-14432.000000000002,0.0123412609100341,0,True,34,33,True,23,32,2025-11-16 05:58:14
ba_64_1_7.txt,barabasi_albert_10ins_m20,50,SpecAnn,0.434714133601331,1.0,-14432.000000000002,0.0122976303100585,0,True,34,33,True,24,32,2025-11-16 05:58:14
ba_64_1_7.txt,barabasi_albert_10ins_m20,50,SpecAnn,0.4436782547080569,1.0,-14432.000000000002,0.0122129917144775,0,True,34,33,True,25,32,2025-11-16 05:58:14
ba_64_1_7.txt,barabasi_albert_10ins_m20,50,SpecAnn,0.4524648157026343,1.0,-14432.000000000002,0.0123116970062255,0,True,34,33,True,26,32,2025-11-16 05:58:14
ba_64_1_7.txt,barabasi_albert_10ins_m20,50,SpecAnn,0.4610839676207039,1.0,-14432.000000000002,0.0123469829559326,0,True,34,33,True,27,32,2025-11-16 05:58:14
ba_64_1_7.txt,barabasi_albert_10ins_m20,50,SpecAnn,0.4695449296338763,1.0,-14432.000000000002,0.0122950077056884,0,True,34,33,True,28,32,2025-11-16 05:58:14
ba_64_1_7.txt,barabasi_albert_10ins_m20,50,SpecAnn,0.4778561045889373,1.0,-14432.000000000002,0.0123240947723388,0,True,34,33,True,29,32,2025-11-16 05:58:14
ba_64_1_7.txt,barabasi_albert_10ins_m20,50,SpecAnn,0.4860251767562508,1.0,-14432.000000000002,0.0123107433319091,0,True,34,33,True,30,32,2025-11-16 05:58:14
ba_64_1_7.txt,barabasi_albert_10ins_m20,50,SpecAnn,0.4940591950252281,1.0,-14432.000000000002,0.0122976303100585,0,True,34,33,True,31,32,2025-11-16 05:58:14
ba_64_1_7.txt,barabasi_albert_10ins_m20,50,SpecAnn,0.5019646441105269,1.0,-14432.000000000002,0.0123510360717773,0,True,34,33,True,32,32,2025-11-16 05:58:14
ba_64_1_7.txt,barabasi_albert_10ins_m20,50,SpecAnn,0.5097475058154177,1.0,-14432.000000000002,0.0123133659362792,0,True,34,33,True,33,32,2025-11-16 05:58:14
ba_64_1_7.txt,barabasi_albert_10ins_m20,50,SpecAnn,0.51741331199832,1.0,-14432.000000000002,0.0122277736663818,0,True,34,33,True,34,32,2025-11-16 05:58:14
ba_64_1_7.txt,barabasi_albert_10ins_m20,50,SpecAnn,0.5249671905758515,1.0,-14432.000000000002,0.0122652053833007,0,True,34,33,True,35,32,2025-11-16 05:58:14
ba_64_1_7.txt,barabasi_albert_10ins_m20,50,SpecAnn,0.5324139056496683,1.0,-14432.000000000002,0.0122961997985839,0,True,34,33,True,36,32,2025-11-16 05:58:14
ba_64_1_7.txt,barabasi_albert_10ins_m20,50,SpecAnn,0.5397578926492556,1.0,-14432.000000000002,0.0122640132904052,0,True,34,33,True,37,32,2025-11-16 05:58:14
ba_64_1_7.txt,barabasi_albert_10ins_m20,50,SpecAnn,0.5470032892270364,1.0,-14432.000000000002,0.0122840404510498,0,True,34,33,True,38,32,2025-11-16 05:58:14
ba_64_1_7.txt,barabasi_albert_10ins_m20,50,SpecAnn,0.554153962516942,1.0,-14432.000000000002,0.0123040676116943,0,True,34,33,True,39,32,2025-11-16 05:58:14
ba_64_1_7.txt,barabasi_albert_10ins_m20,50,SpecAnn,0.5612135332663137,1.0,-14343.999999999998,0.0123224258422851,0,True,34,33,True,40,32,2025-11-16 05:58:14
ba_64_1_7.txt,barabasi_albert_10ins_m20,50,SpecAnn,0.5681853972686127,1.0,-14343.999999999998,0.0122528076171875,0,True,34,33,True,41,32,2025-11-16 05:58:14
ba_64_1_7.txt,barabasi_albert_10ins_m20,50,SpecAnn,0.5750727444570146,1.0,-14343.999999999998,0.0123851299285888,0,True,34,33,True,42,32,2025-11-16 05:58:14
ba_64_1_7.txt,barabasi_albert_10ins_m20,50,SpecAnn,0.5818785759635375,1.0,-14343.999999999998,0.0123443603515625,0,True,34,33,True,43,32,2025-11-16 05:58:14
ba_64_1_7.txt,barabasi_albert_10ins_m20,50,SpecAnn,0.5886057194025436,1.0,-14343.999999999998,0.0123908519744873,0,True,34,33,True,44,32,2025-11-16 05:58:14
ba_64_1_7.txt,barabasi_albert_10ins_m20,50,SpecAnn,0.5952568425994088,1.0,-14343.999999999998,0.0123343467712402,0,True,34,33,True,45,32,2025-11-16 05:58:14
ba_64_1_7.txt,barabasi_albert_10ins_m20,50,SpecAnn,0.6018344659534288,1.0,-14343.999999999998,0.0122725963592529,0,True,34,33,True,46,32,2025-11-16 05:58:14
ba_64_1_7.txt,barabasi_albert_10ins_m20,50,SpecAnn,0.6083409735974393,1.0,-14343.999999999998,0.0122766494750976,0,True,34,33,True,47,32,2025-11-16 05:58:14
ba_64_1_7.txt,barabasi_albert_10ins_m20,50,SpecAnn,0.6147786234942719,1.0,-14343.999999999998,0.012434959411621,0,True,34,33,True,48,32,2025-11-16 05:58:14
ba_64_1_7.txt,barabasi_albert_10ins_m20,50,SpecAnn,0.6211495565912796,1.0,-14343.999999999998,0.0124711990356445,0,True,34,33,True,49,32,2025-11-16 05:58:14
ba_64_1_7.txt,barabasi_albert_10ins_m20,50,SpecAnn,0.6274558051381586,1.0,-14343.999999999998,0.0124971866607666,0,True,34,33,True,50,32,2025-11-16 05:58:14
ba_64_1_7.txt,barabasi_albert_10ins_m20,50,SpecAnn,0.6336993002596786,1.0,-14343.999999999998,0.0125138759613037,0,True,34,33,True,51,32,2025-11-16 05:58:14
ba_64_1_7.txt,barabasi_albert_10ins_m20,50,SpecAnn,0.6398818788633085,1.0,-14343.999999999998,0.0124619007110595,0,True,34,33,True,52,32,2025-11-16 05:58:14
ba_64_1_7.txt,barabasi_albert_10ins_m20,50,SpecAnn,0.6460052899517691,1.0,-14343.999999999998,0.0124189853668212,0,True,34,33,True,53,32,2025-11-16 05:58:14
ba_64_1_7.txt,barabasi_albert_10ins_m20,50,SpecAnn,0.6520712004019966,1.0,-14343.999999999998,0.0122725963592529,0,True,34,33,True,54,32,2025-11-16 05:58:14
ba_64_1_7.txt,barabasi_albert_10ins_m20,50,SpecAnn,0.6580812002646271,1.0,-14343.999999999998,0.0121493339538574,0,True,34,33,True,55,32,2025-11-16 05:58:14
ba_64_1_7.txt,barabasi_albert_10ins_m20,50,SpecAnn,0.6640368076317485,1.0,-14343.999999999998,0.012192964553833,0,True,34,33,True,56,32,2025-11-16 05:58:14
ba_64_1_7.txt,barabasi_albert_10ins_m20,50,SpecAnn,0.6699394731151429,1.0,-14343.999999999998,0.0122499465942382,0,True,34,33,True,57,32,2025-11-16 05:58:14
ba_64_1_7.txt,barabasi_albert_10ins_m20,50,SpecAnn,0.6757905839724513,1.0,-14343.999999999998,0.0122034549713134,0,True,34,33,True,58,32,2025-11-16 05:58:14
ba_64_1_7.txt,barabasi_albert_10ins_m20,50,SpecAnn,0.6815914679145113,1.0,-14343.999999999998,0.0122172832489013,0,True,34,33,True,59,32,2025-11-16 05:58:14
ba_64_1_7.txt,barabasi_albert_10ins_m20,50,SpecAnn,0.6873433966234707,1.0,-14343.999999999998,0.0122907161712646,0,True,34,33,True,60,32,2025-11-16 05:58:14
ba_64_1_7.txt,barabasi_albert_10ins_m20,50,SpecAnn,0.6930475890080863,1.0,-14343.999999999998,0.0122327804565429,0,True,34,33,True,61,32,2025-11-16 05:58:14
ba_64_1_7.txt,barabasi_albert_10ins_m20,50,SpecAnn,0.6987052142198116,1.0,-14343.999999999998,0.0122232437133789,0,True,34,33,True,62,32,2025-11-16 05:58:14
ba_64_1_7.txt,barabasi_albert_10ins_m20,50,SpecAnn,0.7043173944508145,1.0,-14343.999999999998,0.0121872425079345,0,True,34,33,True,63,32,2025-11-16 05:58:14
ba_64_1_7.txt,barabasi_albert_10ins_m20,50,SpecAnn,0.709885207532891,1.0,-14343.999999999998,0.012192964553833,0,True,34,33,True,64,32,2025-11-16 05:58:14
ba_64_1_7.txt,barabasi_albert_10ins_m20,50,SpecAnn,0.7154096893543218,1.0,-14343.999999999998,0.0122678279876708,0,True,34,33,True,65,32,2025-11-16 05:58:14
ba_64_1_7.txt,barabasi_albert_10ins_m20,50,SpecAnn,0.7208918361100219,1.0,-14343.999999999998,0.0122649669647216,0,True,34,33,True,66,32,2025-11-16 05:58:14
ba_64_1_7.txt,barabasi_albert_10ins_m20,50,SpecAnn,0.7263326063988248,1.0,-14343.999999999998,0.0122311115264892,0,True,34,33,True,67,32,2025-11-16 05:58:14
ba_64_1_7.txt,barabasi_albert_10ins_m20,50,SpecAnn,0.7317329231804058,1.0,-14343.999999999998,0.0122575759887695,0,True,34,33,True,68,32,2025-11-16 05:58:14
ba_64_1_7.txt,barabasi_albert_10ins_m20,50,SpecAnn,0.7370936756031579,1.0,-14343.999999999998,0.0123054981231689,0,True,34,33,True,69,32,2025-11-16 05:58:14
ba_64_1_7.txt,barabasi_albert_10ins_m20,50,SpecAnn,0.7424157207132704,1.0,-14343.999999999998,0.0122725963592529,0,True,34,33,True,70,32,2025-11-16 05:58:14
ba_64_1_7.txt,barabasi_albert_10ins_m20,50,SpecAnn,0.7476998850543153,1.0,-14343.999999999998,0.0121469497680664,0,True,34,33,True,71,32,2025-11-16 05:58:14
ba_64_1_7.txt,barabasi_albert_10ins_m20,50,SpecAnn,0.7529469661657903,1.0,-14343.999999999998,0.0122733116149902,0,True,34,33,True,72,32,2025-11-16 05:58:15
ba_64_1_7.txt,barabasi_albert_10ins_m20,50,SpecAnn,0.7581577339883167,1.0,-14343.999999999998,0.0123233795166015,0,True,34,33,True,73,32,2025-11-16 05:58:15
ba_64_1_7.txt,barabasi_albert_10ins_m20,50,SpecAnn,0.7633329321824984,1.0,-14343.999999999998,0.0122616291046142,0,True,34,33,True,74,32,2025-11-16 05:58:15
ba_64_1_7.txt,barabasi_albert_10ins_m20,50,SpecAnn,0.7684732793678399,1.0,-14343.999999999998,0.0124399662017822,0,True,34,33,True,75,32,2025-11-16 05:58:15
ba_64_1_7.txt,barabasi_albert_10ins_m20,50,SpecAnn,0.7735794702875677,1.0,-14343.999999999998,0.012453556060791,0,True,34,33,True,76,32,2025-11-16 05:58:15
ba_64_1_7.txt,barabasi_albert_10ins_m20,50,SpecAnn,0.7786521769046981,1.0,-14343.999999999998,0.0124661922454833,0,True,34,33,True,77,32,2025-11-16 05:58:15
ba_64_1_7.txt,barabasi_albert_10ins_m20,50,SpecAnn,0.7836920494342511,1.0,-14343.999999999998,0.0124087333679199,0,True,34,33,True,78,32,2025-11-16 05:58:15
ba_64_1_7.txt,barabasi_albert_10ins_m20,50,SpecAnn,0.788699717316095,1.0,-14343.999999999998,0.0124957561492919,0,True,34,33,True,79,32,2025-11-16 05:58:15
ba_64_1_7.txt,barabasi_albert_10ins_m20,50,SpecAnn,0.7936757901325451,1.0,-14343.999999999998,0.0124728679656982,0,True,34,33,True,80,32,2025-11-16 05:58:15
ba_64_1_7.txt,barabasi_albert_10ins_m20,50,SpecAnn,0.7986208584745024,1.0,-14343.999999999998,0.0123887062072753,0,True,34,33,True,81,32,2025-11-16 05:58:15
ba_64_1_7.txt,barabasi_albert_10ins_m20,50,SpecAnn,0.803535494759617,1.0,-14343.999999999998,0.0121772289276123,0,True,34,33,True,82,32,2025-11-16 05:58:15
ba_64_1_7.txt,barabasi_albert_10ins_m20,50,SpecAnn,0.8084202540056837,1.0,-14343.999999999998,0.0122444629669189,0,True,34,33,True,83,32,2025-11-16 05:58:15
ba_64_1_7.txt,barabasi_albert_10ins_m20,50,SpecAnn,0.8132756745622272,1.0,-14343.999999999998,0.0123138427734375,0,True,34,33,True,84,32,2025-11-16 05:58:15
ba_64_1_7.txt,barabasi_albert_10ins_m20,50,SpecAnn,0.8181022788030096,1.0,-14343.999999999998,0.0121662616729736,0,True,34,33,True,85,32,2025-11-16 05:58:15
ba_64_1_7.txt,barabasi_albert_10ins_m20,50,SpecAnn,0.822900573781978,1.0,-14343.999999999998,0.0124015808105468,0,True,34,33,True,86,32,2025-11-16 05:58:15
ba_64_1_7.txt,barabasi_albert_10ins_m20,50,SpecAnn,0.8276710518549868,1.0,-14343.999999999998,0.0122239589691162,0,True,34,33,True,87,32,2025-11-16 05:58:15
ba_64_1_7.txt,barabasi_albert_10ins_m20,50,SpecAnn,0.8324141912694495,1.0,-14343.999999999998,0.0121922492980957,0,True,34,33,True,88,32,2025-11-16 05:58:15
ba_64_1_7.txt,barabasi_albert_10ins_m20,50,SpecAnn,0.8371304567239225,1.0,-14343.999999999998,0.0122590065002441,0,True,34,33,True,89,32,2025-11-16 05:58:15
ba_64_1_7.txt,barabasi_albert_10ins_m20,50,SpecAnn,0.8418202998994706,1.0,-14343.999999999998,0.012279987335205,0,True,34,33,True,90,32,2025-11-16 05:58:15
ba_64_1_7.txt,barabasi_albert_10ins_m20,50,SpecAnn,0.846484159964536,1.0,-14343.999999999998,0.0125050544738769,0,True,34,33,True,91,32,2025-11-16 05:58:15
ba_64_1_7.txt,barabasi_albert_10ins_m20,50,SpecAnn,0.8511224640549078,1.0,-14343.999999999998,0.0125370025634765,0,True,34,33,True,92,32,2025-11-16 05:58:15
ba_64_1_7.txt,barabasi_albert_10ins_m20,50,SpecAnn,0.8557356277302758,1.0,-14343.999999999998,0.0121622085571289,0,True,34,33,True,93,32,2025-11-16 05:58:15
ba_64_1_7.txt,barabasi_albert_10ins_m20,50,SpecAnn,0.8603240554087516,1.0,-14343.999999999998,0.0122139453887939,0,True,34,33,True,94,32,2025-11-16 05:58:15
ba_64_1_7.txt,barabasi_albert_10ins_m20,50,SpecAnn,0.86488814078064,1.0,-14343.999999999998,0.0123655796051025,0,True,34,33,True,95,32,2025-11-16 05:58:15
ba_64_1_7.txt,barabasi_albert_10ins_m20,50,SpecAnn,0.8694282672026621,1.0,-14343.999999999998,0.0122201442718505,0,True,34,33,True,96,32,2025-11-16 05:58:15
ba_64_1_7.txt,barabasi_albert_10ins_m20,50,SpecAnn,0.8739448080737451,1.0,-14343.999999999998,0.0122420787811279,0,True,34,33,True,97,32,2025-11-16 05:58:15
ba_64_1_7.txt,barabasi_albert_10ins_m20,50,SpecAnn,0.878438127193422,1.0,-14343.999999999998,0.0122051239013671,0,True,34,33,True,98,32,2025-11-16 05:58:15
ba_64_1_7.txt,barabasi_albert_10ins_m20,50,SpecAnn,0.8829085791038153,1.0,-14343.999999999998,0.0121982097625732,0,True,34,33,True,99,32,2025-11-16 05:58:15
ba_64_1_7.txt,barabasi_albert_10ins_m20,50,SpecAnn,0.8873565094161138,1.0,-14343.999999999998,0.0123419761657714,0,True,34,33,True,100,32,2025-11-16 05:58:15
ba_64_1_7.txt,barabasi_albert_10ins_m20,50,SpecAnn,0.8917822551223932,1.0,-14343.999999999998,0.0124380588531494,0,True,34,33,True,101,32,2025-11-16 05:58:15
ba_64_1_7.txt,barabasi_albert_10ins_m20,50,SpecAnn,0.8961861448935777,1.0,-14343.999999999998,0.0124952793121337,0,True,34,33,True,102,32,2025-11-16 05:58:15
ba_64_1_7.txt,barabasi_albert_10ins_m20,50,SpecAnn,0.9005684993642872,1.0,-14343.999999999998,0.0125200748443603,0,True,34,33,True,103,32,2025-11-16 05:58:15
ba_64_1_7.txt,barabasi_albert_10ins_m20,50,SpecAnn,0.9049296314052688,1.0,-14343.999999999998,0.0124909877777099,0,True,34,33,True,104,32,2025-11-16 05:58:15
ba_64_1_7.txt,barabasi_albert_10ins_m20,50,SpecAnn,0.9092698463840684,1.0,-14343.999999999998,0.0123171806335449,0,True,34,33,True,105,32,2025-11-16 05:58:15
ba_64_1_7.txt,barabasi_albert_10ins_m20,50,SpecAnn,0.9135894424145556,1.0,-14343.999999999998,0.0123190879821777,0,True,34,33,True,106,32,2025-11-16 05:58:15
ba_64_1_7.txt,barabasi_albert_10ins_m20,50,SpecAnn,0.9178887105958816,1.0,-14343.999999999998,0.0124256610870361,0,True,34,33,True,107,32,2025-11-16 05:58:15
ba_64_1_7.txt,barabasi_albert_10ins_m20,50,SpecAnn,0.922167935241408,1.0,-14343.999999999998,0.012399673461914,0,True,34,33,True,108,32,2025-11-16 05:58:15
ba_64_1_7.txt,barabasi_albert_10ins_m20,50,SpecAnn,0.92642739409812,1.0,-14343.999999999998,0.0123934745788574,0,True,34,33,True,109,32,2025-11-16 05:58:15
ba_64_1_7.txt,barabasi_albert_10ins_m20,50,SpecAnn,0.9306673585570006,1.0,-14343.999999999998,0.0123538970947265,0,True,34,33,True,110,32,2025-11-16 05:58:15
ba_64_1_7.txt,barabasi_albert_10ins_m20,50,SpecAnn,0.9348880938548184,1.0,-14343.999999999998,0.0122163295745849,0,True,34,33,True,111,32,2025-11-16 05:58:15
ba_64_1_7.txt,barabasi_albert_10ins_m20,50,SpecAnn,0.9390898592677528,1.0,-14432.000000000002,0.0123345851898193,0,True,34,33,True,112,32,2025-11-16 05:58:15
ba_64_1_7.txt,barabasi_albert_10ins_m20,50,SpecAnn,0.9432729082972536,1.0,-14432.000000000002,0.0122087001800537,0,True,34,33,True,113,32,2025-11-16 05:58:15
ba_64_1_7.txt,barabasi_albert_10ins_m20,50,SpecAnn,0.9474374888485204,1.0,-14432.000000000002,0.012202501296997,0,True,34,33,True,114,32,2025-11-16 05:58:15
ba_64_1_7.txt,barabasi_albert_10ins_m20,50,SpecAnn,0.9515838434019476,1.0,-14432.000000000002,0.0123796463012695,0,True,34,33,True,115,32,2025-11-16 05:58:15
ba_64_1_7.txt,barabasi_albert_10ins_m20,50,SpecAnn,0.9557122091778746,1.0,-14432.000000000002,0.0122854709625244,0,True,34,33,True,116,32,2025-11-16 05:58:15
ba_64_1_7.txt,barabasi_albert_10ins_m20,50,SpecAnn,0.9598228182949629,1.0,-14432.000000000002,0.01216721534729,0,True,34,33,True,117,32,2025-11-16 05:58:15
ba_64_1_7.txt,barabasi_albert_10ins_m20,50,SpecAnn,0.963915897922488,1.0,-14432.000000000002,0.0122232437133789,0,True,34,33,True,118,32,2025-11-16 05:58:15
ba_64_1_7.txt,barabasi_albert_10ins_m20,50,SpecAnn,0.967991670426842,1.0,-14343.999999999998,0.0122497081756591,0,True,34,33,True,119,32,2025-11-16 05:58:15
ba_64_1_7.txt,barabasi_albert_10ins_m20,50,SpecAnn,0.9720503535125016,1.0,-14343.999999999998,0.0122628211975097,0,True,34,33,True,120,32,2025-11-16 05:58:15
ba_64_1_7.txt,barabasi_albert_10ins_m20,50,SpecAnn,0.9760921603577252,1.0,-14343.999999999998,0.0123085975646972,0,True,34,33,True,121,32,2025-11-16 05:58:15
ba_64_1_7.txt,barabasi_albert_10ins_m20,50,SpecAnn,0.9801172997452104,1.0,-14343.999999999998,0.0122485160827636,0,True,34,33,True,122,32,2025-11-16 05:58:15
ba_64_1_7.txt,barabasi_albert_10ins_m20,50,SpecAnn,0.9841259761879442,1.0,-14343.999999999998,0.0123205184936523,0,True,34,33,True,123,32,2025-11-16 05:58:15
ba_64_1_7.txt,barabasi_albert_10ins_m20,50,SpecAnn,0.9881183900504562,1.0,-14343.999999999998,0.0123522281646728,0,True,34,33,True,124,32,2025-11-16 05:58:15
ba_64_1_7.txt,barabasi_albert_10ins_m20,50,SpecAnn,0.9920947376656812,1.0,-14343.999999999998,0.0122838020324707,0,True,34,33,True,125,32,2025-11-16 05:58:15
ba_64_1_7.txt,barabasi_albert_10ins_m20,50,SpecAnn,0.9960552114476228,1.0,-14343.999999999998,0.0121932029724121,0,True,34,33,True,126,32,2025-11-16 05:58:15
ba_64_1_7.txt,barabasi_albert_10ins_m20,50,SpecAnn,1.0,1.0,-14343.999999999998,0.0122113227844238,0,True,34,33,True,127,32,2025-11-16 05:58:15
ba_64_1_7.txt,barabasi_albert_10ins_m20,51,SpecAnn,0.0,1.0,-13375.999999999998,0.013046503067016602,0,True,14,33,True,0,32,2025-11-16 05:58:15
ba_64_1_7.txt,barabasi_albert_10ins_m20,51,SpecAnn,0.08873565094161137,1.0,-14343.999999999998,0.01227712631225586,0,True,14,33,True,1,32,2025-11-16 05:58:15
ba_64_1_7.txt,barabasi_albert_10ins_m20,51,SpecAnn,0.12549116102763172,1.0,-14432.000000000002,0.012256145477294922,0,True,14,33,True,2,32,2025-11-16 05:58:15
ba_64_1_7.txt,barabasi_albert_10ins_m20,51,SpecAnn,0.15369465587356798,1.0,-14432.000000000002,0.012264728546142578,0,True,14,33,True,3,32,2025-11-16 05:58:15
ba_64_1_7.txt,barabasi_albert_10ins_m20,51,SpecAnn,0.17747130188322274,1.0,-14343.999999999998,0.012231826782226562,0,True,14,33,True,4,32,2025-11-16 05:58:15
ba_64_1_7.txt,barabasi_albert_10ins_m20,51,SpecAnn,0.19841894753313627,1.0,-14343.999999999998,0.012192249298095703,0,True,14,33,True,5,32,2025-11-16 05:58:15
ba_64_1_7.txt,barabasi_albert_10ins_m20,51,SpecAnn,0.21735706680066552,1.0,-14343.999999999998,0.012274742126464844,0,True,14,33,True,6,32,2025-11-16 05:58:15
ba_64_1_7.txt,barabasi_albert_10ins_m20,51,SpecAnn,0.23477246481693817,1.0,-14343.999999999998,0.01217341423034668,0,True,14,33,True,7,32,2025-11-16 05:58:15
ba_64_1_7.txt,barabasi_albert_10ins_m20,51,SpecAnn,0.25098232205526344,1.0,-14343.999999999998,0.012157917022705078,0,True,14,33,True,8,32,2025-11-16 05:58:15
ba_64_1_7.txt,barabasi_albert_10ins_m20,51,SpecAnn,0.26620695282483414,1.0,-14343.999999999998,0.012293338775634766,0,True,14,33,True,9,32,2025-11-16 05:58:15
ba_64_1_7.txt,barabasi_albert_10ins_m20,51,SpecAnn,0.28060676663315687,1.0,-14288.000000000002,0.01221919059753418,0,True,14,33,True,10,32,2025-11-16 05:58:15
ba_64_1_7.txt,barabasi_albert_10ins_m20,51,SpecAnn,0.2943028597012718,1.0,-14288.000000000002,0.012182474136352539,0,True,14,33,True,11,32,2025-11-16 05:58:15
ba_64_1_7.txt,barabasi_albert_10ins_m20,51,SpecAnn,0.30738931174713596,1.0,-14288.000000000002,0.01221776008605957,0,True,14,33,True,12,32,2025-11-16 05:58:15
ba_64_1_7.txt,barabasi_albert_10ins_m20,51,SpecAnn,0.31994093943165425,1.0,-14432.000000000002,0.012251615524291992,0,True,14,33,True,13,32,2025-11-16 05:58:15
ba_64_1_7.txt,barabasi_albert_10ins_m20,51,SpecAnn,0.3320184038158743,1.0,-14432.000000000002,0.012228012084960938,0,True,14,33,True,14,32,2025-11-16 05:58:15
ba_64_1_7.txt,barabasi_albert_10ins_m20,51,SpecAnn,0.34367169831173533,1.0,-14432.000000000002,0.012195587158203125,0,True,14,33,True,15,32,2025-11-16 05:58:15
ba_64_1_7.txt,barabasi_albert_10ins_m20,51,SpecAnn,0.3549426037664455,1.0,-14432.000000000002,0.012198686599731445,0,True,14,33,True,16,32,2025-11-16 05:58:16
ba_64_1_7.txt,barabasi_albert_10ins_m20,51,SpecAnn,0.3658664615902029,1.0,-14432.000000000002,0.012184858322143555,0,True,14,33,True,17,32,2025-11-16 05:58:16
ba_64_1_7.txt,barabasi_albert_10ins_m20,51,SpecAnn,0.37647348308289513,1.0,-14432.000000000002,0.012148618698120117,0,True,14,33,True,18,32,2025-11-16 05:58:16
ba_64_1_7.txt,barabasi_albert_10ins_m20,51,SpecAnn,0.38678973514378384,1.0,-14432.000000000002,0.012184619903564453,0,True,14,33,True,19,32,2025-11-16 05:58:16
ba_64_1_7.txt,barabasi_albert_10ins_m20,51,SpecAnn,0.39683789506627254,1.0,-14432.000000000002,0.012434005737304688,0,True,14,33,True,20,32,2025-11-16 05:58:16
ba_64_1_7.txt,barabasi_albert_10ins_m20,51,SpecAnn,0.4066378372811136,1.0,-14432.000000000002,0.01237630844116211,0,True,14,33,True,21,32,2025-11-16 05:58:16
ba_64_1_7.txt,barabasi_albert_10ins_m20,51,SpecAnn,0.41620709563472474,1.0,-14432.000000000002,0.012424707412719727,0,True,14,33,True,22,32,2025-11-16 05:58:16
ba_64_1_7.txt,barabasi_albert_10ins_m20,51,SpecAnn,0.4255612320274539,1.0,-14432.000000000002,0.012398719787597656,0,True,14,33,True,23,32,2025-11-16 05:58:16
ba_64_1_7.txt,barabasi_albert_10ins_m20,51,SpecAnn,0.43471413360133104,1.0,-14432.000000000002,0.01243138313293457,0,True,14,33,True,24,32,2025-11-16 05:58:16
ba_64_1_7.txt,barabasi_albert_10ins_m20,51,SpecAnn,0.4436782547080569,1.0,-14432.000000000002,0.012279510498046875,0,True,14,33,True,25,32,2025-11-16 05:58:16
ba_64_1_7.txt,barabasi_albert_10ins_m20,51,SpecAnn,0.45246481570263436,1.0,-14432.000000000002,0.012180805206298828,0,True,14,33,True,26,32,2025-11-16 05:58:16
ba_64_1_7.txt,barabasi_albert_10ins_m20,51,SpecAnn,0.46108396762070397,1.0,-14432.000000000002,0.012202978134155273,0,True,14,33,True,27,32,2025-11-16 05:58:16
ba_64_1_7.txt,barabasi_albert_10ins_m20,51,SpecAnn,0.46954492963387634,1.0,-14432.000000000002,0.012244701385498047,0,True,14,33,True,28,32,2025-11-16 05:58:16
ba_64_1_7.txt,barabasi_albert_10ins_m20,51,SpecAnn,0.4778561045889373,1.0,-14432.000000000002,0.012129068374633789,0,True,14,33,True,29,32,2025-11-16 05:58:16
ba_64_1_7.txt,barabasi_albert_10ins_m20,51,SpecAnn,0.48602517675625084,1.0,-14432.000000000002,0.01222681999206543,0,True,14,33,True,30,32,2025-11-16 05:58:16
ba_64_1_7.txt,barabasi_albert_10ins_m20,51,SpecAnn,0.4940591950252281,1.0,-14432.000000000002,0.012188196182250977,0,True,14,33,True,31,32,2025-11-16 05:58:16
ba_64_1_7.txt,barabasi_albert_10ins_m20,51,SpecAnn,0.5019646441105269,1.0,-14432.000000000002,0.012121200561523438,0,True,14,33,True,32,32,2025-11-16 05:58:16
ba_64_1_7.txt,barabasi_albert_10ins_m20,51,SpecAnn,0.5097475058154177,1.0,-14432.000000000002,0.012144088745117188,0,True,14,33,True,33,32,2025-11-16 05:58:16
ba_64_1_7.txt,barabasi_albert_10ins_m20,51,SpecAnn,0.51741331199832,1.0,-14432.000000000002,0.012156248092651367,0,True,14,33,True,34,32,2025-11-16 05:58:16
ba_64_1_7.txt,barabasi_albert_10ins_m20,51,SpecAnn,0.5249671905758515,1.0,-14432.000000000002,0.012262821197509766,0,True,14,33,True,35,32,2025-11-16 05:58:16
ba_64_1_7.txt,barabasi_albert_10ins_m20,51,SpecAnn,0.5324139056496683,1.0,-14432.000000000002,0.012352705001831055,0,True,14,33,True,36,32,2025-11-16 05:58:16
ba_64_1_7.txt,barabasi_albert_10ins_m20,51,SpecAnn,0.5397578926492556,1.0,-14432.000000000002,0.012254476547241211,0,True,14,33,True,37,32,2025-11-16 05:58:16
ba_64_1_7.txt,barabasi_albert_10ins_m20,51,SpecAnn,0.5470032892270364,1.0,-14432.000000000002,0.012141942977905273,0,True,14,33,True,38,32,2025-11-16 05:58:16
ba_64_1_7.txt,barabasi_albert_10ins_m20,51,SpecAnn,0.554153962516942,1.0,-14432.000000000002,0.012171506881713867,0,True,14,33,True,39,32,2025-11-16 05:58:16
ba_64_1_7.txt,barabasi_albert_10ins_m20,51,SpecAnn,0.5612135332663137,1.0,-14343.999999999998,0.012227058410644531,0,True,14,33,True,40,32,2025-11-16 05:58:16
ba_64_1_7.txt,barabasi_albert_10ins_m20,51,SpecAnn,0.5681853972686127,1.0,-14343.999999999998,0.012176513671875,0,True,14,33,True,41,32,2025-11-16 05:58:16
ba_64_1_7.txt,barabasi_albert_10ins_m20,51,SpecAnn,0.5750727444570146,1.0,-14343.999999999998,0.012264013290405273,0,True,14,33,True,42,32,2025-11-16 05:58:16
ba_64_1_7.txt,barabasi_albert_10ins_m20,51,SpecAnn,0.5818785759635375,1.0,-14343.999999999998,0.012146711349487305,0,True,14,33,True,43,32,2025-11-16 05:58:16
ba_64_1_7.txt,barabasi_albert_10ins_m20,51,SpecAnn,0.5886057194025436,1.0,-14343.999999999998,0.012224197387695312,0,True,14,33,True,44,32,2025-11-16 05:58:16
ba_64_1_7.txt,barabasi_albert_10ins_m20,51,SpecAnn,0.5952568425994088,1.0,-14343.999999999998,0.012292623519897461,0,True,14,33,True,45,32,2025-11-16 05:58:16
ba_64_1_7.txt,barabasi_albert_10ins_m20,51,SpecAnn,0.6018344659534288,1.0,-14343.999999999998,0.012455224990844727,0,True,14,33,True,46,32,2025-11-16 05:58:16
ba_64_1_7.txt,barabasi_albert_10ins_m20,51,SpecAnn,0.6083409735974393,1.0,-14343.999999999998,0.012404441833496094,0,True,14,33,True,47,32,2025-11-16 05:58:16
ba_64_1_7.txt,barabasi_albert_10ins_m20,51,SpecAnn,0.6147786234942719,1.0,-14343.999999999998,0.01236581802368164,0,True,14,33,True,48,32,2025-11-16 05:58:16
ba_64_1_7.txt,barabasi_albert_10ins_m20,51,SpecAnn,0.6211495565912796,1.0,-14343.999999999998,0.012318134307861328,0,True,14,33,True,49,32,2025-11-16 05:58:16
ba_64_1_7.txt,barabasi_albert_10ins_m20,51,SpecAnn,0.6274558051381586,1.0,-14343.999999999998,0.012183904647827148,0,True,14,33,True,50,32,2025-11-16 05:58:16
ba_64_1_7.txt,barabasi_albert_10ins_m20,51,SpecAnn,0.6336993002596786,1.0,-14343.999999999998,0.012162923812866211,0,True,14,33,True,51,32,2025-11-16 05:58:16
ba_64_1_7.txt,barabasi_albert_10ins_m20,51,SpecAnn,0.6398818788633085,1.0,-14343.999999999998,0.012179136276245117,0,True,14,33,True,52,32,2025-11-16 05:58:16
ba_64_1_7.txt,barabasi_albert_10ins_m20,51,SpecAnn,0.6460052899517691,1.0,-14343.999999999998,0.012205362319946289,0,True,14,33,True,53,32,2025-11-16 05:58:16
ba_64_1_7.txt,barabasi_albert_10ins_m20,51,SpecAnn,0.6520712004019966,1.0,-14343.999999999998,0.012185096740722656,0,True,14,33,True,54,32,2025-11-16 05:58:16
ba_64_1_7.txt,barabasi_albert_10ins_m20,51,SpecAnn,0.6580812002646271,1.0,-14343.999999999998,0.012219905853271484,0,True,14,33,True,55,32,2025-11-16 05:58:16
ba_64_1_7.txt,barabasi_albert_10ins_m20,51,SpecAnn,0.6640368076317485,1.0,-14343.999999999998,0.012128353118896484,0,True,14,33,True,56,32,2025-11-16 05:58:16
ba_64_1_7.txt,barabasi_albert_10ins_m20,51,SpecAnn,0.6699394731151429,1.0,-14343.999999999998,0.012118339538574219,0,True,14,33,True,57,32,2025-11-16 05:58:16
ba_64_1_7.txt,barabasi_albert_10ins_m20,51,SpecAnn,0.6757905839724513,1.0,-14343.999999999998,0.01224517822265625,0,True,14,33,True,58,32,2025-11-16 05:58:16
ba_64_1_7.txt,barabasi_albert_10ins_m20,51,SpecAnn,0.6815914679145113,1.0,-14343.999999999998,0.012111902236938477,0,True,14,33,True,59,32,2025-11-16 05:58:16
ba_64_1_7.txt,barabasi_albert_10ins_m20,51,SpecAnn,0.6873433966234707,1.0,-14343.999999999998,0.012182235717773438,0,True,14,33,True,60,32,2025-11-16 05:58:16
ba_64_1_7.txt,barabasi_albert_10ins_m20,51,SpecAnn,0.6930475890080863,1.0,-14343.999999999998,0.012279987335205078,0,True,14,33,True,61,32,2025-11-16 05:58:16
ba_64_1_7.txt,barabasi_albert_10ins_m20,51,SpecAnn,0.6987052142198116,1.0,-14432.000000000002,0.012147665023803711,0,True,14,33,True,62,32,2025-11-16 05:58:16
ba_64_1_7.txt,barabasi_albert_10ins_m20,51,SpecAnn,0.7043173944508145,1.0,-14432.000000000002,0.012266159057617188,0,True,14,33,True,63,32,2025-11-16 05:58:16
ba_64_1_7.txt,barabasi_albert_10ins_m20,51,SpecAnn,0.709885207532891,1.0,-14432.000000000002,0.012235164642333984,0,True,14,33,True,64,32,2025-11-16 05:58:16
ba_64_1_7.txt,barabasi_albert_10ins_m20,51,SpecAnn,0.7154096893543218,1.0,-14432.000000000002,0.012243986129760742,0,True,14,33,True,65,32,2025-11-16 05:58:16
ba_64_1_7.txt,barabasi_albert_10ins_m20,51,SpecAnn,0.7208918361100219,1.0,-14432.000000000002,0.012250900268554688,0,True,14,33,True,66,32,2025-11-16 05:58:16
ba_64_1_7.txt,barabasi_albert_10ins_m20,51,SpecAnn,0.7263326063988248,1.0,-14432.000000000002,0.012152910232543945,0,True,14,33,True,67,32,2025-11-16 05:58:16
ba_64_1_7.txt,barabasi_albert_10ins_m20,51,SpecAnn,0.7317329231804058,1.0,-14432.000000000002,0.012148857116699219,0,True,14,33,True,68,32,2025-11-16 05:58:16
ba_64_1_7.txt,barabasi_albert_10ins_m20,51,SpecAnn,0.7370936756031579,1.0,-14432.000000000002,0.012194395065307617,0,True,14,33,True,69,32,2025-11-16 05:58:16
ba_64_1_7.txt,barabasi_albert_10ins_m20,51,SpecAnn,0.7424157207132704,1.0,-14432.000000000002,0.012207508087158203,0,True,14,33,True,70,32,2025-11-16 05:58:16
ba_64_1_7.txt,barabasi_albert_10ins_m20,51,SpecAnn,0.7476998850543153,1.0,-14432.000000000002,0.012122154235839844,0,True,14,33,True,71,32,2025-11-16 05:58:16
ba_64_1_7.txt,barabasi_albert_10ins_m20,51,SpecAnn,0.7529469661657903,1.0,-14432.000000000002,0.012146234512329102,0,True,14,33,True,72,32,2025-11-16 05:58:16
ba_64_1_7.txt,barabasi_albert_10ins_m20,51,SpecAnn,0.7581577339883167,1.0,-14432.000000000002,0.012206792831420898,0,True,14,33,True,73,32,2025-11-16 05:58:16
ba_64_1_7.txt,barabasi_albert_10ins_m20,51,SpecAnn,0.7633329321824984,1.0,-14432.000000000002,0.012253761291503906,0,True,14,33,True,74,32,2025-11-16 05:58:16
ba_64_1_7.txt,barabasi_albert_10ins_m20,51,SpecAnn,0.7684732793678399,1.0,-14432.000000000002,0.01242375373840332,0,True,14,33,True,75,32,2025-11-16 05:58:16
ba_64_1_7.txt,barabasi_albert_10ins_m20,51,SpecAnn,0.7735794702875677,1.0,-14432.000000000002,0.012396097183227539,0,True,14,33,True,76,32,2025-11-16 05:58:16
ba_64_1_7.txt,barabasi_albert_10ins_m20,51,SpecAnn,0.7786521769046981,1.0,-14432.000000000002,0.012486934661865234,0,True,14,33,True,77,32,2025-11-16 05:58:16
ba_64_1_7.txt,barabasi_albert_10ins_m20,51,SpecAnn,0.7836920494342511,1.0,-14432.000000000002,0.01244807243347168,0,True,14,33,True,78,32,2025-11-16 05:58:16
ba_64_1_7.txt,barabasi_albert_10ins_m20,51,SpecAnn,0.788699717316095,1.0,-14432.000000000002,0.012429237365722656,0,True,14,33,True,79,32,2025-11-16 05:58:16
ba_64_1_7.txt,barabasi_albert_10ins_m20,51,SpecAnn,0.7936757901325451,1.0,-14432.000000000002,0.01242828369140625,0,True,14,33,True,80,32,2025-11-16 05:58:16
ba_64_1_7.txt,barabasi_albert_10ins_m20,51,SpecAnn,0.7986208584745024,1.0,-14432.000000000002,0.012333154678344727,0,True,14,33,True,81,32,2025-11-16 05:58:16
ba_64_1_7.txt,barabasi_albert_10ins_m20,51,SpecAnn,0.803535494759617,1.0,-14432.000000000002,0.012243986129760742,0,True,14,33,True,82,32,2025-11-16 05:58:16
ba_64_1_7.txt,barabasi_albert_10ins_m20,51,SpecAnn,0.8084202540056837,1.0,-14432.000000000002,0.012150764465332031,0,True,14,33,True,83,32,2025-11-16 05:58:16
ba_64_1_7.txt,barabasi_albert_10ins_m20,51,SpecAnn,0.8132756745622272,1.0,-14432.000000000002,0.012143611907958984,0,True,14,33,True,84,32,2025-11-16 05:58:16
ba_64_1_7.txt,barabasi_albert_10ins_m20,51,SpecAnn,0.8181022788030096,1.0,-14432.000000000002,0.012221097946166992,0,True,14,33,True,85,32,2025-11-16 05:58:16
ba_64_1_7.txt,barabasi_albert_10ins_m20,51,SpecAnn,0.822900573781978,1.0,-14432.000000000002,0.012220382690429688,0,True,14,33,True,86,32,2025-11-16 05:58:16
ba_64_1_7.txt,barabasi_albert_10ins_m20,51,SpecAnn,0.8276710518549868,1.0,-14432.000000000002,0.012201547622680664,0,True,14,33,True,87,32,2025-11-16 05:58:16
ba_64_1_7.txt,barabasi_albert_10ins_m20,51,SpecAnn,0.8324141912694495,1.0,-14432.000000000002,0.012218236923217773,0,True,14,33,True,88,32,2025-11-16 05:58:16
ba_64_1_7.txt,barabasi_albert_10ins_m20,51,SpecAnn,0.8371304567239225,1.0,-14432.000000000002,0.012150764465332031,0,True,14,33,True,89,32,2025-11-16 05:58:16
ba_64_1_7.txt,barabasi_albert_10ins_m20,51,SpecAnn,0.8418202998994706,1.0,-14432.000000000002,0.012264013290405273,0,True,14,33,True,90,32,2025-11-16 05:58:16
ba_64_1_7.txt,barabasi_albert_10ins_m20,51,SpecAnn,0.846484159964536,1.0,-14432.000000000002,0.012157678604125977,0,True,14,33,True,91,32,2025-11-16 05:58:16
ba_64_1_7.txt,barabasi_albert_10ins_m20,51,SpecAnn,0.8511224640549078,1.0,-14432.000000000002,0.01217031478881836,0,True,14,33,True,92,32,2025-11-16 05:58:16
ba_64_1_7.txt,barabasi_albert_10ins_m20,51,SpecAnn,0.8557356277302758,1.0,-14432.000000000002,0.012218952178955078,0,True,14,33,True,93,32,2025-11-16 05:58:16
ba_64_1_7.txt,barabasi_albert_10ins_m20,51,SpecAnn,0.8603240554087516,1.0,-14432.000000000002,0.012164831161499023,0,True,14,33,True,94,32,2025-11-16 05:58:16
ba_64_1_7.txt,barabasi_albert_10ins_m20,51,SpecAnn,0.86488814078064,1.0,-14432.000000000002,0.01224970817565918,0,True,14,33,True,95,32,2025-11-16 05:58:16
ba_64_1_7.txt,barabasi_albert_10ins_m20,51,SpecAnn,0.8694282672026621,1.0,-14432.000000000002,0.01223611831665039,0,True,14,33,True,96,32,2025-11-16 05:58:16
ba_64_1_7.txt,barabasi_albert_10ins_m20,51,SpecAnn,0.8739448080737451,1.0,-14432.000000000002,0.012264490127563477,0,True,14,33,True,97,32,2025-11-16 05:58:16
ba_64_1_7.txt,barabasi_albert_10ins_m20,51,SpecAnn,0.878438127193422,1.0,-14432.000000000002,0.012196063995361328,0,True,14,33,True,98,32,2025-11-16 05:58:17
ba_64_1_7.txt,barabasi_albert_10ins_m20,51,SpecAnn,0.8829085791038153,1.0,-14432.000000000002,0.012171506881713867,0,True,14,33,True,99,32,2025-11-16 05:58:17
ba_64_1_7.txt,barabasi_albert_10ins_m20,51,SpecAnn,0.8873565094161138,1.0,-14432.000000000002,0.01221919059753418,0,True,14,33,True,100,32,2025-11-16 05:58:17
ba_64_1_7.txt,barabasi_albert_10ins_m20,51,SpecAnn,0.8917822551223932,1.0,-14432.000000000002,0.01215982437133789,0,True,14,33,True,101,32,2025-11-16 05:58:17
ba_64_1_7.txt,barabasi_albert_10ins_m20,51,SpecAnn,0.8961861448935777,1.0,-14432.000000000002,0.01241159439086914,0,True,14,33,True,102,32,2025-11-16 05:58:17
ba_64_1_7.txt,barabasi_albert_10ins_m20,51,SpecAnn,0.9005684993642872,1.0,-14432.000000000002,0.012440919876098633,0,True,14,33,True,103,32,2025-11-16 05:58:17
ba_64_1_7.txt,barabasi_albert_10ins_m20,51,SpecAnn,0.9049296314052687,1.0,-14432.000000000002,0.012402772903442383,0,True,14,33,True,104,32,2025-11-16 05:58:17
ba_64_1_7.txt,barabasi_albert_10ins_m20,51,SpecAnn,0.9092698463840683,1.0,-14432.000000000002,0.012366056442260742,0,True,14,33,True,105,32,2025-11-16 05:58:17
ba_64_1_7.txt,barabasi_albert_10ins_m20,51,SpecAnn,0.9135894424145555,1.0,-14432.000000000002,0.01238250732421875,0,True,14,33,True,106,32,2025-11-16 05:58:17
ba_64_1_7.txt,barabasi_albert_10ins_m20,51,SpecAnn,0.9178887105958816,1.0,-14432.000000000002,0.012315034866333008,0,True,14,33,True,107,32,2025-11-16 05:58:17
ba_64_1_7.txt,barabasi_albert_10ins_m20,51,SpecAnn,0.9221679352414079,1.0,-14432.000000000002,0.012207984924316406,0,True,14,33,True,108,32,2025-11-16 05:58:17
ba_64_1_7.txt,barabasi_albert_10ins_m20,51,SpecAnn,0.9264273940981199,1.0,-14432.000000000002,0.012181997299194336,0,True,14,33,True,109,32,2025-11-16 05:58:17
ba_64_1_7.txt,barabasi_albert_10ins_m20,51,SpecAnn,0.9306673585570006,1.0,-14432.000000000002,0.012232303619384766,0,True,14,33,True,110,32,2025-11-16 05:58:17
ba_64_1_7.txt,barabasi_albert_10ins_m20,51,SpecAnn,0.9348880938548185,1.0,-14432.000000000002,0.012174844741821289,0,True,14,33,True,111,32,2025-11-16 05:58:17
ba_64_1_7.txt,barabasi_albert_10ins_m20,51,SpecAnn,0.9390898592677527,1.0,-14432.000000000002,0.012186050415039062,0,True,14,33,True,112,32,2025-11-16 05:58:17
ba_64_1_7.txt,barabasi_albert_10ins_m20,51,SpecAnn,0.9432729082972536,1.0,-14432.000000000002,0.012146949768066406,0,True,14,33,True,113,32,2025-11-16 05:58:17
ba_64_1_7.txt,barabasi_albert_10ins_m20,51,SpecAnn,0.9474374888485205,1.0,-14432.000000000002,0.012185811996459961,0,True,14,33,True,114,32,2025-11-16 05:58:17
ba_64_1_7.txt,barabasi_albert_10ins_m20,51,SpecAnn,0.9515838434019475,1.0,-14432.000000000002,0.012254953384399414,0,True,14,33,True,115,32,2025-11-16 05:58:17
ba_64_1_7.txt,barabasi_albert_10ins_m20,51,SpecAnn,0.9557122091778746,1.0,-14432.000000000002,0.012219667434692383,0,True,14,33,True,116,32,2025-11-16 05:58:17
ba_64_1_7.txt,barabasi_albert_10ins_m20,51,SpecAnn,0.9598228182949627,1.0,-14432.000000000002,0.012204647064208984,0,True,14,33,True,117,32,2025-11-16 05:58:17
ba_64_1_7.txt,barabasi_albert_10ins_m20,51,SpecAnn,0.9639158979224881,1.0,-14432.000000000002,0.012266159057617188,0,True,14,33,True,118,32,2025-11-16 05:58:17
ba_64_1_7.txt,barabasi_albert_10ins_m20,51,SpecAnn,0.9679916704268421,1.0,-14343.999999999998,0.012258768081665039,0,True,14,33,True,119,32,2025-11-16 05:58:17
ba_64_1_7.txt,barabasi_albert_10ins_m20,51,SpecAnn,0.9720503535125017,1.0,-14343.999999999998,0.01215362548828125,0,True,14,33,True,120,32,2025-11-16 05:58:17
ba_64_1_7.txt,barabasi_albert_10ins_m20,51,SpecAnn,0.9760921603577252,1.0,-14343.999999999998,0.012169361114501953,0,True,14,33,True,121,32,2025-11-16 05:58:17
ba_64_1_7.txt,barabasi_albert_10ins_m20,51,SpecAnn,0.9801172997452103,1.0,-14343.999999999998,0.012232780456542969,0,True,14,33,True,122,32,2025-11-16 05:58:17
ba_64_1_7.txt,barabasi_albert_10ins_m20,51,SpecAnn,0.9841259761879442,1.0,-14343.999999999998,0.012172698974609375,0,True,14,33,True,123,32,2025-11-16 05:58:17
ba_64_1_7.txt,barabasi_albert_10ins_m20,51,SpecAnn,0.9881183900504562,1.0,-14343.999999999998,0.012179851531982422,0,True,14,33,True,124,32,2025-11-16 05:58:17
ba_64_1_7.txt,barabasi_albert_10ins_m20,51,SpecAnn,0.9920947376656813,1.0,-14343.999999999998,0.01220250129699707,0,True,14,33,True,125,32,2025-11-16 05:58:17
ba_64_1_7.txt,barabasi_albert_10ins_m20,51,SpecAnn,0.9960552114476228,1.0,-14343.999999999998,0.012235164642333984,0,True,14,33,True,126,32,2025-11-16 05:58:17
ba_64_1_7.txt,barabasi_albert_10ins_m20,51,SpecAnn,1.0,1.0,-14343.999999999998,0.012346982955932617,0,True,14,33,True,127,32,2025-11-16 05:58:17
